﻿<xml><article id="44732964" name="DOU_0876_2024_01A Aditivo" idOficio="11153832" pubName="DO3" artType="Extrato de Termo Aditivo" pubDate="01/08/2025" artClass="00075:00015:00450:00000:00000:00000:00000:00000:00000:00000:00053:00000" artCategory="Prefeituras/Estado do Paraná/Prefeitura Municipal de Toledo" artSize="12" artNotes="" numberPage="305" pdfPage="http://pesquisa.in.gov.br/imprensa/jsp/visualiza/index.jsp?data=01/08/2025&amp;jornal=530&amp;pagina=305" editionNumber="144" highlightType="" highlightPriority="" highlight="" highlightimage="" highlightimagename="" idMateria="22885822">
  <body>
    <Identifica><![CDATA[EXTRATO DE  TERMO ADITIVO]]></Identifica>
    <Data><![CDATA[]]></Data>
    <Ementa />
    <Titulo />
    <SubTitulo />
    <Texto><![CDATA[<p class="identifica">EXTRATO DE TERMO ADITIVO</p><p>Espécie: 1º TERMO ADITIVO AO CONTRATO Nº 876/2024</p><p>CONTRATANTE: MUNICIPIO DE TOLEDO</p><p>CONTRATADA: METALURGICA DANTOL LTDA</p><p>OBJETO: CLÁUSULA PRIMEIRA - DO OBJETO: Pelo presente Termo Aditivo fica reajustado em 6,54%, com base nos dados do INCC (Índice Nacional de Custo de Construção), o valor do saldo remanescente do contrato nos moldes constantes do parecer técnico e do memorial de cálculo acostado aos autos (fls. 3113-3131), acrescendo em R$ 233.729,83 (duzentos e trinta e três mil, setecentos e vinte e nove reais e oitenta e três centavos). O valor global do contrato passa a ser de R$ 3.807.593,83 (três milhões, oitocentos e sete mil, quinhentos e noventa e três reais e oitenta e três centavos). Termo aditivo firmado em 17 de junho de 2025, oriundo da Concorrência Eletrônica nº 05/2024.</p><p>DATA DE ASSINATURA: 17 de junho de 2025.</p>]]></Texto>
  </body>
  <Midias />
</article></xml>