﻿<xml><article id="44721325" name="AVISO DE PE 006.2025 - DOU" idOficio="11183784" pubName="DO3" artType="Aviso de Licitação-Pregão" pubDate="01/08/2025" artClass="00075:00018:00040:00000:00000:00000:00000:00000:00000:00000:00162:00000" artCategory="Prefeituras/Estado do Rio Grande do Norte/Prefeitura Municipal de Coronel Ezequiel" artSize="12" artNotes="" numberPage="310" pdfPage="http://pesquisa.in.gov.br/imprensa/jsp/visualiza/index.jsp?data=01/08/2025&amp;jornal=530&amp;pagina=310" editionNumber="144" highlightType="" highlightPriority="" highlight="" highlightimage="" highlightimagename="" idMateria="22936426">
  <body>
    <Identifica><![CDATA[ AVISO DE LICITAÇÃO ]]></Identifica>
    <Data><![CDATA[ Coronel Ezequiel - RN, 30 de julho de 2025.]]></Data>
    <Ementa />
    <Titulo />
    <SubTitulo />
    <Texto><![CDATA[<p class="identifica">AVISO DE LICITAÇÃO</p><p class="identifica">PREGÃO ELETRÔNICO Nº 6/2025 - SRP</p><p>O Pregoeiro do município de Coronel Ezequiel/RN, torna público que se encontra aberta licitação - Pregão Eletrônico Nº 006/2025, objetivando o Registro de Preços para contratação de empresa especializada na prestação de serviços técnicos especializado de medicina integrativa na área de Pediatria com disponibilização de ferramentas de coleta, tratamento e armazenamento de dados e suporte de Business Intelligence (BI) no município de Coronel Ezequiel/RN. A sessão pública eletrônica será a partir das 08:31 horas (horário de Brasília-DF) do dia 15/08/2025, através do site www.portaldecompraspublicas.com.br. O edital na íntegra está à disposição dos interessados na sede da Prefeitura, situada à Rua João Antunes Sobrinho, 165, centro, e/ou endereços eletrônicos www.portaldecompraspublicas.com.br, https://www.gov.br/pncp/pt-br (Portal Nacional de Contratações Públicas) e www.coronelezequiel.rn.gov.br.</p><p class="data">Coronel Ezequiel - RN, 30 de julho de 2025.</p><p class="assina">CAIO VLADMIR SILVA DE SOUZA</p><p class="cargo">Pregoeiro</p>]]></Texto>
  </body>
  <Midias />
</article></xml>