﻿<xml><article id="44719725" name="14 - Dra. Roberta Julie Souza de" idOficio="11155037" pubName="DO3" artType="Edital de Citação" pubDate="01/08/2025" artClass="00071:00347:00000:00000:00000:00000:00000:00000:00000:00000:00057:00000" artCategory="Entidades de Fiscalização do Exercício das Profissões Liberais/Conselho Regional de Fisioterapia e Terapia Ocupacional da 3ª Região" artSize="12" artNotes="" numberPage="216" pdfPage="http://pesquisa.in.gov.br/imprensa/jsp/visualiza/index.jsp?data=01/08/2025&amp;jornal=530&amp;pagina=216" editionNumber="144" highlightType="" highlightPriority="" highlight="" highlightimage="" highlightimagename="" idMateria="22887624">
  <body>
    <Identifica><![CDATA[ EDITAL DE CITAÇÃO N° 14/2025 ]]></Identifica>
    <Data><![CDATA[]]></Data>
    <Ementa />
    <Titulo />
    <SubTitulo />
    <Texto><![CDATA[<p class="identifica">EDITAL DE CITAÇÃO N° 14/2025</p><p class="identifica">(Com prazo de 10 dias)</p><p>PROCESSO ÉTICO-DISCIPLINAR Nº: 55/2025</p><p>REPRESENTADA: Dra. ROBERTA JULIE SOUZA DE LEMOS, CREFITO-3/21190-TO</p><p>FINALIDADE: CITAR a representada, Dra. ROBERTA JULIE SOUZA DE LEMOS, CREFITO-3/21190-TO, atualmente em lugar incerto e não sabido, para, no prazo de 10 (dez) dias a contar desta publicação, apresentar defesa nos autos do processo ético-disciplinar em epígrafe, nos termos da Resolução COFFITO nº 423/2013, podendo, caso queira, constituir advogado que a represente. O processo está disponível para consulta online, entre em contato através do e-mail: defesa@crefito3.org.br. Decorrido o prazo sem apresentação de defesa, será V. Sa. declarada revel.</p><p>SEDE DO CREFITO-3: Rua Cincinato Braga, 277 - Bela Vista - CEP: 01333-011 - São Paulo - SP - TEL: (11) 3252-2284</p><p class="assina">Dra. Ana Raquel da Silveira</p><p class="cargo">Instrutora</p>]]></Texto>
  </body>
  <Midias />
</article></xml>