﻿<xml><article id="44732754" name="DOU_PE_010_2025_Termo de Homolog" idOficio="11155027" pubName="DO3" artType="Aviso de Homologação" pubDate="01/08/2025" artClass="00075:00015:00450:00000:00000:00000:00000:00000:00000:00000:00075:00000" artCategory="Prefeituras/Estado do Paraná/Prefeitura Municipal de Toledo" artSize="12" artNotes="" numberPage="305" pdfPage="http://pesquisa.in.gov.br/imprensa/jsp/visualiza/index.jsp?data=01/08/2025&amp;jornal=530&amp;pagina=305" editionNumber="144" highlightType="" highlightPriority="" highlight="" highlightimage="" highlightimagename="" idMateria="22887596">
  <body>
    <Identifica><![CDATA[AVISO DE HOMOLOGAÇÃO  ]]></Identifica>
    <Data><![CDATA[Em 4 de junho de 2025.]]></Data>
    <Ementa />
    <Titulo />
    <SubTitulo />
    <Texto><![CDATA[<p class="identifica">AVISO DE HOMOLOGAÇÃO</p><p class="identifica">PREGÃO ELETRÔNICO Nº 10/2025</p><p>OBJETO: Considerando a decisão da comissão julgadora; considerando, que segundo o parecer da Assessoria Jurídica o processo tramitou e seguiu os ditames da legislação pertinente, homologo o resultado da licitação na modalidade de PREGÃO ELETRÔNICO Nº 10/2025, cujo objeto é o Registro de Preços, pelo período de 12 (doze) meses, para eventual aquisição de produtos roupas, calçados, roupas de cama, mesa e banho, colchões, cobertores, uniformes escolares e demais itens a serem utilizados pelas crianças e adolescentes acolhidos nas Casas Abrigo e por pessoas em situação de rua - PSR e pessoas com deficiência - PCDs do Município de Toledo/PR. Serão utilizados recursos do cofinanciamento Federal do Sistema Único de Assistência Social SUAS conforme regulamenta a Portaria MDS nº 1.043 de 24/12/2024 e cofinanciamento Estadual conforme Deliberação CEAS nº 59 de 01/09/2023. GABINETE DO PREFEITO DO MUNICÍPIO DE TOLEDO.</p><p class="data">Em 4 de junho de 2025.</p><p class="assina">MARIO CESAR COSTENARO</p><p class="cargo">Prefeito</p>]]></Texto>
  </body>
  <Midias />
</article></xml>