﻿<xml><article id="44719001" name="EXTRATO_TERMO_ADITIVO_03_VALOR_C" idOficio="11182569" pubName="DO3" artType="Aviso" pubDate="01/08/2025" artClass="00075:00014:00117:00000:00000:00000:00000:00000:00000:00000:00106:00000" artCategory="Prefeituras/Estado da Paraíba/Prefeitura Municipal de João Pessoa" artSize="12" artNotes="" numberPage="293" pdfPage="http://pesquisa.in.gov.br/imprensa/jsp/visualiza/index.jsp?data=01/08/2025&amp;jornal=530&amp;pagina=293" editionNumber="144" highlightType="" highlightPriority="" highlight="" highlightimage="" highlightimagename="" idMateria="22934359">
  <body>
    <Identifica><![CDATA[  EXTRATO DE TERMO ADITIVO]]></Identifica>
    <Data><![CDATA[]]></Data>
    <Ementa />
    <Titulo />
    <SubTitulo />
    <Texto><![CDATA[<p class="identifica">EXTRATO DE TERMO ADITIVO</p><p>EXTRATO DO TERMO ADITIVO N° 03 AO CONTRATO Nº 2.008/2023 UEP/SEGGOV</p><p>PARTES: CONTRATANTE - MUNICÍPIO DE JOÃO PESSOA, REPRESENTADO PELO SECRETÁRIO DE GESTÃO GOVERNAMENTAL DO MUNICÍPIO DE JOÃO PESSOA/PB.</p><p>CNPJ - 08.778.326/0001-56</p><p>CONTRATADO - CONSTRUTORA LITORAL LTDA</p><p>CNPJ - 02.909.693/0001- 65</p><p>PROCESSO: Processo Administrativo nº 3.992/2023, Processo Administrativo nº 12.462/2023 e Ofício (externo) 3.094/2025</p><p>LICITAÇÃO: Licitação Pública Nacional nº 82002/2022</p><p>OBJETO: ADITIVO DE VALOR AO CONTRATO N° 02.008/2023/UEP/SEGGOV</p><p>CLÁUSULAS ALTERADAS: Valor Global</p><p>PRAZO EXECUÇÃO: 29 meses</p><p>PRAZO VIGÊNCIA CONTRATUAL: 31 meses</p><p>VALOR GLOBAL DO CONTRATO: R$ 19.081.550,95 (dezenove milhões oitenta e um mil quinhentos e cinquenta reais e noventa e cinco centavos).</p><p>DOTAÇÃO ORÇAMENTÁRIA:</p><p>Classificação Funcional: 71.103.16.482.5552.711617- PLANEJAMENTO E DESENVOLVIMENTO URBANO</p><p>Elemento de Despesa: 4.4.90.51</p><p>Fonte de recursos: 754 e 500</p><p>FUNDAMENTO LEGAL: Art. 57 e 58 da Lei nº 8666/1993, GN 2350-15, Regulamento Operacional do Programa, Contrato de Empréstimo n° 4444/OC-BR e demais legislações que regem o Programa João Pessoa Sustentável.</p><p>João Pessoa, data da assinatura eletrônica. Vaulene de Lima Rodrigues; Coordenadora-Geral da Unidade Executora do Programa João Pessoa Sustentável; Rougger Xavier Guerra Junior; Secretário da Gestão Governamental do Município de João Pessoa/PB; Contratante</p>]]></Texto>
  </body>
  <Midias />
</article></xml>