﻿<xml><article id="44719842" name="AVISO DE PRORROGACAO DE PRAZO - " idOficio="11178477" pubName="DO3" artType="Aviso de Prorrogação" pubDate="01/08/2025" artClass="00074:00002:00009:00000:00000:00000:00000:00000:00000:00000:00083:00000" artCategory="Governo do Estado/Governo do Estado do Acre/Secretaria de Estado da Gestão Administrativa" artSize="12" artNotes="" numberPage="232" pdfPage="http://pesquisa.in.gov.br/imprensa/jsp/visualiza/index.jsp?data=01/08/2025&amp;jornal=530&amp;pagina=232" editionNumber="144" highlightType="" highlightPriority="" highlight="" highlightimage="" highlightimagename="" idMateria="22926770">
  <body>
    <Identifica><![CDATA[ AVISO DE PRORROGAÇÃO  ]]></Identifica>
    <Data><![CDATA[ Rio Branco-AC, 29 de Julho de 2025.]]></Data>
    <Ementa />
    <Titulo />
    <SubTitulo />
    <Texto><![CDATA[<p></p><p class="identifica">AVISO DE PRORROGAÇÃO</p><p class="identifica">PREGÃO ELETRÔNICO srp Nº 262/2025 - COMPRASGOV Nº 90262/2025 - EMATER</p><p>SEI Nº 0035.010277.00033/2025-13</p><p>Objeto: Aquisição de máquinas e equipamentos para a EMATER-Acre que visa fortalecer a infraestrutura de produção da cadeia de horticultura, beneficiando os produtores da agricultura familiar.</p><p>A DIVISÃO DE PREGÃO comunica aos interessados que fica prorrogada, a data de abertura do Processo Licitatório acima mencionado, para o dia 15/08/2025 às 09h15min (Horário de</p><p>Brasília), publicado no Diário Oficial do Estado, no Diário Oficial da União Seção 3 e nos sites: www.licitacao.ac.gov.br e www.comprasnet.gov.br , UASG: 927996, em razão de Retificação.</p><p class="data">Rio Branco-AC, 29 de Julho de 2025.</p><p class="assina">Mário Jorge Moraes de Oliveira</p><p class="cargo">Pregoeiro</p>]]></Texto>
  </body>
  <Midias />
</article></xml>