﻿<xml><article id="44722139" name="Extrato de Contrato 088-2025" idOficio="11184381" pubName="DO3" artType="Extrato de Contrato" pubDate="01/08/2025" artClass="00075:00024:00279:00000:00000:00000:00000:00000:00000:00000:00030:00000" artCategory="Prefeituras/Estado de São Paulo/Prefeitura Municipal da Estância Turística de Tupã" artSize="12" artNotes="" numberPage="323" pdfPage="http://pesquisa.in.gov.br/imprensa/jsp/visualiza/index.jsp?data=01/08/2025&amp;jornal=530&amp;pagina=323" editionNumber="144" highlightType="" highlightPriority="" highlight="" highlightimage="" highlightimagename="" idMateria="22937256">
  <body>
    <Identifica><![CDATA[ EXTRATO DE CONTRATO Nº  88/2025 ]]></Identifica>
    <Data><![CDATA[]]></Data>
    <Ementa />
    <Titulo />
    <SubTitulo />
    <Texto><![CDATA[<p class="identifica">EXTRATO DE CONTRATO Nº 88/2025</p><p>Processo Licitatório nº 154/2025 - Modalidade: Concorrência Eletrônica N.º 005/2025. CONTRATANTE: MUNICÍPIO DE TUPÃ. CONTRATADA: MANA PARTICIPAÇÕES E OBRAS LTDA. OBJETO: CONTRATAÇÃO DE EMPRESA ESPECIALIZADA NO RAMO DE ARQUITETURA OU ENGENHARIA CIVIL PARA CONSTRUÇÃO DE ESCOLA PADRÃO FNDE 5 SALAS DE AULA, NO MUNICÍPIO DE TUPÃ-SP, COM FORNECIMENTO DE MATERIAIS, EQUIPAMENTOS E MÃO DE OBRA, COM RECURSO FEDERAL ORIUNDO DO TERMO DE COMPROMISSO Nº 958392/2024/FNDE/CAIXA, POR INTERMÉDIO DO FUNDO NACIONAL DE DESENVOLVIMENTO DA EDUCAÇÃO. VALOR: R$ 6.000.000,00. ASSINATURA: 23/07/2025. VIGÊNCIA: 24 meses, a partir da data assinatura.</p><p></p>]]></Texto>
  </body>
  <Midias />
</article></xml>