﻿<xml><article id="44724671" name="PE 57-2025=Resultado-Rich Text" idOficio="11184270" pubName="DO3" artType="Resultado de Julgamento de Licitação" pubDate="01/08/2025" artClass="00075:00008:00208:00001:00000:00000:00000:00000:00000:00000:00158:00000" artCategory="Prefeituras/Estado de Goiás/Prefeitura Municipal de Morrinhos/FUNDO MUNICIPAL DE SAÚDE DE MORRINHOS" artSize="12" artNotes="" numberPage="258" pdfPage="http://pesquisa.in.gov.br/imprensa/jsp/visualiza/index.jsp?data=01/08/2025&amp;jornal=530&amp;pagina=258" editionNumber="144" highlightType="" highlightPriority="" highlight="" highlightimage="" highlightimagename="" idMateria="22937091">
  <body>
    <Identifica><![CDATA[ RESULTADO DE JULGAMENTO ]]></Identifica>
    <Data><![CDATA[Morrinhos, 30 de julho de 2025.]]></Data>
    <Ementa />
    <Titulo />
    <SubTitulo />
    <Texto><![CDATA[<p class="identifica">RESULTADO DE JULGAMENTO</p><p class="identifica">Pregão Eletrônico N° 57/2025</p><p>A Prefeitura Municipal de Morrinhos, através da Secretaria Municipal de Saúde, torna público o resultado do Pregão Eletrônico N° 57/2025, sendo vencedoras as seguintes empresas: MEGA CLIMA ENGENHARIA TERMICA LTDA; GMS GOIAS MERCANTIL ESOLUCOES LTDA.</p><p class="data">Morrinhos, 30 de julho de 2025.</p><p class="assina">Ana Paula Amaro da Silva</p><p class="cargo">Agente de Contratação</p>]]></Texto>
  </body>
  <Midias />
</article></xml>