﻿<xml><article id="44740605" name="2025-07-27/11169598/COMPRASNETWS" idOficio="11169598" pubName="DO3" artType="Extrato de Termo Aditivo" pubDate="01/08/2025" artClass="00025:00082:00000:00000:00000:00000:00000:00000:00000:00000:00053:00001" artCategory="Ministério da Educação/Instituto Federal de Educação, Ciência e Tecnologia de Santa Catarina" artSize="12" artNotes="" numberPage="49" pdfPage="http://pesquisa.in.gov.br/imprensa/jsp/visualiza/index.jsp?data=01/08/2025&amp;jornal=530&amp;pagina=49" editionNumber="144" highlightType="" highlightPriority="" highlight="" highlightimage="" highlightimagename="" idMateria="22913893">
  <body>
    <Identifica><![CDATA[ EXTRATO DE TERMO ADITIVO Nº 1/2025 - UASG 158516]]></Identifica>
    <Data><![CDATA[]]></Data>
    <Ementa />
    <Titulo />
    <SubTitulo />
    <Texto><![CDATA[<p class="identifica">EXTRATO DE TERMO ADITIVO Nº 1/2025 - UASG 158516</p><p>Número do Contrato: 3/2023.</p><p>Nº Processo: 23292.018008/2022-73.</p><p>Pregão. Nº 21100/2022. Contratante: INST.FED.DE EDUC.,CIENC.E TEC.DE STA.CAT/IFSC. Contratado: 00.482.840/0001-38 - LIDERANCA LIMPEZA E CONSERVACAO LTDA. Objeto: Prorrogação de prazo.. Vigência: 16/07/2025 a 16/01/2026. Valor Total Atualizado do Contrato: R$ 348.490,20. Data de Assinatura: 16/07/2025.</p><p>(COMPRASNET 4.0 - 16/07/2025).</p>]]></Texto>
  </body>
  <Midias />
</article></xml>