﻿<xml><article id="44723504" name="AVISO LICITACAO" idOficio="11184677" pubName="DO3" artType="Aviso de Licitação" pubDate="01/08/2025" artClass="00074:00018:00069:00000:00000:00000:00000:00000:00000:00000:00078:00000" artCategory="Governo do Estado/Governo do Estado do Piauí/SECRETARIA DA ASSISTÊNCIA TÉCNICA E DEFESA AGROPECUÁRIA" artSize="12" artNotes="" numberPage="235" pdfPage="http://pesquisa.in.gov.br/imprensa/jsp/visualiza/index.jsp?data=01/08/2025&amp;jornal=530&amp;pagina=235" editionNumber="144" highlightType="" highlightPriority="" highlight="" highlightimage="" highlightimagename="" idMateria="22937612">
  <body>
    <Identifica><![CDATA[ AVISO DE LICITAÇÃO Nº 2 ]]></Identifica>
    <Data><![CDATA[ Teresina (PI), 30 de julho de 2025.]]></Data>
    <Ementa />
    <Titulo />
    <SubTitulo />
    <Texto><![CDATA[<p class="identifica">AVISO DE LICITAÇÃO Nº 2</p><p class="identifica">CONCORRÊNCIA ELETRÔNICA nº 1/2025</p><p>TIPO DE LICITAÇÃO MENOR PREÇO</p><p>SECRETARIA DA ASSISTÊNCIA TÉCNICA E DEFESA AGROPECUÁRIA (PI)</p><p>PROCESSO SEI 00240.003063/2024-71</p><p>Resumo do Objeto: Contratação de empresa para o Obra para implantação de 6.578,32 m² de pavimentação em paralelepípedo no município de ALTOS - PI. Local em que os interessados poderão ter acesso ao texto integral do edital: https://www.tce.pi.gov.br/https://portal.pi.gov.br/sada/https://www.gov.br/compras/pt-brNa CPL localizada na sede da Secretaria no endereço Rua João Cabral, nº 2319, Bairro Pirajá, CEP: 64.002-150, Teresina-PI. Data de abertura e entrega das propostas: Às 11 (onze) horas (horário de Brasília-DF) do dia 19 de AGOSTO de 2025.Valor global: R$ 1.274.000,00 (um milhão duzentos e setenta e quatro mil reais).</p><p class="data">Teresina (PI), 30 de julho de 2025.</p><p class="assina">Fabio Abreu Costa</p><p class="cargo">Secretário</p><p class="assina">Ana Beatriz Borges Oliveira</p><p class="cargo">Agente de contratação</p>]]></Texto>
  </body>
  <Midias />
</article></xml>