﻿<xml><article id="44720619" name="AVISO DOU - PE 048" idOficio="11173128" pubName="DO3" artType="Aviso de Licitação-Pregão" pubDate="01/08/2025" artClass="00075:00011:00036:00000:00000:00000:00000:00000:00000:00000:00162:00000" artCategory="Prefeituras/Estado do Mato Grosso do Sul/Prefeitura Municipal de Chapadão do Sul" artSize="12" artNotes="" numberPage="268" pdfPage="http://pesquisa.in.gov.br/imprensa/jsp/visualiza/index.jsp?data=01/08/2025&amp;jornal=530&amp;pagina=268" editionNumber="144" highlightType="" highlightPriority="" highlight="" highlightimage="" highlightimagename="" idMateria="22919102">
  <body>
    <Identifica><![CDATA[ AVISO DE LICITAÇÃO ]]></Identifica>
    <Data><![CDATA[ Chapadão do Sul (MS), 28 de julho de 2025.]]></Data>
    <Ementa />
    <Titulo />
    <SubTitulo />
    <Texto><![CDATA[<p class="identifica">AVISO DE LICITAÇÃO</p><p class="identifica">PREGÃO ELETRÔNICO Nº 48/2025</p><p>PROCESSO Nº 166/2025</p><p>O MUNICÍPIO DE CHAPADÃO DO SUL, Estado de Mato Grosso do Sul, por intermédio da pregoeira designada através da portaria 677/2025, em atenção ao teor dos arts. 53 a 55 da Lei nº 14.133/2021, torna público aos interessados, que promoverá Licitação na modalidade: PREGÃO ELETRÔNICO, do tipo "MENOR PREÇO POR ITEM", visando o Registro de Preços para futura aquisição futura de equipamentos e materiais permanentes hospitalares, visando estruturar o ESF Esplanada e demais estabelecimentos de atendimento em saúde, em atendimento ao Fundo Municipal de Saúde.</p><p>Código Registro Informação: D57A31A38AF96C0FFF0BDC0C841B0F719F633668.</p><p>Data do Credenciamento, e Realização do Pregão: O recebimento das propostas de preços e habilitação ocorrerão no dia 18 de agosto de 2025, às 09:00 (nove) horas (BR), através do site bll.org.br</p><p>O Edital poderá ser retirado junto ao Departamento de Licitações e pelo e-mail: licita.chapadao@outlook.com</p><p class="data">Chapadão do Sul (MS), 28 de julho de 2025.</p><p class="assina">JOCELI DE SOUZA MOREIRA</p><p class="cargo">Pregoeira</p>]]></Texto>
  </body>
  <Midias />
</article></xml>