﻿<xml><article id="44732880" name="DOU_0235_2020_15A Aditivo" idOficio="11153557" pubName="DO3" artType="Extrato de Termo Aditivo" pubDate="01/08/2025" artClass="00075:00015:00450:00000:00000:00000:00000:00000:00000:00000:00053:00000" artCategory="Prefeituras/Estado do Paraná/Prefeitura Municipal de Toledo" artSize="12" artNotes="" numberPage="302" pdfPage="http://pesquisa.in.gov.br/imprensa/jsp/visualiza/index.jsp?data=01/08/2025&amp;jornal=530&amp;pagina=302" editionNumber="144" highlightType="" highlightPriority="" highlight="" highlightimage="" highlightimagename="" idMateria="22885523">
  <body>
    <Identifica><![CDATA[EXTRATO DE TERMO ADITIVO ]]></Identifica>
    <Data><![CDATA[]]></Data>
    <Ementa />
    <Titulo />
    <SubTitulo />
    <Texto><![CDATA[<p class="identifica">EXTRATO DE TERMO ADITIVO</p><p>Espécie: 15º TERMO ADITIVO AO CONTRATO Nº 235/2020</p><p>CONTRATANTE: MUNICIPIO DE TOLEDO</p><p>CONTRATADA: M.N. TRANSPORTES LTDA ME</p><p>OBJETO: CLÁUSULA PRIMEIRA - DO OBJETO: O presente termo aditivo tem por objeto a prorrogação excepcional do prazo de execução do contrato até 18/12/2025. Por consequência, fica prorrogado o prazo de vigência do contrato até 29/01/2026. Tudo com amparo legal no artigo 57, inciso II, § 4º da Lei nº 8.666/1993. CLÁUSULA SEGUNDA - DA RESCISÃO: O contrato poderá ser rescindido pela Contratante a qualquer momento após a conclusão de nova contratação para prestação dos serviços que compõem o objeto do contrato, sem ônus para as partes, mediante comunicação prévia da Administração com 30 (trinta) dias corridos de antecedência. Termo aditivo firmado em 03 de junho de 2025, oriundo do processo licitatório na modalidade Pregão Presencial nº 263/2019.</p><p>DATA DE ASSINATURA: 3 de junho de 2025.</p>]]></Texto>
  </body>
  <Midias />
</article></xml>