﻿<xml><article id="44725367" name="Contrato 115-2025 - PE 90040-202" idOficio="11181877" pubName="DO3" artType="Ato" pubDate="01/08/2025" artClass="00075:00012:00530:00000:00000:00000:00000:00000:00000:00000:00171:00000" artCategory="Prefeituras/Estado de Minas Gerais/Prefeitura Municipal de Itabirito" artSize="12" artNotes="" numberPage="273" pdfPage="http://pesquisa.in.gov.br/imprensa/jsp/visualiza/index.jsp?data=01/08/2025&amp;jornal=530&amp;pagina=273" editionNumber="144" highlightType="" highlightPriority="" highlight="" highlightimage="" highlightimagename="" idMateria="22932373">
  <body>
    <Identifica><![CDATA[  EXTRATO DE CONTRATO Nº 115/2025  ]]></Identifica>
    <Data><![CDATA[]]></Data>
    <Ementa />
    <Titulo />
    <SubTitulo />
    <Texto><![CDATA[<p></p><p class="identifica">EXTRATO DE CONTRATO Nº 115/2025</p><p>PE 90040/2025 - PL 140/2025. Objeto: Contratação de empresa para prestação de serviço para manutenção preventiva mensal e corretiva e atendimento emergencial 24 horas, destinada a 02 (dois) elevadores, sendo 01 (um) elevador modelo plataforma para deficientes 2 (duas) paradas. Fabricante VERTILINE ELEVADORES série PH 02-210, instalado na UBS (Unidade Básica de Saúde) São José, e 01 (um) elevador modelo plataforma para deficientes 03 (três) paradas. Contratada: J W E Elevadores Ltda-ME - CNPJ: 21.456.320/0001-20 - Valor Total: R$ 8.160,00 - Vigência: 12 meses</p>]]></Texto>
  </body>
  <Midias />
</article></xml>