﻿<xml><article id="44720334" name="Aviso Pregao 41-2025" idOficio="11160961" pubName="DO3" artType="Aviso de Licitação-Pregão" pubDate="01/08/2025" artClass="00075:00024:00331:00000:00000:00000:00000:00000:00000:00000:00162:00000" artCategory="Prefeituras/Estado de São Paulo/Prefeitura Municipal de Hortolândia" artSize="12" artNotes="" numberPage="324" pdfPage="http://pesquisa.in.gov.br/imprensa/jsp/visualiza/index.jsp?data=01/08/2025&amp;jornal=530&amp;pagina=324" editionNumber="144" highlightType="" highlightPriority="" highlight="" highlightimage="" highlightimagename="" idMateria="22897202">
  <body>
    <Identifica><![CDATA[ Aviso]]></Identifica>
    <Data><![CDATA[ Hortolândia, 21 de julho de 2025.]]></Data>
    <Ementa />
    <Titulo />
    <SubTitulo />
    <Texto><![CDATA[<p class="identifica">Aviso</p><p>O Município de Hortolândia informa a reabertura do 41/2025. Edital 48/2025, PMH 90808/2025. Objeto: Materiais de consumo, expediente e suprimentos. SESSÃO 18/08/2025. O Edital está disponível no site da Prefeitura: www.hortolandia.sp.gov.br.</p><p class="data">Hortolândia, 21 de julho de 2025.</p><p class="assina">Ieda M de Oliveira</p><p class="cargo">Secretaria Municipal de Adm. e Gestão de Pessoal</p>]]></Texto>
  </body>
  <Midias />
</article></xml>