﻿<xml><article id="44722367" name="EXT. CTT - (PE 09-2025)" idOficio="11184295" pubName="DO3" artType="Extrato de Contrato" pubDate="01/08/2025" artClass="00075:00013:00114:00000:00000:00000:00000:00000:00000:00000:00030:00000" artCategory="Prefeituras/Estado do Pará/Prefeitura Municipal de Brejo Grande do Araguaia" artSize="12" artNotes="" numberPage="284" pdfPage="http://pesquisa.in.gov.br/imprensa/jsp/visualiza/index.jsp?data=01/08/2025&amp;jornal=530&amp;pagina=284" editionNumber="144" highlightType="" highlightPriority="" highlight="" highlightimage="" highlightimagename="" idMateria="22937139">
  <body>
    <Identifica><![CDATA[ EXTRATOs DE CONTRATOs]]></Identifica>
    <Data><![CDATA[]]></Data>
    <Ementa />
    <Titulo />
    <SubTitulo />
    <Texto><![CDATA[<p></p><p class="identifica">EXTRATOs DE CONTRATOs</p><p>PREGÃO ELETRÔNICO SRP Nº 9.2025-09 FME.</p><p>CONTRATO Nº 20250073. / CONTRATANTE: FUNDO MUN. DE EDUCAÇÃO. / VALOR: R$ 28.072,28. CONTRATADA: BR3 COMERCIO E DISTRIBUIÇÃO LTDA. / CNPJ: 46.700.625/0001-67 / VIGÊNCIA: 28/07/2025 a 27/07/2026. / ASSINATURA: 28/07/2025.</p><p>CONTRATO Nº 20250074. / CONTRATANTE: FUNDO MUN. DE EDUCAÇÃO. / VALOR: R$ 87.677,20. - CONTRATADA: C E LIMA SOLUÇÕES E SERVIÇOS LTDA. / CNPJ: 26.847.504/0001-35 / VIGÊNCIA: 23/07/2025 a 22/07/2026. / ASSINATURA: 23/07/2025. / OBJETO: Registro de preços para futura e eventual aquisição de utensílios para alimentação escolar, material esportivo, material para jardinagem, brinquedos e materiais de longo alcance (não estruturados), instrumentos musicais e equipamentos audiovisuais, conforme especificações e quantitativos constantes no edital, termo de referência e demais anexos, destinado a atender as necessidades da Secretaria Municipal de Educação do Município de Brejo Grande do Araguaia/PA, no âmbito do programa Escola em Tempo Integral - ETI, LEI Nº 14.640/2023.</p>]]></Texto>
  </body>
  <Midias />
</article></xml>