﻿<xml><article id="44718539" name="CCE 06 2025" idOficio="11173684" pubName="DO3" artType="Extrato de Contrato" pubDate="01/08/2025" artClass="00075:00019:00468:00000:00000:00000:00000:00000:00000:00000:00030:00000" artCategory="Prefeituras/Estado do Rio Grande do Sul/Prefeitura Municipal de São Borja" artSize="12" artNotes="" numberPage="314" pdfPage="http://pesquisa.in.gov.br/imprensa/jsp/visualiza/index.jsp?data=01/08/2025&amp;jornal=530&amp;pagina=314" editionNumber="144" highlightType="" highlightPriority="" highlight="" highlightimage="" highlightimagename="" idMateria="22919919">
  <body>
    <Identifica><![CDATA[ AVISO DE licitação]]></Identifica>
    <Data><![CDATA[ São Borja-RS, 28 de julho de 2025. ]]></Data>
    <Ementa />
    <Titulo />
    <SubTitulo />
    <Texto><![CDATA[<p class="identifica">AVISO DE licitação</p><p class="identifica">Concorrência Pública n° 6/2025/CCE/SMPOP/DCL</p><p>Tipo: Menor Preço Global/Empreitada por preço global.</p><p>Contratação de empresa especializada para execução de 1.457,19m² de pavimentação em piso intertravado e colocação de 131,67 metros de meio-fio no pátio da EMEF Vicente Goulart, no município de São Borja/RS Data da sessão: 22/08/2025, às 08h30min. Informações, e cópia do Edital serão obtidas no e-mail licita@saoborja.rs.gov.br e no site: www.saoborja.rs.gov.br, ou pelo fone (55) 3431-9428.</p><p class="data">São Borja-RS, 28 de julho de 2025.</p><p class="assina">José Luiz Rodrigues Machado</p><p class="cargo">Prefeito</p>]]></Texto>
  </body>
  <Midias />
</article></xml>