﻿<xml><article id="44720052" name="EDITAL convocacao n1 - 01-08-202" idOficio="11169137" pubName="DO3" artType="Edital de Convocação" pubDate="01/08/2025" artClass="00071:00551:00000:00000:00000:00000:00000:00000:00000:00000:00058:12024" artCategory="Entidades de Fiscalização do Exercício das Profissões Liberais/Conselho Regional dos Representantes Comerciais no Estado do Rio de Janeiro" artSize="12" artNotes="" numberPage="219" pdfPage="http://pesquisa.in.gov.br/imprensa/jsp/visualiza/index.jsp?data=01/08/2025&amp;jornal=530&amp;pagina=219" editionNumber="144" highlightType="" highlightPriority="" highlight="" highlightimage="" highlightimagename="" idMateria="22913224">
  <body>
    <Identifica><![CDATA[ EDITAL  ]]></Identifica>
    <Data><![CDATA[ Rio de Janeiro/RJ,  31 de julho de 2025]]></Data>
    <Ementa />
    <Titulo />
    <SubTitulo />
    <Texto><![CDATA[<p class="identifica">EDITAL</p><p class="identifica">CONVOCAÇÃO de candidatos</p><p>CONCURSO PÚBLICO - EDITAL Nº 1/2024 do CORE-RJ</p><p>O Presidente do Conselho Regional dos Representantes Comerciais no Estado do Rio de Janeiro - CORE-RJ, no uso de suas atribuições legais, torna pública, a CONVOCAÇÃO dos seguintes candidatos aprovados no referido concurso público nº 01/2024 do CORE-RJ, a comparecerem em até 30 (trinta) dias, a contar da data desta publicação no DOU, na sede do CONSELHO REGIONAL DOS REPRESENTANTES COMERCIAIS NO ESTADO DO RIO DE JANEIRO - CORE-RJ, localizado na Avenida Graça Aranha, n° 416, 4°andar, Centro, Rio de Janeiro, Cep: 20030-001, no horário de 08:30 as 16:00 horas, objetivando sua contratação para o Cargo pretendido, munido de toda documentação constante no edital. Candidatos CONVOCADOS: Bruno Almeida de Carvalho, Inscrição nº 702.02665201/3, Cargo: Fiscal, Cota: AC; Guilherme da silva Vasconcelos, Inscrição nº 702.02704556/8, Cargo: Assistente Administrativo, Cota: AC; Matheus Fernandes do Nascimento, Inscrição nº 702.02698369/0, Cargo: Assistente Administrativo, Cota: AC; Carla de Oliveira Navarro, Inscrição nº 702.02704660/0, Cargo: Assistente Administrativo, Cota: AC; Marcelle Olímpio da Silva, Inscrição nº 702.02666794/8, Cargo: Assistente Administrativo, Cota: PPP; Daniel Peret de Uzeda, Inscrição nº 702.02660307/8, Cargo: Assistente Jurídico, Cota: AC e Gustavo de Lima Barreto, Inscrição nº 702.02694454/3, Cargo: Técnico de TI, Cota: AC. Ressaltamos que o não comparecimento no prazo determinado, implicara na perda do direito a vaga e na exclusão e desclassificação em caráter irrevogável e irretratável do Concurso Público.</p><p class="data">Rio de Janeiro/RJ, 31 de julho de 2025</p><p class="assina">Marcelo Martino e Silva</p><p class="cargo">Diretor-Presidente</p>]]></Texto>
  </body>
  <Midias />
</article></xml>