﻿<xml><article id="44723654" name="Errata a homologacao - concorren" idOficio="11167559" pubName="DO3" artType="Aviso de Retificação" pubDate="01/08/2025" artClass="00074:00018:00011:00000:00000:00000:00000:00000:00000:00000:00155:00000" artCategory="Governo do Estado/Governo do Estado do Piauí/SECRETARIA DA IRRIGAÇÃO E INFRAESTRUTURA HÍDRICA" artSize="12" artNotes="" numberPage="235" pdfPage="http://pesquisa.in.gov.br/imprensa/jsp/visualiza/index.jsp?data=01/08/2025&amp;jornal=530&amp;pagina=235" editionNumber="144" highlightType="" highlightPriority="" highlight="" highlightimage="" highlightimagename="" idMateria="22909599">
  <body>
    <Identifica><![CDATA[aviso de retificação ]]></Identifica>
    <Data><![CDATA[ Teresina, 25 de julho de 2025]]></Data>
    <Ementa />
    <Titulo />
    <SubTitulo />
    <Texto><![CDATA[<p class="identifica">aviso de retificação</p><p>Na publicação do TERMO DE HOMOLOGAÇÃO E ADJUDICAÇÃO DA CONCORRÊNCIA ELETRÔNICA Nº 23/2025, publicado no DOU - Seção 3, edição N° 131 do dia 15/07/2025, fls. 256 (ISSN 1677-7069) e no DOE nº 130/2024 (REF.16610) do dia 09/07/2025, fls. 178 e 179, ocorreu um erro formal quanto ao valor da proposta vencedora, nos seguintes termos: ONDE SE LÊ: Valor de R$ 709.305,72 (setecentos e nove mil, trezentos e cinco reais e setenta e dois centavos), LEIA-SE: Valor de R$ 709.305,75 (setecentos e nove mil, trezentos e cinco reais e setenta e cinco centavos).</p><p class="data">Teresina, 25 de julho de 2025</p><p class="assina">Firmino Soares Paulo</p><p class="cargo">Secretário da Irrigação e Infraestrutura Hídrica do Piauí</p>]]></Texto>
  </body>
  <Midias />
</article></xml>