﻿<xml><article id="44721424" name="PRC 166 - CO 004 - Pavimentacao " idOficio="11184429" pubName="DO3" artType="Aviso de Licitação" pubDate="01/08/2025" artClass="00075:00012:00498:00000:00000:00000:00000:00000:00000:00000:00078:00000" artCategory="Prefeituras/Estado de Minas Gerais/PREFEITURA MUNICIPAL DE IBIRACI" artSize="12" artNotes="" numberPage="273" pdfPage="http://pesquisa.in.gov.br/imprensa/jsp/visualiza/index.jsp?data=01/08/2025&amp;jornal=530&amp;pagina=273" editionNumber="144" highlightType="" highlightPriority="" highlight="" highlightimage="" highlightimagename="" idMateria="22937308">
  <body>
    <Identifica><![CDATA[ Aviso de Licitação]]></Identifica>
    <Data><![CDATA[ Ibiraci-MG, 30 de julho de 2025.]]></Data>
    <Ementa />
    <Titulo />
    <SubTitulo />
    <Texto><![CDATA[<p class="identifica">Aviso de Licitação</p><p class="identifica">Concorrência Eletrônica Nº 4/2025</p><p>Processo 0166/2025</p><p>A Prefeitura Municipal de Ibiraci, MG, através do Agente de Contratação torna público a realização de concorrência eletrônica. Critério de julgamento menor preço global. Objeto - Contratação de empresa especializada para execução de obra de pavimentação asfáltica na estrada rural da "mata", localizada no município de Ibiraci - convênio 1301000241/2025 - Seinfra (Secretaria de Estado de Infraestrutura, Mobilidade e Parcerias). Serão recebidas as propostas até as 08h30min do dia 15 de agosto de 2025, com início da disputa de lances às 09h00min do dia 15 de agosto de 2025. O Edital está à disposição dos interessados no Setor de Licitações, R: Seis de Abril, 912, e nos sites www.slicx.com.br e www.ibiraci.mg.gov.br. Informações (35) 3544-9700.</p><p class="data">Ibiraci-MG, 30 de julho de 2025.</p><p class="assina">Marcio Guilherme da Silva</p><p></p>]]></Texto>
  </body>
  <Midias />
</article></xml>