﻿<xml><article id="44720388" name="AVISO DE LICITACAO PREGAO 900182" idOficio="11184117" pubName="DO3" artType="Aviso de Licitação" pubDate="01/08/2025" artClass="00071:00241:00000:00000:00000:00000:00000:00000:00000:00000:00079:00000" artCategory="Entidades de Fiscalização do Exercício das Profissões Liberais/Conselho Regional de Enfermagem de Alagoas" artSize="12" artNotes="" numberPage="214" pdfPage="http://pesquisa.in.gov.br/imprensa/jsp/visualiza/index.jsp?data=01/08/2025&amp;jornal=530&amp;pagina=214" editionNumber="144" highlightType="" highlightPriority="" highlight="" highlightimage="" highlightimagename="" idMateria="22936911">
  <body>
    <Identifica><![CDATA[                                         AVISO DE LICITAÇÃO ]]></Identifica>
    <Data><![CDATA[]]></Data>
    <Ementa />
    <Titulo />
    <SubTitulo />
    <Texto><![CDATA[<p></p><p class="identifica">AVISO DE LICITAÇÃO</p><p class="identifica">Pregão eletrônico Nº 90018/2025</p><p>Contratante: 389321 (UASG), Órgão/Entidade: Conselho Regional de Enfermagem de Alagoas - COREN/AL, Processo Nº 00198.001647/2025-55, Contratação de prestação de serviços de locação de espaço físico, infraestrutura e alimentação por empresa especializada. A contratação visa à realização IV ENCONTRO ALAGOANO DE TÉCNICOS E AUXILIARES DE ENFERMAGEM DO ESTADO DE ALAGOAS, que será realizado em Maceió previsto para os dias 01,02 e 03 de outubro de 2025, Método de Disputa: aberto, Valor estimado: 329.761,48 (trezentos e vinte e nove mil setecentos e sessenta e um reais e quarenta e oito centavos), Acolhimento de propostas: à partir de 31/07/2025 às 08:00h, Abertura da sessão pública: 15/08/2025 às 09:00h, O certame será realizado por meio do sistema SIASG (sistema de realização do pregão), estando o edital disponível no endereço www.compras.gov.br.</p><p></p><p class="assina">Arthur Maia Paiva Junior</p><p class="cargo">Pregoeiro.</p>]]></Texto>
  </body>
  <Midias />
</article></xml>