﻿<xml><article id="44720634" name="Publicacao edital PE 20" idOficio="11173893" pubName="DO3" artType="Aviso de Licitação" pubDate="01/08/2025" artClass="00075:00024:00204:00000:00000:00000:00000:00000:00000:00000:00078:00000" artCategory="Prefeituras/Estado de São Paulo/PREFEITURA MUNICIPAL DE CORUMBATAI" artSize="12" artNotes="" numberPage="323" pdfPage="http://pesquisa.in.gov.br/imprensa/jsp/visualiza/index.jsp?data=01/08/2025&amp;jornal=530&amp;pagina=323" editionNumber="144" highlightType="" highlightPriority="" highlight="" highlightimage="" highlightimagename="" idMateria="22920168">
  <body>
    <Identifica><![CDATA[ AVISO DE LICITAÇÃO]]></Identifica>
    <Data><![CDATA[Corumbataí, 29 de julho de 2025. ]]></Data>
    <Ementa />
    <Titulo />
    <SubTitulo />
    <Texto><![CDATA[<p class="identifica">AVISO DE LICITAÇÃO</p><p class="identifica">PREGÃO ELETRÔNICO Nº 20/2025</p><p>PROCESSO Nº 82/2025</p><p>Acha-se aberto na Prefeitura Municipal de Corumbataí-SP, PREGÃO ELETRÔNICO- Nº 20/2025, do tipo menor preço, por empreitada de menor preço global por lote, objeto: Registro de preços visando a eventual e futura aquisição de bens móveis duráveis de primeira linha/qualidade, por fornecimento parcelado e a pedido, respeitando às necessidades e o interesse público, para atender a demanda da primeira etapa do programa municipal de adequação dos ambientes funcionais das unidades de ensino, conforme descrito no "Anexo I - Termo de Referência". Recebimento das propostas: 08/08/2025 até o dia 13/08/2025 às 08h59min. Abertura da proposta: 13/08/2025 às 09h00min. Início da disputa: 13/08/2025 às 09h30min Valor do Edital: Gratuito. O Edital e seus Anexos estarão disponíveis para retirada no horário comercial na Prefeitura Municipal de Corumbataí, sita à Rua 4, nº 147, Centro, Corumbataí-SP, mediante a apresentação de um Pen Drive, de boa qualidade, para gravação do respectivo edital, através do e-mail licitacao@corumbatai.sp.gov.br, devendo a empresa solicitante enviar os dados cadastrais, CNPJ, Inscrição Estadual, endereço completo, telefone e e-mail ou pelo site www.corumbatai.sp.gov.br com o respectivo preenchimento do comprovante de retirada do edital pelo site, visando a eventual e futura comunicação entre esta prefeitura e empresa.</p><p class="data">Corumbataí, 29 de julho de 2025.</p><p class="assina">João Batista Altarugio Filho</p><p class="cargo">Prefeito</p>]]></Texto>
  </body>
  <Midias />
</article></xml>