﻿<xml><article id="44729523" name="Extrato_de_Publicacao_CTR_35_202" idOficio="11168645" pubName="DO3" artType="Extrato de Contrato" pubDate="01/08/2025" artClass="00075:00023:00317:00000:00000:00000:00000:00000:00000:00000:00030:00000" artCategory="Prefeituras/Estado de Santa Catarina/Prefeitura Municipal de Tubarão" artSize="12" artNotes="" numberPage="321" pdfPage="http://pesquisa.in.gov.br/imprensa/jsp/visualiza/index.jsp?data=01/08/2025&amp;jornal=530&amp;pagina=321" editionNumber="144" highlightType="" highlightPriority="" highlight="" highlightimage="" highlightimagename="" idMateria="22911391">
  <body>
    <Identifica><![CDATA[  EXTRATO DE contrato]]></Identifica>
    <Data><![CDATA[]]></Data>
    <Ementa />
    <Titulo />
    <SubTitulo />
    <Texto><![CDATA[<p class="identifica">EXTRATO DE contrato</p><p>Contrato (termo inicial) nº: 35/2025</p><p>Processo nº: 7/2024 - Pregão Eletrônico nº: 4/2024</p><p>Homologação: 22/05/2024</p><p>Contratante: PREFEITURA MUNICIPAL DE TUBARÃO - 82.928.656/0001-33</p><p>Contratada: BRESSAN TERRAPLANAGEM LTDA - CNPJ n° 17.939.905/0001-24</p><p>Objeto: Registro de Preços, visando a contratação de empresa(s) para eventual fornecimento de Solo Residual para Lastreamento (Saibro) para utilização das demandas advinda do Município de Tubarão no que tange manutenção e conservação de vias públicas pela Secretaria de Infraestrutura e Secretaria Agricultura. Despesa: 64 - 3.3.90.00.00.00.00.00 APLICAÇÕES DIRETAS 1.708.0000.0040 CFEM</p><p>Valor: R$ 51.000,00</p><p>Vigência: 18/07/2025 até 18/07/2026</p><p>Data da Assinatura: 18/07/2025</p><p>Código registro TCE: 89FC3E0CEF16FCDCEAD0BC8248A7DEA6A15B4B8D</p>]]></Texto>
  </body>
  <Midias />
</article></xml>