﻿<xml><article id="44720448" name="AVI REG 7421 - 2025-01366" idOficio="11172681" pubName="DO3" artType="Aviso de Registro de Preços" pubDate="01/08/2025" artClass="00028:00049:00008:00000:00000:00000:00000:00000:00000:00000:00110:00000" artCategory="Ministério da Fazenda/Banco do Brasil S.A./Diretoria de Logística" artSize="12" artNotes="" numberPage="88" pdfPage="http://pesquisa.in.gov.br/imprensa/jsp/visualiza/index.jsp?data=01/08/2025&amp;jornal=530&amp;pagina=88" editionNumber="144" highlightType="" highlightPriority="" highlight="" highlightimage="" highlightimagename="" idMateria="22918198">
  <body>
    <Identifica><![CDATA[ AVISO DE REGISTRO DE PREÇOS]]></Identifica>
    <Data><![CDATA[]]></Data>
    <Ementa />
    <Titulo />
    <SubTitulo />
    <Texto><![CDATA[<p class="identifica">AVISO DE REGISTRO DE PREÇOS</p><p>LICITAÇÃO ELETRÔNICA 2025/01366 - (7421) CESUP CONTRATAÇÕES-SP, realizado por meio da Internet; OBJETO: Registro de preços para eventuais e futuras contratações de serviços comuns de engenharia, adequações prediais, incluindo os padrões VAREJO, ESTILO e ATACADO, com fornecimento de materiais, mão-de-obra e equipamentos, para atuação em Programas Corporativos, no regime de EMPREITADA POR PREÇO GLOBAL para cada uma das solicitações de serviços em dependências e/ou imóveis de interesse do Banco do Brasil em unidades Perfil C localizados no Estado de Minas Gerais, dividido em 4 lotes; RECEBIMENTO DAS PROPOSTAS: no endereço https://licitacoes-e.com.br, até 25/08/2025 às 10h30; OBTENÇÃO DO EDITAL: no endereço eletrônico acima por meio do número de licitação 1075706; Informações: cesupcompras.eng@bb.com.br.</p><p class="assina">Vinicius Barreto de Oliveira</p><p class="cargo">Responsável pela Licitação</p>]]></Texto>
  </body>
  <Midias />
</article></xml>