﻿<xml><article id="44732874" name="DOU_0452_2024_03A Aditivo" idOficio="11153557" pubName="DO3" artType="Extrato de Termo Aditivo" pubDate="01/08/2025" artClass="00075:00015:00450:00000:00000:00000:00000:00000:00000:00000:00053:00000" artCategory="Prefeituras/Estado do Paraná/Prefeitura Municipal de Toledo" artSize="12" artNotes="" numberPage="302" pdfPage="http://pesquisa.in.gov.br/imprensa/jsp/visualiza/index.jsp?data=01/08/2025&amp;jornal=530&amp;pagina=302" editionNumber="144" highlightType="" highlightPriority="" highlight="" highlightimage="" highlightimagename="" idMateria="22885518">
  <body>
    <Identifica><![CDATA[EXTRATO  DE TERMO ADITIVO]]></Identifica>
    <Data><![CDATA[]]></Data>
    <Ementa />
    <Titulo />
    <SubTitulo />
    <Texto><![CDATA[<p class="identifica">EXTRATO DE TERMO ADITIVO</p><p>Espécie: 3º TERMO ADITIVO A ATA DE REGISTRO DE PREÇOS Nº 452/2024</p><p>CONTRATANTE: MUNICIPIO DE TOLEDO</p><p>CONTRATADA: LIQUI ASSIS COMERCIO DE GAS LTDA</p><p>OBJETO: CLÁUSULA PRIMEIRA - DO OBJETO: O presente termo aditivo tem por objeto a prorrogação do prazo de vigência da Ata de Registro de Preços por mais 12 (doze) meses, contemplando o período de 17/06/2025 a 17/06/2026, com a renovação dos quantitativos originais. Tudo com amparo legal no artigo 84 da Lei nº 14.133/2021. Termo aditivo firmado em 04 de junho de 2025, oriundo da licitação na modalidade Pregão Eletrônico nº 57/2024.</p><p>DATA DE ASSINATURA: 4 de junho de 2025.</p>]]></Texto>
  </body>
  <Midias />
</article></xml>