﻿<xml><article id="44719469" name="AVISO DE LICITACAO C002-25" idOficio="11184435" pubName="DO3" artType="Aviso de Licitação" pubDate="01/08/2025" artClass="00075:00001:00023:00000:00000:00000:00000:00000:00000:00000:00079:00000" artCategory="Prefeituras/Estado do Acre/Prefeitura Municipal de Senador Guiomard" artSize="12" artNotes="" numberPage="237" pdfPage="http://pesquisa.in.gov.br/imprensa/jsp/visualiza/index.jsp?data=01/08/2025&amp;jornal=530&amp;pagina=237" editionNumber="144" highlightType="" highlightPriority="" highlight="" highlightimage="" highlightimagename="" idMateria="22937315">
  <body>
    <Identifica><![CDATA[ AVISO DE LICITAÇÃO]]></Identifica>
    <Data><![CDATA[ Senador Guiomard/AC, 29 de julho de 2025.]]></Data>
    <Ementa />
    <Titulo />
    <SubTitulo />
    <Texto><![CDATA[<p class="identifica">AVISO DE LICITAÇÃO</p><p class="identifica">CONCORRÊNCIA ELETRÔNICA Nº 2/2025</p><p>Objeto: Será objeto da presente licitação a Contratação de empresa especializada para Pavimentação Asfáltica em Via Urbana com drenagem e calçada no Município de Senador Guiomard/AC, conforme Convênio nº 949664/2023 - Ministério da Defesa.</p><p>Local de Retirada: Secretaria Municipal de Licitação e Contratos, sito Avenida Castelo Branco, nº 1900, Bairro: Centro, das 08:00 às 12:00 e das 14:00 às 17:00, Portal de Licitação do Tribunal de Contas do Estado do Acre ou através do e-mail: http://sistemas.tce.ac.gov.br/portaldaslicitacoes/; cplsenadorguiomard2019@gmail.com; https://www.senadorguiomard.ac.gov.br/licitacoes e www.licitanet.com.br.</p><p>Propostas: Serão recebidas até às 11:00hs (horário de Brasília) do dia 19/08/2025, quando terá início a disputa de preços no sistema eletrônico: www.licitanet.com.br.</p><p class="data">Senador Guiomard/AC, 29 de julho de 2025.</p><p class="assina">Luciano Gonçalves Brandão</p><p class="cargo">Agente de Contratação</p>]]></Texto>
  </body>
  <Midias />
</article></xml>