﻿<xml><article id="44721391" name="PUBLICACAO AVISO PE 032.2025" idOficio="11183113" pubName="DO3" artType="Aviso de Licitação-Registro de Preços" pubDate="01/08/2025" artClass="00075:00018:00147:00000:00000:00000:00000:00000:00000:00000:00192:00000" artCategory="Prefeituras/Estado do Rio Grande do Norte/Prefeitura Municipal de Santana do Siridó" artSize="12" artNotes="" numberPage="311" pdfPage="http://pesquisa.in.gov.br/imprensa/jsp/visualiza/index.jsp?data=01/08/2025&amp;jornal=530&amp;pagina=311" editionNumber="144" highlightType="" highlightPriority="" highlight="" highlightimage="" highlightimagename="" idMateria="22935690">
  <body>
    <Identifica><![CDATA[ AVISO DE LICITAÇÃO ]]></Identifica>
    <Data><![CDATA[ Santana do Seridó - RN, 30 de julho de 2025.]]></Data>
    <Ementa />
    <Titulo />
    <SubTitulo />
    <Texto><![CDATA[<p class="identifica">AVISO DE LICITAÇÃO</p><p class="identifica">PREGÃO ELETRÔNICO Nº 32/2025</p><p>O Município de Santana do Seridó/RN, por meio de seu pregoeiro vem tornar público a realização da licitação Pregão Eletrônico nº 032/2025 que tem como objeto registro de preço para futura, eventual e parcelada aquisição de produtos de panificação, destinados a atender as demandas das Secretarias Municipais de Santana do Seridó RN, através da Plataforma www.portaldecompraspublicas.com.br, por intermédio do PORTAL DE COMPRAS PÚBLICAS. Abertura da Sessão: 12/08/2025 às 09:01h. O início de acolhimento das propostas comerciais ocorrerá a partir do dia 31/07/2025 às 09:00h. Maiores informações e entrega de editais no endereço eletrônico: www.portaldecompraspublicas.com.br, por intermédio do Portal de Compras Públicas.</p><p class="data">Santana do Seridó - RN, 30 de julho de 2025.</p><p class="assina">Joelaine Carla Alves Dantas</p><p class="cargo">Agente de Contratação</p>]]></Texto>
  </body>
  <Midias />
</article></xml>