﻿<xml><article id="44718977" name="pr03" idOficio="11178165" pubName="DO3" artType="Aviso" pubDate="01/08/2025" artClass="00075:00015:00236:00000:00000:00000:00000:00000:00000:00000:00106:00000" artCategory="Prefeituras/Estado do Paraná/Prefeitura Municipal de Mandaguari" artSize="12" artNotes="" numberPage="297" pdfPage="http://pesquisa.in.gov.br/imprensa/jsp/visualiza/index.jsp?data=01/08/2025&amp;jornal=530&amp;pagina=297" editionNumber="144" highlightType="" highlightPriority="" highlight="" highlightimage="" highlightimagename="" idMateria="22926354">
  <body>
    <Identifica><![CDATA[ AVISO DE LICITAÇÃO]]></Identifica>
    <Data><![CDATA[ Mandaguari - PR,  29 de julho de 2025.]]></Data>
    <Ementa />
    <Titulo />
    <SubTitulo />
    <Texto><![CDATA[<p class="identifica">AVISO DE LICITAÇÃO</p><p class="identifica">CONCORRÊNCIA ELETRÔNICA Nº 3/2025</p><p>Menor Preço Global</p><p>Objeto Conclusão da Pavimentação e Recapeamento Asfáltico Em Vias Urbanas Em Cbuq, 3.858,41m² Incluindo Serviços Preliminares, Terraplenagem, Base e Sub-Base, Revestimento, Meio-Fio e Sarjeta, Serviços de Urbanização, Sinalização de Trânsito, Serviços Diversos, Ensaios Tecnológicos e Placa de Obra.</p><p>Recebimento de Propostas: Até As 08:00 (Oito) Horas do Dia 10 de Setembro de 2025.</p><p>Início da Sessão: às 09:00 (Nove) horas do dia 10 de setembro de 2025.</p><p>Maiores Informações e cópias do Edital, poderão ser obtidas no Departamento de Licitações, no horário de expediente, de Segunda a Sexta-feira, entre às 7:30 às 11:30 e das 13:00 às 17:00 horas. Fone: 44.3233.8422 ou no endereço eletrônico www.mandaguari.pr.gov.br acessando o Portal da Transparência e no site compras.gov.br</p><p class="data">Mandaguari - PR, 29 de julho de 2025.</p><p class="assina">VALDONEY RODOLPHO HISING</p><p class="cargo">Prefeito</p>]]></Texto>
  </body>
  <Midias />
</article></xml>