﻿<xml><article id="44719767" name="39. Contrato 14-2025_ Sistema Ba" idOficio="11164571" pubName="DO3" artType="Extrato de Contrato" pubDate="01/08/2025" artClass="00071:00109:00000:00000:00000:00000:00000:00000:00000:00000:00030:00000" artCategory="Entidades de Fiscalização do Exercício das Profissões Liberais/Conselho Regional de Biologia da 1ª Região" artSize="12" artNotes="" numberPage="212" pdfPage="http://pesquisa.in.gov.br/imprensa/jsp/visualiza/index.jsp?data=01/08/2025&amp;jornal=530&amp;pagina=212" editionNumber="144" highlightType="" highlightPriority="" highlight="" highlightimage="" highlightimagename="" idMateria="22904146">
  <body>
    <Identifica><![CDATA[ EXTRATO DE CONTRATO]]></Identifica>
    <Data><![CDATA[]]></Data>
    <Ementa />
    <Titulo />
    <SubTitulo />
    <Texto><![CDATA[<p class="identifica">EXTRATO DE CONTRATO</p><p>Espécie: Contrato CRBio-01 nº 14/2025, de Prestação de Serviços - Partes: CONSELHO REGIONAL DE BIOLOGIA - 1ª REGIÃO - CRBio-01 - Contratante e NP TECNOLOGIA E GESTÃO DE DADOS LTDA - Contratada. Objeto: Contratação da empresa para fornecimento de licença de uso da ferramenta de pesquisa, destinada a apoiar a realização de pesquisas de preços praticados pela Administração Pública, "Banco de Preços" para o Conselho Regional de Biologia - 1ª Região (SP, MT, MS). Prazo de vigência: de 07/08/2025 a 06/08/2026. Signatários: Neiva Maria Robaldo Guedes - Presidente em exercício do CRBio-01 e Rudimar Barbosa dos Reis - Sócio Diretor da Contratada. São Paulo, 23 de julho de 2025. Neiva Maria Robaldo Guedes. Presidente em exercício do CRBio-01</p>]]></Texto>
  </body>
  <Midias />
</article></xml>