﻿<xml><article id="44719304" name="Concorrencia 006.2025" idOficio="11173652" pubName="DO3" artType="Aviso de Licitação-Concorrência" pubDate="01/08/2025" artClass="00075:00009:00026:00000:00000:00000:00000:00000:00000:00000:00159:00000" artCategory="Prefeituras/Estado do Maranhão/Prefeitura Municipal de Amarante do Maranhão" artSize="12" artNotes="" numberPage="260" pdfPage="http://pesquisa.in.gov.br/imprensa/jsp/visualiza/index.jsp?data=01/08/2025&amp;jornal=530&amp;pagina=260" editionNumber="144" highlightType="" highlightPriority="" highlight="" highlightimage="" highlightimagename="" idMateria="22919935">
  <body>
    <Identifica><![CDATA[ AVISO DE LICITAÇÃO]]></Identifica>
    <Data><![CDATA[ Amarante do Maranhão (MA), 25 de julho de 2025 ]]></Data>
    <Ementa />
    <Titulo />
    <SubTitulo />
    <Texto><![CDATA[<p class="identifica">AVISO DE LICITAÇÃO</p><p class="identifica">CONCORRÊNCIA N° 6/2025</p><p>A Prefeitura Municipal de Amarante do Maranhão/MA, com sede na Av. Deputado La Rocque, 1229, Centro - Amarante do Maranhão/MA, através do seu Agente de Contratação, instituído pela Portaria nº 043/2025 - GAP de 06 de Janeiro de 2025, torna público que, com base na Lei Federal n° 14.133/2021, regulamentada pela Lei Municipal nº 526/2024, Lei Complementar n° 123/2006, regulamentado pelo Decreto Municipal n° 017/2021 e demais normas atinentes à espécie, realizará às 10:00hs (dez horas) do dia 15 de agosto de 2025, a licitação na modalidade CONCORRÊNCIA ELETRÔNICA, do tipo Menor Preço Global, objetivando a contratação de empresa de engenharia para construção de unidades habitacionais em área urbanas do município de amarante do maranhão, conforme Termo de Compromisso nº 974041/2025/MCIDADES/CAIXA - Operação nº 1100237-91 - Programa: Moradia Digna. Este Edital e seus anexos estão à disposição dos interessados no endereço supra, de 2ª a 6ª feira, no horário das 08:00hs (oito horas) ás 13:00hs (treze horas), onde poderão ser consultados gratuitamente ou obtidos por meio digital pela internet, através do nosso endereço eletrônico no site: https://http://amarante.ma.gov.br, no site do PORTAL DE COMPRAS PUBLICAS https://www.portaldecompraspublicas.com.br/ ou no Portal Nacional de Contratações Públicas - PNCP através do endereço: http://www.gov.br/pncp/pt-br. Esclarecimentos adicionais, no mesmo endereço.</p><p class="data">Amarante do Maranhão (MA), 25 de julho de 2025</p><p class="assina">Valdenilson de Sousa Costa</p><p class="cargo">Agente de Contratação.</p>]]></Texto>
  </body>
  <Midias />
</article></xml>