﻿<xml><article id="44720989" name="Adjudicacao e Homologacao CE - 0" idOficio="11184935" pubName="DO3" artType="Aviso de Homologação e Adjudicação" pubDate="01/08/2025" artClass="00075:00014:00052:00000:00000:00000:00000:00000:00000:00000:00076:00000" artCategory="Prefeituras/Estado da Paraíba/PREFEITURA MUNICIPAL DE BREJO DO CRUZ" artSize="12" artNotes="" numberPage="290" pdfPage="http://pesquisa.in.gov.br/imprensa/jsp/visualiza/index.jsp?data=01/08/2025&amp;jornal=530&amp;pagina=290" editionNumber="144" highlightType="" highlightPriority="" highlight="" highlightimage="" highlightimagename="" idMateria="22938606">
  <body>
    <Identifica><![CDATA[AVISO DE ADJUDICAÇÃO E HOMOLOGAÇÃO  CONCORRÊNCIA ELETRÔNICA Nº 5/2025]]></Identifica>
    <Data><![CDATA[ Brejo do Cruz - PB, 30 de julho de 2025 .]]></Data>
    <Ementa />
    <Titulo />
    <SubTitulo />
    <Texto><![CDATA[<p class="identifica">AVISO DE ADJUDICAÇÃO E HOMOLOGAÇÃO CONCORRÊNCIA ELETRÔNICA Nº 5/2025</p><p>Nos termos do relatório final apresentado pelo Agente de Contratação e observado parecer da Assessoria Jurídica, referente a Concorrência Eletrônica nº 00005/2025, que objetiva: CONTRATAÇÃO DE EMPRESA ESPECIALIZADA PARA EXECUTAR A OBRA DE PAVIMENTAÇÃO EM PARALELEPÍPEDO E DRENAGEM NO MUNICÍPIO DO BREJO DO CRUZ - PB, ATRAVÉS DO CONTRATO DE REPASSE Nº 1094216-77/2024 - 963054; HOMOLOGO/ADJUDICO o correspondente procedimento licitatório em favor da empresa: PRIIMEE.CONSTRUCOES E EMPREENDIMENTOS LTDA (20.949.329/0001-00), com o valor, R$ 375.296,03 (trezentos e setenta e cinco mil, duzentos e noventa e seis reais e três centavos). Bem como, convoco o representante legal da empresa para assinar o termo de contratual no prazo de 05 (cinco) dias úteis. Fica NOTIFICADA a empresa para que, no prazo máximo de 10 (dez) dias corridos, contados da data da celebração do Contrato, apresente Garantia de Execução correspondente a 5% (cinco por cento) do valor global do instrumento celebrado, acrescido da garantia adicional, nos termos do subitem 15.4 do edital. Assim, o valor total a ser assegurado é: R$ 68.804,27 (sessenta e oito mil, oitocentos e quatro reais e vinte e sete centavos). Para que surta os efeitos legais conforme as Leis nº 14.133/21 e alterações posteriores.</p><p class="data">Brejo do Cruz - PB, 30 de julho de 2025 .</p><p class="assina">EWERTON SOARES DA SILVA</p><p class="cargo">Secretário Municipal de Infraestrutura</p>]]></Texto>
  </body>
  <Midias />
</article></xml>