﻿<xml><article id="44721520" name="EXTRATO DE CONTRATO 062" idOficio="11167090" pubName="DO3" artType="Extrato de Contrato" pubDate="01/08/2025" artClass="00075:00020:00046:00000:00000:00000:00000:00000:00000:00000:00030:00000" artCategory="Prefeituras/Estado do Rio de Janeiro/Prefeitura Municipal de Itaperuna" artSize="12" artNotes="" numberPage="317" pdfPage="http://pesquisa.in.gov.br/imprensa/jsp/visualiza/index.jsp?data=01/08/2025&amp;jornal=530&amp;pagina=317" editionNumber="144" highlightType="" highlightPriority="" highlight="" highlightimage="" highlightimagename="" idMateria="22908863">
  <body>
    <Identifica><![CDATA[ EXTRATO DE CONTRATO]]></Identifica>
    <Data><![CDATA[]]></Data>
    <Ementa />
    <Titulo />
    <SubTitulo />
    <Texto><![CDATA[<p class="identifica">EXTRATO DE CONTRATO</p><p>EXTRATO DO CONTRATONº 062/2025</p><p>OBJETO PROCESSOS ADMINISTRATIVON <sup>O</sup> 12.534/2024 e 6.554/2025</p><p>CONTRATANTE: MUNICÍPIO DE ITAPERUNA.</p><p>CONTRATADO:PAINEL PESQUISAS, CONSULTORIA E PUBLICIDADE LTDA</p><p>OBJETO:serviços de projeto técnico social para conscientização e educação de demandas e resultados sobre os serviços de drenagem urbana e esgotamento sanitário no bairro Vinhosa, visando atender as necessidades da Secretaria Municipal de Urbanismo, Obras e Serviços Urbanos</p><p>VALOR: R$156.204,00 (cento e cinquenta e seis mil duzentos e quatro reais)</p><p>VIGÊNCIA:12 (doze) meses</p><p>DATA DA ASSINATURA: 01/07/2025</p><p>A íntegra do Contrato em epígrafe encontra-se disponível no sítio eletrônico deste Município de Itaperuna/RJ, acessível em: https://www.itaperuna.rj.gov.br/.</p><p></p>]]></Texto>
  </body>
  <Midias />
</article></xml>