﻿<xml><article id="44721247" name="AVISO DE LICITACAO -PE NA 035-PA" idOficio="11184833" pubName="DO3" artType="Aviso de Licitação" pubDate="01/08/2025" artClass="00075:00004:00063:00000:00000:00000:00000:00000:00000:00000:00079:00000" artCategory="Prefeituras/Estado do Amazonas/Prefeitura Municipal de Parintins" artSize="12" artNotes="" numberPage="242" pdfPage="http://pesquisa.in.gov.br/imprensa/jsp/visualiza/index.jsp?data=01/08/2025&amp;jornal=530&amp;pagina=242" editionNumber="144" highlightType="" highlightPriority="" highlight="" highlightimage="" highlightimagename="" idMateria="22938530">
  <body>
    <Identifica><![CDATA[AVISO DE LICITAÇÃO]]></Identifica>
    <Data><![CDATA[  Parintins/AM, 30 de julho de 2025.]]></Data>
    <Ementa />
    <Titulo />
    <SubTitulo />
    <Texto><![CDATA[<p class="identifica">AVISO DE LICITAÇÃO</p><p class="identifica">Pregão Eletrônico Nº 35/2025</p><p>A Prefeitura do Município de Parintins-Am, torna pública a realização de Licitação na modalidade Pregão Eletrônico Nº 35/2025 com critério de julgamento menor preço global, nos termos da Lei n.º 14.133, de 1º de abril de 2021, Decreto Municipal nº 72/2023, Decreto Municipal Nº 042/2023, Lei Complementar 123/2006, e demais normas aplicáveis. Objeto: Construção de Unidade de Atenção Especializada em Saúde - Centro Especializado em Reabilitação (CER). Abertura do certame: 15/8/2025, às 10h00min - horário de Brasília. O Edital completo poderá ser obtido pelos interessados no site www.licitanet.com.br.</p><p class="data">Parintins/AM, 30 de julho de 2025.</p><p class="assina">AMAURI MARINHO FARIAS</p><p class="cargo">Presidente da Comissão Municipal de Contratação</p>]]></Texto>
  </body>
  <Midias />
</article></xml>