﻿<xml><article id="44730210" name="76 - Solicitacao de Extrato de c" idOficio="11166348" pubName="DO3" artType="Extrato de Contrato" pubDate="01/08/2025" artClass="00071:00452:00000:00000:00000:00000:00000:00000:00000:00000:00030:00000" artCategory="Entidades de Fiscalização do Exercício das Profissões Liberais/CONSELHO REGIONAL DE ODONTOLOGIA DE MATO GROSSO DO SUL" artSize="12" artNotes="" numberPage="218" pdfPage="http://pesquisa.in.gov.br/imprensa/jsp/visualiza/index.jsp?data=01/08/2025&amp;jornal=530&amp;pagina=218" editionNumber="144" highlightType="" highlightPriority="" highlight="" highlightimage="" highlightimagename="" idMateria="22907212">
  <body>
    <Identifica><![CDATA[ EXTRATO DE CONTRATO]]></Identifica>
    <Data><![CDATA[]]></Data>
    <Ementa />
    <Titulo />
    <SubTitulo />
    <Texto><![CDATA[<p class="identifica">EXTRATO DE CONTRATO</p><p>TERCEIRO TERMO ADITIVO DO CONTRATO Nº 004/2022</p><p>ORIGEM: DISPENSA DE LICITAÇÃO Nº 014/2022</p><p>CONTRATANTE: CONSELHO REGIONAL DE ODONTOLOGIA DE MATO GROSSO DO SUL</p><p>CONTRATADO: CONEXAO DE TALENTOS AGENTE DE INTEGRACAO DE ESTAGIOS LTDA/ SUPER ESTÁGIOS</p><p>CNPJ: 40.959.590/0001-07 OBJETO: Prorrogação de vigência da contratação de empresa especializada (agente integrador) para realizar programa de estágio na formação técnico profissional e na inserção de jovens no mercado de trabalho visando atuação nas diversas áreas do Conselho Regional de Odontologia de Mato Grosso do Sul - CRO/MS. VALOR CONTRATADO: R$ 3.420,00 (Três mil quatrocentos e vinte reais). Prazo de vigência: 25/07/2025 a 24/07/2026. Signatários: pela contratante, Silvânia da Silva Silvestre Cabral e, pela contratada ALINE BARBOSA DOS SANTOS Data de assinatura: 22 de julho de 2025.</p>]]></Texto>
  </body>
  <Midias />
</article></xml>