﻿<xml><article id="44721025" name="Materia - Uniao - FMS" idOficio="11183820" pubName="DO3" artType="Extrato" pubDate="01/08/2025" artClass="00075:00026:00129:00000:00000:00000:00000:00000:00000:00000:00170:00000" artCategory="Prefeituras/Estado do Tocantins/Prefeitura Municipal de Pedro Afonso" artSize="12" artNotes="" numberPage="331" pdfPage="http://pesquisa.in.gov.br/imprensa/jsp/visualiza/index.jsp?data=01/08/2025&amp;jornal=530&amp;pagina=331" editionNumber="144" highlightType="" highlightPriority="" highlight="" highlightimage="" highlightimagename="" idMateria="22936485">
  <body>
    <Identifica><![CDATA[ EXTRATO DE REGISTRO DE PREÇOS]]></Identifica>
    <Data><![CDATA[]]></Data>
    <Ementa />
    <Titulo />
    <SubTitulo />
    <Texto><![CDATA[<p class="identifica">EXTRATO DE REGISTRO DE PREÇOS</p><p>EXTRATO DA ATA DE REGISTRO DE PREÇOS Nº 22/2025, oriunda do PREGÃO ELETRÔNICO Nº 017/2025, PROCESSO Nº 321/2025, que tem como objetivo: Registro de preços para contratação de empresa para aquisição de medicamentos, visando a manutenção da farmácia básica municipal, em atendimento às solicitações do Fundo Municipal de Saúde de Pedro Afonso/TO. Órgão gerenciador: FUNDO MUNICIPAL DE SAÚDE DE PEDRO AFONSO/TO, inscrita no CNPJ 11.772.824/0001-04. Órgão participante: Não há. Fornecedor registrado: INFINITY DISTRIBUIDORA DE MEDICAMENTOS E MATERIAIS HOSPITALARES LTDA (39559498000162) com os lotes: 159 e 220 no valor total de R$ 3.600,00 (três mil e seiscentos reais). Fornecedor registrado: FARMÁCIA DE MANIPULAÇÃO IDEAL FÓRMULAS LTDA.ME (04522343000177) com o lote: 228 no valor total de R$ 11.000,00 (onze mil reais). Fornecedor registrado: INOVAMED PLinh</p><p>HOSPITALAR LTDA (12889035000293) com o lote: 267 no valor total de R$ 1.942,50 (um mil e novecentos e quarenta e dois reais e cinquenta centavos). Fornecedor registrado: ALMEIDA FARMACEUTICA LTDA (40455009000101) com os lotes: 188, 189, 190, 191, 192, 248 e 280 no valor total de R$ 315.285,50 (trezentos e quinze mil e duzentos e oitenta e cinco reais e cinquenta centavos). Fornecedor registrado: ROSAFARM DISTRIBUIDORA DE MEDICAMENTOS LTDA (37676047000180) com os lotes: 1, 2, 5, 6, 12, 14, 15, 19, 22, 31, 32, 35, 40, 42, 48, 49, 51, 52, 53, 61, 67, 68, 73, 75, 77, 91, 94, 97, 98, 102, 103, 105, 114, 120, 124, 130, 135, 136, 137, 139, 142, 155, 160, 163, 164, 169, 170, 171, 172, 175, 180, 183, 185, 186, 194, 195, 202, 204, 207, 210, 213, 215, 216, 218, 223, 226, 227, 229, 230, 231, 236, 239, 242, 243, 251, 252, 253, 254, 255, 260, 261, 265, 266, 269, 270, 271, 273, 274, 276, 277, 278, 279, 287, 290, 291, 294, 296, 297, 301, 304, 309, 310, 311, 313, 321, 322, 326, 329, 336, 345, 346, 349, 353, 377, 380, 383, 384 e 385 no valor total de R$ 1.198.621,64 (um milhão e cento e noventa e oito mil e seiscentos e vinte e um reais e sessenta e quatro centavos). Fornecedor registrado: MEDCAMP MEDICAMENTOS E MATERIAIS HOSPITALAR LTDA (42377383000161) com os lotes: 3, 23, 33, 34, 46, 65, 69, 81, 85, 87, 101, 179, 244, 246, 268, 275, 286, 292, 308, 318, 323, 348, 366 e 375 no valor total de R$ 139.100,00 (cento e trinta e nove mil e cem reais). Fornecedor registrado: SANTANA FARMA DISTRIBUIDORA DE MEDICAMENTOS LTDA (55007465000166) com os lotes: 4, 7, 8, 10, 11, 13, 17, 18, 24, 27, 29, 36, 38, 41, 44, 45, 54, 55, 56, 58, 59, 63, 64, 80, 90, 92, 95, 112, 115, 128, 131, 141, 143, 144, 145, 147, 151, 152, 161, 165, 187, 211, 212, 234, 235, 238, 258, 263, 272, 282, 283, 300, 306, 312, 317, 325, 331, 342, 343, 354 e 363 no valor total de R$ 311.532,00 (trezentos e onze mil e quinhentos e trinta e dois reais). Itens fracassados: 9, 16, 20, 21, 25, 26, 28, 30, 37, 39, 43, 47, 50, 57, 60, 62, 66, 70, 71, 72, 74, 76, 78, 79, 82, 83, 84, 86, 88, 89, 93, 96, 99, 100, 104, 106, 107, 108, 109, 110, 111, 113, 116, 117, 118, 119, 121, 122, 123, 125, 126, 127, 129, 132, 133, 134, 138, 140, 146, 148, 149, 150, 153, 154, 156, 157, 158, 162, 166, 167, 168, 173, 174, 176, 177, 178, 181, 182, 184, 193, 196, 197, 198, 199, 200, 201, 203, 205, 206, 208, 209, 214, 217, 219, 221, 222, 224, 225, 232, 233, 237, 240, 241, 245, 247, 249, 250, 256, 257, 259, 262, 264, 281, 284, 285, 288, 289, 293, 295, 298, 299, 302, 303, 305, 307, 314, 315, 316, 319, 320, 324, 327, 328, 330, 332, 333, 334, 335, 337, 338, 339, 340, 341, 344, 347, 350, 351, 352, 355, 356, 357, 358, 359, 360, 361, 362, 364, 365, 367, 368, 369, 370, 371, 372, 373, 374, 376, 378, 379, 381, 382, 386 e 387. Valor total geral: R$ 1.981.081,64 (um milhão e novecentos e oitenta e um mil e oitenta e um reais e sessenta e quatro centavos). Vigência: 12 (doze) meses, podendo ser prorrogada por igual período.</p><p></p>]]></Texto>
  </body>
  <Midias />
</article></xml>