﻿<xml><article id="44718674" name="AVISO DE LICITACAO - LEILAO ELET" idOficio="11178477" pubName="DO3" artType="Aviso de Licitação" pubDate="01/08/2025" artClass="00074:00002:00009:00000:00000:00000:00000:00000:00000:00000:00079:00000" artCategory="Governo do Estado/Governo do Estado do Acre/Secretaria de Estado da Gestão Administrativa" artSize="24" artNotes="" numberPage="232" pdfPage="http://pesquisa.in.gov.br/imprensa/jsp/visualiza/index.jsp?data=01/08/2025&amp;jornal=530&amp;pagina=232" editionNumber="144" highlightType="" highlightPriority="" highlight="" highlightimage="" highlightimagename="" idMateria="22926746">
  <body>
    <Identifica><![CDATA[ AVISO DE LICITAÇÃO]]></Identifica>
    <Data><![CDATA[]]></Data>
    <Ementa />
    <Titulo />
    <SubTitulo />
    <Texto><![CDATA[<p></p><p class="identifica">AVISO DE LICITAÇÃO</p><p class="identifica">LEILÃO ELETRÔNICO REMANESCENTE Nº 5/2025 - SEAD/DIRPAP</p><p>Objeto: Constitui objeto do presente leilão a venda de itens diversos (VEÍCULOS), sob a condição de recuperáveis.</p><p>Edital e Informações: O edital está à disposição no endereço eletrônico: https://leiloes.ac.gov.br/gplg/.</p><p>Data da Abertura: 27/08/2025 às 08h00 com encerramento previsto para o dia 03/09/2025 às 13h00, conforme preâmbulo no Edital.</p><p>Descrição dos Lotes:</p><p /><p></p><table><tr /><tr><td rowspan="1" colspan="1"><p>LOTE</p></td><td rowspan="1" colspan="1"><p>DESCRIÇÃO DO BEM</p></td><td rowspan="1" colspan="1"><p>SITUAÇÃO</p></td><td rowspan="1" colspan="1"><p>LOCALIZAÇÃO</p></td><td rowspan="1" colspan="1"><p>VALOR AVALIADO</p></td><td rowspan="1" colspan="1"><p>VALOR DE INCREMENTO</p></td></tr><tr><td rowspan="1" colspan="1"><p>01</p></td><td rowspan="1" colspan="1"><p>FORD/FIESTA</p></td><td rowspan="1" colspan="1"><p>RECUPERÁVEL</p></td><td rowspan="1" colspan="1"><p>RIO BRANCO/AC</p></td><td rowspan="1" colspan="1"><p>R$ 9.577,57</p></td><td rowspan="1" colspan="1"><p>R$ 100,00</p></td></tr><tr><td rowspan="1" colspan="1"><p>02</p></td><td rowspan="1" colspan="1"><p>FIAT/SIENA</p></td><td rowspan="1" colspan="1"><p>RECUPERÁVEL</p></td><td rowspan="1" colspan="1"><p>RIO BRANCO/AC</p></td><td rowspan="1" colspan="1"><p>R$ 12.264,58</p></td><td rowspan="1" colspan="1"><p>R$ 150,00</p></td></tr><tr><td rowspan="1" colspan="4"><p>VALOR TOTAL</p></td><td rowspan="1" colspan="1"><p>R$ 21.842,15</p></td><td rowspan="1" colspan="1" /></tr></table><p>Rio Branco-AC, 28 de Julho de 2025.</p><p class="assina">Paulo Roberto Correia</p><p class="cargo">Secretário de Estado de Administração - SEAD</p>]]></Texto>
  </body>
  <Midias />
</article></xml>