﻿<xml><article id="44719538" name="COM0014127_2025" idOficio="11165500" pubName="DO3" artType="Aviso de Penalidade" pubDate="01/08/2025" artClass="00035:00056:00001:00000:00000:00000:00000:00000:00000:00000:00081:00000" artCategory="Ministério de Minas e Energia/Petróleo Brasileiro S.A./Petrobrás" artSize="12" artNotes="" numberPage="104" pdfPage="http://pesquisa.in.gov.br/imprensa/jsp/visualiza/index.jsp?data=01/08/2025&amp;jornal=530&amp;pagina=104" editionNumber="144" highlightType="" highlightPriority="" highlight="" highlightimage="" highlightimagename="" idMateria="22905347">
  <body>
    <Identifica><![CDATA[ AVISO DE PENALIDADE Nº PAR-PB.018.02592/2024]]></Identifica>
    <Data><![CDATA[]]></Data>
    <Ementa />
    <Titulo />
    <SubTitulo />
    <Texto><![CDATA[<p class="identifica">AVISO DE PENALIDADE Nº PAR-PB.018.02592/2024</p><p>ATA DA 385ª REUNIÃO DO COMITÊ DE INTEGRIDADE, PAUTA CI 31-2025, DE 15 DE JULHO DE 2025.</p><p>O COMITÊ DE INTEGRIDADE DA PETROBRAS (CI), no exercício das atribuições que lhe confere o art. 8º, §1º da Lei nº 12.846/2013, o DOU nº 125, Seção 2, pág. 52, de 07/07/2025, o item 4.1 do Regimento Interno do CI, decide, diante da ausência de elementos novos aptos a alterar as conclusões, pela manutenção das sanções administrativas aplicadas à ARTRIO MANUTENÇÃO &amp; SERVIÇOS LTDA., inscrita no CNPJ sob o nº 24.492.012/0001-49, as sanções administrativas: i) multa, no valor de R$ 61.385,40 (sessenta e um mil, trezentos e oitenta e cinco reais e quarenta centavos), conforme previsto no art. 6º, inciso I, da Lei nº 12.846/13; ii) publicação extraordinária da decisão condenatória, conforme previsto no art. 6º, inciso II, da Lei nº 12.846/13, c/c art. 19º, II, do Decreto 11.129/2022.</p><p class="assina">Yoon Jung Kim</p><p class="cargo">Comitê de Integridade da Petrobras</p><p class="assina">Roberta Porto</p><p class="cargo">Comitê de Integridade da Petrobras</p><p class="assina">Viviane do Nascimento Pereira Sá</p><p class="cargo">Comitê de Integridade da Petrobras</p>]]></Texto>
  </body>
  <Midias />
</article></xml>