﻿<xml><article id="44719601" name="002. Edital - Convocacao Assembl" idOficio="11178144" pubName="DO3" artType="Edital de Convocação" pubDate="01/08/2025" artClass="00073:10056:13665:00000:00000:00000:00000:00000:00000:00000:00058:00000" artCategory="Ineditoriais/Sindicatos/SINDICATO DOS SERVIDORES DA JUSTIÇA FEDERAL E DA JUSTIÇA ELEITORAL DO ESTADO DO PARANÁ" artSize="12" artNotes="" numberPage="230" pdfPage="http://pesquisa.in.gov.br/imprensa/jsp/visualiza/index.jsp?data=01/08/2025&amp;jornal=530&amp;pagina=230" editionNumber="144" highlightType="" highlightPriority="" highlight="" highlightimage="" highlightimagename="" idMateria="22926286">
  <body>
    <Identifica><![CDATA[ EDITAL DE CONVOCAÇÃO ]]></Identifica>
    <Data><![CDATA[ Curitiba/PR, 22 de julho de 2025.]]></Data>
    <Ementa />
    <Titulo />
    <SubTitulo />
    <Texto><![CDATA[<p class="identifica">EDITAL DE CONVOCAÇÃO</p><p class="identifica">DE ASSEMBLEIA GERAL EXTRAORDINÁRIA DO SINDICATO DOS SERVIDORES DA JUSTIÇA FEDERAL E DA JUSTIÇA ELEITORAL DO ESTADO DO PARANÁ (SINJUSPAR)</p><p>O Sindicato dos Servidores da Justiça Federal e da Justiça Eleitoral do Estado do Paraná (SINJUSPAR), inscrito no CNPJ/MF sob n° 23.447.908/0001-43, na condição de representante legal da categoria dos servidores da Justiça Federal Comum e da Justiça Eleitoral no Estado do Paraná, após deliberação e no uso de suas atribuições estatutárias, por seu Presidente, em estrita conformidade ao seu Estatuto Social registrado junto ao 1º Serviço de Registro de Títulos e Documentos e Registro Civil das Pessoas Jurídicas (Protocolo n.º 1235431 de 08/05/2025), convoca a todos os filiados para a ASSEMBLEIA GERAL EXTRAORDINÁRIA (SINJUSPAR), que instalar-se-á em primeira chamada com, pelo menos, a metade mais um dos filiados quites com a Tesouraria e, em segunda convocação, 15 (quinze) minutos após, com qualquer número de filiados, para discussão e deliberação da seguinte ordem do dia: 1) Homologação e Ratificação da Ata e do resultado da Eleição, de Apuração dos votos da Coordenação Executiva (atualmente denominada Diretoria Executiva) e do Conselho Fiscal para o Triênio 2022-2025; e 2) Homologação e Ratificação da Ata de Posse da Coordenação Executiva (atualmente denominada ) e do Conselho Fiscal para o Triênio 2022-2025. A reunião será realizada exclusivamente na modalidade virtual, às 11h00 do dia 28 de agosto de 2025, por meio do seguinte link: https://us06web.zoom.us/j/88490460533?pwd=na5agQelhQ9HcCR9bLWapLCKWl7pQF.1</p><p class="data">Curitiba/PR, 22 de julho de 2025.</p><p class="assina">JONAS TOMAS RUPPERT</p><p class="cargo">Presidente do SINJUSPAR</p>]]></Texto>
  </body>
  <Midias />
</article></xml>