﻿<xml><article id="44732694" name="DOU_PE_157_2024_Termo de Homolog" idOficio="11155027" pubName="DO3" artType="Aviso de Homologação" pubDate="01/08/2025" artClass="00075:00015:00450:00000:00000:00000:00000:00000:00000:00000:00075:00000" artCategory="Prefeituras/Estado do Paraná/Prefeitura Municipal de Toledo" artSize="12" artNotes="" numberPage="306" pdfPage="http://pesquisa.in.gov.br/imprensa/jsp/visualiza/index.jsp?data=01/08/2025&amp;jornal=530&amp;pagina=306" editionNumber="144" highlightType="" highlightPriority="" highlight="" highlightimage="" highlightimagename="" idMateria="22887601">
  <body>
    <Identifica><![CDATA[AVISO DE HOMOLOGAÇÃO  ]]></Identifica>
    <Data><![CDATA[ Em 23 de janeiro de 2025.]]></Data>
    <Ementa />
    <Titulo />
    <SubTitulo />
    <Texto><![CDATA[<p class="identifica">AVISO DE HOMOLOGAÇÃO</p><p class="identifica">PREGÃO ELETRÔNICO Nº 157/2024</p><p>OBJETO: Considerando a decisão da comissão julgadora; considerando, que segundo o parecer da Assessoria Jurídica o processo tramitou e seguiu os ditames da legislação pertinente, homologo o resultado da licitação na modalidade de PREGÃO ELETRÔNICO Nº 157/2024, cujo objeto é a Contratação de empresa especializada para prover o transporte de estudantes da rede municipal e estadual de ensino, residentes nas localidades da área rural e distritos de Toledo até as respectivas unidades educacionais que possuem vaga mais próximas ao domicilio dos estudantes; para alunos do perímetro urbano da educação especial e alunos do perímetro urbano matriculados no programa municipal integralizar, que os conduz até as escolas dos distritos contempladas pelo programa, com educação em tempo integral. Os itinerários contemplam os períodos matutino, vespertino e noturno, pelo período 24 (vinte e quatro) meses, abrangendo os anos letivos de 2025 e 2026, totalizando 420 dias letivos. Gabinete do Prefeito do Município de Toledo.</p><p class="data">Em 23 de janeiro de 2025.</p><p></p><p class="assina">MARIO CESAR COSTENARO</p><p class="cargo">Prefeito</p>]]></Texto>
  </body>
  <Midias />
</article></xml>