﻿<xml><article id="44735116" name="4. EXTRATO_9_TERMO_ADITIVO_007_2" idOficio="11184138" pubName="DO3" artType="Extrato de Termo Aditivo" pubDate="01/08/2025" artClass="00075:00003:00008:00000:00000:00000:00000:00000:00000:00000:00053:00000" artCategory="Prefeituras/Estado do Amapá/Prefeitura Municipal de Macapá" artSize="12" artNotes="" numberPage="239" pdfPage="http://pesquisa.in.gov.br/imprensa/jsp/visualiza/index.jsp?data=01/08/2025&amp;jornal=530&amp;pagina=239" editionNumber="144" highlightType="" highlightPriority="" highlight="" highlightimage="" highlightimagename="" idMateria="22936906">
  <body>
    <Identifica><![CDATA[  EXTRATO DE termo aditivo]]></Identifica>
    <Data><![CDATA[]]></Data>
    <Ementa />
    <Titulo />
    <SubTitulo />
    <Texto><![CDATA[<p class="identifica">EXTRATO DE termo aditivo</p><p>9º TERMO ADITIVO DE PRAZO AO CONTRATO Nº 7/2021 - SEMOB/PMM</p><p>Protocolo nº. 2.978/2025 1DOC - SEMOB/PMM. Objeto: CONSTRUÇÃO DE UMA FEIRA, NO MUNICIPIO DE MACAPÁ - AP (CONVÊNIO Nº 929954/2019) EMPRESA R P SANTOS E CIA LTDA CNPJ Nº 12.036.829/0001-23. VIGÊNCIA: Fica prorrogado 150 (cento e cinquenta) dias consecutivos, o prazo de execução e vigência contratual, a partir 28/03/2025 a 25/08/2025, de acordo com a reprogramação estabelecida no cronograma anexo a este Termo Aditivo</p><p></p>]]></Texto>
  </body>
  <Midias />
</article></xml>