﻿<xml><article id="44722595" name="Extrato de contrato nA 016-2025 " idOficio="11183723" pubName="DO3" artType="Extrato" pubDate="01/08/2025" artClass="00074:00001:00008:00001:00000:00000:00000:00000:00000:00000:00170:00000" artCategory="Governo do Estado/Governo do Distrito Federal/SECRETARIA DE ESTADO DE AGRICULTURA, ABASTECIMENTO E DESENVOLVIMENTO RURAL/EMPRESA DE ASSISTÊNCIA TÉCNICA E EXTENSÃO RURAL DO DISTRITO FEDERAL" artSize="12" artNotes="" numberPage="232" pdfPage="http://pesquisa.in.gov.br/imprensa/jsp/visualiza/index.jsp?data=01/08/2025&amp;jornal=530&amp;pagina=232" editionNumber="144" highlightType="" highlightPriority="" highlight="" highlightimage="" highlightimagename="" idMateria="22936303">
  <body>
    <Identifica><![CDATA[ EXTRATO  de CONTRATO ]]></Identifica>
    <Data><![CDATA[]]></Data>
    <Ementa />
    <Titulo />
    <SubTitulo />
    <Texto><![CDATA[<p class="identifica">EXTRATO de CONTRATO</p><p>INSTRUMENTO: CONTRATO nº 016/2025 - GCONV</p><p>Processo: 00072-00001080/2024-99. Instrumento: Contrato nº 016/2025 - GCONV. Objeto: Aquisição de veículos, conforme especificações e condições estabelecidas no termo de referência constante do Anexo I do Edital do Pregão Eletrônico nº 90008/2025-EMATER-DF e anexos, nas propostas comerciais, e no Convênio MAPA nº 956158/2024, que são partes integrantes do presente contrato. Dotação Orçamentária Unidade: 14203; Programa de Trabalho: 20.606.6201.4107.5666. Natureza da Despesa: 4.4.90.52. Fonte de Recurso: 232. Valor Total:R$ 341.579,99 (trezentos e quarenta e um mil quinhentos e setenta e nove reais e noventa e nove centavos). Fundamento Legal: A presente contratação será regida pela Lei nº 13.303/2016, pelo Regulamento Interno de Licitações e Contratos da EMATER-DF (RILC/EMATER-DF), e pelas disposições, no que for compatível da Lei nº 14.133/2021, e do Decreto nº 44.330/2023, nos termos do art. 18, §4º, e do art. 58 do RILC. Data da Assinatura: 24/07/2025. Vigência:12(doze) meses, contados a partir da data da sua assinatura. Signatários: P/EMATER-DF: Cleison Medas Duval - Presidente. P/Contratada: Lucas Jove Ozório - Representante Legal.</p><p></p>]]></Texto>
  </body>
  <Midias />
</article></xml>