﻿<xml><article id="44719139" name="Aviso de licitacao oportunidade " idOficio="11165635" pubName="DO3" artType="Aviso de Licitação" pubDate="01/08/2025" artClass="00035:00056:00063:00200:00054:00000:00000:00000:00000:00000:00078:00000" artCategory="Ministério de Minas e Energia/Petróleo Brasileiro S.A./Petrobras Transporte S.A./Diretoria Financeira/Gerência Executiva de Aquisição de Bens e Serviços" artSize="12" artNotes="" numberPage="105" pdfPage="http://pesquisa.in.gov.br/imprensa/jsp/visualiza/index.jsp?data=01/08/2025&amp;jornal=530&amp;pagina=105" editionNumber="144" highlightType="" highlightPriority="" highlight="" highlightimage="" highlightimagename="" idMateria="22905494">
  <body>
    <Identifica><![CDATA[ AVISO DE LICITAÇÃO Nº 7004490272]]></Identifica>
    <Data><![CDATA[]]></Data>
    <Ementa />
    <Titulo />
    <SubTitulo />
    <Texto><![CDATA[<p class="identifica">AVISO DE LICITAÇÃO Nº 7004490272</p><p>Objeto: Válvula macho auto lubrificada 12"</p><p>Abertura das propostas em 08/08/2025 às 17 horas.</p><p>Obs.: A consulta ao edital e o processamento da licitação serão realizadas no portal www.petronect.com.br.</p><p class="assina">COMISSÃO DE LICITAÇÃO</p>]]></Texto>
  </body>
  <Midias />
</article></xml>