﻿<xml><article id="44727569" name="EXTRATO_141_25_RESULTADO_DE_PREG" idOficio="11148846" pubName="DO3" artType="Extrato" pubDate="01/08/2025" artClass="00075:00012:00701:00000:00000:00000:00000:00000:00000:00000:00170:00000" artCategory="Prefeituras/Estado de Minas Gerais/Prefeitura Municipal de Montes Claros" artSize="12" artNotes="" numberPage="276" pdfPage="http://pesquisa.in.gov.br/imprensa/jsp/visualiza/index.jsp?data=01/08/2025&amp;jornal=530&amp;pagina=276" editionNumber="144" highlightType="" highlightPriority="" highlight="" highlightimage="" highlightimagename="" idMateria="22877154">
  <body>
    <Identifica><![CDATA[RESULTADO DE JULGAMENTO  PREGÃO ELETRÔNICO Nº 57/2025]]></Identifica>
    <Data><![CDATA[ Montes Claros-MG, 16 de julho de 2025.]]></Data>
    <Ementa />
    <Titulo />
    <SubTitulo />
    <Texto><![CDATA[<p></p><p class="identifica">RESULTADO DE JULGAMENTO PREGÃO ELETRÔNICO Nº 57/2025</p><p>EXTRATO 141/2025 - RESULTADO DO PREGÃO ELETRÔNICO Nº 57/2025</p><p>O gestor da ata de registro de preços, na forma da Lei Federal n.º 14.133/2021, torna público o resultado final do processo licitatório identificado: Processo: 126/2025 - Pregão Eletrônico: 057/2025 - Objeto: Registro de preço para futura e eventual aquisição de fórmulas e suplementos alimentares, em cumprimento as ordens judiciais do município de Montes Claros/MG. (Exclusivo para participação de Microempresas, Empresas de Pequeno Porte e Microempreendedor Individual). Detentoras das Atas: Ata 196 - Cirurgica Aliança Produtos Hospitalares LTDA, inscrita no CNPJ: 08.088.996/0001-40 - Valor Global: R$ 114.972,00. Assinada por meio digital em 14 de julho de 2025; Ata 197 - Hospclean Comercio LTDA, inscrito no CNPJ: 50.850.407/0001-86 - Valor Global: R$ 46.270,04. Assinada por meio digital em 14 de julho de 2025; Ata 198 - MG2 Nutrição LTDA, inscrito no CNPJ: 39.935.073/0001-00 - Valor Global: R$ 25.899,30. Assinada por meio digital em 14 de julho de 2025. Vigências: 12 (doze) meses contados a partir de suas assinaturas. A íntegra da Ata de Registro de Preço encontra-se disponível na página da Prefeitura Municipal de Montes Claros na Internet no endereço: &lt;https://licitacoes.montesclaros.mg.gov.br/atas-de-registro-de-precos&gt;.</p><p class="data">Montes Claros-MG, 16 de julho de 2025.</p><p class="assina">Igor Wanderley Boaventura</p><p class="cargo">Agente de Contratação</p>]]></Texto>
  </body>
  <Midias />
</article></xml>