﻿<xml><article id="44719034" name="EDITAL CONC 005-2025" idOficio="11184594" pubName="DO3" artType="Edital" pubDate="01/08/2025" artClass="00075:00024:00059:00000:00000:00000:00000:00000:00000:00000:00056:00005" artCategory="Prefeituras/Estado de São Paulo/Prefeitura Municipal de Americana" artSize="12" artNotes="" numberPage="322" pdfPage="http://pesquisa.in.gov.br/imprensa/jsp/visualiza/index.jsp?data=01/08/2025&amp;jornal=530&amp;pagina=322" editionNumber="144" highlightType="" highlightPriority="" highlight="" highlightimage="" highlightimagename="" idMateria="22937477">
  <body>
    <Identifica><![CDATA[AVISO DE LICITAÇÃO CONCORRÊNCIA ELETRÔNICA Nº 5/2025]]></Identifica>
    <Data><![CDATA[ Americana-SP, 30 de Julho de 2025.]]></Data>
    <Ementa />
    <Titulo />
    <SubTitulo />
    <Texto><![CDATA[<p class="identifica">AVISO DE LICITAÇÃO CONCORRÊNCIA ELETRÔNICA Nº 5/2025</p><p>Reabertura</p><p>Processo n.º 10.730/2024. OBJETO: "CONTRATAÇÃO DE Processo n.º 3.787/2025. OBJETO: "CONTRATAÇÃO DE EMPRESA ESPECIALIZADA NO RAMO DA CONSTRUÇÃO CIVIL, VISANDO A CONSTRUÇÃO DE UMA CRECHE E ESCOLA DE EDUCAÇÃO INFANTIL (CRECHE/PRÉ-ESCOLA PROJETO MODELO FNDE - PRÓ-INFÂNCIA TIPO I - OPÇÃO 127V), TERMO DE COMPROMISSO NOVO PAC Nº 960757/24/FNDE/CAIXA - OPERAÇÃO OGU Nº1094385-45 - PROGRAMA EDUCAÇÃO BÁSICA DEMOCRÁTICA, COM QUALIDADE E EQUIDADE, CONFORME CONDIÇÕES E EXIGÊNCIAS ESTABELECIDAS NO TERMO DE REFERÊNCIA". Abertura das Propostas: 18 de Agosto de 2025, a partir das 08h00 horas. Início da sessão de disputa de preços: 18 de Agosto de 2025, a partir das 08h30 horas. O Edital estará à disposição dos interessados na Unidade de Suprimentos, sito a Av. Brasil, nº 85, 1º andar, no horário das 09h00 às 16h00 horas, nos sites www.americana.sp.gov.br e www.novobbmnet.com.br e no PNCP (Portal Nacional de Contratações Públicas) a partir de 01 de Agosto de 2025.</p><p class="data">Americana-SP, 30 de Julho de 2025.</p><p class="assina">José Eduardo da Cruz Rodrigues Flores</p><p class="cargo">Secretário Adjunto de Administração</p>]]></Texto>
  </body>
  <Midias />
</article></xml>