﻿<xml><article id="44725019" name="10- AVISO DE LICITACAO - DOU" idOficio="11173819" pubName="DO3" artType="Aviso de Licitação" pubDate="01/08/2025" artClass="00071:00230:00000:00000:00000:00000:00000:00000:00000:00000:00078:00000" artCategory="Entidades de Fiscalização do Exercício das Profissões Liberais/CONSELHO REGIONAL DE EDUCAÇÃO FÍSICA DA 22ª REGIÃO" artSize="12" artNotes="" numberPage="213" pdfPage="http://pesquisa.in.gov.br/imprensa/jsp/visualiza/index.jsp?data=01/08/2025&amp;jornal=530&amp;pagina=213" editionNumber="144" highlightType="" highlightPriority="" highlight="" highlightimage="" highlightimagename="" idMateria="22920089">
  <body>
    <Identifica><![CDATA[ AVISO REABERTURA DE PRAZO ]]></Identifica>
    <Data><![CDATA[ Vitória ES, 30 de julho de 2025.]]></Data>
    <Ementa />
    <Titulo />
    <SubTitulo />
    <Texto><![CDATA[<p class="identifica">AVISO REABERTURA DE PRAZO</p><p class="identifica">PREGÃO ELETRÔNICO Nº 90013/2025</p><p>Contratação de empresa para fornecimento de material de expediente, informática e material de manutenção e reparo, conforme condições e exigências estabelecidas no Edital e seus anexos. Tipo: Menor Preço. Entrega das Propostas: a partir de 30/07/2025 às 08h00 no site www.gov.br/compras. Abertura das Propostas: 14/08/2025 às 10h00 no site www.gov.br/compras. Edital: Portal Nacional de Contratações Públicas - PNCP, no gov.br/compras (www.gov.br/compras). contato: licitacao@cref22.org.br.</p><p class="data">Vitória ES, 30 de julho de 2025.</p><p class="assina">Ibsen Lucas Pettersen Pereira</p><p class="cargo">Presidente</p>]]></Texto>
  </body>
  <Midias />
</article></xml>