﻿<xml><article id="44732649" name="DOU_0029_2022_Rescisao" idOficio="11155027" pubName="DO3" artType="Extrato de Rescisão Contratual" pubDate="01/08/2025" artClass="00075:00015:00450:00000:00000:00000:00000:00000:00000:00000:00050:00000" artCategory="Prefeituras/Estado do Paraná/Prefeitura Municipal de Toledo" artSize="12" artNotes="" numberPage="298" pdfPage="http://pesquisa.in.gov.br/imprensa/jsp/visualiza/index.jsp?data=01/08/2025&amp;jornal=530&amp;pagina=298" editionNumber="144" highlightType="" highlightPriority="" highlight="" highlightimage="" highlightimagename="" idMateria="22887593">
  <body>
    <Identifica><![CDATA[ EXTRATO DE RESCISÃO ]]></Identifica>
    <Data><![CDATA[]]></Data>
    <Ementa />
    <Titulo />
    <SubTitulo />
    <Texto><![CDATA[<p class="identifica">EXTRATO DE RESCISÃO</p><p>Espécie: TERMO DE RESCISÃO DO CONTRATO Nº 29/2022</p><p>CONTRATANTE: MUNICIPIO DE TOLEDO e TRANS BRASIL LTDA</p><p>TEX OBJETO: CLÁUSULA PRIMEIRA: As partes, de comum acordo, resolvem rescindir, amigavelmente o Contrato nº 029/2022, firmado em 04 de fevereiro de 2022, para prestação de serviços de transporte escolar no perímetro rural e urbano, em veículos próprios adequados, com motorista, visando atender alunos matriculados na rede municipal e estadual de ensino, nos turnos Matutino, Vespertino e Noturno, decorrente do processo licitatório na modalidade Pregão Eletrônico nº 256/2021. CLÁUSULA SEGUNDA: A presente rescisão produzirá efeitos a partir de 01 de julho de 2025, com fundamento no inciso II do art. 79 da Lei Federal nº 8.666/1993, em razão da solicitação da Contratante, expressa no Ofício nº 767/2025 - SMED, datado de 07 de maio de 2025 (fls. 389-398), da manifestação de concordância por parte da Contratada (fl. 1115), bem como da Decisão Administrativa proferida pelo Senhor Secretário da Administração (fls. 1111-1112). Termo de rescisão firmado em 12 de junho de 2025, oriundo do processo licitatório modalidade Pregão Eletrônico nº 256/2021.</p><p>ASS Mario Cesar Costenaro</p><p>DATA DE ASSINATURA: 12 de junho de 2025.</p>]]></Texto>
  </body>
  <Midias />
</article></xml>