﻿<xml><article id="44719361" name="AVISO SUSPENSO CONC 04-2025" idOficio="11184861" pubName="DO3" artType="Aviso de Suspensão" pubDate="01/08/2025" artClass="00075:00002:00095:00000:00000:00000:00000:00000:00000:00000:00087:00000" artCategory="Prefeituras/Estado de Alagoas/Prefeitura Municipal de Penedo" artSize="12" artNotes="" numberPage="237" pdfPage="http://pesquisa.in.gov.br/imprensa/jsp/visualiza/index.jsp?data=01/08/2025&amp;jornal=530&amp;pagina=237" editionNumber="144" highlightType="" highlightPriority="" highlight="" highlightimage="" highlightimagename="" idMateria="22938520">
  <body>
    <Identifica><![CDATA[ AVISO DE SUSPENSÃO]]></Identifica>
    <Data><![CDATA[ Penedo /AL, 29 de julho de 2025.]]></Data>
    <Ementa />
    <Titulo />
    <SubTitulo />
    <Texto><![CDATA[<p class="identifica">AVISO DE SUSPENSÃO</p><p class="identifica">Concorrência Presencial nº 4/2025</p><p>A Presidente da Comissão Permanente de Contratações de Obras e Serviços de Engenharia - CPC do Município de Penedo, no uso de suas atribuições legais, torna público aos interessados no processo licitatório na modalidade Concorrência Presencial no 04/2025, processo administrativo no 2025.27031403861.PROCADM.PMP, que tem por objeto A ESCOLHA DA PROPOSTA MAIS VANTAJOSA PARA CONTRATAÇÃO DE EMPRESA ESPECIALIZADA PARA A EXECUÇÃO DA CONSTRUÇÃO DA CHECHE E ESCOLA DE EDUCAÇÃO INFANTIL NO POVOADO TABULEIRO DOS NEGROS (FNDE CRECHE TIPO 2), MUNICÍPIO DE PENEDO/AL, cuja sessão foi marcada para o dia 04 de agosto 2025 às 09 horas, está SUSPENSO "SINE DIE" em virtude da solicitação da Secretaria Municipal de Infraestrutura e Obras para análise das planilhas disponibilizadas aos licitantes. A nova data para a realização da sessão pública será divulgada na forma da legislação de regência. Outras informações poderão ser obtidas no Departamento de Licitações, situado na Rodovia Engenheiro Joaquim Gonçalves, no 1.290, Dom Constantino, Penedo-AL, CEP: 57200-000, através do WhatsApp: (82) 99627-9378 (horário de atendimento das 07:30 às 13:30) ou e-mail: penedolicitacoes@gmail.com.</p><p class="data">Penedo /AL, 29 de julho de 2025.</p><p class="assina">Sara Mendonça da F. Lisboa das Chagas</p><p class="cargo">Presidente da Comissão Permanente de Contrataçõesde Obras e Serviços de Engenharia - CPC</p>]]></Texto>
  </body>
  <Midias />
</article></xml>