﻿<xml><article id="44719848" name="Aviso de Licitacao retificado nA" idOficio="11182238" pubName="DO3" artType="Aviso de Licitação" pubDate="01/08/2025" artClass="00075:00007:00009:00000:00000:00000:00000:00000:00000:00000:00079:00000" artCategory="Prefeituras/Estado do Espírito Santo/Prefeitura Municipal de Alto Rio Novo" artSize="12" artNotes="" numberPage="255" pdfPage="http://pesquisa.in.gov.br/imprensa/jsp/visualiza/index.jsp?data=01/08/2025&amp;jornal=530&amp;pagina=255" editionNumber="144" highlightType="" highlightPriority="" highlight="" highlightimage="" highlightimagename="" idMateria="22932944">
  <body>
    <Identifica><![CDATA[AVISO DE LICITAÇÃO ]]></Identifica>
    <Data><![CDATA[ Alto Rio Novo - ES, 29 de julho de 2025.]]></Data>
    <Ementa />
    <Titulo />
    <SubTitulo />
    <Texto><![CDATA[<p class="identifica">AVISO DE LICITAÇÃO</p><p class="identifica">PREGÃO ELETRÔNICO Nº 9/2025</p><p>RETIFICADO</p><p>O Município de Alto Rio Novo/ES torna público que fará realizar licitação na modalidade de Pregão Eletrônico na plataforma www.portaldecompraspublicas.com.br visando o REGISTRO DE PREÇOS PARA FUTURA E EVENTUAL AQUISIÇÃO DE GÊNEROS ALIMENTÍCIOS PARA ATENDER ÀS SECRETARIAS DO MUNICÍPIO DE ALTO RIO NOVO-ES. A sessão será dia 14/08/2025 às 13h00. Os interessados poderão retirar o Edital pelo site: www.altorionovo.es.gov.br ou no www.portaldecompraspublicas.com.br bem como na Sede da Prefeitura Municipal de Alto Rio Novo/ES, sito à Rua Paulo Martins, Nº 266, Santa Bárbara - Alto Rio Novo/ES - CEP 29760-000, em dias úteis, de segunda-feira a quinta-feira das 12h00min às 18h00 e sexta-feira das 07h00min às 13h00min. Informações complementares poderão ser obtidas através dos telefone (27) 99765-9858, da plataforma www.portaldecompraspublicas.com.br e do e-mail: licitacao@altorionovo.es.gov.br.</p><p class="data">Alto Rio Novo - ES, 29 de julho de 2025.</p><p class="assina">GEISE DO AMARAL MAURO</p><p class="cargo">Agente de Contratação</p>]]></Texto>
  </body>
  <Midias />
</article></xml>