﻿<xml><article id="44732658" name="DOU_0232_2020_15A Aditivo" idOficio="11153407" pubName="DO3" artType="Extrato de Termo Aditivo" pubDate="01/08/2025" artClass="00075:00015:00450:00000:00000:00000:00000:00000:00000:00000:00053:00000" artCategory="Prefeituras/Estado do Paraná/Prefeitura Municipal de Toledo" artSize="12" artNotes="" numberPage="301" pdfPage="http://pesquisa.in.gov.br/imprensa/jsp/visualiza/index.jsp?data=01/08/2025&amp;jornal=530&amp;pagina=301" editionNumber="144" highlightType="" highlightPriority="" highlight="" highlightimage="" highlightimagename="" idMateria="22884636">
  <body>
    <Identifica><![CDATA[EXTRATO DE TERMO ADITIVO ]]></Identifica>
    <Data><![CDATA[]]></Data>
    <Ementa />
    <Titulo />
    <SubTitulo />
    <Texto><![CDATA[<p class="identifica">EXTRATO DE TERMO ADITIVO</p><p>Espécie: 15º TERMO ADITIVO POR APOSTILAMENTO AO CONTRATO Nº 232/2020</p><p>CONTRATANTE: MUNICIPIO DE TOLEDO</p><p>CONTRATADA: COMERCIO E TRANSPORTE IRMÃOS BRUM LTDA ME</p><p>OBJETO: CLÁUSULA PRIMEIRA - DO OBJETO DO APOSTILAMENTO: O presente Termo de Apostilamento tem como objetivo a modificação unilateral do Contrato, registrado e publicado através do nº 232/2020, de 25 de maio de 2020, por parte da Administração, visando a alteração do fiscal do Contrato, passando do servidor Pércimo Domigos Noronha Chiaretto para o servidor Geovane José Philippsen. Termo aditivo firmado em 03 de junho de 2025, oriundo do processo licitatório de Pregão Presencial nº 263/2019.</p><p>DATA DE ASSINATURA: 3 de junho de 2025.</p>]]></Texto>
  </body>
  <Midias />
</article></xml>