﻿<xml><article id="44718902" name="DOU AVISO CREDENCIAMENTO PUBLICO" idOficio="11169977" pubName="DO3" artType="Aviso de Credenciamento" pubDate="01/08/2025" artClass="00075:00005:00513:00001:00000:00000:00000:00000:00000:00000:00073:00000" artCategory="Prefeituras/Estado da Bahia/Prefeitura Municipal de Vitória da Conquista/Secretaria de Administração" artSize="12" artNotes="" numberPage="250" pdfPage="http://pesquisa.in.gov.br/imprensa/jsp/visualiza/index.jsp?data=01/08/2025&amp;jornal=530&amp;pagina=250" editionNumber="144" highlightType="" highlightPriority="" highlight="" highlightimage="" highlightimagename="" idMateria="22914271">
  <body>
    <Identifica><![CDATA[ AVISO de  CREDENCIAMENTO PÚBLICO  Nº 6/2025]]></Identifica>
    <Data><![CDATA[]]></Data>
    <Ementa />
    <Titulo />
    <SubTitulo />
    <Texto><![CDATA[<p></p><p class="identifica">AVISO de CREDENCIAMENTO PÚBLICO Nº 6/2025</p><p>PROCESSO ADMINISTRATIVO Nº: 24.696/2025 O Município de Vitória da Conquista - BA, realizará pelo período de 12 (doze) meses contados a partir da data de publicação do edital, com recebimento dos documentos das 08:30h às 11:30h e das 14:00h às 17:00h, na Central Estratégica de Compras Públicas da Prefeitura Municipal de Vitória da Conquista, situada à Rua João Pessoa, nº 253, 1º Andar, Bairro Centro, Cep 45.000-495, Vitória da Conquista/BA, Credenciamento Público nº 006/2025 - Processo 24.696/2025, para Credenciamento de Instituições Financeiras para prestação de serviços bancários de arrecadação de diversas receitas devidas à Secretaria Municipal de Mobilidade Urbana do Município de Vitória da Conquista, sem exclusividade, por meio de documento próprio de arrecadação com código de barras em padrão FEBRABAN, em suas agências, através de guichês de caixa e/ou meios eletrônicos, com prestação de contas por meio magnético dos valores arrecadados, conforme objeto e demais indicações, na forma consubstanciada nas cláusulas do Edital. O Edital completo encontra-se disponível no site: www.pmvc.ba.gov.br, no link "Processos Licitatórios". Informações: Central de Compras - Agente de Contratação: Lúcio Oliveira Maia, telefone: (77) 98856-5228.</p><p></p><p class="assina">Romar Souza Barros</p><p class="cargo">Secretário Municipal de Gestão e Inovação</p>]]></Texto>
  </body>
  <Midias />
</article></xml>