﻿<xml><article id="44719692" name="3A TA CONV. UFPE NA 62-2022 - 23" idOficio="11152902" pubName="DO3" artType="Extrato de Termo Aditivo" pubDate="01/08/2025" artClass="00073:04862:08146:00000:00000:00000:00000:00000:00000:00000:00053:00000" artCategory="Ineditoriais/Fundação de Apoio ao Desenvolvimento da Universidade Federal de Pernambuco" artSize="12" artNotes="" numberPage="228" pdfPage="http://pesquisa.in.gov.br/imprensa/jsp/visualiza/index.jsp?data=01/08/2025&amp;jornal=530&amp;pagina=228" editionNumber="144" highlightType="" highlightPriority="" highlight="" highlightimage="" highlightimagename="" idMateria="22883783">
  <body>
    <Identifica><![CDATA[ Extrato de Termo Aditivo]]></Identifica>
    <Data><![CDATA[]]></Data>
    <Ementa />
    <Titulo />
    <SubTitulo />
    <Texto><![CDATA[<p></p><p class="identifica">Extrato de Termo Aditivo</p><p>(Processo 23076.036767/2022-50). Espécie: Terceiro Termo Aditivo ao Convênio nº. 62/2022-UFPE, do IV CURSO DE PÓS-GRADUAÇÃO LATO SENSU (ESPECIALIZAÇÃO) EM PROCESSO CIVIL CONTEMPORÂNEO, assinado em 03 de junho de 2025, celebrado entre a Fundação de Apoio ao Desenvolvimento da Universidade Federal de Pernambuco - FADE-UFPE - CNPJ/MF n° 11.735.586/0001-59 neste ato legalmente representada por sua Diretora Presidente, Maira Galdino da Rocha Pitta -e a UFPE - CNPJ n° <sup></sup> 24.134.488/0001-08, neste ato legalmente representada pelo seu Reitor, Profº Alfredo Macedo Gomes. Objeto: Atualizar o Plano de trabalho e o Orçamento detalhado, com prorrogação do convênio vigorará de 08/09/2022 até 08/12/2025.</p>]]></Texto>
  </body>
  <Midias />
</article></xml>