﻿<xml><article id="44719292" name="Casa Lar DOU" idOficio="11172831" pubName="DO3" artType="Aviso de Licitação-Concorrência" pubDate="01/08/2025" artClass="00075:00015:00434:00000:00000:00000:00000:00000:00000:00000:00159:00000" artCategory="Prefeituras/Estado do Paraná/PREFEITURA MUNICIPAL DE SIQUEIRA CAMPOS" artSize="12" artNotes="" numberPage="298" pdfPage="http://pesquisa.in.gov.br/imprensa/jsp/visualiza/index.jsp?data=01/08/2025&amp;jornal=530&amp;pagina=298" editionNumber="144" highlightType="" highlightPriority="" highlight="" highlightimage="" highlightimagename="" idMateria="22918443">
  <body>
    <Identifica><![CDATA[Aviso de  Licitação  ]]></Identifica>
    <Data><![CDATA[ Siqueira Campos - PR, 28 de julho de 2025.]]></Data>
    <Ementa />
    <Titulo />
    <SubTitulo />
    <Texto><![CDATA[<p class="identifica">Aviso de Licitação</p><p class="identifica">Concorrência Eletrônica Nº 8/2025</p><p>OBJETO: Contratação de empresa especializada em obra de engenharia para executar a construção de uma Unidade de Acolhimento (Casa Lar) através do Convênio n° 941631/2023 REGOV/MDS conforme memorial descritivo, planilhas, projetos e demais anexos do edital, nos termos do Artigo 6º, inciso XXXVIII, da Lei Federal 14.133/21. PROTOCOLO: www.bll.org.br VALOR DE ABERTURA DO EDITAL: R$ 866.728,33 (oitocentos e sessenta e seis mil setecentos e vinte e oito reais e trinta e três centavos). FIM DE RECEBIMENTO DAS PROPOSTAS: 21/08/2025 - HORA 08h00min. INICIO DA SESSÃO: 21 de agosto de 2025 - Hora: 09h00min. INFORMAÇÕES: Prefeitura Municipal - Tel: (43) 3571-1122. EDITAL COMPLETO - www.siqueiracampos.pr.gov.br/licitacao e www.bll.org.br.</p><p class="data">Siqueira Campos - PR, 28 de julho de 2025.</p><p class="assina">Ângela Costa dos Santos</p><p class="cargo">Agente de Contratação</p>]]></Texto>
  </body>
  <Midias />
</article></xml>