﻿<xml><article id="44732724" name="DOU_0478_2025_Extrato Ata" idOficio="11154676" pubName="DO3" artType="Extrato de Termo Aditivo" pubDate="01/08/2025" artClass="00075:00015:00450:00000:00000:00000:00000:00000:00000:00000:00053:00000" artCategory="Prefeituras/Estado do Paraná/Prefeitura Municipal de Toledo" artSize="12" artNotes="" numberPage="303" pdfPage="http://pesquisa.in.gov.br/imprensa/jsp/visualiza/index.jsp?data=01/08/2025&amp;jornal=530&amp;pagina=303" editionNumber="144" highlightType="" highlightPriority="" highlight="" highlightimage="" highlightimagename="" idMateria="22887015">
  <body>
    <Identifica><![CDATA[EXTRATO  DE REGISTRO DE PREÇOS]]></Identifica>
    <Data><![CDATA[]]></Data>
    <Ementa />
    <Titulo />
    <SubTitulo />
    <Texto><![CDATA[<p class="identifica">EXTRATO DE REGISTRO DE PREÇOS</p><p>Espécie: ATA DE REGISTRO DE PREÇOS Nº 478/2025</p><p>CONTRATANTE: MUNICÍPIO DE TOLEDO</p><p>CONTRATADA: SONOMAG COMERCIO DE COLCHOES MAGNETIZADOS LTDA</p><p>OBJETO: Registro de Preços, pelo período de 12 (doze) meses, para eventual aquisição de itens de uso pessoal a serem utilizados pelas crianças e adolescentes acolhidos nas Casas Abrigo e por pessoas em situação de rua - PSR e pessoas com deficiência - PCDs do Município de Toledo/PR. VALOR: R$ 3.800,00 (três mil e oitocentos reais). Ata de registro de preço firmada em 10 de junho de 2025, oriunda da licitação modalidade Pregão Eletrônico nº 10/2025.</p><p>DATA DE ASSINATURA: 10 de junho de 2025.</p>]]></Texto>
  </body>
  <Midias />
</article></xml>