﻿<xml><article id="44719091" name="EXTRATO DE TERMO ADITIVO - CONTR" idOficio="11168102" pubName="DO3" artType="Extrato de Termo Aditivo" pubDate="01/08/2025" artClass="00028:00045:00000:00000:00000:00000:00000:00000:00000:00000:00053:00000" artCategory="Ministério da Fazenda/Casa da Moeda do Brasil" artSize="12" artNotes="" numberPage="87" pdfPage="http://pesquisa.in.gov.br/imprensa/jsp/visualiza/index.jsp?data=01/08/2025&amp;jornal=530&amp;pagina=87" editionNumber="144" highlightType="" highlightPriority="" highlight="" highlightimage="" highlightimagename="" idMateria="22910640">
  <body>
    <Identifica><![CDATA[ Extrato de Termo Aditivo]]></Identifica>
    <Data><![CDATA[]]></Data>
    <Ementa />
    <Titulo />
    <SubTitulo />
    <Texto><![CDATA[<p class="identifica">Extrato de Termo Aditivo</p><p>Espécie: Segundo Termo Aditivo ao Contrato nº 1199/2022, para prestação de serviços de locação de purificadores de água potável, celebrado entre a Casa da Moeda do Brasil - CMB e BRAZON MAXFILTER INDÚSTRIA E LOCAÇÃO DE PURIFICADORES DE ÁGUA LTDA; CNPJ nº 09.114.027/0001-80; oriundo do Pregão Eletrônico nº 0064/2022; processo nº 18750.110491/2022-01; referente à prorrogação do prazo preceituado na CLÁUSULA SEGUNDA - VIGÊNCIA, pelo período de 12 (doze) meses, a contar de 31/08/2025; amparo legal: artigos 71 e 72 da Lei nº 13.303/2016; Valor do Aditivo: R$86.318,16; recurso orçamentário: "Serviços de Terceiros", aprovado para os exercícios 2025 a 2026; assinado em 24/07/2025; assinam pela CMB: Wagner Fernando Bueno Coelho e Alex Anderson Nunes Pereira - Superintendentes; assina pela contratada: Larissa Teixeira dos Santos - Procuradora.</p>]]></Texto>
  </body>
  <Midias />
</article></xml>