﻿<xml><article id="44735110" name="8. EXTRATO_2_TERMO_ADITIVO_096. " idOficio="11184332" pubName="DO3" artType="Extrato de Termo Aditivo" pubDate="01/08/2025" artClass="00075:00003:00008:00000:00000:00000:00000:00000:00000:00000:00053:00000" artCategory="Prefeituras/Estado do Amapá/Prefeitura Municipal de Macapá" artSize="12" artNotes="" numberPage="239" pdfPage="http://pesquisa.in.gov.br/imprensa/jsp/visualiza/index.jsp?data=01/08/2025&amp;jornal=530&amp;pagina=239" editionNumber="144" highlightType="" highlightPriority="" highlight="" highlightimage="" highlightimagename="" idMateria="22937176">
  <body>
    <Identifica><![CDATA[ EXTRATO DE termo aditivo]]></Identifica>
    <Data><![CDATA[]]></Data>
    <Ementa />
    <Titulo />
    <SubTitulo />
    <Texto><![CDATA[<p class="identifica">EXTRATO DE termo aditivo</p><p>2° TERMO ADITIVO DE PRAZO AO CONTRATO Nº 96/2023 - SEMOB/PMM</p><p>Objeto: CONSTRUÇÃO DE PASSARELA DE CONCRETO, NO MUNICIPIO DE MACAPÁ CONVÊNIO Nº 905261/2020. Que fazem entre si o Município de Macapá, através da Secretaria Municipal de Obras e Infraestrutura Urbana - SEMOB, como CONTRATANTE E A EMPRESA SALLES COMERCIO E EMPREENDIMENTOS LTDA, CNPJ: 14.022.318/0001-88, como contratada, para os fins nele DECLARADOS. OBJETO - O presente termo aditivo tem por objeto a prorrogação do prazo de execução e vigência do Contratual a partir de 27/06/2025 a 24/12/2025, nos termos do art. 57, (II ou IV), da Lei n.º 8.666, de 1993. O presente termo aditivo produzirá efeitos a partir da data de sua assinatura.</p><p></p>]]></Texto>
  </body>
  <Midias />
</article></xml>