﻿<xml><article id="44732676" name="DOU_0444_2025_Extrato Ata" idOficio="11154456" pubName="DO3" artType="Extrato de Termo Aditivo" pubDate="01/08/2025" artClass="00075:00015:00450:00000:00000:00000:00000:00000:00000:00000:00053:00000" artCategory="Prefeituras/Estado do Paraná/Prefeitura Municipal de Toledo" artSize="12" artNotes="" numberPage="302" pdfPage="http://pesquisa.in.gov.br/imprensa/jsp/visualiza/index.jsp?data=01/08/2025&amp;jornal=530&amp;pagina=302" editionNumber="144" highlightType="" highlightPriority="" highlight="" highlightimage="" highlightimagename="" idMateria="22886701">
  <body>
    <Identifica><![CDATA[EXTRATO  DE REGISTRO DE PREÇOS]]></Identifica>
    <Data><![CDATA[]]></Data>
    <Ementa />
    <Titulo />
    <SubTitulo />
    <Texto><![CDATA[<p class="identifica">EXTRATO DE REGISTRO DE PREÇOS</p><p>Espécie: ATA DE REGISTRO DE PREÇOS Nº 444/2025</p><p>CONTRATANTE: MUNICÍPIO DE TOLEDO</p><p>CONTRATADA: HYGIEL COMERCIO DE PRODUTOS DE LIMPEZA LTDA</p><p>OBJETO: Registro de preços, pelo período de 12 (doze) meses, para eventual aquisição de materiais de expediente, higiene e limpeza afim de atender a demanda das Secretarias Municipais de Toledo. VALOR: 273.364,20 (duzentos e setenta e três mil trezentos e sessenta e quatro reais e vinte centavos). Ata firmada em 05 de junho de 2025, oriunda da licitação modalidade Pregão Eletrônico nº 30/2025.</p><p>DATA DE ASSINATURA: 5 de junho de 2025.</p>]]></Texto>
  </body>
  <Midias />
</article></xml>