﻿<xml><article id="44733012" name="DOU_0064_2024_05A Aditivo" idOficio="11153157" pubName="DO3" artType="Extrato de Termo Aditivo" pubDate="01/08/2025" artClass="00075:00015:00450:00000:00000:00000:00000:00000:00000:00000:00053:00000" artCategory="Prefeituras/Estado do Paraná/Prefeitura Municipal de Toledo" artSize="12" artNotes="" numberPage="299" pdfPage="http://pesquisa.in.gov.br/imprensa/jsp/visualiza/index.jsp?data=01/08/2025&amp;jornal=530&amp;pagina=299" editionNumber="144" highlightType="" highlightPriority="" highlight="" highlightimage="" highlightimagename="" idMateria="22884256">
  <body>
    <Identifica><![CDATA[ EXTRATO DE TERMO ADITIVO ]]></Identifica>
    <Data><![CDATA[]]></Data>
    <Ementa />
    <Titulo />
    <SubTitulo />
    <Texto><![CDATA[<p class="identifica">EXTRATO DE TERMO ADITIVO</p><p>Espécie: 05º TERMO ADITIVO AO CONTRATO Nº 64/2024</p><p>CONTRATANTE: MUNICIPIO DE TOLEDO</p><p>CONTRATADA: GUGALEX TRANSPORTES E TURISMO LTDA</p><p>OBJETO: CLÁUSULA PRIMEIRA - DO OBJETO: O presente Termo Aditivo tem por objeto reajustar os valores contratuais, com aplicação do Índice Nacional de Preços ao Consumidor - INPC de 4,866500%, referente ao aumento apurado no período entre 03/2024 e 02/2025, com efeitos a contar de 06 de março de 2025. Reajuste INPC e reequilíbrio do insumo Diesel PR001804/2024: Lote 02 - Rota 02: O valor do KM passará de R$ 7,294 para R$ 7,428; Lote 03 - Rota 05: O valor do KM passará de R$ 6,269 para R$ 6,384; Lote 07 - Rota 09: O valor do KM passará de R$ 12,915 para R$ 13,188; Lote 09 - Rota 26: O valor do KM passará de R$ 3,02 para R$ 3,156; Lote 11 - Rota 56: O valor do KM passará de R$ 9,829 para R$ 10,229; Lote 14 - Rota 60: O valor do KM passará de R$ 4,913 para R$ 5,094. Termo aditivo firmado em 09 de maio de 2025, oriundo do processo de Pregão Eletrônico nº 238/2023.</p><p>DATA DE ASSINATURA: 9 de maio de 2025.</p>]]></Texto>
  </body>
  <Midias />
</article></xml>