﻿<xml><article id="44720373" name="DOU - PE 018.2025" idOficio="11181773" pubName="DO3" artType="Aviso de Licitação" pubDate="01/08/2025" artClass="00075:00012:01079:00000:00000:00000:00000:00000:00000:00000:00079:00000" artCategory="Prefeituras/Estado de Minas Gerais/Prefeitura Municipal de Tupaciguara" artSize="12" artNotes="" numberPage="279" pdfPage="http://pesquisa.in.gov.br/imprensa/jsp/visualiza/index.jsp?data=01/08/2025&amp;jornal=530&amp;pagina=279" editionNumber="144" highlightType="" highlightPriority="" highlight="" highlightimage="" highlightimagename="" idMateria="22932126">
  <body>
    <Identifica><![CDATA[AVISO DE LICITAÇÃO]]></Identifica>
    <Data><![CDATA[]]></Data>
    <Ementa />
    <Titulo />
    <SubTitulo />
    <Texto><![CDATA[<p class="identifica">AVISO DE LICITAÇÃO</p><p class="identifica">Pregão Eletrônico nº 18/2025</p><p>O Município de Tupaciguara/MG torna público a publicação do Processo Licitatório nº. 052/2025, modalidade Pregão Eletrônico nº. 018/2025 objetivando a contratação de empresa para adequação e fornecimento de materiais contra incêndios do prédio da prefeitura municipal de Tupaciguara conforme condições estabelecidas no Estudo Técnico Preliminar, Termo de Referência e demais anexo ao Edital. A sessão será realizada no dia 19/08/2025 às 09:00 hs através do site www.licitanet.com.br. Demais informações poderão ser obtidas pelo telefone (34) 3281-0057 ou pelo e-mail licitacaogestao20212024@gmail.com. Edital encontra-se disponível na página https://www.tupaciguara.mg.gov.br/exercicio-2025/ , na sede do departamento, no mural e PNCP.</p><p class="assina">Bruno Rodrigues Machado</p><p class="cargo">Secretário Municipal de Administração e Finanças</p>]]></Texto>
  </body>
  <Midias />
</article></xml>