﻿<xml><article id="44719493" name="ExtratouniaoPP17" idOficio="11173690" pubName="DO3" artType="Aviso de Licitação" pubDate="01/08/2025" artClass="00075:00019:00104:00000:00000:00000:00000:00000:00000:00000:00079:00000" artCategory="Prefeituras/Estado do Rio Grande do Sul/Prefeitura Municipal de Cândido Godói" artSize="12" artNotes="" numberPage="312" pdfPage="http://pesquisa.in.gov.br/imprensa/jsp/visualiza/index.jsp?data=01/08/2025&amp;jornal=530&amp;pagina=312" editionNumber="144" highlightType="" highlightPriority="" highlight="" highlightimage="" highlightimagename="" idMateria="22919925">
  <body>
    <Identifica><![CDATA[ AVISO DE LICITAÇÃO]]></Identifica>
    <Data><![CDATA[ Cândido Godói-RS,   31 de julho de 2025.]]></Data>
    <Ementa />
    <Titulo />
    <SubTitulo />
    <Texto><![CDATA[<p></p><p class="identifica">AVISO DE LICITAÇÃO</p><p class="identifica">PREGÃO PRESENCIAL N° 17/2025</p><p>REGISTRO DE PREÇOS PARA AQUISIÇÃO DE MATERIAL ODONTOLÓGICO. Data: 14/08/2025, às 08h, na Sala de Licitações da Prefeitura Municipal. Edital: www.candidogodoi.rs.gov.br. Informações: (55) 35481205, e-mail: licitacao@candidogodoi.rs.gov.br.</p><p class="data">Cândido Godói-RS, 31 de julho de 2025.</p><p class="assina">Guerino Backes</p><p class="cargo">Prefeito</p>]]></Texto>
  </body>
  <Midias />
</article></xml>