﻿<xml><article id="44738135" name="2025-07-30/11184983/siasgnet_229" idOficio="11184983" pubName="DO3" artType="Aviso de Licitação-Pregão" pubDate="01/08/2025" artClass="00025:00073:00007:00000:00000:00000:00000:00000:00000:00000:00162:00001" artCategory="Ministério da Educação/Instituto Federal de Educação, Ciência e Tecnologia da Paraíba/Campus Patos" artSize="12" artNotes="" numberPage="43" pdfPage="http://pesquisa.in.gov.br/imprensa/jsp/visualiza/index.jsp?data=01/08/2025&amp;jornal=530&amp;pagina=43" editionNumber="144" highlightType="" highlightPriority="" highlight="" highlightimage="" highlightimagename="" idMateria="22938655">
  <body>
    <Identifica><![CDATA[ AVISO DE LICITAÇÃO]]></Identifica>
    <Data><![CDATA[]]></Data>
    <Ementa />
    <Titulo />
    <SubTitulo />
    <Texto><![CDATA[<p class="identifica">AVISO DE LICITAÇÃO</p><p class="identifica">Pregão Eletrônico Nº 90003/2025 - UASG 158470</p><p>Nº Processo: 23168001060202507. Objeto: Contratação de serviços contínuos de manutenção e conservação predial e serviços de apoio administrativo no IFPB Campus Patos e demais unidades participantes. Total de Itens Licitados: 17. Edital: 01/08/2025 das 08h00 às 12h00 e das 14h00 às 17h59. Endereço: Ac Rodovia Pb-110 S/n, Alto da Tubiba - Patos/PB ou https://www.gov.br/compras/edital/158470-5-90003-2025. Entrega das Propostas: a partir de 01/08/2025 às 08h00 no site www.gov.br/compras. Abertura das Propostas: 18/08/2025 às 08h00 no site www.gov.br/compras. Informações Gerais: .</p><p class="assina">JESSYKA PEREIRA DE LIMA</p><p class="cargo">Coordenadora de Compras e Licitações</p><p>(SIASGnet - 30/07/2025) 158470-26417-2025NE000001</p>]]></Texto>
  </body>
  <Midias />
</article></xml>