﻿<xml><article id="44732655" name="DOU_PE_018_2025_Termo de Homolog" idOficio="11155027" pubName="DO3" artType="Aviso de Homologação" pubDate="01/08/2025" artClass="00075:00015:00450:00000:00000:00000:00000:00000:00000:00000:00075:00000" artCategory="Prefeituras/Estado do Paraná/Prefeitura Municipal de Toledo" artSize="12" artNotes="" numberPage="306" pdfPage="http://pesquisa.in.gov.br/imprensa/jsp/visualiza/index.jsp?data=01/08/2025&amp;jornal=530&amp;pagina=306" editionNumber="144" highlightType="" highlightPriority="" highlight="" highlightimage="" highlightimagename="" idMateria="22887597">
  <body>
    <Identifica><![CDATA[AVISO DE HOMOLOGAÇÃO  ]]></Identifica>
    <Data><![CDATA[Em 2 de junho de 2025.]]></Data>
    <Ementa />
    <Titulo />
    <SubTitulo />
    <Texto><![CDATA[<p class="identifica">AVISO DE HOMOLOGAÇÃO</p><p class="identifica">PREGÃO ELETRÔNICO Nº 18/2025</p><p>OBJETO: Considerando a decisão da comissão julgadora; considerando, que segundo o parecer da Assessoria Jurídica o processo tramitou e seguiu os ditames da legislação pertinente, homologo o resultado da licitação na modalidade de PREGÃO ELETRÔNICO Nº 18/2025, cujo objeto é o Registro de Preços, pelo período de 12 (doze) meses, para contratação de empresa para a prestação de serviços de manutenção, fornecimento, instalação e limpeza de calhas e rufos. Serão utilizados recursos do cofinanciamento federal do Sistema Único de Assistência Social SUAS conforme regulamenta a Portaria MDS nº 1.043 de 24/12/2024. GABINETE DO PREFEITO DO MUNICÍPIO DE TOLEDO.</p><p class="data">Em 2 de junho de 2025.</p><p class="assina">MARIO CESAR COSTENARO</p><p class="cargo">Prefeito</p>]]></Texto>
  </body>
  <Midias />
</article></xml>