﻿<xml><article id="44721100" name="Aviso de Homologacao proc. 1053." idOficio="11173669" pubName="DO3" artType="Aviso de Homologação" pubDate="01/08/2025" artClass="00075:00021:00019:00000:00000:00000:00000:00000:00000:00000:00075:00000" artCategory="Prefeituras/Estado de Rondônia/Prefeitura Municipal de Chupinguaia" artSize="12" artNotes="" numberPage="318" pdfPage="http://pesquisa.in.gov.br/imprensa/jsp/visualiza/index.jsp?data=01/08/2025&amp;jornal=530&amp;pagina=318" editionNumber="144" highlightType="" highlightPriority="" highlight="" highlightimage="" highlightimagename="" idMateria="22919881">
  <body>
    <Identifica><![CDATA[AVISO DE HOMOLOGAÇÃO PREGÃO ELETRÔNICO Nº 65/2025]]></Identifica>
    <Data><![CDATA[  Chupinguaia, 24 de julho de 2025.]]></Data>
    <Ementa />
    <Titulo />
    <SubTitulo />
    <Texto><![CDATA[<p class="identifica">AVISO DE HOMOLOGAÇÃO PREGÃO ELETRÔNICO Nº 65/2025</p><p>A Prefeitura de Chupinguaia (RO), baseado no resultado apontado pelo Pregoeiro, no uso de suas atribuições legais, HOMOLOGA o Proc. Adm. nº1053/2025, conforme o P. E. nº 65/2025, o Pregoeiro, no uso de suas atribuições, deu por encerrado seus trabalhos, e adjudica como vencedoras as respectivas empresas: CIDAMAQ MAQUINAS E IMPLEMENTOS AGRICOLAS EIRELI, com valor R$ 55.700,00; AGRIMAQ COMERCIAL - EIRELI -com valor R$ 26.499,43 MERAK SOLUCOES LTDA, com valor R$ 26.800,00; BRASILFORTE COMERCIO AGRICOLA LTDA, com valor R$ 31.649,60; P.D.V PEÇAS LTDA, com valor R$ 12.899,99,Documentação da empresa, vencedora dos itens licitados, com valor, perfazendo o valor total de R$ 153.549,02 (cento e cinquenta e três mil, quinhentos e quarenta e nove reais e dois centavos). Cumpridas as exigências do Pregão Eletrônico apresentado os menores preços para o item de acordo com a Ata Final do Pregoeiro, Termo de Adjudicação, Homologação, em anexo</p><p class="data">Chupinguaia, 24 de julho de 2025.</p><p class="assina">WESLEY WANDERLEY DA COSTA GONÇALVES</p><p class="cargo">Prefeito</p>]]></Texto>
  </body>
  <Midias />
</article></xml>