﻿<xml><article id="44721280" name="AVISO DE ANULACAO DE LICITACAO C" idOficio="11170001" pubName="DO3" artType="Aviso de Anulação" pubDate="01/08/2025" artClass="00075:00024:00707:00000:00000:00000:00000:00000:00000:00000:00107:00000" artCategory="Prefeituras/Estado de São Paulo/Prefeitura Municipal de São Pedro do Turvo" artSize="12" artNotes="" numberPage="328" pdfPage="http://pesquisa.in.gov.br/imprensa/jsp/visualiza/index.jsp?data=01/08/2025&amp;jornal=530&amp;pagina=328" editionNumber="144" highlightType="" highlightPriority="" highlight="" highlightimage="" highlightimagename="" idMateria="22914306">
  <body>
    <Identifica><![CDATA[ AVISO DE ANULAÇÃO DE LICITAÇÃO]]></Identifica>
    <Data><![CDATA[Em        28 DE JULHO DE 2025]]></Data>
    <Ementa />
    <Titulo />
    <SubTitulo />
    <Texto><![CDATA[<p class="identifica">AVISO DE ANULAÇÃO DE LICITAÇÃO</p><p class="identifica">CONCORRÊNCIA ELETRÔNICA Nº 4/2025</p><p>Objeto: Contratação de empresa especializada para execução da obra de implantação do sistema de esgotamento sanitário na região oeste do Município de São Pedro do Turvo/SP.</p><p>A Prefeitura Municipal de São Pedro do Turvo torna pública a anulação da Concorrência nº 004/2025, com fundamento no princípio da autotutela administrativa (art. 53 da Lei Federal nº 9.784/1999), diante de vício identificado na condução do certame, relacionado à inversão indevida das fases de habilitação e julgamento, em desacordo com o §1º do art. 17 da Lei Federal nº 14.133/2021.</p><p>A decisão foi tomada com base em apontamento técnico da Secretaria Municipal de Administração e parecer jurídico da Assessoria Jurídica Municipal, visando garantir a legalidade e a lisura do procedimento licitatório.</p><p>Maiores informações: Departamento de Compras e Licitação - Avenida Sebastião Teixeira coelho, 65, centro, São Pedro do Turvo/SP, site: http://www.saopedrodoturvo.sp.gov.br</p><p>Maiores informações: Departamento de Compras e Licitação - Avenida Sebastião Teixeira coelho, 65, centro. Site: www.saopedrodoturvo.sp.gov.br</p><p class="data">Em 28 DE JULHO DE 2025</p><p class="assina">LUIZ FELIPE CASTRO TAVARES</p><p class="cargo">Prefeito</p>]]></Texto>
  </body>
  <Midias />
</article></xml>