﻿<xml><article id="44733006" name="DOU_1054_2022_07A Aditivo" idOficio="11153832" pubName="DO3" artType="Extrato de Termo Aditivo" pubDate="01/08/2025" artClass="00075:00015:00450:00000:00000:00000:00000:00000:00000:00000:00053:00000" artCategory="Prefeituras/Estado do Paraná/Prefeitura Municipal de Toledo" artSize="12" artNotes="" numberPage="305" pdfPage="http://pesquisa.in.gov.br/imprensa/jsp/visualiza/index.jsp?data=01/08/2025&amp;jornal=530&amp;pagina=305" editionNumber="144" highlightType="" highlightPriority="" highlight="" highlightimage="" highlightimagename="" idMateria="22885824">
  <body>
    <Identifica><![CDATA[EXTRATO DE  TERMO ADITIVO]]></Identifica>
    <Data><![CDATA[]]></Data>
    <Ementa />
    <Titulo />
    <SubTitulo />
    <Texto><![CDATA[<p class="identifica">EXTRATO DE TERMO ADITIVO</p><p>Espécie: 07º TERMO ADITIVO AO CONTRATO Nº 1054/2022</p><p>CONTRATANTE: MUNICIPIO DE TOLEDO</p><p>CONTRATADA: ILUMINA TOLEDO SPE S.A.</p><p>OBJETO: CLÁUSULA PRIMEIRA - DO OBJETO: O presente Termo Aditivo tem por objeto o reajuste da Contraprestação Mensal Máxima, com fundamento na Cláusula 35 do instrumento contratual, conforme a seguir: Fica determinado o reajuste da Contraprestação Mensal Máxima com a incidência dos índices deferidos por meio dos Termos Aditivos anteriores do Contrato e conforme variação acumulada do IPCA (12,88055%) apurada entre abril/2022 e fevereiro/2025, corrigindo o valor da Contraprestação Mensal Máxima, passando de R$ 339.807,31 (trezentos e trinta e nove mil, oitocentos e sete reais e trinta e um centavos) para R$ 356.993,46 (trezentos e cinquenta e seis mil, novecentos e noventa e três reais e quarenta e seis centavos), tendo seus efeitos a contar de abril de 2025. Termo aditivo firmado em 06 de maio de 2025, oriundo do processo de Concorrência nº 02/2022.</p><p>DATA DE ASSINATURA: 6 de maio de 2025.</p>]]></Texto>
  </body>
  <Midias />
</article></xml>