﻿<xml><article id="44719481" name="Publicacao Termo Aditivo 4.103.2" idOficio="11164720" pubName="DO3" artType="Extrato" pubDate="01/08/2025" artClass="00073:00665:01377:00000:00000:00000:00000:00000:00000:00000:00170:00000" artCategory="Ineditoriais/Associação Pró-Gestão das Águas da Bacia Hidrográfica do Rio Paraíba do Sul" artSize="12" artNotes="" numberPage="221" pdfPage="http://pesquisa.in.gov.br/imprensa/jsp/visualiza/index.jsp?data=01/08/2025&amp;jornal=530&amp;pagina=221" editionNumber="144" highlightType="" highlightPriority="" highlight="" highlightimage="" highlightimagename="" idMateria="22904360">
  <body>
    <Identifica><![CDATA[EXTRATO DE TERMO ADITIVO]]></Identifica>
    <Data><![CDATA[]]></Data>
    <Ementa />
    <Titulo />
    <SubTitulo />
    <Texto><![CDATA[<p class="identifica">EXTRATO DE TERMO ADITIVO</p><p>Processo 00001.000288/2023; Termo Aditivo 4.103.28823.1.01.06323.01.2025; Contratante: Associação Pró-Gestão das Águas da Bacia Hidrográfica do Rio Paraíba do Sul - AGEVAP, CNPJ nº 05.422.000/0001-01; Contratada: CONSÓRCIO SANEAR RURAL; CNPJ: 44.323.415/0001-71; Objeto: Reajuste ao valor do contrato nº 063/2023/AGEVAP firmado em 17 de novembro de 2023, nos termos da Lei Federal nº 8.666/1993 e alterações, Resolução INEA nº 160/2018 e justificativas apresentadas no processo administrativo nº 288/2023; Valor: R$ 355.346,67; Data de Assinatura: 21/02/2025.</p>]]></Texto>
  </body>
  <Midias />
</article></xml>