﻿<xml><article id="44729526" name="Extrato_de_Publicacao_DL NA 14-2" idOficio="11168645" pubName="DO3" artType="Extrato de Dispensa de Licitação" pubDate="01/08/2025" artClass="00075:00023:00317:00000:00000:00000:00000:00000:00000:00000:00037:00000" artCategory="Prefeituras/Estado de Santa Catarina/Prefeitura Municipal de Tubarão" artSize="12" artNotes="" numberPage="322" pdfPage="http://pesquisa.in.gov.br/imprensa/jsp/visualiza/index.jsp?data=01/08/2025&amp;jornal=530&amp;pagina=322" editionNumber="144" highlightType="" highlightPriority="" highlight="" highlightimage="" highlightimagename="" idMateria="22911393">
  <body>
    <Identifica><![CDATA[  EXTRATO DE instrumento contratual]]></Identifica>
    <Data><![CDATA[]]></Data>
    <Ementa />
    <Titulo />
    <SubTitulo />
    <Texto><![CDATA[<p class="identifica">EXTRATO DE instrumento contratual</p><p>Processo nº: 20/2025 - Dispensa de Licitação nº: 14/2025</p><p>Homologação: 22/07/2025</p><p>Fornecedor: PLASERICO - COMERCIAL DE ARTIGOS PLÁSTICO LTDA - CNPJ nº: 75.301.119/0001-01</p><p>Objeto: AQUISIÇÃO DE PISO VINÍLICO PARA DUAS SALAS NOVAS DO CEI PEIXINHO DOURADO, DESTINADAS AO ATENDIMENTO DE BEBÊS. CONFORME MEMORANDO 18.494/2025. Dotação: 9 - MANUTENÇÃO DA EDUCAÇÃO INFANTIL 25.001.12.365.0012.2036.3.3.90.00.00.1.550.0000.0204 - Outras Transf.. FNDE - SALÁRIO EDUCAÇÃO</p><p>Valor: R$ 4.497,00</p><p>Data da Assinatura: 22/07/2025</p>]]></Texto>
  </body>
  <Midias />
</article></xml>