﻿<xml><article id="44719148" name="ARQUIVO FORMATADO - CONCORRENCIA" idOficio="11184995" pubName="DO3" artType="Aviso de Revogação" pubDate="01/08/2025" artClass="00075:00021:00049:00000:00000:00000:00000:00000:00000:00000:00086:00000" artCategory="Prefeituras/Estado de Rondônia/Prefeitura Municipal de Rolim de Moura" artSize="12" artNotes="" numberPage="318" pdfPage="http://pesquisa.in.gov.br/imprensa/jsp/visualiza/index.jsp?data=01/08/2025&amp;jornal=530&amp;pagina=318" editionNumber="144" highlightType="" highlightPriority="" highlight="" highlightimage="" highlightimagename="" idMateria="22938667">
  <body>
    <Identifica><![CDATA[ AVISO DE REVOGAÇÃO  ]]></Identifica>
    <Data><![CDATA[ Rolim de Moura, 30 de Julho de 2025.]]></Data>
    <Ementa />
    <Titulo />
    <SubTitulo />
    <Texto><![CDATA[<p class="identifica">AVISO DE REVOGAÇÃO</p><p class="identifica">CONCORRÊNCIA ELETRÔNICA Nº 3/2025</p><p>A Prefeitura Municipal de Rolim de Moura - RO, através de seu Pregoeiro e Equipe de Apoio, designados por força das disposições contidas na Portaria n º 055/2024 datado de 09 de fevereiro de 2024 torna público A REVOGAÇAO DA LICITAÇAO CONCORRÊNCIA ELETRÔNICO Nº 03/2025 ORIGINADO DO PROCESSO ADMINISTRATIVO N° 3560/2025 COM OBJETO: CONTRATAÇÃO DE EMPRESA ESPECIALIZADA EM ELABORAÇÃO DE ESTUDOS, PROJETOS BÁSICOS E EXECUTIVOS de SISTEMAS DE DRENAGEM URBANA E MACRODRENAGEM DO MUNICIPIO DE ROLIM DE MOURA - TERMO DE COMPROMISSO Nº 969145/2024/MCIDADES/CAIXA", visando resguardar a legalidade, a eficiência administrativa e o interesse público, e com base no art. 71 da Lei nº 14.133/2021, que permite a revogação da licitação por razões de interesse público decorrente de fato superveniente devidamente comprovado, com posterior republicação do edital, agora com o critério de julgamento adequado ao objeto, qual seja, técnica e preço. As informações complementares sobre esta licitação poderão ser obtidas pelos interessados, no horário das 07:30 às 13:30 horas horário de Rondônia, de segunda à sexta-feira na Av. João Pessoa 4478 - centro ou pelo telefone n.º (69) 3442-3100, ou por e-mail semcol.rolimdemoura@gmail.com e também no Portal Transparência do município de Rolim de Moura, no site eletrônico www.rolimdemoura.ro.gov.br.</p><p class="data">Rolim de Moura, 30 de Julho de 2025.</p><p class="assina">ALDAIR JULIO PEREIRA</p><p class="cargo">Prefeito</p>]]></Texto>
  </body>
  <Midias />
</article></xml>