﻿<xml><article id="44732760" name="DOU_0232_2020_14A Aditivo" idOficio="11153407" pubName="DO3" artType="Extrato de Termo Aditivo" pubDate="01/08/2025" artClass="00075:00015:00450:00000:00000:00000:00000:00000:00000:00000:00053:00000" artCategory="Prefeituras/Estado do Paraná/Prefeitura Municipal de Toledo" artSize="12" artNotes="" numberPage="301" pdfPage="http://pesquisa.in.gov.br/imprensa/jsp/visualiza/index.jsp?data=01/08/2025&amp;jornal=530&amp;pagina=301" editionNumber="144" highlightType="" highlightPriority="" highlight="" highlightimage="" highlightimagename="" idMateria="22884635">
  <body>
    <Identifica><![CDATA[EXTRATO DE TERMO ADITIVO ]]></Identifica>
    <Data><![CDATA[]]></Data>
    <Ementa />
    <Titulo />
    <SubTitulo />
    <Texto><![CDATA[<p class="identifica">EXTRATO DE TERMO ADITIVO</p><p>Espécie: 14º TERMO ADITIVO AO CONTRATO Nº 232/2020</p><p>CONTRATANTE: MUNICIPIO DE TOLEDO</p><p>CONTRATADA: COMERCIO E TRANSPORTE IRMÃOS BRUM LTDA ME</p><p>OBJETO: CLÁUSULA PRIMEIRA - DO OBJETO: O presente termo aditivo tem por objeto a prorrogação excepcional do prazo de execução do contrato para as Rotas 73 e 94, até 18/12/2025. Por consequência, fica prorrogado o prazo de vigência do contrato até 10/02/2026. Tudo com amparo legal no artigo 57, inciso II, § 4º da Lei nº 8.666/1993. CLÁUSULA SEGUNDA - DA RESCISÃO: O contrato poderá ser rescindido pela Contratante a qualquer momento após a conclusão de nova contratação para prestação dos serviços que compõem o objeto do contrato, sem ônus para as partes, mediante comunicação prévia da Administração com 30 (trinta) dias corridos de antecedência. Termo aditivo firmado em 03 de junho de 2025, oriundo do processo licitatório na modalidade Pregão Presencial nº 263/2019.</p><p>DATA DE ASSINATURA: 3 de junho de 2025.</p>]]></Texto>
  </body>
  <Midias />
</article></xml>