﻿<xml><article id="44721406" name="Aviso de Adiamento de Licitacao " idOficio="11177956" pubName="DO3" artType="Aviso de Adiamento" pubDate="01/08/2025" artClass="00074:00018:00065:00000:00000:00000:00000:00000:00000:00000:00064:00000" artCategory="Governo do Estado/Governo do Estado do Piauí/SECRETARIA DO AGRONEGÓCIO E EMPREENDEDORISMO RURAL" artSize="12" artNotes="" numberPage="235" pdfPage="http://pesquisa.in.gov.br/imprensa/jsp/visualiza/index.jsp?data=01/08/2025&amp;jornal=530&amp;pagina=235" editionNumber="144" highlightType="" highlightPriority="" highlight="" highlightimage="" highlightimagename="" idMateria="22926019">
  <body>
    <Identifica><![CDATA[ AVISO DE ADIAMENTO ]]></Identifica>
    <Data><![CDATA[ Teresina (PI), 29 de julho de 2025.]]></Data>
    <Ementa />
    <Titulo />
    <SubTitulo />
    <Texto><![CDATA[<p class="identifica">AVISO DE ADIAMENTO</p><p class="identifica">CONCORRÊNCIA ELETRÔNICA Nº CPC nº 16/2025</p><p>Processos Administrativos SEI N° 00317.000775/2025-88</p><p>O ESTADO DO PIAUÍ, através da Secretaria de Agronegócio e Empreendedorismo Rural-SEAGRO/PI, dá ciência a todos que realizará a Concorrência Eletrônica Nº CPC 016/2025, Critério de Julgamento Menor Preço, regida pela Lei Federal Nº 14.133/21, conforme discriminação a seguir: OBJETO: O objeto da presente licitação é a escolha da proposta mais vantajosa para a contratação de empresa de engenharia civil para execução do objeto do convênio nº 959286/2024, que tem por objetivo a pavimentação de 10.893,18m² em paralelepípedo no município de Ribeira do Piauí-PI. DATA E HORÁRIO DE ABERTURA DA SESSÃO: A data de abertura da sessão marcada para o dia 08/08/2025 às 10:00h, fica adiada para o dia 15/08/2025 às 10:00h. DOTAÇÃO ORÇAMENTÁRIA: Plano de Trabalho: 52101.20.608.0107.5002; Natureza da Despesa: 44.90.51 e FR -700, VALOR GLOBAL ESTIMADO R$ 1.679.001,81 (Um milhão, seiscentos e setenta e nove mil, um real e oitenta e um centavos). INFORMAÇÕES: os interessados poderão ter acesso ao texto integral do Edital, Mural de Licitações do Tribunal de Contas do Estado do Piauí (https://www.tcepi.tc.br), no (https://www.comprasnet.gov.br), e Portal Nacional de Contratações Públicas (https://www.gov.br/pncp/pt-br).</p><p class="data">Teresina (PI), 29 de julho de 2025.</p><p class="assina">José Guimarães Lima Neto</p><p class="cargo">Agente de Contratação</p>]]></Texto>
  </body>
  <Midias />
</article></xml>