﻿<xml><article id="44722190" name="EXTRATO PRIMEIRO TERMO DE APOSTI" idOficio="11167462" pubName="DO3" artType="Extrato" pubDate="01/08/2025" artClass="00074:00003:00034:00000:00000:00000:00000:00000:00000:00000:00170:00000" artCategory="Governo do Estado/Governo do Estado de Alagoas/SECRETARIA DE ESTADO DE TRANSPORTE E DESENVOLVIMENTO URBANO - SETRAND" artSize="12" artNotes="" numberPage="233" pdfPage="http://pesquisa.in.gov.br/imprensa/jsp/visualiza/index.jsp?data=01/08/2025&amp;jornal=530&amp;pagina=233" editionNumber="144" highlightType="" highlightPriority="" highlight="" highlightimage="" highlightimagename="" idMateria="22909275">
  <body>
    <Identifica><![CDATA[ EXTRATO DE  APOSTILAMENTO]]></Identifica>
    <Data><![CDATA[]]></Data>
    <Ementa />
    <Titulo />
    <SubTitulo />
    <Texto><![CDATA[<p class="identifica">EXTRATO DE APOSTILAMENTO</p><p>Primeiro Termo de Apostila Ao Contrato CPL/AL Nº 13/2024</p><p>PROCESSO ADMINISTRATIVO N° E:05501.0000002602/2025</p><p>CONTRATANTE: Estado de Alagoas, por intermédio do Departamento de Estradas de Rodagem do Estado de Alagoas - DER/AL.</p><p>CONTRATADA: Consórcio L. Pereira &amp; Amorim Barreto - Manutenção de Rodovias Estaduais.</p><p>OBJETO DO CONTRATO: Execução de serviços de Manutenção das Rodovias Estaduais: AL-101 Sul, Trecho: Entr. BR-424 / Entr. AL-220 (Barra de São Miguel) - Lote 1, em decorrência de emergência e calamidade pública da BR-101/AL km 120 e 124, em Conformidade com o Convênio nº 693-2023/2023, firmado entre o DNIT e o Departamento de Estradas de Rodagem de Alagoas - DER/AL.</p><p>OBJETO DA APOSTILA: Por força desta apostila, ficam reajustados os preços do Contrato CPL/AL nº 13/2024, entre o período de janeiro/2024 a janeiro/2025, em R$ 2.738.099,62 (dois milhões setecentos e trinta e oito mil noventa e nove reais e sessenta e dois centavos). Considerando que o valor inicial do Contrato CPL/AL nº 13/2024 é de R$ 27.817.999,95 (vinte e sete milhões oitocentos e dezessete mil novecentos e noventa e nove reais e noventa e cinco centavos), com o reajuste previsto nesta apostila, o contrato passa a ter o valor consolidado de R$ 30.556.099,57 (trinta milhões quinhentos e cinquenta e seis mil noventa e nove reais e cinquenta e sete centavos). Tudo em conformidade com as declarações do Diretor de Operações, Sr. Eduardo Santos Reis (SEI 31978698).</p><p>DESPESAS: Os recursos orçamentários são provenientes da seguinte dotação orçamentária: Lei Orçamentária Estadual nº 9.454, de 03 de janeiro de 2025. Exercício financeiro de 2025. Classificação Institucional: Unidade Orçamentária 35538. Classificação funciona - programática: (26.782.1032.3662) - RESTAURAÇÃO E CONSERVAÇÃO DA MALHA VIÁRIA DO ESTADO/(26.782.1032.3670) - PROGRAMA CONECTA ALAGOAS/ (26.782.1032.3674) - PROGRAMA VISÃO ALAGOAS. Categoria Econômica: Despesas de Capital. Modalidade de Aplicação: Aplicação Direta. Natureza da Despesa: 4.4.90.51. Fonte de Recursos: Recursos do Tesouro, Recursos de Outras Fontes.</p><p>FUNDAMENTAÇÃO LEGAL: Este procedimento tem fundamentação legal no art. 65, §8º da Lei 8.666/1993, no art. 190 da Lei nº 14.133/2021 e no item 7.2 do Contrato CPL/AL nº 13/2024.</p><p>DOS SIGNATÁRIOS: José Iran Menezes da Silva - Diretor Presidente do DER/AL</p><p>Eduardo Santos Reis - Diretor de Implantação, Restauração e Conservação do DER/AL.</p><p>Luiz Pereira da Silva - Consórcio L. Pereira &amp; Amorim Barreto - Manutenção de Rodovias Estaduais.</p><p>DATA DE ASSINATURA: 24 de julho de 2025.</p>]]></Texto>
  </body>
  <Midias />
</article></xml>