﻿<xml><article id="44732928" name="DOU_0554_2021_17A Aditivo" idOficio="11153832" pubName="DO3" artType="Extrato de Termo Aditivo" pubDate="01/08/2025" artClass="00075:00015:00450:00000:00000:00000:00000:00000:00000:00000:00053:00000" artCategory="Prefeituras/Estado do Paraná/Prefeitura Municipal de Toledo" artSize="12" artNotes="" numberPage="305" pdfPage="http://pesquisa.in.gov.br/imprensa/jsp/visualiza/index.jsp?data=01/08/2025&amp;jornal=530&amp;pagina=305" editionNumber="144" highlightType="" highlightPriority="" highlight="" highlightimage="" highlightimagename="" idMateria="22885817">
  <body>
    <Identifica><![CDATA[EXTRATO DE  TERMO ADITIVO]]></Identifica>
    <Data><![CDATA[]]></Data>
    <Ementa />
    <Titulo />
    <SubTitulo />
    <Texto><![CDATA[<p class="identifica">EXTRATO DE TERMO ADITIVO</p><p>Espécie: 17º TERMO ADITIVO AO CONTRATO Nº 554/2021</p><p>CONTRATANTE: MUNICIPIO DE TOLEDO</p><p>CONTRATADA: TRANS BRASIL LTDA ME</p><p>OBJETO: CLÁUSULA PRIMEIRA - DO OBJETO: O presente termo aditivo tem por objeto a prorrogação excepcional do prazo de execução do contrato até 18/12/2025. Por consequência, fica prorrogado o prazo de vigência do contrato até 18/02/2026. Tudo com amparo legal no artigo 57, inciso II, § 4º da Lei nº 8.666/1993. Termo aditivo firmado em 11 de junho de 2025, oriundo do Pregão Eletrônico nº 93/2021.</p><p>DATA DE ASSINATURA: 11 de junho de 2025.</p>]]></Texto>
  </body>
  <Midias />
</article></xml>