﻿<xml><article id="44721262" name="UNIAO - AVISO DE LICITACAO-PP020" idOficio="11182162" pubName="DO3" artType="Aviso de Licitação" pubDate="01/08/2025" artClass="00075:00022:00016:00000:00000:00000:00000:00000:00000:00000:00078:00000" artCategory="Prefeituras/Estado de Roraima/Prefeitura Municipal de Rorainópolis" artSize="12" artNotes="" numberPage="321" pdfPage="http://pesquisa.in.gov.br/imprensa/jsp/visualiza/index.jsp?data=01/08/2025&amp;jornal=530&amp;pagina=321" editionNumber="144" highlightType="" highlightPriority="" highlight="" highlightimage="" highlightimagename="" idMateria="22932718">
  <body>
    <Identifica><![CDATA[ AVISO DE LICITAÇÃO]]></Identifica>
    <Data><![CDATA[ Rorainópolis-RR, 29 de julho de 2025.]]></Data>
    <Ementa />
    <Titulo />
    <SubTitulo />
    <Texto><![CDATA[<p class="identifica">AVISO DE LICITAÇÃO</p><p class="identifica">PREGÃO PRESENCIAL Nº 20/2025 - SLC</p><p>PROCESSO LICITATÓRIO Nº 097/2025 - SEMSA/PMR</p><p>A PREFEITURA MUNICIPAL DE RORAINÓPOLIS (RR), por intermédio do Setor de Licitações e Contratação - SLC, instituído pelo Decreto n.º 017/2024, torna público aos interessados, que realizará Processo Licitatório na modalidade PREGÃO PRESENCIAL, nos termos da Lei n° 14.133 de 2021 e demais legislações aplicáveis, com MENOR PREÇO "POR ITEM", MODO DE DISPUTA ABERTO, para AQUISIÇÃO DE EQUIPAMENTOS MÉDICO-HOSPITALARES, COM RECURSOS PROVENIENTES DE EMENDA PARLAMENTAR Nº 085/2025 DE AUTORIA DO DEPUTADO ESTADUAL JORGE EVERTON, DESTINADOS ÀS UNIDADES DE SAÚDE DO MUNICÍPIO DE RORAINÓPOLIS (RR). O Pregoeiro torna público que: às 09h00min do dia 14 de agosto de 2025 fará realizar licitação na modalidade Pregão Presencial, tipo MENOR PREÇO POR ITEM, na sala de reuniões de Setor de Licitações e Contratação - SLC/PMR, situado na Rua Pedro Daniel da Silva, nº 51, Bairro: Centro, Rorainópolis (RR) - 69.373-000. Os interessados deverão retirar o Edital na internet através do link https://rorainopolis.rr.gov.br/transparencia/contratos-e-licitacoes, ou mediante solicitação via e-mail: cplrorainopolis@gmail.com; Os esclarecimentos e as informações necessárias aos licitantes serão prestados pela SLC, no e-mail citado acima.</p><p class="data">Rorainópolis-RR, 29 de julho de 2025.</p><p class="assina">RAFAEL LOPES DUARTE</p><p class="cargo">Agente de Contratação/Pregoeiro</p>]]></Texto>
  </body>
  <Midias />
</article></xml>