﻿<xml><article id="44727578" name="EXTRATO_140_25_RESULTADO_DE_PREG" idOficio="11148835" pubName="DO3" artType="Extrato" pubDate="01/08/2025" artClass="00075:00012:00701:00000:00000:00000:00000:00000:00000:00000:00170:00000" artCategory="Prefeituras/Estado de Minas Gerais/Prefeitura Municipal de Montes Claros" artSize="12" artNotes="" numberPage="276" pdfPage="http://pesquisa.in.gov.br/imprensa/jsp/visualiza/index.jsp?data=01/08/2025&amp;jornal=530&amp;pagina=276" editionNumber="144" highlightType="" highlightPriority="" highlight="" highlightimage="" highlightimagename="" idMateria="22877175">
  <body>
    <Identifica><![CDATA[RESULTADO DE JULGAMENTO  PREGÃO ELETRÔNICO Nº 43/2025]]></Identifica>
    <Data><![CDATA[ Montes Claros-MG, 16 de julho de 2025.]]></Data>
    <Ementa />
    <Titulo />
    <SubTitulo />
    <Texto><![CDATA[<p></p><p class="identifica">RESULTADO DE JULGAMENTO PREGÃO ELETRÔNICO Nº 43/2025</p><p>EXTRATO 140/2025 - RESULTADO DO PREGÃO ELETRÔNICO Nº 43/2025</p><p>O gestor da ata de registro de preços, na forma da Lei Federal n.º 14.133/2021, torna público o resultado final do processo licitatório identificado: Processo: 106/2025 - Pregão Eletrônico: 043/2025 - Objeto: Registro de preço para futura e eventual aquisição de material gráfico para atender a demanda da Secretaria de Saúde do município de Montes Claros - MG. (Exclusivo para participação de Microempresas, Empresas de Pequeno Porte e Microempreendedor Individual). Detentoras das Atas: Ata 191 - Grafica Santa Rita de Coração de Jesus LTDA, inscrita no CNPJ: 05.562.748/0001-00 - Valor Global: R$ 4.425,00. Assinada por meio digital em 10 de julho de 2025; Ata 192 - Grafica Iguacu LTDA, inscrita no CNPJ: 20.949.657/0001-07 - Valor Global: R$ 3.672,00. Assinada por meio digital em 10 de julho de 2025; Ata 193 - RB Comunicação Visual LTDA, inscrita no CNPJ: 27.232.288/0001-86 - Valor Global: R$ 104.469,60. Assinada por meio digital em 14 de julho de 2025; Ata 194 - Grafica e Editora Aliança LTDA, inscrita no CNPJ: 02.472.396/0002-86 - Valor Global: R$ 22.280,00. Assinada por meio digital em 11 de julho de 2025. Vigências: 12 (doze) meses contados a partir de suas assinaturas. A íntegra das Atas de Registro de Preço encontram-se disponíveis na página da Prefeitura Municipal de Montes Claros na Internet no endereço: &lt;https://licitacoes.montesclaros.mg.gov.br/atas-de-registro-de-precos&gt;.</p><p class="data">Montes Claros-MG, 16 de julho de 2025.</p><p class="assina">Igor Wanderley Boaventura</p><p class="cargo">Agente de Contratação</p>]]></Texto>
  </body>
  <Midias />
</article></xml>