﻿<xml><article id="44729529" name="Extrato_de_Publicacao_DL NA 21-2" idOficio="11168645" pubName="DO3" artType="Extrato de Dispensa de Licitação" pubDate="01/08/2025" artClass="00075:00023:00317:00000:00000:00000:00000:00000:00000:00000:00037:00000" artCategory="Prefeituras/Estado de Santa Catarina/Prefeitura Municipal de Tubarão" artSize="12" artNotes="" numberPage="322" pdfPage="http://pesquisa.in.gov.br/imprensa/jsp/visualiza/index.jsp?data=01/08/2025&amp;jornal=530&amp;pagina=322" editionNumber="144" highlightType="" highlightPriority="" highlight="" highlightimage="" highlightimagename="" idMateria="22911394">
  <body>
    <Identifica><![CDATA[  EXTRATO DE instrumento contratual]]></Identifica>
    <Data><![CDATA[]]></Data>
    <Ementa />
    <Titulo />
    <SubTitulo />
    <Texto><![CDATA[<p class="identifica">EXTRATO DE instrumento contratual</p><p>Processo nº: 34/2025 - Dispensa de licitação nº: 21/2025</p><p>Homologação: 24/07/2025</p><p>Fornecedor: VERIFICAR VISTORIA AUTOMOTIVA LTDA - ME - CNPJ nº: 23.089.668/0001-52</p><p>Objeto: Contratação de serviço de vistoria veicular de nova ambulância do SAMU, conforme Memorando 14.551/2025. Dotação: 11 MÉDIA E ALTA COMPLEXIDADE - MAC 36.001.10.302.0011.2031.3.3.90.00.002.600.0000.0323 - FNS - MAC UNIÃO - EX. ANTERIOR</p><p>Valor: R$ 180,00</p><p>Data da Assinatura: 24/07/2025</p>]]></Texto>
  </body>
  <Midias />
</article></xml>