﻿<xml><article id="44732757" name="DOU_PE_153_2024_Termo de Homolog" idOficio="11155027" pubName="DO3" artType="Aviso de Homologação" pubDate="01/08/2025" artClass="00075:00015:00450:00000:00000:00000:00000:00000:00000:00000:00075:00000" artCategory="Prefeituras/Estado do Paraná/Prefeitura Municipal de Toledo" artSize="12" artNotes="" numberPage="306" pdfPage="http://pesquisa.in.gov.br/imprensa/jsp/visualiza/index.jsp?data=01/08/2025&amp;jornal=530&amp;pagina=306" editionNumber="144" highlightType="" highlightPriority="" highlight="" highlightimage="" highlightimagename="" idMateria="22887600">
  <body>
    <Identifica><![CDATA[AVISO DE HOMOLOGAÇÃO  ]]></Identifica>
    <Data><![CDATA[ Em 10 de junho de 2025.]]></Data>
    <Ementa />
    <Titulo />
    <SubTitulo />
    <Texto><![CDATA[<p class="identifica">AVISO DE HOMOLOGAÇÃO</p><p class="identifica">PREGÃO ELETRÔNICO Nº 153/2024</p><p>OBJETO: Considerando a decisão da comissão julgadora; considerando, que segundo o parecer da Assessoria Jurídica o processo tramitou e seguiu os ditames da legislação pertinente, homologo o resultado da licitação na modalidade de PREGÃO ELETRÔNICO Nº 153/2024, cujo objeto é o Registro de Preços, pelo período de 12 (doze) meses, para eventual aquisição de Computadores, Notebooks, Tablets e Smart TVs, para o Município de Toledo/PR. Gabinete do Prefeito do Município de Toledo.</p><p class="data">Em 10 de junho de 2025.</p><p class="assina">MARIO CESAR COSTENARO</p><p class="cargo">Prefeito</p>]]></Texto>
  </body>
  <Midias />
</article></xml>