﻿<xml><article id="44720019" name="DOU EXCL2025-5080002-07" idOficio="11173533" pubName="DO3" artType="Extrato de Inexigibilidade de Licitação" pubDate="01/08/2025" artClass="00073:04862:08125:00000:00000:00000:00000:00000:00000:00000:00040:00000" artCategory="Ineditoriais/Fundação de Apoio à Tecnologia e Ciência" artSize="12" artNotes="" numberPage="228" pdfPage="http://pesquisa.in.gov.br/imprensa/jsp/visualiza/index.jsp?data=01/08/2025&amp;jornal=530&amp;pagina=228" editionNumber="144" highlightType="" highlightPriority="" highlight="" highlightimage="" highlightimagename="" idMateria="22919791">
  <body>
    <Identifica><![CDATA[ EXTRATO DE INEXIGIBILIDADE DE LICITAÇÃO]]></Identifica>
    <Data><![CDATA[]]></Data>
    <Ementa />
    <Titulo />
    <SubTitulo />
    <Texto><![CDATA[<p class="identifica">EXTRATO DE INEXIGIBILIDADE DE LICITAÇÃO</p><p>Contrato: 075/2024. Projeto: "Divulgação e inovação científica, cultural, técnica e tecnológica da editora, livraria e grife UFSM". OBJETO: Serv. terceiros pessoa jurídica. FORNECEDOR: GET COMMERCE EMPREENDIMENTOS LTDA - ME (15.524.030/0001-74). VALOR: R$ 2.862,00. LEI 14.133/21, ARTIGO 74. MARTA LUCIA SANTINI (Com. Licitações).</p>]]></Texto>
  </body>
  <Midias />
</article></xml>