﻿<xml><article id="44732997" name="DOU_1654_2022_15A Aditivo" idOficio="11153832" pubName="DO3" artType="Extrato de Termo Aditivo" pubDate="01/08/2025" artClass="00075:00015:00450:00000:00000:00000:00000:00000:00000:00000:00053:00000" artCategory="Prefeituras/Estado do Paraná/Prefeitura Municipal de Toledo" artSize="12" artNotes="" numberPage="305" pdfPage="http://pesquisa.in.gov.br/imprensa/jsp/visualiza/index.jsp?data=01/08/2025&amp;jornal=530&amp;pagina=305" editionNumber="144" highlightType="" highlightPriority="" highlight="" highlightimage="" highlightimagename="" idMateria="22885815">
  <body>
    <Identifica><![CDATA[ EXTRATO DE  TERMO ADITIVO]]></Identifica>
    <Data><![CDATA[]]></Data>
    <Ementa />
    <Titulo />
    <SubTitulo />
    <Texto><![CDATA[<p class="identifica">EXTRATO DE TERMO ADITIVO</p><p>Espécie: 15º TERMO ADITIVO POR APOSTILAMENTO AO CONTRATO Nº 1654/2022</p><p>CONTRATANTE: MUNICIPIO DE TOLEDO</p><p>CONTRATADA: BARREIRAS PRESTADORA DE SERVIÇOS EIRELI</p><p>OBJETO: CLÁUSULA PRIMEIRA - DO OBJETO DO APOSTILAMENTO: O presente Termo de Apostilamento tem como objetivo a modificação unilateral do Contrato, registrado e publicado através do nº 1654/2022, de 27 de dezembro de 2022, por parte da Administração, visando à alteração de fiscais setoriais do Contrato: Onde lê-se: Eliane Aparecida da Silva Luiz - Diretora do CMEI Nona Gentila Ruaro Viezzer; Leia-se: Katiamara Martins de Araújo - Diretora do CMEI Nona Gentila Ruaro Viezzer. E, onde lê-se: Eliane Aparecida da Silva Luiz - Diretora do CMEI Professora Jane Elizete Alves Wilchen; Leia-se: Maria Suely de Luna dos Santos - Diretora do CMEI Professora Jane Elizete Alves Wilchen. Termo aditivo firmado em 21 de maio de 2025, oriundo do processo licitatório na modalidade Pregão Eletrônico nº 279/2022.</p><p>DATA DE ASSINATURA: 21 de maio de 2025.</p>]]></Texto>
  </body>
  <Midias />
</article></xml>