﻿<xml><article id="44732904" name="DOU_0399_2022_05A Aditivo" idOficio="11153557" pubName="DO3" artType="Extrato de Termo Aditivo" pubDate="01/08/2025" artClass="00075:00015:00450:00000:00000:00000:00000:00000:00000:00000:00053:00000" artCategory="Prefeituras/Estado do Paraná/Prefeitura Municipal de Toledo" artSize="12" artNotes="" numberPage="302" pdfPage="http://pesquisa.in.gov.br/imprensa/jsp/visualiza/index.jsp?data=01/08/2025&amp;jornal=530&amp;pagina=302" editionNumber="144" highlightType="" highlightPriority="" highlight="" highlightimage="" highlightimagename="" idMateria="22885527">
  <body>
    <Identifica><![CDATA[EXTRATO  DE TERMO ADITIVO]]></Identifica>
    <Data><![CDATA[]]></Data>
    <Ementa />
    <Titulo />
    <SubTitulo />
    <Texto><![CDATA[<p class="identifica">EXTRATO DE TERMO ADITIVO</p><p>Espécie: 5º TERMO ADITIVO AO CONTRATO Nº 399/2022</p><p>CONTRATANTE: MUNICIPIO DE TOLEDO</p><p>CONTRATADA: HENKES TRANSPORTE ESCOLAR LTDA</p><p>OBJETO: CLÁUSULA PRIMEIRA - DO OBJETO: O presente Termo Aditivo tem por objeto a supressão das Rotas 04B e 101, com efeitos a partir de 1º de julho de 2025. Termo aditivo firmado em 09 de junho de 2025, oriundo do processo licitatório na modalidade Pregão Eletrônico nº 051/2022.</p><p>DATA DE ASSINATURA: 9 de junho de 2025.</p>]]></Texto>
  </body>
  <Midias />
</article></xml>