﻿<xml><article id="44727359" name="RES ATA PE010_025" idOficio="11172592" pubName="DO3" artType="Extrato da Ata" pubDate="01/08/2025" artClass="00075:00012:00349:00000:00000:00000:00000:00000:00000:00000:00180:00000" artCategory="Prefeituras/Estado de Minas Gerais/Prefeitura Municipal de Coronel Fabriciano" artSize="12" artNotes="" numberPage="272" pdfPage="http://pesquisa.in.gov.br/imprensa/jsp/visualiza/index.jsp?data=01/08/2025&amp;jornal=530&amp;pagina=272" editionNumber="144" highlightType="" highlightPriority="" highlight="" highlightimage="" highlightimagename="" idMateria="22918085">
  <body>
    <Identifica><![CDATA[ EXTRATO DA ATA DE REGISTRO DE PREÇO]]></Identifica>
    <Data><![CDATA[]]></Data>
    <Ementa />
    <Titulo />
    <SubTitulo />
    <Texto><![CDATA[<p class="identifica">EXTRATO DA ATA DE REGISTRO DE PREÇO</p><p>Pregão Eletrônico n.° 010/2025 - Processo de Compra n.° 003/2025 - Processo Licitatório n.° 011/2025. Através de seu Agente de Contratação responsável, vem publicar o extrato da ata de Registro de Preços, tendo como vencedoras do referido processo as proponentes: M &amp; L PANIFICAÇÃO E COMÉRCIO DE ALIMENTOS LTDA, ao valor global de R$ 157.300,00; SANTONELY PANIFICADOS LTDA, ao valor global de R$ 300,00 e TAVARES E XAVIER LTDA, ao valor global de R$ 23.750,00. Coronel Fabriciano, 25 de julho de 2025. Débora Késia Siriano Silva. Agente de Contratação.</p>]]></Texto>
  </body>
  <Midias />
</article></xml>