﻿<xml><article id="44719869" name="Publicacao convocacao concurso 0" idOficio="11172451" pubName="DO3" artType="Edital de Convocação" pubDate="01/08/2025" artClass="00071:00466:00000:00000:00000:00000:00000:00000:00000:00000:00058:00000" artCategory="Entidades de Fiscalização do Exercício das Profissões Liberais/Conselho Regional de Odontologia de Santa Catarina" artSize="12" artNotes="" numberPage="218" pdfPage="http://pesquisa.in.gov.br/imprensa/jsp/visualiza/index.jsp?data=01/08/2025&amp;jornal=530&amp;pagina=218" editionNumber="144" highlightType="" highlightPriority="" highlight="" highlightimage="" highlightimagename="" idMateria="22917556">
  <body>
    <Identifica><![CDATA[ EDITAL CRO-SC N° 8/2025 ]]></Identifica>
    <Data><![CDATA[]]></Data>
    <Ementa />
    <Titulo />
    <SubTitulo />
    <Texto><![CDATA[<p></p><p class="identifica">EDITAL CRO-SC N° 8/2025</p><p class="identifica">CONVOCAÇÃO DE CANDIDATOS</p><p>EDITAL DE CONCURSO PUBLICO N° 1/2022</p><p>O Presidente do Conselho Regional de Odontologia de Santa Catarina, no uso de suas atribuições, considerando o anexo VI do Edital de Concurso Público Nº 1/2022, NOMEIA e CONVOCA o candidato aprovado no concurso e relacionado no Anexo I do presente Edital, para apresentar os documentos solicitados no item 2.2 do anexo VI do Edital, devendo estes serem protocolizados na Sede do Conselho Regional de Odontologia de Santa Catarina, Rua Duarte Schutel, 351, Centro, Florianópolis/SC, no período de 04/08/2025 a 08/08/2025, das 08h00 às 17h00. O candidato será submetido aos exames de saúde necessários, conforme item 3 do anexo VI do Edital 01/2022, e, para tal, deverá comparecer ao CRO-SC, para retirar a requisição de exame admissional. Florianópolis, 01 de agosto de 2025. ANEXO I: I - CARGO NÍVEL SUPERIOR - CARGO: CONTADOR (CÓDIGO 403), CIDADE: FLORIANÓPOLIS, CANDIDATO AMPLA CONCORRÊNCIA - 4° SAMUEL SIDNEI ALVES, CPF: XXX.384.609-XX.</p><p class="assina">WILSON ANDRIANI JÚNIOR</p><p class="cargo">Presidente do CRO/SC</p>]]></Texto>
  </body>
  <Midias />
</article></xml>