﻿<xml><article id="44723828" name="Publicacao Manual_7004490901_REP" idOficio="11182122" pubName="DO3" artType="Aviso de Licitação" pubDate="01/08/2025" artClass="00035:00056:00001:00000:00000:00000:00000:00000:00000:00000:00078:00000" artCategory="Ministério de Minas e Energia/Petróleo Brasileiro S.A./Petrobrás" artSize="12" artNotes="" numberPage="104" pdfPage="http://pesquisa.in.gov.br/imprensa/jsp/visualiza/index.jsp?data=01/08/2025&amp;jornal=530&amp;pagina=104" editionNumber="144" highlightType="" highlightPriority="" highlight="" highlightimage="" highlightimagename="" idMateria="22932707">
  <body>
    <Identifica><![CDATA[ AVISO DE LICITAÇÃO Nº 7004490901 ]]></Identifica>
    <Data><![CDATA[]]></Data>
    <Ementa />
    <Titulo />
    <SubTitulo />
    <Texto><![CDATA[<p class="identifica">AVISO DE LICITAÇÃO Nº 7004490901</p><p>substitui 7004452675</p><p>Objeto: Serviços de apoio ao carregamento de carretas</p><p>Abertura das propostas: 21/08/2025 às 12:00 (horário de Brasília)</p><p>Republicação de oportunidade 7004452675 divulgada originalmente em 16/05/2025 (edição: 91, seção: 3, página: 111) devido às revisões: 1) Especificação Técnica, 2) Planilha de Preços Unitários e 3) Requisitos de Habilitação. A consulta ao edital e o processamento da licitação será realizada no portal www.petronect.com.br</p><p class="assina">COMISSÃO DE LICITAÇÃO</p>]]></Texto>
  </body>
  <Midias />
</article></xml>