﻿<xml><article id="44739677" name="18.1 EXTRATO DE CONTRATO DOU" idOficio="11182566" pubName="DO3" artType="Extrato de Contrato" pubDate="01/08/2025" artClass="00075:00009:00243:00000:00000:00000:00000:00000:00000:00000:00030:00000" artCategory="Prefeituras/Estado do Maranhão/PREFEITURA MUNICIPAL DE TIMBIRAS" artSize="12" artNotes="" numberPage="264" pdfPage="http://pesquisa.in.gov.br/imprensa/jsp/visualiza/index.jsp?data=01/08/2025&amp;jornal=530&amp;pagina=264" editionNumber="144" highlightType="" highlightPriority="" highlight="" highlightimage="" highlightimagename="" idMateria="22934269">
  <body>
    <Identifica><![CDATA[ EXTRATO DE CONTRATO ]]></Identifica>
    <Data><![CDATA[]]></Data>
    <Ementa />
    <Titulo />
    <SubTitulo />
    <Texto><![CDATA[<p class="identifica">EXTRATO DE CONTRATO</p><p>PROCESSO ADM. Nº 1002.005/2025 - CONCORRÊNCIA ELETRÔNICA Nº. 001/2025-CPL - CONTRATO ADMINISTRATIVO Nº 1104.001/2025</p><p>PARTES: SECRETARIA MUNICIPAL DE SAÚDE e a empresa E C L DE ARAUJO SOBRINHO, CNPJ nº 40.146.125/0001-49, OBJETO: contratação de empresa especializada na construção de uma Unidade Básica de Saúde - UBS, Porte II, localizada no bairro Anjo da Guarda, de interesse da Secretaria Municipal de Saúde, em apoio a Prefeitura Municipal de Timbiras/MA. BASE LEGAL: Lei Federal nº 14.133/2021. VALOR: R$ 2.198.350,00 (DOIS MILHÕES CENTO E NOVENTA E OITO MIL TREZENTOS E CINQUENTA REAIS). FONTE DE RECURSOS: Fonte de Recurso 1500000000 - Recursos não vinculados de impostos 1631000000 - Transferência de convênio - União/Saúde Órgão 08 - Fundo Municipal de Saúde Unidade 01 - Fundo Municipal de Saúde Função 10 - Saúde Subfunção 122 - Administração Geral Projeto/Atividade 2.028 -Manutenção e Func do Fundo Municipal de Saúde Natureza da Despesa 4.4.90.51.00 - Obras e instalações Subelemento da Despesa 4.4.90.51.99 - Outras obras e instalações. SIGNATÁRIO: EUGÊNIO CESAR LOPES DE ARAUJO SOBRINHO.</p><p></p>]]></Texto>
  </body>
  <Midias />
</article></xml>