﻿<xml><article id="44719875" name="Edital de Notificacao 25.07.25" idOficio="11167833" pubName="DO3" artType="Edital de Notificação" pubDate="01/08/2025" artClass="00071:00403:00000:00000:00000:00000:00000:00000:00000:00000:00063:00000" artCategory="Entidades de Fiscalização do Exercício das Profissões Liberais/Conselho Regional de Medicina Veterinária do Estado de Goiás" artSize="12" artNotes="" numberPage="217" pdfPage="http://pesquisa.in.gov.br/imprensa/jsp/visualiza/index.jsp?data=01/08/2025&amp;jornal=530&amp;pagina=217" editionNumber="144" highlightType="" highlightPriority="" highlight="" highlightimage="" highlightimagename="" idMateria="22910278">
  <body>
    <Identifica><![CDATA[ EDITAL DE NOTIFICAÇÃO]]></Identifica>
    <Data><![CDATA[]]></Data>
    <Ementa />
    <Titulo />
    <SubTitulo />
    <Texto><![CDATA[<p class="identifica">EDITAL DE NOTIFICAÇÃO</p><p>O Conselho Regional de Medicina Veterinária do Estado de Goiás, com base na Resoluções do CFMV nº 1475/22, art.49 § 6º, n° 672/2000, e art. 26, § 4° da Lei nº 9784/1999, notifica as seguintes pessoas físicas (PF) e jurídicas (PJ) para tomarem ciência dos pedidos de Cancelamentos de registros deferidos/PJ: VILLA CAVALCARE EVENTOS LTDA - CNPJ 16.882.288/0001-05; VALMIR COELHO DE FARIAS - CNPJ 24.830.127/0001-04; WELLEN DHIANE DE FREITAS ARANTES - CNPJ 44.998.845/0001-93; TALLES HENRIQUE PEREIRA BARBOSA - CPF XXX.272.381-XX; WELLINGTON LEÃO SEGURADO NETO - ME - CNPJ 22.233.243/0001-02; Cancelamentos de inscrições deferidas/PF: JOSEFA MOREIRA DO NASCIMENTO ROCHA - 2404 VP; MARCELO DIONÍSIO RIBEIRO - 9330 VP; PAULA LIMA SANT`ANNA - 7095 VP; EVELYN ANDRADE DE OLIVEIRA - 8696 VP; WILLIAN DOS SANTOS LIMA - 5505 VS; KARINE PARTATA BARBOSA - 7481 VP; ISABELLA CRISTINA CASTRO RODRIGUES ROSA - 9284 VP; CHRISTIAN GRANDSIRE - 00105 VP; ANA KASSIA RIBEIRO DE OLIVEIRA - 1780 ZP; Recurso ao CRMV-GO de Cancelamento de inscrição /PF (manutenção da decisão): BENTO XAVIER FERREIRA DE ABREU - 1266-VP. Ainda notifica a empresa empresa EDILSON AMORIM - 11361 PJ - CNPJ: 19.666.135/0001-19 para tomar ciência do Auto de Multa nº 23/2025, no valor de R$3.000,00 (em decorrência do Auto de Infração Nº 93738/2024).</p><p class="assina">Rafael Costa Vieira</p><p></p><p class="cargo">Presidente</p><p class="assina">Adriana da Silva Santos</p><p></p><p class="cargo">Secretária-Geral</p>]]></Texto>
  </body>
  <Midias />
</article></xml>