﻿<xml><article id="44719881" name="AVISO DE LICITACAO DOU 018.2025" idOficio="11184416" pubName="DO3" artType="Aviso de Licitação-Registro de Preços" pubDate="01/08/2025" artClass="00075:00013:00195:00000:00000:00000:00000:00000:00000:00000:00192:00000" artCategory="Prefeituras/Estado do Pará/Prefeitura Municipal de Portel" artSize="12" artNotes="" numberPage="287" pdfPage="http://pesquisa.in.gov.br/imprensa/jsp/visualiza/index.jsp?data=01/08/2025&amp;jornal=530&amp;pagina=287" editionNumber="144" highlightType="" highlightPriority="" highlight="" highlightimage="" highlightimagename="" idMateria="22937296">
  <body>
    <Identifica><![CDATA[AVISO DE LICITAÇÃO]]></Identifica>
    <Data><![CDATA[]]></Data>
    <Ementa />
    <Titulo />
    <SubTitulo />
    <Texto><![CDATA[<p class="identifica">AVISO DE LICITAÇÃO</p><p class="identifica">PREGÃO ELETRÔNICO Nº 18/2025</p><p>PROC. ADMINISTRATIVO 00707001/25.</p><p>A Prefeitura Municipal de Portel, torna público aos interessados que realizará licitação na modalidade PREGÃO ELETRÔNICO, tipo menor preço, Registro de preço objetivando a futura e eventual Contratação de empresa especializada no fornecimento de peças automotivas, acessórios, baterias e pneus, visando atender de forma contínua e eficiente às demandas das Secretarias e Fundos Municipais vinculados à Prefeitura Municipal de Portel/PA, garantindo a manutenção preventiva e corretiva da frota de veículos oficiais. Abertura: 14/08/2025, às 09:00hs. A retirada do edital e seus anexos encontram-se disponíveis no Mural de Licitações/TCM-PA, Portal Nacional de Contratações Públicas - PNCP, www.bnc.org.br ou pelo site (www.portel.pa.gov.br). Informações: E-mail: licitaportel2021@gmail.com.</p><p class="assina">WELTON GEORGE ARAÚJO TAVARES</p><p class="cargo">Pregoeiro</p>]]></Texto>
  </body>
  <Midias />
</article></xml>