﻿<xml><article id="44719094" name="EXTRATO DE TERMO ADITIVO - CONTR" idOficio="11167720" pubName="DO3" artType="Extrato de Termo Aditivo" pubDate="01/08/2025" artClass="00028:00045:00000:00000:00000:00000:00000:00000:00000:00000:00053:00000" artCategory="Ministério da Fazenda/Casa da Moeda do Brasil" artSize="12" artNotes="" numberPage="87" pdfPage="http://pesquisa.in.gov.br/imprensa/jsp/visualiza/index.jsp?data=01/08/2025&amp;jornal=530&amp;pagina=87" editionNumber="144" highlightType="" highlightPriority="" highlight="" highlightimage="" highlightimagename="" idMateria="22910112">
  <body>
    <Identifica><![CDATA[ Extrato de Termo Aditivo]]></Identifica>
    <Data><![CDATA[]]></Data>
    <Ementa />
    <Titulo />
    <SubTitulo />
    <Texto><![CDATA[<p class="identifica">Extrato de Termo Aditivo</p><p>Espécie: Primeiro Termo Aditivo do Contrato nº 1463/2024, para prestação de serviços de administração, intermediação e fornecimento de benefícios alimentação e refeição, preferencialmente em CARTÃO ÚNICO pré-pago aos empregados da CMB - Casa da Moeda do Brasil, por meio de abastecimento em créditos mensais, sendo estes cumulativos, celebrado entre a Casa da Moeda do Brasil - CMB e Up Brasil Administração e Serviços Ltda, inscrita no CNPJ nº 02.959.392/0001-46; oriundo do Credenciamento nº 0001/2023; referente ao Processo nº 18750.001399/2024-12; para registrar a alteração no valor dos benefícios concedidos aos empregados da CMB, alterando o valor do vale alimentação de R$ 492,15 para R$ 650,00, bem como o vale refeição, passando de R$ 40,00 para R$ 60,00, em função dos Acordos Coletivos de Trabalho (ACT) de 2023/2024 e 2024/2025, alteração na quantidade de cartões fornecidos de vale alimentação de 1176 para 435 cartões, bem como o cartão de vale refeição, passando de 12 para 22 cartões, passando o valor global do contrato, a partir de 01/05/2025, de R$ 35.359.704,00 para R$ 24.316.850,80; amparo legal: Artigo 72, da Lei nº 13.303/16; assinado em 24/07/2025; Recurso Orçamentário: "Despesas de Pessoal", constante do orçamento de 2025 a 2029; Assinam pela CMB: Carlos Martins Marques de Santana - Presidente em Exercício e Thiago Marçal Portela - Diretor; assina pela Contratada: Andresa Rocha Crosara Domingos - Procuradora.</p>]]></Texto>
  </body>
  <Midias />
</article></xml>