﻿<xml><article id="44721385" name="ATO DE CONVOCACAO" idOficio="11183109" pubName="DO3" artType="Edital de Convocação" pubDate="01/08/2025" artClass="00071:00570:00000:00000:00000:00000:00000:00000:00000:00000:00058:00000" artCategory="Entidades de Fiscalização do Exercício das Profissões Liberais/Conselho Regional de Serviço Social da 18ª Região" artSize="12" artNotes="" numberPage="219" pdfPage="http://pesquisa.in.gov.br/imprensa/jsp/visualiza/index.jsp?data=01/08/2025&amp;jornal=530&amp;pagina=219" editionNumber="144" highlightType="" highlightPriority="" highlight="" highlightimage="" highlightimagename="" idMateria="22935646">
  <body>
    <Identifica><![CDATA[ edital de CONVOCAÇÃO]]></Identifica>
    <Data><![CDATA[ Aracaju, 31 de julho de 2025.]]></Data>
    <Ementa />
    <Titulo />
    <SubTitulo />
    <Texto><![CDATA[<p class="identifica">edital de CONVOCAÇÃO</p><p class="identifica">Assembleia Geral</p><p></p><p>O Conselho Pleno do Conselho Regional de Serviço Social - CRESS da 18ª Região/SE, gestão "Seguiremos atentos e fortes em defesa do Serviço Social" - Triênio: 2023-2026, no uso de suas atribuições e em conformidade com o que prevê o Art. 7º do Regimento Interno do CRESS/SE, convoca todos/as Assistentes Sociais inscritos/as junto a este Regional, para participar da Assembleia Geral da Categoria, a realizar-se no dia 14 de Agosto de 2025, às 14horas com quórum mínimo de 1/5 dos inscritos ativos em primeira chamada e em segunda chamada às 14h:30min, com qualquer número de presentes. A Assembleia Geral será realizada na sede do Conselho Regional de Serviço Social, situada à Rua Dom José Thomaz, 683, Bairro São José, em Aracaju - SE, para deliberar sobre a pauta: 1. Informes; 2. Prestação de contas das ações político-financeiras - ano 2024 da Gestão: Seguiremos atentos e fortes em defesa do Serviço Social 3. Repasse de Informações sobre o XXXII Encontro Descentralizado Nordeste do Conjunto CFESS/CRESS realizado no período de 24 a 27 de Julho do corrente ano na Paraíba/PE; 4. Eleição dos/as Delegados/as da base para o 52º Encontro Nacional do Conjunto CFESS/CRESS, a realizar-se de 04 a 07 de setembro de 2025, na cidade de Campo Grande (MS) 5. O que ocorrer.</p><p class="data">Aracaju, 31 de julho de 2025.</p><p class="assina">MARIA AUXILIADORA DE OLIVEIRA ROSA HORLACHER</p><p class="cargo">Presidenta do CRESS/SE</p>]]></Texto>
  </body>
  <Midias />
</article></xml>