﻿<xml><article id="44737268" name="2025-07-29/11177994/siasgnet_229" idOficio="11177994" pubName="DO3" artType="Aviso de Licitação-Pregão" pubDate="01/08/2025" artClass="00047:00037:00012:00017:00000:00000:00000:00000:00000:00000:00162:00001" artCategory="Ministério da Saúde/Secretaria de Atenção Especializada à Saúde/Departamento de Gestão Hospitalar no Estado do Rio de Janeiro/Hospital Federal de Ipanema" artSize="12" artNotes="" numberPage="113" pdfPage="http://pesquisa.in.gov.br/imprensa/jsp/visualiza/index.jsp?data=01/08/2025&amp;jornal=530&amp;pagina=113" editionNumber="144" highlightType="" highlightPriority="" highlight="" highlightimage="" highlightimagename="" idMateria="22926138">
  <body>
    <Identifica><![CDATA[ AVISO DE LICITAÇÃO]]></Identifica>
    <Data><![CDATA[]]></Data>
    <Ementa />
    <Titulo />
    <SubTitulo />
    <Texto><![CDATA[<p class="identifica">AVISO DE LICITAÇÃO</p><p class="identifica">Pregão Eletrônico Nº 90086/2025 - UASG 250103</p><p>Nº Processo: 33401004638202431. Objeto: Aquisição de Equipamento de Vídeo para realização de Exames ambulatoriais (Câmera HD com endocopler compatível com óticas para uso otorrinolaringológico, Fonte de luz com fibra e Monitor com qualidade HD compativel com o sistema de vídeo da Câmera e armário de vídeo para armazenamento dos equipamentos).. Total de Itens Licitados: 1. Edital: 01/08/2025 das 08h00 às 12h00 e das 13h00 às 16h00. Endereço: Rua Antonio Parreiras 67/69-bairro Ipanema - Rio de Janeiro - Rj, Ipanema - Rio de Janeiro/RJ ou https://www.gov.br/compras/edital/250103-5-90086-2025. Entrega das Propostas: a partir de 01/08/2025 às 08h00 no site www.gov.br/compras. Abertura das Propostas: 18/08/2025 às 10h00 no site www.gov.br/compras. Informações Gerais: Telefone:21-31112322.</p><p class="assina">ANA PATRICIA LAURINDO</p><p class="cargo">Pregoeira</p><p>(SIASGnet - 29/07/2025) 250103-00001-2025NE111111</p>]]></Texto>
  </body>
  <Midias />
</article></xml>