﻿<xml><article id="44719989" name="Publicacao Termo Aditivo 035.202" idOficio="11164720" pubName="DO3" artType="Extrato" pubDate="01/08/2025" artClass="00073:00665:01377:00000:00000:00000:00000:00000:00000:00000:00170:00000" artCategory="Ineditoriais/Associação Pró-Gestão das Águas da Bacia Hidrográfica do Rio Paraíba do Sul" artSize="12" artNotes="" numberPage="220" pdfPage="http://pesquisa.in.gov.br/imprensa/jsp/visualiza/index.jsp?data=01/08/2025&amp;jornal=530&amp;pagina=220" editionNumber="144" highlightType="" highlightPriority="" highlight="" highlightimage="" highlightimagename="" idMateria="22904362">
  <body>
    <Identifica><![CDATA[ EXTRATO DE TERMO ADITIVO]]></Identifica>
    <Data><![CDATA[]]></Data>
    <Ementa />
    <Titulo />
    <SubTitulo />
    <Texto><![CDATA[<p class="identifica">EXTRATO DE TERMO ADITIVO</p><p>Processo 00001.000036/2023; Termo Aditivo 035/2023; Contratante: Associação Pró-Gestão das Águas da Bacia Hidrográfica do Rio Paraíba do Sul - AGEVAP, CNPJ nº 05.422.000/0001-01; Contratada: Real Segurança, Prevenção Contra Incêndio LTDA; CNPJ: 20.516.512/0001-12; Objeto: FORNECIMENTO E INSTALAÇÃO DE CÂMERAS DE SEGURANÇA E PRESTAÇÃO DE SERVIÇOS DE MONITORAMENTO PARA NOVA SEDE DA AGEVAP; Prazo: 12 meses; Valor: R$ 10.050,00; Data de Assinatura: 23/07/2025.</p>]]></Texto>
  </body>
  <Midias />
</article></xml>