﻿<xml><article id="44719088" name="EXTRATO DE TERMO ADITIVO - CONTR" idOficio="11168290" pubName="DO3" artType="Extrato de Termo Aditivo" pubDate="01/08/2025" artClass="00028:00045:00000:00000:00000:00000:00000:00000:00000:00000:00053:00000" artCategory="Ministério da Fazenda/Casa da Moeda do Brasil" artSize="12" artNotes="" numberPage="87" pdfPage="http://pesquisa.in.gov.br/imprensa/jsp/visualiza/index.jsp?data=01/08/2025&amp;jornal=530&amp;pagina=87" editionNumber="144" highlightType="" highlightPriority="" highlight="" highlightimage="" highlightimagename="" idMateria="22910843">
  <body>
    <Identifica><![CDATA[ Extrato de Termo Aditivo]]></Identifica>
    <Data><![CDATA[]]></Data>
    <Ementa />
    <Titulo />
    <SubTitulo />
    <Texto><![CDATA[<p class="identifica">Extrato de Termo Aditivo</p><p>Espécie: 7º Termo Aditivo do Contrato nº 0834/2021, celebrado entre a Casa da Moeda do Brasil - CMB e a Verde Mais Serviços de Alimentação Ltda, inscrita no CNPJ nº 05.599.283/0059-70; oriundo do Pregão Eletrônico nº 0016/2021; cujo escopo é a prestação de serviço de preparo e distribuição de refeições; alteração para repactuar em 1,2600% os valores praticados entre 01/09/2024 a 31/03/2025 e, adicionalmente, em 3,5000% os valores praticados após 01/04/2025, alterando o valor mensal do contrato de R$823.060,00 para R$862.600,63; Processo de Acompanhamento nº 18750.104480/2021-01; amparo legal: artigo 81, §7º da Lei nº 13.303/2016 e art. 133 do Regulamento de Licitações e Contratos da CMB; Recurso Orçamentário: "Despesas de Pessoal", aprovado para os exercícios de 2025 e 2026; assinado em 24/07/2025; valor total do Termo Aditivo: R$ 538.152,88; Assinam pela CMB os Diretores: Carlos Martins Marques de Santana e Thiago Marçal Portela; pela Contratada: Eduardo Camilo de Aguiar - Procurador.</p>]]></Texto>
  </body>
  <Midias />
</article></xml>