﻿<xml><article id="44719887" name="AVISO DE Publicacao DOU envio Ed" idOficio="11178014" pubName="DO3" artType="Aviso de Licitação" pubDate="01/08/2025" artClass="00073:03105:00000:00000:00000:00000:00000:00000:00000:00000:00000:00000" artCategory="Ineditoriais/CONSÓRCIO PÚBLICO INTERMUNICIPAL DE DESENVOLVIMENTO NORTE E NOROESTE FLUMINENSE" artSize="12" artNotes="" numberPage="227" pdfPage="http://pesquisa.in.gov.br/imprensa/jsp/visualiza/index.jsp?data=01/08/2025&amp;jornal=530&amp;pagina=227" editionNumber="144" highlightType="" highlightPriority="" highlight="" highlightimage="" highlightimagename="" idMateria="22926114">
  <body>
    <Identifica><![CDATA[ AVISO DE LICITAÇÃO PREGÃO ELETRÔNICO Nº 4/2025]]></Identifica>
    <Data><![CDATA[ Campos dos Goytacazes-RJ,   31 de julho de 2025.]]></Data>
    <Ementa />
    <Titulo />
    <SubTitulo />
    <Texto><![CDATA[<p></p><p class="identifica">AVISO DE LICITAÇÃO PREGÃO ELETRÔNICO Nº 4/2025</p><p>Objeto: Contratação de empresa especializada no planejamento, organização e execução de eventos, a fim de dar continuidade aos Festivais Caminhos do Açúcar, conforme condições, quantidades e exigências estabelecidas neste instrumento e seus anexos.</p><p>Início da Sessão de Disputa de Preços: às 11h00min, do dia 15 de agosto de 2025 (sexta-feira).</p><p>Local: www.licitanet.com.br.</p><p>O Edital, na íntegra, está disponível para download no site supramencionado, bem como através do site oficial do CIDENNF, a saber, https://cidennf.com.br/site/licitacoes.</p><p class="data">Campos dos Goytacazes-RJ, 31 de julho de 2025.</p><p class="assina">BIANCA RIOS BARRETO FRANCO</p><p class="cargo">Agente de Contratação</p>]]></Texto>
  </body>
  <Midias />
</article></xml>