﻿<xml><article id="44719412" name="Aviso de Licitacao-" idOficio="11177910" pubName="DO3" artType="Aviso de Licitação" pubDate="01/08/2025" artClass="00071:00282:00000:00000:00000:00000:00000:00000:00000:00000:00078:00000" artCategory="Entidades de Fiscalização do Exercício das Profissões Liberais/Conselho Regional de Engenharia e Agronomia de Minas Gerais" artSize="12" artNotes="" numberPage="215" pdfPage="http://pesquisa.in.gov.br/imprensa/jsp/visualiza/index.jsp?data=01/08/2025&amp;jornal=530&amp;pagina=215" editionNumber="144" highlightType="" highlightPriority="" highlight="" highlightimage="" highlightimagename="" idMateria="22925948">
  <body>
    <Identifica><![CDATA[AVISO DE LICITAÇÃO]]></Identifica>
    <Data><![CDATA[]]></Data>
    <Ementa />
    <Titulo />
    <SubTitulo />
    <Texto><![CDATA[<p class="identifica">AVISO DE LICITAÇÃO</p><p class="identifica">Pregão Eletrônico nº 90018/2025</p><p>Aquisição de equipamentos de informática, fotografia, e cobertura jornalística para a Sede do Crea-MG. Entrega das propostas: a partir de 01/08/2025 às 08h00, horário de Brasília, no site www.gov.br/compras. Abertura das propostas: 13/08/2025, às 09h00min, no site www.gov.br/compras. UASG: 389089.</p><p class="assina">Aline Elizabeth de Paula</p><p class="cargo">Pregoeira do CREA-MG</p>]]></Texto>
  </body>
  <Midias />
</article></xml>