﻿<xml><article id="44727953" name="Contrato - 245052-Pregao-SPO 202" idOficio="11168010" pubName="DO3" artType="Extrato de Contrato" pubDate="01/08/2025" artClass="00028:00047:00030:00000:00000:00000:00000:00000:00000:00000:00030:00000" artCategory="Ministério da Fazenda/Serviço Federal de Processamento de Dados/Regional São Paulo" artSize="12" artNotes="" numberPage="88" pdfPage="http://pesquisa.in.gov.br/imprensa/jsp/visualiza/index.jsp?data=01/08/2025&amp;jornal=530&amp;pagina=88" editionNumber="144" highlightType="" highlightPriority="" highlight="" highlightimage="" highlightimagename="" idMateria="22910510">
  <body>
    <Identifica><![CDATA[ EXTRATO DE CONTRATO Nº 245052/2025 - UASG 803080]]></Identifica>
    <Data><![CDATA[]]></Data>
    <Ementa />
    <Titulo />
    <SubTitulo />
    <Texto><![CDATA[<p class="identifica">EXTRATO DE CONTRATO Nº 245052/2025 - UASG 803080</p><p>Processo Nº SERPRO-PSI-2025/00036. Pregão Nº: 00457/2025. Contratante: SERVIÇO FEDERAL DE PROCESSAMENTO DE DADOS (SERPRO). CNPJ da Contratada: 09.240.519/0001-11 - SOFTWARE.COM.BR TECNOLOGIA E CONSULTORIA LTDA. Objeto: Contratação de Subscrição Ferramenta de Colaboração Visual na modalidade softwares como serviço (SaaS), sob demanda. Data da Assinatura: 24/07/2025. Vigência: 23/08/2025 a 22/08/2028. Valor total estimado: R$ 2.204.301,00. Valor anual estimado: R$ 734.767,00.</p>]]></Texto>
  </body>
  <Midias />
</article></xml>