﻿<xml><article id="44722196" name="AVISO DE LICITACAO CONC 003 PL 0" idOficio="11173254" pubName="DO3" artType="Aviso de Licitação" pubDate="01/08/2025" artClass="00075:00016:00176:00000:00000:00000:00000:00000:00000:00000:00078:00000" artCategory="Prefeituras/Estado de Pernambuco/Prefeitura Municipal de Recife" artSize="12" artNotes="" numberPage="307" pdfPage="http://pesquisa.in.gov.br/imprensa/jsp/visualiza/index.jsp?data=01/08/2025&amp;jornal=530&amp;pagina=307" editionNumber="144" highlightType="" highlightPriority="" highlight="" highlightimage="" highlightimagename="" idMateria="22919292">
  <body>
    <Identifica><![CDATA[AVISO DE LICITAÇÃO]]></Identifica>
    <Data><![CDATA[ Recife, 29 de julho de 2025]]></Data>
    <Ementa />
    <Titulo />
    <SubTitulo />
    <Texto><![CDATA[<p class="identifica">AVISO DE LICITAÇÃO</p><p class="identifica">CONCORRÊNCIA ELETRÔNICA Nº 3/2025</p><p>PROCESSO LICITATÓRIO Nº 006/2025 - GC - URB - 001 - ID LICITAR DIGITAL: 69266</p><p>Contratação de empresa de engenharia para execução da obra de revestimento do Canal do Sanbra, pavimentação, drenagem e urbanização - Estância, Recife/PE. Valor máximo aceitável: R$ 31.983.849,83 (trinta e um milhões, novecentos e oitenta e três mil, oitocentos e quarenta e nove reais e oitenta e três centavos). Comunicamos que a sessão de abertura das propostas do processo em referência, será realizada no dia 16/09/2025 às 10:00 horas e a sessão de disputa será no dia 16/09/2025 às 14:30 horas - HORÁRIOS DE BRASÍLIA, no endereço eletrônico: https://licitar.digital/ - acesso Identificado. O Edital e outras informações estão disponíveis nos seguintes endereços eletrônicos: http://www.recife.pe.gov.br/portalcompras/app/ConsAvisosPesquisar.php e www.licitardigital.com.br. Mais informações pelos telefones: (81) 33555081 ou (81) 33555079 ou pelo e-mail: cplurb@recife.pe.gov.br</p><p class="data">Recife, 29 de julho de 2025</p><p class="assina">Gláucio Mendonça Brasileiro</p><p class="cargo">Agente de Contratação</p>]]></Texto>
  </body>
  <Midias />
</article></xml>