﻿<xml><article id="44724965" name="ESTATUTO DO PARTIDO VOZ NO BRASI" idOficio="11178793" pubName="DO3" artType="Estatuto" pubDate="01/08/2025" artClass="00073:03078:00000:00000:00000:00000:00000:00000:00000:00000:00000:00000" artCategory="Ineditoriais/Comissão Pró-Fundação do Partido Voz no Brasil" artSize="12" artNotes="" numberPage="223" pdfPage="http://pesquisa.in.gov.br/imprensa/jsp/visualiza/index.jsp?data=01/08/2025&amp;jornal=530&amp;pagina=223" editionNumber="144" highlightType="" highlightPriority="" highlight="" highlightimage="" highlightimagename="" idMateria="22927195">
  <body>
    <Identifica><![CDATA[ ESTATUTO DO PARTIDO VOZ NO BRASIL - PVB]]></Identifica>
    <Data><![CDATA[ Belo Horizonte-MG, 31 de maio de 2025.]]></Data>
    <Ementa />
    <Titulo />
    <SubTitulo />
    <Texto><![CDATA[<p class="identifica">ESTATUTO DO PARTIDO VOZ NO BRASIL - PVB</p><p>TÍTULO I</p><p>Do Partido</p><p>CAPÍTULO I</p><p>Dos Objetivos, sede e foro</p><p>Art. 1º. O Partido VOZ NO BRASIL - também denominado PVB, pessoa jurídica de direito privado, com duração por prazo indeterminado e atuação em âmbito nacional, reger-se-á por este Estatuto, nos termos da Constituição Federal de 1988 e nas legislações federais em vigor, tendo como finalidade, a realização e execução de seu programa, a definição de sua estrutura interna, organização e funcionamento, resguardada a soberania nacional, o regime democrático e o pluripartidarismo.</p><p>Art. 2º. O Partido VOZ NO BRASIL tem sua sede e foro no Município Belo Horizonte, capital do Estado de Minas Gerais e será representado em juízo, ou fora dele, pelo Presidente do órgão de execução respectivo.</p><p>§ 1º. O Partido VOZ NO BRASIL poderá ter subsedes nos estados brasileiros e Distrito Federal, com representação também nos municípios brasileiros.</p><p>§ 2º. As Comissões Executivas, nos termos da legislação vigente, deverão obrigatoriamente, requerer inscrição própria e individual no Cadastro Nacional de Pessoas Jurídicas - CNPJ, abrir e manter conta corrente nos estabelecimentos bancários oficiais e, administrar a agremiação partidária com os fins estabelecidos no Estatuto e na legislação eleitoral vigente.</p><p>§ 3º. O Partido, no seu respectivo nível, deverá obrigatoriamente utilizar a razão social no Cadastro Nacional de Pessoa Jurídica - CNPJ/MF, sendo proibido adotar denominação de fantasia no Cadastro Nacional de Pessoa Jurídica - CNPJ.</p><p>CAPÍTULO II</p><p>Dos objetivos e princípios do Partido</p><p>Art. 3º. O Partido VOZ NO BRASIL, tem como objetivos:</p><p>I - A preservação de valores tradicionais, familiares e culturais.</p><p>II - A defesa do cumprimento dos preceitos constitucionais e dos valores democráticos.</p><p>III - zelar pela liberdade individual.</p><p>IV - Estimular o respeito aos valores morais, a preservação da vida desde a concepção e a proteção à dignidade humana.</p><p>V - Eficiência e qualidade na gestão pública.</p><p>VI - A promoção do desenvolvimento econômico sustentável baseado em mercado livre, iniciativa privada e mínima intervenção estatal.</p><p>VII - Defender a segurança pública, com ênfase em políticas de combate ao crime e valorização dos profissionais de segurança.</p><p>VIII - Promover a descentralização administrativa, com o fortalecimento das autonomias estaduais e municipais.</p><p>IX - Defender a livre escolha educacional e a valorização do ensino baseado em princípios conservadores e patriotas.</p><p>X - Incentivar a liberdade religiosa e a liberdade de expressão, sem qualquer tipo de censura ou imposição ideológica.</p><p>X - Combater a corrupção em todas as suas formas, promovendo a transparência e a ética pública.</p><p>XI - Incentivar a participação política dos cidadãos em conformidade com os ideais do partido.</p><p>XII - Incentivar a participação da mulher na política.</p><p>CAPÍTULO III</p><p>DA ORGANIZAÇÃO E GESTÃO PARTIDÁRIAS</p><p>Art. 4º. A administração do Partido VOZ NO BRASIL será exercida pela ação conjunta e ordenada nos órgãos:</p><p>I - Convenção Nacional, Convenções Estaduais e Distrital, Convenções Municipais;</p><p>II - Diretório Nacional, Diretórios Estaduais e Distritais e Diretórios Municipais.</p><p>Art. 5º. São órgãos do Partido VOZ NO BRASIL, nos três níveis da Federação:</p><p>I - Diretórios Zonais, Municipais, Estaduais, Nacional e as respetivas comissões executivas;</p><p>II - Convenções Municipais e Zonais, Estaduais e a Nacional;</p><p>III - Conselhos Fiscais;</p><p>IV - Conselhos de Ética e Disciplina, Municipais e Zonais, Estaduais e Nacional;</p><p>§ 1º. Para os Municípios, Estados e Distrito Federal, onde não haja Diretório organizado na forma deste Estatuto, o órgão de execução imediatamente superior designará Comissão Executiva Provisória de, no mínimo, 5 (cinco) e 7 (sete) membros efetivos, respectivamente.</p><p>§ 2º. Os membros dos Diretórios e das Comissões Provisórias mencionadas no parágrafo anterior deverão, obrigatoriamente, ser eleitores da circunscrição eleitoral respectiva, e, estarem filiados ao Partido, sendo o seu Presidente nomeado no ato da designação desta.</p><p>§ 3º. A Comissão a que se refere o § 1º anterior se incumbirá de convocar, organizar e dirigir convenções e exercer, cumulativamente, as atribuições de órgão de direção e de execução, no âmbito de sua respectiva jurisdição.</p><p>§ 4º. A Comissão Executiva Provisória será considerada extinta quando eleita a Comissão Executiva pelo Diretório respectivo, desde que em Convenção autorizada pela Comissão Executiva Nacional nos termos deste Estatuto.</p><p>§ 5º. O prazo de duração dos órgãos provisórios do Partido Voz no Brasil em níveis estaduais e municipais previstos nos §§ 1º e 4º, deste artigo 5º, será de até 12 (doze) meses, podendo ser prorrogado nos termos deste estatuto e da legislação vigente.</p><p>§ 6º. As reuniões dos órgãos partidários convocadas na forma deste Estatuto, ressalvadas as disposições em contrário, obedecerão as seguintes condições:</p><p>I - instalação com pelo menos 3 (três) membros;</p><p>II - deliberação por maioria absoluta dos seus membros;</p><p>III - permissão do voto por procuração; e</p><p>IV - permissão de voto cumulativo em convenção.</p><p>§ 7º. Entende-se como voto cumulativo aquele dado por um mesmo convencional credenciado por mais de um título.</p><p>§ 8º. Todas as reuniões e convenções do partido poderão ser realizadas de forma presencial, virtual e híbrida e em todas as hipóteses deverão ser registradas em ata.</p><p>CAPÍTULO IV</p><p>Das Convenções</p><p>Art. 6º. As Convenções serão convocadas pelo Presidente do respectivo órgão de execução ou pela maioria absoluta do respectivo órgão de direção.</p><p>§ 1º. Em Município com mais de cento e cinquenta mil eleitores, a Convenção Municipal para a escolha de candidatos a Prefeito, Vice-Prefeito e Vereador será convocada e conduzida pelo Presidente do respectivo órgão de execução estadual ou distrital ou por um indicado do Presidente Estadual.</p><p>§ 2º. As Convenções destinadas a tratar do disposto nos incisos I,II, VI e VII do art. 11 deste Estatuto serão realizadas em datas fixadas em calendário nacional, desde que aprovadas pela maioria absoluta da Comissão Executiva Nacional, visando aos interesses partidários em nível nacional.</p><p>§ 3º. Em caso de relevância e urgência, poderá a Comissão Executiva Nacional, por sua maioria absoluta, convocar Convenções em todos os níveis, em tempo inferior ao previsto no Estatuto, definindo suas regras e atos preparatórios para a sua realização.</p><p>Art. 7º. A convocação poderá ser feita por quaisquer dos seguintes meios:</p><p>I - por edital publicado na imprensa ou nos diários oficiais;</p><p>II - por edital afixado na sede do Partido; ou no sítio eletrônico oficial da agremiação;</p><p>III - por comunicação pessoal através de carta, e-mail ou mensagem eletrônica.</p><p>Parágrafo único. A publicidade ou a comunicação do edital ocorrerá com antecedência mínima de 5 (cinco) dias e determinará local, dia e hora da reunião, além do objeto da convocação.</p><p>Art. 8º. A Convenção Nacional convocada para eleger seu respectivo diretório nacional com base no artigo 6º, § 2º, e ainda, para deliberar em relação aos incisos II, VI e VII do artigo 11, deste Estatuto, será composta:</p><p>I - pelo respectivo Diretório;</p><p>II - pela bancada na Câmara dos Deputados e no Senado Federal</p><p>III - pelos Presidentes das Comissões Executivas Estaduais e Distrital</p><p>Parágrafo Único - A Convenção Nacional convocada para eleger os diretórios estaduais e Distrital convocada com base no artigo 6º, § 2º, será composta pelo Diretório Nacional.</p><p>Art. 9º. As Convenções Estaduais e Distrital convocadas para eleger os membros dos Diretórios Municipais e Zonais serão convocadas pelas Comissões Executivas Estaduais e Distrital em data definida pela Comissão Executiva Nacional e serão compostas pelo Diretório Estadual e Distrital eleito nos termos do parágrafo único do artigo 8º deste Estatuto.</p><p>Art. 10. As Convenções Nacional, Estaduais, Distrital e Municipais convocadas para indicar os candidatos a cargos eletivos, deliberar sobre coligações e outras matérias relativas ao processo eleitoral, serão assim compostas:</p><p>I - Convenção Nacional:</p><p>pelo Diretório Nacional;</p><p>b) pelos Presidentes das Comissões Executivas Estaduais;</p><p>pelos Deputados Federais, Distritais e Senadores.</p><p>II - Convenções Estaduais e Distrital:</p><p>pelo respectivo Diretório, ressalvada a hipótese do § 1º, do art. 5º, quando este será substituído pela Comissão Executiva Estadual ou Distrital;</p><p>pelos Deputados Estaduais, Distritais, Federais e Senadores inscritos na Unidade Federativa;</p><p>III - Convenções Municipais:</p><p>pelo respectivo Diretório, ressalvada a hipótese do § 1º, do art. 5º, quando este será substituído pela Comissão Executiva Municipal Provisória ou Interventora;</p><p>pela respectiva bancada na Câmara Municipal;</p><p>pelos Deputados Estaduais, Federais e Senadores inscritos no Município;</p><p>Parágrafo único. As Convenções Nacional, Estaduais, Distrital e Municipais convocadas para indicar os candidatos a cargos eletivos, deliberar sobre coligações e outras matérias relativas ao processo eleitoral, serão regidas pelas diretrizes estabelecidas pela Comissão Executiva Nacional.</p><p>Art. 11. Cabe às Convenções:</p><p>- eleger os membros dos Diretórios e seus suplentes nos termos deste Estatuto partidário</p><p>- indicar candidatos a cargos eletivos, deliberar sobre coligações e outras matérias relativas ao processo eleitoral.</p><p>- delegar ao respectivo órgão partidário de execução, poderes para substituir candidato a cargo eletivo que venha a ter o seu registro cancelado, na forma da Lei ou deste Estatuto, bem como completar chapas de candidatos, deliberar sobre coligações e outras matérias relativas ao processo eleitoral;</p><p>- conhecer os recursos contra decisões do respectivo Diretório, nos termos deste Estatuto;</p><p>- fixar normas de ação partidária e linha política em sua jurisdição;</p><p>- no caso da Convenção Nacional, alterar o Estatuto do Partido, seu Programa e o Código de Ética, por maioria absoluta;</p><p>- no caso da Convenção Nacional, dispor sobre a extinção, fusão ou incorporação do Partido, por decisão de 2/3 (dois terços) de seus membros;</p><p>- praticar outros atos previstos em lei ou neste Estatuto.</p><p>§ 1º. A Comissão Executiva Nacional poderá anular todas as decisões das Convenções Estaduais, Distrital ou Municipais sobre a condução do processo eleitoral ou formação de coligações, bem como todos os atos delas decorrentes, inclusive, podendo cancelar candidaturas que contrariem os interesses e diretrizes partidários.</p><p>§ 2º. A anulação de que trata o parágrafo anterior poderá ser total ou parcial. No último caso, tendo sido anulada apenas a deliberação sobre coligações, poderão permanecer como candidatos do Partido aqueles já escolhidos na Convenção, desde que a permanência atenda aos interesses da Comissão Executiva Nacional.</p><p>§ 3º. Nos termos do artigo 7º, caput, da Lei 9.504/97, na hipótese de substituição de candidatos a cargos eletivos, após o período legal destinado à realização de Convenções, será prerrogativa do respectivo órgão de execução, a indicação de substituto.</p><p>Art. 12. Os órgãos de execução do Partido Voz no Brasil poderão credenciar delegados em suas esferas de atuação junto à Justiça Eleitoral, nos termos do artigo 11 da Lei 9.096/95.</p><p>Art. 13. As chapas de candidatos a cargos eletivos, membros efetivos e suplentes do Diretório, quando houver, além de outras propostas de interesse do Partido, serão registradas no respectivo órgão partidário de execução, em até 2 (dois) dias após a publicação do edital que convocou a Convenção, mediante protocolo.</p><p>§ 1º. O órgão de execução deliberará sobre os registros e divulgará o resultado para posterior Convenção.</p><p>§ 2º. Quando da fundação do partido, as chapas de candidatos ao cargo de dirigentes nacionais provisórios, os quais irão se encarregar das providências necessárias para o registro do estatuto perante o Cartório de Registro Civil competente e no Tribunal Superior Eleitoral (art. 8º da Lei 9.096/95), poderão ser registradas na própria reunião de fundação, em até 10 (dez) minutos antes do início da votação.</p><p>Art. 14. Quando a Convenção for convocada para indicar candidatos a cargos eletivos, será considerada eleita à chapa que obtiver a maioria dos votos válidos.</p><p>Parágrafo Único - Para os fins do disposto neste Estatuto, não serão considerados como válidos os votos nulos, brancos e abstenções.</p><p>Art. 15. Quando a Convenção for convocada para eleger Diretórios, será considerada eleita a chapa que obtiver a maioria dos votos válidos.</p><p>Parágrafo Único - Para os fins do disposto neste Estatuto, não serão considerados como válidos os votos nulos, brancos e abstenções.</p><p>Art. 16. As Convenções serão presididas pelo Presidente do respectivo órgão de execução e terão suas regras de funcionamento fixadas pela Comissão Executiva Nacional.</p><p>CAPÍTULO V</p><p>DOS DIRETÓRIOS</p><p>Art. 17. O Diretório Nacional será composto por 21 (vinte e um) membros titulares, os Diretórios Estaduais e o Distrital, por 15 (quinze) membros titulares e, os Diretórios Municipais por 9 (nove) membros titulares, eleitos por votação nas convenções partidárias, convocadas para essa finalidade, nos termos deste Estatuto, e reguladas pela Comissão Executiva Nacional.</p><p>§ 1º. Os Diretórios terão suplentes igual a 20% (vinte por cento) de seus membros titulares, eleitos nas mesmas convenções mencionadas no caput deste artigo, sendo que no cálculo dos membros suplentes qualquer fração deverá ser arredondada para cima.</p><p>§ 2º. Os Diretórios serão presididos pelos Presidentes das Comissões Executivas.</p><p>§ 3º. Os dirigentes nacionais provisórios (art. 9º da Resolução TSE nº 23.571/2018) serão formados por 21 (vinte e um) membros, compostos pelo(a) Presidente; pelo(a) 1º, 2º, 3º e 4º Vice-Presidentes; pelo(a) Secretário(a) Geral; pelo(a) 1º e 2º Secretários(as); pelo(a) Tesoureiro(a) e Tesoureiro(a) Adjunto; pelo(a) Presidente do Conselho Político; pelo(a) Presidente do Conselho de Ética; pelo(a) Presidente do Conselho Fiscal; bem como por 4 (quatro) Conselheiros(as) e 4 (quatro) Vogais.</p><p>Art. 18. As Comissões Executivas, eleitas pelo Diretório de seu nível ou designadas nos termos do artigo 5º, §§ 1º e 4º, do Estatuto, têm a seguinte composição:</p><p>I - Comissão Executiva Nacional: Presidente, Primeiro, Segundo, Terceiro e Quarto Vice-Presidente, Secretário-Geral, Primeiro e Segundo-Secretários, Primeiro e Segundo-Tesoureiros, Líderes das bancadas na Câmara dos Deputados e Senado Federal, Presidente do Conselho Político, Presidente do Conselho de Ética, Presidente do Conselho Fiscal, 4 (quatro) Conselheiros e 4 (quatro) Vogais;</p><p>II - Comissão Executiva Estadual e Distrital: Presidente, Primeiro e Segundo- Vice-Presidente, Secretário-Geral, Secretário, Tesoureiro e 1 (um) Membro Vogal;</p><p>III - Comissão Executiva Municipal: Presidente, Vice-Presidente, Secretário, Tesoureiro e 1 (um) Membro Vogal;</p><p>§1º. O mandato dos membros do Diretório Nacional terá a duração de 4 (quatro) anos, permitida a reeleição para apenas mais um mandato subsequente para o mesmo cargo e devendo observar o disposto no artigo 50 das disposições transitórias deste estatuto, no que diz respeito ao primeiro mandato após a aprovação deste Estatuto.</p><p>§2º. Na hipótese de vacância de cargo do Diretório Nacional por razões de falecimento, expulsão, renúncia ou quaisquer outros motivos, pessoais ou não, do representante, o cargo vago será assumido de acordo com a sucessão hierárquica, por até 90 (noventa) dias, período em que os membros remanescentes do Diretório deverão indicar o substituto, em votação aberta e não sigilosa, por maioria dos seus membros.</p><p>Art. 19. Compete ao Diretório Nacional:</p><p>I - Convocar, organizar e dirigir as convenções nacionais;</p><p>II - Cumprir ou fazer cumprir as deliberações das Convenções Nacionais;</p><p>III - zelar pelo cumprimento do estatuto;</p><p>IV - Elaborar a lista de candidatos a membros do Diretório Nacional e eleger eventuais novos membros do Diretório, nos termos do §2 do art. 6º deste Estatuto;</p><p>V - Emitir resoluções que sejam de interesse do partido para cumprimento dos objetivos estatutários;</p><p>VI - Elaborar e editar modelo de Termo de Compromisso Partidário e as indicações de conteúdo mínimo do Compromisso de Gestão e do Compromisso de Atuação Legislativa a serem assinados pelos candidatos a cargos majoritários e legislativos sob a legenda do partido;</p><p>VII - Nomear dirigentes dos órgãos de apoio;</p><p>VIII - Eleger os membros dos Diretórios Estaduais e Distrital, a partir da lista de candidatos aprovada em cada convenção ou, em caso de vacância dos cargos a período inferior a 12 meses do término do mandato, diretamente;</p><p>IX - Exercer o direito de veto a candidaturas a membros de Diretórios Municipais e a cargos eletivos estaduais e municipais sob a legenda do Partido;</p><p>X - Manter a escrituração contábil e elaborar anualmente as contas do partido a serem apresentadas nas convenções nacionais e aos tribunais eleitorais;</p><p>XI - Gerir e zelar pelo patrimônio do partido;</p><p>XII - Aprovar o orçamento e balanço financeiro e patrimonial dos Diretórios Estaduais e do Distrito Federal;</p><p>XIII - Julgar os processos disciplinares instaurados contra os Diretórios Estaduais e filiados que exerçam mandato eletivo federal, aplicar as respectivas sanções, ressalvada a competência da Comissão de Ética Partidária; bem como julgar os recursos interpostos contra decisões dos Diretórios Estaduais e contra as decisões da Comissão de Ética Partidária;</p><p>XIV - Estabelecer limites e parâmetros para gastos de campanhas eleitorais federais;</p><p>XV - Aprovar os limites e parâmetros para gastos de camparas eleitorais estaduais ou municipais propostos pelos Diretórios Estaduais;</p><p>XVI - Deliberar a distribuição e aplicação das cotas e recursos do Fundo Partidário e do Fundo Especial de Financiamento de Candidatura - FEFC;</p><p>XVII - Propor e aprovar as coligações, federações e alianças partidárias para cada eleição;</p><p>XVIII - decidir, em votação conjunta com os mandatários eleitos pelo partido para os cargos dos poderes executivo e legislativo federal, as propostas de definição da opção obrigatória e vinculativa de voto a ser proferido pelos mandatários em determinadas matérias de interesse do partido;</p><p>XIX - nomear o líder da bancada legislativa eleita pelo partido;</p><p>XX - Apreciar pedido de filiação ao quadro de membros do partido de pessoas de notória expressão pública nacional, a critério exclusivo do Diretório Nacional;</p><p>XXI - elaborar o Formulário de Filiação, Comprovante de Filiação e o Formulário de Desligamento;</p><p>Art. 20. O Diretório Nacional terá, no mínimo, 02 (duas) reuniões ordinárias por ano, as quais serão definidas por seu presidente e publicadas na forma deste estatuto.</p><p>Art. 21. Os Diretórios reunir-se-ão sempre que convocados pelo respectivo Presidente, ad referendum da maioria da Comissão Executiva ou do próprio órgão de execução.</p><p>Parágrafo único. Poderá perder o mandato o membro do Diretório que faltar a 3 (três) reuniões seguidas ou intercaladas, sem devida justificativa aceita pela maioria dos seus membros.</p><p>Art. 22. A convocação de Diretório será feita pelas formas previstas no artigo 7º, deste Estatuto.</p><p>§ 1º. A publicidade ou a comunicação do edital ocorrerá com antecedência de 3 (três) dias e determinará local, dia e hora da reunião, além do objeto da convocação.</p><p>§ 2º. Em casos de urgência e relevância poderá o Presidente do órgão de execução, ad referendum da Comissão Executiva, convocar o Diretório em prazo inferior ao previsto no caput, sendo a comunicação feita por carta ou mensagem eletrônica, ou telefonema pessoais, informando local, dia, hora e o objeto da reunião.</p><p>Art. 23. Compete aos Diretórios:</p><p>I - eleger dentre os membros do Diretório, a respectiva Comissão Executiva;</p><p>II - eleger os membros do Conselho de Ética, Conselho Fiscal e Conselho Político, no nível de sua jurisdição, dentre os seus filiados;</p><p>III - conhecer os recursos contra o respectivo órgão de execução, desde que interpostos na forma do Estatuto;</p><p>IV - zelar pela obediência ao Manifesto, Programa e a este Estatuto, na área de sua jurisdição, podendo delegar atribuições nesse sentido ao órgão de execução de seu nível;</p><p>V - submeter a prestação de contas partidárias e de campanha à Justiça Eleitoral, nos termos da legislação eleitoral vigente;</p><p>VI - no caso do Diretório Nacional, baixar resoluções com o objetivo de disciplinar as matérias contidas neste Estatuto e as de interesse do Partido;</p><p>VII - praticar outros atos que lhes sejam atribuídos pela Lei ou por este Estatuto.</p><p>Art. 24. A Comissão Executiva Nacional do Partido VOZ NO BRASIL poderá, a qualquer tempo, no interesse partidário, intervir e promover a dissolução de órgão de direção e execução estadual, distrital e municipal, podendo revogar resoluções, cancelar candidaturas e anular Convenções convocadas para eleger os membros de Diretório ou que tratem sobre a condução de processo eleitoral ou formação de coligações, que contrariem seus interesses de atuação e linha política, ou do estatuto, ou do código de ética.</p><p>TÍTULO II</p><p>DA FILIAÇÃO PARTIDÁRIA, DIREITOS E DEVERES DOS FILIADOS</p><p>Art. 25. Poderá filiar-se ao Partido VOZ NO BRASIL todo eleitor no pleno gozo de seus direitos políticos, que concorde expressamente com o Estatuto e o Programa Partidário.</p><p>§ 1º. O Diretório Nacional poderá instituir modalidade especial de filiação para favorecer a militância partidária entre jovens não eleitores, menores de 16 anos.</p><p>§ 2º. O cancelamento de filiação partidária dar-se-á por morte, expulsão, desligamento voluntário ou caducidade, bem como nas hipóteses previstas no art. 22 da Lei 9096/95.</p><p>Art. 26. A filiação deverá ser deferida pelo órgão partidário municipal competente, com entrega de comprovante ao filiado, nos termos da Lei nº 9.096/1995, ou, excepcionalmente e de forma justificada junto ao órgão Estadual.</p><p>Parágrafo único. É facultada, excepcionalmente, a filiação perante o Diretório Nacional, cabendo a este comunicá-la, imediatamente, ao órgão estadual respectivo, que, por sua vez, fará a mesma comunicação, também imediatamente, ao órgão do Partido na circunscrição eleitoral respectiva.</p><p>Art. 27. São direitos dos filiados:</p><p>I - Participar das convenções e atividades partidárias;</p><p>II - Votar e ser votado para cargos partidários e eletivos, respeitadas as condições legais e estatutárias;</p><p>III - Fiscalizar o cumprimento do Programa Partidário.</p><p>Art. 28. São deveres dos filiados:</p><p>I Cumprir este Estatuto e o Programa Partidário;</p><p>II - Respeitar as diretrizes partidárias e a disciplina interna.</p><p>Art. 29. Os filiados, em especial os parlamentares, devem subordinar sua atuação aos princípios doutrinários e às diretrizes do partido, sob pena de sanções disciplinares.</p><p>TÍTULO III</p><p>Da Disciplina Partidária</p><p>Art. 30. Estão sujeitos às medidas disciplinares, na forma da Lei, deste Estatuto e do Código de Ética a ser elaborado pelo Diretório Nacional do partido:</p><p>I - os órgãos de direção e execução;</p><p>II - os dirigentes e filiados do Partido em geral;</p><p>III - os detentores de mandato eletivo ou ocupantes de cargo ou função pública, por indicação do Partido.</p><p>Art. 31. As medidas disciplinares previstas para os órgãos mencionados no inciso I, do art. 30, são as seguintes:</p><p>I - advertência;</p><p>II - suspensão;</p><p>III - dissolução.</p><p>Parágrafo único - Quando se tratar de Comissão Executiva Provisória, esta estará sujeita a dissolução imediata pelo órgão hierarquicamente superior, não se adotando os requisitos deste Título no tocante a prazos e procedimentos.</p><p>Art. 32. As medidas disciplinares previstas no artigo 31, incisos I, II e III serão aplicadas aos órgãos partidários mencionados no inciso I, do artigo 30, nos casos de:</p><p>I - violação do Programa, das obrigações estatutárias, ou da ética partidária, bem como, desrespeito às determinações e diretrizes estabelecidas pelos órgãos superiores do Partido;</p><p>II - grave divergência entre seus membros;</p><p>III - má gestão financeira ou descumprimento das obrigações pecuniárias com o Partido;</p><p>IV - descumprimento das finalidades do órgão, com prejuízo para o Partido;</p><p>V - ineficiência flagrante ou indisciplina;</p><p>VI - falta de exação no cumprimento de deveres atinentes às respectivas funções e atribuições.</p><p>§ 1º. A medida disciplinar poderá ser proposta pelo Presidente, pela maioria do órgão solicitado a decidir, ou por um terço dos membros do Diretório Municipal ou Regional, suspeito de infração ou desobediência ao Estatuto e a Ética político- partidária.</p><p>§ 2º. Havendo solicitação de dissolução em qualquer Diretório, a Comissão Executiva de nível hierarquicamente superior, poderá a seu exclusivo critério, designar imediatamente uma Comissão Executiva Interventora, para administrar o órgão do Partido até a decisão final.</p><p>§ 3º. Recebido o pedido de medida disciplinar, será comunicado o órgão acusado, para que ofereça defesa, solicitando parecer do respectivo Conselho de Ética.</p><p>§ 4º. Caso o Diretório acusado deixe de apresentar defesa, será, após transcorrido o prazo legal, decretada a sua revelia.</p><p>§ 5º. Se a medida disciplinar resultar em advertência ela deverá ser efetivada por escrito e assinada pelo Presidente da Comissão Executiva, hierarquicamente superior.</p><p>§ 6º. Se a decisão resultar em dissolução do Diretório, a Comissão Executiva imediatamente superior nomeará Comissão Provisória, que poderá ser a prevista no § 2º, deste artigo, na forma dos §§ 1º, 2º, 3º e 4º do art. 5º, deste Estatuto.</p><p>§ 7º. Da decisão caberá recurso, no prazo de 5 (cinco) dias, sem efeito suspensivo, para o órgão de execução hierarquicamente superior, e para a Convenção Nacional, se o ato for da Comissão Executiva Nacional.</p><p>§ 8º. As decisões proferidas em grau de recurso são irrecorríveis.</p><p>Art. 33. As medidas disciplinares previstas para os casos mencionados nos artigos anteriores deste título serão:</p><p>I - advertência reservada;</p><p>II - advertência pública;</p><p>III - suspensão, por 3 (três) a 12 (doze) meses;</p><p>IV - cancelamento do registro de candidatura, caso seja candidato a cargo eletivo;</p><p>V - destituição da função em órgão partidário;</p><p>VI - expulsão do Partido.</p><p>§ 1º. A pena de advertência reservada será aprovada pelo respectivo órgão de execução e comunicada por seu Presidente ao infrator, de forma reservada, só se tornando pública no caso de reincidência ou no caso de recurso.</p><p>§ 2º. A pena de cancelamento de registro de candidatura será aprovada pelo respectivo órgão de execução, oportunidade em que será indicado, inclusive, o substituto, na forma da Lei e deste Estatuto, devendo tais providências ser comunicadas imediatamente à Justiça Eleitoral.</p><p>§ 3º. As demais penas previstas neste artigo devem ser aprovadas pela respectiva Comissão Executiva, por maioria absoluta de votos.</p><p>§ 4º. A suspensão prevista no inciso III deste artigo implica a interdição do exercício político-partidário e a exclusão do nome do infrator de chapas do Partido para disputas eleitorais, durante o prazo da suspensão.</p><p>§ 5º. Sem prejuízo dos prazos estabelecidos, será assegurada ao acusado o direito a ampla defesa e o contraditório.</p><p>§ 6º. Da pena imposta pela Comissão Executiva cabe recurso, no prazo de 5 (cinco) dias da ciência, sem efeito suspensivo, a Comissão Executiva hierarquicamente superior.</p><p>§ 7º. Das decisões da Comissão Executiva Nacional cabe recurso a Convenção Nacional, no mesmo prazo do parágrafo anterior, sem efeito suspensivo.</p><p>§ 8º. Decidida a aplicação das penas a que se referem os incisos III, IV, V e VI deste artigo, elas deverão ser executadas pelo respectivo órgão de execução partidário.</p><p>§ 9º. O cumprimento da decisão a que se refere o parágrafo anterior deverá ser efetuado no prazo de 5 (cinco) dias.</p><p>§ 10. Sem prejuízo de outras penas da Lei, deste Estatuto ou do Código de Ética, estará sujeito às penalidades previstas neste artigo o filiado que infringir o Programa ou o Estatuto do Partido nas seguintes ações ou procedimentos:</p><p>I - deixar de mencionar a sigla partidária em propaganda eleitoral;</p><p>II - fazer referências desairosas a outro candidato ou filiado do Partido;</p><p>III - apoiar, clara ou veladamente, candidato de outro partido ou de outra coligação, em eleições das quais o Partido participe;</p><p>IV - utilizar cargo, função ou mandato público para auferir indevidamente lucros em seu próprio benefício ou vantagens financeiras ou comerciais;</p><p>V - nomear para cargos ou funções de sua confiança parentes que não tenham notória competência para o seu exercício;</p><p>VI - utilizar bens públicos, inclusive automóveis oficiais, para seu serviço pessoal, de sua família ou de terceiros;</p><p>VII - se parlamentar, votar contra decisão tomada pelo órgão de execução de seu nível;</p><p>VIII - infringir, através de ações, votos ou declarações públicas, as normas estatutárias, a ética partidária, a linha político-partidária fixada pelos órgãos do Partido ou as diretrizes legitimamente estabelecidas pela Comissão Executiva Nacional.</p><p>IX - agir com improbidade ou má exação no exercício de cargo ou função pública ou partidária</p><p>ou assumir conduta pessoal reprovável.</p><p>X - se parlamentar, se opuser, pela atitude ou voto, contra a deliberação da respectiva Executiva tomada através de "fechamento de questão".</p><p>Art. 34. Perderá automaticamente cargo ou função exercida em decorrência da proporção partidária o parlamentar que deixar o Partido VOZ NO BRASIL, conforme dispõe o artigo 26 da Lei nº 9.096/1995.</p><p>TÍTULO IV</p><p>DAS FINANÇAS E CONTABILIDADE</p><p>Art. 35. Constituem o patrimônio do Partido VOZ NO BRASIL:</p><p>I - Contribuições voluntárias dos filiados;</p><p>II - Doações de pessoas físicas e jurídicas, respeitada a legislação vigente;</p><p>III - Recursos do Fundo Partidário;</p><p>IV - Rendas de eventos e aplicações financeiras.</p><p>Art. 36. As contas bancárias do Partido serão movimentadas por meio das assinaturas do Presidente do respectivo órgão de execução ou do Secretário- Geral, por delegação do Presidente, sempre em conjunto com o Tesoureiro.</p><p>§ 1º. A Comissão Executiva dentro de sua respectiva circunscrição/jurisdição, por sua maioria absoluta, designará a composição dos membros que irão promover a movimentação bancária em conjunto com o Tesoureiro por meio de suas assinaturas, na forma prevista no caput deste artigo.</p><p>§ 2º. A Comissão Executiva dentro de sua respectiva circunscrição, por sua maioria absoluta, poderá autorizar o Presidente a delegar ao Secretário-Geral, através de Ata da Comissão Executiva respectiva, todos os poderes necessários à administração partidária.</p><p>Art. 37. Os depósitos e movimentações de recursos provenientes do Fundo Partidário serão realizados em conta bancária aberta unicamente para movimentação de tais recursos.</p><p>Art. 38. Os recursos do Fundo Partidário serão distribuídos entre os órgãos nacionais, estaduais e municipais conforme critérios definidos pelo Diretório Nacional, priorizando a manutenção da estrutura partidária e a promoção dos valores cristãos e conservadores, bem como de incentivo à participação feminina na política.</p><p>Art. 39. O partido prestará contas anualmente à Justiça Eleitoral, conforme exigido pela Lei nº 9.096/1995, sendo vedada qualquer forma de ocultação de receitas ou despesas.</p><p>TÍTULO V</p><p>DAS BANCADAS</p><p>Art. 40. As bancadas do Partido VOZ NO BRASIL nas Câmaras Municipais, Assembleias Legislativas e Distrital, Câmara dos Deputados e Senado Federal constituirão suas lideranças, de acordo com as normas regimentais das suas respectivas Casas Legislativas e diretrizes deste Partido, devendo adotar as regras abaixo discriminadas:</p><p>I - voto direto e aberto com chamada nominal em ordem alfabética;</p><p>II - quorum qualificado por maioria absoluta;</p><p>III - não serão admitidos votos por procuração;</p><p>IV - será considerado eleito líder da bancada o candidato que obtiver a maioria dos votos válidos, não computados os brancos, nulos e as abstenções.</p><p>TÍTULO VI</p><p>DA FUSÃO, INCORPORAÇÃO E EXTINÇÃO</p><p>Art. 41. A fusão, incorporação ou extinção do Partido VOZ NO BRASIL será decidida pela Convenção Nacional, por maioria absoluta, com registro no Tribunal Superior Eleitoral (TSE).</p><p>Art. 42. Em caso de extinção, o patrimônio líquido será destinado a uma entidade sem fins lucrativos, escolhida pelo Diretório Nacional, após a liquidação de eventuais dívidas.</p><p>TÍTULO VII</p><p>DISPOSIÇÕES TRANSITÓRIAS E FINAIS</p><p>Art. 43. O lema oficial do Partido VOZ NO BRASIL é a defesa da religião, da legalidade, da moralidade e da família.</p><p>§ 1º. As cores oficiais do PARTIDO VOZ NO BRASIL são o Azul, Verde e Amarelo, simbolizando as cores da nossa Pátria, o Brasil.</p><p>§ 2º. O número do partido será definido na reunião de fundação e submetido à aprovação pelo Tribunal Superior Eleitoral - TSE, podendo ser alterado na forma da lei.</p><p>Art. 44. A Comissão Executiva Nacional, por sua maioria absoluta, poderá baixar instruções ou Resoluções que passarão a valer como norma estatutária até sua aprovação definitiva em Convenção Nacional.</p><p>Parágrafo único - Na omissão estatutária a legislação vigente será aplicada subsidiariamente para dirimir eventuais dúvidas e conflitos.</p><p>Art. 45. Na hipótese da dissolução do Partido, o seu patrimônio será destinado a entidade congênere, cultural ou assistencial, escolhida pelo Diretório Nacional, por sua maioria absoluta.</p><p>Art. 46. Os programas eleitorais de rádio e televisão serão planejados e dirigidos por um membro da Comissão Executiva, designado por seu Presidente, e visarão exclusivamente à divulgação da doutrina do Partido e de seu Programa, cabendo à direção, nas eleições proporcionais, incluir ou não candidatos, no tempo que lhe for atribuído.</p><p>Art. 47. A Comissão Executiva Nacional, por maioria, poderá adquirir imóveis destinados ao funcionamento da sua Sede Social.</p><p>Parágrafo único - O imóvel retro mencionado deverá ser devidamente mobiliado e decorado com recursos financeiros próprios oriundos da arrecadação, contribuição ou doação partidária, os quais deverão ser incorporados ao patrimônio do partido, para os fins de prestação de contas do exercício competente, junto ao Tribunal Superior Eleitoral.</p><p>Art. 48. A Comissão Executiva Nacional, por maioria, poderá fixar remuneração a seus membros, mediante ato administrativo próprio, que deverá ser custeada nos termos da legislação vigente.</p><p>Art. 49. Eventual indenização por dano moral ou material decorrente de ato praticado em campanha eleitoral, por candidato, militante ou filiado ao PARTIDO VOZ NO BRASIL, deverão por estes serem suportados, integralmente, excluindo-se quaisquer responsabilidades da agremiação partidária ou de seus dirigentes.</p><p>Parágrafo único. Os filiados não respondem solidária e nem subsidiariamente pelas obrigações contraídas em nome da agremiação partidária.</p><p>Art. 50. O Diretório Nacional e sua respectiva Comissão Executiva Nacional, eleitos em Convenção Nacional, realizada na data da aprovação do presente Estatuto terão excepcionalmente seus mandatos estabelecidos até a data de 07 de fevereiro de 2030.</p><p>Parágrafo único - Os diretórios estaduais/distrital e municipais eleitos após a aprovação deste Estatuto terão seu primeiro mandato de até um ano, contados do registro junto ao órgão competente.</p><p>Art. 51. Nos termos da Lei 14.192/2021, serão garantidos o direito de participação política da mulher, vedado qualquer ato de discriminação, obstrução e a desigualdade de tratamento em virtude do sexo ou de raça no acesso às instâncias de representação política e no exercício de funções públicas, devendo lhes ser assegurado a isonomia e igualdade, sob pena de incorrer nas sanções éticas previstas neste Estatuto, assim como na legislação referida neste artigo.</p><p>Art. 52. Este Estatuto e o Programa só poderão ser alterados ou reformados por meio de convenção designada com este fim específico e mediante aprovação de, no mínimo, 2/3 (dois terços) dos membros do diretório nacional.</p><p>Art. 53. Este Estatuto entrará em vigor, em todo o território nacional, a partir de sua aprovação e publicação no Diário Oficial da União.</p><p class="data">Belo Horizonte-MG, 31 de maio de 2025.</p><p class="assina">ALESSANDRO BERTOLINI DE PAIVA</p><p class="cargo">Presidente - Partido Voz no Brasil</p><p class="assina">ACÁCIO WILDE EMILIO DOS SANTOS</p><p class="cargo">Advogado - OAB/MG. 81.810</p>]]></Texto>
  </body>
  <Midias />
</article></xml>