﻿<xml><article id="44720586" name="Assembleia geral Edital de convo" idOficio="11166319" pubName="DO3" artType="Edital de Convocação" pubDate="01/08/2025" artClass="00071:00463:00000:00000:00000:00000:00000:00000:00000:00000:00058:00000" artCategory="Entidades de Fiscalização do Exercício das Profissões Liberais/CONSELHO REGIONAL DE ODONTOLOGIA DO RIO DE JANEIRO" artSize="12" artNotes="" numberPage="218" pdfPage="http://pesquisa.in.gov.br/imprensa/jsp/visualiza/index.jsp?data=01/08/2025&amp;jornal=530&amp;pagina=218" editionNumber="144" highlightType="" highlightPriority="" highlight="" highlightimage="" highlightimagename="" idMateria="22907155">
  <body>
    <Identifica><![CDATA[EDITAL DE CONVOCAÇÃO Nº 3/2025 ]]></Identifica>
    <Data><![CDATA[Rio de Janeiro 31 de julho de 2025]]></Data>
    <Ementa />
    <Titulo />
    <SubTitulo />
    <Texto><![CDATA[<p></p><p class="identifica">EDITAL DE CONVOCAÇÃO Nº 3/2025</p><p class="identifica">ASSEMBLEIA GERAL</p><p>CNPJ: 33.947.102/0001-78</p><p>O Presidente do Conselho Regional de Odontologia do Rio de Janeiro, no uso de suas atribuições regimentais, considerando o disposto no artigo 20, inciso I, parte final, da Lei 4.324, de 14 de abril de 1964, bem como o disposto no artigo 19, "alínea a", do seu Regimento Interno, e considerando que haverá eleição para renovação do Plenário da Autarquia em 03/10/2025, ao tempo em que torna pública a designação de Assembleia Geral para ouvir a leitura e discutir o Relatório de Contas da Diretoria, CONVOCA os cirurgiões-dentistas inscritos em seus quadros, titulares de inscrição principal ou remida e quites com sua Tesouraria, para participarem de Assembleia Geral Presencial a ser realizada em 27/08/2025, no auditório da subsede, situada Avenida Armando Lombardi, nº 350 - loja 222 - Barra da Tijuca - Rio de Janeiro - RJ, com primeira convocação para 12:00hs, com a maioria absoluta dos inscritos, e segunda e última para 12:30hs, com qualquer número de participantes, com a finalidade de ouvir a leitura e discutir o relatório de contas da Diretoria do CRO-RJ, referente ao período de janeiro a julho de 2025, nos termos e moldes estabelecidos na Lei 4.324/64 e Regimento Interno da Autarquia.</p><p class="data">Rio de Janeiro 31 de julho de 2025</p><p class="assina">OUTAIR BASTAZINI FILHO</p><p class="cargo">Presidente</p>]]></Texto>
  </body>
  <Midias />
</article></xml>