﻿<xml><article id="44732712" name="DOU_0510_2025_Extrato Ata" idOficio="11154765" pubName="DO3" artType="Extrato de Termo Aditivo" pubDate="01/08/2025" artClass="00075:00015:00450:00000:00000:00000:00000:00000:00000:00000:00053:00000" artCategory="Prefeituras/Estado do Paraná/Prefeitura Municipal de Toledo" artSize="12" artNotes="" numberPage="304" pdfPage="http://pesquisa.in.gov.br/imprensa/jsp/visualiza/index.jsp?data=01/08/2025&amp;jornal=530&amp;pagina=304" editionNumber="144" highlightType="" highlightPriority="" highlight="" highlightimage="" highlightimagename="" idMateria="22887126">
  <body>
    <Identifica><![CDATA[EXTRATO  DE REGISTRO DE PREÇOS]]></Identifica>
    <Data><![CDATA[]]></Data>
    <Ementa />
    <Titulo />
    <SubTitulo />
    <Texto><![CDATA[<p class="identifica">EXTRATO DE REGISTRO DE PREÇOS</p><p>Espécie: ATA DE REGISTRO DE PREÇOS Nº 510/2025</p><p>CONTRATANTE: MUNICÍPIO DE TOLEDO</p><p>CONTRATADA: GABRIELA ABT TRATZ EPP</p><p>OBJETO: Registro de Preço, pelo período de 12 (doze) meses, para aquisição de mudas de flores em fase de botão floral e plantas ornamentais para execução de paisagismo e hortas nos locais de responsabilidade da Secretaria Municipal da Educação da cidade de Toledo. VALOR: R$ 240.796,30 (duzentos e quarenta mil, setecentos e noventa e seis reais e trinta centavos). Ata de registro de preço firmada em 24 de junho de 2025, oriunda da licitação modalidade Pregão Eletrônico nº 21/2025.</p><p>DATA DE ASSINATURA: 24 de junho de 2025.</p>]]></Texto>
  </body>
  <Midias />
</article></xml>