﻿<xml><article id="44721400" name="Publi DOU - Recursos - campezza" idOficio="11184002" pubName="DO3" artType="Aviso de Julgamento" pubDate="01/08/2025" artClass="00073:03103:00000:00000:00000:00000:00000:00000:00000:00000:00000:00000" artCategory="Ineditoriais/CONSÓRCIO INTERMUNICIPAL MULTIFINALITÁRIO DA ÁREA MINEIRA DA SUDENE" artSize="12" artNotes="" numberPage="227" pdfPage="http://pesquisa.in.gov.br/imprensa/jsp/visualiza/index.jsp?data=01/08/2025&amp;jornal=530&amp;pagina=227" editionNumber="144" highlightType="" highlightPriority="" highlight="" highlightimage="" highlightimagename="" idMateria="22936712">
  <body>
    <Identifica><![CDATA[AVISO  PREGÃO ELETRÔNICO Nº  14/2025]]></Identifica>
    <Data><![CDATA[ Montes Claros-MG, 29 de julho de 2025.]]></Data>
    <Ementa />
    <Titulo />
    <SubTitulo />
    <Texto><![CDATA[<p class="identifica">AVISO PREGÃO ELETRÔNICO Nº 14/2025</p><p>O CONSÓRCIO INTERMUNICIPAL MULTIFINALITÁRIO DA ÁREA MINEIRA DA SUDENE - CIMAMS, torna público: Após análise recursal, julgou IMPROCEDENTE os recursos interpostos pela empresa CAMPEZZA IRRIGAÇÃO E EQUIPAMENTOS LTDA. P.A. 038/2025 - P.E. POR REGISTRO DE PREÇOS 014/2025. Objeto: REGISTRO DE PREÇOS PARA FUTURA E EVENTUAL CONTRATAÇÃO DE EMPRESA PARA FORNECIMENTO DE CAIXAS D'ÁGUA DE POLIETILENO, BOMBAS SUBMERSAS, TUBOS DIVERSOS E MATERIAIS PARA INSTALAÇÃO DE ESGOTO, EM ATENDIMENTO ÀS DEMANDAS DOS MUNICÍPIOS INTEGRANTES AO CONSÓRCIO INTERMUNICIPAL MULTIFINALITÁRIO DA ÁREA MINEIRA DA SUDENE - CIMAMS. Informações pelo fone: (38) 3221-0841 e (38) 9 99970-3832, e-mail: licitacao@cimams.mg.gov.br.</p><p class="data">Montes Claros-MG, 29 de julho de 2025.</p><p class="assina">ADAILDO ROCHA MOREIRA</p><p class="cargo">Presidente do CIMAMS</p>]]></Texto>
  </body>
  <Midias />
</article></xml>