﻿<xml><article id="44720316" name="Extrato de Contrato_edital 016_2" idOficio="11171599" pubName="DO3" artType="Extrato de Contrato" pubDate="01/08/2025" artClass="00075:00020:00062:00000:00000:00000:00000:00000:00000:00000:00030:00000" artCategory="Prefeituras/Estado do Rio de Janeiro/Prefeitura Municipal de Miracema" artSize="12" artNotes="" numberPage="317" pdfPage="http://pesquisa.in.gov.br/imprensa/jsp/visualiza/index.jsp?data=01/08/2025&amp;jornal=530&amp;pagina=317" editionNumber="144" highlightType="" highlightPriority="" highlight="" highlightimage="" highlightimagename="" idMateria="22916384">
  <body>
    <Identifica><![CDATA[ EXTRATO DE CONTRATO N 465/2025]]></Identifica>
    <Data><![CDATA[]]></Data>
    <Ementa />
    <Titulo />
    <SubTitulo />
    <Texto><![CDATA[<p class="identifica">EXTRATO DE CONTRATO N 465/2025</p><p>Contrato nº: 465/2025 - Contratante: MUNICÍPIO DE MIRACEMA/RJ - contratada: ROME INCORPORADORA LTDA - CNPJ: 30.233.144/0001-59 - objeto: Construção de Unidade Básica de Saúde (UBS) tipo 1 - valor total: R$ 1.644.886,29 - processo adm. nº: 2025.17396-9 - edital n°: 016/2025 - Concorrência Eletrônica.</p><p></p>]]></Texto>
  </body>
  <Midias />
</article></xml>