﻿<xml><article id="44719208" name="AVISO CONC.002.2025 REFORMA ESCO" idOficio="11178040" pubName="DO3" artType="Aviso de Licitação-Concorrência" pubDate="01/08/2025" artClass="00075:00005:00231:00000:00000:00000:00000:00000:00000:00000:00159:00000" artCategory="Prefeituras/Estado da Bahia/Prefeitura Municipal de Ibitiara" artSize="12" artNotes="" numberPage="246" pdfPage="http://pesquisa.in.gov.br/imprensa/jsp/visualiza/index.jsp?data=01/08/2025&amp;jornal=530&amp;pagina=246" editionNumber="144" highlightType="" highlightPriority="" highlight="" highlightimage="" highlightimagename="" idMateria="22926220">
  <body>
    <Identifica><![CDATA[ AVISO DE LICITAÇÃO]]></Identifica>
    <Data><![CDATA[ Ibitiara - Ba, 29 de julho de 2025]]></Data>
    <Ementa />
    <Titulo />
    <SubTitulo />
    <Texto><![CDATA[<p class="identifica">AVISO DE LICITAÇÃO</p><p class="identifica">CONCORRÊNCIA ELETRÔNICA Nº 2/2025-CONC-E</p><p>Contratação de empresa de engenharia para obras de reforma e ampliação das Escolas: Escola Municipal Tainá dos Santos Rodrigues, localizada no distrito do Mocambo e a Escola Municipal Manoel Pedro de Oliveira, no distrito de Olhos d'Água do Seco, no município de Ibitiara-BA, conforme as condições estabelecidas no Edital e seus anexos. Critério de Julgamento: MENOR PREÇO, execução indireta, sob o regime de empreitada por preço global. Data e Hora da Disputa: 15/08/2025 às 09:00h, no site www.licitanet.com.br. Edital disponível a partir do dia 01/08/2025 https://www.ibitiara.ba.gov.br/ na extensão: https://www.ibitiara.ba.gov.br/portal-da-transparencia/licitacoes ; na sede da Prefeitura; Celular para Contato com a Recepção (75) 99135-2693, ou por e-mail: licitacao@ibitiara.ba.gov.br</p><p class="data">Ibitiara - Ba, 29 de julho de 2025</p><p class="assina">Giulia Pereira Santos</p><p class="cargo">Agente de Contratação</p>]]></Texto>
  </body>
  <Midias />
</article></xml>