﻿<xml><article id="44731015" name="AVISO PE 042 2025" idOficio="11178031" pubName="DO3" artType="Aviso de Licitação" pubDate="01/08/2025" artClass="00075:00020:00034:00000:00000:00000:00000:00000:00000:00000:00078:00000" artCategory="Prefeituras/Estado do Rio de Janeiro/Prefeitura Municipal de Cordeiro" artSize="12" artNotes="" numberPage="316" pdfPage="http://pesquisa.in.gov.br/imprensa/jsp/visualiza/index.jsp?data=01/08/2025&amp;jornal=530&amp;pagina=316" editionNumber="144" highlightType="" highlightPriority="" highlight="" highlightimage="" highlightimagename="" idMateria="22926186">
  <body>
    <Identifica><![CDATA[ AVISO DE LICITAÇÃO]]></Identifica>
    <Data><![CDATA[ Cordeiro, 29 de julho de 2025.]]></Data>
    <Ementa />
    <Titulo />
    <SubTitulo />
    <Texto><![CDATA[<p class="identifica">AVISO DE LICITAÇÃO</p><p class="identifica">PREGÃO ELETRÔNICO N° 42/2025</p><p>OBJETO: Ref. a futura e eventual aquisição de gêneros alimentícios, conforme condições, quantidades e exigências estabelecidas no Edital e seus anexos. DATA: 27 de agosto de 2025, às 13h. LOCAL: https://www.gov.br/compras/pt-br UASG: 985829 EDITAL PREGÃO ELETRÔNICO Nº. 042/2025, disponível EXCLUSIVAMENTE nos sites http://www.cordeiro.rj.gov.br e https://www.gov.br/compras/pt-br, a partir do dia 01 de agosto de 2025. Valor estimado/máximo: R$ 1.084.775,64.</p><p class="data">Cordeiro, 29 de julho de 2025.</p><p class="assina">KELLY SILVA BONIFÁCIO</p><p class="cargo">Pregoeira</p>]]></Texto>
  </body>
  <Midias />
</article></xml>