﻿<xml><article id="44719986" name="AVISO DE ADJUDICACAO E HOMOLOGAC" idOficio="11182080" pubName="DO3" artType="Aviso de Homologação e Adjudicação" pubDate="01/08/2025" artClass="00075:00007:00057:00000:00000:00000:00000:00000:00000:00000:00076:00000" artCategory="Prefeituras/Estado do Espírito Santo/Prefeitura Municipal de Montanha" artSize="12" artNotes="" numberPage="256" pdfPage="http://pesquisa.in.gov.br/imprensa/jsp/visualiza/index.jsp?data=01/08/2025&amp;jornal=530&amp;pagina=256" editionNumber="144" highlightType="" highlightPriority="" highlight="" highlightimage="" highlightimagename="" idMateria="22932641">
  <body>
    <Identifica><![CDATA[ AVISO DE ADJUDICAÇÃO E HOMOLOGAÇÃO]]></Identifica>
    <Data><![CDATA[Montanha/ES, 29 de julho de 2025.]]></Data>
    <Ementa />
    <Titulo />
    <SubTitulo />
    <Texto><![CDATA[<p class="identifica">AVISO DE ADJUDICAÇÃO E HOMOLOGAÇÃO</p><p class="identifica">Pregão Eletrônico Nº 2/2025</p><p>Processo nº 001909/2025</p><p>O Município de Montanha, através do Fundo Municipal de Saúde, no cumprimento da Lei Federal n° 14.133/2021 e Decreto Municipal n° 4.596/2023, torna público o resultado da licitação referente ao Pregão Eletrônico em epígrafe, Aquisição de MEDICAMENTOS destinados a Farmácia Básica deste Município, em atendimento as necessidades da Secretaria Municipal de Saúde, de Montanha/ES.</p><p>Empresas Vencedoras: ABC FARMACEUTICO - CNPJ N° 52.967.925/0001-00 no valor Global de R$ 16.595,00 (dezesseis mil quinhentos e noventa e cinco reais);</p><p>ACÁCIA COMÉRCIO DE MEDICAMENTOS LTDA - CNPJ N°03.945.035/0001-91 no valor Global de R$ 69.920,50 (sessenta e nove mil novecentos e vinte reais e cinquenta centavos);</p><p>ALMEIDA FARMACEUTICA LTDA - CNPJ N°40.455.009/0001-01 no valor Global de R$ 31.200,00 (trinta e um mil e duzentos reais);</p><p>COFARMINAS COMÉRCIO DE PRODUTOS FARMACEUTICOS LTDA - CNPJ N°02.537.890/0001-09 no valor Global de R$ 50.080,00 (cinquenta mil e oitenta reais);</p><p>COMERCIAL MARK ATACADISTA ME - CNPJ N°09.315.996/0001-07 no valor Global de R$ 5.028,00 (cinco mil e vinte e oito reais );</p><p>CONQUISTA DISTRIBUIDORA DE MEDICAMENTOS E PRODUTOS HOSPITALARES LTDA - CNPJ N°12.418.191/0001-95 no valor Global de R$ 10.296,00 (dez mil duzentos e noventa e seis reais);</p><p>DISK MED PÁDUA DISTRIBUIDORA DE MEDICAMENTOS LTDA - CNPJ N°04.216.957/0001-20 no valor Global de R$ 5.145,00 (cinco mil cento e quarenta e cinco reais);</p><p>GALLI E LIOTTO COMERCIO DE PRODUTOS HOSPITALARES LTDA - CNPJ N°42.092.374/0001-24 no valor Global de R$ 11.000,00 (onze mil reais);</p><p>HOSPIDROGAS COMÉRCIO DE PRODUTOS HOSPITALARES LTDA - CNPJ N°35.997.345/0001-46 no valor Global de R$ 141.353,00 (cento e quarenta e um mil trezentos e cinquenta e três reais);</p><p>MCW PRODUTOS MEDICOS E HOSPITALARES LTDA - CNPJ N°94.389.400/0001-84 no valor Global de R$ 58.465,00 (cinquenta e oito mil quatrocentos e sessenta e cinco reais);</p><p>MED CENTER COMERCIAL LTDA - CNPJ N°00.874.929/0001-40 no valor Global de R$ 41.745,00 (quarenta e um mil setecentos e quarenta e cinco reais);</p><p>MEDH DISTRIBUIDORA DE MEDICAMENTOS LTDA - CNPJ N°18.917.657/0001-83 no valor Global de R$ 12.950,00 (doze mil novecentos e cinquenta reais);</p><p>MEDKA DISTRIBUIDORA HOSPITALAR LTDA - CNPJ N°36.958.637/0001-32 no valor Global de R$ 115.510,00 (cento e quinze mil quinhentos e dez reais);</p><p>PEGASUS SOLUCOES CORPORATIVAS LTDA - CNPJ N°51.537.672/0001-71 no valor Global de R$ 2.000,00 (dois mil reais);</p><p>PEROLA IMPORTADORA E DISTRIBUIDORA HOSPITALAR EIRELI - CNPJ N°30.888.187/0001-72 no valor Global de R$ 2.520,00 (dois mil e quinhentos e vinte reais);</p><p>PONTAMED FARMACEUTICA LTDA - CNPJ N°02.816.696/00001-54 no valor Global de R$ 74.118,00 (setenta e quatro mil cento e dezoito reais);</p><p>TOP NORTE COMERCIO DE MATERIAL MEDICO HOSPITALAR EIRELI-ME - CNPJ N°22.862.531/0001-26 no valor Global de R$ 61.785,00 (sessenta e um mil setecentos e oitenta e cinco reais);</p><p>ULTRA MED DISTRIBUIDORA DE MEDICAMENTOS LTDA - CNPJ N°42.946.717/0001-70 no valor Global de R$ 9.000,00 (nove mil reais);</p><p>VIVA FARMACEUTICA - CNPJ N°10.447.355/0001-87 - no valor Global de R$ 37.350,00 (trinta e sete mil trezentos e cinquenta reais);</p><p>WF DISTRIBUIDORA DE MEDICAMENTOS LTDA - CNPJ N°43.025.186/0001-46 no valor Global de R$ 2.600,00 (dois mil e seiscentos reais).</p><p>Homologação: No dia 29 de julho de 2025, pela Autoridade Competente.</p><p>ID CIDADES TCEES: 2025.048E0500001.01.0002</p><p class="data">Montanha/ES, 29 de julho de 2025.</p><p class="assina">Leila Machado Carvalho Baltar Rodrigues</p><p class="cargo">Gestora do FMS</p>]]></Texto>
  </body>
  <Midias />
</article></xml>