﻿<xml><article id="44719547" name="ExtratoDOU_julho25" idOficio="11173454" pubName="DO3" artType="Aviso" pubDate="01/08/2025" artClass="00073:04617:00005:00000:00000:00000:00000:00000:00000:00000:00106:00000" artCategory="Ineditoriais/FACULDADE DE  NOVA SERRANA - FUNDAÇÃO FAUSTO PINTO DA FONSECA" artSize="12" artNotes="" numberPage="228" pdfPage="http://pesquisa.in.gov.br/imprensa/jsp/visualiza/index.jsp?data=01/08/2025&amp;jornal=530&amp;pagina=228" editionNumber="144" highlightType="" highlightPriority="" highlight="" highlightimage="" highlightimagename="" idMateria="22919636">
  <body>
    <Identifica><![CDATA[AVISO]]></Identifica>
    <Data><![CDATA[ Nova Serrana-MG, 28 de julho de 2025.]]></Data>
    <Ementa />
    <Titulo />
    <SubTitulo />
    <Texto><![CDATA[<p></p><p>CNPJ: 04.149.536/0001-24</p><p class="identifica">AVISO</p><p class="identifica">REGISTRO DE DIPLOMAS</p><p>Para fins do disposto no art. 21 da Portaria MEC nº 1095, de 25 de outubro de 2018, esta instituição de Educação Superior informa que foram registrados 9 (nove) diplomas no período de 30/06/2025 a 25/07/2025, nos seguintes livros de registro e sequências numéricas: [livro 11, registros 1460, 1462, 1478, 1493, 1499, 1500, 1501, 1502, 1513].</p><p>A relação dos diplomas registrados poderá ser consultada em até trinta dias, no endereço https://www.fans.edu.br/</p><p class="data">Nova Serrana-MG, 28 de julho de 2025.</p><p class="assina">HELDER MENDONÇA DUARTE</p><p class="cargo">Diretor</p>]]></Texto>
  </body>
  <Midias />
</article></xml>