﻿<xml><article id="44720367" name="09. Publicacao Chamamento public" idOficio="11181918" pubName="DO3" artType="Aviso de Chamamento Público" pubDate="01/08/2025" artClass="00071:00183:00000:00000:00000:00000:00000:00000:00000:00000:00108:00000" artCategory="Entidades de Fiscalização do Exercício das Profissões Liberais/CONSELHO REGIONAL DE CORRETORES DE IMÓVEIS - 7ª REGIÃO" artSize="12" artNotes="" numberPage="213" pdfPage="http://pesquisa.in.gov.br/imprensa/jsp/visualiza/index.jsp?data=01/08/2025&amp;jornal=530&amp;pagina=213" editionNumber="144" highlightType="" highlightPriority="" highlight="" highlightimage="" highlightimagename="" idMateria="22932326">
  <body>
    <Identifica><![CDATA[ AVISO DE CHAMAMENTO PÚBLICO Nº 1/2025]]></Identifica>
    <Data><![CDATA[]]></Data>
    <Ementa />
    <Titulo />
    <SubTitulo />
    <Texto><![CDATA[<p class="identifica">AVISO DE CHAMAMENTO PÚBLICO Nº 1/2025</p><p>O CONSELHO REGIONAL DE CORRETORES DE IMÓVEIS - CRECI - 7ª REGIÃO - PE torna público, para conhecimento dos interessados, que realizará CONSULTA DE IMÓVEIS DISPONÍVEIS PARA AQUISIÇÃO em Caruaru/PE, consistentes em salas empresariais, com área privativa/útil de, no mínimo, 48 m², em localização central, a partir das margens do nº 48 da Avenida Major Manoel de Freitas para o nº 500 da Avenida Agamenon Magalhães, para albergar a Delegacia Regional do Agreste desta Autarquia, com objetivo de coleta de propostas comerciais que atendam às condições e especificações mínimas deste Edital. O Edital e seus anexos encontram-se disponíveis no Portal da Transparência do CRECI/PE: http://http://www.studiosti.com.br/PortalTransparencia/corretorimovel/PE/ - aba "Licitações", número do processo 2025.7.30019508. As propostas serão recebidas das 09:00 do dia 04 de agosto de 2025 até às 17 horas (horário de Brasília) do dia 14 de agosto na recepção da Delegacia Regional do Agreste - CRECI/PE, sala 207 do Edifício Empresarial Maurício de Nassau Trade Center, na Avenida Oswaldo Cruz, no 217, bairro Maurício de Nassau, Caruaru- PE CEP: 55.012-040, pessoalmente ou via postal. Outras informações: compras@crecipe.gov.br ou telefone (81) 99258-1094.</p><p class="assina">Francisco Monteiro da Silva Filho</p><p class="cargo">Presidente do CRECI/PE</p>]]></Texto>
  </body>
  <Midias />
</article></xml>