﻿<xml><article id="44732781" name="DOU_0200_2025_02A Aditivo" idOficio="11153407" pubName="DO3" artType="Extrato de Termo Aditivo" pubDate="01/08/2025" artClass="00075:00015:00450:00000:00000:00000:00000:00000:00000:00000:00053:00000" artCategory="Prefeituras/Estado do Paraná/Prefeitura Municipal de Toledo" artSize="12" artNotes="" numberPage="301" pdfPage="http://pesquisa.in.gov.br/imprensa/jsp/visualiza/index.jsp?data=01/08/2025&amp;jornal=530&amp;pagina=301" editionNumber="144" highlightType="" highlightPriority="" highlight="" highlightimage="" highlightimagename="" idMateria="22884634">
  <body>
    <Identifica><![CDATA[ EXTRATO DE TERMO ADITIVO ]]></Identifica>
    <Data><![CDATA[]]></Data>
    <Ementa />
    <Titulo />
    <SubTitulo />
    <Texto><![CDATA[<p class="identifica">EXTRATO DE TERMO ADITIVO</p><p>Espécie: 2º TERMO ADITIVO POR APOSTILAMENTO A ATA DE REGISTRO DE PREÇOS Nº 200/2025</p><p>CONTRATANTE: MUNICIPIO DE TOLEDO</p><p>CONTRATADA: BRILLARE HIGIENE E LIMPEZA</p><p>OBJETO: CLÁUSULA PRIMEIRA - DO OBJETO DO APOSTILAMENTO: O presente Termo de Apostilamento tem como objetivo a modificação unilateral da Ata de Registro de Preços, registrada e publicada através do nº 200/2025, de 20 de fevereiro de 2025, por parte da Administração, visando a alteração da fiscal do Contrato, passando da servidora Rosângela Beilke para a servidora Gilvania Aparecida Padilha. Termo aditivo firmado em 02 de junho 2025, oriundo do processo licitatório de Pregão Eletrônico nº 184/2024.</p><p>DATA DE ASSINATURA: 2 de junho de 2025.</p>]]></Texto>
  </body>
  <Midias />
</article></xml>