﻿<xml><article id="44721502" name="ERRATA = DOU - Protese Dentaria" idOficio="11183789" pubName="DO3" artType="Aviso de Licitação" pubDate="01/08/2025" artClass="00075:00012:00916:00000:00000:00000:00000:00000:00000:00000:00079:00000" artCategory="Prefeituras/Estado de Minas Gerais/PREFEITURA MUNICIPAL DE SANTA RITA DO SAPUCAÍ" artSize="12" artNotes="" numberPage="278" pdfPage="http://pesquisa.in.gov.br/imprensa/jsp/visualiza/index.jsp?data=01/08/2025&amp;jornal=530&amp;pagina=278" editionNumber="144" highlightType="" highlightPriority="" highlight="" highlightimage="" highlightimagename="" idMateria="22936451">
  <body>
    <Identifica><![CDATA[AVISO DE ALTERAÇÃO ]]></Identifica>
    <Data><![CDATA[ Santa Rita do Sapucaí, MG, 30 de Julho de 2025.]]></Data>
    <Ementa />
    <Titulo />
    <SubTitulo />
    <Texto><![CDATA[<p class="identifica">AVISO DE ALTERAÇÃO</p><p class="identifica">PREGÃO ELETRÔNICO Nº 34/2025</p><p>Tornamos pública a alteração do Edital do Processo Licitatório PRC N.º 066/2025 - PREGÃO ELETRÔNICO Nº. 034/2025 - Registro de Preços N.º 034/2025, cujo objeto é a contratação de laboratório para prestação de SERVIÇO DE CONFECÇÃO DE PRÓTESES DENTÁRIAS TOTAIS SUPERIORES OU INFERIORES E PRÓTESES PARCIAIS REMOVÍVEIS SUPERIORES E INFERIORES, na forma descrita nos quadros específicos dos produtos para manutenção do programa de saúde bucal para atendimento a pacientes da rede municipal no âmbito do sistema único de saúde - sus do município de Santa Rita do Sapucaí / MG. Fica alterada a data de realização do Certame para o dia 18 de Agosto de 2025 às 08h30min. O Edital e seus Anexos, bem como a íntegra da Errata estarão disponíveis em: www.pmsrs.mg.gov.br ou www.portaldecompraspublicas.com.br.</p><p class="data">Santa Rita do Sapucaí, MG, 30 de Julho de 2025.</p><p class="assina">Gislaine Karine da Silveira</p><p class="cargo">Diretora da Divisão de Licitação</p>]]></Texto>
  </body>
  <Midias />
</article></xml>