﻿<xml><article id="44719502" name="Extrato de Temo aditivo - PA 328" idOficio="11167240" pubName="DO3" artType="Extrato de Termo Aditivo" pubDate="01/08/2025" artClass="00071:00255:00000:00000:00000:00000:00000:00000:00000:00000:00053:00000" artCategory="Entidades de Fiscalização do Exercício das Profissões Liberais/Conselho Regional de Enfermagem do Paraná" artSize="12" artNotes="" numberPage="214" pdfPage="http://pesquisa.in.gov.br/imprensa/jsp/visualiza/index.jsp?data=01/08/2025&amp;jornal=530&amp;pagina=214" editionNumber="144" highlightType="" highlightPriority="" highlight="" highlightimage="" highlightimagename="" idMateria="22909074">
  <body>
    <Identifica><![CDATA[ EXTRATO DE TERMO ADITIVO]]></Identifica>
    <Data><![CDATA[]]></Data>
    <Ementa />
    <Titulo />
    <SubTitulo />
    <Texto><![CDATA[<p class="identifica">EXTRATO DE TERMO ADITIVO</p><p>CONTRATO N.º 007/2023 - 2º TERMO ADITIVO</p><p>PROCESSO ADMINISTRATIVO N.° 328/2023.</p><p>OBJETO: prorrogação de vigência e reajuste contratual. CONTRATADA: JORGE BARQUET AYUB FILHO, CNPJ/MF nº 775.078.816/0001-37, VIGÊNCIA: 06/07/2025 A 05/07/2026. VALOR TOTAL DA CONTRATAÇÃO: R$ 3.531,36 (três mil e quinhentos e trinta e um reais e trinta e seis centavos). DATA DA ASSINATURA: 06/07/2025. ASSINAM: Ethelly Feitosa Rodrigues Santos e Queli Cristina Kanarski, pela Contratante; Jorge Barquet Ayub Filho, pela Contratada.</p><p></p>]]></Texto>
  </body>
  <Midias />
</article></xml>