﻿<xml><article id="44719376" name="Extrato de Termo Aditivo de Cont" idOficio="11184825" pubName="DO3" artType="Extrato" pubDate="01/08/2025" artClass="00071:00451:00000:00000:00000:00000:00000:00000:00000:00000:00170:00000" artCategory="Entidades de Fiscalização do Exercício das Profissões Liberais/Conselho Regional de Odontologia de Mato Grosso" artSize="12" artNotes="" numberPage="218" pdfPage="http://pesquisa.in.gov.br/imprensa/jsp/visualiza/index.jsp?data=01/08/2025&amp;jornal=530&amp;pagina=218" editionNumber="144" highlightType="" highlightPriority="" highlight="" highlightimage="" highlightimagename="" idMateria="22938422">
  <body>
    <Identifica><![CDATA[ Extrato de Termo Aditivo  ]]></Identifica>
    <Data><![CDATA[]]></Data>
    <Ementa />
    <Titulo />
    <SubTitulo />
    <Texto><![CDATA[<p class="identifica">Extrato de Termo Aditivo</p><p>2° Termo Aditivo do Contrato Administrativo N° 28/2023. Contratada: BRASIL TECPAR SERVIÇOS DE TELECOMUNICAÇÕES S.A, CNPJ: 07.756.651/0001-55. Objeto: Alteração da Cláusula Segunda (Do Preço) e Sexta (Da Vigência). Vigência: 12 (doze) meses. Valor Global: R$ 10.075,32. Fundamento Legal nos arts. 57 e 65 da Lei 8.666/93.</p>]]></Texto>
  </body>
  <Midias />
</article></xml>