﻿<xml><article id="44719418" name="CONV. UFPE NA 72.2025 UFPE 23076" idOficio="11155626" pubName="DO3" artType="Extrato de Convênio" pubDate="01/08/2025" artClass="00073:04862:08146:00000:00000:00000:00000:00000:00000:00000:00031:00000" artCategory="Ineditoriais/Fundação de Apoio ao Desenvolvimento da Universidade Federal de Pernambuco" artSize="12" artNotes="" numberPage="228" pdfPage="http://pesquisa.in.gov.br/imprensa/jsp/visualiza/index.jsp?data=01/08/2025&amp;jornal=530&amp;pagina=228" editionNumber="144" highlightType="" highlightPriority="" highlight="" highlightimage="" highlightimagename="" idMateria="22888553">
  <body>
    <Identifica><![CDATA[ Extrato de  Convênio ]]></Identifica>
    <Data><![CDATA[]]></Data>
    <Ementa />
    <Titulo />
    <SubTitulo />
    <Texto><![CDATA[<p></p><p class="identifica">Extrato de Convênio</p><p>(Processo 23076.046885/2025-07). Espécie: Convênio nº. 72/2025-UFPE, VI Curso de Pós-Graduação Lato Sensu (Especialização) em Processo Civil Contemporâneo, assinado em 18 de julho de 2025, celebrado entre a Fundação de Apoio ao Desenvolvimento da Universidade Federal de Pernambuco - FADE-UFPE - CNPJ/MF n° 11.735.586/0001-59 neste ato legalmente representada por sua Diretora Presidente, Maira Galdino da Rocha Pitta e a UFPE - CNPJ n° <sup></sup> 24.134.488/0001-08, neste ato legalmente representada pelo seu Reitor, Profº Alfredo Macedo Gomes Objeto: Realização do VI Curso de Pós-Graduação Lato Sensu (Especialização) em Processo Civil Contemporâneo.</p>]]></Texto>
  </body>
  <Midias />
</article></xml>