﻿<xml><article id="44721469" name="AVISO DE LICITACAO CONCORRENCIA " idOficio="11182485" pubName="DO3" artType="Aviso de Licitação-Concorrência" pubDate="01/08/2025" artClass="00075:00010:00148:00000:00000:00000:00000:00000:00000:00000:00159:00000" artCategory="Prefeituras/Estado de Mato Grosso/Prefeitura Municipal de Rondonópolis" artSize="12" artNotes="" numberPage="266" pdfPage="http://pesquisa.in.gov.br/imprensa/jsp/visualiza/index.jsp?data=01/08/2025&amp;jornal=530&amp;pagina=266" editionNumber="144" highlightType="" highlightPriority="" highlight="" highlightimage="" highlightimagename="" idMateria="22934017">
  <body>
    <Identifica><![CDATA[ AVISO DE LICITAÇÃO  ]]></Identifica>
    <Data><![CDATA[ Rondonópolis-MT, 29 de julho de 2025.]]></Data>
    <Ementa />
    <Titulo />
    <SubTitulo />
    <Texto><![CDATA[<p class="identifica">AVISO DE LICITAÇÃO</p><p class="identifica">CONCORRÊNCIA ELETRÔNICA Nº 4/2025</p><p>CRITÉRIO DE JULGAMENTO: "TÉCNICA E PREÇO"</p><p>A Prefeitura Municipal de Rondonópolis, Estado de Mato Grosso, localizada à Avenida Duque de Caxias, nº 1.000, Bairro Vila Aurora, torna público e oficial para conhecimento dos interessados que por ordem do Exmo. Sr. Prefeito Municipal de Rondonópolis-MT, que através do Agente de Contratação, realizará a Concorrência Eletrônica em epígrafe às 10:00 horas (horário de Brasília) do dia 17 de setembro de 2025, na Plataforma Eletrônica "Portal de Compras do Governo Federal" www.gov.br/compras/pt-br, respectivamente, para aquisição do seguinte objeto: "Contratação de empresa, com experiência, especializada na prestação de serviços de formação, assessoria e consultoria na organização e gestão condominial e patrimonial (pgcp), já previsto pelo convênio, no residencial Celina Bezerra etapas 4,5,6 e 7, no Município de Rondonópolis/MT, conforme termo de referência encaminhado pela secretaria Municipal de Habitação e Urbanismo, parte integrante deste edital". Os interessados poderão retirar o processo contendo o edital e anexos de forma completa, de maneira gratuita no "Portal de Compras do Governo Federal" www.gov.br/compras/pt-br, ou na sede da Prefeitura Municipal, na Avenida Duque de Caxias, n.º 1000, Bairro Vila Aurora, mediante apresentação de cd-rom ou pen-drive, no horário das 13:00 às 17:00 horas em dias úteis, ou solicitar através do e-mail licitacaorondonopolis@gmail.com, ou retirar no site www.rondonopolis.mt.gov.br/licitacoes/.</p><p class="data">Rondonópolis-MT, 29 de julho de 2025.</p><p class="assina">Nicholas André Ferreira Martins</p><p class="cargo">Superintendente de Compras e Licitação</p>]]></Texto>
  </body>
  <Midias />
</article></xml>