﻿<xml><article id="44719836" name="AVISO DE REPUBLICACAO 010.2025-D" idOficio="11183864" pubName="DO3" artType="Aviso de Licitação-Concorrência" pubDate="01/08/2025" artClass="00075:00009:00015:00000:00000:00000:00000:00000:00000:00000:00159:00000" artCategory="Prefeituras/Estado do Maranhão/PREFEITURA MUNICIPAL DE AÇAILÂNDIA" artSize="12" artNotes="" numberPage="260" pdfPage="http://pesquisa.in.gov.br/imprensa/jsp/visualiza/index.jsp?data=01/08/2025&amp;jornal=530&amp;pagina=260" editionNumber="144" highlightType="" highlightPriority="" highlight="" highlightimage="" highlightimagename="" idMateria="22936467">
  <body>
    <Identifica><![CDATA[ AVISO DE LICITAÇÃO]]></Identifica>
    <Data><![CDATA[ Açailândia/MA, 30 de julho de 2025. ]]></Data>
    <Ementa />
    <Titulo />
    <SubTitulo />
    <Texto><![CDATA[<p class="identifica">AVISO DE LICITAÇÃO</p><p class="identifica">CONCORRÊNCIA ELETRÔNICA Nº 10/2025- REPUBLICAÇÃO</p><p>O Município de Açailândia, através da Secretaria Municipal de Educação, torna público a quem interessar possa, que realizará no dia 19 de agosto de 2025 as 09:00 horas, licitação na modalidade Concorrência, na forma eletrônica em empreitada por menor preço global, com execução indireta, com modo de disputa aberto e fechado, tendo por objeto a seleção da proposta mais vantajosa com vistas Contratação de empresa especializada em obras de engenharia para retomada de obra da Creche Tipo 1, localizada na Rua Boa Esperança, Quadra 08, Lote 02, Bairro Vila Capeloza no Município de Açailândia/MA. O edital e seus anexos podem ser obtidos gratuitamente exclusivamente no Portal da Transparência do Município, no endereço eletrônico www.acailandia.ma.gov.br, no Portal Nacional de Contratações Públicas (www.pncp.gov.br) e no Portal Licitanet (www.licitanet.com.br). A licitação será regida pelas disposições da Lei Federal nº 14.133/2021 e alterações, da Lei Complementar nº 123/2006 e alterações, pelo Decreto Municipal nº 150/2021, Decreto Municipal nº 204/2021, bem como pelos princípios constitucionais, civis e penais aplicáveis a matéria, bem como pelo edital de licitação e seus anexos. Pedidos de esclarecimento e impugnações ao edital devem ser encaminhados exclusivamente pelo campo próprio do sistema LICITANET. Em nenhuma hipótese serão prestadas informações pessoalmente ou por telefone. Ocorrendo decretação de feriado ou outro fato superveniente que impeça a realização desta licitação na data acima mencionada, o evento será automaticamente transferido para o primeiro dia útil subsequente.</p><p class="data">Açailândia/MA, 30 de julho de 2025.</p><p class="assina">KARLA JANYS LIMA NASCIMENTO</p><p class="cargo">Secretária Municipal de Educação.</p>]]></Texto>
  </body>
  <Midias />
</article></xml>