﻿<xml><article id="44719971" name="Extrato - JANTAR TROFEU COLIBRI" idOficio="11178427" pubName="DO3" artType="Aviso de Licitação" pubDate="01/08/2025" artClass="00071:00161:00000:00000:00000:00000:00000:00000:00000:00000:00078:00000" artCategory="Entidades de Fiscalização do Exercício das Profissões Liberais/Conselho Regional de Corretores de Imóveis da 14ª Região" artSize="12" artNotes="" numberPage="213" pdfPage="http://pesquisa.in.gov.br/imprensa/jsp/visualiza/index.jsp?data=01/08/2025&amp;jornal=530&amp;pagina=213" editionNumber="144" highlightType="" highlightPriority="" highlight="" highlightimage="" highlightimagename="" idMateria="22926665">
  <body>
    <Identifica><![CDATA[ AVISO DE LICITAÇÃO]]></Identifica>
    <Data><![CDATA[]]></Data>
    <Ementa />
    <Titulo />
    <SubTitulo />
    <Texto><![CDATA[<p class="identifica">AVISO DE LICITAÇÃO</p><p class="identifica">PREGÃO ELETRÔNICO N° 90.006/2025</p><p>Conselho Regional de Corretores de Imóveis 14ª Região</p><p>PROCESSO LICITATÓRIO N° 2025.14.30044045</p><p>TIPO: Modalidade de PREGÃO, na sua forma ELETRÔNICA, do tipo menor preço, no modo de disputa aberto.</p><p>OBJETO: Contratação de empresa especializada na organização e execução integral do evento institucional, incluindo o fornecimento de alimentação e serviço de buffet para jantar, bem como a provisão de infraestrutura de som, iluminação, entretenimento (DJ), segurança com controle de acesso e ambientação completa para o jantar do troféu colibri, oriundos da atividade do Conselho Regional de Corretores de Imóveis da 14ª Região/MS;</p><p>Lei Federal nº 14.133, de 1º de abril de 2021,</p><p>com suas alterações posteriores e demais disposições contidas no Edital.</p><p>Data: 15 de agosto de 2025.</p><p>Horário: 10h (horário de Brasília/DF)</p><p>Endereço Eletrônico: www.comprasgovernamentais.gov.br</p><p>UASG: 926836</p><p class="assina">Roberto da Cunha</p><p class="cargo">Diretor Presidente</p>]]></Texto>
  </body>
  <Midias />
</article></xml>