﻿<xml><article id="44718974" name="pr02" idOficio="11178120" pubName="DO3" artType="Aviso" pubDate="01/08/2025" artClass="00075:00015:00236:00000:00000:00000:00000:00000:00000:00000:00106:00000" artCategory="Prefeituras/Estado do Paraná/Prefeitura Municipal de Mandaguari" artSize="12" artNotes="" numberPage="297" pdfPage="http://pesquisa.in.gov.br/imprensa/jsp/visualiza/index.jsp?data=01/08/2025&amp;jornal=530&amp;pagina=297" editionNumber="144" highlightType="" highlightPriority="" highlight="" highlightimage="" highlightimagename="" idMateria="22926303">
  <body>
    <Identifica><![CDATA[ AVISO DE LICITAÇÃO]]></Identifica>
    <Data><![CDATA[ Mandaguari - PR,  29 de julho de 2025.]]></Data>
    <Ementa />
    <Titulo />
    <SubTitulo />
    <Texto><![CDATA[<p class="identifica">AVISO DE LICITAÇÃO</p><p class="identifica">CONCORRÊNCIA ELETRÔNICA Nº 2/2025</p><p>Menor Preço Global</p><p>Objeto Contratação de Pessoa Jurídica Especializada Na Prestação de Serviço de Engenharia Para Construção da Nova Sede do Centro Municipal de Educação Infantil Recanto Feliz - Adriana da Silva Rosa, No Lote 14 (Unificado) Na Rua José Schincariol Esquina Com A Rua Ludovico Falkowski No Bairro Jardim Progresso, Município de Mandaguari/Pr.</p><p>Recebimento de Propostas: Até As 08:00 (Oito) Horas do Dia 10 de Setembro de 2025.</p><p>Início da Sessão: às 09:00 (Nove) horas do dia 10 de setembro de 2025.</p><p>Maiores Informações e cópias do Edital, poderão ser obtidas no Departamento de Licitações, no horário de expediente, de Segunda a Sexta-feira, entre às 7:30 às 11:30 e das 13:00 às 17:00 horas. Fone: 44.3233.8422 ou no endereço eletrônico www.mandaguari.pr.gov.br acessando o Portal da Transparência e no site compras.gov.br</p><p class="data">Mandaguari - PR, 29 de julho de 2025.</p><p class="assina">VALDONEY RODOLPHO HISING</p><p class="cargo">Prefeito</p>]]></Texto>
  </body>
  <Midias />
</article></xml>