﻿<xml><article id="44719541" name="AVISO CONC. 05.25 Centro de Form" idOficio="11184798" pubName="DO3" artType="Aviso de Licitação" pubDate="01/08/2025" artClass="00075:00009:00232:00000:00000:00000:00000:00000:00000:00000:00078:00000" artCategory="Prefeituras/Estado do Maranhão/Prefeitura Municipal de São Roberto" artSize="12" artNotes="" numberPage="264" pdfPage="http://pesquisa.in.gov.br/imprensa/jsp/visualiza/index.jsp?data=01/08/2025&amp;jornal=530&amp;pagina=264" editionNumber="144" highlightType="" highlightPriority="" highlight="" highlightimage="" highlightimagename="" idMateria="22938326">
  <body>
    <Identifica><![CDATA[AVISO DE LICITAÇÃO]]></Identifica>
    <Data><![CDATA[ São Roberto - MA, 29 de julho de 2025.]]></Data>
    <Ementa />
    <Titulo />
    <SubTitulo />
    <Texto><![CDATA[<p></p><p class="identifica">AVISO DE LICITAÇÃO</p><p class="identifica">CONCORRÊNCIA Nº 5/2025.</p><p>OBJETO: a contratação de empresa especializada na prestação de serviços inerentes à reforma e construção do Centro de Formação de Professores no Município de São Roberto - MA. DATA DA SESSÃO: 18/08/2025. HORÁRIO: 09:00 horas. A Licitação será regida pela Lei nº. 14.133/21 e suas alterações. O Edital poderá ser consultado na sala da Comissão Permanente de Licitação - CPL, no Prédio da Prefeitura Municipal, localizado na Praça Dois Poderes, s/n, Centro, São Roberto, Maranhão, CEP - 65.758-000; ou pelo Tel. (99) 98488-0882; ou pelo e-mail: cpl@saoroberto.ma.gov.br, de segunda a sexta-feira, no horário de expediente da CPL, das 8h às 12h; ou pelo sítio da Prefeitura de São Roberto/MA/Portal da Transparência: https://www.saoroberto.ma.gov.br, ou pelo Sinc-Contrata/TCEMA ou https://www.licitasaoroberto.com.br/, ou pelo ou Portal Nacional de Compras Públicas.</p><p class="data">São Roberto - MA, 29 de julho de 2025.</p><p class="assina">Camila Holanda Carneiro.</p><p class="cargo">Agente de Contratação.</p>]]></Texto>
  </body>
  <Midias />
</article></xml>