﻿<xml><article id="44732901" name="DOU_0234_2025_01A Aditivo" idOficio="11153557" pubName="DO3" artType="Extrato de Termo Aditivo" pubDate="01/08/2025" artClass="00075:00015:00450:00000:00000:00000:00000:00000:00000:00000:00053:00000" artCategory="Prefeituras/Estado do Paraná/Prefeitura Municipal de Toledo" artSize="12" artNotes="" numberPage="301" pdfPage="http://pesquisa.in.gov.br/imprensa/jsp/visualiza/index.jsp?data=01/08/2025&amp;jornal=530&amp;pagina=301" editionNumber="144" highlightType="" highlightPriority="" highlight="" highlightimage="" highlightimagename="" idMateria="22885522">
  <body>
    <Identifica><![CDATA[EXTRATO DE TERMO ADITIVO ]]></Identifica>
    <Data><![CDATA[]]></Data>
    <Ementa />
    <Titulo />
    <SubTitulo />
    <Texto><![CDATA[<p class="identifica">EXTRATO DE TERMO ADITIVO</p><p>Espécie: 1º TERMO ADITIVO AO CONTRATO Nº 234/2025</p><p>CONTRATANTE: MUNICIPIO DE TOLEDO</p><p>CONTRATADA: EMDUR - EMPRESA DE DESENVOLVIMENTO URBANO E RURAL DE TOLEDO</p><p>OBJETO: CLÁUSULA PRIMEIRA - DO OBJETO: Ficam acrescidos R$ 143.459,20 (cento e quarenta e três mil, quatrocentos e cinquenta e nove reais e vinte centavos) ao valor do Contrato, em virtude do aumento de metafísica, conforme manifestações técnicas, justificativas e planilhas inseridas às fls. 169 a 181. CLÁUSULA SEGUNDA - DO VALOR: Em razão do aumento de metafísica explicitado na cláusula segunda, o valor global do contrato passa a ser de R$ 3.809.065,82 (três milhões, oitocentos e nove mil, sessenta e cinco reais e oitenta e dois centavos). Termo aditivo firmado em 30 de junho de 2025, oriundo do processo de Dispensa de Licitação nº 02/2025.</p><p>DATA DE ASSINATURA: 30 de junho de 2025.</p>]]></Texto>
  </body>
  <Midias />
</article></xml>