﻿<xml><article id="44731724" name="ERRATA DO EXTRATO DE CONTRATO NA" idOficio="11157185" pubName="DO3" artType="Retificação" pubDate="01/08/2025" artClass="00075:00013:00240:00000:00000:00000:00000:00000:00000:00000:00126:00000" artCategory="Prefeituras/Estado do Pará/Prefeitura Municipal de Terra Alta" artSize="12" artNotes="" numberPage="289" pdfPage="http://pesquisa.in.gov.br/imprensa/jsp/visualiza/index.jsp?data=01/08/2025&amp;jornal=530&amp;pagina=289" editionNumber="144" highlightType="" highlightPriority="" highlight="" highlightimage="" highlightimagename="" idMateria="22890566">
  <body>
    <Identifica><![CDATA[aviso de retificação ]]></Identifica>
    <Data><![CDATA[]]></Data>
    <Ementa />
    <Titulo />
    <SubTitulo />
    <Texto><![CDATA[<p class="identifica">aviso de retificação</p><p>ERRATA DO EXTRATO DE CONTRATO N° 77/2025 PMTA</p><p>Trata a presente errata de retificação da numeração no Extrato de Contrato, oriundo do PE N° 004/2025, na publicação do D.O.U. Seção 3, ISSN 1677-7069 Nº 89, quarta-feira, 14 de maio de 2025, conforme segue:</p><p>ONDE SE LÊ: "CONTRATO Nº 77/2025"</p><p>LEIA-SE: "CONTRATO Nº 77A/2025".</p><p class="assina">MICHEL PESSOA DO NASCIMENTO</p><p class="cargo">Prefeito</p>]]></Texto>
  </body>
  <Midias />
</article></xml>