﻿<xml><article id="44720262" name="AVISO DO CREDENCIAMENTO N.A 007-" idOficio="11181874" pubName="DO3" artType="Aviso de Credenciamento" pubDate="01/08/2025" artClass="00075:00005:00513:00001:00000:00000:00000:00000:00000:00000:00073:00000" artCategory="Prefeituras/Estado da Bahia/Prefeitura Municipal de Vitória da Conquista/Secretaria de Administração" artSize="12" artNotes="" numberPage="250" pdfPage="http://pesquisa.in.gov.br/imprensa/jsp/visualiza/index.jsp?data=01/08/2025&amp;jornal=530&amp;pagina=250" editionNumber="144" highlightType="" highlightPriority="" highlight="" highlightimage="" highlightimagename="" idMateria="22932369">
  <body>
    <Identifica><![CDATA[ AVISO De CREDENCIAMENTO Nº 7/2025]]></Identifica>
    <Data><![CDATA[]]></Data>
    <Ementa />
    <Titulo />
    <SubTitulo />
    <Texto><![CDATA[<p></p><p class="identifica">AVISO De CREDENCIAMENTO Nº 7/2025</p><p>Processo N.º 46.442/2025. O Município de Vitória da Conquista - BA realizará o credenciamento de pessoas jurídicas (farmácias, drogarias e supermercado), para dispensação de leites e fórmulas alimentares aos detentores de liminares judiciais, mediante condições estabelecidas no chamamento público, de forma permanente, contada a partir da data de publicação do Edital, com recebimento dos documentos de segunda a sexta-feira, das 08h30 às 11h30 e das 14h30 às 17h, na Central Estratégica de Compras Públicas da Prefeitura Municipal de Vitória da Conquista, situada à Rua João Pessoa, n.º 253, Térreo, Centro, Cep 45.000-495 - Vitória da Conquista/BA. O Edital completo encontra-se disponível no site: www.pmvc.ba.gov.br, no link "Processos Licitatórios". Informações: Central Estratégica de Compras Públicas - Agente de Contratação: Meg de Sousa Marques, endereço eletrônico: gercompras.semgi@pmvc.ba.gov.br. Secretário Municipal de Gestão e Inovação: Romar Souza Barros.</p><p class="assina">Romar Souza Barros</p><p class="cargo">Secretário Municipal de Gestão e Inovação</p>]]></Texto>
  </body>
  <Midias />
</article></xml>