﻿<xml><article id="44719556" name="AVISO DE LICITACAO - PE SRP N 39" idOficio="11178477" pubName="DO3" artType="Aviso de Licitação" pubDate="01/08/2025" artClass="00074:00002:00009:00000:00000:00000:00000:00000:00000:00000:00079:00000" artCategory="Governo do Estado/Governo do Estado do Acre/Secretaria de Estado da Gestão Administrativa" artSize="12" artNotes="" numberPage="232" pdfPage="http://pesquisa.in.gov.br/imprensa/jsp/visualiza/index.jsp?data=01/08/2025&amp;jornal=530&amp;pagina=232" editionNumber="144" highlightType="" highlightPriority="" highlight="" highlightimage="" highlightimagename="" idMateria="22926747">
  <body>
    <Identifica><![CDATA[AVISO DE LICITAÇÃO]]></Identifica>
    <Data><![CDATA[ Rio Branco-AC, 29 de Julho de 2025.]]></Data>
    <Ementa />
    <Titulo />
    <SubTitulo />
    <Texto><![CDATA[<p></p><p class="identifica">AVISO DE LICITAÇÃO</p><p class="identifica">PREGÃO ELETRÔNICO srp Nº 391/2025 - COMPRASGOV Nº 90391/2025 - SESACRE</p><p>SEI Nº 0019.015359.00165/2025-11</p><p>Objeto: Registro de preços para Aquisição de Insumos Hospitalares - CONSUMO GERAL II para atender as demandas das unidades do âmbito da Secretaria de Estado de Saúde do Acre - SESACRE.</p><p>Edital e Informações: O edital estará à disposição dos interessados a partir do dia 30/07/2025, por meio dos sites www.licitacao.ac.gov.br e www.comprasnet.gov.br, UASG: 927996.</p><p>Propostas: Serão recebidas até às 09h15min (horário de Brasília) do dia 14/08/2025, quando terá início a disputa de preços no sistema eletrônico: www.comprasnet.gov.br.</p><p class="data">Rio Branco-AC, 29 de Julho de 2025.</p><p class="assina">Bruna Souza de Almeida Gotelip</p><p class="cargo">Pregoeira</p>]]></Texto>
  </body>
  <Midias />
</article></xml>