﻿<xml><article id="44719689" name="Chamada_DOU_concorrencia_10_025" idOficio="11165682" pubName="DO3" artType="Aviso de Licitação-Concorrência" pubDate="01/08/2025" artClass="00075:00023:00056:00000:00000:00000:00000:00000:00000:00000:00159:00000" artCategory="Prefeituras/Estado de Santa Catarina/Prefeitura Municipal de Blumenau" artSize="12" artNotes="" numberPage="321" pdfPage="http://pesquisa.in.gov.br/imprensa/jsp/visualiza/index.jsp?data=01/08/2025&amp;jornal=530&amp;pagina=321" editionNumber="144" highlightType="" highlightPriority="" highlight="" highlightimage="" highlightimagename="" idMateria="22905501">
  <body>
    <Identifica><![CDATA[ AVISO DE LICITAÇÃO]]></Identifica>
    <Data><![CDATA[ Blumenau, 24 de julho de 2025.]]></Data>
    <Ementa />
    <Titulo />
    <SubTitulo />
    <Texto><![CDATA[<p class="identifica">AVISO DE LICITAÇÃO</p><p class="identifica">CONCORRÊNCIA Nº 10/2025</p><p>Contratação de empresa para a execução de obra de pavimentação em concreto da Rua Marilândia - trecho inicial, bairro Progresso, Blumenau/SC. Prazo de execução: 03 (três) meses. Fonte de Recursos: Transferência Especial Voluntária, SIE, Processo SGPe SCC 18050/2023, Portaria Conjunta SGG/SEF nº. 005/2024 - Governo do Estado de Santa Catarina e contrapartida com recursos de operação de crédito com o Banco do Brasil Contrato de Financiamento nº 40/00022- 2/BB - SEMOB. Data de encerramento do envio de proposta eletrônica: até o dia 15 de agosto de 2025, às 09h00min. Data início da sessão eletrônica: dia 15 de agosto de 2025, às 09h:15min. Local: Sistema COMPRASBR. Edital disponível no Portal https://comprasbr.com.br/, via e-mail: alicesilva@blumenau.sc.gov.br e/ou no site oficial do Município https://www.blumenau.sc.gov.br/participar-de-licitacoes. Base Legal: Decreto Municipal nº 15.050/2023, Lei Federal: nº 14.133/2021. Registrado no TCE/SC sob nº E11E645164E68E712C71285D6578087F1125A35B.</p><p class="data">Blumenau, 24 de julho de 2025.</p><p class="assina">FERNANDO MARCELINO</p><p class="cargo">Secretário Municipal de Administração</p>]]></Texto>
  </body>
  <Midias />
</article></xml>