﻿<xml><article id="44719250" name="UNIAO 01-08-25 fomento" idOficio="11178731" pubName="DO3" artType="Extrato de Termo de Fomento" pubDate="01/08/2025" artClass="00075:00024:00326:00000:00000:00000:00000:00000:00000:00000:00190:00000" artCategory="Prefeituras/Estado de São Paulo/Prefeitura Municipal de Guarulhos" artSize="12" artNotes="" numberPage="324" pdfPage="http://pesquisa.in.gov.br/imprensa/jsp/visualiza/index.jsp?data=01/08/2025&amp;jornal=530&amp;pagina=324" editionNumber="144" highlightType="" highlightPriority="" highlight="" highlightimage="" highlightimagename="" idMateria="22927132">
  <body>
    <Identifica><![CDATA[ Extrato de Termo aditivo]]></Identifica>
    <Data><![CDATA[]]></Data>
    <Ementa />
    <Titulo />
    <SubTitulo />
    <Texto><![CDATA[<p class="identifica">Extrato de Termo aditivo</p><p>PROCESSO: 701/2025-SS - TERMO DE FOMENTO N° 1922/2025-FMS. CONTRATANTE: PMG / Secretaria Municipal de Saúde. CONTRATADA: ASSOCIAÇÃO PROREDE SAÚDE REGIONAL PIMENTAS CUMBICA. Assinatura: 17/07/2025. Objeto: Ações de conservação, manutenção do equipamento público para o alcance dos objetivos elencados e constatados pela comunidade, pelos conselheiros gestores e trabalhadores de acordo com plano de trabalho da Associação Prorede Saúde Regional Pimentas Cumbica. Valor: R$ 150.000,00 (cento e cinquenta mil reais). Vigência de 05 anos a partir da data de assinatura. PROCESSO: 1246/2025-SS - TERMO DE FOMENTO N° 3222/2025-FMS. CONTRATANTE: PMG / Secretaria Municipal de Saúde. CONTRATADA: ASSOCIAÇÃO PROREDE SAÚDE BAMBI. Assinatura: 17/07/2025. Objeto: Ações de conservação, manutenção do equipamento público para o alcance dos objetivos elencados e constatados pela comunidade, pelos conselheiros gestores e trabalhadores de acordo com plano de trabalho da unidade de Saúde Bambi. Valor de R$ 90.000,00 (noventa mil reais). Vigência de 05 anos da data de sua assinatura. PROCESSO: 811/2025-SS - TERMO DE FOMENTO N° 0422/2025-FMS. CONTRATANTE: PMG / Secretaria Municipal de Saúde. CONTRATADA: ASSOCIAÇÃO PROREDE SAÚDE DINAMARCA. Assinatura: 09/07/2025. Objeto: Ações de conservação, manutenção do equipamento público para o alcance dos objetivos elencados e constatados pela comunidade, pelos conselheiros gestores e trabalhadores de acordo com plano de trabalho da unidade de Saúde DINAMARCA. Valor de R$ 120.000,00 (cento e vinte mil reais). Vigência de 05 anos da data de sua assinatura. Guarulhos, 31 de julho de 2025. MARCIO CHAVES PIRES. Secretário de Saúde.</p>]]></Texto>
  </body>
  <Midias />
</article></xml>