﻿<xml><article id="44720148" name="AVISO DE ABERTURA DE LICIT P.E 9" idOficio="11184856" pubName="DO3" artType="Aviso" pubDate="01/08/2025" artClass="00074:00019:00036:00000:00000:00000:00000:00000:00000:00000:00106:00000" artCategory="Governo do Estado/Governo do Estado do Rio Grande do Norte/SECRETARIA DE SEGURANÇA PÚBLICA E DEFESA SOCIAL" artSize="12" artNotes="" numberPage="235" pdfPage="http://pesquisa.in.gov.br/imprensa/jsp/visualiza/index.jsp?data=01/08/2025&amp;jornal=530&amp;pagina=235" editionNumber="144" highlightType="" highlightPriority="" highlight="" highlightimage="" highlightimagename="" idMateria="22938515">
  <body>
    <Identifica><![CDATA[ AVISO DE LICITAÇÃO ]]></Identifica>
    <Data><![CDATA[]]></Data>
    <Ementa />
    <Titulo />
    <SubTitulo />
    <Texto><![CDATA[<p class="identifica">AVISO DE LICITAÇÃO</p><p class="identifica">pREGÃO ELETRÔNICO nº 90090/2025</p><p>A Secretaria de Estado da Administração - SEAD/RN (UASG: 925538), processo nº 08810197.000791/2023-26, comunica aos interessados que realizará o PREGÃO ELETRÔNICO 90090/2025, tipo menor preço, global, cujo objeto é a Contratação de serviços organização, locação de espaço físico, equipamentos, recursos humanos, design gráfico, passagens aéreas e hospedagem por empresas especializadas, visando à realização do V Seminário de Saúde Mental e Prevenção ao Suicídio, que será realizado no dia 18 de setembro de 2025, na cidade de Natal, no Estado do Rio Grande do Norte. O Edital estará disponível nos endereços: HTTP://www.gov.br/pncp/pt-br (PNCP) e HTTP://servicos.searh.rn.gov.br/searh/Licitacao. Abertura da sessão em 15/08/2025, às 10h (Brasília/DF), no site https://www.gov.br/compras/pt-br/. Contatos: (84) 98851-8721 e cplsesed@gmail.com.</p><p class="assina">Maretânea Medeiros de Araújo</p><p class="cargo">Pregoeira</p>]]></Texto>
  </body>
  <Midias />
</article></xml>