﻿<xml><article id="44721319" name="AVISO ADITIVO - DOU" idOficio="11178170" pubName="DO3" artType="Extrato de Termo Aditivo" pubDate="01/08/2025" artClass="00075:00017:00225:00002:00000:00000:00000:00000:00000:00000:00053:00000" artCategory="Prefeituras/Estado do Piauí/PREFEITURA MUNICIPAL DE PIRIPIRI/SECRETARIA MUNICIPAL DE EDUCAÇÃO DE PIRIPIRI" artSize="12" artNotes="" numberPage="310" pdfPage="http://pesquisa.in.gov.br/imprensa/jsp/visualiza/index.jsp?data=01/08/2025&amp;jornal=530&amp;pagina=310" editionNumber="144" highlightType="" highlightPriority="" highlight="" highlightimage="" highlightimagename="" idMateria="22926359">
  <body>
    <Identifica><![CDATA[  EXTRATO DE TERMO ADITIVO]]></Identifica>
    <Data><![CDATA[]]></Data>
    <Ementa />
    <Titulo />
    <SubTitulo />
    <Texto><![CDATA[<p class="identifica">EXTRATO DE TERMO ADITIVO</p><p>Espécie: Aditivo 01 ao Contrato nº 168.2024, PREGÃO ELETRÔNICO N° 28/2024</p><p>Pelo presente termo de aditivo, fica prorrogado o prazo de vigência do Contrato 168/2024 pelo período de 03 meses, a partir do dia 24/07/2025 a 24/10/2025.Piripiri (PI), 24 de julho de 2025.</p><p></p>]]></Texto>
  </body>
  <Midias />
</article></xml>