﻿<xml><article id="44738645" name="2025-07-30/11184473/COMPRASNETWS" idOficio="11184473" pubName="DO3" artType="Extrato de Termo Aditivo" pubDate="01/08/2025" artClass="00025:00066:00000:00000:00000:00000:00000:00000:00000:00000:00053:00001" artCategory="Ministério da Educação/Instituto Federal de Educação, Ciência e Tecnologia de Goiás" artSize="12" artNotes="" numberPage="40" pdfPage="http://pesquisa.in.gov.br/imprensa/jsp/visualiza/index.jsp?data=01/08/2025&amp;jornal=530&amp;pagina=40" editionNumber="144" highlightType="" highlightPriority="" highlight="" highlightimage="" highlightimagename="" idMateria="22937345">
  <body>
    <Identifica><![CDATA[ EXTRATO DE TERMO ADITIVO Nº 2/2025 - UASG 158153]]></Identifica>
    <Data><![CDATA[]]></Data>
    <Ementa />
    <Titulo />
    <SubTitulo />
    <Texto><![CDATA[<p class="identifica">EXTRATO DE TERMO ADITIVO Nº 2/2025 - UASG 158153</p><p>Número do Contrato: 11/2022.</p><p>Nº Processo: 23372.002101/2022-14.</p><p>Pregão. Nº 1/2022. Contratante: INST.FED.DE EDUC.,CIENC.E TEC.DE GOIAS. Contratado: 27.704.075/0001-00 - PROFORCE TERCEIRIZACOES E SERVICOS LTDA. Objeto: O presente termo aditivo tem como objeto a prorrogação da vigência do contrato nº 11/2022, firmado entre as partes acima qualificadas em 29/07/2022, nos termos previstos em sua cláusula segunda, na forma dos art. 57,§1º e art. 65,§ 1º, da lei nº 8.666/93.. Vigência: 01/08/2025 a 01/11/2025. Valor Total Atualizado do Contrato: R$ 959.730,24. Data de Assinatura: 30/07/2025.</p><p>(COMPRASNET 4.0 - 30/07/2025).</p>]]></Texto>
  </body>
  <Midias />
</article></xml>