﻿<xml><article id="44723675" name="Aviso de Licitacao Fracassada__N" idOficio="11167791" pubName="DO3" artType="Aviso de Licitação Fracassada" pubDate="01/08/2025" artClass="00074:00018:00011:00000:00000:00000:00000:00000:00000:00000:00200:00000" artCategory="Governo do Estado/Governo do Estado do Piauí/SECRETARIA DA IRRIGAÇÃO E INFRAESTRUTURA HÍDRICA" artSize="12" artNotes="" numberPage="235" pdfPage="http://pesquisa.in.gov.br/imprensa/jsp/visualiza/index.jsp?data=01/08/2025&amp;jornal=530&amp;pagina=235" editionNumber="144" highlightType="" highlightPriority="" highlight="" highlightimage="" highlightimagename="" idMateria="22910203">
  <body>
    <Identifica><![CDATA[ AVISO DE LICITAÇÃO FRACASSADA]]></Identifica>
    <Data><![CDATA[ Teresina, Piauí, 25 de julho de 2025.]]></Data>
    <Ementa />
    <Titulo />
    <SubTitulo />
    <Texto><![CDATA[<p class="identifica">AVISO DE LICITAÇÃO FRACASSADA</p><p>O Secretário da Irrigação e Infraestrutura Hídrica do Estado do Piauí, no uso de suas atribuições legais, resolve: Com fundamento na Lei nº 14.133/2021 e posteriores alterações, e conforme o que consta no Processo Administrativo SEI N° 00224.001309/2023- 97, torna público para conhecimento dos interessados, que, em razão do não atendimento das exigências do edital pelos licitantes, declara FRACASSADO o procedimento licitatório na modalidade Pregão eletrônico nº 01/2025, tipo menor preço, cujo objeto é contratação de empresa para aquisição de veículo pescado móvel (caminhão com baú refrigerado). INFORMAÇÕES: Sala da Comissão Permanente de Licitação da SEFIR, sito à Avenida Universitária, nº 750, 15º andar, Bairro de Fátima, Teresina - PI, Estado do Piauí e e-mail: sefircpl@gmail.com.</p><p class="data">Teresina, Piauí, 25 de julho de 2025.</p><p class="assina">Firmino Soares Paulo</p><p class="cargo">Secretário da Irrigação e Infraestrutura Hídrica do Estado do Piauí</p>]]></Texto>
  </body>
  <Midias />
</article></xml>