﻿<xml><article id="44727365" name="PUBres1cred042525-07" idOficio="11172592" pubName="DO3" artType="Aviso de Credenciamento" pubDate="01/08/2025" artClass="00075:00012:00349:00000:00000:00000:00000:00000:00000:00000:00073:00000" artCategory="Prefeituras/Estado de Minas Gerais/Prefeitura Municipal de Coronel Fabriciano" artSize="12" artNotes="" numberPage="272" pdfPage="http://pesquisa.in.gov.br/imprensa/jsp/visualiza/index.jsp?data=01/08/2025&amp;jornal=530&amp;pagina=272" editionNumber="144" highlightType="" highlightPriority="" highlight="" highlightimage="" highlightimagename="" idMateria="22918087">
  <body>
    <Identifica><![CDATA[ RESULTADO DE CREDENCIAMENTO nº 4/2025  ]]></Identifica>
    <Data><![CDATA[ Coronel Fabriciano - MG, 25 de julho de 2025. ]]></Data>
    <Ementa />
    <Titulo />
    <SubTitulo />
    <Texto><![CDATA[<p class="identifica">RESULTADO DE CREDENCIAMENTO nº 4/2025</p><p>Inexigibilidade 009/2025 - Processo de Compra nº 182/2025 - Processo Licitatório nº 113/2025</p><p>Credenciamento de Pessoa Jurídica Para Fornecer Serviços de Consultas Médicas, No Território de Coronel Fabriciano, Em Conformidade Com A "Tabela de Procedimentos, Medicamentos, Órteses e Próteses e Materiais Especiais (Opm) do Sistema Único de Saúde - Sus" - Grupo 02 - Subgrupo 1 - Consultas, Atendimentos e Acompanhamentos, Com Valores Diferenciados Aprovados Pelo Conselho Municipal de Saúde, Por Meio da Resolução Cms 009/2025,Tendo Como Fonte de Receita, Transferências Fundo A Fundo de Recursos do Sus Provenientes do Governo Federal, Estadual e Recursos Não Vinculados de Impostos. Informamos os Credenciados Até Momento: R. Vieira da Silva Clinica Medica Ltda (Encodocrilogia e Gastroenterologia).</p><p class="data">Coronel Fabriciano - MG, 25 de julho de 2025.</p><p class="assina">Juliana Silva Domingos.</p><p class="cargo">Agente de Contratação</p>]]></Texto>
  </body>
  <Midias />
</article></xml>