﻿<xml><article id="44719265" name="AVISO - CONCORRENCIA N. 013-2025" idOficio="11171771" pubName="DO3" artType="Aviso de Licitação-Concorrência" pubDate="01/08/2025" artClass="00074:00023:00002:00000:00000:00000:00000:00000:00000:00000:00159:00000" artCategory="Governo do Estado/Governo do Estado de Roraima/SECRETARIA DE ESTADO DE LICITAÇÃO E CONTRATAÇÃO" artSize="12" artNotes="" numberPage="236" pdfPage="http://pesquisa.in.gov.br/imprensa/jsp/visualiza/index.jsp?data=01/08/2025&amp;jornal=530&amp;pagina=236" editionNumber="144" highlightType="" highlightPriority="" highlight="" highlightimage="" highlightimagename="" idMateria="22916670">
  <body>
    <Identifica><![CDATA[ Aviso de REVOGAÇÃO ]]></Identifica>
    <Data><![CDATA[ Em 26 de julho de 2025. ]]></Data>
    <Ementa />
    <Titulo />
    <SubTitulo />
    <Texto><![CDATA[<p class="identifica">Aviso de REVOGAÇÃO</p><p class="identifica">CONCORRÊNCIA Nº 13/2025</p><p>PROCESSO: Nº 21101.002765/2024.00</p><p>Nº EDITAL NO PNCP Nº 106/2025</p><p>SECRETARIA DE ORIGEM : SEINF</p><p>O AGENTE DE CONTRATAÇÃO DA SECRETARIA ESTADUAL DE LICITAÇÃO E CONTRATAÇÃO - SELC/RR, designado pela PORTARIA Nº 116/SELC/SEC/GABEXEC, DE 22 DE MAIO DE 2025, publicada no DOE Nº 4929, de 23 de MAIO de 2025, torna público, no uso de suas atribuições legais e considerando razões de interesse público, bem como o teor da Súmula nº 473 do Supremo Tribunal Federal, a REVOGAÇÃO do procedimento licitatório supracitado, cujo objeto é a: Contratação de Empresa Especializada em Engenharia Civil, para Execução das Obras de Implantação de Pavimentação de Via Urbana, com Calçadas, Meios Fios e Sarjetas, localizadas no Distrito de Santa Maria do Boiaçú, Município de Rorainópolis - RR (Convênio Nº 896630/2019-MIDR/SUDAM).</p><p>MOTIVO: Identificação de erro material insanável contidos no edital, que prejudica a concorrência e a transparência do processo licitatório em face das disposições da Lei Nº 14.133/2021.</p><p>REVOGA-SE, pois, a Concorrência 13/2025. Cumpridas as formalidades, publique-se o presente para o cumprimento e efeito legal.</p><p class="data">Em 26 de julho de 2025.</p><p class="assina">HERIVALDO FELIPE AMORAS DOS SANTOS JR</p><p class="cargo">Agente de Contratação - SELC</p>]]></Texto>
  </body>
  <Midias />
</article></xml>