﻿<xml><article id="44729490" name="EXTRATO DE INSTRUMENTO CONTRATUA" idOficio="11181673" pubName="DO3" artType="Ato" pubDate="01/08/2025" artClass="00041:00025:00000:00000:00000:00000:00000:00000:00000:00000:00171:00000" artCategory="Ministério de Portos e Aeroportos/Companhia Docas do Pará" artSize="12" artNotes="" numberPage="109" pdfPage="http://pesquisa.in.gov.br/imprensa/jsp/visualiza/index.jsp?data=01/08/2025&amp;jornal=530&amp;pagina=109" editionNumber="144" highlightType="" highlightPriority="" highlight="" highlightimage="" highlightimagename="" idMateria="22931906">
  <body>
    <Identifica><![CDATA[ EXTRATO DE INSTRUMENTO CONTRATUAL]]></Identifica>
    <Data><![CDATA[]]></Data>
    <Ementa />
    <Titulo />
    <SubTitulo />
    <Texto><![CDATA[<p class="identifica">EXTRATO DE INSTRUMENTO CONTRATUAL</p><p>Contrato n° 32/2025; CONTRATANTE: Companhia Docas do Pará - CDP; CONTRATADA: Plano Diretor Construtora LTDA; OBJETO: Contratação de empresa especializada para reforma e adequação da portaria principal de acesso ao Porto Organizado de Vila do Conde, localizado no município de Barcarena/PA; VALOR GLOBAL: R$ 1.651.661,20 (Um milhão seiscentos e cinquenta e um mil seiscentos e sessenta e um reais e vinte centavos); FUNDAMENTAÇÃO LEGAL: Instrumento Normativo para gestão do regulamento de licitações e contratos da Companhia Docas do Pará, instituído pela Deliberação CONSAD n° 01/2023, de 23/01/2023, Regulamento nº 2102.01, de 25/01/2023, pela Lei nº 13.303 de 30/06/2016, pelos Decretos nº 8.945/2016 e 9.507/2018, pela Lei n° 12.846/2013; DATA DA ASSINATURA: 29/07/2025; SIGNATARIOS: Jardel Rodrigues da Silva, Rosândela Oliveira Barbosa de Carvalho e Samuel Alves Rocha, respectivamente Diretor Presidente, Diretora de Gestão Portuária e Diretor Administrativo Financeiro - CDP e Miguel Cardoso Negrão Neto, Representante Legal da Contratada.</p>]]></Texto>
  </body>
  <Midias />
</article></xml>