﻿<xml><article id="44726978" name="I. OF. UNIAO PE 14 - REPUBLICADO" idOficio="11182132" pubName="DO3" artType="Aviso de Licitação" pubDate="01/08/2025" artClass="00075:00024:00372:00000:00000:00000:00000:00000:00000:00000:00079:00000" artCategory="Prefeituras/Estado de São Paulo/Prefeitura Municipal de Itapeva" artSize="12" artNotes="" numberPage="325" pdfPage="http://pesquisa.in.gov.br/imprensa/jsp/visualiza/index.jsp?data=01/08/2025&amp;jornal=530&amp;pagina=325" editionNumber="144" highlightType="" highlightPriority="" highlight="" highlightimage="" highlightimagename="" idMateria="22932737">
  <body>
    <Identifica><![CDATA[ AVISO DE LICITAÇÃO]]></Identifica>
    <Data><![CDATA[]]></Data>
    <Ementa />
    <Titulo />
    <SubTitulo />
    <Texto><![CDATA[<p class="identifica">AVISO DE LICITAÇÃO</p><p class="identifica">Pregão Eletrônico Nº 14/2025</p><p>Republicado - Processo Administrativo nº 7.083/2024 do tipo Menor Preço - Interessado: Secretaria Municipal de Agricultura e Abastecimento - Objeto: Aquisição de canos e acessórios para irrigação. Recebimento das Propostas a partir do dia 01/08/2025. Abertura da SESSÃO DA DISPUTA DE PREÇOS às 09h00min do dia 13/08/2025. Disponibilidade do Edital: no portal eletrônico www.itapeva.sp.gov.br/licitacao. Esclarecimentos adicionais com o pregoeiro Tainá Aparecida Nogueira Carone Antunes pelo telefone 0800 000 4673 (ramais 2003 / 2004 / 2005). Demais detalhes serão fornecidos no Departamento de Compras e Licitações, no horário normal de expediente à Praça Duque de Caxias, nº 22 - Centro - Itapeva/SP.</p><p class="assina">ADRIANA DUCH MACHADO</p><p class="cargo">Prefeita</p>]]></Texto>
  </body>
  <Midias />
</article></xml>