﻿<xml><article id="44722181" name="RESULTADO_DA_LICITACAO_CE_90005_" idOficio="11171777" pubName="DO3" artType="Resultado de Julgamento de Licitação" pubDate="01/08/2025" artClass="00074:00003:00034:00000:00000:00000:00000:00000:00000:00000:00158:00000" artCategory="Governo do Estado/Governo do Estado de Alagoas/SECRETARIA DE ESTADO DE TRANSPORTE E DESENVOLVIMENTO URBANO - SETRAND" artSize="12" artNotes="" numberPage="232" pdfPage="http://pesquisa.in.gov.br/imprensa/jsp/visualiza/index.jsp?data=01/08/2025&amp;jornal=530&amp;pagina=232" editionNumber="144" highlightType="" highlightPriority="" highlight="" highlightimage="" highlightimagename="" idMateria="22916677">
  <body>
    <Identifica><![CDATA[ RESULTADO DA julgamento]]></Identifica>
    <Data><![CDATA[Maceió, 25 de julho de 2025.]]></Data>
    <Ementa />
    <Titulo />
    <SubTitulo />
    <Texto><![CDATA[<p class="identifica">RESULTADO DA julgamento</p><p class="identifica">CONCORRÊNCIA ELETRÔNICA N° 92666 - 90005/2025 CPL/AL - TURMA 2</p><p>PROCESSO ADMINISTRATIVO Nº E:03300.0000000523/2024</p><p>A integralidade do Resultado da Análise e Julgamento dos Documentos de Habilitação pode ser consultada de acordo com o doc. SEI nº 33561711, do Termo de Julgamento e Habilitação com o Doc. SEI nº 33681473 e do Resultado da Licitação com o doc. SEI nº 33693169.</p><p>A Comissão Permanente de Licitações de Obras e Serviços de Engenharia do Estado de Alagoas - CPL/AL, instituída pelo Decreto nº 95.735, de 22 de fevereiro de 2024, torna público o resultado do certame licitatório Concorrência Eletrônica nº 92666-90005/2025 CPL/AL - Turma 2, que tem como objeto a contratação de empresa especializada para elaboração do projeto básico e executivo de engenharia e a execução das obras de construção de unidades habitacionais, terraplenagem, drenagem, instalações hidrossanitárias, elétricas e pavimentação de um conjunto habitacional no Município de Murici, para atender às necessidades do Estado de Alagoas, realizada em único item, do tipo maior desconto.</p><p>Após apresentar o maior desconto e melhor preço entre as empresas participantes da disputa, ser classificado por apresentar a Proposta de Preços em conformidade com as exigências editalícias e habilitado por apresentar os Documentos de Habilitação conforme os requisitos do instrumento convocatório, a Comissão Permanente de Licitações de Obras e Serviços de Engenharia do Estado de Alagoas - CPL/AL, por unanimidade, declarou VENCEDOR do certame licitatório o CONSÓRCIO CONJUNTO HABITACIONAL MURICI, constituído pelas empresas JD Construtora Ltda. (CNPJ: 20.766.023/0001- 19) e KLAO Engenharia S.A. (CNPJ: 24.940.808/0001-17), com percentual de desconto máximo de 19,10% (dezenove inteiros e dez décimos por cento), no valor final mínimo de R$ 17.145.631,71 (dezessete milhões cento e quarenta e cinco mil seiscentos e trinta e um reais e setenta e um centavos).</p><p>Relata-se nos autos que a licitante declarada vencedora comprovou o atendimento aos requisitos de habilitação e qualificação exigidos para a contratação, tendo sua documentação apreciada e considerada em conformidade com todas as exigências do Edital e seus anexos.</p><p class="data">Maceió, 25 de julho de 2025.</p><p class="assina">JOSÉ EDUARDO DO NASCIMENTO GAMA ALBUQUERQUE</p><p class="cargo">Coordenador Geral de Licitações e Contratos Administrativos Comissão Permanente de Licitações</p><p></p>]]></Texto>
  </body>
  <Midias />
</article></xml>