﻿<xml><article id="44732613" name="DOU_0057_2025_02A Aditivo" idOficio="11153097" pubName="DO3" artType="Extrato de Termo Aditivo" pubDate="01/08/2025" artClass="00075:00015:00450:00000:00000:00000:00000:00000:00000:00000:00053:00000" artCategory="Prefeituras/Estado do Paraná/Prefeitura Municipal de Toledo" artSize="12" artNotes="" numberPage="299" pdfPage="http://pesquisa.in.gov.br/imprensa/jsp/visualiza/index.jsp?data=01/08/2025&amp;jornal=530&amp;pagina=299" editionNumber="144" highlightType="" highlightPriority="" highlight="" highlightimage="" highlightimagename="" idMateria="22884120">
  <body>
    <Identifica><![CDATA[ EXTRATO DE TERMO ADITIVO ]]></Identifica>
    <Data><![CDATA[]]></Data>
    <Ementa />
    <Titulo />
    <SubTitulo />
    <Texto><![CDATA[<p class="identifica">EXTRATO DE TERMO ADITIVO</p><p>Espécie: 02º TERMO ADITIVO POR APOSTILAMENTO A ATA DE REGISTRO DE PREÇOS Nº 57/2025</p><p>CONTRATANTE: MUNICIPIO DE TOLEDO</p><p>CONTRATADA: HORTIPAR DISTRIBUIDORA</p><p>OBJETO: CLÁUSULA PRIMEIRA - DO OBJETO DO APOSTILAMENTO: O presente Termo de Apostilamento tem como objetivo a modificação unilateral da Ata de Registro de Preços nº 57/2025, de 28 de janeiro de 2025, por parte da Administração, visando à inclusão das seguintes dotações orçamentárias (fls. 11407), na Cláusula 3 do instrumento contratual, em atendimento ao Pedido de Providências nº 075/2025 da Secretaria da Educação, recepcionado através do eProcessos 9139/2025. Termo aditivo firmado em 30 de maio 2025, oriundo do processo licitatório de Pregão Eletrônico nº 156/2024.</p><p>DATA DE ASSINATURA: 30 de maio de 2025.</p>]]></Texto>
  </body>
  <Midias />
</article></xml>