﻿<xml><article id="44722199" name="AVISO DE LICITACAO CONC 001 PL 0" idOficio="11173179" pubName="DO3" artType="Aviso de Licitação" pubDate="01/08/2025" artClass="00075:00016:00176:00000:00000:00000:00000:00000:00000:00000:00079:00000" artCategory="Prefeituras/Estado de Pernambuco/Prefeitura Municipal de Recife" artSize="12" artNotes="" numberPage="307" pdfPage="http://pesquisa.in.gov.br/imprensa/jsp/visualiza/index.jsp?data=01/08/2025&amp;jornal=530&amp;pagina=307" editionNumber="144" highlightType="" highlightPriority="" highlight="" highlightimage="" highlightimagename="" idMateria="22919235">
  <body>
    <Identifica><![CDATA[AVISO DE LICITAÇÃO]]></Identifica>
    <Data><![CDATA[ Recife, 29 de julho de 2025]]></Data>
    <Ementa />
    <Titulo />
    <SubTitulo />
    <Texto><![CDATA[<p class="identifica">AVISO DE LICITAÇÃO</p><p class="identifica">CONCORRÊNCIA ELETRÔNICA Nº 1/2025</p><p>PROCESSO LICITATÓRIO Nº 004/2025 - GC - URB - 001 - ID LICITAR DIGITAL: 65511.</p><p>Contratação de Empresa de Engenharia para execução das obras de contenção e estabilização de encostas na cidade do Recife/PE - Novo Lote 19 (7D). Valor máximo aceitável: R$ 12.683.269,26 (doze milhões, seiscentos e oitenta e três mil, duzentos e sessenta e nove reais e vinte e seis centavos). Comunicamos que a sessão de abertura das propostas do processo em referência, será realizada no dia 15/09/2025 às 10:00 horas e a sessão de disputa será no dia 15/09/2025 às 14:30 horas - HORÁRIOS DE BRASÍLIA, no endereço eletrônico: https://licitar.digital/ - acesso Identificado. O Edital e outras informações estão disponíveis nos seguintes endereços eletrônicos: http://www.recife.pe.gov.br/portalcompras/app/ConsAvisosPesquisar.php e www.licitardigital.com.br. Mais informações pelos telefones: (81) 33555081 ou (81) 33555079 ou pelo e-mail: cplurb@recife.pe.gov.br</p><p class="data">Recife, 29 de julho de 2025</p><p class="assina">Gláucio Mendonça Brasileiro</p><p class="cargo">Agente de Contratação</p>]]></Texto>
  </body>
  <Midias />
</article></xml>