﻿<xml><article id="44719358" name="89. AVISO - PE 058-2025 -00025-S" idOficio="11184747" pubName="DO3" artType="Aviso de Licitação" pubDate="01/08/2025" artClass="00074:00005:00041:00000:00000:00000:00000:00000:00000:00000:00078:00000" artCategory="Governo do Estado/Governo do Estado do Amapá/SECRETARIA DE ESTADO DE COMPRAS E LICITAÇÕES DO AMAPÁ" artSize="12" artNotes="" numberPage="233" pdfPage="http://pesquisa.in.gov.br/imprensa/jsp/visualiza/index.jsp?data=01/08/2025&amp;jornal=530&amp;pagina=233" editionNumber="144" highlightType="" highlightPriority="" highlight="" highlightimage="" highlightimagename="" idMateria="22937646">
  <body>
    <Identifica><![CDATA[ AVISO DE LICITAÇÃO]]></Identifica>
    <Data><![CDATA[  Macapá-AP, 29 de julho de 2025.]]></Data>
    <Ementa />
    <Titulo />
    <SubTitulo />
    <Texto><![CDATA[<p class="identifica">AVISO DE LICITAÇÃO</p><p class="identifica">PREGÃO ELETRÔNICo nº 58/2025-SECCOMPRAS</p><p></p><p>PROCESSO SIGA n 00025/SECCOMPRAS/2025</p><p>PREGÃO, na forma ELETRÔNICA n 058/2025-</p><p>SECCOMPRAS</p><p>Objeto: CONTRATAÇÃO DE EMPRESA ESPECIALIZADA EM SERVIÇO DE TELECOMUNICAÇÃO PARA O FORNECIMENTO DE LINK DE ACESSO À INTERNET VIA SATÉLITE BANDA LARGA PARA ATENDIMENTO DAS DEMANDAS DO PRODAP, conforme condições, especificações e quantitativos constantes no Edital, independente de transcrição, que estará disponível no endereço eletrônico www.siga.ap.gov.br. A abertura das propostas será em 20/08/2025, às 8h30min (horário de Brasília) e a sessão de disputa no mesmo dia às 09h (horário de Brasília). O edital completo, seus anexos e quaisquer Informações poderão ser obtidas pelos e-mails licita05@scl.ap.gov.br e coordlicit@scl.ap.gov.br e através dos endereços eletrônicos http://www.siga.ap.gov.br e https://pncp.gov.br.</p><p class="data">Macapá-AP, 29 de julho de 2025.</p><p class="assina">Flávia Christina Soares Luz da Costa</p><p class="cargo">Coordenadora de Processos de Licitações</p>]]></Texto>
  </body>
  <Midias />
</article></xml>