﻿<xml><article id="44732577" name="DOU_0391_2025_Extrato Ata" idOficio="11154456" pubName="DO3" artType="Extrato de Termo Aditivo" pubDate="01/08/2025" artClass="00075:00015:00450:00000:00000:00000:00000:00000:00000:00000:00053:00000" artCategory="Prefeituras/Estado do Paraná/Prefeitura Municipal de Toledo" artSize="12" artNotes="" numberPage="302" pdfPage="http://pesquisa.in.gov.br/imprensa/jsp/visualiza/index.jsp?data=01/08/2025&amp;jornal=530&amp;pagina=302" editionNumber="144" highlightType="" highlightPriority="" highlight="" highlightimage="" highlightimagename="" idMateria="22886692">
  <body>
    <Identifica><![CDATA[EXTRATO DE REGISTRO DE PREÇOS ]]></Identifica>
    <Data><![CDATA[]]></Data>
    <Ementa />
    <Titulo />
    <SubTitulo />
    <Texto><![CDATA[<p class="identifica">EXTRATO DE REGISTRO DE PREÇOS</p><p>Espécie: ATA DE REGISTRO DE PREÇOS Nº 391/2025</p><p>CONTRATANTE: MUNICÍPIO DE TOLEDO</p><p>CONTRATADA: C.H DISTRIBUIDORA DE PRODUTOS DE HIGIENE E LIMPEZA</p><p>OBJETO: Registro de Preços UNIFICADO, pelo período de 12 (doze) meses, para eventual aquisição de material de Higiene e Limpeza, atendendo assim a demanda de diversas Secretarias Municipais, a CAST e o FUNREBOM, de forma a proporcionar condições adequadas ao funcionamento e desenvolvimento das atividades. VALOR CONTRATUAL: R$ 23.475,46 (vinte e três mil, quatrocentos e setenta e cinco reais e quarenta e seis centavos). Ata firmada em 19 de maio de 2025, oriundo do processo licitatório modalidade Pregão Eletrônico nº 184/2024.</p><p>DATA DE ASSINATURA: 19 de maio de 2025.</p>]]></Texto>
  </body>
  <Midias />
</article></xml>