﻿<xml><article id="44725760" name="DOU-Inex.0063.2025-FADE-UFPE" idOficio="11169562" pubName="DO3" artType="Extrato de Inexigibilidade de Licitação" pubDate="01/08/2025" artClass="00073:04862:08146:00000:00000:00000:00000:00000:00000:00000:00040:00000" artCategory="Ineditoriais/Fundação de Apoio ao Desenvolvimento da Universidade Federal de Pernambuco" artSize="12" artNotes="" numberPage="228" pdfPage="http://pesquisa.in.gov.br/imprensa/jsp/visualiza/index.jsp?data=01/08/2025&amp;jornal=530&amp;pagina=228" editionNumber="144" highlightType="" highlightPriority="" highlight="" highlightimage="" highlightimagename="" idMateria="22913737">
  <body>
    <Identifica><![CDATA[ EXTRATO DE INEXIGIBILIDADE DE LICITAÇÃO  Nº 63/2025]]></Identifica>
    <Data><![CDATA[]]></Data>
    <Ementa />
    <Titulo />
    <SubTitulo />
    <Texto><![CDATA[<p class="identifica">EXTRATO DE INEXIGIBILIDADE DE LICITAÇÃO Nº 63/2025</p><p>Objeto: MEIOS BIORELEVANTES, para atender ao projeto intitulado "DESENVOLVIMENTO TECNOLÓGICO DE FORMULAÇÃO ASSOCIADA DE COMPRIMIDO DAPSONA E CLOFAZIMINA PARA O SUS - HANSENMED", Empresa Contratada Biorelevant.com Ltd. Fundamento Legal: Art. 74, caput da Lei no 14.133/21 com suas alterações. Convênio FINEP No 01.24.0623.00 -. Valor estimado R$ 39.863,21. Reconhecido e ratificado por Profa. Maira Galdino da Rocha Pitta, Diretora-Presidente da Fade-UFPE.</p>]]></Texto>
  </body>
  <Midias />
</article></xml>