﻿<xml><article id="44721307" name="extrato de homologacao DOU__7TT1" idOficio="11178152" pubName="DO3" artType="Aviso de Homologação e Adjudicação" pubDate="01/08/2025" artClass="00075:00014:00067:00000:00000:00000:00000:00000:00000:00000:00076:00000" artCategory="Prefeituras/Estado da Paraíba/Prefeitura Municipal de Camalaú" artSize="12" artNotes="" numberPage="291" pdfPage="http://pesquisa.in.gov.br/imprensa/jsp/visualiza/index.jsp?data=01/08/2025&amp;jornal=530&amp;pagina=291" editionNumber="144" highlightType="" highlightPriority="" highlight="" highlightimage="" highlightimagename="" idMateria="22926335">
  <body>
    <Identifica><![CDATA[ AVISO DE ADJUDICAÇÃO E HOMOLOGAÇÃO   PREGÃO ELETRÔNICO Nº 8/2025]]></Identifica>
    <Data><![CDATA[Camalaú-PB, 23 de julho de 2025.]]></Data>
    <Ementa />
    <Titulo />
    <SubTitulo />
    <Texto><![CDATA[<p class="identifica">AVISO DE ADJUDICAÇÃO E HOMOLOGAÇÃO PREGÃO ELETRÔNICO Nº 8/2025</p><p>Nos termos do relatório final apresentado pelo Agente de Contratação e observado parecer da Assessoria Jurídica, referente ao Pregão Eletrônico nº 0008/2025, que objetiva: Contratação de pessoa jurídica especializada no fornecimento parcelado de material de construção. ADJUDICO o objeto e HOMOLOGO a licitação, com base nos elementos constantes do processo correspondente, os quais apontam como proponentes vencedores: JOTAV COMERCIO, SERVICOS E LOCACOES LTDA CNPJ: 20.853.878/0001-87 - R$ R$ 315.354,81; MARIA ROSALIN AZEVEDO DE FREITAS ME CNPJ: 08.271.376/0001-42 R$ 306.489,51.</p><p class="data">Camalaú-PB, 23 de julho de 2025.</p><p class="assina">UBIRAJARA ANTÔNIO PEREIRA MARIANO</p><p class="cargo">Prefeito</p>]]></Texto>
  </body>
  <Midias />
</article></xml>