﻿<xml><article id="44718956" name="SINTESE DE ATA - NA 048-2024 - C" idOficio="11177970" pubName="DO3" artType="Ata" pubDate="01/08/2025" artClass="00074:00023:00002:00000:00000:00000:00000:00000:00000:00000:00003:00000" artCategory="Governo do Estado/Governo do Estado de Roraima/SECRETARIA DE ESTADO DE LICITAÇÃO E CONTRATAÇÃO" artSize="12" artNotes="" numberPage="236" pdfPage="http://pesquisa.in.gov.br/imprensa/jsp/visualiza/index.jsp?data=01/08/2025&amp;jornal=530&amp;pagina=236" editionNumber="144" highlightType="" highlightPriority="" highlight="" highlightimage="" highlightimagename="" idMateria="22926071">
  <body>
    <Identifica><![CDATA[ extrato de termo aditivo]]></Identifica>
    <Data><![CDATA[]]></Data>
    <Ementa />
    <Titulo />
    <SubTitulo />
    <Texto><![CDATA[<p class="identifica">extrato de termo aditivo</p><p>SÍNTESE DO PRIMEIRO TERMO ADITIVO À ATA DE REGISTRO DE PREÇOS Nº 48/2024. DECORRENTE DO PREGÃO ELETRÔNICO (SRP) N° 90021/2024 - SELC. O Secretário da SELC/RR torna público os preços e desconto registrados no PRIMEIRO TERMO ADITIVO (ep. 18511069) à Ata de Registro de Preços nº 048/2024 (ep. 14108200) decorrente do pregão supracitado, oriundo do Processo nº 35101.000054/2024.05, da SELC/RR, cujo objeto é a Eventual contratação de serviços de agenciamento de viagens, compreendendo os serviços de emissão, remarcação e cancelamento de passagens aéreas nacionais e internacionais e de emissão de seguro de assistência em viagem internacional, tendo como participantes o órgão originário e os demais a saber: PGE, SEADI, SEJUC, SEGOD, SEPLAN, SETRABES, SECULT, CASA CIVIL, CASA MILITAR, VICE - GOVERNADORIA, COGER, PMRR, SESP, SEED, SEINF, SEPI, SECOM, PCRR, CBMRR, SEFAZ, IATER, ITERAIMA e IPEM/RR, cujo critério de julgamento adotado foi o de maior desconto, sendo a empresa MRTUR MONTE RORAIMA TURISMO LTDA, CNPJ sob nº 34.794.255/0001-95, vencedora do ITEM ÚNICO da licitação, tendo ofertado 25,40% (vinte e cinco, vírgula, quarenta por cento), válidos por um período de 12 (doze) meses, a contar do primeiro dia útil subsequente à data de divulgação no Portal Nacional de Contratações Públicas (PNCP). Demais informações encontram-se disponíveis no sítio www.compras.gov.br. Código da UASG nº 936001. Boa Vista - RR, 28 de julho de 2025. EVERSON DOS SANTOS CERDEIRA - CEL QOCBM. Secretário de Estado de Licitação e Contratação - SELC/RR.</p>]]></Texto>
  </body>
  <Midias />
</article></xml>