﻿<xml><article id="44721232" name="AVISO DA dispensa eletronica fms" idOficio="11183091" pubName="DO3" artType="Aviso de Dispensa de Licitação" pubDate="01/08/2025" artClass="00075:00007:00055:00000:00000:00000:00000:00000:00000:00000:00074:00000" artCategory="Prefeituras/Estado do Espírito Santo/Prefeitura Municipal de Mimoso do Sul" artSize="12" artNotes="" numberPage="256" pdfPage="http://pesquisa.in.gov.br/imprensa/jsp/visualiza/index.jsp?data=01/08/2025&amp;jornal=530&amp;pagina=256" editionNumber="144" highlightType="" highlightPriority="" highlight="" highlightimage="" highlightimagename="" idMateria="22935648">
  <body>
    <Identifica><![CDATA[ AVISO DE DISPENSA ELETRÔNICA FMS Nº 4/2025]]></Identifica>
    <Data><![CDATA[ Mimoso do Sul-ES, 29 de julho de 2025.]]></Data>
    <Ementa />
    <Titulo />
    <SubTitulo />
    <Texto><![CDATA[<p class="identifica">AVISO DE DISPENSA ELETRÔNICA FMS Nº 4/2025</p><p>Código CidadES Contratações: 2025.047E0500002.09.0020. O FUNDO MUNICIPAL DE SAÚDE DE Município de Mimoso do Sul-ES, por intermédio de sua Agente de Contratação, designada pela Portaria nº 020/2025 torna público, que realizará Dispensa Eletrônica para aquisição de ar condicionado referente à Emenda Constitucional nº 126 de 2022 - Proposta nº 10551277000123007, Proposta n° 10551277000123016 e Proposta n° 10551277000124001, para Estruturação da Atenção Primária das Unidades Básicas da Secretaria Municipal de Saúde, com critério de julgamento MENOR PREÇO na hipótese do Art. 75, II, nos termos da Lei nº 14.133, de 1º de abril de 2021, Decreto Municipal nº 042/2023 de 23 de março de 2023 e demais legislação aplicável, na plataforma do Portal de Compras Públicas- www.portaldecompraspublicas.com.br, no dia e horário abaixo especificado: Data Inicio de Recebimento das Propostas: 04/08/2025. Data da fase de lances: 07/08/2025. Horário da fase de lances: 08:01H as 14:01H. O Aviso estará à disposição dos interessados nos sites: www.portalcompraspublicas.com.br, no portal da transparência do Município de Mimoso do Sul (Editais - documentos). Maiores informações poderão ser obtidas através do telefone (28)3027-6101 ou através do e-mail: licitacao@mimosodosul.es.gov.br.</p><p class="data">Mimoso do Sul-ES, 29 de julho de 2025.</p><p class="assina">Wayne de Melo Pelaes</p><p class="cargo">Agente de Contratações</p>]]></Texto>
  </body>
  <Midias />
</article></xml>