﻿<xml><article id="44719860" name="ATO AVISO DE PENALIDADE 29.07" idOficio="11178309" pubName="DO3" artType="Aviso de Penalidade" pubDate="01/08/2025" artClass="00071:00124:00000:00000:00000:00000:00000:00000:00000:00000:00081:00000" artCategory="Entidades de Fiscalização do Exercício das Profissões Liberais/Conselho Regional de Biomedicina - 5ª Região" artSize="12" artNotes="" numberPage="212" pdfPage="http://pesquisa.in.gov.br/imprensa/jsp/visualiza/index.jsp?data=01/08/2025&amp;jornal=530&amp;pagina=212" editionNumber="144" highlightType="" highlightPriority="" highlight="" highlightimage="" highlightimagename="" idMateria="22926526">
  <body>
    <Identifica><![CDATA[ AVISO DE PENALIDADE]]></Identifica>
    <Data><![CDATA[]]></Data>
    <Ementa />
    <Titulo />
    <SubTitulo />
    <Texto><![CDATA[<p class="identifica">AVISO DE PENALIDADE</p><p>O CONSELHO REGIONAL DE BIOMEDICINA DA 5ª REGIÃO - CRBM-5, no uso das suas atribuições que lhe confere a Lei nº 6.684/79, de acordo com a decisão proferida em sessão plenária extraordinária do Conselho Federal de Biomedicina - CFBM, realizada no dia 07/11/2024, que manteve a decisão do CRBM-5 de procedência do Processo Ético Profissional nº 004/2022, torna pública a aplicação das sanções de multa no valor correspondente a 03 (três) anuidades e de suspensão do exercício profissional pelo período de 01 (um) mês, previstas no art. 25, incisos III e IV, da mencionada lei, por infração ao art. 24 da Lei nº 6.684/79 e artigos 4º, 5º, 12, 13, 15, 30, 34 e 35 da Resolução-CFBM nº 198/2011, a Biomédica Hortencia Muriel Boher Ballesteros Pinto, inscrita no CRBM-5 sob o nº 0993.</p><p class="assina">Renato Minozzo</p><p class="cargo">Presidente</p>]]></Texto>
  </body>
  <Midias />
</article></xml>