﻿<xml><article id="44719752" name="dou termo aditivo unimed odonto2" idOficio="11184441" pubName="DO3" artType="Extrato de Termo Aditivo" pubDate="01/08/2025" artClass="00071:00360:00000:00000:00000:00000:00000:00000:00000:00000:00053:00000" artCategory="Entidades de Fiscalização do Exercício das Profissões Liberais/Conselho Regional de Fonoaudiologia da 7ª Região" artSize="12" artNotes="" numberPage="216" pdfPage="http://pesquisa.in.gov.br/imprensa/jsp/visualiza/index.jsp?data=01/08/2025&amp;jornal=530&amp;pagina=216" editionNumber="144" highlightType="" highlightPriority="" highlight="" highlightimage="" highlightimagename="" idMateria="22937321">
  <body>
    <Identifica><![CDATA[  extratos de TERMOs ADITIVOs   ]]></Identifica>
    <Data><![CDATA[]]></Data>
    <Ementa />
    <Titulo />
    <SubTitulo />
    <Texto><![CDATA[<p></p><p class="identifica">extratos de TERMOs ADITIVOs</p><p>Processo Licitatório nº 004/13 - Contratada: Unimed Odonto S/A, CNPJ 10.414.182/0001-09. Objeto: Plano Odontológico para os funcionários do Conselho. Vigência: 01.07.2025 a 01.07.2026. Valor mensal: R$ 406,25. Contratante: Conselho Regional de Fonoaudiologia 7ª Região CNPJ 05.379.164/0001-95. Fundamento legal: art. 24-V, da Lei 8.666/93.</p><p>Processo Adm. nº 10/2023 - Contratada: UNIMED SEGUROS SAÚDE S/A, CNPJ 04.487.255/0001-81. Objeto: Seguro Saúde Empresarial (Coletivo Empresarial) para os funcionários do Conselho. Contrato decorrente da Dispensa, vinculado ao Processo Administrativo n. 10/2023. Vigência: 01.07.2025 a 30.06.2026. Valor global: R$ 144.192,72. Contratante: Conselho Regional de Fonoaudiologia 7ª Região CNPJ 05.379.164/0001-95. Fundamento legal: Lei 8.666/93, Decreto 9.507/18, IN Seges/MP nº 5/17.</p>]]></Texto>
  </body>
  <Midias />
</article></xml>