﻿<xml><article id="44725280" name="CP 005-2025 SEMOSP" idOficio="11184912" pubName="DO3" artType="Aviso de Licitação-Concorrência" pubDate="01/08/2025" artClass="00075:00021:00029:00000:00000:00000:00000:00000:00000:00000:00159:00000" artCategory="Prefeituras/Estado de Rondônia/Prefeitura Municipal de Ji-Paraná" artSize="12" artNotes="" numberPage="318" pdfPage="http://pesquisa.in.gov.br/imprensa/jsp/visualiza/index.jsp?data=01/08/2025&amp;jornal=530&amp;pagina=318" editionNumber="144" highlightType="" highlightPriority="" highlight="" highlightimage="" highlightimagename="" idMateria="22938573">
  <body>
    <Identifica><![CDATA[ AVISO DE LICITAÇÃO]]></Identifica>
    <Data><![CDATA[ Ji-Paraná,   31 de julho de 2025.]]></Data>
    <Ementa />
    <Titulo />
    <SubTitulo />
    <Texto><![CDATA[<p></p><p class="identifica">AVISO DE LICITAÇÃO</p><p class="identifica">CONCORRÊNCIA PÚBLICA Nº 90005/2025/PMJP-RO</p><p>O Município de Ji-Paraná - RO, por meio da Superintendência de Compras e Licitações - SUPECOL, da Agente de Contratação e da Equipe de Apoio, nomeados pelo Decreto Municipal nº 1719/2025, Processo Administrativo 1-6005/2023 - SEMOSP, torna público que realizará licitação na modalidade CONCORRÊNCIA ELETRÔNICA, do tipo MENOR PREÇO GLOBAL, sob a forma de execução indireta, no regime de empreitada por preço global, modo de disputa ABERTA, nos termos da Lei Federal nº 14.133/21, cujo o objeto é a Contratação de empresa especializada em construção civil e iluminação visando a implantação do sistema de iluminação na RO-135, no município de Ji-Paraná, incluindo fornecimento de mão de-obra, equipamentos, materiais e tudo mais que se fizer necessário para execução dos serviços, a fim de atender as necessidades da Secretaria Municipal de Obras e Serviços Públicos. Valor total estimado: R$ 533.889,38 (quinhentos e trinta e três mil oitocentos e oitenta e nove reais e trinta e oito centavos). Data de Abertura: 18/08/2025 Horário: 09h30. (Horário de Brasília-DF), no endereço eletrônico: www.gov.br/pt-br/ e no site http://transparencia.ji-parana.ro.gov.br/.</p><p class="data">Ji-Paraná, 31 de julho de 2025.</p><p class="assina">Thaynara de Sousa Marconi Leite</p><p class="cargo">Agente de Contratação</p>]]></Texto>
  </body>
  <Midias />
</article></xml>