﻿<xml><article id="44720502" name="Publicacao Contrato 031.2025" idOficio="11164720" pubName="DO3" artType="Extrato" pubDate="01/08/2025" artClass="00073:00665:01377:00000:00000:00000:00000:00000:00000:00000:00170:00000" artCategory="Ineditoriais/Associação Pró-Gestão das Águas da Bacia Hidrográfica do Rio Paraíba do Sul" artSize="12" artNotes="" numberPage="220" pdfPage="http://pesquisa.in.gov.br/imprensa/jsp/visualiza/index.jsp?data=01/08/2025&amp;jornal=530&amp;pagina=220" editionNumber="144" highlightType="" highlightPriority="" highlight="" highlightimage="" highlightimagename="" idMateria="22904357">
  <body>
    <Identifica><![CDATA[ EXTRATO DE CONTRATO]]></Identifica>
    <Data><![CDATA[]]></Data>
    <Ementa />
    <Titulo />
    <SubTitulo />
    <Texto><![CDATA[<p class="identifica">EXTRATO DE CONTRATO</p><p>Processo 00001.000240/2024; Contrato 031/2025; Contratante: Associação Pró-Gestão das Águas da Bacia Hidrográfica do Rio Paraíba do Sul - AGEVAP, CNPJ nº 05.422.000/0001-01; Contratada: INTERPLAN PLANEJAMENTO E DESENVOLVIMENTO URBANO; CNPJ: 24.668.392/0001-20; Objeto: Prestação de serviço de assessoria técnica e administrativa na elaboração, atualização e adequação de projetos de sistema de esgotamento sanitário (SES), na forma de seu ANEXO I - Termo de Referência; Prazo: 22 meses; Valor: R$ 564.898,07; Data de Assinatura: 18/07/2025.</p>]]></Texto>
  </body>
  <Midias />
</article></xml>