﻿<xml><article id="44727065" name="GERAF-MIN-PUBL-DOU-AI - JOSYEL S" idOficio="11173839" pubName="DO3" artType="Auto de Infração" pubDate="01/08/2025" artClass="00071:00021:00000:00000:00000:00000:00000:00000:00000:00000:00174:00000" artCategory="Entidades de Fiscalização do Exercício das Profissões Liberais/Conselho de Arquitetura e Urbanismo do Rio Grande do Sul" artSize="12" artNotes="" numberPage="211" pdfPage="http://pesquisa.in.gov.br/imprensa/jsp/visualiza/index.jsp?data=01/08/2025&amp;jornal=530&amp;pagina=211" editionNumber="144" highlightType="" highlightPriority="" highlight="" highlightimage="" highlightimagename="" idMateria="22920149">
  <body>
    <Identifica><![CDATA[edital de notificação]]></Identifica>
    <Data><![CDATA[]]></Data>
    <Ementa />
    <Titulo />
    <SubTitulo />
    <Texto><![CDATA[<p class="identifica">edital de notificação</p><p>O Conselho de Arquitetura e Urbanismo do Rio Grande do Sul, no uso de suas atribuições legais, definidas pela Lei 12.378/2010, e em atenção ao § 2º, do Art. 71, da Res. CAU/BR Nº. 198, cientifica as seguintes pessoas físicas e/ou pessoas jurídicas, conforme extrato abaixo, cujo endereço é incerto e não sabido, ou que recusaram correspondência do CAU/RS, dos atos processuais em andamento no Conselho. Em função de AUTO DE INFRAÇÃO, REQUER-SE A REGULARIZAÇÃO DA SITUAÇÃO E O PAGAMENTO DA PENALIDADE CAPITULADA OU QUE SE APRESENTE DEFESA À COMISSÃO DE EXERCÍCIO PROFISSIONAL NO PRAZO DE 10 DIAS, a contar da data desta publicação, na sede desta autarquia federal, na Rua Dona Laura, no. 320, 14º andar, Bairro Rio Branco, Porto Alegre/RS, CEP 90430-090, SOB PENA DO JULGAMENTO À REVELIA dos seguintes processos administrativos: 1) JOSYEL S. P. DOS SANTOS LTDA, CNPJ 56.009.881/0001-66 - Processo de fiscalização Nº 1000254234-01A - EXERCÍCIO ILEGAL DA PROFISSÃO (PJ) - Art. 7º, da Lei 12.378; Inciso 2º, Art. 39º, da Resolução CAU/BR Nº 198.</p><p class="assina">ANDRÉA LARRUSCAHIM HAMILTON ILHA</p><p class="cargo">Presidente do CAU/RS</p>]]></Texto>
  </body>
  <Midias />
</article></xml>