﻿<xml><article id="44729448" name="1A ADITIVO - 004-2025 - ADM" idOficio="11184931" pubName="DO3" artType="Extrato de Termo Aditivo" pubDate="01/08/2025" artClass="00075:00013:00201:00000:00000:00000:00000:00000:00000:00000:00053:00000" artCategory="Prefeituras/Estado do Pará/Prefeitura Municipal de Redenção" artSize="12" artNotes="" numberPage="287" pdfPage="http://pesquisa.in.gov.br/imprensa/jsp/visualiza/index.jsp?data=01/08/2025&amp;jornal=530&amp;pagina=287" editionNumber="144" highlightType="" highlightPriority="" highlight="" highlightimage="" highlightimagename="" idMateria="22938601">
  <body>
    <Identifica><![CDATA[ EXTRATO DE TERMO ADITIVO]]></Identifica>
    <Data><![CDATA[]]></Data>
    <Ementa />
    <Titulo />
    <SubTitulo />
    <Texto><![CDATA[<p></p><p class="identifica">EXTRATO DE TERMO ADITIVO</p><p>CONTRATANTE: MUNICIPIO DE REDENÇÃO - CNPJ: 04.144.168/0001-21.</p><p>CONTRATADA: MARREIRO CONSULTORIA CONTÁBIL LTDA/ME. CNPJ nº. 07.668.317/0001-40. 1º Termo Aditivo ao Contrato Nº 004/2025. Processo Licitatório nº 025/2025 - Inexigibilidade de licitação nº 008/2025, Objeto: Contratação De Empresa Especializada Para A Prestação De Serviços Técnicos Especializados Em Assessoria, Consultoria E Auditoria Contábil, Financeira E Patrimonial Visando Atender As Necessidades Da Prefeitura, Secretária E Fundos Do Município De Redenção/Pa. Assinatura: 29/01/2025. OBJETO DO TERMO: O presente Termo de Aditivo ao Contrato nº 004/2025 tem por finalidade incluir, na minuta contratual, a qualificação completa do Fundo Municipal de Educação; Fundo Municipal de Cultura e Lazer; Fundo Municipal de Esportes, Turismo e Juventude; Fundo Municipal de Meio Ambiente e Desenvolvimento Sustentável; Fundo Municipal de Saúde; Fundo Municipal de Assistência Social; Fundo Municipal do Direito da Criança e do Adolescente, bem como a identificação de seus respectivos gestores. Esta providência visa conferir maior precisão às informações contratuais, fortalecendo os princípios da transparência, da segurança jurídica e da responsabilidade administrativa que regem a atuação da Administração Pública. Este Termo Aditivo tem por objeto ainda, a correção na Dotação Orçamentaria prevista na Clausula Décima Terceira do contrato.</p><p></p>]]></Texto>
  </body>
  <Midias />
</article></xml>