﻿<xml><article id="44718917" name="EXTRATO DE CONTRATO - DOU - CICL" idOficio="11184288" pubName="DO3" artType="Extrato de Carta Contrato" pubDate="01/08/2025" artClass="00075:00009:00154:00000:00000:00000:00000:00000:00000:00000:00183:00000" artCategory="Prefeituras/Estado do Maranhão/Prefeitura Municipal de Nina Rodrigues" artSize="12" artNotes="" numberPage="263" pdfPage="http://pesquisa.in.gov.br/imprensa/jsp/visualiza/index.jsp?data=01/08/2025&amp;jornal=530&amp;pagina=263" editionNumber="144" highlightType="" highlightPriority="" highlight="" highlightimage="" highlightimagename="" idMateria="22937130">
  <body>
    <Identifica><![CDATA[ EXTRATO DE CONTRATO Nº 158/2025. ]]></Identifica>
    <Data><![CDATA[]]></Data>
    <Ementa />
    <Titulo />
    <SubTitulo />
    <Texto><![CDATA[<p class="identifica">EXTRATO DE CONTRATO Nº 158/2025.</p><p>CONCORRÊNCIA ELETRÔNICA Nº 11/2025. CONTRATADA: CONSTRUTORA ATHENA -ME , CNPJ nº 05.741.29/0001-65; CONTRATANTE: SECRETARIA MUNICIPAL DE INFRAESTRUTURA; CNPJ: 06.124.408/0001-51. Objeto: Contratação de empresa de engenharia para Conclusão da Urbanização do Portal no Município de Nina Rodrigues/MA. VALOR CONTRATADO: R$ 1.252,000,00(Um milhão e duzentos e cinquenta e dois mil reais ). VIGÊNCIA DO CONTRATO: até 30/07/2026, DATA DE ASSINATURA DO CONTRATO: 30 de Julho de 2025. ORIGEM DOS RECURSOS: CONTRATO DE REPASSE Nº 969401/2023/MINISTERIO DAS CIDADES/CAIXA ; Órgão: 03 - Sec. Mun. de Administração; Unidade: 0301 - Sec. Mun. de Administração; 04 - Administração; 04.121 - Planejamento e Orçamento; 04.121.0004 - Organização Modernização Administrativa; 04.121.0001.2.003 - Manutenção e Funcionamento da Sec. de Administração; 4.4.90.52.00 - Obras e Instalações; Órgão: 12 - Secretaria de Infraestrutura e Urbanismo; Unidade Orçamentária: 1201 - Secretaria de Infraestrutura e Urbanismo; 15 - Urbanismo; 15.122 - Administração Geral; 15.122.0270 - Infraestrutura Urbana; 15.122.0270.2.049 - Manutenção e Funcionamento da Sec. de Infraestrutura e Urbanismo; 15.451.0210.1.032 - Construção de Praças, Parques, Jardins e Portais; 4.4.90.52.00 - Obras e Instalações; BASE LEGAL: Lei Federal nº 14.133/21 e suas alterações posteriores. Heraldo Costa Gularte/Secretário Municipal, pela contratante; Evandi Lins de Freitas /empresário, pela contratada. Nina Rodrigues/MA, 30 de Julho de 2025.</p>]]></Texto>
  </body>
  <Midias />
</article></xml>