﻿<xml><article id="44732691" name="DOU_PE_030_2025_Termo de Homolog" idOficio="11155027" pubName="DO3" artType="Aviso de Homologação" pubDate="01/08/2025" artClass="00075:00015:00450:00000:00000:00000:00000:00000:00000:00000:00075:00000" artCategory="Prefeituras/Estado do Paraná/Prefeitura Municipal de Toledo" artSize="12" artNotes="" numberPage="306" pdfPage="http://pesquisa.in.gov.br/imprensa/jsp/visualiza/index.jsp?data=01/08/2025&amp;jornal=530&amp;pagina=306" editionNumber="144" highlightType="" highlightPriority="" highlight="" highlightimage="" highlightimagename="" idMateria="22887599">
  <body>
    <Identifica><![CDATA[AVISO DE HOMOLOGAÇÃO  ]]></Identifica>
    <Data><![CDATA[Em 2 de junho de 2025.]]></Data>
    <Ementa />
    <Titulo />
    <SubTitulo />
    <Texto><![CDATA[<p class="identifica">AVISO DE HOMOLOGAÇÃO</p><p class="identifica">PREGÃO ELETRÔNICO Nº 30/2025</p><p>OBJETO: Considerando a decisão da comissão julgadora; considerando, que segundo o parecer da Assessoria Jurídica o processo tramitou e seguiu os ditames da legislação pertinente, homologo o resultado da licitação na modalidade de PREGÃO ELETRÔNICO Nº 30/2025, cujo objeto é o Registro de preços, pelo período de 12 (doze) meses, para eventual aquisição de materiais de expediente, higiene e limpeza afim de atender a demanda das Secretarias Municipais de Toledo e do Fundo de Reequipamento do Corpo de Bombeiros. Serão utilizados Recursos do Ministério da Cidadania/Desenvolvimento Social, conforme Plano de Ação e Portaria nº 580/2020, e Recursos do FEAS/CEAS conforme Deliberação nº 59/2023. GABINETE DO PREFEITO DO MUNICÍPIO DE TOLEDO.</p><p class="data">Em 2 de junho de 2025.</p><p class="assina">MARIO CESAR COSTENARO</p><p class="cargo">Prefeito</p>]]></Texto>
  </body>
  <Midias />
</article></xml>