﻿<xml><article id="44719172" name="AVISO DE HOMOLOGACAO E ADJUDICAC" idOficio="11183089" pubName="DO3" artType="Aviso de Homologação e Adjudicação" pubDate="01/08/2025" artClass="00075:00007:00005:00000:00000:00000:00000:00000:00000:00000:00076:00000" artCategory="Prefeituras/Estado do Espírito Santo/Prefeitura Municipal de Água Doce do Norte" artSize="12" artNotes="" numberPage="255" pdfPage="http://pesquisa.in.gov.br/imprensa/jsp/visualiza/index.jsp?data=01/08/2025&amp;jornal=530&amp;pagina=255" editionNumber="144" highlightType="" highlightPriority="" highlight="" highlightimage="" highlightimagename="" idMateria="22935626">
  <body>
    <Identifica><![CDATA[ AVISO DE HOMOLOGAÇÃO E ADJUDICAÇÃO ]]></Identifica>
    <Data><![CDATA[ Água Doce do Norte, 30 de julho de 2025 ]]></Data>
    <Ementa />
    <Titulo />
    <SubTitulo />
    <Texto><![CDATA[<p class="identifica">AVISO DE HOMOLOGAÇÃO E ADJUDICAÇÃO</p><p class="identifica">PREGÃO ELETRÔNICO Nº 4/2025</p><p>O Município de Água Doce do Norte, Estado de Espírito Santo, inscrito no CNPJ sob o n.º 31.796.626/0001-80, torna público que o processo administrativo n.º 01447/2024, referente ao Pregão Eletrônico nº 001/2025, com base no Art. 17, inciso VII, c/c art. 71, inciso 71, da Lei Federal nº 14.133 de 01/04/2021, foi homologado e adjudicado o resultado no dia 28/07/2025, cujo objeto o Registro de Preços para futura e eventual aquisição dos Gêneros Alimentícios abaixo relacionados, para atender à Secretaria Municipal de Assistência Socia e demais departamentos pertencentes à mesma, quais sejam: CRAS (Centro de Referência de Assistência Social), Centro de Convivência e Fortalecimento de Vínculos, Programa Bolsa Família, CREAS (Centro de Referência Especializado de Assistência Social), Programa Criança Feliz e Casa de Acolhimento, para o ano de 2025, de acordo com as especificações constantes no Termo de Referência - Anexo I, do Edital e em conformidade com as propostas financeiras, apresentadas pelas as licitantes vencedoras. HOMOLOGAR e ADJUDICAR em favor das empresas: Santa Rosa Comércio de Produtos Alimentícios LTDA, inscrita no CNPJ n° 25.165.749/0001-10; NERO COMERCIO E SERVICOS LTDA inscrita no CNPJ n° 25.165.749/0001-10 e a empresa GCP COMERCIO E DISTRIBUIDORA DE PRODUTOS LTDA inscrita no CNPJ n° 25.165.749/0001-10, por terem apresentados as propostas mais vantajosas para esta municipalidade. Totalizando assim para efeito da estimativa da ata de registro de preços um valor global de R$ 334.578,10 (trezentos e trinta e quatro mil, quinhentos e setenta e oito reais e dez centavos), para o período de 12(doze) meses. Maiores informações, a partir dos dados gerais do Pregão Eletrônico, nas páginas: https://www.aguadocedonorte.es.gov.br/licitacao/?ano=2025&amp;idModalidade=7. E na página https://www.portaldecompraspublicas.com.br/.</p><p class="data">Água Doce do Norte, 30 de julho de 2025</p><p class="assina">Abraão Lincon Elizeu</p><p class="cargo">Prefeito</p>]]></Texto>
  </body>
  <Midias />
</article></xml>