﻿<xml><article id="44719613" name="RESUMO DA PUBL 3A T.A CONTRATO N" idOficio="11164510" pubName="DO3" artType="Extrato de Termo Aditivo" pubDate="01/08/2025" artClass="00074:00006:00055:00000:00000:00000:00000:00000:00000:00000:00053:00000" artCategory="Governo do Estado/Governo do Estado da Bahia/SECRETARIA DE ASSISTÊNCIA E DESENVOLVIMENTO SOCIAL" artSize="12" artNotes="" numberPage="233" pdfPage="http://pesquisa.in.gov.br/imprensa/jsp/visualiza/index.jsp?data=01/08/2025&amp;jornal=530&amp;pagina=233" editionNumber="144" highlightType="" highlightPriority="" highlight="" highlightimage="" highlightimagename="" idMateria="22904064">
  <body>
    <Identifica><![CDATA[EXTRATO DE TERMO ADITIVO]]></Identifica>
    <Data><![CDATA[]]></Data>
    <Ementa />
    <Titulo />
    <SubTitulo />
    <Texto><![CDATA[<p class="identifica">EXTRATO DE TERMO ADITIVO</p><p>Resumo do 3º Termo Aditivo Ao Contrato nº 12/2024 - Dona Flor. Processo: 093.17385.2025.0003073-81. Contratante: O Estado da Bahia, Através da Secretaria de Assistência e Desenvolvimento Social - Seades. Contratada: Lácteo Indústria de Laticínios Ltda, Cnpj: 96.846.340/0001-07. Objeto: Constitui Objeto do Presente Termo Aditivo A Prorrogação de Prazo do Contrato nº 012/2024, Por Mais Um Período de 60 (Sessenta) Dias, Contados A Partir de 24/07/2025 Até 21/09/2025, Com Fundamento No Art. 140, Ii, da Lei nº 9.433/05. Valor: O Presente Termo Aditivo Não Altera O Valor do Contrato, Pactuado Em R$ 4.576.116,00 (Quatro Milhões Quinhentos e Setenta e Seis Mil Cento e Dezesseis Reais). Assinatura: 23 de Julho de 2025. Fabya dos Reis Santos - Secretária.</p>]]></Texto>
  </body>
  <Midias />
</article></xml>