﻿<xml><article id="44719950" name="ex act cglic" idOficio="11184116" pubName="DO3" artType="Extrato" pubDate="01/08/2025" artClass="00034:00062:00000:00000:00000:00000:00000:00000:00000:00000:00170:00000" artCategory="Ministério do Meio Ambiente e Mudança do Clima/Instituto Brasileiro do Meio Ambiente e dos Recursos Naturais Renováveis" artSize="12" artNotes="" numberPage="98" pdfPage="http://pesquisa.in.gov.br/imprensa/jsp/visualiza/index.jsp?data=01/08/2025&amp;jornal=530&amp;pagina=98" editionNumber="144" highlightType="" highlightPriority="" highlight="" highlightimage="" highlightimagename="" idMateria="22936910">
  <body>
    <Identifica><![CDATA[ EXTRATO DE ACORDO DE COOPERAÇÃO TÉCNICA Nº 57/2025]]></Identifica>
    <Data><![CDATA[]]></Data>
    <Ementa />
    <Titulo />
    <SubTitulo />
    <Texto><![CDATA[<p class="identifica">EXTRATO DE ACORDO DE COOPERAÇÃO TÉCNICA Nº 57/2025</p><p>EXTRATO DE ACORDO DE COOPERAÇÃO TÉCNICA Nº 57/2025, PROCESSO SEI: 02001.031550/2023-91. ESPÉCIE: Acordo de Cooperação Técnica que entre si celebram o INSTITUTO BRASILEIRO DO MEIO AMBIENTE E DOS RECURSOS NATURAIS RENOVÁVEIS - IBAMA e o INSTITUTO DO MEIO AMBIENTE E RECURSOS HÍDRICOS - INEMA/BA. OBJETO: Delegação da execução do licenciamento ambiental do empreendimento denominado pavimentação da rodovia BR-030/BA, trecho da Divisa GO/BA até o Entroncamento com a BR-030/135 (Cocos/BA), segmento do km 0,0 ao 191,5, conforme SNV 20204A. Fundamento Legal: Inciso VI do Art. 4º e Art. 5º da Lei Complementar nº 140/2011. VIGÊNCIA: 10 (dez) anos a contar da data de publicação no Diário Oficial da União, podendo ser prorrogado, a critério dos partícipes, por meio de Termos Aditivos, desde que tal interesse seja manifestado por escrito, em até 120 (cento e vinte) dias antes do término de sua vigência. DATA DA ASSINATURA: 29.07.2025. ASSINAM: Pelo Ibama: Rodrigo Agostinho - Presidente, e pelo INEMA/BA: Maria Amélia de Coni e Moura Mattos Lins - Diretora-Geral.</p><p></p>]]></Texto>
  </body>
  <Midias />
</article></xml>