﻿<xml><article id="44721352" name="P.E. NA 38.2025" idOficio="11178444" pubName="DO3" artType="Aviso" pubDate="01/08/2025" artClass="00075:00015:00164:00000:00000:00000:00000:00000:00000:00000:00106:00000" artCategory="Prefeituras/Estado do Paraná/Prefeitura Municipal de Guarapuava" artSize="12" artNotes="" numberPage="296" pdfPage="http://pesquisa.in.gov.br/imprensa/jsp/visualiza/index.jsp?data=01/08/2025&amp;jornal=530&amp;pagina=296" editionNumber="144" highlightType="" highlightPriority="" highlight="" highlightimage="" highlightimagename="" idMateria="22926718">
  <body>
    <Identifica><![CDATA[      AVISO de Licitação]]></Identifica>
    <Data><![CDATA[ Guarapuava, 29 de julho de 2025.]]></Data>
    <Ementa />
    <Titulo />
    <SubTitulo />
    <Texto><![CDATA[<p class="identifica">AVISO de Licitação</p><p class="identifica">PREGÃO ELETRÔNICO Nº 38/2025</p><p>COM BENEFÍCIOS PARA MICRO E PEQUENAS EMPRESAS</p><p>O Município de Guarapuava, através do Departamento de Licitações e Contratos, devidamente autorizado, torna público que fará realizar a Licitação abaixo:</p><p>PROCESSO Nº: 84/2025.</p><p>OBJETO: Aquisição de veículo, com padronização visual do Ministério do Desenvolvimento Social e Combate à Fome, conforme Emenda Parlamentar nº 202430410004 - Estruturação da Rede Socioassistencial.</p><p>VALOR MÁXIMO: R$128.659,99 (Cento e vinte e oito mil, seiscentos e cinquenta e nove reais e noventa e nove centavos).</p><p>TIPO DE LICITAÇÃO: Menor Preço - Por Item.</p><p>SUPORTE LEGAL: Lei Federal nº Lei nº 14.133, de 2021, Decretos Municipais nos: 6.320/2017, 7545/2019, 9.463/2022, 9.781/2022, 10.140/2023, 10.475/2023.</p><p>SISTEMA EMPREGADO: BLL (Bolsa de Licitações e Leilões) &lt;https://bllcompras.com/&gt;.</p><p>CREDENCIAMENTO E CADASTRAMENTO DE PROPOSTAS: Ocorrerá até às 09h00min do dia 15/08/2025 (horário de Brasília (DF)).</p><p>ABERTURA DE PROPOSTAS E DISPUTA POR LANCES: A sessão pública terá início a partir do encerramento do prazo estabelecido para credenciamento e cadastramento de propostas.</p><p>PREGOEIRA: Valéria Sierdovski Gavanski Silva.</p><p>EQUIPE DE APOIO: Annelise Aparecida Chimanske Oliveira e Elaine Cristina França Oliveira.</p><p>INFORMAÇÕES: O Edital e seus anexos, bem como a íntegra do processo poderão ser obtidos: Pelo Portal da Transparência: &lt;https://guarapuava.atende.net/?pg=transparencia#!/grupo/1/item/1/tipo/1&gt;; ou No Departamento de Licitações e Contratos, sito à Rua Brigadeiro Rocha, 2.777 - 1° andar - CEP: 85.010-990. Telefones (42) 3142-1047 - 3142-1048, de segunda a sexta-feira, das 08h00 às 17h00 e (42) 3142-1051 (WhatsApp).</p><p class="data">Guarapuava, 29 de julho de 2025.</p><p></p><p class="assina">ADLIMARA REGINA RUIZ</p><p class="cargo">Diretora de Licitações e Contratos</p>]]></Texto>
  </body>
  <Midias />
</article></xml>