﻿<xml><article id="44720007" name="EXTRATO DE CONTRATO PREGAO 70-20" idOficio="11184428" pubName="DO3" artType="Extrato de Contrato" pubDate="01/08/2025" artClass="00075:00011:00070:00000:00000:00000:00000:00000:00000:00000:00030:00000" artCategory="Prefeituras/Estado do Mato Grosso do Sul/Prefeitura Municipal de Mundo Novo" artSize="12" artNotes="" numberPage="268" pdfPage="http://pesquisa.in.gov.br/imprensa/jsp/visualiza/index.jsp?data=01/08/2025&amp;jornal=530&amp;pagina=268" editionNumber="144" highlightType="" highlightPriority="" highlight="" highlightimage="" highlightimagename="" idMateria="22937266">
  <body>
    <Identifica><![CDATA[ EXTRATO DE CONTRATO]]></Identifica>
    <Data><![CDATA[]]></Data>
    <Ementa />
    <Titulo />
    <SubTitulo />
    <Texto><![CDATA[<p class="identifica">EXTRATO DE CONTRATO</p><p>Contrato nº 149/2025</p><p>Processo nº 139/2025</p><p>Partes: PREFEITURA MUNICIPAL DE MUNDO NOVO - MS e a Empresa SANITOP COMERCIAL LTDA</p><p>Objeto: Constitui o objeto da presente licitação a aquisição de pulverizador costal, motopoda telescópica, roçadeira lateral e soprador costal, visando atender ao Convênio Transferegov n° 950063/2023 e Programa 5200020230035 Calha Norte, que entre si celebram a União, por Intermédio do Ministério da Defesa e o Município de Mundo Novo/MS com a finalidade de aquisição de bens permanentes, e de acordo com as especificações e quantidades constantes no anexo I - Termo de Referência deste edital.</p><p>Desp. 53 - GESTÃO DAS ATIVIDADES DA SECRETARIA DE AGRICULTURA - 04.001.20.606.0001.2014.4.4.90.52.00 / 1.700.0000 - Outras Transferências de Convênios ou Instrumentos Congêneres da União</p><p>Valor: R$ 3.900,00 (três mil e novecentos reais)</p><p>Vigência: 25/07/2025 à 25/07/2026</p><p>Data da Assinatura: 25/07/2025</p><p>Fundamento Legal: Decreto Municipal 4.563/2024 e 4.564/2024 Leis Federais nº 14.133/2021 e 123/2006.</p><p>Assinam: Rosária de Fatima Ivantes Lucca Andrade, pela contratante Luís Fernando Stresser, pela contratada</p>]]></Texto>
  </body>
  <Midias />
</article></xml>