﻿<xml><article id="44720325" name="16 - Concorrencia" idOficio="11184288" pubName="DO3" artType="Aviso de Licitação-Concorrência" pubDate="01/08/2025" artClass="00075:00009:00154:00000:00000:00000:00000:00000:00000:00000:00159:00000" artCategory="Prefeituras/Estado do Maranhão/Prefeitura Municipal de Nina Rodrigues" artSize="12" artNotes="" numberPage="263" pdfPage="http://pesquisa.in.gov.br/imprensa/jsp/visualiza/index.jsp?data=01/08/2025&amp;jornal=530&amp;pagina=263" editionNumber="144" highlightType="" highlightPriority="" highlight="" highlightimage="" highlightimagename="" idMateria="22937131">
  <body>
    <Identifica><![CDATA[ AVISO DE LICITAÇÃO]]></Identifica>
    <Data><![CDATA[ Nina Rodrigues/MA, 30 de Julho  de  2025.]]></Data>
    <Ementa />
    <Titulo />
    <SubTitulo />
    <Texto><![CDATA[<p></p><p class="identifica">AVISO DE LICITAÇÃO</p><p class="identifica">CONCORRÊNCIA ELETRÔNICA nº 12/2025</p><p>O Agente de Contratação Oficial da Prefeitura Municipal de Nina Rodrigues Estado do Maranhão, torna público, para conhecimento dos interessados que fará realizar, sob a égide da Lei n.º 14.133/21 e suas alterações posteriores, licitação na modalidade Concorrência Eletrônica, do tipo menor preço global, cujo objeto é a contratação de empresa de engenharia para executar serviços de conclusão de uma escola de 04 salas na zona rural deste Município, que será realizado no dia 19 de Agosto de 2025, ás 09h00 horas (horário de Brasília), através do uso de recursos da tecnologia da informação, https://licitar.digital/, sendo presidida pelo Agente de Contratação desta Prefeitura Municipal, na sala da Comissão Permanente de Licitação, Centro, de Nina Rodrigues/MA. O edital e seus anexos encontram-se disponíveis no endereço eletrônico do Portal de Nina Rodrigues em https://licitar.digital/. Esclarecimentos adicionais no mesmo endereço eletrônico, das 08:00 as Julho 12:00hs.</p><p class="data">Nina Rodrigues/MA, 30 de Julho de 2025.</p><p class="assina">Raimundo Nonato Silva Junior.</p><p class="cargo">Agente de Contratação</p>]]></Texto>
  </body>
  <Midias />
</article></xml>