﻿<xml><article id="44721866" name="1. SUMULA PE 08-25 DOU" idOficio="11178465" pubName="DO3" artType="Aviso de Licitação" pubDate="01/08/2025" artClass="00073:03111:00000:00000:00000:00000:00000:00000:00000:00000:00078:00000" artCategory="Ineditoriais/CONSÓRCIO INTERMUNICIPAL DO AGRESTE ALAGOANO CONAGRESTE" artSize="12" artNotes="" numberPage="227" pdfPage="http://pesquisa.in.gov.br/imprensa/jsp/visualiza/index.jsp?data=01/08/2025&amp;jornal=530&amp;pagina=227" editionNumber="144" highlightType="" highlightPriority="" highlight="" highlightimage="" highlightimagename="" idMateria="22926728">
  <body>
    <Identifica><![CDATA[ AVISO DE LICITAÇÃO]]></Identifica>
    <Data><![CDATA[]]></Data>
    <Ementa />
    <Titulo />
    <SubTitulo />
    <Texto><![CDATA[<p class="identifica">AVISO DE LICITAÇÃO</p><p class="identifica">PREGÃO ELETRÔNICO Nº 8/2025 - SRP</p><p>OBJETO: Registro de Preços para futura e eventual Contratação de empresa especializada no fornecimento de solução integrada, para a implantação do projeto de inclusão de crianças com Transtorno do Espectro Autista (TEA), TDAH e TOD, com fornecimento de material didático, formação de professores e acompanhamento pedagógico.</p><p>ABERTURA: 18 de agosto de 2025, às 10:00h (horário local).</p><p>INFORMAÇÕES: o pregão será realizado pela plataforma de Compras do CONAGRESTE (Licitar Digital) link de acesso: https://minhaconta.conagreste.al.gov.br/oauth2/in/ ; e link de cadastro: https://app2-compras.conagreste.al.gov.br/cadastro/ , maiores informações no e-mail: conagreste.contratacoes@gmail.com.</p><p class="assina">JAMES MARLAN FERREIRA BARBOSA</p><p class="cargo">Presidente</p>]]></Texto>
  </body>
  <Midias />
</article></xml>