﻿<xml><article id="44720496" name="Homologacao edital 016_2025" idOficio="11171599" pubName="DO3" artType="Aviso de Homologação e Adjudicação" pubDate="01/08/2025" artClass="00075:00020:00062:00000:00000:00000:00000:00000:00000:00000:00076:00000" artCategory="Prefeituras/Estado do Rio de Janeiro/Prefeitura Municipal de Miracema" artSize="12" artNotes="" numberPage="317" pdfPage="http://pesquisa.in.gov.br/imprensa/jsp/visualiza/index.jsp?data=01/08/2025&amp;jornal=530&amp;pagina=317" editionNumber="144" highlightType="" highlightPriority="" highlight="" highlightimage="" highlightimagename="" idMateria="22916385">
  <body>
    <Identifica><![CDATA[AVISO DE ADJUDICAÇÃO E HOMOLOGAÇÃO  Concorrência eletrônica Nº 16/2025.]]></Identifica>
    <Data><![CDATA[ Miracema, 22 de julho de 2025.]]></Data>
    <Ementa />
    <Titulo />
    <SubTitulo />
    <Texto><![CDATA[<p class="identifica">AVISO DE ADJUDICAÇÃO E HOMOLOGAÇÃO Concorrência eletrônica Nº 16/2025.</p><p>Extrato de Adjudicação e Homologação. Processo licitatório: 2025.17396-9 - Modalidade: Concorrência eletrônica - EDITAL: 016/2025. Objeto: Construção de Unidade Básica de Saúde (UBS) tipo 1.</p><p>A Prefeita Municipal de Miracema/RJ, Sra. Maria Alessandra Leite Freire, no uso de suas atribuições legais, resolve adjudicar e homologar o resultado do julgamento do respectivo processo licitatório em favor da(s) empresa(s), nos seguintes valores: (1) ROME INCORPORADORA LTDA - CNPJ: 30.233.144/0001-59, no valor total de R$ 1.644.886,29.</p><p class="data">Miracema, 22 de julho de 2025.</p><p class="assina">Maria Alessandra Leite Freire</p><p class="cargo">Prefeita</p>]]></Texto>
  </body>
  <Midias />
</article></xml>