﻿<xml><article id="44727566" name="EXTRATO_143_25_RESULTADO_DE_PREG" idOficio="11149919" pubName="DO3" artType="Extrato" pubDate="01/08/2025" artClass="00075:00012:00701:00000:00000:00000:00000:00000:00000:00000:00170:00000" artCategory="Prefeituras/Estado de Minas Gerais/Prefeitura Municipal de Montes Claros" artSize="12" artNotes="" numberPage="276" pdfPage="http://pesquisa.in.gov.br/imprensa/jsp/visualiza/index.jsp?data=01/08/2025&amp;jornal=530&amp;pagina=276" editionNumber="144" highlightType="" highlightPriority="" highlight="" highlightimage="" highlightimagename="" idMateria="22878517">
  <body>
    <Identifica><![CDATA[RESULTADO DE JULGAMENTO Pregão Eletrônico  nº 96/2024]]></Identifica>
    <Data><![CDATA[ Montes Claros-MG, 17 de julho de 2025.]]></Data>
    <Ementa />
    <Titulo />
    <SubTitulo />
    <Texto><![CDATA[<p></p><p class="identifica">RESULTADO DE JULGAMENTO Pregão Eletrônico nº 96/2024</p><p>Extrato nº 143/2025 - Resultado do Pregão Eletrônico nº 96/2024</p><p>A gestora da ata de registro de preços, na forma da Lei Federal n.º 14.133/2021, torna público o resultado final do processo licitatório identificado: Processo nº 237/2024 - Pregão Eletrônico: 096/2024 - Objeto: Registro de preço para futura e eventual aquisição de gás liquefeito de petróleo em botijão de 13 quilos - glp (sem vasilhame), atendendo a demanda das secretarias do município de Montes Claros - MG. Detentora da ata: Ata 195 - Royal Revendedora de Gás Ltda, inscrita no CNPJ: 46.118.205/0001-77. Valor Global: R$ 103.566,14 - Assinatura da Ata por meio digital em 11/07/2024 - Vigência: A partir da sua assinatura até o dia 17 de julho de 2025. A íntegra das Atas de Registro de Preço encontra-se disponível na página da Prefeitura Municipal de Montes Claros na Internet no endereço: &lt;https://licitacoes.montesclaros.mg.gov.br/atas-de-registro-de-precos&gt;.</p><p class="data">Montes Claros-MG, 17 de julho de 2025.</p><p class="assina">Leylianne Souto Rocha</p><p class="cargo">Agente de Contratação</p>]]></Texto>
  </body>
  <Midias />
</article></xml>