﻿<xml><article id="44719632" name="EXTRATO DE TERMO ADITIVO - CONTR" idOficio="11167391" pubName="DO3" artType="Extrato de Termo Aditivo" pubDate="01/08/2025" artClass="00028:00045:00000:00000:00000:00000:00000:00000:00000:00000:00053:00000" artCategory="Ministério da Fazenda/Casa da Moeda do Brasil" artSize="12" artNotes="" numberPage="87" pdfPage="http://pesquisa.in.gov.br/imprensa/jsp/visualiza/index.jsp?data=01/08/2025&amp;jornal=530&amp;pagina=87" editionNumber="144" highlightType="" highlightPriority="" highlight="" highlightimage="" highlightimagename="" idMateria="22909208">
  <body>
    <Identifica><![CDATA[ Extrato de Termo Aditivo]]></Identifica>
    <Data><![CDATA[]]></Data>
    <Ementa />
    <Titulo />
    <SubTitulo />
    <Texto><![CDATA[<p class="identifica">Extrato de Termo Aditivo</p><p>Espécie: Primeiro Termo Aditivo ao Contrato nº 1460/2024; para prestação de serviços de administração, intermediação e fornecimento de benefícios alimentação e refeição, preferencialmente em CARTÃO ÚNICO pré-pago aos empregados da CMB - Casa da Moeda do Brasil, por meio de abastecimento em créditos mensais, sendo estes cumulativos, celebrado entre a Casa da Moeda do Brasil - CMB e Alelo Instituição de Pagamento S.A., inscrita no CNPJ sob o nº 04.740.876/0001-25; processo nº 18750.001348/2024-82; oriundo de Credenciamento nº 0001/2023; referente a alteração no valor dos benefícios concedidos aos empregados da CMB, alterando o valor do vale alimentação de R$ 492,15 para R$ 650,00, bem como o vale refeição, passando de R$ 40,00 para R$ 60,00, em função dos Acordos Coletivos de Trabalho (ACT) de 2023/2024 e 2024/2025, alteração na quantidade de cartões fornecidos de vale alimentação de 110 para 73 cartões, valor global do contrato, a partir de 01/05/2025, passando o valor global do contrato de R$ 3.987.390,00 para R$ 4.128.314,80; Enquadramento Legal: Artigo 72, da Lei nº 13.303/16; Valor do Aditivo: R$ 3.164.640,00 (três milhões, cento e sessenta e quatro mil, seiscentos e quarenta reais); Recurso Orçamentário: "Despesas de Pessoal", constante dos exercícios de 2025 a 2029. Assinado em 24/07/2025; assinam pela CMB: Carlos Martins Martins de Santana - Presidente em Exercício e Thiago Marçal Portela - Diretor; e pela Contratada: Márcio Alves Alencar e Silvio Lopes - Procuradores.</p>]]></Texto>
  </body>
  <Midias />
</article></xml>