﻿<xml><article id="44727368" name="PUBavsINEX2025" idOficio="11172592" pubName="DO3" artType="Aviso de Inexigibilidade de Licitação" pubDate="01/08/2025" artClass="00075:00012:00349:00000:00000:00000:00000:00000:00000:00000:00077:00000" artCategory="Prefeituras/Estado de Minas Gerais/Prefeitura Municipal de Coronel Fabriciano" artSize="12" artNotes="" numberPage="272" pdfPage="http://pesquisa.in.gov.br/imprensa/jsp/visualiza/index.jsp?data=01/08/2025&amp;jornal=530&amp;pagina=272" editionNumber="144" highlightType="" highlightPriority="" highlight="" highlightimage="" highlightimagename="" idMateria="22918084">
  <body>
    <Identifica><![CDATA[ Resultado de JULGAMENTO]]></Identifica>
    <Data><![CDATA[ Coronel Fabriciano - MG, 28 de julho de 2025. ]]></Data>
    <Ementa />
    <Titulo />
    <SubTitulo />
    <Texto><![CDATA[<p class="identifica">Resultado de JULGAMENTO</p><p class="identifica">Inexigibilidade de Licitação nº 20/2025</p><p>Processo de Compra n.º 229/2025 - Processo Licitatório n.º 130/2025</p><p>Objeto: Contratação da empresa MARIANA GOMEZ DE SOUZA DISTRIBUIDORA, para fornecimento do Programa de Educação Climática, a Turma do Pererê, para estudantes e professores do Município de Coronel Fabriciano/MG, em atendimento à Secretaria de Governança Educacional e Cultura, no valor global de R$ 258.177,00 (duzentos e cinquenta e oito mil, cento e setenta e sete reais), tendo como fonte de receita, Recursos não Vinculados de Impostos, nos termos do art. 74, inciso III, alínea "f", da Lei Federal nº 14.133/21, com suas alterações posteriores.</p><p class="data">Coronel Fabriciano - MG, 28 de julho de 2025.</p><p class="assina">Paulo Valadares da Silva</p><p class="cargo">Agente de Contratação</p>]]></Texto>
  </body>
  <Midias />
</article></xml>