﻿<xml><article id="44728874" name="715-12a_PUBLICACAO_ DE_REGISTRO_" idOficio="11163858" pubName="DO3" artType="Aviso" pubDate="01/08/2025" artClass="00073:04617:01364:00000:00000:00000:00000:00000:00000:00000:00106:00000" artCategory="Ineditoriais/Faculdade PECEGE" artSize="12" artNotes="" numberPage="228" pdfPage="http://pesquisa.in.gov.br/imprensa/jsp/visualiza/index.jsp?data=01/08/2025&amp;jornal=530&amp;pagina=228" editionNumber="144" highlightType="" highlightPriority="" highlight="" highlightimage="" highlightimagename="" idMateria="22902714">
  <body>
    <Identifica><![CDATA[AVISO]]></Identifica>
    <Data><![CDATA[ Piracicaba-SP, 23 de julho de 2025.]]></Data>
    <Ementa />
    <Titulo />
    <SubTitulo />
    <Texto><![CDATA[<p class="identifica">AVISO</p><p class="identifica">REGISTRO DE DIPLOMAS</p><p>A Faculdade Pecege mantida pelo Instituto de Pesquisas e Educação Continuada em Economia e Gestão de Empresas - CNPJ 19.412.795/0001-73, para fins do disposto no art. 21 da Portaria MEC n° 1.095, de 25 de outubro de 2018, informa que foi registrado 04 [quatro] diplomas no período de 29/04/2025, no seguinte livro de registro e sequências numéricas: Livro 03 - Registros 27846, 27847, 27848 e 27849. A relação dos diplomas registrados poderá ser consultada em até quinze dias, no endereço https://faculdade.pecege.com/</p><p class="data">Piracicaba-SP, 23 de julho de 2025.</p><p class="assina">DANIEL YOKOYAMA SONODA</p><p class="cargo">Diretor</p>]]></Texto>
  </body>
  <Midias />
</article></xml>