﻿<xml><article id="44727935" name="Contrato - 245122-Pregao-SEDE 20" idOficio="11169231" pubName="DO3" artType="Extrato de Contrato" pubDate="01/08/2025" artClass="00028:00047:00000:00000:00000:00000:00000:00000:00000:00000:00030:00000" artCategory="Ministério da Fazenda/Serviço Federal de Processamento de Dados" artSize="12" artNotes="" numberPage="87" pdfPage="http://pesquisa.in.gov.br/imprensa/jsp/visualiza/index.jsp?data=01/08/2025&amp;jornal=530&amp;pagina=87" editionNumber="144" highlightType="" highlightPriority="" highlight="" highlightimage="" highlightimagename="" idMateria="22913349">
  <body>
    <Identifica><![CDATA[ EXTRATO DE CONTRATO Nº 245122/2025- UASG 803010]]></Identifica>
    <Data><![CDATA[]]></Data>
    <Ementa />
    <Titulo />
    <SubTitulo />
    <Texto><![CDATA[<p class="identifica">EXTRATO DE CONTRATO Nº 245122/2025- UASG 803010</p><p>Processo Nº: SERPRO-PMP-2025/00022. Pregão Nº: 00602/2025. Contratante: SERVIÇO FEDERAL DE PROCESSAMENTO DE DADOS (SERPRO). CNPJ da Contratada: 03.535.902/0009-78 - DECISION SERVIÇOS DE TECNOLOGIA DA INFORMAÇÃO LTDA. Objeto: Aquisição de Drive de Fita padrão LTO-9 com garantia técnica e expansão de licenciamento de slots para Fitoteca Quantum Scalar i6. Data da Assinatura: 25/07/2025. Vigência: 25/07/2025 a 05/03/2028. Valor total estimado: R$ 2.252.856,88.</p>]]></Texto>
  </body>
  <Midias />
</article></xml>