﻿<xml><article id="44737025" name="2025-07-28/11173379/COMPRASNETWS" idOficio="11173379" pubName="DO3" artType="Extrato de Apostilamento" pubDate="01/08/2025" artClass="00025:00082:00000:00000:00000:00000:00000:00000:00000:00000:00141:00001" artCategory="Ministério da Educação/Instituto Federal de Educação, Ciência e Tecnologia de Santa Catarina" artSize="12" artNotes="" numberPage="49" pdfPage="http://pesquisa.in.gov.br/imprensa/jsp/visualiza/index.jsp?data=01/08/2025&amp;jornal=530&amp;pagina=49" editionNumber="144" highlightType="" highlightPriority="" highlight="" highlightimage="" highlightimagename="" idMateria="22919510">
  <body>
    <Identifica><![CDATA[ EXTRATO DE APOSTILAMENTO Nº 5/2025 - UASG 158516]]></Identifica>
    <Data><![CDATA[]]></Data>
    <Ementa />
    <Titulo />
    <SubTitulo />
    <Texto><![CDATA[<p class="identifica">EXTRATO DE APOSTILAMENTO Nº 5/2025 - UASG 158516</p><p>Número do Contrato: 75/2022.</p><p>Nº Processo: 23292.018008/2022-73.</p><p>Contratante: INST.FED.DE EDUC.,CIENC.E TEC.DE STA.CAT/IFSC. Contratado: 00.482.840/0001-38 - LIDERANCA LIMPEZA E CONSERVACAO LTDA. Objeto: Repactuação e reajuste de preços.. Vigência: 08/09/2022 a 08/03/2026. Valor Total Atualizado do Contrato: R$ 4.515.955,20. Data de Assinatura: 14/07/2025.</p><p>(COMPRASNET 4.0 - 14/07/2025).</p>]]></Texto>
  </body>
  <Midias />
</article></xml>