﻿<xml><article id="44729358" name="DOU EXCL2025-5070024-02" idOficio="11178620" pubName="DO3" artType="Extrato de Inexigibilidade de Licitação" pubDate="01/08/2025" artClass="00073:04862:08125:00000:00000:00000:00000:00000:00000:00000:00040:00000" artCategory="Ineditoriais/Fundação de Apoio à Tecnologia e Ciência" artSize="12" artNotes="" numberPage="228" pdfPage="http://pesquisa.in.gov.br/imprensa/jsp/visualiza/index.jsp?data=01/08/2025&amp;jornal=530&amp;pagina=228" editionNumber="144" highlightType="" highlightPriority="" highlight="" highlightimage="" highlightimagename="" idMateria="22927012">
  <body>
    <Identifica><![CDATA[ EXTRATO DE INEXIGIBILIDADE DE LICITAÇÃO]]></Identifica>
    <Data><![CDATA[]]></Data>
    <Ementa />
    <Titulo />
    <SubTitulo />
    <Texto><![CDATA[<p class="identifica">EXTRATO DE INEXIGIBILIDADE DE LICITAÇÃO</p><p>Contrato: 108/2024. Projeto: "Pro infra rs.". OBJETO: Passagens e desp. de locomoção. FORNECEDOR: PLANALTO TRANSPORTES LTDA (95.592.077/0001-04). VALOR: R$ 299,00. LEI 14.133/21, ARTIGO 74II. MAIARA SILVA(Com. Licitações).</p>]]></Texto>
  </body>
  <Midias />
</article></xml>