﻿<xml><article id="44722187" name="ATO AVISO DE EDITAL PREGAO ELETR" idOficio="11181892" pubName="DO3" artType="Aviso de Licitação" pubDate="01/08/2025" artClass="00075:00024:00325:00000:00000:00000:00000:00000:00000:00000:00078:352025" artCategory="Prefeituras/Estado de São Paulo/Prefeitura Municipal de Guarujá" artSize="12" artNotes="" numberPage="324" pdfPage="http://pesquisa.in.gov.br/imprensa/jsp/visualiza/index.jsp?data=01/08/2025&amp;jornal=530&amp;pagina=324" editionNumber="144" highlightType="" highlightPriority="" highlight="" highlightimage="" highlightimagename="" idMateria="22932339">
  <body>
    <Identifica><![CDATA[ AVISO DE LICITAÇÃO ]]></Identifica>
    <Data><![CDATA[ Guarujá - SP, 29 de Julho de 2025.]]></Data>
    <Ementa />
    <Titulo />
    <SubTitulo />
    <Texto><![CDATA[<p class="identifica">AVISO DE LICITAÇÃO</p><p class="identifica">PREGÃO ELETRÔNICO Nº 35/2025</p><p>Processo Administrativo nº 55844/2024</p><p>Objeto da Licitação: Registro de Preços para a aquisição de material de higiene pessoal necessário para a realização de higiene pessoal dos usuários atendidos pela Secretaria de Desenvolvimento e Assistência Social e Secretaria de Educação do Município de Guarujá.</p><p>Tipo: Menor Preço por Item Modo de Disputa: Aberto Endereço Eletrônico: www.gov.br/comprasou www.comprasnet.gov.br UASG nº: 986475 Data de Disponibilização do Edital: 05/08/2025</p><p>Data e Hora da Abertura da Sessão Pública: 15/08/2025 às 9h30 (Horário Oficial de Brasília - DF)</p><p>Diretoria de Compras e Licitações Telefone: (13) 33087000 ramal 7110 E-mail: pregao.guaruja@gmail.com</p><p>O Município de Guarujá, através da Secretaria de Desenvolvimento e Assistência Social, TORNA PÚBLICO que na data, horário elocal acima assinalado, fará realizar licitação, na modalidade Pregão Eletrônico, com critério de julgamento de acordo com o Edital. O Edital na íntegra e seus anexos poderão ser obtidos gratuitamente no site www.guaruja.sp.gov.br, através do link "Serviços Online"; "Sistema de Licitações", ou no site www.comprasnet.gov.br.</p><p class="data">Guarujá - SP, 29 de Julho de 2025.</p><p class="assina">Antonio Fidalgo Salgado Neto</p><p class="cargo">Secretário Municipal de Desenvolvimento e Assistência Social</p>]]></Texto>
  </body>
  <Midias />
</article></xml>