﻿<xml><article id="44719427" name="Edital de Licitacao Pregao Eletr" idOficio="11181874" pubName="DO3" artType="Aviso de Licitação-Pregão" pubDate="01/08/2025" artClass="00075:00005:00513:00001:00000:00000:00000:00000:00000:00000:00162:00000" artCategory="Prefeituras/Estado da Bahia/Prefeitura Municipal de Vitória da Conquista/Secretaria de Administração" artSize="12" artNotes="" numberPage="250" pdfPage="http://pesquisa.in.gov.br/imprensa/jsp/visualiza/index.jsp?data=01/08/2025&amp;jornal=530&amp;pagina=250" editionNumber="144" highlightType="" highlightPriority="" highlight="" highlightimage="" highlightimagename="" idMateria="22932370">
  <body>
    <Identifica><![CDATA[AVISO DE RETIFICAÇÃO ]]></Identifica>
    <Data><![CDATA[]]></Data>
    <Ementa />
    <Titulo />
    <SubTitulo />
    <Texto><![CDATA[<p class="identifica">AVISO DE RETIFICAÇÃO</p><p>Edital de Licitação Pregão Eletrônico nº 037/2025</p><p>Processo n.º03.421/2025 - O MUNICÍPIO DE VITÓRIA DA CONQUISTA - BAHIA, através da PREGOEIRA DA LICITAÇÃO, consoante atribuições previstas na legislação vigente, torna público a RETIFICAÇÃO da PUBLICAÇÃO PREGÃO ELETRÔNICO 037/2025, consoante descrito abaixo, procedimento administrativo cujo resumo do edital foi publicado no Diário Oficial Do Município, Ano 18, Edição 4.013, terça, do dia 22 de julho de 2025, Páginas 04 de 19, no Diário Oficial da União, Seção 3, nº 135, segunda-feira, do dia 21 de julho de 2025, no Jornal Tribuna da Bahia, cidade, quinta, do dia 17 de julho de 2025, página 6 e no Diário Oficial do Estado da Bahia, Caderno Municípios, quinta, do dia 17 de julho de 2025 - ANO CIX-Nº 24.195 nos seguintes termos. Onde se lê: "PREGÃO ELETRÔNICO SRP N.º 037/2025", Leia-se: "PREGÃO ELETRÔNICO N.º 037/2025,". Pregoeira responsável: Valdirene Alves Macedo.</p><p class="assina">Romar Souza Barros</p><p class="cargo">Secretário Municipal de Gestão e Inovação</p>]]></Texto>
  </body>
  <Midias />
</article></xml>