﻿<xml><article id="44724971" name="Boletim 006-25 - Publicacao DOU" idOficio="11171595" pubName="DO3" artType="Extrato de Termo Aditivo" pubDate="01/08/2025" artClass="00075:00019:00515:00000:00000:00000:00000:00000:00000:00000:00053:00000" artCategory="Prefeituras/Estado do Rio Grande do Sul/Prefeitura Municipal de Sapiranga" artSize="12" artNotes="ok" numberPage="314" pdfPage="http://pesquisa.in.gov.br/imprensa/jsp/visualiza/index.jsp?data=01/08/2025&amp;jornal=530&amp;pagina=314" editionNumber="144" highlightType="" highlightPriority="" highlight="" highlightimage="" highlightimagename="" idMateria="22916380">
  <body>
    <Identifica><![CDATA[ Extratos de termos aditivos ]]></Identifica>
    <Data><![CDATA[]]></Data>
    <Ementa />
    <Titulo />
    <SubTitulo />
    <Texto><![CDATA[<p class="identifica">Extratos de termos aditivos</p><p>Espécie: 6º Alt CPS Nº 110/2023-17/06/2025-Aditivo no valor de R$ 132.398,29, sendo: (R$ 79.402,78 de material e R$ 52.995,51 de mão de obra) e a supressão, no valor de R$ 160.096,69, empenho nº 12538/2023, sendo: (R$ 96.058,81 de material e R$ 64.037,88 de mão de obra), na execução das obras de ampliação e reforma do Palácio das Rosas (conforme Operação de Crédito com o Banco do Brasil nº 20/00500-8), Coenge Eng. e Construções Ltda-Concorrência Pública n° 002/2023.</p><p>Espécie: 2º Alt CPS Nº 453/2023-24/06/2025-Aditivo no valor de R$ 237.273,33 sendo R$ 182.427,17 de material e R$ 54.846,16 de mão de obra, e a supressão no valor de R$ 262.329,80 do empenho nº 24598/2023, na execução das obras de pavimentação asfáltica, conforme Contrato de Financiamento nº0623.237-47/2023 - Programa de Financiamento à Infraestrutura e ao Saneamento - Caixa Econômica Federal - FINISA, (capeamento asfáltico e alargamento da rua Major Bento Alves e capeamento asfáltico das ruas Grande e Cruz Alta), Construtora e Pavimentadora Pavicon Ltda-Concorrência Pública n° 005/2023.</p><p>Espécie: 1º Alt CPS Nº 427/2024-27/06/2025- Aditivo no valor de R$ 17.860,14, e Supressão no valor de R$ 2.595,73, na execução de reforma interna da Biblioteca Municipal Edwin Kuwer, conforme Plano Anual de Aplicação dos Recursos - PAAR, instrumento previsto na Lei da Política Nacional Aldir Blanc - PNAB-nº 14.399/2022, Patrícia Braga Barcelos - Concorrência Eletrônica nº. 022/2024.</p><p class="identifica">EXTRATOS DE CONTRATOS</p><p>Espécie: Contrato de Prestação de Serviços Nº 226/2025-09/06/2025-Prestação dos serviços de mão de obra c/ fornecimento de todos os materiais necessários a serem empregados, sob o regime de empreitada por preço global, na execução de reforma e ampliação do Centro Municipal de Proteção e Bem-Estar Animal (CEMPRA), conforme convênio FPE nº 4801/2024 - Projeto Melhores Amigos - Secretaria do Meio Ambiente e Infraestrutura - SEMA - RS, BP Construções e Projetos Ltda-R$ 76.900,00-Exec 04 meses-Concorrência Eletrônica nº 006/2025.</p><p>Espécie: Contrato de Prestação de Serviços Nº 228/2025-09/06/2025-Prestação dos serviços de mão de obra c/ fornecimento de todos os materiais necessários a serem empregados, sob o regime de empreitada por preço global, na execução de iluminação no Campo Pinheirinho-D'Villa, conforme convênio nº 5465/2024-Avançar+Ilumina Esporte-Secretaria do Esporte e Lazer-SEL/RS, Casa Top Empreend. Imob. e Fabricação de Lajes para Construção Ltda-R$ 118.900,00-12 meses-Concorrência Eletrônica nº 007/2025.</p><p>Espécie: Contrato de Prestação de Serviços Nº 258/2025-20/06/2025-Prestação dos serviços de mão de obra com o fornecimento de todos os materiais necessários a serem empregados, sob o regime de empreitada por preço unitário, na execução das obras de pavimentação asfáltica do acesso à Casa do Agricultor, conforme emendas parlamentares - Transferências Especiais, Construtora e Pav. Pavicon Ltda-R$ 627.448,51-Exec 03 meses-Concorrência Eletrônica nº 009/2025.</p><p>Espécie: Contrato de Prestação de Serviços Nº 259/2025-20/06/2025-Prestação dos serviços de mão de obra com o fornecimento de todos os materiais necessários a serem empregados, sob o regime de empreitada por preço unitário, na execução das obras de pavimentação asfáltica na Rua Monte Carlo, trechos da curva da Pedreira e Estrada do Herval, conforme emendas parlamentares - Transferências Especiais, Construtora e Pav. Pavicon Ltda-R$ 1.202.212,56-Exec 04 meses-Concorrência Eletrônica nº 009/2025.</p><p>Espécie: Contrato de Fornecimento Nº 225/2025-04/06/2025-Aquisição de veículo Pick-Up Cabine Dupla 4x4 a Diesel, para atender a Secretaria Municipal de Saúde, sendo os recursos oriundos do Governo Federal através do Programa Vigilância Desastres proposta nº 11295120000124010/2024, Mitpégasus Veículos Ltda-R$ 265.000,00-120 dias-Pregão Eletrônico nº 023/2025.</p><p>Espécie: Contratos de Fornecimentos Nº 235 até 240-242 até 254/2025-16/06/2025-fornecimento de equipamentos de informática, eletrônicos e materiais para manutenção do Departamento de Tecnologia, sendo os recursos da Secretaria de Saúde oriundos de saldo da Emenda Parlamentar nº 28580006 e das Emendas Parlamentares n° 41160007 e 4116003, recursos da Secretaria de Educação oriundos do FNDE Programa Escola em Tempo Integral: ATMSUL Com de Eletroeletrônicos Ltda -R$ 28.020,50/ Império Com e Serv Ltda- R$ 70.947,78/ Aclara Com de Inform Ltda - R$ 38.974,00/ M F Martins Inform Ltda - R$ 84.737,80/ Computech Inform Ltda - R$ 46.200,00/ Eltec Tecnologia Ltda - R$ 301.276,90/ GRN Conectividade Ltda- R$ 4.547,05/ Tarick Karim Khader- R$ 710,13/ Alpha Commerce Ltda-R$ 1.390,00/ Nash Tech Distrib Ltda - R$ 3.290,00/ All In Soluções Tecnológicas Ltda-R$ 2.977,00/ Eletroquip Com e Licitações Ltda - R$ 27.950,00/ CSI Soluções Comerciais e Industriais Ltda - R$ 82.258,06/ AGCM Atacad de Eletrônicos Ltda- R$ 8.232,80/ Sabio Com e Serv Ltda - R$ 2.527,30/ FAP Tecnologia e Soluções Ltda- R$ 15.906,00/ Pison Equips de Inform Ltda - R$ 6.390,00/ Augusto &amp; Coimbra Ltda - R$ 52.422,00/ Amena Climatização Ltda - R$ 28.120,68/-30 dias-Pregão Eletrônico nº 095/2025.Todas as demais condições estabelecidas no contrato original permanecem inalteradas. Sapiranga, 4 de Julho de 2025.</p>]]></Texto>
  </body>
  <Midias />
</article></xml>