﻿<xml><article id="44720650" name="AVISO CHP 001-2025" idOficio="11184884" pubName="DO3" artType="Aviso" pubDate="01/08/2025" artClass="00075:00002:00099:00000:00000:00000:00000:00000:00000:00000:00106:00000" artCategory="Prefeituras/Estado de Alagoas/Prefeitura Municipal de Piranhas" artSize="12" artNotes="" numberPage="238" pdfPage="http://pesquisa.in.gov.br/imprensa/jsp/visualiza/index.jsp?data=01/08/2025&amp;jornal=530&amp;pagina=238" editionNumber="144" highlightType="" highlightPriority="" highlight="" highlightimage="" highlightimagename="" idMateria="22938524">
  <body>
    <Identifica><![CDATA[ AVISO DE CHAMAMENTO PÚBLICO  Nº 1/2025]]></Identifica>
    <Data><![CDATA[]]></Data>
    <Ementa />
    <Titulo />
    <SubTitulo />
    <Texto><![CDATA[<p class="identifica">AVISO DE CHAMAMENTO PÚBLICO Nº 1/2025</p><p>PROCESSO ADMINISTRATIVO N.º 07010228/2025 OBJETO: PRÉ-QUALIFICAR EMPRESA/CONSÓRCIO DO RAMO DA CONSTRUÇÃO CIVIL PARA APRESENTAÇÃO DE PROPOSTA À INSTITUIÇÃO FINANCEIRA PARA CONSTRUÇÃO DE HABITAÇÃO DE INTERESSE SOCIAL, PARA FAMÍLIAS COM RENDA MENSAL DE ATÉ R$ 2.640,00 (DOIS MIL SEISCENTOS E QUARENTA REAIS), NO ÂMBITO DO PROGRAMA MINHA CASA, MINHA VIDA - PMCMV DO MUNICIPÍO DE PIRANHAS/AL. ENTREGA DA DOCUMENTAÇÃO: ENVELOPES presencial, por e-mail da licitação ou via postal NA SEDE DA PREFEITURA na PIRANHAS. A Comissão de Contratação poderá receber envelopes encaminhados pelo correio, SEDEX ou correlatos, todavia, não assumirá nenhuma responsabilidade sobre os enviados por estes meios. EDITAL E ANEXOS: Acesso a este edital e seus anexos a partir da publicação no endereço eletrônico: https://transparencia.piranhas.al.gov.br/ e pelo e-mail: licitacoespiranhas@gmail.com.DO PRAZO DE INSCRIÇÃO PARA O CREDENCIAMENTO: O prazo de inscrição se inicia no dia 04/08/2025, sessão pública e analise de documentação no dia 25/08/2025, 10:00 horas. Chamamento permanecerá aberto pelo período de 12 (doze) meses.</p><p class="assina">Wellington Pinto Oliveira</p><p class="cargo">Presidente da Comissão de Contratação</p>]]></Texto>
  </body>
  <Midias />
</article></xml>