﻿<xml><article id="44719911" name="AVISO LICIT REPUB P.E 003-2025" idOficio="11184871" pubName="DO3" artType="Aviso" pubDate="01/08/2025" artClass="00075:00013:00215:00022:00000:00000:00000:00000:00000:00000:00106:00000" artCategory="Prefeituras/Estado do Pará/Prefeitura Municipal de Santarém/SECRETARIA MUNICIPAL DE GOVERNO" artSize="12" artNotes="" numberPage="288" pdfPage="http://pesquisa.in.gov.br/imprensa/jsp/visualiza/index.jsp?data=01/08/2025&amp;jornal=530&amp;pagina=288" editionNumber="144" highlightType="" highlightPriority="" highlight="" highlightimage="" highlightimagename="" idMateria="22938499">
  <body>
    <Identifica><![CDATA[ AVISO DE LICITAÇÃO  ]]></Identifica>
    <Data><![CDATA[]]></Data>
    <Ementa />
    <Titulo />
    <SubTitulo />
    <Texto><![CDATA[<p class="identifica">AVISO DE LICITAÇÃO</p><p class="identifica">Pregão Eletrônico SRP nº 3/2025 - SEMG</p><p>REPUBLICAÇÃO</p><p>Objeto: contratação de empresa especializada em serviço de locação de embarcação tipo lancha e barco para atender as necessidades/demandas da secretaria municipal de governo - SEMG (sede, prefeitura e unidades vinculadas. Disponibilidade do edital: 31/07/2025 no endereço eletrônico: www.portaldecompraspublicas.com.br ou www.santarem.pa.gov.br Início de entrega das propostas: 31/07/2025 no site www.portaldecompraspublicas.com.br. Abertura das propostas: 19/08/2025 às 09 h no site www.portaldecompraspublicas.com.br</p><p class="assina">Brian Lima dos Santos</p><p class="cargo">Pregoeiro</p>]]></Texto>
  </body>
  <Midias />
</article></xml>