﻿<xml><article id="44722619" name="Publicacao DOU 30-07" idOficio="11182600" pubName="DO3" artType="Aviso de Licitação" pubDate="01/08/2025" artClass="00075:00019:00067:00000:00000:00000:00000:00000:00000:00000:00078:00000" artCategory="Prefeituras/Estado do Rio Grande do Sul/Prefeitura Municipal de Bento Gonçalves" artSize="12" artNotes="" numberPage="312" pdfPage="http://pesquisa.in.gov.br/imprensa/jsp/visualiza/index.jsp?data=01/08/2025&amp;jornal=530&amp;pagina=312" editionNumber="144" highlightType="" highlightPriority="" highlight="" highlightimage="" highlightimagename="" idMateria="22934880">
  <body>
    <Identifica><![CDATA[ AVISO DE LICITAÇÃO CONCORRÊNCIA ELETRÔNICA Nº 19/2025]]></Identifica>
    <Data><![CDATA[]]></Data>
    <Ementa />
    <Titulo />
    <SubTitulo />
    <Texto><![CDATA[<p class="identifica">AVISO DE LICITAÇÃO CONCORRÊNCIA ELETRÔNICA Nº 19/2025</p><p>O Municipio de Bento Goncalves comunica a abertura da seguinte licitacao: CONCORRÊNCIA ELETRÔNICA Nº 019/2025. Objeto: Contratacao de empresa especializada para elaboracao dos projetos executivos e para execucao de obra de contencao na Rua Luis Casemiro Francio, com fornecimento de mao de obra e dos materiais necessarios. Data de abertura: 18/08/2025, as 08h30min na plataforma do Pregao Online Banrisul (https://pregaobanrisul.com.br/). Processo: 233/2025. Edital e Anexos encontram-se disponiveis no site www.bentogoncalves.rs.gov.br. Informacoes pelo telefone (54) 3055-7438/7439.</p><p class="assina">ELISIANE SCHENATO</p><p class="cargo">p/ Secretaria Municipal de Financas</p>]]></Texto>
  </body>
  <Midias />
</article></xml>