﻿<xml><article id="44721136" name="Documento" idOficio="11136192" pubName="DO3" artType="Aviso de Licitação" pubDate="01/08/2025" artClass="00075:00020:00087:00003:00003:00000:00000:00000:00000:00000:00078:00000" artCategory="Prefeituras/Estado do Rio de Janeiro/Prefeitura Municipal do Rio de Janeiro/Secretaria Municipal de Obras/Fundação Instituto das Águas do Municipio do Rio de Janeiro" artSize="12" artNotes="" numberPage="317" pdfPage="http://pesquisa.in.gov.br/imprensa/jsp/visualiza/index.jsp?data=01/08/2025&amp;jornal=530&amp;pagina=317" editionNumber="144" highlightType="" highlightPriority="" highlight="" highlightimage="" highlightimagename="" idMateria="22853995">
  <body>
    <Identifica><![CDATA[ AVISO DE LICITAÇÃO CONCORRÊNCIA Nº 90028/2025]]></Identifica>
    <Data><![CDATA[ Rio de Janeiro-RJ, 11 de julho de 2025.]]></Data>
    <Ementa />
    <Titulo />
    <SubTitulo />
    <Texto><![CDATA[<p class="identifica">AVISO DE LICITAÇÃO CONCORRÊNCIA Nº 90028/2025</p><p>Processo n. º AGU-PRO-2024/00624. OBJETO: OBRAS DE CONSTRUÇÃO DO TÚNEL HIDRÁULICO MARACANÃ - JOANA E MELHORIAS NOS SISTEMAS DE DRENAGENS DAS SUB-BACIAS HIDROGRÁFICAS DOS RIOS TRAPICHEIROS, MARACANÃ E JOANA QUE COMPÕEM A BACIA DO CANAL DO MANGUE -TIJUCA, VIII RA, AP 2.2. A COMISSÃO PERMANENTE DE LICITAÇÃO comunica que fica o certame marcado para o dia 11 de agosto de 2025, às 10:30h. Informa, ainda, o local de retirada do Edital: pelo site www.comprasnet.gov.br - UASG: 986001 e https://ecomprasrio.rio.rj.gov.br/editais/editais.asp. Informações adicionais poderão ser obtidas pelo e-mail dafglc.rioaguas@prefeitura.rio</p><p class="data">Rio de Janeiro-RJ, 11 de julho de 2025.</p><p class="assina">Wanderson José dos Santos</p><p class="cargo">Presidente da Comissão</p>]]></Texto>
  </body>
  <Midias />
</article></xml>