﻿<xml><article id="44722004" name="ATAS P.E.R.P. 037.25 SALGADOS." idOficio="11165529" pubName="DO3" artType="Ata" pubDate="01/08/2025" artClass="00075:00024:00109:00000:00000:00000:00000:00000:00000:00000:00003:00000" artCategory="Prefeituras/Estado de São Paulo/PREFEITURA MUNICIPAL DE BASTOS" artSize="12" artNotes="" numberPage="322" pdfPage="http://pesquisa.in.gov.br/imprensa/jsp/visualiza/index.jsp?data=01/08/2025&amp;jornal=530&amp;pagina=322" editionNumber="144" highlightType="" highlightPriority="" highlight="" highlightimage="" highlightimagename="" idMateria="22905285">
  <body>
    <Identifica><![CDATA[  EXTRATOS DE REGISTROS DE PREÇOS]]></Identifica>
    <Data><![CDATA[]]></Data>
    <Ementa />
    <Titulo />
    <SubTitulo />
    <Texto><![CDATA[<p class="identifica">EXTRATOS DE REGISTROS DE PREÇOS</p><p>EXTRATOS DE ATAS DE REGISTRO DE PREÇOS - PREGÃO ELETRÔNICO Nº 37/2025;</p><p>OBJETO: AQUISIÇÃO DE SALGADOS, PÃES E BOLOS DESTINADOS A VÁRIOS SETORES DA MUNICIPALIDADE;</p><p>CONTRATANTE: Prefeitura do Município de Bastos;</p><p>Nº. DA ATA: 188/2025. DETENTORA DA ATA: OSVALDO CLIMACO PEREIRA &amp; CIA LTDA - VALOR TOTAL: R$ 364.689,00;</p><p>Nº. DA ATA: 189/2025. DETENTORA DA ATA: DANIEL SALGADOS BASTOS LTDA - VALOR TOTAL: R$ 875.180,00;</p><p>Nº. DA ATA: 190/2025. DETENTORA DA ATA: 55.084.605 PATRICIA SILVA TEIXEIRA - VALOR TOTAL: R$ 374.405,79; VIGÊNCIA: 21/07/2025 À 20/07/2026.</p><p></p>]]></Texto>
  </body>
  <Midias />
</article></xml>