﻿<xml><article id="44719812" name="Comunicado - CONCORRENCIA NA 003" idOficio="11162591" pubName="DO3" artType="Comunicado" pubDate="01/08/2025" artClass="00074:00023:00002:00000:00000:00000:00000:00000:00000:00000:00113:00000" artCategory="Governo do Estado/Governo do Estado de Roraima/SECRETARIA DE ESTADO DE LICITAÇÃO E CONTRATAÇÃO" artSize="12" artNotes="" numberPage="236" pdfPage="http://pesquisa.in.gov.br/imprensa/jsp/visualiza/index.jsp?data=01/08/2025&amp;jornal=530&amp;pagina=236" editionNumber="144" highlightType="" highlightPriority="" highlight="" highlightimage="" highlightimagename="" idMateria="22900025">
  <body>
    <Identifica><![CDATA[RESULTADO DE JULGAMENTO ]]></Identifica>
    <Data><![CDATA[ Em 22 de julho de 2025.]]></Data>
    <Ementa />
    <Titulo />
    <SubTitulo />
    <Texto><![CDATA[<p class="identifica">RESULTADO DE JULGAMENTO</p><p class="identifica">CONCORRÊNCIA Nº 3/2025</p><p>ANÁLISE DA PROPOSTA DE PREÇOS e DA HABILITAÇÃO</p><p>LICITAÇÃO: CONCORRÊNCIA Nº 003/2025</p><p>PROCESSO Nº 17101.005009/2024.57</p><p>EDITAL NO PNCP Nº 32/2025 - Código da UASG nº 930800</p><p>OBJETO: "Contratação de Empresa Especializada em Engenharia Civil para Execução de Obras de Construção de Quadras Escolares Cobertas e com Vestiários, Padrão FNDE Modelo 2, dividida em 3 (três) lotes, sendo: Lote I - Construção de Quadra Escolar Poliesportiva Coberta com Vestiário - Padrão FNDE Modelo 2, do Colégio Estadual Militarizado Aldébaro José Alcântara, no Município do Bonfim-RR, (Termo de Compromisso Nº 202200360-1); Lote II - Construção de Quadra Escolar Poliesportiva Coberta com Vestiário - Padrão FNDE Modelo 2, da Escola Estadual José Aureliano da Costa, no Município do Cantá-RR, (Termo de Compromisso Nº 202200359-1); e Lote III - Construção de Quadra Escolar Poliesportiva Coberta com Vestiário - Padrão FNDE Modelo 2, da Escola Estadual Joaquim Nabuco, no Município de Uiramutã-RR, (Termo de Compromisso Nº 202200341-1)".</p><p>A Comissão Permanente de Contratação da Secretaria de Estado de Licitação e Contratação - SELC, torna público o resultado da habilitação no certame licitatório em referência e declara, após análise do rol documental, conforme a Ata de Julgamento (E.p. 18429736), que a empresa AROEIRA CONSTRUÇÕES EIRELI-ME, CNPJ: 03.641.472/0001-11, encontra-se HABILITADA para o Lote III.</p><p>Por restar o menor preço, e atender aos requisitos do Edital da Concorrência nº 003/2025, fica declarada VENCEDORA do presente certame:</p><p>Lote III: A empresa AROEIRA CONSTRUÇÕES EIRELI-ME, CNPJ: 03.641.472/0001-11, com valor global de R$ 1.759.467,03 (um milhão setecentos e cinquenta e nove mil, quatrocentos e sessenta e sete reais e três centavos), com prazo de execução dos serviços de 180 (cento e oitenta) dias, cuja proposta apresenta deságio de 5% em relação ao orçamento cotado pela Administração.</p><p>Assim, fica aberto o prazo de 03 (três) dias úteis, contados da data da última publicação deste comunicado, em observância ao artigo 165, inciso I, § 1º da Lei 14.133/21, para apresentação de recursos apenas para o Lote III, e findado este, estará automaticamente aberto igual prazo para apresentação das contrarrazões pelos interessados.</p><p>Os autos digitais do processo encontram-se com vista franqueada aos interessados, podendo ser requerido por e-mail, através do correio eletrônico: coelic@selc.rr.gov.br, ou por requerimento diretamente no Protocolo da Secretaria de Estado de Licitação e Contratação - SELC, localizada na Av. Nossa Senhora da Consolata, 472 - Centro, CEP: 69.301-011, Boa Vista-RR, no horário das 7h30 às 13h30 em dia normal de expediente.</p><p class="data">Em 22 de julho de 2025.</p><p class="assina">WALTER LEITE JUNIOR</p><p class="cargo">Presidente da Comissão Permanente de Contratação - SELC</p>]]></Texto>
  </body>
  <Midias />
</article></xml>