﻿<xml><article id="44721415" name="040 incon 2" idOficio="11171850" pubName="DO3" artType="Aviso de Licitação" pubDate="01/08/2025" artClass="00075:00014:00141:00000:00000:00000:00000:00000:00000:00000:00078:00000" artCategory="Prefeituras/Estado da Paraíba/PREFEITURA MUNICIPAL DE MASSARANDUBA" artSize="12" artNotes="" numberPage="294" pdfPage="http://pesquisa.in.gov.br/imprensa/jsp/visualiza/index.jsp?data=01/08/2025&amp;jornal=530&amp;pagina=294" editionNumber="144" highlightType="" highlightPriority="" highlight="" highlightimage="" highlightimagename="" idMateria="22916750">
  <body>
    <Identifica><![CDATA[ AVISO DE LICITAÇÃO PREGÃO ELETRÔNICO Nº 40/2025]]></Identifica>
    <Data><![CDATA[ Massaranduba - PB, 25 de Julho de 2025.]]></Data>
    <Ementa />
    <Titulo />
    <SubTitulo />
    <Texto><![CDATA[<p class="identifica">AVISO DE LICITAÇÃO PREGÃO ELETRÔNICO Nº 40/2025</p><p>OBJETO: AQUISIÇÃO DE MAQUINAS E EQUIPAMENTOS PARA O MUNICÍPIO DE MASSARANDUBA - PB. Data da sessão 13/08/2025. Horário de abertura das propostas: 09:00 horas. (Horário de Brasília). Local: www.portaldecompraspublicas.com.br/18. Edital: www.portaldecompraspublicas.com.br/18; www.massaranduba.pb.gov.br e www.tce.pb.gov.br. Informações no horário das 07h as 13h.</p><p class="data">Massaranduba - PB, 25 de Julho de 2025.</p><p class="assina">ADRIANO DE MACENA DE SOUZA</p><p class="cargo">Pregoeiro</p>]]></Texto>
  </body>
  <Midias />
</article></xml>