﻿<xml><article id="44735092" name="3. EXTRATO_5_T_ADT_PROR_VIG_EXEC" idOficio="11183900" pubName="DO3" artType="Extrato de Termo Aditivo" pubDate="01/08/2025" artClass="00075:00003:00008:00000:00000:00000:00000:00000:00000:00000:00053:00000" artCategory="Prefeituras/Estado do Amapá/Prefeitura Municipal de Macapá" artSize="12" artNotes="" numberPage="239" pdfPage="http://pesquisa.in.gov.br/imprensa/jsp/visualiza/index.jsp?data=01/08/2025&amp;jornal=530&amp;pagina=239" editionNumber="144" highlightType="" highlightPriority="" highlight="" highlightimage="" highlightimagename="" idMateria="22936592">
  <body>
    <Identifica><![CDATA[ EXTRATO DE termo aditivo]]></Identifica>
    <Data><![CDATA[]]></Data>
    <Ementa />
    <Titulo />
    <SubTitulo />
    <Texto><![CDATA[<p class="identifica">EXTRATO DE termo aditivo</p><p>5º TERMO ADITIVO DA PRORROGAÇÃO DE PRAZO DE EXECUÇÃO E VIGÊNCIA AO CONTRATO N°044/2023 - SEMOB/PMM</p><p>Processo nº 3401.0555/2025 - SEMOB/PMM. Convênio n° 888936/2019. EMPRESA ALFA SERVIÇOS E EMPREENDIMENTOS LTDA, CNPJ: 37.513.080/0001-99. Cláusula Terceira - da prorrogação do prazo de execução: Fica prorrogada a execução do Contrato pelo prazo de 180 (cento e oitenta) dias, a partir de 05/07/2025 até 01/01/2026. CLÁUSULA QUARTA - DA PRORROGAÇÃO DA VIGÊNCIA: Fica prorrogada a vigência do Contrato pelo prazo de 180 (cento e oitenta) dias, a partir de 05/07/2025 até 01/01/2026.</p><p></p>]]></Texto>
  </body>
  <Midias />
</article></xml>