﻿<xml><article id="44722529" name="Extrato de Contrato DL 014-2025 " idOficio="11184260" pubName="DO3" artType="Extrato de Contrato" pubDate="01/08/2025" artClass="00075:00013:00223:00000:00000:00000:00000:00000:00000:00000:00030:00000" artCategory="Prefeituras/Estado do Pará/Prefeitura Municipal de São Félix do Xingu" artSize="12" artNotes="" numberPage="288" pdfPage="http://pesquisa.in.gov.br/imprensa/jsp/visualiza/index.jsp?data=01/08/2025&amp;jornal=530&amp;pagina=288" editionNumber="144" highlightType="" highlightPriority="" highlight="" highlightimage="" highlightimagename="" idMateria="22937083">
  <body>
    <Identifica><![CDATA[ Extrato de contrato]]></Identifica>
    <Data><![CDATA[]]></Data>
    <Ementa />
    <Titulo />
    <SubTitulo />
    <Texto><![CDATA[<p></p><p class="identifica">Extrato de contrato</p><p>Contrato n° 20250342 - DISPENSA DE LICITAÇÃO N° 014/2025 - Contratante: FUNDO MUNICIPAL DE ASSISTÊNCIA SOCIAL - Contratado: AUTO TAVEIRA ROCHA LIMA Objeto: CONTRATAÇÃO DE EMPRESA ESPECIALIZADA EM FORNECIMENTO DE CAMISETA PERSONALIZADA PARA EVENTOS E AÇOES DA SECRETARIA EXECUTIVA MUNICIPAL DE TRABALHO E PROMOÇÃO SOCIAL DO MUNICIPIO DE SÃO FÉLIX DO XINGU/PA Vigência: 16/07/2025 a 31/12/2025 - Valor Global: R$ 51.800,00 (cinquenta e um mil, oitocentos reais) - Data da Assinatura: 16/07/2025.</p><p></p>]]></Texto>
  </body>
  <Midias />
</article></xml>