﻿<xml><article id="44720553" name="COM0014130_2025" idOficio="11165494" pubName="DO3" artType="Aviso de Penalidade" pubDate="01/08/2025" artClass="00035:00056:00001:00000:00000:00000:00000:00000:00000:00000:00081:00000" artCategory="Ministério de Minas e Energia/Petróleo Brasileiro S.A./Petrobrás" artSize="12" artNotes="" numberPage="105" pdfPage="http://pesquisa.in.gov.br/imprensa/jsp/visualiza/index.jsp?data=01/08/2025&amp;jornal=530&amp;pagina=105" editionNumber="144" highlightType="" highlightPriority="" highlight="" highlightimage="" highlightimagename="" idMateria="22905341">
  <body>
    <Identifica><![CDATA[ AVISO DE PENALIDADE Nº  PAR-PB.002.00003/2024]]></Identifica>
    <Data><![CDATA[]]></Data>
    <Ementa />
    <Titulo />
    <SubTitulo />
    <Texto><![CDATA[<p class="identifica">AVISO DE PENALIDADE Nº PAR-PB.002.00003/2024</p><p>ATA DA 385ª REUNIÃO DO COMITÊ DE INTEGRIDADE, PAUTA CI 45-2025, DE 15 DE JULHO DE 2025.</p><p>O COMITÊ DE INTEGRIDADE DA PETROBRAS (CI), no exercício das atribuições que lhe confere o art. 8º, §1º da Lei nº 12.846/2013, o DOU nº 125, Seção 2, pág. 52, de 07/07/2025, o item 4.1 do Regimento Interno do CI, decide, diante da ausência de elementos novos aptos a alterar as conclusões, pela manutenção das sanções administrativas aplicadas à DANLEX SERVIÇOS LTDA. (DANLEX), CNPJ nº 07.503.564/0001-96, as sanções administrativas: i) multa, no valor de R$ 3.352.088,02 (três milhões, trezentos e cinquenta e dois mil, oitenta e oito reais e dois centavos), conforme previsto no art. 6º, inciso I, da Lei nº 12.846/13; ii) publicação extraordinária da decisão condenatória, conforme previsto no art. 6º, inciso II, da Lei nº 12.846/13, c/c art. 19º, II, do Decreto 11.129/2022; e iii) suspensão de participação em licitação, impedimento de contratar com a Petrobras e suspensão e impedimento de inscrição cadastral, pelo prazo de 12 (doze) meses, conforme art. 205 e art. 206, III, c/c art. 209 e art.210, II, do RLCP.</p><p class="assina">Yoon Jung Kim</p><p class="cargo">Comitê de Integridade da Petrobras</p><p class="assina">Roberta Guasti Porto</p><p class="cargo">Comitê de Integridade da Petrobras</p><p class="assina">Viviane do Nascimento Pereira Sá</p><p class="cargo">Comitê de Integridade da Petrobras</p>]]></Texto>
  </body>
  <Midias />
</article></xml>