﻿<xml><article id="44718761" name="Convocacoes Juliano e Cluadia" idOficio="11181867" pubName="DO3" artType="Edital de Convocação" pubDate="01/08/2025" artClass="00071:00600:00000:00000:00000:00000:00000:00000:00000:00000:00058:00000" artCategory="Entidades de Fiscalização do Exercício das Profissões Liberais/CONSELHO REGIONAL DOS TÉCNICOS INDUSTRIAIS DA 4ª REGIÃO" artSize="12" artNotes="" numberPage="219" pdfPage="http://pesquisa.in.gov.br/imprensa/jsp/visualiza/index.jsp?data=01/08/2025&amp;jornal=530&amp;pagina=219" editionNumber="144" highlightType="" highlightPriority="" highlight="" highlightimage="" highlightimagename="" idMateria="22932282">
  <body>
    <Identifica><![CDATA[edital ]]></Identifica>
    <Data><![CDATA[]]></Data>
    <Ementa />
    <Titulo />
    <SubTitulo />
    <Texto><![CDATA[<p class="identifica">edital</p><p class="identifica">CONVOCAÇÃO de candidatos</p><p>O Conselho Regional dos Técnicos Industriais da 4ª Região - CRT04 PR/SC, representado por seu Presidente, Técnico em Eletrônica Waldir Aparecido Rosa, no uso de suas atribuições, considerando o Concurso Público 01/2024 (Edital nº 1, de 19 de fevereiro de 2024) para provimento de vagas e formação de cadastro reserva para cargos de nível médio, nível técnico e nível superior, de homologação publicada em 05/08/2024 no Diário Oficial da União, CONVOCA os seguintes candidatos:</p><p>Agente de Fiscalização - Estado SC - Cota PCD</p><p>1º Colocado - JULIANO SALVADOR PEREIRA DE MATOS, inscrição nº 671.02548208/1</p><p>Lotação: CHAPECÓ/SC</p><p>Agente de Fiscalização - Estado SC - Ampla Concorrência</p><p>11º Colocado - CLAUDIA MARIA ACOSTA, inscrição nº 671.02548161/5</p><p>Lotação: CHAPECÓ/SC</p><p>Comparecer à Rua Fernando Machado 411 SL 205 - Centro - Chapecó/SC, em até 15 dias corridos a partir da data desta convocação, para entrega da documentação de admissão conforme os requisitos do Item 3 e Anexo II (item 2.1) do Edital. Após a verificação da documentação entregue será feito o agendamento dos exames médicos. A contratação será em regime de experiência, conforme art. 445 único da Consolidação das Leis do Trabalho (CLT), e conforme previsto no item 1.6 do Edital supracitado.</p><p class="assina">WALDIR APARECIDO ROSA</p><p class="cargo">Presidente</p>]]></Texto>
  </body>
  <Midias />
</article></xml>