﻿<xml><article id="44719043" name="ATO EXTRATO DE ORDEM DE FORNECIM" idOficio="11184716" pubName="DO3" artType="Aviso" pubDate="01/08/2025" artClass="00075:00013:00100:00000:00000:00000:00000:00000:00000:00000:00106:00000" artCategory="Prefeituras/Estado do Pará/Prefeitura Municipal de Aveiro" artSize="12" artNotes="" numberPage="282" pdfPage="http://pesquisa.in.gov.br/imprensa/jsp/visualiza/index.jsp?data=01/08/2025&amp;jornal=530&amp;pagina=282" editionNumber="144" highlightType="" highlightPriority="" highlight="" highlightimage="" highlightimagename="" idMateria="22937671">
  <body>
    <Identifica><![CDATA[ EXTRATO DE ORDEM DE FORNECIMENTO Nº 202500039]]></Identifica>
    <Data><![CDATA[]]></Data>
    <Ementa />
    <Titulo />
    <SubTitulo />
    <Texto><![CDATA[<p class="identifica">EXTRATO DE ORDEM DE FORNECIMENTO Nº 202500039</p><p>CONTRATO nº 20250140. CONCORRÊNCIA nº 001/2025. CONTRATANTE: FUNDO MUNICIPAL DE EDUCAÇÃO. CNPJ nº. 06.125.175/0001-01. OBJETO: Contratação de empresa para construção de creche e escola de educação infantil, no bairro morrinho, município de Aveiro/PA - FNDE - creche tipo 1, conforme termo de compromisso nº 959993/2024 - operação 1093846-26 e estudo técnico preliminar, projeto, planilha orçamentária, especificações técnicas, memorial descritivo e cronograma físico-financeiro. CONTRATADO: CASTRO &amp; PESSOA LTDA. CNPJ N° 19.110.167/0001-33. Valor Global R$ 6.300.000,00 (seis milhões e trezentos mil reais). PRAZO DE EXECUÇÃO: 300 dias. Antônio Elidio da Freita. Ordenador de Despesas.</p>]]></Texto>
  </body>
  <Midias />
</article></xml>