﻿<xml><article id="44718863" name="diversos_35_2025" idOficio="11183868" pubName="DO3" artType="Aviso de Licitação" pubDate="01/08/2025" artClass="00071:00142:00000:00000:00000:00000:00000:00000:00000:00000:00078:00000" artCategory="Entidades de Fiscalização do Exercício das Profissões Liberais/Conselho Regional de Contabilidade do Paraná" artSize="12" artNotes="" numberPage="212" pdfPage="http://pesquisa.in.gov.br/imprensa/jsp/visualiza/index.jsp?data=01/08/2025&amp;jornal=530&amp;pagina=212" editionNumber="144" highlightType="" highlightPriority="" highlight="" highlightimage="" highlightimagename="" idMateria="22936511">
  <body>
    <Identifica><![CDATA[ EXTRATO DE TERMO ADITIVO]]></Identifica>
    <Data><![CDATA[]]></Data>
    <Ementa />
    <Titulo />
    <SubTitulo />
    <Texto><![CDATA[<p class="identifica">EXTRATO DE TERMO ADITIVO</p><p>ESPÉCIE: Aditivo. Origem: Procedimento nº 45/2023. Objeto: Contratação de serviços terceirizados de Analista Publicitário - Repactuação. Cedente: CRCPR. Cessionário: DIRETIVA PATRIMONIAL LTDA. Fundamento: art. 65, inciso II, alínea d, da Lei nº 8.666/93. Valor mensal repactuado: R$ 7.681,37. Assinatura: 23/07/2025.</p><p class="identifica">AVISO DE LICITAÇÃO</p><p class="identifica">PREGÃO ELETRÔNICO CRCPR Nº 38/2025</p><p>Objeto: Contratação de serviço de limpeza de fachada, carpetes e estofados. Tipo: Menor valor por item. Entrega das propostas: até 15/08/2025, às 08h45. Abertura das propostas e início da sessão: 15/08/2025, às 09h00, por meio do Sistema Compras.Gov. Informações gerais: O edital poderá ser consultado nos sites www.crcpr.org.br e www.compras.gov.br (UASG 925154).</p><p class="assina">VICTORIA ROSSINI ANDREIU</p><p class="cargo">Pregoeira</p>]]></Texto>
  </body>
  <Midias />
</article></xml>