﻿<xml><article id="44719830" name="Concorrencia 001.2025rep" idOficio="11184008" pubName="DO3" artType="Aviso de Licitação-Concorrência" pubDate="01/08/2025" artClass="00075:00009:00228:00000:00000:00000:00000:00000:00000:00000:00159:00000" artCategory="Prefeituras/Estado do Maranhão/Prefeitura Municipal de São Pedro da Água Branca" artSize="12" artNotes="" numberPage="264" pdfPage="http://pesquisa.in.gov.br/imprensa/jsp/visualiza/index.jsp?data=01/08/2025&amp;jornal=530&amp;pagina=264" editionNumber="144" highlightType="" highlightPriority="" highlight="" highlightimage="" highlightimagename="" idMateria="22936736">
  <body>
    <Identifica><![CDATA[ AVISO DE LICITAÇÃO ]]></Identifica>
    <Data><![CDATA[São Pedro da Água Branca (MA), 29 de julho de 2025.]]></Data>
    <Ementa />
    <Titulo />
    <SubTitulo />
    <Texto><![CDATA[<p class="identifica">AVISO DE LICITAÇÃO</p><p class="identifica">CONCORRÊNCIA ELETRÔNICA N° 1/2025</p><p>(REPUBLICAÇÃO) PORTAL DE COMPRAS PUBLICAS</p><p>O Município de São Pedro da Água Branca/MA, com sede na Avenida Presidente Geisel, 581, Centro. CEP: 65920-000 - São Pedro da Água Branca/MA, através do seu Agente de Contratação, instituído pela Portaria nº 025/2025 - GAB/PREFEITO de 06 de Janeiro de 2025, torna público que, com base na Lei Federal n° 14.133/2021, regulamentada pelo Decreto Municipal nº 002/2024, Lei Complementar n° 123/2006, regulamentado pelo Decreto n° 003/2021 e demais normas atinentes à espécie, realizará às 09:00hs (nove horas) do dia 18 de agosto de 2025, a licitação na modalidade CONCORRÊNCIA, na forma ELETRÔNICA, do tipo (Menor Preço), GLOBAL, objetivando a contratação de empresa de engenharia para execução dos serviços de construção de uma Creche Tipo 2, no Município de São Pedro da Agua Branca - MA, conforme proposta nº 26298007339/2023. Este Edital e seus anexos estão à disposição dos interessados no endereço supra, de 2ª a 6ª feira, no horário das 08:00hs (oito horas) ás 12:00hs (doze horas) e de 14:00hs (catorze) às 18:00hs (dezoito), onde poderão ser consultados gratuitamente ou obtidos por meio digital pela internet, através do nosso endereço eletrônico no site: https://www.saopedrodaaguabranca.ma.gov.br , no site do PORTAL DE COMPRAS PUBLICAS https://www.portaldecompraspublicas.com.br/ ou no Portal Nacional de Contratações Públicas - PNCP através do endereço: http://www.gov.br/pncp/pt-br. Esclarecimentos adicionais, no mesmo endereço.</p><p class="data">São Pedro da Água Branca (MA), 29 de julho de 2025.</p><p class="assina">Valdenilson de Sousa Costa</p><p class="cargo">Agente de Contratação.</p>]]></Texto>
  </body>
  <Midias />
</article></xml>