﻿<xml><article id="44727362" name="RES DOU PE10_024" idOficio="11172592" pubName="DO3" artType="Resultado de Julgamento de Licitação" pubDate="01/08/2025" artClass="00075:00012:00349:00000:00000:00000:00000:00000:00000:00000:00158:00000" artCategory="Prefeituras/Estado de Minas Gerais/Prefeitura Municipal de Coronel Fabriciano" artSize="12" artNotes="" numberPage="272" pdfPage="http://pesquisa.in.gov.br/imprensa/jsp/visualiza/index.jsp?data=01/08/2025&amp;jornal=530&amp;pagina=272" editionNumber="144" highlightType="" highlightPriority="" highlight="" highlightimage="" highlightimagename="" idMateria="22918086">
  <body>
    <Identifica><![CDATA[ RESULTADO DE LICITAÇÃO]]></Identifica>
    <Data><![CDATA[ Coronel Fabriciano - MG, 25 de julho de 2025. ]]></Data>
    <Ementa />
    <Titulo />
    <SubTitulo />
    <Texto><![CDATA[<p class="identifica">RESULTADO DE LICITAÇÃO</p><p class="identifica">Pregão Eletrônico Nº 10/2025</p><p>Processo de Compra n.° 003/2025 - Processo Licitatório n.° 011/2025</p><p>Objeto: Aquisição de gêneros alimentícios do tipo pães, em atendimento à Secretaria de Governança Educacional e Cultura para o ano 2025, tendo como fonte de receita: Recursos não Vinculados de Impostos. Comunicamos que após a publicação do resultado anterior, houve-se a necessidade de nova abertura de manifestação de intenção de recorrer, que sucedeu novos acontecimentos, gerando assim um novo resultado ao certame. Portanto, comunicamos que as vencedoras do referido processo foram as proponentes: TAVARES E XAVIER LTDA, referente ao item 02; M &amp; L PANIFICAÇÃO E COMÉRCIO DE ALIMENTOS LTDA, referente aos itens 03 e 04 e SANTONELY PANIFICADOS LTDA, referente ao item 05. O item 01 restou-se fracassado. Os itens 06 à 09 foram anulados.</p><p class="data">Coronel Fabriciano - MG, 25 de julho de 2025.</p><p class="assina">Débora Késia Siriano Silva</p><p class="cargo">Agente de Contratação</p>]]></Texto>
  </body>
  <Midias />
</article></xml>