﻿<xml><article id="44732931" name="DOU_0661_2022_05A Aditivo" idOficio="11153832" pubName="DO3" artType="Extrato de Termo Aditivo" pubDate="01/08/2025" artClass="00075:00015:00450:00000:00000:00000:00000:00000:00000:00000:00053:00000" artCategory="Prefeituras/Estado do Paraná/Prefeitura Municipal de Toledo" artSize="12" artNotes="" numberPage="305" pdfPage="http://pesquisa.in.gov.br/imprensa/jsp/visualiza/index.jsp?data=01/08/2025&amp;jornal=530&amp;pagina=305" editionNumber="144" highlightType="" highlightPriority="" highlight="" highlightimage="" highlightimagename="" idMateria="22885820">
  <body>
    <Identifica><![CDATA[EXTRATO DE  TERMO ADITIVO]]></Identifica>
    <Data><![CDATA[]]></Data>
    <Ementa />
    <Titulo />
    <SubTitulo />
    <Texto><![CDATA[<p class="identifica">EXTRATO DE TERMO ADITIVO</p><p>Espécie: 5º TERMO ADITIVO AO CONTRATO Nº 661/2022</p><p>CONTRATANTE: MUNICIPIO DE TOLEDO</p><p>CONTRATADA: VICAR INVESTIMENTOS LTDA</p><p>OBJETO: CLÁUSULA PRIMEIRA - DO OBJETO: O presente termo aditivo tem por objeto a prorrogação do prazo de execução do contrato por mais 12 (doze) meses, contemplando o período de 30/06/2025 a 30/06/2026. Por consequência, fica prorrogado por igual período o prazo de vigência do contrato, contemplando o período de 30/07/2025 a 30/07/2026. Termo aditivo firmado em 25 de junho de 2025, oriundo do processo de Dispensa de Licitação nº 52/2022.</p><p>DATA DE ASSINATURA: 25 de junho de 2025.</p>]]></Texto>
  </body>
  <Midias />
</article></xml>