﻿<xml><article id="44738735" name="2025-07-30/11184118/COMPRASNETWS" idOficio="11184118" pubName="DO3" artType="Extrato de Comodato" pubDate="01/08/2025" artClass="00016:00011:00015:00010:00011:00000:00000:00000:00000:00000:00027:00001" artCategory="Ministério da Defesa/Comando do Exército/Comando Militar do Sul/3ª Região Militar/Hospital Militar de Área de Porto Alegre" artSize="12" artNotes="" numberPage="24" pdfPage="http://pesquisa.in.gov.br/imprensa/jsp/visualiza/index.jsp?data=01/08/2025&amp;jornal=530&amp;pagina=24" editionNumber="144" highlightType="" highlightPriority="" highlight="" highlightimage="" highlightimagename="" idMateria="22936912">
  <body>
    <Identifica><![CDATA[ EXTRATO DE COMODATO Nº 6/2025 - UASG 160399]]></Identifica>
    <Data><![CDATA[]]></Data>
    <Ementa />
    <Titulo />
    <SubTitulo />
    <Texto><![CDATA[<p class="identifica">EXTRATO DE COMODATO Nº 6/2025 - UASG 160399</p><p>Nº Processo: 64582023184202401.</p><p>Pregão Nº 90006/2025. Contratante: HOSPITAL MILITAR DE AREA DE PORTO ALEGRE.</p><p>Contratado: 73.008.682/0001-52 - LABINBRAZ COMERCIAL LTDA. Objeto: Grupo 06 - itens 32 ao 64</p><p>(bioquímica), empresa deverá ornecer, em regime de comodao, 01 (um)</p><p>equipameno que deve possuir comunicação lan e rs-232.</p><p>Fundamento Legal: LEI 14.133/2021. Vigência: 22/07/2025 a 21/07/2026. Valor Total: R$ 0,00. Data de Assinatura: 22/07/2025.</p><p>(COMPRASNET 4.0 - 30/07/2025).</p>]]></Texto>
  </body>
  <Midias />
</article></xml>