﻿<xml><article id="44719577" name="Aviso Homologacao 25.2025 DOU" idOficio="11184014" pubName="DO3" artType="Aviso de Homologação" pubDate="01/08/2025" artClass="00075:00015:00335:00000:00000:00000:00000:00000:00000:00000:00075:00000" artCategory="Prefeituras/Estado do Paraná/Prefeitura Municipal de Porto Barreiro" artSize="12" artNotes="" numberPage="298" pdfPage="http://pesquisa.in.gov.br/imprensa/jsp/visualiza/index.jsp?data=01/08/2025&amp;jornal=530&amp;pagina=298" editionNumber="144" highlightType="" highlightPriority="" highlight="" highlightimage="" highlightimagename="" idMateria="22936777">
  <body>
    <Identifica><![CDATA[ AVISO DE ADJUDICAÇÃO]]></Identifica>
    <Data><![CDATA[ Porto Barreiro, 29 de julho de 2025.]]></Data>
    <Ementa />
    <Titulo />
    <SubTitulo />
    <Texto><![CDATA[<p class="identifica">AVISO DE ADJUDICAÇÃO</p><p class="identifica">Pregão Eletrônico nº 25/2025-PMPB</p><p>O PREFEITO MUNICIPAL do MUNICIPIO DE PORTO BARREIRO - PR comunica aos interessados e participantes do PREGÃO ELETRÔNICO 25/2025 referente à AQUISIÇÃO DE PÁ CARREGADEIRA NOVA COM RECURSOS ADVINDOS DO CONVENIO TRANSFEREGOV.BR Nº 959268/2024 POR INTERMÉDIO DO MINISTÉRIO DA INTEGRAÇÃO E DESENVOLVIMENTO REGIONAL E CONTRAPARTIDA MUNICIPAL, que ADJUDICA nos termos do Inciso IV do Art. 71 da Lei nº 14.133/2021, o objeto do certame a empresa: YAMADIESEL COMERCIO DE MAQUINAS LTDA, CNPJ sob o nº 22.087.311/0001-72 vencedora do item 01 pelo valor total de R$ 400.000,00 (quatrocentos mil reais).</p><p class="data">Porto Barreiro, 29 de julho de 2025.</p><p class="assina">Emanoel Vanderlei Volff</p><p class="cargo">Prefeito</p><p class="identifica">AVISO DE HOMOLOGAÇÃO</p><p class="identifica">Pregão Eletrônico nº 25/2025-PMPB</p><p>Após constatada a regularidade dos atos procedimentais, o PREFEITO MUNICIPAL, HOMOLOGA nos termos do Inciso IV do Art. 71 da Lei nº 14.133/2021, o resultado do procedimento licitatório em epígrafe, cujo objeto é: AQUISIÇÃO DE PÁ CARREGADEIRA NOVA COM RECURSOS ADVINDOS DO CONVENIO TRANSFEREGOV.BR Nº 959268/2024 POR INTERMÉDIO DO MINISTÉRIO DA INTEGRAÇÃO E DESENVOLVIMENTO REGIONAL E CONTRAPARTIDA MUNICIPAL. Fornecedor: YAMADIESEL COMERCIO DE MAQUINAS LTDA, CNPJ sob o nº 22.087.311/0001-72, vencedora do item 01 pelo valor total de R$ 400.000,00 (quatrocentos mil reais).</p><p class="data">Porto Barreiro, 30 de julho de 2025.</p><p class="assina">Emanoel Vanderlei Volff</p><p class="cargo">Prefeito</p><p class="identifica">EXTRATO DE CONTRATO</p><p>MODALIDADE: PREGÃO ELETRÔNICO Nº 25/2025. Contratante: Município de Porto Barreiro - PR. Fundamentação Legal: Leis 14.133/2021 e demais legislações pertinentes. AQUISIÇÃO DE PÁ CARREGADEIRA NOVA COM RECURSOS ADVINDOS DO CONVENIO TRANSFEREGOV.BR Nº 959268/2024 POR INTERMÉDIO DO MINISTÉRIO DA INTEGRAÇÃO E DESENVOLVIMENTO REGIONAL E CONTRAPARTIDA MUNICIPAL. Contrato de n° 10/2025, Contratada: YAMADIESEL COMERCIO DE MAQUINAS LTDA, CNPJ sob o nº 22.087.311/0001-72, valor contratual R$ 400.000,00 (quatrocentos mil reais). Data da assinatura: 30.07.2025. Vigência dos contratos 29.07.2026. Emanoel Vanderlei Volff Prefeito.</p>]]></Texto>
  </body>
  <Midias />
</article></xml>