﻿<xml><article id="44719211" name="Publicacao Contrato 033.2025" idOficio="11164720" pubName="DO3" artType="Extrato" pubDate="01/08/2025" artClass="00073:00665:01377:00000:00000:00000:00000:00000:00000:00000:00170:00000" artCategory="Ineditoriais/Associação Pró-Gestão das Águas da Bacia Hidrográfica do Rio Paraíba do Sul" artSize="12" artNotes="" numberPage="220" pdfPage="http://pesquisa.in.gov.br/imprensa/jsp/visualiza/index.jsp?data=01/08/2025&amp;jornal=530&amp;pagina=220" editionNumber="144" highlightType="" highlightPriority="" highlight="" highlightimage="" highlightimagename="" idMateria="22904359">
  <body>
    <Identifica><![CDATA[EXTRATO DE CONTRATO]]></Identifica>
    <Data><![CDATA[]]></Data>
    <Ementa />
    <Titulo />
    <SubTitulo />
    <Texto><![CDATA[<p class="identifica">EXTRATO DE CONTRATO</p><p>Processo 00001.000071/2025; Contrato 033/2025; Contratante: Associação Pró-Gestão das Águas da Bacia Hidrográfica do Rio Paraíba do Sul - AGEVAP, CNPJ nº 05.422.000/0001-01; Contratada: CONSÓRCIO SANEAR GUANDU; CNPJ: 61.755.562/0001-30; Objeto: Execução das obras e serviços de infraestrutura e saneamento rural e periurbano no município de Engenheiro Paulo de Frontin/RJ - Bloco 1, em regime de empreitada por preço unitário, na forma de seu ANEXO I - Termo de Referência; Prazo: 20 meses; Valor: R$ 18.617.262,81; Data de Assinatura: 21/07/2025.</p>]]></Texto>
  </body>
  <Midias />
</article></xml>