﻿<xml><article id="44727119" name="28-07-25 - AVISO DE LICITACAO DE" idOficio="11169614" pubName="DO3" artType="Aviso de Licitação" pubDate="01/08/2025" artClass="00075:00012:00812:00000:00000:00000:00000:00000:00000:00000:00078:00000" artCategory="Prefeituras/Estado de Minas Gerais/PREFEITURA MUNICIPAL DE PIRANGA" artSize="12" artNotes="" numberPage="277" pdfPage="http://pesquisa.in.gov.br/imprensa/jsp/visualiza/index.jsp?data=01/08/2025&amp;jornal=530&amp;pagina=277" editionNumber="144" highlightType="" highlightPriority="" highlight="" highlightimage="" highlightimagename="" idMateria="22913860">
  <body>
    <Identifica><![CDATA[ AVISO DE LICITAÇÃO PREGÃO ELETRÔNICO Nº  90051/2025]]></Identifica>
    <Data><![CDATA[]]></Data>
    <Ementa />
    <Titulo />
    <SubTitulo />
    <Texto><![CDATA[<p></p><p class="identifica">AVISO DE LICITAÇÃO PREGÃO ELETRÔNICO Nº 90051/2025</p><p>Processo Licitatório Nº. 152/2025, Pregão Eletrônico Nº 90051/2025. Objeto: aquisição de materiais, instrumentos e equipamentos odontológicos. Data de abertura: 12/08/2025 às 09:00 horas. Edital e informações: pelo e-mail licitacao@piranga.mg.gov.br ou pelo site: https://www.piranga.mg.gov.br/licitacoes.</p><p class="assina">RODRIGO HEBERT DIAS MACIEL</p><p class="cargo">Secretaria de Administração</p>]]></Texto>
  </body>
  <Midias />
</article></xml>