﻿<xml><article id="44732940" name="DOU_0497_2024_01A Aditivo" idOficio="11153728" pubName="DO3" artType="Extrato de Termo Aditivo" pubDate="01/08/2025" artClass="00075:00015:00450:00000:00000:00000:00000:00000:00000:00000:00053:00000" artCategory="Prefeituras/Estado do Paraná/Prefeitura Municipal de Toledo" artSize="12" artNotes="" numberPage="304" pdfPage="http://pesquisa.in.gov.br/imprensa/jsp/visualiza/index.jsp?data=01/08/2025&amp;jornal=530&amp;pagina=304" editionNumber="144" highlightType="" highlightPriority="" highlight="" highlightimage="" highlightimagename="" idMateria="22885640">
  <body>
    <Identifica><![CDATA[EXTRATO  DE TERMO ADITIVO]]></Identifica>
    <Data><![CDATA[]]></Data>
    <Ementa />
    <Titulo />
    <SubTitulo />
    <Texto><![CDATA[<p class="identifica">EXTRATO DE TERMO ADITIVO</p><p>Espécie: 1º TERMO ADITIVO A ATA DE REGISTRO DE PREÇOS Nº 497/2024</p><p>CONTRATANTE: MUNICIPIO DE TOLEDO</p><p>CONTRATADA: VOUGUE FABRICAÇÃO DE ESTRUTURAS E COMERCIO DE EQUIPAMENTOS ELETRICOS LTDA</p><p>OBJETO: CLÁUSULA PRIMEIRA - DO OBJETO: O presente termo aditivo tem por objeto a prorrogação do prazo de vigência da Ata de Registro de Preços por mais 12 (doze) meses, contemplando o período de 01/07/2025 a 01/07/2026, com a renovação dos quantitativos originais. Tudo com amparo legal no artigo 84 da Lei nº 14.133/2021. Termo aditivo firmado em 11 de junho de 2025, oriundo do Pregão Eletrônico nº 061/2024.</p><p>DATA DE ASSINATURA: 11 de junho de 2025.</p>]]></Texto>
  </body>
  <Midias />
</article></xml>