﻿<xml><article id="44719535" name="ATO EXTRATO DE HOMOLOGACAO" idOficio="11184789" pubName="DO3" artType="Aviso de Homologação" pubDate="01/08/2025" artClass="00075:00026:00115:00000:00000:00000:00000:00000:00000:00000:00075:00000" artCategory="Prefeituras/Estado do Tocantins/PREFEITURA MUNICIPAL DE NOVO ALEGRE" artSize="12" artNotes="" numberPage="331" pdfPage="http://pesquisa.in.gov.br/imprensa/jsp/visualiza/index.jsp?data=01/08/2025&amp;jornal=530&amp;pagina=331" editionNumber="144" highlightType="" highlightPriority="" highlight="" highlightimage="" highlightimagename="" idMateria="22938138">
  <body>
    <Identifica><![CDATA[AVISO DE HOMOLOGAÇÃO  PREGÃO ELETRÔNICO Nº 7/2024]]></Identifica>
    <Data><![CDATA[ Novo Alegre - TO, 18 de junho de 2025.]]></Data>
    <Ementa />
    <Titulo />
    <SubTitulo />
    <Texto><![CDATA[<p class="identifica">AVISO DE HOMOLOGAÇÃO PREGÃO ELETRÔNICO Nº 7/2024</p><p>PROCESSO 023/2024 - PREGÃO ELETRÔNICO Nº 7/2024</p><p>Considerado a remessa dos autos do processo licitatório, com resultado da licitação e adjudicação, com os trabalhos conclusos em relação às atribuições precípuas da Comissão de Contratação.</p><p>Considerando ainda que o procedimento de licitação atendeu aos preceitos legais, na sua forma e conteúdo.</p><p>Eis por bem HOMOLOGAR, como de fato HOMOLOGO a presente licitação em nome do adjudicatário a seguir, para que surtam todos os efeitos legais, sendo, a empresa RENOVO MOTORS LTDA inscrito (a) no CNPJ/MF sob o nº 42.111.920/0001-27.</p><p>A presente homologação importa no montante de R$ 267.193,00 (duzentos e sessenta e sete mil cento e noventa e três reais). De já determino ao departamento competente que, proceda com a convocação dos adjudicatários, para assinatura do contrato, em prazo não superior ao estatuído no edital.</p><p class="data">Novo Alegre - TO, 18 de junho de 2025.</p><p class="assina">Crislene Farias dos Santos Souza</p><p class="cargo">Gestora do Fundo Municipal de Assistência Social</p>]]></Texto>
  </body>
  <Midias />
</article></xml>