﻿<xml><article id="44718992" name="PUB D" idOficio="11183741" pubName="DO3" artType="Aviso de Licitação" pubDate="01/08/2025" artClass="00075:00026:00054:00000:00000:00000:00000:00000:00000:00000:00078:00000" artCategory="Prefeituras/Estado do Tocantins/PREFEITURA MUNICIPAL DE CARIRI DO TOCANTINS" artSize="12" artNotes="" numberPage="330" pdfPage="http://pesquisa.in.gov.br/imprensa/jsp/visualiza/index.jsp?data=01/08/2025&amp;jornal=530&amp;pagina=330" editionNumber="144" highlightType="" highlightPriority="" highlight="" highlightimage="" highlightimagename="" idMateria="22936381">
  <body>
    <Identifica><![CDATA[ AVISO DE LICITAÇÃOPREGÃO ELETRÔNICO SRP Nº 19/2025]]></Identifica>
    <Data><![CDATA[ Cariri do Tocantins - TO, 30 de julho de 2025.]]></Data>
    <Ementa />
    <Titulo />
    <SubTitulo />
    <Texto><![CDATA[<p></p><p class="identifica">AVISO DE LICITAÇÃOPREGÃO ELETRÔNICO SRP Nº 19/2025</p><p>A Prefeitura Municipal de Cariri do Tocantins - TO, torna público que fará realizar no dia 18 de agosto de 2025 às 09h00m no Licitanet site: https://licitanet.com.br/, licitação na modalidade PREGÃO ELETRÔNICO - SRP - tipo MENOR PREÇO POR LOTE, visando o REGISTRO DE PREÇOS PARA EVENTUAL E FUTURA CONTRATAÇÃO DE EMPRESA ESPECIALIZADA EM SERVIÇO/CONFECÇÃO DE MATERIAL PARA IDENTIDADE VISUAL, TAIS COMO: ADESIVOS, LONAS, PLACAS, ENTRE OUTROS, CONFORME CONDIÇÕES, QUANTIDADES E EXIGÊNCIAS ESTABELECIDAS PARA ATENDER AS NECESSIDADES DA PREFEITURA MUNICIPAL DE CARIRI DO TOCANTINS. O edital poderá ser retirado pelo site: https://licitanet.com.br/, mais informação através do fone 0xx63 3383-1110. E-mail: cplcariri2024@gmail.com.</p><p class="data">Cariri do Tocantins - TO, 30 de julho de 2025.</p><p class="assina">ELTON MOREIRA ALVES</p><p class="cargo">Prefeito</p>]]></Texto>
  </body>
  <Midias />
</article></xml>