﻿<xml><article id="44728091" name="Extrato_Contrato_015_2025 DOU e " idOficio="11183099" pubName="DO3" artType="Extrato de Contrato" pubDate="01/08/2025" artClass="00075:00003:00016:00000:00000:00000:00000:00000:00000:00000:00030:00000" artCategory="Prefeituras/Estado do Amapá/Prefeitura Municipal de Serra do Navio" artSize="12" artNotes="" numberPage="240" pdfPage="http://pesquisa.in.gov.br/imprensa/jsp/visualiza/index.jsp?data=01/08/2025&amp;jornal=530&amp;pagina=240" editionNumber="144" highlightType="" highlightPriority="" highlight="" highlightimage="" highlightimagename="" idMateria="22935664">
  <body>
    <Identifica><![CDATA[ EXTRATO DE CONTRATO]]></Identifica>
    <Data><![CDATA[]]></Data>
    <Ementa />
    <Titulo />
    <SubTitulo />
    <Texto><![CDATA[<p class="identifica">EXTRATO DE CONTRATO</p><p>Processo: 03107/2025-SEMOBI/PMSN</p><p>Contrato nº 015/2025-SEMOBI/PMSN;</p><p>Contratada N P DE LIMA, CNPJ Nº 01.433.043/0001-23; Objeto: CONTRATAÇÃO DE EMPRESA ESPECIALIZADA PARA REFORMA DA UNIDADE BÁSICA DE SAÚDE LUCILIANA BASTOS DA SILVA EM SERRA DO NAVIO-AP, da PROPOSTA SISMOB Nº 11840.5650001/24-001; Origem: concorrência eletrônica nº 004/2025-CCL/PMSN; Vigência: 12 (doze) meses a partir da data de assinatura, na forma do artigo 111 da Lei n° 14.133, de 2021; Valor: R$ 393.674,00 (trezentos e noventa e tres mil seiscentos e setenta e quatro reais); Data da assinatura: 28/07/2025.</p><p></p>]]></Texto>
  </body>
  <Midias />
</article></xml>