﻿<xml><article id="44719259" name="Extrato de Edital 72-2025" idOficio="11184062" pubName="DO3" artType="Extrato" pubDate="01/08/2025" artClass="00025:00062:00001:00000:00000:00000:00000:00000:00000:00000:00170:00000" artCategory="Ministério da Educação/Instituto Federal de Educação, Ciência e Tecnologia do Espírito Santo/Reitoria" artSize="12" artNotes="" numberPage="38" pdfPage="http://pesquisa.in.gov.br/imprensa/jsp/visualiza/index.jsp?data=01/08/2025&amp;jornal=530&amp;pagina=38" editionNumber="144" highlightType="" highlightPriority="" highlight="" highlightimage="" highlightimagename="" idMateria="22936815">
  <body>
    <Identifica><![CDATA[ EDITAL DO PROCESSO SELETIVO nº 72 2025]]></Identifica>
    <Data><![CDATA[]]></Data>
    <Ementa />
    <Titulo />
    <SubTitulo />
    <Texto><![CDATA[<p class="identifica">EDITAL DO PROCESSO SELETIVO nº 72 2025</p><p>O REITOR DO INSTITUTO FEDERAL DE EDUCAÇÃO, CIÊNCIA E TECNOLOGIA DO ESPÍRITO SANTO, Instituição criada pela Lei n° 11.892, de 29 de dezembro de 2008, no uso de suas atribuições legais e de acordo com as disposições da legislação pertinente, faz saber, pelo presente extrato de edital, que estarão abertas as inscrições para o Processo Seletivo Edital 72/2025: oferta de vagas na educação profissional técnica de nível médio nas formas concomitante ou subsequente - modalidades presencial e a distância, para ingresso no 1º semestre do ano letivo de 2026.</p><p>1. Do período de inscrição: 4 de agosto a 10 de setembro de 2025.</p><p>2. Das inscrições: As inscrições deverão ser realizadas exclusivamente via Internete pelo site http://www.ifes.edu.br.</p><p>3. Taxa de inscrição: R$ 65,00 (sessenta e cinco reais).</p><p>4. Isenção da taxa de inscrição: Edital completo no site http://www.ifes.edu.br.</p><p>5. A seleção será realizada por meio de Análise do Histórico Escolar: Edital completo no site http://www.ifes.edu.br.</p><p>6. Serão ofertadas 494 vagas em cursos técnicos concomitantes e 650 vagas em cursos técnicos subsequentes.</p><p>7. Haverá reserva de vagas (cotas), em atendimento à legislação vigente.</p><p>8. O Edital completo encontra-se à disposição dos candidatos no site http://www.ifes.edu.br.</p><p class="assina">JADIR JOSÉ PELA</p>]]></Texto>
  </body>
  <Midias />
</article></xml>