﻿<xml><article id="44720592" name="ERRATA AVISO PE 035.2025 DOU" idOficio="11183929" pubName="DO3" artType="Retificação" pubDate="01/08/2025" artClass="00075:00009:00189:00000:00000:00000:00000:00000:00000:00000:00126:00000" artCategory="Prefeituras/Estado do Maranhão/Prefeitura Municipal de Presidente Vargas" artSize="12" artNotes="" numberPage="263" pdfPage="http://pesquisa.in.gov.br/imprensa/jsp/visualiza/index.jsp?data=01/08/2025&amp;jornal=530&amp;pagina=263" editionNumber="144" highlightType="" highlightPriority="" highlight="" highlightimage="" highlightimagename="" idMateria="22936608">
  <body>
    <Identifica><![CDATA[ aviso de RETIFICAÇÃO]]></Identifica>
    <Data><![CDATA[ Presidente Vargas/MA, 30 de julho de 2025.]]></Data>
    <Ementa />
    <Titulo />
    <SubTitulo />
    <Texto><![CDATA[<p></p><p class="identifica">aviso de RETIFICAÇÃO</p><p>RETIFICAÇÃO AO AVISO DE LICITAÇÃO - PREGÃO ELETRONICO 035/2025-SRP</p><p>A Prefeitura Municipal de Presidente Vargas-MA, por meio de seu Pregoeiro Oficial, torna público para conhecimento dos interessados que, por erro material, o aviso de licitação publicado no Diário Oficial da União, em 28/07/2025, seção 3, página 233, referente ao Pregão Eletrônico nº 035/2025, cujo objeto é o registro de preços para futura e eventual contratação de empresa para fornecimento de brinquedos e playgrounds, indicou incorretamente a data de realização da sessão pública. Onde se lê: "12 de julho de 2025", Leia-se: "12 de agosto de 2025".</p><p>Permanecem inalteradas as demais informações do certame.</p><p class="data">Presidente Vargas/MA, 30 de julho de 2025.</p><p class="assina">Ravel do Nascimento Reis.</p><p class="cargo">Pregoeiro</p>]]></Texto>
  </body>
  <Midias />
</article></xml>