﻿<xml><article id="44735086" name="5. EXTRATO_3_TERMO_ADITIVO_008_2" idOficio="11184181" pubName="DO3" artType="Extrato de Termo Aditivo" pubDate="01/08/2025" artClass="00075:00003:00008:00000:00000:00000:00000:00000:00000:00000:00053:00000" artCategory="Prefeituras/Estado do Amapá/Prefeitura Municipal de Macapá" artSize="12" artNotes="" numberPage="239" pdfPage="http://pesquisa.in.gov.br/imprensa/jsp/visualiza/index.jsp?data=01/08/2025&amp;jornal=530&amp;pagina=239" editionNumber="144" highlightType="" highlightPriority="" highlight="" highlightimage="" highlightimagename="" idMateria="22937004">
  <body>
    <Identifica><![CDATA[ EXTRATO DE termo aditivo]]></Identifica>
    <Data><![CDATA[]]></Data>
    <Ementa />
    <Titulo />
    <SubTitulo />
    <Texto><![CDATA[<p class="identifica">EXTRATO DE termo aditivo</p><p>3º TERMO ADITIVO DE PRAZO AO CONTRATO Nº 8/2024 - SEMOB/PMM</p><p>Protocolo nº. 13.968/2025 1DOC - SEMOB/PMM. OBJETO: CONSTRUÇÃO DE PASSARELA DE CONCRETO ARMADO NO MUNICIPIO DE MACAPÁ - AP (CONVÊNIO Nº 929947/2022) EMPRESA J B SERVIÇOS E COMERCIO LTDA CNPJ Nº 23.679.179/0001-50. VIGÊNCIA: Fica prorrogado 150 (cento e cinquenta) dias consecutivos, o prazo de execução e vigência contratual, a partir 06/07/2025 a 03/12/2025, de acordo com a reprogramação estabelecida no cronograma anexo a este Termo Aditivo</p><p></p>]]></Texto>
  </body>
  <Midias />
</article></xml>