﻿<xml><article id="44719818" name="CREDENCIAMENTO 002-2025" idOficio="11184927" pubName="DO3" artType="Aviso de Licitação" pubDate="01/08/2025" artClass="00075:00026:00107:00000:00000:00000:00000:00000:00000:00000:00078:00000" artCategory="Prefeituras/Estado do Tocantins/Prefeitura Municipal de Monte Santo do Tocantins" artSize="12" artNotes="" numberPage="331" pdfPage="http://pesquisa.in.gov.br/imprensa/jsp/visualiza/index.jsp?data=01/08/2025&amp;jornal=530&amp;pagina=331" editionNumber="144" highlightType="" highlightPriority="" highlight="" highlightimage="" highlightimagename="" idMateria="22938594">
  <body>
    <Identifica><![CDATA[ AVISO DE CREDENCIAMENTO Nº  2/2025]]></Identifica>
    <Data><![CDATA[ Monte Santo do Tocantins - TO, 31 de julho de 2025. ]]></Data>
    <Ementa />
    <Titulo />
    <SubTitulo />
    <Texto><![CDATA[<p></p><p class="identifica">AVISO DE CREDENCIAMENTO Nº 2/2025</p><p>O FUNDO MUNICIPAL DE SAÚDE DE MONTE SANTO DO TOCANTINS, ESTADO DO TOCANTINS, com fulcro no artigo 78, inciso I e artigo 79, inciso I, da Lei Federal nº 14133/2021, torna público para conhecimento dos interessados que se encontra a disposição o Edital de Credenciamento nº 002/2025, para CREDENCIAMENTO DE PESSOAS JURÍDICAS PARA PRESTAÇÃO DE SERVIÇOS DE REALIZAÇÃO DE EXAMES DE MÉDIA E ALTA COMPLEXIDADE E EXAMES DE IMAGEM, VOLTADOS A ATENDER PACIENTES DO SISTEMA ÚNICO DE SAÚDE - SUS DO MUNICÍPIO DE MONTE SANTO DO TOCANTINS - TO, com início e recebimento dos documentos de habilitação a partir do dia 08/08/2025. Edital e Anexos poderão ser retirados na Prefeitura Municipal de Monte Santo do Tocantins, pelo e-mail: cplmontesanto@gmail.com, pelo site: https://montesanto.to.gov.br/ ou no site www.licitanet.com.br. Maiores informações pelo telefone: (63) 3551-1013..</p><p class="data">Monte Santo do Tocantins - TO, 31 de julho de 2025.</p><p class="assina">Thalles Teixeira Junqueira</p><p class="cargo">Gestor do Fundo Municipal de Saúde</p>]]></Texto>
  </body>
  <Midias />
</article></xml>