﻿<xml><article id="44719620" name="PROGRAMA PARTIDARIO - PARTIDO VO" idOficio="11178793" pubName="DO3" artType="Estatuto" pubDate="01/08/2025" artClass="00073:03084:00000:00000:00000:00000:00000:00000:00000:00000:00000:00000" artCategory="Ineditoriais/Comissão Pró-Fundação do Partido Voz no Brasil" artSize="12" artNotes="ok" numberPage="226" pdfPage="http://pesquisa.in.gov.br/imprensa/jsp/visualiza/index.jsp?data=01/08/2025&amp;jornal=530&amp;pagina=226" editionNumber="144" highlightType="" highlightPriority="" highlight="" highlightimage="" highlightimagename="" idMateria="22927196">
  <body>
    <Identifica><![CDATA[PROGRAMA PARTIDÁRIO DO PARTIDO VOZ NO BRASIL]]></Identifica>
    <Data><![CDATA[ Belo Horizonte, 31 de maio de 2025.]]></Data>
    <Ementa />
    <Titulo />
    <SubTitulo />
    <Texto><![CDATA[<p class="identifica">PROGRAMA PARTIDÁRIO DO PARTIDO VOZ NO BRASIL</p><p>I) PREÂMBULO</p><p>O Partido VOZ NO BRASIL nasce com o propósito de resgatar os valores fundamentais que moldaram a nação brasileira: a fé cristã, a família como núcleo da sociedade, a liberdade individual, o direito à propriedade e a eficiência de um Estado enxuto, que sirva ao povo sem sufocá-lo. Inspirados pela soberania divina e pela dignidade humana, rejeitamos ideologias que ameaçam a vida, a ordem social e os princípios éticos que sustentam nossa civilização. Nosso compromisso é com o Brasil real, o povo trabalhador e as gerações futuras.</p><p>II) PRINCÍPIOS FUNDAMENTAIS</p><p>1. Valores Cristãos: Reconhecemos a influência histórica e moral do cristianismo na formação da identidade brasileira. Defendemos a liberdade religiosa, com ênfase no respeito aos princípios éticos cristãos como base para uma sociedade justa e solidária.</p><p>2. Defesa da Vida: A vida é sagrada desde a concepção até a morte natural. Somos radicalmente contrários ao aborto, mas trabalharemos para fortalecer políticas de apoio às gestantes e à adoção.</p><p>3. Família Tradicional: A família, formada por homem, mulher e seus filhos, é a instituição primordial da sociedade, defendemos a harmonia, a proteção ao núcleo familiar e rejeitamos agendas que busquem desconstruir, atacar ou redefinir esse modelo.</p><p>4. Liberdade Individual: A liberdade é um direito inalienável, garantido pela Constituição, e deve ser preservada contra interferências excessivas do Estado ou de ideologias coletivistas.</p><p>5. Propriedade Privada: O direito à propriedade é essencial ao bem comum e ao desenvolvimento econômico, sendo um pilar da dignidade humana e da prosperidade nacional.</p><p>6. Estado Mínimo: O Estado deve limitar-se às funções essenciais - segurança, justiça e infraestrutura - deixando ao cidadão e à iniciativa privada a condução da economia e da vida social.</p><p>7. Combate às Drogas: Somos contrários à liberação das drogas, defendendo políticas de prevenção, repressão ao tráfico e reabilitação dos dependentes, com base na proteção da juventude e da ordem social.</p><p>8. Proteção aos Animais: Defendemos a causa animal e vamos implementar ações e programas com o intuito de assegurar os direitos, a proteção e a saúde animal, resguardando-os contra os maus tratos.</p><p>III) OBJETIVOS E PROPOSTAS</p><p>1. DEFESA DA VIDA E DA FAMÍLIA</p><p>- Política Pró-Vida: Ampliação de programas de apoio às mulheres grávidas em situação de vulnerabilidade, como assistência médica, psicológica e financeira, priorizando a "vida desde a concepção".</p><p>- Fortalecimento da Família: Incentivo fiscal para famílias numerosas e políticas públicas que promovam a estabilidade familiar, como redução de impostos para casais com filhos e acesso facilitado à moradia.</p><p>- Educação Parental: Garantia do direito dos pais de educarem seus filhos segundo suas convicções morais e religiosas, rejeitando a imposição de ideologias de gênero nas escolas.</p><p>2. LIBERDADE E PROPRIEDADE</p><p>- Redução da Burocracia: Simplificação de tributos e regulamentações para estimular o empreendedorismo;</p><p>- Defesa do Agronegócio: Apoio irrestrito ao setor agropecuário, com redução de impostos sobre a produção rural e garantia da propriedade privada no campo;</p><p>3. ESTADO MÍNIMO E EFICIÊNCIA</p><p>- Reforma Administrativa: Redução do tamanho do Estado, com privatização de empresas estatais não essenciais e corte de gastos supérfluos, em busca de equilíbrio fiscal.</p><p>- Segurança Pública: Prioridade ao combate à criminalidade, com valorização das forças policiais e endurecimento das penas para crimes graves, como tráfico de drogas, homicídio e feminicídio.</p><p>- Educação e Saúde: Parcerias com a iniciativa privada para ampliar o acesso a serviços de qualidade, mantendo o Estado como regulador e não como provedor exclusivo.</p><p>4. COMBATE ÀS DROGAS E À DEGRADAÇÃO MORAL</p><p>- Política Antidrogas: Reforço na repressão ao narcotráfico, com aumento de penas para traficantes e campanhas educativas contra o uso de drogas.</p><p>- Proteção da Juventude: Fiscalização rigorosa de conteúdos midiáticos e educacionais que promovam a banalização das drogas ou a erotização precoce.</p><p>5. PARTICIPAÇÃO POLÍTICA E LEGISLAÇÃO ELEITORAL</p><p>- Fidelidade Partidária: Adoção estrita da fidelidade partidária, conforme a legislação brasileira (Resolução TSE nº 23.571/2018), para garantir coerência ideológica e respeito ao eleitor.</p><p>- Financiamento Eleitoral: Defesa do financiamento privado de campanhas com limites claros, equilibrando a liberdade de apoio econômico com a transparência.</p><p>- Cláusula de Barreira: Apoio à manutenção e fortalecimento da cláusula de barreira para reduzir a fragmentação partidária e fortalecer partidos com representatividade real.</p><p>6. COMPROMISSOS COM O BRASIL</p><p>- Soberania Nacional: Rejeição de agendas globalistas que comprometam a autonomia brasileira, priorizando os interesses do povo e do território nacional.</p><p>- Combate à Corrupção: Transparência total na gestão pública e punição rigorosa a desvios, em busca da defesa da harmonia entre os poderes.</p><p>- Valores Cristãos na Vida Pública: Promoção de uma cultura de respeito à fé, incentivando a participação de lideranças cristãs na política sem violar o Estado laico.</p><p>IV) CONCLUSÃO</p><p>O Partido VOZ NO BBRASIL se apresenta como uma alternativa para os brasileiros que desejam um país próspero, seguro e fiel às suas raízes. Com um programa enraizado nos valores cristãos, na defesa da vida e da família, e na busca por um Estado eficiente e não intervencionista, convocamos todos os cidadãos de bem a se unirem por um Brasil de fé, liberdade e ordem.</p><p class="data">Belo Horizonte, 31 de maio de 2025.</p><p class="assina">ALESSANDRO BERTOLINI DE PAIVA</p><p class="cargo">Presidente - Partido Voz No Brasil</p><p class="assina">ACÁCIO WILDE EMILIO DOS SANTOS</p><p class="cargo">Advogado - OAB/MG. 81.810</p>]]></Texto>
  </body>
  <Midias />
</article></xml>