﻿<xml><article id="44728527" name="EDITAL DE CITACAO" idOficio="11184846" pubName="DO3" artType="Edital de Citação" pubDate="01/08/2025" artClass="00071:00413:00000:00000:00000:00000:00000:00000:00000:00000:00057:00000" artCategory="Entidades de Fiscalização do Exercício das Profissões Liberais/Conselho Regional de Medicina Veterinária do Estado de Rondônia" artSize="12" artNotes="" numberPage="217" pdfPage="http://pesquisa.in.gov.br/imprensa/jsp/visualiza/index.jsp?data=01/08/2025&amp;jornal=530&amp;pagina=217" editionNumber="144" highlightType="" highlightPriority="" highlight="" highlightimage="" highlightimagename="" idMateria="22938479">
  <body>
    <Identifica><![CDATA[ EDITAL DE CITAÇÃO]]></Identifica>
    <Data><![CDATA[ Porto Velho -Rondônia, 29 de julho de 2025. ]]></Data>
    <Ementa />
    <Titulo />
    <SubTitulo />
    <Texto><![CDATA[<p></p><p class="identifica">EDITAL DE CITAÇÃO</p><p>O Conselho Regional de Medicina Veterinária do Estado de Rondônia - CRMV-RO, em consonância com o que preceitua os artigos 5º, Inciso IV e 32, §4º, do Código de Processo Ético Profissional, CITA o Médico Veterinário Edvagner Bega - CRMV-RO 00681-VP, para em até 15 (quinze) dias, comparecer à sede do CRMV-RO a fim de tomar ciência do Processo Ético Profissional nº 140/2024, e apresentar Defesa Prévia no prazo de 30(trinta) dias, contados a partir desta publicação, oportunidade em que poderá arguir preliminares processuais e alegar tudo o que interesse à sua defesa, oferecer documentos e justificações, especificar as provas pretendidas e arrolar até 05(cinco) testemunhas, que deverão ser qualificadas com nome, profissão e endereço completo. No caso de não apresentação da defesa, será declarada a revelia com a nomeação de defensor dativo. Os autos em questão encontram-se à disposição para "vistas", de segunda a sexta-feira, no horário das 08:00 as 12:00 e das 13:00 as 18:00h, na sede deste Conselho, na rua Buenos Aires, 2530- Embratel -</p><p class="data">Porto Velho -Rondônia, 29 de julho de 2025.</p><p class="assina">ANILTO FUNEZ JUNIOR</p><p class="cargo">Presidente do Conselho</p><p></p>]]></Texto>
  </body>
  <Midias />
</article></xml>