﻿<xml><article id="44737046" name="2025-07-30/11184879/COMPRASNETWS" idOficio="11184879" pubName="DO3" artType="Extrato de Termo Aditivo" pubDate="01/08/2025" artClass="00016:00011:00014:00007:00003:00000:00000:00000:00000:00000:00053:00001" artCategory="Ministério da Defesa/Comando do Exército/Comando Militar do Sudeste/2ª Região Militar/Hospital Militar de Área de São Paulo" artSize="12" artNotes="" numberPage="24" pdfPage="http://pesquisa.in.gov.br/imprensa/jsp/visualiza/index.jsp?data=01/08/2025&amp;jornal=530&amp;pagina=24" editionNumber="144" highlightType="" highlightPriority="" highlight="" highlightimage="" highlightimagename="" idMateria="22938507">
  <body>
    <Identifica><![CDATA[ EXTRATO DE TERMO ADITIVO Nº 31/2025 - UASG 160495]]></Identifica>
    <Data><![CDATA[]]></Data>
    <Ementa />
    <Titulo />
    <SubTitulo />
    <Texto><![CDATA[<p class="identifica">EXTRATO DE TERMO ADITIVO Nº 31/2025 - UASG 160495</p><p>Número do Contrato: 3/2023.</p><p>Nº Processo: 64584.004059/2022-50.</p><p>Inexigibilidade. Nº 2/2022. Contratante: HOSPITAL MILITAR DE AREA DE SAO PAULO. Contratado: 00.029.372/0003-02 - GE HEALTHCARE DO BRASIL COMERCIO E SERVICOS PARA EQUIPAMENTOS MEDICO-HOSPITALARE. Objeto: Prorrogar o prazo da vigência do contrato nº 03/2023, por 12 (doze) meses,</p><p>contemplando-se, nesta ocasião, o período de 02/08/2025 a 01/08/2026. Vigência: 02/08/2025 a 01/08/2026. Valor Total Atualizado do Contrato: R$ 131.016,00. Data de Assinatura: 22/07/2025.</p><p>(COMPRASNET 4.0 - 22/07/2025).</p>]]></Texto>
  </body>
  <Midias />
</article></xml>