﻿<xml><article id="44727587" name="EXTRATO_N_182_2025_APOSTILAMENTO" idOficio="11153656" pubName="DO3" artType="Extrato" pubDate="01/08/2025" artClass="00075:00012:00701:00000:00000:00000:00000:00000:00000:00000:00170:00000" artCategory="Prefeituras/Estado de Minas Gerais/Prefeitura Municipal de Montes Claros" artSize="12" artNotes="" numberPage="276" pdfPage="http://pesquisa.in.gov.br/imprensa/jsp/visualiza/index.jsp?data=01/08/2025&amp;jornal=530&amp;pagina=276" editionNumber="144" highlightType="" highlightPriority="" highlight="" highlightimage="" highlightimagename="" idMateria="22885587">
  <body>
    <Identifica><![CDATA[EXTRATO  DE APOSTILAMENTO]]></Identifica>
    <Data><![CDATA[]]></Data>
    <Ementa />
    <Titulo />
    <SubTitulo />
    <Texto><![CDATA[<p></p><p class="identifica">EXTRATO DE APOSTILAMENTO</p><p>EXTRATO 0182/2025</p><p>Processo: 647/2023 - Modalidade: Pregão Eletrônico 270/2023. Objeto: Contratação de sociedade empresária ou unipessoal, especializada para administrar o fornecimento, gerenciamento, controle e aquisição de combustível tipo gasolina comum, óleo diesel comum, óleo S10 e etanol, atendendo a demanda do município de Montes Claros-MG. Contrato: P0647/23-03. Contratado: S.H. INFORMÁTICA LTDA. inscrita no CNPJ/MF sob o nº. 06.048.539/0001-05. Termo de Apostilamento nº 06: O presente instrumento tem como objetivo incluir dotação orçamentária ao Contrato P0647/23-03, conforme justificativa no Memorando de nº. 3.135/2025 (fl. 795-798), de lavra do Secretário Municipal de Saúde. 1.1. Inclui-se a dotação orçamentária descrita abaixo: ÓRGÃO: SECRETARIA MUNICIPAL DE SAÚDE - Transporte Sanitário Função Programática: 02.12.02.10.302.0065.2137 - Elemento de Despesa: 3.3.90.30.01 - Ficha: 15321 - Fonte de Recurso: 2600 -Transferência Fundo a Fundo de Recursos do SUS Provenientes do Governo Federal - Bloco de manutenção das ações e serviços Públicos de Saúde. Recurso: Portaria 1829/22. Despesa: R$ 100.000,00. Assinado por meio digital em 16 de julho de 2025. Secretaria Municipal de Saúde.</p><p></p>]]></Texto>
  </body>
  <Midias />
</article></xml>