﻿<xml><article id="44736398" name="EXTRATO DE ATA DE REGISTRO - PP " idOficio="11184911" pubName="DO3" artType="Extrato de Registro de Preços" pubDate="01/08/2025" artClass="00075:00004:00075:00000:00000:00000:00000:00000:00000:00000:00047:00000" artCategory="Prefeituras/Estado do Amazonas/Prefeitura Municipal de Tabatinga" artSize="12" artNotes="" numberPage="242" pdfPage="http://pesquisa.in.gov.br/imprensa/jsp/visualiza/index.jsp?data=01/08/2025&amp;jornal=530&amp;pagina=242" editionNumber="144" highlightType="" highlightPriority="" highlight="" highlightimage="" highlightimagename="" idMateria="22938572">
  <body>
    <Identifica><![CDATA[extrato de registro de preços  ]]></Identifica>
    <Data><![CDATA[]]></Data>
    <Ementa />
    <Titulo />
    <SubTitulo />
    <Texto><![CDATA[<p></p><p class="identifica">extrato de registro de preços</p><p>EXTRATO DE ARP PREGÃO PRESENCIAL SRP Nº 15/2025</p><p>MODALIDADE: PREGÃO PRESENCIAL SRP Nº 015/2025 CEC/PMTBT</p><p>DATA DE ASSINATURA: 22/07/2025</p><p>PARTES: PREFEITURA MUNICIPAL DE TABATINGA, e as EMPRESAS:</p><p>1ª) A empresa VANDERLEI DAMASCENO ZAGURI, sob o CNPJ nº 05.814.472/0001-00, situada na Rua Castelo Branco, Nº 1200, Bairro Ibirapuera - Município de Tabatinga/Am, vencedor dos itens 12, 18, 19, 20, 21, 30, 41, 42, 44, 77, 78, 82, 92, 125, e 139.</p><p>2ª) A empresa CONNECT PRODUTOS E SERVIÇOS DE INFORMATICA, sob o CNPJ nº 56.944.865/0001-60, situada na Av,21 de abril S/N - Bairro Centro - Município de Benjamin Constant/Am, vencedor dos itens 13, 48, 52, 53, 56, 59, 63, 74 e 76.</p><p>3ª) A empresa J C G DA COSTA, sob o CNPJ nº 05.481.242/0001-68, situada na Av. Castelo Branco, Nº 173 - Bairro Centro - Município Benjamin Constant /Am, vencedor dos itens 6, 7, 23, 43, 49, 51, 55, 57, 58, 66, 106, 128 e 138.</p><p>4ª) A empresa GRAFICA ESTAMPARIA REI DAVI, sob o CNPJ nº 35.633.749/0001-50, situada na Rua marechal Mallet, Nº 341 - Bairro Centro - Município Tabatinga/Am, vencedor dos itens 129, 130, 132, 133, 134, 135 e 136.</p><p>5ª) A empresa AIG COMERCIO, sob o CNPJ nº 02.532.283/0001-48, situada na Av. Ramos Ferreira, Nº 1195 - Bairro Centro - Manaus/Am, vencedor dos itens 5, 35, 67, 68, 69, 75, 83, 84, 87, 89, 90, 93, 94, 107, 111, 112, 113, 121, 123, 127, 137, 141, 142 e 143.</p><p>6ª) A empresa J RODRIGUES VITOR, sob o CNPJ nº 10.570.748/0001-83, situada na Rua Tiradentes, Nº 118 - Bairro Tancredo neves - Município Tabatinga/Am, vencedora dos itens 1, 22, 25, 26, 27, 29, 36, 38, 45, 46, 47,50, 54, 60, 64, 70, 71, 72, 79, 80, 81, 85, 86, 91, 101, 103, 109, 118, 120, 122, 124, 126 e 140.</p><p>7ª) A empresa E B GUEDES, sob o CNPJ nº 43.737.358/0001-04, situada na Rua Arquiteto Renato Braga, Nº 69 - Bairro Parque 10 de novembro - Manaus/Am, vencedor dos itens 61, 62, 65, 73, 88, 102, 104, 105, 108, 116 e131.</p><p>OBJETO: AQUISIÇÃO DE MATERIAL ESPORTIVO PARA ATENDER A NECESSIDADE DA SECRETARIA MUNICIPAL DE EDUCAÇÃO, ESPORTE E ASSISTÊNCIA SOCIAL DE TABATINGA/AM.</p><p>VIGÊNCIA: 12 meses, conforme ARP.</p><p>DOTAÇÃO ORÇAMENTÁRIA: ORÇAMENTO DO MUNICÍPIO EXERCÍCIO 2025 O QUAL SE ENCONTRA ACOSTADOS NOS AUTOS DO PROCESSO:</p><p>FUNDAMENTOS: PREGÃO PRESENCIAL - SRP nº. 015/2025-CEC/PMTBT.</p><p>Tabatinga (AM), 22 de julho de 2025.</p><p>PLINIO SOUZA DA CRUZ</p><p>Prefeito Municipal de Tabatinga/AM</p>]]></Texto>
  </body>
  <Midias />
</article></xml>