﻿<xml><article id="44719604" name="EXTRATO DE ATA PE 016-2025" idOficio="11183802" pubName="DO3" artType="Extrato de Registro de Preços" pubDate="01/08/2025" artClass="00075:00009:00036:00000:00000:00000:00000:00000:00000:00000:00047:00000" artCategory="Prefeituras/Estado do Maranhão/Prefeitura Municipal de Axixá" artSize="12" artNotes="" numberPage="261" pdfPage="http://pesquisa.in.gov.br/imprensa/jsp/visualiza/index.jsp?data=01/08/2025&amp;jornal=530&amp;pagina=261" editionNumber="144" highlightType="" highlightPriority="" highlight="" highlightimage="" highlightimagename="" idMateria="22936383">
  <body>
    <Identifica><![CDATA[ EXTRATO   DE REGISTRO DE PREÇOS]]></Identifica>
    <Data><![CDATA[]]></Data>
    <Ementa />
    <Titulo />
    <SubTitulo />
    <Texto><![CDATA[<p></p><p class="identifica">EXTRATO DE REGISTRO DE PREÇOS</p><p>Ata de Registro de Preços nº 2905100001/2025; OBJETO: Registro de Preços para Futura e Eventual Aquisição de material Didático para atender a demanda de Diversas do Município de Axixá - MA, pelo período de 12 (doze) meses; PROC: 29051000/2025; FUNDAMENTO LEGAL: Lei nº 14.133/21 e demais legislações correlatas; DATA DE ASSINATURA: 29/07/2025. EMPRESA VENCEDORA PRIME COMERCIOS E SERVICOS LTDA-EPP, CNPJ: 46.993.185/0001-83, no valor total de R$ 1.775.128,00 (Um milhão, setecentos e setenta e cinco mil, cento e vinte e oito reais). INFORMAÇÕES: na Seção de Licitações, email: cplaxixa2025@gmail.com.</p><p></p>]]></Texto>
  </body>
  <Midias />
</article></xml>