﻿<xml><article id="44727581" name="EXTRATO_144_25_ADITIVO_ATA_DOU" idOficio="11153313" pubName="DO3" artType="Extrato" pubDate="01/08/2025" artClass="00075:00012:00701:00000:00000:00000:00000:00000:00000:00000:00170:00000" artCategory="Prefeituras/Estado de Minas Gerais/Prefeitura Municipal de Montes Claros" artSize="12" artNotes="" numberPage="276" pdfPage="http://pesquisa.in.gov.br/imprensa/jsp/visualiza/index.jsp?data=01/08/2025&amp;jornal=530&amp;pagina=276" editionNumber="144" highlightType="" highlightPriority="" highlight="" highlightimage="" highlightimagename="" idMateria="22884375">
  <body>
    <Identifica><![CDATA[EXTRATO DE TERMO ADITIVO]]></Identifica>
    <Data><![CDATA[]]></Data>
    <Ementa />
    <Titulo />
    <SubTitulo />
    <Texto><![CDATA[<p></p><p class="identifica">EXTRATO DE TERMO ADITIVO</p><p>EXTRATO 144/2025</p><p>Processo nº. 388/2024 - Modalidade: Pregão Eletrônico nº. 142/2024 - Objeto: Registro de preço para futura e eventual aquisição de gases industriais (acetileno, oxigênio, mistura solda ferro), atendendo a demanda da Secretaria de Planejamento e Gestão do município de Montes Claros - MG. Ata nº 599. Fornecedor: Gasmontes Comércio e Transportes Ltda, inscrito no CNPJ: 07.508.847/0001-20. Primeiro Termo de Aditamento: Prorroga-se o prazo de vigência previsto na "Cláusula Quarta" da Ata de Registro de Preços por 12 (doze) meses, iniciando-se no dia 12/09/2025 e tendo como termo final o dia 11/09/2026. Renovam-se os valores previstos na "Cláusula Segunda" da Ata de Registro de Preços, aplicando-se exclusivamente aos itens abaixo relacionado(s), não se incidindo sobre ele(s) nenhum reajuste. O valor global desta renovação é de R$ 24.847,90 (vinte e quatro mil oitocentos e quarenta e sete reais e noventa centavos). Assinado por meio digital em 14 de julho de 2025. Fundamento: Lei nº. 14.133/21 e suas alterações. Secretaria Municipal de Planejamento, Orçamento e Tecnologia.</p><p></p>]]></Texto>
  </body>
  <Midias />
</article></xml>