﻿<xml><article id="44727380" name="PUBavsPE052_RP_027_025" idOficio="11172592" pubName="DO3" artType="Aviso de Licitação-Pregão" pubDate="01/08/2025" artClass="00075:00012:00349:00000:00000:00000:00000:00000:00000:00000:00162:00000" artCategory="Prefeituras/Estado de Minas Gerais/Prefeitura Municipal de Coronel Fabriciano" artSize="12" artNotes="" numberPage="272" pdfPage="http://pesquisa.in.gov.br/imprensa/jsp/visualiza/index.jsp?data=01/08/2025&amp;jornal=530&amp;pagina=272" editionNumber="144" highlightType="" highlightPriority="" highlight="" highlightimage="" highlightimagename="" idMateria="22918088">
  <body>
    <Identifica><![CDATA[Aviso de Licitação]]></Identifica>
    <Data><![CDATA[ Coronel Fabriciano - MG, 28 de julho de 2025. ]]></Data>
    <Ementa />
    <Titulo />
    <SubTitulo />
    <Texto><![CDATA[<p class="identifica">Aviso de Licitação</p><p class="identifica">Pregão Eletrônico nº 52/2025</p><p>Registro de Preços n.º 027/2025 - Processo de Compra n.º 178/2025 - Processo Licitatório n.º 131/2025</p><p>Objeto: futura e eventual contratação de serviços de prestação de serviços de instalação, desinstalação e manutenção corretiva/preventiva de condicionadores e cortina de ar, purificadores de água, filtros, bebedouros, freezers, frigobares e geladeiras, incluindo o fornecimento de peças, materiais e insumos, para atender às demandas da Secretarias de Governança da Prefeitura Municipal de Coronel Fabriciano/MG, tendo como fonte de receitas: Recursos Não Vinculados de Impostos, Transferência de Recursos do Fundo Nacional de Assistência Social - FNAS, Transferência Fundo a Fundo de Recursos do SUS provenientes do Governo Federal, Transferência Fundo a Fundo de Recursos do SUS provenientes do Governo Estadual, Transferência do FUNDEB - Impostos e Transferências de Impostos. O Edital encontra-se disponível pelos endereços eletrônicos www.fabriciano.mg.gov.br e https://ammlicita.org.br/. A abertura da sessão pública ocorrerá em 13/08/2025 às 13h00min pelo endereço eletrônico https://ammlicita.org.br/.</p><p class="data">Coronel Fabriciano - MG, 28 de julho de 2025.</p><p class="assina">Andreia Barros Pereira.</p><p class="cargo">Agente de Contratação</p>]]></Texto>
  </body>
  <Midias />
</article></xml>