﻿<xml><article id="44721556" name="20250725 aviso conc 05" idOficio="11167505" pubName="DO3" artType="Aviso de Licitação" pubDate="01/08/2025" artClass="00075:00014:00234:00000:00000:00000:00000:00000:00000:00000:00078:00000" artCategory="Prefeituras/Estado da Paraíba/Prefeitura Municipal de São José dos Ramos" artSize="12" artNotes="" numberPage="295" pdfPage="http://pesquisa.in.gov.br/imprensa/jsp/visualiza/index.jsp?data=01/08/2025&amp;jornal=530&amp;pagina=295" editionNumber="144" highlightType="" highlightPriority="" highlight="" highlightimage="" highlightimagename="" idMateria="22909368">
  <body>
    <Identifica><![CDATA[ AVISO DE LICITAÇÃO   CONCORRÊNCIA ELETRÔNICA Nº 5/2025]]></Identifica>
    <Data><![CDATA[ São José dos Ramos - PB, 24 de Julho de 2025.]]></Data>
    <Ementa />
    <Titulo />
    <SubTitulo />
    <Texto><![CDATA[<p class="identifica">AVISO DE LICITAÇÃO CONCORRÊNCIA ELETRÔNICA Nº 5/2025</p><p>Torna público que fará realizar através do Agente de Contratação e Equipe de Apoio, sediada na Praça Noé Rodrigues de Lima, S/N - Centro - São José dos Ramos - PB, por meio do site www.portaldecompraspublicas.com.br, licitação modalidade Concorrência Eletrônica, do tipo menor preço, para: CONTRATAÇÃO DE EMPRESA DE ENGENHARIA PARA A REALIZAÇÃO DE REFORMA DA ESCOLA MUNICIPAL SIMPLICIO JOSÉ MENDONÇA, NO SITIO ESCUTA, SÃO JOSÉ DOS RAMOS/PB. Abertura da sessão pública: 09:00 horas do dia 15 de Agosto de 2025. Início da fase de lances: para ocorrer nessa mesma sessão pública. Referência: horário de Brasília - DF. Recursos: previstos no orçamento vigente. Fundamento legal: Lei Federal nº 14.133/21; Lei Complementar nº 123/06; Instrução Normativa nº 73 SEGES/ME/22; e legislação pertinente, consideradas as alterações posteriores das referidas normas. Informações: das 08:00 as 14:00 horas dos dias úteis, no endereço supracitado. E-mail: licitacao@saojosedosramos.pb.gov.br. Edital: www.saojosedosramos.pb.gov.br; www.tce.pb.gov.br; www.portaldecompraspublicas.com.br; www.gov.br/pncp.</p><p class="data">São José dos Ramos - PB, 24 de Julho de 2025.</p><p class="assina">EDMILSON JUNIOR BEZERRA DA SILVA</p><p></p>]]></Texto>
  </body>
  <Midias />
</article></xml>