﻿<xml><article id="44720175" name="EXTRATO DE CONTRATO - No 1962-20" idOficio="11167895" pubName="DO3" artType="Extrato de Contrato" pubDate="01/08/2025" artClass="00028:00045:00000:00000:00000:00000:00000:00000:00000:00000:00030:00000" artCategory="Ministério da Fazenda/Casa da Moeda do Brasil" artSize="12" artNotes="" numberPage="87" pdfPage="http://pesquisa.in.gov.br/imprensa/jsp/visualiza/index.jsp?data=01/08/2025&amp;jornal=530&amp;pagina=87" editionNumber="144" highlightType="" highlightPriority="" highlight="" highlightimage="" highlightimagename="" idMateria="22910346">
  <body>
    <Identifica><![CDATA[ Extrato de Contrato]]></Identifica>
    <Data><![CDATA[]]></Data>
    <Ementa />
    <Titulo />
    <SubTitulo />
    <Texto><![CDATA[<p class="identifica">Extrato de Contrato</p><p>Espécie: Contrato nº 1962/2025; vinculado a Ata de Registro de Preços nº 1931/2025, celebrado entre a CASA DA MOEDA DO BRASIL - CMB e a BLENDPAPER SECURITY PAPÉIS ESPECIAIS S.A.; inscrita no CNPJ sob nº 02.364.069/0003-91; cujo objeto é a aquisição de papel filigranado; Amparo legal: Lei nº 13.303/16, Regulamento de Licitações e Contratos da CMB; Processo nº 18750.014864/2024-77; no valor global de R$ 153.200,00; assinado em 24/07/2025; com vigência de 12 meses; recurso orçamentário "Materiais e Produtos", constante do orçamento de 2025; assinam pela CMB os Superintendentes: Wagner Fernando Bueno Coelho e Luis Carlos Batista; pela contratada: Bruno Bueno Drago - Diretor e Natalia Helena Cinotti Silva - Procuradora.</p>]]></Texto>
  </body>
  <Midias />
</article></xml>