﻿<xml><article id="44732652" name="DOU_0030_2022_Rescisao" idOficio="11155027" pubName="DO3" artType="Extrato de Rescisão Contratual" pubDate="01/08/2025" artClass="00075:00015:00450:00000:00000:00000:00000:00000:00000:00000:00050:00000" artCategory="Prefeituras/Estado do Paraná/Prefeitura Municipal de Toledo" artSize="12" artNotes="" numberPage="299" pdfPage="http://pesquisa.in.gov.br/imprensa/jsp/visualiza/index.jsp?data=01/08/2025&amp;jornal=530&amp;pagina=299" editionNumber="144" highlightType="" highlightPriority="" highlight="" highlightimage="" highlightimagename="" idMateria="22887594">
  <body>
    <Identifica><![CDATA[ EXTRATO DE RESCISÃO ]]></Identifica>
    <Data><![CDATA[]]></Data>
    <Ementa />
    <Titulo />
    <SubTitulo />
    <Texto><![CDATA[<p class="identifica">EXTRATO DE RESCISÃO</p><p>Espécie: TERMO DE RESCISÃO DO CONTRATO Nº 30/2022</p><p>CONTRATANTE: MUNICIPIO DE TOLEDO e GUGALEX TRANSPORTES E TURISMO LTDA</p><p>TEX OBJETO: CLÁUSULA PRIMEIRA: O presente Termo tem por objeto a rescisão unilateral do Contrato nº 030/2022, firmado com a empresa GUGALEX TRANSPORTES E TURISMO LTDA, com efeitos a partir de 26 de julho de 2025. A rescisão encontra respaldo nas razões apresentadas nos Ofícios nº 767/2025 - SMED (fls. 1099-1100) e nº 1075/2025 - SMED (fls. 1125-1130), bem como na Decisão Administrativa constante às fls. 1133-1134 dos autos, nos termos do artigo 79, inciso II, da Lei Federal nº 8.666/1993. Termo de rescisão firmado em 30 de junho de 2025, oriundo do processo licitatório modalidade Pregão Eletrônico nº 256/2021.</p><p>ASS Mario Cesar Costenaro</p><p>DATA DE ASSINATURA: 30 de junho de 2025.</p>]]></Texto>
  </body>
  <Midias />
</article></xml>