﻿<xml><article id="44732877" name="DOU_0234_2020_11A Aditivo" idOficio="11153557" pubName="DO3" artType="Extrato de Termo Aditivo" pubDate="01/08/2025" artClass="00075:00015:00450:00000:00000:00000:00000:00000:00000:00000:00053:00000" artCategory="Prefeituras/Estado do Paraná/Prefeitura Municipal de Toledo" artSize="12" artNotes="" numberPage="301" pdfPage="http://pesquisa.in.gov.br/imprensa/jsp/visualiza/index.jsp?data=01/08/2025&amp;jornal=530&amp;pagina=301" editionNumber="144" highlightType="" highlightPriority="" highlight="" highlightimage="" highlightimagename="" idMateria="22885520">
  <body>
    <Identifica><![CDATA[EXTRATO DE TERMO ADITIVO ]]></Identifica>
    <Data><![CDATA[]]></Data>
    <Ementa />
    <Titulo />
    <SubTitulo />
    <Texto><![CDATA[<p class="identifica">EXTRATO DE TERMO ADITIVO</p><p>Espécie: 11º TERMO ADITIVO AO CONTRATO Nº 234/2020</p><p>CONTRATANTE: MUNICIPIO DE TOLEDO</p><p>CONTRATADA: GUGALEX TRANSPORTES E TURISMO LTDA</p><p>OBJETO: CLÁUSULA PRIMEIRA - DO OBJETO: O presente Termo Aditivo tem por objeto reajustar os valores contratuais, com aplicação do Índice Nacional de Preços ao Consumidor - INPC de 4,866500%, referente ao aumento apurado no período entre 03/2024 e 02/2025, com efeitos a contar de 06 de março de 2025. Reajuste INPC: Lote 02: Rota 03 - O valor do KM passará de R$ 5,58 para R$ 5,67. Termo aditivo firmado em 03 de junho de 2025, oriundo do processo licitatório na modalidade Pregão Presencial nº 263/2019.</p><p>DATA DE ASSINATURA: 3 de junho de 2025.</p>]]></Texto>
  </body>
  <Midias />
</article></xml>