﻿<xml><article id="44719262" name="AVISO DE LICITACAO - PREGAO ELET" idOficio="11177970" pubName="DO3" artType="Aviso de Licitação" pubDate="01/08/2025" artClass="00074:00023:00002:00000:00000:00000:00000:00000:00000:00000:00079:00000" artCategory="Governo do Estado/Governo do Estado de Roraima/SECRETARIA DE ESTADO DE LICITAÇÃO E CONTRATAÇÃO" artSize="12" artNotes="" numberPage="236" pdfPage="http://pesquisa.in.gov.br/imprensa/jsp/visualiza/index.jsp?data=01/08/2025&amp;jornal=530&amp;pagina=236" editionNumber="144" highlightType="" highlightPriority="" highlight="" highlightimage="" highlightimagename="" idMateria="22926073">
  <body>
    <Identifica><![CDATA[ AVISO DE LICITAÇÃO]]></Identifica>
    <Data><![CDATA[ Boa Vista - RR, 29 de julho de 2025. ]]></Data>
    <Ementa />
    <Titulo />
    <SubTitulo />
    <Texto><![CDATA[<p class="identifica">AVISO DE LICITAÇÃO</p><p class="identifica">PREGÃO ELETRÔNICO Nº 90029/2025</p><p>PROCESSO Nº 19102.005007/2025.64- CBMRR</p><p>Objeto: Aquisição de embarcação tipo Ambulancha.</p><p>DATA DE ABERTURA: 19/08/2025 HORA: 09h30 (horário de Brasília)</p><p>O edital se encontrará à disposição dos interessados nos sites: www.compras.gov.br e http://selc.rr.gov.br, bem como na Sede desta SELC/RR, localizada na Av. Nossa Senhora da Consolata, n° 472 - Centro; CEP: 69.301-011; Boa Vista/RR, em horário normal de expediente, a partir do dia 30/07/2025. Código da UASG n° 930800.</p><p class="data">Boa Vista - RR, 29 de julho de 2025.</p><p class="assina">TANCREMAR CARMO DA SILVA</p><p class="cargo">Agente de Contratação/Pregoeiro da SELC/RR</p>]]></Texto>
  </body>
  <Midias />
</article></xml>