﻿<xml><article id="44732772" name="DOU_0521_2025_Extrato Ata" idOficio="11154765" pubName="DO3" artType="Extrato de Termo Aditivo" pubDate="01/08/2025" artClass="00075:00015:00450:00000:00000:00000:00000:00000:00000:00000:00053:00000" artCategory="Prefeituras/Estado do Paraná/Prefeitura Municipal de Toledo" artSize="12" artNotes="" numberPage="305" pdfPage="http://pesquisa.in.gov.br/imprensa/jsp/visualiza/index.jsp?data=01/08/2025&amp;jornal=530&amp;pagina=305" editionNumber="144" highlightType="" highlightPriority="" highlight="" highlightimage="" highlightimagename="" idMateria="22887119">
  <body>
    <Identifica><![CDATA[EXTRATO  DE REGISTRO DE PREÇOS]]></Identifica>
    <Data><![CDATA[]]></Data>
    <Ementa />
    <Titulo />
    <SubTitulo />
    <Texto><![CDATA[<p class="identifica">EXTRATO DE REGISTRO DE PREÇOS</p><p>Espécie: ATA DE REGISTRO DE PREÇOS Nº 521/2025</p><p>CONTRATANTE: MUNICÍPIO DE TOLEDO</p><p>CONTRATADA: GMS PRIME SERVIÇOS &amp; COMERCIO DE INFORMATICA LTDA</p><p>OBJETO: Registro de Preços, pelo período de 12 (doze) meses, para eventual aquisição de computadores para o Município de Toledo/PR. VALOR: R$ 343.680,00 (trezentos e quarenta e três mil, seiscentos e oitenta reais). Ata de registro de preço firmada em 27 de junho de 2025, oriunda da licitação modalidade Pregão Eletrônico nº 153/2024.</p><p>DATA DE ASSINATURA: 27 de junho de 2025.</p>]]></Texto>
  </body>
  <Midias />
</article></xml>