﻿<xml><article id="44720466" name="69 EXTRATO DE REGISTRO (01.08.20" idOficio="11181728" pubName="DO3" artType="Extrato" pubDate="01/08/2025" artClass="00073:11449:00001:00000:00000:00000:00000:00000:00000:00000:00170:00000" artCategory="Ineditoriais/Universidade Católica de Pernambuco/Pró-Reitoria Acadêmica" artSize="12" artNotes="" numberPage="231" pdfPage="http://pesquisa.in.gov.br/imprensa/jsp/visualiza/index.jsp?data=01/08/2025&amp;jornal=530&amp;pagina=231" editionNumber="144" highlightType="" highlightPriority="" highlight="" highlightimage="" highlightimagename="" idMateria="22932006">
  <body>
    <Identifica><![CDATA[ AVISO DE REGISTRO DE DIPLOMAS]]></Identifica>
    <Data><![CDATA[Recife, 28 de julho de 2025.]]></Data>
    <Ementa />
    <Titulo />
    <SubTitulo />
    <Texto><![CDATA[<p class="identifica">AVISO DE REGISTRO DE DIPLOMAS</p><p>POR CURSO/CÓDIGO INEP</p><p>Mantenedora: ASAV - Associação Antônio Vieira, CNPJ: 92.959.006/0001-09. Mantida: Universidade Católica de Pernambuco - código 11</p><p>Para fins do disposto no art. 21 da Portaria MEC nº 1.095, de 25 de outubro de 2018, esta Instituição de Educação Superior informa que foram registrados 11 diplomas no período de 10/07/2025 a 28/07/2025, no seguinte Livro UNICAP 2025: Administração de Empresas Bacharelado - 29332 - 02 diplomas - Nº 194 e 197. Comunicação Social Jornalismo Bacharelado - 87000 - 01 diploma - Nº 201. Comunicação Social Publicidade e Propaganda Bacharelado - 87002 - 01 diploma - Nº 202. Direito Bacharelado - 963 - 05 diplomas - Nº 191, 195, 196, 198 e 199. Pedagogia Licenciatura - 954 - 01 diploma - Nº 192. Turismo Bacharelado - 973 - 01 diploma - Nº 200.</p><p>A relação dos diplomas registrados poderá ser consultada em até quinze dias, no endereço: www.unicap.br</p><p>Identificação do dirigente da IES mantida: Reitor da Universidade Católica de Pernambuco - Prof. Dr. Pe. Pedro Rubens Ferreira Oliveira, S.J.</p><p class="data">Recife, 28 de julho de 2025.</p><p class="assina">Pedro Rubens Ferreira Oliveira</p><p class="cargo">Reitor da Universidade Católica de Pernambuco</p>]]></Texto>
  </body>
  <Midias />
</article></xml>