﻿<xml><article id="44721067" name="28.07-PG 122 124 e DE 45" idOficio="11177875" pubName="DO3" artType="Aviso de Licitação" pubDate="01/08/2025" artClass="00075:00015:00228:00000:00000:00000:00000:00000:00000:00000:00079:00000" artCategory="Prefeituras/Estado do Paraná/Prefeitura Municipal de Londrina" artSize="12" artNotes="" numberPage="297" pdfPage="http://pesquisa.in.gov.br/imprensa/jsp/visualiza/index.jsp?data=01/08/2025&amp;jornal=530&amp;pagina=297" editionNumber="144" highlightType="" highlightPriority="" highlight="" highlightimage="" highlightimagename="" idMateria="22925896">
  <body>
    <Identifica><![CDATA[ AVISOS DE LICITAÇÃO]]></Identifica>
    <Data><![CDATA[ Londrina,   29 de julho de 2025.]]></Data>
    <Ementa />
    <Titulo />
    <SubTitulo />
    <Texto><![CDATA[<p></p><p class="identifica">AVISOS DE LICITAÇÃO</p><p class="identifica">PREGÕES ELETRÔNICOS</p><p>PGE-0122 0124 0125 0127/2025 o PGV-0126/2025 e a DE/SMGP-0045/2025</p><p>Comunicamos aos interessados que estão disponibilizadas as licitações a seguir:</p><p>PREGÃO ELETRÔNICO n.º PGE/SMGP-122/2025 (COMPRASGOV n.º 90.122/2025), objeto: Aquisição imediata de alças de eletrocautério para o ambulatório de colposcopia da Policlínica Municipal de Londrina. Valor máximo da licitação: R$ 2.961,05, o</p><p>PREGÃO ELETRÔNICO n.º PGE/SMGP-0124/2025 (COMPRASGOV Nº 90.124/2025), objeto: Registro de Preços para eventual aquisição de material médico hospitalar. Valor máximo da licitação: R$ 1.567.762,19, o</p><p>PREGÃO ELETRÔNICO n.º PGE/SMGP-125/2025 (COMPRASGOV n.º 90.125/2025), objeto: Contratação de empresa para prestação de serviços de locação de software de Gestão Integrada de Regime Próprio de Previdência Social. Valor máximo da licitação: R$ 425.650,24, o</p><p>PREGÃO PRESENCIAL COM USO DE VIDEOCONFERÊNCIA n.º PGV/SMGP-126/2025, objeto: Registro de preços para aquisição de persianas horizontais, incluindo instalação. Valor máximo da licitação: R$ 257.133,03, o</p><p>PREGÃO ELETRÔNICO n.º PGE/SMGP-127/2025 (COMPRASGOV n.º 90.127/2025), objeto: Aquisição imediata de equipamentos eletrônicos (Drone e Webcam). Valor máximo da licitação: R$ 76.935,74</p><p>Os Editais poderão ser obtidos através do site www.londrina.pr.gov.br. Quaisquer informações necessárias pelos telefones (43) 3372-4074, o 3372-4411, o 3372-4395, o 3372-4284, o 3372-4403 e o 3372-4026 ou ainda pelo e-mail: licita@londrina.pr.gov.br.</p><p class="data">Londrina, 29 de julho de 2025.</p><p class="assina">Sérgio Willian Costa Becker</p><p class="cargo">Secretário Municipal de Gestão Pública</p><p class="identifica">AVISO DE DISPENSA ELETRÔNICA Nº DE/SMGP-0045/2025</p><p>DISPENSA ELETRÔNICA n.º DE/SMGP-0045/2025 (COMPRASGOV Nº 90.045/2025), objeto: Registro de Preços para eventual aquisição de medicamentos constantes na REMUME. Valor máximo da licitação: R$ 252.923,85.</p><p>O Edital pode ser obtidos através do site www.londrina.pr.gov.br. Quaisquer informações necessárias pelos telefones (43) 3372-4074, o 3372-4411, o 3372-4395, o 3372-4284, o 3372-4403 e o 3372-4026 ou ainda pelo e-mail: licita@londrina.pr.gov.br.</p><p class="data">Londrina, 29 de julho de 2025.</p><p class="assina">Sérgio Willian Costa Becker</p><p class="cargo">Secretário Municipal de Gestão Pública</p>]]></Texto>
  </body>
  <Midias />
</article></xml>