﻿<xml><article id="44722520" name="LAUDA ABE PE 045 25 DAEJUNDIAI" idOficio="11178322" pubName="DO3" artType="Aviso de Licitação" pubDate="01/08/2025" artClass="00075:00024:00411:00001:00000:00000:00000:00000:00000:00000:00078:00000" artCategory="Prefeituras/Estado de São Paulo/Prefeitura Municipal de Jundiaí/Departamento de Água e Esgoto" artSize="12" artNotes="" numberPage="325" pdfPage="http://pesquisa.in.gov.br/imprensa/jsp/visualiza/index.jsp?data=01/08/2025&amp;jornal=530&amp;pagina=325" editionNumber="144" highlightType="" highlightPriority="" highlight="" highlightimage="" highlightimagename="" idMateria="22926483">
  <body>
    <Identifica><![CDATA[aviso DE LICITAÇÃO]]></Identifica>
    <Data><![CDATA[ Jundiaí/SP, 29 de julho de 2025.]]></Data>
    <Ementa />
    <Titulo />
    <SubTitulo />
    <Texto><![CDATA[<p class="identifica">aviso DE LICITAÇÃO</p><p class="identifica">Pregão Eletrônico nº 45/2025</p><p>Edital de 28/07/25 OBJETO: Aquisição de tubos e conexões em PEAD para execução da adutora de água tratada Jardim do Lago x Castanho - IN22. CRITÉRIO DE JULGAMENTO: Menor Preço por Item. ABERTURA: às 09:30 hs do dia 19/08/2025. LOCAL PARA RETIRADA DO EDITAL: No site http://compraabertadae.jundiai.sp.gov.br (acessar o link Licitações) gratuitamente.</p><p class="data">Jundiaí/SP, 29 de julho de 2025.</p><p class="assina">Darlene Santiago Poletto</p><p class="cargo">Diretora Administrativa</p>]]></Texto>
  </body>
  <Midias />
</article></xml>