﻿<xml><article id="44738114" name="2025-07-27/11169593/COMPRASNETWS" idOficio="11169593" pubName="DO3" artType="Extrato de Contrato" pubDate="01/08/2025" artClass="00025:00082:00000:00000:00000:00000:00000:00000:00000:00000:00030:00001" artCategory="Ministério da Educação/Instituto Federal de Educação, Ciência e Tecnologia de Santa Catarina" artSize="12" artNotes="" numberPage="49" pdfPage="http://pesquisa.in.gov.br/imprensa/jsp/visualiza/index.jsp?data=01/08/2025&amp;jornal=530&amp;pagina=49" editionNumber="144" highlightType="" highlightPriority="" highlight="" highlightimage="" highlightimagename="" idMateria="22913888">
  <body>
    <Identifica><![CDATA[ EXTRATO DE CONTRATO Nº 91/2025 - UASG 158516]]></Identifica>
    <Data><![CDATA[]]></Data>
    <Ementa />
    <Titulo />
    <SubTitulo />
    <Texto><![CDATA[<p class="identifica">EXTRATO DE CONTRATO Nº 91/2025 - UASG 158516</p><p>Nº Processo: 23292.034213/2022-08.</p><p>Dispensa Nº 95006/2025. Contratante: INST.FED.DE EDUC.,CIENC.E TEC.DE STA.CAT/IFSC.</p><p>Contratado: 79.283.065/0001-41 - ORBENK ADMINISTRACAO E SERVICOS LTDA.. Objeto: Contratação, sob a forma de execução indireta, no regime de empreitada por preço unitário, de pessoa jurídica especializada para prestação continuada de serviços com dedicação exclusiva de mão de obra, nas áreas de gestão de mão de obra para limpeza, asseio e conservação a ser executado no campus são lourenço do oeste do ifsc..</p><p>Fundamento Legal: LEI 8.666 / 1993 - Artigo: 24 - Inciso: XI. Vigência: 21/05/2025 a 21/05/2026. Valor Total: R$ 523.143,60. Data de Assinatura: 12/05/2025.</p><p>(COMPRASNET 4.0 - 27/07/2025).</p>]]></Texto>
  </body>
  <Midias />
</article></xml>