﻿<xml><article id="44721211" name="Publicacao CC 009_2025 [Uniao]" idOficio="11183891" pubName="DO3" artType="Aviso de Licitação-Concorrência" pubDate="01/08/2025" artClass="00075:00025:00091:00000:00000:00000:00000:00000:00000:00000:00159:00000" artCategory="Prefeituras/Estado de Sergipe/Prefeitura Municipal de Tobias Barreto" artSize="12" artNotes="" numberPage="329" pdfPage="http://pesquisa.in.gov.br/imprensa/jsp/visualiza/index.jsp?data=01/08/2025&amp;jornal=530&amp;pagina=329" editionNumber="144" highlightType="" highlightPriority="" highlight="" highlightimage="" highlightimagename="" idMateria="22936537">
  <body>
    <Identifica><![CDATA[ AVISO DE LICITAÇÃO]]></Identifica>
    <Data><![CDATA[ Tobias Barreto-SE, 30 de julho de 2025.]]></Data>
    <Ementa />
    <Titulo />
    <SubTitulo />
    <Texto><![CDATA[<p></p><p class="identifica">AVISO DE LICITAÇÃO</p><p class="identifica">CONCORRÊNCIA n° 9/2025</p><p>A Agente de Contratação e Comissão do Município de Tobias Barreto, torna público, para conhecimento de todos, a realização de licitação, na modalidade acima especificada, e mediante informações a seguir: OBJETO: Contratação de empresa especializada em obras e serviços de engenharia para construção da creche padrão FNDE no Bairro SUTI, município de Tobias Barreto/SE. DATA DE ABERTURA DA SESSÃO PÚBLICA: 09/09/2025 (nove de setembro de dois mil e vinte e cinco), às 09:00h (nove horas), no endereço eletrônico: www.licitanet.com.br. TIPO: Menor Preço Global. PRAZO CONTRATUAL: 24 (vinte e quatro) meses. PRAZO DE EXECUÇÃO: 12 (doze) meses. CLASSIFICAÇÃO ORÇAMENTÁRIA: Órgão: 27000 - Unidade: 27039 - Ação: 1058,1083 - Elemento: 4490.51.00.00 - Fonte: 15690000, 15420000. BASE LEGAL: Lei Federal 14.133, de 01 de abril de 2021, pela Lei Complementar n° 123, de 14 de dezembro de 2006, e demais legislações pertinentes em vigor, além das disposições constantes do Edital, de suas especificações e respectivos anexos. PARECER JURÍDICO: Nº CC0092025PMTB. Valor Global Estimado: R$ 4.527.950,04 (quatro milhões, quinhentos e vinte sete mil, novecentos e cinquenta reais e quatro centavos). O Edital e informações complementares, encontram-se à disposição dos interessados na sala da Comissão Permanente de Licitação, situada à Praça Dom José Thomaz, 222, 1º Andar, Tobias Barreto, Estado de Sergipe. - Telefone: (0.XX.79) 99984-1827, ou pelo e-mail: licitacao@tobiasbarreto.se.gov.br, ou ainda pelo endereço eletrônico: www.tobiasbarreto.se.gov.br. Horário de funcionamento: das 08:00 às 12:00 de segunda a sexta-feira nos dias de expediente da Prefeitura Municipal de Tobias Barreto.</p><p class="data">Tobias Barreto-SE, 30 de julho de 2025.</p><p class="assina">Denise de Andrade Aquino</p><p></p>]]></Texto>
  </body>
  <Midias />
</article></xml>