﻿<xml><article id="44721373" name="CONVOCACAO CLASSIFICACAO PROJETO" idOficio="11184777" pubName="DO3" artType="Aviso de Chamamento Público" pubDate="01/08/2025" artClass="00075:00024:00079:00000:00000:00000:00000:00000:00000:00000:00108:00000" artCategory="Prefeituras/Estado de São Paulo/Prefeitura Municipal de Araraquara" artSize="12" artNotes="ok" numberPage="322" pdfPage="http://pesquisa.in.gov.br/imprensa/jsp/visualiza/index.jsp?data=01/08/2025&amp;jornal=530&amp;pagina=322" editionNumber="144" highlightType="" highlightPriority="" highlight="" highlightimage="" highlightimagename="" idMateria="22938444">
  <body>
    <Identifica><![CDATA[aviso ]]></Identifica>
    <Data><![CDATA[ Araraquara, 30 de julho de 2025.]]></Data>
    <Ementa />
    <Titulo />
    <SubTitulo />
    <Texto><![CDATA[<p class="identifica">aviso</p><p>CONVOCAÇÃO PARA CLASSIFICAÇÃO DO PROJETO DE VENDAS - RETIFICADO</p><p>Chamada Pública N° 001/2025, Dispensa Nº 2261/2025, Processo Nº 6853/2025. Com referência à Chamada Pública N° 001/2025 - Dispensa 2261/2024 - Processo Licitatório Nº 6853/2025, que tem por objeto a Aquisição De Gêneros Alimentícios (Hortifrutícolas) de Fornecedores Individuais da Agricultura Familiar e Demais Beneficiários que se Enquadrem Nas Disposições Da Lei Nº 14.628/2023, Por Meio Da Modalidade De Compra Institucional Do Programa De Aquisição De Alimentos (PAA), conforme especificações descritas neste edital, visando atender prioritariamente as famílias em situação de vulnerabilidade social cadastradas na Secretaria de Desenvolvimento Social, mediante a distribuição de cestas de hortifrútis nos Centros de Referência de Assistência Social (CRAS), podendo ainda fornecer os alimentos ao público beneficiário das entidades socioassistenciais e programas sociais do município, contribuindo desta forma para a garantia do Direito Humano à Alimentação Adequada (DHAA), vimos comunicar que: A integra da convocação, se encontra disponibilizada no site do Município através do link, https://araraquara.sp.gov.br/transparencia/compras-e-licitacoes/licitacoes-e-contratos/portal-da-transparencia-planejamento-e-financas</p><p class="data">Araraquara, 30 de julho de 2025.</p><p class="assina">LUCAS KAILER BONI</p><p class="cargo">Agente de Contratação</p>]]></Texto>
  </body>
  <Midias />
</article></xml>