﻿<xml><article id="44718629" name="AVISO DE LICITACAO - CONCORRENCI" idOficio="11167111" pubName="DO3" artType="Aviso de Licitação-Concorrência" pubDate="01/08/2025" artClass="00074:00023:00002:00000:00000:00000:00000:00000:00000:00000:00159:00000" artCategory="Governo do Estado/Governo do Estado de Roraima/SECRETARIA DE ESTADO DE LICITAÇÃO E CONTRATAÇÃO" artSize="12" artNotes="" numberPage="236" pdfPage="http://pesquisa.in.gov.br/imprensa/jsp/visualiza/index.jsp?data=01/08/2025&amp;jornal=530&amp;pagina=236" editionNumber="144" highlightType="" highlightPriority="" highlight="" highlightimage="" highlightimagename="" idMateria="22908902">
  <body>
    <Identifica><![CDATA[ AVISO De licitação  ]]></Identifica>
    <Data><![CDATA[]]></Data>
    <Ementa />
    <Titulo />
    <SubTitulo />
    <Texto><![CDATA[<p class="identifica">AVISO De licitação</p><p class="identifica">CONCORRÊNCIA Nº 32/2025</p><p>Nº EDITAL NO PNCP 002/2026 - Código da UASG n° 930800</p><p>ID CONTRATAÇÃO PNCP: 53212344000120-1-000002/2026</p><p>PROCESSO Nº 21101.000397/2025.38 - INTERESSADO: SEINF</p><p>A SECRETARIA DE ESTADO DE LICITAÇÃO E CONTRATAÇÃO - SELC, através da Agente de Contratação, designada pela PORTARIA Nº 116/SELC/SEC/GABEXEC, DE 22 DE MAIO DE 2025, publicada no DOE Nº 4929, de 23 de maio de 2025 e Despacho 1489/2025/SELC/SEC/COELIC, torna público que realizará licitação na Modalidade CONCORRÊNCIA, na forma Presencial, do tipo Menor Preço, com Inversão de Fases, pelo regime de execução por Empreitada por Preço Unitário, sob a forma de execução indireta, regida pela Lei nº 14.133, de 1º de abril de 2021, e demais normas regulamentares aplicáveis à espécie, em especial a Instrução Normativa Nº 5, de 2017; a Lei Nº 12.846, de 1º de agosto de 2013; a Lei Complementar Nº 123, de 14 de dezembro de 2006, aplicam-se ainda, a Portaria Interministerial nº 424, de 30 de dezembro de 2016; e as condições e exigências constantes do presente Edital e seus anexos, projeto básico, planilhas orçamentárias e demais documentos que são parte integrante desta licitação.</p><p>OBJETO: Contratação de Empresa Especializada em Engenharia Civil para Execução da obra de Construção de Creche Municipal Infantil, Padrão Tipo 2 - Programa Proinfância - FNDE, no Município de Rorainópolis - RR.</p><p>PERÍODO E LOCAL PARA RECEBIMENTO DE PROPOSTA/DOCUMENTAÇÃO: Data/Hora: 11/09/2025, às 09:00 h (horário local), na Av. Nossa Senhora da Consolata, n° 472 - Centro; CEP: 69.301-011; Boa Vista/RR.</p><p>O Edital poderá ser adquirido gratuitamente no Protocolo da Secretaria de Estado de Licitação e Contratação - SELC, no local e horário de expediente das 07:30 às 13:30, ou baixado pelo site www.selc.rr.gov.br, ou solicitado pelo e-mail "coelic@selc.rr.gov.br", a partir do dia 25/07/2025. Os interessados deverão disponibilizar seus endereços eletrônicos (e-mail) ou dispositivo de mídia removível para obter a cópia do Edital.</p><p class="assina">HERIVALDO FELIPE AMORAS DOS SANTOS JR</p><p class="cargo">Agente de Contratação - SELC</p>]]></Texto>
  </body>
  <Midias />
</article></xml>