﻿<xml><article id="44721529" name="AVISO DE LICITACAO MENOR 2 = DOU" idOficio="11183767" pubName="DO3" artType="Aviso de Licitação" pubDate="01/08/2025" artClass="00075:00012:00916:00000:00000:00000:00000:00000:00000:00000:00078:00000" artCategory="Prefeituras/Estado de Minas Gerais/PREFEITURA MUNICIPAL DE SANTA RITA DO SAPUCAÍ" artSize="12" artNotes="" numberPage="278" pdfPage="http://pesquisa.in.gov.br/imprensa/jsp/visualiza/index.jsp?data=01/08/2025&amp;jornal=530&amp;pagina=278" editionNumber="144" highlightType="" highlightPriority="" highlight="" highlightimage="" highlightimagename="" idMateria="22936358">
  <body>
    <Identifica><![CDATA[AVISO DE LICITAÇÃO]]></Identifica>
    <Data><![CDATA[ Santa Rita do Sapucaí, MG, 29 de Julho de 2025.]]></Data>
    <Ementa />
    <Titulo />
    <SubTitulo />
    <Texto><![CDATA[<p class="identifica">AVISO DE LICITAÇÃO</p><p class="identifica">PREGÃO ELETRÔNICO Nº 38/2025</p><p>Tornamos pública a realização de Certame do Processo Licitatório PRC N.º 073/2025, na modalidade PREGÃO ELETRÔNICO Nº. 038/2025, Registro de Preços N.º 038/2025, do tipo MENOR PREÇO POR ITEM no dia 15 de Agosto de 2025, às 08h30min, tendo por objeto a contratação de empresa para fornecimento de material de CONSUMO ODONTOLÓGICO para manutenção do serviço de saúde bucal para atendimento a pacientes da rede municipal no âmbito do Sistema Único de saúde - sus do município de Santa Rita do Sapucaí / MG. Edital disponível em: www.pmsrs.mg.gov.br.</p><p class="data">Santa Rita do Sapucaí, MG, 29 de Julho de 2025.</p><p class="assina">Gislaine Karine da Silveira</p><p class="cargo">Diretora da Divisão de Licitação</p>]]></Texto>
  </body>
  <Midias />
</article></xml>