﻿<xml><article id="44720160" name="AVISO LICIT P.E 20250714" idOficio="11184640" pubName="DO3" artType="Aviso de Licitação" pubDate="01/08/2025" artClass="00074:00007:00001:00000:00000:00000:00000:00000:00000:00000:00079:00000" artCategory="Governo do Estado/Governo do Estado do Ceará/Casa Civil" artSize="12" artNotes="" numberPage="233" pdfPage="http://pesquisa.in.gov.br/imprensa/jsp/visualiza/index.jsp?data=01/08/2025&amp;jornal=530&amp;pagina=233" editionNumber="144" highlightType="" highlightPriority="" highlight="" highlightimage="" highlightimagename="" idMateria="22937572">
  <body>
    <Identifica><![CDATA[ AVISO DE LICITAÇÃO ]]></Identifica>
    <Data><![CDATA[ Fortaleza - CE, 28 de Julho de 2025]]></Data>
    <Ementa />
    <Titulo />
    <SubTitulo />
    <Texto><![CDATA[<p class="identifica">AVISO DE LICITAÇÃO</p><p class="identifica">PREGÃO ELETRÔNICO Nº 20250714 IG Nº 1378354000</p><p>A Secretaria da Casa Civil torna público o Pregão Eletrônico No 20250714, de interesse da Secretaria da Saúde - SESA, cujo OBJETO é: Aquisição de insumos para laboratório destinado para a produção de fitoterápicos vinculados ao projeto Interculturalidade e Farmácia Viva no SUS, conforme especificações contidas no Edital e seus Anexos. RECEBIMENTO DAS PROPOSTAS VIRTUAIS: No endereço www.comprasnet.gov.br, através do No 907142025, até o dia 20/08/2025, às 14h30min (Horário de Brasília-DF). OBTENÇÃO DO EDITAL: No endereço eletrônico acima ou no site www.seplag.ce.gov.br</p><p class="data">Fortaleza - CE, 28 de Julho de 2025</p><p class="assina">CARLOS ALBERTO COELHO LEITÃO</p><p class="cargo">Pregoeiro</p>]]></Texto>
  </body>
  <Midias />
</article></xml>