﻿<xml><article id="44718707" name="EXTRATO_DO_CONTRATO" idOficio="11182569" pubName="DO3" artType="Aviso" pubDate="01/08/2025" artClass="00075:00014:00117:00000:00000:00000:00000:00000:00000:00000:00106:00000" artCategory="Prefeituras/Estado da Paraíba/Prefeitura Municipal de João Pessoa" artSize="12" artNotes="" numberPage="293" pdfPage="http://pesquisa.in.gov.br/imprensa/jsp/visualiza/index.jsp?data=01/08/2025&amp;jornal=530&amp;pagina=293" editionNumber="144" highlightType="" highlightPriority="" highlight="" highlightimage="" highlightimagename="" idMateria="22934356">
  <body>
    <Identifica><![CDATA[ EXTRATO DE CONTRATO Nº 8003/2025]]></Identifica>
    <Data><![CDATA[]]></Data>
    <Ementa />
    <Titulo />
    <SubTitulo />
    <Texto><![CDATA[<p class="identifica">EXTRATO DE CONTRATO Nº 8003/2025</p><p>PARTES: Contratante: Secretaria Municipal de Planejamento (SEPLAN).</p><p>Contratada: Luan Fernando Costa de Melo (Naul Engenharia).</p><p>Objeto: Execução do Pavimento Térreo do Edifício Jacarandá para Instalação da Secretaria Executiva de Controle e Licenciamento Urbano, no Bairro de Água Fria, João Pessoa/Pb.</p><p>PRAZO EXECUÇÃO: 150 (cento e cinqüenta) dias</p><p>PRAZO VIGÊNCIA CONTRATUAL: 240 (duzentos e quarenta) dias</p><p>LICITAÇÃO: Concorrência n.º 08002/2025.</p><p>VALOR: R$ 1.059.869,56 (Hum Milhão Cinquenta e Nove Mil Oitocentos e Sessenta e Nove Reais e Cinquenta e Seis Centavos).</p><p>FUNDAMENTO LEGAL: Lei Federal nº 14.133/2021 e suas alterações, bem como o artigo 37 da Constituição Federal.</p><p>João Pessoa 25 de julho de 2025. Ayrton Lins Falcão Filho; Secretário Municipal de Planejamento; CONTRATANTE; Luan Fernando Costa de Melo (naul engenharia). CONTRATADA</p>]]></Texto>
  </body>
  <Midias />
</article></xml>