﻿<xml><article id="44722466" name="EXTRATO AVISO DE LICITACAO" idOficio="11184249" pubName="DO3" artType="Aviso de Homologação" pubDate="01/08/2025" artClass="00075:00010:00079:00000:00000:00000:00000:00000:00000:00000:00075:00000" artCategory="Prefeituras/Estado de Mato Grosso/Prefeitura Municipal de Itiquira" artSize="12" artNotes="" numberPage="265" pdfPage="http://pesquisa.in.gov.br/imprensa/jsp/visualiza/index.jsp?data=01/08/2025&amp;jornal=530&amp;pagina=265" editionNumber="144" highlightType="" highlightPriority="" highlight="" highlightimage="" highlightimagename="" idMateria="22937072">
  <body>
    <Identifica><![CDATA[  RESULTADO DE JULGAMENTO]]></Identifica>
    <Data><![CDATA[ Itiquira/MT,   30 de julho de 2025.]]></Data>
    <Ementa />
    <Titulo />
    <SubTitulo />
    <Texto><![CDATA[<p class="identifica">RESULTADO DE JULGAMENTO</p><p class="identifica">PREGÃO ELETRÔNICO Nº 11/2025</p><p>PROCESSO ADMINISTRATIVO Nº 39/2025</p><p></p><p>A Prefeitura Municipal de Itiquira/MT, torna público para conhecimento dos interessados que na licitação citada objetivando a CONTRATAÇÃO DE EMPRESAS PARA AQUISIÇÃO DE LUBRIFICANTES, GRAXAS, FLUIDOS E INSUMOS PARA ATENDIMENTO DOS VEÍCULOS E MAQUINÁRIOS PERTENCENTES A FROTA DO MUNICÍPIO DE ITIQUIRA/MT, do tipo menor preço por item, obteve o seguinte resultado: LUBE PACK COMERCIAL LTDA - EPP, devidamente inscrita no CNPJ nº 46.310.289/0001-46 no valor total de R$ 484.775,90 (quatrocentos e oitenta e quatro mil e setecentos e setenta e cinco reais e noventa centavos), OLAPER COMERCIO E DISTRIBUIDORA DE LUBRIFICANTES E PNEUS EIRELI, devidamente inscrita no CNPJ nº 17.553.866/0001-22 no valor total de R$ 83.030,50 (oitenta e três mil e trinta reais e cinquenta centavos), JC FENIX DISTRIBUIÇÃO LTDA, devidamente inscrita no CNPJ nº 56.689.278/0001-72, no valor total de R$ 49.530,00 (quarenta e nove mil e quinhentos e trinta reais), ADRIANO DOS REIS LTDA ME, devidamente inscrita no CNPJ nº 26.766.947/0001-00, no valor total de R$ 46.240,00 (quarenta e seis mil e duzentos e quarenta reais). Itens fracassados: 35, 98 e 111.</p><p class="data">Itiquira/MT, 30 de julho de 2025.</p><p class="assina">ROSANGELA EVANGELISTA DOS SANTOS</p><p class="cargo">Coordenadora de Compras Publicas</p>]]></Texto>
  </body>
  <Midias />
</article></xml>