﻿<xml><article id="44725271" name="PE 034 2025 - SEMUSA" idOficio="11184849" pubName="DO3" artType="Aviso de Licitação-Registro de Preços" pubDate="01/08/2025" artClass="00075:00021:00029:00000:00000:00000:00000:00000:00000:00000:00192:00000" artCategory="Prefeituras/Estado de Rondônia/Prefeitura Municipal de Ji-Paraná" artSize="12" artNotes="" numberPage="318" pdfPage="http://pesquisa.in.gov.br/imprensa/jsp/visualiza/index.jsp?data=01/08/2025&amp;jornal=530&amp;pagina=318" editionNumber="144" highlightType="" highlightPriority="" highlight="" highlightimage="" highlightimagename="" idMateria="22938482">
  <body>
    <Identifica><![CDATA[ AVISO DE LICITAÇÃO]]></Identifica>
    <Data><![CDATA[ Ji-Paraná,   31 de julho de 2025.]]></Data>
    <Ementa />
    <Titulo />
    <SubTitulo />
    <Texto><![CDATA[<p></p><p class="identifica">AVISO DE LICITAÇÃO</p><p class="identifica">PREGÃO ELETRÔNICO Nº 90034/2025/PMJP-RO</p><p>A Prefeitura do Município de Ji-Paraná - RO, por meio da Superintendência de Compras e Licitações - SUPECOL, da Pregoeira e da Equipe de Apoio, nomeados pelo Decreto Municipal nº 1719/2025, torna público, para conhecimento de todos os interessados, que realizará licitação na modalidade de PREGÃO na forma ELETRÔNICA, com critério de julgamento de MENOR PREÇO POE ITEM, modo de disputa ABERTO, para REGISTRO DE PREÇOS, cujo objeto é a Aquisição de material de consumo (solução fisiológica) referente aos itens fracassados e desertos oriundos do Pregão Eletrônico n° 032/SUPECOL/2024, para atendimento da demanda do Hospital Municipal Dr. Claudionor Couto Roriz, Unidade de Pronto Atendimento Anna Beatriz Oliveira da Silva (UPA) e o Departamento de Atenção Básica, da Secretaria Municipal de Saúde. Processo Administrativo n° 1-4373/2025 - SEMUSA. Valor Total Estimado: R$ 708.432,00 (setecentos e oito mil quatrocentos e trinta e dois reais). Data de Abertura: 14/08/2025. Horário: 09hs30min (Horário de Brasília-DF). Local: Endereço eletrônico: www.gov.br/pt-br/ Outras informações: http://transparencia.ji-parana.ro.gov.br/.</p><p class="data">Ji-Paraná, 31 de julho de 2025.</p><p class="assina">Thaynara de Sousa Marconi Leite</p><p class="cargo">Pregoeira</p>]]></Texto>
  </body>
  <Midias />
</article></xml>