﻿<xml><article id="44719478" name="Publicacao do Pregao 07.2025.DOU" idOficio="11164720" pubName="DO3" artType="Extrato" pubDate="01/08/2025" artClass="00073:00665:01377:00000:00000:00000:00000:00000:00000:00000:00170:00000" artCategory="Ineditoriais/Associação Pró-Gestão das Águas da Bacia Hidrográfica do Rio Paraíba do Sul" artSize="12" artNotes="" numberPage="220" pdfPage="http://pesquisa.in.gov.br/imprensa/jsp/visualiza/index.jsp?data=01/08/2025&amp;jornal=530&amp;pagina=220" editionNumber="144" highlightType="" highlightPriority="" highlight="" highlightimage="" highlightimagename="" idMateria="22904355">
  <body>
    <Identifica><![CDATA[AVISO DE LICITAÇÃO   PREGÃO PRESENCIAL Nº 7/2025    - 00001.000132/2025]]></Identifica>
    <Data><![CDATA[Resende, 24 de julho de 2025.]]></Data>
    <Ementa />
    <Titulo />
    <SubTitulo />
    <Texto><![CDATA[<p class="identifica">AVISO DE LICITAÇÃO PREGÃO PRESENCIAL Nº 7/2025 - 00001.000132/2025</p><p>A ASSOCIAÇÃO PRÓ-GESTÃO DAS ÁGUAS DA BACIA HIDROGRÁFICA DO RIO PARAÍBA DO SUL - AGEVAP torna público aos interessados a realização da Seleção de Propostas. Pregão 07/2025 - presencial - 00001.000132/2025. Objeto: Contratação de serviços especializados para registro de domínio, desenvolvimento, hospedagem, manutenção e atualização de websites institucionais dos Comitês de Bacia Hidrográfica atendidos pela filial da AGEVAP em Poços de Caldas/MG (AGEGRANDE). DATA DO EVENTO: 20/08/2025 às 14h. Valor estimado: R$ 213.728,59 (duzentos e treze mil, setecentos e vinte e oito reais e cinquenta e nove centavos). O edital e seus anexos estarão à disposição para consulta e/ou aquisição no site www.agevap.org.br, maiores informações pelo telefone (24) 99317-1210.</p><p></p><p class="data">Resende, 24 de julho de 2025.</p><p class="assina">Viviana Morgado da Silva</p><p class="cargo">Agente de Contratação</p>]]></Texto>
  </body>
  <Midias />
</article></xml>