﻿<xml><article id="44719665" name="Extrato - Julho III - Aditivo" idOficio="11142221" pubName="DO3" artType="Extrato de Termo Aditivo" pubDate="01/08/2025" artClass="00071:00377:00000:00000:00000:00000:00000:00000:00000:00000:00053:00000" artCategory="Entidades de Fiscalização do Exercício das Profissões Liberais/Conselho Regional de Medicina do Estado de Minas Gerais" artSize="12" artNotes="" numberPage="216" pdfPage="http://pesquisa.in.gov.br/imprensa/jsp/visualiza/index.jsp?data=01/08/2025&amp;jornal=530&amp;pagina=216" editionNumber="144" highlightType="" highlightPriority="" highlight="" highlightimage="" highlightimagename="" idMateria="22863647">
  <body>
    <Identifica><![CDATA[ EXTRATOs DE TERMOs ADITIVOs]]></Identifica>
    <Data><![CDATA[]]></Data>
    <Ementa />
    <Titulo />
    <SubTitulo />
    <Texto><![CDATA[<p class="identifica">EXTRATOs DE TERMOs ADITIVOs</p><p>PROCESSO 35/2023. 3º TA. CONTRATADA: GLÁUCIA FERREIRA RODRIGUES DA SILVA. CNPJ 09.174.323/0001-76. OBJETO: Prestação de Serviço de Fotografia Profissional, a fim de atender a demanda do CRMMG. Valor total anual: R$23.559,45 (vinte e três mil, quinhentos e cinquenta e nove reais e quarenta e cinco centavos). Vigência: 04/08/2025 a 04/08/2026. PROCEDIMENTO: DISP 05/2023.</p><p>PROCESSO 04/2007. 18º TA - CONTRATADA: CARMÉLIO PORTILHO MACIEL. CPF: 016.***.***-00. OBJETO: Contrato de locação do imóvel da sede da Delegacia Regional de Sete Lagoas/MG. Valor: R$1.801,71 (hum mil, oitocentos e um reais e setenta e um centavos) Vigência: 01/08/2025 a 31/07/2026. PROCEDIMENTO: DI 04/2007. Isabella Thaísa Alves da Silva - Analista de Licitação</p>]]></Texto>
  </body>
  <Midias />
</article></xml>