﻿<xml><article id="44719379" name="extrato contrato e ordem forn CC" idOficio="11184653" pubName="DO3" artType="Extrato de Contrato" pubDate="01/08/2025" artClass="00075:00013:00100:00000:00000:00000:00000:00000:00000:00000:00030:00000" artCategory="Prefeituras/Estado do Pará/Prefeitura Municipal de Aveiro" artSize="12" artNotes="" numberPage="282" pdfPage="http://pesquisa.in.gov.br/imprensa/jsp/visualiza/index.jsp?data=01/08/2025&amp;jornal=530&amp;pagina=282" editionNumber="144" highlightType="" highlightPriority="" highlight="" highlightimage="" highlightimagename="" idMateria="22937562">
  <body>
    <Identifica><![CDATA[ EXTRATO DE CONTRATO Nº 20250140]]></Identifica>
    <Data><![CDATA[]]></Data>
    <Ementa />
    <Titulo />
    <SubTitulo />
    <Texto><![CDATA[<p class="identifica">EXTRATO DE CONTRATO Nº 20250140</p><p>PARTE: FUNDO MUNICIPAL DE EDUCAÇÃO. CNPJ n° 06.125.175/0001-01. OBJETO: Contratação de empresa para construção de creche e escola de educação infantil, no bairro morrinho, município de Aveiro/PA - FNDE - creche tipo 1, conforme termo de compromisso nº 959993/2024 - operação 1093846-26 e estudo técnico preliminar, projeto, planilha orçamentária, especificações técnicas, memorial descritivo e cronograma físico-financeiro. DATA DA ASSINATURA: 29/07/2025. VENCEDOR: CASTRO &amp; PESSOA LTDA. CNPJ N° 19.110.167/0001-33. Valor Global R$ 6.300.000,00 (seis milhões e trezentos mil reais). FINAL DA VIGÊNCIA: 24 de maio de 2026. Antônio Elidio da Freita Silva. Ordenador de Despesas.</p>]]></Texto>
  </body>
  <Midias />
</article></xml>