﻿<xml><article id="44718740" name="49_Aviso de Pregao na forma Elet" idOficio="11183721" pubName="DO3" artType="Aviso de Licitação" pubDate="01/08/2025" artClass="00073:03106:00000:00000:00000:00000:00000:00000:00000:00000:00078:00000" artCategory="Ineditoriais/CONSÓRCIO INTERFEDERATIVO SANTA CATARINA" artSize="12" artNotes="" numberPage="227" pdfPage="http://pesquisa.in.gov.br/imprensa/jsp/visualiza/index.jsp?data=01/08/2025&amp;jornal=530&amp;pagina=227" editionNumber="144" highlightType="" highlightPriority="" highlight="" highlightimage="" highlightimagename="" idMateria="22936352">
  <body>
    <Identifica><![CDATA[ AVISO DE LICITAÇÃO]]></Identifica>
    <Data><![CDATA[ Florianópolis-SC, 30 de julho de 2025. ]]></Data>
    <Ementa />
    <Titulo />
    <SubTitulo />
    <Texto><![CDATA[<p class="identifica">AVISO DE LICITAÇÃO</p><p class="identifica">PREGÃO ELETRÔNICO Nº 49/2025</p><p>REGISTRO DE PREÇOS para futura e eventual contratação, com fornecimento parcelado de Máquinas Compactas e Implementos para uso dos Entes da Federação Consorciados, Cooperados ou Referendados ao Consórcio Interfederativo Santa Catarina - CINCATARINA, órgãos e entidades da administração direta e indireta, na condição de Órgão Participante desta licitação de acordo com o Termo de Referência e com os quantitativos estimados (ANEXO I), durante o prazo de validade da Ata de Registro de Preços. JULGAMENTO: Menor preço por ITEM. Recebimento das propostas: das 08:00 do dia 04/08/2025 até às 09:00 horas do dia 14/08/2025. Abertura e julgamento das propostas: das 09:01 às 09:30 horas do dia 14/08/2025. Início da sessão de disputa de preços: às 09:31 horas do dia 14/08/2025. Referência de tempo: horário de Brasília (DF). Local: www.portaldecompraspublicas.com.br. Acesso Identificado. Informações na íntegra deste Edital no site: www.cincatarina.sc.gov.br.</p><p class="data">Florianópolis-SC, 30 de julho de 2025.</p><p class="assina">André Luiz de Oliveira</p><p class="cargo">Diretor Executivo do CINCATARINA</p>]]></Texto>
  </body>
  <Midias />
</article></xml>