﻿<xml><article id="44720436" name="ATO AVISO DE REGISTRO DE DIPLOMA" idOficio="11178317" pubName="DO3" artType="Aviso" pubDate="01/08/2025" artClass="00073:04862:08385:00000:00000:00000:00000:00000:00000:00000:00106:00000" artCategory="Ineditoriais/Fundação Educacional Encosta Inferior do Nordeste" artSize="12" artNotes="" numberPage="229" pdfPage="http://pesquisa.in.gov.br/imprensa/jsp/visualiza/index.jsp?data=01/08/2025&amp;jornal=530&amp;pagina=229" editionNumber="144" highlightType="" highlightPriority="" highlight="" highlightimage="" highlightimagename="" idMateria="22926534">
  <body>
    <Identifica><![CDATA[ AVISO  ]]></Identifica>
    <Data><![CDATA[ Taquara,  31 de julho de 2025.]]></Data>
    <Ementa />
    <Titulo />
    <SubTitulo />
    <Texto><![CDATA[<p class="identifica">AVISO</p><p class="identifica">REGISTRO DE DIPLOMAS</p><p>Mantida: Faculdades Integradas de Taquara - FACCAT</p><p>Mantenedora: Fundação Educacional Encosta Inferior do Nordeste - CNPJ nº: 97.763.593/0001-80</p><p>Para fins do disposto no art. 21 da portaria MEC nº 1.095, de 25 de outubro de 2018, esta instituição de ensino superior informa que foram registrados 02 (dois) diplomas, na Universidade Federal de Santa Maria-RS, referentes ao primeiro semestre de 2025, no seguinte livro de registro e sequências numéricas: livro 8 - 2025: registros 512 e 595. A relação dos diplomas registrados poderá ser consultada em até quinze dias no endereço www.faccat.br/registrodediplomas.</p><p class="data">Taquara, 31 de julho de 2025.</p><p class="assina">Delmar Henrique Backes</p><p class="cargo">Diretor-Geral</p>]]></Texto>
  </body>
  <Midias />
</article></xml>