﻿<xml><article id="44720391" name="AVISO DE LICITACAO PREGAO 900192" idOficio="11184059" pubName="DO3" artType="Aviso de Licitação" pubDate="01/08/2025" artClass="00071:00241:00000:00000:00000:00000:00000:00000:00000:00000:00078:00000" artCategory="Entidades de Fiscalização do Exercício das Profissões Liberais/Conselho Regional de Enfermagem de Alagoas" artSize="12" artNotes="" numberPage="214" pdfPage="http://pesquisa.in.gov.br/imprensa/jsp/visualiza/index.jsp?data=01/08/2025&amp;jornal=530&amp;pagina=214" editionNumber="144" highlightType="" highlightPriority="" highlight="" highlightimage="" highlightimagename="" idMateria="22936872">
  <body>
    <Identifica><![CDATA[                                         AVISO DE LICITAÇÃO ]]></Identifica>
    <Data><![CDATA[]]></Data>
    <Ementa />
    <Titulo />
    <SubTitulo />
    <Texto><![CDATA[<p></p><p class="identifica">AVISO DE LICITAÇÃO</p><p class="identifica">Pregão eletrônico Nº 90019/2025</p><p>PREGÃO ELETRÔNICO Nº 90019/2025. Contratante: 389321 (UASG), Órgão/Entidade: Conselho Regional de Enfermagem de Alagoas - COREN/AL, Processo Nº: 00198.001106/2025-27 - Registro de preço para aquisição de papel tipo A4 e A3 conforme detalhado no termo de referência. Método de Disputa: aberto, Valor estimado: R$ 115.775 (cento e quinze mil setecentos e setenta e cinco reais). Acolhimento de propostas: à partir de 31/07/2025 às 08:00h, Abertura da sessão pública: 15/08/2025 às 13:00h, O certame será realizado por meio do sistema SIASG (sistema de realização do pregão), estando o edital disponível no endereço www.compras.gov.br.</p><p></p><p class="assina">Arthur Maia Paiva Junior</p><p class="cargo">Pregoeiro.</p>]]></Texto>
  </body>
  <Midias />
</article></xml>