﻿<xml><article id="44718968" name="0082025 Extrato UNIAENE" idOficio="11172914" pubName="DO3" artType="Aviso" pubDate="01/08/2025" artClass="00073:03072:00000:00000:00000:00000:00000:00000:00000:00000:00000:00000" artCategory="Ineditoriais/CENTRO UNIVERSITÁRIO ADVENTISTA DE ENSINO DO NORDESTE" artSize="12" artNotes="" numberPage="222" pdfPage="http://pesquisa.in.gov.br/imprensa/jsp/visualiza/index.jsp?data=01/08/2025&amp;jornal=530&amp;pagina=222" editionNumber="144" highlightType="" highlightPriority="" highlight="" highlightimage="" highlightimagename="" idMateria="22918584">
  <body>
    <Identifica><![CDATA[AVISO]]></Identifica>
    <Data><![CDATA[ Cachoeira-BA, 31 de julho de 2025.]]></Data>
    <Ementa />
    <Titulo />
    <SubTitulo />
    <Texto><![CDATA[<p></p><p class="identifica">AVISO</p><p class="identifica">REGISTRO DE DIPLOMAS</p><p>O Centro Universitário Adventista de Ensino do Nordeste mantido pela Instituição Adventista Nordeste Brasileira de Educação e Assistência Social-IANDBEAS sob CNPJ nº 07.114.699/0001-60, para fins do disposto no art. 21 da Portaria MEC nº 1.095 de 25 de outubro de 2018, informa que foi registrado, pela Universidade José do Rosário Vellano - UNIFENAS, um diploma no dia 18 de março de 2024, no seguinte livro de registro e sequência numérica: livro 042 - Registro nº 20704. A relação do diploma registrado poderá ser consultada em até quinze dias, no sítio www.adventista.edu.br.</p><p class="data">Cachoeira-BA, 31 de julho de 2025.</p><p class="assina">Rubens Silva</p><p class="cargo">Reitor</p>]]></Texto>
  </body>
  <Midias />
</article></xml>