﻿<xml><article id="44720115" name="7004490377_Publicacao" idOficio="11184364" pubName="DO3" artType="Aviso de Licitação" pubDate="01/08/2025" artClass="00035:00056:00001:00000:00000:00000:00000:00000:00000:00000:00078:00000" artCategory="Ministério de Minas e Energia/Petróleo Brasileiro S.A./Petrobrás" artSize="12" artNotes="" numberPage="104" pdfPage="http://pesquisa.in.gov.br/imprensa/jsp/visualiza/index.jsp?data=01/08/2025&amp;jornal=530&amp;pagina=104" editionNumber="144" highlightType="" highlightPriority="" highlight="" highlightimage="" highlightimagename="" idMateria="22937218">
  <body>
    <Identifica><![CDATA[ AVISO DE LICITAÇÃO Nº 7004490377]]></Identifica>
    <Data><![CDATA[]]></Data>
    <Ementa />
    <Titulo />
    <SubTitulo />
    <Texto><![CDATA[<p class="identifica">AVISO DE LICITAÇÃO Nº 7004490377</p><p>Objeto: LIC Serviços de análise comparativa (benchmarking) de investimento socioambiental e revisão do Processo Gerir Investimento Socioambiental</p><p>Abertura das propostas: 22/08/2025 às 12 horas.</p><p>Obs.: A consulta ao edital e o processamento da licitação será realizada no portal www.petronect.com.br</p><p class="assina">Comissão de Licitação</p>]]></Texto>
  </body>
  <Midias />
</article></xml>