﻿<xml><article id="44719298" name="AVISO -reab.-DOU-PE-90015.2025" idOficio="11184186" pubName="DO3" artType="Aviso" pubDate="01/08/2025" artClass="00075:00005:00110:00000:00000:00000:00000:00000:00000:00000:00106:00000" artCategory="Prefeituras/Estado da Bahia/Prefeitura Municipal de Brotas de Macaúbas" artSize="12" artNotes="" numberPage="244" pdfPage="http://pesquisa.in.gov.br/imprensa/jsp/visualiza/index.jsp?data=01/08/2025&amp;jornal=530&amp;pagina=244" editionNumber="144" highlightType="" highlightPriority="" highlight="" highlightimage="" highlightimagename="" idMateria="22936974">
  <body>
    <Identifica><![CDATA[ AVISO   PREGÃO ELETRÔNICO Nº 90015/2025PE]]></Identifica>
    <Data><![CDATA[Brotas de Macaúbas-BA,  31 de julho de 2025.]]></Data>
    <Ementa />
    <Titulo />
    <SubTitulo />
    <Texto><![CDATA[<p class="identifica">AVISO PREGÃO ELETRÔNICO Nº 90015/2025PE</p><p>Convocação e Reabertura da Sessão.</p><p>O Município de Brotas de Macaúbas/Bahia, através de sua Pregoeira, torna público aos interessados do Pregão 90015/2025, que tem como objeto: Contratação de empresa para aquisição de Equipamentos e suprimentos de informática para atender as demandas da Escola Municipal Nossa Senhora de Brotas, através da Secretaria Municipal de Educação de Brotas de Macaúbas, que após atos realizados durante a sessão ocorrida no dia 14 de Abril de 2025, e, tendo em vista o decurso de mais de 60 (sessenta) dias da apresentação das propostas, a empresa EDGARD DA SILVA TRAVASSOS PITANGUEIRA, inscrito no CNPJ 26.980.135/0001-54, vencedora do item 03, a empresa W R CARVALHO LTDA, inscrito no CNPJ 41.316.967/0001-64, vencedora do item 04 e a empresa TECNO SEG INFORMATICA E SEGURANCA DE DADOS LTDA, inscrito no CNPJ 13.345.633/0001-83, vencedora do item 13 , optaram pela desistência de suas propostas, portanto, diante do fato superveniente, fica convocada as Empresas remanescentes, na ordem de classificação para os lotes 03 ,04 e 13, para reabertura da sessão no site www.compras.gov.br - Compras-SIASG no dia 05/08/2025 às 14:30 horas.</p><p class="data">Brotas de Macaúbas-BA, 31 de julho de 2025.</p><p class="assina">Elane Gomes Oliveira</p><p></p>]]></Texto>
  </body>
  <Midias />
</article></xml>