﻿<xml><article id="44718650" name="1. AVISO - UNIAO - PE - (dia 01." idOficio="11184175" pubName="DO3" artType="Aviso de Licitação" pubDate="01/08/2025" artClass="00075:00016:00180:00000:00000:00000:00000:00000:00000:00000:00078:00000" artCategory="Prefeituras/Estado de Pernambuco/Prefeitura Municipal de Sairé" artSize="12" artNotes="" numberPage="307" pdfPage="http://pesquisa.in.gov.br/imprensa/jsp/visualiza/index.jsp?data=01/08/2025&amp;jornal=530&amp;pagina=307" editionNumber="144" highlightType="" highlightPriority="" highlight="" highlightimage="" highlightimagename="" idMateria="22936998">
  <body>
    <Identifica><![CDATA[ AVISO DE LICITAÇÃO]]></Identifica>
    <Data><![CDATA[ Sairé - PE, 30 de julho de 2025.]]></Data>
    <Ementa />
    <Titulo />
    <SubTitulo />
    <Texto><![CDATA[<p class="identifica">AVISO DE LICITAÇÃO</p><p class="identifica">PREGÃO ELETRÔNICO Nº 14/2025</p><p>PROCESSO N° 055/2025. Comissão: CC. Modalidade: PREGÃO ELETRÔNICO Nº 014/2025 - Objeto Nat: Aquisição. Objeto Descr:</p><p>Contratação de empresas para o fornecimento de BENS FISICOS e UTENSILIOS DE COZINHA, destinados aos prédios e cozinhas das unidades educacionais da Rede Municipal de Educação de Sairé/PE, visando atender às necessidades do ano letivo de 2025. VALOR MÁXIMO ACEITÁVEL: R$ 751.399,75. Recebimento das Propostas até o dia: 14/8/2025 às 08h00min (horário de Brasília). Início da Sessão de Disputa de Preços: 14/8/2025 às 09h00min (horário de Brasília). LOCAL: Plataforma eletrônica da Bolsa Nacional de Compras - BNC (https://bnccompras.com/Home/Login). INFORMAÇÕES E EDITAL: Na plataforma da BNC, no Portal da Transparência(https://saire.pe.gov.br/) e/ou na sala da CPL sito na Av. Coronel José Pessoa, nº 226, centro, nesta cidade, no horário das 08:00 às 13:00hs, sendo facultada a solicitação através do e-mail: comissaodecontratacao@gmail.com.</p><p class="data">Sairé - PE, 30 de julho de 2025.</p><p class="assina">Valdiane Elaine Pontes de Vasconcelos Melo</p><p class="cargo">Pregoeira</p>]]></Texto>
  </body>
  <Midias />
</article></xml>