﻿<xml><article id="44726456" name="Diplomas extrato_0101_2507_28072" idOficio="11170149" pubName="DO3" artType="Ato" pubDate="01/08/2025" artClass="00073:10330:00001:00000:00000:00000:00000:00000:00000:00000:00171:00000" artCategory="Ineditoriais/Sociedade Educacional Uberabense/Universidade de Uberaba" artSize="12" artNotes="" numberPage="231" pdfPage="http://pesquisa.in.gov.br/imprensa/jsp/visualiza/index.jsp?data=01/08/2025&amp;jornal=530&amp;pagina=231" editionNumber="144" highlightType="" highlightPriority="" highlight="" highlightimage="" highlightimagename="" idMateria="22914425">
  <body>
    <Identifica><![CDATA[ AVISO de REGISTRO DE DIPLOMAS]]></Identifica>
    <Data><![CDATA[ Uberaba(MG), 28 de julho de 2025.]]></Data>
    <Ementa />
    <Titulo />
    <SubTitulo />
    <Texto><![CDATA[<p>CNPJ: 25.452.301/0001-87</p><p class="identifica">AVISO de REGISTRO DE DIPLOMAS</p><p>Mantenedora: Sociedade Educacional Uberabense</p><p>Para fins do disposto no art. 21 da Portaria MEC nº 1095, de 25/10/2018, esta Instituição de Educação Superior informa que foram registrados 217(DUZENTOS E DEZESSETE) diplomas no período de 01/01/2022 a 25/07/2025, nos seguintes livros de registro e sequências numéricas: DIPLOMA DIGITAL-7 [Registro(s): 1000, 1001, 1002, 1003, 1004, 1005, 1006, 1007, 1008, 1009, 1010, 1011, 1012, 1013, 1014, 1015, 1016, 1017, 1018, 1019, 1020, 1021, 1022, 1023, 1024, 1025, 1026, 1027, 1028, 1029, 1030, 1031, 1032, 1033, 1034, 1035, 1036, 1037, 1038, 1039, 1040, 1041, 1042, 1043, 1044, 1045, 1046, 1047, 1048, 1049, 1050, 1051, 1052, 1053, 1054, 1055, 1056, 1057, 1058, 1059, 1060, 1061, 1062, 1063, 1064, 1065, 1066, 1067, 1068, 1069, 1070, 1071, 1072, 1073, 1074, 1075, 1076, 1077, 1078, 1079, 862, 863, 864, 865, 866, 867, 868, 869, 870, 871, 872, 873, 874, 875, 876, 877, 878, 879, 880, 881, 882, 883, 884, 885, 886, 887, 888, 889, 890, 891, 892, 893, 894, 895, 896, 897, 898, 899, 900, 901, 902, 903, 904, 905, 906, 907, 908, 909, 910, 911, 912, 913, 914, 915, 916, 917, 918, 919, 920, 921, 922, 923, 924, 925, 926, 927, 928, 929, 930, 931, 932, 933, 934, 935, 936, 937, 938, 939, 940, 941, 942, 943, 944, 945, 946, 947, 948, 949, 950, 951, 952, 953, 954, 955, 956, 957, 958, 959, 960, 961, 963, 964, 965, 966, 967, 968, 969, 970, 971, 972, 973, 974, 975, 976, 977, 978, 979, 980, 981, 982, 983, 984, 985, 986, 987, 988, 989, 990, 991, 992, 993, 994, 995, 996, 997, 998, 999].</p><p>A consulta dos registros pode ser verificada pela página https://uniube.br/diploma/busca/</p><p class="data">Uberaba(MG), 28 de julho de 2025.</p><p class="assina">MARCELO PALMÉRIO</p><p class="cargo">Reitor</p>]]></Texto>
  </body>
  <Midias />
</article></xml>