﻿<xml><article id="44734975" name="Extrato aditivo__16V7IQ" idOficio="11178148" pubName="DO3" artType="Extrato de Termo Aditivo" pubDate="01/08/2025" artClass="00071:00505:00000:00000:00000:00000:00000:00000:00000:00000:00053:00000" artCategory="Entidades de Fiscalização do Exercício das Profissões Liberais/Conselho Regional de Psicologia da 8ª Região" artSize="12" artNotes="" numberPage="219" pdfPage="http://pesquisa.in.gov.br/imprensa/jsp/visualiza/index.jsp?data=01/08/2025&amp;jornal=530&amp;pagina=219" editionNumber="144" highlightType="" highlightPriority="" highlight="" highlightimage="" highlightimagename="" idMateria="22926331">
  <body>
    <Identifica><![CDATA[ EXTRATO DE TERMO ADITIVO  ]]></Identifica>
    <Data><![CDATA[]]></Data>
    <Ementa />
    <Titulo />
    <SubTitulo />
    <Texto><![CDATA[<p class="identifica">EXTRATO DE TERMO ADITIVO</p><p>Contratante: CONSELHO REGIONAL DE PSICOLOGIA 8ª REGIÃO. Contratado: SUMMUS EMERGÊNCIAS MÉDICAS LTDA - CNPJ 81.746.745/0001- 04. Objeto: 2º Termo Aditivo ao contrato de serviços atendimento de emergências e urgências para a sede de Curitiba-PR. Valor aditivado: R$ 2.000,00 Vigência: 20/07/2025 a 20/07/2026.</p>]]></Texto>
  </body>
  <Midias />
</article></xml>