﻿<xml><article id="44739198" name="2025-07-14/11140043/siasgnet_228" idOficio="11140043" pubName="DO3" artType="Aviso de Licitação-Pregão" pubDate="01/08/2025" artClass="00025:00076:00000:00000:00000:00000:00000:00000:00000:00000:00162:00001" artCategory="Ministério da Educação/Instituto Federal de Educação, Ciência e Tecnologia do Piauí" artSize="12" artNotes="" numberPage="45" pdfPage="http://pesquisa.in.gov.br/imprensa/jsp/visualiza/index.jsp?data=01/08/2025&amp;jornal=530&amp;pagina=45" editionNumber="144" highlightType="" highlightPriority="" highlight="" highlightimage="" highlightimagename="" idMateria="22859961">
  <body>
    <Identifica><![CDATA[ AVISO DE LICITAÇÃO]]></Identifica>
    <Data><![CDATA[]]></Data>
    <Ementa />
    <Titulo />
    <SubTitulo />
    <Texto><![CDATA[<p class="identifica">AVISO DE LICITAÇÃO</p><p class="identifica">Pregão Eletrônico Nº 90016/2025 - UASG 158146</p><p>Nº Processo: 23180000388202530. Objeto: Aquisição de bens, materiais/produtos destinados à manutenção preventiva e corretiva dos ambientes deste Instituto Federal do Piauí Campus Floriano, de forma parcelada de acordo com a necessidade da Administração, a ser formalizada por Ata de Registro de Preços.. Total de Itens Licitados: 252. Edital: 01/08/2025 das 08h00 às 12h00 e das 13h00 às 17h00. Endereço: Rua Francisco Urquiza Machado, 462, Campo Velho - Floriano/PI ou https://www.gov.br/compras/edital/158146-5-90016-2025. Entrega das Propostas: a partir de 01/08/2025 às 08h00 no site www.gov.br/compras. Abertura das Propostas: 13/08/2025 às 09h30 no site www.gov.br/compras. Informações Gerais: .</p><p class="assina">JANIO DE SOUSA PESSOA SARAIVA</p><p class="cargo">Pregoeiro</p><p>(SIASGnet - 14/07/2025) 158146-26431-2025NE800001</p>]]></Texto>
  </body>
  <Midias />
</article></xml>