﻿<xml><article id="44735095" name="1. EXTRATO_5_T_ADT_PROR_VIG_EXEC" idOficio="11178018" pubName="DO3" artType="Extrato de Termo Aditivo" pubDate="01/08/2025" artClass="00075:00003:00008:00000:00000:00000:00000:00000:00000:00000:00053:00000" artCategory="Prefeituras/Estado do Amapá/Prefeitura Municipal de Macapá" artSize="12" artNotes="" numberPage="239" pdfPage="http://pesquisa.in.gov.br/imprensa/jsp/visualiza/index.jsp?data=01/08/2025&amp;jornal=530&amp;pagina=239" editionNumber="144" highlightType="" highlightPriority="" highlight="" highlightimage="" highlightimagename="" idMateria="22926121">
  <body>
    <Identifica><![CDATA[ EXTRATO DE termo aditivo]]></Identifica>
    <Data><![CDATA[]]></Data>
    <Ementa />
    <Titulo />
    <SubTitulo />
    <Texto><![CDATA[<p class="identifica">EXTRATO DE termo aditivo</p><p>5º TERMO ADITIVO DA PRORROGAÇÃO DE PRAZO DE EXECUÇÃO E VIGÊNCIA AO CONTRATO N°033/2023 - SEMOB/PMM</p><p>PROCESSO Nº 3401.0329/2025-SEMOB/PMM. CONVÊNIO N° 888935/2019-MDR/CAIXA. EMPRESA ALFA SERVIÇOS E EMPREENDIMENTOS LTDA, CNPJ: 37.513.080/0001-99. CLÁUSULA TERCEIRA - DA PRORROGAÇÃO DO PRAZO DE EXECUÇÃO: Fica prorrogada a execução do Contrato pelo prazo de 180 (cento e oitenta) dias, a partir de 15/06/2025 até 12/12/2025. CLÁUSULA QUARTA - DA PRORROGAÇÃO DA VIGÊNCIA: Fica prorrogada a vigência do Contrato pelo prazo de 180 (cento e oitenta) dias, a partir de 15/06/2025 até 12/12/2025.</p><p></p>]]></Texto>
  </body>
  <Midias />
</article></xml>