﻿<xml><article id="44738492" name="2025-07-30/11183079/COMPRASNETWS" idOficio="11183079" pubName="DO3" artType="Extrato de Contrato" pubDate="01/08/2025" artClass="00025:00136:00025:00000:00000:00000:00000:00000:00000:00000:00030:00001" artCategory="Ministério da Educação/Empresa Brasileira de Serviços Hospitalares/Filial Hospital de Ensino Dr. Washington Antônio de Barros" artSize="12" artNotes="" numberPage="64" pdfPage="http://pesquisa.in.gov.br/imprensa/jsp/visualiza/index.jsp?data=01/08/2025&amp;jornal=530&amp;pagina=64" editionNumber="144" highlightType="" highlightPriority="" highlight="" highlightimage="" highlightimagename="" idMateria="22935602">
  <body>
    <Identifica><![CDATA[ EXTRATO DE CONTRATO Nº 31/2025 - UASG 155180]]></Identifica>
    <Data><![CDATA[]]></Data>
    <Ementa />
    <Titulo />
    <SubTitulo />
    <Texto><![CDATA[<p class="identifica">EXTRATO DE CONTRATO Nº 31/2025 - UASG 155180</p><p>Nº Processo: 23542.009541/2025-38.</p><p>Pregão Nº 90060/2024. Contratante: HOSP DE ENSINO DR WASHINGTON ANTONIO DE BARRO.</p><p>Contratado: 08.706.548/0003-25 - O2 SOLUCOES EM TECNOLOGIA DIGITAL LTDA. Objeto: Aquisição de material permanente (servidor tipo storage), especificados no item 1.2 do termo de referência, anexo do edital de pregão nº 90060/2024..</p><p>Fundamento Legal: LEI 14.133/2021. Vigência: 11/07/2025 a 11/07/2026. Valor Total: R$ 387.000,00. Data de Assinatura: 07/07/2025.</p><p>(COMPRASNET 4.0 - 30/07/2025).</p>]]></Texto>
  </body>
  <Midias />
</article></xml>