﻿<xml><article id="44722067" name="ATO Aviso 01 02 0325" idOficio="11136443" pubName="DO3" artType="Aviso" pubDate="01/08/2025" artClass="00075:00009:00170:00000:00000:00000:00000:00000:00000:00000:00106:00000" artCategory="Prefeituras/Estado do Maranhão/Prefeitura Municipal de Paulino Neves" artSize="12" artNotes="" numberPage="263" pdfPage="http://pesquisa.in.gov.br/imprensa/jsp/visualiza/index.jsp?data=01/08/2025&amp;jornal=530&amp;pagina=263" editionNumber="144" highlightType="" highlightPriority="" highlight="" highlightimage="" highlightimagename="" idMateria="22854309">
  <body>
    <Identifica><![CDATA[   Aviso De Licitação ]]></Identifica>
    <Data><![CDATA[ Paulino Neves/MA,11 de julho de 2025]]></Data>
    <Ementa />
    <Titulo />
    <SubTitulo />
    <Texto><![CDATA[<p class="identifica">Aviso De Licitação</p><p class="identifica">Concorrencia Nº 1/2024.</p><p>Processo Administrativo Nº 045.04/2025.02. A Prefeitura Municipal De Paulino Neves/MA, por intermédio da Agente de Contratação,torna público que realizará licitação na Modalidade Concorrencia Eletrônica, na forma da Lei 14.133/2021, do tipo Menor Preço Global, objetivando A CONTRATAÇÃO DE EMPRESA ESPECIALIZADA PARA CONSTRUÇÃO DE UMA CRECHE E ESCOLA DE EDUCAÇÃO INFANTIL PADRÃO FNDE, CRECHE TIPO 2, NA COMUNIDADE EXTREMA- SIQUIRIBA, ZONA RURAL DO MUNICIPIO DE PAULINO NEVES-MA, com o valor estimado em R$ 3.342.359,90 (Três Milhões Trezentos e Quarenta e Dois Mil Trezentos e Cinquenta e Nove Reais e Noventa Centavos) em conformidade com as especificações e quantidades constantes no Edital e Projeto básico (Anexo I) ser realizada em: 30/07/2025, às 10:00hs, através do Portal de Compras: https://www.licitacaopaulinoneves.com. O Edital e seus anexos estão à disposição dos interessados no site: https://www.licitacaopaulinoneves.com,https://transparencia.paulinoneves.ma.gov.br/acessoInformacao/licitacao/tce e na Sala da Comissão Permanente de Licitação, situada na Rua Boa Esperança, bem como, poderão ser solicitados através do e-mail: licitacaocplpn@gmail.com.</p><p>CONCORRENCIA ELETRÔNICA Nº 2/2025</p><p>Processo Administrativo Nº 046.06/2025.01. A Prefeitura Municipal De Paulino Neves/MA, por intermédio da Agente de Contratação,torna público que realizará licitação na Modalidade Concorrencia Eletrônica, na forma da Lei 14.133/2021, do tipo Menor Preço Global, objetivando a Contratação De Empresa De Engenharia Especializada Para Prestação De Serviços De Execuçao Da Sede Da Apae No Município De Paulino Neves - MA, com o valor estimado em R$ R$ 2.218.346,27 (Dois Milhões Duzentos e Dezoito Mil Trezentos e Quarenta e Seis Reais e Vinte e Sete Centavos) em conformidade com as especificações e quantidades constantes no Edital e Projeto básico (Anexo I) ser realizada em: 30/07/2025, às 15:00hs, através do Portal de Compras: https://www.licitacaopaulinoneves.com. O Edital e seus anexos estão à disposição dos interessados no site: https://www.licitacaopaulinoneves.com,https://transparencia.paulinoneves.ma.gov.br/acessoInformacao/licitacao/tce e na Sala da Comissão Permanente de Licitação, situada na Rua Boa Esperança, bem como, poderão ser solicitados através do e-mail: licitacaocplpn@gmail.com.</p><p class="identifica">CONCORRENCIA Nº 3/2025.</p><p>Processo Administrativo Nº 047.06/2025.02. A Prefeitura Municipal De Paulino Neves/MA, por intermédio da Agente de Contratação,torna público que realizará licitação na Modalidade Concorrencia Eletrônica, na forma da Lei 14.133/2021, do tipo Menor Preço Global, objetivando a Contratação De Empresa De Engenharia Para Construção De Uma Creche Escolar No Município De Paulino Neves-Ma, Conforme Termo De Compromisso Nº 15450 FNDE, com o valor estimado em R$ 1. 935.346,16 (Um Milhão Novecentos e Trinta e Cinco Mil Trezentos e Quarenta e Seis Reais e Dezesseis Centavos) em conformidade com as especificações e quantidades constantes no Edital e Projeto básico (Anexo I) ser realizada em: 31/07/2025, às 15:00hs, através do Portal de Compras: https://www.licitacaopaulinoneves.com. O Edital e seus anexos estão à disposição dos interessados no site: https://www.licitacaopaulinoneves.com, https://transparencia.paulinoneves.ma.gov.br/acessoInformacao/licitacao/tce e na Sala da Comissão Permanente de Licitação, situada na Rua Boa Esperança, bem como, poderão ser solicitados através do e-mail: licitacaocplpn@gmail.com.</p><p class="data">Paulino Neves/MA,11 de julho de 2025</p><p class="assina">Myrlla Gomes</p><p class="cargo">Agente de Contratação</p>]]></Texto>
  </body>
  <Midias />
</article></xml>