﻿<xml><article id="44732664" name="DOU_0231_2020_16A Aditivo" idOficio="11153407" pubName="DO3" artType="Extrato de Termo Aditivo" pubDate="01/08/2025" artClass="00075:00015:00450:00000:00000:00000:00000:00000:00000:00000:00053:00000" artCategory="Prefeituras/Estado do Paraná/Prefeitura Municipal de Toledo" artSize="12" artNotes="" numberPage="301" pdfPage="http://pesquisa.in.gov.br/imprensa/jsp/visualiza/index.jsp?data=01/08/2025&amp;jornal=530&amp;pagina=301" editionNumber="144" highlightType="" highlightPriority="" highlight="" highlightimage="" highlightimagename="" idMateria="22884642">
  <body>
    <Identifica><![CDATA[EXTRATO DE TERMO ADITIVO ]]></Identifica>
    <Data><![CDATA[]]></Data>
    <Ementa />
    <Titulo />
    <SubTitulo />
    <Texto><![CDATA[<p class="identifica">EXTRATO DE TERMO ADITIVO</p><p>Espécie: 16º TERMO ADITIVO AO CONTRATO Nº 231/2024</p><p>CONTRATANTE: MUNICIPIO DE TOLEDO</p><p>CONTRATADA: BONS AMIGOS TRANSPORTE DE PASSAGEIROS LTDA</p><p>OBJETO: CLÁUSULA PRIMEIRA - DO OBJETO: O presente Termo Aditivo tem por objeto o reajuste do valor unitário por quilômetro (KM) das rotas, em decorrência do aumento do salário mínimo e da alteração na quilometragem diária estabelecida no Décimo Terceiro e no Décimo Quarto Termo Aditivo. Com a aplicação do referido reajuste, o valor do quilômetro para todas as rotas do Lote 10 será alterado de R$ 4,18 para R$ 4,05, com efeitos a partir de 20 de fevereiro de 2025. Termo aditivo firmado em 18 de junho de 2025, oriundo do processo licitatório na modalidade Pregão Presencial nº 263/2019.</p><p>DATA DE ASSINATURA: 18 de junho de 2025.</p>]]></Texto>
  </body>
  <Midias />
</article></xml>