﻿<xml><article id="44721358" name="AVISO PUBLICACAO Pregao 063 - El" idOficio="11184022" pubName="DO3" artType="Aviso de Licitação" pubDate="01/08/2025" artClass="00075:00012:00456:00000:00000:00000:00000:00000:00000:00000:00078:00000" artCategory="Prefeituras/Estado de Minas Gerais/Prefeitura Municipal de Frutal" artSize="12" artNotes="" numberPage="272" pdfPage="http://pesquisa.in.gov.br/imprensa/jsp/visualiza/index.jsp?data=01/08/2025&amp;jornal=530&amp;pagina=272" editionNumber="144" highlightType="" highlightPriority="" highlight="" highlightimage="" highlightimagename="" idMateria="22936767">
  <body>
    <Identifica><![CDATA[  AVISO DE LICITAÇÃO  ]]></Identifica>
    <Data><![CDATA[ Frutal - MG,25 de julho de 2025]]></Data>
    <Ementa />
    <Titulo />
    <SubTitulo />
    <Texto><![CDATA[<p class="identifica">AVISO DE LICITAÇÃO</p><p class="identifica">PREGÃO ELETRÔNICO Nº 63/2025</p><p>Processo de Licitação nº 144/2025. O Departamento de Licitações da Prefeitura Municipal de Frutal/MG torna pública a PUBLICAÇÃO do PREGÃO ELETRONICO Nº 63/2025 - PROCESSO DE LICITAÇÃO Nº 144/2025 do tipo MENOR PREÇO GLOBAL - por meio do site www.licitanet.com.br, licitação na modalidade Pregão Eletrônico - Objeto: Refere-se à contratação de empresa especializada na organização, planejamento e execução de processo de seleção e eleição de diretores e vice diretores escolares de todas as unidades de ensino da rede pública municipal e zona rural e distrito, para atender a Secretaria Municipal de Educação, conforme Termo de Referência. Abertura da sessão pública: Início da fase de lances: 10h00min (horário de Brasília) do dia 14 de agosto de 2025. O edital e seus anexos estão disponibilizados pelo sítio: www.licitanet.com.br, www.gov.br/pncp/pt-br, podendo ser solicitados gratuitamente pelo e-mail licitacao@frutal.mg.gov.br ou retirá-los no local mediante mídia removível, fornecida pelo interessado. O departamento de licitações não se responsabiliza pela recepção via e-mail.</p><p class="data">Frutal - MG,25 de julho de 2025</p><p class="assina">Marciel de Paula Souza</p><p class="cargo">Pregoeiro</p>]]></Texto>
  </body>
  <Midias />
</article></xml>