﻿<xml><article id="44725025" name="11 - AVISO DE LICITACAO - DOU" idOficio="11168762" pubName="DO3" artType="Aviso de Licitação" pubDate="01/08/2025" artClass="00071:00230:00000:00000:00000:00000:00000:00000:00000:00000:00078:00000" artCategory="Entidades de Fiscalização do Exercício das Profissões Liberais/CONSELHO REGIONAL DE EDUCAÇÃO FÍSICA DA 22ª REGIÃO" artSize="12" artNotes="" numberPage="213" pdfPage="http://pesquisa.in.gov.br/imprensa/jsp/visualiza/index.jsp?data=01/08/2025&amp;jornal=530&amp;pagina=213" editionNumber="144" highlightType="" highlightPriority="" highlight="" highlightimage="" highlightimagename="" idMateria="22911684">
  <body>
    <Identifica><![CDATA[ AVISO DE REABERTURA LICITAÇÃO]]></Identifica>
    <Data><![CDATA[ Vitória ES, 30 de julho de 2025.]]></Data>
    <Ementa />
    <Titulo />
    <SubTitulo />
    <Texto><![CDATA[<p class="identifica">AVISO DE REABERTURA LICITAÇÃO</p><p class="identifica">PREGÃO ELETRÔNICO Nº 90010/2025</p><p>Aquisição de materiais de higiene, limpeza, copa e cozinha, eletrodoméstico e equipamentos para atender às necessidades do Conselho Regional de Educação Física da 22ª Região - CREF22/ES, conforme condições e exigências estabelecidas no Edital e seus anexos. Tipo: Menor Preço. Entrega das Propostas: a partir de 30/07/2025 às 08h00 no site www.gov.br/compras. Abertura das Propostas: 12/08/2025 às 10h00 no site www.gov.br/compras. Edital: Portal Nacional de Contratações Públicas - PNCP, no gov.br/compras (www.gov.br/compras). contato: licitacao@cref22.org.br.</p><p class="data">Vitória ES, 30 de julho de 2025.</p><p class="assina">Ibsen Lucas Pettersen Pereira</p><p class="cargo">Presidente</p>]]></Texto>
  </body>
  <Midias />
</article></xml>