﻿<xml><article id="44724047" name="Extrescisao-28.07.25" idOficio="11173149" pubName="DO3" artType="Extrato de Rescisão Contratual" pubDate="01/08/2025" artClass="00073:04862:08735:00000:00000:00000:00000:00000:00000:00000:00050:00000" artCategory="Ineditoriais/FUNDAÇÃO SANTO ANDRÉ" artSize="12" artNotes="" numberPage="229" pdfPage="http://pesquisa.in.gov.br/imprensa/jsp/visualiza/index.jsp?data=01/08/2025&amp;jornal=530&amp;pagina=229" editionNumber="144" highlightType="" highlightPriority="" highlight="" highlightimage="" highlightimagename="" idMateria="22919167">
  <body>
    <Identifica><![CDATA[ EXTRATO DE RESCISÃO  ]]></Identifica>
    <Data><![CDATA[]]></Data>
    <Ementa />
    <Titulo />
    <SubTitulo />
    <Texto><![CDATA[<p></p><p>CNPJ 57.538.696/0001-21</p><p class="identifica">EXTRATO DE RESCISÃO</p><p>Processo de Compras n° 084/2024 - Objeto: Prestação de serviços de gestão de WhatsApp com a integração do sistema TOTVS RM. Contratante: Fundação Santo André, inscrita no CNPJ nº 57.538.696/0001-21. Contratado: WORKNOW TECNOLOGIA LTDA, inscrito no CNPJ nº 37.946.757/0001-82. Constitui objeto deste Termo de Rescisão Consensual motivada pela necessidade da CONTRATADA de otimizar suas operações e garantir a eficácia de suas campanhas, frente aos desafios de automação por Inteligência Artificial. A decisão visa assegurar a competitividade no mercado de e/nsino superior. A rescisão está fundamentada no Artigo 138, inciso II, da Lei Federal n.º 14.133, de 1º de abril de 2021. Data: 16/07/2025.</p><p></p>]]></Texto>
  </body>
  <Midias />
</article></xml>