﻿<xml><article id="44722442" name="2025.08.01 - Sumula - Edital de " idOficio="11182072" pubName="DO3" artType="Edital de Notificação" pubDate="01/08/2025" artClass="00071:00504:00000:00000:00000:00000:00000:00000:00000:00000:00063:00000" artCategory="Entidades de Fiscalização do Exercício das Profissões Liberais/Conselho Regional de Psicologia da 7ª Região" artSize="12" artNotes="" numberPage="218" pdfPage="http://pesquisa.in.gov.br/imprensa/jsp/visualiza/index.jsp?data=01/08/2025&amp;jornal=530&amp;pagina=218" editionNumber="144" highlightType="" highlightPriority="" highlight="" highlightimage="" highlightimagename="" idMateria="22932631">
  <body>
    <Identifica><![CDATA[ EDITAL DE NOTIFICAÇÃO]]></Identifica>
    <Data><![CDATA[]]></Data>
    <Ementa />
    <Titulo />
    <SubTitulo />
    <Texto><![CDATA[<p class="identifica">EDITAL DE NOTIFICAÇÃO</p><p>Notificante: Conselho Regional de Psicologia da Sétima Região - CRP/RS.</p><p>Notificados: VANGUARDA INFORMATICA LTDA - EPP - CNPJ 27.975.551/0003-99</p><p>Felipe Gonçalves Nova da Costa</p><p>Origem: Processo Administrativo nº 0021/2024 - Pregão Eletrônico nº 0002/2024.</p><p>Contrato para aquisição de 20 (vinte) computadores desktop com monitor, teclado, mouse e sistema operacional Windows 11 Pro, com garantia e suporte técnico on-site de 5 (cinco) anos.</p><p>APLICAÇÃO DE SANÇÃO ADMINISTRATIVA POR ATRASO INJUSTIFICADO NA ENTREGA DE MATERIAL.</p><p>O CONSELHO REGIONAL DE PSICOLOGIA SÉTIMA REGIÃO - CRP/RS, autarquia federal com sede na Av. Protásio Alves, 2854, CEP 90.410-006, Porto Alegre/RS, CNPJ nº 03.230.787/0001-76, NOTIFICA a VANGUARDA INFORMATICA LTDA - EPP, CNPJ nº 27.975.551/0003-99, da sanção administrativa:</p><p>a) art. 156, inciso II c.c art. 162 da Lei nº 14.133/2021 - MULTA no percentual de 10% (dez por cento) sobre o valor total do contrato, o que corresponde a R$ 12.832,46 (doze mil oitocentos e trinta e dois reais e quarenta e seis centavos).</p><p>Ficam V.Sas., NOTIFICADOS da aplicação de multa, para que, querendo, na forma do art. 166 da Lei 14.133/21, apresentem recurso administrativo no prazo de 15 (quinze) dias úteis a contar do recebimento da presente notificação, para o e-mail licitacoes@crprs.org.br.</p><p>O inteiro teor da notificação pode ser consultado em http://bit.ly/3IVPRDD ou solicitado através do e-mail licitacoes@crprs.org.br</p><p class="assina">Evelise Arispe de Campos</p><p class="cargo">Coordenadora Geral</p>]]></Texto>
  </body>
  <Midias />
</article></xml>