﻿<xml><article id="44720058" name="AVISO DE LICITACAO DOU_PE_33_34_" idOficio="11183785" pubName="DO3" artType="Aviso de Licitação" pubDate="01/08/2025" artClass="00075:00026:00035:00000:00000:00000:00000:00000:00000:00000:00079:00000" artCategory="Prefeituras/Estado do Tocantins/Prefeitura Municipal de Araguatins" artSize="12" artNotes="" numberPage="330" pdfPage="http://pesquisa.in.gov.br/imprensa/jsp/visualiza/index.jsp?data=01/08/2025&amp;jornal=530&amp;pagina=330" editionNumber="144" highlightType="" highlightPriority="" highlight="" highlightimage="" highlightimagename="" idMateria="22936427">
  <body>
    <Identifica><![CDATA[AvisoS de licitação]]></Identifica>
    <Data><![CDATA[]]></Data>
    <Ementa />
    <Titulo />
    <SubTitulo />
    <Texto><![CDATA[<p class="identifica">AvisoS de licitação</p><p class="identifica">PREGÃO ELETRÔNICO Nº PE/2025.33-SEMUSA</p><p>O Serviço Municipal de Saneamento de Araguatins-TO, CNPJ/MF sob nº 00.007.153/0001-60, comunica aos interessados que realizará no dia 15/08/2025, às 08:00hs (horário de Brasília), licitação na modalidade Pregão Eletrônico nº PE/2025.33-SEMUSA, tipo menor preço por item, objeto: Registro de preços para contratação de empresa especializada no fornecimento de combustíveis, objetivando atender as demandas do Serviço Municipal de Saneamento de Araguatins-TO. maiores informações se encontram à disposição no portal da transparência no link; https://www.araguatins.to.gov.br/portaldatransparencia/ no sistema https://bnc.org.br/ no PNCP e no endereço acima citado, durante horário de expediente das 07:30 às 13:30h.</p><p class="identifica">PREGÃO ELETRÔNICO Nº PE/2025.34-SEMUSA</p><p>O Serviço Municipal de Saneamento de Araguatins-TO, CNPJ/MF sob nº 00.007.153/0001-60, comunica aos interessados que realizará no dia 15/08/2025, às 09:00hs (horário de Brasília), licitação na modalidade Pregão Eletrônico nº PE/2025.34-SEMUSA, tipo menor preço por Item, Objeto: Aquisição de material hidráulico para a perfuração e construção estimada de 6 poços artesianos na zona urbana do município de Araguatins TO. Maiores informações se encontram à disposição no portal da transparência no link; https://www.araguatins.to.gov.br/portaldatransparencia/ no sistema https://bnc.org.br/ no PNCP e no endereço acima citado, durante horário de expediente das 07:30 as 13:30h.</p><p class="identifica">PREGÃO ELETRÔNICO Nº PE/2025.35-SEMUSA</p><p>O Serviço Municipal de Saneamento de Araguatins-TO, CNPJ/MF sob nº 00.007.153/0001-60, comunica aos interessados que realizará no dia 15/08/2025, às 10:00hs (horário de Brasília), licitação na modalidade Pregão Eletrônico nº PE/2025.35-SEMUSA, tipo menor preço por Item, Objeto: Contratação de empresa especializada em prestação de serviço perfuração de poços artesiano. Maiores informações se encontram à disposição no portal da transparência no link; https://www.araguatins.to.gov.br/portaldatransparencia/ no sistema https://bnc.org.br/ no PNCP e no endereço acima citado, durante horário de expediente das 07:30 as 13:30h.</p><p class="assina">RAILDA DE SOUSA SANTOS</p><p class="cargo">Agente de Contratação</p>]]></Texto>
  </body>
  <Midias />
</article></xml>