﻿<xml><article id="44719821" name="PE 011-2025" idOficio="11184927" pubName="DO3" artType="Aviso de Licitação" pubDate="01/08/2025" artClass="00075:00026:00107:00000:00000:00000:00000:00000:00000:00000:00078:00000" artCategory="Prefeituras/Estado do Tocantins/Prefeitura Municipal de Monte Santo do Tocantins" artSize="12" artNotes="" numberPage="331" pdfPage="http://pesquisa.in.gov.br/imprensa/jsp/visualiza/index.jsp?data=01/08/2025&amp;jornal=530&amp;pagina=331" editionNumber="144" highlightType="" highlightPriority="" highlight="" highlightimage="" highlightimagename="" idMateria="22938597">
  <body>
    <Identifica><![CDATA[ AVISO DE LICITAÇÃOPREGÃO ELETRÔNICO SRP Nº  11/2025]]></Identifica>
    <Data><![CDATA[ Monte Santo do Tocantins - TO, 31 de julho de 2025. ]]></Data>
    <Ementa />
    <Titulo />
    <SubTitulo />
    <Texto><![CDATA[<p></p><p class="identifica">AVISO DE LICITAÇÃOPREGÃO ELETRÔNICO SRP Nº 11/2025</p><p>O municipio de Monte Santo do Tocantins - TO, torna público, que fará realizar sob a égide da Lei nº 14133/2021, a seguinte licitação: PREGÃO ELETRÔNICO SRP Nº. 011/2025, tipo MENOR VALOR POR ITEM. Com abertura prevista para o dia 14 de agosto de 2025, às 08h00m, visando o interessados que realizará licitação, na modalidade Pregão Eletrônico SRP, tipo menor preço por item, visando o REGISTRO DE PREÇOS PARA FUTURA, EVENTUAL E PARCELADA AQUISIÇÃO DE COMBUSTIVEÍS (DIESEL S-10, GASOLINA COMUM E ARLA) PARA A FROTA DE VEÍCULOS, MAQUINAS E EQUIPAMENTOS DA PREFEITURA E FUNDOS MUNICIPAIS DE MONTE SANTO PARA O PERÍODO DE 12 MESES. A presente licitação acontecerá através do aplicativo: www.licitanet.com.br. As cópias dos Editais, na íntegra, poderão ser retiradas no www.licitanet.com.br e no site http://www.montesanto.to.gov.br/. Maiores informações pelo telefone: (63) 35511013 ou pelo e-mail cplmontesanto@gmail.com.</p><p class="data">Monte Santo do Tocantins - TO, 31 de julho de 2025.</p><p class="assina">Nezita Martins Neta</p><p class="cargo">Prefeita</p>]]></Texto>
  </body>
  <Midias />
</article></xml>