﻿<xml><article id="44722370" name="EXT. ADESAO ARP A-03-2025 - (mas" idOficio="11184315" pubName="DO3" artType="Extrato de Adesão" pubDate="01/08/2025" artClass="00075:00013:00114:00000:00000:00000:00000:00000:00000:00000:00017:00000" artCategory="Prefeituras/Estado do Pará/Prefeitura Municipal de Brejo Grande do Araguaia" artSize="12" artNotes="" numberPage="284" pdfPage="http://pesquisa.in.gov.br/imprensa/jsp/visualiza/index.jsp?data=01/08/2025&amp;jornal=530&amp;pagina=284" editionNumber="144" highlightType="" highlightPriority="" highlight="" highlightimage="" highlightimagename="" idMateria="22937153">
  <body>
    <Identifica><![CDATA[ EXTRATO DE ADESÃO A   REGISTRO DE PREÇOS]]></Identifica>
    <Data><![CDATA[]]></Data>
    <Ementa />
    <Titulo />
    <SubTitulo />
    <Texto><![CDATA[<p></p><p class="identifica">EXTRATO DE ADESÃO A REGISTRO DE PREÇOS</p><p>ADESÃO DE ATA DE REGISTRO DE PREÇOS Nº A.2025-03 PMBGA. / Origem: ATA DE REGISTRO DE PREÇOS Nº 20250034. / PROVENIENTE DO PREGÃO ELETRÔNICO Nº 027/2024-SRP. / Órgão Gerenciador: PREFEITURA MUNICIPAL DE RIO MARIA/PA. / Órgão Aderente: PREFEITURA MUNICIPAL DE BREJO GRANDE DO ARAGUAIA-PA. / VALOR: R$ 2.397.598,35. / Empresa Vencedora da Ata: CONSTRUPAV ASFALTOS LTDA. / CNPJ: 27.325.839/0001-56. / OBJETO: Fornecimento e aplicação de massa asfáltica CBUQ para operação tapa-buracos em ruas e avenidas do município de Brejo Grande do Araguaia/PA. / FUND. LEGAL: Art. 86, § 2º da Lei 14.133/2021 e Art. 31 do Decreto Federal nº 11.462/2023. / DATA DA RATIFICAÇÃO: 23/07/2025.</p>]]></Texto>
  </body>
  <Midias />
</article></xml>