﻿<xml><article id="44718794" name="AVISO DE ABERTURA DE LICIT P.E 0" idOficio="11184831" pubName="DO3" artType="Aviso" pubDate="01/08/2025" artClass="00075:00010:00058:00000:00000:00000:00000:00000:00000:00000:00106:00000" artCategory="Prefeituras/Estado de Mato Grosso/Prefeitura Municipal de Cotriguaçu" artSize="12" artNotes="" numberPage="265" pdfPage="http://pesquisa.in.gov.br/imprensa/jsp/visualiza/index.jsp?data=01/08/2025&amp;jornal=530&amp;pagina=265" editionNumber="144" highlightType="" highlightPriority="" highlight="" highlightimage="" highlightimagename="" idMateria="22938528">
  <body>
    <Identifica><![CDATA[ AVISO DE LICITAÇÃO PREGÃO ELETRÔNICO-SRP Nº 22/2025]]></Identifica>
    <Data><![CDATA[ Cotriguaçu-MT, 30 de julho de 2025.  ]]></Data>
    <Ementa />
    <Titulo />
    <SubTitulo />
    <Texto><![CDATA[<p class="identifica">AVISO DE LICITAÇÃO PREGÃO ELETRÔNICO-SRP Nº 22/2025</p><p>A Prefeitura Municipal de Cotriguaçu Av. 20 de Dezembro, n° 725 - Centro - Cotriguaçu/MT, torna público a ABERTURA de LICITAÇÃO NA MODALIDADE PREGÃO ELETRÔNICO-SRP Nº 022/2025 através da plataforma COMPRASBR https://comprasbr.com.br/, forma de julgamento: Menor preço por lote, com a finalidade de selecionar propostas para "CONTRATAÇÃO DE EMPRESA PARA SERVIÇO DE PRODUÇÃO DE ARENA PARA RODEIO, INCLUINDO COMENTARISTA, LOCUTOR, HUMORISTAS, LOCAÇÃO DE MATERIAIS, EQUIPAMENTOS E MONTAGEM E DESMONTAGEM DE ESTRUTURAS PARA A REALIZAÇÃO DA 19ª EXPOCOTRI - 30ª FESTA DO PEÃO DE COTRIGUAÇU-MT". Cujas especificações detalhadas encontram-se no Edital da Licitação. Regem a presente licitação, a Lei nº 14.133/2021 e demais legislações aplicáveis. Abertura do dia 31 de julho de 2025 às 09:00 horas, até o dia 14 de agosto de 2025 às 08:45 horas (HORÁRIO DE BRASILIA). O início da disputa ocorrerá no dia 14 de agosto de 2025 às 09:00 horas (HORÁRIO DE BRASILIA). Poderão participar da licitação pessoas jurídicas que atuam no ramo pertinente ao objeto licitado, observadas as condições constantes do edital. O Edital completo poderá ser solicitado pelos interessados de segunda a sexta-feira pelo e-mail licitacao@cotriguacu.mt.gov.br ou no site da Prefeitura https://transparencia.agilicloud.com.br/prefcotriguacu-mt/licitacoes/licitacao e https://comprasbr.com.br/.</p><p class="data">Cotriguaçu-MT, 30 de julho de 2025.</p><p class="assina">Gislaine de Souza Silvestre Krieser</p><p class="cargo">Pregoeira</p>]]></Texto>
  </body>
  <Midias />
</article></xml>