﻿<xml><article id="44732883" name="DOU_0520_2024_02A Aditivo" idOficio="11153728" pubName="DO3" artType="Extrato de Termo Aditivo" pubDate="01/08/2025" artClass="00075:00015:00450:00000:00000:00000:00000:00000:00000:00000:00053:00000" artCategory="Prefeituras/Estado do Paraná/Prefeitura Municipal de Toledo" artSize="12" artNotes="" numberPage="304" pdfPage="http://pesquisa.in.gov.br/imprensa/jsp/visualiza/index.jsp?data=01/08/2025&amp;jornal=530&amp;pagina=304" editionNumber="144" highlightType="" highlightPriority="" highlight="" highlightimage="" highlightimagename="" idMateria="22885646">
  <body>
    <Identifica><![CDATA[EXTRATO  DE TERMO ADITIVO]]></Identifica>
    <Data><![CDATA[]]></Data>
    <Ementa />
    <Titulo />
    <SubTitulo />
    <Texto><![CDATA[<p class="identifica">EXTRATO DE TERMO ADITIVO</p><p>Espécie: 2º TERMO ADITIVO POR APOSTILAMENTO AO CONTRATO Nº 520/2024</p><p>CONTRATANTE: MUNICIPIO DE TOLEDO</p><p>CONTRATADA: H. BRUM TRANSPORTES LTDA</p><p>OBJETO: CLÁUSULA PRIMEIRA - DO OBJETO DO APOSTILAMENTO: O presente Termo de Apostilamento tem como objetivo a modificação unilateral do Contrato, registrado e publicado através do nº 520/2024, de 15 de julho de 2024, por parte da Administração, visando a alteração do fiscal suplente de contrato, passando do servidor Pércimo Domingos Noronha Chiaretto para a servidora Juliana Aparecida dos Santos Barbosa. Termo aditivo firmado em 26 de junho de 2025, oriundo do processo de Pregão Eletrônico nº 47/2024.</p><p>DATA DE ASSINATURA: 26 de junho de 2025.</p>]]></Texto>
  </body>
  <Midias />
</article></xml>