﻿<xml><article id="44736939" name="2025-07-25/11168370/siasgnet_229" idOficio="11168370" pubName="DO3" artType="Aviso de Licitação-Pregão" pubDate="01/08/2025" artClass="00070:00003:00005:00009:00002:00000:00000:00000:00000:00000:00162:00001" artCategory="Poder Judiciário/Tribunal Superior Eleitoral/Secretaria do Tribunal/Secretaria de Administração/Comissão Permanente de Licitação" artSize="12" artNotes="" numberPage="176" pdfPage="http://pesquisa.in.gov.br/imprensa/jsp/visualiza/index.jsp?data=01/08/2025&amp;jornal=530&amp;pagina=176" editionNumber="144" highlightType="" highlightPriority="" highlight="" highlightimage="" highlightimagename="" idMateria="22910965">
  <body>
    <Identifica><![CDATA[ AVISO DE LICITAÇÃO]]></Identifica>
    <Data><![CDATA[]]></Data>
    <Ementa />
    <Titulo />
    <SubTitulo />
    <Texto><![CDATA[<p class="identifica">AVISO DE LICITAÇÃO</p><p class="identifica">Pregão Eletrônico Nº 90013/2025 - UASG 70001</p><p>Nº Processo: 10751-0/2024. Objeto: Prestação de serviços de gestão dos Portais do TSE, da Justiça Eleitoral, do Portal Internacional, do Portal de Extranet, bem como outro Portal Web que venha a pertencer ao TSE e monitoramento e suporte aos Portais dos Tribunais Regionais Eleitorais, mediante alocação de postos de trabalho, pelo período de 5 (cinco) anos, admitida a prorrogação nos termos da lei, consoante especificações, exigências e prazos constantes do Anexo I - Termo de Referência.. Total de Itens Licitados: 1. Edital: 01/08/2025 das 08h00 às 17h59. Endereço: Setor de Administração Federal Sul Quadra 7 Lote 1/2, - BRASÍLIA/DF ou https://www.gov.br/compras/edital/70001-5-90013-2025. Entrega das Propostas: a partir de 01/08/2025 às 08h00 no site www.gov.br/compras. Abertura das Propostas: 19/08/2025 às 14h00 no site www.gov.br/compras.</p><p class="assina">NERIA CLAUDINA ALVES DE OLIVEIRA BORGES</p><p class="cargo">Pregoeira</p><p>(SIASGnet - 25/07/2025) 70001-00001-2025NE999999</p>]]></Texto>
  </body>
  <Midias />
</article></xml>