﻿<xml><article id="44725661" name="09_Extrato de TA - PE 07-2021" idOficio="11178730" pubName="DO3" artType="Extrato de Termo Aditivo" pubDate="01/08/2025" artClass="00071:00265:00000:00000:00000:00000:00000:00000:00000:00000:00053:00000" artCategory="Entidades de Fiscalização do Exercício das Profissões Liberais/Conselho Regional de Enfermagem de São Paulo" artSize="12" artNotes="" numberPage="214" pdfPage="http://pesquisa.in.gov.br/imprensa/jsp/visualiza/index.jsp?data=01/08/2025&amp;jornal=530&amp;pagina=214" editionNumber="144" highlightType="" highlightPriority="" highlight="" highlightimage="" highlightimagename="" idMateria="22927131">
  <body>
    <Identifica><![CDATA[ EXTRATO DE TERMO ADITIVO]]></Identifica>
    <Data><![CDATA[]]></Data>
    <Ementa />
    <Titulo />
    <SubTitulo />
    <Texto><![CDATA[<p class="identifica">EXTRATO DE TERMO ADITIVO</p><p>Espécie: Sexto Termo Aditivo ao contrato de prestação de serviços continuados de Solução de Comunicação de Dados para a interligação da Sede do Conselho Regional de Enfermagem de São Paulo a todas as unidades descentralizadas no Estado de São Paulo, firmado em 01/07/2025 entre o Conselho Regional de Enfermagem de São Paulo e a empresa TELEFONICA BRASIL S.A., CNPJ n.º 02.558.157/0001-62. Objeto dos Termos Aditivos: prorrogação da vigência contratual e reajuste dos preços contratados. Processo: Pregão Eletrônico n.º 07/2021. Contrato nº 13/2021. Vigência: 01/07/2025 a 30/06/2026. Valor do Termo Aditivo: R$ 47.456,33.</p>]]></Texto>
  </body>
  <Midias />
</article></xml>