﻿<xml><article id="44719977" name="CONTR 097-2025 - ADM" idOficio="11173830" pubName="DO3" artType="Extrato de Contrato" pubDate="01/08/2025" artClass="00075:00013:00201:00000:00000:00000:00000:00000:00000:00000:00030:00000" artCategory="Prefeituras/Estado do Pará/Prefeitura Municipal de Redenção" artSize="12" artNotes="" numberPage="287" pdfPage="http://pesquisa.in.gov.br/imprensa/jsp/visualiza/index.jsp?data=01/08/2025&amp;jornal=530&amp;pagina=287" editionNumber="144" highlightType="" highlightPriority="" highlight="" highlightimage="" highlightimagename="" idMateria="22920100">
  <body>
    <Identifica><![CDATA[ EXTRATO DE CONTRATO]]></Identifica>
    <Data><![CDATA[]]></Data>
    <Ementa />
    <Titulo />
    <SubTitulo />
    <Texto><![CDATA[<p></p><p class="identifica">EXTRATO DE CONTRATO</p><p>CONTRATANTE: MUNICÍPIO DE REDENÇÃO. CNPJ sob nº 04.144.168/0001-21.</p><p>CONTRATADA: Processo Licitatório nº 099/2025</p><p>ADESÃO A ATA DE REGISTRO DE PREÇOS N.º 006/2025</p><p>CONSTRUTORA INDUSTRIAL LTDA. CNPJ da empresa sob o nº 00.488.605/0001-73. CONTRATO Nº 097/2025. Objeto: Adesão à ata de registro de preços nº 004/2024/CP/PMX, originária da prefeitura municipal de Xinguara/PA, para a contratação de empresa especializada na prestação de serviços gerais de manutenção, reforma e adequação predial, a serem executados sob demanda nas edificações utilizadas por este órgão no Município de Redenção/PA. Assinatura contratual: 28/07/2025. Vigência: 12 (Doze) meses, 28/07/2025 e término em 28/07/2026. O valor total da contratação é de R$ 3.792.917,04 (três milhões e setecentos e noventa e dois mil e novecentos e dezessete reais e quatro centavos).</p><p></p>]]></Texto>
  </body>
  <Midias />
</article></xml>