﻿<xml><article id="44733036" name="DOU_0783_2024_04A Aditivo" idOficio="11153832" pubName="DO3" artType="Extrato de Termo Aditivo" pubDate="01/08/2025" artClass="00075:00015:00450:00000:00000:00000:00000:00000:00000:00000:00053:00000" artCategory="Prefeituras/Estado do Paraná/Prefeitura Municipal de Toledo" artSize="12" artNotes="" numberPage="305" pdfPage="http://pesquisa.in.gov.br/imprensa/jsp/visualiza/index.jsp?data=01/08/2025&amp;jornal=530&amp;pagina=305" editionNumber="144" highlightType="" highlightPriority="" highlight="" highlightimage="" highlightimagename="" idMateria="22885821">
  <body>
    <Identifica><![CDATA[EXTRATO DE  TERMO ADITIVO]]></Identifica>
    <Data><![CDATA[]]></Data>
    <Ementa />
    <Titulo />
    <SubTitulo />
    <Texto><![CDATA[<p class="identifica">EXTRATO DE TERMO ADITIVO</p><p>Espécie: 4º TERMO ADITIVO AO CONTRATO Nº 783/2024</p><p>CONTRATANTE: FUNDO MUNICIPAL DE ASSISTÊNCIA SOCIAL</p><p>CONTRATADA: PS GERENCIAL DE NEGOCIOS LTDA</p><p>OBJETO: CLÁUSULA PRIMEIRA - DO OBJETO: O presente Termo Aditivo decorre da necessidade de repactuação dos valores contratuais em face das obrigações estabelecidas na Convenção Coletiva de Trabalho (SIEMACO PR000074/2025), relacionadas aos profissionais vinculados a prestação dos serviços deste contrato. Em decorrência da repactuação mencionada, os valores por mês e por posto de trabalho ficam alterados a partir de 01/02/2025, conforme informações abaixo: Para o posto de "Auxiliar de Serviços Gerais" passará de R$ 3.872,90 para R$ 4.202,79; Para o posto de "Cozinheiro" passará de R$ 4.135,73 para R$ 4.493,20. Altera o valor anual de R$ 2.008.712,88 para R$ 2.180.934,72. Termo aditivo firmado em 10 de junho de 2025, oriundo da licitação na modalidade Pregão Eletrônico nº 105/2024.</p><p>DATA DE ASSINATURA: 10 de junho de 2025.</p>]]></Texto>
  </body>
  <Midias />
</article></xml>