﻿<xml><article id="44720568" name="ATA DOU mel e cafe" idOficio="11173553" pubName="DO3" artType="Extrato da Ata" pubDate="01/08/2025" artClass="00074:00013:00040:00002:00000:00000:00000:00000:00000:00000:00180:00000" artCategory="Governo do Estado/Governo do Estado de Minas Gerais/Secretaria de Estado de Agricultura, Pecuária e Abastecimento/Empresa de Assistência Técnica e Extensão Rural de Minas Gerais -EMATER MG" artSize="12" artNotes="" numberPage="234" pdfPage="http://pesquisa.in.gov.br/imprensa/jsp/visualiza/index.jsp?data=01/08/2025&amp;jornal=530&amp;pagina=234" editionNumber="144" highlightType="" highlightPriority="" highlight="" highlightimage="" highlightimagename="" idMateria="22919764">
  <body>
    <Identifica><![CDATA[ EXTRATO DE REGISTRO DE PREÇOS]]></Identifica>
    <Data><![CDATA[]]></Data>
    <Ementa />
    <Titulo />
    <SubTitulo />
    <Texto><![CDATA[<p class="identifica">EXTRATO DE REGISTRO DE PREÇOS</p><p></p><p>Espécie: ATA REGISTRO PREÇO nº 171/2025 - Planejamento SIRP nº 54/2025 - Processo SEI n. º 3040.01.0001001/2025-28 - Pregão Eletrônico para Registro de Preços nº 54/2025. Objeto: Aquisição de EQUIPAMENTOS PARA PROCESSAMENTO DE MEL E CAFÉ , Vencedores: lote 1 a empresa OBJET COMERCIO DE EQUIPAMENTOS E SERVIÇOS EIRELI, CNPJ nº 18.917.693/0001-47, no valor de R$ R$ 200.600,00; lote 2 a empresa OUTLET COMÉRCIO DE MATERIAIS LTDA, CNPJ: 33.557.716/0001-43 no valor de: R$ 174.948,75; Lote 4 e 7 a empresa BR PRODUTOS E COMÉRCIO ME, CNPJ: 33.557.716/0001-43, Valor total de R$ 55.070,00; Lote 6 a empresa QUALIVIDROS DISTRIBUIDORA LTDA, CNPJ: 06.003.551/0001-95, Valor de R$ 37.500,00, os lote 3 e 5 restaram fracassados.</p><p></p>]]></Texto>
  </body>
  <Midias />
</article></xml>