﻿<xml><article id="44720595" name="EXTRATO - estagiarios" idOficio="11182181" pubName="DO3" artType="Extrato de Contrato" pubDate="01/08/2025" artClass="00071:00387:00000:00000:00000:00000:00000:00000:00000:00000:00030:00000" artCategory="Entidades de Fiscalização do Exercício das Profissões Liberais/Conselho Regional de Medicina do Estado de Rondônia" artSize="12" artNotes="" numberPage="216" pdfPage="http://pesquisa.in.gov.br/imprensa/jsp/visualiza/index.jsp?data=01/08/2025&amp;jornal=530&amp;pagina=216" editionNumber="144" highlightType="" highlightPriority="" highlight="" highlightimage="" highlightimagename="" idMateria="22932820">
  <body>
    <Identifica><![CDATA[ EXTRATO DE CONTRATO]]></Identifica>
    <Data><![CDATA[]]></Data>
    <Ementa />
    <Titulo />
    <SubTitulo />
    <Texto><![CDATA[<p class="identifica">EXTRATO DE CONTRATO</p><p>Processo de Licitação SEI 25.22.000000540-5</p><p>CONTRATANTE: CONSELHO REGIONAL DE MEDICINA DE RONDÔNIA-CREMERO; CONTRATADO: INSTITUTO EUVALDO LODI - NÚCLEO REGIONAL DE RONDÔNIA - IEL/RO OBJETO: Contratação de empresa de seleção e recrutamento de estagiários nível superior para atender as necessidades do CRM/RO; VALOR DA CONTRATAÇÃO: R$ 2.160,00 (dois mil cento e sessenta reais); FUNDAMENTO LEGAL: Nos termos da Lei Federal nº 14.133/2021, FORO: Porto Velho-RO;</p><p></p>]]></Texto>
  </body>
  <Midias />
</article></xml>