﻿<xml><article id="44721562" name="Publi DOU Adjudicacao e Homologa" idOficio="11184182" pubName="DO3" artType="Aviso de Homologação" pubDate="01/08/2025" artClass="00073:03103:00000:00000:00000:00000:00000:00000:00000:00000:00000:00000" artCategory="Ineditoriais/CONSÓRCIO INTERMUNICIPAL MULTIFINALITÁRIO DA ÁREA MINEIRA DA SUDENE" artSize="12" artNotes="" numberPage="227" pdfPage="http://pesquisa.in.gov.br/imprensa/jsp/visualiza/index.jsp?data=01/08/2025&amp;jornal=530&amp;pagina=227" editionNumber="144" highlightType="" highlightPriority="" highlight="" highlightimage="" highlightimagename="" idMateria="22936970">
  <body>
    <Identifica><![CDATA[AVISO DE ADJUDICAÇÃO E HOMOLOGAÇÃO   PREGÃO ELETRÔNICO Nº  14/2025]]></Identifica>
    <Data><![CDATA[Montes Claros-MG, 29 de julho de 2025.]]></Data>
    <Ementa />
    <Titulo />
    <SubTitulo />
    <Texto><![CDATA[<p class="identifica">AVISO DE ADJUDICAÇÃO E HOMOLOGAÇÃO PREGÃO ELETRÔNICO Nº 14/2025</p><p>O CONSÓRCIO INTERMUNICIPAL MULTIFINALITÁRIO da Área Mineira da SUDENE - CIMAMS torna público a adjudicação e homologação do P.A. 038/2025 - P.E. POR REGISTRO DE PREÇOS -Nº 014/2025. Objeto: REGISTRO DE PREÇOS PARA FUTURA E EVENTUAL CONTRATAÇÃO DE EMPRESA PARA FORNECIMENTO DE CAIXAS D'ÁGUA DE POLIETILENO, BOMBAS SUBMERSAS, TUBOS DIVERSOS E MATERIAIS PARA INSTALAÇÃO DE ESGOSTO, EM ATENDIMENTO AS DEMANDAS DOS MUNICÍPIOS INTEGRANTES AO CONSÓRCIO INTERMUNICIPAL MULTIFINALITÁRIO DA ÁREA MINEIRA DA SUDENE - CIMAMS. Empresas Vencedoras: FORTLEV INDUSTRIA E COMERCIO DE PLASTICOS LTDA - Valor R$44.787.256,01; MINAS IRRIGACAO LTDA - Valor R$912.000,00; POLYVIN PLASTICOS E DERIVADOS LTDA - Valor R$1.636.999,91.</p><p class="data">Montes Claros-MG, 29 de julho de 2025.</p><p class="assina">ADAILDO ROCHA MOREIRA</p><p class="cargo">Presidente do CIMAMS</p>]]></Texto>
  </body>
  <Midias />
</article></xml>