﻿<xml><article id="44730012" name="103-25UNIAO credenciamento 008-2" idOficio="11165257" pubName="DO3" artType="Aviso de Licitação" pubDate="01/08/2025" artClass="00075:00012:00124:00000:00000:00000:00000:00000:00000:00000:00078:00000" artCategory="Prefeituras/Estado de Minas Gerais/PREFEITURA MUNICIPAL DE ANDRADAS" artSize="12" artNotes="" numberPage="269" pdfPage="http://pesquisa.in.gov.br/imprensa/jsp/visualiza/index.jsp?data=01/08/2025&amp;jornal=530&amp;pagina=269" editionNumber="144" highlightType="" highlightPriority="" highlight="" highlightimage="" highlightimagename="" idMateria="22905030">
  <body>
    <Identifica><![CDATA[ AVISO de Inexigibilidade DE LICITAÇÃO Nº 17/2025]]></Identifica>
    <Data><![CDATA[ Andradas - MG, 24 de julho de 2025.]]></Data>
    <Ementa />
    <Titulo />
    <SubTitulo />
    <Texto><![CDATA[<p class="identifica">AVISO de Inexigibilidade DE LICITAÇÃO Nº 17/2025</p><p>A Prefeitura Municipal de Andradas torna público o Procedimento licitatório nº 103/2025, Credenciamento 008/2025, cujo objeto credenciamento de pessoas físicas, profissionais da área de psicologia, com formação superior e registro regular no Conselho Regional de Psicologia (CRP), para a prestação de serviços especializados no âmbito do Centro de Atenção Psicossocial - CAPS I, vinculado à Secretaria Municipal de Saúde do Município de Andradas/MG.</p><p>DATA PROTOCOLO ENVELOPE: Entrega do Envelope no Setor de Protocolo da Prefeitura a partir de 30/07/2025.</p><p>Consultas ao Edital e Informações: Na internet no site www.andradas.mg.gov.br/licitações, telefone (35) 3739-2550 ramal 1007, E-mail licitacoes@andradas.mg.gov.br.</p><p class="data">Andradas - MG, 24 de julho de 2025.</p><p class="assina">Maria Rita M. Basso,</p><p class="cargo">Supervisora da Seção de Licitações</p>]]></Texto>
  </body>
  <Midias />
</article></xml>