﻿<xml><article id="44718986" name="Publicacao DOU - nA 3 - 01-08-20" idOficio="11165516" pubName="DO3" artType="Aviso de Registro de Diplomas" pubDate="01/08/2025" artClass="00073:09869:00011:00000:00000:00000:00000:00000:00000:00000:00181:00000" artCategory="Ineditoriais/Serviço Social da Indústria/DEPARTAMENTO REGIONAL DE SÃO PAULO" artSize="12" artNotes="" numberPage="229" pdfPage="http://pesquisa.in.gov.br/imprensa/jsp/visualiza/index.jsp?data=01/08/2025&amp;jornal=530&amp;pagina=229" editionNumber="144" highlightType="" highlightPriority="" highlight="" highlightimage="" highlightimagename="" idMateria="22905359">
  <body>
    <Identifica><![CDATA[ AVISO]]></Identifica>
    <Data><![CDATA[ São Paulo,  31 de julho de 2025]]></Data>
    <Ementa />
    <Titulo />
    <SubTitulo />
    <Texto><![CDATA[<p class="identifica">AVISO</p><p class="identifica">REGISTRO DE DIPLOMAS</p><p>Faculdade SESI-SP de Educação, mantida pelo Serviço Social da Indústria - SESI, inscrito no CNPJ nº 03.779.133/0001-04, para fins do disposto no art. 21 da Portaria MEC nº 1.095, de 25 de outubro de 2018, informa que foi registrado 03 (três) diplomas no período em 23/07/2025, no seguinte livro de registro e sequência numérica: livro G-37 - registro de n.º 55073 a 55075. A relação de diplomas registrados poderá ser consultada em até 15 dias, no endereço https://www.faculdadesesi.edu.br/consulta-diplomas-registrados/</p><p class="data">São Paulo, 31 de julho de 2025</p><p class="assina">VITOR GUSTAVO DA SILVA</p><p class="cargo">Secretário Geral do Ensino Superior</p>]]></Texto>
  </body>
  <Midias />
</article></xml>