﻿<xml><article id="44732943" name="DOU_0518_2024_01A Aditivo" idOficio="11153728" pubName="DO3" artType="Extrato de Termo Aditivo" pubDate="01/08/2025" artClass="00075:00015:00450:00000:00000:00000:00000:00000:00000:00000:00053:00000" artCategory="Prefeituras/Estado do Paraná/Prefeitura Municipal de Toledo" artSize="12" artNotes="" numberPage="304" pdfPage="http://pesquisa.in.gov.br/imprensa/jsp/visualiza/index.jsp?data=01/08/2025&amp;jornal=530&amp;pagina=304" editionNumber="144" highlightType="" highlightPriority="" highlight="" highlightimage="" highlightimagename="" idMateria="22885641">
  <body>
    <Identifica><![CDATA[EXTRATO  DE TERMO ADITIVO]]></Identifica>
    <Data><![CDATA[]]></Data>
    <Ementa />
    <Titulo />
    <SubTitulo />
    <Texto><![CDATA[<p class="identifica">EXTRATO DE TERMO ADITIVO</p><p>Espécie: 1º TERMO ADITIVO AO CONTRATO Nº 518/2024</p><p>CONTRATANTE: MUNICIPIO DE TOLEDO</p><p>CONTRATADA: E GERALDO TRANSPORTE E TURISMO LTDA</p><p>OBJETO: CLÁUSULA PRIMEIRA - DO OBJETO: O presente termo aditivo tem por objeto a prorrogação excepcional do prazo de execução do contrato até 18/12/2025. Por consequência, fica prorrogado o prazo de vigência do contrato até 18/01/2026. Tudo com amparo legal nos artigos 106 e 107, da Lei nº 14.133/2021. Termo aditivo firmado em 26 de junho de 2025, oriundo do processo de Pregão Eletrônico nº 47/2024.</p><p>DATA DE ASSINATURA: 26 de junho de 2025.</p>]]></Texto>
  </body>
  <Midias />
</article></xml>