﻿<xml><article id="45720461" name="Portaria FP - 29 09 2025 - Descr" idOficio="11316763" pubName="DO1" artType="Despacho" pubDate="01/10/2025" artClass="00047:00039:00000:00000:00000:00000:00000:00000:00000:00000:00024:00000" artCategory="Ministério da Saúde/Secretaria de Ciência, Tecnologia e Inovação e do Complexo Econômico-Industrial da Saúde" artSize="12" artNotes="" numberPage="217" pdfPage="http://pesquisa.in.gov.br/imprensa/jsp/visualiza/index.jsp?data=01/10/2025&amp;jornal=515&amp;pagina=217" editionNumber="187" highlightType="" highlightPriority="" highlight="" highlightimage="" highlightimagename="" idMateria="23162856">
  <body>
    <Identifica><![CDATA[ DESPACHOS de 29 de setembro de 2025]]></Identifica>
    <Data><![CDATA[]]></Data>
    <Ementa />
    <Titulo />
    <SubTitulo />
    <Texto><![CDATA[<p class="identifica">DESPACHOS de 29 de setembro de 2025</p><p>Ref.: Processo n. º 25000.004199/2014-80.</p><p>Interessado: ESMERALDA N GOMES.</p><p>Assunto: Descredenciamento de farmácia ao Programa Farmácia Popular do Brasil (PFPB) Aqui Tem Farmácia Popular.</p><p>O Secretário Adjunto de Ciência, Tecnologia e Inovação e do Complexo Econômico-Industrial da Saúde, do Ministério da Saúde, no uso das atribuições que lhe conferem o art. 68 do Anexo I ao Decreto nº 11.798, de 28 de novembro de 2023, e diante o disposto no artigo 39, inciso II do Anexo LXXVII da Portaria de Consolidação GM/MS nº 05, de 28 de setembro de 2017, à vista da conclusão de análise técnica sobre irregularidades apresentadas no estabelecimento, DEFERE o descredenciamento da empresa ESMERALDA N GOMES, inscrita no CNPJ sob o nº 16.708.698/0001-34, localizada no Município de IBIAPINA - CE, do Programa Farmácia Popular do Brasil - Aqui Tem Farmácia Popular.</p><p>Ref.: Processo n. º 25000.076490/2012-98.</p><p>Interessado: DROGARIA REDE LAGOS LTDA.</p><p>Assunto: Descredenciamento de farmácia ao Programa Farmácia Popular do Brasil (PFPB) Aqui Tem Farmácia Popular.</p><p>O Secretário Adjunto de Ciência, Tecnologia e Inovação e do Complexo Econômico-Industrial da Saúde, do Ministério da Saúde, no uso das atribuições que lhe conferem o art. 68 do Anexo I ao Decreto nº 11.798, de 28 de novembro de 2023, e diante o disposto no artigo 39, inciso II do Anexo LXXVII da Portaria de Consolidação GM/MS nº 05, de 28 de setembro de 2017, à vista da conclusão de análise técnica sobre irregularidades apresentadas no estabelecimento, DEFERE o descredenciamento da empresa DROGARIA REDE LAGOS LTDA, inscrita no CNPJ sob o nº 01.184.637/0001-48, localizada no município de ARRAIAL DO CABO - RJ, do Programa Farmácia Popular do Brasil - Aqui Tem Farmácia Popular.</p><p>Ref.: Processo n. º 25000.103043/2014-81.</p><p>Interessado: FARMA NORTE LTDA.</p><p>Assunto: Descredenciamento de farmácia ao Programa Farmácia Popular do Brasil (PFPB) Aqui Tem Farmácia Popular.</p><p>O Secretário Adjunto de Ciência, Tecnologia e Inovação e do Complexo Econômico-Industrial da Saúde, do Ministério da Saúde, no uso das atribuições que lhe conferem o art. 68 do Anexo I ao Decreto nº 11.798, de 28 de novembro de 2023, e diante o disposto no artigo 39, inciso II do Anexo LXXVII da Portaria de Consolidação GM/MS nº 05, de 28 de setembro de 2017, à vista da conclusão de análise técnica sobre irregularidades apresentadas no estabelecimento, DEFERE o descredenciamento da empresa FARMA NORTE LTDA, inscrita no CNPJ sob o nº 10.923.387/0001-01, localizada no Município de GOIANÉSIA - GO, do Programa Farmácia Popular do Brasil - Aqui Tem Farmácia Popular.</p><p>Ref.: Processo n. º 25000.118102/2011-72.</p><p>Interessado: DROGARIA ASSIS E NETO LTDA.</p><p>Assunto: Descredenciamento de farmácia ao Programa Farmácia Popular do Brasil (PFPB) Aqui Tem Farmácia Popular.</p><p>O Secretário Adjunto de Ciência, Tecnologia e Inovação e do Complexo Econômico-Industrial da Saúde, do Ministério da Saúde, no uso das atribuições que lhe conferem o art. 68 do Anexo I ao Decreto nº 11.798, de 28 de novembro de 2023, e diante o disposto no artigo 39, inciso II do Anexo LXXVII da Portaria de Consolidação GM/MS nº 05, de 28 de setembro de 2017, à vista da conclusão de análise técnica sobre irregularidades apresentadas no estabelecimento, DEFERE o descredenciamento da empresa DROGARIA ASSIS E NETO LTDA, inscrita no CNPJ sob o nº 11.443.117/0001-66, localizada no Município de PARACATU - MG, do Programa Farmácia Popular do Brasil - Aqui Tem Farmácia Popular.</p><p>Ref.: Processo n. º 25000.154859/2011-20.</p><p>Interessado: J M DELFES.</p><p>Assunto: Descredenciamento de farmácia ao Programa Farmácia Popular do Brasil (PFPB) Aqui Tem Farmácia Popular.</p><p>O Secretário Adjunto de Ciência, Tecnologia e Inovação e do Complexo Econômico-Industrial da Saúde, do Ministério da Saúde, no uso das atribuições que lhe conferem o art. 68 do Anexo I ao Decreto nº 11.798, de 28 de novembro de 2023, e diante o disposto no artigo 39, inciso II do Anexo LXXVII da Portaria de Consolidação GM/MS nº 05, de 28 de setembro de 2017, à vista da conclusão de análise técnica sobre irregularidades apresentadas no estabelecimento, DEFERE o descredenciamento da empresa J M DELFES, inscrita no CNPJ sob o nº 07.860.504/0001-20, localizada no Município de PEABIRU - PR, do Programa Farmácia Popular do Brasil - Aqui Tem Farmácia Popular.</p><p>Ref.: Processo n. º 25000.131928/2013-99.</p><p>Interessado: DROGARIA COELHO E COELHO LTDA.</p><p>Assunto: Descredenciamento de farmácia ao Programa Farmácia Popular do Brasil (PFPB) Aqui Tem Farmácia Popular.</p><p>O Secretário Adjunto de Ciência, Tecnologia e Inovação e do Complexo Econômico-Industrial da Saúde, do Ministério da Saúde, no uso das atribuições que lhe conferem o art. 68 do Anexo I ao Decreto nº 11.798, de 28 de novembro de 2023, e diante o disposto no artigo 39, inciso II do Anexo LXXVII da Portaria de Consolidação GM/MS nº 05, de 28 de setembro de 2017, à vista da conclusão de análise técnica sobre irregularidades apresentadas no estabelecimento, DEFERE o descredenciamento da empresa DROGARIA COELHO E COELHO LTDA, inscrita no CNPJ sob o nº 20.955.381/0001-70, localizada no Município de GOVERNADOR VALADARES - MG, do Programa Farmácia Popular do Brasil - Aqui Tem Farmácia Popular.</p><p>ef.: Processo n. º 25000.007634/2013-47.</p><p>Interessado: FARMACIA MINAS NORTE LTDA.</p><p>Assunto: Descredenciamento de farmácia ao Programa Farmácia Popular do Brasil (PFPB) Aqui Tem Farmácia Popular.</p><p>O Secretário Adjunto de Ciência, Tecnologia e Inovação e do Complexo Econômico-Industrial da Saúde, do Ministério da Saúde, no uso das atribuições que lhe conferem o art. 68 do Anexo I ao Decreto nº 11.798, de 28 de novembro de 2023, e diante o disposto no artigo 39, inciso II do Anexo LXXVII da Portaria de Consolidação GM/MS nº 05, de 28 de setembro de 2017, à vista da conclusão de análise técnica sobre irregularidades apresentadas no estabelecimento, DEFERE o descredenciamento da empresa FARMACIA MINAS NORTE LTDA, inscrita no CNPJ sob o nº 15.318.320/0001-61, localizada no município de MANGA- MG, do Programa Farmácia Popular do Brasil - Aqui Tem Farmácia Popular.</p><p>Ref.: Processo n. º 25000.503950/2009-69.</p><p>Interessado: DROGARIA LUCAS DE UBERABA LTDA.</p><p>Assunto: Descredenciamento de farmácia ao Programa Farmácia Popular do Brasil (PFPB) Aqui Tem Farmácia Popular.</p><p>O Secretário Adjunto de Ciência, Tecnologia e Inovação e do Complexo Econômico-Industrial da Saúde, do Ministério da Saúde, no uso das atribuições que lhe conferem o art. 68 do Anexo I ao Decreto nº 11.798, de 28 de novembro de 2023, e diante o disposto no artigo 39, inciso II do Anexo LXXVII da Portaria de Consolidação GM/MS nº 05, de 28 de setembro de 2017, à vista da conclusão de análise técnica sobre irregularidades apresentadas no estabelecimento, DEFERE o descredenciamento da empresa DROGARIA LUCAS DE UBERABA LTDA, inscrita no CNPJ sob o nº 05.820.098/0001-47, localizada no Município de UBERABA - MG, do Programa Farmácia Popular do Brasil - Aqui Tem Farmácia Popular.</p><p>Ref.: Processo n. º 25000.117510/2013-79.</p><p>Interessado: DROGARIA OLIVEIRA BASTOS LTDA.</p><p>Assunto: Descredenciamento de farmácia ao Programa Farmácia Popular do Brasil (PFPB) Aqui Tem Farmácia Popular.</p><p>O Secretário Adjunto de Ciência, Tecnologia e Inovação e do Complexo Econômico-Industrial da Saúde, do Ministério da Saúde, no uso das atribuições que lhe conferem o art. 68 do Anexo I ao Decreto nº 11.798, de 28 de novembro de 2023, e diante o disposto no artigo 39, inciso II do Anexo LXXVII da Portaria de Consolidação GM/MS nº 05, de 28 de setembro de 2017, à vista da conclusão de análise técnica sobre irregularidades apresentadas no estabelecimento, DEFERE o descredenciamento da empresa DROGARIA OLIVEIRA BASTOS LTDA, inscrita no CNPJ sob o nº 17.339.772/0001-55, localizada no Município de ALVINOPOLIS - MG, do Programa Farmácia Popular do Brasil - Aqui Tem Farmácia Popular.</p><p>Ref.: Processo n. º 25000.174666/2015-19.</p><p>Interessado: MARIA GORETTI DA SILVA GONCALVES.</p><p>Assunto: Descredenciamento de farmácia ao Programa Farmácia Popular do Brasil (PFPB) Aqui Tem Farmácia Popular.</p><p>O Secretário Adjunto de Ciência, Tecnologia e Inovação e do Complexo Econômico-Industrial da Saúde, do Ministério da Saúde, no uso das atribuições que lhe conferem o art. 68 do Anexo I ao Decreto nº 11.798, de 28 de novembro de 2023, e diante o disposto no artigo 39, inciso II do Anexo LXXVII da Portaria de Consolidação GM/MS nº 05, de 28 de setembro de 2017, à vista da conclusão da análise dos documentos apresentados pela empresa no ato da renovação do credenciamento, DEFERE o descredenciamento da empresa MARIA GORETTI DA SILVA GONCALVES, inscrita no CNPJ sob o nº 09.548.636/0001-47, localizada no município de JAQUEIRA - PE, do Programa Farmácia Popular do Brasil - Aqui Tem Farmácia Popular.</p><p>Ref.: Processo n. º 25000.144787/2010-21.</p><p>Interessado: DROGA RIO MEDICAMENTOS E PERFUMARIA LTDA.</p><p>Assunto: Descredenciamento de farmácia ao Programa Farmácia Popular do Brasil (PFPB) Aqui Tem Farmácia Popular.</p><p>O Secretário Adjunto de Ciência, Tecnologia e Inovação e do Complexo Econômico-Industrial da Saúde, do Ministério da Saúde, no uso das atribuições que lhe conferem o art. 68 do Anexo I ao Decreto nº 11.798, de 28 de novembro de 2023, e diante o disposto no artigo 39, inciso II do Anexo LXXVII da Portaria de Consolidação GM/MS nº 05, de 28 de setembro de 2017, à vista da conclusão de análise técnica sobre irregularidades apresentadas no estabelecimento, DEFERE o descredenciamento da empresa DROGA RIO MEDICAMENTOS E PERFUMARIA LTDA, inscrita no CNPJ sob o nº 00.803.692/0001-06, localizada no município de CATALÃO - GO, do Programa Farmácia Popular do Brasil - Aqui Tem Farmácia Popular.</p><p>Ref.: Processo n. º 25000.119097/2011-15.</p><p>Interessado: DROGARIA POPMEDCENTER LTDA.</p><p>Assunto: Descredenciamento de farmácia ao Programa Farmácia Popular do Brasil (PFPB) Aqui Tem Farmácia Popular.</p><p>O Secretário Adjunto de Ciência, Tecnologia e Inovação e do Complexo Econômico-Industrial da Saúde, do Ministério da Saúde, no uso das atribuições que lhe conferem o art. 68 do Anexo I ao Decreto n.º 11.798, de 28 de novembro de 2023, e diante o disposto no artigo 39, inciso II do Anexo LXXVII da Portaria de Consolidação GM/MS nº 05, de 28 de setembro de 2017, à vista da conclusão de análise técnica sobre irregularidades apresentadas no estabelecimento, DEFERE o descredenciamento da empresa DROGARIA POPMEDCENTER LTDA, inscrita no CNPJ sob o nº 13.172.591/0001-26, localizada no Município de IGARAPAVA - SP, do Programa Farmácia Popular do Brasil - Aqui Tem Farmácia Popular.</p><p>Ref.: Processo n. º 25000.056928/2013-01.</p><p>Interessado: SONIA CRISTINA PLATERO LTDA.</p><p>Assunto: Descredenciamento de farmácia ao Programa Farmácia Popular do Brasil (PFPB) Aqui Tem Farmácia Popular.</p><p>O Secretário Adjunto de Ciência, Tecnologia e Inovação e do Complexo Econômico-Industrial da Saúde, do Ministério da Saúde, no uso das atribuições que lhe conferem o art. 68 do Anexo I ao Decreto nº 11.798, de 28 de novembro de 2023, e diante o disposto no artigo 39, inciso II do Anexo LXXVII da Portaria de Consolidação GM/MS nº 05, de 28 de setembro de 2017, à vista da conclusão da análise dos documentos apresentados pela empresa no ato da renovação do credenciamento, DEFERE o descredenciamento da empresa SONIA CRISTINA PLATERO LTDA, inscrita no CNPJ sob o nº 05.993.248/0001-14, localizada no Município de MONGAGUA - SP, do Programa Farmácia Popular do Brasil - Aqui Tem Farmácia Popular.</p><p>Ref.: Processo n. º 25000.118131/2011-34.</p><p>Interessado: ZILES &amp; AZEVEDO LTDA.</p><p>Assunto: Descredenciamento de farmácia ao Programa Farmácia Popular do Brasil (PFPB) Aqui Tem Farmácia Popular.</p><p>O Secretário Adjunto de Ciência, Tecnologia e Inovação e do Complexo Econômico-Industrial da Saúde, do Ministério da Saúde, no uso das atribuições que lhe conferem o art. 68 do Anexo I ao Decreto nº 11.798, de 28 de novembro de 2023, e diante o disposto no artigo 61 do Anexo LXXVII da Portaria de Consolidação GM/MS nº 05, de 28 de setembro de 2017, DEFERE o descredenciamento da empresa ZILES &amp; AZEVEDO LTDA, inscrita no CNPJ sob o nº 84.740.133/0001-94, localizada no Município de SAO FRANCISCO DO GUAPORE - RO, do Programa Farmácia Popular do Brasil - Aqui Tem Farmácia Popular.</p><p>Ref.: Processo n. º 25000.123243/2013-79.</p><p>Interessado: DROGARIA POPULAR AVELAR LTDA.</p><p>Assunto: Descredenciamento de farmácia ao Programa Farmácia Popular do Brasil (PFPB) Aqui Tem Farmácia Popular.</p><p>O Secretário Adjunto de Ciência, Tecnologia e Inovação e do Complexo Econômico-Industrial da Saúde, do Ministério da Saúde, no uso das atribuições que lhe conferem o art. 68 do Anexo I ao Decreto nº 11.798, de 28 de novembro de 2023, e diante o disposto no artigo 39, inciso II do Anexo LXXVII da Portaria de Consolidação GM/MS nº 05, de 28 de setembro de 2017, à vista da conclusão de análise técnica sobre irregularidades apresentadas no estabelecimento, DEFERE o descredenciamento da empresa DROGARIA POPULAR AVELAR LTDA, inscrita no CNPJ sob o nº 16.756.742/0001-81, localizada no Município de OLIVEIRA - MG, do Programa Farmácia Popular do Brasil - Aqui Tem Farmácia Popular.</p><p>Ref.: Processo n. º 25000.199042/2014-23.</p><p>Interessado: DROGARIA AOE PHARMA LTDA.</p><p>Assunto: Descredenciamento de farmácia ao Programa Farmácia Popular do Brasil (PFPB) Aqui Tem Farmácia Popular.</p><p>O Secretário Adjunto de Ciência, Tecnologia e Inovação e do Complexo Econômico-Industrial da Saúde, do Ministério da Saúde, no uso das atribuições que lhe conferem o art. 68 do Anexo I ao Decreto nº 11.798, de 28 de novembro de 2023, e diante o disposto no artigo 39, inciso II do Anexo LXXVII da Portaria de Consolidação GM/MS nº 05, de 28 de setembro de 2017, à vista da conclusão de análise técnica sobre irregularidades apresentadas no estabelecimento, DEFERE o descredenciamento da empresa DROGARIA AOE PHARMA LTDA, inscrita no CNPJ sob o nº 14.309.746/0001-96, localizada no Município de BARBOSA - SP, do Programa Farmácia Popular do Brasil - Aqui Tem Farmácia Popular.</p><p>Ref.: Processo n. º 25000.084514/2012-82.</p><p>Interessado: VIEIRA, SANTOS &amp; CASSIMIRO LTDA.</p><p>Assunto: Descredenciamento de farmácia ao Programa Farmácia Popular do Brasil (PFPB) Aqui Tem Farmácia Popular.</p><p>O Secretário Adjunto de Ciência, Tecnologia e Inovação e do Complexo Econômico-Industrial da Saúde, do Ministério da Saúde, no uso das atribuições que lhe conferem o art. 68 do Anexo I ao Decreto nº 11.798, de 28 de novembro de 2023, e diante o disposto no artigo 39, inciso II do Anexo LXXVII da Portaria de Consolidação GM/MS nº 05, de 28 de setembro de 2017, à vista da conclusão de análise técnica sobre irregularidades apresentadas no estabelecimento, DEFERE o descredenciamento da empresa VIEIRA, SANTOS &amp; CASSIMIRO LTDA, inscrita no CNPJ sob o nº 08.678.726/0001-90, localizada no Município de LUZIÂNIA - GO, do Programa Farmácia Popular do Brasil - Aqui Tem Farmácia Popular.</p><p>Ref.: Processo n. º 25000.116520/2012-14.</p><p>Interessado: DROGARIA WILSONFARMA LTDA.</p><p>Assunto: Descredenciamento de farmácia ao Programa Farmácia Popular do Brasil (PFPB) Aqui Tem Farmácia Popular.</p><p>O Secretário Adjunto de Ciência, Tecnologia e Inovação e do Complexo Econômico-Industrial da Saúde, do Ministério da Saúde, no uso das atribuições que lhe conferem o art. 68 do Anexo I ao Decreto nº 11.798, de 28 de novembro de 2023, e diante o disposto no artigo 39, inciso II do Anexo LXXVII da Portaria de Consolidação GM/MS nº 05, de 28 de setembro de 2017, à vista da conclusão de análise técnica sobre irregularidades apresentadas no estabelecimento, DEFERE o descredenciamento da empresa DROGARIA WILSONFARMA LTDA, inscrita no CNPJ sob o nº 06.119.055/0001-00, localizada no Município de NOVO GAMA - GO, do Programa Farmácia Popular do Brasil - Aqui Tem Farmácia Popular.</p><p>Ref.: Processo n. º 25000.227095/2008-16.</p><p>Interessado: DROGARIA MURAD LTDA.</p><p>Assunto: Descredenciamento de farmácia ao Programa Farmácia Popular do Brasil (PFPB) Aqui Tem Farmácia Popular.</p><p>O Secretário Adjunto de Ciência, Tecnologia e Inovação e do Complexo Econômico-Industrial da Saúde, do Ministério da Saúde, no uso das atribuições que lhe conferem o art. 68 do Anexo I ao Decreto nº 11.798, de 28 de novembro de 2023, e diante o disposto no artigo 39, inciso II do Anexo LXXVII da Portaria de Consolidação GM/MS nº 05, de 28 de setembro de 2017, à vista da conclusão de análise técnica sobre irregularidades apresentadas no estabelecimento, DEFERE o descredenciamento da empresa DROGARIA MURAD LTDA, inscrita no CNPJ sob o nº 09.281.921/0001-44, localizada no Município de JOÃO PINHEIRO - MG, do Programa Farmácia Popular do Brasil - Aqui Tem Farmácia Popular.</p><p>Ref.: Processo n. º 25000.538706/2009-17.</p><p>Interessado: H S MEDICAMENTOS LTDA.</p><p>Assunto: Descredenciamento de farmácia ao Programa Farmácia Popular do Brasil (PFPB) Aqui Tem Farmácia Popular.</p><p>O Secretário Adjunto de Ciência, Tecnologia e Inovação e do Complexo Econômico-Industrial da Saúde, do Ministério da Saúde, no uso das atribuições que lhe conferem o art. 68 do Anexo I ao Decreto nº 11.798, de 28 de novembro de 2023, e diante o disposto no artigo 39, inciso II do Anexo LXXVII da Portaria de Consolidação GM/MS nº 05, de 28 de setembro de 2017, à vista da conclusão de análise técnica sobre irregularidades apresentadas no estabelecimento, DEFERE o descredenciamento da empresa H S MEDICAMENTOS LTDA, inscrita no CNPJ sob o nº 36.854.073/0001-98, localizada no Município de IPORA - GO, do Programa Farmácia Popular do Brasil - Aqui Tem Farmácia Popular.</p><p>Ref.: Processo n. º 25000.040922/2015-75.</p><p>Interessado: R A LIMA PINTO DROGARIA LTDA.</p><p>Assunto: Descredenciamento de farmácia ao Programa Farmácia Popular do Brasil (PFPB) Aqui Tem Farmácia Popular.</p><p>O Secretário Adjunto de Ciência, Tecnologia e Inovação e do Complexo Econômico-Industrial da Saúde, do Ministério da Saúde, no uso das atribuições que lhe conferem o art. 68 do Anexo I ao Decreto nº 11.798, de 28 de novembro de 2023, e diante o disposto no artigo 39, inciso II do Anexo LXXVII da Portaria de Consolidação GM/MS nº 05, de 28 de setembro de 2017, à vista da conclusão de análise técnica sobre irregularidades apresentadas no estabelecimento, DEFERE o descredenciamento da empresa R A LIMA PINTO DROGARIA LTDA, inscrita no CNPJ sob o nº 21.111.189/0001-60, localizada no Município de MACEIO - AL, do Programa Farmácia Popular do Brasil - Aqui Tem Farmácia Popular.</p><p>Ref.: Processo n. º 25000.032140/2011-39.</p><p>Interessado: GERALFARMA LTDA.</p><p>Assunto: Descredenciamento de farmácia ao Programa Farmácia Popular do Brasil (PFPB) Aqui Tem Farmácia Popular.</p><p>O Secretário Adjunto de Ciência, Tecnologia e Inovação e do Complexo Econômico-Industrial da Saúde, do Ministério da Saúde, no uso das atribuições que lhe conferem o art. 68 do Anexo I ao Decreto nº 11.798, de 28 de novembro de 2023, e diante o disposto no artigo 39, inciso II do Anexo LXXVII da Portaria de Consolidação GM/MS nº 05, de 28 de setembro de 2017, à vista da conclusão de análise técnica sobre irregularidades apresentadas no estabelecimento, DEFERE o descredenciamento da empresa GERALFARMA LTDA, inscrita no CNPJ sob o nº 05.108.833/0001-94, localizada no Município de CURITIBA - PR, do Programa Farmácia Popular do Brasil - Aqui Tem Farmácia Popular.</p><p>Ref.: Processo n. º 25000.114216/2021-15.</p><p>Interessado: DROGARIA E PERFUMARIA PAVUNENSE LTDA.</p><p>Assunto: Descredenciamento de farmácia ao Programa Farmácia Popular do Brasil (PFPB) Aqui Tem Farmácia Popular.</p><p>O Secretário Adjunto de Ciência, Tecnologia e Inovação e do Complexo Econômico-Industrial da Saúde, do Ministério da Saúde, no uso das atribuições que lhe conferem o art. 68 do Anexo I ao Decreto nº 11.798, de 28 de novembro de 2023, e diante o disposto no artigo 39, inciso II do Anexo LXXVII da Portaria de Consolidação GM/MS nº 05, de 28 de setembro de 2017, à vista da conclusão de análise técnica sobre irregularidades apresentadas no estabelecimento, DEFERE o descredenciamento da empresa DROGARIA E PERFUMARIA PAVUNENSE LTDA, inscrita no CNPJ sob o nº 15.587.540/0001-90, localizada no Município de RIO DE JANEIRO - RJ, do Programa Farmácia Popular do Brasil - Aqui Tem Farmácia Popular.</p><p>Ref.: Processo n. º 25000.078445/2021-69.</p><p>Interessado: DROGARIA ARAÚJO S/A.</p><p>Assunto: Descredenciamento de farmácia ao Programa Farmácia Popular do Brasil (PFPB) Aqui Tem Farmácia Popular.</p><p>O Secretário Adjunto de Ciência, Tecnologia e Inovação e do Complexo Econômico-Industrial da Saúde, do Ministério da Saúde, no uso das atribuições que lhe conferem o art. 68 do Anexo I ao Decreto nº 11.798, de 28 de novembro de 2023, e diante o disposto no artigo 39, inciso II do Anexo LXXVII da Portaria de Consolidação GM/MS nº 05, de 28 de setembro de 2017, à vista da conclusão de análise técnica sobre irregularidades apresentadas no estabelecimento, DEFERE o descredenciamento da empresa DROGARIA ARAÚJO S/A, inscrita no CNPJ sob o nº 17.256.512/0110-70, localizada no Município de BELO HORIZONTE - MG, do Programa Farmácia Popular do Brasil - Aqui Tem Farmácia Popular.</p><p>Ref.: Processo n. º 25000.145680/2013-43.</p><p>Interessado: T.C. DE TOLEDO &amp; CIA LTDA-ME.</p><p>Assunto: Descredenciamento de farmácia ao Programa Farmácia Popular do Brasil (PFPB) Aqui Tem Farmácia Popular.</p><p>O Secretário Adjunto de Ciência, Tecnologia e Inovação e do Complexo Econômico-Industrial da Saúde, do Ministério da Saúde, no uso das atribuições que lhe conferem o art. 68 do Anexo I ao Decreto nº 11.798, de 28 de novembro de 2023, e diante o disposto no artigo 39, inciso II do Anexo LXXVII da Portaria de Consolidação GM/MS nº 05, de 28 de setembro de 2017, à vista da conclusão de análise técnica sobre irregularidades apresentadas no estabelecimento, DEFERE o descredenciamento da empresa T.C. DE TOLEDO &amp; CIA LTDA-ME, inscrita no CNPJ sob o nº 13.274.399/0001-40, localizada no Município de SANTA MARIANA - PR, do Programa Farmácia Popular do Brasil - Aqui Tem Farmácia Popular.</p><p>Ref.: Processo n. º 25000.064809/2011-51.</p><p>Interessado: FARMACIA ZIGLIOLI LTDA.</p><p>Assunto: Descredenciamento de farmácia ao Programa Farmácia Popular do Brasil (PFPB) Aqui Tem Farmácia Popular.</p><p>O Secretário Adjunto de Ciência, Tecnologia e Inovação e do Complexo Econômico-Industrial da Saúde, do Ministério da Saúde, no uso das atribuições que lhe conferem o art. 68 do Anexo I ao Decreto nº 11.798, de 28 de novembro de 2023, e diante o disposto no artigo 39, inciso II do Anexo LXXVII da Portaria de Consolidação GM/MS nº 05, de 28 de setembro de 2017, à vista da conclusão de análise técnica sobre irregularidades apresentadas no estabelecimento, DEFERE o descredenciamento da empresa FARMACIA ZIGLIOLI LTDA, inscrita no CNPJ sob o nº 85.469.369/0001-09, localizada no Município de MEDIANEIRA - PR, do Programa Farmácia Popular do Brasil - Aqui Tem Farmácia Popular.</p><p>Ref.: Processo n. º 25000.202443/2013-97.</p><p>Interessado: DROGARIA SANTO ANTÔNIO DE PILARES LTDA.</p><p>Assunto: Descredenciamento de farmácia ao Programa Farmácia Popular do Brasil (PFPB) Aqui Tem Farmácia Popular.</p><p>O Secretário Adjunto de Ciência, Tecnologia e Inovação e do Complexo Econômico-Industrial da Saúde, do Ministério da Saúde, no uso das atribuições que lhe conferem o art. 68 do Anexo I ao Decreto nº 11.798, de 28 de novembro de 2023, e diante o disposto no artigo 39, inciso II do Anexo LXXVII da Portaria de Consolidação GM/MS nº 05, de 28 de setembro de 2017, à vista da conclusão de análise técnica sobre irregularidades apresentadas no estabelecimento, DEFERE o descredenciamento da empresa DROGARIA SANTO ANTÔNIO DE PILARES LTDA, inscrita no CNPJ sob o nº 11.657.873/0001-98, localizada no Município de RIO DE JANEIRO - RJ, do Programa Farmácia Popular do Brasil - Aqui Tem Farmácia Popular.</p><p>Ref.: Processo n. º 25000.088571/2013-11.</p><p>Interessado: PARAISO FARMA COMERCIO DE MEDICAMENTOS LTDA.</p><p>Assunto: Descredenciamento de farmácia ao Programa Farmácia Popular do Brasil (PFPB) Aqui Tem Farmácia Popular.</p><p>O Secretário Adjunto de Ciência, Tecnologia e Inovação e do Complexo Econômico-Industrial da Saúde, do Ministério da Saúde, no uso das atribuições que lhe conferem o art. 68 do Anexo I ao Decreto nº 11.798, de 28 de novembro de 2023, e diante o disposto no artigo 39, inciso II do Anexo LXXVII da Portaria de Consolidação GM/MS nº 05, de 28 de setembro de 2017, à vista da conclusão da análise dos documentos apresentados pela empresa no ato da renovação do credenciamento, DEFERE o descredenciamento da empresa PARAISO FARMA COMERCIO DE MEDICAMENTOS LTDA, inscrita no CNPJ sob o nº 04.880.590/0001-45, localizada no município de CAMPINA GRANDE - PB, do Programa Farmácia Popular do Brasil - Aqui Tem Farmácia Popular.</p><p>Ref.: Processo n. º 25000.052388/2014-69.</p><p>Interessado: DROGARIA SAO JOAO - ARACA LTDA.</p><p>Assunto: Descredenciamento de farmácia ao Programa Farmácia Popular do Brasil (PFPB) Aqui Tem Farmácia Popular.</p><p>O Secretário Adjunto de Ciência, Tecnologia e Inovação e do Complexo Econômico-Industrial da Saúde, do Ministério da Saúde, no uso das atribuições que lhe conferem o art. 68 do Anexo I ao Decreto nº 11.798, de 28 de novembro de 2023, e diante o disposto no artigo 39, inciso II do Anexo LXXVII da Portaria de Consolidação GM/MS nº 05, de 28 de setembro de 2017, à vista da conclusão de análise técnica sobre irregularidades apresentadas no estabelecimento, DEFERE o descredenciamento da empresa DROGARIA SAO JOAO - ARACA LTDA, inscrita no CNPJ sob o nº 08.463.670/0001-56, localizada no Município de SÃO BERNARDO DO CAMPO - SP, do Programa Farmácia Popular do Brasil - Aqui Tem Farmácia Popular.</p><p>Ref.: Processo n. º 25000.004572/2015-83.</p><p>Interessado: FARMA E FARMA CANAAN LTDA.</p><p>Assunto: Descredenciamento de farmácia ao Programa Farmácia Popular do Brasil (PFPB) Aqui Tem Farmácia Popular.</p><p>O Secretário Adjunto de Ciência, Tecnologia e Inovação e do Complexo Econômico-Industrial da Saúde, do Ministério da Saúde, no uso das atribuições que lhe conferem o art. 68 do Anexo I ao Decreto nº 11.798, de 28 de novembro de 2023, e diante o disposto no artigo 39, inciso II do Anexo LXXVII da Portaria de Consolidação GM/MS nº 05, de 28 de setembro de 2017, à vista da conclusão de análise técnica sobre irregularidades apresentadas no estabelecimento, DEFERE o descredenciamento da empresa FARMA E FARMA CANAAN LTDA, inscrita no CNPJ sob o nº 13.524.127/0001-51, localizada no Município de TIRADENTES - MG, do Programa Farmácia Popular do Brasil - Aqui Tem Farmácia Popular.</p><p>Ref.: Processo n. º 25000.176217/2010-09.</p><p>Interessado: DROGARIA BONFIM ZULATO LTDA.</p><p>Assunto: Descredenciamento de farmácia ao Programa Farmácia Popular do Brasil (PFPB) Aqui Tem Farmácia Popular.</p><p>O Secretário Adjunto de Ciência, Tecnologia e Inovação e do Complexo Econômico-Industrial da Saúde, do Ministério da Saúde, no uso das atribuições que lhe conferem o art. 68 do Anexo I ao Decreto nº 11.798, de 28 de novembro de 2023, e diante o disposto no artigo 39, inciso II do Anexo LXXVII da Portaria de Consolidação GM/MS nº 05, de 28 de setembro de 2017, à vista da conclusão de análise técnica sobre irregularidades apresentadas no estabelecimento, DEFERE o descredenciamento da empresa DROGARIA BONFIM ZULATO LTDA, inscrita no CNPJ sob o nº 66.191.974/0001-08, localizada no Município de JUIZ DE FORA - MG, do Programa Farmácia Popular do Brasil - Aqui Tem Farmácia Popular.</p><p>Ref.: Processo n. º 25000.081056/2007-62.</p><p>Interessado: FABRIS PHARMA LTDA (ORGANIZACAO FARMACEUTICA NAKANO LTDA).</p><p>Assunto: Descredenciamento de farmácia ao Programa Farmácia Popular do Brasil (PFPB) Aqui Tem Farmácia Popular.</p><p>O Secretário Adjunto de Ciência, Tecnologia e Inovação e do Complexo Econômico-Industrial da Saúde, do Ministério da Saúde, no uso das atribuições que lhe conferem o art. 68 do Anexo I ao Decreto nº 11.798, de 28 de novembro de 2023, e diante o disposto no artigo 39, inciso II do Anexo LXXVII da Portaria de Consolidação GM/MS nº 05, de 28 de setembro de 2017, à vista da conclusão de análise técnica sobre irregularidades apresentadas no estabelecimento, DEFERE o descredenciamento da empresa FABRIS PHARMA LTDA (ORGANIZACAO FARMACEUTICA NAKANO LTDA), inscrita no CNPJ sob o nº 61.167.334/0001-49, localizada no Município de GUARULHOS - SP, do Programa Farmácia Popular do Brasil - Aqui Tem Farmácia Popular.</p><p>Ref.: Processo n. º 25000.237190/2013-72.</p><p>Interessado: W.A.M. COMERCO DE PRODUTOS FARMACEUTICOS LTDA.</p><p>Assunto: Descredenciamento de farmácia ao Programa Farmácia Popular do Brasil (PFPB) Aqui Tem Farmácia Popular.</p><p>O Secretário Adjunto de Ciência, Tecnologia e Inovação e do Complexo Econômico-Industrial da Saúde, do Ministério da Saúde, no uso das atribuições que lhe conferem o art. 68 do Anexo I ao Decreto nº 11.798, de 28 de novembro de 2023, e diante o disposto no artigo 39, inciso II do Anexo LXXVII da Portaria de Consolidação GM/MS nº 05, de 28 de setembro de 2017, à vista da conclusão da análise dos documentos apresentados pela empresa no ato da renovação do credenciamento, DEFERE o descredenciamento da empresa W.A.M. COMERCO DE PRODUTOS FARMACEUTICOS LTDA, inscrita no CNPJ sob o nº 09.556.787/0001-47, localizada no Município de LONDRINA - PR, do Programa Farmácia Popular do Brasil - Aqui Tem Farmácia Popular.</p><p class="assina">EDUARDO JORGE VALADARES OLIVEIRA</p>]]></Texto>
  </body>
  <Midias />
</article></xml>