﻿<xml><article id="45724746" name="Res_Desp_2.936_2025_SCE" idOficio="11317296" pubName="DO1" artType="Despacho" pubDate="01/10/2025" artClass="00035:00043:00032:00000:00000:00000:00000:00000:00000:00000:00024:00000" artCategory="Ministério de Minas e Energia/Agência Nacional de Energia Elétrica/Superintendência de Concessões,  Permissões e Autorizações dos Serviços de Energia Elétrica" artSize="12" artNotes="" numberPage="92" pdfPage="http://pesquisa.in.gov.br/imprensa/jsp/visualiza/index.jsp?data=01/10/2025&amp;jornal=515&amp;pagina=92" editionNumber="187" highlightType="" highlightPriority="" highlight="" highlightimage="" highlightimagename="" idMateria="23163728">
  <body>
    <Identifica><![CDATA[ DESPACHO Nº 2.936, DE 29 DE SETEMBRO DE 2025]]></Identifica>
    <Data><![CDATA[]]></Data>
    <Ementa />
    <Titulo />
    <SubTitulo />
    <Texto><![CDATA[<p class="identifica">DESPACHO Nº 2.936, DE 29 DE SETEMBRO DE 2025</p><p>Processos nos: 48500.900183/2019-77, 48500.901452/2021-37 e 48500.901632/2024-61. Interessado: ISA Energia Brasil (CNPJ nº 02.998.611/0001-04). Decisão: dar provimento parcial ao Pedido de Reconsideração interposto face o Despacho nº 620 de 10 de março de 2025. A íntegra deste Despacho (e seu anexo) consta dos autos e estará disponível em biblioteca.aneel.gov.br.</p><p class="assina">THAIS BARBOSA COELHO</p><p class="cargo">Superintendente Adjunta</p>]]></Texto>
  </body>
  <Midias />
</article></xml>