﻿<xml><article id="45719225" name="ATO RESOLUCAO SUSEP NA 59-2025" idOficio="11316606" pubName="DO1" artType="Resolução" pubDate="01/10/2025" artClass="00028:00041:00000:00000:00000:00000:00000:00000:00000:00000:00064:00000" artCategory="Ministério da Fazenda/Superintendência de Seguros Privados" artSize="12" artNotes="" numberPage="76" pdfPage="http://pesquisa.in.gov.br/imprensa/jsp/visualiza/index.jsp?data=01/10/2025&amp;jornal=515&amp;pagina=76" editionNumber="187" highlightType="" highlightPriority="" highlight="" highlightimage="" highlightimagename="" idMateria="23161752">
  <body>
    <Identifica><![CDATA[ RESOLUÇÃO SUSEP nº 59, DE 16 DE SETEMBRO DE 2025]]></Identifica>
    <Data><![CDATA[]]></Data>
    <Ementa><![CDATA[ Estabelece a Política de Gestão de Continuidade de Serviços de TI da Superintendência de Seguros Privados - Susep.]]></Ementa>
    <Titulo />
    <SubTitulo />
    <Texto><![CDATA[<p class="identifica">RESOLUÇÃO SUSEP nº 59, DE 16 DE SETEMBRO DE 2025</p><p class="ementa">Estabelece a Política de Gestão de Continuidade de Serviços de TI da Superintendência de Seguros Privados - Susep.</p><p>O SUPERINTENDENTE DA SUPERINTENDÊNCIA DE SEGUROS PRIVADOS - SUSEP, torna público que o Conselho Diretor da Autarquia, em reunião ordinária realizada em 10 de setembro de 2025, no uso das atribuições que lhe confere o inciso V do art. 8° do Anexo I da Resolução CNSP n° 468, de 25 de abril de 2024 e o que consta do Processo SUSEP n.° 15414.635413/2028-52, resolve:</p><p>Art. 1° Esta resolução estabelece a Política de Gestão de Continuidade de Serviços de TI da Superintendência de Seguros Privados - Susep.</p><p>CAPÍTULO I</p><p>DO ESCOPO</p><p>Art. 2° A Política de Gestão de Continuidade de Serviços de TI visa a estabelecer as diretrizes e as responsabilidades a serem observadas no Processo de Gestão de Continuidade de Serviços de TI da Susep, de forma a minimizar os impactos operacionais, legais, regulatórios e financeiros decorrentes de indisponibilidades de serviços de TI.</p><p>CAPÍTULO II</p><p>DOS CONCEITOS E DEFINIÇÕES</p><p>Art. 3° Para efeitos desta política, entende-se:</p><p>I - Análise de Impacto nos Negócios - BIA: avaliação cuja finalidade é determinar prioridades de continuidade e recuperação dentre os processos de trabalho, levando em conta os impactos de interrupção que suportam os serviços da Susep;</p><p>II - declaração de acionamento ou ativação do plano: ato de declarar que o Plano de Continuidade de Serviços de TI da Susep precisa ser colocado em prática de forma a continuar o fornecimento de serviços fundamentais;</p><p>III - Gestão de Continuidade de Negócios - GCN: processo de gestão abrangente responsável por oferecer uma estrutura que permita à Susep desenvolver resiliência organizacional e capacidade de resposta a eventos inesperados, salvaguardando os interesses das partes interessadas, a reputação e a imagem da autarquia;</p><p>IV - incidente: qualquer evento que possa causar a interrupção de processos ou funções;</p><p>V - interrupção: evento, previsível ou não, que cause um desvio negativo na execução de serviços, de acordo com os objetivos da Susep;</p><p>VI - objetivos de recuperação: requisitos para a recuperação de um processo ou função crítica, que dependem do impacto causado pela interrupção;</p><p>VII - partes interessadas - stakeholders: aqueles que possuem algum interesse nos resultados da Susep; termo abrangente que inclui, entre outros, mercado supervisionado, servidores, terceirizados, consumidores, fornecedores, entre outros;</p><p>VIII - Plano de Continuidade de Serviços de TI: é o conjunto do Plano de Contingência Operacional de Serviços de TI e do Plano de Recuperação de Serviços de TI, cobertos pelo Plano de Gerenciamento de Comunicação, necessário para coordenar as informações e comunicações necessárias para sincronizar os outros planos;</p><p>IX - Plano de Contingência Operacional de Serviços de TI: documentação dos procedimentos, recursos e informações necessários para que, em caso de interrupção do funcionamento normal de serviços críticos de TI, a Susep mantenha seus processos críticos funcionando de maneira alternativa;</p><p>X - Plano de Gerenciamento de Comunicação: documentação dos responsáveis e atividades a serem realizadas para o suporte aos demais Planos, indicando a sequência de divulgação e o conteúdo dos comunicados para cada serviço da Susep;</p><p>XI - Plano de Recuperação de Serviços de TI: documentação dos procedimentos, recursos e informações necessários para que a Susep realize o retorno dos serviços críticos de TI à normalidade;</p><p>XII - Processo de Gestão da Continuidade de Serviços de TI: processo contínuo de governança e gestão suportado pela alta direção e que recebe recursos apropriados para garantir que os passos necessários estão sendo tomados de forma a identificar o impacto de perdas em potencial, manter estratégias e planos de recuperação viáveis e garantir a continuidade de fornecimento de serviços de TI por intermédio de análises críticas, testes, treinamentos e manutenção;</p><p>XIII - recursos: todos os ativos, pessoas, competências, informação, tecnologia (incluindo instalações e equipamentos), locais, suprimentos e dados (em meio eletrônico ou não) que a Susep deve ter disponíveis para uso, quando necessário, a fim de operar e atingir seus objetivos;</p><p>XIV - resiliência: capacidade de a Susep de resistir aos efeitos de um incidente;</p><p>XV - serviço de TI: conjunto de recursos, processos e outros serviços tecnológicos que suportam atividade, negócios ou serviços da organização;</p><p>XVI - teste: atividade na qual o Plano de Continuidade de Serviços de TI e seus componentes são exercitados parcial ou integralmente, de forma a garantir que eles contenham as informações apropriadas e produzam o resultado desejado quando colocados em prática; e</p><p>XVII - Unidade responsável por serviços de TI: Unidade de negócio responsável por serviço de TI cuja continuidade será gerenciada.</p><p>CAPÍTULO III</p><p>DAS DIRETRIZES</p><p>Art. 4° O Processo de Gestão da Continuidade de Serviços de TI da Susep deve prever mecanismos que permitam:</p><p>I - identificar os serviços de TI que serão objeto desta política;</p><p>II - identificar as unidades responsáveis pelos serviços de TI cuja continuidade será gerenciada;</p><p>III - identificar as ameaças internas e externas que possam comprometer a continuidade das operações da Susep;</p><p>IV - identificar os possíveis impactos à operação decorrentes da concretização de tais ameaças;</p><p>V - identificar os requisitos para a continuidade dos negócios, incluindo os legais e os regulatórios;</p><p>VI - estabelecer papéis e responsabilidades das partes internas e externas à Susep;</p><p>VII - desenvolver estrutura de gerenciamento e resposta a crises, suportada por níveis adequados de autoridade e competência, que assegurem a comunicação efetiva às partes interessadas;</p><p>VIII - desenvolver processos e mecanismos que viabilizem a recuperação das atividades em caso de interrupção; e</p><p>IX - realizar treinamentos, testes e análises que garantam a manutenção e o bom funcionamento dos planos de continuidade.</p><p>CAPÍTULO IV</p><p>DA ESTRUTURA</p><p>Art. 5° As estruturas envolvidas na continuidade de serviços de TI da Susep são:</p><p>I - Conselho Diretor;</p><p>II - Comitê de Segurança de Informação - CSI;</p><p>III - Gestor de Segurança da Informação;</p><p>IV - Gestores de unidades responsáveis por serviços de TI;</p><p>V - Unidades responsáveis por serviços de TI; e</p><p>VI - demais colaboradores da Susep.</p><p>CAPÍTULO V</p><p>DAS COMPETÊNCIAS</p><p>Art. 6° Ao gestor das unidades responsáveis por serviços de TI compete:</p><p>I - declarar o acionamento ou ativação do Plano de Continuidade de Serviços de TI, no que tange ao serviço afetado;</p><p>II - garantir a participação ativa das equipes sob sua gestão nos processos de elaboração e teste do Plano de Continuidade de Serviços de TI; e</p><p>III - realizar a análise de impacto nos negócios para os casos de interrupção de serviços de TI sob responsabilidade da unidade de que é gestor.</p><p>Art. 7° Às unidades responsáveis por serviços de TI compete, no que tange aos respectivos serviços:</p><p>I - definir as atividades do Processo Gestão de Continuidade de Serviços de TI aplicáveis;</p><p>II - elaborar e manter o Plano de Continuidade de Serviços de TI;</p><p>III - consolidar os resultados de testes e exercícios do Plano de Continuidade de Serviços de TI; e</p><p>IV - propor projetos e iniciativas para o aperfeiçoamento do Processo de Continuidade de Serviços de TI da Susep, buscando alinhamento às boas práticas existentes.</p><p>Art. 8° Ao Gestor de Segurança da Informação compete:</p><p>I - coordenar, com apoio das partes interessadas, a elaboração e exercício periódico do Plano de Continuidade de Serviços de TI - PCSTI;</p><p>II - elaborar e submeter ao CSI relatório anual de continuidade de serviços de TI, no qual conste a síntese das atividades de elaboração, manutenção e exercício do PCSTI bem como os incidentes relevantes ocorridos no período a que se refere; e</p><p>III - cumprir e estimular o cumprimento do definido neste ato normativo.</p><p>Art. 9° Aos demais colaboradores da Susep compete:</p><p>I - cumprir o disposto nos documentos de continuidade de serviços de TI;</p><p>II - buscar orientação junto às unidades responsáveis por serviços de TI em caso de dúvidas relacionadas à Política e aos Planos de Continuidade de Serviços de TI; e</p><p>III - participar ativamente dos processos de teste e planejamento, sempre que requisitados.</p><p>CAPÍTULO VI</p><p>DO PROCEDIMENTO</p><p>Art. 10. No Processo de Gestão de Continuidade de Serviços de TI serão realizadas as seguintes atividades:</p><p>I - documentar as diretrizes do Plano de Continuidade de Serviços de TI;</p><p>II - definir os serviços críticos de TI da Susep;</p><p>III - definir as estratégias de continuidade para os serviços críticos;</p><p>IV - desenvolver e implementar os Planos previstos no Plano de Continuidade de Serviços de TI para respostas tempestivas a interrupções;</p><p>V - realizar exercícios, testes e manutenção periódica dos Planos, promovendo as revisões necessárias; e</p><p>VI - elaborar os relatórios relativos às atividades de gestão de continuidade de serviços de TI.</p><p>Art. 11. Os procedimentos previstos no Plano de Continuidade de Serviços de TI serão executados em conformidade com os requisitos de segurança da informação necessários à proteção dos ativos de informação críticos, tratando as atividades de forma abrangente, o que inclui as pessoas, os processos, a infraestrutura e os recursos de tecnologia da informação.</p><p>Art. 12. O Plano de Continuidade de Serviços de TI da Susep será composto pelos seguintes Planos, a fim de assegurar a disponibilidade dos ativos de informação e a recuperação das atividades críticas:</p><p>I - Plano de Gerenciamento de Comunicação - PGCTI;</p><p>II - Plano de Contingência Operacional de Serviços de TI - PCOTI; e</p><p>III - Plano de Recuperação de Serviços de TI - PRSTI.</p><p>Art. 13. Cada um dos Planos deverá conter, no mínimo:</p><p>I - Plano de Gerenciamento de Comunicação:</p><p>a) objetivo e escopo;</p><p>b) papéis e responsabilidades;</p><p>c) condições para a ativação de Planos;</p><p>d) autoridade responsável;</p><p>e) detalhes de contato;</p><p>f) lista de tarefas e ações;</p><p>g) atividades das pessoas; e</p><p>h) comunicação à mídia;</p><p>II - Plano de Contingência Operacional de Serviços de TI:</p><p>a) objetivo e escopo;</p><p>b) papéis e responsabilidades;</p><p>c) autoridade responsável;</p><p>d) detalhes de contato;</p><p>e) lista de tarefas; e</p><p>f) recursos necessários; e</p><p>III - Plano de Recuperação de Serviços de TI:</p><p>a) objetivo e escopo;</p><p>b) papéis e responsabilidades;</p><p>c) autoridade responsável;</p><p>d) detalhes de contato;</p><p>e) lista de tarefas; e</p><p>f) recursos necessários.</p><p>Art. 14. Os Planos serão exercitados e testados periodicamente, bem assim os resultados documentados, para garantir a sua efetividade.</p><p>Art. 15. A revisão dos Planos será realizada sempre que os testes periódicos indicarem sua necessidade ou após mudanças significativas nos ativos que suportam os serviços de TI;</p><p>Art. 16. Os contratos firmados com empresas terceirizadas que suportem serviços críticos de TI devem estar em acordo com os requisitos de continuidade de negócio estabelecidos nos Planos da Susep.</p><p>CAPÍTULO VII</p><p>DAS DISPOSIÇÕES GERAIS</p><p>Art. 17. As normas complementares relativas à gestão e uso de recursos de TI devem harmonizar-se com as disposições desta Política.</p><p>Art. 18. Fica revogada a DELIBERAÇÃO SUSEP N° 218, DE 12 DE FEVEREIRO DE 2019.</p><p>Art. 19. Esta Resolução entra em vigor na data de sua publicação.</p><p class="assina">ALESSANDRO SERAFIN OCTAVIANI LUIS</p>]]></Texto>
  </body>
  <Midias />
</article></xml>