﻿<xml><article id="45725354" name="Acordao 630" idOficio="11317378" pubName="DO1" artType="Acórdão" pubDate="01/10/2025" artClass="00041:00020:00000:00000:00000:00000:00000:00000:00000:00000:00002:00000" artCategory="Ministério de Portos e Aeroportos/Agência Nacional de Transportes Aquaviários" artSize="12" artNotes="" numberPage="203" pdfPage="http://pesquisa.in.gov.br/imprensa/jsp/visualiza/index.jsp?data=01/10/2025&amp;jornal=515&amp;pagina=203" editionNumber="187" highlightType="" highlightPriority="" highlight="" highlightimage="" highlightimagename="" idMateria="23163848">
  <body>
    <Identifica><![CDATA[ ACÓRDÃO Nº 630/2025-ANTAQ]]></Identifica>
    <Data><![CDATA[]]></Data>
    <Ementa />
    <Titulo />
    <SubTitulo />
    <Texto><![CDATA[<p class="identifica">ACÓRDÃO Nº 630/2025-ANTAQ</p><p>1. Processo: 50300.012274/2024-11</p><p>2. Interessados: Administração dos Portos de Paranaguá e Antonina - Portos do Paraná e TKX Operacoes Portuarias Ltda.</p><p>3. Relator: Lima Filho</p><p>3.1. Redator: Caio Farias</p><p>4. Unidade Técnica: Superintendência de Regulação - SRG</p><p>5. Acórdão:</p><p>VISTOS, relatados e discutidos os presentes autos que tratam de consulta externa formulada pela Administração dos Portos e Paranaguá e Antonina - APPA acerca da alteração de titularidade dos Contratos de Passagem de nºs 029-2010 e 079/2013,</p><p>ACORDAM os Diretores da Agência Nacional de Transportes Aquaviários, reunidos para a Reunião Ordinária de Diretoria Colegiada de nº 595, ante as razões expostas pelo Redator, em:</p><p>5.1. converter o presente julgamento em diligência complementar à Procuradoria Federal junto à ANTAQ - PFA, sob a forma de consulta jurídica a ser instrumentalizada pelo Diretor Redator, na forma do caput do art. 35 da Resolução-ANTAQ nº 66, de 27 de janeiro de 2022;</p><p>5.2. declarar que a conclusão da diligência referida no item 5.1. não encerra pedido de vista do Diretor Redator; e</p><p>5.3. comunicar a Administração dos Portos de Paranaguá e Antonina - Portos do Paraná acerca da presente decisão.</p><p>6. Data da Reunião: 22 a 24/09/2025 - Virtual.</p><p>7. Especificação do quórum:</p><p>7.1. Diretores presentes: Frederico Dias (Presidente), Flávia Takafashi, Lima Filho (Relator), Alber Vasconcelos e Caio Farias (Redator).</p><p>7.2. Diretor com voto vencido: Lima Filho.</p><p class="assina">FREDERICO CARVALHO DIAS</p><p class="cargo">Diretor-Geral</p>]]></Texto>
  </body>
  <Midias />
</article></xml>