﻿<xml><article id="45718046" name="PIN 340220251014a16 (ordinaria -" idOficio="11316279" pubName="DO1" artType="Pauta" pubDate="01/10/2025" artClass="00028:00015:00003:00007:00003:00000:00000:00000:00000:00000:00053:00000" artCategory="Ministério da Fazenda/Conselho Administrativo de Recursos Fiscais/3ª Seção/4ª Câmara/2ª Turma Ordinária" artSize="12" artNotes="" numberPage="67" pdfPage="http://pesquisa.in.gov.br/imprensa/jsp/visualiza/index.jsp?data=01/10/2025&amp;jornal=515&amp;pagina=67" editionNumber="187" highlightType="" highlightPriority="" highlight="" highlightimage="" highlightimagename="" idMateria="23161382">
  <body>
    <Identifica><![CDATA[ PAUTA DE JULGAMENTO]]></Identifica>
    <Data><![CDATA[]]></Data>
    <Ementa />
    <Titulo />
    <SubTitulo />
    <Texto><![CDATA[<p class="identifica">PAUTA DE JULGAMENTO</p><p>Período da Reunião de 14 a 16/10/2025</p><p>Pauta ordinária de julgamento dos recursos da 2ª Turma Ordinária da 4ª Câmara da 3ª Seção, em sessões síncronas presenciais ou híbridas a serem realizadas nas datas a seguir mencionadas, no Setor Comercial Sul, Quadra 01, Bloco J, Edifício Alvorada, Brasília, Distrito Federal.</p><p>OBSERVAÇÕES:</p><p>1) Solicitações ou envios de sustentação oral e memorial devem ser feitas até 2 (dois) dias úteis antes do início da reunião mensal de julgamento da turma, independentemente da sessão em que o processo tenha sido agendado;</p><p>1.1) É permitido realizar sustentação oral;</p><p>a) presencial;</p><p>b) em tempo real por meio de videoconferência ou tecnologia similar; ou</p><p>c) por meio de postagem de vídeo ou áudio no Centro de Atendimento Virtual da Receita Federal - e-CAC.</p><p>1.2) Serão desconsiderados a sustentação oral e o memorial cujos arquivos transmitidos não atendam à duração e aos requisitos previstos, respectivamente, no art. 11, e no art. 12 da Portaria CARF/MF nº 1.240, de 2 de agosto de 2024;</p><p>2) Solicitações de transferência ou retirada de pauta devem ser enviadas até 4 (quatro) dias úteis antes do início da reunião mensal de julgamento da turma, independentemente da sessão em que o processo tenha sido agendado.</p><p>3) Os julgamentos adiados, dentro da mesma reunião, serão realizados independentemente de nova publicação; e</p><p>4) O resultado do julgamento dos processos da tabela abaixo servirá como paradigma para o julgamento dos itens da coluna "ITENS REPETITIVOS" da tabela, nos termos do § 3º do art. 87 da Portaria MF nº 1.634, de 21 de dezembro de 2023.</p><p /><p></p><table><tr /><tr><td rowspan="1" colspan="1"><p>Item</p></td><td rowspan="1" colspan="1"><p>Processo</p></td><td rowspan="1" colspan="1"><p>ITENS REPETITIVOS</p></td></tr><tr><td rowspan="1" colspan="1"><p>6</p></td><td rowspan="1" colspan="1"><p>10865.901162/2014-54</p></td><td rowspan="1" colspan="1"><p>7 a 9</p></td></tr><tr><td rowspan="1" colspan="1"><p>23</p></td><td rowspan="1" colspan="1"><p>10530.901508/2014-04</p></td><td rowspan="1" colspan="1"><p>24 a 27</p></td></tr><tr><td rowspan="1" colspan="1"><p>33</p></td><td rowspan="1" colspan="1"><p>15165.720019/2022-84</p></td><td rowspan="1" colspan="1"><p>34 a 34</p></td></tr><tr><td rowspan="1" colspan="1"><p>47</p></td><td rowspan="1" colspan="1"><p>16682.901764/2017-89</p></td><td rowspan="1" colspan="1"><p>48 a 49</p></td></tr></table><p>5) Será submetida ao colegiado, proposta do Presidente de Turma para retificação da ata de agosto de 2025, relativa ao processo nº: 12266.724154/2013-81, Relator(a): ANNA DOLORES BARROS DE OLIVEIRA SA MALTA - Recorrente: PROCOMP AMAZONIA INDUSTRIA ELETRONICA LTDA e Interessado: FAZENDA NACIONAL.</p><p>DIA 14 de Outubro de 2025, ÀS 09:00 HORAS</p><p>Relator(a): MARIEL ORSI GAMEIRO</p><p>1 - Processo nº: 10280.721601/2020-66 - Recorrentes: FAZENDA NACIONAL e SERTRADING (BR) LTDA.</p><p>Relator(a): ANNA DOLORES BARROS DE OLIVEIRA SA MALTA</p><p>2 - Processo nº: 10494.720590/2021-72 - Recorrente: BSBIOS COMERCIO IMPORTACAO E EXPORTACAO LTDA e Interessado: FAZENDA NACIONAL</p><p>Relator(a): CYNTHIA ELENA DE CAMPOS</p><p>3 - Processo nº: 10314.720132/2023-76 - Recorrente: NORDEX ENERGY BRASIL - COMERCIO E INDUSTRIA DE EQUIPAMENTOS LTDA e Interessado: FAZENDA NACIONAL</p><p>Relator(a): MARIEL ORSI GAMEIRO</p><p>4 - Processo nº: 12466.720697/2020-01 - Recorrente: MERCEDES-BENZ DO BRASIL LTDA. e Interessado: FAZENDA NACIONAL</p><p>5 - Processo nº: 12466.720696/2020-58 - Recorrente: MERCEDES-BENZ DO BRASIL LTDA. e Interessado: FAZENDA NACIONAL</p><p>Relator(a): ARNALDO DIEFENTHAELER DORNELLES</p><p>6 - Processo nº: 10865.901162/2014-54 - Recorrente: MAHLE METAL LEVE S.A. e Interessado: FAZENDA NACIONAL</p><p>7 - Processo nº: 10865.901163/2014-07 - Recorrente: MAHLE METAL LEVE S.A. e Interessado: FAZENDA NACIONAL</p><p>8 - Processo nº: 10865.901164/2014-43 - Recorrente: MAHLE METAL LEVE S.A. e Interessado: FAZENDA NACIONAL</p><p>9 - Processo nº: 10865.901165/2014-98 - Recorrente: MAHLE METAL LEVE S.A. e Interessado: FAZENDA NACIONAL</p><p>10 - Processo nº: 10865.722710/2014-81 - Recorrente: MAHLE METAL LEVE S.A. e Interessado: FAZENDA NACIONAL</p><p>11 - Processo nº: 10865.722820/2014-43 - Recorrente: MAHLE METAL LEVE S.A. e Interessado: FAZENDA NACIONAL</p><p>DIA 14 de Outubro de 2025, ÀS 14:00 HORAS</p><p>Relator(a): CYNTHIA ELENA DE CAMPOS</p><p>12 - Processo nº: 10314.000413/2007-99 - Embargante: HUAWEI DO BRASIL TELECOMUNICACOES LTDA e Interessado: FAZENDA NACIONAL</p><p>Relator(a): ANNA DOLORES BARROS DE OLIVEIRA SA MALTA</p><p>13 - Processo nº: 19311.720240/2019-67 - Recorrente: SPAL INDUSTRIA BRASILEIRA DE BEBIDAS S/A e Interessado: FAZENDA NACIONAL</p><p>14 - Processo nº: 15746.722532/2021-98 - Recorrente: SPAL INDUSTRIA BRASILEIRA DE BEBIDAS S/A e Interessado: FAZENDA NACIONAL</p><p>15 - Processo nº: 10880.768097/2020-07 - Recorrente: SPAL INDUSTRIA BRASILEIRA DE BEBIDAS S/A e Interessado: FAZENDA NACIONAL</p><p>16 - Processo nº: 10880.768087/2020-63 - Recorrente: SPAL INDUSTRIA BRASILEIRA DE BEBIDAS S/A e Interessado: FAZENDA NACIONAL</p><p>17 - Processo nº: 10880.768090/2020-87 - Recorrente: SPAL INDUSTRIA BRASILEIRA DE BEBIDAS S/A e Interessado: FAZENDA NACIONAL</p><p>18 - Processo nº: 10880.768093/2020-11 - Recorrente: SPAL INDUSTRIA BRASILEIRA DE BEBIDAS S/A e Interessado: FAZENDA NACIONAL</p><p>Relator(a): CYNTHIA ELENA DE CAMPOS</p><p>19 - Processo nº: 11080.722765/2017-24 - Embargante: VONPAR REFRESCOS S A e Interessado: FAZENDA NACIONAL</p><p>20 - Processo nº: 11516.725393/2017-21 - Embargante: VONPAR REFRESCOS S A e Interessado: FAZENDA NACIONAL</p><p>Relator(a): ANSELMO MESSIAS FERRAZ ALVES</p><p>21 - Processo nº: 10480.724729/2018-19 - Embargante: FAZENDA NACIONAL e Interessado: NORSA REFRIGERANTES S.A</p><p>Relator(a): CYNTHIA ELENA DE CAMPOS</p><p>22 - Processo nº: 10380.905874/2015-76 - Recorrente: NORSA REFRIGERANTES S.A e Interessado: FAZENDA NACIONAL</p><p>23 - Processo nº: 10530.901508/2014-04 - Recorrente: AMAGGI LOUIS DREYFUS ZEN-NOH GRAOS S.A. e Interessado: FAZENDA NACIONAL</p><p>Relator(a): ARNALDO DIEFENTHAELER DORNELLES</p><p>24 - Processo nº: 10530.901512/2014-64 - Recorrente: AMAGGI LOUIS DREYFUS ZEN-NOH GRAOS S.A. e Interessado: FAZENDA NACIONAL</p><p>25 - Processo nº: 10530.901514/2014-53 - Recorrente: AMAGGI LOUIS DREYFUS ZEN-NOH GRAOS S.A. e Interessado: FAZENDA NACIONAL</p><p>26 - Processo nº: 10530.901515/2014-06 - Recorrente: AMAGGI LOUIS DREYFUS ZEN-NOH GRAOS S.A. e Interessado: FAZENDA NACIONAL</p><p>27 - Processo nº: 10530.901517/2014-97 - Recorrente: AMAGGI LOUIS DREYFUS ZEN-NOH GRAOS S.A. e Interessado: FAZENDA NACIONAL</p><p>DIA 15 de Outubro de 2025, ÀS 09:00 HORAS</p><p>Relator(a): ANNA DOLORES BARROS DE OLIVEIRA SA MALTA</p><p>28 - Processo nº: 15165.722641/2021-46 - Recorrente: YAZAKI DO BRASIL LTDA e Interessado: FAZENDA NACIONAL</p><p>Relator(a): MARIEL ORSI GAMEIRO</p><p>29 - Processo nº: 15444.720230/2021-80 - Recorrente: HAVITA IMPORTACAO E EXPORTACAO LTDA e Interessado: FAZENDA NACIONAL</p><p>Relator(a): CYNTHIA ELENA DE CAMPOS</p><p>30 - Processo nº: 11119.720029/2022-14 - Recorrente: ALUNORTE ALUMINA DO NORTE DO BRASIL S/A e Interessado: FAZENDA NACIONAL</p><p>Relator(a): ANSELMO MESSIAS FERRAZ ALVES</p><p>31 - Processo nº: 10314.720121/2022-13 - Recorrente: COMINTER BRASIL IMPORTACAO E EXPORTACAO LTDA e Interessado: FAZENDA NACIONAL</p><p>Relator(a): ARNALDO DIEFENTHAELER DORNELLES</p><p>32 - Processo nº: 16095.720006/2018-62 - Recorrente: TELEFONICA DATA S.A. e Interessado: FAZENDA NACIONAL</p><p>DIA 15 de Outubro de 2025, ÀS 14:00 HORAS</p><p>Relator(a): CYNTHIA ELENA DE CAMPOS</p><p>33 - Processo nº: 15165.720019/2022-84 - Recorrente: PROINOX BRASIL LTDA e Interessado: FAZENDA NACIONAL</p><p>Relator(a): JORGE LUIS CABRAL</p><p>34 - Processo nº: 15165.720020/2022-17 - Recorrente: PROINOX BRASIL LTDA e Interessado: FAZENDA NACIONAL</p><p>Relator(a): CYNTHIA ELENA DE CAMPOS</p><p>35 - Processo nº: 15165.720021/2022-53 - Recorrente: PROINOX BRASIL LTDA e Interessado: FAZENDA NACIONAL</p><p>Relator(a): ANNA DOLORES BARROS DE OLIVEIRA SA MALTA</p><p>36 - Processo nº: 15165.720695/2022-58 - Recorrente: W M LAMINACAO E FUNDICAO LTDA e Interessado: FAZENDA NACIONAL</p><p>37 - Processo nº: 15165.720649/2022-59 - Recorrente: W M LAMINACAO E FUNDICAO LTDA e Interessado: FAZENDA NACIONAL</p><p>Relator(a): MARIEL ORSI GAMEIRO</p><p>38 - Processo nº: 15444.720114/2019-46 - Recorrente: ST IMPORTACOES LTDA - EM RECUPERACAO JUDICIAL e Interessado: FAZENDA NACIONAL</p><p>39 - Processo nº: 15444.720207/2021-95 - Recorrente: ST IMPORTACOES LTDA - EM RECUPERACAO JUDICIAL e Interessado: FAZENDA NACIONAL</p><p>40 - Processo nº: 15444.720001/2024-16 - Recorrente: NOSTRO BEEF ALIMENTOS IMPORTACAO E EXPORTACAO LTDA e Interessado: FAZENDA NACIONAL</p><p>Relator(a): ANSELMO MESSIAS FERRAZ ALVES</p><p>41 - Processo nº: 10814.720316/2022-14 - Recorrente: IMBAREX CORANTES NATURAIS LTDA e Interessado: FAZENDA NACIONAL</p><p>DIA 16 de Outubro de 2025, ÀS 09:00 HORAS</p><p>Relator(a): ANNA DOLORES BARROS DE OLIVEIRA SA MALTA</p><p>42 - Processo nº: 10494.720992/2021-77 - Recorrente: ESCO SUPPLY CARAJAS INDUSTRIA DE PECAS E EQUIPAMENTOS LTDA e Interessado: FAZENDA NACIONAL</p><p>Relator(a): ARNALDO DIEFENTHAELER DORNELLES</p><p>43 - Processo nº: 10855.723072/2017-88 - Recorrentes: FAZENDA NACIONAL e K &amp; G INDUSTRIA E COMERCIO LTDA</p><p>Relator(a): MARIEL ORSI GAMEIRO</p><p>44 - Processo nº: 16682.903386/2017-78 - Recorrente: TELEMAR NORTE LESTE S/A. - EM RECUPERACAO JUDICIAL e Interessado: FAZENDA NACIONAL</p><p>45 - Processo nº: 16682.903391/2017-81 - Recorrente: TELEMAR NORTE LESTE S/A. - EM RECUPERACAO JUDICIAL e Interessado: FAZENDA NACIONAL</p><p>46 - Processo nº: 16682.903832/2017-44 - Recorrente: TELEMAR NORTE LESTE S/A. - EM RECUPERACAO JUDICIAL e Interessado: FAZENDA NACIONAL</p><p>47 - Processo nº: 16682.901764/2017-89 - Recorrente: TELEMAR NORTE LESTE S/A. - EM RECUPERACAO JUDICIAL e Interessado: FAZENDA NACIONAL</p><p>Relator(a): ARNALDO DIEFENTHAELER DORNELLES</p><p>48 - Processo nº: 16682.901766/2017-78 - Recorrente: TELEMAR NORTE LESTE S/A. - EM RECUPERACAO JUDICIAL e Interessado: FAZENDA NACIONAL</p><p>49 - Processo nº: 16682.904137/2017-08 - Recorrente: TELEMAR NORTE LESTE S/A. - EM RECUPERACAO JUDICIAL e Interessado: FAZENDA NACIONAL</p><p>Relator(a): MARIEL ORSI GAMEIRO</p><p>50 - Processo nº: 16682.903392/2017-25 - Recorrente: TELEMAR NORTE LESTE S/A. - EM RECUPERACAO JUDICIAL e Interessado: FAZENDA NACIONAL</p><p>51 - Processo nº: 16682.904136/2017-55 - Recorrente: TELEMAR NORTE LESTE S/A. - EM RECUPERACAO JUDICIAL e Interessado: FAZENDA NACIONAL</p><p>Relator(a): CYNTHIA ELENA DE CAMPOS</p><p>52 - Processo nº: 15563.720074/2018-03 - Recorrente: ARLANXEO BRASIL S.A. e Interessado: FAZENDA NACIONAL</p><p>53 - Processo nº: 15563.720104/2018-73 - Recorrente: ARLANXEO BRASIL S.A. e Interessado: FAZENDA NACIONAL</p><p>DIA 16 de Outubro de 2025, ÀS 13:00 HORAS</p><p>Relator(a): MARIEL ORSI GAMEIRO</p><p>54 - Processo nº: 10380.730348/2013-84 - Embargante: M DIAS BRANCO S.A. INDUSTRIA E COMERCIO DE ALIMENTOS e Interessado: FAZENDA NACIONAL</p><p class="assina">Arnaldo Diefenthaeler Dornelles</p><p class="cargo">Presidente do(a) DF-MF-CARF / 2ª Turma Ordinária da 4ª Câmara da 3ª Seção do CARF</p>]]></Texto>
  </body>
  <Midias />
</article></xml>