﻿<xml><article id="45718775" name="2025-09-30/11316504/ANMWS_231616" idOficio="11316504" pubName="DO1" artType="Despacho" pubDate="01/10/2025" artClass="00035:00044:00026:00000:00000:00000:00000:00000:00000:00000:00024:00227" artCategory="Ministério de Minas e Energia/Agência Nacional de Mineração/Gerência Regional da ANM no Estado de Santa Catarina" artSize="12" artNotes="" numberPage="100" pdfPage="http://pesquisa.in.gov.br/imprensa/jsp/visualiza/index.jsp?data=01/10/2025&amp;jornal=515&amp;pagina=100" editionNumber="187" highlightType="" highlightPriority="" highlight="" highlightimage="" highlightimagename="" idMateria="23161623">
  <body>
    <Identifica><![CDATA[Despacho]]></Identifica>
    <Data><![CDATA[]]></Data>
    <Ementa />
    <Titulo />
    <SubTitulo />
    <Texto><![CDATA[<p class="identifica">Despacho</p><p class="identifica">Relação nº 227/2025</p><p>Fase de Requerimento de Lavra</p><p>O GERENTE REGIONAL DA AGÊNCIA NACIONAL DE MINERAÇÃO, no uso da competência delegada de que trata o Art. 23, inciso II, alínea "e" da Ordem de Serviço nº 334, de 12 de agosto de 2025, com fundamento no Decreto-lei n° 227/1967 c/c o Art. 2°, XVIII da Lei nº 13.575/2017, outorga a(s) seguinte(s) Portaria(s) de Lavra:(2611)</p><p>Portaria de Lavra ANM nº: 378/2025, de 29 DE SETEMBRO DE 2025 - Processo nº: 815.526/1987 - Titular: EXTRAÇÃO DE AREIA ARGILA E TRANSPORTE SANTA HELENA LTDA - Substância(s): ARGILA, AREIA - Município(s): CANELINHA/SC, TIJUCAS/SC</p><p class="assina">JOSE AUGUSTO SIMOES NETO</p>]]></Texto>
  </body>
  <Midias />
</article></xml>