﻿<xml><article id="45708199" name="Portaria 4408" idOficio="11314934" pubName="DO1" artType="Portaria" pubDate="01/10/2025" artClass="00016:00034:00006:00005:00000:00000:00000:00000:00000:00000:00054:00000" artCategory="Ministério da Defesa/Estado-Maior Conjunto das Forças Armadas/Chefia de Logística e Mobilização/Subchefia de Logística Operacional" artSize="12" artNotes="" numberPage="33" pdfPage="http://pesquisa.in.gov.br/imprensa/jsp/visualiza/index.jsp?data=01/10/2025&amp;jornal=515&amp;pagina=33" editionNumber="187" highlightType="" highlightPriority="" highlight="" highlightimage="" highlightimagename="" idMateria="23159388">
  <body>
    <Identifica><![CDATA[ PORTARIA CGGMA-MD Nº 4.408, de 29 de setembro de 2025]]></Identifica>
    <Data><![CDATA[]]></Data>
    <Ementa />
    <Titulo />
    <SubTitulo />
    <Texto><![CDATA[<p class="identifica">PORTARIA CGGMA-MD Nº 4.408, de 29 de setembro de 2025</p><p>O SUBCHEFE DE LOGÍSTICA OPERACIONAL DA CHEFIA DE LOGÍSTICA E MOBILIZAÇÃO DO ESTADO-MAIOR CONJUNTO DAS FORÇAS ARMADAS DO MINISTÉRIO DA DEFESA, no uso da competência que lhe foi delegada pelo inciso I do art. 1º da Portaria SEGMA/SUBILOG/CHELOG/EMCFA-MD nº 1.579, de 5 de abril de 2021, e o que consta no Processo NUP 60310.000383/2025-19, resolve:</p><p>Art. 1º Conceder inscrição, junto ao Ministério da Defesa (MD), à empresa CAROÁ TOPOGRAFIA E AGRIMENSURA LTDA., com sede social na Rua Vereador Pedro Anacleto Sobrinho, S/Nº - Centro, Palmeirina/PE, CEP: 55.310-000, inscrita no CNPJ sob o nº 49.921.553/0001-76, como entidade privada executante de aerolevantamento, Categoria "A".</p><p>Art. 2º Considerar a inscrição válida a partir da data de sua publicação em Diário Oficial da União, até a data de 30 de setembro de 2028.</p><p>Art. 3º Durante o período de vigência da inscrição a empresa deverá comunicar ao MD qualquer alteração referente a sua capacitação técnica e/ou jurídica.</p><p>Art. 4º Esta Portaria entra em vigor na data de sua publicação.</p><p class="assina">Brig Int JOSÉ LOPES FERNANDES</p>]]></Texto>
  </body>
  <Midias />
</article></xml>