﻿<xml><article id="45725702" name="PA 17947-GCOP-SIA" idOficio="11317433" pubName="DO1" artType="Portaria" pubDate="01/10/2025" artClass="00041:00019:00033:00009:00000:00000:00000:00000:00000:00000:00054:00000" artCategory="Ministério de Portos e Aeroportos/Agência Nacional de Aviação Civil/Superintendência de Infraestrutura Aeroportuária/Gerência de Certificação e Segurança Operacional" artSize="12" artNotes="" numberPage="200" pdfPage="http://pesquisa.in.gov.br/imprensa/jsp/visualiza/index.jsp?data=01/10/2025&amp;jornal=515&amp;pagina=200" editionNumber="187" highlightType="" highlightPriority="" highlight="" highlightimage="" highlightimagename="" idMateria="23164000">
  <body>
    <Identifica><![CDATA[ PORTARIA Nº 17.947, DE 25 DE SETEMBRO DE 2025]]></Identifica>
    <Data><![CDATA[]]></Data>
    <Ementa />
    <Titulo />
    <SubTitulo />
    <Texto><![CDATA[<p class="identifica">PORTARIA Nº 17.947, DE 25 DE SETEMBRO DE 2025</p><p>O GERENTE DE CERTIFICAÇÃO E SEGURANÇA OPERACIONAL, no uso da atribuição que lhe confere o art. 4º, inciso III, da Portaria nº 10.700/SIA, de 9 de março de 2023, tendo em vista o disposto na Lei nº 7.565, de 19 de dezembro de 1986, na Resolução nº 736, de 9 de fevereiro de 2024, na Portaria nº 14.323/SIA, de 11 de abril de 2024, e na Portaria nº 3.352/SIA, de 30 de outubro de 2018, e considerando o que consta do processo nº 00065.038094/2025-00, resolve:</p><p>Art. 1º Inscrever o Aeródromo de uso privativo CIAD MT0407 no cadastro de aeródromos da ANAC.</p><p>Art. 2º A manutenção do aeródromo no cadastro está condicionada ao atendimento das normas da ANAC, conforme aplicável.</p><p>Art. 3º As características cadastrais do aeródromo serão publicadas no sítio da ANAC na rede mundial de computadores.</p><p>Art. 4º Esta Portaria entra em vigor na data de sua publicação.</p><p class="assina">EDUARDO HENN BERNARDI</p>]]></Texto>
  </body>
  <Midias />
</article></xml>