﻿<xml><article id="45717329" name="PIN 200120251013a14 (Extraordina" idOficio="11316119" pubName="DO1" artType="Pauta" pubDate="01/10/2025" artClass="00028:00015:00002:00001:00000:00000:00000:00000:00000:00000:00053:00000" artCategory="Ministério da Fazenda/Conselho Administrativo de Recursos Fiscais/2ª Seção/1ª Turma Extraordinária" artSize="12" artNotes="" numberPage="57" pdfPage="http://pesquisa.in.gov.br/imprensa/jsp/visualiza/index.jsp?data=01/10/2025&amp;jornal=515&amp;pagina=57" editionNumber="187" highlightType="" highlightPriority="" highlight="" highlightimage="" highlightimagename="" idMateria="23161158">
  <body>
    <Identifica><![CDATA[ PAUTA DE JULGAMENTO]]></Identifica>
    <Data><![CDATA[]]></Data>
    <Ementa />
    <Titulo />
    <SubTitulo />
    <Texto><![CDATA[<p class="identifica">PAUTA DE JULGAMENTO</p><p>Período da Reunião de 13 a 14/10/2025.</p><p>Pauta extraordinária de julgamento dos recursos da 1ª Turma Extraordinária da 2ª Seção, em reunião assíncrona, realizada por meio do Plenário Virtual, com duração de 2 (dois) dias, tendo início às 9h do dia 13/10/2025 e fim às 23h59min do dia 14/10/2025.</p><p>OBSERVAÇÕES:</p><p>1) Arquivos de sustentação oral e memoriais devem ser postados até cinco dias após a publicação da pauta;</p><p>2) Pedidos de retirada de pauta devem ser enviados até cinco dias após a publicação da pauta;</p><p>3) Serão desconsiderados a sustentação oral e o memorial cujos arquivos transmitidos não atendam à duração e aos requisitos previstos, respectivamente, no art. 11, e no art. 12 da Portaria CARF/MF nº 1.240, de 2 de agosto de 2024; e</p><p>4) A publicidade da reunião será garantida por meio do Sistema de Acompanhamento do Plenário Virtual - SAPVI, com acesso pelo endereço https://sapvi.carf.economia.gov.br/home.</p><p>DIA 13 de Outubro de 2025, ÀS 09:00 HORAS</p><p>Relator(a): WILDERSON BOTTO</p><p>1 - Processo nº: 15956.720200/2016-36 - Recorrente: CAROLINA AZEREDO CUNHA e Interessado: FAZENDA NACIONAL</p><p>2 - Processo nº: 15956.720189/2016-12 - Recorrente: CLOVIS ELIAS e Interessado: FAZENDA NACIONAL</p><p>3 - Processo nº: 15758.000476/2010-45 - Recorrente: FERNANDO CESAR BERNARDO e Interessado: FAZENDA NACIONAL</p><p>4 - Processo nº: 15956.720066/2017-54 - Recorrente: MARCIONIL VIEIRA DE BRITO e Interessado: FAZENDA NACIONAL</p><p>'5 - Processo nº: 15956.720048/2017-72 - Recorrente: THIAGO MARTINS BORGES e Interessado: FAZENDA NACIONAL</p><p>Relator(a): LILIAN CLAUDIA DE SOUZA</p><p>6 - Processo nº: 13609.721743/2012-61 - Recorrente: GILBERTO AZEREDO BARBOSA e Interessado: FAZENDA NACIONAL</p><p>7 - Processo nº: 15586.720882/2012-17 - Recorrente: ANDRESSA MARIA GOTTARDO e Interessado: FAZENDA NACIONAL</p><p>8 - Processo nº: 10840.722444/2015-56 - Recorrente: JOSE PEDRO TONIELLO e Interessado: FAZENDA NACIONAL</p><p>9 - Processo nº: 18050.007524/2009-48 - Recorrente: CESAR BATISTA DE SANTANA e Interessado: FAZENDA NACIONAL</p><p>10 - Processo nº: 11080.734533/2012-12 - Recorrente: LEONARDO PAES BORBA e Interessado: FAZENDA NACIONAL</p><p>11 - Processo nº: 10380.729748/2012-66 - Recorrente: MANOEL PERICLES BEZERRA e Interessado: FAZENDA NACIONAL</p><p>12 - Processo nº: 10872.720223/2015-76 - Recorrente: PATRICIA DE GARRIGA PEDROSA e Interessado: FAZENDA NACIONAL</p><p class="assina">Ricardo Chiavegatto de Lima</p><p class="cargo">Presidente da 1ª Turma Extraordinária da 2ª Seção do CARF</p>]]></Texto>
  </body>
  <Midias />
</article></xml>