﻿<xml><article id="45725178" name="PT SAES NA 3299" idOficio="11317388" pubName="DO1" artType="Portaria" pubDate="01/10/2025" artClass="00047:00037:00000:00000:00000:00000:00000:00000:00000:00000:00054:00000" artCategory="Ministério da Saúde/Secretaria de Atenção Especializada à Saúde" artSize="24" artNotes="" numberPage="216" pdfPage="http://pesquisa.in.gov.br/imprensa/jsp/visualiza/index.jsp?data=01/10/2025&amp;jornal=515&amp;pagina=216" editionNumber="187" highlightType="" highlightPriority="" highlight="" highlightimage="" highlightimagename="" idMateria="23163833">
  <body>
    <Identifica><![CDATA[ Portaria SAES/MS Nº 3.299, DE 26 DE setembro DE 2025]]></Identifica>
    <Data><![CDATA[]]></Data>
    <Ementa><![CDATA[ Habilita, em Regime de Hospital Dia, a Santa Casa de Misericórdia de Araguari (MG).]]></Ementa>
    <Titulo />
    <SubTitulo />
    <Texto><![CDATA[<p class="identifica">Portaria SAES/MS Nº 3.299, DE 26 DE setembro DE 2025</p><p class="ementa">Habilita, em Regime de Hospital Dia, a Santa Casa de Misericórdia de Araguari (MG).</p><p>O SECRETÁRIO DE ATENÇÃO ESPECIALIZADA À SAÚDE, no uso das atribuições que lhe confere o Decreto nº 11.798, de 28 de novembro de 2023, alterado pelo Decreto nº 12.489, de 04 de junho de 2025, resolve:</p><p>Art. 1º Fica habilitado, no código 12.02 - Procedimentos cirúrgicos, diagnósticos ou terapêuticos em Regime de Hospital Dia, o estabelecimento a seguir descrito.</p><p /><p></p><table><tr /><tr><td rowspan="1" colspan="1"><p>UF</p></td><td rowspan="1" colspan="1"><p>IBGE</p></td><td rowspan="1" colspan="1"><p>MUNICÍPIO</p></td><td rowspan="1" colspan="1"><p>CNES</p></td><td rowspan="1" colspan="1"><p>ESTABELECIMENTO</p></td><td rowspan="1" colspan="1"><p>GESTÃO</p></td><td rowspan="1" colspan="1"><p>Nº LEITOS</p></td><td rowspan="1" colspan="1"><p>PROPOSTA SAIPS</p></td><td rowspan="1" colspan="1"><p>NUP/SEI</p></td></tr><tr><td rowspan="1" colspan="1"><p>MG</p></td><td rowspan="1" colspan="1"><p>310350</p></td><td rowspan="1" colspan="1"><p>ARAGUARI</p></td><td rowspan="1" colspan="1"><p>2145960</p></td><td rowspan="1" colspan="1"><p>SANTA CASA DE MISERICÓRDIA DE ARAGUARI</p></td><td rowspan="1" colspan="1"><p>MUNICIPAL</p></td><td rowspan="1" colspan="1"><p>2</p></td><td rowspan="1" colspan="1"><p>215839</p></td><td rowspan="1" colspan="1"><p>25000.156775/2025-26</p></td></tr></table><p>Art. 2º A habilitação concedida por esta Portaria não acarretará impacto financeiro ao estado e/ou município, conforme dispõe o art. 7º V, 1, do Anexo 1 do Anexo XXIV, da Portaria de Consolidação nº 2, de 28 de setembro de 2017.</p><p>Art. 3º Esta Portaria entra em vigor na data de sua publicação.</p><p class="assina">MOZART JULIO TABOSA SALES</p>]]></Texto>
  </body>
  <Midias />
</article></xml>