﻿<xml><article id="45726550" name="Portaria 4434" idOficio="11317584" pubName="DO1" artType="Portaria" pubDate="01/10/2025" artClass="00016:00001:00000:00000:00000:00000:00000:00000:00000:00000:00054:00000" artCategory="Ministério da Defesa/Gabinete do Ministro" artSize="24" artNotes="" numberPage="33" pdfPage="http://pesquisa.in.gov.br/imprensa/jsp/visualiza/index.jsp?data=01/10/2025&amp;jornal=515&amp;pagina=33" editionNumber="187" highlightType="" highlightPriority="" highlight="" highlightimage="" highlightimagename="" idMateria="23164362">
  <body>
    <Identifica><![CDATA[ PORTARIA GM-MD Nº 4.434, de 30 de setembro de 2025]]></Identifica>
    <Data><![CDATA[]]></Data>
    <Ementa><![CDATA[ Altera a Portaria GM-MD nº 6.133, de 18 de dezembro de 2023.]]></Ementa>
    <Titulo />
    <SubTitulo />
    <Texto><![CDATA[<p class="identifica">PORTARIA GM-MD Nº 4.434, de 30 de setembro de 2025</p><p class="ementa">Altera a Portaria GM-MD nº 6.133, de 18 de dezembro de 2023.</p><p>O MINISTRO DE ESTADO DA DEFESA, no uso da atribuição que lhe confere o art. 87, parágrafo único, inciso IV, da Constituição Federal, considerando o disposto no Decreto nº 7.970, de 28 de março de 2013, na Portaria GM-MD nº 3.693, de 2 de agosto de 2024, e o que consta do processo administrativo nº 60014.000026/2025-97, resolve:</p><p>Art. 1º Alterar a Portaria GM-MD nº 6.133, de 18 de dezembro de 2023, publicada no Diário Oficial da União nº 241, de 20 de dezembro de 2023, seção 1, página 53, conforme informações constantes nas tabelas abaixo:</p><p>46ª Reunião Deliberativa da Comissão Mista da Indústria de Defesa</p><p>Onde se lê:</p><p /><p></p><table><tr /><tr><td rowspan="1" colspan="1"><p>Nº DE ORDEM</p></td><td rowspan="1" colspan="1"><p>EED</p></td><td rowspan="1" colspan="1"><p>CNPJ</p></td></tr><tr><td rowspan="1" colspan="1"><p>16.</p></td><td rowspan="1" colspan="1"><p>WLY TECNOLOGIA EM PETRÓLEO E GÁS INOVA SIMPLES (I.S.)</p></td><td rowspan="1" colspan="1"><p>51.060.079/0001-87</p></td></tr></table><p>Leia-se:</p><p /><p></p><table><tr /><tr><td rowspan="1" colspan="1"><p>Nº DE ORDEM</p></td><td rowspan="1" colspan="1"><p>EED</p></td><td rowspan="1" colspan="1"><p>CNPJ</p></td></tr><tr><td rowspan="1" colspan="1"><p>16.</p></td><td rowspan="1" colspan="1"><p>WLY TECNOLOGIA EM PETRÓLEO E GÁS E TRANSPORTE MARÍTIMO INOVA SIMPLES (I.S.)</p></td><td rowspan="1" colspan="1"><p>51.060.079/0001-87</p></td></tr></table><p>Art. 2º Esta Portaria entra em vigor na data de sua publicação.</p><p class="assina">JOSÉ MUCIO MONTEIRO FILHO</p>]]></Texto>
  </body>
  <Midias />
</article></xml>