﻿<xml><article id="45708181" name="20250924-Extr-ato-unico-Otavio" idOficio="11314628" pubName="DO1" artType="Ato" pubDate="01/10/2025" artClass="00014:00019:00014:00155:00000:00000:00000:00000:00000:00000:00006:00000" artCategory="Ministério das Comunicações/Agência Nacional de Telecomunicações/Superintendência de Fiscalização/Gerência Regional no Estado de Minas Gerais" artSize="12" artNotes="" numberPage="19" pdfPage="http://pesquisa.in.gov.br/imprensa/jsp/visualiza/index.jsp?data=01/10/2025&amp;jornal=515&amp;pagina=19" editionNumber="187" highlightType="" highlightPriority="" highlight="" highlightimage="" highlightimagename="" idMateria="23159014">
  <body>
    <Identifica><![CDATA[ ATO Nº 13.579, DE 24 DE SETEMBRO DE 2025]]></Identifica>
    <Data><![CDATA[]]></Data>
    <Ementa />
    <Titulo />
    <SubTitulo />
    <Texto><![CDATA[<p class="identifica">ATO Nº 13.579, DE 24 DE SETEMBRO DE 2025</p><p>Outorga autorização para uso de Radiofrequências a RADIO CLUBE DE CURVELO LIMITADA, executante do serviço Radiodifusão Sonora em Frequência Modulada, CNPJ nº 19.990.845/0001-08, no município de Curvelo/MG, até 01/05/2034, visando execução do Serviço Auxiliar de Radiodifusão e Correlatos de Ligação para Transmissão de Programas, na referida cidade.</p><p class="assina">Otávio Barbosa da Silva Soares</p><p class="cargo">Gerente</p>]]></Texto>
  </body>
  <Midias />
</article></xml>