﻿<xml><article id="45718061" name="PIN 340120251020a24 (extraordina" idOficio="11316279" pubName="DO1" artType="Pauta" pubDate="01/10/2025" artClass="00028:00015:00003:00007:00002:00000:00000:00000:00000:00000:00053:00000" artCategory="Ministério da Fazenda/Conselho Administrativo de Recursos Fiscais/3ª Seção/4ª Câmara/1ª Turma Ordinária" artSize="12" artNotes="" numberPage="66" pdfPage="http://pesquisa.in.gov.br/imprensa/jsp/visualiza/index.jsp?data=01/10/2025&amp;jornal=515&amp;pagina=66" editionNumber="187" highlightType="" highlightPriority="" highlight="" highlightimage="" highlightimagename="" idMateria="23161384">
  <body>
    <Identifica><![CDATA[ PAUTA DE JULGAMENTO]]></Identifica>
    <Data><![CDATA[]]></Data>
    <Ementa />
    <Titulo />
    <SubTitulo />
    <Texto><![CDATA[<p class="identifica">PAUTA DE JULGAMENTO</p><p>Período da Reunião de 20 a 24/10/2025</p><p>Pauta extraordinária de julgamento dos recursos da 1ª Turma Ordinária da 4ª Câmara da 3ª Seção, em reunião assíncrona, realizada por meio do Plenário Virtual, com duração de 5 (cinco) dias, tendo início às 9h do dia 20/10/2025 e fim às 23h59min do dia 24/10/2025.</p><p>OBSERVAÇÕES:</p><p>1) Arquivos de sustentação oral e memoriais devem ser postados até cinco dias após a publicação da pauta;</p><p>2) Pedidos de retirada de pauta devem ser enviados até cinco dias após a publicação da pauta;</p><p>3) Serão desconsiderados a sustentação oral e o memorial cujos arquivos transmitidos não atendam à duração e aos requisitos previstos, respectivamente, no art. 11, e no art. 12 da Portaria CARF/MF nº 1.240, de 2 de agosto de 2024; e</p><p>4) A publicidade da reunião será garantida por meio do Sistema de Acompanhamento do Plenário Virtual - SAPVI, com acesso pelo endereço https://sapvi.carf.economia.gov.br/home.</p><p>DIA 20 de Outubro de 2025, ÀS 09:00 HORAS</p><p>Relator(a): MATEUS SOARES DE OLIVEIRA</p><p>1 - Processo nº: 11128.002862/2009-01 - Recorrente: GENENCOR INTERNATIONAL DO BRASIL LTDA. e Interessado: FAZENDA NACIONAL</p><p>2 - Processo nº: 11128.005498/2009-23 - Recorrente: GENENCOR INTERNATIONAL DO BRASIL LTDA. e Interessado: FAZENDA NACIONAL</p><p>Relator(a): GEORGE DA SILVA SANTOS</p><p>3 - Processo nº: 10725.720123/2009-95 - Recorrente: GULFMARK SERVICOS MARITIMOS DO BRASIL LTDA e Interessado: FAZENDA NACIONAL</p><p>4 - Processo nº: 10940.720192/2016-83 - Recorrente: KEMIRA CHEMICALS BRASIL LTDA. e Interessado: FAZENDA NACIONAL</p><p>5 - Processo nº: 10940.720919/2016-22 - Recorrente: KEMIRA CHEMICALS BRASIL LTDA. e Interessado: FAZENDA NACIONAL</p><p>Relator(a): LAERCIO CRUZ ULIANA JUNIOR</p><p>6 - Processo nº: 11128.721012/2015-46 - Recorrente: MD PAPEIS LTDA. e Interessado: FAZENDA NACIONAL</p><p>7 - Processo nº: 11128.721121/2015-63 - Recorrente: MD PAPEIS LTDA. e Interessado: FAZENDA NACIONAL</p><p>Relator(a): MATEUS SOARES DE OLIVEIRA</p><p>8 - Processo nº: 10725.720464/2008-80 - Recorrente: PAN MARINE DO BRASIL LTDA e Interessado: FAZENDA NACIONAL</p><p>Relator(a): GEORGE DA SILVA SANTOS</p><p>9 - Processo nº: 15165.720546/2015-60 - Recorrente: RIO BRANCO COMERCIO E INDUSTRIA DE PAPEIS LTDA e Interessado: FAZENDA NACIONAL</p><p>Relator(a): LAERCIO CRUZ ULIANA JUNIOR</p><p>10 - Processo nº: 10711.721800/2021-38 - Recorrente: RTB TRADE COMERCIO E SERVICOS LTDA e Interessado: FAZENDA NACIONAL</p><p>11 - Processo nº: 11633.720006/2015-61 - Recorrente: T3 COMERCIAL IMPORTADORA E EXPORTADORA DE BENS E SERVICOS LTDA e Interessado: FAZENDA NACIONAL</p><p>Relator(a): GEORGE DA SILVA SANTOS</p><p>12 - Processo nº: 10480.724225/2015-48 - Recorrente: TWENTY SIX TRADING - IMPORTACAO, EXPORTACAO, COMERCIO E SERVICOS LTDA e Interessado: FAZENDA NACIONAL</p><p class="assina">Leonardo Correia Lima Macedo</p><p class="cargo">Presidente da 1ª Turma Ordinária da 4ª Câmara da 3ª Seção do CARF</p>]]></Texto>
  </body>
  <Midias />
</article></xml>