﻿<xml><article id="45719072" name="14022.007303.2024-95 - DESPACHO " idOficio="11316578" pubName="DO1" artType="Despacho" pubDate="01/10/2025" artClass="00028:00001:00000:00000:00000:00000:00000:00000:00000:00000:00024:00000" artCategory="Ministério da Fazenda/Gabinete do Ministro" artSize="12" artNotes="" numberPage="56" pdfPage="http://pesquisa.in.gov.br/imprensa/jsp/visualiza/index.jsp?data=01/10/2025&amp;jornal=515&amp;pagina=56" editionNumber="187" highlightType="" highlightPriority="" highlight="" highlightimage="" highlightimagename="" idMateria="23161716">
  <body>
    <Identifica><![CDATA[ DESPACHO DE 30 DE SETEMBRO DE 2025]]></Identifica>
    <Data><![CDATA[]]></Data>
    <Ementa />
    <Titulo />
    <SubTitulo />
    <Texto><![CDATA[<p class="identifica">DESPACHO DE 30 DE SETEMBRO DE 2025</p><p>Processo nº 14022.007303/2024-95</p><p>Interessado: Fundo de Garantia do Tempo de Serviço - FGTS.</p><p>Assunto: Contrato da Décima Assunção, pela União, de dívida com o Fundo de Garantia do Tempo de Serviço - FGTS, relativa a créditos denominados Valores de Avaliação de Financiamento Quatro (VAF4), detidos pelo BANESTES S.A. - Banco do Estado do Espírito Santo, no montante de R$ 1.596.857,69 (um milhão quinhentos e noventa e seis mil oitocentos e cinquenta e sete reais e sessenta e nove centavos), posicionado em 1º de fevereiro de 2024, que será convertido em títulos públicos a serem registrados em favor do Fundo de Garantia do Tempo de Serviço - FGTS.</p><p>Considerando a manifestação da CAIXA, na qualidade de Administradora do Fundo de Compensação de Variações Salariais - FCVS, reconhecendo a titularidade, o montante, a liquidez e a certeza da dívida a ser objeto de assunção, assim como a manifestação da Secretaria do Tesouro Nacional favorável à assunção, bem como a manifestação da Procuradoria-Geral da Fazenda Nacional quanto ao cumprimento dos requisitos legais aplicáveis, AUTORIZO a contratação, nos termos do art. 15 da Lei nº 10.150, de 21 de dezembro de 2000, do art. 44 da Medida Provisória nº 2.181-45, de 24 de agosto de 2001, e da Portaria do Ministério da Fazenda nº 276, de 18 de setembro de 2001, observadas as demais normas e formalidades legais e regulamentares pertinentes.</p><p class="assina">FERNANDO HADDAD</p><p class="cargo">Ministro de Estado da Fazenda</p>]]></Texto>
  </body>
  <Midias />
</article></xml>