﻿<xml><article id="45721847" name="30.09.25 - Manutencao de Indefer" idOficio="11317010" pubName="DO1" artType="Despacho" pubDate="01/10/2025" artClass="00033:00052:00005:00003:00002:00646:00000:00000:00000:00000:00024:00000" artCategory="Ministério da Justiça e Segurança Pública/Secretaria Nacional de Justiça/Departamento de Migrações/Coordenação-Geral de Política Migratória/Coordenação de Processos Migratórios/Divisão de Naturalização, Nacionalidade e Apatridia" artSize="12" artNotes="" numberPage="84" pdfPage="http://pesquisa.in.gov.br/imprensa/jsp/visualiza/index.jsp?data=01/10/2025&amp;jornal=515&amp;pagina=84" editionNumber="187" highlightType="" highlightPriority="" highlight="" highlightimage="" highlightimagename="" idMateria="23163354">
  <body>
    <Identifica><![CDATA[ DESPACHOS DE 30 DE SETEMBRO DE 2025]]></Identifica>
    <Data><![CDATA[]]></Data>
    <Ementa />
    <Titulo />
    <SubTitulo />
    <Texto><![CDATA[<p class="identifica">DESPACHOS DE 30 DE SETEMBRO DE 2025</p><p>Código: 025.035</p><p>Assunto: Manutenção de Indeferimento do pedido</p><p>Processo Naturalizar-se nº 235881.0024948/2021.</p><p>Interessado: AMDY LO.</p><p>Despacho do Coordenador-Geral de Política Migratória:</p><p>No uso da competência delegada pela Portaria nº 623 de 13 de novembro de 2020, publicada no Diário Oficial da União, de 17 de novembro de 2020, conheço o recurso e, quanto ao mérito, nego provimento, mantendo a decisão recorrida, pelos próprios fundamentos, pelo não cumprimento das exigências previstas no inciso II do art. 65 da Lei nº 13.445/2017, tendo em vista que o requerente extrapolou o limite de dias em que poderia ausentar-se do país, conforme exige a lei.</p><p>Código: 358.548</p><p>Assunto: Manutenção de Indeferimento do pedido</p><p>Processo Naturalizar-se nº 235881.0322689/2023.</p><p>Interessado: WOODMANSON PIERRE.</p><p>Despacho do Coordenador-Geral de Política Migratória:</p><p>No uso da competência delegada pela Portaria nº 623 de 13 de novembro de 2020, publicada no Diário Oficial da União, de 17 de novembro de 2020, recebo o recurso e, quanto ao mérito, nego provimento, mantendo a decisão recorrida tendo em vista que o requerente não possui quatro anos de residência por prazo indeterminado e, portanto, não atende à exigência contida no inciso II, art. 65 da Lei nº 13.445/2017.</p><p>Código: 365.818</p><p>Assunto: Manutenção de Indeferimento do pedido</p><p>Processo Naturalizar-se nº 235881.0328943/2023.</p><p>Interessado: MASOUD SHAHROUZI.</p><p>Despacho do Coordenador-Geral de Política Migratória:</p><p>No uso da competência delegada pela Portaria nº 623 de 13 de novembro de 2020, publicada no Diário Oficial da União, de 17 de novembro de 2020, recebo o recurso e, quanto ao mérito, nego provimento, mantendo a decisão recorrida tendo em vista que o requerente não atende às exigências contidas nos incisos III, art. 65 da Lei nº 13.445, de 2017.</p><p>Código: 039.210</p><p>Assunto: Manutenção de Indeferimento do pedido</p><p>Processo Naturalizar-se nº 235881.0039134/2021.</p><p>Interessado: MOHAMMAD NIRJHOR PRADHAN.</p><p>Despacho do Coordenador-Geral de Política Migratória:</p><p>No uso da competência delegada pela Portaria nº 623 de 13 de novembro de 2020, publicada no Diário Oficial da União, de 17 de novembro de 2020, conheço o recurso e, quanto ao mérito, nego provimento, mantendo a decisão recorrida, considerando que o requerente foi notificada e não compareceu na Polícia Federal para conferência dos documentos originais e coleta biométrica, deixando de cumprir os requisitos legais dispostos no art. 65 da Lei nº 13.445/2017.</p><p class="assina">CLARISSA TEIXEIRA ARAUJO DO CARMO</p><p class="cargo">Coordenadora-Geral de Política Migratória</p>]]></Texto>
  </body>
  <Midias />
</article></xml>