﻿<xml><article id="45728441" name="Portaria GM.MPO nA 354.2025.MPO " idOficio="11317648" pubName="DO1" artType="Portaria" pubDate="01/10/2025" artClass="00040:00001:00000:00000:00000:00000:00000:00000:00000:00000:00054:00000" artCategory="Ministério do Planejamento e Orçamento/Gabinete da Ministra" artSize="24" artNotes="" numberPage="196" pdfPage="http://pesquisa.in.gov.br/imprensa/jsp/visualiza/index.jsp?data=01/10/2025&amp;jornal=515&amp;pagina=196" editionNumber="187" highlightType="" highlightPriority="" highlight="" highlightimage="" highlightimagename="" idMateria="23164443">
  <body>
    <Identifica />
    <Data><![CDATA[]]></Data>
    <Ementa />
    <Titulo />
    <SubTitulo />
    <Texto><![CDATA[<p /><p></p><table><tr><td rowspan="1" colspan="9" /><td rowspan="1" colspan="1" /></tr><tr><td rowspan="1" colspan="10"><p>ÓRGÃO: 68000 - Ministério de Portos e Aeroportos</p></td></tr><tr><td rowspan="1" colspan="3"><p>UNIDADE: 68101 - Ministério de Portos e Aeroportos - Administração Direta</p></td><td rowspan="1" colspan="7" /></tr><tr><td rowspan="1" colspan="3"><p>ANEXO II</p></td><td rowspan="1" colspan="7"><p>Crédito Suplementar</p></td></tr><tr><td rowspan="1" colspan="3"><p>PROGRAMA DE TRABALHO ( CANCELAMENTO )</p></td><td rowspan="1" colspan="7"><p>Recurso de Todas as Fontes R$ 1,00</p></td></tr><tr><td rowspan="1" colspan="1"><p>PROGRAMÁTICA</p></td><td rowspan="1" colspan="1"><p>PROGRAMA/AÇÃO/LOCALIZADOR/PRODUTO</p></td><td rowspan="1" colspan="1"><p>FUNCIONAL</p></td><td rowspan="1" colspan="1"><p>E</p><p>S</p><p>F</p></td><td rowspan="1" colspan="1"><p>G</p><p>N</p><p>D</p></td><td rowspan="1" colspan="1"><p>R</p><p>P</p></td><td rowspan="1" colspan="1"><p>M</p><p>O</p><p>D</p></td><td rowspan="1" colspan="1"><p>I</p><p>U</p></td><td rowspan="1" colspan="1"><p>F</p><p>T</p><p>E</p></td><td rowspan="1" colspan="1"><p>VALOR</p></td></tr><tr><td rowspan="1" colspan="1"><p>0032</p></td><td rowspan="1" colspan="1"><p>Programa de Gestão e Manutenção do Poder Executivo</p></td><td rowspan="1" colspan="7" /><td rowspan="1" colspan="1"><p>10.172.078</p></td></tr><tr><td rowspan="1" colspan="1" /><td rowspan="1" colspan="1"><p>Atividades</p></td><td rowspan="1" colspan="1" /><td rowspan="1" colspan="1" /><td rowspan="1" colspan="1" /><td rowspan="1" colspan="1" /><td rowspan="1" colspan="1" /><td rowspan="1" colspan="1" /><td rowspan="1" colspan="1" /><td rowspan="1" colspan="1" /></tr><tr><td rowspan="1" colspan="1"><p>0032 20TP</p></td><td rowspan="1" colspan="1"><p>Ativos Civis da União</p></td><td rowspan="1" colspan="1"><p>26 122</p></td><td rowspan="1" colspan="1" /><td rowspan="1" colspan="1" /><td rowspan="1" colspan="1" /><td rowspan="1" colspan="1" /><td rowspan="1" colspan="1" /><td rowspan="1" colspan="1" /><td rowspan="1" colspan="1"><p>10.172.078</p></td></tr><tr><td rowspan="1" colspan="1"><p>0032 20TP 0053</p></td><td rowspan="1" colspan="1"><p>Ativos Civis da União - No Distrito Federal</p></td><td rowspan="1" colspan="1"><p>26 122</p></td><td rowspan="1" colspan="1" /><td rowspan="1" colspan="1" /><td rowspan="1" colspan="1" /><td rowspan="1" colspan="1" /><td rowspan="1" colspan="1" /><td rowspan="1" colspan="1" /><td rowspan="1" colspan="1"><p>10.172.078</p></td></tr><tr><td rowspan="1" colspan="1" /><td rowspan="1" colspan="1" /><td rowspan="1" colspan="1" /><td rowspan="1" colspan="1"><p>F</p></td><td rowspan="1" colspan="1"><p>1-PES</p></td><td rowspan="1" colspan="1"><p>1</p></td><td rowspan="1" colspan="1"><p>90</p></td><td rowspan="1" colspan="1"><p>0</p></td><td rowspan="1" colspan="1"><p>1000</p></td><td rowspan="1" colspan="1"><p>10.172.078</p></td></tr><tr><td rowspan="1" colspan="9"><p>TOTAL - FISCAL</p></td><td rowspan="1" colspan="1"><p>10.172.078</p></td></tr><tr><td rowspan="1" colspan="9"><p>TOTAL - SEGURIDADE</p></td><td rowspan="1" colspan="1"><p>0</p></td></tr><tr><td rowspan="1" colspan="9"><p>TOTAL - GERAL</p></td><td rowspan="1" colspan="1"><p>10.172.078</p></td></tr><tr><td rowspan="1" colspan="9" /><td rowspan="1" colspan="1" /></tr><tr><td rowspan="1" colspan="10"><p>ÓRGÃO: 71000 - Encargos Financeiros da União</p></td></tr><tr><td rowspan="1" colspan="3"><p>UNIDADE: 71102 - Recursos sob Supervisão do Ministério do Planejamento e Orçamento</p></td><td rowspan="1" colspan="7" /></tr><tr><td rowspan="1" colspan="3"><p>ANEXO II</p></td><td rowspan="1" colspan="7"><p>Crédito Suplementar</p></td></tr><tr><td rowspan="1" colspan="3"><p>PROGRAMA DE TRABALHO ( CANCELAMENTO )</p></td><td rowspan="1" colspan="7"><p>Recurso de Todas as Fontes R$ 1,00</p></td></tr><tr><td rowspan="1" colspan="1"><p>PROGRAMÁTICA</p></td><td rowspan="1" colspan="1"><p>PROGRAMA/AÇÃO/LOCALIZADOR/PRODUTO</p></td><td rowspan="1" colspan="1"><p>FUNCIONAL</p></td><td rowspan="1" colspan="1"><p>E</p><p>S</p><p>F</p></td><td rowspan="1" colspan="1"><p>G</p><p>N</p><p>D</p></td><td rowspan="1" colspan="1"><p>R</p><p>P</p></td><td rowspan="1" colspan="1"><p>M</p><p>O</p><p>D</p></td><td rowspan="1" colspan="1"><p>I</p><p>U</p></td><td rowspan="1" colspan="1"><p>F</p><p>T</p><p>E</p></td><td rowspan="1" colspan="1"><p>VALOR</p></td></tr><tr><td rowspan="1" colspan="1"><p>0032</p></td><td rowspan="1" colspan="1"><p>Programa de Gestão e Manutenção do Poder Executivo</p></td><td rowspan="1" colspan="7" /><td rowspan="1" colspan="1"><p>13.001.150</p></td></tr><tr><td rowspan="1" colspan="1" /><td rowspan="1" colspan="1"><p>Atividades</p></td><td rowspan="1" colspan="1" /><td rowspan="1" colspan="1" /><td rowspan="1" colspan="1" /><td rowspan="1" colspan="1" /><td rowspan="1" colspan="1" /><td rowspan="1" colspan="1" /><td rowspan="1" colspan="1" /><td rowspan="1" colspan="1" /></tr><tr><td rowspan="1" colspan="1"><p>0032 2004</p></td><td rowspan="1" colspan="1"><p>Assistência Médica e Odontológica aos Servidores Civis, Empregados, Militares e seus Dependentes</p></td><td rowspan="1" colspan="1"><p>04 331</p></td><td rowspan="1" colspan="1" /><td rowspan="1" colspan="1" /><td rowspan="1" colspan="1" /><td rowspan="1" colspan="1" /><td rowspan="1" colspan="1" /><td rowspan="1" colspan="1" /><td rowspan="1" colspan="1"><p>13.001.150</p></td></tr><tr><td rowspan="1" colspan="1"><p>0032 2004 0001</p></td><td rowspan="1" colspan="1"><p>Assistência Médica e Odontológica aos Servidores Civis, Empregados, Militares e seus Dependentes - Nacional</p></td><td rowspan="1" colspan="1"><p>04 331</p></td><td rowspan="1" colspan="1" /><td rowspan="1" colspan="1" /><td rowspan="1" colspan="1" /><td rowspan="1" colspan="1" /><td rowspan="1" colspan="1" /><td rowspan="1" colspan="1" /><td rowspan="1" colspan="1"><p>13.001.150</p></td></tr><tr><td rowspan="1" colspan="1" /><td rowspan="1" colspan="1" /><td rowspan="1" colspan="1" /><td rowspan="1" colspan="1"><p>F</p></td><td rowspan="1" colspan="1"><p>3-ODC</p></td><td rowspan="1" colspan="1"><p>1</p></td><td rowspan="1" colspan="1"><p>90</p></td><td rowspan="1" colspan="1"><p>0</p></td><td rowspan="1" colspan="1"><p>1000</p></td><td rowspan="1" colspan="1"><p>13.001.150</p></td></tr><tr><td rowspan="1" colspan="1"><p>0901</p></td><td rowspan="1" colspan="1"><p>Operações Especiais: Cumprimento de Sentenças Judiciais</p></td><td rowspan="1" colspan="7" /><td rowspan="1" colspan="1"><p>135.000.000</p></td></tr><tr><td rowspan="1" colspan="1" /><td rowspan="1" colspan="1"><p>Operações Especiais</p></td><td rowspan="1" colspan="1" /><td rowspan="1" colspan="1" /><td rowspan="1" colspan="1" /><td rowspan="1" colspan="1" /><td rowspan="1" colspan="1" /><td rowspan="1" colspan="1" /><td rowspan="1" colspan="1" /><td rowspan="1" colspan="1" /></tr><tr><td rowspan="1" colspan="1"><p>0901 00QG</p></td><td rowspan="1" colspan="1"><p>Anistiados Políticos - Retroativos Concedidos por Decisões Judiciais</p></td><td rowspan="1" colspan="1"><p>28 846</p></td><td rowspan="1" colspan="1" /><td rowspan="1" colspan="1" /><td rowspan="1" colspan="1" /><td rowspan="1" colspan="1" /><td rowspan="1" colspan="1" /><td rowspan="1" colspan="1" /><td rowspan="1" colspan="1"><p>65.000.000</p></td></tr><tr><td rowspan="1" colspan="1"><p>0901 00QG 0001</p></td><td rowspan="1" colspan="1"><p>Anistiados Políticos - Retroativos Concedidos por Decisões Judiciais - Nacional</p></td><td rowspan="1" colspan="1"><p>28 846</p></td><td rowspan="1" colspan="1" /><td rowspan="1" colspan="1" /><td rowspan="1" colspan="1" /><td rowspan="1" colspan="1" /><td rowspan="1" colspan="1" /><td rowspan="1" colspan="1" /><td rowspan="1" colspan="1"><p>65.000.000</p></td></tr><tr><td rowspan="1" colspan="1" /><td rowspan="1" colspan="1" /><td rowspan="1" colspan="1" /><td rowspan="1" colspan="1"><p>S</p></td><td rowspan="1" colspan="1"><p>1-PES</p></td><td rowspan="1" colspan="1"><p>1</p></td><td rowspan="1" colspan="1"><p>90</p></td><td rowspan="1" colspan="1"><p>0</p></td><td rowspan="1" colspan="1"><p>1000</p></td><td rowspan="1" colspan="1"><p>65.000.000</p></td></tr><tr><td rowspan="1" colspan="1"><p>0901 00QY</p></td><td rowspan="1" colspan="1"><p>Acordos referentes a passivos atuariais de estatais dependentes</p></td><td rowspan="1" colspan="1"><p>28 846</p></td><td rowspan="1" colspan="1" /><td rowspan="1" colspan="1" /><td rowspan="1" colspan="1" /><td rowspan="1" colspan="1" /><td rowspan="1" colspan="1" /><td rowspan="1" colspan="1" /><td rowspan="1" colspan="1"><p>70.000.000</p></td></tr><tr><td rowspan="1" colspan="1"><p>0901 00QY 0001</p></td><td rowspan="1" colspan="1"><p>Acordos referentes a passivos atuariais de estatais dependentes - Nacional</p></td><td rowspan="1" colspan="1"><p>28 846</p></td><td rowspan="1" colspan="1" /><td rowspan="1" colspan="1" /><td rowspan="1" colspan="1" /><td rowspan="1" colspan="1" /><td rowspan="1" colspan="1" /><td rowspan="1" colspan="1" /><td rowspan="1" colspan="1"><p>70.000.000</p></td></tr><tr><td rowspan="1" colspan="1" /><td rowspan="1" colspan="1" /><td rowspan="1" colspan="1" /><td rowspan="1" colspan="1"><p>F</p></td><td rowspan="1" colspan="1"><p>1-PES</p></td><td rowspan="1" colspan="1"><p>1</p></td><td rowspan="1" colspan="1"><p>90</p></td><td rowspan="1" colspan="1"><p>0</p></td><td rowspan="1" colspan="1"><p>1000</p></td><td rowspan="1" colspan="1"><p>70.000.000</p></td></tr><tr><td rowspan="1" colspan="1"><p>0909</p></td><td rowspan="1" colspan="1"><p>Operações Especiais: Outros Encargos Especiais</p></td><td rowspan="1" colspan="7" /><td rowspan="1" colspan="1"><p>26.138.720</p></td></tr><tr><td rowspan="1" colspan="1" /><td rowspan="1" colspan="1"><p>Operações Especiais</p></td><td rowspan="1" colspan="1" /><td rowspan="1" colspan="1" /><td rowspan="1" colspan="1" /><td rowspan="1" colspan="1" /><td rowspan="1" colspan="1" /><td rowspan="1" colspan="1" /><td rowspan="1" colspan="1" /><td rowspan="1" colspan="1" /></tr><tr><td rowspan="1" colspan="1"><p>0909 0536</p></td><td rowspan="1" colspan="1"><p>Benefícios de Legislação Especial</p></td><td rowspan="1" colspan="1"><p>28 846</p></td><td rowspan="1" colspan="1" /><td rowspan="1" colspan="1" /><td rowspan="1" colspan="1" /><td rowspan="1" colspan="1" /><td rowspan="1" colspan="1" /><td rowspan="1" colspan="1" /><td rowspan="1" colspan="1"><p>6.138.720</p></td></tr><tr><td rowspan="1" colspan="1"><p>0909 0536 0001</p></td><td rowspan="1" colspan="1"><p>Benefícios de Legislação Especial - Nacional</p></td><td rowspan="1" colspan="1"><p>28 846</p></td><td rowspan="1" colspan="1" /><td rowspan="1" colspan="1" /><td rowspan="1" colspan="1" /><td rowspan="1" colspan="1" /><td rowspan="1" colspan="1" /><td rowspan="1" colspan="1" /><td rowspan="1" colspan="1"><p>6.138.720</p></td></tr><tr><td rowspan="1" colspan="1" /><td rowspan="1" colspan="1" /><td rowspan="1" colspan="1" /><td rowspan="1" colspan="1"><p>S</p></td><td rowspan="1" colspan="1"><p>3-ODC</p></td><td rowspan="1" colspan="1"><p>1</p></td><td rowspan="1" colspan="1"><p>90</p></td><td rowspan="1" colspan="1"><p>0</p></td><td rowspan="1" colspan="1"><p>1000</p></td><td rowspan="1" colspan="1"><p>6.138.720</p></td></tr><tr><td rowspan="1" colspan="1"><p>0909 0739</p></td><td rowspan="1" colspan="1"><p>Indenização a Anistiados Políticos</p></td><td rowspan="1" colspan="1"><p>28 846</p></td><td rowspan="1" colspan="1" /><td rowspan="1" colspan="1" /><td rowspan="1" colspan="1" /><td rowspan="1" colspan="1" /><td rowspan="1" colspan="1" /><td rowspan="1" colspan="1" /><td rowspan="1" colspan="1"><p>20.000.000</p></td></tr><tr><td rowspan="1" colspan="1"><p>0909 0739 0001</p></td><td rowspan="1" colspan="1"><p>Indenização a Anistiados Políticos - Nacional</p></td><td rowspan="1" colspan="1"><p>28 846</p></td><td rowspan="1" colspan="1" /><td rowspan="1" colspan="1" /><td rowspan="1" colspan="1" /><td rowspan="1" colspan="1" /><td rowspan="1" colspan="1" /><td rowspan="1" colspan="1" /><td rowspan="1" colspan="1"><p>20.000.000</p></td></tr><tr><td rowspan="1" colspan="1" /><td rowspan="1" colspan="1" /><td rowspan="1" colspan="1" /><td rowspan="1" colspan="1"><p>S</p></td><td rowspan="1" colspan="1"><p>3-ODC</p></td><td rowspan="1" colspan="1"><p>1</p></td><td rowspan="1" colspan="1"><p>90</p></td><td rowspan="1" colspan="1"><p>0</p></td><td rowspan="1" colspan="1"><p>1000</p></td><td rowspan="1" colspan="1"><p>20.000.000</p></td></tr><tr><td rowspan="1" colspan="1"><p>0999</p></td><td rowspan="1" colspan="1"><p>Reserva de Contingência</p></td><td rowspan="1" colspan="7" /><td rowspan="1" colspan="1"><p>2.653.585.751</p></td></tr><tr><td rowspan="1" colspan="1" /><td rowspan="1" colspan="1"><p>Operações Especiais</p></td><td rowspan="1" colspan="1" /><td rowspan="1" colspan="1" /><td rowspan="1" colspan="1" /><td rowspan="1" colspan="1" /><td rowspan="1" colspan="1" /><td rowspan="1" colspan="1" /><td rowspan="1" colspan="1" /><td rowspan="1" colspan="1" /></tr><tr><td rowspan="1" colspan="1"><p>0999 0Z01</p></td><td rowspan="1" colspan="1"><p>Reserva de Contingência Fiscal - Primária</p></td><td rowspan="1" colspan="1"><p>99 999</p></td><td rowspan="1" colspan="1" /><td rowspan="1" colspan="1" /><td rowspan="1" colspan="1" /><td rowspan="1" colspan="1" /><td rowspan="1" colspan="1" /><td rowspan="1" colspan="1" /><td rowspan="1" colspan="1"><p>2.653.585.751</p></td></tr><tr><td rowspan="1" colspan="1"><p>0999 0Z01 6499</p></td><td rowspan="1" colspan="1"><p>Reserva de Contingência Fiscal - Primária - Recursos para atendimento do art. 169, § 1º, inciso II da Constituição Federal e outras despesas de pessoal e encargos</p></td><td rowspan="1" colspan="1"><p>99 999</p></td><td rowspan="1" colspan="1" /><td rowspan="1" colspan="1" /><td rowspan="1" colspan="1" /><td rowspan="1" colspan="1" /><td rowspan="1" colspan="1" /><td rowspan="1" colspan="1" /><td rowspan="1" colspan="1"><p>2.653.585.751</p></td></tr><tr><td rowspan="1" colspan="1" /><td rowspan="1" colspan="1" /><td rowspan="1" colspan="1" /><td rowspan="1" colspan="1"><p>F</p></td><td rowspan="1" colspan="1"><p>1-PES</p></td><td rowspan="1" colspan="1"><p>1</p></td><td rowspan="1" colspan="1"><p>90</p></td><td rowspan="1" colspan="1"><p>0</p></td><td rowspan="1" colspan="1"><p>1000</p></td><td rowspan="1" colspan="1"><p>2.653.585.751</p></td></tr><tr><td rowspan="1" colspan="9"><p>TOTAL - FISCAL</p></td><td rowspan="1" colspan="1"><p>2.736.586.901</p></td></tr><tr><td rowspan="1" colspan="9"><p>TOTAL - SEGURIDADE</p></td><td rowspan="1" colspan="1"><p>91.138.720</p></td></tr><tr><td rowspan="1" colspan="9"><p>TOTAL - GERAL</p></td><td rowspan="1" colspan="1"><p>2.827.725.621</p></td></tr><tr><td rowspan="1" colspan="9" /><td rowspan="1" colspan="1" /></tr><tr><td rowspan="1" colspan="10"><p>ÓRGÃO: 72000 - Encargos Previdenciarios da União</p></td></tr><tr><td rowspan="1" colspan="3"><p>UNIDADE: 72146 - Recursos Sob Supervisão do Ministério da Gestão e da Inovação em Serviços Públicos</p></td><td rowspan="1" colspan="7" /></tr><tr><td rowspan="1" colspan="3"><p>ANEXO II</p></td><td rowspan="1" colspan="7"><p>Crédito Suplementar</p></td></tr><tr><td rowspan="1" colspan="3"><p>PROGRAMA DE TRABALHO ( CANCELAMENTO )</p></td><td rowspan="1" colspan="7"><p>Recurso de Todas as Fontes R$ 1,00</p></td></tr><tr><td rowspan="1" colspan="1"><p>PROGRAMÁTICA</p></td><td rowspan="1" colspan="1"><p>PROGRAMA/AÇÃO/LOCALIZADOR/PRODUTO</p></td><td rowspan="1" colspan="1"><p>FUNCIONAL</p></td><td rowspan="1" colspan="1"><p>E</p><p>S</p><p>F</p></td><td rowspan="1" colspan="1"><p>G</p><p>N</p><p>D</p></td><td rowspan="1" colspan="1"><p>R</p><p>P</p></td><td rowspan="1" colspan="1"><p>M</p><p>O</p><p>D</p></td><td rowspan="1" colspan="1"><p>I</p><p>U</p></td><td rowspan="1" colspan="1"><p>F</p><p>T</p><p>E</p></td><td rowspan="1" colspan="1"><p>VALOR</p></td></tr><tr><td rowspan="1" colspan="1"><p>0032</p></td><td rowspan="1" colspan="1"><p>Programa de Gestão e Manutenção do Poder Executivo</p></td><td rowspan="1" colspan="7" /><td rowspan="1" colspan="1"><p>141.857.849</p></td></tr><tr><td rowspan="1" colspan="1" /><td rowspan="1" colspan="1"><p>Operações Especiais</p></td><td rowspan="1" colspan="1" /><td rowspan="1" colspan="1" /><td rowspan="1" colspan="1" /><td rowspan="1" colspan="1" /><td rowspan="1" colspan="1" /><td rowspan="1" colspan="1" /><td rowspan="1" colspan="1" /><td rowspan="1" colspan="1" /></tr><tr><td rowspan="1" colspan="1"><p>0032 0181</p></td><td rowspan="1" colspan="1"><p>Aposentadorias e Pensões Civis da União</p></td><td rowspan="1" colspan="1"><p>09 272</p></td><td rowspan="1" colspan="1" /><td rowspan="1" colspan="1" /><td rowspan="1" colspan="1" /><td rowspan="1" colspan="1" /><td rowspan="1" colspan="1" /><td rowspan="1" colspan="1" /><td rowspan="1" colspan="1"><p>141.857.849</p></td></tr><tr><td rowspan="1" colspan="1"><p>0032 0181 0001</p></td><td rowspan="1" colspan="1"><p>Aposentadorias e Pensões Civis da União - Nacional</p></td><td rowspan="1" colspan="1"><p>09 272</p></td><td rowspan="1" colspan="1" /><td rowspan="1" colspan="1" /><td rowspan="1" colspan="1" /><td rowspan="1" colspan="1" /><td rowspan="1" colspan="1" /><td rowspan="1" colspan="1" /><td rowspan="1" colspan="1"><p>141.857.849</p></td></tr><tr><td rowspan="1" colspan="1" /><td rowspan="1" colspan="1" /><td rowspan="1" colspan="1" /><td rowspan="1" colspan="1"><p>S</p></td><td rowspan="1" colspan="1"><p>1-PES</p></td><td rowspan="1" colspan="1"><p>1</p></td><td rowspan="1" colspan="1"><p>90</p></td><td rowspan="1" colspan="1"><p>0</p></td><td rowspan="1" colspan="1"><p>1000</p></td><td rowspan="1" colspan="1"><p>141.857.849</p></td></tr><tr><td rowspan="1" colspan="1"><p>0909</p></td><td rowspan="1" colspan="1"><p>Operações Especiais: Outros Encargos Especiais</p></td><td rowspan="1" colspan="7" /><td rowspan="1" colspan="1"><p>40.000.000</p></td></tr><tr><td rowspan="1" colspan="1" /><td rowspan="1" colspan="1"><p>Operações Especiais</p></td><td rowspan="1" colspan="1" /><td rowspan="1" colspan="1" /><td rowspan="1" colspan="1" /><td rowspan="1" colspan="1" /><td rowspan="1" colspan="1" /><td rowspan="1" colspan="1" /><td rowspan="1" colspan="1" /><td rowspan="1" colspan="1" /></tr><tr><td rowspan="1" colspan="1"><p>0909 00X3</p></td><td rowspan="1" colspan="1"><p>Compensação Financeira entre o RPPSU e os demais RPPS dos entes federados</p></td><td rowspan="1" colspan="1"><p>28 846</p></td><td rowspan="1" colspan="1" /><td rowspan="1" colspan="1" /><td rowspan="1" colspan="1" /><td rowspan="1" colspan="1" /><td rowspan="1" colspan="1" /><td rowspan="1" colspan="1" /><td rowspan="1" colspan="1"><p>40.000.000</p></td></tr><tr><td rowspan="1" colspan="1"><p>0909 00X3 0001</p></td><td rowspan="1" colspan="1"><p>Compensação Financeira entre o RPPSU e os demais RPPS dos entes federados - Nacional</p></td><td rowspan="1" colspan="1"><p>28 846</p></td><td rowspan="1" colspan="1" /><td rowspan="1" colspan="1" /><td rowspan="1" colspan="1" /><td rowspan="1" colspan="1" /><td rowspan="1" colspan="1" /><td rowspan="1" colspan="1" /><td rowspan="1" colspan="1"><p>40.000.000</p></td></tr><tr><td rowspan="1" colspan="1" /><td rowspan="1" colspan="1" /><td rowspan="1" colspan="1" /><td rowspan="1" colspan="1"><p>S</p></td><td rowspan="1" colspan="1"><p>1-PES</p></td><td rowspan="1" colspan="1"><p>1</p></td><td rowspan="1" colspan="1"><p>90</p></td><td rowspan="1" colspan="1"><p>0</p></td><td rowspan="1" colspan="1"><p>1000</p></td><td rowspan="1" colspan="1"><p>40.000.000</p></td></tr><tr><td rowspan="1" colspan="9"><p>TOTAL - FISCAL</p></td><td rowspan="1" colspan="1"><p>0</p></td></tr><tr><td rowspan="1" colspan="9"><p>TOTAL - SEGURIDADE</p></td><td rowspan="1" colspan="1"><p>181.857.849</p></td></tr><tr><td rowspan="1" colspan="9"><p>TOTAL - GERAL</p></td><td rowspan="1" colspan="1"><p>181.857.849</p></td></tr><tr><td rowspan="1" colspan="9" /><td rowspan="1" colspan="1" /></tr><tr><td rowspan="1" colspan="10"><p>ÓRGÃO: 72000 - Encargos Previdenciarios da União</p></td></tr><tr><td rowspan="1" colspan="3"><p>UNIDADE: 72225 - Recursos Sob Supervisão da Secretaria Especial da Receita Federal do Brasil</p></td><td rowspan="1" colspan="7" /></tr><tr><td rowspan="1" colspan="3"><p>ANEXO II</p></td><td rowspan="1" colspan="7"><p>Crédito Suplementar</p></td></tr><tr><td rowspan="1" colspan="3"><p>PROGRAMA DE TRABALHO ( CANCELAMENTO )</p></td><td rowspan="1" colspan="7"><p>Recurso de Todas as Fontes R$ 1,00</p></td></tr><tr><td rowspan="1" colspan="1"><p>PROGRAMÁTICA</p></td><td rowspan="1" colspan="1"><p>PROGRAMA/AÇÃO/LOCALIZADOR/PRODUTO</p></td><td rowspan="1" colspan="1"><p>FUNCIONAL</p></td><td rowspan="1" colspan="1"><p>E</p><p>S</p><p>F</p></td><td rowspan="1" colspan="1"><p>G</p><p>N</p><p>D</p></td><td rowspan="1" colspan="1"><p>R</p><p>P</p></td><td rowspan="1" colspan="1"><p>M</p><p>O</p><p>D</p></td><td rowspan="1" colspan="1"><p>I</p><p>U</p></td><td rowspan="1" colspan="1"><p>F</p><p>T</p><p>E</p></td><td rowspan="1" colspan="1"><p>VALOR</p></td></tr><tr><td rowspan="1" colspan="1"><p>0032</p></td><td rowspan="1" colspan="1"><p>Programa de Gestão e Manutenção do Poder Executivo</p></td><td rowspan="1" colspan="7" /><td rowspan="1" colspan="1"><p>34.506.318</p></td></tr><tr><td rowspan="1" colspan="1" /><td rowspan="1" colspan="1"><p>Atividades</p></td><td rowspan="1" colspan="1" /><td rowspan="1" colspan="1" /><td rowspan="1" colspan="1" /><td rowspan="1" colspan="1" /><td rowspan="1" colspan="1" /><td rowspan="1" colspan="1" /><td rowspan="1" colspan="1" /><td rowspan="1" colspan="1" /></tr><tr><td rowspan="1" colspan="1"><p>0032 21BW</p></td><td rowspan="1" colspan="1"><p>Bônus de Eficiência e Produtividade de Servidores Inativos e Pensionistas da União</p></td><td rowspan="1" colspan="1"><p>04 122</p></td><td rowspan="1" colspan="1" /><td rowspan="1" colspan="1" /><td rowspan="1" colspan="1" /><td rowspan="1" colspan="1" /><td rowspan="1" colspan="1" /><td rowspan="1" colspan="1" /><td rowspan="1" colspan="1"><p>34.506.318</p></td></tr><tr><td rowspan="1" colspan="1"><p>0032 21BW 0001</p></td><td rowspan="1" colspan="1"><p>Bônus de Eficiência e Produtividade de Servidores Inativos e Pensionistas da União - Nacional</p></td><td rowspan="1" colspan="1"><p>04 122</p></td><td rowspan="1" colspan="1" /><td rowspan="1" colspan="1" /><td rowspan="1" colspan="1" /><td rowspan="1" colspan="1" /><td rowspan="1" colspan="1" /><td rowspan="1" colspan="1" /><td rowspan="1" colspan="1"><p>34.506.318</p></td></tr><tr><td rowspan="1" colspan="1" /><td rowspan="1" colspan="1" /><td rowspan="1" colspan="1" /><td rowspan="1" colspan="1"><p>F</p></td><td rowspan="1" colspan="1"><p>1-PES</p></td><td rowspan="1" colspan="1"><p>1</p></td><td rowspan="1" colspan="1"><p>90</p></td><td rowspan="1" colspan="1"><p>0</p></td><td rowspan="1" colspan="1"><p>1032</p></td><td rowspan="1" colspan="1"><p>34.506.318</p></td></tr><tr><td rowspan="1" colspan="9"><p>TOTAL - FISCAL</p></td><td rowspan="1" colspan="1"><p>34.506.318</p></td></tr><tr><td rowspan="1" colspan="9"><p>TOTAL - SEGURIDADE</p></td><td rowspan="1" colspan="1"><p>0</p></td></tr><tr><td rowspan="1" colspan="9"><p>TOTAL - GERAL</p></td><td rowspan="1" colspan="1"><p>34.506.318</p></td></tr><tr><td rowspan="1" colspan="9" /><td rowspan="1" colspan="1" /></tr><tr><td rowspan="1" colspan="10"><p>ÓRGÃO: 72000 - Encargos Previdenciarios da União</p></td></tr><tr><td rowspan="1" colspan="3"><p>UNIDADE: 72233 - Recursos Sob Supervisão do Instituto Nacional do Seguro Social</p></td><td rowspan="1" colspan="7" /></tr><tr><td rowspan="1" colspan="3"><p>ANEXO II</p></td><td rowspan="1" colspan="7"><p>Crédito Suplementar</p></td></tr><tr><td rowspan="1" colspan="3"><p>PROGRAMA DE TRABALHO ( CANCELAMENTO )</p></td><td rowspan="1" colspan="7"><p>Recurso de Todas as Fontes R$ 1,00</p></td></tr><tr><td rowspan="1" colspan="1"><p>PROGRAMÁTICA</p></td><td rowspan="1" colspan="1"><p>PROGRAMA/AÇÃO/LOCALIZADOR/PRODUTO</p></td><td rowspan="1" colspan="1"><p>FUNCIONAL</p></td><td rowspan="1" colspan="1"><p>E</p><p>S</p><p>F</p></td><td rowspan="1" colspan="1"><p>G</p><p>N</p><p>D</p></td><td rowspan="1" colspan="1"><p>R</p><p>P</p></td><td rowspan="1" colspan="1"><p>M</p><p>O</p><p>D</p></td><td rowspan="1" colspan="1"><p>I</p><p>U</p></td><td rowspan="1" colspan="1"><p>F</p><p>T</p><p>E</p></td><td rowspan="1" colspan="1"><p>VALOR</p></td></tr><tr><td rowspan="1" colspan="1"><p>0032</p></td><td rowspan="1" colspan="1"><p>Programa de Gestão e Manutenção do Poder Executivo</p></td><td rowspan="1" colspan="7" /><td rowspan="1" colspan="1"><p>4.125.914</p></td></tr><tr><td rowspan="1" colspan="1" /><td rowspan="1" colspan="1"><p>Operações Especiais</p></td><td rowspan="1" colspan="1" /><td rowspan="1" colspan="1" /><td rowspan="1" colspan="1" /><td rowspan="1" colspan="1" /><td rowspan="1" colspan="1" /><td rowspan="1" colspan="1" /><td rowspan="1" colspan="1" /><td rowspan="1" colspan="1" /></tr><tr><td rowspan="1" colspan="1"><p>0032 0181</p></td><td rowspan="1" colspan="1"><p>Aposentadorias e Pensões Civis da União</p></td><td rowspan="1" colspan="1"><p>09 272</p></td><td rowspan="1" colspan="1" /><td rowspan="1" colspan="1" /><td rowspan="1" colspan="1" /><td rowspan="1" colspan="1" /><td rowspan="1" colspan="1" /><td rowspan="1" colspan="1" /><td rowspan="1" colspan="1"><p>4.125.914</p></td></tr><tr><td rowspan="1" colspan="1"><p>0032 0181 0001</p></td><td rowspan="1" colspan="1"><p>Aposentadorias e Pensões Civis da União - Nacional</p></td><td rowspan="1" colspan="1"><p>09 272</p></td><td rowspan="1" colspan="1" /><td rowspan="1" colspan="1" /><td rowspan="1" colspan="1" /><td rowspan="1" colspan="1" /><td rowspan="1" colspan="1" /><td rowspan="1" colspan="1" /><td rowspan="1" colspan="1"><p>4.125.914</p></td></tr><tr><td rowspan="1" colspan="1" /><td rowspan="1" colspan="1" /><td rowspan="1" colspan="1" /><td rowspan="1" colspan="1"><p>S</p></td><td rowspan="1" colspan="1"><p>1-PES</p></td><td rowspan="1" colspan="1"><p>1</p></td><td rowspan="1" colspan="1"><p>90</p></td><td rowspan="1" colspan="1"><p>0</p></td><td rowspan="1" colspan="1"><p>1056</p></td><td rowspan="1" colspan="1"><p>4.125.914</p></td></tr><tr><td rowspan="1" colspan="1"><p>0909</p></td><td rowspan="1" colspan="1"><p>Operações Especiais: Outros Encargos Especiais</p></td><td rowspan="1" colspan="7" /><td rowspan="1" colspan="1"><p>40.000.000</p></td></tr><tr><td rowspan="1" colspan="1" /><td rowspan="1" colspan="1"><p>Operações Especiais</p></td><td rowspan="1" colspan="1" /><td rowspan="1" colspan="1" /><td rowspan="1" colspan="1" /><td rowspan="1" colspan="1" /><td rowspan="1" colspan="1" /><td rowspan="1" colspan="1" /><td rowspan="1" colspan="1" /><td rowspan="1" colspan="1" /></tr><tr><td rowspan="1" colspan="1"><p>0909 00X3</p></td><td rowspan="1" colspan="1"><p>Compensação Financeira entre o RPPSU e os demais RPPS dos entes federados</p></td><td rowspan="1" colspan="1"><p>28 846</p></td><td rowspan="1" colspan="1" /><td rowspan="1" colspan="1" /><td rowspan="1" colspan="1" /><td rowspan="1" colspan="1" /><td rowspan="1" colspan="1" /><td rowspan="1" colspan="1" /><td rowspan="1" colspan="1"><p>40.000.000</p></td></tr><tr><td rowspan="1" colspan="1"><p>0909 00X3 0001</p></td><td rowspan="1" colspan="1"><p>Compensação Financeira entre o RPPSU e os demais RPPS dos entes federados - Nacional</p></td><td rowspan="1" colspan="1"><p>28 846</p></td><td rowspan="1" colspan="1" /><td rowspan="1" colspan="1" /><td rowspan="1" colspan="1" /><td rowspan="1" colspan="1" /><td rowspan="1" colspan="1" /><td rowspan="1" colspan="1" /><td rowspan="1" colspan="1"><p>40.000.000</p></td></tr><tr><td rowspan="1" colspan="1" /><td rowspan="1" colspan="1" /><td rowspan="1" colspan="1" /><td rowspan="1" colspan="1"><p>S</p></td><td rowspan="1" colspan="1"><p>1-PES</p></td><td rowspan="1" colspan="1"><p>1</p></td><td rowspan="1" colspan="1"><p>90</p></td><td rowspan="1" colspan="1"><p>0</p></td><td rowspan="1" colspan="1"><p>1000</p></td><td rowspan="1" colspan="1"><p>40.000.000</p></td></tr><tr><td rowspan="1" colspan="9"><p>TOTAL - FISCAL</p></td><td rowspan="1" colspan="1"><p>0</p></td></tr><tr><td rowspan="1" colspan="9"><p>TOTAL - SEGURIDADE</p></td><td rowspan="1" colspan="1"><p>44.125.914</p></td></tr><tr><td rowspan="1" colspan="9"><p>TOTAL - GERAL</p></td><td rowspan="1" colspan="1"><p>44.125.914</p></td></tr></table>]]></Texto>
  </body>
  <Midias />
</article></xml>