﻿<xml><article id="45716885" name="PIN 320120251020 (Extraordinaria" idOficio="11316070" pubName="DO1" artType="Pauta" pubDate="01/10/2025" artClass="00028:00015:00003:00005:00001:00000:00000:00000:00000:00000:00053:00000" artCategory="Ministério da Fazenda/Conselho Administrativo de Recursos Fiscais/3ª Seção/2ª Câmara/1ª Turma Ordinária" artSize="12" artNotes="" numberPage="63" pdfPage="http://pesquisa.in.gov.br/imprensa/jsp/visualiza/index.jsp?data=01/10/2025&amp;jornal=515&amp;pagina=63" editionNumber="187" highlightType="" highlightPriority="" highlight="" highlightimage="" highlightimagename="" idMateria="23161092">
  <body>
    <Identifica><![CDATA[ PAUTA DE JULGAMENTO]]></Identifica>
    <Data><![CDATA[]]></Data>
    <Ementa />
    <Titulo />
    <SubTitulo />
    <Texto><![CDATA[<p class="identifica">PAUTA DE JULGAMENTO</p><p>Data da Reunião: 20 de outubro de 2025.</p><p>Pauta extraordinária de julgamento dos recursos da 1ª Turma Ordinária da 2ª Câmara da 3ª Seção, em reunião assíncrona, realizada por meio do Plenário Virtual, com duração de 1 (um) dia, tendo início às 9h e fim às 23h59min do dia 20/10/2025.</p><p>OBSERVAÇÕES:</p><p>1) Arquivos de sustentação oral e memoriais devem ser postados até cinco dias após a publicação da pauta;</p><p>2) Pedidos de retirada de pauta devem ser enviados até cinco dias após a publicação da pauta;</p><p>3) Serão desconsiderados a sustentação oral e o memorial cujos arquivos transmitidos não atendam à duração e aos requisitos previstos, respectivamente, no art. 11, e no art. 12 da Portaria CARF/MF nº 1.240, de 2 de agosto de 2024; e</p><p>4) A publicidade da reunião será garantida por meio do Sistema de Acompanhamento do Plenário Virtual - SAPVI, com acesso pelo endereço https://sapvi.carf.economia.gov.br/home.</p><p>DIA 20 de Outubro de 2025, ÀS 09:00 HORAS</p><p>Relator(a): FLAVIA SALES CAMPOS VALE</p><p>1 - Processo nº: 16682.904395/2013-52 - Recorrente: LIGHT SERVICOS DE ELETRICIDADE S A e Interessado: FAZENDA NACIONAL</p><p>2 - Processo nº: 16682.904398/2013-96 - Recorrente: LIGHT SERVICOS DE ELETRICIDADE S A e Interessado: FAZENDA NACIONAL</p><p>3 - Processo nº: 16682.904400/2013-27 - Recorrente: LIGHT SERVICOS DE ELETRICIDADE S A e Interessado: FAZENDA NACIONAL</p><p>4 - Processo nº: 16682.904402/2013-16 - Recorrente: LIGHT SERVICOS DE ELETRICIDADE S A e Interessado: FAZENDA NACIONAL</p><p>5 - Processo nº: 16682.904403/2013-61 - Recorrente: LIGHT SERVICOS DE ELETRICIDADE S A e Interessado: FAZENDA NACIONAL</p><p>6 - Processo nº: 16682.904404/2013-13 - Recorrente: LIGHT SERVICOS DE ELETRICIDADE S A e Interessado: FAZENDA NACIONAL</p><p>7 - Processo nº: 16682.904405/2013-50 - Recorrente: LIGHT SERVICOS DE ELETRICIDADE S A e Interessado: FAZENDA NACIONAL</p><p>8 - Processo nº: 16682.904406/2013-02 - Recorrente: LIGHT SERVICOS DE ELETRICIDADE S A e Interessado: FAZENDA NACIONAL</p><p>9 - Processo nº: 16682.904407/2013-49 - Recorrente: LIGHT SERVICOS DE ELETRICIDADE S A e Interessado: FAZENDA NACIONAL</p><p>Relator(a): RODRIGO PINHEIRO LUCAS RISTOW</p><p>10 - Processo nº: 16095.720123/2012-31 - Recorrente: FANEM LTDA e Interessado: FAZENDA NACIONAL</p><p>11 - Processo nº: 11080.902486/2015-81 - Recorrente: SABEMI SEGURADORA SA e Interessado: FAZENDA NACIONAL</p><p>12 - Processo nº: 10835.720986/2013-00 - Recorrente: VITAPELLI LTDA e Interessado: FAZENDA NACIONAL</p><p>13 - Processo nº: 10835.720987/2013-46 - Recorrente: VITAPELLI LTDA e Interessado: FAZENDA NACIONAL</p><p>14 - Processo nº: 10835.720989/2013-35 - Recorrente: VITAPELLI LTDA e Interessado: FAZENDA NACIONAL</p><p class="assina">Helcio Lafeta Reis</p><p class="cargo">Presidente da 1ª Turma Ordinária da 2ª Câmara da 3ª Seção do CARF</p>]]></Texto>
  </body>
  <Midias />
</article></xml>