﻿<xml><article id="45725272" name="Acordao 633" idOficio="11317378" pubName="DO1" artType="Acórdão" pubDate="01/10/2025" artClass="00041:00020:00000:00000:00000:00000:00000:00000:00000:00000:00002:00000" artCategory="Ministério de Portos e Aeroportos/Agência Nacional de Transportes Aquaviários" artSize="12" artNotes="" numberPage="203" pdfPage="http://pesquisa.in.gov.br/imprensa/jsp/visualiza/index.jsp?data=01/10/2025&amp;jornal=515&amp;pagina=203" editionNumber="187" highlightType="" highlightPriority="" highlight="" highlightimage="" highlightimagename="" idMateria="23163825">
  <body>
    <Identifica><![CDATA[ ACÓRDÃO Nº 633/2025-ANTAQ]]></Identifica>
    <Data><![CDATA[]]></Data>
    <Ementa />
    <Titulo />
    <SubTitulo />
    <Texto><![CDATA[<p class="identifica">ACÓRDÃO Nº 633/2025-ANTAQ</p><p>1. Processo: 50300.014183/2025-09</p><p>2. Interessados: Costa Café Comércio Exportação e Importação Ltda. e DP World Santos S.A.</p><p>3. Relator: Lima Filho</p><p>4. Unidade Técnica: Superintendência de Fiscalização e Coordenação das Unidades Regionais - SFC</p><p>5. Acórdão:</p><p>VISTOS, relatados e discutidos os presentes autos que tratam de denúncia apresentada por Costa Café Comércio Exportação e Importação Ltda. em face de DP World Santos S.A., por suposta cobrança irregular de taxa "LAR Documental",</p><p>ACORDAM os Diretores da Agência Nacional de Transportes Aquaviários, reunidos para a Reunião Ordinária de Diretoria Colegiada de nº 595, ante as razões expostas pelo Relator, em:</p><p>5.1. conhecer da denúncia apresentada pela empresa Costa Café Comércio Exportação e Importação Ltda., CNPJ nº 54.122.775/0002-40, em face de DP World Santos S.A., CNPJ nº 02.805.610/0002-79, porquanto presentes os requisitos processuais pertinentes;</p><p>5.2. no mérito, negar provimento ao pedido liminar, tendo em vista que ausentes os requisitos da fumaça do bom direito e do perigo da demora, conforme dispõe o art. 40 da Resolução-ANTAQ nº 66, de 2022;</p><p>5.3. encaminhar os autos à Superintendência de Fiscalização e Coordenação das Unidades Regionais - SFC, para que apure as supostas infrações administrativas apresentadas pela denunciante, tipificadas no art. 33, incisos XXIV, XXVI, XXVIII e XLI da Resolução-ANTAQ nº 75, de 2022, dentre outras que entender pertinente, devendo, caso necessário, submeter o mérito à apreciação da Diretoria Colegiada; e</p><p>5.4. comunicar as interessadas acerca da presente decisão.</p><p>6. Data da Reunião: 22 a 24/09/2025 - Virtual.</p><p>7. Especificação do quórum:</p><p>7.1. Diretores presentes: Frederico Dias (Presidente), Flávia Takafashi, Lima Filho (Relator), Alber Vasconcelos e Caio Farias.</p><p class="assina">FREDERICO CARVALHO DIAS</p><p class="cargo">Diretor-Geral</p>]]></Texto>
  </body>
  <Midias />
</article></xml>