﻿<xml><article id="45725175" name="PT SAES NA 3300" idOficio="11317388" pubName="DO1" artType="Portaria" pubDate="01/10/2025" artClass="00047:00037:00000:00000:00000:00000:00000:00000:00000:00000:00054:00000" artCategory="Ministério da Saúde/Secretaria de Atenção Especializada à Saúde" artSize="24" artNotes="" numberPage="216" pdfPage="http://pesquisa.in.gov.br/imprensa/jsp/visualiza/index.jsp?data=01/10/2025&amp;jornal=515&amp;pagina=216" editionNumber="187" highlightType="" highlightPriority="" highlight="" highlightimage="" highlightimagename="" idMateria="23163832">
  <body>
    <Identifica><![CDATA[ Portaria SAES/MS Nº 3.300, DE 26 DE setembro DE 2025]]></Identifica>
    <Data><![CDATA[]]></Data>
    <Ementa><![CDATA[ Desabilita o Hospital Vicentino - Ponta Grossa (PR) como Unidade de Assistência em Alta Complexidade de Terapia Nutricional Enteral.]]></Ementa>
    <Titulo />
    <SubTitulo />
    <Texto><![CDATA[<p class="identifica">Portaria SAES/MS Nº 3.300, DE 26 DE setembro DE 2025</p><p class="ementa">Desabilita o Hospital Vicentino - Ponta Grossa (PR) como Unidade de Assistência em Alta Complexidade de Terapia Nutricional Enteral.</p><p>O SECRETÁRIO DE ATENÇÃO ESPECIALIZADA À SAÚDE, no uso das atribuições que lhe confere o Decreto nº 11.798, de 28 de novembro de 2023, alterado pelo Decreto nº 12.489, de 04 de junho de 2025, resolve:</p><p>Art. 1º Fica desabilitado, como Unidade de Assistência de Alta Complexidade em Terapia Nutricional Enteral/ Parenteral, o estabelecimento descrito no Anexo a esta Portaria.</p><p>Parágrafo único. O disposto no caput não acarretará impacto financeiro para o Ministério da Saúde.</p><p>Art. 2º Esta Portaria entra em vigor na data de sua publicação.</p><p class="assina">MOZART JULIO TABOSA SALES</p><p>ANEXO</p><p /><p></p><table><tr /><tr><td rowspan="1" colspan="1"><p>UF</p></td><td rowspan="1" colspan="1"><p>IBGE</p></td><td rowspan="1" colspan="1"><p>MUNICÍPIO</p></td><td rowspan="1" colspan="1"><p>CNES</p></td><td rowspan="1" colspan="1"><p>ESTABELECIMENTO</p></td><td rowspan="1" colspan="1"><p>GESTÃO</p></td><td rowspan="1" colspan="1"><p>CÓDIGO E DESCRIÇÃO DA HABILITAÇÃO</p></td><td rowspan="1" colspan="1"><p>NUP/SEI</p></td></tr><tr><td rowspan="1" colspan="1"><p>PR</p></td><td rowspan="1" colspan="1"><p>411990</p></td><td rowspan="1" colspan="1"><p>PONTA GROSSA</p></td><td rowspan="1" colspan="1"><p>2686759</p></td><td rowspan="1" colspan="1"><p>HOSPITAL VICENTINO</p></td><td rowspan="1" colspan="1"><p>ESTADUAL</p></td><td rowspan="1" colspan="1"><p>23.01 - UNIDADE DE ASSISTÊNCIA DE ALTA COMPLEXIDADE EM TERAPIA NUTRICIONAL</p></td><td rowspan="1" colspan="1"><p>25000.160465/2021-82</p></td></tr><tr><td rowspan="1" colspan="1" /><td rowspan="1" colspan="1" /><td rowspan="1" colspan="1" /><td rowspan="1" colspan="1" /><td rowspan="1" colspan="1" /><td rowspan="1" colspan="1" /><td rowspan="1" colspan="1"><p>23.04 - ENTERAL E PARENTERAL</p></td><td rowspan="1" colspan="1" /></tr></table>]]></Texto>
  </body>
  <Midias />
</article></xml>