﻿<xml><article id="45727685" name="Ata da 97A SED" idOficio="11317676" pubName="DO1" artType="Ata" pubDate="01/10/2025" artClass="00033:00059:00000:00000:00000:00000:00000:00000:00000:00000:00005:00000" artCategory="Ministério da Justiça e Segurança Pública/Conselho Administrativo de Defesa Econômica" artSize="12" artNotes="ok" numberPage="88" pdfPage="http://pesquisa.in.gov.br/imprensa/jsp/visualiza/index.jsp?data=01/10/2025&amp;jornal=515&amp;pagina=88" editionNumber="187" highlightType="" highlightPriority="" highlight="" highlightimage="" highlightimagename="" idMateria="23164486">
  <body>
    <Identifica><![CDATA[ Ata da 97ª da Sessão Extraordinária de Distribuição-Presidência, ]]></Identifica>
    <Data><![CDATA[]]></Data>
    <Ementa />
    <Titulo />
    <SubTitulo />
    <Texto><![CDATA[<p class="identifica">Ata da 97ª da Sessão Extraordinária de Distribuição-Presidência,</p><p class="identifica">de 19 de setembro de 2025</p><p>ATA DA 97ª SESSÃO EXTRAORDINÁRIA DE DISTRIBUIÇÃO</p><p>Dia: 25/09/2025</p><p>Presidente: Gustavo Augusto Freitas de Lima</p><p>Secretária do Plenário: Keila de Sousa Ferreira</p><p>Foi distribuído por prevenção nos termos do artigo 40 do Regimento Interno do Cade o seguinte feito.</p><p>1. Recurso Voluntário nº 08700.009804/2025-55</p><p>Recorrente: Agro Amazônia Produtos Agropecuários S.A.</p><p>Advogados: Eduardo Caminati Anders, Marcio de Carvalho Silveira Bueno, Fabianna Vieira Barbosa Morsell, Roberto Potter Martins Ferreira e Larissa Fonseca Maciel.</p><p>Interessados: Comissão de Agricultura, Pecuária, Abastecimento e Desenvolvimento Rural - Câmara dos Deputados (CAPADR/CD), Associação Nacional dos Exportadores De Cereais (ANEC), ADM do Brasil Ltda. (ADM), Agrex do Brasil Ltda. (AGREX), Humberg Agribrasil Comércio e Exportação de Grãos S.A. (AGRIBRASIL), Agrícola Alvorada S.A. (AGRÍCOLA ALVORADA), Agro Amazônia Produtos Agropecuários S.A. (AGRO AMAZÔNIA), Agrogalaxy Participações S.A. (AGROGALAXY), Agromave Insumos Agricola Ltda. (Agromave), Agropecuária Maggi Ltda. (AMAGGI), Bunge Alimentos S.A. (BUNGE), Caramuru Alimentos S.A. (CARAMURU), Cargill Agrícola S/A (CARGILL), CHS Agronegócio - Indústria e Comércio Ltda. (CHS), CJ International Brasil Comercial Agrícola Ltda. (CJ INTERNATIONAL), CJ Selecta S.A. (CJ SELECTA), Cofco International Brasil S.A. (COFCO), Sucocitrico Cutrale Ltda. (CUTRALE), Dual Duarte Albuquerque Comércio e Indústria Ltda. (DUAL), Engelhart CTP (Brasil) S.A. (ECTP), Fiagril Ltda. (FIAGRIL), Imcopa - Importação, Exportação e Indústria de Óleos S.A. - em Recuperação Judicial (IMCOPA), Louis Dreyfus Company Brasil S.A. (Louis Dreyfus), Lavoro Agrocomercial S.A. (Lavoro), Novaagri Infra-Estrutura de Armazenagem e Escoamento Agrícola S.A. (NOVA AGRI), Nutrade Comercial Exportadora Ltda. (NUTRADE), Olam Agrícola Ltda. (OLAM), Sinova Inovações Agrícolas S.A. (SINOVA), Sipal Indústria e Comércio Ltda. (SIPAL), Três Tentos Agroindustrial S.A. (3 TENTOS), Usimat Destilaria de Álcool Ltda. (USIMAT), Viterra Agriculture Brasil S.A. (VITERRA), Associação dos Produtores de Soja e Milho do Estado do Mato Grosso (APROSOJA/MT).</p><p>Advogados: Francisco Ribeiro Todorov, Adriana Franco Giannini, Lorena Leite Nisiyama, Felipe Cardoso Pereira, Matheus Mendes Nasaret, Fabiano Robalinho, Guilherme Coelho, Leandro Porto, Paula Baqueiro, Robson Lapoente Novaes, Rafael Gonet, Sidney Pereira de Souza Junior, Marcos Hokumura Reis, Guilherme Toshihiro Takeishi, Arthur Ferrari Arsuffi, Amanda Flávio de Oliveira, Davi Cordeiro de Souza Chaves, Joaquim Guilherme Rosario Fusco Pessoa de Oliveira, Luiz Guilherme Pantaleão Del Re, Guilherme Peres de Oliveira, João Pedro Valentim Bastos, Lobato Vieira de Moraes, Marcus Vinicius Furtado Coêlho, Victor Santos Rufino e outros.</p><p>Relator: Conselheiro Carlos Jacques Vieira Gomes.</p><p class="assina">Gustavo Augusto Freitas de Lima</p><p class="cargo">Presidente</p>]]></Texto>
  </body>
  <Midias />
</article></xml>