﻿<xml><article id="45708136" name="PORTARIA GPR 566" idOficio="11312737" pubName="DO1" artType="Portaria" pubDate="01/10/2025" artClass="00070:00041:00002:00000:00000:00000:00000:00000:00000:00000:00054:00000" artCategory="Poder Judiciário/Tribunal de Justiça do Distrito Federal e dos Territórios/Presidência" artSize="12" artNotes="" numberPage="244" pdfPage="http://pesquisa.in.gov.br/imprensa/jsp/visualiza/index.jsp?data=01/10/2025&amp;jornal=515&amp;pagina=244" editionNumber="187" highlightType="" highlightPriority="" highlight="" highlightimage="" highlightimagename="" idMateria="23155137">
  <body>
    <Identifica><![CDATA[ PORTARIA GPR Nº 566, DE 25 DE SETEMBRO DE 2025]]></Identifica>
    <Data><![CDATA[]]></Data>
    <Ementa />
    <Titulo />
    <SubTitulo />
    <Texto><![CDATA[<p class="identifica">PORTARIA GPR Nº 566, DE 25 DE SETEMBRO DE 2025</p><p>O PRESIDENTE DO TRIBUNAL DE JUSTIÇA DO DISTRITO FEDERAL E DOS TERRITÓRIOS, no uso de sua competência legal, com fundamento no parágrafo único do artigo 24 da Lei n. 11.416 de 15 de dezembro de 2006, publicada no Diário Oficial da União, Seção 1, de 19 de dezembro de 2006, e em vista do contido no Processo SEI 0033031/2025, Resolve:</p><p>Art. 1º Agregar os valores abaixo relacionados de Cargos em Comissão, nos termos do quadro abaixo:</p><p /><p></p><table><tr /><tr><td rowspan="1" colspan="1"><p>iItem</p></td><td rowspan="1" colspan="1"><p>CCódigo CJ</p></td><td rowspan="1" colspan="1"><p>Nível/Descrição/Localização CJ</p></td><td rowspan="1" colspan="1"><p>Valor</p></td></tr><tr><td rowspan="1" colspan="1"><p>1</p></td><td rowspan="1" colspan="1"><p>6009</p></td><td rowspan="1" colspan="1"><p>CJ-02, de Coordenador da Assessoria de Transcrição, Revisão e Redação - ATRER</p></td><td rowspan="1" colspan="1"><p>R$ 8.822,98</p></td></tr><tr><td rowspan="1" colspan="1"><p>2</p></td><td rowspan="1" colspan="1"><p>5971</p></td><td rowspan="1" colspan="1"><p>CJ-02, de Assessor da Assessoria de Gestão de Metas do 2º Grau - ASGM</p></td><td rowspan="1" colspan="1"><p>R$ 8.822,98</p></td></tr><tr><td rowspan="1" colspan="3"><p>Total</p></td><td rowspan="1" colspan="1"><p>R$17.645,96</p></td></tr></table><p>Art. 2º Utilizar o valor total especificado no artigo 1º para criação dos Cargos em Comissão abaixo relacionados, destinando-os conforme quadro a seguir:</p><p /><p></p><table><tr /><tr><td rowspan="1" colspan="1"><p>iItem</p></td><td rowspan="1" colspan="1"><p>Nível/Descrição/Localização CJ</p></td><td rowspan="1" colspan="1"><p>Valor</p></td></tr><tr><td rowspan="1" colspan="1"><p>1</p></td><td rowspan="1" colspan="1"><p>CJ-03, de Assessor da Assessoria de Gestão de Metas do 2º Grau - ASGM</p></td><td rowspan="1" colspan="1"><p>R$ 10.029,94</p></td></tr><tr><td rowspan="1" colspan="1"><p>2</p></td><td rowspan="1" colspan="1"><p>CJ-01, de Coordenador do Núcleo Permanente de Estatísticas da 2ª Instância - NUREST</p></td><td rowspan="1" colspan="1"><p>R$ 7.143,98</p></td></tr><tr><td rowspan="1" colspan="2"><p>Total</p></td><td rowspan="1" colspan="1"><p>R$ 17.173,92</p></td></tr><tr><td rowspan="1" colspan="2"><p>Saldo</p></td><td rowspan="1" colspan="1"><p>R$ 472,04</p></td></tr></table><p>Art. 3º Remanejar as Funções Comissionadas e o Cargo em Comissão abaixo relacionados, conforme quadro a seguir:</p><p /><p></p><table><tr /><tr><td rowspan="1" colspan="1"><p>iItem</p></td><td rowspan="1" colspan="1"><p>Código FC/CJ</p></td><td rowspan="1" colspan="1"><p>Origem (nível, descrição e localização FC/CJ)</p></td><td rowspan="1" colspan="1"><p>Destino (nível, descrição e localização FC/CJ)</p></td></tr><tr><td rowspan="1" colspan="1"><p>1</p></td><td rowspan="1" colspan="1"><p>5982</p></td><td rowspan="1" colspan="1"><p>FC-05, de Supervisor do Núcleo de Estatísticas da 2ª Instância - NUREST</p></td><td rowspan="1" colspan="1"><p>FC-05 do Núcleo Permanente de Estatísticas da 2ª Instância - NUREST</p></td></tr><tr><td rowspan="1" colspan="1"><p>2</p></td><td rowspan="1" colspan="1"><p>8169</p></td><td rowspan="1" colspan="1"><p>FC-05 do Núcleo de Estatísticas da 2ª Instância - NUREST</p></td><td rowspan="1" colspan="1"><p>FC-05 do Núcleo Permanente de Estatísticas da 2ª Instância - NUREST</p></td></tr><tr><td rowspan="1" colspan="1"><p>3</p></td><td rowspan="1" colspan="1"><p>6012</p></td><td rowspan="1" colspan="1"><p>FC-05 do Núcleo de Estatísticas da 2ª Instância - NUREST</p></td><td rowspan="1" colspan="1"><p>FC-05 do Núcleo Permanente de Estatísticas da 2ª Instância - NUREST</p></td></tr><tr><td rowspan="1" colspan="1"><p>4</p></td><td rowspan="1" colspan="1"><p>8167</p></td><td rowspan="1" colspan="1"><p>CJ-02, da Secretaria Judiciária - SEJU</p></td><td rowspan="1" colspan="1"><p>CJ-02, de Coordenador da Assessoria de Transcrição, Revisão e Redação - ATRER</p></td></tr><tr><td rowspan="1" colspan="1"><p>5</p></td><td rowspan="1" colspan="1"><p>5973</p></td><td rowspan="1" colspan="1"><p>FC-03, da Coordenadoria de Gestão dos Sistemas da 2ª Instância - CGSIS</p></td><td rowspan="1" colspan="1"><p>FC-03 do Núcleo Permanente de Estatísticas da 2ª Instância - NUREST</p></td></tr></table><p>Art.4º Esta Portaria entra em vigor na data de sua publicação.</p><p class="assina">Desembargador WALDIR LEÔNCIO JÚNIOR</p>]]></Texto>
  </body>
  <Midias />
</article></xml>