﻿<xml><article id="45720821" name="PORTARIA 1114" idOficio="11316795" pubName="DO1" artType="Portaria" pubDate="01/10/2025" artClass="00011:00001:00000:00000:00000:00000:00000:00000:00000:00000:00054:00000" artCategory="Ministério das Cidades/Gabinete do Ministro" artSize="24" artNotes="" numberPage="19" pdfPage="http://pesquisa.in.gov.br/imprensa/jsp/visualiza/index.jsp?data=01/10/2025&amp;jornal=515&amp;pagina=19" editionNumber="187" highlightType="" highlightPriority="" highlight="" highlightimage="" highlightimagename="" idMateria="23163040">
  <body>
    <Identifica><![CDATA[ PORTARIA MCID Nº 1.114, DE 26 DE SETEMBRO DE 2025]]></Identifica>
    <Data><![CDATA[]]></Data>
    <Ementa><![CDATA[ Divulga a seleção de proposta do Programa Novo PAC - Mobilidade Urbana, Subeixo Renovação de Frota, setor privado, a ser implementada com recursos do Fundo de Garantia do Tempo de Serviço - FGTS.]]></Ementa>
    <Titulo />
    <SubTitulo />
    <Texto><![CDATA[<p class="identifica">PORTARIA MCID Nº 1.114, DE 26 DE SETEMBRO DE 2025</p><p class="ementa">Divulga a seleção de proposta do Programa Novo PAC - Mobilidade Urbana, Subeixo Renovação de Frota, setor privado, a ser implementada com recursos do Fundo de Garantia do Tempo de Serviço - FGTS.</p><p>O MINISTRO DE ESTADO DAS CIDADES, no uso das atribuições que lhe confere o art. 87, parágrafo único, incisos I e II, da Constituição Federal, e tendo vista o disposto nos arts. 4º e 6º da Lei nº 8.036, de 11 de maio de 1990, no art. 66 do Decreto nº 99.684, de 8 de novembro de 1990, no art. 20 da Lei nº 14.600, de 19 de junho de 2023, e no art. 1º do Anexo I do Decreto nº 12.553, de 14 de julho de 2025, e considerando o constante do processo administrativo SEI nº 80000.008375/2025-13, resolve:</p><p>Art. 1º Tornar pública, na forma do Anexo desta Portaria, a seleção da proposta apresentada pela Empresa Coletivos Boa Vista Ltda., no âmbito do Programa Novo PAC - Mobilidade Urbana, Subeixo Renovação de Frota, setor privado.</p><p>Art. 2º Esta Portaria entra em vigor na data de sua publicação.</p><p class="assina">JADER FONTENELLE BARBALHO FILHO</p><p>ANEXO</p><p>SELEÇÃO NOVO PAC - MOBILIDADE URBANA SUBEIXO RENOVAÇÃO DE FROTA - PRÓ-TRANSPORTE</p><p /><p></p><table><tr /><tr><td rowspan="1" colspan="1"><p>Município</p></td><td rowspan="1" colspan="1"><p>UF</p></td><td rowspan="1" colspan="1"><p>Empresa</p></td><td rowspan="1" colspan="1"><p>CNPJ</p></td><td rowspan="1" colspan="1"><p>Objeto da Proposta</p></td><td rowspan="1" colspan="1"><p>Agente Financeiro</p></td><td rowspan="1" colspan="1"><p>Valor do Financiamento (R$)</p></td></tr><tr><td rowspan="1" colspan="1"><p>Belo Horizonte</p></td><td rowspan="1" colspan="1"><p>MG</p></td><td rowspan="1" colspan="1"><p>Coletivos Boa Vista Ltda.</p></td><td rowspan="1" colspan="1"><p>65.30.864/0001-67</p></td><td rowspan="1" colspan="1"><p>Aquisição de Ônibus para Transporte Público Coletivo Urbano</p></td><td rowspan="1" colspan="1"><p>Banco Mercedes Benz do Brasil S/A</p></td><td rowspan="1" colspan="1"><p>R$ 14.349.750,00</p></td></tr></table>]]></Texto>
  </body>
  <Midias />
</article></xml>