﻿<xml><article id="45724770" name="Res_Desp_2.924_2025_SCE_GOT" idOficio="11317296" pubName="DO1" artType="Despacho" pubDate="01/10/2025" artClass="00035:00043:00032:00003:00000:00000:00000:00000:00000:00000:00024:00000" artCategory="Ministério de Minas e Energia/Agência Nacional de Energia Elétrica/Superintendência de Concessões,  Permissões e Autorizações dos Serviços de Energia Elétrica/Gerência de Outorgas de Transmissão e Distribuição" artSize="12" artNotes="" numberPage="93" pdfPage="http://pesquisa.in.gov.br/imprensa/jsp/visualiza/index.jsp?data=01/10/2025&amp;jornal=515&amp;pagina=93" editionNumber="187" highlightType="" highlightPriority="" highlight="" highlightimage="" highlightimagename="" idMateria="23163726">
  <body>
    <Identifica><![CDATA[ DESPACHO Nº 2.924, DE 26 DE SETEMBRO DE 2025]]></Identifica>
    <Data><![CDATA[]]></Data>
    <Ementa />
    <Titulo />
    <SubTitulo />
    <Texto><![CDATA[<p class="identifica">DESPACHO Nº 2.924, DE 26 DE SETEMBRO DE 2025</p><p>Processo nº: 48500.901819/2023-84. Interessada: Tangará Transmissora de Energia Elétrica S.A., CNPJ nº 45.690.276/0001-87. Decisão: atestar a conformidade das características técnicas do projeto básico das instalações de transmissão objeto do Contrato de Concessão nº 03/2023-ANEEL, elaborado pela Interessada, com as especificações e requisitos técnicos das instalações de transmissão descritas no Anexo I do Contrato de Concessão de Transmissão nº 03/2023-ANEEL. A íntegra deste Despacho consta dos autos e estará disponível em biblioteca.aneel.gov.br.</p><p class="assina">ANDRÉ MEISTER</p><p class="cargo">Gerente de Outorgas</p>]]></Texto>
  </body>
  <Midias />
</article></xml>