﻿<xml><article id="45715936" name="Aut-605_2025" idOficio="11315906" pubName="DO1" artType="Autorização" pubDate="01/10/2025" artClass="00035:00045:00001:00000:00000:00000:00000:00000:00000:00000:00012:00000" artCategory="Ministério de Minas e Energia/Agência Nacional do Petróleo, Gás Natural e Biocombustíveis/Superintendência de Infraestrutura e Movimentação" artSize="12" artNotes="" numberPage="107" pdfPage="http://pesquisa.in.gov.br/imprensa/jsp/visualiza/index.jsp?data=01/10/2025&amp;jornal=515&amp;pagina=107" editionNumber="187" highlightType="" highlightPriority="" highlight="" highlightimage="" highlightimagename="" idMateria="23160864">
  <body>
    <Identifica><![CDATA[ DESPACHO SIM-ANP Nº 605, DE 30 DE SETEMBRO DE 2025]]></Identifica>
    <Data><![CDATA[]]></Data>
    <Ementa />
    <Titulo />
    <SubTitulo />
    <Texto><![CDATA[<p class="identifica">DESPACHO SIM-ANP Nº 605, DE 30 DE SETEMBRO DE 2025</p><p>A SUPERINTENDENTE DE INFRAESTRUTURA E MOVIMENTAÇÃO da AGÊNCIA NACIONAL DO PETRÓLEO, GÁS NATURAL E BIOCOMBUSTÍVEIS - ANP, no uso das atribuições que lhe foram conferidas pela Portaria ANP nº 265, de 10 de setembro de 2020, em cumprimento ao art. 14 da Resolução ANP nº 52, de 2 de dezembro de 2015, tendo em vista o que consta do processo ANP nº 48610.221145/2025-57, resolve:</p><p>Fica disponível o Sumário do Projeto pretendido pela empresa Nova Transportadora do Sudeste S.A - NTS, no Município de São Paulo/SP, referente a Autorização de Construção para realocação de trecho do gasoduto GASPAL I, constante no processo de referência no Sistema Eletrônico de Informações - SEI, a ser acessado em http://www.anp.gov.br/processo-eletronico-sei.</p><p>Todo o processo está disponível para consulta, estando as características principais do projeto resumidas nos documentos de referência SEI nº 5208980, SEI nº 5208981, SEI nº 5208985, SEI nº 5255343 e SEI nº 5310652.</p><p>Os comentários e sugestões devem ser encaminhados à "Superintendência de Infraestrutura e Movimentação" da ANP em até 30 (trinta) dias contados a partir da publicação, com endereçamento à Avenida Rio Branco, 65 - 17º andar, Centro, Rio de Janeiro, RJ, CEP 20090-004, ou através do endereço eletrônico sim@anp.gov.br.</p><p>Informamos que a documentação apresentada pela empresa Nova Transportadora do Sudeste S.A - NTS continua em processo de análise pela ANP e que a publicação do presente despacho não implica autorização prévia outorgada pela ANP.</p><p class="assina">PATRICIA HUGUENIN BARAN</p>]]></Texto>
  </body>
  <Midias />
</article></xml>