﻿<xml><article id="45725351" name="Acordao 647" idOficio="11317378" pubName="DO1" artType="Acórdão" pubDate="01/10/2025" artClass="00041:00020:00000:00000:00000:00000:00000:00000:00000:00000:00002:00000" artCategory="Ministério de Portos e Aeroportos/Agência Nacional de Transportes Aquaviários" artSize="12" artNotes="" numberPage="205" pdfPage="http://pesquisa.in.gov.br/imprensa/jsp/visualiza/index.jsp?data=01/10/2025&amp;jornal=515&amp;pagina=205" editionNumber="187" highlightType="" highlightPriority="" highlight="" highlightimage="" highlightimagename="" idMateria="23163819">
  <body>
    <Identifica><![CDATA[ ACÓRDÃO Nº 647/2025-ANTAQ]]></Identifica>
    <Data><![CDATA[]]></Data>
    <Ementa />
    <Titulo />
    <SubTitulo />
    <Texto><![CDATA[<p class="identifica">ACÓRDÃO Nº 647/2025-ANTAQ</p><p>1. Processo: 50300.016257/2025-33</p><p>2. Interessados: Agência Nacional de Transportes Aquaviários e Superintendência Estadual do Ministério da Saúde em Santa Catarina (SEMS/SC)</p><p>3. Relator: Frederico Dias</p><p>4. Unidade Técnica: Superintendência de Administração e Finanças</p><p>5. Acórdão:</p><p>VISTOS, relatados e discutidos os presentes autos que tratam da proposta de celebração de Acordo de Cooperação Técnica - ACT entre a Agência Nacional de Transportes Aquaviários - ANTAQ e a Superintendência Estadual do Ministério da Saúde em Santa Catarina (SEMS/SC), com vistas à formalização institucional dos atendimentos prestados pela unidade de Subsistema Integrado de Atenção à Saúde do Servidor - SIASS MS/Florianópolis às entidades públicas federais com unidades regionais situadas no estado,</p><p>ACORDAM os Diretores da Agência Nacional de Transportes Aquaviários, reunidos para a Reunião Ordinária de Diretoria Colegiada de nº 595, ante as razões expostas pelo Relator, em:</p><p>5.1. aprovar a proposta de celebração de Acordo de Cooperação Técnica entre a ANTAQ e a Superintendência Estadual do Ministério da Saúde em Santa Catarina (SEMS/SC), conforme ACT/ Ministério da Saúde nº 1/2025 (SEI nº 2627073) e Plano de Trabalho (SEI nº 2627075); e</p><p>5.2. cientificar a Superintendência Estadual do Ministério da Saúde em Santa Catarina (SEMS/SC) acerca da presente decisão.</p><p>6. Data da Reunião: 22 a 24/09/2025 - Virtual.</p><p>7. Especificação do quórum:</p><p>7.1. Diretores presentes: Frederico Dias (Presidente e Relator), Flávia Takafashi, Lima Filho, Alber Vasconcelos e Caio Farias.</p><p class="assina">FREDERICO CARVALHO DIAS</p><p class="cargo">Diretor-Geral</p>]]></Texto>
  </body>
  <Midias />
</article></xml>