﻿<xml><article id="45717278" name="PIN 200420251015a17 (Ordinaria -" idOficio="11316119" pubName="DO1" artType="Pauta" pubDate="01/10/2025" artClass="00028:00015:00002:00103:00000:00000:00000:00000:00000:00000:00053:00000" artCategory="Ministério da Fazenda/Conselho Administrativo de Recursos Fiscais/2ª Seção/Quarta Turma Extraordinária da 2ª Seção" artSize="12" artNotes="" numberPage="60" pdfPage="http://pesquisa.in.gov.br/imprensa/jsp/visualiza/index.jsp?data=01/10/2025&amp;jornal=515&amp;pagina=60" editionNumber="187" highlightType="" highlightPriority="" highlight="" highlightimage="" highlightimagename="" idMateria="23161167">
  <body>
    <Identifica><![CDATA[ PAUTA DE JULGAMENTO]]></Identifica>
    <Data><![CDATA[]]></Data>
    <Ementa />
    <Titulo />
    <SubTitulo />
    <Texto><![CDATA[<p class="identifica">PAUTA DE JULGAMENTO</p><p>Período da Reunião de 15 a 17/10/2025.</p><p>Pauta ordinária de julgamento dos recursos da 4ª Turma Extraordinária da 2ª Seção, em reunião assíncrona, realizada por meio do Plenário Virtual, com duração de 3 (três) dias, tendo início às 9h do dia 15/10/2025 e fim às 23h59min do dia 17/10/2025.</p><p>OBSERVAÇÕES:</p><p>1) Arquivos de sustentação oral e memoriais devem ser postados até cinco dias após a publicação da pauta;</p><p>2) Pedidos de retirada de pauta devem ser enviados até cinco dias após a publicação da pauta;</p><p>3) Serão desconsiderados a sustentação oral e o memorial cujos arquivos transmitidos não atendam à duração e aos requisitos previstos, respectivamente, no art. 11, e no art. 12 da Portaria CARF/MF nº 1.240, de 2 de agosto de 2024; e</p><p>4) A publicidade da reunião será garantida por meio do Sistema de Acompanhamento do Plenário Virtual - SAPVI, com acesso pelo endereço https://sapvi.carf.economia.gov.br/home.</p><p>DIA 15 de Outubro de 2025, ÀS 09:00 HORAS</p><p>Relator(a): LEONAM ROCHA DE MEDEIROS</p><p>1 - Processo nº: 15215.720079/2013-73 - Recorrente: EVANDRO SANTANA e Interessado: FAZENDA NACIONAL</p><p>2 - Processo nº: 11516.721060/2015-61 - Recorrente: FEMEPE EMPREENDIMENTOS E PARTICIPACOES LTDA e Interessado: FAZENDA NACIONAL</p><p>3 - Processo nº: 15504.722644/2015-43 - Recorrente: IRMAOS SANTOS CAVALCANTI SERVICOS E COMERCIO LTDA e Interessado: FAZENDA NACIONAL</p><p>Relator(a): LUDMILA MARA MONTEIRO DE OLIVEIRA</p><p>4 - Processo nº: 10480.722549/2017-11 - Recorrente: M&amp;T SERVICOS DE LAVANDERIA EIRELI e Interessado: FAZENDA NACIONAL</p><p>Relator(a): LEONAM ROCHA DE MEDEIROS</p><p>5 - Processo nº: 10740.720040/2017-18 - Recorrente: MATERIAL DE CONSTRUCAO E &amp; A SPERANDIO LTDA e Interessado: FAZENDA NACIONAL</p><p>6 - Processo nº: 15504.729529/2014-19 - Recorrente: MERCADO DONA AMELIA LTDA e Interessado: FAZENDA NACIONAL</p><p>Relator(a): LUDMILA MARA MONTEIRO DE OLIVEIRA</p><p>7 - Processo nº: 13227.720578/2015-68 - Recorrente: MINERVA INDUSTRIA E COMERCIO DE ALIMENTOS S/A e Interessado: FAZENDA NACIONAL</p><p>8 - Processo nº: 13227.720606/2015-47 - Recorrente: MINERVA INDUSTRIA E COMERCIO DE ALIMENTOS S/A e Interessado: FAZENDA NACIONAL</p><p>Relator(a): LEONAM ROCHA DE MEDEIROS</p><p>9 - Processo nº: 10850.721998/2018-60 - Recorrente: MUNICIPIO DE ICEM e Interessado: FAZENDA NACIONAL</p><p>10 - Processo nº: 10850.722071/2018-47 - Recorrente: MUNICIPIO DE ICEM e Interessado: FAZENDA NACIONAL</p><p>11 - Processo nº: 10850.722158/2015-71 - Recorrente: MUNICIPIO DE ICEM e Interessado: FAZENDA NACIONAL</p><p>12 - Processo nº: 10640.724044/2011-16 - Recorrente: MUNICIPIO DE SAO MIGUEL DO ANTA e Interessado: FAZENDA NACIONAL</p><p>13 - Processo nº: 10280.720451/2011-82 - Recorrente: PORTE ENGENHARIA LTDA e Interessado: FAZENDA NACIONAL</p><p>14 - Processo nº: 10280.721978/2012-13 - Recorrente: PORTE ENGENHARIA LTDA e Interessado: FAZENDA NACIONAL</p><p>15 - Processo nº: 10280.723309/2013-59 - Recorrente: PORTE ENGENHARIA LTDA e Interessado: FAZENDA NACIONAL</p><p class="assina">Liziane Angelotti Meira</p><p class="cargo">Presidente da 4ª Turma Extraordinária da 2ª Seção do CARF</p>]]></Texto>
  </body>
  <Midias />
</article></xml>