﻿<xml><article id="45726217" name="despacho_de_publicacao_108_2025 " idOficio="11317550" pubName="DO1" artType="Despacho" pubDate="01/10/2025" artClass="00047:00048:00008:00000:00000:00000:00000:00000:00000:00000:00024:80108" artCategory="Ministério da Saúde/Agência Nacional de Vigilância Sanitária/Diretoria Colegiada" artSize="12" artNotes="" numberPage="220" pdfPage="http://pesquisa.in.gov.br/imprensa/jsp/visualiza/index.jsp?data=01/10/2025&amp;jornal=515&amp;pagina=220" editionNumber="187" highlightType="" highlightPriority="" highlight="" highlightimage="" highlightimagename="" idMateria="23164292">
  <body>
    <Identifica><![CDATA[ DESPACHO N° 108, DE 30 DE SETEMBRO DE 2025]]></Identifica>
    <Data><![CDATA[]]></Data>
    <Ementa />
    <Titulo />
    <SubTitulo />
    <Texto><![CDATA[<p class="identifica">DESPACHO N° 108, DE 30 DE SETEMBRO DE 2025</p><p>A DIRETORIA COLEGIADA DA AGÊNCIA NACIONAL DE VIGILÂNCIA SANITÁRIA, no uso de suas atribuições, tendo em vista o disposto no art. 204, § 5°, aliado ao art. 187, X, § 1º do Regimento Interno aprovado pela Resolução da Diretoria Colegiada - RDC nº 585, de 10 de dezembro de 2021, e ao art. 17 da Resolução da Diretoria Colegiada - RDC nº 266, de 8 de fevereiro de 2019, e conforme deliberado em reunião realizada por meio do Circuito Deliberativo - 919/2025, de 26 de agosto de 2025, RETIRA O EFEITO SUSPENSIVO do recurso a seguir especificado, mantendo os termos da decisão recorrida até a deliberação recursal, e eu, Diretor-Presidente, determino a sua publicação.</p><p>Recorrente: MDM PHARMA BRASIL SERVIÇOS E DISTRIBUIÇÃO LTDA</p><p>CNPJ: 26.576.246/0001-08</p><p>Expediente(s) do recurso: 0787431/25-7</p><p>Processo nº: 25351.397625/2024-18</p><p class="assina">LEANDRO PINHEIRO SAFATLE</p><p class="cargo">Diretor-Presidente</p>]]></Texto>
  </body>
  <Midias />
</article></xml>