﻿<xml><article id="45719291" name="2025-09-30/11316591/ANMWS_231617" idOficio="11316591" pubName="DO1" artType="Despacho" pubDate="01/10/2025" artClass="00035:00044:00039:00000:00000:00000:00000:00000:00000:00000:00024:00287" artCategory="Ministério de Minas e Energia/Agência Nacional de Mineração/Gerência Regional da ANM no Estado do Rio Grande do Sul" artSize="12" artNotes="" numberPage="104" pdfPage="http://pesquisa.in.gov.br/imprensa/jsp/visualiza/index.jsp?data=01/10/2025&amp;jornal=515&amp;pagina=104" editionNumber="187" highlightType="" highlightPriority="" highlight="" highlightimage="" highlightimagename="" idMateria="23161769">
  <body>
    <Identifica><![CDATA[Despacho]]></Identifica>
    <Data><![CDATA[]]></Data>
    <Ementa />
    <Titulo />
    <SubTitulo />
    <Texto><![CDATA[<p class="identifica">Despacho</p><p class="identifica">Relação nº 287/2025</p><p>Fase de Autorização de Pesquisa</p><p>Concede anuência e autoriza averbação da cessão total de direitos(281)</p><p>810.368/2023-J J AGROMINERAL LTDA.- Cessionário:Israel João Zandoná- CPF ou CNPJ ***.188.780-**- Alvará n°5448/2023</p><p>810.331/2023-J J AGROMINERAL LTDA.- Cessionário:Israel João Zandoná- CPF ou CNPJ ***.188.780-**- Alvará n°7519/2023</p><p>810.629/2021-J J AGROMINERAL LTDA.- Cessionário:Israel João Zandoná- CPF ou CNPJ ***.188.780-**- Alvará n°4414/2023</p><p>Concede anuência e autoriza averbação da cessão parcial de direitos(175)</p><p>811.291/2024-FABIANO ZANONI DE ANDRADE- Alvará n°153/2025 - Cessionario:48052.8105732025-21-Jazida Andrade e Justin Ltda- CPF ou CNPJ 03.379.627/0001-93</p><p>Determina cumprimento de exigência - Prazo 60 dias(250)</p><p>811.067/2017-DARCI FERREIRA DE SOUZA CORDEIRO-OF. N°38021/2025</p><p class="assina">JOSE EDUARDO DA COSTA DUARTE</p><p class="cargo">Gerente Interino</p>]]></Texto>
  </body>
  <Midias />
</article></xml>