﻿<xml><article id="45726562" name="Portaria 4431" idOficio="11317584" pubName="DO1" artType="Portaria" pubDate="01/10/2025" artClass="00016:00001:00000:00000:00000:00000:00000:00000:00000:00000:00054:00000" artCategory="Ministério da Defesa/Gabinete do Ministro" artSize="24" artNotes="" numberPage="33" pdfPage="http://pesquisa.in.gov.br/imprensa/jsp/visualiza/index.jsp?data=01/10/2025&amp;jornal=515&amp;pagina=33" editionNumber="187" highlightType="" highlightPriority="" highlight="" highlightimage="" highlightimagename="" idMateria="23164359">
  <body>
    <Identifica><![CDATA[ PORTARIA GM-MD Nº 4.431, de 30 de setembro de 2025]]></Identifica>
    <Data><![CDATA[]]></Data>
    <Ementa><![CDATA[ Desclassifica Produto de Defesa.]]></Ementa>
    <Titulo />
    <SubTitulo />
    <Texto><![CDATA[<p class="identifica">PORTARIA GM-MD Nº 4.431, de 30 de setembro de 2025</p><p class="ementa">Desclassifica Produto de Defesa.</p><p>O MINISTRO DE ESTADO DA DEFESA, no uso da atribuição que lhe confere o art. 87, parágrafo único, inciso IV, da Constituição Federal, considerando o disposto no Decreto nº 7.970, de 28 de março de 2013, na Portaria GM-MD nº 3.693, de 2 de agosto de 2024, e o que consta do processo administrativo nº 60014.000026/2025-97, resolve:</p><p>Art. 1º Desclassificar, como Produto de Defesa (Prode), o item constante na tabela abaixo:</p><p>46ª Reunião Deliberativa da Comissão Mista da Indústria de Defesa</p><p /><p></p><table><tr /><tr><td rowspan="1" colspan="1"><p>Nº DE ORDEM</p></td><td rowspan="1" colspan="1"><p>NOME EMPRESARIAL</p></td><td rowspan="1" colspan="1"><p>CNPJ</p></td><td rowspan="1" colspan="1"><p>PRODUTO</p></td><td rowspan="1" colspan="1"><p>PORTARIA DE CLASSIFICAÇÃO</p></td></tr><tr><td rowspan="1" colspan="1"><p>1</p></td><td rowspan="1" colspan="1"><p>INACE IATES LTDA</p></td><td rowspan="1" colspan="1"><p>01.179.593/0001-68</p></td><td rowspan="1" colspan="1"><p>MANUTENÇÃO E REPARO DE NAVIOS PATRULHA DE 200 TONELADAS (CLASSE GRAJAÚ)</p></td><td rowspan="1" colspan="1"><p>Portaria GM-MD n° 5.573, de 5 de dezembro de 2024</p></td></tr></table><p>Art. 2° Esta Portaria entra em vigor na data de sua publicação.</p><p class="assina">JOSÉ MUCIO MONTEIRO FILHO</p>]]></Texto>
  </body>
  <Midias />
</article></xml>