﻿<xml><article id="45725293" name="Acordao 645" idOficio="11317378" pubName="DO1" artType="Acórdão" pubDate="01/10/2025" artClass="00041:00020:00000:00000:00000:00000:00000:00000:00000:00000:00002:00000" artCategory="Ministério de Portos e Aeroportos/Agência Nacional de Transportes Aquaviários" artSize="12" artNotes="" numberPage="205" pdfPage="http://pesquisa.in.gov.br/imprensa/jsp/visualiza/index.jsp?data=01/10/2025&amp;jornal=515&amp;pagina=205" editionNumber="187" highlightType="" highlightPriority="" highlight="" highlightimage="" highlightimagename="" idMateria="23163861">
  <body>
    <Identifica><![CDATA[ ACÓRDÃO Nº 645-2025-ANTAQ]]></Identifica>
    <Data><![CDATA[]]></Data>
    <Ementa />
    <Titulo />
    <SubTitulo />
    <Texto><![CDATA[<p class="identifica">ACÓRDÃO Nº 645-2025-ANTAQ</p><p>1. Processo: 50300.011444/2023-69</p><p>2. Interessado: TUP Temadre - Petrobras Transporte S.A. - Transpetro</p><p>3. Relator: Alber Vasconcelos</p><p>4. Unidade Técnica: Superintendência de Fiscalização e Coordenação das Unidades Regionais - SFC</p><p>5. Acórdão:</p><p>VISTOS, relatados e discutidos os presentes autos que tratam de pedido da compromissária, TUP Temadre - Petrobras Transporte S.A., de prorrogação, por 180 dias, do prazo para cumprimento do Termo de Ajuste de Conduta nº 6/2023/URESV/GRERE/SFC, conforme Carta de Solicitação de Prorrogação SEI nº 2630380,</p><p>ACORDAM os Diretores da Agência Nacional de Transportes Aquaviários, reunidos para a Reunião Ordinária de Diretoria Colegiada de nº 595, ante as razões expostas pelo Relator, em:</p><p>5.1. aprovar o pedido da Petrobras Transporte S.A. - Transpetro, inscrita no CNPJ sob o nº 02.709.449/0001-59, para celebração de termo aditivo ao Termo de Ajuste de Conduta nº 6/2023/URESV/GRERE/SFC, referente ao TUP Temadre, com vistas à prorrogação de seu prazo de vigência por 180 (cento e oitenta) dias, conforme a Carta de Solicitação de Prorrogação (SEI nº 2630380); e</p><p>5.2. cientificar a requerente acerca da presente decisão.</p><p>6. Data da Reunião: 22 a 24/09/2025 - Virtual.</p><p>7. Especificação do quórum:</p><p>7.1. Diretores presentes: Frederico Dias (Presidente), Flávia Takafashi, Lima Filho, Alber Vasconcelos (Relator) e Caio Farias.</p><p class="assina">FREDERICO CARVALHO DIAS</p><p class="cargo">Diretor-Geral</p>]]></Texto>
  </body>
  <Midias />
</article></xml>