﻿<xml><article id="45708157" name="DEL 365" idOficio="11314854" pubName="DO1" artType="Deliberação" pubDate="01/10/2025" artClass="00050:00019:00043:00000:00000:00000:00000:00000:00000:00000:00022:00365" artCategory="Ministério dos Transportes/Agência Nacional de Transportes Terrestres/Diretoria Colegiada" artSize="12" artNotes="" numberPage="238" pdfPage="http://pesquisa.in.gov.br/imprensa/jsp/visualiza/index.jsp?data=01/10/2025&amp;jornal=515&amp;pagina=238" editionNumber="187" highlightType="" highlightPriority="" highlight="" highlightimage="" highlightimagename="" idMateria="23159266">
  <body>
    <Identifica><![CDATA[ Deliberação ANTT Nº 365, DE 26 DE SETEMBRO DE 2025]]></Identifica>
    <Data><![CDATA[]]></Data>
    <Ementa />
    <Titulo />
    <SubTitulo />
    <Texto><![CDATA[<p class="identifica">Deliberação ANTT Nº 365, DE 26 DE SETEMBRO DE 2025</p><p>A Diretoria Colegiada da Agência Nacional de Transportes Terrestres - ANTT, no uso de suas atribuições, fundamentada no Voto DFQ - 144, de 22 de setembro de 2025, e no que consta do processo nº 50500.017775/2025-18, delibera:</p><p>Art. 1º Fica aprovado o 5º Termo Aditivo ao Contrato do Edital de Concessão nº 001/2023, celebrado entre a ANTT e Via Araucária Concessionária de Rodovias S.A., tendo por objetivo a padronização da aplicação da Reclassificação Tarifária na hipótese de entrega de obras de determinado trecho homogêneo.</p><p>Art. 2º As alterações não acarretam em reequilíbrio econômico-financeiro da Tarifa de Pedágio do Contrato do Edital de Concessão nº 01/2023.</p><p>Art. 3º Esta Deliberação entra em vigor na data de sua publicação.</p><p class="assina">GUILHERME THEO SAMPAIO</p><p class="cargo">Diretor-Geral</p>]]></Texto>
  </body>
  <Midias />
</article></xml>