﻿<xml><article id="45712517" name="03_CP37_2025" idOficio="11315229" pubName="DO1" artType="Ato" pubDate="01/10/2025" artClass="00014:00019:00016:00056:00001:00000:00000:00000:00000:00000:00006:00000" artCategory="Ministério das Comunicações/Agência Nacional de Telecomunicações/Superintendência de Outorga e Recursos à Prestação/Gerência de Espectro, Órbita e Radiodifusão/Coordenação de Processo de Administração de Planos Básicos de Radiodifusão" artSize="12" artNotes="" numberPage="20" pdfPage="http://pesquisa.in.gov.br/imprensa/jsp/visualiza/index.jsp?data=01/10/2025&amp;jornal=515&amp;pagina=20" editionNumber="187" highlightType="" highlightPriority="" highlight="" highlightimage="" highlightimagename="" idMateria="23159772">
  <body>
    <Identifica><![CDATA[ CONSULTA PÚBLICA Nº 37, DE 22 DE SETEMBRO DE 2025]]></Identifica>
    <Data><![CDATA[]]></Data>
    <Ementa />
    <Titulo />
    <SubTitulo />
    <Texto><![CDATA[<p class="identifica">CONSULTA PÚBLICA Nº 37, DE 22 DE SETEMBRO DE 2025</p><p>O SUPERINTENDENTE DE OUTORGA E RECURSOS À PRESTAÇÃO DA AGÊNCIA NACIONAL DE TELECOMUNICAÇÕES, no uso das atribuições que lhe foram conferidas pelo art. 156 do Regimento Interno, aprovado pela Resolução nº 612, de 29 de abril de 2013, e pelo art. 67 do Regulamento da Agência Nacional de Telecomunicações, aprovado pelo Decreto nº 2.338, de 7 de outubro de 1997, submete a comentários e sugestões do público geral, constante dos autos do processo nº 53500.078885/2025-44, proposta de Alteração nos Planos Básicos de Distribuição de Canais de Radiodifusão.</p><p>As propostas de inclusão e de alteração de canais em Planos Básicos visam tão somente avaliar a viabilidade técnica de canais de Radiodifusão, que, ou já foram outorgados, ou serão objeto de novas outorgas a serem realizadas pelo Ministério das Comunicações. Consequentemente, o que se pretende com esta Consulta Pública é simplesmente verificar se as alterações propostas provocam interferência em canais de outros prestadores de serviço, que, nesse caso, devem se manifestar.</p><p>Desta forma, a Consulta Pública em tela não se refere a iniciativa de cunho normativo e, por isso, não está vinculada ao disposto na Lei 13.848, de 25 de junho de 2019 e no Decreto nº 10.411, de 30 de junho de 2020, que expressamente se aplicam a Atos normativos expedidos pela Anatel, sendo, portanto, despiciendo a atendimento do prazo para consulta pública e a elaboração de Análise de Impacto Regulatório previstos nos citados dispositivos.</p><p>O texto completo da proposta estará disponível na Biblioteca da Anatel, no endereço subscrito e na página da Anatel na Internet, no endereço eletrônico https://apps.anatel.gov.br/ParticipaAnatel/Home.aspx, a partir das 14h da data da publicação desta Consulta Pública no Diário Oficial da União.</p><p>As contribuições e sugestões fundamentadas e devidamente identificadas devem ser encaminhadas por meio do formulário eletrônico do Sistema Interativo Participa, de Consulta Pública, indicado no parágrafo anterior, relativo a esta Consulta Pública, até às 23 horas e 59 minutos do décimo dia da publicação do seu extrato no Diário Oficial da União.</p><p class="assina">Vinicius Oliveira Caram Guimarães</p>]]></Texto>
  </body>
  <Midias />
</article></xml>