﻿<xml><article id="45718649" name="DECISAO SUROD 1.155" idOficio="11316473" pubName="DO1" artType="Decisão" pubDate="01/10/2025" artClass="00050:00019:00051:00000:00000:00000:00000:00000:00000:00000:00018:00000" artCategory="Ministério dos Transportes/Agência Nacional de Transportes Terrestres/Superintendência de Infraestrutura Rodoviária" artSize="12" artNotes="" numberPage="238" pdfPage="http://pesquisa.in.gov.br/imprensa/jsp/visualiza/index.jsp?data=01/10/2025&amp;jornal=515&amp;pagina=238" editionNumber="187" highlightType="" highlightPriority="" highlight="" highlightimage="" highlightimagename="" idMateria="23161608">
  <body>
    <Identifica><![CDATA[ DECISÃO SUROD Nº 1.155, DE 25 DE SETEMBRO DE 2025]]></Identifica>
    <Data><![CDATA[]]></Data>
    <Ementa />
    <Titulo />
    <SubTitulo />
    <Texto><![CDATA[<p class="identifica">DECISÃO SUROD Nº 1.155, DE 25 DE SETEMBRO DE 2025</p><p>O Superintendente de Infraestrutura Rodoviária da Agência Nacional de Transportes Terrestres - ANTT, no uso de suas atribuições, conforme disposto no art. 32 da Resolução ANTT nº 5.976/2022, de 07/04/2022, no art. 142 da Resolução ANTT nº 6.000/2022, de 01/12/2022, e no que consta do Processo nº 50505.127441/2024-21, decide:</p><p>Art. 1º Autorizar o início de execução da obra de implantação de rotatória em nível (retorno) no km 255+950 (km projeto) / km 256+500 (km rodovia) da Rodovia BR-101/SC (item PER 2), referente ao item 3.2.1.2 do Programa de Exploração da Rodovia - PER do Contrato do Edital de Concessão nº 02/2019 da Concessionária Catarinense de Rodovias S.A - ViaCosteira, CNPJ nº 36.763.716/0001-98.</p><p>Art. 2º A obra em questão faz parte do item 3.2.1.2 - Obras de Melhorias do Programa de Exploração da Rodovia - PER do Contrato do Edital de Concessão nº 02/2019 e possui previsão de conclusão até o 6º ano de concessão (06/08/2026).</p><p>Art. 3º Esta Decisão entra em vigor na data de sua publicação.</p><p class="assina">FERNANDO DE FREITAS BEZERRA</p>]]></Texto>
  </body>
  <Midias />
</article></xml>