﻿<xml><article id="45714814" name="DESPACHO NA 1 - 30.09.2025" idOficio="11315691" pubName="DO1" artType="Despacho" pubDate="01/10/2025" artClass="00025:00046:00004:00001:00000:00000:00000:00000:00000:00000:00024:00000" artCategory="Ministério da Educação/Secretaria de Regulação e Supervisão da Educação Superior/Diretoria de Política Regulatória/Coordenação-Geral de Certificação de Entidades Beneficentes de Assistência Social" artSize="12" artNotes="" numberPage="54" pdfPage="http://pesquisa.in.gov.br/imprensa/jsp/visualiza/index.jsp?data=01/10/2025&amp;jornal=515&amp;pagina=54" editionNumber="187" highlightType="" highlightPriority="" highlight="" highlightimage="" highlightimagename="" idMateria="23160594">
  <body>
    <Identifica><![CDATA[ DESPACHO SERES/MEC Nº 1, DE 30 DE SETEMBRO DE 2025]]></Identifica>
    <Data><![CDATA[]]></Data>
    <Ementa />
    <Titulo />
    <SubTitulo />
    <Texto><![CDATA[<p class="identifica">DESPACHO SERES/MEC Nº 1, DE 30 DE SETEMBRO DE 2025</p><p>Processo nº 23000.016389/2021-43</p><p>O COORDENADOR-GERAL DA CERTIFICAÇÃO DE ENTIDADES BENEFICENTES DE ASSISTÊNCIA SOCIAL (CEBAS), no uso das atribuições que lhe foram conferidas pela Portaria nº 469, de 24 de junho de 2015, publicada no Diário Oficial da União, de 25 de junho de 2015, e considerando o disposto no art. 26 da Lei nº 12.101, de 27 de novembro de 2009, e no art. 14, § 4º, do Decreto nº 8.242, de 23 de maio de 2014, resolve:</p><p>Art. 1º Abrir consulta pública para manifestação da sociedade civil acerca do processo que se encontra em fase recursal contra decisão de indeferimento da Certificação de Entidades Beneficentes de Assistência Social (CEBAS), referentes à entidade Associação Beneficente Coração de Cristo, CNPJ nº 15.240.878/0001-71, conforme autos do processo nº 23000.016389/2021-43.</p><p>Art. 2º A consulta pública permanecerá aberta pelo prazo de 15 dias, conforme previsão do §4º do art. 14 do Decreto nº 8.242/2014.</p><p>Art. 3º A manifestação da sociedade civil deverá ser efetivada diretamente com o Ministério da Educação (MEC), por intermédio do endereço eletrônico https://www.gov.br/pt-br/servicos/protocolar-documento-junto-ao-ministerio-da-educacao-mec, informando, no campo "assunto", o número do Processo.</p><p class="assina">ALEXANDRE AUGUSTO SILVA</p>]]></Texto>
  </body>
  <Midias />
</article></xml>