﻿<xml><article id="45724914" name="5.621 5.622 5.623" idOficio="11317312" pubName="DO1" artType="Portaria" pubDate="01/10/2025" artClass="00033:00052:00005:00003:00002:00646:00000:00000:00000:00000:00054:00000" artCategory="Ministério da Justiça e Segurança Pública/Secretaria Nacional de Justiça/Departamento de Migrações/Coordenação-Geral de Política Migratória/Coordenação de Processos Migratórios/Divisão de Naturalização, Nacionalidade e Apatridia" artSize="12" artNotes="" numberPage="87" pdfPage="http://pesquisa.in.gov.br/imprensa/jsp/visualiza/index.jsp?data=01/10/2025&amp;jornal=515&amp;pagina=87" editionNumber="187" highlightType="" highlightPriority="" highlight="" highlightimage="" highlightimagename="" idMateria="23163753">
  <body>
    <Identifica><![CDATA[ PORTARIA Nº 5.621, DE 30 DE SETEMBRO DE 2025]]></Identifica>
    <Data><![CDATA[]]></Data>
    <Ementa />
    <Titulo />
    <SubTitulo />
    <Texto><![CDATA[<p class="identifica">PORTARIA Nº 5.621, DE 30 DE SETEMBRO DE 2025</p><p>A COORDENADORA DE PROCESSOS MIGRATÓRIOS, no uso da competência delegada pela Portaria nº 623 de 13 de novembro de 2020, publicada no Diário Oficial da União, de 17 de novembro de 2020, resolve:</p><p>CONCEDER a nacionalidade brasileira, por naturalização, às pessoas abaixo relacionadas, nos termos do art. 12, II, "a", da Constituição Federal de 1988, e em conformidade com o art. 65 da Lei nº 13.445, de 24 de maio de 2017, regulamentada pelo Decreto nº 9.199/2017, de 20 de novembro de 2020, a fim de que possam gozar dos direitos outorgados pela Constituição e leis do Brasil:</p><p>AISHA NAAL - B057548-L, natural da Síria, nascida em 1 de agosto de 2001, filha de Tawfik Naal e de Ahed Noah, residente no estado de Santa Catarina (Processo nº 235881.0646662/2025);</p><p>ALEJANDRO DARIO CENTENO - F284917-4, natural da Venezuela, nascido em 19 de outubro de 1973, filho de Mireya Centeno Hernandez, residente no estado do Rio Grande do Sul (Processo nº 235881.0646890/2025);</p><p>ALFREDO IVAN MEDERICO SANCHEZ - F068040-E, natural da Venezuela, nascido em 21 de novembro de 1977, filho de Efrain Oswaldo Mederico Pino e de Luisa Elena Sanchez de Mederico, residente no estado do Rio Grande do Sul (Processo nº 235881.0619794/2025);</p><p>ALI HASSAN - F176111-E, natural do Paquistão, nascido em 25 de junho de 2008, filho de Tariq Hussain Butt e de Tahira Tariq, residente no Distrito Federal (Processo nº 235881.0639243/2025);</p><p>ALINA ALBERTOVNA AKHMETZIANOVA - G439011-Z, natural da Rússia, nascida em 2 de setembro de 1987, filha de Akhmetzianov Albert Faatovich e de Akhmetzianova Natalia Nikolaevna, residente no estado de São Paulo (Processo 235881.0442912/2023);</p><p>ALIOU DRAME - F129219-9, natural do Senegal, nascido em 10 de julho de 1979, filho de Samba Drame e de Fady Cisse, residente no estado de Alagoas (Processo nº 235881.0645900/2025);</p><p>ALLE LO - G348794-K, natural do Senegal, nascido em 5 de setembro de 1967, filho de Yousso Lo e de Magatte Diop, residente no estado do Rio Grande do Sul (Processo nº 235881.0647415/2025);</p><p>ALVARO MUSTELIER GOMEZ - V972678-K, natural de Cuba, nascido em 4 de outubro de 1978, filho de Alvaro Mustelier Carrion e de Olivia Gomez William, residente no estado do Rio Grande do Sul (Processo nº 235881.0626106/2025);</p><p>ANGEL JUNIS PEREZ FLORES - V994043-4, natural de Cuba, nascido em 20 de agosto de 1968, filho de Nelson Perez Samon e de Delis Belkis Flores Rodriguez, residente no estado da Bahia (Processo nº 235881.0646032/2025);</p><p>ANGELA BELLANGE SINO - V853640-M, natural do Haiti, nascida em 14 de fevereiro de 1982, filha de Lefils Bellange e de Elida Die, residente no estado do Paraná (Processo nº 235881.0635139/2025);</p><p>BENOIT DERVIL ARAUJO - G227776-9, natural do Haiti, nascido em 15 de setembro de 1973, filho de Jeudilia Pierre e de Jean Claude Dervil, residente no Estado do Paraná (Processo nº 235881.0628413/2025);</p><p>BETZABETH TORREALBA BALZA - F010136-Y, natural da Venezuela, nascida em 29 de maio de 1973, filha de Mamerto Ramon Torrealba e deMaria Fernada Balza de Torrealba, residente no estado da Bahia (Processo nº 235881.0623856/2025);</p><p>CHOUROUK AWALE - G177280-F, natural do Líbano, nascida em 12 de junho de 1997, filha de Houssein Mohamad Awale e de Nesrin Ali Rida, residente no estado do Paraná (Processo 235881.0389682/2023);</p><p>DAFNE ESTEFANIA MUNOZ RODRIGUEZ - F065852-R, natural da Venezuela, nascida em 17 de dezembro de 2000, filha de Marisela Del Valle Rodriguez Briceno e de Edgar Alexander Munoz Maestre, residente no estado do Mato Grosso do Sul (Processo nº 235881.0622386/2025);</p><p>DARBEL PENA JARDINES - V972220-U, natural de Cuba, nascido em 16 de novembro de 1963, filho de Sigifredo Pena Gongora e de Maria Luisa Jardines Laurencio, residente no estado de Alagoas (Processo nº 235881.0638637/2025);</p><p>ELBIO CENEN CUNA TECHERA - V454791-O, natural do Uruguai, nascido(a) em 21 de fevereiro de 1978, filho(a) de Cleomar Cuna e de Nair Techera, residente no estado do Rio Grande do Sul (Processo 235881.0472513/2024);</p><p>ELIAS ISAAC SALAS CONTRERAS - G389043-0, natural da Venezuela, nascido em 22 de junho de 1987, filho de Juan Elias Salas Olivares e de Olvis Omaira Contreras Contreras, residente no estado de São Paulo (Processo 235881.0566758/2024);</p><p>ELIF CEKIC - V827051-2, natural da Turquia, nascida em 1 de janeiro de 1987, filha de NAZIM MICOOGULLARI e de NAZLIYE MICOOGULLARI, residente no estado de São Paulo (Processo 235881.0439541/2023)</p><p>ESTERVIL ARISTHERNE - G403989-A, natural do Haiti, nascido em 23 de dezembro de 1992, filho de Emmanuel Aristherne e de Marie Celicia Themilus, residente no estado do Paraná (Processo nº 235881.0620460/2025);</p><p>FEGUEL DIMANCHE - G207801-E, natural do Haiti, nascido em 11 de fevereiro de 1989, filho de Faril Antilme Dimanche e de Sainte Helene Bazelais, residente no estado do Paraná (Processo nº 235881.0629882/2025);</p><p>FERNANDO GABRIEL VAZQUEZ - F345395-K, natural da Argentina, nascido em 8 de setembro de 1985, filho de Julio Cesar Vazquez e de Olga Noemi Picco, residente no estado do Ceará (Processo nº 235881.0620594/2025);</p><p>HAYDEE GABRIELA TRIGO ALFARO - V774584-X, natural da Bolívia, nascida em 7 de julho de 1986, filha de Remberto Trigo Castro e de Delia Marina Alfaro Lazo, residente no estado de São Paulo (Processo 235881.0567507/2024);</p><p>HESHAM ABDELMAGEED MAHMOUD FARAG - F862337-2, natural do Egito, nascido(a) em 15 de julho de 1987, filho(a) de Abdelmageed Mahmoud Farag e de Hanan Mohamed Fahmy Kahk, residente no estado do Espírito Santo (Processo nº 235881.0530509/2024);</p><p>HUGO EMANUEL FARIAS DA SILVA - G142929-U, natural de Portugal, nascido em 19 de dezembro de 1984, filho de Jose Lis Matos Ferreira Silva e de Maria Jose Carrola Farias da Silva, residente no estado da Paraíba (Processo 235881.0533882/2024);</p><p>HUMBERTO SOTO ARMAND - G061501-V, natural de Cuba, nascido em 15 de junho de 1971, filho de Humberto Soto Villavicencio e de Georgina Armand Portuondo, residente no estado de São Paulo (Processo 235881.0361642/2023);</p><p>JEAN DAVID CHERY - V701477-H, natural do Haiti, nascido em 28 de novembro de 1984, filho de Gerson Chery e de Roselene Alexandre, residente no estado do Rio Grande do Sul (Processo nº 235881.0647230/2025);</p><p>JENNIFER LISBETH REYES DE MEDERICO - F067477-1, natural da Venezuela, nascida em 19 de abril de 1983, filha de Paulo de La Cruz Reyes e de Noris Marina Santamaria de Reyes, residente no estado do Rio Grande do Sul (Processo nº 235881.0633135/2025);</p><p>JESSICA GIULIANA CORRALES ESCATE - V925512-W, natural do Peru, nascido(a) em 10 de janeiro de 1984, filha de Juan Corrales Gallegos e de Aida Maria Escate Escate, residente no estado de São Paulo (Processo 235881.0443732/2023);</p><p>JOAO RAIMUNDO KUSSEMA ANTONIO - G149415-Q, natural da Angola, nascido(a) em 27 de julho de 1992, filho(a) de MANUEL JOAQUIM ANTONIO e de FLORETA EYALA KUSSEMA ANTONIO, residente no estado de São Paulo (Processo 235881.0439559/2023)</p><p>JONATHAN MIGUEL SILVA SOSA - F052325-Y, natural da Venezuela, nascido em 21 de janeiro de 1997, filho de Miguel Oracio Silva e de Dalila Del Carmen Sosa Barrios, residente no estado do Paraná (Processo nº 235881.0620835/2025);</p><p>JOSEPH VILSON PIERRE LOUIS - G455636-3, natural do Haiti, nascido(a) em 2 de setembro de 1978, filho(a) de Vilfrance Pierre Louis e de Julane Cesaire, residente no estado de São Paulo (Processo nº 235881.0519677/2024);</p><p>KETIRA CASTOR FRANCOIS - F371175-0, natural do Haiti, nascida em 8 de abril de 1992, filha de Meliza Norame e de Monapy Castor, residente no estado do Paraná (Processo nº 235881.0628170/2025);</p><p>KHALED UDDIN - G164908-G, natural de Bangladesh, nascido(a) em 12 de maio de 1982, filho(a) de Abdul Korim e de Kulsuma Begum, residente no Distrito Federal (Processo 235881.0415593/2023);</p><p>KIMBERLEY RHODESIA VALENTINA PARRA LEDEZMA - G455924-Z, natural da Venezuela, nascida em 12 de maio de 1985, filha de Deyanira Roraima Parra Ledezma, residente no estado do Paraná (Processo nº 235881.0623777/2025);</p><p>KUDIYAR TOKTAROV - F822489-3, natural do Cazaquistão, nascido em 6 de fevereiro de 1982, filho de Askar Toktarov e de Kamila Toktarova, residente no estado do Paraná (Processo nº 235881.0620359/2025);</p><p>LINA MARCELA GARNICA GOMEZ - V961481-D, natural da Colômbia, nascida em 28 de novembro de 1988, filha de Jorge Alberto Garnica Barrero e de Sandra Rocio Gomez, residente no estado de São Paulo (Processo 235881.0541069/2024);</p><p>LIUBOV OLEGOVNA ZHAVORONKOVA - V744622-W, natural da Rússia, nascida em 10 de agosto de 1987, filha de Oleg Vladimirovitch Zhavoronkov e de Alla Borisovna Zhavoronkova, residente no estado de Santa Catarina (Processo nº 235881.0620826/2025);</p><p>MARWA AWDI - G454539-6, natural do Líbano, nascido em 1 de julho de 1997, filho de Mohamad Awdi e de Nahida Aboud, residente no estado do Mato Grosso do Sul (Processo nº 235881.0620346/2025);</p><p>MBENE NIANG - F938190-O, natural do Senegal, nascida em 9 de outubro de 2003, filha de Sokhna Gueye e de Mor Niang, residente no estado do Rio Grande do Sul (Processo nº 235881.0629001/2025);</p><p>MICHELLE ZAIDELY MALDONADO NAVARRO - F336292-V, natural da Venezuela, nascida em 26 de outubro de 2006, filha de Marianela de Jesus Navarro Casadiego e de Gen Michel Maldonado Palma, residente no Estado do Paraná (Processo nº 235881.0628294/2025);</p><p>MIGUEL ANTONIO MEZONES HUERTA - V835948-X, natural da Venezuela, nascido em 12 de abril de 1977, filho de Miguel Angel Mezones Cordeiro e de Esther Maria Huerta Rodriguez, residente no estado do Ceará (Processo nº 235881.0614459/2025);</p><p>MISDIEL ALMAGUER JIMENEZ - F331914-B, natural de Cuba, nascido(a) em 20 de janeiro de 1993, filho(a) de Silvio Almaguer Artiaga e de Meraris Jimenez Perez, residente no estado do Rio de Janeiro (Processo nº 235881.0487142/2024);</p><p>NDEYE SENE - F695993-N, natural do Senegal, nascida em 13 de agosto de 2003, filha de Coumba Sene e de Bathie Sene, residente no Estado do Paraná (Processo nº 235881.0626991/2025);</p><p>NICSON ARISTOR - G095059-J, natural do Haiti, nascido em 20 de maio de 1991, filho de Marline Aristor, residente no estado de São Paulo (Processo 235881.0438093/2023);</p><p>OMRAN SHAABAN - B119590-T, natural da Síria, nascido em 3 de janeiro de 1992, filho de Nazir Shaaban e de Seham Othman, residente no estado de Santa Catarina (Processo nº 235881.0645825/2025);</p><p>PATRICK NZERIBE ANI - F380192-Z, natural da Nigéria, nascido em 8 de agosto de 1986, filho de Ani Laurence e de Any Mary, residente no estado de São Paulo (Processo 235881.0572289/2024);</p><p>PAVEL LISOVTSOV - B049936-8, natural da Rússia, nascido em 8 de fevereiro de 1985, filho de Andrey Lisovtsov e de Svetlana Lisovtsova residente no estado de Goiás (Processo nº 235881.0638608/2025);</p><p>PRISCA CYRIAQUE - F228392-U, natural do Haiti, nascida em 13 de abril de 1984, filha de Iranie Olizair e de Yvon Cyriaque, residente no estado do Paraná (Processo nº 235881.0629290/2025);</p><p>RENEL CASIMIR - G207186-5, natural do Haiti, nascido em 24 de junho de 1979, filho de Solette Saintyl e de Rene Casimir, residente no estado do Paraná (Processo nº 235881.0629874/2025);</p><p>ROBERTO CARLOS SALGUERO MOSCOSO - V597749-E, natural da Guatemala, nascido em 18 de maio de 1983, filho de Engner Salgueiro Ardón e de Zoila Marina Moscoso de Paz, residente no estado de São Paulo (Processo 235881.0574559/2024);</p><p>SALIOU FAYE - V614985-L, natural do Senegal, nascido em 13 de setembro de 1978, filho de Fatou Mbengue e de Djibril Faye, residente no estado do Rio Grande do Sul (Processo nº 235881.0628663/2025);</p><p>SENTANA JEAN - G109711-9, natural do Haiti, nascido(a) em 21 de outubro de 1982, filho(a) de Chalmagne Jean e de Sultane Jean Lui, residente no estado de São Paulo (Processo 235881.0444275/2023);</p><p>SERGIO BELLECHASSE LISSABET - F339895-N, natural de Cuba, nascido em 17 de outubro de 1957, filho de Sergio Bellechasse Jimenez e de Ana Rosa Lissabet Llorente, residente no estado do Paraná (Processo 235881.0539917/2024);</p><p>VALERIA CAROLINA LUNAR FERNANDEZ - F219098-V, natural da Venezuela, nascida em 23 de setembro de 2003, filha de Romina Isabel Fernandez Vasquez e de Ripken Junior Lunar Larez, residente no estado do Rio Grande do Sul (Processo nº 235881.0630113/2025);</p><p>VALSON FILEUS - F627224-S, natural do Haiti, nascido em 21 de agosto de 1995, filho de Servilus Fileus e de Idelcia Cadet, residente no estado do Rio Grande do Sul (Processo nº 235881.0628745/2025);</p><p>VLADIMIR KHASANBIEVICH SHEOZHEV - B054650-8, natural da Rússia, nascido em 29 de agosto de 1983, filho de Khasanbi Vladimirovich Sheozhev e de Rozitta Liutovna Zhambekova, residente no estado de Santa Catarina (Processo nº 235881.0620350/2025);</p><p>YLDONA JEAN CHARLES - F055583-Y, natural do Haiti, nascido em 8 de outubro de 1995, filho de Desulia Optena e de Medoma Jean Charles, residente no estado do Rio Grande do Sul (Processo nº 235881.0630128/2025);</p><p>YURI PERROTTI - F368285-0, natural da Itália, nascido em 8 de maio de 1983, filho de Corrado Perrotti e de Maria Teresa Sibilla, residente no estado da Bahia (Processo nº 235881.0636323/2025);</p><p>As pessoas referidas nesta Portaria deverão comparecer perante a Justiça Eleitoral para o devido cadastramento, nos termos do art. 231 do Decreto nº 9.199/2017, que regulamenta a Lei nº 13.445/2017.</p><p class="assina">SANDRA MARIA MENDES ADJAFRE SINDEAUX</p><p class="identifica">PORTARIA Nº 5.622, DE 30 DE SETEMBRO DE 2025</p><p>A COORDENADORA DE PROCESSOS MIGRATÓRIOS, no uso da competência delegada pela Portaria nº 623 de 13 de novembro de 2020, publicada no Diário Oficial da União, de 17 de novembro de 2020, resolve:</p><p>CONCEDER a nacionalidade brasileira, por naturalização, à pessoa abaixo relacionada, nos termos do art. 12, II, "b", da Constituição Federal de 1988, e em conformidade com o art. 67 da Lei nº 13.445, de 24 de maio de 2017, regulamentada pelo Decreto nº 9.199/2017, de 20 de novembro de 2020, a fim de que possam gozar dos direitos outorgados pela Constituição e leis do Brasil:</p><p>NEIL GRANT VENTER - W032601-N, natural da África do Sul, nascido em 16 de março de 1973, filho de Gordon Trevor Venter e de Storm Nunes Da Silva, residente no estado do Rio de Janeiro (Processo 235881.0558460/2024).</p><p>A pessoa referida nesta Portaria deverá comparecer perante a Justiça Eleitoral para o devido cadastramento, nos termos do art. 231 do Decreto nº 9.199/2017, que regulamenta a Lei nº 13.445/2017.</p><p class="assina">SANDRA MARIA MENDES ADJAFRE SINDEAUX</p><p class="identifica">PORTARIA Nº 5.623, DE 30 DE SETEMBRO DE 2025</p><p>A COORDENADORA DE PROCESSOS MIGRATÓRIOS, no uso da competência delegada pela Portaria nº 623 de 13 de novembro de 2020, publicada no Diário Oficial da União, de 17 de novembro de 2020: resolve:</p><p>CONCEDER a nacionalidade brasileira, por Naturalização Provisória, à pessoa abaixo relacionada, nos termos do art. 12, inciso II, alínea "a", da Constituição Federal de 1988, e em conformidade com o art. 70 da Lei nº 13.445, de 24 de maio de 2017, regulamentada pelo Decreto nº 9.199/2017, de 20 de novembro de 2020, a fim de que possa gozar dos direitos outorgados pela Constituição e leis do Brasil, até 2 (dois) anos após atingir a maioridade, nos termos do Parágrafo único do referido artigo:</p><p>JOVENTHA CORIOLAN - F964968-0, natural do Haiti, nascida em 9 de fevereiro de 2016, filha de Jean Michee Coriolan e de Joelna Mervil, residente no estado do Paraná (Processo nº 235881.0620670/2025).</p><p class="assina">SANDRA MARIA MENDES ADJAFRE SINDEAUX</p>]]></Texto>
  </body>
  <Midias />
</article></xml>