﻿<xml><article id="45725681" name="PA 17917-GTOM-SPO" idOficio="11317433" pubName="DO1" artType="Portaria" pubDate="01/10/2025" artClass="00041:00019:00035:00003:00002:00000:00000:00000:00000:00000:00054:00000" artCategory="Ministério de Portos e Aeroportos/Agência Nacional de Aviação Civil/Superintendência de Padrões Operacionais/Gerência de Certificação de Aeronavegabilidade Continuada/Gerência Técnica de Certificação de Organizações de Manutenção" artSize="12" artNotes="" numberPage="200" pdfPage="http://pesquisa.in.gov.br/imprensa/jsp/visualiza/index.jsp?data=01/10/2025&amp;jornal=515&amp;pagina=200" editionNumber="187" highlightType="" highlightPriority="" highlight="" highlightimage="" highlightimagename="" idMateria="23163998">
  <body>
    <Identifica><![CDATA[ PORTARIA Nº 17.917, DE 21 DE SETEMBRO DE 2025]]></Identifica>
    <Data><![CDATA[]]></Data>
    <Ementa />
    <Titulo />
    <SubTitulo />
    <Texto><![CDATA[<p class="identifica">PORTARIA Nº 17.917, DE 21 DE SETEMBRO DE 2025</p><p>O GERENTE TÉCNICO DE CERTIFICAÇÃO DE ORGANIZAÇÕES DE MANUTENÇÃO, no uso das atribuições que lhe conferem o art. 22, inciso IV, da Portaria nº 16.164/SPO, de 7 de janeiro de 2025, e tendo em vista o disposto no Regulamento Brasileiro da Aviação Civil - RBAC nº 145, e na Lei nº 7565, de 19 de dezembro de 1986, e considerando o que consta do processo nº 00058.042632/2025-41, resolve:</p><p>Art. 1º Tornar pública a emissão do Certificado de Organização de Manutenção nº 202509-01/ANAC, emitido em 21 de setembro de 2025, em favor da organização de manutenção de produto aeronáutico ALFA MANUTENÇÃO DE AERONAVES LTDA., CNPJ nº 60.317.438/0001-20).</p><p>Art. 2º 2º As informações presentes no Certificado e o inteiro teor das Especificações Operativas encontram-se disponíveis no sítio da ANAC na rede mundial de computadores, endereço: https://www.gov.br/anac/pt-br/assuntos/regulados/organizacoes-de-manutencao/painel145.</p><p>Art. 3º Esta Portaria entra em vigor na data de sua publicação.</p><p class="assina">JOSÉ AFFONSO MOREIRA PENNA</p>]]></Texto>
  </body>
  <Midias />
</article></xml>