﻿<xml><article id="45718799" name="GABRIEL - Habilitacao MV" idOficio="11316506" pubName="DO1" artType="Portaria" pubDate="01/10/2025" artClass="00008:00002:00027:00000:00000:00000:00000:00000:00000:00000:00054:00002" artCategory="Ministério da Agricultura e Pecuária/Secretaria Executiva/Superintendência de Agricultura e Pecuária do Estado do Pará" artSize="12" artNotes="" numberPage="9" pdfPage="http://pesquisa.in.gov.br/imprensa/jsp/visualiza/index.jsp?data=01/10/2025&amp;jornal=515&amp;pagina=9" editionNumber="187" highlightType="" highlightPriority="" highlight="" highlightimage="" highlightimagename="" idMateria="23161625">
  <body>
    <Identifica><![CDATA[ Portaria SFA-PA/MAPA nº 47, de 30 de SETEMBRO de 2025]]></Identifica>
    <Data><![CDATA[]]></Data>
    <Ementa />
    <Titulo />
    <SubTitulo />
    <Texto><![CDATA[<p class="identifica">Portaria SFA-PA/MAPA nº 47, de 30 de SETEMBRO de 2025</p><p>O SUPERINTENDENTE FEDERAL DE AGRICULTURA E PECUÁRIA DO ESTADO DO PARÁ, no Uso das Atribuições Que Lhe São Conferidas Pelo Art. 262 do Regimento Interno da Secretaria Executiva - Se/Mapa, Aprovado Pela Portaria Ministerial nº 561, de 11 de Abril de 2018; Com Base Na Instrução Normativa nº 06, de 16 de Janeiro de 2018, Alterada Pela Portaria 593, de 30 de Junho de 2023 e O Que Consta No Processo 21000.067802/2025-36, resolve:</p><p>Art. 1º Habilitar o(a) Médico(a) Veterinário(a) GABRIEL SÁVIO FERNANDES TAVARES , inscrito(a) no CRMV-PA sob o número 05237-VP, para fins de colheita e envio de amostras aos laboratórios credenciados para diagnóstico de Mormo, conforme diretrizes gerais para prevenção, controle e erradicação do Mormo, no âmbito do Programa Nacional de Sanidade dos Equídeos (PNSE), no Estado do Pará.</p><p>Art. 2º Esta Portaria entra em vigor na data de sua publicação.</p><p class="assina">JESUS DE NAZARENO MAGALHÃES DE SENA</p>]]></Texto>
  </body>
  <Midias />
</article></xml>