﻿<xml><article id="45723008" name="Retificacao Resolucao CGIEE nA 4" idOficio="11317203" pubName="DO1" artType="Retificação" pubDate="01/10/2025" artClass="00035:00017:00000:00000:00000:00000:00000:00000:00000:00000:00066:00000" artCategory="Ministério de Minas e Energia/Comitê Gestor de Indicadores e Níveis de Eficiência Energética" artSize="25" artNotes="" numberPage="91" pdfPage="http://pesquisa.in.gov.br/imprensa/jsp/visualiza/index.jsp?data=01/10/2025&amp;jornal=515&amp;pagina=91" editionNumber="187" highlightType="" highlightPriority="" highlight="" highlightimage="" highlightimagename="" idMateria="23163603">
  <body>
    <Identifica><![CDATA[ RETIFICAÇÃO]]></Identifica>
    <Data><![CDATA[]]></Data>
    <Ementa />
    <Titulo />
    <SubTitulo />
    <Texto><![CDATA[<p class="identifica">RETIFICAÇÃO</p><p>Na Tabela 1 e no art. 7º do Anexo I à Resolução CGIEE Nº 4, de 26 de setembro de 2025, publicada no Diário Oficial da União nº 186, de 30 de setembro de 2025, Seção 1, página 225, onde se lê:</p><p>Tabela 1 - Índices Mínimos de Eficiência Energética para Edificações</p><p /><p></p><table><tr /><tr><td rowspan="1" colspan="2"><p>Edificações</p></td><td rowspan="1" colspan="1"><p>Abrangência</p></td><td rowspan="1" colspan="1"><p>01/01/2027</p></td><td rowspan="1" colspan="1"><p>01/01/2028</p></td><td rowspan="1" colspan="1"><p>01/01/2030</p></td><td rowspan="1" colspan="1"><p>01/01/2032</p></td><td rowspan="1" colspan="1"><p>01/01/2035</p></td><td rowspan="1" colspan="1"><p>01/01/2037</p></td><td rowspan="1" colspan="1"><p>01/01/2040</p></td></tr><tr><td rowspan="1" colspan="2" /><td rowspan="1" colspan="1" /><td rowspan="1" colspan="7"><p>Índices Mínimos de Eficiência Energética</p></td></tr><tr><td rowspan="1" colspan="1"><p>Públicas</p></td><td rowspan="1" colspan="1"><p>Federais</p></td><td rowspan="1" colspan="1"><p>Nacional (exceto Rio Grande do Sul)</p></td><td rowspan="1" colspan="1"><p>A</p></td><td rowspan="1" colspan="1"><p>A</p></td><td rowspan="1" colspan="1"><p>A</p></td><td rowspan="1" colspan="1"><p>A</p></td><td rowspan="1" colspan="1"><p>NZEB</p></td><td rowspan="1" colspan="1"><p>NZEB</p></td><td rowspan="1" colspan="1"><p>NZEB</p></td></tr><tr><td rowspan="1" colspan="1" /><td rowspan="1" colspan="1" /><td rowspan="1" colspan="1"><p>Rio Grande do Sul</p></td><td rowspan="1" colspan="1" /><td rowspan="1" colspan="1"><p>A</p></td><td rowspan="1" colspan="1"><p>A</p></td><td rowspan="1" colspan="1"><p>A</p></td><td rowspan="1" colspan="1"><p>A</p></td><td rowspan="1" colspan="1"><p>NZEB</p></td><td rowspan="1" colspan="1"><p>NZEB</p></td></tr><tr><td rowspan="1" colspan="1" /><td rowspan="1" colspan="1"><p>Estaduais e Distritais</p></td><td rowspan="1" colspan="1"><p>Nacional</p></td><td rowspan="1" colspan="1" /><td rowspan="1" colspan="1" /><td rowspan="1" colspan="1" /><td rowspan="1" colspan="1"><p>A</p></td><td rowspan="1" colspan="1"><p>A</p></td><td rowspan="1" colspan="1"><p>NZEB</p></td><td rowspan="1" colspan="1"><p>NZEB</p></td></tr><tr><td rowspan="1" colspan="1" /><td rowspan="1" colspan="1"><p>Municipais</p></td><td rowspan="1" colspan="1"><p>Municípios com população superior à 100 mil habitantes</p></td><td rowspan="1" colspan="1" /><td rowspan="1" colspan="1" /><td rowspan="1" colspan="1" /><td rowspan="1" colspan="1" /><td rowspan="1" colspan="1"><p>A</p></td><td rowspan="1" colspan="1"><p>A</p></td><td rowspan="1" colspan="1"><p>NZEB</p></td></tr><tr><td rowspan="1" colspan="1" /><td rowspan="1" colspan="1" /><td rowspan="1" colspan="1"><p>Municípios com população superior à 50 mil habitantes</p></td><td rowspan="1" colspan="1" /><td rowspan="1" colspan="1" /><td rowspan="1" colspan="1" /><td rowspan="1" colspan="1" /><td rowspan="1" colspan="1" /><td rowspan="1" colspan="1" /><td rowspan="1" colspan="1"><p>A</p></td></tr><tr><td rowspan="1" colspan="2"><p>Comerciais e de Serviços</p></td><td rowspan="1" colspan="1"><p>Municípios com população superior à 100 mil habitantes</p></td><td rowspan="1" colspan="1" /><td rowspan="1" colspan="1" /><td rowspan="1" colspan="1"><p>C</p></td><td rowspan="1" colspan="1"><p>C</p></td><td rowspan="1" colspan="1"><p>C</p></td><td rowspan="1" colspan="1"><p>C</p></td><td rowspan="1" colspan="1"><p>C</p></td></tr><tr><td rowspan="1" colspan="2" /><td rowspan="1" colspan="1"><p>Municípios com população superior à 50 mil habitantes</p></td><td rowspan="1" colspan="1" /><td rowspan="1" colspan="1" /><td rowspan="1" colspan="1" /><td rowspan="1" colspan="1" /><td rowspan="1" colspan="1" /><td rowspan="1" colspan="1" /><td rowspan="1" colspan="1"><p>C</p></td></tr><tr><td rowspan="1" colspan="2"><p>Residenciais</p></td><td rowspan="1" colspan="1"><p>Municípios com população superior à 100 mil habitantes</p></td><td rowspan="1" colspan="1" /><td rowspan="1" colspan="1" /><td rowspan="1" colspan="1"><p>C</p></td><td rowspan="1" colspan="1"><p>C</p></td><td rowspan="1" colspan="1"><p>C</p></td><td rowspan="1" colspan="1"><p>C</p></td><td rowspan="1" colspan="1"><p>C</p></td></tr></table><p>Leia-se:</p><p>Tabela 1 - Índices Mínimos de Eficiência Energética para Edificações</p><p /><p></p><table><tr /><tr><td rowspan="1" colspan="2"><p>Edificações</p></td><td rowspan="1" colspan="1"><p>Abrangência</p></td><td rowspan="1" colspan="1"><p>01/01/2027</p></td><td rowspan="1" colspan="1"><p>01/01/2028</p></td><td rowspan="1" colspan="1"><p>01/01/2030</p></td><td rowspan="1" colspan="1"><p>01/01/2032</p></td><td rowspan="1" colspan="1"><p>01/01/2035</p></td><td rowspan="1" colspan="1"><p>01/01/2037</p></td><td rowspan="1" colspan="1"><p>01/01/2040</p></td></tr><tr><td rowspan="1" colspan="2" /><td rowspan="1" colspan="1" /><td rowspan="1" colspan="7"><p>Índices Mínimos de Eficiência Energética</p></td></tr><tr><td rowspan="1" colspan="1"><p>Públicas</p></td><td rowspan="1" colspan="1"><p>Federais</p></td><td rowspan="1" colspan="1"><p>Nacional (exceto Rio Grande do Sul)</p></td><td rowspan="1" colspan="1"><p>A</p></td><td rowspan="1" colspan="1"><p>A</p></td><td rowspan="1" colspan="1"><p>A</p></td><td rowspan="1" colspan="1"><p>A</p></td><td rowspan="1" colspan="1"><p>NZEB</p></td><td rowspan="1" colspan="1"><p>NZEB</p></td><td rowspan="1" colspan="1"><p>NZEB</p></td></tr><tr><td rowspan="1" colspan="1" /><td rowspan="1" colspan="1" /><td rowspan="1" colspan="1"><p>Rio Grande do Sul</p></td><td rowspan="1" colspan="1" /><td rowspan="1" colspan="1"><p>A</p></td><td rowspan="1" colspan="1"><p>A</p></td><td rowspan="1" colspan="1"><p>A</p></td><td rowspan="1" colspan="1"><p>A</p></td><td rowspan="1" colspan="1"><p>NZEB</p></td><td rowspan="1" colspan="1"><p>NZEB</p></td></tr><tr><td rowspan="1" colspan="1" /><td rowspan="1" colspan="1"><p>Estaduais e Distritais</p></td><td rowspan="1" colspan="1"><p>Nacional</p></td><td rowspan="1" colspan="1" /><td rowspan="1" colspan="1" /><td rowspan="1" colspan="1" /><td rowspan="1" colspan="1"><p>A</p></td><td rowspan="1" colspan="1"><p>A</p></td><td rowspan="1" colspan="1"><p>NZEB</p></td><td rowspan="1" colspan="1"><p>NZEB</p></td></tr><tr><td rowspan="1" colspan="1" /><td rowspan="1" colspan="1"><p>Municipais</p></td><td rowspan="1" colspan="1"><p>Municípios com população superior à 100 mil habitantes</p></td><td rowspan="1" colspan="1" /><td rowspan="1" colspan="1" /><td rowspan="1" colspan="1" /><td rowspan="1" colspan="1" /><td rowspan="1" colspan="1"><p>A</p></td><td rowspan="1" colspan="1"><p>A</p></td><td rowspan="1" colspan="1"><p>NZEB</p></td></tr><tr><td rowspan="1" colspan="1" /><td rowspan="1" colspan="1" /><td rowspan="1" colspan="1"><p>Municípios com população superior à 50 mil habitantes</p></td><td rowspan="1" colspan="1" /><td rowspan="1" colspan="1" /><td rowspan="1" colspan="1" /><td rowspan="1" colspan="1" /><td rowspan="1" colspan="1" /><td rowspan="1" colspan="1" /><td rowspan="1" colspan="1"><p>A</p></td></tr><tr><td rowspan="1" colspan="2"><p>Comerciais e de Serviços</p></td><td rowspan="1" colspan="1"><p>Municípios com população superior à 100 mil habitantes</p></td><td rowspan="1" colspan="1" /><td rowspan="1" colspan="1" /><td rowspan="1" colspan="1"><p>C</p></td><td rowspan="1" colspan="1"><p>C</p></td><td rowspan="1" colspan="1"><p>C</p></td><td rowspan="1" colspan="1"><p>C</p></td><td rowspan="1" colspan="1"><p>C</p></td></tr><tr><td rowspan="1" colspan="2" /><td rowspan="1" colspan="1"><p>Municípios com população superior à 50 mil habitantes</p></td><td rowspan="1" colspan="1" /><td rowspan="1" colspan="1" /><td rowspan="1" colspan="1" /><td rowspan="1" colspan="1" /><td rowspan="1" colspan="1" /><td rowspan="1" colspan="1" /><td rowspan="1" colspan="1"><p>C</p></td></tr><tr><td rowspan="1" colspan="2"><p>Residenciais</p></td><td rowspan="1" colspan="1"><p>Municípios com população superior à 100 mil habitantes</p></td><td rowspan="1" colspan="1" /><td rowspan="1" colspan="1" /><td rowspan="1" colspan="1"><p>C</p></td><td rowspan="1" colspan="1"><p>C</p></td><td rowspan="1" colspan="1"><p>C</p></td><td rowspan="1" colspan="1"><p>C</p></td><td rowspan="1" colspan="1"><p>C</p></td></tr><tr><td rowspan="1" colspan="2" /><td rowspan="1" colspan="1"><p>Municípios com população superior à 50 mil habitantes</p></td><td rowspan="1" colspan="1" /><td rowspan="1" colspan="1" /><td rowspan="1" colspan="1" /><td rowspan="1" colspan="1" /><td rowspan="1" colspan="1" /><td rowspan="1" colspan="1" /><td rowspan="1" colspan="1"><p>C</p></td></tr><tr><td rowspan="1" colspan="2"><p>HIS - Habitações de Interesse Social</p></td><td rowspan="1" colspan="1"><p>Nacional</p></td><td rowspan="1" colspan="1"><p></p></td><td rowspan="1" colspan="1"><p></p></td><td rowspan="1" colspan="1"><p>C</p></td><td rowspan="1" colspan="1"><p>C</p></td><td rowspan="1" colspan="1"><p>C</p></td><td rowspan="1" colspan="1"><p>C</p></td><td rowspan="1" colspan="1"><p>C</p></td></tr></table><p>Onde se lê:</p><p>"Art. 7º .......................</p><p>....................................</p><p>§1º .............................</p><p>I - atestar a conformidade com os requisitos mínimos de desempenho térmico definidos por meio das normas técnicas de desempenho da construção civil vigentes, publicadas pela Associação Brasileira de Normas Técnicas?ABNT, para a respectiva tipologia de edificação, por meio de Registro de Responsabilidade Técnica - RRT ou de Anotação</p><p>de Responsabilidade Técnica - ART; e</p><p>..................................."</p><p>Leia-se:</p><p>"Art. 7º .......................</p><p>....................................</p><p>§1º .............................</p><p>I - atestar a conformidade com os requisitos mínimos de desempenho térmico definidos por meio das normas técnicas de desempenho da construção civil vigentes, publicadas pela Associação Brasileira de Normas Técnicas - ABNT, para a respectiva tipologia de edificação, por meio de Registro de Responsabilidade Técnica - RRT ou de Anotação de Responsabilidade Técnica - ART; e</p><p>...................................."</p>]]></Texto>
  </body>
  <Midias />
</article></xml>