﻿<xml><article id="45720215" name="2025-09-30/11316725/ANMWS_231626" idOficio="11316725" pubName="DO1" artType="Despacho" pubDate="01/10/2025" artClass="00035:00044:00050:00000:00000:00000:00000:00000:00000:00000:00024:00153" artCategory="Ministério de Minas e Energia/Agência Nacional de Mineração/Superintendência de Outorga de Títulos Minerários" artSize="12" artNotes="" numberPage="105" pdfPage="http://pesquisa.in.gov.br/imprensa/jsp/visualiza/index.jsp?data=01/10/2025&amp;jornal=515&amp;pagina=105" editionNumber="187" highlightType="" highlightPriority="" highlight="" highlightimage="" highlightimagename="" idMateria="23162617">
  <body>
    <Identifica><![CDATA[Despacho]]></Identifica>
    <Data><![CDATA[]]></Data>
    <Ementa />
    <Titulo />
    <SubTitulo />
    <Texto><![CDATA[<p class="identifica">Despacho</p><p class="identifica">Relação Nº 153/2025</p><p>Fase de Lavra Garimpeira</p><p>Nega provimento ao recurso interposto(2856)</p><p>850.910/2012 - COOPERATIVA DE MINERACAO DOS GARIMPEIROS DE SAO FELIX DO XINGU - COOMIX</p><p>851.682/2011 - COOPERATIVA DE MINERACAO DOS GARIMPEIROS DE SAO FELIX DO XINGU - COOMIX</p><p class="assina">CLÁUDIO ROBERTO FREIRE</p><p class="cargo">Superintendente</p>]]></Texto>
  </body>
  <Midias />
</article></xml>