﻿<xml><article id="45718937" name="2025-09-30/11316563/ANMWS_231616" idOficio="11316563" pubName="DO1" artType="Despacho" pubDate="01/10/2025" artClass="00035:00044:00035:00000:00000:00000:00000:00000:00000:00000:00024:00135" artCategory="Ministério de Minas e Energia/Agência Nacional de Mineração/Gerência Regional da ANM no Estado do Paraná" artSize="12" artNotes="" numberPage="103" pdfPage="http://pesquisa.in.gov.br/imprensa/jsp/visualiza/index.jsp?data=01/10/2025&amp;jornal=515&amp;pagina=103" editionNumber="187" highlightType="" highlightPriority="" highlight="" highlightimage="" highlightimagename="" idMateria="23161661">
  <body>
    <Identifica><![CDATA[Despacho]]></Identifica>
    <Data><![CDATA[]]></Data>
    <Ementa />
    <Titulo />
    <SubTitulo />
    <Texto><![CDATA[<p class="identifica">Despacho</p><p class="identifica">Relação nº 135/2025</p><p>Fase de Requerimento de Licenciamento</p><p>O GERENTE REGIONAL DA AGÊNCIA NACIONAL DE MINERAÇÃO, no uso da competência delegada de que trata o Art. 23, inciso IV, alínea "a" da Ordem de Serviço nº 334, de 12 de agosto de 2025, outorga o(s) seguinte(s) Registro(s) de Licença com vigência a partir da data de publicação:(730)</p><p>Registro de Licença n°: 814/2025 - Processo nº: 826.047/2025 - Titular: SIDNEI GOMES DE CAMARGO - Vencimento: 12/02/2035 - Substância(s): ARGILA - Município(s): PRUDENTÓPOLIS/PR</p><p class="assina">CARLOS ALBERTO DIETER</p>]]></Texto>
  </body>
  <Midias />
</article></xml>