﻿<xml><article id="45718910" name="2025-09-30/11316562/ANMWS_231616" idOficio="11316562" pubName="DO1" artType="Despacho" pubDate="01/10/2025" artClass="00035:00044:00035:00000:00000:00000:00000:00000:00000:00000:00024:00134" artCategory="Ministério de Minas e Energia/Agência Nacional de Mineração/Gerência Regional da ANM no Estado do Paraná" artSize="12" artNotes="" numberPage="103" pdfPage="http://pesquisa.in.gov.br/imprensa/jsp/visualiza/index.jsp?data=01/10/2025&amp;jornal=515&amp;pagina=103" editionNumber="187" highlightType="" highlightPriority="" highlight="" highlightimage="" highlightimagename="" idMateria="23161660">
  <body>
    <Identifica><![CDATA[Despacho]]></Identifica>
    <Data><![CDATA[]]></Data>
    <Ementa />
    <Titulo />
    <SubTitulo />
    <Texto><![CDATA[<p class="identifica">Despacho</p><p class="identifica">Relação nº 134/2025</p><p>Fase de Requerimento de Registro de Extração</p><p>O GERENTE REGIONAL DA AGÊNCIA NACIONAL DE MINERAÇÃO, no uso da competência delegada de que trata o Art. 23, inciso VI, alínea "a" da Ordem de Serviço nº 334, de 12 de agosto de 2025, outorga o(s) seguinte(s) Registro de Extração(s), com prazo de 5 anos, com vigência a partir da data de publicação:(924)</p><p>Registro de Extração n°: 307/2025 de 24/09/2025 - Processo nº: 826.059/2025 - Titular: MUNICIPIO DE CASCAVEL - Prazo: 05 anos - Substância(s): CASCALHO - Município(s): CASCAVEL/PR</p><p>Registro de Extração n°: 309/2025 de 25/09/2025 - Processo nº: 826.250/2022 - Titular: MUNICIPIO DE SANTA IZABEL DO OESTE - Prazo: 05 anos - Substância(s): CASCALHO - Município(s): SANTA IZABEL DO OESTE/PR</p><p class="assina">CARLOS ALBERTO DIETER</p>]]></Texto>
  </body>
  <Midias />
</article></xml>