﻿<xml><article id="45725348" name="Acordao 641" idOficio="11317378" pubName="DO1" artType="Acórdão" pubDate="01/10/2025" artClass="00041:00020:00000:00000:00000:00000:00000:00000:00000:00000:00002:00000" artCategory="Ministério de Portos e Aeroportos/Agência Nacional de Transportes Aquaviários" artSize="12" artNotes="" numberPage="205" pdfPage="http://pesquisa.in.gov.br/imprensa/jsp/visualiza/index.jsp?data=01/10/2025&amp;jornal=515&amp;pagina=205" editionNumber="187" highlightType="" highlightPriority="" highlight="" highlightimage="" highlightimagename="" idMateria="23163872">
  <body>
    <Identifica><![CDATA[ ACÓRDÃO Nº 641-2025-ANTAQ]]></Identifica>
    <Data><![CDATA[]]></Data>
    <Ementa />
    <Titulo />
    <SubTitulo />
    <Texto><![CDATA[<p class="identifica">ACÓRDÃO Nº 641-2025-ANTAQ</p><p>1. Processo: 50300.000254/2022-35</p><p>2. Interessado: Geonavegação S.A.</p><p>3. Relator: Caio Farias</p><p>4. Unidade Técnica: Superintendência de Fiscalização e Coordenação das Unidades Regionais</p><p>5. Acórdão:</p><p>VISTOS, relatados e discutidos os presentes autos que tratam do julgamento do Auto de Infração nº 005407-0 (SEI nº 1534913), lavrado em desfavor da empresa Geonavegação S.A., inscrita no CNPJ sob o nº 12.184.506/0001-87, pelo fato de a empresa não possuir uma embarcação própria ou afretada a casco nu capaz de operar comercialmente, deixando de atender ao requisito técnico disposto pelos incisos I e II do art. 5º da Resolução Normativa-ANTAQ nº 5/2016, incidindo, assim, na infração tipificada pelo art. 33 da Resolução-ANTAQ nº 62/2021,</p><p>ACORDAM os Diretores da Agência Nacional de Transportes Aquaviários, reunidos para a Reunião Ordinária de Diretoria Colegiada de nº 595, ante as razões expostas pelo Relator, em:</p><p>5.1. julgar subsistente o Auto de Infração nº 005407-0, lavrado em desfavor da empresa Geonavegação S.A.;</p><p>5.2. aplicar, de forma isolada, a penalidade de cassação do Termo de Autorização nº 763-ANTAQ;</p><p>5.3. deixar de aplicar a penalidade de multa pecuniária, com base nos princípios da proporcionalidade, razoabilidade e economia processual, conforme fundamentado no Voto AST-D4 2563723; e</p><p>5.4. cientificar a empresa Geonavegação S.A. acerca da presente decisão.</p><p>6. Data da Reunião: 22 a 24/09/2025 - Virtual.</p><p>7. Especificação do quórum:</p><p>7.1. Diretores presentes: Frederico Dias (Presidente), Flávia Takafashi, Lima Filho, Alber Vasconcelos e Caio Farias (Relator).</p><p class="assina">FREDERICO CARVALHO DIAS</p><p class="cargo">Diretor-Geral</p>]]></Texto>
  </body>
  <Midias />
</article></xml>