﻿<xml><article id="45718442" name="retificacao_resolucao_3780_2025 " idOficio="11316417" pubName="DO1" artType="Retificação" pubDate="01/10/2025" artClass="00047:00048:00014:00008:00000:00000:00000:00000:00000:00000:00066:93780" artCategory="Ministério da Saúde/Agência Nacional de Vigilância Sanitária/2ª Diretoria/Gerência-Geral de Medicamentos" artSize="12" artNotes="" numberPage="222" pdfPage="http://pesquisa.in.gov.br/imprensa/jsp/visualiza/index.jsp?data=01/10/2025&amp;jornal=515&amp;pagina=222" editionNumber="187" highlightType="" highlightPriority="" highlight="" highlightimage="" highlightimagename="" idMateria="23161550">
  <body>
    <Identifica><![CDATA[ ReTIFICAÇÃO]]></Identifica>
    <Data><![CDATA[]]></Data>
    <Ementa />
    <Titulo />
    <SubTitulo />
    <Texto><![CDATA[<p class="identifica">ReTIFICAÇÃO</p><p>Na Resolução - RE n° 3.780, de 25 de setembro de 2025, publicada no Diário Oficial da União nº 185, de 29 de setembro de 2025, Seção 1, pág. 77,</p><p>Onde se lê:</p><p>Art. 2º Esta Resolução entra em vigor a partir da data de sua publicação.</p><p>Leia-se:</p><p>Art. 2º Esta Resolução entra em vigor 90 (noventa) dias a partir da data de sua publicação.</p>]]></Texto>
  </body>
  <Midias />
</article></xml>