﻿<xml><article id="45728309" name="Portaria GM.MPO nA 354.2025.MPO " idOficio="11317648" pubName="DO1" artType="Portaria" pubDate="01/10/2025" artClass="00040:00001:00000:00000:00000:00000:00000:00000:00000:00000:00054:00000" artCategory="Ministério do Planejamento e Orçamento/Gabinete da Ministra" artSize="24" artNotes="" numberPage="134" pdfPage="http://pesquisa.in.gov.br/imprensa/jsp/visualiza/index.jsp?data=01/10/2025&amp;jornal=515&amp;pagina=134" editionNumber="187" highlightType="" highlightPriority="" highlight="" highlightimage="" highlightimagename="" idMateria="23164443">
  <body>
    <Identifica />
    <Data><![CDATA[]]></Data>
    <Ementa />
    <Titulo />
    <SubTitulo />
    <Texto><![CDATA[<p /><p></p><table><tr><td rowspan="1" colspan="9" /><td rowspan="1" colspan="1" /></tr><tr><td rowspan="1" colspan="10"><p>ÓRGÃO: 26000 - Ministério da Educação</p></td></tr><tr><td rowspan="1" colspan="3"><p>UNIDADE: 26350 - Fundação Universidade Federal da Grande Dourados</p></td><td rowspan="1" colspan="7" /></tr><tr><td rowspan="1" colspan="3"><p>ANEXO I</p></td><td rowspan="1" colspan="7"><p>Crédito Suplementar</p></td></tr><tr><td rowspan="1" colspan="3"><p>PROGRAMA DE TRABALHO ( SUPLEMENTAÇÃO )</p></td><td rowspan="1" colspan="7"><p>Recurso de Todas as Fontes R$ 1,00</p></td></tr><tr><td rowspan="1" colspan="1"><p>PROGRAMÁTICA</p></td><td rowspan="1" colspan="1"><p>PROGRAMA/AÇÃO/LOCALIZADOR/PRODUTO</p></td><td rowspan="1" colspan="1"><p>FUNCIONAL</p></td><td rowspan="1" colspan="1"><p>E</p><p>S</p><p>F</p></td><td rowspan="1" colspan="1"><p>G</p><p>N</p><p>D</p></td><td rowspan="1" colspan="1"><p>R</p><p>P</p></td><td rowspan="1" colspan="1"><p>M</p><p>O</p><p>D</p></td><td rowspan="1" colspan="1"><p>I</p><p>U</p></td><td rowspan="1" colspan="1"><p>F</p><p>T</p><p>E</p></td><td rowspan="1" colspan="1"><p>VALOR</p></td></tr><tr><td rowspan="1" colspan="1"><p>0032</p></td><td rowspan="1" colspan="1"><p>Programa de Gestão e Manutenção do Poder Executivo</p></td><td rowspan="1" colspan="7" /><td rowspan="1" colspan="1"><p>30.516.803</p></td></tr><tr><td rowspan="1" colspan="1" /><td rowspan="1" colspan="1"><p>Atividades</p></td><td rowspan="1" colspan="1" /><td rowspan="1" colspan="1" /><td rowspan="1" colspan="1" /><td rowspan="1" colspan="1" /><td rowspan="1" colspan="1" /><td rowspan="1" colspan="1" /><td rowspan="1" colspan="1" /><td rowspan="1" colspan="1" /></tr><tr><td rowspan="1" colspan="1"><p>0032 2004</p></td><td rowspan="1" colspan="1"><p>Assistência Médica e Odontológica aos Servidores Civis, Empregados, Militares e seus Dependentes</p></td><td rowspan="1" colspan="1"><p>12 331</p></td><td rowspan="1" colspan="1" /><td rowspan="1" colspan="1" /><td rowspan="1" colspan="1" /><td rowspan="1" colspan="1" /><td rowspan="1" colspan="1" /><td rowspan="1" colspan="1" /><td rowspan="1" colspan="1"><p>600.000</p></td></tr><tr><td rowspan="1" colspan="1"><p>0032 2004 0054</p></td><td rowspan="1" colspan="1"><p>Assistência Médica e Odontológica aos Servidores Civis, Empregados, Militares e seus Dependentes - No Estado de Mato Grosso do Sul</p></td><td rowspan="1" colspan="1"><p>12 331</p></td><td rowspan="1" colspan="1" /><td rowspan="1" colspan="1" /><td rowspan="1" colspan="1" /><td rowspan="1" colspan="1" /><td rowspan="1" colspan="1" /><td rowspan="1" colspan="1" /><td rowspan="1" colspan="1"><p>600.000</p></td></tr><tr><td rowspan="1" colspan="1" /><td rowspan="1" colspan="1" /><td rowspan="1" colspan="1" /><td rowspan="1" colspan="1"><p>F</p></td><td rowspan="1" colspan="1"><p>3-ODC</p></td><td rowspan="1" colspan="1"><p>1</p></td><td rowspan="1" colspan="1"><p>90</p></td><td rowspan="1" colspan="1"><p>8</p></td><td rowspan="1" colspan="1"><p>1000</p></td><td rowspan="1" colspan="1"><p>600.000</p></td></tr><tr><td rowspan="1" colspan="1"><p>0032 20TP</p></td><td rowspan="1" colspan="1"><p>Ativos Civis da União</p></td><td rowspan="1" colspan="1"><p>12 364</p></td><td rowspan="1" colspan="1" /><td rowspan="1" colspan="1" /><td rowspan="1" colspan="1" /><td rowspan="1" colspan="1" /><td rowspan="1" colspan="1" /><td rowspan="1" colspan="1" /><td rowspan="1" colspan="1"><p>28.650.086</p></td></tr><tr><td rowspan="1" colspan="1"><p>0032 20TP 0054</p></td><td rowspan="1" colspan="1"><p>Ativos Civis da União - No Estado de Mato Grosso do Sul</p></td><td rowspan="1" colspan="1"><p>12 364</p></td><td rowspan="1" colspan="1" /><td rowspan="1" colspan="1" /><td rowspan="1" colspan="1" /><td rowspan="1" colspan="1" /><td rowspan="1" colspan="1" /><td rowspan="1" colspan="1" /><td rowspan="1" colspan="1"><p>28.650.086</p></td></tr><tr><td rowspan="1" colspan="1" /><td rowspan="1" colspan="1" /><td rowspan="1" colspan="1" /><td rowspan="1" colspan="1"><p>F</p></td><td rowspan="1" colspan="1"><p>1-PES</p></td><td rowspan="1" colspan="1"><p>1</p></td><td rowspan="1" colspan="1"><p>90</p></td><td rowspan="1" colspan="1"><p>8</p></td><td rowspan="1" colspan="1"><p>1000</p></td><td rowspan="1" colspan="1"><p>28.650.086</p></td></tr><tr><td rowspan="1" colspan="1" /><td rowspan="1" colspan="1"><p>Operações Especiais</p></td><td rowspan="1" colspan="1" /><td rowspan="1" colspan="1" /><td rowspan="1" colspan="1" /><td rowspan="1" colspan="1" /><td rowspan="1" colspan="1" /><td rowspan="1" colspan="1" /><td rowspan="1" colspan="1" /><td rowspan="1" colspan="1" /></tr><tr><td rowspan="1" colspan="1"><p>0032 0181</p></td><td rowspan="1" colspan="1"><p>Aposentadorias e Pensões Civis da União</p></td><td rowspan="1" colspan="1"><p>09 272</p></td><td rowspan="1" colspan="1" /><td rowspan="1" colspan="1" /><td rowspan="1" colspan="1" /><td rowspan="1" colspan="1" /><td rowspan="1" colspan="1" /><td rowspan="1" colspan="1" /><td rowspan="1" colspan="1"><p>8.518</p></td></tr><tr><td rowspan="1" colspan="1"><p>0032 0181 0054</p></td><td rowspan="1" colspan="1"><p>Aposentadorias e Pensões Civis da União - No Estado de Mato Grosso do Sul</p></td><td rowspan="1" colspan="1"><p>09 272</p></td><td rowspan="1" colspan="1" /><td rowspan="1" colspan="1" /><td rowspan="1" colspan="1" /><td rowspan="1" colspan="1" /><td rowspan="1" colspan="1" /><td rowspan="1" colspan="1" /><td rowspan="1" colspan="1"><p>8.518</p></td></tr><tr><td rowspan="1" colspan="1" /><td rowspan="1" colspan="1" /><td rowspan="1" colspan="1" /><td rowspan="1" colspan="1"><p>S</p></td><td rowspan="1" colspan="1"><p>1-PES</p></td><td rowspan="1" colspan="1"><p>1</p></td><td rowspan="1" colspan="1"><p>90</p></td><td rowspan="1" colspan="1"><p>0</p></td><td rowspan="1" colspan="1"><p>3056</p></td><td rowspan="1" colspan="1"><p>8.518</p></td></tr><tr><td rowspan="1" colspan="1"><p>0032 09HB</p></td><td rowspan="1" colspan="1"><p>Contribuição da União, de suas Autarquias e Fundações para o Custeio do Regime de Previdência dos Servidores Públicos Federais</p></td><td rowspan="1" colspan="1"><p>12 846</p></td><td rowspan="1" colspan="1" /><td rowspan="1" colspan="1" /><td rowspan="1" colspan="1" /><td rowspan="1" colspan="1" /><td rowspan="1" colspan="1" /><td rowspan="1" colspan="1" /><td rowspan="1" colspan="1"><p>1.258.199</p></td></tr><tr><td rowspan="1" colspan="1"><p>0032 09HB 0054</p></td><td rowspan="1" colspan="1"><p>Contribuição da União, de suas Autarquias e Fundações para o Custeio do Regime de Previdência dos Servidores Públicos Federais - No Estado de Mato Grosso do Sul</p></td><td rowspan="1" colspan="1"><p>12 846</p></td><td rowspan="1" colspan="1" /><td rowspan="1" colspan="1" /><td rowspan="1" colspan="1" /><td rowspan="1" colspan="1" /><td rowspan="1" colspan="1" /><td rowspan="1" colspan="1" /><td rowspan="1" colspan="1"><p>1.258.199</p></td></tr><tr><td rowspan="1" colspan="1" /><td rowspan="1" colspan="1" /><td rowspan="1" colspan="1" /><td rowspan="1" colspan="1"><p>F</p></td><td rowspan="1" colspan="1"><p>1-PES</p></td><td rowspan="1" colspan="1"><p>0</p></td><td rowspan="1" colspan="1"><p>91</p></td><td rowspan="1" colspan="1"><p>8</p></td><td rowspan="1" colspan="1"><p>1000</p></td><td rowspan="1" colspan="1"><p>1.258.199</p></td></tr><tr><td rowspan="1" colspan="9"><p>TOTAL - FISCAL</p></td><td rowspan="1" colspan="1"><p>30.508.285</p></td></tr><tr><td rowspan="1" colspan="9"><p>TOTAL - SEGURIDADE</p></td><td rowspan="1" colspan="1"><p>8.518</p></td></tr><tr><td rowspan="1" colspan="9"><p>TOTAL - GERAL</p></td><td rowspan="1" colspan="1"><p>30.516.803</p></td></tr><tr><td rowspan="1" colspan="9" /><td rowspan="1" colspan="1" /></tr><tr><td rowspan="1" colspan="10"><p>ÓRGÃO: 26000 - Ministério da Educação</p></td></tr><tr><td rowspan="1" colspan="3"><p>UNIDADE: 26351 - Universidade Federal do Recôncavo da Bahia</p></td><td rowspan="1" colspan="7" /></tr><tr><td rowspan="1" colspan="3"><p>ANEXO I</p></td><td rowspan="1" colspan="7"><p>Crédito Suplementar</p></td></tr><tr><td rowspan="1" colspan="3"><p>PROGRAMA DE TRABALHO ( SUPLEMENTAÇÃO )</p></td><td rowspan="1" colspan="7"><p>Recurso de Todas as Fontes R$ 1,00</p></td></tr><tr><td rowspan="1" colspan="1"><p>PROGRAMÁTICA</p></td><td rowspan="1" colspan="1"><p>PROGRAMA/AÇÃO/LOCALIZADOR/PRODUTO</p></td><td rowspan="1" colspan="1"><p>FUNCIONAL</p></td><td rowspan="1" colspan="1"><p>E</p><p>S</p><p>F</p></td><td rowspan="1" colspan="1"><p>G</p><p>N</p><p>D</p></td><td rowspan="1" colspan="1"><p>R</p><p>P</p></td><td rowspan="1" colspan="1"><p>M</p><p>O</p><p>D</p></td><td rowspan="1" colspan="1"><p>I</p><p>U</p></td><td rowspan="1" colspan="1"><p>F</p><p>T</p><p>E</p></td><td rowspan="1" colspan="1"><p>VALOR</p></td></tr><tr><td rowspan="1" colspan="1"><p>0032</p></td><td rowspan="1" colspan="1"><p>Programa de Gestão e Manutenção do Poder Executivo</p></td><td rowspan="1" colspan="7" /><td rowspan="1" colspan="1"><p>19.199.753</p></td></tr><tr><td rowspan="1" colspan="1" /><td rowspan="1" colspan="1"><p>Atividades</p></td><td rowspan="1" colspan="1" /><td rowspan="1" colspan="1" /><td rowspan="1" colspan="1" /><td rowspan="1" colspan="1" /><td rowspan="1" colspan="1" /><td rowspan="1" colspan="1" /><td rowspan="1" colspan="1" /><td rowspan="1" colspan="1" /></tr><tr><td rowspan="1" colspan="1"><p>0032 20TP</p></td><td rowspan="1" colspan="1"><p>Ativos Civis da União</p></td><td rowspan="1" colspan="1"><p>12 364</p></td><td rowspan="1" colspan="1" /><td rowspan="1" colspan="1" /><td rowspan="1" colspan="1" /><td rowspan="1" colspan="1" /><td rowspan="1" colspan="1" /><td rowspan="1" colspan="1" /><td rowspan="1" colspan="1"><p>15.762.302</p></td></tr><tr><td rowspan="1" colspan="1"><p>0032 20TP 0029</p></td><td rowspan="1" colspan="1"><p>Ativos Civis da União - No Estado da Bahia</p></td><td rowspan="1" colspan="1"><p>12 364</p></td><td rowspan="1" colspan="1" /><td rowspan="1" colspan="1" /><td rowspan="1" colspan="1" /><td rowspan="1" colspan="1" /><td rowspan="1" colspan="1" /><td rowspan="1" colspan="1" /><td rowspan="1" colspan="1"><p>15.762.302</p></td></tr><tr><td rowspan="1" colspan="1" /><td rowspan="1" colspan="1" /><td rowspan="1" colspan="1" /><td rowspan="1" colspan="1"><p>F</p></td><td rowspan="1" colspan="1"><p>1-PES</p></td><td rowspan="1" colspan="1"><p>1</p></td><td rowspan="1" colspan="1"><p>90</p></td><td rowspan="1" colspan="1"><p>8</p></td><td rowspan="1" colspan="1"><p>1000</p></td><td rowspan="1" colspan="1"><p>15.762.302</p></td></tr><tr><td rowspan="1" colspan="1" /><td rowspan="1" colspan="1"><p>Operações Especiais</p></td><td rowspan="1" colspan="1" /><td rowspan="1" colspan="1" /><td rowspan="1" colspan="1" /><td rowspan="1" colspan="1" /><td rowspan="1" colspan="1" /><td rowspan="1" colspan="1" /><td rowspan="1" colspan="1" /><td rowspan="1" colspan="1" /></tr><tr><td rowspan="1" colspan="1"><p>0032 0181</p></td><td rowspan="1" colspan="1"><p>Aposentadorias e Pensões Civis da União</p></td><td rowspan="1" colspan="1"><p>09 272</p></td><td rowspan="1" colspan="1" /><td rowspan="1" colspan="1" /><td rowspan="1" colspan="1" /><td rowspan="1" colspan="1" /><td rowspan="1" colspan="1" /><td rowspan="1" colspan="1" /><td rowspan="1" colspan="1"><p>867.629</p></td></tr><tr><td rowspan="1" colspan="1"><p>0032 0181 0029</p></td><td rowspan="1" colspan="1"><p>Aposentadorias e Pensões Civis da União - No Estado da Bahia</p></td><td rowspan="1" colspan="1"><p>09 272</p></td><td rowspan="1" colspan="1" /><td rowspan="1" colspan="1" /><td rowspan="1" colspan="1" /><td rowspan="1" colspan="1" /><td rowspan="1" colspan="1" /><td rowspan="1" colspan="1" /><td rowspan="1" colspan="1"><p>867.629</p></td></tr><tr><td rowspan="1" colspan="1" /><td rowspan="1" colspan="1" /><td rowspan="1" colspan="1" /><td rowspan="1" colspan="1"><p>S</p></td><td rowspan="1" colspan="1"><p>1-PES</p></td><td rowspan="1" colspan="1"><p>1</p></td><td rowspan="1" colspan="1"><p>90</p></td><td rowspan="1" colspan="1"><p>0</p></td><td rowspan="1" colspan="1"><p>3056</p></td><td rowspan="1" colspan="1"><p>867.629</p></td></tr><tr><td rowspan="1" colspan="1"><p>0032 09HB</p></td><td rowspan="1" colspan="1"><p>Contribuição da União, de suas Autarquias e Fundações para o Custeio do Regime de Previdência dos Servidores Públicos Federais</p></td><td rowspan="1" colspan="1"><p>12 846</p></td><td rowspan="1" colspan="1" /><td rowspan="1" colspan="1" /><td rowspan="1" colspan="1" /><td rowspan="1" colspan="1" /><td rowspan="1" colspan="1" /><td rowspan="1" colspan="1" /><td rowspan="1" colspan="1"><p>2.569.822</p></td></tr><tr><td rowspan="1" colspan="1"><p>0032 09HB 0029</p></td><td rowspan="1" colspan="1"><p>Contribuição da União, de suas Autarquias e Fundações para o Custeio do Regime de Previdência dos Servidores Públicos Federais - No Estado da Bahia</p></td><td rowspan="1" colspan="1"><p>12 846</p></td><td rowspan="1" colspan="1" /><td rowspan="1" colspan="1" /><td rowspan="1" colspan="1" /><td rowspan="1" colspan="1" /><td rowspan="1" colspan="1" /><td rowspan="1" colspan="1" /><td rowspan="1" colspan="1"><p>2.569.822</p></td></tr><tr><td rowspan="1" colspan="1" /><td rowspan="1" colspan="1" /><td rowspan="1" colspan="1" /><td rowspan="1" colspan="1"><p>F</p></td><td rowspan="1" colspan="1"><p>1-PES</p></td><td rowspan="1" colspan="1"><p>0</p></td><td rowspan="1" colspan="1"><p>91</p></td><td rowspan="1" colspan="1"><p>8</p></td><td rowspan="1" colspan="1"><p>1000</p></td><td rowspan="1" colspan="1"><p>2.569.822</p></td></tr><tr><td rowspan="1" colspan="9"><p>TOTAL - FISCAL</p></td><td rowspan="1" colspan="1"><p>18.332.124</p></td></tr><tr><td rowspan="1" colspan="9"><p>TOTAL - SEGURIDADE</p></td><td rowspan="1" colspan="1"><p>867.629</p></td></tr><tr><td rowspan="1" colspan="9"><p>TOTAL - GERAL</p></td><td rowspan="1" colspan="1"><p>19.199.753</p></td></tr><tr><td rowspan="1" colspan="9" /><td rowspan="1" colspan="1" /></tr><tr><td rowspan="1" colspan="10"><p>ÓRGÃO: 26000 - Ministério da Educação</p></td></tr><tr><td rowspan="1" colspan="3"><p>UNIDADE: 26352 - Fundação Universidade Federal do ABC</p></td><td rowspan="1" colspan="7" /></tr><tr><td rowspan="1" colspan="3"><p>ANEXO I</p></td><td rowspan="1" colspan="7"><p>Crédito Suplementar</p></td></tr><tr><td rowspan="1" colspan="3"><p>PROGRAMA DE TRABALHO ( SUPLEMENTAÇÃO )</p></td><td rowspan="1" colspan="7"><p>Recurso de Todas as Fontes R$ 1,00</p></td></tr><tr><td rowspan="1" colspan="1"><p>PROGRAMÁTICA</p></td><td rowspan="1" colspan="1"><p>PROGRAMA/AÇÃO/LOCALIZADOR/PRODUTO</p></td><td rowspan="1" colspan="1"><p>FUNCIONAL</p></td><td rowspan="1" colspan="1"><p>E</p><p>S</p><p>F</p></td><td rowspan="1" colspan="1"><p>G</p><p>N</p><p>D</p></td><td rowspan="1" colspan="1"><p>R</p><p>P</p></td><td rowspan="1" colspan="1"><p>M</p><p>O</p><p>D</p></td><td rowspan="1" colspan="1"><p>I</p><p>U</p></td><td rowspan="1" colspan="1"><p>F</p><p>T</p><p>E</p></td><td rowspan="1" colspan="1"><p>VALOR</p></td></tr><tr><td rowspan="1" colspan="1"><p>0032</p></td><td rowspan="1" colspan="1"><p>Programa de Gestão e Manutenção do Poder Executivo</p></td><td rowspan="1" colspan="7" /><td rowspan="1" colspan="1"><p>10.953.032</p></td></tr><tr><td rowspan="1" colspan="1" /><td rowspan="1" colspan="1"><p>Atividades</p></td><td rowspan="1" colspan="1" /><td rowspan="1" colspan="1" /><td rowspan="1" colspan="1" /><td rowspan="1" colspan="1" /><td rowspan="1" colspan="1" /><td rowspan="1" colspan="1" /><td rowspan="1" colspan="1" /><td rowspan="1" colspan="1" /></tr><tr><td rowspan="1" colspan="1"><p>0032 2004</p></td><td rowspan="1" colspan="1"><p>Assistência Médica e Odontológica aos Servidores Civis, Empregados, Militares e seus Dependentes</p></td><td rowspan="1" colspan="1"><p>12 331</p></td><td rowspan="1" colspan="1" /><td rowspan="1" colspan="1" /><td rowspan="1" colspan="1" /><td rowspan="1" colspan="1" /><td rowspan="1" colspan="1" /><td rowspan="1" colspan="1" /><td rowspan="1" colspan="1"><p>250.000</p></td></tr><tr><td rowspan="1" colspan="1"><p>0032 2004 0035</p></td><td rowspan="1" colspan="1"><p>Assistência Médica e Odontológica aos Servidores Civis, Empregados, Militares e seus Dependentes - No Estado de São Paulo</p></td><td rowspan="1" colspan="1"><p>12 331</p></td><td rowspan="1" colspan="1" /><td rowspan="1" colspan="1" /><td rowspan="1" colspan="1" /><td rowspan="1" colspan="1" /><td rowspan="1" colspan="1" /><td rowspan="1" colspan="1" /><td rowspan="1" colspan="1"><p>250.000</p></td></tr><tr><td rowspan="1" colspan="1" /><td rowspan="1" colspan="1" /><td rowspan="1" colspan="1" /><td rowspan="1" colspan="1"><p>F</p></td><td rowspan="1" colspan="1"><p>3-ODC</p></td><td rowspan="1" colspan="1"><p>1</p></td><td rowspan="1" colspan="1"><p>90</p></td><td rowspan="1" colspan="1"><p>8</p></td><td rowspan="1" colspan="1"><p>1000</p></td><td rowspan="1" colspan="1"><p>250.000</p></td></tr><tr><td rowspan="1" colspan="1"><p>0032 20TP</p></td><td rowspan="1" colspan="1"><p>Ativos Civis da União</p></td><td rowspan="1" colspan="1"><p>12 364</p></td><td rowspan="1" colspan="1" /><td rowspan="1" colspan="1" /><td rowspan="1" colspan="1" /><td rowspan="1" colspan="1" /><td rowspan="1" colspan="1" /><td rowspan="1" colspan="1" /><td rowspan="1" colspan="1"><p>6.745.320</p></td></tr><tr><td rowspan="1" colspan="1"><p>0032 20TP 0035</p></td><td rowspan="1" colspan="1"><p>Ativos Civis da União - No Estado de São Paulo</p></td><td rowspan="1" colspan="1"><p>12 364</p></td><td rowspan="1" colspan="1" /><td rowspan="1" colspan="1" /><td rowspan="1" colspan="1" /><td rowspan="1" colspan="1" /><td rowspan="1" colspan="1" /><td rowspan="1" colspan="1" /><td rowspan="1" colspan="1"><p>6.745.320</p></td></tr><tr><td rowspan="1" colspan="1" /><td rowspan="1" colspan="1" /><td rowspan="1" colspan="1" /><td rowspan="1" colspan="1"><p>F</p></td><td rowspan="1" colspan="1"><p>1-PES</p></td><td rowspan="1" colspan="1"><p>1</p></td><td rowspan="1" colspan="1"><p>90</p></td><td rowspan="1" colspan="1"><p>8</p></td><td rowspan="1" colspan="1"><p>1000</p></td><td rowspan="1" colspan="1"><p>6.745.320</p></td></tr><tr><td rowspan="1" colspan="1" /><td rowspan="1" colspan="1"><p>Operações Especiais</p></td><td rowspan="1" colspan="1" /><td rowspan="1" colspan="1" /><td rowspan="1" colspan="1" /><td rowspan="1" colspan="1" /><td rowspan="1" colspan="1" /><td rowspan="1" colspan="1" /><td rowspan="1" colspan="1" /><td rowspan="1" colspan="1" /></tr><tr><td rowspan="1" colspan="1"><p>0032 0181</p></td><td rowspan="1" colspan="1"><p>Aposentadorias e Pensões Civis da União</p></td><td rowspan="1" colspan="1"><p>09 272</p></td><td rowspan="1" colspan="1" /><td rowspan="1" colspan="1" /><td rowspan="1" colspan="1" /><td rowspan="1" colspan="1" /><td rowspan="1" colspan="1" /><td rowspan="1" colspan="1" /><td rowspan="1" colspan="1"><p>1.126.848</p></td></tr><tr><td rowspan="1" colspan="1"><p>0032 0181 0035</p></td><td rowspan="1" colspan="1"><p>Aposentadorias e Pensões Civis da União - No Estado de São Paulo</p></td><td rowspan="1" colspan="1"><p>09 272</p></td><td rowspan="1" colspan="1" /><td rowspan="1" colspan="1" /><td rowspan="1" colspan="1" /><td rowspan="1" colspan="1" /><td rowspan="1" colspan="1" /><td rowspan="1" colspan="1" /><td rowspan="1" colspan="1"><p>1.126.848</p></td></tr><tr><td rowspan="1" colspan="1" /><td rowspan="1" colspan="1" /><td rowspan="1" colspan="1" /><td rowspan="1" colspan="1"><p>S</p></td><td rowspan="1" colspan="1"><p>1-PES</p></td><td rowspan="1" colspan="1"><p>1</p></td><td rowspan="1" colspan="1"><p>90</p></td><td rowspan="1" colspan="1"><p>0</p></td><td rowspan="1" colspan="1"><p>3056</p></td><td rowspan="1" colspan="1"><p>1.126.848</p></td></tr><tr><td rowspan="1" colspan="1"><p>0032 09HB</p></td><td rowspan="1" colspan="1"><p>Contribuição da União, de suas Autarquias e Fundações para o Custeio do Regime de Previdência dos Servidores Públicos Federais</p></td><td rowspan="1" colspan="1"><p>12 846</p></td><td rowspan="1" colspan="1" /><td rowspan="1" colspan="1" /><td rowspan="1" colspan="1" /><td rowspan="1" colspan="1" /><td rowspan="1" colspan="1" /><td rowspan="1" colspan="1" /><td rowspan="1" colspan="1"><p>2.830.864</p></td></tr><tr><td rowspan="1" colspan="1"><p>0032 09HB 0035</p></td><td rowspan="1" colspan="1"><p>Contribuição da União, de suas Autarquias e Fundações para o Custeio do Regime de Previdência dos Servidores Públicos Federais - No Estado de São Paulo</p></td><td rowspan="1" colspan="1"><p>12 846</p></td><td rowspan="1" colspan="1" /><td rowspan="1" colspan="1" /><td rowspan="1" colspan="1" /><td rowspan="1" colspan="1" /><td rowspan="1" colspan="1" /><td rowspan="1" colspan="1" /><td rowspan="1" colspan="1"><p>2.830.864</p></td></tr><tr><td rowspan="1" colspan="1" /><td rowspan="1" colspan="1" /><td rowspan="1" colspan="1" /><td rowspan="1" colspan="1"><p>F</p></td><td rowspan="1" colspan="1"><p>1-PES</p></td><td rowspan="1" colspan="1"><p>0</p></td><td rowspan="1" colspan="1"><p>91</p></td><td rowspan="1" colspan="1"><p>8</p></td><td rowspan="1" colspan="1"><p>1000</p></td><td rowspan="1" colspan="1"><p>2.830.864</p></td></tr><tr><td rowspan="1" colspan="9"><p>TOTAL - FISCAL</p></td><td rowspan="1" colspan="1"><p>9.826.184</p></td></tr><tr><td rowspan="1" colspan="9"><p>TOTAL - SEGURIDADE</p></td><td rowspan="1" colspan="1"><p>1.126.848</p></td></tr><tr><td rowspan="1" colspan="9"><p>TOTAL - GERAL</p></td><td rowspan="1" colspan="1"><p>10.953.032</p></td></tr><tr><td rowspan="1" colspan="9" /><td rowspan="1" colspan="1" /></tr><tr><td rowspan="1" colspan="10"><p>ÓRGÃO: 26000 - Ministério da Educação</p></td></tr><tr><td rowspan="1" colspan="3"><p>UNIDADE: 26358 - Hospital Universitário Prof. Alberto Antunes</p></td><td rowspan="1" colspan="7" /></tr><tr><td rowspan="1" colspan="3"><p>ANEXO I</p></td><td rowspan="1" colspan="7"><p>Crédito Suplementar</p></td></tr><tr><td rowspan="1" colspan="3"><p>PROGRAMA DE TRABALHO ( SUPLEMENTAÇÃO )</p></td><td rowspan="1" colspan="7"><p>Recurso de Todas as Fontes R$ 1,00</p></td></tr><tr><td rowspan="1" colspan="1"><p>PROGRAMÁTICA</p></td><td rowspan="1" colspan="1"><p>PROGRAMA/AÇÃO/LOCALIZADOR/PRODUTO</p></td><td rowspan="1" colspan="1"><p>FUNCIONAL</p></td><td rowspan="1" colspan="1"><p>E</p><p>S</p><p>F</p></td><td rowspan="1" colspan="1"><p>G</p><p>N</p><p>D</p></td><td rowspan="1" colspan="1"><p>R</p><p>P</p></td><td rowspan="1" colspan="1"><p>M</p><p>O</p><p>D</p></td><td rowspan="1" colspan="1"><p>I</p><p>U</p></td><td rowspan="1" colspan="1"><p>F</p><p>T</p><p>E</p></td><td rowspan="1" colspan="1"><p>VALOR</p></td></tr><tr><td rowspan="1" colspan="1"><p>0032</p></td><td rowspan="1" colspan="1"><p>Programa de Gestão e Manutenção do Poder Executivo</p></td><td rowspan="1" colspan="7" /><td rowspan="1" colspan="1"><p>2.608.787</p></td></tr><tr><td rowspan="1" colspan="1" /><td rowspan="1" colspan="1"><p>Atividades</p></td><td rowspan="1" colspan="1" /><td rowspan="1" colspan="1" /><td rowspan="1" colspan="1" /><td rowspan="1" colspan="1" /><td rowspan="1" colspan="1" /><td rowspan="1" colspan="1" /><td rowspan="1" colspan="1" /><td rowspan="1" colspan="1" /></tr><tr><td rowspan="1" colspan="1"><p>0032 20TP</p></td><td rowspan="1" colspan="1"><p>Ativos Civis da União</p></td><td rowspan="1" colspan="1"><p>12 302</p></td><td rowspan="1" colspan="1" /><td rowspan="1" colspan="1" /><td rowspan="1" colspan="1" /><td rowspan="1" colspan="1" /><td rowspan="1" colspan="1" /><td rowspan="1" colspan="1" /><td rowspan="1" colspan="1"><p>855.308</p></td></tr><tr><td rowspan="1" colspan="1"><p>0032 20TP 0027</p></td><td rowspan="1" colspan="1"><p>Ativos Civis da União - No Estado de Alagoas</p></td><td rowspan="1" colspan="1"><p>12 302</p></td><td rowspan="1" colspan="1" /><td rowspan="1" colspan="1" /><td rowspan="1" colspan="1" /><td rowspan="1" colspan="1" /><td rowspan="1" colspan="1" /><td rowspan="1" colspan="1" /><td rowspan="1" colspan="1"><p>855.308</p></td></tr><tr><td rowspan="1" colspan="1" /><td rowspan="1" colspan="1" /><td rowspan="1" colspan="1" /><td rowspan="1" colspan="1"><p>S</p></td><td rowspan="1" colspan="1"><p>1-PES</p></td><td rowspan="1" colspan="1"><p>1</p></td><td rowspan="1" colspan="1"><p>90</p></td><td rowspan="1" colspan="1"><p>8</p></td><td rowspan="1" colspan="1"><p>1000</p></td><td rowspan="1" colspan="1"><p>855.308</p></td></tr><tr><td rowspan="1" colspan="1" /><td rowspan="1" colspan="1"><p>Operações Especiais</p></td><td rowspan="1" colspan="1" /><td rowspan="1" colspan="1" /><td rowspan="1" colspan="1" /><td rowspan="1" colspan="1" /><td rowspan="1" colspan="1" /><td rowspan="1" colspan="1" /><td rowspan="1" colspan="1" /><td rowspan="1" colspan="1" /></tr><tr><td rowspan="1" colspan="1"><p>0032 0181</p></td><td rowspan="1" colspan="1"><p>Aposentadorias e Pensões Civis da União</p></td><td rowspan="1" colspan="1"><p>09 272</p></td><td rowspan="1" colspan="1" /><td rowspan="1" colspan="1" /><td rowspan="1" colspan="1" /><td rowspan="1" colspan="1" /><td rowspan="1" colspan="1" /><td rowspan="1" colspan="1" /><td rowspan="1" colspan="1"><p>1.519.585</p></td></tr><tr><td rowspan="1" colspan="1"><p>0032 0181 0027</p></td><td rowspan="1" colspan="1"><p>Aposentadorias e Pensões Civis da União - No Estado de Alagoas</p></td><td rowspan="1" colspan="1"><p>09 272</p></td><td rowspan="1" colspan="1" /><td rowspan="1" colspan="1" /><td rowspan="1" colspan="1" /><td rowspan="1" colspan="1" /><td rowspan="1" colspan="1" /><td rowspan="1" colspan="1" /><td rowspan="1" colspan="1"><p>1.519.585</p></td></tr><tr><td rowspan="1" colspan="1" /><td rowspan="1" colspan="1" /><td rowspan="1" colspan="1" /><td rowspan="1" colspan="1"><p>S</p></td><td rowspan="1" colspan="1"><p>1-PES</p></td><td rowspan="1" colspan="1"><p>1</p></td><td rowspan="1" colspan="1"><p>90</p></td><td rowspan="1" colspan="1"><p>0</p></td><td rowspan="1" colspan="1"><p>3056</p></td><td rowspan="1" colspan="1"><p>1.519.585</p></td></tr><tr><td rowspan="1" colspan="1"><p>0032 09HB</p></td><td rowspan="1" colspan="1"><p>Contribuição da União, de suas Autarquias e Fundações para o Custeio do Regime de Previdência dos Servidores Públicos Federais</p></td><td rowspan="1" colspan="1"><p>12 846</p></td><td rowspan="1" colspan="1" /><td rowspan="1" colspan="1" /><td rowspan="1" colspan="1" /><td rowspan="1" colspan="1" /><td rowspan="1" colspan="1" /><td rowspan="1" colspan="1" /><td rowspan="1" colspan="1"><p>233.894</p></td></tr><tr><td rowspan="1" colspan="1"><p>0032 09HB 0027</p></td><td rowspan="1" colspan="1"><p>Contribuição da União, de suas Autarquias e Fundações para o Custeio do Regime de Previdência dos Servidores Públicos Federais - No Estado de Alagoas</p></td><td rowspan="1" colspan="1"><p>12 846</p></td><td rowspan="1" colspan="1" /><td rowspan="1" colspan="1" /><td rowspan="1" colspan="1" /><td rowspan="1" colspan="1" /><td rowspan="1" colspan="1" /><td rowspan="1" colspan="1" /><td rowspan="1" colspan="1"><p>233.894</p></td></tr><tr><td rowspan="1" colspan="1" /><td rowspan="1" colspan="1" /><td rowspan="1" colspan="1" /><td rowspan="1" colspan="1"><p>S</p></td><td rowspan="1" colspan="1"><p>1-PES</p></td><td rowspan="1" colspan="1"><p>0</p></td><td rowspan="1" colspan="1"><p>91</p></td><td rowspan="1" colspan="1"><p>8</p></td><td rowspan="1" colspan="1"><p>1000</p></td><td rowspan="1" colspan="1"><p>233.894</p></td></tr><tr><td rowspan="1" colspan="9"><p>TOTAL - FISCAL</p></td><td rowspan="1" colspan="1"><p>0</p></td></tr><tr><td rowspan="1" colspan="9"><p>TOTAL - SEGURIDADE</p></td><td rowspan="1" colspan="1"><p>2.608.787</p></td></tr><tr><td rowspan="1" colspan="9"><p>TOTAL - GERAL</p></td><td rowspan="1" colspan="1"><p>2.608.787</p></td></tr><tr><td rowspan="1" colspan="9" /><td rowspan="1" colspan="1" /></tr><tr><td rowspan="1" colspan="10"><p>ÓRGÃO: 26000 - Ministério da Educação</p></td></tr><tr><td rowspan="1" colspan="3"><p>UNIDADE: 26359 - Complexo Hospitalar e de Saúde da Universidade Federal da Bahia</p></td><td rowspan="1" colspan="7" /></tr><tr><td rowspan="1" colspan="3"><p>ANEXO I</p></td><td rowspan="1" colspan="7"><p>Crédito Suplementar</p></td></tr><tr><td rowspan="1" colspan="3"><p>PROGRAMA DE TRABALHO ( SUPLEMENTAÇÃO )</p></td><td rowspan="1" colspan="7"><p>Recurso de Todas as Fontes R$ 1,00</p></td></tr><tr><td rowspan="1" colspan="1"><p>PROGRAMÁTICA</p></td><td rowspan="1" colspan="1"><p>PROGRAMA/AÇÃO/LOCALIZADOR/PRODUTO</p></td><td rowspan="1" colspan="1"><p>FUNCIONAL</p></td><td rowspan="1" colspan="1"><p>E</p><p>S</p><p>F</p></td><td rowspan="1" colspan="1"><p>G</p><p>N</p><p>D</p></td><td rowspan="1" colspan="1"><p>R</p><p>P</p></td><td rowspan="1" colspan="1"><p>M</p><p>O</p><p>D</p></td><td rowspan="1" colspan="1"><p>I</p><p>U</p></td><td rowspan="1" colspan="1"><p>F</p><p>T</p><p>E</p></td><td rowspan="1" colspan="1"><p>VALOR</p></td></tr><tr><td rowspan="1" colspan="1"><p>0032</p></td><td rowspan="1" colspan="1"><p>Programa de Gestão e Manutenção do Poder Executivo</p></td><td rowspan="1" colspan="7" /><td rowspan="1" colspan="1"><p>4.762.987</p></td></tr><tr><td rowspan="1" colspan="1" /><td rowspan="1" colspan="1"><p>Atividades</p></td><td rowspan="1" colspan="1" /><td rowspan="1" colspan="1" /><td rowspan="1" colspan="1" /><td rowspan="1" colspan="1" /><td rowspan="1" colspan="1" /><td rowspan="1" colspan="1" /><td rowspan="1" colspan="1" /><td rowspan="1" colspan="1" /></tr><tr><td rowspan="1" colspan="1"><p>0032 20TP</p></td><td rowspan="1" colspan="1"><p>Ativos Civis da União</p></td><td rowspan="1" colspan="1"><p>12 302</p></td><td rowspan="1" colspan="1" /><td rowspan="1" colspan="1" /><td rowspan="1" colspan="1" /><td rowspan="1" colspan="1" /><td rowspan="1" colspan="1" /><td rowspan="1" colspan="1" /><td rowspan="1" colspan="1"><p>3.232.120</p></td></tr><tr><td rowspan="1" colspan="1"><p>0032 20TP 0029</p></td><td rowspan="1" colspan="1"><p>Ativos Civis da União - No Estado da Bahia</p></td><td rowspan="1" colspan="1"><p>12 302</p></td><td rowspan="1" colspan="1" /><td rowspan="1" colspan="1" /><td rowspan="1" colspan="1" /><td rowspan="1" colspan="1" /><td rowspan="1" colspan="1" /><td rowspan="1" colspan="1" /><td rowspan="1" colspan="1"><p>3.232.120</p></td></tr><tr><td rowspan="1" colspan="1" /><td rowspan="1" colspan="1" /><td rowspan="1" colspan="1" /><td rowspan="1" colspan="1"><p>S</p></td><td rowspan="1" colspan="1"><p>1-PES</p></td><td rowspan="1" colspan="1"><p>1</p></td><td rowspan="1" colspan="1"><p>90</p></td><td rowspan="1" colspan="1"><p>8</p></td><td rowspan="1" colspan="1"><p>1000</p></td><td rowspan="1" colspan="1"><p>3.232.120</p></td></tr><tr><td rowspan="1" colspan="1" /><td rowspan="1" colspan="1"><p>Operações Especiais</p></td><td rowspan="1" colspan="1" /><td rowspan="1" colspan="1" /><td rowspan="1" colspan="1" /><td rowspan="1" colspan="1" /><td rowspan="1" colspan="1" /><td rowspan="1" colspan="1" /><td rowspan="1" colspan="1" /><td rowspan="1" colspan="1" /></tr><tr><td rowspan="1" colspan="1"><p>0032 0181</p></td><td rowspan="1" colspan="1"><p>Aposentadorias e Pensões Civis da União</p></td><td rowspan="1" colspan="1"><p>09 272</p></td><td rowspan="1" colspan="1" /><td rowspan="1" colspan="1" /><td rowspan="1" colspan="1" /><td rowspan="1" colspan="1" /><td rowspan="1" colspan="1" /><td rowspan="1" colspan="1" /><td rowspan="1" colspan="1"><p>181.267</p></td></tr><tr><td rowspan="1" colspan="1"><p>0032 0181 0029</p></td><td rowspan="1" colspan="1"><p>Aposentadorias e Pensões Civis da União - No Estado da Bahia</p></td><td rowspan="1" colspan="1"><p>09 272</p></td><td rowspan="1" colspan="1" /><td rowspan="1" colspan="1" /><td rowspan="1" colspan="1" /><td rowspan="1" colspan="1" /><td rowspan="1" colspan="1" /><td rowspan="1" colspan="1" /><td rowspan="1" colspan="1"><p>181.267</p></td></tr><tr><td rowspan="1" colspan="1" /><td rowspan="1" colspan="1" /><td rowspan="1" colspan="1" /><td rowspan="1" colspan="1"><p>S</p></td><td rowspan="1" colspan="1"><p>1-PES</p></td><td rowspan="1" colspan="1"><p>1</p></td><td rowspan="1" colspan="1"><p>90</p></td><td rowspan="1" colspan="1"><p>0</p></td><td rowspan="1" colspan="1"><p>3056</p></td><td rowspan="1" colspan="1"><p>181.267</p></td></tr><tr><td rowspan="1" colspan="1"><p>0032 09HB</p></td><td rowspan="1" colspan="1"><p>Contribuição da União, de suas Autarquias e Fundações para o Custeio do Regime de Previdência dos Servidores Públicos Federais</p></td><td rowspan="1" colspan="1"><p>12 846</p></td><td rowspan="1" colspan="1" /><td rowspan="1" colspan="1" /><td rowspan="1" colspan="1" /><td rowspan="1" colspan="1" /><td rowspan="1" colspan="1" /><td rowspan="1" colspan="1" /><td rowspan="1" colspan="1"><p>1.349.600</p></td></tr><tr><td rowspan="1" colspan="1"><p>0032 09HB 0029</p></td><td rowspan="1" colspan="1"><p>Contribuição da União, de suas Autarquias e Fundações para o Custeio do Regime de Previdência dos Servidores Públicos Federais - No Estado da Bahia</p></td><td rowspan="1" colspan="1"><p>12 846</p></td><td rowspan="1" colspan="1" /><td rowspan="1" colspan="1" /><td rowspan="1" colspan="1" /><td rowspan="1" colspan="1" /><td rowspan="1" colspan="1" /><td rowspan="1" colspan="1" /><td rowspan="1" colspan="1"><p>1.349.600</p></td></tr><tr><td rowspan="1" colspan="1" /><td rowspan="1" colspan="1" /><td rowspan="1" colspan="1" /><td rowspan="1" colspan="1"><p>S</p></td><td rowspan="1" colspan="1"><p>1-PES</p></td><td rowspan="1" colspan="1"><p>0</p></td><td rowspan="1" colspan="1"><p>91</p></td><td rowspan="1" colspan="1"><p>8</p></td><td rowspan="1" colspan="1"><p>1000</p></td><td rowspan="1" colspan="1"><p>1.349.600</p></td></tr><tr><td rowspan="1" colspan="9"><p>TOTAL - FISCAL</p></td><td rowspan="1" colspan="1"><p>0</p></td></tr><tr><td rowspan="1" colspan="9"><p>TOTAL - SEGURIDADE</p></td><td rowspan="1" colspan="1"><p>4.762.987</p></td></tr><tr><td rowspan="1" colspan="9"><p>TOTAL - GERAL</p></td><td rowspan="1" colspan="1"><p>4.762.987</p></td></tr></table>]]></Texto>
  </body>
  <Midias />
</article></xml>