﻿<xml><article id="45713319" name="ato_29092025" idOficio="11315439" pubName="DO1" artType="Ato" pubDate="01/10/2025" artClass="00014:00019:00014:00162:00000:00000:00000:00000:00000:00000:00006:00000" artCategory="Ministério das Comunicações/Agência Nacional de Telecomunicações/Superintendência de Fiscalização/Gerência Regional nos Estados do Amazonas, Acre, Rondônia e Roraima" artSize="12" artNotes="" numberPage="19" pdfPage="http://pesquisa.in.gov.br/imprensa/jsp/visualiza/index.jsp?data=01/10/2025&amp;jornal=515&amp;pagina=19" editionNumber="187" highlightType="" highlightPriority="" highlight="" highlightimage="" highlightimagename="" idMateria="23160118">
  <body>
    <Identifica><![CDATA[ ATOS DE 29 DE SETEMBRO DE 2025]]></Identifica>
    <Data><![CDATA[]]></Data>
    <Ementa />
    <Titulo />
    <SubTitulo />
    <Texto><![CDATA[<p class="identifica">ATOS DE 29 DE SETEMBRO DE 2025</p><p>Expede autorização para explorar Serviços de Telecomunicações de Interesse Restrito, por prazo indeterminado, sem caráter de exclusividade, e tendo como área de prestação de serviço todo o território nacional as entidades a seguir relacionadas.</p><p>Nº 13.903. Processo: 53578.001497/2025-71. LAURO ROSAS NETO, CPF nº ***.142.112-**</p><p>Nº 13.907. Processo: 53578.001500/2025-57. OTAVIO GOMES DA SILVA, CPF nº ***.227.082-**</p><p class="assina">Celso Henrique Heredias Ribas</p><p class="cargo">Gerente</p>]]></Texto>
  </body>
  <Midias />
</article></xml>