﻿<xml><article id="45719987" name="2025-09-30/11316704/ANMWS_231624" idOficio="11316704" pubName="DO1" artType="Despacho" pubDate="01/10/2025" artClass="00035:00044:00052:00005:00000:00000:00000:00000:00000:00000:00024:00010" artCategory="Ministério de Minas e Energia/Agência Nacional de Mineração/Superintendência de Segurança de Barragens e Pilhas de Mineração/Gerência de Barragens de Mineração" artSize="12" artNotes="" numberPage="107" pdfPage="http://pesquisa.in.gov.br/imprensa/jsp/visualiza/index.jsp?data=01/10/2025&amp;jornal=515&amp;pagina=107" editionNumber="187" highlightType="" highlightPriority="" highlight="" highlightimage="" highlightimagename="" idMateria="23162438">
  <body>
    <Identifica><![CDATA[Despacho]]></Identifica>
    <Data><![CDATA[]]></Data>
    <Ementa />
    <Titulo />
    <SubTitulo />
    <Texto><![CDATA[<p class="identifica">Despacho</p><p class="identifica">Relação Nº 10/2025</p><p>Fase de Concessão de Lavra</p><p>Autoriza o desembargo da barragem de mineração.(2530)</p><p>Dicão Leste-VALE S.A.-930.150/1983</p><p>Planta-RIO CABACAL MINERACAO LTDA-861.956/1980</p><p>Fase de Lavra Garimpeira</p><p>Autoriza o desembargo da barragem de mineração.(2532)</p><p>Ouro Fino-SANDER LIMA DE FRANCA-867.216/2005</p><p class="assina">DAVID DE BARROS GALO</p><p class="cargo">Gerente</p>]]></Texto>
  </body>
  <Midias />
</article></xml>