﻿<xml><article id="45717839" name="Extrato 2025-09-30 - Ato 14084 (" idOficio="11316291" pubName="DO1" artType="Ato" pubDate="01/10/2025" artClass="00014:00019:00014:00154:00000:00000:00000:00000:00000:00000:00006:00000" artCategory="Ministério das Comunicações/Agência Nacional de Telecomunicações/Superintendência de Fiscalização/Gerência Regional nos Estados do Paraná e Santa Catarina" artSize="12" artNotes="" numberPage="19" pdfPage="http://pesquisa.in.gov.br/imprensa/jsp/visualiza/index.jsp?data=01/10/2025&amp;jornal=515&amp;pagina=19" editionNumber="187" highlightType="" highlightPriority="" highlight="" highlightimage="" highlightimagename="" idMateria="23161392">
  <body>
    <Identifica><![CDATA[ ATO Nº 14.084 DE 30 DE SETEMBRO DE 2025]]></Identifica>
    <Data><![CDATA[]]></Data>
    <Ementa />
    <Titulo />
    <SubTitulo />
    <Texto><![CDATA[<p class="identifica">ATO Nº 14.084 DE 30 DE SETEMBRO DE 2025</p><p>Processo nº 53516.003721/2025-94: Outorga à ADEMIR ANTONIO RIEDI, CPF nº ***.476.909-**, autorização para uso de radiofrequência associada à autorização para exploração do Serviço Limitado Privado.</p><p class="assina">CELSO FRANCISCO ZEMANN</p><p class="cargo">Gerente</p>]]></Texto>
  </body>
  <Midias />
</article></xml>