﻿<xml><article id="45725007" name="PRT SPA MF 2217 DE 30.09.2025" idOficio="11317333" pubName="DO1" artType="Portaria" pubDate="01/10/2025" artClass="00028:00037:00000:00000:00000:00000:00000:00000:00000:00000:00054:00000" artCategory="Ministério da Fazenda/Secretaria de Prêmios e Apostas" artSize="12" artNotes="" numberPage="75" pdfPage="http://pesquisa.in.gov.br/imprensa/jsp/visualiza/index.jsp?data=01/10/2025&amp;jornal=515&amp;pagina=75" editionNumber="187" highlightType="" highlightPriority="" highlight="" highlightimage="" highlightimagename="" idMateria="23163792">
  <body>
    <Identifica><![CDATA[ PORTARIA SPA/MF Nº 2.217, DE 30 DE SETEMBRO DE 2025]]></Identifica>
    <Data><![CDATA[]]></Data>
    <Ementa><![CDATA[ Altera a Portaria SPA/MF nº 1.231, de 31 de julho de 2024, para incluir hipótese de vedação da participação nas apostas de quota fixa com recursos provenientes do Programa Bolsa Família e do Benefício de Prestação Continuada.]]></Ementa>
    <Titulo />
    <SubTitulo />
    <Texto><![CDATA[<p class="identifica">PORTARIA SPA/MF Nº 2.217, DE 30 DE SETEMBRO DE 2025</p><p class="ementa">Altera a Portaria SPA/MF nº 1.231, de 31 de julho de 2024, para incluir hipótese de vedação da participação nas apostas de quota fixa com recursos provenientes do Programa Bolsa Família e do Benefício de Prestação Continuada.</p><p>O SECRETÁRIO DE PRÊMIOS E APOSTAS DO MINISTÉRIO DA FAZENDA, no uso das atribuições que lhe confere o art. 55, caput, inciso I, alínea "d", do Anexo l do Decreto nº 11.907, de 30 de janeiro de 2024, e tendo em vista o disposto no art. 29, § 3º, da Lei nº 13.756, de 12 de dezembro de 2018, e na Lei nº 14.790, de 29 de dezembro de 2023, e em cumprimento às medidas cautelares deferidas pelo Supremo Tribunal Federal nas Ações Diretas de Inconstitucionalidade nº 7721 e nº 7723, e considerando o arrazoado pelo Tribunal de Contas da União no Processo TC 023.126/2024-8, resolve:</p><p>Art. 1º A Portaria SPA/MF nº 1.231, de 31 de julho de 2024, passa a vigorar com a seguinte redação:</p><p>"Art. 8º ................................................................................................................</p><p>............................................................................................................................</p><p>VI - pessoa diagnosticada com ludopatia por laudo de profissional de saúde mental habilitado;</p><p>VII - pessoas impedidas de apostar por decisão administrativa ou judicial específica, quando formalmente notificado; e</p><p>VIII - pessoas beneficiárias do Programa Bolsa Família, de que trata a Lei nº 14.601, de 19 de junho de 2023, e do Benefício de Prestação Continuada, de que trata a Lei nº 8.742, de 7 de dezembro de 1993." (NR)</p><p>Art. 2º Ato específico disporá sobre o cronograma para implementação, monitoramento e fiscalização do dever de que trata o art. 8º, caput, inciso VIII, da Portaria nº SPA/MF nº 1.231, de 31 de julho de 2024.</p><p>Art. 3º Esta Portaria entra em vigor na data de sua publicação.</p><p class="assina">REGIS ANDERSON DUDENA</p>]]></Texto>
  </body>
  <Midias />
</article></xml>