﻿<xml><article id="45724836" name="664 - Portaria de Reducao - Secr" idOficio="11317322" pubName="DO1" artType="Portaria" pubDate="01/10/2025" artClass="00015:00023:00000:00000:00000:00000:00000:00000:00000:00000:00054:00000" artCategory="Ministério da Cultura/Secretaria de Fomento e Incentivo à Cultura" artSize="12" artNotes="" numberPage="28" pdfPage="http://pesquisa.in.gov.br/imprensa/jsp/visualiza/index.jsp?data=01/10/2025&amp;jornal=515&amp;pagina=28" editionNumber="187" highlightType="" highlightPriority="" highlight="" highlightimage="" highlightimagename="" idMateria="23163736">
  <body>
    <Identifica><![CDATA[ PORTARIA SEFIC/MINC Nº 664, DE 30 DE SETEMBRO DE 2025]]></Identifica>
    <Data><![CDATA[]]></Data>
    <Ementa />
    <Titulo />
    <SubTitulo />
    <Texto><![CDATA[<p class="identifica">PORTARIA SEFIC/MINC Nº 664, DE 30 DE SETEMBRO DE 2025</p><p>O SECRETÁRIO DE FOMENTO E INCENTIVO À CULTURA, no uso das atribuições legais, que lhe confere a Portaria nº 310, de 27 de junho de 2025 e a Portaria MinC nº 225, de 23 de julho de 2025, resolve:</p><p>Art. 1.º - Homologar a redução de valor em favor do(s) projeto(s) cultural(is) relacionado(s) no(s) anexo(s) desta Portaria, para o(s) qual(is) o(s) proponente(s) fica(m) autorizado(s) a captar recursos, mediante doações ou patrocínios, na forma prevista no § 1º do artigo 18 e no artigo 26 da Lei n.º 8.313, de 23 de dezembro de 1991, alterada pela Lei nº 9.874, de 23 de novembro de 1999.</p><p>Art. 2.º - Esta portaria entra em vigor na data de sua publicação.</p><p class="assina">HENILTON PARENTE DE MENEZES</p><p>ANEXO</p><p>ÁREA: 5 Patrimônio Cultural (Artigo 18 , § 1º )</p><p>221973 - Ações de revitalização patrimonial do Museu Histórico Nacional I</p><p>Associação dos Amigos do Museu Histórico Nacional</p><p>CNPJ/CPF: 32.268.617/0001-89</p><p>Cidade: Rio de Janeiro - RJ;</p><p>Valor Reduzido: R$ 4.073.336,69</p><p>Valor total atual: R$ 5.870.663,31</p><p>ÁREA: 3 Música (Artigo 18 , § 1º )</p><p>2416037 - Esquenta Curicaca</p><p>FORA DA CAIXA LTDA</p><p>CNPJ/CPF: 17.410.170/0001-47</p><p>Cidade: Brasília - DF;</p><p>Valor Reduzido: R$ 1.778.296,94</p><p>Valor total atual: R$ 4.794.631,81</p>]]></Texto>
  </body>
  <Midias />
</article></xml>