﻿<xml><article id="45714099" name="DECISAO SUPAS 1392" idOficio="11315532" pubName="DO1" artType="Decisão" pubDate="01/10/2025" artClass="00050:00019:00052:00000:00000:00000:00000:00000:00000:00000:00018:00000" artCategory="Ministério dos Transportes/Agência Nacional de Transportes Terrestres/Superintendência de Serviços de Transporte Rodoviário de Passageiros" artSize="12" artNotes="" numberPage="239" pdfPage="http://pesquisa.in.gov.br/imprensa/jsp/visualiza/index.jsp?data=01/10/2025&amp;jornal=515&amp;pagina=239" editionNumber="187" highlightType="" highlightPriority="" highlight="" highlightimage="" highlightimagename="" idMateria="23160382">
  <body>
    <Identifica><![CDATA[ DECISÃO SUPAS Nº 1.392, DE 24 DE SETEMBRO DE 2025]]></Identifica>
    <Data><![CDATA[]]></Data>
    <Ementa />
    <Titulo />
    <SubTitulo />
    <Texto><![CDATA[<p class="identifica">DECISÃO SUPAS Nº 1.392, DE 24 DE SETEMBRO DE 2025</p><p>O Superintendente de Serviços de Transporte Rodoviário de Passageiros da Agência Nacional de Transportes Terrestres - ANTT, no uso de suas atribuições, em conformidade com o art. 3º e o inciso X do art. 8º, ambos do Anexo da Resolução nº 5.818, de 3 de maio de 2018, e com o inciso IV do art. 29, e inciso VIII do art. 105, ambos da Resolução nº 5.976, de 7 de abril de 2022;</p><p>CONSIDERANDO que os mercados objetos do pleito de emissão de TAR não são autorizados à requerente; e</p><p>CONSIDERANDO o que consta no processo nº 50505.053365/2025-91, decide:</p><p>Art. 1º Indeferir o pedido de emissão do Termo de Autorização à ELITE VITÓRIA 7000 TRANSPORTADORA TURÍSTICA LTDA., CNPJ nº 22.783.790/0001-61, para prestação do serviço regular de transporte rodoviário coletivo interestadual de passageiros, sob o regime de autorização, nas linhas PORTO ALEGRE/RS-JABOTICATUBAS/MG; JABOTICATUBAS/MG-CABO FRIO/MG; JABOTICATUBAS/MG-RIO DE JANEIRO/RJ; ARUJÁ/SP-CABO FRIO/RJ; JABOTICATUBAS/MG-FOZ DO IGUAÇU/PR; GOVERNADOR VALADARES/MG-PRESIDENTE KENNEDY/ES; GOVERNADOR VALADARES/MG-SÃO VICENTE DE PAULA/RJ; GOVERNADOR VALADARES/MG-ARUJÁ/SP; DORES DO INADIÁ/MG-GUARAPARI/ES; VITÓRIA/ES-ARUJÁ/SP; PORTO SEGURO/BA-NOVA UNIÃO/MG; SANTA CRUZ CABRÁLIA/BA-IBIAÍ/MG, e suas seções.</p><p>Art. 2º Esta Decisão entra em vigor na data de sua publicação.</p><p class="assina">JULIANO DE BARROS SAMÔR</p>]]></Texto>
  </body>
  <Midias />
</article></xml>