﻿<xml><article id="45718652" name="DECISAO SUROD 1.141" idOficio="11316473" pubName="DO1" artType="Decisão" pubDate="01/10/2025" artClass="00050:00019:00051:00000:00000:00000:00000:00000:00000:00000:00018:00000" artCategory="Ministério dos Transportes/Agência Nacional de Transportes Terrestres/Superintendência de Infraestrutura Rodoviária" artSize="12" artNotes="" numberPage="238" pdfPage="http://pesquisa.in.gov.br/imprensa/jsp/visualiza/index.jsp?data=01/10/2025&amp;jornal=515&amp;pagina=238" editionNumber="187" highlightType="" highlightPriority="" highlight="" highlightimage="" highlightimagename="" idMateria="23161567">
  <body>
    <Identifica><![CDATA[ DECISÃO SUROD Nº 1.141, DE 26 DE SETEMBRO DE 2025]]></Identifica>
    <Data><![CDATA[]]></Data>
    <Ementa />
    <Titulo />
    <SubTitulo />
    <Texto><![CDATA[<p class="identifica">DECISÃO SUROD Nº 1.141, DE 26 DE SETEMBRO DE 2025</p><p>O Superintendente de Infraestrutura Rodoviária da Agência Nacional de Transportes Terrestres - ANTT, no uso de suas atribuições, conforme disposto no art. 25 da Resolução ANTT nº 5.977/2022, de 07/04/022, e no art. 142 da Resolução ANTT nº 6.000/2022, de 01/12/2022, no que consta do Processo nº 50505.030626/2025-02, decide:</p><p>Art. 1º Autorizar o início de execução da Obra de Implantação da Passarela no km 198+430 da rodovia BR-153/GO, referente ao Item 3.2.1.2 do Programa de Exploração da Rodovia - PER do Contrato do Edital de Concessão nº 001/2021 da Concessionária Ecovias Araguaia S.A, inscrita no CPNJ nº 15.090.690/0001-94.</p><p>Art. 2º A obra em questão faz parte do item 3.2.1.2 - Obras de Melhorias do Programa de Exploração da Rodovia - PER do Contrato do Edital de Concessão nº 001/2021, e possui previsão de conclusão até o 4º ano de concessão (07/10/2025).</p><p>Art. 3º Esta Decisão entra em vigor na data de sua publicação.</p><p class="assina">FERNANDO DE FREITAS BEZERRA</p>]]></Texto>
  </body>
  <Midias />
</article></xml>