﻿<xml><article id="45718049" name="PIN 340220251022 (extraordinaria" idOficio="11316279" pubName="DO1" artType="Pauta" pubDate="01/10/2025" artClass="00028:00015:00003:00007:00003:00000:00000:00000:00000:00000:00053:00000" artCategory="Ministério da Fazenda/Conselho Administrativo de Recursos Fiscais/3ª Seção/4ª Câmara/2ª Turma Ordinária" artSize="12" artNotes="" numberPage="68" pdfPage="http://pesquisa.in.gov.br/imprensa/jsp/visualiza/index.jsp?data=01/10/2025&amp;jornal=515&amp;pagina=68" editionNumber="187" highlightType="" highlightPriority="" highlight="" highlightimage="" highlightimagename="" idMateria="23161381">
  <body>
    <Identifica><![CDATA[ PAUTA DE JULGAMENTO]]></Identifica>
    <Data><![CDATA[]]></Data>
    <Ementa />
    <Titulo />
    <SubTitulo />
    <Texto><![CDATA[<p class="identifica">PAUTA DE JULGAMENTO</p><p>Data da Reunião 22/10/2025</p><p>Pauta extraordinária de julgamento dos recursos da 2ª Turma Ordinária da 4ª Câmara da 3ª Seção, em reunião assíncrona, realizada por meio do Plenário Virtual, com duração de 1 (um) dia, tendo início às 9h do dia 22/10/2025 e fim às 23h59min do mesmo dia.</p><p>OBSERVAÇÕES:</p><p>1) Arquivos de sustentação oral e memoriais devem ser postados até cinco dias após a publicação da pauta;</p><p>2) Pedidos de retirada de pauta devem ser enviados até cinco dias após a publicação da pauta;</p><p>3) Serão desconsiderados a sustentação oral e o memorial cujos arquivos transmitidos não atendam à duração e aos requisitos previstos, respectivamente, no art. 11, e no art. 12 da Portaria CARF/MF nº 1.240, de 2 de agosto de 2024; e</p><p>4) A publicidade da reunião será garantida por meio do Sistema de Acompanhamento do Plenário Virtual - SAPVI, com acesso pelo endereço https://sapvi.carf.economia.gov.br/home.</p><p>DIA 22 de Outubro de 2025, ÀS 09:00 HORAS</p><p>Relator(a): CYNTHIA ELENA DE CAMPOS</p><p>1 - Processo nº: 10314.721134/2017-34 - Recorrente: MULT LINE COMERCIO, IMPORTACAO E EXPORTACAO LTDA e Interessado: FAZENDA NACIONAL</p><p>2 - Processo nº: 10611.720479/2017-16 - Recorrente: OCEAN TRADING COMERCIO DE IMPORTACAO E DISTRIBUICAO EIRELI e Interessado: FAZENDA NACIONAL</p><p>3 - Processo nº: 10314.722417/2016-12 - Recorrente: TRUST - IMPORTACAO E EXPORTACAO EIRELI e Interessado: FAZENDA NACIONAL</p><p>Relator(a): ANNA DOLORES BARROS DE OLIVEIRA SA MALTA</p><p>4 - Processo nº: 11128.006907/2009-17 - Recorrente: DSM PRODUTOS NUTRICIONAIS BRASIL LTDA. e Interessado: FAZENDA NACIONAL</p><p>5 - Processo nº: 18293.000166/2010-23 - Recorrente: LUMA TRADING IMPORTACAO E EXPORTACAO LTDA e Interessado: FAZENDA NACIONAL</p><p>6 - Processo nº: 10283.721353/2013-02 - Recorrente: PROCOMP AMAZONIA INDUSTRIA ELETRONICA LTDA e Interessado: FAZENDA NACIONAL</p><p class="assina">Arnaldo Diefenthaeler Dornelles</p><p class="cargo">Presidente da 2ª Turma Ordinária da 4ª Câmara da 3ª Seção do CARF</p>]]></Texto>
  </body>
  <Midias />
</article></xml>