﻿<xml><article id="45725181" name="PT SAES NA 3267" idOficio="11317388" pubName="DO1" artType="Portaria" pubDate="01/10/2025" artClass="00047:00037:00000:00000:00000:00000:00000:00000:00000:00000:00054:00000" artCategory="Ministério da Saúde/Secretaria de Atenção Especializada à Saúde" artSize="24" artNotes="" numberPage="215" pdfPage="http://pesquisa.in.gov.br/imprensa/jsp/visualiza/index.jsp?data=01/10/2025&amp;jornal=515&amp;pagina=215" editionNumber="187" highlightType="" highlightPriority="" highlight="" highlightimage="" highlightimagename="" idMateria="23163830">
  <body>
    <Identifica><![CDATA[ Portaria SAES/MS Nº 3.267, DE 22 DE setembro DE 2025]]></Identifica>
    <Data><![CDATA[]]></Data>
    <Ementa><![CDATA[ Habilita, em Regime de Hospital Dia, o Hospital CASSEMS Unidade Dourados.]]></Ementa>
    <Titulo />
    <SubTitulo />
    <Texto><![CDATA[<p class="identifica">Portaria SAES/MS Nº 3.267, DE 22 DE setembro DE 2025</p><p class="ementa">Habilita, em Regime de Hospital Dia, o Hospital CASSEMS Unidade Dourados.</p><p>O SECRETÁRIO DE ATENÇÃO ESPECIALIZADA À SAÚDE, no uso das atribuições que lhe confere o Decreto nº 11.798, de 28 de novembro de 2023, alterado pelo Decreto nº 12.489, de 04 de junho de 2025, resolve:</p><p>Art. 1º Fica habilitado, no código 12.02 - Procedimentos cirúrgicos, diagnósticos ou terapêuticos em Regime de Hospital Dia, o estabelecimento a seguir descrito.</p><p /><p></p><table><tr /><tr><td rowspan="1" colspan="1"><p>UF</p></td><td rowspan="1" colspan="1"><p>IBGE</p></td><td rowspan="1" colspan="1"><p>MUNICÍPIO</p></td><td rowspan="1" colspan="1"><p>CNES</p></td><td rowspan="1" colspan="1"><p>ESTABELECIMENTO</p></td><td rowspan="1" colspan="1"><p>GESTÃO</p></td><td rowspan="1" colspan="1"><p>Nº LEITOS</p></td><td rowspan="1" colspan="1"><p>PROPOSTA SAIPS</p></td><td rowspan="1" colspan="1"><p>PROCESSO</p></td></tr><tr><td rowspan="1" colspan="1"><p>MS</p></td><td rowspan="1" colspan="1"><p>500370</p></td><td rowspan="1" colspan="1"><p>DOURADOS</p></td><td rowspan="1" colspan="1"><p>6201059</p></td><td rowspan="1" colspan="1"><p>HOSPITAL CASSEMS UNIDADE DOURADOS</p></td><td rowspan="1" colspan="1"><p>MUNICIPAL</p></td><td rowspan="1" colspan="1"><p>2</p></td><td rowspan="1" colspan="1"><p>213214</p></td><td rowspan="1" colspan="1"><p>25000.156297/2025-54</p></td></tr></table><p>Art. 2º A habilitação concedida por esta Portaria não acarretará impacto financeiro ao estado e/ou município, conforme dispõe o inciso V do art. 7º, do Anexo 1 do Anexo XXIV, da Portaria de Consolidação nº 2, de 28 de setembro de 2017.</p><p>Art. 3º Esta Portaria entra em vigor na data de sua publicação.</p><p class="assina">MOZART JULIO TABOSA SALES</p>]]></Texto>
  </body>
  <Midias />
</article></xml>