﻿<xml><article id="45718865" name="ATO RESOLUCAO SUSEP NA 58-2025" idOficio="11316496" pubName="DO1" artType="Resolução" pubDate="01/10/2025" artClass="00028:00041:00000:00000:00000:00000:00000:00000:00000:00000:00064:00000" artCategory="Ministério da Fazenda/Superintendência de Seguros Privados" artSize="12" artNotes="" numberPage="76" pdfPage="http://pesquisa.in.gov.br/imprensa/jsp/visualiza/index.jsp?data=01/10/2025&amp;jornal=515&amp;pagina=76" editionNumber="187" highlightType="" highlightPriority="" highlight="" highlightimage="" highlightimagename="" idMateria="23161654">
  <body>
    <Identifica><![CDATA[ RESOLUÇÃO SUSEP nº 58, DE 16 DE SETEMBRO DE 2025]]></Identifica>
    <Data><![CDATA[]]></Data>
    <Ementa />
    <Titulo />
    <SubTitulo />
    <Texto><![CDATA[<p class="identifica">RESOLUÇÃO SUSEP nº 58, DE 16 DE SETEMBRO DE 2025</p><p>Altera a Resolução Susep nº 37, de 26 de fevereiro de 2024, que institui o Comitê de Governança Digital no âmbito da Superintendência de Seguros Privados - SUSEP.</p><p>O SUPERINTENDENTE DA SUPERINTENDÊNCIA DE SEGUROS PRIVADOS - SUSEP, torna público que Conselho Diretor desta Autarquia, em reunião ordinária realizada em 10 de setembro de 2025, no uso das atribuições que lhe confere o inciso V do art. 8º do Regimento Interno, anexo à Resolução CNSP nº 468, de 25 de abril de 2024 e considerando o disposto no art. 2º do Decreto nº 11.260, de 22 de novembro de 2022, alterado pelo Decreto nº 10.996, de 14 de março de 2022, e o que consta do Processo Susep nº 15414.611691/2021-10, resolve:</p><p>Art. 1° Esta resolução altera o art. 4º da Resolução Susep nº 37, de 26 de fevereiro de 2024, que passa a vigorar com a seguinte redação:</p><p>"Art. 4º ........................................................................................</p><p>......................................................................................................</p><p>VII - aprovar a Política e o Programa de Governança de Dados e suas alterações e submeter ao Conselho Diretor da Susep para ratificação e publicação do ato normativo;</p><p>VIII - aprovar o Programa de Governança de Dados da Susep;</p><p>XIX - decidir sobre a priorização dos projetos do Programa de Governança de Dados da Susep;</p><p>X - determinar e formalizar as unidades gestoras dos conjuntos de dados;</p><p>XI - decidir, excepcionalmente, pela curadoria compartilhada de um conjunto de dados, estabelecendo o curador de dados principal, que coordenará e representará os demais curadores juntos às instâncias de governança de dados;</p><p>XII - aprovar o arquivamento ou exclusão de conjuntos de dados obsoletos;</p><p>XIII - decidir sobre eventuais conflitos encaminhados pelo Comitê de Dados, relacionados a curadoria, compartilhamento e acesso aos dados, bem como sobre os casos omissos;</p><p>XIV - aprovar normas complementares à Política de Governança de Dados da Susep;</p><p>XV - aprovar o arquivamento ou exclusão de conjuntos de dados obsoletos;</p><p>XVI - atuar como instância deliberativa para aprovação do Plano de Continuidade de Serviços de TI e dos Objetivos de Recuperação dos processos críticos da Susep;</p><p>XVII - emitir atos relativos a matérias de sua competência; e</p><p>XVIII - propor alterações em seu Regimento Interno." (NR)</p><p>Art. 2° Esta resolução entra em vigor na data de sua publicação.</p><p class="assina">ALESSANDRO SERAFIN OCTAVIANI LUIS</p>]]></Texto>
  </body>
  <Midias />
</article></xml>