﻿<xml><article id="45717287" name="PIN 310220251014a16 (Ordinaria -" idOficio="11316169" pubName="DO1" artType="Pauta" pubDate="01/10/2025" artClass="00028:00015:00003:00004:00002:00000:00000:00000:00000:00000:00053:00000" artCategory="Ministério da Fazenda/Conselho Administrativo de Recursos Fiscais/3ª Seção/1ª Câmara/Turma - Segunda Turma Ordinária da Primeira Câmara da Terceira Seção" artSize="12" artNotes="" numberPage="61" pdfPage="http://pesquisa.in.gov.br/imprensa/jsp/visualiza/index.jsp?data=01/10/2025&amp;jornal=515&amp;pagina=61" editionNumber="187" highlightType="" highlightPriority="" highlight="" highlightimage="" highlightimagename="" idMateria="23161181">
  <body>
    <Identifica><![CDATA[ PAUTA DE JULGAMENTO]]></Identifica>
    <Data><![CDATA[]]></Data>
    <Ementa />
    <Titulo />
    <SubTitulo />
    <Texto><![CDATA[<p class="identifica">PAUTA DE JULGAMENTO</p><p>Período da Reunião de 14 a 16/10/2025</p><p>Pauta ordinária de julgamento dos recursos da 2ª Turma Ordinária da 1ª Câmara da 3ª Seção, em sessões síncronas presenciais ou híbridas a serem realizadas nas datas a seguir mencionadas, no Setor Comercial Sul, Quadra 01, Bloco J, Edifício Alvorada, Brasília, Distrito Federal.</p><p>OBSERVAÇÕES:</p><p>1) Solicitações ou envios de sustentação oral e memorial devem ser feitas até 2 (dois) dias úteis antes do início da reunião mensal de julgamento da turma, independentemente da sessão em que o processo tenha sido agendado;</p><p>1.1) É permitido realizar sustentação oral;</p><p>a) presencial;</p><p>b) em tempo real por meio de videoconferência ou tecnologia similar; ou</p><p>c) por meio de postagem de vídeo ou áudio no Centro de Atendimento Virtual da Receita Federal - e-CAC.</p><p>1.2) Serão desconsiderados a sustentação oral e o memorial cujos arquivos transmitidos não atendam à duração e aos requisitos previstos, respectivamente, no art. 11, e no art. 12 da Portaria CARF/MF nº 1.240, de 2 de agosto de 2024;</p><p>2) Solicitações de transferência ou retirada de pauta devem ser enviadas até 4 (quatro) dias úteis antes do início da reunião mensal de julgamento da turma, independentemente da sessão em que o processo tenha sido agendado.</p><p>3) Os julgamentos adiados, dentro da mesma reunião, serão realizados independentemente de nova publicação;</p><p>4) Será submetida ao colegiado proposta do Presidente de Turma para retificação da ata de agosto de 2025, relativa ao processo nº: 16682.900791/2020-30, Relator(a): JORGE LUIS CABRAL - Recorrente: TRANSPORTADORA ASSOCIADA DE GAS S.A. - TAG e Interessado: FAZENDA NACIONAL; e</p><p>5) O resultado do julgamento dos processos da tabela abaixo servirá como paradigma para o julgamento dos itens da coluna "ITENS REPETITIVOS" da tabela, nos termos do § 3º do art. 87 da Portaria MF nº 1.634, de 21 de dezembro de 2023.</p><p /><p></p><table><tr /><tr><td rowspan="1" colspan="1"><p>Item</p></td><td rowspan="1" colspan="1"><p>Processo</p></td><td rowspan="1" colspan="1"><p>ITENS REPETITIVOS</p></td></tr><tr><td rowspan="1" colspan="1"><p>9</p></td><td rowspan="1" colspan="1"><p>10120.733955/2018-71</p></td><td rowspan="1" colspan="1"><p>10 a26</p></td></tr><tr><td rowspan="1" colspan="1"><p>27</p></td><td rowspan="1" colspan="1"><p>10120.728176/2016-92</p></td><td rowspan="1" colspan="1"><p>28 a 30</p></td></tr><tr><td rowspan="1" colspan="1"><p>35</p></td><td rowspan="1" colspan="1"><p>16682.902965/2020-07</p></td><td rowspan="1" colspan="1"><p>36 a 42</p></td></tr><tr><td rowspan="1" colspan="1"><p>43</p></td><td rowspan="1" colspan="1"><p>16682.907312/2022-78</p></td><td rowspan="1" colspan="1"><p>44 a 46</p></td></tr></table><p>DIA 14 de Outubro de 2025, ÀS 09:00 HORAS</p><p>Relator(a): JOANA MARIA DE OLIVEIRA GUIMARAES</p><p>1 - Processo nº: 10283.721323/2020-17 - Recorrente: FAZENDA NACIONAL e Interessado: COMPAR COMPANHIA PARAENSE DE REFRIGERANTES</p><p>2 - Processo nº: 17227.720631/2022-19 - Recorrente: TRANSPORTE EXCELSIOR LTDA e Interessado: FAZENDA NACIONAL</p><p>3 - Processo nº: 11065.723300/2017-89 - Recorrente: VALE S.A. e Interessado: FAZENDA NACIONAL</p><p>DIA 14 de Outubro de 2025, ÀS 14:00 HORAS</p><p>Relator(a): MATHEUS SCHWERTNER ZICCARELLI RODRIGUES</p><p>4 - Processo nº: 11000.724636/2021-08 - Recorrente: LOJAS RENNER S.A. e Interessado: FAZENDA NACIONAL</p><p>Relator(a): JOANA MARIA DE OLIVEIRA GUIMARAES</p><p>5 - Processo nº: 15746.720041/2023-74 - Recorrente: CATENO GESTAO DE CONTAS DE PAGAMENTO S.A e Interessado: FAZENDA NACIONAL</p><p>Relator(a): MATHEUS SCHWERTNER ZICCARELLI RODRIGUES</p><p>6 - Processo nº: 10120.900049/2016-27 - Recorrente: AGREX DO BRASIL LTDA. e Interessado: FAZENDA NACIONAL</p><p>7 - Processo nº: 10120.900060/2016-97 - Recorrente: AGREX DO BRASIL LTDA. e Interessado: FAZENDA NACIONAL</p><p>8 - Processo nº: 10120.900057/2016-73 - Recorrente: AGREX DO BRASIL S.A. e Interessado: FAZENDA NACIONAL</p><p>9 - Processo nº: 10120.733955/2018-71 - Recorrente: AGREX DO BRASIL LTDA. e Interessado: FAZENDA NACIONAL</p><p>Relator(a): PEDRO SOUSA BISPO</p><p>10 - Processo nº: 10120.733945/2018-36 - Recorrente: AGREX DO BRASIL LTDA. e Interessado: FAZENDA NACIONAL</p><p>11 - Processo nº: 10120.733946/2018-81 - Recorrente: AGREX DO BRASIL LTDA. e Interessado: FAZENDA NACIONAL</p><p>12 - Processo nº: 10120.733947/2018-25 - Recorrente: AGREX DO BRASIL LTDA. e Interessado: FAZENDA NACIONAL</p><p>13 - Processo nº: 10120.733948/2018-70 - Recorrente: AGREX DO BRASIL LTDA. e Interessado: FAZENDA NACIONAL</p><p>14 - Processo nº: 10120.733949/2018-14 - Recorrente: AGREX DO BRASIL LTDA. e Interessado: FAZENDA NACIONAL</p><p>15 - Processo nº: 10120.733950/2018-49 - Recorrente: AGREX DO BRASIL LTDA. e Interessado: FAZENDA NACIONAL</p><p>16 - Processo nº: 10120.733951/2018-93 - Recorrente: AGREX DO BRASIL LTDA. e Interessado: FAZENDA NACIONAL</p><p>17 - Processo nº: 10120.733952/2018-38 - Recorrente: AGREX DO BRASIL LTDA. e Interessado: FAZENDA NACIONAL</p><p>18 - Processo nº: 10120.733953/2018-82 - Recorrente: AGREX DO BRASIL LTDA. e Interessado: FAZENDA NACIONAL</p><p>19 - Processo nº: 10120.733954/2018-27 - Recorrente: AGREX DO BRASIL LTDA. e Interessado: FAZENDA NACIONAL</p><p>20 - Processo nº: 10120.733956/2018-16 - Recorrente: AGREX DO BRASIL LTDA. e Interessado: FAZENDA NACIONAL</p><p>21 - Processo nº: 10120.733957/2018-61 - Recorrente: AGREX DO BRASIL LTDA. e Interessado: FAZENDA NACIONAL</p><p>22 - Processo nº: 10120.733958/2018-13 - Recorrente: AGREX DO BRASIL LTDA. e Interessado: FAZENDA NACIONAL</p><p>23 - Processo nº: 10120.733959/2018-50 - Recorrente: AGREX DO BRASIL LTDA. e Interessado: FAZENDA NACIONAL</p><p>24 - Processo nº: 10120.907691/2019-80 - Recorrente: AGREX DO BRASIL LTDA. e Interessado: FAZENDA NACIONAL</p><p>25 - Processo nº: 10120.907697/2019-57 - Recorrente: AGREX DO BRASIL LTDA. e Interessado: FAZENDA NACIONAL</p><p>26 - Processo nº: 10120.907698/2019-00 - Recorrente: AGREX DO BRASIL LTDA. e Interessado: FAZENDA NACIONAL</p><p>Relator(a): MATHEUS SCHWERTNER ZICCARELLI RODRIGUES</p><p>27 - Processo nº: 10120.728176/2016-92 - Recorrente: AGREX DO BRASIL LTDA. e Interessado: FAZENDA NACIONAL</p><p>Relator(a): PEDRO SOUSA BISPO</p><p>28 - Processo nº: 10120.900003/2016-16 - Recorrente: AGREX DO BRASIL LTDA. e Interessado: FAZENDA NACIONAL</p><p>29 - Processo nº: 10120.900006/2016-41 - Recorrente: AGREX DO BRASIL LTDA. e Interessado: FAZENDA NACIONAL</p><p>30 - Processo nº: 10120.900017/2016-21 - Recorrente: AGREX DO BRASIL LTDA. e Interessado: FAZENDA NACIONAL</p><p>DIA 15 de Outubro de 2025, ÀS 09:00 HORAS</p><p>Relator(a): PEDRO SOUSA BISPO</p><p>31 - Processo nº: 15746.721237/2021-14 - Recorrente: BRK AMBIENTAL PARTICIPACOES S.A. e Interessado: FAZENDA NACIONAL</p><p>Relator(a): MATHEUS SCHWERTNER ZICCARELLI RODRIGUES</p><p>32 - Processo nº: 12448.727474/2012-74 - Recorrente: ATA ORGANIZACAO DE SERVICOS PROFISSIONAIS LTDA e Interessado: FAZENDA NACIONAL</p><p>33 - Processo nº: 10680.904639/2014-11 - Recorrente: ARCELORMITTAL BRASIL S.A. e Interessado: FAZENDA NACIONAL</p><p>Relator(a): JORGE LUIS CABRAL</p><p>34 - Processo nº: 10976.720049/2018-46 - Recorrentes: FAZENDA NACIONAL e NUTRIMIX INDUSTRIA E COMERCIO DE ALIMENTOS LTDA</p><p>DIA 15 de Outubro de 2025, ÀS 14:00 HORAS</p><p>Relator(a): FABIO KIRZNER EJCHEL</p><p>35 - Processo nº: 16682.902965/2020-07 - Recorrente: VALE S.A. e Interessado: FAZENDA NACIONAL</p><p>Relator(a): PEDRO SOUSA BISPO</p><p>36 - Processo nº: 16682.902964/2020-54 - Recorrente: VALE S.A. e Interessado: FAZENDA NACIONAL</p><p>37 - Processo nº: 16682.902966/2020-43 - Recorrente: VALE S.A. e Interessado: FAZENDA NACIONAL</p><p>38 - Processo nº: 16682.902967/2020-98 - Recorrente: VALE S.A. e Interessado: FAZENDA NACIONAL</p><p>39 - Processo nº: 16682.902968/2020-32 - Recorrente: VALE S.A. e Interessado: FAZENDA NACIONAL</p><p>40 - Processo nº: 16682.902969/2020-87 - Recorrente: VALE S.A. e Interessado: FAZENDA NACIONAL</p><p>41 - Processo nº: 16682.902970/2020-10 - Recorrente: VALE S.A. e Interessado: FAZENDA NACIONAL</p><p>42 - Processo nº: 16682.902971/2020-56 - Recorrente: VALE S.A. e Interessado: FAZENDA NACIONAL</p><p>43 - Processo nº: 16682.907312/2022-78 - Recorrente: VALE S.A. e Interessado: FAZENDA NACIONAL</p><p>44 - Processo nº: 16682.907309/2022-54 - Recorrente: VALE S.A. e Interessado: FAZENDA NACIONAL</p><p>45 - Processo nº: 16682.907310/2022-89 - Recorrente: VALE S.A. e Interessado: FAZENDA NACIONAL</p><p>46 - Processo nº: 16682.907311/2022-23 - Recorrente: VALE S.A. e Interessado: FAZENDA NACIONAL</p><p>47 - Processo nº: 16682.907314/2022-67 - Recorrente: VALE S.A. e Interessado: FAZENDA NACIONAL</p><p>48 - Processo nº: 16682.721425/2023-69 - Recorrente: VALE S.A. e Interessado: FAZENDA NACIONAL</p><p>49 - Processo nº: 16682.907316/2022-56 - Recorrente: VALE S.A. e Interessado: FAZENDA NACIONAL</p><p>DIA 16 de Outubro de 2025, ÀS 09:00 HORAS</p><p>Relator(a): JOANA MARIA DE OLIVEIRA GUIMARAES</p><p>50 - Processo nº: 16327.720650/2018-60 - Recorrente: FAZENDA NACIONAL e Interessado: PEFISA SA CREDITO FINANCIAMENTO E INVESTIMENTO</p><p>Relator(a): PEDRO SOUSA BISPO</p><p>51 - Processo nº: 15746.721021/2021-59 - Recorrente: NOSSA ELETRO S.A. EM RECUPERACAO JUDICIAL e Interessado: FAZENDA NACIONAL</p><p>52 - Processo nº: 16682.720958/2019-47 - Recorrente: GLOBOSAT PROGRAMADORA LTDA e Interessado: FAZENDA NACIONAL</p><p>DIA 16 de Outubro de 2025, ÀS 13:00 HORAS</p><p>Relator(a): MATHEUS SCHWERTNER ZICCARELLI RODRIGUES</p><p>53 - Processo nº: 10380.010772/2004-18 - Recorrentes: FAZENDA NACIONAL e COMPANHIA ENERGETICA DO CEARA</p><p class="assina">Pedro Sousa Bispo</p><p class="cargo">Presidente da 2ª Turma Ordinária da 1ª Câmara da 3ª Seção do CARF</p>]]></Texto>
  </body>
  <Midias />
</article></xml>