﻿<xml><article id="45725357" name="Acordao 624" idOficio="11317378" pubName="DO1" artType="Acórdão" pubDate="01/10/2025" artClass="00041:00020:00000:00000:00000:00000:00000:00000:00000:00000:00002:00000" artCategory="Ministério de Portos e Aeroportos/Agência Nacional de Transportes Aquaviários" artSize="12" artNotes="" numberPage="202" pdfPage="http://pesquisa.in.gov.br/imprensa/jsp/visualiza/index.jsp?data=01/10/2025&amp;jornal=515&amp;pagina=202" editionNumber="187" highlightType="" highlightPriority="" highlight="" highlightimage="" highlightimagename="" idMateria="23163854">
  <body>
    <Identifica><![CDATA[ ACÓRDÃO Nº 624/2025-ANTAQ]]></Identifica>
    <Data><![CDATA[]]></Data>
    <Ementa />
    <Titulo />
    <SubTitulo />
    <Texto><![CDATA[<p class="identifica">ACÓRDÃO Nº 624/2025-ANTAQ</p><p>1. Processo: 50300.000480/2025-69</p><p>2. Interessado: Terminal Portuário Novo Remanso S.A.</p><p>3. Relator: Lima Filho</p><p>4. Unidade Técnica: Superintendência de Outorgas - SOG</p><p>5. Acórdão:</p><p>VISTOS, relatados e discutidos os presentes autos que tratam da solicitação de prorrogação do prazo de início da operação da instalação portuária do terminal de carga geral e granel sólido mineral, localizado no município de Itacoatiara/AM,</p><p>ACORDAM os Diretores da Agência Nacional de Transportes Aquaviários, reunidos para a Reunião Ordinária de Diretoria Colegiada de nº 595, ante as razões expostas pelo Relator, em:</p><p>5.1. reconhecer a possibilidade de prorrogação do prazo de início das operações da instalação portuária denominada Terminal de Carga Geral e Granéis Sólidos Minerais Novo Remanso (TCG/TGSM), localizada no município de Itacoatiara/AM, objeto do Contrato de Adesão nº 12/2018C-MPOR;</p><p>5.2. encaminhar cópia dos presentes autos ao Ministério de Portos e Aeroportos visando ao prosseguimento da análise do pleito da Autorizatária, em consonância ao disposto no art. 26, § 1º, do Decreto nº 8.033/2013; e</p><p>5.3. cientificar a interessada acerca da presente decisão.</p><p>6. Data da Reunião: 22 a 24/09/2025 - Virtual.</p><p>7. Especificação do quórum:</p><p>7.1. Diretores presentes: Frederico Dias (Presidente), Flávia Takafashi, Lima Filho (Relator), Alber Vasconcelos e Caio Farias.</p><p class="assina">FREDERICO CARVALHO DIAS</p><p class="cargo">Diretor-Geral</p>]]></Texto>
  </body>
  <Midias />
</article></xml>