﻿<xml><article id="45708118" name="2025-09-29/11314590/ANMWS_231589" idOficio="11314590" pubName="DO1" artType="Despacho" pubDate="01/10/2025" artClass="00035:00044:00050:00000:00000:00000:00000:00000:00000:00000:00024:06413" artCategory="Ministério de Minas e Energia/Agência Nacional de Mineração/Superintendência de Outorga de Títulos Minerários" artSize="12" artNotes="" numberPage="105" pdfPage="http://pesquisa.in.gov.br/imprensa/jsp/visualiza/index.jsp?data=01/10/2025&amp;jornal=515&amp;pagina=105" editionNumber="187" highlightType="" highlightPriority="" highlight="" highlightimage="" highlightimagename="" idMateria="23158991">
  <body>
    <Identifica><![CDATA[                                                                                                                                                              Alvará nº 6.413, de 26 de SETEMBRO de 2025]]></Identifica>
    <Data><![CDATA[]]></Data>
    <Ementa />
    <Titulo />
    <SubTitulo />
    <Texto><![CDATA[<p class="identifica">Alvará nº 6.413, de 26 de SETEMBRO de 2025</p><p>Fase de Autorização de Pesquisa</p><p>O SUPERINTENDENTE DE OUTORGA DE TÍTULOS MINERÁRIOS DA AGÊNCIA NACIONAL DE MINERAÇÃO, no uso da competência delegada pela Resolução ANM n° 211/2025 e com fundamento no art. 15, do Decreto-lei n° 227, de 28 de fevereiro de 1967, (Código de Mineração), e na Lei 13.575/2017, outorga o seguinte Alvará de Pesquisa, prazo 3 ano(s), vigência a partir dessa publicação: (323)</p><p>48079.868130/2025-21-SUZANO S.A. (Documento SEI: 17924666)</p><p class="assina">Cláudio Roberto Freire</p>]]></Texto>
  </body>
  <Midias />
</article></xml>