﻿<xml><article id="45724893" name="Portaria SPA 114_002__AKZMZ4" idOficio="11314622" pubName="DO1" artType="Portaria" pubDate="01/10/2025" artClass="00008:00028:00000:00000:00000:00000:00000:00000:00000:00000:00054:00114" artCategory="Ministério da Agricultura e Pecuária/Secretaria de Política Agrícola" artSize="12" artNotes="ok" numberPage="12" pdfPage="http://pesquisa.in.gov.br/imprensa/jsp/visualiza/index.jsp?data=01/10/2025&amp;jornal=515&amp;pagina=12" editionNumber="187" highlightType="" highlightPriority="" highlight="" highlightimage="" highlightimagename="" idMateria="23158984">
  <body>
    <Identifica />
    <Data><![CDATA[]]></Data>
    <Ementa />
    <Titulo />
    <SubTitulo />
    <Texto><![CDATA[<p /><p></p><table><tr><td rowspan="1" colspan="1"><p>2406106</p></td><td rowspan="1" colspan="1"><p>Jucurutu</p></td><td rowspan="1" colspan="1"><p>(RN)</p></td></tr><tr><td rowspan="1" colspan="1"><p>2406205</p></td><td rowspan="1" colspan="1"><p>Lagoa d'Anta</p></td><td rowspan="1" colspan="1"><p>(RN)</p></td></tr><tr><td rowspan="1" colspan="1"><p>2406403</p></td><td rowspan="1" colspan="1"><p>Lagoa de Velhos</p></td><td rowspan="1" colspan="1"><p>(RN)</p></td></tr><tr><td rowspan="1" colspan="1"><p>2406502</p></td><td rowspan="1" colspan="1"><p>Lagoa Nova</p></td><td rowspan="1" colspan="1"><p>(RN)</p></td></tr><tr><td rowspan="1" colspan="1"><p>2406700</p></td><td rowspan="1" colspan="1"><p>Lajes</p></td><td rowspan="1" colspan="1"><p>(RN)</p></td></tr><tr><td rowspan="1" colspan="1"><p>2406809</p></td><td rowspan="1" colspan="1"><p>Lajes Pintadas</p></td><td rowspan="1" colspan="1"><p>(RN)</p></td></tr><tr><td rowspan="1" colspan="1"><p>2406908</p></td><td rowspan="1" colspan="1"><p>Lucrécia</p></td><td rowspan="1" colspan="1"><p>(RN)</p></td></tr><tr><td rowspan="1" colspan="1"><p>2407005</p></td><td rowspan="1" colspan="1"><p>Luís Gomes</p></td><td rowspan="1" colspan="1"><p>(RN)</p></td></tr><tr><td rowspan="1" colspan="1"><p>2407252</p></td><td rowspan="1" colspan="1"><p>Major Sales</p></td><td rowspan="1" colspan="1"><p>(RN)</p></td></tr><tr><td rowspan="1" colspan="1"><p>2407302</p></td><td rowspan="1" colspan="1"><p>Marcelino Vieira</p></td><td rowspan="1" colspan="1"><p>(RN)</p></td></tr><tr><td rowspan="1" colspan="1"><p>2407401</p></td><td rowspan="1" colspan="1"><p>Martins</p></td><td rowspan="1" colspan="1"><p>(RN)</p></td></tr><tr><td rowspan="1" colspan="1"><p>2407609</p></td><td rowspan="1" colspan="1"><p>Messias Targino</p></td><td rowspan="1" colspan="1"><p>(RN)</p></td></tr><tr><td rowspan="1" colspan="1"><p>2407906</p></td><td rowspan="1" colspan="1"><p>Monte das Gameleiras</p></td><td rowspan="1" colspan="1"><p>(RN)</p></td></tr><tr><td rowspan="1" colspan="1"><p>2408300</p></td><td rowspan="1" colspan="1"><p>Nova Cruz</p></td><td rowspan="1" colspan="1"><p>(RN)</p></td></tr><tr><td rowspan="1" colspan="1"><p>2408508</p></td><td rowspan="1" colspan="1"><p>Ouro Branco</p></td><td rowspan="1" colspan="1"><p>(RN)</p></td></tr><tr><td rowspan="1" colspan="1"><p>2408607</p></td><td rowspan="1" colspan="1"><p>Paraná</p></td><td rowspan="1" colspan="1"><p>(RN)</p></td></tr><tr><td rowspan="1" colspan="1"><p>2408805</p></td><td rowspan="1" colspan="1"><p>Parazinho</p></td><td rowspan="1" colspan="1"><p>(RN)</p></td></tr><tr><td rowspan="1" colspan="1"><p>2408904</p></td><td rowspan="1" colspan="1"><p>Parelhas</p></td><td rowspan="1" colspan="1"><p>(RN)</p></td></tr><tr><td rowspan="1" colspan="1"><p>2409100</p></td><td rowspan="1" colspan="1"><p>Passa e Fica</p></td><td rowspan="1" colspan="1"><p>(RN)</p></td></tr><tr><td rowspan="1" colspan="1"><p>2409332</p></td><td rowspan="1" colspan="1"><p>Santa Maria</p></td><td rowspan="1" colspan="1"><p>(RN)</p></td></tr><tr><td rowspan="1" colspan="1"><p>2409407</p></td><td rowspan="1" colspan="1"><p>Pau dos Ferros</p></td><td rowspan="1" colspan="1"><p>(RN)</p></td></tr><tr><td rowspan="1" colspan="1"><p>2409605</p></td><td rowspan="1" colspan="1"><p>Pedra Preta</p></td><td rowspan="1" colspan="1"><p>(RN)</p></td></tr><tr><td rowspan="1" colspan="1"><p>2410504</p></td><td rowspan="1" colspan="1"><p>Rafael Fernandes</p></td><td rowspan="1" colspan="1"><p>(RN)</p></td></tr><tr><td rowspan="1" colspan="1"><p>2410603</p></td><td rowspan="1" colspan="1"><p>Rafael Godeiro</p></td><td rowspan="1" colspan="1"><p>(RN)</p></td></tr><tr><td rowspan="1" colspan="1"><p>2410702</p></td><td rowspan="1" colspan="1"><p>Riacho da Cruz</p></td><td rowspan="1" colspan="1"><p>(RN)</p></td></tr><tr><td rowspan="1" colspan="1"><p>2410801</p></td><td rowspan="1" colspan="1"><p>Riacho de Santana</p></td><td rowspan="1" colspan="1"><p>(RN)</p></td></tr><tr><td rowspan="1" colspan="1"><p>2410900</p></td><td rowspan="1" colspan="1"><p>Riachuelo</p></td><td rowspan="1" colspan="1"><p>(RN)</p></td></tr><tr><td rowspan="1" colspan="1"><p>2411007</p></td><td rowspan="1" colspan="1"><p>Rodolfo Fernandes</p></td><td rowspan="1" colspan="1"><p>(RN)</p></td></tr><tr><td rowspan="1" colspan="1"><p>2411106</p></td><td rowspan="1" colspan="1"><p>Ruy Barbosa</p></td><td rowspan="1" colspan="1"><p>(RN)</p></td></tr><tr><td rowspan="1" colspan="1"><p>2411205</p></td><td rowspan="1" colspan="1"><p>Santa Cruz</p></td><td rowspan="1" colspan="1"><p>(RN)</p></td></tr><tr><td rowspan="1" colspan="1"><p>2411502</p></td><td rowspan="1" colspan="1"><p>Santo Antônio</p></td><td rowspan="1" colspan="1"><p>(RN)</p></td></tr><tr><td rowspan="1" colspan="1"><p>2411700</p></td><td rowspan="1" colspan="1"><p>São Bento do Trairí</p></td><td rowspan="1" colspan="1"><p>(RN)</p></td></tr><tr><td rowspan="1" colspan="1"><p>2411809</p></td><td rowspan="1" colspan="1"><p>São Fernando</p></td><td rowspan="1" colspan="1"><p>(RN)</p></td></tr><tr><td rowspan="1" colspan="1"><p>2411908</p></td><td rowspan="1" colspan="1"><p>São Francisco do Oeste</p></td><td rowspan="1" colspan="1"><p>(RN)</p></td></tr><tr><td rowspan="1" colspan="1"><p>2412104</p></td><td rowspan="1" colspan="1"><p>São João do Sabugi</p></td><td rowspan="1" colspan="1"><p>(RN)</p></td></tr><tr><td rowspan="1" colspan="1"><p>2412302</p></td><td rowspan="1" colspan="1"><p>São José do Campestre</p></td><td rowspan="1" colspan="1"><p>(RN)</p></td></tr><tr><td rowspan="1" colspan="1"><p>2412401</p></td><td rowspan="1" colspan="1"><p>São José do Seridó</p></td><td rowspan="1" colspan="1"><p>(RN)</p></td></tr><tr><td rowspan="1" colspan="1"><p>2412500</p></td><td rowspan="1" colspan="1"><p>São Miguel</p></td><td rowspan="1" colspan="1"><p>(RN)</p></td></tr><tr><td rowspan="1" colspan="1"><p>2412906</p></td><td rowspan="1" colspan="1"><p>São Tomé</p></td><td rowspan="1" colspan="1"><p>(RN)</p></td></tr><tr><td rowspan="1" colspan="1"><p>2413003</p></td><td rowspan="1" colspan="1"><p>São Vicente</p></td><td rowspan="1" colspan="1"><p>(RN)</p></td></tr><tr><td rowspan="1" colspan="1"><p>2413300</p></td><td rowspan="1" colspan="1"><p>Serra de São Bento</p></td><td rowspan="1" colspan="1"><p>(RN)</p></td></tr><tr><td rowspan="1" colspan="1"><p>2413359</p></td><td rowspan="1" colspan="1"><p>Serra do Mel</p></td><td rowspan="1" colspan="1"><p>(RN)</p></td></tr><tr><td rowspan="1" colspan="1"><p>2413409</p></td><td rowspan="1" colspan="1"><p>Serra Negra do Norte</p></td><td rowspan="1" colspan="1"><p>(RN)</p></td></tr><tr><td rowspan="1" colspan="1"><p>2413508</p></td><td rowspan="1" colspan="1"><p>Serrinha</p></td><td rowspan="1" colspan="1"><p>(RN)</p></td></tr><tr><td rowspan="1" colspan="1"><p>2413557</p></td><td rowspan="1" colspan="1"><p>Serrinha dos Pintos</p></td><td rowspan="1" colspan="1"><p>(RN)</p></td></tr><tr><td rowspan="1" colspan="1"><p>2413706</p></td><td rowspan="1" colspan="1"><p>Sítio Novo</p></td><td rowspan="1" colspan="1"><p>(RN)</p></td></tr><tr><td rowspan="1" colspan="1"><p>2413805</p></td><td rowspan="1" colspan="1"><p>Taboleiro Grande</p></td><td rowspan="1" colspan="1"><p>(RN)</p></td></tr><tr><td rowspan="1" colspan="1"><p>2414001</p></td><td rowspan="1" colspan="1"><p>Tangará</p></td><td rowspan="1" colspan="1"><p>(RN)</p></td></tr><tr><td rowspan="1" colspan="1"><p>2414100</p></td><td rowspan="1" colspan="1"><p>Tenente Ananias</p></td><td rowspan="1" colspan="1"><p>(RN)</p></td></tr><tr><td rowspan="1" colspan="1"><p>2414159</p></td><td rowspan="1" colspan="1"><p>Tenente Laurentino Cruz</p></td><td rowspan="1" colspan="1"><p>(RN)</p></td></tr><tr><td rowspan="1" colspan="1"><p>2414407</p></td><td rowspan="1" colspan="1"><p>Touros</p></td><td rowspan="1" colspan="1"><p>(RN)</p></td></tr><tr><td rowspan="1" colspan="1"><p>2414506</p></td><td rowspan="1" colspan="1"><p>Umarizal</p></td><td rowspan="1" colspan="1"><p>(RN)</p></td></tr><tr><td rowspan="1" colspan="1"><p>2414605</p></td><td rowspan="1" colspan="1"><p>Upanema</p></td><td rowspan="1" colspan="1"><p>(RN)</p></td></tr><tr><td rowspan="1" colspan="1"><p>2414753</p></td><td rowspan="1" colspan="1"><p>Venha-Ver</p></td><td rowspan="1" colspan="1"><p>(RN)</p></td></tr><tr><td rowspan="1" colspan="1"><p>2500106</p></td><td rowspan="1" colspan="1"><p>Água Branca</p></td><td rowspan="1" colspan="1"><p>(PB)</p></td></tr><tr><td rowspan="1" colspan="1"><p>2500536</p></td><td rowspan="1" colspan="1"><p>Alcantil</p></td><td rowspan="1" colspan="1"><p>(PB)</p></td></tr><tr><td rowspan="1" colspan="1"><p>2500577</p></td><td rowspan="1" colspan="1"><p>Algodão de Jandaíra</p></td><td rowspan="1" colspan="1"><p>(PB)</p></td></tr><tr><td rowspan="1" colspan="1"><p>2500700</p></td><td rowspan="1" colspan="1"><p>São João do Rio do Peixe</p></td><td rowspan="1" colspan="1"><p>(PB)</p></td></tr><tr><td rowspan="1" colspan="1"><p>2500734</p></td><td rowspan="1" colspan="1"><p>Amparo</p></td><td rowspan="1" colspan="1"><p>(PB)</p></td></tr><tr><td rowspan="1" colspan="1"><p>2500775</p></td><td rowspan="1" colspan="1"><p>Aparecida</p></td><td rowspan="1" colspan="1"><p>(PB)</p></td></tr><tr><td rowspan="1" colspan="1"><p>2500908</p></td><td rowspan="1" colspan="1"><p>Arara</p></td><td rowspan="1" colspan="1"><p>(PB)</p></td></tr><tr><td rowspan="1" colspan="1"><p>2501005</p></td><td rowspan="1" colspan="1"><p>Araruna</p></td><td rowspan="1" colspan="1"><p>(PB)</p></td></tr><tr><td rowspan="1" colspan="1"><p>2501104</p></td><td rowspan="1" colspan="1"><p>Areia</p></td><td rowspan="1" colspan="1"><p>(PB)</p></td></tr><tr><td rowspan="1" colspan="1"><p>2501203</p></td><td rowspan="1" colspan="1"><p>Areial</p></td><td rowspan="1" colspan="1"><p>(PB)</p></td></tr><tr><td rowspan="1" colspan="1"><p>2501302</p></td><td rowspan="1" colspan="1"><p>Aroeiras</p></td><td rowspan="1" colspan="1"><p>(PB)</p></td></tr><tr><td rowspan="1" colspan="1"><p>2501351</p></td><td rowspan="1" colspan="1"><p>Assunção</p></td><td rowspan="1" colspan="1"><p>(PB)</p></td></tr><tr><td rowspan="1" colspan="1"><p>2501500</p></td><td rowspan="1" colspan="1"><p>Bananeiras</p></td><td rowspan="1" colspan="1"><p>(PB)</p></td></tr><tr><td rowspan="1" colspan="1"><p>2501534</p></td><td rowspan="1" colspan="1"><p>Baraúna</p></td><td rowspan="1" colspan="1"><p>(PB)</p></td></tr><tr><td rowspan="1" colspan="1"><p>2501575</p></td><td rowspan="1" colspan="1"><p>Barra de Santana</p></td><td rowspan="1" colspan="1"><p>(PB)</p></td></tr><tr><td rowspan="1" colspan="1"><p>2501609</p></td><td rowspan="1" colspan="1"><p>Barra de Santa Rosa</p></td><td rowspan="1" colspan="1"><p>(PB)</p></td></tr><tr><td rowspan="1" colspan="1"><p>2501708</p></td><td rowspan="1" colspan="1"><p>Barra de São Miguel</p></td><td rowspan="1" colspan="1"><p>(PB)</p></td></tr><tr><td rowspan="1" colspan="1"><p>2502003</p></td><td rowspan="1" colspan="1"><p>Belém do Brejo do Cruz</p></td><td rowspan="1" colspan="1"><p>(PB)</p></td></tr><tr><td rowspan="1" colspan="1"><p>2502102</p></td><td rowspan="1" colspan="1"><p>Boa Ventura</p></td><td rowspan="1" colspan="1"><p>(PB)</p></td></tr><tr><td rowspan="1" colspan="1"><p>2502151</p></td><td rowspan="1" colspan="1"><p>Boa Vista</p></td><td rowspan="1" colspan="1"><p>(PB)</p></td></tr><tr><td rowspan="1" colspan="1"><p>2502201</p></td><td rowspan="1" colspan="1"><p>Bom Jesus</p></td><td rowspan="1" colspan="1"><p>(PB)</p></td></tr><tr><td rowspan="1" colspan="1"><p>2502300</p></td><td rowspan="1" colspan="1"><p>Bom Sucesso</p></td><td rowspan="1" colspan="1"><p>(PB)</p></td></tr><tr><td rowspan="1" colspan="1"><p>2502409</p></td><td rowspan="1" colspan="1"><p>Bonito de Santa Fé</p></td><td rowspan="1" colspan="1"><p>(PB)</p></td></tr><tr><td rowspan="1" colspan="1"><p>2502508</p></td><td rowspan="1" colspan="1"><p>Boqueirão</p></td><td rowspan="1" colspan="1"><p>(PB)</p></td></tr><tr><td rowspan="1" colspan="1"><p>2502607</p></td><td rowspan="1" colspan="1"><p>Igaracy</p></td><td rowspan="1" colspan="1"><p>(PB)</p></td></tr><tr><td rowspan="1" colspan="1"><p>2503100</p></td><td rowspan="1" colspan="1"><p>Cabaceiras</p></td><td rowspan="1" colspan="1"><p>(PB)</p></td></tr><tr><td rowspan="1" colspan="1"><p>2503308</p></td><td rowspan="1" colspan="1"><p>Cachoeira dos Índios</p></td><td rowspan="1" colspan="1"><p>(PB)</p></td></tr><tr><td rowspan="1" colspan="1"><p>2503407</p></td><td rowspan="1" colspan="1"><p>Cacimba de Areia</p></td><td rowspan="1" colspan="1"><p>(PB)</p></td></tr><tr><td rowspan="1" colspan="1"><p>2503506</p></td><td rowspan="1" colspan="1"><p>Cacimba de Dentro</p></td><td rowspan="1" colspan="1"><p>(PB)</p></td></tr><tr><td rowspan="1" colspan="1"><p>2503555</p></td><td rowspan="1" colspan="1"><p>Cacimbas</p></td><td rowspan="1" colspan="1"><p>(PB)</p></td></tr><tr><td rowspan="1" colspan="1"><p>2503704</p></td><td rowspan="1" colspan="1"><p>Cajazeiras</p></td><td rowspan="1" colspan="1"><p>(PB)</p></td></tr><tr><td rowspan="1" colspan="1"><p>2503753</p></td><td rowspan="1" colspan="1"><p>Cajazeirinhas</p></td><td rowspan="1" colspan="1"><p>(PB)</p></td></tr><tr><td rowspan="1" colspan="1"><p>2503902</p></td><td rowspan="1" colspan="1"><p>Camalaú</p></td><td rowspan="1" colspan="1"><p>(PB)</p></td></tr><tr><td rowspan="1" colspan="1"><p>2504009</p></td><td rowspan="1" colspan="1"><p>Campina Grande</p></td><td rowspan="1" colspan="1"><p>(PB)</p></td></tr><tr><td rowspan="1" colspan="1"><p>2504074</p></td><td rowspan="1" colspan="1"><p>Caraúbas</p></td><td rowspan="1" colspan="1"><p>(PB)</p></td></tr><tr><td rowspan="1" colspan="1"><p>2504108</p></td><td rowspan="1" colspan="1"><p>Carrapateira</p></td><td rowspan="1" colspan="1"><p>(PB)</p></td></tr><tr><td rowspan="1" colspan="1"><p>2504157</p></td><td rowspan="1" colspan="1"><p>Casserengue</p></td><td rowspan="1" colspan="1"><p>(PB)</p></td></tr><tr><td rowspan="1" colspan="1"><p>2504355</p></td><td rowspan="1" colspan="1"><p>Caturité</p></td><td rowspan="1" colspan="1"><p>(PB)</p></td></tr><tr><td rowspan="1" colspan="1"><p>2504405</p></td><td rowspan="1" colspan="1"><p>Conceição</p></td><td rowspan="1" colspan="1"><p>(PB)</p></td></tr><tr><td rowspan="1" colspan="1"><p>2504504</p></td><td rowspan="1" colspan="1"><p>Condado</p></td><td rowspan="1" colspan="1"><p>(PB)</p></td></tr><tr><td rowspan="1" colspan="1"><p>2504702</p></td><td rowspan="1" colspan="1"><p>Congo</p></td><td rowspan="1" colspan="1"><p>(PB)</p></td></tr><tr><td rowspan="1" colspan="1"><p>2504801</p></td><td rowspan="1" colspan="1"><p>Coremas</p></td><td rowspan="1" colspan="1"><p>(PB)</p></td></tr><tr><td rowspan="1" colspan="1"><p>2504850</p></td><td rowspan="1" colspan="1"><p>Coxixola</p></td><td rowspan="1" colspan="1"><p>(PB)</p></td></tr><tr><td rowspan="1" colspan="1"><p>2505006</p></td><td rowspan="1" colspan="1"><p>Cubati</p></td><td rowspan="1" colspan="1"><p>(PB)</p></td></tr><tr><td rowspan="1" colspan="1"><p>2505105</p></td><td rowspan="1" colspan="1"><p>Cuité</p></td><td rowspan="1" colspan="1"><p>(PB)</p></td></tr><tr><td rowspan="1" colspan="1"><p>2505303</p></td><td rowspan="1" colspan="1"><p>Curral Velho</p></td><td rowspan="1" colspan="1"><p>(PB)</p></td></tr><tr><td rowspan="1" colspan="1"><p>2505352</p></td><td rowspan="1" colspan="1"><p>Damião</p></td><td rowspan="1" colspan="1"><p>(PB)</p></td></tr><tr><td rowspan="1" colspan="1"><p>2505402</p></td><td rowspan="1" colspan="1"><p>Desterro</p></td><td rowspan="1" colspan="1"><p>(PB)</p></td></tr><tr><td rowspan="1" colspan="1"><p>2505600</p></td><td rowspan="1" colspan="1"><p>Diamante</p></td><td rowspan="1" colspan="1"><p>(PB)</p></td></tr><tr><td rowspan="1" colspan="1"><p>2505709</p></td><td rowspan="1" colspan="1"><p>Dona Inês</p></td><td rowspan="1" colspan="1"><p>(PB)</p></td></tr><tr><td rowspan="1" colspan="1"><p>2505907</p></td><td rowspan="1" colspan="1"><p>Emas</p></td><td rowspan="1" colspan="1"><p>(PB)</p></td></tr><tr><td rowspan="1" colspan="1"><p>2506004</p></td><td rowspan="1" colspan="1"><p>Esperança</p></td><td rowspan="1" colspan="1"><p>(PB)</p></td></tr><tr><td rowspan="1" colspan="1"><p>2506103</p></td><td rowspan="1" colspan="1"><p>Fagundes</p></td><td rowspan="1" colspan="1"><p>(PB)</p></td></tr><tr><td rowspan="1" colspan="1"><p>2506202</p></td><td rowspan="1" colspan="1"><p>Frei Martinho</p></td><td rowspan="1" colspan="1"><p>(PB)</p></td></tr><tr><td rowspan="1" colspan="1"><p>2506251</p></td><td rowspan="1" colspan="1"><p>Gado Bravo</p></td><td rowspan="1" colspan="1"><p>(PB)</p></td></tr><tr><td rowspan="1" colspan="1"><p>2506509</p></td><td rowspan="1" colspan="1"><p>Gurjão</p></td><td rowspan="1" colspan="1"><p>(PB)</p></td></tr><tr><td rowspan="1" colspan="1"><p>2506707</p></td><td rowspan="1" colspan="1"><p>Imaculada</p></td><td rowspan="1" colspan="1"><p>(PB)</p></td></tr><tr><td rowspan="1" colspan="1"><p>2506806</p></td><td rowspan="1" colspan="1"><p>Ingá</p></td><td rowspan="1" colspan="1"><p>(PB)</p></td></tr><tr><td rowspan="1" colspan="1"><p>2506905</p></td><td rowspan="1" colspan="1"><p>Itabaiana</p></td><td rowspan="1" colspan="1"><p>(PB)</p></td></tr><tr><td rowspan="1" colspan="1"><p>2507002</p></td><td rowspan="1" colspan="1"><p>Itaporanga</p></td><td rowspan="1" colspan="1"><p>(PB)</p></td></tr><tr><td rowspan="1" colspan="1"><p>2507408</p></td><td rowspan="1" colspan="1"><p>Jericó</p></td><td rowspan="1" colspan="1"><p>(PB)</p></td></tr><tr><td rowspan="1" colspan="1"><p>2507606</p></td><td rowspan="1" colspan="1"><p>Juarez Távora</p></td><td rowspan="1" colspan="1"><p>(PB)</p></td></tr><tr><td rowspan="1" colspan="1"><p>2507705</p></td><td rowspan="1" colspan="1"><p>Juazeirinho</p></td><td rowspan="1" colspan="1"><p>(PB)</p></td></tr><tr><td rowspan="1" colspan="1"><p>2507804</p></td><td rowspan="1" colspan="1"><p>Junco do Seridó</p></td><td rowspan="1" colspan="1"><p>(PB)</p></td></tr><tr><td rowspan="1" colspan="1"><p>2508000</p></td><td rowspan="1" colspan="1"><p>Juru</p></td><td rowspan="1" colspan="1"><p>(PB)</p></td></tr><tr><td rowspan="1" colspan="1"><p>2508109</p></td><td rowspan="1" colspan="1"><p>Lagoa</p></td><td rowspan="1" colspan="1"><p>(PB)</p></td></tr><tr><td rowspan="1" colspan="1"><p>2508406</p></td><td rowspan="1" colspan="1"><p>Lastro</p></td><td rowspan="1" colspan="1"><p>(PB)</p></td></tr><tr><td rowspan="1" colspan="1"><p>2508505</p></td><td rowspan="1" colspan="1"><p>Livramento</p></td><td rowspan="1" colspan="1"><p>(PB)</p></td></tr><tr><td rowspan="1" colspan="1"><p>2508703</p></td><td rowspan="1" colspan="1"><p>Mãe d'Água</p></td><td rowspan="1" colspan="1"><p>(PB)</p></td></tr><tr><td rowspan="1" colspan="1"><p>2509008</p></td><td rowspan="1" colspan="1"><p>Manaíra</p></td><td rowspan="1" colspan="1"><p>(PB)</p></td></tr><tr><td rowspan="1" colspan="1"><p>2509156</p></td><td rowspan="1" colspan="1"><p>Marizópolis</p></td><td rowspan="1" colspan="1"><p>(PB)</p></td></tr><tr><td rowspan="1" colspan="1"><p>2509206</p></td><td rowspan="1" colspan="1"><p>Massaranduba</p></td><td rowspan="1" colspan="1"><p>(PB)</p></td></tr><tr><td rowspan="1" colspan="1"><p>2509339</p></td><td rowspan="1" colspan="1"><p>Matinhas</p></td><td rowspan="1" colspan="1"><p>(PB)</p></td></tr><tr><td rowspan="1" colspan="1"><p>2509396</p></td><td rowspan="1" colspan="1"><p>Maturéia</p></td><td rowspan="1" colspan="1"><p>(PB)</p></td></tr><tr><td rowspan="1" colspan="1"><p>2509404</p></td><td rowspan="1" colspan="1"><p>Mogeiro</p></td><td rowspan="1" colspan="1"><p>(PB)</p></td></tr><tr><td rowspan="1" colspan="1"><p>2509503</p></td><td rowspan="1" colspan="1"><p>Montadas</p></td><td rowspan="1" colspan="1"><p>(PB)</p></td></tr><tr><td rowspan="1" colspan="1"><p>2509602</p></td><td rowspan="1" colspan="1"><p>Monte Horebe</p></td><td rowspan="1" colspan="1"><p>(PB)</p></td></tr><tr><td rowspan="1" colspan="1"><p>2509701</p></td><td rowspan="1" colspan="1"><p>Monteiro</p></td><td rowspan="1" colspan="1"><p>(PB)</p></td></tr><tr><td rowspan="1" colspan="1"><p>2509909</p></td><td rowspan="1" colspan="1"><p>Natuba</p></td><td rowspan="1" colspan="1"><p>(PB)</p></td></tr><tr><td rowspan="1" colspan="1"><p>2510006</p></td><td rowspan="1" colspan="1"><p>Nazarezinho</p></td><td rowspan="1" colspan="1"><p>(PB)</p></td></tr><tr><td rowspan="1" colspan="1"><p>2510105</p></td><td rowspan="1" colspan="1"><p>Nova Floresta</p></td><td rowspan="1" colspan="1"><p>(PB)</p></td></tr><tr><td rowspan="1" colspan="1"><p>2510204</p></td><td rowspan="1" colspan="1"><p>Nova Olinda</p></td><td rowspan="1" colspan="1"><p>(PB)</p></td></tr><tr><td rowspan="1" colspan="1"><p>2510303</p></td><td rowspan="1" colspan="1"><p>Nova Palmeira</p></td><td rowspan="1" colspan="1"><p>(PB)</p></td></tr><tr><td rowspan="1" colspan="1"><p>2510402</p></td><td rowspan="1" colspan="1"><p>Olho d'Água</p></td><td rowspan="1" colspan="1"><p>(PB)</p></td></tr><tr><td rowspan="1" colspan="1"><p>2510501</p></td><td rowspan="1" colspan="1"><p>Olivedos</p></td><td rowspan="1" colspan="1"><p>(PB)</p></td></tr><tr><td rowspan="1" colspan="1"><p>2510600</p></td><td rowspan="1" colspan="1"><p>Ouro Velho</p></td><td rowspan="1" colspan="1"><p>(PB)</p></td></tr><tr><td rowspan="1" colspan="1"><p>2510659</p></td><td rowspan="1" colspan="1"><p>Parari</p></td><td rowspan="1" colspan="1"><p>(PB)</p></td></tr><tr><td rowspan="1" colspan="1"><p>2510709</p></td><td rowspan="1" colspan="1"><p>Passagem</p></td><td rowspan="1" colspan="1"><p>(PB)</p></td></tr><tr><td rowspan="1" colspan="1"><p>2510808</p></td><td rowspan="1" colspan="1"><p>Patos</p></td><td rowspan="1" colspan="1"><p>(PB)</p></td></tr><tr><td rowspan="1" colspan="1"><p>2511004</p></td><td rowspan="1" colspan="1"><p>Pedra Branca</p></td><td rowspan="1" colspan="1"><p>(PB)</p></td></tr><tr><td rowspan="1" colspan="1"><p>2511103</p></td><td rowspan="1" colspan="1"><p>Pedra Lavrada</p></td><td rowspan="1" colspan="1"><p>(PB)</p></td></tr><tr><td rowspan="1" colspan="1"><p>2511301</p></td><td rowspan="1" colspan="1"><p>Piancó</p></td><td rowspan="1" colspan="1"><p>(PB)</p></td></tr><tr><td rowspan="1" colspan="1"><p>2511400</p></td><td rowspan="1" colspan="1"><p>Picuí</p></td><td rowspan="1" colspan="1"><p>(PB)</p></td></tr><tr><td rowspan="1" colspan="1"><p>2512002</p></td><td rowspan="1" colspan="1"><p>Pocinhos</p></td><td rowspan="1" colspan="1"><p>(PB)</p></td></tr><tr><td rowspan="1" colspan="1"><p>2512036</p></td><td rowspan="1" colspan="1"><p>Poço Dantas</p></td><td rowspan="1" colspan="1"><p>(PB)</p></td></tr><tr><td rowspan="1" colspan="1"><p>2512077</p></td><td rowspan="1" colspan="1"><p>Poço de José de Moura</p></td><td rowspan="1" colspan="1"><p>(PB)</p></td></tr><tr><td rowspan="1" colspan="1"><p>2512200</p></td><td rowspan="1" colspan="1"><p>Prata</p></td><td rowspan="1" colspan="1"><p>(PB)</p></td></tr><tr><td rowspan="1" colspan="1"><p>2512309</p></td><td rowspan="1" colspan="1"><p>Princesa Isabel</p></td><td rowspan="1" colspan="1"><p>(PB)</p></td></tr><tr><td rowspan="1" colspan="1"><p>2512408</p></td><td rowspan="1" colspan="1"><p>Puxinanã</p></td><td rowspan="1" colspan="1"><p>(PB)</p></td></tr><tr><td rowspan="1" colspan="1"><p>2512507</p></td><td rowspan="1" colspan="1"><p>Queimadas</p></td><td rowspan="1" colspan="1"><p>(PB)</p></td></tr><tr><td rowspan="1" colspan="1"><p>2512606</p></td><td rowspan="1" colspan="1"><p>Quixaba</p></td><td rowspan="1" colspan="1"><p>(PB)</p></td></tr><tr><td rowspan="1" colspan="1"><p>2512705</p></td><td rowspan="1" colspan="1"><p>Remígio</p></td><td rowspan="1" colspan="1"><p>(PB)</p></td></tr><tr><td rowspan="1" colspan="1"><p>2512747</p></td><td rowspan="1" colspan="1"><p>Riachão</p></td><td rowspan="1" colspan="1"><p>(PB)</p></td></tr><tr><td rowspan="1" colspan="1"><p>2512788</p></td><td rowspan="1" colspan="1"><p>Riacho de Santo Antônio</p></td><td rowspan="1" colspan="1"><p>(PB)</p></td></tr><tr><td rowspan="1" colspan="1"><p>2512804</p></td><td rowspan="1" colspan="1"><p>Riacho dos Cavalos</p></td><td rowspan="1" colspan="1"><p>(PB)</p></td></tr><tr><td rowspan="1" colspan="1"><p>2513000</p></td><td rowspan="1" colspan="1"><p>Salgadinho</p></td><td rowspan="1" colspan="1"><p>(PB)</p></td></tr><tr><td rowspan="1" colspan="1"><p>2513109</p></td><td rowspan="1" colspan="1"><p>Salgado de São Félix</p></td><td rowspan="1" colspan="1"><p>(PB)</p></td></tr><tr><td rowspan="1" colspan="1"><p>2513158</p></td><td rowspan="1" colspan="1"><p>Santa Cecília</p></td><td rowspan="1" colspan="1"><p>(PB)</p></td></tr><tr><td rowspan="1" colspan="1"><p>2513208</p></td><td rowspan="1" colspan="1"><p>Santa Cruz</p></td><td rowspan="1" colspan="1"><p>(PB)</p></td></tr><tr><td rowspan="1" colspan="1"><p>2513307</p></td><td rowspan="1" colspan="1"><p>Santa Helena</p></td><td rowspan="1" colspan="1"><p>(PB)</p></td></tr><tr><td rowspan="1" colspan="1"><p>2513406</p></td><td rowspan="1" colspan="1"><p>Santa Luzia</p></td><td rowspan="1" colspan="1"><p>(PB)</p></td></tr><tr><td rowspan="1" colspan="1"><p>2513604</p></td><td rowspan="1" colspan="1"><p>Santana dos Garrotes</p></td><td rowspan="1" colspan="1"><p>(PB)</p></td></tr><tr><td rowspan="1" colspan="1"><p>2513802</p></td><td rowspan="1" colspan="1"><p>Santa Teresinha</p></td><td rowspan="1" colspan="1"><p>(PB)</p></td></tr><tr><td rowspan="1" colspan="1"><p>2513851</p></td><td rowspan="1" colspan="1"><p>Santo André</p></td><td rowspan="1" colspan="1"><p>(PB)</p></td></tr><tr><td rowspan="1" colspan="1"><p>2513901</p></td><td rowspan="1" colspan="1"><p>São Bento</p></td><td rowspan="1" colspan="1"><p>(PB)</p></td></tr><tr><td rowspan="1" colspan="1"><p>2513927</p></td><td rowspan="1" colspan="1"><p>São Bentinho</p></td><td rowspan="1" colspan="1"><p>(PB)</p></td></tr><tr><td rowspan="1" colspan="1"><p>2513943</p></td><td rowspan="1" colspan="1"><p>São Domingos do Cariri</p></td><td rowspan="1" colspan="1"><p>(PB)</p></td></tr><tr><td rowspan="1" colspan="1"><p>2513984</p></td><td rowspan="1" colspan="1"><p>São Francisco</p></td><td rowspan="1" colspan="1"><p>(PB)</p></td></tr><tr><td rowspan="1" colspan="1"><p>2514008</p></td><td rowspan="1" colspan="1"><p>São João do Cariri</p></td><td rowspan="1" colspan="1"><p>(PB)</p></td></tr><tr><td rowspan="1" colspan="1"><p>2514107</p></td><td rowspan="1" colspan="1"><p>São João do Tigre</p></td><td rowspan="1" colspan="1"><p>(PB)</p></td></tr><tr><td rowspan="1" colspan="1"><p>2514206</p></td><td rowspan="1" colspan="1"><p>São José da Lagoa Tapada</p></td><td rowspan="1" colspan="1"><p>(PB)</p></td></tr><tr><td rowspan="1" colspan="1"><p>2514305</p></td><td rowspan="1" colspan="1"><p>São José de Caiana</p></td><td rowspan="1" colspan="1"><p>(PB)</p></td></tr><tr><td rowspan="1" colspan="1"><p>2514404</p></td><td rowspan="1" colspan="1"><p>São José de Espinharas</p></td><td rowspan="1" colspan="1"><p>(PB)</p></td></tr><tr><td rowspan="1" colspan="1"><p>2514503</p></td><td rowspan="1" colspan="1"><p>São José de Piranhas</p></td><td rowspan="1" colspan="1"><p>(PB)</p></td></tr><tr><td rowspan="1" colspan="1"><p>2514552</p></td><td rowspan="1" colspan="1"><p>São José de Princesa</p></td><td rowspan="1" colspan="1"><p>(PB)</p></td></tr><tr><td rowspan="1" colspan="1"><p>2514602</p></td><td rowspan="1" colspan="1"><p>São José do Bonfim</p></td><td rowspan="1" colspan="1"><p>(PB)</p></td></tr><tr><td rowspan="1" colspan="1"><p>2514651</p></td><td rowspan="1" colspan="1"><p>São José do Brejo do Cruz</p></td><td rowspan="1" colspan="1"><p>(PB)</p></td></tr><tr><td rowspan="1" colspan="1"><p>2514701</p></td><td rowspan="1" colspan="1"><p>São José do Sabugi</p></td><td rowspan="1" colspan="1"><p>(PB)</p></td></tr><tr><td rowspan="1" colspan="1"><p>2514800</p></td><td rowspan="1" colspan="1"><p>São José dos Cordeiros</p></td><td rowspan="1" colspan="1"><p>(PB)</p></td></tr><tr><td rowspan="1" colspan="1"><p>2514909</p></td><td rowspan="1" colspan="1"><p>São Mamede</p></td><td rowspan="1" colspan="1"><p>(PB)</p></td></tr><tr><td rowspan="1" colspan="1"><p>2515203</p></td><td rowspan="1" colspan="1"><p>São Sebastião do Umbuzeiro</p></td><td rowspan="1" colspan="1"><p>(PB)</p></td></tr><tr><td rowspan="1" colspan="1"><p>2515401</p></td><td rowspan="1" colspan="1"><p>São Vicente do Seridó</p></td><td rowspan="1" colspan="1"><p>(PB)</p></td></tr><tr><td rowspan="1" colspan="1"><p>2515500</p></td><td rowspan="1" colspan="1"><p>Serra Branca</p></td><td rowspan="1" colspan="1"><p>(PB)</p></td></tr><tr><td rowspan="1" colspan="1"><p>2515807</p></td><td rowspan="1" colspan="1"><p>Serra Redonda</p></td><td rowspan="1" colspan="1"><p>(PB)</p></td></tr><tr><td rowspan="1" colspan="1"><p>2516003</p></td><td rowspan="1" colspan="1"><p>Solânea</p></td><td rowspan="1" colspan="1"><p>(PB)</p></td></tr><tr><td rowspan="1" colspan="1"><p>2516102</p></td><td rowspan="1" colspan="1"><p>Soledade</p></td><td rowspan="1" colspan="1"><p>(PB)</p></td></tr><tr><td rowspan="1" colspan="1"><p>2516151</p></td><td rowspan="1" colspan="1"><p>Sossêgo</p></td><td rowspan="1" colspan="1"><p>(PB)</p></td></tr><tr><td rowspan="1" colspan="1"><p>2516201</p></td><td rowspan="1" colspan="1"><p>Sousa</p></td><td rowspan="1" colspan="1"><p>(PB)</p></td></tr><tr><td rowspan="1" colspan="1"><p>2516300</p></td><td rowspan="1" colspan="1"><p>Sumé</p></td><td rowspan="1" colspan="1"><p>(PB)</p></td></tr><tr><td rowspan="1" colspan="1"><p>2516409</p></td><td rowspan="1" colspan="1"><p>Tacima</p></td><td rowspan="1" colspan="1"><p>(PB)</p></td></tr><tr><td rowspan="1" colspan="1"><p>2516508</p></td><td rowspan="1" colspan="1"><p>Taperoá</p></td><td rowspan="1" colspan="1"><p>(PB)</p></td></tr><tr><td rowspan="1" colspan="1"><p>2516607</p></td><td rowspan="1" colspan="1"><p>Tavares</p></td><td rowspan="1" colspan="1"><p>(PB)</p></td></tr><tr><td rowspan="1" colspan="1"><p>2516706</p></td><td rowspan="1" colspan="1"><p>Teixeira</p></td><td rowspan="1" colspan="1"><p>(PB)</p></td></tr><tr><td rowspan="1" colspan="1"><p>2516755</p></td><td rowspan="1" colspan="1"><p>Tenório</p></td><td rowspan="1" colspan="1"><p>(PB)</p></td></tr><tr><td rowspan="1" colspan="1"><p>2516805</p></td><td rowspan="1" colspan="1"><p>Triunfo</p></td><td rowspan="1" colspan="1"><p>(PB)</p></td></tr><tr><td rowspan="1" colspan="1"><p>2516904</p></td><td rowspan="1" colspan="1"><p>Uiraúna</p></td><td rowspan="1" colspan="1"><p>(PB)</p></td></tr><tr><td rowspan="1" colspan="1"><p>2517001</p></td><td rowspan="1" colspan="1"><p>Umbuzeiro</p></td><td rowspan="1" colspan="1"><p>(PB)</p></td></tr><tr><td rowspan="1" colspan="1"><p>2517100</p></td><td rowspan="1" colspan="1"><p>Várzea</p></td><td rowspan="1" colspan="1"><p>(PB)</p></td></tr><tr><td rowspan="1" colspan="1"><p>2517209</p></td><td rowspan="1" colspan="1"><p>Vieirópolis</p></td><td rowspan="1" colspan="1"><p>(PB)</p></td></tr><tr><td rowspan="1" colspan="1"><p>2517407</p></td><td rowspan="1" colspan="1"><p>Zabelê</p></td><td rowspan="1" colspan="1"><p>(PB)</p></td></tr><tr><td rowspan="1" colspan="1"><p>2600104</p></td><td rowspan="1" colspan="1"><p>Afogados da Ingazeira</p></td><td rowspan="1" colspan="1"><p>(PE)</p></td></tr><tr><td rowspan="1" colspan="1"><p>2600203</p></td><td rowspan="1" colspan="1"><p>Afrânio</p></td><td rowspan="1" colspan="1"><p>(PE)</p></td></tr><tr><td rowspan="1" colspan="1"><p>2600500</p></td><td rowspan="1" colspan="1"><p>Águas Belas</p></td><td rowspan="1" colspan="1"><p>(PE)</p></td></tr><tr><td rowspan="1" colspan="1"><p>2600609</p></td><td rowspan="1" colspan="1"><p>Alagoinha</p></td><td rowspan="1" colspan="1"><p>(PE)</p></td></tr><tr><td rowspan="1" colspan="1"><p>2601003</p></td><td rowspan="1" colspan="1"><p>Angelim</p></td><td rowspan="1" colspan="1"><p>(PE)</p></td></tr><tr><td rowspan="1" colspan="1"><p>2601102</p></td><td rowspan="1" colspan="1"><p>Araripina</p></td><td rowspan="1" colspan="1"><p>(PE)</p></td></tr><tr><td rowspan="1" colspan="1"><p>2601201</p></td><td rowspan="1" colspan="1"><p>Arcoverde</p></td><td rowspan="1" colspan="1"><p>(PE)</p></td></tr><tr><td rowspan="1" colspan="1"><p>2601508</p></td><td rowspan="1" colspan="1"><p>Belém de Maria</p></td><td rowspan="1" colspan="1"><p>(PE)</p></td></tr><tr><td rowspan="1" colspan="1"><p>2601706</p></td><td rowspan="1" colspan="1"><p>Belo Jardim</p></td><td rowspan="1" colspan="1"><p>(PE)</p></td></tr><tr><td rowspan="1" colspan="1"><p>2601805</p></td><td rowspan="1" colspan="1"><p>Betânia</p></td><td rowspan="1" colspan="1"><p>(PE)</p></td></tr><tr><td rowspan="1" colspan="1"><p>2602001</p></td><td rowspan="1" colspan="1"><p>Bodocó</p></td><td rowspan="1" colspan="1"><p>(PE)</p></td></tr><tr><td rowspan="1" colspan="1"><p>2602100</p></td><td rowspan="1" colspan="1"><p>Bom Conselho</p></td><td rowspan="1" colspan="1"><p>(PE)</p></td></tr><tr><td rowspan="1" colspan="1"><p>2602407</p></td><td rowspan="1" colspan="1"><p>Brejão</p></td><td rowspan="1" colspan="1"><p>(PE)</p></td></tr><tr><td rowspan="1" colspan="1"><p>2602506</p></td><td rowspan="1" colspan="1"><p>Brejinho</p></td><td rowspan="1" colspan="1"><p>(PE)</p></td></tr><tr><td rowspan="1" colspan="1"><p>2602605</p></td><td rowspan="1" colspan="1"><p>Brejo da Madre de Deus</p></td><td rowspan="1" colspan="1"><p>(PE)</p></td></tr><tr><td rowspan="1" colspan="1"><p>2603009</p></td><td rowspan="1" colspan="1"><p>Cabrobó</p></td><td rowspan="1" colspan="1"><p>(PE)</p></td></tr><tr><td rowspan="1" colspan="1"><p>2603108</p></td><td rowspan="1" colspan="1"><p>Cachoeirinha</p></td><td rowspan="1" colspan="1"><p>(PE)</p></td></tr><tr><td rowspan="1" colspan="1"><p>2603207</p></td><td rowspan="1" colspan="1"><p>Caetés</p></td><td rowspan="1" colspan="1"><p>(PE)</p></td></tr><tr><td rowspan="1" colspan="1"><p>2603306</p></td><td rowspan="1" colspan="1"><p>Calçado</p></td><td rowspan="1" colspan="1"><p>(PE)</p></td></tr><tr><td rowspan="1" colspan="1"><p>2603405</p></td><td rowspan="1" colspan="1"><p>Calumbi</p></td><td rowspan="1" colspan="1"><p>(PE)</p></td></tr><tr><td rowspan="1" colspan="1"><p>2603702</p></td><td rowspan="1" colspan="1"><p>Canhotinho</p></td><td rowspan="1" colspan="1"><p>(PE)</p></td></tr><tr><td rowspan="1" colspan="1"><p>2603900</p></td><td rowspan="1" colspan="1"><p>Carnaíba</p></td><td rowspan="1" colspan="1"><p>(PE)</p></td></tr><tr><td rowspan="1" colspan="1"><p>2603926</p></td><td rowspan="1" colspan="1"><p>Carnaubeira da Penha</p></td><td rowspan="1" colspan="1"><p>(PE)</p></td></tr><tr><td rowspan="1" colspan="1"><p>2604155</p></td><td rowspan="1" colspan="1"><p>Casinhas</p></td><td rowspan="1" colspan="1"><p>(PE)</p></td></tr><tr><td rowspan="1" colspan="1"><p>2604304</p></td><td rowspan="1" colspan="1"><p>Cedro</p></td><td rowspan="1" colspan="1"><p>(PE)</p></td></tr><tr><td rowspan="1" colspan="1"><p>2604700</p></td><td rowspan="1" colspan="1"><p>Correntes</p></td><td rowspan="1" colspan="1"><p>(PE)</p></td></tr><tr><td rowspan="1" colspan="1"><p>2604908</p></td><td rowspan="1" colspan="1"><p>Cumaru</p></td><td rowspan="1" colspan="1"><p>(PE)</p></td></tr><tr><td rowspan="1" colspan="1"><p>2605004</p></td><td rowspan="1" colspan="1"><p>Cupira</p></td><td rowspan="1" colspan="1"><p>(PE)</p></td></tr><tr><td rowspan="1" colspan="1"><p>2605103</p></td><td rowspan="1" colspan="1"><p>Custódia</p></td><td rowspan="1" colspan="1"><p>(PE)</p></td></tr><tr><td rowspan="1" colspan="1"><p>2605152</p></td><td rowspan="1" colspan="1"><p>Dormentes</p></td><td rowspan="1" colspan="1"><p>(PE)</p></td></tr><tr><td rowspan="1" colspan="1"><p>2605301</p></td><td rowspan="1" colspan="1"><p>Exu</p></td><td rowspan="1" colspan="1"><p>(PE)</p></td></tr><tr><td rowspan="1" colspan="1"><p>2605608</p></td><td rowspan="1" colspan="1"><p>Flores</p></td><td rowspan="1" colspan="1"><p>(PE)</p></td></tr><tr><td rowspan="1" colspan="1"><p>2605707</p></td><td rowspan="1" colspan="1"><p>Floresta</p></td><td rowspan="1" colspan="1"><p>(PE)</p></td></tr><tr><td rowspan="1" colspan="1"><p>2605806</p></td><td rowspan="1" colspan="1"><p>Frei Miguelinho</p></td><td rowspan="1" colspan="1"><p>(PE)</p></td></tr><tr><td rowspan="1" colspan="1"><p>2606002</p></td><td rowspan="1" colspan="1"><p>Garanhuns</p></td><td rowspan="1" colspan="1"><p>(PE)</p></td></tr><tr><td rowspan="1" colspan="1"><p>2606309</p></td><td rowspan="1" colspan="1"><p>Granito</p></td><td rowspan="1" colspan="1"><p>(PE)</p></td></tr><tr><td rowspan="1" colspan="1"><p>2606408</p></td><td rowspan="1" colspan="1"><p>Gravatá</p></td><td rowspan="1" colspan="1"><p>(PE)</p></td></tr><tr><td rowspan="1" colspan="1"><p>2606507</p></td><td rowspan="1" colspan="1"><p>Iati</p></td><td rowspan="1" colspan="1"><p>(PE)</p></td></tr><tr><td rowspan="1" colspan="1"><p>2606606</p></td><td rowspan="1" colspan="1"><p>Ibimirim</p></td><td rowspan="1" colspan="1"><p>(PE)</p></td></tr><tr><td rowspan="1" colspan="1"><p>2606705</p></td><td rowspan="1" colspan="1"><p>Ibirajuba</p></td><td rowspan="1" colspan="1"><p>(PE)</p></td></tr><tr><td rowspan="1" colspan="1"><p>2606903</p></td><td rowspan="1" colspan="1"><p>Iguaracy</p></td><td rowspan="1" colspan="1"><p>(PE)</p></td></tr><tr><td rowspan="1" colspan="1"><p>2607000</p></td><td rowspan="1" colspan="1"><p>Inajá</p></td><td rowspan="1" colspan="1"><p>(PE)</p></td></tr><tr><td rowspan="1" colspan="1"><p>2607109</p></td><td rowspan="1" colspan="1"><p>Ingazeira</p></td><td rowspan="1" colspan="1"><p>(PE)</p></td></tr><tr><td rowspan="1" colspan="1"><p>2607307</p></td><td rowspan="1" colspan="1"><p>Ipubi</p></td><td rowspan="1" colspan="1"><p>(PE)</p></td></tr><tr><td rowspan="1" colspan="1"><p>2607406</p></td><td rowspan="1" colspan="1"><p>Itacuruba</p></td><td rowspan="1" colspan="1"><p>(PE)</p></td></tr><tr><td rowspan="1" colspan="1"><p>2607505</p></td><td rowspan="1" colspan="1"><p>Itaíba</p></td><td rowspan="1" colspan="1"><p>(PE)</p></td></tr><tr><td rowspan="1" colspan="1"><p>2607703</p></td><td rowspan="1" colspan="1"><p>Itapetim</p></td><td rowspan="1" colspan="1"><p>(PE)</p></td></tr><tr><td rowspan="1" colspan="1"><p>2607950</p></td><td rowspan="1" colspan="1"><p>Jaqueira</p></td><td rowspan="1" colspan="1"><p>(PE)</p></td></tr><tr><td rowspan="1" colspan="1"><p>2608008</p></td><td rowspan="1" colspan="1"><p>Jataúba</p></td><td rowspan="1" colspan="1"><p>(PE)</p></td></tr><tr><td rowspan="1" colspan="1"><p>2608057</p></td><td rowspan="1" colspan="1"><p>Jatobá</p></td><td rowspan="1" colspan="1"><p>(PE)</p></td></tr><tr><td rowspan="1" colspan="1"><p>2608255</p></td><td rowspan="1" colspan="1"><p>Jucati</p></td><td rowspan="1" colspan="1"><p>(PE)</p></td></tr><tr><td rowspan="1" colspan="1"><p>2608404</p></td><td rowspan="1" colspan="1"><p>Jurema</p></td><td rowspan="1" colspan="1"><p>(PE)</p></td></tr><tr><td rowspan="1" colspan="1"><p>2608602</p></td><td rowspan="1" colspan="1"><p>Lagoa do Ouro</p></td><td rowspan="1" colspan="1"><p>(PE)</p></td></tr><tr><td rowspan="1" colspan="1"><p>2608800</p></td><td rowspan="1" colspan="1"><p>Lajedo</p></td><td rowspan="1" colspan="1"><p>(PE)</p></td></tr><tr><td rowspan="1" colspan="1"><p>2609154</p></td><td rowspan="1" colspan="1"><p>Manari</p></td><td rowspan="1" colspan="1"><p>(PE)</p></td></tr><tr><td rowspan="1" colspan="1"><p>2609303</p></td><td rowspan="1" colspan="1"><p>Mirandiba</p></td><td rowspan="1" colspan="1"><p>(PE)</p></td></tr><tr><td rowspan="1" colspan="1"><p>2609907</p></td><td rowspan="1" colspan="1"><p>Ouricuri</p></td><td rowspan="1" colspan="1"><p>(PE)</p></td></tr><tr><td rowspan="1" colspan="1"><p>2610202</p></td><td rowspan="1" colspan="1"><p>Panelas</p></td><td rowspan="1" colspan="1"><p>(PE)</p></td></tr></table>]]></Texto>
  </body>
  <Midias />
</article></xml>