﻿<xml><article id="45725669" name="PA 17955-GCOP-SIA" idOficio="11317433" pubName="DO1" artType="Portaria" pubDate="01/10/2025" artClass="00041:00019:00033:00009:00000:00000:00000:00000:00000:00000:00054:00000" artCategory="Ministério de Portos e Aeroportos/Agência Nacional de Aviação Civil/Superintendência de Infraestrutura Aeroportuária/Gerência de Certificação e Segurança Operacional" artSize="12" artNotes="" numberPage="200" pdfPage="http://pesquisa.in.gov.br/imprensa/jsp/visualiza/index.jsp?data=01/10/2025&amp;jornal=515&amp;pagina=200" editionNumber="187" highlightType="" highlightPriority="" highlight="" highlightimage="" highlightimagename="" idMateria="23164002">
  <body>
    <Identifica><![CDATA[ PORTARIA Nº 17.955, DE 26 DE SETEMBRO DE 2025]]></Identifica>
    <Data><![CDATA[]]></Data>
    <Ementa />
    <Titulo />
    <SubTitulo />
    <Texto><![CDATA[<p class="identifica">PORTARIA Nº 17.955, DE 26 DE SETEMBRO DE 2025</p><p>O GERENTE DE CERTIFICAÇÃO E SEGURANÇA OPERACIONAL, no uso da atribuição que lhe confere o art. 4º, inciso III, da Portaria nº 10.700/SIA, de 9 de março de 2023, tendo em vista o disposto na Portaria Interministerial nº 1.422/MD/SAC-PR, de 5 de junho de 2014, e considerando o que consta do processo nº 00065.041619/2025-86, resolve:</p><p>Art. 1º Considerar inscrito no cadastro e aberto ao tráfego aéreo o heliponto de uso privativo abaixo, com as seguintes características:</p><p>I - Nome da plataforma/embarcação: JLV AMAZON;</p><p>II - Indicador de localidade: 9PKZ;</p><p>III - Indicativo de chamada da EPTA: JLV AMAZON;</p><p>IV - Tipo de plataforma/embarcação: Plataforma Móvel;</p><p>V - Área de exploração dos recursos naturais: Bacia de Santos;</p><p>VI - Altitude em relação ao nível do mar: 32,70 metros;</p><p>VII - Resistência do pavimento: 12,80 toneladas;</p><p>VIII - Comprimento máximo do maior helicóptero a operar: 20,88 metros;</p><p>IX - Condições operacionais: Pousos e decolagens no período diurno. Pousos e decolagens, em caráter de emergência, no período noturno. As operações no período noturno estão condicionadas ao descrito no artigo 9.4. da NORMAM 223/DPC;</p><p>X - Classe: 3;</p><p>XI - Categoria: H2; e</p><p>XII - Sistema de combustível homologado: Não Possui.</p><p>Art. 2º A inscrição no cadastro tem validade até 4 de novembro de 2028.</p><p>Art. 3º Esta Portaria entra em vigor na data de sua publicação.</p><p class="assina">EDUARDO HENN BERNARDI</p>]]></Texto>
  </body>
  <Midias />
</article></xml>