﻿<xml><article id="45714484" name="Atos Declaratorios CVM 23.968 a " idOficio="11315581" pubName="DO1" artType="Ato Declaratório" pubDate="01/10/2025" artClass="00028:00040:00019:00020:00003:00000:00000:00000:00000:00000:00007:00000" artCategory="Ministério da Fazenda/Comissão de Valores Mobiliários/Superintendência-Geral/Superintendência de Supervisão de Investidores Institucionais/Gerência de Acompanhamento de Investidores Institucionais" artSize="12" artNotes="" numberPage="75" pdfPage="http://pesquisa.in.gov.br/imprensa/jsp/visualiza/index.jsp?data=01/10/2025&amp;jornal=515&amp;pagina=75" editionNumber="187" highlightType="" highlightPriority="" highlight="" highlightimage="" highlightimagename="" idMateria="23160477">
  <body>
    <Identifica><![CDATA[ ATOS DECLARATÓRIOS CVM DE 30 DE SETEMBRO DE 2025]]></Identifica>
    <Data><![CDATA[]]></Data>
    <Ementa />
    <Titulo />
    <SubTitulo />
    <Texto><![CDATA[<p class="identifica">ATOS DECLARATÓRIOS CVM DE 30 DE SETEMBRO DE 2025</p><p>Nº 23.968 - O Gerente de Acompanhamento de Investidores Institucionais da Comissão de Valores Mobiliários, no uso da competência dada pela Resolução CVM nº 24, de 5 de março de 2021, autoriza MVN CONSULTORIA DE INVESTIMENTOS LTDA, CNPJ nº 62.082.879, a prestar os serviços de Consultor de Valores Mobiliários, previstos na Resolução CVM nº 19, de 25 de fevereiro de 2021.</p><p>Nº 23.969 - O Gerente de Acompanhamento de Investidores Institucionais da Comissão de Valores Mobiliários, no uso da competência dada pela Resolução CVM nº 24, de 5 de março de 2021, autoriza TAICONS CONSULTORIA LTDA, CNPJ nº 47.677.064, a prestar os serviços de Consultor de Valores Mobiliários, previstos na Resolução CVM nº 19, de 25 de fevereiro de 2021.</p><p>Nº 23.970 - O Gerente de Acompanhamento de Investidores Institucionais da Comissão de Valores Mobiliários, no uso da competência dada pela Resolução CVM nº 24, de 5 de março de 2021, autoriza CARLOS AUGUSTO ALVES BRAGANÇA, CPF nº ***.862.596-**, a prestar os serviços de Consultor de Valores Mobiliários, previstos na Resolução CVM nº 19, de 25 de fevereiro de 2021.</p><p>Nº 23.971 - O Gerente de Acompanhamento de Investidores Institucionais da Comissão de Valores Mobiliários, no uso da competência dada pela Resolução CVM nº 24, de 5 de março de 2021, autoriza SAMUEL CARVALHO GONÇALVES, CPF n° ***.469.697-**, a prestar os serviços de Consultor de Valores Mobiliários, previstos na Resolução CVM nº 19, de 25 de fevereiro de 2021.</p><p>Nº 23.972 - O Gerente de Acompanhamento de Investidores Institucionais da Comissão de Valores Mobiliários, no uso da competência dada pela Resolução CVM nº 24, de 5 de março de 2021, autoriza BEATRIZ SYDULOVICZ CHINISKI, CPF n° ***.865.349-**, a prestar os serviços de Consultor de Valores Mobiliários, previstos na Resolução CVM nº 19, de 25 de fevereiro de 2021.</p><p>Nº 23.973 - O Gerente de Acompanhamento de Investidores Institucionais da Comissão de Valores Mobiliários, no uso da competência dada pela Resolução CVM nº 24, de 5 de março de 2021, autoriza DAVI KHATTAR, CPF nº ***.364.337-**, a prestar os serviços de Administrador de Carteira de Valores Mobiliários previstos na Resolução CVM nº 21, de 25 de fevereiro de 2021.</p><p>Nº 23.974 - O Gerente de Acompanhamento de Investidores Institucionais da Comissão de Valores Mobiliários, no uso da competência dada pela Resolução CVM nº 24, de 5 de março de 2021, autoriza MAURICIO KAZUO KISHIGAMI, CPF nº ***.280.998-**, a prestar os serviços de Administrador de Carteira de Valores Mobiliários previstos na Resolução CVM nº 21, de 25 de fevereiro de 2021.</p><p class="assina">VEROCHILE DA SILVA JUNIOR</p>]]></Texto>
  </body>
  <Midias />
</article></xml>