﻿<xml><article id="45725263" name="Acordao 619" idOficio="11317378" pubName="DO1" artType="Acórdão" pubDate="01/10/2025" artClass="00041:00020:00000:00000:00000:00000:00000:00000:00000:00000:00002:00000" artCategory="Ministério de Portos e Aeroportos/Agência Nacional de Transportes Aquaviários" artSize="12" artNotes="" numberPage="202" pdfPage="http://pesquisa.in.gov.br/imprensa/jsp/visualiza/index.jsp?data=01/10/2025&amp;jornal=515&amp;pagina=202" editionNumber="187" highlightType="" highlightPriority="" highlight="" highlightimage="" highlightimagename="" idMateria="23163859">
  <body>
    <Identifica><![CDATA[ ACÓRDÃO Nº 619/2025-ANTAQ]]></Identifica>
    <Data><![CDATA[]]></Data>
    <Ementa />
    <Titulo />
    <SubTitulo />
    <Texto><![CDATA[<p class="identifica">ACÓRDÃO Nº 619/2025-ANTAQ</p><p>1. Processo: 50300.012513/2024-32</p><p>2. Interessado: Superpesa Marítima Ltda.</p><p>3. Relatora: Flávia Takafashi</p><p>4. Unidade Técnica: Superintendência de Fiscalização (SFC)</p><p>5. Acórdão:</p><p>VISTOS, relatados e discutidos os presentes autos que tratam do Auto de Infração nº 006534, lavrado em desfavor da empresa Superpesa Marítima Ltda., em razão de operação irregular no seu terminal portuário, consistente na movimentação de cargas de terceiros na embarcação "SUPERPESA VI", sem a devida autorização prévia do poder concedente,</p><p>ACORDAM os Diretores da Agência Nacional de Transportes Aquaviários, reunidos para a Reunião Ordinária de Diretoria Colegiada de nº 595, ante as razões expostas pela Relatora, em:</p><p>5.1. conhecer da defesa administrativa apresentada pela empresa Superpesa Marítima Ltda., inscrita no CNPJ nº 00.202.759/0001-57, em face da lavratura, pela Gerência Regional do Rio de Janeiro (GRERJ), do Auto de Infração nº 006534;</p><p>5.2. no mérito, negar-lhe provimento e declarar a subsistência do referido Auto de Infração, eis que se encontram devidamente evidenciados os pressupostos de autoria e materialidade da infração tipificada no art. 37, inciso XII, da Resolução-ANTAQ nº 75/2022, consistente no fato de operar instalação portuária sem o necessário termo autorizativo;</p><p>5.3. aplicar a penalidade de multa pecuniária no valor de R$ 175.000,00 (cento e setenta e cinco mil reais), cominada com a imediata interdição da área por tempo indeterminado ou até que haja a devida regularização da situação conforme o normativo de regência sobre o assunto;</p><p>5.4. encaminhar os autos à Superintendência de Fiscalização e Coordenação das Unidades Regionais (SFC) para acompanhamento, junto à empresa, quanto ao cumprimento da medida de interdição; e</p><p>5.5. cientificar a empresa Superpesa Marítima Ltda. acerca da presente decisão.</p><p>6. Data da Reunião: 22 a 24/09/2025 - Virtual.</p><p>7. Especificação do quórum:</p><p>7.1. Diretores presentes: Frederico Dias (Presidente), Flávia Takafashi (Relatora), Lima Filho, Alber Vasconcelos e Caio Farias.</p><p class="assina">FREDERICO CARVALHO DIAS</p><p class="cargo">Diretor-Geral</p>]]></Texto>
  </body>
  <Midias />
</article></xml>