﻿<xml><article id="45712736" name="PORT.1433.2025" idOficio="11315272" pubName="DO1" artType="Portaria" pubDate="01/10/2025" artClass="00066:00010:00001:00000:00000:00000:00000:00000:00000:00000:00054:00000" artCategory="Ministério Público da União/Ministério Público do Trabalho/Procuradoria-Geral" artSize="12" artNotes="" numberPage="244" pdfPage="http://pesquisa.in.gov.br/imprensa/jsp/visualiza/index.jsp?data=01/10/2025&amp;jornal=515&amp;pagina=244" editionNumber="187" highlightType="" highlightPriority="" highlight="" highlightimage="" highlightimagename="" idMateria="23159898">
  <body>
    <Identifica><![CDATA[ Portaria nº 1.433, de 29 de setembro de 2025]]></Identifica>
    <Data><![CDATA[]]></Data>
    <Ementa />
    <Titulo />
    <SubTitulo />
    <Texto><![CDATA[<p class="identifica">Portaria nº 1.433, de 29 de setembro de 2025</p><p>O PROCURADOR-GERAL DO TRABALHO, no uso da atribuição prevista no inciso XXI do art. 91 da Lei Complementar nº 75, de 20 de maio de 1993, considerando o disposto no inciso VI do art. 27 da Resolução CSMPT nº 222, de 18 de abril de 2024 e no inciso VIII do art. 2º do Ato Conjunto PGR/CASMPU nº 01/2014, bem como os dados e informações constantes do PGEA 20.02.0700.0001491/2025-80, resolve:</p><p>Art. 1º Determinar a alteração do status do Ofício Comum de que é titular a Procuradora do Trabalho ANA VALÉRIA TARGINO DE VASCONCELOS para "Ofício provido com designação suspensa", enquanto perdurar sua designação para exercer o cargo de Procuradora-Chefe da Procuradoria Regional do Trabalho da 7ª Região/CE, conforme Portaria nº 1455.2025.</p><p class="assina">GLÁUCIO ARAÚJO DE OLIVEIRA</p>]]></Texto>
  </body>
  <Midias />
</article></xml>