﻿<xml><article id="45726565" name="Portaria 4432" idOficio="11317584" pubName="DO1" artType="Portaria" pubDate="01/10/2025" artClass="00016:00001:00000:00000:00000:00000:00000:00000:00000:00000:00054:00000" artCategory="Ministério da Defesa/Gabinete do Ministro" artSize="24" artNotes="" numberPage="33" pdfPage="http://pesquisa.in.gov.br/imprensa/jsp/visualiza/index.jsp?data=01/10/2025&amp;jornal=515&amp;pagina=33" editionNumber="187" highlightType="" highlightPriority="" highlight="" highlightimage="" highlightimagename="" idMateria="23164360">
  <body>
    <Identifica><![CDATA[ PORTARIA GM-MD Nº 4.432, de 30 de setembro de 2025]]></Identifica>
    <Data><![CDATA[]]></Data>
    <Ementa><![CDATA[ Desclassifica Produtos Estratégicos de Defesa.]]></Ementa>
    <Titulo />
    <SubTitulo />
    <Texto><![CDATA[<p class="identifica">PORTARIA GM-MD Nº 4.432, de 30 de setembro de 2025</p><p class="ementa">Desclassifica Produtos Estratégicos de Defesa.</p><p>O MINISTRO DE ESTADO DA DEFESA, no uso da atribuição que lhe confere o art. 87, parágrafo único, inciso IV, da Constituição Federal, considerando o disposto no Decreto nº 7.970, de 28 de março de 2013, na Portaria GM-MD nº 3.693, de 2 de agosto de 2024, e o que consta do processo administrativo nº 60014.000026/2025-97, resolve:</p><p>Art. 1º Desclassificar, como Produto Estratégico de Defesa (PED), os itens constantes na tabela abaixo:</p><p>46ª Reunião Deliberativa da Comissão Mista da Indústria de Defesa</p><p /><p></p><table><tr /><tr><td rowspan="1" colspan="1"><p>Nº DE ORDEM</p></td><td rowspan="1" colspan="1"><p>NOME EMPRESARIAL</p></td><td rowspan="1" colspan="1"><p>CNPJ</p></td><td rowspan="1" colspan="1"><p>PRODUTO</p></td><td rowspan="1" colspan="1"><p>PORTARIA DE CLASSIFICAÇÃO</p></td></tr><tr><td rowspan="1" colspan="1"><p>1</p></td><td rowspan="1" colspan="1"><p>MEDTEC SERVIÇOS ELETROELETRÔNICOS LTDA</p></td><td rowspan="1" colspan="1"><p>73.389.686/0001-28</p></td><td rowspan="1" colspan="1"><p>ADS-B GT280M (SISTEMA DE VIGILÂNCIA DEPENDENTE AUTOMÁTICA POR RADIODIFUSÃO)</p></td><td rowspan="1" colspan="1"><p>Portaria GM-MD n° 4.512, de 23 de setembro de 2024</p></td></tr><tr><td rowspan="1" colspan="1"><p>2</p></td><td rowspan="1" colspan="1"><p>MEDTEC SERVIÇOS ELETROELETRÔNICOS LTDA</p></td><td rowspan="1" colspan="1"><p>73.389.686/0001-28</p></td><td rowspan="1" colspan="1"><p>RADAR METEOROLÓGICO X200P</p></td><td rowspan="1" colspan="1"><p>Portaria GM-MD n° 4.512, de 23 de setembro de 2024</p></td></tr><tr><td rowspan="1" colspan="1"><p>3</p></td><td rowspan="1" colspan="1"><p>MEDTEC SERVIÇOS ELETROELETRÔNICOS LTDA</p></td><td rowspan="1" colspan="1"><p>73.389.686/0001-28</p></td><td rowspan="1" colspan="1"><p>SISTEMA DE DEFESA ANTIDRONE TZ24</p></td><td rowspan="1" colspan="1"><p>Portaria GM-MD n° 4.512, de 23 de setembro de 2024</p></td></tr><tr><td rowspan="1" colspan="1"><p>4</p></td><td rowspan="1" colspan="1"><p>NEW POWER COMÉRCIO DE SISTEMAS DE ENERGIA E DE DEFESA ESTRATÉGICA</p></td><td rowspan="1" colspan="1"><p>62.956.719/0001-58</p></td><td rowspan="1" colspan="1"><p>BATERIA DE PROPULSÃO 31DD6 E SEUS ACESSÓRIOS, PARA SUBMARINOS CLASSE "TUPI" E "TIKUNA" - NEWPOWER</p></td><td rowspan="1" colspan="1"><p>Portaria nº 708/GM/MD, de 13 de junho de 2016</p></td></tr><tr><td rowspan="1" colspan="1"><p>5</p></td><td rowspan="1" colspan="1"><p>USTORE SOFTWARE E SERVIÇOS DE INFORMÁTICA S.A</p></td><td rowspan="1" colspan="1"><p>16.826.461/0001-58</p></td><td rowspan="1" colspan="1"><p>MANGUE</p></td><td rowspan="1" colspan="1"><p>Portaria GM-MD nº 3.212, de 12 de junho de 2023</p></td></tr><tr><td rowspan="1" colspan="1"><p>6</p></td><td rowspan="1" colspan="1"><p>USTORE SOFTWARE E SERVIÇOS DE INFORMÁTICA S.A</p></td><td rowspan="1" colspan="1"><p>16.826.461/0001-58</p></td><td rowspan="1" colspan="1"><p>USTORE SMART CLOUD STORAGE</p></td><td rowspan="1" colspan="1"><p>Portaria nº 2.020, de 16 de setembro de 2015</p></td></tr><tr><td rowspan="1" colspan="1"><p>7</p></td><td rowspan="1" colspan="1"><p>USTORE SOFTWARE E SERVIÇOS DE INFORMÁTICA S.A</p></td><td rowspan="1" colspan="1"><p>16.826.461/0001-58</p></td><td rowspan="1" colspan="1"><p>UCLOUD: USTORE CLOUD SERVICES PLATFORM</p></td><td rowspan="1" colspan="1"><p>Portaria nº 2.020, de 16 de setembro de 2015</p></td></tr></table><p>Art. 2° Esta Portaria entra em vigor na data de sua publicação.</p><p class="assina">JOSÉ MUCIO MONTEIRO FILHO</p>]]></Texto>
  </body>
  <Midias />
</article></xml>