﻿<xml><article id="45725311" name="Acordao 611" idOficio="11317378" pubName="DO1" artType="Acórdão" pubDate="01/10/2025" artClass="00041:00020:00000:00000:00000:00000:00000:00000:00000:00000:00002:00000" artCategory="Ministério de Portos e Aeroportos/Agência Nacional de Transportes Aquaviários" artSize="12" artNotes="" numberPage="201" pdfPage="http://pesquisa.in.gov.br/imprensa/jsp/visualiza/index.jsp?data=01/10/2025&amp;jornal=515&amp;pagina=201" editionNumber="187" highlightType="" highlightPriority="" highlight="" highlightimage="" highlightimagename="" idMateria="23163868">
  <body>
    <Identifica><![CDATA[ ACÓRDÃO Nº 611/2025-ANTAQ]]></Identifica>
    <Data><![CDATA[]]></Data>
    <Ementa />
    <Titulo />
    <SubTitulo />
    <Texto><![CDATA[<p class="identifica">ACÓRDÃO Nº 611/2025-ANTAQ</p><p>1. Processo: 50300.009472/2025-88</p><p>2. Interessado: Sindicato Rural de Santarém (SIRSAN)</p><p>3. Relatora: Flávia Takafashi</p><p>4. Unidade Técnica: Superintendência de Fiscalização (SFC)</p><p>5. Acórdão:</p><p>VISTOS, relatados e discutidos os presentes autos que tratam do referendo da decisão proferida pela Deliberação-DG nº 74/2025,</p><p>ACORDAM os Diretores da Agência Nacional de Transportes Aquaviários, reunidos para a Reunião Ordinária de Diretoria Colegiada de nº 595, ante as razões expostas pela Relatora, em:</p><p>5.1. referendar a decisão proferida pela Diretoria Colegiada da ANTAQ mediante a Deliberação-DG nº 74/2025, nos seus exatos termos; e</p><p>5.2. cientificar a interessada acerca da presente decisão.</p><p>6. Data da Reunião: 22 a 24/09/2025 - Virtual.</p><p>7. Especificação do quórum:</p><p>7.1. Diretores presentes: Frederico Dias (Presidente), Flávia Takafashi (Relatora), Lima Filho, Alber Vasconcelos e Caio Farias.</p><p class="assina">FREDERICO CARVALHO DIAS</p><p class="cargo">Diretor-Geral</p>]]></Texto>
  </body>
  <Midias />
</article></xml>