﻿<xml><article id="45718952" name="2025-09-30/11316568/ANMWS_231616" idOficio="11316568" pubName="DO1" artType="Despacho" pubDate="01/10/2025" artClass="00035:00044:00023:00000:00000:00000:00000:00000:00000:00000:00024:00175" artCategory="Ministério de Minas e Energia/Agência Nacional de Mineração/Gerência Regional da ANM no Estado de Pernambuco" artSize="12" artNotes="" numberPage="99" pdfPage="http://pesquisa.in.gov.br/imprensa/jsp/visualiza/index.jsp?data=01/10/2025&amp;jornal=515&amp;pagina=99" editionNumber="187" highlightType="" highlightPriority="" highlight="" highlightimage="" highlightimagename="" idMateria="23161666">
  <body>
    <Identifica><![CDATA[Despacho]]></Identifica>
    <Data><![CDATA[]]></Data>
    <Ementa />
    <Titulo />
    <SubTitulo />
    <Texto><![CDATA[<p class="identifica">Despacho</p><p class="identifica">Relação nº 175/2025</p><p>Fase de Requerimento de Licenciamento</p><p>O GERENTE REGIONAL DA AGÊNCIA NACIONAL DE MINERAÇÃO, no uso da competência delegada de que trata o Art. 23, inciso IV, alínea "a" da Ordem de Serviço nº 334, de 12 de agosto de 2025, outorga o(s) seguinte(s) Registro(s) de Licença com vigência a partir da data de publicação:(730)</p><p>Registro de Licença n°: 816/2025 - Processo nº: 840.235/2024 - Titular: P J DO NASCIMENTO NETO &amp; CIA LTDA - Vencimento: 03/12/2026 - Substância(s): AREIA, ARGILA - Município(s): BOM JARDIM/PE, LIMOEIRO/PE</p><p>Registro de Licença n°: 809/2025 - Processo nº: 840.092/2025 - Titular: LEANDRO BORGES DE MENEZES KUTINSKAS - Vencimento: 12/08/2029 - Substância(s): AREIA - Município(s): AGRESTINA/PE</p><p class="assina">WERTHER LARRAZABAL DA SILVA JÚNIOR</p>]]></Texto>
  </body>
  <Midias />
</article></xml>