﻿<xml><article id="45711635" name="Desp-1326_2025" idOficio="11315101" pubName="DO1" artType="Despacho" pubDate="01/10/2025" artClass="00035:00045:00012:00000:00000:00000:00000:00000:00000:00000:00024:00000" artCategory="Ministério de Minas e Energia/Agência Nacional do Petróleo, Gás Natural e Biocombustíveis/Superintendência de Produção de Combustíveis" artSize="12" artNotes="" numberPage="107" pdfPage="http://pesquisa.in.gov.br/imprensa/jsp/visualiza/index.jsp?data=01/10/2025&amp;jornal=515&amp;pagina=107" editionNumber="187" highlightType="" highlightPriority="" highlight="" highlightimage="" highlightimagename="" idMateria="23159527">
  <body>
    <Identifica><![CDATA[ DESPACHO SPC-ANP Nº 1.326, DE 30 DE SETEMBRO DE 2025]]></Identifica>
    <Data><![CDATA[]]></Data>
    <Ementa />
    <Titulo />
    <SubTitulo />
    <Texto><![CDATA[<p class="identifica">DESPACHO SPC-ANP Nº 1.326, DE 30 DE SETEMBRO DE 2025</p><p>O SUPERINTENDENTE DE PRODUÇÃO DE COMBUSTÍVEIS DA AGÊNCIA NACIONAL DO PETRÓLEO, GÁS NATURAL E BIOCOMBUSTÍVEIS - ANP, no uso das atribuições que lhe foram conferidas pela Portaria ANP nº 265, de 10 de setembro de 2020, considerando a Lei nº 9.478, de 6 de agosto de 1997, a Resolução ANP nº 987, de 11 de agosto de 2025, e o que consta do Processo ANP nº 48610.210202/2025-72, resolve:</p><p>1. Fica CANCELADA a Autorização SPC-ANP nº 93 de 16 de fevereiro de 2024, publicada no DOU em 19 de fevereiro de 2024, outorgada à FÊNIX INDÚSTRIA DE BIOCOMBUSTÍVEL LTDA., CNPJ nº 52.250.166/0001-60, referente ao exercício da atividade de produção de biocombustíveis, nos termos do artigo 29, inciso I, alínea a, da Resolução ANP nº 987/2025.</p><p>2. Fica CANCELADA a Autorização SPC-ANP nº 94 de 16 de fevereiro de 2024, publicada no DOU em 19 de fevereiro de 2024, outorgada à FÊNIX INDÚSTRIA DE BIOCOMBUSTÍVEL LTDA., CNPJ nº 52.250.166/0001-60, referente à operação da instalação produtora de biodiesel, nos termos do artigo 29, inciso I, alínea a, da Resolução ANP nº 987/2025.</p><p class="assina">BRUNNO LOBACK ATALLA</p>]]></Texto>
  </body>
  <Midias />
</article></xml>