﻿<xml><article id="45724905" name="Portaria SPA 114_006__XEG2O4" idOficio="11314622" pubName="DO1" artType="Portaria" pubDate="01/10/2025" artClass="00008:00028:00000:00000:00000:00000:00000:00000:00000:00000:00054:00114" artCategory="Ministério da Agricultura e Pecuária/Secretaria de Política Agrícola" artSize="12" artNotes="ok" numberPage="17" pdfPage="http://pesquisa.in.gov.br/imprensa/jsp/visualiza/index.jsp?data=01/10/2025&amp;jornal=515&amp;pagina=17" editionNumber="187" highlightType="" highlightPriority="" highlight="" highlightimage="" highlightimagename="" idMateria="23158984">
  <body>
    <Identifica />
    <Data><![CDATA[]]></Data>
    <Ementa />
    <Titulo />
    <SubTitulo />
    <Texto><![CDATA[<p /><p></p><table><tr><td rowspan="1" colspan="1"><p>4317905</p></td><td rowspan="1" colspan="1"><p>Santo Cristo</p></td><td rowspan="1" colspan="1"><p>(RS)</p></td></tr><tr><td rowspan="1" colspan="1"><p>4317954</p></td><td rowspan="1" colspan="1"><p>Santo Expedito do Sul</p></td><td rowspan="1" colspan="1"><p>(RS)</p></td></tr><tr><td rowspan="1" colspan="1"><p>4318002</p></td><td rowspan="1" colspan="1"><p>São Borja</p></td><td rowspan="1" colspan="1"><p>(RS)</p></td></tr><tr><td rowspan="1" colspan="1"><p>4318051</p></td><td rowspan="1" colspan="1"><p>São Domingos do Sul</p></td><td rowspan="1" colspan="1"><p>(RS)</p></td></tr><tr><td rowspan="1" colspan="1"><p>4318101</p></td><td rowspan="1" colspan="1"><p>São Francisco de Assis</p></td><td rowspan="1" colspan="1"><p>(RS)</p></td></tr><tr><td rowspan="1" colspan="1"><p>4318200</p></td><td rowspan="1" colspan="1"><p>São Francisco de Paula</p></td><td rowspan="1" colspan="1"><p>(RS)</p></td></tr><tr><td rowspan="1" colspan="1"><p>4318309</p></td><td rowspan="1" colspan="1"><p>São Gabriel</p></td><td rowspan="1" colspan="1"><p>(RS)</p></td></tr><tr><td rowspan="1" colspan="1"><p>4318408</p></td><td rowspan="1" colspan="1"><p>São Jerônimo</p></td><td rowspan="1" colspan="1"><p>(RS)</p></td></tr><tr><td rowspan="1" colspan="1"><p>4318424</p></td><td rowspan="1" colspan="1"><p>São João da Urtiga</p></td><td rowspan="1" colspan="1"><p>(RS)</p></td></tr><tr><td rowspan="1" colspan="1"><p>4318432</p></td><td rowspan="1" colspan="1"><p>São João do Polêsine</p></td><td rowspan="1" colspan="1"><p>(RS)</p></td></tr><tr><td rowspan="1" colspan="1"><p>4318440</p></td><td rowspan="1" colspan="1"><p>São Jorge</p></td><td rowspan="1" colspan="1"><p>(RS)</p></td></tr><tr><td rowspan="1" colspan="1"><p>4318457</p></td><td rowspan="1" colspan="1"><p>São José das Missões</p></td><td rowspan="1" colspan="1"><p>(RS)</p></td></tr><tr><td rowspan="1" colspan="1"><p>4318465</p></td><td rowspan="1" colspan="1"><p>São José do Herval</p></td><td rowspan="1" colspan="1"><p>(RS)</p></td></tr><tr><td rowspan="1" colspan="1"><p>4318499</p></td><td rowspan="1" colspan="1"><p>São José do Inhacorá</p></td><td rowspan="1" colspan="1"><p>(RS)</p></td></tr><tr><td rowspan="1" colspan="1"><p>4318507</p></td><td rowspan="1" colspan="1"><p>São José do Norte</p></td><td rowspan="1" colspan="1"><p>(RS)</p></td></tr><tr><td rowspan="1" colspan="1"><p>4318606</p></td><td rowspan="1" colspan="1"><p>São José do Ouro</p></td><td rowspan="1" colspan="1"><p>(RS)</p></td></tr><tr><td rowspan="1" colspan="1"><p>4318614</p></td><td rowspan="1" colspan="1"><p>São José do Sul</p></td><td rowspan="1" colspan="1"><p>(RS)</p></td></tr><tr><td rowspan="1" colspan="1"><p>4318622</p></td><td rowspan="1" colspan="1"><p>São José dos Ausentes</p></td><td rowspan="1" colspan="1"><p>(RS)</p></td></tr><tr><td rowspan="1" colspan="1"><p>4318804</p></td><td rowspan="1" colspan="1"><p>São Lourenço do Sul</p></td><td rowspan="1" colspan="1"><p>(RS)</p></td></tr><tr><td rowspan="1" colspan="1"><p>4318903</p></td><td rowspan="1" colspan="1"><p>São Luiz Gonzaga</p></td><td rowspan="1" colspan="1"><p>(RS)</p></td></tr><tr><td rowspan="1" colspan="1"><p>4319109</p></td><td rowspan="1" colspan="1"><p>São Martinho</p></td><td rowspan="1" colspan="1"><p>(RS)</p></td></tr><tr><td rowspan="1" colspan="1"><p>4319125</p></td><td rowspan="1" colspan="1"><p>São Martinho da Serra</p></td><td rowspan="1" colspan="1"><p>(RS)</p></td></tr><tr><td rowspan="1" colspan="1"><p>4319158</p></td><td rowspan="1" colspan="1"><p>São Miguel das Missões</p></td><td rowspan="1" colspan="1"><p>(RS)</p></td></tr><tr><td rowspan="1" colspan="1"><p>4319208</p></td><td rowspan="1" colspan="1"><p>São Nicolau</p></td><td rowspan="1" colspan="1"><p>(RS)</p></td></tr><tr><td rowspan="1" colspan="1"><p>4319307</p></td><td rowspan="1" colspan="1"><p>São Paulo das Missões</p></td><td rowspan="1" colspan="1"><p>(RS)</p></td></tr><tr><td rowspan="1" colspan="1"><p>4319356</p></td><td rowspan="1" colspan="1"><p>São Pedro da Serra</p></td><td rowspan="1" colspan="1"><p>(RS)</p></td></tr><tr><td rowspan="1" colspan="1"><p>4319364</p></td><td rowspan="1" colspan="1"><p>São Pedro das Missões</p></td><td rowspan="1" colspan="1"><p>(RS)</p></td></tr><tr><td rowspan="1" colspan="1"><p>4319372</p></td><td rowspan="1" colspan="1"><p>São Pedro do Butiá</p></td><td rowspan="1" colspan="1"><p>(RS)</p></td></tr><tr><td rowspan="1" colspan="1"><p>4319406</p></td><td rowspan="1" colspan="1"><p>São Pedro do Sul</p></td><td rowspan="1" colspan="1"><p>(RS)</p></td></tr><tr><td rowspan="1" colspan="1"><p>4319604</p></td><td rowspan="1" colspan="1"><p>São Sepé</p></td><td rowspan="1" colspan="1"><p>(RS)</p></td></tr><tr><td rowspan="1" colspan="1"><p>4319703</p></td><td rowspan="1" colspan="1"><p>São Valentim</p></td><td rowspan="1" colspan="1"><p>(RS)</p></td></tr><tr><td rowspan="1" colspan="1"><p>4319711</p></td><td rowspan="1" colspan="1"><p>São Valentim do Sul</p></td><td rowspan="1" colspan="1"><p>(RS)</p></td></tr><tr><td rowspan="1" colspan="1"><p>4319737</p></td><td rowspan="1" colspan="1"><p>São Valério do Sul</p></td><td rowspan="1" colspan="1"><p>(RS)</p></td></tr><tr><td rowspan="1" colspan="1"><p>4319752</p></td><td rowspan="1" colspan="1"><p>São Vendelino</p></td><td rowspan="1" colspan="1"><p>(RS)</p></td></tr><tr><td rowspan="1" colspan="1"><p>4319802</p></td><td rowspan="1" colspan="1"><p>São Vicente do Sul</p></td><td rowspan="1" colspan="1"><p>(RS)</p></td></tr><tr><td rowspan="1" colspan="1"><p>4320107</p></td><td rowspan="1" colspan="1"><p>Sarandi</p></td><td rowspan="1" colspan="1"><p>(RS)</p></td></tr><tr><td rowspan="1" colspan="1"><p>4320206</p></td><td rowspan="1" colspan="1"><p>Seberi</p></td><td rowspan="1" colspan="1"><p>(RS)</p></td></tr><tr><td rowspan="1" colspan="1"><p>4320230</p></td><td rowspan="1" colspan="1"><p>Sede Nova</p></td><td rowspan="1" colspan="1"><p>(RS)</p></td></tr><tr><td rowspan="1" colspan="1"><p>4320263</p></td><td rowspan="1" colspan="1"><p>Segredo</p></td><td rowspan="1" colspan="1"><p>(RS)</p></td></tr><tr><td rowspan="1" colspan="1"><p>4320305</p></td><td rowspan="1" colspan="1"><p>Selbach</p></td><td rowspan="1" colspan="1"><p>(RS)</p></td></tr><tr><td rowspan="1" colspan="1"><p>4320321</p></td><td rowspan="1" colspan="1"><p>Senador Salgado Filho</p></td><td rowspan="1" colspan="1"><p>(RS)</p></td></tr><tr><td rowspan="1" colspan="1"><p>4320404</p></td><td rowspan="1" colspan="1"><p>Serafina Corrêa</p></td><td rowspan="1" colspan="1"><p>(RS)</p></td></tr><tr><td rowspan="1" colspan="1"><p>4320453</p></td><td rowspan="1" colspan="1"><p>Sério</p></td><td rowspan="1" colspan="1"><p>(RS)</p></td></tr><tr><td rowspan="1" colspan="1"><p>4320503</p></td><td rowspan="1" colspan="1"><p>Sertão</p></td><td rowspan="1" colspan="1"><p>(RS)</p></td></tr><tr><td rowspan="1" colspan="1"><p>4320578</p></td><td rowspan="1" colspan="1"><p>Sete de Setembro</p></td><td rowspan="1" colspan="1"><p>(RS)</p></td></tr><tr><td rowspan="1" colspan="1"><p>4320602</p></td><td rowspan="1" colspan="1"><p>Severiano de Almeida</p></td><td rowspan="1" colspan="1"><p>(RS)</p></td></tr><tr><td rowspan="1" colspan="1"><p>4320651</p></td><td rowspan="1" colspan="1"><p>Silveira Martins</p></td><td rowspan="1" colspan="1"><p>(RS)</p></td></tr><tr><td rowspan="1" colspan="1"><p>4320677</p></td><td rowspan="1" colspan="1"><p>Sinimbu</p></td><td rowspan="1" colspan="1"><p>(RS)</p></td></tr><tr><td rowspan="1" colspan="1"><p>4320701</p></td><td rowspan="1" colspan="1"><p>Sobradinho</p></td><td rowspan="1" colspan="1"><p>(RS)</p></td></tr><tr><td rowspan="1" colspan="1"><p>4320800</p></td><td rowspan="1" colspan="1"><p>Soledade</p></td><td rowspan="1" colspan="1"><p>(RS)</p></td></tr><tr><td rowspan="1" colspan="1"><p>4320859</p></td><td rowspan="1" colspan="1"><p>Tabaí</p></td><td rowspan="1" colspan="1"><p>(RS)</p></td></tr><tr><td rowspan="1" colspan="1"><p>4320909</p></td><td rowspan="1" colspan="1"><p>Tapejara</p></td><td rowspan="1" colspan="1"><p>(RS)</p></td></tr><tr><td rowspan="1" colspan="1"><p>4321006</p></td><td rowspan="1" colspan="1"><p>Tapera</p></td><td rowspan="1" colspan="1"><p>(RS)</p></td></tr><tr><td rowspan="1" colspan="1"><p>4321204</p></td><td rowspan="1" colspan="1"><p>Taquara</p></td><td rowspan="1" colspan="1"><p>(RS)</p></td></tr><tr><td rowspan="1" colspan="1"><p>4321303</p></td><td rowspan="1" colspan="1"><p>Taquari</p></td><td rowspan="1" colspan="1"><p>(RS)</p></td></tr><tr><td rowspan="1" colspan="1"><p>4321329</p></td><td rowspan="1" colspan="1"><p>Taquaruçu do Sul</p></td><td rowspan="1" colspan="1"><p>(RS)</p></td></tr><tr><td rowspan="1" colspan="1"><p>4321352</p></td><td rowspan="1" colspan="1"><p>Tavares</p></td><td rowspan="1" colspan="1"><p>(RS)</p></td></tr><tr><td rowspan="1" colspan="1"><p>4321402</p></td><td rowspan="1" colspan="1"><p>Tenente Portela</p></td><td rowspan="1" colspan="1"><p>(RS)</p></td></tr><tr><td rowspan="1" colspan="1"><p>4321451</p></td><td rowspan="1" colspan="1"><p>Teutônia</p></td><td rowspan="1" colspan="1"><p>(RS)</p></td></tr><tr><td rowspan="1" colspan="1"><p>4321469</p></td><td rowspan="1" colspan="1"><p>Tio Hugo</p></td><td rowspan="1" colspan="1"><p>(RS)</p></td></tr><tr><td rowspan="1" colspan="1"><p>4321477</p></td><td rowspan="1" colspan="1"><p>Tiradentes do Sul</p></td><td rowspan="1" colspan="1"><p>(RS)</p></td></tr><tr><td rowspan="1" colspan="1"><p>4321493</p></td><td rowspan="1" colspan="1"><p>Toropi</p></td><td rowspan="1" colspan="1"><p>(RS)</p></td></tr><tr><td rowspan="1" colspan="1"><p>4321626</p></td><td rowspan="1" colspan="1"><p>Travesseiro</p></td><td rowspan="1" colspan="1"><p>(RS)</p></td></tr><tr><td rowspan="1" colspan="1"><p>4321634</p></td><td rowspan="1" colspan="1"><p>Três Arroios</p></td><td rowspan="1" colspan="1"><p>(RS)</p></td></tr><tr><td rowspan="1" colspan="1"><p>4321709</p></td><td rowspan="1" colspan="1"><p>Três Coroas</p></td><td rowspan="1" colspan="1"><p>(RS)</p></td></tr><tr><td rowspan="1" colspan="1"><p>4321808</p></td><td rowspan="1" colspan="1"><p>Três de Maio</p></td><td rowspan="1" colspan="1"><p>(RS)</p></td></tr><tr><td rowspan="1" colspan="1"><p>4321857</p></td><td rowspan="1" colspan="1"><p>Três Palmeiras</p></td><td rowspan="1" colspan="1"><p>(RS)</p></td></tr><tr><td rowspan="1" colspan="1"><p>4321907</p></td><td rowspan="1" colspan="1"><p>Três Passos</p></td><td rowspan="1" colspan="1"><p>(RS)</p></td></tr><tr><td rowspan="1" colspan="1"><p>4321956</p></td><td rowspan="1" colspan="1"><p>Trindade do Sul</p></td><td rowspan="1" colspan="1"><p>(RS)</p></td></tr><tr><td rowspan="1" colspan="1"><p>4322103</p></td><td rowspan="1" colspan="1"><p>Tucunduva</p></td><td rowspan="1" colspan="1"><p>(RS)</p></td></tr><tr><td rowspan="1" colspan="1"><p>4322152</p></td><td rowspan="1" colspan="1"><p>Tunas</p></td><td rowspan="1" colspan="1"><p>(RS)</p></td></tr><tr><td rowspan="1" colspan="1"><p>4322186</p></td><td rowspan="1" colspan="1"><p>Tupanci do Sul</p></td><td rowspan="1" colspan="1"><p>(RS)</p></td></tr><tr><td rowspan="1" colspan="1"><p>4322202</p></td><td rowspan="1" colspan="1"><p>Tupanciretã</p></td><td rowspan="1" colspan="1"><p>(RS)</p></td></tr><tr><td rowspan="1" colspan="1"><p>4322251</p></td><td rowspan="1" colspan="1"><p>Tupandi</p></td><td rowspan="1" colspan="1"><p>(RS)</p></td></tr><tr><td rowspan="1" colspan="1"><p>4322301</p></td><td rowspan="1" colspan="1"><p>Tuparendi</p></td><td rowspan="1" colspan="1"><p>(RS)</p></td></tr><tr><td rowspan="1" colspan="1"><p>4322327</p></td><td rowspan="1" colspan="1"><p>Turuçu</p></td><td rowspan="1" colspan="1"><p>(RS)</p></td></tr><tr><td rowspan="1" colspan="1"><p>4322343</p></td><td rowspan="1" colspan="1"><p>Ubiretama</p></td><td rowspan="1" colspan="1"><p>(RS)</p></td></tr><tr><td rowspan="1" colspan="1"><p>4322350</p></td><td rowspan="1" colspan="1"><p>União da Serra</p></td><td rowspan="1" colspan="1"><p>(RS)</p></td></tr><tr><td rowspan="1" colspan="1"><p>4322376</p></td><td rowspan="1" colspan="1"><p>Unistalda</p></td><td rowspan="1" colspan="1"><p>(RS)</p></td></tr><tr><td rowspan="1" colspan="1"><p>4322400</p></td><td rowspan="1" colspan="1"><p>Uruguaiana</p></td><td rowspan="1" colspan="1"><p>(RS)</p></td></tr><tr><td rowspan="1" colspan="1"><p>4322509</p></td><td rowspan="1" colspan="1"><p>Vacaria</p></td><td rowspan="1" colspan="1"><p>(RS)</p></td></tr><tr><td rowspan="1" colspan="1"><p>4322525</p></td><td rowspan="1" colspan="1"><p>Vale Verde</p></td><td rowspan="1" colspan="1"><p>(RS)</p></td></tr><tr><td rowspan="1" colspan="1"><p>4322558</p></td><td rowspan="1" colspan="1"><p>Vanini</p></td><td rowspan="1" colspan="1"><p>(RS)</p></td></tr><tr><td rowspan="1" colspan="1"><p>4322608</p></td><td rowspan="1" colspan="1"><p>Venâncio Aires</p></td><td rowspan="1" colspan="1"><p>(RS)</p></td></tr><tr><td rowspan="1" colspan="1"><p>4322707</p></td><td rowspan="1" colspan="1"><p>Vera Cruz</p></td><td rowspan="1" colspan="1"><p>(RS)</p></td></tr><tr><td rowspan="1" colspan="1"><p>4322806</p></td><td rowspan="1" colspan="1"><p>Veranópolis</p></td><td rowspan="1" colspan="1"><p>(RS)</p></td></tr><tr><td rowspan="1" colspan="1"><p>4322855</p></td><td rowspan="1" colspan="1"><p>Vespasiano Corrêa</p></td><td rowspan="1" colspan="1"><p>(RS)</p></td></tr><tr><td rowspan="1" colspan="1"><p>4322905</p></td><td rowspan="1" colspan="1"><p>Viadutos</p></td><td rowspan="1" colspan="1"><p>(RS)</p></td></tr><tr><td rowspan="1" colspan="1"><p>4323101</p></td><td rowspan="1" colspan="1"><p>Vicente Dutra</p></td><td rowspan="1" colspan="1"><p>(RS)</p></td></tr><tr><td rowspan="1" colspan="1"><p>4323200</p></td><td rowspan="1" colspan="1"><p>Victor Graeff</p></td><td rowspan="1" colspan="1"><p>(RS)</p></td></tr><tr><td rowspan="1" colspan="1"><p>4323358</p></td><td rowspan="1" colspan="1"><p>Vila Lângaro</p></td><td rowspan="1" colspan="1"><p>(RS)</p></td></tr><tr><td rowspan="1" colspan="1"><p>4323408</p></td><td rowspan="1" colspan="1"><p>Vila Maria</p></td><td rowspan="1" colspan="1"><p>(RS)</p></td></tr><tr><td rowspan="1" colspan="1"><p>4323457</p></td><td rowspan="1" colspan="1"><p>Vila Nova do Sul</p></td><td rowspan="1" colspan="1"><p>(RS)</p></td></tr><tr><td rowspan="1" colspan="1"><p>4323507</p></td><td rowspan="1" colspan="1"><p>Vista Alegre</p></td><td rowspan="1" colspan="1"><p>(RS)</p></td></tr><tr><td rowspan="1" colspan="1"><p>4323606</p></td><td rowspan="1" colspan="1"><p>Vista Alegre do Prata</p></td><td rowspan="1" colspan="1"><p>(RS)</p></td></tr><tr><td rowspan="1" colspan="1"><p>4323705</p></td><td rowspan="1" colspan="1"><p>Vista Gaúcha</p></td><td rowspan="1" colspan="1"><p>(RS)</p></td></tr><tr><td rowspan="1" colspan="1"><p>4323754</p></td><td rowspan="1" colspan="1"><p>Vitória das Missões</p></td><td rowspan="1" colspan="1"><p>(RS)</p></td></tr><tr><td rowspan="1" colspan="1"><p>5003454</p></td><td rowspan="1" colspan="1"><p>Deodápolis</p></td><td rowspan="1" colspan="1"><p>(MS)</p></td></tr><tr><td rowspan="1" colspan="1"><p>5005707</p></td><td rowspan="1" colspan="1"><p>Naviraí</p></td><td rowspan="1" colspan="1"><p>(MS)</p></td></tr><tr><td rowspan="1" colspan="1"><p>5209408</p></td><td rowspan="1" colspan="1"><p>Guarani de Goiás</p></td><td rowspan="1" colspan="1"><p>(GO)</p></td></tr><tr><td rowspan="1" colspan="1"><p>5216403</p></td><td rowspan="1" colspan="1"><p>Paraúna</p></td><td rowspan="1" colspan="1"><p>(GO)</p></td></tr></table>]]></Texto>
  </body>
  <Midias />
</article></xml>