﻿<xml><article id="45717314" name="PIN 200320251015a17 (Ordinaria -" idOficio="11316119" pubName="DO1" artType="Pauta" pubDate="01/10/2025" artClass="00028:00015:00002:00003:00000:00000:00000:00000:00000:00000:00053:00000" artCategory="Ministério da Fazenda/Conselho Administrativo de Recursos Fiscais/2ª Seção/3ª Turma Extraordinária" artSize="12" artNotes="" numberPage="59" pdfPage="http://pesquisa.in.gov.br/imprensa/jsp/visualiza/index.jsp?data=01/10/2025&amp;jornal=515&amp;pagina=59" editionNumber="187" highlightType="" highlightPriority="" highlight="" highlightimage="" highlightimagename="" idMateria="23161165">
  <body>
    <Identifica><![CDATA[ PAUTA DE JULGAMENTO]]></Identifica>
    <Data><![CDATA[]]></Data>
    <Ementa />
    <Titulo />
    <SubTitulo />
    <Texto><![CDATA[<p class="identifica">PAUTA DE JULGAMENTO</p><p>Período da Reunião de 15 a 17/10/2025.</p><p>Pauta ordinária de julgamento dos recursos da 3ª Turma Extraordinária da 2ª Seção, em reunião assíncrona, realizada por meio do Plenário Virtual, com duração de 3 (três) dias, tendo início às 9h do dia 15/10/2025 e fim às 23h59min do dia 17/10/2025.</p><p>OBSERVAÇÕES:</p><p>1) Arquivos de sustentação oral e memoriais devem ser postados até cinco dias após a publicação da pauta;</p><p>2) Pedidos de retirada de pauta devem ser enviados até cinco dias após a publicação da pauta;</p><p>3) Serão desconsiderados a sustentação oral e o memorial cujos arquivos transmitidos não atendam à duração e aos requisitos previstos, respectivamente, no art. 11, e no art. 12 da Portaria CARF/MF nº 1.240, de 2 de agosto de 2024; e</p><p>4) A publicidade da reunião será garantida por meio do Sistema de Acompanhamento do Plenário Virtual - SAPVI, com acesso pelo endereço https://sapvi.carf.economia.gov.br/home.</p><p>DIA 15 de Outubro de 2025, ÀS 09:00 HORAS</p><p>Relator(a): SHEILA AIRES CARTAXO GOMES</p><p>1 - Processo nº: 15504.721012/2015-62 - Recorrente: COGELTA-CONSTRUCOES GERAIS LTDA e Interessado: FAZENDA NACIONAL</p><p>2 - Processo nº: 12448.726880/2012-10 - Recorrente: FUNDACAO ORQUESTRA SINFONICA BRASILEIRA e Interessado: FAZENDA NACIONAL</p><p>3 - Processo nº: 11065.720767/2015-13 - Recorrente: SISPRO S/A SERVICOS E TECNOLOGIA DA INFORMACAO e Interessado: FAZENDA NACIONAL</p><p>4 - Processo nº: 15504.720233/2015-13 - Recorrente: TECTRAN - TECNICOS EM TRANSPORTE LTDA e Interessado: FAZENDA NACIONAL</p><p>Relator(a): FRANCISCO IBIAPINO LUZ</p><p>5 - Processo nº: 10830.007343/2010-66 - Recorrente: CELINA JUNQUEIRA LOPES e Interessado: FAZENDA NACIONAL</p><p>6 - Processo nº: 10320.721320/2011-07 - Recorrente: GRUPO DOM BOSCO LTDA e Interessado: FAZENDA NACIONAL</p><p>7 - Processo nº: 13964.000945/2008-41 - Recorrente: IRMA NOGAREDO FORMENTIN e Interessado: FAZENDA NACIONAL</p><p>8 - Processo nº: 15504.012731/2009-41 - Recorrente: MERCANTIL DO BRASIL FINANCEIRA SA CREDITO FIN E INVEST e Interessado: FAZENDA NACIONAL</p><p>9 - Processo nº: 10530.720430/2014-11 - Recorrente: UNIAO MEDICA PLANOS DE SAUDE S A e Interessado: FAZENDA NACIONAL</p><p>Relator(a): RODRIGO MONTEIRO LOUREIRO AMORIM</p><p>10 - Processo nº: 10380.730518/2016-73 - Recorrente: INSTITUTO DE SAUDE E GESTAO HOSPITALAR e Interessado: FAZENDA NACIONAL</p><p>11 - Processo nº: 10510.720449/2015-86 - Recorrente: IPANEMA FLEX COLCHOES E ESTOFADOS LTDA e Interessado: FAZENDA NACIONAL</p><p>12 - Processo nº: 11065.721885/2014-50 - Recorrente: KILLING S.A. TINTAS E ADESIVOS e Interessado: FAZENDA NACIONAL</p><p>13 - Processo nº: 11634.720511/2015-04 - Recorrente: MUNICIPIO DE LONDRINA e Interessado: FAZENDA NACIONAL</p><p>14 - Processo nº: 11516.721790/2015-61 - Recorrente: SOLUCOES IMOBILIARIAS LTDA e Interessado: FAZENDA NACIONAL</p><p>15 - Processo nº: 13855.721768/2014-15 - Recorrente: UNISERVICE TERCEIRIZACAO DE SERVICOS S/S LTDA e Interessado: FAZENDA NACIONAL</p><p>16 - Processo nº: 10970.720210/2012-46 - Recorrente: ZANETTI EQUIPAMENTOS INDUSTRIAIS LTDA e Interessado: FAZENDA NACIONAL</p><p class="assina">Sheila Aires Cartaxo Gomes</p><p class="cargo">Presidente da 3ª Turma Extraordinária da 2ª Seção do CARF</p>]]></Texto>
  </body>
  <Midias />
</article></xml>