﻿<xml><article id="45716873" name="PIN 320220251014a16 (Ordinaria -" idOficio="11316070" pubName="DO1" artType="Pauta" pubDate="01/10/2025" artClass="00028:00015:00003:00005:00002:00000:00000:00000:00000:00000:00053:00000" artCategory="Ministério da Fazenda/Conselho Administrativo de Recursos Fiscais/3ª Seção/2ª Câmara/Turma - Segunda Turma Ordinária da Segunda Câmara da Terceira Seção" artSize="12" artNotes="" numberPage="63" pdfPage="http://pesquisa.in.gov.br/imprensa/jsp/visualiza/index.jsp?data=01/10/2025&amp;jornal=515&amp;pagina=63" editionNumber="187" highlightType="" highlightPriority="" highlight="" highlightimage="" highlightimagename="" idMateria="23161093">
  <body>
    <Identifica><![CDATA[ PAUTA DE JULGAMENTO]]></Identifica>
    <Data><![CDATA[]]></Data>
    <Ementa />
    <Titulo />
    <SubTitulo />
    <Texto><![CDATA[<p class="identifica">PAUTA DE JULGAMENTO</p><p>Período da Reunião de 14 a 16/10/2025.</p><p>Pauta ordinária de julgamento dos recursos da 2ª Turma Ordinária da 2ª Câmara da 3ª Seção, em sessões síncronas presenciais ou híbridas a serem realizadas nas datas a seguir mencionadas, no Setor Comercial Sul, Quadra 01, Bloco J, Edifício Alvorada, Brasília, Distrito Federal.</p><p>OBSERVAÇÕES:</p><p>1) Solicitações ou envios de sustentação oral e memorial devem ser feitas até 2 (dois) dias úteis antes do início da reunião mensal de julgamento da turma, independentemente da sessão em que o processo tenha sido agendado;</p><p>1.1) É permitido realizar sustentação oral;</p><p>a) presencial;</p><p>b) em tempo real por meio de videoconferência ou tecnologia similar; ou</p><p>c) por meio de postagem de vídeo ou áudio no Centro de Atendimento Virtual da Receita Federal - e-CAC.</p><p>1.2) Serão desconsiderados a sustentação oral e o memorial cujos arquivos transmitidos não atendam à duração e aos requisitos previstos, respectivamente, no art. 11, e no art. 12 da Portaria CARF/MF nº 1.240, de 2 de agosto de 2024;</p><p>2) Solicitações de transferência ou retirada de pauta devem ser enviadas até 4 (quatro) dias úteis antes do início da reunião mensal de julgamento da turma, independentemente da sessão em que o processo tenha sido agendado; e</p><p>3) Os julgamentos adiados, dentro da mesma reunião, serão realizados independentemente de nova publicação.</p><p>DIA 14 de Outubro de 2025, ÀS 09:00 HORAS</p><p>Relator(a): RODRIGO LORENZON YUNAN GASSIBE</p><p>1 - Processo nº: 16327.720011/2024-42 - Recorrente: CIELO S.A - INSTITUICAO DE PAGAMENTO e Interessado: FAZENDA NACIONAL</p><p>Relator(a): ONIZIA DE MIRANDA AGUIAR PIGNATARO</p><p>2 - Processo nº: 16327.720092/2021-38 - Embargante: CONSELHEIRO e Interessado: BANCO GM S.A e FAZENDA NACIONAL</p><p>Relator(a): RAFAEL LUIZ BUENO DA CUNHA</p><p>3 - Processo nº: 16327.907041/2021-19 - Recorrente: PRUDENTIAL DO BRASIL SEGUROS DE VIDA S.A. e Interessado: FAZENDA NACIONAL</p><p>4 - Processo nº: 18220.726163/2022-19 - Recorrente: FAZENDA NACIONAL e Interessado: PRUDENTIAL DO BRASIL SEGUROS DE VIDA S.A.</p><p>Relator(a): WAGNER MOTA MOMESSO DE OLIVEIRA</p><p>5 - Processo nº: 15588.720924/2021-82 - Recorrente: CVLB BRASIL S.A. e Interessado: FAZENDA NACIONAL</p><p>DIA 14 de Outubro de 2025, ÀS 14:00 HORAS</p><p>Relator(a): WAGNER MOTA MOMESSO DE OLIVEIRA</p><p>6 - Processo nº: 15588.720318/2022-48 - Recorrente: BOTICA COMERCIAL FARMACEUTICA LTDA e Interessado: FAZENDA NACIONAL</p><p>Relator(a): ONIZIA DE MIRANDA AGUIAR PIGNATARO</p><p>7 - Processo nº: 19515.720553/2018-48 - Embargante: CONSELHEIRO e Interessado: COLGATE PALMOLIVE INDUSTRIAL LTDA e FAZENDA NACIONAL</p><p>Relator(a): WAGNER MOTA MOMESSO DE OLIVEIRA</p><p>8 - Processo nº: 12448.722159/2018-46 - Recorrentes: FAZENDA NACIONAL e RECICLYN COMERCIO E INDUSTRIA DE METAIS LTDA</p><p>9 - Processo nº: 12448.722160/2018-71 - Recorrente: RECICLYN COMERCIO E INDUSTRIA DE METAIS LTDA e Interessado: FAZENDA NACIONAL</p><p>Relator(a): ALINE CARDOSO DE FARIA</p><p>10 - Processo nº: 15746.722058/2021-02 - Recorrente: DYNATECH INDUSTRIAS QUIMICAS LTDA e Interessado: FAZENDA NACIONAL</p><p>11 - Processo nº: 19613.735956/2022-60 - Recorrentes: FAZENDA NACIONAL e DYNATECH INDUSTRIAS QUIMICAS LTDA</p><p>DIA 15 de Outubro de 2025, ÀS 09:00 HORAS</p><p>Relator(a): JUCILEIA DE SOUZA LIMA</p><p>12 - Processo nº: 16682.720043/2024-07 - Recorrente: RAIZEN S.A. e Interessado: FAZENDA NACIONAL</p><p>Relator(a): ONIZIA DE MIRANDA AGUIAR PIGNATARO</p><p>13 - Processo nº: 15746.725510/2023-41 - Recorrente: ERICSSON TELECOMUNICACOES LTDA e Interessado: FAZENDA NACIONAL</p><p>Relator(a): RAFAEL LUIZ BUENO DA CUNHA</p><p>14 - Processo nº: 10980.903943/2023-58 - Recorrente: ARAUCO DO BRASIL S.A. e Interessado: FAZENDA NACIONAL</p><p>Relator(a): JUCILEIA DE SOUZA LIMA</p><p>15 - Processo nº: 10340.720261/2022-66 - Recorrente: INDUSTRIA E COMERCIO DE FECULA O LINDA LTDA e Interessado: FAZENDA NACIONAL</p><p>DIA 15 de Outubro de 2025, ÀS 14:00 HORAS</p><p>Relator(a): JUCILEIA DE SOUZA LIMA</p><p>16 - Processo nº: 17227.728584/2023-24 - Recorrente: AMERICANAS S.A - EM RECUPERACAO JUDICIAL e Interessado: FAZENDA NACIONAL</p><p>17 - Processo nº: 17227.720031/2022-42 - Recorrente: AMERICANAS S.A - EM RECUPERACAO JUDICIAL e Interessado: FAZENDA NACIONAL</p><p>Relator(a): ONIZIA DE MIRANDA AGUIAR PIGNATARO</p><p>18 - Processo nº: 10935.721561/2017-13 - Recorrentes: FAZENDA NACIONAL e IRMAOS MUFFATO S.A</p><p>Relator(a): JUCILEIA DE SOUZA LIMA</p><p>19 - Processo nº: 10980.724432/2018-12 - Recorrente: BANCO SISTEMA S.A e Interessado: FAZENDA NACIONAL</p><p>Relator(a): ALINE CARDOSO DE FARIA</p><p>20 - Processo nº: 14041.720140/2019-44 - Recorrente: TRANSRIO TRANSPORTES E LOGISTICA LTDA e Interessado: FAZENDA NACIONAL</p><p>Relator(a): JUCILEIA DE SOUZA LIMA</p><p>21 - Processo nº: 15746.720917/2020-30 - Recorrente: FAZENDA NACIONAL e Interessado: NEW ITALIAN FAST FOOD COZINHA INDUSTRIAL E IMPORTACAO LTDA.</p><p>DIA 16 de Outubro de 2025, ÀS 09:00 HORAS</p><p>Relator(a): JUCILEIA DE SOUZA LIMA</p><p>22 - Processo nº: 15956.720055/2019-36 - Recorrente: OURO FINO SAUDE ANIMAL LTDA e Interessado: FAZENDA NACIONAL</p><p>Relator(a): RAFAEL LUIZ BUENO DA CUNHA</p><p>23 - Processo nº: 13884.901736/2020-01 - Recorrente: EMBRAER S.A. e Interessado: FAZENDA NACIONAL</p><p>Relator(a): ALINE CARDOSO DE FARIA</p><p>24 - Processo nº: 15746.721056/2023-50 - Recorrente: ROSSI RESIDENCIAL SA EM RECUPERACAO JUDICIAL e Interessado: FAZENDA NACIONAL</p><p>DIA 16 de Outubro de 2025, ÀS 13:00 HORAS</p><p>Relator(a): RODRIGO LORENZON YUNAN GASSIBE</p><p>25 - Processo nº: 15746.720014/2022-11 - Recorrente: PANDURATA ALIMENTOS LTDA e Interessado: FAZENDA NACIONAL</p><p class="assina">Rodrigo Lorenzon Yunan Gassibe</p><p class="cargo">Presidente da 2ª Turma Ordinária da 2ª Câmara da 3ª Seção do CARF</p>]]></Texto>
  </body>
  <Midias />
</article></xml>