﻿<xml><article id="45725333" name="Acordao 637" idOficio="11317378" pubName="DO1" artType="Acórdão" pubDate="01/10/2025" artClass="00041:00020:00000:00000:00000:00000:00000:00000:00000:00000:00002:00000" artCategory="Ministério de Portos e Aeroportos/Agência Nacional de Transportes Aquaviários" artSize="12" artNotes="" numberPage="204" pdfPage="http://pesquisa.in.gov.br/imprensa/jsp/visualiza/index.jsp?data=01/10/2025&amp;jornal=515&amp;pagina=204" editionNumber="187" highlightType="" highlightPriority="" highlight="" highlightimage="" highlightimagename="" idMateria="23163821">
  <body>
    <Identifica><![CDATA[ ACÓRDÃO Nº 637/2025-ANTAQ]]></Identifica>
    <Data><![CDATA[]]></Data>
    <Ementa />
    <Titulo />
    <SubTitulo />
    <Texto><![CDATA[<p class="identifica">ACÓRDÃO Nº 637/2025-ANTAQ</p><p>1. Processo: 50300.027383/2024-32</p><p>2. Interessado: Companhia Docas do Ceará - CDC</p><p>3. Relator: Lima Filho</p><p>4. Unidade Técnica: Superintendência de Regulação - SRG</p><p>5. Acórdão:</p><p>VISTOS, relatadaos e discutidos os presentes autos que tratam do pleito de reajuste tarifário formulado pela Companhia Docas do Ceará - CDC para as tabelas tarifárias do Porto Organizado de Fortaleza/CE, relativamente ao período compreendido entre maio de 2023 a outubro de 2024,</p><p>ACORDAM os Diretores da Agência Nacional de Transportes Aquaviários, reunidos para a Reunião Ordinária de Diretoria Colegiada de nº 595, ante as razões expostas pelo Relator, em:</p><p>5.1. aprovar a proposta de reajuste tarifário apresentada pela Companhia Docas do Ceará - CDC, referente ao período de 1º/5/2023 a 31/10/2024, nos termos do art. 16, inciso II, da Resolução-ANTAQ nº 61, de 2021, incidentes sobre as modalidades tarifárias do Porto Organizado de Fortaleza/CE , considerando um Índice de Reajuste Médio (IRT) de 5,81% e um Efeito Médio Tarifário (EMT) de 5,81%;</p><p>5.2. determinar à Secretaria-Geral (SGE) que comunique esta Decisão ao Ministério de Portos e Aeroportos e ao Ministério da Fazenda, nos termos das minutas de Ofício (SEI de nºs 2560990 e 2560991), e que publique, após o decurso do prazo regulamentar de quinze dias úteis, a decisão estabelecida nos termos da Deliberação-DG-MINUTA GRP (SEI nº 2560847); e</p><p>5.3. cientificar a Companhia Docas do Ceará - CDC acerca da presente decisão.</p><p>6. Data da Reunião: 22 a 24/09/2025 - Virtual.</p><p>7. Especificação do quórum:</p><p>7.1. Diretores presentes: Frederico Dias (Presidente), Flávia Takafashi, Lima Filho (Relator), Alber Vasconcelos e Caio Farias.</p><p class="assina">FREDERICO CARVALHO DIAS</p><p class="cargo">Diretor-Geral</p>]]></Texto>
  </body>
  <Midias />
</article></xml>