﻿<xml><article id="45714102" name="DECISAO SUPAS 1395" idOficio="11315532" pubName="DO1" artType="Decisão" pubDate="01/10/2025" artClass="00050:00019:00052:00000:00000:00000:00000:00000:00000:00000:00018:00000" artCategory="Ministério dos Transportes/Agência Nacional de Transportes Terrestres/Superintendência de Serviços de Transporte Rodoviário de Passageiros" artSize="12" artNotes="" numberPage="240" pdfPage="http://pesquisa.in.gov.br/imprensa/jsp/visualiza/index.jsp?data=01/10/2025&amp;jornal=515&amp;pagina=240" editionNumber="187" highlightType="" highlightPriority="" highlight="" highlightimage="" highlightimagename="" idMateria="23160385">
  <body>
    <Identifica><![CDATA[ DECISÃO SUPAS Nº 1.395, DE 24 DE SETEMBRO DE 2025]]></Identifica>
    <Data><![CDATA[]]></Data>
    <Ementa />
    <Titulo />
    <SubTitulo />
    <Texto><![CDATA[<p class="identifica">DECISÃO SUPAS Nº 1.395, DE 24 DE SETEMBRO DE 2025</p><p>O Superintendente de Serviços de Transporte Rodoviário de Passageiros da Agência Nacional de Transportes Terrestres - ANTT, no uso de suas atribuições, em conformidade com o art. 3º e o inciso X do art. 8º, ambos do Anexo da Resolução nº 5.818, de 3 de maio de 2018, e com o inciso IV do art. 29, e inciso VIII do art. 105, ambos da Resolução nº 5.976, de 7 de abril de 2022,;</p><p>CONSIDERANDO que os mercados objetos do pleito de emissão de TAR são autorizados à requerente; e</p><p>CONSIDERANDO o que consta no processo nº 50505.054975/2025-10, decide:</p><p>Art. 1º Emitir o Termo de Autorização - TAR nº RSSC0170006 à AUTO VIACAO VENANCIO AIRES LTDA., CNPJ nº 98.593.668/0001-94, para prestação do serviço regular de transporte rodoviário coletivo interestadual de passageiros, sob o regime de autorização, na linha GRAMADO/RS-JOINVILLE/SC, conforme seções relacionadas no Anexo desta Decisão.</p><p>Art. 2º A autorizatária deverá iniciar a prestação dos serviços em até 30 (trinta) dias, contados do início da vigência do TAR, sendo admitida a prorrogação do prazo uma única vez, por igual período, desde que por motivo justificado.</p><p>Parágrafo único. A inobservância do prazo e condições dispostas neste artigo importará na revogação do TAR.</p><p>Art. 3º É vedada a operação de linha com seções em municípios distintos dos que constam nos TAR delegados à autorizatária.</p><p>Art. 4º O TAR poderá ser extinto por plena eficácia, quando, alteradas as condições vigentes, seja por meio de lei ou regulamentação, não atender às novas condições após conferido prazo de adequação, conforme art. 47 da Lei nº 10.233, de 5 de junho de 2001.</p><p>Art. 5º A autorizatária poderá, a qualquer tempo, solicitar a renúncia do TAR, desde que observadas as regras dispostas no art. 33 da Resolução ANTT nº 6.033, de 2023.</p><p>Art. 6º Será declarada a nulidade do TAR quando verificada a ilegalidade do ato.</p><p>Parágrafo único. Na hipótese do caput, a SUPAS deverá impedir os efeitos jurídicos que ordinariamente o ato deveria produzir, além de desconstituir os já produzidos, respeitados o princípio da ampla defesa e do contraditório.</p><p>Art. 7º O TAR poderá ser extinto mediante cassação nas seguintes hipóteses:</p><p>I - no caso de perda das condições indispensáveis à manutenção do TAR, observado o disposto nos arts. 29, 35 e 38 da Resolução ANTT nº 6.033, de 2023; e</p><p>II - no caso de infração grave, apurada mediante processo administrativo ordinário, conforme previsto na Resolução 5.083, de 27 de abril de 2016, ou outra norma que lhe vier a substituir.</p><p>Art. 8º A não observância do disposto nesta Decisão poderá implicar na aplicação das outras sanções previstas em resolução específica.</p><p>Art. 9º Esta Decisão entra em vigor na data de sua publicação.</p><p class="assina">JULIANO DE BARROS SAMÔR</p><p class="anexo">ANEXO</p><p /><p></p><table><tr /><tr><td rowspan="1" colspan="1"><p>Ref.</p></td><td rowspan="1" colspan="1"><p>Seções</p></td></tr><tr><td rowspan="1" colspan="1"><p>1</p></td><td rowspan="1" colspan="1"><p>SAO LEOPOLDO/RS-BALNEARIO CAMBORIU/SC</p></td></tr><tr><td rowspan="1" colspan="1"><p>2</p></td><td rowspan="1" colspan="1"><p>SAO LEOPOLDO/RS-FLORIANOPOLIS/SC</p></td></tr><tr><td rowspan="1" colspan="1"><p>3</p></td><td rowspan="1" colspan="1"><p>GRAMADO/RS-BALNEARIO CAMBORIU/SC</p></td></tr><tr><td rowspan="1" colspan="1"><p>4</p></td><td rowspan="1" colspan="1"><p>GRAMADO/RS-BLUMENAU/SC</p></td></tr><tr><td rowspan="1" colspan="1"><p>5</p></td><td rowspan="1" colspan="1"><p>GRAMADO/RS-FLORIANOPOLIS/SC</p></td></tr><tr><td rowspan="1" colspan="1"><p>6</p></td><td rowspan="1" colspan="1"><p>GRAMADO/RS-ITAJAI/SC</p></td></tr><tr><td rowspan="1" colspan="1"><p>7</p></td><td rowspan="1" colspan="1"><p>GRAMADO/RS-ITAPEMA/SC</p></td></tr><tr><td rowspan="1" colspan="1"><p>8</p></td><td rowspan="1" colspan="1"><p>GRAMADO/RS-JARAGUA DO SUL/SC</p></td></tr><tr><td rowspan="1" colspan="1"><p>9</p></td><td rowspan="1" colspan="1"><p>GRAMADO/RS-JOINVILLE/SC</p></td></tr><tr><td rowspan="1" colspan="1"><p>10</p></td><td rowspan="1" colspan="1"><p>IGREJINHA/RS-BALNEARIO CAMBORIU/SC</p></td></tr><tr><td rowspan="1" colspan="1"><p>11</p></td><td rowspan="1" colspan="1"><p>IGREJINHA/RS-BLUMENAU/SC</p></td></tr><tr><td rowspan="1" colspan="1"><p>12</p></td><td rowspan="1" colspan="1"><p>IGREJINHA/RS-FLORIANOPOLIS/SC</p></td></tr><tr><td rowspan="1" colspan="1"><p>13</p></td><td rowspan="1" colspan="1"><p>IGREJINHA/RS-ITAJAI/SC</p></td></tr><tr><td rowspan="1" colspan="1"><p>14</p></td><td rowspan="1" colspan="1"><p>IGREJINHA/RS-ITAPEMA/SC</p></td></tr><tr><td rowspan="1" colspan="1"><p>15</p></td><td rowspan="1" colspan="1"><p>IGREJINHA/RS-JARAGUA DO SUL/SC</p></td></tr><tr><td rowspan="1" colspan="1"><p>16</p></td><td rowspan="1" colspan="1"><p>IGREJINHA/RS-JOINVILLE/SC</p></td></tr><tr><td rowspan="1" colspan="1"><p>17</p></td><td rowspan="1" colspan="1"><p>NOVO HAMBURGO/RS-BALNEARIO CAMBORIU/SC</p></td></tr><tr><td rowspan="1" colspan="1"><p>18</p></td><td rowspan="1" colspan="1"><p>NOVO HAMBURGO/RS-BLUMENAU/SC</p></td></tr><tr><td rowspan="1" colspan="1"><p>19</p></td><td rowspan="1" colspan="1"><p>NOVO HAMBURGO/RS-FLORIANOPOLIS/SC</p></td></tr><tr><td rowspan="1" colspan="1"><p>20</p></td><td rowspan="1" colspan="1"><p>NOVO HAMBURGO/RS-ITAJAI/SC</p></td></tr><tr><td rowspan="1" colspan="1"><p>21</p></td><td rowspan="1" colspan="1"><p>NOVO HAMBURGO/RS-ITAPEMA/SC</p></td></tr><tr><td rowspan="1" colspan="1"><p>22</p></td><td rowspan="1" colspan="1"><p>NOVO HAMBURGO/RS-JARAGUA DO SUL/SC</p></td></tr><tr><td rowspan="1" colspan="1"><p>23</p></td><td rowspan="1" colspan="1"><p>NOVO HAMBURGO/RS-JOINVILLE/SC</p></td></tr><tr><td rowspan="1" colspan="1"><p>24</p></td><td rowspan="1" colspan="1"><p>SAO LEOPOLDO/RS-BLUMENAU/SC</p></td></tr><tr><td rowspan="1" colspan="1"><p>25</p></td><td rowspan="1" colspan="1"><p>SAO LEOPOLDO/RS-ITAJAI/SC</p></td></tr><tr><td rowspan="1" colspan="1"><p>26</p></td><td rowspan="1" colspan="1"><p>SAO LEOPOLDO/RS-ITAPEMA/SC</p></td></tr><tr><td rowspan="1" colspan="1"><p>27</p></td><td rowspan="1" colspan="1"><p>SAO LEOPOLDO/RS-JARAGUA DO SUL/SC</p></td></tr><tr><td rowspan="1" colspan="1"><p>28</p></td><td rowspan="1" colspan="1"><p>SAO LEOPOLDO/RS-JOINVILLE/SC</p></td></tr><tr><td rowspan="1" colspan="1"><p>29</p></td><td rowspan="1" colspan="1"><p>SAPIRANGA/RS-BALNEARIO CAMBORIU/SC</p></td></tr><tr><td rowspan="1" colspan="1"><p>30</p></td><td rowspan="1" colspan="1"><p>SAPIRANGA/RS-BLUMENAU/SC</p></td></tr><tr><td rowspan="1" colspan="1"><p>31</p></td><td rowspan="1" colspan="1"><p>SAPIRANGA/RS-FLORIANOPOLIS/SC</p></td></tr><tr><td rowspan="1" colspan="1"><p>32</p></td><td rowspan="1" colspan="1"><p>SAPIRANGA/RS-ITAJAI/SC</p></td></tr><tr><td rowspan="1" colspan="1"><p>33</p></td><td rowspan="1" colspan="1"><p>SAPIRANGA/RS-ITAPEMA/SC</p></td></tr><tr><td rowspan="1" colspan="1"><p>34</p></td><td rowspan="1" colspan="1"><p>SAPIRANGA/RS-JARAGUA DO SUL/SC</p></td></tr><tr><td rowspan="1" colspan="1"><p>35</p></td><td rowspan="1" colspan="1"><p>SAPIRANGA/RS-JOINVILLE/SC</p></td></tr><tr><td rowspan="1" colspan="1"><p>36</p></td><td rowspan="1" colspan="1"><p>TAQUARA/RS-BALNEARIO CAMBORIU/SC</p></td></tr><tr><td rowspan="1" colspan="1"><p>37</p></td><td rowspan="1" colspan="1"><p>TAQUARA/RS-BLUMENAU/SC</p></td></tr><tr><td rowspan="1" colspan="1"><p>38</p></td><td rowspan="1" colspan="1"><p>TAQUARA/RS-FLORIANOPOLIS/SC</p></td></tr><tr><td rowspan="1" colspan="1"><p>39</p></td><td rowspan="1" colspan="1"><p>TAQUARA/RS-ITAJAI/SC</p></td></tr><tr><td rowspan="1" colspan="1"><p>40</p></td><td rowspan="1" colspan="1"><p>TAQUARA/RS-ITAPEMA/SC</p></td></tr><tr><td rowspan="1" colspan="1"><p>41</p></td><td rowspan="1" colspan="1"><p>TAQUARA/RS-JARAGUA DO SUL/SC</p></td></tr><tr><td rowspan="1" colspan="1"><p>42</p></td><td rowspan="1" colspan="1"><p>TAQUARA/RS-JOINVILLE/SC</p></td></tr></table>]]></Texto>
  </body>
  <Midias />
</article></xml>