﻿<xml><article id="45725911" name="ATO RESOLUCAO CEG 10" idOficio="11317486" pubName="DO1" artType="Resolução" pubDate="01/10/2025" artClass="00032:00002:00000:00000:00000:00000:00000:00000:00000:00000:00064:00000" artCategory="Ministério da Integração e do Desenvolvimento Regional/Secretaria Executiva" artSize="12" artNotes="" numberPage="80" pdfPage="http://pesquisa.in.gov.br/imprensa/jsp/visualiza/index.jsp?data=01/10/2025&amp;jornal=515&amp;pagina=80" editionNumber="187" highlightType="" highlightPriority="" highlight="" highlightimage="" highlightimagename="" idMateria="23164191">
  <body>
    <Identifica><![CDATA[ RESOLUÇÃO CEG-MIDR Nº 10, DE 22 DE SETEMBRO DE 2025]]></Identifica>
    <Data><![CDATA[]]></Data>
    <Ementa><![CDATA[ Aprova o Plano Setorial de Prevenção e Enfrentamento do Assédio e da Discriminação 2025 no âmbito do Ministério da Integração e do Desenvolvimento Regional.]]></Ementa>
    <Titulo />
    <SubTitulo />
    <Texto><![CDATA[<p class="identifica">RESOLUÇÃO CEG-MIDR Nº 10, DE 22 DE SETEMBRO DE 2025</p><p class="ementa">Aprova o Plano Setorial de Prevenção e Enfrentamento do Assédio e da Discriminação 2025 no âmbito do Ministério da Integração e do Desenvolvimento Regional.</p><p>O COORDENADOR DO COMITÊ ESTRATÉGICO DE GOVERNANÇA DO MINISTÉRIO DA INTEGRAÇÃO E DO DESENVOLVIMENTO REGIONAL - CEG/MIDR, no uso das suas atribuições previstas nos incisos III e IV, do art. 5º da Portaria MIDR nº 3.344, de 26 de outubro de 2023, e tendo em vista o disposto no Processo SEI nº 59000.012610/2025-65, torna público que em sessão da 2ª Reunião Ordinária, realizada dia 12 de maio de 2025, o Colegiado resolveu:</p><p>Art. 1º Aprova o Plano Setorial de Prevenção e Enfrentamento do Assédio e da Discriminação 2025 no âmbito do Ministério da Integração e do Desenvolvimento Regional.</p><p>Parágrafo único. O Plano será publicado no site oficial do Ministério da Integração e do Desenvolvimento Regional.</p><p>Art. 2º Esta Resolução entra em vigor na data da publicação.</p><p class="assina">VALDER RIBEIRO DE MOURA</p>]]></Texto>
  </body>
  <Midias />
</article></xml>