﻿<xml><article id="45713018" name="PORTARIA NA 143" idOficio="11315386" pubName="DO1" artType="Portaria" pubDate="01/10/2025" artClass="00034:00062:00000:00000:00000:00000:00000:00000:00000:00000:00054:00000" artCategory="Ministério do Meio Ambiente e Mudança do Clima/Instituto Brasileiro do Meio Ambiente e dos Recursos Naturais Renováveis" artSize="12" artNotes="" numberPage="89" pdfPage="http://pesquisa.in.gov.br/imprensa/jsp/visualiza/index.jsp?data=01/10/2025&amp;jornal=515&amp;pagina=89" editionNumber="187" highlightType="" highlightPriority="" highlight="" highlightimage="" highlightimagename="" idMateria="23160014">
  <body>
    <Identifica><![CDATA[ PORTARIA IBAMA Nº 143, DE 30 DE SETEMBRO DE 2025]]></Identifica>
    <Data><![CDATA[]]></Data>
    <Ementa><![CDATA[Estabelece os critérios e os procedimentos, e disciplina o acesso dos servidores públicos de carreira do Ibama ao Sinesp Infoseg.]]></Ementa>
    <Titulo />
    <SubTitulo />
    <Texto><![CDATA[<p class="identifica">PORTARIA IBAMA Nº 143, DE 30 DE SETEMBRO DE 2025</p><p class="ementa">Estabelece os critérios e os procedimentos, e disciplina o acesso dos servidores públicos de carreira do Ibama ao Sinesp Infoseg.</p><p>O PRESIDENTE DO INSTITUTO BRASILEIRO DO MEIO AMBIENTE E DOS RECURSOS NATURAIS RENOVÁVEIS - Ibama, nomeado pela Portaria nº 1.179, de 23 de fevereiro de 2023, publicada no Diário Oficial da União de 24 de fevereiro de 2023, no uso das atribuições que lhe conferem o art. 15 Anexo I do Decreto nº 12.130, de 07 de agosto de 2024, que aprovou a Estrutura Regimental do Ibama, publicada no Diário Oficial da União de 08 de agosto de 2024, e pelo art. 217, da Portaria nº 73, de 26 de maio de 2025, que aprovou o Regimento Interno do Ibama, publicada no Diário Oficial da União do dia 27 de maio de 2025, e tendo em vista o que consta no processo administrativo SEI nº 02001.032381/2024-97 resolve:</p><p>Art. 1º Estabelecer os procedimentos e os critérios para disciplinar o acesso dos servidores públicos de carreira do Ibama ao Sinesp Infoseg.</p><p>Art. 2º Para fins de aplicação desta Portaria serão consideradas as seguintes definições:</p><p>I - Sinesp Infoseg: solução de pesquisa inteligente em bases de dados integradas, de acesso controlado, que permite aos seus usuários realizarem consultas operacionais, investigativas e estratégicas, disponibilizada na plataforma do Sistema Nacional de Informações de Segurança Pública, Prisionais, de Rastreabilidade de Armas e Munições, de Material Genético, de Digitais e de Drogas - Sinesp;</p><p>II - Pré-cadastro: formulário de solicitação de acesso do usuário ao sistema, disponibilizado em ambiente da rede mundial de computadores para preenchimento das informações requeridas, inclusão de documentação comprobatória e aceitação do respectivo termo de compromisso e confidencialidade dos dados obtidos, visando à solicitação de acesso ao sistema Infoseg da plataforma Sinesp;</p><p>III - Perfil Inteligência: será concedido apenas aos usuários com exercício em unidades de Inteligência dos órgãos integrantes do Sistema Brasileiro de Inteligência - SISBI), nos termos da Lei 9.883, de 7 de Dezembro de 1999;</p><p>IV - Perfil Consulta: será concedido aos usuários com necessidades de informações sensíveis de caráter geral.</p><p>Parágrafo único. O perfil Inteligência só poderá ser atribuído aos servidores com exercício em unidade de Inteligência do Ibama e designados como Agentes de Inteligência.</p><p>Art. 3º Os pré-cadastramentos, para fins de acesso ao Sinesp Infoseg, deverão ser realizados por meio da aplicação Sinesp Segurança, através de formulário disponível em endereço eletrônico a ser informado aos interessados pelos Gestores do Sinesp Infoseg.</p><p>Art. 4º Os formulários de pré-cadastro preenchidos em desacordo com as instruções e com as exigências da Secretaria Nacional de Segurança Pública - Senasp, serão reprovados.</p><p>Art. 5º A autoridade competente pela autorização de acesso deverá obter informações prévias e adotar providências junto aos órgãos de correição, fiscalização e controle da instituição acerca dos usuários indicados.</p><p>Parágrafo único. É vedado o acesso ao Sinesp Infoseg aos servidores que tenham praticado atos considerados desabonadores para fins de acesso à informação sigilosa e, em especial:</p><p>I - possuam condenação penal transitada em julgado;</p><p>II - respondam a processos judiciais por crimes contra:</p><p>a) a administração pública;</p><p>b) a inviolabilidade dos segredos;</p><p>c) o patrimônio;</p><p>d) a propriedade imaterial; ou</p><p>e) a fé pública.</p><p>III - respondam a processos administrativos cujas condutas imputadas configurem, em tese, os tipos penais abarcados no inciso II;</p><p>IV - tenham recebido manifestação desfavorável da corregedoria; e</p><p>V - outros tipos penais poderão ser considerados na análise.</p><p>Art. 6º Os dados disponíveis no Sinesp Infoseg são de acesso restrito aos usuários credenciados e deverão ser utilizados no desempenho de suas atividades profissionais, sendo o uso indevido sujeito à apuração de responsabilidade administrativa, civil e criminal.</p><p>Art. 7º O acesso ao Sinesp Infoseg será restrito aos servidores públicos do Ibama pertencentes à carreira de Especialista em Meio Ambiente, designados para desempenharem atividade de inteligência, de fiscalização, de corregedoria, de instrução e de julgamento processual e que tiverem seus pré-cadastros aprovados após análise.</p><p>§ 1º Servidores públicos do Ibama pertencentes à carreira de Especialista em Meio Ambiente que desempenham outras atividades não descritas no Art. 7º poderão ter acesso ao Sinesp Infoseg mediante análise do caso, a ser realizada pela Coordenação de Inteligência - Coint com a aprovação da Diretoria de Proteção Ambiental - Dipro.</p><p>§ 2º O acesso ao Sinesp Infoseg trata-se de uma concessão e não de um direito, podendo ser revisto a qualquer momento independente da vontade do servidor, e será decidido discricionariamente pelo Diretor da Diretoria de Proteção Ambiental - Dipro ou seu substituto, ou pelo Coordenador da Coordenação de Inteligência - Coint ou seu substituto, conforme o caso, não cabendo recurso ou pedido de reconsideração em caso da não concessão do acesso.</p><p>§ 3º Poderão solicitar o acesso referido no caput, os servidores ocupantes dos seguintes cargos ou funções:</p><p>I - Diretor de Proteção Ambiental e seu substituto;</p><p>II - Coordenador da Coordenação de Inteligência - Coint e seu substituto;</p><p>III - Chefe do Núcleo de Contrainteligência - Nucoint e seu substituto;</p><p>IV - Chefe do Serviço de Operações de Inteligência - Soint e seu substituto;</p><p>V - Chefe do Serviço de Produção de Conhecimento da Inteligência - SPI e seu substituto;</p><p>VI - Servidores designados como Agente de Inteligência.</p><p>VII - Coordenador-Geral da Coordenação-Geral de Fiscalização Ambiental - CGFis e seu substituto;</p><p>VIII - Chefe do Serviço de Operações Especiais - SOE e seu substituto;</p><p>IX - Coordenador de Fiscalização de Poluentes e Empreendimentos Licenciados - Cofispol e seu Substituto;</p><p>X - Chefe do Núcleo de Fiscalização de Poluentes e Contaminantes - Nupol e seu substituto;</p><p>XI - Chefe do Núcleo de Fiscalização de Empreendimentos Licenciados - Nulic e seu substituto;</p><p>XII - Chefe do Núcleo de Fiscalização de Comércio Exterior - Nucomex e seu substituto;</p><p>XIII - Coordenador de Fiscalização da Flora - Cofisflora e seu substituto;</p><p>XIV - Chefe do Núcleo de Operações de Flora - Nope e seu substituto;</p><p>XV - Chefe do Núcleo de Fiscalização Especializada da Flora - Nuflor e seu substituto;</p><p>XVI - Chefe do Núcleo de Fiscalização de Terras Indígenas - NTI e seu substituto;</p><p>XVII - Coordenador de Fiscalização da Biodiversidade - Cofisbio e seu substituto;</p><p>XVIII - Chefe do Núcleo de Fiscalização da Fauna - Nufau e seu substituto;</p><p>XIX - Chefe do Núcleo de Fiscalização da Atividade Pesqueira - Nupesc e seu substituto;</p><p>XX - Chefe do Núcleo de Fiscalização dos Recursos Genéticos - Nugen e seu substituto;</p><p>XXI - Coordenador de Controle e Logística da Fiscalização - Conof e seu substituto;</p><p>XXII - Chefe do Núcleo de Armamento e Tiro - Nuat e seu substituto;</p><p>XXIII - Coordenador-Geral do Centro Nacional de Emergências Ambientais e Climáticas - Ceneac e seu substituto;</p><p>XXIV - Coordenador de Prevenção e Gestão de Riscos Ambientais - CPrev e seu substituto;</p><p>XXV - Coordenador de Atendimento a Acidentes Tecnológicos e Naturais - Coate e seu substituto;</p><p>XXVI - Coordenador-Geral do Centro Nacional do Processo Sancionador Ambiental - Cenpsa e seu substituto;</p><p>XXVII - Chefe do Serviço de Notificação e Registro do Contencioso - SNRC e seu substituto;</p><p>XXVIII - Corregedor-Chefe da Corregedoria - Coger e seu substituto. O Corregedor-Chefe poderá ser servidor público de carreira de outro órgão federal, em exceção ao estabelecido no Caput do Art. 7º;</p><p>XXIX - Coordenador da Coordenação de Gestão e Controle Correcional - CGCC e seu substituto;</p><p>XXX - Chefe do Serviço de Investigação e Admissibilidade Correcional - Siac e seu substituto;</p><p>XXXI - Chefe do Serviço de Responsabilização Administrativa Correcional - Serac e seu substituto;</p><p>XXXII - Chefes das Divisões de Proteção Ambiental - Dipam das Superintendências estaduais e seus substitutos;</p><p>XXXIII - Chefes das Divisões Técnico-Ambientais - Ditec das Superintendências estaduais e seus substitutos;</p><p>XXXIV - Chefes das Divisões de Administração e Finanças - Diafi das Superintendências estaduais e seus substitutos;</p><p>XXXV - Chefes dos Núcleos de Finanças, Arrecadação e Contratos - Nufin das Superintendências estaduais e seus substitutos;</p><p>XXXVI - Gerentes Executivos das Gerências Executivas - Gerex nos estados e seus substitutos;</p><p>XXXVII - Chefes dos Serviços de Apoio Ambiental - Seam das Gerências Executivas nos estados e seus substitutos;</p><p>XXXVIII - Chefes das Unidades Técnicas - UT nos estados e seus substitutos;</p><p>XXXIX - Chefe de Gabinete da Presidência e seu substituto;</p><p>XL - Agentes Ambientais Federais que atuam rotineiramente como coordenadores de operações nacionais de campo, mediante ofício de indicação do Coordenador-Geral da Coordenação-Geral de Fiscalização Ambiental - CGFis ou seu substituto;</p><p>XLI - Agentes Ambientais Federais que atuam rotineiramente como coordenadores de operações estaduais de campo, mediante ofício de indicação do Chefe da Divisão de Proteção Ambiental - Dipam ou seu substituto e do Superintendente do Ibama no estado ou seu substituto;</p><p>XLII - Servidores que desempenham suas funções rotineiramente a serviço do Centro Nacional do Processo Sancionador Ambiental - Cenpsa, mediante ofício de indicação do Coordenador-Geral do Centro Nacional do Processo Sancionador Ambiental - Cenpsa ou seu substituto;</p><p>XLIII - Servidores do Núcleo de Armamento e Tiro - Nuat que atuam na emissão de porte de arma institucional mediante ofício de indicação do Coordenador da Conof ou seu substituto;</p><p>XLIV - Servidores da Coordenação de Fiscalização de Poluentes e Empreendimentos Licenciados - Cofispol mediante ofício de indicação do Coordenador da Cofispol ou seu substituto;</p><p>XLV - Servidores da Coordenação de Fiscalização da Flora - Cofisflora mediante ofício de indicação do Coordenador da Cofisflora ou seu substituto;</p><p>XLVI - Servidores da Coordenação de Fiscalização da Biodiversidade - Cofisbio mediante ofício de indicação do Coordenador da Cofisbio ou seu substituto;</p><p>XLVII - Servidores da Corregedoria - Coger mediante ofício de indicação do Corregedor ou seu substituto;</p><p>XLVIII - Servidores do Centro Nacional de Emergências Ambientais e Climáticas - Ceneac mediante ofício de indicação do Coordenador-Geral do Ceneac ou seu substituto;</p><p>XLIX - Servidores que atuam em operações nacionais de fiscalização remota mediante ofício de indicação do Coordenador-Geral de Fiscalização Ambiental - CGFis ou seu substituto; e</p><p>L - Servidores descritos no § 1º do Art. 7º, mediante ofício de indicação do Superintendente ou do Coordenador-Geral, conforme o caso.</p><p>Art. 8º O servidor que pleiteia o acesso ao Sinesp Infoseg deverá iniciar um processo individual (um processo para cada servidor) no Sistema Eletrônico de Informação - SEI, no qual deverá ser gerado um ofício de solicitação/indicação a ser tramitado para a Coordenação de Inteligência - Coint, contendo o nome completo, CPF, lotação, unidade de exercício, cargo e/ou função, justificativa da necessidade de acesso e indicando um dos incisos do parágrafo 3º do Art. 7º no qual o servidor se enquadra.</p><p>§1º Nos casos previstos nos incisos I ao V e do VII ao XXXIX do §3º do Art. 7º, além do ofício de solicitação, o ocupante do referido cargo ou função deverá anexar ao processo cópia do ato de nomeação/designação publicado em Diário Oficial da União.</p><p>§2º No caso do inciso VI, além do ofício de solicitação, o servidor designado como Agente de Inteligência deverá anexar ao processo a respectiva portaria de designação publicada em Boletim de Serviço.</p><p>§3º Nas situações previstas nos incisos XL ao L do §3º do Art. 7º, o servidor interessado deverá ser indicado por meio de ofício assinado pela autoridade relacionada nos respectivos incisos.</p><p>Art. 9º Compete à Diretoria de Proteção Ambiental - Dipro, por meio de seu Diretor ou seu substituto, discricionariamente, autorizar o acesso ao Sinesp Infoseg aos servidores públicos do Ibama pertencentes à carreira de Especialista em Meio Ambiente, nos casos previstos no Art. 7º desta Portaria, para, somente após, ser realizada aprovação do pré-cadastro.</p><p>Art. 10. Compete à Coordenação de Inteligência - Coint, efetivar e administrar os acessos dos servidores do Ibama ao Sinesp Infoseg e monitorar, periodicamente, os acessos para verificar a obediência ao disposto nesta Portaria e para tomar as providências necessárias à inativação, desvinculação ou exclusão do acesso.</p><p>Art. 11. O servidor que pleiteia o acesso ao Sinesp Infoseg, deverá preencher o formulário de pré-cadastro obtido na rede mundial de computadores, cujo endereço eletrônico será informado via SEI, no processo que encaminhou o ofício de indicação/solicitação para a Coint.</p><p>§1º O pré-cadastro mencionado no Caput, será analisado pela Coint, que o submeterá à Dipro, que, por meio do Diretor ou seu Substituto, decidirá discricionariamente pela autorização ou não do acesso.</p><p>§2º Caso seja concedida a autorização referida no §1º do artigo 11, o pré-cadastro será aprovado no Sinesp e o processo SEI será enviado para a unidade do servidor solicitante/indicado, simultaneamente a um e-mail automático do Sinesp, o qual deverá seguir as orientações para acessar o Sinesp e proceder a solicitação de acesso ao Infoseg, dentro do sistema Sinesp.</p><p>§3º Após o recebimento, via Sinesp, da solicitação de acesso ao Sinesp Infoseg, que consiste na emissão e assinatura de termo de compromisso pelo servidor, a Coint irá proceder a vinculação do servidor ao Sinesp Infoseg, com a respectiva liberação do acesso, a qual será informada no processo SEI.</p><p>§4º Caso não seja concedida a autorização pela Dipro, o pré-cadastro será reprovado no Sinesp e o processo SEI será enviado para a unidade do servidor solicitante/indicado, informando da não autorização, não cabendo recurso ou pedido de reconsideração em caso da não concessão do acesso, mesmo que o e-mail automático enviado pelo Sinesp indique o contrário.</p><p>Art. 12. O servidor cadastrado no Sinesp Infoseg, ou o seu superior hierárquico, serão os responsáveis pela comunicação à Coint para desvincular ou excluir o acesso do servidor nas seguintes hipóteses:</p><p>I - Exoneração/dispensa do cargo comissionado ou função;</p><p>II - Remoção ou alteração do local de exercício para outra unidade;</p><p>III - Aposentadoria;</p><p>IV - Requisição por outro órgão ;</p><p>V - Redistribuição para outro órgão;</p><p>VI - Demissão;</p><p>VII - Exoneração do cargo efetivo;</p><p>VIII - Afastamento;</p><p>IX - Licença para tratar de interesses particulares; e</p><p>X - Óbito.</p><p>§ 1º A comunicação referida no caput deverá ocorrer no prazo máximo de 45 dias.</p><p>§2º Nos casos dos incisos I e II do Art. 12, será avaliada a pertinência de se manter a vinculação do servidor ao Sinesp Infoseg, a depender da lotação/local de exercício e das atividades por ele desempenhadas na nova lotação/local de exercício. Para isso, o servidor detentor do acesso deverá encaminhar para a Coint um ofício, via SEI, justificando a necessidade da manutenção de acesso, com a manifestação de concordância da chefia imediata, num prazo de até 45 dias após a publicação do ato referente aos incisos I e/ou II do Art. 12. A não comunicação no prazo acarretará na desvinculação do Sinesp Infoseg, assim que identificada tal situação.</p><p>Art. 13. Fica vedado o cadastramento e vinculação ao Sinesp Infoseg pela Coint, de servidores públicos vinculados a outras instituições e/ou de servidores terceirizados, sendo a única exceção o Corregedor-Chefe, conforme indicado no inciso XXVIII do § 3º do Art. 7º.</p><p>Art. 14. Os casos não previstos nesta norma serão decididos pelo Diretor da Dipro e poderão ser levados à consideração do Presidente do Ibama.</p><p>Art. 15. Fica revogada a Portaria nº 393, de 07 de fevereiro de 2019, publicada no Diário Oficial da União de 14 de fevereiro de 2019, Seção 1, página 38.</p><p>Art. 16. Esta portaria entra em vigor na data de sua publicação.</p><p class="assina">RODRIGO AGOSTINHO</p>]]></Texto>
  </body>
  <Midias />
</article></xml>