﻿<xml><article id="45717248" name="Aut-606_2025" idOficio="11316146" pubName="DO1" artType="Autorização" pubDate="01/10/2025" artClass="00035:00045:00001:00000:00000:00000:00000:00000:00000:00000:00012:00000" artCategory="Ministério de Minas e Energia/Agência Nacional do Petróleo, Gás Natural e Biocombustíveis/Superintendência de Infraestrutura e Movimentação" artSize="24" artNotes="" numberPage="107" pdfPage="http://pesquisa.in.gov.br/imprensa/jsp/visualiza/index.jsp?data=01/10/2025&amp;jornal=515&amp;pagina=107" editionNumber="187" highlightType="" highlightPriority="" highlight="" highlightimage="" highlightimagename="" idMateria="23161197">
  <body>
    <Identifica><![CDATA[ AUTORIZAÇÃO SIM-ANP Nº 606, DE 30 DE SETEMBRO DE 2025]]></Identifica>
    <Data><![CDATA[]]></Data>
    <Ementa />
    <Titulo />
    <SubTitulo />
    <Texto><![CDATA[<p class="identifica">AUTORIZAÇÃO SIM-ANP Nº 606, DE 30 DE SETEMBRO DE 2025</p><p>A SUPERINTENDENTE DE INFRAESTRUTURA E MOVIMENTAÇÃO da AGÊNCIA NACIONAL DO PETRÓLEO, GÁS NATURAL E BIOCOMBUSTÍVEIS - ANP, no uso das atribuições que lhe foram conferidas pela Portaria ANP nº 265, de 10 de setembro de 2020, em cumprimento ao art. 14 da Resolução ANP nº 52, de 2 de dezembro de 2015, tendo em vista o que consta do processo ANP nº 48610.212879/2025-45, resolve:</p><p>Art.1º Fica a empresa Santos Brasil Participações S.A, cujo registro no Cadastro Nacional de Pessoa Jurídica (CNPJ) é o de nº 02.762.121/0018-44, autorizada a operar 3 (três) dutos portuários ligando o Terminal TGL-02 (IQI-12) da Santos Brasil Participações S/A ao Manifold Compartilhado no Porto de Itaqui, no município de São Luís, Estado do Maranhão, para a movimentação de produtos inflamáveis e combustíveis das Classes I, II e III, incluindo derivados de petróleo, biodiesel, mistura óleo diesel/biodiesel e etanol combustível, com as seguintes características:</p><p /><p></p><table><tr /><tr><td rowspan="1" colspan="1"><p>TAG</p></td><td rowspan="1" colspan="1"><p>MATERIAL</p></td><td rowspan="1" colspan="1"><p>DIÂMETRO</p><p>Polegadas</p></td><td rowspan="1" colspan="1"><p>EXTENSÃO</p><p>m</p></td><td rowspan="1" colspan="1"><p>VAZÃO MÁXIMA.</p><p>m³/h</p><p></p></td><td rowspan="1" colspan="1"><p>PRESSÃO MÁXIMA</p><p>Kgf/cm²</p></td><td rowspan="1" colspan="1"><p>ORIGEM</p></td><td rowspan="1" colspan="1"><p>DESTINO</p></td></tr><tr><td rowspan="1" colspan="1"><p>12-P-00500-14"-C1P5</p></td><td rowspan="1" colspan="1"><p>Aço Carbono</p></td><td rowspan="1" colspan="1"><p>14</p></td><td rowspan="1" colspan="1"><p>750,76</p></td><td rowspan="1" colspan="1"><p>1.000</p></td><td rowspan="1" colspan="1"><p>10</p></td><td rowspan="1" colspan="1"><p>Terminal TGL-02</p><p></p></td><td rowspan="1" colspan="1"><p>Manifold Compartilhado</p></td></tr><tr><td rowspan="1" colspan="1"><p>12-P-00501-14"-C1P5</p></td><td rowspan="1" colspan="1"><p>Aço Carbono</p></td><td rowspan="1" colspan="1"><p>14</p></td><td rowspan="1" colspan="1"><p>753,35</p></td><td rowspan="1" colspan="1"><p>1.000</p></td><td rowspan="1" colspan="1"><p>10</p></td><td rowspan="1" colspan="1"><p>Terminal TGL-02</p><p></p></td><td rowspan="1" colspan="1"><p>Manifold Compartilhado</p></td></tr><tr><td rowspan="1" colspan="1"><p>12-P-00502-14"-C1P5</p></td><td rowspan="1" colspan="1"><p>Aço Carbono</p></td><td rowspan="1" colspan="1"><p>14</p></td><td rowspan="1" colspan="1"><p>754,74</p></td><td rowspan="1" colspan="1"><p>1.000</p></td><td rowspan="1" colspan="1"><p>10</p></td><td rowspan="1" colspan="1"><p>Terminal TGL-02</p><p></p></td><td rowspan="1" colspan="1"><p>Manifold Compartilhado</p></td></tr></table><p>Art.2º Esta Autorização será cancelada no caso de não serem mantidas as condições técnicas previstas e comprovadas para a presente outorga.</p><p>Art.3º Esta Autorização entra em vigor na data de sua publicação.</p><p class="assina">PATRICIA HUGUENIN BARAN</p>]]></Texto>
  </body>
  <Midias />
</article></xml>