﻿<xml><article id="45727379" name="Port_GM_869" idOficio="11317630" pubName="DO1" artType="Portaria" pubDate="01/10/2025" artClass="00035:00001:00000:00000:00000:00000:00000:00000:00000:00000:00054:00000" artCategory="Ministério de Minas e Energia/Gabinete do Ministro" artSize="12" artNotes="" numberPage="90" pdfPage="http://pesquisa.in.gov.br/imprensa/jsp/visualiza/index.jsp?data=01/10/2025&amp;jornal=515&amp;pagina=90" editionNumber="187" highlightType="" highlightPriority="" highlight="" highlightimage="" highlightimagename="" idMateria="23164460">
  <body>
    <Identifica><![CDATA[ PORTARIA MME Nº 869, DE 30 DE SETEMBRO DE 2025]]></Identifica>
    <Data><![CDATA[]]></Data>
    <Ementa><![CDATA[ Estabelece critérios e orientações para a execução, no orçamento de 2026, de projetos e ações estruturantes e de programações de interesse nacional ou regional, lastreadas nas ações sob a gestão do Ministério de Minas e Energia.]]></Ementa>
    <Titulo />
    <SubTitulo />
    <Texto><![CDATA[<p class="identifica">PORTARIA MME Nº 869, DE 30 DE SETEMBRO DE 2025</p><p class="ementa">Estabelece critérios e orientações para a execução, no orçamento de 2026, de projetos e ações estruturantes e de programações de interesse nacional ou regional, lastreadas nas ações sob a gestão do Ministério de Minas e Energia.</p><p>O MINISTRO DE ESTADO DE MINAS E ENERGIA, no uso das atribuições que lhe confere o art. 87, parágrafo único, incisos I e II, da Constituição, tendo em vista o disposto no art. 15 da Lei Complementar nº 210, de 25 de novembro de 2024, e o que consta no Processo nº 48300.001221/2025-11, resolve:</p><p>CAPÍTULO I</p><p>DISPOSIÇÕES GERAIS</p><p>Art. 1º A execução de projetos e ações estruturantes e de programações de interesse nacional ou regional, financiadas por Emendas de Bancada Estadual - RP 7 ou de Comissão Permanente - RP 8, no exercício de 2026, sob gestão do Ministério de Minas e Energia e entidades vinculadas, será realizada conforme procedimentos estabelecidos nesta Portaria.</p><p>CAPÍTULO II</p><p>DAS PROGRAMAÇÕES OBJETOS DE EMENDAS DE BANCADA ESTADUAL - RP 7</p><p>Art. 2º Os projetos estruturantes passíveis de alocação de emendas de bancada estadual são aqueles que:</p><p>I - constituam projetos de investimento registrados no Cadastro Integrado de Projetos de Investimento - Obrasgov (https://obrasgov.sistema.gov.br/cipi-frontend/), nos termos do art. 165, § 15, da Constituição Federal;</p><p>II - sejam direcionados para políticas públicas relacionadas no art. 2º, § 3º, da Lei Complementar nº 210, de 2024; e</p><p>III - estejam listadas no Anexo desta Portaria, observadas as diretrizes constantes de ato do Poder Executivo.</p><p>Parágrafo único. É vedada a designação genérica de programação que possa resultar na execução de projetos de investimentos de obras por múltiplos entes ou entidades, ressalvados os projetos para região metropolitana ou região integrada de desenvolvimento, cujas emendas deverão identificar de forma precisa o seu objeto.</p><p>Art. 3º As ações estruturantes passíveis de alocação de emendas de bancada estadual são aquelas que:</p><p>I - sejam direcionadas para políticas públicas relacionadas no art. 2º, § 3º, da Lei Complementar nº 210, de 2024; e</p><p>II - estejam listadas no Anexo desta Portaria, observadas as diretrizes constantes de ato do Poder Executivo.</p><p>CAPÍTULO III</p><p>EMENDAS DE COMISSÃO - RP 8</p><p>Art. 4º São critérios gerais para a execução das ações de interesse nacional e regional:</p><p>I - aqueles definidos pelo planejamento e pelos planos nacionais, setoriais e regionais;</p><p>II - alinhamento com ao menos um dos objetivos específicos do Programa do Plano Plurianual - PPA ao qual estejam vinculadas; e</p><p>III - não haver outro convênio, contrato de repasse ou instrumento congênere com execução não iniciada com o mesmo objeto e ente federativo ou entidade.</p><p>Art. 5º As ações e equipamentos públicos prioritários para a Unidade da Federação representada pela bancada deverão observar o seguinte:</p><p>I - é vedada a apresentação de emendas cuja programação possa resultar, na execução, em transferências voluntárias, convênios ou similares para mais de 1 (um) ente federativo ou entidade privada;</p><p>II - é admitida a destinação de recursos para outra Unidade da Federação, desde que se trate da matriz da entidade e que ela tenha sede em Estado diverso do Estado da bancada onde será realizada a aquisição de equipamentos ou a realização dos serviços; e</p><p>III - não haver outro convênio, contrato de repasse ou instrumento congênere com execução não iniciada com o mesmo objeto e mesmo ente federativo ou entidade.</p><p>Parágrafo único. É vedada a apresentação de emendas cuja programação possa resultar, na execução, em transferências voluntárias, convênios ou similares para mais de 1 (um) ente federativo ou entidade privada.</p><p>Art. 6º Na hipótese em que a programação da emenda de bancada seja divisível, o seu objeto deve ser identificado de forma precisa e não pode cada parte independente ser inferior a 10% (dez por cento) do valor da emenda.</p><p>Art. 7º São critérios específicos para a execução dos projetos estruturantes:</p><p>I - assegurar o suprimento de energia elétrica ao mercado brasileiro com justiça social e sustentabilidade econômica e ambiental;</p><p>II - ampliar a segurança hídrica para garantir os usos múltiplos da água, priorizando a eficiência e o uso racional;</p><p>III - garantir a segurança energética do País, com expansão de fontes limpas e renováveis e maior eficiência energética;</p><p>IV - criar, no setor mineral brasileiro, um ambiente orientado para a sustentabilidade, a transição energética, a segurança do público e a atratividade aos investimentos;</p><p>V - enfrentar a insegurança alimentar e a pobreza, retirando o Brasil do Mapa da Fome e beneficiando as pessoas em condição de vulnerabilidade social;</p><p>VI - promover o setor mineral com atenção às oportunidades da fronteira tecnológica, garantindo sustentabilidade, segurança e permanência das condições locais de emprego e renda;</p><p>VII - ampliar investimentos na exploração e produção de petróleo e gás natural, na infraestrutura de escoamento e processamento de gás natural, no abastecimento de combustíveis e na redução da dependência externa de derivados, de forma a promover a segurança energética e a proteção dos interesses do consumidor, aliado a uma maior ênfase na transição energética;</p><p>VIII - coordenar, planejar e promover a redução do conteúdo de carbono da matriz energética brasileira, promovendo a manutenção da alta participação da oferta de energia limpas e renováveis e o aumento da eficiência energética, tanto na oferta quanto na logística de distribuição e no uso final de energia; e</p><p>IX - ampliar as capacidades de prevenção, gestão de riscos e resposta a desastres e adaptação às mudanças climáticas.</p><p>CAPÍTULO IV</p><p>DAS PROGRAMAÇÕES OBJETOS DE EMENDAS DE COMISSÃO</p><p>Art. 8º Para fins do disposto nesta Portaria, consideram-se projetos e ações de interesse:</p><p>I - nacional, aqueles que envolvam:</p><p>a) mais de uma região geográfica, ou</p><p>b) o território nacional e algum País fronteiriço; e</p><p>II - regional, aqueles que envolvam:</p><p>a) mais de uma microrregião; ou</p><p>b) mais de um ente federativo.</p><p>Parágrafo único. Os projetos e ações de interesse nacional e regional são aquelas que estejam listadas no Anexo desta Portaria, observadas as diretrizes constantes de ato do Poder Executivo.</p><p>Art. 9º Os projetos e ações de interesse nacional ou regional devem atender às seguintes condições:</p><p>I - conter subtítulo compatível com o disposto no art. 8º, incisos I e II;</p><p>II - estar alinhadas com ao menos um dos objetivos específicos do Programa do PPA ao qual estejam vinculadas;</p><p>III - quando couber, integrar planos ou programas nacionais ou regionais previstos na Constituição;</p><p>IV - ser de competência da União e ser executado diretamente ou de forma descentralizada por Estados ou pelo Distrito Federal; e</p><p>V - não haver outro convênio, contrato de repasse ou instrumento congênere com execução não iniciada com o mesmo objeto e mesmo ente federativo ou entidade.</p><p>CAPÍTULO V</p><p>DAS ORIENTAÇÕES PARA A EXECUÇÃO DAS EMENDAS PARLAMENTARES</p><p>Art. 10. A execução orçamentária e financeira das emendas de comissão poderá priorizar as indicações destinadas a entes em situação de emergência ou calamidade pública ou que tenham sido objeto de processos participativos pelos entes beneficiários.</p><p>§ 1º A decretação das situações de calamidade ou de emergência deve ser reconhecida pelo Poder Executivo Federal;</p><p>§ 2º Os processos participativos que indiquem a prioridade dos objetos executados pelas emendas devem ser informados no processo de apresentação de propostas pelos entes beneficiários no TransfereGov, nas quais deve constar o sítio eletrônico aberto ao acesso público que informe o calendário, regras, público participante e as prioridades definidas pelo processo participativo.</p><p>CAPÍTULO VI</p><p>DAS DISPOSIÇÕES FINAIS</p><p>Art. 11. A destinação e a execução das despesas decorrentes das programações tratadas nesta Portaria deverão observar as disposições estabelecidas no Decreto de programação orçamentária e financeira e no cronograma de execução mensal de desembolso do Poder Executivo Federal, relativos ao exercício financeiro de 2026.</p><p>Art. 12. A execução das despesas de que trata esta Portaria, além de constar no Portal da Transparência do Governo Federal, deverá ser divulgada no portal oficial do Ministério de Minas e Energia ou, conforme o caso, no portal das entidades vinculadas responsáveis pela sua execução.</p><p>Art. 13. Esta Portaria entra em vigor na data de sua publicação.</p><p class="assina">ALEXANDRE SILVEIRA</p><p class="anexo">ANEXO</p><p>AÇÕES ORÇAMENTÁRIAS DESTINADAS À EXECUÇÃO DE EMENDAS PARLAMENTARES NO EXERCÍCIO DE 2026</p><p /><p></p><table><tr /><tr><td rowspan="1" colspan="1"><p>AÇÕES ORÇAMENTÁRIAS - RP 7</p></td></tr><tr><td rowspan="1" colspan="1"><p>32101 - Ministério de Minas e Energia - Administração Direta</p></td></tr><tr><td rowspan="1" colspan="1"><p>21BA - Coordenação das Ações de Gestão e Monitoramento do Setor Elétrico</p></td></tr><tr><td rowspan="1" colspan="1"><p>4887 - Gestão das Políticas de Geologia, Mineração e Transformação Mineral</p></td></tr><tr><td rowspan="1" colspan="1"><p>4892 - Planejamento dos Setores de Petróleo, Derivados, Gás Natural e Biocombustíveis</p></td></tr><tr><td rowspan="1" colspan="1"><p>4897 - Transição Energética e Planejamento</p></td></tr><tr><td rowspan="1" colspan="1"><p>32202 - Companhia de Pesquisa de Recursos Minerais - CPRM</p></td></tr><tr><td rowspan="1" colspan="1"><p>20L9 - Levantamentos, Estudos, Previsão e Alerta de Eventos Hidrológicos Críticos</p></td></tr><tr><td rowspan="1" colspan="1"><p>20LA - Mapeamentos voltados para a Prevenção de Desastres</p></td></tr><tr><td rowspan="1" colspan="1"><p>21HC - Mapeamentos, Monitoramentos e Alertas voltados à Prevenção de Desastres - Novo PAC</p></td></tr><tr><td rowspan="1" colspan="1"><p>2397 - Conhecimento para Gestão e Ampliação da Oferta Hídrica</p></td></tr><tr><td rowspan="1" colspan="1"><p>212H - Manutenção de Contrato de Gestão com Organizações Sociais (Lei nº 9.637, de 15 de maio de 1998)</p></td></tr><tr><td rowspan="1" colspan="1"><p>21HD - Geologia para Mineração e Desenvolvimento Sustentável</p></td></tr><tr><td rowspan="1" colspan="1"><p>21HE - Pesquisa Mineral - Novo PAC</p></td></tr><tr><td rowspan="1" colspan="1"><p>20LC - Geologia do Espaço Marinho e Costeiro - Novo PAC</p></td></tr><tr><td rowspan="1" colspan="1"><p>32314 - Empresa de Pesquisa Energética - EPE</p></td></tr><tr><td rowspan="1" colspan="1"><p>20LI - Estudos para o Planejamento do Setor Energético</p></td></tr><tr><td rowspan="1" colspan="1"><p>21BC - Estudos da Indústria de Petróleo e Gás Natural</p></td></tr><tr><td rowspan="1" colspan="1"><p>21BD - Estudos da Indústria de Biocombustíveis</p></td></tr><tr><td rowspan="1" colspan="1"><p>32398 - Nuclebrás Equipamentos Pesados S.A. - NUCLEP</p></td></tr><tr><td rowspan="1" colspan="1"><p>20V1 - Fabricação de Equipamentos Pesados para as Indústrias Nuclear e de Alta Tecnologia</p></td></tr><tr><td rowspan="1" colspan="1"><p>21BE - Fabricação de Equipamentos destinados à Indústria de Petróleo e Gás,<em>Offshore</em>e Torres de Transmissão</p></td></tr><tr><td rowspan="1" colspan="1"><p>AÇÕES ORÇAMENTÁRIAS - RP 8</p></td></tr><tr><td rowspan="1" colspan="1"><p>32101 - Ministério de Minas e Energia - Administração Direta</p></td></tr><tr><td rowspan="1" colspan="1"><p>21BA - Coordenação das Ações de Gestão e Monitoramento do Setor Elétrico</p></td></tr><tr><td rowspan="1" colspan="1"><p>4887 - Gestão das Políticas de Geologia, Mineração e Transformação Mineral</p></td></tr><tr><td rowspan="1" colspan="1"><p>4892 - Planejamento dos Setores de Petróleo, Derivados, Gás Natural e Biocombustíveis</p></td></tr><tr><td rowspan="1" colspan="1"><p>4897 - Transição Energética e Planejamento</p></td></tr><tr><td rowspan="1" colspan="1"><p>32202 - Companhia de Pesquisa de Recursos Minerais - CPRM</p></td></tr><tr><td rowspan="1" colspan="1"><p>20L9 - Levantamentos, Estudos, Previsão e Alerta de Eventos Hidrológicos Críticos</p></td></tr><tr><td rowspan="1" colspan="1"><p>20LA - Mapeamentos voltados para a Prevenção de Desastres</p></td></tr><tr><td rowspan="1" colspan="1"><p>21HC - Mapeamentos, Monitoramentos e Alertas voltados à Prevenção de Desastres - Novo PAC</p></td></tr><tr><td rowspan="1" colspan="1"><p>2397 - Conhecimento para Gestão e Ampliação da Oferta Hídrica</p></td></tr><tr><td rowspan="1" colspan="1"><p>212H - Manutenção de Contrato de Gestão com Organizações Sociais (Lei nº 9.637, de 15 de maio de 1998)</p></td></tr><tr><td rowspan="1" colspan="1"><p>21HD - Geologia para Mineração e Desenvolvimento Sustentável</p></td></tr><tr><td rowspan="1" colspan="1"><p>21HE - Pesquisa Mineral - Novo PAC</p></td></tr><tr><td rowspan="1" colspan="1"><p>20LC - Geologia do Espaço Marinho e Costeiro - Novo PAC</p></td></tr><tr><td rowspan="1" colspan="1"><p>32314 - Empresa de Pesquisa Energética - EPE</p></td></tr><tr><td rowspan="1" colspan="1"><p>20LI - Estudos para o Planejamento do Setor Energético</p></td></tr><tr><td rowspan="1" colspan="1"><p>21BC - Estudos da Indústria de Petróleo e Gás Natural</p></td></tr><tr><td rowspan="1" colspan="1"><p>21BD - Estudos da Indústria de Biocombustíveis</p></td></tr><tr><td rowspan="1" colspan="1"><p>32398 - Nuclebrás Equipamentos Pesados S.A. - NUCLEP</p></td></tr><tr><td rowspan="1" colspan="1"><p>20V1 - Fabricação de Equipamentos Pesados para as Indústrias Nuclear e de Alta Tecnologia</p></td></tr><tr><td rowspan="1" colspan="1"><p>21BE - Fabricação de Equipamentos destinados à Indústria de Petróleo e Gás,<em>Offshore</em>e Torres de Transmissão</p></td></tr></table>]]></Texto>
  </body>
  <Midias />
</article></xml>