﻿<xml><article id="45718373" name="2025-09-30/11316374/ANMWS_231615" idOficio="11316374" pubName="DO1" artType="Despacho" pubDate="01/10/2025" artClass="00035:00044:00016:00000:00000:00000:00000:00000:00000:00000:00024:00148" artCategory="Ministério de Minas e Energia/Agência Nacional de Mineração/Gerência Regional da ANM no Estado da Bahia" artSize="12" artNotes="" numberPage="96" pdfPage="http://pesquisa.in.gov.br/imprensa/jsp/visualiza/index.jsp?data=01/10/2025&amp;jornal=515&amp;pagina=96" editionNumber="187" highlightType="" highlightPriority="" highlight="" highlightimage="" highlightimagename="" idMateria="23161510">
  <body>
    <Identifica><![CDATA[Despacho]]></Identifica>
    <Data><![CDATA[]]></Data>
    <Ementa />
    <Titulo />
    <SubTitulo />
    <Texto><![CDATA[<p class="identifica">Despacho</p><p class="identifica">Relação nº 148/2025</p><p>Fase de Requerimento de Licenciamento</p><p>O GERENTE REGIONAL DA AGÊNCIA NACIONAL DE MINERAÇÃO, no uso da competência delegada de que trata o Art. 23, inciso IV, alínea "a" da Ordem de Serviço nº 334, de 12 de agosto de 2025, outorga o(s) seguinte(s) Registro(s) de Licença com vigência a partir da data de publicação:(730)</p><p>Registro de Licença n°: 774/2025 - Processo nº: 870.971/2024 - Titular: TAICOCA MINERAÇÃO TRANSPORTES LTDA - Vencimento: Indeterminada - Substância(s): ARGILA - Município(s): ADUSTINA/BA</p><p>Registro de Licença n°: 775/2025 - Processo nº: 870.363/2025 - Titular: AREAL E COMERCIO DE MATERIAIS DE CONSTRUCAO BAMBURRAL LTDA - Vencimento: 28/02/2040 - Substância(s): AREIA - Município(s): SANTA LUZIA/BA</p><p>Registro de Licença n°: 776/2025 - Processo nº: 870.372/2025 - Titular: CORTEZ ENGENHARIA LTDA - Vencimento: 06/05/2027 - Substância(s): SAIBRO - Município(s): GENTIO DO OURO/BA</p><p>Registro de Licença n°: 790/2025 - Processo nº: 870.596/2022 - Titular: LILIAN RAQUEL DA SILVA MARTINS - Vencimento: 06/05/2028 - Substância(s): CALCÁRIO, MÁRMORE - Município(s): JUAZEIRO/BA</p><p class="assina">ARTUR CÉSAR DE OLIVEIRA</p><p class="cargo">Substituto</p>]]></Texto>
  </body>
  <Midias />
</article></xml>