﻿<xml><article id="45718553" name="2025-09-30/11316428/ANMWS_231615" idOficio="11316428" pubName="DO1" artType="Despacho" pubDate="01/10/2025" artClass="00035:00044:00016:00000:00000:00000:00000:00000:00000:00000:00024:00152" artCategory="Ministério de Minas e Energia/Agência Nacional de Mineração/Gerência Regional da ANM no Estado da Bahia" artSize="12" artNotes="" numberPage="96" pdfPage="http://pesquisa.in.gov.br/imprensa/jsp/visualiza/index.jsp?data=01/10/2025&amp;jornal=515&amp;pagina=96" editionNumber="187" highlightType="" highlightPriority="" highlight="" highlightimage="" highlightimagename="" idMateria="23161569">
  <body>
    <Identifica><![CDATA[Despacho]]></Identifica>
    <Data><![CDATA[]]></Data>
    <Ementa />
    <Titulo />
    <SubTitulo />
    <Texto><![CDATA[<p class="identifica">Despacho</p><p class="identifica">Relação nº 152/2025</p><p>Fase de Requerimento de Lavra Garimpeira</p><p>O GERENTE REGIONAL DA AGÊNCIA NACIONAL DE MINERAÇÃO, no uso da competência delegada de que trata o Art. 23, inciso V, alínea "a" da Ordem de Serviço nº 334, de 12 de agosto de 2025, outorga a(s) seguinte(s) PLG(s) com vigência a partir da data de publicação:(513)</p><p>PLG n°: 138/2025 de 26 DE SETEMBRO DE 2025 - Processo nº: 870.727/2024 - Titular: FABIO DE MACEDO VIEIRA ROSSI - Prazo: 02 anos - Substância(s): QUARTZO - Município(s): OLIVEIRA DOS BREJINHOS/BA</p><p class="assina">ARTUR CÉSAR DE OLIVEIRA</p><p class="cargo">Substituto</p>]]></Texto>
  </body>
  <Midias />
</article></xml>