﻿<xml><article id="45724112" name="PORTARIA NA 677 - 30.09.2025" idOficio="11317278" pubName="DO1" artType="Portaria" pubDate="01/10/2025" artClass="00025:00046:00000:00000:00000:00000:00000:00000:00000:00000:00054:00000" artCategory="Ministério da Educação/Secretaria de Regulação e Supervisão da Educação Superior" artSize="24" artNotes="" numberPage="46" pdfPage="http://pesquisa.in.gov.br/imprensa/jsp/visualiza/index.jsp?data=01/10/2025&amp;jornal=515&amp;pagina=46" editionNumber="187" highlightType="" highlightPriority="" highlight="" highlightimage="" highlightimagename="" idMateria="23163693">
  <body>
    <Identifica><![CDATA[ PORTARIA SERES/MEC Nº 677, DE 30 de setembro de 2025]]></Identifica>
    <Data><![CDATA[]]></Data>
    <Ementa />
    <Titulo />
    <SubTitulo />
    <Texto><![CDATA[<p class="identifica">PORTARIA SERES/MEC Nº 677, DE 30 de setembro de 2025</p><p>A SECRETÁRIA DE REGULAÇÃO E SUPERVISÃO DA EDUCAÇÃO SUPERIOR, no uso da atribuição que lhe confere o Decreto nº 11.691, de 5 de setembro de 2023, e tendo em vista o Decreto n° 9.235, de 15 de dezembro de 2017, e as Portarias Normativas n° 20 e nº 23, de 21 de dezembro de 2017, do Ministério da Educação, e considerando o disposto no(s) processo(s) e-MEC listado(s) na planilha anexa, resolve:</p><p>Art. 1º Fica renovado o reconhecimento do(s) curso(s) superior(es) de graduação constante(s) da tabela do anexo desta Portaria, ministrado(s) pela(s) Instituição(ões) de Educação Superior citada(s), nos termos do disposto no art. 10, do Decreto nº 9.235/2017.</p><p>Art. 2º A renovação de reconhecimento a que se refere esta Portaria é válida exclusivamente para o curso ministrado no endereço citado na tabela constante do anexo.</p><p>Art. 3º A renovação de reconhecimento a que se refere esta Portaria é válida até o ciclo avaliativo seguinte.</p><p>Art. 4º Esta Portaria entra em vigor na data de sua publicação.</p><p class="assina">MARTA ABRAMO</p><p>ANEXO (RENOVAÇÃO DE RECONHECIMENTO DE CURSOS)</p><p></p><table><tr /><tr><td rowspan="1" colspan="1"><p>Nº de Ordem</p></td><td rowspan="1" colspan="1"><p>Registro e-MEC nº</p></td><td rowspan="1" colspan="1"><p>Curso</p></td><td rowspan="1" colspan="1"><p>Nº de vagas totais anuais</p></td><td rowspan="1" colspan="1"><p>Mantida</p></td><td rowspan="1" colspan="1"><p>Mantenedora</p></td><td rowspan="1" colspan="1"><p>Endereço de funcionamento do curso</p></td></tr><tr><td rowspan="1" colspan="1"><p>1</p></td><td rowspan="1" colspan="1"><p>202315487</p></td><td rowspan="1" colspan="1"><p>QUÍMICA (Bacharelado)</p></td><td rowspan="1" colspan="1"><p>120 (cento e vinte)</p></td><td rowspan="1" colspan="1"><p>PONTIFÍCIA UNIVERSIDADE CATÓLICA DO RIO GRANDE DO SUL</p></td><td rowspan="1" colspan="1"><p>UNIAO BRASILEIRA DE EDUCACAO E ASSISTENCIA</p></td><td rowspan="1" colspan="1"><p>AV. IPIRANGA, 6681, , PARTENON, PORTO ALEGRE/RS</p></td></tr><tr><td rowspan="1" colspan="1"><p>2</p></td><td rowspan="1" colspan="1"><p>202315558</p></td><td rowspan="1" colspan="1"><p>PEDAGOGIA (Licenciatura)</p></td><td rowspan="1" colspan="1"><p>50 (cinquenta)</p></td><td rowspan="1" colspan="1"><p>UNIVERSIDADE CATÓLICA DE BRASÍLIA</p></td><td rowspan="1" colspan="1"><p>UNIAO BRASILEIRA DE EDUCACAO CATOLICA</p></td><td rowspan="1" colspan="1"><p>QS 07, EPCT, LOTE 01, UNIVERSIDADE CATÓLICA DE BRASÍLIA, AREAL (ÁGUAS CLARAS), BRASÍLIA/DF</p></td></tr><tr><td rowspan="1" colspan="1"><p>3</p></td><td rowspan="1" colspan="1"><p>202315520</p></td><td rowspan="1" colspan="1"><p>MATEMÁTICA (Licenciatura)</p></td><td rowspan="1" colspan="1"><p>60 (sessenta)</p></td><td rowspan="1" colspan="1"><p>UNIVERSIDADE CATÓLICA DE SANTOS</p></td><td rowspan="1" colspan="1"><p>SOCIEDADE VISCONDE DE S LEOPOLDO</p></td><td rowspan="1" colspan="1"><p>AVENIDA CONSELHEIRO NÉBIAS, 300, CAMPUS D. IDILIO JOSE SOARES, VILA MATHIAS, SANTOS/SP</p></td></tr><tr><td rowspan="1" colspan="1"><p>4</p></td><td rowspan="1" colspan="1"><p>202316273</p></td><td rowspan="1" colspan="1"><p>TRADUÇÃO E INTERPRETAÇÃO (Bacharelado)</p></td><td rowspan="1" colspan="1"><p>40 (quarenta)</p></td><td rowspan="1" colspan="1"><p>UNIVERSIDADE CATÓLICA DE SANTOS</p></td><td rowspan="1" colspan="1"><p>SOCIEDADE VISCONDE DE S LEOPOLDO</p></td><td rowspan="1" colspan="1"><p>AVENIDA CONSELHEIRO NÉBIAS, 300, CAMPUS D. IDILIO JOSE SOARES, VILA MATHIAS, SANTOS/SP</p></td></tr><tr><td rowspan="1" colspan="1"><p>5</p></td><td rowspan="1" colspan="1"><p>202315867</p></td><td rowspan="1" colspan="1"><p>MATEMÁTICA (Licenciatura)</p></td><td rowspan="1" colspan="1"><p>100 (cem)</p></td><td rowspan="1" colspan="1"><p>UNIVERSIDADE DA AMAZÔNIA</p></td><td rowspan="1" colspan="1"><p>INSTITUTO CAMPINENSE DE ENSINO SUPERIOR LTDA</p></td><td rowspan="1" colspan="1"><p>AVENIDA ALCINDO CACELA, 287, BLOCO C - TÉRREO, UMARIZAL, BELÉM/PA</p></td></tr><tr><td rowspan="1" colspan="1"><p>6</p></td><td rowspan="1" colspan="1"><p>202315490</p></td><td rowspan="1" colspan="1"><p>GEOGRAFIA (Licenciatura)</p></td><td rowspan="1" colspan="1"><p>44 (quarenta e quatro)</p></td><td rowspan="1" colspan="1"><p>UNIVERSIDADE DA REGIÃO DE JOINVILLE</p></td><td rowspan="1" colspan="1"><p>FUNDACAO EDUCACIONAL DA REGIAO DE JOINVILLE</p></td><td rowspan="1" colspan="1"><p>RUA PAULO MALSCHITZKI, 10, CAMPUS JOINVILLE - BOM RETIRO, CAMPUS UNIVERSITÁRIO - ZONA INDUSTRIAL, JOINVILLE/SC</p></td></tr><tr><td rowspan="1" colspan="1"><p>7</p></td><td rowspan="1" colspan="1"><p>202315574</p></td><td rowspan="1" colspan="1"><p>GEOGRAFIA (Licenciatura)</p></td><td rowspan="1" colspan="1"><p>50 (cinquenta)</p></td><td rowspan="1" colspan="1"><p>UNIVERSIDADE DO EXTREMO SUL CATARINENSE</p></td><td rowspan="1" colspan="1"><p>FUNDACAO EDUCACIONAL DE CRICIUMA</p></td><td rowspan="1" colspan="1"><p>AVENIDA UNIVERSITÁRIA, 1105, BLOCO ADMINISTRATIVO, UNIVERSITÁRIO, CRICIÚMA/SC</p></td></tr><tr><td rowspan="1" colspan="1"><p>8</p></td><td rowspan="1" colspan="1"><p>202315773</p></td><td rowspan="1" colspan="1"><p>EDUCAÇÃO FÍSICA (Licenciatura)</p></td><td rowspan="1" colspan="1"><p>40 (quarenta)</p></td><td rowspan="1" colspan="1"><p>UNIVERSIDADE DO OESTE DE SANTA CATARINA</p></td><td rowspan="1" colspan="1"><p>FUNDACAO UNIVERSIDADE DO OESTE DE SANTA CATARINA</p></td><td rowspan="1" colspan="1"><p>RUA DIRCEU GIORDANI, 696, , JARDIM TARUMÃ, XANXERÊ/SC</p></td></tr><tr><td rowspan="1" colspan="1"><p>9</p></td><td rowspan="1" colspan="1"><p>202315616</p></td><td rowspan="1" colspan="1"><p>ARTES VISUAIS (Bacharelado)</p></td><td rowspan="1" colspan="1"><p>60 (sessenta)</p></td><td rowspan="1" colspan="1"><p>UNIVERSIDADE FEDERAL DA BAHIA</p></td><td rowspan="1" colspan="1"><p>UNIVERSIDADE FEDERAL DA BAHIA</p></td><td rowspan="1" colspan="1"><p>AV. ARAUJO PINHO, 212, CAMPUS UNIVERSITARIO CANELA, CANELA, SALVADOR/BA</p></td></tr><tr><td rowspan="1" colspan="1"><p>10</p></td><td rowspan="1" colspan="1"><p>202315617</p></td><td rowspan="1" colspan="1"><p>CANTO LÍRICO (Bacharelado)</p></td><td rowspan="1" colspan="1"><p>10 (dez)</p></td><td rowspan="1" colspan="1"><p>UNIVERSIDADE FEDERAL DA BAHIA</p></td><td rowspan="1" colspan="1"><p>UNIVERSIDADE FEDERAL DA BAHIA</p></td><td rowspan="1" colspan="1"><p>RUA BASILIO DA GAMA, S/N, CAMPUS UNIVERSITARIO CANELA, CANELA, SALVADOR/BA</p></td></tr><tr><td rowspan="1" colspan="1"><p>11</p></td><td rowspan="1" colspan="1"><p>202315614</p></td><td rowspan="1" colspan="1"><p>CIÊNCIAS NATURAIS (Licenciatura)</p></td><td rowspan="1" colspan="1"><p>60 (sessenta)</p></td><td rowspan="1" colspan="1"><p>UNIVERSIDADE FEDERAL DA BAHIA</p></td><td rowspan="1" colspan="1"><p>UNIVERSIDADE FEDERAL DA BAHIA</p></td><td rowspan="1" colspan="1"><p>AVENIDA REITOR MIGUEL CALMON, S, CAMPUS UNIVERSITÁRIO CANELA, CANELA, SALVADOR/BA</p></td></tr><tr><td rowspan="1" colspan="1"><p>12</p></td><td rowspan="1" colspan="1"><p>202315612</p></td><td rowspan="1" colspan="1"><p>GEOLOGIA (Bacharelado)</p></td><td rowspan="1" colspan="1"><p>50 (cinquenta)</p></td><td rowspan="1" colspan="1"><p>UNIVERSIDADE FEDERAL DA BAHIA</p></td><td rowspan="1" colspan="1"><p>UNIVERSIDADE FEDERAL DA BAHIA</p></td><td rowspan="1" colspan="1"><p>RUA BARÃO DE JEREMOABO, S/N, CAMPUS UNIVERSITÁRIO - FEDERAÇÃO, ONDINA, SALVADOR/BA</p></td></tr><tr><td rowspan="1" colspan="1"><p>13</p></td><td rowspan="1" colspan="1"><p>202315621</p></td><td rowspan="1" colspan="1"><p>CIÊNCIAS AGRÁRIAS (Licenciatura)</p></td><td rowspan="1" colspan="1"><p>50 (cinquenta)</p></td><td rowspan="1" colspan="1"><p>UNIVERSIDADE FEDERAL DA PARAÍBA</p></td><td rowspan="1" colspan="1"><p>UNIVERSIDADE FEDERAL DA PARAIBA</p></td><td rowspan="1" colspan="1"><p>CENTRO DE CIÊNCIAS HUMANAS, SOCIAIS E AGRÁRIAS, S/N, CIDADE UNIVERSITÁRIA - CAMPUS III, CENTRO, BANANEIRAS/PB</p></td></tr><tr><td rowspan="1" colspan="1"><p>14</p></td><td rowspan="1" colspan="1"><p>202316847</p></td><td rowspan="1" colspan="1"><p>LETRAS - ESPANHOL (Licenciatura)</p></td><td rowspan="1" colspan="1"><p>50 (cinquenta)</p></td><td rowspan="1" colspan="1"><p>UNIVERSIDADE FEDERAL DA PARAÍBA</p></td><td rowspan="1" colspan="1"><p>UNIVERSIDADE FEDERAL DA PARAIBA</p></td><td rowspan="1" colspan="1"><p>CIDADE UNIVERSITÁRIA, S/N, CAMPUS I, CASTELO BRANCO, JOÃO PESSOA/PB</p></td></tr><tr><td rowspan="1" colspan="1"><p>15</p></td><td rowspan="1" colspan="1"><p>202315618</p></td><td rowspan="1" colspan="1"><p>QUÍMICA INDUSTRIAL (Bacharelado)</p></td><td rowspan="1" colspan="1"><p>50 (cinquenta)</p></td><td rowspan="1" colspan="1"><p>UNIVERSIDADE FEDERAL DA PARAÍBA</p></td><td rowspan="1" colspan="1"><p>UNIVERSIDADE FEDERAL DA PARAIBA</p></td><td rowspan="1" colspan="1"><p>CIDADE UNIVERSITÁRIA, S/N, CAMPUS I, CASTELO BRANCO, JOÃO PESSOA/PB</p></td></tr><tr><td rowspan="1" colspan="1"><p>16</p></td><td rowspan="1" colspan="1"><p>202315610</p></td><td rowspan="1" colspan="1"><p>FÍSICA (Bacharelado)</p></td><td rowspan="1" colspan="1"><p>40 (quarenta)</p></td><td rowspan="1" colspan="1"><p>UNIVERSIDADE FEDERAL DE ALAGOAS</p></td><td rowspan="1" colspan="1"><p>UNIVERSIDADE FEDERAL DE ALAGOAS</p></td><td rowspan="1" colspan="1"><p>AV. LOURIVAL DE MELO MOTA, S/N, CAMPUS A. C. SIMÕES, TABULEIRO DO MARTINS, MACEIÓ/AL</p></td></tr><tr><td rowspan="1" colspan="1"><p>17</p></td><td rowspan="1" colspan="1"><p>202315611</p></td><td rowspan="1" colspan="1"><p>MATEMÁTICA (Bacharelado)</p></td><td rowspan="1" colspan="1"><p>20 (vinte)</p></td><td rowspan="1" colspan="1"><p>UNIVERSIDADE FEDERAL DE ALAGOAS</p></td><td rowspan="1" colspan="1"><p>UNIVERSIDADE FEDERAL DE ALAGOAS</p></td><td rowspan="1" colspan="1"><p>AV. LOURIVAL DE MELO MOTA, S/N, CAMPUS A. C. SIMÕES, TABULEIRO DO MARTINS, MACEIÓ/AL</p></td></tr><tr><td rowspan="1" colspan="1"><p>18</p></td><td rowspan="1" colspan="1"><p>202315620</p></td><td rowspan="1" colspan="1"><p>CIÊNCIAS SOCIAIS (Licenciatura)</p></td><td rowspan="1" colspan="1"><p>40 (quarenta)</p></td><td rowspan="1" colspan="1"><p>UNIVERSIDADE FEDERAL DE CAMPINA GRANDE</p></td><td rowspan="1" colspan="1"><p>UNIVERSIDADE FEDERAL DE CAMPINA GRANDE</p></td><td rowspan="1" colspan="1"><p>UNIVERSIDADE FEDERAL DE CAMPINA GRANDE, 882, RUA APRÍGIO VELOSO, UNIVERSITÁRIO, CAMPINA GRANDE/PB</p></td></tr><tr><td rowspan="1" colspan="1"><p>19</p></td><td rowspan="1" colspan="1"><p>202315632</p></td><td rowspan="1" colspan="1"><p>CIÊNCIAS SOCIAIS (Licenciatura)</p></td><td rowspan="1" colspan="1"><p>30 (trinta)</p></td><td rowspan="1" colspan="1"><p>UNIVERSIDADE FEDERAL DE GOIÁS</p></td><td rowspan="1" colspan="1"><p>UNIVERSIDADE FEDERAL DE GOIAS</p></td><td rowspan="1" colspan="1"><p>RODOVIA GOIÂNIA NERÓPOLIS, KM 12, CÂMPUS SAMAMBAIA, CAMPUS SAMAMBAIA, GOIÂNIA/GO</p></td></tr><tr><td rowspan="1" colspan="1"><p>20</p></td><td rowspan="1" colspan="1"><p>202315609</p></td><td rowspan="1" colspan="1"><p>LETRAS (Licenciatura)</p></td><td rowspan="1" colspan="1"><p>90 (noventa)</p></td><td rowspan="1" colspan="1"><p>UNIVERSIDADE FEDERAL DE JUIZ DE FORA</p></td><td rowspan="1" colspan="1"><p>UNIVERSIDADE FEDERAL DE JUIZ DE FORA UFJF</p></td><td rowspan="1" colspan="1"><p>CAMPUS UNIVERSITÁRIO, S/N, UFJF, SÃO PEDRO, JUIZ DE FORA/MG</p></td></tr><tr><td rowspan="1" colspan="1"><p>21</p></td><td rowspan="1" colspan="1"><p>202303449</p></td><td rowspan="1" colspan="1"><p>GEOLOGIA (Bacharelado)</p></td><td rowspan="1" colspan="1"><p>43 (quarenta e três)</p></td><td rowspan="1" colspan="1"><p>UNIVERSIDADE FEDERAL DE MATO GROSSO</p></td><td rowspan="1" colspan="1"><p>FUNDACAO UNIVERSIDADE FEDERAL DE MATO GROSSO</p></td><td rowspan="1" colspan="1"><p>AVENIDA FERNANDO CORREA DA COSTA, 2367, CIDADE UNIVERSITÁRIA, BOA ESPERANÇA, CUIABÁ/MT</p></td></tr><tr><td rowspan="1" colspan="1"><p>22</p></td><td rowspan="1" colspan="1"><p>202315622</p></td><td rowspan="1" colspan="1"><p>QUÍMICA INDUSTRIAL (Bacharelado)</p></td><td rowspan="1" colspan="1"><p>40 (quarenta)</p></td><td rowspan="1" colspan="1"><p>UNIVERSIDADE FEDERAL DE PERNAMBUCO</p></td><td rowspan="1" colspan="1"><p>UNIVERSIDADE FEDERAL DE PERNAMBUCO</p></td><td rowspan="1" colspan="1"><p>AV. PROF. MORAES REGO, 1.235, , CIDADE UNIVERSITÁRIA, RECIFE/PE</p></td></tr><tr><td rowspan="1" colspan="1"><p>23</p></td><td rowspan="1" colspan="1"><p>202317025</p></td><td rowspan="1" colspan="1"><p>GEOLOGIA (Bacharelado)</p></td><td rowspan="1" colspan="1"><p>40 (quarenta)</p></td><td rowspan="1" colspan="1"><p>UNIVERSIDADE FEDERAL DE RORAIMA</p></td><td rowspan="1" colspan="1"><p>UNIVERSIDADE FEDERAL DE RORAIMA</p></td><td rowspan="1" colspan="1"><p>AVENIDA CAPITÃO ENE GARCEZ, 2413, , AEROPORTO, BOA VISTA/RR</p></td></tr><tr><td rowspan="1" colspan="1"><p>24</p></td><td rowspan="1" colspan="1"><p>202315633</p></td><td rowspan="1" colspan="1"><p>FÍSICA (Bacharelado)</p></td><td rowspan="1" colspan="1"><p>55 (cinquenta e cinco)</p></td><td rowspan="1" colspan="1"><p>UNIVERSIDADE FEDERAL DE SANTA CATARINA</p></td><td rowspan="1" colspan="1"><p>UNIVERSIDADE FEDERAL DE SANTA CATARINA</p></td><td rowspan="1" colspan="1"><p>CAMPUS UNIVERSITÁRIO, S/N, TRINDADE, FLORIANÓPOLIS/SC</p></td></tr><tr><td rowspan="1" colspan="1"><p>25</p></td><td rowspan="1" colspan="1"><p>202315624</p></td><td rowspan="1" colspan="1"><p>EDUCAÇÃO ESPECIAL (Licenciatura)</p></td><td rowspan="1" colspan="1"><p>50 (cinquenta)</p></td><td rowspan="1" colspan="1"><p>UNIVERSIDADE FEDERAL DE SANTA MARIA</p></td><td rowspan="1" colspan="1"><p>UNIVERSIDADE FEDERAL DE SANTA MARIA</p></td><td rowspan="1" colspan="1"><p>CIDADE UNIVERSITÁRIA PROF. JOSÉ MARIANO DA ROCHA FILHO, AVENIDA RORAIMA, 1000, CAMPUS - SANTA MARIA - CAMOBI, CAMOBI, SANTA MARIA/RS</p></td></tr><tr><td rowspan="1" colspan="1"><p>26</p></td><td rowspan="1" colspan="1"><p>202315627</p></td><td rowspan="1" colspan="1"><p>FÍSICA (Bacharelado)</p></td><td rowspan="1" colspan="1"><p>22 (vinte e duas)</p></td><td rowspan="1" colspan="1"><p>UNIVERSIDADE FEDERAL DE SANTA MARIA</p></td><td rowspan="1" colspan="1"><p>UNIVERSIDADE FEDERAL DE SANTA MARIA</p></td><td rowspan="1" colspan="1"><p>CIDADE UNIVERSITÁRIA PROF. JOSÉ MARIANO DA ROCHA FILHO, AVENIDA RORAIMA, 1000, CAMPUS - SANTA MARIA - CAMOBI, CAMOBI, SANTA MARIA/RS</p></td></tr><tr><td rowspan="1" colspan="1"><p>27</p></td><td rowspan="1" colspan="1"><p>202315626</p></td><td rowspan="1" colspan="1"><p>QUÍMICA INDUSTRIAL (Bacharelado)</p></td><td rowspan="1" colspan="1"><p>15 (quinze)</p></td><td rowspan="1" colspan="1"><p>UNIVERSIDADE FEDERAL DE SANTA MARIA</p></td><td rowspan="1" colspan="1"><p>UNIVERSIDADE FEDERAL DE SANTA MARIA</p></td><td rowspan="1" colspan="1"><p>CIDADE UNIVERSITÁRIA PROF. JOSÉ MARIANO DA ROCHA FILHO, AVENIDA RORAIMA, 1000, CAMPUS - SANTA MARIA - CAMOBI, CAMOBI, SANTA MARIA/RS</p></td></tr><tr><td rowspan="1" colspan="1"><p>28</p></td><td rowspan="1" colspan="1"><p>202315480</p></td><td rowspan="1" colspan="1"><p>CIÊNCIAS NATURAIS (Licenciatura)</p></td><td rowspan="1" colspan="1"><p>84 (oitenta e quatro)</p></td><td rowspan="1" colspan="1"><p>UNIVERSIDADE FEDERAL DO AMAZONAS</p></td><td rowspan="1" colspan="1"><p>FUNDACAO UNIVERSIDADE DO AMAZONAS</p></td><td rowspan="1" colspan="1"><p>AV. RODRIGO OTÁVIO, 6200, UNIDADE SEDE, COROADO II, MANAUS/AM</p></td></tr><tr><td rowspan="1" colspan="1"><p>29</p></td><td rowspan="1" colspan="1"><p>202315628</p></td><td rowspan="1" colspan="1"><p>FÍSICA (Bacharelado)</p></td><td rowspan="1" colspan="1"><p>40 (quarenta)</p></td><td rowspan="1" colspan="1"><p>UNIVERSIDADE FEDERAL DO CEARÁ</p></td><td rowspan="1" colspan="1"><p>UNIVERSIDADE FEDERAL DO CEARA</p></td><td rowspan="1" colspan="1"><p>RUA CAMPUS DO PICI, S/N, PICI, FORTALEZA/CE</p></td></tr><tr><td rowspan="1" colspan="1"><p>30</p></td><td rowspan="1" colspan="1"><p>202315629</p></td><td rowspan="1" colspan="1"><p>GEOLOGIA (Bacharelado)</p></td><td rowspan="1" colspan="1"><p>40 (quarenta)</p></td><td rowspan="1" colspan="1"><p>UNIVERSIDADE FEDERAL DO CEARÁ</p></td><td rowspan="1" colspan="1"><p>UNIVERSIDADE FEDERAL DO CEARA</p></td><td rowspan="1" colspan="1"><p>RUA CAMPUS DO PICI, S/N, PICI, FORTALEZA/CE</p></td></tr><tr><td rowspan="1" colspan="1"><p>31</p></td><td rowspan="1" colspan="1"><p>202315630</p></td><td rowspan="1" colspan="1"><p>MATEMÁTICA (Bacharelado)</p></td><td rowspan="1" colspan="1"><p>40 (quarenta)</p></td><td rowspan="1" colspan="1"><p>UNIVERSIDADE FEDERAL DO CEARÁ</p></td><td rowspan="1" colspan="1"><p>UNIVERSIDADE FEDERAL DO CEARA</p></td><td rowspan="1" colspan="1"><p>RUA CAMPUS DO PICI, S/N, PICI, FORTALEZA/CE</p></td></tr><tr><td rowspan="1" colspan="1"><p>32</p></td><td rowspan="1" colspan="1"><p>202315605</p></td><td rowspan="1" colspan="1"><p>FÍSICA (Bacharelado)</p></td><td rowspan="1" colspan="1"><p>60 (sessenta)</p></td><td rowspan="1" colspan="1"><p>UNIVERSIDADE FEDERAL DO ESPÍRITO SANTO</p></td><td rowspan="1" colspan="1"><p>UNIVERSIDADE FEDERAL DO ESPIRITO SANTO</p></td><td rowspan="1" colspan="1"><p>AV. FERNANDO FERRARI, 514, GOIABEIRAS., 514, CAMPUS UNIVERSITÁRIO, GOIABEIRAS, VITÓRIA/ES</p></td></tr><tr><td rowspan="1" colspan="1"><p>33</p></td><td rowspan="1" colspan="1"><p>202315593</p></td><td rowspan="1" colspan="1"><p>FÍSICA (Bacharelado)</p></td><td rowspan="1" colspan="1"><p>40 (quarenta)</p></td><td rowspan="1" colspan="1"><p>UNIVERSIDADE FEDERAL DO PARÁ</p></td><td rowspan="1" colspan="1"><p>UNIVERSIDADE FEDERAL DO PARA</p></td><td rowspan="1" colspan="1"><p>RUA AUGUSTO CORREA, 01, CIDADE UNIVERSITARIA JOSÉ DA SILVEIRA NETTO, GUAMÁ, BELÉM/PA</p></td></tr><tr><td rowspan="1" colspan="1"><p>34</p></td><td rowspan="1" colspan="1"><p>202315594</p></td><td rowspan="1" colspan="1"><p>GEOLOGIA (Bacharelado)</p></td><td rowspan="1" colspan="1"><p>40 (quarenta)</p></td><td rowspan="1" colspan="1"><p>UNIVERSIDADE FEDERAL DO PARÁ</p></td><td rowspan="1" colspan="1"><p>UNIVERSIDADE FEDERAL DO PARA</p></td><td rowspan="1" colspan="1"><p>RUA AUGUSTO CORREA, 01, CIDADE UNIVERSITARIA JOSÉ DA SILVEIRA NETTO, GUAMÁ, BELÉM/PA</p></td></tr><tr><td rowspan="1" colspan="1"><p>35</p></td><td rowspan="1" colspan="1"><p>202315595</p></td><td rowspan="1" colspan="1"><p>QUÍMICA INDUSTRIAL (Bacharelado)</p></td><td rowspan="1" colspan="1"><p>30 (trinta)</p></td><td rowspan="1" colspan="1"><p>UNIVERSIDADE FEDERAL DO PARÁ</p></td><td rowspan="1" colspan="1"><p>UNIVERSIDADE FEDERAL DO PARA</p></td><td rowspan="1" colspan="1"><p>RUA AUGUSTO CORREA, 01, CIDADE UNIVERSITARIA JOSÉ DA SILVEIRA NETTO, GUAMÁ, BELÉM/PA</p></td></tr><tr><td rowspan="1" colspan="1"><p>36</p></td><td rowspan="1" colspan="1"><p>202315602</p></td><td rowspan="1" colspan="1"><p>FÍSICA (Bacharelado)</p></td><td rowspan="1" colspan="1"><p>70 (setenta)</p></td><td rowspan="1" colspan="1"><p>UNIVERSIDADE FEDERAL DO PARANÁ</p></td><td rowspan="1" colspan="1"><p>UNIVERSIDADE FEDERAL DO PARANA</p></td><td rowspan="1" colspan="1"><p>AVENIDA CORONEL FRANCISCO HERÁCLITO DOS SANTOS, 210, CAMPUS CENTRO POLITÉCNICO, JARDIM DAS AMÉRICAS, CURITIBA/PR</p></td></tr><tr><td rowspan="1" colspan="1"><p>37</p></td><td rowspan="1" colspan="1"><p>202315637</p></td><td rowspan="1" colspan="1"><p>QUÍMICA INDUSTRIAL (Bacharelado)</p></td><td rowspan="1" colspan="1"><p>86 (oitenta e seis)</p></td><td rowspan="1" colspan="1"><p>UNIVERSIDADE FEDERAL DO RIO DE JANEIRO</p></td><td rowspan="1" colspan="1"><p>UNIVERSIDADE FEDERAL DO RIO DE JANEIRO</p></td><td rowspan="1" colspan="1"><p>AVENIDA BRIGADEIRO TROMPOWSKY, S/N, CIDADE UNIVERSITÁRIA, ILHA DO FUNDÃO, RIO DE JANEIRO/RJ&lt;br/&gt;AVENIDA BRIGADEIRO TROMPOWSKY, S/N, CIDADE UNIVERSITÁRIA, ILHA DO FUNDÃO, RIO DE JANEIRO/RJ&lt;br/&gt;</p></td></tr><tr><td rowspan="1" colspan="1"><p>38</p></td><td rowspan="1" colspan="1"><p>202315484</p></td><td rowspan="1" colspan="1"><p>LETRAS - PORTUGUÊS E FRANCÊS (Licenciatura)</p></td><td rowspan="1" colspan="1"><p>25 (vinte e cinco)</p></td><td rowspan="1" colspan="1"><p>UNIVERSIDADE FEDERAL DO RIO GRANDE</p></td><td rowspan="1" colspan="1"><p>UNIVERSIDADE FEDERAL DO RIO GRANDE - FURG</p></td><td rowspan="1" colspan="1"><p>AVENIDA ITÁLIA, S/N, KM 8, CARREIROS, RIO GRANDE/RS</p></td></tr><tr><td rowspan="1" colspan="1"><p>39</p></td><td rowspan="1" colspan="1"><p>202315600</p></td><td rowspan="1" colspan="1"><p>FÍSICA (Bacharelado)</p></td><td rowspan="1" colspan="1"><p>50 (cinquenta)</p></td><td rowspan="1" colspan="1"><p>UNIVERSIDADE FEDERAL DO RIO GRANDE DO NORTE</p></td><td rowspan="1" colspan="1"><p>UNIVERSIDADE FEDERAL DO RIO GRANDE DO NORTE</p></td><td rowspan="1" colspan="1"><p>AVENIDA SENADOR SALGADO FILHO, 3000, CAMPUS UNIVERSITÁRIO, LAGOA NOVA, NATAL/RN&lt;br/&gt;AVENIDA SENADOR SALGADO FILHO, 3000, CAMPUS UNIVERSITÁRIO, LAGOA NOVA, NATAL/RN&lt;br/&gt;</p></td></tr><tr><td rowspan="1" colspan="1"><p>40</p></td><td rowspan="1" colspan="1"><p>202315601</p></td><td rowspan="1" colspan="1"><p>GEOLOGIA (Bacharelado)</p></td><td rowspan="1" colspan="1"><p>30 (trinta)</p></td><td rowspan="1" colspan="1"><p>UNIVERSIDADE FEDERAL DO RIO GRANDE DO NORTE</p></td><td rowspan="1" colspan="1"><p>UNIVERSIDADE FEDERAL DO RIO GRANDE DO NORTE</p></td><td rowspan="1" colspan="1"><p>AVENIDA SENADOR SALGADO FILHO, 3000, CAMPUS UNIVERSITÁRIO, LAGOA NOVA, NATAL/RN</p></td></tr><tr><td rowspan="1" colspan="1"><p>41</p></td><td rowspan="1" colspan="1"><p>202315599</p></td><td rowspan="1" colspan="1"><p>MATEMÁTICA (Bacharelado)</p></td><td rowspan="1" colspan="1"><p>20 (vinte)</p></td><td rowspan="1" colspan="1"><p>UNIVERSIDADE FEDERAL DO RIO GRANDE DO NORTE</p></td><td rowspan="1" colspan="1"><p>UNIVERSIDADE FEDERAL DO RIO GRANDE DO NORTE</p></td><td rowspan="1" colspan="1"><p>AVENIDA SENADOR SALGADO FILHO, 3000, CAMPUS UNIVERSITÁRIO, LAGOA NOVA, NATAL/RN</p></td></tr><tr><td rowspan="1" colspan="1"><p>42</p></td><td rowspan="1" colspan="1"><p>202316974</p></td><td rowspan="1" colspan="1"><p>CIÊNCIAS NATURAIS (Licenciatura)</p></td><td rowspan="1" colspan="1"><p>30 (trinta)</p></td><td rowspan="1" colspan="1"><p>UNIVERSIDADE FEDERAL DO SUL E SUDESTE DO PARÁ</p></td><td rowspan="1" colspan="1"><p>UNIVERSIDADE FEDERAL DO SUL E SUDESTE DO PARA - UNIFESSPA</p></td><td rowspan="1" colspan="1"><p>AV. PAULO FONTELES DE LIMA FILHO, S/N, (ANTIGA AV. DOS IPÊS), CIDADE JARDIM, MARABÁ/PA</p></td></tr><tr><td rowspan="1" colspan="1"><p>43</p></td><td rowspan="1" colspan="1"><p>202315598</p></td><td rowspan="1" colspan="1"><p>PEDAGOGIA (Licenciatura)</p></td><td rowspan="1" colspan="1"><p>90 (noventa)</p></td><td rowspan="1" colspan="1"><p>UNIVERSIDADE FEDERAL DO SUL E SUDESTE DO PARÁ</p></td><td rowspan="1" colspan="1"><p>UNIVERSIDADE FEDERAL DO SUL E SUDESTE DO PARA - UNIFESSPA</p></td><td rowspan="1" colspan="1"><p>FOLHA 31, QUADRA 7, LOTE ESPECIAL S/N, 7, CAMPUS DE MARABÁ - UNIDADE I, NOVA MARABÁ, MARABÁ/PA</p></td></tr><tr><td rowspan="1" colspan="1"><p>44</p></td><td rowspan="1" colspan="1"><p>202315604</p></td><td rowspan="1" colspan="1"><p>QUÍMICA INDUSTRIAL (Bacharelado)</p></td><td rowspan="1" colspan="1"><p>47 (quarenta e sete)</p></td><td rowspan="1" colspan="1"><p>UNIVERSIDADE FEDERAL FLUMINENSE</p></td><td rowspan="1" colspan="1"><p>UNIVERSIDADE FEDERAL FLUMINENSE</p></td><td rowspan="1" colspan="1"><p>ALAMEDA PROF. BARROS TERRA, S/Nº, CAMPUS NITEROI - VALONGUINHO I, CENTRO, NITERÓI/RJ</p></td></tr><tr><td rowspan="1" colspan="1"><p>45</p></td><td rowspan="1" colspan="1"><p>202315607</p></td><td rowspan="1" colspan="1"><p>CIÊNCIAS AGRÍCOLAS (Licenciatura)</p></td><td rowspan="1" colspan="1"><p>70 (setenta)</p></td><td rowspan="1" colspan="1"><p>UNIVERSIDADE FEDERAL RURAL DO RIO DE JANEIRO</p></td><td rowspan="1" colspan="1"><p>UNIVERSIDADE FEDERAL RURAL DO RIO DE JANEIRO</p></td><td rowspan="1" colspan="1"><p>RODOVIA BR 465 - KM 7, S/N, , CAMPUS UNIVERSITÁRIO, SEROPÉDICA/RJ</p></td></tr><tr><td rowspan="1" colspan="1"><p>46</p></td><td rowspan="1" colspan="1"><p>202316554</p></td><td rowspan="1" colspan="1"><p>ARTES VISUAIS (Bacharelado)</p></td><td rowspan="1" colspan="1"><p>90 (noventa)</p></td><td rowspan="1" colspan="1"><p>UNIVERSIDADE FEEVALE</p></td><td rowspan="1" colspan="1"><p>ASSOCIACAO PRO ENSINO SUPERIOR EM NOVO HAMBURGO</p></td><td rowspan="1" colspan="1"><p>AV. DR. MAURICIO CARDOSO, 510, , HAMBURGO VELHO, NOVO HAMBURGO/RS</p></td></tr><tr><td rowspan="1" colspan="1"><p>47</p></td><td rowspan="1" colspan="1"><p>202316913</p></td><td rowspan="1" colspan="1"><p>SEGURANÇA DA INFORMAÇÃO (Tecnológico)</p></td><td rowspan="1" colspan="1"><p>280 (duzentas e oitenta)</p></td><td rowspan="1" colspan="1"><p>UNIVERSIDADE NOVE DE JULHO</p></td><td rowspan="1" colspan="1"><p>ASSOCIACAO EDUCACIONAL NOVE DE JULHO</p></td><td rowspan="1" colspan="1"><p>RUA AMADOR BUENO, 389/491, , SANTO AMARO, SÃO PAULO/SP</p></td></tr><tr><td rowspan="1" colspan="1"><p>48</p></td><td rowspan="1" colspan="1"><p>202315645</p></td><td rowspan="1" colspan="1"><p>SISTEMAS DE INFORMAÇÃO (Bacharelado)</p></td><td rowspan="1" colspan="1"><p>130 (cento e trinta)</p></td><td rowspan="1" colspan="1"><p>UNIVERSIDADE POSITIVO</p></td><td rowspan="1" colspan="1"><p>CENTRO DE ESTUDOS SUPERIORES POSITIVO LTDA</p></td><td rowspan="1" colspan="1"><p>RUA PROFESSOR PEDRO VIRIATO PARIGOT DE SOUZA, 5.300, UNIVERSIDADE POSITIVO - CAMPUS SEDE, CAMPO COMPRIDO, CURITIBA/PR</p></td></tr><tr><td rowspan="1" colspan="1"><p>49</p></td><td rowspan="1" colspan="1"><p>202316268</p></td><td rowspan="1" colspan="1"><p>CIÊNCIA DA COMPUTAÇÃO (Bacharelado)</p></td><td rowspan="1" colspan="1"><p>40 (quarenta)</p></td><td rowspan="1" colspan="1"><p>UNIVERSIDADE REGIONAL INTEGRADA DO ALTO URUGUAI E DAS MISSÕES</p></td><td rowspan="1" colspan="1"><p>FUNDACAO REGIONAL INTEGRADA</p></td><td rowspan="1" colspan="1"><p>AV. BATISTA BONOTTO SOBRINHO, , S/N, CAMPUS DE SANTIAGO, SÃO VICENTE, SANTIAGO/RS</p></td></tr><tr><td rowspan="1" colspan="1"><p>50</p></td><td rowspan="1" colspan="1"><p>202315525</p></td><td rowspan="1" colspan="1"><p>CIÊNCIAS BIOLÓGICAS (Licenciatura)</p></td><td rowspan="1" colspan="1"><p>80 (oitenta)</p></td><td rowspan="1" colspan="1"><p>UNIVERSIDADE SANTA ÚRSULA</p></td><td rowspan="1" colspan="1"><p>ASSOCIACAO UNIVERSITARIA SANTA URSULA</p></td><td rowspan="1" colspan="1"><p>RUA FERNANDO FERRARI, 75, CAMPUS - RIO DE JANEIRO - BOTAFOGO, BOTAFOGO, RIO DE JANEIRO/RJ</p></td></tr><tr><td rowspan="1" colspan="1"><p>51</p></td><td rowspan="1" colspan="1"><p>202316696</p></td><td rowspan="1" colspan="1"><p>PEDAGOGIA (Licenciatura)</p></td><td rowspan="1" colspan="1"><p>30 (trinta)</p></td><td rowspan="1" colspan="1"><p>UNIVERSIDADE VALE DO RIO DOCE</p></td><td rowspan="1" colspan="1"><p>FUNDACAO PERCIVAL FARQUHAR</p></td><td rowspan="1" colspan="1"><p>RUA ISRAEL PINHEIRO, 2000, CAMPUS ANTÔNIO RODRIGUES COELHO, UNIVERSITÁRIO, GOVERNADOR VALADARES/MG</p></td></tr></table>]]></Texto>
  </body>
  <Midias />
</article></xml>