﻿<xml><article id="45720242" name="Despachos SG 1310 1311 1326 1328" idOficio="11316696" pubName="DO1" artType="Despacho" pubDate="01/10/2025" artClass="00033:00059:00018:00000:00000:00000:00000:00000:00000:00000:00024:00000" artCategory="Ministério da Justiça e Segurança Pública/Conselho Administrativo de Defesa Econômica/Superintendência-Geral" artSize="12" artNotes="" numberPage="89" pdfPage="http://pesquisa.in.gov.br/imprensa/jsp/visualiza/index.jsp?data=01/10/2025&amp;jornal=515&amp;pagina=89" editionNumber="187" highlightType="" highlightPriority="" highlight="" highlightimage="" highlightimagename="" idMateria="23162848">
  <body>
    <Identifica><![CDATA[ Despachos da  30 de setembro de 2025]]></Identifica>
    <Data><![CDATA[]]></Data>
    <Ementa />
    <Titulo />
    <SubTitulo />
    <Texto><![CDATA[<p class="identifica">Despachos da 30 de setembro de 2025</p><p>DESPACHO SG Nº 1310/2025</p><p>Ato de Concentração nº 08700.007730/2025-12.</p><p>Requerentes: União Química Farmacêutica Nacional S.A., Monte Parnon Negócios Imobiliários S.A. e Merck Sharp &amp; Dohme Saúde Animal Ltda.</p><p>Advogados: Marcel Medon, Natan Munhoz, Luiz Eduardo Jahic, Camila Monferrari Oliveira, Paulo Casagrande, Francisco Negrão, Caroline Franca e Livea Eguti Hayashi. Decido pela aprovação sem restrições.</p><p>DESPACHO SG Nº 1311/2025</p><p>Ato de Concentração nº 08700.009218/2025-19.</p><p>Requerentes: Apollo Capital Management, L.P., Platinum Ivy B 2018 RSC Limited, Mangrove GermanCo I GmbH, Kelvion Thermal Solutions Holding Gmb, Mangrove LuxCo IV S.à r.l. e TES LuxCo SARL.</p><p>Advogados: Marcel Medon Santos, Natan Munhoz, Paula Camara, Paloma Caetano Almeida e outros. Decido pela aprovação sem restrições.</p><p>DESPACHO SG Nº 1326/2025</p><p>Ato de Concentração nº 08700.008935/2025-15.</p><p>Requerentes: Waters Corporation e Becton, Dickinson and Company.</p><p>Advogados: Barbara Rosenberg, Guilherme Morgulis, Marcela Abras Lorenzetti e Giulia Smith. Decido pela aprovação sem restrições.</p><p>DESPACHO SG Nº 1328/2025</p><p>Ato de Concentração nº 08700.000637/2025-87.</p><p>Requerentes: ANE Águas do Nordeste S.A., Sanurban Saneamento Urbano e Construções S.A. e Alvor Participações Ltda.</p><p>Advogados: Antônio Carlos de Freitas Júnior, Thamires Vieira Pinheiro e Rodrigo de Jesus Genuncio de Carvalho. Decido pelo não conhecimento da operação.</p><p>DESPACHO SG Nº 1329/2025</p><p>Ato de Concentração nº 08700.009118/2025-84.</p><p>Requerentes: B3 S.A. - Brasil, Bolsa, Balcão e Shipay Tecnologia S.A.</p><p>Advogados: Patricia Agra Araújo, João Pedro Marques de Gracia Borges e Laura Silva Oliveira. Decido pela aprovação sem restrições.</p><p class="assina">Alexandre Barreto de Souza</p><p class="cargo">Superintendente-Geral</p>]]></Texto>
  </body>
  <Midias />
</article></xml>