﻿<xml><article id="45725287" name="Acordao 623" idOficio="11317378" pubName="DO1" artType="Acórdão" pubDate="01/10/2025" artClass="00041:00020:00000:00000:00000:00000:00000:00000:00000:00000:00002:00000" artCategory="Ministério de Portos e Aeroportos/Agência Nacional de Transportes Aquaviários" artSize="12" artNotes="" numberPage="202" pdfPage="http://pesquisa.in.gov.br/imprensa/jsp/visualiza/index.jsp?data=01/10/2025&amp;jornal=515&amp;pagina=202" editionNumber="187" highlightType="" highlightPriority="" highlight="" highlightimage="" highlightimagename="" idMateria="23163855">
  <body>
    <Identifica><![CDATA[ ACÓRDÃO Nº 623/2025-ANTAQ]]></Identifica>
    <Data><![CDATA[]]></Data>
    <Ementa />
    <Titulo />
    <SubTitulo />
    <Texto><![CDATA[<p class="identifica">ACÓRDÃO Nº 623/2025-ANTAQ</p><p>1. Processo: 50300.026290/2024-91</p><p>2. Interessado: Vale Indústria e Comércio de Óleo Combustível Ltda.</p><p>3. Relatora: Flávia Takafashi</p><p>4. Unidade Técnica: Superintendência de Regulação (SRG)</p><p>5. Acórdão:</p><p>VISTOS, relatados e discutidos os presentes autos que tratam da solicitação protocolada pela empresa Vale Indústria e Comércio de Óleo Combustível Ltda. com vistas à emissão de um parecer desta Agência Reguladora acerca da possibilidade de revisão dos valores cobrados na tarifa portuária do Porto de Imbituba/SC, especificamente na Tabela de Taxas Complementares,</p><p>ACORDAM os Diretores da Agência Nacional de Transportes Aquaviários, reunidos para a Reunião Ordinária de Diretoria Colegiada de nº 595, ante as razões expostas pela Relatora, em:</p><p>5.1. conhecer da Petição (SEI nº 2421584), protocolada pela empresa Vale Indústria e Comércio de Óleo Combustível Ltda., com o intuito de requerer a emissão de parecer desta Agência Reguladora acerca da possibilidade de revisão dos valores cobrados na tarifa portuária do Porto de Imbituba/SC, especificamente na Tabela de Taxas Complementares;</p><p>5.2. no mérito, informar que os valores cobrados pela SCPar Porto de Imbituba S.A., relativamente aos serviços elencados na Tabela IX - "Complementares" - foram recentemente reavaliados por esta Agência Reguladora no âmbito do Processo nº 50300.002708/2025-55, por meio do Acórdão nº 576-2025-ANTAQ, em que o item "6" da Tabela, relativo ao serviço de cerco ambiental, foi convertido a um valor fixo de R$ 3.875,75 (três mil, oitocentos e setenta e cinco reais e setenta e cinco centavos);</p><p>5.3. esclarecer que compete à Autoridade Portuária estabelecer em regulamento próprio os requisitos de contratação das empresas que realizarão o serviço de cerco ambiental, cabendo à ANTAQ apenas o controle de segunda ordem, caso identificados indícios de irregularidades nos procedimentos adotados pelo Porto, o que não ficou evidenciado nos autos; e</p><p>5.4. cientificar a empresa Vale Indústria e Comércio de Óleo Combustível Ltda. acerca da presente decisão.</p><p>6. Data da Reunião: 22 a 24/09/2025 - Virtual.</p><p>7. Especificação do quórum:</p><p>7.1. Diretores presentes: Frederico Dias (Presidente), Flávia Takafashi (Relatora), Lima Filho, Alber Vasconcelos e Caio Farias.</p><p class="assina">FREDERICO CARVALHO DIAS</p><p class="cargo">Diretor-Geral</p>]]></Texto>
  </body>
  <Midias />
</article></xml>