﻿<xml><article id="45722426" name="PORTARIA STN 2216" idOficio="11317086" pubName="DO1" artType="Portaria" pubDate="01/10/2025" artClass="00028:00039:00000:00000:00000:00000:00000:00000:00000:00000:00054:00000" artCategory="Ministério da Fazenda/Secretaria do Tesouro Nacional" artSize="24" artNotes="" numberPage="75" pdfPage="http://pesquisa.in.gov.br/imprensa/jsp/visualiza/index.jsp?data=01/10/2025&amp;jornal=515&amp;pagina=75" editionNumber="187" highlightType="" highlightPriority="" highlight="" highlightimage="" highlightimagename="" idMateria="23163421">
  <body>
    <Identifica><![CDATA[ PORTARIA STN/MF Nº 2.216, DE 30 DE SETEMBRO DE 2025]]></Identifica>
    <Data><![CDATA[]]></Data>
    <Ementa><![CDATA[Aprova a alteração do Ementário da Natureza de Receita a ser utilizado por Estados, Distrito Federal e Municípios, a partir do exercício de 2025.]]></Ementa>
    <Titulo />
    <SubTitulo />
    <Texto><![CDATA[<p class="identifica">PORTARIA STN/MF Nº 2.216, DE 30 DE SETEMBRO DE 2025</p><p class="ementa">Aprova a alteração do Ementário da Natureza de Receita a ser utilizado por Estados, Distrito Federal e Municípios, a partir do exercício de 2025.</p><p>O SECRETÁRIO DO TESOURO NACIONAL, no uso da atribuição que lhe confere o inciso XXI do art. 35 do Anexo I do Decreto nº 11.907, de 30 de janeiro de 2024, e o § 2º art. 50 da Lei Complementar nº 101, de 4 de maio de 2000, resolve: resolve:</p><p>Art. 1º Fica alterado o Anexo da Portaria nº 831, de 7 de maio de 2021, publicada no Diário Oficial em 10/05/2021, edição 86, seção 1, página 17, que passa a vigorar com a inclusão da classificação da natureza de receita, a seguir:</p><p /><p></p><table><tr /><tr><td rowspan="1" colspan="1"><p>Código</p></td><td rowspan="1" colspan="1"><p>Especificação</p></td></tr><tr><td rowspan="1" colspan="1"><p>...</p></td><td rowspan="1" colspan="1"><p>...</p></td></tr><tr><td rowspan="1" colspan="1"><p>1.7.1.5.53.0.0</p></td><td rowspan="1" colspan="1"><p>Transferências de Recursos do Fundeb destinados à criação de matrículas em ETI</p></td></tr><tr><td rowspan="1" colspan="1"><p>...</p></td><td rowspan="1" colspan="1"><p>...</p></td></tr></table><p>Art. 2º As relações de naturezas de receitas orçamentárias serão disponibilizadas no endereço eletrônico:</p><p>https://www.gov.br/tesouronacional/pt-br/contabilidade-e-custos/federacao/ementario-da-classificacao-por-natureza-de-receita-tabela-de-codigos</p><p>Art. 3º Esta Portaria entra em vigor e aplicam-se seus efeitos a partir da data de sua publicação para uso no exercício de 2025 em diante.</p><p class="assina">ROGÉRIO CERON DE OLIVEIRA</p>]]></Texto>
  </body>
  <Midias />
</article></xml>