﻿<xml><article id="45725366" name="Acordao 635" idOficio="11317378" pubName="DO1" artType="Acórdão" pubDate="01/10/2025" artClass="00041:00020:00000:00000:00000:00000:00000:00000:00000:00000:00002:00000" artCategory="Ministério de Portos e Aeroportos/Agência Nacional de Transportes Aquaviários" artSize="12" artNotes="" numberPage="204" pdfPage="http://pesquisa.in.gov.br/imprensa/jsp/visualiza/index.jsp?data=01/10/2025&amp;jornal=515&amp;pagina=204" editionNumber="187" highlightType="" highlightPriority="" highlight="" highlightimage="" highlightimagename="" idMateria="23163823">
  <body>
    <Identifica><![CDATA[ ACÓRDÃO Nº 635/2025-ANTAQ]]></Identifica>
    <Data><![CDATA[]]></Data>
    <Ementa />
    <Titulo />
    <SubTitulo />
    <Texto><![CDATA[<p class="identifica">ACÓRDÃO Nº 635/2025-ANTAQ</p><p>1. Processo: 50300.021302/2022-29</p><p>2. Interessados: Mancas Indústria e Comércio de Premoldados Eireli e Maersk Brasil Brasmar Ltda.</p><p>3. Relator: Lima Filho</p><p>4. Unidade Técnica: Superintendência de Regulação - SRG</p><p>5. Acórdão:</p><p>VISTOS, relatados e discutidos os presentes autos que tratam da análise do cumprimento da determinação contida no item 5.3. do Acórdão nº 8-2023-ANTAQ, que incumbiu a Superintendência de Regulação - SRG de examinar as alegações da denunciante quanto à suposta abusividade dos valores cobrados a título de sobre-estadia e à eventual necessidade de fixação de preço-teto,</p><p>ACORDAM os Diretores da Agência Nacional de Transportes Aquaviários, reunidos para a Reunião Ordinária de Diretoria Colegiada de nº 595, ante as razões expostas pelo Relator, em:</p><p>5.1. declarar que, no caso concreto examinado, não se verifica a caracterização de imodicidade na cobrança de sobre-estadia, seja sob a ótica da transparência das informações disponibilizadas, seja quanto à observância de bases não discriminatórias, ou ainda em relação ao patamar dos valores praticados, os quais se mostraram compatíveis com os de mercado;</p><p>5.2. ressaltar que a fixação de preço-teto ou a edição de regulamentação específica voltada à apuração de abusividade de valores de sobre-estadia contraria as opções regulatórias já firmadas por esta Agência, bem como o espírito da Resolução-ANTAQ nº 62/2021 e dos precedentes deliberativos da Diretoria Colegiada, que privilegiam a transparência, a previsibilidade e a livre negociação entre as partes;</p><p>5.3. dar por cumprida a determinação contida no item 5.3. do Acórdão nº 8-2023-ANTAQ;</p><p>5.4. cientificar as empresas Mancas Indústria e Comércio de Premoldados Eireli e Maersk Brasil Brasmar Ltda. acerca da presente decisão; e</p><p>5.5. arquivar os presentes autos.</p><p>6. Data da Reunião: 22 a 24/09/2025 - Virtual.</p><p>7. Especificação do quórum:</p><p>7.1. Diretores presentes: Frederico Dias (Presidente), Flávia Takafashi, Lima Filho (Relator), Alber Vasconcelos e Caio Farias.</p><p class="assina">FREDERICO CARVALHO DIAS</p><p class="cargo">Diretor-Geral</p>]]></Texto>
  </body>
  <Midias />
</article></xml>