﻿<xml><article id="45717302" name="PIN 310120251020a24(Extraordinar" idOficio="11316169" pubName="DO1" artType="Pauta" pubDate="01/10/2025" artClass="00028:00015:00003:00004:00001:00000:00000:00000:00000:00000:00053:00000" artCategory="Ministério da Fazenda/Conselho Administrativo de Recursos Fiscais/3ª Seção/1ª Câmara/Turma - Primeira Turma Ordinária da Primeira Câmara da Terceira Seção" artSize="12" artNotes="" numberPage="61" pdfPage="http://pesquisa.in.gov.br/imprensa/jsp/visualiza/index.jsp?data=01/10/2025&amp;jornal=515&amp;pagina=61" editionNumber="187" highlightType="" highlightPriority="" highlight="" highlightimage="" highlightimagename="" idMateria="23161179">
  <body>
    <Identifica><![CDATA[ PAUTA DE JULGAMENTO]]></Identifica>
    <Data><![CDATA[]]></Data>
    <Ementa />
    <Titulo />
    <SubTitulo />
    <Texto><![CDATA[<p class="identifica">PAUTA DE JULGAMENTO</p><p>Período da Reunião de 20 a 24/10/2025</p><p>Pauta extraordinária de julgamento dos recursos da 1ª Turma Ordinária da 1ª Câmara da 3ª Seção, em reunião assíncrona, realizada por meio do Plenário Virtual, com duração de 5 (cinco) dias, tendo início às 9h do dia 20/10/2025 e fim às 23h59min do dia 24/10/2025.</p><p>OBSERVAÇÕES:</p><p>1) Arquivos de sustentação oral e memoriais devem ser postados até cinco dias após a publicação da pauta;</p><p>2) Pedidos de retirada de pauta devem ser enviados até cinco dias após a publicação da pauta;</p><p>3) Serão desconsiderados a sustentação oral e o memorial cujos arquivos transmitidos não atendam à duração e aos requisitos previstos, respectivamente, no art. 11, e no art. 12 da Portaria CARF/MF nº 1.240, de 2 de agosto de 2024; e</p><p>4) A publicidade da reunião será garantida por meio do Sistema de Acompanhamento do Plenário Virtual - SAPVI, com acesso pelo endereço https://sapvi.carf.economia.gov.br/home</p><p>DIA 20 de Outubro de 2025, ÀS 09:00 HORAS</p><p>Relator(a): LAURA BAPTISTA BORGES</p><p>1 - Processo nº: 10830.907599/2012-37 - Recorrente: FMC QUIMICA DO BRASIL LTDA. e Interessado: FAZENDA NACIONAL</p><p>2 - Processo nº: 10830.907600/2012-23 - Recorrente: FMC QUIMICA DO BRASIL LTDA. e Interessado: FAZENDA NACIONAL</p><p>3 - Processo nº: 10830.907601/2012-78 - Recorrente: FMC QUIMICA DO BRASIL LTDA. e Interessado: FAZENDA NACIONAL</p><p>4 - Processo nº: 10830.907602/2012-12 - Recorrente: FMC QUIMICA DO BRASIL LTDA. e Interessado: FAZENDA NACIONAL</p><p>5 - Processo nº: 10830.907611/2012-11 - Recorrente: FMC QUIMICA DO BRASIL LTDA. e Interessado: FAZENDA NACIONAL</p><p>6 - Processo nº: 10830.907612/2012-58 - Recorrente: FMC QUIMICA DO BRASIL LTDA. e Interessado: FAZENDA NACIONAL</p><p>7 - Processo nº: 10830.907613/2012-01 - Recorrente: FMC QUIMICA DO BRASIL LTDA. e Interessado: FAZENDA NACIONAL</p><p>8 - Processo nº: 10830.907614/2012-47 - Recorrente: FMC QUIMICA DO BRASIL LTDA. e Interessado: FAZENDA NACIONAL</p><p>9 - Processo nº: 10830.907615/2012-91 - Recorrente: FMC QUIMICA DO BRASIL LTDA. e Interessado: FAZENDA NACIONAL</p><p>10 - Processo nº: 10830.907616/2012-36 - Recorrente: FMC QUIMICA DO BRASIL LTDA. e Interessado: FAZENDA NACIONAL</p><p>11 - Processo nº: 10830.907617/2012-81 - Recorrente: FMC QUIMICA DO BRASIL LTDA. e Interessado: FAZENDA NACIONAL</p><p>12 - Processo nº: 10830.907618/2012-25 - Recorrente: FMC QUIMICA DO BRASIL LTDA. e Interessado: FAZENDA NACIONAL</p><p>13 - Processo nº: 10830.907621/2012-49 - Recorrente: FMC QUIMICA DO BRASIL LTDA. e Interessado: FAZENDA NACIONAL</p><p>Relator(a): LUCIANA FERREIRA BRAGA</p><p>14 - Processo nº: 18088.720105/2013-54 - Recorrente: LET'S RENT A CAR S/A e Interessado: FAZENDA NACIONAL</p><p>15 - Processo nº: 18088.720604/2012-61 - Recorrente: LET'S RENT A CAR S/A e Interessado: FAZENDA NACIONAL</p><p>16 - Processo nº: 10860.720783/2011-36 - Recorrente: LG ELECTRONICS DO BRASIL LTDA e Interessado: FAZENDA NACIONAL</p><p>17 - Processo nº: 10860.720877/2011-13 - Recorrente: LG ELECTRONICS DO BRASIL LTDA e Interessado: FAZENDA NACIONAL</p><p>Relator(a): SABRINA COUTINHO BARBOSA</p><p>18 - Processo nº: 16327.001889/2005-12 - Recorrente: BANCO CREFISA S.A. e Interessado: FAZENDA NACIONAL</p><p>19 - Processo nº: 15578.720001/2013-30 - Recorrente: BANESTES DISTRIBUIDORA DE TITULOS E VALORES MOBILIARIOS S.A. e Interessado: FAZENDA NACIONAL</p><p>20 - Processo nº: 10640.900643/2013-04 - Recorrente: GODIVA ALIMENTOS LTDA e Interessado: FAZENDA NACIONAL</p><p>21 - Processo nº: 10640.900395/2014-74 - Recorrente: GODIVA ALIMENTOS LTDA e Interessado: FAZENDA NACIONAL</p><p>22 - Processo nº: 10640.900296/2013-10 - Recorrente: GODIVA ALIMENTOS LTDA e Interessado: FAZENDA NACIONAL</p><p>23 - Processo nº: 10640.900396/2014-19 - Recorrente: GODIVA ALIMENTOS LTDA e Interessado: FAZENDA NACIONAL</p><p>24 - Processo nº: 19515.722400/2012-40 - Recorrente: KOSMOS COMERCIO DE VESTUARIO S/A - EM RECUPERACAO JUDICIAL e Interessado: FAZENDA NACIONAL</p><p>25 - Processo nº: 15983.720210/2011-30 - Recorrente: SUMATRA - COMERCIO EXTERIOR LTDA e Interessado: FAZENDA NACIONAL</p><p class="assina">Gilson Macedo Rosenburg Filho</p><p class="cargo">Presidente da 1ª Turma Ordinária da 1ª Câmara da 3ª Seção do CARF</p>]]></Texto>
  </body>
  <Midias />
</article></xml>