﻿<xml><article id="45717467" name="RO 3050 - Alienacao Compulsoria " idOficio="11316208" pubName="DO1" artType="Resolução" pubDate="01/10/2025" artClass="00047:00047:00000:00000:00000:00000:00000:00000:00000:00000:00064:00000" artCategory="Ministério da Saúde/Agência Nacional de Saúde Suplementar" artSize="12" artNotes="" numberPage="219" pdfPage="http://pesquisa.in.gov.br/imprensa/jsp/visualiza/index.jsp?data=01/10/2025&amp;jornal=515&amp;pagina=219" editionNumber="187" highlightType="" highlightPriority="" highlight="" highlightimage="" highlightimagename="" idMateria="23161242">
  <body>
    <Identifica><![CDATA[ RESOLUÇÃO OPERACIONAL ANS Nº 3.050, DE 30 DE SETEMBRO DE 2025]]></Identifica>
    <Data><![CDATA[]]></Data>
    <Ementa><![CDATA[ Dispõe sobre a suspensão da alienação da carteira da MEDHEALTH PLANOS DE SAÚDE LTDA.]]></Ementa>
    <Titulo />
    <SubTitulo />
    <Texto><![CDATA[<p class="identifica">RESOLUÇÃO OPERACIONAL ANS Nº 3.050, DE 30 DE SETEMBRO DE 2025</p><p class="ementa">Dispõe sobre a suspensão da alienação da carteira da MEDHEALTH PLANOS DE SAÚDE LTDA.</p><p>A Diretoria Colegiada da Agência Nacional de Saúde Suplementar (ANS), no uso das atribuições que lhe conferem o art. 70 do Regimento Interno, instituído pela Resolução Regimental (RR) nº 21, de 2022, na forma do disposto no art. 24 da Lei nº 9.656, de 1998, alterada pela Medida Provisória nº 2.177-44, de 2001, adotou a seguinte Resolução Operacional (RO) e eu, Diretor-Presidente, determino a sua publicação:</p><p>Art. 1º Tendo em vista decisão proferida pelo Juízo da 1ª Vara Federal de Curitiba, conforme mandado de segurança nº 5050786-86.2025.4.04.7000/PR impetrado por Medhealth Planos de Saúde Ltda, Registro ANS nº 42.136-7, CNPJ nº 28.310.835/0001-67, ficam suspensos os efeitos da Resolução Operacional (RO) nº 3.032, publicada em 7 de agosto de 2025 no Diário Oficial da União, que determinou a alienação compulsória da carteira de beneficiários da operadora e a suspensão da comercialização dos seus planos ou produtos.</p><p class="assina">WADIH NEMER DAMOUS FILHO</p><p class="cargo">Diretor-Presidente</p>]]></Texto>
  </body>
  <Midias />
</article></xml>