﻿<xml><article id="45720185" name="2025-09-30/11316722/ANMWS_231626" idOficio="11316722" pubName="DO1" artType="Despacho" pubDate="01/10/2025" artClass="00035:00044:00017:00000:00000:00000:00000:00000:00000:00000:00024:00125" artCategory="Ministério de Minas e Energia/Agência Nacional de Mineração/Gerência Regional da ANM no Estado de Alagoas" artSize="12" artNotes="" numberPage="97" pdfPage="http://pesquisa.in.gov.br/imprensa/jsp/visualiza/index.jsp?data=01/10/2025&amp;jornal=515&amp;pagina=97" editionNumber="187" highlightType="" highlightPriority="" highlight="" highlightimage="" highlightimagename="" idMateria="23162614">
  <body>
    <Identifica><![CDATA[Despacho]]></Identifica>
    <Data><![CDATA[]]></Data>
    <Ementa />
    <Titulo />
    <SubTitulo />
    <Texto><![CDATA[<p class="identifica">Despacho</p><p class="identifica">Relação nº 125/2025</p><p>Fase de Autorização de Pesquisa</p><p>Autoriza transformação do regime de Autorização de Pesquisa para Licenciamento(1823)</p><p>844.044/2023-HAROLDO PACHECO NUNES LTDA</p><p>Fase de Requerimento de Licenciamento</p><p>Indefere requerimento de Licenciamento - área onerada(2095)</p><p>844.077/2017-DANIEL NOGUEIRA DE ALBUQUERQUE SARMENTO</p><p class="assina">FERNANDO JOSE DA COSTA BISPO</p><p class="cargo">Gerente</p>]]></Texto>
  </body>
  <Midias />
</article></xml>