﻿<xml><article id="45725157" name="INST NORMATIVA SPA MF 22 DE 30.0" idOficio="11317373" pubName="DO1" artType="Instrução Normativa" pubDate="01/10/2025" artClass="00028:00037:00000:00000:00000:00000:00000:00000:00000:00000:00037:00000" artCategory="Ministério da Fazenda/Secretaria de Prêmios e Apostas" artSize="12" artNotes="" numberPage="74" pdfPage="http://pesquisa.in.gov.br/imprensa/jsp/visualiza/index.jsp?data=01/10/2025&amp;jornal=515&amp;pagina=74" editionNumber="187" highlightType="" highlightPriority="" highlight="" highlightimage="" highlightimagename="" idMateria="23163814">
  <body>
    <Identifica><![CDATA[ INSTRUÇÃO NORMATIVA SPA /MF Nº 22, DE 30 DE SETEMBRO DE 2025]]></Identifica>
    <Data><![CDATA[]]></Data>
    <Ementa><![CDATA[ Dispõe sobre os procedimentos a serem observados pelos agentes operadores de apostas de quota fixa para impedir o cadastro ou o uso dos sistemas de apostas por pessoas beneficiárias do Programa Bolsa Família e do Benefício de Prestação Continuada, nos termos do art. 8º, inciso VIII, da Portaria SPA/MF nº 1.231, de 31 de julho de 2024.]]></Ementa>
    <Titulo />
    <SubTitulo />
    <Texto><![CDATA[<p class="identifica">INSTRUÇÃO NORMATIVA SPA /MF Nº 22, DE 30 DE SETEMBRO DE 2025</p><p class="ementa">Dispõe sobre os procedimentos a serem observados pelos agentes operadores de apostas de quota fixa para impedir o cadastro ou o uso dos sistemas de apostas por pessoas beneficiárias do Programa Bolsa Família e do Benefício de Prestação Continuada, nos termos do art. 8º, inciso VIII, da Portaria SPA/MF nº 1.231, de 31 de julho de 2024.</p><p>O SECRETÁRIO DE PRÊMIOS E APOSTAS DO MINISTÉRIO DA FAZENDA, no uso das atribuições que lhe confere o art. 55, caput, inciso I, alínea "d", do Anexo l do Decreto nº 11.907, de 30 de janeiro de 2024, e tendo em vista o disposto no art. 8º, inciso VIII, da Portaria SPA/MF nº 1.231, de 31 de julho de 2024, e no art. 2º da Portaria SPA/MF nº 2.217, de 30 de setembro de 2025, resolve:</p><p>Art. 1º Esta Instrução Normativa dispõe sobre os procedimentos a serem observados pelos agentes operadores de apostas de quota fixa para impedir o cadastro ou o uso dos sistemas de apostas por pessoas beneficiárias do Programa Bolsa Família, de que trata a Lei nº 14.601, de 19 de junho de 2023, e do Benefício de Prestação Continuada, de que trata a Lei nº 8.742, de 7 de dezembro de 1993, nos termos do art. 8º, inciso VIII, da Portaria SPA/MF nº 1.231, de 31 de julho de 2024.</p><p>Art. 2º Os agentes operadores de apostas devem, sem prejuízo de outras medidas que entenderem cabíveis, realizar consultas ao Sistema de Gestão de Apostas - SIGAP para verificar se o usuário consta da base de dados de pessoa beneficiária do Programa Bolsa Família e do Benefício de Prestação Continuada.</p><p>Art. 3º As consultas ao Sistema de Gestão de Apostas - SIGAP devem ser realizadas conforme as regras constantes do Manual do Módulo de Impedidos, divulgado no endereço eletrônico https://www.gov.br/fazenda/pt-br/composicao/orgaos/secretaria-de-premios-e-apostas/sistema-de-gestao-de-apostas-sigap ou em outro endereço divulgado pela Secretaria de Prêmios de Apostas.</p><p>Art. 4º As consultas ao Sistema de Gestão de Apostas - SIGAP devem ser realizadas pelos agentes operadores de apostas, de forma obrigatória, quando o usuário praticar uma das seguintes ações no sistema de apostas:</p><p>I - abertura de cadastro; e</p><p>II - efetivação do primeiro login do dia.</p><p>Parágrafo único. Além das consultas previstas no caput, os agentes operadores de apostas deverão realizar consultas ao Sistema de Gestão de Apostas - SIGAP, a cada quinze dias, no mínimo, de todos os usuários cadastrados em seus sistemas de apostas, com o objetivo de identificar aqueles que eventualmente tenham ingressado na base de dados de pessoa beneficiária dos programas sociais de que trata esta Instrução Normativa.</p><p>Art. 5º A consulta ao Sistema de Gestão de Apostas - SIGAP deve ser realizada pelo número do Cadastro de Pessoas Físicas - CPF do usuário.</p><p>Parágrafo único. O SIGAP retornará a consulta com a seguinte informação para o agente operador de apostas:</p><p>I - "Impedido - Programa Social", quando o número do Cadastro de Pessoas Físicas - CPF constar da base de dados do Módulo de Impedidos como de titularidade de pessoa beneficiária de pelo menos um dos programas sociais, sem especificá-lo; ou</p><p>II - "Não Impedido", quando o número do Cadastro de Pessoas Físicas - CPF não constar da base de dados do Módulo de Impedidos.</p><p>Art. 6º A solicitação de abertura de cadastro no sistema de apostas deve ser negada quando a consulta ao SIGAP retornar a informação "Impedido - Programa Social".</p><p>Art. 7º Na efetivação do primeiro login do dia no sistema de apostas, quando a consulta retornar a informação "Impedido - Programa Social", o agente operador de apostas deve encerrar a conta no prazo de até três dias, contado da data da consulta.</p><p>§ 1º Antes de efetuar o encerramento da conta do usuário, o agente operador de apostas deve comunicá-lo o motivo, por meio de correio eletrônico (e-mail), aplicativos de mensagens, Short Message Service - SMS ou outros meios disponíveis, no prazo máximo de um dia, contado da data da consulta.</p><p>§ 2º A comunicação de que trata o § 1º deve informar ao usuário a possibilidade de retirada voluntária dos recursos de sua titularidade existentes na conta, no prazo de dois dias.</p><p>§ 3º Caso o usuário não realize a retirada voluntária dos recursos de sua titularidade existentes na conta, o agente operador de apostas efetuará a devolução na forma do art. 8º.</p><p>§ 4º O agente operador de apostas deverá documentar todas as comunicações realizadas com o usuário, com registro de data, hora, canal utilizado e conteúdo da mensagem, e armazenar essas informações pelo prazo mínimo de cinco anos.</p><p>Art. 8º Caso o usuário identificado como pessoa beneficiária dos programas sociais de que trata esta Instrução Normativa não tenha realizado a retirada dos recursos existentes em sua conta, o agente operador de apostas deve, após o encerramento da conta na forma do art. 7º, realizar a devolução, no prazo de dois dias, por meio da remessa dos recursos para uma das contas de depósito ou de pagamento cadastradas no sistema de apostas e mantidas em instituição financeira ou de pagamento autorizada pelo Banco Central do Brasil.</p><p>§ 1º No caso de inviabilidade de remessa dos recursos na forma do caput, inclusive em razão de problemas envolvendo a conta de depósito ou de pagamento do usuário, impossibilidade de contato com ele ou sua recusa em indicar conta de depósito ou de pagamento, o agente operador de apostas deve:</p><p>I - manter os registros contábeis dos recursos mencionados no caput; e</p><p>II - envidar esforços para contatar os usuários na forma do art. 7º, § 1º, para que eles indiquem conta de depósito ou de pagamento de sua titularidade em instituição autorizada pelo Banco Central do Brasil, por meio da qual poderá receber os recursos de sua titularidade.</p><p>§ 2º Os recursos não devolvidos aos usuários na forma do caput e do § 1º no prazo de cento e oitenta dias contados da data da comunicação de que trata o art. 7º, § 2º, deverão ser revertidos para o Fundo de Financiamento Estudantil - Fies e o Fundo Nacional para Calamidades Públicas, Proteção e Defesa Civil - Funcap, na forma do art. 32, § 1º, da Lei nº 14.790, de 29 de dezembro de 2023.</p><p>Art. 9º Identificado o usuário como pessoa beneficiária dos programas sociais de que trata esta Instrução Normativa tenha apostas em aberto, o agente operador de apostas deve cancelá-las e realizar a devolução integral dos recursos na forma do art. 8º, caso o usuário não tenha efetuado a retirada voluntária de que trata o art. 7º, § 2º.</p><p>Art. 10. Os procedimentos previstos nos arts. 7º, 8º e 9º deverão ser aplicados quando a informação "Impedido - Programa Social" for identificada nas consultas periódicas de que trata o parágrafo único do art. 4º.</p><p>Art. 11. O impedimento à utilização do sistema de apostas aplica-se exclusivamente enquanto o número do Cadastro de Pessoas Físicas - CPF do usuário constar na base de dados do Módulo de Impedidos do Sistema de Gestão de Apostas - SIGAP.</p><p>Parágrafo único. O agente operador de apostas poderá readmitir no sistema de apostas, mediante a realização de novo cadastro, o usuário cujo número do Cadastro de Pessoas Físicas - CPF deixar constar da base de dados do Módulo de Impedidos de que trata esta Instrução Normativa, desde que não haja outro impedimento legal.</p><p>Art. 12. É vedado ao agente operador de apostas realizar qualquer comunicação ativa, publicidade dirigida ou notificação direta ao usuário a fim de informá-lo sobre a possibilidade de readmissão no sistema de apostas após a exclusão do seu número de Cadastro de Pessoas Físicas - CPF da base de dados de pessoa beneficiária dos programas sociais de que trata esta Instrução Normativa.</p><p>Art. 13. É vedada a realização de consultas ou o tratamento dos dados do Módulo de Impedidos do Sistema de Gestão de Apostas - SIGAP para finalidade diversa desta Instrução Normativa e de outras normas editadas pela Secretaria de Prêmios e Apostas.</p><p>Art. 14. Os agentes operadores de apostas devem informar por meio do Sistema de Gestão de Apostas - SIGAP, com o status de "Exclusão - Programas Sociais", o número do Cadastro de Pessoas Físicas - CPF dos usuários impedidos de se cadastrar ou usar os sistemas de apostas, na forma do modelo divulgado no endereço eletrônico https://www.gov.br/fazenda/pt-br/composicao/orgaos/secretaria-de-premios-e-apostas/sistema-de-gestao-de-apostas-sigap, no prazo máximo de trinta dias, após atualização do modelo de dados com a inclusão desta funcionalidade, que será comunicada pela Secretaria de Prêmios e Apostas do Ministério da Fazenda.</p><p>Parágrafo único. Enquanto houver na conta transacional recursos do usuário identificado como pessoa beneficiária dos programas sociais de que trata esta Instrução Normativa, o agente operador de apostas deverá manter o status "Exclusão - Programas Sociais" registrado no Sistema de Gestão de Apostas - SIGAP, e informar à Secretaria de Prêmios e Apostas, na forma do caput.</p><p>Art. 15. Os agentes operadores de apostas devem implementar os procedimentos previstos nesta Instrução Normativa no prazo de até trinta dias, contado de sua publicação.</p><p>Art. 16. No prazo de até quarenta e cinco dias contados da data de entrada em vigor desta Instrução Normativa, os agentes operadores de apostas devem realizar consulta ao Módulo de Impedidos do Sistema de Gestão de Apostas - SIGAP de todos os números de Cadastro de Pessoas Físicas - CPF cadastrados em seus sistemas de apostas, para verificar se algum usuário consta na base de dados de pessoa beneficiária dos programas sociais de que trata esta Instrução Normativa.</p><p>Parágrafo único. Caso a consulta retorne a informação "Impedido - Programa Social", o agente operador de apostas deverá encerrar a conta do usuário, na forma do art. 7º.</p><p>Art. 17. O descumprimento dos deveres previstos nesta Instrução Normativa acarretará a aplicação da Portaria SPA/MF nº 1.225, de 31 de julho de 2024, e da Portaria SPA/MF nº 1.233, de 31 de julho de 2024, no que couber, nos termos dos arts. 41 e 42 da Lei nº 14.790, de 29 de dezembro de 2023.</p><p>Art. 18. Esta Instrução Normativa entra em vigor na data de sua publicação.</p><p class="assina">REGIS ANDERSON DUDENA</p>]]></Texto>
  </body>
  <Midias />
</article></xml>