﻿<xml><article id="45718289" name="2025-09-30/11316352/ANMWS_231614" idOficio="11316352" pubName="DO1" artType="Despacho" pubDate="01/10/2025" artClass="00035:00044:00036:00000:00000:00000:00000:00000:00000:00000:00024:00040" artCategory="Ministério de Minas e Energia/Agência Nacional de Mineração/Gerência Regional da ANM no Estado do Piauí" artSize="12" artNotes="" numberPage="103" pdfPage="http://pesquisa.in.gov.br/imprensa/jsp/visualiza/index.jsp?data=01/10/2025&amp;jornal=515&amp;pagina=103" editionNumber="187" highlightType="" highlightPriority="" highlight="" highlightimage="" highlightimagename="" idMateria="23161462">
  <body>
    <Identifica><![CDATA[Despacho]]></Identifica>
    <Data><![CDATA[]]></Data>
    <Ementa />
    <Titulo />
    <SubTitulo />
    <Texto><![CDATA[<p class="identifica">Despacho</p><p class="identifica">Relação nº 40/2025</p><p>Fase de Autorização de Pesquisa</p><p>Concede anuência e autoriza averbação da cessão total de direitos(281)</p><p>803.036/2022-TATIANA BARBOSA DE SOUZA LIBARDI- Cessionário:Mars Gmn Brazil Ltda.- CPF ou CNPJ 49.071.642/0001-70- Alvará n°6401/2022</p><p>803.035/2022-TATIANA BARBOSA DE SOUZA LIBARDI- Cessionário:Mars Gmn Brazil Ltda.- CPF ou CNPJ 49.071.642/0001-70- Alvará n°7905/2022</p><p>803.002/2024-CMN CENTRAL MINERAL DO NORDESTE LTDA- Cessionário:Lion Norte Mineradora S.A.- CPF ou CNPJ 57.111.520/0001-99- Alvará n°1240/2024</p><p>803.001/2024-CMN CENTRAL MINERAL DO NORDESTE LTDA- Cessionário:Lion Norte Mineradora S.A.- CPF ou CNPJ 57.111.520/0001-99- Alvará n°1244/2024</p><p>803.003/2024-CMN CENTRAL MINERAL DO NORDESTE LTDA- Cessionário:Lion Norte Mineradora S.A.- CPF ou CNPJ 57.111.520/0001-99- Alvará n°4909/2024</p><p>803.005/2024-CMN CENTRAL MINERAL DO NORDESTE LTDA- Cessionário:Lion Norte Mineradora S.A.- CPF ou CNPJ 57.111.520/0001-99- Alvará n°4911/2024</p><p>803.004/2024-CMN CENTRAL MINERAL DO NORDESTE LTDA- Cessionário:Lion Norte Mineradora S.A.- CPF ou CNPJ 57.111.520/0001-99- Alvará n°4910/2024</p><p>803.007/2024-CMN CENTRAL MINERAL DO NORDESTE LTDA- Cessionário:Lion Norte Mineradora S.A.- CPF ou CNPJ 57.111.520/0001-99- Alvará n°4912/2024</p><p>803.008/2024-CMN CENTRAL MINERAL DO NORDESTE LTDA- Cessionário:Lion Norte Mineradora S.A.- CPF ou CNPJ 57.111.520/0001-99- Alvará n°4913/2024</p><p>803.009/2024-CMN CENTRAL MINERAL DO NORDESTE LTDA- Cessionário:Lion Norte Mineradora S.A.- CPF ou CNPJ 57.111.520/0001-99- Alvará n°1241/2024</p><p>803.010/2024-CMN CENTRAL MINERAL DO NORDESTE LTDA- Cessionário:Lion Norte Mineradora S.A.- CPF ou CNPJ 57.111.520/0001-99- Alvará n°1242/2024</p><p>803.011/2024-CMN CENTRAL MINERAL DO NORDESTE LTDA- Cessionário:Lion Norte Mineradora S.A.- CPF ou CNPJ 57.111.520/0001-99- Alvará n°4914/2024</p><p>803.012/2024-CMN CENTRAL MINERAL DO NORDESTE LTDA- Cessionário:Lion Norte Mineradora S.A.- CPF ou CNPJ 57.111.520/0001-99- Alvará n°7541/2024</p><p>803.013/2024-CMN CENTRAL MINERAL DO NORDESTE LTDA- Cessionário:Lion Norte Mineradora S.A.- CPF ou CNPJ 57.111.520/0001-99- Alvará n°4915/2024</p><p>803.014/2024-CMN CENTRAL MINERAL DO NORDESTE LTDA- Cessionário:Lion Norte Mineradora S.A.- CPF ou CNPJ 57.111.520/0001-99- Alvará n°4916/2024</p><p>803.015/2024-CMN CENTRAL MINERAL DO NORDESTE LTDA- Cessionário:Lion Norte Mineradora S.A.- CPF ou CNPJ 57.111.520/0001-99- Alvará n°4917/2024</p><p>Determina cumprimento de exigência - Prazo 60 dias(250)</p><p>803.075/2023-DELTA MINERACAO E EXPORTACAO LTDA-OF. N°27953/2025/GER-PI/ANM</p><p>803.076/2023-DELTA MINERACAO E EXPORTACAO LTDA-OF. N°27958/2025/GER-PI/ANM</p><p>Prorroga por 03 (três) anos o prazo de validade da autorização de pesquisa(326)</p><p>803.039/2021-DEUSINO LUSTOSA FONSECA-ALVARÁ N°2539/2021</p><p>Fase de Concessão de Lavra</p><p>Determina cumprimento de exigência - Prazo 60 dias(470)</p><p>803.424/2013-AGUA MINERAL SERRA DA CAPIVARA LTDA-OF. N°35172/2025/GER-PI/ANM</p><p>Fase de Licenciamento</p><p>Autoriza averbação da Prorrogação do Registro de Licença(742)</p><p>803.140/2017-AGRESTE MINERAÇÃO INDÚSTRIA E COMÉRCIO LTDA- Registro de Licença N° 35/2017 - Vencimento em 09/04/2023</p><p>Fase de Requerimento de Licenciamento</p><p>Indefere requerimento de Licenciamento- área sem oneração(2096)</p><p>803.192/2025-MINERACON CONSTRUCOES E MINERACAO LTDA</p><p>Determina o cumprimento de exigência - Prazo 30 dias(1155)</p><p>Processo nº: 803.335/2024</p><p>Titular: AGRICOLA PECUARIA E INDUSTRIAL LTDA</p><p>Ofício nº: 30430/2025/GER-PI/ANM</p><p>Processo nº: 803.335/2024</p><p>Titular: AGRICOLA PECUARIA E INDUSTRIAL LTDA</p><p>Ofício nº: 30434/2025/GER-PI/ANM</p><p>Fase de Requerimento de Pesquisa</p><p>Determina cumprimento de exigência - Prazo 60 dias(131)</p><p>803.235/2025-FRANCISCO DAS CHAGAS BORGES CUNHA-OF. N°33979/2025/CAREAS-PI/ANM</p><p>803.233/2025-ERALDO DELLA VEDOVA DE ARAJO-OF. N°33977/2025/CAREAS-PI/ANM</p><p>803.146/2025-LUIS RODRIGUES FILHO-OF. N°34446/2025/CAREAS-PI/ANM</p><p>803.129/2023-BRENORTE EMPREENDIMENTOS LTDA EPP-OF. N°20395/2025/CAREAS-PI/ANM</p><p>803.271/2025-CARISVALDO ALMEIDA BOMFIM-OF. N°36197/2025/CAREAS-PI/ANM</p><p class="assina">ANTONIO SANZIO AVILA CAVALCANTE</p><p class="cargo">Gerente</p>]]></Texto>
  </body>
  <Midias />
</article></xml>