﻿<xml><article id="45719873" name="2025-09-30/11316659/ANMWS_231620" idOficio="11316659" pubName="DO1" artType="Despacho" pubDate="01/10/2025" artClass="00035:00044:00023:00000:00000:00000:00000:00000:00000:00000:00024:00181" artCategory="Ministério de Minas e Energia/Agência Nacional de Mineração/Gerência Regional da ANM no Estado de Pernambuco" artSize="12" artNotes="" numberPage="100" pdfPage="http://pesquisa.in.gov.br/imprensa/jsp/visualiza/index.jsp?data=01/10/2025&amp;jornal=515&amp;pagina=100" editionNumber="187" highlightType="" highlightPriority="" highlight="" highlightimage="" highlightimagename="" idMateria="23162020">
  <body>
    <Identifica><![CDATA[Despacho]]></Identifica>
    <Data><![CDATA[]]></Data>
    <Ementa />
    <Titulo />
    <SubTitulo />
    <Texto><![CDATA[<p class="identifica">Despacho</p><p class="identifica">Relação nº 181/2025</p><p>Fase de Licenciamento</p><p>Indefere pedido de prorrogação do Registro de Licença(744)</p><p>840.195/2021-RIBEIRO ADMINISTRACAO DE PARTICIPACOES E EMPREENDIMENTOS - EIRELI</p><p class="assina">WERTHER LARRAZABAL DA SILVA JÚNIOR</p><p class="cargo">Gerente</p>]]></Texto>
  </body>
  <Midias />
</article></xml>