﻿<xml><article id="45722303" name="Portaria 69 - incorporar o sunit" idOficio="11317051" pubName="DO1" artType="Portaria" pubDate="01/10/2025" artClass="00047:00039:00000:00000:00000:00000:00000:00000:00000:00000:00054:00000" artCategory="Ministério da Saúde/Secretaria de Ciência, Tecnologia e Inovação e do Complexo Econômico-Industrial da Saúde" artSize="12" artNotes="" numberPage="219" pdfPage="http://pesquisa.in.gov.br/imprensa/jsp/visualiza/index.jsp?data=01/10/2025&amp;jornal=515&amp;pagina=219" editionNumber="187" highlightType="" highlightPriority="" highlight="" highlightimage="" highlightimagename="" idMateria="23163398">
  <body>
    <Identifica><![CDATA[ PORTARIA SECTICS/MS Nº 69, DE 30 DE SETEMBRO DE 2025]]></Identifica>
    <Data><![CDATA[]]></Data>
    <Ementa><![CDATA[ Torna pública a decisão de incorporar, no âmbito do Sistema Único de Saúde - SUS, o sunitinibe para o tratamento de indivíduos com tumor do estroma gastrointestinal avançado ou metastático, após falha ao imatinibe, conforme Protocolo Clínico do Ministério da Saúde. ]]></Ementa>
    <Titulo />
    <SubTitulo />
    <Texto><![CDATA[<p class="identifica">PORTARIA SECTICS/MS Nº 69, DE 30 DE SETEMBRO DE 2025</p><p class="ementa">Torna pública a decisão de incorporar, no âmbito do Sistema Único de Saúde - SUS, o sunitinibe para o tratamento de indivíduos com tumor do estroma gastrointestinal avançado ou metastático, após falha ao imatinibe, conforme Protocolo Clínico do Ministério da Saúde.</p><p>Ref.: 25000.043539/2025-41.</p><p>A SECRETÁRIA DE CIÊNCIA, TECNOLOGIA E INOVAÇÃO E DO COMPLEXO ECONÔMICO-INDUSTRIAL DA SAÚDE DO MINISTÉRIO DA SAÚDE, no uso das atribuições que lhe conferem a alínea "c" do inciso I do art. 32 do Decreto nº 11.798, de 28 de novembro de 2023, e tendo em vista o disposto nos arts. 20 e 23 do Decreto nº 7.646, de 21 de dezembro de 2011, resolve:</p><p>Art. 1º Incorporar, no âmbito do Sistema Único de Saúde - SUS, o sunitinibe para o tratamento de indivíduos com tumor do estroma gastrointestinal avançado ou metastático, após falha ao imatinibe, conforme Protocolo Clínico do Ministério da Saúde.</p><p>Art. 2º Conforme determina o art. 25 do Decreto nº 7.646, 21 de dezembro de 2011, as áreas técnicas terão o prazo máximo de 180 (cento e oitenta) dias para efetivar a oferta no SUS.</p><p>Art. 3º O relatório de recomendação da Comissão Nacional de Incorporação de Tecnologias no Sistema Único de Saúde - Conitec sobre essa tecnologia estará disponível no endereço eletrônico: https://www.gov.br/conitec/pt-br.</p><p>Art. 4º Esta Portaria entra em vigor na data de sua publicação.</p><p class="assina">FERNANDA DE NEGRI</p>]]></Texto>
  </body>
  <Midias />
</article></xml>