﻿<xml><article id="45727403" name="Despachos SG 1315" idOficio="11317665" pubName="DO1" artType="Despacho" pubDate="01/10/2025" artClass="00033:00059:00018:00000:00000:00000:00000:00000:00000:00000:00024:00000" artCategory="Ministério da Justiça e Segurança Pública/Conselho Administrativo de Defesa Econômica/Superintendência-Geral" artSize="12" artNotes="" numberPage="89" pdfPage="http://pesquisa.in.gov.br/imprensa/jsp/visualiza/index.jsp?data=01/10/2025&amp;jornal=515&amp;pagina=89" editionNumber="187" highlightType="" highlightPriority="" highlight="" highlightimage="" highlightimagename="" idMateria="23164474">
  <body>
    <Identifica><![CDATA[ Despacho de  30 de setembro de 2025]]></Identifica>
    <Data><![CDATA[]]></Data>
    <Ementa />
    <Titulo />
    <SubTitulo />
    <Texto><![CDATA[<p class="identifica">Despacho de 30 de setembro de 2025</p><p>DESPACHO SG Nº 1315/2025</p><p>Ato de concentração nº 08700.005408/2025-59.</p><p>Requerentes: Bus Serviços de Agendamento S.A. ("Clickbus") e RJ Participações S.A.</p><p>Advogados: José Del Chiaro Ferreira da Rosa, Luiz Felipe Rosa Ramos, Mariana de Azevedo Castro Cesar e Bruna Luíza Prinet de Morais (Bus Serviços) e Barbara Rosenberg, Marcos Exposto e Julia Krein (RJ Participações) Com fulcro no §1º do art. 50 da Lei nº 9.784, de 29 de janeiro de 1999, integro as razões do Parecer N°11/2025/CGAA1/SGA1/SG/CADE (ut doc. SEI nº 1628873) à presente decisão, inclusive quanto à sua motivação. Nos termos do art. 13, XII, e art. 57, I, da Lei nº 12.529, de 30 de novembro de 2011, decido pela aprovação sem restrições do presente ato de concentração. Publique-se.</p><p class="assina">Alexandre Barreto de Souza</p><p class="cargo">Superintendente-Geral</p>]]></Texto>
  </body>
  <Midias />
</article></xml>