﻿<xml><article id="45726884" name="8271 REPUBLICACAO 25000 155426 2" idOficio="11317594" pubName="DO1" artType="Portaria" pubDate="01/10/2025" artClass="00047:00001:00000:00000:00000:00000:00000:00000:00000:00000:00054:00000" artCategory="Ministério da Saúde/Gabinete do Ministro" artSize="12" artNotes="" numberPage="207" pdfPage="http://pesquisa.in.gov.br/imprensa/jsp/visualiza/index.jsp?data=01/10/2025&amp;jornal=515&amp;pagina=207" editionNumber="187" highlightType="" highlightPriority="" highlight="" highlightimage="" highlightimagename="" idMateria="23164414">
  <body>
    <Identifica><![CDATA[ Portaria GM/MS Nº 8.271, DE 29 DE setembro DE 2025 (*)]]></Identifica>
    <Data><![CDATA[]]></Data>
    <Ementa><![CDATA[ Aprova a adesão de entes federativos à Política Nacional de Atenção Integral à Saúde das Pessoas Privadas de Liberdade no Sistema Prisional - PNAISP no âmbito do Sistema Único de Saúde - SUS.]]></Ementa>
    <Titulo />
    <SubTitulo />
    <Texto><![CDATA[<p class="identifica">Portaria GM/MS Nº 8.271, DE 29 DE setembro DE 2025 (*)</p><p class="ementa">Aprova a adesão de entes federativos à Política Nacional de Atenção Integral à Saúde das Pessoas Privadas de Liberdade no Sistema Prisional - PNAISP no âmbito do Sistema Único de Saúde - SUS.</p><p>O MINISTRO DE ESTADO DA SAÚDE, no uso das atribuições que lhe conferem os incisos I e II do parágrafo único do art. 87 da Constituição Federal, resolve:</p><p>Art. 1º Fica aprovada a adesão à Política Nacional de Atenção Integral à Saúde das Pessoas Privadas de Liberdade no Sistema Prisional - PNAISP âmbito do Sistema Único de Saúde - SUS do Município listado no Anexo a esta Portaria.</p><p>Art. 2º A transferência de recursos financeiros está condicionada ao credenciamento de equipes de Atenção Primária Prisional - eAPP e ao cumprimento das demais exigências previstas nas Portaria de Consolidação GM/MS nº 2, de 28 de setembro de 2017, Portaria de Consolidação GM/MS nº 6, de 28 de setembro de 2017, e na Portaria de Consolidação Saps/MS nº 1, de 2 de junho de 2021.</p><p>Art. 3º Esta Portaria entra em vigor na data de sua publicação.</p><p class="assina">ALEXANDRE ROCHA SANTOS PADILHA</p><p class="anexo">ANEXO</p><p /><p></p><table><tr /><tr><td rowspan="1" colspan="1"><p>UF</p></td><td rowspan="1" colspan="1"><p>IBGE</p></td><td rowspan="1" colspan="1"><p>MUNICÍPIO</p></td></tr><tr><td rowspan="1" colspan="1"><p>RS</p></td><td rowspan="1" colspan="1"><p>4304705</p></td><td rowspan="1" colspan="1"><p>Carazinho</p></td></tr></table><p class="nota">Republicada por ter saído no Diário Oficial da União nº 186, de 30 de setembro de 2025, Seção 1, página 240 com incorreções no original.</p>]]></Texto>
  </body>
  <Midias />
</article></xml>