﻿<xml><article id="45715269" name="PORTARIA NA 671 - 30.09.2025" idOficio="11315767" pubName="DO1" artType="Portaria" pubDate="01/10/2025" artClass="00025:00046:00000:00000:00000:00000:00000:00000:00000:00000:00054:00000" artCategory="Ministério da Educação/Secretaria de Regulação e Supervisão da Educação Superior" artSize="24" artNotes="" numberPage="39" pdfPage="http://pesquisa.in.gov.br/imprensa/jsp/visualiza/index.jsp?data=01/10/2025&amp;jornal=515&amp;pagina=39" editionNumber="187" highlightType="" highlightPriority="" highlight="" highlightimage="" highlightimagename="" idMateria="23160694">
  <body>
    <Identifica><![CDATA[ PORTARIA SERES/MEC Nº 671, DE 30 de setembro de 2025]]></Identifica>
    <Data><![CDATA[]]></Data>
    <Ementa />
    <Titulo />
    <SubTitulo />
    <Texto><![CDATA[<p class="identifica">PORTARIA SERES/MEC Nº 671, DE 30 de setembro de 2025</p><p>A SECRETÁRIA DE REGULAÇÃO E SUPERVISÃO DA EDUCAÇÃO SUPERIOR, no uso da atribuição que lhe confere o Decreto n° 11.691, de 5 de setembro de 2023, e tendo em vista o Decreto nº 9.235, de 15 de dezembro de 2017, e as Portarias Normativas MEC nº 20 e nº 23, de 21 de dezembro de 2017, republicadas em 3 de setembro de 2018, e considerando o disposto nos processos e-MEC listados na planilha anexa, resolve:</p><p>Art. 1° Ficam indeferidos os pedidos de aumento de vagas, sob a forma de aditamento aos últimos atos autorizativos dos cursos de graduação constantes da tabela do Anexo desta Portaria, ministrados pelas Instituições de Educação Superior citadas, nos termos do disposto no art. 20 da Portaria Normativa MEC nº 20, de 2017.</p><p>Art. 2º Esta Portaria entra em vigor na data de sua publicação.</p><p class="assina">MARTA ABRAMO</p><p>ANEXO (Aditamento de Aumento de Vagas)</p><p /><p></p><table><tr /><tr><td rowspan="1" colspan="1"><p>Nº de Ordem</p></td><td rowspan="1" colspan="1"><p>Registro e-MEC nº</p></td><td rowspan="1" colspan="1"><p>Modalidade</p></td><td rowspan="1" colspan="1"><p>Curso (Código)</p></td><td rowspan="1" colspan="1"><p>Grau</p></td><td rowspan="1" colspan="1"><p>IES (Código)</p></td><td rowspan="1" colspan="1"><p>Mantenedora (CNPJ)</p></td></tr><tr><td rowspan="1" colspan="1"><p>1</p></td><td rowspan="1" colspan="1"><p>202222730</p></td><td rowspan="1" colspan="1"><p>Educação Presencial</p></td><td rowspan="1" colspan="1"><p>AGRONOMIA (1434059)</p></td><td rowspan="1" colspan="1"><p>Tecnológico</p></td><td rowspan="1" colspan="1"><p>Escola Superior de Catalão (23180)</p></td><td rowspan="1" colspan="1"><p>FACEB EDUCACAO LTDA (03099921000141)</p></td></tr><tr><td rowspan="1" colspan="1"><p>2</p></td><td rowspan="1" colspan="1"><p>202406617</p></td><td rowspan="1" colspan="1"><p>Educação Presencial</p></td><td rowspan="1" colspan="1"><p>ENGENHARIA DE COMPUTAÇÃO (1534881)</p></td><td rowspan="1" colspan="1"><p>Bacharelado</p></td><td rowspan="1" colspan="1"><p>FACULDADE BAHIANA DE ENGENHARIA E CIÊNCIAS SOCIAIS APLICADAS (21871)</p></td><td rowspan="1" colspan="1"><p>FBE BRASIL EDUCACAO LTDA - ME (24652674000139)</p></td></tr><tr><td rowspan="1" colspan="1"><p>3</p></td><td rowspan="1" colspan="1"><p>202519519</p></td><td rowspan="1" colspan="1"><p>Educação a Distância</p></td><td rowspan="1" colspan="1"><p>ADMINISTRAÇÃO (1595041)</p></td><td rowspan="1" colspan="1"><p>Bacharelado</p></td><td rowspan="1" colspan="1"><p>Faculdade HUB Educação (26719)</p></td><td rowspan="1" colspan="1"><p>FACULDADE HUB LTDA (49523759000148)</p></td></tr><tr><td rowspan="1" colspan="1"><p>4</p></td><td rowspan="1" colspan="1"><p>202521331</p></td><td rowspan="1" colspan="1"><p>Educação Presencial</p></td><td rowspan="1" colspan="1"><p>ENFERMAGEM (1533331)</p></td><td rowspan="1" colspan="1"><p>Bacharelado</p></td><td rowspan="1" colspan="1"><p>FACULDADE TRÊS MARIAS (17115)</p></td><td rowspan="1" colspan="1"><p>CENTRO EDUCACIONAL TRES MARIAS LTDA (14255311000106)</p></td></tr><tr><td rowspan="1" colspan="1"><p>5</p></td><td rowspan="1" colspan="1"><p>202521341</p></td><td rowspan="1" colspan="1"><p>Educação Presencial</p></td><td rowspan="1" colspan="1"><p>FISIOTERAPIA (1533332)</p></td><td rowspan="1" colspan="1"><p>Bacharelado</p></td><td rowspan="1" colspan="1"><p>FACULDADE TRÊS MARIAS (17115)</p></td><td rowspan="1" colspan="1"><p>CENTRO EDUCACIONAL TRES MARIAS LTDA (14255311000106)</p></td></tr><tr><td rowspan="1" colspan="1"><p>6</p></td><td rowspan="1" colspan="1"><p>202521364</p></td><td rowspan="1" colspan="1"><p>Educação Presencial</p></td><td rowspan="1" colspan="1"><p>ODONTOLOGIA (1533333)</p></td><td rowspan="1" colspan="1"><p>Bacharelado</p></td><td rowspan="1" colspan="1"><p>FACULDADE TRÊS MARIAS (17115)</p></td><td rowspan="1" colspan="1"><p>CENTRO EDUCACIONAL TRES MARIAS LTDA (14255311000106)</p></td></tr></table>]]></Texto>
  </body>
  <Midias />
</article></xml>