﻿<xml><article id="45708190" name="2025-09-29/11314666/ANMWS_231590" idOficio="11314666" pubName="DO1" artType="Despacho" pubDate="01/10/2025" artClass="00035:00044:00050:00000:00000:00000:00000:00000:00000:00000:00024:06472" artCategory="Ministério de Minas e Energia/Agência Nacional de Mineração/Superintendência de Outorga de Títulos Minerários" artSize="12" artNotes="" numberPage="106" pdfPage="http://pesquisa.in.gov.br/imprensa/jsp/visualiza/index.jsp?data=01/10/2025&amp;jornal=515&amp;pagina=106" editionNumber="187" highlightType="" highlightPriority="" highlight="" highlightimage="" highlightimagename="" idMateria="23159037">
  <body>
    <Identifica><![CDATA[                                                                                                                                                              Alvará nº 6.472, de 28 de SETEMBRO de 2025]]></Identifica>
    <Data><![CDATA[]]></Data>
    <Ementa />
    <Titulo />
    <SubTitulo />
    <Texto><![CDATA[<p class="identifica">Alvará nº 6.472, de 28 de SETEMBRO de 2025</p><p>Fase de Autorização de Pesquisa</p><p>O SUPERINTENDENTE DE OUTORGA DE TÍTULOS MINERÁRIOS DA AGÊNCIA NACIONAL DE MINERAÇÃO, no uso da competência delegada pela Resolução ANM n° 211/2025 e com fundamento no art. 15, do Decreto-lei n° 227, de 28 de fevereiro de 1967, (Código de Mineração), e na Lei 13.575/2017, outorga o seguinte Alvará de Pesquisa, prazo 3 ano(s), vigência a partir dessa publicação: (323)</p><p>48054.831293/2025-37-VITOR GUEDES GOMES DA SILVA (Documento SEI: 17933704)</p><p class="assina">Cláudio Roberto Freire</p>]]></Texto>
  </body>
  <Midias />
</article></xml>