﻿<xml><article id="45726406" name="Retificacao resolucao 24" idOficio="11317513" pubName="DO1" artType="Retificação" pubDate="01/10/2025" artClass="00006:00004:02005:00000:00000:00000:00000:00000:00000:00000:00066:00000" artCategory="Presidência da República/Casa Civil/Câmara-Executiva Federal de Identificação do Cidadão" artSize="12" artNotes="" numberPage="7" pdfPage="http://pesquisa.in.gov.br/imprensa/jsp/visualiza/index.jsp?data=01/10/2025&amp;jornal=515&amp;pagina=7" editionNumber="187" highlightType="" highlightPriority="" highlight="" highlightimage="" highlightimagename="" idMateria="23164310">
  <body>
    <Identifica><![CDATA[ Retificação]]></Identifica>
    <Data><![CDATA[]]></Data>
    <Ementa />
    <Titulo />
    <SubTitulo />
    <Texto><![CDATA[<p class="identifica">Retificação</p><p></p><p>Na Resolução nº 24, de 8 de setembro de 2025, publicada no Diário Oficial da União de 15 de setembro de 2025, Seção 1, pág. 15,</p><p><strong>onde se lê:</strong></p><p>Art. 3º O MI-CIN será de adoção obrigatória e atuação integrada para o compartilhamento de dados entre os Órgãos de Identificação Civil - OICs das unidades federativas e os órgãos executores do Serviço de Identificação do Cidadão - SIC.</p><p>leia-se:</p><p>Art. 3º Os órgãos executores do SIC deverão apresentar, no prazo de dez dias contados da data de publicação desta Resolução, cronograma de implementação integrado para adoção do MI-CIN, no âmbito do Grupo de Trabalho Técnico 1 (GTT 1) da Cefic.</p>]]></Texto>
  </body>
  <Midias />
</article></xml>