﻿<xml><article id="45713048" name="RESCGSN181" idOficio="11315405" pubName="DO1" artType="Resolução" pubDate="01/10/2025" artClass="00028:00010:00000:00000:00000:00000:00000:00000:00000:00000:00064:00000" artCategory="Ministério da Fazenda/Comitê Gestor do Simples Nacional" artSize="12" artNotes="" numberPage="57" pdfPage="http://pesquisa.in.gov.br/imprensa/jsp/visualiza/index.jsp?data=01/10/2025&amp;jornal=515&amp;pagina=57" editionNumber="187" highlightType="" highlightPriority="" highlight="" highlightimage="" highlightimagename="" idMateria="23160038">
  <body>
    <Identifica><![CDATA[ RESOLUÇÃO CGSN Nº 181, DE 26 DE SETEMBRO DE 2025]]></Identifica>
    <Data><![CDATA[]]></Data>
    <Ementa><![CDATA[ Altera o Regimento Interno do Comitê Gestor do Simples Nacional, aprovado pela Resolução CGSN nº 176, de 19 de junho de 2024.]]></Ementa>
    <Titulo />
    <SubTitulo />
    <Texto><![CDATA[<p class="identifica">RESOLUÇÃO CGSN Nº 181, DE 26 DE SETEMBRO DE 2025</p><p class="ementa">Altera o Regimento Interno do Comitê Gestor do Simples Nacional, aprovado pela Resolução CGSN nº 176, de 19 de junho de 2024.</p><p>O COMITÊ GESTOR DO SIMPLES NACIONAL, no uso das atribuições que lhe conferem a Lei Complementar nº 123, de 14 de dezembro de 2006, o Decreto nº 6.038, de 7 de fevereiro de 2007, e o Regimento Interno, aprovado pela Resolução CGSN nº 176, de 19 de junho de 2024, resolve:</p><p>Art. 1º O Regimento Interno do Comitê Gestor do Simples Nacional, aprovado pela Resolução CGSN nº 176, de 19 de junho de 2024, passa a vigorar com as seguintes alterações:</p><p>"Art. 14. As reuniões virtuais do CGSN serão convocadas com antecedência mínima de 1 (um) dia útil mediante comunicação a seus integrantes.</p><p>...................................................................................................................................</p><p>I - a minuta do ato a ser analisado será apresentada no ato de convocação da reunião;</p><p>II - o início e o término da reunião virtual serão fixados no ato de sua convocação, com duração mínima de 01 (um) dia útil;</p><p>........................................................................................................................" (NR)</p><p>Art. 2º Esta Resolução entra em vigor na data de sua publicação no Diário Oficial da União.</p><p class="assina">ADRIANA GOMES REGO</p><p class="cargo">Vice-Presidente do Comitê</p>]]></Texto>
  </body>
  <Midias />
</article></xml>