﻿<xml><article id="45714090" name="DECISAO SUPAS 1388" idOficio="11315532" pubName="DO1" artType="Decisão" pubDate="01/10/2025" artClass="00050:00019:00052:00000:00000:00000:00000:00000:00000:00000:00018:00000" artCategory="Ministério dos Transportes/Agência Nacional de Transportes Terrestres/Superintendência de Serviços de Transporte Rodoviário de Passageiros" artSize="12" artNotes="" numberPage="239" pdfPage="http://pesquisa.in.gov.br/imprensa/jsp/visualiza/index.jsp?data=01/10/2025&amp;jornal=515&amp;pagina=239" editionNumber="187" highlightType="" highlightPriority="" highlight="" highlightimage="" highlightimagename="" idMateria="23160379">
  <body>
    <Identifica><![CDATA[ DECISÃO SUPAS Nº 1.388, DE 24 DE SETEMBRO DE 2025]]></Identifica>
    <Data><![CDATA[]]></Data>
    <Ementa />
    <Titulo />
    <SubTitulo />
    <Texto><![CDATA[<p class="identifica">DECISÃO SUPAS Nº 1.388, DE 24 DE SETEMBRO DE 2025</p><p>O Superintendente de Serviços de Transporte Rodoviário de Passageiros da Agência Nacional de Transportes Terrestres - ANTT, no uso de suas atribuições, em conformidade com o art. 3º e o inciso X do art. 8º, ambos do Anexo da Resolução nº 5.818, de 3 de maio de 2018, e com o inciso IV do art. 29, e inciso VIII do art. 105, ambos da Resolução nº 5.976, de 7 de abril de 2022,;</p><p>CONSIDERANDO que o TAR objeto do pleito de renúncia é autorizado à requerente; e</p><p>CONSIDERANDO o que consta no processo nº 50505.052955/2025-04, decide:</p><p>Art. 1º Indeferir o pedido da VIAÇÃO PLATINA LTDA., CNPJ nº 25.431.016/0001-80, para a renúncia ao Termo de Autorização - TAR nº MGGO0203006, linha ITUIUTABA/MG-QUIRINOPOLIS/GO e suas seções.</p><p>Art. 2º Esta Decisão entra em vigor na data de sua publicação.</p><p class="assina">JULIANO DE BARROS SAMÔR</p>]]></Texto>
  </body>
  <Midias />
</article></xml>