﻿<xml><article id="45726881" name="resolucao_3818_2025 CFMED GGFIS" idOficio="11317593" pubName="DO1" artType="Resolução" pubDate="01/10/2025" artClass="00047:00048:00016:00006:00000:00000:00000:00000:00000:00000:00064:33818" artCategory="Ministério da Saúde/Agência Nacional de Vigilância Sanitária/4ª Diretoria/Gerência-Geral de Inspeção e Fiscalização Sanitária" artSize="12" artNotes="" numberPage="222" pdfPage="http://pesquisa.in.gov.br/imprensa/jsp/visualiza/index.jsp?data=01/10/2025&amp;jornal=515&amp;pagina=222" editionNumber="187" highlightType="" highlightPriority="" highlight="" highlightimage="" highlightimagename="" idMateria="23164413">
  <body>
    <Identifica><![CDATA[ RESOLUÇÃO-RE nº 3.818, DE 30 DE SETEMBRO DE 2025]]></Identifica>
    <Data><![CDATA[]]></Data>
    <Ementa />
    <Titulo />
    <SubTitulo />
    <Texto><![CDATA[<p class="identifica">RESOLUÇÃO-RE nº 3.818, DE 30 DE SETEMBRO DE 2025</p><p>O GERENTE-GERAL DE INSPEÇÃO E FISCALIZAÇÃO SANITÁRIA DA AGÊNCIA NACIONAL DE VIGILÂNCIA SANITÁRIA, no uso das atribuições que lhe confere o art. 140, aliado ao art. 203, I, § 1º do Regimento Interno aprovado pela Resolução da Diretoria Colegiada - RDC nº 585, de 10 de dezembro de 2021, e o art. 6º, da Lei nº 9.782, de 26 de janeiro de 1999, resolve:</p><p>Art. 1º Adotar a(s) medida(s) preventiva(s) constante(s) no ANEXO.</p><p>Art. 2º Esta Resolução entra em vigor na data de sua publicação.</p><p class="assina">MARCUS AURÉLIO MIRANDA DE ARAÚJO</p><p class="anexo">anexo</p><p>1. Empresa: ODARA SERVICOS ALIMENTICIOS LTDA - CNPJ: 37.515.385/0002-10</p><p>Produto - Apresentação (Lote): LIBIDO HOMEM FÓRMULA BLACK, FÓRMULA LIBIDO MULHER 40+, MACA PERUANA 500MG, TRIBULIS TERRESTRIS 500MG (LOTES: TODOS); SILDENAFIL 50MG (LOTES: TODOS); MACALAFIL 5 BLACK (LOTES: TODOS); ORLISTAT 120MG (LOTES: TODOS); TESTO XXL FÓRMULA BLACK ALTA PERFORMANCE (LOTES: TODOS);</p><p>Tipo de Produto: Medicamento</p><p>Expediente nº: 1256966/25-6</p><p>Assunto: 70351 - Ações de Fiscalização em Vigilância Sanitária</p><p>Ações de fiscalização: Apreensão</p><p>Proibição - Comercialização, Distribuição, Fabricação, Importação, Propaganda, Uso</p><p>Motivação: Comprovação da propaganda e anúncio de venda dos produtos sem registro, notificação ou cadastro na Anvisa, fabricados pela empresa ODARA SERVIÇOS ALIMENTICIOS LTDA de CNPJ 37.515.385/0001-10, em desacordo com os artigos 2º, 12 e 59 da Lei nº 6.360/1976. As ações de fiscalização determinadas se aplicam a quaisquer pessoas físicas/jurídicas ou veículos de comunicação que comercializem ou divulguem os produtos. Esta medida preventiva está fundamentada no inciso XV do artigo 7º da Lei nº 9.782/1999.</p><p>.........................................</p><p>2. Empresa: CBFARMA DISTRIBUIDORA DE PRODUTOS FARMACÊUTICOS LTDA - CNPJ: 41.351.021/0001-39</p><p>Produto - Apresentação (Lote): TODOS OS PRODUTOS DERIVADOS DE CANNABIS DA MARCA CBFARMA (LOTES: TODOS);</p><p>Tipo de Produto: Medicamento</p><p>Expediente nº: 1266879/25-6</p><p>Assunto: 70351 - Ações de Fiscalização em Vigilância Sanitária</p><p>Ações de fiscalização: Proibição - Comercialização, Propaganda</p><p>Motivação: Comprovação da comercialização dos produtos derivados de Cannabis sativa da marca CBFARMA, sem registro ou autorização na Anvisa, fabricados por empresa que não possui Autorização de Funcionamento nesta Agência para fabricação destes produtos, em desacordo com os artigos 2º, 12, 50 e 59 da Lei nº 6.360/1976. As ações de fiscalização determinadas se aplicam a todos os produtos derivados de cannabis da marca CBFARMA, bem como a quaisquer pessoas físicas/jurídicas ou veículos de comunicação que comercializem ou divulguem os produtos. Esta medida preventiva está fundamentada no inciso XV do artigo 7º da Lei nº 9.782/1999.</p>]]></Texto>
  </body>
  <Midias />
</article></xml>