﻿<xml><article id="45712739" name="PORT.1550.2025" idOficio="11315272" pubName="DO1" artType="Portaria" pubDate="01/10/2025" artClass="00066:00010:00001:00000:00000:00000:00000:00000:00000:00000:00054:00000" artCategory="Ministério Público da União/Ministério Público do Trabalho/Procuradoria-Geral" artSize="12" artNotes="" numberPage="244" pdfPage="http://pesquisa.in.gov.br/imprensa/jsp/visualiza/index.jsp?data=01/10/2025&amp;jornal=515&amp;pagina=244" editionNumber="187" highlightType="" highlightPriority="" highlight="" highlightimage="" highlightimagename="" idMateria="23159899">
  <body>
    <Identifica><![CDATA[ Portaria nº 1.550, de 29 de setembro de 2025]]></Identifica>
    <Data><![CDATA[]]></Data>
    <Ementa />
    <Titulo />
    <SubTitulo />
    <Texto><![CDATA[<p class="identifica">Portaria nº 1.550, de 29 de setembro de 2025</p><p>O PROCURADOR-GERAL DO TRABALHO, no uso da atribuição prevista no inciso XXI do art. 91 da Lei Complementar nº 75, de 20 de maio de 1993,</p><p>Considerando o quantitativo de Ofícios da Procuradoria Regional do Trabalho da 1ª Região, indicado no art. 1° da Portaria PGT n° 740, de 05/12/2016;</p><p>Considerando a decisão prolatada pelo Conselho Superior do Ministério Público do Trabalho em sua 296ª Sessão Ordinária, de 25 de setembro de 2025, e</p><p>Considerando ainda as informações constantes do PGEA 20.02.0100.0000962/2025-83;</p><p>resolve:</p><p>Art. 1º Redistribuir definitivamente o 21° Ofício Especializado da sede da Procuradoria Regional do Trabalho da 1ª Região para a Procuradoria do Trabalho no Município de Nova Iguaçu/RJ.</p><p class="assina">GLÁUCIO ARAÚJO DE OLIVEIRA</p>]]></Texto>
  </body>
  <Midias />
</article></xml>