﻿<xml><article id="45713060" name="ADE08SOROCABA1227" idOficio="11315405" pubName="DO1" artType="Ato Declaratório" pubDate="01/10/2025" artClass="00028:00032:00435:00100:00025:00000:00000:00000:00000:00000:00007:00000" artCategory="Ministério da Fazenda/Secretaria Especial da Receita Federal do Brasil/Secretaria-Adjunta/Superintendência Regional da Receita Federal do Brasil 8ª Região Fiscal/Delegacia da Receita Federal do Brasil em Sorocaba" artSize="12" artNotes="" numberPage="73" pdfPage="http://pesquisa.in.gov.br/imprensa/jsp/visualiza/index.jsp?data=01/10/2025&amp;jornal=515&amp;pagina=73" editionNumber="187" highlightType="" highlightPriority="" highlight="" highlightimage="" highlightimagename="" idMateria="23160035">
  <body>
    <Identifica><![CDATA[ ATO DECLARATÓ'RIO EXECUTIVO REGESP/DEFIS/SRRF08/RFB Nº 1.227, DE 29 DE SETEMBRO DE 2025]]></Identifica>
    <Data><![CDATA[]]></Data>
    <Ementa><![CDATA[ Concede o Registro Especial a que estão sujeitos os produtores, engarrafadores, cooperativas de produtores, estabelecimentos comerciais atacadistas e importadores de Bebidas Alcoólicas para a atividade específica de importador.]]></Ementa>
    <Titulo />
    <SubTitulo />
    <Texto><![CDATA[<p class="identifica">ATO DECLARATÓ'RIO EXECUTIVO REGESP/DEFIS/SRRF08/RFB Nº 1.227, DE 29 DE SETEMBRO DE 2025</p><p class="ementa">Concede o Registro Especial a que estão sujeitos os produtores, engarrafadores, cooperativas de produtores, estabelecimentos comerciais atacadistas e importadores de Bebidas Alcoólicas para a atividade específica de importador.</p><p>O AUDITOR-FISCAL DA RECEITA FEDERAL DO BRASIL signatário, no uso da competência delegada pelo § 1º do artigo 5º da Portaria DRF/SOR nº 38, de 07 de outubro de 2020, publicada no DOU de 13 de outubro de 2020, considerando o disposto no § 6º do artigo 1º do Decreto-Lei nº 1.593, de 21 de dezembro de 1977, na Instrução Normativa RFB nº 1.432, de 26 de dezembro de 2013, na Portaria SRRF08 nº 229, de 30 de junho de 2022, e no processo administrativo nº 13032.282914/2025-10, declara:</p><p>Art. 1º CONCEDIDO o Registro Especial a que estão sujeitos os produtores, engarrafadores, cooperativas de produtores, estabelecimentos comerciais atacadistas e importadores de Bebidas Alcoólicas sob o nº 08110/0195 ao estabelecimento HMMG STORE DISTRIBUIDORA LTDA., CNPJ nº 36.638.639/0001-44, situado na Rua Padre Chico, 315 - Bairro Santo Amaro, São Paulo/SP, para a atividade específica de IMPORTADOR.</p><p>Art. 2º O Registro é concedido exclusivamente ao estabelecimento indicado e limitado à atividade especificada no art. 1º.</p><p>Art. 3º Este Ato Declaratório Executivo entra em vigor na data da sua publicação no Diário Oficial da União.</p><p class="assina">EMÍLIO CLÁUDIO DE OLIVEIRA TIEPPO</p>]]></Texto>
  </body>
  <Midias />
</article></xml>