﻿<xml><article id="45725100" name="Port_549_delegacao_Corregedor" idOficio="11317382" pubName="DO1" artType="Portaria" pubDate="01/10/2025" artClass="00025:00137:00000:00000:00000:00000:00000:00000:00000:00000:00054:00000" artCategory="Ministério da Educação/Empresa Brasileira de Serviços Hospitalares" artSize="12" artNotes="" numberPage="56" pdfPage="http://pesquisa.in.gov.br/imprensa/jsp/visualiza/index.jsp?data=01/10/2025&amp;jornal=515&amp;pagina=56" editionNumber="187" highlightType="" highlightPriority="" highlight="" highlightimage="" highlightimagename="" idMateria="23163764">
  <body>
    <Identifica><![CDATA[ Portaria nº 549, de 30 de setembro de 2025]]></Identifica>
    <Data><![CDATA[]]></Data>
    <Ementa />
    <Titulo />
    <SubTitulo />
    <Texto><![CDATA[<p class="identifica">Portaria nº 549, de 30 de setembro de 2025</p><p>O PRESIDENTE EM EXERCÍCIO DA EMPRESA BRASILEIRA DE SERVIÇOS HOSPITALARES - EBSERH, no uso das atribuições que lhe são conferidas pelo art. 56 do Estatuto Social vigente, resolve:</p><p>Art. 1º Delegar ao Corregedor-Geral a competência para assinar, em nome da Ebserh, o termo de adesão ao Fórum Nacional de Corregedorias das Empresas Estatais, bem como adotar os atos estritamente necessários à sua formalização, limitada a delegação a essa finalidade específica.</p><p>Parágrafo único. A delegação prevista neste artigo terá validade até a assinatura do termo de adesão referido no caput, podendo ser revogada a qualquer tempo pelo Presidente da Ebserh.</p><p>Art. 2º Esta Portaria entra em vigor na data de sua publicação.</p><p class="assina">DANIEL BELTRAMMI</p>]]></Texto>
  </body>
  <Midias />
</article></xml>