﻿<xml><article id="45714517" name="ADE4RECIFE34" idOficio="11315625" pubName="DO1" artType="Ato Declaratório" pubDate="01/10/2025" artClass="00028:00032:00435:00096:00012:00000:00000:00000:00000:00000:00007:00000" artCategory="Ministério da Fazenda/Secretaria Especial da Receita Federal do Brasil/Secretaria-Adjunta/Superintendência Regional da Receita Federal do Brasil 4ª Região Fiscal/Delegacia da Receita Federal do Brasil em Recife" artSize="12" artNotes="" numberPage="72" pdfPage="http://pesquisa.in.gov.br/imprensa/jsp/visualiza/index.jsp?data=01/10/2025&amp;jornal=515&amp;pagina=72" editionNumber="187" highlightType="" highlightPriority="" highlight="" highlightimage="" highlightimagename="" idMateria="23160481">
  <body>
    <Identifica><![CDATA[ ATO DECLARATÓRIO EXECUTIVO Nº 34, DE 30 DE SETEMBRO DE 2025]]></Identifica>
    <Data><![CDATA[]]></Data>
    <Ementa><![CDATA[ Autoriza o fornecimento de selos de controle de bebidas para importação.]]></Ementa>
    <Titulo />
    <SubTitulo />
    <Texto><![CDATA[<p class="identifica">ATO DECLARATÓRIO EXECUTIVO Nº 34, DE 30 DE SETEMBRO DE 2025</p><p class="ementa">Autoriza o fornecimento de selos de controle de bebidas para importação.</p><p>O DELEGADO ADJUNTO DA RECEITA FEDERAL DO BRASIL NO RECIFE (PE), no uso das atribuições que lhe confere o art. 3º do Decreto nº 4.213, de 2002; no que disciplina o art. 360, inciso III, do Regimento Interno da Secretaria da Receita Federal do Brasil, aprovado pela Portaria ME nº 284, de 27 de julho de 2020, publicada no Diário Oficial da União, de 27 de julho de 2020, com base na competência delegada pelo art. 1º da Portaria DRF/REC/PE nº 279, de 18 de dezembro de 2014, publicada no DOU de 24 de julho 2014, e tendo em vista o inciso I do artigo 51 da Instrução Normativa RFB nº 1432, de 26 de dezembro de 2013, publicada no DOU de 27/12/2013, alterada pela Instrução Normativa RFB nº 1.518/2014, publicada no DOU de 28/11/2014 e IN RFB nº 1.583/2015, publicada no DOU de 01/09/2015, e o que consta do processo nº 10271.238649/2021-06, resolve:</p><p>Autorizar o fornecimento de 100.980 (Cem mil, novecentos e oitenta) selos de controle, tipo Bebida Alcoólica, cor vermelho, para selagem no exterior, à empresa COLUMBIA TRADING S/A, CNPJ nº. 46.548.574/0013-33, inscrita no Registro Especial de Estabelecimento Importador de Bebidas Alcoólicas sob o nº 04101/097 , na categoria de Importador, de acordo com os seguintes elementos abaixo discriminados:</p><p /><p></p><table><tr /><tr><td rowspan="1" colspan="1"><p>Marca Comercial</p></td><td rowspan="1" colspan="1"><p>Características do Produto</p></td><td rowspan="1" colspan="1"><p>Quantidade de Unidade</p></td></tr><tr><td rowspan="1" colspan="1"><p>Jack Daniel´s Tenesse Apple (Licor)</p></td><td rowspan="1" colspan="1"><p>Caixas com 12 garrafas de 1000 ml 35% GL</p></td><td rowspan="1" colspan="1"><p>58.080</p></td></tr><tr><td rowspan="1" colspan="1"><p>Jack Daniel´s Tenesse BlackBarry (Licor)</p></td><td rowspan="1" colspan="1"><p>Caixas com 12 garrafas de 700 ml 35% GL</p></td><td rowspan="1" colspan="1"><p>29.040</p></td></tr><tr><td rowspan="1" colspan="1"><p>Jack Daniel´s Tenesse Fire (Licor)</p></td><td rowspan="1" colspan="1"><p>Caixas com 12 garrafas de 1000 ml 35% GL</p></td><td rowspan="1" colspan="1"><p>13.860</p></td></tr></table><p>ROMERO MAYNARD DE ARRUDA FALCÃO</p>]]></Texto>
  </body>
  <Midias />
</article></xml>