﻿<xml><article id="45719000" name="2025-09-30/11316572/ANMWS_231617" idOficio="11316572" pubName="DO1" artType="Despacho" pubDate="01/10/2025" artClass="00035:00044:00033:00000:00000:00000:00000:00000:00000:00000:00024:00048" artCategory="Ministério de Minas e Energia/Agência Nacional de Mineração/Gerência Regional da ANM no Estado do Maranhão" artSize="12" artNotes="" numberPage="101" pdfPage="http://pesquisa.in.gov.br/imprensa/jsp/visualiza/index.jsp?data=01/10/2025&amp;jornal=515&amp;pagina=101" editionNumber="187" highlightType="" highlightPriority="" highlight="" highlightimage="" highlightimagename="" idMateria="23161710">
  <body>
    <Identifica><![CDATA[Despacho]]></Identifica>
    <Data><![CDATA[]]></Data>
    <Ementa />
    <Titulo />
    <SubTitulo />
    <Texto><![CDATA[<p class="identifica">Despacho</p><p class="identifica">Relação nº 48/2025</p><p>Fase de Concessão de Lavra, decide:</p><p>A classificação da água, estabelecendo as informações para rotulagem - Resolução ANM 157/2024(2786)</p><p>806.003/2006-AGUA MINERAL BOA VIAGEM LTDA- Decisão nº 512/2025 - FONTE BOA VIAGEM. Processo ANM 48422.806003/2006-19. Concessionária: Água Mineral Boa Viagem Ltda. CNPJ: 10.489.046/0001-70. Portaria de Lavra nº 433 - DOU de 23/09/2015. Local da fonte: Rua nº 1 nº 36. Estrada da Boa Viagem. Bairro Boa Viagem. CEP 65110000. São José de Ribamar. Maranhão. Características físico-químicas: pH a 25 °C: 5,08 - Temperatura da água na fonte: 29,8 °C - Condutividade elétrica a 25 °C: 109,7 μS/cm - Resíduo de evaporação a 180 °C calculado: 71,83 mg/L. Composição química (mg/L): Cloreto: 16,96 - Sódio: 13,715 - Silício: 8,289* - Nitrato: 7,64 - Bicarbonato: 7,39 - Sulfato: 7,26 - Magnésio: 2,267 - Cálcio: 1,605 - Potássio: 0,746 - Brometo: 0,07* - Fluoreto: 0,02 - Bário: 0,018* - Estrôncio: 0,013*. Boletim nº 391/LAMIN/2023 de 21/12/2023. Classificação: ÁGUA MINERAL FLUORETADA E HIPOTERMAL NA FONTE. Observação: elementos identificados com (*) são informações facultativas na rotulagem, devendo ser informados os mesmos elementos em todos os rótulos da fonte.</p><p class="assina">ERASMO DELLYS MEDEIROS BEZERRA</p><p class="cargo">Gerente</p>]]></Texto>
  </body>
  <Midias />
</article></xml>