﻿<xml><article id="45726343" name="Aut 607_2025" idOficio="11317539" pubName="DO1" artType="Autorização" pubDate="01/10/2025" artClass="00035:00045:00048:00000:00000:00000:00000:00000:00000:00000:00012:00000" artCategory="Ministério de Minas e Energia/Agência Nacional do Petróleo, Gás Natural e Biocombustíveis/Superintendência de Distribuição e Logística" artSize="12" artNotes="" numberPage="108" pdfPage="http://pesquisa.in.gov.br/imprensa/jsp/visualiza/index.jsp?data=01/10/2025&amp;jornal=515&amp;pagina=108" editionNumber="187" highlightType="" highlightPriority="" highlight="" highlightimage="" highlightimagename="" idMateria="23164337">
  <body>
    <Identifica><![CDATA[ AUTORIZAÇÃO SDL-ANP Nº 607, DE 30 DE SETEMBRO DE 2025]]></Identifica>
    <Data><![CDATA[]]></Data>
    <Ementa />
    <Titulo />
    <SubTitulo />
    <Texto><![CDATA[<p class="identifica">AUTORIZAÇÃO SDL-ANP Nº 607, DE 30 DE SETEMBRO DE 2025</p><p>O SUPERINTENDENTE DE DISTRIBUIÇÃO E LOGÍSTICA DA AGÊNCIA NACIONAL DO PETRÓLEO, GÁS NATURAL E BIOCOMBUSTÍVEIS - ANP, no uso das atribuições que lhe foram conferidas pela Portaria ANP nº 265, de 10 de setembro de 2020, tendo em vista o disposto na Lei nº 9.478, de 6 de agosto de 1997, considerando as disposições da Resolução ANP nº 950, de 5 de outubro de 2023, e considerando o que consta no Processo nº 48610.225248/2025-96, resolve: autorizar a empresa NIMO ENERGIA * DISTRIBUIDORA E COMÉRCIO DE COMBUSTÍVEIS LIMITADA, CNPJ nº 09.059.136/0012-02, a exercer a atividade de filial de distribuição de combustíveis líquidos, exceto combustíveis de aviação (AEA Filial).</p><p class="assina">DIOGO VALERIO</p>]]></Texto>
  </body>
  <Midias />
</article></xml>