﻿<xml><article id="45722237" name="86 (NORMATIVA)(Secao 1)." idOficio="11317045" pubName="DO1" artType="Portaria" pubDate="01/10/2025" artClass="00025:00102:00019:00000:00000:00000:00000:00000:00000:00000:00054:00000" artCategory="Ministério da Educação/Universidade Federal do Espírito Santo/Pró-Reitoria de Gestão de Pessoas" artSize="12" artNotes="" numberPage="55" pdfPage="http://pesquisa.in.gov.br/imprensa/jsp/visualiza/index.jsp?data=01/10/2025&amp;jornal=515&amp;pagina=55" editionNumber="187" highlightType="" highlightPriority="" highlight="" highlightimage="" highlightimagename="" idMateria="23163392">
  <body>
    <Identifica><![CDATA[ PORTARIA NORMATIVA Nº 86, DE 30 DE SETEMBRO DE 2025]]></Identifica>
    <Data><![CDATA[]]></Data>
    <Ementa />
    <Titulo />
    <SubTitulo />
    <Texto><![CDATA[<p class="identifica">PORTARIA NORMATIVA Nº 86, DE 30 DE SETEMBRO DE 2025</p><p>A Pró-Reitora de Gestão de Pessoas da Universidade Federal do Espírito Santo, no uso de suas atribuições legais e estatutárias, e tendo em vista o que consta no Processo de seleção de docente nº 23068.037000/2024-61, resolve:</p><p>Prorrogar, pelo período de 01 (um) ano, a partir de 21/10/2025, a validade do Processo Seletivo Simplificado para Contratação de Professor Substituto, de que trata o Edital nº 125/2024-PROGEP, publicado no DOU de 12/08/2024, homologado conforme Edital nº 163/2024-PROGEP, publicado no DOU em 21/10/2024, na parte referente à Área/subárea ou Disciplinas: Fisioterapia e Terapia Ocupacional.</p><p class="assina">ARIANA LIRIO PANDINI FONSECA</p><p class="cargo">Substituta</p>]]></Texto>
  </body>
  <Midias />
</article></xml>