﻿<xml><article id="45722720" name="ATO ACORDAO NA 30" idOficio="11316342" pubName="DO1" artType="Acórdão" pubDate="01/10/2025" artClass="00071:00351:00000:00000:00000:00000:00000:00000:00000:00000:00002:00000" artCategory="Entidades de Fiscalização do Exercício das Profissões Liberais/Conselho Regional de Fisioterapia e Terapia Ocupacional da 7ª Região" artSize="12" artNotes="" numberPage="246" pdfPage="http://pesquisa.in.gov.br/imprensa/jsp/visualiza/index.jsp?data=01/10/2025&amp;jornal=515&amp;pagina=246" editionNumber="187" highlightType="" highlightPriority="" highlight="" highlightimage="" highlightimagename="" idMateria="23161452">
  <body>
    <Identifica><![CDATA[ ACORDÃO Nº 30, DE 26 DE SETEMBRO DE 2025]]></Identifica>
    <Data><![CDATA[]]></Data>
    <Ementa />
    <Titulo />
    <SubTitulo />
    <Texto><![CDATA[<p class="identifica">ACORDÃO Nº 30, DE 26 DE SETEMBRO DE 2025</p><p>PROCESSO ÉTICO Nº: 13/2019</p><p>REPRESENTANTE: M. F. A.</p><p>REPRESENTADO(A): J. M. B. E.</p><p>CONSELHEIRO RELATOR: DR. NILDO MANOEL DA SILVA RIBEIRO</p><p>Decisão: "Realizado o julgamento do Processo Ético-Disciplinar nº 13/2019, acordaram os Conselheiros do Conselho Regional de Fisioterapia e Terapia Ocupacional da 7º Região, por unanimidade de votos, em julgar pela Improcedência da Representação, por não haver indícios à violação do Código de Ética e Deontologia da Fisioterapia."</p><p class="assina">NILDO MANOEL DA SILVA RIBEIRO</p><p class="cargo">Relator</p>]]></Texto>
  </body>
  <Midias />
</article></xml>