﻿<xml><article id="45728411" name="Portaria GM.MPO nA 354.2025.MPO " idOficio="11317648" pubName="DO1" artType="Portaria" pubDate="01/10/2025" artClass="00040:00001:00000:00000:00000:00000:00000:00000:00000:00000:00054:00000" artCategory="Ministério do Planejamento e Orçamento/Gabinete da Ministra" artSize="24" artNotes="" numberPage="182" pdfPage="http://pesquisa.in.gov.br/imprensa/jsp/visualiza/index.jsp?data=01/10/2025&amp;jornal=515&amp;pagina=182" editionNumber="187" highlightType="" highlightPriority="" highlight="" highlightimage="" highlightimagename="" idMateria="23164443">
  <body>
    <Identifica />
    <Data><![CDATA[]]></Data>
    <Ementa />
    <Titulo />
    <SubTitulo />
    <Texto><![CDATA[<p /><p></p><table><tr><td rowspan="1" colspan="9" /><td rowspan="1" colspan="1" /></tr><tr><td rowspan="1" colspan="10"><p>ÓRGÃO: 56000 - Ministério das Cidades</p></td></tr><tr><td rowspan="1" colspan="3"><p>UNIDADE: 56201 - Empresa de Trens Urbanos de Porto Alegre S.A. - TRENSURB</p></td><td rowspan="1" colspan="7" /></tr><tr><td rowspan="1" colspan="3"><p>ANEXO I</p></td><td rowspan="1" colspan="7"><p>Crédito Suplementar</p></td></tr><tr><td rowspan="1" colspan="3"><p>PROGRAMA DE TRABALHO ( SUPLEMENTAÇÃO )</p></td><td rowspan="1" colspan="7"><p>Recurso de Todas as Fontes R$ 1,00</p></td></tr><tr><td rowspan="1" colspan="1"><p>PROGRAMÁTICA</p></td><td rowspan="1" colspan="1"><p>PROGRAMA/AÇÃO/LOCALIZADOR/PRODUTO</p></td><td rowspan="1" colspan="1"><p>FUNCIONAL</p></td><td rowspan="1" colspan="1"><p>E</p><p>S</p><p>F</p></td><td rowspan="1" colspan="1"><p>G</p><p>N</p><p>D</p></td><td rowspan="1" colspan="1"><p>R</p><p>P</p></td><td rowspan="1" colspan="1"><p>M</p><p>O</p><p>D</p></td><td rowspan="1" colspan="1"><p>I</p><p>U</p></td><td rowspan="1" colspan="1"><p>F</p><p>T</p><p>E</p></td><td rowspan="1" colspan="1"><p>VALOR</p></td></tr><tr><td rowspan="1" colspan="1"><p>0032</p></td><td rowspan="1" colspan="1"><p>Programa de Gestão e Manutenção do Poder Executivo</p></td><td rowspan="1" colspan="7" /><td rowspan="1" colspan="1"><p>41.431.709</p></td></tr><tr><td rowspan="1" colspan="1" /><td rowspan="1" colspan="1"><p>Atividades</p></td><td rowspan="1" colspan="1" /><td rowspan="1" colspan="1" /><td rowspan="1" colspan="1" /><td rowspan="1" colspan="1" /><td rowspan="1" colspan="1" /><td rowspan="1" colspan="1" /><td rowspan="1" colspan="1" /><td rowspan="1" colspan="1" /></tr><tr><td rowspan="1" colspan="1"><p>0032 2004</p></td><td rowspan="1" colspan="1"><p>Assistência Médica e Odontológica aos Servidores Civis, Empregados, Militares e seus Dependentes</p></td><td rowspan="1" colspan="1"><p>15 331</p></td><td rowspan="1" colspan="1" /><td rowspan="1" colspan="1" /><td rowspan="1" colspan="1" /><td rowspan="1" colspan="1" /><td rowspan="1" colspan="1" /><td rowspan="1" colspan="1" /><td rowspan="1" colspan="1"><p>2.285.149</p></td></tr><tr><td rowspan="1" colspan="1"><p>0032 2004 0043</p></td><td rowspan="1" colspan="1"><p>Assistência Médica e Odontológica aos Servidores Civis, Empregados, Militares e seus Dependentes - No Estado do Rio Grande do Sul</p></td><td rowspan="1" colspan="1"><p>15 331</p></td><td rowspan="1" colspan="1" /><td rowspan="1" colspan="1" /><td rowspan="1" colspan="1" /><td rowspan="1" colspan="1" /><td rowspan="1" colspan="1" /><td rowspan="1" colspan="1" /><td rowspan="1" colspan="1"><p>2.285.149</p></td></tr><tr><td rowspan="1" colspan="1" /><td rowspan="1" colspan="1" /><td rowspan="1" colspan="1" /><td rowspan="1" colspan="1"><p>F</p></td><td rowspan="1" colspan="1"><p>3-ODC</p></td><td rowspan="1" colspan="1"><p>1</p></td><td rowspan="1" colspan="1"><p>90</p></td><td rowspan="1" colspan="1"><p>0</p></td><td rowspan="1" colspan="1"><p>1000</p></td><td rowspan="1" colspan="1"><p>2.285.149</p></td></tr><tr><td rowspan="1" colspan="1"><p>0032 20TP</p></td><td rowspan="1" colspan="1"><p>Ativos Civis da União</p></td><td rowspan="1" colspan="1"><p>15 122</p></td><td rowspan="1" colspan="1" /><td rowspan="1" colspan="1" /><td rowspan="1" colspan="1" /><td rowspan="1" colspan="1" /><td rowspan="1" colspan="1" /><td rowspan="1" colspan="1" /><td rowspan="1" colspan="1"><p>36.169.816</p></td></tr><tr><td rowspan="1" colspan="1"><p>0032 20TP 0043</p></td><td rowspan="1" colspan="1"><p>Ativos Civis da União - No Estado do Rio Grande do Sul</p></td><td rowspan="1" colspan="1"><p>15 122</p></td><td rowspan="1" colspan="1" /><td rowspan="1" colspan="1" /><td rowspan="1" colspan="1" /><td rowspan="1" colspan="1" /><td rowspan="1" colspan="1" /><td rowspan="1" colspan="1" /><td rowspan="1" colspan="1"><p>36.169.816</p></td></tr><tr><td rowspan="1" colspan="1" /><td rowspan="1" colspan="1" /><td rowspan="1" colspan="1" /><td rowspan="1" colspan="1"><p>F</p></td><td rowspan="1" colspan="1"><p>1-PES</p></td><td rowspan="1" colspan="1"><p>1</p></td><td rowspan="1" colspan="1"><p>90</p></td><td rowspan="1" colspan="1"><p>0</p></td><td rowspan="1" colspan="1"><p>1000</p></td><td rowspan="1" colspan="1"><p>36.169.816</p></td></tr><tr><td rowspan="1" colspan="1"><p>0032 212B</p></td><td rowspan="1" colspan="1"><p>Benefícios Obrigatórios aos Servidores Civis, Empregados, Militares e seus Dependentes</p></td><td rowspan="1" colspan="1"><p>15 331</p></td><td rowspan="1" colspan="1" /><td rowspan="1" colspan="1" /><td rowspan="1" colspan="1" /><td rowspan="1" colspan="1" /><td rowspan="1" colspan="1" /><td rowspan="1" colspan="1" /><td rowspan="1" colspan="1"><p>2.976.744</p></td></tr><tr><td rowspan="1" colspan="1"><p>0032 212B 0043</p></td><td rowspan="1" colspan="1"><p>Benefícios Obrigatórios aos Servidores Civis, Empregados, Militares e seus Dependentes - No Estado do Rio Grande do Sul</p></td><td rowspan="1" colspan="1"><p>15 331</p></td><td rowspan="1" colspan="1" /><td rowspan="1" colspan="1" /><td rowspan="1" colspan="1" /><td rowspan="1" colspan="1" /><td rowspan="1" colspan="1" /><td rowspan="1" colspan="1" /><td rowspan="1" colspan="1"><p>2.976.744</p></td></tr><tr><td rowspan="1" colspan="1" /><td rowspan="1" colspan="1" /><td rowspan="1" colspan="1" /><td rowspan="1" colspan="1"><p>F</p></td><td rowspan="1" colspan="1"><p>3-ODC</p></td><td rowspan="1" colspan="1"><p>1</p></td><td rowspan="1" colspan="1"><p>90</p></td><td rowspan="1" colspan="1"><p>0</p></td><td rowspan="1" colspan="1"><p>1000</p></td><td rowspan="1" colspan="1"><p>2.976.744</p></td></tr><tr><td rowspan="1" colspan="1"><p>0901</p></td><td rowspan="1" colspan="1"><p>Operações Especiais: Cumprimento de Sentenças Judiciais</p></td><td rowspan="1" colspan="7" /><td rowspan="1" colspan="1"><p>10.000.000</p></td></tr><tr><td rowspan="1" colspan="1" /><td rowspan="1" colspan="1"><p>Operações Especiais</p></td><td rowspan="1" colspan="1" /><td rowspan="1" colspan="1" /><td rowspan="1" colspan="1" /><td rowspan="1" colspan="1" /><td rowspan="1" colspan="1" /><td rowspan="1" colspan="1" /><td rowspan="1" colspan="1" /><td rowspan="1" colspan="1" /></tr><tr><td rowspan="1" colspan="1"><p>0901 0022</p></td><td rowspan="1" colspan="1"><p>Sentenças Judiciais Devidas por Empresas Estatais</p></td><td rowspan="1" colspan="1"><p>28 846</p></td><td rowspan="1" colspan="1" /><td rowspan="1" colspan="1" /><td rowspan="1" colspan="1" /><td rowspan="1" colspan="1" /><td rowspan="1" colspan="1" /><td rowspan="1" colspan="1" /><td rowspan="1" colspan="1"><p>10.000.000</p></td></tr><tr><td rowspan="1" colspan="1"><p>0901 0022 0043</p></td><td rowspan="1" colspan="1"><p>Sentenças Judiciais Devidas por Empresas Estatais - No Estado do Rio Grande do Sul</p></td><td rowspan="1" colspan="1"><p>28 846</p></td><td rowspan="1" colspan="1" /><td rowspan="1" colspan="1" /><td rowspan="1" colspan="1" /><td rowspan="1" colspan="1" /><td rowspan="1" colspan="1" /><td rowspan="1" colspan="1" /><td rowspan="1" colspan="1"><p>10.000.000</p></td></tr><tr><td rowspan="1" colspan="1" /><td rowspan="1" colspan="1" /><td rowspan="1" colspan="1" /><td rowspan="1" colspan="1"><p>F</p></td><td rowspan="1" colspan="1"><p>1-PES</p></td><td rowspan="1" colspan="1"><p>1</p></td><td rowspan="1" colspan="1"><p>90</p></td><td rowspan="1" colspan="1"><p>0</p></td><td rowspan="1" colspan="1"><p>1000</p></td><td rowspan="1" colspan="1"><p>10.000.000</p></td></tr><tr><td rowspan="1" colspan="1"><p>0909</p></td><td rowspan="1" colspan="1"><p>Operações Especiais: Outros Encargos Especiais</p></td><td rowspan="1" colspan="7" /><td rowspan="1" colspan="1"><p>3.268</p></td></tr><tr><td rowspan="1" colspan="1" /><td rowspan="1" colspan="1"><p>Operações Especiais</p></td><td rowspan="1" colspan="1" /><td rowspan="1" colspan="1" /><td rowspan="1" colspan="1" /><td rowspan="1" colspan="1" /><td rowspan="1" colspan="1" /><td rowspan="1" colspan="1" /><td rowspan="1" colspan="1" /><td rowspan="1" colspan="1" /></tr><tr><td rowspan="1" colspan="1"><p>0909 0536</p></td><td rowspan="1" colspan="1"><p>Benefícios de Legislação Especial</p></td><td rowspan="1" colspan="1"><p>28 846</p></td><td rowspan="1" colspan="1" /><td rowspan="1" colspan="1" /><td rowspan="1" colspan="1" /><td rowspan="1" colspan="1" /><td rowspan="1" colspan="1" /><td rowspan="1" colspan="1" /><td rowspan="1" colspan="1"><p>3.268</p></td></tr><tr><td rowspan="1" colspan="1"><p>0909 0536 0043</p></td><td rowspan="1" colspan="1"><p>Benefícios de Legislação Especial - No Estado do Rio Grande do Sul</p></td><td rowspan="1" colspan="1"><p>28 846</p></td><td rowspan="1" colspan="1" /><td rowspan="1" colspan="1" /><td rowspan="1" colspan="1" /><td rowspan="1" colspan="1" /><td rowspan="1" colspan="1" /><td rowspan="1" colspan="1" /><td rowspan="1" colspan="1"><p>3.268</p></td></tr><tr><td rowspan="1" colspan="1" /><td rowspan="1" colspan="1" /><td rowspan="1" colspan="1" /><td rowspan="1" colspan="1"><p>S</p></td><td rowspan="1" colspan="1"><p>3-ODC</p></td><td rowspan="1" colspan="1"><p>1</p></td><td rowspan="1" colspan="1"><p>90</p></td><td rowspan="1" colspan="1"><p>0</p></td><td rowspan="1" colspan="1"><p>1000</p></td><td rowspan="1" colspan="1"><p>3.268</p></td></tr><tr><td rowspan="1" colspan="9"><p>TOTAL - FISCAL</p></td><td rowspan="1" colspan="1"><p>51.431.709</p></td></tr><tr><td rowspan="1" colspan="9"><p>TOTAL - SEGURIDADE</p></td><td rowspan="1" colspan="1"><p>3.268</p></td></tr><tr><td rowspan="1" colspan="9"><p>TOTAL - GERAL</p></td><td rowspan="1" colspan="1"><p>51.434.977</p></td></tr><tr><td rowspan="1" colspan="9" /><td rowspan="1" colspan="1" /></tr><tr><td rowspan="1" colspan="10"><p>ÓRGÃO: 58000 - Ministério da Pesca e Aquicultura</p></td></tr><tr><td rowspan="1" colspan="3"><p>UNIDADE: 58101 - Ministério da Pesca e Aquicultura- Administração Direta</p></td><td rowspan="1" colspan="7" /></tr><tr><td rowspan="1" colspan="3"><p>ANEXO I</p></td><td rowspan="1" colspan="7"><p>Crédito Suplementar</p></td></tr><tr><td rowspan="1" colspan="3"><p>PROGRAMA DE TRABALHO ( SUPLEMENTAÇÃO )</p></td><td rowspan="1" colspan="7"><p>Recurso de Todas as Fontes R$ 1,00</p></td></tr><tr><td rowspan="1" colspan="1"><p>PROGRAMÁTICA</p></td><td rowspan="1" colspan="1"><p>PROGRAMA/AÇÃO/LOCALIZADOR/PRODUTO</p></td><td rowspan="1" colspan="1"><p>FUNCIONAL</p></td><td rowspan="1" colspan="1"><p>E</p><p>S</p><p>F</p></td><td rowspan="1" colspan="1"><p>G</p><p>N</p><p>D</p></td><td rowspan="1" colspan="1"><p>R</p><p>P</p></td><td rowspan="1" colspan="1"><p>M</p><p>O</p><p>D</p></td><td rowspan="1" colspan="1"><p>I</p><p>U</p></td><td rowspan="1" colspan="1"><p>F</p><p>T</p><p>E</p></td><td rowspan="1" colspan="1"><p>VALOR</p></td></tr><tr><td rowspan="1" colspan="1"><p>0032</p></td><td rowspan="1" colspan="1"><p>Programa de Gestão e Manutenção do Poder Executivo</p></td><td rowspan="1" colspan="7" /><td rowspan="1" colspan="1"><p>13.949.755</p></td></tr><tr><td rowspan="1" colspan="1" /><td rowspan="1" colspan="1"><p>Atividades</p></td><td rowspan="1" colspan="1" /><td rowspan="1" colspan="1" /><td rowspan="1" colspan="1" /><td rowspan="1" colspan="1" /><td rowspan="1" colspan="1" /><td rowspan="1" colspan="1" /><td rowspan="1" colspan="1" /><td rowspan="1" colspan="1" /></tr><tr><td rowspan="1" colspan="1"><p>0032 2004</p></td><td rowspan="1" colspan="1"><p>Assistência Médica e Odontológica aos Servidores Civis, Empregados, Militares e seus Dependentes</p></td><td rowspan="1" colspan="1"><p>20 331</p></td><td rowspan="1" colspan="1" /><td rowspan="1" colspan="1" /><td rowspan="1" colspan="1" /><td rowspan="1" colspan="1" /><td rowspan="1" colspan="1" /><td rowspan="1" colspan="1" /><td rowspan="1" colspan="1"><p>83.560</p></td></tr><tr><td rowspan="1" colspan="1"><p>0032 2004 0001</p></td><td rowspan="1" colspan="1"><p>Assistência Médica e Odontológica aos Servidores Civis, Empregados, Militares e seus Dependentes - Nacional</p></td><td rowspan="1" colspan="1"><p>20 331</p></td><td rowspan="1" colspan="1" /><td rowspan="1" colspan="1" /><td rowspan="1" colspan="1" /><td rowspan="1" colspan="1" /><td rowspan="1" colspan="1" /><td rowspan="1" colspan="1" /><td rowspan="1" colspan="1"><p>83.560</p></td></tr><tr><td rowspan="1" colspan="1" /><td rowspan="1" colspan="1" /><td rowspan="1" colspan="1" /><td rowspan="1" colspan="1"><p>F</p></td><td rowspan="1" colspan="1"><p>3-ODC</p></td><td rowspan="1" colspan="1"><p>1</p></td><td rowspan="1" colspan="1"><p>90</p></td><td rowspan="1" colspan="1"><p>0</p></td><td rowspan="1" colspan="1"><p>1000</p></td><td rowspan="1" colspan="1"><p>83.560</p></td></tr><tr><td rowspan="1" colspan="1"><p>0032 20TP</p></td><td rowspan="1" colspan="1"><p>Ativos Civis da União</p></td><td rowspan="1" colspan="1"><p>20 122</p></td><td rowspan="1" colspan="1" /><td rowspan="1" colspan="1" /><td rowspan="1" colspan="1" /><td rowspan="1" colspan="1" /><td rowspan="1" colspan="1" /><td rowspan="1" colspan="1" /><td rowspan="1" colspan="1"><p>13.743.160</p></td></tr><tr><td rowspan="1" colspan="1"><p>0032 20TP 0001</p></td><td rowspan="1" colspan="1"><p>Ativos Civis da União - Nacional</p></td><td rowspan="1" colspan="1"><p>20 122</p></td><td rowspan="1" colspan="1" /><td rowspan="1" colspan="1" /><td rowspan="1" colspan="1" /><td rowspan="1" colspan="1" /><td rowspan="1" colspan="1" /><td rowspan="1" colspan="1" /><td rowspan="1" colspan="1"><p>13.743.160</p></td></tr><tr><td rowspan="1" colspan="1" /><td rowspan="1" colspan="1" /><td rowspan="1" colspan="1" /><td rowspan="1" colspan="1"><p>F</p></td><td rowspan="1" colspan="1"><p>1-PES</p></td><td rowspan="1" colspan="1"><p>1</p></td><td rowspan="1" colspan="1"><p>90</p></td><td rowspan="1" colspan="1"><p>0</p></td><td rowspan="1" colspan="1"><p>1000</p></td><td rowspan="1" colspan="1"><p>13.743.160</p></td></tr><tr><td rowspan="1" colspan="1"><p>0032 212B</p></td><td rowspan="1" colspan="1"><p>Benefícios Obrigatórios aos Servidores Civis, Empregados, Militares e seus Dependentes</p></td><td rowspan="1" colspan="1"><p>20 331</p></td><td rowspan="1" colspan="1" /><td rowspan="1" colspan="1" /><td rowspan="1" colspan="1" /><td rowspan="1" colspan="1" /><td rowspan="1" colspan="1" /><td rowspan="1" colspan="1" /><td rowspan="1" colspan="1"><p>123.035</p></td></tr><tr><td rowspan="1" colspan="1"><p>0032 212B 0001</p></td><td rowspan="1" colspan="1"><p>Benefícios Obrigatórios aos Servidores Civis, Empregados, Militares e seus Dependentes - Nacional</p></td><td rowspan="1" colspan="1"><p>20 331</p></td><td rowspan="1" colspan="1" /><td rowspan="1" colspan="1" /><td rowspan="1" colspan="1" /><td rowspan="1" colspan="1" /><td rowspan="1" colspan="1" /><td rowspan="1" colspan="1" /><td rowspan="1" colspan="1"><p>123.035</p></td></tr><tr><td rowspan="1" colspan="1" /><td rowspan="1" colspan="1" /><td rowspan="1" colspan="1" /><td rowspan="1" colspan="1"><p>F</p></td><td rowspan="1" colspan="1"><p>3-ODC</p></td><td rowspan="1" colspan="1"><p>1</p></td><td rowspan="1" colspan="1"><p>90</p></td><td rowspan="1" colspan="1"><p>0</p></td><td rowspan="1" colspan="1"><p>1000</p></td><td rowspan="1" colspan="1"><p>123.035</p></td></tr><tr><td rowspan="1" colspan="9"><p>TOTAL - FISCAL</p></td><td rowspan="1" colspan="1"><p>13.949.755</p></td></tr><tr><td rowspan="1" colspan="9"><p>TOTAL - SEGURIDADE</p></td><td rowspan="1" colspan="1"><p>0</p></td></tr><tr><td rowspan="1" colspan="9"><p>TOTAL - GERAL</p></td><td rowspan="1" colspan="1"><p>13.949.755</p></td></tr><tr><td rowspan="1" colspan="9" /><td rowspan="1" colspan="1" /></tr><tr><td rowspan="1" colspan="10"><p>ÓRGÃO: 63000 - Advocacia-Geral da União</p></td></tr><tr><td rowspan="1" colspan="3"><p>UNIDADE: 63101 - Advocacia-Geral da União</p></td><td rowspan="1" colspan="7" /></tr><tr><td rowspan="1" colspan="3"><p>ANEXO I</p></td><td rowspan="1" colspan="7"><p>Crédito Suplementar</p></td></tr><tr><td rowspan="1" colspan="3"><p>PROGRAMA DE TRABALHO ( SUPLEMENTAÇÃO )</p></td><td rowspan="1" colspan="7"><p>Recurso de Todas as Fontes R$ 1,00</p></td></tr><tr><td rowspan="1" colspan="1"><p>PROGRAMÁTICA</p></td><td rowspan="1" colspan="1"><p>PROGRAMA/AÇÃO/LOCALIZADOR/PRODUTO</p></td><td rowspan="1" colspan="1"><p>FUNCIONAL</p></td><td rowspan="1" colspan="1"><p>E</p><p>S</p><p>F</p></td><td rowspan="1" colspan="1"><p>G</p><p>N</p><p>D</p></td><td rowspan="1" colspan="1"><p>R</p><p>P</p></td><td rowspan="1" colspan="1"><p>M</p><p>O</p><p>D</p></td><td rowspan="1" colspan="1"><p>I</p><p>U</p></td><td rowspan="1" colspan="1"><p>F</p><p>T</p><p>E</p></td><td rowspan="1" colspan="1"><p>VALOR</p></td></tr><tr><td rowspan="1" colspan="1"><p>0032</p></td><td rowspan="1" colspan="1"><p>Programa de Gestão e Manutenção do Poder Executivo</p></td><td rowspan="1" colspan="7" /><td rowspan="1" colspan="1"><p>158.468.093</p></td></tr><tr><td rowspan="1" colspan="1" /><td rowspan="1" colspan="1"><p>Atividades</p></td><td rowspan="1" colspan="1" /><td rowspan="1" colspan="1" /><td rowspan="1" colspan="1" /><td rowspan="1" colspan="1" /><td rowspan="1" colspan="1" /><td rowspan="1" colspan="1" /><td rowspan="1" colspan="1" /><td rowspan="1" colspan="1" /></tr><tr><td rowspan="1" colspan="1"><p>0032 20TP</p></td><td rowspan="1" colspan="1"><p>Ativos Civis da União</p></td><td rowspan="1" colspan="1"><p>04 122</p></td><td rowspan="1" colspan="1" /><td rowspan="1" colspan="1" /><td rowspan="1" colspan="1" /><td rowspan="1" colspan="1" /><td rowspan="1" colspan="1" /><td rowspan="1" colspan="1" /><td rowspan="1" colspan="1"><p>102.925.699</p></td></tr><tr><td rowspan="1" colspan="1"><p>0032 20TP 0001</p></td><td rowspan="1" colspan="1"><p>Ativos Civis da União - Nacional</p></td><td rowspan="1" colspan="1"><p>04 122</p></td><td rowspan="1" colspan="1" /><td rowspan="1" colspan="1" /><td rowspan="1" colspan="1" /><td rowspan="1" colspan="1" /><td rowspan="1" colspan="1" /><td rowspan="1" colspan="1" /><td rowspan="1" colspan="1"><p>102.925.699</p></td></tr><tr><td rowspan="1" colspan="1" /><td rowspan="1" colspan="1" /><td rowspan="1" colspan="1" /><td rowspan="1" colspan="1"><p>F</p></td><td rowspan="1" colspan="1"><p>1-PES</p></td><td rowspan="1" colspan="1"><p>1</p></td><td rowspan="1" colspan="1"><p>90</p></td><td rowspan="1" colspan="1"><p>0</p></td><td rowspan="1" colspan="1"><p>1000</p></td><td rowspan="1" colspan="1"><p>102.925.699</p></td></tr><tr><td rowspan="1" colspan="1" /><td rowspan="1" colspan="1"><p>Operações Especiais</p></td><td rowspan="1" colspan="1" /><td rowspan="1" colspan="1" /><td rowspan="1" colspan="1" /><td rowspan="1" colspan="1" /><td rowspan="1" colspan="1" /><td rowspan="1" colspan="1" /><td rowspan="1" colspan="1" /><td rowspan="1" colspan="1" /></tr><tr><td rowspan="1" colspan="1"><p>0032 0181</p></td><td rowspan="1" colspan="1"><p>Aposentadorias e Pensões Civis da União</p></td><td rowspan="1" colspan="1"><p>09 272</p></td><td rowspan="1" colspan="1" /><td rowspan="1" colspan="1" /><td rowspan="1" colspan="1" /><td rowspan="1" colspan="1" /><td rowspan="1" colspan="1" /><td rowspan="1" colspan="1" /><td rowspan="1" colspan="1"><p>44.447.100</p></td></tr><tr><td rowspan="1" colspan="1"><p>0032 0181 0001</p></td><td rowspan="1" colspan="1"><p>Aposentadorias e Pensões Civis da União - Nacional</p></td><td rowspan="1" colspan="1"><p>09 272</p></td><td rowspan="1" colspan="1" /><td rowspan="1" colspan="1" /><td rowspan="1" colspan="1" /><td rowspan="1" colspan="1" /><td rowspan="1" colspan="1" /><td rowspan="1" colspan="1" /><td rowspan="1" colspan="1"><p>44.447.100</p></td></tr><tr><td rowspan="1" colspan="1" /><td rowspan="1" colspan="1" /><td rowspan="1" colspan="1" /><td rowspan="1" colspan="1"><p>S</p></td><td rowspan="1" colspan="1"><p>1-PES</p></td><td rowspan="1" colspan="1"><p>1</p></td><td rowspan="1" colspan="1"><p>90</p></td><td rowspan="1" colspan="1"><p>0</p></td><td rowspan="1" colspan="1"><p>3056</p></td><td rowspan="1" colspan="1"><p>44.447.100</p></td></tr><tr><td rowspan="1" colspan="1"><p>0032 09HB</p></td><td rowspan="1" colspan="1"><p>Contribuição da União, de suas Autarquias e Fundações para o Custeio do Regime de Previdência dos Servidores Públicos Federais</p></td><td rowspan="1" colspan="1"><p>03 846</p></td><td rowspan="1" colspan="1" /><td rowspan="1" colspan="1" /><td rowspan="1" colspan="1" /><td rowspan="1" colspan="1" /><td rowspan="1" colspan="1" /><td rowspan="1" colspan="1" /><td rowspan="1" colspan="1"><p>11.095.294</p></td></tr><tr><td rowspan="1" colspan="1"><p>0032 09HB 0001</p></td><td rowspan="1" colspan="1"><p>Contribuição da União, de suas Autarquias e Fundações para o Custeio do Regime de Previdência dos Servidores Públicos Federais - Nacional</p></td><td rowspan="1" colspan="1"><p>03 846</p></td><td rowspan="1" colspan="1" /><td rowspan="1" colspan="1" /><td rowspan="1" colspan="1" /><td rowspan="1" colspan="1" /><td rowspan="1" colspan="1" /><td rowspan="1" colspan="1" /><td rowspan="1" colspan="1"><p>11.095.294</p></td></tr><tr><td rowspan="1" colspan="1" /><td rowspan="1" colspan="1" /><td rowspan="1" colspan="1" /><td rowspan="1" colspan="1"><p>F</p></td><td rowspan="1" colspan="1"><p>1-PES</p></td><td rowspan="1" colspan="1"><p>0</p></td><td rowspan="1" colspan="1"><p>91</p></td><td rowspan="1" colspan="1"><p>0</p></td><td rowspan="1" colspan="1"><p>1000</p></td><td rowspan="1" colspan="1"><p>11.095.294</p></td></tr><tr><td rowspan="1" colspan="9"><p>TOTAL - FISCAL</p></td><td rowspan="1" colspan="1"><p>114.020.993</p></td></tr><tr><td rowspan="1" colspan="9"><p>TOTAL - SEGURIDADE</p></td><td rowspan="1" colspan="1"><p>44.447.100</p></td></tr><tr><td rowspan="1" colspan="9"><p>TOTAL - GERAL</p></td><td rowspan="1" colspan="1"><p>158.468.093</p></td></tr><tr><td rowspan="1" colspan="9" /><td rowspan="1" colspan="1" /></tr><tr><td rowspan="1" colspan="10"><p>ÓRGÃO: 65000 - Ministério das Mulheres</p></td></tr><tr><td rowspan="1" colspan="3"><p>UNIDADE: 65101 - Ministério das Mulheres - Administração Direta</p></td><td rowspan="1" colspan="7" /></tr><tr><td rowspan="1" colspan="3"><p>ANEXO I</p></td><td rowspan="1" colspan="7"><p>Crédito Suplementar</p></td></tr><tr><td rowspan="1" colspan="3"><p>PROGRAMA DE TRABALHO ( SUPLEMENTAÇÃO )</p></td><td rowspan="1" colspan="7"><p>Recurso de Todas as Fontes R$ 1,00</p></td></tr><tr><td rowspan="1" colspan="1"><p>PROGRAMÁTICA</p></td><td rowspan="1" colspan="1"><p>PROGRAMA/AÇÃO/LOCALIZADOR/PRODUTO</p></td><td rowspan="1" colspan="1"><p>FUNCIONAL</p></td><td rowspan="1" colspan="1"><p>E</p><p>S</p><p>F</p></td><td rowspan="1" colspan="1"><p>G</p><p>N</p><p>D</p></td><td rowspan="1" colspan="1"><p>R</p><p>P</p></td><td rowspan="1" colspan="1"><p>M</p><p>O</p><p>D</p></td><td rowspan="1" colspan="1"><p>I</p><p>U</p></td><td rowspan="1" colspan="1"><p>F</p><p>T</p><p>E</p></td><td rowspan="1" colspan="1"><p>VALOR</p></td></tr><tr><td rowspan="1" colspan="1"><p>0032</p></td><td rowspan="1" colspan="1"><p>Programa de Gestão e Manutenção do Poder Executivo</p></td><td rowspan="1" colspan="7" /><td rowspan="1" colspan="1"><p>195.000</p></td></tr><tr><td rowspan="1" colspan="1" /><td rowspan="1" colspan="1"><p>Atividades</p></td><td rowspan="1" colspan="1" /><td rowspan="1" colspan="1" /><td rowspan="1" colspan="1" /><td rowspan="1" colspan="1" /><td rowspan="1" colspan="1" /><td rowspan="1" colspan="1" /><td rowspan="1" colspan="1" /><td rowspan="1" colspan="1" /></tr><tr><td rowspan="1" colspan="1"><p>0032 2004</p></td><td rowspan="1" colspan="1"><p>Assistência Médica e Odontológica aos Servidores Civis, Empregados, Militares e seus Dependentes</p></td><td rowspan="1" colspan="1"><p>14 331</p></td><td rowspan="1" colspan="1" /><td rowspan="1" colspan="1" /><td rowspan="1" colspan="1" /><td rowspan="1" colspan="1" /><td rowspan="1" colspan="1" /><td rowspan="1" colspan="1" /><td rowspan="1" colspan="1"><p>45.000</p></td></tr><tr><td rowspan="1" colspan="1"><p>0032 2004 0053</p></td><td rowspan="1" colspan="1"><p>Assistência Médica e Odontológica aos Servidores Civis, Empregados, Militares e seus Dependentes - No Distrito Federal</p></td><td rowspan="1" colspan="1"><p>14 331</p></td><td rowspan="1" colspan="1" /><td rowspan="1" colspan="1" /><td rowspan="1" colspan="1" /><td rowspan="1" colspan="1" /><td rowspan="1" colspan="1" /><td rowspan="1" colspan="1" /><td rowspan="1" colspan="1"><p>45.000</p></td></tr><tr><td rowspan="1" colspan="1" /><td rowspan="1" colspan="1" /><td rowspan="1" colspan="1" /><td rowspan="1" colspan="1"><p>F</p></td><td rowspan="1" colspan="1"><p>3-ODC</p></td><td rowspan="1" colspan="1"><p>1</p></td><td rowspan="1" colspan="1"><p>90</p></td><td rowspan="1" colspan="1"><p>0</p></td><td rowspan="1" colspan="1"><p>1000</p></td><td rowspan="1" colspan="1"><p>45.000</p></td></tr><tr><td rowspan="1" colspan="1"><p>0032 212B</p></td><td rowspan="1" colspan="1"><p>Benefícios Obrigatórios aos Servidores Civis, Empregados, Militares e seus Dependentes</p></td><td rowspan="1" colspan="1"><p>14 331</p></td><td rowspan="1" colspan="1" /><td rowspan="1" colspan="1" /><td rowspan="1" colspan="1" /><td rowspan="1" colspan="1" /><td rowspan="1" colspan="1" /><td rowspan="1" colspan="1" /><td rowspan="1" colspan="1"><p>150.000</p></td></tr><tr><td rowspan="1" colspan="1"><p>0032 212B 0053</p></td><td rowspan="1" colspan="1"><p>Benefícios Obrigatórios aos Servidores Civis, Empregados, Militares e seus Dependentes - No Distrito Federal</p></td><td rowspan="1" colspan="1"><p>14 331</p></td><td rowspan="1" colspan="1" /><td rowspan="1" colspan="1" /><td rowspan="1" colspan="1" /><td rowspan="1" colspan="1" /><td rowspan="1" colspan="1" /><td rowspan="1" colspan="1" /><td rowspan="1" colspan="1"><p>150.000</p></td></tr><tr><td rowspan="1" colspan="1" /><td rowspan="1" colspan="1" /><td rowspan="1" colspan="1" /><td rowspan="1" colspan="1"><p>F</p></td><td rowspan="1" colspan="1"><p>3-ODC</p></td><td rowspan="1" colspan="1"><p>1</p></td><td rowspan="1" colspan="1"><p>90</p></td><td rowspan="1" colspan="1"><p>0</p></td><td rowspan="1" colspan="1"><p>1000</p></td><td rowspan="1" colspan="1"><p>150.000</p></td></tr><tr><td rowspan="1" colspan="9"><p>TOTAL - FISCAL</p></td><td rowspan="1" colspan="1"><p>195.000</p></td></tr><tr><td rowspan="1" colspan="9"><p>TOTAL - SEGURIDADE</p></td><td rowspan="1" colspan="1"><p>0</p></td></tr><tr><td rowspan="1" colspan="9"><p>TOTAL - GERAL</p></td><td rowspan="1" colspan="1"><p>195.000</p></td></tr><tr><td rowspan="1" colspan="9" /><td rowspan="1" colspan="1" /></tr><tr><td rowspan="1" colspan="10"><p>ÓRGÃO: 67000 - Ministério da Igualdade Racial</p></td></tr><tr><td rowspan="1" colspan="3"><p>UNIDADE: 67101 - Ministério da Igualdade Racial - Administração Direta</p></td><td rowspan="1" colspan="7" /></tr><tr><td rowspan="1" colspan="3"><p>ANEXO I</p></td><td rowspan="1" colspan="7"><p>Crédito Suplementar</p></td></tr><tr><td rowspan="1" colspan="3"><p>PROGRAMA DE TRABALHO ( SUPLEMENTAÇÃO )</p></td><td rowspan="1" colspan="7"><p>Recurso de Todas as Fontes R$ 1,00</p></td></tr><tr><td rowspan="1" colspan="1"><p>PROGRAMÁTICA</p></td><td rowspan="1" colspan="1"><p>PROGRAMA/AÇÃO/LOCALIZADOR/PRODUTO</p></td><td rowspan="1" colspan="1"><p>FUNCIONAL</p></td><td rowspan="1" colspan="1"><p>E</p><p>S</p><p>F</p></td><td rowspan="1" colspan="1"><p>G</p><p>N</p><p>D</p></td><td rowspan="1" colspan="1"><p>R</p><p>P</p></td><td rowspan="1" colspan="1"><p>M</p><p>O</p><p>D</p></td><td rowspan="1" colspan="1"><p>I</p><p>U</p></td><td rowspan="1" colspan="1"><p>F</p><p>T</p><p>E</p></td><td rowspan="1" colspan="1"><p>VALOR</p></td></tr><tr><td rowspan="1" colspan="1"><p>0032</p></td><td rowspan="1" colspan="1"><p>Programa de Gestão e Manutenção do Poder Executivo</p></td><td rowspan="1" colspan="7" /><td rowspan="1" colspan="1"><p>510.000</p></td></tr><tr><td rowspan="1" colspan="1" /><td rowspan="1" colspan="1"><p>Atividades</p></td><td rowspan="1" colspan="1" /><td rowspan="1" colspan="1" /><td rowspan="1" colspan="1" /><td rowspan="1" colspan="1" /><td rowspan="1" colspan="1" /><td rowspan="1" colspan="1" /><td rowspan="1" colspan="1" /><td rowspan="1" colspan="1" /></tr><tr><td rowspan="1" colspan="1"><p>0032 20TP</p></td><td rowspan="1" colspan="1"><p>Ativos Civis da União</p></td><td rowspan="1" colspan="1"><p>14 122</p></td><td rowspan="1" colspan="1" /><td rowspan="1" colspan="1" /><td rowspan="1" colspan="1" /><td rowspan="1" colspan="1" /><td rowspan="1" colspan="1" /><td rowspan="1" colspan="1" /><td rowspan="1" colspan="1"><p>500.000</p></td></tr><tr><td rowspan="1" colspan="1"><p>0032 20TP 0053</p></td><td rowspan="1" colspan="1"><p>Ativos Civis da União - No Distrito Federal</p></td><td rowspan="1" colspan="1"><p>14 122</p></td><td rowspan="1" colspan="1" /><td rowspan="1" colspan="1" /><td rowspan="1" colspan="1" /><td rowspan="1" colspan="1" /><td rowspan="1" colspan="1" /><td rowspan="1" colspan="1" /><td rowspan="1" colspan="1"><p>500.000</p></td></tr><tr><td rowspan="1" colspan="1" /><td rowspan="1" colspan="1" /><td rowspan="1" colspan="1" /><td rowspan="1" colspan="1"><p>F</p></td><td rowspan="1" colspan="1"><p>1-PES</p></td><td rowspan="1" colspan="1"><p>1</p></td><td rowspan="1" colspan="1"><p>90</p></td><td rowspan="1" colspan="1"><p>0</p></td><td rowspan="1" colspan="1"><p>1000</p></td><td rowspan="1" colspan="1"><p>500.000</p></td></tr><tr><td rowspan="1" colspan="1"><p>0032 212B</p></td><td rowspan="1" colspan="1"><p>Benefícios Obrigatórios aos Servidores Civis, Empregados, Militares e seus Dependentes</p></td><td rowspan="1" colspan="1"><p>14 331</p></td><td rowspan="1" colspan="1" /><td rowspan="1" colspan="1" /><td rowspan="1" colspan="1" /><td rowspan="1" colspan="1" /><td rowspan="1" colspan="1" /><td rowspan="1" colspan="1" /><td rowspan="1" colspan="1"><p>10.000</p></td></tr><tr><td rowspan="1" colspan="1"><p>0032 212B 0053</p></td><td rowspan="1" colspan="1"><p>Benefícios Obrigatórios aos Servidores Civis, Empregados, Militares e seus Dependentes - No Distrito Federal</p></td><td rowspan="1" colspan="1"><p>14 331</p></td><td rowspan="1" colspan="1" /><td rowspan="1" colspan="1" /><td rowspan="1" colspan="1" /><td rowspan="1" colspan="1" /><td rowspan="1" colspan="1" /><td rowspan="1" colspan="1" /><td rowspan="1" colspan="1"><p>10.000</p></td></tr><tr><td rowspan="1" colspan="1" /><td rowspan="1" colspan="1" /><td rowspan="1" colspan="1" /><td rowspan="1" colspan="1"><p>F</p></td><td rowspan="1" colspan="1"><p>3-ODC</p></td><td rowspan="1" colspan="1"><p>1</p></td><td rowspan="1" colspan="1"><p>90</p></td><td rowspan="1" colspan="1"><p>0</p></td><td rowspan="1" colspan="1"><p>1000</p></td><td rowspan="1" colspan="1"><p>10.000</p></td></tr><tr><td rowspan="1" colspan="9"><p>TOTAL - FISCAL</p></td><td rowspan="1" colspan="1"><p>510.000</p></td></tr><tr><td rowspan="1" colspan="9"><p>TOTAL - SEGURIDADE</p></td><td rowspan="1" colspan="1"><p>0</p></td></tr><tr><td rowspan="1" colspan="9"><p>TOTAL - GERAL</p></td><td rowspan="1" colspan="1"><p>510.000</p></td></tr></table>]]></Texto>
  </body>
  <Midias />
</article></xml>