﻿<xml><article id="45719990" name="2025-09-30/11316667/ANMWS_231624" idOficio="11316667" pubName="DO1" artType="Retificação" pubDate="01/10/2025" artClass="00035:00044:00026:00000:00000:00000:00000:00000:00000:00000:00066:00230" artCategory="Ministério de Minas e Energia/Agência Nacional de Mineração/Gerência Regional da ANM no Estado de Santa Catarina" artSize="12" artNotes="" numberPage="101" pdfPage="http://pesquisa.in.gov.br/imprensa/jsp/visualiza/index.jsp?data=01/10/2025&amp;jornal=515&amp;pagina=101" editionNumber="187" highlightType="" highlightPriority="" highlight="" highlightimage="" highlightimagename="" idMateria="23162495">
  <body>
    <Identifica><![CDATA[Despacho]]></Identifica>
    <Data><![CDATA[]]></Data>
    <Ementa />
    <Titulo />
    <SubTitulo />
    <Texto><![CDATA[<p class="identifica">Despacho</p><p class="identifica">Relação nº 230/2025</p><p>Fase de Licenciamento</p><p>Torna sem efeito exigência(766)</p><p>815.344/1999-MONDINI EXTRACAO DE AREIA LTDA-OF. N°19272/2023-DOU de 15/09/2025 - Relação 214/2025 - Gerência Regional / SC</p><p class="assina">JOSE AUGUSTO SIMOES NETO</p><p class="cargo">Gerente</p>]]></Texto>
  </body>
  <Midias />
</article></xml>