﻿<xml><article id="45708205" name="PORT.NA 194 DE 29.09.2025.HABL.M" idOficio="11314971" pubName="DO1" artType="Portaria" pubDate="01/10/2025" artClass="00008:00002:00029:00000:00000:00000:00000:00000:00000:00000:00054:00000" artCategory="Ministério da Agricultura e Pecuária/Secretaria Executiva/Superintendência de Agricultura e Pecuária do Estado do Pernambuco" artSize="12" artNotes="ok" numberPage="10" pdfPage="http://pesquisa.in.gov.br/imprensa/jsp/visualiza/index.jsp?data=01/10/2025&amp;jornal=515&amp;pagina=10" editionNumber="187" highlightType="" highlightPriority="" highlight="" highlightimage="" highlightimagename="" idMateria="23159438">
  <body>
    <Identifica><![CDATA[ Portaria nº 194, de  29 de setembro de 2025]]></Identifica>
    <Data><![CDATA[]]></Data>
    <Ementa />
    <Titulo />
    <SubTitulo />
    <Texto><![CDATA[<p class="identifica">Portaria nº 194, de 29 de setembro de 2025</p><p>O SUPERINTENDENTE FEDERAL DE AGRICULTURA E PECUÁRIA NO ESTADO DE PERNAMBUCO,no uso das atribuições que lhe confere o art. 262 do Regimento Interno da Secretaria Executiva do Ministério da Agricultura e Pecuária, aprovado pela Portaria nº 561, de 11 de abril de 2018, os artigos 41 e 50 do Anexo I ao Decreto nº 11.332, de 1º de janeiro de 2023 e, tendo em vista o disposto no Decreto-Lei nº 818, de 5 de setembro de 1969 e na Instrução Normativa nº 22, de 20 de junho de 2013, além do que consta no processo SEI 21036.002093/2025-36, resolve:</p><p>Art. 1 - HABILITAR a Médica Veterinária NATHALLY SOLANGE SANTIAGO DE FARIAS, CRMV-PE 07788-VP, para a emissão de Guia de Trânsito Animal - GTA para trânsito intraestadual e interestadual de aves e ovos férteis, estando autorizado pelo Serviço de Fiscalização de Insumos e Saúde Animal da Divisão de Defesa Agropecuária da Superintendência Federal de Agricultura do Estado de Pernambuco, para o município de Camaragibe no Estado de Pernambuco, observando normas e dispositivos em vigor.</p><p>Art. 2º Fica o (a) credenciado (a) obrigado (a) a prestar as informações de rotina nos modelos padronizados e atender às convocações e solicitações de esclarecimentos feitas pelo serviço oficial, nos prazos estipulados, sob pena de cancelamento desta habilitação.</p><p>Art. 3º- Esta Portaria entra em vigor na data da sua publicação.</p><p class="assina">Flavio Antônio Costa Miranda Sotero</p><p></p>]]></Texto>
  </body>
  <Midias />
</article></xml>