﻿<xml><article id="45716524" name="PORTARIA NA 692 - 30.09.2025_002" idOficio="11315645" pubName="DO1" artType="Portaria" pubDate="01/10/2025" artClass="00025:00046:00000:00000:00000:00000:00000:00000:00000:00000:00054:00000" artCategory="Ministério da Educação/Secretaria de Regulação e Supervisão da Educação Superior" artSize="24" artNotes="" numberPage="51" pdfPage="http://pesquisa.in.gov.br/imprensa/jsp/visualiza/index.jsp?data=01/10/2025&amp;jornal=515&amp;pagina=51" editionNumber="187" highlightType="" highlightPriority="" highlight="" highlightimage="" highlightimagename="" idMateria="23160502">
  <body>
    <Identifica />
    <Data><![CDATA[]]></Data>
    <Ementa />
    <Titulo />
    <SubTitulo />
    <Texto><![CDATA[<p /><p></p><table><tr><td rowspan="1" colspan="1"><p>73</p></td><td rowspan="1" colspan="1"><p>202518292</p></td><td rowspan="1" colspan="1"><p>Educação Presencial</p></td><td rowspan="1" colspan="1"><p>92819</p></td><td rowspan="1" colspan="1"><p>REDES DE COMPUTADORES</p></td><td rowspan="1" colspan="1"><p>Tecnológico</p></td><td rowspan="1" colspan="1"><p>344</p></td><td rowspan="1" colspan="1"><p>CENTRO UNIVERSITÁRIO UNA</p></td><td rowspan="1" colspan="1"><p>3052</p></td><td rowspan="1" colspan="1"><p>BRASIL EDUCACAO S/A</p></td></tr><tr><td rowspan="1" colspan="1"><p>74</p></td><td rowspan="1" colspan="1"><p>202519830</p></td><td rowspan="1" colspan="1"><p>Educação Presencial</p></td><td rowspan="1" colspan="1"><p>31365</p></td><td rowspan="1" colspan="1"><p>ADMINISTRAÇÃO</p></td><td rowspan="1" colspan="1"><p>Bacharelado</p></td><td rowspan="1" colspan="1"><p>3758</p></td><td rowspan="1" colspan="1"><p>Faculdade UNISUL de Florianópolis</p></td><td rowspan="1" colspan="1"><p>14298</p></td><td rowspan="1" colspan="1"><p>IEDUC - INSTITUTO DE EDUCACAO E CULTURA S/A</p></td></tr><tr><td rowspan="1" colspan="1"><p>75</p></td><td rowspan="1" colspan="1"><p>202518441</p></td><td rowspan="1" colspan="1"><p>Educação Presencial</p></td><td rowspan="1" colspan="1"><p>1374699</p></td><td rowspan="1" colspan="1"><p>PRODUÇÃO MULTIMÍDIA</p></td><td rowspan="1" colspan="1"><p>Tecnológico</p></td><td rowspan="1" colspan="1"><p>466</p></td><td rowspan="1" colspan="1"><p>UNIVERSIDADE ANHEMBI MORUMBI</p></td><td rowspan="1" colspan="1"><p>321</p></td><td rowspan="1" colspan="1"><p>ISCP - SOCIEDADE EDUCACIONAL LTDA.</p></td></tr><tr><td rowspan="1" colspan="1"><p>76</p></td><td rowspan="1" colspan="1"><p>202518343</p></td><td rowspan="1" colspan="1"><p>Educação Presencial</p></td><td rowspan="1" colspan="1"><p>85387</p></td><td rowspan="1" colspan="1"><p>EVENTOS</p></td><td rowspan="1" colspan="1"><p>Tecnológico</p></td><td rowspan="1" colspan="1"><p>349</p></td><td rowspan="1" colspan="1"><p>CENTRO UNIVERSITÁRIO DE BELO HORIZONTE</p></td><td rowspan="1" colspan="1"><p>14298</p></td><td rowspan="1" colspan="1"><p>IEDUC - INSTITUTO DE EDUCACAO E CULTURA S/A</p></td></tr><tr><td rowspan="1" colspan="1"><p>77</p></td><td rowspan="1" colspan="1"><p>202507521</p></td><td rowspan="1" colspan="1"><p>Educação Presencial</p></td><td rowspan="1" colspan="1"><p>1119117</p></td><td rowspan="1" colspan="1"><p>GESTÃO FINANCEIRA</p></td><td rowspan="1" colspan="1"><p>Tecnológico</p></td><td rowspan="1" colspan="1"><p>2793</p></td><td rowspan="1" colspan="1"><p>Faculdade FIA de Gestão e Tecnologia</p></td><td rowspan="1" colspan="1"><p>2689</p></td><td rowspan="1" colspan="1"><p>FUNDACAO INSTITUTO DE ADMINISTRACAO</p></td></tr><tr><td rowspan="1" colspan="1"><p>78</p></td><td rowspan="1" colspan="1"><p>202517269</p></td><td rowspan="1" colspan="1"><p>Educação Presencial</p></td><td rowspan="1" colspan="1"><p>95517</p></td><td rowspan="1" colspan="1"><p>GESTÃO DE RECURSOS HUMANOS</p></td><td rowspan="1" colspan="1"><p>Sequencial</p></td><td rowspan="1" colspan="1"><p>203</p></td><td rowspan="1" colspan="1"><p>UNIVERSIDADE SÃO JUDAS TADEU</p></td><td rowspan="1" colspan="1"><p>143</p></td><td rowspan="1" colspan="1"><p>AMC - SERVICOS EDUCACIONAIS LTDA</p></td></tr><tr><td rowspan="1" colspan="1"><p>79</p></td><td rowspan="1" colspan="1"><p>202519025</p></td><td rowspan="1" colspan="1"><p>Educação Presencial</p></td><td rowspan="1" colspan="1"><p>109648</p></td><td rowspan="1" colspan="1"><p>GESTÃO AMBIENTAL</p></td><td rowspan="1" colspan="1"><p>Tecnológico</p></td><td rowspan="1" colspan="1"><p>668</p></td><td rowspan="1" colspan="1"><p>CENTRO UNIVERSITÁRIO DE ENSINO SUPERIOR DO AMAZONAS</p></td><td rowspan="1" colspan="1"><p>18648</p></td><td rowspan="1" colspan="1"><p>WD EDUCACIONAL LTDA</p></td></tr><tr><td rowspan="1" colspan="1"><p>80</p></td><td rowspan="1" colspan="1"><p>202518289</p></td><td rowspan="1" colspan="1"><p>Educação Presencial</p></td><td rowspan="1" colspan="1"><p>93401</p></td><td rowspan="1" colspan="1"><p>HISTÓRIA</p></td><td rowspan="1" colspan="1"><p>Licenciatura</p></td><td rowspan="1" colspan="1"><p>344</p></td><td rowspan="1" colspan="1"><p>CENTRO UNIVERSITÁRIO UNA</p></td><td rowspan="1" colspan="1"><p>3052</p></td><td rowspan="1" colspan="1"><p>BRASIL EDUCACAO S/A</p></td></tr><tr><td rowspan="1" colspan="1"><p>81</p></td><td rowspan="1" colspan="1"><p>202512305</p></td><td rowspan="1" colspan="1"><p>Educação Presencial</p></td><td rowspan="1" colspan="1"><p>5000966</p></td><td rowspan="1" colspan="1"><p>CIÊNCIAS CONTÁBEIS</p></td><td rowspan="1" colspan="1"><p>Bacharelado</p></td><td rowspan="1" colspan="1"><p>5314</p></td><td rowspan="1" colspan="1"><p>Faculdades Doctum de Guarapari</p></td><td rowspan="1" colspan="1"><p>218</p></td><td rowspan="1" colspan="1"><p>INSTITUTO ENSINAR BRASIL</p></td></tr><tr><td rowspan="1" colspan="1"><p>82</p></td><td rowspan="1" colspan="1"><p>202518385</p></td><td rowspan="1" colspan="1"><p>Educação Presencial</p></td><td rowspan="1" colspan="1"><p>50866</p></td><td rowspan="1" colspan="1"><p>DESIGN</p></td><td rowspan="1" colspan="1"><p>Bacharelado</p></td><td rowspan="1" colspan="1"><p>448</p></td><td rowspan="1" colspan="1"><p>CENTRO UNIVERSITÁRIO RITTER DOS REIS</p></td><td rowspan="1" colspan="1"><p>313</p></td><td rowspan="1" colspan="1"><p>SOCIEDADE DE EDUCACAO RITTER DOS REIS LTDA.</p></td></tr><tr><td rowspan="1" colspan="1"><p>83</p></td><td rowspan="1" colspan="1"><p>202512372</p></td><td rowspan="1" colspan="1"><p>Educação Presencial</p></td><td rowspan="1" colspan="1"><p>46746</p></td><td rowspan="1" colspan="1"><p>TURISMO</p></td><td rowspan="1" colspan="1"><p>Bacharelado</p></td><td rowspan="1" colspan="1"><p>1243</p></td><td rowspan="1" colspan="1"><p>Faculdade Doctum de Serra</p></td><td rowspan="1" colspan="1"><p>218</p></td><td rowspan="1" colspan="1"><p>INSTITUTO ENSINAR BRASIL</p></td></tr><tr><td rowspan="1" colspan="1"><p>84</p></td><td rowspan="1" colspan="1"><p>202519833</p></td><td rowspan="1" colspan="1"><p>Educação Presencial</p></td><td rowspan="1" colspan="1"><p>33192</p></td><td rowspan="1" colspan="1"><p>ADMINISTRAÇÃO</p></td><td rowspan="1" colspan="1"><p>Bacharelado</p></td><td rowspan="1" colspan="1"><p>3758</p></td><td rowspan="1" colspan="1"><p>Faculdade UNISUL de Florianópolis</p></td><td rowspan="1" colspan="1"><p>14298</p></td><td rowspan="1" colspan="1"><p>IEDUC - INSTITUTO DE EDUCACAO E CULTURA S/A</p></td></tr><tr><td rowspan="1" colspan="1"><p>85</p></td><td rowspan="1" colspan="1"><p>202519723</p></td><td rowspan="1" colspan="1"><p>Educação Presencial</p></td><td rowspan="1" colspan="1"><p>1282902</p></td><td rowspan="1" colspan="1"><p>COMÉRCIO EXTERIOR</p></td><td rowspan="1" colspan="1"><p>Tecnológico</p></td><td rowspan="1" colspan="1"><p>2950</p></td><td rowspan="1" colspan="1"><p>Centro Universitário FADERGS</p></td><td rowspan="1" colspan="1"><p>1913</p></td><td rowspan="1" colspan="1"><p>FADERGS - FACULDADE DE DESENVOLVIMENTO DO RIO GRANDE DO SUL LTDA.</p></td></tr><tr><td rowspan="1" colspan="1"><p>86</p></td><td rowspan="1" colspan="1"><p>202518430</p></td><td rowspan="1" colspan="1"><p>Educação Presencial</p></td><td rowspan="1" colspan="1"><p>72249</p></td><td rowspan="1" colspan="1"><p>CONFEITARIA E PANIFICAÇÃO</p></td><td rowspan="1" colspan="1"><p>Sequencial</p></td><td rowspan="1" colspan="1"><p>466</p></td><td rowspan="1" colspan="1"><p>UNIVERSIDADE ANHEMBI MORUMBI</p></td><td rowspan="1" colspan="1"><p>321</p></td><td rowspan="1" colspan="1"><p>ISCP - SOCIEDADE EDUCACIONAL LTDA.</p></td></tr><tr><td rowspan="1" colspan="1"><p>87</p></td><td rowspan="1" colspan="1"><p>202520024</p></td><td rowspan="1" colspan="1"><p>Educação Presencial</p></td><td rowspan="1" colspan="1"><p>22333</p></td><td rowspan="1" colspan="1"><p>LETRAS - PORTUGUÊS E INGLÊS</p></td><td rowspan="1" colspan="1"><p>Licenciatura</p></td><td rowspan="1" colspan="1"><p>438</p></td><td rowspan="1" colspan="1"><p>FACULDADE DE FILOSOFIA CIÊNCIAS E LETRAS DE ITUVERAVA</p></td><td rowspan="1" colspan="1"><p>306</p></td><td rowspan="1" colspan="1"><p>FUNDACAO EDUCACIONAL DE ITUVERAVA</p></td></tr><tr><td rowspan="1" colspan="1"><p>88</p></td><td rowspan="1" colspan="1"><p>202522270</p></td><td rowspan="1" colspan="1"><p>Educação Presencial</p></td><td rowspan="1" colspan="1"><p>81849</p></td><td rowspan="1" colspan="1"><p>QUÍMICA</p></td><td rowspan="1" colspan="1"><p>Licenciatura</p></td><td rowspan="1" colspan="1"><p>386</p></td><td rowspan="1" colspan="1"><p>CENTRO UNIVERSITÁRIO DE GOIÁS</p></td><td rowspan="1" colspan="1"><p>269</p></td><td rowspan="1" colspan="1"><p>SOCIEDADE ANHANGUERA DE ENSINO LTDA</p></td></tr><tr><td rowspan="1" colspan="1"><p>89</p></td><td rowspan="1" colspan="1"><p>202518685</p></td><td rowspan="1" colspan="1"><p>Educação Presencial</p></td><td rowspan="1" colspan="1"><p>1204454</p></td><td rowspan="1" colspan="1"><p>GASTRONOMIA</p></td><td rowspan="1" colspan="1"><p>Tecnológico</p></td><td rowspan="1" colspan="1"><p>1716</p></td><td rowspan="1" colspan="1"><p>Centro Universitário União das Américas Descomplica</p></td><td rowspan="1" colspan="1"><p>18192</p></td><td rowspan="1" colspan="1"><p>AIUA EDUCACIONAL LTDA</p></td></tr><tr><td rowspan="1" colspan="1"><p>90</p></td><td rowspan="1" colspan="1"><p>202518379</p></td><td rowspan="1" colspan="1"><p>Educação Presencial</p></td><td rowspan="1" colspan="1"><p>8548</p></td><td rowspan="1" colspan="1"><p>ADMINISTRAÇÃO</p></td><td rowspan="1" colspan="1"><p>Bacharelado</p></td><td rowspan="1" colspan="1"><p>448</p></td><td rowspan="1" colspan="1"><p>CENTRO UNIVERSITÁRIO RITTER DOS REIS</p></td><td rowspan="1" colspan="1"><p>313</p></td><td rowspan="1" colspan="1"><p>SOCIEDADE DE EDUCACAO RITTER DOS REIS LTDA.</p></td></tr><tr><td rowspan="1" colspan="1"><p>91</p></td><td rowspan="1" colspan="1"><p>202507244</p></td><td rowspan="1" colspan="1"><p>Educação Presencial</p></td><td rowspan="1" colspan="1"><p>75803</p></td><td rowspan="1" colspan="1"><p>MARKETING</p></td><td rowspan="1" colspan="1"><p>Tecnológico</p></td><td rowspan="1" colspan="1"><p>472</p></td><td rowspan="1" colspan="1"><p>Afya Universidade Unigranrio</p></td><td rowspan="1" colspan="1"><p>326</p></td><td rowspan="1" colspan="1"><p>COMPANHIA NILZA CORDEIRO HERDY DE EDUCACAO E CULTURA</p></td></tr><tr><td rowspan="1" colspan="1"><p>92</p></td><td rowspan="1" colspan="1"><p>202506256</p></td><td rowspan="1" colspan="1"><p>Educação Presencial</p></td><td rowspan="1" colspan="1"><p>14636</p></td><td rowspan="1" colspan="1"><p>LICENCIATURA PLENA EM MATÉRIAS</p></td><td rowspan="1" colspan="1"><p>Licenciatura</p></td><td rowspan="1" colspan="1"><p>600</p></td><td rowspan="1" colspan="1"><p>INSTITUTO FEDERAL DE EDUCAÇÃO, CIÊNCIA E</p></td><td rowspan="1" colspan="1"><p>15676</p></td><td rowspan="1" colspan="1"><p>INSTITUTO FEDERAL DE EDUCACAO, CIENCIA E TECNOLOGIA DO MARANHAO</p></td></tr><tr><td rowspan="1" colspan="1" /><td rowspan="1" colspan="1" /><td rowspan="1" colspan="1" /><td rowspan="1" colspan="1" /><td rowspan="1" colspan="1"><p>ESPECÍFICAS DO ENSINO MÉDIO</p></td><td rowspan="1" colspan="1" /><td rowspan="1" colspan="1" /><td rowspan="1" colspan="1"><p>TECNOLOGIA DO MARANHÃO</p></td><td rowspan="1" colspan="1" /><td rowspan="1" colspan="1" /></tr><tr><td rowspan="1" colspan="1"><p>93</p></td><td rowspan="1" colspan="1"><p>202518598</p></td><td rowspan="1" colspan="1"><p>Educação Presencial</p></td><td rowspan="1" colspan="1"><p>1154355</p></td><td rowspan="1" colspan="1"><p>HOTELARIA</p></td><td rowspan="1" colspan="1"><p>Bacharelado</p></td><td rowspan="1" colspan="1"><p>712</p></td><td rowspan="1" colspan="1"><p>CENTRO UNIVERSITÁRIO IBMR</p></td><td rowspan="1" colspan="1"><p>475</p></td><td rowspan="1" colspan="1"><p>INSTITUTO BRASILEIRO DE MEDICINA DE REABILITACAO LTDA</p></td></tr><tr><td rowspan="1" colspan="1"><p>94</p></td><td rowspan="1" colspan="1"><p>202519831</p></td><td rowspan="1" colspan="1"><p>Educação Presencial</p></td><td rowspan="1" colspan="1"><p>22824</p></td><td rowspan="1" colspan="1"><p>ADMINISTRAÇÃO</p></td><td rowspan="1" colspan="1"><p>Bacharelado</p></td><td rowspan="1" colspan="1"><p>3758</p></td><td rowspan="1" colspan="1"><p>Faculdade UNISUL de Florianópolis</p></td><td rowspan="1" colspan="1"><p>14298</p></td><td rowspan="1" colspan="1"><p>IEDUC - INSTITUTO DE EDUCACAO E CULTURA S/A</p></td></tr><tr><td rowspan="1" colspan="1"><p>95</p></td><td rowspan="1" colspan="1"><p>202519785</p></td><td rowspan="1" colspan="1"><p>Educação Presencial</p></td><td rowspan="1" colspan="1"><p>30351</p></td><td rowspan="1" colspan="1"><p>PEDAGOGIA</p></td><td rowspan="1" colspan="1"><p>Licenciatura</p></td><td rowspan="1" colspan="1"><p>3319</p></td><td rowspan="1" colspan="1"><p>Instituto Universitário Una de Catalão</p></td><td rowspan="1" colspan="1"><p>2095</p></td><td rowspan="1" colspan="1"><p>SOCIEDADE CATALANA DE EDUCACAO LTDA</p></td></tr><tr><td rowspan="1" colspan="1"><p>96</p></td><td rowspan="1" colspan="1"><p>202507577</p></td><td rowspan="1" colspan="1"><p>Educação Presencial</p></td><td rowspan="1" colspan="1"><p>1303673</p></td><td rowspan="1" colspan="1"><p>PROCESSOS GERENCIAIS</p></td><td rowspan="1" colspan="1"><p>Tecnológico</p></td><td rowspan="1" colspan="1"><p>1345</p></td><td rowspan="1" colspan="1"><p>FACULDADE ANHANGUERA DE OSASCO</p></td><td rowspan="1" colspan="1"><p>16452</p></td><td rowspan="1" colspan="1"><p>ANHANGUERA EDUCACIONAL PARTICIPACOES S/A</p></td></tr><tr><td rowspan="1" colspan="1"><p>97</p></td><td rowspan="1" colspan="1"><p>202518390</p></td><td rowspan="1" colspan="1"><p>Educação Presencial</p></td><td rowspan="1" colspan="1"><p>1160601</p></td><td rowspan="1" colspan="1"><p>MARKETING</p></td><td rowspan="1" colspan="1"><p>Tecnológico</p></td><td rowspan="1" colspan="1"><p>448</p></td><td rowspan="1" colspan="1"><p>CENTRO UNIVERSITÁRIO RITTER DOS REIS</p></td><td rowspan="1" colspan="1"><p>313</p></td><td rowspan="1" colspan="1"><p>SOCIEDADE DE EDUCACAO RITTER DOS REIS LTDA.</p></td></tr><tr><td rowspan="1" colspan="1"><p>98</p></td><td rowspan="1" colspan="1"><p>202518408</p></td><td rowspan="1" colspan="1"><p>Educação Presencial</p></td><td rowspan="1" colspan="1"><p>28257</p></td><td rowspan="1" colspan="1"><p>ENGENHARIA</p></td><td rowspan="1" colspan="1"><p>Bacharelado</p></td><td rowspan="1" colspan="1"><p>466</p></td><td rowspan="1" colspan="1"><p>UNIVERSIDADE ANHEMBI MORUMBI</p></td><td rowspan="1" colspan="1"><p>321</p></td><td rowspan="1" colspan="1"><p>ISCP - SOCIEDADE EDUCACIONAL LTDA.</p></td></tr><tr><td rowspan="1" colspan="1"><p>99</p></td><td rowspan="1" colspan="1"><p>202518381</p></td><td rowspan="1" colspan="1"><p>Educação Presencial</p></td><td rowspan="1" colspan="1"><p>22318</p></td><td rowspan="1" colspan="1"><p>LETRAS - LÍNGUA PORTUGUESA</p></td><td rowspan="1" colspan="1"><p>Licenciatura</p></td><td rowspan="1" colspan="1"><p>448</p></td><td rowspan="1" colspan="1"><p>CENTRO UNIVERSITÁRIO RITTER DOS REIS</p></td><td rowspan="1" colspan="1"><p>313</p></td><td rowspan="1" colspan="1"><p>SOCIEDADE DE EDUCACAO RITTER DOS REIS LTDA.</p></td></tr><tr><td rowspan="1" colspan="1"><p>100</p></td><td rowspan="1" colspan="1"><p>202521354</p></td><td rowspan="1" colspan="1"><p>Educação Presencial</p></td><td rowspan="1" colspan="1"><p>60335</p></td><td rowspan="1" colspan="1"><p>ENFERMAGEM</p></td><td rowspan="1" colspan="1"><p>Bacharelado</p></td><td rowspan="1" colspan="1"><p>3372</p></td><td rowspan="1" colspan="1"><p>CENTRO UNIVERSITÁRIO DE LAVRAS</p></td><td rowspan="1" colspan="1"><p>2129</p></td><td rowspan="1" colspan="1"><p>FUNDACAO EDUCACIONAL DE LAVRAS</p></td></tr><tr><td rowspan="1" colspan="1"><p>101</p></td><td rowspan="1" colspan="1"><p>202518337</p></td><td rowspan="1" colspan="1"><p>Educação Presencial</p></td><td rowspan="1" colspan="1"><p>64826</p></td><td rowspan="1" colspan="1"><p>ECOLOGIA</p></td><td rowspan="1" colspan="1"><p>Bacharelado</p></td><td rowspan="1" colspan="1"><p>349</p></td><td rowspan="1" colspan="1"><p>CENTRO UNIVERSITÁRIO DE BELO HORIZONTE</p></td><td rowspan="1" colspan="1"><p>14298</p></td><td rowspan="1" colspan="1"><p>IEDUC - INSTITUTO DE EDUCACAO E CULTURA S/A</p></td></tr><tr><td rowspan="1" colspan="1"><p>102</p></td><td rowspan="1" colspan="1"><p>202518576</p></td><td rowspan="1" colspan="1"><p>Educação Presencial</p></td><td rowspan="1" colspan="1"><p>115968</p></td><td rowspan="1" colspan="1"><p>ENGENHARIA DE PETRÓLEO E GÁS</p></td><td rowspan="1" colspan="1"><p>Bacharelado</p></td><td rowspan="1" colspan="1"><p>502</p></td><td rowspan="1" colspan="1"><p>CENTRO UNIVERSITÁRIO SÃO JUDAS TADEU</p></td><td rowspan="1" colspan="1"><p>346</p></td><td rowspan="1" colspan="1"><p>INSTITUTO DE EDUCACAO, CULTURA E ENSINO SUPERIOR S/A</p></td></tr><tr><td rowspan="1" colspan="1"><p>103</p></td><td rowspan="1" colspan="1"><p>202519411</p></td><td rowspan="1" colspan="1"><p>Educação Presencial</p></td><td rowspan="1" colspan="1"><p>19339</p></td><td rowspan="1" colspan="1"><p>CIÊNCIAS BIOLÓGICAS</p></td><td rowspan="1" colspan="1"><p>Licenciatura</p></td><td rowspan="1" colspan="1"><p>423</p></td><td rowspan="1" colspan="1"><p>UNIVERSIDADE REGIONAL INTEGRADA DO ALTO</p></td><td rowspan="1" colspan="1"><p>295</p></td><td rowspan="1" colspan="1"><p>FUNDACAO REGIONAL INTEGRADA</p></td></tr><tr><td rowspan="1" colspan="1" /><td rowspan="1" colspan="1" /><td rowspan="1" colspan="1" /><td rowspan="1" colspan="1" /><td rowspan="1" colspan="1" /><td rowspan="1" colspan="1" /><td rowspan="1" colspan="1" /><td rowspan="1" colspan="1"><p>URUGUAI E DAS MISSÕES</p></td><td rowspan="1" colspan="1" /><td rowspan="1" colspan="1" /></tr><tr><td rowspan="1" colspan="1"><p>104</p></td><td rowspan="1" colspan="1"><p>202520611</p></td><td rowspan="1" colspan="1"><p>Educação Presencial</p></td><td rowspan="1" colspan="1"><p>1151066</p></td><td rowspan="1" colspan="1"><p>PROCESSOS GERENCIAIS</p></td><td rowspan="1" colspan="1"><p>Tecnológico</p></td><td rowspan="1" colspan="1"><p>146</p></td><td rowspan="1" colspan="1"><p>CENTRO UNIVERSITÁRIO DE RIO PRETO</p></td><td rowspan="1" colspan="1"><p>2013</p></td><td rowspan="1" colspan="1"><p>SOCIEDADE DE EDUCACAO E CULTURA DE SAO JOSE DO RIO PRETO LTDA.</p></td></tr><tr><td rowspan="1" colspan="1"><p>105</p></td><td rowspan="1" colspan="1"><p>202519832</p></td><td rowspan="1" colspan="1"><p>Educação Presencial</p></td><td rowspan="1" colspan="1"><p>32227</p></td><td rowspan="1" colspan="1"><p>ADMINISTRAÇÃO</p></td><td rowspan="1" colspan="1"><p>Bacharelado</p></td><td rowspan="1" colspan="1"><p>3758</p></td><td rowspan="1" colspan="1"><p>Faculdade UNISUL de Florianópolis</p></td><td rowspan="1" colspan="1"><p>14298</p></td><td rowspan="1" colspan="1"><p>IEDUC - INSTITUTO DE EDUCACAO E CULTURA S/A</p></td></tr><tr><td rowspan="1" colspan="1"><p>106</p></td><td rowspan="1" colspan="1"><p>202519958</p></td><td rowspan="1" colspan="1"><p>Educação Presencial</p></td><td rowspan="1" colspan="1"><p>102898</p></td><td rowspan="1" colspan="1"><p>PEDAGOGIA</p></td><td rowspan="1" colspan="1"><p>Licenciatura</p></td><td rowspan="1" colspan="1"><p>15452</p></td><td rowspan="1" colspan="1"><p>CENTRO UNIVERSITÁRIO UNA DE BOM DESPACHO</p></td><td rowspan="1" colspan="1"><p>1117</p></td><td rowspan="1" colspan="1"><p>FACEB EDUCACAO LTDA</p></td></tr><tr><td rowspan="1" colspan="1"><p>107</p></td><td rowspan="1" colspan="1"><p>202505254</p></td><td rowspan="1" colspan="1"><p>Educação Presencial</p></td><td rowspan="1" colspan="1"><p>122714</p></td><td rowspan="1" colspan="1"><p>GESTÃO COMERCIAL</p></td><td rowspan="1" colspan="1"><p>Tecnológico</p></td><td rowspan="1" colspan="1"><p>375</p></td><td rowspan="1" colspan="1"><p>UNIVERSIDADE SANTO AMARO</p></td><td rowspan="1" colspan="1"><p>488</p></td><td rowspan="1" colspan="1"><p>OBRAS SOCIAIS E EDUCACIONAIS DE LUZ</p></td></tr><tr><td rowspan="1" colspan="1"><p>108</p></td><td rowspan="1" colspan="1"><p>202518276</p></td><td rowspan="1" colspan="1"><p>Educação Presencial</p></td><td rowspan="1" colspan="1"><p>80772</p></td><td rowspan="1" colspan="1"><p>COMUNICAÇÃO SOCIAL</p></td><td rowspan="1" colspan="1"><p>Bacharelado</p></td><td rowspan="1" colspan="1"><p>344</p></td><td rowspan="1" colspan="1"><p>CENTRO UNIVERSITÁRIO UNA</p></td><td rowspan="1" colspan="1"><p>3052</p></td><td rowspan="1" colspan="1"><p>BRASIL EDUCACAO S/A</p></td></tr><tr><td rowspan="1" colspan="1"><p>109</p></td><td rowspan="1" colspan="1"><p>202518280</p></td><td rowspan="1" colspan="1"><p>Educação Presencial</p></td><td rowspan="1" colspan="1"><p>68366</p></td><td rowspan="1" colspan="1"><p>NORMAL SUPERIOR</p></td><td rowspan="1" colspan="1"><p>Licenciatura</p></td><td rowspan="1" colspan="1"><p>5314</p></td><td rowspan="1" colspan="1"><p>Faculdades Doctum de Guarapari</p></td><td rowspan="1" colspan="1"><p>218</p></td><td rowspan="1" colspan="1"><p>INSTITUTO ENSINAR BRASIL</p></td></tr><tr><td rowspan="1" colspan="1"><p>110</p></td><td rowspan="1" colspan="1"><p>202506260</p></td><td rowspan="1" colspan="1"><p>Educação Presencial</p></td><td rowspan="1" colspan="1"><p>62680</p></td><td rowspan="1" colspan="1"><p>INFORMÁTICA</p></td><td rowspan="1" colspan="1"><p>Licenciatura</p></td><td rowspan="1" colspan="1"><p>600</p></td><td rowspan="1" colspan="1"><p>INSTITUTO FEDERAL DE EDUCAÇÃO, CIÊNCIA E</p></td><td rowspan="1" colspan="1"><p>15676</p></td><td rowspan="1" colspan="1"><p>INSTITUTO FEDERAL DE EDUCACAO, CIENCIA E TECNOLOGIA DO MARANHAO</p></td></tr><tr><td rowspan="1" colspan="1" /><td rowspan="1" colspan="1" /><td rowspan="1" colspan="1" /><td rowspan="1" colspan="1" /><td rowspan="1" colspan="1" /><td rowspan="1" colspan="1" /><td rowspan="1" colspan="1" /><td rowspan="1" colspan="1"><p>TECNOLOGIA DO MARANHÃO</p></td><td rowspan="1" colspan="1" /><td rowspan="1" colspan="1" /></tr><tr><td rowspan="1" colspan="1"><p>111</p></td><td rowspan="1" colspan="1"><p>202518342</p></td><td rowspan="1" colspan="1"><p>Educação Presencial</p></td><td rowspan="1" colspan="1"><p>79535</p></td><td rowspan="1" colspan="1"><p>MARKETING</p></td><td rowspan="1" colspan="1"><p>Tecnológico</p></td><td rowspan="1" colspan="1"><p>349</p></td><td rowspan="1" colspan="1"><p>CENTRO UNIVERSITÁRIO DE BELO HORIZONTE</p></td><td rowspan="1" colspan="1"><p>14298</p></td><td rowspan="1" colspan="1"><p>IEDUC - INSTITUTO DE EDUCACAO E CULTURA S/A</p></td></tr><tr><td rowspan="1" colspan="1"><p>112</p></td><td rowspan="1" colspan="1"><p>202519397</p></td><td rowspan="1" colspan="1"><p>Educação Presencial</p></td><td rowspan="1" colspan="1"><p>1170452</p></td><td rowspan="1" colspan="1"><p>LETRAS - LÍNGUA PORTUGUESA</p></td><td rowspan="1" colspan="1"><p>Licenciatura</p></td><td rowspan="1" colspan="1"><p>423</p></td><td rowspan="1" colspan="1"><p>UNIVERSIDADE REGIONAL INTEGRADA DO</p></td><td rowspan="1" colspan="1"><p>295</p></td><td rowspan="1" colspan="1"><p>FUNDACAO REGIONAL INTEGRADA</p></td></tr><tr><td rowspan="1" colspan="1" /><td rowspan="1" colspan="1" /><td rowspan="1" colspan="1" /><td rowspan="1" colspan="1" /><td rowspan="1" colspan="1" /><td rowspan="1" colspan="1" /><td rowspan="1" colspan="1" /><td rowspan="1" colspan="1"><p>ALTO URUGUAI E DAS MISSÕES</p></td><td rowspan="1" colspan="1" /><td rowspan="1" colspan="1" /></tr><tr><td rowspan="1" colspan="1"><p>113</p></td><td rowspan="1" colspan="1"><p>202517278</p></td><td rowspan="1" colspan="1"><p>Educação Presencial</p></td><td rowspan="1" colspan="1"><p>26242</p></td><td rowspan="1" colspan="1"><p>TEATRO</p></td><td rowspan="1" colspan="1"><p>Licenciatura</p></td><td rowspan="1" colspan="1"><p>203</p></td><td rowspan="1" colspan="1"><p>UNIVERSIDADE SÃO JUDAS TADEU</p></td><td rowspan="1" colspan="1"><p>143</p></td><td rowspan="1" colspan="1"><p>AMC - SERVICOS EDUCACIONAIS LTDA</p></td></tr><tr><td rowspan="1" colspan="1"><p>114</p></td><td rowspan="1" colspan="1"><p>202507242</p></td><td rowspan="1" colspan="1"><p>Educação Presencial</p></td><td rowspan="1" colspan="1"><p>75805</p></td><td rowspan="1" colspan="1"><p>GESTÃO DE RECURSOS HUMANOS</p></td><td rowspan="1" colspan="1"><p>Tecnológico</p></td><td rowspan="1" colspan="1"><p>472</p></td><td rowspan="1" colspan="1"><p>Afya Universidade Unigranrio</p></td><td rowspan="1" colspan="1"><p>326</p></td><td rowspan="1" colspan="1"><p>COMPANHIA NILZA CORDEIRO HERDY DE EDUCACAO E CULTURA</p></td></tr><tr><td rowspan="1" colspan="1"><p>115</p></td><td rowspan="1" colspan="1"><p>202519021</p></td><td rowspan="1" colspan="1"><p>Educação Presencial</p></td><td rowspan="1" colspan="1"><p>106964</p></td><td rowspan="1" colspan="1"><p>PEDAGOGIA</p></td><td rowspan="1" colspan="1"><p>Licenciatura</p></td><td rowspan="1" colspan="1"><p>668</p></td><td rowspan="1" colspan="1"><p>CENTRO UNIVERSITÁRIO DE ENSINO SUPERIOR</p></td><td rowspan="1" colspan="1"><p>18648</p></td><td rowspan="1" colspan="1"><p>WD EDUCACIONAL LTDA</p></td></tr><tr><td rowspan="1" colspan="1" /><td rowspan="1" colspan="1" /><td rowspan="1" colspan="1" /><td rowspan="1" colspan="1" /><td rowspan="1" colspan="1" /><td rowspan="1" colspan="1" /><td rowspan="1" colspan="1" /><td rowspan="1" colspan="1"><p>DO AMAZONAS</p></td><td rowspan="1" colspan="1" /><td rowspan="1" colspan="1" /></tr><tr><td rowspan="1" colspan="1"><p>116</p></td><td rowspan="1" colspan="1"><p>202518406</p></td><td rowspan="1" colspan="1"><p>Educação Presencial</p></td><td rowspan="1" colspan="1"><p>24885</p></td><td rowspan="1" colspan="1"><p>ENGENHARIA CIVIL</p></td><td rowspan="1" colspan="1"><p>Bacharelado</p></td><td rowspan="1" colspan="1"><p>466</p></td><td rowspan="1" colspan="1"><p>UNIVERSIDADE ANHEMBI MORUMBI</p></td><td rowspan="1" colspan="1"><p>321</p></td><td rowspan="1" colspan="1"><p>ISCP - SOCIEDADE EDUCACIONAL LTDA.</p></td></tr><tr><td rowspan="1" colspan="1"><p>117</p></td><td rowspan="1" colspan="1"><p>202512297</p></td><td rowspan="1" colspan="1"><p>Educação Presencial</p></td><td rowspan="1" colspan="1"><p>105259</p></td><td rowspan="1" colspan="1"><p>GESTÃO DE RECURSOS HUMANOS</p></td><td rowspan="1" colspan="1"><p>Tecnológico</p></td><td rowspan="1" colspan="1"><p>1558</p></td><td rowspan="1" colspan="1"><p>Faculdade Doctum de João Monlevade</p></td><td rowspan="1" colspan="1"><p>218</p></td><td rowspan="1" colspan="1"><p>INSTITUTO ENSINAR BRASIL</p></td></tr><tr><td rowspan="1" colspan="1"><p>118</p></td><td rowspan="1" colspan="1"><p>202519714</p></td><td rowspan="1" colspan="1"><p>Educação Presencial</p></td><td rowspan="1" colspan="1"><p>106970</p></td><td rowspan="1" colspan="1"><p>REDES DE COMPUTADORES</p></td><td rowspan="1" colspan="1"><p>Tecnológico</p></td><td rowspan="1" colspan="1"><p>4766</p></td><td rowspan="1" colspan="1"><p>Centro Universitário UNA de Contagem</p></td><td rowspan="1" colspan="1"><p>3052</p></td><td rowspan="1" colspan="1"><p>BRASIL EDUCACAO S/A</p></td></tr><tr><td rowspan="1" colspan="1"><p>119</p></td><td rowspan="1" colspan="1"><p>202518572</p></td><td rowspan="1" colspan="1"><p>Educação Presencial</p></td><td rowspan="1" colspan="1"><p>98494</p></td><td rowspan="1" colspan="1"><p>PETRÓLEO E GÁS</p></td><td rowspan="1" colspan="1"><p>Tecnológico</p></td><td rowspan="1" colspan="1"><p>502</p></td><td rowspan="1" colspan="1"><p>CENTRO UNIVERSITÁRIO SÃO JUDAS TADEU</p></td><td rowspan="1" colspan="1"><p>346</p></td><td rowspan="1" colspan="1"><p>INSTITUTO DE EDUCACAO, CULTURA E ENSINO SUPERIOR S/A</p></td></tr><tr><td rowspan="1" colspan="1"><p>120</p></td><td rowspan="1" colspan="1"><p>202506143</p></td><td rowspan="1" colspan="1"><p>Educação Presencial</p></td><td rowspan="1" colspan="1"><p>29957</p></td><td rowspan="1" colspan="1"><p>DESENHO INDUSTRIAL</p></td><td rowspan="1" colspan="1"><p>Bacharelado</p></td><td rowspan="1" colspan="1"><p>298</p></td><td rowspan="1" colspan="1"><p>Universidade Pitágoras Unopar Anhanguera</p></td><td rowspan="1" colspan="1"><p>14514</p></td><td rowspan="1" colspan="1"><p>EDITORA E DISTRIBUIDORA EDUCACIONAL S/A</p></td></tr><tr><td rowspan="1" colspan="1"><p>121</p></td><td rowspan="1" colspan="1"><p>202519110</p></td><td rowspan="1" colspan="1"><p>Educação Presencial</p></td><td rowspan="1" colspan="1"><p>20652</p></td><td rowspan="1" colspan="1"><p>COMUNICAÇÃO SOCIAL</p></td><td rowspan="1" colspan="1"><p>Bacharelado</p></td><td rowspan="1" colspan="1"><p>1419</p></td><td rowspan="1" colspan="1"><p>CENTRO UNIVERSITÁRIO CURITIBA</p></td><td rowspan="1" colspan="1"><p>325</p></td><td rowspan="1" colspan="1"><p>INSTITUTO DE EDUCACAO UNICURITIBA LTDA</p></td></tr><tr><td rowspan="1" colspan="1"><p>122</p></td><td rowspan="1" colspan="1"><p>202518428</p></td><td rowspan="1" colspan="1"><p>Educação Presencial</p></td><td rowspan="1" colspan="1"><p>59702</p></td><td rowspan="1" colspan="1"><p>NUTRIÇÃO</p></td><td rowspan="1" colspan="1"><p>Tecnológico</p></td><td rowspan="1" colspan="1"><p>466</p></td><td rowspan="1" colspan="1"><p>UNIVERSIDADE ANHEMBI MORUMBI</p></td><td rowspan="1" colspan="1"><p>321</p></td><td rowspan="1" colspan="1"><p>ISCP - SOCIEDADE EDUCACIONAL LTDA.</p></td></tr><tr><td rowspan="1" colspan="1"><p>123</p></td><td rowspan="1" colspan="1"><p>202520464</p></td><td rowspan="1" colspan="1"><p>Educação Presencial</p></td><td rowspan="1" colspan="1"><p>110448</p></td><td rowspan="1" colspan="1"><p>ENGENHARIA AMBIENTAL</p></td><td rowspan="1" colspan="1"><p>Bacharelado</p></td><td rowspan="1" colspan="1"><p>481</p></td><td rowspan="1" colspan="1"><p>Universidade Universus Veritas Guarulhos</p></td><td rowspan="1" colspan="1"><p>16298</p></td><td rowspan="1" colspan="1"><p>SOCIEDADE PAULISTA DE ENSINO E PESQUISA S/S LTDA</p></td></tr><tr><td rowspan="1" colspan="1"><p>124</p></td><td rowspan="1" colspan="1"><p>202506293</p></td><td rowspan="1" colspan="1"><p>Educação Presencial</p></td><td rowspan="1" colspan="1"><p>20643</p></td><td rowspan="1" colspan="1"><p>HISTÓRIA</p></td><td rowspan="1" colspan="1"><p>Licenciatura</p></td><td rowspan="1" colspan="1"><p>1418</p></td><td rowspan="1" colspan="1"><p>Centro Universitário Toledo Wyden</p></td><td rowspan="1" colspan="1"><p>85</p></td><td rowspan="1" colspan="1"><p>SOCIEDADE DE ENSINO SUPERIOR TOLEDO LTDA.</p></td></tr><tr><td rowspan="1" colspan="1"><p>125</p></td><td rowspan="1" colspan="1"><p>202518304</p></td><td rowspan="1" colspan="1"><p>Educação Presencial</p></td><td rowspan="1" colspan="1"><p>49934</p></td><td rowspan="1" colspan="1"><p>ENGENHARIA DE TELECOMUNICAÇÕES</p></td><td rowspan="1" colspan="1"><p>Bacharelado</p></td><td rowspan="1" colspan="1"><p>349</p></td><td rowspan="1" colspan="1"><p>CENTRO UNIVERSITÁRIO DE BELO HORIZONTE</p></td><td rowspan="1" colspan="1"><p>14298</p></td><td rowspan="1" colspan="1"><p>IEDUC - INSTITUTO DE EDUCACAO E CULTURA S/A</p></td></tr></table>]]></Texto>
  </body>
  <Midias />
</article></xml>