﻿<xml><article id="45713057" name="ADE08SOROCABA1228" idOficio="11315405" pubName="DO1" artType="Ato Declaratório" pubDate="01/10/2025" artClass="00028:00032:00435:00100:00025:00000:00000:00000:00000:00000:00007:00000" artCategory="Ministério da Fazenda/Secretaria Especial da Receita Federal do Brasil/Secretaria-Adjunta/Superintendência Regional da Receita Federal do Brasil 8ª Região Fiscal/Delegacia da Receita Federal do Brasil em Sorocaba" artSize="12" artNotes="" numberPage="73" pdfPage="http://pesquisa.in.gov.br/imprensa/jsp/visualiza/index.jsp?data=01/10/2025&amp;jornal=515&amp;pagina=73" editionNumber="187" highlightType="" highlightPriority="" highlight="" highlightimage="" highlightimagename="" idMateria="23160036">
  <body>
    <Identifica><![CDATA[ ATO DECLARATÓRIO EXECUTIVO DRF/SOR Nº 1.228, DE 30 DE SETEMBRO DE 2025]]></Identifica>
    <Data><![CDATA[]]></Data>
    <Ementa><![CDATA[ Reconhece o cancelamento da opção pelo Regime Especial de Tributação relativamente à contribuição para o PIS/PASEP e para a COFINS, por pessoa jurídica integrante da Câmara de Comercialização de Energia Elétrica (CCEE), sucessora do Mercado Atacadista de Energia Elétrica (MAE).]]></Ementa>
    <Titulo />
    <SubTitulo />
    <Texto><![CDATA[<p class="identifica">ATO DECLARATÓRIO EXECUTIVO DRF/SOR Nº 1.228, DE 30 DE SETEMBRO DE 2025</p><p class="ementa">Reconhece o cancelamento da opção pelo Regime Especial de Tributação relativamente à contribuição para o PIS/PASEP e para a COFINS, por pessoa jurídica integrante da Câmara de Comercialização de Energia Elétrica (CCEE), sucessora do Mercado Atacadista de Energia Elétrica (MAE).</p><p>O AUDITOR FISCAL DA RECEITA FEDERAL DO BRASIL, no uso das atribuições que lhe confere o art. 6°, inciso I, alínea b da Lei n° 10.593, de 06/12/2002, com base na Portaria RFB nº 114, de 27 de janeiro de 2022, publicada no Diário Oficial da União de 31 de janeiro de 2022, na Lei n°10.637, de 30 de dezembro de 2002, na IN RFB nº 2.121, de 15 de dezembro de 2022, e considerando o que consta no processo administrativo nº 13032.497580/2023-15, declara:</p><p>Art. 1º Fica reconhecido o cancelamento, a pedido, da opção pela apuração especial das contribuições do PIS/PASEP e COFINS prevista no artigo 47 da Lei 10.637, de 2002, e arts. 724 a 727 da IN/RFB 2121, de 2022, da pessoa jurídica ATIVOS BIOENERGIA CONQUISTA DO PONTAL S. A., inscrita no CNPJ sob o nº 07.298.800/0001-80, formalizada pelo Ato Declaratório Executivo nº 1, de 11/05/2018, publicado no DOU de 15/05/2018.</p><p>Art. 2º Ficam revogados os efeitos do Ato Declaratório Executivo referido no artigo primeiro deste ato, motivo pelo qual o cancelamento da opção produzirá efeitos em relação aos fatos geradores ocorridos a partir de julho de 2023, mês subsequente ao do pedido de cancelamento.</p><p>Art. 3° Este Ato Declaratório Executivo entra em vigor na data de sua publicação no Diário Oficial da União - DOU.</p><p class="assina">ANDRÉ LUIZ ALVES</p>]]></Texto>
  </body>
  <Midias />
</article></xml>