﻿<xml><article id="45718376" name="2025-09-30/11316371/ANMWS_231614" idOficio="11316371" pubName="DO1" artType="Despacho" pubDate="01/10/2025" artClass="00035:00044:00016:00000:00000:00000:00000:00000:00000:00000:00024:00147" artCategory="Ministério de Minas e Energia/Agência Nacional de Mineração/Gerência Regional da ANM no Estado da Bahia" artSize="12" artNotes="" numberPage="96" pdfPage="http://pesquisa.in.gov.br/imprensa/jsp/visualiza/index.jsp?data=01/10/2025&amp;jornal=515&amp;pagina=96" editionNumber="187" highlightType="" highlightPriority="" highlight="" highlightimage="" highlightimagename="" idMateria="23161427">
  <body>
    <Identifica><![CDATA[Despacho]]></Identifica>
    <Data><![CDATA[]]></Data>
    <Ementa />
    <Titulo />
    <SubTitulo />
    <Texto><![CDATA[<p class="identifica">Despacho</p><p class="identifica">Relação nº 147/2025</p><p>Fase de Requerimento de Lavra</p><p>O GERENTE REGIONAL DA AGÊNCIA NACIONAL DE MINERAÇÃO, no uso da competência delegada de que trata o Art. 23, inciso II, alínea "e" da Ordem de Serviço nº 334, de 12 de agosto de 2025, com fundamento no Decreto-lei n° 227/1967 c/c o Art. 2°, XVIII da Lei nº 13.575/2017, outorga a(s) seguinte(s) Portaria(s) de Lavra:(2611)</p><p>Portaria de Lavra ANM nº: 377/2025, de 26 DE SETEMBRO DE 2025 - Processo nº: 871.534/2005 - Titular: CRYSTAL MINERACAO SPE LTDA - Substância(s): QUARTZO, QUARTZO INDUSTRIAL - Município(s): TANHAÇU/BA</p><p class="assina">ARTUR CÉSAR DE OLIVEIRA</p><p class="cargo">Substituto</p>]]></Texto>
  </body>
  <Midias />
</article></xml>