﻿<xml><article id="45719378" name="2025-09-30/11316642/ANMWS_231617" idOficio="11316642" pubName="DO1" artType="Despacho" pubDate="01/10/2025" artClass="00035:00044:00026:00000:00000:00000:00000:00000:00000:00000:00024:00229" artCategory="Ministério de Minas e Energia/Agência Nacional de Mineração/Gerência Regional da ANM no Estado de Santa Catarina" artSize="12" artNotes="" numberPage="100" pdfPage="http://pesquisa.in.gov.br/imprensa/jsp/visualiza/index.jsp?data=01/10/2025&amp;jornal=515&amp;pagina=100" editionNumber="187" highlightType="" highlightPriority="" highlight="" highlightimage="" highlightimagename="" idMateria="23161780">
  <body>
    <Identifica><![CDATA[Despacho]]></Identifica>
    <Data><![CDATA[]]></Data>
    <Ementa />
    <Titulo />
    <SubTitulo />
    <Texto><![CDATA[<p class="identifica">Despacho</p><p class="identifica">Relação nº 229/2025</p><p>Fase de Autorização de Pesquisa</p><p>Concede anuência e autoriza averbação da cessão parcial de direitos(175)</p><p>815.501/2024-BRITAGEM PRIMAVERA LTDA- Alvará n°1428/2025 - Cessionario:815.310/2025-Gaia Rodovias Ltda- CPF ou CNPJ 03.257.777/0001-24</p><p>Fase de Concessão de Lavra</p><p>Determina cumprimento de exigência - Prazo 60 dias(470)</p><p>815.298/2012-ROBERTA PANNO-OF. N°38912/2025/COROUT-SC/ANM</p><p>Fase de Direito de Requerer a Lavra</p><p>Concede anuência e autoriza averbação da cessão total do direito de requerer a lavra.(2259)</p><p>815.019/2023-AUGUSTO BENACI FILHO- Cessionário:Terraplanagem e Transportes Augusto Ltda- CPF ou CNPJ 01.185.136/0001-86- Alvará n°Nenhum título associado/</p><p>815.076/2023-AUGUSTO BENACI FILHO- Cessionário:Terraplanagem e Transportes Augusto Ltda- CPF ou CNPJ 01.185.136/0001-86- Alvará n°Nenhum título associado/</p><p>815.124/2022-LOS COMERCIO E SERVICOS EIRELI- Cessionário:EXTRACAO DE AREIA SCHRAMM LTDA- CPF ou CNPJ 83.392.530/0001-50- Alvará n°Nenhum título associado/</p><p>815.123/2022-LOS COMERCIO E SERVICOS EIRELI- Cessionário:EXTRACAO DE AREIA SCHRAMM LTDA- CPF ou CNPJ 83.392.530/0001-50- Alvará n°Nenhum título associado/</p><p>815.122/2022-LOS COMERCIO E SERVICOS EIRELI- Cessionário:EXTRACAO DE AREIA SCHRAMM LTDA- CPF ou CNPJ 83.392.530/0001-50- Alvará n°Nenhum título associado/</p><p>Fase de Licenciamento</p><p>Determina cumprimento de exigência - Prazo 30 dias(718)</p><p>815.344/1999-MONDINI EXTRACAO DE AREIA LTDA-OF. N°19275/2023</p><p>815.077/2016-DME OBRAS DE ALVENARIA LTDA-OF. N°38878/2025/COROUT-SC/ANM</p><p>Autoriza averbação da Prorrogação do Registro de Licença(742)</p><p>815.609/2010-UNIAO SILVA MATERIAIS DE CONSTRUCAO LTDA- Registro de Licença N° 1473/2010 - GERÊNCIA REGIONAL/SC - Vencimento em 03/07/2025</p><p>Fase de Registro de Extração</p><p>Determina cumprimento de exigência - Prazo 30 dias(954)</p><p>815.336/2014-MUNICIPIO DE PRESIDENTE CASTELO BRANCO-OF. N°815336/2014</p><p>Autoriza prorrogação do prazo do Registro de Extração por 03 anos(941)</p><p>815.623/2021-MUNICIPIO DE TAIO-Registro de Extração N°4/2022 de 26/09/2025</p><p>Fase de Requerimento de Lavra Garimpeira</p><p>Indefere de Plano o Requerimento de PLG(567)</p><p>815.323/2025-CAULITEK MINERACAO LTDA</p><p>Fase de Requerimento de Registro de Extração</p><p>Indefere requerimento de Registro de Extração- não cumprimento de exigência(830)</p><p>815.683/2017-MUNICIPIO DE URUBICI</p><p class="assina">JOSE AUGUSTO SIMOES NETO</p><p class="cargo">Gerente</p>]]></Texto>
  </body>
  <Midias />
</article></xml>