﻿<xml><article id="45725281" name="Acordao 638" idOficio="11317378" pubName="DO1" artType="Acórdão" pubDate="01/10/2025" artClass="00041:00020:00000:00000:00000:00000:00000:00000:00000:00000:00002:00000" artCategory="Ministério de Portos e Aeroportos/Agência Nacional de Transportes Aquaviários" artSize="12" artNotes="" numberPage="204" pdfPage="http://pesquisa.in.gov.br/imprensa/jsp/visualiza/index.jsp?data=01/10/2025&amp;jornal=515&amp;pagina=204" editionNumber="187" highlightType="" highlightPriority="" highlight="" highlightimage="" highlightimagename="" idMateria="23163820">
  <body>
    <Identifica><![CDATA[ ACÓRDÃO Nº 638/2025-ANTAQ]]></Identifica>
    <Data><![CDATA[]]></Data>
    <Ementa />
    <Titulo />
    <SubTitulo />
    <Texto><![CDATA[<p class="identifica">ACÓRDÃO Nº 638/2025-ANTAQ</p><p>1. Processo: 50300.008646/2025-95</p><p>2. Interessado: EBN Pipes Empreendimentos Ltda.</p><p>3. Relator: Alber Vasconcelos</p><p>4. Unidade Técnica: Procuradoria Federal junto à ANTAQ - PFA</p><p>5. Acórdão:</p><p>VISTOS, relatados e discutidos os presentes autos que tratam de consulta formulada pela EBN Pipes Empreendimentos Ltda., inscrita no CNPJ sob o nº 06.065.767/0001-85, para discutir aspectos de uma eventual parceria do Município de Tocantinópolis/TO com a referida empresa, nos termos da Petição SEI nº 2534135, com vistas à cobrança da taxa de manutenção viária do município, instituída pela Lei Municipal nº 1.208, de 10 de abril de 2025,</p><p>ACORDAM os Diretores da Agência Nacional de Transportes Aquaviários, reunidos para a Reunião Ordinária de Diretoria Colegiada de nº 595, ante as razões expostas pelo Relator, em:</p><p>5.1. conhecer da consulta formulada pela empresa, para, no mérito, informar que não compete à ANTAQ resolver conflitos entre a EBN Pipes Empreendimentos Ltda. e o Município de Tocantinópolis/TO a respeito da taxa de manutenção viária do município, instituída pela Lei Municipal nº 1.208, de 10 de abril de 2025; e</p><p>5.2. cientificar a requerente acerca da presente decisão.</p><p>6. Data da Reunião: 22 a 24/09/2025 - Virtual.</p><p>7. Especificação do quórum:</p><p>7.1. Diretores presentes: Frederico Dias (Presidente), Flávia Takafashi, Lima Filho, Alber Vasconcelos (Relator) e Caio Farias.</p><p class="assina">FREDERICO CARVALHO DIAS</p><p class="cargo">Diretor-Geral</p>]]></Texto>
  </body>
  <Midias />
</article></xml>