﻿<xml><article id="45719867" name="2025-09-30/11316682/ANMWS_231622" idOficio="11316682" pubName="DO1" artType="Despacho" pubDate="01/10/2025" artClass="00035:00044:00023:00000:00000:00000:00000:00000:00000:00000:00024:00182" artCategory="Ministério de Minas e Energia/Agência Nacional de Mineração/Gerência Regional da ANM no Estado de Pernambuco" artSize="12" artNotes="" numberPage="100" pdfPage="http://pesquisa.in.gov.br/imprensa/jsp/visualiza/index.jsp?data=01/10/2025&amp;jornal=515&amp;pagina=100" editionNumber="187" highlightType="" highlightPriority="" highlight="" highlightimage="" highlightimagename="" idMateria="23162218">
  <body>
    <Identifica><![CDATA[Despacho]]></Identifica>
    <Data><![CDATA[]]></Data>
    <Ementa />
    <Titulo />
    <SubTitulo />
    <Texto><![CDATA[<p class="identifica">Despacho</p><p class="identifica">Relação nº 182/2025</p><p>Fase de Autorização de Pesquisa</p><p>Indefere requerimento de prorrogação de prazo do alvará de Pesquisa(197)</p><p>840.044/2020-M. A. DA SILVA MELO SERVICOS DE EXPLORACAO E EXTRACAO DE AREIA LTDA</p><p class="assina">WERTHER LARRAZABAL DA SILVA JÚNIOR</p><p class="cargo">Gerente</p>]]></Texto>
  </body>
  <Midias />
</article></xml>