﻿<xml><article id="45724773" name="Res_Desp_2.932_2025_SCE.docx" idOficio="11317296" pubName="DO1" artType="Despacho" pubDate="01/10/2025" artClass="00035:00043:00032:00000:00000:00000:00000:00000:00000:00000:00024:00000" artCategory="Ministério de Minas e Energia/Agência Nacional de Energia Elétrica/Superintendência de Concessões,  Permissões e Autorizações dos Serviços de Energia Elétrica" artSize="12" artNotes="" numberPage="92" pdfPage="http://pesquisa.in.gov.br/imprensa/jsp/visualiza/index.jsp?data=01/10/2025&amp;jornal=515&amp;pagina=92" editionNumber="187" highlightType="" highlightPriority="" highlight="" highlightimage="" highlightimagename="" idMateria="23163727">
  <body>
    <Identifica><![CDATA[ DESPACHO Nº 2.932, DE 29 DE SETEMBRO DE 2025]]></Identifica>
    <Data><![CDATA[]]></Data>
    <Ementa />
    <Titulo />
    <SubTitulo />
    <Texto><![CDATA[<p class="identifica">DESPACHO Nº 2.932, DE 29 DE SETEMBRO DE 2025</p><p>Processo nº: 48500.902060/2003-51. Interessado: Covó Energia S.A., CNPJ nº 05.624.544/0001-48. Decisão: Revogar, a pedido, a Autorização da Pequena Central Hidrelétrica Covó, conforme informações constantes no Anexo I deste Despacho. A íntegra deste Despacho (e seu anexo) consta dos autos e estará disponível em biblioteca.aneel.gov.br.</p><p class="assina">LUDIMILA LIMA DA SILVA</p><p class="cargo">Superintendente</p>]]></Texto>
  </body>
  <Midias />
</article></xml>