﻿<xml><article id="45724899" name="Portaria SPA 114_004__CTV84O" idOficio="11314622" pubName="DO1" artType="Portaria" pubDate="01/10/2025" artClass="00008:00028:00000:00000:00000:00000:00000:00000:00000:00000:00054:00114" artCategory="Ministério da Agricultura e Pecuária/Secretaria de Política Agrícola" artSize="12" artNotes="ok" numberPage="15" pdfPage="http://pesquisa.in.gov.br/imprensa/jsp/visualiza/index.jsp?data=01/10/2025&amp;jornal=515&amp;pagina=15" editionNumber="187" highlightType="" highlightPriority="" highlight="" highlightimage="" highlightimagename="" idMateria="23158984">
  <body>
    <Identifica />
    <Data><![CDATA[]]></Data>
    <Ementa />
    <Titulo />
    <SubTitulo />
    <Texto><![CDATA[<p /><p></p><table><tr><td rowspan="1" colspan="1"><p>3152131</p></td><td rowspan="1" colspan="1"><p>Ponto Chique</p></td><td rowspan="1" colspan="1"><p>(MG)</p></td></tr><tr><td rowspan="1" colspan="1"><p>3152170</p></td><td rowspan="1" colspan="1"><p>Ponto dos Volantes</p></td><td rowspan="1" colspan="1"><p>(MG)</p></td></tr><tr><td rowspan="1" colspan="1"><p>3152204</p></td><td rowspan="1" colspan="1"><p>Porteirinha</p></td><td rowspan="1" colspan="1"><p>(MG)</p></td></tr><tr><td rowspan="1" colspan="1"><p>3154457</p></td><td rowspan="1" colspan="1"><p>Riachinho</p></td><td rowspan="1" colspan="1"><p>(MG)</p></td></tr><tr><td rowspan="1" colspan="1"><p>3154507</p></td><td rowspan="1" colspan="1"><p>Riacho dos Machados</p></td><td rowspan="1" colspan="1"><p>(MG)</p></td></tr><tr><td rowspan="1" colspan="1"><p>3154606</p></td><td rowspan="1" colspan="1"><p>Ribeirão das Neves</p></td><td rowspan="1" colspan="1"><p>(MG)</p></td></tr><tr><td rowspan="1" colspan="1"><p>3154804</p></td><td rowspan="1" colspan="1"><p>Rio Acima</p></td><td rowspan="1" colspan="1"><p>(MG)</p></td></tr><tr><td rowspan="1" colspan="1"><p>3155108</p></td><td rowspan="1" colspan="1"><p>Rio do Prado</p></td><td rowspan="1" colspan="1"><p>(MG)</p></td></tr><tr><td rowspan="1" colspan="1"><p>3156452</p></td><td rowspan="1" colspan="1"><p>Rosário da Limeira</p></td><td rowspan="1" colspan="1"><p>(MG)</p></td></tr><tr><td rowspan="1" colspan="1"><p>3156502</p></td><td rowspan="1" colspan="1"><p>Rubelita</p></td><td rowspan="1" colspan="1"><p>(MG)</p></td></tr><tr><td rowspan="1" colspan="1"><p>3156601</p></td><td rowspan="1" colspan="1"><p>Rubim</p></td><td rowspan="1" colspan="1"><p>(MG)</p></td></tr><tr><td rowspan="1" colspan="1"><p>3157104</p></td><td rowspan="1" colspan="1"><p>Salto da Divisa</p></td><td rowspan="1" colspan="1"><p>(MG)</p></td></tr><tr><td rowspan="1" colspan="1"><p>3157377</p></td><td rowspan="1" colspan="1"><p>Santa Cruz de Salinas</p></td><td rowspan="1" colspan="1"><p>(MG)</p></td></tr><tr><td rowspan="1" colspan="1"><p>3157609</p></td><td rowspan="1" colspan="1"><p>Santa Fé de Minas</p></td><td rowspan="1" colspan="1"><p>(MG)</p></td></tr><tr><td rowspan="1" colspan="1"><p>3158102</p></td><td rowspan="1" colspan="1"><p>Santa Maria do Salto</p></td><td rowspan="1" colspan="1"><p>(MG)</p></td></tr><tr><td rowspan="1" colspan="1"><p>3159001</p></td><td rowspan="1" colspan="1"><p>Santana do Riacho</p></td><td rowspan="1" colspan="1"><p>(MG)</p></td></tr><tr><td rowspan="1" colspan="1"><p>3161007</p></td><td rowspan="1" colspan="1"><p>São Domingos do Prata</p></td><td rowspan="1" colspan="1"><p>(MG)</p></td></tr><tr><td rowspan="1" colspan="1"><p>3161106</p></td><td rowspan="1" colspan="1"><p>São Francisco</p></td><td rowspan="1" colspan="1"><p>(MG)</p></td></tr><tr><td rowspan="1" colspan="1"><p>3162005</p></td><td rowspan="1" colspan="1"><p>São Gonçalo do Sapucaí</p></td><td rowspan="1" colspan="1"><p>(MG)</p></td></tr><tr><td rowspan="1" colspan="1"><p>3162401</p></td><td rowspan="1" colspan="1"><p>São João da Ponte</p></td><td rowspan="1" colspan="1"><p>(MG)</p></td></tr><tr><td rowspan="1" colspan="1"><p>3162658</p></td><td rowspan="1" colspan="1"><p>São João do Pacuí</p></td><td rowspan="1" colspan="1"><p>(MG)</p></td></tr><tr><td rowspan="1" colspan="1"><p>3162708</p></td><td rowspan="1" colspan="1"><p>São João do Paraíso</p></td><td rowspan="1" colspan="1"><p>(MG)</p></td></tr><tr><td rowspan="1" colspan="1"><p>3163508</p></td><td rowspan="1" colspan="1"><p>São José do Jacuri</p></td><td rowspan="1" colspan="1"><p>(MG)</p></td></tr><tr><td rowspan="1" colspan="1"><p>3166303</p></td><td rowspan="1" colspan="1"><p>Sericita</p></td><td rowspan="1" colspan="1"><p>(MG)</p></td></tr><tr><td rowspan="1" colspan="1"><p>3166956</p></td><td rowspan="1" colspan="1"><p>Serranópolis de Minas</p></td><td rowspan="1" colspan="1"><p>(MG)</p></td></tr><tr><td rowspan="1" colspan="1"><p>3167103</p></td><td rowspan="1" colspan="1"><p>Serro</p></td><td rowspan="1" colspan="1"><p>(MG)</p></td></tr><tr><td rowspan="1" colspan="1"><p>3167608</p></td><td rowspan="1" colspan="1"><p>Simonésia</p></td><td rowspan="1" colspan="1"><p>(MG)</p></td></tr><tr><td rowspan="1" colspan="1"><p>3168002</p></td><td rowspan="1" colspan="1"><p>Taiobeiras</p></td><td rowspan="1" colspan="1"><p>(MG)</p></td></tr><tr><td rowspan="1" colspan="1"><p>3169000</p></td><td rowspan="1" colspan="1"><p>Tocantins</p></td><td rowspan="1" colspan="1"><p>(MG)</p></td></tr><tr><td rowspan="1" colspan="1"><p>3169307</p></td><td rowspan="1" colspan="1"><p>Três Corações</p></td><td rowspan="1" colspan="1"><p>(MG)</p></td></tr><tr><td rowspan="1" colspan="1"><p>3169703</p></td><td rowspan="1" colspan="1"><p>Turmalina</p></td><td rowspan="1" colspan="1"><p>(MG)</p></td></tr><tr><td rowspan="1" colspan="1"><p>3170529</p></td><td rowspan="1" colspan="1"><p>Urucuia</p></td><td rowspan="1" colspan="1"><p>(MG)</p></td></tr><tr><td rowspan="1" colspan="1"><p>3170651</p></td><td rowspan="1" colspan="1"><p>Vargem Grande do Rio Pardo</p></td><td rowspan="1" colspan="1"><p>(MG)</p></td></tr><tr><td rowspan="1" colspan="1"><p>3170909</p></td><td rowspan="1" colspan="1"><p>Varzelândia</p></td><td rowspan="1" colspan="1"><p>(MG)</p></td></tr><tr><td rowspan="1" colspan="1"><p>3171030</p></td><td rowspan="1" colspan="1"><p>Verdelândia</p></td><td rowspan="1" colspan="1"><p>(MG)</p></td></tr><tr><td rowspan="1" colspan="1"><p>3171071</p></td><td rowspan="1" colspan="1"><p>Veredinha</p></td><td rowspan="1" colspan="1"><p>(MG)</p></td></tr><tr><td rowspan="1" colspan="1"><p>3171303</p></td><td rowspan="1" colspan="1"><p>Viçosa</p></td><td rowspan="1" colspan="1"><p>(MG)</p></td></tr><tr><td rowspan="1" colspan="1"><p>3171600</p></td><td rowspan="1" colspan="1"><p>Virgem da Lapa</p></td><td rowspan="1" colspan="1"><p>(MG)</p></td></tr><tr><td rowspan="1" colspan="1"><p>3200508</p></td><td rowspan="1" colspan="1"><p>Apiacá</p></td><td rowspan="1" colspan="1"><p>(ES)</p></td></tr><tr><td rowspan="1" colspan="1"><p>3201100</p></td><td rowspan="1" colspan="1"><p>Bom Jesus do Norte</p></td><td rowspan="1" colspan="1"><p>(ES)</p></td></tr><tr><td rowspan="1" colspan="1"><p>3201308</p></td><td rowspan="1" colspan="1"><p>Cariacica</p></td><td rowspan="1" colspan="1"><p>(ES)</p></td></tr><tr><td rowspan="1" colspan="1"><p>3201407</p></td><td rowspan="1" colspan="1"><p>Castelo</p></td><td rowspan="1" colspan="1"><p>(ES)</p></td></tr><tr><td rowspan="1" colspan="1"><p>3202900</p></td><td rowspan="1" colspan="1"><p>Itarana</p></td><td rowspan="1" colspan="1"><p>(ES)</p></td></tr><tr><td rowspan="1" colspan="1"><p>3203700</p></td><td rowspan="1" colspan="1"><p>Muniz Freire</p></td><td rowspan="1" colspan="1"><p>(ES)</p></td></tr><tr><td rowspan="1" colspan="1"><p>3204807</p></td><td rowspan="1" colspan="1"><p>São José do Calçado</p></td><td rowspan="1" colspan="1"><p>(ES)</p></td></tr><tr><td rowspan="1" colspan="1"><p>3205036</p></td><td rowspan="1" colspan="1"><p>Vargem Alta</p></td><td rowspan="1" colspan="1"><p>(ES)</p></td></tr><tr><td rowspan="1" colspan="1"><p>3300605</p></td><td rowspan="1" colspan="1"><p>Bom Jesus do Itabapoana</p></td><td rowspan="1" colspan="1"><p>(RJ)</p></td></tr><tr><td rowspan="1" colspan="1"><p>3300902</p></td><td rowspan="1" colspan="1"><p>Cambuci</p></td><td rowspan="1" colspan="1"><p>(RJ)</p></td></tr><tr><td rowspan="1" colspan="1"><p>3301801</p></td><td rowspan="1" colspan="1"><p>Engenheiro Paulo de Frontin</p></td><td rowspan="1" colspan="1"><p>(RJ)</p></td></tr><tr><td rowspan="1" colspan="1"><p>3302056</p></td><td rowspan="1" colspan="1"><p>Italva</p></td><td rowspan="1" colspan="1"><p>(RJ)</p></td></tr><tr><td rowspan="1" colspan="1"><p>3302601</p></td><td rowspan="1" colspan="1"><p>Mangaratiba</p></td><td rowspan="1" colspan="1"><p>(RJ)</p></td></tr><tr><td rowspan="1" colspan="1"><p>3303500</p></td><td rowspan="1" colspan="1"><p>Nova Iguaçu</p></td><td rowspan="1" colspan="1"><p>(RJ)</p></td></tr><tr><td rowspan="1" colspan="1"><p>3304102</p></td><td rowspan="1" colspan="1"><p>Porciúncula</p></td><td rowspan="1" colspan="1"><p>(RJ)</p></td></tr><tr><td rowspan="1" colspan="1"><p>3305133</p></td><td rowspan="1" colspan="1"><p>São José de Ubá</p></td><td rowspan="1" colspan="1"><p>(RJ)</p></td></tr><tr><td rowspan="1" colspan="1"><p>3306156</p></td><td rowspan="1" colspan="1"><p>Varre-Sai</p></td><td rowspan="1" colspan="1"><p>(RJ)</p></td></tr><tr><td rowspan="1" colspan="1"><p>3513603</p></td><td rowspan="1" colspan="1"><p>Cunha</p></td><td rowspan="1" colspan="1"><p>(SP)</p></td></tr><tr><td rowspan="1" colspan="1"><p>3531803</p></td><td rowspan="1" colspan="1"><p>Monte Mor</p></td><td rowspan="1" colspan="1"><p>(SP)</p></td></tr><tr><td rowspan="1" colspan="1"><p>3546801</p></td><td rowspan="1" colspan="1"><p>Santa Isabel</p></td><td rowspan="1" colspan="1"><p>(SP)</p></td></tr><tr><td rowspan="1" colspan="1"><p>3548609</p></td><td rowspan="1" colspan="1"><p>São Bento do Sapucaí</p></td><td rowspan="1" colspan="1"><p>(SP)</p></td></tr><tr><td rowspan="1" colspan="1"><p>3555406</p></td><td rowspan="1" colspan="1"><p>Ubatuba</p></td><td rowspan="1" colspan="1"><p>(SP)</p></td></tr><tr><td rowspan="1" colspan="1"><p>4102000</p></td><td rowspan="1" colspan="1"><p>Assis Chateaubriand</p></td><td rowspan="1" colspan="1"><p>(PR)</p></td></tr><tr><td rowspan="1" colspan="1"><p>4103024</p></td><td rowspan="1" colspan="1"><p>Boa Esperança do Iguaçu</p></td><td rowspan="1" colspan="1"><p>(PR)</p></td></tr><tr><td rowspan="1" colspan="1"><p>4103305</p></td><td rowspan="1" colspan="1"><p>Borrazópolis</p></td><td rowspan="1" colspan="1"><p>(PR)</p></td></tr><tr><td rowspan="1" colspan="1"><p>4103479</p></td><td rowspan="1" colspan="1"><p>Cafezal do Sul</p></td><td rowspan="1" colspan="1"><p>(PR)</p></td></tr><tr><td rowspan="1" colspan="1"><p>4104204</p></td><td rowspan="1" colspan="1"><p>Campo Largo</p></td><td rowspan="1" colspan="1"><p>(PR)</p></td></tr><tr><td rowspan="1" colspan="1"><p>4105409</p></td><td rowspan="1" colspan="1"><p>Chopinzinho</p></td><td rowspan="1" colspan="1"><p>(PR)</p></td></tr><tr><td rowspan="1" colspan="1"><p>4105706</p></td><td rowspan="1" colspan="1"><p>Clevelândia</p></td><td rowspan="1" colspan="1"><p>(PR)</p></td></tr><tr><td rowspan="1" colspan="1"><p>4107405</p></td><td rowspan="1" colspan="1"><p>Enéas Marques</p></td><td rowspan="1" colspan="1"><p>(PR)</p></td></tr><tr><td rowspan="1" colspan="1"><p>4107546</p></td><td rowspan="1" colspan="1"><p>Espigão Alto do Iguaçu</p></td><td rowspan="1" colspan="1"><p>(PR)</p></td></tr><tr><td rowspan="1" colspan="1"><p>4107553</p></td><td rowspan="1" colspan="1"><p>Farol</p></td><td rowspan="1" colspan="1"><p>(PR)</p></td></tr><tr><td rowspan="1" colspan="1"><p>4108320</p></td><td rowspan="1" colspan="1"><p>Francisco Alves</p></td><td rowspan="1" colspan="1"><p>(PR)</p></td></tr><tr><td rowspan="1" colspan="1"><p>4108601</p></td><td rowspan="1" colspan="1"><p>Goioerê</p></td><td rowspan="1" colspan="1"><p>(PR)</p></td></tr><tr><td rowspan="1" colspan="1"><p>4108809</p></td><td rowspan="1" colspan="1"><p>Guaíra</p></td><td rowspan="1" colspan="1"><p>(PR)</p></td></tr><tr><td rowspan="1" colspan="1"><p>4109658</p></td><td rowspan="1" colspan="1"><p>Honório Serpa</p></td><td rowspan="1" colspan="1"><p>(PR)</p></td></tr><tr><td rowspan="1" colspan="1"><p>4110805</p></td><td rowspan="1" colspan="1"><p>Iretama</p></td><td rowspan="1" colspan="1"><p>(PR)</p></td></tr><tr><td rowspan="1" colspan="1"><p>4111506</p></td><td rowspan="1" colspan="1"><p>Ivaiporã</p></td><td rowspan="1" colspan="1"><p>(PR)</p></td></tr><tr><td rowspan="1" colspan="1"><p>4112751</p></td><td rowspan="1" colspan="1"><p>Jesuítas</p></td><td rowspan="1" colspan="1"><p>(PR)</p></td></tr><tr><td rowspan="1" colspan="1"><p>4113254</p></td><td rowspan="1" colspan="1"><p>Laranjal</p></td><td rowspan="1" colspan="1"><p>(PR)</p></td></tr><tr><td rowspan="1" colspan="1"><p>4113452</p></td><td rowspan="1" colspan="1"><p>Lindoeste</p></td><td rowspan="1" colspan="1"><p>(PR)</p></td></tr><tr><td rowspan="1" colspan="1"><p>4114401</p></td><td rowspan="1" colspan="1"><p>Mangueirinha</p></td><td rowspan="1" colspan="1"><p>(PR)</p></td></tr><tr><td rowspan="1" colspan="1"><p>4114500</p></td><td rowspan="1" colspan="1"><p>Manoel Ribas</p></td><td rowspan="1" colspan="1"><p>(PR)</p></td></tr><tr><td rowspan="1" colspan="1"><p>4115358</p></td><td rowspan="1" colspan="1"><p>Maripá</p></td><td rowspan="1" colspan="1"><p>(PR)</p></td></tr><tr><td rowspan="1" colspan="1"><p>4115457</p></td><td rowspan="1" colspan="1"><p>Marquinho</p></td><td rowspan="1" colspan="1"><p>(PR)</p></td></tr><tr><td rowspan="1" colspan="1"><p>4115739</p></td><td rowspan="1" colspan="1"><p>Mato Rico</p></td><td rowspan="1" colspan="1"><p>(PR)</p></td></tr><tr><td rowspan="1" colspan="1"><p>4116109</p></td><td rowspan="1" colspan="1"><p>Moreira Sales</p></td><td rowspan="1" colspan="1"><p>(PR)</p></td></tr><tr><td rowspan="1" colspan="1"><p>4116950</p></td><td rowspan="1" colspan="1"><p>Nova Esperança do Sudoeste</p></td><td rowspan="1" colspan="1"><p>(PR)</p></td></tr><tr><td rowspan="1" colspan="1"><p>4117453</p></td><td rowspan="1" colspan="1"><p>Ouro Verde do Oeste</p></td><td rowspan="1" colspan="1"><p>(PR)</p></td></tr><tr><td rowspan="1" colspan="1"><p>4117800</p></td><td rowspan="1" colspan="1"><p>Palmital</p></td><td rowspan="1" colspan="1"><p>(PR)</p></td></tr><tr><td rowspan="1" colspan="1"><p>4118808</p></td><td rowspan="1" colspan="1"><p>Peabiru</p></td><td rowspan="1" colspan="1"><p>(PR)</p></td></tr><tr><td rowspan="1" colspan="1"><p>4118907</p></td><td rowspan="1" colspan="1"><p>Pérola</p></td><td rowspan="1" colspan="1"><p>(PR)</p></td></tr><tr><td rowspan="1" colspan="1"><p>4119004</p></td><td rowspan="1" colspan="1"><p>Pérola d'Oeste</p></td><td rowspan="1" colspan="1"><p>(PR)</p></td></tr><tr><td rowspan="1" colspan="1"><p>4119608</p></td><td rowspan="1" colspan="1"><p>Pitanga</p></td><td rowspan="1" colspan="1"><p>(PR)</p></td></tr><tr><td rowspan="1" colspan="1"><p>4120358</p></td><td rowspan="1" colspan="1"><p>Pranchita</p></td><td rowspan="1" colspan="1"><p>(PR)</p></td></tr><tr><td rowspan="1" colspan="1"><p>4120903</p></td><td rowspan="1" colspan="1"><p>Quedas do Iguaçu</p></td><td rowspan="1" colspan="1"><p>(PR)</p></td></tr><tr><td rowspan="1" colspan="1"><p>4121000</p></td><td rowspan="1" colspan="1"><p>Querência do Norte</p></td><td rowspan="1" colspan="1"><p>(PR)</p></td></tr><tr><td rowspan="1" colspan="1"><p>4121109</p></td><td rowspan="1" colspan="1"><p>Quinta do Sol</p></td><td rowspan="1" colspan="1"><p>(PR)</p></td></tr><tr><td rowspan="1" colspan="1"><p>4121604</p></td><td rowspan="1" colspan="1"><p>Renascença</p></td><td rowspan="1" colspan="1"><p>(PR)</p></td></tr><tr><td rowspan="1" colspan="1"><p>4122156</p></td><td rowspan="1" colspan="1"><p>Rio Bonito do Iguaçu</p></td><td rowspan="1" colspan="1"><p>(PR)</p></td></tr><tr><td rowspan="1" colspan="1"><p>4122503</p></td><td rowspan="1" colspan="1"><p>Roncador</p></td><td rowspan="1" colspan="1"><p>(PR)</p></td></tr><tr><td rowspan="1" colspan="1"><p>4123006</p></td><td rowspan="1" colspan="1"><p>Salto do Lontra</p></td><td rowspan="1" colspan="1"><p>(PR)</p></td></tr><tr><td rowspan="1" colspan="1"><p>4123303</p></td><td rowspan="1" colspan="1"><p>Santa Cruz de Monte Castelo</p></td><td rowspan="1" colspan="1"><p>(PR)</p></td></tr><tr><td rowspan="1" colspan="1"><p>4124400</p></td><td rowspan="1" colspan="1"><p>Santo Antônio do Sudoeste</p></td><td rowspan="1" colspan="1"><p>(PR)</p></td></tr><tr><td rowspan="1" colspan="1"><p>4124806</p></td><td rowspan="1" colspan="1"><p>São João</p></td><td rowspan="1" colspan="1"><p>(PR)</p></td></tr><tr><td rowspan="1" colspan="1"><p>4125209</p></td><td rowspan="1" colspan="1"><p>São Jorge d'Oeste</p></td><td rowspan="1" colspan="1"><p>(PR)</p></td></tr><tr><td rowspan="1" colspan="1"><p>4125704</p></td><td rowspan="1" colspan="1"><p>São Miguel do Iguaçu</p></td><td rowspan="1" colspan="1"><p>(PR)</p></td></tr><tr><td rowspan="1" colspan="1"><p>4127304</p></td><td rowspan="1" colspan="1"><p>Terra Rica</p></td><td rowspan="1" colspan="1"><p>(PR)</p></td></tr><tr><td rowspan="1" colspan="1"><p>4128005</p></td><td rowspan="1" colspan="1"><p>Ubiratã</p></td><td rowspan="1" colspan="1"><p>(PR)</p></td></tr><tr><td rowspan="1" colspan="1"><p>4128104</p></td><td rowspan="1" colspan="1"><p>Umuarama</p></td><td rowspan="1" colspan="1"><p>(PR)</p></td></tr><tr><td rowspan="1" colspan="1"><p>4128609</p></td><td rowspan="1" colspan="1"><p>Verê</p></td><td rowspan="1" colspan="1"><p>(PR)</p></td></tr><tr><td rowspan="1" colspan="1"><p>4128807</p></td><td rowspan="1" colspan="1"><p>Xambrê</p></td><td rowspan="1" colspan="1"><p>(PR)</p></td></tr><tr><td rowspan="1" colspan="1"><p>4200507</p></td><td rowspan="1" colspan="1"><p>Águas de Chapecó</p></td><td rowspan="1" colspan="1"><p>(SC)</p></td></tr><tr><td rowspan="1" colspan="1"><p>4200754</p></td><td rowspan="1" colspan="1"><p>Alto Bela Vista</p></td><td rowspan="1" colspan="1"><p>(SC)</p></td></tr><tr><td rowspan="1" colspan="1"><p>4201000</p></td><td rowspan="1" colspan="1"><p>Anita Garibaldi</p></td><td rowspan="1" colspan="1"><p>(SC)</p></td></tr><tr><td rowspan="1" colspan="1"><p>4201273</p></td><td rowspan="1" colspan="1"><p>Arabutã</p></td><td rowspan="1" colspan="1"><p>(SC)</p></td></tr><tr><td rowspan="1" colspan="1"><p>4201653</p></td><td rowspan="1" colspan="1"><p>Arvoredo</p></td><td rowspan="1" colspan="1"><p>(SC)</p></td></tr><tr><td rowspan="1" colspan="1"><p>4201802</p></td><td rowspan="1" colspan="1"><p>Atalanta</p></td><td rowspan="1" colspan="1"><p>(SC)</p></td></tr><tr><td rowspan="1" colspan="1"><p>4201901</p></td><td rowspan="1" colspan="1"><p>Aurora</p></td><td rowspan="1" colspan="1"><p>(SC)</p></td></tr><tr><td rowspan="1" colspan="1"><p>4202099</p></td><td rowspan="1" colspan="1"><p>Barra Bonita</p></td><td rowspan="1" colspan="1"><p>(SC)</p></td></tr><tr><td rowspan="1" colspan="1"><p>4202156</p></td><td rowspan="1" colspan="1"><p>Belmonte</p></td><td rowspan="1" colspan="1"><p>(SC)</p></td></tr><tr><td rowspan="1" colspan="1"><p>4202438</p></td><td rowspan="1" colspan="1"><p>Bocaina do Sul</p></td><td rowspan="1" colspan="1"><p>(SC)</p></td></tr><tr><td rowspan="1" colspan="1"><p>4202537</p></td><td rowspan="1" colspan="1"><p>Bom Jesus</p></td><td rowspan="1" colspan="1"><p>(SC)</p></td></tr><tr><td rowspan="1" colspan="1"><p>4202578</p></td><td rowspan="1" colspan="1"><p>Bom Jesus do Oeste</p></td><td rowspan="1" colspan="1"><p>(SC)</p></td></tr><tr><td rowspan="1" colspan="1"><p>4202602</p></td><td rowspan="1" colspan="1"><p>Bom Retiro</p></td><td rowspan="1" colspan="1"><p>(SC)</p></td></tr><tr><td rowspan="1" colspan="1"><p>4202701</p></td><td rowspan="1" colspan="1"><p>Botuverá</p></td><td rowspan="1" colspan="1"><p>(SC)</p></td></tr><tr><td rowspan="1" colspan="1"><p>4202875</p></td><td rowspan="1" colspan="1"><p>Brunópolis</p></td><td rowspan="1" colspan="1"><p>(SC)</p></td></tr><tr><td rowspan="1" colspan="1"><p>4203105</p></td><td rowspan="1" colspan="1"><p>Caibi</p></td><td rowspan="1" colspan="1"><p>(SC)</p></td></tr><tr><td rowspan="1" colspan="1"><p>4203253</p></td><td rowspan="1" colspan="1"><p>Capão Alto</p></td><td rowspan="1" colspan="1"><p>(SC)</p></td></tr><tr><td rowspan="1" colspan="1"><p>4203303</p></td><td rowspan="1" colspan="1"><p>Campo Alegre</p></td><td rowspan="1" colspan="1"><p>(SC)</p></td></tr><tr><td rowspan="1" colspan="1"><p>4203402</p></td><td rowspan="1" colspan="1"><p>Campo Belo do Sul</p></td><td rowspan="1" colspan="1"><p>(SC)</p></td></tr><tr><td rowspan="1" colspan="1"><p>4203501</p></td><td rowspan="1" colspan="1"><p>Campo Erê</p></td><td rowspan="1" colspan="1"><p>(SC)</p></td></tr><tr><td rowspan="1" colspan="1"><p>4203907</p></td><td rowspan="1" colspan="1"><p>Capinzal</p></td><td rowspan="1" colspan="1"><p>(SC)</p></td></tr><tr><td rowspan="1" colspan="1"><p>4204103</p></td><td rowspan="1" colspan="1"><p>Caxambu do Sul</p></td><td rowspan="1" colspan="1"><p>(SC)</p></td></tr><tr><td rowspan="1" colspan="1"><p>4204152</p></td><td rowspan="1" colspan="1"><p>Celso Ramos</p></td><td rowspan="1" colspan="1"><p>(SC)</p></td></tr><tr><td rowspan="1" colspan="1"><p>4204178</p></td><td rowspan="1" colspan="1"><p>Cerro Negro</p></td><td rowspan="1" colspan="1"><p>(SC)</p></td></tr><tr><td rowspan="1" colspan="1"><p>4204202</p></td><td rowspan="1" colspan="1"><p>Chapecó</p></td><td rowspan="1" colspan="1"><p>(SC)</p></td></tr><tr><td rowspan="1" colspan="1"><p>4204350</p></td><td rowspan="1" colspan="1"><p>Cordilheira Alta</p></td><td rowspan="1" colspan="1"><p>(SC)</p></td></tr><tr><td rowspan="1" colspan="1"><p>4204459</p></td><td rowspan="1" colspan="1"><p>Coronel Martins</p></td><td rowspan="1" colspan="1"><p>(SC)</p></td></tr><tr><td rowspan="1" colspan="1"><p>4204558</p></td><td rowspan="1" colspan="1"><p>Correia Pinto</p></td><td rowspan="1" colspan="1"><p>(SC)</p></td></tr><tr><td rowspan="1" colspan="1"><p>4204707</p></td><td rowspan="1" colspan="1"><p>Cunha Porã</p></td><td rowspan="1" colspan="1"><p>(SC)</p></td></tr><tr><td rowspan="1" colspan="1"><p>4204756</p></td><td rowspan="1" colspan="1"><p>Cunhataí</p></td><td rowspan="1" colspan="1"><p>(SC)</p></td></tr><tr><td rowspan="1" colspan="1"><p>4205175</p></td><td rowspan="1" colspan="1"><p>Entre Rios</p></td><td rowspan="1" colspan="1"><p>(SC)</p></td></tr><tr><td rowspan="1" colspan="1"><p>4205357</p></td><td rowspan="1" colspan="1"><p>Flor do Sertão</p></td><td rowspan="1" colspan="1"><p>(SC)</p></td></tr><tr><td rowspan="1" colspan="1"><p>4205407</p></td><td rowspan="1" colspan="1"><p>Florianópolis</p></td><td rowspan="1" colspan="1"><p>(SC)</p></td></tr><tr><td rowspan="1" colspan="1"><p>4205431</p></td><td rowspan="1" colspan="1"><p>Formosa do Sul</p></td><td rowspan="1" colspan="1"><p>(SC)</p></td></tr><tr><td rowspan="1" colspan="1"><p>4206306</p></td><td rowspan="1" colspan="1"><p>Guabiruba</p></td><td rowspan="1" colspan="1"><p>(SC)</p></td></tr><tr><td rowspan="1" colspan="1"><p>4206603</p></td><td rowspan="1" colspan="1"><p>Guarujá do Sul</p></td><td rowspan="1" colspan="1"><p>(SC)</p></td></tr><tr><td rowspan="1" colspan="1"><p>4207601</p></td><td rowspan="1" colspan="1"><p>Ipira</p></td><td rowspan="1" colspan="1"><p>(SC)</p></td></tr><tr><td rowspan="1" colspan="1"><p>4207700</p></td><td rowspan="1" colspan="1"><p>Ipumirim</p></td><td rowspan="1" colspan="1"><p>(SC)</p></td></tr><tr><td rowspan="1" colspan="1"><p>4207759</p></td><td rowspan="1" colspan="1"><p>Iraceminha</p></td><td rowspan="1" colspan="1"><p>(SC)</p></td></tr><tr><td rowspan="1" colspan="1"><p>4207858</p></td><td rowspan="1" colspan="1"><p>Irati</p></td><td rowspan="1" colspan="1"><p>(SC)</p></td></tr><tr><td rowspan="1" colspan="1"><p>4208005</p></td><td rowspan="1" colspan="1"><p>Itá</p></td><td rowspan="1" colspan="1"><p>(SC)</p></td></tr><tr><td rowspan="1" colspan="1"><p>4208203</p></td><td rowspan="1" colspan="1"><p>Itajaí</p></td><td rowspan="1" colspan="1"><p>(SC)</p></td></tr><tr><td rowspan="1" colspan="1"><p>4208302</p></td><td rowspan="1" colspan="1"><p>Itapema</p></td><td rowspan="1" colspan="1"><p>(SC)</p></td></tr><tr><td rowspan="1" colspan="1"><p>4208401</p></td><td rowspan="1" colspan="1"><p>Itapiranga</p></td><td rowspan="1" colspan="1"><p>(SC)</p></td></tr><tr><td rowspan="1" colspan="1"><p>4208708</p></td><td rowspan="1" colspan="1"><p>Jacinto Machado</p></td><td rowspan="1" colspan="1"><p>(SC)</p></td></tr><tr><td rowspan="1" colspan="1"><p>4209201</p></td><td rowspan="1" colspan="1"><p>Lacerdópolis</p></td><td rowspan="1" colspan="1"><p>(SC)</p></td></tr><tr><td rowspan="1" colspan="1"><p>4209300</p></td><td rowspan="1" colspan="1"><p>Lages</p></td><td rowspan="1" colspan="1"><p>(SC)</p></td></tr><tr><td rowspan="1" colspan="1"><p>4209458</p></td><td rowspan="1" colspan="1"><p>Lajeado Grande</p></td><td rowspan="1" colspan="1"><p>(SC)</p></td></tr><tr><td rowspan="1" colspan="1"><p>4209508</p></td><td rowspan="1" colspan="1"><p>Laurentino</p></td><td rowspan="1" colspan="1"><p>(SC)</p></td></tr><tr><td rowspan="1" colspan="1"><p>4209854</p></td><td rowspan="1" colspan="1"><p>Lindóia do Sul</p></td><td rowspan="1" colspan="1"><p>(SC)</p></td></tr><tr><td rowspan="1" colspan="1"><p>4210209</p></td><td rowspan="1" colspan="1"><p>Major Gercino</p></td><td rowspan="1" colspan="1"><p>(SC)</p></td></tr><tr><td rowspan="1" colspan="1"><p>4210506</p></td><td rowspan="1" colspan="1"><p>Maravilha</p></td><td rowspan="1" colspan="1"><p>(SC)</p></td></tr><tr><td rowspan="1" colspan="1"><p>4210555</p></td><td rowspan="1" colspan="1"><p>Marema</p></td><td rowspan="1" colspan="1"><p>(SC)</p></td></tr><tr><td rowspan="1" colspan="1"><p>4211009</p></td><td rowspan="1" colspan="1"><p>Mondaí</p></td><td rowspan="1" colspan="1"><p>(SC)</p></td></tr><tr><td rowspan="1" colspan="1"><p>4211405</p></td><td rowspan="1" colspan="1"><p>Nova Erechim</p></td><td rowspan="1" colspan="1"><p>(SC)</p></td></tr><tr><td rowspan="1" colspan="1"><p>4211454</p></td><td rowspan="1" colspan="1"><p>Nova Itaberaba</p></td><td rowspan="1" colspan="1"><p>(SC)</p></td></tr><tr><td rowspan="1" colspan="1"><p>4211504</p></td><td rowspan="1" colspan="1"><p>Nova Trento</p></td><td rowspan="1" colspan="1"><p>(SC)</p></td></tr><tr><td rowspan="1" colspan="1"><p>4211751</p></td><td rowspan="1" colspan="1"><p>Otacílio Costa</p></td><td rowspan="1" colspan="1"><p>(SC)</p></td></tr><tr><td rowspan="1" colspan="1"><p>4211850</p></td><td rowspan="1" colspan="1"><p>Ouro Verde</p></td><td rowspan="1" colspan="1"><p>(SC)</p></td></tr><tr><td rowspan="1" colspan="1"><p>4211876</p></td><td rowspan="1" colspan="1"><p>Paial</p></td><td rowspan="1" colspan="1"><p>(SC)</p></td></tr><tr><td rowspan="1" colspan="1"><p>4212056</p></td><td rowspan="1" colspan="1"><p>Palmeira</p></td><td rowspan="1" colspan="1"><p>(SC)</p></td></tr><tr><td rowspan="1" colspan="1"><p>4212106</p></td><td rowspan="1" colspan="1"><p>Palmitos</p></td><td rowspan="1" colspan="1"><p>(SC)</p></td></tr><tr><td rowspan="1" colspan="1"><p>4212239</p></td><td rowspan="1" colspan="1"><p>Paraíso</p></td><td rowspan="1" colspan="1"><p>(SC)</p></td></tr><tr><td rowspan="1" colspan="1"><p>4212502</p></td><td rowspan="1" colspan="1"><p>Penha</p></td><td rowspan="1" colspan="1"><p>(SC)</p></td></tr><tr><td rowspan="1" colspan="1"><p>4212700</p></td><td rowspan="1" colspan="1"><p>Petrolândia</p></td><td rowspan="1" colspan="1"><p>(SC)</p></td></tr><tr><td rowspan="1" colspan="1"><p>4212908</p></td><td rowspan="1" colspan="1"><p>Pinhalzinho</p></td><td rowspan="1" colspan="1"><p>(SC)</p></td></tr><tr><td rowspan="1" colspan="1"><p>4213005</p></td><td rowspan="1" colspan="1"><p>Pinheiro Preto</p></td><td rowspan="1" colspan="1"><p>(SC)</p></td></tr><tr><td rowspan="1" colspan="1"><p>4213500</p></td><td rowspan="1" colspan="1"><p>Porto Belo</p></td><td rowspan="1" colspan="1"><p>(SC)</p></td></tr><tr><td rowspan="1" colspan="1"><p>4213708</p></td><td rowspan="1" colspan="1"><p>Pouso Redondo</p></td><td rowspan="1" colspan="1"><p>(SC)</p></td></tr><tr><td rowspan="1" colspan="1"><p>4213807</p></td><td rowspan="1" colspan="1"><p>Praia Grande</p></td><td rowspan="1" colspan="1"><p>(SC)</p></td></tr><tr><td rowspan="1" colspan="1"><p>4214151</p></td><td rowspan="1" colspan="1"><p>Princesa</p></td><td rowspan="1" colspan="1"><p>(SC)</p></td></tr><tr><td rowspan="1" colspan="1"><p>4214201</p></td><td rowspan="1" colspan="1"><p>Quilombo</p></td><td rowspan="1" colspan="1"><p>(SC)</p></td></tr><tr><td rowspan="1" colspan="1"><p>4214300</p></td><td rowspan="1" colspan="1"><p>Rancho Queimado</p></td><td rowspan="1" colspan="1"><p>(SC)</p></td></tr><tr><td rowspan="1" colspan="1"><p>4215000</p></td><td rowspan="1" colspan="1"><p>Rio Negrinho</p></td><td rowspan="1" colspan="1"><p>(SC)</p></td></tr><tr><td rowspan="1" colspan="1"><p>4215208</p></td><td rowspan="1" colspan="1"><p>Romelândia</p></td><td rowspan="1" colspan="1"><p>(SC)</p></td></tr><tr><td rowspan="1" colspan="1"><p>4215356</p></td><td rowspan="1" colspan="1"><p>Saltinho</p></td><td rowspan="1" colspan="1"><p>(SC)</p></td></tr><tr><td rowspan="1" colspan="1"><p>4215554</p></td><td rowspan="1" colspan="1"><p>Santa Helena</p></td><td rowspan="1" colspan="1"><p>(SC)</p></td></tr><tr><td rowspan="1" colspan="1"><p>4215653</p></td><td rowspan="1" colspan="1"><p>Santa Rosa do Sul</p></td><td rowspan="1" colspan="1"><p>(SC)</p></td></tr><tr><td rowspan="1" colspan="1"><p>4215687</p></td><td rowspan="1" colspan="1"><p>Santa Terezinha do Progresso</p></td><td rowspan="1" colspan="1"><p>(SC)</p></td></tr><tr><td rowspan="1" colspan="1"><p>4215695</p></td><td rowspan="1" colspan="1"><p>Santiago do Sul</p></td><td rowspan="1" colspan="1"><p>(SC)</p></td></tr><tr><td rowspan="1" colspan="1"><p>4215752</p></td><td rowspan="1" colspan="1"><p>São Bernardino</p></td><td rowspan="1" colspan="1"><p>(SC)</p></td></tr><tr><td rowspan="1" colspan="1"><p>4215802</p></td><td rowspan="1" colspan="1"><p>São Bento do Sul</p></td><td rowspan="1" colspan="1"><p>(SC)</p></td></tr><tr><td rowspan="1" colspan="1"><p>4216008</p></td><td rowspan="1" colspan="1"><p>São Carlos</p></td><td rowspan="1" colspan="1"><p>(SC)</p></td></tr><tr><td rowspan="1" colspan="1"><p>4216107</p></td><td rowspan="1" colspan="1"><p>São Domingos</p></td><td rowspan="1" colspan="1"><p>(SC)</p></td></tr><tr><td rowspan="1" colspan="1"><p>4216255</p></td><td rowspan="1" colspan="1"><p>São João do Oeste</p></td><td rowspan="1" colspan="1"><p>(SC)</p></td></tr><tr><td rowspan="1" colspan="1"><p>4216305</p></td><td rowspan="1" colspan="1"><p>São João Batista</p></td><td rowspan="1" colspan="1"><p>(SC)</p></td></tr><tr><td rowspan="1" colspan="1"><p>4216404</p></td><td rowspan="1" colspan="1"><p>São João do Sul</p></td><td rowspan="1" colspan="1"><p>(SC)</p></td></tr><tr><td rowspan="1" colspan="1"><p>4216503</p></td><td rowspan="1" colspan="1"><p>São Joaquim</p></td><td rowspan="1" colspan="1"><p>(SC)</p></td></tr><tr><td rowspan="1" colspan="1"><p>4216701</p></td><td rowspan="1" colspan="1"><p>São José do Cedro</p></td><td rowspan="1" colspan="1"><p>(SC)</p></td></tr><tr><td rowspan="1" colspan="1"><p>4216800</p></td><td rowspan="1" colspan="1"><p>São José do Cerrito</p></td><td rowspan="1" colspan="1"><p>(SC)</p></td></tr><tr><td rowspan="1" colspan="1"><p>4216909</p></td><td rowspan="1" colspan="1"><p>São Lourenço do Oeste</p></td><td rowspan="1" colspan="1"><p>(SC)</p></td></tr><tr><td rowspan="1" colspan="1"><p>4217154</p></td><td rowspan="1" colspan="1"><p>São Miguel da Boa Vista</p></td><td rowspan="1" colspan="1"><p>(SC)</p></td></tr><tr><td rowspan="1" colspan="1"><p>4217204</p></td><td rowspan="1" colspan="1"><p>São Miguel do Oeste</p></td><td rowspan="1" colspan="1"><p>(SC)</p></td></tr><tr><td rowspan="1" colspan="1"><p>4217550</p></td><td rowspan="1" colspan="1"><p>Serra Alta</p></td><td rowspan="1" colspan="1"><p>(SC)</p></td></tr><tr><td rowspan="1" colspan="1"><p>4217709</p></td><td rowspan="1" colspan="1"><p>Sombrio</p></td><td rowspan="1" colspan="1"><p>(SC)</p></td></tr><tr><td rowspan="1" colspan="1"><p>4217758</p></td><td rowspan="1" colspan="1"><p>Sul Brasil</p></td><td rowspan="1" colspan="1"><p>(SC)</p></td></tr><tr><td rowspan="1" colspan="1"><p>4217956</p></td><td rowspan="1" colspan="1"><p>Tigrinhos</p></td><td rowspan="1" colspan="1"><p>(SC)</p></td></tr><tr><td rowspan="1" colspan="1"><p>4218756</p></td><td rowspan="1" colspan="1"><p>Tunápolis</p></td><td rowspan="1" colspan="1"><p>(SC)</p></td></tr><tr><td rowspan="1" colspan="1"><p>4218855</p></td><td rowspan="1" colspan="1"><p>União do Oeste</p></td><td rowspan="1" colspan="1"><p>(SC)</p></td></tr><tr><td rowspan="1" colspan="1"><p>4218905</p></td><td rowspan="1" colspan="1"><p>Urubici</p></td><td rowspan="1" colspan="1"><p>(SC)</p></td></tr><tr><td rowspan="1" colspan="1"><p>4218954</p></td><td rowspan="1" colspan="1"><p>Urupema</p></td><td rowspan="1" colspan="1"><p>(SC)</p></td></tr><tr><td rowspan="1" colspan="1"><p>4219002</p></td><td rowspan="1" colspan="1"><p>Urussanga</p></td><td rowspan="1" colspan="1"><p>(SC)</p></td></tr><tr><td rowspan="1" colspan="1"><p>4219200</p></td><td rowspan="1" colspan="1"><p>Vidal Ramos</p></td><td rowspan="1" colspan="1"><p>(SC)</p></td></tr><tr><td rowspan="1" colspan="1"><p>4219309</p></td><td rowspan="1" colspan="1"><p>Videira</p></td><td rowspan="1" colspan="1"><p>(SC)</p></td></tr><tr><td rowspan="1" colspan="1"><p>4219507</p></td><td rowspan="1" colspan="1"><p>Xanxerê</p></td><td rowspan="1" colspan="1"><p>(SC)</p></td></tr><tr><td rowspan="1" colspan="1"><p>4219606</p></td><td rowspan="1" colspan="1"><p>Xavantina</p></td><td rowspan="1" colspan="1"><p>(SC)</p></td></tr><tr><td rowspan="1" colspan="1"><p>4219705</p></td><td rowspan="1" colspan="1"><p>Xaxim</p></td><td rowspan="1" colspan="1"><p>(SC)</p></td></tr><tr><td rowspan="1" colspan="1"><p>4219853</p></td><td rowspan="1" colspan="1"><p>Zortéa</p></td><td rowspan="1" colspan="1"><p>(SC)</p></td></tr><tr><td rowspan="1" colspan="1"><p>4300034</p></td><td rowspan="1" colspan="1"><p>Aceguá</p></td><td rowspan="1" colspan="1"><p>(RS)</p></td></tr><tr><td rowspan="1" colspan="1"><p>4300059</p></td><td rowspan="1" colspan="1"><p>Água Santa</p></td><td rowspan="1" colspan="1"><p>(RS)</p></td></tr><tr><td rowspan="1" colspan="1"><p>4300109</p></td><td rowspan="1" colspan="1"><p>Agudo</p></td><td rowspan="1" colspan="1"><p>(RS)</p></td></tr><tr><td rowspan="1" colspan="1"><p>4300208</p></td><td rowspan="1" colspan="1"><p>Ajuricaba</p></td><td rowspan="1" colspan="1"><p>(RS)</p></td></tr><tr><td rowspan="1" colspan="1"><p>4300307</p></td><td rowspan="1" colspan="1"><p>Alecrim</p></td><td rowspan="1" colspan="1"><p>(RS)</p></td></tr><tr><td rowspan="1" colspan="1"><p>4300406</p></td><td rowspan="1" colspan="1"><p>Alegrete</p></td><td rowspan="1" colspan="1"><p>(RS)</p></td></tr><tr><td rowspan="1" colspan="1"><p>4300455</p></td><td rowspan="1" colspan="1"><p>Alegria</p></td><td rowspan="1" colspan="1"><p>(RS)</p></td></tr><tr><td rowspan="1" colspan="1"><p>4300471</p></td><td rowspan="1" colspan="1"><p>Almirante Tamandaré do Sul</p></td><td rowspan="1" colspan="1"><p>(RS)</p></td></tr><tr><td rowspan="1" colspan="1"><p>4300554</p></td><td rowspan="1" colspan="1"><p>Alto Alegre</p></td><td rowspan="1" colspan="1"><p>(RS)</p></td></tr><tr><td rowspan="1" colspan="1"><p>4300638</p></td><td rowspan="1" colspan="1"><p>Amaral Ferrador</p></td><td rowspan="1" colspan="1"><p>(RS)</p></td></tr><tr><td rowspan="1" colspan="1"><p>4300646</p></td><td rowspan="1" colspan="1"><p>Ametista do Sul</p></td><td rowspan="1" colspan="1"><p>(RS)</p></td></tr><tr><td rowspan="1" colspan="1"><p>4300661</p></td><td rowspan="1" colspan="1"><p>André da Rocha</p></td><td rowspan="1" colspan="1"><p>(RS)</p></td></tr><tr><td rowspan="1" colspan="1"><p>4300703</p></td><td rowspan="1" colspan="1"><p>Anta Gorda</p></td><td rowspan="1" colspan="1"><p>(RS)</p></td></tr><tr><td rowspan="1" colspan="1"><p>4300851</p></td><td rowspan="1" colspan="1"><p>Arambaré</p></td><td rowspan="1" colspan="1"><p>(RS)</p></td></tr><tr><td rowspan="1" colspan="1"><p>4300877</p></td><td rowspan="1" colspan="1"><p>Araricá</p></td><td rowspan="1" colspan="1"><p>(RS)</p></td></tr><tr><td rowspan="1" colspan="1"><p>4300901</p></td><td rowspan="1" colspan="1"><p>Aratiba</p></td><td rowspan="1" colspan="1"><p>(RS)</p></td></tr><tr><td rowspan="1" colspan="1"><p>4301008</p></td><td rowspan="1" colspan="1"><p>Arroio do Meio</p></td><td rowspan="1" colspan="1"><p>(RS)</p></td></tr><tr><td rowspan="1" colspan="1"><p>4301073</p></td><td rowspan="1" colspan="1"><p>Arroio do Padre</p></td><td rowspan="1" colspan="1"><p>(RS)</p></td></tr><tr><td rowspan="1" colspan="1"><p>4301107</p></td><td rowspan="1" colspan="1"><p>Arroio dos Ratos</p></td><td rowspan="1" colspan="1"><p>(RS)</p></td></tr><tr><td rowspan="1" colspan="1"><p>4301206</p></td><td rowspan="1" colspan="1"><p>Arroio do Tigre</p></td><td rowspan="1" colspan="1"><p>(RS)</p></td></tr><tr><td rowspan="1" colspan="1"><p>4301305</p></td><td rowspan="1" colspan="1"><p>Arroio Grande</p></td><td rowspan="1" colspan="1"><p>(RS)</p></td></tr><tr><td rowspan="1" colspan="1"><p>4301404</p></td><td rowspan="1" colspan="1"><p>Arvorezinha</p></td><td rowspan="1" colspan="1"><p>(RS)</p></td></tr><tr><td rowspan="1" colspan="1"><p>4301503</p></td><td rowspan="1" colspan="1"><p>Augusto Pestana</p></td><td rowspan="1" colspan="1"><p>(RS)</p></td></tr><tr><td rowspan="1" colspan="1"><p>4301552</p></td><td rowspan="1" colspan="1"><p>Áurea</p></td><td rowspan="1" colspan="1"><p>(RS)</p></td></tr><tr><td rowspan="1" colspan="1"><p>4301636</p></td><td rowspan="1" colspan="1"><p>Balneário Pinhal</p></td><td rowspan="1" colspan="1"><p>(RS)</p></td></tr><tr><td rowspan="1" colspan="1"><p>4301651</p></td><td rowspan="1" colspan="1"><p>Barão</p></td><td rowspan="1" colspan="1"><p>(RS)</p></td></tr><tr><td rowspan="1" colspan="1"><p>4301701</p></td><td rowspan="1" colspan="1"><p>Barão de Cotegipe</p></td><td rowspan="1" colspan="1"><p>(RS)</p></td></tr><tr><td rowspan="1" colspan="1"><p>4301750</p></td><td rowspan="1" colspan="1"><p>Barão do Triunfo</p></td><td rowspan="1" colspan="1"><p>(RS)</p></td></tr><tr><td rowspan="1" colspan="1"><p>4301800</p></td><td rowspan="1" colspan="1"><p>Barracão</p></td><td rowspan="1" colspan="1"><p>(RS)</p></td></tr><tr><td rowspan="1" colspan="1"><p>4301859</p></td><td rowspan="1" colspan="1"><p>Barra do Guarita</p></td><td rowspan="1" colspan="1"><p>(RS)</p></td></tr><tr><td rowspan="1" colspan="1"><p>4301909</p></td><td rowspan="1" colspan="1"><p>Barra do Ribeiro</p></td><td rowspan="1" colspan="1"><p>(RS)</p></td></tr><tr><td rowspan="1" colspan="1"><p>4301958</p></td><td rowspan="1" colspan="1"><p>Barra Funda</p></td><td rowspan="1" colspan="1"><p>(RS)</p></td></tr><tr><td rowspan="1" colspan="1"><p>4302006</p></td><td rowspan="1" colspan="1"><p>Barros Cassal</p></td><td rowspan="1" colspan="1"><p>(RS)</p></td></tr><tr><td rowspan="1" colspan="1"><p>4302055</p></td><td rowspan="1" colspan="1"><p>Benjamin Constant do Sul</p></td><td rowspan="1" colspan="1"><p>(RS)</p></td></tr><tr><td rowspan="1" colspan="1"><p>4302105</p></td><td rowspan="1" colspan="1"><p>Bento Gonçalves</p></td><td rowspan="1" colspan="1"><p>(RS)</p></td></tr><tr><td rowspan="1" colspan="1"><p>4302154</p></td><td rowspan="1" colspan="1"><p>Boa Vista das Missões</p></td><td rowspan="1" colspan="1"><p>(RS)</p></td></tr><tr><td rowspan="1" colspan="1"><p>4302204</p></td><td rowspan="1" colspan="1"><p>Boa Vista do Buricá</p></td><td rowspan="1" colspan="1"><p>(RS)</p></td></tr><tr><td rowspan="1" colspan="1"><p>4302220</p></td><td rowspan="1" colspan="1"><p>Boa Vista do Cadeado</p></td><td rowspan="1" colspan="1"><p>(RS)</p></td></tr><tr><td rowspan="1" colspan="1"><p>4302238</p></td><td rowspan="1" colspan="1"><p>Boa Vista do Incra</p></td><td rowspan="1" colspan="1"><p>(RS)</p></td></tr><tr><td rowspan="1" colspan="1"><p>4302303</p></td><td rowspan="1" colspan="1"><p>Bom Jesus</p></td><td rowspan="1" colspan="1"><p>(RS)</p></td></tr><tr><td rowspan="1" colspan="1"><p>4302352</p></td><td rowspan="1" colspan="1"><p>Bom Princípio</p></td><td rowspan="1" colspan="1"><p>(RS)</p></td></tr><tr><td rowspan="1" colspan="1"><p>4302378</p></td><td rowspan="1" colspan="1"><p>Bom Progresso</p></td><td rowspan="1" colspan="1"><p>(RS)</p></td></tr><tr><td rowspan="1" colspan="1"><p>4302402</p></td><td rowspan="1" colspan="1"><p>Bom Retiro do Sul</p></td><td rowspan="1" colspan="1"><p>(RS)</p></td></tr><tr><td rowspan="1" colspan="1"><p>4302451</p></td><td rowspan="1" colspan="1"><p>Boqueirão do Leão</p></td><td rowspan="1" colspan="1"><p>(RS)</p></td></tr></table>]]></Texto>
  </body>
  <Midias />
</article></xml>