﻿<xml><article id="45717323" name="PIN 200420251013a14 (Extraordina" idOficio="11316119" pubName="DO1" artType="Pauta" pubDate="01/10/2025" artClass="00028:00015:00002:00103:00000:00000:00000:00000:00000:00000:00053:00000" artCategory="Ministério da Fazenda/Conselho Administrativo de Recursos Fiscais/2ª Seção/Quarta Turma Extraordinária da 2ª Seção" artSize="12" artNotes="" numberPage="60" pdfPage="http://pesquisa.in.gov.br/imprensa/jsp/visualiza/index.jsp?data=01/10/2025&amp;jornal=515&amp;pagina=60" editionNumber="187" highlightType="" highlightPriority="" highlight="" highlightimage="" highlightimagename="" idMateria="23161166">
  <body>
    <Identifica><![CDATA[ PAUTA DE JULGAMENTO]]></Identifica>
    <Data><![CDATA[]]></Data>
    <Ementa />
    <Titulo />
    <SubTitulo />
    <Texto><![CDATA[<p class="identifica">PAUTA DE JULGAMENTO</p><p>Período da Reunião de 13 a 14/10/2025.</p><p>Pauta extraordinária de julgamento dos recursos da 4ª Turma Extraordinária da 2ª Seção, em reunião assíncrona, realizada por meio do Plenário Virtual, com duração de 2 (dois) dias, tendo início às 9h do dia 13/10/2025 e fim às 23h59min do dia 14/10/2025.</p><p>OBSERVAÇÕES:</p><p>1) Arquivos de sustentação oral e memoriais devem ser postados até cinco dias após a publicação da pauta;</p><p>2) Pedidos de retirada de pauta devem ser enviados até cinco dias após a publicação da pauta;</p><p>3) Serão desconsiderados a sustentação oral e o memorial cujos arquivos transmitidos não atendam à duração e aos requisitos previstos, respectivamente, no art. 11, e no art. 12 da Portaria CARF/MF nº 1.240, de 2 de agosto de 2024; e</p><p>4) A publicidade da reunião será garantida por meio do Sistema de Acompanhamento do Plenário Virtual - SAPVI, com acesso pelo endereço https://sapvi.carf.economia.gov.br/home.</p><p>DIA 13 de Outubro de 2025, ÀS 09:00 HORAS</p><p>Relator(a): LEONAM ROCHA DE MEDEIROS</p><p>1 - Processo nº: 10980.722760/2017-95 - Recorrente: KOMATSU FOREST INDUSTRIA E COMERCIO DE MAQUINAS FLORESTAIS LTDA. e Interessado: FAZENDA NACIONAL</p><p>2 - Processo nº: 13603.728814/2019-83 - Recorrente: MCA AUDITORIA E GERENCIAMENTO LTDA e Interessado: FAZENDA NACIONAL</p><p>3 - Processo nº: 11080.724363/2016-83 - Recorrente: MUNICIPIO DE ALVORADA e Interessado: FAZENDA NACIONAL</p><p>4 - Processo nº: 15504.727918/2017-52 - Recorrente: RIO MINAS CONSERVACAO E LIMPEZA LTDA e Interessado: FAZENDA NACIONAL</p><p>Relator(a): LUDMILA MARA MONTEIRO DE OLIVEIRA</p><p>5 - Processo nº: 11080.734390/2012-31 - Recorrente: CERVIERI ENGENHARIA LTDA e Interessado: FAZENDA NACIONAL</p><p>6 - Processo nº: 11080.734343/2012-97 - Recorrente: CERVIERI ENGENHARIA LTDA e Interessado: FAZENDA NACIONAL</p><p>7 - Processo nº: 11080.734367/2012-46 - Recorrente: CERVIERI ENGENHARIA LTDA e Interessado: FAZENDA NACIONAL</p><p>8 - Processo nº: 11080.734384/2012-83 - Recorrente: CERVIERI ENGENHARIA LTDA e Interessado: FAZENDA NACIONAL</p><p>Relator(a): LEONAM ROCHA DE MEDEIROS</p><p>9 - Processo nº: 11516.720056/2012-32 - Recorrente: RONALDO CARLESSI e Interessado: FAZENDA NACIONAL</p><p>10 - Processo nº: 10283.722430/2019-29 - Recorrente: SHOPPING MANAUS VIA NORTE SPE S.A e Interessado: FAZENDA NACIONAL</p><p>11 - Processo nº: 13984.720827/2016-24 - Recorrente: SUDATI PAINEIS S.A e Interessado: FAZENDA NACIONAL</p><p>Relator(a): LUDMILA MARA MONTEIRO DE OLIVEIRA</p><p>12 - Processo nº: 37376.000027/2005-67 - Recorrente: VIVANTE SERVICOS DE FACILITIES LTDA. e Interessado: FAZENDA NACIONAL</p><p>13 - Processo nº: 10740.720047/2016-59 - Recorrente: WALTERCON CONTABILIDADE LTDA e Interessado: FAZENDA NACIONAL</p><p class="assina">Liziane Angelotti Meira</p><p class="cargo">Presidente da 4ª Turma Extraordinária da 2ª Seção do CARF</p>]]></Texto>
  </body>
  <Midias />
</article></xml>