﻿<xml><article id="45727655" name="PORTARIA MPA NA 547 DE 30 DE SET" idOficio="11317639" pubName="DO1" artType="Portaria" pubDate="01/10/2025" artClass="00038:00001:00000:00000:00000:00000:00000:00000:00000:00000:00054:00000" artCategory="Ministério da Pesca e Aquicultura/Gabinete do Ministro" artSize="12" artNotes="" numberPage="108" pdfPage="http://pesquisa.in.gov.br/imprensa/jsp/visualiza/index.jsp?data=01/10/2025&amp;jornal=515&amp;pagina=108" editionNumber="187" highlightType="" highlightPriority="" highlight="" highlightimage="" highlightimagename="" idMateria="23164511">
  <body>
    <Identifica><![CDATA[ PORTARIA MPA Nº 547, DE 30 DE SETEMBRO DE 2025]]></Identifica>
    <Data><![CDATA[]]></Data>
    <Ementa><![CDATA[ Cancela, a pedido, a Licença de Empresa Pesqueira em nome da empresa DAIZINHO PESCADOS LTDA, inscrita no Registro Geral da Atividade Pesqueira - RGP sob o nº SC-I0004097-8.]]></Ementa>
    <Titulo />
    <SubTitulo />
    <Texto><![CDATA[<p class="identifica">PORTARIA MPA Nº 547, DE 30 DE SETEMBRO DE 2025</p><p class="ementa">Cancela, a pedido, a Licença de Empresa Pesqueira em nome da empresa DAIZINHO PESCADOS LTDA, inscrita no Registro Geral da Atividade Pesqueira - RGP sob o nº SC-I0004097-8.</p><p>O MINISTRO DE ESTADO DA PESCA E AQUICULTURA, no uso das atribuições que lhe confere o art. 87, inciso II, da Constituição, e em vista o disposto na Lei nº 14.600, de 19 de junho de 2023, na Lei nº 11.959, de 29 de junho de 2009, no Decreto nº 8.425, de 31 de março de 2015, e na Portaria nº 409, de 14 de janeiro de 2025, do Ministério da Pesca e Aquicultura, resolve:</p><p>Art. 1º Fica cancelada, a pedido, a Licença de Empresa Pesqueira em nome da empresa DAIZINHO PESCADOS LTDA concedida por meio do Certificado de Licença de Empresa Pesqueira nº SC-I0004097-8, para o exercício da atividade de beneficiamento do pescado, com fundamento no art. 18, inciso I, da Portaria nº 409, de 14 de janeiro de 2025, do Ministério da Pesca e Aquicultura.</p><p>Parágrafo único. A empresa pesqueira será cientificada da efetivação do cancelamento previsto no caput por meio de correio eletrônico indicado no Formulário de Requerimento, nos termos da Portaria nº 409, de 14 de janeiro de 2025, do Ministério da Pesca e Aquicultura.</p><p>Art. 2º Esta Portaria entra em vigor na data de sua publicação.</p><p class="assina">ANDRÉ DE PAULA</p>]]></Texto>
  </body>
  <Midias />
</article></xml>