﻿<xml><article id="45718814" name="2025-09-30/11316491/ANMWS_231616" idOficio="11316491" pubName="DO1" artType="Despacho" pubDate="01/10/2025" artClass="00035:00044:00026:00000:00000:00000:00000:00000:00000:00000:00024:00228" artCategory="Ministério de Minas e Energia/Agência Nacional de Mineração/Gerência Regional da ANM no Estado de Santa Catarina" artSize="12" artNotes="" numberPage="100" pdfPage="http://pesquisa.in.gov.br/imprensa/jsp/visualiza/index.jsp?data=01/10/2025&amp;jornal=515&amp;pagina=100" editionNumber="187" highlightType="" highlightPriority="" highlight="" highlightimage="" highlightimagename="" idMateria="23161649">
  <body>
    <Identifica><![CDATA[Despacho]]></Identifica>
    <Data><![CDATA[]]></Data>
    <Ementa />
    <Titulo />
    <SubTitulo />
    <Texto><![CDATA[<p class="identifica">Despacho</p><p class="identifica">Relação nº 228/2025</p><p>Fase de Requerimento de Registro de Extração</p><p>O GERENTE REGIONAL DA AGÊNCIA NACIONAL DE MINERAÇÃO, no uso da competência delegada de que trata o Art. 23, inciso VI, alínea "a" da Ordem de Serviço nº 334, de 12 de agosto de 2025, outorga o(s) seguinte(s) Registro de Extração(s), com prazo de 4 anos, com vigência a partir da data de publicação:(923)</p><p>815.608/2024-PREFEITURA MUNICIPAL DE ANTÔNIO CARLOS- Registro de Extração N°308/2025/ de 24/09/2025</p><p class="assina">JOSE AUGUSTO SIMOES NETO</p>]]></Texto>
  </body>
  <Midias />
</article></xml>