﻿<xml><article id="45719324" name="2025-09-30/11316621/ANMWS_231617" idOficio="11316621" pubName="DO1" artType="Despacho" pubDate="01/10/2025" artClass="00035:00044:00039:00000:00000:00000:00000:00000:00000:00000:00024:00290" artCategory="Ministério de Minas e Energia/Agência Nacional de Mineração/Gerência Regional da ANM no Estado do Rio Grande do Sul" artSize="12" artNotes="" numberPage="105" pdfPage="http://pesquisa.in.gov.br/imprensa/jsp/visualiza/index.jsp?data=01/10/2025&amp;jornal=515&amp;pagina=105" editionNumber="187" highlightType="" highlightPriority="" highlight="" highlightimage="" highlightimagename="" idMateria="23161795">
  <body>
    <Identifica><![CDATA[Despacho]]></Identifica>
    <Data><![CDATA[]]></Data>
    <Ementa />
    <Titulo />
    <SubTitulo />
    <Texto><![CDATA[<p class="identifica">Despacho</p><p class="identifica">Relação nº 290/2025</p><p>Fase de Concessão de Lavra</p><p>Determina cumprimento de exigência - Prazo 60 dias(470)</p><p>811.135/2015-PIRES EMPREENDIMENTOS IMOBILIARIOS LTDA-OF. N°37072/2025</p><p>Prorroga prazo para cumprimento de exigência- Prazo 60 dias(471)</p><p>803.650/1976-CALCARIO ANDREAZZA LTDA-OF. N°37490/2025</p><p>Fase de Licenciamento</p><p>Determina cumprimento de exigência - Prazo 30 dias(718)</p><p>810.121/2011-AGREGA MINERADORA LTDA-OF. N°38108/2025</p><p>810.207/2015-AGREGA MINERADORA LTDA-OF. N°38109/2025</p><p>810.126/2023-CERAMICA BARRINHA LTDA-OF. N°38113/2025</p><p>810.132/2023-RIOSUL NAVEGACAO EIRELI-OF. N°38111/2025</p><p>Fase de Registro de Extração</p><p>Determina cumprimento de exigência - Prazo 30 dias(954)</p><p>810.503/2023-MUNICIPIO DE ARATIBA-OF. N°38495/2025</p><p>811.039/2021-MUNICIPIO DE ARATIBA-OF. N°38505/2025</p><p>810.340/2022-MUNICIPIO DE ARATIBA-OF. N°38506/2025</p><p>Fase de Requerimento de Licenciamento</p><p>Determina o cumprimento de exigência - Prazo 30 dias(1155)</p><p>Processo nº: 810.879/2024</p><p>Titular: COMPANHIA GRASSINI EXTRAÇÃO E BRITAMENTO DE PEDRAS LTDA ME</p><p>Ofício nº: 38589/2025</p><p class="assina">JOSE EDUARDO DA COSTA DUARTE</p><p class="cargo">Gerente Interino</p>]]></Texto>
  </body>
  <Midias />
</article></xml>