﻿<xml><article id="45724902" name="Portaria SPA 114_005__8WX2IU" idOficio="11314622" pubName="DO1" artType="Portaria" pubDate="01/10/2025" artClass="00008:00028:00000:00000:00000:00000:00000:00000:00000:00000:00054:00114" artCategory="Ministério da Agricultura e Pecuária/Secretaria de Política Agrícola" artSize="12" artNotes="ok" numberPage="16" pdfPage="http://pesquisa.in.gov.br/imprensa/jsp/visualiza/index.jsp?data=01/10/2025&amp;jornal=515&amp;pagina=16" editionNumber="187" highlightType="" highlightPriority="" highlight="" highlightimage="" highlightimagename="" idMateria="23158984">
  <body>
    <Identifica />
    <Data><![CDATA[]]></Data>
    <Ementa />
    <Titulo />
    <SubTitulo />
    <Texto><![CDATA[<p /><p></p><table><tr><td rowspan="1" colspan="1"><p>4302501</p></td><td rowspan="1" colspan="1"><p>Bossoroca</p></td><td rowspan="1" colspan="1"><p>(RS)</p></td></tr><tr><td rowspan="1" colspan="1"><p>4302584</p></td><td rowspan="1" colspan="1"><p>Bozano</p></td><td rowspan="1" colspan="1"><p>(RS)</p></td></tr><tr><td rowspan="1" colspan="1"><p>4302600</p></td><td rowspan="1" colspan="1"><p>Braga</p></td><td rowspan="1" colspan="1"><p>(RS)</p></td></tr><tr><td rowspan="1" colspan="1"><p>4302659</p></td><td rowspan="1" colspan="1"><p>Brochier</p></td><td rowspan="1" colspan="1"><p>(RS)</p></td></tr><tr><td rowspan="1" colspan="1"><p>4302808</p></td><td rowspan="1" colspan="1"><p>Caçapava do Sul</p></td><td rowspan="1" colspan="1"><p>(RS)</p></td></tr><tr><td rowspan="1" colspan="1"><p>4302907</p></td><td rowspan="1" colspan="1"><p>Cacequi</p></td><td rowspan="1" colspan="1"><p>(RS)</p></td></tr><tr><td rowspan="1" colspan="1"><p>4303004</p></td><td rowspan="1" colspan="1"><p>Cachoeira do Sul</p></td><td rowspan="1" colspan="1"><p>(RS)</p></td></tr><tr><td rowspan="1" colspan="1"><p>4303202</p></td><td rowspan="1" colspan="1"><p>Cacique Doble</p></td><td rowspan="1" colspan="1"><p>(RS)</p></td></tr><tr><td rowspan="1" colspan="1"><p>4303301</p></td><td rowspan="1" colspan="1"><p>Caibaté</p></td><td rowspan="1" colspan="1"><p>(RS)</p></td></tr><tr><td rowspan="1" colspan="1"><p>4303400</p></td><td rowspan="1" colspan="1"><p>Caiçara</p></td><td rowspan="1" colspan="1"><p>(RS)</p></td></tr><tr><td rowspan="1" colspan="1"><p>4303509</p></td><td rowspan="1" colspan="1"><p>Camaquã</p></td><td rowspan="1" colspan="1"><p>(RS)</p></td></tr><tr><td rowspan="1" colspan="1"><p>4303558</p></td><td rowspan="1" colspan="1"><p>Camargo</p></td><td rowspan="1" colspan="1"><p>(RS)</p></td></tr><tr><td rowspan="1" colspan="1"><p>4303608</p></td><td rowspan="1" colspan="1"><p>Cambará do Sul</p></td><td rowspan="1" colspan="1"><p>(RS)</p></td></tr><tr><td rowspan="1" colspan="1"><p>4303707</p></td><td rowspan="1" colspan="1"><p>Campina das Missões</p></td><td rowspan="1" colspan="1"><p>(RS)</p></td></tr><tr><td rowspan="1" colspan="1"><p>4303806</p></td><td rowspan="1" colspan="1"><p>Campinas do Sul</p></td><td rowspan="1" colspan="1"><p>(RS)</p></td></tr><tr><td rowspan="1" colspan="1"><p>4304002</p></td><td rowspan="1" colspan="1"><p>Campo Novo</p></td><td rowspan="1" colspan="1"><p>(RS)</p></td></tr><tr><td rowspan="1" colspan="1"><p>4304101</p></td><td rowspan="1" colspan="1"><p>Campos Borges</p></td><td rowspan="1" colspan="1"><p>(RS)</p></td></tr><tr><td rowspan="1" colspan="1"><p>4304309</p></td><td rowspan="1" colspan="1"><p>Cândido Godói</p></td><td rowspan="1" colspan="1"><p>(RS)</p></td></tr><tr><td rowspan="1" colspan="1"><p>4304358</p></td><td rowspan="1" colspan="1"><p>Candiota</p></td><td rowspan="1" colspan="1"><p>(RS)</p></td></tr><tr><td rowspan="1" colspan="1"><p>4304408</p></td><td rowspan="1" colspan="1"><p>Canela</p></td><td rowspan="1" colspan="1"><p>(RS)</p></td></tr><tr><td rowspan="1" colspan="1"><p>4304507</p></td><td rowspan="1" colspan="1"><p>Canguçu</p></td><td rowspan="1" colspan="1"><p>(RS)</p></td></tr><tr><td rowspan="1" colspan="1"><p>4304614</p></td><td rowspan="1" colspan="1"><p>Canudos do Vale</p></td><td rowspan="1" colspan="1"><p>(RS)</p></td></tr><tr><td rowspan="1" colspan="1"><p>4304622</p></td><td rowspan="1" colspan="1"><p>Capão Bonito do Sul</p></td><td rowspan="1" colspan="1"><p>(RS)</p></td></tr><tr><td rowspan="1" colspan="1"><p>4304655</p></td><td rowspan="1" colspan="1"><p>Capão do Cipó</p></td><td rowspan="1" colspan="1"><p>(RS)</p></td></tr><tr><td rowspan="1" colspan="1"><p>4304663</p></td><td rowspan="1" colspan="1"><p>Capão do Leão</p></td><td rowspan="1" colspan="1"><p>(RS)</p></td></tr><tr><td rowspan="1" colspan="1"><p>4304705</p></td><td rowspan="1" colspan="1"><p>Carazinho</p></td><td rowspan="1" colspan="1"><p>(RS)</p></td></tr><tr><td rowspan="1" colspan="1"><p>4304713</p></td><td rowspan="1" colspan="1"><p>Caraá</p></td><td rowspan="1" colspan="1"><p>(RS)</p></td></tr><tr><td rowspan="1" colspan="1"><p>4304853</p></td><td rowspan="1" colspan="1"><p>Carlos Gomes</p></td><td rowspan="1" colspan="1"><p>(RS)</p></td></tr><tr><td rowspan="1" colspan="1"><p>4304903</p></td><td rowspan="1" colspan="1"><p>Casca</p></td><td rowspan="1" colspan="1"><p>(RS)</p></td></tr><tr><td rowspan="1" colspan="1"><p>4304952</p></td><td rowspan="1" colspan="1"><p>Caseiros</p></td><td rowspan="1" colspan="1"><p>(RS)</p></td></tr><tr><td rowspan="1" colspan="1"><p>4305009</p></td><td rowspan="1" colspan="1"><p>Catuípe</p></td><td rowspan="1" colspan="1"><p>(RS)</p></td></tr><tr><td rowspan="1" colspan="1"><p>4305116</p></td><td rowspan="1" colspan="1"><p>Centenário</p></td><td rowspan="1" colspan="1"><p>(RS)</p></td></tr><tr><td rowspan="1" colspan="1"><p>4305124</p></td><td rowspan="1" colspan="1"><p>Cerrito</p></td><td rowspan="1" colspan="1"><p>(RS)</p></td></tr><tr><td rowspan="1" colspan="1"><p>4305132</p></td><td rowspan="1" colspan="1"><p>Cerro Branco</p></td><td rowspan="1" colspan="1"><p>(RS)</p></td></tr><tr><td rowspan="1" colspan="1"><p>4305157</p></td><td rowspan="1" colspan="1"><p>Cerro Grande</p></td><td rowspan="1" colspan="1"><p>(RS)</p></td></tr><tr><td rowspan="1" colspan="1"><p>4305173</p></td><td rowspan="1" colspan="1"><p>Cerro Grande do Sul</p></td><td rowspan="1" colspan="1"><p>(RS)</p></td></tr><tr><td rowspan="1" colspan="1"><p>4305207</p></td><td rowspan="1" colspan="1"><p>Cerro Largo</p></td><td rowspan="1" colspan="1"><p>(RS)</p></td></tr><tr><td rowspan="1" colspan="1"><p>4305306</p></td><td rowspan="1" colspan="1"><p>Chapada</p></td><td rowspan="1" colspan="1"><p>(RS)</p></td></tr><tr><td rowspan="1" colspan="1"><p>4305355</p></td><td rowspan="1" colspan="1"><p>Charqueadas</p></td><td rowspan="1" colspan="1"><p>(RS)</p></td></tr><tr><td rowspan="1" colspan="1"><p>4305371</p></td><td rowspan="1" colspan="1"><p>Charrua</p></td><td rowspan="1" colspan="1"><p>(RS)</p></td></tr><tr><td rowspan="1" colspan="1"><p>4305405</p></td><td rowspan="1" colspan="1"><p>Chiapetta</p></td><td rowspan="1" colspan="1"><p>(RS)</p></td></tr><tr><td rowspan="1" colspan="1"><p>4305447</p></td><td rowspan="1" colspan="1"><p>Chuvisca</p></td><td rowspan="1" colspan="1"><p>(RS)</p></td></tr><tr><td rowspan="1" colspan="1"><p>4305504</p></td><td rowspan="1" colspan="1"><p>Ciríaco</p></td><td rowspan="1" colspan="1"><p>(RS)</p></td></tr><tr><td rowspan="1" colspan="1"><p>4305587</p></td><td rowspan="1" colspan="1"><p>Colinas</p></td><td rowspan="1" colspan="1"><p>(RS)</p></td></tr><tr><td rowspan="1" colspan="1"><p>4305603</p></td><td rowspan="1" colspan="1"><p>Colorado</p></td><td rowspan="1" colspan="1"><p>(RS)</p></td></tr><tr><td rowspan="1" colspan="1"><p>4305702</p></td><td rowspan="1" colspan="1"><p>Condor</p></td><td rowspan="1" colspan="1"><p>(RS)</p></td></tr><tr><td rowspan="1" colspan="1"><p>4305801</p></td><td rowspan="1" colspan="1"><p>Constantina</p></td><td rowspan="1" colspan="1"><p>(RS)</p></td></tr><tr><td rowspan="1" colspan="1"><p>4305835</p></td><td rowspan="1" colspan="1"><p>Coqueiro Baixo</p></td><td rowspan="1" colspan="1"><p>(RS)</p></td></tr><tr><td rowspan="1" colspan="1"><p>4305871</p></td><td rowspan="1" colspan="1"><p>Coronel Barros</p></td><td rowspan="1" colspan="1"><p>(RS)</p></td></tr><tr><td rowspan="1" colspan="1"><p>4305900</p></td><td rowspan="1" colspan="1"><p>Coronel Bicaco</p></td><td rowspan="1" colspan="1"><p>(RS)</p></td></tr><tr><td rowspan="1" colspan="1"><p>4305934</p></td><td rowspan="1" colspan="1"><p>Coronel Pilar</p></td><td rowspan="1" colspan="1"><p>(RS)</p></td></tr><tr><td rowspan="1" colspan="1"><p>4305959</p></td><td rowspan="1" colspan="1"><p>Cotiporã</p></td><td rowspan="1" colspan="1"><p>(RS)</p></td></tr><tr><td rowspan="1" colspan="1"><p>4305975</p></td><td rowspan="1" colspan="1"><p>Coxilha</p></td><td rowspan="1" colspan="1"><p>(RS)</p></td></tr><tr><td rowspan="1" colspan="1"><p>4306007</p></td><td rowspan="1" colspan="1"><p>Crissiumal</p></td><td rowspan="1" colspan="1"><p>(RS)</p></td></tr><tr><td rowspan="1" colspan="1"><p>4306056</p></td><td rowspan="1" colspan="1"><p>Cristal</p></td><td rowspan="1" colspan="1"><p>(RS)</p></td></tr><tr><td rowspan="1" colspan="1"><p>4306072</p></td><td rowspan="1" colspan="1"><p>Cristal do Sul</p></td><td rowspan="1" colspan="1"><p>(RS)</p></td></tr><tr><td rowspan="1" colspan="1"><p>4306106</p></td><td rowspan="1" colspan="1"><p>Cruz Alta</p></td><td rowspan="1" colspan="1"><p>(RS)</p></td></tr><tr><td rowspan="1" colspan="1"><p>4306130</p></td><td rowspan="1" colspan="1"><p>Cruzaltense</p></td><td rowspan="1" colspan="1"><p>(RS)</p></td></tr><tr><td rowspan="1" colspan="1"><p>4306205</p></td><td rowspan="1" colspan="1"><p>Cruzeiro do Sul</p></td><td rowspan="1" colspan="1"><p>(RS)</p></td></tr><tr><td rowspan="1" colspan="1"><p>4306304</p></td><td rowspan="1" colspan="1"><p>David Canabarro</p></td><td rowspan="1" colspan="1"><p>(RS)</p></td></tr><tr><td rowspan="1" colspan="1"><p>4306320</p></td><td rowspan="1" colspan="1"><p>Derrubadas</p></td><td rowspan="1" colspan="1"><p>(RS)</p></td></tr><tr><td rowspan="1" colspan="1"><p>4306353</p></td><td rowspan="1" colspan="1"><p>Dezesseis de Novembro</p></td><td rowspan="1" colspan="1"><p>(RS)</p></td></tr><tr><td rowspan="1" colspan="1"><p>4306403</p></td><td rowspan="1" colspan="1"><p>Dois Irmãos</p></td><td rowspan="1" colspan="1"><p>(RS)</p></td></tr><tr><td rowspan="1" colspan="1"><p>4306429</p></td><td rowspan="1" colspan="1"><p>Dois Irmãos das Missões</p></td><td rowspan="1" colspan="1"><p>(RS)</p></td></tr><tr><td rowspan="1" colspan="1"><p>4306452</p></td><td rowspan="1" colspan="1"><p>Dois Lajeados</p></td><td rowspan="1" colspan="1"><p>(RS)</p></td></tr><tr><td rowspan="1" colspan="1"><p>4306502</p></td><td rowspan="1" colspan="1"><p>Dom Feliciano</p></td><td rowspan="1" colspan="1"><p>(RS)</p></td></tr><tr><td rowspan="1" colspan="1"><p>4306601</p></td><td rowspan="1" colspan="1"><p>Dom Pedrito</p></td><td rowspan="1" colspan="1"><p>(RS)</p></td></tr><tr><td rowspan="1" colspan="1"><p>4306700</p></td><td rowspan="1" colspan="1"><p>Dona Francisca</p></td><td rowspan="1" colspan="1"><p>(RS)</p></td></tr><tr><td rowspan="1" colspan="1"><p>4306734</p></td><td rowspan="1" colspan="1"><p>Doutor Maurício Cardoso</p></td><td rowspan="1" colspan="1"><p>(RS)</p></td></tr><tr><td rowspan="1" colspan="1"><p>4306759</p></td><td rowspan="1" colspan="1"><p>Doutor Ricardo</p></td><td rowspan="1" colspan="1"><p>(RS)</p></td></tr><tr><td rowspan="1" colspan="1"><p>4306809</p></td><td rowspan="1" colspan="1"><p>Encantado</p></td><td rowspan="1" colspan="1"><p>(RS)</p></td></tr><tr><td rowspan="1" colspan="1"><p>4306908</p></td><td rowspan="1" colspan="1"><p>Encruzilhada do Sul</p></td><td rowspan="1" colspan="1"><p>(RS)</p></td></tr><tr><td rowspan="1" colspan="1"><p>4306924</p></td><td rowspan="1" colspan="1"><p>Engenho Velho</p></td><td rowspan="1" colspan="1"><p>(RS)</p></td></tr><tr><td rowspan="1" colspan="1"><p>4306932</p></td><td rowspan="1" colspan="1"><p>Entre-Ijuís</p></td><td rowspan="1" colspan="1"><p>(RS)</p></td></tr><tr><td rowspan="1" colspan="1"><p>4306957</p></td><td rowspan="1" colspan="1"><p>Entre Rios do Sul</p></td><td rowspan="1" colspan="1"><p>(RS)</p></td></tr><tr><td rowspan="1" colspan="1"><p>4306973</p></td><td rowspan="1" colspan="1"><p>Erebango</p></td><td rowspan="1" colspan="1"><p>(RS)</p></td></tr><tr><td rowspan="1" colspan="1"><p>4307005</p></td><td rowspan="1" colspan="1"><p>Erechim</p></td><td rowspan="1" colspan="1"><p>(RS)</p></td></tr><tr><td rowspan="1" colspan="1"><p>4307054</p></td><td rowspan="1" colspan="1"><p>Ernestina</p></td><td rowspan="1" colspan="1"><p>(RS)</p></td></tr><tr><td rowspan="1" colspan="1"><p>4307104</p></td><td rowspan="1" colspan="1"><p>Herval</p></td><td rowspan="1" colspan="1"><p>(RS)</p></td></tr><tr><td rowspan="1" colspan="1"><p>4307203</p></td><td rowspan="1" colspan="1"><p>Erval Grande</p></td><td rowspan="1" colspan="1"><p>(RS)</p></td></tr><tr><td rowspan="1" colspan="1"><p>4307302</p></td><td rowspan="1" colspan="1"><p>Erval Seco</p></td><td rowspan="1" colspan="1"><p>(RS)</p></td></tr><tr><td rowspan="1" colspan="1"><p>4307450</p></td><td rowspan="1" colspan="1"><p>Esperança do Sul</p></td><td rowspan="1" colspan="1"><p>(RS)</p></td></tr><tr><td rowspan="1" colspan="1"><p>4307500</p></td><td rowspan="1" colspan="1"><p>Espumoso</p></td><td rowspan="1" colspan="1"><p>(RS)</p></td></tr><tr><td rowspan="1" colspan="1"><p>4307559</p></td><td rowspan="1" colspan="1"><p>Estação</p></td><td rowspan="1" colspan="1"><p>(RS)</p></td></tr><tr><td rowspan="1" colspan="1"><p>4307807</p></td><td rowspan="1" colspan="1"><p>Estrela</p></td><td rowspan="1" colspan="1"><p>(RS)</p></td></tr><tr><td rowspan="1" colspan="1"><p>4307815</p></td><td rowspan="1" colspan="1"><p>Estrela Velha</p></td><td rowspan="1" colspan="1"><p>(RS)</p></td></tr><tr><td rowspan="1" colspan="1"><p>4307831</p></td><td rowspan="1" colspan="1"><p>Eugênio de Castro</p></td><td rowspan="1" colspan="1"><p>(RS)</p></td></tr><tr><td rowspan="1" colspan="1"><p>4307864</p></td><td rowspan="1" colspan="1"><p>Fagundes Varela</p></td><td rowspan="1" colspan="1"><p>(RS)</p></td></tr><tr><td rowspan="1" colspan="1"><p>4307906</p></td><td rowspan="1" colspan="1"><p>Farroupilha</p></td><td rowspan="1" colspan="1"><p>(RS)</p></td></tr><tr><td rowspan="1" colspan="1"><p>4308003</p></td><td rowspan="1" colspan="1"><p>Faxinal do Soturno</p></td><td rowspan="1" colspan="1"><p>(RS)</p></td></tr><tr><td rowspan="1" colspan="1"><p>4308052</p></td><td rowspan="1" colspan="1"><p>Faxinalzinho</p></td><td rowspan="1" colspan="1"><p>(RS)</p></td></tr><tr><td rowspan="1" colspan="1"><p>4308102</p></td><td rowspan="1" colspan="1"><p>Feliz</p></td><td rowspan="1" colspan="1"><p>(RS)</p></td></tr><tr><td rowspan="1" colspan="1"><p>4308250</p></td><td rowspan="1" colspan="1"><p>Floriano Peixoto</p></td><td rowspan="1" colspan="1"><p>(RS)</p></td></tr><tr><td rowspan="1" colspan="1"><p>4308409</p></td><td rowspan="1" colspan="1"><p>Formigueiro</p></td><td rowspan="1" colspan="1"><p>(RS)</p></td></tr><tr><td rowspan="1" colspan="1"><p>4308433</p></td><td rowspan="1" colspan="1"><p>Forquetinha</p></td><td rowspan="1" colspan="1"><p>(RS)</p></td></tr><tr><td rowspan="1" colspan="1"><p>4308458</p></td><td rowspan="1" colspan="1"><p>Fortaleza dos Valos</p></td><td rowspan="1" colspan="1"><p>(RS)</p></td></tr><tr><td rowspan="1" colspan="1"><p>4308508</p></td><td rowspan="1" colspan="1"><p>Frederico Westphalen</p></td><td rowspan="1" colspan="1"><p>(RS)</p></td></tr><tr><td rowspan="1" colspan="1"><p>4308607</p></td><td rowspan="1" colspan="1"><p>Garibaldi</p></td><td rowspan="1" colspan="1"><p>(RS)</p></td></tr><tr><td rowspan="1" colspan="1"><p>4308656</p></td><td rowspan="1" colspan="1"><p>Garruchos</p></td><td rowspan="1" colspan="1"><p>(RS)</p></td></tr><tr><td rowspan="1" colspan="1"><p>4308706</p></td><td rowspan="1" colspan="1"><p>Gaurama</p></td><td rowspan="1" colspan="1"><p>(RS)</p></td></tr><tr><td rowspan="1" colspan="1"><p>4308805</p></td><td rowspan="1" colspan="1"><p>General Câmara</p></td><td rowspan="1" colspan="1"><p>(RS)</p></td></tr><tr><td rowspan="1" colspan="1"><p>4308854</p></td><td rowspan="1" colspan="1"><p>Gentil</p></td><td rowspan="1" colspan="1"><p>(RS)</p></td></tr><tr><td rowspan="1" colspan="1"><p>4308904</p></td><td rowspan="1" colspan="1"><p>Getúlio Vargas</p></td><td rowspan="1" colspan="1"><p>(RS)</p></td></tr><tr><td rowspan="1" colspan="1"><p>4309001</p></td><td rowspan="1" colspan="1"><p>Giruá</p></td><td rowspan="1" colspan="1"><p>(RS)</p></td></tr><tr><td rowspan="1" colspan="1"><p>4309126</p></td><td rowspan="1" colspan="1"><p>Gramado dos Loureiros</p></td><td rowspan="1" colspan="1"><p>(RS)</p></td></tr><tr><td rowspan="1" colspan="1"><p>4309159</p></td><td rowspan="1" colspan="1"><p>Gramado Xavier</p></td><td rowspan="1" colspan="1"><p>(RS)</p></td></tr><tr><td rowspan="1" colspan="1"><p>4309258</p></td><td rowspan="1" colspan="1"><p>Guabiju</p></td><td rowspan="1" colspan="1"><p>(RS)</p></td></tr><tr><td rowspan="1" colspan="1"><p>4309407</p></td><td rowspan="1" colspan="1"><p>Guaporé</p></td><td rowspan="1" colspan="1"><p>(RS)</p></td></tr><tr><td rowspan="1" colspan="1"><p>4309506</p></td><td rowspan="1" colspan="1"><p>Guarani das Missões</p></td><td rowspan="1" colspan="1"><p>(RS)</p></td></tr><tr><td rowspan="1" colspan="1"><p>4309555</p></td><td rowspan="1" colspan="1"><p>Harmonia</p></td><td rowspan="1" colspan="1"><p>(RS)</p></td></tr><tr><td rowspan="1" colspan="1"><p>4309571</p></td><td rowspan="1" colspan="1"><p>Herveiras</p></td><td rowspan="1" colspan="1"><p>(RS)</p></td></tr><tr><td rowspan="1" colspan="1"><p>4309605</p></td><td rowspan="1" colspan="1"><p>Horizontina</p></td><td rowspan="1" colspan="1"><p>(RS)</p></td></tr><tr><td rowspan="1" colspan="1"><p>4309654</p></td><td rowspan="1" colspan="1"><p>Hulha Negra</p></td><td rowspan="1" colspan="1"><p>(RS)</p></td></tr><tr><td rowspan="1" colspan="1"><p>4309704</p></td><td rowspan="1" colspan="1"><p>Humaitá</p></td><td rowspan="1" colspan="1"><p>(RS)</p></td></tr><tr><td rowspan="1" colspan="1"><p>4309753</p></td><td rowspan="1" colspan="1"><p>Ibarama</p></td><td rowspan="1" colspan="1"><p>(RS)</p></td></tr><tr><td rowspan="1" colspan="1"><p>4309803</p></td><td rowspan="1" colspan="1"><p>Ibiaçá</p></td><td rowspan="1" colspan="1"><p>(RS)</p></td></tr><tr><td rowspan="1" colspan="1"><p>4309902</p></td><td rowspan="1" colspan="1"><p>Ibiraiaras</p></td><td rowspan="1" colspan="1"><p>(RS)</p></td></tr><tr><td rowspan="1" colspan="1"><p>4309951</p></td><td rowspan="1" colspan="1"><p>Ibirapuitã</p></td><td rowspan="1" colspan="1"><p>(RS)</p></td></tr><tr><td rowspan="1" colspan="1"><p>4310009</p></td><td rowspan="1" colspan="1"><p>Ibirubá</p></td><td rowspan="1" colspan="1"><p>(RS)</p></td></tr><tr><td rowspan="1" colspan="1"><p>4310108</p></td><td rowspan="1" colspan="1"><p>Igrejinha</p></td><td rowspan="1" colspan="1"><p>(RS)</p></td></tr><tr><td rowspan="1" colspan="1"><p>4310207</p></td><td rowspan="1" colspan="1"><p>Ijuí</p></td><td rowspan="1" colspan="1"><p>(RS)</p></td></tr><tr><td rowspan="1" colspan="1"><p>4310306</p></td><td rowspan="1" colspan="1"><p>Ilópolis</p></td><td rowspan="1" colspan="1"><p>(RS)</p></td></tr><tr><td rowspan="1" colspan="1"><p>4310363</p></td><td rowspan="1" colspan="1"><p>Imigrante</p></td><td rowspan="1" colspan="1"><p>(RS)</p></td></tr><tr><td rowspan="1" colspan="1"><p>4310405</p></td><td rowspan="1" colspan="1"><p>Independência</p></td><td rowspan="1" colspan="1"><p>(RS)</p></td></tr><tr><td rowspan="1" colspan="1"><p>4310413</p></td><td rowspan="1" colspan="1"><p>Inhacorá</p></td><td rowspan="1" colspan="1"><p>(RS)</p></td></tr><tr><td rowspan="1" colspan="1"><p>4310439</p></td><td rowspan="1" colspan="1"><p>Ipê</p></td><td rowspan="1" colspan="1"><p>(RS)</p></td></tr><tr><td rowspan="1" colspan="1"><p>4310462</p></td><td rowspan="1" colspan="1"><p>Ipiranga do Sul</p></td><td rowspan="1" colspan="1"><p>(RS)</p></td></tr><tr><td rowspan="1" colspan="1"><p>4310504</p></td><td rowspan="1" colspan="1"><p>Iraí</p></td><td rowspan="1" colspan="1"><p>(RS)</p></td></tr><tr><td rowspan="1" colspan="1"><p>4310538</p></td><td rowspan="1" colspan="1"><p>Itaara</p></td><td rowspan="1" colspan="1"><p>(RS)</p></td></tr><tr><td rowspan="1" colspan="1"><p>4310553</p></td><td rowspan="1" colspan="1"><p>Itacurubi</p></td><td rowspan="1" colspan="1"><p>(RS)</p></td></tr><tr><td rowspan="1" colspan="1"><p>4310751</p></td><td rowspan="1" colspan="1"><p>Ivorá</p></td><td rowspan="1" colspan="1"><p>(RS)</p></td></tr><tr><td rowspan="1" colspan="1"><p>4310850</p></td><td rowspan="1" colspan="1"><p>Jaboticaba</p></td><td rowspan="1" colspan="1"><p>(RS)</p></td></tr><tr><td rowspan="1" colspan="1"><p>4310876</p></td><td rowspan="1" colspan="1"><p>Jacuizinho</p></td><td rowspan="1" colspan="1"><p>(RS)</p></td></tr><tr><td rowspan="1" colspan="1"><p>4310900</p></td><td rowspan="1" colspan="1"><p>Jacutinga</p></td><td rowspan="1" colspan="1"><p>(RS)</p></td></tr><tr><td rowspan="1" colspan="1"><p>4311122</p></td><td rowspan="1" colspan="1"><p>Jaquirana</p></td><td rowspan="1" colspan="1"><p>(RS)</p></td></tr><tr><td rowspan="1" colspan="1"><p>4311130</p></td><td rowspan="1" colspan="1"><p>Jari</p></td><td rowspan="1" colspan="1"><p>(RS)</p></td></tr><tr><td rowspan="1" colspan="1"><p>4311155</p></td><td rowspan="1" colspan="1"><p>Jóia</p></td><td rowspan="1" colspan="1"><p>(RS)</p></td></tr><tr><td rowspan="1" colspan="1"><p>4311239</p></td><td rowspan="1" colspan="1"><p>Lagoa Bonita do Sul</p></td><td rowspan="1" colspan="1"><p>(RS)</p></td></tr><tr><td rowspan="1" colspan="1"><p>4311254</p></td><td rowspan="1" colspan="1"><p>Lagoão</p></td><td rowspan="1" colspan="1"><p>(RS)</p></td></tr><tr><td rowspan="1" colspan="1"><p>4311270</p></td><td rowspan="1" colspan="1"><p>Lagoa dos Três Cantos</p></td><td rowspan="1" colspan="1"><p>(RS)</p></td></tr><tr><td rowspan="1" colspan="1"><p>4311304</p></td><td rowspan="1" colspan="1"><p>Lagoa Vermelha</p></td><td rowspan="1" colspan="1"><p>(RS)</p></td></tr><tr><td rowspan="1" colspan="1"><p>4311403</p></td><td rowspan="1" colspan="1"><p>Lajeado</p></td><td rowspan="1" colspan="1"><p>(RS)</p></td></tr><tr><td rowspan="1" colspan="1"><p>4311429</p></td><td rowspan="1" colspan="1"><p>Lajeado do Bugre</p></td><td rowspan="1" colspan="1"><p>(RS)</p></td></tr><tr><td rowspan="1" colspan="1"><p>4311502</p></td><td rowspan="1" colspan="1"><p>Lavras do Sul</p></td><td rowspan="1" colspan="1"><p>(RS)</p></td></tr><tr><td rowspan="1" colspan="1"><p>4311601</p></td><td rowspan="1" colspan="1"><p>Liberato Salzano</p></td><td rowspan="1" colspan="1"><p>(RS)</p></td></tr><tr><td rowspan="1" colspan="1"><p>4311700</p></td><td rowspan="1" colspan="1"><p>Machadinho</p></td><td rowspan="1" colspan="1"><p>(RS)</p></td></tr><tr><td rowspan="1" colspan="1"><p>4311718</p></td><td rowspan="1" colspan="1"><p>Maçambará</p></td><td rowspan="1" colspan="1"><p>(RS)</p></td></tr><tr><td rowspan="1" colspan="1"><p>4311759</p></td><td rowspan="1" colspan="1"><p>Manoel Viana</p></td><td rowspan="1" colspan="1"><p>(RS)</p></td></tr><tr><td rowspan="1" colspan="1"><p>4311809</p></td><td rowspan="1" colspan="1"><p>Marau</p></td><td rowspan="1" colspan="1"><p>(RS)</p></td></tr><tr><td rowspan="1" colspan="1"><p>4311908</p></td><td rowspan="1" colspan="1"><p>Marcelino Ramos</p></td><td rowspan="1" colspan="1"><p>(RS)</p></td></tr><tr><td rowspan="1" colspan="1"><p>4312005</p></td><td rowspan="1" colspan="1"><p>Mariano Moro</p></td><td rowspan="1" colspan="1"><p>(RS)</p></td></tr><tr><td rowspan="1" colspan="1"><p>4312054</p></td><td rowspan="1" colspan="1"><p>Marques de Souza</p></td><td rowspan="1" colspan="1"><p>(RS)</p></td></tr><tr><td rowspan="1" colspan="1"><p>4312104</p></td><td rowspan="1" colspan="1"><p>Mata</p></td><td rowspan="1" colspan="1"><p>(RS)</p></td></tr><tr><td rowspan="1" colspan="1"><p>4312138</p></td><td rowspan="1" colspan="1"><p>Mato Castelhano</p></td><td rowspan="1" colspan="1"><p>(RS)</p></td></tr><tr><td rowspan="1" colspan="1"><p>4312153</p></td><td rowspan="1" colspan="1"><p>Mato Leitão</p></td><td rowspan="1" colspan="1"><p>(RS)</p></td></tr><tr><td rowspan="1" colspan="1"><p>4312179</p></td><td rowspan="1" colspan="1"><p>Mato Queimado</p></td><td rowspan="1" colspan="1"><p>(RS)</p></td></tr><tr><td rowspan="1" colspan="1"><p>4312203</p></td><td rowspan="1" colspan="1"><p>Maximiliano de Almeida</p></td><td rowspan="1" colspan="1"><p>(RS)</p></td></tr><tr><td rowspan="1" colspan="1"><p>4312302</p></td><td rowspan="1" colspan="1"><p>Miraguaí</p></td><td rowspan="1" colspan="1"><p>(RS)</p></td></tr><tr><td rowspan="1" colspan="1"><p>4312351</p></td><td rowspan="1" colspan="1"><p>Montauri</p></td><td rowspan="1" colspan="1"><p>(RS)</p></td></tr><tr><td rowspan="1" colspan="1"><p>4312377</p></td><td rowspan="1" colspan="1"><p>Monte Alegre dos Campos</p></td><td rowspan="1" colspan="1"><p>(RS)</p></td></tr><tr><td rowspan="1" colspan="1"><p>4312385</p></td><td rowspan="1" colspan="1"><p>Monte Belo do Sul</p></td><td rowspan="1" colspan="1"><p>(RS)</p></td></tr><tr><td rowspan="1" colspan="1"><p>4312401</p></td><td rowspan="1" colspan="1"><p>Montenegro</p></td><td rowspan="1" colspan="1"><p>(RS)</p></td></tr><tr><td rowspan="1" colspan="1"><p>4312427</p></td><td rowspan="1" colspan="1"><p>Mormaço</p></td><td rowspan="1" colspan="1"><p>(RS)</p></td></tr><tr><td rowspan="1" colspan="1"><p>4312450</p></td><td rowspan="1" colspan="1"><p>Morro Redondo</p></td><td rowspan="1" colspan="1"><p>(RS)</p></td></tr><tr><td rowspan="1" colspan="1"><p>4312476</p></td><td rowspan="1" colspan="1"><p>Morro Reuter</p></td><td rowspan="1" colspan="1"><p>(RS)</p></td></tr><tr><td rowspan="1" colspan="1"><p>4312609</p></td><td rowspan="1" colspan="1"><p>Muçum</p></td><td rowspan="1" colspan="1"><p>(RS)</p></td></tr><tr><td rowspan="1" colspan="1"><p>4312617</p></td><td rowspan="1" colspan="1"><p>Muitos Capões</p></td><td rowspan="1" colspan="1"><p>(RS)</p></td></tr><tr><td rowspan="1" colspan="1"><p>4312625</p></td><td rowspan="1" colspan="1"><p>Muliterno</p></td><td rowspan="1" colspan="1"><p>(RS)</p></td></tr><tr><td rowspan="1" colspan="1"><p>4312658</p></td><td rowspan="1" colspan="1"><p>Não-Me-Toque</p></td><td rowspan="1" colspan="1"><p>(RS)</p></td></tr><tr><td rowspan="1" colspan="1"><p>4312674</p></td><td rowspan="1" colspan="1"><p>Nicolau Vergueiro</p></td><td rowspan="1" colspan="1"><p>(RS)</p></td></tr><tr><td rowspan="1" colspan="1"><p>4312708</p></td><td rowspan="1" colspan="1"><p>Nonoai</p></td><td rowspan="1" colspan="1"><p>(RS)</p></td></tr><tr><td rowspan="1" colspan="1"><p>4312757</p></td><td rowspan="1" colspan="1"><p>Nova Alvorada</p></td><td rowspan="1" colspan="1"><p>(RS)</p></td></tr><tr><td rowspan="1" colspan="1"><p>4312807</p></td><td rowspan="1" colspan="1"><p>Nova Araçá</p></td><td rowspan="1" colspan="1"><p>(RS)</p></td></tr><tr><td rowspan="1" colspan="1"><p>4312906</p></td><td rowspan="1" colspan="1"><p>Nova Bassano</p></td><td rowspan="1" colspan="1"><p>(RS)</p></td></tr><tr><td rowspan="1" colspan="1"><p>4312955</p></td><td rowspan="1" colspan="1"><p>Nova Boa Vista</p></td><td rowspan="1" colspan="1"><p>(RS)</p></td></tr><tr><td rowspan="1" colspan="1"><p>4313003</p></td><td rowspan="1" colspan="1"><p>Nova Bréscia</p></td><td rowspan="1" colspan="1"><p>(RS)</p></td></tr><tr><td rowspan="1" colspan="1"><p>4313011</p></td><td rowspan="1" colspan="1"><p>Nova Candelária</p></td><td rowspan="1" colspan="1"><p>(RS)</p></td></tr><tr><td rowspan="1" colspan="1"><p>4313037</p></td><td rowspan="1" colspan="1"><p>Nova Esperança do Sul</p></td><td rowspan="1" colspan="1"><p>(RS)</p></td></tr><tr><td rowspan="1" colspan="1"><p>4313060</p></td><td rowspan="1" colspan="1"><p>Nova Hartz</p></td><td rowspan="1" colspan="1"><p>(RS)</p></td></tr><tr><td rowspan="1" colspan="1"><p>4313086</p></td><td rowspan="1" colspan="1"><p>Nova Pádua</p></td><td rowspan="1" colspan="1"><p>(RS)</p></td></tr><tr><td rowspan="1" colspan="1"><p>4313102</p></td><td rowspan="1" colspan="1"><p>Nova Palma</p></td><td rowspan="1" colspan="1"><p>(RS)</p></td></tr><tr><td rowspan="1" colspan="1"><p>4313300</p></td><td rowspan="1" colspan="1"><p>Nova Prata</p></td><td rowspan="1" colspan="1"><p>(RS)</p></td></tr><tr><td rowspan="1" colspan="1"><p>4313334</p></td><td rowspan="1" colspan="1"><p>Nova Ramada</p></td><td rowspan="1" colspan="1"><p>(RS)</p></td></tr><tr><td rowspan="1" colspan="1"><p>4313359</p></td><td rowspan="1" colspan="1"><p>Nova Roma do Sul</p></td><td rowspan="1" colspan="1"><p>(RS)</p></td></tr><tr><td rowspan="1" colspan="1"><p>4313391</p></td><td rowspan="1" colspan="1"><p>Novo Cabrais</p></td><td rowspan="1" colspan="1"><p>(RS)</p></td></tr><tr><td rowspan="1" colspan="1"><p>4313425</p></td><td rowspan="1" colspan="1"><p>Novo Machado</p></td><td rowspan="1" colspan="1"><p>(RS)</p></td></tr><tr><td rowspan="1" colspan="1"><p>4313441</p></td><td rowspan="1" colspan="1"><p>Novo Tiradentes</p></td><td rowspan="1" colspan="1"><p>(RS)</p></td></tr><tr><td rowspan="1" colspan="1"><p>4313466</p></td><td rowspan="1" colspan="1"><p>Novo Xingu</p></td><td rowspan="1" colspan="1"><p>(RS)</p></td></tr><tr><td rowspan="1" colspan="1"><p>4313490</p></td><td rowspan="1" colspan="1"><p>Novo Barreiro</p></td><td rowspan="1" colspan="1"><p>(RS)</p></td></tr><tr><td rowspan="1" colspan="1"><p>4313607</p></td><td rowspan="1" colspan="1"><p>Paim Filho</p></td><td rowspan="1" colspan="1"><p>(RS)</p></td></tr><tr><td rowspan="1" colspan="1"><p>4313706</p></td><td rowspan="1" colspan="1"><p>Palmeira das Missões</p></td><td rowspan="1" colspan="1"><p>(RS)</p></td></tr><tr><td rowspan="1" colspan="1"><p>4313805</p></td><td rowspan="1" colspan="1"><p>Palmitinho</p></td><td rowspan="1" colspan="1"><p>(RS)</p></td></tr><tr><td rowspan="1" colspan="1"><p>4313904</p></td><td rowspan="1" colspan="1"><p>Panambi</p></td><td rowspan="1" colspan="1"><p>(RS)</p></td></tr><tr><td rowspan="1" colspan="1"><p>4313953</p></td><td rowspan="1" colspan="1"><p>Pantano Grande</p></td><td rowspan="1" colspan="1"><p>(RS)</p></td></tr><tr><td rowspan="1" colspan="1"><p>4314001</p></td><td rowspan="1" colspan="1"><p>Paraí</p></td><td rowspan="1" colspan="1"><p>(RS)</p></td></tr><tr><td rowspan="1" colspan="1"><p>4314027</p></td><td rowspan="1" colspan="1"><p>Paraíso do Sul</p></td><td rowspan="1" colspan="1"><p>(RS)</p></td></tr><tr><td rowspan="1" colspan="1"><p>4314035</p></td><td rowspan="1" colspan="1"><p>Pareci Novo</p></td><td rowspan="1" colspan="1"><p>(RS)</p></td></tr><tr><td rowspan="1" colspan="1"><p>4314068</p></td><td rowspan="1" colspan="1"><p>Passa Sete</p></td><td rowspan="1" colspan="1"><p>(RS)</p></td></tr><tr><td rowspan="1" colspan="1"><p>4314076</p></td><td rowspan="1" colspan="1"><p>Passo do Sobrado</p></td><td rowspan="1" colspan="1"><p>(RS)</p></td></tr><tr><td rowspan="1" colspan="1"><p>4314100</p></td><td rowspan="1" colspan="1"><p>Passo Fundo</p></td><td rowspan="1" colspan="1"><p>(RS)</p></td></tr><tr><td rowspan="1" colspan="1"><p>4314134</p></td><td rowspan="1" colspan="1"><p>Paulo Bento</p></td><td rowspan="1" colspan="1"><p>(RS)</p></td></tr><tr><td rowspan="1" colspan="1"><p>4314159</p></td><td rowspan="1" colspan="1"><p>Paverama</p></td><td rowspan="1" colspan="1"><p>(RS)</p></td></tr><tr><td rowspan="1" colspan="1"><p>4314308</p></td><td rowspan="1" colspan="1"><p>Pejuçara</p></td><td rowspan="1" colspan="1"><p>(RS)</p></td></tr><tr><td rowspan="1" colspan="1"><p>4314407</p></td><td rowspan="1" colspan="1"><p>Pelotas</p></td><td rowspan="1" colspan="1"><p>(RS)</p></td></tr><tr><td rowspan="1" colspan="1"><p>4314423</p></td><td rowspan="1" colspan="1"><p>Picada Café</p></td><td rowspan="1" colspan="1"><p>(RS)</p></td></tr><tr><td rowspan="1" colspan="1"><p>4314456</p></td><td rowspan="1" colspan="1"><p>Pinhal</p></td><td rowspan="1" colspan="1"><p>(RS)</p></td></tr><tr><td rowspan="1" colspan="1"><p>4314464</p></td><td rowspan="1" colspan="1"><p>Pinhal da Serra</p></td><td rowspan="1" colspan="1"><p>(RS)</p></td></tr><tr><td rowspan="1" colspan="1"><p>4314472</p></td><td rowspan="1" colspan="1"><p>Pinhal Grande</p></td><td rowspan="1" colspan="1"><p>(RS)</p></td></tr><tr><td rowspan="1" colspan="1"><p>4314498</p></td><td rowspan="1" colspan="1"><p>Pinheirinho do Vale</p></td><td rowspan="1" colspan="1"><p>(RS)</p></td></tr><tr><td rowspan="1" colspan="1"><p>4314506</p></td><td rowspan="1" colspan="1"><p>Pinheiro Machado</p></td><td rowspan="1" colspan="1"><p>(RS)</p></td></tr><tr><td rowspan="1" colspan="1"><p>4314555</p></td><td rowspan="1" colspan="1"><p>Pirapó</p></td><td rowspan="1" colspan="1"><p>(RS)</p></td></tr><tr><td rowspan="1" colspan="1"><p>4314605</p></td><td rowspan="1" colspan="1"><p>Piratini</p></td><td rowspan="1" colspan="1"><p>(RS)</p></td></tr><tr><td rowspan="1" colspan="1"><p>4314704</p></td><td rowspan="1" colspan="1"><p>Planalto</p></td><td rowspan="1" colspan="1"><p>(RS)</p></td></tr><tr><td rowspan="1" colspan="1"><p>4314753</p></td><td rowspan="1" colspan="1"><p>Poço das Antas</p></td><td rowspan="1" colspan="1"><p>(RS)</p></td></tr><tr><td rowspan="1" colspan="1"><p>4314779</p></td><td rowspan="1" colspan="1"><p>Pontão</p></td><td rowspan="1" colspan="1"><p>(RS)</p></td></tr><tr><td rowspan="1" colspan="1"><p>4314787</p></td><td rowspan="1" colspan="1"><p>Ponte Preta</p></td><td rowspan="1" colspan="1"><p>(RS)</p></td></tr><tr><td rowspan="1" colspan="1"><p>4314803</p></td><td rowspan="1" colspan="1"><p>Portão</p></td><td rowspan="1" colspan="1"><p>(RS)</p></td></tr><tr><td rowspan="1" colspan="1"><p>4315008</p></td><td rowspan="1" colspan="1"><p>Porto Lucena</p></td><td rowspan="1" colspan="1"><p>(RS)</p></td></tr><tr><td rowspan="1" colspan="1"><p>4315057</p></td><td rowspan="1" colspan="1"><p>Porto Mauá</p></td><td rowspan="1" colspan="1"><p>(RS)</p></td></tr><tr><td rowspan="1" colspan="1"><p>4315073</p></td><td rowspan="1" colspan="1"><p>Porto Vera Cruz</p></td><td rowspan="1" colspan="1"><p>(RS)</p></td></tr><tr><td rowspan="1" colspan="1"><p>4315107</p></td><td rowspan="1" colspan="1"><p>Porto Xavier</p></td><td rowspan="1" colspan="1"><p>(RS)</p></td></tr><tr><td rowspan="1" colspan="1"><p>4315131</p></td><td rowspan="1" colspan="1"><p>Pouso Novo</p></td><td rowspan="1" colspan="1"><p>(RS)</p></td></tr><tr><td rowspan="1" colspan="1"><p>4315149</p></td><td rowspan="1" colspan="1"><p>Presidente Lucena</p></td><td rowspan="1" colspan="1"><p>(RS)</p></td></tr><tr><td rowspan="1" colspan="1"><p>4315156</p></td><td rowspan="1" colspan="1"><p>Progresso</p></td><td rowspan="1" colspan="1"><p>(RS)</p></td></tr><tr><td rowspan="1" colspan="1"><p>4315172</p></td><td rowspan="1" colspan="1"><p>Protásio Alves</p></td><td rowspan="1" colspan="1"><p>(RS)</p></td></tr><tr><td rowspan="1" colspan="1"><p>4315206</p></td><td rowspan="1" colspan="1"><p>Putinga</p></td><td rowspan="1" colspan="1"><p>(RS)</p></td></tr><tr><td rowspan="1" colspan="1"><p>4315313</p></td><td rowspan="1" colspan="1"><p>Quatro Irmãos</p></td><td rowspan="1" colspan="1"><p>(RS)</p></td></tr><tr><td rowspan="1" colspan="1"><p>4315321</p></td><td rowspan="1" colspan="1"><p>Quevedos</p></td><td rowspan="1" colspan="1"><p>(RS)</p></td></tr><tr><td rowspan="1" colspan="1"><p>4315354</p></td><td rowspan="1" colspan="1"><p>Quinze de Novembro</p></td><td rowspan="1" colspan="1"><p>(RS)</p></td></tr><tr><td rowspan="1" colspan="1"><p>4315404</p></td><td rowspan="1" colspan="1"><p>Redentora</p></td><td rowspan="1" colspan="1"><p>(RS)</p></td></tr><tr><td rowspan="1" colspan="1"><p>4315453</p></td><td rowspan="1" colspan="1"><p>Relvado</p></td><td rowspan="1" colspan="1"><p>(RS)</p></td></tr><tr><td rowspan="1" colspan="1"><p>4315552</p></td><td rowspan="1" colspan="1"><p>Rio dos Índios</p></td><td rowspan="1" colspan="1"><p>(RS)</p></td></tr><tr><td rowspan="1" colspan="1"><p>4315701</p></td><td rowspan="1" colspan="1"><p>Rio Pardo</p></td><td rowspan="1" colspan="1"><p>(RS)</p></td></tr><tr><td rowspan="1" colspan="1"><p>4315800</p></td><td rowspan="1" colspan="1"><p>Roca Sales</p></td><td rowspan="1" colspan="1"><p>(RS)</p></td></tr><tr><td rowspan="1" colspan="1"><p>4315909</p></td><td rowspan="1" colspan="1"><p>Rodeio Bonito</p></td><td rowspan="1" colspan="1"><p>(RS)</p></td></tr><tr><td rowspan="1" colspan="1"><p>4315958</p></td><td rowspan="1" colspan="1"><p>Rolador</p></td><td rowspan="1" colspan="1"><p>(RS)</p></td></tr><tr><td rowspan="1" colspan="1"><p>4316006</p></td><td rowspan="1" colspan="1"><p>Rolante</p></td><td rowspan="1" colspan="1"><p>(RS)</p></td></tr><tr><td rowspan="1" colspan="1"><p>4316105</p></td><td rowspan="1" colspan="1"><p>Ronda Alta</p></td><td rowspan="1" colspan="1"><p>(RS)</p></td></tr><tr><td rowspan="1" colspan="1"><p>4316204</p></td><td rowspan="1" colspan="1"><p>Rondinha</p></td><td rowspan="1" colspan="1"><p>(RS)</p></td></tr><tr><td rowspan="1" colspan="1"><p>4316303</p></td><td rowspan="1" colspan="1"><p>Roque Gonzales</p></td><td rowspan="1" colspan="1"><p>(RS)</p></td></tr><tr><td rowspan="1" colspan="1"><p>4316428</p></td><td rowspan="1" colspan="1"><p>Sagrada Família</p></td><td rowspan="1" colspan="1"><p>(RS)</p></td></tr><tr><td rowspan="1" colspan="1"><p>4316436</p></td><td rowspan="1" colspan="1"><p>Saldanha Marinho</p></td><td rowspan="1" colspan="1"><p>(RS)</p></td></tr><tr><td rowspan="1" colspan="1"><p>4316451</p></td><td rowspan="1" colspan="1"><p>Salto do Jacuí</p></td><td rowspan="1" colspan="1"><p>(RS)</p></td></tr><tr><td rowspan="1" colspan="1"><p>4316477</p></td><td rowspan="1" colspan="1"><p>Salvador das Missões</p></td><td rowspan="1" colspan="1"><p>(RS)</p></td></tr><tr><td rowspan="1" colspan="1"><p>4316600</p></td><td rowspan="1" colspan="1"><p>Sananduva</p></td><td rowspan="1" colspan="1"><p>(RS)</p></td></tr><tr><td rowspan="1" colspan="1"><p>4316709</p></td><td rowspan="1" colspan="1"><p>Santa Bárbara do Sul</p></td><td rowspan="1" colspan="1"><p>(RS)</p></td></tr><tr><td rowspan="1" colspan="1"><p>4316733</p></td><td rowspan="1" colspan="1"><p>Santa Cecília do Sul</p></td><td rowspan="1" colspan="1"><p>(RS)</p></td></tr><tr><td rowspan="1" colspan="1"><p>4316758</p></td><td rowspan="1" colspan="1"><p>Santa Clara do Sul</p></td><td rowspan="1" colspan="1"><p>(RS)</p></td></tr><tr><td rowspan="1" colspan="1"><p>4316808</p></td><td rowspan="1" colspan="1"><p>Santa Cruz do Sul</p></td><td rowspan="1" colspan="1"><p>(RS)</p></td></tr><tr><td rowspan="1" colspan="1"><p>4316907</p></td><td rowspan="1" colspan="1"><p>Santa Maria</p></td><td rowspan="1" colspan="1"><p>(RS)</p></td></tr><tr><td rowspan="1" colspan="1"><p>4316956</p></td><td rowspan="1" colspan="1"><p>Santa Maria do Herval</p></td><td rowspan="1" colspan="1"><p>(RS)</p></td></tr><tr><td rowspan="1" colspan="1"><p>4317004</p></td><td rowspan="1" colspan="1"><p>Santana da Boa Vista</p></td><td rowspan="1" colspan="1"><p>(RS)</p></td></tr><tr><td rowspan="1" colspan="1"><p>4317103</p></td><td rowspan="1" colspan="1"><p>Sant'Ana do Livramento</p></td><td rowspan="1" colspan="1"><p>(RS)</p></td></tr><tr><td rowspan="1" colspan="1"><p>4317202</p></td><td rowspan="1" colspan="1"><p>Santa Rosa</p></td><td rowspan="1" colspan="1"><p>(RS)</p></td></tr><tr><td rowspan="1" colspan="1"><p>4317251</p></td><td rowspan="1" colspan="1"><p>Santa Tereza</p></td><td rowspan="1" colspan="1"><p>(RS)</p></td></tr><tr><td rowspan="1" colspan="1"><p>4317301</p></td><td rowspan="1" colspan="1"><p>Santa Vitória do Palmar</p></td><td rowspan="1" colspan="1"><p>(RS)</p></td></tr><tr><td rowspan="1" colspan="1"><p>4317400</p></td><td rowspan="1" colspan="1"><p>Santiago</p></td><td rowspan="1" colspan="1"><p>(RS)</p></td></tr><tr><td rowspan="1" colspan="1"><p>4317509</p></td><td rowspan="1" colspan="1"><p>Santo Ângelo</p></td><td rowspan="1" colspan="1"><p>(RS)</p></td></tr><tr><td rowspan="1" colspan="1"><p>4317558</p></td><td rowspan="1" colspan="1"><p>Santo Antônio do Palma</p></td><td rowspan="1" colspan="1"><p>(RS)</p></td></tr><tr><td rowspan="1" colspan="1"><p>4317707</p></td><td rowspan="1" colspan="1"><p>Santo Antônio das Missões</p></td><td rowspan="1" colspan="1"><p>(RS)</p></td></tr><tr><td rowspan="1" colspan="1"><p>4317756</p></td><td rowspan="1" colspan="1"><p>Santo Antônio do Planalto</p></td><td rowspan="1" colspan="1"><p>(RS)</p></td></tr><tr><td rowspan="1" colspan="1"><p>4317806</p></td><td rowspan="1" colspan="1"><p>Santo Augusto</p></td><td rowspan="1" colspan="1"><p>(RS)</p></td></tr></table>]]></Texto>
  </body>
  <Midias />
</article></xml>