﻿<xml><article id="45718895" name="CARLOS - Habilitacao MV" idOficio="11316500" pubName="DO1" artType="Portaria" pubDate="01/10/2025" artClass="00008:00002:00027:00000:00000:00000:00000:00000:00000:00000:00054:00003" artCategory="Ministério da Agricultura e Pecuária/Secretaria Executiva/Superintendência de Agricultura e Pecuária do Estado do Pará" artSize="12" artNotes="" numberPage="9" pdfPage="http://pesquisa.in.gov.br/imprensa/jsp/visualiza/index.jsp?data=01/10/2025&amp;jornal=515&amp;pagina=9" editionNumber="187" highlightType="" highlightPriority="" highlight="" highlightimage="" highlightimagename="" idMateria="23161658">
  <body>
    <Identifica><![CDATA[ Portaria SFA-PA/MAPA Nº 48, de 30 de SETEMBRO de 2025]]></Identifica>
    <Data><![CDATA[]]></Data>
    <Ementa />
    <Titulo />
    <SubTitulo />
    <Texto><![CDATA[<p class="identifica">Portaria SFA-PA/MAPA Nº 48, de 30 de SETEMBRO de 2025</p><p>O SUPERINTENDENTE FEDERAL DE AGRICULTURA E PECUÁRIA DO ESTADO DO PARÁ, no uso das atribuições que lhe são conferidas pelo art. 262 do Regimento Interno da Secretaria Executiva - SE/MAPA, aprovado pela Portaria Ministerial nº 561, de 11 de abril de 2018; com base na Instrução Normativa nº 06, de 16 de janeiro de 2018, alterada pela Portaria 593, de 30 de junho de 2023 e o que consta no processo 21000.063639/2025-32 resolve:</p><p>Art. 1º Habilitar o(a) Médico(a) Veterinário(a) CARLOS EDUARDO DA SILVA BAIA , inscrito(a) no CRMV-PA sob o número 02981-VP, para fins de colheita e envio de amostras aos laboratórios credenciados para diagnóstico de Mormo, conforme diretrizes gerais para prevenção, controle e erradicação do Mormo, no âmbito do Programa Nacional de Sanidade dos Equídeos (PNSE), no Estado do Pará.</p><p>Art. 2º Esta Portaria entra em vigor na data de sua publicação.</p><p class="assina">JESUS DE NAZARENO MAGALHÃES DE SENA</p>]]></Texto>
  </body>
  <Midias />
</article></xml>