﻿<xml><article id="45714559" name="PORTARIA NA 690 - 30.09.2025" idOficio="11315645" pubName="DO1" artType="Portaria" pubDate="01/10/2025" artClass="00025:00046:00000:00000:00000:00000:00000:00000:00000:00000:00054:00000" artCategory="Ministério da Educação/Secretaria de Regulação e Supervisão da Educação Superior" artSize="24" artNotes="" numberPage="48" pdfPage="http://pesquisa.in.gov.br/imprensa/jsp/visualiza/index.jsp?data=01/10/2025&amp;jornal=515&amp;pagina=48" editionNumber="187" highlightType="" highlightPriority="" highlight="" highlightimage="" highlightimagename="" idMateria="23160500">
  <body>
    <Identifica><![CDATA[ Portaria SERES/MEC Nº 690, DE 30 de SETEMBRO de 2025]]></Identifica>
    <Data><![CDATA[]]></Data>
    <Ementa />
    <Titulo />
    <SubTitulo />
    <Texto><![CDATA[<p class="identifica">Portaria SERES/MEC Nº 690, DE 30 de SETEMBRO de 2025</p><p>A SECRETÁRIA DE REGULAÇÃO E SUPERVISÃO DA EDUCAÇÃO SUPERIOR, no uso da atribuição que lhe confere o Decreto nº 11.691, de 5 de setembro de 2023, e tendo em vista o Decreto nº 9.235, de 15 de dezembro de 2017, e a Portaria Normativa MEC nº 23, de 21 de dezembro de 2017, republicada em 3 de setembro de 2018, bem como a Nota Técnica nº 156/2020/ESAJ/CGLNRS/GAB/SERES e Nota Técnica nº 35/2025/CGAACES/DIREG/SERES/SERES, resolve:</p><p>Art. 1º Ficam extintos, a pedido das respectivas Instituições de Educação Superior, os cursos constantes do Anexo desta Portaria, ministrados pelas Instituições citadas, nos termos do disposto no art. 12 do Decreto nº 9.235, de 2017.</p><p>Art. 2º Esta Portaria entra em vigor na data de sua publicação.</p><p class="assina">Marta abramo</p><p>ANEXO</p><p /><p></p><table><tr /><tr><td rowspan="1" colspan="1"><p>Nº de Ordem</p></td><td rowspan="1" colspan="1"><p>Registro e-MEC</p></td><td rowspan="1" colspan="1"><p>Modalidade</p></td><td rowspan="1" colspan="1"><p>Código Curso</p></td><td rowspan="1" colspan="1"><p>Nome Curso</p></td><td rowspan="1" colspan="1"><p>Grau</p></td><td rowspan="1" colspan="1"><p>Código IES</p></td><td rowspan="1" colspan="1"><p>IES</p></td><td rowspan="1" colspan="1"><p>Código Mantenedora</p></td><td rowspan="1" colspan="1"><p>Mantenedora</p></td></tr><tr><td rowspan="1" colspan="1"><p>1</p></td><td rowspan="1" colspan="1"><p>202512392</p></td><td rowspan="1" colspan="1"><p>Educação Presencial</p></td><td rowspan="1" colspan="1"><p>1349717</p></td><td rowspan="1" colspan="1"><p>BIOMEDICINA</p></td><td rowspan="1" colspan="1"><p>Bacharelado</p></td><td rowspan="1" colspan="1"><p>1542</p></td><td rowspan="1" colspan="1"><p>CENTRO UNIVERSITÁRIO GERALDO DI BIASE</p></td><td rowspan="1" colspan="1"><p>329</p></td><td rowspan="1" colspan="1"><p>FUNDACAO EDUCACIONAL ROSEMAR PIMENTEL</p></td></tr><tr><td rowspan="1" colspan="1"><p>2</p></td><td rowspan="1" colspan="1"><p>202520143</p></td><td rowspan="1" colspan="1"><p>Educação a Distância</p></td><td rowspan="1" colspan="1"><p>1428092</p></td><td rowspan="1" colspan="1"><p>GESTÃO COMERCIAL</p></td><td rowspan="1" colspan="1"><p>Tecnológico</p></td><td rowspan="1" colspan="1"><p>4594</p></td><td rowspan="1" colspan="1"><p>FACULDADE CATÓLICA DE RONDONIA</p></td><td rowspan="1" colspan="1"><p>12365</p></td><td rowspan="1" colspan="1"><p>ASSOCIACAO DE ASSISTENCIA A CULTURA NA AMAZONIA MOACYR GRECHI - AASCAM</p></td></tr><tr><td rowspan="1" colspan="1"><p>3</p></td><td rowspan="1" colspan="1"><p>202519988</p></td><td rowspan="1" colspan="1"><p>Educação Presencial</p></td><td rowspan="1" colspan="1"><p>1546427</p></td><td rowspan="1" colspan="1"><p>EDUCAÇÃO FÍSICA</p></td><td rowspan="1" colspan="1"><p>Bacharelado</p></td><td rowspan="1" colspan="1"><p>18672</p></td><td rowspan="1" colspan="1"><p>Unama Faculdade da Amazônia de Macapá</p></td><td rowspan="1" colspan="1"><p>1847</p></td><td rowspan="1" colspan="1"><p>SER EDUCACIONAL S.A.</p></td></tr><tr><td rowspan="1" colspan="1"><p>4</p></td><td rowspan="1" colspan="1"><p>202512393</p></td><td rowspan="1" colspan="1"><p>Educação Presencial</p></td><td rowspan="1" colspan="1"><p>1652498</p></td><td rowspan="1" colspan="1"><p>DIREITO</p></td><td rowspan="1" colspan="1"><p>Bacharelado</p></td><td rowspan="1" colspan="1"><p>1542</p></td><td rowspan="1" colspan="1"><p>CENTRO UNIVERSITÁRIO GERALDO DI BIASE</p></td><td rowspan="1" colspan="1"><p>329</p></td><td rowspan="1" colspan="1"><p>FUNDACAO EDUCACIONAL ROSEMAR PIMENTEL</p></td></tr><tr><td rowspan="1" colspan="1"><p>5</p></td><td rowspan="1" colspan="1"><p>202507265</p></td><td rowspan="1" colspan="1"><p>Educação a Distância</p></td><td rowspan="1" colspan="1"><p>1546040</p></td><td rowspan="1" colspan="1"><p>CIÊNCIAS CONTÁBEIS</p></td><td rowspan="1" colspan="1"><p>Bacharelado</p></td><td rowspan="1" colspan="1"><p>23123</p></td><td rowspan="1" colspan="1"><p>Faculdade Americas International College</p></td><td rowspan="1" colspan="1"><p>17087</p></td><td rowspan="1" colspan="1"><p>ASSOCIACAO EDUCACIONAL IBS AMERICAS</p></td></tr><tr><td rowspan="1" colspan="1"><p>6</p></td><td rowspan="1" colspan="1"><p>202519653</p></td><td rowspan="1" colspan="1"><p>Educação Presencial</p></td><td rowspan="1" colspan="1"><p>1112306</p></td><td rowspan="1" colspan="1"><p>GESTÃO DA TECNOLOGIA DA INFORMAÇÃO</p></td><td rowspan="1" colspan="1"><p>Tecnológico</p></td><td rowspan="1" colspan="1"><p>1664</p></td><td rowspan="1" colspan="1"><p>FACULDADE DA SAÚDE E ECOLOGIA HUMANA</p></td><td rowspan="1" colspan="1"><p>1090</p></td><td rowspan="1" colspan="1"><p>CENTRO DE ENSINO SUPERIOR DE VESPASIANO LTDA</p></td></tr><tr><td rowspan="1" colspan="1"><p>7</p></td><td rowspan="1" colspan="1"><p>202507310</p></td><td rowspan="1" colspan="1"><p>Educação Presencial</p></td><td rowspan="1" colspan="1"><p>1503225</p></td><td rowspan="1" colspan="1"><p>ENFERMAGEM</p></td><td rowspan="1" colspan="1"><p>Bacharelado</p></td><td rowspan="1" colspan="1"><p>376</p></td><td rowspan="1" colspan="1"><p>Centro Universitário Anhanguera de São Paulo</p></td><td rowspan="1" colspan="1"><p>16452</p></td><td rowspan="1" colspan="1"><p>ANHANGUERA EDUCACIONAL PARTICIPACOES S/A</p></td></tr><tr><td rowspan="1" colspan="1"><p>8</p></td><td rowspan="1" colspan="1"><p>202512397</p></td><td rowspan="1" colspan="1"><p>Educação Presencial</p></td><td rowspan="1" colspan="1"><p>1349720</p></td><td rowspan="1" colspan="1"><p>LOGÍSTICA</p></td><td rowspan="1" colspan="1"><p>Tecnológico</p></td><td rowspan="1" colspan="1"><p>1542</p></td><td rowspan="1" colspan="1"><p>CENTRO UNIVERSITÁRIO GERALDO DI BIASE</p></td><td rowspan="1" colspan="1"><p>329</p></td><td rowspan="1" colspan="1"><p>FUNDACAO EDUCACIONAL ROSEMAR PIMENTEL</p></td></tr><tr><td rowspan="1" colspan="1"><p>9</p></td><td rowspan="1" colspan="1"><p>202519937</p></td><td rowspan="1" colspan="1"><p>Educação Presencial</p></td><td rowspan="1" colspan="1"><p>1358418</p></td><td rowspan="1" colspan="1"><p>GESTÃO DE RECURSOS HUMANOS</p></td><td rowspan="1" colspan="1"><p>Tecnológico</p></td><td rowspan="1" colspan="1"><p>18454</p></td><td rowspan="1" colspan="1"><p>Faculdade Una de Sete Lagoas</p></td><td rowspan="1" colspan="1"><p>3052</p></td><td rowspan="1" colspan="1"><p>BRASIL EDUCACAO S/A</p></td></tr><tr><td rowspan="1" colspan="1"><p>10</p></td><td rowspan="1" colspan="1"><p>202512395</p></td><td rowspan="1" colspan="1"><p>Educação Presencial</p></td><td rowspan="1" colspan="1"><p>1658794</p></td><td rowspan="1" colspan="1"><p>ENGENHARIA DE SOFTWARE</p></td><td rowspan="1" colspan="1"><p>Bacharelado</p></td><td rowspan="1" colspan="1"><p>1542</p></td><td rowspan="1" colspan="1"><p>CENTRO UNIVERSITÁRIO GERALDO DI BIASE</p></td><td rowspan="1" colspan="1"><p>329</p></td><td rowspan="1" colspan="1"><p>FUNDACAO EDUCACIONAL ROSEMAR PIMENTEL</p></td></tr><tr><td rowspan="1" colspan="1"><p>11</p></td><td rowspan="1" colspan="1"><p>202506131</p></td><td rowspan="1" colspan="1"><p>Educação Presencial</p></td><td rowspan="1" colspan="1"><p>1385283</p></td><td rowspan="1" colspan="1"><p>ENGENHARIA MECÂNICA</p></td><td rowspan="1" colspan="1"><p>Bacharelado</p></td><td rowspan="1" colspan="1"><p>4532</p></td><td rowspan="1" colspan="1"><p>FACULDADE DE TECNOLOGIA SENAI CAMPO GRANDE</p></td><td rowspan="1" colspan="1"><p>2865</p></td><td rowspan="1" colspan="1"><p>SENAI-SERVICO NACIONAL DE APRENDIZAGEM INDUSTRIAL</p></td></tr><tr><td rowspan="1" colspan="1"><p>12</p></td><td rowspan="1" colspan="1"><p>202507266</p></td><td rowspan="1" colspan="1"><p>Educação a Distância</p></td><td rowspan="1" colspan="1"><p>1546041</p></td><td rowspan="1" colspan="1"><p>CIÊNCIAS ECONÔMICAS</p></td><td rowspan="1" colspan="1"><p>Bacharelado</p></td><td rowspan="1" colspan="1"><p>23123</p></td><td rowspan="1" colspan="1"><p>Faculdade Americas International College</p></td><td rowspan="1" colspan="1"><p>17087</p></td><td rowspan="1" colspan="1"><p>ASSOCIACAO EDUCACIONAL IBS AMERICAS</p></td></tr><tr><td rowspan="1" colspan="1"><p>13</p></td><td rowspan="1" colspan="1"><p>202506612</p></td><td rowspan="1" colspan="1"><p>Educação a Distância</p></td><td rowspan="1" colspan="1"><p>1656545</p></td><td rowspan="1" colspan="1"><p>PROCESSOS GERENCIAIS</p></td><td rowspan="1" colspan="1"><p>Tecnológico</p></td><td rowspan="1" colspan="1"><p>1946</p></td><td rowspan="1" colspan="1"><p>Faculdade Lumina</p></td><td rowspan="1" colspan="1"><p>14483</p></td><td rowspan="1" colspan="1"><p>LEGALE EDUCACIONAL S.A.</p></td></tr><tr><td rowspan="1" colspan="1"><p>14</p></td><td rowspan="1" colspan="1"><p>202506090</p></td><td rowspan="1" colspan="1"><p>Educação Presencial</p></td><td rowspan="1" colspan="1"><p>1454335</p></td><td rowspan="1" colspan="1"><p>SISTEMAS DE INFORMAÇÃO</p></td><td rowspan="1" colspan="1"><p>Bacharelado</p></td><td rowspan="1" colspan="1"><p>3631</p></td><td rowspan="1" colspan="1"><p>FACULDADE DAMAS DA INSTRUÇÃO CRISTÃ</p></td><td rowspan="1" colspan="1"><p>2300</p></td><td rowspan="1" colspan="1"><p>ASSOCIACAO DAS RELIGIOSAS DA INSTRUCAO CRISTA</p></td></tr><tr><td rowspan="1" colspan="1"><p>15</p></td><td rowspan="1" colspan="1"><p>202506372</p></td><td rowspan="1" colspan="1"><p>Educação Presencial</p></td><td rowspan="1" colspan="1"><p>1589982</p></td><td rowspan="1" colspan="1"><p>SERVIÇOS JURÍDICOS, NOTARIAIS E DE REGISTRO</p></td><td rowspan="1" colspan="1"><p>Tecnológico</p></td><td rowspan="1" colspan="1"><p>1946</p></td><td rowspan="1" colspan="1"><p>Faculdade Lumina</p></td><td rowspan="1" colspan="1"><p>14483</p></td><td rowspan="1" colspan="1"><p>LEGALE EDUCACIONAL S.A.</p></td></tr><tr><td rowspan="1" colspan="1"><p>16</p></td><td rowspan="1" colspan="1"><p>202506089</p></td><td rowspan="1" colspan="1"><p>Educação Presencial</p></td><td rowspan="1" colspan="1"><p>1453965</p></td><td rowspan="1" colspan="1"><p>GESTÃO DA TECNOLOGIA DA INFORMAÇÃO</p></td><td rowspan="1" colspan="1"><p>Tecnológico</p></td><td rowspan="1" colspan="1"><p>3631</p></td><td rowspan="1" colspan="1"><p>FACULDADE DAMAS DA INSTRUÇÃO CRISTÃ</p></td><td rowspan="1" colspan="1"><p>2300</p></td><td rowspan="1" colspan="1"><p>ASSOCIACAO DAS RELIGIOSAS DA INSTRUCAO CRISTA</p></td></tr><tr><td rowspan="1" colspan="1"><p>17</p></td><td rowspan="1" colspan="1"><p>202507060</p></td><td rowspan="1" colspan="1"><p>Educação a Distância</p></td><td rowspan="1" colspan="1"><p>1646185</p></td><td rowspan="1" colspan="1"><p>GESTÃO FINANCEIRA</p></td><td rowspan="1" colspan="1"><p>Tecnológico</p></td><td rowspan="1" colspan="1"><p>1946</p></td><td rowspan="1" colspan="1"><p>Faculdade Lumina</p></td><td rowspan="1" colspan="1"><p>14483</p></td><td rowspan="1" colspan="1"><p>LEGALE EDUCACIONAL S.A.</p></td></tr><tr><td rowspan="1" colspan="1"><p>18</p></td><td rowspan="1" colspan="1"><p>202505959</p></td><td rowspan="1" colspan="1"><p>Educação Presencial</p></td><td rowspan="1" colspan="1"><p>1365344</p></td><td rowspan="1" colspan="1"><p>FISIOTERAPIA</p></td><td rowspan="1" colspan="1"><p>Bacharelado</p></td><td rowspan="1" colspan="1"><p>12749</p></td><td rowspan="1" colspan="1"><p>FACULDADES UNIDAS DE PESQUISA, CIÊNCIAS E SAÚDE LTDA</p></td><td rowspan="1" colspan="1"><p>1616</p></td><td rowspan="1" colspan="1"><p>CENTRO EDUCACIONAL MARIA MILZA LTDA - ME</p></td></tr><tr><td rowspan="1" colspan="1"><p>19</p></td><td rowspan="1" colspan="1"><p>202507267</p></td><td rowspan="1" colspan="1"><p>Educação a Distância</p></td><td rowspan="1" colspan="1"><p>1546042</p></td><td rowspan="1" colspan="1"><p>RELAÇÕES INTERNACIONAIS</p></td><td rowspan="1" colspan="1"><p>Bacharelado</p></td><td rowspan="1" colspan="1"><p>23123</p></td><td rowspan="1" colspan="1"><p>Faculdade Americas International College</p></td><td rowspan="1" colspan="1"><p>17087</p></td><td rowspan="1" colspan="1"><p>ASSOCIACAO EDUCACIONAL IBS AMERICAS</p></td></tr><tr><td rowspan="1" colspan="1"><p>20</p></td><td rowspan="1" colspan="1"><p>202518494</p></td><td rowspan="1" colspan="1"><p>Educação Presencial</p></td><td rowspan="1" colspan="1"><p>1498595</p></td><td rowspan="1" colspan="1"><p>PSICOLOGIA</p></td><td rowspan="1" colspan="1"><p>Bacharelado</p></td><td rowspan="1" colspan="1"><p>20667</p></td><td rowspan="1" colspan="1"><p>UNETRI FACULDADES</p></td><td rowspan="1" colspan="1"><p>16468</p></td><td rowspan="1" colspan="1"><p>UNETRI - UNIAO DE ENSINO DA TRIFRONTEIRA LTDA - ME</p></td></tr><tr><td rowspan="1" colspan="1"><p>21</p></td><td rowspan="1" colspan="1"><p>202505124</p></td><td rowspan="1" colspan="1"><p>Educação Presencial</p></td><td rowspan="1" colspan="1"><p>1292433</p></td><td rowspan="1" colspan="1"><p>PEDAGOGIA</p></td><td rowspan="1" colspan="1"><p>Licenciatura</p></td><td rowspan="1" colspan="1"><p>19287</p></td><td rowspan="1" colspan="1"><p>Faculdade do Centro Maranhense</p></td><td rowspan="1" colspan="1"><p>16203</p></td><td rowspan="1" colspan="1"><p>UNIDADE DE ENSINO SUPERIOR DO CENTRO MARANHENSE LTDA</p></td></tr><tr><td rowspan="1" colspan="1"><p>22</p></td><td rowspan="1" colspan="1"><p>202522472</p></td><td rowspan="1" colspan="1"><p>Educação Presencial</p></td><td rowspan="1" colspan="1"><p>1619208</p></td><td rowspan="1" colspan="1"><p>DESIGN DE INTERIORES</p></td><td rowspan="1" colspan="1"><p>Tecnológico</p></td><td rowspan="1" colspan="1"><p>1805</p></td><td rowspan="1" colspan="1"><p>CENTRO UNIVERSITÁRIO DOS GUARARAPES</p></td><td rowspan="1" colspan="1"><p>1198</p></td><td rowspan="1" colspan="1"><p>SOCEC- SOCIEDADE CAPIBARIBE DE EDUCACAO E CULTURA LTDA</p></td></tr><tr><td rowspan="1" colspan="1"><p>23</p></td><td rowspan="1" colspan="1"><p>202521029</p></td><td rowspan="1" colspan="1"><p>Educação Presencial</p></td><td rowspan="1" colspan="1"><p>1504042</p></td><td rowspan="1" colspan="1"><p>DIREITO</p></td><td rowspan="1" colspan="1"><p>Bacharelado</p></td><td rowspan="1" colspan="1"><p>2556</p></td><td rowspan="1" colspan="1"><p>FIAM-FAAM - CENTRO UNIVERSITÁRIO</p></td><td rowspan="1" colspan="1"><p>262</p></td><td rowspan="1" colspan="1"><p>FACULDADES METROPOLITANAS UNIDAS EDUCACIONAIS LTDA.</p></td></tr><tr><td rowspan="1" colspan="1"><p>24</p></td><td rowspan="1" colspan="1"><p>202512396</p></td><td rowspan="1" colspan="1"><p>Educação Presencial</p></td><td rowspan="1" colspan="1"><p>1653108</p></td><td rowspan="1" colspan="1"><p>ENGENHARIA ELÉTRICA</p></td><td rowspan="1" colspan="1"><p>Bacharelado</p></td><td rowspan="1" colspan="1"><p>1542</p></td><td rowspan="1" colspan="1"><p>CENTRO UNIVERSITÁRIO GERALDO DI BIASE</p></td><td rowspan="1" colspan="1"><p>329</p></td><td rowspan="1" colspan="1"><p>FUNDACAO EDUCACIONAL ROSEMAR PIMENTEL</p></td></tr><tr><td rowspan="1" colspan="1"><p>25</p></td><td rowspan="1" colspan="1"><p>202520153</p></td><td rowspan="1" colspan="1"><p>Educação a Distância</p></td><td rowspan="1" colspan="1"><p>1430583</p></td><td rowspan="1" colspan="1"><p>SEGURANÇA PÚBLICA</p></td><td rowspan="1" colspan="1"><p>Tecnológico</p></td><td rowspan="1" colspan="1"><p>4594</p></td><td rowspan="1" colspan="1"><p>FACULDADE CATÓLICA DE RONDONIA</p></td><td rowspan="1" colspan="1"><p>12365</p></td><td rowspan="1" colspan="1"><p>ASSOCIACAO DE ASSISTENCIA A CULTURA NA AMAZONIA MOACYR GRECHI - AASCAM</p></td></tr><tr><td rowspan="1" colspan="1"><p>26</p></td><td rowspan="1" colspan="1"><p>202520154</p></td><td rowspan="1" colspan="1"><p>Educação a Distância</p></td><td rowspan="1" colspan="1"><p>1430238</p></td><td rowspan="1" colspan="1"><p>PRODUÇÃO MULTIMÍDIA</p></td><td rowspan="1" colspan="1"><p>Tecnológico</p></td><td rowspan="1" colspan="1"><p>4594</p></td><td rowspan="1" colspan="1"><p>FACULDADE CATÓLICA DE RONDONIA</p></td><td rowspan="1" colspan="1"><p>12365</p></td><td rowspan="1" colspan="1"><p>ASSOCIACAO DE ASSISTENCIA A CULTURA NA AMAZONIA MOACYR GRECHI - AASCAM</p></td></tr><tr><td rowspan="1" colspan="1"><p>27</p></td><td rowspan="1" colspan="1"><p>202506598</p></td><td rowspan="1" colspan="1"><p>Educação Presencial</p></td><td rowspan="1" colspan="1"><p>1467285</p></td><td rowspan="1" colspan="1"><p>PUBLICIDADE E PROPAGANDA</p></td><td rowspan="1" colspan="1"><p>Bacharelado</p></td><td rowspan="1" colspan="1"><p>23841</p></td><td rowspan="1" colspan="1"><p>FACULDADE ESAMC BRASÍLIA</p></td><td rowspan="1" colspan="1"><p>16866</p></td><td rowspan="1" colspan="1"><p>GRACIOSO EDUCACIONAL LTDA</p></td></tr><tr><td rowspan="1" colspan="1"><p>28</p></td><td rowspan="1" colspan="1"><p>202522409</p></td><td rowspan="1" colspan="1"><p>Educação Presencial</p></td><td rowspan="1" colspan="1"><p>1533978</p></td><td rowspan="1" colspan="1"><p>SEGURANÇA PRIVADA</p></td><td rowspan="1" colspan="1"><p>Tecnológico</p></td><td rowspan="1" colspan="1"><p>25445</p></td><td rowspan="1" colspan="1"><p>Escola Superior do Ar</p></td><td rowspan="1" colspan="1"><p>17873</p></td><td rowspan="1" colspan="1"><p>CFLY - SOCIEDADE EDUCACIONAL LTDA.</p></td></tr><tr><td rowspan="1" colspan="1"><p>29</p></td><td rowspan="1" colspan="1"><p>202512390</p></td><td rowspan="1" colspan="1"><p>Educação Presencial</p></td><td rowspan="1" colspan="1"><p>1349724</p></td><td rowspan="1" colspan="1"><p>AGRIMENSURA</p></td><td rowspan="1" colspan="1"><p>Tecnológico</p></td><td rowspan="1" colspan="1"><p>1542</p></td><td rowspan="1" colspan="1"><p>CENTRO UNIVERSITÁRIO GERALDO DI BIASE</p></td><td rowspan="1" colspan="1"><p>329</p></td><td rowspan="1" colspan="1"><p>FUNDACAO EDUCACIONAL ROSEMAR PIMENTEL</p></td></tr><tr><td rowspan="1" colspan="1"><p>30</p></td><td rowspan="1" colspan="1"><p>202512398</p></td><td rowspan="1" colspan="1"><p>Educação Presencial</p></td><td rowspan="1" colspan="1"><p>1349722</p></td><td rowspan="1" colspan="1"><p>PROCESSOS GERENCIAIS</p></td><td rowspan="1" colspan="1"><p>Tecnológico</p></td><td rowspan="1" colspan="1"><p>1542</p></td><td rowspan="1" colspan="1"><p>CENTRO UNIVERSITÁRIO GERALDO DI BIASE</p></td><td rowspan="1" colspan="1"><p>329</p></td><td rowspan="1" colspan="1"><p>FUNDACAO EDUCACIONAL ROSEMAR PIMENTEL</p></td></tr><tr><td rowspan="1" colspan="1"><p>31</p></td><td rowspan="1" colspan="1"><p>202512391</p></td><td rowspan="1" colspan="1"><p>Educação Presencial</p></td><td rowspan="1" colspan="1"><p>1652935</p></td><td rowspan="1" colspan="1"><p>ADMINISTRAÇÃO</p></td><td rowspan="1" colspan="1"><p>Bacharelado</p></td><td rowspan="1" colspan="1"><p>1542</p></td><td rowspan="1" colspan="1"><p>CENTRO UNIVERSITÁRIO GERALDO DI BIASE</p></td><td rowspan="1" colspan="1"><p>329</p></td><td rowspan="1" colspan="1"><p>FUNDACAO EDUCACIONAL ROSEMAR PIMENTEL</p></td></tr><tr><td rowspan="1" colspan="1"><p>32</p></td><td rowspan="1" colspan="1"><p>202518493</p></td><td rowspan="1" colspan="1"><p>Educação Presencial</p></td><td rowspan="1" colspan="1"><p>1453690</p></td><td rowspan="1" colspan="1"><p>ANÁLISE E DESENVOLVIMENTO DE SISTEMAS</p></td><td rowspan="1" colspan="1"><p>Tecnológico</p></td><td rowspan="1" colspan="1"><p>20667</p></td><td rowspan="1" colspan="1"><p>UNETRI FACULDADES</p></td><td rowspan="1" colspan="1"><p>16468</p></td><td rowspan="1" colspan="1"><p>UNETRI - UNIAO DE ENSINO DA TRIFRONTEIRA LTDA - ME</p></td></tr><tr><td rowspan="1" colspan="1"><p>33</p></td><td rowspan="1" colspan="1"><p>202505080</p></td><td rowspan="1" colspan="1"><p>Educação Presencial</p></td><td rowspan="1" colspan="1"><p>1292434</p></td><td rowspan="1" colspan="1"><p>EDUCAÇÃO FÍSICA</p></td><td rowspan="1" colspan="1"><p>Licenciatura</p></td><td rowspan="1" colspan="1"><p>19287</p></td><td rowspan="1" colspan="1"><p>Faculdade do Centro Maranhense</p></td><td rowspan="1" colspan="1"><p>16203</p></td><td rowspan="1" colspan="1"><p>UNIDADE DE ENSINO SUPERIOR DO CENTRO MARANHENSE LTDA</p></td></tr><tr><td rowspan="1" colspan="1"><p>34</p></td><td rowspan="1" colspan="1"><p>202505962</p></td><td rowspan="1" colspan="1"><p>Educação Presencial</p></td><td rowspan="1" colspan="1"><p>1365336</p></td><td rowspan="1" colspan="1"><p>NUTRIÇÃO</p></td><td rowspan="1" colspan="1"><p>Bacharelado</p></td><td rowspan="1" colspan="1"><p>12749</p></td><td rowspan="1" colspan="1"><p>FACULDADES UNIDAS DE PESQUISA, CIÊNCIAS E SAÚDE LTDA</p></td><td rowspan="1" colspan="1"><p>1616</p></td><td rowspan="1" colspan="1"><p>CENTRO EDUCACIONAL MARIA MILZA LTDA - ME</p></td></tr><tr><td rowspan="1" colspan="1"><p>35</p></td><td rowspan="1" colspan="1"><p>202519783</p></td><td rowspan="1" colspan="1"><p>Educação Presencial</p></td><td rowspan="1" colspan="1"><p>1501542</p></td><td rowspan="1" colspan="1"><p>ENGENHARIA DE COMPUTAÇÃO</p></td><td rowspan="1" colspan="1"><p>Bacharelado</p></td><td rowspan="1" colspan="1"><p>3319</p></td><td rowspan="1" colspan="1"><p>Instituto Universitário Una de Catalão</p></td><td rowspan="1" colspan="1"><p>2095</p></td><td rowspan="1" colspan="1"><p>SOCIEDADE CATALANA DE EDUCACAO LTDA</p></td></tr><tr><td rowspan="1" colspan="1"><p>36</p></td><td rowspan="1" colspan="1"><p>202505088</p></td><td rowspan="1" colspan="1"><p>Educação Presencial</p></td><td rowspan="1" colspan="1"><p>1405831</p></td><td rowspan="1" colspan="1"><p>CIÊNCIAS CONTÁBEIS</p></td><td rowspan="1" colspan="1"><p>Bacharelado</p></td><td rowspan="1" colspan="1"><p>20651</p></td><td rowspan="1" colspan="1"><p>Faculdades IDAAM</p></td><td rowspan="1" colspan="1"><p>16460</p></td><td rowspan="1" colspan="1"><p>SOCIEDADE EDUCACIONAL IDAAM LTDA</p></td></tr><tr><td rowspan="1" colspan="1"><p>37</p></td><td rowspan="1" colspan="1"><p>202519780</p></td><td rowspan="1" colspan="1"><p>Educação Presencial</p></td><td rowspan="1" colspan="1"><p>1389273</p></td><td rowspan="1" colspan="1"><p>DIREITO</p></td><td rowspan="1" colspan="1"><p>Bacharelado</p></td><td rowspan="1" colspan="1"><p>3319</p></td><td rowspan="1" colspan="1"><p>Instituto Universitário Una de Catalão</p></td><td rowspan="1" colspan="1"><p>2095</p></td><td rowspan="1" colspan="1"><p>SOCIEDADE CATALANA DE EDUCACAO LTDA</p></td></tr><tr><td rowspan="1" colspan="1"><p>38</p></td><td rowspan="1" colspan="1"><p>202522176</p></td><td rowspan="1" colspan="1"><p>Educação Presencial</p></td><td rowspan="1" colspan="1"><p>1514925</p></td><td rowspan="1" colspan="1"><p>GESTÃO COMERCIAL</p></td><td rowspan="1" colspan="1"><p>Tecnológico</p></td><td rowspan="1" colspan="1"><p>21888</p></td><td rowspan="1" colspan="1"><p>Faculdade Rehagro</p></td><td rowspan="1" colspan="1"><p>16743</p></td><td rowspan="1" colspan="1"><p>REHAGRO - RECURSOS HUMANOS NO AGRONEGOCIO LTDA</p></td></tr><tr><td rowspan="1" colspan="1"><p>39</p></td><td rowspan="1" colspan="1"><p>202521434</p></td><td rowspan="1" colspan="1"><p>Educação Presencial</p></td><td rowspan="1" colspan="1"><p>1367166</p></td><td rowspan="1" colspan="1"><p>GESTÃO FINANCEIRA</p></td><td rowspan="1" colspan="1"><p>Tecnológico</p></td><td rowspan="1" colspan="1"><p>21888</p></td><td rowspan="1" colspan="1"><p>Faculdade Rehagro</p></td><td rowspan="1" colspan="1"><p>16743</p></td><td rowspan="1" colspan="1"><p>REHAGRO - RECURSOS HUMANOS NO AGRONEGOCIO LTDA</p></td></tr><tr><td rowspan="1" colspan="1"><p>40</p></td><td rowspan="1" colspan="1"><p>202518546</p></td><td rowspan="1" colspan="1"><p>Educação Presencial</p></td><td rowspan="1" colspan="1"><p>1162492</p></td><td rowspan="1" colspan="1"><p>ARTES VISUAIS</p></td><td rowspan="1" colspan="1"><p>Licenciatura</p></td><td rowspan="1" colspan="1"><p>494</p></td><td rowspan="1" colspan="1"><p>UNIVERSIDADE DO SUL DE SANTA CATARINA</p></td><td rowspan="1" colspan="1"><p>340</p></td><td rowspan="1" colspan="1"><p>FUNDACAO UNIVERSIDADE DO SUL DE SANTA CATARINA-UNISUL</p></td></tr><tr><td rowspan="1" colspan="1"><p>41</p></td><td rowspan="1" colspan="1"><p>202521381</p></td><td rowspan="1" colspan="1"><p>Educação a Distância</p></td><td rowspan="1" colspan="1"><p>1473718</p></td><td rowspan="1" colspan="1"><p>HISTÓRIA</p></td><td rowspan="1" colspan="1"><p>Licenciatura</p></td><td rowspan="1" colspan="1"><p>24286</p></td><td rowspan="1" colspan="1"><p>Faculdade URCI</p></td><td rowspan="1" colspan="1"><p>17363</p></td><td rowspan="1" colspan="1"><p>INSTITUTO ROSE-CROIX DE ENSINO, PESQUISA E EXTENSAO</p></td></tr><tr><td rowspan="1" colspan="1"><p>42</p></td><td rowspan="1" colspan="1"><p>202506193</p></td><td rowspan="1" colspan="1"><p>Educação Presencial</p></td><td rowspan="1" colspan="1"><p>1180317</p></td><td rowspan="1" colspan="1"><p>PSICOLOGIA</p></td><td rowspan="1" colspan="1"><p>Bacharelado</p></td><td rowspan="1" colspan="1"><p>506</p></td><td rowspan="1" colspan="1"><p>FACULDADE DE MEDICINA DE CAMPOS</p></td><td rowspan="1" colspan="1"><p>348</p></td><td rowspan="1" colspan="1"><p>FUNDACAO BENEDITO PEREIRA NUNES</p></td></tr><tr><td rowspan="1" colspan="1"><p>43</p></td><td rowspan="1" colspan="1"><p>202520152</p></td><td rowspan="1" colspan="1"><p>Educação a Distância</p></td><td rowspan="1" colspan="1"><p>1430582</p></td><td rowspan="1" colspan="1"><p>GESTÃO DA TECNOLOGIA DA INFORMAÇÃO</p></td><td rowspan="1" colspan="1"><p>Tecnológico</p></td><td rowspan="1" colspan="1"><p>4594</p></td><td rowspan="1" colspan="1"><p>FACULDADE CATÓLICA DE RONDONIA</p></td><td rowspan="1" colspan="1"><p>12365</p></td><td rowspan="1" colspan="1"><p>ASSOCIACAO DE ASSISTENCIA A CULTURA NA AMAZONIA MOACYR GRECHI - AASCAM</p></td></tr><tr><td rowspan="1" colspan="1"><p>44</p></td><td rowspan="1" colspan="1"><p>202506459</p></td><td rowspan="1" colspan="1"><p>Educação a Distância</p></td><td rowspan="1" colspan="1"><p>1656547</p></td><td rowspan="1" colspan="1"><p>GESTÃO DE RECURSOS HUMANOS</p></td><td rowspan="1" colspan="1"><p>Tecnológico</p></td><td rowspan="1" colspan="1"><p>1946</p></td><td rowspan="1" colspan="1"><p>Faculdade Lumina</p></td><td rowspan="1" colspan="1"><p>14483</p></td><td rowspan="1" colspan="1"><p>LEGALE EDUCACIONAL S.A.</p></td></tr><tr><td rowspan="1" colspan="1"><p>45</p></td><td rowspan="1" colspan="1"><p>202507264</p></td><td rowspan="1" colspan="1"><p>Educação a Distância</p></td><td rowspan="1" colspan="1"><p>1546039</p></td><td rowspan="1" colspan="1"><p>ADMINISTRAÇÃO</p></td><td rowspan="1" colspan="1"><p>Bacharelado</p></td><td rowspan="1" colspan="1"><p>23123</p></td><td rowspan="1" colspan="1"><p>Faculdade Americas International College</p></td><td rowspan="1" colspan="1"><p>17087</p></td><td rowspan="1" colspan="1"><p>ASSOCIACAO EDUCACIONAL IBS AMERICAS</p></td></tr><tr><td rowspan="1" colspan="1"><p>46</p></td><td rowspan="1" colspan="1"><p>202512379</p></td><td rowspan="1" colspan="1"><p>Educação Presencial</p></td><td rowspan="1" colspan="1"><p>1364806</p></td><td rowspan="1" colspan="1"><p>ENGENHARIA CIVIL</p></td><td rowspan="1" colspan="1"><p>Bacharelado</p></td><td rowspan="1" colspan="1"><p>1243</p></td><td rowspan="1" colspan="1"><p>Faculdade Doctum de Serra</p></td><td rowspan="1" colspan="1"><p>218</p></td><td rowspan="1" colspan="1"><p>INSTITUTO ENSINAR BRASIL</p></td></tr><tr><td rowspan="1" colspan="1"><p>47</p></td><td rowspan="1" colspan="1"><p>202521380</p></td><td rowspan="1" colspan="1"><p>Educação a Distância</p></td><td rowspan="1" colspan="1"><p>1473716</p></td><td rowspan="1" colspan="1"><p>ADMINISTRAÇÃO</p></td><td rowspan="1" colspan="1"><p>Bacharelado</p></td><td rowspan="1" colspan="1"><p>24286</p></td><td rowspan="1" colspan="1"><p>Faculdade URCI</p></td><td rowspan="1" colspan="1"><p>17363</p></td><td rowspan="1" colspan="1"><p>INSTITUTO ROSE-CROIX DE ENSINO, PESQUISA E EXTENSAO</p></td></tr><tr><td rowspan="1" colspan="1"><p>48</p></td><td rowspan="1" colspan="1"><p>202506610</p></td><td rowspan="1" colspan="1"><p>Educação a Distância</p></td><td rowspan="1" colspan="1"><p>1646145</p></td><td rowspan="1" colspan="1"><p>GESTÃO COMERCIAL</p></td><td rowspan="1" colspan="1"><p>Tecnológico</p></td><td rowspan="1" colspan="1"><p>1946</p></td><td rowspan="1" colspan="1"><p>Faculdade Lumina</p></td><td rowspan="1" colspan="1"><p>14483</p></td><td rowspan="1" colspan="1"><p>LEGALE EDUCACIONAL S.A.</p></td></tr></table>]]></Texto>
  </body>
  <Midias />
</article></xml>