﻿<xml><article id="45725317" name="Acordao 628" idOficio="11317378" pubName="DO1" artType="Acórdão" pubDate="01/10/2025" artClass="00041:00020:00000:00000:00000:00000:00000:00000:00000:00000:00002:00000" artCategory="Ministério de Portos e Aeroportos/Agência Nacional de Transportes Aquaviários" artSize="12" artNotes="" numberPage="203" pdfPage="http://pesquisa.in.gov.br/imprensa/jsp/visualiza/index.jsp?data=01/10/2025&amp;jornal=515&amp;pagina=203" editionNumber="187" highlightType="" highlightPriority="" highlight="" highlightimage="" highlightimagename="" idMateria="23163851">
  <body>
    <Identifica><![CDATA[ ACÓRDÃO Nº 628/2025-ANTAQ]]></Identifica>
    <Data><![CDATA[]]></Data>
    <Ementa />
    <Titulo />
    <SubTitulo />
    <Texto><![CDATA[<p class="identifica">ACÓRDÃO Nº 628/2025-ANTAQ</p><p>1. Processo: 50300.007922/2025-06</p><p>2. Interessados: Autoridade Portuária de Santos - APS; Set Port Logística Ltda.; Reliance Agenciamento e Serviços Portuários Ltda. e Port Master Operador Portuário</p><p>3. Relator: Lima Filho</p><p>3.1. Redatora: Flávia Takafashi</p><p>4. Unidade Técnica: Superintendência de Outorgas - SOG</p><p>5. Acórdão:</p><p>VISTOS, relatados e discutidos os presentes autos que tratam da proposta de revogação de medidas cautelares concedidas nos termos da Deliberação-DG nº 29/2025, que determinaram a suspensão dos Procedimentos Seletivos Simplificados nº 01/2025 e nº 02/2025, conduzidos pela Autoridade Portuária do Porto de Santos,</p><p>ACORDAM os Diretores da Agência Nacional de Transportes Aquaviários, reunidos para a Reunião Ordinária de Diretoria Colegiada de nº 595, ante as razões expostas pela Redatora, em:</p><p>5.1. manter a eficácia da medida cautelar objeto da Deliberação-DG nº 29/2025 (SEI nº 2534925), referendada por meio do Acórdão nº 277/2025 (SEI nº 2541337);</p><p>5.2. encaminhar os presentes autos ao Ministério de Portos e Aeroportos para ciência e manifestação quanto aos Procedimentos Seletivos Simplificados (PSS) nº 01/2025 e nº 02/2025, referentes às áreas SSZ35.2 e SSZ39; e</p><p>5.3. cientificar a Autoridade Portuária de Santos - APS e as empresas Set Port Logística Ltda., Reliance Agenciamento e Serviços Portuários Ltda. e Port Master Operador Portuário Ltda. acerca da presente decisão.</p><p>6. Data da Reunião: 22 a 24/09/2025 - Virtual.</p><p>7. Especificação do quórum:</p><p>7.1. Diretores presentes: Frederico Dias (Presidente), Flávia Takafashi (Redatora), Lima Filho (Relator), Alber Vasconcelos e Caio Farias.</p><p>7.2. Diretor com voto vencido: Lima Filho.</p><p class="assina">FREDERICO CARVALHO DIAS</p><p class="cargo">Diretor-Geral</p>]]></Texto>
  </body>
  <Midias />
</article></xml>