﻿<xml><article id="45719219" name="PORTARIA SDA-MAPA NA 1.410" idOficio="11316590" pubName="DO1" artType="Portaria" pubDate="01/10/2025" artClass="00008:00026:00000:00000:00000:00000:00000:00000:00000:00000:00054:00000" artCategory="Ministério da Agricultura e Pecuária/Secretaria de Defesa Agropecuária" artSize="12" artNotes="" numberPage="10" pdfPage="http://pesquisa.in.gov.br/imprensa/jsp/visualiza/index.jsp?data=01/10/2025&amp;jornal=515&amp;pagina=10" editionNumber="187" highlightType="" highlightPriority="" highlight="" highlightimage="" highlightimagename="" idMateria="23161768">
  <body>
    <Identifica><![CDATA[ PORTARIA SDA/MAPA Nº 1.410, DE 30 DE SETEMBRO DE 2025]]></Identifica>
    <Data><![CDATA[]]></Data>
    <Ementa><![CDATA[Integra o Serviço de Inspeção Municipal do Rio de Janeiro, localizado no Estado do Rio de Janeiro, ao Sistema Brasileiro de Inspeção de Produtos de Origem Animal.]]></Ementa>
    <Titulo />
    <SubTitulo />
    <Texto><![CDATA[<p class="identifica">PORTARIA SDA/MAPA Nº 1.410, DE 30 DE SETEMBRO DE 2025</p><p class="ementa">Integra o Serviço de Inspeção Municipal do Rio de Janeiro, localizado no Estado do Rio de Janeiro, ao Sistema Brasileiro de Inspeção de Produtos de Origem Animal.</p><p>O SECRETÁRIO DE DEFESA AGROPECUÁRIA, DO MINISTÉRIO DA AGRICULTURA E PECUÁRIA, no uso das atribuições que lhe foram conferidas pelos arts. 22 e 49 do Anexo I ao Decreto nº 11.332, de 1º de janeiro de 2023, e tendo em vista o disposto no Decreto nº 5.741, de 30 de março de 2006, na Portaria nº 672, de 8 de abril de 2024, e o que consta do Processo nº 21042.010375/2024-47, resolve:</p><p>Art. 1º Fica integrado o Serviço de Inspeção Municipal do Rio de Janeiro, localizado no Estado do Rio de Janeiro, ao Sistema Brasileiro de Inspeção de Produtos de Origem Animal - SISBI-POA, do Sistema Unificado de Atenção à Sanidade Agropecuária - SUASA.</p><p>Art. 2º Para indicação de estabelecimentos e produtos integrantes do Sistema Brasileiro de Inspeção de Produtos de Origem Animal - SISBI-POA, o Serviço de Inspeção Municipal do Rio de Janeiro, localizado no Estado do Rio de Janeiro, será habilitado no Cadastro SISBI no Sistema de Gestão de Serviço de Inspeção, o e-SISBI/SGSI, por meio do endereço eletrônico https://www.gov.br/agricultura/pt-br/assuntos/suasa.</p><p>Art. 3º Esta Portaria entra em vigor na data de sua publicação.</p><p class="assina">CARLOS GOULART</p>]]></Texto>
  </body>
  <Midias />
</article></xml>