﻿<xml><article id="45726364" name="Desp 1329_2025" idOficio="11317539" pubName="DO1" artType="Despacho" pubDate="01/10/2025" artClass="00035:00045:00048:00000:00000:00000:00000:00000:00000:00000:00024:00000" artCategory="Ministério de Minas e Energia/Agência Nacional do Petróleo, Gás Natural e Biocombustíveis/Superintendência de Distribuição e Logística" artSize="12" artNotes="" numberPage="108" pdfPage="http://pesquisa.in.gov.br/imprensa/jsp/visualiza/index.jsp?data=01/10/2025&amp;jornal=515&amp;pagina=108" editionNumber="187" highlightType="" highlightPriority="" highlight="" highlightimage="" highlightimagename="" idMateria="23164338">
  <body>
    <Identifica><![CDATA[ DESPACHO SDL-ANP Nº 1.329, DE 30 DE SETEMBRO DE 2025]]></Identifica>
    <Data><![CDATA[]]></Data>
    <Ementa />
    <Titulo />
    <SubTitulo />
    <Texto><![CDATA[<p class="identifica">DESPACHO SDL-ANP Nº 1.329, DE 30 DE SETEMBRO DE 2025</p><p>O SUPERINTENDENTE DE DISTRIBUIÇÃO E LOGÍSTICA da AGÊNCIA NACIONAL DO PETRÓLEO, GÁS NATURAL E BIOCOMBUSTÍVEIS - ANP, no uso das atribuições que lhe foram conferidas pela Portaria ANP nº 265, de 10 de setembro de 2020, tendo em vista o disposto na Lei nº 9.478, de 6 de agosto de 1997, considerando as disposições da Resolução ANP nº 950, de 5 de outubro de 2023, tendo em vista a previsão legal inscrita em seu art. 24, inciso I, alínea c, e o que consta do processo nº 48610.224502/2025-39, torna público o cancelamento da(s) Autorização SDL-ANP nº 787, de 3 de novembro de 2020, por requerimento do agente autorizado TOWER BRASIL PETRÓLEO LTDA, CNPJ nº 68.110.501/0012-17, para o exercício da atividade de filial de distribuidor de combustíveis líquidos, exceto combustíveis de aviação.</p><p class="assina">DIOGO VALERIO</p>]]></Texto>
  </body>
  <Midias />
</article></xml>