﻿<xml><article id="45720212" name="17944.100853.2022-15" idOficio="11316724" pubName="DO1" artType="Despacho" pubDate="01/10/2025" artClass="00028:00001:00000:00000:00000:00000:00000:00000:00000:00000:00024:00000" artCategory="Ministério da Fazenda/Gabinete do Ministro" artSize="12" artNotes="" numberPage="56" pdfPage="http://pesquisa.in.gov.br/imprensa/jsp/visualiza/index.jsp?data=01/10/2025&amp;jornal=515&amp;pagina=56" editionNumber="187" highlightType="" highlightPriority="" highlight="" highlightimage="" highlightimagename="" idMateria="23162616">
  <body>
    <Identifica><![CDATA[ DESPACHO DE 30 DE SETEMBRO DE 2025]]></Identifica>
    <Data><![CDATA[]]></Data>
    <Ementa />
    <Titulo />
    <SubTitulo />
    <Texto><![CDATA[<p class="identifica">DESPACHO DE 30 DE SETEMBRO DE 2025</p><p>Processo nº 17944.100853/2022-15</p><p>Interessado: Fundo de Garantia do Tempo de Serviço - FGTS e Empresa Gestora de Ativos S/A - EMGEA.</p><p>Assunto: Contrato da Vigésima Primeira Assunção de Dívidas, a ser celebrado entre a UNIÃO e o Fundo de Garantia do Tempo de Serviço - FGTS, representado por seu agente operador, a Caixa Econômica Federal - CAIXA, nos termos da legislação em vigor, em especial do disposto na Lei nº 10.150, de 21 de dezembro de 2000, e na Medida Provisória nº 2.181-45, de 24 de agosto de 2001, no valor total de R$ 871.681,56 (oitocentos e setenta e um mil seiscentos e oitenta e um reais e cinquenta e seis centavos), conforme posição em 1º de agosto de 2021, correspondente a quatorze contratos de financiamento pactuados no âmbito do SFH cujo cessionário é a Empresa Gestora de Ativos S/A - EMGEA.</p><p>Tendo em vista as manifestações da Secretaria do Tesouro Nacional e da Procuradoria-Geral da Fazenda Nacional quanto ao cumprimento dos requisitos legais aplicáveis, AUTORIZO a contratação, observadas as normas e formalidades legais e regulamentares pertinentes.</p><p class="assina">FERNANDO HADDAD</p><p class="cargo">Ministro de Estado da Fazenda</p>]]></Texto>
  </body>
  <Midias />
</article></xml>