﻿<xml><article id="45725336" name="Acordao 646" idOficio="11317378" pubName="DO1" artType="Acórdão" pubDate="01/10/2025" artClass="00041:00020:00000:00000:00000:00000:00000:00000:00000:00000:00002:00000" artCategory="Ministério de Portos e Aeroportos/Agência Nacional de Transportes Aquaviários" artSize="12" artNotes="" numberPage="205" pdfPage="http://pesquisa.in.gov.br/imprensa/jsp/visualiza/index.jsp?data=01/10/2025&amp;jornal=515&amp;pagina=205" editionNumber="187" highlightType="" highlightPriority="" highlight="" highlightimage="" highlightimagename="" idMateria="23163850">
  <body>
    <Identifica><![CDATA[ ACÓRDÃO Nº 646-2025-ANTAQ]]></Identifica>
    <Data><![CDATA[]]></Data>
    <Ementa />
    <Titulo />
    <SubTitulo />
    <Texto><![CDATA[<p class="identifica">ACÓRDÃO Nº 646-2025-ANTAQ</p><p>1. Processo: 50300.020788/2025-21</p><p>2. Interessado: Agência Nacional de Transportes Aquaviários</p><p>3. Relator: Frederico Dias</p><p>4. Unidade Técnica: Superintendência de Administração e Finanças</p><p>5. Acórdão:</p><p>VISTOS, relatados e discutidos os presentes autos que tratam do referendo da decisão consubstanciada na Deliberação-DG nº 75/2025, por meio da qual a Diretoria Colegiada desta Agência Reguladora aprovou a proposta de dispensa e designação de Funções Comissionadas Executivas (FCE), no âmbito da Gerência de Licitação e Contratos - GLC,</p><p>ACORDAM os Diretores da Agência Nacional de Transportes Aquaviários, reunidos para a Reunião Ordinária de Diretoria Colegiada de nº 595, ante as razões expostas pelo Relator, em:</p><p>5.1. referendar a decisão consubstanciada na Deliberação-DG nº 75/2025, de 15 de setembro de 2025; e</p><p>5.2. cientificar a Superintendência de Administração e Finanças acerca da presente decisão.</p><p>6. Data da Reunião: 22 a 24/09/2025 - Virtual.</p><p>7. Especificação do quórum:</p><p>7.1. Diretores presentes: Frederico Dias (Presidente e Relator), Flávia Takafashi, Lima Filho, Alber Vasconcelos e Caio Farias.</p><p class="assina">FREDERICO CARVALHO DIAS</p><p class="cargo">Diretor-Geral</p>]]></Texto>
  </body>
  <Midias />
</article></xml>