﻿<xml><article id="45714261" name="DECISAO SUROD 1142" idOficio="11315556" pubName="DO1" artType="Decisão" pubDate="01/10/2025" artClass="00050:00019:00051:00000:00000:00000:00000:00000:00000:00000:00018:00000" artCategory="Ministério dos Transportes/Agência Nacional de Transportes Terrestres/Superintendência de Infraestrutura Rodoviária" artSize="12" artNotes="" numberPage="239" pdfPage="http://pesquisa.in.gov.br/imprensa/jsp/visualiza/index.jsp?data=01/10/2025&amp;jornal=515&amp;pagina=239" editionNumber="187" highlightType="" highlightPriority="" highlight="" highlightimage="" highlightimagename="" idMateria="23160442">
  <body>
    <Identifica><![CDATA[ DECISÃO SUROD Nº 1.142, DE 22 DE SETEMBRO DE 2025]]></Identifica>
    <Data><![CDATA[]]></Data>
    <Ementa />
    <Titulo />
    <SubTitulo />
    <Texto><![CDATA[<p class="identifica">DECISÃO SUROD Nº 1.142, DE 22 DE SETEMBRO DE 2025</p><p>O Superintendente de Infraestrutura Rodoviária Substituto da Agência Nacional de Transportes Terrestres - ANTT, no uso de suas atribuições e em conformidade com a Resolução ANTT nº 5.818, de 03 de maio de 2018, complementada pela Resolução ANTT nº 5.963, de 10 de março de 2022, e Resolução ANTT nº 6.000, de 01 de dezembro de 2022, e com fundamento no que consta do Processo nº 50505.050717/2025-56, decide:</p><p>Art.1º Autorizar o Projeto de Interesse de Terceiro - PIT, relativo à plantio na faixa de domínio da BR-369/PR do km 20+250 ao km 20+910, no município de Cambará/PR, sob concessão a Concessionária EPR Litoral Pioneiro S.A., CNPJ nº 51.137.031/0001-20, conforme Contrato de Concessão Nº 002/2023, de interesse de João Felício Scoparo.</p><p>Art. 2º A vigência da autorização desta ocupação está condicionado à assinatura prévia do Contrato de Permissão Especial de Uso (CPEU) entre João Felício Scoparo e a Concessionária EPR Litoral Pioneiro S.A., e que deve disciplinar as obrigações e responsabilidades recíprocas das partes.</p><p>Art. 3º A presente autorização não exime a interessada da obtenção dos licenciamentos ambientais e do cumprimento das obrigações adicionais junto aos demais órgãos da administração pública.</p><p>Art. 4º A autorização concedida por meio desta Decisão possui caráter precário, podendo ser revogada a qualquer tempo, por conveniência ou necessidade da ANTT.</p><p>Art. 5º Esta Decisão entra em vigor na data de sua publicação.</p><p class="assina">LUCIANO ESTEVE FERREIRA DE ASSIS</p>]]></Texto>
  </body>
  <Midias />
</article></xml>