﻿<xml><article id="45719063" name="2025-09-30/11316576/ANMWS_231617" idOficio="11316576" pubName="DO1" artType="Despacho" pubDate="01/10/2025" artClass="00035:00044:00019:00000:00000:00000:00000:00000:00000:00000:00024:00264" artCategory="Ministério de Minas e Energia/Agência Nacional de Mineração/Gerência Regional da ANM no Estado do Mato Grosso" artSize="12" artNotes="" numberPage="98" pdfPage="http://pesquisa.in.gov.br/imprensa/jsp/visualiza/index.jsp?data=01/10/2025&amp;jornal=515&amp;pagina=98" editionNumber="187" highlightType="" highlightPriority="" highlight="" highlightimage="" highlightimagename="" idMateria="23161714">
  <body>
    <Identifica><![CDATA[Despacho]]></Identifica>
    <Data><![CDATA[]]></Data>
    <Ementa />
    <Titulo />
    <SubTitulo />
    <Texto><![CDATA[<p class="identifica">Despacho</p><p class="identifica">Relação nº 264/2025</p><p>Fase de Requerimento de Pesquisa</p><p>O GERENTE REGIONAL DA AGÊNCIA NACIONAL DE MINERAÇÃO, no uso da competência delegada de que trata o Art. 23, inciso I, alínea "a" da Ordem de Serviço nº 334, de 12 de agosto de 2025, e com fundamento no art. 15, do Decreto-lei n° 227, de 28 de fevereiro de 1967, (Código de Mineração), e no art. 2°, inciso XVII da Lei 13.575/2017, outorga o(s) seguinte(s) Alvará(s) de Pesquisa, pelo prazo de 03 anos, com vigência a partir dessa publicação:(323)</p><p>6450/2025-866.308/2023-GDMBRASIL GEOLOGIA E DESENVOLVIMENTO MINERAL LTDA-</p><p>6446/2025-866.667/2021-CERAMICA SANTA ROSA LTDA EPP-</p><p>6451/2025-866.597/2023-GDMBRASIL GEOLOGIA E DESENVOLVIMENTO MINERAL LTDA-</p><p>6455/2025-867.023/2024-3D MINERALS LTDA-</p><p>6449/2025-866.026/2022-VALDEMIR DE OLIVEIRA FERREIRA-</p><p>6448/2025-867.227/2021-GDMBRASIL GEOLOGIA E DESENVOLVIMENTO MINERAL LTDA-</p><p>6452/2025-866.691/2023-GDMBRASIL GEOLOGIA E DESENVOLVIMENTO MINERAL LTDA-</p><p>6445/2025-866.495/2021-FORTALEZA MINERADORA LTDA-</p><p>6454/2025-866.958/2024-MINERAÇÃO RIO AREIA LTDA-</p><p>6453/2025-866.936/2024-DJ PARTICIPACOES LTDA-</p><p>6444/2025-867.201/2020-FORTALEZA MINERADORA LTDA-</p><p>6443/2025-866.123/2003-IMPÉRIO INVESTIMENTOS, REFLORESTAMENTO E MINERAÇÃO LTDA EPP-</p><p>6447/2025-866.876/2021-ARTHUR HENRIQUE DE MELO-</p><p class="assina">JOCY GONÇALO DE MIRANDA</p>]]></Texto>
  </body>
  <Midias />
</article></xml>