﻿<xml><article id="45723059" name="PORT.NA 196 DE 30.09.2025.HABIL." idOficio="11317160" pubName="DO1" artType="Portaria" pubDate="01/10/2025" artClass="00008:00002:00029:00000:00000:00000:00000:00000:00000:00000:00054:00000" artCategory="Ministério da Agricultura e Pecuária/Secretaria Executiva/Superintendência de Agricultura e Pecuária do Estado do Pernambuco" artSize="12" artNotes="ok" numberPage="10" pdfPage="http://pesquisa.in.gov.br/imprensa/jsp/visualiza/index.jsp?data=01/10/2025&amp;jornal=515&amp;pagina=10" editionNumber="187" highlightType="" highlightPriority="" highlight="" highlightimage="" highlightimagename="" idMateria="23163584">
  <body>
    <Identifica><![CDATA[ Portaria nº 196, de 30 de setembro de 2025]]></Identifica>
    <Data><![CDATA[]]></Data>
    <Ementa />
    <Titulo />
    <SubTitulo />
    <Texto><![CDATA[<p class="identifica">Portaria nº 196, de 30 de setembro de 2025</p><p>O SUPERINTENDENTE FEDERAL DE AGRICULTURA E PECUÁRIA NO ESTADO DE PERNAMBUCO, uso das atribuições que lhe confere o art. 262 do Regimento Interno da Secretaria Executiva do Ministério da Agricultura e Pecuária, aprovado pela Portaria Ministerial nº 561, de 11 de abril de 2018, os arts. 41 e 50 do Anexo I ao Decreto nº 11.332, de 1º de janeiro de 2023, e tendo em vista o disposto no art. 3º, § 3º, da Instrução Normativa nº 6, de 16 de janeiro de 2018, alterada pela Portaria nº 593, de 30 de junho de 2023, e o que consta do processo nº 21036.002124/2025-59, resolve:</p><p>Art. 1º Habilitar o médico veterinário WASHINGTON CANDIDO DOS SANTOS FILHO, inscrito no CRMV-PE sob o nº 07798-VP, para fins de colheita e envio de amostras aos laboratórios credenciados para diagnóstico de mormo, conforme diretrizes gerais para prevenção, controle e erradicação do mormo, no âmbito do Programa Nacional de Sanidade dos Equídeos - PNSE.</p><p>Art. 2º Fica o (a) credenciado (a) obrigado (a) a prestar as informações de rotina nos modelos padronizados e atender às convocações e solicitações de esclarecimentos feitas pelo serviço oficial, nos prazos estipulados, sob pena de cancelamento desta habilitação.</p><p>Art. 3º- Esta Portaria entra em vigor na data da sua publicação.</p><p class="assina">Flavio Antônio Costa Miranda Sotero</p><p></p>]]></Texto>
  </body>
  <Midias />
</article></xml>