﻿<xml><article id="45708202" name="PORT.NA 192 DE 29.09.2025.ATUALI" idOficio="11314861" pubName="DO1" artType="Portaria" pubDate="01/10/2025" artClass="00008:00002:00029:00000:00000:00000:00000:00000:00000:00000:00054:00000" artCategory="Ministério da Agricultura e Pecuária/Secretaria Executiva/Superintendência de Agricultura e Pecuária do Estado do Pernambuco" artSize="12" artNotes="ok" numberPage="10" pdfPage="http://pesquisa.in.gov.br/imprensa/jsp/visualiza/index.jsp?data=01/10/2025&amp;jornal=515&amp;pagina=10" editionNumber="187" highlightType="" highlightPriority="" highlight="" highlightimage="" highlightimagename="" idMateria="23159294">
  <body>
    <Identifica><![CDATA[ Portaria nº 192, de 29 de setembro de 2025]]></Identifica>
    <Data><![CDATA[]]></Data>
    <Ementa />
    <Titulo />
    <SubTitulo />
    <Texto><![CDATA[<p class="identifica">Portaria nº 192, de 29 de setembro de 2025</p><p>O SUPERINTENDENTE FEDERAL DE AGRICULTURA E PECUÁRIA NO ESTADO DE PERNAMBUCO, no uso da competência que lhe foi delegada pela Portaria nº 1.213 , de 02 de maio de 2023, publicada no Diário Oficial da União de 09 de maio de 2023 e art. 262, da Portaria Ministerial nº 561, de 11 de abril de 2018, publicada no Diário Oficial da União de 13 de abril de 2018, da Portaria SE/MAPA nº 22, de 25 de abril de 2023, publicada no Diário Oficial da União de 26 de abril de 2023 e, o que consta no processo SEI 21036.002543/2023-29, resolve:</p><p>Art. 1º - ATUALIZAR a Portaria de Habilitação n° 02 de 03 de Janeiro de 2024 do Médico Veterinário ANTONIO FERNANDO TAVARES DA ROCHA , CRMV 02432-VP para a emissão de Guia de Trânsito Animal - GTA no trânsito intraestadual e interestadual de aves e ovos férteis com finalidade de produção de carne, ovos e material genético no município de Itaíba do Estado de Pernambuco, observando normas e dispositivos em vigor.</p><p>Art. 2º Tornar sem efeito a PORTARIA º 02, DE 03 DE JANEIRO DE 2024, publicada no D.O.U em 08 de Janeiro de 2024.</p><p>Art. 3º- Esta Portaria entra em vigor na data da sua publicação.</p><p class="assina">Flavio Antônio Costa Miranda Sotero</p><p></p>]]></Texto>
  </body>
  <Midias />
</article></xml>