﻿<xml><article id="45725172" name="PORTARIA NA 1.671" idOficio="11317376" pubName="DO1" artType="Portaria" pubDate="01/10/2025" artClass="00021:00001:00000:00000:00000:00000:00000:00000:00000:00000:00054:00001" artCategory="Ministério dos Direitos Humanos e da Cidadania/Gabinete da Ministra" artSize="12" artNotes="" numberPage="34" pdfPage="http://pesquisa.in.gov.br/imprensa/jsp/visualiza/index.jsp?data=01/10/2025&amp;jornal=515&amp;pagina=34" editionNumber="187" highlightType="" highlightPriority="" highlight="" highlightimage="" highlightimagename="" idMateria="23163817">
  <body>
    <Identifica><![CDATA[ PORTARIA Nº 1.671, DE 29 DE SETEMBRO DE 2025]]></Identifica>
    <Data><![CDATA[]]></Data>
    <Ementa><![CDATA[ Dispõe sobre a extensão extraordinária do mandato dos atuais membros do Conselho Nacional dos Direitos das Pessoas Lésbicas, Gays, Bissexuais, Travestis, Transexuais, Queers, Intersexos, Assexuais e Outras.]]></Ementa>
    <Titulo />
    <SubTitulo />
    <Texto><![CDATA[<p class="identifica">PORTARIA Nº 1.671, DE 29 DE SETEMBRO DE 2025</p><p class="ementa">Dispõe sobre a extensão extraordinária do mandato dos atuais membros do Conselho Nacional dos Direitos das Pessoas Lésbicas, Gays, Bissexuais, Travestis, Transexuais, Queers, Intersexos, Assexuais e Outras.</p><p>A MINISTRA DE ESTADO DOS DIREITOS HUMANOS E DA CIDADANIA, no uso da atribuição que lhe conferem os incisos I e II do parágrafo único do art. 87 da Constituição Federal, e considerando o disposto no art. 2º, III, do Anexo I, do Decreto nº 11.341, de 1º de janeiro de 2023, resolve:</p><p>Art. 1º Estender, em caráter extraordinário, o mandato dos atuais membros do Conselho Nacional dos Direitos das Pessoas Lésbicas, Gays, Bissexuais, Travestis, Transexuais, Queers, Intersexos, Assexuais e Outras - CNLGBTQIA+ até 26 de janeiro de 2026, sendo vedada a sua prorrogação.</p><p>Parágrafo único. Ficam convalidados os atos praticados pelos membros do CNLGBTQIA+, desde 17 de maio de 2025 até a publicação desta Portaria.</p><p>Art. 2º Durante o período de extensão extraordinária de seus mandatos, os membros do CNLGBTQIA+ terão suas competências limitadas às suas funções essenciais, à organização do processo eleitoral interno e à organização e realização da 4ª Conferência Nacional dos Direitos das Pessoas LGBTQIA+.</p><p>Parágrafo único. O processo eleitoral mencionado no caput observará o cronograma anexo a esta Portaria.</p><p>Art. 3º Fica revogada a Portaria nº 1.175, de 11 de julho de 2025, publicada no Diário Oficial da União nº 136, Seção 1, pág. 18, de 22 de julho de 2025.</p><p>Art. 4º Esta Portaria entra em vigor na data de sua publicação.</p><p class="assina">MACAÉ EVARISTO</p><p class="anexo">ANEXO</p><p>CRONOGRAMA</p><p /><p></p><table><tr /><tr><td rowspan="1" colspan="1"><p>ETAPA</p></td><td rowspan="1" colspan="1"><p>DESCRIÇÃO</p></td><td rowspan="1" colspan="1"><p>DATA</p></td></tr><tr><td rowspan="1" colspan="1"><p>1</p></td><td rowspan="1" colspan="1"><p>Atos preparatórios para realização do processo eleitoral</p></td><td rowspan="1" colspan="1"><p>Até 10 de outubro de 2025</p></td></tr><tr><td rowspan="1" colspan="1"><p>2</p></td><td rowspan="1" colspan="1"><p>Início do processo eleitoral, com a publicação e divulgação do Edital de Eleição do CNLGBTQIA+, com calendário detalhado das próximas etapas</p></td><td rowspan="1" colspan="1"><p>24 de outubro de 2025</p></td></tr><tr><td rowspan="1" colspan="1"><p>3</p></td><td rowspan="1" colspan="1"><p>Prazo final para realização da eleição</p></td><td rowspan="1" colspan="1"><p>26 de janeiro de 2026</p></td></tr></table>]]></Texto>
  </body>
  <Midias />
</article></xml>