﻿<xml><article id="45712814" name="Sumula Vinculante 01 10 2025" idOficio="11315332" pubName="DO1" artType="Súmula" pubDate="01/10/2025" artClass="00001:00001:00000:00000:00000:00000:00000:00000:00000:00000:00068:00000" artCategory="Atos do Poder Judiciário/Supremo Tribunal Federal" artSize="12" artNotes="" numberPage="1" pdfPage="http://pesquisa.in.gov.br/imprensa/jsp/visualiza/index.jsp?data=01/10/2025&amp;jornal=515&amp;pagina=1" editionNumber="187" highlightType="" highlightPriority="" highlight="" highlightimage="" highlightimagename="" idMateria="23159969">
  <body>
    <Identifica><![CDATA[SÚMULA VINCULANTE]]></Identifica>
    <Data><![CDATA[Brasília, 26 de setembro de 2025]]></Data>
    <Ementa />
    <Titulo />
    <SubTitulo />
    <Texto><![CDATA[<p class="identifica">SÚMULA VINCULANTE</p><p>Em sessão virtual extraordinária de 23 a 25 de setembro de 2025, o Tribunal Pleno editou o seguinte enunciado de súmula vinculante, que se publica no Diário da Justiça Eletrônico e no Diário Oficial da União, nos termos do § 4º do artigo 2º da Lei nº 11.417/2006:</p><p><strong>Súmula vinculante nº 63 -</strong>O tráfico privilegiado (art. 33, § 4º, da Lei 11.343/2006) não configura crime hediondo, afastando-se a aplicação dos parâmetros mais rigorosos de progressão de regime e de livramento condicional.</p><p><strong>Precedentes:</strong></p><p>HC 118.533, Rel. Min. Cármen Lúcia, Tribunal Pleno,<em>DJe</em>de 19/09/2016; RE 1.542.482 (Tema 1.400 de RG), Rel. Min. Presidente, Tribunal Pleno,<em>DJe</em>de 09/06/2025.</p><p>Legislação:</p><p>Constituição Federal, art. 103-A.</p><p>Decreto-Lei nº 2.848/1940, art. 83, I.</p><p>Lei nº 7.210/1984, art. 112, I e V.</p><p>Lei nº 11.343/2006, art. 33, §4º.</p><p>Lei nº 11.417/2006, art. 3º, VI.</p><p class="data">Brasília, 26 de setembro de 2025</p><p class="assina">Ministro LUÍS ROBERTO BARROSO</p><p class="cargo">Presidente</p><p class="identifica">CANCELAMENTO DE SÚMULA VINCULANTE</p><p>Em sessão virtual extraordinária de 23 a 25 de setembro de 2025, o Tribunal Pleno cancelou a Súmula Vinculante nº 9: O disposto no artigo 127 da Lei nº 7.210/1984 (Lei de Execução Penal) foi recebido pela ordem constitucional vigente, e não se lhe aplica o limite temporal previsto no "caput" do artigo 58. Este ato se publica no Diário da Justiça Eletrônico e no Diário Oficial da União, nos termos do § 4º do artigo 2º da Lei nº 11.417/2006.</p><p>Precedentes:</p><p>RE 1.116.485 (Tema 477 de RG), Rel. Min. Luiz Fux, Tribunal Pleno,<em>DJe</em>de 24/04/2023.</p><p>Legislação:</p><p>Constituição Federal, art. 5º, XLVI.</p><p>Lei nº 7.210/1984, art. 127.</p><p>Lei nº 11.417/2006, art. 5º.</p><p>Lei nº 12.433/2011.</p><p class="data">Brasília, 26 de setembro de 2025</p><p class="assina">Ministro LUÍS ROBERTO BARROSO</p><p class="cargo">Presidente</p>]]></Texto>
  </body>
  <Midias />
</article></xml>