﻿<xml><article id="45725308" name="Acordao 629" idOficio="11317378" pubName="DO1" artType="Acórdão" pubDate="01/10/2025" artClass="00041:00020:00000:00000:00000:00000:00000:00000:00000:00000:00002:00000" artCategory="Ministério de Portos e Aeroportos/Agência Nacional de Transportes Aquaviários" artSize="12" artNotes="" numberPage="203" pdfPage="http://pesquisa.in.gov.br/imprensa/jsp/visualiza/index.jsp?data=01/10/2025&amp;jornal=515&amp;pagina=203" editionNumber="187" highlightType="" highlightPriority="" highlight="" highlightimage="" highlightimagename="" idMateria="23163849">
  <body>
    <Identifica><![CDATA[ ACÓRDÃO Nº 629/2025-ANTAQ]]></Identifica>
    <Data><![CDATA[]]></Data>
    <Ementa />
    <Titulo />
    <SubTitulo />
    <Texto><![CDATA[<p class="identifica">ACÓRDÃO Nº 629/2025-ANTAQ</p><p>1. Processo: 50300.009622/2017-43</p><p>2. Interessado: Itapoá Terminais Portuários S.A.</p><p>3. Relator: Lima Filho</p><p>4. Unidade Técnica: Superintendência de Outorgas - SOG</p><p>5. Acórdão:</p><p>VISTOS, relatados e discutidos os presentes autos que tratam do pleito para prorrogação, por mais dois anos, do prazo estabelecido na Cláusula Quarta - Condição Suspensiva à Comprovação do Direito de Uso e Fruição da Área - do Segundo Termo Aditivo ao Contrato de Adesão nº 31/2014-SEP/PR,</p><p>ACORDAM os Diretores da Agência Nacional de Transportes Aquaviários, reunidos para a Reunião Ordinária de Diretoria Colegiada de nº 595, ante as razões expostas pelo Relator, em:</p><p>5.1. prorrogar, por 2 (dois) anos, a contar da publicação desta decisão, o prazo da Cláusula Quarta - Condição Suspensiva à Comprovação do Direito de Uso e Fruição da Área - do Segundo Termo Aditivo ao Contrato de Adesão nº 31/2014-SEP/PR, com fundamento na Subcláusula Primeira dessa cláusula e no art. 15, parágrafo único, da Portaria-MINFRA nº 1.064/2020;</p><p>5.2. determinar à Superintendência de Outorgas - SOG que promova o registro cadastral da prorrogação ora deliberada;</p><p>5.3. cientificar a empresa Itapoá Terminais Portuários S.A. e o Ministério de Portos e Aeroportos acerca da presente decisão; e</p><p>5.4. arquivar os presentes autos.</p><p>6. Data da Reunião: 22 a 24/09/2025 - Virtual.</p><p>7. Especificação do quórum:</p><p>7.1. Diretores presentes: Frederico Dias (Presidente), Flávia Takafashi, Lima Filho (Relator), Alber Vasconcelos e Caio Farias.</p><p class="assina">FREDERICO CARVALHO DIAS</p><p class="cargo">Diretor-Geral</p>]]></Texto>
  </body>
  <Midias />
</article></xml>