﻿<xml><article id="45718658" name="2025-09-30/11316434/ANMWS_231615" idOficio="11316434" pubName="DO1" artType="Despacho" pubDate="01/10/2025" artClass="00035:00044:00038:00000:00000:00000:00000:00000:00000:00000:00024:00062" artCategory="Ministério de Minas e Energia/Agência Nacional de Mineração/Gerência Regional da ANM no Estado do Rio Grande do Norte" artSize="12" artNotes="" numberPage="103" pdfPage="http://pesquisa.in.gov.br/imprensa/jsp/visualiza/index.jsp?data=01/10/2025&amp;jornal=515&amp;pagina=103" editionNumber="187" highlightType="" highlightPriority="" highlight="" highlightimage="" highlightimagename="" idMateria="23161586">
  <body>
    <Identifica><![CDATA[despacho Relação  nº  62/2025]]></Identifica>
    <Data><![CDATA[]]></Data>
    <Ementa />
    <Titulo />
    <SubTitulo />
    <Texto><![CDATA[<p class="identifica">despacho Relação nº 62/2025</p><p>Não conhece solicitação protocolizada por falta de previsão legal.(1865)</p><p>848.302/2015-Alexandre Henrique Pereira Barbalho</p><p>Fase de Autorização de Pesquisa</p><p>Aprova o relatório de Pesquisa(317)</p><p>848.147/2021-VULCANO EXPORT MINERACAO EXPORTACAO E IMPORTACAO LTDA-MÁRMORE-Itajá/RN e São Rafael/RN/</p><p>Prorroga por 03 (três) anos o prazo de validade da autorização de pesquisa(326)</p><p>848.241/2016-EMPROGEO LTDA-ALVARÁ N°3190/2020</p><p>848.042/2022-ICAL INDUSTRIA DE CALCINACAO LTDA EM RECUPERACAO JUDICIAL-ALVARÁ N°3586/2022</p><p>Fase de Concessão de Lavra</p><p>Determina cumprimento de exigência - Prazo 60 dias(470)</p><p>848.087/2006-PRO AGUA INDUSTRIAL LTDA-OF. N°38153/2025/SERFIS-PB/RN/ANM</p><p>Prorroga prazo para cumprimento de exigência- Prazo 60 dias(471)</p><p>848.492/2010-MINERAÇÃO PENIEL LTDA-OF. N°38155/2025/SERFIS-PB/RN/ANM</p><p>840.190/1992-MINERACAO CUNHA COMERCIO LTDA-OF. N°38157/2025/SERFIS-PB/RN/ANM</p><p class="assina">ROGER GARIBALDI MIRANDA</p><p class="cargo">Gerente</p>]]></Texto>
  </body>
  <Midias />
</article></xml>