﻿<xml><article id="45718448" name="2025-09-30/11316443/ANMWS_231615" idOficio="11316443" pubName="DO1" artType="Despacho" pubDate="01/10/2025" artClass="00035:00044:00035:00000:00000:00000:00000:00000:00000:00000:00024:00132" artCategory="Ministério de Minas e Energia/Agência Nacional de Mineração/Gerência Regional da ANM no Estado do Paraná" artSize="12" artNotes="" numberPage="102" pdfPage="http://pesquisa.in.gov.br/imprensa/jsp/visualiza/index.jsp?data=01/10/2025&amp;jornal=515&amp;pagina=102" editionNumber="187" highlightType="" highlightPriority="" highlight="" highlightimage="" highlightimagename="" idMateria="23161519">
  <body>
    <Identifica><![CDATA[Despacho]]></Identifica>
    <Data><![CDATA[]]></Data>
    <Ementa />
    <Titulo />
    <SubTitulo />
    <Texto><![CDATA[<p class="identifica">Despacho</p><p class="identifica">Relação nº 132/2025</p><p>Fase de Requerimento de Pesquisa</p><p>O GERENTE REGIONAL DA AGÊNCIA NACIONAL DE MINERAÇÃO, no uso da competência delegada de que trata o Art. 23, inciso I, alínea "a" da Ordem de Serviço nº 334, de 12 de agosto de 2025, e com fundamento no art. 15, do Decreto-lei n° 227, de 28 de fevereiro de 1967, (Código de Mineração), e no art. 2°, inciso XVII da Lei 13.575/2017, outorga o(s) seguinte(s) Alvará(s) de Pesquisa, pelo prazo de 02 anos, com vigência a partir dessa publicação:(322)</p><p>6489/2025-826.485/2024-PAVIPLAN PAVIMENTACAO LTDA-</p><p>6490/2025-826.133/2025-CASTRO EXTRACAO E ALUGUEL DE MAQUINAS LTDA-</p><p>O GERENTE REGIONAL DA AGÊNCIA NACIONAL DE MINERAÇÃO, no uso da competência delegada de que trata o Art. 23, inciso I, alínea "a" da Ordem de Serviço nº 334, de 12 de agosto de 2025, e com fundamento no art. 15, do Decreto-lei n° 227, de 28 de fevereiro de 1967, (Código de Mineração), e no art. 2°, inciso XVII da Lei 13.575/2017, outorga o(s) seguinte(s) Alvará(s) de Pesquisa, pelo prazo de 03 anos, com vigência a partir dessa publicação:(323)</p><p>6492/2025-826.142/2025-SANTA HELENA FERTIL LTDA-</p><p>6491/2025-826.003/2025-PAVIMENTACOES E TERRAPLENAGENS SCHMITT LTDA-</p><p>O GERENTE REGIONAL DA AGÊNCIA NACIONAL DE MINERAÇÃO, no uso da competência delegada de que trata o Art. 23, inciso I, alínea "a" da Ordem de Serviço nº 334, de 12 de agosto de 2025, e com fundamento no art. 15, do Decreto-lei n° 227, de 28 de fevereiro de 1967, (Código de Mineração), e no art. 2°, inciso XVII da Lei 13.575/2017, outorga o(s) seguinte(s) Alvará(s) de Pesquisa, pelo prazo de 01 ano, com vigência a partir dessa publicação:(321)</p><p>6486/2025-826.151/2025-MINERACAO GRANDE LAGO LTDA-</p><p>6487/2025-826.152/2025-MINERACAO GRANDE LAGO LTDA-</p><p>6488/2025-826.153/2025-MINERACAO GRANDE LAGO LTDA-</p><p class="assina">CARLOS ALBERTO DIETER</p>]]></Texto>
  </body>
  <Midias />
</article></xml>