﻿<xml><article id="45719417" name="2025-09-30/11316647/ANMWS_231617" idOficio="11316647" pubName="DO1" artType="Despacho" pubDate="01/10/2025" artClass="00035:00044:00052:00001:00000:00000:00000:00000:00000:00000:00024:00009" artCategory="Ministério de Minas e Energia/Agência Nacional de Mineração/Superintendência de Segurança de Barragens e Pilhas de Mineração/Coordenação de Gerenciamento de Riscos Geotécnicos em Barragens de Mineração" artSize="12" artNotes="" numberPage="106" pdfPage="http://pesquisa.in.gov.br/imprensa/jsp/visualiza/index.jsp?data=01/10/2025&amp;jornal=515&amp;pagina=106" editionNumber="187" highlightType="" highlightPriority="" highlight="" highlightimage="" highlightimagename="" idMateria="23161785">
  <body>
    <Identifica><![CDATA[Despacho]]></Identifica>
    <Data><![CDATA[]]></Data>
    <Ementa />
    <Titulo />
    <SubTitulo />
    <Texto><![CDATA[<p class="identifica">Despacho</p><p class="identifica">Relação Nº 9/2025</p><p>Fase de Concessão de Lavra</p><p>Aceita defesa apresentada - Auto de Infração - BARRAGENS(2406)</p><p>Barragem B1 - Mina Ipê e Barragem B2 - Mina Tico Tico-CIA DE MINERAÇÃO SERRA DA FAROFA-805.374/1971-AI N° 150/2021 (PAS 48054.930228/2021-60); 152/2021 (PAS 48054.930230/2021-39)</p><p>Determina o arquivamento do auto de infração - BARRAGENS(2717)</p><p>Barragem B1 - Mina Ipê e Barragem B2 - Mina Tico Tico-CIA DE MINERAÇÃO SERRA DA FAROFA-805.374/1971-AI n°.150/2021 (PAS 48054.930228/2021-60); 152/2021 (PAS 48054.930230/2021-39)</p><p>Auto de Infração lavrado - BARRAGENS - Prazo para defesa ou pagamento 20 dias(2394)</p><p>Barragem de Rejeitos-EXTRATIVA METALURGIA S A-808.270/1975-AI. N°1260/2025 (48054.931826/2025-80)</p><p>Barragem do Vigia-CSN MINERACAO S.A.-830.512/1982-AI. N°1266/2025 (48054.931848/2025-40); 1267/2025 (48054.931849/2025-94); 1269/2025 (48054.931850/2025-19)</p><p>Barragem 01-SAMACA FERROS LTDA-870.602/1980-AI. N°1256/2025 (48062.971057/2025-53); 1257/2025 (48062.971058/2025-06); 1258/2025 (48062.971059/2025-42)</p><p>Barragem B1 - Mina Ipê, Barragem B2 - Mina Tico-Tico - Mineracao Morro do Ipe S/A-CIA DE MINERAÇÃO SERRA DA FAROFA-931.798/2011-AI. N°1262/2025 (48054.931828/2025-79); 1265/2025 (48054.931841/2025-28)</p><p>Barragem MSG-MINERACAO SERRA GRANDE S A-960.658/1987-AI. N°1253/2025 (48061.960735/2025-62); 1254/2025 (48061.960736/2025-15)</p><p class="assina">ELIEZER SENNA GONÇALVES JÚNIOR</p><p class="cargo">Gerente</p>]]></Texto>
  </body>
  <Midias />
</article></xml>