﻿<xml><article id="45716239" name="Portaria 1663" idOficio="11315941" pubName="DO1" artType="Portaria" pubDate="01/10/2025" artClass="00048:00001:00000:00000:00000:00000:00000:00000:00000:00000:00054:00000" artCategory="Ministério do Trabalho e Emprego/Gabinete do Ministro" artSize="12" artNotes="" numberPage="234" pdfPage="http://pesquisa.in.gov.br/imprensa/jsp/visualiza/index.jsp?data=01/10/2025&amp;jornal=515&amp;pagina=234" editionNumber="187" highlightType="" highlightPriority="" highlight="" highlightimage="" highlightimagename="" idMateria="23160950">
  <body>
    <Identifica><![CDATA[ PORTARIA MTE Nº 1.663, DE 30 DE SETEMBRO DE 2025]]></Identifica>
    <Data><![CDATA[]]></Data>
    <Ementa><![CDATA[ Alterar a composição da Mesa Nacional de Diálogo para a Promoção do Trabalho Decente no Meio Rural para promover boas práticas trabalhistas e garantir o trabalho decente no meio rural.]]></Ementa>
    <Titulo />
    <SubTitulo />
    <Texto><![CDATA[<p class="identifica">PORTARIA MTE Nº 1.663, DE 30 DE SETEMBRO DE 2025</p><p class="ementa">Alterar a composição da Mesa Nacional de Diálogo para a Promoção do Trabalho Decente no Meio Rural para promover boas práticas trabalhistas e garantir o trabalho decente no meio rural.</p><p>O MINISTRO DE ESTADO DO TRABALHO E EMPREGO - Substituto, no uso da sua atribuição que lhe confere o art. 87, parágrafo único, inciso IV da Constituição, e tendo em vista o disposto no art. 1º, XIV, do anexo I do Decreto nº 11.779, de 13 de novembro de 2023, e no Processo nº 19955.201369/2023-81, resolve:</p><p>Art. 1º A Portaria MTE nº 373, de 10 de março de 2025, publicada no DOU de 11/3/2025, seção 1, página 71, passa a vigorar com as seguintes alterações:</p><p>"Art. 3º ...................................................................................</p><p>XII - 1 (um) representante do Ministério Público do Trabalho;</p><p>XIII - 1 (um) representante da Confederação Nacional dos Transportes - CNT; e</p><p>XIV - 1 (um) representante do Serviço Nacional de Aprendizagem Rural - SENAR.</p><p>.................................................................................................."(NR)</p><p>Art. 2º Esta Portaria entra em vigor na data de sua publicação.</p><p class="assina">FRANCISCO MACENA DA SILVA</p>]]></Texto>
  </body>
  <Midias />
</article></xml>