﻿<xml><article id="45726755" name="8283 -Dispoe sobre as regras rel" idOficio="11317608" pubName="DO1" artType="Portaria" pubDate="01/10/2025" artClass="00047:00001:00000:00000:00000:00000:00000:00000:00000:00000:00054:00000" artCategory="Ministério da Saúde/Gabinete do Ministro" artSize="12" artNotes="" numberPage="208" pdfPage="http://pesquisa.in.gov.br/imprensa/jsp/visualiza/index.jsp?data=01/10/2025&amp;jornal=515&amp;pagina=208" editionNumber="187" highlightType="" highlightPriority="" highlight="" highlightimage="" highlightimagename="" idMateria="23164401">
  <body>
    <Identifica><![CDATA[ Portaria GM/ms Nº 8.283, DE 30 DE setembro DE 2025]]></Identifica>
    <Data><![CDATA[]]></Data>
    <Ementa><![CDATA[ Dispõe sobre as regras relativas a emendas de bancada estadual, de comissão permanente do Senado Federal, da Câmara dos Deputados e de comissão mista permanente do Congresso Nacional que destinarem recursos ao Sistema Único de Saúde - SUS, em 2026.]]></Ementa>
    <Titulo />
    <SubTitulo />
    <Texto><![CDATA[<p class="identifica">Portaria GM/ms Nº 8.283, DE 30 DE setembro DE 2025</p><p class="ementa">Dispõe sobre as regras relativas a emendas de bancada estadual, de comissão permanente do Senado Federal, da Câmara dos Deputados e de comissão mista permanente do Congresso Nacional que destinarem recursos ao Sistema Único de Saúde - SUS, em 2026.</p><p>O MINISTRO DE ESTADO DA SAÚDE, no uso das atribuições que lhe conferem os incisos I e II do parágrafo único do art. 87 da Constituição Federal de 1988, e considerando o disposto no §6º do art. 2º, e §2º do art. 4º, da Lei Complementar nº 210, de 25 de novembro de 2024, resolve:</p><p>TÍTULO I</p><p>DAS DISPOSIÇÕES GERAIS</p><p>CAPÍTULO I</p><p>DO OBJETO</p><p>Art. 1º Esta Portaria dispõe sobre projetos, ações estruturantes e prioritárias, de interesse nacional e regional e procedimentos para operacionalização de emendas bancada estadual - RP 7, de comissão permanente do Senado Federal, da Câmara dos Deputados e de Comissão Mista Permanente do Congresso Nacional - RP 8, bem como de superação de impedimentos de ordem técnica, no que couber, em atendimento ao disposto no §12 do art. 166 da Constituição Federal, e no §6º do art. 2º, e §2º do art. 4º, da Lei Complementar nº 210, de 25 de novembro de 2024.</p><p>CAPÍTULO II</p><p>DA INDICAÇÃO E ALTERAÇÃO DE BENEFICIÁRIO</p><p>Art. 2º O Ministério da Saúde disponibilizará o Sistema Ambiente Parlamentar, acessível pela plataforma web no endereço https://ambienteparlamentar.saude.gov.br/, para os coordenadores das bancadas e presidentes de comissões, como ferramenta de gestão e acompanhamento dos recursos alocados no SUS.</p><p>Art. 3º Os coordenadores das bancadas deverão anexar as atas de indicação ou alteração de beneficiário no Ambiente Parlamentar, conforme dispõe o § 2º, do art. 2º, da Lei Complementar nº 210, de 25 de novembro de 2024.</p><p>Art. 4º Os presidentes das comissões deverão anexar as atas de indicação ou alteração de beneficiário no Ambiente Parlamentar, conforme dispõe no inciso II, do art. 5º, da Lei Complementar nº 210, de 25 de novembro de 2024.</p><p>Art. 5º O Ministério da Saúde disponibilizará o Sistema InvestSUS, acessível pelo endereço https://investsus.saude.gov.br/, como ferramenta de monitoramento e gestão para que os órgãos e entidades apresentem propostas, que serão subsequentemente migradas para o Transferegov.</p><p>Art. 6º Os recursos indicados poderão ser destinados:</p><p>I - aos Estados, Distrito Federal e Municípios, para o financiamento de ações e serviços públicos em saúde, por transferência fundo a fundo;</p><p>II - às entidades sem fins lucrativos que complementem a oferta de ações e serviços públicos de saúde que possuam contrato, convênio ou outro instrumento congênere com ente federativo responsável;</p><p>III - às entidades sem fins lucrativos, mencionadas no inciso anterior, por meio de celebração de convênio com o Ministério da Saúde, cujo instrumento se sujeitará à normatização específica;</p><p>IV - aos órgãos ou entidades integrantes do Orçamento Fiscal e da Seguridade Social da União, para execução de ações e serviços públicos de saúde;</p><p>V - diretamente à unidade orçamentária ou unidade gestora da mesma esfera de governo, para execução de ações e serviços públicos de saúde, cujo instrumento é a descentralização de crédito orçamentário por provisão; e</p><p>VI - aos serviços sociais autônomos de interesse coletivo e de utilidade pública, reconhecidos em lei, que possuem contrato gestão com o Ministério da Saúde.</p><p>CAPÍTULO III</p><p>DO PLANO DE TRABALHO</p><p>Art. 7º Para garantir a elegibilidade ao recebimento dos recursos de que trata esta Portaria, o ente federativo deve demonstrar, em conformidade com a decisão proferida pelo Supremo Tribunal Federal em 02/12/2024, no âmbito da Arguição de Descumprimento de Preceito Fundamental nº 854, a convergência de sua proposta com os seguintes requisitos:</p><p>I - compatibilidade com os instrumentos de planejamento do SUS e governamentais, incluindo a compatibilidade com a Lei de Diretrizes Orçamentárias e a Lei Orçamentária Anual da União, buscando assegurar que o atendimento das necessidades de saúde da população esteja em conformidade com os objetivos estabelecidos; e</p><p>II - deverá ser assegurada a coerência entre as propostas apresentadas pelos entes beneficiários das emendas de bancada e comissão e os respectivos Planos de Saúde e Programações Anuais de Saúde - PAS da União e dos entes federativos, de modo a adequar sua articulação com o planejamento estratégico do SUS.</p><p>§ 1º A execução deverá ser devidamente registrada e justificada no Relatório Anual de Gestão - RAG, promovendo a transparência e a prestação de contas.</p><p>§ 2º Para garantir a coerência entre o Plano de Saúde e a PAS do exercício e os objetos das emendas de bancada e comissão, o ente federativo poderá solicitar a adequação do seu planejamento junto às instâncias locais, observando o rito ordinário de aprovação.</p><p>Art. 8º O plano de trabalho é obrigatório para todos os instrumentos relacionados às modalidades de transferências de recursos provenientes de emendas de bancada e comissão previstas nesta portaria, e a execução desses instrumentos está condicionada à apresentação e prévia aprovação pela autoridade administrativa competente.</p><p>§ 1º O plano de trabalho deve ser elaborado pelo proponente e deverá conter, no mínimo, os seguintes elementos:</p><p>I - descrição do objeto;</p><p>II - justificativa;</p><p>III - descrição das metas; e</p><p>IV - indicação da aplicação das despesas.</p><p>§ 2º Quando o objeto do plano de trabalho escolhido for o custeio da Média e Alta Complexidade, vinculado o Cadastro Nacional de Estabelecimentos de Saúde - CNES de entidades sem fins lucrativos, deverá conter metas:</p><p>I - quantitativas, para o pagamento pelos serviços prestados pela entidade que tenham sido previamente autorizados pelo gestor; ou</p><p>II - qualitativas, a serem cumpridas durante a vigência do contrato, como aquelas derivadas do aperfeiçoamento de procedimentos ou de condições de funcionamento das unidades de saúde.</p><p>§ 3º A análise, aprovação e execução dos planos de trabalho relativos às transferências de recursos financeiros devem seguir as seguintes diretrizes:</p><p>I - para recursos de capital ou corrente destinados à execução de obras de construção, ampliação e reformas, observando-se as disposições estabelecidas nos arts. 1.104 a 1.120 da Portaria de Consolidação GM/MS nº 6, de 28 de setembro de 2017, no que couber, além de atender às regras estabelecidas nesta Portaria; e</p><p>II - para recursos correntes destinados ao custeio das ações, observando-se as disposições estabelecidas na Portaria de Consolidação GM/MS nº 6, de 28 de setembro de 2017, no que couber, além de cumprir as regras estabelecidas nesta Portaria.</p><p>§ 4º Qualquer impropriedade ou imprecisão constatada no plano de trabalho será comunicada ao proponente, que deverá saná-la no prazo estabelecido, sendo que a não realização das complementações ou ajustes solicitados, ou sua realização fora dos prazos previstos, poderá caracterizar impedimento de ordem técnica.</p><p>§ 5º A execução financeira das propostas aprovadas está condicionada à apresentação da resolução da Comissão Intergestores Bipartite - CIB e da compatibilidade ou alterações necessárias no Plano de Saúde e na PAS do ente devidamente aprovados.</p><p>CAPÍTULO IV</p><p>DAS CONTAS ESPECÍFICAS</p><p>Art. 9º A abertura de conta corrente específica ocorrerá no Transferegov.br, vinculada aos fundos de saúde estaduais, do Distrito Federal e municipais, observando a inscrição destes no Cadastro Nacional da Pessoa Jurídica - CNPJ.</p><p>Art. 10. A execução dos recursos financeiros deverá ser realizada exclusivamente nas contas correntes específicas vinculadas às programações nas quais foram originalmente transferidos pelo Fundo Nacional de Saúde, em observância ao Decreto nº 7.507, de 27 de junho de 2011.</p><p>Parágrafo único. É vedada a utilização das contas correntes específicas de que trata o caput para movimentações alheias aos recursos de emendas parlamentares oriundos do Orçamento Geral da União.</p><p>Art. 11. Fica vedada a realização de modificação de domicílio bancário das contas específicas abertas para recebimento de recursos de emendas de que trata esta Portaria, sendo inaplicável a estas a disposição do art. 1.122-A, da Portaria de Consolidação GM/MS nº 6, de 28 de setembro de 2017.</p><p>Art. 12. Compete aos Estados, Distrito Federal e aos Municípios zelarem pela boa e regular utilização dos recursos transferidos pela União, que executarem direta ou indiretamente.</p><p>TÍTULO II</p><p>PROGRAMAS E DIRETRIZES PARA A DESTINAÇÃO DE EMENDAS COLETIVAS</p><p>CAPÍTULO I</p><p>DAS EMENDAS DE BANCADA - RP 7</p><p>Art. 13. Constituem ações e serviços públicos estruturantes e prioritários no âmbito do SUS, passíveis de seleção pelos entes beneficiários indicados no momento da apresentação das propostas para a utilização dos recursos de investimentos provenientes de emendas de bancada:</p><p>I - estruturação da rede de serviços da Atenção Primária:</p><p>a) aquisição de veículos para transporte de equipe;</p><p>b) aquisição de veículo de transporte sanitário eletivo;</p><p>c) construção e ampliação de Unidade Básicas de Saúde - UBS;</p><p>d) construção e ampliação de Centro de Especialidades Odontológicas - CEO;</p><p>e) reforma de Unidades Básicas de Saúde - UBS;</p><p>f) aquisição de Unidade Odontológica Móvel - UOM; e</p><p>g) aquisição de equipamentos e materiais permanentes para estruturação da UBS;</p><p>II - estruturação da rede de serviços da Atenção Especializada:</p><p>a) aquisição de veículos para transporte de pacientes no âmbito do SAMU 192, destinados à expansão/ampliação e renovação de frota;</p><p>b) aquisição de veículo de transporte sanitário para linha do cuidado da Política Nacional de Prevenção e Controle de Câncer - PNPCC;</p><p>c) construção de Policlínicas;</p><p>d) construção de Maternidades;</p><p>e) construção de Centro de Atenção Psicossocial - CAPS;</p><p>f) construção de Centros Especializados em Reabilitação - CER;</p><p>g) construção de Centros de Parto Normal - CPN;</p><p>h) construção de Centrais de Regulação das Urgências - CRU;</p><p>i) construção de Oficina Ortopédica;</p><p>j) construção de Unidade Acolhimento - UA;</p><p>k) aquisição de equipamentos para média e alta complexidade na atenção especializada de acordo com as ofertas de cuidado integrado, vinculado ao Programa Agora Tem Especialistas;</p><p>l) investimentos para estruturação da Política Nacional de Prevenção e Controle de Câncer -PNPCC;</p><p>m) investimentos para estruturação dos serviços de urgência e emergência;</p><p>n) aquisição de equipamentos para média e alta complexidade na atenção especializada ao pré-natal, parto e nascimento, vinculada à Rede Alyne; e</p><p>o) aquisição de equipamentos para atenção especializada;</p><p>III - estruturação da rede de serviços da Saúde Indígena:</p><p>a) construção e ampliação de Unidade Básica de Saúde Indígena - UBSI;</p><p>b) construção e ampliação de Módulos Sanitários Domiciliares - MSD; e</p><p>c) construção e ampliação do Sistema de Abastecimento de Água;</p><p>IV - fortalecimento do sistema nacional de vigilância em saúde:</p><p>a) construção e ampliação de Centrais de Rede de Frio - CRF;</p><p>b) reforma de Centrais de Rede Frio - CRF;</p><p>c) aquisição de equipamento e material permanente para a Rede de Frio - CRF;</p><p>d) aquisição de equipamento e material permanente para a Rede Nacional de Laboratórios de Saúde Pública - RNLSP.;</p><p>e) construção e ampliação de laboratórios da Rede Nacional de Laboratórios de Saúde Pública - RNLSP.; e</p><p>f) reforma de laboratórios da Rede Nacional de Laboratórios de Saúde Pública - RNLSP.</p><p>V - estruturação da rede de serviços da Saúde Digital, telessaúde e inovação, em investimentos voltados à aquisição de equipamentos para transformação digital, conectividade e telepropedêutica.</p><p>VI - apoio ao fomento à Pesquisa Científica, Tecnológica e Inovação em Saúde:</p><p>a) aquisição de equipamentos para estruturação e fortalecimento de Núcleos de Evidência (NEv) reconhecidos pela Rede para Políticas Informadas por Evidências - EVIPNet e de Centros de Pesquisa Clínica;</p><p>b) aquisição de equipamentos para média e alta complexidade do Programa Nacional de Genômica e Saúde Pública de Precisão.</p><p>VII - desenvolvimento tecnológico e produtivo, inovação local e modernização de estruturas e processos no âmbito do Complexo Econômico-Industrial da Saúde - CEIS:</p><p>a) projeto vinculado ao Programa para Ampliação e Modernização de Infraestrutura do Complexo Econômico-Industrial da Saúde - PDCEIS, instituído pela Portaria GM/MS nº 2.262, de 8 de dezembro de 2023; e</p><p>b) projeto aprovado no âmbito do Programa de Desenvolvimento e Inovação Local - PDIL, instituído por meio Anexo CIX à Portaria de Consolidação GM/MS nº 5, de 2017.</p><p>VIII - estruturação de programas e de Gestão do Trabalho e da Educação na Saúde, compreendendo:</p><p>a) construção, ampliação e reforma de Escolas de Governo do SUS e unidades congêneres; e</p><p>b) aquisição de equipamentos e tecnologias voltados à formação, capacitação e educação permanente da força de trabalho em saúde.</p><p>Art. 14. Nos termos do §20 do art. 166 da CF, as indicações aos investimentos previstos na alínea "c" do inciso I, nas alíneas "c", "e" e "f" do inciso II, nas alíneas "a" e "c" do inciso III e nos incisos VI e VII do art. 13 poderão destinar o mínimo de 50% do valor do projeto, sendo obrigatória a indicação do valor restante para completar 100% do projeto no ano subsequente, condição que, não sendo verificada, caracterizará impedimento de ordem técnica das emendas em saúde do mesmo autor.</p><p>Art. 15. Para fins de ampliação e expansão de frota, nos termos dispostos no art.13, inciso II, alínea ''a'', desta Portaria, a proposta deverá ser cadastrada, acompanhada dos seguintes documentos:</p><p>I - deliberação CIB, especificando o município, o tipo de unidade (Unidade de Suporte Avançado - USA ou Unidade de Suporte Básico - USB), a quantidade de unidades móveis solicitadas e a qual Central de Regulação das Urgências - CRU estará vinculada; e</p><p>II - termo de compromisso do coordenador da CRU, no qual aceita regular o novo serviço e informa seu respectivo território de abrangência para atendimento;</p><p>III - termo de compromisso com os serviços de emplacamento e seguro dos veículos; e</p><p>IV - detalhamento técnico justificando a necessidade do município em questão de passar a integrar o SAMU 192 Regional, contendo as informações que comprovem a melhoria do tempo-resposta absoluto da região de cobertura da CRU em relação à base descentralizada e o georreferenciamento considerando as distâncias entre base, CRU e serviços de referência.</p><p>Art. 16. Para fins de renovação de frota, conforme análise técnica da Coordenação-Geral de Urgência, a substituição ocorrerá somente para unidades móveis:</p><p>I - regularmente habilitadas pelo Ministério da Saúde e ativas no CNES;</p><p>II - com produção regular registrada no Sistema de Informação Ambulatorial - SIA; e</p><p>III - que não estejam com suspensão de recursos publicada ou processos de suspensão/desabilitação em tramitação para publicação.</p><p>§ 1º Apenas poderão ser renovadas as unidades móveis cujo veículo tenha idade de, no mínimo, cinco anos, contados da habilitação ou da última renovação.</p><p>§ 2º Após aquisição da ambulância, o gestor local fica obrigado a comunicar à Coordenação- Geral de Urgência quanto à atualização do respectivo CNES, sob pena de suspensão do custeio mensal, conforme determinam, respectivamente, os arts. 7º e 16 da Portaria SAS/MS nº 288, de 12 de março de 2018.</p><p>Art. 17. As emendas de bancada de que tratam o art. 13, desta Portaria, deverão onerar as seguintes funcionais programáticas, respectivamente:</p><p>I - 10.301.5119.8581 - Estruturação da Rede de Serviços de Atenção Primária à Saúde, GND 3 (Reforma) e 4, na modalidade de aplicação 31, 41 e 50, apenas à AgSUS;</p><p>II - 10.302.5118.8535 - Estruturação de Unidades de Atenção Especializada em Saúde, GND 4, na modalidade de aplicação 31, 41 e 50, apenas à AgSUS;</p><p>III - 10.423.5122.20YP - Promoção, Proteção e Recuperação da Saúde Indígena ou 10.511.5122.21CJ - Saneamento Básico em Aldeias Indígenas para Prevenção de Doenças e Agravos, GND 4, na modalidade de aplicação 90;</p><p>IV - 10.305.5123.20YJ - Fortalecimento do Sistema Nacional de Vigilância em Saúde e Ambiente, GND 3 (Reforma) e 4, na modalidade de aplicação 31, 41 e 50;</p><p>V - 10.573.5121.21CF - Implantação, Desenvolvimento e Manutenção de Saúde Digital, Telessaúde e Inovação no SUS, GND 4, na modalidade de aplicação 31, 41 e 50;</p><p>VI - 10.571.5120.21BF - Pesquisa, Desenvolvimento Tecnológico e Inovação em Saúde, Saúde, GND 4, na modalidade de aplicação 30, 50 e 90;</p><p>VII - 10.571.5120.21ED - Fortalecimento do Programa Nacional de Genômica e Saúde de Precisão - Genomas Brasil, GND 4, na modalidade de aplicação 30, 50 e 90; e</p><p>VIII - 10.572.5120.20K7 - Apoio ao Desenvolvimento e Modernização de Estruturas Produtivas e Tecnológicas para fortalecimento do Complexo Econômico-Industrial da Saúde, GND 4, na modalidade de aplicação 30, 50 e 90;</p><p>IX - 10.303.5120.8636 - Fortalecimento da Inovação em produtos, serviços tecnológicos e conectividade no Complexo Econômico-Industrial da Saúde, GND 4, na modalidade de aplicação 30, 50 e 90; e</p><p>X - 10.128.5121.20YD - Educação e Trabalho na Saúde, GND 3 (Reforma) e 4, na modalidade de aplicação 31, 41, 50 e 90.</p><p>Art. 18. Constituem ações e serviços públicos estruturantes e prioritárias, no âmbito do SUS, passíveis de seleção pelos entes beneficiários indicados no momento da apresentação das propostas para a utilização dos recursos de custeio provenientes de emendas de bancada:</p><p>I - custeio dos serviços e ações da Atenção Primária à Saúde:</p><p>a) estratégia de busca ativa para vacinação e controle de doenças transmissíveis;</p><p>b) estratégia de rastreamento e controle de condições crônicas;</p><p>c) estratégias para atenção integral à saúde da mulher;</p><p>d) apoio a políticas de atenção ao envelhecimento e à saúde da pessoa idosa; e</p><p>e) políticas de orientação nutricional e combate à fome.</p><p>II - custeio dos serviços de Atenção Especializada à Saúde:</p><p>a) ações do Programa Agora Tem Especialistas;</p><p>b) Rede Alyne;</p><p>c) ações da Política Nacional de Prevenção e Controle de Câncer - PNPCC e Rede de Prevenção e Controle de Câncer - RPCC;</p><p>d) ações de fortalecimento, manutenção e qualificação dos serviços dos Centros de Atenção Psicossocial - CAPS e Unidades de Acolhimento Adulto e Infantil - UAA e UAI, inclusive para temas de álcool e outras drogas e agravos relacionados a jogos e apostas; e</p><p>e) ações de fortalecimento, manutenção e qualificação da rede de cuidado à pessoa com deficiência nos serviços dos Centros Especializados de Reabilitação - CER e Oficinas Ortopédicas.</p><p>III - custeio dos serviços de vigilância em saúde e ambiente para o fortalecimento de ações de preparação às emergências em saúde pública.</p><p>IV - programas de Gestão do Trabalho e da Educação na Saúde:</p><p>a) o provimento e a fixação de especialistas em áreas estratégicas para o Sistema Único de Saúde - SUS, no âmbito do Projeto Mais Especialistas;</p><p>b) o apoio à criação, expansão e consolidação de programas de residência médica e multiprofissional em saúde;</p><p>c) a implementação de ações de educação permanente em saúde voltadas à qualificação e atualização das equipes de saúde e fortalecimento da atuação comunitária no SUS;</p><p>V - custeio dos serviços de para a implantação, desenvolvimento e manutenção de saúde digital, telessaúde e inovação no âmbito do Programa SUS Digital;</p><p>VI - fomento à Pesquisa Científica, Tecnológica em Saúde; e</p><p>VII - fortalecimento do Programa Nacional de Genômica e Saúde Pública de Precisão.</p><p>Art. 19. Para operacionalização do disposto no arts. 13 e 17, o Ministério da Saúde disponibilizará rol dos elementos de custeio e investimentos no sistema InvestSUS, a ser utilizado pelos entes beneficiários das emendas de bancada no momento de apresentação das propostas, garantindo-se maior efetividade na aplicação dos recursos e alinhamento com as diretrizes nacionais de saúde.</p><p>Art. 20. As propostas que não se enquadrarem no rol de ações e serviços públicos estruturantes e prioritárias disposto nos arts. 13 e 17 serão objeto de impedimento de ordem técnica, em conformidade com o art. 10 da Lei Complementar 210 , de 25 de outubro de 2024.</p><p>Art. 21. As emendas de bancada de que tratam o art. 17, deverão onerar as seguintes funcionais programáticas, respectivamente:</p><p>I - 10.301.5119.2E89 - Incremento Temporário ao Custeio dos Serviços de Atenção Primária à Saúde para Cumprimento de Metas, GND 3, na modalidade de aplicação 31, apenas o Distrito Federal, 41 e 50, apenas à AgSUS;</p><p>II - 10.302.5118.2E90 - Incremento Temporário ao Custeio dos Serviços de Assistência Hospitalar e Ambulatorial para Cumprimento de Metas, GND 3, na modalidade de aplicação 31, 41 e 50, apenas à AgSUS;</p><p>III - 10.305.5123.20YJ - Fortalecimento do Sistema Nacional de Vigilância em Saúde e Ambiente, GND 3, na modalidade de aplicação 31, 41, 50 e 90; e</p><p>IV - 10.128.5121.20YD - Educação e Trabalho na Saúde, GND 3, na modalidade de aplicação 31, 41, 50 e 90.</p><p>V - 10.573.5121.21CF - Implantação, Desenvolvimento e Manutenção de Saúde Digital, Telessaúde e Inovação no SUS, GND 4, na modalidade de aplicação 31, 41 e 50;</p><p>VI - 10.571.5120.21BF - Pesquisa, Desenvolvimento Tecnológico e Inovação em Saúde, Saúde, GND 4, na modalidade de aplicação 30, 50 e 90; e</p><p>VII - 10.571.5120.21ED - Fortalecimento do Programa Nacional de Genômica e Saúde de Precisão - Genomas Brasil, GND 4, na modalidade de aplicação 30, 50 e 90.</p><p>Parágrafo único. As emendas de bancada que destinarem recursos à alínea "a" do inciso II do art. 17 poderão também ser oneradas na funcional programática 10.302.5118.6217 - Atenção à Saúde nos Serviços Ambulatoriais e Hospitalares do Ministério da Saúde, GND 3, na modalidade de aplicação 90.</p><p>CAPÍTULO II</p><p>DAS EMENDAS DE COMISSÃO - RP 8</p><p>Art. 22. Constituem ações e serviços públicos de interesse nacional ou regional no âmbito do SUS, passíveis de seleção pelos entes beneficiários indicados no momento da apresentação das propostas para a utilização dos recursos de investimentos provenientes de emendas de comissão:</p><p>I - estruturação da rede de serviços da Atenção Primária:</p><p>a) aquisição de veículos para transporte de equipe e transporte eletivo;</p><p>b) construção e ampliação de Unidade Básica de Saúde - UBS;</p><p>c) construção e ampliação de Centro de Especialidades Odontológicas - CEO;</p><p>d) aquisição de equipamentos e materiais permanentes para estruturação de Unidade Básica de Saúde - UBS;</p><p>e) reforma de Unidade Básicas de Saúde - UBS;</p><p>f) retomada de obras inacabadas conforme disposto na Lei 14.719, de 1º de novembro de 2024 e regulamentado pela Portaria GM/MS nº 3.084, de 12 de janeiro de 2024;</p><p>g) aquisição de Unidade Odontológica Móvel - UOM;</p><p>II - estruturação da rede de serviços da Atenção Especializada:</p><p>a) aquisição de veículos para transporte de pacientes no âmbito do SAMU 192, destinados à expansão/ampliação e renovação de frota;</p><p>b) aquisição de veículo de transporte sanitário para linha do cuidado da Política Nacional de Prevenção e Controle de Câncer - PNPCC;</p><p>c) construção de Policlínicas;</p><p>d) construção de Maternidades;</p><p>e) construção de Centro de Atenção Psicossocial - CAPS;</p><p>f) construção de Centro Especializado em Reabilitação - CER;</p><p>g) construção de Centro de Parto Normal - CPN;</p><p>h) construção de Centrais de Regulação das Urgências - CRU;</p><p>i) construção de Oficina Ortopédica;</p><p>j) construção de Unidade de Acolhimento - UA;</p><p>k) aquisição de equipamentos para média e alta complexidade na atenção especializada de acordo com as ofertas de cuidado integrado, vinculado ao Programa Agora Tem Especialistas;</p><p>l) investimentos para estruturação Política Nacional de Prevenção e Controle de Câncer - PNPCC;</p><p>m) investimentos para estruturação dos serviços de urgência e emergência;</p><p>n) aquisição de equipamentos para média e alta complexidade na atenção especializada ao pré-natal, parto e nascimento, vinculada à Rede Alyne;</p><p>o) aquisição de equipamentos para atenção especializada;</p><p>p) aquisição de unidade móvel de saúde especializada; e</p><p>q) retomada de obras inacabadas conforme disposto na Lei 14.719, de 1º de novembro de 2024 e regulamentado pela Portaria GM/MS nº 3.084, de 12 de janeiro de 2024;</p><p>III - estruturação da rede de serviços da Saúde Indígena:</p><p>a) aquisição de veículos para transporte de equipe;</p><p>b) construção e alojamento para Equipes Multidisciplinares de Saúde Indígena - EMSI; e</p><p>c) aquisição de equipamento e material permanente;</p><p>IV - fortalecimento do Sistema Nacional de Vigilância em Saúde:</p><p>a) aquisição de equipamento e material permanente para arboviroses;</p><p>b) aquisição de equipamento e material permanente para a Rede Nacional de Laboratórios de Saúde Pública - RNLSP;</p><p>c) construção e ampliação de laboratórios da Rede Nacional de Laboratórios de Saúde Pública - RNLSP.</p><p>V - estruturação da rede de serviços da saúde digital, telessaúde e inovação, em investimentos voltados à aquisição de equipamentos para transformação digital, conectividade e telepropedêutica.</p><p>VI - desenvolvimento tecnológico e produtivo, inovação local e modernização de estruturas e processos no âmbito do Complexo Econômico-Industrial da Saúde - CEIS:</p><p>a) projeto vinculado ao Programa para Ampliação e Modernização de Infraestrutura do Complexo Econômico-Industrial da Saúde - PDCEIS, instituído pela Portaria GM/MS nº 2.262, de 8 de dezembro de 2023; e</p><p>b) projeto aprovado no âmbito do Programa de Desenvolvimento e Inovação Local - PDIL, instituído por meio Anexo CIX à Portaria de Consolidação GM/MS nº 5, de 2017.</p><p>VII - estruturação de programas e de gestão do trabalho e da educação na saúde:</p><p>a) construção, ampliação e reforma de Escolas de Governo do SUS e unidades congêneres;</p><p>b) aquisição de equipamentos e tecnologias voltados à formação, capacitação e educação permanente da força de trabalho em saúde.</p><p>Art. 23. O autor de emenda poderá indicar o valor mínimo de 50% dos recursos para os empreendimentos previstos na alínea "b" do inciso I, nas alíneas "c", "e" e "f" do inciso II e nos incisos V e VI do art. 22, sendo obrigatória a indicação do valor restante para completar 100% do projeto no ano subsequente, condição que, não sendo verificada, caracterizará impedimento de ordem técnica das emendas em saúde do mesmo autor, nos termos do inciso XXII do art. 10 da Lei Complementar 210 , de 25 de outubro de 2024, e art. 45 da Lei Complementar 101, de 04 de maio de 2000.</p><p>Art. 24. Para fins de ampliação e expansão de frota, nos termos dispostos no art. 22, inciso II, a proposta deverá ser cadastrada, e acompanhada dos seguintes documentos:</p><p>I - deliberação CIB, especificando o município, tipo de unidade (USA ou USB), a quantidade de unidades móveis solicitadas e a qual CRU estará vinculada;</p><p>II - termo de compromisso do coordenador da CRU, no qual aceita regular o novo serviço e informa seu respectivo território de abrangência para atendimento;</p><p>III - termo de compromisso com os serviços de emplacamento e seguro dos veículos; e</p><p>IV - detalhamento técnico justificando a necessidade do município em questão de passar a integrar o SAMU 192 Regional, contendo as informações que comprovem a melhoria do tempo-resposta absoluto da região de cobertura da CRU em relação à base descentralizada e o georreferenciamento considerando as distâncias entre base, CRU e serviços de referência.</p><p>Art. 25. Para fins de renovação de frota, conforme análise técnica da Coordenação-Geral de Urgência, a substituição ocorrerá somente para unidades móveis:</p><p>I - regularmente habilitadas pelo Ministério da Saúde e ativas no CNES;</p><p>II - com produção regular registrada no SIA-SUS; e</p><p>III - que não estejam com suspensão de recursos publicada ou processos de suspensão/desabilitação em tramitação para publicação.</p><p>§ 1º Apenas poderão ser renovadas as unidades móveis cujo veículo tenha idade de, no mínimo, cinco anos, contados da habilitação ou da última renovação.</p><p>§ 2º Após aquisição da ambulância, o gestor local fica obrigado a comunicar à Coordenação- Geral de Urgência quanto à atualização do respectivo CNES, sob pena de suspensão do custeio mensal, conforme determinam, respectivamente, os art. 7 e 16 da Portaria SAS/MS nº 288, de 12 de março de 2018.</p><p>Art. 26. As emendas de comissão de que tratam o art. 23, deverão onerar as seguintes funcionais programáticas, respectivamente:</p><p>I - 10.301.5119.8581 - Estruturação da Rede de Serviços de Atenção Primária à Saúde, GND 3 e 4, na modalidade de aplicação 31, 41 e 50, apenas à AgSUS;</p><p>II - 10.302.5118.8535 - Estruturação de Unidades de Atenção Especializada em Saúde, GND 3 e 4, na modalidade de aplicação 31, 41 e 50, apenas à AgSUS;</p><p>III - 10.423.5122.20YP - Promoção, Proteção e Recuperação da Saúde Indígena ou 10.511.5122.21CJ - Saneamento Básico em Aldeias Indígenas para Prevenção de Doenças e Agravos, GND 4, na modalidade de aplicação 90;</p><p>IV - 10.305.5123.20YJ - Fortalecimento do Sistema Nacional de Vigilância em Saúde e Ambiente, GND 4, na modalidade de aplicação 31 e 41; e</p><p>V - 10.573.5121.21CF - Implantação, Desenvolvimento e Manutenção de Saúde Digital, Telessaúde e Inovação no SUS, GND 4, na modalidade de aplicação 31, 41 e 50.</p><p>VI - 10.571.5120.21ED - Fortalecimento do Programa Nacional de Genômica e Saúde de Precisão - Genomas Brasil, GND 4, na modalidade de aplicação 30, 50 e 90.</p><p>VII - 10.128.5121.20YD - Educação e Trabalho na Saúde, GND 3, na modalidade de aplicação 31, 41, 50 e 90.</p><p>Art. 27. Constituem ações e serviços públicos de interesse nacional ou regional no âmbito do SUS, passíveis de seleção pelos entes beneficiários indicados no momento da apresentação das propostas para a utilização dos recursos de custeio provenientes de emendas de comissão:</p><p>I - custeio dos serviços e ações da Atenção Primária à Saúde:</p><p>a) estratégia saúde da família;</p><p>b) Programa Brasil Sorridente;</p><p>c) estratégia de busca ativa para vacinação para controle de doenças transmissíveis;</p><p>d) estratégia de rastreamento das doenças crônicas;</p><p>e) implantação de instrumentos e dispositivos de Navegação do Cuidado;</p><p>f) apoio a políticas de atenção ao envelhecimento e à saúde da pessoa idosa; e</p><p>g) políticas de orientação nutricional e combate à fome.</p><p>h) estratégias para atenção integral à saúde da mulher; e</p><p>II - custeio dos serviços de Atenção Especializada à Saúde:</p><p>a) ações do Programa Agora Tem Especialistas;</p><p>b) Rede Alyne;</p><p>c) ações da Política Nacional de Prevenção e Controle de Câncer - PNPCC e Rede de Prevenção e Controle de Câncer - RPCC;</p><p>d) ações de fortalecimento, manutenção e qualificação dos serviços dos Centros de Atenção Psicossocial - CAPS e Unidades de Acolhimento Adulto e Infantil - UAA e UAI, inclusive para temas de álcool e outras drogas e agravos relacionados a jogos e apostas; e</p><p>e) ações de fortalecimento, manutenção e qualificação da rede de cuidado à pessoa com deficiência nos serviços dos Centros Especializados de Reabilitação - CER e Oficinas Ortopédicas.</p><p>III - custeio dos serviços de vigilância em saúde e ambiente para o fortalecimento de ações de preparação às emergências em saúde pública;</p><p>IV - custeio dos serviços de para a implantação, desenvolvimento e manutenção de saúde digital, telessaúde e inovação no âmbito do Programa SUS Digital.</p><p>Parágrafo único. O Ministério da Saúde disponibilizará, no portal do Fundo Nacional de Saúde, as opções de serviços e ações passíveis de seleção para cada ente a ser beneficiado pelas emendas de comissão.</p><p>Art. 28. As propostas que não se enquadrarem no rol de ações e serviços públicos de interesse regional ou nacional disposto nos arts. 22 e 26 serão objeto de impedimento de ordem técnica, em conformidade com o estabelecido no art. 10 da Lei Complementar 210 , de 25 de outubro de 2024</p><p>Art. 29. As emendas de comissão de que tratam o art. 26, deverão onerar as seguintes funcionais programáticas, respectivamente:</p><p>I - 10.301.5119.2E89 - Incremento Temporário ao Custeio dos Serviços de Atenção Primária à Saúde para Cumprimento de Metas, GND 3, na modalidade de aplicação 31, apenas o Distrito Federal, 41 e 50, apenas à AgSUS; e</p><p>II - 10.302.5118.2E90 - Incremento Temporário ao Custeio dos Serviços de Assistência Hospitalar e Ambulatorial para Cumprimento de Metas, GND 3, na modalidade de aplicação 31, 41 e 50, apenas à AgSUS;</p><p>III - 10.305.5123.20YJ - Fortalecimento do Sistema Nacional de Vigilância em Saúde e Ambiente, GND 3, na modalidade de aplicação 31 e 41; e</p><p>IV - 10.573.5121.21CF - Implantação, Desenvolvimento e Manutenção de Saúde Digital, Telessaúde e Inovação no SUS, GND 4, na modalidade de aplicação 31, 41 e 50.</p><p>Parágrafo único. As emendas de bancada que destinarem recursos à alínea "a" do inciso II do art. 26 poderão também ser oneradas nas seguintes funcionais programáticas:</p><p>I - 10.302.5118.6217 - Atenção à Saúde nos Serviços Ambulatoriais e Hospitalares do Ministério da Saúde, GND 3, na modalidade de aplicação 90;</p><p>II - 10.573.5121.21CF - Implantação, Desenvolvimento e Manutenção de Saúde Digital, Telessaúde e Inovação no SUS, GND 4, na modalidade de aplicação 31, 41 e 50.</p><p>CAPÍTULO III</p><p>DOS LIMITES DE TRANSFERÊNCIA DE RECURSOS DE CUSTEIO</p><p>Art. 30. Os recursos destinados às ações previstas no inciso I do art. 17 e no inciso I do art. 26 devem seguir as diretrizes estabelecidas na Política Nacional da Atenção Básica.</p><p>Parágrafo único. Os recursos financeiros destinados às ações previstas no caput serão limitados, cumulativamente, a até 100% (cem por cento) do montante anual de referência do Piso da Atenção Primária, destinado às ações e serviços públicos de saúde no grupo de Atenção Primária, no exercício vigente.</p><p>Art. 31. Os recursos destinados às ações previstas no inciso II do art. 17 e no inciso II do art. 26 devem seguir as diretrizes estabelecidas na Política Nacional de Atenção Especializada em Saúde.</p><p>§ 1º Os recursos destinados às ações previstas no caput serão limitados, cumulativamente, a até 100% (cem por cento) do Teto MAC destinado às ações e serviços públicos de saúde no grupo de Atenção da Média e Alta Complexidade Ambulatorial e Hospitalar, no exercício vigente, com os seguintes aditivos:</p><p>I - os Estados, Distrito Federal e Municípios que apresentaram produção na modalidade de financiamento Fundo de Ações Estratégicas e Compensação - FAEC, terão o acréscimo do total de sua produção ao teto de que trata o §1º;</p><p>II - os Estados e Municípios pertencentes à Amazônia Legal terão um acréscimo de 30% (trinta por cento) ao teto de que trata o §1º; e</p><p>III - os Estados e Municípios que possuem Indicador de Vulnerabilidade Social - IVS maior que 0,3, e que tiverem capacidade instalada na média e alta complexidade terão um acréscimo de 20% (vinte por cento) ao teto de que trata o §1º.</p><p>§ 2º Os recursos de que trata este artigo poderão ser compartilhados entre os prestadores apontados como executores das ações.</p><p>TÍTULO III</p><p>DAS DISPOSIÇÕES FINAIS</p><p>Art. 32. Para cumprir o dever de transparência, a entidade privada sem fins lucrativos deverá garantir a publicação dos valores recebidos e aplicados oriundos de emendas bancada e comissão a partir de 2020, por meio de divulgação na internet, podendo utilizar planilha extraída do painel gerencial Transferegov.br.</p><p>Parágrafo único. A entidade privada sem fins lucrativos deverá informar ao órgão transferidor de recursos o endereço na internet para acesso às informações de que trata o caput.</p><p>Art. 33. A execução orçamentária e financeira das emendas de comissão poderá priorizar as indicações destinadas a entes em situação de emergência em saúde pública.</p><p>Art. 34. Os projetos de investimentos das ações estruturantes e prioritárias ou de interesse nacional e regional, serão internalizados no Obrasgov.br pelo Ministério da Saúde através do Sistema de Monitoramento de Obras - SISMOB.</p><p>Art. 35. É vedada a aglutinação de emendas de bancada ou comissão na apresentação das propostas cujas naturezas de despesas sejam outras despesas correntes.</p><p>Art. 36. As definições constantes desta Portaria não trazem prejuízo aos procedimentos e prazos para alterações orçamentárias previstos em normativos do Ministério do Planejamento e Orçamento.</p><p>Art. 37. A responsabilidade pela comprovação da aplicação dos recursos repassados é do gestor local e será realizada por meio do RAG, que deve ser elaborado anualmente e submetido ao respectivo Conselho de Saúde, nos termos dos art. 1147 e art. 1148, da Portaria de Consolidação GM/MS nº 6, de 28 de setembro de 2017, sem prejuízo de outras formas de controle realizadas pelo Ministério da Saúde.</p><p>Art. 38. É vedado o repasse de recursos de emendas de bancada e comissão para entidades com fins lucrativos.</p><p>Art. 39. A responsabilidade pela integridade da informação e pela veracidade dos dados encaminhados para a Base Nacional dos SIA, SIH e Sistema de Comunicação de Informação Ambulatorial e Hospitalar - CIHA é dos respectivos gestores de saúde.</p><p>Parágrafo único. A constatação de incorreções, inconsistências, impropriedades ou discrepâncias relativas à produção adequada e de fato executada de procedimentos/atendimentos, ante as informações lançadas nos SIA e SIH, devidamente apuradas, configurará impedimento de ordem técnica à obrigatoriedade da execução orçamentária e financeira da emenda parlamentar.</p><p>Art. 40 Para a execução das emendas de bancada e comissão, os entes federativos deverão seguir rigorosamente a classificação das fontes ou destinação de recursos instituídas pelas Secretaria do Tesouro Nacional.</p><p>Art. 41. Esta Portaria entra em vigor na data de sua publicação.</p><p class="assina">ALEXANDRE ROCHA SANTOS PADILHA</p>]]></Texto>
  </body>
  <Midias />
</article></xml>