﻿<xml><article id="45708109" name="_PORT_NORMATIVA_RET_144_Aprova R" idOficio="11312637" pubName="DO1" artType="Portaria" pubDate="01/10/2025" artClass="00025:00084:00045:00000:00000:00000:00000:00000:00000:00000:00054:00000" artCategory="Ministério da Educação/Instituto Federal de Educação, Ciência e Tecnologia de São Paulo/Pró-Reitoria de Planejamento e Desenvolvimento Institucional" artSize="24" artNotes="" numberPage="55" pdfPage="http://pesquisa.in.gov.br/imprensa/jsp/visualiza/index.jsp?data=01/10/2025&amp;jornal=515&amp;pagina=55" editionNumber="187" highlightType="" highlightPriority="" highlight="" highlightimage="" highlightimagename="" idMateria="23155005">
  <body>
    <Identifica><![CDATA[ PORTARIA NORMATIVA Nº 144 IFSP, DE 25 DE SETEMBRO DE 2025]]></Identifica>
    <Data><![CDATA[]]></Data>
    <Ementa><![CDATA[ Aprova o Regimento Geral da Reitoria e dos campi do Instituto Federal de Educação, Ciência e Tecnologia de São Paulo - IFSP. Revoga a Portaria Normativa IFSP Nº 143, de 19 de setembro de 2025.]]></Ementa>
    <Titulo />
    <SubTitulo />
    <Texto><![CDATA[<p class="identifica">PORTARIA NORMATIVA Nº 144 IFSP, DE 25 DE SETEMBRO DE 2025</p><p class="ementa">Aprova o Regimento Geral da Reitoria e dos campi do Instituto Federal de Educação, Ciência e Tecnologia de São Paulo - IFSP. Revoga a Portaria Normativa IFSP Nº 143, de 19 de setembro de 2025.</p><p>O REITOR DO INSTITUTO FEDERAL DE EDUCAÇÃO, CIÊNCIA E TECNOLOGIA DE SÃO PAULO, no uso de suas atribuições legais, conferidas pelo Decreto de 5 de abril de 2021, publicado no Diário Oficial da União, de 6 de abril de 2021, seção 2, página 1 e considerando o que consta no Processo Suap nº 23305.020917.2025-68, resolve:</p><p>Art. 1º Aprovar o Regimento Geral da Reitoria e dos campi do Instituto Federal de Educação, Ciência e Tecnologia de São Paulo - IFSP, na forma dos anexos abaixo elencados, em seus links:</p><p /><p></p><table><tr /><tr><td rowspan="1" colspan="1"><p>ANEXO</p></td><td rowspan="1" colspan="1"><p>REGIMENTO</p></td><td rowspan="1" colspan="1"><p>TIPOLOGIA</p></td><td rowspan="1" colspan="1"><p>LINK</p></td></tr><tr><td rowspan="1" colspan="1"><p>I</p></td><td rowspan="1" colspan="1"><p>Reitoria do IFSP</p></td><td rowspan="1" colspan="1"><p>Reitoria de 25 ou mais<em>campi</em></p></td><td rowspan="1" colspan="1"><p>https://tinyurl.com/Reitoria13</p></td></tr><tr><td rowspan="1" colspan="1"><p>II</p></td><td rowspan="1" colspan="1"><p>Pró-Reitoria de Planejamento e Desenvolvimento</p><p>Institucional</p></td><td rowspan="1" colspan="1" /><td rowspan="1" colspan="1"><p>https://tinyurl.com/IFSPprd8</p></td></tr><tr><td rowspan="1" colspan="1"><p>III</p></td><td rowspan="1" colspan="1"><p>Pró-Reitoria de Administração</p></td><td rowspan="1" colspan="1" /><td rowspan="1" colspan="1"><p>https://tinyurl.com/ifspPRA5</p></td></tr><tr><td rowspan="1" colspan="1"><p>IV</p></td><td rowspan="1" colspan="1"><p>Pró-Reitoria de Ensino e Políticas Estudantis</p></td><td rowspan="1" colspan="1" /><td rowspan="1" colspan="1"><p>https://tinyurl.com/ifspPRE5</p></td></tr><tr><td rowspan="1" colspan="1"><p>V</p></td><td rowspan="1" colspan="1"><p>Pró-Reitoria de Extensão e Cultura</p></td><td rowspan="1" colspan="1" /><td rowspan="1" colspan="1"><p>https://tinyurl.com/ifspPRX1</p></td></tr><tr><td rowspan="1" colspan="1"><p>VI</p></td><td rowspan="1" colspan="1"><p>Pró-Reitoria de Pesquisa e Pós-Graduação</p></td><td rowspan="1" colspan="1" /><td rowspan="1" colspan="1"><p>https://tinyurl.com/ifspPRP4</p></td></tr><tr><td rowspan="1" colspan="1"><p>VII</p></td><td rowspan="1" colspan="1"><p>Campus Avançado Ilha Solteira</p></td><td rowspan="1" colspan="1"><p>IF Campus Avançado 20/13</p></td><td rowspan="1" colspan="1"><p>https://tinyurl.com/ifspIST</p></td></tr><tr><td rowspan="1" colspan="1"><p>VIII</p></td><td rowspan="1" colspan="1"><p>Campus Jundiaí</p></td><td rowspan="1" colspan="1"><p>IF Campus 40/26</p></td><td rowspan="1" colspan="1"><p>https://tinyurl.com/ifspJND1</p></td></tr><tr><td rowspan="1" colspan="1"><p>IX</p></td><td rowspan="1" colspan="1"><p>Campus São Miguel Paulista</p></td><td rowspan="1" colspan="1" /><td rowspan="1" colspan="1"><p>https://tinyurl.com/ifspSMP1</p></td></tr><tr><td rowspan="1" colspan="1"><p>X</p></td><td rowspan="1" colspan="1"><p>Campus Avançado Tupã</p></td><td rowspan="1" colspan="1"><p>IF Campus Avançado 20/13</p></td><td rowspan="1" colspan="1"><p>https://tinyurl.com/ifspTUP</p></td></tr><tr><td rowspan="1" colspan="1"><p>XI</p></td><td rowspan="1" colspan="1"><p>Campus Cubatão</p></td><td rowspan="1" colspan="1"><p>IF Campus - 90/60</p></td><td rowspan="1" colspan="1"><p>https://tinyurl.com/ifspCBT</p></td></tr><tr><td rowspan="1" colspan="1"><p>XII</p></td><td rowspan="1" colspan="1"><p>Campus Sertãozinho</p></td><td rowspan="1" colspan="1"><p>IF Campus - 90/60</p></td><td rowspan="1" colspan="1"><p>https://tinyurl.com/ifspSRT1</p></td></tr><tr><td rowspan="1" colspan="1"><p>XIII</p></td><td rowspan="1" colspan="1"><p>Campus São Paulo</p></td><td rowspan="1" colspan="1"><p>IF Campus - 350/200</p></td><td rowspan="1" colspan="1"><p>https://tinyurl.com/ifspSPO2</p></td></tr><tr><td rowspan="1" colspan="1"><p>XIV</p></td><td rowspan="1" colspan="1"><p>Campus Araraquara, Avaré, Barretos, Birigui, Boituva, Bragança Paulista, Campinas, Campos do Jordão, Capivari, Caraguatatuba, Catanduva,</p></td><td rowspan="1" colspan="1"><p>IF Campus - 70/45</p></td><td rowspan="1" colspan="1"><p>https://tinyurl.com/IFSP45-70</p></td></tr><tr><td rowspan="1" colspan="1" /><td rowspan="1" colspan="1"><p>Guarulhos, Hortolândia, Itapetininga, Itaquaquecetuba Jacareí, Matão, Piracicaba, Presidente Epitácio, Registro, Salto, São Carlos,</p></td><td rowspan="1" colspan="1" /><td rowspan="1" colspan="1" /></tr><tr><td rowspan="1" colspan="1" /><td rowspan="1" colspan="1"><p>São João da Boa Vista, São José dos Campos, São José do Rio Preto, Pirituba, São Roque, Sorocaba, Suzano e Votuporanga</p></td><td rowspan="1" colspan="1" /><td rowspan="1" colspan="1" /></tr><tr><td rowspan="1" colspan="1"><p>XV</p></td><td rowspan="1" colspan="1"><p>Polo de Inovação de Matão</p></td><td rowspan="1" colspan="1"><p>IF Polo de Inovação</p></td><td rowspan="1" colspan="1"><p>https://bit.ly/3AwYStO</p></td></tr><tr><td rowspan="1" colspan="1"><p>XVI</p></td><td rowspan="1" colspan="1"><p>Campus Bauru</p></td><td rowspan="1" colspan="1"><p>IF Campus 40/26</p></td><td rowspan="1" colspan="1"><p>https://tinyurl.com/ifspbauru</p></td></tr><tr><td rowspan="1" colspan="1"><p>XVII</p></td><td rowspan="1" colspan="1"><p>Campus Miracatu</p></td><td rowspan="1" colspan="1"><p>IF Campus 40/26</p></td><td rowspan="1" colspan="1"><p>https://tinyurl.com/Miracatu2</p></td></tr><tr><td rowspan="1" colspan="1"><p>XVIII</p></td><td rowspan="1" colspan="1"><p>Campus Presidente Prudente</p></td><td rowspan="1" colspan="1"><p>IF Campus 40/26</p></td><td rowspan="1" colspan="1"><p>https://tinyurl.com/ifspprudente2</p></td></tr><tr><td rowspan="1" colspan="1"><p>XIX</p></td><td rowspan="1" colspan="1"><p>Campus Rio Claro</p></td><td rowspan="1" colspan="1"><p>IF Campus 40/26</p></td><td rowspan="1" colspan="1"><p>https://tinyurl.com/ifsprioclaro3</p></td></tr></table><p>Art. 2º Revogar a Portaria Normativa RET/IFSP nº 143, de 19 de setembro de 2025.</p><p>Art. 3º Esta Portaria Normativa entra em vigor a partir de 01 de outubro de 2025.</p><p class="assina">Silmário Batista dos Santos</p>]]></Texto>
  </body>
  <Midias />
</article></xml>