﻿<xml><article id="45715260" name="PORTARIA NA 668 - 30.09.2025" idOficio="11315767" pubName="DO1" artType="Portaria" pubDate="01/10/2025" artClass="00025:00046:00000:00000:00000:00000:00000:00000:00000:00000:00054:00000" artCategory="Ministério da Educação/Secretaria de Regulação e Supervisão da Educação Superior" artSize="24" artNotes="" numberPage="38" pdfPage="http://pesquisa.in.gov.br/imprensa/jsp/visualiza/index.jsp?data=01/10/2025&amp;jornal=515&amp;pagina=38" editionNumber="187" highlightType="" highlightPriority="" highlight="" highlightimage="" highlightimagename="" idMateria="23160691">
  <body>
    <Identifica><![CDATA[ PORTARIA SERES/MEC Nº 668, DE 30 de setembro de 2025]]></Identifica>
    <Data><![CDATA[]]></Data>
    <Ementa />
    <Titulo />
    <SubTitulo />
    <Texto><![CDATA[<p class="identifica">PORTARIA SERES/MEC Nº 668, DE 30 de setembro de 2025</p><p>A SECRETÁRIA DE REGULAÇÃO E SUPERVISÃO DA EDUCAÇÃO SUPERIOR, no uso da atribuição que lhe confere o Decreto n° 11.691, de 5 de setembro de 2023, e tendo em vista o Decreto n° 9.235, de 15 de dezembro de 2017, e as Portarias Normativas MEC n° 20 e nº 23, de 21 de dezembro de 2017, republicadas em 3 de setembro de 2018, bem como a Instrução Normativa SERES nº 1, de 17 de setembro de 2018, e considerando o disposto nos processos e-MEC listados na planilha anexa, resolve:</p><p>Art. 1º Ficam autorizados os cursos superiores de graduação constantes da tabela do Anexo desta Portaria, solicitados pelas Instituições de Educação Superior citadas, nos termos do disposto no art. 10 do Decreto nº 9.235, de 2017.</p><p>Parágrafo único. As autorizações a que se refere esta Portaria são válidas exclusivamente para os cursos ministrados nos endereços citados na tabela constante do Anexo desta Portaria.</p><p>Art. 2º As instituições citadas na tabela constante do Anexo desta Portaria deverão protocolar pedido de reconhecimento dos respectivos cursos, nos termos do disposto no art. 46 do Decreto nº 9.235, de 2017.</p><p>Art. 3º Esta Portaria entra em vigor na data de sua publicação.</p><p class="assina">MARTA ABRAMO</p><p>ANEXO (Autorização de Cursos)</p><p /><p></p><table><tr /><tr><td rowspan="1" colspan="1"><p>Nº de Ordem</p></td><td rowspan="1" colspan="1"><p>Registro e-MEC nº</p></td><td rowspan="1" colspan="1"><p>Curso</p></td><td rowspan="1" colspan="1"><p>Nº de vagas totais anuais</p></td><td rowspan="1" colspan="1"><p>Mantida</p></td><td rowspan="1" colspan="1"><p>Mantenedora</p></td><td rowspan="1" colspan="1"><p>Endereço de funcionamento do curso</p></td></tr><tr><td rowspan="1" colspan="1"><p>1</p></td><td rowspan="1" colspan="1"><p>202417268</p></td><td rowspan="1" colspan="1"><p>DIREITO (Bacharelado)</p></td><td rowspan="1" colspan="1"><p>100 (cem)</p></td><td rowspan="1" colspan="1"><p>AFYA FACULDADE DE CIÊNCIAS MÉDICAS DE ITABUNA</p></td><td rowspan="1" colspan="1"><p>INSTITUTO EDUCACIONAL SANTO AGOSTINHO S.A.</p></td><td rowspan="1" colspan="1"><p>AVENIDA IBICARAÍ, 3270, ATUAL AVENIDA JOSÉ SOARES PINHEIRO, NOVA ITABUNA, ITABUNA/BA</p></td></tr><tr><td rowspan="1" colspan="1"><p>2</p></td><td rowspan="1" colspan="1"><p>202416169</p></td><td rowspan="1" colspan="1"><p>ENFERMAGEM (Bacharelado)</p></td><td rowspan="1" colspan="1"><p>120 (cento e vinte)</p></td><td rowspan="1" colspan="1"><p>AFYA FACULDADE DE CIÊNCIAS MÉDICAS DE PALMAS</p></td><td rowspan="1" colspan="1"><p>ITPAC INSTITUTO TOCANTINENSE PRESIDENTE ANTONIO CARLOS S.A</p></td><td rowspan="1" colspan="1"><p>AV. NS 01 LT 03 ACSU SO 70, S/N, SEDE, PLANO DIRETOR SUL, PALMAS/TO</p></td></tr><tr><td rowspan="1" colspan="1"><p>3</p></td><td rowspan="1" colspan="1"><p>202416032</p></td><td rowspan="1" colspan="1"><p>DIREITO (Bacharelado)</p></td><td rowspan="1" colspan="1"><p>200 (duzentas)</p></td><td rowspan="1" colspan="1"><p>CENTRO UNIVERSITÁRIO FAEP</p></td><td rowspan="1" colspan="1"><p>INSTITUTO NACIONAL DE ESPECIALIZACAO, EDUCACAO E QUALIFICACAO PROFISSIONAL - INEEQ</p></td><td rowspan="1" colspan="1"><p>RUA CORDEIRO DE SILVA, 165 - 185, UNIDADE SEDE, PARADA DE TAIPAS, SÃO PAULO/SP</p></td></tr><tr><td rowspan="1" colspan="1"><p>4</p></td><td rowspan="1" colspan="1"><p>202416160</p></td><td rowspan="1" colspan="1"><p>PEDAGOGIA (Licenciatura)</p></td><td rowspan="1" colspan="1"><p>150 (cento e cinquenta)</p></td><td rowspan="1" colspan="1"><p>FACULDADE APRENDIZ</p></td><td rowspan="1" colspan="1"><p>ENSINO PROFISSIONALIZANTE LTDA</p></td><td rowspan="1" colspan="1"><p>RUA NORMA STEFANI, 108, IBIAPABA, BARBACENA/MG</p></td></tr><tr><td rowspan="1" colspan="1"><p>5</p></td><td rowspan="1" colspan="1"><p>202417041</p></td><td rowspan="1" colspan="1"><p>ANÁLISE E DESENVOLVIMENTO DE SISTEMAS (Tecnológico)</p></td><td rowspan="1" colspan="1"><p>100 (cem)</p></td><td rowspan="1" colspan="1"><p>FACULDADE COSMOPOLITA</p></td><td rowspan="1" colspan="1"><p>FACULDADES BRASIL INTELIGENTE S/S LTDA</p></td><td rowspan="1" colspan="1"><p>AVENIDA TAVARES BASTOS, 1313, MARAMBAIA, BELÉM/PA</p></td></tr><tr><td rowspan="1" colspan="1"><p>6</p></td><td rowspan="1" colspan="1"><p>202401794</p></td><td rowspan="1" colspan="1"><p>MEDICINA VETERINÁRIA (Bacharelado)</p></td><td rowspan="1" colspan="1"><p>90 (noventa)</p></td><td rowspan="1" colspan="1"><p>FACULDADE CTA</p></td><td rowspan="1" colspan="1"><p>ACADEMY CENTRO DE TREINAMENTO EM ANATOMIA E ATENDIMENTO ODONTOLOGICO LTDA.</p></td><td rowspan="1" colspan="1"><p>RUA ANTÔNIO MARCONDES, 285, SEDE, VILA DOM PEDRO I, SÃO PAULO/SP</p></td></tr><tr><td rowspan="1" colspan="1"><p>7</p></td><td rowspan="1" colspan="1"><p>202416990</p></td><td rowspan="1" colspan="1"><p>GESTÃO HOSPITALAR (Tecnológico)</p></td><td rowspan="1" colspan="1"><p>120 (cento e vinte)</p></td><td rowspan="1" colspan="1"><p>FACULDADE CTA DE NOVA LIMA</p></td><td rowspan="1" colspan="1"><p>ACADEMY CENTRO DE TREINAMENTO EM ANATOMIA E ATENDIMENTO ODONTOLOGICO LTDA.</p></td><td rowspan="1" colspan="1"><p>RODOVIA RODOVIA JANUÁRIO CARNEIRO, 9339, SALAS (501, 502, 503, 602, 603, 604, 605 E 606), VILA DA SERRA, NOVA LIMA/MG</p></td></tr><tr><td rowspan="1" colspan="1"><p>8</p></td><td rowspan="1" colspan="1"><p>202335784</p></td><td rowspan="1" colspan="1"><p>ENFERMAGEM (Bacharelado)</p></td><td rowspan="1" colspan="1"><p>80 (oitenta)</p></td><td rowspan="1" colspan="1"><p>FACULDADE DE DESENVOLVIMENTO DO NORTE</p></td><td rowspan="1" colspan="1"><p>FACULDADE DE DESENVOLVIMENTO DO NORTE - FADENORTE LTDA</p></td><td rowspan="1" colspan="1"><p>RUA TURIBIO MENDONÇA, 550, JARDIM GRAZIELA, JARDIM GRAZIELA, SÃO FRANCISCO/MG</p></td></tr><tr><td rowspan="1" colspan="1"><p>9</p></td><td rowspan="1" colspan="1"><p>202335785</p></td><td rowspan="1" colspan="1"><p>PSICOLOGIA (Bacharelado)</p></td><td rowspan="1" colspan="1"><p>80 (oitenta)</p></td><td rowspan="1" colspan="1"><p>FACULDADE DE DESENVOLVIMENTO DO NORTE</p></td><td rowspan="1" colspan="1"><p>FACULDADE DE DESENVOLVIMENTO DO NORTE - FADENORTE LTDA</p></td><td rowspan="1" colspan="1"><p>RUA TURIBIO MENDONÇA, 550, JARDIM GRAZIELA, JARDIM GRAZIELA, SÃO FRANCISCO/MG</p></td></tr><tr><td rowspan="1" colspan="1"><p>10</p></td><td rowspan="1" colspan="1"><p>202417289</p></td><td rowspan="1" colspan="1"><p>MEDICINA VETERINÁRIA (Bacharelado)</p></td><td rowspan="1" colspan="1"><p>120 (cento e vinte)</p></td><td rowspan="1" colspan="1"><p>FACULDADE DE GESTÃO E INOVAÇÃO</p></td><td rowspan="1" colspan="1"><p>CENTRO EDUCACIONAL INOVA MAIS LTDA</p></td><td rowspan="1" colspan="1"><p>AV. PROF. EDVAN ASSIS MELO, 1075, CENTRO, JATAÍ/GO</p></td></tr><tr><td rowspan="1" colspan="1"><p>11</p></td><td rowspan="1" colspan="1"><p>202416458</p></td><td rowspan="1" colspan="1"><p>PSICOLOGIA (Bacharelado)</p></td><td rowspan="1" colspan="1"><p>200 (duzentas)</p></td><td rowspan="1" colspan="1"><p>FACULDADE DOS PALMARES</p></td><td rowspan="1" colspan="1"><p>REDE FLORENCE DE ENSINO LTDA</p></td><td rowspan="1" colspan="1"><p>RODOVIA BR 101, KM 188, S/N, FACULDADE DOS PALMARES - FAP, JAPARANDUBA, PALMARES/PE</p></td></tr><tr><td rowspan="1" colspan="1"><p>12</p></td><td rowspan="1" colspan="1"><p>202415872</p></td><td rowspan="1" colspan="1"><p>NUTRIÇÃO (Bacharelado)</p></td><td rowspan="1" colspan="1"><p>100 (cem)</p></td><td rowspan="1" colspan="1"><p>FACULDADE ESTÁCIO DE SÁ DE OURINHOS</p></td><td rowspan="1" colspan="1"><p>SOCIEDADE DE ENSINO SUPERIOR ESTACIO DE SA LTDA</p></td><td rowspan="1" colspan="1"><p>AVENIDA LUIZ SALDANHA RODRIGUES, S/N, QUADRA C1-A , NOVA OURINHOS, OURINHOS/SP</p></td></tr><tr><td rowspan="1" colspan="1"><p>13</p></td><td rowspan="1" colspan="1"><p>202416267</p></td><td rowspan="1" colspan="1"><p>DIREITO (Bacharelado)</p></td><td rowspan="1" colspan="1"><p>100 (cem)</p></td><td rowspan="1" colspan="1"><p>FACULDADE M-EDUCAR</p></td><td rowspan="1" colspan="1"><p>INSTITUTO MELO DE EDUCACAO LTDA</p></td><td rowspan="1" colspan="1"><p>RUA SÃO JOSÉ, 131, SEDE, CAROBA, CROATÁ/CE</p></td></tr><tr><td rowspan="1" colspan="1"><p>14</p></td><td rowspan="1" colspan="1"><p>202403228</p></td><td rowspan="1" colspan="1"><p>ENGENHARIA DE COMPUTAÇÃO (Bacharelado)</p></td><td rowspan="1" colspan="1"><p>100 (cem)</p></td><td rowspan="1" colspan="1"><p>FACULDADE MULTIVIX DE CACHOEIRO</p></td><td rowspan="1" colspan="1"><p>MULTIVIX CACHOEIRO ENSINO, PESQUISA E EXTENSAO LTDA</p></td><td rowspan="1" colspan="1"><p>RODOVIA ENGENHEIRO FABIANO VIVACQUA, 2531, CACHOEIRO DE ITAPEMIRIM, MONTE BELO, CACHOEIRO DE ITAPEMIRIM/ES</p></td></tr><tr><td rowspan="1" colspan="1"><p>15</p></td><td rowspan="1" colspan="1"><p>202402741</p></td><td rowspan="1" colspan="1"><p>ENFERMAGEM (Bacharelado)</p></td><td rowspan="1" colspan="1"><p>50 (cinquenta)</p></td><td rowspan="1" colspan="1"><p>FACULDADES FAMEP - UNIDADE URUÇUI - PI</p></td><td rowspan="1" colspan="1"><p>SOCIEDADE EDUCACIONAL FAMEP LTDA - ME</p></td><td rowspan="1" colspan="1"><p>RUA ANÍSIO DE ABREU, 150, CENTRO, URUÇUÍ/PI</p></td></tr><tr><td rowspan="1" colspan="1"><p>16</p></td><td rowspan="1" colspan="1"><p>202416510</p></td><td rowspan="1" colspan="1"><p>PSICOLOGIA (Bacharelado)</p></td><td rowspan="1" colspan="1"><p>120 (cento e vinte)</p></td><td rowspan="1" colspan="1"><p>FACULDADE UNIFAEL CURITIBA</p></td><td rowspan="1" colspan="1"><p>SER EDUCACIONAL S.A.</p></td><td rowspan="1" colspan="1"><p>AVENIDA SETE DE SETEMBRO, 2775, SHOPPING, REBOUÇAS, CURITIBA/PR</p></td></tr><tr><td rowspan="1" colspan="1"><p>17</p></td><td rowspan="1" colspan="1"><p>202416485</p></td><td rowspan="1" colspan="1"><p>ANÁLISE E DESENVOLVIMENTO DE SISTEMAS (Tecnológico)</p></td><td rowspan="1" colspan="1"><p>120 (cento e vinte)</p></td><td rowspan="1" colspan="1"><p>FACULDADE UNINASSAU PETROLINA</p></td><td rowspan="1" colspan="1"><p>SER EDUCACIONAL S.A.</p></td><td rowspan="1" colspan="1"><p>AVENIDA CARDOSO DE SÁ, 950, ÁREA 3 B, LOTE A, CID. UNIVERSITÁRIA., VILA EDUARDO, PETROLINA/PE</p></td></tr><tr><td rowspan="1" colspan="1"><p>18</p></td><td rowspan="1" colspan="1"><p>202403683</p></td><td rowspan="1" colspan="1"><p>ENFERMAGEM (Bacharelado)</p></td><td rowspan="1" colspan="1"><p>100 (cem)</p></td><td rowspan="1" colspan="1"><p>FACULDADE VALE DOS CARAJÁS</p></td><td rowspan="1" colspan="1"><p>CENTRO DE ENSINO SUPERIOR VALE DOS CARAJAS LTDA</p></td><td rowspan="1" colspan="1"><p>RODOVIA PA 160, S/N, UNIDADE SEDE - ENDEREÇO NOVO, CIDADE JARDIM, PARAUAPEBAS/PA</p></td></tr><tr><td rowspan="1" colspan="1"><p>19</p></td><td rowspan="1" colspan="1"><p>202416574</p></td><td rowspan="1" colspan="1"><p>FARMÁCIA (Bacharelado)</p></td><td rowspan="1" colspan="1"><p>100 (cem)</p></td><td rowspan="1" colspan="1"><p>INSTITUTO SUPERIOR DA CONVENÇÃO NAC. DAS ASSEMBLEIAS DE DEUS</p></td><td rowspan="1" colspan="1"><p>CONVENCAO NAC ASS DE DEUS NO BRASIL MINIST MADUREIRA</p></td><td rowspan="1" colspan="1"><p>QUADRA SEPS 710/910, LT 33,34, BLOCO B, ASA SUL, BRASÍLIA/DF</p></td></tr><tr><td rowspan="1" colspan="1"><p>20</p></td><td rowspan="1" colspan="1"><p>202403239</p></td><td rowspan="1" colspan="1"><p>DESIGN DE INTERIORES (Bacharelado)</p></td><td rowspan="1" colspan="1"><p>100 (cem)</p></td><td rowspan="1" colspan="1"><p>ISTITUTO EUROPEO DI DESIGN</p></td><td rowspan="1" colspan="1"><p>ISTITUTO EUROPEO DI DESIGN - SAO PAULO (IED-SAO PAULO)</p></td><td rowspan="1" colspan="1"><p>R. MARANHÃO, 617, HIGIENÓPOLIS, SÃO PAULO/SP</p></td></tr><tr><td rowspan="1" colspan="1"><p>21</p></td><td rowspan="1" colspan="1"><p>202416513</p></td><td rowspan="1" colspan="1"><p>MEDICINA VETERINÁRIA (Bacharelado)</p></td><td rowspan="1" colspan="1"><p>90 (noventa)</p></td><td rowspan="1" colspan="1"><p>UNAMA FACULDADE DA AMAZÔNIA DE RIO BRANCO</p></td><td rowspan="1" colspan="1"><p>SER EDUCACIONAL S.A.</p></td><td rowspan="1" colspan="1"><p>SHOPPING VIA VERDE, 2320, ESTRADA DA FLORESTA , FLORESTA SUL, RIO BRANCO/AC</p></td></tr><tr><td rowspan="1" colspan="1"><p>22</p></td><td rowspan="1" colspan="1"><p>202403079</p></td><td rowspan="1" colspan="1"><p>FONOAUDIOLOGIA (Bacharelado)</p></td><td rowspan="1" colspan="1"><p>240 (duzentas e quarenta)</p></td><td rowspan="1" colspan="1"><p>UNIVERSIDADE DA AMAZÔNIA</p></td><td rowspan="1" colspan="1"><p>INSTITUTO CAMPINENSE DE ENSINO SUPERIOR LTDA</p></td><td rowspan="1" colspan="1"><p>QUADRA QUINZE, FOLHA 30 - LOTE 10 - SHOPPING , NOVA MARABÁ, MARABÁ/PA</p></td></tr><tr><td rowspan="1" colspan="1"><p>23</p></td><td rowspan="1" colspan="1"><p>202403076</p></td><td rowspan="1" colspan="1"><p>MEDICINA VETERINÁRIA (Bacharelado)</p></td><td rowspan="1" colspan="1"><p>240 (duzentas e quarenta)</p></td><td rowspan="1" colspan="1"><p>UNIVERSIDADE DA AMAZÔNIA</p></td><td rowspan="1" colspan="1"><p>INSTITUTO CAMPINENSE DE ENSINO SUPERIOR LTDA</p></td><td rowspan="1" colspan="1"><p>QUADRA QUINZE, FOLHA 30 - LOTE 10 - SHOPPING , NOVA MARABÁ, MARABÁ/PA</p></td></tr><tr><td rowspan="1" colspan="1"><p>24</p></td><td rowspan="1" colspan="1"><p>202403078</p></td><td rowspan="1" colspan="1"><p>TERAPIA OCUPACIONAL (Bacharelado)</p></td><td rowspan="1" colspan="1"><p>240 (duzentas e quarenta)</p></td><td rowspan="1" colspan="1"><p>UNIVERSIDADE DA AMAZÔNIA</p></td><td rowspan="1" colspan="1"><p>INSTITUTO CAMPINENSE DE ENSINO SUPERIOR LTDA</p></td><td rowspan="1" colspan="1"><p>QUADRA QUINZE, FOLHA 30 - LOTE 10 - SHOPPING , NOVA MARABÁ, MARABÁ/PA</p></td></tr></table>]]></Texto>
  </body>
  <Midias />
</article></xml>