﻿<xml><article id="45722918" name="Res_Desp_2.902_2025_STR" idOficio="11317154" pubName="DO1" artType="Despacho" pubDate="01/10/2025" artClass="00035:00043:00045:00000:00000:00000:00000:00000:00000:00000:00024:00000" artCategory="Ministério de Minas e Energia/Agência Nacional de Energia Elétrica/Superintendência de Gestão Tarifária e Regulação Econômica" artSize="12" artNotes="" numberPage="93" pdfPage="http://pesquisa.in.gov.br/imprensa/jsp/visualiza/index.jsp?data=01/10/2025&amp;jornal=515&amp;pagina=93" editionNumber="187" highlightType="" highlightPriority="" highlight="" highlightimage="" highlightimagename="" idMateria="23163570">
  <body>
    <Identifica><![CDATA[ DESPACHO Nº 2.902, DE 24 DE SETEMBRO DE 2025]]></Identifica>
    <Data><![CDATA[]]></Data>
    <Ementa />
    <Titulo />
    <SubTitulo />
    <Texto><![CDATA[<p class="identifica">DESPACHO Nº 2.902, DE 24 DE SETEMBRO DE 2025</p><p>Processo nº: 48500.904294/2022-58. Interessado: Consumidores de Energia Elétrica, distribuidora Energisa Tocantins Distribuidora de Energia S.A (ETO) e outros. Decisão: Incluir a tabela 3.c no Anexo do Despacho nº 776, de 21 de março de 2025. A íntegra deste Despacho (e seus anexos) consta dos autos e está disponível em biblioteca.aneel.gov.br.</p><p class="assina">DENIS PEREZ JANNUZZI</p><p class="cargo">Superintendente Adjunto</p>]]></Texto>
  </body>
  <Midias />
</article></xml>