﻿<xml><article id="45714799" name="Desp-1327_2025" idOficio="11315660" pubName="DO1" artType="Despacho" pubDate="01/10/2025" artClass="00035:00045:00003:00001:00000:00000:00000:00000:00000:00000:00024:00000" artCategory="Ministério de Minas e Energia/Agência Nacional do Petróleo, Gás Natural e Biocombustíveis/Superintendência de Biocombustíveis e Qualidade de Produtos/Centro de Pesquisas e Análises Tecnológicas" artSize="24" artNotes="" numberPage="107" pdfPage="http://pesquisa.in.gov.br/imprensa/jsp/visualiza/index.jsp?data=01/10/2025&amp;jornal=515&amp;pagina=107" editionNumber="187" highlightType="" highlightPriority="" highlight="" highlightimage="" highlightimagename="" idMateria="23160578">
  <body>
    <Identifica><![CDATA[ DESPACHO CPT-SBQ-ANP Nº 1.327, DE 30 DE SETEMBRO DE 2025]]></Identifica>
    <Data><![CDATA[]]></Data>
    <Ementa />
    <Titulo />
    <SubTitulo />
    <Texto><![CDATA[<p class="identifica">DESPACHO CPT-SBQ-ANP Nº 1.327, DE 30 DE SETEMBRO DE 2025</p><p>O CHEFE DE NÚCLEO do CENTRO DE PESQUISAS E ANÁLISES TECNOLÓGICAS da AGÊNCIA NACIONAL DO PETRÓLEO, GÁS NATURAL E BIOCOMBUSTÍVEIS - ANP, no uso das atribuições que lhe foram conferidas pela Portaria nº 265, de 10 de setembro de 2020, com base no disposto no artigo 11, incisos III, IV e V da Resolução ANP nº 804, de 20 de dezembro de 2019, torna público o cancelamento dos registros indicados abaixo, pertencentes ao detentor CARLUBRE LUBRIFICANTES LTDA , CNPJ nº 10.526.832/0001-08, pelas razões constantes do Processo Administrativo ANP 48600.202163/2025-59.</p><p /><p></p><table><tr /><tr><td rowspan="1" colspan="1"><p>REGISTRO</p></td><td rowspan="1" colspan="1"><p>PROCESSO</p></td><td rowspan="1" colspan="1"><p>ANO</p></td><td rowspan="1" colspan="1"><p>MARCA COMERCIAL</p></td><td rowspan="1" colspan="1"><p>DETENTOR</p></td><td rowspan="1" colspan="1"><p>PRODUTOR</p></td><td rowspan="1" colspan="1"><p>GRAU SAE</p></td><td rowspan="1" colspan="1"><p>NÍVEL DE DESEMPENHO</p></td></tr><tr><td rowspan="1" colspan="1"><p>22233</p></td><td rowspan="1" colspan="1"><p>48600.202637/2023-09</p></td><td rowspan="1" colspan="1"><p>2023</p></td><td rowspan="1" colspan="1"><p>RMO SN</p></td><td rowspan="1" colspan="1"><p>CARLUBRE LUBRIFICANTES LTDA</p></td><td rowspan="1" colspan="1"><p>SYNTHETIC LUBRIFICANTES ESPECIAIS EIRELLI EPP</p></td><td rowspan="1" colspan="1"><p>10W30</p></td><td rowspan="1" colspan="1"><p>API SN/RC, API SN.</p></td></tr><tr><td rowspan="1" colspan="1"><p>22319</p></td><td rowspan="1" colspan="1"><p>48600.200062/2024-62</p></td><td rowspan="1" colspan="1"><p>2024</p></td><td rowspan="1" colspan="1"><p>RMO SYN</p></td><td rowspan="1" colspan="1"><p>CARLUBRE LUBRIFICANTES LTDA</p></td><td rowspan="1" colspan="1"><p>SYNTHETIC LUBRIFICANTES ESPECIAIS EIRELLI EPP</p></td><td rowspan="1" colspan="1"><p>10W40</p></td><td rowspan="1" colspan="1"><p>API SN.</p></td></tr><tr><td rowspan="1" colspan="1"><p>22319</p></td><td rowspan="1" colspan="1"><p>48600.203894/2023-50</p></td><td rowspan="1" colspan="1"><p>2023</p></td><td rowspan="1" colspan="1"><p>RMO SYN</p></td><td rowspan="1" colspan="1"><p>CARLUBRE LUBRIFICANTES LTDA</p></td><td rowspan="1" colspan="1"><p>SYNTHETIC LUBRIFICANTES ESPECIAIS EIRELLI EPP</p></td><td rowspan="1" colspan="1"><p>0W20</p></td><td rowspan="1" colspan="1"><p>API SN-PLUS, API SN/RC, API SN, ILSAC GF-5.</p></td></tr><tr><td rowspan="1" colspan="1"><p>22322</p></td><td rowspan="1" colspan="1"><p>48600.203398/2023-04</p></td><td rowspan="1" colspan="1"><p>2023</p></td><td rowspan="1" colspan="1"><p>RMO DEXRON VI</p></td><td rowspan="1" colspan="1"><p>CARLUBRE LUBRIFICANTES LTDA</p></td><td rowspan="1" colspan="1"><p>SYNTHETIC LUBRIFICANTES ESPECIAIS EIRELLI EPP</p></td><td rowspan="1" colspan="1"><p>N.A.</p></td><td rowspan="1" colspan="1"><p>DEXRON VI.</p></td></tr><tr><td rowspan="1" colspan="1"><p>22421</p></td><td rowspan="1" colspan="1"><p>48600.204686/2023-78</p></td><td rowspan="1" colspan="1"><p>2023</p></td><td rowspan="1" colspan="1"><p>RMO EP</p></td><td rowspan="1" colspan="1"><p>CARLUBRE LUBRIFICANTES LTDA</p></td><td rowspan="1" colspan="1"><p>SYNTHETIC LUBRIFICANTES ESPECIAIS EIRELLI EPP</p></td><td rowspan="1" colspan="1"><p>80W</p></td><td rowspan="1" colspan="1"><p>API GL-4.</p></td></tr><tr><td rowspan="1" colspan="1"><p>22559</p></td><td rowspan="1" colspan="1"><p>48600.200273/2024-03</p></td><td rowspan="1" colspan="1"><p>2024</p></td><td rowspan="1" colspan="1"><p>RMO SYN 5W40 SN</p></td><td rowspan="1" colspan="1"><p>CARLUBRE LUBRIFICANTES LTDA</p></td><td rowspan="1" colspan="1"><p>SYNTHETIC LUBRIFICANTES ESPECIAIS EIRELLI EPP</p></td><td rowspan="1" colspan="1"><p>5W40</p></td><td rowspan="1" colspan="1"><p>API SN PLUS, API SN.</p></td></tr><tr><td rowspan="1" colspan="1"><p>22573</p></td><td rowspan="1" colspan="1"><p>48600.200598/2024-88</p></td><td rowspan="1" colspan="1"><p>2024</p></td><td rowspan="1" colspan="1"><p>RMO EPS</p></td><td rowspan="1" colspan="1"><p>CARLUBRE LUBRIFICANTES LTDA</p></td><td rowspan="1" colspan="1"><p>SYNTHETIC LUBRIFICANTES ESPECIAIS EIRELLI EPP</p></td><td rowspan="1" colspan="1"><p>90</p></td><td rowspan="1" colspan="1"><p>API GL-5.</p></td></tr></table><p>ALEX RODRIGUES BRITO DE MEDEIROS</p>]]></Texto>
  </body>
  <Midias />
</article></xml>