﻿<xml><article id="45713069" name="SC8RFDISIT8015" idOficio="11315405" pubName="DO1" artType="Solução de Consulta" pubDate="01/10/2025" artClass="00028:00032:00435:00100:00054:00000:00000:00000:00000:00000:00067:00000" artCategory="Ministério da Fazenda/Secretaria Especial da Receita Federal do Brasil/Secretaria-Adjunta/Superintendência Regional da Receita Federal do Brasil 8ª Região Fiscal/Divisão de Tributação" artSize="12" artNotes="" numberPage="73" pdfPage="http://pesquisa.in.gov.br/imprensa/jsp/visualiza/index.jsp?data=01/10/2025&amp;jornal=515&amp;pagina=73" editionNumber="187" highlightType="" highlightPriority="" highlight="" highlightimage="" highlightimagename="" idMateria="23160040">
  <body>
    <Identifica><![CDATA[ SOLUÇÃO DE CONSULTA Nº 8.015, DE 17 DE SETEMBRO DE 2025]]></Identifica>
    <Data><![CDATA[]]></Data>
    <Ementa />
    <Titulo />
    <SubTitulo />
    <Texto><![CDATA[<p class="identifica">SOLUÇÃO DE CONSULTA Nº 8.015, DE 17 DE SETEMBRO DE 2025</p><p>Assunto: Imposto sobre a Renda de Pessoa Físicas-IRPF</p><p>RENDIMENTOS DO TRABALHO ASSALARIADO. SERVIDOR PÚBLICO MUNICIPAL. REMUNERAÇÃO PAGA A AGENTES FISCAIS MUNICIPAIS VINCULADA A METAS DE ARRECADAÇÃO.</p><p>A parcela remuneratória paga pelo Município a seus agentes fiscais, vinculada a metas de arrecadação de impostos municipais, constitui rendimento tributável pelo imposto sobre a renda, não obstante a lei que criou esse benefício lhe atribua natureza indenizatória. Esses rendimentos sujeitam-se à incidência do imposto na fonte, mediante a aplicação da tabela progressiva mensal, e na Declaração de Ajuste Anual.</p><p>SOLUÇÃO DE CONSULTA VINCULADA À SOLUÇÃO DE CONSULTA COSIT Nº 92, DE 29 DE JULHO DE 2020.</p><p>Dispositivos legais: Lei nº 5.172, de 25 de outubro de 1966 - Código Tributário Nacional (CTN), arts. 43, 113, § 1º, e 114; Lei nº 7.713, de 22 de dezembro de 1988, arts. 2º, 3º, § 1º, e 7º, inciso I, e § 1º; Lei nº 9.250, de 26 de dezembro de 1995, arts. 7º, caput, e 8º, inciso I; Lei nº 11.482, de 31 de maio de 2007, art. 1º; Regulamento do Imposto sobre a Renda (RIR/2018), aprovado pelo Decreto nº 9.580, de 22 de novembro de 2018, arts. 33, 34, 35, 677, 681 e 775; Instrução Normativa RFB nº 2.058, de 9 de dezembro de 2021, art. 34.</p><p>Assunto: Normas de Administração Tributária</p><p>CONSULTA SOBRE INTERPRETAÇÃO DA LEGISLAÇÃO TRIBUTÁRIA. REQUISITOS.</p><p>É ineficaz a consulta formulada que não identifique o dispositivo da legislação tributária e aduaneira sobre cuja aplicação haja dúvida.</p><p>É ineficaz a consulta formulada sobre matéria estranha à legislação tributária e aduaneira.</p><p>É ineficaz a consulta formulada com o objetivo de obter a prestação de assessoria jurídica ou contábil-fiscal por parte da RFB.</p><p>Dispositivos Legais: Instrução Normativa RFB nº 2.058, de 9 de dezembro 2021, art. 27, incisos II, XIII e XIV.</p><p class="assina">EDUARDO NEWMAN DE MATTERA GOMES</p><p class="cargo">Chefe da Disit/SRRF08</p>]]></Texto>
  </body>
  <Midias />
</article></xml>