﻿<xml><article id="45720692" name="ADE1ALFPONTAPORA1" idOficio="11316821" pubName="DO1" artType="Ato Declaratório" pubDate="01/10/2025" artClass="00028:00032:00435:00093:00004:00000:00000:00000:00000:00000:00007:00000" artCategory="Ministério da Fazenda/Secretaria Especial da Receita Federal do Brasil/Secretaria-Adjunta/Superintendência Regional da Receita Federal do Brasil 1ª Região Fiscal/Alfândega da Receita Federal do Brasil em Ponta Porã" artSize="12" artNotes="" numberPage="72" pdfPage="http://pesquisa.in.gov.br/imprensa/jsp/visualiza/index.jsp?data=01/10/2025&amp;jornal=515&amp;pagina=72" editionNumber="187" highlightType="" highlightPriority="" highlight="" highlightimage="" highlightimagename="" idMateria="23163014">
  <body>
    <Identifica><![CDATA[ ATO DECLARATÓRIO EXECUTIVO ALF/PPA Nº 1, DE 30 DE SETEMBRO DE 2025]]></Identifica>
    <Data><![CDATA[]]></Data>
    <Ementa><![CDATA[ Prorroga a autorização de entrada ou a saída de bens, precedentes do exterior ou a ele destinado, em local de fronteira, na margem brasileira do rio Paraguai, que servirá de apoio ao canteiro de obras da ponte que ligará as cidades de Porto Murtinho/BR a Carmelo Peralta/PY.]]></Ementa>
    <Titulo />
    <SubTitulo />
    <Texto><![CDATA[<p class="identifica">ATO DECLARATÓRIO EXECUTIVO ALF/PPA Nº 1, DE 30 DE SETEMBRO DE 2025</p><p class="ementa">Prorroga a autorização de entrada ou a saída de bens, precedentes do exterior ou a ele destinado, em local de fronteira, na margem brasileira do rio Paraguai, que servirá de apoio ao canteiro de obras da ponte que ligará as cidades de Porto Murtinho/BR a Carmelo Peralta/PY.</p><p>O DELEGADO DA ALFÂNDEGA DA RECEITA FEDERAL DO BRASIL EM PONTA PORA/MS, no uso da atribuição que lhe confere o inciso III do art. 360 do Regimento Interno da Secretaria da Receita Federal do Brasil, aprovado pela Portaria ME nº 284, de 27 de julho de 2020, tendo em vista o disposto na Portaria RFB nº 143, de 11 de fevereiro de 2022, Instrução Normativa RFB nº 2.123, de 16 de dezembro de 2022, e o que consta do processo nº 10265.515335/2022-94, resolve:</p><p>Art. 1° Prorrogar o prazo previsto no artigo 2º do Ato Declaratório Executivo ALF/PPA N °1, de 28 de fevereiro de 2024, que passa a vigorar com a seguinte redação:</p><p>"Art. 2° A presente autorização será concedida em caráter precário com vigência até 31 de dezembro de 2026, prazo final estimado de conclusão das obras de construção da ponte."</p><p>Art. 3° Este Ato Declaratório Executivo entra em vigor na data de sua publicação no Diário Oficial da União.</p><p class="assina">José Ricardo Moreira</p>]]></Texto>
  </body>
  <Midias />
</article></xml>