﻿<xml><article id="45725642" name="PORT 1355 2025 DDP HOMOLOGA NRF " idOficio="11317420" pubName="DO1" artType="Portaria" pubDate="01/10/2025" artClass="00025:00128:00012:00006:00000:00000:00000:00000:00000:00000:00054:00000" artCategory="Ministério da Educação/Universidade Federal de Santa Catarina/Pró-Reitoria de Desenvolvimento e Gestão de Pessoas/Departamento de Desenvolvimento de Pessoas" artSize="12" artNotes="" numberPage="56" pdfPage="http://pesquisa.in.gov.br/imprensa/jsp/visualiza/index.jsp?data=01/10/2025&amp;jornal=515&amp;pagina=56" editionNumber="187" highlightType="" highlightPriority="" highlight="" highlightimage="" highlightimagename="" idMateria="23164108">
  <body>
    <Identifica><![CDATA[ PORTARIA Nº 1.355/2025/DDP, de 30 de setembro de 2025]]></Identifica>
    <Data><![CDATA[]]></Data>
    <Ementa />
    <Titulo />
    <SubTitulo />
    <Texto><![CDATA[<p class="identifica">PORTARIA Nº 1.355/2025/DDP, de 30 de setembro de 2025</p><p>O Diretor do Departamento de Desenvolvimento de Pessoas da Universidade Federal de Santa Catarina, no uso de suas atribuições e tendo em vista o que consta do processo nº 23080.033907/2025-74, resolve:</p><p>Art. 1º Homologar o resultado do Processo Seletivo Simplificado do Departamento de Enfermagem - NFR/CCS, instituído pelo Edital nº 034/2025/DDP, de 01 de agosto de 2025, publicado no Diário Oficial da União nº 145, Seção 3, de 04/08/2025.</p><p>Campo de conhecimento: Enfermagem / Enfermagem Médico-Cirúrgica.</p><p>Regime de Trabalho: 40 (quarenta) horas semanais.</p><p>Nº de Vagas: 01 (uma), sendo esta, preferencialmente, reservada para pessoas candidatas negras, conforme o item 2 do edital.</p><p>Lista Geral:</p><p /><p></p><table><tr /><tr><td rowspan="1" colspan="1"><p>Classificação</p></td><td rowspan="1" colspan="1"><p>Pessoa Candidata</p></td><td rowspan="1" colspan="1"><p>Média final</p></td></tr><tr><td rowspan="1" colspan="1"><p>1º</p></td><td rowspan="1" colspan="1"><p>Priscila Juceli Romanoski</p></td><td rowspan="1" colspan="1"><p>9,95</p></td></tr><tr><td rowspan="1" colspan="1"><p>2º</p></td><td rowspan="1" colspan="1"><p>Elisson Gonçalves da Silva</p></td><td rowspan="1" colspan="1"><p>8,89</p></td></tr></table><p>Lista de Pessoas Candidatas Indígenas:</p><p /><p></p><table><tr /><tr><td rowspan="1" colspan="1"><p>Classificação</p></td><td rowspan="1" colspan="1"><p>Pessoa Candidata</p></td><td rowspan="1" colspan="1"><p>Média final</p></td></tr><tr><td rowspan="1" colspan="1"><p>1º</p></td><td rowspan="1" colspan="1"><p>Elisson Gonçalves da Silva</p></td><td rowspan="1" colspan="1"><p>8,89</p></td></tr></table><p>Lista de Pessoas Candidatas Negras:</p><p>NÃO HOUVE PESSOA CANDIDATA INSCRITA.</p><p>Art. 2º Esta portaria entra em vigor na data de sua publicação no Diário Oficial da União.</p><p class="assina">GUILHERME FORTKAMP DA SILVEIRA</p>]]></Texto>
  </body>
  <Midias />
</article></xml>