﻿<xml><article id="45726553" name="Portaria 4427" idOficio="11317584" pubName="DO1" artType="Portaria" pubDate="01/10/2025" artClass="00016:00001:00000:00000:00000:00000:00000:00000:00000:00000:00054:00000" artCategory="Ministério da Defesa/Gabinete do Ministro" artSize="24" artNotes="" numberPage="29" pdfPage="http://pesquisa.in.gov.br/imprensa/jsp/visualiza/index.jsp?data=01/10/2025&amp;jornal=515&amp;pagina=29" editionNumber="187" highlightType="" highlightPriority="" highlight="" highlightimage="" highlightimagename="" idMateria="23164356">
  <body>
    <Identifica><![CDATA[ PORTARIA GM-MD Nº 4.427, de 30 de setembro de 2025]]></Identifica>
    <Data><![CDATA[]]></Data>
    <Ementa><![CDATA[ Altera o anexo da Portaria n° 2.641/MD, de 8 de outubro de 2014.]]></Ementa>
    <Titulo />
    <SubTitulo />
    <Texto><![CDATA[<p class="identifica">PORTARIA GM-MD Nº 4.427, de 30 de setembro de 2025</p><p class="ementa">Altera o anexo da Portaria n° 2.641/MD, de 8 de outubro de 2014.</p><p>O MINISTRO DE ESTADO DA DEFESA, no uso da atribuição que lhe confere o art. 87, parágrafo único, inciso IV, da Constituição Federal, considerando o disposto no Decreto n° 7.970, de 28 de março de 2013, na Portaria GM-MD nº 6.173, de 22 de dezembro de 2022, na Portaria GM-MD nº 3.693, de 2 de agosto de 2024, e o que consta do processo administrativo n° 60014.000026/2025-97, resolve:</p><p>Art.1° O anexo da Portaria n° <sup></sup> 2.641/MD, de 8 de outubro de 2014, passa a vigorar acrescido dos Produtos de Defesa (Prode) constantes na tabela abaixo:</p><p>46 <sup>a</sup> Reunião Deliberativa da Comissão Mista da Indústria de Defesa</p><p /><p></p><table><tr /><tr><td rowspan="1" colspan="1"><p>Nº DE</p><p>ORDEM</p></td><td rowspan="1" colspan="1"><p>NOME EMPRESARIAL/CNPJ</p></td><td rowspan="1" colspan="1"><p>PRODUTO</p></td></tr><tr><td rowspan="1" colspan="1"><p>1</p></td><td rowspan="1" colspan="1"><p>CHUBB SEGUROS BRASIL S.A.</p><p>03.502.099/0001-18</p></td><td rowspan="1" colspan="1"><p>SEGURO DE CRÉDITO PARA A BID</p></td></tr><tr><td rowspan="1" colspan="1"><p>2</p></td><td rowspan="1" colspan="1"><p>CHUBB SEGUROS BRASIL S.A.</p><p>03.502.099/0001-18</p></td><td rowspan="1" colspan="1"><p>SEGURO GARANTIA PARA A BID</p></td></tr><tr><td rowspan="1" colspan="1"><p>3</p></td><td rowspan="1" colspan="1"><p>INDÚSTRIA BRASILEIRA DE MUNIÇÕES S.A</p><p>27.410.880/0001-20</p></td><td rowspan="1" colspan="1"><p>PÓLVORA STANDARD</p></td></tr></table><p>Art. 2° Esta Portaria entra em vigor na data de sua publicação.</p><p class="assina">JOSÉ MUCIO MONTEIRO FILHO</p>]]></Texto>
  </body>
  <Midias />
</article></xml>