﻿<xml><article id="45725269" name="Acordao 644" idOficio="11317378" pubName="DO1" artType="Acórdão" pubDate="01/10/2025" artClass="00041:00020:00000:00000:00000:00000:00000:00000:00000:00000:00002:00000" artCategory="Ministério de Portos e Aeroportos/Agência Nacional de Transportes Aquaviários" artSize="12" artNotes="" numberPage="205" pdfPage="http://pesquisa.in.gov.br/imprensa/jsp/visualiza/index.jsp?data=01/10/2025&amp;jornal=515&amp;pagina=205" editionNumber="187" highlightType="" highlightPriority="" highlight="" highlightimage="" highlightimagename="" idMateria="23163869">
  <body>
    <Identifica><![CDATA[ ACÓRDÃO Nº 644-2025-ANTAQ]]></Identifica>
    <Data><![CDATA[]]></Data>
    <Ementa />
    <Titulo />
    <SubTitulo />
    <Texto><![CDATA[<p class="identifica">ACÓRDÃO Nº 644-2025-ANTAQ</p><p>1. Processo: 50300.017554/2024-15</p><p>2. Interessados: Pneu Forte Ltda. e Super Terminais Comércio e Indústria Ltda.</p><p>3. Relator: Caio Farias</p><p>4. Unidade Técnica: Superintendência de Regulação</p><p>5. Acórdão:</p><p>VISTOS, relatados e discutidos os presentes autos que tratam de representação apresentada pela empresa Pneu Forte Ltda. em face de Super Terminais Comércio e Indústria Ltda., titular do Contrato de Adesão nº 51/2014-ANTAQ, concernente à alteração de preços de armazenagem de contêineres importados, nos termos da Petição SEI nº 2328987 e anexos,</p><p>ACORDAM os Diretores da Agência Nacional de Transportes Aquaviários, reunidos para a Reunião Ordinária de Diretoria Colegiada de nº 595, ante as razões expostas pelo Relator, em:</p><p>5.1. conhecer da denúncia formulada pela empresa Pneu Forte Ltda. em face da empresa Super Terminais Comércio e Indústria Ltda., objeto da Petição SEI nº 2328987, para, no mérito, julgá-la improcedente;</p><p>5.2. indeferir o pedido de concessão da medida cautelar formulado pela empresa Pneu Forte Ltda., uma vez que ausentes os requisitos previstos no art. 40, caput, da Resolução-ANTAQ nº 66, de 2022; e</p><p>5.3. cientificar as empresas interessadas acerca da presente decisão.</p><p>6. Data da Reunião: 22 a 24/09/2025 - Virtual.</p><p>7. Especificação do quórum:</p><p>7.1. Diretores presentes: Frederico Dias (Presidente), Flávia Takafashi, Lima Filho, Alber Vasconcelos e Caio Farias (Relator).</p><p class="assina">FREDERICO CARVALHO DIAS</p><p class="cargo">Diretor-Geral</p>]]></Texto>
  </body>
  <Midias />
</article></xml>