﻿<xml><article id="45728288" name="Portaria GM.MPO nA 354.2025.MPO " idOficio="11317648" pubName="DO1" artType="Portaria" pubDate="01/10/2025" artClass="00040:00001:00000:00000:00000:00000:00000:00000:00000:00000:00054:00000" artCategory="Ministério do Planejamento e Orçamento/Gabinete da Ministra" artSize="24" artNotes="" numberPage="123" pdfPage="http://pesquisa.in.gov.br/imprensa/jsp/visualiza/index.jsp?data=01/10/2025&amp;jornal=515&amp;pagina=123" editionNumber="187" highlightType="" highlightPriority="" highlight="" highlightimage="" highlightimagename="" idMateria="23164443">
  <body>
    <Identifica />
    <Data><![CDATA[]]></Data>
    <Ementa />
    <Titulo />
    <SubTitulo />
    <Texto><![CDATA[<p /><p></p><table><tr><td rowspan="1" colspan="9" /><td rowspan="1" colspan="1" /></tr><tr><td rowspan="1" colspan="10"><p>ÓRGÃO: 26000 - Ministério da Educação</p></td></tr><tr><td rowspan="1" colspan="3"><p>UNIDADE: 26258 - Universidade Tecnológica Federal do Paraná</p></td><td rowspan="1" colspan="7" /></tr><tr><td rowspan="1" colspan="3"><p>ANEXO I</p></td><td rowspan="1" colspan="7"><p>Crédito Suplementar</p></td></tr><tr><td rowspan="1" colspan="3"><p>PROGRAMA DE TRABALHO ( SUPLEMENTAÇÃO )</p></td><td rowspan="1" colspan="7"><p>Recurso de Todas as Fontes R$ 1,00</p></td></tr><tr><td rowspan="1" colspan="1"><p>PROGRAMÁTICA</p></td><td rowspan="1" colspan="1"><p>PROGRAMA/AÇÃO/LOCALIZADOR/PRODUTO</p></td><td rowspan="1" colspan="1"><p>FUNCIONAL</p></td><td rowspan="1" colspan="1"><p>E</p><p>S</p><p>F</p></td><td rowspan="1" colspan="1"><p>G</p><p>N</p><p>D</p></td><td rowspan="1" colspan="1"><p>R</p><p>P</p></td><td rowspan="1" colspan="1"><p>M</p><p>O</p><p>D</p></td><td rowspan="1" colspan="1"><p>I</p><p>U</p></td><td rowspan="1" colspan="1"><p>F</p><p>T</p><p>E</p></td><td rowspan="1" colspan="1"><p>VALOR</p></td></tr><tr><td rowspan="1" colspan="1"><p>0032</p></td><td rowspan="1" colspan="1"><p>Programa de Gestão e Manutenção do Poder Executivo</p></td><td rowspan="1" colspan="7" /><td rowspan="1" colspan="1"><p>25.676.954</p></td></tr><tr><td rowspan="1" colspan="1" /><td rowspan="1" colspan="1"><p>Atividades</p></td><td rowspan="1" colspan="1" /><td rowspan="1" colspan="1" /><td rowspan="1" colspan="1" /><td rowspan="1" colspan="1" /><td rowspan="1" colspan="1" /><td rowspan="1" colspan="1" /><td rowspan="1" colspan="1" /><td rowspan="1" colspan="1" /></tr><tr><td rowspan="1" colspan="1"><p>0032 20TP</p></td><td rowspan="1" colspan="1"><p>Ativos Civis da União</p></td><td rowspan="1" colspan="1"><p>12 364</p></td><td rowspan="1" colspan="1" /><td rowspan="1" colspan="1" /><td rowspan="1" colspan="1" /><td rowspan="1" colspan="1" /><td rowspan="1" colspan="1" /><td rowspan="1" colspan="1" /><td rowspan="1" colspan="1"><p>24.086.226</p></td></tr><tr><td rowspan="1" colspan="1"><p>0032 20TP 0041</p></td><td rowspan="1" colspan="1"><p>Ativos Civis da União - No Estado do Paraná</p></td><td rowspan="1" colspan="1"><p>12 364</p></td><td rowspan="1" colspan="1" /><td rowspan="1" colspan="1" /><td rowspan="1" colspan="1" /><td rowspan="1" colspan="1" /><td rowspan="1" colspan="1" /><td rowspan="1" colspan="1" /><td rowspan="1" colspan="1"><p>24.086.226</p></td></tr><tr><td rowspan="1" colspan="1" /><td rowspan="1" colspan="1" /><td rowspan="1" colspan="1" /><td rowspan="1" colspan="1"><p>F</p></td><td rowspan="1" colspan="1"><p>1-PES</p></td><td rowspan="1" colspan="1"><p>1</p></td><td rowspan="1" colspan="1"><p>90</p></td><td rowspan="1" colspan="1"><p>8</p></td><td rowspan="1" colspan="1"><p>1000</p></td><td rowspan="1" colspan="1"><p>24.086.226</p></td></tr><tr><td rowspan="1" colspan="1"><p>0032 212B</p></td><td rowspan="1" colspan="1"><p>Benefícios Obrigatórios aos Servidores Civis, Empregados, Militares e seus Dependentes</p></td><td rowspan="1" colspan="1"><p>12 331</p></td><td rowspan="1" colspan="1" /><td rowspan="1" colspan="1" /><td rowspan="1" colspan="1" /><td rowspan="1" colspan="1" /><td rowspan="1" colspan="1" /><td rowspan="1" colspan="1" /><td rowspan="1" colspan="1"><p>50.000</p></td></tr><tr><td rowspan="1" colspan="1"><p>0032 212B 0041</p></td><td rowspan="1" colspan="1"><p>Benefícios Obrigatórios aos Servidores Civis, Empregados, Militares e seus Dependentes - No Estado do Paraná</p></td><td rowspan="1" colspan="1"><p>12 331</p></td><td rowspan="1" colspan="1" /><td rowspan="1" colspan="1" /><td rowspan="1" colspan="1" /><td rowspan="1" colspan="1" /><td rowspan="1" colspan="1" /><td rowspan="1" colspan="1" /><td rowspan="1" colspan="1"><p>50.000</p></td></tr><tr><td rowspan="1" colspan="1" /><td rowspan="1" colspan="1" /><td rowspan="1" colspan="1" /><td rowspan="1" colspan="1"><p>F</p></td><td rowspan="1" colspan="1"><p>3-ODC</p></td><td rowspan="1" colspan="1"><p>1</p></td><td rowspan="1" colspan="1"><p>90</p></td><td rowspan="1" colspan="1"><p>0</p></td><td rowspan="1" colspan="1"><p>1000</p></td><td rowspan="1" colspan="1"><p>50.000</p></td></tr><tr><td rowspan="1" colspan="1" /><td rowspan="1" colspan="1"><p>Operações Especiais</p></td><td rowspan="1" colspan="1" /><td rowspan="1" colspan="1" /><td rowspan="1" colspan="1" /><td rowspan="1" colspan="1" /><td rowspan="1" colspan="1" /><td rowspan="1" colspan="1" /><td rowspan="1" colspan="1" /><td rowspan="1" colspan="1" /></tr><tr><td rowspan="1" colspan="1"><p>0032 0181</p></td><td rowspan="1" colspan="1"><p>Aposentadorias e Pensões Civis da União</p></td><td rowspan="1" colspan="1"><p>09 272</p></td><td rowspan="1" colspan="1" /><td rowspan="1" colspan="1" /><td rowspan="1" colspan="1" /><td rowspan="1" colspan="1" /><td rowspan="1" colspan="1" /><td rowspan="1" colspan="1" /><td rowspan="1" colspan="1"><p>1.540.728</p></td></tr><tr><td rowspan="1" colspan="1"><p>0032 0181 0041</p></td><td rowspan="1" colspan="1"><p>Aposentadorias e Pensões Civis da União - No Estado do Paraná</p></td><td rowspan="1" colspan="1"><p>09 272</p></td><td rowspan="1" colspan="1" /><td rowspan="1" colspan="1" /><td rowspan="1" colspan="1" /><td rowspan="1" colspan="1" /><td rowspan="1" colspan="1" /><td rowspan="1" colspan="1" /><td rowspan="1" colspan="1"><p>1.540.728</p></td></tr><tr><td rowspan="1" colspan="1" /><td rowspan="1" colspan="1" /><td rowspan="1" colspan="1" /><td rowspan="1" colspan="1"><p>S</p></td><td rowspan="1" colspan="1"><p>1-PES</p></td><td rowspan="1" colspan="1"><p>1</p></td><td rowspan="1" colspan="1"><p>90</p></td><td rowspan="1" colspan="1"><p>0</p></td><td rowspan="1" colspan="1"><p>3056</p></td><td rowspan="1" colspan="1"><p>1.540.728</p></td></tr><tr><td rowspan="1" colspan="9"><p>TOTAL - FISCAL</p></td><td rowspan="1" colspan="1"><p>24.136.226</p></td></tr><tr><td rowspan="1" colspan="9"><p>TOTAL - SEGURIDADE</p></td><td rowspan="1" colspan="1"><p>1.540.728</p></td></tr><tr><td rowspan="1" colspan="9"><p>TOTAL - GERAL</p></td><td rowspan="1" colspan="1"><p>25.676.954</p></td></tr><tr><td rowspan="1" colspan="9" /><td rowspan="1" colspan="1" /></tr><tr><td rowspan="1" colspan="10"><p>ÓRGÃO: 26000 - Ministério da Educação</p></td></tr><tr><td rowspan="1" colspan="3"><p>UNIDADE: 26260 - Universidade Federal de Alfenas</p></td><td rowspan="1" colspan="7" /></tr><tr><td rowspan="1" colspan="3"><p>ANEXO I</p></td><td rowspan="1" colspan="7"><p>Crédito Suplementar</p></td></tr><tr><td rowspan="1" colspan="3"><p>PROGRAMA DE TRABALHO ( SUPLEMENTAÇÃO )</p></td><td rowspan="1" colspan="7"><p>Recurso de Todas as Fontes R$ 1,00</p></td></tr><tr><td rowspan="1" colspan="1"><p>PROGRAMÁTICA</p></td><td rowspan="1" colspan="1"><p>PROGRAMA/AÇÃO/LOCALIZADOR/PRODUTO</p></td><td rowspan="1" colspan="1"><p>FUNCIONAL</p></td><td rowspan="1" colspan="1"><p>E</p><p>S</p><p>F</p></td><td rowspan="1" colspan="1"><p>G</p><p>N</p><p>D</p></td><td rowspan="1" colspan="1"><p>R</p><p>P</p></td><td rowspan="1" colspan="1"><p>M</p><p>O</p><p>D</p></td><td rowspan="1" colspan="1"><p>I</p><p>U</p></td><td rowspan="1" colspan="1"><p>F</p><p>T</p><p>E</p></td><td rowspan="1" colspan="1"><p>VALOR</p></td></tr><tr><td rowspan="1" colspan="1"><p>0032</p></td><td rowspan="1" colspan="1"><p>Programa de Gestão e Manutenção do Poder Executivo</p></td><td rowspan="1" colspan="7" /><td rowspan="1" colspan="1"><p>7.544.721</p></td></tr><tr><td rowspan="1" colspan="1" /><td rowspan="1" colspan="1"><p>Atividades</p></td><td rowspan="1" colspan="1" /><td rowspan="1" colspan="1" /><td rowspan="1" colspan="1" /><td rowspan="1" colspan="1" /><td rowspan="1" colspan="1" /><td rowspan="1" colspan="1" /><td rowspan="1" colspan="1" /><td rowspan="1" colspan="1" /></tr><tr><td rowspan="1" colspan="1"><p>0032 20TP</p></td><td rowspan="1" colspan="1"><p>Ativos Civis da União</p></td><td rowspan="1" colspan="1"><p>12 364</p></td><td rowspan="1" colspan="1" /><td rowspan="1" colspan="1" /><td rowspan="1" colspan="1" /><td rowspan="1" colspan="1" /><td rowspan="1" colspan="1" /><td rowspan="1" colspan="1" /><td rowspan="1" colspan="1"><p>5.573.419</p></td></tr><tr><td rowspan="1" colspan="1"><p>0032 20TP 0031</p></td><td rowspan="1" colspan="1"><p>Ativos Civis da União - No Estado de Minas Gerais</p></td><td rowspan="1" colspan="1"><p>12 364</p></td><td rowspan="1" colspan="1" /><td rowspan="1" colspan="1" /><td rowspan="1" colspan="1" /><td rowspan="1" colspan="1" /><td rowspan="1" colspan="1" /><td rowspan="1" colspan="1" /><td rowspan="1" colspan="1"><p>5.573.419</p></td></tr><tr><td rowspan="1" colspan="1" /><td rowspan="1" colspan="1" /><td rowspan="1" colspan="1" /><td rowspan="1" colspan="1"><p>F</p></td><td rowspan="1" colspan="1"><p>1-PES</p></td><td rowspan="1" colspan="1"><p>1</p></td><td rowspan="1" colspan="1"><p>90</p></td><td rowspan="1" colspan="1"><p>8</p></td><td rowspan="1" colspan="1"><p>1000</p></td><td rowspan="1" colspan="1"><p>5.573.419</p></td></tr><tr><td rowspan="1" colspan="1"><p>0032 212B</p></td><td rowspan="1" colspan="1"><p>Benefícios Obrigatórios aos Servidores Civis, Empregados, Militares e seus Dependentes</p></td><td rowspan="1" colspan="1"><p>12 331</p></td><td rowspan="1" colspan="1" /><td rowspan="1" colspan="1" /><td rowspan="1" colspan="1" /><td rowspan="1" colspan="1" /><td rowspan="1" colspan="1" /><td rowspan="1" colspan="1" /><td rowspan="1" colspan="1"><p>150.000</p></td></tr><tr><td rowspan="1" colspan="1"><p>0032 212B 0031</p></td><td rowspan="1" colspan="1"><p>Benefícios Obrigatórios aos Servidores Civis, Empregados, Militares e seus Dependentes - No Estado de Minas Gerais</p></td><td rowspan="1" colspan="1"><p>12 331</p></td><td rowspan="1" colspan="1" /><td rowspan="1" colspan="1" /><td rowspan="1" colspan="1" /><td rowspan="1" colspan="1" /><td rowspan="1" colspan="1" /><td rowspan="1" colspan="1" /><td rowspan="1" colspan="1"><p>150.000</p></td></tr><tr><td rowspan="1" colspan="1" /><td rowspan="1" colspan="1" /><td rowspan="1" colspan="1" /><td rowspan="1" colspan="1"><p>F</p></td><td rowspan="1" colspan="1"><p>3-ODC</p></td><td rowspan="1" colspan="1"><p>1</p></td><td rowspan="1" colspan="1"><p>90</p></td><td rowspan="1" colspan="1"><p>8</p></td><td rowspan="1" colspan="1"><p>1000</p></td><td rowspan="1" colspan="1"><p>150.000</p></td></tr><tr><td rowspan="1" colspan="1" /><td rowspan="1" colspan="1"><p>Operações Especiais</p></td><td rowspan="1" colspan="1" /><td rowspan="1" colspan="1" /><td rowspan="1" colspan="1" /><td rowspan="1" colspan="1" /><td rowspan="1" colspan="1" /><td rowspan="1" colspan="1" /><td rowspan="1" colspan="1" /><td rowspan="1" colspan="1" /></tr><tr><td rowspan="1" colspan="1"><p>0032 0181</p></td><td rowspan="1" colspan="1"><p>Aposentadorias e Pensões Civis da União</p></td><td rowspan="1" colspan="1"><p>09 272</p></td><td rowspan="1" colspan="1" /><td rowspan="1" colspan="1" /><td rowspan="1" colspan="1" /><td rowspan="1" colspan="1" /><td rowspan="1" colspan="1" /><td rowspan="1" colspan="1" /><td rowspan="1" colspan="1"><p>74.615</p></td></tr><tr><td rowspan="1" colspan="1"><p>0032 0181 0031</p></td><td rowspan="1" colspan="1"><p>Aposentadorias e Pensões Civis da União - No Estado de Minas Gerais</p></td><td rowspan="1" colspan="1"><p>09 272</p></td><td rowspan="1" colspan="1" /><td rowspan="1" colspan="1" /><td rowspan="1" colspan="1" /><td rowspan="1" colspan="1" /><td rowspan="1" colspan="1" /><td rowspan="1" colspan="1" /><td rowspan="1" colspan="1"><p>74.615</p></td></tr><tr><td rowspan="1" colspan="1" /><td rowspan="1" colspan="1" /><td rowspan="1" colspan="1" /><td rowspan="1" colspan="1"><p>S</p></td><td rowspan="1" colspan="1"><p>1-PES</p></td><td rowspan="1" colspan="1"><p>1</p></td><td rowspan="1" colspan="1"><p>90</p></td><td rowspan="1" colspan="1"><p>0</p></td><td rowspan="1" colspan="1"><p>3056</p></td><td rowspan="1" colspan="1"><p>74.615</p></td></tr><tr><td rowspan="1" colspan="1"><p>0032 09HB</p></td><td rowspan="1" colspan="1"><p>Contribuição da União, de suas Autarquias e Fundações para o Custeio do Regime de Previdência dos Servidores Públicos Federais</p></td><td rowspan="1" colspan="1"><p>12 846</p></td><td rowspan="1" colspan="1" /><td rowspan="1" colspan="1" /><td rowspan="1" colspan="1" /><td rowspan="1" colspan="1" /><td rowspan="1" colspan="1" /><td rowspan="1" colspan="1" /><td rowspan="1" colspan="1"><p>1.746.687</p></td></tr><tr><td rowspan="1" colspan="1"><p>0032 09HB 0031</p></td><td rowspan="1" colspan="1"><p>Contribuição da União, de suas Autarquias e Fundações para o Custeio do Regime de Previdência dos Servidores Públicos Federais - No Estado de Minas Gerais</p></td><td rowspan="1" colspan="1"><p>12 846</p></td><td rowspan="1" colspan="1" /><td rowspan="1" colspan="1" /><td rowspan="1" colspan="1" /><td rowspan="1" colspan="1" /><td rowspan="1" colspan="1" /><td rowspan="1" colspan="1" /><td rowspan="1" colspan="1"><p>1.746.687</p></td></tr><tr><td rowspan="1" colspan="1" /><td rowspan="1" colspan="1" /><td rowspan="1" colspan="1" /><td rowspan="1" colspan="1"><p>F</p></td><td rowspan="1" colspan="1"><p>1-PES</p></td><td rowspan="1" colspan="1"><p>0</p></td><td rowspan="1" colspan="1"><p>91</p></td><td rowspan="1" colspan="1"><p>8</p></td><td rowspan="1" colspan="1"><p>1000</p></td><td rowspan="1" colspan="1"><p>1.746.687</p></td></tr><tr><td rowspan="1" colspan="9"><p>TOTAL - FISCAL</p></td><td rowspan="1" colspan="1"><p>7.470.106</p></td></tr><tr><td rowspan="1" colspan="9"><p>TOTAL - SEGURIDADE</p></td><td rowspan="1" colspan="1"><p>74.615</p></td></tr><tr><td rowspan="1" colspan="9"><p>TOTAL - GERAL</p></td><td rowspan="1" colspan="1"><p>7.544.721</p></td></tr><tr><td rowspan="1" colspan="9" /><td rowspan="1" colspan="1" /></tr><tr><td rowspan="1" colspan="10"><p>ÓRGÃO: 26000 - Ministério da Educação</p></td></tr><tr><td rowspan="1" colspan="3"><p>UNIDADE: 26261 - Universidade Federal de Itajubá</p></td><td rowspan="1" colspan="7" /></tr><tr><td rowspan="1" colspan="3"><p>ANEXO I</p></td><td rowspan="1" colspan="7"><p>Crédito Suplementar</p></td></tr><tr><td rowspan="1" colspan="3"><p>PROGRAMA DE TRABALHO ( SUPLEMENTAÇÃO )</p></td><td rowspan="1" colspan="7"><p>Recurso de Todas as Fontes R$ 1,00</p></td></tr><tr><td rowspan="1" colspan="1"><p>PROGRAMÁTICA</p></td><td rowspan="1" colspan="1"><p>PROGRAMA/AÇÃO/LOCALIZADOR/PRODUTO</p></td><td rowspan="1" colspan="1"><p>FUNCIONAL</p></td><td rowspan="1" colspan="1"><p>E</p><p>S</p><p>F</p></td><td rowspan="1" colspan="1"><p>G</p><p>N</p><p>D</p></td><td rowspan="1" colspan="1"><p>R</p><p>P</p></td><td rowspan="1" colspan="1"><p>M</p><p>O</p><p>D</p></td><td rowspan="1" colspan="1"><p>I</p><p>U</p></td><td rowspan="1" colspan="1"><p>F</p><p>T</p><p>E</p></td><td rowspan="1" colspan="1"><p>VALOR</p></td></tr><tr><td rowspan="1" colspan="1"><p>0032</p></td><td rowspan="1" colspan="1"><p>Programa de Gestão e Manutenção do Poder Executivo</p></td><td rowspan="1" colspan="7" /><td rowspan="1" colspan="1"><p>8.379.106</p></td></tr><tr><td rowspan="1" colspan="1" /><td rowspan="1" colspan="1"><p>Atividades</p></td><td rowspan="1" colspan="1" /><td rowspan="1" colspan="1" /><td rowspan="1" colspan="1" /><td rowspan="1" colspan="1" /><td rowspan="1" colspan="1" /><td rowspan="1" colspan="1" /><td rowspan="1" colspan="1" /><td rowspan="1" colspan="1" /></tr><tr><td rowspan="1" colspan="1"><p>0032 20TP</p></td><td rowspan="1" colspan="1"><p>Ativos Civis da União</p></td><td rowspan="1" colspan="1"><p>12 364</p></td><td rowspan="1" colspan="1" /><td rowspan="1" colspan="1" /><td rowspan="1" colspan="1" /><td rowspan="1" colspan="1" /><td rowspan="1" colspan="1" /><td rowspan="1" colspan="1" /><td rowspan="1" colspan="1"><p>6.930.530</p></td></tr><tr><td rowspan="1" colspan="1"><p>0032 20TP 0031</p></td><td rowspan="1" colspan="1"><p>Ativos Civis da União - No Estado de Minas Gerais</p></td><td rowspan="1" colspan="1"><p>12 364</p></td><td rowspan="1" colspan="1" /><td rowspan="1" colspan="1" /><td rowspan="1" colspan="1" /><td rowspan="1" colspan="1" /><td rowspan="1" colspan="1" /><td rowspan="1" colspan="1" /><td rowspan="1" colspan="1"><p>6.930.530</p></td></tr><tr><td rowspan="1" colspan="1" /><td rowspan="1" colspan="1" /><td rowspan="1" colspan="1" /><td rowspan="1" colspan="1"><p>F</p></td><td rowspan="1" colspan="1"><p>1-PES</p></td><td rowspan="1" colspan="1"><p>1</p></td><td rowspan="1" colspan="1"><p>90</p></td><td rowspan="1" colspan="1"><p>8</p></td><td rowspan="1" colspan="1"><p>1000</p></td><td rowspan="1" colspan="1"><p>6.930.530</p></td></tr><tr><td rowspan="1" colspan="1" /><td rowspan="1" colspan="1"><p>Operações Especiais</p></td><td rowspan="1" colspan="1" /><td rowspan="1" colspan="1" /><td rowspan="1" colspan="1" /><td rowspan="1" colspan="1" /><td rowspan="1" colspan="1" /><td rowspan="1" colspan="1" /><td rowspan="1" colspan="1" /><td rowspan="1" colspan="1" /></tr><tr><td rowspan="1" colspan="1"><p>0032 09HB</p></td><td rowspan="1" colspan="1"><p>Contribuição da União, de suas Autarquias e Fundações para o Custeio do Regime de Previdência dos Servidores Públicos Federais</p></td><td rowspan="1" colspan="1"><p>12 846</p></td><td rowspan="1" colspan="1" /><td rowspan="1" colspan="1" /><td rowspan="1" colspan="1" /><td rowspan="1" colspan="1" /><td rowspan="1" colspan="1" /><td rowspan="1" colspan="1" /><td rowspan="1" colspan="1"><p>1.448.576</p></td></tr><tr><td rowspan="1" colspan="1"><p>0032 09HB 0031</p></td><td rowspan="1" colspan="1"><p>Contribuição da União, de suas Autarquias e Fundações para o Custeio do Regime de Previdência dos Servidores Públicos Federais - No Estado de Minas Gerais</p></td><td rowspan="1" colspan="1"><p>12 846</p></td><td rowspan="1" colspan="1" /><td rowspan="1" colspan="1" /><td rowspan="1" colspan="1" /><td rowspan="1" colspan="1" /><td rowspan="1" colspan="1" /><td rowspan="1" colspan="1" /><td rowspan="1" colspan="1"><p>1.448.576</p></td></tr><tr><td rowspan="1" colspan="1" /><td rowspan="1" colspan="1" /><td rowspan="1" colspan="1" /><td rowspan="1" colspan="1"><p>F</p></td><td rowspan="1" colspan="1"><p>1-PES</p></td><td rowspan="1" colspan="1"><p>0</p></td><td rowspan="1" colspan="1"><p>91</p></td><td rowspan="1" colspan="1"><p>8</p></td><td rowspan="1" colspan="1"><p>1000</p></td><td rowspan="1" colspan="1"><p>1.448.576</p></td></tr><tr><td rowspan="1" colspan="9"><p>TOTAL - FISCAL</p></td><td rowspan="1" colspan="1"><p>8.379.106</p></td></tr><tr><td rowspan="1" colspan="9"><p>TOTAL - SEGURIDADE</p></td><td rowspan="1" colspan="1"><p>0</p></td></tr><tr><td rowspan="1" colspan="9"><p>TOTAL - GERAL</p></td><td rowspan="1" colspan="1"><p>8.379.106</p></td></tr><tr><td rowspan="1" colspan="9" /><td rowspan="1" colspan="1" /></tr><tr><td rowspan="1" colspan="10"><p>ÓRGÃO: 26000 - Ministério da Educação</p></td></tr><tr><td rowspan="1" colspan="3"><p>UNIDADE: 26262 - Universidade Federal de São Paulo</p></td><td rowspan="1" colspan="7" /></tr><tr><td rowspan="1" colspan="3"><p>ANEXO I</p></td><td rowspan="1" colspan="7"><p>Crédito Suplementar</p></td></tr><tr><td rowspan="1" colspan="3"><p>PROGRAMA DE TRABALHO ( SUPLEMENTAÇÃO )</p></td><td rowspan="1" colspan="7"><p>Recurso de Todas as Fontes R$ 1,00</p></td></tr><tr><td rowspan="1" colspan="1"><p>PROGRAMÁTICA</p></td><td rowspan="1" colspan="1"><p>PROGRAMA/AÇÃO/LOCALIZADOR/PRODUTO</p></td><td rowspan="1" colspan="1"><p>FUNCIONAL</p></td><td rowspan="1" colspan="1"><p>E</p><p>S</p><p>F</p></td><td rowspan="1" colspan="1"><p>G</p><p>N</p><p>D</p></td><td rowspan="1" colspan="1"><p>R</p><p>P</p></td><td rowspan="1" colspan="1"><p>M</p><p>O</p><p>D</p></td><td rowspan="1" colspan="1"><p>I</p><p>U</p></td><td rowspan="1" colspan="1"><p>F</p><p>T</p><p>E</p></td><td rowspan="1" colspan="1"><p>VALOR</p></td></tr><tr><td rowspan="1" colspan="1"><p>0032</p></td><td rowspan="1" colspan="1"><p>Programa de Gestão e Manutenção do Poder Executivo</p></td><td rowspan="1" colspan="7" /><td rowspan="1" colspan="1"><p>22.740.167</p></td></tr><tr><td rowspan="1" colspan="1" /><td rowspan="1" colspan="1"><p>Atividades</p></td><td rowspan="1" colspan="1" /><td rowspan="1" colspan="1" /><td rowspan="1" colspan="1" /><td rowspan="1" colspan="1" /><td rowspan="1" colspan="1" /><td rowspan="1" colspan="1" /><td rowspan="1" colspan="1" /><td rowspan="1" colspan="1" /></tr><tr><td rowspan="1" colspan="1"><p>0032 20TP</p></td><td rowspan="1" colspan="1"><p>Ativos Civis da União</p></td><td rowspan="1" colspan="1"><p>12 364</p></td><td rowspan="1" colspan="1" /><td rowspan="1" colspan="1" /><td rowspan="1" colspan="1" /><td rowspan="1" colspan="1" /><td rowspan="1" colspan="1" /><td rowspan="1" colspan="1" /><td rowspan="1" colspan="1"><p>20.473.469</p></td></tr><tr><td rowspan="1" colspan="1"><p>0032 20TP 0035</p></td><td rowspan="1" colspan="1"><p>Ativos Civis da União - No Estado de São Paulo</p></td><td rowspan="1" colspan="1"><p>12 364</p></td><td rowspan="1" colspan="1" /><td rowspan="1" colspan="1" /><td rowspan="1" colspan="1" /><td rowspan="1" colspan="1" /><td rowspan="1" colspan="1" /><td rowspan="1" colspan="1" /><td rowspan="1" colspan="1"><p>20.473.469</p></td></tr><tr><td rowspan="1" colspan="1" /><td rowspan="1" colspan="1" /><td rowspan="1" colspan="1" /><td rowspan="1" colspan="1"><p>F</p></td><td rowspan="1" colspan="1"><p>1-PES</p></td><td rowspan="1" colspan="1"><p>1</p></td><td rowspan="1" colspan="1"><p>90</p></td><td rowspan="1" colspan="1"><p>8</p></td><td rowspan="1" colspan="1"><p>1000</p></td><td rowspan="1" colspan="1"><p>20.473.469</p></td></tr><tr><td rowspan="1" colspan="1" /><td rowspan="1" colspan="1"><p>Operações Especiais</p></td><td rowspan="1" colspan="1" /><td rowspan="1" colspan="1" /><td rowspan="1" colspan="1" /><td rowspan="1" colspan="1" /><td rowspan="1" colspan="1" /><td rowspan="1" colspan="1" /><td rowspan="1" colspan="1" /><td rowspan="1" colspan="1" /></tr><tr><td rowspan="1" colspan="1"><p>0032 0181</p></td><td rowspan="1" colspan="1"><p>Aposentadorias e Pensões Civis da União</p></td><td rowspan="1" colspan="1"><p>09 272</p></td><td rowspan="1" colspan="1" /><td rowspan="1" colspan="1" /><td rowspan="1" colspan="1" /><td rowspan="1" colspan="1" /><td rowspan="1" colspan="1" /><td rowspan="1" colspan="1" /><td rowspan="1" colspan="1"><p>2.266.698</p></td></tr><tr><td rowspan="1" colspan="1"><p>0032 0181 0035</p></td><td rowspan="1" colspan="1"><p>Aposentadorias e Pensões Civis da União - No Estado de São Paulo</p></td><td rowspan="1" colspan="1"><p>09 272</p></td><td rowspan="1" colspan="1" /><td rowspan="1" colspan="1" /><td rowspan="1" colspan="1" /><td rowspan="1" colspan="1" /><td rowspan="1" colspan="1" /><td rowspan="1" colspan="1" /><td rowspan="1" colspan="1"><p>2.266.698</p></td></tr><tr><td rowspan="1" colspan="1" /><td rowspan="1" colspan="1" /><td rowspan="1" colspan="1" /><td rowspan="1" colspan="1"><p>S</p></td><td rowspan="1" colspan="1"><p>1-PES</p></td><td rowspan="1" colspan="1"><p>1</p></td><td rowspan="1" colspan="1"><p>90</p></td><td rowspan="1" colspan="1"><p>0</p></td><td rowspan="1" colspan="1"><p>3056</p></td><td rowspan="1" colspan="1"><p>2.266.698</p></td></tr><tr><td rowspan="1" colspan="9"><p>TOTAL - FISCAL</p></td><td rowspan="1" colspan="1"><p>20.473.469</p></td></tr><tr><td rowspan="1" colspan="9"><p>TOTAL - SEGURIDADE</p></td><td rowspan="1" colspan="1"><p>2.266.698</p></td></tr><tr><td rowspan="1" colspan="9"><p>TOTAL - GERAL</p></td><td rowspan="1" colspan="1"><p>22.740.167</p></td></tr><tr><td rowspan="1" colspan="9" /><td rowspan="1" colspan="1" /></tr><tr><td rowspan="1" colspan="10"><p>ÓRGÃO: 26000 - Ministério da Educação</p></td></tr><tr><td rowspan="1" colspan="3"><p>UNIDADE: 26263 - Universidade Federal de Lavras</p></td><td rowspan="1" colspan="7" /></tr><tr><td rowspan="1" colspan="3"><p>ANEXO I</p></td><td rowspan="1" colspan="7"><p>Crédito Suplementar</p></td></tr><tr><td rowspan="1" colspan="3"><p>PROGRAMA DE TRABALHO ( SUPLEMENTAÇÃO )</p></td><td rowspan="1" colspan="7"><p>Recurso de Todas as Fontes R$ 1,00</p></td></tr><tr><td rowspan="1" colspan="1"><p>PROGRAMÁTICA</p></td><td rowspan="1" colspan="1"><p>PROGRAMA/AÇÃO/LOCALIZADOR/PRODUTO</p></td><td rowspan="1" colspan="1"><p>FUNCIONAL</p></td><td rowspan="1" colspan="1"><p>E</p><p>S</p><p>F</p></td><td rowspan="1" colspan="1"><p>G</p><p>N</p><p>D</p></td><td rowspan="1" colspan="1"><p>R</p><p>P</p></td><td rowspan="1" colspan="1"><p>M</p><p>O</p><p>D</p></td><td rowspan="1" colspan="1"><p>I</p><p>U</p></td><td rowspan="1" colspan="1"><p>F</p><p>T</p><p>E</p></td><td rowspan="1" colspan="1"><p>VALOR</p></td></tr><tr><td rowspan="1" colspan="1"><p>0032</p></td><td rowspan="1" colspan="1"><p>Programa de Gestão e Manutenção do Poder Executivo</p></td><td rowspan="1" colspan="7" /><td rowspan="1" colspan="1"><p>14.112.446</p></td></tr><tr><td rowspan="1" colspan="1" /><td rowspan="1" colspan="1"><p>Atividades</p></td><td rowspan="1" colspan="1" /><td rowspan="1" colspan="1" /><td rowspan="1" colspan="1" /><td rowspan="1" colspan="1" /><td rowspan="1" colspan="1" /><td rowspan="1" colspan="1" /><td rowspan="1" colspan="1" /><td rowspan="1" colspan="1" /></tr><tr><td rowspan="1" colspan="1"><p>0032 20TP</p></td><td rowspan="1" colspan="1"><p>Ativos Civis da União</p></td><td rowspan="1" colspan="1"><p>12 364</p></td><td rowspan="1" colspan="1" /><td rowspan="1" colspan="1" /><td rowspan="1" colspan="1" /><td rowspan="1" colspan="1" /><td rowspan="1" colspan="1" /><td rowspan="1" colspan="1" /><td rowspan="1" colspan="1"><p>11.465.245</p></td></tr><tr><td rowspan="1" colspan="1"><p>0032 20TP 0031</p></td><td rowspan="1" colspan="1"><p>Ativos Civis da União - No Estado de Minas Gerais</p></td><td rowspan="1" colspan="1"><p>12 364</p></td><td rowspan="1" colspan="1" /><td rowspan="1" colspan="1" /><td rowspan="1" colspan="1" /><td rowspan="1" colspan="1" /><td rowspan="1" colspan="1" /><td rowspan="1" colspan="1" /><td rowspan="1" colspan="1"><p>11.465.245</p></td></tr><tr><td rowspan="1" colspan="1" /><td rowspan="1" colspan="1" /><td rowspan="1" colspan="1" /><td rowspan="1" colspan="1"><p>F</p></td><td rowspan="1" colspan="1"><p>1-PES</p></td><td rowspan="1" colspan="1"><p>1</p></td><td rowspan="1" colspan="1"><p>90</p></td><td rowspan="1" colspan="1"><p>8</p></td><td rowspan="1" colspan="1"><p>1000</p></td><td rowspan="1" colspan="1"><p>11.465.245</p></td></tr><tr><td rowspan="1" colspan="1"><p>0032 212B</p></td><td rowspan="1" colspan="1"><p>Benefícios Obrigatórios aos Servidores Civis, Empregados, Militares e seus Dependentes</p></td><td rowspan="1" colspan="1"><p>12 331</p></td><td rowspan="1" colspan="1" /><td rowspan="1" colspan="1" /><td rowspan="1" colspan="1" /><td rowspan="1" colspan="1" /><td rowspan="1" colspan="1" /><td rowspan="1" colspan="1" /><td rowspan="1" colspan="1"><p>368.000</p></td></tr><tr><td rowspan="1" colspan="1"><p>0032 212B 0031</p></td><td rowspan="1" colspan="1"><p>Benefícios Obrigatórios aos Servidores Civis, Empregados, Militares e seus Dependentes - No Estado de Minas Gerais</p></td><td rowspan="1" colspan="1"><p>12 331</p></td><td rowspan="1" colspan="1" /><td rowspan="1" colspan="1" /><td rowspan="1" colspan="1" /><td rowspan="1" colspan="1" /><td rowspan="1" colspan="1" /><td rowspan="1" colspan="1" /><td rowspan="1" colspan="1"><p>368.000</p></td></tr><tr><td rowspan="1" colspan="1" /><td rowspan="1" colspan="1" /><td rowspan="1" colspan="1" /><td rowspan="1" colspan="1"><p>F</p></td><td rowspan="1" colspan="1"><p>3-ODC</p></td><td rowspan="1" colspan="1"><p>1</p></td><td rowspan="1" colspan="1"><p>90</p></td><td rowspan="1" colspan="1"><p>8</p></td><td rowspan="1" colspan="1"><p>1000</p></td><td rowspan="1" colspan="1"><p>368.000</p></td></tr><tr><td rowspan="1" colspan="1" /><td rowspan="1" colspan="1"><p>Operações Especiais</p></td><td rowspan="1" colspan="1" /><td rowspan="1" colspan="1" /><td rowspan="1" colspan="1" /><td rowspan="1" colspan="1" /><td rowspan="1" colspan="1" /><td rowspan="1" colspan="1" /><td rowspan="1" colspan="1" /><td rowspan="1" colspan="1" /></tr><tr><td rowspan="1" colspan="1"><p>0032 0181</p></td><td rowspan="1" colspan="1"><p>Aposentadorias e Pensões Civis da União</p></td><td rowspan="1" colspan="1"><p>09 272</p></td><td rowspan="1" colspan="1" /><td rowspan="1" colspan="1" /><td rowspan="1" colspan="1" /><td rowspan="1" colspan="1" /><td rowspan="1" colspan="1" /><td rowspan="1" colspan="1" /><td rowspan="1" colspan="1"><p>2.279.201</p></td></tr><tr><td rowspan="1" colspan="1"><p>0032 0181 0031</p></td><td rowspan="1" colspan="1"><p>Aposentadorias e Pensões Civis da União - No Estado de Minas Gerais</p></td><td rowspan="1" colspan="1"><p>09 272</p></td><td rowspan="1" colspan="1" /><td rowspan="1" colspan="1" /><td rowspan="1" colspan="1" /><td rowspan="1" colspan="1" /><td rowspan="1" colspan="1" /><td rowspan="1" colspan="1" /><td rowspan="1" colspan="1"><p>2.279.201</p></td></tr><tr><td rowspan="1" colspan="1" /><td rowspan="1" colspan="1" /><td rowspan="1" colspan="1" /><td rowspan="1" colspan="1"><p>S</p></td><td rowspan="1" colspan="1"><p>1-PES</p></td><td rowspan="1" colspan="1"><p>1</p></td><td rowspan="1" colspan="1"><p>90</p></td><td rowspan="1" colspan="1"><p>0</p></td><td rowspan="1" colspan="1"><p>3056</p></td><td rowspan="1" colspan="1"><p>2.279.201</p></td></tr><tr><td rowspan="1" colspan="9"><p>TOTAL - FISCAL</p></td><td rowspan="1" colspan="1"><p>11.833.245</p></td></tr><tr><td rowspan="1" colspan="9"><p>TOTAL - SEGURIDADE</p></td><td rowspan="1" colspan="1"><p>2.279.201</p></td></tr><tr><td rowspan="1" colspan="9"><p>TOTAL - GERAL</p></td><td rowspan="1" colspan="1"><p>14.112.446</p></td></tr></table>]]></Texto>
  </body>
  <Midias />
</article></xml>