﻿<xml><article id="45724758" name="Portarias 30-09-2025" idOficio="11317305" pubName="DO1" artType="Portaria" pubDate="01/10/2025" artClass="00033:00047:00002:00001:00000:00000:00000:00000:00000:00000:00054:00000" artCategory="Ministério da Justiça e Segurança Pública/Secretaria Nacional de Direitos Digitais/Diretoria de Segurança e Prevenção de Riscos no Ambiente Digital/Coordenação-Geral de Políticas de Classificação Indicativa" artSize="12" artNotes="" numberPage="83" pdfPage="http://pesquisa.in.gov.br/imprensa/jsp/visualiza/index.jsp?data=01/10/2025&amp;jornal=515&amp;pagina=83" editionNumber="187" highlightType="" highlightPriority="" highlight="" highlightimage="" highlightimagename="" idMateria="23163646">
  <body>
    <Identifica><![CDATA[ PORTARIA CGPCIND/DSPRAD/SEDIGI Nº 1.826, DE 30 DE SETEMBRO DE 2025]]></Identifica>
    <Data><![CDATA[]]></Data>
    <Ementa />
    <Titulo />
    <SubTitulo />
    <Texto><![CDATA[<p class="identifica">PORTARIA CGPCIND/DSPRAD/SEDIGI Nº 1.826, DE 30 DE SETEMBRO DE 2025</p><p>O COORDENADOR-GERAL DE POLÍTICAS DE CLASSIFICAÇÃO INDICATIVA, no uso de suas atribuições, tendo em vista o disposto nos artigos 21, inciso XVI, e 220, parágrafo 3º, inciso I, da Constituição Federal; artigo 74 da Lei 8.069, de 13 de julho de 1990, e com fundamento na Portaria MJSP nº 502, de 23 de novembro de 2021, resolve classificar:</p><p /><p></p><table><tr><td rowspan="1" colspan="1"><p>Título no Brasil: Milton Gonçalves, Além do Espetáculo (Brasil - 2025)</p></td></tr><tr><td rowspan="1" colspan="1"><p>Título Original: Milton Gonçalves, Além do Espetáculo</p></td></tr><tr><td rowspan="1" colspan="1"><p>Categoria: Longa-metragem</p></td></tr><tr><td rowspan="1" colspan="1"><p>Diretor(es): Luiz Antonio da Silva</p></td></tr><tr><td rowspan="1" colspan="1"><p>Produtor(es)/Criador(es): MPC e Associados</p></td></tr><tr><td rowspan="1" colspan="1"><p>Distribuidor(es): Bretz Filmes</p></td></tr><tr><td rowspan="1" colspan="1"><p>Classificação Pretendida: não recomendado para menores de 12 (doze) anos</p></td></tr><tr><td rowspan="1" colspan="1"><p>Classificação Atribuída: não recomendado para menores de 12 (doze) anos</p></td></tr><tr><td rowspan="1" colspan="1"><p>Recomenda-se sua exibição a partir das 20 (vinte) horas, quando apresentado em TV aberta.</p></td></tr><tr><td rowspan="1" colspan="1"><p>Contém: drogas lícitas, linguagem imprópria e temas sensíveis</p></td></tr><tr><td rowspan="1" colspan="1"><p>Processo: 08017.002031/2025-94</p></td></tr></table><p>EDUARDO DE ARAÚJO NEPOMUCENO</p><p class="identifica">PORTARIA CGPCIND/DSPRAD/SEDIGI Nº 1.827, DE 30 DE SETEMBRO DE 2025</p><p>O COORDENADOR-GERAL DE POLÍTICAS DE CLASSIFICAÇÃO INDICATIVA, no uso de suas atribuições, tendo em vista o disposto nos artigos 21, inciso XVI, e 220, parágrafo 3º, inciso I, da Constituição Federal; artigo 74 da Lei 8.069, de 13 de julho de 1990, e com fundamento na Portaria MJSP nº 502, de 23 de novembro de 2021, resolve classificar:</p><p /><p></p><table><tr><td rowspan="1" colspan="1"><p>Título no Brasil: Wicked - Parte II - Trailer 2H (Estados Unidos da América - 2025)</p></td></tr><tr><td rowspan="1" colspan="1"><p>Título Original: Wicked - For Good - Trailer 2H</p></td></tr><tr><td rowspan="1" colspan="1"><p>Categoria: Trailer</p></td></tr><tr><td rowspan="1" colspan="1"><p>Diretor(es): Jon M. Chu</p></td></tr><tr><td rowspan="1" colspan="1"><p>Produtor(es)/Criador(es): Marc Platt (III)</p></td></tr><tr><td rowspan="1" colspan="1"><p>Distribuidor(es): Warner Bros (South) Inc</p></td></tr><tr><td rowspan="1" colspan="1"><p>Classificação Pretendida: Livre</p></td></tr><tr><td rowspan="1" colspan="1"><p>Classificação Atribuída: Livre</p></td></tr><tr><td rowspan="1" colspan="1"><p>Contém: violência fantasiosa</p></td></tr><tr><td rowspan="1" colspan="1"><p>Processo: 08017.002155/2025-70</p></td></tr></table><p>EDUARDO DE ARAÚJO NEPOMUCENO</p><p class="identifica">PORTARIA CGPCIND/DSPRAD/SEDIGI Nº 1.828, DE 30 DE SETEMBRO DE 2025</p><p>O COORDENADOR-GERAL DE POLÍTICAS DE CLASSIFICAÇÃO INDICATIVA, no uso de suas atribuições, tendo em vista o disposto nos artigos 21, inciso XVI, e 220, parágrafo 3º, inciso I, da Constituição Federal; artigo 74 da Lei 8.069, de 13 de julho de 1990, e com fundamento na Portaria MJSP nº 502, de 23 de novembro de 2021, resolve classificar:</p><p /><p></p><table><tr><td rowspan="1" colspan="1"><p>Título no Brasil: A memória do cheiro das coisas (Brasil e Portugal - 2025)</p></td></tr><tr><td rowspan="1" colspan="1"><p>Título Original: A memória do cheiro das coisas</p></td></tr><tr><td rowspan="1" colspan="1"><p>Categoria: Longa-metragem</p></td></tr><tr><td rowspan="1" colspan="1"><p>Diretor(es): Antonio Ferreira</p></td></tr><tr><td rowspan="1" colspan="1"><p>Produtor(es)/Criador(es): Persona Non Grata Pictures e Muiraquita Filmes e Produções Artísticas Ltda.</p></td></tr><tr><td rowspan="1" colspan="1"><p>Distribuidor(es): Treze de Maio</p></td></tr><tr><td rowspan="1" colspan="1"><p>Classificação Pretendida: não recomendado para menores de 14 (catorze) anos</p></td></tr><tr><td rowspan="1" colspan="1"><p>Classificação Atribuída: não recomendado para menores de 14 (catorze) anos</p></td></tr><tr><td rowspan="1" colspan="1"><p>Recomenda-se sua exibição a partir das 21 (vinte e uma) horas, quando apresentado em TV aberta</p></td></tr><tr><td rowspan="1" colspan="1"><p>Contém: drogas lícitas, linguagem imprópria e violência</p></td></tr><tr><td rowspan="1" colspan="1"><p>Processo: 08017.002173/2025-51</p></td></tr></table><p>EDUARDO DE ARAÚJO NEPOMUCENO</p><p class="identifica">PORTARIA CGPCIND/DSPRAD/SEDIGI Nº 1.829, DE 30 DE SETEMBRO DE 2025</p><p>O COORDENADOR-GERAL DE POLÍTICAS DE CLASSIFICAÇÃO INDICATIVA, no uso de suas atribuições, tendo em vista o disposto nos artigos 21, inciso XVI, e 220, parágrafo 3º, inciso I, da Constituição Federal; artigo 74 da Lei 8.069, de 13 de julho de 1990, e com fundamento na Portaria MJSP nº 502, de 23 de novembro de 2021, resolve classificar:</p><p /><p></p><table><tr><td rowspan="1" colspan="1"><p>Título no Brasil: Tom Tamborim (Brasil - 2022)</p></td></tr><tr><td rowspan="1" colspan="1"><p>Título Original: Tom Tamborim</p></td></tr><tr><td rowspan="1" colspan="1"><p>Categoria: Curta-metragem</p></td></tr><tr><td rowspan="1" colspan="1"><p>Diretor(es): Maria Carolina e Igor Souza</p></td></tr><tr><td rowspan="1" colspan="1"><p>Produtor(es)/Criador(es): Hasta La Luna / Lanterninha</p></td></tr><tr><td rowspan="1" colspan="1"><p>Distribuidor(es): Hasta La Luna</p></td></tr><tr><td rowspan="1" colspan="1"><p>Classificação Pretendida: Livre</p></td></tr><tr><td rowspan="1" colspan="1"><p>Classificação Atribuída: Livre</p></td></tr><tr><td rowspan="1" colspan="1"><p>Contém: violência fantasiosa</p></td></tr><tr><td rowspan="1" colspan="1"><p>Processo: 08017.002186/2025-21</p></td></tr></table><p>EDUARDO DE ARAÚJO NEPOMUCENO</p><p class="identifica">PORTARIA CGPCIND/DSPRAD/SEDIGI Nº 1.830, DE 30 DE SETEMBRO DE 2025</p><p>O COORDENADOR-GERAL DE POLÍTICAS DE CLASSIFICAÇÃO INDICATIVA, no uso de suas atribuições, tendo em vista o disposto nos artigos 21, inciso XVI, e 220, parágrafo 3º, inciso I, da Constituição Federal; artigo 74 da Lei 8.069, de 13 de julho de 1990, e com fundamento na Portaria MJSP nº 502, de 23 de novembro de 2021, resolve classificar:</p><p /><p></p><table><tr><td rowspan="1" colspan="1"><p>Título no Brasil: O Último Episódio - Trailer 2 (Brasil - 2025)</p></td></tr><tr><td rowspan="1" colspan="1"><p>Título Original: O Último Episódio - Trailer 2</p></td></tr><tr><td rowspan="1" colspan="1"><p>Categoria: Trailer</p></td></tr><tr><td rowspan="1" colspan="1"><p>Diretor(es): Maurílio Martins</p></td></tr><tr><td rowspan="1" colspan="1"><p>Produtor(es)/Criador(es): Filmes de Plástico</p></td></tr><tr><td rowspan="1" colspan="1"><p>Distribuidor(es): Embaúba Filmes</p></td></tr><tr><td rowspan="1" colspan="1"><p>Classificação Pretendida: não recomendado para menores de 14 (catorze) anos</p></td></tr><tr><td rowspan="1" colspan="1"><p>Classificação Atribuída: não recomendado para menores de 12 (doze) anos</p></td></tr><tr><td rowspan="1" colspan="1"><p>Recomenda-se sua exibição a partir das 20 (vinte) horas, quando apresentado em TV aberta.</p></td></tr><tr><td rowspan="1" colspan="1"><p>Contém: linguagem imprópria</p></td></tr><tr><td rowspan="1" colspan="1"><p>Processo: 08017.002189/2025-64</p></td></tr></table><p>EDUARDO DE ARAÚJO NEPOMUCENO</p>]]></Texto>
  </body>
  <Midias />
</article></xml>