﻿<xml><article id="45722087" name="30.09.25 - Notificacao de Indefe" idOficio="11317010" pubName="DO1" artType="Despacho" pubDate="01/10/2025" artClass="00033:00052:00005:00003:00002:00646:00000:00000:00000:00000:00024:00000" artCategory="Ministério da Justiça e Segurança Pública/Secretaria Nacional de Justiça/Departamento de Migrações/Coordenação-Geral de Política Migratória/Coordenação de Processos Migratórios/Divisão de Naturalização, Nacionalidade e Apatridia" artSize="12" artNotes="" numberPage="86" pdfPage="http://pesquisa.in.gov.br/imprensa/jsp/visualiza/index.jsp?data=01/10/2025&amp;jornal=515&amp;pagina=86" editionNumber="187" highlightType="" highlightPriority="" highlight="" highlightimage="" highlightimagename="" idMateria="23163355">
  <body>
    <Identifica />
    <Data><![CDATA[]]></Data>
    <Ementa />
    <Titulo />
    <SubTitulo />
    <Texto><![CDATA[<p>Código: 660.345</p><p>Assunto: Indeferimento do pedido.</p><p>Processo Naturalizar-se nº 235881.0561235/2024.</p><p>Interessada: CATARINA SUZANA.</p><p>A COORDENADORA DE PROCESSOS MIGRATÓRIOS, no uso da competência delegada pela Portaria nº 623, de 13 de novembro de 2020, publicada no Diário Oficial da União, de 17 de novembro de 2020, indefere o pedido, por descumprimento do Art. 65, inciso IV da Lei nº 13.445/2017; Art. 234, incisos IV e V do Decreto 9.199/2017, tendo em vista que a interessada não apresentou os documentos constantes dos itens 5 e 6 do Anexo I da Portaria 623/2020.</p><p>Código: 660.195</p><p>Assunto: Indeferimento do pedido.</p><p>Processo Naturalizar-se nº 235881.0561125/2024.</p><p>Interessado: KOUAO JEAN VINCENT MEA.</p><p>A COORDENADORA DE PROCESSOS MIGRATÓRIOS, no uso da competência delegada pela Portaria nº 623, de 13 de novembro de 2020, publicada no Diário Oficial da União, de 17 de novembro de 2020, indefere o pedido, por descumprimento do art. 65 inciso II da Lei nº 13.445/2017, do art. 221; art. 233 parágrafo 2° e art. 234 inciso II do Decreto 9.199/2017, por não ter apresentado os documentos constantes do Art. 51 da Portaria 623/2020; Art. 56 e Item 8, Anexo I da Portaria 623/2020.</p><p>Código: 659.884</p><p>Assunto: Indeferimento do pedido.</p><p>Processo Naturalizar-se nº 235881.0560881/2024.</p><p>Interessado: ADAORA JUDIA MUO.</p><p>A COORDENADORA DE PROCESSOS MIGRATÓRIOS, no uso da competência delegada pela Portaria nº 623, de 13 de novembro de 2020, publicada no Diário Oficial da União, de 17 de novembro de 2020, indefere o pedido, por descumprimento do Art. 65, inciso III da Lei 13.445/2017; Art. 234, inciso III do Decreto 9.199/2017, tendo em vista que o interessado não apresentou os documentos constantes do Art. 5º e Item 13, Anexo I da Portaria 623/2020.</p><p>Código: 659.826</p><p>Assunto: Indeferimento do pedido.</p><p>Processo Naturalizar-se nº 235881.0560828/2024.</p><p>Interessado: JORGE HERNAN ANTONIO AYALA MORANDI.</p><p>A COORDENADORA DE PROCESSOS MIGRATÓRIOS, no uso da competência delegada pela Portaria nº 623, de 13 de novembro de 2020, publicada no Diário Oficial da União, de 17 de novembro de 2020, indefere o pedido, por descumprimento do Art. 65, inciso IV da Lei 13.445/2017, Art. 234, incisos IV, V do Decreto 9.199/2017, tendo em vista que o interessado não apresentou os documentos constante nos itens 4, 5, 6 do Anexo I da Portaria 623/2020.</p><p>Código: 659.737</p><p>Assunto: Indeferimento do pedido.</p><p>Processo Naturalizar-se nº 235881.0560773/2024.</p><p>Interessado: FREDDY MARZANA MOLLO.</p><p>A COORDENADORA DE PROCESSOS MIGRATÓRIOS, no uso da competência delegada pela Portaria nº 623, de 13 de novembro de 2020, publicada no Diário Oficial da União, de 17 de novembro de 2020, indefere o pedido, por descumprimento do Art. 65, incisos II e IV da Lei 13.445/2017, do Art. 234, incisos II, IV e V do Decreto 9.199/2017 tendo em vista que o interessado não apresentou os documentos constantes do Art. 56 e Itens 6, 8 e 9, Anexo I da Portaria 623/2020.</p><p>Código: 659.303</p><p>Assunto: Indeferimento do pedido.</p><p>Processo Naturalizar-se nº 235881.0560469/2024.</p><p>Interessado: NDIDI UDEH.</p><p>A COORDENADORA DE PROCESSOS MIGRATÓRIOS, no uso da competência delegada pela Portaria nº 623, de 13 de novembro de 2020, publicada no Diário Oficial da União, de 17 de novembro de 2020, indefere o pedido, por descumprimento do Art. 65, inciso IV da Lei 13.445/2017; Art. 234, inciso IV, do Decreto 9.199/2017, por não ter apresentado os documentos constantes do item 7 do Anexo I da Portaria 623/2020.</p><p>Código: 659.154</p><p>Assunto: Indeferimento do pedido.</p><p>Processo Naturalizar-se nº 235881.0560377/2024.</p><p>Interessado: ISNEL JOINVIL.</p><p>A COORDENADORA DE PROCESSOS MIGRATÓRIOS, no uso da competência delegada pela Portaria nº 623, de 13 de novembro de 2020, publicada no Diário Oficial da União, de 17 de novembro de 2020, indefere o pedido, por descumprimento do art. 65 incisos II, III e IV da Lei nº 13.445/2017, art. 234 incisos I, II, III, IV e V do Decreto 9.199/2017, por não ter apresentado os documentos constantes dos itens 3, 4, 5, 6 e 9 do Anexo I da Portaria 623/2020; Art. 51 da Portaria 623/2020; Art. 56 e Item 8, Anexo I da Portaria 623/2020; Art. 5º e Item 13, Anexo I da Portaria 623/2020.</p><p>Código: 659.101</p><p>Assunto: Indeferimento do pedido.</p><p>Processo Naturalizar-se nº 235881.0560338/2024.</p><p>Interessado: FRIDAY OSAZUWA.</p><p>A COORDENADORA DE PROCESSOS MIGRATÓRIOS, no uso da competência delegada pela Portaria nº 623, de 13 de novembro de 2020, publicada no Diário Oficial da União, de 17 de novembro de 2020, indefere o pedido, por descumprimento do Art. 65, incisos II, III e IV da Lei nº 13.445/2017; Art. 234, incisos II, III, IV e V do Decreto 9.199/2017, tendo em vista que o interessado não apresentou os documentos constantes do Item 4, 5, 6, 8 e 9 do Anexo I da Portaria 623/2020.</p><p>Código: 658.626</p><p>Assunto: Indeferimento do pedido.</p><p>Processo Naturalizar-se nº 235881.0559972/2024.</p><p>Interessado: ROSA MARILU TAPULLIMA OJANAMA.</p><p>A COORDENADORA DE PROCESSOS MIGRATÓRIOS, no uso da competência delegada pela Portaria nº 623, de 13 de novembro de 2020, publicada no Diário Oficial da União, de 17 de novembro de 2020, indefere o pedido, por descumprimento do Art. 67 da Lei 13.445/2017, do Art. 239, inciso II do Decreto 9.199/2017, tendo em vista que não apresentou os documentos constantes do item 5, do Anexo II da Portaria 623/2020.</p><p>Código: 658.490</p><p>Assunto: Indeferimento do pedido.</p><p>Processo Naturalizar-se nº 235881.0559854/2024.</p><p>Interessado: AYATOU OURO SALIM DE MATTOS.</p><p>A COORDENADORA DE PROCESSOS MIGRATÓRIOS, no uso da competência delegada pela Portaria nº 623, de 13 de novembro de 2020, publicada no Diário Oficial da União, de 17 de novembro de 2020, indefere o pedido, por descumprimento do Art. 65, incisos II, III e IV da Lei nº 13.445/2017; Art. 234, incisos II, III e V do Decreto 9.199/2017, tendo em vista que o interessado não apresentou os documentos constantes dos Itens 6, 8 e 9, Anexo I da Portaria 623/2020.</p><p>Código: 658.453</p><p>Assunto: Indeferimento do pedido.</p><p>Processo Naturalizar-se nº 235881.0559818/2024.</p><p>Interessado: STEPHANE DARMANI.</p><p>A COORDENADORA DE PROCESSOS MIGRATÓRIOS, no uso da competência delegada pela Portaria nº 623, de 13 de novembro de 2020, publicada no Diário Oficial da União, de 17 de novembro de 2020, indefere o pedido, por descumprimento do Art. 65, inciso III da Lei 13.445/2017, Art. 234, inciso III do Decreto 9.199/2017, tendo em vista que o interessado não apresentou os documentos constante no Art. 5º e item 13 do Anexo I da Portaria 623/2020.</p><p>Código: 657.829</p><p>Assunto: Indeferimento do pedido</p><p>Processo: nº 235881.0559361/2024.</p><p>Interessado: ANTHONIA ADESUWA ENOMA.</p><p>A COORDENADORA DE PROCESSOS MIGRATÓRIOS, no uso da competência delegada pela Portaria nº 623, de 13 de novembro de 2020, publicada no Diário Oficial da União, de 17 de novembro de 2020, indefere o pedido, por descumprimento do Art. 65, inciso III da Lei nº 13.445/2017, do Art. 234, inciso III do Decreto 9.199/2017, tendo em vista que o interessado não apresentou os documentos constantes do Art. 5º e item 13 do Anexo I da Portaria 623/2020.</p><p>Código: 657.560</p><p>Assunto: Indeferimento do pedido.</p><p>Processo Naturalizar-se nº 235881.0559174/2024.</p><p>Interessado: MIKHAIL IRZAK.</p><p>A COORDENADORA DE PROCESSOS MIGRATÓRIOS, no uso da competência delegada pela Portaria nº 623, de 13 de novembro de 2020, publicada no Diário Oficial da União, de 17 de novembro de 2020, indefere o pedido, por descumprimento do Art. 67 da Lei nº 13.445/2017, tendo em vista que o requerente não apresentou os documentos constantes Art. 56 e Anexo II, item 8 da Portaria 623/2020.</p><p>Código: 657.392</p><p>Assunto: Indeferimento do pedido.</p><p>Processo Naturalizar-se nº 235881.0559029/2024.</p><p>Interessado: SHELLA ROBERT</p><p>A COORDENADORA DE PROCESSOS MIGRATÓRIOS, no uso da competência delegada pela Portaria nº 623, de 13 de novembro de 2020, publicada no Diário Oficial da União, de 17 de novembro de 2020, indefere o pedido, por descumprimento do Art. 65, inciso III da Lei 13.445/2017, do Art. 234, inciso III do Decreto 9.199/2017, tendo em vista que o interessado não apresentou os documentos constantes do Art. 5º e Item 13, Anexo I da Portaria 623/2020.</p><p>Código: 656.547</p><p>Assunto: Indeferimento do pedido.</p><p>Processo Naturalizar-se nº 235881.0558442/2024.</p><p>Interessado: CLEOMAR DA SILVA MIRANDA GOMES.</p><p>A COORDENADORA DE PROCESSOS MIGRATÓRIOS, no uso da competência delegada pela Portaria nº 623, de 13 de novembro de 2020, publicada no Diário Oficial da União, de 17 de novembro de 2020, indefere o pedido, por descumprimento do art. 65 inciso IV da Lei nº 13.445/2017, do art. 234 incisos IV e V do Decreto 9.199/2017, por não ter apresentado os documentos constantes dos itens 4, 5 e 6 do Anexo I da Portaria 623/2020.</p><p>Código: 653.020</p><p>Assunto: Indeferimento do pedido.</p><p>Processo Naturalizar-se nº 235881.0556127/2024.</p><p>Interessado: DARIO ARDUIN ANDRADE.</p><p>A COORDENADORA DE PROCESSOS MIGRATÓRIOS, no uso da competência delegada pela Portaria nº 623, de 13 de novembro de 2020, publicada no Diário Oficial da União, de 17 de novembro de 2020, indefere o pedido, por descumprimento do Art. 65, incisos II, III e IV da Lei 13.445/2017, dos Art.221 e Art.234, incisos I, II, III, IV e V do Decreto 9.199/2017, tendo em vista que o interessado não apresentou os documentos constantes dos Artigos 5º e 56, dos Itens 3, 4, 5, 6, 8, 9, 10, 11 e 12 Anexo I da Portaria 623/2020.</p><p>Código: 652.972</p><p>Assunto: Indeferimento do pedido</p><p>Processo Naturalizar-se nº 235881.0556092/2024</p><p>Interessado: FRITZNA MIDY</p><p>A COORDENADORA DE PROCESSOS MIGRATÓRIOS, no uso da competência delegada pela Portaria nº 623, de 13 de novembro de 2020, publicada no Diário Oficial da União, de 17 de novembro de 2020, indefere o pedido, por descumprimento do Art. 65, incisos II, IV da Lei 13.445/2017; Art. 221, Art. 233, §2º, Art. 234, incisos II, V do Decreto 9.199/2017, tendo em vista que a interessada não apresentou os documentos constantes no Art. 51, Art. 56 e Itens 4, 6, 8, 9 Anexo I da Portaria 623/2020.</p><p>Código: 652.706</p><p>Assunto: Indeferimento do pedido.</p><p>Processo Naturalizar-se nº 235881.0555892/2024.</p><p>Interessado: CHRISLENE DORME REMY.</p><p>A COORDENADORA DE PROCESSOS MIGRATÓRIOS, no uso da competência delegada pela Portaria nº 623, de 13 de novembro de 2020, publicada no Diário Oficial da União, de 17 de novembro de 2020, indefere o pedido, por descumprimento do Art. 65, inciso IV da Lei 13.445/2017, do Art. 234, inciso V do Decreto 9.199/2017, tendo em vista que o interessado não apresentou os documentos constantes do item 6 do Anexo I da Portaria 623/2020.</p><p>Código: 652.581</p><p>Assunto: Indeferimento do pedido.</p><p>Processo Naturalizar-se nº 235881.0555767/2024.</p><p>Interessado: EVANGELINE VELASCO COMPAS.</p><p>A COORDENADORA DE PROCESSOS MIGRATÓRIOS, no uso da competência delegada pela Portaria nº 623, de 13 de novembro de 2020, publicada no Diário Oficial da União, de 17 de novembro de 2020, indefere o pedido, por descumprimento do Art. 65, inciso IV da Lei 13.445/2017, do Art. 234, inciso IV e V do Decreto 9.199/2017, tendo em vista que o interessado não apresentou os documentos constantes dos itens 5 e 6 do Anexo I da Portaria 623/2020.</p><p>Código: 652.264</p><p>Assunto: Indeferimento do pedido.</p><p>Processo Naturalizar-se nº 235881.0555491/2024.</p><p>Interessado: LUIS FERNANDO MOLINAS FRUTOS.</p><p>A COORDENADORA DE PROCESSOS MIGRATÓRIOS, no uso da competência delegada pela Portaria nº 623, de 13 de novembro de 2020, publicada no Diário Oficial da União, de 17 de novembro de 2020, indefere o pedido, por descumprimento do Art. 233, §2º do Decreto 9.199/2017, tendo em vista que o interessado não apresentou os documentos constantes do Art. 51 da Portaria 623/2020.</p><p>Código: 651.858</p><p>Assunto: Indeferimento do pedido.</p><p>Processo Naturalizar-se nº 235881.0555196/2024.</p><p>Interessado: RAYMOND SAMED.</p><p>A COORDENADORA DE PROCESSOS MIGRATÓRIOS, no uso da competência delegada pela Portaria nº 623, de 13 de novembro de 2020, publicada no Diário Oficial da União, de 17 de novembro de 2020, indefere o pedido, por descumprimento do Art. 65, inciso II da Lei 13.445/2017, Art. 221, Art. 233, §2º, Art. 234, inciso II do Decreto 9.199/2017, tendo em vista que o interessado não apresentou os documentos constantes no Art. 56 e item 8 do Anexo I da Portaria 623/2020.</p><p>Código: 649.508</p><p>Assunto: Indeferimento do pedido.</p><p>Processo Naturalizar-se nº 235881.0553516/2024.</p><p>Interessado: DILAFROZ ROHANI.</p><p>A COORDENADORA DE PROCESSOS MIGRATÓRIOS, no uso da competência delegada pela Portaria nº 623, de 13 de novembro de 2020, publicada no Diário Oficial da União, de 17 de novembro de 2020, indefere o pedido, por descumprimento do Art. 65, inciso IV da Lei nº 13.445/2017; Art. 234, inciso V do Decreto 9.199/2017, tendo em vista que o interessado não apresentou o documento constantes do Item 6, Anexo I da Portaria 623/2020.</p><p>Código: 646.875</p><p>Assunto: Indeferimento do pedido.</p><p>Processo Naturalizar-se nº 235881.0551645/2024.</p><p>Interessado: ANNE MARIE BLANC.</p><p>A COORDENADORA DE PROCESSOS MIGRATÓRIOS, no uso da competência delegada pela Portaria nº 623, de 13 de novembro de 2020, publicada no Diário Oficial da União, de 17 de novembro de 2020, indefere o pedido, por descumprimento do Art. 65, incisos II e IV da Lei nº 13.445/2017; Art. 234, incisos II, IV e V do Decreto 9.199/2017, tendo em vista que não apresentou os documentos constantes dos itens 5, 6 e 8 do Anexo I da Portaria 623/2020.</p><p>Código: 646.573</p><p>Assunto: Indeferimento do pedido.</p><p>Processo Naturalizar-se nº 235881.0551372/2024.</p><p>Interessado: ASHER VICTOR MALUMBA MBONGO.</p><p>A COORDENADORA DE PROCESSOS MIGRATÓRIOS, no uso da competência delegada pela Portaria nº 623, de 13 de novembro de 2020, publicada no Diário Oficial da União, de 17 de novembro de 2020, indefere o pedido, por descumprimento do Art. 70 da Lei nº 13.445/2017 c/c Parágrafo Único; Art. 245 do Decreto 9.199/2017, tendo em vista que o interessado não apresentou o documento constante do Item 3, Anexo III da Portaria 623/2020.</p><p>Código: 646.162</p><p>Assunto: Indeferimento do pedido.</p><p>Processo Naturalizar-se nº 235881.0551086/2024.</p><p>Interessado: AN WAR DEEN SIAKA.</p><p>A COORDENADORA DE PROCESSOS MIGRATÓRIOS, no uso da competência delegada pela Portaria nº 623 de 13 de novembro de 2020, publicada no Diário Oficial da União, de 17 de novembro de 2020, indefere o pedido, tendo em vista que o requerente não atende às exigências contidas no Art. 221 do Decreto nº 9.199/2017.</p><p>Código: 645.361</p><p>Assunto: Indeferimento do pedido.</p><p>Processo Naturalizar-se nº 235881.0550520/2024.</p><p>Interessado: MAXIMIANO CA.</p><p>A COORDENADORA DE PROCESSOS MIGRATÓRIOS, no uso da competência delegada pela Portaria nº 623, de 13 de novembro de 2020, publicada no Diário Oficial da União, de 17 de novembro de 2020, indefere o pedido, por descumprimento do Art. 65, incisos II, III e IV da Lei nº 13.445/2017; Art. 234, incisos I, II, III, IV e V e Art. 233, §2º do Decreto 9.199/2017, tendo em vista que o interessado não apresentou os documentos constantes dos Arts. 5º, 51, 56 e dos itens 3, 4, 5, 6, 8, 9 e 13 do Anexo I da Portaria 623/2020.</p><p>Código: 644.243</p><p>Assunto: Indeferimento do pedido</p><p>Processo Naturalizar-se nº 235881.0549749/2024.</p><p>Interessado: JHON ALBERTO HERNANDEZ MUNOZ.</p><p>A COORDENADORA DE PROCESSOS MIGRATÓRIOS, no uso da competência delegada pela Portaria nº 623, de 13 de novembro de 2020, publicada no Diário Oficial da União, de 17 de novembro de 2020, indefere o pedido, por descumprimento do artigo 70 da Lei nº 13.445/2017, c/c Parágrafo Único do art. 221, 246, §1º do Decreto 9.199/2027, tendo em vista que não apresentou os documentos constantes do Art. 56 e item 3 do Anexo IV da Portaria 623/2020.</p><p>Código: 643.967</p><p>Assunto: Indeferimento do pedido.</p><p>Processo Naturalizar-se nº 235881.0549572/2024.</p><p>Interessada: MOUNA MHEDHBI EP TOUMI.</p><p>A COORDENADORA DE PROCESSOS MIGRATÓRIOS, no uso da competência delegada pela Portaria nº 623, de 13 de novembro de 2020, publicada no Diário Oficial da União, de 17 de novembro de 2020, indefere o pedido, por descumprimento do Art. 65, incisos II e IV da Lei nº 13.445/2017; Art. 234, incisos II e V do Decreto 9.199/2017, tendo em vista que a interessada não apresentou os documentos constantes do Art. 56 e itens 6 e 8 do Anexo I da Portaria 623/2020.</p><p>Código: 643.297</p><p>Assunto: Indeferimento do pedido</p><p>Processo: nº 235881.0549035/2024.</p><p>Interessado: WILKEN PHILOGENE.</p><p>A COORDENADORA DE PROCESSOS MIGRATÓRIOS, no uso da competência delegada pela Portaria nº 623, de 13 de novembro de 2020, publicada no Diário Oficial da União, de 17 de novembro de 2020, indefere o pedido, por descumprimento do Art. 65, incisos II, III e IV da Lei nº 13.445/2017, do Art. 234, incisos II, III, IV e V do Decreto 9.199/2017, tendo em vista que o interessado não apresentou os documentos constantes dos itens 5 e 6, do Art. 5º e item 13 e Art. 56 e item 8 do Anexo I da Portaria 623/2020.</p><p>Código: 643.140</p><p>Assunto: Indeferimento do pedido.</p><p>Processo Naturalizar-se nº 235881.0548904/2024.</p><p>Interessado: ERWIN JOSE VALDEZ PALENCIA.</p><p>A COORDENADORA DE PROCESSOS MIGRATÓRIOS, no uso da competência delegada pela Portaria nº 623, de 13 de novembro de 2020, publicada no Diário Oficial da União, de 17 de novembro de 2020, indefere o pedido, por descumprimento dos Art. 65, incisos III e IV da Lei nº 13.445/2017; Art. 234, incisos III, IV e V do Decreto 9.199/2017, tendo em vista que o interessado não apresentou os documentos constantes dos Itens 5, 6 e 9, Anexo I da Portaria 623/2020.</p><p>Código: 642.823</p><p>Assunto: Indeferimento do pedido.</p><p>Processo Naturalizar-se nº 235881.0548698/2024.</p><p>Interessada: NOUF QONDRAQ.</p><p>A COORDENADORA DE PROCESSOS MIGRATÓRIOS, no uso da competência delegada pela Portaria nº 623, de 13 de novembro de 2020, publicada no Diário Oficial da União, de 17 de novembro de 2020, indefere o pedido, por descumprimento do Art. 65, inciso IV da Lei nº 13.445/2017; Art. 234, incisos IV e V do Decreto 9.199/2017, tendo em vista que a interessada não apresentou os documentos constantes dos itens 5 e 6 do Anexo I da Portaria 623/2020.</p><p>Código: 642.694</p><p>Assunto: Indeferimento do pedido.</p><p>Processo Naturalizar-se nº 235881.0548604/2024.</p><p>Interessado: MICKENSON CLERGEAU.</p><p>A COORDENADORA DE PROCESSOS MIGRATÓRIOS, no uso da competência delegada pela Portaria nº 623, de 13 de novembro de 2020, publicada no Diário Oficial da União, de 17 de novembro de 2020, indefere o pedido, por descumprimento do Art. 65, inciso IV da Lei nº 13.445/2017; Art. 234, inciso IV do Decreto 9.199/2017, tendo em vista que o interessado não apresentou o documento constante do item 5 do Anexo I da Portaria 623/2020.</p><p>Código: 638.871</p><p>Assunto: Indeferimento do pedido.</p><p>Processo Naturalizar-se nº 235881.0546009/2024.</p><p>Interessado: SOUHA HASSAN.</p><p>A COORDENADORA DE PROCESSOS MIGRATÓRIOS, no uso da competência delegada pela Portaria nº 623, de 13 de novembro de 2020, publicada no Diário Oficial da União, de 17 de novembro de 2020, indefere o pedido, por descumprimento do Art. 65, incisos II e IV da Lei nº 13.445/2017; Art. 234, incisos II e V do Decreto 9.199/2017, tendo em vista que não apresentou os documentos constantes dos itens 6 e 8 do Anexo I da Portaria 623/2020.</p><p>Código: 638.383</p><p>Assunto: Indeferimento do pedido.</p><p>Processo Naturalizar-se nº 235881.0545687/2024.</p><p>Interessado: ANDREW GORDON NOBLE.</p><p>A COORDENADORA DE PROCESSOS MIGRATÓRIOS, no uso da competência delegada pela Portaria nº 623 de 13 de novembro de 2020, publicada no Diário Oficial da União, de 17 de novembro de 2020, considerando que o requerente foi notificado e não compareceu à Polícia Federal para conferência dos documentos originais e coleta biométrica, indefere o pedido tendo em vista o não cumprimento das exigências previstas no art. 67 incisos II, III e IV da Lei nº 13.445/2017, c/c art. 227 do Decreto nº 9.199/2017; art. 239 incisos I, II e III do Decreto 9.199/2017; §2º, art. 7º da Portaria nº 623 de 13 de novembro de 2020 por não ter apresentado os documentos constantes dos itens 3, 4, 5, 6 e 9 do Anexo II da Portaria 623/2020; Art. 56 e Item 8, Anexo I da Portaria 623/2020.</p><p class="assina">SANDRA MARIA MENDES ADJAFRE SINDEAUX</p>]]></Texto>
  </body>
  <Midias />
</article></xml>