﻿<xml><article id="45717332" name="PIN 200120251015a17 (Ordinaria -" idOficio="11316119" pubName="DO1" artType="Pauta" pubDate="01/10/2025" artClass="00028:00015:00002:00001:00000:00000:00000:00000:00000:00000:00053:00000" artCategory="Ministério da Fazenda/Conselho Administrativo de Recursos Fiscais/2ª Seção/1ª Turma Extraordinária" artSize="12" artNotes="" numberPage="58" pdfPage="http://pesquisa.in.gov.br/imprensa/jsp/visualiza/index.jsp?data=01/10/2025&amp;jornal=515&amp;pagina=58" editionNumber="187" highlightType="" highlightPriority="" highlight="" highlightimage="" highlightimagename="" idMateria="23161161">
  <body>
    <Identifica><![CDATA[ PAUTA DE JULGAMENTO]]></Identifica>
    <Data><![CDATA[]]></Data>
    <Ementa />
    <Titulo />
    <SubTitulo />
    <Texto><![CDATA[<p class="identifica">PAUTA DE JULGAMENTO</p><p>Período da Reunião de 15 a 17/10/2025.</p><p>Pauta ordinária de julgamento dos recursos da 1ª Turma Extraordinária da 2ª Seção, em reunião assíncrona, realizada por meio do Plenário Virtual, com duração de 3 (três) dias, tendo início às 9h do dia 15/10/2025 e fim às 23h59min do dia 17/10/2025.</p><p>OBSERVAÇÕES:</p><p>1) Arquivos de sustentação oral e memoriais devem ser postados até cinco dias após a publicação da pauta;</p><p>2) Pedidos de retirada de pauta devem ser enviados até cinco dias após a publicação da pauta;</p><p>3) Serão desconsiderados a sustentação oral e o memorial cujos arquivos transmitidos não atendam à duração e aos requisitos previstos, respectivamente, no art. 11, e no art. 12 da Portaria CARF/MF nº 1.240, de 2 de agosto de 2024; e</p><p>4) A publicidade da reunião será garantida por meio do Sistema de Acompanhamento do Plenário Virtual - SAPVI, com acesso pelo endereço https://sapvi.carf.economia.gov.br/home.</p><p>DIA 15 de Outubro de 2025, ÀS 09:00 HORAS</p><p>Relator(a): CHRISTIANNE KANDYCE GOMES FERREIRA DE MENDONCA</p><p>1 - Processo nº: 10930.002701/2009-82 - Recorrente: FRANCISCO JOAQUIM INACIO e Interessado: FAZENDA NACIONAL</p><p>2 - Processo nº: 10830.011568/2010-17 - Recorrente: INSTITUTO DE REABILITACAO E PREVENCAO EM SAUDE INDAIA e Interessado: FAZENDA NACIONAL</p><p>3 - Processo nº: 10830.722049/2012-40 - Recorrente: INSTITUTO DE REABILITACAO E PREVENCAO EM SAUDE INDAIA e Interessado: FAZENDA NACIONAL</p><p>4 - Processo nº: 10830.722050/2012-74 - Recorrente: INSTITUTO DE REABILITACAO E PREVENCAO EM SAUDE INDAIA e Interessado: FAZENDA NACIONAL</p><p>5 - Processo nº: 10855.720768/2012-48 - Recorrente: MUNICIPIO DE ALUMINIO e Interessado: FAZENDA NACIONAL</p><p>6 - Processo nº: 10803.000129/2008-91 - Recorrente: PEDRO LUIS ALVES COSTA e Interessado: FAZENDA NACIONAL</p><p>7 - Processo nº: 10950.720303/2012-17 - Recorrente: ROBERTO VALLE NICOLAU e Interessado: FAZENDA NACIONAL</p><p>8 - Processo nº: 10950.720304/2012-53 - Recorrente: ROBERTO VALLE NICOLAU e Interessado: FAZENDA NACIONAL</p><p>9 - Processo nº: 11070.721348/2011-98 - Recorrente: SCAVOL TRANSPORTES EIRELI e Interessado: FAZENDA NACIONAL</p><p>10 - Processo nº: 15504.720184/2014-38 - Recorrente: SECRETARIA ESTADO MEIO AMBIENTE E DESENV. SUSTENTAVEL e Interessado: FAZENDA NACIONAL</p><p>Relator(a): WILDERSON BOTTO</p><p>11 - Processo nº: 11052.000395/2010-31 - Recorrente: ALEXANDRE MEDABER e Interessado: FAZENDA NACIONAL</p><p>12 - Processo nº: 10320.005164/2007-49 - Recorrente: BEM VIGILANCIA E TRANSPORTES DE VALORES S/A e Interessado: FAZENDA NACIONAL</p><p>13 - Processo nº: 10320.005168/2007-27 - Recorrente: BEM VIGILANCIA E TRANSPORTES DE VALORES S/A e Interessado: FAZENDA NACIONAL</p><p>14 - Processo nº: 10675.000628/2009-72 - Recorrente: CARLOS AUGUSTO RODRIGUES DE MATTOS e Interessado: FAZENDA NACIONAL</p><p>15 - Processo nº: 11075.721698/2012-95 - Recorrente: SUPERMERCADO BAKLIZI LTDA e Interessado: FAZENDA NACIONAL</p><p>16 - Processo nº: 10410.721111/2017-31 - Recorrente: USINA CAETE S A e Interessado: FAZENDA NACIONAL</p><p>17 - Processo nº: 15504.726164/2012-17 - Recorrente: WARLEY PONTELLO BARBOSA e Interessado: FAZENDA NACIONAL</p><p>Relator(a): LILIAN CLAUDIA DE SOUZA</p><p>18 - Processo nº: 15956.720247/2016-08 - Recorrente: ALEXANDRE DONIZETI DOS REIS CINTRA e Interessado: FAZENDA NACIONAL</p><p>19 - Processo nº: 12448.723900/2017-13 - Recorrente: ENRICO GATTUSO ALVARENGA e Interessado: FAZENDA NACIONAL</p><p>20 - Processo nº: 15586.720137/2017-74 - Recorrente: FERNANDA BORGO DE ALMEIDA BASTOS e Interessado: FAZENDA NACIONAL</p><p>21 - Processo nº: 18186.723013/2018-22 - Recorrente: FERNANDO CEZAR DE MATTOS e Interessado: FAZENDA NACIONAL</p><p>22 - Processo nº: 11543.720212/2019-12 - Recorrente: GERALDO BOTELHO DE FREITAS e Interessado: FAZENDA NACIONAL</p><p>23 - Processo nº: 10073.720247/2016-11 - Recorrente: HELDER MAURO DA SILVA MONTENEGRO e Interessado: FAZENDA NACIONAL</p><p>24 - Processo nº: 10073.720269/2017-62 - Recorrente: HELDER MAURO DA SILVA MONTENEGRO e Interessado: FAZENDA NACIONAL</p><p>25 - Processo nº: 10073.721992/2017-69 - Recorrente: HELDER MAURO DA SILVA MONTENEGRO e Interessado: FAZENDA NACIONAL</p><p>26 - Processo nº: 13074.724377/2021-79 - Recorrente: IVANILDO DA CONCEICAO e Interessado: FAZENDA NACIONAL</p><p>27 - Processo nº: 10380.726479/2024-10 - Recorrente: JOSE ALEXANDRE DANTAS e Interessado: FAZENDA NACIONAL</p><p>28 - Processo nº: 17734.721479/2015-24 - Recorrente: MARIA DAS GRACAS BARBOSA BARROS e Interessado: FAZENDA NACIONAL</p><p>29 - Processo nº: 10320.739068/2021-56 - Recorrente: MARIA DO SOCORRO COSTA LIMA e Interessado: FAZENDA NACIONAL</p><p>30 - Processo nº: 19374.720056/2014-78 - Recorrente: MARIA NELLY DE LIMA SAMPAIO BRITO e Interessado: FAZENDA NACIONAL</p><p>31 - Processo nº: 19374.720078/2015-19 - Recorrente: MARIA NELLY DE LIMA SAMPAIO BRITO e Interessado: FAZENDA NACIONAL</p><p>32 - Processo nº: 12448.729980/2016-21 - Recorrente: MARPHISA RIBEIRO PINHEIRO e Interessado: FAZENDA NACIONAL</p><p>33 - Processo nº: 18186.727960/2019-73 - Recorrente: REGINALDO FERREIRA LIMA e Interessado: FAZENDA NACIONAL</p><p>34 - Processo nº: 11610.006239/2009-78 - Recorrente: SUELY NOGUEIRA DIAS e Interessado: FAZENDA NACIONAL</p><p>35 - Processo nº: 11610.006240/2009-01 - Recorrente: SUELY NOGUEIRA DIAS e Interessado: FAZENDA NACIONAL</p><p>36 - Processo nº: 11610.006241/2009-47 - Recorrente: SUELY NOGUEIRA DIAS e Interessado: FAZENDA NACIONAL</p><p>37 - Processo nº: 10410.722465/2012-99 - Recorrente: ZIRLENO SOARES PEREIRA e Interessado: FAZENDA NACIONAL</p><p>Relator(a): RICARDO CHIAVEGATTO DE LIMA</p><p>38 - Processo nº: 10950.726108/2013-73 - Recorrente: CARLOS ZUCOLIN BELASQUE e Interessado: FAZENDA NACIONAL</p><p>39 - Processo nº: 10925.721688/2013-10 - Recorrente: IDALINO GRANDO e Interessado: FAZENDA NACIONAL</p><p>40 - Processo nº: 10435.721805/2013-67 - Recorrente: JOSE MANOEL DA SILVA e Interessado: FAZENDA NACIONAL</p><p>41 - Processo nº: 13974.720267/2013-84 - Recorrente: MARIA ANTONIA MARTINS e Interessado: FAZENDA NACIONAL</p><p>42 - Processo nº: 10925.720133/2012-70 - Recorrente: MARLENE TERESINHA STREHL MARQUES e Interessado: FAZENDA NACIONAL</p><p>43 - Processo nº: 10925.720144/2012-50 - Recorrente: MARLENE TERESINHA STREHL MARQUES e Interessado: FAZENDA NACIONAL</p><p>44 - Processo nº: 10950.724187/2013-88 - Recorrente: MELISSA VERONEZ PEGINI DE OLIVEIRA e Interessado: FAZENDA NACIONAL</p><p>45 - Processo nº: 10950.724188/2013-22 - Recorrente: MELISSA VERONEZ PEGINI DE OLIVEIRA e Interessado: FAZENDA NACIONAL</p><p>46 - Processo nº: 10950.720712/2013-96 - Recorrente: OSCAR TOMAZONI e Interessado: FAZENDA NACIONAL</p><p>47 - Processo nº: 10950.720713/2013-31 - Recorrente: OSCAR TOMAZONI e Interessado: FAZENDA NACIONAL</p><p class="assina">Ricardo Chiavegatto de Lima</p><p class="cargo">Presidente da 1ª Turma Extraordinária da 2ª Seção do CARF</p>]]></Texto>
  </body>
  <Midias />
</article></xml>