﻿<xml><article id="45726355" name="Ato de SIR - Ato 13868 (14460996" idOficio="11317538" pubName="DO1" artType="Ato" pubDate="01/10/2025" artClass="00014:00019:00014:00159:00007:00000:00000:00000:00000:00000:00006:00000" artCategory="Ministério das Comunicações/Agência Nacional de Telecomunicações/Superintendência de Fiscalização/Gerência Regional nos Estados do Ceará, Rio Grande do Norte e Piauí/Coordenação de Processo de Outorga e Recursos à Prestação" artSize="12" artNotes="" numberPage="19" pdfPage="http://pesquisa.in.gov.br/imprensa/jsp/visualiza/index.jsp?data=01/10/2025&amp;jornal=515&amp;pagina=19" editionNumber="187" highlightType="" highlightPriority="" highlight="" highlightimage="" highlightimagename="" idMateria="23164336">
  <body>
    <Identifica><![CDATA[ Ato nº 13.868, de 29 de setembro de 2025]]></Identifica>
    <Data><![CDATA[]]></Data>
    <Ementa />
    <Titulo />
    <SubTitulo />
    <Texto><![CDATA[<p class="identifica">Ato nº 13.868, de 29 de setembro de 2025</p><p>Expedir autorização a JOSE OTILIO ALVES FERREIRA, CPF nº ***.977.053-**, para explorar Serviços de Telecomunicações de Interesse Restrito, por prazo indeterminado, sem caráter de exclusividade, e tendo como área de prestação de serviço todo o território nacional.</p><p class="assina">Gilberto Studart Gurgel Neto</p><p class="cargo">Gerente</p>]]></Texto>
  </body>
  <Midias />
</article></xml>