﻿<xml><article id="45720968" name="RES 216 2025 DG_002" idOficio="11316703" pubName="DO1" artType="Resolução" pubDate="01/10/2025" artClass="00035:00044:00009:00000:00000:00000:00000:00000:00000:00000:00064:00000" artCategory="Ministério de Minas e Energia/Agência Nacional de Mineração/Diretoria Colegiada" artSize="12" artNotes="" numberPage="95" pdfPage="http://pesquisa.in.gov.br/imprensa/jsp/visualiza/index.jsp?data=01/10/2025&amp;jornal=515&amp;pagina=95" editionNumber="187" highlightType="" highlightPriority="" highlight="" highlightimage="" highlightimagename="" idMateria="23162398">
  <body>
    <Identifica />
    <Data><![CDATA[]]></Data>
    <Ementa />
    <Titulo />
    <SubTitulo />
    <Texto><![CDATA[<p>ANEXO II</p><p>DEMONSTRATIVO DAS ALTERAÇÕES DOS QUANTITATIVOS DOS CARGOS COMISSIONADOS EXECUTIVOS - CCE E FUNÇÕES COMISSIONADAS EXECUTIVAS - FCE, NOS TERMOS DO ANEXO II DO DECRETO N° 9.587, DE 2018, COM REDAÇÃO DADA PELO ANEXO III DO DECRETO N° 12.505, DE 2025, E COM BASE NA COMPETÊNCIA DO INCISO IV DO ART. 9°, DO ANEXO I, DO DECRETO N° 9.587, DE 2018</p><p /><p></p><table><tr /><tr><td rowspan="1" colspan="1"><p>ÓDIGO</p></td><td rowspan="1" colspan="1"><p>CCE-UNITÁRIO*</p></td><td rowspan="1" colspan="2"><p>SITUAÇÃO ATUAL (a)</p></td><td rowspan="1" colspan="2"><p>SITUAÇÃO NOVA (b)</p></td><td rowspan="1" colspan="2"><p>DIFERENÇA</p></td></tr><tr><td rowspan="1" colspan="1" /><td rowspan="1" colspan="1" /><td rowspan="1" colspan="2" /><td rowspan="1" colspan="2" /><td rowspan="1" colspan="2"><p>(c = b - a)</p></td></tr><tr><td rowspan="1" colspan="1" /><td rowspan="1" colspan="1" /><td rowspan="1" colspan="1"><p>QTD.</p></td><td rowspan="1" colspan="1"><p>VALOR TOTAL</p></td><td rowspan="1" colspan="1"><p>QTD.</p></td><td rowspan="1" colspan="1"><p>VALOR TOTAL</p></td><td rowspan="1" colspan="1"><p>QTD.</p></td><td rowspan="1" colspan="1"><p>VALOR TOTAL</p></td></tr><tr><td rowspan="1" colspan="1"><p>CCE-18</p></td><td rowspan="1" colspan="1"><p>7,65</p></td><td rowspan="1" colspan="1"><p>1</p></td><td rowspan="1" colspan="1"><p>7,65</p></td><td rowspan="1" colspan="1"><p>1</p></td><td rowspan="1" colspan="1"><p>7,65</p></td><td rowspan="1" colspan="1"><p>0</p></td><td rowspan="1" colspan="1"><p>0</p></td></tr><tr><td rowspan="1" colspan="1"><p>CCE-17</p></td><td rowspan="1" colspan="1"><p>7,08</p></td><td rowspan="1" colspan="1"><p>4</p></td><td rowspan="1" colspan="1"><p>28,32</p></td><td rowspan="1" colspan="1"><p>4</p></td><td rowspan="1" colspan="1"><p>28,32</p></td><td rowspan="1" colspan="1"><p>0</p></td><td rowspan="1" colspan="1"><p>0</p></td></tr><tr><td rowspan="1" colspan="1"><p>CCE-16</p></td><td rowspan="1" colspan="1"><p>6,23</p></td><td rowspan="1" colspan="1"><p>1</p></td><td rowspan="1" colspan="1"><p>6,23</p></td><td rowspan="1" colspan="1"><p>1</p></td><td rowspan="1" colspan="1"><p>6,23</p></td><td rowspan="1" colspan="1"><p>0</p></td><td rowspan="1" colspan="1"><p>0</p></td></tr><tr><td rowspan="1" colspan="1"><p>CCE-15</p></td><td rowspan="1" colspan="1"><p>5,41</p></td><td rowspan="1" colspan="1"><p>3</p></td><td rowspan="1" colspan="1"><p>16,23</p></td><td rowspan="1" colspan="1"><p>3</p></td><td rowspan="1" colspan="1"><p>16,23</p></td><td rowspan="1" colspan="1"><p>0</p></td><td rowspan="1" colspan="1"><p>0</p></td></tr><tr><td rowspan="1" colspan="1"><p>CCE-14</p></td><td rowspan="1" colspan="1"><p>4,63</p></td><td rowspan="1" colspan="1"><p>4</p></td><td rowspan="1" colspan="1"><p>18,52</p></td><td rowspan="1" colspan="1"><p>4</p></td><td rowspan="1" colspan="1"><p>18,52</p></td><td rowspan="1" colspan="1"><p>0</p></td><td rowspan="1" colspan="1"><p>0</p></td></tr><tr><td rowspan="1" colspan="1"><p>CCE-13</p></td><td rowspan="1" colspan="1"><p>4,12</p></td><td rowspan="1" colspan="1"><p>3</p></td><td rowspan="1" colspan="1"><p>12,36</p></td><td rowspan="1" colspan="1"><p>3</p></td><td rowspan="1" colspan="1"><p>12,36</p></td><td rowspan="1" colspan="1"><p>0</p></td><td rowspan="1" colspan="1"><p>0</p></td></tr><tr><td rowspan="1" colspan="1"><p>CCE-12</p></td><td rowspan="1" colspan="1"><p>3,1</p></td><td rowspan="1" colspan="1"><p>1</p></td><td rowspan="1" colspan="1"><p>3,1</p></td><td rowspan="1" colspan="1"><p>0</p></td><td rowspan="1" colspan="1"><p>0</p></td><td rowspan="1" colspan="1"><p>-1</p></td><td rowspan="1" colspan="1"><p>-3,1</p></td></tr><tr><td rowspan="1" colspan="1"><p>CCE-11</p></td><td rowspan="1" colspan="1"><p>2,47</p></td><td rowspan="1" colspan="1"><p>1</p></td><td rowspan="1" colspan="1"><p>2,47</p></td><td rowspan="1" colspan="1"><p>1</p></td><td rowspan="1" colspan="1"><p>2,47</p></td><td rowspan="1" colspan="1"><p>0</p></td><td rowspan="1" colspan="1"><p>0</p></td></tr><tr><td rowspan="1" colspan="1"><p>CCE-10</p></td><td rowspan="1" colspan="1"><p>2,12</p></td><td rowspan="1" colspan="1"><p>2</p></td><td rowspan="1" colspan="1"><p>4,24</p></td><td rowspan="1" colspan="1"><p>2</p></td><td rowspan="1" colspan="1"><p>4,24</p></td><td rowspan="1" colspan="1"><p>0</p></td><td rowspan="1" colspan="1"><p>0</p></td></tr><tr><td rowspan="1" colspan="1"><p>CCE-09</p></td><td rowspan="1" colspan="1"><p>1,67</p></td><td rowspan="1" colspan="1"><p>0</p></td><td rowspan="1" colspan="1"><p>0</p></td><td rowspan="1" colspan="1"><p>0</p></td><td rowspan="1" colspan="1"><p>0</p></td><td rowspan="1" colspan="1"><p>0</p></td><td rowspan="1" colspan="1"><p>0</p></td></tr><tr><td rowspan="1" colspan="1"><p>CCE-08</p></td><td rowspan="1" colspan="1"><p>1,6</p></td><td rowspan="1" colspan="1"><p>0</p></td><td rowspan="1" colspan="1"><p>0</p></td><td rowspan="1" colspan="1"><p>0</p></td><td rowspan="1" colspan="1"><p>0</p></td><td rowspan="1" colspan="1"><p>0</p></td><td rowspan="1" colspan="1"><p>0</p></td></tr><tr><td rowspan="1" colspan="1"><p>CCE-07</p></td><td rowspan="1" colspan="1"><p>1,39</p></td><td rowspan="1" colspan="1"><p>2</p></td><td rowspan="1" colspan="1"><p>2,78</p></td><td rowspan="1" colspan="1"><p>3</p></td><td rowspan="1" colspan="1"><p>4,17</p></td><td rowspan="1" colspan="1"><p>1</p></td><td rowspan="1" colspan="1"><p>1,39</p></td></tr><tr><td rowspan="1" colspan="1"><p>CCE-06</p></td><td rowspan="1" colspan="1"><p>1,17</p></td><td rowspan="1" colspan="1"><p>2</p></td><td rowspan="1" colspan="1"><p>2,34</p></td><td rowspan="1" colspan="1"><p>2</p></td><td rowspan="1" colspan="1"><p>2,34</p></td><td rowspan="1" colspan="1"><p>0</p></td><td rowspan="1" colspan="1"><p>0</p></td></tr><tr><td rowspan="1" colspan="1"><p>CCE-05</p></td><td rowspan="1" colspan="1"><p>1</p></td><td rowspan="1" colspan="1"><p>3</p></td><td rowspan="1" colspan="1"><p>3</p></td><td rowspan="1" colspan="1"><p>8</p></td><td rowspan="1" colspan="1"><p>8</p></td><td rowspan="1" colspan="1"><p>5</p></td><td rowspan="1" colspan="1"><p>5</p></td></tr><tr><td rowspan="1" colspan="1"><p>FCE-16</p></td><td rowspan="1" colspan="1"><p>3,74</p></td><td rowspan="1" colspan="1"><p>9</p></td><td rowspan="1" colspan="1"><p>33,66</p></td><td rowspan="1" colspan="1"><p>9</p></td><td rowspan="1" colspan="1"><p>33,66</p></td><td rowspan="1" colspan="1"><p>0</p></td><td rowspan="1" colspan="1"><p>0</p></td></tr><tr><td rowspan="1" colspan="1"><p>FCE-15</p></td><td rowspan="1" colspan="1"><p>3,25</p></td><td rowspan="1" colspan="1"><p>6</p></td><td rowspan="1" colspan="1"><p>19,5</p></td><td rowspan="1" colspan="1"><p>6</p></td><td rowspan="1" colspan="1"><p>19,5</p></td><td rowspan="1" colspan="1"><p>0</p></td><td rowspan="1" colspan="1"><p>0</p></td></tr><tr><td rowspan="1" colspan="1"><p>FCE-14</p></td><td rowspan="1" colspan="1"><p>2,78</p></td><td rowspan="1" colspan="1"><p>6</p></td><td rowspan="1" colspan="1"><p>16,68</p></td><td rowspan="1" colspan="1"><p>6</p></td><td rowspan="1" colspan="1"><p>16,68</p></td><td rowspan="1" colspan="1"><p>0</p></td><td rowspan="1" colspan="1"><p>0</p></td></tr><tr><td rowspan="1" colspan="1"><p>FCE-13</p></td><td rowspan="1" colspan="1"><p>2,47</p></td><td rowspan="1" colspan="1"><p>2</p></td><td rowspan="1" colspan="1"><p>4,94</p></td><td rowspan="1" colspan="1"><p>3</p></td><td rowspan="1" colspan="1"><p>7,41</p></td><td rowspan="1" colspan="1"><p>1</p></td><td rowspan="1" colspan="1"><p>2,47</p></td></tr><tr><td rowspan="1" colspan="1"><p>FCE-12</p></td><td rowspan="1" colspan="1"><p>1,86</p></td><td rowspan="1" colspan="1"><p>5</p></td><td rowspan="1" colspan="1"><p>9,3</p></td><td rowspan="1" colspan="1"><p>4</p></td><td rowspan="1" colspan="1"><p>7,44</p></td><td rowspan="1" colspan="1"><p>-1</p></td><td rowspan="1" colspan="1"><p>-1,86</p></td></tr><tr><td rowspan="1" colspan="1"><p>FCE-11</p></td><td rowspan="1" colspan="1"><p>1,48</p></td><td rowspan="1" colspan="1"><p>58</p></td><td rowspan="1" colspan="1"><p>85,84</p></td><td rowspan="1" colspan="1"><p>58</p></td><td rowspan="1" colspan="1"><p>85,84</p></td><td rowspan="1" colspan="1"><p>0</p></td><td rowspan="1" colspan="1"><p>0</p></td></tr><tr><td rowspan="1" colspan="1"><p>FCE-10</p></td><td rowspan="1" colspan="1"><p>1,27</p></td><td rowspan="1" colspan="1"><p>53</p></td><td rowspan="1" colspan="1"><p>67,31</p></td><td rowspan="1" colspan="1"><p>54</p></td><td rowspan="1" colspan="1"><p>68,58</p></td><td rowspan="1" colspan="1"><p>1</p></td><td rowspan="1" colspan="1"><p>1,27</p></td></tr><tr><td rowspan="1" colspan="1"><p>FCE-09</p></td><td rowspan="1" colspan="1"><p>1</p></td><td rowspan="1" colspan="1"><p>83</p></td><td rowspan="1" colspan="1"><p>83</p></td><td rowspan="1" colspan="1"><p>80</p></td><td rowspan="1" colspan="1"><p>80</p></td><td rowspan="1" colspan="1"><p>-3</p></td><td rowspan="1" colspan="1"><p>-3</p></td></tr><tr><td rowspan="1" colspan="1"><p>FCE-08</p></td><td rowspan="1" colspan="1"><p>0,96</p></td><td rowspan="1" colspan="1"><p>18</p></td><td rowspan="1" colspan="1"><p>17,28</p></td><td rowspan="1" colspan="1"><p>15</p></td><td rowspan="1" colspan="1"><p>14,4</p></td><td rowspan="1" colspan="1"><p>-3</p></td><td rowspan="1" colspan="1"><p>-2,88</p></td></tr><tr><td rowspan="1" colspan="1"><p>FCE-07</p></td><td rowspan="1" colspan="1"><p>0,83</p></td><td rowspan="1" colspan="1"><p>5</p></td><td rowspan="1" colspan="1"><p>4,15</p></td><td rowspan="1" colspan="1"><p>5</p></td><td rowspan="1" colspan="1"><p>4,15</p></td><td rowspan="1" colspan="1"><p>0</p></td><td rowspan="1" colspan="1"><p>0</p></td></tr><tr><td rowspan="1" colspan="1"><p>FCE-06</p></td><td rowspan="1" colspan="1"><p>0,7</p></td><td rowspan="1" colspan="1"><p>16</p></td><td rowspan="1" colspan="1"><p>11,2</p></td><td rowspan="1" colspan="1"><p>17</p></td><td rowspan="1" colspan="1"><p>11,9</p></td><td rowspan="1" colspan="1"><p>1</p></td><td rowspan="1" colspan="1"><p>0,7</p></td></tr><tr><td rowspan="1" colspan="1"><p>FCE-05</p></td><td rowspan="1" colspan="1"><p>0,6</p></td><td rowspan="1" colspan="1"><p>22</p></td><td rowspan="1" colspan="1"><p>13,2</p></td><td rowspan="1" colspan="1"><p>22</p></td><td rowspan="1" colspan="1"><p>13,2</p></td><td rowspan="1" colspan="1"><p>0</p></td><td rowspan="1" colspan="1"><p>0</p></td></tr><tr><td rowspan="1" colspan="1"><p>FCE-04</p></td><td rowspan="1" colspan="1"><p>0,44</p></td><td rowspan="1" colspan="1"><p>5</p></td><td rowspan="1" colspan="1"><p>2,2</p></td><td rowspan="1" colspan="1"><p>5</p></td><td rowspan="1" colspan="1"><p>2,2</p></td><td rowspan="1" colspan="1"><p>0</p></td><td rowspan="1" colspan="1"><p>0</p></td></tr><tr><td rowspan="1" colspan="1"><p>FCE-03</p></td><td rowspan="1" colspan="1"><p>0,37</p></td><td rowspan="1" colspan="1"><p>7</p></td><td rowspan="1" colspan="1"><p>2,59</p></td><td rowspan="1" colspan="1"><p>7</p></td><td rowspan="1" colspan="1"><p>2,59</p></td><td rowspan="1" colspan="1"><p>0</p></td><td rowspan="1" colspan="1"><p>0</p></td></tr><tr><td rowspan="1" colspan="2"><p>TOTAL</p></td><td rowspan="1" colspan="1"><p>322</p></td><td rowspan="1" colspan="1"><p>478,09</p></td><td rowspan="1" colspan="1"><p>323</p></td><td rowspan="1" colspan="1"><p>478,08</p></td><td rowspan="1" colspan="1"><p>1</p></td><td rowspan="1" colspan="1"><p>-0,01</p></td></tr></table>]]></Texto>
  </body>
  <Midias />
</article></xml>