﻿<xml><article id="45719360" name="2025-09-30/11316597/ANMWS_231617" idOficio="11316597" pubName="DO1" artType="Despacho" pubDate="01/10/2025" artClass="00035:00044:00019:00000:00000:00000:00000:00000:00000:00000:00024:00266" artCategory="Ministério de Minas e Energia/Agência Nacional de Mineração/Gerência Regional da ANM no Estado do Mato Grosso" artSize="12" artNotes="" numberPage="99" pdfPage="http://pesquisa.in.gov.br/imprensa/jsp/visualiza/index.jsp?data=01/10/2025&amp;jornal=515&amp;pagina=99" editionNumber="187" highlightType="" highlightPriority="" highlight="" highlightimage="" highlightimagename="" idMateria="23161775">
  <body>
    <Identifica><![CDATA[Despacho]]></Identifica>
    <Data><![CDATA[]]></Data>
    <Ementa />
    <Titulo />
    <SubTitulo />
    <Texto><![CDATA[<p class="identifica">Despacho</p><p class="identifica">Relação nº 266/2025</p><p>Fase de Requerimento de Licenciamento</p><p>O GERENTE REGIONAL DA AGÊNCIA NACIONAL DE MINERAÇÃO, no uso da competência delegada de que trata o Art. 23, inciso IV, alínea "a" da Ordem de Serviço nº 334, de 12 de agosto de 2025, outorga o(s) seguinte(s) Registro(s) de Licença com vigência a partir da data de publicação:(730)</p><p>Registro de Licença n°: 643/2025 - Processo nº: 866.584/2024 - Titular: CARLOS ARAUJO - Vencimento: 15/08/2044 - Substância(s): CASCALHO - Município(s): PRIMAVERA DO LESTE/MT</p><p>Registro de Licença n°: 813/2025 - Processo nº: 866.444/2025 - Titular: AGROPECUARIA SM3 LTDA - Vencimento: 26/05/2027 - Substância(s): CASCALHO - Município(s): ITIQUIRA/MT</p><p>Registro de Licença n°: 807/2025 - Processo nº: 866.082/2024 - Titular: FRANCIEL ARAUJO E SILVA - Vencimento: 22/11/2025 - Substância(s): AREIA, CASCALHO - Município(s): CAMPO NOVO DO PARECIS/MT</p><p class="assina">JOCY GONÇALO DE MIRANDA</p>]]></Texto>
  </body>
  <Midias />
</article></xml>