﻿<xml><article id="45719069" name="2025-09-30/11316583/ANMWS_231617" idOficio="11316583" pubName="DO1" artType="Despacho" pubDate="01/10/2025" artClass="00035:00044:00034:00000:00000:00000:00000:00000:00000:00000:00024:00265" artCategory="Ministério de Minas e Energia/Agência Nacional de Mineração/Gerência Regional da ANM no Estado do Pará" artSize="12" artNotes="" numberPage="102" pdfPage="http://pesquisa.in.gov.br/imprensa/jsp/visualiza/index.jsp?data=01/10/2025&amp;jornal=515&amp;pagina=102" editionNumber="187" highlightType="" highlightPriority="" highlight="" highlightimage="" highlightimagename="" idMateria="23161721">
  <body>
    <Identifica><![CDATA[Despacho]]></Identifica>
    <Data><![CDATA[]]></Data>
    <Ementa />
    <Titulo />
    <SubTitulo />
    <Texto><![CDATA[<p class="identifica">Despacho</p><p class="identifica">Relação nº 265/2025</p><p>Fase de Autorização de Pesquisa</p><p>Despacho publicado(256)</p><p>850.394/2012-HAVYLAH COMPANHIA DE MINERACAO E EXTRACAO IMPORTACAO E EXPORTACAO LTDA-AUTORIZA a suspensão de anuência prévia e averbação em relação ao processo minerários nº 850.394/2012, publicado no DOU de 16/06/2025, relação nº 183/2025, página nº 67- seção I, averbada em 18.06.2025, firmada entre JOSE LINO DE SOUSA - CPF: ***.013.896-** e HAVYLAH COMPANHIA DE MINERAÇÃO E EXTRAÇÃO DE MINÉRIOS LTDA - CNPJ: 83.355.727/0001-19.</p><p class="assina">HUGO PAIVA TAVARES DE SOUZA</p><p class="cargo">Gerente</p>]]></Texto>
  </body>
  <Midias />
</article></xml>