﻿<xml><article id="45722714" name="ATO ACORDAO NA 29" idOficio="11316342" pubName="DO1" artType="Acórdão" pubDate="01/10/2025" artClass="00071:00351:00000:00000:00000:00000:00000:00000:00000:00000:00002:00000" artCategory="Entidades de Fiscalização do Exercício das Profissões Liberais/Conselho Regional de Fisioterapia e Terapia Ocupacional da 7ª Região" artSize="12" artNotes="" numberPage="246" pdfPage="http://pesquisa.in.gov.br/imprensa/jsp/visualiza/index.jsp?data=01/10/2025&amp;jornal=515&amp;pagina=246" editionNumber="187" highlightType="" highlightPriority="" highlight="" highlightimage="" highlightimagename="" idMateria="23161451">
  <body>
    <Identifica><![CDATA[ ACORDÃO Nº 29, DE 26 DE SETEMBRO DE 2025]]></Identifica>
    <Data><![CDATA[]]></Data>
    <Ementa />
    <Titulo />
    <SubTitulo />
    <Texto><![CDATA[<p class="identifica">ACORDÃO Nº 29, DE 26 DE SETEMBRO DE 2025</p><p>PROCESSO ÉTICO Nº: 11/2019</p><p>REPRESENTANTE: A. N. M. e S. R. M. S.</p><p>REPRESENTADO(A): M. M. B.</p><p>CONSELHEIRA RELATORA: DRA. ROGÉRIA REIS SOUZA SAMWAYS</p><p>Decisão: "Realizado o julgamento do Processo Ético-Disciplinar nº 11/2019, acordaram os conselheiros do Conselho Regional de Fisioterapia e Terapia Ocupacional da 7º Região, por maioria, vencido o voto da Relatora, e de acordo com o voto divergente, em JULGAR PELA PROCEDÊNCIA da Representação, com a aplicação da penalidade de multa, equivalente a uma anuidade, nos termos do art. 17, III, da Lei nº 6316/75."</p><p class="assina">ROGÉRIA REIS SOUZA SAMWAYS</p><p class="cargo">Relatora</p>]]></Texto>
  </body>
  <Midias />
</article></xml>