﻿<xml><article id="45719882" name="2025-09-30/11316663/ANMWS_231622" idOficio="11316663" pubName="DO1" artType="Despacho" pubDate="01/10/2025" artClass="00035:00044:00023:00000:00000:00000:00000:00000:00000:00000:00024:00183" artCategory="Ministério de Minas e Energia/Agência Nacional de Mineração/Gerência Regional da ANM no Estado de Pernambuco" artSize="12" artNotes="" numberPage="100" pdfPage="http://pesquisa.in.gov.br/imprensa/jsp/visualiza/index.jsp?data=01/10/2025&amp;jornal=515&amp;pagina=100" editionNumber="187" highlightType="" highlightPriority="" highlight="" highlightimage="" highlightimagename="" idMateria="23162284">
  <body>
    <Identifica><![CDATA[Despacho]]></Identifica>
    <Data><![CDATA[]]></Data>
    <Ementa />
    <Titulo />
    <SubTitulo />
    <Texto><![CDATA[<p class="identifica">Despacho</p><p class="identifica">Relação nº 183/2025</p><p>Fase de Autorização de Pesquisa</p><p>Nega Aprovação ao relatório de pesquisa(318)</p><p>840.232/2021-CPM CAVALCANTI PETRIBU MINÉRIOS LTDA</p><p class="assina">WERTHER LARRAZABAL DA SILVA JÚNIOR</p><p class="cargo">Gerente</p>]]></Texto>
  </body>
  <Midias />
</article></xml>