﻿<xml><article id="46225894" name="ATO NA 16062 DE 29 DE OUTUBRO DE" idOficio="11377050" pubName="DO1" artType="Ato" pubDate="03/11/2025" artClass="00014:00019:00014:00154:00000:00000:00000:00000:00000:00000:00006:00000" artCategory="Ministério das Comunicações/Agência Nacional de Telecomunicações/Superintendência de Fiscalização/Gerência Regional nos Estados do Paraná e Santa Catarina" artSize="12" artNotes="" numberPage="29" pdfPage="http://pesquisa.in.gov.br/imprensa/jsp/visualiza/index.jsp?data=03/11/2025&amp;jornal=515&amp;pagina=29" editionNumber="209" highlightType="" highlightPriority="" highlight="" highlightimage="" highlightimagename="" idMateria="23271332">
  <body>
    <Identifica><![CDATA[             ATO Nº 16.062, DE 29 DE OUTUBRO DE 2025]]></Identifica>
    <Data><![CDATA[]]></Data>
    <Ementa />
    <Titulo />
    <SubTitulo />
    <Texto><![CDATA[<p class="identifica">ATO Nº 16.062, DE 29 DE OUTUBRO DE 2025</p><p>Processo nº 53520.001668/2025-28. Expede autorização à Fabio Roberto Pinheiro Vieira, CPF nº ***.602.279-**, para explorar o Serviço de Interesse Restrito, por prazo indeterminado, sem caráter de exclusividade, em âmbito nacional e internacional e tendo como área de prestação de serviço todo o território nacional.</p><p class="assina">Celso Francisco Zemann</p><p class="cargo">Gerente</p>]]></Texto>
  </body>
  <Midias />
</article></xml>