﻿<xml><article id="46240762" name="PT SAES NA 3411" idOficio="11379683" pubName="DO1" artType="Portaria" pubDate="03/11/2025" artClass="00047:00037:00000:00000:00000:00000:00000:00000:00000:00000:00017:00023" artCategory="Ministério da Saúde/Secretaria de Atenção Especializada à Saúde" artSize="24" artNotes="" numberPage="89" pdfPage="http://pesquisa.in.gov.br/imprensa/jsp/visualiza/index.jsp?data=03/11/2025&amp;jornal=515&amp;pagina=89" editionNumber="209" highlightType="" highlightPriority="" highlight="" highlightimage="" highlightimagename="" idMateria="23277327">
  <body>
    <Identifica><![CDATA[ Portaria SAES/MS Nº 3.411, DE 28 DE outubro DE 2025]]></Identifica>
    <Data><![CDATA[]]></Data>
    <Ementa><![CDATA[ Habilita, em Regime de Hospital Dia, o Hospital Regional do Vale do Rio do Pardo (RS).]]></Ementa>
    <Titulo />
    <SubTitulo />
    <Texto><![CDATA[<p class="identifica">Portaria SAES/MS Nº 3.411, DE 28 DE outubro DE 2025</p><p class="ementa">Habilita, em Regime de Hospital Dia, o Hospital Regional do Vale do Rio do Pardo (RS).</p><p>O SECRETÁRIO DE ATENÇÃO ESPECIALIZADA À SAÚDE, no uso das atribuições que lhe confere o Decreto nº 11.798, de 28 de novembro de 2023, alterado pelo Decreto nº 12.489, de 4 de junho de 2025, resolve:</p><p>Art. 1º Fica habilitado, no código 12.02 - Procedimentos cirúrgicos, diagnósticos ou terapêuticos, em Regime de Hospital Dia, o Hospital Regional do Vale do Rio do Pardo (RS), conforme descrito a seguir.</p><p /><p></p><table><tr /><tr><td rowspan="1" colspan="1"><p>UF</p></td><td rowspan="1" colspan="1"><p>IBGE</p></td><td rowspan="1" colspan="1"><p>MUNICÍPIO</p></td><td rowspan="1" colspan="1"><p>CNES</p></td><td rowspan="1" colspan="1"><p>ESTABELECIMENTO</p></td><td rowspan="1" colspan="1"><p>GESTÃO</p></td><td rowspan="1" colspan="1"><p>Nº LEITOS</p></td><td rowspan="1" colspan="1"><p>PROPOSTA SAIPS</p></td><td rowspan="1" colspan="1"><p>PROCESSO</p></td></tr><tr><td rowspan="1" colspan="1"><p>RS</p></td><td rowspan="1" colspan="1"><p>431570</p></td><td rowspan="1" colspan="1"><p>RIO PARDO</p></td><td rowspan="1" colspan="1"><p>2792974</p></td><td rowspan="1" colspan="1"><p>HOSPITAL REGIONAL DO VALE DO RIO PARDO</p></td><td rowspan="1" colspan="1"><p>ESTADUAL</p></td><td rowspan="1" colspan="1"><p>06</p></td><td rowspan="1" colspan="1"><p>217024</p></td><td rowspan="1" colspan="1"><p>25000.182854/2025-92</p></td></tr></table><p>Art. 2º A habilitação concedida por esta Portaria não acarretará impacto financeiro ao Estado e/ou Município, conforme dispõe o inciso V do art. 7º, do Anexo 1 do Anexo XXIV, da Portaria de Consolidação GM/MS nº 2, de 28 de setembro de 2017.</p><p>Art. 3º Esta Portaria entra em vigor na data de sua publicação.</p><p class="assina">MOZART JULIO TABOSA SALES</p>]]></Texto>
  </body>
  <Midias />
</article></xml>