﻿<xml><article id="46239898" name="resolucao_4355_2025 GGMED" idOficio="11379573" pubName="DO1" artType="Resolução" pubDate="03/11/2025" artClass="00047:00048:00014:00008:00000:00000:00000:00000:00000:00000:00064:34355" artCategory="Ministério da Saúde/Agência Nacional de Vigilância Sanitária/2ª Diretoria/Gerência-Geral de Medicamentos" artSize="12" artNotes="" numberPage="107" pdfPage="http://pesquisa.in.gov.br/imprensa/jsp/visualiza/index.jsp?data=03/11/2025&amp;jornal=515&amp;pagina=107" editionNumber="209" highlightType="" highlightPriority="" highlight="" highlightimage="" highlightimagename="" idMateria="23277041">
  <body>
    <Identifica><![CDATA[ RESOLUÇÃO-RE Nº 4.355, de 31 DE Outubro DE 2025]]></Identifica>
    <Data><![CDATA[]]></Data>
    <Ementa />
    <Titulo />
    <SubTitulo />
    <Texto><![CDATA[<p class="identifica">RESOLUÇÃO-RE Nº 4.355, de 31 DE Outubro DE 2025</p><p>O GERENTE-GERAL DE MEDICAMENTOS DA AGÊNCIA NACIONAL DE VIGILÂNCIA SANITÁRIA, no uso das atribuições que lhe confere o art. 100, aliado ao art. 203, I, § 1º do Regimento Interno aprovado pela Resolução da Diretoria Colegiada - RDC nº 585, de 10 de dezembro de 2021, resolve:</p><p>Art. 1º Publicar o cancelamento de registro a pedido dos medicamentos similares, genéricos e novos, sob o nº de expedientes constantes do anexo desta Resolução, nos termos do art. 51 da Lei nº 9.784, de 1999.</p><p>Art. 2º Esta Resolução entra em vigor na data de sua publicação.</p><p class="assina">RAPHAEL SANCHES PEREIRA</p><p class="anexo">ANEXO</p><p>RAZÃO SOCIAL CNPJ</p><p>N° PROCESSO EXPEDIENTE CANCELAMENTO MARCA COMERCIAL M.S.</p><p>--------------------------------------------------</p><p>ABBOTT LABORATORIOS DO BRASIL LTDA - 56.998.701/0001-16</p><p>25351.261048/2011-72 1366041/25-9 REVECTINA 105530351</p><p>ACHÉ LABORATÓRIOS FARMACÊUTICOS S.A - 60.659.463/0029-92</p><p>25351.860680/2018-00 1311379/25-8 bissulfato de clopidogrel 105730680</p><p>25351.647390/2012-85 1420510/25-8 CADENZA 105730480</p><p>25351.301590/2011-24 1297867/25-4 PRILO 105730488</p><p>--------------------------------------------------</p><p>BIOLAB SANUS FARMACEUTICA LTDA - 49.475.833/0001-06</p><p>25351.372485/2020-33 1374523/25-9 VALCORE 109740308</p><p>--------------------------------------------------</p><p>CELLERA FARMACEUTICA S.A. - 33.173.097/0002-74</p><p>25351.573417/2017-94 1322763/25-9 levofloxacino hemihidratado 104400208</p><p>--------------------------------------------------</p><p>CRISTÁLIA PRODUTOS QUÍMICOS FARMACÊUTICOS LTDA. - 44.734.671/0001-51</p><p>25351.335677/2022-21 1421276/25-9 FLEXSPORT 102980575</p><p>25351.012095/01-37 1411622/25-1 maleato de dexclorfeniramina + betametasona 102980278</p><p>25351.015276/01-98 1421431/25-4 nitrato de isoconazol 102980282</p><p>25351.163969/2024-17 1404821/25-2 PYCOS 102980598</p><p>--------------------------------------------------</p><p>DR. REDDYS FARMACÊUTICA DO BRASIL LTDA - 03.978.166/0001-75</p><p>25351.367452/2022-33 1369975/25-2 midostaurina 151430088</p><p>--------------------------------------------------</p><p>EMS S/A - 57.507.378/0003-65</p><p>25351.229310/2014-51 1366429/25-7 OLMEDIX ANLO 102351152</p><p>--------------------------------------------------</p><p>EUROFARMA LABORATORIOS S.A. - 61.190.096/0001-92</p><p>25351.071497/2015-58 1412493/25-1 besilato de anlodipino + losartana potássica 100431178</p><p>25351.041104/2025-81 1335707/25-5 esomeprazol sódico 100431540</p><p>25351.160581/2015-73 1412746/25-6 ZART ANLO 100431197</p><p>--------------------------------------------------</p><p>GERMED FARMACEUTICA LTDA - 45.992.062/0001-65</p><p>25351.321371/2014-75 1391326/25-3 citrato de sildenafila 105830791</p><p>25351.607084/2014-61 1384051/25-2 cloridrato de trazodona 105830789</p><p>25351.331381/2013-19 1384777/25-3 ezetimiba 105830786</p><p>--------------------------------------------------</p><p>JANSSEN-CILAG FARMACEUTICA LTDA - 51.780.468/0001-87</p><p>25351.150211/2019-51 1374342/25-4 bosentana 112363430</p><p>--------------------------------------------------</p><p>KENVUE LTDA. - 59.748.988/0001-14</p><p>25351.464652/2023-14 1376875/25-0 MYLICON 157211209</p><p>--------------------------------------------------</p><p>LEGRAND PHARMA INDUSTRIA FARMACEUTICA LTDA - 05.044.984/0001-26</p><p>25351.020274/2015-51 1415248/25-7 cloridrato de lercanidipino 167730411</p><p>25351.607083/2014-17 1389388/25-5 cloridratro de trazodona 167730413</p><p>25351.020275/2015-03 1363402/25-1 PREVIPRESS 167730412</p><p>25351.607088/2014-40 1399143/25-5 TRAZOSTAB 167730415</p><p>--------------------------------------------------</p><p>MCG INDUSTRIA FARMACEUTICA E IMPORTAÇAO LTDA - 18.755.529/0001-80</p><p>25351.047431/2025-47 1334571/25-2 risperidona 170420012</p><p>--------------------------------------------------</p><p>MOKSHA8 BRASIL INDUSTRIA E COMERCIO DE MEDICAMENTOS LTDA - 07.591.326/0001-80</p><p>25351.856244/2020-42 1401189/25-3 ULTRAPROCT LDO 164250007</p><p>--------------------------------------------------</p><p>MULTILAB INDUSTRIA E COMERCIO DE PRODUTOS FARMACEUTICOS LTDA - 92.265.552/0009-05</p><p>25351.062931/2022-66 1394784/25-2 cloridrato de metformina 118190248</p><p>--------------------------------------------------</p><p>NOVARTIS BIOCIENCIAS S.A - 56.994.502/0001-30</p><p>25000.008334/97-31 1306328/25-0 MIFLONIDE 100680093</p><p>25351.476451/2017-11 1306183/25-1 MIFLONIDE BRIZZ 100681170</p><p>--------------------------------------------------</p><p>ORGANON FARMACEUTICA LTDA. - 45.987.013/0001-34</p><p>25351.303273/2021-97 1412322/25-1 AVIANT 100290207</p><p>25351.357144/2021-19 1412609/25-9 AVIANT EFE 100290208</p><p>25351.373701/2021-49 1412741/25-4 VIATINE 100290209</p><p>--------------------------------------------------</p><p>SANOFI MEDLEY FARMACÊUTICA LTDA. - 10.588.595/0010-92</p><p>25351.411306/2019-57 1425326/25-1 SUPERAN 183260372</p>]]></Texto>
  </body>
  <Midias />
</article></xml>