﻿<xml><article id="46232696" name="ADE81453A1456" idOficio="11378228" pubName="DO1" artType="Ato Declaratório" pubDate="03/11/2025" artClass="00028:00033:00435:00100:00025:00000:00000:00000:00000:00000:00007:00003" artCategory="Ministério da Fazenda/Secretaria Especial da Receita Federal do Brasil/Secretaria-Adjunta/Superintendência Regional da Receita Federal do Brasil 8ª Região Fiscal/Delegacia da Receita Federal do Brasil em Sorocaba" artSize="12" artNotes="ok" numberPage="55" pdfPage="http://pesquisa.in.gov.br/imprensa/jsp/visualiza/index.jsp?data=03/11/2025&amp;jornal=515&amp;pagina=55" editionNumber="209" highlightType="" highlightPriority="" highlight="" highlightimage="" highlightimagename="" idMateria="23273339">
  <body>
    <Identifica><![CDATA[ ATO DECLARATÓRIO EXECUTIVO EQBEN/DELEBEN/SRRF08ª/RFB Nº 1.453, DE 30 DE OUTUBRO DE 2025]]></Identifica>
    <Data><![CDATA[]]></Data>
    <Ementa><![CDATA[ Concede Habilitação ao Regime Especial de Incentivos para o Desenvolvimento da Infraestrutura (REIDI) à pessoa jurídica que menciona.]]></Ementa>
    <Titulo />
    <SubTitulo />
    <Texto><![CDATA[<p class="identifica">ATO DECLARATÓRIO EXECUTIVO EQBEN/DELEBEN/SRRF08ª/RFB Nº 1.453, DE 30 DE OUTUBRO DE 2025</p><p class="ementa">Concede Habilitação ao Regime Especial de Incentivos para o Desenvolvimento da Infraestrutura (REIDI) à pessoa jurídica que menciona.</p><p>O AUDITOR-FISCAL DA RECEITA FEDERAL DO BRASIL EM EXERCÍCIO NA EQUIPE NACIONAL DE BENEFÍCIOS FISCAIS, Signatário, no uso das atribuições que lhes conferem a Lei nº 10.593 de 6 de dezembro de 2002 com redação dada pela Lei nº 11.457, de 2007, o art. 8º da Portaria RFB nº 372, de 26 de outubro de 2023, e os arts. 2º e 4º da Portaria RFB nº 114, de 27 de janeiro de 2022, com base nas competências do inciso IV do art. 303 do Regimento Interno da Secretaria Especial da Receita Federal do Brasil, aprovado pela Portaria ME nº 284, de 27 de julho de 2020, e tendo em vista o disposto nos arts. 646 a 663, da IN RFB nº 2121, de 15 de dezembro de 2022, e o que consta do processo administrativo nº 13031.278753/2025-70, declara:</p><p>Art. 1º. HABILITADA a pessoa jurídica NIBIRIO LOCACAO LTDA, CNPJ 40.222.926/0001-46, para operar no Regime Especial de Incentivos para o Desenvolvimento da infraestrutura (REIDI), instituído pela Lei Nº11.488/2007, aplicando-se a todos os estabelecimentos da pessoa jurídica, conforme disposto no art. 655, da Instrução Normativa RFB Nº 2.121/2022.</p><p>Art. 2º. A Habilitação aqui concedida fica vinculada à PORTARIA SNTEP/MME Nº 2948, DE 22 DE MAIO DE 2025, MINISTÉRIO DE MINAS E ENERGIA, Anexo 90, publicada no DOU de 23/05/2025, que aprovou no Regime Especial de Incentivos para o Desenvolvimento da Infraestrutura - Reidi o projeto: Unidade de minigeração distribuída, constituída por fonte fotovoltaica, Número da Unidade Consumidora (UC) 9101358836, data prevista de conclusão 22/04/2025, Município de Arcoverde, Estado de Pernambuco.</p><p>Art. 3º. A suspensão do PIS/PASEP e da COFINS pode ser usufruída no período de 5 (cinco) anos contados da data de publicação deste Ato, ressalvado o disposto no art. 4º.</p><p>Art. 4º. A presente Habilitação poderá ser cancelada "ex officio" pela Autoridade Fiscal em caso de inobservância, por parte da beneficiária, de quaisquer dos requisitos que condicionaram a concessão do Regime (Decreto Nº 6.144/2007, art. 10, Inciso II).</p><p>Art. 5º. Concluída a execução do projeto, deverá ser solicitado, no prazo de trinta dias, o cancelamento da respectiva Habilitação.</p><p>Art. 6º. A ausência da solicitação de que trata o art. 5º sujeita a pessoa jurídica habilitada a multa, nos termos da legislação aplicável.</p><p>Art. 7º. O presente Ato Declaratório Executivo entrará em vigor na data de sua publicação no Diário Oficial da União.</p><p class="assina">JOSÉ JOAQUIM DE OLIVEIRA CAETANO</p><p class="identifica">ATO DECLARATÓRIO EXECUTIVO EQBEN/DELEBEN/SRRF08ª/RFB Nº 1.454, DE 30 DE OUTUBRO DE 2025</p><p class="ementa">Concede Habilitação ao Regime Especial de Incentivos para o Desenvolvimento da Infraestrutura (REIDI) à pessoa jurídica que menciona.</p><p>O AUDITOR-FISCAL DA RECEITA FEDERAL DO BRASIL EM EXERCÍCIO NA EQUIPE NACIONAL DE BENEFÍCIOS FISCAIS, Signatário, no uso das atribuições que lhes conferem a Lei nº 10.593 de 6 de dezembro de 2002 com redação dada pela Lei nº 11.457, de 2007, o art. 8º da Portaria RFB nº 372, de 26 de outubro de 2023, e os arts. 2º e 4º da Portaria RFB nº 114, de 27 de janeiro de 2022, com base nas competências do inciso IV do art. 303 do Regimento Interno da Secretaria Especial da Receita Federal do Brasil, aprovado pela Portaria ME nº 284, de 27 de julho de 2020, e tendo em vista o disposto nos arts. 646 a 663, da IN RFB nº 2121, de 15 de dezembro de 2022, e o que consta do processo administrativo nº 13031.278998/2025-05, declara:</p><p>Art. 1º. HABILITADA a pessoa jurídica NIBIRIO LOCACAO LTDA, CNPJ 40.222.926/0001-46, para operar no Regime Especial de Incentivos para o Desenvolvimento da infraestrutura (REIDI), instituído pela Lei Nº11.488/2007, aplicando-se a todos os estabelecimentos da pessoa jurídica, conforme disposto no art. 655, da Instrução Normativa RFB Nº 2.121/2022.</p><p>Art. 2º. A Habilitação aqui concedida fica vinculada à PORTARIA SNTEP/MME Nº 2948, DE 22 DE MAIO DE 2025, MINISTÉRIO DE MINAS E ENERGIA, Anexo 91, publicada no DOU de 23/05/2025, que aprovou no Regime Especial de Incentivos para o Desenvolvimento da Infraestrutura - Reidi o projeto: Unidade de minigeração distribuída, constituída por fonte fotovoltaica, Número da Unidade Consumidora (UC) 9101361874, data prevista de conclusão 22/04/2025, Município de Arcoverde, Estado de Pernambuco.</p><p>Art. 3º. A suspensão do PIS/PASEP e da COFINS pode ser usufruída no período de 5 (cinco) anos contados da data de publicação deste Ato, ressalvado o disposto no art. 4º.</p><p>Art. 4º. A presente Habilitação poderá ser cancelada "ex officio" pela Autoridade Fiscal em caso de inobservância, por parte da beneficiária, de quaisquer dos requisitos que condicionaram a concessão do Regime (Decreto Nº 6.144/2007, art. 10, Inciso II).</p><p>Art. 5º. Concluída a execução do projeto, deverá ser solicitado, no prazo de trinta dias, o cancelamento da respectiva Habilitação.</p><p>Art. 6º. A ausência da solicitação de que trata o art. 5º sujeita a pessoa jurídica habilitada a multa, nos termos da legislação aplicável.</p><p>Art. 7º. O presente Ato Declaratório Executivo entrará em vigor na data de sua publicação no Diário Oficial da União.</p><p class="assina">JOSÉ JOAQUIM DE OLIVEIRA CAETANO</p><p>ATO DECLARATÓRIO EXECUTIVO EQBEN/DELEBEN/SRRF08ª/RFB Nº 1.455,DE 30 DE OUTUBRO DE 2025</p><p class="ementa">Concede Habilitação ao Regime Especial de Incentivos para o Desenvolvimento da Infraestrutura (REIDI) à pessoa jurídica que menciona.</p><p>O AUDITOR-FISCAL DA RECEITA FEDERAL DO BRASIL EM EXERCÍCIO NA EQUIPE NACIONAL DE BENEFÍCIOS FISCAIS, Signatário, no uso das atribuições que lhes conferem a Lei nº 10.593 de 6 de dezembro de 2002 com redação dada pela Lei nº 11.457, de 2007, o art. 8º da Portaria RFB nº 372, de 26 de outubro de 2023, e os arts. 2º e 4º da Portaria RFB nº 114, de 27 de janeiro de 2022, com base nas competências do inciso IV do art. 303 do Regimento Interno da Secretaria Especial da Receita Federal do Brasil, aprovado pela Portaria ME nº 284, de 27 de julho de 2020, e tendo em vista o disposto nos arts. 646 a 663, da IN RFB nº 2121, de 15 de dezembro de 2022, e o que consta do processo administrativo nº 13031.279042/2025-12, declara:</p><p>Art. 1º. HABILITADA a pessoa jurídica NIBIRIO LOCACAO LTDA, CNPJ 40.222.926/0001-46, para operar no Regime Especial de Incentivos para o Desenvolvimento da infraestrutura (REIDI), instituído pela Lei Nº11.488/2007, aplicando-se a todos os estabelecimentos da pessoa jurídica, conforme disposto no art. 655, da Instrução Normativa RFB Nº 2.121/2022.</p><p>Art. 2º. A Habilitação aqui concedida fica vinculada à PORTARIA SNTEP/MME Nº 2948, DE 22 DE MAIO DE 2025, MINISTÉRIO DE MINAS E ENERGIA, Anexo 92, publicada no DOU de 23/05/2025, que aprovou no Regime Especial de Incentivos para o Desenvolvimento da Infraestrutura - Reidi o projeto: Unidade de minigeração distribuída, constituída por fonte fotovoltaica, Número da Unidade Consumidora (UC) 9101361293, data prevista de conclusão 22/04/2025, Município de Arcoverde, Estado de Pernambuco.</p><p>Art. 3º. A suspensão do PIS/PASEP e da COFINS pode ser usufruída no período de 5 (cinco) anos contados da data de publicação deste Ato, ressalvado o disposto no art. 4º.</p><p>Art. 4º. A presente Habilitação poderá ser cancelada "ex officio" pela Autoridade Fiscal em caso de inobservância, por parte da beneficiária, de quaisquer dos requisitos que condicionaram a concessão do Regime (Decreto Nº 6.144/2007, art. 10, Inciso II).</p><p>Art. 5º. Concluída a execução do projeto, deverá ser solicitado, no prazo de trinta dias, o cancelamento da respectiva Habilitação.</p><p>Art. 6º. A ausência da solicitação de que trata o art. 5º sujeita a pessoa jurídica habilitada a multa, nos termos da legislação aplicável.</p><p>Art. 7º. O presente Ato Declaratório Executivo entrará em vigor na data de sua publicação no Diário Oficial da União.</p><p class="assina">JOSÉ JOAQUIM DE OLIVEIRA CAETANO</p><p class="identifica">ATO DECLARATÓRIO EXECUTIVO EQBEN/DELEBEN/SRRF08ª/RFB Nº 1.456, DE 31 DE OUTUBRO DE 2025</p><p class="ementa">Concede habilitação ao Regime Especial de Incentivos para o Desenvolvimento da Infra-Estrutura (Reidi) à pessoa jurídica que menciona.</p><p>O AUDITOR-FISCAL DA RECEITA FEDERAL DO BRASIL signatário, no uso das atribuições que lhe conferem a alínea "b" do inciso I do art. 6º da Lei nº 10.593, de 6 de dezembro de 2002 (Redação dada pela Lei nº 11.457, de 2007), o art. 8º da Portaria RFB nº 372, de 26 de outubro de 2023, e os arts. 2º e 4º da Portaria RFB nº 114, de 27 de janeiro de 2022, com base nas competências do inciso IV do art. 303 do Regimento Interno da Secretaria Especial da Receita Federal do Brasil, aprovado pela Portaria ME nº 284, de 27 de julho de 2020, tendo em vista o disposto nos arts. 646 a 663 da IN RFB nº 2.121, de 15 de dezembro de 2022, e o que consta do processo nº 13031.311607/2025-63, declara:</p><p>Art. 1º Concedida a habilitação ao Regime Especial de Incentivos para o Desenvolvimento da Infra-Estrutura (Reidi), instituído pela Lei nº 11.488, de 15 de junho de 2007, para a pessoa jurídica INFRAESTRUTURA BRASIL 37 S.A., CNPJ nº 43.405.531/0001-77, relativa ao projeto onde se prevê instalação de unidade de minigeração distribuída, constituída por fonte solar fotovoltaica, aprovado para enquadramento no regime pela Portaria SNTEP/MME nº 2.963, de 26 de junho de 2025, publicada no DOU nº 119, de 27/06/2025, Seção 1, Págs. 127, com data de conclusão inicialmente prevista em 21/12/2025.</p><p>Art. 2º Concluída a participação no projeto, deve ser requerido o cancelamento da respectiva habilitação, no prazo de trinta dias, contados da data em que adimplido o objeto do contrato, sob pena de sanção, em consonância com o disposto no art. 9º do Decreto nº 6.144/2007.</p><p>Art. 3º A beneficiada fica ciente da obrigação de manter-se em regularidade fiscal, quanto a impostos e contribuições federais, e em cumprimento aos requisitos que ensejaram a habilitação, sob pena de cancelamento de ofício, conforme estabelece o art. 10, inciso II, do Decreto nº 6.144/2007.</p><p>Art. 4º Este Ato Declaratório Executivo entra em vigor na data de sua publicação no Diário Oficial da União - DOU.</p><p class="assina">EDGAR SUEICHI YAGI</p>]]></Texto>
  </body>
  <Midias />
</article></xml>