﻿<xml><article id="46239964" name="1Despacho que homologa o Parecer" idOficio="11379592" pubName="DO1" artType="Despacho" pubDate="03/11/2025" artClass="00025:00001:00000:00000:00000:00000:00000:00000:00000:00000:00024:00000" artCategory="Ministério da Educação/Gabinete do Ministro" artSize="12" artNotes="" numberPage="39" pdfPage="http://pesquisa.in.gov.br/imprensa/jsp/visualiza/index.jsp?data=03/11/2025&amp;jornal=515&amp;pagina=39" editionNumber="209" highlightType="" highlightPriority="" highlight="" highlightimage="" highlightimagename="" idMateria="23277024">
  <body>
    <Identifica><![CDATA[ DESPACHO DE 30 DE OUTUBRO DE 2025]]></Identifica>
    <Data><![CDATA[]]></Data>
    <Ementa />
    <Titulo />
    <SubTitulo />
    <Texto><![CDATA[<p class="identifica">DESPACHO DE 30 DE OUTUBRO DE 2025</p><p>Nos termos do art. 2º da Lei nº 9.131, de 24 de novembro de 1995, e conforme os fundamentos expostos no Parecer nº 00839/2025/CONJUR-MEC/CGU/AGU, de 10 de outubro de 2025, da Consultoria Jurídica junto ao Ministério da Educação, homologo o Parecer CNE/CES nº 275/2025, da Câmara de Educação Superior do Conselho Nacional de Educação, que conheceu do recurso para, no mérito, negar-lhe provimento, mantendo a decisão expressa na Portaria nº 506, de 13 de setembro de 2024, da Secretaria de Regulação e Supervisão da Educação Superior, que determinou a desativação do curso superior de Biomedicina, bacharelado, ofertado pela Faculdade Padrão, com sede na Avenida Anhanguera Esq. com Rua do Algodão, nº 105, Bairro Rodoviário, no município de Goiânia, no estado de Goiás, conforme consta do Processo nº 23000.013214/2024-27(e-MEC nº 201109499).</p><p class="assina">CAMILO SOBREIRA DE SANTANA</p><p class="cargo">Ministro</p>]]></Texto>
  </body>
  <Midias />
</article></xml>