﻿<xml><article id="46235317" name="PORTARIA NA 4088__HGZJ6Z" idOficio="11378773" pubName="DO1" artType="Portaria" pubDate="03/11/2025" artClass="00025:00144:00000:00000:00000:00000:00000:00000:00000:00000:00054:00001" artCategory="Ministério da Educação/Fundação Universidade Federal do Acre" artSize="12" artNotes="" numberPage="45" pdfPage="http://pesquisa.in.gov.br/imprensa/jsp/visualiza/index.jsp?data=03/11/2025&amp;jornal=515&amp;pagina=45" editionNumber="209" highlightType="" highlightPriority="" highlight="" highlightimage="" highlightimagename="" idMateria="23275487">
  <body>
    <Identifica><![CDATA[ PORTARIA Nº 4.088, DE 31 DE outubro DE 2025]]></Identifica>
    <Data><![CDATA[]]></Data>
    <Ementa />
    <Titulo />
    <SubTitulo />
    <Texto><![CDATA[<p class="identifica">PORTARIA Nº 4.088, DE 31 DE outubro DE 2025</p><p>A REITORA DA UNIVERSIDADE FEDERAL DO ACRE, no uso de suas atribuições conferidas pelo Decreto de 9 de agosto de 2022, publicado no Diário Oficial da União (DOU) nº 151, Seção 2, Página 1, de 10 de agosto de 2022, combinado com o Art. 80, Incisos I e III, do Regimento Geral da Ufac; e considerando o que consta no processo administrativo nº 23107.033348/2025-57, resolve:</p><p>Art. 1º HOMOLOGAR o resultado final do Concurso Público, para provimento de Cargos da Carreira de Técnico-Administrativo em Educação, de Níveis Médio e Superior; para os campi de Cruzeiro do Sul e de Rio Branco; realizado nos termos do Edital PRODGEP nº 01/2025, conforme relação a seguir.</p><p>CAMPUS DE CRUZEIRO DO SUL</p><p>Bibliotecário-Documentalista - Ampla Concorrência</p><p /><p></p><table><tr /><tr><td rowspan="1" colspan="1"><p>Classificação</p></td><td rowspan="1" colspan="1"><p>Nome</p></td><td rowspan="1" colspan="1"><p>Pontuação Final</p></td></tr><tr><td rowspan="1" colspan="1"><p>1º</p></td><td rowspan="1" colspan="1"><p>Jamiris Andrade da Cruz</p></td><td rowspan="1" colspan="1"><p>71,00</p></td></tr><tr><td rowspan="1" colspan="1"><p>2º</p></td><td rowspan="1" colspan="1"><p>Laudynand Saboia Santos</p></td><td rowspan="1" colspan="1"><p>70,00</p></td></tr><tr><td rowspan="1" colspan="1"><p>3º</p></td><td rowspan="1" colspan="1"><p>Isaías Lopes dos Santos</p></td><td rowspan="1" colspan="1"><p>70,00</p></td></tr><tr><td rowspan="1" colspan="1"><p>4º</p></td><td rowspan="1" colspan="1"><p>Francisco Gomes da Costa Junior</p></td><td rowspan="1" colspan="1"><p>70,00</p></td></tr><tr><td rowspan="1" colspan="1"><p>5º</p></td><td rowspan="1" colspan="1"><p>Maria Luzeny Pessoa Barroso</p></td><td rowspan="1" colspan="1"><p>68,00</p></td></tr><tr><td rowspan="1" colspan="1"><p>6º</p></td><td rowspan="1" colspan="1"><p>Lissandro Lima e Lima</p></td><td rowspan="1" colspan="1"><p>68,00</p></td></tr><tr><td rowspan="1" colspan="1"><p>7º</p></td><td rowspan="1" colspan="1"><p>Maiane Rafaela Silva de Oliveira</p></td><td rowspan="1" colspan="1"><p>68,00</p></td></tr></table><p>Bibliotecário-Documentalista - Pessoas com Deficiência</p><p /><p></p><table><tr /><tr><td rowspan="1" colspan="1"><p>Classificação</p></td><td rowspan="1" colspan="1"><p>Nome</p></td><td rowspan="1" colspan="1"><p>Pontuação Final</p></td></tr><tr><td rowspan="1" colspan="1"><p>1º</p></td><td rowspan="1" colspan="1"><p>Maria Luzeny Pessoa Barroso</p></td><td rowspan="1" colspan="1"><p>68,00</p></td></tr></table><p>Bibliotecário-Documentalista - Pessoas Pretas e Pardas</p><p /><p></p><table><tr /><tr><td rowspan="1" colspan="1"><p>Classificação</p></td><td rowspan="1" colspan="1"><p>Nome</p></td><td rowspan="1" colspan="1"><p>Pontuação Final</p></td></tr><tr><td rowspan="1" colspan="1"><p>1º</p></td><td rowspan="1" colspan="1"><p>Jamiris Andrade da Cruz</p></td><td rowspan="1" colspan="1"><p>71,00</p></td></tr><tr><td rowspan="1" colspan="1"><p>2º</p></td><td rowspan="1" colspan="1"><p>Maria Soraya Lemos Barbosa</p></td><td rowspan="1" colspan="1"><p>64,00</p></td></tr><tr><td rowspan="1" colspan="1"><p>3º</p></td><td rowspan="1" colspan="1"><p>Sayonára Costa de Souza</p></td><td rowspan="1" colspan="1"><p>63,00</p></td></tr><tr><td rowspan="1" colspan="1"><p>4º</p></td><td rowspan="1" colspan="1"><p>Ewerton da Silva Nery</p></td><td rowspan="1" colspan="1"><p>61,00</p></td></tr><tr><td rowspan="1" colspan="1"><p>5º</p></td><td rowspan="1" colspan="1"><p>José Francisco Ferreira Sampaio</p></td><td rowspan="1" colspan="1"><p>59,00</p></td></tr></table><p>Engenheiro / Área: Civil - Ampla Concorrência</p><p /><p></p><table><tr /><tr><td rowspan="1" colspan="1"><p>Classificação</p></td><td rowspan="1" colspan="1"><p>Nome</p></td><td rowspan="1" colspan="1"><p>Pontuação Final</p></td></tr><tr><td rowspan="1" colspan="1"><p>1º</p></td><td rowspan="1" colspan="1"><p>João Gabriel Morais Maciel</p></td><td rowspan="1" colspan="1"><p>78,00</p></td></tr><tr><td rowspan="1" colspan="1"><p>2º</p></td><td rowspan="1" colspan="1"><p>Alex Uilian Almeida de Alencar</p></td><td rowspan="1" colspan="1"><p>73,00</p></td></tr><tr><td rowspan="1" colspan="1"><p>3º</p></td><td rowspan="1" colspan="1"><p>Jardel Borges Bezerra</p></td><td rowspan="1" colspan="1"><p>70,00</p></td></tr><tr><td rowspan="1" colspan="1"><p>4º</p></td><td rowspan="1" colspan="1"><p>Adryele Andrade de Araujo</p></td><td rowspan="1" colspan="1"><p>69,00</p></td></tr><tr><td rowspan="1" colspan="1"><p>5º</p></td><td rowspan="1" colspan="1"><p>Thainara Lima da Silva</p></td><td rowspan="1" colspan="1"><p>67,00</p></td></tr></table><p>Técnico em Assuntos Educacionais - Ampla Concorrência</p><p /><p></p><table><tr /><tr><td rowspan="1" colspan="1"><p>Classificação</p></td><td rowspan="1" colspan="1"><p>Nome</p></td><td rowspan="1" colspan="1"><p>Pontuação Final</p></td></tr><tr><td rowspan="1" colspan="1"><p>1º</p></td><td rowspan="1" colspan="1"><p>Roberta Alves da Silva</p></td><td rowspan="1" colspan="1"><p>81,00</p></td></tr><tr><td rowspan="1" colspan="1"><p>2º</p></td><td rowspan="1" colspan="1"><p>Jarisson Douglas de Souza Oliveira</p></td><td rowspan="1" colspan="1"><p>73,00</p></td></tr><tr><td rowspan="1" colspan="1"><p>3º</p></td><td rowspan="1" colspan="1"><p>Antonio Cleonaldo Bento da Silva</p></td><td rowspan="1" colspan="1"><p>71,00</p></td></tr><tr><td rowspan="1" colspan="1"><p>4º</p></td><td rowspan="1" colspan="1"><p>Luciana de Sousa Cordeiro</p></td><td rowspan="1" colspan="1"><p>70,00</p></td></tr><tr><td rowspan="1" colspan="1"><p>5º</p></td><td rowspan="1" colspan="1"><p>Yasmin Lucena da Silva</p></td><td rowspan="1" colspan="1"><p>70,00</p></td></tr></table><p>Técnico em Assuntos Educacionais - Pessoas com Deficiência</p><p /><p></p><table><tr /><tr><td rowspan="1" colspan="1"><p>Classificação</p></td><td rowspan="1" colspan="1"><p>Nome</p></td><td rowspan="1" colspan="1"><p>Pontuação Final</p></td></tr><tr><td rowspan="1" colspan="1"><p>1º</p></td><td rowspan="1" colspan="1"><p>Ana Paula de Almeida Silva</p></td><td rowspan="1" colspan="1"><p>55,00</p></td></tr></table><p>Técnico em Assuntos Educacionais - Pessoas Pretas e Pardas</p><p /><p></p><table><tr /><tr><td rowspan="1" colspan="1"><p>Classificação</p></td><td rowspan="1" colspan="1"><p>Nome</p></td><td rowspan="1" colspan="1"><p>Pontuação Final</p></td></tr><tr><td rowspan="1" colspan="1"><p>1º</p></td><td rowspan="1" colspan="1"><p>Jarisson Douglas de Souza Oliveira</p></td><td rowspan="1" colspan="1"><p>73,00</p></td></tr><tr><td rowspan="1" colspan="1"><p>2º</p></td><td rowspan="1" colspan="1"><p>Antonio Cleonaldo Bento da Silva</p></td><td rowspan="1" colspan="1"><p>71,00</p></td></tr><tr><td rowspan="1" colspan="1"><p>3º</p></td><td rowspan="1" colspan="1"><p>Luciana de Sousa Cordeiro</p></td><td rowspan="1" colspan="1"><p>70,00</p></td></tr><tr><td rowspan="1" colspan="1"><p>4º</p></td><td rowspan="1" colspan="1"><p>Yasmin Lucena da Silva</p></td><td rowspan="1" colspan="1"><p>70,00</p></td></tr><tr><td rowspan="1" colspan="1"><p>5º</p></td><td rowspan="1" colspan="1"><p>Blênio de Menezes Dantas</p></td><td rowspan="1" colspan="1"><p>69,00</p></td></tr></table><p>Técnico de Laboratório / Área: Química - Ampla Concorrência</p><p /><p></p><table><tr /><tr><td rowspan="1" colspan="1"><p>Classificação</p></td><td rowspan="1" colspan="1"><p>Nome</p></td><td rowspan="1" colspan="1"><p>Pontuação Final</p></td></tr><tr><td rowspan="1" colspan="1"><p>1º</p></td><td rowspan="1" colspan="1"><p>Larissa Pereira de Moura</p></td><td rowspan="1" colspan="1"><p>66,00</p></td></tr><tr><td rowspan="1" colspan="1"><p>2º</p></td><td rowspan="1" colspan="1"><p>Luciana de Sousa Cordeiro</p></td><td rowspan="1" colspan="1"><p>59,00</p></td></tr><tr><td rowspan="1" colspan="1"><p>3º</p></td><td rowspan="1" colspan="1"><p>Francisco Makson Aragão de Souza</p></td><td rowspan="1" colspan="1"><p>53,00</p></td></tr><tr><td rowspan="1" colspan="1"><p>4º</p></td><td rowspan="1" colspan="1"><p>Antonio Edivaldo Silveira Sousa</p></td><td rowspan="1" colspan="1"><p>52,00</p></td></tr></table><p>CAMPUS DE RIO BRANCO</p><p>Técnico de Laboratório / Área: Anatomia Humana - Ampla Concorrência</p><p /><p></p><table><tr /><tr><td rowspan="1" colspan="1"><p>Classificação</p></td><td rowspan="1" colspan="1"><p>Nome</p></td><td rowspan="1" colspan="1"><p>Pontuação Final</p></td></tr><tr><td rowspan="1" colspan="1"><p>1º</p></td><td rowspan="1" colspan="1"><p>Maria Aparecida Macambira da Silva</p></td><td rowspan="1" colspan="1"><p>78,00</p></td></tr><tr><td rowspan="1" colspan="1"><p>2º</p></td><td rowspan="1" colspan="1"><p>Dairo de Sousa Araujo</p></td><td rowspan="1" colspan="1"><p>77,00</p></td></tr><tr><td rowspan="1" colspan="1"><p>3º</p></td><td rowspan="1" colspan="1"><p>Catherine de Farias Sussuarana</p></td><td rowspan="1" colspan="1"><p>73,00</p></td></tr><tr><td rowspan="1" colspan="1"><p>4º</p></td><td rowspan="1" colspan="1"><p>Raylla Victória Neves de Souza</p></td><td rowspan="1" colspan="1"><p>67,00</p></td></tr><tr><td rowspan="1" colspan="1"><p>5º</p></td><td rowspan="1" colspan="1"><p>Ludmilla Silva Rego</p></td><td rowspan="1" colspan="1"><p>66,00</p></td></tr></table><p>Técnico de Laboratório / Área: Anatomia Humana - Pessoas com Deficiência</p><p /><p></p><table><tr /><tr><td rowspan="1" colspan="1"><p>Classificação</p></td><td rowspan="1" colspan="1"><p>Nome</p></td><td rowspan="1" colspan="1"><p>Pontuação Final</p></td></tr><tr><td rowspan="1" colspan="1"><p>1º</p></td><td rowspan="1" colspan="1"><p>Dairo de Sousa Araujo</p></td><td rowspan="1" colspan="1"><p>77,00</p></td></tr><tr><td rowspan="1" colspan="1"><p>2º</p></td><td rowspan="1" colspan="1"><p>Genilda de Andrade Barbosa</p></td><td rowspan="1" colspan="1"><p>60,00</p></td></tr><tr><td rowspan="1" colspan="1"><p>3º</p></td><td rowspan="1" colspan="1"><p>Maria Shirley dos Santos Mello</p></td><td rowspan="1" colspan="1"><p>60,00</p></td></tr></table><p>Técnico de Laboratório / Área: Anatomia Humana - Pessoas Pretas e Pardas</p><p /><p></p><table><tr /><tr><td rowspan="1" colspan="1"><p>Classificação</p></td><td rowspan="1" colspan="1"><p>Nome</p></td><td rowspan="1" colspan="1"><p>Pontuação Final</p></td></tr><tr><td rowspan="1" colspan="1"><p>1º</p></td><td rowspan="1" colspan="1"><p>Genilda de Andrade Barbosa</p></td><td rowspan="1" colspan="1"><p>60,00</p></td></tr></table><p>Técnico de Laboratório / Área: Anatomia Animal - Ampla Concorrência</p><p /><p></p><table><tr /><tr><td rowspan="1" colspan="1"><p>Classificação</p></td><td rowspan="1" colspan="1"><p>Nome</p></td><td rowspan="1" colspan="1"><p>Pontuação Final</p></td></tr><tr><td rowspan="1" colspan="1"><p>1º</p></td><td rowspan="1" colspan="1"><p>Matheus Agnaldo Szilagyi de Sousa</p></td><td rowspan="1" colspan="1"><p>84,00</p></td></tr><tr><td rowspan="1" colspan="1"><p>2º</p></td><td rowspan="1" colspan="1"><p>Mateus de Oliveira Aquino</p></td><td rowspan="1" colspan="1"><p>83,00</p></td></tr><tr><td rowspan="1" colspan="1"><p>3º</p></td><td rowspan="1" colspan="1"><p>Gustavo Araújo da Silva</p></td><td rowspan="1" colspan="1"><p>82,00</p></td></tr><tr><td rowspan="1" colspan="1"><p>4º</p></td><td rowspan="1" colspan="1"><p>Siham Kassab</p></td><td rowspan="1" colspan="1"><p>81,00</p></td></tr><tr><td rowspan="1" colspan="1"><p>5º</p></td><td rowspan="1" colspan="1"><p>Janaira Mattos Amorim</p></td><td rowspan="1" colspan="1"><p>79,00</p></td></tr></table><p>Técnico de Laboratório / Área: Anatomia Animal - Pessoas Pretas e Pardas</p><p /><p></p><table><tr /><tr><td rowspan="1" colspan="1"><p>Classificação</p></td><td rowspan="1" colspan="1"><p>Nome</p></td><td rowspan="1" colspan="1"><p>Pontuação Final</p></td></tr><tr><td rowspan="1" colspan="1"><p>1º</p></td><td rowspan="1" colspan="1"><p>Mateus de Oliveira Aquino</p></td><td rowspan="1" colspan="1"><p>83,00</p></td></tr></table><p>Técnico de Laboratório / Área: Entomologia - Ampla Concorrência</p><p /><p></p><table><tr /><tr><td rowspan="1" colspan="1"><p>Classificação</p></td><td rowspan="1" colspan="1"><p>Nome</p></td><td rowspan="1" colspan="1"><p>Pontuação Final</p></td></tr><tr><td rowspan="1" colspan="1"><p>1º</p></td><td rowspan="1" colspan="1"><p>Jarderson Cassimiro Carneiro</p></td><td rowspan="1" colspan="1"><p>74,00</p></td></tr><tr><td rowspan="1" colspan="1"><p>2º</p></td><td rowspan="1" colspan="1"><p>Gabriele Cristina Libanio Alemão</p></td><td rowspan="1" colspan="1"><p>73,00</p></td></tr><tr><td rowspan="1" colspan="1"><p>3º</p></td><td rowspan="1" colspan="1"><p>Alisson do Nascimento Alemao</p></td><td rowspan="1" colspan="1"><p>70,00</p></td></tr><tr><td rowspan="1" colspan="1"><p>4º</p></td><td rowspan="1" colspan="1"><p>Ruan Cezar Koczinski dos Reis</p></td><td rowspan="1" colspan="1"><p>69,00</p></td></tr><tr><td rowspan="1" colspan="1"><p>5º</p></td><td rowspan="1" colspan="1"><p>Lucas Kelvin Lima Aunario</p></td><td rowspan="1" colspan="1"><p>68,00</p></td></tr></table><p>Técnico de Laboratório / Área: Entomologia - Pessoas com Deficiência</p><p /><p></p><table><tr /><tr><td rowspan="1" colspan="1"><p>Classificação</p></td><td rowspan="1" colspan="1"><p>Nome</p></td><td rowspan="1" colspan="1"><p>Pontuação Final</p></td></tr><tr><td rowspan="1" colspan="1"><p>1º</p></td><td rowspan="1" colspan="1"><p>Wendrio Sales de Melo</p></td><td rowspan="1" colspan="1"><p>68,00</p></td></tr><tr><td rowspan="1" colspan="1"><p>2º</p></td><td rowspan="1" colspan="1"><p>Gabriel Gadelha de Lima</p></td><td rowspan="1" colspan="1"><p>50,00</p></td></tr></table><p>Técnico de Laboratório / Área: Entomologia - Pessoas Pretas e Pardas</p><p /><p></p><table><tr /><tr><td rowspan="1" colspan="1"><p>Classificação</p></td><td rowspan="1" colspan="1"><p>Nome</p></td><td rowspan="1" colspan="1"><p>Pontuação Final</p></td></tr><tr><td rowspan="1" colspan="1"><p>1º</p></td><td rowspan="1" colspan="1"><p>Nataniel Francisco da Silva</p></td><td rowspan="1" colspan="1"><p>64,00</p></td></tr><tr><td rowspan="1" colspan="1"><p>2º</p></td><td rowspan="1" colspan="1"><p>Kelliane Gomes da Silva</p></td><td rowspan="1" colspan="1"><p>55,00</p></td></tr></table><p>Técnico de Tecnologia da Informação - Ampla Concorrência</p><p /><p></p><table><tr /><tr><td rowspan="1" colspan="1"><p>Classificação</p></td><td rowspan="1" colspan="1"><p>Nome</p></td><td rowspan="1" colspan="1"><p>Pontuação Final</p></td></tr><tr><td rowspan="1" colspan="1"><p>1º</p></td><td rowspan="1" colspan="1"><p>Lucas Pinto Assem</p></td><td rowspan="1" colspan="1"><p>85,00</p></td></tr><tr><td rowspan="1" colspan="1"><p>2º</p></td><td rowspan="1" colspan="1"><p>André de Oliveira Cacau</p></td><td rowspan="1" colspan="1"><p>83,00</p></td></tr><tr><td rowspan="1" colspan="1"><p>3º</p></td><td rowspan="1" colspan="1"><p>Joao Carlos Pacifico Dias</p></td><td rowspan="1" colspan="1"><p>81,00</p></td></tr><tr><td rowspan="1" colspan="1"><p>4º</p></td><td rowspan="1" colspan="1"><p>Guilherme Araújo Bissat Amim</p></td><td rowspan="1" colspan="1"><p>79,00</p></td></tr><tr><td rowspan="1" colspan="1"><p>5º</p></td><td rowspan="1" colspan="1"><p>Hermann Douglas Bezerra de Almeida</p></td><td rowspan="1" colspan="1"><p>78,00</p></td></tr><tr><td rowspan="1" colspan="1"><p>6º</p></td><td rowspan="1" colspan="1"><p>Renilson dos Santos Oliveira</p></td><td rowspan="1" colspan="1"><p>78,00</p></td></tr><tr><td rowspan="1" colspan="1"><p>7º</p></td><td rowspan="1" colspan="1"><p>Antonio Rosenilson de Souza</p></td><td rowspan="1" colspan="1"><p>78,00</p></td></tr></table><p>Técnico de Tecnologia da Informação - Pessoas com Deficiência</p><p /><p></p><table><tr /><tr><td rowspan="1" colspan="1"><p>Classificação</p></td><td rowspan="1" colspan="1"><p>Nome</p></td><td rowspan="1" colspan="1"><p>Pontuação Final</p></td></tr><tr><td rowspan="1" colspan="1"><p>1º</p></td><td rowspan="1" colspan="1"><p>Kaina Augusto Souza Silva</p></td><td rowspan="1" colspan="1"><p>70,00</p></td></tr><tr><td rowspan="1" colspan="1"><p>2º</p></td><td rowspan="1" colspan="1"><p>Leonardo Hespanhol da Silva</p></td><td rowspan="1" colspan="1"><p>56,00</p></td></tr><tr><td rowspan="1" colspan="1"><p>3º</p></td><td rowspan="1" colspan="1"><p>Lucas de Queiroz Bruno</p></td><td rowspan="1" colspan="1"><p>50,00</p></td></tr></table><p>Técnico de Tecnologia da Informação - Pessoas Pretas e Pardas</p><p /><p></p><table><tr /><tr><td rowspan="1" colspan="1"><p>Classificação</p></td><td rowspan="1" colspan="1"><p>Nome</p></td><td rowspan="1" colspan="1"><p>Pontuação Final</p></td></tr><tr><td rowspan="1" colspan="1"><p>1º</p></td><td rowspan="1" colspan="1"><p>Renilson dos Santos Oliveira</p></td><td rowspan="1" colspan="1"><p>78,00</p></td></tr><tr><td rowspan="1" colspan="1"><p>2º</p></td><td rowspan="1" colspan="1"><p>Marcio Soares dos Santos Moreira</p></td><td rowspan="1" colspan="1"><p>76,00</p></td></tr><tr><td rowspan="1" colspan="1"><p>3º</p></td><td rowspan="1" colspan="1"><p>Jeovane Peixoto Ferreira</p></td><td rowspan="1" colspan="1"><p>75,00</p></td></tr><tr><td rowspan="1" colspan="1"><p>4º</p></td><td rowspan="1" colspan="1"><p>Paulo Henrique Mendes Lira</p></td><td rowspan="1" colspan="1"><p>75,00</p></td></tr><tr><td rowspan="1" colspan="1"><p>5º</p></td><td rowspan="1" colspan="1"><p>Josiel Mendonça Barbosa</p></td><td rowspan="1" colspan="1"><p>75,00</p></td></tr><tr><td rowspan="1" colspan="1"><p>6º</p></td><td rowspan="1" colspan="1"><p>Ezequiel Ico Rodrigues da Silva</p></td><td rowspan="1" colspan="1"><p>74,00</p></td></tr><tr><td rowspan="1" colspan="1"><p>7º</p></td><td rowspan="1" colspan="1"><p>Italo Jonatha Mesquita Cardoso</p></td><td rowspan="1" colspan="1"><p>74,00</p></td></tr><tr><td rowspan="1" colspan="1"><p>8º</p></td><td rowspan="1" colspan="1"><p>Cauã Danilo Domingos Farrapo</p></td><td rowspan="1" colspan="1"><p>74,00</p></td></tr><tr><td rowspan="1" colspan="1"><p>9º</p></td><td rowspan="1" colspan="1"><p>Kauã Gabriel Pereira Soares</p></td><td rowspan="1" colspan="1"><p>72,00</p></td></tr><tr><td rowspan="1" colspan="1"><p>10º</p></td><td rowspan="1" colspan="1"><p>Elivelton Severiano de Souza</p></td><td rowspan="1" colspan="1"><p>72,00</p></td></tr><tr><td rowspan="1" colspan="1"><p>11º</p></td><td rowspan="1" colspan="1"><p>Vitor Clesio Silva de Souza</p></td><td rowspan="1" colspan="1"><p>70,00</p></td></tr><tr><td rowspan="1" colspan="1"><p>12º</p></td><td rowspan="1" colspan="1"><p>Daniela Silva Gomes</p></td><td rowspan="1" colspan="1"><p>70,00</p></td></tr><tr><td rowspan="1" colspan="1"><p>13º</p></td><td rowspan="1" colspan="1"><p>Maria Fernanda Moura Cordeiro</p></td><td rowspan="1" colspan="1"><p>70,00</p></td></tr><tr><td rowspan="1" colspan="1"><p>14º</p></td><td rowspan="1" colspan="1"><p>Kaina Augusto Souza Silva</p></td><td rowspan="1" colspan="1"><p>70,00</p></td></tr></table><p>Estatístico - Ampla Concorrência</p><p /><p></p><table><tr /><tr><td rowspan="1" colspan="1"><p>Classificação</p></td><td rowspan="1" colspan="1"><p>Nome</p></td><td rowspan="1" colspan="1"><p>Pontuação Final</p></td></tr><tr><td rowspan="1" colspan="1"><p>1º</p></td><td rowspan="1" colspan="1"><p>Rafael Costa Marinho</p></td><td rowspan="1" colspan="1"><p>50,00</p></td></tr></table><p>Pedagogo - Ampla Concorrência</p><p /><p></p><table><tr /><tr><td rowspan="1" colspan="1"><p>Classificação</p></td><td rowspan="1" colspan="1"><p>Nome</p></td><td rowspan="1" colspan="1"><p>Pontuação Final</p></td></tr><tr><td rowspan="1" colspan="1"><p>1º</p></td><td rowspan="1" colspan="1"><p>Angela Maria da Silva Mendonça</p></td><td rowspan="1" colspan="1"><p>82,00</p></td></tr><tr><td rowspan="1" colspan="1"><p>2º</p></td><td rowspan="1" colspan="1"><p>Ana Karolina Alves dos Prazeres</p></td><td rowspan="1" colspan="1"><p>78,00</p></td></tr><tr><td rowspan="1" colspan="1"><p>3º</p></td><td rowspan="1" colspan="1"><p>Fernanda Maria Diniz Barros</p></td><td rowspan="1" colspan="1"><p>77,00</p></td></tr><tr><td rowspan="1" colspan="1"><p>4º</p></td><td rowspan="1" colspan="1"><p>Daniel de Araújo Barbosa Marques</p></td><td rowspan="1" colspan="1"><p>76,00</p></td></tr><tr><td rowspan="1" colspan="1"><p>5º</p></td><td rowspan="1" colspan="1"><p>Getúlio Rodrigues dos Santos Filho</p></td><td rowspan="1" colspan="1"><p>74,00</p></td></tr></table><p>Pedagogo - Pessoas com Deficiência</p><p /><p></p><table><tr /><tr><td rowspan="1" colspan="1"><p>Classificação</p></td><td rowspan="1" colspan="1"><p>Nome</p></td><td rowspan="1" colspan="1"><p>Pontuação Final</p></td></tr><tr><td rowspan="1" colspan="1"><p>1º</p></td><td rowspan="1" colspan="1"><p>Antonio Luciano Santos Araujo</p></td><td rowspan="1" colspan="1"><p>57,00</p></td></tr><tr><td rowspan="1" colspan="1"><p>2º</p></td><td rowspan="1" colspan="1"><p>Edna Cristina Cordeiro Coelho</p></td><td rowspan="1" colspan="1"><p>55,00</p></td></tr></table><p>Pedagogo - Pessoas Pretas e Pardas</p><p /><p></p><table><tr /><tr><td rowspan="1" colspan="1"><p>Classificação</p></td><td rowspan="1" colspan="1"><p>Nome</p></td><td rowspan="1" colspan="1"><p>Pontuação Final</p></td></tr><tr><td rowspan="1" colspan="1"><p>1º</p></td><td rowspan="1" colspan="1"><p>Claudiomar da Silva Farias</p></td><td rowspan="1" colspan="1"><p>72,00</p></td></tr><tr><td rowspan="1" colspan="1"><p>2º</p></td><td rowspan="1" colspan="1"><p>Jefferson Rodrigues Soares de Souza</p></td><td rowspan="1" colspan="1"><p>70,00</p></td></tr><tr><td rowspan="1" colspan="1"><p>3º</p></td><td rowspan="1" colspan="1"><p>Eliane Gonçalves Figueiredo</p></td><td rowspan="1" colspan="1"><p>63,00</p></td></tr><tr><td rowspan="1" colspan="1"><p>4º</p></td><td rowspan="1" colspan="1"><p>Ana Ingridy Silva Rodrigues</p></td><td rowspan="1" colspan="1"><p>62,00</p></td></tr><tr><td rowspan="1" colspan="1"><p>5º</p></td><td rowspan="1" colspan="1"><p>Rosimeire Silva de Souza</p></td><td rowspan="1" colspan="1"><p>58,00</p></td></tr></table><p>Técnico em Assuntos Educacionais - Ampla Concorrência</p><p /><p></p><table><tr /><tr><td rowspan="1" colspan="1"><p>Classificação</p></td><td rowspan="1" colspan="1"><p>Nome</p></td><td rowspan="1" colspan="1"><p>Pontuação Final</p></td></tr><tr><td rowspan="1" colspan="1"><p>1º</p></td><td rowspan="1" colspan="1"><p>Priscila Costa Lima</p></td><td rowspan="1" colspan="1"><p>86,00</p></td></tr><tr><td rowspan="1" colspan="1"><p>2º</p></td><td rowspan="1" colspan="1"><p>Ingrid Silva Santos</p></td><td rowspan="1" colspan="1"><p>83,00</p></td></tr><tr><td rowspan="1" colspan="1"><p>3º</p></td><td rowspan="1" colspan="1"><p>Natalia da Silva Souza</p></td><td rowspan="1" colspan="1"><p>82,00</p></td></tr><tr><td rowspan="1" colspan="1"><p>4º</p></td><td rowspan="1" colspan="1"><p>Manoel Carlos Guedes Neto</p></td><td rowspan="1" colspan="1"><p>82,00</p></td></tr><tr><td rowspan="1" colspan="1"><p>5º</p></td><td rowspan="1" colspan="1"><p>Francisca Raniele Almeida Alves</p></td><td rowspan="1" colspan="1"><p>81,00</p></td></tr><tr><td rowspan="1" colspan="1"><p>6º</p></td><td rowspan="1" colspan="1"><p>Rafael Cauê Leite Fabrício</p></td><td rowspan="1" colspan="1"><p>80,00</p></td></tr><tr><td rowspan="1" colspan="1"><p>7º</p></td><td rowspan="1" colspan="1"><p>Juscineia dos Santos Delfino de Carvalho</p></td><td rowspan="1" colspan="1"><p>80,00</p></td></tr><tr><td rowspan="1" colspan="1"><p>8º</p></td><td rowspan="1" colspan="1"><p>Andre Moreira de Melo Filho</p></td><td rowspan="1" colspan="1"><p>80,00</p></td></tr><tr><td rowspan="1" colspan="1"><p>9º</p></td><td rowspan="1" colspan="1"><p>Juliana Oliveira Rodrigues de Queiros</p></td><td rowspan="1" colspan="1"><p>80,00</p></td></tr><tr><td rowspan="1" colspan="1"><p>10º</p></td><td rowspan="1" colspan="1"><p>Iglesson Menezes dos Reis</p></td><td rowspan="1" colspan="1"><p>79,00</p></td></tr><tr><td rowspan="1" colspan="1"><p>11º</p></td><td rowspan="1" colspan="1"><p>Diego Jesus Rosa Codinhoto</p></td><td rowspan="1" colspan="1"><p>79,00</p></td></tr><tr><td rowspan="1" colspan="1"><p>12º</p></td><td rowspan="1" colspan="1"><p>Ronan Borges Cavalcante</p></td><td rowspan="1" colspan="1"><p>79,00</p></td></tr><tr><td rowspan="1" colspan="1"><p>13º</p></td><td rowspan="1" colspan="1"><p>Gilberto Alves de Oliveira Junior</p></td><td rowspan="1" colspan="1"><p>79,00</p></td></tr><tr><td rowspan="1" colspan="1"><p>14º</p></td><td rowspan="1" colspan="1"><p>Érica Alves do Couto</p></td><td rowspan="1" colspan="1"><p>78,00</p></td></tr><tr><td rowspan="1" colspan="1"><p>15º</p></td><td rowspan="1" colspan="1"><p>Leidy Daiany Sussuarana de Souza</p></td><td rowspan="1" colspan="1"><p>78,00</p></td></tr><tr><td rowspan="1" colspan="1"><p>16º</p></td><td rowspan="1" colspan="1"><p>Aline Souza da Fonseca</p></td><td rowspan="1" colspan="1"><p>78,00</p></td></tr><tr><td rowspan="1" colspan="1"><p>17º</p></td><td rowspan="1" colspan="1"><p>Paulo de Alencar Souza</p></td><td rowspan="1" colspan="1"><p>78,00</p></td></tr><tr><td rowspan="1" colspan="1"><p>18º</p></td><td rowspan="1" colspan="1"><p>Daniel Lennon Almada Silva</p></td><td rowspan="1" colspan="1"><p>78,00</p></td></tr><tr><td rowspan="1" colspan="1"><p>19º</p></td><td rowspan="1" colspan="1"><p>Marcelle Paulino Rodrigues</p></td><td rowspan="1" colspan="1"><p>77,00</p></td></tr><tr><td rowspan="1" colspan="1"><p>20º</p></td><td rowspan="1" colspan="1"><p>Maria de Fátima Bandeira de Souza</p></td><td rowspan="1" colspan="1"><p>77,00</p></td></tr><tr><td rowspan="1" colspan="1"><p>21º</p></td><td rowspan="1" colspan="1"><p>Victoria Claudia de Souza Melo</p></td><td rowspan="1" colspan="1"><p>77,00</p></td></tr><tr><td rowspan="1" colspan="1"><p>22º</p></td><td rowspan="1" colspan="1"><p>Dayane Brito de Albuquerque Silva</p></td><td rowspan="1" colspan="1"><p>77,00</p></td></tr><tr><td rowspan="1" colspan="1"><p>23º</p></td><td rowspan="1" colspan="1"><p>Maria Lionilde Araújo da Silva</p></td><td rowspan="1" colspan="1"><p>76,00</p></td></tr><tr><td rowspan="1" colspan="1"><p>24º</p></td><td rowspan="1" colspan="1"><p>Cleide Sônia Pinheiro de Sousa</p></td><td rowspan="1" colspan="1"><p>76,00</p></td></tr><tr><td rowspan="1" colspan="1"><p>25º</p></td><td rowspan="1" colspan="1"><p>Gabriele de Souza Xavier</p></td><td rowspan="1" colspan="1"><p>76,00</p></td></tr><tr><td rowspan="1" colspan="1"><p>26º</p></td><td rowspan="1" colspan="1"><p>Cleiton Henrique da Silva Souza</p></td><td rowspan="1" colspan="1"><p>76,00</p></td></tr><tr><td rowspan="1" colspan="1"><p>27º</p></td><td rowspan="1" colspan="1"><p>Kelly Cristina de Faria Xavier Maggi</p></td><td rowspan="1" colspan="1"><p>76,00</p></td></tr><tr><td rowspan="1" colspan="1"><p>28º</p></td><td rowspan="1" colspan="1"><p>Evelin Torres Lopes Gomes</p></td><td rowspan="1" colspan="1"><p>76,00</p></td></tr><tr><td rowspan="1" colspan="1"><p>29º</p></td><td rowspan="1" colspan="1"><p>Luana da Costa Loureiro</p></td><td rowspan="1" colspan="1"><p>76,00</p></td></tr><tr><td rowspan="1" colspan="1"><p>30º</p></td><td rowspan="1" colspan="1"><p>Fernanda Araújo de Lima Oliveira</p></td><td rowspan="1" colspan="1"><p>75,00</p></td></tr><tr><td rowspan="1" colspan="1"><p>31º</p></td><td rowspan="1" colspan="1"><p>Andrey Silva do Amaral</p></td><td rowspan="1" colspan="1"><p>75,00</p></td></tr><tr><td rowspan="1" colspan="1"><p>32º</p></td><td rowspan="1" colspan="1"><p>Andressa Santos da Rocha</p></td><td rowspan="1" colspan="1"><p>75,00</p></td></tr><tr><td rowspan="1" colspan="1"><p>33º</p></td><td rowspan="1" colspan="1"><p>Ana Carolynna Pereira dos Santos</p></td><td rowspan="1" colspan="1"><p>75,00</p></td></tr><tr><td rowspan="1" colspan="1"><p>34º</p></td><td rowspan="1" colspan="1"><p>Edclei da Silva Bezerra</p></td><td rowspan="1" colspan="1"><p>75,00</p></td></tr><tr><td rowspan="1" colspan="1"><p>35º</p></td><td rowspan="1" colspan="1"><p>Mirian Silva Ferreira</p></td><td rowspan="1" colspan="1"><p>75,00</p></td></tr><tr><td rowspan="1" colspan="1"><p>36º</p></td><td rowspan="1" colspan="1"><p>Francisco Gilvan Martins do Nascimento</p></td><td rowspan="1" colspan="1"><p>74,00</p></td></tr><tr><td rowspan="1" colspan="1"><p>37º</p></td><td rowspan="1" colspan="1"><p>Raquel de Souza Furtado</p></td><td rowspan="1" colspan="1"><p>74,00</p></td></tr><tr><td rowspan="1" colspan="1"><p>38º</p></td><td rowspan="1" colspan="1"><p>Karolayne Almeida de Souza</p></td><td rowspan="1" colspan="1"><p>74,00</p></td></tr><tr><td rowspan="1" colspan="1"><p>39º</p></td><td rowspan="1" colspan="1"><p>Adriel Freitas da Cunha</p></td><td rowspan="1" colspan="1"><p>74,00</p></td></tr><tr><td rowspan="1" colspan="1"><p>40º</p></td><td rowspan="1" colspan="1"><p>Claudio Alves Rocha Filho</p></td><td rowspan="1" colspan="1"><p>74,00</p></td></tr><tr><td rowspan="1" colspan="1"><p>41º</p></td><td rowspan="1" colspan="1"><p>Doralice Pereira Rodrigues</p></td><td rowspan="1" colspan="1"><p>74,00</p></td></tr><tr><td rowspan="1" colspan="1"><p>42º</p></td><td rowspan="1" colspan="1"><p>Marcel Martins da Silva</p></td><td rowspan="1" colspan="1"><p>74,00</p></td></tr><tr><td rowspan="1" colspan="1"><p>43º</p></td><td rowspan="1" colspan="1"><p>Ana Rafaela Melo Rolim</p></td><td rowspan="1" colspan="1"><p>74,00</p></td></tr></table><p>Técnico em Assuntos Educacionais - Pessoas com Deficiência</p><p /><p></p><table><tr /><tr><td rowspan="1" colspan="1"><p>Classificação</p></td><td rowspan="1" colspan="1"><p>Nome</p></td><td rowspan="1" colspan="1"><p>Pontuação Final</p></td></tr><tr><td rowspan="1" colspan="1"><p>1º</p></td><td rowspan="1" colspan="1"><p>Victoria Claudia de Souza Melo</p></td><td rowspan="1" colspan="1"><p>77,00</p></td></tr><tr><td rowspan="1" colspan="1"><p>2º</p></td><td rowspan="1" colspan="1"><p>Cristainer Rizelle Amorim Cristino</p></td><td rowspan="1" colspan="1"><p>72,00</p></td></tr><tr><td rowspan="1" colspan="1"><p>3º</p></td><td rowspan="1" colspan="1"><p>Cleilson Rezende da Silva</p></td><td rowspan="1" colspan="1"><p>72,00</p></td></tr><tr><td rowspan="1" colspan="1"><p>4º</p></td><td rowspan="1" colspan="1"><p>Ocimar Leitão Mendes</p></td><td rowspan="1" colspan="1"><p>70,00</p></td></tr><tr><td rowspan="1" colspan="1"><p>5º</p></td><td rowspan="1" colspan="1"><p>Rafael Nogueira Gomes</p></td><td rowspan="1" colspan="1"><p>70,00</p></td></tr><tr><td rowspan="1" colspan="1"><p>6º</p></td><td rowspan="1" colspan="1"><p>Raimundo da Silva Freire Neto</p></td><td rowspan="1" colspan="1"><p>70,00</p></td></tr></table><p>Técnico em Assuntos Educacionais - Pessoas Pretas e Pardas</p><p /><p></p><table><tr /><tr><td rowspan="1" colspan="1"><p>Classificação</p></td><td rowspan="1" colspan="1"><p>Nome</p></td><td rowspan="1" colspan="1"><p>Pontuação Final</p></td></tr><tr><td rowspan="1" colspan="1"><p>1º</p></td><td rowspan="1" colspan="1"><p>Manoel Carlos Guedes Neto</p></td><td rowspan="1" colspan="1"><p>82,00</p></td></tr><tr><td rowspan="1" colspan="1"><p>2º</p></td><td rowspan="1" colspan="1"><p>Gilberto Alves de Oliveira Junior</p></td><td rowspan="1" colspan="1"><p>79,00</p></td></tr><tr><td rowspan="1" colspan="1"><p>3º</p></td><td rowspan="1" colspan="1"><p>Leidy Daiany Sussuarana de Souza</p></td><td rowspan="1" colspan="1"><p>78,00</p></td></tr><tr><td rowspan="1" colspan="1"><p>4º</p></td><td rowspan="1" colspan="1"><p>Andressa Santos da Rocha</p></td><td rowspan="1" colspan="1"><p>75,00</p></td></tr><tr><td rowspan="1" colspan="1"><p>5º</p></td><td rowspan="1" colspan="1"><p>Doralice Pereira Rodrigues</p></td><td rowspan="1" colspan="1"><p>74,00</p></td></tr><tr><td rowspan="1" colspan="1"><p>6º</p></td><td rowspan="1" colspan="1"><p>Kennedy Lima da Silva</p></td><td rowspan="1" colspan="1"><p>73,00</p></td></tr><tr><td rowspan="1" colspan="1"><p>7º</p></td><td rowspan="1" colspan="1"><p>Francisco Roni Souza Zumba</p></td><td rowspan="1" colspan="1"><p>73,00</p></td></tr><tr><td rowspan="1" colspan="1"><p>8º</p></td><td rowspan="1" colspan="1"><p>Thamyres Souza da Silva Santiago</p></td><td rowspan="1" colspan="1"><p>72,00</p></td></tr><tr><td rowspan="1" colspan="1"><p>9º</p></td><td rowspan="1" colspan="1"><p>Cristainer Rizelle Amorim Cristino</p></td><td rowspan="1" colspan="1"><p>72,00</p></td></tr><tr><td rowspan="1" colspan="1"><p>10º</p></td><td rowspan="1" colspan="1"><p>Ronald Antonio Nascimento de Souza</p></td><td rowspan="1" colspan="1"><p>72,00</p></td></tr><tr><td rowspan="1" colspan="1"><p>11º</p></td><td rowspan="1" colspan="1"><p>Marcelo Moreira Diniz</p></td><td rowspan="1" colspan="1"><p>71,00</p></td></tr><tr><td rowspan="1" colspan="1"><p>12º</p></td><td rowspan="1" colspan="1"><p>Leandro do Vale da Silva</p></td><td rowspan="1" colspan="1"><p>71,00</p></td></tr><tr><td rowspan="1" colspan="1"><p>13º</p></td><td rowspan="1" colspan="1"><p>Antonio Jose Bezerra de Oliveira</p></td><td rowspan="1" colspan="1"><p>71,00</p></td></tr><tr><td rowspan="1" colspan="1"><p>14º</p></td><td rowspan="1" colspan="1"><p>Sávio Rodrigues de Alencar</p></td><td rowspan="1" colspan="1"><p>71,00</p></td></tr><tr><td rowspan="1" colspan="1"><p>15º</p></td><td rowspan="1" colspan="1"><p>Francisco Santos da Silva</p></td><td rowspan="1" colspan="1"><p>70,00</p></td></tr><tr><td rowspan="1" colspan="1"><p>16º</p></td><td rowspan="1" colspan="1"><p>Nardeson Costa de Lima</p></td><td rowspan="1" colspan="1"><p>70,00</p></td></tr><tr><td rowspan="1" colspan="1"><p>17º</p></td><td rowspan="1" colspan="1"><p>Dilclidiane Fidelis Lira</p></td><td rowspan="1" colspan="1"><p>70,00</p></td></tr><tr><td rowspan="1" colspan="1"><p>18º</p></td><td rowspan="1" colspan="1"><p>Nairis da Silva Chaves</p></td><td rowspan="1" colspan="1"><p>70,00</p></td></tr><tr><td rowspan="1" colspan="1"><p>19º</p></td><td rowspan="1" colspan="1"><p>Genildo Alves da Silva</p></td><td rowspan="1" colspan="1"><p>70,00</p></td></tr><tr><td rowspan="1" colspan="1"><p>20º</p></td><td rowspan="1" colspan="1"><p>Nilzilene Silva de Lima</p></td><td rowspan="1" colspan="1"><p>70,00</p></td></tr></table><p>Tecnólogo / Formação: Construção Civil - Ampla Concorrência</p><p /><p></p><table><tr /><tr><td rowspan="1" colspan="1"><p>Classificação</p></td><td rowspan="1" colspan="1"><p>Nome</p></td><td rowspan="1" colspan="1"><p>Pontuação Final</p></td></tr><tr><td rowspan="1" colspan="1"><p>1º</p></td><td rowspan="1" colspan="1"><p>Fistian Shaiane Ferreira Lima</p></td><td rowspan="1" colspan="1"><p>64,00</p></td></tr><tr><td rowspan="1" colspan="1"><p>2º</p></td><td rowspan="1" colspan="1"><p>Jardeson Alessandro Freitas Viana</p></td><td rowspan="1" colspan="1"><p>62,00</p></td></tr><tr><td rowspan="1" colspan="1"><p>3º</p></td><td rowspan="1" colspan="1"><p>Erisson Antonio Pereira de Araújo</p></td><td rowspan="1" colspan="1"><p>61,00</p></td></tr><tr><td rowspan="1" colspan="1"><p>4º</p></td><td rowspan="1" colspan="1"><p>Jackline Maria da Silva</p></td><td rowspan="1" colspan="1"><p>61,00</p></td></tr><tr><td rowspan="1" colspan="1"><p>5º</p></td><td rowspan="1" colspan="1"><p>José Luiz Huet de Bacellar</p></td><td rowspan="1" colspan="1"><p>58,00</p></td></tr></table><p>Tecnólogo / Formação: Construção Civil - Pessoas Pretas e Pardas</p><p /><p></p><table><tr /><tr><td rowspan="1" colspan="1"><p>Classificação</p></td><td rowspan="1" colspan="1"><p>Nome</p></td><td rowspan="1" colspan="1"><p>Pontuação Final</p></td></tr><tr><td rowspan="1" colspan="1"><p>1º</p></td><td rowspan="1" colspan="1"><p>Fistian Shaiane Ferreira Lima</p></td><td rowspan="1" colspan="1"><p>64,00</p></td></tr><tr><td rowspan="1" colspan="1"><p>2º</p></td><td rowspan="1" colspan="1"><p>Erisson Antonio Pereira de Araújo</p></td><td rowspan="1" colspan="1"><p>61,00</p></td></tr><tr><td rowspan="1" colspan="1"><p>3º</p></td><td rowspan="1" colspan="1"><p>Jackline Maria da Silva</p></td><td rowspan="1" colspan="1"><p>61,00</p></td></tr></table><p>Analista de Tecnologia da Informação - Ampla Concorrência</p><p /><p></p><table><tr /><tr><td rowspan="1" colspan="1"><p>Classificação</p></td><td rowspan="1" colspan="1"><p>Nome</p></td><td rowspan="1" colspan="1"><p>Pontuação Final</p></td></tr><tr><td rowspan="1" colspan="1"><p>1º</p></td><td rowspan="1" colspan="1"><p>Eduardo de Assis Oliveira</p></td><td rowspan="1" colspan="1"><p>78,00</p></td></tr><tr><td rowspan="1" colspan="1"><p>2º</p></td><td rowspan="1" colspan="1"><p>Gerilan Gonçalves Mendes</p></td><td rowspan="1" colspan="1"><p>76,00</p></td></tr><tr><td rowspan="1" colspan="1"><p>3º</p></td><td rowspan="1" colspan="1"><p>Lunah da Silva Carvalho</p></td><td rowspan="1" colspan="1"><p>75,00</p></td></tr><tr><td rowspan="1" colspan="1"><p>4º</p></td><td rowspan="1" colspan="1"><p>Ailton de Queiroz Cavalcante</p></td><td rowspan="1" colspan="1"><p>74,00</p></td></tr><tr><td rowspan="1" colspan="1"><p>5º</p></td><td rowspan="1" colspan="1"><p>Dayan Freitas Alves</p></td><td rowspan="1" colspan="1"><p>73,00</p></td></tr><tr><td rowspan="1" colspan="1"><p>6º</p></td><td rowspan="1" colspan="1"><p>Gabriel Logan Rocha Amasifuen</p></td><td rowspan="1" colspan="1"><p>72,00</p></td></tr><tr><td rowspan="1" colspan="1"><p>7º</p></td><td rowspan="1" colspan="1"><p>Samuel Alberto Magalhães</p></td><td rowspan="1" colspan="1"><p>72,00</p></td></tr><tr><td rowspan="1" colspan="1"><p>8º</p></td><td rowspan="1" colspan="1"><p>Marcelo dos Santos Saraiva Junior</p></td><td rowspan="1" colspan="1"><p>72,00</p></td></tr><tr><td rowspan="1" colspan="1"><p>9º</p></td><td rowspan="1" colspan="1"><p>Marcos Henrique Melo de Araujo</p></td><td rowspan="1" colspan="1"><p>72,00</p></td></tr></table><p>Analista de Tecnologia da Informação - Pessoas com Deficiência</p><p /><p></p><table><tr /><tr><td rowspan="1" colspan="1"><p>Classificação</p></td><td rowspan="1" colspan="1"><p>Nome</p></td><td rowspan="1" colspan="1"><p>Pontuação Final</p></td></tr><tr><td rowspan="1" colspan="1"><p>1º</p></td><td rowspan="1" colspan="1"><p>Ailton de Queiroz Cavalcante</p></td><td rowspan="1" colspan="1"><p>74,00</p></td></tr><tr><td rowspan="1" colspan="1"><p>2º</p></td><td rowspan="1" colspan="1"><p>Samuel Freitas dos Santos</p></td><td rowspan="1" colspan="1"><p>66,00</p></td></tr><tr><td rowspan="1" colspan="1"><p>3º</p></td><td rowspan="1" colspan="1"><p>Anderson da Silva Oliveira</p></td><td rowspan="1" colspan="1"><p>65,00</p></td></tr><tr><td rowspan="1" colspan="1"><p>4º</p></td><td rowspan="1" colspan="1"><p>Artur Ramos de Almeida da Silva</p></td><td rowspan="1" colspan="1"><p>50,00</p></td></tr></table><p>Analista de Tecnologia da Informação - Pessoas Pretas e Pardas</p><p /><p></p><table><tr /><tr><td rowspan="1" colspan="1"><p>Classificação</p></td><td rowspan="1" colspan="1"><p>Nome</p></td><td rowspan="1" colspan="1"><p>Pontuação Final</p></td></tr><tr><td rowspan="1" colspan="1"><p>1º</p></td><td rowspan="1" colspan="1"><p>Ailton de Queiroz Cavalcante</p></td><td rowspan="1" colspan="1"><p>74,00</p></td></tr><tr><td rowspan="1" colspan="1"><p>2º</p></td><td rowspan="1" colspan="1"><p>Marcelo dos Santos Saraiva Junior</p></td><td rowspan="1" colspan="1"><p>72,00</p></td></tr><tr><td rowspan="1" colspan="1"><p>3º</p></td><td rowspan="1" colspan="1"><p>Alexsandra da Silva Rodrigues Santos</p></td><td rowspan="1" colspan="1"><p>70,00</p></td></tr><tr><td rowspan="1" colspan="1"><p>4º</p></td><td rowspan="1" colspan="1"><p>Diego Freire Fernandes</p></td><td rowspan="1" colspan="1"><p>69,00</p></td></tr><tr><td rowspan="1" colspan="1"><p>5º</p></td><td rowspan="1" colspan="1"><p>Josiel Mendonça Barbosa</p></td><td rowspan="1" colspan="1"><p>65,00</p></td></tr></table><p>Art. 2º Esta portaria entra em vigor na data de publicação no DOU.</p><p class="assina">MARGARIDA DE AQUINO CUNHA</p>]]></Texto>
  </body>
  <Midias />
</article></xml>