﻿<xml><article id="46231294" name="resolucao_4296_2025 GGLAS" idOficio="11377879" pubName="DO1" artType="Resolução" pubDate="03/11/2025" artClass="00047:00048:00016:00364:00000:00000:00000:00000:00000:00000:00064:34296" artCategory="Ministério da Saúde/Agência Nacional de Vigilância Sanitária/4ª Diretoria/Gerência de Laboratórios de Saúde Pública" artSize="12" artNotes="" numberPage="146" pdfPage="http://pesquisa.in.gov.br/imprensa/jsp/visualiza/index.jsp?data=03/11/2025&amp;jornal=515&amp;pagina=146" editionNumber="209" highlightType="" highlightPriority="" highlight="" highlightimage="" highlightimagename="" idMateria="23272420">
  <body>
    <Identifica><![CDATA[ RESOLUÇÃO-RE Nº 4.296, DE 30 DE OUTUBRO DE 2025]]></Identifica>
    <Data><![CDATA[]]></Data>
    <Ementa />
    <Titulo />
    <SubTitulo />
    <Texto><![CDATA[<p class="identifica">RESOLUÇÃO-RE Nº 4.296, DE 30 DE OUTUBRO DE 2025</p><p>A GERENTE DE LABORATÓRIOS DE SAÚDE PÚBLICA DA AGÊNCIA NACIONAL DE VIGILÂNCIA SANITÁRIA, no uso das atribuições que lhe confere o art. 138 aliado ao art. 203, I, §1º do Regimento Interno aprovado pela Resolução da Diretoria Colegiada - RDC nº 585, de 10 de dezembro de 2021, tendo em vista o disposto na Resolução da Diretoria Colegiada - RDC nº 928, de 25 de setembro de 2024, resolve:</p><p>Art. 1º Renovar, na Rede Brasileira de Laboratórios Analíticos em Saúde, a habilitação (REBLAS) do(s) laboratório(s) constante(s) no anexo.</p><p>Art. 2º A presente habilitação tem validade de 4 (quatro) anos, a contar da data desta publicação.</p><p>Art. 3º O(s) escopo(s) renovados(s) são(erão) publicado(s) no portal eletrônico da ANVISA: https://www.gov.br/anvisa/pt-br/assuntos/laboratorios/reblas</p><p>Art. 4º Esta Resolução entra em vigor na data de sua publicação.</p><p class="assina">GRAZIELA COSTA ARAÚJO</p><p class="anexo">ANEXO</p><p>NÚMERO PROCESSO</p><p>ASSUNTO PETIÇÃO EXPEDIENTE</p><p>RAZÃO SOCIAL CNPJ</p><p>CÓD. REBLAS</p><p>ENDEREÇO CIDADE UF</p><p>-------------------------------------------------------------------------------------------------------</p><p>70678 - REBLAS - Renovação da Habilitação de Laboratório Analítico. 1020073/22-5</p><p>Eurofins do Brasil Análises de Alimentos LTDA. 04.329.668/0002-19</p><p>Rua Francisco Bezerra Monteiro, 712, Engenho do Meio</p><p>249</p><p>Rua Francisco Bezerra Monteiro, 712, Engenho do Meio</p>]]></Texto>
  </body>
  <Midias />
</article></xml>