﻿<xml><article id="46232281" name="2025-10-31/11378034/ANMWS_232731" idOficio="11378034" pubName="DO1" artType="Despacho" pubDate="03/11/2025" artClass="00035:00044:00050:00000:00000:00000:00000:00000:00000:00000:00024:00177" artCategory="Ministério de Minas e Energia/Agência Nacional de Mineração/Superintendência de Outorga de Títulos Minerários" artSize="12" artNotes="" numberPage="74" pdfPage="http://pesquisa.in.gov.br/imprensa/jsp/visualiza/index.jsp?data=03/11/2025&amp;jornal=515&amp;pagina=74" editionNumber="209" highlightType="" highlightPriority="" highlight="" highlightimage="" highlightimagename="" idMateria="23273120">
  <body>
    <Identifica><![CDATA[Despacho]]></Identifica>
    <Data><![CDATA[]]></Data>
    <Ementa />
    <Titulo />
    <SubTitulo />
    <Texto><![CDATA[<p class="identifica">Despacho</p><p class="identifica">Relação Nº 177/2025</p><p>Fase de Requerimento de Lavra Garimpeira</p><p>Nega provimento ao recurso interposto(2853)</p><p>831.090/2024 - NOSSACOOP-COOPERATIVA DE EXPLORACAO DE METAIS NOBRES DO SUL DA AMAZONIA</p><p>831.098/2024 - NOSSACOOP-COOPERATIVA DE EXPLORACAO DE METAIS NOBRES DO SUL DA AMAZONIA</p><p>831.099/2024 - NOSSACOOP-COOPERATIVA DE EXPLORACAO DE METAIS NOBRES DO SUL DA AMAZONIA</p><p>831.077/2024 - NOSSACOOP-COOPERATIVA DE EXPLORACAO DE METAIS NOBRES DO SUL DA AMAZONIA</p><p>831.079/2024 - NOSSACOOP-COOPERATIVA DE EXPLORACAO DE METAIS NOBRES DO SUL DA AMAZONIA</p><p>830.947/2024 - NOSSACOOP-COOPERATIVA DE EXPLORACAO DE METAIS NOBRES DO SUL DA AMAZONIA</p><p>886.125/2023 - COOPERATIVA MINERADORA DE GARIMPEIROS MARECHAL RONDON - COOMAR</p><p>846.264/2023 - COOPERATIVA DOS TRABALHADORES DE MINERIO E AGRICULTURA DE EQUADOR E DO SERIDO - COOTMAES</p><p class="assina">WAGNER DA SILVA SIQUEIRA</p><p class="cargo">Superintendente Substituto</p>]]></Texto>
  </body>
  <Midias />
</article></xml>