﻿<xml><article id="46236999" name="Res_Desp_3.243_2025_STD_GRD" idOficio="11379355" pubName="DO1" artType="Despacho" pubDate="03/11/2025" artClass="00035:00043:00056:00003:00000:00000:00000:00000:00000:00000:00024:00000" artCategory="Ministério de Minas e Energia/Agência Nacional de Energia Elétrica/Superintendência de Regulação dos Serviços de Transmissão e Distribuição de Energia Elétrica/Gerência de Regulação do Serviço de Distribuição" artSize="12" artNotes="" numberPage="73" pdfPage="http://pesquisa.in.gov.br/imprensa/jsp/visualiza/index.jsp?data=03/11/2025&amp;jornal=515&amp;pagina=73" editionNumber="209" highlightType="" highlightPriority="" highlight="" highlightimage="" highlightimagename="" idMateria="23276546">
  <body>
    <Identifica><![CDATA[ DESPACHO Nº 3.243, DE 31 DE OUTUBRO DE 2025]]></Identifica>
    <Data><![CDATA[]]></Data>
    <Ementa />
    <Titulo />
    <SubTitulo />
    <Texto><![CDATA[<p class="identifica">DESPACHO Nº 3.243, DE 31 DE OUTUBRO DE 2025</p><p>Processo nº: 48500.900504/2015-18. Decisão: I - homologar a Diferença Mensal de Receita - DMR apurada na aplicação da Tarifa Social de Energia Elétrica e os recursos da Conta de Desenvolvimento Energético a serem repassados às distribuidoras pela Câmara de Comercialização de Energia Elétrica - CCEE da competência de setembro de 2025 e residuais, conforme Anexos I e II; e II - não homologar a Diferença Mensal de Receita - DMR do Anexo III. Período: setembro de 2025. A íntegra deste Despacho (e seus anexos) consta dos autos e estará disponível em biblioteca.aneel.gov.br.</p><p class="assina">PEDRO MELLO LOMBARDI</p><p class="cargo">Gerente</p>]]></Texto>
  </body>
  <Midias />
</article></xml>