﻿<xml><article id="46258905" name="rtf final Portarias SAGA_1752 a " idOficio="11381846" pubName="DO1" artType="Portaria" pubDate="04/11/2025" artClass="00016:00010:00024:00008:00000:00000:00000:00000:00000:00000:00054:00000" artCategory="Ministério da Defesa/Comando da Aeronáutica/Departamento de Controle do Espaço Aéreo/Instituto de Cartografia Aeronáutica" artSize="12" artNotes="" numberPage="17" pdfPage="http://pesquisa.in.gov.br/imprensa/jsp/visualiza/index.jsp?data=04/11/2025&amp;jornal=515&amp;pagina=17" editionNumber="210" highlightType="" highlightPriority="" highlight="" highlightimage="" highlightimagename="" idMateria="23279813">
  <body>
    <Identifica><![CDATA[ PORTARIAS DE 31 DE OUTUBRO DE 2025]]></Identifica>
    <Data><![CDATA[]]></Data>
    <Ementa />
    <Titulo />
    <SubTitulo />
    <Texto><![CDATA[<p class="identifica">PORTARIAS DE 31 DE OUTUBRO DE 2025</p><p>O DIRETOR DO INSTITUTO DE CARTOGRAFIA AERONÁUTICA, no uso de suas atribuições, de acordo com a delegação de competência contida na Portaria DECEA nº 33/DGCEA_SEC, de 05 de março de 2025, combinada com o previsto nas letras "b" e "c" do item 11.3, da ICA 11-408, de 14 de dezembro de 2020, resolve:</p><p>Nº 1.752/SAGA - Publicar o Plano Básico de Zona de Proteção de Aeródromo (PBZPA) para o Aeródromo FAZENDA CIBRAPA, situado no Município de Barra do Garças, no Estado de Mato Grosso - MT. Processo nº 67612.900629/2025-91. Esta Portaria entra em vigor na data de sua publicação.</p><p>Nº 1.753/SAGA - Publicar o Plano Básico de Zona de Proteção de Aeródromo (PBZPA) para o Aeródromo FAZENDA PAMPLONA, situado no Município de Cristalina, no Estado de Goiás - GO. Processo nº 67612.900247/2025-67. Esta Portaria entra em vigor na data de sua publicação.</p><p>Nº 1.754/SAGA - Publicar o Plano Básico de Zona de Proteção de Heliponto (PBZPH) para o Heliponto FIGUEIRA, situado no Município de Piracicaba, no Estado de São Paulo - SP. Processo nº 67612.902125/2024-24. Esta Portaria entra em vigor na data de sua publicação.</p><p>Nº 1.755/SAGA - Publicar o Plano Básico de Zona de Proteção de Aeródromo (PBZPA) para o Aeródromo FAZENDA CAMPO BELO, situado no Município de Campina Verde, no Estado de Minas Gerais - MG. Processo nº 67612.901601/2025-71. Esta Portaria entra em vigor na data de sua publicação.</p><p>Nº 1.756/SAGA - Publicar o Plano Básico de Zona de Proteção de Heliponto (PBZPH) para o Heliponto REPRESA, situado no Município de São Paulo, no Estado de São Paulo - SP. Processo nº 67617.901662/2024-15. Esta Portaria entra em vigor na data de sua publicação.</p><p>Nº 1.757/SAGA - Publicar o Plano Básico de Zona de Proteção de Heliponto (PBZPH) para o Heliponto ECO FLY, situado no Município de Ferraz de Vasconcelos, no Estado de São Paulo - SP. Processo nº 67617.900296/2025-50. Esta Portaria entra em vigor na data de sua publicação.</p><p>Nº 1.758/SAGA - Publicar o Plano Básico de Zona de Proteção de Heliponto (PBZPH) para o Heliponto CASTELLO 54, situado no Município de Araçariguama, no Estado de São Paulo - SP. Processo nº 67617.900166/2024-36. Esta Portaria entra em vigor na data de sua publicação.</p><p>Nº 1.759/SAGA - Publicar o Plano Básico de Zona de Proteção de Aeródromo (PBZPA) para o Aeródromo DEDO DE DEUS, situado no Município de Almas, no Estado do Tocantins - TO. Processo nº 67612.901601/2025-71. Esta Portaria entra em vigor na data de sua publicação.</p><p>O inteiro teor das Portarias acima e seus anexos constituem arquivos em mídia digital que são disponibilizados no Portal AGA do DECEA na rede mundial de computadores (www.decea.mil.br/aga).</p><p class="assina">Cel Av DEVILAN DUTRA PAULON JÚNIOR</p>]]></Texto>
  </body>
  <Midias />
</article></xml>