﻿<xml><article id="46235011" name="Desp-1511_2025" idOficio="11378707" pubName="DO1" artType="Despacho" pubDate="03/11/2025" artClass="00035:00045:00048:00000:00000:00000:00000:00000:00000:00000:00024:00000" artCategory="Ministério de Minas e Energia/Agência Nacional do Petróleo, Gás Natural e Biocombustíveis/Superintendência de Distribuição e Logística" artSize="12" artNotes="" numberPage="76" pdfPage="http://pesquisa.in.gov.br/imprensa/jsp/visualiza/index.jsp?data=03/11/2025&amp;jornal=515&amp;pagina=76" editionNumber="209" highlightType="" highlightPriority="" highlight="" highlightimage="" highlightimagename="" idMateria="23274568">
  <body>
    <Identifica><![CDATA[ DESPACHO SDL-ANP Nº 1.511, DE 31 DE OUTUBRO DE 2025]]></Identifica>
    <Data><![CDATA[]]></Data>
    <Ementa />
    <Titulo />
    <SubTitulo />
    <Texto><![CDATA[<p class="identifica">DESPACHO SDL-ANP Nº 1.511, DE 31 DE OUTUBRO DE 2025</p><p>O SUPERINTENDENTE ADJUNTO DE DISTRIBUIÇÃO E LOGÍSTICA DA AGÊNCIA NACIONAL DO PETRÓLEO, GÁS NATURAL E BIOCOMBUSTÍVEIS - ANP, no uso das atribuições que lhe foram conferidas pela Portaria ANP nº 265, de 10 de setembro de 2020, com base na Resolução ANP nº 948, de 5 de outubro de 2023, torna pública a outorga da seguinte autorização para o exercício da atividade de revenda varejista de combustíveis automotivos fora do estabelecimento autorizado:</p><p /><p></p><table><tr /><tr><td rowspan="1" colspan="1"><p>Nº de Registro</p></td><td rowspan="1" colspan="1"><p>Razão Social</p></td><td rowspan="1" colspan="1"><p>CNPJ</p></td><td rowspan="1" colspan="1"><p>Processo</p></td></tr><tr><td rowspan="1" colspan="1"><p>PR/SP0024160</p></td><td rowspan="1" colspan="1"><p>AUTO POSTO MAUER LTDA</p></td><td rowspan="1" colspan="1"><p>44.383.099/0001-23</p></td><td rowspan="1" colspan="1"><p>48610.224226/2025-17</p></td></tr></table><p>BRUNO VALLE DE MOURA</p>]]></Texto>
  </body>
  <Midias />
</article></xml>