﻿<xml><article id="46231924" name="resolucao_4325_2025 GGCOS" idOficio="11377950" pubName="DO1" artType="Resolução" pubDate="03/11/2025" artClass="00047:00048:00015:00012:00000:00000:00000:00000:00000:00000:00064:34325" artCategory="Ministério da Saúde/Agência Nacional de Vigilância Sanitária/3ª Diretoria/Gerência-Geral de Cosméticos e Saneantes" artSize="12" artNotes="" numberPage="128" pdfPage="http://pesquisa.in.gov.br/imprensa/jsp/visualiza/index.jsp?data=03/11/2025&amp;jornal=515&amp;pagina=128" editionNumber="209" highlightType="" highlightPriority="" highlight="" highlightimage="" highlightimagename="" idMateria="23272826">
  <body>
    <Identifica><![CDATA[ RESOLUÇÃO-RE nº 4.325, DE 30 DE OUTUBRO DE 2025]]></Identifica>
    <Data><![CDATA[]]></Data>
    <Ementa />
    <Titulo />
    <SubTitulo />
    <Texto><![CDATA[<p class="identifica">RESOLUÇÃO-RE nº 4.325, DE 30 DE OUTUBRO DE 2025</p><p>O GERENTE-GERAL DE COSMÉTICOS E SANEANTES DA AGÊNCIA NACIONAL DE VIGILÂNCIA SANITÁRIA no uso das atribuições que lhe confere o art. 129, aliado ao art. 203, I, § 1º do Regimento Interno aprovado pela Resolução da Diretoria Colegiada - RDC nº 585, de 10 de dezembro de 2021, resolve:</p><p>Art. 1º Deferir as petições de transferência de titularidade e, por consequente, cancelar o registro dos produtos saneantes de risco 2, conforme relação anexa.</p><p>Art. 2º Esta Resolução entra em vigor no prazo de 90 (noventa) dias após a sua publicação.</p><p class="assina">BRUNO GONÇALVES ARAÚJO RIOS</p><p class="anexo">ANEXO</p><p>INEZ BENTIVOGLIO BENEFICIADORA - EPP / 06.995.465/0001-06</p><p>REAX LIMPA LIMO</p><p>25351.092811/2008-35 / 331600012</p><p>391 - REG. SANEANTES - Cancelamento de Registro de Produto de Risco 2 por Transferência de Titularidade / 1163381250</p><p>--------------------------------------</p><p>NOBEL DO BRASIL LTDA / 01.202.633/0001-45</p><p>REAX LIMPA LIMO</p><p>25351.155397/2025-83 / 321670030</p><p>333 - REG. SANEANTES - Transferência de Titularidade de Produto de Risco 2 / 1165202255</p>]]></Texto>
  </body>
  <Midias />
</article></xml>