﻿<xml><article id="46233944" name="xPortaria SFA__HABILITACAO_MV_BR" idOficio="11378460" pubName="DO1" artType="Portaria" pubDate="03/11/2025" artClass="00008:00002:00028:00000:00000:00000:00000:00000:00000:00000:00054:00003" artCategory="Ministério da Agricultura e Pecuária/Secretaria Executiva/Superintendência de Agricultura e Pecuária do Estado do Paraná" artSize="12" artNotes="" numberPage="27" pdfPage="http://pesquisa.in.gov.br/imprensa/jsp/visualiza/index.jsp?data=03/11/2025&amp;jornal=515&amp;pagina=27" editionNumber="209" highlightType="" highlightPriority="" highlight="" highlightimage="" highlightimagename="" idMateria="23273772">
  <body>
    <Identifica><![CDATA[ PORTARIAS SFA-PR/MAPA DE 30 DE OUTUBRO DE 2025]]></Identifica>
    <Data><![CDATA[]]></Data>
    <Ementa />
    <Titulo />
    <SubTitulo />
    <Texto><![CDATA[<p class="identifica">PORTARIAS SFA-PR/MAPA DE 30 DE OUTUBRO DE 2025</p><p>O SUPERINTENDENTE DE AGRICULTURA E PECUÁRIA NO PARANÁ - SUBSTITUTO, no uso das atribuições que lhe confere o Art. 262 do Regimento Interno da Secretaria Executiva do Ministério da Agricultura e Pecuária, aprovado pela Portaria nº 561, de 11 de abril de 2018; os Art. 41 e 50 do Anexo I do Decreto nº 11332, de 1º de janeiro de 2023; e tendo em vista o disposto no Decreto nº 5741, de 30 de março de 2006, no art. 6º da Instrução Normativa nº 10, de 3 de março de 2017, e no art. 1º e art. 2º da Instrução Normativa SDA nº 30, de 7 de junho de 2006, resolve:</p><p>Nº 781 - Art. 1º Habilitar o Médico Veterinário LUIZ GABRIEL DE SOUZA MAISTRO, inscrito no CRMV-PR sob nº 25539, para fins de execução de atividades previstas no Regulamento Técnico do Programa Nacional de Controle e Erradicação de Brucelose e Tuberculose Animal, referentes à realização de testes de diagnóstico de brucelose e tuberculose e participação no processo de certificação de estabelecimentos de criação livres para brucelose e tuberculose bovina e bubalina, no Estado do Paraná, observando as normas e dispositivos legais em vigor (Processo nº 21034.033983/2025-18).</p><p>Art. 2º Esta Portaria entra em vigor na data da sua publicação.</p><p>Nº 782 - Art. 1º Habilitar a Médica Veterinária LORRAYNE DE SOUZA ARAUJO MARTINS MOTTA, inscrita no CRMV-PR sob nº 21243, para fins de execução de atividades previstas no Regulamento Técnico do Programa Nacional de Controle e Erradicação de Brucelose e Tuberculose Animal, referentes à realização de testes de diagnóstico de brucelose e tuberculose e participação no processo de certificação de estabelecimentos de criação livres para brucelose e tuberculose bovina e bubalina, no Estado do Paraná, observando as normas e dispositivos legais em vigor (Processo nº 21034.035243/2025-16).</p><p>Art. 2º Esta Portaria entra em vigor na data da sua publicação.</p><p class="assina">CEZAR AUGUSTO PIAN</p>]]></Texto>
  </body>
  <Midias />
</article></xml>