﻿<xml><article id="46231261" name="resolucao_4316_2025 GGCOS" idOficio="11377879" pubName="DO1" artType="Resolução" pubDate="03/11/2025" artClass="00047:00048:00015:00012:00000:00000:00000:00000:00000:00000:00064:34316" artCategory="Ministério da Saúde/Agência Nacional de Vigilância Sanitária/3ª Diretoria/Gerência-Geral de Cosméticos e Saneantes" artSize="12" artNotes="" numberPage="127" pdfPage="http://pesquisa.in.gov.br/imprensa/jsp/visualiza/index.jsp?data=03/11/2025&amp;jornal=515&amp;pagina=127" editionNumber="209" highlightType="" highlightPriority="" highlight="" highlightimage="" highlightimagename="" idMateria="23272408">
  <body>
    <Identifica><![CDATA[ RESOLUÇÃO-RE Nº 4.316, de 30 DE Outubro DE 2025]]></Identifica>
    <Data><![CDATA[]]></Data>
    <Ementa />
    <Titulo />
    <SubTitulo />
    <Texto><![CDATA[<p class="identifica">RESOLUÇÃO-RE Nº 4.316, de 30 DE Outubro DE 2025</p><p>O GERENTE-GERAL DE COSMÉTICOS E SANEANTES DA AGÊNCIA NACIONAL DE VIGILÂNCIA SANITÁRIA no uso das atribuições que lhe confere o art. 129, aliado ao art. 203, I, § 1º do Regimento Interno aprovado pela Resolução da Diretoria Colegiada - RDC nº 585, de 10 de dezembro de 2021, resolve:</p><p>Art. 1º Indeferir os registros e as petições dos produtos de higiene pessoal, cosméticos e perfumes, conforme relação anexa.</p><p>Art. 2º Esta Resolução entra em vigor na data de sua publicação.</p><p class="assina">BRUNO GONÇALVES ARAÚJO RIOS</p><p class="anexo">ANEXO</p><p>NOME DA EMPRESA / CNPJ</p><p>NOME DO PRODUTO E MARCA</p><p>NÚMERO DO PROCESSO / REGISTRO</p><p>PETIÇÃO(ÕES) / EXPEDIENTE(S)</p><p>_________________________________________________________________</p><p>ALGSUN INDÚSTRIA E COMÉRCIO DE PRODUTOS LTDA - ME / 25.066.271/0001-70</p><p>ALGSUN REPEL MAXI 10h</p><p>25351.192282/2025-70 /</p><p>2731 - REG. COSMÉTICOS - Registro de produtos cosméticos / 1402065/25-6</p><p>--------------------------------------</p><p>ESPLENDOR INDUSTRIA DE COSMETICOS LTDA / 32.729.418/0001-20</p><p>Creme de Hidratação Sublime</p><p>25351.097915/2025-37 /</p><p>2731 - REG. COSMÉTICOS - Registro de produtos cosméticos / 0791459/25-0</p><p>--------------------------------------</p><p>LABORATORIO INDUSTRIAL FARMACÊUTICO LIFAR LTDA / 92.928.951/0001-43</p><p>POMADA MODELADORA CAPILAR ALTA FIXAÇÃO PANVEL HOMEM</p><p>25351.047235/2025-72 /</p><p>2731 - REG. COSMÉTICOS - Registro de produtos cosméticos / 0434060/25-9</p><p>--------------------------------------</p><p>LAGUNE COSMETICS INDÚSTRIA COMÉRCIO IMPORTAÇÃO EXPORTAÇÃO LTDA EPP / 09.240.082/0001-16</p><p>CERA MODELADORA MAXI BARBER MATTE MAXILLURING</p><p>25351.078291/2025-59 /</p><p>2731 - REG. COSMÉTICOS - Registro de produtos cosméticos / 0656448/25-3</p><p>--------------------------------------</p><p>UNIVERSAL IMPORTADORA E DISTRIBUIDORA LTDA ME / 13.511.960/0001-68</p><p>SEVERED HEAD POMADE - REUZEL</p><p>25351.043720/2025-77 /</p><p>2731 - REG. COSMÉTICOS - Registro de produtos cosméticos / 0401171/25-6</p><p>EXTREME HOLD MATTE POMADE (PINK) - REUZEL</p><p>25351.043747/2025-60 /</p><p>2731 - REG. COSMÉTICOS - Registro de produtos cosméticos / 0401247/25-2</p>]]></Texto>
  </body>
  <Midias />
</article></xml>