﻿<xml><article id="46235761" name="731 - Portaria de Reducao - Secr" idOficio="11379005" pubName="DO1" artType="Portaria" pubDate="03/11/2025" artClass="00015:00023:00000:00000:00000:00000:00000:00000:00000:00000:00054:00000" artCategory="Ministério da Cultura/Secretaria de Fomento e Incentivo à Cultura" artSize="12" artNotes="ok" numberPage="32" pdfPage="http://pesquisa.in.gov.br/imprensa/jsp/visualiza/index.jsp?data=03/11/2025&amp;jornal=515&amp;pagina=32" editionNumber="209" highlightType="" highlightPriority="" highlight="" highlightimage="" highlightimagename="" idMateria="23275977">
  <body>
    <Identifica><![CDATA[ PORTARIA SEFIC/MINC Nº 731, DE 31 DE OUTUBRO DE 2025]]></Identifica>
    <Data><![CDATA[]]></Data>
    <Ementa />
    <Titulo />
    <SubTitulo />
    <Texto><![CDATA[<p class="identifica">PORTARIA SEFIC/MINC Nº 731, DE 31 DE OUTUBRO DE 2025</p><p>A SECRETÁRIA DE FOMENTO E INCENTIVO À CULTURA - SUBSTITUTA, no uso das atribuições legais, que lhe confere a Portaria nº 363, de 2 de julho de 2025 e a Portaria MinC nº 225, de 23 de julho de 2025, resolve:</p><p>Art. 1.º - Homologar a redução de valor em favor do(s) projeto(s) cultural(is) relacionado(s) no(s) anexo(s) desta Portaria, para o(s) qual(is) o(s) proponente(s) fica(m) autorizado(s) a captar recursos, mediante doações ou patrocínios, na forma prevista no § 1º do artigo 18 e no artigo 26 da Lei n.º 8.313, de 23 de dezembro de 1991, alterada pela Lei nº 9.874, de 23 de novembro de 1999.</p><p>Art. 2.º - Esta portaria entra em vigor na data de sua publicação.</p><p class="assina">TERESA CRISTINA ROCHA AZEVEDO DE OLIVEIRA</p><p>ANEXO</p><p>ÁREA: 1 Artes Cênicas (Artigo 18 , § 1º )</p><p>235486 - O PALHAÇO TÁ SEM GRAÇA</p><p>SETA PRODUCOES LTDA</p><p>CNPJ/CPF: 10.992.843/0001-75</p><p>Cidade: São Paulo - SP;</p><p>Valor Reduzido: R$ 1.262,06</p><p>Valor total atual: R$ 1.478.166,72</p>]]></Texto>
  </body>
  <Midias />
</article></xml>