﻿<xml><article id="46258782" name="ATO Despacho do Diretor Presiden" idOficio="11382715" pubName="DO1" artType="Despacho" pubDate="04/11/2025" artClass="00015:00025:00000:00000:00000:00000:00000:00000:00000:00000:00024:00000" artCategory="Ministério da Cultura/Agência Nacional do Cinema" artSize="12" artNotes="" numberPage="16" pdfPage="http://pesquisa.in.gov.br/imprensa/jsp/visualiza/index.jsp?data=04/11/2025&amp;jornal=515&amp;pagina=16" editionNumber="210" highlightType="" highlightPriority="" highlight="" highlightimage="" highlightimagename="" idMateria="23280783">
  <body>
    <Identifica><![CDATA[ Despacho  nº 146-E, de 31 de outubro de 2025]]></Identifica>
    <Data><![CDATA[]]></Data>
    <Ementa />
    <Titulo />
    <SubTitulo />
    <Texto><![CDATA[<p class="identifica">Despacho nº 146-E, de 31 de outubro de 2025</p><p>O DIRETOR-PRESIDENTE DA AGÊNCIA NACIONAL DO CINEMA - ANCINE, no uso das atribuições previstas no art. 13, III, do Anexo I ao Decreto nº. 8.283, de 3 de julho de 2014, torna públicas as seguintes Deliberações de Diretoria Colegiada:</p><p>Art. 1º Aprovar para execução os projetos audiovisuais para os quais as proponentes ficam autorizadas a captar recursos, nos termos das legislações indicadas.</p><p>24-0685 BRUNA SURFISTINHA 2</p><p>Processo: 01416.002786/2024-66</p><p>Proponente: TV ZERO CINEMA LTDA</p><p>Cidade/UF: Rio de Janeiro / RJ</p><p>CNPJ: 03.360.320/0001-40</p><p>Valor total aprovado: de R$ 13.000.000,00 para R$ 13.631.250,00</p><p>Valor aprovado no art. 3º da Lei nº. 8.685/93: de R$ 0,00 para R$ 1.040.000,00</p><p>Banco: 001 - agência: 3519-X conta corrente: 31153-7</p><p>Valor aprovado no art. 3º-A da Lei nº. 8.685/93: R$ 3.000.000,00</p><p>Banco: 001 - agência: 3519-X conta corrente: 29159-5</p><p>Aprovado pela Deliberação Ad Referendum nº. 644-E, de 20/10/2025, ratificada pela Reunião de Diretoria Colegiada nº. 946, realizada em 22/10/2025</p><p>Prazo de captação: acompanha o prazo de execução financeira, conforme o art. 25 da Instrução Normativa ANCINE nº. 158, de 23 de dezembro de 2021</p><p>24-1403 TODAS POR UMA</p><p>Processo: 01416.008814/2024-59</p><p>Proponente: LOMA FILMES LTDA</p><p>Cidade/UF: São Paulo / SP</p><p>CNPJ: 23.723.437/0001-59</p><p>Valor total aprovado: de R$ 2.000.000,00 para R$ 1.193.170,00</p><p>Valor aprovado no art. 1º-A da Lei nº. 8.685/93: de R$ 944.913,33 para R$ 178.424,83</p><p>Banco: 001 - agência: 4417-2 conta corrente: 13046-X</p><p>Aprovado pela Reunião de Diretoria Colegiada nº. 946, realizada em 22/10/2025</p><p>Prazo de captação: acompanha o prazo de execução financeira, conforme o art. 25 da Instrução Normativa ANCINE nº. 158, de 23 de dezembro de 2021</p><p>Art. 2º Aprovar os remanejamentos de fontes de financiamento dos projetos audiovisuais, para os quais as proponentes ficam autorizadas a captar recursos, nos termos das legislações indicadas.</p><p>22-0292 A HISTÓRIA DE FLÁVIO</p><p>Processo: 01416.005086/2022-61</p><p>Proponente: CONSPIRAÇÃO FILMES ENTRETENIMENTO 3º MILÊNIO LTDA</p><p>Cidade/UF: Rio de Janeiro / RJ</p><p>CNPJ: 09.180.984/0001-04</p><p>Valor total aprovado: R$ 14.675.904,12</p><p>Valor aprovado no art. 1º-A da Lei nº. 8.685/93: de R$ 1.000.000,00 para R$ 1.942.108,91</p><p>Banco: 001 - agência: 1769-8 conta corrente: 10338-1</p><p>Valor aprovado no art. 3º da Lei nº. 8.685/93: de R$ 0,00 para R$ 6.000.000,00</p><p>Banco: 001 - agência: 1769-8 conta corrente: 10337-3</p><p>Valor aprovado no art. 3º-A da Lei nº. 8.685/93: R$ 3.000.000,00</p><p>Banco: 001 - agência: 1769-8 conta corrente: 9778-0</p><p>Valor aprovado no art. 39, inciso X, da Medida Provisória nº. 2.228-1/01: R$ 3.000.000,00</p><p>Banco: 001 - agência: 1769-8 conta corrente: 9764-0</p><p>Aprovado pela Reunião de Diretoria Colegiada nº. 946, realizada em 22/10/2025</p><p>Prazo de captação: acompanha o prazo de execução financeira, conforme o art. 25 da Instrução Normativa ANCINE nº. 158, de 23 de dezembro de 2021</p><p>24-0912 DETALHES DE UMA VIDA</p><p>Processo: 01416.006456/2024-40</p><p>Proponente: CONSPIRAÇÃO FILMES ENTRETENIMENTO 3º MILÊNIO LTDA</p><p>Cidade/UF: Rio de Janeiro / RJ</p><p>CNPJ: 09.180.984/0001-04</p><p>Valor total aprovado: R$ 25.000.000,00</p><p>Valor aprovado no art. 1º-A da Lei nº. 8.685/93: R$ 2.000.000,00</p><p>Banco: 001 - agência: 1769-8 conta corrente: 10164-8</p><p>Valor aprovado no art. 3º da Lei nº. 8.685/93: de R$ 100.000,00 para R$ 0,00</p><p>Banco: 001 - agência: 1769-8 conta corrente: 10163-X</p><p>Valor aprovado no art. 3º-A da Lei nº. 8.685/93: de R$ 100.000,00 para R$ 9.000.000,00</p><p>Banco: 001 - agência: 1769-8 conta corrente: 10165-6</p><p>Aprovado pela Reunião de Diretoria Colegiada nº. 946, realizada em 22/10/2025</p><p>Prazo de captação: acompanha o prazo de execução financeira, conforme o art. 25 da Instrução Normativa ANCINE nº. 158, de 23 de dezembro de 2021</p><p>Art. 3º As Deliberações produzem efeito a partir da data desta publicação.</p><p class="assina">ALEX BRAGA</p>]]></Texto>
  </body>
  <Midias />
</article></xml>