﻿<xml><article id="46235734" name="RETIFICACAO SUROD" idOficio="11378995" pubName="DO1" artType="Retificação" pubDate="03/11/2025" artClass="00050:00019:00051:00000:00000:00000:00000:00000:00000:00000:00066:00000" artCategory="Ministério dos Transportes/Agência Nacional de Transportes Terrestres/Superintendência de Infraestrutura Rodoviária" artSize="12" artNotes="ok" numberPage="155" pdfPage="http://pesquisa.in.gov.br/imprensa/jsp/visualiza/index.jsp?data=03/11/2025&amp;jornal=515&amp;pagina=155" editionNumber="209" highlightType="" highlightPriority="" highlight="" highlightimage="" highlightimagename="" idMateria="23275938">
  <body>
    <Identifica><![CDATA[ RETIFICAÇÃO]]></Identifica>
    <Data><![CDATA[]]></Data>
    <Ementa />
    <Titulo />
    <SubTitulo />
    <Texto><![CDATA[<p class="identifica">RETIFICAÇÃO</p><p>Na Decisão SUROD nº 735, de 8 de julho de 2025, publicada no DOU de 16.07.2025, seção 1, pág. 135, excluir a ementa:</p><p>"Autoriza o Projeto de Interesse de Terceiro - PIT, relativo a regularização de acesso na faixa de domínio da BR-050/MG, no km 184+600m, no município de Uberaba/MG, sob a concessão a Concessionária Ecovias Minas Goiás S.A. conforme contrato do edital de concessão nº 01/2013, do interesse de Cinquentão Comércio de Combustíveis Ltda. e Brasif S/A Administração e Participações."</p><p>E no art 1º:</p><p>Onde se lê:</p><p>"Art.1º Autorizar o Projeto de Interesse de Terceiro - PIT, relativo à regularização de acesso na faixa de domínio da BR-050/MG, no km 184+600m, no município de Uberaba/MG, sob a concessão a Concessionária Ecovias Minas Goiás S.A. conforme contrato do edital de concessão nº 01/2013, do interesse de Cinquentão Comércio de Combustíveis Ltda. e Brasif S/A Administração e Participações."</p><p>Leia-se:</p><p>"Art.1º Autorizar o Projeto de Interesse de Terceiro - PIT, relativo à regularização de acesso na faixa de domínio da BR-050/MG, no km 184+600m, no município de Uberaba/MG, sob a concessão a Concessionária Ecovias Minas Goiás S.A. (CNPJ nº 29.884.545/0001-90) conforme contrato do edital de concessão nº 01/2013, do interesse de Auto Posto Cinquentão Uberaba Ltda. (CNPJ nº 12.507.247/0001-88) e Brasif S/A Administração e Participações (CNPJ nº 21.109.731/0001-40)."</p><p>E no art 2º:</p><p>Onde se lê:</p><p>"Art. 2º O início das obras está condicionado à assinatura prévia do Contrato de Permissão Especial de Uso (CPEU) entre o Cinquentão Comércio de Combustíveis Ltda. e Brasif S/A Administração e Participações e a Concessionária Ecovias Minas Goiás S.A., e que deve disciplinar as obrigações e responsabilidades recíprocas das partes."</p><p>Leia-se:</p><p>"Art. 2º O início das obras está condicionado à assinatura prévia do Contrato de Permissão Especial de Uso (CPEU) entre o Auto Posto Cinquentão Uberaba Ltda. e Brasif S/A Administração e Participações e a Concessionária Ecovias Minas Goiás S.A., e que deve disciplinar as obrigações e responsabilidades recíprocas das partes."</p>]]></Texto>
  </body>
  <Midias />
</article></xml>