﻿<xml><article id="46239541" name="8624 PortariaPropostaFAF_2025103" idOficio="11379559" pubName="DO1" artType="Portaria" pubDate="03/11/2025" artClass="00047:00001:00000:00000:00000:00000:00000:00000:00000:00000:00054:00000" artCategory="Ministério da Saúde/Gabinete do Ministro" artSize="24" artNotes="" numberPage="82" pdfPage="http://pesquisa.in.gov.br/imprensa/jsp/visualiza/index.jsp?data=03/11/2025&amp;jornal=515&amp;pagina=82" editionNumber="209" highlightType="" highlightPriority="" highlight="" highlightimage="" highlightimagename="" idMateria="23276902">
  <body>
    <Identifica><![CDATA[ PORTARIA GM/MS Nº 8.624, DE 31 DE OUTUBRO DE 2025]]></Identifica>
    <Data><![CDATA[]]></Data>
    <Ementa><![CDATA[ Autoriza o Estado, Município ou Distrito Federal a receber recursos referentes ao incremento temporário ao custeio dos serviços de Atenção Especializada à Saúde.]]></Ementa>
    <Titulo />
    <SubTitulo />
    <Texto><![CDATA[<p class="identifica">PORTARIA GM/MS Nº 8.624, DE 31 DE OUTUBRO DE 2025</p><p class="ementa">Autoriza o Estado, Município ou Distrito Federal a receber recursos referentes ao incremento temporário ao custeio dos serviços de Atenção Especializada à Saúde.</p><p>O MINISTRO DE ESTADO DA SAÚDE, no uso das atribuições que lhe conferem os incisos I e II do parágrafo único do art. 87 da Constituição, em observância a Lei nº 15.121, de 10 de abril de 2025, Lei Complementar nº 141, de 13 de janeiro de 2012, Lei nº 8.080, de 19 de setembro de 1990, resolve:</p><p>Art. 1º Ficam autorizados os Estados, o Distrito Federal e os Municípios descritos no anexo desta Portaria a receberem recursos financeiros referentes ao incremento temporário para o custeio dos serviços de Atenção Especializada à Saúde.</p><p>Art. 2º Os recursos financeiros tratados nesta Portaria referem-se à aplicação das emendas parlamentares para incremento temporário ao custeio dos serviços de Atenção Especializada à Saúde.</p><p>Art. 3º As propostas de que tratam esta portaria serão processadas no InvestSUS, disponível no portalfns.saude.gov.br.</p><p>Art. 4º O Fundo Nacional de Saúde adotará as medidas necessárias para as transferências de recursos financeiros estabelecidas nesta Portaria aos respectivos Fundos de Saúde, em parcela única, em conformidade com os processos de pagamento instruídos pela Secretaria Finalística, após atendidas as condições previstas para essa modalidade de transferência.</p><p>Art. 5º A prestação de contas sobre a aplicação dos recursos financeiros será realizada por meio do Relatório Anual de Gestão - RAG, aprovado pelo respectivo Conselho local de saúde, nos termos dos artigos 34 a 36 da Lei Complementar nº 141, de 14 de janeiro de 2012.</p><p>Art. 6º Esta Portaria entra em vigor na data de sua publicação.</p><p class="assina">ALEXANDRE ROCHA SANTOS PADILHA</p><p class="anexo">ANEXO</p><p>Entes federados autorizados a receberem recursos financeiros federais de emendas destinados ao incremento temporário ao custeio dos serviços de Atenção Especializada à Saúde.</p><p /><p></p><table><tr /><tr><td rowspan="1" colspan="1"><p>UF</p></td><td rowspan="1" colspan="1"><p>MUNICÍPIO</p></td><td rowspan="1" colspan="1"><p>ENTIDADE</p></td><td rowspan="1" colspan="1"><p>Nº DA PROPOSTA</p></td><td rowspan="1" colspan="1"><p>VALOR TOTAL DA PROPOSTA (R$)</p></td><td rowspan="1" colspan="1"><p>CÓD. EMENDA</p></td><td rowspan="1" colspan="1"><p>VALOR POR EMENDA (R$)</p></td><td rowspan="1" colspan="1"><p>FUNCIONAL PROGRAMÁTICA</p></td><td rowspan="1" colspan="1"><p>CNES</p></td><td rowspan="1" colspan="1"><p>VALOR (R$)</p></td></tr><tr><td rowspan="1" colspan="1"><p>BA</p></td><td rowspan="1" colspan="1"><p>SAO FELIX DO CORIBE</p></td><td rowspan="1" colspan="1"><p>FUNDO MUNICIPAL DE SAUDE</p></td><td rowspan="1" colspan="1"><p>36000711969202500</p></td><td rowspan="1" colspan="1"><p>400.000,00</p></td><td rowspan="1" colspan="1"><p>50410002</p></td><td rowspan="1" colspan="1"><p>400.000,00</p></td><td rowspan="1" colspan="1"><p>1030251182E900001</p></td><td rowspan="1" colspan="1"><p>9245669</p></td><td rowspan="1" colspan="1"><p>400.000,00</p></td></tr><tr><td rowspan="1" colspan="1"><p>ES</p></td><td rowspan="1" colspan="1"><p>BARRA DE SAO FRANCISCO</p></td><td rowspan="1" colspan="1"><p>FUNDO MUNICIPAL DE SAUDE</p></td><td rowspan="1" colspan="1"><p>36000708818202500</p></td><td rowspan="1" colspan="1"><p>500.000,00</p></td><td rowspan="1" colspan="1"><p>50410002</p></td><td rowspan="1" colspan="1"><p>500.000,00</p></td><td rowspan="1" colspan="1"><p>1030251182E900001</p></td><td rowspan="1" colspan="1"><p>2445778</p></td><td rowspan="1" colspan="1"><p>500.000,00</p></td></tr><tr><td rowspan="1" colspan="1"><p>GO</p></td><td rowspan="1" colspan="1"><p>CABECEIRAS</p></td><td rowspan="1" colspan="1"><p>FUNDO MUNICIPAL DE SAUDE DE CABECEIRAS</p></td><td rowspan="1" colspan="1"><p>36000713019202500</p></td><td rowspan="1" colspan="1"><p>300.000,00</p></td><td rowspan="1" colspan="1"><p>60060004</p></td><td rowspan="1" colspan="1"><p>300.000,00</p></td><td rowspan="1" colspan="1"><p>1030251182E900001</p></td><td rowspan="1" colspan="1"><p>6470823</p></td><td rowspan="1" colspan="1"><p>300.000,00</p></td></tr><tr><td rowspan="1" colspan="1"><p>GO</p></td><td rowspan="1" colspan="1"><p>FLORES DE GOIAS</p></td><td rowspan="1" colspan="1"><p>FUNDO MUNICIPAL DE SAUDE</p></td><td rowspan="1" colspan="1"><p>36000714523202500</p></td><td rowspan="1" colspan="1"><p>400.000,00</p></td><td rowspan="1" colspan="1"><p>60060004</p></td><td rowspan="1" colspan="1"><p>400.000,00</p></td><td rowspan="1" colspan="1"><p>1030251182E900001</p></td><td rowspan="1" colspan="1"><p>6366678</p></td><td rowspan="1" colspan="1"><p>400.000,00</p></td></tr><tr><td rowspan="1" colspan="1"><p>GO</p></td><td rowspan="1" colspan="1"><p>PORTEIRAO</p></td><td rowspan="1" colspan="1"><p>FUNDO MUNICIPAL DE SAUDE</p></td><td rowspan="1" colspan="1"><p>36000714926202500</p></td><td rowspan="1" colspan="1"><p>100.000,00</p></td><td rowspan="1" colspan="1"><p>60060004</p></td><td rowspan="1" colspan="1"><p>100.000,00</p></td><td rowspan="1" colspan="1"><p>1030251182E900001</p></td><td rowspan="1" colspan="1"><p>6631428</p></td><td rowspan="1" colspan="1"><p>100.000,00</p></td></tr><tr><td rowspan="1" colspan="1"><p>MA</p></td><td rowspan="1" colspan="1"><p>FORTUNA</p></td><td rowspan="1" colspan="1"><p>FUNDO MUNICIPAL DE SAUDE DO MUNICIPIO FORTUNA</p></td><td rowspan="1" colspan="1"><p>36000701959202500</p></td><td rowspan="1" colspan="1"><p>600.000,00</p></td><td rowspan="1" colspan="1"><p>50410002</p></td><td rowspan="1" colspan="1"><p>600.000,00</p></td><td rowspan="1" colspan="1"><p>1030251182E900001</p></td><td rowspan="1" colspan="1"><p>7327757</p></td><td rowspan="1" colspan="1"><p>600.000,00</p></td></tr><tr><td rowspan="1" colspan="1"><p>PE</p></td><td rowspan="1" colspan="1"><p>FLORESTA</p></td><td rowspan="1" colspan="1"><p>FLORESTA FUNDO MUNICPAL DE SAUDE</p></td><td rowspan="1" colspan="1"><p>36000700143202500</p></td><td rowspan="1" colspan="1"><p>571.739,00</p></td><td rowspan="1" colspan="1"><p>60060004</p></td><td rowspan="1" colspan="1"><p>571.739,00</p></td><td rowspan="1" colspan="1"><p>1030251182E900001</p></td><td rowspan="1" colspan="1"><p>6417043</p></td><td rowspan="1" colspan="1"><p>571.739,00</p></td></tr><tr><td rowspan="1" colspan="1"><p>PE</p></td><td rowspan="1" colspan="1"><p>RECIFE</p></td><td rowspan="1" colspan="1"><p>FUNDO ESTADUAL DE SAUDE DE PERNAMBUCO</p></td><td rowspan="1" colspan="1"><p>36000714945202500</p></td><td rowspan="1" colspan="1"><p>3.000.000,00</p></td><td rowspan="1" colspan="1"><p>60060004</p></td><td rowspan="1" colspan="1"><p>3.000.000,00</p></td><td rowspan="1" colspan="1"><p>1030251182E900001</p></td><td rowspan="1" colspan="1"><p>6471188</p></td><td rowspan="1" colspan="1"><p>3.000.000,00</p></td></tr><tr><td rowspan="1" colspan="1"><p>PI</p></td><td rowspan="1" colspan="1"><p>ANGICAL DO PIAUI</p></td><td rowspan="1" colspan="1"><p>MUNICIPIO DE ANGICAL DO PIAUI- FUNDO MUNICIPAL DE SAUDE DE ANGICAL</p></td><td rowspan="1" colspan="1"><p>36000708544202500</p></td><td rowspan="1" colspan="1"><p>174.406,00</p></td><td rowspan="1" colspan="1"><p>60060004</p></td><td rowspan="1" colspan="1"><p>174.406,00</p></td><td rowspan="1" colspan="1"><p>1030251182E900001</p></td><td rowspan="1" colspan="1"><p>9169830</p></td><td rowspan="1" colspan="1"><p>174.406,00</p></td></tr><tr><td rowspan="1" colspan="1"><p>SE</p></td><td rowspan="1" colspan="1"><p>ARACAJU</p></td><td rowspan="1" colspan="1"><p>FUNDO ESTADUAL DE SAUDE</p></td><td rowspan="1" colspan="1"><p>36000711926202500</p></td><td rowspan="1" colspan="1"><p>450.000,00</p></td><td rowspan="1" colspan="1"><p>60060004</p></td><td rowspan="1" colspan="1"><p>450.000,00</p></td><td rowspan="1" colspan="1"><p>1030251182E900001</p></td><td rowspan="1" colspan="1"><p>2421488</p></td><td rowspan="1" colspan="1"><p>450.000,00</p></td></tr><tr><td rowspan="1" colspan="3"><p>TOTAL</p></td><td rowspan="1" colspan="1"><p>10 PROPOSTAS</p></td><td rowspan="1" colspan="1"><p>6.496.145,00</p></td><td rowspan="1" colspan="1" /><td rowspan="1" colspan="1" /><td rowspan="1" colspan="1" /><td rowspan="1" colspan="1" /><td rowspan="1" colspan="1" /></tr></table>]]></Texto>
  </body>
  <Midias />
</article></xml>