﻿<xml><article id="46232245" name="2025-10-31/11378029/ANMWS_232731" idOficio="11378029" pubName="DO1" artType="Despacho" pubDate="03/11/2025" artClass="00035:00044:00037:00000:00000:00000:00000:00000:00000:00000:00024:00078" artCategory="Ministério de Minas e Energia/Agência Nacional de Mineração/Gerência Regional da ANM no Estado do Rio de Janeiro" artSize="12" artNotes="" numberPage="73" pdfPage="http://pesquisa.in.gov.br/imprensa/jsp/visualiza/index.jsp?data=03/11/2025&amp;jornal=515&amp;pagina=73" editionNumber="209" highlightType="" highlightPriority="" highlight="" highlightimage="" highlightimagename="" idMateria="23273115">
  <body>
    <Identifica><![CDATA[ despachoRelação  Nº  78/2025]]></Identifica>
    <Data><![CDATA[]]></Data>
    <Ementa />
    <Titulo />
    <SubTitulo />
    <Texto><![CDATA[<p class="identifica">despachoRelação Nº 78/2025</p><p>Fase de Concessão de Lavra</p><p>Determina cumprimento de exigência - Prazo 60 dias(470)</p><p>005.314/1940-INDUSTRIA RIO AGUAS LTDA-OF. N°34025/2025/SERFIS-RJ/ANM</p><p>890.291/2002-ÁGUA MINERAL CASCATA DE CAMPINAS EXPLORAÇÃO ENG. E COM. LTDA-OF. N°34079/2025/SERFIS-RJ/ANM</p><p>890.583/2012-NOVA AGUAS PARTICIPACOES LTDA-OF. N°34092/2025/SERFIS-RJ/ANM</p><p>890.213/2005-AGUA MINERAL OASIS DA SAUDE LTDA-OF. N°40406/2025/SERFIS-RJ/ANM</p><p>890.213/2005-AGUA MINERAL OASIS DA SAUDE LTDA-OF. N°34113/2025/SERFIS-RJ/ANM</p><p>890.226/2002-HIDROVITA PARTICIPACOES LTDA-OF. N°43095/2025/SERFIS-RJ/ANM</p><p>890.226/2002-HIDROVITA PARTICIPACOES LTDA-OF. N°34116/2025/SERFIS-RJ/ANM</p><p>890.206/1998-ANTARES AGUA MINERAL SERRA DE JACONE LTDA-OF. N°35879/2025/SERFIS-RJ/ANM</p><p>890.432/1989-AGUA MINERAL CASCATAI LTDA-OF. N°40261/2025/SERFIS-RJ/ANM</p><p>Fase de Licenciamento</p><p>Determina cumprimento de exigência - Prazo 30 dias(718)</p><p>890.943/2014-AREAL DO FUTURO EXTRACAO DE AREIA LTDA-OF. N°33738/2025/SERFIS-RJ/ANM</p><p>890.944/2014-AREAL DO FUTURO EXTRACAO DE AREIA LTDA-OF. N°33517/2025/SERFIS-RJ/ANM</p><p>890.153/2011-AREAL DO FUTURO EXTRACAO DE AREIA LTDA-OF. N°34814/2025/SERFIS-RJ/ANM</p><p>890.440/2011-AREAL REMANESCENTE LTDA ME-OF. N°34600/2025/SERFIS-RJ/ANM</p><p>890.457/2013-AREAL DO FUTURO EXTRACAO DE AREIA LTDA-OF. N°35445/2025/SERFIS-RJ/ANM</p><p class="assina">EDUARDO ALVARO PINTO DE FREITAS NETO</p><p class="cargo">Gerente</p>]]></Texto>
  </body>
  <Midias />
</article></xml>