﻿<xml><article id="46236146" name="Retificacao 31-10-2025" idOficio="11379080" pubName="DO1" artType="Retificação" pubDate="03/11/2025" artClass="00033:00047:00002:00001:00000:00000:00000:00000:00000:00000:00066:00000" artCategory="Ministério da Justiça e Segurança Pública/Secretaria Nacional de Direitos Digitais/Diretoria de Segurança e Prevenção de Riscos no Ambiente Digital/Coordenação-Geral de Políticas de Classificação Indicativa" artSize="12" artNotes="" numberPage="64" pdfPage="http://pesquisa.in.gov.br/imprensa/jsp/visualiza/index.jsp?data=03/11/2025&amp;jornal=515&amp;pagina=64" editionNumber="209" highlightType="" highlightPriority="" highlight="" highlightimage="" highlightimagename="" idMateria="23276180">
  <body>
    <Identifica><![CDATA[ RETIFICAÇões]]></Identifica>
    <Data><![CDATA[]]></Data>
    <Ementa />
    <Titulo />
    <SubTitulo />
    <Texto><![CDATA[<p class="identifica">RETIFICAÇões</p><p>Na "PORTARIA CGPCIND/DSPRAD/SEDIGI Nº 2.093, DE 28 DE OUTUBRO DE 2025", publicada no Diário Oficial da União nº 206, de 29 de outubro de 2025, Seção 1, página 123, Processo MJSP nº 08017.002505/2025-06, na linha em que se lê:</p><p>"Título no Brasil: Big Bang (Brasil - 2021)</p><p>Produtor(es)/Criador(es): O sopro do tempo; Les Valseurs</p><p>Distribuidor(es): Casa da Praia Filmes"</p><p>leia-se:</p><p>"Título no Brasil: Big Bang (Brasil - 2022)"</p><p>Produtor(es)/Criador(es): Cristiano Barbosa, Damien Megherbi, Justin Pechberty, O sopro do tempo e Les Valseurs</p><p>Distribuidor(es): Casa da Praia e Les Valseurs".</p><p>Na "PORTARIA CGPCIND/DSPRAD/SEDIGI Nº 2.094, DE 28 DE OUTUBRO DE 2025", publicada no Diário Oficial da União nº 206, de 29 de outubro de 2025, Seção 1, página 123, Processo MJSP nº 08017.002506/2025-42, na linha em que se lê:</p><p>"Título no Brasil: Meu Amigo Satanás (Brasil - 2024)</p><p>Diretor(es): Aristeu Araújo</p><p>Produtor(es)/Criador(es): Mariana Hardi; Casa da Praia Filmes; 3Luzes"</p><p>leia-se:</p><p>"Título no Brasil: Meu Amigo Satanás (Brasil - 2025)</p><p>Diretor(es): Aristeu Araújo e Carlos Segundo</p><p>Produtor(es)/Criador(es): Mariana Hardi, Pedro Fiuza, Aristeu Araújo, Cássia Damasceno, Mariana Hardi MEI, Casa da Praia Filmes e 3Luzes".</p><p>Na "PORTARIA CGPCIND/DSPRAD/SEDIGI Nº 2.095, DE 28 DE OUTUBRO DE 2025", publicada no Diário Oficial da União nº 206, de 29 de outubro de 2025, Seção 1, página 123, Processo MJSP nº 08017.002507/2025-97, na linha em que se lê:</p><p>"Produtor(es)/Criador(es): Casa da Praia Filmes; O Sopro do Tempo; Les Valseurs"</p><p>leia-se:</p><p>"Produtor(es)/Criador(es): Mariana Hardi, Pedro Fiuza, Damien Megherbi, Justin Pechberty, Mariana Hardi MEI, Casa da Praia Filmes, O sopro do tempo e Les Valseurs".</p>]]></Texto>
  </body>
  <Midias />
</article></xml>