﻿<xml><article id="46225789" name="Int_Desp_3.164_2025_DIR_ES_" idOficio="11377353" pubName="DO1" artType="Despacho" pubDate="03/11/2025" artClass="00035:00043:00021:00000:00000:00000:00000:00000:00000:00000:00024:00000" artCategory="Ministério de Minas e Energia/Agência Nacional de Energia Elétrica/Diretoria Colegiada" artSize="12" artNotes="" numberPage="72" pdfPage="http://pesquisa.in.gov.br/imprensa/jsp/visualiza/index.jsp?data=03/11/2025&amp;jornal=515&amp;pagina=72" editionNumber="209" highlightType="" highlightPriority="" highlight="" highlightimage="" highlightimagename="" idMateria="23271703">
  <body>
    <Identifica><![CDATA[ DESPACHO Nº 3.164, DE 24 DE OUTUBRO DE 2025]]></Identifica>
    <Data><![CDATA[]]></Data>
    <Ementa />
    <Titulo />
    <SubTitulo />
    <Texto><![CDATA[<p class="identifica">DESPACHO Nº 3.164, DE 24 DE OUTUBRO DE 2025</p><p>O DIRETOR-GERAL DA AGÊNCIA NACIONAL DE ENERGIA ELÉTRICA - ANEEL, no uso de suas atribuições regimentais, com fundamento no que consta do Processo nº 48500.903427/2020 15, decide</p><p>conhecer do pedido de efeito suspensivo apresentado pela PCH Cabuí SPE S.A., inscrita no CNPJ sob o nº 35.856.369/0001-85, no Recurso Administrativo interposto contra o Despacho SFT nº 2.974, de 2 de outubro de 2025, e dar-lhe provimento, haja vista que presentes os requisitos da aparência do bom direito, do perigo na demora e da reversibilidade da medida.</p><p class="assina">SANDOVAL DE ARAÚJO FEITOSA NETO</p>]]></Texto>
  </body>
  <Midias />
</article></xml>