﻿<xml><article id="46259031" name="Desp-1513_2025" idOficio="11382912" pubName="DO1" artType="Despacho" pubDate="04/11/2025" artClass="00035:00045:00048:00000:00000:00000:00000:00000:00000:00000:00024:00000" artCategory="Ministério de Minas e Energia/Agência Nacional do Petróleo, Gás Natural e Biocombustíveis/Superintendência de Distribuição e Logística" artSize="12" artNotes="" numberPage="148" pdfPage="http://pesquisa.in.gov.br/imprensa/jsp/visualiza/index.jsp?data=04/11/2025&amp;jornal=515&amp;pagina=148" editionNumber="210" highlightType="" highlightPriority="" highlight="" highlightimage="" highlightimagename="" idMateria="23281031">
  <body>
    <Identifica><![CDATA[ DESPACHO SDL-ANP Nº 1.513, DE 3 DE NOVEMBRO DE 2025]]></Identifica>
    <Data><![CDATA[]]></Data>
    <Ementa />
    <Titulo />
    <SubTitulo />
    <Texto><![CDATA[<p class="identifica">DESPACHO SDL-ANP Nº 1.513, DE 3 DE NOVEMBRO DE 2025</p><p>O SUPERINTENDENTE ADJUNTO DE DISTRIBUIÇÃO E LOGÍSTICA DA AGÊNCIA NACIONAL DO PETRÓLEO, GÁS NATURAL E BIOCOMBUSTÍVEIS - ANP, no uso das atribuições que lhe foram conferidas pela Portaria ANP nº 265, de 10 de setembro de 2020, com base na Resolução ANP nº 958, de 5 de outubro de 2023, torna pública a outorga das seguintes autorizações para o exercício da atividade de revenda de gás liquefeito de petróleo - GLP, observado:</p><p>I) as instalações dos revendedores ora autorizados foram vistoriadas por instituições de bombeiros, atendendo os requisitos de segurança, e se encontram limitadas às quantidades máximas de armazenamento de GLP, conforme certificado expedido pelo corpo de bombeiros competente; e</p><p>II) a manutenção da presente Autorização fica condicionada ao atendimento dos requisitos constantes no Certificado que trata o item anterior e à Norma NBR 15514:2020 Versão Corrigida: 2021, da Associação Brasileira de Normas Técnicas - ABNT.</p><p /><p></p><table><tr /><tr><td rowspan="1" colspan="1"><p>Nº de Registro</p></td><td rowspan="1" colspan="1"><p>Razão Social</p></td><td rowspan="1" colspan="1"><p>CNPJ</p></td><td rowspan="1" colspan="1"><p>Processo</p></td></tr><tr><td rowspan="1" colspan="1"><p>GLPRN0460218</p></td><td rowspan="1" colspan="1"><p>A P REBOUCAS DE OLIVEIRA DISTRIBUIDORA</p></td><td rowspan="1" colspan="1"><p>24.863.577/0001-95</p></td><td rowspan="1" colspan="1"><p>48610.228946/2025-43</p></td></tr><tr><td rowspan="1" colspan="1"><p>GLPPA0460159</p></td><td rowspan="1" colspan="1"><p>A T DA SILVA COMERCIO DE COMBUSTIVEL E SERVICO LTDA</p></td><td rowspan="1" colspan="1"><p>36.931.196/0001-85</p></td><td rowspan="1" colspan="1"><p>48610.229289/2025-51</p></td></tr><tr><td rowspan="1" colspan="1"><p>GLPSP0460189</p></td><td rowspan="1" colspan="1"><p>ATACADINHO DEPOSITO DE GAS LTDA</p></td><td rowspan="1" colspan="1"><p>60.221.408/0001-15</p></td><td rowspan="1" colspan="1"><p>48610.226245/2025-70</p></td></tr><tr><td rowspan="1" colspan="1"><p>GLPRO0460177</p></td><td rowspan="1" colspan="1"><p>AUTO POSTO COMERCIO DE COMBUSTIVEIS PIMENTA LTDA</p></td><td rowspan="1" colspan="1"><p>07.057.241/0001-16</p></td><td rowspan="1" colspan="1"><p>48610.228888/2025-58</p></td></tr><tr><td rowspan="1" colspan="1"><p>GLPCE0460173</p></td><td rowspan="1" colspan="1"><p>AUTO POSTO CONFIANCA COMERCIAL DE COMBUSTIVEIS LTDA</p></td><td rowspan="1" colspan="1"><p>09.404.358/0001-54</p></td><td rowspan="1" colspan="1"><p>48610.228159/2025-00</p></td></tr><tr><td rowspan="1" colspan="1"><p>GLPMG0460179</p></td><td rowspan="1" colspan="1"><p>CLECIO ALVES DOS SANTOS</p></td><td rowspan="1" colspan="1"><p>60.354.468/0001-06</p></td><td rowspan="1" colspan="1"><p>48610.229319/2025-20</p></td></tr><tr><td rowspan="1" colspan="1"><p>GLPSC0460191</p></td><td rowspan="1" colspan="1"><p>COMERCIO DE COMBUSTIVEIS E LUBRIFICANTES RONSANI LTDA</p></td><td rowspan="1" colspan="1"><p>07.396.885/0001-39</p></td><td rowspan="1" colspan="1"><p>48610.228827/2025-91</p></td></tr><tr><td rowspan="1" colspan="1"><p>GLPCE0460204</p></td><td rowspan="1" colspan="1"><p>DISTRIBUIDORA DE GAS SAO LUIS LTDA</p></td><td rowspan="1" colspan="1"><p>62.856.541/0001-73</p></td><td rowspan="1" colspan="1"><p>48610.229419/2025-56</p></td></tr><tr><td rowspan="1" colspan="1"><p>GLPMT0460193</p></td><td rowspan="1" colspan="1"><p>E. M. EHRIG &amp; CIA LTDA</p></td><td rowspan="1" colspan="1"><p>07.131.187/0008-88</p></td><td rowspan="1" colspan="1"><p>48610.229354/2025-49</p></td></tr><tr><td rowspan="1" colspan="1"><p>GLPSP0460183</p></td><td rowspan="1" colspan="1"><p>ESQUERDINHA GAS E AGUA LTDA</p></td><td rowspan="1" colspan="1"><p>62.535.759/0001-26</p></td><td rowspan="1" colspan="1"><p>48610.229326/2025-21</p></td></tr><tr><td rowspan="1" colspan="1"><p>GLPSP0460206</p></td><td rowspan="1" colspan="1"><p>EVERTON HERMES MORAES DE MEDEIROS</p></td><td rowspan="1" colspan="1"><p>41.522.008/0001-03</p></td><td rowspan="1" colspan="1"><p>48610.228155/2025-13</p></td></tr><tr><td rowspan="1" colspan="1"><p>GLPMG0460212</p></td><td rowspan="1" colspan="1"><p>FB PIT STOP DISTRIBUIDORA DE BEBIDAS LTDA</p></td><td rowspan="1" colspan="1"><p>61.462.996/0001-41</p></td><td rowspan="1" colspan="1"><p>48610.228670/2025-01</p></td></tr><tr><td rowspan="1" colspan="1"><p>GLPGO0460214</p></td><td rowspan="1" colspan="1"><p>GERAL COMERCIO DE GAS E AGUA LTDA</p></td><td rowspan="1" colspan="1"><p>61.701.515/0002-94</p></td><td rowspan="1" colspan="1"><p>48610.228095/2025-39</p></td></tr><tr><td rowspan="1" colspan="1"><p>GLPMT0460157</p></td><td rowspan="1" colspan="1"><p>GUSTAVO DRESSLER SOUZA LTDA</p></td><td rowspan="1" colspan="1"><p>62.795.853/0001-14</p></td><td rowspan="1" colspan="1"><p>48610.227002/2025-59</p></td></tr><tr><td rowspan="1" colspan="1"><p>GLPPE0460216</p></td><td rowspan="1" colspan="1"><p>MATIAS LINHARES COMERCIO DE GAS LTDA</p></td><td rowspan="1" colspan="1"><p>61.547.993/0001-00</p></td><td rowspan="1" colspan="1"><p>48610.228556/2025-73</p></td></tr><tr><td rowspan="1" colspan="1"><p>GLPPA0460210</p></td><td rowspan="1" colspan="1"><p>PARAGAS COMERCIO LTDA</p></td><td rowspan="1" colspan="1"><p>60.206.012/0001-07</p></td><td rowspan="1" colspan="1"><p>48610.226896/2025-60</p></td></tr><tr><td rowspan="1" colspan="1"><p>GLPSP0460181</p></td><td rowspan="1" colspan="1"><p>PREMIUM GAS E AGUA LTDA</p></td><td rowspan="1" colspan="1"><p>61.781.941/0001-02</p></td><td rowspan="1" colspan="1"><p>48610.229321/2025-07</p></td></tr><tr><td rowspan="1" colspan="1"><p>GLPSP0460171</p></td><td rowspan="1" colspan="1"><p>RJ DANIEL COMERCIO</p></td><td rowspan="1" colspan="1"><p>31.690.614/0001-76</p></td><td rowspan="1" colspan="1"><p>48610.227423/2025-80</p></td></tr><tr><td rowspan="1" colspan="1"><p>GLPPE0460208</p></td><td rowspan="1" colspan="1"><p>RODRIGUES E SILVA RACOES LTDA</p></td><td rowspan="1" colspan="1"><p>21.000.317/0002-89</p></td><td rowspan="1" colspan="1"><p>48610.223863/2025-68</p></td></tr><tr><td rowspan="1" colspan="1"><p>GLPAM0460139</p></td><td rowspan="1" colspan="1"><p>SOCIEDADE FOGAS LTDA</p></td><td rowspan="1" colspan="1"><p>04.563.672/0275-28</p></td><td rowspan="1" colspan="1"><p>48610.229275/2025-38</p></td></tr><tr><td rowspan="1" colspan="1"><p>GLPMT0460187</p></td><td rowspan="1" colspan="1"><p>SOCIEDADE FOGAS LTDA</p></td><td rowspan="1" colspan="1"><p>04.563.672/0277-90</p></td><td rowspan="1" colspan="1"><p>48610.228912/2025-59</p></td></tr><tr><td rowspan="1" colspan="1"><p>GLPMT0460202</p></td><td rowspan="1" colspan="1"><p>SOCIEDADE FOGAS LTDA</p></td><td rowspan="1" colspan="1"><p>04.563.672/0294-90</p></td><td rowspan="1" colspan="1"><p>48610.228919/2025-71</p></td></tr><tr><td rowspan="1" colspan="1"><p>GLPBA0460175</p></td><td rowspan="1" colspan="1"><p>SUPERGASBRAS JC LTDA</p></td><td rowspan="1" colspan="1"><p>59.145.404/0002-05</p></td><td rowspan="1" colspan="1"><p>48610.226983/2025-17</p></td></tr><tr><td rowspan="1" colspan="1"><p>GLPBA0460169</p></td><td rowspan="1" colspan="1"><p>SUPERGASBRAS JC LTDA</p></td><td rowspan="1" colspan="1"><p>59.145.404/0005-40</p></td><td rowspan="1" colspan="1"><p>48610.227345/2025-13</p></td></tr><tr><td rowspan="1" colspan="1"><p>GLPBA0460162</p></td><td rowspan="1" colspan="1"><p>VL COMERCIO DE DERIVADOS DE PETROLEO LTDA</p></td><td rowspan="1" colspan="1"><p>20.051.834/0001-33</p></td><td rowspan="1" colspan="1"><p>48610.222704/2025-46</p></td></tr></table><p>BRUNO VALLE DE MOURA</p>]]></Texto>
  </body>
  <Midias />
</article></xml>