﻿<xml><article id="46239913" name="resolucao_4373_2025 GGFIS" idOficio="11379573" pubName="DO1" artType="Resolução" pubDate="03/11/2025" artClass="00047:00048:00016:00006:00000:00000:00000:00000:00000:00000:00064:34373" artCategory="Ministério da Saúde/Agência Nacional de Vigilância Sanitária/4ª Diretoria/Gerência-Geral de Inspeção e Fiscalização Sanitária" artSize="12" artNotes="" numberPage="136" pdfPage="http://pesquisa.in.gov.br/imprensa/jsp/visualiza/index.jsp?data=03/11/2025&amp;jornal=515&amp;pagina=136" editionNumber="209" highlightType="" highlightPriority="" highlight="" highlightimage="" highlightimagename="" idMateria="23277032">
  <body>
    <Identifica><![CDATA[ RESOLUÇÃO-RE nº 4.373, DE 31 DE OUTUBRO DE 2025]]></Identifica>
    <Data><![CDATA[]]></Data>
    <Ementa />
    <Titulo />
    <SubTitulo />
    <Texto><![CDATA[<p class="identifica">RESOLUÇÃO-RE nº 4.373, DE 31 DE OUTUBRO DE 2025</p><p>O GERENTE-GERAL DE INSPEÇÃO E FISCALIZAÇÃO SANITÁRIA DA AGÊNCIA NACIONAL DE VIGILÂNCIA SANITÁRIA, no uso das atribuições que lhe confere o art. 140, aliado ao art. 203, I, § 1º do Regimento Interno aprovado pela Resolução da Diretoria Colegiada - RDC nº 585, de 10 de dezembro de 2021,</p><p>Considerando o cumprimento dos requisitos de Boas Práticas de Fabricação preconizados em legislação vigente, para a área de Medicamentos, resolve:</p><p>Art. 1º Renovar a Certificação de Boas Práticas de Fabricação de Medicamentos das empresas constantes no ANEXO.</p><p>Art. 2º Esta Resolução entra em vigor na data de 27 de novembro de 2025.</p><p class="assina">Marcus Aurélio Miranda de Araújo</p><p>ANEXO</p><p>EMPRESA: KENVUE LTDA. - CNPJ: 59.748.988/0001-14 - AUTORIZ/MS: 1057211</p><p>ENDEREÇO: RODOVIA PRESIDENTE DUTRA KM 154</p><p>MUNICÍPIO: SÃO JOSÉ DOS CAMPOS - UF: SP - EXPEDIENTE: 0642274/25-8</p><p>CERTIFICADO DE BOAS PRÁTICAS DE FABRICAÇÃO DE MEDICAMENTOS: Líquidos não estéreis: Soluções; Suspensões; Xaropes</p><p>Data de vencimento: 27/11/2027</p><p>.........................................</p><p>EMPRESA FABRICANTE: RENAISSANCE LAKEWOOD LLC</p><p>ENDEREÇO: 1200 PACO WAY, LAKEWOOD, NEW JERSEY(NJ) 08701 - PAÍS: ESTADOS UNIDOS DA AMÉRICA - CÓDIGO ÚNICO: A.001359</p><p>EMPRESA SOLICITANTE: JANSSEN-CILAG FARMACÊUTICA LTDA - CNPJ: 51.780.468/0001-87</p><p>AUTORIZ/MS: 1012361 - EXPEDIENTE(s): 0464329/25-6</p><p>CERTIFICADO DE BOAS PRÁTICAS DE FABRICAÇÃO DE MEDICAMENTOS: Líquidos não estéreis (Embalagem primária; Granel): Soluções</p><p>Data de vencimento: 27/11/2027</p><p>.........................................</p><p>EMPRESA: GREENPHARMA QUÍMICA E FARMACÊUTICA LTDA - CNPJ: 33.408.105/0001-33 - AUTORIZ/MS: 1020190</p><p>ENDEREÇO: VPR3 QUADRA 2A, MÓDULOS 32/35</p><p>MUNICÍPIO: ANÁPOLIS - UF: GO - EXPEDIENTE: 0487394/25-9</p><p>CERTIFICADO DE BOAS PRÁTICAS DE FABRICAÇÃO DE MEDICAMENTOS: Líquidos não estéreis: Soluções; Suspensões</p><p>Semissólidos não estéreis: Cremes; Pastas; Pomadas</p><p>Sólidos não estéreis: Comprimidos; Comprimidos Revestidos; Cápsulas</p><p>Sólidos não estéreis (Cefalosporínicos): Pós</p><p>Produtos estéreis: Soluções Parenterais de Pequeno Volume com Esterilização Terminal</p><p>Data de vencimento: 27/11/2027</p><p>.........................................</p><p>EMPRESA FABRICANTE: ONCOTEC PHARMA PRODUKTION GMBH</p><p>ENDEREÇO: AM PHARMAPARK, 06861, DESSAU-ROSSLAU - PAÍS: ALEMANHA - CÓDIGO ÚNICO: A.000627</p><p>EMPRESA SOLICITANTE: BLANVER FARMOQUIMICA E FARMACEUTICA S.A. - CNPJ: 53.359.824/0001-19</p><p>AUTORIZ/MS: 1015246 - EXPEDIENTE(s): 0703660/25-0</p><p>CERTIFICADO DE BOAS PRÁTICAS DE FABRICAÇÃO DE MEDICAMENTOS: Produtos estéreis (Granel): Pós Liofilizados</p><p>Data de vencimento: 27/11/2027</p><p>.........................................</p><p>EMPRESA: BLAU FARMACÊUTICA S.A. - CNPJ: 58.430.828/0005-93 - AUTORIZ/MS: 1016377</p><p>ENDEREÇO: RODOVIA RAPOSO TAVARES, N° 2833, KM 30,5 EDIF 200/210/300</p><p>MUNICÍPIO: COTIA - UF: SP - EXPEDIENTE: 0589810/25-1</p><p>CERTIFICADO DE BOAS PRÁTICAS DE FABRICAÇÃO DE MEDICAMENTOS: Produtos estéreis: Emulsões Parenterais de Pequeno Volume com Esterilização Terminal; Pós Liofilizados; Soluções Parenterais de Pequeno Volume com Preparação Asséptica</p><p>Data de vencimento: 27/11/2027</p><p>.........................................</p><p>EMPRESA FABRICANTE: ENESTIA BELGIUM N.V.</p><p>ENDEREÇO: KLOCKNERSTRAAT 1, HAMONT-ACHEL, LIMBURG, B-3930 - PAÍS: BÉLGICA - CÓDIGO ÚNICO: A.000744</p><p>EMPRESA SOLICITANTE: Samsung Bioepis br Pharmaceutical ltda. - CNPJ: 24.563.776/0001-88</p><p>AUTORIZ/MS: 1159210 - EXPEDIENTE(s): 0721694/25-0</p><p>CERTIFICADO DE BOAS PRÁTICAS DE FABRICAÇÃO DE MEDICAMENTOS: Produtos estéreis (Embalagem secundária)</p><p>Data de vencimento: 27/11/2027</p><p>.........................................</p><p>EMPRESA FABRICANTE: LABORATORIOS LEÓN FARMA S.A.</p><p>ENDEREÇO: POLÍGONO INDUSTRIAL NAVATEJERA, C/ LA VALLINA S/N, VILLAQUILAMBRE - LEÓN - PAÍS: ESPANHA - CÓDIGO ÚNICO: A.000355</p><p>EMPRESA SOLICITANTE: FARMOQUÍMICA S/A - CNPJ: 33.349.473/0001-58</p><p>AUTORIZ/MS: 1003906 - EXPEDIENTE(s): 0721682/25-1</p><p>CERTIFICADO DE BOAS PRÁTICAS DE FABRICAÇÃO DE MEDICAMENTOS: Sólidos não estéreis: Comprimidos Revestidos; Cápsulas Moles</p><p>Data de vencimento: 27/11/2027</p><p>.........................................</p><p>EMPRESA FABRICANTE: GLAND PHARMA LIMITED</p><p>ENDEREÇO: SURVEY 143-148, 150 &amp; 151 NEAR GANDIMAISAMMA CROSS ROADS, D.P.PALLY, DUNDIGAL POST, DUNDIGAL-GANDIMAISAMMA MANDAL, MEDCHAL-MALKAJGIRI DISTRICT, HYDERABAD - 500 043, TELANGANA - PAÍS: ÍNDIA - CÓDIGO ÚNICO: A.000257</p><p>EMPRESA SOLICITANTE: LABORATÓRIO QUÍMICO FARMACÊUTICO BERGAMO LTDA - CNPJ: 61.282.661/0001-41</p><p>AUTORIZ/MS: 1006461 - EXPEDIENTE(s): 0605969/25-6</p><p>CERTIFICADO DE BOAS PRÁTICAS DE FABRICAÇÃO DE MEDICAMENTOS: Produtos estéreis: Pós Liofilizados</p><p>Data de vencimento: 27/11/2027</p><p>.........................................</p><p>EMPRESA FABRICANTE: JEWIM PHARMACEUTICAL (SHANDONG) CO., LTD.</p><p>ENDEREÇO: CHUANGYE STREET, TAI'AN HIGH-TECH INDUSTRIAL DEVELOPMENT ZONE, SHANDONG PROVINCE. - PAÍS: CHINA, REPÚBLICA POPULAR - CÓDIGO ÚNICO: A.000333</p><p>EMPRESA SOLICITANTE: PHARMASCIENCE INDUSTRIA FARMACEUTICA S.A - CNPJ: 25.773.037/0001-83</p><p>AUTORIZ/MS: 1017173 - EXPEDIENTE(s): 0696964/25-2</p><p>CERTIFICADO DE BOAS PRÁTICAS DE FABRICAÇÃO DE MEDICAMENTOS: Líquidos não estéreis: Suspensões Aerossóis</p><p>Data de vencimento: 27/11/2027</p><p>.........................................</p><p>EMPRESA FABRICANTE: GLAND PHARMA LIMITED</p><p>ENDEREÇO: SURVEY 143-148, 150 &amp; 151 NEAR GANDIMAISAMMA CROSS ROADS, D.P.PALLY, DUNDIGAL POST, DUNDIGAL-GANDIMAISAMMA MANDAL, MEDCHAL-MALKAJGIRI DISTRICT, HYDERABAD - 500 043, TELANGANA - PAÍS: ÍNDIA - CÓDIGO ÚNICO: A.000257</p><p>EMPRESA SOLICITANTE: VOLPHARMA DISTRIBUIDORA DE PRODUTOS HOSPITALARES E FARMACÊUTICOS LTDA - CNPJ: 14.665.928/0001-08</p><p>AUTORIZ/MS: 1093571 - EXPEDIENTE(s): 0563139/25-1</p><p>CERTIFICADO DE BOAS PRÁTICAS DE FABRICAÇÃO DE MEDICAMENTOS: Produtos estéreis: Pós Liofilizados; Soluções Parenterais de Pequeno Volume com Esterilização Terminal; Soluções Parenterais de Pequeno Volume com Preparação Asséptica</p><p>Data de vencimento: 27/11/2027</p><p>.........................................</p><p>EMPRESA FABRICANTE: BIOLOGICAL E. LIMITED</p><p>ENDEREÇO: PLOT NO.4, SURVEY NO. 542/P, BIOTECH PARK, PHASE-II, KOLTHUR VILLAGE - 500 078, SHAMEERPET MANDAL, MEDCHAL-MALKAJGIRI DISTRICT, TELANGANA STATE - PAÍS: ÍNDIA - CÓDIGO ÚNICO: A.001424</p><p>EMPRESA SOLICITANTE: ANTIBIÓTICOS DO BRASIL LTDA - CNPJ: 05.439.635/0001-03</p><p>AUTORIZ/MS: 1055622 - EXPEDIENTE(s): 0656247/25-8</p><p>CERTIFICADO DE BOAS PRÁTICAS DE FABRICAÇÃO DE MEDICAMENTOS: Produtos estéreis: Pós Liofilizados</p><p>Data de vencimento: 27/11/2027</p><p>.........................................</p><p>EMPRESA FABRICANTE: SIMTRA US LLC</p><p>ENDEREÇO: 927 SOUTH CURRY PIKE, BLOOMINGTON, INDIANA (IN) 47403 - PAÍS: ESTADOS UNIDOS DA AMÉRICA - CÓDIGO ÚNICO: A.000081</p><p>EMPRESA SOLICITANTE: ULTRAGENYX BRASIL FARMACEUTICA LTDA - CNPJ: 27.724.245/0001-18</p><p>AUTORIZ/MS: 1239643 - EXPEDIENTE(s): 0590593/25-1</p><p>CERTIFICADO DE BOAS PRÁTICAS DE FABRICAÇÃO DE MEDICAMENTOS: Produtos estéreis (Granel): Soluções Parenterais de Pequeno Volume com Preparação Asséptica</p><p>Data de vencimento: 27/11/2027</p><p>.........................................</p><p>EMPRESA FABRICANTE: DR. GERHARD MANN - CHEM. PHARM. FABRIK GMBH</p><p>ENDEREÇO: BRUNSBUTTELER DAMM 165/173 13581 BERLIN - PAÍS: ALEMANHA - CÓDIGO ÚNICO: A.001034</p><p>EMPRESA SOLICITANTE: BL INDÚSTRIA OTICA LTDA - CNPJ: 27.011.022/0001-03</p><p>AUTORIZ/MS: 1019615 - EXPEDIENTE(s): 0566988/25-9</p><p>CERTIFICADO DE BOAS PRÁTICAS DE FABRICAÇÃO DE MEDICAMENTOS: Produtos estéreis: Géis com Preparação Asséptica; Soluções com Preparação Asséptica</p><p>Data de vencimento: 27/11/2027</p><p>.........................................</p><p>EMPRESA FABRICANTE: LABORATORIOS ANDRÓMACO S.A</p><p>ENDEREÇO: AVENIDA QUILÍN N° 5273,PENALOLÉN,SANTIAGO - PAÍS: CHILE - CÓDIGO ÚNICO: A.001335</p><p>EMPRESA SOLICITANTE: GRÜNENTHAL DO BRASIL FARMACÊUTICA LTDA. - CNPJ: 10.555.143/0001-13</p><p>AUTORIZ/MS: 1086107 - EXPEDIENTE(s): 0721748/25-2</p><p>CERTIFICADO DE BOAS PRÁTICAS DE FABRICAÇÃO DE MEDICAMENTOS: Sólidos não estéreis: Anéis; Comprimidos Revestidos</p><p>Data de vencimento: 27/11/2027</p><p>.........................................</p><p>EMPRESA FABRICANTE: ASTELLAS PHARMA INC. YAIZU TECHNOLOGY CENTER</p><p>ENDEREÇO: 180 OZUMI YAIZU-SHI, SHIZUOKA - PAÍS: JAPÃO - CÓDIGO ÚNICO: A.001365</p><p>EMPRESA SOLICITANTE: ASTELLAS FARMA BRASIL IMPORTAÇÃO E DISTRIBUIÇÃO DE MEDICAMENTOS LTDA. - CNPJ: 07.768.134/0001-04</p><p>AUTORIZ/MS: 1077171 - EXPEDIENTE(s): 0642421/25-1</p><p>CERTIFICADO DE BOAS PRÁTICAS DE FABRICAÇÃO DE MEDICAMENTOS: Sólidos não estéreis (Granel): Comprimidos Revestidos</p><p>Data de vencimento: 27/11/2027</p><p>.........................................</p><p>EMPRESA: KENVUE LTDA. - CNPJ: 59.748.988/0001-14 - AUTORIZ/MS: 1057211</p><p>ENDEREÇO: RODOVIA PRESIDENTE DUTRA KM 154</p><p>MUNICÍPIO: SÃO JOSÉ DOS CAMPOS - UF: SP - EXPEDIENTE: 0642229/25-2</p><p>CERTIFICADO DE BOAS PRÁTICAS DE FABRICAÇÃO DE MEDICAMENTOS: Semissólidos não estéreis: Cremes; Géis; Pomadas</p><p>Data de vencimento: 27/11/2027</p><p>.........................................</p>]]></Texto>
  </body>
  <Midias />
</article></xml>