﻿<xml><article id="46236542" name="Portaria GTA 29.10.25 - 2" idOficio="11379264" pubName="DO1" artType="Portaria" pubDate="03/11/2025" artClass="00008:00002:00028:00000:00000:00000:00000:00000:00000:00000:00054:00001" artCategory="Ministério da Agricultura e Pecuária/Secretaria Executiva/Superintendência de Agricultura e Pecuária do Estado do Paraná" artSize="12" artNotes="" numberPage="27" pdfPage="http://pesquisa.in.gov.br/imprensa/jsp/visualiza/index.jsp?data=03/11/2025&amp;jornal=515&amp;pagina=27" editionNumber="209" highlightType="" highlightPriority="" highlight="" highlightimage="" highlightimagename="" idMateria="23276384">
  <body>
    <Identifica><![CDATA[ PORTARIA SFA-PR/MAPA Nº 777, DE 29 DE OUTUBRO DE 2025]]></Identifica>
    <Data><![CDATA[]]></Data>
    <Ementa />
    <Titulo />
    <SubTitulo />
    <Texto><![CDATA[<p class="identifica">PORTARIA SFA-PR/MAPA Nº 777, DE 29 DE OUTUBRO DE 2025</p><p>O SUPERINTENDENTE DE AGRICULTURA E PECUÁRIA NO PARANÁ - SUBSTITUTO, no uso das atribuições que lhe confere o Art. 262 do Regimento Interno da Secretaria Executiva do Ministério da Agricultura e Pecuária, aprovado pela Portaria nº 561, de 11 de abril de 2018; os Art. 41 e 50 do Anexo I do Decreto nº 11332, de 1º de janeiro de 2023; e tendo em vista o disposto no Decreto nº 5741, de 30 de março de 2006, na Instrução Normativa nº 22, de 20 de junho de 2013 e o que consta do processo 21034.035248/2025-31, resolve:</p><p>Art. 1º Habilitar a Médica Veterinária DANUBIA CRISTINA KRUTSCH, inscrita no CRMV-PR sob nº 11261, para fornecer Guia de Trânsito Animal - GTA para fins de trânsito de aves no Estado do Paraná, observando as normas e dispositivos legais em vigor.</p><p>Art. 2º Esta Portaria entra em vigor na data da sua publicação.</p><p class="assina">CEZAR AUGUSTO PIAN</p>]]></Texto>
  </body>
  <Midias />
</article></xml>