﻿<xml><article id="46234828" name="TABELA RDC 630 - nova versao - 3" idOficio="11378433" pubName="DO1" artType="Decisão" pubDate="03/11/2025" artClass="00047:00047:00007:00001:00000:00000:00000:00000:00000:00000:00018:00015" artCategory="Ministério da Saúde/Agência Nacional de Saúde Suplementar/Diretoria Colegiada/Coordenadoria de Recursos e Assessoramento" artSize="24" artNotes="" numberPage="97" pdfPage="http://pesquisa.in.gov.br/imprensa/jsp/visualiza/index.jsp?data=03/11/2025&amp;jornal=515&amp;pagina=97" editionNumber="209" highlightType="" highlightPriority="" highlight="" highlightimage="" highlightimagename="" idMateria="23273680">
  <body>
    <Identifica />
    <Data><![CDATA[]]></Data>
    <Ementa />
    <Titulo />
    <SubTitulo />
    <Texto><![CDATA[<p /><p></p><table><tr /><tr><td rowspan="1" colspan="1"><p>33910.020550/2023-36</p></td><td rowspan="1" colspan="1"><p>HUMANA ASSISTÊNCIA MÉDICA LTDA</p></td><td rowspan="1" colspan="1"><p>DIPRO</p></td><td rowspan="1" colspan="1"><p>Pelo conhecimento e provimento parcial do recurso, na forma manifestada na Nota Técnica nº 1855/2025/GEIRS/DIDES/ANS, mantendo a decisão da DIDES.</p></td></tr><tr><td rowspan="1" colspan="1"><p>33910.020794/2023-19</p></td><td rowspan="1" colspan="1"><p>UNIMED DE GUARULHOS COOPERATIVA DE TRABALHO MÉDICO</p></td><td rowspan="1" colspan="1"><p>DIPRO</p></td><td rowspan="1" colspan="1"><p>Pelo conhecimento e não provimento do recurso, na forma manifestada na Nota Técnica nº 1870/2025/GEIRS/DIDES/ANS, mantendo a decisão da DIDES.</p></td></tr><tr><td rowspan="1" colspan="1"><p>33910.037844/2023-05</p></td><td rowspan="1" colspan="1"><p>ASSOCIAÇÃO DE SAÚDE DOS FORNECEDORES DE CANA DE PIRACICABA E REGIÃO</p></td><td rowspan="1" colspan="1"><p>DIPRO</p></td><td rowspan="1" colspan="1"><p>Pelo conhecimento e não provimento do recurso, na forma manifestada na Nota Técnica nº 1805/2025/GEIRS/DIDES/ANS, mantendo a decisão da DIDES.</p></td></tr><tr><td rowspan="1" colspan="1"><p>33910.031627/2023-01</p></td><td rowspan="1" colspan="1"><p>UNIMED FRANCA - SOCIEDADE COOPERATIVA DE SERVIÇOS MÉDICOS E HOSPITALARES</p></td><td rowspan="1" colspan="1"><p>DIPRO</p></td><td rowspan="1" colspan="1"><p>Pelo conhecimento e provimento parcial do recurso, na forma manifestada na Nota Técnica nº 1831/2025/GEIRS/DIDES/ANS, mantendo a decisão da DIDES.</p></td></tr></table>]]></Texto>
  </body>
  <Midias />
</article></xml>