﻿<xml><article id="46239865" name="resolucao_4367_2025 GGFIS" idOficio="11379573" pubName="DO1" artType="Resolução" pubDate="03/11/2025" artClass="00047:00048:00016:00006:00000:00000:00000:00000:00000:00000:00064:34367" artCategory="Ministério da Saúde/Agência Nacional de Vigilância Sanitária/4ª Diretoria/Gerência-Geral de Inspeção e Fiscalização Sanitária" artSize="12" artNotes="" numberPage="135" pdfPage="http://pesquisa.in.gov.br/imprensa/jsp/visualiza/index.jsp?data=03/11/2025&amp;jornal=515&amp;pagina=135" editionNumber="209" highlightType="" highlightPriority="" highlight="" highlightimage="" highlightimagename="" idMateria="23277006">
  <body>
    <Identifica><![CDATA[ RESOLUÇÃO-RE Nº 4.367, DE 31 DE OUTUBRO DE 2025]]></Identifica>
    <Data><![CDATA[]]></Data>
    <Ementa />
    <Titulo />
    <SubTitulo />
    <Texto><![CDATA[<p class="identifica">RESOLUÇÃO-RE Nº 4.367, DE 31 DE OUTUBRO DE 2025</p><p>O GERENTE-GERAL DE INSPEÇÃO E FISCALIZAÇÃO SANITÁRIA DA AGÊNCIA NACIONAL DE VIGILÂNCIA SANITÁRIA, no uso das atribuições que lhe confere o art. 140, aliado ao art. 203, I, § 1º do Regimento Interno aprovado pela Resolução da Diretoria Colegiada - RDC nº 585, de 10 de dezembro de 2021,</p><p>Considerando o cumprimento dos requisitos de Boas Práticas de Fabricação preconizados em legislação vigente, para a área de Insumos Farmacêuticos, resolve:</p><p>Art. 1º Renovar a Certificação de Boas Práticas de Fabricação de Insumos Farmacêuticos Ativos das empresas constantes no ANEXO.</p><p>Art. 2º Esta Resolução entra em vigor na data de 20 de novembro de 2025.</p><p class="assina">Marcus AurÉlio Miranda de AraÚjo</p><p class="anexo">ANEXO</p><p>Empresa Fabricante: Tianish Laboratories Private Limited (UNIT-8)</p><p>Endereço: G. Chodavaram Village, Poosapatirega Mandal, Andhra Pradesh - 535204</p><p>País: Índia Código único: B.000047</p><p>Expediente(s): 0651081/25-4</p><p>Certificado de Boas Práticas de Fabricação de Insumos Farmacêuticos Ativos:</p><p>Insumos farmacêuticos ativos obtidos por síntese química: efavirenz, ritonavir</p><p>Data de vencimento: 20/11/2027</p>]]></Texto>
  </body>
  <Midias />
</article></xml>