﻿<xml><article id="46239667" name="PA 18129-SIA" idOficio="11379564" pubName="DO1" artType="Portaria" pubDate="03/11/2025" artClass="00041:00019:00033:00000:00000:00000:00000:00000:00000:00000:00054:00000" artCategory="Ministério de Portos e Aeroportos/Agência Nacional de Aviação Civil/Superintendência de Infraestrutura Aeroportuária" artSize="12" artNotes="ok" numberPage="77" pdfPage="http://pesquisa.in.gov.br/imprensa/jsp/visualiza/index.jsp?data=03/11/2025&amp;jornal=515&amp;pagina=77" editionNumber="209" highlightType="" highlightPriority="" highlight="" highlightimage="" highlightimagename="" idMateria="23276952">
  <body>
    <Identifica><![CDATA[ PORTARIA Nº 18.129, DE 28 DE OUTUBRO DE 2025]]></Identifica>
    <Data><![CDATA[]]></Data>
    <Ementa />
    <Titulo />
    <SubTitulo />
    <Texto><![CDATA[<p class="identifica">PORTARIA Nº 18.129, DE 28 DE OUTUBRO DE 2025</p><p>O SUPERINTENDENTE DE INFRAESTRUTURA AEROPORTUÁRIA, no uso das atribuições que lhe conferem o art. 33 do Regimento Interno, aprovado pela Resolução nº 381, de 14 de junho de 2016, tendo em vista o disposto no Regulamento Brasileiro da Aviação Civil - RBAC nº 107, e considerando o que consta do processo nº 00058.041514/2025-16, resolve:</p><p>Art. 1º Aprovar o Programa de Segurança Aeroportuária (Revisão 08) do operador AEROPORTOS BRASIL - VIRACOPOS S.A., responsável pela operação do Aeroporto Internacional de Viracopos, Código OACI: SBKP, Código CIAD: SP0003, localizado em Campinas (SP), nos termos do Regulamento Brasileiro da Aviação Civil - RBAC nº 107, Emenda 10, e da Instrução Suplementar nº 107-001, Revisão L, e considerando as seguintes especificações:</p><p>I - Classe do aeródromo: AP-3;</p><p>II - Serviços aéreos: voos domésticos e internacionais;</p><p>III - Capacidade da maior aeronave: superior a 60 assentos; e</p><p>IV - Listagem de Inclusão de Medidas de Segurança e Procedimentos Alternativos: versão nº 04.</p><p>Art. 2º Fica revogada a Portaria nº 16.883/SIA, de 28 de abril de 2025, publicada no Diário Oficial da União de 6 de maio de 2025, Seção 1, página 98.</p><p>Art. 3º Esta Portaria entra em vigor na data de sua publicação.</p><p class="assina">GIOVANO PALMA</p>]]></Texto>
  </body>
  <Midias />
</article></xml>