﻿<xml><article id="46231942" name="resolucao_4293_2025 COCER GGFIS" idOficio="11377950" pubName="DO1" artType="Resolução" pubDate="03/11/2025" artClass="00047:00048:00016:00006:00000:00000:00000:00000:00000:00000:00064:34293" artCategory="Ministério da Saúde/Agência Nacional de Vigilância Sanitária/4ª Diretoria/Gerência-Geral de Inspeção e Fiscalização Sanitária" artSize="12" artNotes="" numberPage="131" pdfPage="http://pesquisa.in.gov.br/imprensa/jsp/visualiza/index.jsp?data=03/11/2025&amp;jornal=515&amp;pagina=131" editionNumber="209" highlightType="" highlightPriority="" highlight="" highlightimage="" highlightimagename="" idMateria="23272861">
  <body>
    <Identifica><![CDATA[ RESOLUÇÃO-RE nº 4.293, DE 30 DE OUTUBRO DE 2025]]></Identifica>
    <Data><![CDATA[]]></Data>
    <Ementa />
    <Titulo />
    <SubTitulo />
    <Texto><![CDATA[<p class="identifica">RESOLUÇÃO-RE nº 4.293, DE 30 DE OUTUBRO DE 2025</p><p>O GERENTE-GERAL DE INSPEÇÃO E FISCALIZAÇÃO SANITÁRIA DA AGÊNCIA NACIONAL DE VIGILÂNCIA SANITÁRIA, no uso das atribuições que lhe confere o art. 140, aliado ao art. 203, I, §1º do Regimento Interno aprovado pela Resolução da Diretoria Colegiada - RDC nº 585, de 10 de dezembro de 2021, resolve:</p><p>Art. 1º Conceder às empresas constantes no anexo a Certificação de Boas Práticas de Fabricação de Produtos para Saúde.</p><p>Art. 2º A presente certificação tem validade de 4 (quatro) anos a partir da sua publicação, conforme art. 1º da Resolução da Diretoria Colegiada - RDC nº 850, de 20 de março de 2024.</p><p>Art. 3º Esta Resolução entrará em vigor na data de sua publicação.</p><p class="assina">MARCUS AURÉLIO MIRANDA DE ARAÚJO</p><p>ANEXO</p><p>Fabricante: SACCI BIO Co., Ltd.</p><p>Endereço: #1007, 96 Gamasan-ro, Geumcheon-gu, Seoul, 08501, República da Coréia do Sul</p><p>Solicitante: PROW Distribuidora De Produtos Para Saude Ltda - ME CNPJ: 65.484.271/0001-05</p><p>Autorização de Funcionamento: 8.13634-3 Expediente: 1076445/25-0</p><p>Certificado de Boas Práticas de Fabricação de Produtos para Saúde: Materiais de uso médico da classe IV.</p><p>Motivo: Publicado deferimento, subsidiado por informações provenientes de autoridades regulatórias e de organismos auditores terceiros reconhecidos pela Anvisa.</p><p>-------------------------------------------------------</p><p>Fabricante: Zylox-Tonbridge Medical Technology Co., Ltd.</p><p>Endereço: N. 270 Shuyun Road, Yuhang District, Hangzhou, Zhejiang Province, 311121 - China</p><p>Solicitante: Emergo Brazil Import Importacao e Distribuicao de Produtos Medicos Hospitalares Ltda CNPJ: 04.967.408/0001-98</p><p>Autorização de Funcionamento: 8.01.175-8 Expediente: 1334212/25-2</p><p>Certificado de Boas Práticas de Fabricação de Produtos para Saúde: Materiais de uso médico das classes III e IV.</p><p>Motivo: Publicado deferimento, subsidiado por informações provenientes de autoridades regulatórias e de organismos auditores terceiros reconhecidos pela Anvisa.</p>]]></Texto>
  </body>
  <Midias />
</article></xml>