﻿<xml><article id="46258725" name="PORTARIA 20-10-2025__XYAP9L" idOficio="11381148" pubName="DO1" artType="Portaria" pubDate="04/11/2025" artClass="00033:00052:00005:00003:00002:00646:00000:00000:00000:00000:00054:00000" artCategory="Ministério da Justiça e Segurança Pública/Secretaria Nacional de Justiça/Departamento de Migrações/Coordenação-Geral de Política Migratória/Coordenação de Processos Migratórios/Divisão de Naturalização, Nacionalidade e Apatridia" artSize="12" artNotes="" numberPage="145" pdfPage="http://pesquisa.in.gov.br/imprensa/jsp/visualiza/index.jsp?data=04/11/2025&amp;jornal=515&amp;pagina=145" editionNumber="210" highlightType="" highlightPriority="" highlight="" highlightimage="" highlightimagename="" idMateria="23279100">
  <body>
    <Identifica><![CDATA[PORTARIA Nº 5.780, DE 31 DE OUTUBRO DE 2025]]></Identifica>
    <Data><![CDATA[]]></Data>
    <Ementa />
    <Titulo />
    <SubTitulo />
    <Texto><![CDATA[<p class="identifica">PORTARIA Nº 5.780, DE 31 DE OUTUBRO DE 2025</p><p>A COORDENADORA DE PROCESSOS MIGRATÓRIOS, usando das atribuições que lhe confere o artigo 1º, VII, da Portaria SENAJUS/MJSP nº 432, de 17 de junho de 2019, publicada no Diário Oficial da União do dia 21 subsequente, e tendo em vista o que consta do Processo nº 08505.010236/2023-80, do Ministério da Justiça e Segurança Pública, resolve:</p><p>EXPULSAR do território nacional, em conformidade com o art. 54, § 1º, II e § 2º, da Lei nº 13.445, de 24 de maio de 2017, MARIO DAVID MONTENEGRO GUERRA, de nacionalidade venezuelana, filho de Fernando David Silva Montenegro e de Ledys Maria Guerra Martinez, nascido em Caracas, na República Bolivariana da Venezuela, em 6 de outubro de 1983, ficando a efetivação da expulsão condicionada ao cumprimento da pena a que estiver sujeito no País ou à liberação pelo Poder Judiciário, com o impedimento de reingresso no Brasil pelo período de 11 (onze) anos e 8 (oito) meses, a partir da execução da medida.</p><p class="assina">SANDRA MARIA MENDES ADJAFRE SINDEAUX</p><p class="identifica">PORTARIA Nº 5.781, DE 31 DE outubro DE 2025</p><p>A COORDENADORA DE PROCESSOS MIGRATÓRIOS, usando das atribuições que lhe confere o artigo 1º, VII, da Portaria SENAJUS/MJSP nº 432, de 17 de junho de 2019, publicada no Diário Oficial da União do dia 21 subsequente, e tendo em vista o que consta do Processo nº 08500.005739/2023-83, do Ministério da Justiça e Segurança Pública, resolve:</p><p>EXPULSAR do território nacional, em conformidade com o art. 54, § 1º, II e § 2º, da Lei nº 13.445, de 24 de maio de 2017, JOSEPHINE DELA PENA LAGMAN, de nacionalidade filipina, filha de Venancio Dela Pena e de Rufina Dela Pena, nascida em Manila, na República das Filipinas, em 28 de abril de 1959, ficando a efetivação da expulsão condicionada ao cumprimento da pena a que estiver sujeita no País ou à liberação pelo Poder Judiciário, com o impedimento de reingresso no Brasil pelo período de 9 (nove) anos, 8 (oito) meses e 20 (vinte) dias, a partir da execução da medida.</p><p class="assina">SANDRA MARIA MENDES ADJAFRE SINDEAUX</p><p class="identifica">PORTARIA Nº 5.782, DE 31 DE outubro DE 2025</p><p>A COORDENADORA DE PROCESSOS MIGRATÓRIOS, no uso das atribuições que lhe foram conferidas pela Portaria SENAJUS nº 432, de 17 de junho de 2019, publicada no Diário Oficial da União do dia 21 subsequente, e tendo em vista o que consta do Processo nº 08018.025206/2009-10, do Ministério da Justiça e Segurança Pública, resolve:</p><p>REVOGAR a Portaria nº 422, de 12 de junho de 2019, publicada no Diário Oficial da União do dia 14 subsequente, que determinou a expulsão do Território Nacional de VALCEIR JAVORISKI, de nacionalidade paraguaia, filho de Ana Lúcia Javoriski, nascido em Hernandárias, na República do Paraguai, em 25 e dezembro de 1990, tendo em vista a obtenção da nacionalidade brasileira pelo nominado.</p><p class="assina">SANDRA MARIA MENDES ADJAFRE SINDEAUX</p>]]></Texto>
  </body>
  <Midias />
</article></xml>