﻿<xml><article id="46237056" name="resolucao_4340_2025 CCMED GGFIS" idOficio="11379360" pubName="DO1" artType="Resolução" pubDate="03/11/2025" artClass="00047:00048:00016:00006:00000:00000:00000:00000:00000:00000:00064:34340" artCategory="Ministério da Saúde/Agência Nacional de Vigilância Sanitária/4ª Diretoria/Gerência-Geral de Inspeção e Fiscalização Sanitária" artSize="12" artNotes="" numberPage="133" pdfPage="http://pesquisa.in.gov.br/imprensa/jsp/visualiza/index.jsp?data=03/11/2025&amp;jornal=515&amp;pagina=133" editionNumber="209" highlightType="" highlightPriority="" highlight="" highlightimage="" highlightimagename="" idMateria="23276606">
  <body>
    <Identifica><![CDATA[ RESOLUÇÃO-RE nº 4.340, DE 31 DE OUTUBRO DE 2025]]></Identifica>
    <Data><![CDATA[]]></Data>
    <Ementa />
    <Titulo />
    <SubTitulo />
    <Texto><![CDATA[<p class="identifica">RESOLUÇÃO-RE nº 4.340, DE 31 DE OUTUBRO DE 2025</p><p>O GERENTE-GERAL DE INSPEÇÃO E FISCALIZAÇÃO SANITÁRIA DA AGÊNCIA NACIONAL DE VIGILÂNCIA SANITÁRIA, no uso das atribuições que lhe confere o art. 140, aliado ao art. 203, I, § 1º do Regimento Interno aprovado pela Resolução da Diretoria Colegiada - RDC nº 585, de 10 de dezembro de 2021, e</p><p>considerando o cumprimento dos requisitos de Boas Práticas de Distribuição e/ou Armazenagem preconizados em legislação vigente, para a área de Medicamentos, resolve:</p><p>Art. 1º Renovar a Certificação de Boas Práticas de Distribuição e/ou Armazenagem de Medicamentos para a(s) empresa(s) constante(s) no ANEXO.</p><p>Art. 2º Esta Resolução entra em vigor na data de 8 de novembro de 2025.</p><p class="assina">Marcus AurÉlio Miranda de AraÚjo</p><p class="anexo">ANEXO</p><p>EMPRESA: UNO HEALTHCARE COMÉRCIO DE MEDICAMENTOS LTDA. - CNPJ: 13.109.151/0001-24 - AUTORIZ/MS: 1092712 - AE: 1272121</p><p>ENDEREÇO: RUA JOSEFINA, Nº 200 - SALAS 210/314 E SUBSOLO</p><p>MUNICÍPIO: GUARULHOS - UF: SP - EXPEDIENTE: 0880193/25-5</p><p>CERTIFICADO DE BOAS PRÁTICAS DE DISTRIBUIÇÃO E/OU ARMAZENAGEM: Medicamentos</p><p>Data de Vencimento: 08/11/2029</p><p>.........................................</p><p>EMPRESA: CENTERMEDI COMÉRCIO DE PRODUTOS HOSPITALARES LTDA. - CNPJ: 03.652.030/0001-70 - AUTORIZ/MS: 1103459 - AE: 1103462</p><p>ENDEREÇO: RODOVIA BR 480, Nº 795</p><p>MUNICÍPIO: BARÃO DE COTEGIPE - UF: RS - EXPEDIENTE: 0714947/25-3</p><p>CERTIFICADO DE BOAS PRÁTICAS DE DISTRIBUIÇÃO E/OU ARMAZENAGEM: Medicamentos</p><p>Data de Vencimento: 08/11/2029</p>]]></Texto>
  </body>
  <Midias />
</article></xml>