﻿<xml><article id="46237131" name="PRFB596 secao1" idOficio="11379397" pubName="DO1" artType="Portaria" pubDate="03/11/2025" artClass="00028:00033:00000:00000:00000:00000:00000:00000:00000:00000:00037:00001" artCategory="Ministério da Fazenda/Secretaria Especial da Receita Federal do Brasil" artSize="12" artNotes="ok" numberPage="49" pdfPage="http://pesquisa.in.gov.br/imprensa/jsp/visualiza/index.jsp?data=03/11/2025&amp;jornal=515&amp;pagina=49" editionNumber="209" highlightType="" highlightPriority="" highlight="" highlightimage="" highlightimagename="" idMateria="23276655">
  <body>
    <Identifica><![CDATA[ PORTARIA RFB Nº 596, DE 28 DE OUTUBRO DE 2025]]></Identifica>
    <Data><![CDATA[]]></Data>
    <Ementa><![CDATA[ Altera a Portaria RFB nº 549, de 13 de junho de 2025, para permitir a participação de pessoa jurídica com Termo de Compromisso firmado no âmbito do Programa Brasileiro de Operador Econômico Autorizado - Programa OEA no Piloto da Reforma Tributária do Consumo referente à Contribuição sobre Bens e Serviços - Piloto RTC - CBS.]]></Ementa>
    <Titulo />
    <SubTitulo />
    <Texto><![CDATA[<p class="identifica">PORTARIA RFB Nº 596, DE 28 DE OUTUBRO DE 2025</p><p class="ementa">Altera a Portaria RFB nº 549, de 13 de junho de 2025, para permitir a participação de pessoa jurídica com Termo de Compromisso firmado no âmbito do Programa Brasileiro de Operador Econômico Autorizado - Programa OEA no Piloto da Reforma Tributária do Consumo referente à Contribuição sobre Bens e Serviços - Piloto RTC - CBS.</p><p>O SECRETÁRIO ESPECIAL DA RECEITA FEDERAL DO BRASIL, no uso da atribuição que lhe confere o art. 350, caput, inciso III, do Regimento Interno da Secretaria Especial da Receita Federal do Brasil, aprovado pela Portaria ME nº 284, de 27 de julho de 2020, e tendo em vista o disposto na Portaria RFB nº 501, de 20 de dezembro de 2024, resolve:</p><p>Art. 1º A Portaria RFB nº 549, de 13 de junho de 2025, passa a vigorar com as seguintes alterações:</p><p>"Art.4º .............................................................................................................</p><p>I - possuam relacionamento prévio com a Secretaria Especial da Receita Federal do Brasil, conforme:</p><p>a) o Termo de Cooperação ou Termo de Compromisso pactuado no âmbito do Programa de Conformidade Cooperativa Fiscal - Confia;</p><p>b) o Termo de Compromisso pactuado no âmbito do Programa Brasileiro de Operador Econômico Autorizado - Programa OEA; ou</p><p>c) a participação nos processos de homologação do Sistema Público de Escrituração Digital - SPED; ou</p><p>....................................................................................................................." (NR)</p><p>Art. 2º Esta Portaria entra em vigor na data de sua publicação no Diário Oficial da União.</p><p class="assina">ROBINSON SAKIYAMA BARREIRINHAS</p>]]></Texto>
  </body>
  <Midias />
</article></xml>