﻿<xml><article id="46231921" name="resolucao_4324_2025 GGCOS" idOficio="11377950" pubName="DO1" artType="Resolução" pubDate="03/11/2025" artClass="00047:00048:00015:00012:00000:00000:00000:00000:00000:00000:00064:34324" artCategory="Ministério da Saúde/Agência Nacional de Vigilância Sanitária/3ª Diretoria/Gerência-Geral de Cosméticos e Saneantes" artSize="12" artNotes="" numberPage="128" pdfPage="http://pesquisa.in.gov.br/imprensa/jsp/visualiza/index.jsp?data=03/11/2025&amp;jornal=515&amp;pagina=128" editionNumber="209" highlightType="" highlightPriority="" highlight="" highlightimage="" highlightimagename="" idMateria="23272825">
  <body>
    <Identifica><![CDATA[ RESOLUÇÃO-RE nº 4.324, DE 30 DE OUTUBRO DE 2025]]></Identifica>
    <Data><![CDATA[]]></Data>
    <Ementa />
    <Titulo />
    <SubTitulo />
    <Texto><![CDATA[<p class="identifica">RESOLUÇÃO-RE nº 4.324, DE 30 DE OUTUBRO DE 2025</p><p>O GERENTE-GERAL DE COSMÉTICOS E SANEANTES DA AGÊNCIA NACIONAL DE VIGILÂNCIA SANITÁRIA no uso das atribuições que lhe confere o art. 129, aliado ao art. 203, I, § 1º do Regimento Interno aprovado pela Resolução da Diretoria Colegiada - RDC nº 585, de 10 de dezembro de 2021, resolve:</p><p>Art. 1º Indeferir os registros e as petições dos produtos saneantes, conforme relação anexa.</p><p>Art. 2º O motivo do indeferimento do processo/petição deverá ser consultado no site: http://www.anvisa.gov.br.</p><p>Art.3º Esta Resolução entra em vigor na data de sua publicação.</p><p class="assina">BRUNO GONÇALVES ARAÚJO RIOS</p><p class="anexo">ANEXO</p><p>ISO INDÚSTRIA DE SABÕES E ÓLEOS LTDA / 00.175.936/0001-53</p><p>CITY RH CONCENTRADO</p><p>25351.066182/2025-99 /</p><p>30020 - REG. SANEANTES - Registro de produtos saneantes / 0574723251</p>]]></Texto>
  </body>
  <Midias />
</article></xml>