﻿<xml><article id="46241717" name="Portaria nA 820 de 30 de outubro" idOficio="11379709" pubName="DO1" artType="Portaria" pubDate="03/11/2025" artClass="00050:00003:00000:00000:00000:00000:00000:00000:00000:00000:00054:00000" artCategory="Ministério dos Transportes/Secretaria Executiva" artSize="12" artNotes="ok" numberPage="154" pdfPage="http://pesquisa.in.gov.br/imprensa/jsp/visualiza/index.jsp?data=03/11/2025&amp;jornal=515&amp;pagina=154" editionNumber="209" highlightType="" highlightPriority="" highlight="" highlightimage="" highlightimagename="" idMateria="23277351">
  <body>
    <Identifica><![CDATA[ Portaria nº 820, de 30 de outubro de 2025]]></Identifica>
    <Data><![CDATA[]]></Data>
    <Ementa><![CDATA[Aprova o enquadramento, para fins de habilitação no Regime Especial de Incentivos para o Desenvolvimento da Infraestrutura - REIDI, do projeto de investimento em infraestrutura de transporte rodoviário proposto pela empresa Eixo SP Concessionária de Rodovias S.A.]]></Ementa>
    <Titulo />
    <SubTitulo />
    <Texto><![CDATA[<p class="identifica">Portaria nº 820, de 30 de outubro de 2025</p><p class="ementa">Aprova o enquadramento, para fins de habilitação no Regime Especial de Incentivos para o Desenvolvimento da Infraestrutura - REIDI, do projeto de investimento em infraestrutura de transporte rodoviário proposto pela empresa Eixo SP Concessionária de Rodovias S.A.</p><p>O SECRETÁRIO-EXECUTIVO DO MINISTÉRIO DOS TRANSPORTES, no uso da competência que lhe foi delegada no art. 17, inciso V, da Portaria nº 860, de 29 de agosto de 2023, e tendo em vista o disposto na Lei nº 11.488, de 15 de junho de 2007, no Decreto nº 6.144, de 3 de julho de 2007, na Portaria GM/MInfra nº 105, de 19 de agosto de 2021, e o que consta no Processo nº 50000.038915/2025-22, resolve:</p><p>Art. 1º Aprovar o enquadramento, para fins de habilitação no Regime Especial de Incentivos para o Desenvolvimento da Infraestrutura - REIDI, do projeto de investimento em infraestrutura de transporte rodoviário proposto pela empresa Eixo SP Concessionária de Rodovias S.A., CNPJ nº 36.146.575/0001-64, denominado "Lote Piracicaba-Panorama Ciclo 2025/2030", que tem por objeto a prestação de serviços públicos de operação, manutenção e realização de investimentos necessários à exploração do sistema rodoviário que integra o trecho Piracicaba-Panorama, compreendendo 1.273 km de extensão, no Estado de São Paulo, referente ao Contrato de Concessão nº 0409/ARTESP/2020 - Agência Reguladora de Serviços Públicos Delegados de Transporte do Estado de São Paulo - ARTESP, conforme descrito no Anexo desta Portaria.</p><p>Art. 2º A empresa a que se refere o art. 1º deverá informar ao Ministério dos Transportes quando da conclusão do projeto ou do pedido de cancelamento da habilitação, no prazo de 30 (trinta) dias, a contar da conclusão ou do pedido de cancelamento.</p><p>Art. 3º Os autos do Processo nº 50000.038915/2025-22 ficarão arquivados e disponíveis neste Ministério, para consulta e fiscalização dos órgãos de controle.</p><p>Art. 4º Esta Portaria entra em vigor na data de sua publicação.</p><p class="assina">GEORGE SANTORO</p><p /><p></p><table><tr /><tr><td rowspan="1" colspan="2"><p>ANEXO</p></td></tr><tr><td rowspan="1" colspan="1"><p>Nome Empresarial</p></td><td rowspan="1" colspan="1"><p>Eixo SP Concessionária de Rodovias S.A.</p></td></tr><tr><td rowspan="1" colspan="1"><p>CNPJ</p></td><td rowspan="1" colspan="1"><p>36.146.575/0001-64</p></td></tr><tr><td rowspan="1" colspan="1"><p>Tipo</p></td><td rowspan="1" colspan="1"><p>Rodovia</p></td></tr><tr><td rowspan="1" colspan="1"><p>Descrição do Projeto</p></td><td rowspan="1" colspan="1"><p>Projeto na área de infraestrutura de transporte rodoviário denominado "Lote Piracicaba-Panorama Ciclo 2025/2030", que tem por objeto a prestação de serviços públicos de operação, manutenção e realização de investimentos necessários à exploração do sistema rodoviário que integra o</p></td></tr><tr><td rowspan="1" colspan="1" /><td rowspan="1" colspan="1"><p>trecho Piracicaba-Panorama, compreendendo 1.273 km de extensão, no Estado de São Paulo, referente ao Contrato de Concessão nº 0409/ARTESP/2020 - Agência Reguladora de Serviços Públicos Delegados de Transporte do Estado de São Paulo - ARTESP, contemplando, dentre outras, a implantação</p></td></tr><tr><td rowspan="1" colspan="1" /><td rowspan="1" colspan="1"><p>dos seguintes serviços e obras:</p><p>- Duplicações (286 Km);</p><p>- Faixas adicionais (40 Km);</p><p>- Contornos urbanos (36 Km);</p><p>- Marginais (16 Km);</p></td></tr><tr><td rowspan="1" colspan="1" /><td rowspan="1" colspan="1"><p>- Novas interseções e novos dispositivos (61 un.);</p><p>- Melhorias e ampliações de dispositivos (5 un.);</p><p>- Acostamentos (227 Km);</p><p>- Recuperação de pavimento (2.800 Km de faixa de rolamento);</p></td></tr><tr><td rowspan="1" colspan="1" /><td rowspan="1" colspan="1"><p>- Aprimoramento de segurança viária (Implantação de</p><p>sinalizações, dispositivos de segurança e iluminação);</p><p>- Novos postos de atendimento ao usuário (05 un.);</p><p>- Passarelas (25 un.);</p><p>- Ciclovias (81 Km);</p></td></tr><tr><td rowspan="1" colspan="1" /><td rowspan="1" colspan="1"><p>- Câmeras para monitoramento de tráfego e segurança (1.100 un.); e</p><p>- Equipamentos (painéis de mensagens variáveis (33 un.), radares (123 un.), equipamentos de sensoriamento de tráfego (87 un.), Wi-Fi (1.998 access points), entre outros</p></td></tr><tr><td rowspan="1" colspan="1" /><td rowspan="1" colspan="1"><p>equipamentos.</p></td></tr><tr><td rowspan="1" colspan="1"><p>Localização</p></td><td rowspan="1" colspan="1"><p>Estado de São Paulo</p></td></tr><tr><td rowspan="1" colspan="1"><p>Estimativa de Investimento</p></td><td rowspan="1" colspan="1"><p>R$ 5.108.388.608,68</p></td></tr><tr><td rowspan="1" colspan="1"><p>Estimativas das Suspensões Fiscais</p></td><td rowspan="1" colspan="1"><p>R$ 199.331.206,76</p></td></tr></table>]]></Texto>
  </body>
  <Midias />
</article></xml>