﻿<xml><article id="46234816" name="TABELA RDC 630 - nova versao - 3" idOficio="11378433" pubName="DO1" artType="Decisão" pubDate="03/11/2025" artClass="00047:00047:00007:00001:00000:00000:00000:00000:00000:00000:00018:00011" artCategory="Ministério da Saúde/Agência Nacional de Saúde Suplementar/Diretoria Colegiada/Coordenadoria de Recursos e Assessoramento" artSize="24" artNotes="" numberPage="96" pdfPage="http://pesquisa.in.gov.br/imprensa/jsp/visualiza/index.jsp?data=03/11/2025&amp;jornal=515&amp;pagina=96" editionNumber="209" highlightType="" highlightPriority="" highlight="" highlightimage="" highlightimagename="" idMateria="23273680">
  <body>
    <Identifica><![CDATA[ DECISÃO de 31 de outubro de 2025]]></Identifica>
    <Data><![CDATA[]]></Data>
    <Ementa />
    <Titulo />
    <SubTitulo />
    <Texto><![CDATA[<p class="identifica">DECISÃO de 31 de outubro de 2025</p><p>A Diretoria Colegiada da AGÊNCIA NACIONAL DE SAÚDE SUPLEMENTAR - ANS, no uso de suas atribuições legais, e tendo em vista o disposto no inciso VI do artigo 10 da Lei nº 9.961, de 28 de janeiro de 2000 em deliberação através da 630ª Reunião de Diretoria Colegiada - DC Ordinária, realizada em 31/10/2025, julgou o seguinte processo administrativo:</p><p /><p></p><table><tr /><tr><td rowspan="1" colspan="1"><p>Processo ANS n.º</p></td><td rowspan="1" colspan="1"><p>Nome da Operadora</p></td><td rowspan="1" colspan="1"><p>Relator</p></td><td rowspan="1" colspan="1"><p>Decisão</p></td></tr><tr><td rowspan="1" colspan="1"><p>33910.020843/2023-13</p></td><td rowspan="1" colspan="1"><p>UNIMED DO SUDOESTE COOPERATIVA DE TRABALHO MÉDICO LTDA</p></td><td rowspan="1" colspan="1"><p>DIOPE</p></td><td rowspan="1" colspan="1"><p>Pelo conhecimento e não provimento do recurso, na forma manifestada na Nota Técnica nº 1859/2025/GEIRS/DIDES/ANS, mantendo a decisão da DIDES.</p></td></tr><tr><td rowspan="1" colspan="1"><p>33910.020479/2023-91</p></td><td rowspan="1" colspan="1"><p>COOPERATIVA CENTRAL UNIMED DE COOPERATIVAS DE ASSISTÊNCIA À SAÚDE DO RIO GRANDE DO SUL LTDA</p></td><td rowspan="1" colspan="1"><p>DIOPE</p></td><td rowspan="1" colspan="1"><p>Pela aprovação da revisão administrativa de ofício, na forma manifestada na Nota Técnica nº 209/2025/COARE/GEIRS/DIRAD-DIDES/DIDES.</p></td></tr><tr><td rowspan="1" colspan="1"><p>33910.031412/2023-82</p></td><td rowspan="1" colspan="1"><p>TERRAMAR ADMINISTRADORA DE PLANO DE SAÚDE LTDA</p></td><td rowspan="1" colspan="1"><p>DIOPE</p></td><td rowspan="1" colspan="1"><p>Pelo conhecimento e não provimento do recurso, na forma manifestada na Nota Técnica nº 1818/2025/GEIRS/DIDES/ANS, mantendo a decisão da DIDES.</p></td></tr><tr><td rowspan="1" colspan="1"><p>33910.041408/2022-41</p></td><td rowspan="1" colspan="1"><p>UNIMED DE LENÇOIS PAULISTA - COOPERATIVA DE TRABALHO MÉDICO</p></td><td rowspan="1" colspan="1"><p>DIOPE</p></td><td rowspan="1" colspan="1"><p>Pelo conhecimento e não provimento do recurso, na forma manifestada na Nota Técnica nº 1689/2025/GEIRS/DIDES/ANS, mantendo a decisão da DIDES.</p></td></tr><tr><td rowspan="1" colspan="1"><p>33910.041595/2022-63</p></td><td rowspan="1" colspan="1"><p>YOU ASSISTÊNCIA MÉDICA LTDA</p></td><td rowspan="1" colspan="1"><p>DIOPE</p></td><td rowspan="1" colspan="1"><p>Pelo conhecimento e não provimento do recurso, na forma manifestada na Nota Técnica nº 1833/2025/GEIRS/DIDES/ANS, mantendo a decisão da DIDES.</p></td></tr><tr><td rowspan="1" colspan="1"><p>33910.008000/2023-49</p></td><td rowspan="1" colspan="1"><p>AMHA SAUDE S/A</p></td><td rowspan="1" colspan="1"><p>DIOPE</p></td><td rowspan="1" colspan="1"><p>Pelo conhecimento e não provimento do recurso, na forma manifestada na Nota Técnica nº 1837/2025/GEIRS/DIDES/ANS, mantendo a decisão da DIDES.</p></td></tr></table>]]></Texto>
  </body>
  <Midias />
</article></xml>