﻿<xml><article id="46234846" name="TABELA RDC 630 - nova versao - 3" idOficio="11378433" pubName="DO1" artType="Decisão" pubDate="03/11/2025" artClass="00047:00047:00007:00001:00000:00000:00000:00000:00000:00000:00018:00021" artCategory="Ministério da Saúde/Agência Nacional de Saúde Suplementar/Diretoria Colegiada/Coordenadoria de Recursos e Assessoramento" artSize="24" artNotes="" numberPage="98" pdfPage="http://pesquisa.in.gov.br/imprensa/jsp/visualiza/index.jsp?data=03/11/2025&amp;jornal=515&amp;pagina=98" editionNumber="209" highlightType="" highlightPriority="" highlight="" highlightimage="" highlightimagename="" idMateria="23273680">
  <body>
    <Identifica />
    <Data><![CDATA[]]></Data>
    <Ementa />
    <Titulo />
    <SubTitulo />
    <Texto><![CDATA[<p /><p></p><table><tr /><tr><td rowspan="1" colspan="1"><p>33910.020418/2023-24</p></td><td rowspan="1" colspan="1"><p>CABERJ INTEGRAL SAÚDE S.A</p></td><td rowspan="1" colspan="1"><p>DIFIS</p></td><td rowspan="1" colspan="1"><p>Pelo conhecimento e não provimento do recurso, na forma manifestada na Nota Técnica nº 1725/2025/GEIRS/DIDES/ANS, mantendo a decisão da DIDES.</p></td></tr><tr><td rowspan="1" colspan="1"><p>33910.020895/2023-90</p></td><td rowspan="1" colspan="1"><p>UNIMED NORTE DO PARANÁ COOPERATIVA REGIONAL DE TRABALHO MÉDICO</p></td><td rowspan="1" colspan="1"><p>DIFIS</p></td><td rowspan="1" colspan="1"><p>Pelo conhecimento e provimento parcial do recurso, na forma manifestada na Nota Técnica nº 1715/2025/GEIRS/DIDES/ANS, mantendo a decisão da DIDES.</p></td></tr><tr><td rowspan="1" colspan="1"><p>33910.041447/2022-49</p></td><td rowspan="1" colspan="1"><p>FEDERAÇÃO DAS UNIMEDS DO ESTADO DE SÃO PAULO</p></td><td rowspan="1" colspan="1"><p>DIFIS</p></td><td rowspan="1" colspan="1"><p>Pela aprovação da revisão administrativa de ofício, na forma manifestada na Nota Técnica nº 190/2025/COARE/GEIRS/DIRAD-DIDES/DIDES.</p></td></tr><tr><td rowspan="1" colspan="1"><p>33910.020988/2023-14</p></td><td rowspan="1" colspan="1"><p>VISION MED ASSISTÊNCIA MÉDICA LTDA - EM LIQUIDAÇÃO EXTRAJUDICIAL</p></td><td rowspan="1" colspan="1"><p>DIFIS</p></td><td rowspan="1" colspan="1"><p>Pelo conhecimento e não provimento do recurso, na forma manifestada na Nota Técnica nº 1707/2025/GEIRS/DIDES/ANS, mantendo a decisão da DIDES.</p></td></tr><tr><td rowspan="1" colspan="1"><p>33910.020523/2023-63</p></td><td rowspan="1" colspan="1"><p>FUNDO DE ASSISTÊNCIA À SAÚDE DOS FUNCIONÁRIOS DO BEC</p></td><td rowspan="1" colspan="1"><p>DIGES</p></td><td rowspan="1" colspan="1"><p>Pelo conhecimento e provimento parcial do recurso, na forma manifestada na Nota Técnica nº 1469/2025/GEIRS/DIDES/ANS, mantendo a decisão da DIDES.</p></td></tr><tr><td rowspan="1" colspan="1"><p>33910.031395/2023-83</p></td><td rowspan="1" colspan="1"><p>SISTEMAS E PLANOS DE SAÚDE LTDA</p></td><td rowspan="1" colspan="1"><p>DIFIS</p></td><td rowspan="1" colspan="1"><p>Pelo conhecimento e provimento parcial do recurso, na forma manifestada na Nota Técnica nº 1704/2025/GEIRS/DIDES/ANS, mantendo a decisão da DIDES.</p></td></tr><tr><td rowspan="1" colspan="1"><p>33910.020609/2023-96</p></td><td rowspan="1" colspan="1"><p>PARANÁ CLÍNICAS - PLANOS DE SAÚDE S.A</p></td><td rowspan="1" colspan="1"><p>DIFIS</p></td><td rowspan="1" colspan="1"><p>Pela aprovação da revisão administrativa de ofício, na forma manifestada na Nota Técnica nº 199/2025/COARE/GEIRS/DIRAD-DIDES/DIDES.</p></td></tr><tr><td rowspan="1" colspan="1"><p>33910.008516/2023-93</p></td><td rowspan="1" colspan="1"><p>UNIMED GUAXUPÉ COOPERATIVA DE TRABALHO MÉDICO</p></td><td rowspan="1" colspan="1"><p>DIFIS</p></td><td rowspan="1" colspan="1"><p>Pela aprovação da revisão administrativa de ofício, na forma manifestada na Nota Técnica nº 187/2025/COARE/GEIRS/DIRAD-DIDES/DIDES.</p></td></tr><tr><td rowspan="1" colspan="1"><p>33910.020963/2023-11</p></td><td rowspan="1" colspan="1"><p>UNIMED UBERLÂNDIA</p></td><td rowspan="1" colspan="1"><p>DIGES</p></td><td rowspan="1" colspan="1"><p>Pelo conhecimento e provimento parcial do recurso, na forma manifestada na Nota Técnica nº 1473/2025/GEIRS/DIDES/ANS, mantendo a decisão da DIDES.</p></td></tr><tr><td rowspan="1" colspan="1"><p>33910.020937/2023-92</p></td><td rowspan="1" colspan="1"><p>UNIMED RONDONÓPOLIS COOPERATIVA DE TRABALHO MÉDICO LTDA</p></td><td rowspan="1" colspan="1"><p>DIFIS</p></td><td rowspan="1" colspan="1"><p>Pelo conhecimento e não provimento do recurso, na forma manifestada na Nota Técnica nº 1808/2025/GEIRS/DIDES/ANS, mantendo a decisão da DIDES.</p></td></tr></table>]]></Texto>
  </body>
  <Midias />
</article></xml>