﻿<xml><article id="46239016" name="PORTARIA n 585" idOficio="11379481" pubName="DO1" artType="Ementário" pubDate="03/11/2025" artClass="00015:00027:00000:00000:00000:00000:00000:00000:00000:00000:00029:00000" artCategory="Ministério da Cultura/Instituto do Patrimônio Histórico e Artístico Nacional" artSize="12" artNotes="ok" numberPage="33" pdfPage="http://pesquisa.in.gov.br/imprensa/jsp/visualiza/index.jsp?data=03/11/2025&amp;jornal=515&amp;pagina=33" editionNumber="209" highlightType="" highlightPriority="" highlight="" highlightimage="" highlightimagename="" idMateria="23276831">
  <body>
    <Identifica><![CDATA[ PORTARIA IPHAN nº 585, DE 31 DE OUTUBRO DE 2025]]></Identifica>
    <Data><![CDATA[]]></Data>
    <Ementa><![CDATA[ Efetivar a permuta entre Função Comissionada Executiva - FCE e Cargo Comissionado Executivo - CCE, de mesmo nível e categoria, da Estrutura Regimental e Quadro Demonstrativo dos Cargos em Comissão e das Funções de Confiança do Instituto do Patrimônio Histórico e Artístico Nacional, aprovada pelo Decreto nº 11.178, de 18 de agosto de 2022, alterado pelo Decreto nº 12.469 de 23 de maio de 2025.]]></Ementa>
    <Titulo />
    <SubTitulo />
    <Texto><![CDATA[<p class="identifica">PORTARIA IPHAN nº 585, DE 31 DE OUTUBRO DE 2025</p><p class="ementa">Efetivar a permuta entre Função Comissionada Executiva - FCE e Cargo Comissionado Executivo - CCE, de mesmo nível e categoria, da Estrutura Regimental e Quadro Demonstrativo dos Cargos em Comissão e das Funções de Confiança do Instituto do Patrimônio Histórico e Artístico Nacional, aprovada pelo Decreto nº 11.178, de 18 de agosto de 2022, alterado pelo Decreto nº 12.469 de 23 de maio de 2025.</p><p>O PRESIDENTE SUBSTITUTO DO INSTITUTO DO PATRIMÔNIO HISTÓRICO E ARTÍSTICO NACIONAL, no uso da atribuição que lhe confere o art. 18, inciso V, do Anexo II, do Decreto nº 11.178, de 18 de agosto de 2022, que dispõe sobre a estrutura regimental do IPHAN, alterado pelo Decreto nº 12.469 de 23 de maio de 2025, a Portaria MinC nº 185, de 26 de fevereiro de 2025, publicada no Diário Oficial da União de 27 de fevereiro de 2025, e considerando a Portaria MinC nº 694, publicada no Diário Oficial da União de 23 de setembro de 2025, bem como o art. 12 do Decreto nº 10.829, de 5 de outubro de 2021, e o contido no Processo Administrativo SEI n.º 01500.002442/2025-89, resolve:</p><p>Art. 1º Efetivar a permuta da Função Comissionada Executiva de Coordenador Técnico, código FCE 1.10, UORG 564, da Coordenação Técnica, da Superintendência do IPHAN no estado do Rio de Janeiro, pelo Cargo Comissionado Executivo de Coordenador, código CCE 1.10, UORG 755, da Coordenação de Gestão de Projetos, da Coordenação-Geral de Programas Estratégicos, do Departamento de Ações Estratégicas e Intersetoriais, deste Instituto.</p><p>Art. 2º A permuta definida nesta Portaria deverá ser refletida no regimento interno e nas alterações futuras do decreto de aprovação de estrutura regimental deste Instituto.</p><p>Art. 3º Esta Portaria entra em vigor na data da sua publicação.</p><p class="assina">DEYVESSON ISRAEL ALVES GUSMÃO</p>]]></Texto>
  </body>
  <Midias />
</article></xml>