﻿<xml><article id="46232251" name="2025-10-31/11378030/ANMWS_232731" idOficio="11378030" pubName="DO1" artType="Despacho" pubDate="03/11/2025" artClass="00035:00044:00050:00000:00000:00000:00000:00000:00000:00000:00024:00173" artCategory="Ministério de Minas e Energia/Agência Nacional de Mineração/Superintendência de Outorga de Títulos Minerários" artSize="12" artNotes="" numberPage="74" pdfPage="http://pesquisa.in.gov.br/imprensa/jsp/visualiza/index.jsp?data=03/11/2025&amp;jornal=515&amp;pagina=74" editionNumber="209" highlightType="" highlightPriority="" highlight="" highlightimage="" highlightimagename="" idMateria="23273116">
  <body>
    <Identifica><![CDATA[ despachoRelação  Nº  173/2025]]></Identifica>
    <Data><![CDATA[]]></Data>
    <Ementa />
    <Titulo />
    <SubTitulo />
    <Texto><![CDATA[<p class="identifica">despachoRelação Nº 173/2025</p><p>Aprova atos de Incorporação de Empresa/ Direitos minerários e determina sua averbação(1950)</p><p>Incorporadora: DEXCO S.A - CNPJ97.837.181/0001-47 - Direitos incorporados:</p><p>Processo nº 861.780/1993 - DEXCO REVESTIMENTOS CERAMICOS S.A - Portaria de Lavra nº 191/2004</p><p>Incorporadora: DEXCO S.A - CNPJ97.837.181/0001-47 - Direitos incorporados:</p><p>Processo nº 860.905/1994 - DEXCO REVESTIMENTOS CERAMICOS S.A - Portaria de Lavra nº 76/2003</p><p>Incorporadora: DEXCO S.A - CNPJ97.837.181/0001-47 - Direitos incorporados:</p><p>Processo nº 810.033/1978 - DEXCO REVESTIMENTOS CERAMICOS S.A - Portaria de Lavra nº 279/1987</p><p>Incorporadora: DEXCO S.A - CNPJ97.837.181/0001-47 - Direitos incorporados:</p><p>Processo nº 810.044/1978 - DEXCO REVESTIMENTOS CERAMICOS S.A - Portaria de Lavra nº 294/1987</p><p>Incorporadora: DEXCO S.A - CNPJ97.837.181/0001-47 - Direitos incorporados:</p><p>Processo nº 815.950/2010 - DEXCO REVESTIMENTOS CERAMICOS S.A - Requerimento de Lavra</p><p>Incorporadora: DEXCO S.A - CNPJ97.837.181/0001-47 - Direitos incorporados:</p><p>Processo nº 830.586/2007 - DEXCO REVESTIMENTOS CERAMICOS S.A - Requerimento de Lavra</p><p>Incorporadora: DEXCO S.A - CNPJ97.837.181/0001-47 - Direitos incorporados:</p><p>Processo nº 861.905/2010 - DEXCO REVESTIMENTOS CERAMICOS S.A - Requerimento de Lavra</p><p class="assina">WAGNER DA SILVA SIQUEIRA</p><p class="cargo">Superintendente Substituto</p>]]></Texto>
  </body>
  <Midias />
</article></xml>