﻿<xml><article id="46247823" name="3110_DEC_12708_S1_OK_004" idOficio="11379843" pubName="DO1" artType="Decreto numerado" pubDate="03/11/2025" artClass="00005:00000:00000:00000:00000:00000:00000:00000:00000:00000:00021:00000" artCategory="Atos do Poder Executivo" artSize="12" artNotes="" numberPage="10" pdfPage="http://pesquisa.in.gov.br/imprensa/jsp/visualiza/index.jsp?data=03/11/2025&amp;jornal=515&amp;pagina=10" editionNumber="209" highlightType="" highlightPriority="" highlight="" highlightimage="" highlightimagename="" idMateria="23277630">
  <body>
    <Identifica />
    <Data><![CDATA[]]></Data>
    <Ementa />
    <Titulo />
    <SubTitulo />
    <Texto><![CDATA[<p>ANEXO III</p><p>(Anexo II ao Decreto nº 11.798, de 28 de novembro de 2023)</p><p>"a) QUADRO DEMONSTRATIVO DOS CARGOS EM COMISSÃO E DAS FUNÇÕES DE CONFIANÇA DO MINISTÉRIO DA SAÚDE:</p><p /><p></p><table><tr /><tr><td rowspan="1" colspan="1"><p>UNIDADE</p></td><td rowspan="1" colspan="1"><p>CARGO/ FUNÇÃO Nº</p></td><td rowspan="1" colspan="1"><p>DENOMINAÇÃO CARGO/FUNÇÃO</p></td><td rowspan="1" colspan="1"><p>CCE/FCE</p></td></tr><tr><td rowspan="1" colspan="1"><p></p></td><td rowspan="1" colspan="1"><p>5</p></td><td rowspan="1" colspan="1"><p>Assessor Especial</p></td><td rowspan="1" colspan="1"><p>CCE 2.15</p></td></tr><tr><td rowspan="1" colspan="1"><p></p></td><td rowspan="1" colspan="1"><p>1</p></td><td rowspan="1" colspan="1"><p>Assessor Especial</p></td><td rowspan="1" colspan="1"><p>FCE 2.15</p></td></tr><tr><td rowspan="1" colspan="1"><p></p></td><td rowspan="1" colspan="1"><p>1</p></td><td rowspan="1" colspan="1"><p>Diretor de Programa</p></td><td rowspan="1" colspan="1"><p>CCE 3.15</p></td></tr><tr><td rowspan="1" colspan="1"><p></p></td><td rowspan="1" colspan="1"><p>1</p></td><td rowspan="1" colspan="1"><p>Diretor de Programa</p></td><td rowspan="1" colspan="1"><p>FCE 3.15</p></td></tr><tr><td rowspan="1" colspan="1"><p></p></td><td rowspan="1" colspan="1"><p></p></td><td rowspan="1" colspan="1"><p></p></td><td rowspan="1" colspan="1"><p></p></td></tr><tr><td rowspan="1" colspan="1"><p>GABINETE</p></td><td rowspan="1" colspan="1"><p>1</p></td><td rowspan="1" colspan="1"><p>Chefe de Gabinete</p></td><td rowspan="1" colspan="1"><p>CCE 1.15</p></td></tr><tr><td rowspan="1" colspan="1"><p></p></td><td rowspan="1" colspan="1"><p>1</p></td><td rowspan="1" colspan="1"><p>Subchefe de Gabinete</p></td><td rowspan="1" colspan="1"><p>CCE 1.14</p></td></tr><tr><td rowspan="1" colspan="1"><p></p></td><td rowspan="1" colspan="1"><p>1</p></td><td rowspan="1" colspan="1"><p>Gerente de Projeto</p></td><td rowspan="1" colspan="1"><p>CCE 3.14</p></td></tr><tr><td rowspan="1" colspan="1"><p>Assessoria</p></td><td rowspan="1" colspan="1"><p>1</p></td><td rowspan="1" colspan="1"><p>Chefe de Assessoria</p></td><td rowspan="1" colspan="1"><p>CCE 1.13</p></td></tr><tr><td rowspan="1" colspan="1"><p>Coordenação-Geral</p></td><td rowspan="1" colspan="1"><p>1</p></td><td rowspan="1" colspan="1"><p>Coordenador-Geral</p></td><td rowspan="1" colspan="1"><p>FCE 1.13</p></td></tr><tr><td rowspan="1" colspan="1"><p></p></td><td rowspan="1" colspan="1"><p>2</p></td><td rowspan="1" colspan="1"><p>Assessor</p></td><td rowspan="1" colspan="1"><p>CCE 2.13</p></td></tr><tr><td rowspan="1" colspan="1"><p></p></td><td rowspan="1" colspan="1"><p>2</p></td><td rowspan="1" colspan="1"><p>Assessor</p></td><td rowspan="1" colspan="1"><p>FCE 2.13</p></td></tr><tr><td rowspan="1" colspan="1"><p>Coordenação</p></td><td rowspan="1" colspan="1"><p>1</p></td><td rowspan="1" colspan="1"><p>Coordenador</p></td><td rowspan="1" colspan="1"><p>FCE 1.11</p></td></tr><tr><td rowspan="1" colspan="1"><p></p></td><td rowspan="1" colspan="1"><p>1</p></td><td rowspan="1" colspan="1"><p>Assessor Técnico</p></td><td rowspan="1" colspan="1"><p>FCE 2.11</p></td></tr><tr><td rowspan="1" colspan="1"><p>Coordenação</p></td><td rowspan="1" colspan="1"><p>1</p></td><td rowspan="1" colspan="1"><p>Coordenador</p></td><td rowspan="1" colspan="1"><p>CCE 1.10</p></td></tr><tr><td rowspan="1" colspan="1"><p></p></td><td rowspan="1" colspan="1"><p>3</p></td><td rowspan="1" colspan="1"><p>Assessor Técnico</p></td><td rowspan="1" colspan="1"><p>CCE 2.10</p></td></tr><tr><td rowspan="1" colspan="1"><p>Secretaria-Executiva da Comissão de Ética do Ministério da Saúde</p></td><td rowspan="1" colspan="1"><p>1</p></td><td rowspan="1" colspan="1"><p>Secretário-Executivo</p></td><td rowspan="1" colspan="1"><p>FCE 1.09</p></td></tr><tr><td rowspan="1" colspan="1"><p>Secretaria-Executiva da Comissão de Ética do Ministério da Saúde no Rio de Janeiro</p></td><td rowspan="1" colspan="1"><p>1</p></td><td rowspan="1" colspan="1"><p>Secretário-Executivo</p></td><td rowspan="1" colspan="1"><p>FCE 1.09</p></td></tr><tr><td rowspan="1" colspan="1"><p>Divisão</p></td><td rowspan="1" colspan="1"><p>2</p></td><td rowspan="1" colspan="1"><p>Chefe</p></td><td rowspan="1" colspan="1"><p>FCE 1.09</p></td></tr><tr><td rowspan="1" colspan="1"><p></p></td><td rowspan="1" colspan="1"><p>1</p></td><td rowspan="1" colspan="1"><p>Assessor Técnico Especializado</p></td><td rowspan="1" colspan="1"><p>FCE 4.09</p></td></tr><tr><td rowspan="1" colspan="1"><p>Divisão</p></td><td rowspan="1" colspan="1"><p>1</p></td><td rowspan="1" colspan="1"><p>Chefe</p></td><td rowspan="1" colspan="1"><p>FCE 1.08</p></td></tr><tr><td rowspan="1" colspan="1"><p></p></td><td rowspan="1" colspan="1"><p>1</p></td><td rowspan="1" colspan="1"><p>Assistente</p></td><td rowspan="1" colspan="1"><p>CCE 2.08</p></td></tr><tr><td rowspan="1" colspan="1"><p>Divisão</p></td><td rowspan="1" colspan="1"><p>1</p></td><td rowspan="1" colspan="1"><p>Chefe</p></td><td rowspan="1" colspan="1"><p>FCE 1.07</p></td></tr><tr><td rowspan="1" colspan="1"><p></p></td><td rowspan="1" colspan="1"><p>5</p></td><td rowspan="1" colspan="1"><p>Assessor Técnico Especializado</p></td><td rowspan="1" colspan="1"><p>FCE 4.07</p></td></tr><tr><td rowspan="1" colspan="1"><p>Serviço</p></td><td rowspan="1" colspan="1"><p>1</p></td><td rowspan="1" colspan="1"><p>Chefe</p></td><td rowspan="1" colspan="1"><p>FCE 1.06</p></td></tr><tr><td rowspan="1" colspan="1"><p></p></td><td rowspan="1" colspan="1"><p>5</p></td><td rowspan="1" colspan="1"><p>Assessor Técnico Especializado</p></td><td rowspan="1" colspan="1"><p>FCE 4.06</p></td></tr><tr><td rowspan="1" colspan="1"><p></p></td><td rowspan="1" colspan="1"><p>9</p></td><td rowspan="1" colspan="1"><p>Assessor Técnico Especializado</p></td><td rowspan="1" colspan="1"><p>FCE 4.05</p></td></tr><tr><td rowspan="1" colspan="1"><p></p></td><td rowspan="1" colspan="1"><p>3</p></td><td rowspan="1" colspan="1"><p>Assessor Técnico Especializado</p></td><td rowspan="1" colspan="1"><p>FCE 4.04</p></td></tr><tr><td rowspan="1" colspan="1"><p></p></td><td rowspan="1" colspan="1"><p>1</p></td><td rowspan="1" colspan="1"><p>Assistente Técnico</p></td><td rowspan="1" colspan="1"><p>CCE 2.03</p></td></tr><tr><td rowspan="1" colspan="1"><p></p></td><td rowspan="1" colspan="1"><p>6</p></td><td rowspan="1" colspan="1"><p>Assessor Técnico Especializado</p></td><td rowspan="1" colspan="1"><p>FCE 4.03</p></td></tr><tr><td rowspan="1" colspan="1"><p></p></td><td rowspan="1" colspan="1"><p>1</p></td><td rowspan="1" colspan="1"><p>Assessor Técnico Especializado</p></td><td rowspan="1" colspan="1"><p>FCE 4.02</p></td></tr><tr><td rowspan="1" colspan="1"><p></p></td><td rowspan="1" colspan="1"><p></p></td><td rowspan="1" colspan="1"><p></p></td><td rowspan="1" colspan="1"><p></p></td></tr><tr><td rowspan="1" colspan="1"><p>OUVIDORIA-GERAL DO SISTEMA ÚNICO DE SAÚDE</p></td><td rowspan="1" colspan="1"><p>1</p></td><td rowspan="1" colspan="1"><p>Ouvidor</p></td><td rowspan="1" colspan="1"><p>CCE 1.15</p></td></tr><tr><td rowspan="1" colspan="1"><p>Coordenação-Geral</p></td><td rowspan="1" colspan="1"><p>1</p></td><td rowspan="1" colspan="1"><p>Coordenador-Geral</p></td><td rowspan="1" colspan="1"><p>CCE 1.13</p></td></tr><tr><td rowspan="1" colspan="1"><p>Coordenação-Geral</p></td><td rowspan="1" colspan="1"><p>1</p></td><td rowspan="1" colspan="1"><p>Coordenador-Geral</p></td><td rowspan="1" colspan="1"><p>FCE 1.13</p></td></tr><tr><td rowspan="1" colspan="1"><p>Coordenação</p></td><td rowspan="1" colspan="1"><p>1</p></td><td rowspan="1" colspan="1"><p>Coordenador</p></td><td rowspan="1" colspan="1"><p>FCE 1.10</p></td></tr><tr><td rowspan="1" colspan="1"><p>Divisão</p></td><td rowspan="1" colspan="1"><p>1</p></td><td rowspan="1" colspan="1"><p>Chefe</p></td><td rowspan="1" colspan="1"><p>FCE 1.07</p></td></tr><tr><td rowspan="1" colspan="1"><p></p></td><td rowspan="1" colspan="1"><p></p></td><td rowspan="1" colspan="1"><p></p></td><td rowspan="1" colspan="1"><p></p></td></tr><tr><td rowspan="1" colspan="1"><p>CORREGEDORIA</p></td><td rowspan="1" colspan="1"><p>1</p></td><td rowspan="1" colspan="1"><p>Corregedor</p></td><td rowspan="1" colspan="1"><p>FCE 1.15</p></td></tr><tr><td rowspan="1" colspan="1"><p>Coordenação</p></td><td rowspan="1" colspan="1"><p>2</p></td><td rowspan="1" colspan="1"><p>Coordenador</p></td><td rowspan="1" colspan="1"><p>FCE 1.11</p></td></tr><tr><td rowspan="1" colspan="1"><p>Coordenação</p></td><td rowspan="1" colspan="1"><p>1</p></td><td rowspan="1" colspan="1"><p>Coordenador</p></td><td rowspan="1" colspan="1"><p>FCE 1.10</p></td></tr><tr><td rowspan="1" colspan="1"><p>Divisão</p></td><td rowspan="1" colspan="1"><p>2</p></td><td rowspan="1" colspan="1"><p>Chefe</p></td><td rowspan="1" colspan="1"><p>FCE 1.09</p></td></tr><tr><td rowspan="1" colspan="1"><p>Seção</p></td><td rowspan="1" colspan="1"><p>1</p></td><td rowspan="1" colspan="1"><p>Chefe</p></td><td rowspan="1" colspan="1"><p>FCE 1.04</p></td></tr><tr><td rowspan="1" colspan="1"><p></p></td><td rowspan="1" colspan="1"><p>3</p></td><td rowspan="1" colspan="1"><p>Assessor Técnico Especializado</p></td><td rowspan="1" colspan="1"><p>FCE 4.03</p></td></tr><tr><td rowspan="1" colspan="1"><p></p></td><td rowspan="1" colspan="1"><p>3</p></td><td rowspan="1" colspan="1"><p>Assessor Técnico Especializado</p></td><td rowspan="1" colspan="1"><p>FCE 4.02</p></td></tr><tr><td rowspan="1" colspan="1"><p></p></td><td rowspan="1" colspan="1"><p></p></td><td rowspan="1" colspan="1"><p></p></td><td rowspan="1" colspan="1"><p></p></td></tr><tr><td rowspan="1" colspan="1"><p>ASSESSORIA DE PARTICIPAÇÃO SOCIAL E DIVERSIDADE</p></td><td rowspan="1" colspan="1"><p>1</p></td><td rowspan="1" colspan="1"><p>Chefe de Assessoria</p></td><td rowspan="1" colspan="1"><p>CCE 1.14</p></td></tr><tr><td rowspan="1" colspan="1"><p></p></td><td rowspan="1" colspan="1"><p>1</p></td><td rowspan="1" colspan="1"><p>Coordenador de Projeto</p></td><td rowspan="1" colspan="1"><p>CCE 3.10</p></td></tr><tr><td rowspan="1" colspan="1"><p></p></td><td rowspan="1" colspan="1"><p></p></td><td rowspan="1" colspan="1"><p></p></td><td rowspan="1" colspan="1"><p></p></td></tr><tr><td rowspan="1" colspan="1"><p>ASSESSORIA ESPECIAL DE ASSUNTOS PARLAMENTARES E FEDERATIVOS</p></td><td rowspan="1" colspan="1"><p>1</p></td><td rowspan="1" colspan="1"><p>Chefe de Assessoria Especial</p></td><td rowspan="1" colspan="1"><p>CCE 1.15</p></td></tr><tr><td rowspan="1" colspan="1"><p>Coordenação-Geral</p></td><td rowspan="1" colspan="1"><p>1</p></td><td rowspan="1" colspan="1"><p>Coordenador-Geral</p></td><td rowspan="1" colspan="1"><p>FCE 1.14</p></td></tr><tr><td rowspan="1" colspan="1"><p>Coordenação-Geral</p></td><td rowspan="1" colspan="1"><p>1</p></td><td rowspan="1" colspan="1"><p>Coordenador-Geral</p></td><td rowspan="1" colspan="1"><p>CCE 1.13</p></td></tr><tr><td rowspan="1" colspan="1"><p>Coordenação-Geral</p></td><td rowspan="1" colspan="1"><p>1</p></td><td rowspan="1" colspan="1"><p>Coordenador-Geral</p></td><td rowspan="1" colspan="1"><p>FCE 1.13</p></td></tr><tr><td rowspan="1" colspan="1"><p></p></td><td rowspan="1" colspan="1"><p>1</p></td><td rowspan="1" colspan="1"><p>Assessor Técnico Especializado</p></td><td rowspan="1" colspan="1"><p>FCE 4.07</p></td></tr><tr><td rowspan="1" colspan="1"><p></p></td><td rowspan="1" colspan="1"><p>2</p></td><td rowspan="1" colspan="1"><p>Assessor Técnico Especializado</p></td><td rowspan="1" colspan="1"><p>FCE 4.06</p></td></tr><tr><td rowspan="1" colspan="1"><p></p></td><td rowspan="1" colspan="1"><p></p></td><td rowspan="1" colspan="1"><p></p></td><td rowspan="1" colspan="1"><p></p></td></tr><tr><td rowspan="1" colspan="1"><p>ASSESSORIA ESPECIAL DE ASSUNTOS INTERNACIONAIS</p></td><td rowspan="1" colspan="1"><p>1</p></td><td rowspan="1" colspan="1"><p>Chefe de Assessoria Especial</p></td><td rowspan="1" colspan="1"><p>FCE 1.15</p></td></tr><tr><td rowspan="1" colspan="1"><p>Coordenação-Geral</p></td><td rowspan="1" colspan="1"><p>1</p></td><td rowspan="1" colspan="1"><p>Coordenador-Geral</p></td><td rowspan="1" colspan="1"><p>FCE 1.13</p></td></tr><tr><td rowspan="1" colspan="1"><p>Coordenação</p></td><td rowspan="1" colspan="1"><p>1</p></td><td rowspan="1" colspan="1"><p>Coordenador</p></td><td rowspan="1" colspan="1"><p>CCE 1.12</p></td></tr><tr><td rowspan="1" colspan="1"><p>Coordenação</p></td><td rowspan="1" colspan="1"><p>2</p></td><td rowspan="1" colspan="1"><p>Coordenador</p></td><td rowspan="1" colspan="1"><p>FCE 1.11</p></td></tr><tr><td rowspan="1" colspan="1"><p>Serviço</p></td><td rowspan="1" colspan="1"><p>1</p></td><td rowspan="1" colspan="1"><p>Chefe</p></td><td rowspan="1" colspan="1"><p>FCE 1.05</p></td></tr><tr><td rowspan="1" colspan="1"><p></p></td><td rowspan="1" colspan="1"><p></p></td><td rowspan="1" colspan="1"><p></p></td><td rowspan="1" colspan="1"><p></p></td></tr><tr><td rowspan="1" colspan="1"><p>ASSESSORIA ESPECIAL DE COMUNICAÇÃO SOCIAL</p></td><td rowspan="1" colspan="1"><p>1</p></td><td rowspan="1" colspan="1"><p>Chefe de Assessoria Especial</p></td><td rowspan="1" colspan="1"><p>CCE 1.15</p></td></tr><tr><td rowspan="1" colspan="1"><p>Coordenação-Geral</p></td><td rowspan="1" colspan="1"><p>3</p></td><td rowspan="1" colspan="1"><p>Coordenador-Geral</p></td><td rowspan="1" colspan="1"><p>CCE 1.13</p></td></tr><tr><td rowspan="1" colspan="1"><p>Coordenação</p></td><td rowspan="1" colspan="1"><p>2</p></td><td rowspan="1" colspan="1"><p>Coordenador</p></td><td rowspan="1" colspan="1"><p>CCE 1.10</p></td></tr><tr><td rowspan="1" colspan="1"><p></p></td><td rowspan="1" colspan="1"><p>2</p></td><td rowspan="1" colspan="1"><p>Assessor Técnico Especializado</p></td><td rowspan="1" colspan="1"><p>FCE 4.02</p></td></tr><tr><td rowspan="1" colspan="1"><p></p></td><td rowspan="1" colspan="1"><p></p></td><td rowspan="1" colspan="1"><p></p></td><td rowspan="1" colspan="1"><p></p></td></tr><tr><td rowspan="1" colspan="1"><p>ASSESSORIA ESPECIAL DE CONTROLE INTERNO</p></td><td rowspan="1" colspan="1"><p>1</p></td><td rowspan="1" colspan="1"><p>Chefe de Assessoria Especial</p></td><td rowspan="1" colspan="1"><p>FCE 1.15</p></td></tr><tr><td rowspan="1" colspan="1"><p>Coordenação-Geral</p></td><td rowspan="1" colspan="1"><p>2</p></td><td rowspan="1" colspan="1"><p>Coordenador-Geral</p></td><td rowspan="1" colspan="1"><p>CCE 1.13</p></td></tr><tr><td rowspan="1" colspan="1"><p>Coordenação-Geral</p></td><td rowspan="1" colspan="1"><p>2</p></td><td rowspan="1" colspan="1"><p>Coordenador-Geral</p></td><td rowspan="1" colspan="1"><p>FCE 1.13</p></td></tr><tr><td rowspan="1" colspan="1"><p>Coordenação</p></td><td rowspan="1" colspan="1"><p>3</p></td><td rowspan="1" colspan="1"><p>Coordenador</p></td><td rowspan="1" colspan="1"><p>FCE 1.10</p></td></tr><tr><td rowspan="1" colspan="1"><p></p></td><td rowspan="1" colspan="1"><p>1</p></td><td rowspan="1" colspan="1"><p>Assessor Técnico Especializado</p></td><td rowspan="1" colspan="1"><p>FCE 4.10</p></td></tr><tr><td rowspan="1" colspan="1"><p>Divisão</p></td><td rowspan="1" colspan="1"><p>1</p></td><td rowspan="1" colspan="1"><p>Chefe</p></td><td rowspan="1" colspan="1"><p>FCE 1.09</p></td></tr><tr><td rowspan="1" colspan="1"><p></p></td><td rowspan="1" colspan="1"><p>1</p></td><td rowspan="1" colspan="1"><p>Assessor Técnico Especializado</p></td><td rowspan="1" colspan="1"><p>FCE 4.06</p></td></tr><tr><td rowspan="1" colspan="1"><p></p></td><td rowspan="1" colspan="1"><p>1</p></td><td rowspan="1" colspan="1"><p>Assessor Técnico Especializado</p></td><td rowspan="1" colspan="1"><p>FCE 4.03</p></td></tr><tr><td rowspan="1" colspan="1"><p></p></td><td rowspan="1" colspan="1"><p></p></td><td rowspan="1" colspan="1"><p></p></td><td rowspan="1" colspan="1"><p></p></td></tr><tr><td rowspan="1" colspan="1"><p>CONSULTORIA JURÍDICA</p></td><td rowspan="1" colspan="1"><p>1</p></td><td rowspan="1" colspan="1"><p>Consultor Jurídico</p></td><td rowspan="1" colspan="1"><p>FCE 1.15</p></td></tr><tr><td rowspan="1" colspan="1"><p></p></td><td rowspan="1" colspan="1"><p>1</p></td><td rowspan="1" colspan="1"><p>Consultor Jurídico Adjunto</p></td><td rowspan="1" colspan="1"><p>FCE 1.14</p></td></tr><tr><td rowspan="1" colspan="1"><p>Coordenação-Geral</p></td><td rowspan="1" colspan="1"><p>6</p></td><td rowspan="1" colspan="1"><p>Coordenador-Geral</p></td><td rowspan="1" colspan="1"><p>FCE 1.13</p></td></tr><tr><td rowspan="1" colspan="1"><p>Coordenação</p></td><td rowspan="1" colspan="1"><p>1</p></td><td rowspan="1" colspan="1"><p>Coordenador</p></td><td rowspan="1" colspan="1"><p>FCE 1.12</p></td></tr><tr><td rowspan="1" colspan="1"><p>Coordenação</p></td><td rowspan="1" colspan="1"><p>7</p></td><td rowspan="1" colspan="1"><p>Coordenador</p></td><td rowspan="1" colspan="1"><p>FCE 1.10</p></td></tr><tr><td rowspan="1" colspan="1"><p>Divisão</p></td><td rowspan="1" colspan="1"><p>2</p></td><td rowspan="1" colspan="1"><p>Chefe</p></td><td rowspan="1" colspan="1"><p>FCE 1.09</p></td></tr><tr><td rowspan="1" colspan="1"><p>Divisão</p></td><td rowspan="1" colspan="1"><p>2</p></td><td rowspan="1" colspan="1"><p>Chefe</p></td><td rowspan="1" colspan="1"><p>FCE 1.07</p></td></tr><tr><td rowspan="1" colspan="1"><p></p></td><td rowspan="1" colspan="1"><p>1</p></td><td rowspan="1" colspan="1"><p>Assessor Técnico Especializado</p></td><td rowspan="1" colspan="1"><p>FCE 4.07</p></td></tr><tr><td rowspan="1" colspan="1"><p></p></td><td rowspan="1" colspan="1"><p>3</p></td><td rowspan="1" colspan="1"><p>Assessor Técnico Especializado</p></td><td rowspan="1" colspan="1"><p>FCE 4.06</p></td></tr><tr><td rowspan="1" colspan="1"><p></p></td><td rowspan="1" colspan="1"><p>8</p></td><td rowspan="1" colspan="1"><p>Assessor Técnico Especializado</p></td><td rowspan="1" colspan="1"><p>FCE 4.05</p></td></tr><tr><td rowspan="1" colspan="1"><p></p></td><td rowspan="1" colspan="1"><p>1</p></td><td rowspan="1" colspan="1"><p>Assessor Técnico Especializado</p></td><td rowspan="1" colspan="1"><p>FCE 4.04</p></td></tr><tr><td rowspan="1" colspan="1"><p></p></td><td rowspan="1" colspan="1"><p>5</p></td><td rowspan="1" colspan="1"><p>Assessor Técnico Especializado</p></td><td rowspan="1" colspan="1"><p>FCE 4.03</p></td></tr><tr><td rowspan="1" colspan="1"><p></p></td><td rowspan="1" colspan="1"><p></p></td><td rowspan="1" colspan="1"><p></p></td><td rowspan="1" colspan="1"><p></p></td></tr><tr><td rowspan="1" colspan="1"><p>DEPARTAMENTO NACIONAL DE AUDITORIA DO SISTEMA ÚNICO DE SAÚDE</p></td><td rowspan="1" colspan="1"><p>1</p></td><td rowspan="1" colspan="1"><p>Diretor</p></td><td rowspan="1" colspan="1"><p>CCE 1.15</p></td></tr><tr><td rowspan="1" colspan="1"><p>Coordenação-Geral</p></td><td rowspan="1" colspan="1"><p>4</p></td><td rowspan="1" colspan="1"><p>Coordenador-Geral</p></td><td rowspan="1" colspan="1"><p>FCE 1.13</p></td></tr><tr><td rowspan="1" colspan="1"><p></p></td><td rowspan="1" colspan="1"><p>1</p></td><td rowspan="1" colspan="1"><p>Assessor Técnico Especializado</p></td><td rowspan="1" colspan="1"><p>FCE 4.13</p></td></tr><tr><td rowspan="1" colspan="1"><p>Coordenação</p></td><td rowspan="1" colspan="1"><p>7</p></td><td rowspan="1" colspan="1"><p>Coordenador</p></td><td rowspan="1" colspan="1"><p>FCE 1.10</p></td></tr><tr><td rowspan="1" colspan="1"><p>Divisão</p></td><td rowspan="1" colspan="1"><p>1</p></td><td rowspan="1" colspan="1"><p>Chefe</p></td><td rowspan="1" colspan="1"><p>FCE 1.07</p></td></tr><tr><td rowspan="1" colspan="1"><p>Serviço</p></td><td rowspan="1" colspan="1"><p>27</p></td><td rowspan="1" colspan="1"><p>Chefe</p></td><td rowspan="1" colspan="1"><p>FCE 1.05</p></td></tr><tr><td rowspan="1" colspan="1"><p>Seção</p></td><td rowspan="1" colspan="1"><p>1</p></td><td rowspan="1" colspan="1"><p>Chefe</p></td><td rowspan="1" colspan="1"><p>FCE 1.04</p></td></tr><tr><td rowspan="1" colspan="1"><p></p></td><td rowspan="1" colspan="1"><p>3</p></td><td rowspan="1" colspan="1"><p>Assessor Técnico Especializado</p></td><td rowspan="1" colspan="1"><p>FCE 4.04</p></td></tr><tr><td rowspan="1" colspan="1"><p></p></td><td rowspan="1" colspan="1"><p>26</p></td><td rowspan="1" colspan="1"><p>Assessor Técnico Especializado</p></td><td rowspan="1" colspan="1"><p>FCE 4.02</p></td></tr><tr><td rowspan="1" colspan="1"><p></p></td><td rowspan="1" colspan="1"><p></p></td><td rowspan="1" colspan="1"><p></p></td><td rowspan="1" colspan="1"><p></p></td></tr></table>]]></Texto>
  </body>
  <Midias />
</article></xml>