﻿<xml><article id="46258620" name="PUBLICACAO_31125" idOficio="11380611" pubName="DO1" artType="Despacho" pubDate="04/11/2025" artClass="00048:00026:00005:00000:00000:00000:00000:00000:00000:00000:00024:00000" artCategory="Ministério do Trabalho e Emprego/Secretaria de Inspeção do Trabalho/Coordenação-Geral de Recursos" artSize="12" artNotes="" numberPage="165" pdfPage="http://pesquisa.in.gov.br/imprensa/jsp/visualiza/index.jsp?data=04/11/2025&amp;jornal=515&amp;pagina=165" editionNumber="210" highlightType="" highlightPriority="" highlight="" highlightimage="" highlightimagename="" idMateria="23278517">
  <body>
    <Identifica><![CDATA[ Despacho  DE 3 de novembro de 2025]]></Identifica>
    <Data><![CDATA[]]></Data>
    <Ementa />
    <Titulo />
    <SubTitulo />
    <Texto><![CDATA[<p class="identifica">Despacho DE 3 de novembro de 2025</p><p>A Coordenadora-Geral de Recursos da Secretaria de Inspeção do Trabalho/MTE, no uso de sua competência, prevista no Art. 32, inciso I, alíneas "a", "b" e "f", anexo IX, da Portaria Nº 1.153, de 30 de outubro de 2017, com Amparo no Art. 50, §1º, da Lei 9.784/99, decidiu os processos de auto de Infração ou notificação de débito nos seguintes termos:</p><p>1- Em Apreciação de Recurso voluntário.</p><p>1.1 Pela procedência de auto de infração ou da notificação de débito.</p><p /><p></p><table><tr><td rowspan="1" colspan="1"><p>Nº</p></td><td rowspan="1" colspan="1"><p>PROCESSO</p></td><td rowspan="1" colspan="1"><p>AI</p></td><td rowspan="1" colspan="1"><p>EMPRESA</p></td><td rowspan="1" colspan="1"><p>UF</p></td></tr><tr><td rowspan="1" colspan="1"><p>1</p></td><td rowspan="1" colspan="1"><p>46243.002237/2019-91</p></td><td rowspan="1" colspan="1"><p>218578148</p></td><td rowspan="1" colspan="1"><p>Prestar Service Servicos Ltda</p></td><td rowspan="1" colspan="1"><p>MG</p></td></tr><tr><td rowspan="1" colspan="1"><p>2</p></td><td rowspan="1" colspan="1"><p>46670.001878/2019-99</p></td><td rowspan="1" colspan="1"><p>218149107</p></td><td rowspan="1" colspan="1"><p>Jpa Supermercados Ltda</p></td><td rowspan="1" colspan="1"><p>RJ</p></td></tr><tr><td rowspan="1" colspan="1"><p>3</p></td><td rowspan="1" colspan="1"><p>14152.003285/2020-63</p></td><td rowspan="1" colspan="1"><p>219063052</p></td><td rowspan="1" colspan="1"><p>Mercado Barramares Ltda</p></td><td rowspan="1" colspan="1"><p>RJ</p></td></tr><tr><td rowspan="1" colspan="1"><p>4</p></td><td rowspan="1" colspan="1"><p>14152.092584/2021-45</p></td><td rowspan="1" colspan="1"><p>221228284</p></td><td rowspan="1" colspan="1"><p>Three Lions Seguranca Privada Ltda</p></td><td rowspan="1" colspan="1"><p>RJ</p></td></tr><tr><td rowspan="1" colspan="1"><p>Nº</p></td><td rowspan="1" colspan="1"><p>PROCESSO</p></td><td rowspan="1" colspan="1"><p>NDFG</p></td><td rowspan="1" colspan="1"><p>EMPRESA</p></td><td rowspan="1" colspan="1"><p>UF</p></td></tr><tr><td rowspan="1" colspan="1"><p>1</p></td><td rowspan="1" colspan="1"><p>14185.013631/2020-34</p></td><td rowspan="1" colspan="1"><p>201781204</p></td><td rowspan="1" colspan="1"><p>K2 Serviços Técnicos Ltda.</p></td><td rowspan="1" colspan="1"><p>DF</p></td></tr><tr><td rowspan="1" colspan="1"><p>2</p></td><td rowspan="1" colspan="1"><p>14185.020604/2020-18</p></td><td rowspan="1" colspan="1"><p>201852331</p></td><td rowspan="1" colspan="1"><p>K2 Comércio de Produtos de Limpeza e Prestação de Serviços Ltda.</p></td><td rowspan="1" colspan="1"><p>DF</p></td></tr></table><p>1.2 Pela procedência parcial de auto de infração ou da notificação de débito.</p><p /><p></p><table><tr><td rowspan="1" colspan="1"><p>Nº</p></td><td rowspan="1" colspan="1"><p>PROCESSO</p></td><td rowspan="1" colspan="1"><p>NDFG</p></td><td rowspan="1" colspan="1"><p>EMPRESA</p></td><td rowspan="1" colspan="1"><p>UF</p></td></tr><tr><td rowspan="1" colspan="1"><p>1</p></td><td rowspan="1" colspan="1"><p>14185.007420/2020-62</p></td><td rowspan="1" colspan="1"><p>201719100 - TAD nº 202515346</p></td><td rowspan="1" colspan="1"><p>Power Logística e Serviços Ltda</p></td><td rowspan="1" colspan="1"><p>MG</p></td></tr></table><p>Hélida Alves Girão</p>]]></Texto>
  </body>
  <Midias />
</article></xml>