﻿<xml><article id="46235527" name="5.784 5.785 5.786 5.787" idOficio="11378946" pubName="DO1" artType="Portaria" pubDate="03/11/2025" artClass="00033:00052:00005:00003:00002:00000:00000:00000:00000:00000:00010:00001" artCategory="Ministério da Justiça e Segurança Pública/Secretaria Nacional de Justiça/Departamento de Migrações/Coordenação-Geral de Política Migratória/Coordenação de Processos Migratórios/Divisão de Naturalização, Nacionalidade e Apatridia" artSize="12" artNotes="" numberPage="65" pdfPage="http://pesquisa.in.gov.br/imprensa/jsp/visualiza/index.jsp?data=03/11/2025&amp;jornal=515&amp;pagina=65" editionNumber="209" highlightType="" highlightPriority="" highlight="" highlightimage="" highlightimagename="" idMateria="23275827">
  <body>
    <Identifica><![CDATA[ PORTARIA Nº 5.784, DE 31 DE OUTUBRO DE 2025]]></Identifica>
    <Data><![CDATA[]]></Data>
    <Ementa />
    <Titulo />
    <SubTitulo />
    <Texto><![CDATA[<p class="identifica">PORTARIA Nº 5.784, DE 31 DE OUTUBRO DE 2025</p><p>A COORDENADORA DE PROCESSOS MIGRATÓRIOS, no uso da competência delegada pela Portaria nº 623 de 13 de novembro de 2020, publicada no Diário Oficial da União, de 17 de novembro de 2020, resolve:</p><p>CONCEDER a nacionalidade brasileira, por naturalização, às pessoas abaixo relacionadas, nos termos do art. 12, II, "a", da Constituição Federal de 1988, e em conformidade com o art. 65 da Lei nº 13.445, de 24 de maio de 2017, regulamentada pelo Decreto nº 9.199/2017, de 20 de novembro de 2020, a fim de que possam gozar dos direitos outorgados pela Constituição e leis do Brasil:</p><p>ABDOU NDIAYE - G401830-K, natural do Senegal, nascido(a) em 7 de abril de 1995, filho(a) de Mory Ndiaye e de Ndeye Ndiaye, residente no estado do Rio Grande do Sul (Processo 235881.0581341/2025);</p><p>ABRAHAM ST FORT - G429192-B, natural do Haiti, nascido(a) em 2 de maio de 1995, filho(a) de Yaul St Fort e de Fracimene Dorfeuille, residente no estado do Rio Grande do Sul (Processo 235881.0457752/2023);</p><p>ADOLFO KAKEPA CANELA - F259325-M, natural da Angola, nascido em 16 de fevereiro de 1974, filho de Adolfo Canela e de Amelia Manasis Kakepa, residente no estado de Pernambuco (Processo 235881.0590167/2025);</p><p>ALBERTO ASCARI - V085906-1, natural da Itália, nascido(a) em 28 de novembro de 1966, filho(a) de Ennio Ascari e de Franca Carnemolla, residente no estado de São Paulo (Processo 235881.0573669/2024);</p><p>ALEXIS MARTINEZ PEREZ - G285170-J, natural de Cuba, nascido em 8 de março de 1983, filho de Delia Perez Castillo e de Ramon Encarnacion Martinez Linarez, residente no estado do Pará (Processo nº 235881.0608390/2025);</p><p>ALI CAGRI YAMAN - F311732-T, natural da Turquia, nascido em 9 de janeiro de 1985, filho de Mehmet Ugur Yaman e de Bedriye Dikener, residente no estado de Pernambuco (Processo 235881.0582000/2025);</p><p>ANDREI KAVETSKI - F902389-C, natural da Bileorrússia, nascido em 30 de janeiro de 1993, filho de Marina Kavetskaya e de Aleh Kavetski, residente no estado do Rio de Janeiro (Processo nº 235881.0617188/2025);</p><p>ASEEL MASSOUD - G089266-0, natural do Libano, nascido(a) em 22 de fevereiro de 1991, filho(a) de Nemer Massoud e de Ahlam El Khechen, residente no estado de São Paulo (Processo 235881.0286275/2022);</p><p>AYMAN AHMAD MOH D AMIN AZIZIEH - F009234-W, natural da Jordânia, nascido(a) em 29 de setembro de 1996, filho(a) de Ahmed Moh'd Amin Azizieh e de Kefah Mahmoud Abu Rabie, residente no estado de São Paulo (Processo 235881.0575509/2025);</p><p>BENJI ONOSAKPONOME AKPOJARO - F201739-S, natural da Nigéria, nascido(a) em 17 de abril de 1978, filho(a) de David Akpojaro e de Roseline Akpojaro, residente no estado de São Paulo (Processo 235881.0163771/2022);</p><p>CARLA ALCOSER LEDEZMA - F134554-E, natural da Bolívia, nascida em 17 de fevereiro de 1987, filha de Oscar Eduardo Alcoser Jimenez e de Cristina Ledezma Solis, residente no estado do Mato Grosso (Processo 235881.0562894/2024);</p><p>CARLOS MODESTO VERA PALOMINO - V953739-X, natural do Peru, nascido em 10 de outubro de 1977, filho de Modesto Vera Aramburu e de Eleuteria Jacinta Palomino Contreras, residente no estado de São Paulo (Processo 235881.0580351/2025);</p><p>CAROLINA DE LOS ANGELES SILVA VELAZQUEZ - G013280-4, natural da Venezuela, nascida em 23 de novembro de 1986, filha de Juan Arcangel Silva Rebolledo e de Celia Yelitza Velazquez Gutierrez, residente no estado de São Paulo (Processo 235881.0578660/2025);</p><p>CLIMA CARPEL - G253751-R, natural do Haiti, nascido em 1 de julho de 1981, filho de Clino Carpel e de Venante Dorce, residente no estado de Santa Catarina (Processo 235881.0588929/2025);</p><p>DANAE VALDES BORGES MOREIRA - G338326-M, natural de Cuba, nascido(a) em 5 de agosto de 1989, filho(a) de Esmildo Valdes Rodriguez e de Sonia Borges Pereira, residente no estado do Ceará (Processo 235881.0303835/2022);</p><p>DARIA KONOVALOVA - B074399-F, natural da Rússia, nascida em 18 de junho de 1991, filha de Liudmila Vasilievna Tretiak e de Vassiliy Nikolaevich Konovalov, residente no estado de Santa Catarina (Processo nº 235881.0612907/2025);</p><p>DARIA NAUMOVA - F905566-1, natural da Rússia, nascido(a) em 12 de novembro de 1996, filho(a) de Igor Naumov e de Irina Naumova, residente no estado do Rio de Janeiro (Processo 235881.0573059/2024);</p><p>DELIOSBEL REINA DELIS - G466965-A, natural de Cuba, nascido(a) em 24 de junho de 1992, filho(a) de Delio Reina Cruz e de Erlinda Delis Ramos, residente no estado de São Paulo (Processo 235881.0320615/2022);</p><p>DIEU SAUVEUR GABRIEL - G244478-K, natural do Haiti, nascido(a) em 19 de março de 1988, filho(a) de Roges Gabriel e de Altagrace Desir, residente no estado do Mato Grosso (Processo nº 235881.0568390/2024);</p><p>DILO PAULO ALBERTO - V853893-U, natural da Angola, nascido em 26 de abril de 1992, filho de Domingos Paulo Alberto e de Teresa Carlos Antônio, residente no Distrito Federal (Processo 235881.0357399/2023);</p><p>DIOGO PACHECO DA CUNHA DIAS DE CARVALHO - V952112-8, natural de Portugal, nascido(a) em 4 de março de 1979, filho(a) de Vítor José Dias De Carvalho e de Maria Helena Pacheco Da Cunha Dias De Carvalho, residente no estado do Rio de Janeiro (Processo 235881.0583024/2025);</p><p>EDWIN MARTIN CARDENAS CONTRERAS - G127322-I, natural da Colômbia, nascido em 25 de agosto de 1989, filho de Luis Martin Cardenas Torres e de Herminia Contreras, residente no estado de São Paulo (Processo nº 235881.0605376/2025);</p><p>EKATERINA BUSHMAKOVA - F414766-R, natural da Rússia, nascido(a) em 18 de agosto de 1988, filho(a) de Vladimir Bushmakov e de Elena Bushmakova, residente no estado de Santa Catarina (Processo 235881.0293872/2022);</p><p>ERICA KAREN DEXTRE TORRES - G447745-V, natural do Peru, nascida em 3 de novembro de 1983, filha de Edmundo Dextre Trejo e de Santos Concepcion Torres de Dextre, residente no estado de São Paulo (Processo 235881.0580159/2025);</p><p>ERICK JULES - G246283-P, natural do Haiti, nascido(a) em 24 de junho de 1984, filho(a) de Elio Jules e de Josane Toussaint, residente no estado de Santa Catarina (Processo 235881.0573243/2024);</p><p>EURIZANDO GOMES CAOMIQUE - G143319-F, natural da Guiné-Bissau, nascido(a) em 16 de fevereiro de 1989, filho(a) de Adelino Gomes e de Odete Da Costa, residente no estado do Rio Grande do Sul (Processo 235881.0564931/2024);</p><p>EVGENIIA KOZINA - F833097-9, natural da Rússia, nascida em 24 de junho de 1998, filha de Dmitriy Guliaev e de Tatiana Guliaeva, residente no estado de Santa Catarina (Processo nº 235881.0487758/2024);</p><p>FAZAL E ASIM - G239132-0, natural do Paquistão, nascido em 7 de junho de 1987, filho de Fazal Naeem e de Noor Jehan Begum, residente no estado do Ceará (Processo 235881.0589140/2025);</p><p>FERNANDO PEREIRA - V997356-5, natural da Guiné-Bissau, nascido em 19 de outubro de 1987, filho de Augusto Pereira e de Maria Da Silva, residente no estado do Ceará (Processo 235881.0596730/2025);</p><p>GRISHA HAYRAPETYAN - F734185-E, natural da Armênia, nascido em 12 de junho de 1990, filho de Gohar Sargsyan e de Gor Hayrapetyan, residente no estado de São Paulo (Processo nº 235881.0608902/2025);</p><p>HASSAN RMAYTI - F039081-D, natural do Líbano, nascido em 07 de setembro de 1996, filho de Sobhi Rmayti e de Ensaf Rmayti, residente no estado de São Paulo (Processo 235881.0558095/2024);</p><p>HEDUARDO JOSE FRANCISCO RODRIGUEZ LA CRUZ - G420470-H, natural da Venezuela, nascido(a) em 6 de março de 1990, filho(a) de Eduardo Rodriguez Romero e de Mirian Jackqueline La Cruz Rivas, residente no estado de São Paulo (Processo nº 235881.0562475/2024);</p><p>HELDER JAIME JOAQUIM TIAGO - F844687-E, natural da Angola, nascido em 27 de setembro de 1994, filho de Jose Tiago e de Elvira Agostinho Jaoquim, residente no estado de São Paulo (Processo 235881.0593891/2025);</p><p>JACKSON DIMANCHE - G044216-R, natural do Haiti, nascido(a) em 9 de agosto de 1985, filho(a) de Monise Boncoeur, residente no estado do Rio Grande do Sul (Processo 235881.0569075/2024);</p><p>JEANNOT PYRAM - G274859-R, natural do Haiti, nascido em 15 de junho de 1983, filho de Michel Pyram e de Angella Pierre, residente no estado do Mato Grosso (Processo nº 235881.0520211/2024);</p><p>JEISON LEONARDO LEAL GUEVARA - F355462-P, natural de Venezuela, nascido(a) em 15 de maio de 1997, filho(a) de Leisly Leonardo Leal Herrera e de Yuraima Josefina Guevara De Leal, residente no estado do Rio de Janeiro (Processo 235881.0582975/2025);</p><p>JHOSUE ENRIQUE TORTOLERO TORTOLERO - G373751-8, natural da Venezuela, nascido em 29 de junho de 1992, filho de Josefina Iraida Tortolero, residente no estado de Pernambuco (Processo 235881.0581627/2025);</p><p>JIVENCHY DORCELY - G276095-8, natural do Haiti, nascido em 14 de fevereiro de 1996, filho de Bonest Dorcely e de Salina Avant Tout, residente no estado de São Paulo (Processo 235881.0587957/2025);</p><p>JOEL DAVID PORTELLES RICARDO - F440497-U, natural de Cuba, nascido em 3 de janeiro de 2000, filho de Julio Cesar Portelles Pena e de Lesvia Maria Ricardo Ricardo, residente no estado do Mato Grosso do Sul (Processo 235881.0580797/2025);</p><p>JORGE LUIS LEON WILBERT - F213371-W, natural de Cuba, nascido(a) em 21 de abril de 1984, filho(a) de Jorge Luís Gonzalez Cortes e de Dania Lourdes Leon Silveira, residente no estado de Santa Catarina (Processo nº 235881.0558571/2024);</p><p>JULIO PEMBA - G459680-H, natural da Angola, nascido em 12 de junho de 1984, filho de João Pemba e de Maria Kinaka, residente no estado do Rio de Janeiro (Processo 235881.0342136/2023);</p><p>KERLY ANDRADE - G074515-0, natural da Colômbia, nascido(a) em 18 de maio de 1989, filho(a) de Jorge Enrique Martínez Cicery e de Paulina Andrade, residente no estado do Rio de Janeiro (Processo 235881.0574824/2024);</p><p>KEVIN ANDRES AYLLON ORTIZ - G039649-E, natural do Equador, nascido(a) em 3 de março de 1995, filho(a) de Roberto Leonardo Ayllon Macias e de Rosa Del Pilar Ortiz Lucas, residente no estado de Minas Gerais (Processo 235881.0329795/2023);</p><p>LISETTE CHARLES - G337625-H, natural do Haiti, nascido(a) em 30 de maio de 1989, filho(a) de Elius Charles e de Desina Deristin, residente no estado do Mato Grosso do Sul (Processo nº 235881.0567800/2024);</p><p>LUIS ANTONIO RODRIGUEZ ALMAGUER - F705696-2, natural de Cuba, nascido(a) em 28 de dezembro de 1988, filho(a) de Luis Ricardo Rodríguez Pedroso e de Silvia Nelly Almaguer Hidalgo, residente no estado de São Paulo (Processo 235881.0579347/2025);</p><p>LYFAITE CELESTIN - G351797-6, natural do Haiti, nascido em 2 de agosto de 1992, filho de Chrisnel Celestin e de Manette Jeune, residente no estado de Santa Catarina (Processo nº 235881.0658874/2025);</p><p>MACKENSON FREDERIC - G102958-A, natural do Haiti, nascido em 25 de julho de 1987, filho de Manius Frederic e de Marianne Saint Fort, residente no estado de São Paulo (Processo nº 235881.0658343/2025);</p><p>MAGDALA ANELUS - G193966-Q, natural do Haiti, nascida em 17 de agosto de 2006, filha de Marie Odanie Saint Falus Anelus e de Philenaud Anelus, residente no estado de Santa Catarina (Processo nº 235881.0609674/2025);</p><p>MAILIN LICET FERNANDEZ VERDECIA - G011456-3, natural de Cuba, nascida em 19 de outubro de 1982, filha de Nilda Verdecia Oliva e de Rene Fernandez Feria, residente no estado do Rio de Janeiro (Processo nº 235881.0652808/2025);</p><p>MAJURI CA - F080878-M, natural da Guiné-Bissau, nascida em 1 de maio de 1982, filha de Ana Maria Ca e de Abilo Ca, residente no estado do Paraná (Processo nº 235881.0609730/2025);</p><p>MAKITI JACINTHE - F325341-I, natural do Haiti, nascido(a) em 13 de maio de 1990, filho(a) de Saurel Jacinthe e de Cherline Sufrin, residente no estado do Paraná (Processo nº 235881.0561944/2024);</p><p>MARAME SAMB - F667499-2, natural do Senegal, nascida em 3 de abril de 1996, filha de Idrissa Samb e de Ngone Sarr, residente no estado do Rio Grande do Sul (Processo 235881.0592357/2025);</p><p>MARIA DA NAZARE DE SA LOURENCO ARAUJO - V140182-M, natural de Portugal, nascida em 12 de abril de 1970, filha de Manuel de Lima Lourenco e de Maria da Conceicao Pereira de Sa, residente no estado do Rio de Janeiro (Processo 235881.0520268/2024);</p><p>MARIA MOLCHANOVA - G340224-R, natural da Rússia, nascida em 24 de maio de 1994, filha de Aleksandr Molchanov e de Alla Molchanova, residente no estado do Rio de Janeiro (Processo nº 235881.0581842/2025);</p><p>MARIA VICTORIA SERMON PEREZ - G437916-0, natural da Venezuela, nascida em 24 de março de 2006, filha de Victor Alberto Sermon e de Maria Eugenia Perez Ramos, residente no estado de São Paulo (Processo 235881.0581812/2025);</p><p>MAURIS SANCHEZ CAPO FIDELIS - G378516-U, natural de Cuba, nascida em 23 de janeiro de 1991, filha de Luis Felipe Sanchez Alvarez e de Maybea Capo Ramirez, residente no estado do Rio Grande do Sul (Processo 235881.0606852/2025);</p><p>MONA HASSAN DARWIESH - G052872-Y, natural da Síria, nascida em 2 de agosto de 1980, filha de Hassan Darwiesh e de Wafika Darwiesh, residente no estado de São Paulo (Processo 235881.0579205/2025);</p><p>MOUFFAK ALSAMMAN - F302370-1, natural da Síria, nascido(a) em 4 de novembro de 1959, filho(a) de Hasan Alsamman e de Sobheiah Ammar, residente no estado de São Paulo (Processo 235881.0583953/2025);</p><p>NADIA NACIUS - F366446-C, natural do Haiti, nascido(a) em 1 de março de 1998, filho(a) de Navius Nacius e de Marie Claude Toussaint, residente no estado de Santa Catarina (Processo nº 235881.0564132/2024);</p><p>NANCY IBARRA DE LIMA - F100080-Y, natural do Paraguai, nascida em 21 de fevereiro de 1965, filha de Silvia Suarez e de Apolonio Ibarra, residente no estado do Mato Grosso do Sul (Processo nº 235881.0652756/2025);</p><p>NAYDALIE CHARITE - G451697-3, natural do Haiti, nascido(a) em 30 de outubro de 2004, filho(a) de Edner Charite e de Julie Charite Jeune, residente no estado de Santa Catarina (Processo nº 235881.0569827/2024);</p><p>NOKWE ENONGENE EKANE FERNANDES - G068654-8, natural de Camarões, nascido em 20 de novembro de 1993, filho de Enogene Nee Mbinze Margaret e de Enongene Titus Nokwe, residente no estado do Rio de Janeiro (Processo nº 235881.0608044/2025);</p><p>NOURA ALKHUDR - F990943-5, natural da Síria, nascida em 5 de janeiro de 1998, filha de Salah Alkhudr e de Suhair Alakash, residente no estado de São Paulo (Processo 235881.0581467/2025);</p><p>ODALIS RICARDO CASANOVA - G368688-7, natural de Cuba, nascida em 7 de abril de 1990, filha de Jesus Alberto Ricardo Rodriguez e de Odalis Casanova Aguilar, residente no estado do Rio Grande do Sul (Processo 235881.0595532/2025);</p><p>OSWALDO DANIEL ARTIGAS NUNEZ - G329101-A, natural da Venezuela, nascido em 25 de janeiro de 1994, filho de Oswaldo Jose Artigas Mendoza e de Yris Yamiley Nunez de Artigas, residente no estado de São Paulo (Processo 235881.0578213/2025);</p><p>PAULO MABUNDA - F427590-H, natural da Angola, nascido em 25 de maio de 1993, filho de Mbemba Bernardo e de Nsoma Maria, residente no estado de São Paulo (Processo 235881.0579381/2025);</p><p>PIERRE ALAIN CELNIK - V972923-X, natural da França, nascido(a) em 21 de junho de 1958, filho(a) de Jean Isaac Celnik e de Monique Berger, residente no estado da Bahia (Processo nº 235881.0477963/2024);</p><p>PIERRE PAUL EMILE - G238499-z, natural do Haiti, nascido(a) em 29 de julho de 1983, filho(a) de Ebel Emile e de Jeanne Neptune, residente no estado de São Paulo (Processo 235881.0574767/2024);</p><p>RAZIA SAMIMI - F507070-B, natural do Afeganistão, nascida em 25 de março de 1989, filha de Bibi Hawa Mirzaei e de Sayed Mohsen Samimi, residente no estado do Rio Grande do Sul (Processo nº 235881.0608135/2025);</p><p>ROBERTO MASSAMUNGUA - G294719-V, natural da Angola, nascido em 20 de outubro de 1975, filho de Alberto Miguel Massamungua e de Pascalina Teresa Mupepe, residente no estado de São Paulo (Processo 235881.0579464/2025);</p><p>ROMILSON ALBAT GOMES CABI - G028603-C, natural da Guiné-Bissau, nascido(a) em 18 de abril de 1988, filho(a) de Matias Alberto Indami Cabi e de Maria Gomes, residente no estado do Rio Grande do Sul (Processo nº 235881.0568580/2024);</p><p>SANAA FAHMI - F006482-S, natural do Marrocos, nascido(a) em 14 de outubro de 1974, filho(a) de Maati Fils Hajjaj e de Fatima Fille De Omar, residente no estado do Paraná (Processo 235881.0294555/2022);</p><p>SANDRINA ADAMES - F010006-A, natural da República Dominicana, nascido(a) em 22 de janeiro de 1994, filho(a) de Miledys Mireya Adames Gregorio, residente no estado do Paraná (Processo nº 235881.0570323/2024);</p><p>SANTOS JANNET RAMIREZ BAYONA - V183600-S, natural do Peru, nascida em 02 de fevereiro de 1977, filha de Geraldo Ramirez Ramirez e de Laura Bayona Ruiz, residente no estado do Paraná (Processo nº 235881.0618447/2025);</p><p>VALENTINA MARTELLI - G112618-S, natural da Itália, nascida em 23 de janeiro de 1983, filha de Alberto Martelli e de Antonella Innocenti, residente no estado de São Paulo (Processo 235881.0579316/2025);</p><p>VERONIKA SKORODUMOVA - F902314-6, natural da Bileorrússia, nascida em 7 de março de 1997, filha de Helen Skorodumova e de Valerii Skorodumov, residente no estado do Rio de Janeiro (Processo nº 235881.0616963/2025);</p><p>VLADIMIR BORODIN - F077317-X, natural da Ucrânia, nascido em 8 de agosto de 1971, filho de Anatoily Borodin e de Izolda Borodina, residente no estado de Santa Catarina (Processo 235881.0588494/2025);</p><p>YANEY PADILLA LEON - V992195-S, natural de Cuba, nascida em 1 de dezembro de 1982, filha de Amarilis Leon Benavides e de Emeterio Padilla Herrera, residente no estado da Bahia (Processo nº 235881.0619085/2025);</p><p>YARIAN SANTANA TAMAYO - F276792-V, natural de Cuba, nascido(a) em 11 de setembro de 1987, filho(a) de Emilio José Santana Cucurull e de Maria Esther Tamayo Castellanos, residente no estado de São Paulo (Processo 235881.0156466/2022) e</p><p>YESYKA DELMAR SEMPERENA COCCARO - G124351-Q, natural do Uruguai, nascido(a) em 24 de maio de 1996, filho(a) de Diego Lucas Semperena P De Armas Martinez e de Jenny Daniela Coccaro Fernandez, residente no estado do Rio Grande do Sul (Processo nº235881.0551570/2024).</p><p>As pessoas referidas nesta Portaria deverão comparecer perante a Justiça Eleitoral para o devido cadastramento, nos termos do art. 231 do Decreto nº 9.199/2017, que regulamenta a Lei nº 13.445/2017.</p><p class="assina">SANDRA MARIA MENDES ADJAFRE SINDEAUX</p><p class="identifica">PORTARIA Nº 5.785, DE 31 DE OUTUBRO DE 2025</p><p>A COORDENADORA DE PROCESSOS MIGRATÓRIOS, no uso da competência delegada pela Portaria nº 623 de 13 de novembro de 2020, publicada no Diário Oficial da União, de 17 de novembro de 2020, resolve:</p><p>CONCEDER a nacionalidade brasileira, por naturalização, às pessoas abaixo relacionadas, nos termos do art. 12, II, "b", da Constituição Federal de 1988, e em conformidade com o art. 67 da Lei nº 13.445, de 24 de maio de 2017, regulamentada pelo Decreto nº 9.199/2017, de 20 de novembro de 2020, a fim de que possam gozar dos direitos outorgados pela Constituição e leis do Brasil:</p><p>CHANG FU YANG - Y257727-8, natural de Taiwan, nascido em 16 de julho de 1956, filho de Chang Fu Hsing e de Chang Kuo Pan, residente no estado de São Paulo (Processo 235881.0608429/2025);</p><p>CHANG WU CHIU HSIA - Y258558-0, natural de Taiwan, nascida em 20 de setembro de 1957, filha de Wu Jen Li e de Wu Liao Yue Kuei, residente no estado de São Paulo (Processo 235881.0617084/2025);</p><p>FRANZ ROSINA - V624202-0, natural da Suíça, nascido em 5 de junho de 1959, filho de Dario Rosina e de Nelly Rosina, residente no estado de Pernambuco (Processo 235881.0587986/2025);</p><p>JORGE INFANTE PRADO - V296908-9, natural de Cuba, nascido em 8 de março de 1961, filho de Nereido Infante Font e de Hilda Prado Espinosa, residente no estado de São Paulo (Processo 235881.0579232/2025);</p><p>KARLA VALERIA MENDOZA RIVERA - V058465-8, natural da Nicarágua, nascida em 23 de dezembro de 1980, filha de Orlando Jose Mendoza Blandon e de Elvira Rivera Zeledon De Mendoza, residente no estado de São Paulo (Processo nº 235881.0502223/2024);</p><p>MARBELLA MARQUEZ DE VARGAS - V377298-A, natural da Venezuela, nascida em 17 de setembro de 1964, filha de Jose Ricardo Marquez e de Isabel Mora de Marquez, residente no estado de São Paulo (Processo 235881.0599803/2025) e</p><p>MICHEL ALFRED MATHOS - V295868-0, natural da França, nascido em 18 de janeiro de 1956, filho de Joseph Mathos e de Odette Bagnaud, residente no estado do Paraná (Processo 235881.0595416/2025).</p><p>As pessoas referidas nesta Portaria deverão comparecer perante a Justiça Eleitoral para o devido cadastramento, nos termos do art. 231 do Decreto nº 9.199/2017, que regulamenta a Lei nº 13.445/2017.</p><p class="assina">SANDRA MARIA MENDES ADJAFRE SINDEAUX</p><p class="identifica">PORTARIA Nº 5.786, DE 31 DE OUTUBRO DE 2025</p><p>A COORDENADORA DE PROCESSOS MIGRATÓRIOS, no uso da competência delegada pela Portaria nº 623 de 13 de novembro de 2020, publicada no Diário Oficial da União, de 17 de novembro de 2020: resolve:</p><p>CONCEDER a nacionalidade brasileira, por Naturalização Provisória, às pessoas abaixo relacionadas, nos termos do art. 12, inciso II, alínea "a", da Constituição Federal de 1988, e em conformidade com o art. 70 da Lei nº 13.445, de 24 de maio de 2017, regulamentada pelo Decreto nº 9.199/2017, de 20 de novembro de 2020, a fim de que possa gozar dos direitos outorgados pela Constituição e leis do Brasil, até 2 (dois) anos após atingir a maioridade, nos termos do Parágrafo único do referido artigo:</p><p>CHRISTIAN WENDER SAINGILUS - B278296-S, natural do Haiti, nascido em 18 de fevereiro de 2016, filho de Julnor Saingilus e de Mackline Francois, residente no estado de Santa Catarina (Processo nº 235881.0658914/2025);</p><p>GABRIEL ORLOV - B152462-C, natural da Rússia, nascido(a) em 26 de junho de 2021, filho(a) de Maksim Orlov e de Diana Maniurova, residente no estado do Rio de Janeiro (Processo nº 235881.0566311/2024);</p><p>LANA MOHAMMED WAHEED AWAD - B376350, natural do Estado da Palestina, nascida em 28 de janeiro de 2017, filha de Ahlam Mahmoud Ahmed Awad, residente no estado de Santa Catarina (Processo nº 235881.0653515/2025);</p><p>MENAR JOSEPH - G303256-N, natural do Haiti, nascido em 31 de julho de 2014, filho de Maxary Joseph e de Neline Merilus, residente no estado de Santa Catarina (Processo 235881.0528923/2024) e</p><p>NEIL ROODLY CLEMENCEAU - G392842-Z, natural do Haiti, nascido(a) em 14 de outubro de 2008, filho(a) de Clausel Clemenceau e de Rilia Samedy, residente no estado de Santa Catarina (Processo nº 235881.0567537/2024).</p><p class="assina">SANDRA MARIA MENDES ADJAFRE SINDEAUX</p><p class="identifica">PORTARIA Nº 5.787, DE 31 DE OUTUBRO DE 2025</p><p>A COORDENADORA DE PROCESSOS MIGRATÓRIOS, no uso da competência delegada pela Portaria nº 623 de 13 de novembro de 2020, publicada no Diário Oficial da União, de 17 de novembro de 2020, resolve:</p><p>TORNAR DEFINITIVA a nacionalidade brasileira concedida, por naturalização, à pessoa abaixo relacionada, nos termos do art. 12, inciso II, alínea "a", da Constituição Federal de 1988, e em conformidade com o art. 70, Parágrafo único, da Lei nº 13.445/2017, regulamentada pelo Decreto nº 9.199/2017, a fim de que possam gozar dos direitos outorgados pela Constituição e leis do Brasil:</p><p>FANIE SUFOI - natural do Haiti, nascida em 19 de dezembro de 2006, filha de Dietel Sufoi e de Marie Helene Sanon Sufoi, residente no estado do Paraná (Processo 235881.0592101/2025).</p><p>A pessoa referida nesta Portaria deverá comparecer perante a Justiça Eleitoral para o devido cadastramento, nos termos do art. 231 do Decreto nº 9.199/2017, que regulamenta a Lei nº 13.445/2017.</p><p class="assina">SANDRA MARIA MENDES ADJAFRE SINDEAUX</p>]]></Texto>
  </body>
  <Midias />
</article></xml>