﻿<xml><article id="46232843" name="Desp-1509_2025" idOficio="11378286" pubName="DO1" artType="Despacho" pubDate="03/11/2025" artClass="00035:00045:00007:00000:00000:00000:00000:00000:00000:00000:00024:00000" artCategory="Ministério de Minas e Energia/Agência Nacional do Petróleo, Gás Natural e Biocombustíveis/Superintendência de Exploração" artSize="12" artNotes="" numberPage="75" pdfPage="http://pesquisa.in.gov.br/imprensa/jsp/visualiza/index.jsp?data=03/11/2025&amp;jornal=515&amp;pagina=75" editionNumber="209" highlightType="" highlightPriority="" highlight="" highlightimage="" highlightimagename="" idMateria="23273386">
  <body>
    <Identifica><![CDATA[ DESPACHO SEP-ANP Nº 1.509, DE 31 DE OUTUBRO DE 2025]]></Identifica>
    <Data><![CDATA[]]></Data>
    <Ementa />
    <Titulo />
    <SubTitulo />
    <Texto><![CDATA[<p class="identifica">DESPACHO SEP-ANP Nº 1.509, DE 31 DE OUTUBRO DE 2025</p><p>O SUPERINTENDENTE DE EXPLORAÇÃO DA AGÊNCIA NACIONAL DO PETRÓLEO, GÁS NATURAL E BIOCOMBUSTÍVEIS - ANP, considerando o uso de suas atribuições legais e regulamentares, em especial a disposta no art. 109, inciso I, do Regimento Interno da ANP, aprovado pela portaria ANP nº 265, de 10 de setembro de 2020, o atendimento às exigências do Contrato de Concessão ; bem como, na análise descrita no Parecer Técnico nº 505/2025/SEP-E -ANP (SEI nº 5414792) acerca do cumprimento do Programa Exploratório Mínimo; resolve:</p><p>A) PARA O BLOCO S-M-1601_OP3 &lt;&gt; CONTRATO 48610.215461/2022-47 &lt;&gt; PERÍODO EXPLORATÓRIO ÚNICO</p><p>Atestar a realização de 183,2866896 Unidades de trabalho (UTs) e o cumprimento equivalente a 100 % do Programa Exploratório Mínimo (PEM) , considerando considerando as atividades da Tabela 2.</p><p>Dar ciência ao operador acerca do início dos procedimentos referentes à devolução da garantia financeira.</p><p>Tabela 1 - Extrato das unidades de trabalho (UT) totalizadas ao contrato</p><p /><p></p><table><tr /><tr><td rowspan="1" colspan="1"><p>PEM compromissado (UTs)</p></td><td rowspan="1" colspan="1"><p>Unidades de Trabalho Realizadas (UTs)</p></td><td rowspan="1" colspan="1"><p>PEM</p><p>Cumprido (%)</p></td><td rowspan="1" colspan="1"><p>Unidades de Trabalho</p><p>Remanescente (UTs)</p></td><td rowspan="1" colspan="1"><p>PEM</p><p>Remanescente (%)</p></td></tr><tr><td rowspan="1" colspan="1"><p>180</p></td><td rowspan="1" colspan="1"><p>183,2866896</p></td><td rowspan="1" colspan="1"><p>100 %</p></td><td rowspan="1" colspan="1"><p>0</p></td><td rowspan="1" colspan="1"><p>0 %</p></td></tr></table><p>Tabela 2 - Dados utilizados para o abatimento/cumprimento do PEM</p><p /><p></p><table><tr /><tr><td rowspan="1" colspan="1"><p>Programa/Atividade</p></td><td rowspan="1" colspan="1"><p>Tipo de dado</p></td><td rowspan="1" colspan="1"><p>Tecnologia</p></td><td rowspan="1" colspan="1"><p>Laudo de aprovação</p></td><td rowspan="1" colspan="1"><p>Despacho</p></td></tr><tr><td rowspan="1" colspan="1"><p>0268_3D_SANTOS_SUL</p></td><td rowspan="1" colspan="1"><p>Não Exclusivo</p></td><td rowspan="1" colspan="1"><p>Sismica 3D</p></td><td rowspan="1" colspan="1"><p>SEI nº <u>5407453</u> </p></td><td rowspan="1" colspan="1"><p>SEI nº Atual</p></td></tr></table><p>Registra-se que, como para os todos dados utilizados para abatimento de PEM, listados na Tabela 2, há laudos de aprovação emitidos pela SDT, este Despacho pode ser utilizado como subsídio para que a Coordenação de Garantia Financeira da SEP realize os procedimentos cabíveis no que tange à devolução das Garantias Financeiras pertinentes.</p><p class="assina">LUCIANO LOBO</p>]]></Texto>
  </body>
  <Midias />
</article></xml>