﻿<xml><article id="46237509" name="PT SAES NA 3390" idOficio="11379444" pubName="DO1" artType="Portaria" pubDate="03/11/2025" artClass="00047:00037:00000:00000:00000:00000:00000:00000:00000:00000:00017:00007" artCategory="Ministério da Saúde/Secretaria de Atenção Especializada à Saúde" artSize="12" artNotes="" numberPage="86" pdfPage="http://pesquisa.in.gov.br/imprensa/jsp/visualiza/index.jsp?data=03/11/2025&amp;jornal=515&amp;pagina=86" editionNumber="209" highlightType="" highlightPriority="" highlight="" highlightimage="" highlightimagename="" idMateria="23276641">
  <body>
    <Identifica><![CDATA[ Portaria SAES/MS Nº 3.390, DE 22 DE outubro DE 2025]]></Identifica>
    <Data><![CDATA[]]></Data>
    <Ementa><![CDATA[ Defere, em grau de Reconsideração, a Renovação do CEBAS da Associação do Hospital de Caridade de Palmeira das Missões, com sede em Palmeira das Missões (RS).]]></Ementa>
    <Titulo />
    <SubTitulo />
    <Texto><![CDATA[<p class="identifica">Portaria SAES/MS Nº 3.390, DE 22 DE outubro DE 2025</p><p class="ementa">Defere, em grau de Reconsideração, a Renovação do CEBAS da Associação do Hospital de Caridade de Palmeira das Missões, com sede em Palmeira das Missões (RS).</p><p>O SECRETÁRIO DE ATENÇÃO ESPECIALIZADA À SAÚDE, no uso das atribuições que lhe confere o Decreto nº 11.798, de 28 de novembro de 2023, alterado pelo Decreto nº 12.489, de 04 de junho de 2025, resolve:</p><p>Art. 1º Fica deferida, em grau de Reconsideração, a Renovação do Certificado de Entidade Beneficente de Assistência Social (CEBAS) da Associação do Hospital de Caridade de Palmeira das Missões, CNPJ nº 91.945.204/0001-50, com sede em Palmeira das Missões (RS), em razão da comprovação da prestação anual de serviços ao SUS no percentual mínimo de 60% (sessenta por cento), em conformidade com o art. 9º da Lei Complementar nº 187, de 16 de dezembro de 2021 e seus regulamentos, nos termos da Nota Técnica nº 307/2025-CGCER/DCEBAS/SAES/MS, constante do Processo nº 25000.187017/2023-98.</p><p>Parágrafo único. A Renovação tem validade pelo período de 1º de janeiro de 2024 a 31 de dezembro de 2026.</p><p>Art. 2º Fica sem efeito a Portaria SAES/MS nº 3.282, de 23 de setembro de 2025, publicada no Diário Oficial da União (DOU) nº 184, de 26 de setembro de 2025, seção 1, página 187.</p><p>Art. 3º Esta Portaria entra em vigor na data de sua publicação.</p><p class="assina">MOZART JULIO TABOSA SALES</p>]]></Texto>
  </body>
  <Midias />
</article></xml>