﻿<xml><article id="46231306" name="resolucao_4284_2025 GGFIS" idOficio="11377879" pubName="DO1" artType="Resolução" pubDate="03/11/2025" artClass="00047:00048:00016:00006:00000:00000:00000:00000:00000:00000:00064:34284" artCategory="Ministério da Saúde/Agência Nacional de Vigilância Sanitária/4ª Diretoria/Gerência-Geral de Inspeção e Fiscalização Sanitária" artSize="12" artNotes="" numberPage="129" pdfPage="http://pesquisa.in.gov.br/imprensa/jsp/visualiza/index.jsp?data=03/11/2025&amp;jornal=515&amp;pagina=129" editionNumber="209" highlightType="" highlightPriority="" highlight="" highlightimage="" highlightimagename="" idMateria="23272364">
  <body>
    <Identifica><![CDATA[ RESOLUÇÃO-RE Nº 4.284, de 30 DE Outubro DE 2025]]></Identifica>
    <Data><![CDATA[]]></Data>
    <Ementa />
    <Titulo />
    <SubTitulo />
    <Texto><![CDATA[<p class="identifica">RESOLUÇÃO-RE Nº 4.284, de 30 DE Outubro DE 2025</p><p>O GERENTE-GERAL DE INSPEÇÃO E FISCALIZAÇÃO SANITÁRIA DA AGÊNCIA NACIONAL DE VIGILÂNCIA SANITÁRIA, no uso das atribuições que lhe confere o art. 140, aliado ao art. 203, I, § 1º do Regimento Interno aprovado pela Resolução da Diretoria Colegiada - RDC nº 585, de 10 de dezembro de 2021,</p><p>e considerando a necessidade de alteração na Certificação de Boas Práticas de Fabricação, resolve:</p><p>Art. 1º Alterar a razão social da empresa fabricante na certificação solicitada pela empresa Convatec Brasil Ltda, CNPJ nº 09.603.161/0001-44, publicada pela Resolução RE nº 1.380, de 10 de Abril de 2024, no Diário Oficial da União nº. 72, de 15 de Abril de 2024, Seção 1, pág. 388, de Accupac Inc., para Accupac LLC., conforme expedientes nº 1072693/23-2 e 1363482/25-4.</p><p>Art. 2° Esta Resolução entra em vigor na data de sua publicação.</p><p>MARCUS AURéLIO MIRANDA DE ARAúJO</p>]]></Texto>
  </body>
  <Midias />
</article></xml>