﻿<xml><article id="46232023" name="resolucao_4300_2025 GGTPS_002" idOficio="11377950" pubName="DO1" artType="Resolução" pubDate="03/11/2025" artClass="00047:00048:00015:00010:00000:00000:00000:00000:00000:00000:00064:34300" artCategory="Ministério da Saúde/Agência Nacional de Vigilância Sanitária/3ª Diretoria/Gerência-Geral de Tecnologia de Produtos para Saúde" artSize="12" artNotes="" numberPage="111" pdfPage="http://pesquisa.in.gov.br/imprensa/jsp/visualiza/index.jsp?data=03/11/2025&amp;jornal=515&amp;pagina=111" editionNumber="209" highlightType="" highlightPriority="" highlight="" highlightimage="" highlightimagename="" idMateria="23272820">
  <body>
    <Identifica />
    <Data><![CDATA[]]></Data>
    <Ementa />
    <Titulo />
    <SubTitulo />
    <Texto><![CDATA[<p>FOX INDUSTRIA, COMERCIO, DISTRIBUICAO, IMPORTACAO DE PRODUTOS MEDICOS LTDA / 35.190.760/0001-93</p><p>CADASTRO DE FAMÍLIA QUARTA ALEATORIA DE AÇO</p><p>25351.192512/2025-09 / 82758570012</p><p>80193 - MATERIAL - Notificação de Dispositivo Médico Classe I / 1403224251</p><p>_ _ _ _ _ _ _ _ _ _ _ _</p><p>FREQTY SOLUCOES DIGITAIS EM ODONTOLOGIA E MEDICINA LTDA / 38.309.900/0001-98</p><p>Disco de Titanium Audental</p><p>25351.195699/2025-94 / 82380489008</p><p>8030 - MATERIAL - Notificação de Dispositivo Médico Classe II / 1422733254</p><p>Audental Cobalt SLM Powder</p><p>25351.195622/2025-14 / 82380489006</p><p>8030 - MATERIAL - Notificação de Dispositivo Médico Classe II / 1422491251</p><p>Audental Titanium TC4 SML Powder</p><p>25351.195580/2025-11 / 82380489005</p><p>8030 - MATERIAL - Notificação de Dispositivo Médico Classe II / 1422341259</p><p>Audental Cobalt Disc</p><p>25351.195623/2025-69 / 82380489007</p><p>8030 - MATERIAL - Notificação de Dispositivo Médico Classe II / 1422492257</p><p>_ _ _ _ _ _ _ _ _ _ _ _</p><p>FUNDACAO ADIB JATENE / 53.725.560/0001-70</p><p>Ponta Aspiradora Neonatal CardioBaby</p><p>25351.192244/2025-17 / 10264470037</p><p>80193 - MATERIAL - Notificação de Dispositivo Médico Classe I / 1401934251</p><p>_ _ _ _ _ _ _ _ _ _ _ _</p><p>GENESTAR INOVAÇÕES E EQUIPAMENTOS MÉDICOS LTDA / 35.489.323/0001-75</p><p>HiPurA® Paraffin-Embedded Tissue DNA Purification Kit</p><p>25351.165169/2025-11 / 82149920140</p><p>80197 - IVD - Notificação de produto Classe I / 1221263251</p><p>_ _ _ _ _ _ _ _ _ _ _ _</p><p>GOLD ANALISA DIAGNOSTICA LTDA / 03.142.794/0001-16</p><p>Cloretos</p><p>25351.167385/2025-00 / 80022230302</p><p>80133 - IVD - Notificação de produto Classe II / 1234534258</p><p>_ _ _ _ _ _ _ _ _ _ _ _</p><p>H.E. ENGENHARIA E DESENVOLVIMENTO LTDA / 59.466.409/0001-40</p><p>CABO DE FIBRA ÓTICA</p><p>25351.172122/2025-12 / 82940759009</p><p>8024 - EQUIPAMENTO - Notificação de Dispositivo Médico Classe II / 1269026259</p><p>_ _ _ _ _ _ _ _ _ _ _ _</p><p>HIDROLIGHT DO BRASIL S.A. / 08.762.826/0001-08</p><p>CADEIRA BANHO ALUMÍNIO PREMIUM MAX</p><p>25351.173950/2025-60 / 80758210125</p><p>80195 - EQUIPAMENTO - Notificação de Dispositivo Médico Classe I / 1279254254</p><p>_ _ _ _ _ _ _ _ _ _ _ _</p><p>ID MED LTDA / 53.561.088/0001-87</p><p>Melbourne Rapid Fields Online Perimetry</p><p>25351.167614/2025-88 / 83108800001</p><p>80272 - EQUIPAMENTO - Notificação de Software Médico Classe I ou II / 1235524256</p><p>_ _ _ _ _ _ _ _ _ _ _ _</p><p>IMPLANEW MATERIAIS ODONTOLOGICOS LTDA - ME / 04.682.046/0001-99</p><p>Componentes para Linha Digital</p><p>25351.189837/2025-04 / 80315829006</p><p>8030 - MATERIAL - Notificação de Dispositivo Médico Classe II / 1389913252</p><p>_ _ _ _ _ _ _ _ _ _ _ _</p><p>IN VITRO DIAGNOSTICA LTDA / 42.837.716/0001-98</p><p>Família HbA1c</p><p>25351.172329/2025-89 / 10303460567</p><p>8437 - IVD - Notificação de produtos em família Classe II / 1270161253</p><p>Família de Analisadores Semi-Automáticos de Urina</p><p>25351.166839/2025-17 / 10303460566</p><p>8437 - IVD - Notificação de produtos em família Classe II / 1232219258</p><p>Família FR Turbidimetria</p><p>25351.174139/2025-04 / 10303460568</p><p>8437 - IVD - Notificação de produtos em família Classe II / 1280258250</p><p>_ _ _ _ _ _ _ _ _ _ _ _</p><p>INBRAMED- INDUSTRIA BRASILEIRA DE EQUIPAMENTOS MEDICOS LTDA / 91.408.732/0001-70</p><p>BICICLETA ERGOMÉTRICA DE AVALIAÇÃO CLÍNICA</p><p>25351.176424/2025-51 / 10318090011</p><p>80195 - EQUIPAMENTO - Notificação de Dispositivo Médico Classe I / 1305699254</p><p>_ _ _ _ _ _ _ _ _ _ _ _</p><p>INECK INDUSTRIA E COMERCIO LTDA / 29.345.471/0001-13</p><p>KIT CÂNULA NEURO TRILINE</p><p>25351.192083/2025-61 / 81659589062</p><p>8030 - MATERIAL - Notificação de Dispositivo Médico Classe II / 1400944252</p><p>KIT CÂNULA E+ ESSENCIAL</p><p>25351.191028/2025-54 / 81659589061</p><p>8030 - MATERIAL - Notificação de Dispositivo Médico Classe II / 1395685258</p><p>KIT ATM SIMPLE</p><p>25351.190957/2025-46 / 81659589060</p><p>8030 - MATERIAL - Notificação de Dispositivo Médico Classe II / 1395601259</p><p>_ _ _ _ _ _ _ _ _ _ _ _</p><p>INME INDUSTRIA MEDICA S/A / 47.465.805/0001-74</p><p>KIT NEURO-BLOCK SYSTEM</p><p>25351.175660/2025-51 / 83151419007</p><p>8024 - EQUIPAMENTO - Notificação de Dispositivo Médico Classe II / 1300266252</p><p>_ _ _ _ _ _ _ _ _ _ _ _</p><p>INNOVATIVE MEDICINES BRASIL SP DISTRIBUICAO DE MEDICAMENTOS LTDA / 21.810.980/0001-68</p><p>Nor-NOHA Blood Collection Tube</p><p>25351.176961/2025-00 / 81192730001</p><p>80197 - IVD - Notificação de produto Classe I / 1307833250</p><p>_ _ _ _ _ _ _ _ _ _ _ _</p><p>INTEGRA LIFESCIENCES BRAZIL LTDA / 23.970.075/0001-09</p><p>Unidade de Base Mayfield Ghost</p><p>25351.187788/2025-67 / 81770370115</p><p>80193 - MATERIAL - Notificação de Dispositivo Médico Classe I / 1379115256</p><p>_ _ _ _ _ _ _ _ _ _ _ _</p><p>J T Freire me / 19.147.463/0001-09</p><p>LARINGOSCOPIOS SOCIAL INSTRUMENTS</p><p>25351.174623/2025-25 / 82285270054</p><p>80195 - EQUIPAMENTO - Notificação de Dispositivo Médico Classe I / 1283854252</p><p>_ _ _ _ _ _ _ _ _ _ _ _</p><p>KATAL BIOTECNOLOGICA INDÚSTRIA E COMÉRCIO LTDA / 71.437.917/0001-04</p><p>MQ-8000 (HPLC)</p><p>25351.167996/2025-40 / 10377390334</p><p>80133 - IVD - Notificação de produto Classe II / 1237754259</p><p>FAMÍLIA KRONTOL MICROALBUMINA</p><p>25351.175257/2025-21 / 10377390335</p><p>8437 - IVD - Notificação de produtos em família Classe II / 1297326253</p><p>_ _ _ _ _ _ _ _ _ _ _ _</p><p>KOVALENT DO BRASIL LTDA / 04.842.199/0001-56</p><p>Triglycerides Kit (GPO-POD Method)</p><p>25351.175665/2025-83 / 80115310306</p><p>80133 - IVD - Notificação de produto Classe II / 1300276258</p><p>Alfa-1 Antitripsina</p><p>25351.173762/2025-31 / 80115310303</p><p>80133 - IVD - Notificação de produto Classe II / 1277691258</p><p>Specific Proteins Calibrator</p><p>25351.175688/2025-98 / 80115310307</p><p>80133 - IVD - Notificação de produto Classe II / 1300312254</p><p>Alkaline Phosphatase Kit (IFCC Modified Method)</p><p>25351.175720/2025-35 / 80115310310</p><p>80133 - IVD - Notificação de produto Classe II / 1300366257</p><p>Total Cholesterol Kit (CHOD-POD Method)</p><p>25351.175639/2025-55 / 80115310305</p><p>80133 - IVD - Notificação de produto Classe II / 1300228253</p><p>Glucose Kit (HK Method)</p><p>25351.175703/2025-06 / 80115310308</p><p>80133 - IVD - Notificação de produto Classe II / 1300335254</p><p>Glucose Kit (GOD-POD Method)</p><p>25351.175630/2025-44 / 80115310304</p><p>80133 - IVD - Notificação de produto Classe II / 1300211253</p><p>Uric Acid Kit (Uricase-Peroxidase Method)</p><p>25351.175706/2025-31 / 80115310309</p><p>80133 - IVD - Notificação de produto Classe II / 1300339250</p><p>_ _ _ _ _ _ _ _ _ _ _ _</p><p>LABORLAB PRODUTOS PARA LABORATÓRIOS LTDA EPP / 72.807.043/0001-94</p><p>Neutralization Buffer</p><p>25351.174869/2025-05 / 10246810379</p><p>80197 - IVD - Notificação de produto Classe I / 1293687251</p><p>_ _ _ _ _ _ _ _ _ _ _ _</p><p>LARSSON PRODUTOS MEDICOS LTDA / 37.713.125/0001-79</p><p>Coletor Celular Previne Clear</p><p>25351.164150/2025-58 / 82089400004</p><p>80197 - IVD - Notificação de produto Classe I / 1213850258</p><p>HYAGUIDE</p><p>25351.190999/2025-87 / 82089409061</p><p>8030 - MATERIAL - Notificação de Dispositivo Médico Classe II / 1395646252</p><p>_ _ _ _ _ _ _ _ _ _ _ _</p><p>LATIN HEALTH IMPORTADORA E DISTRIBUIDORA LTDA. / 29.986.299/0001-87</p><p>Fecal Calprotectin Test Kit (Fluorescence Immunochromatography)</p><p>25351.167599/2025-78 / 81778810049</p><p>80133 - IVD - Notificação de produto Classe II / 1235506258</p><p>_ _ _ _ _ _ _ _ _ _ _ _</p><p>LETOMED INDUSTRIA E COMERCIO DE PRODUTOS HOSPITALARES LTDA / 40.989.688/0001-07</p><p>ESPÉCULO VAGINAL LETOMED</p><p>25351.189873/2025-60 / 82241449001</p><p>8030 - MATERIAL - Notificação de Dispositivo Médico Classe II / 1390007251</p><p>FRASCO PARA NUTRIÇÃO ENTERAL LETOMED</p><p>25351.189916/2025-15 / 82241440008</p><p>80193 - MATERIAL - Notificação de Dispositivo Médico Classe I / 1390141250</p><p>_ _ _ _ _ _ _ _ _ _ _ _</p><p>LUCIPHARMA INDÚSTRIA FARMACÊUTICA LTDA / 05.076.414/0001-18</p><p>Acquacare Hidratante</p><p>25351.193693/2025-82 / 80533259006</p><p>8030 - MATERIAL - Notificação de Dispositivo Médico Classe II / 1408299259</p><p>_ _ _ _ _ _ _ _ _ _ _ _</p><p>LUIZ GUILHERME SARTORI &amp; CIA LTDA / 04.861.623/0001-00</p><p>KIT CÂNULA SARTORI FLEX STITCH</p><p>25351.190923/2025-51 / 80083659009</p><p>8030 - MATERIAL - Notificação de Dispositivo Médico Classe II / 1395476250</p><p>_ _ _ _ _ _ _ _ _ _ _ _</p><p>LUNIV ENDO SCIENCES IMPORTAÇÃO E EXPORTAÇÃO DE APARELHOS ELETROMÉDICOS LTDA / 36.025.232/0001-41</p><p>Adinizer Smart Kit Exomn</p><p>25351.193402/2025-56 / 82727399021</p><p>8030 - MATERIAL - Notificação de Dispositivo Médico Classe II / 1406869252</p><p>_ _ _ _ _ _ _ _ _ _ _ _</p><p>MAIS MATERIAIS ODONTOLÓGICOS LTDA / 07.581.009/0001-82</p><p>Componentes para Ortodontia</p><p>25351.189967/2025-39 / 80316919003</p><p>8030 - MATERIAL - Notificação de Dispositivo Médico Classe II / 1390280250</p><p>_ _ _ _ _ _ _ _ _ _ _ _</p><p>MEDFACTOR INDUSTRIA E COMERCIO DE PRODUTOS MEDICOS HOSPITALARES LTDA / 42.313.325/0001-74</p><p>ENDODISC EndoSafe Shield</p><p>25351.186051/2025-27 / 82603640006</p><p>80193 - MATERIAL - Notificação de Dispositivo Médico Classe I / 1371679258</p><p>Kit Cânulas EndoDisc OneBlock</p><p>25351.193142/2025-19 / 82603649034</p><p>8030 - MATERIAL - Notificação de Dispositivo Médico Classe II / 1405762250</p><p>_ _ _ _ _ _ _ _ _ _ _ _</p><p>MEDILYFE COMERCIO E IMPORTACAO DE PROD MEDICOS LTDA / 13.575.470/0001-25</p><p>EXTENSOR DE EQUIPO EXTEENA</p><p>25351.186451/2025-32 / 82393780010</p><p>80193 - MATERIAL - Notificação de Dispositivo Médico Classe I / 1372955259</p><p>_ _ _ _ _ _ _ _ _ _ _ _</p><p>MEDIX BRASIL LTDA / 10.268.780/0001-09</p><p>MEDIX BRASIL TAMPA PROTETORA COM ALCOOL</p><p>25351.192097/2025-85 / 80495519135</p><p>8030 - MATERIAL - Notificação de Dispositivo Médico Classe II / 1400989256</p><p>_ _ _ _ _ _ _ _ _ _ _ _</p><p>MH EQUIPAMENTOS E MATERIAIS PARA LABORATORIOS LTDA EPP / 04.342.755/0001-25</p><p>Analisador Químico Automático CA-810A</p><p>25351.169661/2025-66 / 80223480102</p><p>80133 - IVD - Notificação de produto Classe II / 1257449257</p><p>_ _ _ _ _ _ _ _ _ _ _ _</p><p>MICO BIOMED DO BRASIL LTDA / 40.749.573/0001-37</p><p>WizMag DNA Clinical II</p><p>25351.166592/2025-39 / 82202950032</p><p>80197 - IVD - Notificação de produto Classe I / 1230859250</p><p>_ _ _ _ _ _ _ _ _ _ _ _</p><p>MOBIL SAÚDE COMERCIAL LTDA / 14.727.893/0001-86</p><p>Andador de alumínio com rodas Mobil Saúde.</p><p>25351.184129/2025-79 / 80889460037</p><p>80195 - EQUIPAMENTO - Notificação de Dispositivo Médico Classe I / 1345860251</p><p>_ _ _ _ _ _ _ _ _ _ _ _</p><p>MR SAUDE LTDA / 26.386.899/0001-16</p><p>SAA (Imunofluorescência)</p><p>25351.175710/2025-08 / 82533950124</p><p>80133 - IVD - Notificação de produto Classe II / 1300344253</p><p>T4 livre (Imunofluorescência)</p><p>25351.172328/2025-34 / 82533950123</p><p>80133 - IVD - Notificação de produto Classe II / 1270155253</p><p>mALB (Imunofluorescência)</p><p>25351.171093/2025-63 / 82533950122</p><p>80133 - IVD - Notificação de produto Classe II / 1264110251</p><p>_ _ _ _ _ _ _ _ _ _ _ _</p><p>Medicine Health Solution ltda me / 22.337.493/0001-92</p><p>Cânula Pain Free Articular ou Extra-articular - MORE</p><p>25351.194525/2025-12 / 81431619024</p><p>8030 - MATERIAL - Notificação de Dispositivo Médico Classe II / 1416330259</p><p>_ _ _ _ _ _ _ _ _ _ _ _</p><p>NEW VIDA MEDICAMENTOS E PRODUTOS LTDA / 46.639.820/0001-29</p><p>Claritas NeuroCloud v1.0.0</p><p>25351.162374/2025-25 / 82929310005</p><p>80272 - EQUIPAMENTO - Notificação de Software Médico Classe I ou II / 1204133255</p><p>_ _ _ _ _ _ _ _ _ _ _ _</p><p>NEXO IMPORTADORA LTDA / 60.731.580/0001-19</p><p>KIT DISCLIFT</p><p>25351.195646/2025-73 / 83248889004</p><p>8030 - MATERIAL - Notificação de Dispositivo Médico Classe II / 1422558258</p><p>_ _ _ _ _ _ _ _ _ _ _ _</p><p>NL COMÉRCIO EXTERIOR LTDA / 52.541.273/0001-47</p><p>Analisador de Imunoensaio por Quimioluminescência</p><p>25351.168039/2025-31 / 10230730208</p><p>80133 - IVD - Notificação de produto Classe II / 1237826250</p><p>_ _ _ _ _ _ _ _ _ _ _ _</p><p>Neupharma Distribuicao de Material Medico Hospitalar LTDA / 21.487.927/0001-78</p><p>DISPOSITIVO PARA COLETA DE SANGUE A VACUO</p><p>25351.189894/2025-85 / 81205309007</p><p>8030 - MATERIAL - Notificação de Dispositivo Médico Classe II / 1390075257</p><p>_ _ _ _ _ _ _ _ _ _ _ _</p><p>Nihon Kohden Brasil Importação, Exportação e Comércio de Equipamentos Médicos LTDA / 14.365.637/0001-96</p><p>CoMET</p><p>25351.169257/2025-92 / 80914690049</p><p>80272 - EQUIPAMENTO - Notificação de Software Médico Classe I ou II / 1248806255</p><p>_ _ _ _ _ _ _ _ _ _ _ _</p><p>O-LINKE MEDICAL LTDA. / 40.021.197/0001-60</p><p>Cânula Excisão Óssea Cortante Polimérica</p><p>25351.194500/2025-19 / 82249109018</p><p>8030 - MATERIAL - Notificação de Dispositivo Médico Classe II / 1416246258</p><p>Cânula Excisão Óssea Diamantada Polimérica</p><p>25351.194499/2025-14 / 82249109017</p><p>8030 - MATERIAL - Notificação de Dispositivo Médico Classe II / 1416238255</p><p>_ _ _ _ _ _ _ _ _ _ _ _</p><p>OBL INDUSTRIA E COMERCIO DE PRODUTOS DENTARIOS LTDA / 22.356.567/0001-38</p><p>Mini Ganchos</p><p>25351.192119/2025-15 / 81306319022</p><p>8030 - MATERIAL - Notificação de Dispositivo Médico Classe II / 1401045251</p><p>_ _ _ _ _ _ _ _ _ _ _ _</p><p>ONCORMED PRODUTOS PARA SAÚDE LTDA - ME / 20.088.885/0001-30</p><p>VÁLVULA DE HEIMLICH BIOMETRIX</p><p>25351.193234/2025-07 / 81506649030</p><p>8030 - MATERIAL - Notificação de Dispositivo Médico Classe II / 1406003255</p><p>RESERVATÓRIO DE DRENAGEM PLEURAL PAHSCO</p><p>25351.193239/2025-21 / 81506649031</p><p>8030 - MATERIAL - Notificação de Dispositivo Médico Classe II / 1406015253</p><p>_ _ _ _ _ _ _ _ _ _ _ _</p><p>OPTME IMPORTAÇÃO E EXPORTAÇÃO DE PRODUTOS LTDA - ME / 19.739.452/0001-18</p><p>One Coat Bond SL</p><p>25351.189370/2025-94 / 81118639037</p><p>8030 - MATERIAL - Notificação de Dispositivo Médico Classe II / 1387341251</p><p>ONE COAT 7 Universal</p><p>25351.189426/2025-19 / 81118639038</p><p>8030 - MATERIAL - Notificação de Dispositivo Médico Classe II / 1387515250</p><p>_ _ _ _ _ _ _ _ _ _ _ _</p><p>ORTHOMETRIC - INDÚSTRIA E COMÉRCIO DE PRODUTOS MÉDICOS E ODONTOLÓGICOS LTDA / 07.740.586/0001-70</p><p>CHAVE PARA MINI IMPLANTE - OASYS</p><p>25351.191984/2025-36 / 80328810092</p><p>80193 - MATERIAL - Notificação de Dispositivo Médico Classe I / 1400630258</p><p>_ _ _ _ _ _ _ _ _ _ _ _</p><p>PASSROD IMPORTAÇÃO E EXPORTAÇÃO DE PRODUTOS PARA SAÚDE LTDA - ME / 26.185.222/0001-10</p><p>Cateter de Litotrícia Intravascular (IVL) Periférica Shockwave E8</p><p>25351.178538/2025-36 / 81504799245</p><p>8024 - EQUIPAMENTO - Notificação de Dispositivo Médico Classe II / 1317206258</p><p>FAMÍLIA INSTA Q96® AG</p><p>25351.176252/2025-16 / 81504790522</p><p>8437 - IVD - Notificação de produtos em família Classe II / 1304261255</p><p>_ _ _ _ _ _ _ _ _ _ _ _</p>]]></Texto>
  </body>
  <Midias />
</article></xml>