﻿<xml><article id="46239862" name="resolucao_4364_2025 COAFE" idOficio="11379573" pubName="DO1" artType="Resolução" pubDate="03/11/2025" artClass="00047:00048:00016:00006:00002:00000:00000:00000:00000:00000:00064:34364" artCategory="Ministério da Saúde/Agência Nacional de Vigilância Sanitária/4ª Diretoria/Gerência-Geral de Inspeção e Fiscalização Sanitária/Coordenação de Autorização de Funcionamento de Empresas" artSize="12" artNotes="" numberPage="146" pdfPage="http://pesquisa.in.gov.br/imprensa/jsp/visualiza/index.jsp?data=03/11/2025&amp;jornal=515&amp;pagina=146" editionNumber="209" highlightType="" highlightPriority="" highlight="" highlightimage="" highlightimagename="" idMateria="23277003">
  <body>
    <Identifica><![CDATA[ RESOLUÇÃO-RE Nº 4.364, DE 31 DE OUTUBRO DE 2025]]></Identifica>
    <Data><![CDATA[]]></Data>
    <Ementa />
    <Titulo />
    <SubTitulo />
    <Texto><![CDATA[<p class="identifica">RESOLUÇÃO-RE Nº 4.364, DE 31 DE OUTUBRO DE 2025</p><p>O COORDENADOR DE AUTORIZAÇÃO DE FUNCIONAMENTO DE EMPRESAS DA AGÊNCIA NACIONAL DE VIGILÂNCIA SANITÁRIA, no uso das atribuições que lhe confere o art. 144, aliado ao art. 203, I, §1° do Regimento Interno aprovado pela Resolução da Diretoria Colegiada - RDC n° 585, de 10 de dezembro de 2021, resolve:</p><p>Art. 1º. Cancelar as Autorizações de Funcionamento e Autorizações Especiais constantes no anexo desta Resolução.</p><p>Art. 2º Esta Resolução entra em vigor na data de sua publicação.</p><p class="assina">DANIEL MARCOS PEREIRA DOURADO</p><p class="anexo">ANEXO</p><p>Vitale Comercio S.A. / 07.160.019/0003-06</p><p>25351.346685/2022-01 / 8256235</p><p>877 - AFE - CANCELAMENTO - PRODUTOS PARA SAÚDE / 1444320254</p><p>MOTIVO DO CANCELAMENTO:</p><p>Cancelamento a pedido da empresa.</p><p>--------------------------------------</p><p>APOTHECA FARMACIA AURELIA 2 LTDA / 05.970.692/0001-14</p><p>25351.254330/2021-05 / 7795341</p><p>7044 - AFE - CANCELAMENTO - FARMÁCIAS E DROGARIAS / 1442793252</p><p>MOTIVO DO CANCELAMENTO:</p><p>Cancelamento a pedido da empresa.</p><p>--------------------------------------</p><p>GAIA SOLUÇÕES SUSTENTÁVEIS LTDA / 40.172.701/0001-22</p><p>25351.362293/2021-08 / 4038509</p><p>729 - AFE - CANCELAMENTO - COSMÉTICOS, PERFUMES E PRODUTOS DE HIGIENE / 1441255257</p><p>MOTIVO DO CANCELAMENTO:</p><p>Cancelamento a pedido da empresa.</p><p>--------------------------------------</p><p>RJ TRANSPORTES LTDA / 31.163.787/0001-36</p><p>25351.136746/2019-10 / 1184989</p><p>70809 - AE - CANCELAMENTO - AUTORIZAÇÃO ESPECIAL / 1445560259</p><p>MOTIVO DO CANCELAMENTO:</p><p>Cancelamento a pedido da empresa.</p><p>--------------------------------------</p><p>AMB DISTRIBUIDORA DE MEDICAMENTO E MATERIAIS HOSPITALARES LTDA / 37.885.137/0001-80</p><p>25351.291980/2022-12 / 4048783</p><p>729 - AFE - CANCELAMENTO - COSMÉTICOS, PERFUMES E PRODUTOS DE HIGIENE / 1440691258</p><p>MOTIVO DO CANCELAMENTO:</p><p>Cancelamento a pedido da empresa.</p><p>--------------------------------------</p><p>DROGAL FARMACEUTICA LTDA / 54.375.647/0086-16</p><p>25351.014663/2011-13 / 0761374</p><p>7044 - AFE - CANCELAMENTO - FARMÁCIAS E DROGARIAS / 1443226254</p><p>MOTIVO DO CANCELAMENTO:</p><p>Cancelamento a pedido da empresa.</p><p>--------------------------------------</p><p>AMB DISTRIBUIDORA DE MEDICAMENTO E MATERIAIS HOSPITALARES LTDA / 37.885.137/0001-80</p><p>25351.291664/2022-32 / 3115760</p><p>719 - AFE - CANCELAMENTO - SANEANTES DOMISSANITÁRIOS / 1441243259</p><p>MOTIVO DO CANCELAMENTO:</p><p>Cancelamento a pedido da empresa.</p><p>--------------------------------------</p><p>vitale comercio s.a / 07.160.019/0004-97</p><p>25351.392188/2024-38 / 8298293</p><p>877 - AFE - CANCELAMENTO - PRODUTOS PARA SAÚDE / 1444431251</p><p>MOTIVO DO CANCELAMENTO:</p><p>Cancelamento a pedido da empresa.</p><p>--------------------------------------</p><p>vitale comercio s.a / 07.160.019/0005-78</p><p>25351.393768/2024-42 / 8298643</p><p>877 - AFE - CANCELAMENTO - PRODUTOS PARA SAÚDE / 1444314254</p><p>MOTIVO DO CANCELAMENTO:</p><p>Cancelamento a pedido da empresa.</p><p>--------------------------------------</p><p>MEDICAL TEXTIL HOSPITALAR LTDA / 68.194.497/0001-60</p><p>25351.479341/2011-66 / 8079993</p><p>70574 - AFE/AE - Cancelamento de Ofício / 1485863241</p><p>MOTIVO DO CANCELAMENTO:</p><p>Memorando nº 295/2024/SEI/CPROD/GIPRO/GGFIS/DIRE4/ANVISA e não cumprimento da Notificação de Exigência nº 1485871/24-1.</p><p>--------------------------------------</p><p>K. HELENA RIBEIRO DROGARIA ME / 36.623.862/0001-18</p><p>25351.774130/2020-85 / 7743551</p><p>7044 - AFE - CANCELAMENTO - FARMÁCIAS E DROGARIAS / 1442971258</p><p>MOTIVO DO CANCELAMENTO:</p><p>Cancelamento a pedido da empresa.</p><p>--------------------------------------</p><p>DROGA DARCIE III LTDA EPP / 05.246.751/0001-06</p><p>25351.029603/2003-95 / 0396215</p><p>7044 - AFE - CANCELAMENTO - FARMÁCIAS E DROGARIAS / 1440987254</p><p>MOTIVO DO CANCELAMENTO:</p><p>Cancelamento a pedido da empresa.</p>]]></Texto>
  </body>
  <Midias />
</article></xml>