﻿<xml><article id="46247835" name="3110_DEC_12708_S1_OK_008" idOficio="11379843" pubName="DO1" artType="Decreto numerado" pubDate="03/11/2025" artClass="00005:00000:00000:00000:00000:00000:00000:00000:00000:00000:00021:00000" artCategory="Atos do Poder Executivo" artSize="12" artNotes="" numberPage="13" pdfPage="http://pesquisa.in.gov.br/imprensa/jsp/visualiza/index.jsp?data=03/11/2025&amp;jornal=515&amp;pagina=13" editionNumber="209" highlightType="" highlightPriority="" highlight="" highlightimage="" highlightimagename="" idMateria="23277630">
  <body>
    <Identifica />
    <Data><![CDATA[]]></Data>
    <Ementa />
    <Titulo />
    <SubTitulo />
    <Texto><![CDATA[<p /><p></p><table><tr /><tr><td rowspan="1" colspan="1"><p>DEPARTAMENTO DE PROJETOS E DETERMINANTES AMBIENTAIS DA SAÚDE INDÍGENA</p></td><td rowspan="1" colspan="1"><p>1</p></td><td rowspan="1" colspan="1"><p>Diretor</p></td><td rowspan="1" colspan="1"><p>CCE 1.15</p></td></tr><tr><td rowspan="1" colspan="1"><p>Coordenação-Geral</p></td><td rowspan="1" colspan="1"><p>1</p></td><td rowspan="1" colspan="1"><p>Coordenador-Geral</p></td><td rowspan="1" colspan="1"><p>FCE 1.13</p></td></tr><tr><td rowspan="1" colspan="1"><p>Coordenação</p></td><td rowspan="1" colspan="1"><p>1</p></td><td rowspan="1" colspan="1"><p>Coordenador</p></td><td rowspan="1" colspan="1"><p>FCE 1.11</p></td></tr><tr><td rowspan="1" colspan="1"><p>Coordenação</p></td><td rowspan="1" colspan="1"><p>1</p></td><td rowspan="1" colspan="1"><p>Coordenador</p></td><td rowspan="1" colspan="1"><p>FCE 1.10</p></td></tr><tr><td rowspan="1" colspan="1"><p></p></td><td rowspan="1" colspan="1"><p>1</p></td><td rowspan="1" colspan="1"><p>Assessor Técnico Especializado</p></td><td rowspan="1" colspan="1"><p>FCE 4.07</p></td></tr><tr><td rowspan="1" colspan="1"><p></p></td><td rowspan="1" colspan="1"><p></p></td><td rowspan="1" colspan="1"><p></p></td><td rowspan="1" colspan="1"><p></p></td></tr><tr><td rowspan="1" colspan="1"><p>DEPARTAMENTO DE GESTÃO DA SAÚDE INDÍGENA</p></td><td rowspan="1" colspan="1"><p>1</p></td><td rowspan="1" colspan="1"><p>Diretor</p></td><td rowspan="1" colspan="1"><p>CCE 1.15</p></td></tr><tr><td rowspan="1" colspan="1"><p>Coordenação-Geral</p></td><td rowspan="1" colspan="1"><p>1</p></td><td rowspan="1" colspan="1"><p>Coordenador-Geral</p></td><td rowspan="1" colspan="1"><p>FCE 1.13</p></td></tr><tr><td rowspan="1" colspan="1"><p>Coordenação</p></td><td rowspan="1" colspan="1"><p>2</p></td><td rowspan="1" colspan="1"><p>Coordenador</p></td><td rowspan="1" colspan="1"><p>FCE 1.10</p></td></tr><tr><td rowspan="1" colspan="1"><p>Serviço</p></td><td rowspan="1" colspan="1"><p>1</p></td><td rowspan="1" colspan="1"><p>Chefe</p></td><td rowspan="1" colspan="1"><p>FCE 1.06</p></td></tr><tr><td rowspan="1" colspan="1"><p></p></td><td rowspan="1" colspan="1"><p></p></td><td rowspan="1" colspan="1"><p></p></td><td rowspan="1" colspan="1"><p></p></td></tr><tr><td rowspan="1" colspan="1"><p>SECRETARIA DE GESTÃO DO TRABALHO E DA EDUCAÇÃO NA SAÚDE</p></td><td rowspan="1" colspan="1"><p>1</p></td><td rowspan="1" colspan="1"><p>Secretário</p></td><td rowspan="1" colspan="1"><p>CCE 1.17</p></td></tr><tr><td rowspan="1" colspan="1"><p></p></td><td rowspan="1" colspan="1"><p>1</p></td><td rowspan="1" colspan="1"><p>Secretário Adjunto</p></td><td rowspan="1" colspan="1"><p>CCE 1.16</p></td></tr><tr><td rowspan="1" colspan="1"><p></p></td><td rowspan="1" colspan="1"><p>1</p></td><td rowspan="1" colspan="1"><p>Diretor de Programa</p></td><td rowspan="1" colspan="1"><p>FCE 3.15</p></td></tr><tr><td rowspan="1" colspan="1"><p>Gabinete</p></td><td rowspan="1" colspan="1"><p>1</p></td><td rowspan="1" colspan="1"><p>Chefe de Gabinete</p></td><td rowspan="1" colspan="1"><p>CCE 1.13</p></td></tr><tr><td rowspan="1" colspan="1"><p>Coordenação-Geral</p></td><td rowspan="1" colspan="1"><p>1</p></td><td rowspan="1" colspan="1"><p>Coordenador-Geral</p></td><td rowspan="1" colspan="1"><p>CCE 1.13</p></td></tr><tr><td rowspan="1" colspan="1"><p>Coordenação-Geral</p></td><td rowspan="1" colspan="1"><p>2</p></td><td rowspan="1" colspan="1"><p>Coordenador-Geral</p></td><td rowspan="1" colspan="1"><p>FCE 1.13</p></td></tr><tr><td rowspan="1" colspan="1"><p></p></td><td rowspan="1" colspan="1"><p>1</p></td><td rowspan="1" colspan="1"><p>Assessor</p></td><td rowspan="1" colspan="1"><p>CCE 2.13</p></td></tr><tr><td rowspan="1" colspan="1"><p></p></td><td rowspan="1" colspan="1"><p>1</p></td><td rowspan="1" colspan="1"><p>Assessor</p></td><td rowspan="1" colspan="1"><p>FCE 2.13</p></td></tr><tr><td rowspan="1" colspan="1"><p></p></td><td rowspan="1" colspan="1"><p>1</p></td><td rowspan="1" colspan="1"><p>Gerente de Projeto</p></td><td rowspan="1" colspan="1"><p>CCE 3.13</p></td></tr><tr><td rowspan="1" colspan="1"><p>Coordenação</p></td><td rowspan="1" colspan="1"><p>1</p></td><td rowspan="1" colspan="1"><p>Coordenador</p></td><td rowspan="1" colspan="1"><p>FCE 1.12</p></td></tr><tr><td rowspan="1" colspan="1"><p>Coordenação</p></td><td rowspan="1" colspan="1"><p>3</p></td><td rowspan="1" colspan="1"><p>Coordenador</p></td><td rowspan="1" colspan="1"><p>FCE 1.10</p></td></tr><tr><td rowspan="1" colspan="1"><p></p></td><td rowspan="1" colspan="1"><p>1</p></td><td rowspan="1" colspan="1"><p>Assessor Técnico Especializado</p></td><td rowspan="1" colspan="1"><p>FCE 4.03</p></td></tr><tr><td rowspan="1" colspan="1"><p></p></td><td rowspan="1" colspan="1"><p></p></td><td rowspan="1" colspan="1"><p></p></td><td rowspan="1" colspan="1"><p></p></td></tr><tr><td rowspan="1" colspan="1"><p>DEPARTAMENTO DE GESTÃO DA EDUCAÇÃO NA SAÚDE</p></td><td rowspan="1" colspan="1"><p>1</p></td><td rowspan="1" colspan="1"><p>Diretor</p></td><td rowspan="1" colspan="1"><p>CCE 1.15</p></td></tr><tr><td rowspan="1" colspan="1"><p>Coordenação-Geral</p></td><td rowspan="1" colspan="1"><p>3</p></td><td rowspan="1" colspan="1"><p>Coordenador-Geral</p></td><td rowspan="1" colspan="1"><p>FCE 1.13</p></td></tr><tr><td rowspan="1" colspan="1"><p></p></td><td rowspan="1" colspan="1"><p>1</p></td><td rowspan="1" colspan="1"><p>Assessor Técnico Especializado</p></td><td rowspan="1" colspan="1"><p>FCE 4.11</p></td></tr><tr><td rowspan="1" colspan="1"><p>Coordenação</p></td><td rowspan="1" colspan="1"><p>1</p></td><td rowspan="1" colspan="1"><p>Coordenador</p></td><td rowspan="1" colspan="1"><p>FCE 1.10</p></td></tr><tr><td rowspan="1" colspan="1"><p></p></td><td rowspan="1" colspan="1"><p>3</p></td><td rowspan="1" colspan="1"><p>Assessor Técnico Especializado</p></td><td rowspan="1" colspan="1"><p>FCE 4.08</p></td></tr><tr><td rowspan="1" colspan="1"><p></p></td><td rowspan="1" colspan="1"><p>2</p></td><td rowspan="1" colspan="1"><p>Assessor Técnico Especializado</p></td><td rowspan="1" colspan="1"><p>FCE 4.04</p></td></tr><tr><td rowspan="1" colspan="1"><p></p></td><td rowspan="1" colspan="1"><p></p></td><td rowspan="1" colspan="1"><p></p></td><td rowspan="1" colspan="1"><p></p></td></tr><tr><td rowspan="1" colspan="1"><p>DEPARTAMENTO DE GESTÃO E REGULAÇÃO DO TRABALHO NA SAÚDE</p></td><td rowspan="1" colspan="1"><p>1</p></td><td rowspan="1" colspan="1"><p>Diretor</p></td><td rowspan="1" colspan="1"><p>CCE 1.15</p></td></tr><tr><td rowspan="1" colspan="1"><p>Coordenação-Geral</p></td><td rowspan="1" colspan="1"><p>1</p></td><td rowspan="1" colspan="1"><p>Coordenador-Geral</p></td><td rowspan="1" colspan="1"><p>CCE 1.13</p></td></tr><tr><td rowspan="1" colspan="1"><p>Coordenação-Geral</p></td><td rowspan="1" colspan="1"><p>2</p></td><td rowspan="1" colspan="1"><p>Coordenador-Geral</p></td><td rowspan="1" colspan="1"><p>FCE 1.13</p></td></tr><tr><td rowspan="1" colspan="1"><p>Coordenação</p></td><td rowspan="1" colspan="1"><p>1</p></td><td rowspan="1" colspan="1"><p>Coordenador</p></td><td rowspan="1" colspan="1"><p>FCE 1.11</p></td></tr><tr><td rowspan="1" colspan="1"><p></p></td><td rowspan="1" colspan="1"><p>1</p></td><td rowspan="1" colspan="1"><p>Assessor Técnico Especializado</p></td><td rowspan="1" colspan="1"><p>FCE 4.11</p></td></tr><tr><td rowspan="1" colspan="1"><p>Coordenação</p></td><td rowspan="1" colspan="1"><p>1</p></td><td rowspan="1" colspan="1"><p>Coordenador</p></td><td rowspan="1" colspan="1"><p>CCE 1.10</p></td></tr><tr><td rowspan="1" colspan="1"><p>Coordenação</p></td><td rowspan="1" colspan="1"><p>4</p></td><td rowspan="1" colspan="1"><p>Coordenador</p></td><td rowspan="1" colspan="1"><p>FCE 1.10</p></td></tr><tr><td rowspan="1" colspan="1"><p></p></td><td rowspan="1" colspan="1"><p>1</p></td><td rowspan="1" colspan="1"><p>Assistente</p></td><td rowspan="1" colspan="1"><p>CCE 2.08</p></td></tr><tr><td rowspan="1" colspan="1"><p></p></td><td rowspan="1" colspan="1"><p>1</p></td><td rowspan="1" colspan="1"><p>Assessor Técnico Especializado</p></td><td rowspan="1" colspan="1"><p>FCE 4.08</p></td></tr><tr><td rowspan="1" colspan="1"><p></p></td><td rowspan="1" colspan="1"><p>2</p></td><td rowspan="1" colspan="1"><p>Assessor Técnico Especializado</p></td><td rowspan="1" colspan="1"><p>FCE 4.04</p></td></tr><tr><td rowspan="1" colspan="1"><p></p></td><td rowspan="1" colspan="1"><p></p></td><td rowspan="1" colspan="1"><p></p></td><td rowspan="1" colspan="1"><p></p></td></tr><tr><td rowspan="1" colspan="1"><p>DEPARTAMENTO DE GESTÃO E PROVIMENTO PROFISSIONAL PARA O SUS</p></td><td rowspan="1" colspan="1"><p>1</p></td><td rowspan="1" colspan="1"><p>Diretor</p></td><td rowspan="1" colspan="1"><p>CCE 1.15</p></td></tr><tr><td rowspan="1" colspan="1"><p>Coordenação-Geral</p></td><td rowspan="1" colspan="1"><p>3</p></td><td rowspan="1" colspan="1"><p>Coordenador-Geral</p></td><td rowspan="1" colspan="1"><p>CCE 1.13</p></td></tr><tr><td rowspan="1" colspan="1"><p></p></td><td rowspan="1" colspan="1"><p>1</p></td><td rowspan="1" colspan="1"><p>Assessor</p></td><td rowspan="1" colspan="1"><p>FCE 2.13</p></td></tr><tr><td rowspan="1" colspan="1"><p></p></td><td rowspan="1" colspan="1"><p>1</p></td><td rowspan="1" colspan="1"><p>Assessor Técnico Especializado</p></td><td rowspan="1" colspan="1"><p>FCE 4.10</p></td></tr><tr><td rowspan="1" colspan="1"><p>Serviço</p></td><td rowspan="1" colspan="1"><p>1</p></td><td rowspan="1" colspan="1"><p>Chefe</p></td><td rowspan="1" colspan="1"><p>FCE 1.05</p></td></tr><tr><td rowspan="1" colspan="1"><p></p></td><td rowspan="1" colspan="1"><p></p></td><td rowspan="1" colspan="1"><p></p></td><td rowspan="1" colspan="1"><p></p></td></tr><tr><td rowspan="1" colspan="1"><p>SECRETARIA DE INFORMAÇÃO E SAÚDE DIGITAL</p></td><td rowspan="1" colspan="1"><p>1</p></td><td rowspan="1" colspan="1"><p>Secretário</p></td><td rowspan="1" colspan="1"><p>CCE 1.17</p></td></tr><tr><td rowspan="1" colspan="1"><p></p></td><td rowspan="1" colspan="1"><p>1</p></td><td rowspan="1" colspan="1"><p>Secretário Adjunto</p></td><td rowspan="1" colspan="1"><p>FCE 1.16</p></td></tr><tr><td rowspan="1" colspan="1"><p>Coordenação-Geral</p></td><td rowspan="1" colspan="1"><p>1</p></td><td rowspan="1" colspan="1"><p>Coordenador-Geral</p></td><td rowspan="1" colspan="1"><p>FCE 1.14</p></td></tr><tr><td rowspan="1" colspan="1"><p>Gabinete</p></td><td rowspan="1" colspan="1"><p>1</p></td><td rowspan="1" colspan="1"><p>Chefe de Gabinete</p></td><td rowspan="1" colspan="1"><p>CCE 1.13</p></td></tr><tr><td rowspan="1" colspan="1"><p>Coordenação-Geral</p></td><td rowspan="1" colspan="1"><p>1</p></td><td rowspan="1" colspan="1"><p>Coordenador-Geral</p></td><td rowspan="1" colspan="1"><p>CCE 1.13</p></td></tr><tr><td rowspan="1" colspan="1"><p>Coordenação-Geral</p></td><td rowspan="1" colspan="1"><p>1</p></td><td rowspan="1" colspan="1"><p>Coordenador-Geral</p></td><td rowspan="1" colspan="1"><p>FCE 1.13</p></td></tr><tr><td rowspan="1" colspan="1"><p></p></td><td rowspan="1" colspan="1"><p>1</p></td><td rowspan="1" colspan="1"><p>Assessor</p></td><td rowspan="1" colspan="1"><p>CCE 2.13</p></td></tr><tr><td rowspan="1" colspan="1"><p></p></td><td rowspan="1" colspan="1"><p>1</p></td><td rowspan="1" colspan="1"><p>Assessor</p></td><td rowspan="1" colspan="1"><p>FCE 2.13</p></td></tr><tr><td rowspan="1" colspan="1"><p>Coordenação</p></td><td rowspan="1" colspan="1"><p>1</p></td><td rowspan="1" colspan="1"><p>Coordenador</p></td><td rowspan="1" colspan="1"><p>FCE 1.12</p></td></tr><tr><td rowspan="1" colspan="1"><p>Coordenação</p></td><td rowspan="1" colspan="1"><p>2</p></td><td rowspan="1" colspan="1"><p>Coordenador</p></td><td rowspan="1" colspan="1"><p>FCE 1.10</p></td></tr><tr><td rowspan="1" colspan="1"><p></p></td><td rowspan="1" colspan="1"><p>1</p></td><td rowspan="1" colspan="1"><p>Assessor Técnico Especializado</p></td><td rowspan="1" colspan="1"><p>FCE 4.09</p></td></tr><tr><td rowspan="1" colspan="1"><p></p></td><td rowspan="1" colspan="1"><p></p></td><td rowspan="1" colspan="1"><p></p></td><td rowspan="1" colspan="1"><p></p></td></tr><tr><td rowspan="1" colspan="1"><p>DEPARTAMENTO DE SAÚDE DIGITAL E INOVAÇÃO</p></td><td rowspan="1" colspan="1"><p>1</p></td><td rowspan="1" colspan="1"><p>Diretor</p></td><td rowspan="1" colspan="1"><p>CCE 1.16</p></td></tr><tr><td rowspan="1" colspan="1"><p>Coordenação-Geral</p></td><td rowspan="1" colspan="1"><p>1</p></td><td rowspan="1" colspan="1"><p>Coordenador-Geral</p></td><td rowspan="1" colspan="1"><p>CCE 1.13</p></td></tr><tr><td rowspan="1" colspan="1"><p>Coordenação-Geral</p></td><td rowspan="1" colspan="1"><p>1</p></td><td rowspan="1" colspan="1"><p>Coordenador-Geral</p></td><td rowspan="1" colspan="1"><p>FCE 1.13</p></td></tr><tr><td rowspan="1" colspan="1"><p></p></td><td rowspan="1" colspan="1"><p>1</p></td><td rowspan="1" colspan="1"><p>Assessor Técnico</p></td><td rowspan="1" colspan="1"><p>FCE 2.10</p></td></tr><tr><td rowspan="1" colspan="1"><p></p></td><td rowspan="1" colspan="1"><p></p></td><td rowspan="1" colspan="1"><p></p></td><td rowspan="1" colspan="1"><p></p></td></tr><tr><td rowspan="1" colspan="1"><p>DEPARTAMENTO DE INFORMAÇÃO E INFORMÁTICA DO SISTEMA ÚNICO DE SAÚDE</p></td><td rowspan="1" colspan="1"><p>1</p></td><td rowspan="1" colspan="1"><p>Diretor</p></td><td rowspan="1" colspan="1"><p>FCE 1.16</p></td></tr><tr><td rowspan="1" colspan="1"><p>Coordenação-Geral</p></td><td rowspan="1" colspan="1"><p>6</p></td><td rowspan="1" colspan="1"><p>Coordenador-Geral</p></td><td rowspan="1" colspan="1"><p>FCE 1.13</p></td></tr><tr><td rowspan="1" colspan="1"><p>Coordenação</p></td><td rowspan="1" colspan="1"><p>11</p></td><td rowspan="1" colspan="1"><p>Coordenador</p></td><td rowspan="1" colspan="1"><p>FCE 1.11</p></td></tr><tr><td rowspan="1" colspan="1"><p></p></td><td rowspan="1" colspan="1"><p>1</p></td><td rowspan="1" colspan="1"><p>Coordenador de Projeto</p></td><td rowspan="1" colspan="1"><p>FCE 3.10</p></td></tr><tr><td rowspan="1" colspan="1"><p>Divisão</p></td><td rowspan="1" colspan="1"><p>9</p></td><td rowspan="1" colspan="1"><p>Chefe</p></td><td rowspan="1" colspan="1"><p>FCE 1.07</p></td></tr><tr><td rowspan="1" colspan="1"><p></p></td><td rowspan="1" colspan="1"><p>1</p></td><td rowspan="1" colspan="1"><p>Assessor Técnico Especializado</p></td><td rowspan="1" colspan="1"><p>FCE 4.07</p></td></tr><tr><td rowspan="1" colspan="1"><p></p></td><td rowspan="1" colspan="1"><p>2</p></td><td rowspan="1" colspan="1"><p>Assessor Técnico Especializado</p></td><td rowspan="1" colspan="1"><p>FCE 4.06</p></td></tr><tr><td rowspan="1" colspan="1"><p></p></td><td rowspan="1" colspan="1"><p>7</p></td><td rowspan="1" colspan="1"><p>Assessor Técnico Especializado</p></td><td rowspan="1" colspan="1"><p>FCE 4.05</p></td></tr><tr><td rowspan="1" colspan="1"><p></p></td><td rowspan="1" colspan="1"><p>5</p></td><td rowspan="1" colspan="1"><p>Assessor Técnico Especializado</p></td><td rowspan="1" colspan="1"><p>FCE 4.04</p></td></tr><tr><td rowspan="1" colspan="1"><p></p></td><td rowspan="1" colspan="1"><p>5</p></td><td rowspan="1" colspan="1"><p>Assessor Técnico Especializado</p></td><td rowspan="1" colspan="1"><p>FCE 4.03</p></td></tr><tr><td rowspan="1" colspan="1"><p></p></td><td rowspan="1" colspan="1"><p></p></td><td rowspan="1" colspan="1"><p></p></td><td rowspan="1" colspan="1"><p></p></td></tr><tr><td rowspan="1" colspan="1"><p>DEPARTAMENTO DE MONITORAMENTO, AVALIAÇÃO E DISSEMINAÇÃO DE INFORMAÇÕES ESTRATÉGICAS EM SAÚDE</p></td><td rowspan="1" colspan="1"><p>1</p></td><td rowspan="1" colspan="1"><p>Diretor</p></td><td rowspan="1" colspan="1"><p>FCE 1.16</p></td></tr><tr><td rowspan="1" colspan="1"><p>Coordenação-Geral</p></td><td rowspan="1" colspan="1"><p>3</p></td><td rowspan="1" colspan="1"><p>Coordenador-Geral</p></td><td rowspan="1" colspan="1"><p>FCE 1.13</p></td></tr><tr><td rowspan="1" colspan="1"><p></p></td><td rowspan="1" colspan="1"><p>1</p></td><td rowspan="1" colspan="1"><p>Coordenador de Projeto</p></td><td rowspan="1" colspan="1"><p>FCE 3.12</p></td></tr><tr><td rowspan="1" colspan="1"><p>Coordenação</p></td><td rowspan="1" colspan="1"><p>3</p></td><td rowspan="1" colspan="1"><p>Coordenador</p></td><td rowspan="1" colspan="1"><p>FCE 1.11</p></td></tr><tr><td rowspan="1" colspan="1"><p></p></td><td rowspan="1" colspan="1"><p>1</p></td><td rowspan="1" colspan="1"><p>Assessor Técnico Especializado</p></td><td rowspan="1" colspan="1"><p>FCE 4.09</p></td></tr><tr><td rowspan="1" colspan="1"><p></p></td><td rowspan="1" colspan="1"><p>1</p></td><td rowspan="1" colspan="1"><p>Assessor Técnico Especializado</p></td><td rowspan="1" colspan="1"><p>FCE 4.07</p></td></tr><tr><td rowspan="1" colspan="1"><p></p></td><td rowspan="1" colspan="1"><p>1</p></td><td rowspan="1" colspan="1"><p>Assessor Técnico Especializado</p></td><td rowspan="1" colspan="1"><p>FCE 4.04</p></td></tr><tr><td rowspan="1" colspan="1"><p></p></td><td rowspan="1" colspan="1"><p></p></td><td rowspan="1" colspan="1"><p></p></td><td rowspan="1" colspan="1"><p></p></td></tr><tr><td rowspan="1" colspan="1"><p>SUPERINTENDÊNCIAS DO MINISTÉRIO DA SAÚDE</p></td><td rowspan="1" colspan="1"><p>26</p></td><td rowspan="1" colspan="1"><p>Superintendente</p></td><td rowspan="1" colspan="1"><p>CCE 1.13</p></td></tr><tr><td rowspan="1" colspan="1"><p>Coordenação</p></td><td rowspan="1" colspan="1"><p>6</p></td><td rowspan="1" colspan="1"><p>Coordenador</p></td><td rowspan="1" colspan="1"><p>FCE 1.10</p></td></tr><tr><td rowspan="1" colspan="1"><p>Divisão</p></td><td rowspan="1" colspan="1"><p>26</p></td><td rowspan="1" colspan="1"><p>Chefe</p></td><td rowspan="1" colspan="1"><p>FCE 1.07</p></td></tr><tr><td rowspan="1" colspan="1"><p>Serviço</p></td><td rowspan="1" colspan="1"><p>78</p></td><td rowspan="1" colspan="1"><p>Chefe</p></td><td rowspan="1" colspan="1"><p>FCE 1.05</p></td></tr><tr><td rowspan="1" colspan="1"><p>Seção</p></td><td rowspan="1" colspan="1"><p>1</p></td><td rowspan="1" colspan="1"><p>Chefe</p></td><td rowspan="1" colspan="1"><p>FCE 1.04</p></td></tr><tr><td rowspan="1" colspan="1"><p></p></td><td rowspan="1" colspan="1"><p>26</p></td><td rowspan="1" colspan="1"><p>Assessor Técnico Especializado</p></td><td rowspan="1" colspan="1"><p>FCE 4.02</p></td></tr><tr><td rowspan="1" colspan="1"><p></p></td><td rowspan="1" colspan="1"><p></p></td><td rowspan="1" colspan="1"><p></p></td><td rowspan="1" colspan="1"><p></p></td></tr><tr><td rowspan="1" colspan="1"><p>DEPARTAMENTO DE GESTÃO HOSPITALAR NO ESTADO DO RIO DE JANEIRO</p></td><td rowspan="1" colspan="1"><p>1</p></td><td rowspan="1" colspan="1"><p>Diretor</p></td><td rowspan="1" colspan="1"><p>CCE 1.15</p></td></tr><tr><td rowspan="1" colspan="1"><p>Hospital Federal</p></td><td rowspan="1" colspan="1"><p>2</p></td><td rowspan="1" colspan="1"><p>Diretor</p></td><td rowspan="1" colspan="1"><p>CCE 1.13</p></td></tr><tr><td rowspan="1" colspan="1"><p>Coordenação-Geral</p></td><td rowspan="1" colspan="1"><p>2</p></td><td rowspan="1" colspan="1"><p>Coordenador-Geral</p></td><td rowspan="1" colspan="1"><p>CCE 1.13</p></td></tr><tr><td rowspan="1" colspan="1"><p>Hospital Federal</p></td><td rowspan="1" colspan="1"><p>4</p></td><td rowspan="1" colspan="1"><p>Diretor</p></td><td rowspan="1" colspan="1"><p>FCE 1.13</p></td></tr><tr><td rowspan="1" colspan="1"><p>Coordenação-Geral</p></td><td rowspan="1" colspan="1"><p>1</p></td><td rowspan="1" colspan="1"><p>Coordenador-Geral</p></td><td rowspan="1" colspan="1"><p>FCE 1.13</p></td></tr><tr><td rowspan="1" colspan="1"><p>Coordenação</p></td><td rowspan="1" colspan="1"><p>7</p></td><td rowspan="1" colspan="1"><p>Coordenador</p></td><td rowspan="1" colspan="1"><p>CCE 1.10</p></td></tr><tr><td rowspan="1" colspan="1"><p>Coordenação</p></td><td rowspan="1" colspan="1"><p>8</p></td><td rowspan="1" colspan="1"><p>Coordenador</p></td><td rowspan="1" colspan="1"><p>FCE 1.10</p></td></tr><tr><td rowspan="1" colspan="1"><p></p></td><td rowspan="1" colspan="1"><p>1</p></td><td rowspan="1" colspan="1"><p>Assessor Técnico Especializado</p></td><td rowspan="1" colspan="1"><p>FCE 4.10</p></td></tr><tr><td rowspan="1" colspan="1"><p>Divisão</p></td><td rowspan="1" colspan="1"><p>25</p></td><td rowspan="1" colspan="1"><p>Chefe</p></td><td rowspan="1" colspan="1"><p>FCE 1.07</p></td></tr><tr><td rowspan="1" colspan="1"><p></p></td><td rowspan="1" colspan="1"><p>3</p></td><td rowspan="1" colspan="1"><p>Assessor Técnico Especializado</p></td><td rowspan="1" colspan="1"><p>FCE 4.06</p></td></tr><tr><td rowspan="1" colspan="1"><p>Serviço</p></td><td rowspan="1" colspan="1"><p>22</p></td><td rowspan="1" colspan="1"><p>Chefe</p></td><td rowspan="1" colspan="1"><p>FCE 1.05</p></td></tr><tr><td rowspan="1" colspan="1"><p></p></td><td rowspan="1" colspan="1"><p>5</p></td><td rowspan="1" colspan="1"><p>Assessor Técnico Especializado</p></td><td rowspan="1" colspan="1"><p>FCE 4.05</p></td></tr><tr><td rowspan="1" colspan="1"><p></p></td><td rowspan="1" colspan="1"><p>19</p></td><td rowspan="1" colspan="1"><p>Assessor Técnico Especializado</p></td><td rowspan="1" colspan="1"><p>FCE 4.04</p></td></tr><tr><td rowspan="1" colspan="1"><p></p></td><td rowspan="1" colspan="1"><p>19</p></td><td rowspan="1" colspan="1"><p>Assessor Técnico Especializado</p></td><td rowspan="1" colspan="1"><p>FCE 4.03</p></td></tr><tr><td rowspan="1" colspan="1"><p>Setor</p></td><td rowspan="1" colspan="1"><p>6</p></td><td rowspan="1" colspan="1"><p>Chefe</p></td><td rowspan="1" colspan="1"><p>FCE 1.02</p></td></tr><tr><td rowspan="1" colspan="1"><p></p></td><td rowspan="1" colspan="1"><p></p></td><td rowspan="1" colspan="1"><p></p></td><td rowspan="1" colspan="1"><p></p></td></tr><tr><td rowspan="1" colspan="1"><p>INSTITUTO NACIONAL DE CARDIOLOGIA</p></td><td rowspan="1" colspan="1"><p>1</p></td><td rowspan="1" colspan="1"><p>Diretor</p></td><td rowspan="1" colspan="1"><p>CCE 1.15</p></td></tr><tr><td rowspan="1" colspan="1"><p>Coordenação</p></td><td rowspan="1" colspan="1"><p>4</p></td><td rowspan="1" colspan="1"><p>Coordenador</p></td><td rowspan="1" colspan="1"><p>CCE 1.10</p></td></tr><tr><td rowspan="1" colspan="1"><p>Divisão</p></td><td rowspan="1" colspan="1"><p>9</p></td><td rowspan="1" colspan="1"><p>Chefe</p></td><td rowspan="1" colspan="1"><p>FCE 1.07</p></td></tr><tr><td rowspan="1" colspan="1"><p>Serviço</p></td><td rowspan="1" colspan="1"><p>2</p></td><td rowspan="1" colspan="1"><p>Chefe</p></td><td rowspan="1" colspan="1"><p>FCE 1.06</p></td></tr><tr><td rowspan="1" colspan="1"><p>Serviço</p></td><td rowspan="1" colspan="1"><p>4</p></td><td rowspan="1" colspan="1"><p>Chefe</p></td><td rowspan="1" colspan="1"><p>FCE 1.05</p></td></tr><tr><td rowspan="1" colspan="1"><p></p></td><td rowspan="1" colspan="1"><p>2</p></td><td rowspan="1" colspan="1"><p>Assessor Técnico Especializado</p></td><td rowspan="1" colspan="1"><p>FCE 4.05</p></td></tr><tr><td rowspan="1" colspan="1"><p></p></td><td rowspan="1" colspan="1"><p>5</p></td><td rowspan="1" colspan="1"><p>Assessor Técnico Especializado</p></td><td rowspan="1" colspan="1"><p>FCE 4.04</p></td></tr><tr><td rowspan="1" colspan="1"><p>Seção</p></td><td rowspan="1" colspan="1"><p>1</p></td><td rowspan="1" colspan="1"><p>Chefe</p></td><td rowspan="1" colspan="1"><p>FCE 1.03</p></td></tr><tr><td rowspan="1" colspan="1"><p></p></td><td rowspan="1" colspan="1"><p>43</p></td><td rowspan="1" colspan="1"><p>Assessor Técnico Especializado</p></td><td rowspan="1" colspan="1"><p>FCE 4.03</p></td></tr><tr><td rowspan="1" colspan="1"><p></p></td><td rowspan="1" colspan="1"><p></p></td><td rowspan="1" colspan="1"><p></p></td><td rowspan="1" colspan="1"><p></p></td></tr><tr><td rowspan="1" colspan="1"><p>INSTITUTO NACIONAL DE TRAUMATOLOGIA E ORTOPEDIA</p></td><td rowspan="1" colspan="1"><p>1</p></td><td rowspan="1" colspan="1"><p>Diretor</p></td><td rowspan="1" colspan="1"><p>CCE 1.15</p></td></tr><tr><td rowspan="1" colspan="1"><p>Coordenação</p></td><td rowspan="1" colspan="1"><p>2</p></td><td rowspan="1" colspan="1"><p>Coordenador</p></td><td rowspan="1" colspan="1"><p>CCE 1.11</p></td></tr><tr><td rowspan="1" colspan="1"><p>Coordenação</p></td><td rowspan="1" colspan="1"><p>4</p></td><td rowspan="1" colspan="1"><p>Coordenador</p></td><td rowspan="1" colspan="1"><p>FCE 1.11</p></td></tr><tr><td rowspan="1" colspan="1"><p></p></td><td rowspan="1" colspan="1"><p>1</p></td><td rowspan="1" colspan="1"><p>Assessor Técnico Especializado</p></td><td rowspan="1" colspan="1"><p>FCE 4.11</p></td></tr><tr><td rowspan="1" colspan="1"><p>Divisão</p></td><td rowspan="1" colspan="1"><p>5</p></td><td rowspan="1" colspan="1"><p>Chefe</p></td><td rowspan="1" colspan="1"><p>FCE 1.09</p></td></tr><tr><td rowspan="1" colspan="1"><p>Divisão</p></td><td rowspan="1" colspan="1"><p>8</p></td><td rowspan="1" colspan="1"><p>Chefe</p></td><td rowspan="1" colspan="1"><p>FCE 1.07</p></td></tr><tr><td rowspan="1" colspan="1"><p>Serviço</p></td><td rowspan="1" colspan="1"><p>1</p></td><td rowspan="1" colspan="1"><p>Chefe</p></td><td rowspan="1" colspan="1"><p>FCE 1.05</p></td></tr><tr><td rowspan="1" colspan="1"><p></p></td><td rowspan="1" colspan="1"><p>27</p></td><td rowspan="1" colspan="1"><p>Assessor Técnico Especializado</p></td><td rowspan="1" colspan="1"><p>FCE 4.04</p></td></tr><tr><td rowspan="1" colspan="1"><p></p></td><td rowspan="1" colspan="1"><p></p></td><td rowspan="1" colspan="1"><p></p></td><td rowspan="1" colspan="1"><p></p></td></tr><tr><td rowspan="1" colspan="1"><p>INSTITUTO NACIONAL DE CÂNCER</p></td><td rowspan="1" colspan="1"><p>1</p></td><td rowspan="1" colspan="1"><p>Diretor</p></td><td rowspan="1" colspan="1"><p>CCE 1.15</p></td></tr><tr><td rowspan="1" colspan="1"><p>Coordenação</p></td><td rowspan="1" colspan="1"><p>2</p></td><td rowspan="1" colspan="1"><p>Coordenador</p></td><td rowspan="1" colspan="1"><p>FCE 1.11</p></td></tr><tr><td rowspan="1" colspan="1"><p>Gabinete</p></td><td rowspan="1" colspan="1"><p>1</p></td><td rowspan="1" colspan="1"><p>Chefe de Gabinete</p></td><td rowspan="1" colspan="1"><p>FCE 1.10</p></td></tr><tr><td rowspan="1" colspan="1"><p>Coordenação</p></td><td rowspan="1" colspan="1"><p>4</p></td><td rowspan="1" colspan="1"><p>Coordenador</p></td><td rowspan="1" colspan="1"><p>FCE 1.10</p></td></tr><tr><td rowspan="1" colspan="1"><p>Hospital</p></td><td rowspan="1" colspan="1"><p>4</p></td><td rowspan="1" colspan="1"><p>Diretor</p></td><td rowspan="1" colspan="1"><p>FCE 1.10</p></td></tr><tr><td rowspan="1" colspan="1"><p></p></td><td rowspan="1" colspan="1"><p>1</p></td><td rowspan="1" colspan="1"><p>Assessor Técnico</p></td><td rowspan="1" colspan="1"><p>CCE 2.10</p></td></tr><tr><td rowspan="1" colspan="1"><p>Divisão</p></td><td rowspan="1" colspan="1"><p>33</p></td><td rowspan="1" colspan="1"><p>Chefe</p></td><td rowspan="1" colspan="1"><p>FCE 1.07</p></td></tr><tr><td rowspan="1" colspan="1"><p>Centro</p></td><td rowspan="1" colspan="1"><p>1</p></td><td rowspan="1" colspan="1"><p>Chefe</p></td><td rowspan="1" colspan="1"><p>FCE 1.07</p></td></tr><tr><td rowspan="1" colspan="1"><p></p></td><td rowspan="1" colspan="1"><p>2</p></td><td rowspan="1" colspan="1"><p>Assessor Técnico Especializado</p></td><td rowspan="1" colspan="1"><p>FCE 4.07</p></td></tr><tr><td rowspan="1" colspan="1"><p>Serviço</p></td><td rowspan="1" colspan="1"><p>34</p></td><td rowspan="1" colspan="1"><p>Chefe</p></td><td rowspan="1" colspan="1"><p>FCE 1.05</p></td></tr><tr><td rowspan="1" colspan="1"><p>Setor</p></td><td rowspan="1" colspan="1"><p>45</p></td><td rowspan="1" colspan="1"><p>Chefe</p></td><td rowspan="1" colspan="1"><p>FCE 1.02</p></td></tr><tr><td rowspan="1" colspan="1"><p></p></td><td rowspan="1" colspan="1"><p></p></td><td rowspan="1" colspan="1"><p></p></td><td rowspan="1" colspan="1"><p></p></td></tr><tr><td rowspan="1" colspan="1"><p>INSTITUTO EVANDRO CHAGAS</p></td><td rowspan="1" colspan="1"><p>1</p></td><td rowspan="1" colspan="1"><p>Diretor</p></td><td rowspan="1" colspan="1"><p>FCE 1.13</p></td></tr><tr><td rowspan="1" colspan="1"><p></p></td><td rowspan="1" colspan="1"><p>1</p></td><td rowspan="1" colspan="1"><p>Assessor Técnico</p></td><td rowspan="1" colspan="1"><p>FCE 2.10</p></td></tr><tr><td rowspan="1" colspan="1"><p>Serviço</p></td><td rowspan="1" colspan="1"><p>3</p></td><td rowspan="1" colspan="1"><p>Chefe</p></td><td rowspan="1" colspan="1"><p>FCE 1.05</p></td></tr><tr><td rowspan="1" colspan="1"><p>Seção</p></td><td rowspan="1" colspan="1"><p>15</p></td><td rowspan="1" colspan="1"><p>Chefe</p></td><td rowspan="1" colspan="1"><p>FCE 1.03</p></td></tr><tr><td rowspan="1" colspan="1"><p></p></td><td rowspan="1" colspan="1"><p>4</p></td><td rowspan="1" colspan="1"><p>Assessor Técnico Especializado</p></td><td rowspan="1" colspan="1"><p>FCE 4.03</p></td></tr><tr><td rowspan="1" colspan="1"><p>Setor</p></td><td rowspan="1" colspan="1"><p>10</p></td><td rowspan="1" colspan="1"><p>Chefe</p></td><td rowspan="1" colspan="1"><p>FCE 1.02</p></td></tr><tr><td rowspan="1" colspan="1"><p></p></td><td rowspan="1" colspan="1"><p></p></td><td rowspan="1" colspan="1"><p></p></td><td rowspan="1" colspan="1"><p></p></td></tr><tr><td rowspan="1" colspan="1"><p>CENTRO NACIONAL DE PRIMATAS</p></td><td rowspan="1" colspan="1"><p>1</p></td><td rowspan="1" colspan="1"><p>Diretor</p></td><td rowspan="1" colspan="1"><p>FCE 1.13</p></td></tr><tr><td rowspan="1" colspan="1"><p>Serviço</p></td><td rowspan="1" colspan="1"><p>3</p></td><td rowspan="1" colspan="1"><p>Chefe</p></td><td rowspan="1" colspan="1"><p>FCE 1.05</p></td></tr><tr><td rowspan="1" colspan="1"><p></p></td><td rowspan="1" colspan="1"><p>2</p></td><td rowspan="1" colspan="1"><p>Assessor Técnico Especializado</p></td><td rowspan="1" colspan="1"><p>FCE 4.05</p></td></tr><tr><td rowspan="1" colspan="1"><p>Seção</p></td><td rowspan="1" colspan="1"><p>7</p></td><td rowspan="1" colspan="1"><p>Chefe</p></td><td rowspan="1" colspan="1"><p>FCE 1.03</p></td></tr><tr><td rowspan="1" colspan="1"><p></p></td><td rowspan="1" colspan="1"><p>1</p></td><td rowspan="1" colspan="1"><p>Assessor Técnico Especializado</p></td><td rowspan="1" colspan="1"><p>FCE 4.03</p></td></tr><tr><td rowspan="1" colspan="1"><p>Setor</p></td><td rowspan="1" colspan="1"><p>2</p></td><td rowspan="1" colspan="1"><p>Chefe</p></td><td rowspan="1" colspan="1"><p>FCE 1.02</p></td></tr><tr><td rowspan="1" colspan="1"><p></p></td><td rowspan="1" colspan="1"><p>1</p></td><td rowspan="1" colspan="1"><p>Assessor Técnico Especializado</p></td><td rowspan="1" colspan="1"><p>FCE 4.01</p></td></tr><tr><td rowspan="1" colspan="1"><p></p></td><td rowspan="1" colspan="1"><p></p></td><td rowspan="1" colspan="1"><p></p></td><td rowspan="1" colspan="1"><p></p></td></tr><tr><td rowspan="1" colspan="1"><p>DISTRITOS SANITÁRIOS ESPECIAIS INDÍGENAS</p></td><td rowspan="1" colspan="1"><p></p></td><td rowspan="1" colspan="1"><p></p></td><td rowspan="1" colspan="1"><p></p></td></tr><tr><td rowspan="1" colspan="1"><p>Distrito Sanitário Especial Indígena</p></td><td rowspan="1" colspan="1"><p>21</p></td><td rowspan="1" colspan="1"><p>Coordenador Distrital</p></td><td rowspan="1" colspan="1"><p>CCE 1.13</p></td></tr><tr><td rowspan="1" colspan="1"><p>Distrito Sanitário Especial Indígena</p></td><td rowspan="1" colspan="1"><p>13</p></td><td rowspan="1" colspan="1"><p>Coordenador Distrital</p></td><td rowspan="1" colspan="1"><p>CCE 1.10</p></td></tr><tr><td rowspan="1" colspan="1"><p>Coordenação</p></td><td rowspan="1" colspan="1"><p>1</p></td><td rowspan="1" colspan="1"><p>Coordenador</p></td><td rowspan="1" colspan="1"><p>FCE 1.11</p></td></tr><tr><td rowspan="1" colspan="1"><p>Coordenação</p></td><td rowspan="1" colspan="1"><p>1</p></td><td rowspan="1" colspan="1"><p>Coordenador</p></td><td rowspan="1" colspan="1"><p>FCE 1.10</p></td></tr><tr><td rowspan="1" colspan="1"><p>Casa de Apoio à Saúde Indígena</p></td><td rowspan="1" colspan="1"><p>1</p></td><td rowspan="1" colspan="1"><p>Coordenador</p></td><td rowspan="1" colspan="1"><p>FCE 1.10</p></td></tr><tr><td rowspan="1" colspan="1"><p>Casa de Apoio à Saúde Indígena Regional</p></td><td rowspan="1" colspan="1"><p>1</p></td><td rowspan="1" colspan="1"><p>Chefe</p></td><td rowspan="1" colspan="1"><p>FCE 1.09</p></td></tr><tr><td rowspan="1" colspan="1"><p>Divisão</p></td><td rowspan="1" colspan="1"><p>36</p></td><td rowspan="1" colspan="1"><p>Chefe</p></td><td rowspan="1" colspan="1"><p>FCE 1.07</p></td></tr><tr><td rowspan="1" colspan="1"><p>Casa de Apoio à Saúde Indígena</p></td><td rowspan="1" colspan="1"><p>66</p></td><td rowspan="1" colspan="1"><p>Chefe</p></td><td rowspan="1" colspan="1"><p>FCE 1.05</p></td></tr><tr><td rowspan="1" colspan="1"><p>Serviço</p></td><td rowspan="1" colspan="1"><p>102</p></td><td rowspan="1" colspan="1"><p>Chefe</p></td><td rowspan="1" colspan="1"><p>FCE 1.05</p></td></tr><tr><td rowspan="1" colspan="1"><p>Seção</p></td><td rowspan="1" colspan="1"><p>33</p></td><td rowspan="1" colspan="1"><p>Chefe</p></td><td rowspan="1" colspan="1"><p>FCE 1.04</p></td></tr><tr><td rowspan="1" colspan="1"><p>Seção</p></td><td rowspan="1" colspan="1"><p>1</p></td><td rowspan="1" colspan="1"><p>Chefe</p></td><td rowspan="1" colspan="1"><p>FCE 1.03</p></td></tr></table>]]></Texto>
  </body>
  <Midias />
</article></xml>