﻿<xml><article id="46235113" name="Para DOU 31-10-2025.22" idOficio="11378731" pubName="DO1" artType="Despacho" pubDate="03/11/2025" artClass="00029:00041:00008:00000:00000:00000:00000:00000:00000:00000:00024:00000" artCategory="Ministério da Gestão e da Inovação em Serviços Públicos/Instituto Nacional de Tecnologia da Informação/Diretoria de Auditoria, Fiscalização e Normalização" artSize="12" artNotes="" numberPage="58" pdfPage="http://pesquisa.in.gov.br/imprensa/jsp/visualiza/index.jsp?data=03/11/2025&amp;jornal=515&amp;pagina=58" editionNumber="209" highlightType="" highlightPriority="" highlight="" highlightimage="" highlightimagename="" idMateria="23274640">
  <body>
    <Identifica><![CDATA[ DESPACHOS]]></Identifica>
    <Data><![CDATA[]]></Data>
    <Ementa />
    <Titulo />
    <SubTitulo />
    <Texto><![CDATA[<p class="identifica">DESPACHOS</p><p>DEFIRO o pedido de credenciamento da AR SYNGCERT CERTIFICADOS, CNPJ: 38.159.921/0001-74, a ser vinculada à AC SYNGULARID MÚLTIPLA. Processo n° 00100.002192/2025-27.</p><p>DEFIRO o pedido de credenciamento da AR CERTIPRO CERTIFICADOS, CNPJ: 60.957.806/0001-02, vinculada à AC CERTDATA BRASIL. Processo n° 00100.002279/2025-02.</p><p>DEFIRO o pedido de credenciamento da AR CONSELHO FEDERAL DE PSICOLOGIA, CNPJ: 00.393.272/0001-07, vinculada à AC SOLUTI MÚLTIPLA. Processo n° 00100.001668/2025-11.</p><p>DEFIRO o pedido de credenciamento da ALMARCA CONSULTORIA, NEGÓCIOS E CORRETORA DE SEGUROS LTDA, CNPJ: 55.268.869/0001-03, vinculada à AC SAFEWEB RFB. Processo n° 00100.002131/2025-60.</p><p class="assina">PEDRO PINHEIRO CARDOSO</p><p class="cargo">Diretor</p>]]></Texto>
  </body>
  <Midias />
</article></xml>