﻿<xml><article id="46234291" name="RDC 630 - para publicar_002" idOficio="11378399" pubName="DO1" artType="Decisão" pubDate="03/11/2025" artClass="00047:00047:00007:00001:00000:00000:00000:00000:00000:00000:00018:00004" artCategory="Ministério da Saúde/Agência Nacional de Saúde Suplementar/Diretoria Colegiada/Coordenadoria de Recursos e Assessoramento" artSize="24" artNotes="" numberPage="94" pdfPage="http://pesquisa.in.gov.br/imprensa/jsp/visualiza/index.jsp?data=03/11/2025&amp;jornal=515&amp;pagina=94" editionNumber="209" highlightType="" highlightPriority="" highlight="" highlightimage="" highlightimagename="" idMateria="23273598">
  <body>
    <Identifica />
    <Data><![CDATA[]]></Data>
    <Ementa />
    <Titulo />
    <SubTitulo />
    <Texto><![CDATA[<p /><p></p><table><tr /><tr><td rowspan="1" colspan="1"><p>33910.038899/2022-43</p></td><td rowspan="1" colspan="1"><p>UNIMED VERTENTE DO CAPARAÓ - COOPERATIVA DE TRABALHO MÉDICO LTDA</p></td><td rowspan="1" colspan="1"><p>DIPRO</p></td><td rowspan="1" colspan="1"><p>Art. 101 da RN 489/22</p></td><td rowspan="1" colspan="1"><p>158.400,00 (cento e cinquenta e oito mil, quatrocentos reais)</p></td></tr><tr><td rowspan="1" colspan="1"><p>33910.001147/2021-46</p></td><td rowspan="1" colspan="1"><p>H.B. SAÚDE S/A</p></td><td rowspan="1" colspan="1"><p>DIPRO</p></td><td rowspan="1" colspan="1"><p>Art. 76-A da RN 124/06</p></td><td rowspan="1" colspan="1"><p>24.000,00 (vinte e quatro mil reais)</p></td></tr><tr><td rowspan="1" colspan="1"><p>33910.008176/2024-81</p></td><td rowspan="1" colspan="1"><p>UNIMED VITORIA COOPERATIVA DE TRABALHO MÉDICO</p></td><td rowspan="1" colspan="1"><p>DIPRO</p></td><td rowspan="1" colspan="1"><p>Art. 101 da RN 489/22</p></td><td rowspan="1" colspan="1"><p>80.000,00 (oitenta mil reais)</p></td></tr><tr><td rowspan="1" colspan="1"><p>33910.014125/2023-16</p></td><td rowspan="1" colspan="1"><p>FEDERAÇÃO DAS SOCIEDADES COOPERATIVAS DE TRABALHO MÉDICO DO ACRE, AMAPÁ, AMAZONAS, PARÁ</p></td><td rowspan="1" colspan="1"><p>DIPRO</p></td><td rowspan="1" colspan="1"><p>Art. 101 da RN 489/22</p></td><td rowspan="1" colspan="1"><p>52.800,00 (cinquenta e dois mil, oitocentos reais)</p></td></tr><tr><td rowspan="1" colspan="1"><p>33910.019425/2023-83</p></td><td rowspan="1" colspan="1"><p>AMIL ASSISTÊNCIA MÉDICA INTERNACIONAL S.A.</p></td><td rowspan="1" colspan="1"><p>DIPRO</p></td><td rowspan="1" colspan="1"><p>Art. 102 da RN 489/22</p></td><td rowspan="1" colspan="1"><p>59.400,00 (cinquenta e nove mil e quatrocentos reais)</p></td></tr><tr><td rowspan="1" colspan="1"><p>33910.027166/2023-64</p></td><td rowspan="1" colspan="1"><p>UNIMED DO ESTADO DE SÃO PAULO - FEDERAÇÃO ESTADUAL DAS COOP. MÉDICAS</p></td><td rowspan="1" colspan="1"><p>DIPRO</p></td><td rowspan="1" colspan="1"><p>Art. 101 da RN 489/22</p></td><td rowspan="1" colspan="1"><p>88.000,00 (oitenta e oito mil reais)</p></td></tr><tr><td rowspan="1" colspan="1"><p>33910.012401/2022-12</p></td><td rowspan="1" colspan="1"><p>HAPVIDA ASSISTÊNCIA MÉDICA S.A</p></td><td rowspan="1" colspan="1"><p>DIPRO</p></td><td rowspan="1" colspan="1"><p>Art. 57 e Art. 20-D da RN 124/06</p></td><td rowspan="1" colspan="1"><p>149.000,00 (cento e quarenta e nove mil reais)</p></td></tr><tr><td rowspan="1" colspan="1"><p>33910.037483/2021-27</p></td><td rowspan="1" colspan="1"><p>FUNDAÇÃO SAÚDE ITAÚ</p></td><td rowspan="1" colspan="1"><p>DIPRO</p></td><td rowspan="1" colspan="1"><p>Art. 78 da RN 124/06</p></td><td rowspan="1" colspan="1"><p>48.000,00 (quarenta e oito mil reais)</p></td></tr><tr><td rowspan="1" colspan="1"><p>33910.017518/2023-73</p></td><td rowspan="1" colspan="1"><p>FEDERAÇÃO DAS SOCIEDADES COOPERATIVAS DE TRABALHO MÉDICO DO ACRE, AMAPÁ, AMAZONAS, PARÁ</p></td><td rowspan="1" colspan="1"><p>DIPRO</p></td><td rowspan="1" colspan="1"><p>Art. 101 da RN 489/22</p></td><td rowspan="1" colspan="1"><p>52.800,00 (cinquenta e dois mil e oitocentos reais)</p></td></tr><tr><td rowspan="1" colspan="1"><p>33910.027687/2022-31</p></td><td rowspan="1" colspan="1"><p>AMIL ASSISTÊNCIA MÉDICA INTERNACIONAL S.A</p></td><td rowspan="1" colspan="1"><p>DIPRO</p></td><td rowspan="1" colspan="1"><p>Art. 77 da RN 124/06</p></td><td rowspan="1" colspan="1"><p>88.000,00 (oitenta e oito mil reais)</p></td></tr><tr><td rowspan="1" colspan="1"><p>33910.039259/2022-51</p></td><td rowspan="1" colspan="1"><p>UNIMED-RIO COOPERATIVA DE TRABALHO MÉDICO DO RIO DE JANEIRO</p></td><td rowspan="1" colspan="1"><p>DIPRO</p></td><td rowspan="1" colspan="1"><p>Art. 101 da RN 489/22</p></td><td rowspan="1" colspan="1"><p>79.200,00 (setenta e nove mil e duzentos reais)</p></td></tr><tr><td rowspan="1" colspan="1"><p>33910.010691/2023-41</p></td><td rowspan="1" colspan="1"><p>HAPVIDA ASSISTÊNCIA MÉDICA S.A</p></td><td rowspan="1" colspan="1"><p>DIPRO</p></td><td rowspan="1" colspan="1"><p>Art. 101 da RN 489/22</p></td><td rowspan="1" colspan="1"><p>79.200,00 (setenta e nove mil e duzentos reais)</p></td></tr></table>]]></Texto>
  </body>
  <Midias />
</article></xml>