﻿<xml><article id="46240096" name="Res_Desp_3.162_2025_SFT_SCE_" idOficio="11379578" pubName="DO1" artType="Despacho" pubDate="03/11/2025" artClass="00035:00043:00032:00000:00000:00000:00000:00000:00000:00000:00024:00000" artCategory="Ministério de Minas e Energia/Agência Nacional de Energia Elétrica/Superintendência de Concessões,  Permissões e Autorizações dos Serviços de Energia Elétrica" artSize="12" artNotes="ok" numberPage="72" pdfPage="http://pesquisa.in.gov.br/imprensa/jsp/visualiza/index.jsp?data=03/11/2025&amp;jornal=515&amp;pagina=72" editionNumber="209" highlightType="" highlightPriority="" highlight="" highlightimage="" highlightimagename="" idMateria="23277078">
  <body>
    <Identifica><![CDATA[ DESPACHO Nº 3.162, DE 24 DE OUTUBRO DE 2025]]></Identifica>
    <Data><![CDATA[]]></Data>
    <Ementa />
    <Titulo />
    <SubTitulo />
    <Texto><![CDATA[<p class="identifica">DESPACHO Nº 3.162, DE 24 DE OUTUBRO DE 2025</p><p>Processo nº: 48500.901134/2024-19. Interessado: Neoenergia Itabapoana Transmissão de Energia S.A., CNPJ n° 28.439.049/0001-64. Decisão: reconhecer 90 dias de excludente de responsabilidade do interessado pelo atraso na disponibilização das instalações objeto do Contrato de Concessão n° 03/2019-ANEEL. A íntegra deste Despacho consta dos autos e estará disponível biblioteca.aneel.gov.br.</p><p class="assina">GIÁCOMO FRANCISCO BASSI ALMEIDA</p><p class="cargo">Superintendente de Fiscalização Técnica dos Serviços de Energia Elétrica</p><p class="assina">LUDIMILA LIMA DA SILVA</p><p class="cargo">Superintendente de Concessões, Permissões e Autorizações dos Serviços de Energia Elétrica</p>]]></Texto>
  </body>
  <Midias />
</article></xml>