﻿<xml><article id="46232569" name="OUTORGAS_30 10 2025 (2842 ao 285" idOficio="11378173" pubName="DO1" artType="Ato" pubDate="03/11/2025" artClass="00032:00033:00003:00001:00015:00000:00000:00000:00000:00000:00006:00003" artCategory="Ministério da Integração e do Desenvolvimento Regional/Agência Nacional de Águas e Saneamento Básico/Diretoria Colegiada/Área de Regulação de Usos/Superintendência de Regulação de Usos de Recursos Hídricos" artSize="12" artNotes="ok" numberPage="61" pdfPage="http://pesquisa.in.gov.br/imprensa/jsp/visualiza/index.jsp?data=03/11/2025&amp;jornal=515&amp;pagina=61" editionNumber="209" highlightType="" highlightPriority="" highlight="" highlightimage="" highlightimagename="" idMateria="23273275">
  <body>
    <Identifica><![CDATA[ ATOS DE 30 DE OUTUBRO DE 2025]]></Identifica>
    <Data><![CDATA[]]></Data>
    <Ementa />
    <Titulo />
    <SubTitulo />
    <Texto><![CDATA[<p class="identifica">ATOS DE 30 DE OUTUBRO DE 2025</p><p>O SUPERINTENDENTE ADJUNTO DE REGULAÇÃO DE USOS DE RECURSOS HÍDRICOS DA AGÊNCIA NACIONAL DE ÁGUAS E SANEAMENTO BÁSICO - ANA, torna público que, no exercício da competência delegada pelo art. 2º da Resolução ANA nº 198, de 26/6/2024, nos termos do art. 12, V, da Lei nº 9.984, de 17/7/2000, com fundamento na Resolução ANA nº 1.938, de 30/10/2017, resolveu emitir as outorgas de direito de uso de recursos hídricos a:</p><p>Nº 2.842 - ADERALDO LIMA COELHO, rio São Francisco, município de Santa Maria da Boa Vista/PE, irrigação.</p><p>Nº 2.843 - WELLYSON RAMON FONSECA DA SILVA, rio Piranhas ou Açu, município de Açu/RN, irrigação.</p><p>Nº 2.844 - RODRIGO DE PADUA SAFATLE SOARES, Córrego da Cachoeira e Córrego Rocinha, município de São Sebastião do Paraíso/MG, irrigação.</p><p>Nº 2.845 - MANOEL PEREIRA, rio São Francisco, município de Curaçá/BA, irrigação.</p><p>Nº 2.846 - GUSTAVO DE OLIVEIRA, rio Paranapanema, município de Campina do Monte Alegre/SP, irrigação.</p><p>Nº 2.847 - LUIZ ROBERTO DE OLIVEIRA, rio Pardo, município de São José do Rio Pardo/SP, irrigação.</p><p>Nº 2.848 - DANIELLY DA SILVA BARBALHO, rio São Francisco, município de Abaré/BA, irrigação.</p><p>Nº 2.849 - FRANCISCO JOSE MACHADO E ELISIANE DAS GRACAS BUENO MACHADO, UHE Furnas, município de Campo do Meio/MG, irrigação.</p><p>Nº 2.850 - LUCIENE FERREIRA DE SOUSA COELHO, rio São Francisco, município de Juazeiro/BA, irrigação.</p><p>Nº 2.851 - MAURICIO DE OLIVEIRA MONTANHER, rio Pardo, município de Barreto/SP, irrigação.</p><p>Nº 2.852 - CARLOS DE CARVALHO EPITACIO PEREIRA, UHE Luiz Gonzaga, município de Glória/BA, irrigação.</p><p>Nº 2.853 - SEVERINO NUNES BARBOSA, rio São Francisco, município de Petrolina/PE, irrigação.</p><p>Nº 2.854 - JULIO CESAR MATOS VIANA, rio São Francisco, município de Juazeiro/BA, irrigação.</p><p>Nº 2.855 - SAN MARCO SABBIA LTDA., rio Moji-Guaçu, município de Santa Rita do Passa Quatro/SP, mineração.</p><p>Nº 2.856 - REINALDO ALVES DE LIMA, rio São Francisco, município de Juazeiro/BA, irrigação.</p><p>Nº 2.858 - RICARDO BUCHAIM E ROSMALI CASADO MAILIO BUCHAIM, UHE Canoas I, município de Cândido Mota/SP, irrigação.</p><p>Nº 2.859 - EUTROPIO MAIA DE VASCONCELOS FILHO, rio Piancó, município de Pomba/PB, irrigação.</p><p>Nº 2.860 - BRUNO HENRIQUE DE ALMEIDA, UHE Marechal Mascarenhas de Moraes, município de Delfinópolis/MG, irrigação.</p><p>Nº 2.861 - RENATO ESPERANCA ALMEIDA, rio do Prado ou Jucuruçu, município de Rio do Prado/MG, irrigação.</p><p>Nº 2.862 - IVONALDO PEREIRA DA SILVA, rio São Francisco, município de Juazeiro/BA, irrigação.</p><p>Nº 2.863 - SILVIO ALMEIDA DE OLIVEIRA, rio Piancó, município de Cajazeirinhas/PB, irrigação.</p><p>Nº 2.864 - DIEGO BARRETO DE MELO, rio Piranhas, município de São Bento/PB, irrigação.</p><p>Nº 2.865 - PEDRO PAULO POLICIANO PUBLIO, rio Pardo, município de Itapetinga/BA, irrigação.</p><p>Nº 2.866 - GILMERSON SOARES CAVALCANTI, rio São Francisco, município de Icaraí de Minas/MG, irrigação.</p><p>Nº 2.867 - HELLEN VITORIA MARTINS DA PAIXAO, rio São Francisco, município de Juazeiro/BA, irrigação.</p><p>Nº 2.868 - ABIMAEL FERREIRA DA SILVA, rio São Francisco, município de Juazeiro/BA, irrigação.</p><p>Nº 2.869 - AUGUSTINUS JOSEPHUS MARIE SERRARENS, UHE Jurumirim, município de Paranapanema/SP, irrigação.</p><p>Nº 2.870 - DOUGLAS GOMES BERNARDES, rio São Francisco, município de Abaré/BA, irrigação.</p><p>Nº 2.871 - IZANGLEUTON MOREIRA DA SILVA, rio São Francisco, município de Juazeiro/BA, irrigação.</p><p>Nº 2.872 - VICENTE ALVES FEITOSA, rio São Francisco, município de Curaçá/BA, irrigação.</p><p>Nº 2.873 - IGO CASAGRANDE, rio Doce, município de Colatina/ES, irrigação.</p><p>Nº 2.874 - MARIA INES DE RESENDE, rio Grande, município de Cana Verde/MG, irrigação.</p><p>Nº 2.875 - SERGIO BRANDAO DOS REIS, rio São Francisco, município de Santa maria da Boa Vista/PE, irrigação.</p><p>Nº 2.876 - SEVERINO FRANCISCO GOMES, rio São Francisco, município de Lagoa Grande/PE, irrigação.</p><p>Nº 2.877 - FAZENDA G5 AGRICOLA LTDA, rio São Francisco, município de Lagoa Grande/PE, irrigação.</p><p>Nº 2.878 - CLEBER DE ALMEIDA SOARES, rio Paraíba do Sul, município de Sapucaia/RJ, criação animal.</p><p>Nº 2.879 - JOSE ROBERTO GARRIDO, Córrego da Cachoeira e Córrego da Rocinha, município de São Sebastião do Paraíso/MG, irrigação.</p><p>Nº 2.880 - ALEXANDRO MENEZES DE SOUSA, rio São Francisco, município de Lagoa Grande/PE, irrigação.</p><p>Nº 2.882 - ANTÔNIO DA SILVA NASCIMENTO, rio São Francisco, município de Curaçá/BA, irrigação.</p><p>Nº 2.883 - JALMYR ALVES DE CARVALHO, rio José Pedro, município de Ipanema/MG, irrigação.</p><p>Nº 2.884 - AILTON POLICARPO DE MOURA, UHE Paulo Afonso IV, município de Paulo Afonso/BA, irrigação.</p><p>Nº 2.887 - PABLO CESCONETTO DA SILVA, rio Cricaré ou Braço Sul do rio São Mateus, município de São Mateus/ES, irrigação.</p><p>Nº 2.888 - PABLO CESCONETTO DA SILVA, rio Cricaré ou Braço Sul do rio São Mateus, município de São Mateus/ES, irrigação.</p><p>Nº 2.889 - PABLO CESCONETTO DA SILVA, rio Cricaré ou Braço Sul do rio São Mateus, município de São Mateus/ES, irrigação.</p><p>Nº 2.890 - MINERACAO VALE DO CARANGOLA LTDA, rio Carangola, município de Tombos/MG, mineração.</p><p>Nº 2.891 - MARCOS ANTONIO DA COSTA JUNIOR, rio Piranhas, município de Jardim de Piranhas/RN, irrigação.</p><p>Nº 2.908 - DIOCESE DE ARACUAI, rio Jequitinhonha, município de Coronel Murta/MG, irrigação.</p><p>O inteiro teor das Outorgas, bem como as demais informações pertinentes estão disponíveis no site www.gov.br/ana.</p><p class="assina">PATRICK THOMAS</p>]]></Texto>
  </body>
  <Midias />
</article></xml>