﻿<xml><article id="46247832" name="3110_DEC_12708_S1_OK_007" idOficio="11379843" pubName="DO1" artType="Decreto numerado" pubDate="03/11/2025" artClass="00005:00000:00000:00000:00000:00000:00000:00000:00000:00000:00021:00000" artCategory="Atos do Poder Executivo" artSize="12" artNotes="" numberPage="12" pdfPage="http://pesquisa.in.gov.br/imprensa/jsp/visualiza/index.jsp?data=03/11/2025&amp;jornal=515&amp;pagina=12" editionNumber="209" highlightType="" highlightPriority="" highlight="" highlightimage="" highlightimagename="" idMateria="23277630">
  <body>
    <Identifica />
    <Data><![CDATA[]]></Data>
    <Ementa />
    <Titulo />
    <SubTitulo />
    <Texto><![CDATA[<p /><p></p><table><tr /><tr><td rowspan="1" colspan="1"><p>DEPARTAMENTO DE ASSISTÊNCIA FARMACÊUTICA E INSUMOS ESTRATÉGICOS</p></td><td rowspan="1" colspan="1"><p>1</p></td><td rowspan="1" colspan="1"><p>Diretor</p></td><td rowspan="1" colspan="1"><p>FCE 1.15</p></td></tr><tr><td rowspan="1" colspan="1"><p>Coordenação-Geral</p></td><td rowspan="1" colspan="1"><p>1</p></td><td rowspan="1" colspan="1"><p>Coordenador-Geral</p></td><td rowspan="1" colspan="1"><p>CCE 1.13</p></td></tr><tr><td rowspan="1" colspan="1"><p>Coordenação-Geral</p></td><td rowspan="1" colspan="1"><p>4</p></td><td rowspan="1" colspan="1"><p>Coordenador-Geral</p></td><td rowspan="1" colspan="1"><p>FCE 1.13</p></td></tr><tr><td rowspan="1" colspan="1"><p>Coordenação</p></td><td rowspan="1" colspan="1"><p>1</p></td><td rowspan="1" colspan="1"><p>Coordenador</p></td><td rowspan="1" colspan="1"><p>FCE 1.12</p></td></tr><tr><td rowspan="1" colspan="1"><p>Coordenação</p></td><td rowspan="1" colspan="1"><p>7</p></td><td rowspan="1" colspan="1"><p>Coordenador</p></td><td rowspan="1" colspan="1"><p>FCE 1.10</p></td></tr><tr><td rowspan="1" colspan="1"><p></p></td><td rowspan="1" colspan="1"><p>2</p></td><td rowspan="1" colspan="1"><p>Assessor Técnico Especializado</p></td><td rowspan="1" colspan="1"><p>FCE 4.10</p></td></tr><tr><td rowspan="1" colspan="1"><p>Divisão</p></td><td rowspan="1" colspan="1"><p>1</p></td><td rowspan="1" colspan="1"><p>Chefe</p></td><td rowspan="1" colspan="1"><p>FCE 1.09</p></td></tr><tr><td rowspan="1" colspan="1"><p></p></td><td rowspan="1" colspan="1"><p>1</p></td><td rowspan="1" colspan="1"><p>Assessor Técnico Especializado</p></td><td rowspan="1" colspan="1"><p>FCE 4.09</p></td></tr><tr><td rowspan="1" colspan="1"><p></p></td><td rowspan="1" colspan="1"><p>1</p></td><td rowspan="1" colspan="1"><p>Assessor Técnico Especializado</p></td><td rowspan="1" colspan="1"><p>FCE 4.08</p></td></tr><tr><td rowspan="1" colspan="1"><p>Serviço</p></td><td rowspan="1" colspan="1"><p>1</p></td><td rowspan="1" colspan="1"><p>Chefe</p></td><td rowspan="1" colspan="1"><p>FCE 1.05</p></td></tr><tr><td rowspan="1" colspan="1"><p></p></td><td rowspan="1" colspan="1"><p>1</p></td><td rowspan="1" colspan="1"><p>Assessor Técnico Especializado</p></td><td rowspan="1" colspan="1"><p>FCE 4.04</p></td></tr><tr><td rowspan="1" colspan="1"><p></p></td><td rowspan="1" colspan="1"><p></p></td><td rowspan="1" colspan="1"><p></p></td><td rowspan="1" colspan="1"><p></p></td></tr><tr><td rowspan="1" colspan="1"><p>DEPARTAMENTO DE CIÊNCIA E TECNOLOGIA</p></td><td rowspan="1" colspan="1"><p>1</p></td><td rowspan="1" colspan="1"><p>Diretor</p></td><td rowspan="1" colspan="1"><p>CCE 1.15</p></td></tr><tr><td rowspan="1" colspan="1"><p>Coordenação-Geral</p></td><td rowspan="1" colspan="1"><p>3</p></td><td rowspan="1" colspan="1"><p>Coordenador-Geral</p></td><td rowspan="1" colspan="1"><p>FCE 1.13</p></td></tr><tr><td rowspan="1" colspan="1"><p>Coordenação</p></td><td rowspan="1" colspan="1"><p>2</p></td><td rowspan="1" colspan="1"><p>Coordenador</p></td><td rowspan="1" colspan="1"><p>FCE 1.10</p></td></tr><tr><td rowspan="1" colspan="1"><p></p></td><td rowspan="1" colspan="1"><p>2</p></td><td rowspan="1" colspan="1"><p>Assessor Técnico Especializado</p></td><td rowspan="1" colspan="1"><p>FCE 4.10</p></td></tr><tr><td rowspan="1" colspan="1"><p>Serviço</p></td><td rowspan="1" colspan="1"><p>1</p></td><td rowspan="1" colspan="1"><p>Chefe</p></td><td rowspan="1" colspan="1"><p>FCE 1.05</p></td></tr><tr><td rowspan="1" colspan="1"><p></p></td><td rowspan="1" colspan="1"><p></p></td><td rowspan="1" colspan="1"><p></p></td><td rowspan="1" colspan="1"><p></p></td></tr><tr><td rowspan="1" colspan="1"><p>DEPARTAMENTO DE GESTÃO E INCORPORAÇÃO DE TECNOLOGIAS EM SAÚDE</p></td><td rowspan="1" colspan="1"><p>1</p></td><td rowspan="1" colspan="1"><p>Diretor</p></td><td rowspan="1" colspan="1"><p>CCE 1.15</p></td></tr><tr><td rowspan="1" colspan="1"><p>Coordenação-Geral</p></td><td rowspan="1" colspan="1"><p>1</p></td><td rowspan="1" colspan="1"><p>Coordenador-Geral</p></td><td rowspan="1" colspan="1"><p>CCE 1.13</p></td></tr><tr><td rowspan="1" colspan="1"><p>Coordenação-Geral</p></td><td rowspan="1" colspan="1"><p>2</p></td><td rowspan="1" colspan="1"><p>Coordenador-Geral</p></td><td rowspan="1" colspan="1"><p>FCE 1.13</p></td></tr><tr><td rowspan="1" colspan="1"><p>Coordenação</p></td><td rowspan="1" colspan="1"><p>2</p></td><td rowspan="1" colspan="1"><p>Coordenador</p></td><td rowspan="1" colspan="1"><p>FCE 1.10</p></td></tr><tr><td rowspan="1" colspan="1"><p></p></td><td rowspan="1" colspan="1"><p>1</p></td><td rowspan="1" colspan="1"><p>Assessor Técnico Especializado</p></td><td rowspan="1" colspan="1"><p>FCE 4.10</p></td></tr><tr><td rowspan="1" colspan="1"><p></p></td><td rowspan="1" colspan="1"><p>1</p></td><td rowspan="1" colspan="1"><p>Assessor Técnico Especializado</p></td><td rowspan="1" colspan="1"><p>FCE 4.07</p></td></tr><tr><td rowspan="1" colspan="1"><p>Serviço</p></td><td rowspan="1" colspan="1"><p>1</p></td><td rowspan="1" colspan="1"><p>Chefe</p></td><td rowspan="1" colspan="1"><p>FCE 1.05</p></td></tr><tr><td rowspan="1" colspan="1"><p></p></td><td rowspan="1" colspan="1"><p></p></td><td rowspan="1" colspan="1"><p></p></td><td rowspan="1" colspan="1"><p></p></td></tr><tr><td rowspan="1" colspan="1"><p>SECRETARIA DE VIGILÂNCIA EM SAÚDE E AMBIENTE</p></td><td rowspan="1" colspan="1"><p>1</p></td><td rowspan="1" colspan="1"><p>Secretário</p></td><td rowspan="1" colspan="1"><p>CCE 1.17</p></td></tr><tr><td rowspan="1" colspan="1"><p></p></td><td rowspan="1" colspan="1"><p>1</p></td><td rowspan="1" colspan="1"><p>Secretário Adjunto</p></td><td rowspan="1" colspan="1"><p>CCE 1.16</p></td></tr><tr><td rowspan="1" colspan="1"><p></p></td><td rowspan="1" colspan="1"><p>1</p></td><td rowspan="1" colspan="1"><p>Diretor de Programa</p></td><td rowspan="1" colspan="1"><p>CCE 3.15</p></td></tr><tr><td rowspan="1" colspan="1"><p>Gabinete</p></td><td rowspan="1" colspan="1"><p>1</p></td><td rowspan="1" colspan="1"><p>Chefe de Gabinete</p></td><td rowspan="1" colspan="1"><p>CCE 1.13</p></td></tr><tr><td rowspan="1" colspan="1"><p>Coordenação-Geral</p></td><td rowspan="1" colspan="1"><p>1</p></td><td rowspan="1" colspan="1"><p>Coordenador-Geral</p></td><td rowspan="1" colspan="1"><p>CCE 1.13</p></td></tr><tr><td rowspan="1" colspan="1"><p>Coordenação-Geral</p></td><td rowspan="1" colspan="1"><p>2</p></td><td rowspan="1" colspan="1"><p>Coordenador-Geral</p></td><td rowspan="1" colspan="1"><p>FCE 1.13</p></td></tr><tr><td rowspan="1" colspan="1"><p>Coordenação</p></td><td rowspan="1" colspan="1"><p>1</p></td><td rowspan="1" colspan="1"><p>Coordenador</p></td><td rowspan="1" colspan="1"><p>FCE 1.12</p></td></tr><tr><td rowspan="1" colspan="1"><p>Coordenação</p></td><td rowspan="1" colspan="1"><p>2</p></td><td rowspan="1" colspan="1"><p>Coordenador</p></td><td rowspan="1" colspan="1"><p>CCE 1.10</p></td></tr><tr><td rowspan="1" colspan="1"><p>Coordenação</p></td><td rowspan="1" colspan="1"><p>2</p></td><td rowspan="1" colspan="1"><p>Coordenador</p></td><td rowspan="1" colspan="1"><p>FCE 1.10</p></td></tr><tr><td rowspan="1" colspan="1"><p></p></td><td rowspan="1" colspan="1"><p>1</p></td><td rowspan="1" colspan="1"><p>Assistente</p></td><td rowspan="1" colspan="1"><p>FCE 2.09</p></td></tr><tr><td rowspan="1" colspan="1"><p></p></td><td rowspan="1" colspan="1"><p>1</p></td><td rowspan="1" colspan="1"><p>Assessor Técnico Especializado</p></td><td rowspan="1" colspan="1"><p>FCE 4.08</p></td></tr><tr><td rowspan="1" colspan="1"><p></p></td><td rowspan="1" colspan="1"><p>2</p></td><td rowspan="1" colspan="1"><p>Assessor Técnico Especializado</p></td><td rowspan="1" colspan="1"><p>FCE 4.06</p></td></tr><tr><td rowspan="1" colspan="1"><p></p></td><td rowspan="1" colspan="1"><p>5</p></td><td rowspan="1" colspan="1"><p>Assessor Técnico Especializado</p></td><td rowspan="1" colspan="1"><p>FCE 4.05</p></td></tr><tr><td rowspan="1" colspan="1"><p></p></td><td rowspan="1" colspan="1"><p>2</p></td><td rowspan="1" colspan="1"><p>Assessor Técnico Especializado</p></td><td rowspan="1" colspan="1"><p>FCE 4.04</p></td></tr><tr><td rowspan="1" colspan="1"><p></p></td><td rowspan="1" colspan="1"><p>1</p></td><td rowspan="1" colspan="1"><p>Assessor Técnico Especializado</p></td><td rowspan="1" colspan="1"><p>FCE 4.03</p></td></tr><tr><td rowspan="1" colspan="1"><p></p></td><td rowspan="1" colspan="1"><p></p></td><td rowspan="1" colspan="1"><p></p></td><td rowspan="1" colspan="1"><p></p></td></tr><tr><td rowspan="1" colspan="1"><p>DEPARTAMENTO DO PROGRAMA NACIONAL DE IMUNIZAÇÕES</p></td><td rowspan="1" colspan="1"><p>1</p></td><td rowspan="1" colspan="1"><p>Diretor</p></td><td rowspan="1" colspan="1"><p>CCE 1.15</p></td></tr><tr><td rowspan="1" colspan="1"><p>Coordenação-Geral</p></td><td rowspan="1" colspan="1"><p>1</p></td><td rowspan="1" colspan="1"><p>Coordenador-Geral</p></td><td rowspan="1" colspan="1"><p>CCE 1.13</p></td></tr><tr><td rowspan="1" colspan="1"><p>Coordenação-Geral</p></td><td rowspan="1" colspan="1"><p>3</p></td><td rowspan="1" colspan="1"><p>Coordenador-Geral</p></td><td rowspan="1" colspan="1"><p>FCE 1.13</p></td></tr><tr><td rowspan="1" colspan="1"><p></p></td><td rowspan="1" colspan="1"><p>1</p></td><td rowspan="1" colspan="1"><p>Assessor Técnico Especializado</p></td><td rowspan="1" colspan="1"><p>FCE 4.10</p></td></tr><tr><td rowspan="1" colspan="1"><p></p></td><td rowspan="1" colspan="1"><p>1</p></td><td rowspan="1" colspan="1"><p>Assessor Técnico Especializado</p></td><td rowspan="1" colspan="1"><p>FCE 4.08</p></td></tr><tr><td rowspan="1" colspan="1"><p></p></td><td rowspan="1" colspan="1"><p>1</p></td><td rowspan="1" colspan="1"><p>Assessor Técnico Especializado</p></td><td rowspan="1" colspan="1"><p>FCE 4.07</p></td></tr><tr><td rowspan="1" colspan="1"><p></p></td><td rowspan="1" colspan="1"><p>1</p></td><td rowspan="1" colspan="1"><p>Assessor Técnico Especializado</p></td><td rowspan="1" colspan="1"><p>FCE 4.05</p></td></tr><tr><td rowspan="1" colspan="1"><p></p></td><td rowspan="1" colspan="1"><p></p></td><td rowspan="1" colspan="1"><p></p></td><td rowspan="1" colspan="1"><p></p></td></tr><tr><td rowspan="1" colspan="1"><p>DEPARTAMENTO DE DOENÇAS TRANSMISSÍVEIS</p></td><td rowspan="1" colspan="1"><p>1</p></td><td rowspan="1" colspan="1"><p>Diretor</p></td><td rowspan="1" colspan="1"><p>CCE 1.15</p></td></tr><tr><td rowspan="1" colspan="1"><p>Coordenação-Geral</p></td><td rowspan="1" colspan="1"><p>1</p></td><td rowspan="1" colspan="1"><p>Coordenador-Geral</p></td><td rowspan="1" colspan="1"><p>CCE 1.13</p></td></tr><tr><td rowspan="1" colspan="1"><p>Coordenação-Geral</p></td><td rowspan="1" colspan="1"><p>4</p></td><td rowspan="1" colspan="1"><p>Coordenador-Geral</p></td><td rowspan="1" colspan="1"><p>FCE 1.13</p></td></tr><tr><td rowspan="1" colspan="1"><p></p></td><td rowspan="1" colspan="1"><p>1</p></td><td rowspan="1" colspan="1"><p>Assessor Técnico</p></td><td rowspan="1" colspan="1"><p>FCE 2.10</p></td></tr><tr><td rowspan="1" colspan="1"><p></p></td><td rowspan="1" colspan="1"><p>2</p></td><td rowspan="1" colspan="1"><p>Assessor Técnico Especializado</p></td><td rowspan="1" colspan="1"><p>FCE 4.07</p></td></tr><tr><td rowspan="1" colspan="1"><p></p></td><td rowspan="1" colspan="1"><p></p></td><td rowspan="1" colspan="1"><p></p></td><td rowspan="1" colspan="1"><p></p></td></tr><tr><td rowspan="1" colspan="1"><p>DEPARTAMENTO DE ANÁLISE EPIDEMIOLÓGICA E VIGILÂNCIA DE DOENÇAS NÃO TRANSMISSÍVEIS</p></td><td rowspan="1" colspan="1"><p>1</p></td><td rowspan="1" colspan="1"><p>Diretor</p></td><td rowspan="1" colspan="1"><p>CCE 1.15</p></td></tr><tr><td rowspan="1" colspan="1"><p>Coordenação-Geral</p></td><td rowspan="1" colspan="1"><p>2</p></td><td rowspan="1" colspan="1"><p>Coordenador-Geral</p></td><td rowspan="1" colspan="1"><p>CCE 1.13</p></td></tr><tr><td rowspan="1" colspan="1"><p>Coordenação-Geral</p></td><td rowspan="1" colspan="1"><p>1</p></td><td rowspan="1" colspan="1"><p>Coordenador-Geral</p></td><td rowspan="1" colspan="1"><p>FCE 1.13</p></td></tr><tr><td rowspan="1" colspan="1"><p>Coordenação</p></td><td rowspan="1" colspan="1"><p>2</p></td><td rowspan="1" colspan="1"><p>Coordenador</p></td><td rowspan="1" colspan="1"><p>FCE 1.10</p></td></tr><tr><td rowspan="1" colspan="1"><p></p></td><td rowspan="1" colspan="1"><p>2</p></td><td rowspan="1" colspan="1"><p>Assessor Técnico Especializado</p></td><td rowspan="1" colspan="1"><p>FCE 4.07</p></td></tr><tr><td rowspan="1" colspan="1"><p></p></td><td rowspan="1" colspan="1"><p></p></td><td rowspan="1" colspan="1"><p></p></td><td rowspan="1" colspan="1"><p></p></td></tr><tr><td rowspan="1" colspan="1"><p>DEPARTAMENTO DE AÇÕES ESTRATÉGICAS DE EPIDEMIOLOGIA E VIGILÂNCIA EM SAÚDE E AMBIENTE</p></td><td rowspan="1" colspan="1"><p>1</p></td><td rowspan="1" colspan="1"><p>Diretor</p></td><td rowspan="1" colspan="1"><p>CCE 1.15</p></td></tr><tr><td rowspan="1" colspan="1"><p>Coordenação-Geral</p></td><td rowspan="1" colspan="1"><p>1</p></td><td rowspan="1" colspan="1"><p>Coordenador-Geral</p></td><td rowspan="1" colspan="1"><p>CCE 1.13</p></td></tr><tr><td rowspan="1" colspan="1"><p>Coordenação-Geral</p></td><td rowspan="1" colspan="1"><p>2</p></td><td rowspan="1" colspan="1"><p>Coordenador-Geral</p></td><td rowspan="1" colspan="1"><p>FCE 1.13</p></td></tr><tr><td rowspan="1" colspan="1"><p></p></td><td rowspan="1" colspan="1"><p>2</p></td><td rowspan="1" colspan="1"><p>Assessor Técnico Especializado</p></td><td rowspan="1" colspan="1"><p>FCE 4.07</p></td></tr><tr><td rowspan="1" colspan="1"><p></p></td><td rowspan="1" colspan="1"><p>1</p></td><td rowspan="1" colspan="1"><p>Assessor Técnico Especializado</p></td><td rowspan="1" colspan="1"><p>FCE 4.05</p></td></tr><tr><td rowspan="1" colspan="1"><p></p></td><td rowspan="1" colspan="1"><p></p></td><td rowspan="1" colspan="1"><p></p></td><td rowspan="1" colspan="1"><p></p></td></tr><tr><td rowspan="1" colspan="1"><p>DEPARTAMENTO DE HIV/AIDS, TUBERCULOSE, HEPATITES VIRAIS E INFECÇÕES SEXUALMENTE TRANSMISSÍVEIS</p></td><td rowspan="1" colspan="1"><p>1</p></td><td rowspan="1" colspan="1"><p>Diretor</p></td><td rowspan="1" colspan="1"><p>CCE 1.15</p></td></tr><tr><td rowspan="1" colspan="1"><p>Coordenação-Geral</p></td><td rowspan="1" colspan="1"><p>3</p></td><td rowspan="1" colspan="1"><p>Coordenador-Geral</p></td><td rowspan="1" colspan="1"><p>CCE 1.13</p></td></tr><tr><td rowspan="1" colspan="1"><p>Coordenação-Geral</p></td><td rowspan="1" colspan="1"><p>1</p></td><td rowspan="1" colspan="1"><p>Coordenador-Geral</p></td><td rowspan="1" colspan="1"><p>FCE 1.13</p></td></tr><tr><td rowspan="1" colspan="1"><p></p></td><td rowspan="1" colspan="1"><p>3</p></td><td rowspan="1" colspan="1"><p>Assessor Técnico Especializado</p></td><td rowspan="1" colspan="1"><p>FCE 4.10</p></td></tr><tr><td rowspan="1" colspan="1"><p></p></td><td rowspan="1" colspan="1"><p>1</p></td><td rowspan="1" colspan="1"><p>Assessor Técnico Especializado</p></td><td rowspan="1" colspan="1"><p>FCE 4.07</p></td></tr><tr><td rowspan="1" colspan="1"><p></p></td><td rowspan="1" colspan="1"><p></p></td><td rowspan="1" colspan="1"><p></p></td><td rowspan="1" colspan="1"><p></p></td></tr><tr><td rowspan="1" colspan="1"><p>DEPARTAMENTO DE VIGILÂNCIA EM SAÚDE AMBIENTAL E SAÚDE DO TRABALHADOR</p></td><td rowspan="1" colspan="1"><p>1</p></td><td rowspan="1" colspan="1"><p>Diretor</p></td><td rowspan="1" colspan="1"><p>CCE 1.15</p></td></tr><tr><td rowspan="1" colspan="1"><p>Coordenação-Geral</p></td><td rowspan="1" colspan="1"><p>1</p></td><td rowspan="1" colspan="1"><p>Coordenador-Geral</p></td><td rowspan="1" colspan="1"><p>CCE 1.13</p></td></tr><tr><td rowspan="1" colspan="1"><p>Coordenação-Geral</p></td><td rowspan="1" colspan="1"><p>2</p></td><td rowspan="1" colspan="1"><p>Coordenador-Geral</p></td><td rowspan="1" colspan="1"><p>FCE 1.13</p></td></tr><tr><td rowspan="1" colspan="1"><p>Coordenação</p></td><td rowspan="1" colspan="1"><p>2</p></td><td rowspan="1" colspan="1"><p>Coordenador</p></td><td rowspan="1" colspan="1"><p>FCE 1.10</p></td></tr><tr><td rowspan="1" colspan="1"><p></p></td><td rowspan="1" colspan="1"><p>1</p></td><td rowspan="1" colspan="1"><p>Assessor Técnico Especializado</p></td><td rowspan="1" colspan="1"><p>FCE 4.07</p></td></tr><tr><td rowspan="1" colspan="1"><p></p></td><td rowspan="1" colspan="1"><p></p></td><td rowspan="1" colspan="1"><p></p></td><td rowspan="1" colspan="1"><p></p></td></tr><tr><td rowspan="1" colspan="1"><p>DEPARTAMENTO DE EMERGÊNCIAS EM SAÚDE PÚBLICA</p></td><td rowspan="1" colspan="1"><p>1</p></td><td rowspan="1" colspan="1"><p>Diretor</p></td><td rowspan="1" colspan="1"><p>CCE 1.16</p></td></tr><tr><td rowspan="1" colspan="1"><p>Coordenação-Geral</p></td><td rowspan="1" colspan="1"><p>1</p></td><td rowspan="1" colspan="1"><p>Coordenador-Geral</p></td><td rowspan="1" colspan="1"><p>CCE 1.14</p></td></tr><tr><td rowspan="1" colspan="1"><p>Coordenação-Geral</p></td><td rowspan="1" colspan="1"><p>1</p></td><td rowspan="1" colspan="1"><p>Coordenador-Geral</p></td><td rowspan="1" colspan="1"><p>CCE 1.13</p></td></tr><tr><td rowspan="1" colspan="1"><p>Coordenação-Geral</p></td><td rowspan="1" colspan="1"><p>1</p></td><td rowspan="1" colspan="1"><p>Coordenador-Geral</p></td><td rowspan="1" colspan="1"><p>FCE 1.13</p></td></tr><tr><td rowspan="1" colspan="1"><p>Coordenação</p></td><td rowspan="1" colspan="1"><p>2</p></td><td rowspan="1" colspan="1"><p>Coordenador</p></td><td rowspan="1" colspan="1"><p>CCE 1.10</p></td></tr><tr><td rowspan="1" colspan="1"><p></p></td><td rowspan="1" colspan="1"><p>1</p></td><td rowspan="1" colspan="1"><p>Assessor Técnico</p></td><td rowspan="1" colspan="1"><p>FCE 2.10</p></td></tr><tr><td rowspan="1" colspan="1"><p></p></td><td rowspan="1" colspan="1"><p>1</p></td><td rowspan="1" colspan="1"><p>Assistente</p></td><td rowspan="1" colspan="1"><p>CCE 2.07</p></td></tr><tr><td rowspan="1" colspan="1"><p></p></td><td rowspan="1" colspan="1"><p>1</p></td><td rowspan="1" colspan="1"><p>Assistente Técnico</p></td><td rowspan="1" colspan="1"><p>CCE 2.04</p></td></tr><tr><td rowspan="1" colspan="1"><p></p></td><td rowspan="1" colspan="1"><p></p></td><td rowspan="1" colspan="1"><p></p></td><td rowspan="1" colspan="1"><p></p></td></tr><tr><td rowspan="1" colspan="1"><p>SECRETARIA DE SAÚDE INDÍGENA</p></td><td rowspan="1" colspan="1"><p>1</p></td><td rowspan="1" colspan="1"><p>Secretário</p></td><td rowspan="1" colspan="1"><p>CCE 1.17</p></td></tr><tr><td rowspan="1" colspan="1"><p></p></td><td rowspan="1" colspan="1"><p>1</p></td><td rowspan="1" colspan="1"><p>Secretário Adjunto</p></td><td rowspan="1" colspan="1"><p>CCE 1.16</p></td></tr><tr><td rowspan="1" colspan="1"><p>Gabinete</p></td><td rowspan="1" colspan="1"><p>1</p></td><td rowspan="1" colspan="1"><p>Chefe de Gabinete</p></td><td rowspan="1" colspan="1"><p>CCE 1.13</p></td></tr><tr><td rowspan="1" colspan="1"><p>Coordenação-Geral</p></td><td rowspan="1" colspan="1"><p>2</p></td><td rowspan="1" colspan="1"><p>Coordenador-Geral</p></td><td rowspan="1" colspan="1"><p>CCE 1.13</p></td></tr><tr><td rowspan="1" colspan="1"><p></p></td><td rowspan="1" colspan="1"><p>1</p></td><td rowspan="1" colspan="1"><p>Gerente de Projeto</p></td><td rowspan="1" colspan="1"><p>CCE 3.13</p></td></tr><tr><td rowspan="1" colspan="1"><p>Coordenação-Geral</p></td><td rowspan="1" colspan="1"><p>3</p></td><td rowspan="1" colspan="1"><p>Coordenador-Geral</p></td><td rowspan="1" colspan="1"><p>FCE 1.13</p></td></tr><tr><td rowspan="1" colspan="1"><p>Coordenação</p></td><td rowspan="1" colspan="1"><p>4</p></td><td rowspan="1" colspan="1"><p>Coordenador</p></td><td rowspan="1" colspan="1"><p>FCE 1.10</p></td></tr><tr><td rowspan="1" colspan="1"><p>Divisão</p></td><td rowspan="1" colspan="1"><p>1</p></td><td rowspan="1" colspan="1"><p>Chefe</p></td><td rowspan="1" colspan="1"><p>FCE 1.09</p></td></tr><tr><td rowspan="1" colspan="1"><p>Serviço</p></td><td rowspan="1" colspan="1"><p>1</p></td><td rowspan="1" colspan="1"><p>Chefe</p></td><td rowspan="1" colspan="1"><p>FCE 1.05</p></td></tr><tr><td rowspan="1" colspan="1"><p></p></td><td rowspan="1" colspan="1"><p>1</p></td><td rowspan="1" colspan="1"><p>Assessor Técnico Especializado</p></td><td rowspan="1" colspan="1"><p>FCE 4.04</p></td></tr><tr><td rowspan="1" colspan="1"><p></p></td><td rowspan="1" colspan="1"><p></p></td><td rowspan="1" colspan="1"><p></p></td><td rowspan="1" colspan="1"><p></p></td></tr><tr><td rowspan="1" colspan="1"><p>DEPARTAMENTO DE ATENÇÃO PRIMÁRIA À SAÚDE INDÍGENA</p></td><td rowspan="1" colspan="1"><p>1</p></td><td rowspan="1" colspan="1"><p>Diretor</p></td><td rowspan="1" colspan="1"><p>CCE 1.15</p></td></tr><tr><td rowspan="1" colspan="1"><p>Coordenação-Geral</p></td><td rowspan="1" colspan="1"><p>1</p></td><td rowspan="1" colspan="1"><p>Coordenador-Geral</p></td><td rowspan="1" colspan="1"><p>FCE 1.13</p></td></tr><tr><td rowspan="1" colspan="1"><p>Coordenação</p></td><td rowspan="1" colspan="1"><p>4</p></td><td rowspan="1" colspan="1"><p>Coordenador</p></td><td rowspan="1" colspan="1"><p>FCE 1.10</p></td></tr><tr><td rowspan="1" colspan="1"><p>Casa de Apoio à Saúde Indígena Nacional</p></td><td rowspan="1" colspan="1"><p>2</p></td><td rowspan="1" colspan="1"><p>Chefe</p></td><td rowspan="1" colspan="1"><p>FCE 1.09</p></td></tr><tr><td rowspan="1" colspan="1"><p></p></td><td rowspan="1" colspan="1"><p>1</p></td><td rowspan="1" colspan="1"><p>Assessor Técnico Especializado</p></td><td rowspan="1" colspan="1"><p>FCE 4.07</p></td></tr><tr><td rowspan="1" colspan="1"><p></p></td><td rowspan="1" colspan="1"><p></p></td><td rowspan="1" colspan="1"><p></p></td><td rowspan="1" colspan="1"><p></p></td></tr></table>]]></Texto>
  </body>
  <Midias />
</article></xml>