﻿<xml><article id="46239652" name="PA 18139-GTQC-SPL" idOficio="11379564" pubName="DO1" artType="Portaria" pubDate="03/11/2025" artClass="00041:00019:01104:00011:00000:00000:00000:00000:00000:00000:00054:00000" artCategory="Ministério de Portos e Aeroportos/Agência Nacional de Aviação Civil/Superintendência de Pessoal da Aviação Civil/Gerência Técnica de Qualidade e Certificação de Pessoal" artSize="12" artNotes="ok" numberPage="78" pdfPage="http://pesquisa.in.gov.br/imprensa/jsp/visualiza/index.jsp?data=03/11/2025&amp;jornal=515&amp;pagina=78" editionNumber="209" highlightType="" highlightPriority="" highlight="" highlightimage="" highlightimagename="" idMateria="23276953">
  <body>
    <Identifica><![CDATA[ PORTARIA Nº 18.139, DE 30 DE OUTUBRO DE 2025]]></Identifica>
    <Data><![CDATA[]]></Data>
    <Ementa />
    <Titulo />
    <SubTitulo />
    <Texto><![CDATA[<p class="identifica">PORTARIA Nº 18.139, DE 30 DE OUTUBRO DE 2025</p><p>O GERENTE TÉCNICO DE QUALIDADE E CERTIFICAÇÃO DE PESSOAL, no uso das atribuições que lhe conferem o art. 21 da Portaria nº 13.517/SPL, de 2 de janeiro de 2024, e considerando o que consta do processo nº 00065.025703/2025-52, resolve:</p><p>Art. 1º Tornar pública a efetivação da decisão administrativa de suspensão punitiva de todas as licenças de piloto e habilitações a elas averbadas, entre os dias 5 de novembro e 15 de dezembro de 2025, pertencentes ao aeronauta MARIO ANSELMO MATHEUS, detentor do CANAC 122035.</p><p>Art. 2º Esta portaria entra em vigor na data de sua publicação.</p><p class="assina">JOSÉ LUIZ POVILL DE SOUZA</p>]]></Texto>
  </body>
  <Midias />
</article></xml>