﻿<xml><article id="46239925" name="resolucao_4352_2025 GGMED" idOficio="11379573" pubName="DO1" artType="Resolução" pubDate="03/11/2025" artClass="00047:00048:00014:00008:00000:00000:00000:00000:00000:00000:00064:34352" artCategory="Ministério da Saúde/Agência Nacional de Vigilância Sanitária/2ª Diretoria/Gerência-Geral de Medicamentos" artSize="12" artNotes="" numberPage="106" pdfPage="http://pesquisa.in.gov.br/imprensa/jsp/visualiza/index.jsp?data=03/11/2025&amp;jornal=515&amp;pagina=106" editionNumber="209" highlightType="" highlightPriority="" highlight="" highlightimage="" highlightimagename="" idMateria="23277038">
  <body>
    <Identifica><![CDATA[ RESOLUÇÃO-RE Nº 4.352, DE 31 DE OUTUBRO DE 2025]]></Identifica>
    <Data><![CDATA[]]></Data>
    <Ementa />
    <Titulo />
    <SubTitulo />
    <Texto><![CDATA[<p class="identifica">RESOLUÇÃO-RE Nº 4.352, DE 31 DE OUTUBRO DE 2025</p><p>O GERENTE-GERAL DE MEDICAMENTOS DA AGÊNCIA NACIONAL DE VIGILÂNCIA SANITÁRIA, no uso das atribuições que lhe confere o art. 100, aliado ao art. 203, I, § 1º do Regimento Interno aprovado pela Resolução da Diretoria Colegiada - RDC nº 585, de 10 de dezembro de 2021, resolve:</p><p>Art. 1º Deferir petições relacionadas à Gerência-Geral de Medicamentos, conforme anexo.</p><p>Art. 2º Esta Resolução entra em vigor na data de sua publicação.</p><p class="assina">RAPHAEL SANCHES PEREIRA</p><p class="anexo">ANEXO</p><p>NOME DA EMPRESA CNPJ</p><p>PRINCIPIO(S) ATIVO(S)</p><p>NOME DO PRODUTO NUMERO DO PROCESSO VENCIMENTO DA AUTORIZAÇÃO SANITÁRIA</p><p>ASSUNTO DA PETIÇÃO EXPEDIENTE</p><p>AUTORIZAÇÃO SANITÁRIA VALIDADE</p><p>APRESENTAÇÃO DO PRODUTO</p><p>COMPLEMENTO DIFERENCIAL DA APRESENTAÇÃO</p><p>-----------------------------------------------</p><p>FARMAUSA LIFE SCIENCE LTDA 41913600000128</p><p>canabidiol</p><p>CANABIDIOL LIFE SCIENCE 200MG/ML 25351.363934/2024-86 11/2030</p><p>11537 PRODUTOS DE CANNABIS (FITOFÁRMACO) - AUTORIZAÇÃO SANITÁRIA (COM CONCENTRAÇÃO DE THC ATÉ 0,2%) 0889435/24-3</p><p>1.8389.0001.001-4 36 Meses</p><p>200 MG/ML SOL OR CT FR VD AMB X 30 ML + SER DOS</p><p>Não Informado</p><p>-----------------------------------------------</p><p>FARMOQUÍMICA S/A 33349473000158</p><p>CANNABIS SATIVA L.</p><p>EXTRATO DE CANNABIS SATIVA FQM 25351.619933/2022-30 08/2029</p><p>11543 PRODUTO DE CANNABIS - ALTERAÇÃO DO PRAZO DE VALIDADE E CUIDADOS DE CONSERVAÇÃO 1699910/24-3</p><p>1.0390.0230.001-0 36 Meses</p><p>200 MG/ML SOL GOT CT FR GOT VD AMB X 10 ML</p><p>200 MG/ML</p><p>1.0390.0230.002-9 36 Meses</p><p>200 MG/ML SOL GOT CT FR GOT VD AMB X 30 ML</p><p>200 MG/ML</p><p>-----------------------------------------------</p><p>FUNDAÇÃO OSWALDO CRUZ 33781055000135</p><p>canabidiol</p><p>CANABIDIOL FARMANGUINHOS 25351.225511/2021-16 05/2026</p><p>11540 PRODUTO DE CANNABIS - ALTERAÇÃO DO LOCAL DE FABRICAÇÃO DO DERIVADO VEGETAL OU FITOFÁRMACO 0586148/25-6</p><p>1.1063.0158.001-5 24 Meses</p><p>200 MG/ML SOL OR CT FR VD AMB X 30 ML + SER DOS</p><p>200 MG/ML</p>]]></Texto>
  </body>
  <Midias />
</article></xml>