﻿<xml><article id="46231279" name="resolucao_4286_2025 GGFIS" idOficio="11377879" pubName="DO1" artType="Resolução" pubDate="03/11/2025" artClass="00047:00048:00016:00006:00000:00000:00000:00000:00000:00000:00064:34286" artCategory="Ministério da Saúde/Agência Nacional de Vigilância Sanitária/4ª Diretoria/Gerência-Geral de Inspeção e Fiscalização Sanitária" artSize="12" artNotes="" numberPage="130" pdfPage="http://pesquisa.in.gov.br/imprensa/jsp/visualiza/index.jsp?data=03/11/2025&amp;jornal=515&amp;pagina=130" editionNumber="209" highlightType="" highlightPriority="" highlight="" highlightimage="" highlightimagename="" idMateria="23272415">
  <body>
    <Identifica><![CDATA[ RESOLUÇÃO-RE Nº 4.286, de 30 DE Outubro DE 2025]]></Identifica>
    <Data><![CDATA[]]></Data>
    <Ementa />
    <Titulo />
    <SubTitulo />
    <Texto><![CDATA[<p class="identifica">RESOLUÇÃO-RE Nº 4.286, de 30 DE Outubro DE 2025</p><p>O GERENTE-GERAL DE INSPEÇÃO E FISCALIZAÇÃO SANITÁRIA DA AGÊNCIA NACIONAL DE VIGILÂNCIA SANITÁRIA, no uso das atribuições que lhe confere o art. 140, aliado ao art. 203, I, § 1º do Regimento Interno aprovado pela Resolução da Diretoria Colegiada - RDC nº 585, de 10 de dezembro de 2021, e</p><p>considerando o cumprimento dos requisitos de Boas Práticas de Fabricação preconizados em legislação vigente, resolve:</p><p>Art. 1º Conceder a Certificação de Boas Práticas de Fabricação de Produtos para Saúde às empresas constantes no anexo.</p><p>Art. 2º A presente Certificação tem validade de 2 (dois) anos a partir da sua publicação.</p><p>Art. 3º Esta Resolução entra em vigor na data de sua publicação.</p><p class="assina">MARCUS AURéLIO MIRANDA DE ARAÚJO</p><p class="cargo">ANEXO</p><p>Fabricante: AJU PHARM CO., LTD</p><p>Endereço: A-207, 697, Pangyo-ro, Bundang-gu, Seongnam-si, Gyeonggi-do, 8213 - Coreia do Sul</p><p>Solicitante: BIOSINTESE HOSPITALAR LTDA CNPJ: 01.086.229/0001-53</p><p>Autorização de Funcionamento: 8001245 Expediente: 1705755/24-1</p><p>Certificado de Boas Práticas de Fabricação de Produtos para Saúde.</p><p>Materiais de uso médico das classes III e IV.</p><p>Motivo: Subsidiado por relatório de inspeções anteriores e abordagem baseada em risco.</p><p>----------------------------------------------------</p><p>Fabricante: Allanmar International Company S.R.L.</p><p>Endereço: Hilarión de la Quintana 833, Rosário, Província de Santa Fé, 2000 - Argentina</p><p>Solicitante: MG Osteo Pharma Distribuidora de Medicamentos Ltda CNPJ: 32.113.121/0001-36</p><p>Autorização de Funcionamento: 8229888 Expediente: 0442094/25-6</p><p>Certificado de Boas Práticas de Fabricação de Produtos para Saúde.</p><p>Materiais de uso médico das classes III e IV.</p><p>Motivo: Subsidiado por relatório de inspeção, requisito necessário para decisão do ato.</p><p>----------------------------------------------------</p><p>Fabricante: Carniaflex Srl.</p><p>Endereço: Via Nazionale 8, Paluzza (UD), 33026 - Itália</p><p>Solicitante: Enovis Surgical Brasil Ltda. CNPJ: 03.117.039/0001-81</p><p>Autorização de Funcionamento: 8007018 Expediente: 1302348/24-8</p><p>Certificado de Boas Práticas de Fabricação de Produtos para Saúde.</p><p>Materiais de uso médico da classe IV.</p><p>Motivo: Subsidiado por relatório de inspeções anteriores e abordagem baseada em risco.</p><p>----------------------------------------------------</p><p>Fabricante: EPflex Feinwerktechnik GmbH</p><p>Endereço: Im Schwöllbogen 24, Dettingen an der Erms, Baden-Württemberg, 72851 - Alemanha</p><p>Solicitante: Bard Brasil Indústria e Comércio de Produtos para a Saúde Ltda CNPJ: 10.818.693/0001-88</p><p>Autorização de Funcionamento: 8068909 Expediente: 1202682/25-1</p><p>Certificado de Boas Práticas de Fabricação de Produtos para Saúde.</p><p>Materiais de uso médico da classe IV.</p><p>Motivo: Subsidiado por relatório de inspeções anteriores e abordagem baseada em risco.</p><p>----------------------------------------------------</p><p>Fabricante: Millstone Medical Outsourcing, LLC</p><p>Endereço: 580 Commerce Drive Fall River, Massachusetts, 02720 - Estados Unidos da América</p><p>Solicitante: Stryker do Brasil Ltda CNPJ: 02.966.317/0001-02</p><p>Autorização de Funcionamento: 8000543 Expediente: 0241390/25-7</p><p>Certificado de Boas Práticas de Fabricação de Produtos para Saúde.</p><p>Materiais de uso médico da classe IV.</p><p>Motivo: Subsidiado por relatório de inspeção, requisito necessário para decisão do ato.</p><p>----------------------------------------------------</p><p>Fabricante: Valdepharm</p><p>Endereço: Parc Industriel D'incarville, Parc De La Fringale - CS 10606, Val De Reuil Cedex, 27106 - França</p><p>Solicitante: Mandala Brasil Importação e Distribuição de Produto Médico Hospitalar Ltda CNPJ: 09.117.476/0001-81</p><p>Autorização de Funcionamento: 8068636 Expediente: 1449421/24-5</p><p>Certificado de Boas Práticas de Fabricação de Produtos para Saúde.</p><p>Materiais de uso médico da classe IV.</p><p>Motivo: Subsidiado por relatório de inspeção, requisito necessário para decisão do ato.</p>]]></Texto>
  </body>
  <Midias />
</article></xml>