﻿<xml><article id="46235887" name="31.10.25 - Notificacao de indefe" idOficio="11379001" pubName="DO1" artType="Despacho" pubDate="03/11/2025" artClass="00033:00052:00005:00003:00002:00000:00000:00000:00000:00000:00010:00003" artCategory="Ministério da Justiça e Segurança Pública/Secretaria Nacional de Justiça/Departamento de Migrações/Coordenação-Geral de Política Migratória/Coordenação de Processos Migratórios/Divisão de Naturalização, Nacionalidade e Apatridia" artSize="12" artNotes="" numberPage="68" pdfPage="http://pesquisa.in.gov.br/imprensa/jsp/visualiza/index.jsp?data=03/11/2025&amp;jornal=515&amp;pagina=68" editionNumber="209" highlightType="" highlightPriority="" highlight="" highlightimage="" highlightimagename="" idMateria="23276076">
  <body>
    <Identifica />
    <Data><![CDATA[]]></Data>
    <Ementa />
    <Titulo />
    <SubTitulo />
    <Texto><![CDATA[<p>Código: 753.142</p><p>Assunto: Indeferimento do pedido</p><p>Processo: 235881.0637145/2025</p><p>Interessado: LUIS ALBERTO VILLARREAL FLEITAS</p><p>A COORDENADORA DE PROCESSOS MIGRATÓRIOS, no uso da competência delegada pela Portaria nº 623, de 13 de novembro de 2020, publicada no Diário Oficial da União, de 17 de novembro de 2020, indefere o pedido, por descumprimento do Art. 67 da Lei nº 13.445/2017, art. 239 incisos I, II e III do Decreto nº 9.199/2017 e nos Itens 3, 4, 5, 6 e 9 do Anexo II da Portaria nº 623/2020; Art. 56 e Item 8, Anexo II da Portaria nº 623/2020.</p><p>Código: 752.685</p><p>Assunto: Indeferimento do pedido</p><p>Processo: 235881.0636748/2025</p><p>Interessado: ANGEL MANUEL GRANA.</p><p>A COORDENADORA DE PROCESSOS MIGRATÓRIOS, no uso da competência delegada pela Portaria nº 623, de 13 de novembro de 2020, publicada no Diário Oficial da União, de 17 de novembro de 2020, indefere o pedido, por descumprimento do Art. 70 da Lei nº 13.445/2017 c/c Parágrafo Único do art. 221 da Lei nº 13.445/2017; Art. 246, §1º do Decreto nº 9.199/2017, tendo em vista que não apresentou os documentos constantes dos Itens 2 e 3 do Anexo IV da Portaria 623/2020.</p><p>Código: 752.632</p><p>Assunto: Indeferimento do pedido.</p><p>Processo: 235881.0636695/2025.</p><p>Interessado: ROSSANA DANIELA CORREA MARQUEZ</p><p>A COORDENADORA DE PROCESSOS MIGRATÓRIOS, no uso da competência delegada pela Portaria nº 623, de 13 de novembro de 2020, publicada no Diário Oficial da União, de 17 de novembro de 2020, indefere o pedido, por descumprimento dos incisos II, III e IV do Art. 65 da Lei nº 13.445/2017; dos incisos I, II, III, IV e V do Art. 234, do Decreto 9.199/2017, dos arts. 5º, 56 e itens 3, 4, 5, 6, 8, 9 e 13 do Anexo I, da Portaria nº 623/2020.</p><p>Código: 752.566</p><p>Assunto: Indeferimento do pedido.</p><p>Processo: 235881.0636633/2025.</p><p>Interessado: FRANCISCO ELIO BRUNETTI.</p><p>A COORDENADORA DE PROCESSOS MIGRATÓRIOS, no uso da competência delegada pela Portaria nº 623, de 13 de novembro de 2020, publicada no Diário Oficial da União, de 17 de novembro de 2020, indefere o pedido, por descumprimento dos incisos II, III e IV do art. 65 da Lei nº 13.445/2017; dos arts. 221 e incisos I, II, III, IV e V do 234, do Decreto 9.199/2017, dos arts. 5º, 56, e itens 3, 4, 5, 6, 8, 9 e 13 do Anexo I, da Portaria 623/2020.</p><p>Código: 752.564</p><p>Assunto: Indeferimento do pedido</p><p>Processo: 235881.0636632/2025</p><p>Interessado: ALICE YANG YAO YING</p><p>A COORDENADORA DE PROCESSOS MIGRATÓRIOS, no uso da competência delegada pela Portaria nº 623, de 13 de novembro de 2020, publicada no Diário Oficial da União, de 17 de novembro de 2020, indefere o pedido, por descumprimento do Art. 67 da Lei nº 13.445/2017; Art. 221, Art. 239, inciso III do Decreto nº 9.199/2017, tendo em vista que não apresentou os documentos constantes no Art. 56 e Itens 6, 8 Anexo II da Portaria nº 623/2020.</p><p>Código: 752.318</p><p>Assunto: Indeferimento do pedido</p><p>Processo: 235881.0636420/2025</p><p>Interessado: HUSSEIN DAOUD GHAYAD</p><p>A COORDENADORA DE PROCESSOS MIGRATÓRIOS, no uso da competência delegada pela Portaria nº 623, de 13 de novembro de 2020, publicada no Diário Oficial da União, de 17 de novembro de 2020, indefere o pedido, por descumprimento do Art. 67 da Lei nº 13.445/2017, do Art. 239 inciso III do Decreto nº 9.199/2017 e não apresentou os documentos constantes do item 6 do Anexo II da Portaria nº 623/2020.</p><p>Código: 752.317</p><p>Assunto: Indeferimento do pedido.</p><p>Processo: 235881.0636419/2025.</p><p>Interessado: MARIUS CRISTIAN FRUNZA.</p><p>A COORDENADORA DE PROCESSOS MIGRATÓRIOS, no uso da competência delegada pela Portaria nº 623, de 13 de novembro de 2020, publicada no Diário Oficial da União, de 17 de novembro de 2020, indefere o pedido, por descumprimento dos incisos II, III e IV do Art. 65 da Lei nº 13.445/2017; dos arts. 221 e incisos I, II, III, IV e V do Art. 234, do Decreto 9.199/2017, dos arts. 5º, 56 e itens 3, 4, 5, 6, 8, 9 e 13 do Anexo I, da Portaria nº 623/2020.</p><p>Código: 752.187</p><p>Assunto: Indeferimento do pedido.</p><p>Processo: 235881.0636299/2025.</p><p>Interessado: AMJAD ABDALKAREEM ALI MILHEM.</p><p>A COORDENADORA DE PROCESSOS MIGRATÓRIOS, no uso da competência delegada pela Portaria nº 623, de 13 de novembro de 2020, publicada no Diário Oficial da União, de 17 de novembro de 2020, indefere o pedido, por descumprimento dos incisos II, III e IV do art. 65 da Lei nº 13.445/2017; dos incisos I, II, III, IV e V do art. 234, do Decreto 9.199/2017, dos arts. 5º, 56, e itens 3, 4, 5, 6, 8, 9 e 13 do Anexo I, da Portaria 623/2020.</p><p>Código: 751.692</p><p>Assunto: Indeferimento do pedido.</p><p>Processo: 235881.0635863/2025.</p><p>Interessado: INNOCENT EBERE UKANYIRIOHA.</p><p>A COORDENADORA DE PROCESSOS MIGRATÓRIOS, no uso da competência delegada pela Portaria nº 623, de 13 de novembro de 2020, publicada no Diário Oficial da União, de 17 de novembro de 2020, indefere o pedido, por descumprimento dos incisos II, III e IV do art. 65 da Lei nº 13.445/2017; dos incisos I, II, III, IV e V do art. 234, do Decreto 9.199/2017, dos arts. 5º, 56, e itens 3, 4, 5, 6, 8, 9 e 13 do Anexo I, da Portaria 623/2020.</p><p>Código: 751.617</p><p>Assunto: Indeferimento do pedido.</p><p>Processo: 235881.0635790/2025.</p><p>Interessada: DANIELA VELASQUEZ PALAEZ.</p><p>A COORDENADORA DE PROCESSOS MIGRATÓRIOS, no uso da competência delegada pela Portaria nº 623, de 13 de novembro de 2020, publicada no Diário Oficial da União, de 17 de novembro de 2020, indefere o pedido, por descumprimento dos incisos II, III e IV do Art. 65 da Lei nº 13.445/2017; dos incisos I, II, III, IV e V do Art. 234, do Decreto 9.199/2017, dos arts. 5º, 56 e itens 3, 4, 5, 6, 8, 9 e 13 do Anexo I, da Portaria nº 623/2020.</p><p>Código: 750.718</p><p>Assunto: Indeferimento do pedido.</p><p>Processo: 235881.0634985/2025.</p><p>Interessada: MARYANN QUEENDALINE ANYA.</p><p>A COORDENADORA DE PROCESSOS MIGRATÓRIOS, no uso da competência delegada pela Portaria nº 623, de 13 de novembro de 2020, publicada no Diário Oficial da União, de 17 de novembro de 2020, indefere o pedido, por descumprimento do art. 65 incisos II, III e IV da Lei nº 13.445/2017, art. 234 incisos I, II, III, IV e V do Decreto 9.199/2017, por não ter apresentado os documentos constantes dos itens 3, 4, 5, 6 e 9 do Anexo I da Portaria 623/2020; Art. 56 e Item 8, Anexo I da Portaria 623/2020; Art. 5º e Item 13, Anexo I da Portaria 623/2020.</p><p>Código: 750.608</p><p>Assunto: Indeferimento do pedido.</p><p>Processo: 235881.0634902/2025.</p><p>Interessado: IVON MILAGROS RONDON VASQUEZ.</p><p>A COORDENADORA DE PROCESSOS MIGRATÓRIOS, no uso da competência delegada pela Portaria nº 623 de 13 de novembro de 2020, publicada no Diário Oficial da União, de 17 de novembro de 2020, considerando que o/a requerente foi notificado/a e não compareceu à Polícia Federal para conferência dos documentos originais e coleta biométrica, indefere o pedido tendo em vista o não cumprimento das exigências previstas no Art. 65, incisos II e IV da Lei nº 13.445/2017, c/c art. 227 e 234, incisos II, IV e V do Decreto nº 9.199/2017, e §2º, art. 7º e Itens 3, 5, 6 e 8 da Portaria nº 623 de 13 de novembro de 2020.</p><p>Código: 750.537</p><p>Assunto: Indeferimento do pedido</p><p>Processo: 235881.0634831/2025</p><p>Interessado: MIROSLAV ARTIUKHIN</p><p>A COORDENADORA DE PROCESSOS MIGRATÓRIOS, no uso da competência delegada pela Portaria nº 623, de 13 de novembro de 2020, publicada no Diário Oficial da União, de 17 de novembro de 2020, indefere o pedido, por descumprimento do artigo 70 da Lei nº 13.445/2017 c/c Parágrafo Único do art. 221, do Decreto nº 9.199/2017.</p><p>Código: 750.298</p><p>Assunto: Indeferimento do pedido.</p><p>Processo: 235881.0634643/2025.</p><p>Interessado: MARKENSON CENATUS.</p><p>A COORDENADORA DE PROCESSOS MIGRATÓRIOS, no uso da competência delegada pela Portaria nº 623, de 13 de novembro de 2020, publicada no Diário Oficial da União, de 17 de novembro de 2020, indefere o pedido, por descumprimento dos incisos II, III e IV do art. 65 da Lei nº 13.445/2017; dos incisos I, II, III, IV e V do art. 234, do Decreto 9.199/2017, dos arts. 5º, 7º, §2º, 56 e itens 3, 4, 5, 6, 8, 9 e 13 do Anexo I, da Portaria 623/2020.</p><p>Código: 750.210</p><p>Assunto: Indeferimento do pedido</p><p>Processo: 235881.0634586/2025</p><p>Interessado: JOZEF GCOWACKI</p><p>A COORDENADORA DE PROCESSOS MIGRATÓRIOS, no uso da competência delegada pela Portaria nº 623, de 13 de novembro de 2020, publicada no Diário Oficial da União, de 17 de novembro de 2020, indefere o pedido, por descumprimento ao disposto no Art. 67 da Lei nº 13.445/2017, art. 239 incisos I, II e III do Decreto nº 9.199/2017 e nos Itens 3, 4, 5, 6 e 9 do Anexo II da Portaria nº 623/2020; Art. 56 e Item 8, Anexo II da Portaria nº 623/2020.</p><p>Código: 750.100</p><p>Assunto: Indeferimento do pedido.</p><p>Processo: 235881.0634491/2025.</p><p>Interessado: MARCOS ANTONIO COTRINA SILVA.</p><p>A COORDENADORA DE PROCESSOS MIGRATÓRIOS, no uso da competência delegada pela Portaria nº 623, de 13 de novembro de 2020, publicada no Diário Oficial da União, de 17 de novembro de 2020, indefere o pedido, por descumprimento dos incisos II e III do Art. 65 da Lei nº 13.445/2017; dos incisos II e III do Art. 234, do Decreto 9.199/2017, dos arts. 5º, 7º, §2º, 56 e itens 8, 13 e 14 do Anexo I, da Portaria nº 623/2020.</p><p>Código: 750.006</p><p>Assunto: Indeferimento do pedido.</p><p>Processo: 235881.0634402/2025.</p><p>Interessada: FANTA MANE.</p><p>A COORDENADORA DE PROCESSOS MIGRATÓRIOS, no uso da competência delegada pela Portaria nº 623, de 13 de novembro de 2020, publicada no Diário Oficial da União, de 17 de novembro de 2020, indefere o pedido, por descumprimento dos incisos II, III e IV do art. 65 da Lei nº 13.445/2017; dos incisos I, II, III, IV e V do art. 234, do Decreto 9.199/2017, dos arts. 5º, 7º, §2º, 56 e itens 3, 4, 5, 6, 8, 9 e 13 do Anexo I, da Portaria 623/2020.</p><p>Código: 784.790</p><p>Assunto: Indeferimento do pedido</p><p>Processo: 235881.0665352/2025</p><p>Interessada: ANA CRISTINA R GOMES FERREIRA GUIMARAES</p><p>A COORDENADORA DE PROCESSOS MIGRATÓRIOS, no uso da competência delegada pela Portaria nº 623, de 13 de novembro de 2020, publicada no Diário Oficial da União, de 17 de novembro de 2020, indefere o pedido, por descumprimento do artigo 70 da Lei nº 13.445/2017 c/c Parágrafo Único; art. 246, do Decreto nº 9.199/2017 e que a requerente não apresentou os documentos dos itens 2 e 3 do Anexo IV e art. 56 da Portaria 623/2020.</p><p>Código: 776.971</p><p>Assunto: Indeferimento do pedido</p><p>Processo: 235881.0657851/2025</p><p>Interessado: MATT NERRY MELCHY MASSENAT MASSENAT</p><p>A COORDENADORA DE PROCESSOS MIGRATÓRIOS, no uso da competência delegada pela Portaria nº 623, de 13 de novembro de 2020, publicada no Diário Oficial da União, de 17 de novembro de 2020, indefere o pedido, por descumprimento do artigo 70 da Lei nº 13.445/2017 c/c Parágrafo Único do art. 221, do Decreto nº 9.199/2017 e que o requerente não apresentou os documentos dos itens 3, 4 e 5 do Anexo III; art. 56 da Portaria 623/2020.</p><p>Código: 772.393</p><p>Assunto: Indeferimento do pedido.</p><p>Processo: 235881.0653532/2025.</p><p>Interessada: BERLINE PORCENA JANVIER.</p><p>A COORDENADORA DE PROCESSOS MIGRATÓRIOS, no uso da competência delegada pela Portaria nº 623, de 13 de novembro de 2020, publicada no Diário Oficial da União, de 17 de novembro de 2020, indefere o pedido, por descumprimento do art. 65 inciso II da Lei nº 13.445/2017, do art. 234 inciso II do Decreto 9.199/2017, por não ter apresentado os documentos constantes do Art. 56 e Anexo I, Item 8 da Portaria 623/2020.</p><p>Código: 771.285</p><p>Assunto: Indeferimento do pedido</p><p>Processo: 235881.0652481/2025</p><p>Interessado: ADNAIKA CELENY.</p><p>A COORDENADORA DE PROCESSOS MIGRATÓRIOS, no uso da competência delegada pela Portaria nº 623, de 13 de novembro de 2020, publicada no Diário Oficial da União, de 17 de novembro de 2020, indefere o pedido, por descumprimento do Art. 70 da Lei nº 13.445/2017 c/c Parágrafo Único do art. 221.</p><p>Código: 749.860</p><p>Assunto: Indeferimento do pedido.</p><p>Processo: 235881.0634281/2025.</p><p>Interessada: ALMA MARIA FRANCO RODRIGUEZ.</p><p>A COORDENADORA DE PROCESSOS MIGRATÓRIOS, no uso da competência delegada pela Portaria nº 623, de 13 de novembro de 2020, publicada no Diário Oficial da União, de 17 de novembro de 2020, indefere o pedido, por descumprimento do art. 65 incisos II, III e IV da Lei nº 13.445/2017, do art. 234 incisos I, II, III, IV e V do Decreto 9.199/2017, por não ter apresentado os documentos constantes dos itens 3, 4, 5, 6 e 9 do Anexo I da Portaria 623/2020; Art. 56 e Item 8, Anexo I da Portaria 623/2020; Art. 5º e Item 13, Anexo I da Portaria 623/2020.</p><p>Código: 749.656</p><p>Assunto: Indeferimento do pedido</p><p>Processo: 235881.0634124/2025</p><p>Interessado: HENRIQUE DA SILVA DE CASTRO PINTO</p><p>A COORDENADORA DE PROCESSOS MIGRATÓRIOS, no uso da competência delegada pela Portaria nº 623, de 13 de novembro de 2020, publicada no Diário Oficial da União, de 17 de novembro de 2020, indefere o pedido, por descumprimento dos incisos II e IV do art. 65 da Lei nº 13.445/2017; dos incisos II, IV e V do art. 234, do Decreto 9.199/2017, dos arts. 7º, §2º, 56 e itens 5, 6, 8 e 9 do Anexo I, da Portaria 623/2020.</p><p>Código: 749.652</p><p>Assunto: Indeferimento do pedido</p><p>Processo: 235881.0634120/2025</p><p>Interessado: HENRIQUE DA SILVA DE CASTRO PINTO.</p><p>A COORDENADORA DE PROCESSOS MIGRATÓRIOS, no uso da competência delegada pela Portaria nº 623, de 13 de novembro de 2020, publicada no Diário Oficial da União, de 17 de novembro de 2020, indefere o pedido, por descumprimento do Art. 70, Parágrafo Único da Lei nº 13.445/2017; Art. 246, §1º do Decreto nº 9.199/2017, tendo em vista que não apresentou os documentos constantes dos Itens 2 e 3 do Anexo IV da Portaria 623/2020.</p><p>Código: 748.984</p><p>Assunto: Indeferimento do pedido.</p><p>Processo: 235881.0633546/2025.</p><p>Interessada: ARELYS BELTRAN CONSUEGRA.</p><p>A COORDENADORA DE PROCESSOS MIGRATÓRIOS, no uso da competência delegada pela Portaria nº 623, de 13 de novembro de 2020, publicada no Diário Oficial da União, de 17 de novembro de 2020, indefere o pedido, por descumprimento do inciso II do art. 65 da Lei nº 13.445/2017; do art. 221 do Decreto 9.199/2017, do art. 56 e item 8 do Anexo I, da Portaria 623/2020.</p><p>Código: 748.946</p><p>Assunto: Indeferimento do pedido.</p><p>Processo: 235881.0633508/2025.</p><p>Interessado: ADLIN ROBERTO MALLEA MENDEZ.</p><p>A COORDENADORA DE PROCESSOS MIGRATÓRIOS, no uso da competência delegada pela Portaria nº 623, de 13 de novembro de 2020, publicada no Diário Oficial da União, de 17 de novembro de 2020, indefere o pedido, por descumprimento do inciso II do art. 65 da Lei nº 13.445/2017; do art. 221, do Decreto 9.199/2017, do art. 56 e item 8 do Anexo I, da Portaria 623/2020.</p><p>Código: 748.017</p><p>Assunto: Indeferimento do pedido.</p><p>Processo: 235881.0632652/2025.</p><p>Interessada: WENDJI NADEGE PERASSO.</p><p>A COORDENADORA DE PROCESSOS MIGRATÓRIOS, no uso da competência delegada pela Portaria nº 623, de 13 de novembro de 2020, publicada no Diário Oficial da União, de 17 de novembro de 2020, indefere o pedido, por descumprimento dos incisos II, III e IV do art. 65 da Lei nº 13.445/2017; dos incisos I, II, III, IV e V do art. 234, do Decreto 9.199/2017, dos arts. 5º, 7º, §2º, 56 e itens 3, 4, 5, 6, 8, 9 e 13 do Anexo I, da Portaria 623/2020.</p><p>Código: 747.375</p><p>Assunto: Indeferimento do pedido.</p><p>Processo: 235881.0632100/2025.</p><p>Interessada: LEUDYS DARIANA MUNOZ RODRIGUEZ.</p><p>A COORDENADORA DE PROCESSOS MIGRATÓRIOS, no uso da competência delegada pela Portaria nº 623, de 13 de novembro de 2020, publicada no Diário Oficial da União, de 17 de novembro de 2020, indefere o pedido, por descumprimento do art. 65 incisos II, III e IV da Lei nº 13.445/2017, do Art. 233, §2º do Decreto 9.199/2017; art. 234 incisos I, II, III, IV e V do Decreto 9.199/2017, por não ter apresentado os documentos constantes dos itens 3, 4, 5, 6 e 9 do Anexo I da Portaria 623/2020; Art. 51 da Portaria 623/2020; Art. 56 e Item 8, Anexo I da Portaria 623/2020; Art. 5º e Item 13, Anexo I da Portaria 623/2020.</p><p>Código: 745.413</p><p>Assunto: Indeferimento do pedido</p><p>Processo: 235881.0630417/2025</p><p>Interessada: DEBELEN BASUALDO CENTURION</p><p>A COORDENADORA DE PROCESSOS MIGRATÓRIOS, no uso da competência delegada pela Portaria nº 623, de 13 de novembro de 2020, publicada no Diário Oficial da União, de 17 de novembro de 2020, indefere o pedido, por descumprimento do art. 67, da Lei nº 13.445/2017; dos arts. 221 e incisos I, II e III do 239 do Decreto 9.199/2017, do art. 56 e itens 5, 6, 8 e 9 do anexo II da Portaria 623/2020.</p><p>Código: 745.161</p><p>Assunto: Indeferimento do pedido.</p><p>Processo: 235881.0630177/2025.</p><p>Interessado: GUSTAVO ENRIQUE CUEVAS MEJIA.</p><p>A COORDENADORA DE PROCESSOS MIGRATÓRIOS, no uso da competência delegada pela Portaria nº 623, de 13 de novembro de 2020, publicada no Diário Oficial da União, de 17 de novembro de 2020, indefere o pedido, por descumprimento dos incisos II, III e IV do art. 65 da Lei nº 13.445/2017; dos incisos I, II, III, IV e V do art. 234, do Decreto 9.199/2017, dos arts. 5º, 56 e itens 3, 4, 5, 6, 8, 9 e 13 do Anexo I, da Portaria 623/2020.</p><p>Código: 745.128</p><p>Assunto: Indeferimento do pedido</p><p>Processo: 235881.0630152/2025</p><p>Interessado: HECTOR CECILIO QUIROGA</p><p>A COORDENADORA DE PROCESSOS MIGRATÓRIOS, no uso da competência delegada pela Portaria nº 623, de 13 de novembro de 2020, publicada no Diário Oficial da União, de 17 de novembro de 2020, indefere o pedido, por descumprimento do art. 67, da Lei nº 13.445/2017; dos incisos II e III do art. 239 do Decreto 9.199/2017, do art. 56 e itens 5, 6 e 8 do anexo II da Portaria 623/2020.</p><p>Código: 745.088</p><p>Assunto: Indeferimento do pedido.</p><p>Processo: 235881.0630118/2025.</p><p>Interessado: MINANI OMAYA.</p><p>A COORDENADORA DE PROCESSOS MIGRATÓRIOS, no uso da competência delegada pela Portaria nº 623, de 13 de novembro de 2020, publicada no Diário Oficial da União, de 17 de novembro de 2020, indefere o pedido, por descumprimento dos incisos II, III e IV do art. 65 da Lei nº 13.445/2017; dos incisos I, II, III, IV e V do art. 234, do Decreto 9.199/2017, dos arts. 5º, 56, e itens 3, 4, 5, 6, 7, 8, 9 e 13 do Anexo I, da Portaria 623/2020.</p><p>Código: 745.014</p><p>Assunto: Indeferimento do pedido</p><p>Processo: 235881.0630069/2025</p><p>Interessado: HORACIO DANIEL ATAMPIZ</p><p>A COORDENADORA DE PROCESSOS MIGRATÓRIOS, no uso da competência delegada pela Portaria nº 623, de 13 de novembro de 2020, publicada no Diário Oficial da União, de 17 de novembro de 2020, indefere o pedido, por descumprimento do Art. 70, parágrafo único, da Lei nº 13.445/2017; do art. 246, do Decreto 9.199/2017, do art. 56 e itens 2, 3 e 4 do anexo IV da Portaria 623/2020.</p><p>Código: 744.976</p><p>Assunto: Indeferimento do pedido.</p><p>Processo: 235881.0630041/2025.</p><p>Interessado: SERIGNE BASSE DIOUF.</p><p>A COORDENADORA DE PROCESSOS MIGRATÓRIOS, no uso da competência delegada pela Portaria nº 623, de 13 de novembro de 2020, publicada no Diário Oficial da União, de 17 de novembro de 2020, indefere o pedido, por descumprimento dos incisos II, III e IV do art. 65 da Lei nº 13.445/2017; dos arts. 221 e incisos I, II, III, IV e V do 234, do Decreto 9.199/2017, dos arts. 5º, 56 e itens 3, 4, 5, 6, 8, 9 e 13 do Anexo I, da Portaria 623/2020.</p><p>Código: 744.842</p><p>Assunto: Indeferimento do pedido.</p><p>Processo: 235881.0629917/2025.</p><p>Interessado: DAINER HIDALGO.</p><p>A COORDENADORA DE PROCESSOS MIGRATÓRIOS, no uso da competência delegada pela Portaria nº 623, de 13 de novembro de 2020, publicada no Diário Oficial da União, de 17 de novembro de 2020, indefere o pedido, por descumprimento dos incisos II, III e IV do art. 65 da Lei nº 13.445/2017; dos incisos I, II, III, IV e V do art. 234, do Decreto 9.199/2017, dos arts. 5º, 56 e itens 3, 4, 5, 6, 8, 9 e 13 do Anexo I, da Portaria 623/2020.</p><p>Código: 744.701</p><p>Assunto: Indeferimento do pedido</p><p>Processo: 235881.0629799/2025</p><p>Interessado: MINA MAGDY MAGAR METTRY</p><p>A COORDENADORA DE PROCESSOS MIGRATÓRIOS, no uso da competência delegada pela Portaria nº 623, de 13 de novembro de 2020, publicada no Diário Oficial da União, de 17 de novembro de 2020, indefere o pedido, por descumprimento do art. 67, da Lei nº 13.445/2017; dos arts. 221 e incisos I, II e III do 239 do Decreto 9.199/2017, do. art. 56 e itens 3, 4, 5, 6, 8 e 9 do anexo II da Portaria 623/2020.</p><p>Código: 742.646</p><p>Assunto: Indeferimento do pedido.</p><p>Processo: 235881.0642574/2025.</p><p>Interessado: YOLICAR TERESA CARRILLO RAMOS</p><p>A COORDENADORA DE PROCESSOS MIGRATÓRIOS, no uso da competência delegada pela Portaria nº 623, de 13 de novembro de 2020, publicada no Diário Oficial da União, de 17 de novembro de 2020, indefere o pedido, por descumprimento do Art. 65, inciso III da Lei 13.445/2017, Art. 234, inciso III do Decreto 9.199/2017, tendo em vista que a interessada não apresentou os documentos constante no Art. 5º e item 13 do Anexo I da Portaria 623/2020.</p><p>Código: 738.392</p><p>Assunto: Indeferimento do pedido</p><p>Processo: 235881.0624184/2025.</p><p>Interessado: DIANA JAZMIN COHEN TORRES.</p><p>A COORDENADORA DE PROCESSOS MIGRATÓRIOS, no uso da competência delegada pela Portaria nº 623, de 13 de novembro de 2020, publicada no Diário Oficial da União, de 17 de novembro de 2020, indefere o pedido, por descumprimento do Art. 67 da Lei nº 13.445/2017; Art. 239, inciso III do Decreto 9.199/2017, tendo em vista que a requerente não apresentou os documentos constantes dos itens 4, 6, 8 e 9 do Anexo II da Portaria 623/2020.</p><p>Código: 737.368</p><p>Assunto: Indeferimento do pedido.</p><p>Processo: 235881.0623309/2025.</p><p>Interessado: RAQUEL ANDRE SOUSA.</p><p>A COORDENADORA DE PROCESSOS MIGRATÓRIOS, no uso da competência delegada pela Portaria nº 623 de 13 de novembro de 2020, publicada no Diário Oficial da União, de 17 de novembro de 2020, considerando que a requerente foi notificada e não compareceu na Polícia Federal para conferência dos documentos originais e coleta biométrica indefere o pedido tendo em vista o não cumprimento das exigências previstas no Art. 65, inciso II da Lei nº 13.445/2017, c/c Art. 227 e Art. 234, inciso II do Decreto nº 9.199/2017, art. 7, §2º da Portaria nº 623/2020.</p><p>Código: 737.079</p><p>Assunto: Indeferimento do pedido.</p><p>Processo: 235881.0623070/2025.</p><p>Interessado: WAEEL JALAHJ.</p><p>A COORDENADORA DE PROCESSOS MIGRATÓRIOS, no uso da competência delegada pela Portaria nº 623 de 13 de novembro de 2020, publicada no Diário Oficial da União, de 17 de novembro de 2020, considerando que o requerente foi notificado e não compareceu na Polícia Federal para conferência dos documentos originais e coleta biométrica indefere o pedido tendo em vista o não cumprimento das exigências previstas no Art. 65 da Lei nº 13.445/2017, c/c Art. 227 do Decreto nº 9.199/2017, art. 7, §2º da Portaria nº 623/2020.</p><p>Código: 736.837</p><p>Assunto: Indeferimento do pedido.</p><p>Processo: 235881.0622912/2025.</p><p>Interessado: MOUH SSINOU AFFO OURO NIMINI.</p><p>A COORDENADORA DE PROCESSOS MIGRATÓRIOS, no uso da competência delegada pela Portaria nº 623, de 13 de novembro de 2020, publicada no Diário Oficial da União, de 17 de novembro de 2020, indefere o pedido, por descumprimento do Art. 65 incisos II, III e IV da Lei nº 13.445/2017; Art. 234, incisos II, III, IV e V do Decreto 9.199/2017, tendo em vista que o interessado não apresentou os documentos constantes dos Arts. 5º e 56 e dos itens 5, 6, 8 e 13 do Anexo I da Portaria 623/2020.</p><p>Código: 736.496</p><p>Assunto: Indeferimento do pedido.</p><p>Processo: 235881.0622609/2025.</p><p>Interessada: OLEINE GELAIN.</p><p>A COORDENADORA DE PROCESSOS MIGRATÓRIOS, no uso da competência delegada pela Portaria nº 623, de 13 de novembro de 2020, publicada no Diário Oficial da União, de 17 de novembro de 2020, indefere o pedido, por descumprimento do Art. 65, incisos III e IV da Lei nº 13.445/2017; Art. 234, incisos III, IV e V do Decreto 9.199/2017, tendo em vista que a interessada não apresentou os documentos constantes do Art. 5º e dos itens 5, 6 e 13 do Anexo I da Portaria 623/2020.</p><p>Código: 736.419</p><p>Assunto: Indeferimento do pedido</p><p>Processo: 235881.0622554/2025</p><p>Interessado: FELIX LAZARTE CONDORI</p><p>A COORDENADORA DE PROCESSOS MIGRATÓRIOS, no uso da competência delegada pela Portaria nº 623, de 13 de novembro de 2020, publicada no Diário Oficial da União, de 17 de novembro de 2020, indefere o pedido, por descumprimento do art. 67 da Lei nº 13.445/2017; Arts. 234 e 239, incisos I, II e III do Decreto 9.199/2017, tendo em vista que o interessado não apresentou os documentos constantes do Art. 56 e dos itens 3, 4, 5, 6, 8 e 9 do Anexo II da Portaria 623/2020.</p><p>Código: 736.257</p><p>Assunto: Indeferimento do pedido.</p><p>Processo: 235881.0622433/2025.</p><p>Interessada: NELSYS YURIMA MARCANO RODRIGUEZ.</p><p>A COORDENADORA DE PROCESSOS MIGRATÓRIOS, no uso da competência delegada pela Portaria nº 623, de 13 de novembro de 2020, publicada no Diário Oficial da União, de 17 de novembro de 2020, indefere o pedido, por descumprimento do Art. 65, incisos II, III e IV da Lei nº 13.445/2017; Art. 234, incisos I, II, III, IV e V do Decreto 9.199/2017, tendo em vista que a interessada não apresentou os documentos constantes dos Arts. 5º e 56 e dos itens 3, 4, 5, 6, 8, 9 e 13 do Anexo I da Portaria 623/2020.</p><p>Código: 736.243</p><p>Assunto: Indeferimento do pedido.</p><p>Processo: 235881.0622419/2025.</p><p>Interessado: SONIA SURPRICE PIERRE.</p><p>A COORDENADORA DE PROCESSOS MIGRATÓRIOS, no uso da competência delegada pela Portaria nº 623 de 13 de novembro de 2020, publicada no Diário Oficial da União, de 17 de novembro de 2020, considerando que a requerente foi notificada e não compareceu na Polícia Federal para conferência dos documentos originais e coleta biométrica indefere o pedido tendo em vista o não cumprimento das exigências previstas no Art. 65 da Lei nº 13.445/2017, c/c Art. 227 do Decreto nº 9.199/2017, art. 7, §2º da Portaria nº 623/2020.</p><p>Código: 736.236</p><p>Assunto: Indeferimento do pedido.</p><p>Processo: 235881.0622412/2025.</p><p>Interessado: DUMAS FERNANDO MERCADO ZERPA.</p><p>A COORDENADORA DE PROCESSOS MIGRATÓRIOS, no uso da competência delegada pela Portaria nº 623, de 13 de novembro de 2020, publicada no Diário Oficial da União, de 17 de novembro de 2020, indefere o pedido, por descumprimento do Art. 65, incisos II e IV da Lei nº 13.445/2017; Art. 234, incisos II e V do Decreto 9.199/2017, tendo em vista que não apresentou os documentos constantes dos itens 6 e 8 do Anexo I da Portaria 623/2020.</p><p>Código: 736.189</p><p>Assunto: Indeferimento do pedido.</p><p>Processo: 235881.0622366/2025.</p><p>Interessado: JUAN DARIO RUIZ PARDO.</p><p>A COORDENADORA DE PROCESSOS MIGRATÓRIOS, no uso da competência delegada pela Portaria nº 623, de 13 de novembro de 2020, publicada no Diário Oficial da União, de 17 de novembro de 2020, indefere o pedido, por descumprimento do Art. 65, incisos II, III e IV da Lei nº 13.445/2017; Art. 234, incisos I, II, III, IV e V do Decreto 9.199/2017, tendo em vista que o interessado não apresentou os documentos constantes dos Arts. 5º e 56 e dos itens 3, 4, 5, 6, 8, 9 e 13 do Anexo I da Portaria 623/2020.</p><p>Código: 736.186</p><p>Assunto: Indeferimento do pedido.</p><p>Processo: 235881.0622363/2025.</p><p>Interessada: MARIE JOE BREVIL PAULIME.</p><p>A COORDENADORA DE PROCESSOS MIGRATÓRIOS, no uso da competência delegada pela Portaria nº 623, de 13 de novembro de 2020, publicada no Diário Oficial da União, de 17 de novembro de 2020, indefere o pedido, por descumprimento do Art. 65, incisos II, III e IV da Lei nº 13.445/2017; Art. 234, incisos II, III e IV do Decreto 9.199/2017, tendo em vista que a interessada não apresentou os documentos constantes dos Arts. 5º e 56 e dos itens 5, 8 e 13 do Anexo I da Portaria 623/2020.</p><p>Código: 735.985</p><p>Assunto: Indeferimento do pedido.</p><p>Processo: 235881.0622166/2025.</p><p>Interessado: ANTHONY EMEKA IGBOKWE.</p><p>A COORDENADORA DE PROCESSOS MIGRATÓRIOS, no uso da competência delegada pela Portaria nº 623, de 13 de novembro de 2020, publicada no Diário Oficial da União, de 17 de novembro de 2020, indefere o pedido, por descumprimento do Art. 65, incisos II e IV da Lei nº 13.445/2017; Art. 234, incisos II, IV e V do Decreto 9.199/2017, tendo em vista que não apresentou os documentos constantes dos itens 5, 6 e 8 do Anexo I da Portaria 623/2020.</p><p>Código: 735.856</p><p>Assunto: Indeferimento do pedido.</p><p>Processo: 235881.0622044/2025.</p><p>Interessado: EDUARDO ALEJANDRO WEISBERG.</p><p>A COORDENADORA DE PROCESSOS MIGRATÓRIOS, no uso da competência delegada pela Portaria nº 623, de 13 de novembro de 2020, publicada no Diário Oficial da União, de 17 de novembro de 2020, indefere o pedido, por descumprimento do Art. 65, incisos II, III e IV da Lei nº 13.445/2017; Art. 234, incisos I, II, III, IV e V do Decreto 9.199/2017, tendo em vista que o interessado não apresentou os documentos constantes dos Arts. 5º e 56 e dos itens 3, 4, 5, 6, 8, 9 e 13 do Anexo I da Portaria 623/2020.</p><p class="assina">SANDRA MARIA MENDES ADJAFRE SINDEAUX</p>]]></Texto>
  </body>
  <Midias />
</article></xml>