﻿<xml><article id="46225819" name="PORTARIA GPR 621" idOficio="11375169" pubName="DO1" artType="Portaria" pubDate="03/11/2025" artClass="00070:00041:00002:00000:00000:00000:00000:00000:00000:00000:00054:00000" artCategory="Poder Judiciário/Tribunal de Justiça do Distrito Federal e dos Territórios/Presidência" artSize="12" artNotes="ok" numberPage="157" pdfPage="http://pesquisa.in.gov.br/imprensa/jsp/visualiza/index.jsp?data=03/11/2025&amp;jornal=515&amp;pagina=157" editionNumber="209" highlightType="" highlightPriority="" highlight="" highlightimage="" highlightimagename="" idMateria="23268352">
  <body>
    <Identifica><![CDATA[ PORTARIA GPR Nº 621, DE 16 DE OUTUBRO DE 2025]]></Identifica>
    <Data><![CDATA[]]></Data>
    <Ementa />
    <Titulo />
    <SubTitulo />
    <Texto><![CDATA[<p class="identifica">PORTARIA GPR Nº 621, DE 16 DE OUTUBRO DE 2025</p><p>O PRESIDENTE DO TRIBUNAL DE JUSTIÇA DO DISTRITO FEDERAL E DOS TERRITÓRIOS, no uso de sua competência legal, com fundamento no parágrafo único do artigo 24 da Lei n. 11.416 de 15 de dezembro de 2006, publicada no Diário Oficial da União, Seção 1, de 19 de dezembro de 2006, conforme contido no Processo SEI 0024294/2025, resolve:</p><p>Art. 1º Remanejar os cargos em comissão abaixo relacionados, conforme quadro a seguir:</p><p /><p></p><table><tr /><tr><td rowspan="1" colspan="1"><p>tem</p></td><td rowspan="1" colspan="1"><p>código CJ</p></td><td rowspan="1" colspan="1"><p>origem (nível, descrição e localização CJ)</p></td><td rowspan="1" colspan="1"><p>destino (nível, descrição e localização CJ)</p></td></tr><tr><td rowspan="1" colspan="1"><p>1</p></td><td rowspan="1" colspan="1"><p>8041</p></td><td rowspan="1" colspan="1"><p>CJ-01 da Secretaria de Administração Predial - SEAP</p></td><td rowspan="1" colspan="1"><p>CJ-01, de Coordenador do Núcleo Permanente de Serviços e Projetos Prediais - NUSPP</p></td></tr><tr><td rowspan="1" colspan="1"><p>2</p></td><td rowspan="1" colspan="1"><p>6955</p></td><td rowspan="1" colspan="1"><p>CJ-01 da Secretaria de Administração Predial - SEAP</p></td><td rowspan="1" colspan="1"><p>CJ-01, de Coordenador do Núcleo Permanente de Governança e Planejamento Predial - NUGPP</p></td></tr><tr><td rowspan="1" colspan="1"><p>3</p></td><td rowspan="1" colspan="1"><p>8144</p></td><td rowspan="1" colspan="1"><p>CJ-01 da Secretaria de Administração Predial - SEAP</p></td><td rowspan="1" colspan="1"><p>CJ-01, de Coordenador do Núcleo Permanente de Tecnologia e Informações Prediais - NUTIP</p></td></tr></table><p>Art. 2º Esta Portaria entra em vigor na data de sua publicação.</p><p class="assina">Des. WALDIR LEÔNCIO JÚNIOR</p>]]></Texto>
  </body>
  <Midias />
</article></xml>