﻿<xml><article id="46225897" name="PORT_3192_Petropolis - RJ_ RES" idOficio="11377224" pubName="DO1" artType="Portaria" pubDate="03/11/2025" artClass="00032:00031:00000:00000:00000:00000:00000:00000:00000:00000:00054:00000" artCategory="Ministério da Integração e do Desenvolvimento Regional/Secretaria Nacional de Proteção e Defesa Civil" artSize="12" artNotes="ok" numberPage="60" pdfPage="http://pesquisa.in.gov.br/imprensa/jsp/visualiza/index.jsp?data=03/11/2025&amp;jornal=515&amp;pagina=60" editionNumber="209" highlightType="" highlightPriority="" highlight="" highlightimage="" highlightimagename="" idMateria="23271542">
  <body>
    <Identifica><![CDATA[ Portaria nº 3.192, de 22 de outubro de 2025]]></Identifica>
    <Data><![CDATA[]]></Data>
    <Ementa />
    <Titulo />
    <SubTitulo />
    <Texto><![CDATA[<p class="identifica">Portaria nº 3.192, de 22 de outubro de 2025</p><p>A UNIÃO, por intermédio do MINISTÉRIO DA INTEGRAÇÃO E DO DESENVOLVIMENTO REGIONAL, neste ato representado pelo SECRETÁRIO NACIONAL DE PROTEÇÃO E DEFESA CIVIL, nomeado pela Portaria n.º 190, de 1º de janeiro de 2023, publicada no DOU, de 2 de janeiro de 2023, Seção 2, Edição Extra B, consoante a delegação de competência conferida pela Portaria n.º 1.184, de 15 de abril de 2024, publicada no DOU., de 16 de abril de 2024, Seção 1, e tendo em vista o disposto na Lei n.º 12.340, de 01 de dezembro de 2010, na Lei n.º 12.608, de 10 de abril de 2012 e no Decreto n.º 11.219, de 5 de outubro de 2022 e no Decreto n.º 11.655, de 23 de agosto de 2023, resolve:</p><p>Art. 1º Prorrogar o prazo de execução das ações de resposta no Município de Petrópolis/RJ até 13/04/2026.</p><p>Art. 2º Para tanto, altera-se o art. 3° da Portaria n.º 1413, de 06 de maio de 2024, que autorizou o empenho e a transferência de recursos ao município e está contida no processo administrativo n.º 59052.024105/2024-77.</p><p>Art. 3º Ficam ratificados os demais dispositivos da Portaria acima citada, não alterados por esta.</p><p>Art. 4º Esta Portaria entra em vigor na data de sua publicação.</p><p class="assina">WOLNEI WOLFF BARREIROS</p>]]></Texto>
  </body>
  <Midias />
</article></xml>