﻿<xml><article id="46230583" name="_Pub Portarias -15801583- SECAO1" idOficio="11377636" pubName="DO1" artType="Portaria" pubDate="03/11/2025" artClass="00025:00127:00002:00000:00000:00000:00000:00000:00000:00000:00054:00000" artCategory="Ministério da Educação/Universidade Federal Rural do Semi-Árido/Gabinete da Reitoria" artSize="12" artNotes="" numberPage="44" pdfPage="http://pesquisa.in.gov.br/imprensa/jsp/visualiza/index.jsp?data=03/11/2025&amp;jornal=515&amp;pagina=44" editionNumber="209" highlightType="" highlightPriority="" highlight="" highlightimage="" highlightimagename="" idMateria="23272085">
  <body>
    <Identifica><![CDATA[ PORTARIAS DE 30 DE OUTUBRO DE 2025]]></Identifica>
    <Data><![CDATA[]]></Data>
    <Ementa />
    <Titulo />
    <SubTitulo />
    <Texto><![CDATA[<p class="identifica">PORTARIAS DE 30 DE OUTUBRO DE 2025</p><p>O REITOR DA UNIVERSIDADE FEDERAL RURAL DO SEMI-ÁRIDO, no uso de suas atribuições conferidas pelo Decreto de 7 de agosto de 2024, publicado no Diário Oficial da União nº 152, de 8 de agosto de 2024, seção 2, pág. 1, e tendo em vista o que estabelecem os incisos VI e XIX do artigo 44 do Estatuto da universidade; o art. 14 do Decreto nº 9.739, de 28 de março de 2019, e suas alterações; a Portaria nº 708, de 17 de outubro de 2025, do Ministério da Educação, publicada no Diário Oficial da União - DOU nº 200, de 20 de outubro de 2025, seção 1, p .37, resolve:</p><p>Nº 1.580 - Distribuir para o Campus Mossoró 01 (um) Cargo de Direção - CD, nomenclatura CD-2, para ser alocado no Gabinete da Reitoria, denominação Chefe de Gabinete da Reitoria e Relações Institucionais, da Universidade Federal Rural do Semi-Árido. Esta portaria entra em vigor na data de sua publicação e seus efeitos em 3 de novembro de 2025.</p><p>O REITOR DA UNIVERSIDADE FEDERAL RURAL DO SEMI-ÁRIDO, no uso de suas atribuições conferidas pelo Decreto de 7 de agosto de 2024, publicado no Diário Oficial da União nº 152, de 8 de agosto de 2024, seção 2, pág. 1, e tendo em vista o que estabelecem os incisos VI e XIX do art. 44 do Estatuto da universidade; as Portarias nºs 1.581 e 1.582, de 30 de outubro de 2025, resolve:</p><p>Nº 1.583 - Remanejar o cargo comissionado CD-3 alocado no Gabinete da Reitoria, para a Coordenação Geral de Ações Afirmativas, Diversidade e Inclusão Social - Caadis da Universidade Federal Rural do Semi-Árido, denominação Coordenador Geral. Alterar a nomenclatura do cargo comissionado CD-4, alocado na Coordenação Geral de Ações Afirmativas, Diversidade e Inclusão Social - Caadis da Universidade Federal Rural do Semi-Árido, atualmente sob a denominação Coordenador, para a mesma unidade organizacional, passando a denominar-se Coordenador Geral Adjunto. Esta portaria entra em vigor na data de sua publicação e seus efeitos em 3 de novembro de 2025.</p><p class="assina">RODRIGO NOGUEIRA DE CODES</p>]]></Texto>
  </body>
  <Midias />
</article></xml>