﻿<xml><article id="46258953" name="RESOLUCAO CMN 5.261" idOficio="11382043" pubName="DO1" artType="Resolução" pubDate="04/11/2025" artClass="00028:00021:00000:00000:00000:00000:00000:00000:00000:00000:00064:00002" artCategory="Ministério da Fazenda/Conselho Monetário Nacional" artSize="12" artNotes="" numberPage="120" pdfPage="http://pesquisa.in.gov.br/imprensa/jsp/visualiza/index.jsp?data=04/11/2025&amp;jornal=515&amp;pagina=120" editionNumber="210" highlightType="" highlightPriority="" highlight="" highlightimage="" highlightimagename="" idMateria="23279985">
  <body>
    <Identifica><![CDATA[ RESOLUÇÃO CMN Nº 5.261, DE 3 DE NOVEMBRO DE 2025]]></Identifica>
    <Data><![CDATA[]]></Data>
    <Ementa><![CDATA[ Altera a Resolução nº 4.753, de 26 de setembro de 2019, que dispõe sobre a abertura, a manutenção e o encerramento de conta de depósitos.]]></Ementa>
    <Titulo />
    <SubTitulo />
    <Texto><![CDATA[<p class="identifica">RESOLUÇÃO CMN Nº 5.261, DE 3 DE NOVEMBRO DE 2025</p><p class="ementa">Altera a Resolução nº 4.753, de 26 de setembro de 2019, que dispõe sobre a abertura, a manutenção e o encerramento de conta de depósitos.</p><p>O Banco Central do Brasil, na forma do art. 9º da Lei nº 4.595, de 31 de dezembro de 1964, torna público que o Conselho Monetário Nacional, em sessão extraordinária realizada em 30 de outubro de 2025, com base nos arts. 3º, caput, inciso V, e 4º, caput, inciso VIII, da citada Lei, e 69, parágrafo único, da Lei nº 7.357, de 2 de setembro de 1985, resolveu:</p><p>Art. 1º A Resolução nº 4.753, de 26 de setembro de 2019, publicada no Diário Oficial da União de 30 de setembro de 2019, passa a vigorar com as seguintes alterações:</p><p>"Art. 6º As instituições financeiras devem encerrar a conta de depósitos em relação à qual se verifique:</p><p>I - irregularidades nas informações prestadas pelo titular, consideradas de natureza grave; ou</p><p>II - prestação de serviços por parte do cliente titular que configurem serviços financeiros ou de pagamentos no âmbito do Sistema Financeiro Nacional ou do Sistema de Pagamentos Brasileiro, sem a devida previsão legal ou não aderentes à regulamentação vigente do Conselho Monetário Nacional ou do Banco Central do Brasil.</p><p>§ 1º Configura a hipótese do inciso II do caput, de forma não exaustiva, a utilização, pelo cliente titular, dos recursos mantidos em contas de depósitos para pagamentos, recebimentos ou compensações de obrigações em nome de terceiros, que possa permitir a ocultação ou a substituição de obrigações financeiras desses terceiros e inviabilizar sua identificação.</p><p>§ 2º A instituição deve utilizar critérios próprios para identificar o disposto no inciso II do caput, valendo-se inclusive de informações constantes em bases de dados públicas ou privadas.</p><p>§ 3º Os critérios de que trata o § 2º devem ser documentados e aprovados pela diretoria da instituição.</p><p>§ 4º As instituições devem manter à disposição do Banco Central do Brasil, por, no mínimo, dez anos, a documentação dos critérios referida no § 3º, bem como documentação relacionada ao encerramento das contas de depósitos encerradas sob as hipóteses de que trata este artigo." (NR)</p><p>Art. 2º Esta Resolução entra em vigor em 1º de dezembro de 2025.</p><p class="assina">GABRIEL MURICCA GALÍPOLO</p><p class="cargo">Presidente do Banco</p>]]></Texto>
  </body>
  <Midias />
</article></xml>