﻿<xml><article id="46231267" name="resolucao_4319_2025 GGTAB" idOficio="11377879" pubName="DO1" artType="Resolução" pubDate="03/11/2025" artClass="00047:00048:00015:00009:00000:00000:00000:00000:00000:00000:00064:34319" artCategory="Ministério da Saúde/Agência Nacional de Vigilância Sanitária/3ª Diretoria/Gerência-Geral de Registro e Fiscalização de Produtos Fumígenos Derivados ou Não do Tabaco" artSize="12" artNotes="" numberPage="109" pdfPage="http://pesquisa.in.gov.br/imprensa/jsp/visualiza/index.jsp?data=03/11/2025&amp;jornal=515&amp;pagina=109" editionNumber="209" highlightType="" highlightPriority="" highlight="" highlightimage="" highlightimagename="" idMateria="23272411">
  <body>
    <Identifica><![CDATA[ RESOLUÇÃO-RE Nº 4.319, DE 30 DE OUTUBRO DE 2025]]></Identifica>
    <Data><![CDATA[]]></Data>
    <Ementa />
    <Titulo />
    <SubTitulo />
    <Texto><![CDATA[<p class="identifica">RESOLUÇÃO-RE Nº 4.319, DE 30 DE OUTUBRO DE 2025</p><p>A GERENTE-GERAL DE REGISTRO E FISCALIZAÇÃO DE PRODUTOS FUMÍGENOS DERIVADOS OU NÃO DO TABACO DA AGÊNCIA NACIONAL DE VIGILÂNCIA SANITÁRIA, no uso das atribuições que lhe confere o art. 127, aliado ao disposto no art. 203, I, § 1º do Regimento Interno aprovado pela Resolução da Diretoria Colegiada - RDC nº 585, de 10 de dezembro de 2021, e tendo em vista o disposto na Resolução da Diretoria Colegiada nº 896, de 27 de agosto de 2024, resolve:</p><p>Art. 1º Deferir as petições relativas a produtos fumígenos derivados do tabaco, conforme anexo, em cumprimento à decisão liminar concedida pelo 3ª VF/SJ/BA, no processo 46408-58.2012.4.01.3300.</p><p>Art. 2º Esta Resolução entra em vigor na data de sua publicação.</p><p class="assina">STEFANIA SCHIMANESKI PIRAS</p><p class="anexo">ANEXO</p><p>PHILIP MORRIS BRASIL INDÚSTRIA E COMÉRCIO LTDA</p><p>CNPJ: 04.041933/0001-88</p><p>Marca: MARLBORO RED SELECTION ESTº 1908 KS (cigarro com filtro)- embalagens primárias maço e box e embalagem secundária caixa com 4 embalagens primárias box</p><p>Processo: 25351.006141/2020-39</p><p>Expediente: 0629843/25-5</p><p>Assunto: 6003 - Renovação de Registro de Produto Fumígeno - Dados Cadastrais</p><p>Marca: MARLBORO FOREST FUSION (cigarro com filtro) - embalagem primária box e embalagem secundária caixa com 4 embalagens primárias box</p><p>Processo: 25351.485579/2022-33</p><p>Expediente: 0667929/25-3</p><p>Assunto: 6003 - Renovação de Registro de Produto Fumígeno - Dados Cadastrais</p><p>Marca: MARLBORO ICE BURST MENTHOL KS (cigarro com filtro) - embalagens primárias maço e box e embalagem secundária caixa com 4 embalagens primárias box</p><p>Processo: 25351.347618/2020-33</p><p>Expediente: 0667820/25-3</p><p>Assunto: 6003 - Renovação de Registro de Produto Fumígeno - Dados Cadastrais</p><p>Marca: L&amp;M FORWARD (NEW BLACK) KS (cigarro com filtro) - embalagens primárias maço e box e embalagem secundária caixa com 4 embalagens primárias box</p><p>Processo: 25351.347649/2020-94</p><p>Expediente: 0666547/25-1</p><p>Assunto: 6003 - Renovação de Registro de Produto Fumígeno - Dados Cadastrais</p><p>Marca: MARLBORO TROPICAL FUSION (cigarro com filtro) - embalagem primária box e embalagem secundária caixa com 4 embalagens primárias box</p><p>Processo: 25351.485574/2022-19</p><p>Expediente: 0667822/25-0</p><p>Assunto: 6003 - Renovação de Registro de Produto Fumígeno - Dados Cadastrais</p><p>SOUZA CRUZ LTDA</p><p>CNPJ: 33.009911/0001-39</p><p>Marca: LUCKY STRIKE FRESH MINT X (cigarro com filtro) - embalagens primárias box e embalagem secundária caixa para 2 e 4 embalagens primárias box</p><p>Processo: 25351.140048/2024-86</p><p>Expediente: 0538093/25-6</p><p>Assunto: 6003 - Renovação de Registro de Produto Fumígeno - Dados Cadastrais</p><p>Marca: ROTHMANS OF LONDON SERIES CLICK PURPLE (cigarro com filtro) - embalagens primárias box, embalagem secundária caixa para 2 embalagens primárias box e embalagem secundária pacote para 10 embalagens primárias box</p><p>Processo: 25351.184218/2020-19</p><p>Expediente: 0538095/25-2</p><p>Assunto: 6003 - Renovação de Registro de Produto Fumígeno - Dados Cadastrais</p><p>Marca: ROTHMANS OF LONDON SERIES RED (cigarro com filtro) - embalagens primárias maço e box, embalagem secundária caixa para 2 e 4 embalagens primárias box, embalagem primária pacote para 10 embalagens primárias maço e embalagem primária pacote para 10 embalagens primárias box</p><p>Processo: 25351.156550/2020-85</p><p>Expediente: 0576377/25-1</p><p>Assunto: 6003 - Renovação de Registro de Produto Fumígeno - Dados Cadastrais</p><p>Marca: ROTHMANS OF LONDON SIGNATURE BLUE (cigarro com filtro) - embalagens primárias maço e box, embalagem secundária caixa para 2 e 4 embalagens primárias box, embalagem primária pacote para 10 embalagens primárias maço e embalagem primária pacote para 10 embalagens primárias box</p><p>Processo: 25351.353296/2020-61</p><p>Expediente: 0652667/25-5</p><p>Assunto: 6003 - Renovação de Registro de Produto Fumígeno - Dados Cadastrais</p>]]></Texto>
  </body>
  <Midias />
</article></xml>