﻿<xml><article id="46237728" name="Sumula - julho - complementar 3-" idOficio="11379471" pubName="DO1" artType="Súmula" pubDate="03/11/2025" artClass="00025:00013:00005:00000:00000:00000:00000:00000:00000:00000:00066:00007" artCategory="Ministério da Educação/Conselho Nacional de Educação/Secretaria Executiva" artSize="12" artNotes="" numberPage="40" pdfPage="http://pesquisa.in.gov.br/imprensa/jsp/visualiza/index.jsp?data=03/11/2025&amp;jornal=515&amp;pagina=40" editionNumber="209" highlightType="" highlightPriority="" highlight="" highlightimage="" highlightimagename="" idMateria="23276776">
  <body>
    <Identifica><![CDATA[SÚMULA DE PARECERES]]></Identifica>
    <Data><![CDATA[ Brasília, 31 de outubro de 2025]]></Data>
    <Ementa />
    <Titulo />
    <SubTitulo />
    <Texto><![CDATA[<p class="identifica">SÚMULA DE PARECERES</p><p>REUNIÃO ORDINÁRIA DOS DIAS 7, 8, 9 E 10 DO MÊS DE JULHO/2025</p><p>(Complementar à Publicada no DOU de 20/10/2025, Seção 1, p. 38)</p><p>CÂMARA DE EDUCAÇÃO SUPERIOR</p><p>e-MEC: 202401795. Parecer: CNE/CES 443/2025. Relatora: Luciane Bisognin Ceretta. Interessado: Serviço Nacional de Aprendizagem Comercial - Curitiba/PR. Assunto: Credenciamento da Faculdade de Tecnologia Senac Londrina Centro, a ser instalada no município de Londrina, no estado do Paraná. Voto da Relatora: Voto favoravelmente ao credenciamento da Faculdade de Tecnologia Senac Londrina Centro, a ser instalada na Rua Raposo Tavares, nº 894, bairro Vila Larsen 1, no município de Londrina, no estado do Paraná, observando-se tanto o prazo de cinco anos, conforme dispõe a Portaria Normativa MEC nº 1, de 3 de janeiro de 2017, quanto a exigência avaliativa prevista no Decreto nº 9.235, de 15 de dezembro de 2017, a partir da oferta dos cursos superiores de tecnologia em Análise e Desenvolvimento de Sistemas, e Processos Gerenciais, com o número de vagas totais anuais a ser fixado pela Secretaria de Regulação e Supervisão da Educação Superior - SERES. Decisão da Câmara: APROVADO por unanimidade.</p><p>e-MEC: 202402487. Parecer: CNE/CES 444/2025. Relatora: Luciane Bisognin Ceretta. Interessada: J O Brandão - Cururupu/MA. Assunto: Credenciamento da Faculdade Supremo Redentor de Cururupu - FASURC, a ser instalada no município de Cururupu, no estado do Maranhão. Voto da Relatora: Voto favoravelmente ao credenciamento da Faculdade Supremo Redentor de Cururupu - FASURC, a ser instalada na Rua Major Ramos, s/n, bairro São Benedito, no município de Cururupu, no estado do Maranhão, observando-se tanto o prazo de quatro anos, conforme dispõe a Portaria Normativa MEC nº 1, de 3 de janeiro de 2017, quanto a exigência avaliativa prevista no Decreto nº 9.235, de 15 de dezembro de 2017, a partir da oferta do curso superior de Enfermagem, bacharelado, com o número de vagas totais anuais a ser fixado pela Secretaria de Regulação e Supervisão da Educação Superior - SERES. Decisão da Câmara: APROVADO por unanimidade.</p><p>e-MEC: 202415828. Parecer: CNE/CES 445/2025. Relatora: Luciane Bisognin Ceretta. Interessada: Editora e Distribuidora Educacional S/A - Belo Horizonte/MG. Assunto: Credenciamento da Faculdade Anhanguera de Santa Maria, a ser instalada no município de Santa Maria, no estado do Rio Grande do Sul. Voto da Relatora: Voto favoravelmente ao credenciamento da Faculdade Anhanguera de Santa Maria, a ser instalada na Avenida Presidente Vargas, nº 1.920, bairro Nossa Senhora de Fátima, no município de Santa Maria, no estado do Rio Grande do Sul, observando-se tanto o prazo de cinco anos, conforme dispõe a Portaria Normativa MEC nº 1, de 3 de janeiro de 2017, quanto a exigência avaliativa prevista no Decreto nº 9.235, de 15 de dezembro de 2017, a partir da oferta do curso superior de Direito, bacharelado, com o número de vagas totais anuais a ser fixado pela Secretaria de Regulação e Supervisão da Educação Superior - SERES. Decisão da Câmara: APROVADO por unanimidade.</p><p>e-MEC: 202416350. Parecer: CNE/CES 446/2025. Relatora: Luciane Bisognin Ceretta. Interessada: Sociedade Educacional Mato Verde Ltda. - Mato Verde/MG. Assunto: Credenciamento da Faculdade Favenorte de Janaúba - FAVEJAN, a ser instalada no município de Janaúba, no estado de Minas Gerais. Voto da Relatora: Voto favoravelmente ao credenciamento da Faculdade Favenorte de Janaúba -FAVEJAN, a ser instalada na Rua Américo Soares, nº 217, Centro, no município de Janaúba, no estado de Minas Gerais, observando-se tanto o prazo de cinco anos, conforme dispõe a Portaria Normativa MEC nº 1, de 3 de janeiro de 2017, quanto a exigência avaliativa prevista no Decreto nº 9.235, de 15 de dezembro de 2017, a partir da oferta do curso superior de Fonoaudiologia, bacharelado, com o número de vagas totais anuais a ser fixado pela Secretaria de Regulação e Supervisão da Educação Superior - SERES. Decisão da Câmara: APROVADO por unanimidade.</p><p>e-MEC: 202224032. Parecer: CNE/CES 450/2025. Relatora: Monica Sapucaia Machado. Interessada: J. DE L. E LIMA &amp; CIA Ltda. - Manaus/AM. Assunto: Credenciamento do Instituto Amazônico de Ensino Superior - IAMES, com sede no município de Manaus, no estado do Amazonas, para a oferta de cursos superiores na modalidade a distância. Voto da Relatora: Nos termos do Decreto nº 9.057, de 25 de maio de 2017, e da Portaria Normativa MEC nº 11, de 20 de junho de 2017, voto favoravelmente ao credenciamento, para a oferta de cursos superiores na modalidade a distância, do Instituto Amazônico de Ensino Superior - IAMES, com sede na Rua São Luís, nº 441, bairro Adrianópolis, no município de Manaus, no estado do Amazonas, observando-se tanto o prazo de cinco anos, conforme dispõe a Portaria Normativa MEC nº 1, de 3 de janeiro de 2017, quanto a exigência avaliativa prevista no Decreto nº 9.235, de 15 de dezembro de 2017, com abrangência de atuação em sua sede e nos eventuais polos a serem criados pela instituição, a partir da oferta dos cursos superiores de Ciências Contábeis, bacharelado, e de tecnologia em Gestão de Recursos Humanos, com o número de vagas totais anuais a ser fixado pela Secretaria de Regulação e Supervisão da Educação Superior - SERES. Decisão da Câmara: APROVADO por unanimidade.</p><p>e-MEC: 202126797. Parecer: CNE/CES 456/2025. Relatora: Luciane Bisognin Ceretta. Interessada: Universidade Federal de Pernambuco. - Recife/PE. Assunto: Recredenciamento da Universidade Federal de Pernambuco - UFPE, com sede no município do Recife, no estado de Pernambuco. Voto da Relatora: Voto favoravelmente ao recredenciamento da Universidade Federal de Pernambuco - UFPE, com sede na Avenida Prof. Moraes Rego, nº 1.235, bairro Cidade Universitária, no município do Recife, no estado de Pernambuco, observando-se tanto o prazo de dez anos, conforme dispõe a Portaria Normativa MEC nº 1, de 3 de janeiro de 2017, quanto a exigência avaliativa prevista no Decreto nº 9.235, de 15 de dezembro de 2017. Decisão da Câmara: APROVADO por unanimidade.</p><p>e-MEC: 202211065. Parecer: CNE/CES 457/2025. Relatora: Luciane Bisognin Ceretta. Interessada: Organização Tecnológica de Ensino Ltda. - Salvador/BA. Assunto: Recredenciamento da Faculdade de Tecnologia e Ciências - FTC, com sede no município de Juazeiro, no estado da Bahia. Voto da Relatora: Voto favoravelmente ao recredenciamento da Faculdade de Tecnologia e Ciências - FTC, com sede na Rua Canadá, nº 309, bairro Santa Maria Gorete, no município de Juazeiro, no estado da Bahia, observando-se tanto o prazo de quatro anos, conforme dispõe a Portaria Normativa MEC nº 1, de 3 de janeiro de 2017, quanto a exigência avaliativa prevista no Decreto nº 9.235, de 15 de dezembro de 2017. Decisão da Câmara: APROVADO por unanimidade.</p><p>e-MEC: 202214355. Parecer: CNE/CES 458/2025. Relatora: Luciane Bisognin Ceretta. Interessado: Centro de Ensino Superior de Goiana Ltda. - ME - Goiana/PE. Assunto: Recredenciamento da Faculdade de Goiana - FAG, com sede no município de Goiana, no estado de Pernambuco. Voto da Relatora: Voto favoravelmente ao recredenciamento da Faculdade de Goiana - FAG, com sede na Avenida Nunes Machado, nº 199, Centro, no município de Goiana, no estado de Pernambuco, observando-se tanto o prazo de cinco anos, conforme dispõe a Portaria Normativa MEC nº 1, de 3 de janeiro de 2017, quanto a exigência avaliativa prevista no Decreto nº 9.235, de 15 de dezembro de 2017. Decisão da Câmara: APROVADO por unanimidade.</p><p>e-MEC: 202002477. Parecer: CNE/CES 459/2025. Relatora: Ludhmila Abrahão Hajjar. Interessado: Centro de Ensino Unificado do Distrito Federal Ltda. - Brasília/DF. Assunto: Recredenciamento do Centro Universitário do Distrito Federal, com sede em Brasília, no Distrito Federal. Voto da Relatora: Voto favoravelmente ao recredenciamento do Centro Universitário do Distrito Federal, com sede na SEP SUL EQ 704/904, Conjunto A, Asa Sul, em Brasília, no Distrito Federal, observando-se tanto o prazo de cinco anos, conforme dispõe a Portaria Normativa MEC nº 1, de 3 de janeiro de 2017, quanto a exigência avaliativa prevista no Decreto nº 9.235, de 15 de dezembro de 2017. Decisão da Câmara: APROVADO por unanimidade.</p><p>e-MEC: 202018124. Parecer: CNE/CES 460/2025. Relatora: Ludhmila Abrahão Hajjar. Interessado: ITPAC - Instituto Tocantinense Presidente Antônio Carlos S/A - Araguaína/TO Assunto: Recredenciamento do Centro Universitário Tocantinense Presidente Antônio Carlos - UNITPAC, com sede no município de Araguaína, no estado do Tocantins. Voto da Relatora: Voto favoravelmente ao recredenciamento do Centro Universitário Tocantinense Presidente Antônio Carlos - UNITPAC, com sede na Avenida Filadélfia, nº 568, bairro Setor Oeste, no município de Araguaína, no estado do Tocantins, observando-se tanto o prazo de cinco anos, conforme dispõe a Portaria Normativa MEC nº 1, de 3 de janeiro de 2017, quanto a exigência avaliativa prevista no Decreto nº 9.235, de 15 de dezembro de 2017. Decisão da Câmara: APROVADO por unanimidade.</p><p>e-MEC: 202109779. Parecer: CNE/CES 461/2025. Relatora: Ludhmila Abrahão Hajjar. Interessado: IME Instituto Metropolitano de Ensino Ltda. - Manaus/AM. Assunto: Recredenciamento do Centro Universitário Ceuni - Fametro, com sede no município de Manaus, no estado do Amazonas. Voto da Relatora: Voto favoravelmente ao recredenciamento do Centro Universitário Ceuni - Fametro, com sede na Avenida Constantino Nery, nº 3.000, bairro Chapada, no município de Manaus, no estado do Amazonas, observando-se tanto o prazo de cinco anos, conforme dispõe a Portaria Normativa MEC nº 1, de 3 de janeiro de 2017, quanto a exigência avaliativa prevista no Decreto nº 9.235, de 15 de dezembro de 2017. Decisão da Câmara: APROVADO por unanimidade.</p><p>e-MEC: 202203294. Parecer: CNE/CES 462/2025. Relatora: Ludhmila Abrahão Hajjar. Interessada: Fundação São Paulo - São Paulo/SP. Assunto: Recredenciamento da Pontifícia Universidade Católica de São Paulo - PUCSP, com sede no município de São Paulo, no estado de São Paulo. Voto da Relatora: Voto favoravelmente ao recredenciamento da Pontifícia Universidade Católica de São Paulo - PUCSP, com sede na Rua Monte Alegre, nº 984, bairro Perdizes, no município de São Paulo, no estado de São Paulo, observando-se tanto o prazo de dez anos, conforme dispõe a Portaria Normativa MEC nº 1, de 3 de janeiro de 2017, quanto a exigência avaliativa prevista no Decreto nº 9.235, de 15 de dezembro de 2017. Decisão da Câmara: APROVADO por unanimidade.</p><p>Processo: 23000.018654/2025-51. Parecer: CNE/CES 465/2025. Relator: Celso Niskier. Interessada: União Educacional Meta Ltda. - ME. - Rio Branco/AC. Assunto: Descredenciamento voluntário, para a oferta de cursos superiores na modalidade a distância, do Centro Universitário Estácio Meta de Rio Branco Estácio - UNIMETA, com sede no município de Rio Branco, no estado do Acre. Voto do Relator: Voto pelo descredenciamento, a pedido, para a oferta de cursos superiores na modalidade a distância, do Centro Universitário Estácio Meta de Rio Branco Estácio - UNIMETA, com sede na Estrada Alberto Torres, nº 947, Conjunto Mariana, bairro Paz, no município de Rio Branco, no estado do Acre, para fins de aditamento do ato autorizativo originário, nos termos do art. 58 do Decreto nº 9.235, de 15 de dezembro de 2017, publicado em 18 de dezembro de 2017. Neste mesmo ato, determino que o Centro Universitário Estácio Meta de Rio Branco Estácio - UNIMETA ficará responsável pela expedição de quaisquer documentos necessários a comprovar ou resguardar os registros acadêmicos, e providenciará o recolhimento dos arquivos e acervo acadêmico dos cursos superiores oferecidos na modalidade a distância pela instituição. Decisão da Câmara: APROVADO por unanimidade.</p><p>Processo: 23000.038365/2024-98. Parecer: CNE/CES 467/2025. Relatora: Luciane Bisognin Ceretta. Interessada: Faculdades Cathedral de Ensino Superior do Araguaia Ltda. - Água Boa/MT. Assunto: Descredenciamento voluntário da Faculdade de Ciências Sociais Aplicadas e de Tecnologias de Água Boa - FACESA, com sede no município de Água Boa, no estado de Mato Grosso. Voto da Relatora: Voto pelo descredenciamento, a pedido, da Faculdade de Ciências Sociais Aplicadas e de Tecnologias de Água Boa - FACESA, com sede na Avenida Planalto, s/n, bairro Cidade Universitária, no município de Água Boa, no estado de Mato Grosso, para fins de aditamento do ato autorizativo originário, nos termos do art. 58 do Decreto nº 9.235, de 15 de dezembro de 2017, publicado em 18 de dezembro de 2017. Neste mesmo ato, determino que o Centro Universitário Vale do Araguaia - UNIVAR ficará responsável pela expedição de quaisquer documentos necessários a comprovar ou resguardar os registros acadêmicos, e providenciará o recolhimento dos arquivos e acervo acadêmico Faculdade de Ciências Sociais Aplicadas e de Tecnologias de Água Boa - FACESA. Decisão da Câmara: APROVADO por unanimidade.</p><p>Processo: 23000.041642/2024-40. Parecer: CNE/CES 468/2025. Relatora: Luciane Bisognin Ceretta. Interessada: Faculdade Trevisan Ltda. - São Paulo/SP. Assunto: Descredenciamento voluntário, na modalidade presencial, da Trevisan Escola Superior de Negócios - TREVISAN, com sede no município de São Paulo, no estado de São Paulo. Voto da Relatora: Voto pelo descredenciamento, a pedido, na modalidade presencial, da Trevisan Escola Superior de Negócios - TREVISAN, com sede na Avenida das Nações Unidas, nº 14.261, bairro Vila Gertrudes, no município de São Paulo, no estado de São Paulo, para fins de aditamento do ato autorizativo originário, nos termos do art. 58 do Decreto nº 9.235, de 15 de dezembro de 2017, publicado em 18 de dezembro de 2017. Neste mesmo ato, determino que a Trevisan Escola Superior de Negócios - TREVISAN ficará responsável pela expedição de quaisquer documentos necessários a comprovar ou resguardar os registros acadêmicos, e providenciará o recolhimento dos arquivos e acervo acadêmico dos cursos superiores oferecidos na modalidade presencial pela instituição. Decisão da Câmara: APROVADO por unanimidade.</p><p>Processo: 23000.020188/2025-74. Parecer: CNE/CES 471/2025. Relator: Otavio Luiz Rodrigues Jr. Interessado: IDEA - Instituto de Desenvolvimento e Aprendizagem Serviços Educacionais Ltda. - Salvador/BA. Assunto: Descredenciamento voluntário do Instituto de Desenvolvimento e Aprendizagem - IDEA Fortaleza, com sede no Município de Fortaleza, no Estado do Ceará. Voto do Relator: Voto pelo descredenciamento, a pedido, do Instituto de Desenvolvimento e Aprendizagem - IDEA Fortaleza, com sede na Rua Joaquim Albano, nº 122, bairro Padre Andrade, no Município de Fortaleza, no Estado do Ceará, para fins de aditamento do ato autorizativo originário, nos termos do art. 58 do Decreto nº 9.235, de 15 de dezembro de 2017, publicado em 18 de dezembro de 2017. Neste mesmo ato, determino que o Instituto de Desenvolvimento e Aprendizagem - IDEA São Luís ficará responsável pela expedição de quaisquer documentos necessários a comprovar ou resguardar os registros acadêmicos, e providenciará o recolhimento dos arquivos e acervo acadêmico do Instituto de Desenvolvimento e Aprendizagem - IDEA Fortaleza. Decisão da Câmara: APROVADO por unanimidade.</p><p>Processo: 23000.010821/2025-16. Parecer: CNE/CES 474/2025. Relatora: Maria Paula Dallari Bucci. Interessado: Patric Perez Casseb - Macapá/AP. Assunto: Convalidação de estudos realizados no curso superior de Direito, bacharelado, ministrado pelo Centro de Ensino Superior do Amapá - CEAP, com sede no município de Macapá, no estado do Amapá. Voto da Relatora: Voto favoravelmente à convalidação dos estudos realizados por Patric Perez Casseb, no curso superior de Direito, bacharelado, no período de 2018.2; 2019.1; 2019.2; 2020.1; 2020.2; 2021.1; 2021.2; 2022.1; 2022.2; e 2023.1, ministrado pelo Centro de Ensino Superior do Amapá - CEAP, com sede no município de Macapá, no estado do Amapá. Decisão da Câmara: APROVADO por unanimidade.</p><p>e-MEC: 202402578. Parecer: CNE/CES 480/2025. Relatora: Ludhmila Abrahão Hajjar Interessado: Grupo Educacional Anthropos Ltda. - Tianguá/CE. Assunto: Credenciamento da Faculdade Tecnológica Anthropos - Fatan, a ser instalada no município de Tianguá, no estado do Ceará. Voto da Relatora: Voto desfavoravelmente ao credenciamento da Faculdade Tecnológica Anthropos - Fatan, que seria instalada na Rua Teófilo Ramos, nº 397, Centro, no município de Tianguá, no estado do Ceará, conforme o art. 6º, inciso II, do Decreto nº 9.235, de 15 de dezembro de 2017. Decisão da Câmara: APROVADO por unanimidade.</p><p>e-MEC: 202214855. Parecer: CNE/CES 482/2025. Relator: Otavio Luiz Rodrigues Jr. Interessado: Centro de Estudos Superiores Positivo Ltda. - Curitiba/PR. Assunto: Recurso contra decisão da Secretaria de Regulação e Supervisão da Educação Superior - SERES que, por meio da Portaria nº 356, de 1º agosto de 2024, publicada no Diário Oficial da União - DOU, em 2 de agosto de 2024, indeferiu o pedido de autorização para funcionamento do curso superior de Medicina, pleiteado pela Universidade Positivo - UP, Campus Londrina, no Município de Londrina, no Estado de Paraná. Voto do Relator: Nos termos do art. 6º, inciso VI, do Decreto nº 9.235, de 15 de dezembro de 2017, conheço do recurso para, no mérito, negar-lhe provimento, mantendo a decisão da Secretaria de Regulação e Supervisão da Educação Superior - SERES, expressa na Portaria nº 356, de 1º de agosto de 2024, que indeferiu o pedido de autorização para funcionamento do curso superior de Medicina, que seria ministrado pela Universidade Positivo - UP, Campus Londrina, na Rua Edwy Taques Araújo, nº 1.100, bairro Jardim Burle Marx, no Município de Londrina, no Estado do Paraná. Decisão da Câmara: APROVADO por unanimidade.</p><p>Processo: 23000.040835/2024-83. Parecer: CNE/CES 483/2025. Relator: Otavio Luiz Rodrigues Jr. Interessada: Liga de Ensino do Rio Grande do Norte. - Natal/RN. Assunto: Recurso contra a decisão da Secretaria de Regulação e Supervisão da Educação Superior - SERES que, por meio da Portaria nº 439, de 29 de agosto de 2024, publicada no Diário Oficial da União - DOU, em 30 de agosto de 2024, indeferiu o pedido de autorização para funcionamento do curso superior de Medicina, pleiteado pelo Centro Universitário do Rio Grande do Norte - UNI-RN, com sede no Município de Natal, no Estado do Rio Grande do Norte. Voto do Relator: Nos termos do art. 6º, inciso VI, do Decreto nº 9.235, de 15 de dezembro de 2017, conheço do recurso para, no mérito, negar-lhe provimento, mantendo a decisão da Secretaria de Regulação e Supervisão da Educação Superior - SERES, expressa na Portaria nº 439, de 29 de agosto de 2024, que indeferiu o pedido de autorização para funcionamento do curso superior de Medicina, que seria ministrado pelo Centro Universitário do Rio Grande do Norte - UNI-RN, com sede na Rua Prefeita Eliane Barros, nº 2.000, bairro Tirol, no Município de Natal, no Estado do Rio Grande do Norte. Decisão da Câmara: APROVADO por unanimidade.</p><p>e-MEC: 202403244. Parecer: CNE/CES 488/2025. Relatora: Ludhmila Abrahão Hajjar. Interessada: Sociedade de Ensino Superior Estácio de Sá Ltda. - Rio de Janeiro/RJ. Assunto: Credenciamento da Faculdade Estácio de Saquarema, a ser instalada no município de Saquarema, no estado do Rio de Janeiro. Voto da Relatora: Voto favoravelmente ao credenciamento da Faculdade Estácio de Saquarema, a ser instalada na Rua Gil Arbues Pereira, s/n, bairro Areal, no município de Saquarema, no estado do Rio de Janeiro, observando-se tanto o prazo de cinco anos, conforme dispõe a Portaria Normativa MEC nº 1, de 3 de janeiro de 2017, quanto a exigência avaliativa prevista no Decreto nº 9.235, de 15 de dezembro de 2017, a partir da oferta do curso superior de Direito, bacharelado, com o número de vagas totais anuais a ser fixado pela Secretaria de Regulação e Supervisão da Educação Superior - SERES. Decisão da Câmara: APROVADO por unanimidade.</p><p>Processo: 23001.000892/2023-39. Parecer: CNE/CES 495/2025. Relatora: Maria Paula Dallari Bucci. Interessada: Anelissa de Godoy - Bragança Paulista/SP. Assunto: Reexame do Parecer CNE/CES nº 599, de 9 de outubro de 2024, que tratou da convalidação de estudos realizados no curso superior de Administração, bacharelado, ministrado pela Escola Superior Aberta do Brasil - ESAB, com sede no município de Vila Velha, no estado do Espírito Santo. Voto da Relatora: Voto, em sede de reexame, pela manutenção do Parecer CNE/CES nº 599, de 9 de outubro de 2024, e manifesto-me favoravelmente à convalidação de estudos realizados por Anelissa de Godoy, no curso superior de Administração, bacharelado, nos períodos 2019.1; 2019.2; 2020.1; 2020.2; 2021.1; e 2021.2, ministrado pela Escola Superior Aberta do Brasil - ESAB, com sede no município de Vila Velha, no estado do Espírito Santo. Decisão da Câmara: APROVADO por unanimidade.</p><p>Observação: De acordo com o Regimento Interno do CNE e a Lei nº 9.784/1999, os interessados terão prazo de 30 (trinta) dias para recursos, quando couber, a partir da data de publicação desta Súmula no Diário Oficial da União, ressalvados os processos em trâmite no Sistema e-MEC, cuja data de publicação, para efeito de contagem do prazo recursal, será efetuada a partir da publicação nesse Sistema, nos termos do artigo 1º, § 4º, da Portaria Normativa MEC nº 21/2017. Em face do disposto no Art. 2º da Lei nº 9.131, de 24 de novembro de 1995, os pareceres do Conselho Nacional de Educação - CNE somente produzirão efeitos após a publicação do respectivo ato homologatório exarado pelo Ministro de Estado da Educação. Os Pareceres citados encontram-se à disposição dos interessados no Conselho Nacional de Educação e serão divulgados na página do CNE (https://www.gov.br/mec/pt-br/cne).</p><p class="data">Brasília, 31 de outubro de 2025</p><p class="assina">CHRISTY GANZERT PATO</p><p class="cargo">Secretário Executivo</p>]]></Texto>
  </body>
  <Midias />
</article></xml>