﻿<xml><article id="46234303" name="RDC 630 - para publicar_006" idOficio="11378399" pubName="DO1" artType="Decisão" pubDate="03/11/2025" artClass="00047:00047:00007:00001:00000:00000:00000:00000:00000:00000:00018:00008" artCategory="Ministério da Saúde/Agência Nacional de Saúde Suplementar/Diretoria Colegiada/Coordenadoria de Recursos e Assessoramento" artSize="24" artNotes="" numberPage="95" pdfPage="http://pesquisa.in.gov.br/imprensa/jsp/visualiza/index.jsp?data=03/11/2025&amp;jornal=515&amp;pagina=95" editionNumber="209" highlightType="" highlightPriority="" highlight="" highlightimage="" highlightimagename="" idMateria="23273598">
  <body>
    <Identifica />
    <Data><![CDATA[]]></Data>
    <Ementa />
    <Titulo />
    <SubTitulo />
    <Texto><![CDATA[<p /><p></p><table><tr /><tr><td rowspan="1" colspan="1"><p>33910.001468/2022-21</p></td><td rowspan="1" colspan="1"><p>UNIMED RECIFE COOPERATIVA DE TRABALHO MÉDICO</p></td><td rowspan="1" colspan="1"><p>DIOPE</p></td><td rowspan="1" colspan="1"><p>Art. 77 da RN 124/06</p></td><td rowspan="1" colspan="1"><p>63.360,00 (sessenta e três mil, trezentos e sessenta reais)</p></td></tr><tr><td rowspan="1" colspan="1"><p>33910.006865/2023-71</p></td><td rowspan="1" colspan="1"><p>PREMIUM SAÚDE S.A</p></td><td rowspan="1" colspan="1"><p>DIOPE</p></td><td rowspan="1" colspan="1"><p>Art. 51 da RN 489/22</p></td><td rowspan="1" colspan="1"><p>39.600,00 (trinta e nove mil e seiscentos reais)</p></td></tr><tr><td rowspan="1" colspan="1"><p>33910.040847/2022-37</p></td><td rowspan="1" colspan="1"><p>HAPVIDA ASSISTENCIA MEDICA S.A</p></td><td rowspan="1" colspan="1"><p>DIOPE</p></td><td rowspan="1" colspan="1"><p>Art. 101 da RN 489/22</p></td><td rowspan="1" colspan="1"><p>88.000,00 (oitenta e oito mil reais)</p></td></tr><tr><td rowspan="1" colspan="1"><p>33910.028355/2023-54</p></td><td rowspan="1" colspan="1"><p>PROMED ASSISTENCIA MÉDICA LTDA</p></td><td rowspan="1" colspan="1"><p>DIOPE</p></td><td rowspan="1" colspan="1"><p>Art. 101 da RN 489/22</p></td><td rowspan="1" colspan="1"><p>70.400,00 (setenta mil e quatrocentos reais)</p></td></tr><tr><td rowspan="1" colspan="1"><p>33910.002026/2023-83</p></td><td rowspan="1" colspan="1"><p>HAPVIDA ASSISTENCIA MEDICA S.A</p></td><td rowspan="1" colspan="1"><p>DIOPE</p></td><td rowspan="1" colspan="1"><p>Art. 101 da RN 489/22</p></td><td rowspan="1" colspan="1"><p>79.200,00 (setenta e nove mil e duzentos reais)</p></td></tr><tr><td rowspan="1" colspan="1"><p>33910.025612/2023-04</p></td><td rowspan="1" colspan="1"><p>SANTO ANDRÉ PLANOS DE ASSISTENCIA MÉDICA LTDA</p></td><td rowspan="1" colspan="1"><p>DIOPE</p></td><td rowspan="1" colspan="1"><p>Art. 101 da RN 489/22</p></td><td rowspan="1" colspan="1"><p>48.000,00 (quarenta e oito mil reais)</p></td></tr><tr><td rowspan="1" colspan="1"><p>33910.038591/2022-06</p></td><td rowspan="1" colspan="1"><p>HOSPITAL MARECHAL CÂNDIDO RONDON LTDA</p></td><td rowspan="1" colspan="1"><p>DIOPE</p></td><td rowspan="1" colspan="1"><p>Art. 101 da RN 489/22</p></td><td rowspan="1" colspan="1"><p>48.000,00 (quarenta e oito mil reais)</p></td></tr><tr><td rowspan="1" colspan="1"><p>33910.038422/2022-68</p></td><td rowspan="1" colspan="1"><p>HAPVIDA ASSISTENCIA MEDICA S.A</p></td><td rowspan="1" colspan="1"><p>DIOPE</p></td><td rowspan="1" colspan="1"><p>Art. 101 da RN 489/22</p></td><td rowspan="1" colspan="1"><p>88.000,00 (oitenta e oito mil reais)</p></td></tr><tr><td rowspan="1" colspan="1"><p>33910.029735/2022-25</p></td><td rowspan="1" colspan="1"><p>AMEPLAN ASSISTÊNCIA MÉDICA PLANEJADA LTDA</p></td><td rowspan="1" colspan="1"><p>DIOPE</p></td><td rowspan="1" colspan="1"><p>Art. 77 da RN 124/06</p></td><td rowspan="1" colspan="1"><p>63.360,00 (sessenta e três mil, trezentos e sessenta reais)</p></td></tr><tr><td rowspan="1" colspan="1"><p>33910.024973/2022-44</p></td><td rowspan="1" colspan="1"><p>HAPVIDA ASSISTENCIA MÉDICA S.A.</p></td><td rowspan="1" colspan="1"><p>DIOPE</p></td><td rowspan="1" colspan="1"><p>Art. 71 da RN 124/06</p></td><td rowspan="1" colspan="1"><p>33.000,00 (trinta e três mil reais)</p></td></tr><tr><td rowspan="1" colspan="1"><p>33910.015077/2022-94</p></td><td rowspan="1" colspan="1"><p>UNIMED CAMPINA GRANDE - COOPERATIVA DE TRABALHO MÉDICO LTDA</p></td><td rowspan="1" colspan="1"><p>DIOPE</p></td><td rowspan="1" colspan="1"><p>Art. 77 da RN 124/06</p></td><td rowspan="1" colspan="1"><p>48.000,00 (quarenta e oito mil reais)</p></td></tr><tr><td rowspan="1" colspan="1"><p>33910.011882/2022-49</p></td><td rowspan="1" colspan="1"><p>HAPVIDA ASSISTENCIA MEDICA S.A</p></td><td rowspan="1" colspan="1"><p>DIOPE</p></td><td rowspan="1" colspan="1"><p>Art. 77 da RN 124/06</p></td><td rowspan="1" colspan="1"><p>80.000,00 (oitenta mil reais)</p></td></tr><tr><td rowspan="1" colspan="1"><p>33910.008406/2022-41</p></td><td rowspan="1" colspan="1"><p>UNIMED DE MANAUS COOP. DO TRABALHO MÉDICO LTDA</p></td><td rowspan="1" colspan="1"><p>DIOPE</p></td><td rowspan="1" colspan="1"><p>Art. 78 da RN 124/06</p></td><td rowspan="1" colspan="1"><p>35.640,00 (trinta e cinco mil, seiscentos e quarenta reais)</p></td></tr><tr><td rowspan="1" colspan="1"><p>33910.000087/2022-25</p></td><td rowspan="1" colspan="1"><p>UNIMED VITORIA COOPERATIVA DE TRABALHO MÉDICO</p></td><td rowspan="1" colspan="1"><p>DIOPE</p></td><td rowspan="1" colspan="1"><p>Art. 77 da RN 124/06</p></td><td rowspan="1" colspan="1"><p>88.000,00 (oitenta e oito mil reais)</p></td></tr></table><p>Os autos do processo em epígrafe encontram-se à disposição dos interessados na sede da ANS.</p><p class="assina">WADIH NEMER DAMOUS FILHO</p><p class="cargo">Diretor-Presidente</p>]]></Texto>
  </body>
  <Midias />
</article></xml>