﻿<xml><article id="46230985" name="Portaria 764" idOficio="11377759" pubName="DO1" artType="Portaria" pubDate="03/11/2025" artClass="00008:00002:00009:00000:00000:00000:00000:00000:00000:00000:00054:00000" artCategory="Ministério da Agricultura e Pecuária/Secretaria Executiva/Superintendência de Agricultura e Pecuária do Estado da Bahia" artSize="12" artNotes="" numberPage="27" pdfPage="http://pesquisa.in.gov.br/imprensa/jsp/visualiza/index.jsp?data=03/11/2025&amp;jornal=515&amp;pagina=27" editionNumber="209" highlightType="" highlightPriority="" highlight="" highlightimage="" highlightimagename="" idMateria="23272239">
  <body>
    <Identifica><![CDATA[ PORTARIA SFA-BA/MAPA Nº 764, DE 30 DE OUTUBRO DE 2025]]></Identifica>
    <Data><![CDATA[]]></Data>
    <Ementa />
    <Titulo />
    <SubTitulo />
    <Texto><![CDATA[<p class="identifica">PORTARIA SFA-BA/MAPA Nº 764, DE 30 DE OUTUBRO DE 2025</p><p>O SUPERINTENDENTE FEDERAL DE AGRICULTURA E PECUÁRIA NO ESTADO DA BAHIA, no uso das atribuições que lhe confere o art. 262 do Regimento Interno da Secretaria Executiva do Ministério da Agricultura e Pecuária, aprovado pela Portaria n.° 561, de 11 de abril de 2018, nos arts. 41 e 50 do Anexo I ao Decreto n.° 11.332, de 1° de janeiro de 2023, conforme disposto no artigo 6° da Instrução Normativa SDA n.° 10, de 3 de março de 2017, no art. 1° e art. 2° da Instrução Normativa SDA n.° 30, de 7 de junho de 2006, e o que consta do processo n.° 21012.006747/2025-79, resolve:</p><p>Art. 1° Habilitar a Médica Veterinária ALANNA GABRIELA SOUZA MACHADO, inscrita no CRMV-BA sob o número 08315, para fins de execução de atividades previstas no Regulamento Técnico do Programa Nacional de Controle e Erradicação da Brucelose e da Tuberculose Animal, referentes à realização de testes de diagnóstico da brucelose e da tuberculose e participação no processo de certificação de estabelecimentos de criação livres para brucelose e tuberculose bovina e bubalina no estado da Bahia;</p><p>Art. 2º Esta Portaria entra em vigor na data de sua publicação.</p><p class="assina">FÁBIO ALEXANDRE ROSA RODRIGUES</p>]]></Texto>
  </body>
  <Midias />
</article></xml>