﻿<xml><article id="46258626" name="SCV8RFDISIT8026" idOficio="11382792" pubName="DO1" artType="Solução de Consulta" pubDate="04/11/2025" artClass="00028:00033:00435:00100:00054:00000:00000:00000:00000:00000:00067:00000" artCategory="Ministério da Fazenda/Secretaria Especial da Receita Federal do Brasil/Secretaria-Adjunta/Superintendência Regional da Receita Federal do Brasil 8ª Região Fiscal/Divisão de Tributação" artSize="12" artNotes="" numberPage="124" pdfPage="http://pesquisa.in.gov.br/imprensa/jsp/visualiza/index.jsp?data=04/11/2025&amp;jornal=515&amp;pagina=124" editionNumber="210" highlightType="" highlightPriority="" highlight="" highlightimage="" highlightimagename="" idMateria="23280863">
  <body>
    <Identifica><![CDATA[ SOLUÇÃO DE CONSULTA Nº 8.026, DE 23 DE SETEMBRO DE 2025]]></Identifica>
    <Data><![CDATA[]]></Data>
    <Ementa />
    <Titulo />
    <SubTitulo />
    <Texto><![CDATA[<p class="identifica">SOLUÇÃO DE CONSULTA Nº 8.026, DE 23 DE SETEMBRO DE 2025</p><p>Assunto: Imposto sobre a Renda de Pessoa Jurídica-IRPJ</p><p>LUCRO PRESUMIDO. SERVIÇOS DE SAÚDE. PERCENTUAL DE PRESUNÇÃO REDUZIDO. REQUISITOS.</p><p>Para efeito de determinação da base de cálculo do IRPJ devido pela pessoa jurídica tributada com base no lucro presumido, aplica-se o percentual de 8% (oito por cento) sobre a receita bruta decorrente da prestação de serviços hospitalares e da prestação dos serviços de auxílio diagnóstico e terapia listados na "Atribuição 4: Prestação de Atendimento ao Apoio ao Diagnóstico e Terapia" da Resolução RDC Anvisa nº 50, de 21 de fevereiro de 2002, desde que a prestadora dos serviços seja organizada sob a forma de sociedade empresária (de direito e de fato) e atenda às normas da Agência Nacional de Vigilância Sanitária (Anvisa). O não atendimento desses requisitos importa a aplicação do percentual de 32% (trinta e dois por cento) sobre a receita bruta da prestação dos serviços.</p><p>SOLUÇÃO DE CONSULTA VINCULADA À SOLUÇÃO DE CONSULTA COSIT Nº 147, DE 20 DE JULHO DE 2023.</p><p>Dispositivos legais: Lei nº 9.249, de 1995, art. 15, caput, §§ 1º, inciso III, alínea "a", e 2º; Lei nº 9.430, de 1996, art. 25, inciso I; Lei nº 10.406, de 2002 (Código Civil), art. 966 e 982; Lei nº 11.727, de 2008, arts. 29 e 41, inciso VI; Instrução Normativa RFB nº 1.234, de 2012, arts. 30, 31 e 38, inciso II; Instrução Normativa RFB nº 1.700, de 2017, arts. 33, §§ 1º, inciso II, alínea "a", e 3º, e 215, caput; Resolução RDC Anvisa nº 50, de 2002; Instrução Normativa RFB nº 2.058, de 9 de dezembro de 2021, art. 34.</p><p>Assunto: Contribuição Social sobre o Lucro Líquido - CSLL</p><p>RESULTADO PRESUMIDO. SERVIÇOS DE SAÚDE. PERCENTUAL DE PRESUNÇÃO REDUZIDO. REQUISITOS.</p><p>Para efeito de determinação da base de cálculo da CSLL devida pela pessoa jurídica tributada com base no resultado presumido, aplica-se o percentual de 12% (doze por cento) sobre a receita bruta decorrente da prestação de serviços hospitalares e da prestação dos serviços de auxílio diagnóstico e terapia listados na "Atribuição 4: Prestação de Atendimento ao Apoio ao Diagnóstico e Terapia" da Resolução RDC Anvisa nº 50, de 21 de fevereiro de 2002, desde que a prestadora dos serviços seja organizada sob a forma de sociedade empresária (de direito e de fato) e atenda às normas da Agência Nacional de Vigilância Sanitária (Anvisa). O não atendimento desses requisitos importa a aplicação do percentual de 32% (trinta e dois por cento) sobre a receita bruta da prestação dos serviços.</p><p>SOLUÇÃO DE CONSULTA VINCULADA À SOLUÇÃO DE CONSULTA COSIT Nº 147, DE 20 DE JULHO DE 2023.</p><p>Dispositivos legais: Lei nº 9.249, de 1995, art. 15, §§ 1º, inciso III, alínea "a", 2º, e art. 20, incisos I e III; Lei nº 9.430, de 1996, art. 29, inciso I; Lei nº 10.406, de 2002 (Código Civil), art. 966 e 982; Lei nº 11.727, de 2008, arts. 29 e 41, inciso VI; Instrução Normativa RFB nº 1.234, de 2012, arts. 30, 31 e 38, inciso II; Instrução Normativa RFB nº 1.700, de 2017, art. 33, §§ 1º, inciso II, alínea "a", e 3º, art. 34, § 2º, e art. 215, § 1º, Instrução Normativa RFB nº 2.058, de 9 de dezembro de 2021, art. 34.</p><p class="assina">EDUARDO NEWMAN DE MATTERA GOMES</p><p class="cargo">Chefe da Divisão</p>]]></Texto>
  </body>
  <Midias />
</article></xml>