﻿<xml><article id="46232852" name="Aut-679_2025" idOficio="11378286" pubName="DO1" artType="Autorização" pubDate="03/11/2025" artClass="00035:00045:00048:00000:00000:00000:00000:00000:00000:00000:00012:00000" artCategory="Ministério de Minas e Energia/Agência Nacional do Petróleo, Gás Natural e Biocombustíveis/Superintendência de Distribuição e Logística" artSize="12" artNotes="" numberPage="75" pdfPage="http://pesquisa.in.gov.br/imprensa/jsp/visualiza/index.jsp?data=03/11/2025&amp;jornal=515&amp;pagina=75" editionNumber="209" highlightType="" highlightPriority="" highlight="" highlightimage="" highlightimagename="" idMateria="23273382">
  <body>
    <Identifica><![CDATA[ AUTORIZAÇÃO SDL-ANP Nº 679, DE 31 DE OUTUBRO DE 2025]]></Identifica>
    <Data><![CDATA[]]></Data>
    <Ementa />
    <Titulo />
    <SubTitulo />
    <Texto><![CDATA[<p class="identifica">AUTORIZAÇÃO SDL-ANP Nº 679, DE 31 DE OUTUBRO DE 2025</p><p>O SUPERINTENDENTE DE DISTRIBUIÇÃO E LOGÍSTICA da AGÊNCIA NACIONAL DO PETRÓLEO, GÁS NATURAL E BIOCOMBUSTÍVEIS - ANP, no uso das atribuições que lhe foram conferidas pela Portaria ANP nº 265, de 10 de setembro de 2020, tendo em vista o disposto na Lei nº 9.478, de 6 de agosto de 1997, considerando as disposições da Resolução ANP nº 960, de 5 de outubro de 2023, e o que consta do processo nº 48610.224910/2025-91, resolve: autorizar a empresa CACIQUE DERIVADOS DE PETRÓLEO LTDA., CNPJ nº 03.835.656/0009-70, a operar a instalação de transportador-revendedor-retalhista (TRR) localizada a Rua 02 s/n°, Quadra 03 - Lote 20, Novo Horizonte, Santana do Araguaia/PA, 68560-000 [Coordenadas Geográficas Aproximadas (Latitude, Longitude): -09:19:28,800; -50:19:20,600 (SIRGAS 2000)]. A capacidade total de armazenamento é de 240,00 m³.</p><p /><p></p><table><tr /><tr><td rowspan="1" colspan="1"><p>TQ</p></td><td rowspan="1" colspan="1"><p>Ø</p><p>(m)</p></td><td rowspan="1" colspan="1"><p>Comp.</p><p>(m)</p></td><td rowspan="1" colspan="1"><p>Capacidade</p><p>(m³)</p></td><td rowspan="1" colspan="1"><p>Classe</p></td><td rowspan="1" colspan="1"><p>Tipo</p></td></tr><tr><td rowspan="1" colspan="1"><p>1</p></td><td rowspan="1" colspan="1"><p>2,55</p></td><td rowspan="1" colspan="1"><p>12,00</p></td><td rowspan="1" colspan="1"><p>60,00</p></td><td rowspan="1" colspan="1"><p>II ou III</p></td><td rowspan="1" colspan="1"><p>Horizontal Subterrâneo</p></td></tr><tr><td rowspan="1" colspan="1"><p>2</p></td><td rowspan="1" colspan="1"><p>2,55</p></td><td rowspan="1" colspan="1"><p>12,00</p></td><td rowspan="1" colspan="1"><p>60,00</p></td><td rowspan="1" colspan="1"><p>II ou III</p></td><td rowspan="1" colspan="1"><p>Horizontal Subterrâneo</p></td></tr><tr><td rowspan="1" colspan="1"><p>3</p></td><td rowspan="1" colspan="1"><p>2,55</p></td><td rowspan="1" colspan="1"><p>12,00</p></td><td rowspan="1" colspan="1"><p>60,00</p></td><td rowspan="1" colspan="1"><p>II ou III</p></td><td rowspan="1" colspan="1"><p>Horizontal Subterrâneo</p></td></tr><tr><td rowspan="1" colspan="1"><p>4-A</p></td><td rowspan="1" colspan="1"><p>2,55</p></td><td rowspan="1" colspan="1"><p>6,00</p></td><td rowspan="1" colspan="1"><p>30,00</p></td><td rowspan="1" colspan="1"><p>I, II ou III</p></td><td rowspan="1" colspan="1"><p>Horizontal Subterrâneo Bipartido</p></td></tr><tr><td rowspan="1" colspan="1"><p>4-B</p></td><td rowspan="1" colspan="1"><p>2,55</p></td><td rowspan="1" colspan="1"><p>6,00</p></td><td rowspan="1" colspan="1"><p>30,00</p></td><td rowspan="1" colspan="1"><p>II ou III</p></td><td rowspan="1" colspan="1"><p>Horizontal Subterrâneo Bipartido</p></td></tr></table><p>DIOGO VALERIO</p>]]></Texto>
  </body>
  <Midias />
</article></xml>