﻿<xml><article id="46239510" name="DECISAO SUROC 648" idOficio="11379515" pubName="DO1" artType="Decisão" pubDate="03/11/2025" artClass="00050:00019:00053:00000:00000:00000:00000:00000:00000:00000:00018:00000" artCategory="Ministério dos Transportes/Agência Nacional de Transportes Terrestres/Superintendência de Serviços de Transporte Rodoviário e Multimodal de Cargas" artSize="12" artNotes="ok" numberPage="155" pdfPage="http://pesquisa.in.gov.br/imprensa/jsp/visualiza/index.jsp?data=03/11/2025&amp;jornal=515&amp;pagina=155" editionNumber="209" highlightType="" highlightPriority="" highlight="" highlightimage="" highlightimagename="" idMateria="23276862">
  <body>
    <Identifica><![CDATA[ DECISÃO SUROC Nº 648, DE 30 DE OUTUBRO DE 2025]]></Identifica>
    <Data><![CDATA[]]></Data>
    <Ementa />
    <Titulo />
    <SubTitulo />
    <Texto><![CDATA[<p class="identifica">DECISÃO SUROC Nº 648, DE 30 DE OUTUBRO DE 2025</p><p>A Superintendente de Serviços de Transporte Rodoviário e Multimodal de Cargas Substituta da Agência Nacional de Transportes Terrestres - ANTT, no uso de suas atribuições, em conformidade com a Resolução nº 5.818, de 03 de maio de 2018, e nos termos do que consta no processo nº 50505.064891/2025-86, decide:</p><p>Art. 1º Outorgar Licença Complementar à empresa VILLALBA RENE BERNARDINO, CUIT nº 20107832468, até 02 de novembro de 2035, para a prestação do serviço de transporte rodoviário internacional de cargas, no tráfego bilateral entre Argentina e o Brasil, pelas fronteiras habilitadas e emitir o Certificado de Licença Complementar.</p><p>Art. 2º Esta Decisão entra em vigor na data da sua publicação.</p><p class="assina">GIZELLE COELHO NETTO</p>]]></Texto>
  </body>
  <Midias />
</article></xml>