﻿<xml><article id="46232050" name="resolucao_4301_2025 GGTPS_002" idOficio="11377950" pubName="DO1" artType="Resolução" pubDate="03/11/2025" artClass="00047:00048:00015:00010:00000:00000:00000:00000:00000:00000:00064:34301" artCategory="Ministério da Saúde/Agência Nacional de Vigilância Sanitária/3ª Diretoria/Gerência-Geral de Tecnologia de Produtos para Saúde" artSize="12" artNotes="" numberPage="115" pdfPage="http://pesquisa.in.gov.br/imprensa/jsp/visualiza/index.jsp?data=03/11/2025&amp;jornal=515&amp;pagina=115" editionNumber="209" highlightType="" highlightPriority="" highlight="" highlightimage="" highlightimagename="" idMateria="23272821">
  <body>
    <Identifica />
    <Data><![CDATA[]]></Data>
    <Ementa />
    <Titulo />
    <SubTitulo />
    <Texto><![CDATA[<p>EMERGO BRAZIL IMPORT IMPORTACAO E DISTRIBUICAO DE PRODUTOS MEDICOS HOSPITALARES LTDA / 04.967.408/0001-98</p><p>RETINÓGRAFO</p><p>25351.637308/2014-78 / 80117580315</p><p>80270 - EQUIPAMENTO - Alteração de notificação classe II - Implementação imediata / 1276641257</p><p>SwiftMR</p><p>25351.055952/2023-14 / 80117581035</p><p>80271 - EQUIPAMENTO - Alteração de notificação de Software Médico classe I ou II - Implementação imediata - novas indicações e funcionalidades ou alteração da identidade visual do software / 1175256251</p><p>_ _ _ _ _ _ _ _ _ _ _ _</p><p>ETHNOS INDÚSTRIA E COMÉRCIO DE PRODUTOS ORTOPÉDICOS LTDA - EPP / 08.198.611/0001-06</p><p>Componentes para Prótese Externa de Membro Inferior</p><p>25351.490522/2019-51 / 80542910027</p><p>80256 - MATERIAL - Alteração de notificação - Implementação imediata / 1169509258</p><p>_ _ _ _ _ _ _ _ _ _ _ _</p><p>EUROIMMUN BRASIL MEDICINA DIAGNOSTICA LTDA / 93.741.726/0001-66</p><p>Anti-MuSK IIFT</p><p>25351.839619/2023-52 / 10338930303</p><p>80198 - IVD - Alteração de notificação - Implementação imediata. / 1225673259</p><p>_ _ _ _ _ _ _ _ _ _ _ _</p><p>FRESENIUS MEDICAL CARE LTDA / 01.440.590/0001-36</p><p>LINHA DE SANGUE PARA HEMODIÁLISE</p><p>25351.215224/2011-91 / 80133950091</p><p>80256 - MATERIAL - Alteração de notificação - Implementação imediata / 1173638253</p><p>_ _ _ _ _ _ _ _ _ _ _ _</p><p>FUJIFILM DO BRASIL LTDA / 60.397.874/0001-56</p><p>Lâmina ALP-PIII DRI-CHEM FUJI</p><p>25351.470780/2014-31 / 80022060039</p><p>80198 - IVD - Alteração de notificação - Implementação imediata. / 1221753258</p><p>Lâmina BUN-PIII DRI-CHEM FUJI</p><p>25351.470769/2014-40 / 80022060038</p><p>80198 - IVD - Alteração de notificação - Implementação imediata. / 1221742256</p><p>Lâmina GPT/ALT-PIII DRI-CHEM FUJI</p><p>25351.472384/2014-11 / 80022060042</p><p>80198 - IVD - Alteração de notificação - Implementação imediata. / 1221773259</p><p>Lâmina GLU-PIII DRI-CHEM FUJI</p><p>25351.470746/2014-29 / 80022060043</p><p>80198 - IVD - Alteração de notificação - Implementação imediata. / 1221786253</p><p>Lâmina TBIL-PIII DRI-CHEM FUJI</p><p>25351.472381/2014-27 / 80022060041</p><p>80198 - IVD - Alteração de notificação - Implementação imediata. / 1221761251</p><p>_ _ _ _ _ _ _ _ _ _ _ _</p><p>FUNDAÇÃO BAIANA DE PESQ. CIENTIFICA E DESENV. TECNOLOGICO, FORNECIMENTO E DISTRIBUIÇÃO DE MEDICAMENTOS-BAHIAFARMA / 13.078.518/0001-90</p><p>Teste Rápido Anti-HCV Bahiafarma (Ouro Coloidal)</p><p>25351.310889/2024-67 / 81285200021</p><p>8009 - IVD - Alteração de registro - Implementação imediata - Apresentação comercial de produtos ou partes e acessórios de instrumentos / 0727268252</p><p>Teste Rápido Anti-HCV Bahiafarma (Ouro Coloidal)</p><p>25351.310889/2024-67 / 81285200021</p><p>8011 - IVD - Alteração de registro - Implementação imediata - Fabricante legal do produto, sem alteração no processo fabril. / 0726468258</p><p>Teste Rápido de Antígeno PF/PV Malária Bahiafarma (Ouro Coloidal)</p><p>25351.322130/2024-27 / 81285200018</p><p>8009 - IVD - Alteração de registro - Implementação imediata - Apresentação comercial de produtos ou partes e acessórios de instrumentos / 0730703258</p><p>Teste Rápido HBsAg Bahiafarma (Ouro Coloidal)</p><p>25351.315863/2024-13 / 81285200020</p><p>8009 - IVD - Alteração de registro - Implementação imediata - Apresentação comercial de produtos ou partes e acessórios de instrumentos / 0727237250</p><p>Teste Rápido de Anticorpos Totais Sífilis Bahiafarma (Ouro Coloidal)</p><p>25351.310011/2024-21 / 81285200022</p><p>8009 - IVD - Alteração de registro - Implementação imediata - Apresentação comercial de produtos ou partes e acessórios de instrumentos / 0727372254</p><p>Teste Rápido de Anticorpos Totais Sífilis Bahiafarma (Ouro Coloidal)</p><p>25351.310011/2024-21 / 81285200022</p><p>8011 - IVD - Alteração de registro - Implementação imediata - Fabricante legal do produto, sem alteração no processo fabril. / 0726336254</p><p>Teste Rápido HBsAg Bahiafarma (Ouro Coloidal)</p><p>25351.315863/2024-13 / 81285200020</p><p>8011 - IVD - Alteração de registro - Implementação imediata - Fabricante legal do produto, sem alteração no processo fabril. / 0725558253</p><p>_ _ _ _ _ _ _ _ _ _ _ _</p><p>GABISA MEDICAL INTERNATIONAL LTDA EPP / 08.633.431/0001-05</p><p>INTRASAFE BASIC - CATETER INTRAVENOSO GMI</p><p>25351.697155/2017-52 / 80423540069</p><p>80256 - MATERIAL - Alteração de notificação - Implementação imediata / 1174240253</p><p>_ _ _ _ _ _ _ _ _ _ _ _</p><p>GE HEALTHCARE DO BRASIL COMÉRCIO E SERVIÇOS PARA EQUIPAMENTOS MEDICO-HOSPITALARES LTDA / 00.029.372/0001-40</p><p>Centricity High Acuity Anesthesia</p><p>25351.521424/2019-72 / 80071260410</p><p>80271 - EQUIPAMENTO - Alteração de notificação de Software Médico classe I ou II - Implementação imediata - novas indicações e funcionalidades ou alteração da identidade visual do software / 1244590258</p><p>_ _ _ _ _ _ _ _ _ _ _ _</p><p>GENESTAR INOVAÇÕES E EQUIPAMENTOS MÉDICOS LTDA / 35.489.323/0001-75</p><p>VIASURE Blood Pathogens Extraction Kit for VIASURE V-Flex</p><p>25351.441807/2024-25 / 82149920099</p><p>80198 - IVD - Alteração de notificação - Implementação imediata. / 1216278253</p><p>_ _ _ _ _ _ _ _ _ _ _ _</p><p>GETINGE DO BRASIL EQUIPAMENTOS MEDICOS LTDA. / 06.028.137/0001-30</p><p>Foco Cirúrgico Volista</p><p>25351.167353/2016-14 / 80259110132</p><p>80224 - EQUIPAMENTO - Alteração de notificação classe I - Implementação imediata / 1323814256</p><p>FOCO CIRÚRGICO POWERLED II</p><p>25351.161813/2014-60 / 80259110079</p><p>80224 - EQUIPAMENTO - Alteração de notificação classe I - Implementação imediata / 1323389253</p><p>Foco Cirúrgico Maquet EZEA</p><p>25351.068764/2024-29 / 80259110240</p><p>80224 - EQUIPAMENTO - Alteração de notificação classe I - Implementação imediata / 1324489251</p><p>_ _ _ _ _ _ _ _ _ _ _ _</p><p>GRIFOLS BRASIL LTDA / 02.513.899/0001-71</p><p>DG FLUID B</p><p>25351.026881/2004-71 / 80134860079</p><p>80198 - IVD - Alteração de notificação - Implementação imediata. / 1232806251</p><p>DG FLUID A</p><p>25351.026893/2004-04 / 80134860080</p><p>80198 - IVD - Alteração de notificação - Implementação imediata. / 1232776254</p><p>PROMONITOR ANTI-IFX</p><p>25351.310813/2016-01 / 80134860239</p><p>80198 - IVD - Alteração de notificação - Implementação imediata. / 1217893253</p><p>PROMONITOR IFX</p><p>25351.310822/2016-97 / 80134860242</p><p>80198 - IVD - Alteração de notificação - Implementação imediata. / 1217916253</p><p>PROMONITOR-ADL</p><p>25351.310815/2016-52 / 80134860240</p><p>80198 - IVD - Alteração de notificação - Implementação imediata. / 1217829253</p><p>PROMONITOR ANTI-ETN</p><p>25351.310802/2016-53 / 80134860236</p><p>80198 - IVD - Alteração de notificação - Implementação imediata. / 1217882251</p><p>PROMONITOR ETN</p><p>25351.310806/2016-60 / 80134860237</p><p>80198 - IVD - Alteração de notificação - Implementação imediata. / 1217910255</p><p>PROMONITOR ANTI-ADL</p><p>25351.310767/2016-95 / 80134860235</p><p>80198 - IVD - Alteração de notificação - Implementação imediata. / 1217845259</p><p>_ _ _ _ _ _ _ _ _ _ _ _</p><p>H STRATTNER E CIA LTDA / 33.250.713/0001-62</p><p>AUTOCLAVE STATIM SCICAN</p><p>25351.797408/2016-31 / 10302860259</p><p>80270 - EQUIPAMENTO - Alteração de notificação classe II - Implementação imediata / 1296489256</p><p>Lavadoras Termodesinfectadoras MATACHANA</p><p>25351.680014/2015-77 / 10302860260</p><p>80270 - EQUIPAMENTO - Alteração de notificação classe II - Implementação imediata / 1296870251</p><p>_ _ _ _ _ _ _ _ _ _ _ _</p><p>HANESBRANDS BRASIL TEXTIL LTDA / 00.626.948/0001-57</p><p>Meia Elástica de Compressão para Uso Medicinal - Kendall</p><p>25351.228307/2016-51 / 80017170017</p><p>80256 - MATERIAL - Alteração de notificação - Implementação imediata / 1167826256</p><p>Meia Elástica de Compressão para Uso Medicinal - Hanes Support</p><p>25351.613793/2023-77 / 80017170023</p><p>80256 - MATERIAL - Alteração de notificação - Implementação imediata / 1167813251</p><p>_ _ _ _ _ _ _ _ _ _ _ _</p><p>HIDROLIGHT DO BRASIL S.A. / 08.762.826/0001-08</p><p>Tipoia</p><p>25351.058487/2025-27 / 80758210118</p><p>80256 - MATERIAL - Alteração de notificação - Implementação imediata / 1155553250</p><p>_ _ _ _ _ _ _ _ _ _ _ _</p><p>HTS - TECNOLOGIA EM SAÚDE, COMÉRCIO, IMPORTAÇÃO E EXPORTAÇÃO LTDA / 66.437.831/0001-33</p><p>Cateter para histerossalpingografia Softinjector Rimos</p><p>25351.429307/2015-56 / 10289680088</p><p>80256 - MATERIAL - Alteração de notificação - Implementação imediata / 1134047258</p><p>Pinça endoscópica para biópsia Jiuhong Medical</p><p>25351.429484/2015-28 / 10289680118</p><p>80256 - MATERIAL - Alteração de notificação - Implementação imediata / 1174912251</p><p>_ _ _ _ _ _ _ _ _ _ _ _</p><p>ICU MEDICAL DO BRASIL PRODUTOS HOSPITALARES LTDA / 06.019.570/0001-00</p><p>INFUSOR DE PRESSÃO CLEAR CUFF</p><p>25351.666801/2008-49 / 80228990042</p><p>80256 - MATERIAL - Alteração de notificação - Implementação imediata / 1174766255</p><p>Cânula de Traqueostomia Pediátrica Sem Cuff Portex</p><p>25351.640511/2018-47 / 80228990136</p><p>80256 - MATERIAL - Alteração de notificação - Implementação imediata / 1174418257</p><p>_ _ _ _ _ _ _ _ _ _ _ _</p><p>IMODONTO INDUSTRIA DE MATERIAIS ODONTOLOGICOS, COMERCIO, IMPORTACAO E EXPORTACAO LTDA / 21.738.250/0001-01</p><p>OrtoART Colors</p><p>25351.576777/2022-13 / 81912539007</p><p>80256 - MATERIAL - Alteração de notificação - Implementação imediata / 1163791253</p><p>verniz foto polimerizável</p><p>25351.628748/2021-55 / 81912539004</p><p>80256 - MATERIAL - Alteração de notificação - Implementação imediata / 1164290258</p><p>_ _ _ _ _ _ _ _ _ _ _ _</p><p>IMPLACIL OSSTEM - MATERIAL ODONTOLOGICO S.A. / 05.741.680/0001-18</p><p>FRESA</p><p>25351.435512/2009-44 / 80259860006</p><p>80256 - MATERIAL - Alteração de notificação - Implementação imediata / 0881870251</p><p>_ _ _ _ _ _ _ _ _ _ _ _</p><p>INDUSTRIA DE ARTEFATOS DE BORRACHA INOVATEX LTDA / 14.469.133/0001-16</p><p>Preservativo Eva Aromatizado</p><p>25351.832037/2016-66 / 80950310028</p><p>80258 - MATERIAL - Alteração de registro - Implementação imediata - Alteração apenas do nome comercial e/ou denominação nome/código do modelo comercial, componente de sistema, parte ou acessório do produto / 1414954255</p><p>_ _ _ _ _ _ _ _ _ _ _ _</p><p>INSTITUTO DE BIOLOGIA MOLECULAR DO PARANÁ / 03.585.986/0001-05</p><p>Kit IBMP TR ABO/Rh</p><p>25351.309543/2023-35 / 80780040019</p><p>8009 - IVD - Alteração de registro - Implementação imediata - Apresentação comercial de produtos ou partes e acessórios de instrumentos / 1336463252</p><p>_ _ _ _ _ _ _ _ _ _ _ _</p><p>Instramed Industria Médico Hospitalar LTDA / 90.909.631/0001-10</p><p>DESFIBRILADOR EXTERNO AUTOMÁTICO I.ON PRO</p><p>25351.399537/2019-85 / 10242950016</p><p>80228 - EQUIPAMENTO - Alteração de registro - Implementação imediata - Condições de armazenamento, transporte e operação / 1320278256</p><p>_ _ _ _ _ _ _ _ _ _ _ _</p><p>J. P. CORREA IMPORTACAO - LTDA / 11.737.964/0001-33</p><p>CARTUCHOS COM AGULHAS DESCARTÁVEIS PARA TATUAGEM MARCO DE LA PIEL BRAVO</p><p>25351.101802/2022-09 / 80767229006</p><p>80256 - MATERIAL - Alteração de notificação - Implementação imediata / 0974518255</p><p>ONSKIN CARTRIDGES NEEDLES</p><p>25351.450176/2024-35 / 80767229011</p><p>80256 - MATERIAL - Alteração de notificação - Implementação imediata / 0966963253</p><p>_ _ _ _ _ _ _ _ _ _ _ _</p><p>JG MORIYA REPRESENTAÇÃO IMPORTADORA EXPORTADORA COMERCIAL LTDA / 67.882.621/0001-17</p><p>Mangueira com reforço trançado</p><p>25351.697419/2010-11 / 10349590091</p><p>80256 - MATERIAL - Alteração de notificação - Implementação imediata / 0916766250</p><p>FLUXÔMETRO MORIYA</p><p>25351.646789/2010-10 / 10349590087</p><p>80224 - EQUIPAMENTO - Alteração de notificação classe I - Implementação imediata / 1342969251</p><p>_ _ _ _ _ _ _ _ _ _ _ _</p><p>JOHNSON &amp; JOHNSON DO BRASIL INDÚSTRIA E COMÉRCIO DE PRODUTOS PARA SAÚDE LTDA / 54.516.661/0001-01</p><p>Instrumentais cirúrgicos sem conexão a equipamento</p><p>25351.716253/2014-12 / 80145901628</p><p>80256 - MATERIAL - Alteração de notificação - Implementação imediata / 0980724252</p><p>SISTEMA DE INSTRUMENTOS PARA ACETABULO DEPUY</p><p>25351.087769/2005-98 / 80145900814</p><p>80256 - MATERIAL - Alteração de notificação - Implementação imediata / 1160779252</p><p>Família de Instrumentais em Santoprene PT</p><p>25351.420769/2019-18 / 80145901912</p><p>80256 - MATERIAL - Alteração de notificação - Implementação imediata / 1164910256</p><p>Instrumental MultiLoc</p><p>25351.626686/2014-07 / 80145901521</p><p>80256 - MATERIAL - Alteração de notificação - Implementação imediata / 0984590251</p><p>Instrumentais Zero-P VA</p><p>25351.486800/2022-71 / 80145901944</p><p>80256 - MATERIAL - Alteração de notificação - Implementação imediata / 1158953259</p><p>Kit Instrumental não estéril Synfix Evolution</p><p>25351.396819/2019-21 / 80145901906</p><p>80256 - MATERIAL - Alteração de notificação - Implementação imediata / 1173468251</p><p>Instrumentais ATTUNE REVISION</p><p>25351.694846/2018-03 / 80145901892</p><p>80256 - MATERIAL - Alteração de notificação - Implementação imediata / 1135937257</p><p>MEDIDOR DE IMPLANTE MAMÁRIO DE GEL</p><p>25351.464996/2011-51 / 80145901369</p><p>80256 - MATERIAL - Alteração de notificação - Implementação imediata / 0980447259</p><p>Instrumental Expert ALFN</p><p>25351.626673/2014-08 / 80145901515</p><p>80256 - MATERIAL - Alteração de notificação - Implementação imediata / 0984579257</p><p>Instrumental Expert R-AFN</p><p>25351.629700/2014-04 / 80145901518</p><p>80256 - MATERIAL - Alteração de notificação - Implementação imediata / 0984584251</p><p>INSTRUMENTAL ARTICULADO NÃO CORTANTE ROTACIONAL SYNTHES</p><p>25351.736423/2014-66 / 80145901653</p><p>80256 - MATERIAL - Alteração de notificação - Implementação imediata / 1161890254</p><p>_ _ _ _ _ _ _ _ _ _ _ _</p><p>JOMON INDUSTRIA DE ARTEFATOS CERAMICOS LTDA / 08.786.207/0001-45</p><p>Bloco de zircônia</p><p>25351.574637/2020-31 / 81762000002</p><p>80256 - MATERIAL - Alteração de notificação - Implementação imediata / 0870069250</p><p>_ _ _ _ _ _ _ _ _ _ _ _</p><p>JOÃOMED COMÉRCIO DE MATERIAIS CIRÚRGICOS S/A / 78.742.491/0001-33</p><p>MASCARA LARINGEA EM SILICONE DESCARTÁVEL VITALGOLD</p><p>25351.688583/2014-53 / 10296900138</p><p>80256 - MATERIAL - Alteração de notificação - Implementação imediata / 1170375251</p><p>_ _ _ _ _ _ _ _ _ _ _ _</p><p>KLS MARTIN DO BRASIL EQUIPAMENTOS MEDICOS LTDA / 19.524.713/0001-82</p><p>INSTRUMENTAIS PARA CONEXÃO MARTIN</p><p>25351.859945/2018-19 / 81198980049</p><p>80256 - MATERIAL - Alteração de notificação - Implementação imediata / 1133008259</p><p>_ _ _ _ _ _ _ _ _ _ _ _</p><p>KTR GROUP IMPORTACAO E EXPORTACAO LTDA / 07.428.876/0003-44</p><p>Chip de Teste RevDx</p><p>25351.498564/2023-16 / 82155240002</p><p>80198 - IVD - Alteração de notificação - Implementação imediata. / 1228178259</p><p>_ _ _ _ _ _ _ _ _ _ _ _</p><p>LABORATORIOS B. BRAUN S/A / 31.673.254/0001-02</p><p>Instrumental Não Cortante Não Articulado Descartável</p><p>25351.149289/2015-86 / 80136990825</p><p>80256 - MATERIAL - Alteração de notificação - Implementação imediata / 1160160252</p><p>_ _ _ _ _ _ _ _ _ _ _ _</p><p>LIFEMED INDUSTRIAL DE EQUIPAMENTOS E ARTiGOS MÉDICOS E HOSPITALARES S.A / 02.357.251/0001-53</p><p>EQUIPOS PARA BOMBA DE INFUSÃO LIFEMED - USO PARENTERAL - PVC FREE</p><p>25351.074725/2019-01 / 10390410091</p><p>80256 - MATERIAL - Alteração de notificação - Implementação imediata / 0881664251</p><p>_ _ _ _ _ _ _ _ _ _ _ _</p><p>LOLLY STORE COSPLAY - IMPORTACAO E EXPORTACAO DE ARTIGOS DE OPTICA LTDA / 32.978.607/0001-37</p><p>Urban Layer Premium Color Lens</p><p>25351.342533/2024-92 / 82706209004</p><p>80256 - MATERIAL - Alteração de notificação - Implementação imediata / 0870622251</p><p>_ _ _ _ _ _ _ _ _ _ _ _</p><p>Lesell Coml. Imp. Exp. e Repres. Ltda. / 00.002.348/0001-18</p><p>PONTAS DIAMANTADAS KOMET-BRASSELER</p><p>25351.010597/2009-17 / 10334210012</p><p>80256 - MATERIAL - Alteração de notificação - Implementação imediata / 1173231251</p><p>_ _ _ _ _ _ _ _ _ _ _ _</p><p>M P - COMERCIO E INDUSTRIA DE MATERIAIS HOSPITALARES LTDA / 07.499.258/0001-23</p><p>Equipo Gravitacional Parenteral Fotossensível - MPSet FS</p><p>25351.056414/2012-76 / 80305560037</p><p>80256 - MATERIAL - Alteração de notificação - Implementação imediata / 0928057259</p><p>_ _ _ _ _ _ _ _ _ _ _ _</p><p>MAKE LINE COMERCIAL LTDA ME / 05.416.754/0001-40</p><p>MÁSCARA PARA RESSONÂNCIA - SEM METAL</p><p>25351.130144/2009-75 / 80171530009</p><p>80256 - MATERIAL - Alteração de notificação - Implementação imediata / 1159065250</p><p>_ _ _ _ _ _ _ _ _ _ _ _</p><p>MANDALA BRASIL IMPORTAÇÃO E DISTRIBUIÇÃO DE PRODUTO MÉDICO HOSPITALAR LTDA / 09.117.476/0001-81</p><p>Família HHV7 ELITe MGB® Kit</p><p>25351.596681/2022-63 / 80686360358</p><p>80198 - IVD - Alteração de notificação - Implementação imediata. / 1207558257</p><p>_ _ _ _ _ _ _ _ _ _ _ _</p><p>MARLEX OPL INDUSTRIA, COMERCIO E OPERACOES LOGISTICAS LTDA / 34.594.057/0001-88</p><p>Mandíbula IA-Grip</p><p>25351.677720/2023-11 / 82024000003</p><p>80256 - MATERIAL - Alteração de notificação - Implementação imediata / 0979668255</p><p>_ _ _ _ _ _ _ _ _ _ _ _</p><p>MED-EL DO BRASIL ELETROMEDICOS LTDA / 29.251.258/0001-42</p><p>Sistema de Implante Coclear SYNCHRONY</p><p>25351.089735/2020-77 / 81692270011</p><p>80230 - EQUIPAMENTO - Alteração de registro - Implementação imediata - Exclusão de modelos, componentes do sistema, acessórios, partes, indicação de uso, método de esterilização / 1324338253</p><p>_ _ _ _ _ _ _ _ _ _ _ _</p><p>MEDSTAR IMPORTAÇÃO E EXPORTAÇÃO LTDA / 03.580.620/0001-35</p><p>Sistema Endo-Exo Medular GAP</p><p>25351.091706/2024-07 / 80047300877</p><p>80261 - MATERIAL ORTOPEDIA - Alteração de registro - Implementação imediata - Razão social de empresa estrangeira fabricante legal ou unidade fabril / 1422523250</p><p>_ _ _ _ _ _ _ _ _ _ _ _</p><p>MERCUR S.A / 93.896.397/0001-22</p><p>ORTESE PARA PUNHO E MAO</p><p>25351.381472/2007-88 / 10340440045</p><p>80256 - MATERIAL - Alteração de notificação - Implementação imediata / 1127766252</p><p>_ _ _ _ _ _ _ _ _ _ _ _</p><p>MERCUR S/A / 93.896.397/0014-47</p><p>BOLSA TÉRMICA GEL</p><p>25351.855161/2016-43 / 81284250002</p><p>80256 - MATERIAL - Alteração de notificação - Implementação imediata / 1168087252</p><p>BOLSA TÉRMICA GEL</p><p>25351.406288/2024-59 / 81284250029</p><p>80256 - MATERIAL - Alteração de notificação - Implementação imediata / 1173714251</p><p>Tensores Mercur</p><p>25351.220206/2024-81 / 81284250023</p><p>80256 - MATERIAL - Alteração de notificação - Implementação imediata / 1169824251</p><p>Imobilizadores Mercur</p><p>25351.354964/2024-00 / 81284250028</p><p>80256 - MATERIAL - Alteração de notificação - Implementação imediata / 1172705259</p><p>_ _ _ _ _ _ _ _ _ _ _ _</p>]]></Texto>
  </body>
  <Midias />
</article></xml>