﻿<xml><article id="46242324" name="Atos28out" idOficio="11379661" pubName="DO1" artType="Ato" pubDate="03/11/2025" artClass="00014:00019:00016:00057:00000:00000:00000:00000:00000:00000:00006:00000" artCategory="Ministério das Comunicações/Agência Nacional de Telecomunicações/Superintendência de Outorga e Recursos à Prestação/Gerência de Outorga e Licenciamento de Estações" artSize="12" artNotes="" numberPage="31" pdfPage="http://pesquisa.in.gov.br/imprensa/jsp/visualiza/index.jsp?data=03/11/2025&amp;jornal=515&amp;pagina=31" editionNumber="209" highlightType="" highlightPriority="" highlight="" highlightimage="" highlightimagename="" idMateria="23277369">
  <body>
    <Identifica><![CDATA[ ATOS DE 28 DE OUTUBRO DE 2025]]></Identifica>
    <Data><![CDATA[]]></Data>
    <Ementa />
    <Titulo />
    <SubTitulo />
    <Texto><![CDATA[<p class="identifica">ATOS DE 28 DE OUTUBRO DE 2025</p><p>Nº 15.912 Processo nº 53500.080452/2025-59. Expede autorização à MARIA APARECIDA DOS SANTOS COMUNICACAO MULTIMIDIA, CNPJ/MF nº 12.346.023/0001-31, para explorar Serviços de Telecomunicações de Interesse Coletivo e de Interesse Restrito, por prazo indeterminado, em todo o território nacional.</p><p>Nº 15.914 Processo nº 53500.075077/2025-25. Expede autorização à T G L SERVICOS DE TELECOMUNICACOES LTDA, CNPJ/MF nº 28.450.243/0001-40, para explorar Serviços de Telecomunicações de Interesse Coletivo e de Interesse Restrito, por prazo indeterminado, em todo o território nacional.</p><p>Nº 15.915 Processo nº 53500.076295/2025-87. Expede autorização à NS SERVICOS DE TELECOMUNICACOES LTDA, CNPJ/MF nº 38.162.884/0001-53, para explorar Serviços de Telecomunicações de Interesse Coletivo e de Interesse Restrito, por prazo indeterminado, em todo o território nacional.</p><p>Nº 15.928 Processo nº 53500.081134/2025-13. Expede autorização à PN COMERCIO, SERVICOS DE TELECOMUNICACOES MULTIMIDIA LTDA, CNPJ/MF nº 12.291.708/0001-28, para explorar Serviços de Telecomunicações de Interesse Coletivo e de Interesse Restrito, por prazo indeterminado, em todo o território nacional.</p><p>Nº 15.929 Processo nº 53500.081981/2025-70. Expede autorização à LFS TELECOM LTDA, CNPJ/MF nº 54.931.292/0001-05, para explorar Serviços de Telecomunicações de Interesse Coletivo e de Interesse Restrito, por prazo indeterminado, em todo o território nacional.</p><p>Nº 15.930 Processo nº 53500.084933/2025-33. Expede autorização à UPLINK SERVICOS DE COMUNICACAO E MULTIMIDIA LTDA, CNPJ/MF nº 49.202.493/0001-31, para explorar Serviços de Telecomunicações de Interesse Coletivo e de Interesse Restrito, por prazo indeterminado, em todo o território nacional.</p><p>Nº 15.931 Processo nº 53500.082111/2025-18. Expede autorização à BOA NET TELECOMUNICACOES LTDA, CNPJ/MF nº 45.256.523/0001-31, para explorar Serviços de Telecomunicações de Interesse Coletivo e de Interesse Restrito, por prazo indeterminado, em todo o território nacional.</p><p>Nº 15.933 Processo nº 53500.084798/2025-26. Expede autorização à K &amp; B INFORMATICA LTDA, CNPJ/MF nº 08.482.356/0001-10, para explorar Serviços de Telecomunicações de Interesse Coletivo e de Interesse Restrito, por prazo indeterminado, em todo o território nacional.</p><p>Nº 15.934 Processo nº 53500.084801/2025-10. Expede autorização à ISABELA FERNANDA PEREIRA INFORMATICA, CNPJ/MF nº 39.875.566/0001-00, para explorar Serviços de Telecomunicações de Interesse Coletivo e de Interesse Restrito, por prazo indeterminado, em todo o território nacional.</p><p>Nº 15.941 Processo nº 53500.083137/2025-83. Expede autorização à PLAYFIBRA SERVICOS DE CONEXAO LTDA, CNPJ/MF nº 46.189.297/0001-86, para explorar Serviços de Telecomunicações de Interesse Coletivo e de Interesse Restrito, por prazo indeterminado, em todo o território nacional.</p><p>Nº 15.946 Processo nº 53500.083110/2025-91. Expede autorização à VANDERLEY ALMEIDA PASSOS, CNPJ/MF nº 09.225.660/0001-45, para explorar Serviços de Telecomunicações de Interesse Coletivo e de Interesse Restrito, por prazo indeterminado, em todo o território nacional.</p><p>Nº 15.952 Processo nº 53500.082652/2025-46. Expede autorização à D M DA SILVA SANTOS, CNPJ/MF nº 46.290.720/0001-30, para explorar Serviços de Telecomunicações de Interesse Coletivo e de Interesse Restrito, por prazo indeterminado, em todo o território nacional.</p><p>Nº 15.955 Processo nº 53500.067307/2025-82. Expede autorização à MARIA EDUARDA DA SILVA MARTINS TELECOM, CNPJ/MF nº 46.354.187/0001-22, para explorar Serviços de Telecomunicações de Interesse Coletivo e de Interesse Restrito, por prazo indeterminado, em todo o território nacional.</p><p>Nº 15.956 Processo nº 53500.075667/2025-58. Expede autorização à START TELECOM LTDA, CNPJ/MF nº 48.872.577/0001-10, para explorar Serviços de Telecomunicações de Interesse Coletivo e de Interesse Restrito, por prazo indeterminado, em todo o território nacional.</p><p>Nº 15.989 Processo nº 53500.077339/2025-96. Expede autorização à TELEALPHA COMERCIAL LTDA, CNPJ/MF nº 26.299.693/0001-59, para explorar Serviços de Telecomunicações de Interesse Coletivo e de Interesse Restrito, por prazo indeterminado, em todo o território nacional.</p><p>Nº 16.007 Processo nº 53500.083360/2025-21. Expede autorização à NET BICAS TELECOM LTDA, CNPJ/MF nº 38.468.300/0001-72, para explorar Serviços de Telecomunicações de Interesse Coletivo e de Interesse Restrito, por prazo indeterminado, em todo o território nacional.</p><p>Nº 16.008 Processo nº 53500.083371/2025-19. Expede autorização à HP FIBRA DO BRASIL LTDA, CNPJ/MF nº 62.494.010/0001-88, para explorar Serviços de Telecomunicações de Interesse Coletivo e de Interesse Restrito, por prazo indeterminado, em todo o território nacional.</p><p class="assina">Renato Sales Bizerra Aguiar</p><p class="cargo">Gerente</p>]]></Texto>
  </body>
  <Midias />
</article></xml>