﻿<xml><article id="46234876" name="TABELA RDC 630 - nova versao - 3" idOficio="11378433" pubName="DO1" artType="Decisão" pubDate="03/11/2025" artClass="00047:00047:00007:00001:00000:00000:00000:00000:00000:00000:00018:00031" artCategory="Ministério da Saúde/Agência Nacional de Saúde Suplementar/Diretoria Colegiada/Coordenadoria de Recursos e Assessoramento" artSize="24" artNotes="" numberPage="99" pdfPage="http://pesquisa.in.gov.br/imprensa/jsp/visualiza/index.jsp?data=03/11/2025&amp;jornal=515&amp;pagina=99" editionNumber="209" highlightType="" highlightPriority="" highlight="" highlightimage="" highlightimagename="" idMateria="23273680">
  <body>
    <Identifica />
    <Data><![CDATA[]]></Data>
    <Ementa />
    <Titulo />
    <SubTitulo />
    <Texto><![CDATA[<p /><p></p><table><tr /><tr><td rowspan="1" colspan="1"><p>33910.031226/2022-62</p></td><td rowspan="1" colspan="1"><p>UNIMED SETE LAGOAS COOPERATIVA TRABALHO MÉDICO</p></td><td rowspan="1" colspan="1"><p>DIFIS</p></td><td rowspan="1" colspan="1"><p>Pelo conhecimento e não provimento do recurso, na forma manifestada na Nota Técnica nº 1153/2025/GEIRS/DIDES/ANS, mantendo a decisão da DIDES.</p></td></tr><tr><td rowspan="1" colspan="1"><p>33910.031458/2020-59</p></td><td rowspan="1" colspan="1"><p>CEDPLAN SAÚDE LTDA EPP</p></td><td rowspan="1" colspan="1"><p>DIFIS</p></td><td rowspan="1" colspan="1"><p>Pela aprovação da revisão administrativa de ofício, na forma manifestada na Nota Técnica nº 161/2025/COARE/GEIRS/DIRAD-DIDES/DIDES.</p></td></tr><tr><td rowspan="1" colspan="1"><p>33910.008148/2023-83</p></td><td rowspan="1" colspan="1"><p>COMSEDER - COOPERATIVA DE ASSISTÊNCIA MÉDICA DOS SERVIDORES DA SUPLAN E DO DER LTDA</p></td><td rowspan="1" colspan="1"><p>DIFIS</p></td><td rowspan="1" colspan="1"><p>Pelo conhecimento e provimento parcial do recurso, na forma manifestada na Nota Técnica nº 1670/2025/GEIRS/DIDES/ANS, mantendo a decisão da DIDES.</p></td></tr><tr><td rowspan="1" colspan="1"><p>33910.008501/2023-25</p></td><td rowspan="1" colspan="1"><p>UNIMED OESTE DO PARANÁ - COOPERATIVA DE TRABALHO MÉDICO</p></td><td rowspan="1" colspan="1"><p>DIFIS</p></td><td rowspan="1" colspan="1"><p>Pela aprovação da revisão administrativa de ofício, na forma manifestada na Nota Técnica nº 176/2025/COARE/GEIRS/DIRAD-DIDES/DIDES.</p></td></tr><tr><td rowspan="1" colspan="1"><p>33910.008503/2023-14</p></td><td rowspan="1" colspan="1"><p>UNIMED ENCOSTA DA SERRARS SOCIEDADE COOPERATIVA DE SERVIÇOS DE SAÚDE LTDA</p></td><td rowspan="1" colspan="1"><p>DIFIS</p></td><td rowspan="1" colspan="1"><p>Pela aprovação da revisão administrativa de ofício, na forma manifestada na Nota Técnica nº 175/2025/COARE/GEIRS/DIRAD-DIDES/DIDES.</p></td></tr><tr><td rowspan="1" colspan="1"><p>33910.008444/2023-84</p></td><td rowspan="1" colspan="1"><p>UNIMED DE CASCAVEL COOPERATIVA DE TRABALHO MÉDICO</p></td><td rowspan="1" colspan="1"><p>DIFIS</p></td><td rowspan="1" colspan="1"><p>Pela aprovação da revisão administrativa de ofício, na forma manifestada na Nota Técnica nº 177/2025/COARE/GEIRS/DIRAD-DIDES/DIDES.</p></td></tr><tr><td rowspan="1" colspan="1"><p>33910.041446/2022-02</p></td><td rowspan="1" colspan="1"><p>UNIMED DO ESTADO DE SANTA CATARINA FED. EST. DAS COOP. MÉD.</p></td><td rowspan="1" colspan="1"><p>DIFIS</p></td><td rowspan="1" colspan="1"><p>Pelo conhecimento e provimento parcial do recurso, na forma manifestada na Nota Técnica nº 1679/2025/GEIRS/DIDES/ANS, mantendo a decisão da DIDES.</p></td></tr><tr><td rowspan="1" colspan="1"><p>33910.007867/2024-68</p></td><td rowspan="1" colspan="1"><p>ADVANCE PLANOS DE SAÚDE LTDA</p></td><td rowspan="1" colspan="1"><p>DIOPE</p></td><td rowspan="1" colspan="1"><p>Pelo conhecimento e provimento parcial do recurso, na forma manifestada na Nota Técnica nº 1984/2025/GEIRS/DIDES/ANS, mantendo a decisão da DIDES.</p></td></tr><tr><td rowspan="1" colspan="1"><p>33910.041236/2022-14</p></td><td rowspan="1" colspan="1"><p>PLANO ASSISTENCIAL SÃO LUCAS LTDA</p></td><td rowspan="1" colspan="1"><p>DIFIS</p></td><td rowspan="1" colspan="1"><p>Pela aprovação da revisão administrativa de ofício, na forma manifestada na Nota Técnica nº 155/2025/COARE/GEIRS/DIRAD-DIDES/DIDES.</p></td></tr><tr><td rowspan="1" colspan="1"><p>33910.008393/2023-91</p></td><td rowspan="1" colspan="1"><p>UNIMED APUCARANA COOPERATIVA DE TRABALHO MÉDICO</p></td><td rowspan="1" colspan="1"><p>DIOPE</p></td><td rowspan="1" colspan="1"><p>Pela aprovação da revisão administrativa de ofício, na forma manifestada na Nota Técnica nº 212/2025/COARE/GEIRS/DIRAD-DIDES/DIDES.</p></td></tr></table>]]></Texto>
  </body>
  <Midias />
</article></xml>