﻿<xml><article id="46240768" name="RET PT 2886" idOficio="11379683" pubName="DO1" artType="Retificação" pubDate="03/11/2025" artClass="00047:00037:00000:00000:00000:00000:00000:00000:00000:00000:00017:00038" artCategory="Ministério da Saúde/Secretaria de Atenção Especializada à Saúde" artSize="12" artNotes="" numberPage="91" pdfPage="http://pesquisa.in.gov.br/imprensa/jsp/visualiza/index.jsp?data=03/11/2025&amp;jornal=515&amp;pagina=91" editionNumber="209" highlightType="" highlightPriority="" highlight="" highlightimage="" highlightimagename="" idMateria="23277328">
  <body>
    <Identifica><![CDATA[ Retificação ]]></Identifica>
    <Data><![CDATA[]]></Data>
    <Ementa />
    <Titulo />
    <SubTitulo />
    <Texto><![CDATA[<p class="identifica">Retificação</p><p>No art. 7º da Portaria SAES/MS nº 2.886, de 3 de junho de 2025, publicada no Diário Oficial da União nº 109, de 11 de junho de 2025, seção 1, páginas 132 a 133.</p><p>ONDE SE LÊ:</p><p>Art. 7º---------------------------------------------------------------</p><p>TRANSPLANTE DE RIM: 24.08</p><p>SÃO PAULO</p><p /><p></p><table><tr /><tr><td rowspan="1" colspan="1"><p>Nº do SNT: 1 01 11 SP 37</p></td></tr></table><p>LEIA-SE:</p><p>Art. 7º--------------------------------------------------------------</p><p>TRANSPLANTE DE RIM: 24.08</p><p>SÃO PAULO</p><p /><p></p><table><tr /><tr><td rowspan="1" colspan="1"><p>Nº do SNT: 1 01 19 SP 19</p></td></tr></table>]]></Texto>
  </body>
  <Midias />
</article></xml>