﻿<xml><article id="46237008" name="Int_Desp_3.179_2025_DIR" idOficio="11379355" pubName="DO1" artType="Despacho" pubDate="03/11/2025" artClass="00035:00043:00021:00000:00000:00000:00000:00000:00000:00000:00024:00000" artCategory="Ministério de Minas e Energia/Agência Nacional de Energia Elétrica/Diretoria Colegiada" artSize="12" artNotes="" numberPage="72" pdfPage="http://pesquisa.in.gov.br/imprensa/jsp/visualiza/index.jsp?data=03/11/2025&amp;jornal=515&amp;pagina=72" editionNumber="209" highlightType="" highlightPriority="" highlight="" highlightimage="" highlightimagename="" idMateria="23276537">
  <body>
    <Identifica><![CDATA[ DESPACHO Nº 3.179, DE 21 DE OUTUBRO DE 2025]]></Identifica>
    <Data><![CDATA[]]></Data>
    <Ementa />
    <Titulo />
    <SubTitulo />
    <Texto><![CDATA[<p class="identifica">DESPACHO Nº 3.179, DE 21 DE OUTUBRO DE 2025</p><p>O DIRETOR-GERAL DA AGÊNCIA NACIONAL DE ENERGIA ELÉTRICA - ANEEL, no uso das suas atribuições regimentais, tendo em vista deliberação da Diretoria e o que consta do Processo nº 48500.905057/2019-17, decide:</p><p>aplicar multa editalícia no valor de R$ 27.250.429,58 (vinte e sete milhões, duzentos e cinquenta mil, quatrocentos e vinte e nove reais e cinquenta e oito centavos) à Brasil Biofuels S.A., CNPJ nº 09.478.309/0001-66, referente ao atraso na implementação da usina termelétrica Híbrido Forte de São Joaquim, localizada no município de Boa Vista, estado de Roraima.</p><p class="assina">SANDOVAL DE ARAÚJO FEITOSA NETO</p>]]></Texto>
  </body>
  <Midias />
</article></xml>