﻿<xml><article id="46239538" name="8620 PortariaPropostaFAF_2025103" idOficio="11379559" pubName="DO1" artType="Portaria" pubDate="03/11/2025" artClass="00047:00001:00000:00000:00000:00000:00000:00000:00000:00000:00054:00000" artCategory="Ministério da Saúde/Gabinete do Ministro" artSize="24" artNotes="" numberPage="80" pdfPage="http://pesquisa.in.gov.br/imprensa/jsp/visualiza/index.jsp?data=03/11/2025&amp;jornal=515&amp;pagina=80" editionNumber="209" highlightType="" highlightPriority="" highlight="" highlightimage="" highlightimagename="" idMateria="23276898">
  <body>
    <Identifica><![CDATA[ PORTARIA GM/MS Nº 8.620, DE 31 DE OUTUBRO DE 2025]]></Identifica>
    <Data><![CDATA[]]></Data>
    <Ementa><![CDATA[ Autoriza o Estado, Município ou Distrito Federal a receber recursos referentes ao incremento temporário ao custeio dos serviços de Atenção Especializada à Saúde.]]></Ementa>
    <Titulo />
    <SubTitulo />
    <Texto><![CDATA[<p class="identifica">PORTARIA GM/MS Nº 8.620, DE 31 DE OUTUBRO DE 2025</p><p class="ementa">Autoriza o Estado, Município ou Distrito Federal a receber recursos referentes ao incremento temporário ao custeio dos serviços de Atenção Especializada à Saúde.</p><p>O MINISTRO DE ESTADO DA SAÚDE, no uso das atribuições que lhe conferem os incisos I e II do parágrafo único do art. 87 da Constituição, em observância a Lei nº 15.121, de 10 de abril de 2025, Lei Complementar nº 141, de 13 de janeiro de 2012, Lei nº 8.080, de 19 de setembro de 1990, resolve:</p><p>Art. 1º Ficam autorizados os Estados, o Distrito Federal e os Municípios descritos no anexo desta Portaria a receberem recursos financeiros referentes ao incremento temporário para o custeio dos serviços de Atenção Especializada à Saúde.</p><p>Art. 2º Os recursos financeiros tratados nesta Portaria referem-se à aplicação das emendas parlamentares para incremento temporário ao custeio dos serviços de Atenção Especializada à Saúde.</p><p>Art. 3º As propostas de que tratam esta portaria serão processadas no InvestSUS, disponível no portalfns.saude.gov.br.</p><p>Art. 4º O Fundo Nacional de Saúde adotará as medidas necessárias para as transferências de recursos financeiros estabelecidas nesta Portaria aos respectivos Fundos de Saúde, em parcela única, em conformidade com os processos de pagamento instruídos pela Secretaria Finalística, após atendidas as condições previstas para essa modalidade de transferência.</p><p>Art. 5º A prestação de contas sobre a aplicação dos recursos financeiros será realizada por meio do Relatório Anual de Gestão - RAG, aprovado pelo respectivo Conselho local de saúde, nos termos dos artigos 34 a 36 da Lei Complementar nº 141, de 14 de janeiro de 2012.</p><p>Art. 6º Esta Portaria entra em vigor na data de sua publicação.</p><p class="assina">ALEXANDRE ROCHA SANTOS PADILHA</p><p class="anexo">ANEXO</p><p>Entes federados autorizados a receberem recursos financeiros federais de emendas destinados ao incremento temporário ao custeio dos serviços de Atenção Especializada à Saúde.</p><p /><p></p><table><tr /><tr><td rowspan="1" colspan="1"><p>UF</p></td><td rowspan="1" colspan="1"><p>MUNICÍPIO</p></td><td rowspan="1" colspan="1"><p>ENTIDADE</p></td><td rowspan="1" colspan="1"><p>Nº DA PROPOSTA</p></td><td rowspan="1" colspan="1"><p>VALOR TOTAL DA PROPOSTA (R$)</p></td><td rowspan="1" colspan="1"><p>CÓD. EMENDA</p></td><td rowspan="1" colspan="1"><p>VALOR POR EMENDA (R$)</p></td><td rowspan="1" colspan="1"><p>FUNCIONAL PROGRAMÁTICA</p></td><td rowspan="1" colspan="1"><p>CNES</p></td><td rowspan="1" colspan="1"><p>VALOR (R$)</p></td></tr><tr><td rowspan="1" colspan="1"><p>AM</p></td><td rowspan="1" colspan="1"><p>BORBA</p></td><td rowspan="1" colspan="1"><p>PMB/SEMSA/FMS</p></td><td rowspan="1" colspan="1"><p>36000700111202500</p></td><td rowspan="1" colspan="1"><p>4.090.879,00</p></td><td rowspan="1" colspan="1"><p>71040006</p></td><td rowspan="1" colspan="1"><p>4.090.879,00</p></td><td rowspan="1" colspan="1"><p>1030251182E900013</p></td><td rowspan="1" colspan="1"><p>6572057</p></td><td rowspan="1" colspan="1"><p>4.090.879,00</p></td></tr><tr><td rowspan="1" colspan="1"><p>CE</p></td><td rowspan="1" colspan="1"><p>MIRAIMA</p></td><td rowspan="1" colspan="1"><p>FUNDO MUNICIPAL DE SAUDE DE MIRAIMA</p></td><td rowspan="1" colspan="1"><p>36000705237202500</p></td><td rowspan="1" colspan="1"><p>100.063,00</p></td><td rowspan="1" colspan="1"><p>71070002</p></td><td rowspan="1" colspan="1"><p>100.063,00</p></td><td rowspan="1" colspan="1"><p>1030251182E900023</p></td><td rowspan="1" colspan="1"><p>6477097</p></td><td rowspan="1" colspan="1"><p>100.063,00</p></td></tr><tr><td rowspan="1" colspan="1"><p>GO</p></td><td rowspan="1" colspan="1"><p>PIRANHAS</p></td><td rowspan="1" colspan="1"><p>FUNDO MUNICIPAL DE SAUDE DE PIRANHAS</p></td><td rowspan="1" colspan="1"><p>36000696019202500</p></td><td rowspan="1" colspan="1"><p>400.000,00</p></td><td rowspan="1" colspan="1"><p>71100001</p></td><td rowspan="1" colspan="1"><p>400.000,00</p></td><td rowspan="1" colspan="1"><p>1030251182E900052</p></td><td rowspan="1" colspan="1"><p>6831982</p></td><td rowspan="1" colspan="1"><p>400.000,00</p></td></tr><tr><td rowspan="1" colspan="1"><p>PB</p></td><td rowspan="1" colspan="1"><p>CONDE</p></td><td rowspan="1" colspan="1"><p>FUNDO MUNICIPAL DE SAUDE</p></td><td rowspan="1" colspan="1"><p>36000711066202500</p></td><td rowspan="1" colspan="1"><p>1.233.000,00</p></td><td rowspan="1" colspan="1"><p>71160010</p></td><td rowspan="1" colspan="1"><p>1.233.000,00</p></td><td rowspan="1" colspan="1"><p>1030251182E900025</p></td><td rowspan="1" colspan="1"><p>6372376</p></td><td rowspan="1" colspan="1"><p>1.233.000,00</p></td></tr><tr><td rowspan="1" colspan="1"><p>PB</p></td><td rowspan="1" colspan="1"><p>PEDRA LAVRADA</p></td><td rowspan="1" colspan="1"><p>FUNDO MUNICIPAL DE SAUDE DE PEDRA LAVRADA</p></td><td rowspan="1" colspan="1"><p>36000705640202500</p></td><td rowspan="1" colspan="1"><p>100.000,00</p></td><td rowspan="1" colspan="1"><p>71160010</p></td><td rowspan="1" colspan="1"><p>100.000,00</p></td><td rowspan="1" colspan="1"><p>1030251182E900025</p></td><td rowspan="1" colspan="1"><p>6414532</p></td><td rowspan="1" colspan="1"><p>100.000,00</p></td></tr><tr><td rowspan="1" colspan="1"><p>PE</p></td><td rowspan="1" colspan="1"><p>JOAO ALFREDO</p></td><td rowspan="1" colspan="1"><p>FUNDO MUNICIPAL DE SAUDE DE JOAO ALFREDO</p></td><td rowspan="1" colspan="1"><p>36000695823202500</p></td><td rowspan="1" colspan="1"><p>414.300,00</p></td><td rowspan="1" colspan="1"><p>71180004</p></td><td rowspan="1" colspan="1"><p>414.300,00</p></td><td rowspan="1" colspan="1"><p>1030251182E900026</p></td><td rowspan="1" colspan="1"><p>2714981</p></td><td rowspan="1" colspan="1"><p>414.300,00</p></td></tr><tr><td rowspan="1" colspan="1"><p>PE</p></td><td rowspan="1" colspan="1"><p>RECIFE</p></td><td rowspan="1" colspan="1"><p>FUNDO ESTADUAL DE SAUDE DE PERNAMBUCO</p></td><td rowspan="1" colspan="1"><p>36000714950202500</p></td><td rowspan="1" colspan="1"><p>124.290,00</p></td><td rowspan="1" colspan="1"><p>71180004</p></td><td rowspan="1" colspan="1"><p>124.290,00</p></td><td rowspan="1" colspan="1"><p>1030251182E900026</p></td><td rowspan="1" colspan="1"><p>5671965</p></td><td rowspan="1" colspan="1"><p>124.290,00</p></td></tr><tr><td rowspan="1" colspan="1"><p>PE</p></td><td rowspan="1" colspan="1"><p>RECIFE</p></td><td rowspan="1" colspan="1"><p>FUNDO ESTADUAL DE SAUDE DE PERNAMBUCO</p></td><td rowspan="1" colspan="1"><p>36000715028202500</p></td><td rowspan="1" colspan="1"><p>248.580,00</p></td><td rowspan="1" colspan="1"><p>71180004</p></td><td rowspan="1" colspan="1"><p>248.580,00</p></td><td rowspan="1" colspan="1"><p>1030251182E900026</p></td><td rowspan="1" colspan="1"><p>5671965</p></td><td rowspan="1" colspan="1"><p>248.580,00</p></td></tr><tr><td rowspan="1" colspan="1"><p>RS</p></td><td rowspan="1" colspan="1"><p>PORTO ALEGRE</p></td><td rowspan="1" colspan="1"><p>FUNDO MUNICIPAL DE SAUDE</p></td><td rowspan="1" colspan="1"><p>36000709966202500</p></td><td rowspan="1" colspan="1"><p>8.562.000,00</p></td><td rowspan="1" colspan="1"><p>71220001</p></td><td rowspan="1" colspan="1"><p>8.562.000,00</p></td><td rowspan="1" colspan="1"><p>1030251182E900043</p></td><td rowspan="1" colspan="1"><p>2262568</p></td><td rowspan="1" colspan="1"><p>8.562.000,00</p></td></tr><tr><td rowspan="1" colspan="1"><p>RS</p></td><td rowspan="1" colspan="1"><p>TRES ARROIOS</p></td><td rowspan="1" colspan="1"><p>FUNDO MUNICIPAL DE SAUDE</p></td><td rowspan="1" colspan="1"><p>36000709976202500</p></td><td rowspan="1" colspan="1"><p>47.968,00</p></td><td rowspan="1" colspan="1"><p>71220001</p></td><td rowspan="1" colspan="1"><p>47.968,00</p></td><td rowspan="1" colspan="1"><p>1030251182E900043</p></td><td rowspan="1" colspan="1"><p>2249588</p></td><td rowspan="1" colspan="1"><p>47.968,00</p></td></tr><tr><td rowspan="1" colspan="1"><p>SC</p></td><td rowspan="1" colspan="1"><p>VIDEIRA</p></td><td rowspan="1" colspan="1"><p>FUNDO MUNICIPAL DE SAUDE</p></td><td rowspan="1" colspan="1"><p>36000709882202500</p></td><td rowspan="1" colspan="1"><p>300.000,00</p></td><td rowspan="1" colspan="1"><p>71260001</p></td><td rowspan="1" colspan="1"><p>300.000,00</p></td><td rowspan="1" colspan="1"><p>1030251182E900042</p></td><td rowspan="1" colspan="1"><p>6468306</p></td><td rowspan="1" colspan="1"><p>300.000,00</p></td></tr><tr><td rowspan="1" colspan="3"><p>TOTAL</p></td><td rowspan="1" colspan="1"><p>11 PROPOSTAS</p></td><td rowspan="1" colspan="1"><p>15.621.080,00</p></td><td rowspan="1" colspan="1" /><td rowspan="1" colspan="1" /><td rowspan="1" colspan="1" /><td rowspan="1" colspan="1" /><td rowspan="1" colspan="1" /></tr></table>]]></Texto>
  </body>
  <Midias />
</article></xml>