﻿<xml><article id="46237053" name="resolucao_4333_2025 CCMED GGFIS" idOficio="11379360" pubName="DO1" artType="Resolução" pubDate="03/11/2025" artClass="00047:00048:00016:00006:00000:00000:00000:00000:00000:00000:00064:34333" artCategory="Ministério da Saúde/Agência Nacional de Vigilância Sanitária/4ª Diretoria/Gerência-Geral de Inspeção e Fiscalização Sanitária" artSize="12" artNotes="" numberPage="131" pdfPage="http://pesquisa.in.gov.br/imprensa/jsp/visualiza/index.jsp?data=03/11/2025&amp;jornal=515&amp;pagina=131" editionNumber="209" highlightType="" highlightPriority="" highlight="" highlightimage="" highlightimagename="" idMateria="23276600">
  <body>
    <Identifica><![CDATA[ RESOLUÇÃO-RE Nº 4.333, DE 31 DE OUTUBRO DE 2025]]></Identifica>
    <Data><![CDATA[]]></Data>
    <Ementa />
    <Titulo />
    <SubTitulo />
    <Texto><![CDATA[<p class="identifica">RESOLUÇÃO-RE Nº 4.333, DE 31 DE OUTUBRO DE 2025</p><p>O GERENTE-GERAL DE INSPEÇÃO E FISCALIZAÇÃO SANITÁRIA DA AGÊNCIA NACIONAL DE VIGILÂNCIA SANITÁRIA, no uso das atribuições que lhe confere o art. 140, aliado ao art. 203, I, § 1º do Regimento Interno aprovado pela Resolução da Diretoria Colegiada - RDC nº 585, de 10 de dezembro de 2021, e</p><p>considerando o inciso IV, § 1º do art. 4º subsidiado pelo inciso II, § 2º do Art. 4º da Resolução da Diretoria Colegiada - RDC nº 497, de 20 de maio de 2021, resolve:</p><p>Art. 1º Indeferir o(s) Pedido(s) de Certificação de Boas Práticas de Fabricação de Insumos Farmacêuticos da(s) empresa(s) constante(s) no ANEXO.</p><p>Art. 2º Esta Resolução entra em vigor na data de sua publicação.</p><p class="assina">Marcus AurÉlio Miranda de AraÚjo</p><p class="anexo">ANEXO</p><p>EMPRESA FABRICANTE: HOVIONE FARMACIÊNCIA, S.A. - B001411</p><p>ENDEREÇO: QUINTA SÃO PEDRO, SETE CASAS, LOURES, 2674-506 - PAÍS: PORTUGAL - CÓDIGO ÚNICO: B.001411</p><p>EMPRESA SOLICITANTE: DAIICHI SANKYO BRASIL FARMACÊUTICA LTDA - CNPJ: 60.874.187/0001-84</p><p>AUTORIZ/MS: 1004548 - EXPEDIENTE(s): 0878120/24-6</p><p>ASSUNTO: 70904 - INSUMOS FARMACÊUTICOS - Procedimento Otimizado - Certificação de Boas Práticas de Fabricação para Indústria Internacional - síntese química</p><p>MOTIVO DE INDEFERIMENTO: Em atendimento ao Art. 4º, § 1º, inciso IV da RDC nº 497/2021: Ausência de documentação obrigatória, prevista em checklist de petição, pois o relatório enviado não faz menção ao IFA cloridrato de quizartinibe.</p><p>................................</p><p>EMPRESA FABRICANTE: RENTSCHLER BIOPHARMA SE</p><p>ENDEREÇO: ERWIN RENTSCHLER STRASSE 21, 88471 - LAUPHEIM - PAÍS: ALEMANHA - CÓDIGO ÚNICO: A.000528</p><p>EMPRESA SOLICITANTE: FRESENIUS KABI BRASIL LTDA - CNPJ: 49.324.221/0001-04</p><p>AUTORIZ/MS: 1000410 - EXPEDIENTE(s): 1412383/24-2</p><p>ASSUNTO: 70907 INSUMOS FARMACÊUTICOS ATIVOS BIOLÓGICOS - PROCEDIMENTO OTIMIZADO - CERTIFICAÇÃO DE BPF DE INDÚSTRIA INTERNACIONAL</p><p>MOTIVO DE INDEFERIMENTO: Em atendimento ao Art. 4º, § 1º, inciso IV da RDC nº 497/2021: Ausência de documentação obrigatória, prevista em checklist de petição, uma vez que o relatório enviado não foi emitido por uma das Autoridades Reguladoras Estrangeiras Equivalentes (AREE) listadas na IN nº 292/2024, a inspeção foi realizada pela Autoridade Local de Tübingen, que não é uma das autoridades listadas na lista de AREE, que, para o caso alemão, são são: Federal Ministry of Health (BMG) e Central Authority of the Laender for Health Protection regarding Medicinal Products and Medical Devices (ZLG).</p>]]></Texto>
  </body>
  <Midias />
</article></xml>