﻿<xml><article id="46234840" name="TABELA RDC 630 - nova versao - 3" idOficio="11378433" pubName="DO1" artType="Decisão" pubDate="03/11/2025" artClass="00047:00047:00007:00001:00000:00000:00000:00000:00000:00000:00018:00019" artCategory="Ministério da Saúde/Agência Nacional de Saúde Suplementar/Diretoria Colegiada/Coordenadoria de Recursos e Assessoramento" artSize="24" artNotes="" numberPage="97" pdfPage="http://pesquisa.in.gov.br/imprensa/jsp/visualiza/index.jsp?data=03/11/2025&amp;jornal=515&amp;pagina=97" editionNumber="209" highlightType="" highlightPriority="" highlight="" highlightimage="" highlightimagename="" idMateria="23273680">
  <body>
    <Identifica />
    <Data><![CDATA[]]></Data>
    <Ementa />
    <Titulo />
    <SubTitulo />
    <Texto><![CDATA[<p /><p></p><table><tr /><tr><td rowspan="1" colspan="1"><p>33910.008261/2023-69</p></td><td rowspan="1" colspan="1"><p>NOTRE DAME INTERMÉDICA MINAS GERAIS SAÚDE S.A</p></td><td rowspan="1" colspan="1"><p>DIFIS</p></td><td rowspan="1" colspan="1"><p>Pelo conhecimento e provimento parcial do recurso, na forma manifestada na Nota Técnica nº 1144/2025/GEIRS/DIDES/ANS, mantendo a decisão da DIDES.</p></td></tr><tr><td rowspan="1" colspan="1"><p>33910.020994/2023-71</p></td><td rowspan="1" colspan="1"><p>YOU ASSISTÊNCIA MÉDICA LTDA</p></td><td rowspan="1" colspan="1"><p>DIFIS</p></td><td rowspan="1" colspan="1"><p>Pelo conhecimento e não provimento do recurso, na forma manifestada na Nota Técnica nº 1468/2025/GEIRS/DIDES/ANS, mantendo a decisão da DIDES.</p></td></tr><tr><td rowspan="1" colspan="1"><p>33910.041381/2022-97</p></td><td rowspan="1" colspan="1"><p>UNIMED DE BARRETOS COOPERATIVA DE TRABALHO MÉDICO</p></td><td rowspan="1" colspan="1"><p>DIFIS</p></td><td rowspan="1" colspan="1"><p>Pelo conhecimento e provimento parcial do recurso, na forma manifestada na Nota Técnica nº 1681/2025/GEIRS/DIDES/ANS, mantendo a decisão da DIDES.</p></td></tr><tr><td rowspan="1" colspan="1"><p>33910.020731/2023-62</p></td><td rowspan="1" colspan="1"><p>UNIMED BARBACENA - COOPERATIVA DE TRABALHO MÉDICO LTDA</p></td><td rowspan="1" colspan="1"><p>DIGES</p></td><td rowspan="1" colspan="1"><p>Pelo conhecimento e provimento parcial do recurso, na forma manifestada na Nota Técnica nº 1471/2025/GEIRS/DIDES/ANS, mantendo a decisão da DIDES.</p></td></tr></table>]]></Texto>
  </body>
  <Midias />
</article></xml>