﻿<xml><article id="46240282" name="despacho_116_2025 GGCOS" idOficio="11379600" pubName="DO1" artType="Despacho" pubDate="03/11/2025" artClass="00047:00048:00008:00000:00000:00000:00000:00000:00000:00000:00024:80116" artCategory="Ministério da Saúde/Agência Nacional de Vigilância Sanitária/Diretoria Colegiada" artSize="12" artNotes="" numberPage="101" pdfPage="http://pesquisa.in.gov.br/imprensa/jsp/visualiza/index.jsp?data=03/11/2025&amp;jornal=515&amp;pagina=101" editionNumber="209" highlightType="" highlightPriority="" highlight="" highlightimage="" highlightimagename="" idMateria="23277096">
  <body>
    <Identifica><![CDATA[ DESPACHO N° 116, DE 30 DE OUTUBRO DE 2025]]></Identifica>
    <Data><![CDATA[]]></Data>
    <Ementa />
    <Titulo />
    <SubTitulo />
    <Texto><![CDATA[<p class="identifica">DESPACHO N° 116, DE 30 DE OUTUBRO DE 2025</p><p>A DIRETORIA COLEGIADA DA AGÊNCIA NACIONAL DE VIGILÂNCIA SANITÁRIA, no uso das atribuições que lhe confere o art. 15, III e IV, da Lei nº 9.782, de 26 de janeiro de 1999, aliado ao art. 187, X, § 1º do Regimento Interno aprovado pela Resolução da Diretoria Colegiada - RDC nº 585, de 10 de dezembro de 2021, resolve aprovar a abertura do Processo Administrativo de Regulação, em Anexo, com dispensas de Análise de Impacto Regulatório (AIR), de Consulta Pública (CP) e de Avaliação do Resultado Regulatório (ARR) previstas, respectivamente, no art. 18, art. 39 e no art. 57 da Portaria nº 162, de 12 de março de 2021, conforme deliberado em reunião realizada em 29 de outubro de 2025, e eu, Diretor-Presidente, determino a sua publicação.</p><p class="assina">LEANDRO PINHEIRO SAFATLE</p><p class="cargo">Diretor-Presidente</p><p class="anexo">ANEXO</p><p>Processo nº: 25351.940823/2025-87</p><p>Assunto: Abertura de Processo Administrativo de Regulação para alterar o Anexo da Resolução da Diretoria Colegiada - RDC nº 529, de 4 de agosto de 2021, que dispõe sobre a lista de substâncias que não podem ser utilizadas em produtos de higiene pessoal, cosméticos e perfumes.</p><p>Área responsável: GGCOS/DIRE3</p><p>Agenda Regulatória 2024-2025: Não é tema da Agenda Regulatória</p><p>Excepcionalidades: Dispensa de Análise de Impacto Regulatório (AIR) e dispensa de Consulta Pública (CP) por se tratar de ato normativo destinado ao enfrentamento de urgência; e, dispensa de Avaliação do Resultado Regulatório (ARR) por ser ato normativo de caráter excepcional, para tratar situação específica e pontual e para a qual a realização de ARR represente emprego de recursos desproporcionais aos eventuais impactos esperados com o ato normativo.</p><p>Relatoria: Daniela Marreco Cerqueira</p>]]></Texto>
  </body>
  <Midias />
</article></xml>