﻿<xml><article id="46238170" name="Portaria SECEX 448_2025" idOficio="11379503" pubName="DO1" artType="Portaria" pubDate="03/11/2025" artClass="00019:00028:00000:00000:00000:00000:00000:00000:00000:00000:00054:00000" artCategory="Ministério do Desenvolvimento, Indústria, Comércio e Serviços/Secretaria de Comércio Exterior" artSize="12" artNotes="ok" numberPage="36" pdfPage="http://pesquisa.in.gov.br/imprensa/jsp/visualiza/index.jsp?data=03/11/2025&amp;jornal=515&amp;pagina=36" editionNumber="209" highlightType="" highlightPriority="" highlight="" highlightimage="" highlightimagename="" idMateria="23276765">
  <body>
    <Identifica><![CDATA[ PORTARIA SECEX Nº  448,  DE  30  DE  OUTUBRO  DE  2025]]></Identifica>
    <Data><![CDATA[]]></Data>
    <Ementa><![CDATA[ Torna sem efeito o art. 2º da Portaria Secex nº 376, de 20 de dezembro de 2020, e revoga, a partir de 1º de janeiro de 2027, os art. 48 a 58 da Portaria Secex nº 72, de 18 de dezembro de 2020.]]></Ementa>
    <Titulo />
    <SubTitulo />
    <Texto><![CDATA[<p class="identifica">PORTARIA SECEX Nº 448, DE 30 DE OUTUBRO DE 2025</p><p class="ementa">Torna sem efeito o art. 2º da Portaria Secex nº 376, de 20 de dezembro de 2020, e revoga, a partir de 1º de janeiro de 2027, os art. 48 a 58 da Portaria Secex nº 72, de 18 de dezembro de 2020.</p><p>A SECRETÁRIA DE COMÉRCIO EXTERIOR DO MINISTÉRIO DO DESENVOLVIMENTO, INDÚSTRIA, COMÉRCIO E SERVIÇOS, no uso das atribuições que lhe confere o art. 20, incisos I e XVI, do Anexo I ao Decreto nº 11.427, de 2 de março de 2023, resolve:</p><p>Art. 1º Fica tornado sem efeito o art. 2º da Portaria Secex nº 376, de 20 de dezembro de 2024.</p><p>Art. 2º Ficam revogados, a partir de 1º de janeiro de 2027, os arts. 48 a 58 da Portaria Secex nº 72, de 18 de dezembro de 2020.</p><p>Art. 3º Esta Portaria entra em vigor na data de sua publicação.</p><p class="assina">TATIANA PRAZERES</p>]]></Texto>
  </body>
  <Midias />
</article></xml>