﻿<xml><article id="46232596" name="812" idOficio="11378174" pubName="DO1" artType="Portaria" pubDate="03/11/2025" artClass="00028:00042:00034:00001:00000:00000:00000:00000:00000:00000:00054:00000" artCategory="Ministério da Fazenda/Superintendência de Seguros Privados/Diretoria de Organização de Mercado e Regulação de Conduta/Coordenação-Geral de Regimes Especiais, Autorizações e Julgamentos" artSize="12" artNotes="ok" numberPage="58" pdfPage="http://pesquisa.in.gov.br/imprensa/jsp/visualiza/index.jsp?data=03/11/2025&amp;jornal=515&amp;pagina=58" editionNumber="209" highlightType="" highlightPriority="" highlight="" highlightimage="" highlightimagename="" idMateria="23273278">
  <body>
    <Identifica><![CDATA[ PORTARIA CGRAJ/SUSEP nº 2.812, de 31 de OUTUBRO de 2025]]></Identifica>
    <Data><![CDATA[]]></Data>
    <Ementa />
    <Titulo />
    <SubTitulo />
    <Texto><![CDATA[<p class="identifica">PORTARIA CGRAJ/SUSEP nº 2.812, de 31 de OUTUBRO de 2025</p><p>O COORDENADOR-GERAL DE REGIMES ESPECIAIS, AUTORIZAÇÕES E JULGAMENTOS DA SUPERINTENDÊNCIA DE SEGUROS PRIVADOS - SUSEP, no uso da competência delegada pelo Superintendente da Susep, por meio da Portaria nº 8.186, de 21 de julho de 2023, tendo em vista o disposto no inciso I do artigo 36 do Decreto-Lei nº 73, de 21 de novembro de 1966, com base no inciso V do artigo 5º da Resolução CNSP nº 422, de 11 de novembro de 2021, e o que consta do processo Susep nº 15414.655811/2025-14, resolve:</p><p>Art. 1º Ficam homologadas as seguintes deliberações tomadas pelos acionistas de ITAU SEGUROS DE AUTO E RESIDÊNCIA S.A., CNPJ nº 08.816.067/0001-00, com sede na cidade de São Paulo - SP, conforme deliberado na assembleia geral extraordinária realizada em 22 de agosto de 2025.</p><p>I - redução do capital social em R$ 20.000.000,00, diminuindo-o para R$ 37.500.000,00, dividido em 43.879.582 ações ordinárias, nominativas e sem valor nominal; e</p><p>II - reforma e consolidação do estatuto social.</p><p>Art. 2º Esta portaria entra em vigor na data de sua publicação.</p><p class="assina">MAUREL ALEXIS WEICHERT</p>]]></Texto>
  </body>
  <Midias />
</article></xml>