﻿<xml><article id="46235215" name="PORTARIA 4104- FUNASA-PRE" idOficio="11378752" pubName="DO1" artType="Portaria" pubDate="03/11/2025" artClass="00047:00053:00000:00000:00000:00000:00000:00000:00000:00000:00054:00000" artCategory="Ministério da Saúde/Fundação Nacional de Saúde" artSize="24" artNotes="" numberPage="147" pdfPage="http://pesquisa.in.gov.br/imprensa/jsp/visualiza/index.jsp?data=03/11/2025&amp;jornal=515&amp;pagina=147" editionNumber="209" highlightType="" highlightPriority="" highlight="" highlightimage="" highlightimagename="" idMateria="23274813">
  <body>
    <Identifica><![CDATA[ PORTARIA Nº 4.104, DE 31 DE OUTUBRO DE 2025]]></Identifica>
    <Data><![CDATA[]]></Data>
    <Ementa><![CDATA[Torna público o resultado Preliminar do processo seletivo instituído pela Portaria nº 2.775, de 30 de julho de 2025.]]></Ementa>
    <Titulo />
    <SubTitulo />
    <Texto><![CDATA[<p class="identifica">PORTARIA Nº 4.104, DE 31 DE OUTUBRO DE 2025</p><p class="ementa">Torna público o resultado Preliminar do processo seletivo instituído pela Portaria nº 2.775, de 30 de julho de 2025.</p><p>O PRESIDENTE DA FUNDAÇÃO NACIONAL DE SAÚDE - Funasa, no uso das atribuições que lhe confere o art. 18, incisos V e VI, do Anexo I, do Decreto nº 11.223, de 5 de outubro de 2022, resolve:</p><p>Art. 1º Tornar público o Resultado Preliminar do processo seletivo instituído pela Portaria nº 2.775, de 30 de julho de 2025, para execução de ações de Melhorias Sanitárias Domiciliares - MSD, em áreas urbanas.</p><p>§1º As propostas aprovadas até o limite orçamentário disponível, estão relacionadas no Anexo I.</p><p>§2º A lista de espera, formada pelas propostas aprovadas excedentes ao limite do recurso orçamentário disponível, consta no Anexo II.</p><p>Art. 2º O proponente poderá interpor recurso contra o resultado da análise da proposta emitida no transferegov, no prazo improrrogável de 5 (cinco) dias úteis, contado da publicação desta Portaria.</p><p>§1º Não será conhecido recurso interposto fora do prazo estipulado no caput.</p><p>§2º Os recursos deverão ser apresentados, exclusivamente, por meio do endereço eletrônico selecao2025.msdurbano@funasa.gov.br.</p><p>§3º Não serão conhecidos recursos enviados por meio diverso ao disposto no §2º, do caput.</p><p>Art. 3º A Funasa não se responsabilizará por falhas de ordem técnica ou problemas na comunicação eletrônica que impeçam a correta interposição ou envio do recurso.</p><p>Art. 4º A lista completa com o resultado preliminar poderá ser consultada na aba "Anexo" do Programa 3621120250002, no Transferegov, e pelo endereço eletrônico da Funasa - www.funasa.gov.br.</p><p>Art. 5º Esta Portaria entra em vigor na data de sua publicação.</p><p class="assina">ALEXANDRE RIBEIRO MOTTA</p><p class="cargo">Interino</p><p>ANEXO I</p><p>Propostas aprovadas</p><p /><p></p><table><tr /><tr><td rowspan="1" colspan="1"><p>CLASSIFICAÇÃO</p></td><td rowspan="1" colspan="1"><p>UF</p></td><td rowspan="1" colspan="1"><p>MUNIC_PROPONENTE</p></td><td rowspan="1" colspan="1"><p>NR_PROPOSTA</p></td><td rowspan="1" colspan="1"><p>Grupo populacional</p></td><td rowspan="1" colspan="1"><p>VL_REPASSE_PROP</p></td></tr><tr><td rowspan="1" colspan="6"><p>Grupo 1 - até 5 mil habitantes</p></td></tr><tr><td rowspan="1" colspan="1"><p>1</p></td><td rowspan="1" colspan="1"><p>TO</p></td><td rowspan="1" colspan="1"><p>MAURILÂNDIA DO TOCANTINS</p></td><td rowspan="1" colspan="1"><p>52368/2025</p></td><td rowspan="1" colspan="1"><p>Grupo 1 - até 5 mil habitantes</p></td><td rowspan="1" colspan="1"><p>R$ 689.508,28</p></td></tr><tr><td rowspan="1" colspan="1"><p>2</p></td><td rowspan="1" colspan="1"><p>RN</p></td><td rowspan="1" colspan="1"><p>TABOLEIRO GRANDE</p></td><td rowspan="1" colspan="1"><p>51458/2025</p></td><td rowspan="1" colspan="1"><p>Grupo 1 - até 5 mil habitantes</p></td><td rowspan="1" colspan="1"><p>R$ 710.500,00</p></td></tr><tr><td rowspan="1" colspan="1"><p>3</p></td><td rowspan="1" colspan="1"><p>BA</p></td><td rowspan="1" colspan="1"><p>GAVIÃO</p></td><td rowspan="1" colspan="1"><p>49883/2025</p></td><td rowspan="1" colspan="1"><p>Grupo 1 - até 5 mil habitantes</p></td><td rowspan="1" colspan="1"><p>R$ 583.575,53</p></td></tr><tr><td rowspan="1" colspan="1"><p>4</p></td><td rowspan="1" colspan="1"><p>PI</p></td><td rowspan="1" colspan="1"><p>CURRAIS</p></td><td rowspan="1" colspan="1"><p>41528/2025</p></td><td rowspan="1" colspan="1"><p>Grupo 1 - até 5 mil habitantes</p></td><td rowspan="1" colspan="1"><p>R$ 1.500.000,00</p></td></tr><tr><td rowspan="1" colspan="1"><p>5</p></td><td rowspan="1" colspan="1"><p>BA</p></td><td rowspan="1" colspan="1"><p>CRAVOLÂNDIA</p></td><td rowspan="1" colspan="1"><p>50952/2025</p></td><td rowspan="1" colspan="1"><p>Grupo 1 - até 5 mil habitantes</p></td><td rowspan="1" colspan="1"><p>R$ 1.000.000,00</p></td></tr><tr><td rowspan="1" colspan="1"><p>6</p></td><td rowspan="1" colspan="1"><p>PI</p></td><td rowspan="1" colspan="1"><p>DOMINGOS MOURÃO</p></td><td rowspan="1" colspan="1"><p>41695/2025</p></td><td rowspan="1" colspan="1"><p>Grupo 1 - até 5 mil habitantes</p></td><td rowspan="1" colspan="1"><p>R$ 1.500.000,00</p></td></tr><tr><td rowspan="1" colspan="1"><p>7</p></td><td rowspan="1" colspan="1"><p>PI</p></td><td rowspan="1" colspan="1"><p>SANTA ROSA DO PIAUÍ</p></td><td rowspan="1" colspan="1"><p>49687/2025</p></td><td rowspan="1" colspan="1"><p>Grupo 1 - até 5 mil habitantes</p></td><td rowspan="1" colspan="1"><p>R$ 604.000,00</p></td></tr><tr><td rowspan="1" colspan="1"><p>8</p></td><td rowspan="1" colspan="1"><p>PI</p></td><td rowspan="1" colspan="1"><p>HUGO NAPOLEÃO</p></td><td rowspan="1" colspan="1"><p>41654/2025</p></td><td rowspan="1" colspan="1"><p>Grupo 1 - até 5 mil habitantes</p></td><td rowspan="1" colspan="1"><p>R$ 1.500.000,00</p></td></tr><tr><td rowspan="1" colspan="1"><p>9</p></td><td rowspan="1" colspan="1"><p>PI</p></td><td rowspan="1" colspan="1"><p>BARRA D'ALCÂNTARA</p></td><td rowspan="1" colspan="1"><p>43000/2025</p></td><td rowspan="1" colspan="1"><p>Grupo 1 - até 5 mil habitantes</p></td><td rowspan="1" colspan="1"><p>R$ 1.500.000,00</p></td></tr><tr><td rowspan="1" colspan="1"><p>10</p></td><td rowspan="1" colspan="1"><p>MG</p></td><td rowspan="1" colspan="1"><p>FRONTEIRA DOS VALES</p></td><td rowspan="1" colspan="1"><p>50980/2025</p></td><td rowspan="1" colspan="1"><p>Grupo 1 - até 5 mil habitantes</p></td><td rowspan="1" colspan="1"><p>R$ 1.425.236,51</p></td></tr><tr><td rowspan="1" colspan="1"><p>11</p></td><td rowspan="1" colspan="1"><p>TO</p></td><td rowspan="1" colspan="1"><p>SÃO VALÉRIO</p></td><td rowspan="1" colspan="1"><p>52645/2025</p></td><td rowspan="1" colspan="1"><p>Grupo 1 - até 5 mil habitantes</p></td><td rowspan="1" colspan="1"><p>R$ 837.548,09</p></td></tr><tr><td rowspan="1" colspan="6"><p>Grupo 2 - 5001 até 10.000 habitantes</p></td></tr><tr><td rowspan="1" colspan="1"><p>1</p></td><td rowspan="1" colspan="1"><p>PI</p></td><td rowspan="1" colspan="1"><p>BETÂNIA DO PIAUÍ</p></td><td rowspan="1" colspan="1"><p>50852/2025</p></td><td rowspan="1" colspan="1"><p>Grupo 2 - 5001 até 10.000 habitantes</p></td><td rowspan="1" colspan="1"><p>R$ 1.350.000,00</p></td></tr><tr><td rowspan="1" colspan="1"><p>2</p></td><td rowspan="1" colspan="1"><p>PI</p></td><td rowspan="1" colspan="1"><p>DIRCEU ARCOVERDE</p></td><td rowspan="1" colspan="1"><p>52241/2025</p></td><td rowspan="1" colspan="1"><p>Grupo 2 - 5001 até 10.000 habitantes</p></td><td rowspan="1" colspan="1"><p>R$ 1.050.000,00</p></td></tr><tr><td rowspan="1" colspan="1"><p>3</p></td><td rowspan="1" colspan="1"><p>BA</p></td><td rowspan="1" colspan="1"><p>IRAJUBA</p></td><td rowspan="1" colspan="1"><p>52455/2025</p></td><td rowspan="1" colspan="1"><p>Grupo 2 - 5001 até 10.000 habitantes</p></td><td rowspan="1" colspan="1"><p>R$ 1.403.610,50</p></td></tr><tr><td rowspan="1" colspan="1"><p>4</p></td><td rowspan="1" colspan="1"><p>MA</p></td><td rowspan="1" colspan="1"><p>TASSO FRAGOSO</p></td><td rowspan="1" colspan="1"><p>51595/2025</p></td><td rowspan="1" colspan="1"><p>Grupo 2 - 5001 até 10.000 habitantes</p></td><td rowspan="1" colspan="1"><p>R$ 1.499.999,11</p></td></tr><tr><td rowspan="1" colspan="1"><p>5</p></td><td rowspan="1" colspan="1"><p>PA</p></td><td rowspan="1" colspan="1"><p>PALESTINA DO PARÁ</p></td><td rowspan="1" colspan="1"><p>51826/2025</p></td><td rowspan="1" colspan="1"><p>Grupo 2 - 5001 até 10.000 habitantes</p></td><td rowspan="1" colspan="1"><p>R$ 1.548.599,81</p></td></tr><tr><td rowspan="1" colspan="1"><p>6</p></td><td rowspan="1" colspan="1"><p>RN</p></td><td rowspan="1" colspan="1"><p>LUÍS GOMES</p></td><td rowspan="1" colspan="1"><p>52508/2025</p></td><td rowspan="1" colspan="1"><p>Grupo 2 - 5001 até 10.000 habitantes</p></td><td rowspan="1" colspan="1"><p>R$ 490.000,00</p></td></tr><tr><td rowspan="1" colspan="1"><p>7</p></td><td rowspan="1" colspan="1"><p>MA</p></td><td rowspan="1" colspan="1"><p>NOVA COLINAS</p></td><td rowspan="1" colspan="1"><p>38619/2025</p></td><td rowspan="1" colspan="1"><p>Grupo 2 - 5001 até 10.000 habitantes</p></td><td rowspan="1" colspan="1"><p>R$ 421.242,67</p></td></tr><tr><td rowspan="1" colspan="1"><p>8</p></td><td rowspan="1" colspan="1"><p>PI</p></td><td rowspan="1" colspan="1"><p>SÃO JOÃO DO ARRAIAL</p></td><td rowspan="1" colspan="1"><p>41508/2025</p></td><td rowspan="1" colspan="1"><p>Grupo 2 - 5001 até 10.000 habitantes</p></td><td rowspan="1" colspan="1"><p>R$ 1.500.000,00</p></td></tr><tr><td rowspan="1" colspan="1"><p>9</p></td><td rowspan="1" colspan="1"><p>MA</p></td><td rowspan="1" colspan="1"><p>AMAPÁ DO MARANHÃO</p></td><td rowspan="1" colspan="1"><p>38598/2025</p></td><td rowspan="1" colspan="1"><p>Grupo 2 - 5001 até 10.000 habitantes</p></td><td rowspan="1" colspan="1"><p>R$ 1.550.000,00</p></td></tr><tr><td rowspan="1" colspan="1"><p>10</p></td><td rowspan="1" colspan="1"><p>PA</p></td><td rowspan="1" colspan="1"><p>SANTARÉM NOVO</p></td><td rowspan="1" colspan="1"><p>52346/2025</p></td><td rowspan="1" colspan="1"><p>Grupo 2 - 5001 até 10.000 habitantes</p></td><td rowspan="1" colspan="1"><p>R$ 1.451.008,76</p></td></tr><tr><td rowspan="1" colspan="6"><p>Grupo 3 - 10.001 até 20.000 habitantes</p></td></tr><tr><td rowspan="1" colspan="1"><p>1</p></td><td rowspan="1" colspan="1"><p>AC</p></td><td rowspan="1" colspan="1"><p>MARECHAL THAUMATURGO</p></td><td rowspan="1" colspan="1"><p>52016/2025</p></td><td rowspan="1" colspan="1"><p>Grupo 3 - 10.001 até 20.000 habitantes</p></td><td rowspan="1" colspan="1"><p>R$ 1.235.762,69</p></td></tr><tr><td rowspan="1" colspan="1"><p>2</p></td><td rowspan="1" colspan="1"><p>MA</p></td><td rowspan="1" colspan="1"><p>BACURI</p></td><td rowspan="1" colspan="1"><p>38611/2025</p></td><td rowspan="1" colspan="1"><p>Grupo 3 - 10.001 até 20.000 habitantes</p></td><td rowspan="1" colspan="1"><p>R$ 1.550.000,00</p></td></tr><tr><td rowspan="1" colspan="1"><p>3</p></td><td rowspan="1" colspan="1"><p>MA</p></td><td rowspan="1" colspan="1"><p>PERI MIRIM</p></td><td rowspan="1" colspan="1"><p>51738/2025</p></td><td rowspan="1" colspan="1"><p>Grupo 3 - 10.001 até 20.000 habitantes</p></td><td rowspan="1" colspan="1"><p>R$ 1.246.506,12</p></td></tr><tr><td rowspan="1" colspan="1"><p>4</p></td><td rowspan="1" colspan="1"><p>MA</p></td><td rowspan="1" colspan="1"><p>PRESIDENTE SARNEY</p></td><td rowspan="1" colspan="1"><p>38631/2025</p></td><td rowspan="1" colspan="1"><p>Grupo 3 - 10.001 até 20.000 habitantes</p></td><td rowspan="1" colspan="1"><p>R$ 1.550.000,00</p></td></tr><tr><td rowspan="1" colspan="1"><p>5</p></td><td rowspan="1" colspan="1"><p>MA</p></td><td rowspan="1" colspan="1"><p>SÃO JOÃO DO CARÚ</p></td><td rowspan="1" colspan="1"><p>52993/2025</p></td><td rowspan="1" colspan="1"><p>Grupo 3 - 10.001 até 20.000 habitantes</p></td><td rowspan="1" colspan="1"><p>R$ 1.350.024,74</p></td></tr><tr><td rowspan="1" colspan="1"><p>6</p></td><td rowspan="1" colspan="1"><p>MA</p></td><td rowspan="1" colspan="1"><p>SÃO JOÃO DO SOTER</p></td><td rowspan="1" colspan="1"><p>51138/2025</p></td><td rowspan="1" colspan="1"><p>Grupo 3 - 10.001 até 20.000 habitantes</p></td><td rowspan="1" colspan="1"><p>R$ 1.550.000,00</p></td></tr><tr><td rowspan="1" colspan="1"><p>7</p></td><td rowspan="1" colspan="1"><p>PE</p></td><td rowspan="1" colspan="1"><p>MOREILÂNDIA</p></td><td rowspan="1" colspan="1"><p>51100/2025</p></td><td rowspan="1" colspan="1"><p>Grupo 3 - 10.001 até 20.000 habitantes</p></td><td rowspan="1" colspan="1"><p>R$ 1.489.458,21</p></td></tr><tr><td rowspan="1" colspan="1"><p>8</p></td><td rowspan="1" colspan="1"><p>AC</p></td><td rowspan="1" colspan="1"><p>BUJARI</p></td><td rowspan="1" colspan="1"><p>51885/2025</p></td><td rowspan="1" colspan="1"><p>Grupo 3 - 10.001 até 20.000 habitantes</p></td><td rowspan="1" colspan="1"><p>R$ 969.415,63</p></td></tr><tr><td rowspan="1" colspan="1"><p>9</p></td><td rowspan="1" colspan="1"><p>MA</p></td><td rowspan="1" colspan="1"><p>SÍTIO NOVO</p></td><td rowspan="1" colspan="1"><p>50370/2025</p></td><td rowspan="1" colspan="1"><p>Grupo 3 - 10.001 até 20.000 habitantes</p></td><td rowspan="1" colspan="1"><p>R$ 1.500.000,00</p></td></tr><tr><td rowspan="1" colspan="6"><p>Grupo 4 - 20.001 até 50.000 habitantes</p></td></tr><tr><td rowspan="1" colspan="1"><p>1</p></td><td rowspan="1" colspan="1"><p>PA</p></td><td rowspan="1" colspan="1"><p>ANAJÁS</p></td><td rowspan="1" colspan="1"><p>50304/2025</p></td><td rowspan="1" colspan="1"><p>Grupo 4 - 20.001 até 50.000 habitantes</p></td><td rowspan="1" colspan="1"><p>R$ 1.495.338,58</p></td></tr><tr><td rowspan="1" colspan="1"><p>2</p></td><td rowspan="1" colspan="1"><p>MA</p></td><td rowspan="1" colspan="1"><p>PEDRO DO ROSÁRIO</p></td><td rowspan="1" colspan="1"><p>38609/2025</p></td><td rowspan="1" colspan="1"><p>Grupo 4 - 20.001 até 50.000 habitantes</p></td><td rowspan="1" colspan="1"><p>R$ 1.550.000,00</p></td></tr><tr><td rowspan="1" colspan="1"><p>3</p></td><td rowspan="1" colspan="1"><p>PA</p></td><td rowspan="1" colspan="1"><p>JACAREACANGA</p></td><td rowspan="1" colspan="1"><p>53147/2025</p></td><td rowspan="1" colspan="1"><p>Grupo 4 - 20.001 até 50.000 habitantes</p></td><td rowspan="1" colspan="1"><p>R$ 1.500.321,36</p></td></tr><tr><td rowspan="1" colspan="1"><p>4</p></td><td rowspan="1" colspan="1"><p>PA</p></td><td rowspan="1" colspan="1"><p>NOVA ESPERANÇA DO PIRIÁ</p></td><td rowspan="1" colspan="1"><p>52890/2025</p></td><td rowspan="1" colspan="1"><p>Grupo 4 - 20.001 até 50.000 habitantes</p></td><td rowspan="1" colspan="1"><p>R$ 1.012.171,20</p></td></tr><tr><td rowspan="1" colspan="1"><p>5</p></td><td rowspan="1" colspan="1"><p>PA</p></td><td rowspan="1" colspan="1"><p>PORTO DE MOZ</p></td><td rowspan="1" colspan="1"><p>41787/2025</p></td><td rowspan="1" colspan="1"><p>Grupo 4 - 20.001 até 50.000 habitantes</p></td><td rowspan="1" colspan="1"><p>R$ 1.549.902,82</p></td></tr><tr><td rowspan="1" colspan="1"><p>6</p></td><td rowspan="1" colspan="1"><p>PA</p></td><td rowspan="1" colspan="1"><p>SÃO DOMINGOS DO CAPIM</p></td><td rowspan="1" colspan="1"><p>50653/2025</p></td><td rowspan="1" colspan="1"><p>Grupo 4 - 20.001 até 50.000 habitantes</p></td><td rowspan="1" colspan="1"><p>R$ 1.537.066,89</p></td></tr><tr><td rowspan="1" colspan="1"><p>7</p></td><td rowspan="1" colspan="1"><p>MA</p></td><td rowspan="1" colspan="1"><p>ICATU</p></td><td rowspan="1" colspan="1"><p>49742/2025</p></td><td rowspan="1" colspan="1"><p>Grupo 4 - 20.001 até 50.000 habitantes</p></td><td rowspan="1" colspan="1"><p>R$ 1.549.992,78</p></td></tr><tr><td rowspan="1" colspan="1"><p>8</p></td><td rowspan="1" colspan="1"><p>MA</p></td><td rowspan="1" colspan="1"><p>AMARANTE DO MARANHÃO</p></td><td rowspan="1" colspan="1"><p>44391/2025</p></td><td rowspan="1" colspan="1"><p>Grupo 4 - 20.001 até 50.000 habitantes</p></td><td rowspan="1" colspan="1"><p>R$ 1.531.902,29</p></td></tr></table><p>ANEXO II</p><p>Propostas aprovadas em lista de espera</p><p /><p></p><table><tr /><tr><td rowspan="1" colspan="1"><p>CLASSIFICAÇÃO</p></td><td rowspan="1" colspan="1"><p>UF</p></td><td rowspan="1" colspan="1"><p>MUNIC_PROPONENTE</p></td><td rowspan="1" colspan="1"><p>NR_PROPOSTA</p></td><td rowspan="1" colspan="1"><p>Grupo populacional</p></td><td rowspan="1" colspan="1"><p>VL_REPASSE_PROP</p></td></tr><tr><td rowspan="1" colspan="6"><p>Grupo 1 - até 5 mil habitantes</p></td></tr><tr><td rowspan="1" colspan="1"><p>12</p></td><td rowspan="1" colspan="1"><p>PA</p></td><td rowspan="1" colspan="1"><p>BANNACH</p></td><td rowspan="1" colspan="1"><p>51616/2025</p></td><td rowspan="1" colspan="1"><p>Grupo 1 - até 5 mil habitantes</p></td><td rowspan="1" colspan="1"><p>R$ 1.051.319,79</p></td></tr><tr><td rowspan="1" colspan="1"><p>13</p></td><td rowspan="1" colspan="1"><p>TO</p></td><td rowspan="1" colspan="1"><p>BANDEIRANTES DO TOCANTINS</p></td><td rowspan="1" colspan="1"><p>51995/2025</p></td><td rowspan="1" colspan="1"><p>Grupo 1 - até 5 mil habitantes</p></td><td rowspan="1" colspan="1"><p>R$ 595.163,52</p></td></tr><tr><td rowspan="1" colspan="1"><p>14</p></td><td rowspan="1" colspan="1"><p>RN</p></td><td rowspan="1" colspan="1"><p>RIACHO DA CRUZ</p></td><td rowspan="1" colspan="1"><p>52665/2025</p></td><td rowspan="1" colspan="1"><p>Grupo 1 - até 5 mil habitantes</p></td><td rowspan="1" colspan="1"><p>R$ 1.545.617,11</p></td></tr><tr><td rowspan="1" colspan="1"><p>15</p></td><td rowspan="1" colspan="1"><p>PI</p></td><td rowspan="1" colspan="1"><p>SOCORRO DO PIAUÍ</p></td><td rowspan="1" colspan="1"><p>48801/2025</p></td><td rowspan="1" colspan="1"><p>Grupo 1 - até 5 mil habitantes</p></td><td rowspan="1" colspan="1"><p>R$ 1.500.000,00</p></td></tr><tr><td rowspan="1" colspan="1"><p>16</p></td><td rowspan="1" colspan="1"><p>RN</p></td><td rowspan="1" colspan="1"><p>LUCRÉCIA</p></td><td rowspan="1" colspan="1"><p>50598/2025</p></td><td rowspan="1" colspan="1"><p>Grupo 1 - até 5 mil habitantes</p></td><td rowspan="1" colspan="1"><p>R$ 687.638,08</p></td></tr><tr><td rowspan="1" colspan="1"><p>17</p></td><td rowspan="1" colspan="1"><p>TO</p></td><td rowspan="1" colspan="1"><p>MARIANÓPOLIS DO TOCANTINS</p></td><td rowspan="1" colspan="1"><p>51784/2025</p></td><td rowspan="1" colspan="1"><p>Grupo 1 - até 5 mil habitantes</p></td><td rowspan="1" colspan="1"><p>R$ 419.850,63</p></td></tr><tr><td rowspan="1" colspan="1"><p>18</p></td><td rowspan="1" colspan="1"><p>MG</p></td><td rowspan="1" colspan="1"><p>BERIZAL</p></td><td rowspan="1" colspan="1"><p>49299/2025</p></td><td rowspan="1" colspan="1"><p>Grupo 1 - até 5 mil habitantes</p></td><td rowspan="1" colspan="1"><p>R$ 522.149,52</p></td></tr><tr><td rowspan="1" colspan="1"><p>19</p></td><td rowspan="1" colspan="1"><p>MG</p></td><td rowspan="1" colspan="1"><p>CATUTI</p></td><td rowspan="1" colspan="1"><p>50945/2025</p></td><td rowspan="1" colspan="1"><p>Grupo 1 - até 5 mil habitantes</p></td><td rowspan="1" colspan="1"><p>R$ 820.015,72</p></td></tr><tr><td rowspan="1" colspan="1"><p>20</p></td><td rowspan="1" colspan="1"><p>BA</p></td><td rowspan="1" colspan="1"><p>SANTA CRUZ DA VITÓRIA</p></td><td rowspan="1" colspan="1"><p>49297/2025</p></td><td rowspan="1" colspan="1"><p>Grupo 1 - até 5 mil habitantes</p></td><td rowspan="1" colspan="1"><p>R$ 500.000,00</p></td></tr><tr><td rowspan="1" colspan="1"><p>21</p></td><td rowspan="1" colspan="1"><p>TO</p></td><td rowspan="1" colspan="1"><p>CASEARA</p></td><td rowspan="1" colspan="1"><p>48688/2025</p></td><td rowspan="1" colspan="1"><p>Grupo 1 - até 5 mil habitantes</p></td><td rowspan="1" colspan="1"><p>R$ 1.054.335,01</p></td></tr><tr><td rowspan="1" colspan="1"><p>22</p></td><td rowspan="1" colspan="1"><p>MG</p></td><td rowspan="1" colspan="1"><p>PESCADOR</p></td><td rowspan="1" colspan="1"><p>51707/2025</p></td><td rowspan="1" colspan="1"><p>Grupo 1 - até 5 mil habitantes</p></td><td rowspan="1" colspan="1"><p>R$ 407.235,40</p></td></tr><tr><td rowspan="1" colspan="1"><p>23</p></td><td rowspan="1" colspan="1"><p>RS</p></td><td rowspan="1" colspan="1"><p>VICENTE DUTRA</p></td><td rowspan="1" colspan="1"><p>50032/2025</p></td><td rowspan="1" colspan="1"><p>Grupo 1 - até 5 mil habitantes</p></td><td rowspan="1" colspan="1"><p>R$ 768.045,38</p></td></tr><tr><td rowspan="1" colspan="1"><p>24</p></td><td rowspan="1" colspan="1"><p>MG</p></td><td rowspan="1" colspan="1"><p>MONJOLOS</p></td><td rowspan="1" colspan="1"><p>48916/2025</p></td><td rowspan="1" colspan="1"><p>Grupo 1 - até 5 mil habitantes</p></td><td rowspan="1" colspan="1"><p>R$ 670.261,93</p></td></tr><tr><td rowspan="1" colspan="1"><p>25</p></td><td rowspan="1" colspan="1"><p>TO</p></td><td rowspan="1" colspan="1"><p>ABREULÂNDIA</p></td><td rowspan="1" colspan="1"><p>50683/2025</p></td><td rowspan="1" colspan="1"><p>Grupo 1 - até 5 mil habitantes</p></td><td rowspan="1" colspan="1"><p>R$ 696.891,07</p></td></tr><tr><td rowspan="1" colspan="1"><p>26</p></td><td rowspan="1" colspan="1"><p>TO</p></td><td rowspan="1" colspan="1"><p>ITAPORÃ DO TOCANTINS</p></td><td rowspan="1" colspan="1"><p>52376/2025</p></td><td rowspan="1" colspan="1"><p>Grupo 1 - até 5 mil habitantes</p></td><td rowspan="1" colspan="1"><p>R$ 598.066,62</p></td></tr><tr><td rowspan="1" colspan="1"><p>27</p></td><td rowspan="1" colspan="1"><p>MT</p></td><td rowspan="1" colspan="1"><p>CANABRAVA DO NORTE</p></td><td rowspan="1" colspan="1"><p>50855/2025</p></td><td rowspan="1" colspan="1"><p>Grupo 1 - até 5 mil habitantes</p></td><td rowspan="1" colspan="1"><p>R$ 1.318.622,87</p></td></tr><tr><td rowspan="1" colspan="1"><p>28</p></td><td rowspan="1" colspan="1"><p>SC</p></td><td rowspan="1" colspan="1"><p>FORMOSA DO SUL</p></td><td rowspan="1" colspan="1"><p>52111/2025</p></td><td rowspan="1" colspan="1"><p>Grupo 1 - até 5 mil habitantes</p></td><td rowspan="1" colspan="1"><p>R$ 1.500.000,00</p></td></tr><tr><td rowspan="1" colspan="1"><p>29</p></td><td rowspan="1" colspan="1"><p>MT</p></td><td rowspan="1" colspan="1"><p>NOVO SANTO ANTÔNIO</p></td><td rowspan="1" colspan="1"><p>50327/2025</p></td><td rowspan="1" colspan="1"><p>Grupo 1 - até 5 mil habitantes</p></td><td rowspan="1" colspan="1"><p>R$ 889.950,93</p></td></tr><tr><td rowspan="1" colspan="1"><p>30</p></td><td rowspan="1" colspan="1"><p>RS</p></td><td rowspan="1" colspan="1"><p>COLORADO</p></td><td rowspan="1" colspan="1"><p>44555/2025</p></td><td rowspan="1" colspan="1"><p>Grupo 1 - até 5 mil habitantes</p></td><td rowspan="1" colspan="1"><p>R$ 1.438.437,10</p></td></tr><tr><td rowspan="1" colspan="6"><p>Grupo 2 - 5001 até 10.000 habitantes</p></td></tr><tr><td rowspan="1" colspan="1"><p>11</p></td><td rowspan="1" colspan="1"><p>PI</p></td><td rowspan="1" colspan="1"><p>RIBEIRO GONÇALVES</p></td><td rowspan="1" colspan="1"><p>46630/2025</p></td><td rowspan="1" colspan="1"><p>Grupo 2 - 5001 até 10.000 habitantes</p></td><td rowspan="1" colspan="1"><p>R$ 1.125.000,00</p></td></tr><tr><td rowspan="1" colspan="1"><p>12</p></td><td rowspan="1" colspan="1"><p>PI</p></td><td rowspan="1" colspan="1"><p>LAGOA DE SÃO FRANCISCO</p></td><td rowspan="1" colspan="1"><p>46695/2025</p></td><td rowspan="1" colspan="1"><p>Grupo 2 - 5001 até 10.000 habitantes</p></td><td rowspan="1" colspan="1"><p>R$ 1.230.000,00</p></td></tr><tr><td rowspan="1" colspan="1"><p>13</p></td><td rowspan="1" colspan="1"><p>MA</p></td><td rowspan="1" colspan="1"><p>SÃO JOSÉ DOS BASÍLIOS</p></td><td rowspan="1" colspan="1"><p>38589/2025</p></td><td rowspan="1" colspan="1"><p>Grupo 2 - 5001 até 10.000 habitantes</p></td><td rowspan="1" colspan="1"><p>R$ 1.350.300,73</p></td></tr><tr><td rowspan="1" colspan="1"><p>14</p></td><td rowspan="1" colspan="1"><p>MG</p></td><td rowspan="1" colspan="1"><p>RUBELITA</p></td><td rowspan="1" colspan="1"><p>48204/2025</p></td><td rowspan="1" colspan="1"><p>Grupo 2 - 5001 até 10.000 habitantes</p></td><td rowspan="1" colspan="1"><p>R$ 1.537.949,66</p></td></tr><tr><td rowspan="1" colspan="1"><p>15</p></td><td rowspan="1" colspan="1"><p>MT</p></td><td rowspan="1" colspan="1"><p>SANTA TEREZINHA</p></td><td rowspan="1" colspan="1"><p>50507/2025</p></td><td rowspan="1" colspan="1"><p>Grupo 2 - 5001 até 10.000 habitantes</p></td><td rowspan="1" colspan="1"><p>R$ 852.676,18</p></td></tr><tr><td rowspan="1" colspan="1"><p>16</p></td><td rowspan="1" colspan="1"><p>MT</p></td><td rowspan="1" colspan="1"><p>ALTO BOA VISTA</p></td><td rowspan="1" colspan="1"><p>49608/2025</p></td><td rowspan="1" colspan="1"><p>Grupo 2 - 5001 até 10.000 habitantes</p></td><td rowspan="1" colspan="1"><p>R$ 1.550.000,00</p></td></tr><tr><td rowspan="1" colspan="1"><p>17</p></td><td rowspan="1" colspan="1"><p>MA</p></td><td rowspan="1" colspan="1"><p>SÃO FRANCISCO DO BREJÃO</p></td><td rowspan="1" colspan="1"><p>49220/2025</p></td><td rowspan="1" colspan="1"><p>Grupo 2 - 5001 até 10.000 habitantes</p></td><td rowspan="1" colspan="1"><p>R$ 1.500.000,00</p></td></tr><tr><td rowspan="1" colspan="1"><p>18</p></td><td rowspan="1" colspan="1"><p>PI</p></td><td rowspan="1" colspan="1"><p>FRANCISCO SANTOS</p></td><td rowspan="1" colspan="1"><p>43554/2025</p></td><td rowspan="1" colspan="1"><p>Grupo 2 - 5001 até 10.000 habitantes</p></td><td rowspan="1" colspan="1"><p>R$ 1.500.000,00</p></td></tr><tr><td rowspan="1" colspan="1"><p>19</p></td><td rowspan="1" colspan="1"><p>MA</p></td><td rowspan="1" colspan="1"><p>RIBAMAR FIQUENE</p></td><td rowspan="1" colspan="1"><p>48385/2025</p></td><td rowspan="1" colspan="1"><p>Grupo 2 - 5001 até 10.000 habitantes</p></td><td rowspan="1" colspan="1"><p>R$ 1.500.000,00</p></td></tr><tr><td rowspan="1" colspan="1"><p>20</p></td><td rowspan="1" colspan="1"><p>TO</p></td><td rowspan="1" colspan="1"><p>FILADÉLFIA</p></td><td rowspan="1" colspan="1"><p>51942/2025</p></td><td rowspan="1" colspan="1"><p>Grupo 2 - 5001 até 10.000 habitantes</p></td><td rowspan="1" colspan="1"><p>R$ 1.171.135,04</p></td></tr><tr><td rowspan="1" colspan="1"><p>21</p></td><td rowspan="1" colspan="1"><p>SE</p></td><td rowspan="1" colspan="1"><p>SANTANA DO SÃO FRANCISCO</p></td><td rowspan="1" colspan="1"><p>51919/2025</p></td><td rowspan="1" colspan="1"><p>Grupo 2 - 5001 até 10.000 habitantes</p></td><td rowspan="1" colspan="1"><p>R$ 958.446,81</p></td></tr><tr><td rowspan="1" colspan="6"><p>Grupo 3 - 10.001 até 20.000 habitantes</p></td></tr><tr><td rowspan="1" colspan="1"><p>10</p></td><td rowspan="1" colspan="1"><p>MA</p></td><td rowspan="1" colspan="1"><p>JOSELÂNDIA</p></td><td rowspan="1" colspan="1"><p>47753/2025</p></td><td rowspan="1" colspan="1"><p>Grupo 3 - 10.001 até 20.000 habitantes</p></td><td rowspan="1" colspan="1"><p>R$ 1.499.900,00</p></td></tr><tr><td rowspan="1" colspan="1"><p>11</p></td><td rowspan="1" colspan="1"><p>MA</p></td><td rowspan="1" colspan="1"><p>ALTO PARNAÍBA</p></td><td rowspan="1" colspan="1"><p>38601/2025</p></td><td rowspan="1" colspan="1"><p>Grupo 3 - 10.001 até 20.000 habitantes</p></td><td rowspan="1" colspan="1"><p>R$ 1.550.000,00</p></td></tr><tr><td rowspan="1" colspan="1"><p>12</p></td><td rowspan="1" colspan="1"><p>PI</p></td><td rowspan="1" colspan="1"><p>REGENERAÇÃO</p></td><td rowspan="1" colspan="1"><p>49595/2025</p></td><td rowspan="1" colspan="1"><p>Grupo 3 - 10.001 até 20.000 habitantes</p></td><td rowspan="1" colspan="1"><p>R$ 1.428.000,00</p></td></tr><tr><td rowspan="1" colspan="1"><p>13</p></td><td rowspan="1" colspan="1"><p>BA</p></td><td rowspan="1" colspan="1"><p>RAFAEL JAMBEIRO</p></td><td rowspan="1" colspan="1"><p>52584/2025</p></td><td rowspan="1" colspan="1"><p>Grupo 3 - 10.001 até 20.000 habitantes</p></td><td rowspan="1" colspan="1"><p>R$ 1.546.229,34</p></td></tr><tr><td rowspan="1" colspan="1"><p>14</p></td><td rowspan="1" colspan="1"><p>PI</p></td><td rowspan="1" colspan="1"><p>PIMENTEIRAS</p></td><td rowspan="1" colspan="1"><p>45446/2025</p></td><td rowspan="1" colspan="1"><p>Grupo 3 - 10.001 até 20.000 habitantes</p></td><td rowspan="1" colspan="1"><p>R$ 1.150.000,00</p></td></tr><tr><td rowspan="1" colspan="1"><p>15</p></td><td rowspan="1" colspan="1"><p>BA</p></td><td rowspan="1" colspan="1"><p>ADUSTINA</p></td><td rowspan="1" colspan="1"><p>50963/2025</p></td><td rowspan="1" colspan="1"><p>Grupo 3 - 10.001 até 20.000 habitantes</p></td><td rowspan="1" colspan="1"><p>R$ 1.543.630,71</p></td></tr><tr><td rowspan="1" colspan="1"><p>16</p></td><td rowspan="1" colspan="1"><p>BA</p></td><td rowspan="1" colspan="1"><p>CANUDOS</p></td><td rowspan="1" colspan="1"><p>52562/2025</p></td><td rowspan="1" colspan="1"><p>Grupo 3 - 10.001 até 20.000 habitantes</p></td><td rowspan="1" colspan="1"><p>R$ 1.531.531,40</p></td></tr><tr><td rowspan="1" colspan="1"><p>17</p></td><td rowspan="1" colspan="1"><p>BA</p></td><td rowspan="1" colspan="1"><p>RIBEIRA DO AMPARO</p></td><td rowspan="1" colspan="1"><p>49004/2025</p></td><td rowspan="1" colspan="1"><p>Grupo 3 - 10.001 até 20.000 habitantes</p></td><td rowspan="1" colspan="1"><p>R$ 1.522.910,55</p></td></tr><tr><td rowspan="1" colspan="1"><p>18</p></td><td rowspan="1" colspan="1"><p>BA</p></td><td rowspan="1" colspan="1"><p>MUNDO NOVO</p></td><td rowspan="1" colspan="1"><p>50444/2025</p></td><td rowspan="1" colspan="1"><p>Grupo 3 - 10.001 até 20.000 habitantes</p></td><td rowspan="1" colspan="1"><p>R$ 946.802,06</p></td></tr><tr><td rowspan="1" colspan="1"><p>19</p></td><td rowspan="1" colspan="1"><p>PA</p></td><td rowspan="1" colspan="1"><p>PIÇARRA</p></td><td rowspan="1" colspan="1"><p>47276/2025</p></td><td rowspan="1" colspan="1"><p>Grupo 3 - 10.001 até 20.000 habitantes</p></td><td rowspan="1" colspan="1"><p>R$ 420.608,32</p></td></tr><tr><td rowspan="1" colspan="6"><p>Grupo 4 - 20.001 até 50.000 habitantes</p></td></tr><tr><td rowspan="1" colspan="1"><p>9</p></td><td rowspan="1" colspan="1"><p>AM</p></td><td rowspan="1" colspan="1"><p>CARAUARI</p></td><td rowspan="1" colspan="1"><p>46080/2025</p></td><td rowspan="1" colspan="1"><p>Grupo 4 - 20.001 até 50.000 habitantes</p></td><td rowspan="1" colspan="1"><p>R$ 1.550.000,00</p></td></tr><tr><td rowspan="1" colspan="1"><p>10</p></td><td rowspan="1" colspan="1"><p>BA</p></td><td rowspan="1" colspan="1"><p>REMANSO</p></td><td rowspan="1" colspan="1"><p>49471/2025</p></td><td rowspan="1" colspan="1"><p>Grupo 4 - 20.001 até 50.000 habitantes</p></td><td rowspan="1" colspan="1"><p>R$ 1.082.558,16</p></td></tr><tr><td rowspan="1" colspan="1"><p>11</p></td><td rowspan="1" colspan="1"><p>MA</p></td><td rowspan="1" colspan="1"><p>TURILÂNDIA</p></td><td rowspan="1" colspan="1"><p>38613/2025</p></td><td rowspan="1" colspan="1"><p>Grupo 4 - 20.001 até 50.000 habitantes</p></td><td rowspan="1" colspan="1"><p>R$ 1.550.000,00</p></td></tr><tr><td rowspan="1" colspan="1"><p>12</p></td><td rowspan="1" colspan="1"><p>PA</p></td><td rowspan="1" colspan="1"><p>IRITUIA</p></td><td rowspan="1" colspan="1"><p>51234/2025</p></td><td rowspan="1" colspan="1"><p>Grupo 4 - 20.001 até 50.000 habitantes</p></td><td rowspan="1" colspan="1"><p>R$ 1.549.886,43</p></td></tr><tr><td rowspan="1" colspan="1"><p>13</p></td><td rowspan="1" colspan="1"><p>PA</p></td><td rowspan="1" colspan="1"><p>AUGUSTO CORRÊA</p></td><td rowspan="1" colspan="1"><p>50820/2025</p></td><td rowspan="1" colspan="1"><p>Grupo 4 - 20.001 até 50.000 habitantes</p></td><td rowspan="1" colspan="1"><p>R$ 1.434.303,08</p></td></tr><tr><td rowspan="1" colspan="1"><p>14</p></td><td rowspan="1" colspan="1"><p>MA</p></td><td rowspan="1" colspan="1"><p>MATINHA</p></td><td rowspan="1" colspan="1"><p>50055/2025</p></td><td rowspan="1" colspan="1"><p>Grupo 4 - 20.001 até 50.000 habitantes</p></td><td rowspan="1" colspan="1"><p>R$ 1.550.000,00</p></td></tr><tr><td rowspan="1" colspan="1"><p>15</p></td><td rowspan="1" colspan="1"><p>PA</p></td><td rowspan="1" colspan="1"><p>GARRAFÃO DO NORTE</p></td><td rowspan="1" colspan="1"><p>52129/2025</p></td><td rowspan="1" colspan="1"><p>Grupo 4 - 20.001 até 50.000 habitantes</p></td><td rowspan="1" colspan="1"><p>R$ 1.012.171,20</p></td></tr><tr><td rowspan="1" colspan="1"><p>16</p></td><td rowspan="1" colspan="1"><p>PA</p></td><td rowspan="1" colspan="1"><p>CACHOEIRA DO ARARI</p></td><td rowspan="1" colspan="1"><p>44508/2025</p></td><td rowspan="1" colspan="1"><p>Grupo 4 - 20.001 até 50.000 habitantes</p></td><td rowspan="1" colspan="1"><p>R$ 1.549.283,17</p></td></tr><tr><td rowspan="1" colspan="1"><p>17</p></td><td rowspan="1" colspan="1"><p>CE</p></td><td rowspan="1" colspan="1"><p>SANTANA DO ACARAÚ</p></td><td rowspan="1" colspan="1"><p>52839/2025</p></td><td rowspan="1" colspan="1"><p>Grupo 4 - 20.001 até 50.000 habitantes</p></td><td rowspan="1" colspan="1"><p>R$ 1.082.799,50</p></td></tr><tr><td rowspan="1" colspan="1"><p>18</p></td><td rowspan="1" colspan="1"><p>BA</p></td><td rowspan="1" colspan="1"><p>QUEIMADAS</p></td><td rowspan="1" colspan="1"><p>50597/2025</p></td><td rowspan="1" colspan="1"><p>Grupo 4 - 20.001 até 50.000 habitantes</p></td><td rowspan="1" colspan="1"><p>R$ 1.532.796,20</p></td></tr><tr><td rowspan="1" colspan="1"><p>19</p></td><td rowspan="1" colspan="1"><p>CE</p></td><td rowspan="1" colspan="1"><p>MASSAPÊ</p></td><td rowspan="1" colspan="1"><p>52119/2025</p></td><td rowspan="1" colspan="1"><p>Grupo 4 - 20.001 até 50.000 habitantes</p></td><td rowspan="1" colspan="1"><p>R$ 1.535.330,71</p></td></tr><tr><td rowspan="1" colspan="1"><p>20</p></td><td rowspan="1" colspan="1"><p>PI</p></td><td rowspan="1" colspan="1"><p>SÃO RAIMUNDO NONATO</p></td><td rowspan="1" colspan="1"><p>49760/2025</p></td><td rowspan="1" colspan="1"><p>Grupo 4 - 20.001 até 50.000 habitantes</p></td><td rowspan="1" colspan="1"><p>R$ 1.484.578,40</p></td></tr><tr><td rowspan="1" colspan="1"><p>21</p></td><td rowspan="1" colspan="1"><p>PA</p></td><td rowspan="1" colspan="1"><p>GOIANÉSIA DO PARÁ</p></td><td rowspan="1" colspan="1"><p>51985/2025</p></td><td rowspan="1" colspan="1"><p>Grupo 4 - 20.001 até 50.000 habitantes</p></td><td rowspan="1" colspan="1"><p>R$ 1.545.695,55</p></td></tr><tr><td rowspan="1" colspan="1"><p>22</p></td><td rowspan="1" colspan="1"><p>MA</p></td><td rowspan="1" colspan="1"><p>PIO XII</p></td><td rowspan="1" colspan="1"><p>52377/2025</p></td><td rowspan="1" colspan="1"><p>Grupo 4 - 20.001 até 50.000 habitantes</p></td><td rowspan="1" colspan="1"><p>R$ 1.402.582,79</p></td></tr><tr><td rowspan="1" colspan="1"><p>23</p></td><td rowspan="1" colspan="1"><p>MA</p></td><td rowspan="1" colspan="1"><p>CAROLINA</p></td><td rowspan="1" colspan="1"><p>52281/2025</p></td><td rowspan="1" colspan="1"><p>Grupo 4 - 20.001 até 50.000 habitantes</p></td><td rowspan="1" colspan="1"><p>R$ 604.208,84</p></td></tr><tr><td rowspan="1" colspan="1"><p>24</p></td><td rowspan="1" colspan="1"><p>BA</p></td><td rowspan="1" colspan="1"><p>WENCESLAU GUIMARÃES</p></td><td rowspan="1" colspan="1"><p>52940/2025</p></td><td rowspan="1" colspan="1"><p>Grupo 4 - 20.001 até 50.000 habitantes</p></td><td rowspan="1" colspan="1"><p>R$ 1.000.000,00</p></td></tr><tr><td rowspan="1" colspan="1"><p>25</p></td><td rowspan="1" colspan="1"><p>BA</p></td><td rowspan="1" colspan="1"><p>TANHAÇU</p></td><td rowspan="1" colspan="1"><p>52963/2025</p></td><td rowspan="1" colspan="1"><p>Grupo 4 - 20.001 até 50.000 habitantes</p></td><td rowspan="1" colspan="1"><p>R$ 1.468.129,73</p></td></tr><tr><td rowspan="1" colspan="1"><p>26</p></td><td rowspan="1" colspan="1"><p>PA</p></td><td rowspan="1" colspan="1"><p>ITUPIRANGA</p></td><td rowspan="1" colspan="1"><p>51264/2025</p></td><td rowspan="1" colspan="1"><p>Grupo 4 - 20.001 até 50.000 habitantes</p></td><td rowspan="1" colspan="1"><p>R$ 1.539.340,75</p></td></tr><tr><td rowspan="1" colspan="1"><p>27</p></td><td rowspan="1" colspan="1"><p>CE</p></td><td rowspan="1" colspan="1"><p>IRAUÇUBA</p></td><td rowspan="1" colspan="1"><p>51229/2025</p></td><td rowspan="1" colspan="1"><p>Grupo 4 - 20.001 até 50.000 habitantes</p></td><td rowspan="1" colspan="1"><p>R$ 1.204.256,25</p></td></tr><tr><td rowspan="1" colspan="1"><p>28</p></td><td rowspan="1" colspan="1"><p>BA</p></td><td rowspan="1" colspan="1"><p>JEREMOABO</p></td><td rowspan="1" colspan="1"><p>50462/2025</p></td><td rowspan="1" colspan="1"><p>Grupo 4 - 20.001 até 50.000 habitantes</p></td><td rowspan="1" colspan="1"><p>R$ 1.532.796,20</p></td></tr><tr><td rowspan="1" colspan="1"><p>29</p></td><td rowspan="1" colspan="1"><p>MA</p></td><td rowspan="1" colspan="1"><p>MARACAÇUMÉ</p></td><td rowspan="1" colspan="1"><p>49756/2025</p></td><td rowspan="1" colspan="1"><p>Grupo 4 - 20.001 até 50.000 habitantes</p></td><td rowspan="1" colspan="1"><p>R$ 1.549.992,78</p></td></tr><tr><td rowspan="1" colspan="1"><p>30</p></td><td rowspan="1" colspan="1"><p>BA</p></td><td rowspan="1" colspan="1"><p>PALMAS DE MONTE ALTO</p></td><td rowspan="1" colspan="1"><p>48275/2025</p></td><td rowspan="1" colspan="1"><p>Grupo 4 - 20.001 até 50.000 habitantes</p></td><td rowspan="1" colspan="1"><p>R$ 545.822,05</p></td></tr><tr><td rowspan="1" colspan="1"><p>31</p></td><td rowspan="1" colspan="1"><p>RN</p></td><td rowspan="1" colspan="1"><p>JOÃO CÂMARA</p></td><td rowspan="1" colspan="1"><p>52749/2025</p></td><td rowspan="1" colspan="1"><p>Grupo 4 - 20.001 até 50.000 habitantes</p></td><td rowspan="1" colspan="1"><p>R$ 834.694,17</p></td></tr></table>]]></Texto>
  </body>
  <Midias />
</article></xml>