﻿<xml><article id="46247871" name="3110_LEI_COMPLEMENTAR_220_S1_OK" idOficio="11379843" pubName="DO1" artType="Lei Complementar" pubDate="03/11/2025" artClass="00002:00000:00000:00000:00000:00000:00000:00000:00000:00000:00038:00001" artCategory="Atos do Poder Legislativo" artSize="12" artNotes="" numberPage="1" pdfPage="http://pesquisa.in.gov.br/imprensa/jsp/visualiza/index.jsp?data=03/11/2025&amp;jornal=515&amp;pagina=1" editionNumber="209" highlightType="" highlightPriority="" highlight="" highlightimage="" highlightimagename="" idMateria="23277632">
  <body>
    <Identifica><![CDATA[ LEI COMPLEMENTAR Nº 220, DE 31 DE OUTUBRO DE 2025]]></Identifica>
    <Data><![CDATA[]]></Data>
    <Ementa><![CDATA[ Institui o Sistema Nacional de Educação (SNE) e fixa normas para a cooperação entre a União, os Estados, o Distrito Federal e os Municípios para elaboração e implementação de políticas, de programas e de ações educacionais, em regime de colaboração.]]></Ementa>
    <Titulo />
    <SubTitulo />
    <Texto><![CDATA[<p class="identifica"><strong>LEI COMPLEMENTAR Nº 220, DE 31 DE OUTUBRO DE 2025</strong></p><p class="ementa">Institui o Sistema Nacional de Educação (SNE) e fixa normas para a cooperação entre a União, os Estados, o Distrito Federal e os Municípios para elaboração e implementação de políticas, de programas e de ações educacionais, em regime de colaboração.</p><p><strong>O P R E S I D E N T E D A R E P Ú B L I C A</strong></p><p>Faço saber que o Congresso Nacional decreta e eu sanciono a seguinte Lei Complementar:</p><p>CAPÍTULO I</p><p>DISPOSIÇÕES PRELIMINARES</p><p>Art. 1º<strong></strong>Esta Lei Complementar institui o Sistema Nacional de Educação (SNE) e fixa normas para a cooperação entre a União, os Estados, o Distrito Federal e os Municípios para elaboração e implementação de políticas, de programas e de ações educacionais, em regime de colaboração, nos termos do inciso V do<em>caput</em>e do parágrafo único do art. 23, do parágrafo único do art. 193 e dos arts. 211 e 214, todos da Constituição Federal.</p><p>Art. 2º<strong></strong>O SNE consiste no conjunto de relações que promovem a articulação dos sistemas de ensino da União, dos Estados, do Distrito Federal e dos Municípios e a integração de suas ações relativas às políticas educacionais, em regime de colaboração, de acordo com as normas de cooperação de que tratam esta Lei Complementar, o Plano Nacional de Educação (PNE) e as demais normas da legislação educacional, respeitada a organização federativa da educação nacional.</p><p>Parágrafo único. Os sistemas de ensino da União, dos Estados, do Distrito Federal e dos Municípios são instituídos por lei específica de cada ente federado, assegurado ao Município o direito de optar por se integrar ao sistema estadual de ensino.</p><p>CAPÍTULO II</p><p>DOS PRINCÍPIOS E DOS OBJETIVOS</p><p>Art. 3º<strong></strong>São princípios do SNE:</p><p>I - a autonomia e a interdependência dos entes federados;</p><p>II - a organização federativa da educação escolar brasileira;</p><p>III - a garantia e a inalienabilidade do direito subjetivo à educação em todos os níveis, etapas e modalidades de ensino;</p><p>IV - a justiça e a igualdade na promoção dos direitos humanos, da diversidade sociocultural e da sustentabilidade socioambiental;</p><p>V - o reconhecimento das identidades e das especificidades socioculturais, territoriais e linguísticas dos povos indígenas e quilombolas e das demais comunidades tradicionais;</p><p>VI - a gestão democrática do ensino público;</p><p>VII - a pactuação entre os entes federados para o planejamento e o desenvolvimento das políticas, dos programas e das ações educacionais, fundamentada na equidade em suas definições, na infraestrutura nacional de dados da educação e na alocação de recursos públicos;</p><p>VIII - a articulação colaborativa e integrada da execução das políticas educacionais dos entes federados, inclusive mediante ações de assistência técnica e financeira;</p><p>IX - a garantia a todos os estudantes de atendimento educacional adequado, inclusivo e, quando necessário, especializado;</p><p>X - a valorização e o desenvolvimento permanente dos profissionais da educação;</p><p>XI - o direito ao acesso à informação, à transparência e ao acompanhamento e controle social das políticas, dos programas e das ações educacionais;</p><p>XII - o uso de infraestrutura nacional de dados da educação que promova a interoperabilidade, o compartilhamento, a qualidade e a segurança dos dados educacionais dos estabelecimentos e dos sistemas de ensino, assegurada a proteção dos dados pessoais de alunos, de professores e de gestores, conforme a Lei nº 13.709, de 14 de agosto de 2018 (Lei Geral de Proteção de Dados Pessoais).</p><p>Art. 4º São objetivos do SNE:</p><p>I - promover o regime de colaboração entre os entes federados no âmbito das políticas educacionais, consideradas a autonomia e a interdependência dos sistemas de ensino;</p><p>II - promover o planejamento articulado das políticas educacionais dos entes federados, por meio de planos decenais nacional, estaduais, distrital e municipais de educação, dos planos plurianuais e dos demais instrumentos de planejamento e gestão;</p><p>III - promover a igualdade e a equidade de condições para o acesso e a permanência na escola, com qualidade, de forma a assegurar trajetória escolar contínua e integrada dos estudantes ao longo de todos os níveis da educação escolar, como responsabilidade compartilhada entre a União, os Estados, o Distrito Federal e os Municípios;</p><p>IV - articular a definição de prioridades nas políticas educacionais e o equilíbrio, a racionalidade e a eficiência na alocação de recursos públicos, mediante sua repartição equilibrada entre os entes federados para assegurar equidade no investimento público em educação por estudante, considerados os custos diferenciados das etapas, das modalidades e dos tipos de jornada e de estabelecimentos de ensino;</p><p>V - estabelecer padrões nacionais de qualidade para a educação básica;</p><p>VI - fomentar a cooperação entre entes subnacionais para o planejamento e a integração regional de ações intersetoriais que promovam a qualidade da oferta educacional;</p><p>VII - promover a harmonização das normas educacionais entre os diferentes sistemas de ensino;</p><p>VIII - promover o monitoramento e a avaliação integral e coordenada entre os entes federados dos padrões de oferta, da qualidade do ensino, dos resultados da aprendizagem, do desenvolvimento institucional e dos resultados sociais da educação;</p><p>IX - acompanhar a implementação da base nacional comum curricular.</p><p>Parágrafo único. Para o cumprimento do disposto neste artigo, a União terá acesso aos dados e às informações necessários dos estabelecimentos e órgãos educacionais para subsidiar o planejamento e a pactuação entre os entes federados.</p><p>CAPÍTULO III</p><p>DAS COMPETÊNCIAS DOS ENTES FEDERADOS</p><p>Art. 5º<strong></strong>No âmbito do SNE, compete à União:</p><p>I - coordenar o SNE e efetuar a formulação democrática da política nacional de educação;</p><p>II - coordenar, regular, avaliar e supervisionar o sistema federal de ensino;</p><p>III - prestar assistência técnica e financeira aos Estados, ao Distrito Federal e aos Municípios, com vistas a assegurar a oferta de educação básica pública de qualidade, com base no Custo Aluno Qualidade (CAQ);</p><p>IV - manter os sistemas nacionais de avaliação da educação básica e da educação profissional e tecnológica, em colaboração com os entes federados subnacionais, e manter os sistemas nacionais de avaliação da educação superior em nível de graduação e de pós-graduação;</p><p>V - promover a articulação entre os sistemas nacionais de avaliação da educação básica e da educação profissional e tecnológica e os sistemas próprios dos entes federados subnacionais;</p><p>VI - promover a articulação das políticas de desenvolvimento da educação superior das redes pública e privada;</p><p>VII - coordenar o processo de monitoramento e avaliação do PNE, em colaboração com os Estados, o Distrito Federal, os Municípios e as demais instâncias previstas nas leis instituidoras dos planos nacionais de educação;</p><p>VIII - criar e manter a Comissão Intergestores Tripartite da Educação (Cite), de que trata o inciso I do<em>caput</em>do art. 12 desta Lei Complementar;</p><p>IX - manter sistemas de informações e estatísticas educacionais para subsidiar o planejamento da oferta e a pactuação entre os entes federados, no âmbito das instâncias permanentes de pactuação previstas no art. 12 desta Lei Complementar;</p><p>X - organizar, normatizar, coordenar e supervisionar a interoperabilidade dos dados educacionais dos estabelecimentos e dos sistemas de ensino, bem como o compartilhamento desses dados em plataforma nacional, no âmbito da Infraestrutura Nacional de Dados da Educação (Inde), de que trata o art. 24 desta Lei Complementar;</p><p>XI - promover o uso estratégico de dados na gestão educacional;</p><p>XII - prestar assistência técnica aos entes subnacionais para a interoperabilidade dos dados dos estabelecimentos e dos sistemas de ensino a serem compartilhados em plataforma nacional, no âmbito da Inde, de que trata o art. 24 desta Lei Complementar;</p><p>XIII - considerar as pactuações efetivadas no âmbito da Cite, observado o disposto nos §§ 2º e 3º do art. 13 desta Lei Complementar;</p><p>XIV - apoiar a oferta, a manutenção e o desenvolvimento da educação escolar das populações do campo e das comunidades tradicionais, indígenas e quilombolas, em colaboração com os Estados, o Distrito Federal e os Municípios.</p><p>Art. 6º No âmbito do SNE, compete aos Estados:</p><p>I - coordenar, regular, avaliar e supervisionar os sistemas estaduais de ensino;</p><p>II - pactuar com seus Municípios a oferta de educação escolar pública obrigatória em seu território, especialmente no que se refere ao ensino fundamental, de responsabilidade comum das 2 (duas) instâncias;</p><p>III - articular o planejamento e o funcionamento de sua rede de educação básica com as redes dos Municípios, de modo a assegurar a continuidade da trajetória escolar dos estudantes ao longo de suas etapas;</p><p>IV - prestar assistência técnica e financeira aos Municípios para promover a equalização de oportunidades educacionais e a oferta de educação básica pública de qualidade;</p><p>V - articular suas políticas de desenvolvimento da educação profissional e tecnológica e da educação superior com as da União e com as de suas redes de educação básica e as de seus Municípios;</p><p>VI - desenvolver sistemas próprios de avaliação da educação básica, em articulação com os Municípios, integrados ao sistema nacional de avaliação da educação básica;</p><p>VII - assegurar a integração entre seus sistemas próprios de educação profissional e tecnológica e o respectivo sistema nacional de avaliação;</p><p>VIII - monitorar e avaliar periodicamente o Plano Estadual de Educação, a partir de metodologia definida em colaboração com os Municípios, compatível com a metodologia de monitoramento do PNE;</p><p>IX - integrar, no seu território, a oferta de educação escolar pública com os programas suplementares de material didático escolar, de transporte, de alimentação e de assistência à saúde;</p><p>X - criar e manter a respectiva Comissão Intergestores Bipartite da Educação (Cibe), de que trata o art. 12 desta Lei Complementar;</p><p>XI - cooperar com a União no fornecimento tempestivo, regular e padronizado de dados educacionais do seu sistema de ensino, por meio do compartilhamento desses dados em plataforma nacional, no âmbito da Inde, de que trata o art. 24 desta Lei Complementar;</p><p>XII - considerar as pactuações efetivadas no âmbito da Cite e da respectiva Cibe, observado o disposto nos §§ 2º e 3º do art. 13 e nos §§ 1º e 2º do art. 14 desta Lei Complementar.</p><p>Art. 7º<strong></strong>No âmbito do SNE, compete aos Municípios:</p><p>I - coordenar, regular, avaliar e supervisionar os seus sistemas de ensino;</p><p>II - organizar e dimensionar a demanda local, com apoio do respectivo Estado, como forma de subsidiar o planejamento regional da oferta de educação escolar pública;</p><p>III - pactuar com o Estado a oferta da educação escolar pública obrigatória em seu território;</p><p>IV - articular o planejamento e o funcionamento da sua rede de educação básica com a do Estado, de modo a assegurar a continuidade da trajetória escolar dos estudantes ao longo de suas etapas;</p><p>V - integrar, no seu território, a oferta de educação escolar pública com os programas suplementares de material didático escolar, de transporte, de alimentação e de assistência à saúde;</p><p>VI - assegurar a integração entre seus sistemas próprios de avaliação da educação básica com o sistema estadual e o nacional de avaliação da educação básica;</p><p>VII - monitorar e avaliar periodicamente o Plano Municipal de Educação, a partir de metodologia compatível com a de monitoramento do PNE e do Plano Estadual de Educação;</p><p>VIII - cooperar com a União no fornecimento tempestivo, regular e padronizado de dados educacionais do seu sistema de ensino, por meio do compartilhamento desses dados em plataforma nacional, no âmbito da Inde, de que trata o art. 24 desta Lei Complementar;</p><p>IX - considerar as pactuações efetivadas no âmbito da Cite e da respectiva Cibe, observado o disposto nos §§ 2º e 3º do art. 13 e nos §§ 1º e 2º do art. 14 desta Lei Complementar.</p><p>Art. 8º Ao Distrito Federal aplicar-se-ão as disposições dos arts. 6º e 7º desta Lei Complementar, no que couber.</p><p>Art. 9º<strong></strong>Os entes federados poderão constituir formas associativas para implementação de programas e de ações educacionais, como consórcios ou outras formas previstas em lei, com vistas ao planejamento, à execução e ao financiamento comuns dos serviços dessa área, observadas as necessidades, as especificidades e as identidades educacionais, sociais, econômicas e culturais dos envolvidos.</p><p>CAPÍTULO IV</p><p>DAS FUNÇÕES INTEGRADORAS</p><p><strong>Seção I</strong></p><p>Disposições Gerais</p><p>Art. 10.<strong></strong>O SNE compreende as seguintes funções integradoras:</p><p>I - governança democrática da educação nacional;</p><p>II - planejamento da educação nacional;</p><p>III - padrões nacionais de qualidade;</p><p>IV - financiamento da educação nacional;</p><p>V - avaliação da educação nacional.</p><p><strong>Seção II</strong></p><p>Da Governança Democrática da Educação Nacional</p><p>Subseção I</p><p>Das Instâncias da Governança Democrática da Educação Nacional</p><p>Art. 11. São instâncias da governança democrática da educação nacional:</p><p>I - instâncias permanentes de pactuação do SNE;</p><p>II - instâncias normativas do SNE;</p><p>III - instâncias de participação e acompanhamento e controle social do SNE.</p><p>Parágrafo único. A Inde, instituída no art. 24 desta Lei Complementar, contribuirá com o sistema de governança democrática do SNE para subsidiar os processos de planejamento e de gestão das políticas educacionais e o cumprimento dos objetivos do SNE estabelecidos no art. 4º desta Lei Complementar.</p><p><strong>Subseção II</strong></p><p>Das Instâncias Permanentes de Pactuação do SNE</p><p>Art. 12.<strong></strong>São instâncias permanentes de pactuação do SNE:</p><p>I - a Comissão Intergestores Tripartite da Educação (Cite), instância de âmbito nacional responsável pela articulação, negociação e pactuação entre gestores da educação das 3 (três) esferas da Federação;</p><p>II - a Comissão Intergestores Bipartite da Educação (Cibe), instância de âmbito estadual responsável pela articulação, negociação e pactuação entre gestores da educação de cada Estado e de seus Municípios.</p><p>§ 1º As comissões de que tratam os incisos I e II do<em>caput</em>deste artigo:</p><p>I - são criadas por ato do respectivo Poder Executivo, nos termos desta Lei Complementar;</p><p>II - têm sua organização e funcionamento definidos em regimento próprio, aprovado consensualmente;</p><p>III - têm suas deliberações registradas em atas lavradas conforme seu regimento interno e publicadas em seu sítio eletrônico;</p><p>IV - são autorizadas a instituir subcomissões temporárias para tratar, respectivamente, de temas nacionais e subnacionais da educação;</p><p>V - podem organizar, assim como suas subcomissões, grupos de trabalho, de acordo com temas específicos, com a participação de especialistas e de representantes da sociedade civil organizada.</p><p>§ 2º As comissões intergestores tripartites ou bipartites da educação já criadas ou que venham a ser criadas por lei federal ou estadual para programas e ações específicas são consideradas subcomissões, respectivamente, da Cite e da Cibe, observadas as atribuições previstas nas respectivas leis de criação e as disposições desta Lei Complementar.</p><p>§ 3º As competências atribuídas à Cite e à Cibe, respectivamente, nos arts. 13 e 14 desta Lei Complementar, como instâncias de articulação, negociação e pactuação, não implicam a aprovação ou a submissão a essas comissões, pelos entes federados, de suas políticas, programas ou ações educacionais.</p><p>Art. 13. À Cite, sob coordenação do Ministério da Educação, compete pactuar sobre:</p><p>I - a coordenação das ações dos entes federados para a participação na formulação da política nacional para a educação básica e para a implementação das estratégias e o alcance das respectivas metas do PNE;</p><p>II - a divisão de responsabilidades entre os entes federados nas ações de que trata o inciso I deste<em>caput</em>, bem como os mecanismos de transparência e controle de sua execução;</p><p>III - a articulação das políticas de desenvolvimento e oferta das etapas e das modalidades da educação básica, de modo a assegurar trajetórias educacionais harmônicas e consistentes aos estudantes;</p><p>IV - a apresentação de propostas de demandas prioritárias e de estratégias para a assistência técnica e financeira da União aos Estados, ao Distrito Federal e aos Municípios;</p><p>V - o padrão mínimo de qualidade do ensino na educação básica a que se refere o § 1º do art. 211 da Constituição Federal, consideradas as condições adequadas de oferta das etapas, das modalidades e dos tipos de jornada e de estabelecimentos de ensino e a diversidade regional e local das redes de ensino, bem como os respectivos custos diferenciados;</p><p>VI - a aprovação da metodologia de cálculo do CAQ para a educação básica, com base em estudos técnicos elaborados pelo Instituto Nacional de Estudos e Pesquisas Educacionais Anísio Teixeira (Inep) e, caso necessário, a critério da Cite, por outras instituições e órgãos públicos por ela designados, observado o disposto nesta Lei Complementar;</p><p>VII - a apresentação de contribuições para a elaboração da proposta do PNE subsequente;</p><p>VIII - a cooperação entre os entes federados subnacionais para implementação conjunta de políticas, de programas e de ações com vistas ao desenvolvimento da educação nos seus territórios.</p><p>§ 1º O Fundo Nacional de Desenvolvimento da Educação (FNDE), o Inep e a Coordenação de Aperfeiçoamento de Pessoal de Nível Superior (Capes) subsidiarão tecnicamente a tomada de decisão no âmbito da Cite, sem prejuízo de consulta a outras instituições e órgãos técnicos.</p><p>§ 2º As pactuações realizadas no âmbito da Cite de que tratam os incisos I a IV, VII e VIII do<em>caput</em>deste artigo têm caráter de orientação aos entes federados para formulação de suas políticas educacionais, no âmbito de sua autonomia federativa, na perspectiva do regime de colaboração e das demais disposições previstas no art. 211 da Constituição Federal.</p><p>§ 3º A Cite publicará resoluções para efetivação das pactuações de que tratam os incisos V e VI do<em>caput</em>deste artigo e, quando couber, resoluções orientadoras sobre as pactuações de que tratam os incisos I a IV, VII e VIII do<em>caput</em>deste artigo, para fins do disposto no § 2º deste artigo.</p><p>§ 4º A Cite terá composição paritária entre os representantes dos Poderes Executivos dos entes federados, da seguinte forma:</p><p>I - 6 (seis) representantes da União e 6 (seis) suplentes, um dos quais o Ministro de Estado da Educação, que presidirá a comissão e indicará os demais representantes, entre os titulares de secretarias e órgãos equivalentes do Ministério da Educação;</p><p>II - 6 (seis) representantes titulares e 6 (seis) suplentes de Secretarias de Educação dos Estados e do Distrito Federal, compreendendo o Presidente do Conselho Nacional de Secretários de Educação (Consed) e 1 (um) representante de cada uma das 5 (cinco) regiões político-administrativas do País, indicados pelas respectivas seções regionais da entidade;</p><p>III - 6 (seis) representantes titulares e 6 (seis) suplentes de Secretarias de Educação dos Municípios, dos quais 5 (cinco) representantes da União Nacional dos Dirigentes Municipais de Educação (Undime), compreendendo o Presidente da entidade e 1 (um) representante de cada uma das demais regiões político-administrativas do País, indicados pelas respectivas seções regionais, e o Presidente do Conselho Nacional de Secretários de Educação de Capitais (Consec).</p><p>§ 5º Os representantes titulares dos Estados e dos Municípios e seus suplentes, referidos nos incisos II e III do § 4º deste artigo, deverão ser, respectivamente, Secretários de Estado de Educação e Dirigentes Municipais de Educação.</p><p>§ 6º A indicação dos suplentes dos representantes dos Estados e dos Municípios deverá obedecer ao mesmo critério de representação regional disposto nos incisos II e III do § 4º deste artigo.</p><p>§ 7º A participação na Cite é função não remunerada de relevante interesse público, e seus membros, quando convocados, farão jus a transporte e a diárias.</p><p>§ 8º Os integrantes da Cite serão nomeados por ato do Ministro de Estado da Educação.</p><p>Art. 14. À Cibe, sob coordenação da Secretaria Estadual de Educação, compete exercer atribuições específicas similares às da Cite, no âmbito de sua competência, e especialmente pactuar sobre:</p><p>I - a coordenação das ações entre o Estado e seus Municípios para a implementação das estratégias e o alcance das metas do PNE e dos respectivos planos estaduais e municipais de educação;</p><p>II - a divisão de responsabilidades entre o Estado e seus Municípios nas ações de que trata o inciso I deste<em>caput</em>, bem como os mecanismos de transparência e controle de sua execução;</p><p>III - a articulação das políticas de desenvolvimento e oferta da educação básica em suas diversas etapas e modalidades;</p><p>IV - as estratégias para o compartilhamento da oferta do ensino fundamental no âmbito do seu território;</p><p>V - as estratégias colaborativas de oferta de programas suplementares de apoio ao estudante da educação básica, em especial os de alimentação e de transporte escolar;</p><p>VI - as estratégias de transição dos estudantes entre etapas, modalidades e redes de ensino, consideradas a equidade de aprendizagem e a trajetória harmônica dos estudantes;</p><p>VII - as estratégias para quantificação, identificação e implementação de programas de busca ativa direcionados a crianças, a jovens e a adultos não atendidos na educação básica;</p><p>VIII - a metodologia para monitorar e avaliar periodicamente os planos estaduais e municipais de educação, de modo articulado com a metodologia relativa ao PNE.</p><p>§ 1º As pactuações realizadas no âmbito da Cibe de que tratam os incisos I a VIII do<em>caput</em>deste artigo têm caráter de orientação aos entes federados para formulação de suas políticas educacionais, no âmbito de sua autonomia federativa, na perspectiva do regime de colaboração e das demais disposições previstas no art. 211 da Constituição Federal.</p><p>§ 2º A Cibe publicará, quando couber, resoluções orientadoras sobre as pactuações de que tratam os incisos I a VIII do<em>caput</em>deste artigo, para fins do disposto no § 1º deste artigo.</p><p>§ 3º A Cibe, em cada Estado, terá composição paritária entre os representantes dos Poderes Executivos dos entes federados, da seguinte forma:</p><p>I - 6 (seis) representantes do Estado e 6 (seis) suplentes, entre os quais o titular da Secretaria Estadual de Educação, que presidirá a comissão e indicará os demais representantes estaduais, entre os titulares dos órgãos da secretaria em nível de secretaria adjunta, subsecretaria ou equivalente;</p><p>II - 6 (seis) representantes dos Municípios e 6 (seis) suplentes, titulares de Secretarias de Educação dos Municípios, dos quais 5 (cinco) indicados pela seccional da Undime no Estado e 1 (um) indicado pela Secretaria de Educação da capital do Estado.</p><p>§ 4º Os integrantes da Cibe serão nomeados por ato do respectivo Secretário Estadual de Educação.</p><p><strong>Subseção III</strong></p><p>Das Instâncias Normativas do SNE</p><p>Art. 15.<strong></strong>São instâncias normativas do SNE:</p><p>I - o Ministério da Educação;</p><p>II - o Conselho Nacional de Educação (CNE);</p><p>III - os Conselhos Estaduais de Educação e o Conselho de Educação do Distrito Federal;</p><p>IV - os Conselhos Municipais de Educação;</p><p>V - o órgão máximo dirigente da educação em cada esfera do governo.</p><p>§ 1º Os conselhos de educação previstos no<em>caput</em>são órgãos instituídos por lei do respectivo ente federado dotados de autonomia técnico-pedagógica, administrativa e financeira, assegurada pelos respectivos poderes instituintes, com representatividade do poder público e da sociedade civil, com função normativa e de assessoramento técnico ao Poder Executivo e outras que lhes forem atribuídas pela Lei nº 9.394, de 20 de dezembro de 1996, e pela lei de criação.</p><p>§ 2º Os conselhos de educação previstos no<em>caput</em>deste artigo têm sua organização e funcionamento regidos por regimento próprio.</p><p>§ 3º Os atos normativos dos conselhos de educação estão sujeitos à homologação pelo respectivo Poder Executivo.</p><p>§ 4º No caso dos Municípios, os conselhos de acompanhamento e controle social previstos na legislação federal podem ser instituídos como câmaras específicas dos respectivos Conselhos Municipais de Educação.</p><p>§ 5º Ato do Ministro de Estado da Educação instituirá, no CNE, que o coordenará, Fórum dos Conselhos de Educação dos Estados, do Distrito Federal e dos Municípios, de caráter consultivo, para debater e harmonizar as normas educacionais nas respectivas esferas.</p><p>§ 6º Os presidentes dos conselhos de educação previstos no<em>caput</em>deste artigo serão eleitos por seus respectivos pares, conforme regulamento.</p><p><strong>Subseção IV</strong></p><p>Das Instâncias de Participação e Acompanhamento e Controle Social do SNE</p><p>Art. 16. São instâncias de participação e acompanhamento e controle social do SNE:</p><p>I - os fóruns de educação;</p><p>II - as conferências de educação;</p><p>III - os conselhos de acompanhamento e controle social.</p><p>Art. 17. Os fóruns de educação são instâncias de participação social instituídas por ato do Poder Executivo no âmbito de sua esfera de atuação, com as funções previstas no art. 19 desta Lei Complementar.</p><p>Art. 18. (VETADO).</p><p>Art. 19. Compete aos fóruns de educação, na sua esfera de atuação:</p><p>I - coordenar a realização das conferências de educação e aprovar seu regulamento;</p><p>II - acompanhar a implementação dos planos de educação, seus objetivos e metas;</p><p>III - debater temas relacionados à política educacional.</p><p>Parágrafo único. Haverá, no âmbito da União, o Fórum Nacional de Educação (FNE), cabendo aos Estados, ao Distrito Federal e aos Municípios instituir os respectivos fóruns similares em seus âmbitos, com as atribuições previstas neste artigo.</p><p>Art. 20. Haverá, no âmbito da União, fórum permanente, com representação da União, dos Estados, do Distrito Federal, dos Municípios e dos trabalhadores da educação, para acompanhamento da atualização progressiva do valor do piso salarial nacional para os profissionais do magistério público da educação básica e da valorização das respectivas carreiras.</p><p>Art. 21. A participação nos fóruns de educação é função não remunerada de relevante interesse público, e seus membros, quando convocados, farão jus a transporte e a diárias.</p><p>Art. 22. As conferências nacionais de educação, promovidas pela União, articuladas e coordenadas pelo FNE, realizar-se-ão com intervalo de até 4 (quatro) anos, com o objetivo de subsidiar o planejamento da educação nacional, avaliar a implementação do PNE, promover o debate temático de interesse da educação nacional e subsidiar a elaboração do PNE para o decênio subsequente.</p><p>§ 1º Serão realizadas conferências estaduais, distrital e municipais de educação no período de vigência do PNE e dos respectivos planos estaduais, distrital e municipais de Educação, em articulação com as conferências nacionais de educação.</p><p>§ 2º A promoção das conferências contará com assistência técnica e financeira da União ao Distrito Federal e aos Estados e dos Estados aos Municípios constituintes da respectiva unidade da Federação.</p><p>Art. 23. As políticas e os programas educacionais instituídos por lei no âmbito do SNE contarão, como parte do seu mecanismo de governança democrática, com 1 (um) conselho de acompanhamento e controle social, com participação do governo e da sociedade civil, instituído em cada ente federado.</p><p>Parágrafo único. Os conselhos de acompanhamento e controle social têm funções consultivas, propositivas e fiscalizadoras, na forma da lei de criação.</p><p><strong>Subseção V</strong></p><p>Da Infraestrutura Nacional de Dados da Educação</p><p>Art. 24. É instituída a Infraestrutura Nacional de Dados da Educação (Inde), com o objetivo de promover a interoperabilidade, o compartilhamento, a qualidade e a segurança dos dados educacionais dos estabelecimentos e dos sistemas de ensino, assegurada a proteção dos dados pessoais de alunos, de professores e de gestores, conforme a Lei nº 13.709, de 14 de agosto de 2018 (Lei Geral de Proteção de Dados Pessoais).</p><p>Art. 25. A União, por intermédio do Ministério da Educação, é responsável por organizar, normatizar, coordenar e supervisionar a Inde, que constitui o conjunto de normas, políticas, arquiteturas, padrões, instâncias, ferramentas tecnológicas e ativos de informação para o uso estratégico de dados na educação.</p><p>Art. 26. A Inde compreende:</p><p>I - a instituição do Cadastro de Pessoas Físicas (CPF) como o Identificador Nacional Único do Estudante (Inue), de uso obrigatório em todas as bases de dados e registros administrativos dos sistemas de ensino da União, dos Estados, do Distrito Federal e dos Municípios, com a finalidade de assegurar a interoperabilidade dos dados educacionais;</p><p>II - a instituição de conjuntos mínimos de dados de gestão a serem compartilhados;</p><p>III - a definição de padrão nacional de interoperabilidade, que contemplará protocolos técnicos, modelos de dados, mecanismos de autenticação, validação, integridade e segurança da informação;</p><p>IV - o compartilhamento dos dados da educação por meio de plataforma nacional;</p><p>V - a promoção da transparência na disponibilidade e no acesso aos dados educacionais, respeitados os princípios da publicidade, da legalidade, da proteção de dados pessoais e da segurança da informação.</p><p>§ 1º A União, em colaboração com os Estados, o Distrito Federal e os Municípios, promoverá a atualização e a revisão dos conjuntos mínimos de dados educacionais, sempre que necessário.</p><p>§ 2º O Inue, entre outras finalidades, poderá ser utilizado para a consolidação de indicadores nacionais e regionais sobre fluxo escolar, permanência, mobilidade estudantil, trajetória escolar, evasão e resultados, de forma a subsidiar o planejamento e a avaliação das políticas públicas de educação.</p><p>§ 3º O disposto neste artigo é de observância obrigatória por todos os entes federados e suas administrações autárquicas e fundacionais, bem como por estabelecimentos educacionais privados e comunitários, no que couber.</p><p><strong>Seção III</strong></p><p>Do Planejamento da Educação Nacional</p><p>Subseção I</p><p>Dos Planos Decenais de Educação</p><p>Art. 27. O PNE, estabelecido em lei, de duração decenal, tem o objetivo de definir diretrizes, objetivos, metas e estratégias para a educação nacional e de articular o SNE.</p><p>Parágrafo único. Os Estados, o Distrito Federal e os Municípios estabelecerão em lei seus correspondentes planos de educação, de duração decenal, em consonância com o PNE.</p><p>Art. 28.<strong></strong>A elaboração dos planos decenais de educação observará a participação de representantes da comunidade educacional e da sociedade civil.</p><p>Parágrafo único. O processo de elaboração dos planos de educação deverá ser realizado de forma articulada entre as 3 (três) esferas da Federação, de modo a possibilitar a compatibilidade de diretrizes, de objetivos, de metas e de estratégias dos planos nacional, estaduais, distrital e municipais e das respectivas vigências.</p><p><strong>Subseção II</strong></p><p>Do Monitoramento e da Avaliação dos Planos Decenais de Educação</p><p>Art. 29. As leis que instituírem os planos decenais de educação definirão:</p><p>I - o escopo, as competências, os critérios e os mecanismos para o monitoramento e a avaliação dos planos de educação;</p><p>II - as formas de participação da sociedade nos processos de monitoramento e de avaliação dos planos decenais de educação.</p><p>Art. 30. A ação de assistência técnica e financeira entre entes federados dar-se-á em observância das diretrizes, dos objetivos, das estratégias e das metas dos planos decenais de educação.</p><p><strong>Seção IV</strong></p><p>Dos Padrões de Qualidade da Educação</p><p>Subseção I</p><p>Dos Padrões de Qualidade da Educação Básica</p><p>Art. 31.<strong></strong>A oferta educacional no SNE tem por princípio a garantia de padrão de qualidade em todos os níveis, etapas e modalidades de ensino, conforme disposto no inciso VII do<em>caput</em>do art. 206 da Constituição Federal.</p><p>Art. 32. Os padrões mínimos de qualidade da educação básica, nos termos do § 1º do art. 211 da Constituição Federal, são padrões nacionais a serem pactuados entre a União, os Estados, o Distrito Federal e os Municípios, no âmbito da Cite, e observados em todo o território nacional, e compreendem:</p><p>I - condições de oferta;</p><p>II - rendimento escolar.</p><p>Art. 33. Os padrões mínimos de qualidade da educação básica pactuados:</p><p>I - considerarão as diferentes etapas e modalidades da educação básica definidas na Lei nº 9.394, de 20 de dezembro de 1996;</p><p>II - integrarão a Avaliação Nacional da Educação Básica;</p><p>III - orientarão a definição da ação redistributiva e supletiva, técnica e financeira do orçamento da União, com relação aos Estados, ao Distrito Federal e aos Municípios, e dos orçamentos dos Estados, com relação aos seus Municípios, com prioridade para os sistemas de ensino que apresentarem desempenho crítico nas avaliações nacionais.</p><p>Art. 34. Os padrões mínimos de qualidade da educação básica referentes às condições de oferta deverão considerar, entre outras, as seguintes dimensões:</p><p>I - jornada escolar mínima nos estabelecimentos de ensino, com progressiva extensão para jornada em tempo integral;</p><p>II - adequada razão professor-aluno por turma;</p><p>III - formação docente adequada às áreas de atuação;</p><p>IV - existência de plano de carreira e de piso salarial profissional nacional dos profissionais do magistério público;</p><p>V - nível de profissionalização e de qualificação dos profissionais da educação não docentes;</p><p>VI - estrutura física e instalações escolares com padrões de conforto ambiental, espaços apropriados para o desenvolvimento integral do processo pedagógico, salubridade, água potável e instalações sanitárias adequadas, acessibilidade e sustentabilidade ambiental;</p><p>VII - recursos educacionais e tecnologias digitais;</p><p>VIII - serviços complementares de apoio ao aluno.</p><p>§ 1º A Avaliação Nacional da Educação Básica aferirá periodicamente os padrões mínimos de qualidade da oferta educacional por meio de indicadores, servirá de base para a supervisão da oferta educacional pelos órgãos competentes e fortalecerá a transparência e o controle social.</p><p>§ 2º Os padrões mínimos de qualidade da educação profissional e tecnológica, no nível da educação básica, considerarão também aqueles relativos a suas especificidades, entre elas a infraestrutura, a articulação com as demandas do mundo do trabalho e a respectiva inserção dos egressos.</p><p>§ 3º A equidade na oferta será critério para a avaliação dos padrões mínimos de qualidade da educação.</p><p>Art. 35. Os padrões mínimos de qualidade da educação básica referentes ao rendimento escolar deverão considerar:</p><p>I - níveis adequados de aprendizagem;</p><p>II - redução das desigualdades de aprendizagem;</p><p>III - trajetória regular dos estudantes;</p><p>IV - taxa adequada de aprovação dos estudantes;</p><p>V - redução do abandono e da evasão escolar.</p><p><strong>Subseção II</strong></p><p>Dos Padrões de Qualidade da Educação Superior</p><p>Art. 36. Os padrões de qualidade da educação superior são referenciais para a emissão de atos autorizativos ao funcionamento de instituições de educação superior e à oferta de cursos superiores, estabelecendo as condições mínimas a serem observadas pelas instituições e pelos sistemas de ensino da educação superior para a oferta em todo o território nacional.</p><p>Art. 37. Os padrões de qualidade da educação superior definidos na forma da lei:</p><p>I - considerarão os diferentes tipos de instituições e de formatos de oferta;</p><p>II - integrarão a Avaliação Nacional da Educação Superior em Nível de Graduação;</p><p>III - integrarão a atividade regulatória da oferta na educação superior.</p><p>§ 1º A Avaliação Nacional da Educação Superior em Nível de Graduação aferirá periodicamente os padrões de qualidade da oferta educacional por meio de indicadores e servirá de base para a regulação e a supervisão da oferta educacional pelos órgãos competentes.</p><p>§ 2º A equidade será critério para a avaliação dos padrões de qualidade da educação superior.</p><p>Art. 38.<strong></strong>Os padrões de qualidade da pós-graduação<em>stricto sensu</em>são referenciais para o reconhecimento, por meio da avaliação de entrada, e a renovação do reconhecimento, por meio da avaliação de permanência, dos programas de pós-graduação<em>stricto sensu</em>de instituições públicas e privadas, estabelecendo as condições mínimas a serem observadas pelas instituições para oferta desses programas.</p><p>Art. 39.<strong></strong>Os padrões de qualidade da pós-graduação<em>stricto sensu</em>:</p><p>I - considerarão as diferentes modalidades de programa e de ensino e a forma de atuação;</p><p>II - integrarão a Avaliação Nacional da Pós-Graduação<em>Stricto Sensu</em>;</p><p>III - integrarão a atividade regulatória da oferta na pós-graduação.</p><p><strong>Seção V</strong></p><p>Do Financiamento da Educação</p><p>Subseção I</p><p>Do Financiamento da Educação Básica</p><p>Art. 40.<strong></strong>O financiamento da educação pública básica nacional, de responsabilidade da União, dos Estados, do Distrito Federal e dos Municípios, será orientado:</p><p>I - pela construção de equidade na capacidade de financiamento dos sistemas públicos de educação básica, conforme previsto no § 1º do art. 211 da Constituição Federal;</p><p>II - para oferecer padrão mínimo de qualidade, referenciado pelo CAQ, na forma do § 7º do art. 211 da Constituição Federal;</p><p>III - para universalizar o acesso à educação básica obrigatória, assegurada inclusive sua oferta gratuita para todos os que a ela não tiveram acesso na idade própria.</p><p>Art. 41. É estabelecido o CAQ como referência de investimento por aluno da educação básica, que será progressivamente elevado de modo a contribuir para a consecução das metas de financiamento da educação básica do PNE, considerados:</p><p>I - o orçamento público anual de cada ente federado destinado à educação básica e em observância à legislação fiscal vigente;</p><p>II - as necessidades e as especificidades locais;</p><p>III - as complementações da União ao Fundo de Manutenção e Desenvolvimento da Educação Básica e de Valorização dos Profissionais da Educação (Fundeb);</p><p>IV - as complementações adicionais instituídas no âmbito federal e de cada Estado.</p><p>§ 1º O cálculo do CAQ será referido aos padrões mínimos de qualidade da oferta da educação básica pactuados, passíveis de monetização, e considerará:</p><p>I - a definição de um conjunto mínimo de insumos e seus correspondentes custos, em âmbito nacional, de acordo com as características das etapas e das modalidades de ensino;</p><p>II - a variação de insumos e de custos, de acordo com a diversidade regional e local de cada rede de ensino.</p><p>§ 2º Compete ao Ministério da Educação o cálculo do CAQ de acordo com a metodologia pactuada no âmbito da Cite, observado o regime constitucional e legal de finanças públicas.</p><p>Art. 42. A União manterá programas de incentivo financeiro-educacional para estimular a permanência dos estudantes matriculados na educação básica e a sua conclusão por eles.</p><p><strong>Subseção II</strong></p><p>Do Financiamento da Educação Superior</p><p>Art. 43. Caberá a cada ente federado assegurar, anualmente, em sua lei orçamentária, recursos suficientes para manutenção e desenvolvimento das instituições de educação superior por ele mantidas e dos programas direcionados aos seus alunos e docentes.</p><p>Art. 44. A União, os Estados e o Distrito Federal manterão, nos termos da lei, programas de assistência estudantil, de ação afirmativa e de inclusão social para os estudantes matriculados em suas redes e instituições de educação superior, nos níveis de graduação e de pós-graduação<em>stricto sensu</em>, bem como nas instituições públicas de educação profissional e tecnológica sob sua responsabilidade.</p><p>Art. 45. A União manterá, nos termos de leis específicas, programas de financiamento estudantil por meio de subsídios tributários, financeiros ou creditícios, para estudantes matriculados na rede privada de instituições de educação superior.</p><p><strong>Seção VI</strong></p><p>Da Avaliação da Educação Nacional</p><p>Subseção I</p><p>Disposições Gerais</p><p>Art. 46. A avaliação da educação nacional está integrada ao sistema de governança democrática do SNE para subsidiar os processos de planejamento e de gestão das políticas educacionais.</p><p>Art. 47. A União, por intermédio do Ministério da Educação, coordenará o processo de avaliação da educação nacional em regime de colaboração com os Estados, com o Distrito Federal e com os Municípios e com as demais instâncias previstas em lei.</p><p>Parágrafo único. O Ministério da Educação é responsável por realizar a avaliação da educação nacional, no âmbito de suas competências legais, para subsidiar a formulação de políticas educacionais.</p><p>Art. 48. A avaliação da educação nacional compreenderá:</p><p>I - Avaliação dos Planos Decenais de Educação;</p><p>II - Avaliação da Educação Básica;</p><p>III - Avaliação da Educação Profissional e Tecnológica;</p><p>IV - Avaliação da Educação Superior em Nível de Graduação;</p><p>V - Avaliação da Pós-Graduação<em>Stricto Sensu</em>.</p><p><strong>Subseção II</strong></p><p>Da Avaliação Nacional da Educação Básica</p><p>Art. 49. A Avaliação Nacional da Educação Básica, coordenada pela União, em regime de colaboração com os Estados, com o Distrito Federal e com os Municípios, constituirá fonte de informação para a avaliação da qualidade e da equidade da educação básica e para o planejamento e a orientação das políticas públicas desse nível de ensino.</p><p>Art. 50. São objetivos da Avaliação Nacional da Educação Básica:</p><p>I - aferir a qualidade da educação básica com base no nível de desempenho e na equidade dos sistemas de ensino e de suas instituições públicas e privadas de ensino;</p><p>II - avaliar as instituições de educação básica, públicas e privadas, contemplando a análise global e integrada das dimensões de gestão, de infraestrutura, de recursos e de resultados de aprendizagem;</p><p>III - produzir insumos para o planejamento de políticas educacionais nos sistemas de ensino e de ações nas instituições de ensino;</p><p>IV - produzir e divulgar dados e informações que contribuam para o aprimoramento, a transparência e o controle social das políticas educacionais, orientando sua formulação e revisão.</p><p>§ 1º A avaliação a que se refere o<em>caput</em>deste artigo produzirá, no máximo, a cada 2 (dois) anos:</p><p>I - indicadores de rendimento escolar, referentes ao desempenho dos estudantes apurado em exames nacionais de avaliação, com participação de pelo menos 80% (oitenta por cento) dos alunos de cada escola em cada ano escolar periodicamente avaliado, e aos dados pertinentes apurados pelo censo escolar da educação básica;</p><p>II - indicadores de avaliação institucional, referentes a características como o perfil do alunado e do corpo dos profissionais da educação, as relações entre dimensão do corpo docente, do corpo técnico e do corpo discente, a infraestrutura das escolas, os recursos pedagógicos disponíveis e os processos da gestão, entre outras relevantes.</p><p>§ 2º O processo nacional de avaliação da educação básica terá como referência o padrão mínimo de qualidade do ensino na educação básica, pactuado no âmbito da Cite.</p><p><strong>Subseção III</strong></p><p>Da Avaliação Nacional da Educação Profissional e Tecnológica</p><p>Art. 51. A Avaliação Nacional da Educação Profissional e Tecnológica, coordenada pela União, em regime de colaboração com os Estados, o Distrito Federal e os Municípios, consistirá em processo nacional de avaliação das instituições que oferecem educação profissional e tecnológica, de seus cursos e do desempenho de seus estudantes.</p><p>Parágrafo único. A Avaliação Nacional da Educação Profissional e Tecnológica será desenvolvida em articulação com a Avaliação Nacional da Educação Básica e da Avaliação Nacional da Educação Superior em Nível de Graduação.</p><p>Art. 52. São objetivos da Avaliação Nacional da Educação Profissional e Tecnológica:</p><p>I - avaliar as instituições de educação profissional e tecnológica, públicas e privadas, contemplando a análise global e integrada das dimensões de gestão, de infraestrutura, de recursos e de resultados da aprendizagem;</p><p>II - avaliar os cursos ofertados pelas instituições de educação profissional e tecnológica, públicas e privadas, com respeito à qualidade e à adequação entre a educação profissional e tecnológica ofertada e o mundo do trabalho;</p><p>III - avaliar o desempenho acadêmico dos estudantes como forma de aferir a efetividade acadêmica, técnica e social das instituições de educação profissional e tecnológica, públicas e privadas;</p><p>IV - prover à sociedade dados e informações sobre a qualidade das instituições de educação profissional e tecnológica, públicas e privadas, e dos cursos e dos programas por elas ofertados.</p><p><strong>Subseção IV</strong></p><p>Da Avaliação Nacional da Educação Superior em Nível de Graduação</p><p>Art. 53. A Avaliação Nacional da Educação Superior em Nível de Graduação, coordenada pela União, nos termos de lei federal específica, consistirá em processo nacional de avaliação das instituições, dos cursos e do desempenho acadêmico dos estudantes dos cursos de graduação.</p><p>Art. 54. São objetivos da Avaliação Nacional da Educação Superior em Nível de Graduação:</p><p>I - avaliar as instituições de ensino superior, públicas e privadas, contemplando a análise global e integrada das dimensões da pesquisa, da extensão e da qualidade do ensino;</p><p>II - avaliar os cursos ofertados pelas instituições de ensino superior, públicas e privadas, interna e externamente, com respeito à identidade e à diversidade de instituições e de cursos;</p><p>III - avaliar o desempenho acadêmico dos estudantes de ensino superior;</p><p>IV - prover referencial básico para os processos de regulação e de supervisão da educação superior, a fim de promover a melhoria de sua qualidade;</p><p>V - prover à sociedade dados e informações sobre a qualidade das instituições de ensino superior, públicas e privadas, e dos cursos e dos programas por elas ofertados.</p><p><strong>Subseção V</strong></p><p>Da Avaliação Nacional da Pós-Graduação Stricto Sensu</p><p>Art. 55. A Avaliação Nacional da Pós-Graduação<em>Stricto Sensu</em>, coordenada pela União, de competência da Capes, consistirá em processo nacional de avaliação dos programas de mestrado e de doutorado no País.</p><p>Art. 56.<strong></strong>São objetivos da Avaliação Nacional da Pós-Graduação<em>Stricto Sensu</em>:</p><p>I - avaliar os programas de pós-graduação<em>stricto sensu</em>, conforme níveis de desempenho, de qualidade e de padrões de ensino e pesquisa;</p><p>II - avaliar a formação dos estudantes como meio de aferir a efetividade acadêmica e social dos programas de pós-graduação<em>stricto sensu</em>ofertados no País;</p><p>III - impulsionar os padrões de excelência acadêmica, científica, tecnológica, de inovação e de extensão dos programas de pós-graduação<em>stricto sensu</em>nacionais, de modo a assegurar a formação de pesquisadores e profissionais de alto nível;</p><p>IV - induzir o aprimoramento da pós-graduação<em>stricto sensu</em>do País, considerados os diferentes estágios de desenvolvimento de cada área do conhecimento e a diversidade entre os programas;</p><p>V - oferecer subsídios para a formulação de políticas de fomento para o Sistema Nacional de Pós-Graduação (SNPG), bem como para a supervisão e o acompanhamento da oferta de programas de pós-graduação<em>stricto sensu</em>;</p><p>VI - prover à sociedade dados e informações sobre a qualidade dos programas de pós-graduação<em>stricto sensu</em>ofertados no País.</p><p>Parágrafo único. A Avaliação Nacional da Pós-Graduação<em>Stricto Sensu</em>contemplará:</p><p>I - avaliação de entrada como condição obrigatória para a abertura de novos cursos de pós-graduação<em>stricto sensu</em>;</p><p>II - avaliação de permanência dos programas de pós-graduação<em>stricto sensu</em>em funcionamento.</p><p>CAPÍTULO V</p><p>DA EDUCAÇÃO ESCOLAR INDÍGENA E QUILOMBOLA</p><p>Art. 57. A educação escolar indígena, bilíngue, multilíngue, específica, diferenciada e intercultural é responsabilidade compartilhada da União, dos Estados, do Distrito Federal e dos Municípios e será organizada de forma a assegurar as especificidades e a organização a partir dos territórios etnoeducacionais dos povos indígenas.</p><p>Parágrafo único. A oferta da educação escolar indígena, de responsabilidade dos Estados, do Distrito Federal e dos Municípios, será realizada por estabelecimentos de ensino localizados em terras habitadas por comunidades indígenas, garantidos organização escolar própria e ensino ministrado nas línguas maternas das comunidades atendidas.</p><p>Art. 58. A União, os Estados, o Distrito Federal e os Municípios pactuarão a política e a organização da oferta da educação escolar indígena com base nos territórios etnoeducacionais.</p><p>§ 1º Os territórios etnoeducacionais compreendem o conjunto de terras indígenas, ainda que descontínuas, independentemente da divisão político-administrativa do País, ocupadas por povos indígenas que compartilham raízes sociais e históricas, relações intersocietárias, filiações linguísticas, valores e práticas culturais.</p><p>§ 2º A pactuação entre os entes federados da oferta da educação escolar indígena será realizada a partir de instâncias nacional e subnacionais de pactuação, organizadas com base nos territórios etnoeducacionais e assegurada a participação dos povos indígenas e dos entes federados que ofertam a educação escolar indígena em cada território.</p><p>Art. 59. A educação escolar quilombola é responsabilidade compartilhada da União, dos Estados, do Distrito Federal e dos Municípios e deverá promover o reconhecimento das formas de produção, de transmissão e de valorização de saberes e práticas das comunidades quilombolas, assegurado o atendimento às especificidades de cada comunidade quilombola.</p><p>Parágrafo único. A oferta da educação escolar quilombola, de responsabilidade dos Estados, do Distrito Federal e dos Municípios, será realizada por estabelecimentos de ensino localizados em comunidades quilombolas, bem como por estabelecimentos de ensino que atendam os estudantes oriundos dos territórios quilombolas.</p><p>Art. 60.<strong></strong>Ato do Poder Executivo federal disporá sobre os processos de pactuação que respeitem as especificidades da educação escolar indígena e da educação escolar quilombola.</p><p>Parágrafo único. A implementação do disposto no<em>caput</em>deste artigo será precedida de consulta prévia, livre e informada às representações das comunidades indígenas e quilombolas, conforme a Convenção nº 169 da Organização Internacional do Trabalho sobre Povos Indígenas e Tribais, assegurados mecanismos de participação social.</p><p>Art. 61.<strong></strong>A educação escolar indígena e a educação escolar quilombola contarão com comissões nacionais, fóruns e conferências nacionais específicas, nos termos do regulamento.</p><p>CAPÍTULO VI</p><p>DISPOSIÇÕES FINAIS E TRANSITÓRIAS</p><p>Art. 62.<strong></strong>Os entes federados promoverão a adequação de suas normas legais e administrativas a esta Lei Complementar no prazo de até 2 (dois) anos, contado da data de sua publicação.</p><p>Parágrafo único. O Ministério da Educação prestará assistência técnica aos entes federados para o cumprimento do disposto no<em>caput</em>deste artigo.</p><p>Art. 63.<strong></strong>A Cite e as Cibes serão criadas e instaladas pelos respectivos Poderes Executivos no prazo de até 90 (noventa) dias, contado da data de publicação desta Lei Complementar.</p><p>Art. 64.<strong></strong>Esta Lei Complementar entra em vigor na data de sua publicação.</p><p>Brasília, 31 de outubro de 2025; 204º da Independência e 137º da República.</p><p class="assinaPr">LUIZ INÁCIO LULA DA SILVA</p><p class="assina">Camilo Sobreira de Santana</p><p class="assina">Simone Nassar Tebet</p>]]></Texto>
  </body>
  <Midias />
</article></xml>