﻿<xml><article id="46235842" name="Pauta da 344A Reuniao Ordinaria " idOficio="11379022" pubName="DO1" artType="Pauta" pubDate="03/11/2025" artClass="00018:00018:00000:00000:00000:00000:00000:00000:00000:00000:00053:00000" artCategory="Ministério do Desenvolvimento e Assistência Social, Família e Combate à Fome/Conselho Nacional de Assistência Social" artSize="12" artNotes="ok" numberPage="35" pdfPage="http://pesquisa.in.gov.br/imprensa/jsp/visualiza/index.jsp?data=03/11/2025&amp;jornal=515&amp;pagina=35" editionNumber="209" highlightType="" highlightPriority="" highlight="" highlightimage="" highlightimagename="" idMateria="23275953">
  <body>
    <Identifica><![CDATA[ PAUTA DA 344ª REUNIÃO ORDINÁRIA ]]></Identifica>
    <Data><![CDATA[ Brasília - DF, 31 de outubro de 2025]]></Data>
    <Ementa />
    <Titulo />
    <SubTitulo />
    <Texto><![CDATA[<p class="identifica">PAUTA DA 344ª REUNIÃO ORDINÁRIA</p><p>03/11/2025 - REUNIÃO DE COMISSÕES - VIRTUAL</p><p>13h às 18h</p><p>Reunião da Comissão de Política da Assistência Social - Continuidade das discussões do Programa Primeira Infância no SUAS.</p><p>10/11/2025 - REUNIÃO DE COMISSÕES - VIRTUAL</p><p>9h às 12h</p><p>Reunião da Comissão de Acompanhamento aos Conselhos de Assistência Social - Debate sobre a necessidade de publicização de dados institucionais dos CEAS e CAS/DF, a partir do CADSUAS.</p><p>Reunião da Comissão de Controle Social das Deliberações das Conferências de Assistência Social - Revisão do material que será disponibilizado aos delegados.</p><p>Reunião da Comissão de Financiamento e Orçamento da Assistência Social - Debate de alteração da Resolução CNAS nº 78/2006 que dispõe sobre os Parâmetros da Proposta Orçamentária, para adequar a legislação vigente quanto ao rito do orçamento da União.</p><p>Reunião da Comissão de Normas da Assistência Social - Análise das contribuições da consulta pública sobre revisão da Resolução CNAS nº 34/2011 para aprovação e encaminhamento à Plenária.</p><p>14h às 18h</p><p>Reunião da Comissão de Acompanhamento de Benefícios Socioassistenciais e Transferência de Renda - Debate sobre o BPC com a nova Secretaria de Benefícios Assistências - SBNA e a Secretaria Nacional de Assistência Social - SNAS.</p><p>11/11/2025 - REUNIÃO DE COMISSÃO</p><p>9h às 18h</p><p>Reunião da Comissão Organizadora da 14ª Conferência Nacional de Assistência Social.</p><p>18h às 19h30</p><p>Reunião da Presidência Ampliada do CNAS.</p><p>12/11/2025 - REUNIÃO DE COMISSÕES</p><p>9h às 10h30</p><p>Reunião interna de alinhamento dos Representantes de Segmentos que compõem o CNAS.</p><p>10h30 às 18h</p><p>Reunião Ampliada da Comissão Organizadora da 14ª Conferência Nacional de Assistência Social com todos os conselheiros.</p><p>18h às 19h30</p><p>Reunião da Presidência Ampliada do CNAS.</p><p>13/11/2025 - 344ª REUNIÃO ORDINÁRIA DO CNAS</p><p>9h às 9h15</p><p>Aprovação da ata da 343ª Reunião Ordinária e da pauta da 344ª Reunião Ordinária do CNAS.</p><p>9h15 às 12h</p><p>Relato da reunião da Comissão Organizadora da 14ª Conferência Nacional de Assistência Social.</p><p>14h às 15h</p><p>Continuação do Relato da reunião da Comissão Organizadora da 14ª Conferência Nacional de Assistência Social.</p><p>15h às 16h</p><p>Relato da reunião da Comissão de Normas da Assistência Social.</p><p>16h às 17h</p><p>Relato da reunião da Presidência Ampliada</p><p>14/11/2025 - 344ª Reunião Ordinária do CNAS</p><p>9h às 11h</p><p>Relato da reunião da Comissão de Acompanhamento aos Conselhos da Assistência Social</p><p>11h às 12h</p><p>Relato da Comissão de Controle Social das Deliberações das Conferências de Assistência Social.</p><p>14h às 15h</p><p>Relato da reunião da Comissão de Acompanhamento de Benefícios Socioassistenciais e Transferência de Renda.</p><p>15h às 16h</p><p>Relato da reunião da Comissão de Financiamento e Orçamento da Assistência Social.</p><p>16h às 17h</p><p>Relato da reunião da Comissão de Política da Assistência Social.</p><p>17h às 18h</p><p>Informes da Presidência/Secretaria Executiva, CIT, SNAS/MDS, FONSEAS, CONGEMAS e Conselheiros.</p><p class="data">Brasília - DF, 31 de outubro de 2025</p><p class="assina">EDGILSON TAVARES DE ARAÚJO</p><p class="cargo">Presidente do Conselho</p>]]></Texto>
  </body>
  <Midias />
</article></xml>