﻿<xml><article id="46258677" name="DECISAO SUPAS 1547" idOficio="11382282" pubName="DO1" artType="Decisão" pubDate="04/11/2025" artClass="00050:00019:00052:00000:00000:00000:00000:00000:00000:00000:00018:00007" artCategory="Ministério dos Transportes/Agência Nacional de Transportes Terrestres/Superintendência de Serviços de Transporte Rodoviário de Passageiros" artSize="12" artNotes="" numberPage="166" pdfPage="http://pesquisa.in.gov.br/imprensa/jsp/visualiza/index.jsp?data=04/11/2025&amp;jornal=515&amp;pagina=166" editionNumber="210" highlightType="" highlightPriority="" highlight="" highlightimage="" highlightimagename="" idMateria="23280292">
  <body>
    <Identifica><![CDATA[ DECISÃO SUPAS Nº 1.547, DE 29 DE OUTUBRO DE 2025]]></Identifica>
    <Data><![CDATA[]]></Data>
    <Ementa />
    <Titulo />
    <SubTitulo />
    <Texto><![CDATA[<p class="identifica">DECISÃO SUPAS Nº 1.547, DE 29 DE OUTUBRO DE 2025</p><p>O Superintendente de Serviços de Transporte Rodoviário de Passageiros da Agência Nacional de Transportes Terrestres - ANTT, no uso de suas atribuições, em conformidade com o art. 3º e o inciso XV do art. 8º, ambos do Anexo da Resolução nº 5.818, de 3 de maio de 2018, e com o inciso IV do art. 29, e inciso VIII do art. 105, ambos da Resolução nº 5.976, de 7 de abril de 2022, e pelo o que consta no processo nº 50500.168987/2024-81, decide:</p><p>Art. 1º Deferir o pedido da VIAÇÃO OURO E PRATA S/A, CNPJ nº 92.954.106/0001-42, para modificar o Termo de Autorização - TAR nº RSSP0088018, linha FREDERICO WESTPHALEN/RS-PIRACICABA/SP, com a implantação da seção indicada no item 128, no anexo da Decisão.</p><p>Parágrafo único. A implantação de nova seção intermediária na linha implica no reinício da contagem do período mínimo de atendimento da linha.</p><p>Art. 2º Alterar o anexo da Decisão SUPAS nº 1.734, de 11 de outubro de 2024, publicada no DOU de 18 de outubro de 2024, pág. 163, que passa a vigorar conforme anexo da presente decisão.</p><p>Art. 3º Esta Decisão entra em vigor na data de sua publicação.</p><p class="assina">JULIANO DE BARROS SAMÔR</p><p class="anexo">ANEXO</p><p /><p></p><table><tr /><tr><td rowspan="1" colspan="1"><p>Ref.</p></td><td rowspan="1" colspan="1"><p>Seções</p></td></tr><tr><td rowspan="1" colspan="1"><p>1</p></td><td rowspan="1" colspan="1"><p>ABELARDO LUZ/SC-AMERICANA/SP</p></td></tr><tr><td rowspan="1" colspan="1"><p>2</p></td><td rowspan="1" colspan="1"><p>ABELARDO LUZ/SC-CAMPINAS/SP</p></td></tr><tr><td rowspan="1" colspan="1"><p>3</p></td><td rowspan="1" colspan="1"><p>ABELARDO LUZ/SC-JUNDIAI/SP</p></td></tr><tr><td rowspan="1" colspan="1"><p>4</p></td><td rowspan="1" colspan="1"><p>ABELARDO LUZ/SC-PIRACICABA/SP</p></td></tr><tr><td rowspan="1" colspan="1"><p>5</p></td><td rowspan="1" colspan="1"><p>ABELARDO LUZ/SC-REGISTRO/SP</p></td></tr><tr><td rowspan="1" colspan="1"><p>6</p></td><td rowspan="1" colspan="1"><p>ABELARDO LUZ/SC-SANTA BARBARA D'OESTE/SP</p></td></tr><tr><td rowspan="1" colspan="1"><p>7</p></td><td rowspan="1" colspan="1"><p>ABELARDO LUZ/SC-SAO PAULO/SP</p></td></tr><tr><td rowspan="1" colspan="1"><p>8</p></td><td rowspan="1" colspan="1"><p>CANOINHAS/SC-AMERICANA/SP</p></td></tr><tr><td rowspan="1" colspan="1"><p>9</p></td><td rowspan="1" colspan="1"><p>CANOINHAS/SC-CAMPINAS/SP</p></td></tr><tr><td rowspan="1" colspan="1"><p>10</p></td><td rowspan="1" colspan="1"><p>CANOINHAS/SC-EMBU DAS ARTES/SP</p></td></tr><tr><td rowspan="1" colspan="1"><p>11</p></td><td rowspan="1" colspan="1"><p>CANOINHAS/SC-JUNDIAI/SP</p></td></tr><tr><td rowspan="1" colspan="1"><p>12</p></td><td rowspan="1" colspan="1"><p>CANOINHAS/SC-PIRACICABA/SP</p></td></tr><tr><td rowspan="1" colspan="1"><p>13</p></td><td rowspan="1" colspan="1"><p>CANOINHAS/SC-REGISTRO/SP</p></td></tr><tr><td rowspan="1" colspan="1"><p>14</p></td><td rowspan="1" colspan="1"><p>CANOINHAS/SC-SANTA BARBARA D'OESTE/SP</p></td></tr><tr><td rowspan="1" colspan="1"><p>15</p></td><td rowspan="1" colspan="1"><p>CANOINHAS/SC-SAO PAULO/SP</p></td></tr><tr><td rowspan="1" colspan="1"><p>16</p></td><td rowspan="1" colspan="1"><p>CHAPECO/SC-AMERICANA/SP</p></td></tr><tr><td rowspan="1" colspan="1"><p>17</p></td><td rowspan="1" colspan="1"><p>CHAPECO/SC-CAMPINAS/SP</p></td></tr><tr><td rowspan="1" colspan="1"><p>18</p></td><td rowspan="1" colspan="1"><p>CHAPECO/SC-EMBU DAS ARTES/SP</p></td></tr><tr><td rowspan="1" colspan="1"><p>19</p></td><td rowspan="1" colspan="1"><p>CHAPECO/SC-JUNDIAI/SP</p></td></tr><tr><td rowspan="1" colspan="1"><p>20</p></td><td rowspan="1" colspan="1"><p>CHAPECO/SC-PIRACICABA/SP</p></td></tr><tr><td rowspan="1" colspan="1"><p>21</p></td><td rowspan="1" colspan="1"><p>CHAPECO/SC-REGISTRO/SP</p></td></tr><tr><td rowspan="1" colspan="1"><p>22</p></td><td rowspan="1" colspan="1"><p>CHAPECO/SC-SANTA BARBARA D'OESTE/SP</p></td></tr><tr><td rowspan="1" colspan="1"><p>23</p></td><td rowspan="1" colspan="1"><p>CHAPECO/SC-SAO PAULO/SP</p></td></tr><tr><td rowspan="1" colspan="1"><p>24</p></td><td rowspan="1" colspan="1"><p>CURITIBA/PR-ABELARDO LUZ/SC</p></td></tr><tr><td rowspan="1" colspan="1"><p>25</p></td><td rowspan="1" colspan="1"><p>CURITIBA/PR-AMERICANA/SP</p></td></tr><tr><td rowspan="1" colspan="1"><p>26</p></td><td rowspan="1" colspan="1"><p>CURITIBA/PR-CAMPINAS/SP</p></td></tr><tr><td rowspan="1" colspan="1"><p>27</p></td><td rowspan="1" colspan="1"><p>CURITIBA/PR-CANOINHAS/SC</p></td></tr><tr><td rowspan="1" colspan="1"><p>28</p></td><td rowspan="1" colspan="1"><p>CURITIBA/PR-CHAPECO/SC</p></td></tr><tr><td rowspan="1" colspan="1"><p>29</p></td><td rowspan="1" colspan="1"><p>CURITIBA/PR-EMBU DAS ARTES/SP</p></td></tr><tr><td rowspan="1" colspan="1"><p>30</p></td><td rowspan="1" colspan="1"><p>CURITIBA/PR-FREDERICO WESTPHALEN/RS</p></td></tr><tr><td rowspan="1" colspan="1"><p>31</p></td><td rowspan="1" colspan="1"><p>CURITIBA/PR-IRAI/RS</p></td></tr><tr><td rowspan="1" colspan="1"><p>32</p></td><td rowspan="1" colspan="1"><p>CURITIBA/PR-JUNDIAI/SP</p></td></tr><tr><td rowspan="1" colspan="1"><p>33</p></td><td rowspan="1" colspan="1"><p>CURITIBA/PR-MAFRA/SC</p></td></tr><tr><td rowspan="1" colspan="1"><p>34</p></td><td rowspan="1" colspan="1"><p>CURITIBA/PR-PALMITOS/SC</p></td></tr><tr><td rowspan="1" colspan="1"><p>35</p></td><td rowspan="1" colspan="1"><p>CURITIBA/PR-PIRACICABA/SP</p></td></tr><tr><td rowspan="1" colspan="1"><p>36</p></td><td rowspan="1" colspan="1"><p>CURITIBA/PR-PORTO UNIAO/SC</p></td></tr><tr><td rowspan="1" colspan="1"><p>37</p></td><td rowspan="1" colspan="1"><p>CURITIBA/PR-SANTA BARBARA D'OESTE/SP</p></td></tr><tr><td rowspan="1" colspan="1"><p>38</p></td><td rowspan="1" colspan="1"><p>CURITIBA/PR-SAO PAULO/SP</p></td></tr><tr><td rowspan="1" colspan="1"><p>39</p></td><td rowspan="1" colspan="1"><p>CURITIBA/PR-XANXERE/SC</p></td></tr><tr><td rowspan="1" colspan="1"><p>40</p></td><td rowspan="1" colspan="1"><p>CURITIBA/PR-XAXIM/SC</p></td></tr><tr><td rowspan="1" colspan="1"><p>41</p></td><td rowspan="1" colspan="1"><p>FREDERICO WESTPHALEN/RS-ABELARDO LUZ/SC</p></td></tr><tr><td rowspan="1" colspan="1"><p>42</p></td><td rowspan="1" colspan="1"><p>FREDERICO WESTPHALEN/RS-AMERICANA/SP</p></td></tr><tr><td rowspan="1" colspan="1"><p>43</p></td><td rowspan="1" colspan="1"><p>FREDERICO WESTPHALEN/RS-CAMPINAS/SP</p></td></tr><tr><td rowspan="1" colspan="1"><p>44</p></td><td rowspan="1" colspan="1"><p>FREDERICO WESTPHALEN/RS-CANOINHAS/SC</p></td></tr><tr><td rowspan="1" colspan="1"><p>45</p></td><td rowspan="1" colspan="1"><p>FREDERICO WESTPHALEN/RS-CHAPECO/SC</p></td></tr><tr><td rowspan="1" colspan="1"><p>46</p></td><td rowspan="1" colspan="1"><p>FREDERICO WESTPHALEN/RS-EMBU DAS ARTES/SP</p></td></tr><tr><td rowspan="1" colspan="1"><p>47</p></td><td rowspan="1" colspan="1"><p>FREDERICO WESTPHALEN/RS-JUNDIAI/SP</p></td></tr><tr><td rowspan="1" colspan="1"><p>48</p></td><td rowspan="1" colspan="1"><p>FREDERICO WESTPHALEN/RS-MAFRA/SC</p></td></tr><tr><td rowspan="1" colspan="1"><p>49</p></td><td rowspan="1" colspan="1"><p>FREDERICO WESTPHALEN/RS-PALMITOS/SC</p></td></tr><tr><td rowspan="1" colspan="1"><p>50</p></td><td rowspan="1" colspan="1"><p>FREDERICO WESTPHALEN/RS-PIRACICABA/SP</p></td></tr><tr><td rowspan="1" colspan="1"><p>51</p></td><td rowspan="1" colspan="1"><p>FREDERICO WESTPHALEN/RS-PORTO UNIAO/SC</p></td></tr><tr><td rowspan="1" colspan="1"><p>52</p></td><td rowspan="1" colspan="1"><p>FREDERICO WESTPHALEN/RS-REGISTRO/SP</p></td></tr><tr><td rowspan="1" colspan="1"><p>53</p></td><td rowspan="1" colspan="1"><p>FREDERICO WESTPHALEN/RS-SANTA BARBARA D'OESTE/SP</p></td></tr><tr><td rowspan="1" colspan="1"><p>54</p></td><td rowspan="1" colspan="1"><p>FREDERICO WESTPHALEN/RS-SAO PAULO/SP</p></td></tr><tr><td rowspan="1" colspan="1"><p>55</p></td><td rowspan="1" colspan="1"><p>FREDERICO WESTPHALEN/RS-XANXERE/SC</p></td></tr><tr><td rowspan="1" colspan="1"><p>56</p></td><td rowspan="1" colspan="1"><p>FREDERICO WESTPHALEN/RS-XAXIM/SC</p></td></tr><tr><td rowspan="1" colspan="1"><p>57</p></td><td rowspan="1" colspan="1"><p>IRAI/RS-ABELARDO LUZ/SC</p></td></tr><tr><td rowspan="1" colspan="1"><p>58</p></td><td rowspan="1" colspan="1"><p>IRAI/RS-AMERICANA/SP</p></td></tr><tr><td rowspan="1" colspan="1"><p>59</p></td><td rowspan="1" colspan="1"><p>IRAI/RS-CAMPINAS/SP</p></td></tr><tr><td rowspan="1" colspan="1"><p>60</p></td><td rowspan="1" colspan="1"><p>IRAI/RS-CANOINHAS/SC</p></td></tr><tr><td rowspan="1" colspan="1"><p>61</p></td><td rowspan="1" colspan="1"><p>IRAI/RS-CHAPECO/SC</p></td></tr><tr><td rowspan="1" colspan="1"><p>62</p></td><td rowspan="1" colspan="1"><p>IRAI/RS-EMBU DAS ARTES/SP</p></td></tr><tr><td rowspan="1" colspan="1"><p>63</p></td><td rowspan="1" colspan="1"><p>IRAI/RS-JUNDIAI/SP</p></td></tr><tr><td rowspan="1" colspan="1"><p>64</p></td><td rowspan="1" colspan="1"><p>IRAI/RS-MAFRA/SC</p></td></tr><tr><td rowspan="1" colspan="1"><p>65</p></td><td rowspan="1" colspan="1"><p>IRAI/RS-PALMITOS/SC</p></td></tr><tr><td rowspan="1" colspan="1"><p>66</p></td><td rowspan="1" colspan="1"><p>IRAI/RS-PIRACICABA/SP</p></td></tr><tr><td rowspan="1" colspan="1"><p>67</p></td><td rowspan="1" colspan="1"><p>IRAI/RS-PORTO UNIAO/SC</p></td></tr><tr><td rowspan="1" colspan="1"><p>68</p></td><td rowspan="1" colspan="1"><p>IRAI/RS-REGISTRO/SP</p></td></tr><tr><td rowspan="1" colspan="1"><p>69</p></td><td rowspan="1" colspan="1"><p>IRAI/RS-SANTA BARBARA D'OESTE/SP</p></td></tr><tr><td rowspan="1" colspan="1"><p>70</p></td><td rowspan="1" colspan="1"><p>IRAI/RS-SAO PAULO/SP</p></td></tr><tr><td rowspan="1" colspan="1"><p>71</p></td><td rowspan="1" colspan="1"><p>IRAI/RS-XANXERE/SC</p></td></tr><tr><td rowspan="1" colspan="1"><p>72</p></td><td rowspan="1" colspan="1"><p>IRAI/RS-XAXIM/SC</p></td></tr><tr><td rowspan="1" colspan="1"><p>73</p></td><td rowspan="1" colspan="1"><p>MAFRA/SC-AMERICANA/SP</p></td></tr><tr><td rowspan="1" colspan="1"><p>74</p></td><td rowspan="1" colspan="1"><p>MAFRA/SC-CAMPINAS/SP</p></td></tr><tr><td rowspan="1" colspan="1"><p>75</p></td><td rowspan="1" colspan="1"><p>MAFRA/SC-EMBU DAS ARTES/SP</p></td></tr><tr><td rowspan="1" colspan="1"><p>76</p></td><td rowspan="1" colspan="1"><p>MAFRA/SC-JUNDIAI/SP</p></td></tr><tr><td rowspan="1" colspan="1"><p>77</p></td><td rowspan="1" colspan="1"><p>MAFRA/SC-PIRACICABA/SP</p></td></tr><tr><td rowspan="1" colspan="1"><p>78</p></td><td rowspan="1" colspan="1"><p>MAFRA/SC-REGISTRO/SP</p></td></tr><tr><td rowspan="1" colspan="1"><p>79</p></td><td rowspan="1" colspan="1"><p>MAFRA/SC-SANTA BARBARA D'OESTE/SP</p></td></tr><tr><td rowspan="1" colspan="1"><p>80</p></td><td rowspan="1" colspan="1"><p>MAFRA/SC-SAO PAULO/SP</p></td></tr><tr><td rowspan="1" colspan="1"><p>81</p></td><td rowspan="1" colspan="1"><p>PALMAS/PR-ABELARDO LUZ/SC</p></td></tr><tr><td rowspan="1" colspan="1"><p>82</p></td><td rowspan="1" colspan="1"><p>PALMAS/PR-AMERICANA/SP</p></td></tr><tr><td rowspan="1" colspan="1"><p>83</p></td><td rowspan="1" colspan="1"><p>PALMAS/PR-CAMPINAS/SP</p></td></tr><tr><td rowspan="1" colspan="1"><p>84</p></td><td rowspan="1" colspan="1"><p>PALMAS/PR-CHAPECO/SC</p></td></tr><tr><td rowspan="1" colspan="1"><p>85</p></td><td rowspan="1" colspan="1"><p>PALMAS/PR-EMBU DAS ARTES/SP</p></td></tr><tr><td rowspan="1" colspan="1"><p>86</p></td><td rowspan="1" colspan="1"><p>PALMAS/PR-FREDERICO WESTPHALEN/RS</p></td></tr><tr><td rowspan="1" colspan="1"><p>87</p></td><td rowspan="1" colspan="1"><p>PALMAS/PR-IRAI/RS</p></td></tr><tr><td rowspan="1" colspan="1"><p>88</p></td><td rowspan="1" colspan="1"><p>PALMAS/PR-JUNDIAI/SP</p></td></tr><tr><td rowspan="1" colspan="1"><p>89</p></td><td rowspan="1" colspan="1"><p>PALMAS/PR-PALMITOS/SC</p></td></tr><tr><td rowspan="1" colspan="1"><p>90</p></td><td rowspan="1" colspan="1"><p>PALMAS/PR-PIRACICABA/SP</p></td></tr><tr><td rowspan="1" colspan="1"><p>91</p></td><td rowspan="1" colspan="1"><p>PALMAS/PR-REGISTRO/SP</p></td></tr><tr><td rowspan="1" colspan="1"><p>92</p></td><td rowspan="1" colspan="1"><p>PALMAS/PR-SANTA BARBARA D'OESTE/SP</p></td></tr><tr><td rowspan="1" colspan="1"><p>93</p></td><td rowspan="1" colspan="1"><p>PALMAS/PR-SAO PAULO/SP</p></td></tr><tr><td rowspan="1" colspan="1"><p>94</p></td><td rowspan="1" colspan="1"><p>PALMAS/PR-XANXERE/SC</p></td></tr><tr><td rowspan="1" colspan="1"><p>95</p></td><td rowspan="1" colspan="1"><p>PALMAS/PR-XAXIM/SC</p></td></tr><tr><td rowspan="1" colspan="1"><p>96</p></td><td rowspan="1" colspan="1"><p>PALMITOS/SC-AMERICANA/SP</p></td></tr><tr><td rowspan="1" colspan="1"><p>97</p></td><td rowspan="1" colspan="1"><p>PALMITOS/SC-CAMPINAS/SP</p></td></tr><tr><td rowspan="1" colspan="1"><p>98</p></td><td rowspan="1" colspan="1"><p>PALMITOS/SC-EMBU DAS ARTES/SP</p></td></tr><tr><td rowspan="1" colspan="1"><p>99</p></td><td rowspan="1" colspan="1"><p>PALMITOS/SC-JUNDIAI/SP</p></td></tr><tr><td rowspan="1" colspan="1"><p>100</p></td><td rowspan="1" colspan="1"><p>PALMITOS/SC-PIRACICABA/SP</p></td></tr><tr><td rowspan="1" colspan="1"><p>101</p></td><td rowspan="1" colspan="1"><p>PALMITOS/SC-REGISTRO/SP</p></td></tr><tr><td rowspan="1" colspan="1"><p>102</p></td><td rowspan="1" colspan="1"><p>PALMITOS/SC-SANTA BARBARA D'OESTE/SP</p></td></tr><tr><td rowspan="1" colspan="1"><p>103</p></td><td rowspan="1" colspan="1"><p>PALMITOS/SC-SAO PAULO/SP</p></td></tr><tr><td rowspan="1" colspan="1"><p>104</p></td><td rowspan="1" colspan="1"><p>PORTO UNIAO/SC-AMERICANA/SP</p></td></tr><tr><td rowspan="1" colspan="1"><p>105</p></td><td rowspan="1" colspan="1"><p>PORTO UNIAO/SC-CAMPINAS/SP</p></td></tr><tr><td rowspan="1" colspan="1"><p>106</p></td><td rowspan="1" colspan="1"><p>PORTO UNIAO/SC-EMBU DAS ARTES/SP</p></td></tr><tr><td rowspan="1" colspan="1"><p>107</p></td><td rowspan="1" colspan="1"><p>PORTO UNIAO/SC-JUNDIAI/SP</p></td></tr><tr><td rowspan="1" colspan="1"><p>108</p></td><td rowspan="1" colspan="1"><p>PORTO UNIAO/SC-PIRACICABA/SP</p></td></tr><tr><td rowspan="1" colspan="1"><p>109</p></td><td rowspan="1" colspan="1"><p>PORTO UNIAO/SC-REGISTRO/SP</p></td></tr><tr><td rowspan="1" colspan="1"><p>110</p></td><td rowspan="1" colspan="1"><p>PORTO UNIAO/SC-SANTA BARBARA D'OESTE/SP</p></td></tr><tr><td rowspan="1" colspan="1"><p>111</p></td><td rowspan="1" colspan="1"><p>PORTO UNIAO/SC-SAO PAULO/SP</p></td></tr><tr><td rowspan="1" colspan="1"><p>112</p></td><td rowspan="1" colspan="1"><p>XANXERE/SC-AMERICANA/SP</p></td></tr><tr><td rowspan="1" colspan="1"><p>113</p></td><td rowspan="1" colspan="1"><p>XANXERE/SC-CAMPINAS/SP</p></td></tr><tr><td rowspan="1" colspan="1"><p>114</p></td><td rowspan="1" colspan="1"><p>XANXERE/SC-EMBU DAS ARTES/SP</p></td></tr><tr><td rowspan="1" colspan="1"><p>115</p></td><td rowspan="1" colspan="1"><p>XANXERE/SC-JUNDIAI/SP</p></td></tr><tr><td rowspan="1" colspan="1"><p>116</p></td><td rowspan="1" colspan="1"><p>XANXERE/SC-PIRACICABA/SP</p></td></tr><tr><td rowspan="1" colspan="1"><p>117</p></td><td rowspan="1" colspan="1"><p>XANXERE/SC-REGISTRO/SP</p></td></tr><tr><td rowspan="1" colspan="1"><p>118</p></td><td rowspan="1" colspan="1"><p>XANXERE/SC-SANTA BARBARA D'OESTE/SP</p></td></tr><tr><td rowspan="1" colspan="1"><p>119</p></td><td rowspan="1" colspan="1"><p>XANXERE/SC-SAO PAULO/SP</p></td></tr><tr><td rowspan="1" colspan="1"><p>120</p></td><td rowspan="1" colspan="1"><p>XAXIM/SC-AMERICANA/SP</p></td></tr><tr><td rowspan="1" colspan="1"><p>121</p></td><td rowspan="1" colspan="1"><p>XAXIM/SC-CAMPINAS/SP</p></td></tr><tr><td rowspan="1" colspan="1"><p>122</p></td><td rowspan="1" colspan="1"><p>XAXIM/SC-EMBU DAS ARTES/SP</p></td></tr><tr><td rowspan="1" colspan="1"><p>123</p></td><td rowspan="1" colspan="1"><p>XAXIM/SC-JUNDIAI/SP</p></td></tr><tr><td rowspan="1" colspan="1"><p>124</p></td><td rowspan="1" colspan="1"><p>XAXIM/SC-PIRACICABA/SP</p></td></tr><tr><td rowspan="1" colspan="1"><p>125</p></td><td rowspan="1" colspan="1"><p>XAXIM/SC-REGISTRO/SP</p></td></tr><tr><td rowspan="1" colspan="1"><p>126</p></td><td rowspan="1" colspan="1"><p>XAXIM/SC-SANTA BARBARA D'OESTE/SP</p></td></tr><tr><td rowspan="1" colspan="1"><p>127</p></td><td rowspan="1" colspan="1"><p>XAXIM/SC-SAO PAULO/SP</p></td></tr><tr><td rowspan="1" colspan="1"><p>128</p></td><td rowspan="1" colspan="1"><p>ABELARDO LUZ/SC-EMBU DAS ARTES/SP</p></td></tr></table>]]></Texto>
  </body>
  <Midias />
</article></xml>