﻿<xml><article id="46258923" name="RESOLUCAO BCB 518" idOficio="11381928" pubName="DO1" artType="Resolução" pubDate="04/11/2025" artClass="00052:00010:00000:00000:00000:00000:00000:00000:00000:00000:00064:00000" artCategory="Banco Central do Brasil/Área de Regulação" artSize="12" artNotes="" numberPage="168" pdfPage="http://pesquisa.in.gov.br/imprensa/jsp/visualiza/index.jsp?data=04/11/2025&amp;jornal=515&amp;pagina=168" editionNumber="210" highlightType="" highlightPriority="" highlight="" highlightimage="" highlightimagename="" idMateria="23279924">
  <body>
    <Identifica><![CDATA[ RESOLUÇÃO BCB Nº 518, DE 3 DE NOVEMBRO DE 2025]]></Identifica>
    <Data><![CDATA[]]></Data>
    <Ementa><![CDATA[ Altera a Resolução BCB nº 96, de 19 de maio de 2021, que dispõe sobre a abertura, a manutenção e o encerramento de contas de pagamento.]]></Ementa>
    <Titulo />
    <SubTitulo />
    <Texto><![CDATA[<p class="identifica">RESOLUÇÃO BCB Nº 518, DE 3 DE NOVEMBRO DE 2025</p><p class="ementa">Altera a Resolução BCB nº 96, de 19 de maio de 2021, que dispõe sobre a abertura, a manutenção e o encerramento de contas de pagamento.</p><p>A Diretoria Colegiada do Banco Central do Brasil, em sessão realizada em 29 de outubro de 2025, com base nos arts. 6º, § 1º, 9º, caput, inciso II, e 15 da Lei nº 12.865, de 9 de outubro de 2013, e tendo em vista o disposto no art. 13 da Resolução nº 4.282, de 4 de novembro de 2013, resolve:</p><p>Art. 1º A Resolução BCB nº 96, de 19 de maio de 2021, publicada no Diário Oficial da União de 21 de maio de 2021, passa a vigorar com as seguintes alterações:</p><p>"Art. 13. As instituições devem encerrar a conta de pagamento em relação a qual verifiquem:</p><p>I - irregularidades nas informações prestadas pelo titular, consideradas de natureza grave; ou</p><p>II - prestação de serviços por parte do cliente titular que configurem serviços financeiros ou de pagamentos no âmbito do Sistema Financeiro Nacional ou do Sistema de Pagamentos Brasileiro, sem a devida previsão legal ou não aderentes à regulamentação vigente do Conselho Monetário Nacional ou do Banco Central do Brasil.</p><p>§ 1º São consideradas como irregularidades de natureza grave, entre outras, as situações de inscrição no Cadastro de Pessoas Físicas - CPF ou no Cadastro Nacional da Pessoa Jurídica - CNPJ definidas em instrução normativa da Receita Federal do Brasil como:</p><p>.......................................................................................</p><p>§ 2º Configura a hipótese do inciso II do caput, de forma não exaustiva, a utilização, pelo cliente titular, dos recursos mantidos em contas de pagamento para pagamentos, recebimentos ou compensação de obrigações em nome de terceiros, que possa permitir a ocultação ou a substituição de obrigações financeiras desses terceiros e inviabilizar sua identificação.</p><p>§ 3º A instituição deve utilizar critérios próprios para identificar o disposto no inciso II do caput, valendo-se inclusive de informações constantes em bases de dados públicas ou privadas.</p><p>§ 4º Os critérios de que trata o § 3º devem ser documentados e aprovados pela diretoria da instituição.</p><p>§ 5º As instituições devem manter à disposição do Banco Central do Brasil, por no mínimo dez anos, a documentação dos critérios referida no § 4º, bem como documentação relacionada ao encerramento das contas de pagamento encerradas sob as hipóteses de que trata este artigo." (NR)</p><p>Art. 2º Esta Resolução entra em vigor em 1º de dezembro de 2025.</p><p class="assina">GILNEU FRANCISCO ASTOLFI VIVAN</p><p class="cargo">Diretor de Regulação</p>]]></Texto>
  </body>
  <Midias />
</article></xml>