﻿<xml><article id="46239631" name="PT 711-25" idOficio="11379539" pubName="DO1" artType="Portaria" pubDate="03/11/2025" artClass="00019:00037:00000:00000:00000:00000:00000:00000:00000:00000:00054:00000" artCategory="Ministério do Desenvolvimento, Indústria, Comércio e Serviços/Instituto Nacional de Metrologia, Qualidade e Tecnologia" artSize="12" artNotes="ok" numberPage="37" pdfPage="http://pesquisa.in.gov.br/imprensa/jsp/visualiza/index.jsp?data=03/11/2025&amp;jornal=515&amp;pagina=37" editionNumber="209" highlightType="" highlightPriority="" highlight="" highlightimage="" highlightimagename="" idMateria="23276920">
  <body>
    <Identifica><![CDATA[ PORTARIA Nº 711, DE 29 DE OUTUBRO DE 2025]]></Identifica>
    <Data><![CDATA[]]></Data>
    <Ementa />
    <Titulo />
    <SubTitulo />
    <Texto><![CDATA[<p class="identifica">PORTARIA Nº 711, DE 29 DE OUTUBRO DE 2025</p><p>O PRESIDENTE DO INSTITUTO NACIONAL DE METROLOGIA, QUALIDADE E TECNOLOGIA - INMETRO, no exercício da competência que lhe foi outorgada pelo artigo 4º, § 2º, da Lei n.º 5.966, de 11 de dezembro de 1973, combinado com o disposto nos artigos 18, inciso XI, do Anexo I ao Decreto n.º 11.221, de 05 de outubro de 2022, bem como a Lei n.º 9.784, de 29 de janeiro de 1999 e a Portaria Inmetro n.º 436, de 02 de outubro de 2023;</p><p>De acordo com o Regulamento Técnico Metrológico aprovado pela Portaria Inmetro n.º 155/2022; e</p><p>Considerando os elementos constantes do Processo Inmetro n.º 0052600.005253/2025-71, resolve:</p><p>Incluir o modelo SS - 40 na Portaria n.º 653, de 31 de outubro de 2024, que aprova a Família SAGASONIC de medidores eletrônicos de volume de água, ultrassônicos, classe de exatidão 2, marca SAGA, de acordo com as condições especificadas, disponível no sítio do Inmetro: http://www.inmetro.gov.br/pam/.</p><p class="assina">MARCIO ANDRE OLIVEIRA BRITO</p>]]></Texto>
  </body>
  <Midias />
</article></xml>