﻿<xml><article id="46242370" name="Retificacao_Portaria MDA nA 49" idOficio="11379631" pubName="DO1" artType="Retificação" pubDate="03/11/2025" artClass="00017:00001:00000:00000:00000:00000:00000:00000:00000:00000:00066:00000" artCategory="Ministério do Desenvolvimento Agrário e Agricultura Familiar/Gabinete do Ministro" artSize="12" artNotes="" numberPage="34" pdfPage="http://pesquisa.in.gov.br/imprensa/jsp/visualiza/index.jsp?data=03/11/2025&amp;jornal=515&amp;pagina=34" editionNumber="209" highlightType="" highlightPriority="" highlight="" highlightimage="" highlightimagename="" idMateria="23277250">
  <body>
    <Identifica><![CDATA[ RETIFICAÇÃO]]></Identifica>
    <Data><![CDATA[]]></Data>
    <Ementa />
    <Titulo />
    <SubTitulo />
    <Texto><![CDATA[<p class="identifica">RETIFICAÇÃO</p><p>No Anexo (Ações Orçamentárias Sugeridas) da Portaria MDA nº 49, de 30 de setembro de 2025, publicada no Diário Oficial da União de 30 de setembro de 2025, Edição 186-A, Seção 1-Extra A, Página 21,</p><img name="1_MDA_3_001" /><img name="1_MDA_3_002" /><img name="1_MDA_3_003" />]]></Texto>
  </body>
  <Midias>
    <Midia></Midia>
    <Midia></Midia>
    <Midia></Midia>
  </Midias>
</article></xml>