﻿<xml><article id="46262730" name="Decisao Administrativa de Segund" idOficio="11381603" pubName="DO1" artType="Decisão" pubDate="04/11/2025" artClass="00050:00020:00104:00000:00000:00000:00000:00000:00000:00000:00018:00000" artCategory="Ministério dos Transportes/Departamento Nacional de Infraestrutura de Transportes/Superintendência Regional no Rio Grande do Norte" artSize="12" artNotes="" numberPage="167" pdfPage="http://pesquisa.in.gov.br/imprensa/jsp/visualiza/index.jsp?data=04/11/2025&amp;jornal=515&amp;pagina=167" editionNumber="210" highlightType="" highlightPriority="" highlight="" highlightimage="" highlightimagename="" idMateria="23279563">
  <body>
    <Identifica><![CDATA[ DECISÃO DE 7 DE OUTUBRO DE 2025]]></Identifica>
    <Data><![CDATA[]]></Data>
    <Ementa />
    <Titulo />
    <SubTitulo />
    <Texto><![CDATA[<p class="identifica">DECISÃO DE 7 DE OUTUBRO DE 2025</p><p>O Superintendente Regional da Superintendência Regional do Departamento Nacional de Infraestrutura de Transportes no Rio Grande do Norte, no uso das atribuições que lhes são conferidas pelo art. 37, inciso I da Instrução Normativa n.º 6/2019, de 24 de maio de 2019, publicada no DOU n.º 101 de 28/5/2019, Seção 1, Pág. 27/30 e alterações, e com fulcro no art. 33 desta mesma Instrução Normativa, conforme Decisão Administrativa de Segunda Instância 22556674, no Processo Administrativo de Apuração de Responsabilidade n.° 50614.001943/2022-23, decidiu conhecer do Recurso Administrativo interposto pela empresa CONSTRUTORA NORTE BRASIL LTDA - CNPJ n.º 31.596.625/0001-91, posto que foram preenchidos os pressupostos de legitimidade, interesse processual e tempestividade, no que concerne aos fatos decorrentes do Contrato SR/RN n.º 688/2021, e também não subsistiriam as análises de mérito, caso tivesse sido ultrapassadas as preliminares/prejudiciais citadas, razão pela qual deu provimento, para reformar parcialmente a decisão de 1.º grau, para reduzir a penalidade de MULTA para o valor de R$ 277.611,44 (data-base de abril/2021, a ser corrigida), e substituir a penalidade de impedimento de licitar e contratar pela penalidade de advertência.</p><p class="assina">GETULIO BATISTA DA SILVA NETO</p>]]></Texto>
  </body>
  <Midias />
</article></xml>