﻿<xml><article id="46240600" name="Retificacao_Portaria MDA nA 55" idOficio="11379652" pubName="DO1" artType="Retificação" pubDate="03/11/2025" artClass="00017:00001:00000:00000:00000:00000:00000:00000:00000:00000:00066:00000" artCategory="Ministério do Desenvolvimento Agrário e Agricultura Familiar/Gabinete do Ministro" artSize="12" artNotes="" numberPage="34" pdfPage="http://pesquisa.in.gov.br/imprensa/jsp/visualiza/index.jsp?data=03/11/2025&amp;jornal=515&amp;pagina=34" editionNumber="209" highlightType="" highlightPriority="" highlight="" highlightimage="" highlightimagename="" idMateria="23277272">
  <body>
    <Identifica><![CDATA[ RETIFICAÇÃO]]></Identifica>
    <Data><![CDATA[]]></Data>
    <Ementa />
    <Titulo />
    <SubTitulo />
    <Texto><![CDATA[<p class="identifica">RETIFICAÇÃO</p><p>Na Portaria MDA nº 55, de 22 de outubro de 2025, publicada no Diário Oficial da União de 23 de outubro de 2025, Seção 1, página 47, onde se lê: "Art. 7º A Secretaria de Abastecimento, Cooperativismo e Soberania Alimentar (SEAB) coordenará as atividades e atuará como secretaria-executiva do Grupo de Trabalho, com apoio da Secretaria de Agricultura Familiar e Agroecologia (SAF), cabendo também às referidas Secretarias prestar o apoio administrativo necessário para seu funcionamento. ", leia-se: "Art. 7º A Secretaria de Agricultura Familiar e Agroecologia (SAF) coordenará as atividades e atuará como secretaria-executiva do Grupo de Trabalho, com apoio da Secretaria de Abastecimento, Cooperativismo e Soberania Alimentar (SEAB), cabendo também às referidas Secretarias prestar o apoio administrativo necessário para seu funcionamento.".</p>]]></Texto>
  </body>
  <Midias />
</article></xml>