﻿<xml><article id="46247850" name="3110_MSG_PR_1620_A_1621_S1_OK" idOficio="11379843" pubName="DO1" artType="Mensagem" pubDate="03/11/2025" artClass="00006:00002:00000:00000:00000:00000:00000:00000:00000:00000:00045:00000" artCategory="Presidência da República/Despachos do Presidente da República" artSize="12" artNotes="" numberPage="24" pdfPage="http://pesquisa.in.gov.br/imprensa/jsp/visualiza/index.jsp?data=03/11/2025&amp;jornal=515&amp;pagina=24" editionNumber="209" highlightType="" highlightPriority="" highlight="" highlightimage="" highlightimagename="" idMateria="23277633">
  <body>
    <Identifica><![CDATA[ DESPACHOS DO PRESIDENTE DA REPÚBLICA]]></Identifica>
    <Data><![CDATA[]]></Data>
    <Ementa />
    <Titulo />
    <SubTitulo />
    <Texto><![CDATA[<p class="identifica">DESPACHOS DO PRESIDENTE DA REPÚBLICA</p><p>MENSAGEM</p><p>Nº 1.620, de 31 de outubro de 2025.</p><p>Senhor Presidente do Senado Federal,</p><p>Comunico a Vossa Excelência que, nos termos previstos no § 1º do art. 66 da Constituição, decidi vetar parcialmente, por contrariedade ao interesse público, o Projeto de Lei Complementar nº 235, de 2019, que "Institui o Sistema Nacional de Educação (SNE) e fixa normas para a cooperação entre a União, os Estados, o Distrito Federal e os Municípios para elaboração e implementação de políticas, de programas e de ações educacionais, em regime de colaboração.".</p><p>Ouvido, o Ministério da Educação manifestou-se pelo veto ao seguinte dispositivo do Projeto de Lei Complementar:</p><p> <u>Art. 18 do Projeto de Lei Complementar</u> </p><p>"Art. 18. Os fóruns de educação são compostos de forma a assegurar participação paritária do poder público e da sociedade civil, contemplada a pluralidade na sua composição, com a representação, entre outros, de gestores, de docentes, de servidores, de estudantes e de pais ou responsáveis de estabelecimentos de ensino públicos, particulares, comunitários, confessionais e filantrópicos e de entidades do terceiro setor direcionadas à área da educação."</p><p> <u>Razões do veto</u> </p><p>"A proposição legislativa contraria o interesse público ao conferir rigidez à estrutura dos fóruns de educação em todos os entes federativos, o que pode dificultar a sua instalação, prejudicar o seu funcionamento e comprometer o exercício efetivo de suas atribuições."</p><p>Essas, Senhor Presidente, são as razões que me conduziram a vetar o dispositivo mencionado do Projeto de Lei Complementar em causa, as quais submeto à elevada apreciação dos Senhores Membros do Congresso Nacional.</p><p>Nº 1.621, de 31 de outubro de 2025. Restituição ao Congresso Nacional de autógrafo do projeto de lei que, sancionado, se transforma na Lei nº 15.247, de 31 de outubro de 2025.</p>]]></Texto>
  </body>
  <Midias />
</article></xml>