﻿<xml><article id="46258956" name="DECISAO SUPAS 1542" idOficio="11382282" pubName="DO1" artType="Decisão" pubDate="04/11/2025" artClass="00050:00019:00052:00000:00000:00000:00000:00000:00000:00000:00018:00003" artCategory="Ministério dos Transportes/Agência Nacional de Transportes Terrestres/Superintendência de Serviços de Transporte Rodoviário de Passageiros" artSize="12" artNotes="" numberPage="165" pdfPage="http://pesquisa.in.gov.br/imprensa/jsp/visualiza/index.jsp?data=04/11/2025&amp;jornal=515&amp;pagina=165" editionNumber="210" highlightType="" highlightPriority="" highlight="" highlightimage="" highlightimagename="" idMateria="23280288">
  <body>
    <Identifica><![CDATA[ DECISÃO SUPAS Nº 1.542, DE 28 DE OUTUBRO DE 2025]]></Identifica>
    <Data><![CDATA[]]></Data>
    <Ementa />
    <Titulo />
    <SubTitulo />
    <Texto><![CDATA[<p class="identifica">DECISÃO SUPAS Nº 1.542, DE 28 DE OUTUBRO DE 2025</p><p>O Superintendente de Serviços de Transporte Rodoviário de Passageiros da Agência Nacional de Transportes Terrestres - ANTT, no uso de suas atribuições, em conformidade com o art. 3º e o inciso XII do art. 8º, ambos do Anexo da Resolução nº 5.818, de 3 de maio de 2018, e considerando o que consta no processo nº 50500.055174/2025-11, decide:</p><p>Art. 1º Autorizar as empresas relacionadas no Anexo desta Decisão para a prestação do serviço de transporte rodoviário coletivo interestadual e internacional de passageiros realizado em regime de fretamento.</p><p>Art. 2º As autorizatárias deverão observar as condições previstas na Resolução ANTT nº 4.777, de 6 de julho de 2015, e demais normativos relacionados à prestação dos serviços de transporte rodoviário coletivo interestadual e internacional de passageiros realizado em regime de fretamento.</p><p>Art. 3º A não observância do art. 9º da Resolução ANTT nº 4.777, de 2015, implica renúncia da autorização delegada pela ANTT.</p><p>Art. 4º Será declarada a nulidade do Termo de Autorização, quando verificada a ilegalidade do ato, impedindo os efeitos jurídicos que ordinariamente deveriam produzir, além de desconstituir os já produzidos, respeitados o princípio da ampla defesa e do contraditório.</p><p>Art. 5º A autorização poderá ser extinta mediante cassação, em caso de perda das condições indispensáveis ao cumprimento do objeto da autorização ou infração grave, apuradas em processo regular instaurado conforme disposto em resolução.</p><p>Art. 6º A não observância do disposto nesta Decisão implicará a aplicação das sanções previstas em resolução específica.</p><p>Art. 7º Será disponibilizado às autorizatárias o acesso ao sistema para a emissão das licenças de viagem a partir da data de publicação desta Decisão.</p><p>Art. 8º Esta Decisão entra em vigor na data de sua publicação.</p><p class="assina">JULIANO DE BARROS SAMÔR</p><p class="anexo">ANEXO</p><p /><p></p><table><tr /><tr><td rowspan="1" colspan="1"><p>RAZÃO SOCIAL</p></td><td rowspan="1" colspan="1"><p>TAF</p></td><td rowspan="1" colspan="1"><p>CNPJ</p></td></tr><tr><td rowspan="1" colspan="1"><p>ANIBAL TRANSPORTE E TURISMO LTDA</p></td><td rowspan="1" colspan="1"><p>005437</p></td><td rowspan="1" colspan="1"><p>42.570.560/0001-21</p></td></tr><tr><td rowspan="1" colspan="1"><p>CLASSE A LTDA</p></td><td rowspan="1" colspan="1"><p>010739</p></td><td rowspan="1" colspan="1"><p>63.161.465/0001-44</p></td></tr><tr><td rowspan="1" colspan="1"><p>EK TURISMO E TRANSPORTES LTDA</p></td><td rowspan="1" colspan="1"><p>010740</p></td><td rowspan="1" colspan="1"><p>59.442.422/0001-60</p></td></tr><tr><td rowspan="1" colspan="1"><p>ELLEN CASTRO TRANSPORTE E TURISMO LTDA</p></td><td rowspan="1" colspan="1"><p>010741</p></td><td rowspan="1" colspan="1"><p>25.202.124/0001-80</p></td></tr><tr><td rowspan="1" colspan="1"><p>EVOLUTION EXECUTIVE LOCADORA DE VEICULOS LTDA</p></td><td rowspan="1" colspan="1"><p>010742</p></td><td rowspan="1" colspan="1"><p>55.405.578/0001-10</p></td></tr><tr><td rowspan="1" colspan="1"><p>EVR ENGENHARIA E TRANSPORTES LTDA</p></td><td rowspan="1" colspan="1"><p>010743</p></td><td rowspan="1" colspan="1"><p>58.686.336/0001-30</p></td></tr><tr><td rowspan="1" colspan="1"><p>JAKATOUR AGENCIA DE VIAGENS E TURISMO LTDA</p></td><td rowspan="1" colspan="1"><p>010744</p></td><td rowspan="1" colspan="1"><p>61.282.397/0001-46</p></td></tr><tr><td rowspan="1" colspan="1"><p>JOAO CORREA TRANSPORTES LTDA</p></td><td rowspan="1" colspan="1"><p>010745</p></td><td rowspan="1" colspan="1"><p>31.032.073/0001-99</p></td></tr><tr><td rowspan="1" colspan="1"><p>NOGUEIRA &amp; TERRA LTDA</p></td><td rowspan="1" colspan="1"><p>002596</p></td><td rowspan="1" colspan="1"><p>34.399.731/0001-73</p></td></tr><tr><td rowspan="1" colspan="1"><p>PEREIRA E FERREIRA LTDA</p></td><td rowspan="1" colspan="1"><p>000934</p></td><td rowspan="1" colspan="1"><p>16.695.407/0001-10</p></td></tr><tr><td rowspan="1" colspan="1"><p>RICARDO &amp; CARRIJO TURISMOS LTDA</p></td><td rowspan="1" colspan="1"><p>010746</p></td><td rowspan="1" colspan="1"><p>62.881.234/0001-42</p></td></tr><tr><td rowspan="1" colspan="1"><p>RIO SUL TRANSPORTE TURISMO E VIAGENS LTDA</p></td><td rowspan="1" colspan="1"><p>006850</p></td><td rowspan="1" colspan="1"><p>45.314.699/0001-00</p></td></tr><tr><td rowspan="1" colspan="1"><p>RIOLOG TRANSPORTES, LOCACOES EXECUTIVAS, CARGAS E EQUIPAMENTOS LTDA</p></td><td rowspan="1" colspan="1"><p>010747</p></td><td rowspan="1" colspan="1"><p>36.994.235/0001-93</p></td></tr><tr><td rowspan="1" colspan="1"><p>RN TRAVEL TRANSPORTES &amp; LOCACOES LTDA</p></td><td rowspan="1" colspan="1"><p>249366</p></td><td rowspan="1" colspan="1"><p>10.557.112/0001-00</p></td></tr><tr><td rowspan="1" colspan="1"><p>VIAGEMAIS TRANSPORTADORA TURISTICA LTDA</p></td><td rowspan="1" colspan="1"><p>006859</p></td><td rowspan="1" colspan="1"><p>18.046.421/0001-19</p></td></tr><tr><td rowspan="1" colspan="1"><p>W LOPES DA SILVA COMERCIO E SERVICOS LTDA</p></td><td rowspan="1" colspan="1"><p>002971</p></td><td rowspan="1" colspan="1"><p>26.086.206/0001-70</p></td></tr></table>]]></Texto>
  </body>
  <Midias />
</article></xml>