﻿<xml><article id="46247503" name="PORTARIA MDS NA 1122 DE 30 DE OU" idOficio="11376680" pubName="DO1" artType="Portaria" pubDate="03/11/2025" artClass="00018:00021:00000:00000:00000:00000:00000:00000:00000:00000:00054:00000" artCategory="Ministério do Desenvolvimento e Assistência Social, Família e Combate à Fome/Gabinete do Ministro" artSize="25" artNotes="" numberPage="36" pdfPage="http://pesquisa.in.gov.br/imprensa/jsp/visualiza/index.jsp?data=03/11/2025&amp;jornal=515&amp;pagina=36" editionNumber="209" highlightType="" highlightPriority="" highlight="" highlightimage="" highlightimagename="" idMateria="23270701">
  <body>
    <Identifica><![CDATA[ PORTARIA MDS Nº 1.122, DE 30 DE OUTUBRO DE 2025(*)]]></Identifica>
    <Data><![CDATA[]]></Data>
    <Ementa><![CDATA[ Aprova a revisão do Planejamento Estratégico Institucional do Ministério do Desenvolvimento e Assistência Social, Família e Combate à Fome para os anos 2023 - 2026. ]]></Ementa>
    <Titulo />
    <SubTitulo />
    <Texto><![CDATA[<p></p><p class="identifica">PORTARIA MDS Nº 1.122, DE 30 DE OUTUBRO DE 2025(*)</p><p class="ementa">Aprova a revisão do Planejamento Estratégico Institucional do Ministério do Desenvolvimento e Assistência Social, Família e Combate à Fome para os anos 2023 - 2026.</p><p>O MINISTRO DE ESTADO DO DESENVOLVIMENTO E ASSISTÊNCIA SOCIAL, FAMÍLIA E COMBATE À FOME, no uso das atribuições que lhe conferem o artigo 87, parágrafo único, incisos I e II, da Constituição Federal, e tendo em vista o disposto no artigo 4º, §4º, da Lei nº 10.180, de 6 de fevereiro de 2001, e nos artigos 6º, inciso I, e 7º do Decreto-Lei nº 200, de 25 de fevereiro de 1967, resolve:</p><p>Art. 1º O Anexo IV da Portaria MDS nº 907, de 7 de agosto de 2023, publicada no Diário Oficial da União nº 150, de 8 de agosto de 2023, seção 1, páginas 13 a 18, que institui o Planejamento Estratégico Institucional 2023 - 2026, passa a vigorar com a redação do Anexo desta Portaria.</p><p>Art. 2º Esta Portaria entra em vigor na data de sua publicação.</p><p class="assina">JOSÉ WELLINGTON BARROSO DE ARAÚJO DIAS</p><p>ANEXO</p><p>..........................................................</p><p>OBJETIVO ESTRATÉGICO 4: REESTRUTURAR E INCREMENTAR A POLÍTICA DE ASSISTÊNCIA SOCIAL E FORTALECER A REDE SUAS PARA PREVENÇÃO E PROTEÇÃO SOCIAL DE PESSOAS EM SITUAÇÃO DE VULNERABILIDADE, RISCO SOCIAL E VIOLAÇÃO DE DIREITOS</p><p /><p></p><table><tr /><tr><td rowspan="1" colspan="2"><p>META</p></td><td rowspan="1" colspan="1"><p>UNIDADE RESPONSÁVEL</p></td></tr><tr><td rowspan="1" colspan="1"><p>Meta 4.1</p></td><td rowspan="1" colspan="1"><p>Manter, anualmente, no mínimo de 80% dos cadastros dos beneficiários do Benefício de Prestação Continuada - BPC com informações atualizadas no Cadastro Único, até 2026</p></td><td rowspan="1" colspan="1"><p>SNBA</p></td></tr><tr><td rowspan="1" colspan="1"><p>Meta 4.2</p></td><td rowspan="1" colspan="1"><p>Instituir o Programa Nacional de Monitoramento e Avaliação do Benefício de Prestação Continuada - BPC, até 2026</p></td><td rowspan="1" colspan="1"><p>SNBA</p></td></tr><tr><td rowspan="1" colspan="1"><p>Meta 4.3</p></td><td rowspan="1" colspan="1"><p>Estabelecer Plano de Ação interministerial para reduzir o Tempo Médio de Concessão - TMC do Benefício de Prestação Continuada - BPC, até 2023</p></td><td rowspan="1" colspan="1"><p>SNBA</p></td></tr><tr><td rowspan="1" colspan="1"><p>Meta 4.4</p></td><td rowspan="1" colspan="1"><p>Manter anualmente o Tempo Médio de Concessão - TMC do Benefício de Prestação Continuada - BPC para as pessoas idosas no patamar máximo de 45 dias, até 2026</p></td><td rowspan="1" colspan="1"><p>SNBA</p></td></tr><tr><td rowspan="1" colspan="1"><p>Meta 4.5</p></td><td rowspan="1" colspan="1"><p>Manter anualmente o Tempo Médio de Concessão - TMC do Benefício de Prestação Continuada - BPC para as pessoas com deficiência no patamar máximo de 90 dias, até 2026</p></td><td rowspan="1" colspan="1"><p>SNBA</p></td></tr><tr><td rowspan="1" colspan="1"><p>Meta 4.6</p></td><td rowspan="1" colspan="1"><p>Instituir o Comitê Gestor do Benefício de Prestação Continuada - BPC, até 2024</p></td><td rowspan="1" colspan="1"><p>SNBA</p></td></tr></table><p>..........................................................</p><p class="nota">N. da Codou: Republicada por ter saído, no DOU de 31/10/2025, Seção 1, pág. 25, com incorreção.</p>]]></Texto>
  </body>
  <Midias />
</article></xml>