﻿<xml><article id="46231213" name="instrucao_normativa_402_2025 DIR" idOficio="11377556" pubName="DO1" artType="Instrução Normativa" pubDate="03/11/2025" artClass="00047:00048:00008:00000:00000:00000:00000:00000:00000:00000:00037:10402" artCategory="Ministério da Saúde/Agência Nacional de Vigilância Sanitária/Diretoria Colegiada" artSize="24" artNotes="" numberPage="101" pdfPage="http://pesquisa.in.gov.br/imprensa/jsp/visualiza/index.jsp?data=03/11/2025&amp;jornal=515&amp;pagina=101" editionNumber="209" highlightType="" highlightPriority="" highlight="" highlightimage="" highlightimagename="" idMateria="23271917">
  <body>
    <Identifica><![CDATA[ INSTRUÇÃO NORMATIVA ANVISA N° 402, DE 29 DE OUTUBRO DE 2025]]></Identifica>
    <Data><![CDATA[]]></Data>
    <Ementa><![CDATA[ Publica atualização da Lista de Medicamentos de Referência (LMR).]]></Ementa>
    <Titulo />
    <SubTitulo />
    <Texto><![CDATA[<p class="identifica">INSTRUÇÃO NORMATIVA ANVISA N° 402, DE 29 DE OUTUBRO DE 2025</p><p class="ementa">Publica atualização da Lista de Medicamentos de Referência (LMR).</p><p>A DIRETORIA COLEGIADA DA AGÊNCIA NACIONAL DE VIGILÂNCIA SANITÁRIA, no uso das competências que lhe conferem os arts. 7º, inciso III, e 15, incisos III e IV, da Lei nº 9.782, de 26 de janeiro de 1999, e considerando o disposto no art. 187, inciso VII e §1º do Regimento Interno, aprovado pela Resolução da Diretoria Colegiada - RDC n° 585, de 10 de dezembro de 2021, resolve adotar a seguinte Instrução Normativa, conforme deliberado em reunião realizada em 29 de outubro de 2024, e eu, Diretor-Presidente, determino a sua publicação:</p><p>Art. 1º A lista de Medicamentos de Referência (LMR) publicada pela Instrução Normativa - IN nº 353, de 18 de março de 2025, publicada no Diário Oficial da União, de 20 de março de 2025, Seção 1, págs. 139-160, passa a vigorar com a inclusões constantes nos Anexos I e II, com as exclusões do anexo III e IV e com as alterações do Anexo V desta Instrução Normativa.</p><p>§1º Para fins da LMR constante do Anexo I, consideram-se medicamentos que contêm um único insumo farmacêutico ativo incluídos na lista (Grupo A).</p><p>§2º Para fins da LMR constante do Anexo II, consideram-se medicamentos que contêm dois ou mais insumos farmacêuticos ativos em uma única forma farmacêutica incluídos na lista (Grupo B).</p><p>§3º Para fins da LMR constante do Anexo III, consideram-se medicamentos que contêm um único insumo farmacêutico ativo excluídos da lista (Grupo A).</p><p>§4º Para fins da LMR constante do Anexo IV, consideram-se medicamentos que contêm dois ou mais insumos farmacêuticos ativos em uma única forma farmacêutica excluídos da lista (Grupo B).</p><p>§5º Para fins da LMR, constante do Anexo V, consideram-se as alterações do número de registro dos medicamentos em decorrência de transferência de titularidade.</p><p>Art. 2º A LMR atualizada estará disponível na página eletrônica da Anvisa com a consolidação de suas atualizações.</p><p>Art. 3º Esta Instrução Normativa entra em vigor na data de sua publicação.</p><p class="assina">LEANDRO PINHEIRO SAFATLE</p><p class="cargo">Diretor-Presidente</p><p class="anexo">ANEXO I</p><p>LISTA DE MEDICAMENTOS DE REFERÊNCIA</p><p>Medicamentos que contêm um único insumo farmacêutico ativo incluídos na lista - Grupo A</p><p /><p></p><table><tr /><tr><td rowspan="1" colspan="1"><p><strong>FÁRMACO</strong></p></td><td rowspan="1" colspan="1"><p><strong>MEDICAMENTO</strong></p></td><td rowspan="1" colspan="1"><p><strong>REGISTRO</strong></p></td><td rowspan="1" colspan="1"><p><strong>CONCENTRAÇÃO</strong></p></td><td rowspan="1" colspan="1"><p><strong>FORMA FARMACÊUTICA</strong></p></td></tr><tr><td rowspan="1" colspan="1"><p>ácido acetilsalicílico</p></td><td rowspan="1" colspan="1"><p>ácido acetilsalicílico</p></td><td rowspan="1" colspan="1"><p>100431468</p></td><td rowspan="1" colspan="1"><p>100mg</p></td><td rowspan="1" colspan="1"><p>com rev lib retard</p></td></tr><tr><td rowspan="1" colspan="1"><p>aciclovir</p></td><td rowspan="1" colspan="1"><p>aciclovir</p></td><td rowspan="1" colspan="1"><p>103920224</p></td><td rowspan="1" colspan="1"><p>50mg/g</p></td><td rowspan="1" colspan="1"><p>crem derm</p></td></tr><tr><td rowspan="1" colspan="1"><p>aciclovir</p></td><td rowspan="1" colspan="1"><p>HPMIX</p></td><td rowspan="1" colspan="1"><p>105730063</p></td><td rowspan="1" colspan="1"><p>40mg/mL</p></td><td rowspan="1" colspan="1"><p>sus or</p></td></tr><tr><td rowspan="1" colspan="1"><p>baclofeno</p></td><td rowspan="1" colspan="1"><p>BACLOFEN</p></td><td rowspan="1" colspan="1"><p>103700111</p></td><td rowspan="1" colspan="1"><p>10mg</p></td><td rowspan="1" colspan="1"><p>com</p></td></tr><tr><td rowspan="1" colspan="1"><p>cinacalcete (cloridrato)</p></td><td rowspan="1" colspan="1"><p>CALT</p></td><td rowspan="1" colspan="1"><p>102980475</p></td><td rowspan="1" colspan="1"><p>30mg</p></td><td rowspan="1" colspan="1"><p>com rev</p></td></tr><tr><td rowspan="1" colspan="1"><p>cinacalcete (cloridrato)</p></td><td rowspan="1" colspan="1"><p>CALT</p></td><td rowspan="1" colspan="1"><p>102980475</p></td><td rowspan="1" colspan="1"><p>60mg</p></td><td rowspan="1" colspan="1"><p>com rev</p></td></tr><tr><td rowspan="1" colspan="1"><p>escopolamina (butilbrometo)</p></td><td rowspan="1" colspan="1"><p>butilbrometo de escopolamina</p></td><td rowspan="1" colspan="1"><p>103870080</p></td><td rowspan="1" colspan="1"><p>20mg/mL</p></td><td rowspan="1" colspan="1"><p>sol inj</p></td></tr><tr><td rowspan="1" colspan="1"><p>fentanila (citrato)</p></td><td rowspan="1" colspan="1"><p>citrato de fentanila</p></td><td rowspan="1" colspan="1"><p>100410166</p></td><td rowspan="1" colspan="1"><p>0,05mcg/mL</p></td><td rowspan="1" colspan="1"><p>sol inj (sem conservante)</p></td></tr><tr><td rowspan="1" colspan="1"><p>folinato de cálcio</p></td><td rowspan="1" colspan="1"><p>folinato de cálcio</p></td><td rowspan="1" colspan="1"><p>100430776</p></td><td rowspan="1" colspan="1"><p>50mg</p></td><td rowspan="1" colspan="1"><p>pó liof sol inj</p></td></tr><tr><td rowspan="1" colspan="1"><p>formoterol (fumarato) di-hidratado</p></td><td rowspan="1" colspan="1"><p>FLUIR</p></td><td rowspan="1" colspan="1"><p>178170791</p></td><td rowspan="1" colspan="1"><p>12mcg</p></td><td rowspan="1" colspan="1"><p>cap dura pó inal</p></td></tr><tr><td rowspan="1" colspan="1"><p>metoclopramida (cloridrato)</p></td><td rowspan="1" colspan="1"><p>NOPROSIL</p></td><td rowspan="1" colspan="1"><p>103110166</p></td><td rowspan="1" colspan="1"><p>5mg/mL</p></td><td rowspan="1" colspan="1"><p>sol inj</p></td></tr><tr><td rowspan="1" colspan="1"><p>ibuprofeno</p></td><td rowspan="1" colspan="1"><p>ibuprofeno</p></td><td rowspan="1" colspan="1"><p>125680320</p></td><td rowspan="1" colspan="1"><p>400mg</p></td><td rowspan="1" colspan="1"><p>com rev</p></td></tr><tr><td rowspan="1" colspan="1"><p>niraparibe (tosilato) monidratado</p></td><td rowspan="1" colspan="1"><p>ZEJULA</p></td><td rowspan="1" colspan="1"><p>101070368</p></td><td rowspan="1" colspan="1"><p>100mg</p></td><td rowspan="1" colspan="1"><p>com rev</p></td></tr><tr><td rowspan="1" colspan="1"><p>ponatinibe (cloridrato)</p></td><td rowspan="1" colspan="1"><p>ICLUSIG</p></td><td rowspan="1" colspan="1"><p>139000001</p></td><td rowspan="1" colspan="1"><p>45mg</p></td><td rowspan="1" colspan="1"><p>com rev</p></td></tr><tr><td rowspan="1" colspan="1"><p>rezafungina (acetato)</p></td><td rowspan="1" colspan="1"><p>REZZAYO</p></td><td rowspan="1" colspan="1"><p>191980014</p></td><td rowspan="1" colspan="1"><p>200mg</p></td><td rowspan="1" colspan="1"><p>pó liof sol inf</p></td></tr><tr><td rowspan="1" colspan="1"><p>trientina (dicloridrato)</p></td><td rowspan="1" colspan="1"><p>WILLENTINE</p></td><td rowspan="1" colspan="1"><p>158320002</p></td><td rowspan="1" colspan="1"><p>250mg</p></td><td rowspan="1" colspan="1"><p>cap dura</p></td></tr><tr><td rowspan="1" colspan="1"><p>zolpidem (hermitartarato)</p></td><td rowspan="1" colspan="1"><p>PATZ GTS</p></td><td rowspan="1" colspan="1"><p>135690746</p></td><td rowspan="1" colspan="1"><p>10mg/mL</p></td><td rowspan="1" colspan="1"><p>sol got</p></td></tr></table><p>ANEXO II</p><p>LISTA DE MEDICAMENTOS DE REFERÊNCIA</p><p>Medicamentos que contêm dois ou mais insumos farmacêuticos ativos em uma única forma farmacêutica incluídos na lista - Grupo B</p><p /><p></p><table><tr /><tr><td rowspan="1" colspan="1"><p><strong>FÁRMACO</strong></p></td><td rowspan="1" colspan="1"><p><strong>MEDICAMENTO</strong></p></td><td rowspan="1" colspan="1"><p><strong>REGISTRO</strong></p></td><td rowspan="1" colspan="1"><p><strong>CONCENTRAÇÃO</strong></p></td><td rowspan="1" colspan="1"><p><strong>FORMA FARMACÊUTICA</strong></p></td></tr></table><p>ANEXO III</p><p /><p></p><table><tr /><tr><td rowspan="1" colspan="1"><p><strong>FÁRMACO</strong></p></td><td rowspan="1" colspan="1"><p><strong>MEDICAMENTO</strong></p></td><td rowspan="1" colspan="1"><p><strong>REGISTRO</strong></p></td><td rowspan="1" colspan="1"><p><strong>CONCENTRAÇÃO</strong></p></td><td rowspan="1" colspan="1"><p><strong>FORMA FARMACÊUTICA</strong></p></td></tr><tr><td rowspan="1" colspan="1"><p>acetilcisteína</p></td><td rowspan="1" colspan="1"><p>FLUCISTEIN</p></td><td rowspan="1" colspan="1"><p>104971149</p></td><td rowspan="1" colspan="1"><p>40mg/g</p></td><td rowspan="1" colspan="1"><p>gran</p></td></tr><tr><td rowspan="1" colspan="1"><p>aciclovir</p></td><td rowspan="1" colspan="1"><p>ZOVIRAX</p></td><td rowspan="1" colspan="1"><p>101070253</p></td><td rowspan="1" colspan="1"><p>50mg/g</p></td><td rowspan="1" colspan="1"><p>crem derm</p></td></tr><tr><td rowspan="1" colspan="1"><p>ácido acetilsalicílico</p></td><td rowspan="1" colspan="1"><p>ASPIRINA</p></td><td rowspan="1" colspan="1"><p>170560020</p></td><td rowspan="1" colspan="1"><p>500mg</p></td><td rowspan="1" colspan="1"><p>com efev</p></td></tr><tr><td rowspan="1" colspan="1"><p>ácido acetilsalicílico</p></td><td rowspan="1" colspan="1"><p>ASPIRINA</p></td><td rowspan="1" colspan="1"><p>170560022</p></td><td rowspan="1" colspan="1"><p>100mg</p></td><td rowspan="1" colspan="1"><p>com rev lib retard</p></td></tr><tr><td rowspan="1" colspan="1"><p>amicacina (sulfato)</p></td><td rowspan="1" colspan="1"><p>sulfato de amicacina</p></td><td rowspan="1" colspan="1"><p>103700297</p></td><td rowspan="1" colspan="1"><p>125mg/mL</p></td><td rowspan="1" colspan="1"><p>sol inj</p></td></tr><tr><td rowspan="1" colspan="1"><p>aminolevulinato de metila (cloridrato)</p></td><td rowspan="1" colspan="1"><p>METVIX</p></td><td rowspan="1" colspan="1"><p>129160065</p></td><td rowspan="1" colspan="1"><p>160mg/g</p></td><td rowspan="1" colspan="1"><p>crem derm</p></td></tr><tr><td rowspan="1" colspan="1"><p>amorolfina (cloridrato)</p></td><td rowspan="1" colspan="1"><p>LOCERYL</p></td><td rowspan="1" colspan="1"><p>129160036</p></td><td rowspan="1" colspan="1"><p>2,5mg/g</p></td><td rowspan="1" colspan="1"><p>crem derm</p></td></tr><tr><td rowspan="1" colspan="1"><p>alfuzosina (cloridrato)</p></td><td rowspan="1" colspan="1"><p>XATRAL OD</p></td><td rowspan="1" colspan="1"><p>183260437</p></td><td rowspan="1" colspan="1"><p>10mg</p></td><td rowspan="1" colspan="1"><p>crem derm</p></td></tr><tr><td rowspan="1" colspan="1"><p>betametasona (diproprionato)</p></td><td rowspan="1" colspan="1"><p>DIPROSONE</p></td><td rowspan="1" colspan="1"><p>178170799</p></td><td rowspan="1" colspan="1"><p>0,64mg/g</p></td><td rowspan="1" colspan="1"><p>susp derm</p></td></tr><tr><td rowspan="1" colspan="1"><p>cinacalcete (cloridrato)</p></td><td rowspan="1" colspan="1"><p>MIMPARA</p></td><td rowspan="1" colspan="1"><p>102440001</p></td><td rowspan="1" colspan="1"><p>30mg</p></td><td rowspan="1" colspan="1"><p>com rev</p></td></tr><tr><td rowspan="1" colspan="1"><p>cinacalcete (cloridrato)</p></td><td rowspan="1" colspan="1"><p>MIMPARA</p></td><td rowspan="1" colspan="1"><p>102440001</p></td><td rowspan="1" colspan="1"><p>60mg</p></td><td rowspan="1" colspan="1"><p>com rev</p></td></tr><tr><td rowspan="1" colspan="1"><p>clorpropamida</p></td><td rowspan="1" colspan="1"><p>DIABINESE</p></td><td rowspan="1" colspan="1"><p>121100366</p></td><td rowspan="1" colspan="1"><p>250mg</p></td><td rowspan="1" colspan="1"><p>com</p></td></tr><tr><td rowspan="1" colspan="1"><p>fentanila (citrato)</p></td><td rowspan="1" colspan="1"><p>FENTANIL</p></td><td rowspan="1" colspan="1"><p>155620060</p></td><td rowspan="1" colspan="1"><p>0,05mcg/mL</p></td><td rowspan="1" colspan="1"><p>sol inj (sem conservante)</p></td></tr><tr><td rowspan="1" colspan="1"><p>metoclopramida (cloridrato)</p></td><td rowspan="1" colspan="1"><p>cloridrato de metoclopramida</p></td><td rowspan="1" colspan="1"><p>103700281</p></td><td rowspan="1" colspan="1"><p>5mg/mL</p></td><td rowspan="1" colspan="1"><p>sol inj</p></td></tr><tr><td rowspan="1" colspan="1"><p>repaglinida</p></td><td rowspan="1" colspan="1"><p>PROSPRAND</p></td><td rowspan="1" colspan="1"><p>110130256</p></td><td rowspan="1" colspan="1"><p>0,5mg</p></td><td rowspan="1" colspan="1"><p>com</p></td></tr><tr><td rowspan="1" colspan="1"><p>repaglinida</p></td><td rowspan="1" colspan="1"><p>PROSPRAND</p></td><td rowspan="1" colspan="1"><p>110130256</p></td><td rowspan="1" colspan="1"><p>1mg</p></td><td rowspan="1" colspan="1"><p>com</p></td></tr><tr><td rowspan="1" colspan="1"><p>repaglinida</p></td><td rowspan="1" colspan="1"><p>PROSPRAND</p></td><td rowspan="1" colspan="1"><p>110130256</p></td><td rowspan="1" colspan="1"><p>2mg</p></td><td rowspan="1" colspan="1"><p>com</p></td></tr></table><p>LISTA DE MEDICAMENTOS DE REFERÊNCIA</p><p>Medicamentos que contêm um único insumo farmacêutico ativo excluídos da lista - Grupo A</p><p>ANEXO IV</p><p>LISTA DE MEDICAMENTOS DE REFERÊNCIA</p><p>Medicamentos que contêm dois ou mais insumos farmacêuticos ativos em uma única forma farmacêutica excluídos da lista - Grupo B</p><p /><p></p><table><tr /><tr><td rowspan="1" colspan="1"><p><strong>FÁRMACO</strong></p></td><td rowspan="1" colspan="1"><p><strong>MEDICAMENTO</strong></p></td><td rowspan="1" colspan="1"><p><strong>REGISTRO</strong></p></td><td rowspan="1" colspan="1"><p><strong>CONCENTRAÇÃO</strong></p></td><td rowspan="1" colspan="1"><p><strong>FORMA FARMACÊUTICA</strong></p></td></tr></table><p>ANEXO V</p><p>LISTA DE MEDICAMENTOS DE REFERÊNCIA</p><p>Medicamentos com alteração do número de registro em decorrência de transferência de titularidade</p><p /><p></p><table><tr /><tr><td rowspan="1" colspan="1"><p><strong>FÁRMACO</strong></p></td><td rowspan="1" colspan="1"><p><strong>MEDICAMENTO</strong></p></td><td rowspan="1" colspan="1"><p><strong>REGISTRO</strong></p></td><td rowspan="1" colspan="1"><p><strong>CONCENTRAÇÃO</strong></p></td><td rowspan="1" colspan="1"><p><strong>FORMA FARMACÊUTICA</strong></p></td></tr><tr><td rowspan="1" colspan="1"><p>acitretina</p></td><td rowspan="1" colspan="1"><p>NEOTIGASON</p></td><td rowspan="1" colspan="1"><p>155730046</p></td><td rowspan="1" colspan="1"><p>10mg</p></td><td rowspan="1" colspan="1"><p>cap dura</p></td></tr><tr><td rowspan="1" colspan="1"><p>acitretina</p></td><td rowspan="1" colspan="1"><p>NEOTIGASON</p></td><td rowspan="1" colspan="1"><p>155730046</p></td><td rowspan="1" colspan="1"><p>25mg</p></td><td rowspan="1" colspan="1"><p>cap dura</p></td></tr><tr><td rowspan="1" colspan="1"><p>adapaleno</p></td><td rowspan="1" colspan="1"><p>ADACNE</p></td><td rowspan="1" colspan="1"><p>178170988</p></td><td rowspan="1" colspan="1"><p>1,0mg/g</p></td><td rowspan="1" colspan="1"><p>gel</p></td></tr><tr><td rowspan="1" colspan="1"><p>amantadina</p></td><td rowspan="1" colspan="1"><p>MANTIDAN</p></td><td rowspan="1" colspan="1"><p>100431410</p></td><td rowspan="1" colspan="1"><p>100mg</p></td><td rowspan="1" colspan="1"><p>com rev</p></td></tr><tr><td rowspan="1" colspan="1"><p>anidulafungina</p></td><td rowspan="1" colspan="1"><p>ECALTA</p></td><td rowspan="1" colspan="1"><p>121100431</p></td><td rowspan="1" colspan="1"><p>100mg/30mL</p></td><td rowspan="1" colspan="1"><p>pó liof sol inj</p></td></tr><tr><td rowspan="1" colspan="1"><p>anlodipino (besilato)</p></td><td rowspan="1" colspan="1"><p>NORVASC</p></td><td rowspan="1" colspan="1"><p>188300080</p></td><td rowspan="1" colspan="1"><p>5mg</p></td><td rowspan="1" colspan="1"><p>com</p></td></tr><tr><td rowspan="1" colspan="1"><p>anlodipino (besilato)</p></td><td rowspan="1" colspan="1"><p>NORVASC</p></td><td rowspan="1" colspan="1"><p>188300080</p></td><td rowspan="1" colspan="1"><p>10mg</p></td><td rowspan="1" colspan="1"><p>com</p></td></tr><tr><td rowspan="1" colspan="1"><p>azitromicina di-hidratada</p></td><td rowspan="1" colspan="1"><p>ZITROMAX</p></td><td rowspan="1" colspan="1"><p>121100359</p></td><td rowspan="1" colspan="1"><p>500mg</p></td><td rowspan="1" colspan="1"><p>com rev</p></td></tr><tr><td rowspan="1" colspan="1"><p>bromazepam</p></td><td rowspan="1" colspan="1"><p>LEXOTAN</p></td><td rowspan="1" colspan="1"><p>164250010</p></td><td rowspan="1" colspan="1"><p>3mg</p></td><td rowspan="1" colspan="1"><p>com</p></td></tr><tr><td rowspan="1" colspan="1"><p>bromazepam</p></td><td rowspan="1" colspan="1"><p>LEXOTAN</p></td><td rowspan="1" colspan="1"><p>164250010</p></td><td rowspan="1" colspan="1"><p>6mg</p></td><td rowspan="1" colspan="1"><p>com</p></td></tr><tr><td rowspan="1" colspan="1"><p>bromexina (cloridrato)</p></td><td rowspan="1" colspan="1"><p>BISOLVON</p></td><td rowspan="1" colspan="1"><p>186200004</p></td><td rowspan="1" colspan="1"><p>0,8mg/mL</p></td><td rowspan="1" colspan="1"><p>xpe</p></td></tr><tr><td rowspan="1" colspan="1"><p>bromexina (cloridrato)</p></td><td rowspan="1" colspan="1"><p>BISOLVON</p></td><td rowspan="1" colspan="1"><p>186200004</p></td><td rowspan="1" colspan="1"><p>1,6mg/mL</p></td><td rowspan="1" colspan="1"><p>xpe</p></td></tr><tr><td rowspan="1" colspan="1"><p>bromexina (cloridrato)</p></td><td rowspan="1" colspan="1"><p>BISOLVON</p></td><td rowspan="1" colspan="1"><p>186200004</p></td><td rowspan="1" colspan="1"><p>2mg/mL</p></td><td rowspan="1" colspan="1"><p>sol or</p></td></tr><tr><td rowspan="1" colspan="1"><p>bromoprida</p></td><td rowspan="1" colspan="1"><p>DIGESAN</p></td><td rowspan="1" colspan="1"><p>100431474</p></td><td rowspan="1" colspan="1"><p>10mg</p></td><td rowspan="1" colspan="1"><p>cap dura</p></td></tr><tr><td rowspan="1" colspan="1"><p>bromoprida</p></td><td rowspan="1" colspan="1"><p>DIGESAN</p></td><td rowspan="1" colspan="1"><p>100431474</p></td><td rowspan="1" colspan="1"><p>4mg/mL</p></td><td rowspan="1" colspan="1"><p>sol or</p></td></tr><tr><td rowspan="1" colspan="1"><p>budesonida</p></td><td rowspan="1" colspan="1"><p>ENTOCORT</p></td><td rowspan="1" colspan="1"><p>109740244</p></td><td rowspan="1" colspan="1"><p>3mg</p></td><td rowspan="1" colspan="1"><p>cap dura lib retard</p></td></tr><tr><td rowspan="1" colspan="1"><p>candesartana cilexetila</p></td><td rowspan="1" colspan="1"><p>ATACAND</p></td><td rowspan="1" colspan="1"><p>116180095</p></td><td rowspan="1" colspan="1"><p>8mg</p></td><td rowspan="1" colspan="1"><p>com</p></td></tr><tr><td rowspan="1" colspan="1"><p>candesartana cilexetila</p></td><td rowspan="1" colspan="1"><p>ATACAND</p></td><td rowspan="1" colspan="1"><p>116180095</p></td><td rowspan="1" colspan="1"><p>16mg</p></td><td rowspan="1" colspan="1"><p>com</p></td></tr><tr><td rowspan="1" colspan="1"><p>ceftarolina fosamila</p></td><td rowspan="1" colspan="1"><p>ZINFORO</p></td><td rowspan="1" colspan="1"><p>121100432</p></td><td rowspan="1" colspan="1"><p>600mg</p></td><td rowspan="1" colspan="1"><p>pó sol inf</p></td></tr><tr><td rowspan="1" colspan="1"><p>celecoxibe</p></td><td rowspan="1" colspan="1"><p>CELEBRA</p></td><td rowspan="1" colspan="1"><p>188300086</p></td><td rowspan="1" colspan="1"><p>100mg</p></td><td rowspan="1" colspan="1"><p>cap dura lib retard</p></td></tr><tr><td rowspan="1" colspan="1"><p>celecoxibe</p></td><td rowspan="1" colspan="1"><p>CELEBRA</p></td><td rowspan="1" colspan="1"><p>188300086</p></td><td rowspan="1" colspan="1"><p>200mg</p></td><td rowspan="1" colspan="1"><p>cap dura lib retard</p></td></tr><tr><td rowspan="1" colspan="1"><p>ciproterona (acetato)</p></td><td rowspan="1" colspan="1"><p>ANDROCUR</p></td><td rowspan="1" colspan="1"><p>156260034</p></td><td rowspan="1" colspan="1"><p>100mg</p></td><td rowspan="1" colspan="1"><p>com</p></td></tr><tr><td rowspan="1" colspan="1"><p>ciproterona (acetato)</p></td><td rowspan="1" colspan="1"><p>ANDROCUR</p></td><td rowspan="1" colspan="1"><p>156260034</p></td><td rowspan="1" colspan="1"><p>500mg</p></td><td rowspan="1" colspan="1"><p>com</p></td></tr><tr><td rowspan="1" colspan="1"><p>clobazam</p></td><td rowspan="1" colspan="1"><p>FRISIUM</p></td><td rowspan="1" colspan="1"><p>141070660</p></td><td rowspan="1" colspan="1"><p>10mg</p></td><td rowspan="1" colspan="1"><p>com</p></td></tr><tr><td rowspan="1" colspan="1"><p>clobazam</p></td><td rowspan="1" colspan="1"><p>FRISIUM</p></td><td rowspan="1" colspan="1"><p>141070660</p></td><td rowspan="1" colspan="1"><p>20mg</p></td><td rowspan="1" colspan="1"><p>com</p></td></tr><tr><td rowspan="1" colspan="1"><p>clomilpramina (cloridrato)</p></td><td rowspan="1" colspan="1"><p>CLO</p></td><td rowspan="1" colspan="1"><p>135690614</p></td><td rowspan="1" colspan="1"><p>10mg</p></td><td rowspan="1" colspan="1"><p>com rev</p></td></tr><tr><td rowspan="1" colspan="1"><p>clomilpramina (cloridrato)</p></td><td rowspan="1" colspan="1"><p>CLO</p></td><td rowspan="1" colspan="1"><p>135690614</p></td><td rowspan="1" colspan="1"><p>25mg</p></td><td rowspan="1" colspan="1"><p>com rev</p></td></tr><tr><td rowspan="1" colspan="1"><p>clorpromazina (cloridrato)</p></td><td rowspan="1" colspan="1"><p>AMPLICTIL</p></td><td rowspan="1" colspan="1"><p>115240020</p></td><td rowspan="1" colspan="1"><p>25mg</p></td><td rowspan="1" colspan="1"><p>com rev</p></td></tr><tr><td rowspan="1" colspan="1"><p>clorpromazina (cloridrato)</p></td><td rowspan="1" colspan="1"><p>AMPLICTIL</p></td><td rowspan="1" colspan="1"><p>115240020</p></td><td rowspan="1" colspan="1"><p>100mg</p></td><td rowspan="1" colspan="1"><p>com rev</p></td></tr><tr><td rowspan="1" colspan="1"><p>clorpromazina (cloridrato)</p></td><td rowspan="1" colspan="1"><p>AMPLICTIL</p></td><td rowspan="1" colspan="1"><p>115240020</p></td><td rowspan="1" colspan="1"><p>40mg/mL</p></td><td rowspan="1" colspan="1"><p>sol or</p></td></tr><tr><td rowspan="1" colspan="1"><p>cromoglicato dissódico</p></td><td rowspan="1" colspan="1"><p>RILAN</p></td><td rowspan="1" colspan="1"><p>105710184</p></td><td rowspan="1" colspan="1"><p>20mg</p></td><td rowspan="1" colspan="1"><p>sol spray nasal</p></td></tr><tr><td rowspan="1" colspan="1"><p>cromoglicato dissódico</p></td><td rowspan="1" colspan="1"><p>RILAN</p></td><td rowspan="1" colspan="1"><p>105710184</p></td><td rowspan="1" colspan="1"><p>40mg</p></td><td rowspan="1" colspan="1"><p>sol spr nas</p></td></tr><tr><td rowspan="1" colspan="1"><p>danazol</p></td><td rowspan="1" colspan="1"><p>LADOGAL</p></td><td rowspan="1" colspan="1"><p>100431475</p></td><td rowspan="1" colspan="1"><p>100mg</p></td><td rowspan="1" colspan="1"><p>cap dura</p></td></tr><tr><td rowspan="1" colspan="1"><p>diclofenaco sódico</p></td><td rowspan="1" colspan="1"><p>MAXILERG</p></td><td rowspan="1" colspan="1"><p>102980485</p></td><td rowspan="1" colspan="1"><p>1mg/mL</p></td><td rowspan="1" colspan="1"><p>sol oft</p></td></tr><tr><td rowspan="1" colspan="1"><p>eletriptana (bromidrato)</p></td><td rowspan="1" colspan="1"><p>ZEFORUS</p></td><td rowspan="1" colspan="1"><p>188300106</p></td><td rowspan="1" colspan="1"><p>20mg</p></td><td rowspan="1" colspan="1"><p>com rev</p></td></tr><tr><td rowspan="1" colspan="1"><p>eletriptana (bromidrato)</p></td><td rowspan="1" colspan="1"><p>ZEFORUS</p></td><td rowspan="1" colspan="1"><p>188300106</p></td><td rowspan="1" colspan="1"><p>80mg</p></td><td rowspan="1" colspan="1"><p>com rev</p></td></tr><tr><td rowspan="1" colspan="1"><p>eplerenona</p></td><td rowspan="1" colspan="1"><p>INSPRA</p></td><td rowspan="1" colspan="1"><p>188300110</p></td><td rowspan="1" colspan="1"><p>25mg</p></td><td rowspan="1" colspan="1"><p>com rev</p></td></tr><tr><td rowspan="1" colspan="1"><p>eplerenona</p></td><td rowspan="1" colspan="1"><p>INSPRA</p></td><td rowspan="1" colspan="1"><p>188300110</p></td><td rowspan="1" colspan="1"><p>50mg</p></td><td rowspan="1" colspan="1"><p>com rev</p></td></tr><tr><td rowspan="1" colspan="1"><p>eribulina (mesilato)</p></td><td rowspan="1" colspan="1"><p>HALAVEN</p></td><td rowspan="1" colspan="1"><p>125760026</p></td><td rowspan="1" colspan="1"><p>0,5mg/mL</p></td><td rowspan="1" colspan="1"><p>sol inj</p></td></tr><tr><td rowspan="1" colspan="1"><p>erlotinibe (cloridrato)</p></td><td rowspan="1" colspan="1"><p>TARCEVA</p></td><td rowspan="1" colspan="1"><p>189770008</p></td><td rowspan="1" colspan="1"><p>25mg</p></td><td rowspan="1" colspan="1"><p>com rev</p></td></tr><tr><td rowspan="1" colspan="1"><p>erlotinibe (cloridrato)</p></td><td rowspan="1" colspan="1"><p>TARCEVA</p></td><td rowspan="1" colspan="1"><p>189770008</p></td><td rowspan="1" colspan="1"><p>100mg</p></td><td rowspan="1" colspan="1"><p>com rev</p></td></tr><tr><td rowspan="1" colspan="1"><p>erlotinibe (cloridrato)</p></td><td rowspan="1" colspan="1"><p>TARCEVA</p></td><td rowspan="1" colspan="1"><p>189770008</p></td><td rowspan="1" colspan="1"><p>150mg</p></td><td rowspan="1" colspan="1"><p>com rev</p></td></tr><tr><td rowspan="1" colspan="1"><p>fenobarbital</p></td><td rowspan="1" colspan="1"><p>GARDENAL</p></td><td rowspan="1" colspan="1"><p>141070658</p></td><td rowspan="1" colspan="1"><p>50mg</p></td><td rowspan="1" colspan="1"><p>com</p></td></tr><tr><td rowspan="1" colspan="1"><p>fenobarbital</p></td><td rowspan="1" colspan="1"><p>GARDENAL</p></td><td rowspan="1" colspan="1"><p>141070658</p></td><td rowspan="1" colspan="1"><p>100mg</p></td><td rowspan="1" colspan="1"><p>com</p></td></tr><tr><td rowspan="1" colspan="1"><p>fenobarbital</p></td><td rowspan="1" colspan="1"><p>GARDENAL</p></td><td rowspan="1" colspan="1"><p>141070658</p></td><td rowspan="1" colspan="1"><p>40mg/mL</p></td><td rowspan="1" colspan="1"><p>sol or</p></td></tr><tr><td rowspan="1" colspan="1"><p>fluconazol</p></td><td rowspan="1" colspan="1"><p>ZOLTEC</p></td><td rowspan="1" colspan="1"><p>121100424</p></td><td rowspan="1" colspan="1"><p>2mg/mL</p></td><td rowspan="1" colspan="1"><p>sol inj infus</p></td></tr><tr><td rowspan="1" colspan="1"><p>fluconazol</p></td><td rowspan="1" colspan="1"><p>ZOLTEC</p></td><td rowspan="1" colspan="1"><p>121100424</p></td><td rowspan="1" colspan="1"><p>100mg</p></td><td rowspan="1" colspan="1"><p>cap dura</p></td></tr><tr><td rowspan="1" colspan="1"><p>fluconazol</p></td><td rowspan="1" colspan="1"><p>ZOLTEC</p></td><td rowspan="1" colspan="1"><p>121100424</p></td><td rowspan="1" colspan="1"><p>150mg</p></td><td rowspan="1" colspan="1"><p>cap dura</p></td></tr><tr><td rowspan="1" colspan="1"><p>flunitrazepam</p></td><td rowspan="1" colspan="1"><p>ROHYPNOL</p></td><td rowspan="1" colspan="1"><p>103900199</p></td><td rowspan="1" colspan="1"><p>1mg</p></td><td rowspan="1" colspan="1"><p>com rev</p></td></tr><tr><td rowspan="1" colspan="1"><p>gabapentina</p></td><td rowspan="1" colspan="1"><p>NEURONTIN</p></td><td rowspan="1" colspan="1"><p>188300107</p></td><td rowspan="1" colspan="1"><p>300mg</p></td><td rowspan="1" colspan="1"><p>cap dura</p></td></tr><tr><td rowspan="1" colspan="1"><p>gabapentina</p></td><td rowspan="1" colspan="1"><p>NEURONTIN</p></td><td rowspan="1" colspan="1"><p>188300107</p></td><td rowspan="1" colspan="1"><p>400mg</p></td><td rowspan="1" colspan="1"><p>cap dura</p></td></tr><tr><td rowspan="1" colspan="1"><p>gabapentina</p></td><td rowspan="1" colspan="1"><p>NEURONTIN</p></td><td rowspan="1" colspan="1"><p>188300107</p></td><td rowspan="1" colspan="1"><p>600mg</p></td><td rowspan="1" colspan="1"><p>com rev</p></td></tr><tr><td rowspan="1" colspan="1"><p>haloperidol</p></td><td rowspan="1" colspan="1"><p>HALDOL</p></td><td rowspan="1" colspan="1"><p>164250009</p></td><td rowspan="1" colspan="1"><p>2mg/mL</p></td><td rowspan="1" colspan="1"><p>sol or</p></td></tr><tr><td rowspan="1" colspan="1"><p>haloperidol</p></td><td rowspan="1" colspan="1"><p>HALDOL</p></td><td rowspan="1" colspan="1"><p>164250009</p></td><td rowspan="1" colspan="1"><p>1mg</p></td><td rowspan="1" colspan="1"><p>com</p></td></tr><tr><td rowspan="1" colspan="1"><p>haloperidol</p></td><td rowspan="1" colspan="1"><p>HALDOL</p></td><td rowspan="1" colspan="1"><p>164250009</p></td><td rowspan="1" colspan="1"><p>5mg</p></td><td rowspan="1" colspan="1"><p>com</p></td></tr><tr><td rowspan="1" colspan="1"><p>haloperidol</p></td><td rowspan="1" colspan="1"><p>HALDOL DECANOATO</p></td><td rowspan="1" colspan="1"><p>164250008</p></td><td rowspan="1" colspan="1"><p>50 mg/mL</p></td><td rowspan="1" colspan="1"><p>sol inj</p></td></tr><tr><td rowspan="1" colspan="1"><p>hidralazina (cloridrato)</p></td><td rowspan="1" colspan="1"><p>APRESOLINA</p></td><td rowspan="1" colspan="1"><p>104971539</p></td><td rowspan="1" colspan="1"><p>25mg</p></td><td rowspan="1" colspan="1"><p>com rev</p></td></tr><tr><td rowspan="1" colspan="1"><p>hidralazina (cloridrato)</p></td><td rowspan="1" colspan="1"><p>APRESOLINA</p></td><td rowspan="1" colspan="1"><p>104971539</p></td><td rowspan="1" colspan="1"><p>50mg</p></td><td rowspan="1" colspan="1"><p>com rev</p></td></tr><tr><td rowspan="1" colspan="1"><p>isotretinoína</p></td><td rowspan="1" colspan="1"><p>ROACUTAN</p></td><td rowspan="1" colspan="1"><p>103900231</p></td><td rowspan="1" colspan="1"><p>20mg</p></td><td rowspan="1" colspan="1"><p>cap mole</p></td></tr><tr><td rowspan="1" colspan="1"><p>latanoprosta + maleato de timolol</p></td><td rowspan="1" colspan="1"><p>XALACOM</p></td><td rowspan="1" colspan="1"><p>188300103</p></td><td rowspan="1" colspan="1"><p>50mcg/mL + 5mg/mL</p></td><td rowspan="1" colspan="1"><p>sol oft</p></td></tr><tr><td rowspan="1" colspan="1"><p>metronidazol</p></td><td rowspan="1" colspan="1"><p>FLAGYL</p></td><td rowspan="1" colspan="1"><p>110360273</p></td><td rowspan="1" colspan="1"><p>250mg</p></td><td rowspan="1" colspan="1"><p>com rev</p></td></tr><tr><td rowspan="1" colspan="1"><p>metronidazol</p></td><td rowspan="1" colspan="1"><p>FLAGYL</p></td><td rowspan="1" colspan="1"><p>110360273</p></td><td rowspan="1" colspan="1"><p>400mg</p></td><td rowspan="1" colspan="1"><p>com rev</p></td></tr><tr><td rowspan="1" colspan="1"><p>metronidazol</p></td><td rowspan="1" colspan="1"><p>FLAGYL</p></td><td rowspan="1" colspan="1"><p>110360273</p></td><td rowspan="1" colspan="1"><p>100mg/mg</p></td><td rowspan="1" colspan="1"><p>gel vag</p></td></tr><tr><td rowspan="1" colspan="1"><p>micafungina sódica</p></td><td rowspan="1" colspan="1"><p>MYCAMINE</p></td><td rowspan="1" colspan="1"><p>100470661</p></td><td rowspan="1" colspan="1"><p>50mg</p></td><td rowspan="1" colspan="1"><p>pó liof sol inj</p></td></tr><tr><td rowspan="1" colspan="1"><p>micafungina sódica</p></td><td rowspan="1" colspan="1"><p>MYCAMINE</p></td><td rowspan="1" colspan="1"><p>100470661</p></td><td rowspan="1" colspan="1"><p>100mg</p></td><td rowspan="1" colspan="1"><p>pó liof sol inj</p></td></tr><tr><td rowspan="1" colspan="1"><p>olanzapina</p></td><td rowspan="1" colspan="1"><p>ZYPREXA</p></td><td rowspan="1" colspan="1"><p>189770009</p></td><td rowspan="1" colspan="1"><p>2,5mg</p></td><td rowspan="1" colspan="1"><p>com rev</p></td></tr><tr><td rowspan="1" colspan="1"><p>olanzapina</p></td><td rowspan="1" colspan="1"><p>ZYPREXA</p></td><td rowspan="1" colspan="1"><p>189770009</p></td><td rowspan="1" colspan="1"><p>5mg</p></td><td rowspan="1" colspan="1"><p>com rev</p></td></tr><tr><td rowspan="1" colspan="1"><p>olanzapina</p></td><td rowspan="1" colspan="1"><p>ZYPREXA</p></td><td rowspan="1" colspan="1"><p>189770009</p></td><td rowspan="1" colspan="1"><p>10mg</p></td><td rowspan="1" colspan="1"><p>com rev</p></td></tr><tr><td rowspan="1" colspan="1"><p>olanzapina</p></td><td rowspan="1" colspan="1"><p>ZYPREXA</p></td><td rowspan="1" colspan="1"><p>189770009</p></td><td rowspan="1" colspan="1"><p>5mg</p></td><td rowspan="1" colspan="1"><p>com orodisp</p></td></tr><tr><td rowspan="1" colspan="1"><p>olanzapina</p></td><td rowspan="1" colspan="1"><p>ZYPREXA</p></td><td rowspan="1" colspan="1"><p>189770009</p></td><td rowspan="1" colspan="1"><p>10mg</p></td><td rowspan="1" colspan="1"><p>com orodisp</p></td></tr><tr><td rowspan="1" colspan="1"><p>palonoseterona (cloridrato)</p></td><td rowspan="1" colspan="1"><p>ONICIT</p></td><td rowspan="1" colspan="1"><p>125760041</p></td><td rowspan="1" colspan="1"><p>0,05mg/mL</p></td><td rowspan="1" colspan="1"><p>sol inj</p></td></tr><tr><td rowspan="1" colspan="1"><p>paracetamol</p></td><td rowspan="1" colspan="1"><p>TYLENOL</p></td><td rowspan="1" colspan="1"><p>157211214</p></td><td rowspan="1" colspan="1"><p>500mg</p></td><td rowspan="1" colspan="1"><p>com mast</p></td></tr><tr><td rowspan="1" colspan="1"><p>paracetamol</p></td><td rowspan="1" colspan="1"><p>TYLENOL</p></td><td rowspan="1" colspan="1"><p>157211214</p></td><td rowspan="1" colspan="1"><p>650mg</p></td><td rowspan="1" colspan="1"><p>com mast</p></td></tr><tr><td rowspan="1" colspan="1"><p>paracetamol</p></td><td rowspan="1" colspan="1"><p>TYLENOL</p></td><td rowspan="1" colspan="1"><p>157211214</p></td><td rowspan="1" colspan="1"><p>750mg</p></td><td rowspan="1" colspan="1"><p>com mast</p></td></tr><tr><td rowspan="1" colspan="1"><p>paracetamol</p></td><td rowspan="1" colspan="1"><p>TYLENOL</p></td><td rowspan="1" colspan="1"><p>157211214</p></td><td rowspan="1" colspan="1"><p>500mg</p></td><td rowspan="1" colspan="1"><p>com rev</p></td></tr><tr><td rowspan="1" colspan="1"><p>paracetamol</p></td><td rowspan="1" colspan="1"><p>TYLENOL</p></td><td rowspan="1" colspan="1"><p>157211214</p></td><td rowspan="1" colspan="1"><p>650mg</p></td><td rowspan="1" colspan="1"><p>com rev</p></td></tr><tr><td rowspan="1" colspan="1"><p>paracetamol</p></td><td rowspan="1" colspan="1"><p>TYLENOL</p></td><td rowspan="1" colspan="1"><p>157211214</p></td><td rowspan="1" colspan="1"><p>750mg</p></td><td rowspan="1" colspan="1"><p>com rev</p></td></tr><tr><td rowspan="1" colspan="1"><p>paracetamol</p></td><td rowspan="1" colspan="1"><p>TYLENOL</p></td><td rowspan="1" colspan="1"><p>157211214</p></td><td rowspan="1" colspan="1"><p>32mg/mL</p></td><td rowspan="1" colspan="1"><p>susp or</p></td></tr><tr><td rowspan="1" colspan="1"><p>paracetamol</p></td><td rowspan="1" colspan="1"><p>TYLENOL</p></td><td rowspan="1" colspan="1"><p>157211214</p></td><td rowspan="1" colspan="1"><p>500mg</p></td><td rowspan="1" colspan="1"><p>com rev gelatinizado</p></td></tr><tr><td rowspan="1" colspan="1"><p>periciazina</p></td><td rowspan="1" colspan="1"><p>NEULEPTIL</p></td><td rowspan="1" colspan="1"><p>115240023</p></td><td rowspan="1" colspan="1"><p>10mg/mL</p></td><td rowspan="1" colspan="1"><p>sol or</p></td></tr><tr><td rowspan="1" colspan="1"><p>periciazina</p></td><td rowspan="1" colspan="1"><p>NEULEPTIL</p></td><td rowspan="1" colspan="1"><p>115240023</p></td><td rowspan="1" colspan="1"><p>40mg/mL</p></td><td rowspan="1" colspan="1"><p>sol or</p></td></tr><tr><td rowspan="1" colspan="1"><p>periciazina</p></td><td rowspan="1" colspan="1"><p>NEULEPTIL</p></td><td rowspan="1" colspan="1"><p>115240023</p></td><td rowspan="1" colspan="1"><p>10mg</p></td><td rowspan="1" colspan="1"><p>com rev</p></td></tr><tr><td rowspan="1" colspan="1"><p>pregabalina</p></td><td rowspan="1" colspan="1"><p>LYRICA</p></td><td rowspan="1" colspan="1"><p>188300101</p></td><td rowspan="1" colspan="1"><p>75mg</p></td><td rowspan="1" colspan="1"><p>cap dura</p></td></tr><tr><td rowspan="1" colspan="1"><p>pregabalina</p></td><td rowspan="1" colspan="1"><p>LYRICA</p></td><td rowspan="1" colspan="1"><p>188300101</p></td><td rowspan="1" colspan="1"><p>150mg</p></td><td rowspan="1" colspan="1"><p>cap dura</p></td></tr><tr><td rowspan="1" colspan="1"><p>tolterodina (tartarato)</p></td><td rowspan="1" colspan="1"><p>DETRUSITOL</p></td><td rowspan="1" colspan="1"><p>188300109</p></td><td rowspan="1" colspan="1"><p>4mg</p></td><td rowspan="1" colspan="1"><p>com rev</p></td></tr><tr><td rowspan="1" colspan="1"><p>ziprasidona monoidratado (cloridrato)</p></td><td rowspan="1" colspan="1"><p>GEODON</p></td><td rowspan="1" colspan="1"><p>188300102</p></td><td rowspan="1" colspan="1"><p>40mg</p></td><td rowspan="1" colspan="1"><p>cap dura</p></td></tr><tr><td rowspan="1" colspan="1"><p>ziprasidona monoidratado (cloridrato)</p></td><td rowspan="1" colspan="1"><p>GEODON</p></td><td rowspan="1" colspan="1"><p>188300102</p></td><td rowspan="1" colspan="1"><p>80mg</p></td><td rowspan="1" colspan="1"><p>cap dura</p></td></tr></table>]]></Texto>
  </body>
  <Midias />
</article></xml>