﻿<xml><article id="46239904" name="resolucao_4371_2025 GGFIS" idOficio="11379573" pubName="DO1" artType="Resolução" pubDate="03/11/2025" artClass="00047:00048:00016:00006:00000:00000:00000:00000:00000:00000:00064:34371" artCategory="Ministério da Saúde/Agência Nacional de Vigilância Sanitária/4ª Diretoria/Gerência-Geral de Inspeção e Fiscalização Sanitária" artSize="12" artNotes="" numberPage="136" pdfPage="http://pesquisa.in.gov.br/imprensa/jsp/visualiza/index.jsp?data=03/11/2025&amp;jornal=515&amp;pagina=136" editionNumber="209" highlightType="" highlightPriority="" highlight="" highlightimage="" highlightimagename="" idMateria="23277029">
  <body>
    <Identifica><![CDATA[ RESOLUÇÃO-RE nº 4.371, DE 31 DE OUTUBRO DE 2025]]></Identifica>
    <Data><![CDATA[]]></Data>
    <Ementa />
    <Titulo />
    <SubTitulo />
    <Texto><![CDATA[<p class="identifica">RESOLUÇÃO-RE nº 4.371, DE 31 DE OUTUBRO DE 2025</p><p>O GERENTE-GERAL DE INSPEÇÃO E FISCALIZAÇÃO SANITÁRIA DA AGÊNCIA NACIONAL DE VIGILÂNCIA SANITÁRIA, no uso das atribuições que lhe confere o art. 140, aliado ao art. 203, I, § 1º do Regimento Interno aprovado pela Resolução da Diretoria Colegiada - RDC nº 585, de 10 de dezembro de 2021,</p><p>Considerando o cumprimento dos requisitos de Boas Práticas de Fabricação preconizados em legislação vigente, para a área de Medicamentos, resolve:</p><p>Art. 1º Renovar a Certificação de Boas Práticas de Fabricação de Medicamentos das empresas constantes no ANEXO.</p><p>Art. 2º Esta Resolução entra em vigor na data de 13 de novembro de 2025.</p><p class="assina">Marcus Aurélio Miranda de Araújo</p><p class="anexo">ANEXO</p><p>EMPRESA FABRICANTE: ATLAS PHARM S.A.</p><p>ENDEREÇO: INDUSTRIAL ZONE OF BERRECHID, RP Nº 7, RUE C, BERRECHID MOROCCO - PAÍS: MARROCOS - CÓDIGO ÚNICO: A.001239</p><p>EMPRESA SOLICITANTE: TORRENT DO BRASIL LTDA - CNPJ: 33.078.528/0001-32</p><p>AUTORIZ/MS: 1005253 - EXPEDIENTE(s): 0642299/25-1</p><p>CERTIFICADO DE BOAS PRÁTICAS DE FABRICAÇÃO DE MEDICAMENTOS: Sólidos não estéreis: Cápsulas</p><p>Data de vencimento: 13/11/2027</p><p>.........................................</p><p>EMPRESA FABRICANTE: GRANULES INDIA LIMITED</p><p>ENDEREÇO: SY. NO. 160/A, 161/E, 162, &amp; 174/A, GAGILLAPUR VILLAGE, DUNDIGAL-GANDIMAISAMMA MANDAL, MEDCHAL-MALKAJGIRI DISTRICT - 500043, TELANGANA - PAÍS: ÍNDIA - CÓDIGO ÚNICO: A.001650</p><p>EMPRESA SOLICITANTE: KENVUE LTDA. - CNPJ: 59.748.988/0001-14</p><p>AUTORIZ/MS: 1057211 - EXPEDIENTE(s): 0636250/25-3</p><p>CERTIFICADO DE BOAS PRÁTICAS DE FABRICAÇÃO DE MEDICAMENTOS: Sólidos não estéreis (Embalagem primária; Granel): Granulados</p><p>Data de vencimento: 13/11/2027</p><p>.........................................</p><p>EMPRESA: WHITE MARTINS GASES INDUSTRIAIS LTDA - CNPJ: 35.820.448/0094-35 - AUTORIZ/MS: 2200001</p><p>ENDEREÇO: AVENIDA MARGINAL SERGIO CANCIAN, 5093,</p><p>MUNICÍPIO: SERTÃOZINHO - UF: SP - EXPEDIENTE: 0741101/25-4</p><p>CERTIFICADO DE BOAS PRÁTICAS DE FABRICAÇÃO DE MEDICAMENTOS: Gases Medicinais (Embalagem primária): Gás</p><p>Data de vencimento: 13/11/2027</p><p>.........................................</p><p>EMPRESA FABRICANTE: GENSENTA ILAÇ SANAYI VE TICARET A.S.</p><p>ENDEREÇO: SANAYI CADDESI NO:13 , 34197 YENIBOSNA-BAHÇELIEVLER - YENIBOSNA - ISTANBUL-TURKEY - PAÍS: TURQUIA - CÓDIGO ÚNICO: A.001483</p><p>EMPRESA SOLICITANTE: CELLTRION HEALTHCARE DISTRIBUICAO DE PRODUTOS FARMACEUTICOS DOS BRASIL LTDA - CNPJ: 05.452.889/0001-61</p><p>AUTORIZ/MS: 1092163 - EXPEDIENTE(s): 0320124/25-8</p><p>CERTIFICADO DE BOAS PRÁTICAS DE FABRICAÇÃO DE MEDICAMENTOS: Produtos estéreis (Granel): Pós Liofilizados; Soluções Parenterais de Pequeno Volume com Preparação Asséptica</p><p>Data de vencimento: 13/11/2027</p>]]></Texto>
  </body>
  <Midias />
</article></xml>