﻿<xml><article id="46239507" name="resolucao_4335_2025 GGMED" idOficio="11379555" pubName="DO1" artType="Resolução" pubDate="03/11/2025" artClass="00047:00048:00014:00008:00000:00000:00000:00000:00000:00000:00064:34335" artCategory="Ministério da Saúde/Agência Nacional de Vigilância Sanitária/2ª Diretoria/Gerência-Geral de Medicamentos" artSize="12" artNotes="" numberPage="103" pdfPage="http://pesquisa.in.gov.br/imprensa/jsp/visualiza/index.jsp?data=03/11/2025&amp;jornal=515&amp;pagina=103" editionNumber="209" highlightType="" highlightPriority="" highlight="" highlightimage="" highlightimagename="" idMateria="23276894">
  <body>
    <Identifica><![CDATA[ RESOLUÇÃO-RE nº 4.335, DE 31 DE OUTUBRO DE 2025]]></Identifica>
    <Data><![CDATA[]]></Data>
    <Ementa />
    <Titulo />
    <SubTitulo />
    <Texto><![CDATA[<p class="identifica">RESOLUÇÃO-RE nº 4.335, DE 31 DE OUTUBRO DE 2025</p><p>O GERENTE-GERAL DE MEDICAMENTOS DA AGÊNCIA NACIONAL DE VIGILÂNCIA SANITÁRIA, no uso das atribuições que lhe confere o art. 100, aliado ao art. 203, I, § 1º do Regimento Interno aprovado pela Resolução da Diretoria Colegiada - RDC nº 585, de 10 de dezembro de 2021, resolve:</p><p>Art. 1º Deferir petições relacionadas à Gerência-Geral de Medicamentos, conforme anexo.</p><p>Art. 2º Esta Resolução entra em vigor na data de sua publicação.</p><p class="assina">RAPHAEL SANCHES PEREIRA</p><p class="anexo">ANEXO</p><p>RAZÃO SOCIAL DA EMPRESA SOLICITANTE/ CNPJ: VALIDARI SOLUCOES EM SOFTWARE E CONSULTORIA FARMACEUTICA LTDA - 28.022.593/0001-06</p><p>DENOMINAÇÃO DA EMPRESA INSPECIONADA/CERTIFICADA: Accutest Research Laboratories (I) PVT LTD - Unidade Navi Mumbai</p><p>EXPEDIENTE: 0640947/25-5 de 12/05/2025</p><p>CERTIFICADO DE BOAS PRÁTICAS EM BIODISPONIBILIDADE/BIOEQUIVALÊNCIA PARA AS ETAPAS:</p><p>Clínica (Endereço: A-31, MIDC, TTC Industrial Área, Khairane, Thane - Navi Mumbai/Índia) / Bioanalítica (Endereço 1: A-31, MIDC, TTC Industrial Área, Khairane, Thane - Navi Mumbai/Índia); (Endereço 2: A-77, MIDC, TTC Industrial Área, Khairane, Thane - Navi Mumbai - Índia)</p><p>VALIDADE: 08/11/2027</p>]]></Texto>
  </body>
  <Midias />
</article></xml>