﻿<xml><article id="46239958" name="1Despacho homologa Parecer CNE n" idOficio="11379592" pubName="DO1" artType="Despacho" pubDate="03/11/2025" artClass="00025:00001:00000:00000:00000:00000:00000:00000:00000:00000:00024:00000" artCategory="Ministério da Educação/Gabinete do Ministro" artSize="12" artNotes="" numberPage="38" pdfPage="http://pesquisa.in.gov.br/imprensa/jsp/visualiza/index.jsp?data=03/11/2025&amp;jornal=515&amp;pagina=38" editionNumber="209" highlightType="" highlightPriority="" highlight="" highlightimage="" highlightimagename="" idMateria="23277022">
  <body>
    <Identifica><![CDATA[ DESPACHO DE 30 DE OUTUBRO DE 2025]]></Identifica>
    <Data><![CDATA[]]></Data>
    <Ementa />
    <Titulo />
    <SubTitulo />
    <Texto><![CDATA[<p class="identifica">DESPACHO DE 30 DE OUTUBRO DE 2025</p><p>Nos termos do art. 2º da Lei nº 9.131, de 24 de novembro de 1995, e conforme os fundamentos aduzidos no Parecer nº 00871/2025/CONJUR-MEC/CGU/AGU, de 17 de outubro de 2025, da Consultoria Jurídica junto ao Ministério da Educação, homologo o Parecer CNE/CES nº 351/2025, da Câmara de Educação Superior do Conselho Nacional de Educação, que conheceu do recurso para, no mérito, negar-lhe provimento, mantendo a decisão expressa na Portaria nº 138, de 12 de abril de 2024, da Secretaria de Regulação e Supervisão da Educação Superior, que determinou a desativação do curso superior de Educação Física, licenciatura, ofertado pela Faculdade Única de Formação e Ensino - Funife, com sede na Rua Ely Cardoso, nº 45, Bairro Santa Cecília, no município de São Gabriel da Palha, no estado do Espírito Santo, conforme consta do Processo nº 23000.002899/2023-03 (e-MEC nº 201803527).</p><p class="assina">CAMILO SOBREIRA DE SANTANA</p><p class="cargo">Ministro</p>]]></Texto>
  </body>
  <Midias />
</article></xml>