﻿<xml><article id="46231915" name="resolucao_4299_2025 GGALI" idOficio="11377950" pubName="DO1" artType="Resolução" pubDate="03/11/2025" artClass="00047:00048:00014:00007:00000:00000:00000:00000:00000:00000:00064:34299" artCategory="Ministério da Saúde/Agência Nacional de Vigilância Sanitária/2ª Diretoria/Gerência-Geral de Alimentos" artSize="12" artNotes="" numberPage="103" pdfPage="http://pesquisa.in.gov.br/imprensa/jsp/visualiza/index.jsp?data=03/11/2025&amp;jornal=515&amp;pagina=103" editionNumber="209" highlightType="" highlightPriority="" highlight="" highlightimage="" highlightimagename="" idMateria="23272819">
  <body>
    <Identifica><![CDATA[ RESOLUÇÃO-RE Nº 4.299, de 30 DE Outubro DE 2025]]></Identifica>
    <Data><![CDATA[]]></Data>
    <Ementa />
    <Titulo />
    <SubTitulo />
    <Texto><![CDATA[<p class="identifica">RESOLUÇÃO-RE Nº 4.299, de 30 DE Outubro DE 2025</p><p>A GERENTE-GERAL SUBSTITUTA DE ALIMENTOS DA AGÊNCIA NACIONAL DE VIGILÂNCIA SANITÁRIA, no uso das atribuições que lhe confere o art. 96, aliado ao art. 203, I, §1º do Regimento Interno aprovado pela Resolução da Diretoria Colegiada-RDC nº 585, de 10 de dezembro de 2021, resolve:</p><p>Art.1º Declarar o cancelamento das notificações relacionadas à Gerência-Geral de Alimentos, conforme relação anexa.</p><p>Art. 2º Esta Resolução entra em vigor na data de sua publicação.</p><p class="assina">ÂNGELA KARINNE FAGUNDES DE CASTRO</p><p class="anexo">ANEXO</p><p>Relatório de Conferência - Alimentos: 668825</p><p>NOME DA EMPRESA / CNPJ</p><p>NOME DO PRODUTO</p><p>NÚMERO DO PROCESSO</p><p>PETIÇÃO(ÕES) / EXPEDIENTE(S)</p><p>_________________________________________________________________</p><p>A &amp; C INDUSTRIA E COMERCIO, IMPORTACAO E EXPORTACAO LTDA - ME / 19.017.012/0001-57</p><p>BioEnergiQ10 + Associações</p><p>25351.078463/2025-94</p>]]></Texto>
  </body>
  <Midias />
</article></xml>