﻿<xml><article id="46234297" name="RDC 630 - para publicar_004" idOficio="11378399" pubName="DO1" artType="Decisão" pubDate="03/11/2025" artClass="00047:00047:00007:00001:00000:00000:00000:00000:00000:00000:00018:00006" artCategory="Ministério da Saúde/Agência Nacional de Saúde Suplementar/Diretoria Colegiada/Coordenadoria de Recursos e Assessoramento" artSize="24" artNotes="" numberPage="95" pdfPage="http://pesquisa.in.gov.br/imprensa/jsp/visualiza/index.jsp?data=03/11/2025&amp;jornal=515&amp;pagina=95" editionNumber="209" highlightType="" highlightPriority="" highlight="" highlightimage="" highlightimagename="" idMateria="23273598">
  <body>
    <Identifica />
    <Data><![CDATA[]]></Data>
    <Ementa />
    <Titulo />
    <SubTitulo />
    <Texto><![CDATA[<p /><p></p><table><tr /><tr><td rowspan="1" colspan="1"><p>33910.036168/2021-82</p></td><td rowspan="1" colspan="1"><p>AMIL ASSISTÊNCIA MÉDICA INTERNACIONAL S.A</p></td><td rowspan="1" colspan="1"><p>DIGES</p></td><td rowspan="1" colspan="1"><p>Art. 74 da RN 124/06</p></td><td rowspan="1" colspan="1"><p>27.500,00 (vinte e sete mil e quinhentos reais)</p></td></tr><tr><td rowspan="1" colspan="1"><p>33910.004910/2023-52</p></td><td rowspan="1" colspan="1"><p>UNIMED PATOS - COOPERATIVA DE TRABALHO MÉDICO</p></td><td rowspan="1" colspan="1"><p>DIGES</p></td><td rowspan="1" colspan="1"><p>Art. 101 da RN 489/22</p></td><td rowspan="1" colspan="1"><p>32.000,00 (trinta e dois mil reais)</p></td></tr><tr><td rowspan="1" colspan="1"><p>33910.011296/2022-02</p></td><td rowspan="1" colspan="1"><p>UNIMED-SÃO GONÇALO - NITERÓI - SOC.COOP.SERV.MED E HOSP LTDA</p></td><td rowspan="1" colspan="1"><p>DIOPE</p></td><td rowspan="1" colspan="1"><p>Art. 77 da RN 124/06</p></td><td rowspan="1" colspan="1"><p>63.360,00 (sessenta e três mil e trezentos e sessenta reais)</p></td></tr><tr><td rowspan="1" colspan="1"><p>33910.002926/2023-21</p></td><td rowspan="1" colspan="1"><p>HAPVIDA ASSISTENCIA MEDICA S.A</p></td><td rowspan="1" colspan="1"><p>DIOPE</p></td><td rowspan="1" colspan="1"><p>Art. 101 da RN 489/22</p></td><td rowspan="1" colspan="1"><p>88.000,00 (oitenta e oito mil reais)</p></td></tr><tr><td rowspan="1" colspan="1"><p>33910.005202/2023-39</p></td><td rowspan="1" colspan="1"><p>HAPVIDA ASSISTENCIA MEDICA S.A</p></td><td rowspan="1" colspan="1"><p>DIOPE</p></td><td rowspan="1" colspan="1"><p>Art. 101 da RN 489/22</p></td><td rowspan="1" colspan="1"><p>79.200,00 (setenta e nove mil e duzentos reais)</p></td></tr><tr><td rowspan="1" colspan="1"><p>33910.013187/2023-01</p></td><td rowspan="1" colspan="1"><p>FEDERAÇÃO DAS SOCIEDADES COOPERATIVAS DE TRABALHO MÉDICO DO ACRE, AMAPÁ, AMAZONAS, PARÁ, RONDONIA E RORAIMA</p></td><td rowspan="1" colspan="1"><p>DIOPE</p></td><td rowspan="1" colspan="1"><p>Art. 101 da RN 489/22</p></td><td rowspan="1" colspan="1"><p>47.520,00 (quarenta e sete mil e quinhentos e vinte reais)</p></td></tr><tr><td rowspan="1" colspan="1"><p>33910.021250/2023-74</p></td><td rowspan="1" colspan="1"><p>FEDERAÇÃO DAS SOCIEDADES COOPERATIVAS DE TRABALHO MÉDICO DO ACRE, AMAPÁ, AMAZONAS, PARÁ, RONDONIA E RORAIMA</p></td><td rowspan="1" colspan="1"><p>DIOPE</p></td><td rowspan="1" colspan="1"><p>Art. 101 da RN 489/22</p></td><td rowspan="1" colspan="1"><p>52.800,00 (cinquenta e dois mil e oitocentos reais)</p></td></tr><tr><td rowspan="1" colspan="1"><p>33910.022401/2022-21</p></td><td rowspan="1" colspan="1"><p>UNIMED CURITIBA - SOCIEDADE COOPERATIVA DE MÉDICOS</p></td><td rowspan="1" colspan="1"><p>DIOPE</p></td><td rowspan="1" colspan="1"><p>Art. 77 da RN 124/06</p></td><td rowspan="1" colspan="1"><p>88.000,00 (oitenta e oito mil reais)</p></td></tr><tr><td rowspan="1" colspan="1"><p>33910.042434/2022-97</p></td><td rowspan="1" colspan="1"><p>A.P.S ASSISTÊNCIA PERSONALIZADA À SAÚDE LTDA</p></td><td rowspan="1" colspan="1"><p>DIOPE</p></td><td rowspan="1" colspan="1"><p>Art. 77 da RN 124/06</p></td><td rowspan="1" colspan="1"><p>32.000,00 (trinta e dois mil reais)</p></td></tr><tr><td rowspan="1" colspan="1"><p>33910.021117/2023-18</p></td><td rowspan="1" colspan="1"><p>HAPVIDA ASSISTENCIA MEDICA S.A</p></td><td rowspan="1" colspan="1"><p>DIGES</p></td><td rowspan="1" colspan="1"><p>Art. 101 da RN 489/22</p></td><td rowspan="1" colspan="1"><p>79.200,00 (setenta e nove mil e duzentos reais)</p></td></tr><tr><td rowspan="1" colspan="1"><p>33910.003805/2023-04</p></td><td rowspan="1" colspan="1"><p>FEDERAÇÃO DAS SOCIEDADES COOPERATIVAS DE TRABALHO MÉDICO DO ACRE, AMAPÁ, AMAZONAS, PARÁ, RONDONIA E RORAIMA</p></td><td rowspan="1" colspan="1"><p>DIGES</p></td><td rowspan="1" colspan="1"><p>Art. 101 da RN 489/22</p></td><td rowspan="1" colspan="1"><p>52.800,00 (cinquenta e dois mil e oitocentos reais)</p></td></tr><tr><td rowspan="1" colspan="1"><p>33910.002691/2023-77</p></td><td rowspan="1" colspan="1"><p>QUALICORP CLUBE DE SAÚDE ADMINISTRADORA DE BENEFÍCIOS LTDA</p></td><td rowspan="1" colspan="1"><p>DIGES</p></td><td rowspan="1" colspan="1"><p>Art. 100 da RN 489/22</p></td><td rowspan="1" colspan="1"><p>27.000,00 (vinte e sete mil reais)</p></td></tr><tr><td rowspan="1" colspan="1"><p>33910.004268/2023-10</p></td><td rowspan="1" colspan="1"><p>FEDERAÇÃO DAS SOCIEDADES COOPERATIVAS DE TRABALHO MÉDICO DO ACRE, AMAPÁ, AMAZONAS, PARÁ, RONDONIA E RORAIMA</p></td><td rowspan="1" colspan="1"><p>DIGES</p></td><td rowspan="1" colspan="1"><p>Art. 101 da RN 489/22</p></td><td rowspan="1" colspan="1"><p>47.520,00 (quarenta e sete mil quinhentos e vinte reais)</p></td></tr><tr><td rowspan="1" colspan="1"><p>33910.016253/2023-96</p></td><td rowspan="1" colspan="1"><p>SANTO ANDRÉ PLANOS DE ASSISTENCIA MÉDICA LTDA</p></td><td rowspan="1" colspan="1"><p>DIGES</p></td><td rowspan="1" colspan="1"><p>Art. 101 da RN 489/22</p></td><td rowspan="1" colspan="1"><p>52.800,00 (cinquenta e dois mil e oitocentos reais)</p></td></tr><tr><td rowspan="1" colspan="1"><p>33910.018828/2021-43</p></td><td rowspan="1" colspan="1"><p>YOU ASSISTÊNCIA MÉDICA LTDA</p></td><td rowspan="1" colspan="1"><p>DIGES</p></td><td rowspan="1" colspan="1"><p>Art. 35 da RN 124/06</p></td><td rowspan="1" colspan="1"><p>6.000,00 (seis mil reais)</p></td></tr><tr><td rowspan="1" colspan="1"><p>33910.011445/2020-63</p></td><td rowspan="1" colspan="1"><p>UNIMED NORTE/NORDESTE-FEDERAÇÃO INTERFEDERATIVA DAS SOCIEDADES COOPERATIVAS DE TRABALHO MÉDICO EM RECUPERAÇÃO JUDICIAL</p></td><td rowspan="1" colspan="1"><p>DIGES</p></td><td rowspan="1" colspan="1"><p>Art. 77 da RN 124/06</p></td><td rowspan="1" colspan="1"><p>158.400,00 (cento e cinquenta e oito mil e quatrocentos reais)</p></td></tr><tr><td rowspan="1" colspan="1"><p>33910.022398/2022-45</p></td><td rowspan="1" colspan="1"><p>UNIMED RIO COOPERATIVA DE TRABALHO MÉDICO</p></td><td rowspan="1" colspan="1"><p>DIGES</p></td><td rowspan="1" colspan="1"><p>Art. 77 da RN 124/06</p></td><td rowspan="1" colspan="1"><p>79.200,00 (setenta e nove mil e duzentos reais)</p></td></tr><tr><td rowspan="1" colspan="1"><p>33910.006355/2023-01</p></td><td rowspan="1" colspan="1"><p>UNIMED-RIO COOPERATIVA DE TRABALHO MÉDICO DO RIO DE JANEIRO</p></td><td rowspan="1" colspan="1"><p>DIGES</p></td><td rowspan="1" colspan="1"><p>Art. 101 da RN 489/22</p></td><td rowspan="1" colspan="1"><p>79.200,00 (setenta e nove mil e duzentos reais)</p></td></tr><tr><td rowspan="1" colspan="1"><p>33910.006236/2023-41</p></td><td rowspan="1" colspan="1"><p>UNIMED DE MANAUS COOP. DO TRABALHO MÉDICO LTDA</p></td><td rowspan="1" colspan="1"><p>DIGES</p></td><td rowspan="1" colspan="1"><p>Art. 101 da RN 489/22</p></td><td rowspan="1" colspan="1"><p>35.200,00 (trinta e cinco mil e duzentos reais)</p></td></tr><tr><td rowspan="1" colspan="1"><p>33910.025176/2023-65</p></td><td rowspan="1" colspan="1"><p>AMEPLAN ASSISTÊNCIA MÉDICA PLANEJADA LTDA</p></td><td rowspan="1" colspan="1"><p>DIGES</p></td><td rowspan="1" colspan="1"><p>Art. 101 da RN 489/22</p></td><td rowspan="1" colspan="1"><p>52.800,00 (cinquenta e dois mil e oitocentos reais)</p></td></tr><tr><td rowspan="1" colspan="1"><p>33910.002380/2023-16</p></td><td rowspan="1" colspan="1"><p>UNIMED GRANDE FLORIANÓPOLIS-COOPERATIVA DE TRABALHO MÉDICO</p></td><td rowspan="1" colspan="1"><p>DIGES</p></td><td rowspan="1" colspan="1"><p>Art. 101 da RN 489/22</p></td><td rowspan="1" colspan="1"><p>88.000,00 (oitenta e oito mil reais)</p></td></tr><tr><td rowspan="1" colspan="1"><p>33910.025649/2023-24</p></td><td rowspan="1" colspan="1"><p>UNIMED NACIONAL - COOPERATIVA CENTRAL</p></td><td rowspan="1" colspan="1"><p>DIGES</p></td><td rowspan="1" colspan="1"><p>Art. 101 da RN 489/22</p></td><td rowspan="1" colspan="1"><p>88.000,00 (oitenta e oito mil reais)</p></td></tr></table>]]></Texto>
  </body>
  <Midias />
</article></xml>