﻿<xml><article id="46239901" name="resolucao_4362_2025 COAFE" idOficio="11379573" pubName="DO1" artType="Resolução" pubDate="03/11/2025" artClass="00047:00048:00016:00006:00002:00000:00000:00000:00000:00000:00064:34362" artCategory="Ministério da Saúde/Agência Nacional de Vigilância Sanitária/4ª Diretoria/Gerência-Geral de Inspeção e Fiscalização Sanitária/Coordenação de Autorização de Funcionamento de Empresas" artSize="12" artNotes="" numberPage="145" pdfPage="http://pesquisa.in.gov.br/imprensa/jsp/visualiza/index.jsp?data=03/11/2025&amp;jornal=515&amp;pagina=145" editionNumber="209" highlightType="" highlightPriority="" highlight="" highlightimage="" highlightimagename="" idMateria="23277001">
  <body>
    <Identifica><![CDATA[ RESOLUÇÃO-RE Nº 4.362, DE 31 DE OUTUBRO DE 2025]]></Identifica>
    <Data><![CDATA[]]></Data>
    <Ementa />
    <Titulo />
    <SubTitulo />
    <Texto><![CDATA[<p class="identifica">RESOLUÇÃO-RE Nº 4.362, DE 31 DE OUTUBRO DE 2025</p><p>O COORDENADOR DE AUTORIZAÇÃO DE FUNCIONAMENTO DE EMPRESAS DA AGÊNCIA NACIONAL DE VIGILÂNCIA SANITÁRIA, no uso das atribuições que lhe confere o art. 144, aliado ao art. 203, I, §1° do Regimento Interno aprovado pela Resolução da Diretoria Colegiada - RDC n° 585, de 10 de dezembro de 2021, resolve:</p><p>Art. 1º. Indeferir o Pedido de Autorização Especial para a Empresa de Medicamentos e Insumos Farmacêuticos, constante no anexo desta Resolução, de acordo com a Portaria n°. 344, de 12 de maio de 1998 e suas atualizações, observando-se as proibições e restrições estabelecidas.</p><p>Art. 2º Esta Resolução entra em vigor na data de sua publicação.</p><p class="assina">DANIEL MARCOS PEREIRA DOURADO</p><p class="anexo">ANEXO</p><p>CATARINA LOGISTICA E TRANSPORTES LTDA. / 23.769.609/0001-25</p><p>25351.193777/2025-16 /</p><p>7176 - AE - CONCESSÃO - MEDICAMENTOS E INSUMOS FARMACÊUTICOS - TRANSPORTADORA DO PRODUTO SUJEITO A CONTROLE ESPECIAL / 1408516250</p><p>MOTIVO DO INDEFERIMENTO:</p><p>Não apresentação do Relatório de Inspeção descrevendo a capacidade da empresa para executar a atividade relacionada a substâncias sujeitas ao controle especial, emitido pela autoridade sanitária local competente, conforme disposto no artigo 15, § 4º e artigo 18 da RDC nº 16/2014.</p>]]></Texto>
  </body>
  <Midias />
</article></xml>