﻿<xml><article id="46267802" name="Resolucao 028 - 2025 - Suplement" idOficio="11382030" pubName="DO1" artType="Resolução" pubDate="04/11/2025" artClass="00071:00340:00000:00000:00000:00000:00000:00000:00000:00000:00064:00000" artCategory="Entidades de Fiscalização do Exercício das Profissões Liberais/Conselho Regional de Fisioterapia e Terapia Ocupacional da 15ª Região" artSize="12" artNotes="" numberPage="169" pdfPage="http://pesquisa.in.gov.br/imprensa/jsp/visualiza/index.jsp?data=04/11/2025&amp;jornal=515&amp;pagina=169" editionNumber="210" highlightType="" highlightPriority="" highlight="" highlightimage="" highlightimagename="" idMateria="23280007">
  <body>
    <Identifica><![CDATA[ RESOLUÇÃO Nº 28, DE 1º de OUTUBRO DE 2025]]></Identifica>
    <Data><![CDATA[]]></Data>
    <Ementa><![CDATA[ Dispõe sobre a abertura de crédito adicional suplementar ao orçamento do Conselho Regional de Fisioterapia e Terapia Ocupacional da 15° Região.]]></Ementa>
    <Titulo />
    <SubTitulo />
    <Texto><![CDATA[<p class="identifica">RESOLUÇÃO Nº 28, DE 1º de OUTUBRO DE 2025</p><p class="ementa">Dispõe sobre a abertura de crédito adicional suplementar ao orçamento do Conselho Regional de Fisioterapia e Terapia Ocupacional da 15° Região.</p><p>O Plenário do CONSELHO REGIONAL DE FISIOTERAPIA E TERAPIA OCUPACIONAL DA 15ª REGIÃO, tendo em vista o que determina os incisos VI, XIV e XV do art. 7º da Lei nº 6.316, de 12/12/1975, e os incisos X, XI do art. 8º, bem como o inc. I do art. 46, todos da Resolução COFFITO nº 182/1997, nos termos do deliberado na 56ª Reunião Plenária realizada em 01/10/2025, e:</p><p>CONSIDERANDO a Resolução CREFITO-15 nº 25/2024 que aprovou a Proposta Orçamentária do Conselho Regional de Fisioterapia e Terapia Ocupacional da 15° Região para o exercício de 2025;</p><p>CONSIDERANDO o repasse financeiro efetuado pelo Conselho Federal de Fisioterapia e Terapia Ocupacional - COFFITO destinado ao apoio da 1ª Corrida da Fisioterapia e Terapia Ocupacional do Espírito Santo, resolve:</p><p>Art. 1º Abrir crédito adicional suplementar ao orçamento do exercício financeiro de 2025, no valor de R$ 50.000,00 (cinquenta mil reais).</p><p>SUPLEMENTA:</p><p>CONTA: 6.2.2.1.1.01.04.04.026</p><p>RUBRICA: CONGRESSOS, CONFERÊNCIAS E EVENTOS</p><p>SUPLEMENTAÇÃO: R$ 50.000,00</p><p>Art. 2º Os recursos utilizados para a cobertura deste crédito adicional suplementar no valor de R$ 50.000,00 (cinquenta mil reais) referem-se ao auxílio financeiro em adesão à realização da 1ª Corrida da Fisioterapia e Terapia Ocupacional do Espírito Santo, sendo concedido pelo COFFITO.</p><p>Art. 3º Essa resolução entra em vigor na data de sua assinatura.</p><p class="assina">CARLOS HENRIQUE NUNES DA COSTA</p><p class="cargo">Presidente do Conselho</p><p class="assina">HENRIQUE CLERES DO VALE</p><p class="cargo">Diretor Financeiro</p>]]></Texto>
  </body>
  <Midias />
</article></xml>