﻿<xml><article id="46237140" name="ADE6BHE144" idOficio="11379397" pubName="DO1" artType="Ato Declaratório" pubDate="03/11/2025" artClass="00028:00033:00435:00098:00004:00000:00000:00000:00000:00000:00007:00000" artCategory="Ministério da Fazenda/Secretaria Especial da Receita Federal do Brasil/Secretaria-Adjunta/Superintendência Regional da Receita Federal do Brasil 6ª Região Fiscal/Delegacia da Receita Federal do Brasil em Belo Horizonte" artSize="12" artNotes="ok" numberPage="54" pdfPage="http://pesquisa.in.gov.br/imprensa/jsp/visualiza/index.jsp?data=03/11/2025&amp;jornal=515&amp;pagina=54" editionNumber="209" highlightType="" highlightPriority="" highlight="" highlightimage="" highlightimagename="" idMateria="23276651">
  <body>
    <Identifica><![CDATA[ ATO DECLARATÓRIO EXECUTIVO DRF/BHE Nº 144, DE 31 DE OUTUBRO DE 2025]]></Identifica>
    <Data><![CDATA[]]></Data>
    <Ementa><![CDATA[ Aprova o fornecimento de selos de controle, para selagem no exterior, de Uísque.]]></Ementa>
    <Titulo />
    <SubTitulo />
    <Texto><![CDATA[<p class="identifica">ATO DECLARATÓRIO EXECUTIVO DRF/BHE Nº 144, DE 31 DE OUTUBRO DE 2025</p><p class="ementa">Aprova o fornecimento de selos de controle, para selagem no exterior, de Uísque.</p><p>O DELEGADO DA DELEGACIA DA RECEITA FEDERAL DO BRASIL EM BELO HORIZONTE/MG, no exercício das atribuições regimentais definidas pelo artigo 364, inciso VI, do Regimento Interno da Secretaria da Receita Federal do Brasil do Ministério da Economia, aprovado pela Portaria Nº 284, de 27 de julho de 2020, publicada no Diário Oficial da União de 27 de julho de 2020, e, tendo em vista o disposto nos arts. 1º ao 3º e 49 a 51 da Instrução Normativa RFB nº 1.432, de 26 de dezembro de 2013, e de acordo com o Ato Declaratório Executivo (DRF/Belo Horizonte/MG) nº 73 de 06 de novembro de 2020, publicado no Diário Oficial de 11 de novembro de 2020, e conforme demais documentos integrantes dos Dossiês/Processos nºs 13031.213817/2020-82 e 13031.339880/2023-91, aprova:</p><p>Art. 1o - O fornecimento de 500.940 (quinhentos mil e novecentos e quarenta) selos de controle, tipo bebida Uísque, cor amarela, à empresa COLUMBIA TRADING S/A, CNPJ nº 46.548.574/0018-48, localizada na Rua Serra do Rola Moça, nº 315 - galpão 09, bairro Distrito Industrial do Jatobá, CEP 30.668-271, cidade de Belo Horizonte, estado de Minas Gerais, inscrita no Registro Especial de Estabelecimento Importador sob o nº 06101/244, para selagem no exterior dos produtos abaixo relacionados, produzidos por BROWN - FORMAN BEVERAGES WORLDWIDE, P.O. BOX 1080 - LOUISVILLE, KY 40210-1080 - USA:</p><p /><p></p><table><tr /><tr><td rowspan="1" colspan="1"><p>Marca Comercial</p></td><td rowspan="1" colspan="1"><p>Característica do Produto</p></td><td rowspan="1" colspan="1"><p>Qtd. Cx</p></td><td rowspan="1" colspan="1"><p>Qtd. Unid.</p></td></tr><tr><td rowspan="1" colspan="1"><p>JACK DANIEL´S</p></td><td rowspan="1" colspan="1"><p>Uísque americano, em caixas de 12 garrafas de 1.000ml, 40% GL idade até 8 anos</p></td><td rowspan="1" colspan="1"><p>41.745</p></td><td rowspan="1" colspan="1"><p>500.940</p></td></tr></table><p>Parágrafo único. O estabelecimento interessado deverá cumprir as obrigações citadas na Instrução Normativa RFB nº 1.432, de 26 de dezembro de 2013, principalmente a de efetuar o pagamento dos selos e retirá-los na unidade da RFB de seu domicílio fiscal no prazo de 15 (quinze dias) a contar da data de publicação deste ADE, sob pena de ficar sem efeito a autorização para a importação.</p><p>Art. 2º A empresa importadora terá o prazo de 180 (cento e oitenta) dias, contado da data do fornecimento do selo de controle, para efetuar o registro da declaração de importação.</p><p>Art. 3º Este Ato Declaratório Executivo entra em vigor na data de sua publicação no Diário Oficial da União.</p><p class="assina">RODRIGO BRITO MENDONÇA</p>]]></Texto>
  </body>
  <Midias />
</article></xml>