﻿<xml><article id="46231948" name="Desp-1505_2025" idOficio="11377926" pubName="DO1" artType="Despacho" pubDate="03/11/2025" artClass="00035:00045:00048:00000:00000:00000:00000:00000:00000:00000:00024:00000" artCategory="Ministério de Minas e Energia/Agência Nacional do Petróleo, Gás Natural e Biocombustíveis/Superintendência de Distribuição e Logística" artSize="12" artNotes="" numberPage="76" pdfPage="http://pesquisa.in.gov.br/imprensa/jsp/visualiza/index.jsp?data=03/11/2025&amp;jornal=515&amp;pagina=76" editionNumber="209" highlightType="" highlightPriority="" highlight="" highlightimage="" highlightimagename="" idMateria="23272784">
  <body>
    <Identifica><![CDATA[ DESPACHO SDL-ANP Nº 1.505, DE 31 DE OUTUBRO DE 2025]]></Identifica>
    <Data><![CDATA[]]></Data>
    <Ementa />
    <Titulo />
    <SubTitulo />
    <Texto><![CDATA[<p class="identifica">DESPACHO SDL-ANP Nº 1.505, DE 31 DE OUTUBRO DE 2025</p><p>O SUPERINTENDENTE ADJUNTO DE DISTRIBUIÇÃO E LOGÍSTICA DA AGÊNCIA NACIONAL DO PETRÓLEO, GÁS NATURAL E BIOCOMBUSTÍVEIS - ANP, no uso das atribuições que lhe foram conferidas pela Portaria ANP nº 265, de 10 de setembro de 2020, com base na Resolução ANP nº 948 de 5 de outubro de 2023, torna pública a outorga das seguintes autorizações para o exercício da atividade de revenda varejista de combustíveis automotivos:</p><p /><p></p><table><tr /><tr><td rowspan="1" colspan="1"><p>Nº de Registro</p></td><td rowspan="1" colspan="1"><p>Razão Social</p></td><td rowspan="1" colspan="1"><p>CNPJ</p></td><td rowspan="1" colspan="1"><p>Processo</p></td></tr><tr><td rowspan="1" colspan="1"><p>PR/RJ0251240</p></td><td rowspan="1" colspan="1"><p>AUTO POSTO PRAINHA DE CAXIAS LTDA</p></td><td rowspan="1" colspan="1"><p>48.822.312/0001-07</p></td><td rowspan="1" colspan="1"><p>48610.215111/2025-23</p></td></tr><tr><td rowspan="1" colspan="1"><p>PR/PR0251242</p></td><td rowspan="1" colspan="1"><p>AUTO POSTO SAO VICENTE PALOTTI LTDA</p></td><td rowspan="1" colspan="1"><p>33.330.946/0001-75</p></td><td rowspan="1" colspan="1"><p>48610.228983/2025-51</p></td></tr><tr><td rowspan="1" colspan="1"><p>PR/SP0251238</p></td><td rowspan="1" colspan="1"><p>AUTO POSTO SERRA DO LITORAL LTDA</p></td><td rowspan="1" colspan="1"><p>54.389.190/0001-00</p></td><td rowspan="1" colspan="1"><p>48610.229231/2025-16</p></td></tr><tr><td rowspan="1" colspan="1"><p>PR/RS0251235</p></td><td rowspan="1" colspan="1"><p>COMERCIAL DE COMBUSTIVEIS RECORD LTDA</p></td><td rowspan="1" colspan="1"><p>62.241.841/0001-48</p></td><td rowspan="1" colspan="1"><p>48610.228967/2025-69</p></td></tr><tr><td rowspan="1" colspan="1"><p>PR/SC0251232</p></td><td rowspan="1" colspan="1"><p>GDI COMERCIO DE COMBUSTIVEIS 4 LTDA</p></td><td rowspan="1" colspan="1"><p>62.505.274/0001-90</p></td><td rowspan="1" colspan="1"><p>48610.229144/2025-51</p></td></tr><tr><td rowspan="1" colspan="1"><p>PR/PA0251234</p></td><td rowspan="1" colspan="1"><p>MB COMBUSTIVEL LTDA</p></td><td rowspan="1" colspan="1"><p>52.035.395/0001-61</p></td><td rowspan="1" colspan="1"><p>48610.209001/2024-41</p></td></tr><tr><td rowspan="1" colspan="1"><p>PR/GO0251237</p></td><td rowspan="1" colspan="1"><p>POSTO FLEX RUBIATABA LTDA</p></td><td rowspan="1" colspan="1"><p>57.131.016/0001-50</p></td><td rowspan="1" colspan="1"><p>48610.226053/2025-63</p></td></tr><tr><td rowspan="1" colspan="1"><p>PR/MG0251241</p></td><td rowspan="1" colspan="1"><p>POSTO MJS LTDA</p></td><td rowspan="1" colspan="1"><p>55.699.369/0001-26</p></td><td rowspan="1" colspan="1"><p>48610.229217/2025-12</p></td></tr><tr><td rowspan="1" colspan="1"><p>PR/RS0251233</p></td><td rowspan="1" colspan="1"><p>POSTO RODA MAIS 10 LTDA</p></td><td rowspan="1" colspan="1"><p>62.719.479/0001-78</p></td><td rowspan="1" colspan="1"><p>48610.228863/2025-54</p></td></tr><tr><td rowspan="1" colspan="1"><p>PR/RN0251239</p></td><td rowspan="1" colspan="1"><p>POSTO 30 DE SETEMBRO PETROLEO E GAS LTDA</p></td><td rowspan="1" colspan="1"><p>54.893.746/0001-09</p></td><td rowspan="1" colspan="1"><p>48610.229311/2025-63</p></td></tr><tr><td rowspan="1" colspan="1"><p>PR/RJ0251236</p></td><td rowspan="1" colspan="1"><p>TANIA L G M PACHECO PNEUS</p></td><td rowspan="1" colspan="1"><p>39.679.881/0001-54</p></td><td rowspan="1" colspan="1"><p>48610.228083/2025-12</p></td></tr></table><p>BRUNO VALLE DE MOURA</p>]]></Texto>
  </body>
  <Midias />
</article></xml>