﻿<xml><article id="46237527" name="PT SAES NA 3406" idOficio="11379444" pubName="DO1" artType="Portaria" pubDate="03/11/2025" artClass="00047:00037:00000:00000:00000:00000:00000:00000:00000:00000:00017:00020" artCategory="Ministério da Saúde/Secretaria de Atenção Especializada à Saúde" artSize="12" artNotes="" numberPage="88" pdfPage="http://pesquisa.in.gov.br/imprensa/jsp/visualiza/index.jsp?data=03/11/2025&amp;jornal=515&amp;pagina=88" editionNumber="209" highlightType="" highlightPriority="" highlight="" highlightimage="" highlightimagename="" idMateria="23276714">
  <body>
    <Identifica><![CDATA[ Portaria SAES/MS Nº 3.406, DE 28 DE outubro DE 2025]]></Identifica>
    <Data><![CDATA[]]></Data>
    <Ementa><![CDATA[ Indefere a Concessão do CEBAS da Associação Sentimento Novo, com sede em Feira de Santana (BA).]]></Ementa>
    <Titulo />
    <SubTitulo />
    <Texto><![CDATA[<p class="identifica">Portaria SAES/MS Nº 3.406, DE 28 DE outubro DE 2025</p><p class="ementa">Indefere a Concessão do CEBAS da Associação Sentimento Novo, com sede em Feira de Santana (BA).</p><p>O SECRETÁRIO DE ATENÇÃO ESPECIALIZADA À SAÚDE, no uso das atribuições que lhe confere o Decreto nº 11.798, de 28 de novembro de 2023, alterado pelo Decreto nº 12.489, de 04 de junho de 2025, resolve:</p><p>Art. 1º Fica indeferida a Concessão do Certificado de Entidade Beneficente de Assistência Social (CEBAS) da Associação Sentimento Novo, CNPJ nº 13.959.107/0001-03, com sede em Feira de Santana (BA), em razão da não comprovação dos requisitos da Lei nº 12.101/2009 e seus regulamentos, nos termos do Parecer Técnico nº 506/2025-CGCER/DCEBAS/SAES/MS, constante do Processo nº 25000.171687/2021-21.</p><p>Art. 2º A instituição requerente fica notificada para, caso queira, apresentar recurso administrativo no prazo de 30 (trinta) dias a contar da data da presente publicação, conforme legislação pertinente.</p><p>Art. 3º Esta Portaria entra em vigor na data de sua publicação.</p><p class="assina">MOZART JULIO TABOSA SALES</p>]]></Texto>
  </body>
  <Midias />
</article></xml>