﻿<xml><article id="46230003" name="despacho_publicacao_115_2025 DIR" idOficio="11377556" pubName="DO1" artType="Despacho" pubDate="03/11/2025" artClass="00047:00048:00008:00000:00000:00000:00000:00000:00000:00000:00024:80115" artCategory="Ministério da Saúde/Agência Nacional de Vigilância Sanitária/Diretoria Colegiada" artSize="12" artNotes="" numberPage="100" pdfPage="http://pesquisa.in.gov.br/imprensa/jsp/visualiza/index.jsp?data=03/11/2025&amp;jornal=515&amp;pagina=100" editionNumber="209" highlightType="" highlightPriority="" highlight="" highlightimage="" highlightimagename="" idMateria="23271916">
  <body>
    <Identifica><![CDATA[ DESPACHO N° 115, DE 30 DE OUTUBRO DE 2025]]></Identifica>
    <Data><![CDATA[]]></Data>
    <Ementa />
    <Titulo />
    <SubTitulo />
    <Texto><![CDATA[<p class="identifica">DESPACHO N° 115, DE 30 DE OUTUBRO DE 2025</p><p>A DIRETORIA COLEGIADA DA AGÊNCIA NACIONAL DE VIGILÂNCIA SANITÁRIA, no uso de suas atribuições, tendo em vista o disposto no art. 204, § 5º, aliado ao art. 187, X, § 1º do Regimento Interno aprovado pela Resolução da Diretoria Colegiada - RDC nº 585, de 10 de dezembro de 2021, e ao art. 17 da Resolução da Diretoria Colegiada - RDC nº 266, de 8 de fevereiro de 2019, e conforme deliberado em reunião realizada por meio do Circuito Deliberativo CD 1.087/2025, de 9 de outubro de 2025, RETIRA O EFEITO SUSPENSIVO do recurso a seguir especificado, mantendo ostermos da decisão recorrida até a deliberação recursal, e eu, Diretor-Presidente, determino a sua publicação.</p><p>Recorrente: TREELIFE PHARMAH LTDA</p><p>CNPJ: 74.553.637/0001-41</p><p>Expediente do recurso: 1085211/25-5</p><p>Processo nº: 25351.082158/2025-05</p><p class="assina">LEANDRO PINHEIRO SAFATLE</p><p class="cargo">Diretor-Presidente</p>]]></Texto>
  </body>
  <Midias />
</article></xml>