﻿<xml><article id="46235764" name="730 - Portaria de Prorrogacao - " idOficio="11379005" pubName="DO1" artType="Portaria" pubDate="03/11/2025" artClass="00015:00023:00000:00000:00000:00000:00000:00000:00000:00000:00054:00000" artCategory="Ministério da Cultura/Secretaria de Fomento e Incentivo à Cultura" artSize="12" artNotes="ok" numberPage="32" pdfPage="http://pesquisa.in.gov.br/imprensa/jsp/visualiza/index.jsp?data=03/11/2025&amp;jornal=515&amp;pagina=32" editionNumber="209" highlightType="" highlightPriority="" highlight="" highlightimage="" highlightimagename="" idMateria="23275976">
  <body>
    <Identifica><![CDATA[ PORTARIA SEFIC/MINC Nº 730, DE 31 DE OUTUBRO DE 2025]]></Identifica>
    <Data><![CDATA[]]></Data>
    <Ementa />
    <Titulo />
    <SubTitulo />
    <Texto><![CDATA[<p class="identifica">PORTARIA SEFIC/MINC Nº 730, DE 31 DE OUTUBRO DE 2025</p><p>A SECRETÁRIA DE FOMENTO E INCENTIVO À CULTURA - SUBSTITUTA, no uso das atribuições legais, que lhe confere a Portaria nº 363, de 2 de julho de 2025 e a Portaria MinC nº 225, de 23 de julho de 2025, resolve:</p><p>Art. 1.º - Homologar a prorrogação do prazo de captação de recursos do(s) projeto(s) cultural(is), relacionado(s) no(s) anexo(s) desta Portaria, para o(s) qual(is) o(s) proponente(s) fica(m) autorizado(s) a captar recursos, mediante doações ou patrocínios, na forma prevista no § 1º do Artigo 18 e no Artigo 26 da Lei n.º 8.313, de 23 de dezembro de 1991, alterada pela Lei nº 9.874, de 23 de novembro de 1999.</p><p>Art. 2.º - Esta portaria entra em vigor na data de sua publicação.</p><p class="assina">TERESA CRISTINA ROCHA AZEVEDO DE OLIVEIRA</p><p>ANEXO</p><p>ÁREA: 1 Artes Cênicas (Artigo 18 , § 1º )</p><p>233408 - Rolê do Elefanteatro</p><p>ASSOCIACAO CULTURAL PIGMALIAO</p><p>CNPJ/CPF: 10.790.992/0001-51</p><p>Cidade: Belo Horizonte - MG;</p><p>Prazo de Captação: 31/10/2025 à 30/11/2025</p><p>ÁREA: 1 Artes Cênicas (Artigo 18 , § 1º )</p><p>2412963 - vou fazer de mim um mundo</p><p>VIRAMUNDO LIVRARIA E PRODUCOES LTDA</p><p>CNPJ/CPF: 20.240.122/0001-62</p><p>Cidade: Rio de Janeiro - RJ;</p><p>Prazo de Captação: 31/10/2025 à 31/12/2025</p><p>ÁREA: 3 Música (Artigo 18 , § 1º )</p><p>239272 - Circuito Cultural: A Música do Rio Grande - 2ª Edição</p><p>VEVETA PRODUCOES ARTISTICAS LTDA</p><p>CNPJ/CPF: 30.558.310/0001-97</p><p>Cidade: CACHOEIRINHA - RS;</p><p>Prazo de Captação: 31/10/2025 à 31/12/2025</p><p>ÁREA: 4 Artes Visuais (Artigo 18 , § 1º )</p><p>242846 - Neo Barroco</p><p>ODAIR CARDOSO MINDELO 67778615215</p><p>CNPJ/CPF: 20.540.361/0001-38</p><p>Cidade: Belém - PA;</p><p>Prazo de Captação: 31/10/2025 à 31/12/2025</p><p>ÁREA: 4 Artes Visuais (Artigo 18 , § 1º )</p><p>242935 - EXPOSIÇÃO ARTÍSTICA E CULTURAL: Amazônia: Um olhar para a preservação do magnífico santuário da Mãe Natureza</p><p>IB PRODUCOES LTDA</p><p>CNPJ/CPF: 42.838.828/0001-63</p><p>Cidade: Macapá - AP;</p><p>Prazo de Captação: 25/10/2025 à 24/11/2025</p><p>ÁREA: 6 Humanidades (Artigo 18 , § 1º )</p><p>222036 - NEW SCHOOL</p><p>NEW SCHOOL ACADEMY</p><p>CNPJ/CPF: 41.093.698/0001-14</p><p>Cidade: São Paulo - SP;</p><p>Prazo de Captação: 31/10/2025 à 31/12/2025</p><p>ÁREA: 6 Humanidades (Artigo 18 , § 1º )</p><p>223652 - Sorrisos do Brasil</p><p>KROMO PRODUCOES VISUAIS E FOTOGRAFICAS LTDA</p><p>CNPJ/CPF: 01.191.023/0001-93</p><p>Cidade: São Paulo - SP;</p><p>Prazo de Captação: 31/10/2025 à 31/12/2025</p><p>ÁREA: 6 Humanidades (Artigo 18 , § 1º )</p><p>2311557 - SE BATEREM, CANTEM! Estudantes desafiam a ditadura em 1977</p><p>CANDIDA EMILIA BORGES LEMOS</p><p>CNPJ/CPF: ***.444.976-**</p><p>Cidade: Belo Horizonte - MG;</p><p>Prazo de Captação: 31/10/2025 à 28/11/2025</p><p>ÁREA: 6 Humanidades (Artigo 18 , § 1º )</p><p>2316429 - AMAZÔNIA - Botânica Alexandre Rodrigues Ferreira</p><p>MARIA CRISTINA CERQUEIRA PIRES FERRAO</p><p>CNPJ/CPF: 29.121.913/0001-48</p><p>Cidade: Petrópolis - RJ;</p><p>Prazo de Captação: 31/10/2025 à 31/12/2025</p><p>ÁREA: 6 Humanidades (Artigo 18 , § 1º )</p><p>243662 - Retratos</p><p>FUNDACAO CONSCIENCIARTE</p><p>CNPJ/CPF: 00.521.168/0001-42</p><p>Cidade: Paracatu - MG;</p><p>Prazo de Captação: 31/10/2025 à 31/12/2025</p><p>ÁREA: 6 Humanidades (Artigo 18 , § 1º )</p><p>247134 - PROJETO APÉ PUC - Povo das Àguas na RMR (Região Metropolitana do Recife)</p><p>44.869.653 MARIA DA CONCEICAO CARDOSO DA SILVA</p><p>CNPJ/CPF: 44.869.653/0001-87</p><p>Cidade: Camaragibe - PE;</p><p>Prazo de Captação: 31/10/2025 à 31/12/2025</p>]]></Texto>
  </body>
  <Midias />
</article></xml>