﻿<xml><article id="46237041" name="resolucao_4336_2025 CCMED GGFIS" idOficio="11379360" pubName="DO1" artType="Resolução" pubDate="03/11/2025" artClass="00047:00048:00016:00006:00000:00000:00000:00000:00000:00000:00064:34336" artCategory="Ministério da Saúde/Agência Nacional de Vigilância Sanitária/4ª Diretoria/Gerência-Geral de Inspeção e Fiscalização Sanitária" artSize="12" artNotes="" numberPage="132" pdfPage="http://pesquisa.in.gov.br/imprensa/jsp/visualiza/index.jsp?data=03/11/2025&amp;jornal=515&amp;pagina=132" editionNumber="209" highlightType="" highlightPriority="" highlight="" highlightimage="" highlightimagename="" idMateria="23276602">
  <body>
    <Identifica><![CDATA[ RESOLUÇÃO-RE nº 4.336, DE 31 DE OUTUBRO DE 2025]]></Identifica>
    <Data><![CDATA[]]></Data>
    <Ementa />
    <Titulo />
    <SubTitulo />
    <Texto><![CDATA[<p class="identifica">RESOLUÇÃO-RE nº 4.336, DE 31 DE OUTUBRO DE 2025</p><p>O GERENTE-GERAL DE INSPEÇÃO E FISCALIZAÇÃO SANITÁRIA DA AGÊNCIA NACIONAL DE VIGILÂNCIA SANITÁRIA, no uso das atribuições que lhe confere o art. 140, aliado ao art. 203, I, § 1º do Regimento Interno aprovado pela Resolução da Diretoria Colegiada - RDC nº 585, de 10 de dezembro de 2021, e</p><p>considerando o cumprimento dos requisitos dispostos no art. 39, da Resolução da Diretoria Colegiada - RDC nº 497, de 20 de maio de 2021, resolve:</p><p>Art. 1º Renovar a Certificação de Boas Práticas de Fabricação de Medicamentos das empresas constantes no anexo, por meio de sua renovação automática.</p><p>Art. 2º Esta Resolução entra em vigor na data de 6 de novembro de 2025.</p><p class="assina">Marcus AurÉlio Miranda de AraÚjo</p><p class="anexo">ANEXO</p><p>EMPRESA: EMS S/A - CNPJ: 57.507.378/0003-65 - AUTORIZ/MS: 1002351</p><p>ENDEREÇO: RODOVIA JORNALISTA FRANCISCO AGUIRRE PROENÇA, S/N KM 08</p><p>MUNICÍPIO: HORTOLÂNDIA - UF: SP - EXPEDIENTE: 0347097/25-1</p><p>CERTIFICADO DE BOAS PRÁTICAS DE FABRICAÇÃO DE MEDICAMENTOS: Sólidos não estéreis: Comprimidos; Comprimidos Revestidos; Cápsulas</p><p>Sólidos não estéreis (Embalagem primária): Comprimidos; Comprimidos Efervescentes; Comprimidos Revestidos; Cápsulas; Cápsulas Moles; Granulados; Pastilhas; Pós; Pós Efervescentes</p><p>Sólidos não estéreis (Embalagem secundária)</p><p>Data de Vencimento: 06/11/2027</p><p>.........................................</p><p>EMPRESA: FARMÁCIA E LABORATÓRIO HOMEOPÁTICO ALMEIDA PRADO LTDA - CNPJ: 60.862.208/0001-41 - AUTORIZ/MS: 1002669</p><p>ENDEREÇO: PRAÇA BENEDITO CALIXTO Nº 129/133</p><p>MUNICÍPIO: SÃO PAULO - UF: SP - EXPEDIENTE: 0226615/25-1</p><p>CERTIFICADO DE BOAS PRÁTICAS DE FABRICAÇÃO DE MEDICAMENTOS: Sólidos não estéreis: Comprimidos; Glóbulos; Pós</p><p>Data de Vencimento: 06/11/2027</p><p>.........................................</p><p>EMPRESA: FARMÁCIA E LABORATÓRIO HOMEOPÁTICO ALMEIDA PRADO LTDA - CNPJ: 60.862.208/0001-41 - AUTORIZ/MS: 1002669</p><p>ENDEREÇO: PRAÇA BENEDITO CALIXTO Nº 129/133</p><p>MUNICÍPIO: SÃO PAULO - UF: SP - EXPEDIENTE: 0226587/25-8</p><p>CERTIFICADO DE BOAS PRÁTICAS DE FABRICAÇÃO DE MEDICAMENTOS: Semissólidos não estéreis: Cremes; Géis; Pomadas</p><p>Data de Vencimento: 06/11/2027</p><p>.........................................</p><p>EMPRESA: FARMÁCIA E LABORATÓRIO HOMEOPÁTICO ALMEIDA PRADO LTDA - CNPJ: 60.862.208/0001-41 - AUTORIZ/MS: 1002669</p><p>ENDEREÇO: PRAÇA BENEDITO CALIXTO Nº 129/133</p><p>MUNICÍPIO: SÃO PAULO - UF: SP - EXPEDIENTE: 0226588/25-4</p><p>CERTIFICADO DE BOAS PRÁTICAS DE FABRICAÇÃO DE MEDICAMENTOS: Líquidos não estéreis: Soluções; Tinturas</p><p>Data de Vencimento: 06/11/2027</p><p>.........................................</p><p>EMPRESA FABRICANTE: BAYER OY</p><p>ENDEREÇO: PANSIONTIE 47, 20210, TURKU - PAÍS: FINLÂNDIA - CÓDIGO ÚNICO: A.000092</p><p>EMPRESA SOLICITANTE: BAYER S.A. - CNPJ: 18.459.628/0001-15</p><p>AUTORIZ/MS: 1070568 - EXPEDIENTE(s): 0620772/25-5</p><p>CERTIFICADO DE BOAS PRÁTICAS DE FABRICAÇÃO DE MEDICAMENTOS: Produtos estéreis: Implantes; Dispositivos Intrauterinos</p><p>Data de Vencimento: 06/11/2027</p><p>.........................................</p><p>EMPRESA FABRICANTE: PFIZER MANUFACTURING BELGIUM NV</p><p>ENDEREÇO: RIJKSWEG, 12 , PUURS-SINT-AMANDS, 2870 - PAÍS: BÉLGICA - CÓDIGO ÚNICO: A.000493</p><p>EMPRESA SOLICITANTE: LABORATÓRIOS PFIZER LTDA - CNPJ: 46.070.868/0036-99</p><p>AUTORIZ/MS: 1002166 - EXPEDIENTE(s): 0582165/25-3</p><p>CERTIFICADO DE BOAS PRÁTICAS DE FABRICAÇÃO DE MEDICAMENTOS: Produtos estéreis: Pós Liofilizados; Soluções Parenterais de Pequeno Volume com Esterilização Terminal; Soluções Parenterais de Pequeno Volume com Preparação Asséptica</p><p>Data de Vencimento: 06/11/2027</p><p>.........................................</p><p>EMPRESA FABRICANTE: INDUSTRIAS FARMACÉUTICAS ALMIRALL S.L.</p><p>ENDEREÇO: CTRA. DE MARTORELL 41-61 - 08740 - SANT ANDREU DE LA BARCA - BARCELONA -ES. - PAÍS: ESPANHA - CÓDIGO ÚNICO: A.000754</p><p>EMPRESA SOLICITANTE: GLENMARK FARMACÊUTICA LTDA - CNPJ: 44.363.661/0001-57</p><p>AUTORIZ/MS: 1010130 - EXPEDIENTE(s): 0590322/25-7</p><p>CERTIFICADO DE BOAS PRÁTICAS DE FABRICAÇÃO DE MEDICAMENTOS: Sólidos não estéreis: Pós</p><p>Data de Vencimento: 06/11/2027</p><p>.........................................</p><p>EMPRESA FABRICANTE: NOVARTIS PHARMA STEIN AG</p><p>ENDEREÇO: SCHAFFHAUSERSTRASSE, CH-4332 STEIN - PAÍS: SUÍÇA - CÓDIGO ÚNICO: A.000433</p><p>EMPRESA SOLICITANTE: NOVARTIS BIOCIENCIAS S.A - CNPJ: 56.994.502/0001-30</p><p>AUTORIZ/MS: 1000685 - EXPEDIENTE(s): 0562567/25-9</p><p>CERTIFICADO DE BOAS PRÁTICAS DE FABRICAÇÃO DE MEDICAMENTOS: Produtos estéreis: Pós Liofilizados; Pós com Preparação Asséptica; Soluções Parenterais de Grande Volume com Esterilização Terminal; Soluções Parenterais de Pequeno Volume com Preparação Asséptica</p><p>Data de Vencimento: 06/11/2027</p>]]></Texto>
  </body>
  <Midias />
</article></xml>