﻿<xml><article id="46240801" name="IN 28" idOficio="11379685" pubName="DO1" artType="Instrução Normativa" pubDate="03/11/2025" artClass="00015:00001:00000:00000:00000:00000:00000:00000:00000:00000:00037:00002" artCategory="Ministério da Cultura/Gabinete da Ministra" artSize="12" artNotes="ok" numberPage="31" pdfPage="http://pesquisa.in.gov.br/imprensa/jsp/visualiza/index.jsp?data=03/11/2025&amp;jornal=515&amp;pagina=31" editionNumber="209" highlightType="" highlightPriority="" highlight="" highlightimage="" highlightimagename="" idMateria="23277331">
  <body>
    <Identifica><![CDATA[ INSTRUÇÃO NORMATIVA MINC Nº 28, DE 31 DE OUTUBRO DE 2025]]></Identifica>
    <Data><![CDATA[]]></Data>
    <Ementa><![CDATA[ Estabelece normas e procedimentos para inclusão das Bibliotecas Públicas e Comunitárias do Sistema Nacional de Bibliotecas Públicas do Ministério da Cultura no Programa Nacional do Livro e do Material Didático - PNLD.]]></Ementa>
    <Titulo />
    <SubTitulo />
    <Texto><![CDATA[<p class="identifica">INSTRUÇÃO NORMATIVA MINC Nº 28, DE 31 DE OUTUBRO DE 2025</p><p class="ementa">Estabelece normas e procedimentos para inclusão das Bibliotecas Públicas e Comunitárias do Sistema Nacional de Bibliotecas Públicas do Ministério da Cultura no Programa Nacional do Livro e do Material Didático - PNLD.</p><p>O MINISTRO DE ESTADO DA CULTURA SUBSTITUTO, tendo em vista o disposto no Decreto nº 8.851, de 20 de setembro de 2016, e no uso da atribuição que lhe confere o art. 87, parágrafo único, inciso II, da Constituição, e considerando, ainda, o disposto no Decreto nº 520, de 13 de maio de 1992, no Decreto nº 9.099, de 18 de julho de 2017, bem como a Portaria Interministerial MEC/MINC nº 2, de 22 de abril de 2025, e do Processo Administrativo nº 01400.003498/2025-89, resolve:</p><p>CAPÍTULO I</p><p>DISPOSIÇÕES PRELIMINARES</p><p>Art. 1º Esta Instrução Normativa estabelece normas e procedimentos para inclusão das Bibliotecas Públicas e Comunitárias do Sistema Nacional de Bibliotecas Públicas - SNBP do Ministério da Cultura no Programa Nacional do Livro e do Material Didático - PNLD do Ministério da Educação.</p><p>Art. 2º Compete à Secretaria de Formação, Livro e Leitura, por meio da Diretoria de Livro, Leitura, Literatura e Bibliotecas, no âmbito do Ministério da Cultura, a gestão da participação dos integrantes do SNBP no Programa Nacional do Livro e do Material Didático.</p><p>Parágrafo único. O atendimento das bibliotecas públicas e comunitárias no PNLD envolve uma ação conjunta do Ministério da Cultura, Ministério da Educação e do Fundo Nacional de Desenvolvimento da Educação - FNDE.</p><p>CAPÍTULO II</p><p>DAS OBRIGAÇÕES</p><p>Art. 3º São obrigações do Ministério da Cultura e do Sistema Nacional de Bibliotecas Públicas:</p><p>I - gerir o Cadastro Nacional de Bibliotecas Públicas e Comunitárias aptas a receberem os materiais do PNLD;</p><p>II - fornecer anualmente ao FNDE e divulgar em seu portal oficial a lista de bibliotecas públicas e comunitárias aptas a receberem os materiais do PNLD no próximo período de atendimento;</p><p>III - monitorar e avaliar as ações previstas nesta Instrução Normativa no âmbito de suas competências;</p><p>IV - manter sigilo sobre credenciais e proteger os dados cadastrados nos sistemas do PNLD a que tiver acesso e nos sistemas de bibliotecas, inclusive no que se refere ao estabelecido na Lei nº 13.709, de 14 de agosto de 2018, (Lei Geral de Proteção de Dados Pessoais);</p><p>V - divulgar a forma de execução e atendimento do PNLD às bibliotecas participantes do Programa, no que couber;</p><p>VI - promover e apoiar ações voltadas à conscientização da comunidade, com o objetivo de incentivar ações literárias e a conservação e o empréstimo dos livros do PNLD;</p><p>VII - promover e apoiar ações voltadas à capacitação dos profissionais de bibliotecas públicas e comunitárias, com vistas a favorecer a gestão e o uso adequado das obras literárias nas bibliotecas;</p><p>VIII - evidenciar, nos livros do PNLD, os selos ou as logomarcas oficiais do Programa;</p><p>IX - manter o banco de dados de bibliotecas públicas e comunitárias atualizado anualmente;</p><p>X - adotar as providências cabíveis no caso de receber denúncia ou ter notícia de infração às normas estabelecidas na legislação do PNLD e nesta Instrução Normativa; e</p><p>XI - denunciar qualquer desvio a esta Instrução Normativa aos órgãos governamentais competentes para apuração.</p><p>Art. 4º São obrigações dos entes federados participantes dos Sistemas de Bibliotecas Públicas:</p><p>I - ter aderido ao PNLD;</p><p>II - garantir a atuação de equipe responsável pelas ações relacionadas ao SNBP;</p><p>III - firmar termo de cooperação entre sua secretaria responsável pelo PNLD e o seu órgão responsável pelas bibliotecas públicas e comunitárias, apenas para o caso de não ser a mesma secretaria responsável pelas duas ações.</p><p>IV - garantir que o ente disponha de normatização sobre a destinação de livros do PNLD irrecuperáveis, desatualizados ou inutilizáveis, respeitando as boas práticas de sustentabilidade e a responsabilidade social; e</p><p>V - providenciar a entrega das correspondências e livros destinados às bibliotecas localizadas onde não seja possível efetuar as remessas diretamente pelo FNDE, inclusive na zona rural.</p><p>Art. 5º São obrigações das coordenações dos Sistemas Estaduais e Distrital de Bibliotecas Públicas:</p><p>I - apoiar as suas bibliotecas na atualização obrigatória anual no Cadastro Nacional de Bibliotecas Públicas e Comunitárias do SNBP;</p><p>II - garantir que as bibliotecas realizem a constante atualização dos dados nos cadastros utilizados pelo SNBP;</p><p>III - promover a isonomia e a impessoalidade nas ações relacionadas ao PNLD, a fim de que todas as instituições envolvidas tenham as mesmas condições de participação;</p><p>IV - manter sigilo sobre credenciais e proteger os dados cadastrados nos seus sistemas e nos bancos de dados a que tiver acesso, inclusive no que se refere ao estabelecido na Lei nº 13.709, de 14 de agosto de 2018, (Lei Geral de Proteção de Dados Pessoais);</p><p>V - fornecer as informações solicitadas pelo Ministério da Cultura, pelo Ministério da Educação ou pelo FNDE, no prazo estipulado, especialmente nos casos de apuração de infração às normas;</p><p>VI - acompanhar os processos de apuração de conduta e dar os encaminhamentos em sua esfera de decisão;</p><p>VII - zelar pela adequada utilização, conservação, armazenamento e desfazimento dos livros do PNLD;</p><p>VIII - atuar para que as bibliotecas participantes utilizem os livros do PNLD de acordo com as determinações normativas do Programa e desta Instrução Normativa;</p><p>IX - garantir o transporte dos livros a serem remanejados quando do intercâmbio de livros entre bibliotecas, sendo a donatária obrigatoriamente uma biblioteca pública do SNBP;</p><p>X - zelar pela integridade dos livros distribuídos pelo PNLD;</p><p>XI - conferir, receber e acompanhar a entrega das correspondências ou dos livros destinados às bibliotecas localizadas onde não seja possível efetuar as remessas diretamente pelo FNDE, inclusive na zona rural;</p><p>XII - adotar as providências cabíveis no caso de bibliotecas que infringirem as normas do PNLD ou os normativos do SNBP, dando conhecimento ao Ministério da Cultura, Ministério da Educação e FNDE; e</p><p>XIII - denunciar ao Ministério da Cultura qualquer desvio a esta Instrução Normativa.</p><p>Art. 6º São obrigações das bibliotecas públicas e comunitárias participantes:</p><p>I - realizar a atualização obrigatória anual da biblioteca no Cadastro Nacional de Bibliotecas Públicas e Comunitárias do SNBP, inclusive quanto aos materiais integrantes do PNLD que são de interesse do público atendido;</p><p>II - garantir a constante atualização dos dados nos cadastros utilizados pelo SNBP;</p><p>III - manter sigilo sobre credenciais e proteger os dados cadastrados nos sistemas do PNLD a que tiver acesso e nos sistemas de bibliotecas, inclusive no que se refere ao estabelecido na Lei nº 13.709, de 14 de agosto de 2018, (Lei Geral de Proteção de Dados Pessoais);</p><p>IV - observar as normas do PNLD quanto à gestão dos livros sob sua responsabilidade;</p><p>V - conferir, receber, armazenar em local adequado e gerir a utilização das obras literárias recebidas do PNLD;</p><p>VI - documentar a disponibilização dos livros excedentes via remanejamento, para outras bibliotecas, sendo as donatárias obrigatoriamente bibliotecas públicas;</p><p>VII - zelar pela adequada utilização, conservação, armazenamento e desfazimento das obras literárias do PNLD;</p><p>VIII - responder às informações solicitadas pelo Ministério da Cultura, Ministério da Educação e FNDE, no prazo estipulado; e</p><p>IX - denunciar ao Ministério da Cultura, Ministério da Educação e FNDE qualquer desvio a esta Instrução Normativa.</p><p>CAPÍTULO III</p><p>DAS CONDIÇÕES PARA PARTICIPAÇÃO</p><p>Art. 7º Receberão os livros do PNLD as bibliotecas públicas e comunitárias localizadas em território nacional, cadastradas no Sistema Nacional de Bibliotecas Públicas, que tenham seus dados atualizados no referido Cadastro Nacional de Bibliotecas Públicas e Comunitárias do Sistema Nacional de Bibliotecas Públicas.</p><p>Art. 8º A gestão do sistema de Cadastro Nacional de Bibliotecas Públicas e Comunitárias é responsabilidade do Ministério da Cultura, por meio da Secretaria de Formação, Livro e Leitura e do Sistema Nacional de Bibliotecas Públicas, e a alimentação e atualização do sistema é de responsabilidade dos entes federados.</p><p>Art. 9º Os livros do PNLD serão distribuídos de acordo com as informações formalmente encaminhadas pelo Ministério da Cultura com base nos dados atualizados do Cadastro Nacional de Bibliotecas Públicas e Comunitárias.</p><p>§ 1º Somente constarão na lista oficial para recebimento dos livros do PNLD as bibliotecas que tiverem realizado a atualização cadastral quando do chamamento anual de atualização realizada pelo Ministério da Cultura.</p><p>§ 2º A lista de bibliotecas aptas a receberem os livros do PNLD será enviada ao FNDE, que verificará quais bibliotecas integram os entes aderidos ao Programa para envio dos materiais, conforme condições estabelecidas no Decreto nº 9.099, de 18 de julho de 2017.</p><p>Art. 10. Denúncias podem ser apresentadas diretamente à Ouvidoria do Ministério da Cultura.</p><p>Art. 11. Esta Instrução Normativa entra em vigor na data de sua publicação.</p><p class="assina">MÁRCIO TAVARES DOS SANTOS</p>]]></Texto>
  </body>
  <Midias />
</article></xml>