﻿<xml><article id="46239967" name="1Despacho homologa o Parecer CNE" idOficio="11379592" pubName="DO1" artType="Despacho" pubDate="03/11/2025" artClass="00025:00001:00000:00000:00000:00000:00000:00000:00000:00000:00024:00000" artCategory="Ministério da Educação/Gabinete do Ministro" artSize="12" artNotes="" numberPage="38" pdfPage="http://pesquisa.in.gov.br/imprensa/jsp/visualiza/index.jsp?data=03/11/2025&amp;jornal=515&amp;pagina=38" editionNumber="209" highlightType="" highlightPriority="" highlight="" highlightimage="" highlightimagename="" idMateria="23277023">
  <body>
    <Identifica><![CDATA[ DESPACHO DE 30 DE OUTUBRO DE 2025]]></Identifica>
    <Data><![CDATA[]]></Data>
    <Ementa />
    <Titulo />
    <SubTitulo />
    <Texto><![CDATA[<p class="identifica">DESPACHO DE 30 DE OUTUBRO DE 2025</p><p>Nos termos do art. 2º da Lei nº 9.131, de 24 de novembro de 1995, e consoante os fundamentos expostos no Parecer nº 00867/2025/CONJUR-MEC/CGU/AGU, de 16 de outubro de 2025, da Consultoria Jurídica junto ao Ministério da Educação, homologo o Parecer CNE/CES nº 259/2025, da Câmara de Educação Superior do Conselho Nacional de Educação, que conheceu do recurso para, no mérito, negar-lhe provimento, mantendo a decisão expressa na Portaria nº 653, de 14 de novembro de 2024, da Secretaria de Regulação e Supervisão da Educação Superior, que determinou o descredenciamento da Faculdade Aetos - Faetos, com sede na Rua José Marques Garcia, nº 197, Bairro Cidade Nova, no município de Franca, no estado de São Paulo, conforme consta do Processo nº 23000.009105/2024-13 (e-MEC nº 201718928).</p><p class="assina">CAMILO SOBREIRA DE SANTANA</p><p class="cargo">Ministro</p>]]></Texto>
  </body>
  <Midias />
</article></xml>