﻿<xml><article id="46237503" name="PT SAES NA 3426" idOficio="11379444" pubName="DO1" artType="Portaria" pubDate="03/11/2025" artClass="00047:00037:00000:00000:00000:00000:00000:00000:00000:00000:00017:00035" artCategory="Ministério da Saúde/Secretaria de Atenção Especializada à Saúde" artSize="12" artNotes="" numberPage="91" pdfPage="http://pesquisa.in.gov.br/imprensa/jsp/visualiza/index.jsp?data=03/11/2025&amp;jornal=515&amp;pagina=91" editionNumber="209" highlightType="" highlightPriority="" highlight="" highlightimage="" highlightimagename="" idMateria="23276637">
  <body>
    <Identifica><![CDATA[ Portaria SAES/MS Nº 3.426, DE 30 DE outubro DE 2025]]></Identifica>
    <Data><![CDATA[]]></Data>
    <Ementa><![CDATA[ Indefere a Concessão do CEBAS do Centro de Pesquisas e Reabilitação da Saúde e da Assistência Social CEPRESS, com sede no Rio de Janeiro (RJ).]]></Ementa>
    <Titulo />
    <SubTitulo />
    <Texto><![CDATA[<p class="identifica">Portaria SAES/MS Nº 3.426, DE 30 DE outubro DE 2025</p><p class="ementa">Indefere a Concessão do CEBAS do Centro de Pesquisas e Reabilitação da Saúde e da Assistência Social CEPRESS, com sede no Rio de Janeiro (RJ).</p><p>O SECRETÁRIO DE ATENÇÃO ESPECIALIZADA À SAÚDE, no uso das atribuições que lhe confere o Decreto nº 11.798, de 28 de novembro de 2023, alterado pelo Decreto nº 12.489, de 04 de junho de 2025, resolve:</p><p>Art. 1º Fica indeferida a Concessão do Certificado de Entidade Beneficente de Assistência Social (CEBAS), do Centro de Pesquisas e Reabilitação da Saúde e da Assistência Social CEPRESS, CNPJ nº 05.814.588/0001-30, com sede no Rio de Janeiro (RJ), em razão da não comprovação dos requisitos da Lei Complementar nº 187/2021 e seus regulamentos, nos termos do Parecer Técnico nº 515/2025-CGCER/DCEBAS/SAES/MS, constante do Processo nº 25000.181259/2024-59.</p><p>Art. 2º A instituição requerente fica notificada para, caso queira, apresentar recurso administrativo no prazo de 30 (trinta) dias a contar da data da presente publicação, conforme legislação pertinente.</p><p>Art. 3º Esta Portaria entra em vigor na data de sua publicação.</p><p class="assina">MOZART JULIO TABOSA SALES</p>]]></Texto>
  </body>
  <Midias />
</article></xml>