﻿<xml><article id="46240279" name="Altera regimento interno Fundace" idOficio="11379595" pubName="DO1" artType="Portaria" pubDate="03/11/2025" artClass="00048:00058:00000:00000:00000:00000:00000:00000:00000:00000:00054:00000" artCategory="Ministério do Trabalho e Emprego/Fundação Jorge Duprat Figueiredo, de Segurança e Medicina do Trabalho" artSize="12" artNotes="" numberPage="152" pdfPage="http://pesquisa.in.gov.br/imprensa/jsp/visualiza/index.jsp?data=03/11/2025&amp;jornal=515&amp;pagina=152" editionNumber="209" highlightType="" highlightPriority="" highlight="" highlightimage="" highlightimagename="" idMateria="23277088">
  <body>
    <Identifica />
    <Data><![CDATA[]]></Data>
    <Ementa />
    <Titulo />
    <SubTitulo />
    <Texto><![CDATA[<p>Seção IV</p><p>Das Unidades Descentralizadas</p><p>Art. 31. Aos escritórios avançados, no âmbito de atuação de sua respectiva unidade, compete produzir e difundir conhecimento, por meio da execução de ações, programas, projetos e atividades de estudos e pesquisas na área da Segurança e Saúde do Trabalho (SST), em conformidade com as diretrizes estabelecidas pela Direção da Fundacentro e, especialmente:</p><p>I - elaborar e acompanhar a programação das atividades definidas pela Direção da Fundacentro e auxiliar na sua execução;</p><p>II - interagir com órgãos e entidades públicos e privados da região de sua abrangência, conforme orientações da Direção da Fundacentro;</p><p>III - promover o caráter multidisciplinar e interinstitucional na programação das suas atividades, bem como sua integração às demais unidades;</p><p>IV - participar dos projetos de pesquisa definidos pela Diretoria de Pesquisa Aplicada;</p><p>V - propor, programar, planejar e realizar, em conjunto com a Diretoria de Conhecimento e Tecnologia, eventos e atividades de capacitação;</p><p>VI - propor à Diretoria de Pesquisa Aplicada pesquisas de interesse local ou regional;</p><p>VII - propor ações de inovação à Coordenação de Estratégia, Inovação e Parcerias; e</p><p>VIII - coordenar, controlar e supervisionar os atos, procedimentos e serviços administrativos da unidade, obedecendo as diretrizes e orientações da Diretoria de Administração e Finanças e de suas áreas subordinadas.</p><p>§ 1º Os escritórios avançados são vinculados e respondem tecnicamente à Diretoria de Pesquisa Aplicada.</p><p>§ 2º As atividades técnico científicas e de difusão nos escritórios avançados serão acompanhadas, coordenadas e supervisionadas diretamente pela Diretoria de Pesquisa Aplicada e pela Diretoria de Conhecimento e Tecnologia.</p><p>§ 3º Os escritórios avançados poderão atuar em cooperação.</p><p>§ 4º Os escritórios avançados terão um chefe, responsável pelo atendimento das demandas da Administração, e, especialmente, praticar os atos administrativos previstos no art. 34.</p><p>§ 4º Todas as demandas e ações relacionadas ao funcionamento, administração e gestão dos escritórios avançados, incluindo orçamento, finanças, patrimônio, logística, gestão de espaços compartilhados e contratação de bens e serviços, serão de responsabilidade da Diretoria de Administração e Finanças e de suas áreas subordinadas.</p><p>CAPÍTULO VI</p><p>DAS ATRIBUIÇÕES DOS DIRIGENTES</p><p>Seção I</p><p>Do Presidente</p><p>Art. 32. Ao Presidente incumbe:</p><p>I - representar a Fundacentro;</p><p>II - dirigir os trabalhos administrativos e técnico-científicos da Fundacentro de acordo com a finalidade e o planejamento institucional da entidade;</p><p>III - difundir junto aos órgãos de governo e entidades públicas e privadas as finalidades e realizações da Fundacentro, visando estimular ações de saúde, segurança, higiene e meio ambiente do trabalho e do trabalhador, e o trabalho decente;</p><p>IV - promover a divulgação das ações da Fundacentro no campo da saúde, segurança, higiene e meio ambiente do trabalho e do trabalhador;</p><p>V - promover ações integradas da Fundacentro com o Ministério Supervisor e outros órgãos e entidades governamentais com atuação no campo da saúde, segurança, higiene e meio ambiente do trabalho e do trabalhador;</p><p>VI - enviar a prestação de contas e o relatório anual de atividades ao Ministério do Trabalho e Emprego, após manifestação do Conselho Curador, para julgamento pelo Tribunal de Contas da União;</p><p>VII - encaminhar ao Conselho Curador, com sua manifestação, a previsão orçamentária e o plano de ação para o exercício seguinte;</p><p>VIII - autorizar os remanejamentos de dotações orçamentárias;</p><p>IX - constituir grupos de trabalho, comissões e comitês, designando os seus membros, observado a legislação pertinente;</p><p>X - baixar atos normativos no âmbito de sua competência;</p><p>XI - firmar os instrumentos previstos no parágrafo único do art. 2º;</p><p>XII - autorizar a celebração de novos contratos administrativos ou a prorrogação dos contratos administrativos em vigor; e</p><p>XIII - ratificar dispensa de licitação ou termo de inexigibilidade.</p><p>Seção II</p><p>Dos Demais Dirigentes e Assessores</p><p>Art. 33. Aos Diretores, Corregedor, Auditor-Chefe, Procurador-Chefe, Coordenadores-Gerais, Coordenadores e chefes de serviço incumbe:</p><p>I - planejar, dirigir, coordenar, controlar e orientar a execução das atividades de suas respectivas unidades;</p><p>II - disciplinar, por instrução normativa, a divisão de trabalho das unidades subordinadas e servidores vinculados à unidade, respeitadas as competências previstas neste Regimento; e</p><p>III - exercer outras atribuições que lhes forem delegadas pelo Presidente da Fundacentro.</p><p>Art. 34. Aos chefes das unidades descentralizadas compete:</p><p>I - controlar e acompanhar, na sua unidade:</p><p>a) a frequência dos servidores e estagiários;</p><p>b) o consumo de água, energia, telefonia, reprografia e demais serviços;</p><p>c) os estoques dos almoxarifados de materiais e de publicações;</p><p>d) o uso dos bens móveis, incluindo material de escritório e equipamentos de informática; e</p><p>e) a gestão, segurança e manutenção dos imóveis de propriedade da Fundacentro na localidade;</p><p>II - presidir as comissões de desfazimento de bens da unidade;</p><p>III - manter a regularidade dos documentos e autorizações para funcionamento da unidade junto aos órgãos competentes, solicitando apoio da Diretoria de Administração e Finanças e de suas áreas subordinadas, quando necessário;</p><p>IV - encaminhar, na periodicidade estabelecida pela Diretoria de Administração e Finanças, relatório de gestão administrativa da unidade;</p><p>V - informar quaisquer ocorrências relacionados aos contratos e ao patrimônio da unidade à Coordenação de Administração;</p><p>VI - auxiliar e praticar os atos solicitados pela Coordenação-Geral de Gestão Estratégica de Pessoas quanto aos servidores, estagiários, bolsistas e demais agentes públicos da unidade;</p><p>VII - receber, conferir, examinar materiais diversos adquiridos pela Fundacentro, observando as especificações constantes no empenho, contrato ou documento equivalente;</p><p>VIII - praticar atos de empenho e ordenação de despesas, conforme orientação da Coordenação de Administração e da Coordenação de Orçamento e Finanças; e</p><p>IX - atender às solicitações e determinações, praticar os atos requeridos, instruir os processos administrativos e apresentar os documentos requisitados pela Diretoria de Administração e Finanças e de suas áreas subordinadas.</p><p>Parágrafo único. A Diretoria de Administração e Finanças e suas áreas subordinadas poderão delegar aos chefes das unidades descentralizadas outras atividades administrativas, inclusive referentes à Sede ou de outras unidades descentralizadas.</p><p>Art. 35. Aos ocupantes dos cargos e funções comissionados de Assessor, Assessor Técnico, Assessor Técnico Especializado e Assistente Técnico incumbe executar as atividades de assessoramento ao seu respectivo superior e, especificamente:</p><p>I - opinar, estudar e minutar pareceres sobre assuntos de competência da unidade;</p><p>II - auxiliar o respectivo superior na orientação e fiscalização dos trabalhos da unidade;</p><p>III - coordenar e providenciar a formulação de respostas a pedidos de informações que envolvam atribuições específicas da unidade;</p><p>IV - elaborar relatórios da respectiva unidade; e</p><p>V - exercer outras atribuições que lhes forem incumbidas pelos seus respectivos superiores imediatos.</p><p>Art. 36. Aos Gerentes de Projeto e Coordenadores de Projetos incumbe planejar e coordenar os projetos e as atividades sob sua responsabilidade e exercer outras funções que lhe forem cometidas.</p><p>Art. 37. Na vacância de qualquer dos cargos previstos nesta Seção, bem como do respectivo substituto, caberá ao superior hierárquico atribuir a competência para praticá-los até o preenchimento dos mesmos.</p><p>CAPÍTULO VII</p><p>DO PATRIMÔNIO E DOS RECURSOS FINANCEIROS</p><p>Art. 38. Constituem o patrimônio da Fundacentro os bens e direitos de sua propriedade, os que venha a adquirir e os que lhe forem doados.</p><p>Parágrafo único. Os bens e direitos da Fundacentro deverão ser utilizados exclusivamente no cumprimento de suas finalidades.</p><p>Art. 39. Constituem recursos financeiros da Fundacentro:</p><p>I - dotações orçamentárias que lhe forem consignadas no Orçamento-Geral da União;</p><p>II - dotações ou subvenções concedidas pela União, Estados, Distrito Federal, Municípios ou por quaisquer entidades públicas ou privadas, nacionais, estrangeiras ou internacionais;</p><p>III - receitas de qualquer espécie provenientes de seus próprios serviços e produtos;</p><p>IV - doações de qualquer espécie; e</p><p>V - outras receitas eventuais.</p><p>CAPÍTULO VIII</p><p>DAS DISPOSIÇÕES GERAIS</p><p>Art. 40. Os demais cargos não constantes da estrutura prevista no art. 3º ficam distribuídos nos termos do Anexo II desta Portaria.</p><p>Art. 41. As portarias de nomeação e designação realocarão os cargos em comissão e as funções comissionadas de acordo com a unidade de exercício dos seus ocupantes.</p><p>Art. 42. Ato do Presidente da Fundacentro definirá e delegará a competência da gestão dos diversos sistemas governamentais, de uso geral, a servidores das áreas com maior envolvimento, respectivamente, na operacionalização e manutenção técnica dos processos administrativos automatizados por estes sistemas.</p><p>Art. 43. Em caso de dúvida sobre a competência para prática de quaisquer atos pelos servidores da Fundacentro, serão observadas as seguintes diretrizes para resolução:</p><p>I - os chefes de serviço definirão as atribuições dos servidores a eles vinculados;</p><p>II - os coordenadores definirão as atribuições dos serviços, chefias e servidores a eles subordinados;</p><p>III - os coordenadores-gerais definirão as atribuições das coordenações, serviços, chefias e servidores a eles subordinados;</p><p>IV - os diretores definirão as atribuições das coordenações, serviços, chefias e servidores a eles subordinados, incluídos os chefes e demais servidores nas unidades descentralizadas; e</p><p>V - a Presidência definirá a competência das diretorias e das coordenações e serviços a ela subordinados.</p><p>§ 1º Identificada dúvida sobre a competência para prática de qualquer ato, o servidor deverá indicar no processo administrativo qual entende ser a área ou unidade competente e submeter, imediatamente, a questão ao superior hierárquico, para definição da competência nos termos do caput.</p><p>§ 2º Uma vez definida a competência, o responsável pela decisão avaliará a necessidade de ajuste do Regimento Interno e, se for o caso, encaminhará o pedido para a Presidência.</p><p>§ 3º Nenhum servidor da Fundacentro poderá deixar de se manifestar nos processos por ele recebidos com fundamento na falta de competência, devendo obrigatoriamente provocar a autoridade superior, observado o disposto no § 1º.</p><p>Art. 44. Os casos omissos e as dúvidas decorrentes da aplicação deste Regimento Interno serão dirimidos pelo Presidente.</p><p>ANEXO II</p><p>QUADRO DEMONSTRATIVO DOS CARGOS EM COMISSÃO E DAS FUNÇÕES DE CONFIANÇA DA FUNDAÇÃO JORGE DUPRAT FIGUEIREDO, DE SEGURANÇA E MEDICINA DO TRABALHO - FUNDACENTRO</p><p /><p></p><table><tr /><tr><td rowspan="1" colspan="2"><p>Unidade</p></td><td rowspan="1" colspan="1"><p>Sigla</p></td><td rowspan="1" colspan="1"><p>Qtdd.</p></td><td rowspan="1" colspan="1"><p>Denominação Cargo/Função</p></td><td rowspan="1" colspan="1"><p>Código do Cargo</p></td></tr><tr><td rowspan="1" colspan="2"><p>Presidência</p></td><td rowspan="1" colspan="1"><p>PRES</p></td><td rowspan="1" colspan="1"><p>1</p></td><td rowspan="1" colspan="1"><p>Presidente</p></td><td rowspan="1" colspan="1"><p>CCE 1.17</p></td></tr><tr><td rowspan="1" colspan="2" /><td rowspan="1" colspan="1" /><td rowspan="1" colspan="1"><p>1</p></td><td rowspan="1" colspan="1"><p>Assessor</p></td><td rowspan="1" colspan="1"><p>CCE 2.13</p></td></tr><tr><td rowspan="1" colspan="2" /><td rowspan="1" colspan="1" /><td rowspan="1" colspan="1"><p>1</p></td><td rowspan="1" colspan="1"><p>Assessor</p></td><td rowspan="1" colspan="1"><p>FCE 2.13</p></td></tr><tr><td rowspan="1" colspan="2" /><td rowspan="1" colspan="1" /><td rowspan="1" colspan="1"><p>3</p></td><td rowspan="1" colspan="1"><p>Gerente de Projeto</p></td><td rowspan="1" colspan="1"><p>CCE 3.13</p></td></tr><tr><td rowspan="1" colspan="2" /><td rowspan="1" colspan="1" /><td rowspan="1" colspan="1"><p>2</p></td><td rowspan="1" colspan="1"><p>Gerente de Projeto</p></td><td rowspan="1" colspan="1"><p>FCE 3.13</p></td></tr><tr><td rowspan="1" colspan="2" /><td rowspan="1" colspan="1" /><td rowspan="1" colspan="1"><p>2</p></td><td rowspan="1" colspan="1"><p>Assistente Técnico</p></td><td rowspan="1" colspan="1"><p>FCE 2.06</p></td></tr><tr><td rowspan="1" colspan="2"><p>Gabinete</p></td><td rowspan="1" colspan="1"><p>GAB</p></td><td rowspan="1" colspan="1"><p>1</p></td><td rowspan="1" colspan="1"><p>Chefe de Gabinete</p></td><td rowspan="1" colspan="1"><p>FCE 1.13</p></td></tr><tr><td rowspan="1" colspan="1" /><td rowspan="1" colspan="1"><p>Coordenação de Estratégia, Inovação e Parcerias</p></td><td rowspan="1" colspan="1"><p>CEIP</p></td><td rowspan="1" colspan="1"><p>1</p></td><td rowspan="1" colspan="1"><p>Coordenador</p></td><td rowspan="1" colspan="1"><p>FCE 1.10</p></td></tr><tr><td rowspan="1" colspan="1" /><td rowspan="1" colspan="1"><p>Seção de Ouvidoria</p></td><td rowspan="1" colspan="1"><p>Ouv</p></td><td rowspan="1" colspan="1" /><td rowspan="1" colspan="1"><p>Chefe</p></td><td rowspan="1" colspan="1"><p>FCE 1.03</p></td></tr><tr><td rowspan="1" colspan="2"><p>Serviço de Comunicação Institucional</p></td><td rowspan="1" colspan="1"><p>SCI</p></td><td rowspan="1" colspan="1"><p>1</p></td><td rowspan="1" colspan="1"><p>Chefe</p></td><td rowspan="1" colspan="1"><p>FCE 1.06</p></td></tr><tr><td rowspan="1" colspan="1" /><td rowspan="1" colspan="1"><p>Setor de Apoio à Comunicação Institucional</p></td><td rowspan="1" colspan="1"><p>SA-SCI</p></td><td rowspan="1" colspan="1"><p>1</p></td><td rowspan="1" colspan="1"><p>Chefe</p></td><td rowspan="1" colspan="1"><p>FCE 1.02</p></td></tr><tr><td rowspan="1" colspan="2"><p>Auditoria Interna</p></td><td rowspan="1" colspan="1"><p>AI</p></td><td rowspan="1" colspan="1"><p>1</p></td><td rowspan="1" colspan="1"><p>Auditor-Chefe</p></td><td rowspan="1" colspan="1"><p>FCE 1.13</p></td></tr><tr><td rowspan="1" colspan="2"><p>Procuradoria Federal</p></td><td rowspan="1" colspan="1"><p>PF</p></td><td rowspan="1" colspan="1"><p>1</p></td><td rowspan="1" colspan="1"><p>Procurador-Chefe</p></td><td rowspan="1" colspan="1"><p>FCE 1.10</p></td></tr><tr><td rowspan="1" colspan="2"><p>Corregedoria</p></td><td rowspan="1" colspan="1"><p>COR</p></td><td rowspan="1" colspan="1"><p>1</p></td><td rowspan="1" colspan="1"><p>Corregedor</p></td><td rowspan="1" colspan="1"><p>FCE 1.13</p></td></tr></table><p /><p></p><table><tr /><tr><td rowspan="1" colspan="3"><p>Diretoria de Administração e Finanças</p></td><td rowspan="1" colspan="1"><p>DAF</p></td><td rowspan="1" colspan="1"><p>1</p></td><td rowspan="1" colspan="1"><p>Diretor</p></td><td rowspan="1" colspan="1"><p>FCE 1.15</p></td></tr><tr><td rowspan="1" colspan="3" /><td rowspan="1" colspan="1" /><td rowspan="1" colspan="1"><p>1</p></td><td rowspan="1" colspan="1"><p>Assessor Técnico</p></td><td rowspan="1" colspan="1"><p>CCE 2.10</p></td></tr><tr><td rowspan="1" colspan="3"><p>Serviço de Concessão de Diárias e Passagens</p></td><td rowspan="1" colspan="1"><p>SCDP</p></td><td rowspan="1" colspan="1"><p>1</p></td><td rowspan="1" colspan="1"><p>Chefe</p></td><td rowspan="1" colspan="1"><p>FCE 1.05</p></td></tr><tr><td rowspan="1" colspan="3"><p>Setores de Apoio à Diretoria de Administração e Finanças</p></td><td rowspan="1" colspan="1"><p>SA-DAF</p></td><td rowspan="1" colspan="1"><p>4</p></td><td rowspan="1" colspan="1"><p>Chefe</p></td><td rowspan="1" colspan="1"><p>FCE 1.02</p></td></tr><tr><td rowspan="1" colspan="3"><p>Coordenação de Administração</p></td><td rowspan="1" colspan="1"><p>CAD</p></td><td rowspan="1" colspan="1"><p>1</p></td><td rowspan="1" colspan="1"><p>Coordenador</p></td><td rowspan="1" colspan="1"><p>FCE 1.10</p></td></tr><tr><td rowspan="1" colspan="1" /><td rowspan="1" colspan="2"><p>Serviço de Compras</p></td><td rowspan="1" colspan="1"><p>SCP</p></td><td rowspan="1" colspan="1"><p>1</p></td><td rowspan="1" colspan="1"><p>Chefe</p></td><td rowspan="1" colspan="1"><p>FCE 1.05</p></td></tr><tr><td rowspan="1" colspan="1" /><td rowspan="1" colspan="2"><p>Serviço de Logística e Almoxarifado</p></td><td rowspan="1" colspan="1"><p>SLA</p></td><td rowspan="1" colspan="1"><p>1</p></td><td rowspan="1" colspan="1"><p>Chefe</p></td><td rowspan="1" colspan="1"><p>FCE 1.05</p></td></tr><tr><td rowspan="1" colspan="1" /><td rowspan="1" colspan="2"><p>Serviço de Infraestrutura e Patrimônio</p></td><td rowspan="1" colspan="1"><p>SIP</p></td><td rowspan="1" colspan="1"><p>1</p></td><td rowspan="1" colspan="1"><p>Chefe</p></td><td rowspan="1" colspan="1"><p>FCE 1.05</p></td></tr><tr><td rowspan="1" colspan="1" /><td rowspan="1" colspan="2"><p>Serviço de Gestão de Contratos</p></td><td rowspan="1" colspan="1"><p>SGC</p></td><td rowspan="1" colspan="1"><p>1</p></td><td rowspan="1" colspan="1"><p>Chefe</p></td><td rowspan="1" colspan="1"><p>FCE 1.05</p></td></tr><tr><td rowspan="1" colspan="3"><p>Coordenação de Orçamento e Finanças</p></td><td rowspan="1" colspan="1"><p>COF</p></td><td rowspan="1" colspan="1"><p>1</p></td><td rowspan="1" colspan="1"><p>Coordenador</p></td><td rowspan="1" colspan="1"><p>FCE 1.10</p></td></tr><tr><td rowspan="1" colspan="1" /><td rowspan="1" colspan="2"><p>Serviço de Execução Orçamentária e Financeira</p></td><td rowspan="1" colspan="1"><p>SEF</p></td><td rowspan="1" colspan="1"><p>1</p></td><td rowspan="1" colspan="1"><p>Chefe</p></td><td rowspan="1" colspan="1"><p>FCE 1.05</p></td></tr><tr><td rowspan="1" colspan="1" /><td rowspan="1" colspan="2"><p>Serviço de Contabilidade</p></td><td rowspan="1" colspan="1"><p>SCO</p></td><td rowspan="1" colspan="1"><p>1</p></td><td rowspan="1" colspan="1"><p>Chefe</p></td><td rowspan="1" colspan="1"><p>FCE 1.05</p></td></tr><tr><td rowspan="1" colspan="3"><p>Coordenação-Geral de Gestão Estratégica de Pessoas</p></td><td rowspan="1" colspan="1"><p>CGGEP</p></td><td rowspan="1" colspan="1"><p>1</p></td><td rowspan="1" colspan="1"><p>Coordenador-Geral</p></td><td rowspan="1" colspan="1"><p>FCE 1.13</p></td></tr><tr><td rowspan="1" colspan="1" /><td rowspan="1" colspan="2"><p>Coordenação Operacional de Administração de Pessoas</p></td><td rowspan="1" colspan="1"><p>COAP</p></td><td rowspan="1" colspan="1"><p>1</p></td><td rowspan="1" colspan="1"><p>Coordenador</p></td><td rowspan="1" colspan="1"><p>FCE 1.10</p></td></tr><tr><td rowspan="1" colspan="2" /><td rowspan="1" colspan="1"><p>Serviço de Administração de Pessoas</p></td><td rowspan="1" colspan="1"><p>SAP</p></td><td rowspan="1" colspan="1"><p>1</p></td><td rowspan="1" colspan="1"><p>Chefe</p></td><td rowspan="1" colspan="1"><p>FCE 1.05</p></td></tr><tr><td rowspan="1" colspan="2" /><td rowspan="1" colspan="1"><p>Setor de Servidores Inativos e Pensionistas</p></td><td rowspan="1" colspan="1"><p>SSI</p></td><td rowspan="1" colspan="1"><p>1</p></td><td rowspan="1" colspan="1"><p>Chefe</p></td><td rowspan="1" colspan="1"><p>FCE 1.02</p></td></tr><tr><td rowspan="1" colspan="1" /><td rowspan="1" colspan="2"><p>Serviço de Desenvolvimento de Pessoas</p></td><td rowspan="1" colspan="1"><p>SDP</p></td><td rowspan="1" colspan="1"><p>1</p></td><td rowspan="1" colspan="1"><p>Chefe</p></td><td rowspan="1" colspan="1"><p>FCE 1.05</p></td></tr><tr><td rowspan="1" colspan="1" /><td rowspan="1" colspan="2"><p>Setor de Avaliação de Carreiras</p></td><td rowspan="1" colspan="1"><p>SAC</p></td><td rowspan="1" colspan="1"><p>1</p></td><td rowspan="1" colspan="1"><p>Chefe</p></td><td rowspan="1" colspan="1"><p>FCE 1.02</p></td></tr></table><p /><p></p><table><tr /><tr><td rowspan="1" colspan="2"><p>Diretoria de Conhecimento e Tecnologia</p></td><td rowspan="1" colspan="1"><p>DCT</p></td><td rowspan="1" colspan="1"><p>1</p></td><td rowspan="1" colspan="1"><p>Diretor</p></td><td rowspan="1" colspan="1"><p>CCE 1.15</p></td></tr><tr><td rowspan="1" colspan="2" /><td rowspan="1" colspan="1" /><td rowspan="1" colspan="1"><p>1</p></td><td rowspan="1" colspan="1"><p>Assessor Técnico</p></td><td rowspan="1" colspan="1"><p>CCE 2.10</p></td></tr><tr><td rowspan="1" colspan="2" /><td rowspan="1" colspan="1" /><td rowspan="1" colspan="1"><p>1</p></td><td rowspan="1" colspan="1"><p>Coordenador de Projetos</p></td><td rowspan="1" colspan="1"><p>FCE 3.10</p></td></tr><tr><td rowspan="1" colspan="2"><p>Setor de Apoio à Diretoria de Conhecimento e Tecnologia</p></td><td rowspan="1" colspan="1"><p>SA-DCT</p></td><td rowspan="1" colspan="1"><p>1</p></td><td rowspan="1" colspan="1"><p>Chefe</p></td><td rowspan="1" colspan="1"><p>FCE 1.02</p></td></tr><tr><td rowspan="1" colspan="2"><p>Coordenação de Tecnologia da Informação e Comunicação</p></td><td rowspan="1" colspan="1"><p>CTIC</p></td><td rowspan="1" colspan="1"><p>1</p></td><td rowspan="1" colspan="1"><p>Coordenador</p></td><td rowspan="1" colspan="1"><p>FCE 1.10</p></td></tr><tr><td rowspan="1" colspan="1" /><td rowspan="1" colspan="1"><p>Serviço de Tecnologia - Desenvolvimento de Negócios</p></td><td rowspan="1" colspan="1"><p>STDN</p></td><td rowspan="1" colspan="1"><p>1</p></td><td rowspan="1" colspan="1"><p>Chefe</p></td><td rowspan="1" colspan="1"><p>FCE 1.05</p></td></tr><tr><td rowspan="1" colspan="1" /><td rowspan="1" colspan="1"><p>Serviço de Tecnologia - Infraestrutura e Operações</p></td><td rowspan="1" colspan="1"><p>STIO</p></td><td rowspan="1" colspan="1"><p>1</p></td><td rowspan="1" colspan="1"><p>Chefe</p></td><td rowspan="1" colspan="1"><p>FCE 1.05</p></td></tr><tr><td rowspan="1" colspan="2"><p>Coordenação de Difusão de Conhecimento e Educação</p></td><td rowspan="1" colspan="1"><p>CCE</p></td><td rowspan="1" colspan="1"><p>1</p></td><td rowspan="1" colspan="1"><p>Coordenador</p></td><td rowspan="1" colspan="1"><p>FCE 1.10</p></td></tr><tr><td rowspan="1" colspan="1" /><td rowspan="1" colspan="1"><p>Serviço de Cursos e Eventos</p></td><td rowspan="1" colspan="1"><p>SCE</p></td><td rowspan="1" colspan="1"><p>1</p></td><td rowspan="1" colspan="1"><p>Chefe</p></td><td rowspan="1" colspan="1"><p>FCE 1.05</p></td></tr><tr><td rowspan="1" colspan="1" /><td rowspan="1" colspan="1"><p>Serviço de Publicação</p></td><td rowspan="1" colspan="1"><p>SPB</p></td><td rowspan="1" colspan="1"><p>1</p></td><td rowspan="1" colspan="1"><p>Chefe</p></td><td rowspan="1" colspan="1"><p>FCE 1.05</p></td></tr><tr><td rowspan="1" colspan="1" /><td rowspan="1" colspan="1"><p>Serviço de Biblioteca e Documentação</p></td><td rowspan="1" colspan="1"><p>SBD</p></td><td rowspan="1" colspan="1"><p>1</p></td><td rowspan="1" colspan="1"><p>Chefe</p></td><td rowspan="1" colspan="1"><p>FCE 1.05</p></td></tr><tr><td rowspan="1" colspan="2"><p>Coordenação de Pós-graduação</p></td><td rowspan="1" colspan="1"><p>CPG</p></td><td rowspan="1" colspan="1"><p>1</p></td><td rowspan="1" colspan="1"><p>Coordenador</p></td><td rowspan="1" colspan="1"><p>FCE 1.10</p></td></tr></table><p></p><table><tr /><tr><td rowspan="1" colspan="3"><p>Diretoria de Pesquisa Aplicada</p></td><td rowspan="1" colspan="1"><p>DPA</p></td><td rowspan="1" colspan="1"><p>1</p></td><td rowspan="1" colspan="1"><p>Diretor</p></td><td rowspan="1" colspan="1"><p>CCE 1.15</p></td></tr><tr><td rowspan="1" colspan="3" /><td rowspan="1" colspan="1" /><td rowspan="1" colspan="1"><p>1</p></td><td rowspan="1" colspan="1"><p>Assessor Técnico</p></td><td rowspan="1" colspan="1"><p>CCE 2.10</p></td></tr><tr><td rowspan="1" colspan="3"><p>Coordenação-Geral de Projetos</p></td><td rowspan="1" colspan="1"><p>CGPE</p></td><td rowspan="1" colspan="1"><p>1</p></td><td rowspan="1" colspan="1"><p>Coordenador-Geral</p></td><td rowspan="1" colspan="1"><p>FCE 1.13</p></td></tr><tr><td rowspan="1" colspan="3" /><td rowspan="1" colspan="1" /><td rowspan="1" colspan="1"><p>5</p></td><td rowspan="1" colspan="1"><p>Coordenador de Projeto</p></td><td rowspan="1" colspan="1"><p>FCE 3.10</p></td></tr><tr><td rowspan="1" colspan="1" /><td rowspan="1" colspan="2"><p>Serviço de Apoio Técnico e Pesquisa</p></td><td rowspan="1" colspan="1"><p>SATP</p></td><td rowspan="1" colspan="1"><p>1</p></td><td rowspan="1" colspan="1"><p>Chefe</p></td><td rowspan="1" colspan="1"><p>FCE 1.05</p></td></tr><tr><td rowspan="1" colspan="1" /><td rowspan="1" colspan="2"><p>Serviço de Pesquisa em Saúde Mental e Trabalho</p></td><td rowspan="1" colspan="1"><p>SPSMT</p></td><td rowspan="1" colspan="1"><p>1</p></td><td rowspan="1" colspan="1"><p>Chefe</p></td><td rowspan="1" colspan="1"><p>FCE 1.05</p></td></tr><tr><td rowspan="1" colspan="3"><p>Coordenação-Geral Técnica dos Laboratórios</p></td><td rowspan="1" colspan="1"><p>CGTL</p></td><td rowspan="1" colspan="1"><p>1</p></td><td rowspan="1" colspan="1"><p>Coordenador-Geral</p></td><td rowspan="1" colspan="1"><p>CCE 1.13</p></td></tr><tr><td rowspan="1" colspan="3" /><td rowspan="1" colspan="1" /><td rowspan="1" colspan="1"><p>2</p></td><td rowspan="1" colspan="1"><p>Coordenador de Projeto</p></td><td rowspan="1" colspan="1"><p>CCE 3.10</p></td></tr><tr><td rowspan="1" colspan="3" /><td rowspan="1" colspan="1" /><td rowspan="1" colspan="1"><p>3</p></td><td rowspan="1" colspan="1"><p>Assessor Técnico Especializado</p></td><td rowspan="1" colspan="1"><p>FCE 4.10</p></td></tr><tr><td rowspan="1" colspan="1" /><td rowspan="1" colspan="2"><p>Coordenação de Sistema de Qualidade de Ensaios de EPIs</p></td><td rowspan="1" colspan="1"><p>CSQ</p></td><td rowspan="1" colspan="1"><p>1</p></td><td rowspan="1" colspan="1"><p>Coordenador</p></td><td rowspan="1" colspan="1"><p>FCE 1.12</p></td></tr><tr><td rowspan="1" colspan="1" /><td rowspan="1" colspan="2"><p>Coordenação de Controle Operacional</p></td><td rowspan="1" colspan="1"><p>CCO</p></td><td rowspan="1" colspan="1"><p>1</p></td><td rowspan="1" colspan="1"><p>Coordenador</p></td><td rowspan="1" colspan="1"><p>FCE 1.12</p></td></tr><tr><td rowspan="1" colspan="1" /><td rowspan="1" colspan="2"><p>Coordenação de Apoio à Pesquisa</p></td><td rowspan="1" colspan="1"><p>CAP</p></td><td rowspan="1" colspan="1"><p>1</p></td><td rowspan="1" colspan="1"><p>Coordenador</p></td><td rowspan="1" colspan="1"><p>FCE 1.10</p></td></tr><tr><td rowspan="1" colspan="2" /><td rowspan="1" colspan="1"><p>Serviço de Epidemiologia e Estatística</p></td><td rowspan="1" colspan="1"><p>SEE</p></td><td rowspan="1" colspan="1"><p>1</p></td><td rowspan="1" colspan="1"><p>Chefe</p></td><td rowspan="1" colspan="1"><p>FCE 1.05</p></td></tr></table><p></p><table><tr /><tr><td rowspan="1" colspan="5"><p>Escritórios Avançados</p></td></tr><tr><td rowspan="1" colspan="1"><p>Setor do Escritório Avançado na Baixada Santista</p></td><td rowspan="1" colspan="1"><p>EABS</p></td><td rowspan="1" colspan="1"><p>1</p></td><td rowspan="1" colspan="1"><p>Chefe</p></td><td rowspan="1" colspan="1"><p>FCE 1.02</p></td></tr><tr><td rowspan="1" colspan="1"><p>Setor do Escritório Avançado em Campinas</p></td><td rowspan="1" colspan="1"><p>EACA</p></td><td rowspan="1" colspan="1"><p>1</p></td><td rowspan="1" colspan="1"><p>Chefe</p></td><td rowspan="1" colspan="1"><p>FCE 1.02</p></td></tr><tr><td rowspan="1" colspan="1"><p>Setor do Escritório Avançado no Distrito Federal</p></td><td rowspan="1" colspan="1"><p>EADF</p></td><td rowspan="1" colspan="1"><p>1</p></td><td rowspan="1" colspan="1"><p>Chefe</p></td><td rowspan="1" colspan="1"><p>FCE 1.02</p></td></tr><tr><td rowspan="1" colspan="1"><p>Setor do Escritório Avançado na Bahia</p></td><td rowspan="1" colspan="1"><p>EABA</p></td><td rowspan="1" colspan="1"><p>1</p></td><td rowspan="1" colspan="1"><p>Chefe</p></td><td rowspan="1" colspan="1"><p>FCE 1.02</p></td></tr><tr><td rowspan="1" colspan="1"><p>Setor do Escritório Avançado em Minas Gerais</p></td><td rowspan="1" colspan="1"><p>EAMG</p></td><td rowspan="1" colspan="1"><p>1</p></td><td rowspan="1" colspan="1"><p>Chefe</p></td><td rowspan="1" colspan="1"><p>FCE 1.02</p></td></tr><tr><td rowspan="1" colspan="1"><p>Setor do Escritório Avançado em Pernambuco</p></td><td rowspan="1" colspan="1"><p>EAPE</p></td><td rowspan="1" colspan="1"><p>1</p></td><td rowspan="1" colspan="1"><p>Chefe</p></td><td rowspan="1" colspan="1"><p>FCE 1.02</p></td></tr><tr><td rowspan="1" colspan="1"><p>Setor do Escritório Avançado em Santa Catarina</p></td><td rowspan="1" colspan="1"><p>EASC</p></td><td rowspan="1" colspan="1"><p>1</p></td><td rowspan="1" colspan="1"><p>Chefe</p></td><td rowspan="1" colspan="1"><p>FCE 1.02</p></td></tr><tr><td rowspan="1" colspan="1"><p>Setor do Escritório Avançado no Espírito Santo</p></td><td rowspan="1" colspan="1"><p>EAES</p></td><td rowspan="1" colspan="1"><p>1</p></td><td rowspan="1" colspan="1"><p>Chefe</p></td><td rowspan="1" colspan="1"><p>FCE 1.02</p></td></tr><tr><td rowspan="1" colspan="1"><p>Setor do Escritório Avançado no Pará</p></td><td rowspan="1" colspan="1"><p>EAPA</p></td><td rowspan="1" colspan="1"><p>1</p></td><td rowspan="1" colspan="1"><p>Chefe</p></td><td rowspan="1" colspan="1"><p>FCE 1.02</p></td></tr><tr><td rowspan="1" colspan="1"><p>Setor do Escritório Avançado no Paraná</p></td><td rowspan="1" colspan="1"><p>EAPR</p></td><td rowspan="1" colspan="1"><p>1</p></td><td rowspan="1" colspan="1"><p>Chefe</p></td><td rowspan="1" colspan="1"><p>FCE 1.02</p></td></tr><tr><td rowspan="1" colspan="1"><p>Setor do Escritório Avançado no Rio de Janeiro</p></td><td rowspan="1" colspan="1"><p>EARJ</p></td><td rowspan="1" colspan="1"><p>1</p></td><td rowspan="1" colspan="1"><p>Chefe</p></td><td rowspan="1" colspan="1"><p>FCE 1.02</p></td></tr><tr><td rowspan="1" colspan="1"><p>Setor do Escritório Avançado no Rio Grande do Sul</p></td><td rowspan="1" colspan="1"><p>EARS</p></td><td rowspan="1" colspan="1"><p>1</p></td><td rowspan="1" colspan="1"><p>Chefe</p></td><td rowspan="1" colspan="1"><p>FCE 1.02</p></td></tr></table><p class="assina">PEDRO TOURINHO DE SIQUEIRA</p>]]></Texto>
  </body>
  <Midias />
</article></xml>