﻿<xml><article id="46267808" name="Resolucao Cofen nA 793-2025" idOficio="11382359" pubName="DO1" artType="Resolução" pubDate="04/11/2025" artClass="00071:00040:00000:00000:00000:00000:00000:00000:00000:00000:00064:00000" artCategory="Entidades de Fiscalização do Exercício das Profissões Liberais/Conselho Federal de Enfermagem" artSize="12" artNotes="" numberPage="168" pdfPage="http://pesquisa.in.gov.br/imprensa/jsp/visualiza/index.jsp?data=04/11/2025&amp;jornal=515&amp;pagina=168" editionNumber="210" highlightType="" highlightPriority="" highlight="" highlightimage="" highlightimagename="" idMateria="23280365">
  <body>
    <Identifica><![CDATA[ RESOLUÇÃO COFEN Nº 793, DE 30 DE OUTUBRO DE 2025]]></Identifica>
    <Data><![CDATA[]]></Data>
    <Ementa><![CDATA[ Altera a redação do inciso III e suas alíneas "a" e "b" do art. 11, do Código Eleitoral do Sistema Cofen/Conselhos Regionais de Enfermagem, aprovado pela Resolução Cofen nº 791/2025.]]></Ementa>
    <Titulo />
    <SubTitulo />
    <Texto><![CDATA[<p class="identifica">RESOLUÇÃO COFEN Nº 793, DE 30 DE OUTUBRO DE 2025</p><p class="ementa">Altera a redação do inciso III e suas alíneas "a" e "b" do art. 11, do Código Eleitoral do Sistema Cofen/Conselhos Regionais de Enfermagem, aprovado pela Resolução Cofen nº 791/2025.</p><p>O CONSELHO FEDERAL DE ENFERMAGEM - COFEN, no uso das atribuições que lhe são conferidas pela Lei nº 5.905, de 12 de julho de 1973, e pelo Regimento Interno da Autarquia, aprovado pela Resolução Cofen nº 726, de 15 de setembro de 2023, e</p><p>CONSIDERANDO a prerrogativa estabelecida ao Cofen no art. 8º, inciso IV, da Lei nº 5.905/1973, de baixar provimentos e expedir instruções, para uniformidade de procedimento e bom funcionamento dos Conselhos Regionais;</p><p>CONSIDERANDO o disposto no art. 22, inciso X, do Regimento Interno do Cofen, aprovado pela Resolução Cofen nº 726/2023, que autoriza o Conselho Federal de Enfermagem baixar Resoluções, Decisões e demais instrumentos legais no âmbito da Autarquia;</p><p>CONSIDERANDO o disposto no art. 22, XV e XVIII, do Regimento Interno do Cofen, aprovado pela Resolução Cofen nº 726/2023, que autoriza o Cofen a deliberar sobre normas para o processamento das eleições dos Conselheiros do Sistema Cofen/Conselhos Regionais de Enfermagem e fixar época para suas realizações, bem como coordenar a realização das eleições dos Conselhos Regionais de Enfermagem, respectivamente;</p><p>CONSIDERANDO a deliberação do Plenário em sua 582ª Reunião Ordinária realizada no período de 27 a 31 de outubro de 2025, e tudo o mais que consta no Processo Administrativo Cofen nº 00196.005255/2025-85, resolve:</p><p>Art. 1º O inciso III e suas alíneas "a" e "b" do art. 11 do Código Eleitoral do Sistema Cofen/Conselhos Regionais de Enfermagem, aprovado pela Resolução Cofen nº 791, de 30 de setembro de 2025, publicada no Diário Oficial da União nº 194, de 10 de outubro de 2025, seção 1, páginas 194-196, passam a vigorar com as seguintes redações:</p><p>"Art. 11 [...]</p><p>[...]</p><p>III - Inscrição principal definitiva ativa até a publicação do Edital Eleitoral nº 1, no respectivo Quadro a que pretende concorrer, de:</p><p>a) no mínimo de 08 (oito) anos de inscrição, sendo ininterrupta nos últimos 05 (cinco) anos, no Quadro e no respectivo Coren onde pretende concorrer às eleições, e de</p><p>b) no mínimo de 08 (oito) anos de inscrição no Quadro, sendo ininterrupta nos últimos 05 (cinco) anos, no caso de candidatura para o Cofen."</p><p>Art. 2º Esta Resolução entra em vigor na data de sua publicação no Diário Oficial da União.</p><p class="assina">MANOEL CARLOS NERI DA SILVA</p><p class="cargo">Presidente do Conselho</p><p class="assina">VENCELAU JACKSON DA CONCEIÇÃO PANTOJA</p><p class="cargo">Primeiro-Secretário</p>]]></Texto>
  </body>
  <Midias />
</article></xml>