﻿<xml><article id="46235269" name="ADE2RF12" idOficio="11378812" pubName="DO1" artType="Ato Declaratório" pubDate="03/11/2025" artClass="00028:00033:00435:00094:00000:00000:00000:00000:00000:00000:00007:00000" artCategory="Ministério da Fazenda/Secretaria Especial da Receita Federal do Brasil/Secretaria-Adjunta/Superintendência Regional da Receita Federal do Brasil 2ª Região Fiscal" artSize="12" artNotes="ok" numberPage="54" pdfPage="http://pesquisa.in.gov.br/imprensa/jsp/visualiza/index.jsp?data=03/11/2025&amp;jornal=515&amp;pagina=54" editionNumber="209" highlightType="" highlightPriority="" highlight="" highlightimage="" highlightimagename="" idMateria="23275599">
  <body>
    <Identifica><![CDATA[ ATO DECLARATÓRIO EXECUTIVO SRRF02 Nº 12, DE 30 DE OUTUBRO de 2025]]></Identifica>
    <Data><![CDATA[]]></Data>
    <Ementa><![CDATA[ Altera o Ato Declaratório Executivo SRRF02 nº 8, de 5 de junho de 2023, para ampliar a área alfandegada do Terminal Portuário Novo Remanso S/A.]]></Ementa>
    <Titulo />
    <SubTitulo />
    <Texto><![CDATA[<p class="identifica">ATO DECLARATÓRIO EXECUTIVO SRRF02 Nº 12, DE 30 DE OUTUBRO de 2025</p><p class="ementa">Altera o Ato Declaratório Executivo SRRF02 nº 8, de 5 de junho de 2023, para ampliar a área alfandegada do Terminal Portuário Novo Remanso S/A.</p><p>A SUPERINTENDENTE DA RECEITA FEDERAL DO BRASIL DA 2ª REGIÃO FISCAL, no uso das atribuições que lhe confere o inciso VI do artigo 359 do Regimento Interno da Secretaria Especial da Receita Federal do Brasil, aprovado pela Portaria ME nº 284, de 27 de julho de 2020, com base no disposto nos artigos 3º, inciso I, e 31, inciso I, da Portaria RFB nº 143, de 11 de fevereiro de 2022, e tendo em vista o que consta do processo administrativo nº 13042.156766/2025-60, declara:</p><p>Art. 1º O Ato Declaratório Executivo SRRF02 nº 8, de 5 de junho de 2023, publicado no Diário Oficial da União (DOU) de 7 de junho de 2023, passa a vigorar com as seguintes alterações:</p><p>"Art. 2º O presente alfandegamento abrange uma área total de 216.281,69 m², nela compreendida, entre outras instalações operacionais e administrativas, um píer flutuante de atracação, um terminal flutuante auxiliar para descarga de barcaças, estruturas e correias transportadoras para movimentação de grãos sólidos, pátio, um armazém graneleiro (silo horizontal, em formato retangular, de 216m de comprimento e 36,80m de largura, possuindo fundo tipo "V", com capacidade tabelada de 120.500 m3)." (NR)</p><p>Art. 2º Este Ato Declaratório Executivo entra em vigor na data de sua publicação no DOU.</p><p class="assina">ALTAIR DE FÁTIMA CAPELA SAMPAIO</p>]]></Texto>
  </body>
  <Midias />
</article></xml>