﻿<xml><article id="46239730" name="Int_Desp_3.231_2025_SFT_GFG" idOficio="11379586" pubName="DO1" artType="Despacho" pubDate="03/11/2025" artClass="00035:00043:00040:00005:00000:00000:00000:00000:00000:00000:00024:00000" artCategory="Ministério de Minas e Energia/Agência Nacional de Energia Elétrica/Superintendência de Fiscalização Técnica dos Serviços de Energia Elétrica/Gerência de Fiscalização da Geração" artSize="12" artNotes="" numberPage="72" pdfPage="http://pesquisa.in.gov.br/imprensa/jsp/visualiza/index.jsp?data=03/11/2025&amp;jornal=515&amp;pagina=72" editionNumber="209" highlightType="" highlightPriority="" highlight="" highlightimage="" highlightimagename="" idMateria="23276941">
  <body>
    <Identifica><![CDATA[ DESPACHO Nº 3.231, DE 31 DE OUTUBRO DE 2025]]></Identifica>
    <Data><![CDATA[]]></Data>
    <Ementa />
    <Titulo />
    <SubTitulo />
    <Texto><![CDATA[<p class="identifica">DESPACHO Nº 3.231, DE 31 DE OUTUBRO DE 2025</p><p>O GERENTE DE FISCALIZAÇÃO DA GERAÇÃO DA SUPERINTENDÊNCIA DE FISCALIZAÇÃO TÉCNICA DOS SERVIÇOS DE ENERGIA ELÉTRICA DA AGÊNCIA NACIONAL DE ENERGIA ELÉTRICA - ANEEL, nos termos do art. 3º da Portaria nº 6.836, de 21 de junho de 2023, e considerando o que consta do Processo nº 48500.032926/2025-16, decide:</p><p>liberar a unidade geradora UG01 a UG40 de 1.102,50 kW cada, totalizando 44.100,00 kW de potência instalada, da UFV Boa Sorte 14, Código Único de Empreendimentos de Geração - CEG UFV.RS.MG.049198-5.01, localizada no município de Paracatu no estado de Minas Gerais, de titularidade da Central Fotovoltaica Boa Sorte 14 SPE S.A., para início da operação comercial a partir de 1º de novembro de 2025.</p><p class="assina">RAFAEL ERVILHA CAETANO</p>]]></Texto>
  </body>
  <Midias />
</article></xml>