﻿<xml><article id="46246676" name="8629 PortariaPropostaFAF_2025103" idOficio="11379781" pubName="DO1" artType="Portaria" pubDate="03/11/2025" artClass="00047:00001:00000:00000:00000:00000:00000:00000:00000:00000:00054:00000" artCategory="Ministério da Saúde/Gabinete do Ministro" artSize="24" artNotes="" numberPage="84" pdfPage="http://pesquisa.in.gov.br/imprensa/jsp/visualiza/index.jsp?data=03/11/2025&amp;jornal=515&amp;pagina=84" editionNumber="209" highlightType="" highlightPriority="" highlight="" highlightimage="" highlightimagename="" idMateria="23277487">
  <body>
    <Identifica><![CDATA[ PORTARIA GM/MS Nº 8.629, DE 31 DE OUTUBRO DE 2025]]></Identifica>
    <Data><![CDATA[]]></Data>
    <Ementa><![CDATA[ Autoriza o  Município ou Distrito Federal a receber recursos referentes ao incremento temporário ao custeio dos serviços de Atenção Primária à Saúde. ]]></Ementa>
    <Titulo />
    <SubTitulo />
    <Texto><![CDATA[<p class="identifica">PORTARIA GM/MS Nº 8.629, DE 31 DE OUTUBRO DE 2025</p><p class="ementa">Autoriza o Município ou Distrito Federal a receber recursos referentes ao incremento temporário ao custeio dos serviços de Atenção Primária à Saúde.</p><p>O MINISTRO DE ESTADO DA SAÚDE, no uso das atribuições que lhe conferem os incisos I e II do parágrafo único do art. 87 da Constituição, em observância a Lei nº 15.121, de 10 de abril de 2025, Lei Complementar nº 141, de 13 de janeiro de 2012, Lei nº 8.080, de 19 de setembro de 1990, resolve:</p><p>Art. 1º Ficam autorizados os Municípios e o Distrito Federal descritos no anexo a esta Portaria a receberem recursos financeiros referentes ao incremento temporário para o custeio dos serviços de Atenção Primária à Saúde.</p><p>Art. 2º Os recursos financeiros tratados nesta Portaria referem-se à aplicação das emendas parlamentares para incremento temporário do Piso da Atenção Primária à Saúde.</p><p>Art. 3º As propostas de que tratam esta portaria serão processadas no InvestSUS, disponível no portalfns.saude.gov.br.</p><p>Art. 4º O Fundo Nacional de Saúde adotará as medidas necessárias para as transferências de recursos financeiros estabelecidas nesta Portaria aos respectivos Fundos de Saúde, em parcela única, em conformidade com os processos de pagamento instruídos pela Secretaria Finalística, após atendidas as condições previstas para essa modalidade de transferência.</p><p>Art. 5º A prestação de contas sobre a aplicação dos recursos financeiros será realizada por meio do Relatório Anual de Gestão - RAG aprovado pelo respectivo Conselho local de saúde, nos termos dos artigos 34 a 36 da Lei Complementar nº 141, de 14 de janeiro de 2012.</p><p>Art. 6º Esta Portaria entra em vigor na data de sua publicação.</p><p class="assina">ALEXANDRE ROCHA SANTOS PADILHA</p><p class="anexo">ANEXO</p><p>Entes federados autorizados a receberem recursos financeiros federais de emendas destinados ao incremento temporário ao custeio dos serviços de Atenção Primária à Saúde.</p><p /><p></p><table><tr /><tr><td rowspan="1" colspan="1"><p>UF</p></td><td rowspan="1" colspan="1"><p>MUNICÍPIO</p></td><td rowspan="1" colspan="1"><p>ENTIDADE</p></td><td rowspan="1" colspan="1"><p>Nº DA PROPOSTA</p></td><td rowspan="1" colspan="1"><p>CÓD. EMENDA</p></td><td rowspan="1" colspan="1"><p>VALOR POR EMENDA (R$)</p></td><td rowspan="1" colspan="1"><p>VALOR TOTAL DA PROPOSTA (R$)</p></td><td rowspan="1" colspan="1"><p>FUNCIONAL PROGRAMÁTICA</p></td></tr><tr><td rowspan="1" colspan="1"><p>CE</p></td><td rowspan="1" colspan="1"><p>MONSENHOR TABOSA</p></td><td rowspan="1" colspan="1"><p>FUNDO MUNICIPAL DE SAUDE DE MONSENHOR TABOSA</p></td><td rowspan="1" colspan="1"><p>36000714831202500</p></td><td rowspan="1" colspan="1"><p>60060003</p></td><td rowspan="1" colspan="1"><p>850.000,00</p></td><td rowspan="1" colspan="1"><p>850.000,00</p></td><td rowspan="1" colspan="1"><p>1030151192E890001</p></td></tr><tr><td rowspan="1" colspan="1"><p>ES</p></td><td rowspan="1" colspan="1"><p>AGUIA BRANCA</p></td><td rowspan="1" colspan="1"><p>FUNDO MUNICIPAL DE SAUDE</p></td><td rowspan="1" colspan="1"><p>36000706175202500</p></td><td rowspan="1" colspan="1"><p>60060003</p></td><td rowspan="1" colspan="1"><p>200.000,00</p></td><td rowspan="1" colspan="1"><p>200.000,00</p></td><td rowspan="1" colspan="1"><p>1030151192E890001</p></td></tr><tr><td rowspan="1" colspan="1"><p>ES</p></td><td rowspan="1" colspan="1"><p>AGUIA BRANCA</p></td><td rowspan="1" colspan="1"><p>FUNDO MUNICIPAL DE SAUDE</p></td><td rowspan="1" colspan="1"><p>36000706194202500</p></td><td rowspan="1" colspan="1"><p>50410001</p></td><td rowspan="1" colspan="1"><p>200.000,00</p></td><td rowspan="1" colspan="1"><p>200.000,00</p></td><td rowspan="1" colspan="1"><p>1030151192E890001</p></td></tr><tr><td rowspan="1" colspan="1"><p>ES</p></td><td rowspan="1" colspan="1"><p>AGUIA BRANCA</p></td><td rowspan="1" colspan="1"><p>FUNDO MUNICIPAL DE SAUDE</p></td><td rowspan="1" colspan="1"><p>36000706207202500</p></td><td rowspan="1" colspan="1"><p>60060003</p></td><td rowspan="1" colspan="1"><p>205.000,00</p></td><td rowspan="1" colspan="1"><p>205.000,00</p></td><td rowspan="1" colspan="1"><p>1030151192E890001</p></td></tr><tr><td rowspan="1" colspan="1"><p>ES</p></td><td rowspan="1" colspan="1"><p>DOMINGOS MARTINS</p></td><td rowspan="1" colspan="1"><p>FUNDO MUNICIPAL DE SAUDE DE DOMINGOS MARTINS</p></td><td rowspan="1" colspan="1"><p>36000698325202500</p></td><td rowspan="1" colspan="1"><p>60060003</p></td><td rowspan="1" colspan="1"><p>500.000,00</p></td><td rowspan="1" colspan="1"><p>500.000,00</p></td><td rowspan="1" colspan="1"><p>1030151192E890001</p></td></tr><tr><td rowspan="1" colspan="1"><p>ES</p></td><td rowspan="1" colspan="1"><p>MUCURICI</p></td><td rowspan="1" colspan="1"><p>FUNDO MUNICIPAL DE SAUDE DE MUCURICI</p></td><td rowspan="1" colspan="1"><p>36000712785202500</p></td><td rowspan="1" colspan="1"><p>60060003</p></td><td rowspan="1" colspan="1"><p>300.000,00</p></td><td rowspan="1" colspan="1"><p>300.000,00</p></td><td rowspan="1" colspan="1"><p>1030151192E890001</p></td></tr><tr><td rowspan="1" colspan="1"><p>ES</p></td><td rowspan="1" colspan="1"><p>MUNIZ FREIRE</p></td><td rowspan="1" colspan="1"><p>FUNDO MUNICIPAL DE SAUDE</p></td><td rowspan="1" colspan="1"><p>36000708757202500</p></td><td rowspan="1" colspan="1"><p>60060003</p></td><td rowspan="1" colspan="1"><p>400.000,00</p></td><td rowspan="1" colspan="1"><p>400.000,00</p></td><td rowspan="1" colspan="1"><p>1030151192E890001</p></td></tr><tr><td rowspan="1" colspan="1"><p>ES</p></td><td rowspan="1" colspan="1"><p>VILA PAVAO</p></td><td rowspan="1" colspan="1"><p>FUNDO MUNICIPAL DE SAUDE DE VILA PAVAO</p></td><td rowspan="1" colspan="1"><p>36000698610202500</p></td><td rowspan="1" colspan="1"><p>50410001</p></td><td rowspan="1" colspan="1"><p>300.000,00</p></td><td rowspan="1" colspan="1"><p>300.000,00</p></td><td rowspan="1" colspan="1"><p>1030151192E890001</p></td></tr><tr><td rowspan="1" colspan="1"><p>GO</p></td><td rowspan="1" colspan="1"><p>MONTE ALEGRE DE GOIAS</p></td><td rowspan="1" colspan="1"><p>FUNDO MUNICIPAL DE SAUDE DE MONTE ALEGRE DE GOIAS</p></td><td rowspan="1" colspan="1"><p>36000714111202500</p></td><td rowspan="1" colspan="1"><p>60060003</p></td><td rowspan="1" colspan="1"><p>300.000,00</p></td><td rowspan="1" colspan="1"><p>300.000,00</p></td><td rowspan="1" colspan="1"><p>1030151192E890001</p></td></tr><tr><td rowspan="1" colspan="1"><p>MG</p></td><td rowspan="1" colspan="1"><p>ORATORIOS</p></td><td rowspan="1" colspan="1"><p>FUNDO MUNICIPAL DE SAUDE DE ORATORIOS</p></td><td rowspan="1" colspan="1"><p>36000696554202500</p></td><td rowspan="1" colspan="1"><p>50410001</p></td><td rowspan="1" colspan="1"><p>200.000,00</p></td><td rowspan="1" colspan="1"><p>200.000,00</p></td><td rowspan="1" colspan="1"><p>1030151192E890001</p></td></tr><tr><td rowspan="1" colspan="1"><p>PA</p></td><td rowspan="1" colspan="1"><p>ITAITUBA</p></td><td rowspan="1" colspan="1"><p>FUNDO MUNICIPAL DE SAUDE DE ITAITUBA</p></td><td rowspan="1" colspan="1"><p>36000711119202500</p></td><td rowspan="1" colspan="1"><p>50410001</p></td><td rowspan="1" colspan="1"><p>1.000.005,00</p></td><td rowspan="1" colspan="1"><p>1.000.005,00</p></td><td rowspan="1" colspan="1"><p>1030151192E890001</p></td></tr><tr><td rowspan="1" colspan="1"><p>PE</p></td><td rowspan="1" colspan="1"><p>AFOGADOS DA INGAZEIRA</p></td><td rowspan="1" colspan="1"><p>FUNDO MUNICIPAL DE SAUDE - FMS</p></td><td rowspan="1" colspan="1"><p>36000714434202500</p></td><td rowspan="1" colspan="1"><p>50410001</p></td><td rowspan="1" colspan="1"><p>450.000,00</p></td><td rowspan="1" colspan="1"><p>450.000,00</p></td><td rowspan="1" colspan="1"><p>1030151192E890001</p></td></tr><tr><td rowspan="1" colspan="1"><p>PE</p></td><td rowspan="1" colspan="1"><p>EXU</p></td><td rowspan="1" colspan="1"><p>FUNDO MUNICIPAL DE SAUDE</p></td><td rowspan="1" colspan="1"><p>36000704330202500</p></td><td rowspan="1" colspan="1"><p>50410001</p></td><td rowspan="1" colspan="1"><p>1.000.000,00</p></td><td rowspan="1" colspan="1"><p>1.000.000,00</p></td><td rowspan="1" colspan="1"><p>1030151192E890001</p></td></tr><tr><td rowspan="1" colspan="1"><p>PE</p></td><td rowspan="1" colspan="1"><p>JATAUBA</p></td><td rowspan="1" colspan="1"><p>FUNDO MUNICIPAL DE SAUDE DE JATAUBA</p></td><td rowspan="1" colspan="1"><p>36000697173202500</p></td><td rowspan="1" colspan="1"><p>50410001</p></td><td rowspan="1" colspan="1"><p>500.000,00</p></td><td rowspan="1" colspan="1"><p>500.000,00</p></td><td rowspan="1" colspan="1"><p>1030151192E890001</p></td></tr><tr><td rowspan="1" colspan="1"><p>PI</p></td><td rowspan="1" colspan="1"><p>CAMPO ALEGRE DO FIDALGO</p></td><td rowspan="1" colspan="1"><p>FUNDO MUNICIPAL DE SAUDE DE CAMPO ALEGRE DO FIDALGO</p></td><td rowspan="1" colspan="1"><p>36000714696202500</p></td><td rowspan="1" colspan="1"><p>60060003</p></td><td rowspan="1" colspan="1"><p>170.000,00</p></td><td rowspan="1" colspan="1"><p>170.000,00</p></td><td rowspan="1" colspan="1"><p>1030151192E890001</p></td></tr><tr><td rowspan="1" colspan="1"><p>RN</p></td><td rowspan="1" colspan="1"><p>SAO PAULO DO POTENGI</p></td><td rowspan="1" colspan="1"><p>FUNDO MUNICIPAL DE SAUDE</p></td><td rowspan="1" colspan="1"><p>36000706306202500</p></td><td rowspan="1" colspan="1"><p>60060003</p></td><td rowspan="1" colspan="1"><p>840.000,00</p></td><td rowspan="1" colspan="1"><p>840.000,00</p></td><td rowspan="1" colspan="1"><p>1030151192E890001</p></td></tr><tr><td rowspan="1" colspan="1"><p>RN</p></td><td rowspan="1" colspan="1"><p>SERRA DE SAO BENTO</p></td><td rowspan="1" colspan="1"><p>FUNDO MUNICIPAL DE SAUDE DE SERRA DE SAO BENTO/RN</p></td><td rowspan="1" colspan="1"><p>36000709240202500</p></td><td rowspan="1" colspan="1"><p>50410001</p></td><td rowspan="1" colspan="1"><p>300.000,00</p></td><td rowspan="1" colspan="1"><p>300.000,00</p></td><td rowspan="1" colspan="1"><p>1030151192E890001</p></td></tr><tr><td rowspan="1" colspan="1"><p>RS</p></td><td rowspan="1" colspan="1"><p>ARARICA</p></td><td rowspan="1" colspan="1"><p>FUNDO MUNICIPAL DE SAUDE DE ARARICA</p></td><td rowspan="1" colspan="1"><p>36000702601202500</p></td><td rowspan="1" colspan="1"><p>50410001</p></td><td rowspan="1" colspan="1"><p>100.000,00</p></td><td rowspan="1" colspan="1"><p>100.000,00</p></td><td rowspan="1" colspan="1"><p>1030151192E890001</p></td></tr><tr><td rowspan="1" colspan="1"><p>RS</p></td><td rowspan="1" colspan="1"><p>CIDREIRA</p></td><td rowspan="1" colspan="1"><p>FUNDO MUNICIPAL DE SAUDE DE CIDREIRA</p></td><td rowspan="1" colspan="1"><p>36000703844202500</p></td><td rowspan="1" colspan="1"><p>60060003</p></td><td rowspan="1" colspan="1"><p>300.000,00</p></td><td rowspan="1" colspan="1"><p>300.000,00</p></td><td rowspan="1" colspan="1"><p>1030151192E890001</p></td></tr><tr><td rowspan="1" colspan="1"><p>RS</p></td><td rowspan="1" colspan="1"><p>PONTE PRETA</p></td><td rowspan="1" colspan="1"><p>FUNDO MUNICIPAL DE SAUDE - PONTE PRETA</p></td><td rowspan="1" colspan="1"><p>36000705007202500</p></td><td rowspan="1" colspan="1"><p>50410001</p></td><td rowspan="1" colspan="1"><p>300.000,00</p></td><td rowspan="1" colspan="1"><p>300.000,00</p></td><td rowspan="1" colspan="1"><p>1030151192E890001</p></td></tr><tr><td rowspan="1" colspan="1"><p>RS</p></td><td rowspan="1" colspan="1"><p>UNIAO DA SERRA</p></td><td rowspan="1" colspan="1"><p>FUNDO MUNICIPAL DA SAUDE - UNIAO DA SERRA</p></td><td rowspan="1" colspan="1"><p>36000714680202500</p></td><td rowspan="1" colspan="1"><p>60060003</p></td><td rowspan="1" colspan="1"><p>200.000,00</p></td><td rowspan="1" colspan="1"><p>200.000,00</p></td><td rowspan="1" colspan="1"><p>1030151192E890001</p></td></tr><tr><td rowspan="1" colspan="1"><p>SC</p></td><td rowspan="1" colspan="1"><p>ARROIO TRINTA</p></td><td rowspan="1" colspan="1"><p>FUNDO MUNICIPAL DA SAUDE - FMS</p></td><td rowspan="1" colspan="1"><p>36000699693202500</p></td><td rowspan="1" colspan="1"><p>60060003</p></td><td rowspan="1" colspan="1"><p>200.000,00</p></td><td rowspan="1" colspan="1"><p>200.000,00</p></td><td rowspan="1" colspan="1"><p>1030151192E890001</p></td></tr><tr><td rowspan="1" colspan="1"><p>SC</p></td><td rowspan="1" colspan="1"><p>BOCAINA DO SUL</p></td><td rowspan="1" colspan="1"><p>FUNDO MUN DE SAUDE - BOCAINA DO SUL</p></td><td rowspan="1" colspan="1"><p>36000705350202500</p></td><td rowspan="1" colspan="1"><p>60060003</p></td><td rowspan="1" colspan="1"><p>200.000,00</p></td><td rowspan="1" colspan="1"><p>200.000,00</p></td><td rowspan="1" colspan="1"><p>1030151192E890001</p></td></tr><tr><td rowspan="1" colspan="1"><p>SC</p></td><td rowspan="1" colspan="1"><p>BRUNOPOLIS</p></td><td rowspan="1" colspan="1"><p>FUNDO MUNICIPAL DE SAUDE DE BRUNOPOLIS</p></td><td rowspan="1" colspan="1"><p>36000709507202500</p></td><td rowspan="1" colspan="1"><p>60060003</p></td><td rowspan="1" colspan="1"><p>200.000,00</p></td><td rowspan="1" colspan="1"><p>200.000,00</p></td><td rowspan="1" colspan="1"><p>1030151192E890001</p></td></tr><tr><td rowspan="1" colspan="1"><p>SC</p></td><td rowspan="1" colspan="1"><p>SAO BENTO DO SUL</p></td><td rowspan="1" colspan="1"><p>FUNDO MUNICIPAL DE SAUDE DE SAO BENTO DO SUL</p></td><td rowspan="1" colspan="1"><p>36000699167202500</p></td><td rowspan="1" colspan="1"><p>50410001</p></td><td rowspan="1" colspan="1"><p>100.000,00</p></td><td rowspan="1" colspan="1"><p>100.000,00</p></td><td rowspan="1" colspan="1"><p>1030151192E890001</p></td></tr><tr><td rowspan="1" colspan="1"><p>SC</p></td><td rowspan="1" colspan="1"><p>URUPEMA</p></td><td rowspan="1" colspan="1"><p>FUNDO MUNICIPAL DE SAUDE DE URUPEMA</p></td><td rowspan="1" colspan="1"><p>36000704645202500</p></td><td rowspan="1" colspan="1"><p>60060003</p></td><td rowspan="1" colspan="1"><p>120.573,00</p></td><td rowspan="1" colspan="1"><p>120.573,00</p></td><td rowspan="1" colspan="1"><p>1030151192E890001</p></td></tr><tr><td rowspan="1" colspan="1"><p>SE</p></td><td rowspan="1" colspan="1"><p>PINHAO</p></td><td rowspan="1" colspan="1"><p>FUNDO MUNICIPAL DE SAUDE DE PINHAO</p></td><td rowspan="1" colspan="1"><p>36000704067202500</p></td><td rowspan="1" colspan="1"><p>60060003</p></td><td rowspan="1" colspan="1"><p>400.000,00</p></td><td rowspan="1" colspan="1"><p>400.000,00</p></td><td rowspan="1" colspan="1"><p>1030151192E890001</p></td></tr><tr><td rowspan="1" colspan="1"><p>SP</p></td><td rowspan="1" colspan="1"><p>ENGENHEIRO COELHO</p></td><td rowspan="1" colspan="1"><p>FUNDO MUNICIPAL DE SAUDE</p></td><td rowspan="1" colspan="1"><p>36000699127202500</p></td><td rowspan="1" colspan="1"><p>50410001</p></td><td rowspan="1" colspan="1"><p>100.000,00</p></td><td rowspan="1" colspan="1"><p>100.000,00</p></td><td rowspan="1" colspan="1"><p>1030151192E890001</p></td></tr><tr><td rowspan="1" colspan="3"><p>TOTAL</p></td><td rowspan="1" colspan="1"><p>28 PROPOSTAS</p></td><td rowspan="1" colspan="2" /><td rowspan="1" colspan="1"><p>9.935.578,00</p></td><td rowspan="1" colspan="1" /></tr></table>]]></Texto>
  </body>
  <Midias />
</article></xml>