﻿<xml><article id="46237704" name="Sumula - Parecer CNE_CP 16_2025-" idOficio="11379471" pubName="DO1" artType="Súmula" pubDate="03/11/2025" artClass="00025:00013:00005:00000:00000:00000:00000:00000:00000:00000:00066:00002" artCategory="Ministério da Educação/Conselho Nacional de Educação/Secretaria Executiva" artSize="12" artNotes="" numberPage="39" pdfPage="http://pesquisa.in.gov.br/imprensa/jsp/visualiza/index.jsp?data=03/11/2025&amp;jornal=515&amp;pagina=39" editionNumber="209" highlightType="" highlightPriority="" highlight="" highlightimage="" highlightimagename="" idMateria="23276771">
  <body>
    <Identifica><![CDATA[ SÚMULA DO PARECER CNE/CP Nº 16/2025]]></Identifica>
    <Data><![CDATA[ Brasília, 31 de outubro de 2025]]></Data>
    <Ementa />
    <Titulo />
    <SubTitulo />
    <Texto><![CDATA[<p class="identifica">SÚMULA DO PARECER CNE/CP Nº 16/2025</p><p>REUNIÃO ORDINÁRIA DOS DIAS 7, 8, 9 E 10 DO MÊS DE JULHO/2025</p><p>CONSELHO PLENO</p><p>e-MEC: 202204187. Parecer: CNE/CP 16/2025. Relatora: Ludhmila Abrahão Hajjar. Interessado: Centro de Idiomas, Ensino Técnico, Treinamento e Pesquisa do Nordeste-Cietep - ME - Banabuiú/CE. Assunto: Recurso contra a decisão exarada no Parecer CNE/CES nº 67, de 29 de janeiro de 2025, que tratou do credenciamento da Faculdade Philum Uniph, com sede no município de Banabuiú, no estado do Ceará, para a oferta de cursos superiores na modalidade a distância. Voto da Relatora: Nos termos do art. 33 do Regimento Interno do Conselho Nacional de Educação - CNE, conheço do recurso para, no mérito, negar-lhe provimento, mantendo a decisão exarada no Parecer CNE/CES nº 67, de 29 de janeiro de 2025, e manifesto-me desfavoravelmente ao credenciamento, para a oferta de cursos superiores na modalidade a distância, da Faculdade Philium Uniph, com sede na Rua Raimundo Alves Bezerra, nº 207, Centro, no município de Banabuiú, no estado do Ceará. Decisão do Conselho Pleno: APROVADO por unanimidade.</p><p>Observação: Em face do disposto no Art. 2º da Lei nº 9.131, de 24 de novembro de 1995, os pareceres do Conselho Nacional de Educação - CNE somente produzirão efeitos após a publicação do respectivo ato homologatório exarado pelo Ministro de Estado da Educação. O Parecer citado encontra-se à disposição dos interessados no Conselho Nacional de Educação e será divulgado na página do CNE (https://www.gov.br/mec/pt-br/cne).</p><p class="data">Brasília, 31 de outubro de 2025</p><p class="assina">CHRISTY GANZERT PATO</p><p class="cargo">Secretário Executivo</p>]]></Texto>
  </body>
  <Midias />
</article></xml>