﻿<xml><article id="46236984" name="Int_Desp_3.203_2025_DIR" idOficio="11379355" pubName="DO1" artType="Despacho" pubDate="03/11/2025" artClass="00035:00043:00021:00000:00000:00000:00000:00000:00000:00000:00024:00000" artCategory="Ministério de Minas e Energia/Agência Nacional de Energia Elétrica/Diretoria Colegiada" artSize="12" artNotes="" numberPage="72" pdfPage="http://pesquisa.in.gov.br/imprensa/jsp/visualiza/index.jsp?data=03/11/2025&amp;jornal=515&amp;pagina=72" editionNumber="209" highlightType="" highlightPriority="" highlight="" highlightimage="" highlightimagename="" idMateria="23276540">
  <body>
    <Identifica><![CDATA[ DESPACHO Nº 3.203 DE 28 DE OUTUBRO DE 2025]]></Identifica>
    <Data><![CDATA[]]></Data>
    <Ementa />
    <Titulo />
    <SubTitulo />
    <Texto><![CDATA[<p class="identifica">DESPACHO Nº 3.203 DE 28 DE OUTUBRO DE 2025</p><p>O DIRETOR-GERAL DA AGÊNCIA NACIONAL DE ENERGIA ELÉTRICA - ANEEL, no uso de suas atribuições regimentais, tendo em vista deliberação da Diretoria e o que consta do Processo nº 48500.903653/2024-11, decide:</p><p>(i) conhecer o recurso interposto pelo consumidor para, no mérito, negar-lhe provimento; e (ii) manter a decisão exarada pela ARSESP no processo ARSESP.ADM nº 0082-2021.</p><p class="assina">SANDOVAL DE ARAÚJO FEITOSA NETO</p>]]></Texto>
  </body>
  <Midias />
</article></xml>