﻿<xml><article id="46239616" name="PT 712-25" idOficio="11379539" pubName="DO1" artType="Portaria" pubDate="03/11/2025" artClass="00019:00037:00000:00000:00000:00000:00000:00000:00000:00000:00054:00000" artCategory="Ministério do Desenvolvimento, Indústria, Comércio e Serviços/Instituto Nacional de Metrologia, Qualidade e Tecnologia" artSize="12" artNotes="ok" numberPage="37" pdfPage="http://pesquisa.in.gov.br/imprensa/jsp/visualiza/index.jsp?data=03/11/2025&amp;jornal=515&amp;pagina=37" editionNumber="209" highlightType="" highlightPriority="" highlight="" highlightimage="" highlightimagename="" idMateria="23276921">
  <body>
    <Identifica><![CDATA[ PORTARIA Nº 712, DE 29 DE OUTUBRO DE 2025]]></Identifica>
    <Data><![CDATA[]]></Data>
    <Ementa />
    <Titulo />
    <SubTitulo />
    <Texto><![CDATA[<p class="identifica">PORTARIA Nº 712, DE 29 DE OUTUBRO DE 2025</p><p>O PRESIDENTE DO INSTITUTO NACIONAL DE METROLOGIA, QUALIDADE E TECNOLOGIA - INMETRO, no exercício da competência que lhe foi outorgada pelo artigo 4º, § 2º, da Lei n.º 5.966, de 11 de dezembro de 1973, combinado com o disposto nos artigos 18, inciso XI, do Anexo I ao Decreto n.º 11.221, de 05 de outubro de 2022, bem como a Lei n.º 9.784, de 29 de janeiro de 1999 e a Portaria Inmetro n.º 436, de 02 de outubro de 2023;</p><p>De acordo com o Regulamento Técnico Metrológico aprovado pela Portaria Inmetro n.º 325/2021, e</p><p>Considerando os elementos constantes do Processo Inmetro n.º 0052600.005704/2025-70, resolve:</p><p>Autorizar a utilização, em caráter opcional, de tampas alternativas em formato de animais, para o modelo TC04 de termômetro clínico digital aprovado pela Portaria Inmetro/Dimel n.º 177, de 21 de agosto de 2023, de acordo com as condições especificadas, disponível no sítio do Inmetro: http://www.inmetro.gov.br/pam/.</p><p class="assina">MARCIO ANDRE OLIVEIRA BRITO</p>]]></Texto>
  </body>
  <Midias />
</article></xml>