﻿<xml><article id="46232053" name="resolucao_4301_2025 GGTPS_003" idOficio="11377950" pubName="DO1" artType="Resolução" pubDate="03/11/2025" artClass="00047:00048:00015:00010:00000:00000:00000:00000:00000:00000:00064:34301" artCategory="Ministério da Saúde/Agência Nacional de Vigilância Sanitária/3ª Diretoria/Gerência-Geral de Tecnologia de Produtos para Saúde" artSize="12" artNotes="" numberPage="116" pdfPage="http://pesquisa.in.gov.br/imprensa/jsp/visualiza/index.jsp?data=03/11/2025&amp;jornal=515&amp;pagina=116" editionNumber="209" highlightType="" highlightPriority="" highlight="" highlightimage="" highlightimagename="" idMateria="23272821">
  <body>
    <Identifica />
    <Data><![CDATA[]]></Data>
    <Ementa />
    <Titulo />
    <SubTitulo />
    <Texto><![CDATA[<p>MOLNLYCKE HEALTH CARE VENDA DE PRODUTOS MEDICOS LTDA / 12.600.168/0001-17</p><p>Mepilex Transfer</p><p>25351.399813/2017-98 / 80733280013</p><p>80257 - MATERIAL - Alteração de registro - Implementação imediata - Alteração/inclusão/exclusão de fabricante legal, sem alteração no processo fabril; e/ou exclusão de unidade fabril / 1414734255</p><p>Mepilex Border Ag</p><p>25351.399835/2017-80 / 80733280015</p><p>80258 - MATERIAL - Alteração de registro - Implementação imediata - Alteração apenas do nome comercial e/ou denominação nome/código do modelo comercial, componente de sistema, parte ou acessório do produto / 1414690258</p><p>Mepilex Transfer Ag</p><p>25351.399809/2017-31 / 80733280012</p><p>80259 - MATERIAL - Alteração de registro - Implementação imediata - Exclusão de modelos, apresentações comerciais, componentes, acessórios; exclusão de indicação de uso; exclusão de método de esterilização / 1414688253</p><p>Mepilex Ag</p><p>25351.399832/2017-09 / 80733280023</p><p>80259 - MATERIAL - Alteração de registro - Implementação imediata - Exclusão de modelos, apresentações comerciais, componentes, acessórios; exclusão de indicação de uso; exclusão de método de esterilização / 1414668252</p><p>Mepitel One</p><p>25351.502698/2017-09 / 80733280011</p><p>80259 - MATERIAL - Alteração de registro - Implementação imediata - Exclusão de modelos, apresentações comerciais, componentes, acessórios; exclusão de indicação de uso; exclusão de método de esterilização / 1414691254</p><p>_ _ _ _ _ _ _ _ _ _ _ _</p><p>NUTEC GLOBAL INDUSTRIA E COMERCIO LTDA / 07.575.813/0001-59</p><p>Cânula De Debridação Óssea Diamantada - Nutec</p><p>25351.353248/2024-05 / 81715689005</p><p>80256 - MATERIAL - Alteração de notificação - Implementação imediata / 1148754253</p><p>_ _ _ _ _ _ _ _ _ _ _ _</p><p>Nihon Kohden Brasil Importação, Exportação e Comércio de Equipamentos Médicos LTDA / 14.365.637/0001-96</p><p>Calibrador Hematológico MEK-CAL</p><p>25351.012188/2015-99 / 80914690016</p><p>80198 - IVD - Alteração de notificação - Implementação imediata. / 1205824251</p><p>FAMÍLIA ANALISADOR HEMATOLÓGICO AUTOMATIZADO</p><p>25351.533076/2017-14 / 80914690034</p><p>80198 - IVD - Alteração de notificação - Implementação imediata. / 1217993258</p><p>_ _ _ _ _ _ _ _ _ _ _ _</p><p>OBL INDUSTRIA E COMERCIO DE PRODUTOS DENTARIOS LTDA / 22.356.567/0001-38</p><p>TMJ Access</p><p>25351.042835/2023-82 / 81306319006</p><p>80256 - MATERIAL - Alteração de notificação - Implementação imediata / 1167778251</p><p>TMJ Advanced</p><p>25351.042380/2023-03 / 81306319005</p><p>80256 - MATERIAL - Alteração de notificação - Implementação imediata / 1167774256</p><p>_ _ _ _ _ _ _ _ _ _ _ _</p><p>OMRON HEALTHCARE BRASIL INDÚSTRIA E COMÉRCIO DE PRODUTOS MÉDICOS LTDA / 10.345.462/0008-70</p><p>OMRON connect</p><p>25351.359867/2023-14 / 81952070024</p><p>80271 - EQUIPAMENTO - Alteração de notificação de Software Médico classe I ou II - Implementação imediata - novas indicações e funcionalidades ou alteração da identidade visual do software / 1236591259</p><p>_ _ _ _ _ _ _ _ _ _ _ _</p><p>OPTME IMPORTAÇÃO E EXPORTAÇÃO DE PRODUTOS LTDA - ME / 19.739.452/0001-18</p><p>ResolutionMD</p><p>25351.602669/2023-86 / 81118630012</p><p>80271 - EQUIPAMENTO - Alteração de notificação de Software Médico classe I ou II - Implementação imediata - novas indicações e funcionalidades ou alteração da identidade visual do software / 1211425258</p><p>_ _ _ _ _ _ _ _ _ _ _ _</p><p>ORBITAE DIAGNOSTICOS LTDA / 11.162.384/0001-65</p><p>Dengue NS1 Assure Test</p><p>25351.563375/2022-41 / 80885650072</p><p>8009 - IVD - Alteração de registro - Implementação imediata - Apresentação comercial de produtos ou partes e acessórios de instrumentos / 1396785256</p><p>_ _ _ _ _ _ _ _ _ _ _ _</p><p>ORTHO CLINICAL DIAGNÓSTICS DO BRASIL PRODUTOS PARA SAÚDE LTDA / 21.921.393/0001-46</p><p>VITROS Immunodiagnostic Products Total T3 II Reagent Pack and Calibrators</p><p>25351.846812/2023-40 / 81246986891</p><p>80198 - IVD - Alteração de notificação - Implementação imediata. / 1212076257</p><p>_ _ _ _ _ _ _ _ _ _ _ _</p><p>ORTHOMETRIC - INDÚSTRIA E COMÉRCIO DE PRODUTOS MÉDICOS E ODONTOLÓGICOS LTDA / 07.740.586/0001-70</p><p>Flexy NiTi</p><p>25351.100398/2014-50 / 80328810033</p><p>80256 - MATERIAL - Alteração de notificação - Implementação imediata / 1160133255</p><p>_ _ _ _ _ _ _ _ _ _ _ _</p><p>OTTO BOCK DO BRASIL TECNICA ORTOPEDICA LTDA / 42.463.513/0001-89</p><p>Família de Cadeiras de Rodas Manuais Dobráveis Ottobock</p><p>25351.245637/2016-19 / 10292010071</p><p>80224 - EQUIPAMENTO - Alteração de notificação classe I - Implementação imediata / 1337947253</p><p>_ _ _ _ _ _ _ _ _ _ _ _</p><p>PASSROD IMPORTAÇÃO E EXPORTAÇÃO DE PRODUTOS PARA SAÚDE LTDA - ME / 26.185.222/0001-10</p><p>Kit de Teste Rápido de Antígeno Combo SARS-CoV-2/FluA/FluB+ ADV/RSV/SA (LFIA)</p><p>25351.764214/2023-53 / 81504790405</p><p>8011 - IVD - Alteração de registro - Implementação imediata - Fabricante legal do produto, sem alteração no processo fabril. / 1310512256</p><p>KPC/IMP/NDM/VIM/OXA-48 Kit de Teste Combinado (LFIA)</p><p>25351.833417/2023-05 / 81504790404</p><p>8011 - IVD - Alteração de registro - Implementação imediata - Fabricante legal do produto, sem alteração no processo fabril. / 1324190256</p><p>_ _ _ _ _ _ _ _ _ _ _ _</p><p>PAULO CESAR DA ROCHA NATALE - EPP / 07.276.524/0001-59</p><p>Instrumental Não Articulados Cortantes - Tech Tools</p><p>25351.189531/2016-26 / 80746310009</p><p>80256 - MATERIAL - Alteração de notificação - Implementação imediata / 0151594252</p><p>_ _ _ _ _ _ _ _ _ _ _ _</p><p>PRIMAVITA INDUSTRIA COMERCIO IMPORTACAO E EXPORTACAO DE PRODUTOS ODONTOLOGICOS LTDA / 26.054.835/0001-18</p><p>Resina para Impressora 3D Primavita</p><p>25351.391491/2024-13 / 81954689010</p><p>80256 - MATERIAL - Alteração de notificação - Implementação imediata / 1163224251</p><p>Primavita block</p><p>25351.551011/2020-56 / 81954689001</p><p>80256 - MATERIAL - Alteração de notificação - Implementação imediata / 1162634251</p><p>Resina Flex Primavita</p><p>25351.428066/2022-25 / 81954689004</p><p>80256 - MATERIAL - Alteração de notificação - Implementação imediata / 1163249254</p><p>_ _ _ _ _ _ _ _ _ _ _ _</p><p>PRODUTOS ORTOPÉDICOS CHANTAL LTDA / 56.216.781/0001-00</p><p>BOTA ROBOCOP CHANTAL</p><p>25351.577855/2012-83 / 80041210048</p><p>80256 - MATERIAL - Alteração de notificação - Implementação imediata / 1168255252</p><p>_ _ _ _ _ _ _ _ _ _ _ _</p><p>REACT TECHNOLOGY INDUSTRIA COMERCIO IMPORTACAO E EXPORTACAO DE PRODUTOS MEDICOS E HOSPITALARES LTDA / 40.821.171/0001-04</p><p>KIT CANULA R-EVOLUTION PLUS - REACT</p><p>25351.868245/2021-11 / 82286189018</p><p>80270 - EQUIPAMENTO - Alteração de notificação classe II - Implementação imediata / 1275471251</p><p>_ _ _ _ _ _ _ _ _ _ _ _</p><p>RICHARD WOLF BRASIL EQUIPAMENTOS MEDICINAIS LTDA / 15.678.981/0001-06</p><p>Instrumentos de Acesso VERTEBRIS</p><p>25351.027386/2025-12 / 81037940151</p><p>80256 - MATERIAL - Alteração de notificação - Implementação imediata / 1147814252</p><p>_ _ _ _ _ _ _ _ _ _ _ _</p><p>RIOQUIMICA S.A. / 55.643.555/0001-43</p><p>RIODERM PROTECTION CREME BARREIRA</p><p>25351.057267/2022-33 / 80146019002</p><p>80256 - MATERIAL - Alteração de notificação - Implementação imediata / 1158137257</p><p>_ _ _ _ _ _ _ _ _ _ _ _</p><p>ROCHE DIABETES CARE BRASIL LTDA / 23.552.212/0001-87</p><p>Accu-Chek Care</p><p>25351.691160/2019-13 / 81414029001</p><p>80271 - EQUIPAMENTO - Alteração de notificação de Software Médico classe I ou II - Implementação imediata - novas indicações e funcionalidades ou alteração da identidade visual do software / 1244322253</p><p>_ _ _ _ _ _ _ _ _ _ _ _</p><p>ROCHE DIAGNÓSTICA BRASIL LTDA / 30.280.358/0001-86</p><p>LumiraDx Platform</p><p>25351.015841/2025-29 / 10287411738</p><p>80198 - IVD - Alteração de notificação - Implementação imediata. / 1205656251</p><p>_ _ _ _ _ _ _ _ _ _ _ _</p><p>RP CONEXOES RESTAURADORAS LTDA / 08.539.206/0001-04</p><p>Transfer digital</p><p>25351.552283/2019-30 / 80530350016</p><p>80256 - MATERIAL - Alteração de notificação - Implementação imediata / 1168111251</p><p>_ _ _ _ _ _ _ _ _ _ _ _</p><p>SCD Tech do Brasil Indústria e Comércio ltda / 48.192.448/0001-80</p><p>Instrumentais para Cirurgia de Coluna por Via Endoscópica Leibniz</p><p>25351.230104/2024-73 / 82803360001</p><p>80256 - MATERIAL - Alteração de notificação - Implementação imediata / 1145779255</p><p>KIT CÂNULA DE BLOQUEIO SEM ESTÍMULO NIVUS FULL VISUALIZATION ULTRASOUND (FVU) - SCD TECH</p><p>25351.126556/2025-32 / 82803369019</p><p>80256 - MATERIAL - Alteração de notificação - Implementação imediata / 1165645254</p><p>_ _ _ _ _ _ _ _ _ _ _ _</p><p>SELECTA INDUSTRIAL E DISTRIBUIDORA DE ARTIGOS MÉDICOS E HOSPITALARES LTDA - EPP / 06.374.891/0001-22</p><p>Meia Terapêutica de Compressão Juzo Expert</p><p>25351.448849/2020-63 / 80406090018</p><p>80256 - MATERIAL - Alteração de notificação - Implementação imediata / 1157928251</p><p>_ _ _ _ _ _ _ _ _ _ _ _</p><p>SIEMENS HEALTHCARE DIAGNÓSTICOS LTDA / 01.449.930/0001-90</p><p>AI-Rad Companion</p><p>25351.268228/2020-06 / 10345162391</p><p>80271 - EQUIPAMENTO - Alteração de notificação de Software Médico classe I ou II - Implementação imediata - novas indicações e funcionalidades ou alteração da identidade visual do software / 1180027256</p><p>Família FlexLab</p><p>25351.619960/2017-45 / 10345162188</p><p>80198 - IVD - Alteração de notificação - Implementação imediata. / 1212222253</p><p>Arco Cirúrgico</p><p>25351.184516/2016-21 / 10345162059</p><p>80225 - EQUIPAMENTO - Alteração de registro - Implementação imediata - Alteração/inclusão/exclusão de fabricante legal, sem alteração no processo fabril; e/ou exclusão de unidade fabril / 1304258254</p><p>Arco Cirúrgico</p><p>25351.184516/2016-21 / 10345162059</p><p>80230 - EQUIPAMENTO - Alteração de registro - Implementação imediata - Exclusão de modelos, componentes do sistema, acessórios, partes, indicação de uso, método de esterilização / 1304256251</p><p>_ _ _ _ _ _ _ _ _ _ _ _</p><p>SIGNO VINCES EQUIPAMENTOS ODONTOLÓGICOS LTDA / 03.717.757/0001-99</p><p>INSTRUMENTAL CIRÚRGICO EM TITÂNIO</p><p>25351.199992/2011-73 / 80389000013</p><p>80256 - MATERIAL - Alteração de notificação - Implementação imediata / 1163148253</p><p>_ _ _ _ _ _ _ _ _ _ _ _</p><p>SMART INDUSTRIA E COMERCIO DE PRODUTOS PARA REABILITACAO E ORTOPEDIA LTDA - ME / 17.759.534/0001-07</p><p>CADEIRAS DE RODAS SMART</p><p>25351.459483/2023-09 / 81294820002</p><p>80224 - EQUIPAMENTO - Alteração de notificação classe I - Implementação imediata / 1311060251</p><p>_ _ _ _ _ _ _ _ _ _ _ _</p><p>ST. JUDE MEDICAL BRASIL LTDA. / 00.986.846/0001-42</p><p>Pacel Bipolar Pacing Catheter</p><p>25351.288104/2023-81 / 10332340497</p><p>80231 - EQUIPAMENTO - Alteração de registro - Implementação imediata - Razão social da empresa estrangeira fabricante legal ou unidade fabril / 1325665258</p><p>Pacel Bipolar Pacing Catheter</p><p>25351.288104/2023-81 / 10332340497</p><p>80230 - EQUIPAMENTO - Alteração de registro - Implementação imediata - Exclusão de modelos, componentes do sistema, acessórios, partes, indicação de uso, método de esterilização / 1325664251</p><p>Pacel Bipolar Pacing Catheter</p><p>25351.288104/2023-81 / 10332340497</p><p>80228 - EQUIPAMENTO - Alteração de registro - Implementação imediata - Condições de armazenamento, transporte e operação / 1325663255</p><p>Heartmate 3 - Sistema de Assistência Ventricular Esquerda</p><p>25351.484010/2017-93 / 10332340428</p><p>80231 - EQUIPAMENTO - Alteração de registro - Implementação imediata - Razão social da empresa estrangeira fabricante legal ou unidade fabril / 1325541257</p><p>Proclaim DRG</p><p>25351.622336/2017-25 / 10332340430</p><p>80229 - EQUIPAMENTO - Alteração de registro - Implementação imediata - Contraindicações, efeitos adversos, advertências ou precauções / 1305760255</p><p>PROCLAIM XR</p><p>25351.422767/2017-21 / 10332340422</p><p>80229 - EQUIPAMENTO - Alteração de registro - Implementação imediata - Contraindicações, efeitos adversos, advertências ou precauções / 1305762258</p><p>PACEL CABO-ELETRODO TEMPORÁRIO BIPOLAR DIRIGIDO POR FLUXO (ADAPTADOR, INTRODUTOR E SERINGA)</p><p>25351.659725/2011-52 / 10332340295</p><p>80231 - EQUIPAMENTO - Alteração de registro - Implementação imediata - Razão social da empresa estrangeira fabricante legal ou unidade fabril / 1325548251</p><p>Heartmate 3 - Sistema de Assistência Ventricular Esquerda</p><p>25351.484010/2017-93 / 10332340428</p><p>80229 - EQUIPAMENTO - Alteração de registro - Implementação imediata - Contraindicações, efeitos adversos, advertências ou precauções / 1325757250</p><p>St. Jude Medical Sistema de Eletrodos e Extensões Infinity DBS 8 Canais</p><p>25351.221541/2017-41 / 10332340412</p><p>80228 - EQUIPAMENTO - Alteração de registro - Implementação imediata - Condições de armazenamento, transporte e operação / 1325564257</p><p>St. Jude Medical Sistema de Eletrodos e Extensões Infinity DBS 8 Canais</p><p>25351.221541/2017-41 / 10332340412</p><p>80229 - EQUIPAMENTO - Alteração de registro - Implementação imediata - Contraindicações, efeitos adversos, advertências ou precauções / 1325565253</p><p>Gerador de Pulso Implantável Infinity 7</p><p>25351.262629/2017-08 / 10332340416</p><p>80229 - EQUIPAMENTO - Alteração de registro - Implementação imediata - Contraindicações, efeitos adversos, advertências ou precauções / 1280462256</p><p>Gerador de Pulso Implantável Infinity 5</p><p>25351.246638/2017-10 / 10332340415</p><p>80229 - EQUIPAMENTO - Alteração de registro - Implementação imediata - Contraindicações, efeitos adversos, advertências ou precauções / 1280622253</p><p>Pacel Bipolar Pacing Catheter</p><p>25351.288104/2023-81 / 10332340497</p><p>80229 - EQUIPAMENTO - Alteração de registro - Implementação imediata - Contraindicações, efeitos adversos, advertências ou precauções / 1325408255</p><p>PACEL CABO-ELETRODO TEMPORÁRIO BIPOLAR DIRIGIDO POR FLUXO (ADAPTADOR, INTRODUTOR E SERINGA)</p><p>25351.659725/2011-52 / 10332340295</p><p>80229 - EQUIPAMENTO - Alteração de registro - Implementação imediata - Contraindicações, efeitos adversos, advertências ou precauções / 1325546259</p><p>PACEL CABO-ELETRODO TEMPORÁRIO BIPOLAR DIRIGIDO POR FLUXO (ADAPTADOR, INTRODUTOR E SERINGA)</p><p>25351.659725/2011-52 / 10332340295</p><p>80228 - EQUIPAMENTO - Alteração de registro - Implementação imediata - Condições de armazenamento, transporte e operação / 1325539252</p><p>_ _ _ _ _ _ _ _ _ _ _ _</p><p>STRYKER DO BRASIL LTDA / 02.966.317/0001-02</p><p>INSTRUMENTAL PERFORM HUMERAL - ESSENCIAL</p><p>25351.135309/2024-46 / 80005430777</p><p>80256 - MATERIAL - Alteração de notificação - Implementação imediata / 0329560255</p><p>Superfície de apoio de gel IsoTour com ISOTOUR PUMP</p><p>25351.461332/2024-93 / 80005439076</p><p>80270 - EQUIPAMENTO - Alteração de notificação classe II - Implementação imediata / 1279770252</p><p>TORNIER FLEX Shoulder System Instruments 5</p><p>25351.455251/2022-92 / 80005439053</p><p>80256 - MATERIAL - Alteração de notificação - Implementação imediata / 1142854256</p><p>TORNIER FLEX Shoulder System Instruments 3</p><p>25351.455252/2022-37 / 80005439054</p><p>80256 - MATERIAL - Alteração de notificação - Implementação imediata / 1143065255</p><p>TORNIER FLEX Shoulder System Instruments 4</p><p>25351.455254/2022-26 / 80005439056</p><p>80256 - MATERIAL - Alteração de notificação - Implementação imediata / 0329686259</p><p>TORNIER FLEX Shoulder System Instruments 4</p><p>25351.455254/2022-26 / 80005439056</p><p>80256 - MATERIAL - Alteração de notificação - Implementação imediata / 1177699257</p><p>Sistema de câmara 1788 4K, com Modalidade de imagiologia avançada</p><p>25351.393015/2024-37 / 80005439066</p><p>80270 - EQUIPAMENTO - Alteração de notificação classe II - Implementação imediata / 1279679255</p><p>TORNIER FLEX Shoulder System Instruments 6</p><p>25351.455253/2022-81 / 80005439055</p><p>80256 - MATERIAL - Alteração de notificação - Implementação imediata / 1146164254</p><p>TORNIER FLEX Shoulder System Instruments 7</p><p>25351.455264/2022-61 / 80005439058</p><p>80256 - MATERIAL - Alteração de notificação - Implementação imediata / 1177742250</p><p>TORNIER FLEX Shoulder System Instruments 7</p><p>25351.455264/2022-61 / 80005439058</p><p>80256 - MATERIAL - Alteração de notificação - Implementação imediata / 0329626256</p><p>_ _ _ _ _ _ _ _ _ _ _ _</p><p>SYSMEX DO BRASIL INDUSTRIA E COMERCIO LTDA / 02.923.414/0001-18</p><p>UC-CONTROL</p><p>25351.066442/2025-26 / 80015490154</p><p>80198 - IVD - Alteração de notificação - Implementação imediata. / 1218151251</p><p>_ _ _ _ _ _ _ _ _ _ _ _</p><p>TERUMO BCT TECNOLOGIA MÉDICA LTDA. / 10.141.389/0001-49</p><p>HOMOGENEIZADOR PARA COLETA DE SANGUE T-RAC II</p><p>25351.010512/2013-15 / 80554210019</p><p>80224 - EQUIPAMENTO - Alteração de notificação classe I - Implementação imediata / 1336367253</p><p>TOMES - TERUMO OPERATIONAL MEDICAL EQUIPMENT SOFTWARE</p><p>25351.237088/2020-16 / 80554210051</p><p>80271 - EQUIPAMENTO - Alteração de notificação de Software Médico classe I ou II - Implementação imediata - novas indicações e funcionalidades ou alteração da identidade visual do software / 1238757251</p><p>_ _ _ _ _ _ _ _ _ _ _ _</p><p>Tecelagem Minas Rey Ltda / 41.847.658/0001-10</p><p>CURATIVO CIRÚRGICO ESTÉRIL MELHORMED</p><p>25351.329541/2013-79 / 80384550009</p><p>80256 - MATERIAL - Alteração de notificação - Implementação imediata / 1172251258</p><p>COMPRESSA CIRÚRGICA CAMPO OPERATÓRIO ESTÉRIL MELHORMED</p><p>25351.329111/2013-85 / 80384550006</p><p>80256 - MATERIAL - Alteração de notificação - Implementação imediata / 1172207259</p><p>ATADURA DE CREPOM</p><p>25351.638407/2013-92 / 80384550011</p><p>80256 - MATERIAL - Alteração de notificação - Implementação imediata / 1172245258</p><p>COMPRESSA CIRÚRGICA CAMPO OPERATÓRIO MELHORMED</p><p>25351.632809/2010-91 / 80384550003</p><p>80256 - MATERIAL - Alteração de notificação - Implementação imediata / 1172250251</p><p>_ _ _ _ _ _ _ _ _ _ _ _</p><p>VR MEDICAL IMPORTADORA E DISTRIBUIDORA DE PRODUTOS MÉDICOS LTDA / 04.718.143/0001-94</p><p>CAMA HOSPITALAR CENTURIS</p><p>25351.478039/2014-21 / 80102511340</p><p>80224 - EQUIPAMENTO - Alteração de notificação classe I - Implementação imediata / 1321685254</p><p>Mesa de Operação</p><p>25351.683751/2021-31 / 80102512678</p><p>80224 - EQUIPAMENTO - Alteração de notificação classe I - Implementação imediata / 1310209251</p><p>_ _ _ _ _ _ _ _ _ _ _ _</p><p>WAMA PRODUTOS PARA LABORATORIO LTDA / 66.000.787/0001-08</p><p>Imuno-Rápido QUANTI Hemoglobina Glicada (HbA1c)</p><p>25351.495144/2017-02 / 10310030190</p><p>80198 - IVD - Alteração de notificação - Implementação imediata. / 1219450251</p><p>_ _ _ _ _ _ _ _ _ _ _ _</p><p>WERFEN MEDICAL LTDA / 02.004.662/0001-65</p><p>HEMOHUB</p><p>25351.579302/2019-75 / 80003619005</p><p>80271 - EQUIPAMENTO - Alteração de notificação de Software Médico classe I ou II - Implementação imediata - novas indicações e funcionalidades ou alteração da identidade visual do software / 1235936252</p><p>_ _ _ _ _ _ _ _ _ _ _ _</p><p>WINNER INDÚSTRIA DE DESCARTÁVEIS LTDA / 05.421.585/0001-37</p><p>TIPÓIA ORTOPÉDICA WINNER</p><p>25351.302940/2018-19 / 80201960266</p><p>80256 - MATERIAL - Alteração de notificação - Implementação imediata / 1171070250</p><p>_ _ _ _ _ _ _ _ _ _ _ _</p><p>YLLER BIOMATERIAIS S.A. / 16.970.346/0001-52</p><p>Bliss Desense</p><p>25351.458291/2024-58 / 81009350028</p><p>80256 - MATERIAL - Alteração de notificação - Implementação imediata / 1157456251</p><p>Audax</p><p>25351.016546/2025-90 / 81009350031</p><p>80256 - MATERIAL - Alteração de notificação - Implementação imediata / 0892673257</p><p>Audax</p><p>25351.016546/2025-90 / 81009350031</p><p>80256 - MATERIAL - Alteração de notificação - Implementação imediata / 1074991257</p><p>SYLANO</p><p>25351.233872/2015-17 / 81009350004</p><p>80256 - MATERIAL - Alteração de notificação - Implementação imediata / 1157934251</p><p>Bliss Home</p><p>25351.458245/2024-59 / 81009350027</p><p>80256 - MATERIAL - Alteração de notificação - Implementação imediata / 1157190251</p><p>YBOND MONO</p><p>25351.123776/2015-46 / 81009350006</p><p>80256 - MATERIAL - Alteração de notificação - Implementação imediata / 1157316255</p><p>Bliss Dam</p><p>25351.458240/2024-26 / 81009350026</p><p>80256 - MATERIAL - Alteração de notificação - Implementação imediata / 1157361251</p><p>_ _ _ _ _ _ _ _ _ _ _ _</p><p>ZAMMI INSTRUMENTAL LTDA / 30.450.803/0001-09</p><p>Insuflador automático para bolsa pressurizadora - Premere Smart</p><p>25351.415799/2024-61 / 10216350123</p><p>80224 - EQUIPAMENTO - Alteração de notificação classe I - Implementação imediata / 1308711255</p><p>_ _ _ _ _ _ _ _ _ _ _ _</p><p>ZIMMER BIOMET BRASIL LTDA / 02.913.684/0001-48</p><p>CONJUNTO DE INSTRUMENTAIS PERSONA</p><p>25351.536869/2017-95 / 80044680337</p><p>80256 - MATERIAL - Alteração de notificação - Implementação imediata / 1170656251</p><p>Instrumentais Persona Revision</p><p>25351.851126/2021-29 / 80044689033</p><p>80256 - MATERIAL - Alteração de notificação - Implementação imediata / 1169127258</p>]]></Texto>
  </body>
  <Midias />
</article></xml>