﻿<xml><article id="46235803" name="Despachos SG (Alexandre Barreto)" idOficio="11379006" pubName="DO1" artType="Despacho" pubDate="03/11/2025" artClass="00033:00059:00018:00000:00000:00000:00000:00000:00000:00000:00024:00000" artCategory="Ministério da Justiça e Segurança Pública/Conselho Administrativo de Defesa Econômica/Superintendência-Geral" artSize="12" artNotes="" numberPage="70" pdfPage="http://pesquisa.in.gov.br/imprensa/jsp/visualiza/index.jsp?data=03/11/2025&amp;jornal=515&amp;pagina=70" editionNumber="209" highlightType="" highlightPriority="" highlight="" highlightimage="" highlightimagename="" idMateria="23275981">
  <body>
    <Identifica><![CDATA[ DESPACHOs SG DE 31 de outubro de 2025]]></Identifica>
    <Data><![CDATA[]]></Data>
    <Ementa />
    <Titulo />
    <SubTitulo />
    <Texto><![CDATA[<p class="identifica">DESPACHOs SG DE 31 de outubro de 2025</p><p>Nº 1.444 - Ato de Concentração nº 08700.010374/2025-14. Requerentes: Aptar do Brasil Embalagens Ltda. e Sommaplast Indústria e Comércio Ltda. Advogados: Ana Bátia Glenk, Isabela Martins Soares, Leonardo Maniglia Duarte e Pedro Wichtendal Villar. Decido pela aprovação sem restrições.</p><p>Nº 1.445 - Ato de Concentração nº 08700.010354/2025-43. Requerentes: Companhia do Metropolitano de São Paulo, CGN Brasil Energia e Participações S.A. Advogados: José Carlos Berardo. Decido pela aprovação sem restrições.</p><p>Nº 1.447 - Ato de Concentração nº Ato de Concentração nº 08700.010535/2025-70. Requerentes: Vallourec Soluções Tubulares S.A., Vallourec Tubos do Brasil Ltda., Vallourec Tubular Solutions Ltda., Ventos de São Rafael Energias Renováveis S.A. Advogados: Fabricio A. Cardim de Almeida, Gláucia Gomes Menato, Gustavo Amaral Santos Köhnen, Ivan Lago Mariotto, Sérgio Ricardo Fogolin e Samya Farias Chieza. Decido pela aprovação sem restrições.</p><p>Nº 1.448 - Ato de Concentração nº 08700.010777/2025-63. Requerentes CEMA Central Mineira Atacadista Ltda. e Cencosud Brasil Comercial Ltda. Advogados: Michelle Marques Machado, Pedro Pendeza Anitelle e Felipe Bonfim Silveira. Decido pela aprovação sem restrições.</p><p>Nº 1.450 - Ato de Concentração nº 08700.010269/2025-85. Requerentes: Ricardo Dias Mottin e Duratex Florestal Ltda. Advogados: Ricardo Franco Botelho, Elisa Hime Funari, Bruno Micalli Pedrinelli e Andrielly Gonsalves. Decido pela aprovação sem restrições.</p><p>Nº 1.451 - Ato de Concentração nº 08700.010416/2025-17. Requerentes: Sojitz Participações Automotivas Ltda. e Premier Veículos S.A. Advogados: Marcel Medon Santos, Leonardo Mansur Lunardi Danesi e Marco Volpini. Decido pela aprovação sem restrições.</p><p>Nº 1.452 - Ato de Concentração nº 08700.010263/2025-16. Requerentes: Neodiesel Ltda, Petrovila Combustíveis S.A. e Villainpar Investimentos e Participações Ltda. Advogados: Gabriel Nogueira Dias, Hermes Nereu da Silva Cardoso Oliveira e Catarina Bastouly Coelho. Decido pela aprovação sem restrições.</p><p>Nº 1.453 - Ato de Concentração nº 08700.010333/2025-28. Requerentes: Laticínios Tirolez Ltda., Levitare Indústria e Comércio de Laticínios Ltda. e Búfalo Brasil Agroindústria Ltda. Advogados: Sérgio Varella Bruna, Natalia Pinheiro da Silveira, Marina Lissa Oda Horita e Rafael Adler. Decido pela aprovação sem restrições.</p><p>Nº 1.454 - Ato de Concentração nº 08700.010472/2025-51. Requerentes: VSP Optical Group, Inc., Marcolin S.p.A. e Tofane S.A. Advogadas: Paola Pugliese, Milena Mundim, Rafaela Sanches e Mariana Trotta. Decido pela aprovação sem restrições.</p><p>Nº 1.457 - Ato de Concentração nº 08700.010372/2025-25. Requerentes: Cloud Software Group Inc, Vista Equity Partners Management LLC, Elliott Investment Management L.P., Arctera Global I B.V. e The Carlyle Group Inc. Advogados: Barbara Rosenberg, Bernardo Cascão, Fernanda Von Borowski e Maria Julia Medina Pena. Decido pela aprovação sem restrições.</p><p>Nº 1.458 - Ato de Concentração nº 08700.010520/2025-10. Requerentes: Comercial Germanica Limitada e J.C. Felivel Distribuidora de Veiculos LTDA. Advogados: Beatriz Cristina Gomes Arruda de Oliveira. Decido pela aprovação sem restrições.</p><p>Nº 1.459 - Ato de Concentração nº 08700.009999/2025-33. Requerentes: Classe Única Fundo de Investimento em Participações BPAC3 - Multiestratégia Responsabilidade Limitada, Classe Única BTG Pactual Infraestrutura III Fundo de Investimento em Participações Multiestratégia e Cosan S.A. Advogados: Barbara Rosenberg , Guilherme Morgulis, Marcela Abras Lorenzetti , Giulia Smith, Victor Santos Rufino , Victor Cavalcanti, Eduardo Frade, Paula Camara Baptista de Oliveira , Raphaela Boffe Palma e Roney Olimpio Barbosa Junior. Decido pela aprovação sem restrições.</p><p>Nº 1.461 - Ato de Concentração nº 08700.010807/2025-31. Partes: Bun Participações Ltda. e Grupo Multi S.A. Advogados: Paola Pugliese, Fernanda Harari, Mariana Trotta e Antonio Haddad Júnior. Decido pela aprovação sem restrições.</p><p>Nº 1.462 - Ato de Concentração nº 08700.010341/2025-74. Requerentes: Power Shopping &amp; Participações Ltda., Hannah Engenharia e Construção Ltda., Richard Paul Matheson, DW II Créditos Fundo de Investimento Financeiro Multimercado. Advogados: Barbara Rosenberg, Bernardo Cascão, Marcela Abras Lorenzetti e Fernanda Von Borowski M. Marques. Decido pela aprovação sem restrições.</p><p>Nº 1.464 - Ato de Concentração nº 08700.010831/2025-71. Requerentes: Top Service Serviços e Sistemas S.A. e Valora Investimentos e Participações Ltda. Advogados: Advogados: Priscila Brolio Gonçalves, Renata Gonsalez de Souza, Luis Nagalli, Rodrigo França Vianna e outros. Decido pela aprovação sem restrições.</p><p>Nº 1.465 - Ato de Concentração nº 08700.010755/2025-01. Partes: Legrand Brasil Ltda., Green4T Participações S.A. e 4T Ventures Fundo de Investimento em Participações Multiestratégia. Advogado(a)s: Bruno Drago, Mariana Llamazalez Ou, Otávio Cividanes, Maria Thereza Chehab de Carvalho Melo, Eduardo Campos Lasmar e Mariana Martins Lara Correa. Decido pela aprovação sem restrições.</p><p>Nº 1.466 - Ato de Concentração nº 08700.010830/2025-26. Requerentes: Pampa Transmissão de Energia S.A., Brasil Energia Fundo de Investimento em Participações. Advogados: Maria Eugênia Novis e Sarah R. S. Fida Carneiro. Decido pela aprovação sem restrições.</p><p>Nº 1.467 - Ato de Concentração nº 08700.010554/2025-04. Requerentes: Agroper Agropecuária Ltda. e Companhia Brasileira de Distribuição. Advogados: Eduardo Caminati, Marcio Bueno, Guilherme Misale, Matheus Carvalho e Fernanda Romero. Decido pela aprovação sem restrições.</p><p>Nº 1.468 - Ato de Concentração nº 08700.010478/2025-29. Requerentes: Mauro Meirelles Jordão, Luiz Ferreira da Silva, JF Energia S.A. e Raízen GD Next Participações S.A. Advogados: Ana Paula Paschoalini, Izabella Passos e Beatriz Kenchian. Decido pela aprovação sem restrições.</p><p>Nº 1.469 - Ato de Concentração nº08700.010698/2025-52. Requerentes: Vinci Soluções de Investimentos Ltda., HLS Empreendimentos e Participações S.A., Verde Asset Management S.A., Verde Asset Agro e Imobiliário Ltda. e Verde Serviços Internacionais S.A. Advogados: Marcio Soares, Marianne Correia dos Reis, Brenda Souza Corrêa, Paola Pugliese, Fernanda Harari e Mariana Trotta. Decido pela aprovação sem restrições.</p><p></p><p class="assina">Alexandre Barreto de Souza</p><p class="cargo">Superintendente-Geral</p>]]></Texto>
  </body>
  <Midias />
</article></xml>