﻿<xml><article id="46242315" name="Atos15out" idOficio="11379661" pubName="DO1" artType="Ato" pubDate="03/11/2025" artClass="00014:00019:00016:00057:00000:00000:00000:00000:00000:00000:00006:00000" artCategory="Ministério das Comunicações/Agência Nacional de Telecomunicações/Superintendência de Outorga e Recursos à Prestação/Gerência de Outorga e Licenciamento de Estações" artSize="12" artNotes="" numberPage="30" pdfPage="http://pesquisa.in.gov.br/imprensa/jsp/visualiza/index.jsp?data=03/11/2025&amp;jornal=515&amp;pagina=30" editionNumber="209" highlightType="" highlightPriority="" highlight="" highlightimage="" highlightimagename="" idMateria="23277287">
  <body>
    <Identifica><![CDATA[ ATOS DE 15 DE OUTUBRO DE 2025]]></Identifica>
    <Data><![CDATA[]]></Data>
    <Ementa />
    <Titulo />
    <SubTitulo />
    <Texto><![CDATA[<p class="identifica">ATOS DE 15 DE OUTUBRO DE 2025</p><p>Nº 15.184 Processo nº 53500.076125/2025-01. Outorga autorização de Uso de Radiofrequência à ASSOCIAÇÃO DE RADIODIFUSÃO EDUCATIVA E COMUNITÁRIA ALIANÇA EM AMOR, CNPJ 33.030.029/0001-75, executante do Serviço de Radiodifusão Comunitária, na localidade de Erechim/RS.</p><p>Nº 15.185 Processo nº 53500.082459/2025-13. Outorga autorização de Uso de Radiofrequência à ASSOCIAÇÃO COMUNITÁRIA PEREGRINO, CNPJ 13.403.941/0001-18, executante do Serviço de Radiodifusão Comunitária, na localidade de Caxias do Sul/RS.</p><p class="assina">Renato Sales Bizerra Aguiar</p><p class="cargo">Gerente</p>]]></Texto>
  </body>
  <Midias />
</article></xml>