﻿<xml><article id="46237506" name="PT SAES NA 3387" idOficio="11379444" pubName="DO1" artType="Portaria" pubDate="03/11/2025" artClass="00047:00037:00000:00000:00000:00000:00000:00000:00000:00000:00017:00004" artCategory="Ministério da Saúde/Secretaria de Atenção Especializada à Saúde" artSize="12" artNotes="" numberPage="86" pdfPage="http://pesquisa.in.gov.br/imprensa/jsp/visualiza/index.jsp?data=03/11/2025&amp;jornal=515&amp;pagina=86" editionNumber="209" highlightType="" highlightPriority="" highlight="" highlightimage="" highlightimagename="" idMateria="23276638">
  <body>
    <Identifica><![CDATA[ Portaria SAES/MS Nº 3.387, DE 22 DE outubro DE 2025]]></Identifica>
    <Data><![CDATA[]]></Data>
    <Ementa><![CDATA[ Defere a Concessão do CEBAS da Associação Farroupilhense Pró-Saúde, com sede em Farroupilha (RS).]]></Ementa>
    <Titulo />
    <SubTitulo />
    <Texto><![CDATA[<p class="identifica">Portaria SAES/MS Nº 3.387, DE 22 DE outubro DE 2025</p><p class="ementa">Defere a Concessão do CEBAS da Associação Farroupilhense Pró-Saúde, com sede em Farroupilha (RS).</p><p>O SECRETÁRIO DE ATENÇÃO ESPECIALIZADA À SAÚDE, no uso das atribuições que lhe confere o Decreto nº 11.798, de 28 de novembro de 2023, alterado pelo Decreto nº 12.489, de 04 de junho de 2025, resolve:</p><p>Art. 1º Fica deferida a Concessão do Certificado de Entidade Beneficente de Assistência Social (CEBAS) da Associação Farroupilhense Pró-Saúde, CNPJ nº 02.722.307/0001-21, com sede em Farroupilha (RS), em razão da comprovação da prestação anual de serviços ao SUS no percentual mínimo de 60% (sessenta por cento), em conformidade com o art. 9º da Lei Complementar nº 187, de 16 de dezembro de 2021 e seus regulamentos, nos termos do Parecer Técnico nº 499/2025-CGCER/DCEBAS/SAES/MS, constante do Processo nº 25000.106562/2022-19.</p><p>Parágrafo único. A Concessão terá validade pelo período de 3 (três) anos a contar da data de publicação no Diário Oficial da União - DOU.</p><p>Art. 2º Esta Portaria entra em vigor na data de sua publicação.</p><p class="assina">MOZART JULIO TABOSA SALES</p>]]></Texto>
  </body>
  <Midias />
</article></xml>