﻿<xml><article id="46240267" name="consulta_publica_1357_2025 COPAR" idOficio="11379600" pubName="DO1" artType="Aviso de Consulta Pública" pubDate="03/11/2025" artClass="00047:00047:00007:00001:00000:00000:00000:00000:00000:00000:00018:00001" artCategory="Ministério da Saúde/Agência Nacional de Vigilância Sanitária/Diretoria Colegiada" artSize="12" artNotes="" numberPage="93" pdfPage="http://pesquisa.in.gov.br/imprensa/jsp/visualiza/index.jsp?data=03/11/2025&amp;jornal=515&amp;pagina=93" editionNumber="209" highlightType="" highlightPriority="" highlight="" highlightimage="" highlightimagename="" idMateria="23277095">
  <body>
    <Identifica><![CDATA[ Consulta Pública nº 1.357, de 31 de OUTUBRO de 2025]]></Identifica>
    <Data><![CDATA[]]></Data>
    <Ementa />
    <Titulo />
    <SubTitulo />
    <Texto><![CDATA[<p class="identifica">Consulta Pública nº 1.357, de 31 de OUTUBRO de 2025</p><p>A DIRETORIA COLEGIADA DA AGÊNCIA NACIONAL DE VIGILÂNCIA SANITÁRIA, no uso das atribuições que lhe confere o art. 15, III e IV, aliado ao art. 7º, III e IV da Lei nº 9.782, de 26 de janeiro de 1999, e ao art. 187, III, § 1º do Regimento Interno aprovado pela Resolução da Diretoria Colegiada - RDC nº 585, de 10 de dezembro de 2021, resolve submeter à consulta pública, para comentários e sugestões do público em geral, proposta de ato normativo, conforme deliberado em reunião realizada em 29 de outubro de 2025, e eu, Diretor-Presidente, determino a sua publicação.</p><p>Art. 1º Fica estabelecido o prazo de 120 (cento e vinte) dias para envio de comentários e sugestões ao texto da proposta de revisão da regulamentação sobre rotulagem geral de alimentos embalados, conforme Anexo.</p><p>Parágrafo único. O prazo de que trata este artigo terá início 7 (sete) dias após a data de publicação desta Consulta Pública no Diário Oficial da União.</p><p>Art. 2º A proposta de ato normativo e os demais documentos que subsidiaram a sua elaboração estarão disponíveis no portal eletrônico da Anvisa, no endereço https://anvisalegis.datalegis.net/action/ActionDatalegis.php?acao=recuperarTematicas Collapse&amp;cod_modulo=630&amp;cod_menu=9373, e no portal eletrônico Participa + Brasil, no endereço https://www.gov.br/participamaisbrasil/consultas-publicas. As sugestões no portal da Anvisa deverão ser enviadas eletronicamente por meio do preenchimento de formulário eletrônico específico, disponível no endereço:http://pesquisa.anvisa.gov.br/index.php/871179?lang=pt-BR</p><p>§ 1º Com exceção dos dados pessoais informados pelos participantes, todas as contribuições recebidas são consideradas públicas e de livre acesso aos interessados, conforme previsto na Lei nº 12.527, de 18 de novembro de 2011 e estarão disponíveis após o encerramento da consulta pública, em sua página específica, no campo "Documentos Relacionados".</p><p>§ 2º Ao término do preenchimento e envio do formulário eletrônico será disponibilizado número de identificação do participante (ID) que poderá ser utilizado pelo usuário para localizar a sua própria contribuição, sendo dispensado o envio postal ou protocolo presencial de documentos em meio físico junto à Agência.</p><p>§ 3º Em caso de limitação de acesso do cidadão a recursos informatizados será permitido o envio e recebimento de sugestões por escrito, em meio físico, durante o prazo de consulta, para o seguinte endereço: Agência Nacional de Vigilância Sanitária/Gerência-Geral de Alimentos - GGALI, SIA trecho 5, Área Especial 57, Brasília-DF, CEP 71.205-050.</p><p>§ 4º Excepcionalmente, contribuições internacionais poderão ser encaminhadas em meio físico, para o seguinte endereço: Agência Nacional de Vigilância Sanitária/Assessoria de Assuntos Internacionais - AINTE, SIA trecho 5, Área Especial 57, Brasília-DF, CEP 71.205-050.</p><p>Art. 3º Findo o prazo estipulado no art. 1º, a Agência Nacional de Vigilância Sanitária promoverá a análise das contribuições e, ao final, publicará o resultado da consulta pública no portal da Agência.</p><p>Parágrafo único. A Agência poderá, conforme necessidade e razões de conveniência e oportunidade, articular-se com órgãos e entidades envolvidos com o assunto, bem como aqueles que tenham manifestado interesse na matéria, para subsidiar posteriores discussões técnicas e a deliberação final da Diretoria Colegiada.</p><p class="assina">LEANDRO PINHEIRO SAFATLE</p><p class="cargo">Diretor-Presidente</p><p>ANEXO</p><p>PROPOSTA EM CONSULTA PÚBLICA</p><p>Processo nº: 25351.296188/2011-21</p><p>Assunto: Proposta de revisão da regulamentação sobre rotulagem geral de alimentos embalados.</p><p>Agenda Regulatória 2024-2025: Tema 3.23 - Revisão da regulamentação sobre rotulagem dos principais alimentos alergênicos e Tema 3.24 - Revisão da regulamentação sobre rotulagem geral de alimentos embalados e</p><p>Área responsável: Gerência-Geral de Alimentos - GGALI</p><p>Diretor Relator: Leandro Pinheiro Safatle</p>]]></Texto>
  </body>
  <Midias />
</article></xml>