﻿<xml><article id="46232705" name="ADE8OEA DECEX87" idOficio="11378228" pubName="DO1" artType="Ato Declaratório" pubDate="03/11/2025" artClass="00028:00033:00435:00100:00035:00007:00000:00000:00000:00000:00007:00000" artCategory="Ministério da Fazenda/Secretaria Especial da Receita Federal do Brasil/Secretaria-Adjunta/Superintendência Regional da Receita Federal do Brasil 8ª Região Fiscal/Delegacia de Fiscalização de Comércio Exterior da Receita Federal do Brasil em São Paulo/Equipe de Gestão de Operadores Econômicos Autorizados" artSize="12" artNotes="ok" numberPage="57" pdfPage="http://pesquisa.in.gov.br/imprensa/jsp/visualiza/index.jsp?data=03/11/2025&amp;jornal=515&amp;pagina=57" editionNumber="209" highlightType="" highlightPriority="" highlight="" highlightimage="" highlightimagename="" idMateria="23273338">
  <body>
    <Identifica><![CDATA[ ATO DECLARATÓRIO EXECUTIVO Nº 87, DE 31 DE OUTUBRO DE 2025]]></Identifica>
    <Data><![CDATA[]]></Data>
    <Ementa><![CDATA[ Certifica como Operador Econômico Autorizado a empresa que especifica.]]></Ementa>
    <Titulo />
    <SubTitulo />
    <Texto><![CDATA[<p class="identifica">ATO DECLARATÓRIO EXECUTIVO Nº 87, DE 31 DE OUTUBRO DE 2025</p><p class="ementa">Certifica como Operador Econômico Autorizado a empresa que especifica.</p><p>O Auditor-Fiscal da Receita Federal do Brasil, lotado na Equipe de Gestão de Operadores Econômicos Autorizados da Delegacia de Fiscalização de Comércio Exterior da Receita Federal do Brasil em São Paulo - DECEX/SPO, instituída por meio da Portaria ME nº 284, de 27 de julho de 2020, no uso da atribuição que lhe confere o art. 25 da Instrução Normativa RFB nº 2.154, de 26 de julho de 2023, e tendo em vista o que consta no Requerimento nº 19187 do Sistema OEA, módulo do Portal Único do Siscomex, resolve:</p><p>Art. 1º. Certificar como Operador Econômico Autorizado, em caráter precário, com prazo de validade indeterminado, na modalidade OEA-Conformidade, como Importador, Exportador, a empresa KION SOUTH AMERICA FABRICACAO DE EQUIPAMENTOS PARA ARMAZENAGEM LTDA, inscrita no CNPJ sob o nº 42.365.296/0010-85.</p><p>Art. 2º. Esta certificação é extensiva a todos os estabelecimentos da empresa supracitada.</p><p>Art. 3º Este Ato Declaratório Executivo entra em vigor na data de sua publicação no Diário Oficial da União.</p><p class="assina">DANILO PIZOL INVERNIZZI</p>]]></Texto>
  </body>
  <Midias />
</article></xml>