﻿<xml><article id="46240753" name="PT SAES NA 3343" idOficio="11379683" pubName="DO1" artType="Portaria" pubDate="03/11/2025" artClass="00047:00037:00000:00000:00000:00000:00000:00000:00000:00000:00017:00001" artCategory="Ministério da Saúde/Secretaria de Atenção Especializada à Saúde" artSize="12" artNotes="" numberPage="86" pdfPage="http://pesquisa.in.gov.br/imprensa/jsp/visualiza/index.jsp?data=03/11/2025&amp;jornal=515&amp;pagina=86" editionNumber="209" highlightType="" highlightPriority="" highlight="" highlightimage="" highlightimagename="" idMateria="23277321">
  <body>
    <Identifica><![CDATA[ Portaria SAES/MS Nº 3.343, DE 14 DE outubro DE 2025]]></Identifica>
    <Data><![CDATA[]]></Data>
    <Ementa><![CDATA[ Homologa o Plano Estadual de Doação e Transplantes (PEDT) do estado de Pernambuco.]]></Ementa>
    <Titulo />
    <SubTitulo />
    <Texto><![CDATA[<p class="identifica">Portaria SAES/MS Nº 3.343, DE 14 DE outubro DE 2025</p><p class="ementa">Homologa o Plano Estadual de Doação e Transplantes (PEDT) do estado de Pernambuco.</p><p>O SECRETÁRIO DE ATENÇÃO ESPECIALIZADA À SAÚDE, no uso das atribuições que lhe confere o Decreto nº 11.798, de 28 de novembro de 2023, alterado pelo Decreto nº 12.489, de 04 de junho de 2025, resolve:</p><p>Art. 1º Fica homologado o Plano Estadual de Doação e Transplantes - PEDT do estado de Pernambuco.</p><p>Art. 2º A homologação concedida por meio desta Portaria terá validade de quatro anos, em conformidade com o estabelecido nos § 3° do art. 4º da Portaria GM/MS nº 5.685, de 7 de novembro de 2024, nos termos da Nota Técnica nº 97/2025-CGSNT/DAET/SAES/MS constante no NUP/SEI 25000.144353/2025-16.</p><p>Art. 3º Esta portaria entra em vigor na data de sua publicação.</p><p class="assina">MOZART JULIO TABOSA SALES</p>]]></Texto>
  </body>
  <Midias />
</article></xml>