﻿<xml><article id="46247674" name="3110_DEC_12709_S1_OK_002" idOficio="11379812" pubName="DO1" artType="Decreto numerado" pubDate="03/11/2025" artClass="00005:00000:00000:00000:00000:00000:00000:00000:00000:00000:00021:00000" artCategory="Atos do Poder Executivo" artSize="12" artNotes="" numberPage="20" pdfPage="http://pesquisa.in.gov.br/imprensa/jsp/visualiza/index.jsp?data=03/11/2025&amp;jornal=515&amp;pagina=20" editionNumber="209" highlightType="" highlightPriority="" highlight="" highlightimage="" highlightimagename="" idMateria="23277560">
  <body>
    <Identifica />
    <Data><![CDATA[]]></Data>
    <Ementa />
    <Titulo />
    <SubTitulo />
    <Texto><![CDATA[<p>Subseção II</p><p>Da avaliação de risco</p><p>Art. 156. Para determinação da severidade e da probabilidade de ocorrência de perigos físicos, químicos e biológicos poderão ser utilizadas as seguintes fontes:</p><p>I - estudos e avaliações realizados por entidades governamentais e de pesquisa, e por instituições e organismos internacionais;</p><p>II - dados e resultados de ocorrências de surtos causados por produtos de origem vegetal e planos de monitoramento nacionais e internacionais; ou</p><p>III - na ausência das fontes anteriores ou de modo complementar às anteriores, publicações científicas relevantes, cujos critérios de relevância sejam devidamente justificados.</p><p>Art. 157. Para determinação da severidade e probabilidade de ocorrência dos demais eventos negativos, poderão ser utilizadas as seguintes fontes:</p><p>I - dados e resultados de ocorrências de não conformidades em fiscalizações e monitoramentos nacionais e internacionais;</p><p>II - estudos do impacto da não conformidade na cadeia produtiva ou para o consumidor final;</p><p>III - estudos sobre a vulnerabilidade à fraude, que determinem a suscetibilidade, a exposição, a lacuna ou a deficiência, tendo em vista os elementos de oportunidades, as motivações e as medidas de controle; ou</p><p>IV - informações consolidadas oriundas de sistemas oficiais de controle e rastreamento da produção.</p><p>Art. 158. O Ministério da Agricultura e Pecuária, para aplicação das ações de fiscalização e para a isenção parcial ou total destas, categorizará o risco relacionado a produtos e estabelecimentos segundo os critérios a seguir:</p><p>I - o impacto potencial à saúde humana, à defesa agropecuária, ao meio ambiente, ou à identidade, à qualidade e à segurança dos produtos de origem vegetal;</p><p>II - a amplitude de comercialização e distribuição dos produtos;</p><p>III - as especificidades das cadeias produtivas, incluindo a complexidade e o grau de organização;</p><p>IV - o desempenho nos programas de autocontrole e no Programa de Incentivo à Conformidade em Defesa Agropecuária;</p><p>V - os históricos de conformidade e não conformidade dos agentes; e</p><p>VI - a adoção de certificação voluntária por terceira parte, com base em padrões privados que visem assegurar a inocuidade, a identidade, a qualidade, a rastreabilidade e a segurança dos produtos de origem vegetal.</p><p>§ 1º O Ministério da Agricultura e Pecuária poderá editar atos normativos complementares aplicáveis aos perigos físicos, químicos e biológicos.</p><p>§ 2º O Ministério da Agricultura e Pecuária poderá desenvolver e publicar ferramentas, com base na avaliação e na classificação do risco, para subsidiar a elaboração, a aplicação e a melhoria dos programas de autocontrole dos agentes.</p><p><strong>Subseção III</strong></p><p><strong>Da comunicação de risco</strong></p><p>Art. 159. O Ministério da Agricultura e Pecuária publicará alertas e informativos relacionados a riscos identificados com alta severidade ou alta probabilidade de ocorrência, com vistas à ampla comunicação aos agentes e à sociedade.</p><p>Parágrafo único. A comunicação de risco poderá contemplar orientações para mitigação dos riscos e atualizações sobre alterações normativas, procedimentos e medidas emergenciais adotadas.</p><p>Seção VII</p><p>Da exportação e da importação</p><p>Subseção I</p><p>Disposições gerais</p><p>Art. 160. O controle da exportação e da importação de produto de origem vegetal será realizado, sem prejuízo das competências da autoridade aduaneira e dos demais órgãos e entidades intervenientes, em conformidade com o estabelecido neste Decreto em ato normativo complementar editado pelo Ministério da Agricultura e Pecuária.</p><p>Art. 161. Incumbe aos terminais alfandegados proporcionar a estrutura e as condições necessárias à fiscalização e ao controle de produtos de origem vegetal nas operações de importação e exportação, nos termos do disposto na Lei nº 14.515, de 29 de dezembro de 2022, na Lei nº 9.972, de 25 de maio de 2000, e em atos normativos complementares editados pelo Ministério da Agricultura e Pecuária.</p><p><strong>Subseção II</strong></p><p><strong>Da importação</strong></p><p>Art. 162. O produto de origem vegetal importado deverá atender ao padrão de identidade e qualidade e aos demais atos normativos complementares e legislações específicas estabelecidos para o respectivo produto nacional.</p><p>Parágrafo único. O produto de origem vegetal importado que não atender ao padrão de identidade e qualidade brasileiro somente poderá ser objeto de comércio no território nacional se atender concomitantemente aos seguintes requisitos, observado ato normativo complementar editado pelo Ministério da Agricultura e Pecuária:</p><p>I - possuir característica típica, regional e peculiar do país exportador;</p><p>II - ser produto enquadrado na legislação do país exportador;</p><p>III - ser de consumo normal e corrente e possuir nome e composição consagrados na região ou país de origem; e</p><p>IV - for acondicionado, no país de produção, em recipiente ou embalagem destinado ao consumidor final.</p><p>Art. 163. É vedada a importação de produto de origem vegetal que contenha aditivo, contaminante ou resíduo de contaminante, em desacordo com a legislação brasileira, ou que apresente ingrediente não permitido na República Federativa do Brasil para o produto.</p><p>Art. 164. O produto de origem vegetal importado somente poderá ser internalizado mediante autorização do Ministério da Agricultura e Pecuária, conforme procedimentos estabelecidos em atos normativos complementares editados pelo Ministério da Agricultura e Pecuária.</p><p>Art. 165. O Ministério da Agricultura e Pecuária poderá implementar auditorias em estabelecimentos, laboratórios ou sistemas de inspeção de outros países que exportam ou que se propuserem a exportar produtos de origem vegetal para a República Federativa do Brasil, conforme disposto em ato normativo complementar.</p><p>Parágrafo único. As auditorias de que tratam o<em>caput</em>serão executadas por Auditor Fiscal Federal Agropecuário, no âmbito de suas competências.</p><p>Art. 166. O produto de origem vegetal importado que sair do terminal alfandegado sem a finalização do seu processo de importação será objeto de apreensão até a conclusão do processo de importação.</p><p>Art. 167. O produto de origem vegetal em processo de importação em desconformidade com o disposto neste Decreto ou em atos normativos complementares editados pelo Ministério da Agricultura e Pecuária será destruído ou devolvido ao exterior, às expensas do importador.</p><p>Art. 168. A fiscalização de produtos de origem vegetal importados, como exercício regular de poder de polícia, consiste na aferição de sua conformidade, verificação documental e de procedimentos, que serão estabelecidos pelo Ministério da Agricultura e Pecuária.</p><p>§ 1º A fiscalização dos produtos importados será realizada nos portos, nos aeroportos, nos terminais alfandegados e nos demais postos de fronteira, e constitui ação fiscal ou de auditoria, que poderá ser implementada com base em análise de risco.</p><p>§ 2º Na constatação de irregularidade ou indícios de não conformidade em operação de importação, o exportador e o importador de produtos de origem vegetal poderão ser submetidos a procedimento especial de auditoria e investigação.</p><p>§ 3º A autorização de ingresso em território nacional não exime o responsável pelo produto, quando de sua comercialização no mercado interno, do cumprimento de todas as obrigações estabelecidas em atos normativos complementares editados pelo Ministério da Agricultura e Pecuária e legislações específicas.</p><p>§ 4º Os procedimentos para anuência no processo de importação serão realizados por Auditor Fiscal Federal Agropecuário, conforme disposto em ato normativo complementar editado pelo Ministério da Agricultura e Pecuária.</p><p>Art. 169. O Ministério da Agricultura e Pecuária poderá solicitar, a qualquer tempo, a classificação ou a análise laboratorial dos produtos de origem vegetal, a ser realizada por laboratórios ou prestadora de serviço da classificação vegetal, às expensas do interessado.</p><p><strong>Subseção III</strong></p><p><strong>Da exportação</strong></p><p>Art. 170. O produto de origem vegetal destinado à exportação estará sujeito à fiscalização, devendo também atender às exigências do país importador.</p><p>Art. 171. O produto de origem vegetal destinado exclusivamente à exportação poderá ser elaborado, denominado e rotulado de acordo com a legislação, uso e costume do país a que se destina, sendo, nesta situação, proibida sua comercialização no mercado interno.</p><p>Parágrafo único. O produto de origem vegetal com Indicação Geográfica ou típico da República Federativa do Brasil deverá ser elaborado e denominado de acordo com o padrão de identidade e qualidade estabelecido para o território brasileiro.</p><p>Art. 172. O Ministério da Agricultura e Pecuária poderá certificar o produto de origem vegetal exportado por meio de um Auditor Fiscal Federal Agropecuário, quando for exigido pelo país ou bloco de países de destino, desde que tenha sido acordado ou comunicado oficialmente.</p><p>Parágrafo único. Os requisitos, os critérios e os procedimentos para certificação sanitária internacional vegetal e os modelos de certificados serão definidos em ato normativo complementar editado pelo Ministério da Agricultura e Pecuária.</p><p><strong>Seção VIII</strong></p><p><strong>Do programa de incentivo à conformidade em defesa agropecuária</strong></p><p>Art. 173. A adesão ao Programa de Incentivo à Conformidade em Defesa Agropecuária é voluntária e pode ser solicitada pelos estabelecimentos de produtos de origem vegetal, por meio de sistema eletrônico.</p><p>Art. 174. São princípios do Programa de Incentivo à Conformidade em Defesa Agropecuária:</p><p>I - confiança e reciprocidade entre o Poder Público e os agentes;</p><p>II - transparência;</p><p>III - simplificação e agilidade dos processos;</p><p>IV - adesão voluntária;</p><p>V - compartilhamento de dados, com ênfase em ferramentas de tecnologia da informação;</p><p>VI - gestão pautada nos princípios da análise de risco;</p><p>VII - conformidade com os procedimentos padrão da defesa agropecuária e com a legislação;</p><p>VIII - cooperação e comunicação entre as partes; e</p><p>IX - racionalidade, razoabilidade e efetividade.</p><p>Art. 175. São objetivos do Programa de Incentivo à Conformidade em Defesa Agropecuária:</p><p>I - estimular o aperfeiçoamento de sistemas de garantia da qualidade dos agentes;</p><p>II - contribuir para o incremento da segurança da defesa agropecuária, de modo a conferir transparência aos sistemas de garantia da qualidade;</p><p>III - atuar preventivamente à autuação, de modo a permitir a regularização por notificação de não conformidades ou irregularidades;</p><p>IV - majorar a confiança no relacionamento entre o Poder Público e os agentes que aderirem ao Programa; e</p><p>V - contribuir para maior fluidez dos processos administrativos, por meio do emprego de gestão fundamentada nos princípios da análise de risco e da simplificação processual.</p><p>Art. 176. Os agentes interessados em aderir ao Programa de Incentivo à Conformidade em Defesa Agropecuária deverão apresentar requerimento ao Ministério da Agricultura e Pecuária e atender aos seguintes critérios:</p><p>I - possuir programas de autocontrole implementados há, no mínimo, seis meses, contados da data de requerimento de adesão ao Programa;</p><p>II - não ter penalidade pendente de execução em decorrência de infrações que tenham implicado dano ao consumidor em razão de risco à saúde pública, à saúde animal, ao meio ambiente ou à identidade e qualidade do produto de origem vegetal;</p><p>III - comprometer-se a compartilhar os dados operacionais e de qualidade escolhidos como de interesse da fiscalização na forma e na frequência previstas em ato normativo complementar; e</p><p>IV - atender às especificações de segurança de sistemas tecnológicos de informações estabelecidas pelo Ministério da Agricultura e Pecuária.</p><p>Art. 177. São requisitos para a permanência do agente no Programa de Incentivo à Conformidade em Defesa Agropecuária:</p><p>I - manter atualizado o compartilhamento dos dados operacionais e de qualidade escolhidos como de interesse da fiscalização, na forma e na frequência previstas em ato normativo complementar editado pelo Ministério da Agricultura e Pecuária; e</p><p>II - manter desempenho mínimo estabelecido em ato normativo complementar editado pelo Ministério da Agricultura e Pecuária, evidenciado pelos dados operacionais e de qualidade.</p><p>Art. 178. No âmbito do Programa de Incentivo à Conformidade em Defesa Agropecuária, a advertência será aplicada aos agentes nas seguintes hipóteses:</p><p>I - não disponibilizar ao Ministério da Agricultura e Pecuária o acesso aos manuais atualizados de seus programas de autocontrole, na forma prevista em ato normativo complementar;</p><p>II - não manter atualizado o compartilhamento dos dados operacionais e de qualidade escolhidos como de interesse da fiscalização, na forma e na frequência previstas em ato normativo complementar editado pelo Ministério da Agricultura e Pecuária; ou</p><p>III - não manter o desempenho mínimo estabelecido em ato normativo complementar editado pelo Ministério da Agricultura e Pecuária, evidenciado pelos dados operacionais e de qualidade.</p><p>Parágrafo único. O prazo para adequação à exigência que tenha dado causa a advertência será de até trinta dias, contados da data de sua ciência pelo agente.</p><p>Art. 179. No âmbito do Programa de Incentivo à Conformidade em Defesa Agropecuária, a suspensão será aplicada nas seguintes hipóteses:</p><p>I - não disponibilizar ao Ministério da Agricultura e Pecuária o acesso aos manuais atualizados de seus programas de autocontrole, na forma prevista em ato normativo complementar, em prazo superior a trinta dias, contados da data de ciência da advertência pelo agente;</p><p>II - não manter atualizado o compartilhamento dos dados operacionais e de qualidade escolhidos como de interesse da fiscalização, na forma e na frequência previstas em ato normativo complementar editado pelo Ministério da Agricultura e Pecuária, em prazo superior a trinta dias, contados da data de ciência da advertência pelo agente; ou</p><p>III - manter desempenho inferior ao mínimo estabelecido em ato normativo complementar editado pelo Ministério da Agricultura e Pecuária, evidenciado pelos dados operacionais e de qualidade, em prazo superior a trinta dias, contados da data de ciência da advertência pelo agente.</p><p>§ 1º A suspensão perdurará até que o agente restabeleça o atendimento às exigências que tenham lhe dado causa.</p><p>§ 2º Durante o período de suspensão, o agente não poderá usufruir dos benefícios e dos incentivos concedidos em razão de sua adesão ao Programa de Incentivo à Conformidade em Defesa Agropecuária.</p><p>§ 3º No prazo de trinta dias, contados da data de ciência da advertência, o agente regulado poderá apresentar justificativa fundamentada para o não restabelecimento das obrigações de permanência no Programa de Incentivo à Conformidade em Defesa Agropecuária, inclusive com proposta de prazo para o seu restabelecimento.</p><p>§ 4º A apresentação da justificativa adiará o início da suspensão do Programa de Incentivo à Conformidade em Defesa Agropecuária até deliberação pelo Ministério da Agricultura e Pecuária.</p><p>§ 5º Na hipótese de acolhimento da justificativa, o Ministério da Agricultura e Pecuária adotará o prazo previsto para o restabelecimento das obrigações de permanência no Programa de Incentivo à Conformidade em Defesa Agropecuária, período no qual a suspensão não será aplicada.</p><p>§ 6º Na hipótese de não acolhimento da justificativa ou de encerramento do prazo previsto para o restabelecimento das obrigações de permanência no Programa de Incentivo à Conformidade em Defesa Agropecuária, será aplicada a suspensão.</p><p>Art. 180. No âmbito do Programa de Incentivo à Conformidade em Defesa Agropecuária, a exclusão será aplicada nas seguintes hipóteses:</p><p>I - aplicação de penalidade decorrente de processo administrativo de fiscalização, em fase de execução, cuja infração tenha como consequência dano ao consumidor em razão de risco à saúde pública, à saúde animal ou à identidade e qualidade do produto de origem vegetal; ou</p><p>II - acúmulo de mais de noventa dias de suspensão do Programa nos trezentos e sessenta e cinco dias anteriores.</p><p>Art. 181. O agente excluído do Programa de Incentivo à Conformidade em Defesa Agropecuária somente poderá requerer nova adesão após doze meses da data de exclusão e deverá atender aos mesmos requisitos de admissibilidade estabelecidos neste Decreto.</p><p>Parágrafo único. Na hipótese de exclusão do Programa a pedido do agente, o requerimento de nova adesão poderá ser feito a qualquer tempo.</p><p>Art. 182. O Ministério da Agricultura e Pecuária, em conjunto com o setor produtivo, verificará, a cada três anos, a necessidade de atualização das normas complementares do Programa de Incentivo à Conformidade em Defesa Agropecuária para cada setor produtivo.</p><p>Art. 183. Não são passíveis de regularização por notificação os agentes que aderirem ao Programa de Incentivo à Conformidade em Defesa Agropecuária, cujas irregularidades se enquadrarem nos seguintes critérios:</p><p>I - quando a infração for classificada como de natureza grave ou gravíssima;</p><p>II - quando as consequências da irregularidade causarem prejuízo ao consumidor em razão de risco à saúde ou à identidade e qualidade do produto de origem vegetal; ou</p><p>III - quando a irregularidade já tiver sido objeto de regularização por notificação nos noventa dias anteriores.</p><p><strong>Seção IX</strong></p><p><strong>Da certificação voluntária no Ministério da Agricultura e Pecuária</strong></p><p>Art. 184. As pessoas físicas e jurídicas envolvidas nos programas de certificação voluntária de produtos de origem vegetal, de processo, de atividade ou de estabelecimento serão obrigadas a cumprir as correspondentes regras específicas e as demais disposições constantes neste Decreto e em atos normativos complementares editados pelo Ministério da Agricultura e Pecuária.</p><p>§ 1º O Ministério da Agricultura e Pecuária estabelecerá os campos de aplicação, os requisitos, os critérios, os procedimentos e as formas de certificação voluntária.</p><p>§ 2º O Ministério da Agricultura e Pecuária poderá reconhecer o uso de expressão ou representação gráfica para a identificação da certificação voluntária.</p><p><strong>Seção X</strong></p><p><strong>Do sistema brasileiro de inspeção de produtos de origem vegetal</strong></p><p>Art. 185. O Sistema Brasileiro de Inspeção de Produtos de Origem Vegetal - SISBI-POV, como parte do Sistema Unificado de Atenção à Sanidade Agropecuária - SUASA, será executado com o objetivo de assegurar a identidade, a qualidade, a conformidade, a idoneidade e a segurança higiênico-sanitária e tecnológica dos produtos de origem vegetal, em conformidade com as disposições deste Decreto e dos atos normativos complementares editados pelo Ministério da Agricultura e Pecuária.</p><p>Parágrafo único. As ações previstas no<em>caput</em>abrangem todos os produtos de origem vegetal produzidos, elaborados ou comercializados em território nacional.</p><p>Art. 186. O SISBI-POV será implementado em alinhamento com a política agrícola nacional, mediante o compartilhamento de competências entre a União, os Estados, o Distrito Federal, os Municípios e os consórcios públicos intermunicipais e interestaduais, com adesão voluntária e adoção de regimes de inspeção equivalentes.</p><p>Art. 187. Compete exclusivamente ao Ministério da Agricultura e Pecuária, por meio de Auditores Fiscais Federais Agropecuários do Departamento de Inspeção de Produtos de Origem Vegetal da Secretaria de Defesa Agropecuária do Ministério da Agricultura e Pecuária, a execução das seguintes atividades relacionadas ao SISBI-POV:</p><p>I - coordenação do SISBI-POV;</p><p>II - auditoria de adesão e manutenção de equivalência dos serviços de inspeção de produtos de origem vegetal ao SISBI-POV;</p><p>III - registro de estabelecimento e de produto;</p><p>IV - gestão da fiscalização do autocontrole dos agentes;</p><p>V - fiscalização e a certificação da importação e exportação de produto de origem vegetal;</p><p>VI - gestão do Programa de Incentivo à Conformidade em Defesa Agropecuária; e</p><p>VII - outras atividades necessárias para o enfrentamento do risco à defesa agropecuária.</p><p>CAPÍTULO V</p><p>DAS MEDIDAS CAUTELARES E DO PRODUTO IMPRÓPRIO</p><p>Seção I</p><p>Disposições gerais</p><p>Art. 188. O Ministério da Agricultura e Pecuária poderá aplicar as seguintes medidas cautelares:</p><p>I - apreensão de produto;</p><p>II - suspensão temporária de atividade, de etapa ou de processo de fabricação de produto; e</p><p>III - destruição ou devolução à origem de produtos de origem vegetal, quando constatada importação irregular ou a introdução irregular na República Federativa do Brasil.</p><p>§ 1º Não será aplicada medida cautelar quando a não conformidade puder ser sanada durante a ação de fiscalização.</p><p>§ 2º As medidas cautelares previstas no<em>caput</em>poderão ser aplicadas de maneira antecedente ou incidente no processo administrativo, mesmo a partir do julgamento em primeira instância.</p><p>§ 3º A medida cautelar poderá ser aplicada ainda quando a autoridade fiscalizadora entender que a medida se faz necessária para impedir a continuidade da irregularidade.</p><p>§ 4º A aplicação da medida cautelar será formalizada com indicação de sua motivação, seu alcance e seu fundamento jurídico.</p><p>§ 5º A autoridade fiscalizadora poderá fazer uso de lacres ou de outros meios para garantir a eficácia da medida cautelar aplicada.</p><p>§ 6º O Auditor Fiscal Federal Agropecuário responsável pela aplicação da medida cautelar deverá comunicá-la imediatamente à sua chefia imediata, pelo próprio sistema de emissão de documentos de fiscalização, pela inclusão e disponibilização do documento no Sistema Eletrônico de Informações - SEI ou por outro meio, quando retornar à sede do órgão fiscalizador.</p><p>Art. 189. A medida cautelar será mantida enquanto presentes os elementos que a justifiquem.</p><p>§ 1º O cancelamento da medida cautelar ficará condicionado à análise circunstanciada dos elementos comprobatórios da resolução da não conformidade, quando for o caso.</p><p>§ 2º Caberá ao agente fiscalizado as providências necessárias para comprovação da resolução da não conformidade que deu causa à aplicação da medida cautelar.</p><p>§ 3º A medida cautelar deverá ser cancelada imediatamente quando for comprovada a resolução da não conformidade que deu causa à sua aplicação.</p><p>Art. 190. Caberá ao agente fiscalizado arcar com o ônus e as providências decorrentes da medida cautelar aplicada.</p><p><strong>Seção II</strong></p><p><strong>Da medida cautelar de apreensão de produto</strong></p><p>Art. 191. A medida cautelar de apreensão de produto tem por finalidade retirar do detentor a posse do produto de origem vegetal, da matéria-prima, do ingrediente, do coadjuvante de tecnologia, de outras substâncias utilizadas no estabelecimento, do produto de uso enológico, do rótulo ou de similares, da embalagem, do utensílio, do equipamento, da mídia eletrônica, do computador, do envoltório ou do contentor apreendido.</p><p>Art. 192. A medida cautelar de apreensão de produto poderá ser aplicada, a critério da autoridade fiscalizadora e mediante fundamentação, quando ocorrerem indícios de alteração dos requisitos de identidade, qualidade, conformidade e segurança ou, ainda, inobservância ao disposto neste Decreto e em atos normativos complementares editados pelo Ministério da Agricultura e Pecuária.</p><p>Art. 193. Na aplicação da medida cautelar de apreensão de produto, a autoridade fiscalizadora poderá nomear o detentor do bem ou terceiro, pessoa física ou jurídica, para o encargo de depositário.</p><p>§ 1º Caso não seja possível a assunção do encargo pelo indicado, a autoridade procederá à nomeação de outro depositário.</p><p>§ 2º O encargo de depositário ocorrerá mediante assinatura de termo que contenha, no mínimo:</p><p>I - a identificação do bem e o seu estado;</p><p>II - o local de custódia;</p><p>III - os deveres de guarda, conservação e apresentação;</p><p>IV - as vedações de uso, consumo, alienação ou oneração; e</p><p>V - as consequências do descumprimento após a assinatura do termo.</p><p>§ 3º O encargo é pessoal e intransferível, exceto se houver anuência expressa da autoridade fiscalizadora.</p><p>§ 4º Em caso de necessidade comprovada, a autoridade poderá substituir o depositário ou alterar o local de armazenamento, de ofício ou a requerimento, com autorização prévia do Ministério da Agricultura e Pecuária, quando couber.</p><p>§ 5º O depositário responderá administrativamente por descumprimento dos deveres de guarda e conservação definidos no termo, assegurados o contraditório e a ampla defesa, sem prejuízo da apuração de eventual responsabilidade civil e penal.</p><p>Art. 194. São proibidos a movimentação, a remoção, a modificação, o desvio, a subtração, a substituição, o extravio ou a comercialização, parcial ou total, do produto objeto de apreensão.</p><p>Parágrafo único. Em caso de comprovada necessidade, poderá haver a movimentação e a remoção do produto apreendido para outro local, mediante prévia autorização do Ministério da Agricultura e Pecuária.</p><p>Art. 195. O órgão fiscalizador poderá coletar amostra e realizar análise de fiscalização no produto apreendido.</p><p>Art. 196. A pedido do agente fiscalizado, antecedente ou incidente de processo administrativo de fiscalização agropecuária, e mediante autorização da fiscalização, o produto apreendido poderá ser reprocessado ou destinado para outros fins, sob a responsabilidade e às expensas do agente fiscalizado.</p><p>Parágrafo único. A fiscalização poderá determinar que o produto reprocessado ou destinado para outros fins seja submetido a tratamento específico.</p><p><strong>Seção III</strong></p><p><strong>Da medida cautelar de suspensão temporária de atividade, de etapaou de processo de fabricação de produto</strong></p><p>Art. 197. A medida cautelar de suspensão temporária de atividade, de etapa ou de processo de fabricação de produto tem por finalidade impedir a execução de uma atividade, de uma etapa, de uma linha de produção ou de um processo.</p><p>Art. 198. A medida cautelar de suspensão temporária de atividade, de etapa ou de processo de fabricação de produto poderá ser aplicada nas seguintes situações:</p><p>I - indício ou constatação de fraude;</p><p>II - indício, suspeita ou constatação de irregularidade, com potencial risco à saúde ou prejuízo ao consumidor;</p><p>III - ausência de registro do estabelecimento no Ministério da Agricultura e Pecuária;</p><p>IV - execução, por parte do estabelecimento, de atividade não autorizada em seu registro no Ministério da Agricultura e Pecuária;</p><p>V - estabelecimento em funcionamento sem condições higiênico-sanitárias e tecnológicas adequadas;</p><p>VI - estabelecimento em funcionamento sem a infraestrutura básica, conforme critérios estabelecidos em ato complementar do Ministério da Agricultura e Pecuária;</p><p>VII - estabelecimento em funcionamento sem responsável técnico, quando exigido em ato normativo complementar editado pelo Ministério da Agricultura e Pecuária;</p><p>VIII - quando o agente dificultar, causar embaraço, promover resistência à ação fiscalizadora ou ocultar o produto a ser fiscalizado;</p><p>IX - quando o agente praticar assédio, agressão física ou verbal, ameaçar ou causar constrangimento ao agente fiscalizador;</p><p>X - execução de serviço de classificação vegetal por pessoa física que não possua habilitação legal para o produto de origem vegetal ou que esteja com a credencial vencida, quando se tratar de prestação de serviço da classificação vegetal;</p><p>XI - prestação de serviço da classificação vegetal de forma incorreta, inadequada ou insegura quanto às instalações, aos materiais, às metodologia e aos equipamentos ou em desconformidade com os atos normativos complementares editados pelo Ministério da Agricultura e Pecuária e com legislação específica; e</p><p>XII - irregularidade que coloque em risco o funcionamento, a execução ou a prestação de serviço objeto da certificação, do credenciamento ou do registro.</p><p><strong>Seção IV</strong></p><p>Da medida cautelar de destruição ou devolução à origem de produtode origem vegetal</p><p>Art. 199. Quando da aplicação da medida cautelar de destruição, devolução à origem ou ao local de embarque de produto de origem vegetal, o produto em processo de importação poderá, alternativamente, ser devolvido ao exterior para outro país diferente da origem, por solicitação do agente e autorização do Ministério da Agricultura e Pecuária.</p><p>Parágrafo único. O produto poderá ser destruído em caso de inviabilidade econômica da devolução a pedido do importador.</p><p><strong>Seção V</strong></p><p><strong>Do produto impróprio</strong></p><p>Art. 200. Considera-se impróprio para uso ou consumo, na forma em que se apresenta, no todo ou em parte, o produto de origem vegetal que tenha sua inocuidade, sua identidade, sua qualidade, sua conformidade ou sua segurança comprometidas, bem como aquele que:</p><p>I - represente risco à saúde humana ou animal;</p><p>II - esteja desclassificado;</p><p>III - tenha sido fraudado;</p><p>IV - não tenha procedência conhecida ou tenha sido elaborado com matérias-primas e ingredientes sem procedência conhecida;</p><p>V - não esteja claramente identificado como oriundo de estabelecimento regularizado no Ministério da Agricultura e Pecuária;</p><p>VI - esteja com prazo de validade expirado; e</p><p>VII - tenha sido elaborado durante o período de vigência de:</p><p>a) medida cautelar de suspensão de atividade, de etapa ou de processo de fabricação de produto; ou</p><p>b) penalidade de suspensão ou cassação de registro, de cadastro ou de credenciamento.</p><p>Parágrafo único. O Ministério da Agricultura e Pecuária poderá estabelecer, em ato normativo complementar, outros critérios para definir produto impróprio para uso ou consumo.</p><p>Art. 201. O Ministério da Agricultura e Pecuária definirá os critérios para a destinação de produtos considerados impróprios para uso ou consumo, incluindo sua condenação, sua destruição ou seu aproveitamento para outros fins, quando tecnicamente viável.</p><p>CAPÍTULO VI</p><p>DAS INFRAÇÕES</p><p><strong>Seção I</strong></p><p><strong>Disposições gerais</strong></p><p>Art. 202. Constitui infração, para fins do disposto neste Decreto, a prática isolada ou cumulativa das condutas nele previstas, inclusive quando realizadas por meio de comércio eletrônico, plataformas digitais, redes sociais ou sítios eletrônicos.</p><p>§ 1º Quando uma mesma conduta puder ser enquadrada em mais de um dispositivo deste Decreto, prevalecerá o enquadramento mais específico, em detrimento do mais genérico.</p><p>§ 2º Nas infrações de natureza leve, cuja irregularidade seja passível de ser sanada nos termos do disposto no art. 7º,<em>caput</em>, inciso II, da Lei nº 14.515, de 29 de dezembro de 2022, o auto de infração será lavrado apenas se a irregularidade não for sanada no prazo estabelecido.</p><p>§ 3º Nas infrações de natureza leve ou moderada, cuja irregularidade seja passível de correção por notificação nos termos do art.15 da Lei 14.515, de 29 de dezembro de 2022, o auto de infração será lavrado apenas se não houver o atendimento à notificação no prazo estabelecido.</p><p>§ 4º As referências às infrações relacionadas ao comércio de produtos de origem vegetal abrangem todas as suas modalidades, inclusive o comércio eletrônico e digital, realizadas por meio de sítios eletrônicos, plataformas digitais, redes sociais ou outros meios virtuais de oferta, exposição ou venda.</p><p><strong>Seção II</strong></p><p><strong>Das infrações de natureza leve</strong></p><p>Art. 203. Constituem infrações de natureza leve:</p><p>I - deixar de encaminhar ao Ministério da Agricultura e Pecuária o relatório dos serviços executados e os demais documentos exigidos pela autoridade fiscalizadora, conforme o disposto em atos normativos complementares editados pelo Ministério da Agricultura e Pecuária;</p><p>II - possuir ou manter em estoque, de forma não segregada e identificada, rótulo, embalagem, envoltório ou contentor, que esteja em desconformidade com o previsto neste Decreto e em atos normativos complementares editados pelo Ministério da Agricultura e Pecuária;</p><p>III - alterar a planta industrial aprovada no registro do estabelecimento sem o prévio envio das informações para atualização do registro de estabelecimento no Ministério da Agricultura e Pecuária, desde que essa alteração não comprometa a inocuidade, a segurança e a qualidade do produto de origem vegetal;</p><p>IV - transportar ou comercializar, sem a respectiva guia de livre trânsito, vinho e derivados da uva e do vinho, a granel, e o vinagre destinado à acetificação do vinho;</p><p>V - comprar ou receber uvas para elaboração de vinho e de derivados da uva e do vinho de viticultor ou de vitivinicultor que não tenham apresentado a declaração anual de produção de uvas do ano anterior ao Ministério da Agricultura e Pecuária;</p><p>VI - comercializar uvas sem que o viticultor ou o vitivinicultor estejam cadastrados no Ministério da Agricultura e Pecuária ou, se cadastrados, os dados estejam desatualizados ou inexatos.</p><p>VII - preencher de forma irregular os documentos referentes à prestação de serviços da classificação vegetal ; e</p><p>VIII - deixar de manter em arquivo, pelos prazos regulamentares, os documentos referentes à prestação de serviços da classificação vegetal.</p><p><strong>Seção III</strong></p><p><strong>Das infrações de natureza moderada</strong></p><p>Art. 204. Constituem infrações de natureza moderada:</p><p>I - deixar o depositário de informar ao órgão fiscalizador sobre o risco iminente de a mercadoria fiscalizada apreendida sob sua guarda tornar-se imprópria para o uso proposto ou o consumo;</p><p>II - deixar de manter os dados cadastrais atualizados no Ministério da Agricultura e Pecuária;</p><p>III - deixarem o produtor de bebidas, o vinicultor e o vitivinicultor de apresentar ao Ministério da Agricultura e Pecuária, no prazo determinado, a declaração de produção e de estoques, nos termos da legislação específica;</p><p>IV - permitir o agente envolvido na cadeia de produção que seja executada a classificação vegetal por pessoa física ou jurídica cujo registro no Ministério da Agricultura e Pecuária esteja vencido;</p><p>V - executar atividade de verificação de conformidade, para fins de certificação, com habilitação de inspetor vencida perante o Ministério da Agricultura e Pecuária;</p><p>VI - deixar de manter, conservar, lacrar e identificar as amostras de arquivo, quando se tratar de prestação de serviço da classificação vegetal;</p><p>VII - deixar de promover o controle interno de qualidade, quando se tratar de prestação de serviço da classificação vegetal;</p><p>VIII - utilizar rótulo, embalagem, envoltório ou contentor que esteja em desconformidade com o previsto neste Decreto e em atos normativos complementares editados pelo Ministério da Agricultura e Pecuária;</p><p>IX - manter em funcionamento estabelecimento que esteja em desacordo com as disposições deste Decreto e de atos normativos complementares editados pelo Ministério da Agricultura e Pecuária;</p><p>X - deixar de manter registros sistematizados e auditáveis, quando implementado o protocolo privado de produção;</p><p>XI - registrar produto de origem vegetal em desacordo com as normas legais;</p><p>XII - alterar a composição do produto de origem vegetal registrado sem prévia atualização de seu registro no Ministério da Agricultura e Pecuária; e</p><p>XIII - deixar de cumprir o conteúdo, a carga horária, as metodologias ou as demais condições previstas no projeto de curso ou de treinamento para a formação de classificadores e de inspetores homologado pelo Ministério da Agricultura e Pecuária, quando se tratar de pessoa física ou jurídica responsável pela promoção ou pela execução do curso.</p><p><strong>Seção IV</strong></p><p><strong>Das infrações de natureza grave</strong></p><p>Art. 205. Constituem infrações de natureza grave:</p><p>I - permitir a atuação de pessoa física ou jurídica sem habilitação no Ministério da Agricultura e Pecuária em prestadora de serviço de classificação vegetal;</p><p>II - executar a verificação de conformidade de produtos, processos e estabelecimentos, para fins de certificação, sem habilitação legal no Ministério da Agricultura e Pecuária;</p><p>III - executar a amostragem ou confeccionar a amostra em desconformidade com as disposições deste Decreto e de atos normativos complementares editados pelo Ministério da Agricultura e Pecuária referentes à classificação vegetal, quando se tratar de prestação de serviço da classificação vegetal;</p><p>IV - prestar serviço da classificação vegetal de forma incorreta, inadequada ou insegura quanto às instalações, materiais, metodologia e equipamentos ou em desacordo com a legislação aplicável;</p><p>V - comercializar, expor à venda, destinar para processamento ou consumo produto de origem vegetal com presença de insetos vivos, em qualquer estágio de desenvolvimento;</p><p>VI - deixar de realizar a classificação obrigatória do produto de origem vegetal;</p><p>VII - deixar de cumprir as obrigações quando nomeado depositário do produto pelo órgão fiscalizador;</p><p>VIII - acondicionar, beneficiar, consolidar, distribuir, elaborar, embalar, envasar, exportar, importar, padronizar, processar, produzir, transportar, manter em depósito sem a devida segregação e identificação, expor à venda ou comercializar produto de origem vegetal que esteja em desacordo com as disposições deste Decreto ou de atos normativos complementares editados pelo Ministério da Agricultura e Pecuária;</p><p>IX - acondicionar, embalar, armazenar, transportar, comercializar ou expor à venda produto de origem vegetal em condições que comprometam a segurança, a conformidade, a identidade, a qualidade ou os aspectos higiênico-sanitários e tecnológicos;</p><p>X - deixar de assegurar ou de manter registros sistematizados e auditáveis para fins de rastreabilidade do produto vegetal, subproduto ou resíduos de valor econômico;</p><p>XI - deixar de assegurar ou manter registros sistematizados e auditáveis do processo produtivo, desde a obtenção e a recepção das matérias-primas, dos ingredientes, dos coadjuvantes de tecnologia e de outras substâncias utilizadas no estabelecimento, até a expedição do produto de origem vegetal;</p><p>XII - possuir registros auditáveis incompletos, insuficientes ou incorretos do produto de origem vegetal;</p><p>XIII - deixar de arcar com o ônus e com as providências decorrentes das medidas cautelares aplicadas;</p><p>XIV - deixar de arcar com o ônus e com as providências decorrentes da execução das penalidades aplicadas;</p><p>XV - funcionar ou manter em funcionamento estabelecimento sem dispor de responsável técnico, de acordo com o estabelecido em atos normativos complementares editados pelo Ministério da Agricultura e Pecuária;</p><p>XVI - agir o responsável técnico em desacordo com o disposto na legislação ou deixar de realizar o controle de qualidade resultando em condições que não assegurem a conformidade, a identidade, a segurança e a inocuidade do produto de origem vegetal e os aspectos higiênico-sanitários e tecnológicos do estabelecimento;</p><p>XVII - comercializar, expor à venda, destinar para consumo ou processamento produto de origem vegetal com prazo de validade expirado;</p><p>XVIII - adquirir, manter em depósito ou utilizar matéria-prima e ingrediente empregado na elaboração de produto de origem vegetal com prazo de validade expirado, em desacordo com as normas técnicas ou sanitárias relacionadas à sua segurança ou em desacordo com as recomendações do fabricante;</p><p>XIX - deixar de cumprir as disposições legais no âmbito do comércio internacional de produtos de origem vegetal ou dos acordos dos quais a República Federativa do Brasil é signatária;</p><p>XX - deixar de atender às exigências ou de cumprir os prazos estabelecidos em intimação ou notificação emitida pela autoridade fiscalizadora;</p><p>XXI - deixar de corrigir as irregularidades ou não conformidades apontadas em intimação ou notificação, nos prazos estabelecidos, inclusive no âmbito do Programa de Incentivo à Conformidade em Defesa Agropecuária;</p><p>XXII - deixar de realizar as adequações determinadas pela autoridade fiscalizadora quando da aplicação de procedimento simplificado de fiscalização para adequação da não conformidade;</p><p>XXIII - deixar de cumprir as disposições deste Decreto e demais atos normativos complementares editados pelo Ministério da Agricultura e Pecuária relacionados à certificação voluntária;</p><p>XXIV - adquirir, comercializar, estar com a posse ou propriedade de produto de origem vegetal oriundo de pessoa física ou jurídica sem o registro obrigatório no Ministério da Agricultura e Pecuária, sem comprovação de procedência ou apresentando documentação cujo emitente não possa ser localizado ou responsabilizado.</p><p>XXV - produzir, elaborar, processar, padronizar, envasar, embalar, transportar, exportar, manter em depósito, expor à venda ou comercializar sem o prévio registro do produto de origem vegetal no Ministério da Agricultura e Pecuária;</p><p>XXVI - alterar instalação industrial registrada que venha a comprometer a inocuidade, segurança e a qualidade do produto de origem vegetal ou das matérias-primas e ingredientes utilizados em sua elaboração, sem a devida comunicação ao Ministério da Agricultura e Pecuária;</p><p>XXVII - adquirir ou manter em depósito matéria-prima ou ingrediente não autorizado ou passível de uso na alteração proposital do produto de origem vegetal, exceto quando indispensável às atividades do estabelecimento;</p><p>XXVIII - adquirir, manter em estoque ou utilizar embalagem ou recipiente, no acondicionamento do produto de origem vegetal, em desacordo com normas técnicas ou sanitárias;</p><p>XXIX - comercializar, expor à venda, destinar para consumo ou processamento no mercado interno produto de origem vegetal introduzido irregularmente no País; e</p><p>XXX - registrar ou elaborar produto de origem vegetal cuja composição seja igual ou semelhante àquela de produto de origem vegetal objeto das penalidades de suspensão ou cassação de registro;</p><p>XXXI - fazer uso de forma irregular de expressão ou de representação gráfica para a identificação do registro de estabelecimento ou de produto de origem vegetal no Ministério da Agricultura e Pecuária;</p><p>XXXII - importar, manter em depósito ou comercializar bebida importada em desacordo com os padrões de identidade e de qualidade, com os requisitos de rotulagem, embalagens e recipientes e com os demais atos normativos aplicáveis; e</p><p>XXXIII - embalar ou processar produtos em estabelecimento cujo funcionamento esteja em desacordo com o disposto neste Decreto e em demais atos normativos referentes à classificação vegetal.</p><p><strong>Seção V</strong></p><p><strong>Das infrações de natureza gravíssima</strong></p><p>Art. 206. Constituem infrações de natureza gravíssima:</p><p>I - funcionar ou manter em funcionamento estabelecimento sem o registro perante o Ministério da Agricultura e Pecuária;</p><p>II - exercer atividade que não esteja autorizada em seu registro de estabelecimento perante o Ministério da Agricultura e Pecuária;</p><p>III - fazer funcionar ou manter estabelecimento ou seção em funcionamento durante medida cautelar de suspensão temporária de atividade, de etapa ou de processo de fabricação do produto;</p><p>IV - fazer funcionar o estabelecimento sem infraestrutura básica ou condições higiênico-sanitárias ou tecnológicas adequadas à segurança do produto;</p><p>V - não possuir programa de autocontrole quando obrigado por lei;</p><p>VI - não implementar programa de autocontrole quando obrigado por lei;</p><p>VII - deixar de atender aos requisitos mínimos do programa de autocontrole estabelecidos em legislação;</p><p>VIII - deixar de atender aos requisitos estabelecidos pelos programas de controle de qualidade, de conformidade, de inocuidade e dos aspectos higiênico-sanitários e tecnológicos adequados e de segurança dos produtos de origem vegetal;</p><p>IX - fazer funcionar o estabelecimento sem garantir a execução de boas práticas em seus processos e atividades;</p><p>X - manter em depósito sem a devida identificação, comercializar, expor à venda, destinar para consumo ou processamento produto de origem vegetal impróprio ao consumo.</p><p>XI - fraudar produto de origem vegetal;</p><p>XII - utilizar, na elaboração de produto de origem vegetal, matéria-prima, ingrediente, substância, aditivo, coadjuvante ou processo não autorizado;</p><p>XIII - comercializar, expor à venda, destinar para consumo ou processamento produto de origem vegetal com presença de resíduos, contaminantes ou outras substâncias nocivas à saúde, não autorizadas ou em limites superiores ao máximo permitido;</p><p>XIV - deixar de realizar, ou realizar de forma incompleta, o recolhimento obrigatório de produto de origem vegetal;</p><p>XV - causar embaraço, dificultar ou promover resistência à ação fiscalizadora, ocultar a mercadoria a ser fiscalizada ou prestar informações incorretas ou insuficientes;</p><p>XVI - praticar agressão física ou verbal, ameaçar, assediar, ainda que de forma velada, ou causar constrangimento à autoridade fiscalizadora;</p><p>XVII - movimentar, remover, modificar, desviar, subtrair, substituir, extraviar ou comercializar, no todo ou em parte, produto sob a guarda de depositário;</p><p>XVIII - apresentar documento adulterado, falsificado ou com informações inexatas perante o Ministério da Agricultura e Pecuária;</p><p>XIX - omitir informações obrigatórias, prestar declaração falsa ou inexata perante o Ministério da Agricultura e Pecuária; e</p><p>XX - descumprir as penalidades de suspensão ou de cassação de registro, de cadastro ou de credenciamento.</p><p>CAPÍTULO VII</p><p>DAS PENALIDADES</p><p><strong>Seção I</strong></p><p><strong>Disposições gerais</strong></p><p>Art. 207. Sem prejuízo das responsabilidades civil e penal cabíveis, independentemente das medidas cautelares aplicadas, o agente que incidir em infrações relativas à fiscalização de produto de origem vegetal ficará sujeito às seguintes penalidades, isolada ou cumulativamente:</p><p>I - advertência;</p><p>II - multa;</p><p>III - condenação do produto;</p><p>IV - suspensão de registro, de cadastro ou de credenciamento;</p><p>V - cassação de registro, de cadastro ou de credenciamento; e</p><p>VI - cassação da habilitação de profissional para prestar serviços relacionados à defesa agropecuária.</p><p>§ 1º A suspensão poderá incidir total ou parcialmente sobre atividades, linhas ou produtos.</p><p>§ 2º A cassação recairá sobre o registro, cadastro, credenciamento ou habilitação específicos a que se refere.</p><p>Art. 208. Quando, em um mesmo processo administrativo de fiscalização agropecuária, for apurada a prática de duas ou mais infrações distintas, as penalidades serão aplicadas cumulativamente ao infrator, observado o não<em>bis in idem</em>.</p><p>Art. 209. Cabe ao agente infrator arcar com o ônus e as providências decorrentes da execução das penalidades previstas neste Decreto, nos limites da decisão administrativa e na forma da legislação aplicável.</p><p>Art. 210. Para fins de fixação de penalidade, serão considerados:</p><p>I - a natureza da infração;</p><p>II - os antecedentes do infrator;</p><p>III - as circunstâncias atenuantes e agravantes; e</p><p>IV - a classificação do agente infrator, conforme o disposto no Anexo à Lei nº 14.515, de 29 de dezembro de 2022.</p><p>§ 1º São consideradas circunstâncias atenuantes:</p><p>I - o infrator ser primário;</p><p>II - a infração ter sido cometida acidentalmente;</p><p>III - a infração não afetar a qualidade, a conformidade, a identidade, a inocuidade, a segurança e os aspectos higiênico-sanitários e tecnológicos da matéria-prima, do produto de origem vegetal ou dos serviços relacionados; e</p><p>IV - o infrator comprovar que corrigiu a irregularidade que motivou a infração ou minorou ou reparou suas consequências, até o final do prazo de apresentação da defesa.</p><p>§ 2º São consideradas circunstâncias agravantes:</p><p>I - o infrator ser reincidente;</p><p>II - a infração acarretar vantagem econômica ao agente;</p><p>III - o infrator ter conhecimento do ato lesivo e deixar de adotar providências com o fim de evitá-lo;</p><p>IV - a infração ter consequência danosa, caracterizando risco à defesa agropecuária, à saúde humana ou ao meio ambiente; e</p><p>V - o infrator ter agido com dolo, má-fé ou abuso de confiança.</p><p>§ 3º No concurso de circunstâncias atenuantes e agravantes, a aplicação da penalidade será dosada em razão daquelas que forem preponderantes.</p><p><strong>Seção II</strong></p><p><strong>Da advertência</strong></p><p>Art. 211. A penalidade de advertência será aplicada para as infrações de natureza leve, nos casos em que o infrator for primário e não forem constatadas circunstâncias agravantes.</p><p><strong>Seção III</strong></p><p><strong>Da multa</strong></p><p>Art. 212. A multa poderá ser aplicada para qualquer infração prevista neste Decreto.</p><p>Art. 213. O valor da multa será estipulado dentro dos limites estabelecidos no art. 28, no art. 30 e no Anexo à Lei nº 14.515, de 29 de dezembro de 2022.</p><p>§ 1º Quando a infração envolver bebidas e consistir na infidelidade do depositário de bem apreendido, conforme disposto no art. 10, parágrafo único, da Lei nº 8.918, de 14 de julho de 1994, a multa poderá ser fixada até o teto legal vigente de R$ 29.262,75 (vinte e nove mil duzentos e sessenta e dois reais e setenta e cinco centavos).</p><p>§ 2º Quando a infração envolver vinho e derivados da uva e do vinho e consistir na infidelidade do depositário de bem apreendido, na forma do art. 38, parágrafo único, da Lei nº 7.678, de 8 de novembro de 1988, a multa poderá ser fixada até o teto legal vigente de R$ 19.310,27 (dezenove mil trezentos e dez reais e vinte e sete centavos).</p><p>Art. 214. O valor limite para as multas, estabelecido na Lei nº 14.515, de 29 de dezembro de 2022, será considerado para cada infração, individualmente.</p><p>Art. 215. O Ministério da Agricultura e Pecuária poderá estabelecer, em ato normativo complementar, critérios para a valoração das multas, respeitados os valores mínimos e máximos previstos no Anexo à Lei nº 14.515, de 29 de dezembro de 2022.</p><p>Art. 216. A multa poderá será aumentada em 20% (vinte por cento) no patamar máximo da faixa aplicável, consideradas a classificação do agente e a natureza da infração, quando:</p><p>I - praticar agressão física ou verbal, ameaçar, assediar, ainda que de forma velada, ou causar constrangimento à autoridade fiscalizadora;</p><p>II - causar embaraço, dificultar, promover resistência à ação fiscalizadora, ocultar a mercadoria a ser fiscalizada, prestar informações incorretas ou insuficientes, visando encobrir a infração;</p><p>III - movimentar, remover, modificar, desviar, subtrair, substituir, extraviar ou comercializar, no todo ou em parte, produto sob a guarda de depositário; e</p><p>IV - deixar de realizar o recolhimento do produto de origem vegetal.</p><p><strong>Seção IV</strong></p><p><strong>Da condenação do produto</strong></p><p>Art. 217. A condenação poderá ser aplicada ao produto de origem vegetal e aos itens relacionados diretamente ao produto que não atenderem ao disposto neste Decreto, conforme procedimento especificado em ato normativo complementar editado pelo Ministério da Agricultura e Pecuária.</p><p>Parágrafo único. A condenação do produto poderá ser aplicada quando o produto estiver sob medida cautelar ou não.</p><p>Art. 218. Deverão ser condenados os produtos impróprios ao uso ou consumo ao qual se destinam.</p><p>Art. 219. O produto objeto de condenação poderá ser:</p><p>I - destruído;</p><p>II - destinado para outros fins;</p><p>III - reprocessado; ou</p><p>IV - doado a órgãos públicos ou a entidades filantrópicas, desde que não ofereçam riscos à defesa agropecuária, à saúde pública, conforme disposto em ato normativo complementar editado pelo Ministério da Agricultura e Pecuária.</p><p>§ 1º Os órgãos públicos e as entidades filantrópicas para os quais serão destinados os produtos condenados deverão se manifestar expressamente quanto ao conhecimento dos vícios ou dos defeitos dos produtos que receberão e declarar que dispõem de meios adequados para utilizá-los, sem expor a risco à defesa agropecuária ou à saúde.</p><p>§ 2º A execução da condenação do produto prevista no<em>caput</em>poderá ser acompanhada pela fiscalização.</p><p>§ 3º A destruição, a destinação para outros fins, o reprocessamento ou a doação de produtos agropecuários poderá ocorrer a pedido do infrator, independentemente da fase de apuração da infração e após aprovação do Ministério da Agricultura e Pecuária.</p><p>§ 4º A destinação de produtos condenados deverá ser comprovada e constar no processo administrativo de fiscalização agropecuária.</p><p><strong>Seção V</strong></p><p><strong>Da suspensão de registro, de cadastro ou de credenciamento</strong></p><p>Art. 220. A penalidade de suspensão recairá sobre o registro, o cadastro ou o credenciamento.</p><p>§ 1º Quando previsto em lei, qualquer outro ato público de liberação poderá ser suspenso.</p><p>§ 2º A suspensão pode atingir, de forma total ou parcial, as atividades, as etapas, as linhas de produção, os serviços ou os produtos abrangidos pelo registro, pelo cadastro ou pelo credenciamento suspenso.</p><p>Art. 221. A penalidade de suspensão do registro, de cadastro, de credenciamento ou de outro ato público de liberação previsto em lei sob responsabilidade direta ou indireta do Ministério da Agricultura e Pecuária poderá ser aplicada nos casos em que sejam constatadas:</p><p>I - infrações graves ou gravíssimas, considerando as circunstâncias agravantes e atenuantes; ou</p><p>II - descumprimento da medida cautelar de suspensão temporária de atividade, etapa ou processo de fabricação de produto.</p><p>§ 1º A penalidade de suspensão de registro, de cadastro ou de credenciamento poderá ser total ou parcial e atingir as atividades, as etapas, as linhas de produção, os serviços ou os produtos abrangidos pelo registro, pelo cadastro ou pelo credenciamento suspenso.</p><p>§ 2º Os produtos de origem vegetal elaborados ou produzidos durante o período de suspensão de registro, de cadastro ou de credenciamento são considerados impróprios para o consumo, o uso, a distribuição e o comércio sob qualquer forma.</p><p>§ 3º A penalidade de suspensão de registro, de cadastro ou de credenciamento poderá ser aplicada independentemente da existência de medida acautelatória.</p><p>§ 4º É proibido e configura descumprimento da penalidade prevista no<em>caput</em>o registro ou a elaboração de novo produto cuja composição seja igual ou semelhante àquela do produto objeto da penalidade de suspensão de registro.</p><p>Art. 222. Os prazos de suspensão do registro, de cadastro ou de credenciamento serão fixados de forma motivada e proporcional à natureza da infração, aos danos e à sua extensão, limitados a noventa dias.</p><p>§ 1º Quando aplicada ao agente que esteja sob medida cautelar de suspensão temporária de atividade, etapa ou processo, o prazo perdurará até a resolução da não conformidade, limitado a cento e oitenta dias.</p><p>§ 2º A contagem do prazo inicia-se na data de início dos efeitos da penalidade, em dias corridos.</p><p><strong>Seção VI</strong></p><p><strong>Da cassação de registro, de cadastro ou de credenciamento</strong></p><p>Art. 223. A penalidade de cassação do registro, de cadastro ou de credenciamento poderá ser aplicada ao infrator quando se constatar:</p><p>I - infrações graves ou gravíssimas, consideradas as circunstâncias agravantes e atenuantes;</p><p>II - descumprimento da penalidade de suspensão de registro, de cadastro ou de credenciamento; ou</p><p>III - extrapolação do prazo previsto no art. 222, § 1º, deste Decreto.</p><p>§ 1º A penalidade de que trata o<em>caput</em>poderá ser aplicada de forma subsequente no mesmo processo administrativo, no caso de o agente infrator estar sob penalidade de suspensão de registro, de cadastro ou de credenciamento.</p><p>§ 2º O infrator será considerado notificado sobre a possibilidade de aplicação da penalidade de cassação do registro, de cadastro ou de credenciamento no momento da ciência da decisão da aplicação da penalidade de suspensão de registro, de cadastro ou de credenciamento, e será desnecessária nova notificação ao infrator.</p><p>Art. 224. A aplicação da cassação de registro, de cadastro ou de credenciamento impedirá a concessão de novo registro, cadastro ou credenciamento pelo prazo de trezentos e sessenta e cinco dias, contados da data da decisão administrativa definitiva.</p><p>Parágrafo único. Decorrido o prazo previsto no<em>caput</em>, o interessado poderá requerer novo registro, cadastro ou credenciamento, submetendo-se integralmente aos procedimentos, às avaliações e aos requisitos técnicos e documentais aplicáveis, nos termos do disposto neste Decreto e nos atos normativos complementares editados pelo Ministério da Agricultura e Pecuária, podendo o pedido ser indeferido de forma motivada caso subsistam as causas que ensejaram a cassação.</p><p><strong>Seção VII</strong></p><p><strong>Da cassação da habilitação de profissional para prestar serviços relacionadosà inspeção de produtos de origem vegetal</strong></p><p>Art. 225. A penalidade de cassação da habilitação de profissional para prestar serviços relacionados à inspeção de produtos de origem vegetal perante o Ministério da Agricultura e Pecuária poderá ser aplicada nos casos em que sejam constatadas infrações graves e gravíssimas, de responsabilidade direta ou indireta do agente habilitado.</p><p>§ 1º A cassação da habilitação de profissional para prestar serviços relacionados à inspeção de produtos de origem vegetal terá duração de trezentos e sessenta e cinco dias, a contar da data da decisão administrativa definitiva, devendo a autoridade competente notificar ao respectivo conselho profissional.</p><p>§ 2º Decorrido o prazo previsto no § 1º, o interessado poderá requerer nova habilitação, submetendo-se integralmente aos procedimentos, às avaliações e aos requisitos técnicos e documentais aplicáveis, nos termos do disposto neste Decreto e nos atos normativos complementares editados pelo Ministério da Agricultura e Pecuária, podendo o pedido ser indeferido, de forma motivada, caso subsistam as causas que ensejaram a cassação.</p><p>CAPÍTULO VIII</p><p>DISPOSIÇÕES FINAIS E TRANSITÓRIAS</p><p>Art. 226. Na rotulagem das bebidas, exceto as importadas, deverá constar o número de registro do produto, enquanto os elementos básicos, formatos, dimensões e aplicações da expressão ou representação gráfica para a identificação visual do registro do produto não forem estabelecidos em ato normativo complementar editado pelo Ministério da Agricultura e Pecuária.</p><p>Art. 227. Na rotulagem das bebidas importadas, deverá constar o número de registro do estabelecimento importador, enquanto os elementos básicos, formatos, dimensões e aplicações da expressão ou representação gráfica para a identificação visual do registro do produto não forem estabelecidos em ato normativo complementar editado pelo Ministério da Agricultura e Pecuária. .</p><p>Art. 228. Após o trânsito em julgado do processo administrativo de fiscalização agropecuária, o Ministério da Agricultura e Pecuária notificará o conselho profissional de classe do responsável técnico, quando:</p><p>I - o responsável técnico incorrer em infração prevista neste Decreto; e</p><p>II - a infração imputada ao estabelecimento estiver relacionada às atividades inerentes às atribuições do responsável técnico.</p><p>Art. 229. O Ministério da Agricultura e Pecuária poderá comunicar às autoridades competentes os indícios de ilícitos civis ou penais, sem prejuízo da representação, após o trânsito em julgado do processo administrativo de fiscalização agropecuária.</p><p>Parágrafo único. A representação de que trata o<em>caput</em>será obrigatória quando a decisão final quanto à infração estiver relacionada à fraude ou a estabelecimento sem registro no Ministério da Agricultura e Pecuária ou houver indícios de irregularidades que configurem ilícitos civis ou penais.</p><p>Art. 230. O valor da taxa de classificação de produtos de origem vegetal na importação, pelo regular exercício do poder de polícia, será estabelecido conforme previsto no Decreto-Lei nº 1.899, de 21 de dezembro de 1981.</p><p>Parágrafo único. A taxa de classificação refere-se à fiscalização de produtos de origem vegetal na importação, como regular exercício do poder de polícia, executada pelo Ministério da Agricultura e Pecuária, para fins de autorização de ingresso no território nacional.</p><p>Art. 231. Os produtos de origem vegetal com características peculiares que, em função da natureza, da perecibilidade, do risco associado ou dos sistemas de produção, de elaboração ou de comercialização, não sejam alcançados pelo disposto neste Decreto serão regulados em atos normativos complementares editados pelo Ministério da Agricultura e Pecuária.</p><p>Art. 232. Este Decreto aplica-se a todas as fases da cadeia produtiva, sem prejuízo de requisitos específicos para assegurar a origem, a identidade, a qualidade, a conformidade, a inocuidade e a rastreabilidade dos produtos de origem vegetal.</p><p>Art. 233. O recurso proveniente da arrecadação de multa e taxa será revertido integralmente à execução das atividades de fiscalização previstas neste Decreto.</p><p>Art. 234. O disposto neste Decreto é igualmente aplicável, naquilo que couber, à matéria-prima e ao ingrediente de origem vegetal destinados à alimentação animal.</p><p>Art. 235. A guia de livre trânsito, prevista no art. 2º, § 1º, da Lei nº 7.678, de 8 de novembro de 1988, será emitida pelo Ministério da Agricultura e Pecuária ou, mediante delegação, por órgãos e entidades dos Estados, do Distrito Federal, dos Municípios e dos consórcios de Municípios, cujos procedimentos e modelos constarão em ato normativo complementar editado pelo Ministério da Agricultura e Pecuária, para acompanhar o vinho e os derivados da uva e do vinho, transportados a granel, e o vinagre transportado para acetificação do vinho.</p><p>Art. 236. Os prazos previstos neste Decreto seguem o disposto no regulamento do processo administrativo de fiscalização agropecuária.</p><p>Art. 237. Os subprodutos derivados da uva e do vinho compreendem os ácidos orgânicos, os corantes naturais, os aromas, os taninos, o caramelo de uva e outras substâncias ou classes de substâncias a serem definidas em ato normativo complementar editado pelo Ministério da Agricultura e Pecuária.</p><p>Art. 238. O Ministério da Agricultura e Pecuária expedirá atos normativos complementares necessários à execução deste Decreto.</p><p>Art. 239. Os casos omissos ou as dúvidas que forem suscitadas quanto ao cumprimento do disposto neste Decreto serão resolvidos pelo Departamento de Inspeção de Produtos de Origem Vegetal.</p><p>Art. 240. Ficam revogados:</p><p>I - o Decreto nº 6.268, de 22 de novembro de 2007;</p><p>II - o Decreto nº 6.871, de 4 de junho de 2009;</p><p>III - o Decreto nº 7.968, de 26 de março de 2013;</p><p>IV - o Decreto nº 8.198, de 20 de fevereiro de 2014;</p><p>V - o Decreto nº 8.446, de 6 de maio de 2015;</p><p>VI - o Decreto nº 8.592, de 16 de dezembro de 2015;</p><p>VII - o Decreto nº 9.799, de 23 de maio de 2019;</p><p>VIII - o Decreto nº 9.902, de 8 de julho de 2019;</p><p>IX - o Decreto nº 11.130, de 11 de julho de 2022; e</p><p>X - o Decreto nº 11.698, de 11 de setembro de 2023.</p><p>Art. 241. Este Decreto entra em vigor na data de sua publicação e produz efeitos:</p><p>I - noventa dias após a data de sua publicação, quanto ao disposto nos art. 107 e art. 110;</p><p>II - setecentos e trinta dias após a data de sua publicação, para as adequações das informações de registro das bebidas que tiverem alteração de denominação; e</p><p>III - na data de sua publicação, quanto aos demais dispositivos.</p><p>Brasília, 31 de outubro de 2025; 204º da Independência e 137º da República.</p><p class="assinaPr">LUIZ INÁCIO LULA DA SILVA</p><p class="assina">Carlos Henrique Baqueta Fávaro</p>]]></Texto>
  </body>
  <Midias />
</article></xml>