﻿<xml><article id="46242907" name="PRFB599 secao 1" idOficio="11379759" pubName="DO1" artType="Portaria" pubDate="03/11/2025" artClass="00028:00033:00000:00000:00000:00000:00000:00000:00000:00000:00037:00002" artCategory="Ministério da Fazenda/Secretaria Especial da Receita Federal do Brasil" artSize="12" artNotes="ok" numberPage="49" pdfPage="http://pesquisa.in.gov.br/imprensa/jsp/visualiza/index.jsp?data=03/11/2025&amp;jornal=515&amp;pagina=49" editionNumber="209" highlightType="" highlightPriority="" highlight="" highlightimage="" highlightimagename="" idMateria="23277509">
  <body>
    <Identifica><![CDATA[ PORTARIA rfb Nº 599, DE 29 DE OUTUBRO DE 2025]]></Identifica>
    <Data><![CDATA[]]></Data>
    <Ementa><![CDATA[ Aprova os modelos de convênios previstos no art. 3º da Instrução Normativa SRF nº 19, de 17 de fevereiro de 1998, e no art. 4º da Instrução Normativa SRF nº 20, de 17 de fevereiro de 1998.]]></Ementa>
    <Titulo />
    <SubTitulo />
    <Texto><![CDATA[<p class="identifica">PORTARIA rfb Nº 599, DE 29 DE OUTUBRO DE 2025</p><p class="ementa">Aprova os modelos de convênios previstos no art. 3º da Instrução Normativa SRF nº 19, de 17 de fevereiro de 1998, e no art. 4º da Instrução Normativa SRF nº 20, de 17 de fevereiro de 1998.</p><p>O SECRETÁRIO ESPECIAL DA RECEITA FEDERAL DO BRASIL, no uso da atribuição que lhe confere o art. 350, caput, inciso III, do Regimento Interno da Secretaria Especial da Receita Federal do Brasil, aprovado pela Portaria ME nº 284, de 27 de julho de 2020, e tendo em vista o disposto na Instrução Normativa SRF nº 19, de 17 de fevereiro de 1998, e na Instrução Normativa SRF nº 20, de 17 de fevereiro de 1998, resolve:</p><p>Art. 1º Esta Portaria aprova os modelos de convênios para o intercâmbio de informações e a execução de programas de cooperação dirigidos à realização de atividades conjuntas ou concomitantes entre a Secretaria Especial da Receita Federal do Brasil e órgãos ou entidades da administração pública direta, autárquica e fundacional.</p><p>Art. 2º Os modelos de convênios de que trata o art. 1º constam dos seguintes Anexos:</p><p>I - Anexo I, com o modelo para intercâmbio de informações cadastrais e econômico-fiscais e execução de programas de cooperação dirigidos à realização de atividades conjuntas ou concomitantes de fiscalização e cobrança de tributos com a administração tributária estadual e distrital;</p><p>II - Anexo II, com o modelo para intercâmbio de informações cadastrais e econômico-fiscais e execução de programas de cooperação dirigidos à realização de atividades conjuntas ou concomitantes de fiscalização e cobrança de tributos com administração tributária municipal; e</p><p>III - Anexo III, com o modelo para intercâmbio de informações não protegidas por sigilo fiscal com órgãos ou entidades da administração pública direta, autárquica e fundacional.</p><p>Art. 3º Ficam revogadas:</p><p>I - a Portaria SRF nº 775, de 18 de junho de 1997; e</p><p>II - a Portaria SRF nº 1.149, de 9 de abril de 1998.</p><p>Art. 4º Esta Portaria entra em vigor na data de sua publicação no Diário Oficial da União.</p><p class="assina">ROBINSON SAKIYAMA BARREIRINHAS</p><p class="anexo">ANEXO IMODELO DE CONVÊNIO DE COOPERAÇÃO TÉCNICA COM ESTADOS OU DISTRITO FEDERAL (ADMINISTRAÇÃO TRIBUTÁRIA)</p><p>Convênio de Cooperação Técnica que entre si celebram a União, por intermédio da Secretaria Especial da Receita Federal do Brasil, e o &lt;nome do Estado/UF ou o Distrito Federal/DF&gt;, representado por sua Secretaria de &lt;Fazenda, Finanças ou Tributação&gt;, para o intercâmbio de informações econômico-fiscais e cadastrais não previstas na Lei Complementar nº 214, de 16 de janeiro de 2025, e a execução de programas de cooperação dirigidos à realização de atividades conjuntas ou concomitantes de fiscalização e cobrança dos tributos que administram.</p><p>Processo nº &lt;número do processo digital&gt;.</p><p>A UNIÃO, por intermédio da SECRETARIA ESPECIAL DA RECEITA FEDERAL DO BRASIL, órgão do Ministério da Fazenda, CNPJ nº 00.394.460/0058-87, e o &lt;ESTADO (DE/DO NOME DO ESTADO/UF)&gt; ou DISTRITO FEDERAL/DF, por intermédio da SECRETARIA DE &lt;FAZENDA, FINANÇAS OU TRIBUTAÇÃO&gt;, CNPJ nº &lt;número CNPJ&gt;, de acordo com o disposto nos arts. 7º e 199 da Lei nº 5.172, de 25 de outubro de 1966 - Código Tributário Nacional e na Instrução Normativa SRF nº 20, de 17 de fevereiro de 1998, e tendo em vista a necessidade de estabelecer condições de aperfeiçoamento da fiscalização e cobrança dos tributos que administram, mediante intercâmbio de informações, resolvem celebrar, por seus representantes legais, o presente Convênio a ser regido pelas seguintes Cláusulas:</p><p>DO OBJETO</p><p>CLÁUSULA PRIMEIRA - Os convenentes desenvolverão programa de cooperação técnico-fiscal com o objetivo de aperfeiçoar o planejamento e a execução da fiscalização e cobrança dos tributos que respectivamente administram e de estabelecer condições que possibilitem o intercâmbio de informações cadastrais e econômico-fiscais de interesse recíproco, observado o disposto na Instrução Normativa SRF nº 20, de 17 de fevereiro de 1998.</p><p>PARÁGRAFO ÚNICO - Para operacionalizar as atividades objeto deste Convênio, poderão ser constituídos grupos de trabalho integrados por representantes dos convenentes.</p><p>DO PROGRAMA DE COOPERAÇÃO</p><p>CLÁUSULA SEGUNDA - O programa de cooperação de que trata a CLÁUSULA PRIMEIRA abrangerá, em especial:</p><p>I - o intercâmbio de informações cadastrais e econômico-fiscais;</p><p>II - a uniformização e atualização de dados cadastrais dos contribuintes;</p><p>III - o aperfeiçoamento da coleta e organização de dados para subsidiar as atividades de fiscalização e cobrança, inclusive cooperação para o desenvolvimento de sistemas de informática na área tributária;</p><p>IV - a permuta e aperfeiçoamento de técnicas e metodologias adotadas no trabalho fiscal;</p><p>V - a realização de atividades conjuntas ou concomitantes de fiscalização e cobrança dos tributos administrados pelos convenentes, com utilização de recursos providos pelos respectivos órgãos;</p><p>VI - a atuação integrada visando ao aperfeiçoamento da gestão de riscos e da prevenção e combate a ilícitos tributários e aduaneiros; e</p><p>VII - o intercâmbio de informações decorrentes de lançamentos de ofício realizados pelos convenentes.</p><p>DO INTERCÂMBIO DAS INFORMAÇÕES</p><p>CLÁUSULA TERCEIRA - Os convenentes se dispõem a fornecer, reciprocamente, as seguintes informações de interesse fiscal, quando solicitadas:</p><p>I - da Secretaria Especial da Receita Federal do Brasil para a Secretaria de &lt;Fazenda, Finanças ou Tributação&gt;:</p><p>a) dados cadastrais de pessoas físicas e jurídicas e de imóveis;</p><p>b) dados econômicos-fiscais de pessoas físicas e jurídicas domiciliados no &lt;Estado de (nome do Estado/UF) ou Distrito Federal/DF&gt; e daquelas cujas atividades sejam de interesse do fisco &lt;estadual ou distrital&gt;;</p><p>c) informações relativas a importações e exportações ocorridas dentro ou fora do território do &lt;Estado de (nome do Estado/UF) ou Distrito Federal/DF&gt;:</p><p>1. realizadas por pessoas físicas e jurídicas domiciliadas no &lt;Estado de (nome do Estado/UF) ou Distrito Federal/DF&gt;;</p><p>2. cujos reflexos venham a repercutir perante os importadores e exportadores do &lt;Estado de (nome do Estado/UF) ou Distrito Federal/DF&gt;; ou</p><p>3. sejam de interesse do fisco &lt;estadual ou distrital&gt;;</p><p>d) informações decorrentes de lançamentos de ofício referentes a omissão de receitas ou rendimentos de pessoas físicas ou jurídicas domiciliadas no &lt;Estado de (nome do Estado/UF) ou Distrito Federal/DF&gt;, e das demais pessoas cujas atividades sejam de interesse do fisco &lt;estadual ou distrital&gt;;</p><p>e) informações de interesse da Secretaria de &lt;Fazenda ou Finanças ou Tributação&gt;, relativas a pagamentos efetuados a contribuintes que, em razão disso, devam recolher tributos aos cofres do &lt;Estado de (nome do Estado/UF) ou Distrito Federal/DF&gt;;</p><p>f) outras informações econômico-fiscais de interesse do fisco &lt;estadual ou distrital&gt;, inclusive receitas declaradas em cada ano-calendário; e</p><p>II - da Secretaria de &lt;Fazenda, Finanças ou Tributação&gt; para a Secretaria Especial da Receita Federal do Brasil:</p><p>a) dados cadastrais e econômicos-fiscais de contribuintes inscritos nos cadastros de contribuintes do &lt;Estado de (nome do Estado/UF) ou Distrito Federal/DF&gt;, inclusive nos cadastros mercantil e imobiliário;</p><p>b) dados cadastrais referentes a propriedade de veículos automotores;</p><p>c) dados cadastrais e econômico-fiscais referentes às pessoas físicas prestadoras de serviços, inclusive de transporte e de comunicação;</p><p>d) dados cadastrais e econômicos-fiscais referentes a transmissão de bens imóveis causa mortis e por doação ou relativos a quaisquer outros bens e direitos;</p><p>e) informações sobre laudos elaborados para fins de recolhimento de laudêmios e imposto de transmissão causa mortis e por doação;</p><p>f) informações relativas a imóveis do patrimônio do &lt;Estado de (nome do Estado/UF) ou Distrito Federal/DF&gt;, inclusive os enfitêuticos;</p><p>g) informações decorrentes de lançamentos de ofício referentes a omissão de receitas ou rendimentos de pessoas físicas ou jurídicas;</p><p>h) informações sobre pagamentos efetuados pelo &lt;Estado de (nome do Estado/UF) ou Distrito Federal/DF&gt; a fornecedores de bens e prestadores de serviços; e</p><p>i) outras informações e declarações econômico-fiscais de interesse do fisco federal, inclusive as receitas de prestação de serviços declaradas em cada ano-calendário pelos contribuintes cadastrados no &lt;Estado de (nome do Estado/UF) ou Distrito Federal/DF&gt;.</p><p>PARÁGRAFO PRIMEIRO - As informações a serem fornecidas estão restritas àquelas indispensáveis à ação fiscalizadora ou arrecadadora dos órgãos convenentes, e sua remessa está condicionada à fundamentação da necessidade dos dados solicitados, sendo vedadas, após seu recebimento, a transferência ou o uso dessas informações por terceiros, seja a título oneroso ou gratuito, ou sua divulgação, de qualquer forma, respeitadas as normas do sigilo fiscal previstas na Lei nº 5.172, de 25 de outubro de 1966 - Código Tributário Nacional -CTN e na legislação pertinente.</p><p>PARÁGRAFO SEGUNDO - As informações fornecidas pela Secretaria Especial da Receita Federal do Brasil ao &lt;Estado de (nome do Estado/UF) ou Distrito Federal/DF&gt; só poderão ser acessadas ou utilizadas no âmbito da administração tributária &lt;estadual ou distrital&gt;.</p><p>DO FORNECIMENTO DE INFORMAÇÕES PELA SECRETARIA ESPECIAL DA RECEITA FEDERAL DO BRASIL</p><p>CLAÚSULA QUARTA - O fornecimento de informações cadastrais e econômico-fiscais de que trata este Convênio, administradas pela Secretaria Especial da Receita Federal do Brasil, será operacionalizado por intermédio das bases de dados da Instituição localizadas nos prestadores de serviços de tecnologia da informação, e somente será implementado com estrita observância das normas relacionadas ao modelo tecnológico e à segurança da informação, editadas pela Secretaria Especial da Receita Federal do Brasil.</p><p>PARÁGRAFO PRIMEIRO - A Secretaria de &lt;Fazenda, Finanças ou Tributação&gt; suportará todos os custos necessários à operacionalização do fornecimento das informações, independentemente do meio ou solução que venha a ser adotada, não cabendo qualquer ônus à Secretaria Especial da Receita Federal do Brasil.</p><p>PARÁGRAFO SEGUNDO - A Secretaria de &lt;Fazenda, Finanças ou Tributação&gt; firmará contrato com os respectivos prestadores de serviço de tecnologia da informação, que detêm as bases de dados da Secretaria Especial da Receita Federal do Brasil, para fins de ressarcimento dos custos de acesso às informações e dos relativos à sustentabilidade dos sistemas informatizados envolvidos, devidos aos referidos prestadores de serviços.</p><p>PARÁGRAFO TERCEIRO - A Secretaria de &lt;Fazenda, Finanças ou Tributação&gt; compromete-se a manter estrutura de tecnologia da informação adequada e suficiente para acessar os sistemas da Secretaria Especial da Receita Federal do Brasil, que deverá contemplar equipamentos e redes de comunicação.</p><p>DO FORNECIMENTO DE INFORMAÇÕES PELA SECRETARIA DE &lt;FAZENDA, FINANÇAS OU TRIBUTAÇÃO&gt;</p><p>CLÁUSULA QUINTA - A Secretaria de &lt;Fazenda, Finanças ou Tributação&gt; compromete-se a fornecer os dados solicitados pela Secretaria Especial da Receita Federal do Brasil mediante acesso pelos servidores deste órgão, previamente credenciados, às suas bases de dados cadastrais e econômico-fiscais, por meio eletrônico ou por qualquer outra forma ou solução a ser definida de comum acordo pelos convenentes.</p><p>DA COORDENAÇÃO DAS ATIVIDADES</p><p>CLÁUSULA SEXTA - As atividades para consecução dos objetivos estabelecidos neste Convênio serão executadas de forma coordenada, com independência administrativa, financeira e técnica.</p><p>PARÁGRAFO PRIMEIRO - A coordenação das atividades relativas ao intercâmbio de informações cadastrais e econômico-fiscais ficará a cargo da Assessoria de Cooperação e Integração Fiscal - Ascif da Secretaria Especial da Receita Federal do Brasil e da unidade competente no âmbito da Secretaria de &lt;Fazenda, Finanças ou Tributação&gt;, representadas pelos respectivos titulares ou por servidores designados por estes.</p><p>PARÁGRAFO SEGUNDO - A coordenação dos serviços e atividades relativos à atuação conjunta ou concomitante das respectivas fiscalizações e ao intercâmbio de informações decorrentes de lançamento de ofício ficará a cargo da unidade administrativa da Secretaria Especial da Receita Federal do Brasil com competência para fiscalizar na jurisdição do &lt;Estado de (nome do Estado/UF) ou Distrito Federal/DF&gt; e da unidade competente da Secretaria de &lt;Fazenda, Finanças ou Tributação&gt;, representadas pelos respectivos titulares ou por servidores designados por estes.</p><p>DOS RECURSOS FINANCEIROS</p><p>CLÁUSULA SÉTIMA - O presente instrumento tem caráter não oneroso, pois não envolve qualquer forma de transferência de recursos financeiros ou orçamentários entre os convenentes.</p><p>PARÁGRAFO ÚNICO - Cada convenente responsabilizar-se-á pela remuneração devida aos respectivos servidores designados para as atividades previstas neste Convênio, com despesas à conta de dotações orçamentárias próprias, sem a aplicação de recursos específicos.</p><p>DA UTILIZAÇÃO DOS DADOS OU INFORMAÇÕES</p><p>CLÁUSULA OITAVA - Os convenentes se comprometem a utilizar os dados ou informações que lhes forem fornecidos somente nas atividades que, em decorrência de lei, sejam de sua competência no âmbito da administração tributária e aduaneira.</p><p>PARÁGRAFO PRIMEIRO - Os convenentes se comprometem, também, mesmo após o término do presente Convênio, a manter a confidencialidade e o sigilo dos dados ou informações obtidos em razão do presente instrumento, e reconhecem que estes não poderão ser divulgados ou fornecidos a terceiros.</p><p>PARÁGRAFO SEGUNDO - A vedação à divulgação de dados e informações de que trata estra Cláusula não se aplica às informações que a Secretaria Especial da Receita Federal do Brasil divulga ao público em geral por meio de sua página na rede mundial de computadores (Internet).</p><p>DO SIGILO DOS DADOS OU INFORMAÇÕES</p><p>CLÁUSULA NONA - Os convenentes e seus servidores estão sujeitos às regras de sigilo fiscal estabelecidas no art. 198 da Lei nº 5.172, de 25 de outubro de 1966 - Código Tributário Nacional - CTN, e de sigilo funcional, sem prejuízo da observância da Lei nº 13.709, de 14 de agosto de 2018, - Lei Geral de Proteção de Dados - LGPD, da Portaria RFB nº 405, de 25 de março de 2024, e das normas de Política de Controle de Acesso e de Segurança da Informação e de Privacidade da Secretaria Especial da Receita Federal do Brasil.</p><p>PARÁGRAFO PRIMEIRO - O servidor que divulgar, revelar ou facilitar a divulgação ou revelação de qualquer informação, bem como aquele que utilizar ou viabilizar a utilização de qualquer informação obtida nos termos deste Convênio, em finalidade ou hipótese diversa da prevista em lei, regulamento ou ato administrativo, será responsabilizado administrativamente, sem prejuízo de sua responsabilização civil e penal, devendo o convenente, no âmbito do qual ocorrer a infração, adotar as providências cabíveis para a responsabilização.</p><p>PARÁGRAFO SEGUNDO - No caso de ocorrência de incidente envolvendo dados pessoais, os convenentes se comprometem a aplicar, quando cabível, a Política de Tratamento e Resposta a Incidentes de Segurança Cibernética e de Incidentes de Segurança com Dados Pessoais no âmbito da Secretaria Especial da Receita Federal do Brasil, aprovada pela Portaria RFB nº 563, de 31 de julho de 2025.</p><p>PARÁGRAFO TERCEIRO - Será pactuado termo de responsabilidade e compromisso, conforme previsão em legislação pertinente, para preservação e proteção das informações disponibilizadas, independentemente de envolverem dados pessoais, por meio do qual seja assegurada a observância do disposto na legislação.</p><p>DA VIGÊNCIA</p><p>CLÁUSULA DÉCIMA - O presente Convênio vigerá por prazo indeterminado, a partir da publicação do respectivo extrato no Diário Oficial da União.</p><p>DA ALTERAÇÃO, DA DENÚNCIA E DA RESCISÃO</p><p>CLÁUSULA DÉCIMA PRIMEIRA - O presente Convênio poderá ser alterado por consenso, por meio de termo aditivo, ou denunciado por desinteresse unilateral ou consensual, mediante iniciativa de qualquer dos convenentes, bem como rescindido por descumprimento das obrigações nele assumidas.</p><p>PARÁGRAFO ÚNICO - A denúncia deverá ser comunicada por escrito pelo convenente denunciante ao outro convenente, com antecedência mínima de trinta dias, sem que disso resulte ao convenente denunciado o direito à reclamação ou indenização pecuniária.</p><p>DA PUBLICAÇÃO</p><p>CLÁUSULA DÉCIMA SEGUNDA - A Secretaria Especial da Receita Federal do Brasil providenciará a publicação deste Convênio em extrato no Diário Oficial da União.</p><p>PARÁGRAFO ÚNICO - A Secretaria de &lt;Fazenda, Finanças ou Tributação&gt; poderá providenciar, às suas expensas, outra publicação que julgar necessária.</p><p>DAS CONTROVÉRSIAS</p><p>CLÁUSULA DÉCIMA TERCEIRA - Eventuais dúvidas e controvérsias oriundas deste Convênio que não puderem ser dirimidas de comum acordo pelos convenentes serão submetidas à Consultoria-Geral da União da Advocacia-Geral da União, por intermédio da Câmara de Mediação e de Conciliação da Administração Pública Federal, e, caso não haja resolução da pendência, ao juízo da Justiça Federal, na Seção Judiciária do Distrito Federal.</p><p>DISPOSIÇÕES FINAIS</p><p>CLÁUSULA DÉCIMA QUARTA - Eventual convênio, anteriormente pactuado entre a Secretaria Especial da Receita Federal do Brasil e a Secretaria de &lt;Fazenda, Finanças ou Tributação&gt;, com o mesmo objeto deste Convênio, fica automaticamente revogado na data da entrada em vigor do presente Convênio.</p><p>CLÁUSULA DÉCIMA QUINTA - O acesso aos dados cadastrais e aos documentos fiscais pelas administrações tributárias da União, estaduais, distrital e municipais ocorrerá na forma prevista na Lei Complementar nº 214, de 16 de janeiro de 2025, e nas demais normas que vierem a substituí-la ou complementá-la, sendo também admitidas as demais formas previstas neste Convênio.</p><p>E, por estarem de acordo os convenentes, foi lavrado o presente Convênio, assinado digitalmente pelos representantes das respectivas fazendas públicas.</p><p>&lt;nome da cidade/UF&gt;, datado e assinado digitalmente pelos convenentes.</p><p /><p></p><table><tr><td rowspan="1" colspan="1"><p>Assinatura digital</p><p>Representante Legal da Secretaria Especial da Receita Federal do Brasil</p></td><td rowspan="1" colspan="1" /><td rowspan="1" colspan="1"><p>Assinatura digital</p><p>Representante legal da Secretaria de Fazenda (Finanças ou Tributação)</p></td></tr></table><p>ANEXO IIMODELO DE CONVÊNIO DE COOPERAÇÃO TÉCNICA COM MUNICÍPIO (ADMINISTRAÇÃO TRIBUTÁRIA)</p><p>Convênio de Cooperação Técnica que entre si celebram a União, por intermédio da Secretaria Especial da Receita Federal do Brasil, e o Município de &lt;nome do município/UF&gt;, para o intercâmbio de informações econômico-fiscais e cadastrais não previstas na Lei Complementar nº 214, de 16 de janeiro de 2025, e a execução de programas de cooperação dirigidos à realização de atividades conjuntas ou concomitantes de fiscalização e cobrança dos tributos que administram.</p><p>Processo nº &lt;número do processo digital&gt;.</p><p>A UNIÃO, por intermédio da SECRETARIA ESPECIAL DA RECEITA FEDERAL DO BRASIL, órgão do Ministério da Fazenda, CNPJ nº 00.394.460/0058-87, representada pelo Superintendente da Receita Federal do Brasil da &lt;número&gt;ª Região Fiscal, conforme competência que lhe é conferida pelo art. 4º, § 2º, da Instrução Normativa SRF nº 20, de 17 de fevereiro de 1998, e o MUNICÍPIO &lt;DE/DO NOME DO MUNICÍPIO/UF&gt;, CNPJ nº &lt;número CNPJ&gt;, representado por seu Prefeito, de acordo com o disposto nos arts. 7º e 199 da Lei nº 5.172, de 25 de outubro de 1966 - Código Tributário Nacional, e na Instrução Normativa SRF nº 20, de 17 de fevereiro de 1998, e tendo em vista a necessidade de estabelecer condições de aperfeiçoamento da fiscalização e cobrança dos tributos que administram, mediante intercâmbio de informações, resolvem celebrar, por seus representantes legais, o presente Convênio a ser regido pelas seguintes Cláusulas:</p><p>DO OBJETO</p><p>CLÁUSULA PRIMEIRA - Os convenentes desenvolverão programa de cooperação técnico-fiscal com o objetivo de aperfeiçoar o planejamento e a execução da fiscalização e cobrança dos tributos que respectivamente administram e de estabelecer condições que possibilitem o intercâmbio de informações cadastrais e econômico-fiscais de interesse recíproco, observado o disposto na Instrução Normativa SRF nº 20, de 17 de fevereiro de 1998.</p><p>PARÁGRAFO ÚNICO - Para operacionalizar as atividades objeto deste Convênio, poderão ser constituídos grupos de trabalho integrados por representantes dos convenentes.</p><p>DO PROGRAMA DE COOPERAÇÃO</p><p>CLÁUSULA SEGUNDA - O programa de cooperação de que trata a CLÁUSULA PRIMEIRA abrangerá, em especial:</p><p>I - o intercâmbio de informações cadastrais e econômico-fiscais;</p><p>II - a uniformização e atualização de dados cadastrais dos contribuintes;</p><p>III - o aperfeiçoamento da coleta e organização de dados para subsidiar as atividades de fiscalização e cobrança, inclusive cooperação para o desenvolvimento de sistemas de informática na área tributária;</p><p>IV - a permuta e aperfeiçoamento de técnicas e metodologias adotadas no trabalho fiscal;</p><p>V - a realização de atividades conjuntas ou concomitantes de fiscalização e cobrança dos tributos administrados pelos convenentes, com utilização de recursos providos pelos respectivos órgãos;</p><p>VI - a atuação integrada visando ao aperfeiçoamento da gestão de riscos e da prevenção e combate a ilícitos tributários e aduaneiros; e</p><p>VII - o intercâmbio de informações decorrentes de lançamentos de ofício realizados pelos convenentes.</p><p>DO INTERCÂMBIO DAS INFORMAÇÕES</p><p>CLÁUSULA TERCEIRA - Os convenentes se dispõem a fornecer, reciprocamente, as seguintes informações de interesse fiscal, quando solicitadas:</p><p>I - da Secretaria Especial da Receita Federal do Brasil para o município convenente, por meio de sua Administração Tributária Municipal:</p><p>a) dados cadastrais de pessoas físicas e jurídicas e de imóveis;</p><p>b) dados econômico-fiscais de pessoas físicas e jurídicas domiciliados no Município de &lt;nome do município/UF&gt;, e daquelas cujas atividades sejam de interesse do fisco municipal;</p><p>c) informações decorrentes de lançamentos de ofício referentes a omissão de receitas ou rendimentos de serviços prestados por pessoas jurídicas ou físicas domiciliadas no Município de &lt;nome do município/UF&gt;, e das demais pessoas cujas atividades sejam de interesse do fisco municipal; e</p><p>d) outras informações econômico-fiscais de interesse do fisco municipal, inclusive receitas de prestação de serviços declaradas em cada ano-calendário; e</p><p>II - do município convenente para a Secretaria Especial da Receita Federal do Brasil:</p><p>a) dados cadastrais e econômicos-fiscais de contribuintes inscritos nos cadastros de contribuintes do Município de &lt;nome do município/UF&gt;;</p><p>b) dados cadastrais e econômico-fiscais referentes a pessoas físicas e jurídicas prestadoras de serviços;</p><p>c) dados cadastrais e econômicos fiscais referentes a transmissão de bens imóveis inter vivos a título oneroso;</p><p>d) informações sobre laudos elaborados para efeito de recolhimento de imposto de transmissão inter vivos;</p><p>e) informações relativas a imóveis do patrimônio do Município de &lt;nome do município/UF&gt;, inclusive os enfitêuticos;</p><p>f) informações sobre concessões de licença para construção e reforma de edificação, e de habite-se;</p><p>g) informações sobre plantas de loteamentos aprovados;</p><p>h) informações decorrentes de lançamentos de ofício referentes a omissão de receitas ou rendimentos de serviços prestados por pessoas físicas ou jurídicas;</p><p>i) informações sobre os pagamentos efetuados pelo Município de &lt;nome do município/UF&gt; a fornecedores de bens e prestadores de serviços;</p><p>j) dados cadastrais de imóveis urbanos e rurais, valores de referência dos imóveis utilizados para fins de lançamento dos tributos de sua competência exclusiva, assim como as informações de transações imobiliárias objeto de lançamento; e</p><p>k) outras informações e declarações econômico-fiscais de interesse do fisco federal, inclusive as receitas de prestação de serviços declaradas em cada ano-calendário pelos contribuintes cadastrados no Município de &lt;nome do município/UF&gt;.</p><p>PARÁGRAFO PRIMEIRO - As informações a serem fornecidas estão restritas àquelas indispensáveis à ação fiscalizadora ou arrecadadora dos órgãos convenentes, e sua remessa está condicionada à fundamentação das necessidades dos dados solicitados, sendo vedadas, após seu recebimento, a transferência ou o uso dessas informações por terceiros, seja a título oneroso ou gratuito, ou sua divulgação, de qualquer forma, respeitadas as normas do sigilo fiscal previstas na Lei nº 5.172, de 25 de outubro de 1966 - Código Tributário Nacional - CTN e na legislação pertinente.</p><p>PARÁGRAFO SEGUNDO - As informações fornecidas pela Secretaria Especial da Receita Federal do Brasil ao Município de &lt;nome do município/UF&gt; só poderão ser acessadas ou utilizadas no âmbito da Administração Tributária Municipal.</p><p>DO FORNECIMENTO DE INFORMAÇÕES PELA SECRETARIA ESPECIAL DA RECEITA FEDERAL DO BRASIL</p><p>CLÁUSULA QUARTA - O fornecimento de informações cadastrais e econômico-fiscais de que trata este Convênio, administradas pela Secretaria Especial da Receita Federal do Brasil, será operacionalizado por intermédio das bases de dados da Instituição localizadas nos prestadores de serviços de tecnologia da informação, e somente será implementado com estrita observância às normas relacionadas ao modelo tecnológico e à segurança da informação, editadas pela Secretaria Especial da Receita Federal do Brasil.</p><p>PARÁGRAFO PRIMEIRO - O Município de &lt;nome do município/UF&gt; suportará todos os custos necessários à operacionalização do fornecimento das informações, independentemente do meio ou solução que venha a ser adotada, não cabendo qualquer ônus à Secretaria Especial da Receita Federal do Brasil.</p><p>PARÁGRAFO SEGUNDO - O Município de &lt;nome do município/UF&gt; firmará contrato com os respectivos prestadores de serviço de tecnologia da informação, que detêm as bases de dados da Secretaria Especial da Receita Federal do Brasil, para fins de ressarcimento dos custos de acesso às informações e dos relativos à sustentabilidade dos sistemas informatizados envolvidos, devidos aos referidos prestadores de serviços.</p><p>PARÁGRAFO TERCEIRO - O Município de &lt;nome do município/UF&gt; compromete-se a manter estrutura de tecnologia da informação adequada e suficiente para acessar os sistemas da Secretaria Especial da Receita Federal do Brasil, que deverá contemplar equipamentos e redes de comunicação.</p><p>DO FORNECIMENTO DE INFORMAÇÕES PELO MUNICÍPIO</p><p>CLÁUSULA QUINTA - O município convenente compromete-se a fornecer os dados solicitados pela Secretaria Especial da Receita Federal do Brasil mediante acesso pelos servidores deste Órgão, previamente credenciados, às suas bases de dados cadastrais e econômico-fiscais, por meio eletrônico ou por qualquer outra forma ou solução a ser definida de comum acordo pelos convenentes.</p><p>DA COORDENAÇÃO DAS ATIVIDADES</p><p>CLÁUSULA SEXTA - As atividades para consecução dos objetivos estabelecidos neste Convênio serão executadas de forma coordenada, com independência administrativa, financeira e técnica.</p><p>PARÁGRAFO PRIMEIRO - A coordenação das atividades relativas ao intercâmbio de informações cadastrais e econômico-fiscais ficará a cargo da Assessoria de Cooperação e Integração Fiscal - Ascif da Secretaria Especial da Receita Federal do Brasil e da unidade competente da Administração Tributária Municipal, representadas pelos respectivos titulares ou por servidores designados por estes.</p><p>PARÁGRAFO SEGUNDO - A coordenação dos serviços e atividades relativos à atuação conjunta ou concomitante das respectivas fiscalizações e ao intercâmbio de informações decorrentes de lançamento de ofício ficará a cargo da unidade da Secretaria Especial da Receita Federal do Brasil com competência para fiscalizar na jurisdição do Município, e da unidade competente da Administração Tributária Municipal, representadas pelos respectivos titulares ou por servidores designados por estes.</p><p>DOS RECURSOS FINANCEIROS</p><p>CLÁUSULA SÉTIMA - O presente instrumento tem caráter não oneroso, pois não envolve qualquer forma de transferência de recursos financeiros ou orçamentários entre os convenentes.</p><p>PARÁGRAFO ÚNICO - Cada convenente responsabilizar-se-á pela remuneração devida aos respectivos servidores designados para as atividades previstas neste Convênio, com despesas à conta de dotações orçamentárias próprias, sem a aplicação de recursos específicos.</p><p>DA UTILIZAÇÃO DOS DADOS OU INFORMAÇÕES</p><p>CLÁUSULA OITAVA - Os convenentes se comprometem a utilizar os dados ou informações que lhe forem fornecidos somente nas atividades que, em decorrência de lei, sejam de sua competência no âmbito da administração tributária e aduaneira.</p><p>PARÁGRAFO PRIMEIRO - Os convenentes se comprometem, também, mesmo após o término do presente Convênio, a manter a confidencialidade e o sigilo dos dados ou informações obtidos em razão do presente instrumento, e reconhecem que estes não poderão ser divulgados ou fornecidos a terceiros.</p><p>PARÁGRAFO SEGUNDO - A vedação à divulgação de informações de que trata estra cláusula não se aplica às informações que a Secretaria Especial da Receita Federal do Brasil divulga ao público em geral por meio de sua página na rede mundial de computadores (Internet).</p><p>DO SIGILO DOS DADOS OU INFORMAÇÕES</p><p>CLÁUSULA NONA - Os convenentes e seus servidores estão sujeitos às regras de sigilo fiscal estabelecidas no art. 198 da Lei nº 5.172, de 25 de outubro de 1966 - Código Tributário Nacional - CTN, e de sigilo funcional, sem prejuízo da observância da Lei nº 13.709, de 14 de agosto de 2018, - Lei Geral de Proteção de Dados - LGPD, da Portaria RFB nº 405, de 25 de março de 2024, e das normas de Política de Controle de Acesso e de Segurança da Informação e de Privacidade da Secretaria Especial da Receita Federal do Brasil.</p><p>PARÁGRAFO PRIMEIRO - O servidor que divulgar, revelar ou facilitar a divulgação ou revelação de qualquer informação, bem como aquele que utilizar ou viabilizar a utilização de qualquer informação obtida nos termos deste Convênio, em finalidade ou hipótese diversa da prevista em lei, regulamento ou ato administrativo, será responsabilizado administrativamente, sem prejuízo de sua responsabilização civil e penal, devendo o convenente, no âmbito do qual ocorrer a infração, adotar as providências cabíveis para a responsabilização.</p><p>PARÁGRAFO SEGUNDO - No caso de ocorrência de incidente envolvendo dados pessoais, os convenentes se comprometem a aplicar, quando cabível, a Política de Tratamento e Resposta a Incidentes de Segurança Cibernética e de Incidentes de Segurança com Dados Pessoais no âmbito da Secretaria Especial da Receita Federal do Brasil, aprovada pela Portaria RFB nº 563, de 31 de julho de 2025.</p><p>PARÁGRAFO TERCEIRO - Será pactuado termo de responsabilidade e compromisso, conforme previsão em legislação pertinente, para preservação e proteção das informações disponibilizadas, independentemente de envolverem dados pessoais, por meio do qual seja assegurada a observância do disposto na legislação.</p><p>DA VIGÊNCIA</p><p>CLÁUSULA DÉCIMA - O presente Convênio vigerá por prazo indeterminado, a partir da publicação do respectivo extrato no Diário Oficial da União.</p><p>DA ALTERAÇÃO, DA DENÚNCIA E DA RESCISÃO</p><p>CLÁUSULA DÉCIMA PRIMEIRA - O presente Convênio poderá ser alterado por consenso, por meio de termo aditivo, ou denunciado por desinteresse unilateral ou consensual, mediante iniciativa de qualquer dos seus convenentes, bem como rescindido por descumprimento das obrigações nele assumidas.</p><p>PARÁGRAFO ÚNICO - A denúncia deverá ser comunicada por escrito pelo convenente denunciante ao outro convenente, com antecedência mínima de trinta dias, sem que disso resulte ao convenente denunciado o direito à reclamação ou indenização pecuniária.</p><p>DA PUBLICAÇÃO</p><p>CLÁUSULA DÉCIMA SEGUNDA - A Secretaria Especial da Receita Federal do Brasil providenciará a publicação deste Convênio em extrato no Diário Oficial da União.</p><p>PARÁGRAFO ÚNICO - O Município de &lt;nome do município/UF&gt; poderá providenciar, às suas expensas, outra publicação que julgar necessária.</p><p>DAS CONTROVÉRSIAS</p><p>CLÁUSULA DÉCIMA TERCEIRA - Eventuais dúvidas e controvérsias oriundas deste Convênio que não puderem ser dirimidas de comum acordo pelos convenentes serão submetidas à Consultoria-Geral da União da Advocacia-Geral da União, por intermédio da Câmara de Mediação e de Conciliação da Administração Pública Federal, e, caso não haja resolução da pendência, ao juízo da Justiça Federal, na Seção Judiciária do Distrito Federal.</p><p>DISPOSIÇÕES FINAIS</p><p>CLÁUSULA DÉCIMA QUARTA - Eventual convênio, anteriormente pactuado entre a Secretaria Especial da Receita Federal do Brasil e o Município, com o mesmo objeto deste Convênio, fica automaticamente revogado na data da entrada em vigor do presente Convênio.</p><p>CLÁUSULA DÉCIMA QUINTA - O acesso aos dados cadastrais e aos documentos fiscais pelas administrações tributárias da União, estaduais, distrital e municipais ocorrerá na forma prevista na Lei Complementar nº 214, de 16 de janeiro de 2025, e nas demais normas que vierem a substituí-la ou complementá-la, sendo também admitidas as demais formas previstas neste Convênio.</p><p>E, por estarem de acordo os convenentes, foi lavrado o presente Convênio assinado digitalmente pelos representantes das respectivas fazendas públicas.</p><p>&lt;nome da cidade/UF&gt;, datado e assinado digitalmente pelos convenentes.</p><p /><p></p><table><tr><td rowspan="1" colspan="1"><p>Assinatura digital</p><p>Superintendente da Receita Federal do Brasil da &lt;número&gt;ª Região Fiscal</p></td><td rowspan="1" colspan="1" /><td rowspan="1" colspan="1"><p>Assinatura digital</p><p>Prefeito do Município de &lt;nome do município/UF&gt;</p></td></tr></table><p>ANEXO IIIMODELO DE CONVÊNIO COM ÓRGÃOS E ENTIDADES DA ADMINISTRAÇÃO PÚBLICA DIRETA, AUTÁRQUICA E FUNDACIONAL PARA INTERCÂMBIO DE INFORMAÇÕES NÃO PROTEGIDAS POR SIGILO FISCAL</p><p>Convênio que entre si celebram a União, por intermédio da Secretaria Especial da Receita Federal do Brasil, e o &lt;nome do ente federado, órgão ou entidade&gt;, para o intercâmbio de informações não protegidas por sigilo fiscal, de interesse recíproco.</p><p>Processo nº &lt;número do processo digital&gt;.</p><p>A UNIÃO, por intermédio da SECRETARIA ESPECIAL DA RECEITA FEDERAL DO BRASIL, órgão do Ministério da Fazenda, CNPJ nº 00.394.460/0058-87, e o &lt; NOME DO ENTE FEDERADO, ÓRGÃO OU ENTIDADE&gt;, CNPJ nº &lt;número CNPJ&gt;, doravante denominado Convenente, e, em conjunto, denominados partícipes, de acordo com o disposto na Instrução Normativa SRF nº 19, de 17 de fevereiro de 1998, resolvem celebrar, por seus representantes legais, o presente Convênio que se regerá pelas seguintes Cláusulas:</p><p>DO OBJETO</p><p>CLÁUSULA PRIMEIRA - Este Convênio tem por objeto o estabelecimento de condições que possibilitem o intercâmbio de informações não protegidas por sigilo fiscal de interesse recíproco entre os partícipes, observado o disposto na Instrução Normativa SRF n <sup>o</sup> 19, de 17 de fevereiro de 1998.</p><p>DO FORNECIMENTO DE INFORMAÇÕES PELA SECRETARIA ESPECIAL DA RECEITA FEDERAL DO BRASIL</p><p>CLÁUSULA SEGUNDA - A Secretaria Especial da Receita Federal do Brasil fornecerá ao Convenente as informações previstas no Anexo Único, parte integrante deste Convênio para todos os fins.</p><p>PARÁGRAFO PRIMEIRO - O fornecimento das informações cadastrais discriminadas no Anexo Único será operacionalizado por intermédio das bases de dados da Secretaria Especial da Receita Federal do Brasil localizadas nos prestadores de serviços de tecnologia da informação, e somente será implementado com estrita observância às normas relacionadas ao modelo tecnológico e à segurança da informação, editadas pela Secretaria Especial da Receita Federal do Brasil.</p><p>PARÁGRAFO SEGUNDO - O Convenente suportará os custos necessários à operacionalização do fornecimento das informações de que trata o Anexo Único, independentemente do meio ou solução que venha a ser adotado para esse fim, não cabendo qualquer ônus à Secretaria Especial da Receita Federal do Brasil.</p><p>PARÁGRAFO TERCEIRO - O Convenente firmará contrato com os respectivos prestadores de serviço de tecnologia da informação, que detêm as bases de dados da Secretaria Especial da Receita Federal do Brasil, para fins de ressarcimento dos custos de acesso às informações e dos relativos à sustentabilidade dos sistemas informatizados envolvidos, devidos aos referidos prestadores de serviços.</p><p>PARÁGRAFO QUARTO - O Convenente compromete-se a manter estrutura de tecnologia da informação adequada e suficiente para acessar os sistemas da Secretaria Especial da Receita Federal do Brasil, que deverá contemplar equipamentos e redes de comunicação.</p><p>DO FORNECIMENTO DE INFORMAÇÕES PELO CONVENENTE</p><p>CLÁUSULA TERCEIRA - O Convenente compromete-se a fornecer, quando solicitado, toda e qualquer informação ou documento de que disponha, de interesse da Secretaria Especial da Receita Federal do Brasil, observada a legislação sobre sigilo aplicável à matéria.</p><p>PARÁGRAFO ÚNICO - As informações e documentos de que trata esta Cláusula, quando solicitados pela Secretaria Especial da Receita Federal do Brasil, poderão ser fornecidos mediante acesso por servidores da Secretaria Especial da Receita Federal do Brasil, previamente credenciados, às suas bases de dados, por meio eletrônico ou por qualquer outra forma ou solução a ser definida de comum acordo pelos partícipes.</p><p>DA COORDENAÇÃO DAS ATIVIDADES</p><p>CLÁUSULA QUARTA - As atividades para consecução dos objetivos estabelecidos neste Convênio serão executadas de forma coordenada, com independência administrativa, financeira e técnica.</p><p>PARÁGRAFO ÚNICO - A coordenação das atividades relativas ao intercâmbio de informações objeto do presente Convênio ficará a cargo da Assessoria de Cooperação e Integração Fiscal - Ascif da Secretaria Especial da Receita Federal do Brasil e da unidade competente do Convenente, representadas pelos respectivos titulares ou por servidores designados por estes.</p><p>DOS RECURSOS FINANCEIROS</p><p>CLÁUSULA QUINTA - O presente instrumento tem caráter não oneroso, pois não envolve qualquer forma de transferência de recursos financeiros ou orçamentários entre os partícipes.</p><p>PARÁGRAFO ÚNICO - Cada partícipe responsabilizar-se-á pela remuneração devida aos respectivos servidores designados para as atividades previstas neste Convênio, com despesas à conta de dotações orçamentárias próprias, sem a aplicação de recursos específicos.</p><p>DA UTILIZAÇÃO DOS DADOS OU INFORMAÇÕES</p><p>CLÁUSULA SEXTA - Os partícipes se comprometem a utilizar os dados ou informações que lhe forem fornecidos somente nas atividades que, em decorrência de lei, sejam de sua competência no âmbito da administração pública.</p><p>PARÁGRAFO PRIMEIRO - Os partícipes se comprometem, também, mesmo após o término do presente Convênio, a manter a confidencialidade e o sigilo dos dados ou informações obtidos em razão do presente instrumento, e reconhecem que estes não poderão ser divulgados ou fornecidos a terceiros.</p><p>PARÁGRAFO SEGUNDO - A vedação à divulgação de informações de que trata esta Cláusula não se aplica às informações que a Secretaria Especial da Receita Federal do Brasil divulga ao público em geral por meio de sua página na rede mundial de computadores (Internet).</p><p>DO SIGILO DOS DADOS OU INFORMAÇÕES</p><p>CLÁUSULA SÉTIMA - Os partícipes e seus servidores estão sujeitos à observância do sigilo funcional, da Lei nº 13.709, de 14 de agosto de 2018 - Lei Geral de Proteção de Dados - LGPD, da Portaria RFB nº 405, de 25 de março de 2024, e das normas de Política de Controle de Acesso e de Segurança da Informação e de Privacidade da Secretaria Especial da Receita Federal do Brasil.</p><p>PARÁGRAFO PRIMEIRO - O servidor que divulgar, revelar ou facilitar a divulgação ou revelação de qualquer informação, bem como aquele que utilizar ou viabilizar a utilização de qualquer informação obtida nos termos deste Convênio, em finalidade ou hipótese diversa da prevista em lei, regulamento ou ato administrativo, será responsabilizado administrativamente, sem prejuízo de sua responsabilização civil e penal, devendo o partícipe, no âmbito do qual ocorrer a infração, adotar as providências cabíveis para a responsabilização.</p><p>PARÁGRAFO SEGUNDO - No caso de ocorrência de incidente envolvendo dados pessoais, os convenentes se comprometem a aplicar, quando cabível, a Política de Tratamento e Resposta a Incidentes de Segurança Cibernética e de Incidentes de Segurança com Dados Pessoais no âmbito da Secretaria Especial da Receita Federal do Brasil, aprovada pela Portaria RFB nº 563, de 31 de julho de 2025.</p><p>PARÁGRAFO TERCEIRO - Será pactuado termo de responsabilidade e compromisso para preservação e proteção das informações disponibilizadas, independentemente de envolverem dados pessoais, por meio do qual seja assegurada a observância do disposto na legislação.</p><p>DA VIGÊNCIA</p><p>CLÁUSULA OITAVA - O presente Convênio vigerá por prazo indeterminado, a partir da publicação do respectivo extrato no Diário Oficial da União.</p><p>DA ALTERAÇÃO, DA DENÚNCIA E DA RESCISÃO</p><p>CLÁUSULA NONA - O presente Convênio poderá ser alterado por consenso, por meio de termo aditivo, ou denunciado por desinteresse unilateral ou consensual, mediante iniciativa de qualquer dos seus partícipes, bem como rescindido por descumprimento das obrigações nele assumidas.</p><p>PARÁGRAFO ÚNICO - A denúncia deverá ser comunicada por escrito pelo partícipe denunciante ao outro, com antecedência mínima de trinta dias, sem que disso resulte ao partícipe denunciado o direito à reclamação ou indenização pecuniária.</p><p>DA PUBLICAÇÃO</p><p>CLÁUSULA DÉCIMA - A Secretaria Especial da Receita Federal do Brasil providenciará a publicação deste Convênio em extrato no Diário Oficial da União.</p><p>PARÁGRAFO ÚNICO - O Convenente poderá providenciar, às suas expensas, outra publicação que julgar necessária.</p><p>DAS CONTROVÉRSIAS</p><p>CLÁUSULA DÉCIMA PRIMEIRA - Eventuais dúvidas e controvérsias oriundas deste Convênio que não puderem ser dirimidas de comum acordo pelos partícipes serão submetidas à Consultoria-Geral da União da Advocacia-Geral da União, por intermédio da Câmara de Mediação e de Conciliação da Administração Pública Federal, e, caso não haja resolução da pendência, ao juízo da Justiça Federal, na Seção Judiciária do Distrito Federal.</p><p>DISPOSIÇÕES FINAIS</p><p>CLÁUSULA DÉCIMA SEGUNDA - Eventual convênio, anteriormente pactuado entre a Secretaria Especial da Receita Federal do Brasil e o Convenente com o mesmo objeto deste Convênio, fica automaticamente revogado na data da entrada em vigor do presente Convênio.</p><p>E, por estarem de acordo os partícipes, foi lavrado o presente Convênio assinado digitalmente pelos representantes das Administrações Públicas.</p><p>&lt;nome da cidade/UF&gt;, datado e assinado digitalmente pelos partícipes.</p><p /><p></p><table><tr><td rowspan="1" colspan="1"><p>Assinatura digital</p><p>Representante Legal da Secretaria Especial da Receita Federal do Brasil</p></td><td rowspan="1" colspan="1" /><td rowspan="1" colspan="1"><p>Assinatura digital</p><p>Representante Legal do Convenente</p></td></tr></table><p>ANEXO ÚNICO(Modelo de convênio com órgãos e entidades da administração pública direta, autárquica e fundacional para intercâmbio de informações não protegidas por sigilo fiscal)</p><p>INFORMAÇÕES A SEREM FORNECIDAS PELOS PARTÍCIPES</p><p>1. DA DESCRIÇÃO DOS DADOS A SEREM FORNECIDOS PELA SECRETARIA ESPECIAL DA RECEITA FEDERAL DO BRASIL AO(A) &lt;NOME DO CONVENENTE&gt;</p><p>1.1. DADOS DO(A) &lt;nome da base de dados&gt;</p><p /><p></p><table><tr /><tr><td rowspan="1" colspan="1"><p>Numeração dos campos</p></td><td rowspan="1" colspan="1"><p>Descrição dos atributos</p></td></tr><tr><td rowspan="1" colspan="1"><p>1.1.1</p></td><td rowspan="1" colspan="1"><p>&lt;descrição dos atributos&gt;</p></td></tr><tr><td rowspan="1" colspan="1"><p>1.1.2</p></td><td rowspan="1" colspan="1"><p>&lt;descrição dos atributos&gt;</p></td></tr></table><p>1.2. DADOS DO(A) &lt;nome da base de dados&gt;</p><p /><p></p><table><tr /><tr><td rowspan="1" colspan="1"><p>Numeração dos campos</p></td><td rowspan="1" colspan="1"><p>Descrição dos atributos</p></td></tr><tr><td rowspan="1" colspan="1"><p>1.2.1</p></td><td rowspan="1" colspan="1"><p>&lt;descrição dos atributos&gt;</p></td></tr><tr><td rowspan="1" colspan="1"><p>1.2.2</p></td><td rowspan="1" colspan="1"><p>&lt;descrição dos atributos&gt;</p></td></tr></table><p>2. DA DESCRIÇÃO DOS DADOS A SEREM FORNECIDOS PELO(A) &lt;NOME DO CONVENENTE&gt; À SECRETARIA ESPECIAL DA RECEITA FEDERAL DO BRASIL</p><p>2.1 DADOS DO(A) &lt;nome da base de dados&gt;</p><p /><p></p><table><tr /><tr><td rowspan="1" colspan="1"><p>Numeração dos campos</p></td><td rowspan="1" colspan="1"><p>Descrição dos atributos</p></td></tr><tr><td rowspan="1" colspan="1"><p>2.1.1</p></td><td rowspan="1" colspan="1"><p>&lt;descrição dos atributos&gt;</p></td></tr><tr><td rowspan="1" colspan="1"><p>2.1.2</p></td><td rowspan="1" colspan="1" /></tr></table><p>2.2 DADOS DO(A) &lt;nome da base de dados&gt;</p><p /><p></p><table><tr /><tr><td rowspan="1" colspan="1"><p>Numeração dos campos</p></td><td rowspan="1" colspan="1"><p>Descrição dos atributos</p></td></tr><tr><td rowspan="1" colspan="1"><p>2.2.1</p></td><td rowspan="1" colspan="1"><p>&lt;descrição dos atributos&gt;</p></td></tr><tr><td rowspan="1" colspan="1"><p>2.2.2</p></td><td rowspan="1" colspan="1" /></tr></table><p>3. DA FORMA DE ACESSO AOS DADOS</p><p>3.1 A Secretaria Especial da Receita Federal do Brasil disponibilizará ao (à) &lt;NOME CONVENENTE&gt;, com observância da cláusula segunda deste convênio, acesso aos dados descritos no item 1, por meio das soluções tecnológicas:</p><p>I - &lt;descrever o nome da solução tecnológica&gt;</p><p>II - &lt;descrever o nome da solução tecnológica&gt;</p><p>3.2. O(A) &lt;NOME CONVENENTE&gt; disponibilizará à Secretaria Especial da Receita Federal do Brasil, com observância da cláusula terceira deste convênio, acesso aos dados descritos no item 2, por meio das soluções tecnológicas:</p><p>I - &lt;descrever o nome da solução tecnológica&gt;</p><p>II - &lt;descrever o nome da solução tecnológica&gt;</p><p>4. INSTRUÇÕES DE PRENCHIMENTO DO ANEXO ÚNICO</p><p>4.1. PREENCHIMENTO DAS TABELAS DOS ITENS 1 E 2</p><p>4.1.1. Título da Tabela: preencher o título com a descrição das bases de dados cujo acesso será autorizado e numerá-las sequêncialmente;</p><p>4.1.2. Numeração dos campos: preencher com numeração sequencial; e</p><p>4.1.3. Descrição dos campos: preencher a descrição dos atributos que constam na base de dados cujo acesso será autorizado.</p><p>4.2. PREENCHIMENTO DO ITEM 3</p><p>Preencher os subitens 3.1 e 3.2 com o nome da(s) solução(ões) tecnológica(s) disponível(is) para o acesso à base de dados.</p>]]></Texto>
  </body>
  <Midias />
</article></xml>