﻿<xml><article id="46235884" name="31.10.25 - Notificacao de indefe" idOficio="11379001" pubName="DO1" artType="Despacho" pubDate="03/11/2025" artClass="00033:00052:00005:00003:00002:00000:00000:00000:00000:00000:00010:00002" artCategory="Ministério da Justiça e Segurança Pública/Secretaria Nacional de Justiça/Departamento de Migrações/Coordenação-Geral de Política Migratória/Coordenação de Processos Migratórios/Divisão de Naturalização, Nacionalidade e Apatridia" artSize="12" artNotes="" numberPage="66" pdfPage="http://pesquisa.in.gov.br/imprensa/jsp/visualiza/index.jsp?data=03/11/2025&amp;jornal=515&amp;pagina=66" editionNumber="209" highlightType="" highlightPriority="" highlight="" highlightimage="" highlightimagename="" idMateria="23276076">
  <body>
    <Identifica><![CDATA[ DESPACHOS DE 31 DE OUTUBRO DE 2025]]></Identifica>
    <Data><![CDATA[]]></Data>
    <Ementa />
    <Titulo />
    <SubTitulo />
    <Texto><![CDATA[<p class="identifica">DESPACHOS DE 31 DE OUTUBRO DE 2025</p><p>Código: 22.039</p><p>Assunto: Indeferimento do pedido</p><p>Processo: 235881.0021952/2021</p><p>Interessado: LEONARD WILLIAMS</p><p>A COORDENADORA DE PROCESSOS MIGRATÓRIOS, no uso da competência delegada pela Portaria nº 623, de 13 de novembro de 2020, publicada no Diário Oficial da União, de 17 de novembro de 2020, indefere o pedido, por descumprimento do art. 67 da Lei nº 13.445/2017; arts. 221 e 239, incisos II e III do Decreto 9.199/2017, tendo em vista que o interessado não apresentou os documentos constantes dos itens 4, 5 e 6 do Anexo II da Portaria 623/2020.</p><p>Código: 775.808</p><p>Assunto: Indeferimento do pedido</p><p>Processo: 235881.0656717/2025</p><p>Interessada: SELVA DAIANA BOHN</p><p>A COORDENADORA DE PROCESSOS MIGRATÓRIOS, no uso da competência delegada pela Portaria nº 623, de 13 de novembro de 2020, publicada no Diário Oficial da União, de 17 de novembro de 2020, indefere o pedido, por descumprimento do Art. 70, Parágrafo Único da Lei nº 13.445/2017, Arts. 221 e 246, §1º do Decreto 9.199/2017, do Art. 56 e dos itens 2 e 3 do Anexo IV da Portaria 623/2020.</p><p>Código: 772.975</p><p>Assunto: Indeferimento do pedido.</p><p>Processo: 235881.0654083/2025.</p><p>Interessado: JOSIAS AZENOR.</p><p>A COORDENADORA DE PROCESSOS MIGRATÓRIOS, no uso da competência delegada pela Portaria nº 623, de 13 de novembro de 2020, publicada no Diário Oficial da União, de 17 de novembro de 2020, indefere o pedido, por descumprimento do Art. 65, incisos II e IV da Lei nº 13.445/2017; Arts. 221 e 234, incisos II, IV e V do Decreto 9.199/2017, tendo em vista que o interessado não apresentou os documentos constantes dos Itens 5, 6 e 8 do Anexo I da Portaria 623/2020.</p><p>Código: 772.732</p><p>Assunto: Indeferimento do pedido.</p><p>Processo: 235881.0653840/2025.</p><p>Interessado: SHABNAM SHANGARA.</p><p>A COORDENADORA DE PROCESSOS MIGRATÓRIOS, no uso da competência delegada pela Portaria nº 623 de 13 de novembro de 2020, publicada no Diário Oficial da União, de 17 de novembro de 2020, considerando que a requerente foi notificada e não compareceu à Polícia Federal para conferência dos documentos originais e coleta biométrica, indefere o pedido tendo em vista o não cumprimento das exigências previstas no Art. 65, incisos II e IV da Lei nº 13.445/2017, Art. 221, 227 e 234, incisos II, IV e V do Decreto nº 9.199/2017, e §2º, art. 7º e Itens 5 e 6, Anexo I da Portaria nº 623 de 13 de novembro de 2020.</p><p>Código: 772.317</p><p>Assunto: Indeferimento do pedido</p><p>Processo: 235881.0653456/2025</p><p>Interessada: ROZANNA PETIT FRERE ZEPHIR.</p><p>A COORDENADORA DE PROCESSOS MIGRATÓRIOS, no uso da competência delegada pela Portaria nº 623, de 13 de novembro de 2020, publicada no Diário Oficial da União, de 17 de novembro de 2020, indefere o pedido, por descumprimento do Art. 70, Parágrafo Único da Lei nº 13.445/2017, Arts. 221 e 246, §1º do Decreto 9.199/2017, do Art. 56 e dos itens 2 e 3 do Anexo IV da Portaria 623/2020.</p><p>Código: 772.135</p><p>Assunto: Indeferimento do pedido.</p><p>Processo: 235881.0653284/2025.</p><p>Interessado: LARA HATOUM.</p><p>A COORDENADORA DE PROCESSOS MIGRATÓRIOS, no uso da competência delegada pela Portaria nº 623, de 13 de novembro de 2020, publicada no Diário Oficial da União, de 17 de novembro de 2020, indefere o pedido, por descumprimento do Art. 65, inciso II da Lei nº 13.445/2017; Art. 233, §2º e 234, inciso II do Decreto 9.199/2017.</p><p>Código: 771.996</p><p>Assunto: Indeferimento do pedido.</p><p>Processo: 235881.0653148/2025.</p><p>Interessado: ODNEY SANCHEZ BAPTISTE.</p><p>A COORDENADORA DE PROCESSOS MIGRATÓRIOS, no uso da competência delegada pela Portaria nº 623, de 13 de novembro de 2020, publicada no Diário Oficial da União, de 17 de novembro de 2020, indefere o pedido, por descumprimento do Art. 65, incisos II e IV da Lei nº 13.445/2017; Arts. 221 e 234, incisos II, IV e V do Decreto 9.199/2017, tendo em vista que o interessado não apresentou os documentos constantes dos Itens 4, 5 e 8 do Anexo I da Portaria 623/2020.</p><p>Código: 771.026</p><p>Assunto: Indeferimento do pedido.</p><p>Processo: 235881.0652244/2025.</p><p>Interessado: HUSAM MOHAMMED MOHAMMED AL KHASHEB.</p><p>A COORDENADORA DE PROCESSOS MIGRATÓRIOS, no uso da competência delegada pela Portaria nº 623, de 13 de novembro de 2020, publicada no Diário Oficial da União, de 17 de novembro de 2020, indefere o pedido, por descumprimento do Art. 65, inciso II da Lei nº 13.445/2017; Art. 233, §2º e 234, inciso II do Decreto 9.199/2017.</p><p>Código: 761.983</p><p>Assunto: Indeferimento do pedido.</p><p>Processo: 235881.0644589/2025.</p><p>Interessado: MARIE SUZE FREJUSTE.</p><p>A COORDENADORA DE PROCESSOS MIGRATÓRIOS, no uso da competência delegada pela Portaria nº 623, de 13 de novembro de 2020, publicada no Diário Oficial da União, de 17 de novembro de 2020, indefere o pedido, por descumprimento do art. 65, incisos II, III, IV da Lei nº 13.445/2017; dos arts. 221, 233, 234, §2º. incisos I, II, III, IV, V do Decreto 9.199/2017, por não ter apresentado os documentos constantes dos itens 3, 4, 5, 6, 9, 10, 11 e 12 do Anexo I da Portaria 623/2020; Arts. 51, 56 e Item 8, Anexo I da Portaria 623/2020; Art. 5º e Item 13, Anexo I da Portaria 623/2020.</p><p>Código: 761.929</p><p>Assunto: Indeferimento do pedido.</p><p>Processo: 235881.0644535/2025.</p><p>Interessado: DARMIN ARNALMIR SILVA TORO.</p><p>A COORDENADORA DE PROCESSOS MIGRATÓRIOS, no uso da competência delegada pela Portaria nº 623, de 13 de novembro de 2020, publicada no Diário Oficial da União, de 17 de novembro de 2020, indefere o pedido, por descumprimento do art. 65, incisos II, III, IV da Lei nº 13.445/2017; dos arts. 221, 233, 234, §2º. incisos I, II, III, IV, V do Decreto 9.199/2017, por não ter apresentado os documentos constantes dos itens 3, 4, 5, 6, 9, 10, 11 e 12 do Anexo I da Portaria 623/2020; Arts. 51, 56 e Item 8, Anexo I da Portaria 623/2020; Art. 5º e Item 13, Anexo I da Portaria 623/2020.</p><p>Código: 761.726</p><p>Assunto: Indeferimento do pedido.</p><p>Processo: 235881.0644333/2025.</p><p>Interessado: WOODLY PIERRE.</p><p>A COORDENADORA DE PROCESSOS MIGRATÓRIOS, no uso da competência delegada pela Portaria nº 623, de 13 de novembro de 2020, publicada no Diário Oficial da União, de 17 de novembro de 2020, indefere o pedido, por descumprimento do art. 65, incisos II, III, IV da Lei nº 13.445/2017; dos arts. 221, 233, 234, §2º. incisos I, II, III, IV, V do Decreto 9.199/2017, por não ter apresentado os documentos constantes dos itens 3, 4, 5, 6, 9, 10, 11 e 12 do Anexo I da Portaria 623/2020; Arts. 51, 56 e Item 8, Anexo I da Portaria 623/2020; Art. 5º e Item 13, Anexo I da Portaria 623/2020.</p><p>Código: 761.704</p><p>Assunto: Indeferimento do pedido.</p><p>Processo: 235881.0644316/2025.</p><p>Interessado: SERIGNE FALL.</p><p>A COORDENADORA DE PROCESSOS MIGRATÓRIOS, no uso da competência delegada pela Portaria nº 623, de 13 de novembro de 2020, publicada no Diário Oficial da União, de 17 de novembro de 2020, indefere o pedido, por descumprimento do Art. 65, incisos II, III e IV da Lei nº 13.445/2017, do Art. 234, incisos II, III, IV e V do Decreto 9.199/2017, por não ter apresentado os documentos contantes dos itens 5, 6, 8 e 13 e dos Arts. 5º e 56 do Anexo I da Portaria 623/2020.</p><p>Código: 761.365</p><p>Assunto: Indeferimento do pedido.</p><p>Processo: 235881.0644027/2025.</p><p>Interessado: LYONELL PAUL.</p><p>A COORDENADORA DE PROCESSOS MIGRATÓRIOS, no uso da competência delegada pela Portaria nº 623, de 13 de novembro de 2020, publicada no Diário Oficial da União, de 17 de novembro de 2020, indefere o pedido, por descumprimento do art. 65, incisos II, III, IV da Lei nº 13.445/2017; dos arts. 221, 233, 234, §2º. incisos I, II, III, IV, V do Decreto 9.199/2017, por não ter apresentado os documentos constantes dos itens 3, 4, 5, 6, 9, 10, 11 e 12 do Anexo I da Portaria 623/2020; Arts. 51, 56 e Item 8, Anexo I da Portaria 623/2020; Art. 5º e Item 13, Anexo I da Portaria 623/2020.</p><p>Código: 760.940</p><p>Assunto: Indeferimento do pedido.</p><p>Processo: 235881.0643689/2025.</p><p>Interessado: MALOUNSIE JOSEPH.</p><p>A COORDENADORA DE PROCESSOS MIGRATÓRIOS, no uso da competência delegada pela Portaria nº 623 de 13 de novembro de 2020, publicada no Diário Oficial da União, de 17 de novembro de 2020, considerando que o/a requerente foi notificado/a e não compareceu à Polícia Federal para conferência dos documentos originais e coleta biométrica, indefere o pedido tendo em vista o não cumprimento das exigências previstas no Art. 65, incisos II, IV e V da Lei nº 13.445/2017, c/c art. 227 e 234, incisos II e IV do Decreto nº 9.199/2017, e §2º, art. 7º e Itens 5, 6 e 8, Anexo I da Portaria nº 623 de 13 de novembro de 2020.</p><p>Código: 760.615</p><p>Assunto: Indeferimento do pedido.</p><p>Processo: 235881.0643448/2025.</p><p>Interessado: ALEX MCKENZIE.</p><p>A COORDENADORA DE PROCESSOS MIGRATÓRIOS, no uso da competência delegada pela Portaria nº 623, de 13 de novembro de 2020, publicada no Diário Oficial da União, de 17 de novembro de 2020, indefere o pedido, por descumprimento do art. 65, incisos II, III, IV da Lei nº 13.445/2017; dos arts. 221, 233, 234, §2º. incisos I, II, III, IV, V do Decreto 9.199/2017, por não ter apresentado os documentos constantes dos itens 3, 4, 5, 6, 9, 10, 11 e 12 do Anexo I da Portaria 623/2020; Arts. 51, 56 e Item 8, Anexo I da Portaria 623/2020; Art. 5º e Item 13, Anexo I da Portaria 623/2020.</p><p>Código: 760.443</p><p>Assunto: Indeferimento do pedido.</p><p>Processo: 235881.0643311/2025.</p><p>Interessado: RAFAEL JESUS CHIRINO ROSALES.</p><p>A COORDENADORA DE PROCESSOS MIGRATÓRIOS, no uso da competência delegada pela Portaria nº 623, de 13 de novembro de 2020, publicada no Diário Oficial da União, de 17 de novembro de 2020, indefere o pedido, por descumprimento do art. 65, incisos II, III, IV da Lei nº 13.445/2017; dos arts. 221, 233, 234, §2º. incisos I, II, III, IV, V do Decreto 9.199/2017, por não ter apresentado os documentos constantes dos itens 3, 4, 5, 6, 9, 10, 11 e 12 do Anexo I da Portaria 623/2020; Arts. 51, 56 e Item 8, Anexo I da Portaria 623/2020; Art. 5º e Item 13, Anexo I da Portaria 623/2020.</p><p>Código: 760.093</p><p>Assunto: Indeferimento do pedido.</p><p>Processo: 235881.0643018/2025.</p><p>Interessado: MODOU MAKHATAR DRAME.</p><p>A COORDENADORA DE PROCESSOS MIGRATÓRIOS, no uso da competência delegada pela Portaria nº 623, de 13 de novembro de 2020, publicada no Diário Oficial da União, de 17 de novembro de 2020, indefere o pedido, por descumprimento Art. 233, §2º do Decreto 9.199/2017, por não ter apresentado os documentos constantes dos itens Art. 51 da Portaria 623/2020.</p><p>Código: 759.597</p><p>Assunto: Indeferimento do pedido.</p><p>Processo: 235881.0642586/2025.</p><p>Interessado: WILKADELSON MINIS.</p><p>A COORDENADORA DE PROCESSOS MIGRATÓRIOS, no uso da competência delegada pela Portaria nº 623, de 13 de novembro de 2020, publicada no Diário Oficial da União, de 17 de novembro de 2020, indefere o pedido, por descumprimento do Art. 65, inciso III da Lei 13.445/2017, Art. 234, inciso III do Decreto 9.199/2017, tendo em vista que o interessado não apresentou os documentos constante no Art. 5º e item 13 do Anexo I da Portaria 623/2020.</p><p>Código: 759.584</p><p>Assunto: Indeferimento do pedido.</p><p>Processo: 235881.0642574/2025.</p><p>Interessado: JONA BELIZAIRE.</p><p>A COORDENADORA DE PROCESSOS MIGRATÓRIOS, no uso da competência delegada pela Portaria nº 623, de 13 de novembro de 2020, publicada no Diário Oficial da União, de 17 de novembro de 2020, indefere o pedido, por descumprimento do Art. 65, inciso III da Lei 13.445/2017, Art. 234, inciso III do Decreto 9.199/2017, tendo em vista que o interessado não apresentou os documentos constante no Art. 5º e item 13 do Anexo I da Portaria 623/2020.</p><p>Código: 759.435</p><p>Assunto: Indeferimento do pedido.</p><p>Processo: 235881.0642438/2025.</p><p>Interessado: TOUNY SALLOUM</p><p>A COORDENADORA DE PROCESSOS MIGRATÓRIOS, no uso da competência delegada pela Portaria nº 623, de 13 de novembro de 2020, publicada no Diário Oficial da União, de 17 de novembro de 2020, indefere o pedido, por descumprimento do Art. 65, inciso III da Lei 13.445/2017, Art. 234, inciso III do Decreto 9.199/2017, tendo em vista que o interessado não apresentou os documentos constante no Art. 5º e item 13 do Anexo I da Portaria 623/2020.</p><p>Código: 759.384</p><p>Assunto: Indeferimento do pedido.</p><p>Processo: 235881.0642387/2025.</p><p>Interessado: TOMAS MARIO PEQUENINO.</p><p>A COORDENADORA DE PROCESSOS MIGRATÓRIOS, no uso da competência delegada pela Portaria nº 623, de 13 de novembro de 2020, publicada no Diário Oficial da União, de 17 de novembro de 2020, indefere o pedido, por descumprimento dos incisos II, III e IV do Art. 65 da Lei nº 13.445/2017; dos arts. 221 e incisos I, II, IV e V do Art. 234, do Decreto 9.199/2017, do art. 56 e itens 3, 4, 5, 6, 8 e 9 do Anexo I, da Portaria nº 623/2020.</p><p>Código: 759.087</p><p>Assunto: Indeferimento do pedido</p><p>Processo: 235881.0642102/2025</p><p>Interessado: AARON SEBASTIAN ORTEGA GOMEZ</p><p>A COORDENADORA DE PROCESSOS MIGRATÓRIOS, no uso da competência delegada pela Portaria nº 623, de 13 de novembro de 2020, publicada no Diário Oficial da União, de 17 de novembro de 2020, indefere o pedido, por descumprimento do Art. 70 da Lei nº 13.445/2017 c/c Parágrafo Único do art. 221, do Decreto nº 9.199/2017, Item 3, 4, 5, Anexo III da Portaria 623/2020.</p><p>Código: 759.039</p><p>Assunto: Indeferimento do pedido</p><p>Processo: 235881.0642069/2025</p><p>Interessada: RAYLIS JACKELINE CAROLINE TORRES RAMOS</p><p>A COORDENADORA DE PROCESSOS MIGRATÓRIOS, no uso da competência delegada pela Portaria nº 623, de 13 de novembro de 2020, publicada no Diário Oficial da União, de 17 de novembro de 2020, indefere o pedido, por descumprimento do parágrafo único do Art. 70 da Lei nº 13.445/2017; do art. 246 do Decreto 9.199/2017, dos Itens 2, 3 e 4 do Anexo IV, ambos da Portaria 623/2020.</p><p>Código: 758.616</p><p>Assunto: Indeferimento do pedido.</p><p>Processo: 235881.0641728/2025.</p><p>Interessado: JEAN BERNARD JEAN LOUIS.</p><p>A COORDENADORA DE PROCESSOS MIGRATÓRIOS, no uso da competência delegada pela Portaria nº 623, de 13 de novembro de 2020, publicada no Diário Oficial da União, de 17 de novembro de 2020, indefere o pedido, por descumprimento dos incisos II, III e IV do Art. 65 da Lei nº 13.445/2017; dos incisos I, II, III, IV e V do Art. 234, do Decreto 9.199/2017, dos arts. 5º, 56 e itens 3, 4, 5, 6, 8, 9 e 13 do Anexo I, da Portaria nº 623/2020.</p><p>Código: 758.088</p><p>Assunto: Indeferimento do pedido</p><p>Processo: 235881.0641302/2025</p><p>Interessado: CARLOS RODOLFO QUISPE VALENZUELA</p><p>A COORDENADORA DE PROCESSOS MIGRATÓRIOS, no uso da competência delegada pela Portaria nº 623, de 13 de novembro de 2020, publicada no Diário Oficial da União, de 17 de novembro de 2020, indefere o pedido, por descumprimento do art. 67 da Lei nº 13.445/2017; dos arts. 221 e 239 incisos II e III do Decreto 9.199/2017, do art. 56 e itens 3, 4, 5, 6, 8 e 9 do Anexo II, da Portaria 623/2020.</p><p>Código: 757.071</p><p>Assunto: Indeferimento do pedido</p><p>Processo: 235881.0640480/2025</p><p>Interessada: ZAIDA QUISPE CHOQUE</p><p>A COORDENADORA DE PROCESSOS MIGRATÓRIOS, no uso da competência delegada pela Portaria nº 623, de 13 de novembro de 2020, publicada no Diário Oficial da União, de 17 de novembro de 2020, indefere o pedido, por descumprimento do art. 67 da Lei nº 13.445/2017; do art. 239 incisos II e III do Decreto 9.199/2017, do art. 56 e item 3, 4, 5, 6, 8 e 9 do Anexo II, da Portaria 623/2020.</p><p>Código: 756.602</p><p>Assunto: Indeferimento do pedido.</p><p>Processo: 235881.0640089/2025.</p><p>Interessado: KEINER RANGEL JIMENEZ.</p><p>A COORDENADORA DE PROCESSOS MIGRATÓRIOS, no uso da competência delegada pela Portaria nº 623, de 13 de novembro de 2020, publicada no Diário Oficial da União, de 17 de novembro de 2020, indefere o pedido, por descumprimento do Art. 65, incisos II, III, IV da Lei 13.445/2017, Art. 221, Art. 233, §2º, Art. 234, incisos II, III, IV, V do Decreto 9.199/2017, tendo em vista que o interessado não apresentou os documentos constante no Art. 5º, Art. 51, Art. 56 e itens 5, 6, 8, 9, 13 do Anexo I da Portaria 623/2020.</p><p>Código: 755.484</p><p>Assunto: Indeferimento do pedido.</p><p>Processo: 235881.0639153/2025.</p><p>Interessado: MARIA ARMANDA CAMENHA CARDOSO QUINGUAIA.</p><p>A COORDENADORA DE PROCESSOS MIGRATÓRIOS, no uso da competência delegada pela Portaria nº 623, de 13 de novembro de 2020, publicada no Diário Oficial da União, de 17 de novembro de 2020, indefere o pedido, por descumprimento do Art. 65, inciso IV da Lei 13.445/2017, Art. 234, incisos IV, V do Decreto 9.199/2017, tendo em vista que o interessado não apresentou os documentos constante nos itens 4, 5, 6 do Anexo I da Portaria 623/2020.</p><p>Código: 755.267</p><p>Assunto: Indeferimento do pedido.</p><p>Processo: 235881.0638979/2025.</p><p>Interessado: ALEKSEI MAKSIMOV.</p><p>A COORDENADORA DE PROCESSOS MIGRATÓRIOS, no uso da competência delegada pela Portaria nº 623, de 13 de novembro de 2020, publicada no Diário Oficial da União, de 17 de novembro de 2020, indefere o pedido, por descumprimento do Art. 65, inciso III da Lei 13.445/2017, Art. 234, inciso III do Decreto 9.199/2017, tendo em vista que o interessado não apresentou os documentos constante no Art. 5º e item 13 do Anexo I da Portaria 623/2020.</p><p>Código: 754.905</p><p>Assunto: Indeferimento do pedido</p><p>Processo: 235881.0638666/2025</p><p>Interessada: ESPERANZA MUZUMBITA DARA</p><p>A COORDENADORA DE PROCESSOS MIGRATÓRIOS, no uso da competência delegada pela Portaria nº 623, de 13 de novembro de 2020, publicada no Diário Oficial da União, de 17 de novembro de 2020, indefere o pedido, por descumprimento do parágrafo único do Art. 70 da Lei nº 13.445/2017; do art. 246 do Decreto 9.199/2017, do art. 56 Itens 2, 3 e 4 do Anexo IV, ambos da Portaria 623/2020.</p><p>Código: 754.687</p><p>Assunto: Indeferimento do pedido.</p><p>Processo: 235881.0638499/2025.</p><p>Interessado: ENRIQUE BENJAMIN SAUCEDO LIENDO.</p><p>A COORDENADORA DE PROCESSOS MIGRATÓRIOS, no uso da competência delegada pela Portaria nº 623, de 13 de novembro de 2020, publicada no Diário Oficial da União, de 17 de novembro de 2020, indefere o pedido, por descumprimento do art. 65 inciso II da Lei nº 13.445/2017, do art. 233 inciso II; art. 234 inciso II; art. 235 e 236 do Decreto 9.199/2017, por não ter apresentado os documentos constantes do Art. 56 e Anexo I, Item 8 da Portaria 623/2020.</p><p>Código: 754.415</p><p>Assunto: Indeferimento do pedido.</p><p>Processo: 235881.0638271/2025.</p><p>Interessado: FERAS BITAR</p><p>A COORDENADORA DE PROCESSOS MIGRATÓRIOS, no uso da competência delegada pela Portaria nº 623, de 13 de novembro de 2020, publicada no Diário Oficial da União, de 17 de novembro de 2020, indefere o pedido, por descumprimento dos incisos II e IV do Art. 65 da Lei nº 13.445/2017; dos arts. 233, §2º e incisos II e IV do Art. 234, do Decreto 9.199/2017, dos arts. 51, 56 e itens 5 e 8 do Anexo I, da Portaria nº 623/2020.</p><p>Código: 754.409</p><p>Assunto: Indeferimento do pedido.</p><p>Processo: 235881.0638266/2025.</p><p>Interessado: KRISTINA ALMARI.</p><p>A COORDENADORA DE PROCESSOS MIGRATÓRIOS, no uso da competência delegada pela Portaria nº 623, de 13 de novembro de 2020, publicada no Diário Oficial da União, de 17 de novembro de 2020, indefere o pedido, por descumprimento dos incisos II, III e IV do Art. 65 da Lei nº 13.445/2017; dos arts. 233, §2º e incisos I, II, III, IV e V do 234, do Decreto 9.199/2017, dos arts. 5º, 51, 56 e itens 3, 4, 5, 6, 8, 9 e 13 do Anexo I, da Portaria nº 623/2020.</p><p>Código: 754.393</p><p>Assunto: Indeferimento do pedido</p><p>Processo: 235881.0638252/2025</p><p>Interessado: CARLOS GUSTAVO SILVA</p><p>A COORDENADORA DE PROCESSOS MIGRATÓRIOS, no uso da competência delegada pela Portaria nº 623, de 13 de novembro de 2020, publicada no Diário Oficial da União, de 17 de novembro de 2020, indefere o pedido, por descumprimento do Art. 67 da Lei nº 13.445/2017; Art. 221 do Decreto nº 9.199/2017, tendo em vista que não apresentou os documentos constantes no Art. 56 e Itens 8, 9 Anexo II da Portaria nº 623/2020.</p><p>Código: 753.862</p><p>Assunto: Indeferimento do pedido.</p><p>Processo: 235881.0637806/2025.</p><p>Interessado: CLAUDIUS AIMABLE.</p><p>A COORDENADORA DE PROCESSOS MIGRATÓRIOS, no uso da competência delegada pela Portaria nº 623, de 13 de novembro de 2020, publicada no Diário Oficial da União, de 17 de novembro de 2020, indefere o pedido, por descumprimento do Art. 65, inciso II da Lei 13.445/2017, Art. 221, Art. 233, §2º, Art. 234, inciso II do Decreto 9.199/2017, tendo em vista que o interessado não apresentou os documentos constante no Art. 51, Art. 56 e itens 8, 9 do Anexo I da Portaria 623/2020.</p><p>Código: 753.828</p><p>Assunto: Indeferimento do pedido.</p><p>Processo: 235881.0637772/2025.</p><p>Interessado: GASNER TOUSSAINT.</p><p>A COORDENADORA DE PROCESSOS MIGRATÓRIOS, no uso da competência delegada pela Portaria nº 623, de 13 de novembro de 2020, publicada no Diário Oficial da União, de 17 de novembro de 2020, indefere o pedido, por descumprimento dos incisos II, III e IV do Art. 65 da Lei nº 13.445/2017; dos arts. 221 e incisos I, II, III, IV e V do 234, do Decreto 9.199/2017, dos arts. 5, 56 e itens 3, 4, 5, 6, 8, 9 e 13 do Anexo I, da Portaria nº 623/2020.</p><p>Código: 753.819</p><p>Assunto: Indeferimento do pedido.</p><p>Processo: 235881.0637763/2025.</p><p>Interessado: ENMANUEL FAVIER QUINTANA.</p><p>A COORDENADORA DE PROCESSOS MIGRATÓRIOS, no uso da competência delegada pela Portaria nº 623, de 13 de novembro de 2020, publicada no Diário Oficial da União, de 17 de novembro de 2020, indefere o pedido, por descumprimento do art. 65 incisos II, III e IV da Lei nº 13.445/2017, do art. 234 incisos I, II, III, IV e V do Decreto 9.199/2017, por não ter apresentado os documentos constantes dos itens 3, 4, 5, 6 e 9 do Anexo I da Portaria 623/2020; Art. 56 e Item 8, Anexo I da Portaria 623/2020; Art. 5º e Item 13, Anexo I da Portaria 623/2020.</p><p>Código: 753.481</p><p>Assunto: Indeferimento do pedido.</p><p>Processo: 235881.0637427/2025.</p><p>Interessado: MYRIAME DECIUS DELERME.</p><p>A COORDENADORA DE PROCESSOS MIGRATÓRIOS, no uso da competência delegada pela Portaria nº 623, de 13 de novembro de 2020, publicada no Diário Oficial da União, de 17 de novembro de 2020, indefere o pedido, por descumprimento do Art. 65, inciso II da Lei 13.445/2017, Art. 221, Art. 233, §2º, Art. 234, inciso II do Decreto 9.199/2017, tendo em vista que a interessada não apresentou os documentos constante no Art. 51, Art. 56 e item 8 do Anexo I da Portaria 623/2020.</p><p>Código: 753.391</p><p>Assunto: Indeferimento do pedido.</p><p>Processo: 235881.0637363/2025.</p><p>Interessado: BELONN LORANVIL.</p><p>A COORDENADORA DE PROCESSOS MIGRATÓRIOS, no uso da competência delegada pela Portaria nº 623, de 13 de novembro de 2020, publicada no Diário Oficial da União, de 17 de novembro de 2020, indefere o pedido, por descumprimento do Art. 65, inciso III da Lei 13.445/2017, Art. 234, inciso III do Decreto 9.199/2017, tendo em vista que o interessado não apresentou os documentos constante no Art. 5º e item 13 do Anexo I da Portaria 623/2020.</p>]]></Texto>
  </body>
  <Midias />
</article></xml>