﻿<xml><article id="46231276" name="resolucao_4285_2025 GGFIS" idOficio="11377879" pubName="DO1" artType="Resolução" pubDate="03/11/2025" artClass="00047:00048:00016:00006:00000:00000:00000:00000:00000:00000:00064:34285" artCategory="Ministério da Saúde/Agência Nacional de Vigilância Sanitária/4ª Diretoria/Gerência-Geral de Inspeção e Fiscalização Sanitária" artSize="12" artNotes="" numberPage="130" pdfPage="http://pesquisa.in.gov.br/imprensa/jsp/visualiza/index.jsp?data=03/11/2025&amp;jornal=515&amp;pagina=130" editionNumber="209" highlightType="" highlightPriority="" highlight="" highlightimage="" highlightimagename="" idMateria="23272414">
  <body>
    <Identifica><![CDATA[ RESOLUÇÃO-RE Nº 4.285, de 30 DE Outubro DE 2025]]></Identifica>
    <Data><![CDATA[]]></Data>
    <Ementa />
    <Titulo />
    <SubTitulo />
    <Texto><![CDATA[<p class="identifica">RESOLUÇÃO-RE Nº 4.285, de 30 DE Outubro DE 2025</p><p>O GERENTE-GERAL DE INSPEÇÃO E FISCALIZAÇÃO SANITÁRIA DA AGÊNCIA NACIONAL DE VIGILÂNCIA SANITÁRIA, no uso das atribuições que lhe confere o art. 140, aliado ao art. 203, I, § 1º do Regimento Interno aprovado pela Resolução da Diretoria Colegiada - RDC nº 585, de 10 de dezembro de 2021, e</p><p>considerando o cumprimento dos requisitos de Boas Práticas de Distribuição e/ou Armazenagem preconizados em legislação vigente, resolve:</p><p>Art. 1º Conceder a Certificação de Boas Práticas de Distribuição e/ou Armazenagem de Produtos para Saúde às empresas constantes no anexo.</p><p>Art. 2º A presente Certificação tem validade de 4 (quatro) anos a partir da sua publicação.</p><p>Art. 3º Esta Resolução entra em vigor na data de sua publicação.</p><p class="assina">MARCUS AURéLIO MIRANDA DE ARAÚJO</p><p class="anexo">ANEXO</p><p>Empresa: Fomaxx Distribuidora de Produtos Medicos Ltda CNPJ: 56.135.796/0001-44</p><p>Endereço: Rua Luis Alberto Carvalho Castelo, Sn, Anexo 1, Carlos Braga, Rio Preto da Eva - AM CEP: 69.117-000</p><p>Autorização de Funcionamento: 8306059 Expediente: 1342235/25-8</p><p>Certificado de Boas Práticas de Distribuição e Armazenagem: Produtos para Saúde.</p><p>Motivo: Subsidiado por relatório de inspeção, requisito necessário para decisão do ato.</p><p>-------------------------------------------------------</p><p>Empresa: Rio Terumed Comércio de Material Cirúrgico Ltda. CNPJ: 07.171.033/0001-43</p><p>Endereço: Rua Capitão Félix, Nº 110, Térreo, Lojas 16 e 18, Galeria 4, Bloco F, Benfica, Rio de Janeiro - RJ CEP: 20920-310</p><p>Autorização de Funcionamento: 8037680 Expediente: 0166269/25-5</p><p>Certificado de Boas Práticas de Distribuição e Armazenagem: Produtos para Saúde.</p><p>Motivo: Subsidiado por relatório de inspeção, requisito necessário para decisão do ato.</p>]]></Texto>
  </body>
  <Midias />
</article></xml>