﻿<xml><article id="46239874" name="resolucao_4363_2025 COAFE" idOficio="11379573" pubName="DO1" artType="Resolução" pubDate="03/11/2025" artClass="00047:00048:00016:00006:00002:00000:00000:00000:00000:00000:00064:34363" artCategory="Ministério da Saúde/Agência Nacional de Vigilância Sanitária/4ª Diretoria/Gerência-Geral de Inspeção e Fiscalização Sanitária/Coordenação de Autorização de Funcionamento de Empresas" artSize="12" artNotes="" numberPage="146" pdfPage="http://pesquisa.in.gov.br/imprensa/jsp/visualiza/index.jsp?data=03/11/2025&amp;jornal=515&amp;pagina=146" editionNumber="209" highlightType="" highlightPriority="" highlight="" highlightimage="" highlightimagename="" idMateria="23277002">
  <body>
    <Identifica><![CDATA[ RESOLUÇÃO-RE Nº 4.363, DE 31 DE OUTUBRO DE 2025]]></Identifica>
    <Data><![CDATA[]]></Data>
    <Ementa />
    <Titulo />
    <SubTitulo />
    <Texto><![CDATA[<p class="identifica">RESOLUÇÃO-RE Nº 4.363, DE 31 DE OUTUBRO DE 2025</p><p>O COORDENADOR DE AUTORIZAÇÃO DE FUNCIONAMENTO DE EMPRESAS DA AGÊNCIA NACIONAL DE VIGILÂNCIA SANITÁRIA, no uso das atribuições que lhe confere o art. 144, aliado ao art. 203, I, §1° do Regimento Interno aprovado pela Resolução da Diretoria Colegiada - RDC n° 585, de 10 de dezembro de 2021, resolve:</p><p>Art. 1º. Indeferir o Pedido de Alteração de Autorização Especial para Empresas de Medicamentos e de Insumos Farmacêuticos, constantes no anexo desta Resolução.</p><p>Art. 2º Esta Resolução entra em vigor na data de sua publicação.</p><p class="assina">DANIEL MARCOS PEREIRA DOURADO</p><p class="anexo">ANEXO</p><p>FARMACIA TEIXEIRA BARBOSA LTDA / 41.986.210/0001-88</p><p>25351.485953/2022-09 / 1273936</p><p>70887 - AE - ALTERAÇÃO - ENDEREÇO, POR ATO PÚBLICO / 1393762255</p><p>MOTIVO DO INDEFERIMENTO:</p><p>Não apresentação da cópia do ato público que originou a alteração solicitada. A empresa deve peticionar alteração de endereço conforme disposto na RDC nº 275/2019.</p><p>--------------------------------------</p><p>FARMACIA MEDICARE APA LTDA - ME / 03.379.941/0001-76</p><p>25351.019441/00-63 / 1351116</p><p>7027 - AE - ALTERAÇÃO - FARMÁCIA DE MANIPULAÇÃO - ENDEREÇO / 1398194255</p><p>MOTIVO DO INDEFERIMENTO:</p><p>Não apresentação do Anexo II da RDC 275/2019, devidamente emitido pela Vigilância Sanitária competente, contrariando o art. 11 da RDC nº 275/2019.</p>]]></Texto>
  </body>
  <Midias />
</article></xml>