﻿<xml><article id="46237476" name="PT SAES NA 3407" idOficio="11379444" pubName="DO1" artType="Portaria" pubDate="03/11/2025" artClass="00047:00037:00000:00000:00000:00000:00000:00000:00000:00000:00017:00021" artCategory="Ministério da Saúde/Secretaria de Atenção Especializada à Saúde" artSize="12" artNotes="" numberPage="88" pdfPage="http://pesquisa.in.gov.br/imprensa/jsp/visualiza/index.jsp?data=03/11/2025&amp;jornal=515&amp;pagina=88" editionNumber="209" highlightType="" highlightPriority="" highlight="" highlightimage="" highlightimagename="" idMateria="23276716">
  <body>
    <Identifica><![CDATA[ Portaria SAES/MS Nº 3.407, DE 28 DE outubro DE 2025]]></Identifica>
    <Data><![CDATA[]]></Data>
    <Ementa><![CDATA[ Defere a Renovação do CEBAS da Santa Casa de Misericórdia de Votuporanga, com sede em Votuporanga (SP).]]></Ementa>
    <Titulo />
    <SubTitulo />
    <Texto><![CDATA[<p class="identifica">Portaria SAES/MS Nº 3.407, DE 28 DE outubro DE 2025</p><p class="ementa">Defere a Renovação do CEBAS da Santa Casa de Misericórdia de Votuporanga, com sede em Votuporanga (SP).</p><p>O SECRETÁRIO DE ATENÇÃO ESPECIALIZADA À SAÚDE, no uso das atribuições que lhe confere o Decreto nº 11.798, de 28 de novembro de 2023, alterado pelo Decreto nº 12.489, de 04 de junho de 2025, resolve:</p><p>Art. 1º Fica deferida a Renovação do Certificado de Entidade Beneficente de Assistência Social (CEBAS), da Santa Casa de Misericórdia de Votuporanga, CNPJ nº 72.957.814/0001-20, com sede em Votuporanga (SP), em razão da comprovação da prestação anual de serviços ao SUS no percentual mínimo de 60% (sessenta por cento), em conformidade com o art. 9º da Lei Complementar 187, de 16 de dezembro de 2021 e seus regulamentos, nos termos da Parecer Técnico nº 502/2025-CGCER/DCEBAS/SAES/MS, constante do Processo nº 25000.068548/2024-63.</p><p>Parágrafo único. A Renovação tem validade pelo período de 1º de janeiro de 2025 a 31 de dezembro de 2027.</p><p>Art. 2º Esta Portaria entra em vigor na data de sua publicação.</p><p class="assina">MOZART JULIO TABOSA SALES</p>]]></Texto>
  </body>
  <Midias />
</article></xml>