﻿<xml><article id="46232837" name="Desp-1507_2025" idOficio="11378286" pubName="DO1" artType="Despacho" pubDate="03/11/2025" artClass="00035:00045:00048:00000:00000:00000:00000:00000:00000:00000:00024:00000" artCategory="Ministério de Minas e Energia/Agência Nacional do Petróleo, Gás Natural e Biocombustíveis/Superintendência de Distribuição e Logística" artSize="12" artNotes="" numberPage="76" pdfPage="http://pesquisa.in.gov.br/imprensa/jsp/visualiza/index.jsp?data=03/11/2025&amp;jornal=515&amp;pagina=76" editionNumber="209" highlightType="" highlightPriority="" highlight="" highlightimage="" highlightimagename="" idMateria="23273384">
  <body>
    <Identifica><![CDATA[ DESPACHO SDL-ANP Nº 1.507, DE 31 DE OUTUBRO DE 2025]]></Identifica>
    <Data><![CDATA[]]></Data>
    <Ementa />
    <Titulo />
    <SubTitulo />
    <Texto><![CDATA[<p class="identifica">DESPACHO SDL-ANP Nº 1.507, DE 31 DE OUTUBRO DE 2025</p><p>O SUPERINTENDENTE DE DISTRIBUIÇÃO E LOGÍSTICA da AGÊNCIA NACIONAL DO PETRÓLEO, GÁS NATURAL E BIOCOMBUSTÍVEIS - ANP, no uso das atribuições que lhe foram conferidas pela Portaria ANP nº 265, de 10 de setembro de 2020, tendo em vista o disposto na Lei nº 9.478, de 6 de agosto de 1997, considerando as disposições do inciso I do art. 17 da Resolução ANP nº 960, de 5 de outubro de 2023, e considerando o que consta no Processo nº 48610.215684/2025-57, resolve: alterar o endereço de Rua n, s/nº - Quadra 07 - Lote 65, Distrito Industrial, Cuiabá/MT, 78.098-400, para Rua Paulo Masyuki Uezato 68, Lote 65 - Quadra 07, Distrito Industrial, Cuiabá/MT, 78098-400, na Autorização SDL-ANP nº 484, de 12 de junho de 2018, publicada no D.O.U. em 13/06/2018.</p><p class="assina">DIOGO VALERIO</p>]]></Texto>
  </body>
  <Midias />
</article></xml>