﻿<xml><article id="46237005" name="PT PRES 1883" idOficio="11379336" pubName="DO1" artType="Portaria" pubDate="03/11/2025" artClass="00044:00019:00002:00000:00000:00000:00000:00000:00000:00000:00054:00000" artCategory="Ministério da Previdência Social/Instituto Nacional do Seguro Social/Presidência" artSize="12" artNotes="ok" numberPage="78" pdfPage="http://pesquisa.in.gov.br/imprensa/jsp/visualiza/index.jsp?data=03/11/2025&amp;jornal=515&amp;pagina=78" editionNumber="209" highlightType="" highlightPriority="" highlight="" highlightimage="" highlightimagename="" idMateria="23276568">
  <body>
    <Identifica><![CDATA[PORTARIA PRES/INSS Nº 1.883, DE 31 DE OUTUBRO DE 2025]]></Identifica>
    <Data><![CDATA[]]></Data>
    <Ementa><![CDATA[ Regulariza e autoriza a transferência da titularidade de imóvel do Fundo do Regime Geral da Previdência Social para a Secretaria do Patrimônio da União.]]></Ementa>
    <Titulo />
    <SubTitulo />
    <Texto><![CDATA[<p class="identifica">PORTARIA PRES/INSS Nº 1.883, DE 31 DE OUTUBRO DE 2025</p><p class="ementa">Regulariza e autoriza a transferência da titularidade de imóvel do Fundo do Regime Geral da Previdência Social para a Secretaria do Patrimônio da União.</p><p>O PRESIDENTE DO INSTITUTO NACIONAL DO SEGURO SOCIAL - INSS, no uso das atribuições que lhe confere o Decreto nº 10.995, de 14 de março de 2022, e tendo em vista o que consta no Processo Administrativo nº 35247.000318/2008-48, resolve:</p><p>Art. 1º Esta Portaria regulariza e autoriza a transferência à Secretaria do Patrimônio da União do imóvel situado na Rua Teixeira de Freitas, nº 70, bairro Centro, Canoas/RS, inscrito no Sistema de Gerenciamento do Patrimônio Imobiliário - SGPIweb sob o nº 10186-19, atualmente na propriedade do Fundo do Regime Geral de Previdência Social, sob a gestão do INSS e de responsabilidade patrimonial e contábil da Superintendência Regional Sul, em conformidade com o disposto no inciso I do art. 2º da Lei nº 8.689, de 27 de julho de 1993, e no inciso II do art. 14 da Lei nº 6.439, de 1º de setembro de 1977.</p><p>Art. 2º Esta Portaria entra em vigor na data de sua publicação.</p><p class="assina">GILBERTO WALLER JUNIOR</p>]]></Texto>
  </body>
  <Midias />
</article></xml>