﻿<xml><article id="46236623" name="RESOLUCAO CCFCVS NA 497 DE 31 DE" idOficio="11379271" pubName="DO1" artType="Resolução" pubDate="03/11/2025" artClass="00028:00017:00000:00000:00000:00000:00000:00000:00000:00000:00064:00000" artCategory="Ministério da Fazenda/Conselho Curador do Fundo de Compensação de Variações Salariais" artSize="12" artNotes="ok" numberPage="48" pdfPage="http://pesquisa.in.gov.br/imprensa/jsp/visualiza/index.jsp?data=03/11/2025&amp;jornal=515&amp;pagina=48" editionNumber="209" highlightType="" highlightPriority="" highlight="" highlightimage="" highlightimagename="" idMateria="23276416">
  <body>
    <Identifica><![CDATA[ RESOLUÇÃO CCFCVS nº 497, DE 31 DE OUTUBRO DE 2025]]></Identifica>
    <Data><![CDATA[]]></Data>
    <Ementa><![CDATA[Inclui o inciso III do § 1º do art. 2º e o inciso III do art. 4º da Resolução CCFCVS nº 481, de 10 de julho de 2024.]]></Ementa>
    <Titulo />
    <SubTitulo />
    <Texto><![CDATA[<p class="identifica">RESOLUÇÃO CCFCVS nº 497, DE 31 DE OUTUBRO DE 2025</p><p class="ementa">Inclui o inciso III do § 1º do art. 2º e o inciso III do art. 4º da Resolução CCFCVS nº 481, de 10 de julho de 2024.</p><p>O CONSELHO CURADOR DO FUNDO DE COMPENSAÇÃO DE VARIAÇÕES SALARIAIS - CCFCVS, na forma dos incisos II e III do artigo 1º do Regulamento anexo ao Decreto nº 4.378, de 16 de setembro de 2002, em sua 138ª reunião ordinária, realizada em 31 de outubro de 2025, resolve:</p><p>Art. 1º A Resolução CCFCVS nº 481, de 10 de julho de 2024, passa a vigorar com a seguinte redação:</p><p>"Art. 2º .......................................................................</p><p>§ 1º .............................................................................</p><p>....................................................................................</p><p>III - a partir de 2026, os saldos devedores posicionados em 1º de janeiro de 2026" (NR)</p><p>....................................................................................</p><p>"Art. 4º .......................................................................</p><p>....................................................................................</p><p>III - a partir de 2026, até o décimo quinto dia útil de janeiro de 2026.</p><p>..........................................................................."(NR)</p><p>Art. 2º Esta Resolução entra em vigor na data da sua publicação.</p><p class="assina">CECÍLIA NAYARA ROSA MORAIS</p><p class="cargo">Presidente do Conselho</p>]]></Texto>
  </body>
  <Midias />
</article></xml>