﻿<xml><article id="46225852" name="ATO NA 15983" idOficio="11377369" pubName="DO1" artType="Ato" pubDate="03/11/2025" artClass="00014:00019:00014:00156:00000:00000:00000:00000:00000:00000:00006:00000" artCategory="Ministério das Comunicações/Agência Nacional de Telecomunicações/Superintendência de Fiscalização/Gerência Regional no Estado de São Paulo" artSize="12" artNotes="" numberPage="29" pdfPage="http://pesquisa.in.gov.br/imprensa/jsp/visualiza/index.jsp?data=03/11/2025&amp;jornal=515&amp;pagina=29" editionNumber="209" highlightType="" highlightPriority="" highlight="" highlightimage="" highlightimagename="" idMateria="23271624">
  <body>
    <Identifica><![CDATA[ ATO Nº 15.983, DE 28 DE OUTUBRO DE 2025]]></Identifica>
    <Data><![CDATA[]]></Data>
    <Ementa />
    <Titulo />
    <SubTitulo />
    <Texto><![CDATA[<p class="identifica">ATO Nº 15.983, DE 28 DE OUTUBRO DE 2025</p><p>Processo nº 53504.010007/2025-91. Outorgar autorização para uso de Radiofrequências à(ao) FUNDAÇÃO VIRGÍNIA FERRAZ, executante do serviço Radiodifusão Sonora em Frequência Modulada, CNPJ nº 71.545.420/0001-00, no município de Guarujá/SP, até 27/07/2035, a contar da data de publicação deste Ato, visando execução do Serviço Auxiliar de Radiodifusão e Correlatos de Ligação para Transmissão de Programas, na referida cidade.</p><p class="assina">MARCELO AUGUSTO SCACABAROZI</p><p class="cargo">Gerente</p>]]></Texto>
  </body>
  <Midias />
</article></xml>