﻿<xml><article id="46258986" name="Extrato 2025-11-03 - Ato 16344 (" idOficio="11381914" pubName="DO1" artType="Ato" pubDate="04/11/2025" artClass="00014:00019:00014:00154:00000:00000:00000:00000:00000:00000:00006:00000" artCategory="Ministério das Comunicações/Agência Nacional de Telecomunicações/Superintendência de Fiscalização/Gerência Regional nos Estados do Paraná e Santa Catarina" artSize="12" artNotes="" numberPage="7" pdfPage="http://pesquisa.in.gov.br/imprensa/jsp/visualiza/index.jsp?data=04/11/2025&amp;jornal=515&amp;pagina=7" editionNumber="210" highlightType="" highlightPriority="" highlight="" highlightimage="" highlightimagename="" idMateria="23279908">
  <body>
    <Identifica><![CDATA[ ATO Nº 16.344, DE 3 DE NOVEMBRO DE 2025]]></Identifica>
    <Data><![CDATA[]]></Data>
    <Ementa />
    <Titulo />
    <SubTitulo />
    <Texto><![CDATA[<p class="identifica">ATO Nº 16.344, DE 3 DE NOVEMBRO DE 2025</p><p>Processo nº 53504.010473/2025-77: Extingui, por renúncia, a autorização outorgada à ODECIO CARLOS JOSE RIBEIRO, CPF nº ***.454.488-**, para explorar o Serviço de Interesse Restrito e declara notificado o desinteresse para exploração de todas as modalidades de serviço associadas à autorização ora extinta, bem como a extinção das outorgas de uso das radiofrequências associadas.</p><p class="assina">MARCIO ANTONIO PROTZEK</p><p class="cargo">Gerente Substituto</p>]]></Texto>
  </body>
  <Midias />
</article></xml>