﻿<xml><article id="46239625" name="PT 697-2025" idOficio="11379539" pubName="DO1" artType="Portaria" pubDate="03/11/2025" artClass="00019:00037:00000:00000:00000:00000:00000:00000:00000:00000:00054:00000" artCategory="Ministério do Desenvolvimento, Indústria, Comércio e Serviços/Instituto Nacional de Metrologia, Qualidade e Tecnologia" artSize="12" artNotes="ok" numberPage="36" pdfPage="http://pesquisa.in.gov.br/imprensa/jsp/visualiza/index.jsp?data=03/11/2025&amp;jornal=515&amp;pagina=36" editionNumber="209" highlightType="" highlightPriority="" highlight="" highlightimage="" highlightimagename="" idMateria="23276914">
  <body>
    <Identifica><![CDATA[ PORTARIA Nº 697, DE 28 DE OUTUBRO DE 2025]]></Identifica>
    <Data><![CDATA[]]></Data>
    <Ementa />
    <Titulo />
    <SubTitulo />
    <Texto><![CDATA[<p class="identifica">PORTARIA Nº 697, DE 28 DE OUTUBRO DE 2025</p><p>O PRESIDENTE DO INSTITUTO NACIONAL DE METROLOGIA, QUALIDADE E TECNOLOGIA - INMETRO, no exercício da competência que lhe foi outorgada pelo artigo 4º, § 2º, da Lei n.º 5.966, de 11 de dezembro de 1973, combinado com o disposto nos artigos 18, inciso XI, do Anexo I ao Decreto n.º 11.221, de 05 de outubro de 2022, bem como a Lei n.º 9.784, de 29 de janeiro de 1999 e a Portaria Inmetro n.º 436, de 02 de outubro de 2023;</p><p>Considerando as informações e documentos submetidos a análise constantes dos Processos Inmetro SEI nº 0052600.006381/2025-31, resolve:</p><p>Autorizar a empresa Chint Smart Instrumentos do Brasil Ltda. a declarar a conformidade de medidores eletrônicos de energia elétrica, novos e reparados, em substituição aos ensaios de verificação inicial e verificação após reparos, sob o código EA089, conforme condições especificadas na íntegra da Portaria disponível no sítio do Inmetro: http://www.inmetro.gov.br/asm/.</p><p class="assina">MARCIO ANDRE OLIVEIRA BRITO</p>]]></Texto>
  </body>
  <Midias />
</article></xml>