﻿<xml><article id="46258848" name="RESOLUCAO BCB 517" idOficio="11381928" pubName="DO1" artType="Resolução" pubDate="04/11/2025" artClass="00052:00010:00000:00000:00000:00000:00000:00000:00000:00000:00064:00000" artCategory="Banco Central do Brasil/Área de Regulação" artSize="12" artNotes="" numberPage="167" pdfPage="http://pesquisa.in.gov.br/imprensa/jsp/visualiza/index.jsp?data=04/11/2025&amp;jornal=515&amp;pagina=167" editionNumber="210" highlightType="" highlightPriority="" highlight="" highlightimage="" highlightimagename="" idMateria="23279923">
  <body>
    <Identifica><![CDATA[ RESOLUÇÃO BCB Nº 517, DE 3 DE NOVEMBRO DE 2025]]></Identifica>
    <Data><![CDATA[]]></Data>
    <Ementa><![CDATA[ Dispõe sobre os procedimentos a serem observados pelas instituições financeiras e demais instituições autorizadas a funcionar pelo Banco Central do Brasil na apuração do limite mínimo de capital social integralizado e de patrimônio líquido.]]></Ementa>
    <Titulo />
    <SubTitulo />
    <Texto><![CDATA[<p class="identifica">RESOLUÇÃO BCB Nº 517, DE 3 DE NOVEMBRO DE 2025</p><p class="ementa">Dispõe sobre os procedimentos a serem observados pelas instituições financeiras e demais instituições autorizadas a funcionar pelo Banco Central do Brasil na apuração do limite mínimo de capital social integralizado e de patrimônio líquido.</p><p>A Diretoria Colegiada do Banco Central do Brasil, em sessão realizada em 29 de outubro de 2025, com base nos arts. 9º e 10, caput, incisos IX e X, da Lei nº 4.595, de 31 de dezembro de 1964, 9º-A da Lei nº 4.728, de 14 de julho de 1965, 6º e 7º, caput, incisos I e V, da Lei nº 11.795, de 8 de outubro de 2008, 9º, caput, incisos II, V e VIII, e 15 da Lei nº 12.865, de 9 de outubro de 2013, e tendo em vista o disposto na Resolução Conjunta nº 14, de 3 de novembro de 2025, resolve:</p><p>CAPÍTULO I</p><p>DO OBJETO E DO ÂMBITO DE APLICAÇÃO</p><p>Art. 1º Esta Resolução dispõe sobre os procedimentos a serem observados pelas instituições financeiras e demais instituições autorizadas a funcionar pelo Banco Central do Brasil na apuração do limite mínimo de capital social integralizado e de patrimônio líquido de que trata a Resolução Conjunta nº 14, de 3 de novembro de 2025.</p><p>Parágrafo único. O disposto nesta Resolução não se aplica:</p><p>I - às cooperativas de crédito de capital e empréstimo, que devem observar o limite mínimo de capital social integralizado e de patrimônio líquido de que trata o art. 2º, § 2º, da Resolução Conjunta nº 14, de 3 de novembro de 2025; e</p><p>II - às associações e entidades sem fins lucrativos autorizadas a administrar grupos de consórcio nos termos do art. 46 da Lei nº 11.795, de 8 de outubro de 2008.</p><p>CAPÍTULO II</p><p>DAS ATIVIDADES OPERACIONAIS</p><p>Seção I</p><p>Dos produtos e serviços</p><p>Art. 2º Para fins do disposto na Resolução Conjunta nº 14, de 3 de novembro de 2025, e nesta Resolução, os produtos e serviços previstos na regulamentação específica que trata da organização e do funcionamento das instituições mencionadas no art. 1º são enquadrados nas seguintes categorias de atividades operacionais:</p><p>I - concessão:</p><p>a) adiantamentos;</p><p>b) disponibilização de limites de crédito e outros compromissos de crédito;</p><p>c) emissão de instrumento de pagamento pós-pago;</p><p>d) empréstimos e financiamentos, inclusive financiamento para compra de valores mobiliários e de ativos virtuais e empréstimo de ativos financeiros para venda;</p><p>e) operações de arrendamento mercantil financeiro;</p><p>f) prestação de aval, fiança, coobrigação ou qualquer outra modalidade de garantia pessoal do cumprimento de obrigação financeira de terceiros;</p><p>g) aquisição e desconto de recebíveis mercantis; e</p><p>h) antecipação de recebíveis de arranjo de pagamento;</p><p>II - intermediação:</p><p>a) compra e venda, em nome de terceiros, de títulos e valores mobiliários, de metais preciosos, de moeda estrangeira e de ativos virtuais;</p><p>b) emissão de moeda eletrônica;</p><p>c) operações em bolsas de valores, de mercadorias e de futuros, bem como em mercados de balcão, em nome de terceiros;</p><p>d) operações de empréstimo e de financiamento entre pessoas exclusivamente por meio de plataforma eletrônica;</p><p>e) pagamentos e transferências, inclusive internacionais; e</p><p>f) credenciamento;</p><p>III - custódia e administração de recursos de terceiros:</p><p>a) custódia de valores, títulos e valores mobiliários ou ativos virtuais de terceiros; e</p><p>b) gestão profissional de ativos financeiros ou ativos virtuais de terceiros, incluindo a administração de:</p><p>1. carteiras de ativos virtuais;</p><p>2. carteiras de títulos e valores mobiliários;</p><p>3. fundos de desenvolvimento; e</p><p>4. fundos e clubes de investimento; e</p><p>IV - serviços:</p><p>a) que não envolvem fluxo financeiro:</p><p>1. administração de grupos de consórcio;</p><p>2. emissão de certificado;</p><p>3. atuação como agente fiduciário;</p><p>4. agregação de dados;</p><p>5. análise de crédito para terceiros;</p><p>6. consultoria, assessoria ou assistência técnica;</p><p>7. emissão, subscrição e distribuição de títulos e valores mobiliários;</p><p>8. iniciação de transação de pagamento;</p><p>9. operações de arrendamento mercantil operacional;</p><p>10. escrituração de ações e de outros valores mobiliários;</p><p>11. processamento e armazenamento de dados e de computação em nuvem;</p><p>12. agregação de dados compartilhados no âmbito do Open Finance; e</p><p>13. compartilhamento de dados com entidades não autorizadas a funcionar pelo Banco Central do Brasil, conforme contratos de parceria previstos na Resolução Conjunta nº 1, de 4 de maio de 2020; e</p><p>b) que envolvem fluxo financeiro, mas são prestados por conta e ordem de terceiros:</p><p>1. cobrança de crédito para terceiros;</p><p>2. atuação como correspondente;</p><p>3. atuação como representante de seguros; e</p><p>4. pagamento de salários, proventos, soldos, vencimentos, aposentadorias, pensões e similares.</p><p>§ 1º Para fins de classificação na categoria mencionada no inciso I do caput, devem ser consideradas:</p><p>I - as operações próprias ou adquiridas de terceiros; e</p><p>II - as operações com característica de concessão de crédito, assim considerados os instrumentos de dívida com forma jurídica distinta de operação de crédito que:</p><p>a) tenham como finalidade a concessão de crédito; ou</p><p>b) sejam originados em processo equivalente ou similar ao aplicável às operações de crédito típicas da instituição, em uma relação entre essa e seu cliente.</p><p>§ 2º Para fins de classificação na categoria mencionada no inciso IV do caput, não devem ser considerados os serviços inerentes às atividades previstas nos incisos I a III do caput.</p><p>Seção II</p><p>Das atividades associadas ao objeto social</p><p>Art. 3º Para fins do disposto no art. 10, § 1º, da Resolução Conjunta nº 14, de 3 de novembro de 2025, as instituições mencionadas no art. 1º devem considerar como associadas ao seu objeto social as seguintes categorias de atividades operacionais:</p><p>I - concessão:</p><p>a) agências de fomento;</p><p>b) associações de poupança e empréstimo;</p><p>c) bancos comerciais;</p><p>d) bancos de câmbio;</p><p>e) bancos de desenvolvimento;</p><p>f) bancos de investimento;</p><p>g) companhias hipotecárias;</p><p>h) cooperativas de crédito;</p><p>i) sociedades de arrendamento mercantil;</p><p>j) sociedades de crédito direto;</p><p>k) sociedades de crédito, financiamento e investimento;</p><p>l) sociedades de crédito imobiliário;</p><p>m) sociedades de crédito ao microempreendedor e à empresa de pequeno porte;</p><p>n) instituições de pagamento classificadas na modalidade emissor de instrumento de pagamento pós-pago; e</p><p>o) instituições de pagamento classificadas na modalidade credenciador;</p><p>II - intermediação:</p><p>a) bancos comerciais;</p><p>b) bancos de investimento;</p><p>c) sociedades prestadoras de serviços de ativos virtuais classificadas na modalidade intermediária;</p><p>d) sociedades prestadoras de serviços de ativos virtuais classificadas na modalidade corretora;</p><p>e) sociedades corretoras de câmbio;</p><p>f) sociedades corretoras de títulos e valores mobiliários;</p><p>g) sociedades distribuidoras de títulos e valores mobiliários;</p><p>h) sociedades de empréstimo entre pessoas;</p><p>i) instituições de pagamento classificadas na modalidade credenciador;</p><p>j) instituições de pagamento classificadas na modalidade emissor de moeda eletrônica;</p><p>III - custódia e gestão de recursos de terceiros:</p><p>a) sociedades corretoras de títulos e valores mobiliários;</p><p>b) sociedades distribuidoras de títulos e valores mobiliários;</p><p>c) sociedades prestadoras de serviços de ativos virtuais classificadas na modalidade corretora; e</p><p>d) sociedades prestadoras de serviços de ativos virtuais classificadas na modalidade custodiante; e</p><p>IV - serviços:</p><p>a) administradoras de consórcio;</p><p>b) confederações de serviços formadas por cooperativas de crédito; e</p><p>c) instituições de pagamento classificadas na modalidade iniciador de transação de pagamento.</p><p>§ 1º Caso uma instituição se enquadre em mais de uma categoria de atividade operacional, deverá considerar todas as categorias de atividades operacionais associadas ao objeto social da instituição, na forma do caput, para fins de apuração do capital mínimo da instituição.</p><p>§ 2º Os bancos múltiplos devem considerar como associadas ao seu objeto social as categorias de atividades operacionais vinculadas às carteiras que possuírem.</p><p>CAPÍTULO III</p><p>SERVIÇOS INTENSIVOS EM INFRAESTRUTURA TECNOLÓGICA</p><p>Art. 4º Para fins do disposto no art. 9º, caput, inciso II, da Resolução Conjunta nº 14, de 3 de novembro de 2025, são considerados serviços que dependem de processamento de dados, armazenamento de dados, infraestrutura de redes, infraestrutura de segurança da informação e cibernética e outros recursos computacionais fornecidos pela instituição ou por prestador de serviço por ela contratado:</p><p>I - a prestação de serviços de Banking as a Service - BaaS;</p><p>II - a agregação de dados compartilhados no âmbito do Open Finance;</p><p>III - o compartilhamento de dados com entidades não autorizadas a funcionar pelo Banco Central do Brasil, conforme contratos de parceria previstos na Resolução Conjunta nº 1, de 4 de maio de 2020;</p><p>IV - o provimento de conta transacional no âmbito do Pix; e</p><p>V - a prestação de serviço de liquidação no âmbito do Pix para cooperativas filiadas, no caso de confederação de crédito, para sistemas de três níveis, ou de cooperativa central de crédito, para sistemas de dois níveis.</p><p>Parágrafo único. O disposto no inciso IV do caput não se aplica aos serviços prestados por cooperativas de crédito integrantes de sistemas de dois ou de três níveis, para as quais o adicional de serviço será requerido na forma do inciso V.</p><p>CAPÍTULO IV</p><p>DA COMUNICAÇÃO</p><p>Art. 5º As instituições mencionadas no art. 1º devem comunicar ao Banco Central do Brasil as categorias de atividades operacionais que pretendam realizar e a intenção de prestar os serviços previstos no art. 4º, com antecedência de noventa dias em relação à data em que se pretende dar início às novas atividades, no caso de instituições já autorizadas a funcionar pelo Banco Central do Brasil.</p><p>Parágrafo único. O disposto no caput não se aplica às:</p><p>I - atividades que, conforme regulamentação específica, demandam autorização específica ou estão sujeitas a processo de comunicação específico; e</p><p>II - instituições em processo de autorização, que devem observar a regulamentação específica.</p><p>Art. 6º A prática de nova categoria de atividade pelas instituições mencionadas no art. 1º está condicionada:</p><p>I - ao atendimento prévio dos limites mínimos de capital social integralizado e de patrimônio líquido requeridos nesta Resolução;</p><p>II - à previsão na legislação ou na regulamentação específica;</p><p>III - à inexistência de atraso relevante no envio dos documentos ao Banco Central do Brasil, conforme definição do Banco Central do Brasil; e</p><p>IV - ao cumprimento de limites operacionais previstos na regulamentação específica emanada do Conselho Monetário Nacional e do Banco Central do Brasil.</p><p>Parágrafo único. Para fins do disposto no caput, as condições previstas nos incisos III e IV devem ser observadas, no mínimo, nos seis meses anteriores à data da comunicação de que trata o art. 5º.</p><p>CAPÍTULO V</p><p>DISPOSIÇÕES FINAIS</p><p>Art. 7º Esta Resolução entra em vigor na data de sua publicação.</p><p class="assina">GILNEU FRANCISCO ASTOLFI VIVAN</p><p class="cargo">Diretor de Regulação</p>]]></Texto>
  </body>
  <Midias />
</article></xml>