﻿<xml><article id="46239423" name="resolucao_4344_2025 GGMED" idOficio="11379548" pubName="DO1" artType="Resolução" pubDate="03/11/2025" artClass="00047:00048:00014:00008:00000:00000:00000:00000:00000:00000:00064:34344" artCategory="Ministério da Saúde/Agência Nacional de Vigilância Sanitária/2ª Diretoria/Gerência-Geral de Medicamentos" artSize="12" artNotes="" numberPage="104" pdfPage="http://pesquisa.in.gov.br/imprensa/jsp/visualiza/index.jsp?data=03/11/2025&amp;jornal=515&amp;pagina=104" editionNumber="209" highlightType="" highlightPriority="" highlight="" highlightimage="" highlightimagename="" idMateria="23276846">
  <body>
    <Identifica><![CDATA[ RESOLUÇÃO-RE Nº 4.344, DE 31 DE OUTUBRO DE 2025]]></Identifica>
    <Data><![CDATA[]]></Data>
    <Ementa />
    <Titulo />
    <SubTitulo />
    <Texto><![CDATA[<p class="identifica">RESOLUÇÃO-RE Nº 4.344, DE 31 DE OUTUBRO DE 2025</p><p>O GERENTE-GERAL DE MEDICAMENTOS DA AGÊNCIA NACIONAL DE VIGILÂNCIA SANITÁRIA, no uso das atribuições que lhe confere o art. 100, aliado ao art. 203, I, § 1º do Regimento Interno aprovado pela Resolução da Diretoria Colegiada - RDC nº 585, de 10 de dezembro de 2021, resolve:</p><p>Art. 1º. Publicar a aprovação condicional das petições secundárias de medicamentos similares, genéricos e novos, sob os números de expediente constantes no anexo desta Resolução, nos termos dos art. 17-A § 3º e 4º da Lei nº 6.360, de 23 de setembro de 1976, alterada pelo art. 2º da Lei 13.411, e art. 4º da Lei 13.411, de 28 de dezembro de 2016; e arts. 4º, 7º e 16 da Resolução da Diretoria Colegiada - RDC nº 219, de 27 de fevereiro de 2018.</p><p>Art. 2º Este ato administrativo decorre do atendimento integral pelas empresas detentoras dos registros, ao disposto no art. 7º e seus incisos, da Resolução da Diretoria Colegiada - RDC nº 219, de 27 de fevereiro de 2018.</p><p>Art. 3º A aprovação condicional das petições secundárias objeto desta Resolução é restrita ao assunto protocolado, não resultando em manifestação diversa da peticionada, e considera estritamente a condição já registrada, não aprovando nenhuma alteração da condição registrada que possa estar informada nos documentos que instruem a petição secundária.</p><p>Art. 4º Esta Resolução entra em vigor na data de sua publicação.</p><p class="assina">RAPHAEL SANCHES PEREIRA</p><p class="anexo">ANEXO</p><p>NOME DA EMPRESA</p><p>NOME DO MEDICAMENTO NÚMERO DO PROCESSO</p><p>EXPEDIENTE PETIÇÃO 2ª ASSUNTO DA PETIÇÃO 2ª</p><p>EXPEDIENTE PETIÇÃO CLONE ASSUNTO PETIÇÃO CLONE</p><p>(ASSUNTO PETIÇÃO MATRIZ - EXPEDIENTE MATRIZ - PROCESSO MATRIZ)</p><p>--------------------------------------------------</p><p>GERMED FARMACEUTICA LTDA</p><p>fosfato de codeína 25351.416544/2022-54</p><p>1356465/23-0 RDC 73/2016 - GENÉRICO - Inclusão de novo DIFA sem CADIFA</p><p>--------------------------------------------------</p><p>MULTILAB INDUSTRIA E COMERCIO DE PRODUTOS FARMACEUTICOS LTDA</p><p>fosfato de codeína 25351.596816/2023-71</p><p>1423295/23-2 GENÉRICO - Modificação Pós-Registro - CLONE</p><p>(Inclusão de novo DIFA sem CADIFA - 1356465/23-0 - 25351.416544/2022-54)</p><p>--------------------------------------------------</p><p>NOVARTIS BIOCIENCIAS S.A.</p><p>TEGRETOL 25992.011488/65</p><p>1712980/24-0 RDC 73/2016 - NOVO - Substituição de local de fabricação de medicamento de liberação convencional</p><p>1712999/24-1 RDC 73/2016 - NOVO - Mudança menor de excipiente para formas farmacêuticas sólidas</p><p>1712939/24-7 RDC 73/2016 - NOVO - Alteração maior de composição de embalagem primária do medicamento</p><p>1712988/24-5 RDC 73/2016 - NOVO - Mudança dos cuidados de conservação do medicamento</p><p>1712944/24-3 RDC 73/2016 - NOVO - Mudanças maiores de métodos analíticos</p><p>--------------------------------------------------</p><p>SANOFI MEDLEY FARMACÊUTICA LTDA</p><p>dicloridrato de trimetazidina 25351.721810/2020-04</p><p>0551544/25-1 RDC 73/2016 - GENÉRICO - Mudança maior de excipiente para formas farmacêuticas sólidas</p><p>--------------------------------------------------</p><p>MERCK S/A</p><p>MAVENCLAD 25351.497138/2017-17</p><p>1324089/23-7 RDC 73/2016 - NOVO - Inclusão de novo DIFA sem CADIFA</p><p>--------------------------------------------------</p><p>DFL INDÚSTRIA E COMÉRCIO S/A</p><p>ALPHACAINE 25000.035470/96-31</p><p>0435738/25-8 RDC 73/2016 - SIMILAR - Alteração maior de composição de embalagem primária do medicamento</p><p>--------------------------------------------------</p><p>CAMBER FARMACEUTICA LTDA</p><p>FOPITANT 25351.921897/2021-91</p><p>0588935/25-9 RDC 73/2016 - SIMILAR - Inclusão maior de equipamento</p><p>fosaprepitanto dimeglumina 25351.377985/2024-95</p><p>0629807/25-9 GENÉRICO - Modificação Pós-Registro - CLONE</p><p>(Inclusão maior de equipamento - 0588935/25-9 - 25351.921897/2021-91)</p><p>--------------------------------------------------</p><p>LABORATÓRIO TEUTO BRASILEIRO S/A</p><p>POLARYN 25000.009796/96-21</p><p>0607825/25-7 RDC 73/2016 - SIMILAR - Mudanças maiores de métodos analíticos</p><p>maleato de dexclorfeniramina + betametasona 25351.207092/2002-78</p><p>0607862/25-1 RDC 73/2016 - GENÉRICO - Mudanças maiores de métodos analíticos</p><p>LESTALGYN 25351.562908/2014-67</p><p>0655281/25-1 SIMILAR - Modificação Pós-Registro - CLONE</p><p>(Mudanças maiores de métodos analíticos - 0607862/25-1 - 25351.207092/2002-78)</p><p>maleato de dexclorfeniramina 25351.010238/00-31</p><p>0607880/25-0 RDC 73/2016 - GENÉRICO - Mudanças maiores de métodos analíticos</p><p>maleato de dexclorfeniramina 25351.262355/2009-92</p><p>0607884/25-2 RDC 73/2016 - GENÉRICO - Mudanças maiores de métodos analíticos</p><p>--------------------------------------------------</p><p>UNIÃO QUÍMICA FARMACÊUTICA NACIONAL S/A</p><p>NEOVLAR 25351.271418/2022-64</p><p>0588766/25-6 RDC 73/2016 - NOVO - Mudanças maiores de métodos analíticos</p><p>0588750/25-0 RDC 73/2016 - NOVO - Mudanças maiores de métodos analíticos</p><p>0588752/25-6 RDC 73/2016 - NOVO - Mudanças maiores de métodos analíticos</p><p>0588754/25-2 RDC 73/2016 - NOVO - Alteração maior de composição de embalagem primária do medicamento</p><p>0588811/25-5 RDC 73/2016 - NOVO - Inclusão de novo DIFA sem CADIFA</p><p>0588789/25-5 RDC 73/2016 - NOVO - Inclusão de detentor de CADIFA (maior)</p>]]></Texto>
  </body>
  <Midias />
</article></xml>