﻿<xml><article id="46235809" name="Despacho Decisorio 27 (Raquel Ma" idOficio="11379006" pubName="DO1" artType="Despacho" pubDate="03/11/2025" artClass="00033:00059:00018:00011:00000:00000:00000:00000:00000:00000:00024:00000" artCategory="Ministério da Justiça e Segurança Pública/Conselho Administrativo de Defesa Econômica/Superintendência-Geral/Coordenação-Geral de Análise Antitruste 6" artSize="12" artNotes="" numberPage="71" pdfPage="http://pesquisa.in.gov.br/imprensa/jsp/visualiza/index.jsp?data=03/11/2025&amp;jornal=515&amp;pagina=71" editionNumber="209" highlightType="" highlightPriority="" highlight="" highlightimage="" highlightimagename="" idMateria="23275979">
  <body>
    <Identifica><![CDATA[ DESPACHO DECISÓRIO Nº 27/2025/CGAA6/SGA2/SG/CADE]]></Identifica>
    <Data><![CDATA[]]></Data>
    <Ementa />
    <Titulo />
    <SubTitulo />
    <Texto><![CDATA[<p class="identifica">DESPACHO DECISÓRIO Nº 27/2025/CGAA6/SGA2/SG/CADE</p><p>Processo nº 08700.001281/2017-99</p><p>Processo Administrativo nº 08700.001281/2017-99 (Apartado de Acesso Restrito aos Representados nº 08700.001282/2017-33)</p><p>Representante: Cade ex officio</p><p>Representados: Natwest Markets Plc (anteriormente The Royal Bank of Scotland Plc.); Christoph Durst; Christopher Ashton; Colin Devereux; Daniel Evans; Eduardo Lopes Hargreaves; Frank James Cahill; James Witt; James Wynne; John Erratt; José Aloisio Teles Junior; Marco Christen; Mark Clark; Martin Tschachtli; Michael Weston; Niall O'Riordan; Paul Nash; Ralf Klonowski; Richard John Maxwell Gibbons; Richard James Usher e Rohan Ramchandani.</p><p>Advogados: Bruno de Luca Drago, Ricardo Inglez de Souza, Valdo Cestari de Rizzo, Natalia Salzedas Pinheiro da Silveira, Bruno Hugi, Ana Claudia Beppu dos Santos Oliveira, Beatriz Faustino França Mori, André de Castro Oliveira Pereira Braga, Estêvão Gomes Corrêa dos Santos, Caio Mário da Silva Pereira Neto, Gabriel Felício Giacomini Rocco, Joyce Midori Honda, Ricardo Lara Gaillard, Rafaella Schwartz Jaroslavsky e outros.</p><p>Em atenção a petição SEI nº 1643782, ficam os Representados e seus respectivos advogados intimados acerca do: i) cancelamento da oitiva do Sr. Anthony John no dia 17 de novembro de 2025, às 09h00, ii) reagendamento da oitiva do Sr. Anthony John para o dia 19 de novembro de 2025, às 15h00, iii) cancelamento da oitiva da Sra. Carly Hosler no dia 14 de novembro de 2025 as 14h00 hs e conversão de seu depoimento em declaração escrita a ser anexada aos autos em momento oportuno. Publique-se.</p><p class="assina">Raquel Mazzuco Sant'ana</p><p class="cargo">Coordenadora-Geral</p>]]></Texto>
  </body>
  <Midias />
</article></xml>