﻿<xml><article id="46239661" name="PA 18127-GTQC-SPL" idOficio="11379564" pubName="DO1" artType="Portaria" pubDate="03/11/2025" artClass="00041:00019:01104:00011:00000:00000:00000:00000:00000:00000:00054:00000" artCategory="Ministério de Portos e Aeroportos/Agência Nacional de Aviação Civil/Superintendência de Pessoal da Aviação Civil/Gerência Técnica de Qualidade e Certificação de Pessoal" artSize="12" artNotes="ok" numberPage="77" pdfPage="http://pesquisa.in.gov.br/imprensa/jsp/visualiza/index.jsp?data=03/11/2025&amp;jornal=515&amp;pagina=77" editionNumber="209" highlightType="" highlightPriority="" highlight="" highlightimage="" highlightimagename="" idMateria="23276951">
  <body>
    <Identifica><![CDATA[ PORTARIA Nº 18.127, DE 28 DE OUTUBRO DE 2025]]></Identifica>
    <Data><![CDATA[]]></Data>
    <Ementa />
    <Titulo />
    <SubTitulo />
    <Texto><![CDATA[<p class="identifica">PORTARIA Nº 18.127, DE 28 DE OUTUBRO DE 2025</p><p>O GERENTE TÉCNICO DE QUALIDADE E CERTIFICAÇÃO DE PESSOAL, no uso das atribuições que lhe conferem o art. 21 da Portaria nº 13.517/SPL, de 2 de janeiro de 2024, e considerando o que consta do processo nº 00065.032149/2025-60, resolve:</p><p>Art. 1º Tornar pública a efetivação da decisão administrativa de suspensão punitiva de todas as licenças de piloto e habilitações a elas averbadas, do dia 5 de novembro a 15 de dezembro de 2025, pertencentes ao aeronauta CAIO ROMENIO BORGES DE AQUINO, detentor do CANAC 198941.</p><p>Art. 2º Esta Portaria entra em vigor na data de sua publicação.</p><p class="assina">JOSÉ LUIZ POVILL DE SOUZA</p>]]></Texto>
  </body>
  <Midias />
</article></xml>