﻿<xml><article id="46237134" name="PRFB600 secao1" idOficio="11379397" pubName="DO1" artType="Portaria" pubDate="03/11/2025" artClass="00028:00033:00000:00000:00000:00000:00000:00000:00000:00000:00037:00003" artCategory="Ministério da Fazenda/Secretaria Especial da Receita Federal do Brasil" artSize="12" artNotes="ok" numberPage="52" pdfPage="http://pesquisa.in.gov.br/imprensa/jsp/visualiza/index.jsp?data=03/11/2025&amp;jornal=515&amp;pagina=52" editionNumber="209" highlightType="" highlightPriority="" highlight="" highlightimage="" highlightimagename="" idMateria="23276656">
  <body>
    <Identifica><![CDATA[ PORTARIA RFB Nº 600, DE 29 DE OUTUBRO DE 2025]]></Identifica>
    <Data><![CDATA[]]></Data>
    <Ementa><![CDATA[ Prorroga o prazo para adesão às transações de créditos tributários em contencioso administrativo fiscal de que tratam o Edital de Transação RFB nº 4, de 2 de julho de 2025, e o Edital de Transação RFB nº 5, de 2 de julho de 2025.]]></Ementa>
    <Titulo />
    <SubTitulo />
    <Texto><![CDATA[<p class="identifica">PORTARIA RFB Nº 600, DE 29 DE OUTUBRO DE 2025</p><p class="ementa">Prorroga o prazo para adesão às transações de créditos tributários em contencioso administrativo fiscal de que tratam o Edital de Transação RFB nº 4, de 2 de julho de 2025, e o Edital de Transação RFB nº 5, de 2 de julho de 2025.</p><p>O SECRETÁRIO ESPECIAL DA RECEITA FEDERAL DO BRASIL, no uso da atribuição que lhe confere o art. 350, caput, inciso III, do Regimento Interno da Secretaria Especial da Receita Federal do Brasil, aprovado pela Portaria ME nº 284, de 27 de julho de 2020, resolve:</p><p>Art. 1º Esta Portaria prorroga o prazo para adesão às transações de créditos tributários em contencioso administrativo fiscal de que tratam o Edital de Transação RFB nº 4, de 2 de julho de 2025, e o Edital de Transação RFB nº 5, de 2 de julho de 2025, publicados no Diário Oficial da União de 7 de julho de 2025, Edição 125, Seção 3, páginas 72 e 73, respectivamente.</p><p>Art. 2º Fica prorrogado para o dia 30 de dezembro de 2025, até vinte e três horas e cinquenta e nove minutos, horário de Brasília, o prazo para adesão às transações a que se refere o art. 1º.</p><p>Art. 3º Esta Portaria entra em vigor na data de sua publicação no Diário Oficial da União.</p><p class="assina">ROBINSON SAKIYAMA BARREIRINHAS</p>]]></Texto>
  </body>
  <Midias />
</article></xml>