﻿<xml><article id="46258611" name="DECISAO SUPAS 1541" idOficio="11382282" pubName="DO1" artType="Decisão" pubDate="04/11/2025" artClass="00050:00019:00052:00000:00000:00000:00000:00000:00000:00000:00018:00002" artCategory="Ministério dos Transportes/Agência Nacional de Transportes Terrestres/Superintendência de Serviços de Transporte Rodoviário de Passageiros" artSize="12" artNotes="" numberPage="165" pdfPage="http://pesquisa.in.gov.br/imprensa/jsp/visualiza/index.jsp?data=04/11/2025&amp;jornal=515&amp;pagina=165" editionNumber="210" highlightType="" highlightPriority="" highlight="" highlightimage="" highlightimagename="" idMateria="23280247">
  <body>
    <Identifica><![CDATA[ DECISÃO SUPAS Nº 1.541, DE 28 DE OUTUBRO DE 2025]]></Identifica>
    <Data><![CDATA[]]></Data>
    <Ementa />
    <Titulo />
    <SubTitulo />
    <Texto><![CDATA[<p class="identifica">DECISÃO SUPAS Nº 1.541, DE 28 DE OUTUBRO DE 2025</p><p>O Superintendente de Serviços de Transporte Rodoviário de Passageiros da Agência Nacional de Transportes Terrestres - ANTT, no uso de suas atribuições, em conformidade com o art. 3º e o inciso XII do art. 8º, ambos do Anexo da Resolução nº 5.818, de 3 de maio de 2018, e considerando o que consta no processo nº 50500.055127/2025-60, decide:</p><p>Art. 1º Autorizar as empresas relacionadas no Anexo desta Decisão para a prestação do serviço de transporte rodoviário coletivo interestadual e internacional de passageiros realizado em regime de fretamento.</p><p>Art. 2º As autorizatárias deverão observar as condições previstas na Resolução ANTT nº 4.777, de 6 de julho de 2015, e demais normativos relacionados à prestação dos serviços de transporte rodoviário coletivo interestadual e internacional de passageiros realizado em regime de fretamento.</p><p>Art. 3º A não observância do art. 9º da Resolução ANTT nº 4.777, de 2015, implica renúncia da autorização delegada pela ANTT.</p><p>Art. 4º Será declarada a nulidade do Termo de Autorização, quando verificada a ilegalidade do ato, impedindo os efeitos jurídicos que ordinariamente deveriam produzir, além de desconstituir os já produzidos, respeitados o princípio da ampla defesa e do contraditório.</p><p>Art. 5º A autorização poderá ser extinta mediante cassação, em caso de perda das condições indispensáveis ao cumprimento do objeto da autorização ou infração grave, apuradas em processo regular instaurado conforme disposto em resolução.</p><p>Art. 6º A não observância do disposto nesta Decisão implicará a aplicação das sanções previstas em resolução específica.</p><p>Art. 7º Será disponibilizado às autorizatárias o acesso ao sistema para a emissão das licenças de viagem a partir da data de publicação desta Decisão.</p><p>Art. 8º Esta Decisão entra em vigor na data de sua publicação.</p><p class="assina">JULIANO DE BARROS SAMÔR</p><p class="anexo">ANEXO</p><p /><p></p><table><tr /><tr><td rowspan="1" colspan="1"><p>RAZÃO SOCIAL</p></td><td rowspan="1" colspan="1"><p>TAF</p></td><td rowspan="1" colspan="1"><p>CNPJ</p></td></tr><tr><td rowspan="1" colspan="1"><p>A.C.G.M LOCADORA DE VEICULOS RODOVIARIOS LTDA</p></td><td rowspan="1" colspan="1"><p>006862</p></td><td rowspan="1" colspan="1"><p>05.636.789/0001-95</p></td></tr><tr><td rowspan="1" colspan="1"><p>AUTO VIACAO SAFIRA LTDA</p></td><td rowspan="1" colspan="1"><p>010728</p></td><td rowspan="1" colspan="1"><p>18.753.535/0001-07</p></td></tr><tr><td rowspan="1" colspan="1"><p>CONFIANZA TRANSPORTES LTDA</p></td><td rowspan="1" colspan="1"><p>331976</p></td><td rowspan="1" colspan="1"><p>03.632.896/0001-10</p></td></tr><tr><td rowspan="1" colspan="1"><p>DELCIO JOSE FRIZON &amp; CIA LTDA</p></td><td rowspan="1" colspan="1"><p>010729</p></td><td rowspan="1" colspan="1"><p>12.683.365/0001-47</p></td></tr><tr><td rowspan="1" colspan="1"><p>EXPRESSO SAO LUIZ LTDA</p></td><td rowspan="1" colspan="1"><p>006318</p></td><td rowspan="1" colspan="1"><p>01.543.354/0001-45</p></td></tr><tr><td rowspan="1" colspan="1"><p>GARDA E AZEVEDO LTDA</p></td><td rowspan="1" colspan="1"><p>010730</p></td><td rowspan="1" colspan="1"><p>62.545.478/0001-54</p></td></tr><tr><td rowspan="1" colspan="1"><p>LIMATUR TRANSPORTES E TURISMO LTDA</p></td><td rowspan="1" colspan="1"><p>010731</p></td><td rowspan="1" colspan="1"><p>07.744.624/0001-62</p></td></tr><tr><td rowspan="1" colspan="1"><p>LUCAS DE JESUS TEIXEIRA LTDA</p></td><td rowspan="1" colspan="1"><p>010732</p></td><td rowspan="1" colspan="1"><p>62.845.863/0001-17</p></td></tr><tr><td rowspan="1" colspan="1"><p>MIOLO WINE GROUP VITIVINICULTURA S.A.</p></td><td rowspan="1" colspan="1"><p>010733</p></td><td rowspan="1" colspan="1"><p>09.357.838/0001-01</p></td></tr><tr><td rowspan="1" colspan="1"><p>OTTO BARBOSA DE SOUSA LTDA</p></td><td rowspan="1" colspan="1"><p>003178</p></td><td rowspan="1" colspan="1"><p>15.639.664/0001-72</p></td></tr><tr><td rowspan="1" colspan="1"><p>OURO BRANCO LTDA</p></td><td rowspan="1" colspan="1"><p>010734</p></td><td rowspan="1" colspan="1"><p>85.071.538/0001-40</p></td></tr><tr><td rowspan="1" colspan="1"><p>ROTTA TURISMO LTDA</p></td><td rowspan="1" colspan="1"><p>010735</p></td><td rowspan="1" colspan="1"><p>26.109.233/0001-10</p></td></tr><tr><td rowspan="1" colspan="1"><p>SERRA MINEIRA VIAGENS E TURISMO LTDA</p></td><td rowspan="1" colspan="1"><p>010736</p></td><td rowspan="1" colspan="1"><p>62.825.744/0001-00</p></td></tr><tr><td rowspan="1" colspan="1"><p>ZE DA VAN TRANSPORTES LTDA</p></td><td rowspan="1" colspan="1"><p>010737</p></td><td rowspan="1" colspan="1"><p>31.260.180/0001-74</p></td></tr><tr><td rowspan="1" colspan="1"><p>ZONTA TRANSPORTES LTDA</p></td><td rowspan="1" colspan="1"><p>010738</p></td><td rowspan="1" colspan="1"><p>53.438.790/0001-58</p></td></tr></table>]]></Texto>
  </body>
  <Midias />
</article></xml>