﻿<xml><article id="46231975" name="resolucao_4303_2025 GGTPS" idOficio="11377950" pubName="DO1" artType="Resolução" pubDate="03/11/2025" artClass="00047:00048:00015:00010:00000:00000:00000:00000:00000:00000:00064:34303" artCategory="Ministério da Saúde/Agência Nacional de Vigilância Sanitária/3ª Diretoria/Gerência-Geral de Tecnologia de Produtos para Saúde" artSize="12" artNotes="" numberPage="118" pdfPage="http://pesquisa.in.gov.br/imprensa/jsp/visualiza/index.jsp?data=03/11/2025&amp;jornal=515&amp;pagina=118" editionNumber="209" highlightType="" highlightPriority="" highlight="" highlightimage="" highlightimagename="" idMateria="23272823">
  <body>
    <Identifica><![CDATA[ RESOLUÇÃO-RE Nº 4.303, de 30 DE Outubro DE 2025]]></Identifica>
    <Data><![CDATA[]]></Data>
    <Ementa />
    <Titulo />
    <SubTitulo />
    <Texto><![CDATA[<p class="identifica">RESOLUÇÃO-RE Nº 4.303, de 30 DE Outubro DE 2025</p><p>A GERENTE-GERAL DE TECNOLOGIA DE PRODUTOS PARA SAÚDE DA AGÊNCIA NACIONAL DE VIGILÂNCIA SANITÁRIA, no uso das atribuições que lhe confere o art. 121, aliado ao art. 203, I, § 1º do Regimento Interno aprovado pela Resolução da Diretoria Colegiada - RDC nº 585, de 10 de dezembro de 2021, resolve:</p><p>Art. 1° Deferir as petições relacionadas à Gerência-Geral de Tecnologia de Produtos para Saúde, conforme anexo.</p><p>Art. 2° O carregamento de instruções de uso no repositório documental de dispositivos médicos, disponível no portal da Anvisa, é obrigatório e deve ser executado pela empresa responsável pela notificação ou pelo registro do produto, a qual atesta que seu conteúdo guarda concordância com a legislação vigente e consistência com o produto regularizado, de acordo com o §4º do art. 33 da Resolução da Diretoria Colegiada - RDC nº 751, de 15 de setembro de 2022 e do §4º do art. 33 da Resolução da Diretoria Colegiada - RDC nº 830, de 06 de dezembro de 2023.</p><p>Parágrafo único. O carregamento citado no caput deverá ser realizado em até 30 (trinta) dias após a publicação em Diário Oficial da União dos novos produtos notificados ou registrados e das alterações daqueles produtos previamente notificados ou registrados, de acordo com §5º do art. 33º da Resolução da Diretoria Colegiada - RDC nº 751, de 15 de setembro de 2022 e do §5º do art. 33 da Resolução da Diretoria Colegiada - RDC nº 830, de 06 de dezembro de 2023.</p><p>Art. 3° Esta Resolução entra em vigor na data de sua publicação.</p><p class="assina">VIVIAN CARDOSO DE MORAIS OLIVEIRA</p><p>ANEXO</p><p>NOME DA EMPRESA / CNPJ</p><p>NOME COMERCIAL</p><p>NUMERO DO PROCESSO / REGISTRO</p><p>PETIÇÃO(ÕES) / EXPEDIENTE(S)</p><p>_________________________________________________________________</p><p>_ _ _ _ _ _ _ _ _ _ _ _</p><p>ABBOTT LABORATÓRIOS DO BRASIL LTDA / 56.998.701/0001-16</p><p>Família Alinity i Toxo IgG</p><p>25351.428774/2017-69 / 80146502036</p><p>8444 - IVD - Alteração de registro - Aprovação requerida - Informações do dossiê técnico de produtos: indicação de uso ou uso pretendido; instruções de uso (exceto interferentes e limitações); amostras biológicas; desempenho analítico (exceto interferentes e limitações); estabilidade; conservação e prazo de validade; desempenho clínico; processo de fabricação / 1305873254</p><p>ARCHITECT Anti-HBc IgM REAGENTS / ARCHITECT Anti-HBc IgM REAGENTES</p><p>25351.089021/2004-49 / 80146501236</p><p>8444 - IVD - Alteração de registro - Aprovação requerida - Informações do dossiê técnico de produtos: indicação de uso ou uso pretendido; instruções de uso (exceto interferentes e limitações); amostras biológicas; desempenho analítico (exceto interferentes e limitações); estabilidade; conservação e prazo de validade; desempenho clínico; processo de fabricação / 1306092256</p><p>ARCHITECT Anti-HBc IgM CALIBRADORS / ARCHITECT Anti-HBc IgM CALIBRADORES</p><p>25351.089079/2004-92 / 80146501237</p><p>8444 - IVD - Alteração de registro - Aprovação requerida - Informações do dossiê técnico de produtos: indicação de uso ou uso pretendido; instruções de uso (exceto interferentes e limitações); amostras biológicas; desempenho analítico (exceto interferentes e limitações); estabilidade; conservação e prazo de validade; desempenho clínico; processo de fabricação / 1305967259</p><p>Família Alinity i Anti-HBc IgM</p><p>25351.383329/2017-38 / 80146502059</p><p>8444 - IVD - Alteração de registro - Aprovação requerida - Informações do dossiê técnico de produtos: indicação de uso ou uso pretendido; instruções de uso (exceto interferentes e limitações); amostras biológicas; desempenho analítico (exceto interferentes e limitações); estabilidade; conservação e prazo de validade; desempenho clínico; processo de fabricação / 1306040256</p><p>Família ARCHITECT Toxo IgG</p><p>25351.383998/2017-99 / 80146502028</p><p>8444 - IVD - Alteração de registro - Aprovação requerida - Informações do dossiê técnico de produtos: indicação de uso ou uso pretendido; instruções de uso (exceto interferentes e limitações); amostras biológicas; desempenho analítico (exceto interferentes e limitações); estabilidade; conservação e prazo de validade; desempenho clínico; processo de fabricação / 1306011256</p><p>_ _ _ _ _ _ _ _ _ _ _ _</p><p>ALFA MED SISTEMAS MEDICOS LTDA / 11.405.384/0001-49</p><p>MONITOR MULTIPARAMÉTRICO VITA</p><p>25351.138586/2017-01 / 80629370011</p><p>80218 - EQUIPAMENTO - Alteração de registro - Aprovação requerida - Alteração técnica / 1276246251</p><p>MONITOR MULTIPARAMÉTRICO VITA</p><p>25351.393844/2019-52 / 80629370017</p><p>80218 - EQUIPAMENTO - Alteração de registro - Aprovação requerida - Alteração técnica / 1336481251</p><p>_ _ _ _ _ _ _ _ _ _ _ _</p><p>ALLIED TITANIUM LTDA / 02.062.507/0001-03</p><p>Parafuso para Mini e Micro Fragmentos Medicalfix</p><p>25351.947431/2016-15 / 80254350018</p><p>80162 - MATERIAL ORTOPEDIA - Revalidação de registro de família de material implantável em ortopedia / 1376653257</p><p>_ _ _ _ _ _ _ _ _ _ _ _</p><p>ARTHREX DO BRASIL IMPORTACAO E COMERCIO DE EQUIPAMENTOS MÉDICOS LTDA / 18.272.616/0001-87</p><p>Instrumentais de Titânio Arthrex</p><p>25351.508057/2022-17 / 80978563757</p><p>8419 - MATERIAL - Retificação - Correção pela ANVISA / 1425037259</p><p>_ _ _ _ _ _ _ _ _ _ _ _</p><p>AUTO SUTURE DO BRASIL LTDA. / 01.645.409/0001-28</p><p>Base Gerenciadora CareLink SmartSync</p><p>25351.758826/2020-64 / 10349000990</p><p>80221 - EQUIPAMENTO - Alteração de registro - Aprovação requerida - Alteração/inclusão de partes e acessórios / 1271540258</p><p>Cânula de Cardioplegia Retrógrada RCSP (PVC) Com Guia / Auto-Inflate</p><p>25351.468126/2021-61 / 10349001164</p><p>8032 - MATERIAL - Revalidação de Registro de Família / 1003852254</p><p>Tubos de Sucação -DLP</p><p>25351.468249/2021-01 / 10349001167</p><p>8032 - MATERIAL - Revalidação de Registro de Família / 1003837255</p><p>_ _ _ _ _ _ _ _ _ _ _ _</p><p>Avenca Indústria Cosmética LTDA / 17.910.635/0001-29</p><p>lubrificante intimo hot moves</p><p>25351.492819/2022-56 / 81236009010</p><p>80287 - MATERIAL - Reenquadramento de Notificação para Registro de Material / 0250167247</p><p>_ _ _ _ _ _ _ _ _ _ _ _</p><p>BACE COMÉRCIO INTERNACIONAL LTDA / 47.411.780/0001-26</p><p>ATRAUMAN AG</p><p>25351.419958/2007-04 / 80170310016</p><p>80132 - MATERIAL - Retificação - Correção pela EMPRESA / 0802294251</p><p>ATRAUMAN AG</p><p>25351.419958/2007-04 / 80170310016</p><p>80242 - MATERIAL - Alteração de registro - Aprovação requerida - Local de fabricação - Inclusão ou alteração de unidade fabril / 0802695256</p><p>_ _ _ _ _ _ _ _ _ _ _ _</p><p>BALT BRASIL PRODUTOS MEDICOS LTDA / 12.236.355/0002-44</p><p>Sistema de COIL Optima</p><p>25351.040779/2021-80 / 81936210021</p><p>80132 - MATERIAL - Retificação - Correção pela EMPRESA / 1424568251</p><p>_ _ _ _ _ _ _ _ _ _ _ _</p><p>BARD BRASIL INDÚSTRIA E COMÉRCIO DE PRODUTOS PARA A SAÚDE LTDA. / 10.818.693/0001-88</p><p>Dispositivo de Estabilização Nasogástrico Statlock</p><p>25351.343266/2015-27 / 80689090088</p><p>8419 - MATERIAL - Retificação - Correção pela ANVISA / 1272417255</p><p>Stent Vascular FLUENCY PLUS</p><p>25351.000794/2015-67 / 80689090076</p><p>8419 - MATERIAL - Retificação - Correção pela ANVISA / 1424663253</p><p>STENT VENOSO AUTO EXPANSÍVEL VENOVO</p><p>25351.297658/2017-01 / 80689090148</p><p>8419 - MATERIAL - Retificação - Correção pela ANVISA / 1424733251</p><p>_ _ _ _ _ _ _ _ _ _ _ _</p><p>BF TECNOLOGIA 3D LTDA / 06.122.109/0001-88</p><p>PRIZMA 3D BIO PROV</p><p>25351.188989/2020-77 / 80483740002</p><p>8419 - MATERIAL - Retificação - Correção pela ANVISA / 1404475257</p><p>_ _ _ _ _ _ _ _ _ _ _ _</p><p>BIOSYS LTDA / 02.220.795/0001-79</p><p>FAMÍLIA VITAMINS B1 AND B6 IN WHOLE BLOOD - AUTOMATED SAMPLE PREPARATION - UHPLC</p><p>25351.555877/2017-31 / 10350840309</p><p>8420 - IVD - Retificação - Correção pela ANVISA / 1406207250</p><p>_ _ _ _ _ _ _ _ _ _ _ _</p><p>BIOTRONIK COMERCIAL MÉDICA LTDA. / 50.595.271/0001-05</p><p>SYNSIRO PRO - SISTEMA DE STENT CORONÁRIO COM ELUIÇÃO DE SIROLIMUS</p><p>25351.659074/2022-11 / 80224390311</p><p>80239 - MATERIAL - Alteração de registro - Aprovação requerida - Composição química/matéria-prima / 0105879258</p><p>_ _ _ _ _ _ _ _ _ _ _ _</p><p>BOSTON SCIENTIFIC DO BRASIL LTDA / 01.513.946/0001-14</p><p>FLEXIMA CATETER PARA NEFROSTOMIA</p><p>25351.038241/2006-76 / 10341350480</p><p>8032 - MATERIAL - Revalidação de Registro de Família / 1374274259</p><p>SISTEMA DE PROGRAMAÇÃO LATITUDE</p><p>25351.224352/2020-51 / 10341350974</p><p>80217 - EQUIPAMENTO - Alteração de registro - Aprovação requerida - Alteração de software (novas indicações e funcionalidades) / 1259238253</p><p>FLEXIMA CATETER PARA NEFROSTOMIA REVESTIDO</p><p>25351.038023/2006-31 / 10341350479</p><p>8032 - MATERIAL - Revalidação de Registro de Família / 1363425251</p><p>_ _ _ _ _ _ _ _ _ _ _ _</p><p>BRAINLAB LTDA / 02.981.566/0001-77</p><p>Software de Navegação para Microscópio</p><p>25351.513343/2017-37 / 80042070050</p><p>80217 - EQUIPAMENTO - Alteração de registro - Aprovação requerida - Alteração de software (novas indicações e funcionalidades) / 1273864255</p><p>Alignment Software Spine</p><p>25351.457338/2023-85 / 80042070074</p><p>80217 - EQUIPAMENTO - Alteração de registro - Aprovação requerida - Alteração de software (novas indicações e funcionalidades) / 1345884257</p><p>_ _ _ _ _ _ _ _ _ _ _ _</p><p>CANADA CENTRAL DE NEGOCIOS DO BRASIL LTDA / 01.911.022/0001-76</p><p>IMPLANTE CRÂNIO FACIAL SU-POR</p><p>25351.457818/2024-27 / 80003890175</p><p>80132 - MATERIAL - Retificação - Correção pela EMPRESA / 1416354255</p><p>_ _ _ _ _ _ _ _ _ _ _ _</p><p>CANON MEDICAL SYSTEMS DO BRASIL LTDA / 46.563.938/0001-10</p><p>TOMOGRAFO COMPUTADORIZADO</p><p>25351.166658/2002-02 / 10295030061</p><p>80214 - EQUIPAMENTO - Alteração de registro - Aprovação requerida - Acréscimo de equipamento em família de equipamentos de grande porte / 1276187254</p><p>_ _ _ _ _ _ _ _ _ _ _ _</p><p>E TAMUSSINO E CIA LTDA / 33.100.082/0001-03</p><p>INSTRUMENTAIS COM INSERTO EM CARBETO DE TUNGSTÊNIO</p><p>25351.033787/2022-51 / 10212990362</p><p>8419 - MATERIAL - Retificação - Correção pela ANVISA / 1420565257</p><p>_ _ _ _ _ _ _ _ _ _ _ _</p><p>EMERGO BRAZIL IMPORT IMPORTACAO E DISTRIBUICAO DE PRODUTOS MEDICOS HOSPITALARES LTDA / 04.967.408/0001-98</p><p>Solução para Preenchimento Intradérmico</p><p>25351.621632/2019-71 / 80117580884</p><p>80235 - MATERIAL - Alteração de registro - Aprovação requerida - Alteração de informações do dossiê técnico / 0545137250</p><p>_ _ _ _ _ _ _ _ _ _ _ _</p><p>ENDOBRAX COMERCIO, IMPORTAÇÃO E EXPORTAÇÃO DE EQUIPAMENTOS MEDICOS LTDA / 07.427.470/0001-85</p><p>BOMBA DE INFUSÃO MDKMED</p><p>25351.363472/2020-73 / 80393910032</p><p>80040 - EQUIPAMENTO - Retificação - Correção pela ANVISA / 1400265258</p><p>_ _ _ _ _ _ _ _ _ _ _ _</p><p>Eco Diagnostica Ltda / 14.633.154/0002-06</p><p>Dengue DUO ECO Teste</p><p>25351.226555/2017-75 / 80954880038</p><p>8444 - IVD - Alteração de registro - Aprovação requerida - Informações do dossiê técnico de produtos: indicação de uso ou uso pretendido; instruções de uso (exceto interferentes e limitações); amostras biológicas; desempenho analítico (exceto interferentes e limitações); estabilidade; conservação e prazo de validade; desempenho clínico; processo de fabricação / 1311663258</p><p>G6PD STRIP ECO Teste</p><p>25351.174334/2018-05 / 80954880092</p><p>8013 - IVD - Cancelamento de registro ou notificação - ANVISA / 1412709251</p><p>_ _ _ _ _ _ _ _ _ _ _ _</p><p>FUNDAÇÃO BAIANA DE PESQ. CIENTIFICA E DESENV. TECNOLOGICO, FORNECIMENTO E DISTRIBUIÇÃO DE MEDICAMENTOS-BAHIAFARMA / 13.078.518/0001-90</p><p>Teste Rápido de Anticorpos Totais Sífilis Bahiafarma (Ouro Coloidal)</p><p>25351.310011/2024-21 / 81285200022</p><p>8444 - IVD - Alteração de registro - Aprovação requerida - Informações do dossiê técnico de produtos: indicação de uso ou uso pretendido; instruções de uso (exceto interferentes e limitações); amostras biológicas; desempenho analítico (exceto interferentes e limitações); estabilidade; conservação e prazo de validade; desempenho clínico; processo de fabricação / 1419900251</p><p>Teste Rápido Anti-HCV Bahiafarma (Ouro Coloidal)</p><p>25351.310889/2024-67 / 81285200021</p><p>8444 - IVD - Alteração de registro - Aprovação requerida - Informações do dossiê técnico de produtos: indicação de uso ou uso pretendido; instruções de uso (exceto interferentes e limitações); amostras biológicas; desempenho analítico (exceto interferentes e limitações); estabilidade; conservação e prazo de validade; desempenho clínico; processo de fabricação / 1420366254</p><p>Teste Rápido HBsAg Bahiafarma (Ouro Coloidal)</p><p>25351.315863/2024-13 / 81285200020</p><p>8444 - IVD - Alteração de registro - Aprovação requerida - Informações do dossiê técnico de produtos: indicação de uso ou uso pretendido; instruções de uso (exceto interferentes e limitações); amostras biológicas; desempenho analítico (exceto interferentes e limitações); estabilidade; conservação e prazo de validade; desempenho clínico; processo de fabricação / 1420127250</p><p>Teste Rápido de Antígeno PF/PV Malária Bahiafarma (Ouro Coloidal)</p><p>25351.322130/2024-27 / 81285200018</p><p>8444 - IVD - Alteração de registro - Aprovação requerida - Informações do dossiê técnico de produtos: indicação de uso ou uso pretendido; instruções de uso (exceto interferentes e limitações); amostras biológicas; desempenho analítico (exceto interferentes e limitações); estabilidade; conservação e prazo de validade; desempenho clínico; processo de fabricação / 1429730251</p><p>_ _ _ _ _ _ _ _ _ _ _ _</p><p>GE HEALTHCARE DO BRASIL COMÉRCIO E SERVIÇOS PARA EQUIPAMENTOS MEDICO-HOSPITALARES LTDA / 00.029.372/0001-40</p><p>Sistema de Tomografia Computadorizada</p><p>25351.585011/2017-54 / 80071260386</p><p>80218 - EQUIPAMENTO - Alteração de registro - Aprovação requerida - Alteração técnica / 1368010253</p><p>Sistema de Tomografia Computadorizada</p><p>25351.288218/2020-89 / 80071260413</p><p>80218 - EQUIPAMENTO - Alteração de registro - Aprovação requerida - Alteração técnica / 1367737257</p><p>Sistema de Tomografia Computadorizada</p><p>25351.288218/2020-89 / 80071260413</p><p>80221 - EQUIPAMENTO - Alteração de registro - Aprovação requerida - Alteração/inclusão de partes e acessórios / 1368011250</p><p>Sistema de Mamografia Digital</p><p>25351.596611/2016-01 / 80071260380</p><p>80221 - EQUIPAMENTO - Alteração de registro - Aprovação requerida - Alteração/inclusão de partes e acessórios / 1325385255</p><p>Sistema de Tomografia Computadorizada</p><p>25351.585011/2017-54 / 80071260386</p><p>80221 - EQUIPAMENTO - Alteração de registro - Aprovação requerida - Alteração/inclusão de partes e acessórios / 1367914256</p><p>_ _ _ _ _ _ _ _ _ _ _ _</p><p>GETINGE DO BRASIL EQUIPAMENTOS MEDICOS LTDA. / 06.028.137/0001-30</p><p>Sistema de Ventilação Servo-c</p><p>25351.117587/2023-31 / 80259110239</p><p>80217 - EQUIPAMENTO - Alteração de registro - Aprovação requerida - Alteração de software (novas indicações e funcionalidades) / 1366864255</p><p>_ _ _ _ _ _ _ _ _ _ _ _</p><p>HANDLE COMERCIO DE EQUIPAMENTOS MEDICOS LTDA / 54.756.242/0001-39</p><p>Cateter Ureteral Duplo J - UroEssence</p><p>25351.048233/2025-09 / 10330719035</p><p>8419 - MATERIAL - Retificação - Correção pela ANVISA / 1343774250</p><p>Cateter Ureteral Duplo J com Fio Teflonado - UroEssence</p><p>25351.048187/2025-30 / 10330719034</p><p>80132 - MATERIAL - Retificação - Correção pela EMPRESA / 1397874252</p><p>_ _ _ _ _ _ _ _ _ _ _ _</p><p>HARTMANN IND COM PRODS MEDICO HOSPITALARES LTDA / 30.667.695/0001-20</p><p>EXTENSOR PERFUSÃO</p><p>25351.093506/2010-31 / 10104489014</p><p>8419 - MATERIAL - Retificação - Correção pela ANVISA / 1413848257</p><p>_ _ _ _ _ _ _ _ _ _ _ _</p><p>INEOS FABRICAÇÃO E COMERCIALIZAÇÃO LTDA / 36.391.047/0001-70</p><p>HASTE INTRAMEDULAR</p><p>25351.018147/2025-63 / 82704790001</p><p>80162 - MATERIAL ORTOPEDIA - Revalidação de registro de família de material implantável em ortopedia / 1370732252</p><p>_ _ _ _ _ _ _ _ _ _ _ _</p><p>Intermedic Technology Importação e Exportação Ltda / 01.390.500/0001-40</p><p>SISTEMA DE FIXACAO HUMERO PROXIMAL - POLARUS PHP</p><p>25351.373983/2005-64 / 80094170015</p><p>80164 - MATERIAL ORTOPEDIA- Revalidação de registro de sistema de material implantável em ortopedia / 1388903253</p><p>_ _ _ _ _ _ _ _ _ _ _ _</p><p>Intuitive Surgical Brasil Importação e Comércio de Equipamentos Cirúrgicos Ltda / 12.506.008/0001-03</p><p>Sistema Cirúrgico Robótico da Vinci - Intuitive Surgical / Endoscopic Instrument Control System da Vinci - Intuitive Surgical</p><p>25351.509398/2016-01 / 81166920001</p><p>80221 - EQUIPAMENTO - Alteração de registro - Aprovação requerida - Alteração/inclusão de partes e acessórios / 0959852255</p><p>_ _ _ _ _ _ _ _ _ _ _ _</p><p>JOHNSON &amp; JOHNSON DO BRASIL INDÚSTRIA E COMÉRCIO DE PRODUTOS PARA SAÚDE LTDA / 54.516.661/0001-01</p><p>APLICADOR ENDOSCOPICO DE MULTIPLOS CLIPS</p><p>25351.062397/2006-78 / 80145900899</p><p>80132 - MATERIAL - Retificação - Correção pela EMPRESA / 1336406259</p><p>Cateter Bidirecional VARIPULSE</p><p>25351.425123/2024-86 / 80145901971</p><p>80222 - EQUIPAMENTO - Alteração de registro - Aprovação requerida - Alteração/inclusão de método de esterilização ou reprocessamento e validade / 1336469251</p><p>_ _ _ _ _ _ _ _ _ _ _ _</p><p>KARL STORZ ENDOSCOPIA BRASIL LTDA / 10.836.991/0001-09</p><p>Sistema integrado TELE PACK+ KARL STORZ</p><p>25351.700331/2021-27 / 80753469008</p><p>80165 - EQUIPAMENTO - Retificação - Correção pela EMPRESA / 1330215257</p><p>_ _ _ _ _ _ _ _ _ _ _ _</p><p>KARLA BEAUTY COSMÉTICOS LTDA / 11.482.415/0001-65</p><p>FUNGEL GEL RECONSTRUTOR</p><p>25351.173438/2025-13 / 83108149002</p><p>8037 - MATERIAL - Cancelamento de registro ou notificação - ANVISA / 1421826257</p><p>_ _ _ _ _ _ _ _ _ _ _ _</p><p>KOVALENT DO BRASIL LTDA / 04.842.199/0001-56</p><p>alfa 1 - GLICOPROTEÍNA ÁCIDA</p><p>25351.318196/2006-31 / 80115310074</p><p>8420 - IVD - Retificação - Correção pela ANVISA / 1417122251</p><p>PCR</p><p>25351.459745/2006-26 / 80115310076</p><p>8420 - IVD - Retificação - Correção pela ANVISA / 1417058251</p><p>_ _ _ _ _ _ _ _ _ _ _ _</p><p>LABORATORIOS B. BRAUN S/A / 31.673.254/0001-02</p><p>CLIPES DE TITÂNIO DS AESCULAP</p><p>25351.272940/2015-81 / 80136990853</p><p>8032 - MATERIAL - Revalidação de Registro de Família / 1381118259</p><p>_ _ _ _ _ _ _ _ _ _ _ _</p><p>LABTEST DIAGNOSTICA S/A / 16.516.296/0001-38</p><p>T4 Reagent Kit</p><p>25351.856808/2023-90 / 10009010416</p><p>8420 - IVD - Retificação - Correção pela ANVISA / 1406499251</p><p>FT4 Reagent Kit</p><p>25351.856833/2023-73 / 10009010418</p><p>8420 - IVD - Retificação - Correção pela ANVISA / 1406434256</p><p>_ _ _ _ _ _ _ _ _ _ _ _</p><p>LIBERA BIOPHARMA LTDA / 43.447.783/0001-69</p><p>LIBERA LOCK Dispositivo de Fechamento de Feridas</p><p>25351.417394/2024-68 / 82456289003</p><p>8419 - MATERIAL - Retificação - Correção pela ANVISA / 1420072251</p><p>_ _ _ _ _ _ _ _ _ _ _ _</p><p>LUIZ GUILHERME SARTORI &amp; CIA LTDA / 04.861.623/0001-00</p><p>PARAFUSO PARA FIXAÇÃO LIGAMENTAR</p><p>25351.114006/2011-12 / 80083650032</p><p>80162 - MATERIAL ORTOPEDIA - Revalidação de registro de família de material implantável em ortopedia / 1369689250</p><p>_ _ _ _ _ _ _ _ _ _ _ _</p><p>MED-EL DO BRASIL ELETROMEDICOS LTDA / 29.251.258/0001-42</p><p>Sistema de Implante Coclear SYNCHRONY</p><p>25351.089735/2020-77 / 81692270011</p><p>80215 - EQUIPAMENTO - Alteração de registro - Aprovação requerida - Acréscimo de equipamento em família de equipamentos de médio e pequeno portes / 1367734258</p><p>_ _ _ _ _ _ _ _ _ _ _ _</p><p>MEDBELL EQUIPAMENTOS HOSPITALARES LTDA / 32.892.248/0001-09</p><p>MONITOR DE PACIENTES BLT - SÉRIE P</p><p>25351.627466/2022-11 / 81838410010</p><p>80220 - EQUIPAMENTO - Alteração de registro - Aprovação requerida - Alteração/inclusão de local de fabricação (unidade fabril) / 1291915257</p><p>MONITOR DE PACIENTE BLT - P1</p><p>25351.673073/2022-80 / 81838410011</p><p>80220 - EQUIPAMENTO - Alteração de registro - Aprovação requerida - Alteração/inclusão de local de fabricação (unidade fabril) / 1292276258</p><p>_ _ _ _ _ _ _ _ _ _ _ _</p><p>MEDLEVENSOHN COMÉRCIO E REPRESENTAÇÕES DE PRODUTOS HOSPITALARES LTDA / 05.343.029/0001-90</p><p>MEDTEST HIV (TESTE RÁPIDO)</p><p>25351.745959/2015-80 / 80560310010</p><p>8014 - IVD - Revalidação de registro / 0982395256</p><p>_ _ _ _ _ _ _ _ _ _ _ _</p><p>MICROMEDICAL IMPLANTES DO BRASIL LTDA / 07.326.871/0002-20</p><p>Endoprotese Aorfix com Sistema de Entrega Intelliflex</p><p>25351.668943/2018-12 / 80299570042</p><p>80242 - MATERIAL - Alteração de registro - Aprovação requerida - Local de fabricação - Inclusão ou alteração de unidade fabril / 1441659242</p><p>_ _ _ _ _ _ _ _ _ _ _ _</p><p>NUTEC GLOBAL INDUSTRIA E COMERCIO LTDA / 07.575.813/0001-59</p><p>FRESAS CORTANTES CIRÚRGICAS NUTEC PROCUTTER</p><p>25351.184347/2025-11 / 81715689015</p><p>8419 - MATERIAL - Retificação - Correção pela ANVISA / 1406493252</p><p>_ _ _ _ _ _ _ _ _ _ _ _</p><p>ORBITAE DIAGNOSTICOS LTDA / 11.162.384/0001-65</p><p>HIV 1 + O / 2 Assure Test</p><p>25351.540827/2022-16 / 80885650071</p><p>8444 - IVD - Alteração de registro - Aprovação requerida - Informações do dossiê técnico de produtos: indicação de uso ou uso pretendido; instruções de uso (exceto interferentes e limitações); amostras biológicas; desempenho analítico (exceto interferentes e limitações); estabilidade; conservação e prazo de validade; desempenho clínico; processo de fabricação / 1397861258</p><p>Dengue NS1 Assure Test</p><p>25351.563375/2022-41 / 80885650072</p><p>8444 - IVD - Alteração de registro - Aprovação requerida - Informações do dossiê técnico de produtos: indicação de uso ou uso pretendido; instruções de uso (exceto interferentes e limitações); amostras biológicas; desempenho analítico (exceto interferentes e limitações); estabilidade; conservação e prazo de validade; desempenho clínico; processo de fabricação / 1217616250</p><p>_ _ _ _ _ _ _ _ _ _ _ _</p><p>PASSROD IMPORTAÇÃO E EXPORTAÇÃO DE PRODUTOS PARA SAÚDE LTDA - ME / 26.185.222/0001-10</p><p>SISTEMA DE LASER LIGHTWALKER</p><p>25351.380612/2020-78 / 81504790197</p><p>80216 - EQUIPAMENTO - Alteração de registro - Aprovação requerida - Alteração/inclusão da indicação e finalidade de uso, tipo de operador ou paciente ou ambiente de utilização / 1335392254</p><p>Kit de Teste Rápido de Antígeno Combo SARS-CoV-2/FluA/FluB+ ADV/RSV/SA (LFIA)</p><p>25351.764214/2023-53 / 81504790405</p><p>8411 - IVD - Alteração de registro - Aprovação requerida - Local de fabricação (unidade fabril) / 1324225254</p><p>_ _ _ _ _ _ _ _ _ _ _ _</p><p>PHADIA DIAGNOSTICOS LTDA / 04.930.429/0001-39</p><p>Família CRP</p><p>25351.272757/2022-68 / 80254180412</p><p>8420 - IVD - Retificação - Correção pela ANVISA / 1404523251</p><p>_ _ _ _ _ _ _ _ _ _ _ _</p><p>PHARMAESTHETICS DO BRASIL - INDUSTRIA DE MEDICAMENTOS LTDA / 27.711.659/0001-02</p><p>BIOGELIS FINE LINES WITH LIDOCAINE</p><p>25351.807328/2020-52 / 81872460011</p><p>8419 - MATERIAL - Retificação - Correção pela ANVISA / 1340533251</p><p>_ _ _ _ _ _ _ _ _ _ _ _</p><p>PHBR MEDICAL COMÉRCIO E LOCAÇÃO DE PRODUTOS MÉDICOS LTDA / 12.342.435/0001-01</p><p>Sonda Estimuladora Descartável Aleph Electrodes Innovation Line</p><p>25351.500248/2022-31 / 80786949007</p><p>80040 - EQUIPAMENTO - Retificação - Correção pela ANVISA / 1415351252</p><p>_ _ _ _ _ _ _ _ _ _ _ _</p><p>PRODUTOS CIRURGICO SERRA DA ESTRELA LTDA / 06.906.357/0001-10</p><p>COMPRESSA ESTÉRIL NÃO ADERENTE PROCSEL</p><p>25351.693721/2011-19 / 80649380005</p><p>80132 - MATERIAL - Retificação - Correção pela EMPRESA / 1422646254</p><p>_ _ _ _ _ _ _ _ _ _ _ _</p><p>REVVITY DO BRASIL LTDA / 00.351.210/0001-24</p><p>SuperFlex High Sensitivity Cardiac Troponin I Kit</p><p>25351.563374/2022-04 / 10298910176</p><p>8444 - IVD - Alteração de registro - Aprovação requerida - Informações do dossiê técnico de produtos: indicação de uso ou uso pretendido; instruções de uso (exceto interferentes e limitações); amostras biológicas; desempenho analítico (exceto interferentes e limitações); estabilidade; conservação e prazo de validade; desempenho clínico; processo de fabricação / 0620984252</p><p>_ _ _ _ _ _ _ _ _ _ _ _</p><p>ROCHE DIABETES CARE BRASIL LTDA / 23.552.212/0001-87</p><p>FAMÍLIA ACCU-CHEK ACTIVE</p><p>25351.373063/2017-27 / 81414021688</p><p>8411 - IVD - Alteração de registro - Aprovação requerida - Local de fabricação (unidade fabril) / 1317283252</p><p>_ _ _ _ _ _ _ _ _ _ _ _</p><p>ROCHE DIAGNÓSTICA BRASIL LTDA / 30.280.358/0001-86</p><p>Familia de Cancer Geral</p><p>25351.124888/2009-20 / 10287410788</p><p>8008 - IVD - Alteração de registro - Aprovação requerida - Composição de produtos ou modelos de instrumentos / 1325766259</p><p>_ _ _ _ _ _ _ _ _ _ _ _</p><p>S.I.N. IMPLANT SYSTEM LTDA / 04.298.106/0001-74</p><p>FAMÍLIA DE MONTADORES S.I.N.</p><p>25351.756866/2015-03 / 80108910073</p><p>80132 - MATERIAL - Retificação - Correção pela EMPRESA / 1403722251</p><p>_ _ _ _ _ _ _ _ _ _ _ _</p><p>SETORMED INDUSTRIA E COMERCIO DE EQUIPAMENTOS MEDICOS E ODONTOLOGICOS S.A. / 13.533.397/0001-29</p><p>Instrumental Cirúrgico Setormed</p><p>25351.142991/2022-61 / 80777280151</p><p>8419 - MATERIAL - Retificação - Correção pela ANVISA / 1385749253</p><p>_ _ _ _ _ _ _ _ _ _ _ _</p><p>SIEMENS HEALTHCARE DIAGNÓSTICOS LTDA / 01.449.930/0001-90</p><p>Família Atellica IM Anti-Tiroglobulina II (aTgII)</p><p>25351.271101/2020-66 / 10345162375</p><p>80306 - IVD - Reenquadramento de Notificação para Registro de produtos em família / 1734383241</p><p>Família ADVIA Centaur Anti-Tireoglobulina II (aTgII)</p><p>25351.104561/2021-61 / 10345162397</p><p>80306 - IVD - Reenquadramento de Notificação para Registro de produtos em família / 1749571242</p><p>_ _ _ _ _ _ _ _ _ _ _ _</p><p>SIGNAZ PRODUTOS E NEGOCIOS LTDA / 09.028.635/0001-71</p><p>SARS-CoV-2 Ag / Influenza A/B Ag COMBO - SIGNAZ</p><p>25351.416575/2024-77 / 82286660004</p><p>8444 - IVD - Alteração de registro - Aprovação requerida - Informações do dossiê técnico de produtos: indicação de uso ou uso pretendido; instruções de uso (exceto interferentes e limitações); amostras biológicas; desempenho analítico (exceto interferentes e limitações); estabilidade; conservação e prazo de validade; desempenho clínico; processo de fabricação / 1324363258</p><p>_ _ _ _ _ _ _ _ _ _ _ _</p><p>ST. JUDE MEDICAL BRASIL LTDA. / 00.986.846/0001-42</p><p>Heartmate 3 - Sistema de Assistência Ventricular Esquerda</p><p>25351.484010/2017-93 / 10332340428</p><p>80218 - EQUIPAMENTO - Alteração de registro - Aprovação requerida - Alteração técnica / 1325756253</p><p>Gerador de Pulso Implantável Infinity 7</p><p>25351.262629/2017-08 / 10332340416</p><p>80216 - EQUIPAMENTO - Alteração de registro - Aprovação requerida - Alteração/inclusão da indicação e finalidade de uso, tipo de operador ou paciente ou ambiente de utilização / 1280382252</p><p>Gerador de Pulso Implantável Infinity 5</p><p>25351.246638/2017-10 / 10332340415</p><p>80216 - EQUIPAMENTO - Alteração de registro - Aprovação requerida - Alteração/inclusão da indicação e finalidade de uso, tipo de operador ou paciente ou ambiente de utilização / 1280465255</p><p>Pacel Bipolar Pacing Catheter</p><p>25351.288104/2023-81 / 10332340497</p><p>80216 - EQUIPAMENTO - Alteração de registro - Aprovação requerida - Alteração/inclusão da indicação e finalidade de uso, tipo de operador ou paciente ou ambiente de utilização / 1325515256</p><p>PACEL CABO-ELETRODO TEMPORÁRIO BIPOLAR DIRIGIDO POR FLUXO (ADAPTADOR, INTRODUTOR E SERINGA)</p><p>25351.659725/2011-52 / 10332340295</p><p>80216 - EQUIPAMENTO - Alteração de registro - Aprovação requerida - Alteração/inclusão da indicação e finalidade de uso, tipo de operador ou paciente ou ambiente de utilização / 1325540251</p><p>St. Jude Medical Sistema de Eletrodos e Extensões Infinity DBS 8 Canais</p><p>25351.221541/2017-41 / 10332340412</p><p>80216 - EQUIPAMENTO - Alteração de registro - Aprovação requerida - Alteração/inclusão da indicação e finalidade de uso, tipo de operador ou paciente ou ambiente de utilização / 1325562254</p><p>Heartmate 3 - Sistema de Assistência Ventricular Esquerda</p><p>25351.484010/2017-93 / 10332340428</p><p>80216 - EQUIPAMENTO - Alteração de registro - Aprovação requerida - Alteração/inclusão da indicação e finalidade de uso, tipo de operador ou paciente ou ambiente de utilização / 1325755257</p><p>St. Jude Medical Sistema de Eletrodos e Extensões Infinity DBS 8 Canais</p><p>25351.221541/2017-41 / 10332340412</p><p>80218 - EQUIPAMENTO - Alteração de registro - Aprovação requerida - Alteração técnica / 1325563251</p><p>Pacel Bipolar Pacing Catheter</p><p>25351.288104/2023-81 / 10332340497</p><p>80218 - EQUIPAMENTO - Alteração de registro - Aprovação requerida - Alteração técnica / 1325409251</p><p>CDI Bicameral com Telemetria BLE</p><p>25351.450104/2024-98 / 10332340515</p><p>80040 - EQUIPAMENTO - Retificação - Correção pela ANVISA / 1401347258</p><p>CDI Unicameral com Telemetria BLE</p><p>25351.450164/2024-19 / 10332340516</p><p>80040 - EQUIPAMENTO - Retificação - Correção pela ANVISA / 1401396259</p><p>CDI Ressincronizador com Telemetria BLE</p><p>25351.450204/2024-14 / 10332340517</p><p>80040 - EQUIPAMENTO - Retificação - Correção pela ANVISA / 1401421253</p><p>Proclaim DRG</p><p>25351.622336/2017-25 / 10332340430</p><p>80218 - EQUIPAMENTO - Alteração de registro - Aprovação requerida - Alteração técnica / 1305763254</p><p>PROCLAIM XR</p><p>25351.422767/2017-21 / 10332340422</p><p>80218 - EQUIPAMENTO - Alteração de registro - Aprovação requerida - Alteração técnica / 1305761251</p><p>Gerador de Pulso Implantável Infinity 5</p><p>25351.246638/2017-10 / 10332340415</p><p>80218 - EQUIPAMENTO - Alteração de registro - Aprovação requerida - Alteração técnica / 1280466251</p><p>Gerador de Pulso Implantável Infinity 7</p><p>25351.262629/2017-08 / 10332340416</p><p>80218 - EQUIPAMENTO - Alteração de registro - Aprovação requerida - Alteração técnica / 1280383259</p><p>Adaptador 8 Canais</p><p>25351.562486/2015-28 / 10332340375</p><p>80218 - EQUIPAMENTO - Alteração de registro - Aprovação requerida - Alteração técnica / 1341491251</p><p>Epic  Plus Mitral</p><p>25351.527117/2022-09 / 10332340494</p><p>80239 - MATERIAL - Alteração de registro - Aprovação requerida - Composição química/matéria-prima / 1756364249</p><p>Epic Plus Supra</p><p>25351.527093/2022-80 / 10332340492</p><p>80239 - MATERIAL - Alteração de registro - Aprovação requerida - Composição química/matéria-prima / 1756093245</p><p>Epic Plus Aortic</p><p>25351.527096/2022-13 / 10332340493</p><p>80239 - MATERIAL - Alteração de registro - Aprovação requerida - Composição química/matéria-prima / 1756074241</p><p>PACEL CABO-ELETRODO TEMPORÁRIO BIPOLAR DIRIGIDO POR FLUXO (ADAPTADOR, INTRODUTOR E SERINGA)</p><p>25351.659725/2011-52 / 10332340295</p><p>80218 - EQUIPAMENTO - Alteração de registro - Aprovação requerida - Alteração técnica / 1325547255</p><p>CABO ELETRODO BIPOLAR MYOPORE</p><p>25351.394059/2009-22 / 10332340254</p><p>80218 - EQUIPAMENTO - Alteração de registro - Aprovação requerida - Alteração técnica / 1125725257</p><p>_ _ _ _ _ _ _ _ _ _ _ _</p><p>STRYKER DO BRASIL LTDA / 02.966.317/0001-02</p><p>SISTEMA DE FIXACAO OSSEA EXTERNA</p><p>25351.027357/00-12 / 80005430016</p><p>8419 - MATERIAL - Retificação - Correção pela ANVISA / 1374216259</p><p>COMPONENTE ACETABULAR TRIDENT TRITANIUM</p><p>25351.400433/2015-24 / 80005430430</p><p>80164 - MATERIAL ORTOPEDIA- Revalidação de registro de sistema de material implantável em ortopedia / 1392050251</p><p>OASYS - SISTEMA DE FIXACAO OCCIPITO-CERVICAL</p><p>25351.181542/2005-38 / 80005430119</p><p>80164 - MATERIAL ORTOPEDIA- Revalidação de registro de sistema de material implantável em ortopedia / 1392088259</p><p>_ _ _ _ _ _ _ _ _ _ _ _</p><p>SYSMEX DO BRASIL INDUSTRIA E COMERCIO LTDA / 02.923.414/0001-18</p><p>FLUOROCELL</p><p>25351.193906/2012-88 / 80015490092</p><p>8420 - IVD - Retificação - Correção pela ANVISA / 1394482256</p><p>Controles e Calibradores Multiparâmetro, Exclusivos para a Execução de um Ensaio Específico - UF-4000/5000</p><p>25351.190185/2016-88 / 80015490114</p><p>8420 - IVD - Retificação - Correção pela ANVISA / 1394574258</p><p>_ _ _ _ _ _ _ _ _ _ _ _</p><p>TECHLINE COMERCIAL IMPORTADORA EXPORTADORA E SERVIÇOS LTDA / 64.132.434/0001-28</p><p>MONITOR DE PRESSÃO ARTERIAL DE BRAÇO</p><p>25351.161377/2025-41 / 10410619021</p><p>80040 - EQUIPAMENTO - Retificação - Correção pela ANVISA / 1417632259</p><p>_ _ _ _ _ _ _ _ _ _ _ _</p><p>TRAUMEC TECNOLOGIA E IMPLANTES ORTOPÉDICOS IMP. E EXP. LTDA - EPP / 09.123.223/0001-10</p><p>Guia Dreno DVE Canulado Traumec</p><p>25351.457348/2023-11 / 80455639009</p><p>80288 - MATERIAL - Reenquadramento de Notificação para Registro de Família/Conjunto/Sistema / 0244934240</p><p>Kit Cânula Piezo SuctionCut Osteotomia ME Traumec</p><p>25351.670583/2023-86 / 80455639012</p><p>8419 - MATERIAL - Retificação - Correção pela ANVISA / 1421689251</p><p>Kit Cânula Piezo SuctionCut Osteotomia Circular ME Traumec</p><p>25351.670556/2023-11 / 80455639011</p><p>8419 - MATERIAL - Retificação - Correção pela ANVISA / 1421556251</p><p>Guia DVE Canulado Traumec</p><p>25351.097492/2023-93 / 80455639007</p><p>80288 - MATERIAL - Reenquadramento de Notificação para Registro de Família/Conjunto/Sistema / 0245247246</p><p>_ _ _ _ _ _ _ _ _ _ _ _</p><p>TRAUMEDICA INSTRUMENTAIS E IMPLANTES LTDA - ME / 72.763.733/0001-99</p><p>PARAFUSO CANULADO EM TITÂNIO</p><p>25351.172595/2011-31 / 80057410029</p><p>80162 - MATERIAL ORTOPEDIA - Revalidação de registro de família de material implantável em ortopedia / 1374286257</p><p>PARAFUSO TRAUFIX ESTÉRIL</p><p>25351.785072/2010-98 / 80057410028</p><p>80162 - MATERIAL ORTOPEDIA - Revalidação de registro de família de material implantável em ortopedia / 1370811250</p><p>_ _ _ _ _ _ _ _ _ _ _ _</p><p>VARIAN MEDICAL SYSTEMS BRASIL LTDA / 03.009.915/0001-56</p><p>Gating Respiratório para Scanners - RGSC</p><p>25351.568459/2016-08 / 10405410031</p><p>80218 - EQUIPAMENTO - Alteração de registro - Aprovação requerida - Alteração técnica / 1269764250</p><p>_ _ _ _ _ _ _ _ _ _ _ _</p><p>VITAL UNION INDUSTRIA E COMERCIO DE IMPLANTES LTDA / 38.328.364/0001-78</p><p>PRECISION 3D</p><p>25351.536375/2023-59 / 82426660001</p><p>80132 - MATERIAL - Retificação - Correção pela EMPRESA / 1426081251</p><p>_ _ _ _ _ _ _ _ _ _ _ _</p><p>WELFARE IMP. DE PRODUTOS MÉDICO-ODONTOLÓGICOS LTDA. / 01.209.413/0001-43</p><p>INSTRUMENTOS CIRÚRGICOS NÃO ARTICULADOS NÃO CORTANTES - A. SCHWERT</p><p>25351.606513/2011-18 / 10356500051</p><p>8419 - MATERIAL - Retificação - Correção pela ANVISA / 1399713256</p>]]></Texto>
  </body>
  <Midias />
</article></xml>