﻿<xml><article id="46232945" name="PIN 140220251113 (ordinaria - SN" idOficio="11378292" pubName="DO1" artType="Pauta" pubDate="03/11/2025" artClass="00028:00016:00001:00007:00083:00000:00000:00000:00000:00000:00053:00000" artCategory="Ministério da Fazenda/Conselho Administrativo de Recursos Fiscais/1ª Seção/4ª Câmara/2ª Turma Ordinária" artSize="12" artNotes="ok" numberPage="47" pdfPage="http://pesquisa.in.gov.br/imprensa/jsp/visualiza/index.jsp?data=03/11/2025&amp;jornal=515&amp;pagina=47" editionNumber="209" highlightType="" highlightPriority="" highlight="" highlightimage="" highlightimagename="" idMateria="23273432">
  <body>
    <Identifica><![CDATA[ PAUTA DE JULGAMENTO]]></Identifica>
    <Data><![CDATA[]]></Data>
    <Ementa />
    <Titulo />
    <SubTitulo />
    <Texto><![CDATA[<p class="identifica">PAUTA DE JULGAMENTO</p><p>Data da Reunião 13/11/2025</p><p>Pauta ordinária de julgamento dos recursos da 2ª Turma Ordinária da 4ª Câmara da 1ª Seção, em sessões síncronas não presenciais a serem realizadas nas datas a seguir mencionadas.</p><p>OBSERVAÇÕES:</p><p>1) Solicitações ou envios de sustentação oral e memorial devem ser feitos até 2 (dois) dias úteis antes do início da reunião mensal de julgamento da turma, independentemente da sessão em que o processo tenha sido agendado;</p><p>1.1) É permitido realizar sustentação oral;</p><p>a) em tempo real por meio de videoconferência ou tecnologia similar; ou</p><p>b) por meio de postagem de vídeo ou áudio no Centro de Atendimento Virtual da Receita Federal - e-CAC.</p><p>1.2) Serão desconsiderados a sustentação oral e o memorial cujos arquivos transmitidos não atendam à duração e aos requisitos previstos, respectivamente, no art. 11, e no art. 12 da Portaria CARF/MF nº 1.240, de 2 de agosto de 2024;</p><p>2) Solicitações de transferência ou retirada de pauta devem ser enviadas até 4 (quatro) dias úteis antes do início da reunião mensal de julgamento da turma, independentemente da sessão em que o processo tenha sido agendado;</p><p>3) As sessões de julgamento serão transmitidas ao vivo no canal do CARF na internet no seguinte endereço: https://www.youtube.com/channel/UCXuwg-xPYjmdGcqCk4rdvRg;</p><p>4) Os julgamentos adiados, dentro da mesma reunião, serão realizados independentemente de nova publicação; e</p><p>5) O resultado do julgamento dos processos da tabela abaixo servirá como paradigma para o julgamento dos itens da coluna ITENS REPETITIVOS da tabela, nos termos do § 3º do art. 87 da Portaria MF nº 1.634, de 21 de dezembro de 2023.</p><p /><p></p><table><tr /><tr><td rowspan="1" colspan="1"><p>Item</p></td><td rowspan="1" colspan="1"><p>Processo</p></td><td rowspan="1" colspan="1"><p>ITENS REPETITIVOS</p></td></tr><tr><td rowspan="1" colspan="1"><p>2</p></td><td rowspan="1" colspan="1"><p>10320.725034/2016-17</p></td><td rowspan="1" colspan="1"><p>3 a 3</p></td></tr></table><p>DIA 13 de Novembro de 2025, ÀS 09:00 HORAS</p><p>Tema 1 - Apuração Incorreta</p><p>Relator(a): RICARDO PIZA DI GIOVANNI</p><p>1 - Processo nº: 12448.734873/2011-19 - Recorrente: SAVEIROS CAMUYRANO SERVICOS MARITIMOS S/A e Interessado: FAZENDA NACIONAL</p><p>2 - Processo nº: 10320.725034/2016-17 - Recorrente: TOCANTINS REFRIGERANTES LTDA. e Interessado: FAZENDA NACIONAL</p><p>Relator(a): PAULO MATEUS CICCONE</p><p>3 - Processo nº: 10320.725035/2016-61 - Recorrente: TOCANTINS REFRIGERANTES LTDA. e Interessado: FAZENDA NACIONAL</p><p>Relator(a): RICARDO PIZA DI GIOVANNI</p><p>4 - Processo nº: 12448.720220/2014-97 - Recorrente: ETE CONSTRUCOES E MONTAGENS ELETRICAS LTDA e Interessado: FAZENDA NACIONAL</p><p>Tema 2 - PERD/COMP - 1</p><p>Relator(a): ALESSANDRO BRUNO MACEDO PINTO</p><p>5 - Processo nº: 11080.926935/2009-38 - Recorrente: COPESUL-CIA PETROQUIMICA DO SUL e Interessado: FAZENDA NACIONAL</p><p>6 - Processo nº: 11080.928801/2009-51 - Recorrente: COPESUL-CIA PETROQUIMICA DO SUL e Interessado: FAZENDA NACIONAL</p><p>7 - Processo nº: 11080.900984/2013-27 - Recorrente: COPESUL-CIA PETROQUIMICA DO SUL e Interessado: FAZENDA NACIONAL</p><p>Relator(a): MAURITANIA ELVIRA DE SOUSA MENDONCA</p><p>8 - Processo nº: 10880.932654/2015-84 - Recorrente: COSAN S.A. e Interessado: FAZENDA NACIONAL</p><p>Relator(a): RAFAEL ZEDRAL</p><p>9 - Processo nº: 11080.906287/2013-80 - Recorrente: DISTRIBUIDORA MERIDIONAL DE MOTORES CUMMINS S/A e Interessado: FAZENDA NACIONAL</p><p>10 - Processo nº: 10860.901936/2017-30 - Recorrente: ORICA BRASIL LTDA e Interessado: FAZENDA NACIONAL</p><p>11 - Processo nº: 16682.904851/2013-64 - Recorrente: SOUZA CRUZ LTDA e Interessado: FAZENDA NACIONAL</p><p>DIA 13 de Novembro de 2025, ÀS 13:00 HORAS</p><p>Tema 3 - PERD/COMP - 2</p><p>Relator(a): ALEXANDRE IABRUDI CATUNDA</p><p>12 - Processo nº: 18470.907479/2021-79 - Recorrente: FMC TECHNOLOGIES DO BRASIL LTDA. e Interessado: FAZENDA NACIONAL</p><p>13 - Processo nº: 16682.900135/2013-16 - Recorrente: FMC TECHNOLOGIES DO BRASIL LTDA. e Interessado: FAZENDA NACIONAL</p><p>14 - Processo nº: 10880.976450/2018-06 - Recorrente: AMBEV S.A. e Interessado: FAZENDA NACIONAL</p><p>Relator(a): RAFAEL ZEDRAL</p><p>15 - Processo nº: 11080.906286/2013-35 - Recorrente: DISTRIBUIDORA MERIDIONAL DE MOTORES CUMMINS S/A e Interessado: FAZENDA NACIONAL</p><p>Relator(a): RICARDO PIZA DI GIOVANNI</p><p>16 - Processo nº: 10845.723979/2013-32 - Recorrente: EMBRAPORT EMPRESA BRASILEIRA DE TERMINAIS PORTUARIOS S/A e Interessado: FAZENDA NACIONAL</p><p class="assina">Paulo Mateus Ciccone</p><p class="cargo">Presidente da 2ª Turma Ordinária</p>]]></Texto>
  </body>
  <Midias />
</article></xml>