﻿<xml><article id="46237725" name="Sumula do Parecer CNE_CES 637_20" idOficio="11379471" pubName="DO1" artType="Súmula" pubDate="03/11/2025" artClass="00025:00013:00005:00000:00000:00000:00000:00000:00000:00000:00066:00004" artCategory="Ministério da Educação/Conselho Nacional de Educação/Secretaria Executiva" artSize="12" artNotes="" numberPage="39" pdfPage="http://pesquisa.in.gov.br/imprensa/jsp/visualiza/index.jsp?data=03/11/2025&amp;jornal=515&amp;pagina=39" editionNumber="209" highlightType="" highlightPriority="" highlight="" highlightimage="" highlightimagename="" idMateria="23276781">
  <body>
    <Identifica><![CDATA[ SÚMULA DO PARECER CNE/CP Nº 637/2025]]></Identifica>
    <Data><![CDATA[ Brasília, 31 de outubro de 2025]]></Data>
    <Ementa />
    <Titulo />
    <SubTitulo />
    <Texto><![CDATA[<p class="identifica">SÚMULA DO PARECER CNE/CP Nº 637/2025</p><p>REUNIÃO EXTRAORDINÁRIA DO DIA 20 DE OUTUBRO DE 2025</p><p>CÂMARA DE EDUCAÇÃO SUPERIOR</p><p>Processo: 23001.000587/2025-17. Parecer: CNE/CES 637/2025. Comissão: Celso Niskier (Presidente); Monica Sapucaia Machado (Relatora); André Guilherme Lemos Jorge, Henrique Sartori de Almeida Prado e Otavio Luiz Rodrigues Jr. (membros). Interessado: Conselho Nacional de Educação/Câmara de Educação Superior - Brasília/DF. Assunto: Diretrizes e normas para a oferta dos cursos de Pós-graduação Lato Sensu, denominados cursos de especialização, no âmbito do Sistema Federal de Educação Superior, conforme previsto no art. 39, § 3º, da Lei nº 9.394, de 20 de dezembro de 1996. Voto da Comissão: A Comissão vota favoravelmente à aprovação das Diretrizes e normas para a oferta dos cursos de Pós-graduação Lato Sensu, denominados cursos de especialização, no âmbito do Sistema Federal de Educação Superior, conforme previsto no art. 39, § 3º, da Lei nº 9.394, de 20 de dezembro de 1996, na forma deste Parecer e do Projeto de Resolução anexo, do qual é parte integrante. Decisão da Câmara: APROVADO por unanimidade.</p><p>Observação: Em face do disposto no Art. 2º da Lei nº 9.131, de 24 de novembro de 1995, os pareceres do Conselho Nacional de Educação - CNE somente produzirão efeitos após a publicação do respectivo ato homologatório exarado pelo Ministro de Estado da Educação. O Parecer citado encontra-se à disposição dos interessados no Conselho Nacional de Educação e será divulgado na página do CNE (https://www.gov.br/mec/pt-br/cne).</p><p class="data">Brasília, 31 de outubro de 2025</p><p class="assina">CHRISTY GANZERT PATO</p><p class="cargo">Secretário Executivo</p>]]></Texto>
  </body>
  <Midias />
</article></xml>