﻿<xml><article id="46237788" name="Acordao 724" idOficio="11379496" pubName="DO1" artType="Acórdão" pubDate="03/11/2025" artClass="00041:00020:00000:00000:00000:00000:00000:00000:00000:00000:00002:00000" artCategory="Ministério de Portos e Aeroportos/Agência Nacional de Transportes Aquaviários" artSize="12" artNotes="ok" numberPage="78" pdfPage="http://pesquisa.in.gov.br/imprensa/jsp/visualiza/index.jsp?data=03/11/2025&amp;jornal=515&amp;pagina=78" editionNumber="209" highlightType="" highlightPriority="" highlight="" highlightimage="" highlightimagename="" idMateria="23276802">
  <body>
    <Identifica><![CDATA[ ACÓRDÃO Nº 724/2025-ANTAQ]]></Identifica>
    <Data><![CDATA[]]></Data>
    <Ementa />
    <Titulo />
    <SubTitulo />
    <Texto><![CDATA[<p class="identifica">ACÓRDÃO Nº 724/2025-ANTAQ</p><p>1. Processo: 50300.016878/2025-17</p><p>2. Interessado: Autoridade Portuária dos Portos do Rio Grande do Sul S.A.</p><p>3. Relator: Caio Farias</p><p>4. Unidade Técnica: Superintendência de Outorgas</p><p>5. Acórdão:</p><p>VISTOS, relatados e discutidos os presentes autos que tratam de pedido de autorização especial de procedência da Autoridade Portuária dos Portos do Rio Grande do Sul S.A., inscrita no CNPJ sob o nº 46.191.353/0001-17, visando à continuidade de serviços portuários no "cais multipropósito", como infraestrutura de uso público, após a sua retirada da poligonal do Porto Organizado de Rio Grande, com a manutenção das mesmas regras tarifárias e de regulamentação de uso,</p><p>ACORDAM os Diretores da Agência Nacional de Transportes Aquaviários, reunidos para a Reunião Ordinária de Diretoria Colegiada de nº 597, ante as razões expostas pelo Relator, em:</p><p>5.1. deferir o pedido de autorização especial à Autoridade Portuária dos Portos do Rio Grande do Sul S.A., inscrita no CNPJ sob o nº 46.191.353/0001-17, com base no caput do art. 49 da Lei Federal nº 10.233, de 5 de junho de 2001, pelo prazo de 180 (cento e oitenta) dias, com vistas à continuidade de serviços portuários no "cais multipropósito", como infraestrutura de uso público, após a sua retirada da poligonal do Porto Organizado de Rio Grande, com a manutenção das atuais regras tarifárias e de regulamentação de uso;</p><p>5.2. ressaltar que a autorização ora deferida não desonera a requerente do atendimento às exigências junto à Receita Federal, assim como aos padrões de regularidade e segurança exigidos pelos entes intervenientes na operação, mormente no tocante às competências afetas à Marinha do Brasil, ao Poder Público Municipal, à Autoridade Aduaneira, ao Corpo de Bombeiros local e ao Órgão de Meio Ambiente;</p><p>5.3. determinar à Superintendência de Fiscalização e Coordenação das Unidades Regionais - SFC o acompanhamento dos desdobramentos da presente decisão;</p><p>5.4. determinar à Secretaria-Geral - SGE que adote providência para que o ato autorizativo entre em vigor em 03/11/2025; e</p><p>5.5. cientificar a requerente acerca da presente decisão.</p><p>6. Data da Reunião: 20 a 22/10/2025 - Virtual.</p><p>7. Especificação do quórum:</p><p>7.1. Diretores presentes: Frederico Dias (Presidente), Flávia Takafashi, Lima Filho, Alber Vasconcelos e Caio Farias (Relator).</p><p class="assina">Frederico Dias</p><p class="cargo">Diretor-Geral</p>]]></Texto>
  </body>
  <Midias />
</article></xml>