﻿<xml><article id="46236987" name="Res_Desp_3.137_2025_SFT_SCE" idOficio="11379355" pubName="DO1" artType="Despacho" pubDate="03/11/2025" artClass="00035:00043:00032:00000:00000:00000:00000:00000:00000:00000:00024:00000" artCategory="Ministério de Minas e Energia/Agência Nacional de Energia Elétrica/Superintendência de Concessões,  Permissões e Autorizações dos Serviços de Energia Elétrica" artSize="12" artNotes="" numberPage="72" pdfPage="http://pesquisa.in.gov.br/imprensa/jsp/visualiza/index.jsp?data=03/11/2025&amp;jornal=515&amp;pagina=72" editionNumber="209" highlightType="" highlightPriority="" highlight="" highlightimage="" highlightimagename="" idMateria="23276543">
  <body>
    <Identifica><![CDATA[ DESPACHO Nº 3.137, DE 30 DE OUTUBRO DE 2025]]></Identifica>
    <Data><![CDATA[]]></Data>
    <Ementa />
    <Titulo />
    <SubTitulo />
    <Texto><![CDATA[<p class="identifica">DESPACHO Nº 3.137, DE 30 DE OUTUBRO DE 2025</p><p>Processo nº: 48500.027009/2025-10. Interessado: Triunfo Geradora de Energia Elétrica Ltda., inscrita no CNPJ nº 43.577.146/0001-07. Decisão: Revogar, a pedido, as Autorizações das Centrais Geradoras Fotovoltaicas Triunfo Energia Solar 1 a 11. A íntegra deste Despacho (e seu anexo) consta dos autos e estará disponível em biblioteca.aneel.gov.br.</p><p class="assina">LUDIMILA LIMA DA SILVA</p><p class="cargo">Superintendente</p>]]></Texto>
  </body>
  <Midias />
</article></xml>