﻿<xml><article id="46237146" name="ADE6UDI145" idOficio="11379397" pubName="DO1" artType="Ato Declaratório" pubDate="03/11/2025" artClass="00028:00033:00435:00098:00014:00000:00000:00000:00000:00000:00007:00000" artCategory="Ministério da Fazenda/Secretaria Especial da Receita Federal do Brasil/Secretaria-Adjunta/Superintendência Regional da Receita Federal do Brasil 6ª Região Fiscal/Delegacia da Receita Federal do Brasil em Uberlândia" artSize="12" artNotes="ok" numberPage="54" pdfPage="http://pesquisa.in.gov.br/imprensa/jsp/visualiza/index.jsp?data=03/11/2025&amp;jornal=515&amp;pagina=54" editionNumber="209" highlightType="" highlightPriority="" highlight="" highlightimage="" highlightimagename="" idMateria="23276652">
  <body>
    <Identifica><![CDATA[ ATO DECLARATÓRIO EXECUTIVO Nº 145, DE 30 DE OUTUBRO DE 2025]]></Identifica>
    <Data><![CDATA[]]></Data>
    <Ementa><![CDATA[ Declara a suspensão da isenção tributária no período de 01/01/2020 a 31/12/2021.]]></Ementa>
    <Titulo />
    <SubTitulo />
    <Texto><![CDATA[<p class="identifica">ATO DECLARATÓRIO EXECUTIVO Nº 145, DE 30 DE OUTUBRO DE 2025</p><p class="ementa">Declara a suspensão da isenção tributária no período de 01/01/2020 a 31/12/2021.</p><p>O DELEGADO DA DELEGACIA DA RECEITA FEDERAL DO BRASIL EM UBERLÂNDIA/MG, no uso das atribuições que lhe são conferidas pelos artigos 290, 299 inciso III, 360, inciso III e 364, inciso VI, do Regimento Interno da Secretaria da Receita Federal do Brasil - RFB, aprovado pela Portaria ME nº 284, de 27 de julho de 2020, publicada no DOU de 27 de julho de 2020, e com base no artigo 32 da Lei 9.430, de 27 de dezembro de 1996, e tendo em vista o que consta no processo administrativo nº 13136.720266/2025-45, resolve:</p><p>Art. 1º Declarar suspensa a isenção tributária de que trata o artigo 15 da Lei nº 9.532/1997 e o artigo 14 da Medida Provisória nº 2.158-35/2001, no período de 01/01/2020 a 31/12/2021, da pessoa jurídica ASSOCIAÇÃO DE PROTEÇÃO E BENEFÍCIO AO PROPRIETÁRIO DE VEÍCULOS, CNPJ 15.145.811/0001-58, pelo descumprimento do disposto no artigo 12, § 2º, caput e alíneas "a", "b", "c" e "d" e no artigo 15, caput e § 3º, da Lei n° 9.532/1997.</p><p>Art. 2º Fica a pessoa jurídica mencionada sujeita aos lançamentos de ofício para a constituição dos créditos tributários relativos aos tributos e contribuições devidos e administrados pela Secretaria da Receita Federal do Brasil - RFB, cujos fatos geradores ocorreram no período abrangido pela suspensão da isenção tributária aqui especificada.</p><p>Art. 3º A pessoa jurídica interessada poderá, no prazo de trinta dias da ciência, apresentar impugnação ao Ato Declaratório, a qual será objeto de decisão pela Delegacia da Receita Federal de Julgamento competente, nos termos do inciso I do § 6º do artigo 32 da Lei 9.430, de 27 de dezembro de 1996.</p><p>Art. 4º O presente Ato Declaratório Executivo entra em vigor na data de sua publicação no DOU.</p><p class="assina">LUIZ CLÁUDIO MARTINS HENRIQUES</p>]]></Texto>
  </body>
  <Midias />
</article></xml>