﻿<xml><article id="46237071" name="resolucao_4350_2025 COALI GGFIS" idOficio="11379360" pubName="DO1" artType="Resolução" pubDate="03/11/2025" artClass="00047:00048:00016:00006:00000:00000:00000:00000:00000:00000:00064:34350" artCategory="Ministério da Saúde/Agência Nacional de Vigilância Sanitária/4ª Diretoria/Gerência-Geral de Inspeção e Fiscalização Sanitária" artSize="12" artNotes="" numberPage="134" pdfPage="http://pesquisa.in.gov.br/imprensa/jsp/visualiza/index.jsp?data=03/11/2025&amp;jornal=515&amp;pagina=134" editionNumber="209" highlightType="" highlightPriority="" highlight="" highlightimage="" highlightimagename="" idMateria="23276607">
  <body>
    <Identifica><![CDATA[ RESOLUÇÃO-RE Nº 4.350, DE 31 DE OUTUBRO DE 2025]]></Identifica>
    <Data><![CDATA[]]></Data>
    <Ementa />
    <Titulo />
    <SubTitulo />
    <Texto><![CDATA[<p class="identifica">RESOLUÇÃO-RE Nº 4.350, DE 31 DE OUTUBRO DE 2025</p><p>O GERENTE-GERAL DE INSPEÇÃO E FISCALIZAÇÃO SANITÁRIA DA AGÊNCIA NACIONAL DE VIGILÂNCIA SANITÁRIA, no uso das atribuições que lhe confere o art. 140, aliado ao art. 203, I, § 1º do Regimento Interno aprovado pela Resolução da Diretoria Colegiada - RDC nº 585, de 10 de dezembro de 2021, e o art. 6º, da Lei nº 9.782, de 26 de janeiro de 1999, resolve:</p><p>Art. 1º Adotar a medida preventiva constante no ANEXO.</p><p>Art. 2º Esta Resolução entra em vigor na data de sua publicação.</p><p class="assina">MARCUS AURÉLIO MIRANDA DE ARAÚJO</p><p class="anexo">ANEXO</p><p>1. Empresa: VIBE COFFEE LTDA - CNPJ: 50744213000104</p><p>Produto - (Lote): TODOS OS ALIMENTOS, INCLUINDO CAFÉS (TODOS);</p><p>Tipo de Produto: Alimento</p><p>Expediente nº: 1445046/25-1</p><p>Assunto: 70351 - Ações de Fiscalização em Vigilância Sanitária</p><p>Ações de fiscalização: Apreensão</p><p>Proibição - Comercialização, Distribuição, Fabricação, Propaganda, Uso</p><p>Motivação: Considerando a ausência de Licença Sanitária da empresa, ausência de regularização dos produtos (Comunicado de Início de Fabricação), falhas graves de Boas Práticas de Fabricação (como ausência de rastreabilidade, ausência de procedimentos operacionais padrão, condições inadequadas de higienização), irregularidades constatadas durante inspeção realizada pelo Núcleo Especial de Vigilância Sanitária (NEVS) da Secretaria de Estado da Saúde do Espírito Santo, conforme o Relatório de Inspeção Sanitária (RIS) nº 01-90758501. A empresa comercializa seus produtos no endereço eletrônico: www.vibecoffee.com.br e em outras plataformas de venda online. Foram infringidos: art. 45, 46 e incisos I e II do art.48 do DECRETO-LEI Nº 986, DE 21 DE OUTUBRO DE 1969; inciso III do art. 3º da RESOLUÇÃO - RDC Nº 843, DE 22 DE FEVEREIRO DE 2024; Anexo III da INSTRUÇÃO NORMATIVA - IN N° 281, DE 22 DE FEVEREIRO DE 2024; Anexo I e Anexo II da RESOLUÇÃO-RDC Nº 275, DE 21 DE OUTUBRO DE 2002; itens 8.1.1 e 8.1.2 da PORTARIA Nº 326, DE 30 DE JULHO DE 1997; art. 5º, 6º e 7º da RESOLUÇÃO - RDC Nº 655, DE 24 DE MARÇO DE 2022, tendo em vista o inciso XV, art. 7º da LEI Nº 9.782, DE 26 DE JANEIRO DE 1999.</p>]]></Texto>
  </body>
  <Midias />
</article></xml>