﻿<xml><article id="46225840" name="Ato 24099" idOficio="11377018" pubName="DO1" artType="Ato Declaratório" pubDate="03/11/2025" artClass="00028:00041:00019:00017:00000:00000:00000:00000:00000:00000:00007:00000" artCategory="Ministério da Fazenda/Comissão de Valores Mobiliários/Superintendência-Geral/Superintendência de Relações com o Mercado e Intermediários" artSize="12" artNotes="ok" numberPage="57" pdfPage="http://pesquisa.in.gov.br/imprensa/jsp/visualiza/index.jsp?data=03/11/2025&amp;jornal=515&amp;pagina=57" editionNumber="209" highlightType="" highlightPriority="" highlight="" highlightimage="" highlightimagename="" idMateria="23271252">
  <body>
    <Identifica><![CDATA[ ATO DECLARATÓRIO CVM Nº 24.099, DE 29 DE OUTUBRO DE 2025]]></Identifica>
    <Data><![CDATA[]]></Data>
    <Ementa />
    <Titulo />
    <SubTitulo />
    <Texto><![CDATA[<p class="identifica">ATO DECLARATÓRIO CVM Nº 24.099, DE 29 DE OUTUBRO DE 2025</p><p>O Superintendente de Relações com o Mercado e Intermediários da Comissão de Valores Mobiliários cancela de ofício, retroativamente a 1.o/09/2025, o registro concedido ao BANCO MODAL S.A., CNPJ nº 30.723.886/0001-62, nos termos do art.2º, VII, da Resolução CVM 35/2021 e do art. 39, I, da Resolução CVM 24/2021, para atuação como Intermediário de Valores Mobiliários (Banco Múltiplo com Carteira de Investimento), em decorrência da sua incorporação pelo BANCO XP S.A. (CNPJ. nº 33.264.668/0001-03).</p><p class="assina">ANDRE FRANCISCO LUIZ DE ALENCAR PASSARO</p>]]></Texto>
  </body>
  <Midias />
</article></xml>