﻿<xml><article id="46239889" name="resolucao_4361_2025 COAFE" idOficio="11379573" pubName="DO1" artType="Resolução" pubDate="03/11/2025" artClass="00047:00048:00016:00006:00002:00000:00000:00000:00000:00000:00064:34361" artCategory="Ministério da Saúde/Agência Nacional de Vigilância Sanitária/4ª Diretoria/Gerência-Geral de Inspeção e Fiscalização Sanitária/Coordenação de Autorização de Funcionamento de Empresas" artSize="12" artNotes="" numberPage="145" pdfPage="http://pesquisa.in.gov.br/imprensa/jsp/visualiza/index.jsp?data=03/11/2025&amp;jornal=515&amp;pagina=145" editionNumber="209" highlightType="" highlightPriority="" highlight="" highlightimage="" highlightimagename="" idMateria="23277000">
  <body>
    <Identifica><![CDATA[ RESOLUÇÃO-RE Nº 4.361, DE 31 DE OUTUBRO DE 2025]]></Identifica>
    <Data><![CDATA[]]></Data>
    <Ementa />
    <Titulo />
    <SubTitulo />
    <Texto><![CDATA[<p class="identifica">RESOLUÇÃO-RE Nº 4.361, DE 31 DE OUTUBRO DE 2025</p><p>O COORDENADOR DE AUTORIZAÇÃO DE FUNCIONAMENTO DE EMPRESAS DA AGÊNCIA NACIONAL DE VIGILÂNCIA SANITÁRIA, no uso das atribuições que lhe confere o art. 144, aliado ao art. 203, I, §1° do Regimento Interno aprovado pela Resolução da Diretoria Colegiada - RDC n° 585, de 10 de dezembro de 2021, resolve:</p><p>Art. 1º. Alterar Autorização Especial para Empresas de Medicamentos e de Insumos Farmacêuticos, constantes no anexo desta Resolução, de acordo com a Portaria n°. 344, de 12 de maio de 1998 e suas atualizações, observando-se as proibições e restrições estabelecidas.</p><p>Art. 2º Esta Resolução entra em vigor na data de sua publicação.</p><p class="assina">DANIEL MARCOS PEREIRA DOURADO</p><p>ANEXO</p><p>RCC - DISTRIBUIDORA DE MEDICAMENTOS, CORRELATOS E PRODUTOS MEDICOS E HOSPITALARES LTDA / 00.358.519/0001-46</p><p>25351.366978/2018-10 / 1178447</p><p>ARMAZENAR: MEDICAMENTO</p><p>DISTRIBUIR: MEDICAMENTO</p><p>EXPEDIR: MEDICAMENTO</p><p>70804 - AE - ALTERAÇÃO - ENDEREÇO / 1397864257</p><p>--------------------------------------</p><p>Nova Biodoses farmácia de manipulação ltda / 41.287.819/0001-69</p><p>25351.399981/2021-15 / 1265407</p><p>MANIPULAR: INSUMOS FARMACÊUTICOS</p><p>7027 - AE - ALTERAÇÃO - FARMÁCIA DE MANIPULAÇÃO - ENDEREÇO / 1401867251</p><p>--------------------------------------</p><p>MAXIMUS HOSPITALAR LTDA / 39.443.398/0001-76</p><p>25351.028261/2023-30 / 1287002</p><p>ARMAZENAR: MEDICAMENTO</p><p>DISTRIBUIR: MEDICAMENTO</p><p>EXPEDIR: MEDICAMENTO</p><p>TRANSPORTAR: MEDICAMENTO</p><p>70808 - AE - ALTERAÇÃO - AMPLIAÇÃO DE ATIVIDADE / 1408296250</p><p>--------------------------------------</p><p>LUQUE FARMACIA DE MANIPULAÇÃO LTDA. ME / 20.386.240/0001-83</p><p>25351.649990/2014-33 / 7324919</p><p>COMÉRCIO: ALIMENTOS PERMITIDOS / COSMÉTICOS / PERFUMES / PRODUTOS DE HIGIENE / PRODUTOS PARA SAÚDE (DISPOSITIVOS MÉDICOS)</p><p>DISPENSAÇÃO DE MEDICAMENTOS, INCLUSIVE SUJEITOS A CONTROLE ESPECIAL</p><p>DISPENSAÇÃO DE PLANTAS MEDICINAIS: -</p><p>MANIPULAÇÃO DE PRODUTOS MAGISTRAIS: -</p><p>MANIPULAÇÃO DE PRODUTOS OFICINAIS: -</p><p>7027 - AE - ALTERAÇÃO - FARMÁCIA DE MANIPULAÇÃO - ENDEREÇO / 1398195251</p><p>--------------------------------------</p><p>HORUS FARMA DISTRIBUIDORA DE MEDICAMENTOS LTDA / 26.754.510/0001-48</p><p>25351.380769/2017-41 / 1167354</p><p>ARMAZENAR: MEDICAMENTO</p><p>DISTRIBUIR: MEDICAMENTO</p><p>EXPEDIR: MEDICAMENTO</p><p>70804 - AE - ALTERAÇÃO - ENDEREÇO / 1402791259</p><p>--------------------------------------</p><p>MEP TRANSPORTES LTDA / 05.388.824/0002-85</p><p>25351.272205/2019-54 / 1188122</p><p>TRANSPORTAR: INSUMOS FARMACÊUTICOS / MEDICAMENTO</p><p>70804 - AE - ALTERAÇÃO - ENDEREÇO / 1401866255</p><p>--------------------------------------</p><p>SERMED DISTRIBUIDORA LTDA / 23.486.068/0001-28</p><p>25351.151250/2022-71 / 1271401</p><p>ARMAZENAR: MEDICAMENTO</p><p>DISTRIBUIR: MEDICAMENTO</p><p>EXPEDIR: MEDICAMENTO</p><p>70803 - AE - ALTERAÇÃO - RAZÃO SOCIAL / 1441405259</p><p>--------------------------------------</p><p>MED OESTE DISTRIBUIDORA DE PRODUTOS HOSPITALARES LTDA / 54.021.671/0001-68</p><p>25351.442336/2024-72 / 1322188</p><p>ARMAZENAR: INSUMOS FARMACÊUTICOS / MEDICAMENTO</p><p>DISTRIBUIR: INSUMOS FARMACÊUTICOS / MEDICAMENTO</p><p>EXPEDIR: INSUMOS FARMACÊUTICOS / MEDICAMENTO</p><p>70804 - AE - ALTERAÇÃO - ENDEREÇO / 1390852253</p><p>--------------------------------------</p><p>AME DISTRIBUIDORA DE PRODUTOS FARMACÊUTICOS LTDA / 48.364.224/0001-09</p><p>25351.646569/2022-81 / 1285721</p><p>ARMAZENAR: MEDICAMENTO</p><p>DISTRIBUIR: MEDICAMENTO</p><p>EXPEDIR: MEDICAMENTO</p><p>IMPORTAR: MEDICAMENTO</p><p>70804 - AE - ALTERAÇÃO - ENDEREÇO / 1405878258</p><p>--------------------------------------</p><p>LUQUE FARMACIA DE MANIPULAÇÃO LTDA. ME / 20.386.240/0001-83</p><p>25351.770110/2014-97 / 1132833</p><p>MANIPULAR: INSUMOS FARMACÊUTICOS</p><p>7027 - AE - ALTERAÇÃO - FARMÁCIA DE MANIPULAÇÃO - ENDEREÇO / 1398046256</p><p>--------------------------------------</p><p>CRISTALIA PRODUTOS QUIMICOS FARMACEUTICOS LTDA / 44.734.671/0008-28</p><p>25000.023589/99-59 / 1206375</p><p>ARMAZENAR: INSUMO / MEDICAMENTO</p><p>EMBALAR: INSUMO / MEDICAMENTO</p><p>EXPEDIR: INSUMO / MEDICAMENTO</p><p>EXPORTAR: INSUMO / MEDICAMENTO</p><p>FABRICAR: MEDICAMENTO</p><p>IMPORTAR: INSUMO / MEDICAMENTO</p><p>REEMBALAR: INSUMO / MEDICAMENTO</p><p>TRANSPORTAR: INSUMO / MEDICAMENTO</p><p>70806 - AE - ALTERAÇÃO - REDUÇÃO DE ATIVIDADE / 1394279256</p>]]></Texto>
  </body>
  <Midias />
</article></xml>