﻿<xml><article id="46241244" name="PORTARIA NORMATIVA N 199 AGU Ins" idOficio="11379686" pubName="DO1" artType="Portaria" pubDate="03/11/2025" artClass="00006:00007:00000:00000:00000:00000:00000:00000:00000:00000:00054:00000" artCategory="Presidência da República/Advocacia-Geral da União" artSize="12" artNotes="" numberPage="25" pdfPage="http://pesquisa.in.gov.br/imprensa/jsp/visualiza/index.jsp?data=03/11/2025&amp;jornal=515&amp;pagina=25" editionNumber="209" highlightType="" highlightPriority="" highlight="" highlightimage="" highlightimagename="" idMateria="23277332">
  <body>
    <Identifica><![CDATA[ PORTARIA NORMATIVA AGU Nº 199, DE 31 DE OUTUBRO DE 2025]]></Identifica>
    <Data><![CDATA[]]></Data>
    <Ementa><![CDATA[ Institui Comissão Técnica de Redação para elaboração da proposta de protocolo de atuação da Advocacia-Geral da União com enfoque em gênero, raça, etnia e demais interseccionalidades.]]></Ementa>
    <Titulo />
    <SubTitulo />
    <Texto><![CDATA[<p class="identifica">PORTARIA NORMATIVA AGU Nº 199, DE 31 DE OUTUBRO DE 2025</p><p class="ementa">Institui Comissão Técnica de Redação para elaboração da proposta de protocolo de atuação da Advocacia-Geral da União com enfoque em gênero, raça, etnia e demais interseccionalidades.</p><p><strong>O ADVOGADO-GERAL DA UNIÃO</strong>, no uso das atribuições que lhe confere o art. 4º, caput, incisos I, XIII e XVIII, da Lei Complementar nº 73, de 10 de fevereiro de 1993, tendo em vista o que consta no Processo Administrativo nº 00400.001493/2025-59, resolve:</p><p>Art. 1º Fica instituída Comissão Técnica de Redação com a finalidade de elaborar proposta de protocolo de atuação da Advocacia-Geral da União com enfoque em gênero, raça, etnia e demais interseccionalidades.</p><p>Parágrafo único. A proposta de protocolo de que trata o caput será disponibilizada por meio de manual da instituição, com o objetivo de orientar a atuação:</p><p>I - dos órgãos mencionados no art. 2º do Anexo I ao Decreto nº 12.540, de 30 de junho de 2025;</p><p>II - da Procuradoria-Geral da Fazenda Nacional; e</p><p>III - da Procuradoria-Geral do Banco Central do Brasil.</p><p>Art. 2º A Comissão Técnica de Redação coletará informações que subsidiarão a elaboração da proposta de protocolo de atuação da Advocacia-Geral da União com enfoque em gênero, raça, etnia e demais interseccionalidades, podendo adotar as seguintes providências:</p><p>I - realizar o levantamento de práticas vigentes na Advocacia-Geral da União relacionadas às temáticas de gênero, raça, etnia e demais interseccionalidades; e</p><p>II - consultar especialistas e outros órgãos do sistema de justiça.</p><p>Parágrafo único. O relator da proposta de protocolo será designado entre os integrantes da Comissão Técnica de Redação, pelo seu Presidente.</p><p>Art. 3º A Comissão Técnica de Redação será composta por um representante de cada órgão a seguir:</p><p>I - Secretaria-Geral de Consultoria, que a presidirá;</p><p>II - Assessoria Especial de Diversidade e Inclusão;</p><p>III - Secretaria-Geral de Contencioso;</p><p>IV - Procuradoria-Geral da União;</p><p>V - Consultoria-Geral da União;</p><p>VI - Procuradoria-Geral Federal;</p><p>VII - Procuradoria-Geral da Fazenda Nacional; e</p><p>VIII - Procuradoria-Geral do Banco Central do Brasil.</p><p>§ 1º Cada integrante da Comissão Técnica de Redação terá um suplente, que o substituirá em suas ausências e impedimentos.</p><p>§ 2º Os integrantes da Comissão Técnica de Redação e respectivos suplentes serão indicados pelos órgãos que representam e designados por ato específico do Secretário-Geral de Consultoria.</p><p>§ 3º O quórum de reunião e de deliberação da Comissão Técnica de Redação é de maioria simples dos integrantes.</p><p>§ 4º A Comissão Técnica de Redação se reunirá, em caráter ordinário, quinzenalmente e, em caráter extraordinário, sempre que convocada pela sua Presidência, com antecedência mínima de três dias da data da reunião.</p><p>§ 5º As reuniões da Comissão Técnica de Redação serão realizadas, preferencialmente, por videoconferência.</p><p>Art. 4º A Assessoria Especial de Diversidade e Inclusão atuará como Secretaria-Executiva da Comissão Técnica de Redação.</p><p>Art. 5º A participação na Comissão Técnica de Redação será considerada prestação de serviço público relevante, não remunerada.</p><p>Art. 6º A Comissão Técnica de Redação terá o prazo de sessenta dias, a contar da data de publicação desta Portaria Normativa, para elaborar a primeira versão da minuta de protocolo de atuação da Advocacia-Geral da União com enfoque em gênero, raça, etnia e demais interseccionalidades.</p><p>Art. 7º A Comissão Técnica de Redação encerrará suas atividades com a apresentação da versão final da proposta de protocolo de atuação da Advocacia-Geral da União com enfoque em gênero, raça, etnia e demais interseccionalidades ao Secretário-Geral de Consultoria, no prazo máximo de cento e vinte dias, a contar da data de publicação desta Portaria Normativa.</p><p>Art. 8º A Secretaria-Geral de Consultoria será responsável pela publicação do protocolo de atuação da Advocacia-Geral da União com enfoque em gênero, raça, etnia e demais interseccionalidades.</p><p>Art. 9º Esta Portaria Normativa entra em vigor na data de sua publicação.</p><p class="assina">JORGE RODRIGO ARAÚJO MESSIAS</p>]]></Texto>
  </body>
  <Midias />
</article></xml>