﻿<xml><article id="46240756" name="PT SAES NA 3392" idOficio="11379683" pubName="DO1" artType="Portaria" pubDate="03/11/2025" artClass="00047:00037:00000:00000:00000:00000:00000:00000:00000:00000:00017:00009" artCategory="Ministério da Saúde/Secretaria de Atenção Especializada à Saúde" artSize="12" artNotes="" numberPage="87" pdfPage="http://pesquisa.in.gov.br/imprensa/jsp/visualiza/index.jsp?data=03/11/2025&amp;jornal=515&amp;pagina=87" editionNumber="209" highlightType="" highlightPriority="" highlight="" highlightimage="" highlightimagename="" idMateria="23277320">
  <body>
    <Identifica><![CDATA[ Portaria SAES/MS Nº 3.392, DE 23 DE outubro DE 2025]]></Identifica>
    <Data><![CDATA[]]></Data>
    <Ementa><![CDATA[ Concede autorização ao estabelecimento e à equipe de saúde para retirada e transplante de órgãos e tecidos.]]></Ementa>
    <Titulo />
    <SubTitulo />
    <Texto><![CDATA[<p class="identifica">Portaria SAES/MS Nº 3.392, DE 23 DE outubro DE 2025</p><p class="ementa">Concede autorização ao estabelecimento e à equipe de saúde para retirada e transplante de órgãos e tecidos.</p><p>O SECRETÁRIO DE ATENÇÃO ESPECIALIZADA À SAÚDE, no uso das atribuições que lhe confere o Decreto nº 11.798, de 28 de novembro de 2023, alterado pelo Decreto nº 12.489, de 04 de junho de 2025, resolve:</p><p>Art. 1º Fica concedida autorização para realizar retirada e transplante de rim ao estabelecimento de saúde a seguir identificado:</p><p>RETIRADA DE ÓRGÃOS E TECIDOS: 24.20</p><p>TRANSPLANTE DE RIM: 24.08</p><p>SÃO PAULO</p><p /><p></p><table><tr /><tr><td rowspan="1" colspan="1"><p>Nº do SNT: 2 01 25 SP 53</p></td></tr><tr><td rowspan="1" colspan="1"><p>I - denominação: Hospital e Maternidade Salvalus / Notre Dame Intermédica Saúde S A</p></td></tr><tr><td rowspan="1" colspan="1"><p>II - CNPJ: 44.649.812/0284-90</p></td></tr><tr><td rowspan="1" colspan="1"><p>III - CNES: 9554157</p></td></tr><tr><td rowspan="1" colspan="1"><p>IV - endereço: Rua Bresser, nº 1.954, Bairro: Brás, São Paulo/SP, CEP 03161-160.</p></td></tr></table><p>Art. 2º Fica concedida autorização para realizar retirada e transplante de rim à equipe de saúde a seguir identificada:</p><p>TRANSPLANTE DE RIM: 24.08</p><p>SÃO PAULO</p><p /><p></p><table><tr /><tr><td rowspan="1" colspan="1"><p>Nº do SNT: 1 01 25 SP 99</p></td></tr><tr><td rowspan="1" colspan="1"><p>I - responsável técnico: Alexandre Eustáquio Buzetti de Sá, urologista, CRM 165121 - SP;</p></td></tr><tr><td rowspan="1" colspan="1"><p>II- membro: Gustavo Ferreira da Mata¸ nefrologista, CRM 159045 - SP;</p></td></tr><tr><td rowspan="1" colspan="1"><p>III- membro: Cahue Henrique Motta Coli Pinto, nefrologista, CRM 161447 - SP;</p></td></tr><tr><td rowspan="1" colspan="1"><p>IV- membro: Marcos Francisco Dall Oglio, urologista, CRM 84860 - SP;</p></td></tr><tr><td rowspan="1" colspan="1"><p>V- membro: Ruana Sousa Girardi, nefrologista, CRM 170063 - SP;</p></td></tr><tr><td rowspan="1" colspan="1"><p>VI- membro: Cássio José de Oliveira Rodrigues, nefrologista, CRM 86620 - SP.</p></td></tr></table><p>Art. 3º As autorizações concedidas por meio desta Portaria, nos termos da Nota Técnica nº 100/2025-CGSNT/DAET/SAES/MS, constante no NUP/SEI 25000.181907/2025-58, para equipe especializada e estabelecimento de saúde, terão validade de 4 (quatro) anos, em conformidade com o estabelecido nos §§ 4º, 5º, 6º e 7° do art. 11 do Decreto nº 9.175, de 18 de outubro de 2017.</p><p>Art. 4º Esta Portaria entra em vigor na data de sua publicação.</p><p class="assina">MOZART JULIO TABOSA SALES</p>]]></Texto>
  </body>
  <Midias />
</article></xml>