﻿<xml><article id="46233425" name="Tabela DLP RDC 630 RAC" idOficio="11378399" pubName="DO1" artType="Decisão" pubDate="03/11/2025" artClass="00047:00047:00007:00001:00000:00000:00000:00000:00000:00000:00018:00009" artCategory="Ministério da Saúde/Agência Nacional de Saúde Suplementar/Diretoria Colegiada/Coordenadoria de Recursos e Assessoramento" artSize="24" artNotes="" numberPage="96" pdfPage="http://pesquisa.in.gov.br/imprensa/jsp/visualiza/index.jsp?data=03/11/2025&amp;jornal=515&amp;pagina=96" editionNumber="209" highlightType="" highlightPriority="" highlight="" highlightimage="" highlightimagename="" idMateria="23273599">
  <body>
    <Identifica><![CDATA[ DECISÃO de 31 de outubro de 2025]]></Identifica>
    <Data><![CDATA[]]></Data>
    <Ementa />
    <Titulo />
    <SubTitulo />
    <Texto><![CDATA[<p class="identifica">DECISÃO de 31 de outubro de 2025</p><p>A Diretoria Colegiada da AGÊNCIA NACIONAL DE SAÚDE SUPLEMENTAR - ANS, no uso de suas atribuições legais, e tendo em vista o disposto no inciso VI do artigo 10 da Lei nº 9.961, de 28 de janeiro de 2000, em deliberação através da 630ª Reunião de Diretoria Colegiada - DC Ordinária, realizada em 31 de outubro de 2025, aprovou o voto relator no seguinte processo administrativo de alegação de Doença ou Lesão Preexistente (DLP):</p><p /><p></p><table><tr /><tr><td rowspan="1" colspan="1"><p>Processo ANS n.º</p></td><td rowspan="1" colspan="1"><p>Nome</p></td><td rowspan="1" colspan="1"><p>Relator</p></td><td rowspan="1" colspan="1"><p>Decisão</p></td></tr><tr><td rowspan="1" colspan="1"><p>33910.008892/2024-69</p></td><td rowspan="1" colspan="1"><p>BEST SENIOR OPERADORA DE SAÚDE LTDA</p></td><td rowspan="1" colspan="1"><p>DIGES</p></td><td rowspan="1" colspan="1"><p>Pelo conhecimento e não provimento do recurso, mantendo a decisão de 1ª instância pela improcedência da alegação de omissão de DLP.</p></td></tr></table><p>Os autos dos processos em epígrafe encontram-se à disposição dos interessados na ANS.</p><p class="assina">Wadih Nemer Damous Filho</p><p class="cargo">Diretor-Presidente</p>]]></Texto>
  </body>
  <Midias />
</article></xml>