﻿<xml><article id="46237059" name="resolucao_4356_2025 COAFE" idOficio="11379360" pubName="DO1" artType="Resolução" pubDate="03/11/2025" artClass="00047:00048:00016:00006:00002:00000:00000:00000:00000:00000:00064:34356" artCategory="Ministério da Saúde/Agência Nacional de Vigilância Sanitária/4ª Diretoria/Gerência-Geral de Inspeção e Fiscalização Sanitária/Coordenação de Autorização de Funcionamento de Empresas" artSize="12" artNotes="" numberPage="137" pdfPage="http://pesquisa.in.gov.br/imprensa/jsp/visualiza/index.jsp?data=03/11/2025&amp;jornal=515&amp;pagina=137" editionNumber="209" highlightType="" highlightPriority="" highlight="" highlightimage="" highlightimagename="" idMateria="23276593">
  <body>
    <Identifica><![CDATA[ RESOLUÇÃO-RE nº 4.356, DE 31 DE OUTUBRO DE 2025]]></Identifica>
    <Data><![CDATA[]]></Data>
    <Ementa />
    <Titulo />
    <SubTitulo />
    <Texto><![CDATA[<p class="identifica">RESOLUÇÃO-RE nº 4.356, DE 31 DE OUTUBRO DE 2025</p><p>O COORDENADOR DE AUTORIZAÇÃO DE FUNCIONAMENTO DE EMPRESAS DA AGÊNCIA NACIONAL DE VIGILÂNCIA SANITÁRIA, no uso das atribuições que lhe confere o art. 144, aliado ao art. 203, I, §1° do Regimento Interno aprovado pela Resolução da Diretoria Colegiada - RDC n° 585, de 10 de dezembro de 2021, resolve:</p><p>Art. 1º. Conceder Autorização de Funcionamento para Empresas constantes no anexo desta Resolução.</p><p>Art. 2º Esta Resolução entra em vigor na data de sua publicação.</p><p class="assina">DANIEL MARCOS PEREIRA DOURADO</p><p>ANEXO</p><p>ENZITECH SERVICOS PARA LABORATORIOS LTDA / 19.748.315/0001-40</p><p>25351.193763/2025-01 / 8330345</p><p>ARMAZENAR: PRODUTOS PARA SAÚDE (DISPOSITIVOS MÉDICOS)</p><p>DISTRIBUIR: PRODUTOS PARA SAÚDE (DISPOSITIVOS MÉDICOS)</p><p>EXPEDIR: PRODUTOS PARA SAÚDE (DISPOSITIVOS MÉDICOS)</p><p>856 - AFE - CONCESSÃO - PRODUTOS PARA SAÚDE - DISTRIBUIR / 1408481251</p><p>--------------------------------------</p><p>PARAIBA SAUDE E ODONTO LTDA / 35.397.052/0001-28</p><p>25351.194291/2025-03 / 8330939</p><p>ARMAZENAR: PRODUTOS PARA SAÚDE (DISPOSITIVOS MÉDICOS)</p><p>DISTRIBUIR: PRODUTOS PARA SAÚDE (DISPOSITIVOS MÉDICOS)</p><p>EXPEDIR: PRODUTOS PARA SAÚDE (DISPOSITIVOS MÉDICOS)</p><p>856 - AFE - CONCESSÃO - PRODUTOS PARA SAÚDE - DISTRIBUIR / 1414745257</p><p>--------------------------------------</p><p>FENIX SOLUTIONS DISTRIBUICAO COMERCIO E SERVICOS LTDA / 60.804.967/0001-58</p><p>25351.159207/2025-05 / 8326324</p><p>ARMAZENAR: PRODUTOS PARA SAÚDE (DISPOSITIVOS MÉDICOS)</p><p>DISTRIBUIR: PRODUTOS PARA SAÚDE (DISPOSITIVOS MÉDICOS)</p><p>EXPEDIR: PRODUTOS PARA SAÚDE (DISPOSITIVOS MÉDICOS)</p><p>856 - AFE - CONCESSÃO - PRODUTOS PARA SAÚDE - DISTRIBUIR / 1183923252</p><p>--------------------------------------</p><p>MC COMERCIO DE PRODUTOS FARMACEUTICOS LTDA / 06.277.082/0009-50</p><p>25351.200332/2025-08 / 5224551</p><p>COMÉRCIO: COSMÉTICOS, PERFUMES, PRODUTOS DE HIGIENE, CORRELATOS, ALIMENTOS E PLANTAS MEDICINAIS (IN Nº 9/2009)</p><p>DISPENSAÇÃO DE MEDICAMENTOS CONTENDO SUBSTÂNCIAS SUJEITAS AO CONTROLE ESPECIAL</p><p>DISPENSAÇÃO DE MEDICAMENTOS NÃO SUJEITOS AO CONTROLE ESPECIAL</p><p>MANIPULAÇÃO DE PRODUTOS MAGISTRAIS</p><p>MANIPULAÇÃO DE PRODUTOS OFICINAIS</p><p>733 - AFE - CONCESSÃO - FARMÁCIAS E DROGARIAS / 1443646253</p><p>--------------------------------------</p><p>GLT LOGISTICA E TRANSPORTE LTDA / 29.857.317/0001-20</p><p>25351.193837/2025-09 / 3148340</p><p>TRANSPORTAR: SANEANTE DOMIS.</p><p>737 - AFE - CONCESSÃO - SANEANTES - TRANSPORTAR (SOMENTE MATRIZ) / 1408705257</p><p>--------------------------------------</p><p>FARMACIA DO TRABALHADOR DE NOVO ORIENTE DE MINAS LTDA / 51.433.487/0001-37</p><p>25351.199883/2025-11 / 5224461</p><p>COMÉRCIO: COSMÉTICOS, PERFUMES, PRODUTOS DE HIGIENE, CORRELATOS, ALIMENTOS E PLANTAS MEDICINAIS (IN Nº 9/2009)</p><p>DISPENSAÇÃO DE MEDICAMENTOS CONTENDO SUBSTÂNCIAS SUJEITAS AO CONTROLE ESPECIAL</p><p>DISPENSAÇÃO DE MEDICAMENTOS NÃO SUJEITOS AO CONTROLE ESPECIAL</p><p>PRESTAÇÃO DE SERVIÇOS FARMACÊUTICOS</p><p>733 - AFE - CONCESSÃO - FARMÁCIAS E DROGARIAS / 1441432256</p><p>--------------------------------------</p><p>GREENTEX QUIMICA LTDA / 04.973.218/0001-83</p><p>25351.193833/2025-12 / 1419156</p><p>IMPORTAR: INSUMOS FARMACÊUTICOS / MEDICAMENTO</p><p>703 - AFE - CONCESSÃO - MEDICAMENTOS E INSUMOS FARMACÊUTICOS - IMPORTAR (SOMENTE MATRIZ) / 1408695251</p><p>--------------------------------------</p><p>EIDA ANNY OLIVEIRA MONTALVAO LTDA / 53.406.023/0001-67</p><p>25351.199793/2025-12 / 5224412</p><p>COMÉRCIO: COSMÉTICOS, PERFUMES, PRODUTOS DE HIGIENE, CORRELATOS, ALIMENTOS E PLANTAS MEDICINAIS (IN Nº 9/2009)</p><p>DISPENSAÇÃO DE MEDICAMENTOS CONTENDO SUBSTÂNCIAS SUJEITAS AO CONTROLE ESPECIAL</p><p>DISPENSAÇÃO DE MEDICAMENTOS NÃO SUJEITOS AO CONTROLE ESPECIAL</p><p>PRESTAÇÃO DE SERVIÇOS FARMACÊUTICOS</p><p>733 - AFE - CONCESSÃO - FARMÁCIAS E DROGARIAS / 1441284257</p><p>--------------------------------------</p><p>TRANSPOLI TRANSPORTES LTDA / 28.401.762/0001-19</p><p>25351.193110/2025-13 / 8330271</p><p>TRANSPORTAR: PRODUTOS PARA SAÚDE (DISPOSITIVOS MÉDICOS)</p><p>862 - AFE - CONCESSÃO - PRODUTOS PARA SAÚDE - TRANSPORTAR / 1405711256</p><p>--------------------------------------</p><p>R3 Log TRANSPORTES LTDA / 52.966.588/0001-36</p><p>25351.193722/2025-14 / 2116139</p><p>TRANSPORTAR: COSMÉTICOS / PERFUMES / PRODUTOS DE HIGIENE</p><p>728 - AFE - CONCESSÃO - COSMÉTICOS, PERFUMES E PRODUTOS DE HIGIENE - TRANSPORTAR (SOMENTE MATRIZ) / 1408361256</p><p>--------------------------------------</p><p>ENZO FARMA LTDA / 28.298.620/0005-00</p><p>25351.199634/2025-18 / 5224409</p><p>COMÉRCIO: COSMÉTICOS, PERFUMES, PRODUTOS DE HIGIENE, CORRELATOS, ALIMENTOS E PLANTAS MEDICINAIS (IN Nº 9/2009)</p><p>DISPENSAÇÃO DE MEDICAMENTOS CONTENDO SUBSTÂNCIAS SUJEITAS AO CONTROLE ESPECIAL</p><p>DISPENSAÇÃO DE MEDICAMENTOS NÃO SUJEITOS AO CONTROLE ESPECIAL</p><p>PRESTAÇÃO DE SERVIÇOS FARMACÊUTICOS</p><p>733 - AFE - CONCESSÃO - FARMÁCIAS E DROGARIAS / 1440141258</p><p>--------------------------------------</p><p>GCARGO EXPRESS LTDA / 31.661.912/0001-38</p><p>25351.193223/2025-19 / 1418671</p><p>TRANSPORTAR: INSUMOS FARMACÊUTICOS</p><p>701 - AFE - CONCESSÃO - MEDICAMENTOS E INSUMOS FARMACÊUTICOS - TRANSPORTAR (SOMENTE MATRIZ) / 1405986255</p><p>--------------------------------------</p><p>LEILIANE AZEVEDO RIBEIRO FARMACIA LTDA / 63.317.617/0001-55</p><p>25351.200106/2025-19 / 5224517</p><p>COMÉRCIO: COSMÉTICOS, PERFUMES, PRODUTOS DE HIGIENE, CORRELATOS, ALIMENTOS E PLANTAS MEDICINAIS (IN Nº 9/2009)</p><p>DISPENSAÇÃO DE MEDICAMENTOS CONTENDO SUBSTÂNCIAS SUJEITAS AO CONTROLE ESPECIAL</p><p>DISPENSAÇÃO DE MEDICAMENTOS NÃO SUJEITOS AO CONTROLE ESPECIAL</p><p>PRESTAÇÃO DE SERVIÇOS FARMACÊUTICOS</p><p>733 - AFE - CONCESSÃO - FARMÁCIAS E DROGARIAS / 1442518251</p><p>--------------------------------------</p><p>DROGARIA NAGATA LTDA / 62.219.496/0001-46</p><p>25351.200545/2025-21 / 5224608</p><p>COMÉRCIO: COSMÉTICOS, PERFUMES, PRODUTOS DE HIGIENE, CORRELATOS, ALIMENTOS E PLANTAS MEDICINAIS (IN Nº 9/2009)</p><p>DISPENSAÇÃO DE MEDICAMENTOS CONTENDO SUBSTÂNCIAS SUJEITAS AO CONTROLE ESPECIAL</p><p>DISPENSAÇÃO DE MEDICAMENTOS NÃO SUJEITOS AO CONTROLE ESPECIAL</p><p>MANIPULAÇÃO DE PRODUTOS MAGISTRAIS</p><p>MANIPULAÇÃO DE PRODUTOS OFICINAIS</p><p>PRESTAÇÃO DE SERVIÇOS FARMACÊUTICOS</p><p>733 - AFE - CONCESSÃO - FARMÁCIAS E DROGARIAS / 1444561251</p><p>--------------------------------------</p><p>ANNIE B. DISTRIBUIDORA DE COSMETICOS LTDA / 18.731.917/0001-21</p><p>25351.193831/2025-23 / 2115758</p><p>ARMAZENAR: COSMÉTICOS / PERFUMES / PRODUTOS DE HIGIENE</p><p>DISTRIBUIR: COSMÉTICOS / PERFUMES / PRODUTOS DE HIGIENE</p><p>EXPEDIR: COSMÉTICOS / PERFUMES / PRODUTOS DE HIGIENE</p><p>723 - AFE - CONCESSÃO - COSMÉTICOS, PERFUMES E PRODUTOS DE HIGIENE - DISTRIBUIR (SOMENTE MATRIZ) / 1408692252</p><p>--------------------------------------</p><p>FORTIS &amp; MEDDYNAMICS IMPORTADORA E EXPORTADORA LTDA / 60.920.509/0001-84</p><p>25351.193408/2025-23 / 8330328</p><p>ARMAZENAR: PRODUTOS PARA SAÚDE (DISPOSITIVOS MÉDICOS)</p><p>DISTRIBUIR: PRODUTOS PARA SAÚDE (DISPOSITIVOS MÉDICOS)</p><p>EXPEDIR: PRODUTOS PARA SAÚDE (DISPOSITIVOS MÉDICOS)</p><p>IMPORTAR: PRODUTOS PARA SAÚDE (DISPOSITIVOS MÉDICOS)</p><p>856 - AFE - CONCESSÃO - PRODUTOS PARA SAÚDE - DISTRIBUIR / 1406893251</p><p>--------------------------------------</p><p>ELENI SOUZA DOURADO BARBOSA / 61.373.294/0001-91</p><p>25351.200136/2025-25 / 5224521</p><p>COMÉRCIO: COSMÉTICOS, PERFUMES, PRODUTOS DE HIGIENE, CORRELATOS, ALIMENTOS E PLANTAS MEDICINAIS (IN Nº 9/2009)</p><p>DISPENSAÇÃO DE MEDICAMENTOS CONTENDO SUBSTÂNCIAS SUJEITAS AO CONTROLE ESPECIAL</p><p>DISPENSAÇÃO DE MEDICAMENTOS NÃO SUJEITOS AO CONTROLE ESPECIAL</p><p>PRESTAÇÃO DE SERVIÇOS FARMACÊUTICOS</p><p>733 - AFE - CONCESSÃO - FARMÁCIAS E DROGARIAS / 1442619252</p><p>--------------------------------------</p><p>WPF DROGARIA LTDA / 22.202.179/0005-26</p><p>25351.200399/2025-34 / 5224582</p><p>COMÉRCIO: COSMÉTICOS, PERFUMES, PRODUTOS DE HIGIENE, CORRELATOS, ALIMENTOS E PLANTAS MEDICINAIS (IN Nº 9/2009)</p><p>DISPENSAÇÃO DE MEDICAMENTOS CONTENDO SUBSTÂNCIAS SUJEITAS AO CONTROLE ESPECIAL</p><p>DISPENSAÇÃO DE MEDICAMENTOS NÃO SUJEITOS AO CONTROLE ESPECIAL</p><p>PRESTAÇÃO DE SERVIÇOS FARMACÊUTICOS</p><p>733 - AFE - CONCESSÃO - FARMÁCIAS E DROGARIAS / 1443810258</p><p>--------------------------------------</p><p>JORGE EDUARDO EVANGELISTA DE JESUS / 45.725.590/0001-58</p><p>25351.200014/2025-39 / 5224491</p><p>COMÉRCIO: COSMÉTICOS, PERFUMES, PRODUTOS DE HIGIENE, CORRELATOS, ALIMENTOS E PLANTAS MEDICINAIS (IN Nº 9/2009)</p><p>DISPENSAÇÃO DE MEDICAMENTOS CONTENDO SUBSTÂNCIAS SUJEITAS AO CONTROLE ESPECIAL</p><p>DISPENSAÇÃO DE MEDICAMENTOS NÃO SUJEITOS AO CONTROLE ESPECIAL</p><p>733 - AFE - CONCESSÃO - FARMÁCIAS E DROGARIAS / 1442099259</p><p>--------------------------------------</p><p>DROGARIA JREIS FARMA DA ROCINHA LTDA / 62.692.289/0001-04</p><p>25351.199999/2025-42 / 5224488</p><p>COMÉRCIO: COSMÉTICOS, PERFUMES, PRODUTOS DE HIGIENE, CORRELATOS, ALIMENTOS E PLANTAS MEDICINAIS (IN Nº 9/2009)</p><p>DISPENSAÇÃO DE MEDICAMENTOS CONTENDO SUBSTÂNCIAS SUJEITAS AO CONTROLE ESPECIAL</p><p>DISPENSAÇÃO DE MEDICAMENTOS NÃO SUJEITOS AO CONTROLE ESPECIAL</p><p>MANIPULAÇÃO DE PRODUTOS OFICINAIS</p><p>PRESTAÇÃO DE SERVIÇOS FARMACÊUTICOS</p><p>733 - AFE - CONCESSÃO - FARMÁCIAS E DROGARIAS / 1442056258</p><p>--------------------------------------</p><p>BT FARMACIA DE MANIPULACAO LTDA / 59.841.600/0001-25</p><p>25351.199861/2025-43 / 5224443</p><p>COMÉRCIO: COSMÉTICOS, PERFUMES, PRODUTOS DE HIGIENE, CORRELATOS, ALIMENTOS E PLANTAS MEDICINAIS (IN Nº 9/2009)</p><p>DISPENSAÇÃO DE MEDICAMENTOS CONTENDO SUBSTÂNCIAS SUJEITAS AO CONTROLE ESPECIAL</p><p>DISPENSAÇÃO DE MEDICAMENTOS NÃO SUJEITOS AO CONTROLE ESPECIAL</p><p>MANIPULAÇÃO DE PRODUTOS MAGISTRAIS</p><p>MANIPULAÇÃO DE PRODUTOS OFICINAIS</p><p>PRESTAÇÃO DE SERVIÇOS FARMACÊUTICOS</p><p>733 - AFE - CONCESSÃO - FARMÁCIAS E DROGARIAS / 1441400257</p><p>--------------------------------------</p><p>GLT LOGISTICA E TRANSPORTE LTDA / 29.857.317/0001-20</p><p>25351.193838/2025-45 / 2116142</p><p>TRANSPORTAR: COSMÉTICOS</p><p>728 - AFE - CONCESSÃO - COSMÉTICOS, PERFUMES E PRODUTOS DE HIGIENE - TRANSPORTAR (SOMENTE MATRIZ) / 1408706253</p><p>--------------------------------------</p><p>FORTIS &amp; MEDDYNAMICS IMPORTADORA E EXPORTADORA LTDA / 60.920.509/0001-84</p><p>25351.193394/2025-48 / 2115700</p><p>ARMAZENAR: COSMÉTICOS / PERFUMES / PRODUTOS DE HIGIENE</p><p>DISTRIBUIR: COSMÉTICOS / PERFUMES / PRODUTOS DE HIGIENE</p><p>EXPEDIR: COSMÉTICOS / PERFUMES / PRODUTOS DE HIGIENE</p><p>IMPORTAR: COSMÉTICOS / PERFUMES / PRODUTOS DE HIGIENE</p><p>723 - AFE - CONCESSÃO - COSMÉTICOS, PERFUMES E PRODUTOS DE HIGIENE - DISTRIBUIR (SOMENTE MATRIZ) / 1406846252</p><p>--------------------------------------</p><p>SOMAR DISTRIBUIDORA LTDA / 42.871.135/0001-72</p><p>25351.193184/2025-50 / 2115698</p><p>DISTRIBUIR: COSMÉTICOS / PERFUMES / PRODUTOS DE HIGIENE</p><p>723 - AFE - CONCESSÃO - COSMÉTICOS, PERFUMES E PRODUTOS DE HIGIENE - DISTRIBUIR (SOMENTE MATRIZ) / 1405847255</p><p>--------------------------------------</p><p>A2 TELLES COMERCIO E SERVICOS HOSPITALARES E FARMACEUTICOS LTDA / 16.842.906/0001-93</p><p>25351.193219/2025-51 / 1418667</p><p>ARMAZENAR: MEDICAMENTO</p><p>DISTRIBUIR: MEDICAMENTO</p><p>EXPEDIR: MEDICAMENTO</p><p>702 - AFE - CONCESSÃO - MEDICAMENTOS E INSUMOS FARMACÊUTICOS - DISTRIBUIR (SOMENTE MATRIZ) / 1405966254</p><p>--------------------------------------</p><p>FARMACIA E DROGARIA NISSEI S.A / 79.430.682/0581-20</p><p>25351.200324/2025-53 / 5224548</p><p>COMÉRCIO: COSMÉTICOS, PERFUMES, PRODUTOS DE HIGIENE, CORRELATOS, ALIMENTOS E PLANTAS MEDICINAIS (IN Nº 9/2009)</p><p>DISPENSAÇÃO DE MEDICAMENTOS CONTENDO SUBSTÂNCIAS SUJEITAS AO CONTROLE ESPECIAL</p><p>DISPENSAÇÃO DE MEDICAMENTOS NÃO SUJEITOS AO CONTROLE ESPECIAL</p><p>PRESTAÇÃO DE SERVIÇOS FARMACÊUTICOS</p><p>733 - AFE - CONCESSÃO - FARMÁCIAS E DROGARIAS / 1443614254</p><p>--------------------------------------</p><p>SOMAR DISTRIBUIDORA LTDA / 42.871.135/0001-72</p><p>25351.193233/2025-54 / 3147986</p><p>DISTRIBUIR: SANEANTE DOMIS.</p><p>740 - AFE - CONCESSÃO - SANEANTES - DISTRIBUIR (SOMENTE MATRIZ) / 1406002259</p><p>--------------------------------------</p><p>MEDFARMA DISTRIBUIDORA LTDA / 34.826.404/0001-50</p><p>25351.193378/2025-55 / 8330301</p><p>ARMAZENAR: PRODUTOS PARA SAÚDE (DISPOSITIVOS MÉDICOS)</p><p>DISTRIBUIR: PRODUTOS PARA SAÚDE (DISPOSITIVOS MÉDICOS)</p><p>EXPEDIR: PRODUTOS PARA SAÚDE (DISPOSITIVOS MÉDICOS)</p><p>856 - AFE - CONCESSÃO - PRODUTOS PARA SAÚDE - DISTRIBUIR / 1406807257</p><p>--------------------------------------</p><p>NEXXA FARMACEUTICA LTDA / 61.812.902/0001-17</p><p>25351.194364/2025-59 / 1418758</p><p>ARMAZENAR: MEDICAMENTO</p><p>DISTRIBUIR: MEDICAMENTO</p><p>EXPEDIR: MEDICAMENTO</p><p>702 - AFE - CONCESSÃO - MEDICAMENTOS E INSUMOS FARMACÊUTICOS - DISTRIBUIR (SOMENTE MATRIZ) / 1414971257</p><p>--------------------------------------</p><p>KOROA DENTAL LTDA / 54.609.153/0001-60</p><p>25351.193390/2025-60 / 8330314</p><p>ARMAZENAR: PRODUTOS PARA SAÚDE (DISPOSITIVOS MÉDICOS)</p><p>DISTRIBUIR: PRODUTOS PARA SAÚDE (DISPOSITIVOS MÉDICOS)</p><p>EXPEDIR: PRODUTOS PARA SAÚDE (DISPOSITIVOS MÉDICOS)</p><p>856 - AFE - CONCESSÃO - PRODUTOS PARA SAÚDE - DISTRIBUIR / 1406838250</p><p>--------------------------------------</p><p>ECONOMIZE MAIS DROGARIA LTDA / 58.176.270/0008-04</p><p>25351.199836/2025-60 / 5224430</p><p>COMÉRCIO: COSMÉTICOS, PERFUMES, PRODUTOS DE HIGIENE, CORRELATOS, ALIMENTOS E PLANTAS MEDICINAIS (IN Nº 9/2009)</p><p>DISPENSAÇÃO DE MEDICAMENTOS CONTENDO SUBSTÂNCIAS SUJEITAS AO CONTROLE ESPECIAL</p><p>DISPENSAÇÃO DE MEDICAMENTOS NÃO SUJEITOS AO CONTROLE ESPECIAL</p><p>PRESTAÇÃO DE SERVIÇOS FARMACÊUTICOS</p><p>733 - AFE - CONCESSÃO - FARMÁCIAS E DROGARIAS / 1441362258</p><p>--------------------------------------</p><p>ER DIGICON.ENDOCRIS LTDA / 54.020.993/0001-92</p><p>25351.193778/2025-61 / 8330911</p><p>COMÉRCIO VAREJISTA: PRODUTOS PARA SAÚDE (DISPOSITIVOS MÉDICOS)</p><p>860 - AFE - CONCESSÃO - PRODUTOS PARA SAÚDE - COMÉRCIO VAREJISTA / 1408517256</p><p>--------------------------------------</p><p>CELER DIAGNOSTICA LTDA / 53.273.225/0001-88</p><p>25351.193785/2025-62 / 8330359</p><p>ARMAZENAR: PRODUTOS PARA SAÚDE (DISPOSITIVOS MÉDICOS)</p><p>DISTRIBUIR: PRODUTOS PARA SAÚDE (DISPOSITIVOS MÉDICOS)</p><p>EMBALAR: PRODUTOS PARA SAÚDE (DISPOSITIVOS MÉDICOS)</p><p>EXPEDIR: PRODUTOS PARA SAÚDE (DISPOSITIVOS MÉDICOS)</p><p>FABRICAR: PRODUTOS PARA SAÚDE (DISPOSITIVOS MÉDICOS)</p><p>REEMBALAR: PRODUTOS PARA SAÚDE (DISPOSITIVOS MÉDICOS)</p><p>861 - AFE - CONCESSÃO - PRODUTOS PARA SAÚDE - FABRICAR / 1408541254</p><p>--------------------------------------</p><p>G2M SOLUTIONS LTDA / 55.870.031/0001-95</p><p>25351.194323/2025-62 / 3148015</p><p>ARMAZENAR: SANEANTE DOMIS.</p><p>EXPEDIR: SANEANTE DOMIS.</p><p>734 - AFE - CONCESSÃO - SANEANTES - ARMAZENAR (SOMENTE MATRIZ) / 1414855257</p><p>--------------------------------------</p><p>DROGARIA JC LTDA / 60.863.221/0001-15</p><p>25351.199995/2025-64 / 5224474</p><p>COMÉRCIO: COSMÉTICOS, PERFUMES, PRODUTOS DE HIGIENE, CORRELATOS, ALIMENTOS E PLANTAS MEDICINAIS (IN Nº 9/2009)</p><p>DISPENSAÇÃO DE MEDICAMENTOS NÃO SUJEITOS AO CONTROLE ESPECIAL</p><p>PRESTAÇÃO DE SERVIÇOS FARMACÊUTICOS</p><p>733 - AFE - CONCESSÃO - FARMÁCIAS E DROGARIAS / 1441996257</p><p>--------------------------------------</p><p>WM COMERCIO DE MEDICAMENTOS LTDA / 82.401.233/0001-60</p><p>25351.194355/2025-68 / 2116156</p><p>ARMAZENAR: COSMÉTICOS / PERFUMES / PRODUTOS DE HIGIENE</p><p>DISTRIBUIR: COSMÉTICOS / PERFUMES / PRODUTOS DE HIGIENE</p><p>EXPEDIR: COSMÉTICOS / PERFUMES / PRODUTOS DE HIGIENE</p><p>723 - AFE - CONCESSÃO - COSMÉTICOS, PERFUMES E PRODUTOS DE HIGIENE - DISTRIBUIR (SOMENTE MATRIZ) / 1414952252</p><p>--------------------------------------</p><p>KELCILENE BARBOSA TEIXEIRA / 49.494.899/0001-35</p><p>25351.200347/2025-68 / 5224565</p><p>COMÉRCIO: COSMÉTICOS, PERFUMES, PRODUTOS DE HIGIENE, CORRELATOS, ALIMENTOS E PLANTAS MEDICINAIS (IN Nº 9/2009)</p><p>DISPENSAÇÃO DE MEDICAMENTOS CONTENDO SUBSTÂNCIAS SUJEITAS AO CONTROLE ESPECIAL</p><p>DISPENSAÇÃO DE MEDICAMENTOS NÃO SUJEITOS AO CONTROLE ESPECIAL</p><p>733 - AFE - CONCESSÃO - FARMÁCIAS E DROGARIAS / 1443704253</p><p>--------------------------------------</p><p>ER PARA PERFUMARIA LTDA / 61.259.923/0001-57</p><p>25351.193783/2025-73 / 2115744</p><p>ARMAZENAR: COSMÉTICOS / PERFUMES / PRODUTOS DE HIGIENE</p><p>DISTRIBUIR: COSMÉTICOS / PERFUMES / PRODUTOS DE HIGIENE</p><p>EXPEDIR: COSMÉTICOS / PERFUMES / PRODUTOS DE HIGIENE</p><p>723 - AFE - CONCESSÃO - COSMÉTICOS, PERFUMES E PRODUTOS DE HIGIENE - DISTRIBUIR (SOMENTE MATRIZ) / 1408534258</p><p>--------------------------------------</p><p>BIANCA RIBEIRO FONTANA / 63.200.338/0001-07</p><p>25351.200024/2025-74 / 5224503</p><p>COMÉRCIO: COSMÉTICOS, PERFUMES, PRODUTOS DE HIGIENE, CORRELATOS, ALIMENTOS E PLANTAS MEDICINAIS (IN Nº 9/2009)</p><p>DISPENSAÇÃO DE MEDICAMENTOS CONTENDO SUBSTÂNCIAS SUJEITAS AO CONTROLE ESPECIAL</p><p>DISPENSAÇÃO DE MEDICAMENTOS NÃO SUJEITOS AO CONTROLE ESPECIAL</p><p>PRESTAÇÃO DE SERVIÇOS FARMACÊUTICOS</p><p>733 - AFE - CONCESSÃO - FARMÁCIAS E DROGARIAS / 1442132256</p><p>--------------------------------------</p><p>MEDFARMA DISTRIBUIDORA LTDA / 34.826.404/0001-50</p><p>25351.193367/2025-75 / 3147990</p><p>ARMAZENAR: SANEANTE DOMIS.</p><p>DISTRIBUIR: SANEANTE DOMIS.</p><p>EXPEDIR: SANEANTE DOMIS.</p><p>740 - AFE - CONCESSÃO - SANEANTES - DISTRIBUIR (SOMENTE MATRIZ) / 1406784257</p><p>--------------------------------------</p><p>GREENTEX QUIMICA LTDA / 04.973.218/0001-83</p><p>25351.193832/2025-78 / 8330925</p><p>IMPORTAR: PRODUTOS PARA SAÚDE (DISPOSITIVOS MÉDICOS)</p><p>859 - AFE - CONCESSÃO - PRODUTOS PARA SAÚDE - IMPORTAR / 1408694255</p><p>--------------------------------------</p><p>MARTIN COMERCIAL LTDA / 47.613.400/0001-36</p><p>25351.193166/2025-78 / 8330299</p><p>ARMAZENAR: PRODUTOS PARA SAÚDE (DISPOSITIVOS MÉDICOS)</p><p>EXPEDIR: PRODUTOS PARA SAÚDE (DISPOSITIVOS MÉDICOS)</p><p>IMPORTAR: PRODUTOS PARA SAÚDE (DISPOSITIVOS MÉDICOS)</p><p>859 - AFE - CONCESSÃO - PRODUTOS PARA SAÚDE - IMPORTAR / 1405804254</p><p>--------------------------------------</p><p>SOMAR DISTRIBUIDORA LTDA / 42.871.135/0001-72</p><p>25351.193118/2025-80 / 8330285</p><p>DISTRIBUIR: PRODUTOS PARA SAÚDE (DISPOSITIVOS MÉDICOS)</p><p>856 - AFE - CONCESSÃO - PRODUTOS PARA SAÚDE - DISTRIBUIR / 1405730251</p><p>--------------------------------------</p><p>JP EMPREENDIMENTOS COMERCIO E SERVICOS LTDA / 49.945.859/0001-62</p><p>25351.199624/2025-82 / 5224397</p><p>COMÉRCIO: COSMÉTICOS, PERFUMES, PRODUTOS DE HIGIENE, CORRELATOS, ALIMENTOS E PLANTAS MEDICINAIS (IN Nº 9/2009)</p><p>DISPENSAÇÃO DE MEDICAMENTOS NÃO SUJEITOS AO CONTROLE ESPECIAL</p><p>PRESTAÇÃO DE SERVIÇOS FARMACÊUTICOS</p><p>733 - AFE - CONCESSÃO - FARMÁCIAS E DROGARIAS / 1440125252</p><p>--------------------------------------</p><p>BONA FARMA LTDA / 84.932.979/0026-84</p><p>25351.200311/2025-84 / 5224534</p><p>COMÉRCIO: COSMÉTICOS, PERFUMES, PRODUTOS DE HIGIENE, CORRELATOS, ALIMENTOS E PLANTAS MEDICINAIS (IN Nº 9/2009)</p><p>DISPENSAÇÃO DE MEDICAMENTOS CONTENDO SUBSTÂNCIAS SUJEITAS AO CONTROLE ESPECIAL</p><p>DISPENSAÇÃO DE MEDICAMENTOS NÃO SUJEITOS AO CONTROLE ESPECIAL</p><p>PRESTAÇÃO DE SERVIÇOS FARMACÊUTICOS</p><p>733 - AFE - CONCESSÃO - FARMÁCIAS E DROGARIAS / 1443593257</p><p>--------------------------------------</p><p>FARMACIA ALBUQUERQUE DE TERESOPOLIS LTDA / 62.019.071/0001-93</p><p>25351.200537/2025-85 / 5224596</p><p>COMÉRCIO: COSMÉTICOS, PERFUMES, PRODUTOS DE HIGIENE, CORRELATOS, ALIMENTOS E PLANTAS MEDICINAIS (IN Nº 9/2009)</p><p>DISPENSAÇÃO DE MEDICAMENTOS CONTENDO SUBSTÂNCIAS SUJEITAS AO CONTROLE ESPECIAL</p><p>DISPENSAÇÃO DE MEDICAMENTOS NÃO SUJEITOS AO CONTROLE ESPECIAL</p><p>PRESTAÇÃO DE SERVIÇOS FARMACÊUTICOS</p><p>733 - AFE - CONCESSÃO - FARMÁCIAS E DROGARIAS / 1444549251</p><p>--------------------------------------</p><p>ASSOCIACAO HOSPITALAR BENEFICENTE DE MARAU / 88.417.787/0006-47</p><p>25351.200375/2025-85 / 5224579</p><p>COMÉRCIO: COSMÉTICOS, PERFUMES, PRODUTOS DE HIGIENE, CORRELATOS, ALIMENTOS E PLANTAS MEDICINAIS (IN Nº 9/2009)</p><p>DISPENSAÇÃO DE MEDICAMENTOS CONTENDO SUBSTÂNCIAS SUJEITAS AO CONTROLE ESPECIAL</p><p>DISPENSAÇÃO DE MEDICAMENTOS NÃO SUJEITOS AO CONTROLE ESPECIAL</p><p>733 - AFE - CONCESSÃO - FARMÁCIAS E DROGARIAS / 1443756253</p><p>--------------------------------------</p><p>VICTOR &amp; ALVES DROGARIA LTDA / 61.423.843/0001-95</p><p>25351.199864/2025-87 / 5224457</p><p>COMÉRCIO: COSMÉTICOS, PERFUMES, PRODUTOS DE HIGIENE, CORRELATOS, ALIMENTOS E PLANTAS MEDICINAIS (IN Nº 9/2009)</p><p>DISPENSAÇÃO DE MEDICAMENTOS CONTENDO SUBSTÂNCIAS SUJEITAS AO CONTROLE ESPECIAL</p><p>DISPENSAÇÃO DE MEDICAMENTOS NÃO SUJEITOS AO CONTROLE ESPECIAL</p><p>PRESTAÇÃO DE SERVIÇOS FARMACÊUTICOS</p><p>733 - AFE - CONCESSÃO - FARMÁCIAS E DROGARIAS / 1441406255</p><p>--------------------------------------</p><p>JGW FARMACIA LTDA / 63.031.752/0001-30</p><p>25351.199818/2025-88 / 5224426</p><p>COMÉRCIO: COSMÉTICOS, PERFUMES, PRODUTOS DE HIGIENE, CORRELATOS, ALIMENTOS E PLANTAS MEDICINAIS (IN Nº 9/2009)</p><p>DISPENSAÇÃO DE MEDICAMENTOS CONTENDO SUBSTÂNCIAS SUJEITAS AO CONTROLE ESPECIAL</p><p>DISPENSAÇÃO DE MEDICAMENTOS NÃO SUJEITOS AO CONTROLE ESPECIAL</p><p>733 - AFE - CONCESSÃO - FARMÁCIAS E DROGARIAS / 1441333258</p><p>--------------------------------------</p><p>GREENTEX QUIMICA LTDA / 04.973.218/0001-83</p><p>25351.193162/2025-90 / 2116051</p><p>IMPORTAR: COSMÉTICOS / PERFUMES / PRODUTOS DE HIGIENE</p><p>722 - AFE - CONCESSÃO - COSMÉTICOS, PERFUMES E PRODUTOS DE HIGIENE - IMPORTAR (SOMENTE MATRIZ) / 1405800259</p><p>--------------------------------------</p><p>FORTIS &amp; MEDDYNAMICS IMPORTADORA E EXPORTADORA LTDA / 60.920.509/0001-84</p><p>25351.193395/2025-92 / 3148001</p><p>ARMAZENAR: SANEANTE DOMIS.</p><p>DISTRIBUIR: SANEANTE DOMIS.</p><p>EXPEDIR: SANEANTE DOMIS.</p><p>IMPORTAR: SANEANTE DOMIS.</p><p>740 - AFE - CONCESSÃO - SANEANTES - DISTRIBUIR (SOMENTE MATRIZ) / 1406847259</p>]]></Texto>
  </body>
  <Midias />
</article></xml>