﻿<xml><article id="46258596" name="INDEFERIMENTO DIMEC__RJ6JCP" idOficio="11381148" pubName="DO1" artType="Despacho" pubDate="04/11/2025" artClass="00033:00052:00005:00003:00002:00646:00000:00000:00000:00000:00024:00000" artCategory="Ministério da Justiça e Segurança Pública/Secretaria Nacional de Justiça/Departamento de Migrações/Coordenação-Geral de Política Migratória/Coordenação de Processos Migratórios/Divisão de Naturalização, Nacionalidade e Apatridia" artSize="12" artNotes="" numberPage="144" pdfPage="http://pesquisa.in.gov.br/imprensa/jsp/visualiza/index.jsp?data=04/11/2025&amp;jornal=515&amp;pagina=144" editionNumber="210" highlightType="" highlightPriority="" highlight="" highlightimage="" highlightimagename="" idMateria="23279101">
  <body>
    <Identifica><![CDATA[ Despachos]]></Identifica>
    <Data><![CDATA[]]></Data>
    <Ementa />
    <Titulo />
    <SubTitulo />
    <Texto><![CDATA[<p class="identifica">Despachos</p><p>DESPACHO Nº 491/2025/CPMIG/CGPMIG/DEMIG/SENAJUS</p><p>ASSUNTO: INDEFERIMENTO DE PEDIDO DE REVOGAÇÃO DE EXPULSÃO</p><p>INTERESSADO: AMINATA KEITA</p><p>PROCESSO Nº 08018.012004/2009-08</p><p>A Coordenadora de Processos Migratórios, no uso das atribuições que lhe foram conferidas pela Portaria SENAJUS nº 432, de 17 de junho de 2019, publicada no Diário Oficial da União, de 21 de junho de 2019, mantém, pelos seus próprios fundamentos, a decisão administrativa ora impugnada e, portanto, INDEFERE o pedido de revogação, por falta de amparo legal.</p><p class="assina">SANDRA MARIA MENDES ADJAFRE SINDEAUX</p>]]></Texto>
  </body>
  <Midias />
</article></xml>