﻿<xml><article id="46237077" name="resolucao_4334_2025 CCMED GGFIS" idOficio="11379360" pubName="DO1" artType="Resolução" pubDate="03/11/2025" artClass="00047:00048:00016:00006:00000:00000:00000:00000:00000:00000:00064:34334" artCategory="Ministério da Saúde/Agência Nacional de Vigilância Sanitária/4ª Diretoria/Gerência-Geral de Inspeção e Fiscalização Sanitária" artSize="12" artNotes="" numberPage="131" pdfPage="http://pesquisa.in.gov.br/imprensa/jsp/visualiza/index.jsp?data=03/11/2025&amp;jornal=515&amp;pagina=131" editionNumber="209" highlightType="" highlightPriority="" highlight="" highlightimage="" highlightimagename="" idMateria="23276601">
  <body>
    <Identifica><![CDATA[ RESOLUÇÃO-RE Nº 4.334, DE 31 DE OUTUBRO DE 2025]]></Identifica>
    <Data><![CDATA[]]></Data>
    <Ementa />
    <Titulo />
    <SubTitulo />
    <Texto><![CDATA[<p class="identifica">RESOLUÇÃO-RE Nº 4.334, DE 31 DE OUTUBRO DE 2025</p><p>O GERENTE-GERAL DE INSPEÇÃO E FISCALIZAÇÃO SANITÁRIA DA AGÊNCIA NACIONAL DE VIGILÂNCIA SANITÁRIA, no uso das atribuições que lhe confere o art. 140, aliado ao art. 203, I, § 1º do Regimento Interno aprovado pela Resolução da Diretoria Colegiada - RDC nº 585, de 10 de dezembro de 2021, e</p><p>considerando o inciso IV, § 1º do Art. 4º subsidiado pelo inciso II, § 2º do art. 4º da Resolução da Diretoria Colegiada - RDC nº 497, de 20 de maio de 2021, resolve:</p><p>Art. 1º Indeferir o(s) Pedido(s) de Certificação de Boas Práticas de Fabricação de Medicamentos da(s) empresa(s) constante(s) no ANEXO.</p><p>Art. 2º Esta Resolução entra em vigor na data de sua publicação.</p><p class="assina">Marcus AurÉlio Miranda de AraÚjo</p><p>ANEXO</p><p>EMPRESA FABRICANTE: GLAROPHARM AG</p><p>ENDEREÇO: SÄNDLI 2, 8756 MITLÖDI - PAÍS: SUÍÇA - CÓDIGO ÚNICO: A.001656</p><p>EMPRESA SOLICITANTE: FARMOQUÍMICA S/A - CNPJ: 33.349.473/0001-58</p><p>AUTORIZ/MS: 1003906 - EXPEDIENTE(s): 1166871/25-8</p><p>ASSUNTO: 70911 - MEDICAMENTOS - Procedimento Otimizado - (Certificação de BPF) de INDÚSTRIA INTERNACIONAL de LÍQUIDOS NÃO ESTÉREIS</p><p>MOTIVO DE INDEFERIMENTO: Em atendimento ao Art. 4º, § 1º, inciso IV da RDC nº 497/2021: Ausência de documentação obrigatória, prevista em checklist de petição, uma vez que o relatório enviado não foi emitido por uma das Autoridades Reguladoras Estrangeiras Equivalentes (AREE) listadas na IN nº 292/2024, a inspeção foi realizada pela Kantonale Heilmittelkontrolle Regionale Fachstelle der Ost- und Zentralschweiz, que não é uma das autoridades listadas na lista de AREE, que, para o caso suíço, é a Swiss Agency for Therapeutic Products (Swissmedic).</p>]]></Texto>
  </body>
  <Midias />
</article></xml>