﻿<xml><article id="46231312" name="resolucao_4312_2025 GGTPS" idOficio="11377879" pubName="DO1" artType="Resolução" pubDate="03/11/2025" artClass="00047:00048:00015:00010:00000:00000:00000:00000:00000:00000:00064:34312" artCategory="Ministério da Saúde/Agência Nacional de Vigilância Sanitária/3ª Diretoria/Gerência-Geral de Tecnologia de Produtos para Saúde" artSize="12" artNotes="" numberPage="123" pdfPage="http://pesquisa.in.gov.br/imprensa/jsp/visualiza/index.jsp?data=03/11/2025&amp;jornal=515&amp;pagina=123" editionNumber="209" highlightType="" highlightPriority="" highlight="" highlightimage="" highlightimagename="" idMateria="23272365">
  <body>
    <Identifica><![CDATA[ RESOLUÇÃO-RE nº 4.312, DE 30 DE OUTUBRO DE 2025]]></Identifica>
    <Data><![CDATA[]]></Data>
    <Ementa />
    <Titulo />
    <SubTitulo />
    <Texto><![CDATA[<p class="identifica">RESOLUÇÃO-RE nº 4.312, DE 30 DE OUTUBRO DE 2025</p><p>A GERENTE-GERAL DE TECNOLOGIA DE PRODUTOS PARA SAÚDE DA AGÊNCIA NACIONAL DE VIGILÂNCIA SANITÁRIA, no uso das atribuições que lhe confere o art. 121, aliado ao art. 203, I, § 1º do Regimento Interno aprovado pela Resolução da Diretoria Colegiada - RDC nº 585, de 10 de dezembro de 2021, resolve:</p><p>Art. 1° Conceder a Transferência de Titularidade de Registro e por consequente, cancelar o Registro dos Produtos para Saúde, conforme anexo.</p><p>Art. 2° O carregamento de instruções de uso no repositório documental de dispositivos médicos, disponível no portal da Anvisa, é obrigatório e deve ser executado pela empresa responsável pela notificação ou pelo registro do produto, a qual atesta que seu conteúdo guarda concordância com a legislação vigente e consistência com o produto regularizado, de acordo com o §4º do art. 33 da Resolução da Diretoria Colegiada - RDC nº 751, de 15 de setembro de 2022 e do §4º do art. 33 da Resolução da Diretoria Colegiada - RDC nº 830, de 06 de dezembro de 2023.</p><p>Parágrafo único. O carregamento citado no caput deverá ser realizado em até 30 (trinta) dias após a publicação em Diário Oficial da União dos novos produtos notificados ou registrados e das alterações daqueles produtos previamente notificados ou registrados, de acordo com §5º do art. 33º da Resolução da Diretoria Colegiada - RDC nº 751, de 15 de setembro de 2022 e do §5º do art. 33 da Resolução da Diretoria Colegiada - RDC nº 830, de 06 de dezembro de 2023.</p><p>Art. 3° Esta Resolução entra em vigor no prazo de 90 (noventa) dias, após a sua publicação.</p><p class="assina">VIVIAN CARDOSO DE MORAIS OLIVEIRA</p><p>ANEXO</p><p>NOME DA EMPRESA / CNPJ</p><p>NOME COMERCIAL</p><p>NUMERO DO PROCESSO / REGISTRO</p><p>PETIÇÃO(ÕES) / EXPEDIENTE(S)</p><p>_________________________________________________________________</p><p>_ _ _ _ _ _ _ _ _ _ _ _</p><p>DRAGER DO BRASIL LTDA / 61.185.922/0001-05</p><p>Infinity CentralStation</p><p>25351.192567/2025-19 / 10303940042</p><p>80060 - EQUIPAMENTO - Transferência de titularidade de registro de produto / 1403381259</p><p>Vista 120 CMS</p><p>25351.192500/2025-76 / 10303940039</p><p>80060 - EQUIPAMENTO - Transferência de titularidade de registro de produto / 1403148252</p><p>OXYLOG 3000 PLUS</p><p>25351.192499/2025-80 / 10303940038</p><p>80060 - EQUIPAMENTO - Transferência de titularidade de registro de produto / 1403139253</p><p>SMARTPILOT VIEW</p><p>25351.192609/2025-11 / 10303940046</p><p>80060 - EQUIPAMENTO - Transferência de titularidade de registro de produto / 1403567255</p><p>Vaporizadores Anestésicos</p><p>25351.192610/2025-38 / 10303940047</p><p>80060 - EQUIPAMENTO - Transferência de titularidade de registro de produto / 1403568251</p><p>Perseus A500</p><p>25351.192493/2025-11 / 10303940035</p><p>80060 - EQUIPAMENTO - Transferência de titularidade de registro de produto / 1403120251</p><p>FABIUS PLUS XL</p><p>25351.192644/2025-22 / 10303940049</p><p>80060 - EQUIPAMENTO - Transferência de titularidade de registro de produto / 1403724253</p><p>EVITA</p><p>25351.192497/2025-91 / 10303940037</p><p>80060 - EQUIPAMENTO - Transferência de titularidade de registro de produto / 1403134251</p><p>Babylog</p><p>25351.192592/2025-94 / 10303940045</p><p>80060 - EQUIPAMENTO - Transferência de titularidade de registro de produto / 1403501254</p><p>Babyleo TN500</p><p>25351.192578/2025-91 / 10303940044</p><p>80060 - EQUIPAMENTO - Transferência de titularidade de registro de produto / 1403444251</p><p>PulmoVista 500</p><p>25351.192563/2025-22 / 10303940040</p><p>80060 - EQUIPAMENTO - Transferência de titularidade de registro de produto / 1403376255</p><p>INFINITY M540</p><p>25351.192566/2025-66 / 10303940041</p><p>80060 - EQUIPAMENTO - Transferência de titularidade de registro de produto / 1403380252</p><p>Vista 120S</p><p>25351.192496/2025-46 / 10303940036</p><p>80060 - EQUIPAMENTO - Transferência de titularidade de registro de produto / 1403130256</p><p>Vista 120 SC</p><p>25351.192616/2025-13 / 10303940048</p><p>80060 - EQUIPAMENTO - Transferência de titularidade de registro de produto / 1403608253</p><p>VISTA 120</p><p>25351.192575/2025-57 / 10303940043</p><p>80060 - EQUIPAMENTO - Transferência de titularidade de registro de produto / 1403422257</p><p>_ _ _ _ _ _ _ _ _ _ _ _</p><p>DRAGER INDUSTRIA E COMERCIO LTDA / 02.535.707/0001-28</p><p>Infinity CentralStation</p><p>25351.094943/2017-08 / 10407370129</p><p>80083 - EQUIPAMENTO - Cancelamento de registro por transferência de titularidade / 1376217252</p><p>OXYLOG 3000 PLUS</p><p>25351.205368/2011-99 / 10407370097</p><p>80083 - EQUIPAMENTO - Cancelamento de registro por transferência de titularidade / 1376089254</p><p>Vaporizadores Anestésicos</p><p>25351.010834/2015-51 / 10407370120</p><p>80083 - EQUIPAMENTO - Cancelamento de registro por transferência de titularidade / 1376000253</p><p>Perseus A500</p><p>25351.303369/2012-64 / 10407370103</p><p>80083 - EQUIPAMENTO - Cancelamento de registro por transferência de titularidade / 1375830252</p><p>FABIUS PLUS XL</p><p>25351.520014/2012-50 / 10407370110</p><p>80083 - EQUIPAMENTO - Cancelamento de registro por transferência de titularidade / 1375783254</p><p>EVITA</p><p>25351.052276/2020-76 / 10407370145</p><p>80083 - EQUIPAMENTO - Cancelamento de registro por transferência de titularidade / 1376044251</p><p>Babylog</p><p>25351.052234/2020-35 / 10407370144</p><p>80083 - EQUIPAMENTO - Cancelamento de registro por transferência de titularidade / 1376015251</p><p>Babyleo TN500</p><p>25351.544495/2022-49 / 10407370151</p><p>80083 - EQUIPAMENTO - Cancelamento de registro por transferência de titularidade / 1376867257</p><p>PulmoVista 500</p><p>25351.321638/2017-16 / 10407370132</p><p>80083 - EQUIPAMENTO - Cancelamento de registro por transferência de titularidade / 1376126257</p><p>VISTA 120</p><p>25351.036203/2017-08 / 10407370127</p><p>80083 - EQUIPAMENTO - Cancelamento de registro por transferência de titularidade / 1376199254</p><p>INFINITY M540</p><p>25351.044676/2017-62 / 10407370126</p><p>80083 - EQUIPAMENTO - Cancelamento de registro por transferência de titularidade / 1376144255</p><p>Vista 120 SC</p><p>25351.304916/2022-09 / 10407370153</p><p>80083 - EQUIPAMENTO - Cancelamento de registro por transferência de titularidade / 1376829258</p><p>Vista 120S</p><p>25351.290944/2018-47 / 10407370139</p><p>80083 - EQUIPAMENTO - Cancelamento de registro por transferência de titularidade / 1376820251</p><p>Vista 120 CMS</p><p>25351.549753/2017-16 / 10407370133</p><p>80083 - EQUIPAMENTO - Cancelamento de registro por transferência de titularidade / 1376787253</p><p>SMARTPILOT VIEW</p><p>25351.717909/2012-21 / 10407370113</p><p>80083 - EQUIPAMENTO - Cancelamento de registro por transferência de titularidade / 1375884255</p><p>_________________________________________________________________</p><p>_ _ _ _ _ _ _ _ _ _ _ _</p><p>Nº de Processos : 30</p><p>_ _ _ _ _ _ _ _ _ _ _ _</p><p>Total de Empresas : 2</p>]]></Texto>
  </body>
  <Midias />
</article></xml>