﻿<xml><article id="46246679" name="8628 PortariaPropostaFAF_2025103" idOficio="11379781" pubName="DO1" artType="Portaria" pubDate="03/11/2025" artClass="00047:00001:00000:00000:00000:00000:00000:00000:00000:00000:00054:00000" artCategory="Ministério da Saúde/Gabinete do Ministro" artSize="24" artNotes="" numberPage="84" pdfPage="http://pesquisa.in.gov.br/imprensa/jsp/visualiza/index.jsp?data=03/11/2025&amp;jornal=515&amp;pagina=84" editionNumber="209" highlightType="" highlightPriority="" highlight="" highlightimage="" highlightimagename="" idMateria="23277548">
  <body>
    <Identifica><![CDATA[ PORTARIA GM/MS Nº 8.628, DE 31 DE OUTUBRO DE 2025]]></Identifica>
    <Data><![CDATA[]]></Data>
    <Ementa><![CDATA[ Autoriza o repasse referente às ações e serviços públicos de saúde por meio de transferências fundo a fundo, em parcela única, para o custeio da Média e Alta Complexidade em Saúde.]]></Ementa>
    <Titulo />
    <SubTitulo />
    <Texto><![CDATA[<p class="identifica">PORTARIA GM/MS Nº 8.628, DE 31 DE OUTUBRO DE 2025</p><p class="ementa">Autoriza o repasse referente às ações e serviços públicos de saúde por meio de transferências fundo a fundo, em parcela única, para o custeio da Média e Alta Complexidade em Saúde.</p><p>O MINISTRO DE ESTADO DA SAÚDE, no uso das atribuições que lhe conferem os incisos I e II do parágrafo único do art. 87 da Constituição, em observância a Lei nº 15.121, de 10 de abril de 2025, Lei Complementar nº 141, de 13 de janeiro de 2012, Lei nº 8.080, de 19 de setembro de 1990, e Portaria GM/MS, nº 6.916, de 6 de maio de 2025, resolve:</p><p>Art. 1º Ficam autorizados os Estados, o Distrito Federal e os Municípios descritos no Anexo desta Portaria a receberem recursos financeiros referentes à parcela única para o custeio de serviços da Média e Alta Complexidade em Saúde.</p><p>Art. 2º O Fundo Nacional de Saúde adotará as medidas necessárias para as transferências dos recursos estabelecidos nesta Portaria aos respectivos Fundos de Saúde, em conformidade com o processo de pagamento devidamente instruído pela Secretaria Finalística.</p><p>Art. 3º O ente beneficiário deverá comprovar a aplicação dos recursos financeiros recebidos por meio do Relatório Anual de Gestão - RAG, nos termos da Portaria de Consolidação GM/MS nº 6, de 28 de setembro 2017.</p><p>Art. 4º Os recursos financeiros destinados à execução das ações previstas nesta Portaria são oriundos do orçamento do Ministério da Saúde, devendo onerar a seguinte funcional programática: 10.302.5118.8585.0001 - Atenção à Saúde da População para Procedimentos em Média e Alta Complexidade, conforme os seguintes Planos Orçamentários:</p><p>§1º As alíneas I e II do art. 5º desta Portaria serão oneradas no Plano Orçamentário 0005 - Fundo de Ações Estratégicas e Compensação - FAEC;</p><p>§2º As alíneas III, IV, V e VI do art. 5º desta Portaria serão oneradas no Plano Orçamentário 0000 - Atenção à Saúde da População para Procedimentos em Média e Alta Complexidade - Despesas Diversas.</p><p>Art. 5º Os recursos autorizados nesta Portaria são destinados ao custeio de serviços de Média e Alta Complexidade:</p><p>I - ações do Programa Nacional de Expansão e Qualificação da Atenção Ambulatorial Especializada, denominado Programa Mais Acesso a Especialistas - PMAE;</p><p>II - ações para a redução de filas, com ênfase em cirurgias;</p><p>III - Rede Alyne;</p><p>IV - Política Nacional de Prevenção e Controle de Câncer - PNPCC e Rede de Prevenção e Controle de Câncer - RPCC; e</p><p>V - habilitação de Serviço da Atenção Especializada.</p><p>VI - outras ações para custeio da média e alta complexidade, não previstas no art. 6º da Portaria GM/MS nº 6.916, de 9 de maio de 2025.</p><p>Art. 6º As transferências dos recursos financeiros de que trata esta portaria estão condicionadas ao envio das resoluções das respectivas Comissões Intergestores Bipartite - CIB, aprovando os valores constantes no anexo desta Portaria.</p><p>Art. 7º Esta Portaria entra em vigor na data de sua publicação.</p><p class="assina">ALEXANDRE ROCHA SANTOS PADILHA</p><p class="anexo">ANEXO</p><p>Entes federados autorizados a receberem recursos financeiros federais destinados ao custeio da Média e Alta Complexidade em Saúde.</p><p /><p></p><table><tr /><tr><td rowspan="1" colspan="1"><p>UF</p></td><td rowspan="1" colspan="1"><p>MUNICÍPIO</p></td><td rowspan="1" colspan="1"><p>IBGE</p></td><td rowspan="1" colspan="1"><p>GESTÃO</p></td><td rowspan="1" colspan="6"><p>Programa de Trabalho</p></td><td rowspan="1" colspan="1"><p>TOTAL</p></td></tr><tr><td rowspan="1" colspan="1" /><td rowspan="1" colspan="1" /><td rowspan="1" colspan="1" /><td rowspan="1" colspan="1" /><td rowspan="1" colspan="1"><p>I</p><p>PO 0005</p></td><td rowspan="1" colspan="1"><p>II</p><p>PO 0005</p></td><td rowspan="1" colspan="1"><p>III</p><p>PO 0000</p></td><td rowspan="1" colspan="1"><p>IV</p><p>PO 0000</p></td><td rowspan="1" colspan="1"><p>V</p><p>PO 0000</p></td><td rowspan="1" colspan="1"><p>VI</p><p>PO 0000</p></td><td rowspan="1" colspan="1" /></tr><tr><td rowspan="1" colspan="1"><p>CE</p></td><td rowspan="1" colspan="1"><p>VARZEA ALEGRE</p></td><td rowspan="1" colspan="1"><p>231400</p></td><td rowspan="1" colspan="1"><p>MUNICIPAL</p></td><td rowspan="1" colspan="1" /><td rowspan="1" colspan="1"><p>100.000,00</p></td><td rowspan="1" colspan="1"><p>150.000,00</p></td><td rowspan="1" colspan="1"><p>250.000,00</p></td><td rowspan="1" colspan="1" /><td rowspan="1" colspan="1"><p>500.000,00</p></td><td rowspan="1" colspan="1"><p>1.000.000,00</p></td></tr><tr><td rowspan="1" colspan="1"><p>MS</p></td><td rowspan="1" colspan="1"><p>BELA VISTA</p></td><td rowspan="1" colspan="1"><p>500210</p></td><td rowspan="1" colspan="1"><p>MUNICIPAL</p></td><td rowspan="1" colspan="1" /><td rowspan="1" colspan="1"><p>254.625,00</p></td><td rowspan="1" colspan="1" /><td rowspan="1" colspan="1" /><td rowspan="1" colspan="1" /><td rowspan="1" colspan="1"><p>254.625,00</p></td><td rowspan="1" colspan="1"><p>509.250,00</p></td></tr><tr><td rowspan="1" colspan="1"><p>PB</p></td><td rowspan="1" colspan="1"><p>SANTANA DOS GARROTES</p></td><td rowspan="1" colspan="1"><p>251360</p></td><td rowspan="1" colspan="1"><p>MUNICIPAL</p></td><td rowspan="1" colspan="1"><p>50.000,00</p></td><td rowspan="1" colspan="1" /><td rowspan="1" colspan="1" /><td rowspan="1" colspan="1" /><td rowspan="1" colspan="1" /><td rowspan="1" colspan="1"><p>50.000,00</p></td><td rowspan="1" colspan="1"><p>100.000,00</p></td></tr><tr><td rowspan="1" colspan="4"><p>Total Geral</p></td><td rowspan="1" colspan="1"><p>50.000,00</p></td><td rowspan="1" colspan="1"><p>354.625,00</p></td><td rowspan="1" colspan="1"><p>150.000,00</p></td><td rowspan="1" colspan="1"><p>250.000,00</p></td><td rowspan="1" colspan="1" /><td rowspan="1" colspan="1"><p>804.625,00</p></td><td rowspan="1" colspan="1"><p>1.609.250,00</p></td></tr></table>]]></Texto>
  </body>
  <Midias />
</article></xml>