﻿<xml><article id="46247811" name="3110_DEC_12707_S1_OK" idOficio="11379843" pubName="DO1" artType="Decreto numerado" pubDate="03/11/2025" artClass="00005:00000:00000:00000:00000:00000:00000:00000:00000:00000:00021:00000" artCategory="Atos do Poder Executivo" artSize="12" artNotes="" numberPage="7" pdfPage="http://pesquisa.in.gov.br/imprensa/jsp/visualiza/index.jsp?data=03/11/2025&amp;jornal=515&amp;pagina=7" editionNumber="209" highlightType="" highlightPriority="" highlight="" highlightimage="" highlightimagename="" idMateria="23277629">
  <body>
    <Identifica><![CDATA[ DECRETO Nº 12.707, DE 31 DE OUTUBRO DE 2025]]></Identifica>
    <Data><![CDATA[]]></Data>
    <Ementa><![CDATA[ Altera o Anexo I ao Decreto nº 5.751, de 12 de abril de 2006, que aprova a Estrutura Regimental e o Quadro Demonstrativo dos Cargos em Comissão do Grupo-Direção e Assessoramento Superiores - DAS e das Funções Gratificadas do Comando do Exército do Ministério da Defesa.]]></Ementa>
    <Titulo />
    <SubTitulo />
    <Texto><![CDATA[<p class="identifica"><strong>DECRETO Nº 12.707, DE 31 DE OUTUBRO DE 2025</strong></p><p class="ementa">Altera o Anexo I ao Decreto nº 5.751, de 12 de abril de 2006, que aprova a Estrutura Regimental e o Quadro Demonstrativo dos Cargos em Comissão do Grupo-Direção e Assessoramento Superiores - DAS e das Funções Gratificadas do Comando do Exército do Ministério da Defesa.</p><p><strong>O PRESIDENTE DA REPÚBLICA</strong>,<strong></strong>no uso da atribuição que lhe confere o art. 84,<em>caput</em>, inciso VI, alínea "a", da Constituição,</p><p><strong>D E C R E T A :</strong></p><p>Art. 1º O Anexo I ao Decreto nº 5.751, de 12 de abril de 2006, passa a vigorar com as seguintes alterações:</p><p>"Art. 4º ................................................................................................................</p><p>.......................................................................................................................................</p><p>IV - ......................................................................................................................</p><p>.......................................................................................................................................</p><p>f) ..........................................................................................................................</p><p>.......................................................................................................................................</p><p>10. Comando de Comunicações e Guerra Eletrônica do Exército;</p><p>.......................................................................................................................................</p><p>12. Diretoria de Ensino, Pesquisa, Desenvolvimento e Inovação; e</p><p>13. Diretoria de Comando, Controle e Informação;</p><p>............................................................................................................................" (NR)</p><p>Art. 2º Este Decreto entra em vigor na data de sua publicação.</p><p>Brasília, 31 de outubro de 2025; 204º da Independência e 137º da República.</p><p class="assinaPr">LUIZ INÁCIO LULA DA SILVA</p><p class="assina">José Múcio Monteiro Filho</p><p class="assina">Esther Dweck</p>]]></Texto>
  </body>
  <Midias />
</article></xml>