﻿<xml><article id="46225879" name="PORTARIA GP n. 342 - Alteracao E" idOficio="11376082" pubName="DO1" artType="Portaria" pubDate="03/11/2025" artClass="00070:00002:00001:00000:00000:00000:00000:00000:00000:00000:00054:00000" artCategory="Poder Judiciário/Conselho Nacional de Justiça/Presidência" artSize="12" artNotes="ok" numberPage="157" pdfPage="http://pesquisa.in.gov.br/imprensa/jsp/visualiza/index.jsp?data=03/11/2025&amp;jornal=515&amp;pagina=157" editionNumber="209" highlightType="" highlightPriority="" highlight="" highlightimage="" highlightimagename="" idMateria="23269776">
  <body>
    <Identifica><![CDATA[ PORTARIA  Nº 342, DE 7 DE OUTUBRO DE 2025]]></Identifica>
    <Data><![CDATA[]]></Data>
    <Ementa><![CDATA[ Altera a Portaria CNJ n. 326 de 29 de setembro de 2025, que dispõe sobre a Estrutura Orgânica do Conselho Nacional de Justiça.]]></Ementa>
    <Titulo />
    <SubTitulo />
    <Texto><![CDATA[<p class="identifica">PORTARIA Nº 342, DE 7 DE OUTUBRO DE 2025</p><p class="ementa">Altera a Portaria CNJ n. 326 de 29 de setembro de 2025, que dispõe sobre a Estrutura Orgânica do Conselho Nacional de Justiça.</p><p>O PRESIDENTE DO CONSELHO NACIONAL DE JUSTIÇA (CNJ), no uso das atribuições que lhe confere o Regimento Interno, em conformidade com o disposto no art. 24 da Lei n. 11.416/2006, e considerando o contido no processo SEI nº 16422/2025, resolve:</p><p>Art. 1 <sup>o</sup> Os anexos I, II e III da Portaria CNJ n. 326 de 29 de setembro de 2025 passam a vigorar na forma dos anexos desta Portaria.</p><p>Art. 2 <sup>o</sup> Esta Portaria entra em vigor em 3 de novembro de 2025.</p><p class="assina">Min. EDSON FACHIN</p><p>ANEXO I</p><p>I - PLENÁRIO</p><p>1. Conselheiros</p><p>1.1. Gabinetes</p><p>1.1.1. Assessoria de Assuntos Jurídicos - AAJ</p><p>.....................................................................................</p><p>II - PRESIDÊNCIA</p><p>1. Juízes Auxiliares</p><p>2. Assessor de Apoio Interinstitucional do CNJ</p><p>3. Gabinete da Presidência - GPR</p><p>3.1. Assessoria Jurídica da Presidência - AJP</p><p>3.1.1. Seção de Acompanhamento das Resoluções e Recomendações - SERES</p><p>3.2. Coordenadoria de Governança de Políticas Judiciárias Nacionais - COPJ</p><p>3.2.1. Setor de Gestão de Políticas Judiciárias - SEGPJ</p><p>3.3 Coordenadoria de Conformação de Normas - CONF</p><p>........................................................................</p><p>SECRETARIA-GERAL</p><p>............................................................................................................................</p><p>1.1 Assessoria Internacional - AIN</p><p>............................................................................................................................</p><p>DIRETORIA-GERAL - DG</p><p>.............................................................................</p><p>3. Coordenadoria de Passagens e Diárias - CODI</p><p>.............................................................................</p><p>ANEXO II</p><p>Composição dos Cargos em Comissão e das Funções Comissionadas</p><p /><p></p><table><tr /><tr><td rowspan="1" colspan="1"><p>Nível</p></td><td rowspan="1" colspan="1"><p>Grupo Direção e Chefia</p></td><td rowspan="1" colspan="1"><p>Quantidade</p></td><td rowspan="1" colspan="1" /></tr><tr><td rowspan="1" colspan="1"><p>CJ-4</p></td><td rowspan="1" colspan="1"><p>Assessor-Chefe Executivo</p></td><td rowspan="1" colspan="1"><p>1</p></td><td rowspan="1" colspan="1" /></tr><tr><td rowspan="1" colspan="1"><p>CJ-4</p></td><td rowspan="1" colspan="1"><p>Diretor-Geral</p></td><td rowspan="1" colspan="1"><p>1</p></td><td rowspan="1" colspan="1" /></tr><tr><td rowspan="1" colspan="1"><p>CJ-3</p></td><td rowspan="1" colspan="1"><p>Secretário</p></td><td rowspan="1" colspan="1"><p>6</p></td><td rowspan="1" colspan="1" /></tr><tr><td rowspan="1" colspan="1"><p>CJ-3</p></td><td rowspan="1" colspan="1"><p>Diretor</p></td><td rowspan="1" colspan="1"><p>4</p></td><td rowspan="1" colspan="1" /></tr><tr><td rowspan="1" colspan="1"><p>CJ-3</p></td><td rowspan="1" colspan="1"><p>Diretor Executivo</p></td><td rowspan="1" colspan="1"><p>3</p></td><td rowspan="1" colspan="1" /></tr><tr><td rowspan="1" colspan="1"><p>CJ-3</p></td><td rowspan="1" colspan="1"><p>Diretor de Projetos</p></td><td rowspan="1" colspan="1"><p>2</p></td><td rowspan="1" colspan="1" /></tr><tr><td rowspan="1" colspan="1"><p>CJ-3</p></td><td rowspan="1" colspan="1"><p>Diretor Técnico</p></td><td rowspan="1" colspan="1"><p>3</p></td><td rowspan="1" colspan="1" /></tr><tr><td rowspan="1" colspan="1"><p>CJ-3</p></td><td rowspan="1" colspan="1"><p>Assessor-Chefe</p></td><td rowspan="1" colspan="1"><p>20</p></td><td rowspan="1" colspan="1" /></tr><tr><td rowspan="1" colspan="1"><p>CJ-2</p></td><td rowspan="1" colspan="1"><p>Chefe da Assessoria de Assuntos Jurídicos</p></td><td rowspan="1" colspan="1"><p>13</p></td><td rowspan="1" colspan="1" /></tr><tr><td rowspan="1" colspan="1"><p>CJ-2</p></td><td rowspan="1" colspan="1"><p>Chefe de Gabinete da Ouvidoria</p></td><td rowspan="1" colspan="1"><p>1</p></td><td rowspan="1" colspan="1" /></tr><tr><td rowspan="1" colspan="1"><p>CJ-2</p></td><td rowspan="1" colspan="1"><p>Presidente da CPC</p></td><td rowspan="1" colspan="1"><p>1</p></td><td rowspan="1" colspan="1" /></tr><tr><td rowspan="1" colspan="1"><p>CJ-2</p></td><td rowspan="1" colspan="1"><p>Chefe de Divisão</p></td><td rowspan="1" colspan="1"><p>9</p></td><td rowspan="1" colspan="1" /></tr><tr><td rowspan="1" colspan="1"><p>CJ-1</p></td><td rowspan="1" colspan="1"><p>Coordenador</p></td><td rowspan="1" colspan="1"><p>34</p></td><td rowspan="1" colspan="1" /></tr><tr><td rowspan="1" colspan="1"><p>CJ-1</p></td><td rowspan="1" colspan="1"><p>Chefe do Escritório Corporativo de Projetos Institucionais</p></td><td rowspan="1" colspan="1"><p>1</p></td><td rowspan="1" colspan="1" /></tr><tr><td rowspan="1" colspan="1"><p>CJ-1</p></td><td rowspan="1" colspan="1"><p>Assessor Internacional</p></td><td rowspan="1" colspan="1"><p>1</p></td><td rowspan="1" colspan="1" /></tr><tr><td rowspan="1" colspan="1"><p>FC-6</p></td><td rowspan="1" colspan="1"><p>Chefe de Seção</p></td><td rowspan="1" colspan="1"><p>59</p></td><td rowspan="1" colspan="1" /></tr><tr><td rowspan="1" colspan="1"><p>FC-6</p></td><td rowspan="1" colspan="1"><p>Chefe da Academia Nacional de Polícia Judicial</p></td><td rowspan="1" colspan="1"><p>1</p></td><td rowspan="1" colspan="1" /></tr><tr><td rowspan="1" colspan="1"><p>FC-5</p></td><td rowspan="1" colspan="1"><p>Chefe de Núcleo</p></td><td rowspan="1" colspan="1"><p>7</p></td><td rowspan="1" colspan="1" /></tr><tr><td rowspan="1" colspan="1"><p>FC-4</p></td><td rowspan="1" colspan="1"><p>Chefe de Setor</p></td><td rowspan="1" colspan="1"><p>10</p></td><td rowspan="1" colspan="1" /></tr><tr><td rowspan="1" colspan="1" /><td rowspan="1" colspan="1"><p>Subtotal</p></td><td rowspan="1" colspan="1"><p>177</p></td><td rowspan="1" colspan="1" /></tr><tr><td rowspan="1" colspan="1"><p>Nível</p></td><td rowspan="1" colspan="1"><p>Grupo Assessoramento</p></td><td rowspan="1" colspan="2"><p>Quantidade</p></td></tr><tr><td rowspan="1" colspan="1"><p>CJ-3</p></td><td rowspan="1" colspan="1"><p>Assessor III</p></td><td rowspan="1" colspan="2"><p>1</p></td></tr><tr><td rowspan="1" colspan="1"><p>CJ-2</p></td><td rowspan="1" colspan="1"><p>Assessor II</p></td><td rowspan="1" colspan="2"><p>5</p></td></tr><tr><td rowspan="1" colspan="1"><p>CJ-1</p></td><td rowspan="1" colspan="1"><p>Assessor I</p></td><td rowspan="1" colspan="2"><p>2</p></td></tr><tr><td rowspan="1" colspan="1" /><td rowspan="1" colspan="1"><p>Subtotal</p></td><td rowspan="1" colspan="2"><p>8</p></td></tr><tr><td rowspan="1" colspan="1"><p>Nível</p></td><td rowspan="1" colspan="1"><p>Grupo Outras Funções</p></td><td rowspan="1" colspan="2"><p>Quantidade</p></td></tr><tr><td rowspan="1" colspan="1"><p>CJ-2</p></td><td rowspan="1" colspan="1"><p>Pesquisador</p></td><td rowspan="1" colspan="2"><p>4</p></td></tr><tr><td rowspan="1" colspan="1"><p>FC-6</p></td><td rowspan="1" colspan="1"><p>Oficial de Gabinete</p></td><td rowspan="1" colspan="2"><p>3</p></td></tr><tr><td rowspan="1" colspan="1"><p>FC-6</p></td><td rowspan="1" colspan="1"><p>Assistente VI</p></td><td rowspan="1" colspan="2"><p>30</p></td></tr><tr><td rowspan="1" colspan="1"><p>FC-6</p></td><td rowspan="1" colspan="1"><p>Consultor de Programas e Projetos</p></td><td rowspan="1" colspan="2"><p>1</p></td></tr><tr><td rowspan="1" colspan="1"><p>FC-5</p></td><td rowspan="1" colspan="1"><p>Consultor de Projetos Institucionais</p></td><td rowspan="1" colspan="2"><p>1</p></td></tr><tr><td rowspan="1" colspan="1"><p>FC-5</p></td><td rowspan="1" colspan="1"><p>Assistente V</p></td><td rowspan="1" colspan="2"><p>14</p></td></tr><tr><td rowspan="1" colspan="1"><p>FC-4</p></td><td rowspan="1" colspan="1"><p>Assistente IV</p></td><td rowspan="1" colspan="2"><p>7</p></td></tr><tr><td rowspan="1" colspan="1"><p>FC-3</p></td><td rowspan="1" colspan="1"><p>Assistente III</p></td><td rowspan="1" colspan="2"><p>3</p></td></tr><tr><td rowspan="1" colspan="1"><p>FC-2</p></td><td rowspan="1" colspan="1"><p>Assistente II</p></td><td rowspan="1" colspan="2"><p>14</p></td></tr><tr><td rowspan="1" colspan="1" /><td rowspan="1" colspan="1"><p>Subtotal</p></td><td rowspan="1" colspan="2"><p>77</p></td></tr><tr><td rowspan="1" colspan="1" /><td rowspan="1" colspan="1"><p>Total</p></td><td rowspan="1" colspan="2"><p>262</p></td></tr></table><p>ANEXO III</p><p>Lotação dos Cargos em Comissão e das Funções Comissionadas</p><p /><p></p><table><tr /><tr><td rowspan="1" colspan="1"><p>Unidade</p></td><td rowspan="1" colspan="1"><p>Nível</p></td><td rowspan="1" colspan="1"><p>Denominação</p></td><td rowspan="1" colspan="1"><p>Quantidade</p></td></tr><tr><td rowspan="1" colspan="1"><p>Plenário</p></td><td rowspan="1" colspan="1"><p>--</p></td><td rowspan="1" colspan="1"><p>--</p></td><td rowspan="1" colspan="1"><p>--</p></td></tr><tr><td rowspan="1" colspan="1"><p>Gabinetes dos Conselheiros</p></td><td rowspan="1" colspan="1"><p>CJ-3</p></td><td rowspan="1" colspan="1"><p>Assessor-Chefe</p></td><td rowspan="1" colspan="1"><p>13</p></td></tr><tr><td rowspan="1" colspan="1" /><td rowspan="1" colspan="1"><p>CJ-2</p></td><td rowspan="1" colspan="1"><p>Chefe da Assessoria de Assuntos Jurídicos</p></td><td rowspan="1" colspan="1"><p>13</p></td></tr><tr><td rowspan="1" colspan="1" /><td rowspan="1" colspan="1"><p>FC-6</p></td><td rowspan="1" colspan="1"><p>Assistente VI</p></td><td rowspan="1" colspan="1"><p>13</p></td></tr></table>]]></Texto>
  </body>
  <Midias />
</article></xml>