﻿<xml><article id="46242889" name="ADE8SOR1452" idOficio="11379759" pubName="DO1" artType="Ato Declaratório" pubDate="03/11/2025" artClass="00028:00033:00435:00100:00025:00000:00000:00000:00000:00000:00007:00002" artCategory="Ministério da Fazenda/Secretaria Especial da Receita Federal do Brasil/Secretaria-Adjunta/Superintendência Regional da Receita Federal do Brasil 8ª Região Fiscal/Delegacia da Receita Federal do Brasil em Sorocaba" artSize="12" artNotes="ok" numberPage="55" pdfPage="http://pesquisa.in.gov.br/imprensa/jsp/visualiza/index.jsp?data=03/11/2025&amp;jornal=515&amp;pagina=55" editionNumber="209" highlightType="" highlightPriority="" highlight="" highlightimage="" highlightimagename="" idMateria="23277467">
  <body>
    <Identifica><![CDATA[ ATO DECLARATÓRIO EXECUTIVO EQBEN/DELEBEN/SRRF08ª/RFB Nº 1.452, DE 30 DE OUTUBRO DE 2025]]></Identifica>
    <Data><![CDATA[]]></Data>
    <Ementa><![CDATA[ Concede Habilitação ao Regime Especial de Incentivos para o Desenvolvimento da Infraestrutura (REIDI) à pessoa jurídica que menciona.]]></Ementa>
    <Titulo />
    <SubTitulo />
    <Texto><![CDATA[<p class="identifica">ATO DECLARATÓRIO EXECUTIVO EQBEN/DELEBEN/SRRF08ª/RFB Nº 1.452, DE 30 DE OUTUBRO DE 2025</p><p class="ementa">Concede Habilitação ao Regime Especial de Incentivos para o Desenvolvimento da Infraestrutura (REIDI) à pessoa jurídica que menciona.</p><p>O AUDITOR-FISCAL DA RECEITA FEDERAL DO BRASIL EM EXERCÍCIO NA EQUIPE NACIONAL DE BENEFÍCIOS FISCAIS, Signatário, no uso das atribuições que lhes conferem a Lei nº 10.593 de 6 de dezembro de 2002 com redação dada pela Lei nº 11.457, de 2007, o art. 8º da Portaria RFB nº 372, de 26 de outubro de 2023, e os arts. 2º e 4º da Portaria RFB nº 114, de 27 de janeiro de 2022, com base nas competências do inciso IV do art. 303 do Regimento Interno da Secretaria Especial da Receita Federal do Brasil, aprovado pela Portaria ME nº 284, de 27 de julho de 2020, e tendo em vista o disposto nos arts. 646 a 663, da IN RFB nº 2121, de 15 de dezembro de 2022, e o que consta do processo administrativo nº 13031.278716/2025-61, declara:</p><p>Art. 1º. HABILITADA a pessoa jurídica NIBIRIO LOCACAO LTDA, CNPJ 40.222.926/0001-46, para operar no Regime Especial de Incentivos para o Desenvolvimento da infraestrutura (REIDI), instituído pela Lei Nº11.488/2007, aplicando-se a todos os estabelecimentos da pessoa jurídica, conforme disposto no art. 655, da Instrução Normativa RFB Nº 2.121/2022.</p><p>Art. 2º. A Habilitação aqui concedida fica vinculada à PORTARIA SNTEP/MME Nº 2948, DE 22 DE MAIO DE 2025, MINISTÉRIO DE MINAS E ENERGIA, Anexo 88, publicada no DOU de 23/05/2025, que aprovou no Regime Especial de Incentivos para o Desenvolvimento da Infraestrutura - Reidi o projeto: Unidade de minigeração distribuída, constituída por fonte fotovoltaica, Número da Unidade Consumidora (UC) 9101362781, data prevista de conclusão 22/04/2025, Município de Arcoverde, Estado de Pernambuco.</p><p>Art. 3º. A suspensão do PIS/PASEP e da COFINS pode ser usufruída no período de 5 (cinco) anos contados da data de publicação deste Ato, ressalvado o disposto no art. 4º.</p><p>Art. 4º. A presente Habilitação poderá ser cancelada "ex officio" pela Autoridade Fiscal em caso de inobservância, por parte da beneficiária, de quaisquer dos requisitos que condicionaram a concessão do Regime (Decreto Nº 6.144/2007, art. 10, Inciso II).</p><p>Art. 5º. Concluída a execução do projeto, deverá ser solicitado, no prazo de trinta dias, o cancelamento da respectiva Habilitação.</p><p>Art. 6º. A ausência da solicitação de que trata o art. 5º sujeita a pessoa jurídica habilitada a multa, nos termos da legislação aplicável.</p><p>Art. 7º. O presente Ato Declaratório Executivo entrará em vigor na data de sua publicação no Diário Oficial da União.</p><p class="assina">JOSÉ JOAQUIM DE OLIVEIRA CAETANO</p>]]></Texto>
  </body>
  <Midias />
</article></xml>