﻿<xml><article id="46225873" name="Portaria SFA-ES 452 de 30.10.202" idOficio="11377355" pubName="DO1" artType="Portaria" pubDate="03/11/2025" artClass="00008:00002:00023:00007:00004:00000:00000:00000:00000:00000:00054:00000" artCategory="Ministério da Agricultura e Pecuária/Secretaria Executiva/Superintendência de Agricultura e Pecuária do Estado do Espírito Santo/Divisão de Defesa Agropecuária/Serviço de Fiscalização de Insumos e Saúde Animal" artSize="12" artNotes="" numberPage="27" pdfPage="http://pesquisa.in.gov.br/imprensa/jsp/visualiza/index.jsp?data=03/11/2025&amp;jornal=515&amp;pagina=27" editionNumber="209" highlightType="" highlightPriority="" highlight="" highlightimage="" highlightimagename="" idMateria="23271705">
  <body>
    <Identifica><![CDATA[ Portaria SFA-ES/MAPA  nº 452, de 30 de outubro de 2025]]></Identifica>
    <Data><![CDATA[]]></Data>
    <Ementa />
    <Titulo />
    <SubTitulo />
    <Texto><![CDATA[<p class="identifica">Portaria SFA-ES/MAPA nº 452, de 30 de outubro de 2025</p><p>O SUPERINTENDENTE FEDERAL DE AGRICULTURA E PECUÁRIA NO ESTADO DO ESPÍRITO SANTO, no uso das atribuições que lhe confere o art. 262 do Regimento Interno da Secretaria Executiva do Ministério da Agricultura e Pecuária, aprovado pela Portaria n.° 561, de 11 de abril de 2018, nos arts. 41 e 50 do Anexo I ao Decreto n.° 11.332, de 1° de janeiro de 2023, conforme disposto no artigo 6° da Instrução Normativa SDA n.° 10, no art. 10 da Instrução Normativa SDA n.° 30, de 7 de junho de 2006, e o que consta do processo n.° 21018.003881/2020-53, resolve:</p><p>Art. 1° Cancelar, a pedido, a habilitação concedida ao médico veterinário PAULO GEOVANI MODENESI, inscrito no CRMV-ES sob o número 1413, para fins de execução de atividades previstas no Regulamento Técnico do Programa Nacional de Controle e Erradicação da Brucelose e da Tuberculose Animal, referentes à realização de testes de diagnóstico de brucelose e tuberculose e participação no processo de certificação de estabelecimentos de criação livres para brucelose e tuberculose bovina e bubalina no estado do Espírito Santo.</p><p>Art. 2° Fica revogada a Portaria SFA-ES n.° 120/2011.</p><p>Art. 3° Esta Portaria entra em vigor na data da sua publicação.</p><p class="assina">GUILHERME GOMES DE SOUZA</p>]]></Texto>
  </body>
  <Midias />
</article></xml>