﻿<xml><article id="46242886" name="ADE10NHO16__DHKDYD" idOficio="11379759" pubName="DO1" artType="Ato Declaratório" pubDate="03/11/2025" artClass="00028:00033:00435:00102:00006:00000:00000:00000:00000:00000:00007:00000" artCategory="Ministério da Fazenda/Secretaria Especial da Receita Federal do Brasil/Secretaria-Adjunta/Superintendência Regional da Receita Federal do Brasil 10ª Região Fiscal/Delegacia da Receita Federal do Brasil em Novo Hamburgo" artSize="12" artNotes="ok" numberPage="57" pdfPage="http://pesquisa.in.gov.br/imprensa/jsp/visualiza/index.jsp?data=03/11/2025&amp;jornal=515&amp;pagina=57" editionNumber="209" highlightType="" highlightPriority="" highlight="" highlightimage="" highlightimagename="" idMateria="23277508">
  <body>
    <Identifica><![CDATA[ ATO DECLARATÓRIO EXECUTIVO drf/nho Nº 16, DE 30 De OUTUBRO DE 2025]]></Identifica>
    <Data><![CDATA[]]></Data>
    <Ementa><![CDATA[ Inscreve no Registro Especial e autoriza a importação dos produtos que menciona.  ]]></Ementa>
    <Titulo />
    <SubTitulo />
    <Texto><![CDATA[<p class="identifica">ATO DECLARATÓRIO EXECUTIVO drf/nho Nº 16, DE 30 De OUTUBRO DE 2025</p><p class="ementa">Inscreve no Registro Especial e autoriza a importação dos produtos que menciona.</p><p>O DELEGADO DA RECEITA FEDERAL DO BRASIL EM NOVO HAMBURGO, no uso das atribuições que lhe conferem o artigo 360, III, do Regimento Interno da Secretaria Especial da Receita Federal do Brasil (RFB) do Ministério da Economia, aprovado pela Portaria ME nº 284, de 27 de julho de 2020, publicada no DOU de 27 de julho de 2020, considerando o disposto na Instrução Normativa RFB nº 1.432, de 26 de dezembro de 2013, artigos 3º, e o que consta do processo n° 13033.245622/2025-96, declara:</p><p>Artº 1º. Está inscrito no Registro Especial sob o n° 10107/102, como IMPORTADOR de bebidas alcoólicas o estabelecimento da empresa INTERMARES IMPORTACAO, EXPORTACAO, E DISTRIBUICAO LTDA, inscrita no CNPJ sob o nº 05.964.537/0001-95.</p><p>Artº 2º. O estabelecimento supracitado está autorizado a importar os produtos abaixo discriminados</p><p /><p></p><table><tr /><tr><td rowspan="1" colspan="1"><p>Produto</p></td><td rowspan="1" colspan="1"><p>Marca Comercial</p></td><td rowspan="1" colspan="1"><p>Classificação Fiscal</p></td><td rowspan="1" colspan="1"><p>Tipo do Recipiente/ML</p></td></tr><tr><td rowspan="1" colspan="1"><p>FERNET VINTAGE</p></td><td rowspan="1" colspan="1"><p>QUAGLIA</p></td><td rowspan="1" colspan="1"><p>22089000</p></td><td rowspan="1" colspan="1"><p>700ML</p></td></tr><tr><td rowspan="1" colspan="1"><p>LICOR VIOLETTA</p></td><td rowspan="1" colspan="1"><p>QUAGLIA</p></td><td rowspan="1" colspan="1"><p>22087000</p></td><td rowspan="1" colspan="1"><p>700ML</p></td></tr><tr><td rowspan="1" colspan="1"><p>GRAPPA CLÁSSICA</p></td><td rowspan="1" colspan="1"><p>QUAGLIA</p></td><td rowspan="1" colspan="1"><p>22082000</p></td><td rowspan="1" colspan="1"><p>700ML</p></td></tr><tr><td rowspan="1" colspan="1"><p>GRAPPA MOLSIN</p></td><td rowspan="1" colspan="1"><p>QUAGLIA</p></td><td rowspan="1" colspan="1"><p>22082000</p></td><td rowspan="1" colspan="1"><p>700ML</p></td></tr><tr><td rowspan="1" colspan="1"><p>PISCO MOSTO VERDE ITÁLIA</p></td><td rowspan="1" colspan="1"><p>BARSOL</p></td><td rowspan="1" colspan="1"><p>22082000</p></td><td rowspan="1" colspan="1"><p>750ML</p></td></tr></table><p>Art. 3º Este Ato Declaratório Executivo entra em vigor na data de sua publicação no Diário Oficial da União.</p><p class="assina">EDUARDO GODOY CORREA</p>]]></Texto>
  </body>
  <Midias />
</article></xml>