﻿<xml><article id="46237470" name="PT SAES NA 3383" idOficio="11379444" pubName="DO1" artType="Portaria" pubDate="03/11/2025" artClass="00047:00037:00000:00000:00000:00000:00000:00000:00000:00000:00017:00002" artCategory="Ministério da Saúde/Secretaria de Atenção Especializada à Saúde" artSize="12" artNotes="" numberPage="86" pdfPage="http://pesquisa.in.gov.br/imprensa/jsp/visualiza/index.jsp?data=03/11/2025&amp;jornal=515&amp;pagina=86" editionNumber="209" highlightType="" highlightPriority="" highlight="" highlightimage="" highlightimagename="" idMateria="23276709">
  <body>
    <Identifica><![CDATA[ Portaria SAES/MS Nº 3.383, DE 21 DE outubro DE 2025]]></Identifica>
    <Data><![CDATA[]]></Data>
    <Ementa><![CDATA[ Defere a Renovação do CEBAS da Associação Beneficente Santa Teresinha, com sede em Braço do Norte (SC).]]></Ementa>
    <Titulo />
    <SubTitulo />
    <Texto><![CDATA[<p class="identifica">Portaria SAES/MS Nº 3.383, DE 21 DE outubro DE 2025</p><p class="ementa">Defere a Renovação do CEBAS da Associação Beneficente Santa Teresinha, com sede em Braço do Norte (SC).</p><p>O SECRETÁRIO DE ATENÇÃO ESPECIALIZADA À SAÚDE, no uso das atribuições que lhe confere o Decreto nº 11.798, de 28 de novembro de 2023, alterado pelo Decreto nº 12.489, de 04 de junho de 2025, resolve:</p><p>Art. 1º Fica deferida a Renovação do Certificado de Entidade Beneficente de Assistência Social (CEBAS) da Associação Beneficente Santa Teresinha, CNPJ nº 86.437.845/0001-64, com sede em Braço do Norte (SC), em razão da comprovação da prestação anual de serviços ao SUS no percentual mínimo de 60% (sessenta por cento), em conformidade com o art. 9º da Lei Complementar nº 187/2021 e seus regulamentos, nos termos do Parecer Técnico nº 497/2025-CGCER/DCEBAS/SAES/MS, constante do Processo nº 25000.084193/2025-31.</p><p>Parágrafo único. A Renovação tem validade pelo período de 1º de janeiro de 2026 a 31 de dezembro de 2028.</p><p>Art. 2º Esta Portaria entra em vigor na data de sua publicação.</p><p class="assina">MOZART JULIO TABOSA SALES</p>]]></Texto>
  </body>
  <Midias />
</article></xml>