﻿<xml><article id="46237710" name="Sumula - outubro-format" idOficio="11379471" pubName="DO1" artType="Súmula" pubDate="03/11/2025" artClass="00025:00013:00005:00000:00000:00000:00000:00000:00000:00000:00066:00010" artCategory="Ministério da Educação/Conselho Nacional de Educação/Secretaria Executiva" artSize="24" artNotes="" numberPage="43" pdfPage="http://pesquisa.in.gov.br/imprensa/jsp/visualiza/index.jsp?data=03/11/2025&amp;jornal=515&amp;pagina=43" editionNumber="209" highlightType="" highlightPriority="" highlight="" highlightimage="" highlightimagename="" idMateria="23276779">
  <body>
    <Identifica><![CDATA[SÚMULA DE PARECERES]]></Identifica>
    <Data><![CDATA[ Brasília, 31 de outubro de 2025]]></Data>
    <Ementa />
    <Titulo />
    <SubTitulo />
    <Texto><![CDATA[<p class="identifica">SÚMULA DE PARECERES</p><p>REUNIÃO ORDINÁRIA DOS DIAS 6, 7, 8 E 9 DO MÊS DE OUTUBRO/2025</p><p>CÂMARA DE EDUCAÇÃO SUPERIOR</p><p>e-MEC: 202401775. Parecer: CNE/CES 591/2025. Relator: André Guilherme Lemos Jorge. Interessada: Facis Educacional Ltda. - Apodi/RN. Assunto: Credenciamento da Faculdade Ieda Silva, a ser instalada no município de Apodi, no estado do Rio Grande do Norte. Voto do Relator: Voto favoravelmente ao credenciamento da Faculdade Ieda Silva, que será instalada na Rua Joaquim Teixeira de Moura, nº 1.385, bairro Boa Viagem, no município de Apodi, no estado do Rio Grande do Norte, observando-se tanto o prazo de cinco anos, conforme dispõe a Portaria Normativa MEC nº 1, de 3 de janeiro de 2017, quanto a exigência avaliativa prevista no Decreto nº 9.235, de 15 de dezembro de 2017, a partir da oferta do curso superior de Educação Física, bacharelado, com o número de vagas totais anuais a ser fixado pela Secretaria de Regulação e Supervisão da Educação Superior - SERES. Decisão da Câmara: APROVADO por unanimidade.</p><p>e-MEC: 202403262. Parecer: CNE/CES 592/2025. Relator: André Guilherme Lemos Jorge. Interessado: Instituto Tocantinense Presidente Antônio Carlos S.A - ITPAC - Araguaína/TO. Assunto: Credenciamento da Faculdade de Psicologia de Cruzeiro do Sul - FPCZS, a ser instalada no município de Cruzeiro do Sul, no estado do Acre. Voto do Relator: Voto favoravelmente ao credenciamento da Faculdade de Psicologia de Cruzeiro do Sul - FPCZS, a ser instalada na Avenida 25 de Agosto, s/n, bairro 25 de Agosto, no município de Cruzeiro do Sul, no estado do Acre, observando-se tanto o prazo de cinco anos, conforme dispõe a Portaria Normativa MEC nº 1, de 3 de janeiro de 2017, quanto a exigência avaliativa prevista no Decreto nº 9.235, de 15 de dezembro de 2017, a partir da oferta do curso superior de Psicologia, bacharelado, com o número de vagas totais anuais a ser fixado pela Secretaria de Regulação e Supervisão da Educação Superior - SERES. Decisão da Câmara: APROVADO por unanimidade.</p><p>e-MEC: 202334121. Parecer: CNE/CES 594/2025. Relatora: Ludhmila Abrahão Hajjar. Interessada: Fundação Técnico Educacional Souza Marques - Rio de Janeiro/RJ. Assunto: Credenciamento do Centro Universitário Souza Marques - UNISM, por transformação da Faculdade Souza Marques - FSM, com sede no município do Rio de Janeiro, no estado do Rio de Janeiro. Voto da Relatora: Nos termos da Resolução CNE/CES nº 1, de 20 de janeiro de 2010, alterada pela Resolução CNE/CES nº 2, de 23 de junho de 2017, voto favoravelmente ao credenciamento do Centro Universitário Souza Marques - UNISM, por transformação da Faculdade Souza Marques - FSM, com sede na Avenida Ernani Cardoso, n <sup>os</sup> 335/345, bairro Cascadura, no município do Rio de Janeiro, no estado do Rio de Janeiro, observando-se tanto o prazo de quatro anos, conforme dispõe a Portaria Normativa MEC nº 1, de 3 de janeiro de 2017, quanto a exigência avaliativa prevista no Decreto nº 9.235, de 15 de dezembro de 2017. Decisão da Câmara: APROVADO por unanimidade.</p><p>e-MEC: 202417206. Parecer: CNE/CES 597/2025. Relatora: Ludhmila Abrahão Hajjar. Interessado: JRR Educacional Ltda. - Goiânia/GO. Assunto: Credenciamento da Faculdade de Negócios e Direito, a ser instalada no município de Goiânia, no estado de Goiás. Voto da Relatora: Voto favoravelmente ao credenciamento da Faculdade de Negócios e Direito, a ser instalada na Rua T 27, s/n, bairro Setor Bueno, no município de Goiânia, no estado de Goiás, observando-se tanto o prazo de cinco anos, conforme dispõe a Portaria Normativa MEC nº 1, de 3 de janeiro de 2017, quanto a exigência avaliativa prevista no Decreto nº 9.235, de 15 de dezembro de 2017, a partir da oferta dos cursos superiores de Administração, bacharelado, e Direito, bacharelado, com o número de vagas totais anuais a ser fixado pela Secretaria de Regulação e Supervisão da Educação Superior - SERES. Decisão da Câmara: APROVADO por unanimidade.</p><p>e-MEC: 202403481. Parecer: CNE/CES 601/2025. Relator: Mauro Luiz Rabelo. Interessado: Centro de Educação Superior Mais Ltda. - Inhumas/GO. Assunto: Credenciamento da Faculdade Mais de Aparecida de Goiânia - FacMais, a ser instalada no município de Aparecida de Goiânia, no estado de Goiás. Voto do Relator: Voto favoravelmente ao credenciamento da Faculdade Mais de Aparecida de Goiânia - FacMais, a ser instalada na Avenida Independência, s/n, bairro Setor Serra Dourada - 3ª Etapa, no município de Aparecida de Goiânia, no estado de Goiás, observando-se tanto o prazo de quatro anos, conforme dispõe a Portaria Normativa MEC nº 1, de 3 de janeiro de 2017, quanto a exigência avaliativa prevista no Decreto nº 9.235, de 15 de dezembro de 2017, a partir da oferta dos cursos superiores de Direito, bacharelado; Enfermagem, bacharelado; Medicina Veterinária, bacharelado; Odontologia, bacharelado; e Psicologia, bacharelado, com o número de vagas totais anuais a ser fixado pela Secretaria de Regulação e Supervisão da Educação Superior - SERES. Decisão da Câmara: APROVADO por unanimidade.</p><p>Processo: 23001.000594/2025-19. Parecer: CNE/CES 626/2025. Relatora: Ludhmila Abrahão Hajjar. Interessada: Coordenação de Aperfeiçoamento de Pessoal de Nível Superior - Capes - Brasília/DF. Assunto: Reconhecimento dos programas de pós-graduação stricto sensu (Mestrado e Doutorado) recomendados pelo Conselho Técnico-Científico da Educação Superior - CTC-ES da Coordenação de Aperfeiçoamento de Pessoal de Nível Superior - Capes, na reunião realizada nos dias 4 e 5 de junho de 2025 (237ª Reunião). Voto da Relatora: Acolho a recomendação da Coordenação de Aperfeiçoamento de Pessoal de Nível Superior - Capes e voto favoravelmente ao reconhecimento, com prazo de validade determinado pela sistemática avaliativa, dos cursos de Mestrado e Doutorado relacionados na planilha anexa ao presente Parecer, aprovados pelo Conselho Técnico-Científico da Educação Superior - CTC-ES, na reunião realizada nos dias 4 e 5 de junho de 2025 (237ª Reunião). Decisão da Câmara: APROVADO por unanimidade.</p><p>Observação: De acordo com o Regimento Interno do CNE e a Lei nº 9.784/1999, os interessados terão prazo de 30 (trinta) dias para recursos, quando couber, a partir da data de publicação desta Súmula no Diário Oficial da União, ressalvados os processos em trâmite no Sistema e-MEC, cuja data de publicação, para efeito de contagem do prazo recursal, será efetuada a partir da publicação nesse Sistema, nos termos do artigo 1º, § 4º, da Portaria Normativa MEC nº 21/2017. Em face do disposto no Art. 2º da Lei nº 9.131, de 24 de novembro de 1995, os pareceres do Conselho Nacional de Educação - CNE somente produzirão efeitos após a publicação do respectivo ato homologatório exarado pelo Ministro de Estado da Educação. Os Pareceres citados encontram-se à disposição dos interessados no Conselho Nacional de Educação e serão divulgados na página do CNE (https://www.gov.br/mec/pt-br/cne).</p><p class="data">Brasília, 31 de outubro de 2025</p><p class="assina">CHRISTY GANZERT PATO</p><p class="cargo">Secretário Executivo</p><p>ANEXO AO PARECER CNE/CES Nº 626/2025</p><p>Ministério da Educação - MEC</p><p>FUNDAÇÃO COORDENAÇÃO DE APERFEIÇOAMENTO DE PESSOAL DE NÍVEL SUPERIOR - CAPES</p><p>Diretoria de Avaliação - DAV</p><p>237ª Reunião do CTC-ES</p><p>04 e 05 de junho de 2025</p><p>Proposta de cursos novos na modalidade de ensino presencial</p><p /><p></p><table><tr /><tr><td rowspan="1" colspan="1"><p><strong>Seq.</strong></p></td><td rowspan="1" colspan="1"><p>Área de Avaliação</p></td><td rowspan="1" colspan="1"><p>Código do Curso</p></td><td rowspan="1" colspan="1"><p>Sigla IES</p></td><td rowspan="1" colspan="1"><p>Nome IES</p></td><td rowspan="1" colspan="1"><p>UF</p></td><td rowspan="1" colspan="1"><p>Região</p></td><td rowspan="1" colspan="1"><p>Nome do Curso</p></td><td rowspan="1" colspan="1"><p>Nível</p></td><td rowspan="1" colspan="1"><p>Conceito/ Nota CTC-ES</p></td></tr><tr><td rowspan="1" colspan="1"><p>1</p></td><td rowspan="1" colspan="1"><p>CIÊNCIAS E HUMANIDADES PARA A EDUCAÇÃO BÁSICA</p></td><td rowspan="1" colspan="1"><p>23005017003F2*</p></td><td rowspan="1" colspan="1"><p>IFRN</p></td><td rowspan="1" colspan="1"><p>INSTITUTO FEDERAL DE EDUCAÇÃO, CIÊNCIA E TECNOLOGIA DO RIO GRANDE DO NORTE</p></td><td rowspan="1" colspan="1"><p>RN</p></td><td rowspan="1" colspan="1"><p>Nordeste</p></td><td rowspan="1" colspan="1"><p>DOCÊNCIA PARA A EPT</p></td><td rowspan="1" colspan="1"><p>MP</p></td><td rowspan="1" colspan="1"><p>A</p></td></tr><tr><td rowspan="1" colspan="1" /><td rowspan="1" colspan="1" /><td rowspan="1" colspan="1" /><td rowspan="1" colspan="1"><p>IFB</p></td><td rowspan="1" colspan="1"><p>INSTITUTO FEDERAL DE EDUCAÇÃO, CIÊNCIA E TECNOLOGIA DE BRASÍLIA</p></td><td rowspan="1" colspan="1"><p>DF</p></td><td rowspan="1" colspan="1"><p>Centro-Oeste</p></td><td rowspan="1" colspan="1" /><td rowspan="1" colspan="1" /><td rowspan="1" colspan="1" /></tr><tr><td rowspan="1" colspan="1" /><td rowspan="1" colspan="1" /><td rowspan="1" colspan="1" /><td rowspan="1" colspan="1"><p>IFAM</p></td><td rowspan="1" colspan="1"><p>INSTITUTO FEDERAL DE EDUCAÇÃO, CIÊNCIA E TECNOLOGIA DO AMAZONAS</p></td><td rowspan="1" colspan="1"><p>AM</p></td><td rowspan="1" colspan="1"><p>Norte</p></td><td rowspan="1" colspan="1" /><td rowspan="1" colspan="1" /><td rowspan="1" colspan="1" /></tr><tr><td rowspan="1" colspan="1" /><td rowspan="1" colspan="1" /><td rowspan="1" colspan="1" /><td rowspan="1" colspan="1"><p>IFES</p></td><td rowspan="1" colspan="1"><p>INSTITUTO FEDERAL DE EDUCAÇÃO, CIÊNCIA E TECNOLOGIA DO ESPÍRITO SANTO</p></td><td rowspan="1" colspan="1"><p>ES</p></td><td rowspan="1" colspan="1"><p>Sudeste</p></td><td rowspan="1" colspan="1" /><td rowspan="1" colspan="1" /><td rowspan="1" colspan="1" /></tr><tr><td rowspan="1" colspan="1" /><td rowspan="1" colspan="1" /><td rowspan="1" colspan="1" /><td rowspan="1" colspan="1"><p>IFSUL</p></td><td rowspan="1" colspan="1"><p>INSTITUTO FEDERAL DE EDUCAÇÃO, CIÊNCIA E TECNOLOGIA SUL-RIO-GRANDENSE</p></td><td rowspan="1" colspan="1"><p>RS</p></td><td rowspan="1" colspan="1"><p>Sul</p></td><td rowspan="1" colspan="1" /><td rowspan="1" colspan="1" /><td rowspan="1" colspan="1" /></tr><tr><td rowspan="1" colspan="1"><p>2</p></td><td rowspan="1" colspan="1"><p>CIÊNCIAS E HUMANIDADES PARA A EDUCAÇÃO BÁSICA</p></td><td rowspan="1" colspan="1"><p>32001010181F8*</p></td><td rowspan="1" colspan="1"><p>UFMG</p></td><td rowspan="1" colspan="1"><p>UNIVERSIDADE FEDERAL DE MINAS GERAIS</p></td><td rowspan="1" colspan="1"><p>MG</p></td><td rowspan="1" colspan="1"><p>Sudeste</p></td><td rowspan="1" colspan="1"><p>Alfabetização em Rede Nacional - ProfAlfa</p></td><td rowspan="1" colspan="1"><p>MP</p></td><td rowspan="1" colspan="1"><p>A</p></td></tr><tr><td rowspan="1" colspan="1" /><td rowspan="1" colspan="1" /><td rowspan="1" colspan="1" /><td rowspan="1" colspan="1"><p>UFMS</p></td><td rowspan="1" colspan="1"><p>UNIVERSIDADE FEDERAL DE MATO GROSSO DO SUL</p></td><td rowspan="1" colspan="1"><p>MS</p></td><td rowspan="1" colspan="1"><p>Centro-Oeste</p></td><td rowspan="1" colspan="1" /><td rowspan="1" colspan="1" /><td rowspan="1" colspan="1" /></tr><tr><td rowspan="1" colspan="1" /><td rowspan="1" colspan="1" /><td rowspan="1" colspan="1" /><td rowspan="1" colspan="1"><p>UFPE</p></td><td rowspan="1" colspan="1"><p>UNIVERSIDADE FEDERAL DE PERNAMBUCO</p></td><td rowspan="1" colspan="1"><p>PE</p></td><td rowspan="1" colspan="1"><p>Nordeste</p></td><td rowspan="1" colspan="1" /><td rowspan="1" colspan="1" /><td rowspan="1" colspan="1" /></tr><tr><td rowspan="1" colspan="1" /><td rowspan="1" colspan="1" /><td rowspan="1" colspan="1" /><td rowspan="1" colspan="1"><p>UNIFAP</p></td><td rowspan="1" colspan="1"><p>UNIVERSIDADE FEDERAL DO AMAPÁ</p></td><td rowspan="1" colspan="1"><p>AP</p></td><td rowspan="1" colspan="1"><p>Norte</p></td><td rowspan="1" colspan="1" /><td rowspan="1" colspan="1" /><td rowspan="1" colspan="1" /></tr><tr><td rowspan="1" colspan="1" /><td rowspan="1" colspan="1" /><td rowspan="1" colspan="1" /><td rowspan="1" colspan="1"><p>UFRGS</p></td><td rowspan="1" colspan="1"><p>UNIVERSIDADE FEDERAL DO RIO GRANDE DO SUL</p></td><td rowspan="1" colspan="1"><p>RS</p></td><td rowspan="1" colspan="1"><p>Sul</p></td><td rowspan="1" colspan="1" /><td rowspan="1" colspan="1" /><td rowspan="1" colspan="1" /></tr><tr><td rowspan="1" colspan="1"><p>3</p></td><td rowspan="1" colspan="1"><p>CIÊNCIAS E HUMANIDADES PARA A EDUCAÇÃO BÁSICA</p></td><td rowspan="1" colspan="1"><p>33283010001R1*</p></td><td rowspan="1" colspan="1"><p>SBF</p></td><td rowspan="1" colspan="1"><p>SOCIEDADE BRASILEIRA DE FÍSICA</p></td><td rowspan="1" colspan="1"><p>SP</p></td><td rowspan="1" colspan="1"><p>Sudeste</p></td><td rowspan="1" colspan="1"><p>Ensino de Física</p></td><td rowspan="1" colspan="1"><p>DP</p></td><td rowspan="1" colspan="1"><p>5</p></td></tr><tr><td rowspan="1" colspan="1" /><td rowspan="1" colspan="1" /><td rowspan="1" colspan="1" /><td rowspan="1" colspan="1"><p>UNB</p></td><td rowspan="1" colspan="1"><p>UNIVERSIDADE DE BRASÍLIA</p></td><td rowspan="1" colspan="1"><p>DF</p></td><td rowspan="1" colspan="1"><p>Centro-Oeste</p></td><td rowspan="1" colspan="1" /><td rowspan="1" colspan="1" /><td rowspan="1" colspan="1" /></tr><tr><td rowspan="1" colspan="1" /><td rowspan="1" colspan="1" /><td rowspan="1" colspan="1" /><td rowspan="1" colspan="1"><p>UECE</p></td><td rowspan="1" colspan="1"><p>UNIVERSIDADE ESTADUAL DO CEARÁ</p></td><td rowspan="1" colspan="1"><p>CE</p></td><td rowspan="1" colspan="1"><p>Nordeste</p></td><td rowspan="1" colspan="1" /><td rowspan="1" colspan="1" /><td rowspan="1" colspan="1" /></tr><tr><td rowspan="1" colspan="1" /><td rowspan="1" colspan="1" /><td rowspan="1" colspan="1" /><td rowspan="1" colspan="1"><p>UFES</p></td><td rowspan="1" colspan="1"><p>UNIVERSIDADE FEDERAL DO ESPÍRITO SANTO</p></td><td rowspan="1" colspan="1"><p>ES</p></td><td rowspan="1" colspan="1"><p>Sudeste</p></td><td rowspan="1" colspan="1" /><td rowspan="1" colspan="1" /><td rowspan="1" colspan="1" /></tr><tr><td rowspan="1" colspan="1" /><td rowspan="1" colspan="1" /><td rowspan="1" colspan="1" /><td rowspan="1" colspan="1"><p>UFPA</p></td><td rowspan="1" colspan="1"><p>UNIVERSIDADE FEDERAL DO PARÁ</p></td><td rowspan="1" colspan="1"><p>PA</p></td><td rowspan="1" colspan="1"><p>Norte</p></td><td rowspan="1" colspan="1" /><td rowspan="1" colspan="1" /><td rowspan="1" colspan="1" /></tr><tr><td rowspan="1" colspan="1" /><td rowspan="1" colspan="1" /><td rowspan="1" colspan="1" /><td rowspan="1" colspan="1"><p>UFF</p></td><td rowspan="1" colspan="1"><p>UNIVERSIDADE FEDERAL FLUMINENSE</p></td><td rowspan="1" colspan="1"><p>RJ</p></td><td rowspan="1" colspan="1"><p>Sudeste</p></td><td rowspan="1" colspan="1" /><td rowspan="1" colspan="1" /><td rowspan="1" colspan="1" /></tr><tr><td rowspan="1" colspan="1" /><td rowspan="1" colspan="1" /><td rowspan="1" colspan="1" /><td rowspan="1" colspan="1"><p>UTFPR</p></td><td rowspan="1" colspan="1"><p>UNIVERSIDADE TECNOLÓGICA FEDERAL DO PARANÁ</p></td><td rowspan="1" colspan="1"><p>PR</p></td><td rowspan="1" colspan="1"><p>Sul</p></td><td rowspan="1" colspan="1" /><td rowspan="1" colspan="1" /><td rowspan="1" colspan="1" /></tr><tr><td rowspan="1" colspan="1"><p>4</p></td><td rowspan="1" colspan="1"><p>DIREITO</p></td><td rowspan="1" colspan="1"><p>41015010008D5</p></td><td rowspan="1" colspan="1"><p>UNESC</p></td><td rowspan="1" colspan="1"><p>UNIVERSIDADE DO EXTREMO SUL CATARINENSE</p></td><td rowspan="1" colspan="1"><p>SC</p></td><td rowspan="1" colspan="1"><p>Sul</p></td><td rowspan="1" colspan="1"><p>Direito</p></td><td rowspan="1" colspan="1"><p>DO</p></td><td rowspan="1" colspan="1"><p>4</p></td></tr><tr><td rowspan="1" colspan="1"><p>5</p></td><td rowspan="1" colspan="1"><p>DIREITO</p></td><td rowspan="1" colspan="1"><p>51001012101D6</p></td><td rowspan="1" colspan="1"><p>UFMS</p></td><td rowspan="1" colspan="1"><p>UNIVERSIDADE FEDERAL DE MATO GROSSO DO SUL</p></td><td rowspan="1" colspan="1"><p>MS</p></td><td rowspan="1" colspan="1"><p>Centro-Oeste</p></td><td rowspan="1" colspan="1"><p>DIREITOS HUMANOS, SUSTENTABILIDADE E CIDADANIA</p></td><td rowspan="1" colspan="1"><p>DO</p></td><td rowspan="1" colspan="1"><p>4</p></td></tr><tr><td rowspan="1" colspan="1"><p>6</p></td><td rowspan="1" colspan="1"><p>DIREITO</p></td><td rowspan="1" colspan="1"><p>31021018015D0</p></td><td rowspan="1" colspan="1"><p>UNIRIO</p></td><td rowspan="1" colspan="1"><p>UNIVERSIDADE FEDERAL DO ESTADO DO RIO DE JANEIRO</p></td><td rowspan="1" colspan="1"><p>RJ</p></td><td rowspan="1" colspan="1"><p>Sudeste</p></td><td rowspan="1" colspan="1"><p>Direito</p></td><td rowspan="1" colspan="1"><p>DO</p></td><td rowspan="1" colspan="1"><p>4</p></td></tr><tr><td rowspan="1" colspan="1"><p>7</p></td><td rowspan="1" colspan="1"><p>INTERDISCIPLINAR</p></td><td rowspan="1" colspan="1"><p>42001013178M2</p></td><td rowspan="1" colspan="1"><p>UFRGS</p></td><td rowspan="1" colspan="1"><p>UNIVERSIDADE FEDERAL DO RIO GRANDE DO SUL</p></td><td rowspan="1" colspan="1"><p>RS</p></td><td rowspan="1" colspan="1"><p>Sul</p></td><td rowspan="1" colspan="1"><p>CIÊNCIAS FORENSES</p></td><td rowspan="1" colspan="1"><p>ME</p></td><td rowspan="1" colspan="1"><p>A</p></td></tr><tr><td rowspan="1" colspan="1"><p>8</p></td><td rowspan="1" colspan="1"><p>MEDICINA I</p></td><td rowspan="1" colspan="1"><p>43071007001M5</p></td><td rowspan="1" colspan="1"><p>FACSMV</p></td><td rowspan="1" colspan="1"><p>FACULDADE DE CIÊNCIAS DA SAÚDE MOINHOS DE VENTO</p></td><td rowspan="1" colspan="1"><p>RS</p></td><td rowspan="1" colspan="1"><p>Sul</p></td><td rowspan="1" colspan="1"><p>Ciências da Saúde</p></td><td rowspan="1" colspan="1"><p>ME</p></td><td rowspan="1" colspan="1"><p>A</p></td></tr><tr><td rowspan="1" colspan="1"><p>9</p></td><td rowspan="1" colspan="1"><p>QUÍMICA</p></td><td rowspan="1" colspan="1"><p>32018010050M4 / 2018010050D5</p></td><td rowspan="1" colspan="1"><p>UFSJ</p></td><td rowspan="1" colspan="1"><p>UNIVERSIDADE FEDERAL DE SÃO JOÃO DEL-REI</p></td><td rowspan="1" colspan="1"><p>MG</p></td><td rowspan="1" colspan="1"><p>Sudeste</p></td><td rowspan="1" colspan="1"><p>Química</p></td><td rowspan="1" colspan="1"><p>ME/DO</p></td><td rowspan="1" colspan="1"><p>A/A</p></td></tr></table><p /><p></p><table><tr /><tr><td rowspan="1" colspan="1"><p>Legenda:</p></td></tr><tr><td rowspan="1" colspan="1"><p>* Forma Associativa Interinstitucional</p></td></tr><tr><td rowspan="1" colspan="1"><p>ME - mestrado acadêmico</p></td></tr><tr><td rowspan="1" colspan="1"><p>DO - doutorado acadêmico</p></td></tr><tr><td rowspan="1" colspan="1"><p>MP - mestrado profissional</p></td></tr><tr><td rowspan="1" colspan="1"><p>DP - doutorado profissional</p></td></tr><tr><td rowspan="1" colspan="1"><p>A - Aprovado</p></td></tr></table>]]></Texto>
  </body>
  <Midias />
</article></xml>