﻿<xml><article id="46231315" name="resolucao_4315_2025 GGCOS" idOficio="11377879" pubName="DO1" artType="Resolução" pubDate="03/11/2025" artClass="00047:00048:00015:00012:00000:00000:00000:00000:00000:00000:00064:34315" artCategory="Ministério da Saúde/Agência Nacional de Vigilância Sanitária/3ª Diretoria/Gerência-Geral de Cosméticos e Saneantes" artSize="12" artNotes="" numberPage="127" pdfPage="http://pesquisa.in.gov.br/imprensa/jsp/visualiza/index.jsp?data=03/11/2025&amp;jornal=515&amp;pagina=127" editionNumber="209" highlightType="" highlightPriority="" highlight="" highlightimage="" highlightimagename="" idMateria="23272367">
  <body>
    <Identifica><![CDATA[ RESOLUÇÃO-RE Nº 4.315, de 30 DE Outubro DE 2025]]></Identifica>
    <Data><![CDATA[]]></Data>
    <Ementa />
    <Titulo />
    <SubTitulo />
    <Texto><![CDATA[<p class="identifica">RESOLUÇÃO-RE Nº 4.315, de 30 DE Outubro DE 2025</p><p>O GERENTE-GERAL DE COSMÉTICOS E SANEANTES DA AGÊNCIA NACIONAL DE VIGILÂNCIA SANITÁRIA no uso das atribuições que lhe confere o art. 129, aliado ao art. 203, I, § 1º do Regimento Interno aprovado pela Resolução da Diretoria Colegiada - RDC nº 585, de 10 de dezembro de 2021, resolve:</p><p>Art. 1º Deferir os registros e as petições dos produtos de higiene pessoal, cosméticos e perfumes, conforme relação anexa.</p><p>Art. 2º Esta Resolução entra em vigor na data de sua publicação.</p><p class="assina">BRUNO GONÇALVES ARAÚJO RIOS</p><p class="anexo">ANEXO</p><p>NOME DA EMPRESA / CNPJ</p><p>NOME DO PRODUTO E MARCA</p><p>NÚMERO DO PROCESSO / REGISTRO</p><p>PETIÇÃO(ÕES) / EXPEDIENTE(S)</p><p>_________________________________________________________________</p><p>AERZ QUIMICA INDUSTRIAL LTDA / 19.083.386/0001-70</p><p>Protetor Solar FPS 60 - Favorita</p><p>25351.059100/2025-50 / 278550024</p><p>2731 - REG. COSMÉTICOS - Registro de produtos cosméticos / 0526257/25-3</p><p>REPELENTE DE INSETOS SPRAY - REPELLEN - DIHELLEN</p><p>25351.163561/2025-26 / 278550025</p><p>2731 - REG. COSMÉTICOS - Registro de produtos cosméticos / 1210440/25-3</p><p>--------------------------------------</p><p>ALTA COSMÉTICA INDÚSTRIA, COMÉRCIO, IMPORTAÇÃO E EXPORTAÇÃO LTDA - ME / 04.267.338/0001-65</p><p>PROTETOR SOLAR PROTECT SKIN AKMOS FPS 30</p><p>25351.362945/2015-27 / 231750049</p><p>230 - REG. COSMÉTICOS - Modificação de Fórmula de Produto Registrado - Nacional / 1235819/24-8</p><p>PROTETOR SOLAR PROTECT SKIN AKMOS FPS 30</p><p>25351.362945/2015-27 / 231750049</p><p>289 - REG. COSMÉTICOS - Alteração de Rotulagem de Produto Registrado / 1281098/25-6</p><p>--------------------------------------</p><p>ANCLA´S INDÚSTRIA E COMÉRCIO DE COSMÉTICOS LTDA - EPP / 19.138.182/0001-90</p><p>HIDRASOL FOTOPROTETOR FACIAL FPS 30 TULÍPIA</p><p>25351.086449/2025-64 / 275470117</p><p>2731 - REG. COSMÉTICOS - Registro de produtos cosméticos / 0714655/25-2</p><p>HIDRASOL FOTOPROTETOR FACIAL FPS 60 TULÍPIA</p><p>25351.089678/2025-31 / 275470118</p><p>2731 - REG. COSMÉTICOS - Registro de produtos cosméticos / 0735984/25-5</p><p>PROTETOR SOLAR FACIAL FPS 45 OFICIALDERMA</p><p>25351.417385/2024-77 / 275470113</p><p>290 - REG. COSMÉTICOS - Mudança de Nome de Produto Registrado / 0146770/25-1</p><p>--------------------------------------</p><p>BOTICA COMERCIAL FARMACEUTICA LTDA. / 77.388.007/0001-57</p><p>AUSTRALIAN GOLD FPS 30 SPRAY GEL PROTETOR SOLAR</p><p>25351.072009/2017-05 / 205441527</p><p>289 - REG. COSMÉTICOS - Alteração de Rotulagem de Produto Registrado / 1542798/24-8</p><p>AUSTRALIAN GOLD FPS 30 SPRAY GEL PROTETOR SOLAR</p><p>25351.072009/2017-05 / 205441527</p><p>2112 - REG. COSMÉTICOS - Inclusão de apresentação / 1561030/24-4</p><p>AUSTRALIAN GOLD FPS 30 SPRAY GEL PROTETOR SOLAR</p><p>25351.072009/2017-05 / 205441527</p><p>230 - REG. COSMÉTICOS - Modificação de Fórmula de Produto Registrado - Nacional / 1561360/24-4</p><p>--------------------------------------</p><p>COSMED INDUSTRIA DE COSMETICOS E MEDICAMENTOS S.A. / 61.082.426/0002-07</p><p>EPISOL GLOW FPS 60</p><p>25351.087572/2025-01 / 200030910</p><p>2731 - REG. COSMÉTICOS - Registro de produtos cosméticos / 0722663/25-1</p><p>EPISOL BRONZE FPS 60</p><p>25351.087592/2025-73 / 200030911</p><p>2731 - REG. COSMÉTICOS - Registro de produtos cosméticos / 0722712/25-1</p><p>--------------------------------------</p><p>FRIELO DO BRASIL INDUSTRIA E COMERCIO DE COSMETICOS LTDA - ME / 13.647.062/0001-31</p><p>PORTIER EXCLUSIVE FREE ALISAMENTO</p><p>25351.092866/2025-46 / 266370011</p><p>2731 - REG. COSMÉTICOS - Registro de produtos cosméticos / 0757925/25-1</p><p>PORTIER REDUTOR PRO EXPERT HC</p><p>25351.092893/2025-19 / 266370012</p><p>2731 - REG. COSMÉTICOS - Registro de produtos cosméticos / 0758201/25-7</p><p>--------------------------------------</p><p>HENLAU QUIMICA LTDA / 01.847.902/0001-20</p><p>SUNLAU GEL REPELENTE CONTRA INSETOS</p><p>25351.169825/2025-55 / 227430231</p><p>2731 - REG. COSMÉTICOS - Registro de produtos cosméticos / 1258184/25-7</p><p>SUNLAU GEL REPELENTE</p><p>25351.179349/2015-32 / 227430200</p><p>289 - REG. COSMÉTICOS - Alteração de Rotulagem de Produto Registrado / 0675683/25-4</p><p>--------------------------------------</p><p>KENVUE LTDA. / 59.748.988/0001-14</p><p>MINESOL PIGMENT CORRECT COR 2.0</p><p>25351.083035/2025-83 / 200921414</p><p>2731 - REG. COSMÉTICOS - Registro de produtos cosméticos / 0697714/25-0</p><p>MINESOL PIGMENT CORRECT COR 3.0</p><p>25351.083624/2025-61 / 200921415</p><p>2731 - REG. COSMÉTICOS - Registro de produtos cosméticos / 0699725/25-9</p><p>--------------------------------------</p><p>KLUG INDUSTRIA QUIMICA E DE COSMETICOS LTDA / 39.237.158/0001-15</p><p>Smart Protetor Solar - Stick FPS 60 - Smart GR</p><p>25351.049047/2025-89 / 432990015</p><p>2731 - REG. COSMÉTICOS - Registro de produtos cosméticos / 0449721/25-6</p><p>Smart Protetor Solar FPS 60 - Fluido PDRN - Smart GR</p><p>25351.093397/2025-82 / 432990016</p><p>2731 - REG. COSMÉTICOS - Registro de produtos cosméticos / 0760762/25-2</p><p>Smart Protetor Solar FPS 60 - Fluido Exo - Smart GR</p><p>25351.093399/2025-71 / 432990017</p><p>2731 - REG. COSMÉTICOS - Registro de produtos cosméticos / 0760766/25-8</p><p>--------------------------------------</p><p>LACCOS INDÚSTRIA DE COSMÉTICOS LTDA / 09.437.796/0001-19</p><p>INNIB-41 GEL ANTISSÉPTICO PARA AS MÃOS - YEVA LABORATOIRES</p><p>25351.057320/2025-49 / 248420004</p><p>2731 - REG. COSMÉTICOS - Registro de produtos cosméticos / 0513752/25-1</p><p>--------------------------------------</p><p>NATUPHITUS INDÚSTRIA E COMÉRCIO DE COSMÉTICOS LTDA / 73.697.666/0001-14</p><p>PROTETOR SOLAR CRÉME SOLAIRE SEM COR FPS 60 CLINIQUE ÂME.</p><p>25351.050820/2025-50 / 219280633</p><p>2731 - REG. COSMÉTICOS - Registro de produtos cosméticos / 0464375/25-8</p><p>--------------------------------------</p><p>UNA INDUSTRIA E COMERCIO DE COSMETICOS LTDA / 20.179.840/0001-70</p><p>PROTETOR SOLAR WATERY FLUID FPS 50 - CREAMY SKYNCARE</p><p>25351.072971/2025-69 / 415350002</p><p>2731 - REG. COSMÉTICOS - Registro de produtos cosméticos / 0620865/25-3</p><p>--------------------------------------</p><p>UNEVIE COSMETICOS E SABOARIA NATURAL VEGETAL LTDA / 11.681.724/0001-64</p><p>ARATÍ REPELENTE HIDRATANTE</p><p>25351.150166/2025-83 / 413710002</p><p>2731 - REG. COSMÉTICOS - Registro de produtos cosméticos / 1138811/25-4</p><p>--------------------------------------</p><p>bem estar industria comércio e importação de cosméticos ltda / 08.040.489/0001-37</p><p>AMEND GOLD BLACK CREME RELAXANTE</p><p>25351.079397/2025-70 / 255910073</p><p>2731 - REG. COSMÉTICOS - Registro de produtos cosméticos / 0663644/25-9</p><p>AMEND GOLD BLACK CREME ALISANTE</p><p>25351.098790/2025-62 / 255910074</p><p>2731 - REG. COSMÉTICOS - Registro de produtos cosméticos / 0796398/25-9</p>]]></Texto>
  </body>
  <Midias />
</article></xml>