﻿<xml><article id="46231321" name="resolucao_4313_2025 GGTPS" idOficio="11377879" pubName="DO1" artType="Resolução" pubDate="03/11/2025" artClass="00047:00048:00015:00010:00000:00000:00000:00000:00000:00000:00064:34313" artCategory="Ministério da Saúde/Agência Nacional de Vigilância Sanitária/3ª Diretoria/Gerência-Geral de Tecnologia de Produtos para Saúde" artSize="12" artNotes="" numberPage="124" pdfPage="http://pesquisa.in.gov.br/imprensa/jsp/visualiza/index.jsp?data=03/11/2025&amp;jornal=515&amp;pagina=124" editionNumber="209" highlightType="" highlightPriority="" highlight="" highlightimage="" highlightimagename="" idMateria="23272366">
  <body>
    <Identifica><![CDATA[ RESOLUÇÃO-RE nº 4.313, DE 30 DE OUTUBRO DE 2025]]></Identifica>
    <Data><![CDATA[]]></Data>
    <Ementa />
    <Titulo />
    <SubTitulo />
    <Texto><![CDATA[<p class="identifica">RESOLUÇÃO-RE nº 4.313, DE 30 DE OUTUBRO DE 2025</p><p>A GERENTE-GERAL DE TECNOLOGIA DE PRODUTOS PARA SAÚDE DA AGÊNCIA NACIONAL DE VIGILÂNCIA SANITÁRIA, no uso das atribuições que lhe confere o art. 121, aliado ao art. 203, I, § 1º do Regimento Interno aprovado pela Resolução da Diretoria Colegiada - RDC nº 585, de 10 de dezembro de 2021, resolve:</p><p>Art. 1° Declarar o cancelamento de registro ou notificação de produtos para saúde a pedido da empresa sob os números de registro/notificação constantes do anexo desta Resolução.</p><p>Art. 2° Esta Resolução entra em vigor na data de sua publicação.</p><p class="assina">VIVIAN CARDOSO DE MORAIS OLIVEIRA</p><p class="anexo">ANEXO</p><p>NOME DA EMPRESA / CNPJ</p><p>NOME COMERCIAL</p><p>NUMERO DO PROCESSO / REGISTRO</p><p>PETIÇÃO(ÕES) / EXPEDIENTE(S)</p><p>_________________________________________________________________</p><p>_ _ _ _ _ _ _ _ _ _ _ _</p><p>ABBOTT DIAGNOSTICOS RAPIDOS S.A. / 50.248.780/0001-61</p><p>Família ID NOW COVID-19</p><p>25351.855578/2020-07 / 10071770914</p><p>8416 - IVD - Cancelamento de registro ou notificação a pedido da empresa / 1415855251</p><p>Família Panbio COVID-19 IgG Test</p><p>25351.525502/2022-11 / 10071770928</p><p>8416 - IVD - Cancelamento de registro ou notificação a pedido da empresa / 1417461250</p><p>_ _ _ _ _ _ _ _ _ _ _ _</p><p>DOMAX INDÚSTRIA, COMÉRCIO, IMPORTAÇÃO E EXPORTAÇÃO DE EQUIPAMENTOS HOSPITALARES LTDA / 18.974.315/0001-03</p><p>ELETRODO PACIENTE CARDIOCLIP HAOXI</p><p>25351.794819/2016-19 / 81281839001</p><p>817 - MATERIAL - Cancelamento de registro ou notificação a pedido da empresa / 1427363251</p><p>TORNEIRA FLECHA (VÁLVULA BI) HAOXI</p><p>25351.486772/2021-19 / 81281830042</p><p>80035 - EQUIPAMENTO - Cancelamento de registro ou notificação a pedido da empresa / 1426760256</p><p>TOMADA PARA GASES HAOXI</p><p>25351.524958/2020-94 / 81281830040</p><p>80035 - EQUIPAMENTO - Cancelamento de registro ou notificação a pedido da empresa / 1426579250</p><p>braçadeiras de pressão não invasivas</p><p>25351.014152/2021-73 / 81281830043</p><p>817 - MATERIAL - Cancelamento de registro ou notificação a pedido da empresa / 1427178259</p><p>PAINEL DE ALARME PARA GASES MEDICINAIS HAOXI</p><p>25351.372118/2020-30 / 81281839002</p><p>80035 - EQUIPAMENTO - Cancelamento de registro ou notificação a pedido da empresa / 1427393257</p><p>REANIMADOR AUTOCLAVÁVEL SILICONE HAOXI</p><p>25351.384518/2019-54 / 81281830039</p><p>817 - MATERIAL - Cancelamento de registro ou notificação a pedido da empresa / 1426536259</p><p>valvula para cilindro haoxi</p><p>25351.395005/2021-93 / 81281830041</p><p>80035 - EQUIPAMENTO - Cancelamento de registro ou notificação a pedido da empresa / 1426723253</p><p>_ _ _ _ _ _ _ _ _ _ _ _</p><p>EMERGO BRAZIL IMPORT IMPORTACAO E DISTRIBUICAO DE PRODUTOS MEDICOS HOSPITALARES LTDA / 04.967.408/0001-98</p><p>Aplicador endoscópico de clipes Weck</p><p>25351.016010/2003-69 / 80117580006</p><p>817 - MATERIAL - Cancelamento de registro ou notificação a pedido da empresa / 1433001250</p><p>Tubo Endotraqueal Microlaríngeo com balão</p><p>25351.352878/2017-73 / 80117580558</p><p>817 - MATERIAL - Cancelamento de registro ou notificação a pedido da empresa / 1432676253</p><p>Cânula de Traqueostomia CrystalClear sem balão</p><p>25351.359630/2017-65 / 80117580561</p><p>817 - MATERIAL - Cancelamento de registro ou notificação a pedido da empresa / 1432696254</p><p>Tubo Endotraqueal Reforçado curvo com balão</p><p>25351.359671/2017-61 / 80117580562</p><p>817 - MATERIAL - Cancelamento de registro ou notificação a pedido da empresa / 1432853252</p><p>Cânula de Traqueostomia CrystalClear com balão</p><p>25351.361898/2017-06 / 80117580621</p><p>817 - MATERIAL - Cancelamento de registro ou notificação a pedido da empresa / 1432917251</p><p>Tubo Endotraqueal AGT com balão</p><p>25351.361900/2017-25 / 80117580637</p><p>817 - MATERIAL - Cancelamento de registro ou notificação a pedido da empresa / 1432920251</p><p>Cateter Arterial Radial QuickFlash 2</p><p>25351.777899/2018-09 / 80117580790</p><p>817 - MATERIAL - Cancelamento de registro ou notificação a pedido da empresa / 1433544253</p><p>Cateter Arterial Radial Quickflash 1</p><p>25351.777928/2018-04 / 80117580753</p><p>817 - MATERIAL - Cancelamento de registro ou notificação a pedido da empresa / 1432994255</p><p>SAC Cateter Arterial Tipo Seldinger 1</p><p>25351.777892/2018-01 / 80117580789</p><p>817 - MATERIAL - Cancelamento de registro ou notificação a pedido da empresa / 1432931253</p><p>SAC Cateter Arterial Tipo Seldinger 2</p><p>25351.777965/2018-09 / 80117580791</p><p>817 - MATERIAL - Cancelamento de registro ou notificação a pedido da empresa / 1432942255</p><p>Canula para Biópsia de Medula Óssea</p><p>25351.334508/2014-47 / 80117580255</p><p>817 - MATERIAL - Cancelamento de registro ou notificação a pedido da empresa / 1432528254</p><p>Canula para Biópsia Óssea</p><p>25351.632847/2013-01 / 80117580215</p><p>817 - MATERIAL - Cancelamento de registro ou notificação a pedido da empresa / 1431588253</p><p>Produto Introdutor de Bainha Percutânea 5</p><p>25351.476955/2016-08 / 80117580533</p><p>817 - MATERIAL - Cancelamento de registro ou notificação a pedido da empresa / 1432673254</p><p>Conjunto Introdutor de Bainha Percutâneo</p><p>25351.676030/2018-70 / 80117580726</p><p>817 - MATERIAL - Cancelamento de registro ou notificação a pedido da empresa / 1432927256</p><p>LMA Supreme</p><p>25351.927719/2016-31 / 80117580445</p><p>817 - MATERIAL - Cancelamento de registro ou notificação a pedido da empresa / 1432572253</p><p>LMA Unique</p><p>25351.927752/2016-15 / 80117580447</p><p>817 - MATERIAL - Cancelamento de registro ou notificação a pedido da empresa / 1432577255</p><p>LMA Fastrach Single Use</p><p>25351.094903/2016-78 / 80117580479</p><p>817 - MATERIAL - Cancelamento de registro ou notificação a pedido da empresa / 1432624253</p><p>LMA Unique</p><p>25351.403763/2016-04 / 80117580498</p><p>817 - MATERIAL - Cancelamento de registro ou notificação a pedido da empresa / 1432629255</p><p>LMA Fastrach</p><p>25351.928481/2016-15 / 80117580456</p><p>817 - MATERIAL - Cancelamento de registro ou notificação a pedido da empresa / 1432990250</p><p>LMA Protector Cuff Pilot</p><p>25351.001241/2017-06 / 80117580572</p><p>817 - MATERIAL - Cancelamento de registro ou notificação a pedido da empresa / 1432857258</p><p>Sonda de Foley de Silicone Rusch de duas vias</p><p>25351.352892/2017-42 / 80117580559</p><p>817 - MATERIAL - Cancelamento de registro ou notificação a pedido da empresa / 1432682253</p><p>Sonda de Foley Pediátrica Rusch Brilliant</p><p>25351.352889/2017-14 / 80117580560</p><p>817 - MATERIAL - Cancelamento de registro ou notificação a pedido da empresa / 1432689258</p><p>RUSCH BRONCHOPART</p><p>25351.361882/2017-13 / 80117580636</p><p>817 - MATERIAL - Cancelamento de registro ou notificação a pedido da empresa / 1433009251</p><p>Aplicador de clipes Horizon</p><p>25351.208912/2002-49 / 80117580005</p><p>817 - MATERIAL - Cancelamento de registro ou notificação a pedido da empresa / 1431572250</p><p>SAC Cateter Arterial Tipo Seldinger 3</p><p>25351.777991/2018-02 / 80117580792</p><p>817 - MATERIAL - Cancelamento de registro ou notificação a pedido da empresa / 1432977253</p><p>Urolift Cistoscópio e acessórios</p><p>25351.940762/2020-43 / 80117589018</p><p>80035 - EQUIPAMENTO - Cancelamento de registro ou notificação a pedido da empresa / 1432967258</p><p>Aplicadores para clipes de ligadura Hem-o-lok</p><p>25351.177408/2017-23 / 80117580527</p><p>817 - MATERIAL - Cancelamento de registro ou notificação a pedido da empresa / 1432664255</p><p>DISPOSITIVO DE ATOMIZAÇÃO DE MUCOSA</p><p>25351.109084/2015-26 / 80117580370</p><p>817 - MATERIAL - Cancelamento de registro ou notificação a pedido da empresa / 1432564251</p><p>Dispositivo de atomização da mucosa intranasal</p><p>25351.104957/2015-78 / 80117580334</p><p>817 - MATERIAL - Cancelamento de registro ou notificação a pedido da empresa / 1432532251</p><p>_ _ _ _ _ _ _ _ _ _ _ _</p><p>FRESENIUS MEDICAL CARE LTDA / 01.440.590/0001-36</p><p>Set de Linhas de Sangue para Hemodiálise Arterial sem Catabolha + Venosa (sem reuso)</p><p>25351.192526/2014-19 / 80133950107</p><p>817 - MATERIAL - Cancelamento de registro ou notificação a pedido da empresa / 1435497252</p><p>ISOLADOR DO CONDUTOR DE PRESSÃO</p><p>25351.452325/2016-02 / 80133950122</p><p>817 - MATERIAL - Cancelamento de registro ou notificação a pedido da empresa / 1435660251</p><p>LINHA DE SANGUE PARA HEMODIÁLISE</p><p>25351.055254/2010-82 / 80133950083</p><p>817 - MATERIAL - Cancelamento de registro ou notificação a pedido da empresa / 1435746252</p><p>LINHA DE SANGUE PARA HEMODIÁLISE</p><p>25351.055210/2010-05 / 80133950084</p><p>817 - MATERIAL - Cancelamento de registro ou notificação a pedido da empresa / 1435737253</p><p>Set de Linhas de Sangue para Hemodiálise Arterial com Catabolha + Venosa</p><p>25351.193337/2014-31 / 80133950111</p><p>817 - MATERIAL - Cancelamento de registro ou notificação a pedido da empresa / 1435704258</p><p>Set de Linhas de Sangue para Hemodiálise Arterial com Catabolha + Venosa (sem reuso)</p><p>25351.193327/2014-10 / 80133950106</p><p>817 - MATERIAL - Cancelamento de registro ou notificação a pedido da empresa / 1435699254</p><p>Set de Linhas de Sangue para Hemodiálise Arterial sem Catabolha + Venosa</p><p>25351.193347/2014-53 / 80133950110</p><p>817 - MATERIAL - Cancelamento de registro ou notificação a pedido da empresa / 1435677251</p><p>_ _ _ _ _ _ _ _ _ _ _ _</p><p>GEKA DO BRASIL INDUSTRIA E COMERCIO DE EMBALAGENS LTDA / 20.434.492/0001-30</p><p>Dispensador MIXPAC</p><p>25351.381875/2020-02 / 81966280003</p><p>817 - MATERIAL - Cancelamento de registro ou notificação a pedido da empresa / 1423326253</p><p>Ponta misturadora MIXPAC</p><p>25351.234543/2020-21 / 81966280005</p><p>817 - MATERIAL - Cancelamento de registro ou notificação a pedido da empresa / 1423324251</p><p>ZerofloX</p><p>25351.811666/2023-31 / 81966280007</p><p>817 - MATERIAL - Cancelamento de registro ou notificação a pedido da empresa / 1423320255</p><p>T-mixer colibri plus breakable</p><p>25351.963951/2021-75 / 81966280006</p><p>817 - MATERIAL - Cancelamento de registro ou notificação a pedido da empresa / 1423322258</p><p>Ponta misturadora T-Mixer Colibri</p><p>25351.234540/2020-98 / 81966280004</p><p>817 - MATERIAL - Cancelamento de registro ou notificação a pedido da empresa / 1423323254</p><p>_ _ _ _ _ _ _ _ _ _ _ _</p><p>LATIN HEALTH IMPORTADORA E DISTRIBUIDORA LTDA. / 29.986.299/0001-87</p><p>Transmissor Roger</p><p>25351.163231/2025-31 / 81778810048</p><p>80035 - EQUIPAMENTO - Cancelamento de registro ou notificação a pedido da empresa / 1412730252</p><p>_ _ _ _ _ _ _ _ _ _ _ _</p><p>LIFE TECHNOLOGIES BRASIL COMERCIO E INDUSTRIA DE PRODUTOS PARA BIOTECNOLOGIA LTDA / 63.067.904/0001-54</p><p>QUANTSTUDIO REAL-TIME PCR SYSTEMS</p><p>25351.534239/2015-21 / 10358940069</p><p>8416 - IVD - Cancelamento de registro ou notificação a pedido da empresa / 1437815251</p><p>Termociclador Veriti</p><p>25351.280836/2015-11 / 10358940025</p><p>80035 - EQUIPAMENTO - Cancelamento de registro ou notificação a pedido da empresa / 1437881254</p><p>SISTEMA DE PCR EM TEMPO REAL</p><p>25351.144383/2005-91 / 10358940007</p><p>8416 - IVD - Cancelamento de registro ou notificação a pedido da empresa / 1437845258</p><p>_ _ _ _ _ _ _ _ _ _ _ _</p><p>ORTHO CLINICAL DIAGNÓSTICS DO BRASIL PRODUTOS PARA SAÚDE LTDA / 21.921.393/0001-46</p><p>CALIBRADOR IMUNODIAGNOSTICO VITROS* ECi PARA T3TOTAL</p><p>25351.455933/2017-38 / 81246982516</p><p>8416 - IVD - Cancelamento de registro ou notificação a pedido da empresa / 1421289253</p><p>CALIBRADOR IMUNODIAGNOSTICO VITROS* ECi PARA ABSORCAO DE T3</p><p>25351.455906/2017-65 / 81246982510</p><p>8416 - IVD - Cancelamento de registro ou notificação a pedido da empresa / 1421261251</p><p>KIT DE REAGENTE IMUNODIAGNOSTICO VITROS ECi PARAABSORCAO DE T3</p><p>25351.456939/2017-22 / 81246986680</p><p>8416 - IVD - Cancelamento de registro ou notificação a pedido da empresa / 1421299259</p><p>SISTEMA QUIMICO VITROS 5,1 FUSION</p><p>25351.456278/2017-35 / 81246986607</p><p>8416 - IVD - Cancelamento de registro ou notificação a pedido da empresa / 1421236257</p><p>KIT DE REAGENTE IMUNODIAGNOSTICO VITROS* ECi PARA T3 TOTAL</p><p>25351.456694/2017-33 / 81246986623</p><p>8416 - IVD - Cancelamento de registro ou notificação a pedido da empresa / 1421293251</p><p>_ _ _ _ _ _ _ _ _ _ _ _</p><p>PASSROD IMPORTAÇÃO E EXPORTAÇÃO DE PRODUTOS PARA SAÚDE LTDA - ME / 26.185.222/0001-10</p><p>ViaLok N</p><p>25351.213446/2022-67 / 81504790320</p><p>817 - MATERIAL - Cancelamento de registro ou notificação a pedido da empresa / 1424295254</p><p>_ _ _ _ _ _ _ _ _ _ _ _</p><p>ROCHE DIAGNÓSTICA BRASIL LTDA / 30.280.358/0001-86</p><p>COBAS TAQMAN 48</p><p>25351.220595/2004-09 / 10287410407</p><p>8416 - IVD - Cancelamento de registro ou notificação a pedido da empresa / 1413253253</p><p>_ _ _ _ _ _ _ _ _ _ _ _</p><p>STRYKER DO BRASIL LTDA / 02.966.317/0001-02</p><p>PARAFUSOS ÓSSEOS VARIAX</p><p>25351.464162/2011-13 / 80005430268</p><p>817 - MATERIAL - Cancelamento de registro ou notificação a pedido da empresa / 1435443250</p><p>_ _ _ _ _ _ _ _ _ _ _ _</p><p>VARIAN MEDICAL SYSTEMS BRASIL LTDA / 03.009.915/0001-56</p><p>Transponder Beacon® Surface</p><p>25351.704614/2014-18 / 10405410026</p><p>80035 - EQUIPAMENTO - Cancelamento de registro ou notificação a pedido da empresa / 1435498259</p><p>_ _ _ _ _ _ _ _ _ _ _ _</p><p>VINCULA INDUSTRIA, COMERCIO, IMPORTACAO E EXPORTACAO DE IMPLANTES S.A. / 01.025.974/0001-92</p><p>SISTEMA PEDICULAR PARA OSTEOPOROSE</p><p>25351.496968/2017-27 / 10417940155</p><p>817 - MATERIAL - Cancelamento de registro ou notificação a pedido da empresa / 1432812254</p><p>INTRODUTOR DE CIMENTO PARA PARAFUSO DE OSTEOPOROSE</p><p>25351.506960/2017-86 / 10417940159</p><p>817 - MATERIAL - Cancelamento de registro ou notificação a pedido da empresa / 1434738256</p><p>_ _ _ _ _ _ _ _ _ _ _ _</p><p>VR MEDICAL IMPORTADORA E DISTRIBUIDORA DE PRODUTOS MÉDICOS LTDA / 04.718.143/0001-94</p><p>SONDA COM BALÃO RUSCH GOLD</p><p>25351.103458/2023-65 / 80102519184</p><p>817 - MATERIAL - Cancelamento de registro ou notificação a pedido da empresa / 1417889250</p><p>PLEUR-EVAC® Unidade de Drenagem Torácica</p><p>25351.431908/2023-15 / 80102519193</p><p>817 - MATERIAL - Cancelamento de registro ou notificação a pedido da empresa / 1417980257</p><p>Bandeja para Sistema de Aspiração com Orifícios OnControl®</p><p>25351.725015/2023-20 / 80102519209</p><p>817 - MATERIAL - Cancelamento de registro ou notificação a pedido da empresa / 1418059251</p><p>Iso-Gard® HEPA Light Port</p><p>25351.114283/2024-01 / 80102519243</p><p>817 - MATERIAL - Cancelamento de registro ou notificação a pedido da empresa / 1432653253</p><p>Humid-Vent Pedi</p><p>25351.114199/2024-89 / 80102519227</p><p>817 - MATERIAL - Cancelamento de registro ou notificação a pedido da empresa / 1404558250</p><p>Humid-Vent Filter Light S</p><p>25351.114197/2024-90 / 80102519225</p><p>817 - MATERIAL - Cancelamento de registro ou notificação a pedido da empresa / 1418068250</p><p>Filtro Bacteriano/Viral</p><p>25351.114202/2024-64 / 80102519229</p><p>817 - MATERIAL - Cancelamento de registro ou notificação a pedido da empresa / 1404625259</p><p>Vias Aéreas Orofaríngeas CATH-GUIDE®</p><p>25351.387824/2024-18 / 80102519264</p><p>817 - MATERIAL - Cancelamento de registro ou notificação a pedido da empresa / 1432613251</p><p>Sistema Médico de Análise Funcional do Sistema Músculo Esquelético - DIERS FAMUS</p><p>25351.066584/2020-89 / 80102519065</p><p>80035 - EQUIPAMENTO - Cancelamento de registro ou notificação a pedido da empresa / 1407741250</p><p>Tubos Endobrônquicos SHERIDAN SHER-I-BRONCH®</p><p>25351.449379/2023-06 / 80102519195</p><p>817 - MATERIAL - Cancelamento de registro ou notificação a pedido da empresa / 1418027251</p><p>Conjunto Não Estéril de Cateteres Para Circuitos Respiratórios.</p><p>25351.114207/2024-97 / 80102519231</p><p>817 - MATERIAL - Cancelamento de registro ou notificação a pedido da empresa / 1432934252</p><p>Trach Vent®</p><p>25351.114239/2024-92 / 80102519242</p><p>817 - MATERIAL - Cancelamento de registro ou notificação a pedido da empresa / 1432683250</p><p>Humid-Vent 2 Mini</p><p>25351.114237/2024-01 / 80102519241</p><p>817 - MATERIAL - Cancelamento de registro ou notificação a pedido da empresa / 1432697251</p><p>Filtro Humid-Vent® Pedi</p><p>25351.114200/2024-75 / 80102519228</p><p>817 - MATERIAL - Cancelamento de registro ou notificação a pedido da empresa / 1404592253</p><p>Humid-Vent ® 1 Port</p><p>25351.114217/2024-22 / 80102519235</p><p>817 - MATERIAL - Cancelamento de registro ou notificação a pedido da empresa / 1432866257</p><p>Humid-Vent® 1</p><p>25351.114234/2024-60 / 80102519239</p><p>817 - MATERIAL - Cancelamento de registro ou notificação a pedido da empresa / 1432826255</p><p>Gibeck Humid-Flo® HME</p><p>25351.114233/2024-15 / 80102519238</p><p>817 - MATERIAL - Cancelamento de registro ou notificação a pedido da empresa / 1432838253</p><p>Humid-Vent 2 Straight</p><p>25351.114213/2024-44 / 80102519232</p><p>817 - MATERIAL - Cancelamento de registro ou notificação a pedido da empresa / 1432856251</p><p>Trach-Vent+ Clean</p><p>25351.114204/2024-53 / 80102519230</p><p>817 - MATERIAL - Cancelamento de registro ou notificação a pedido da empresa / 1432921258</p><p>Flex Tube, Catheter Mount</p><p>25351.114235/2024-12 / 80102519240</p><p>817 - MATERIAL - Cancelamento de registro ou notificação a pedido da empresa / 1432818252</p><p>Conjunto Estéril de Cateteres Para Circuitos Respiratórios</p><p>25351.114198/2024-34 / 80102519226</p><p>817 - MATERIAL - Cancelamento de registro ou notificação a pedido da empresa / 1418083259</p><p>Expandi-Flex</p><p>25351.114286/2024-36 / 80102519245</p><p>817 - MATERIAL - Cancelamento de registro ou notificação a pedido da empresa / 1436869251</p><p>Cateter Intermitente Rüsch Eruplast Plus</p><p>25351.486628/2023-36 / 80102513058</p><p>817 - MATERIAL - Cancelamento de registro ou notificação a pedido da empresa / 1417794259</p><p>Cateter Intermitente Liquick X-Treme</p><p>25351.539303/2023-63 / 80102513077</p><p>817 - MATERIAL - Cancelamento de registro ou notificação a pedido da empresa / 1417808250</p><p>Sacos de Respiração</p><p>25351.468053/2023-70 / 80102519198</p><p>817 - MATERIAL - Cancelamento de registro ou notificação a pedido da empresa / 1418052256</p><p>SONDA BALÃO AMBER COM ESTILETE</p><p>25351.868258/2021-90 / 80102519127</p><p>817 - MATERIAL - Cancelamento de registro ou notificação a pedido da empresa / 1417858257</p><p>Sonda com balão SoftSimplastic</p><p>25351.625080/2021-94 / 80102519123</p><p>817 - MATERIAL - Cancelamento de registro ou notificação a pedido da empresa / 1417842253</p><p>Sonda Vesical Tiemann Rüsch®</p><p>25351.539309/2023-31 / 80102513078</p><p>817 - MATERIAL - Cancelamento de registro ou notificação a pedido da empresa / 1417831251</p><p>Filtros Bacterianos/Virais Humid-Vent®</p><p>25351.114218/2024-77 / 80102519236</p><p>817 - MATERIAL - Cancelamento de registro ou notificação a pedido da empresa / 1432845250</p><p>CIRCUITOS RESPIRATÓRIOS EXPANSÍVEIS DE ANESTESIA</p><p>25351.449385/2023-55 / 80102519197</p><p>817 - MATERIAL - Cancelamento de registro ou notificação a pedido da empresa / 1418035254</p><p>_________________________________________________________________</p><p>_ _ _ _ _ _ _ _ _ _ _ _</p><p>Nº de Processos : 95</p><p>_ _ _ _ _ _ _ _ _ _ _ _</p><p>Total de Empresas : 14</p>]]></Texto>
  </body>
  <Midias />
</article></xml>