﻿<xml><article id="46237458" name="PT SAES NA 3425" idOficio="11379444" pubName="DO1" artType="Portaria" pubDate="03/11/2025" artClass="00047:00037:00000:00000:00000:00000:00000:00000:00000:00000:00017:00034" artCategory="Ministério da Saúde/Secretaria de Atenção Especializada à Saúde" artSize="12" artNotes="" numberPage="91" pdfPage="http://pesquisa.in.gov.br/imprensa/jsp/visualiza/index.jsp?data=03/11/2025&amp;jornal=515&amp;pagina=91" editionNumber="209" highlightType="" highlightPriority="" highlight="" highlightimage="" highlightimagename="" idMateria="23276711">
  <body>
    <Identifica><![CDATA[ Portaria SAES/MS Nº 3.425, DE 30 DE outubro DE 2025]]></Identifica>
    <Data><![CDATA[]]></Data>
    <Ementa><![CDATA[ Defere a Renovação do CEBAS do Instituto Nacional de Tecnologia e Saúde, com sede em Salvador (BA).]]></Ementa>
    <Titulo />
    <SubTitulo />
    <Texto><![CDATA[<p class="identifica">Portaria SAES/MS Nº 3.425, DE 30 DE outubro DE 2025</p><p class="ementa">Defere a Renovação do CEBAS do Instituto Nacional de Tecnologia e Saúde, com sede em Salvador (BA).</p><p>O SECRETÁRIO DE ATENÇÃO ESPECIALIZADA À SAÚDE, no uso das atribuições que lhe confere o Decreto nº 11.798, de 28 de novembro de 2023, alterado pelo Decreto nº 12.489, de 04 de junho de 2025, resolve:</p><p>Art. 1º Fica deferida a Renovação do Certificado de Entidade Beneficente de Assistência Social (CEBAS) do Instituto Nacional de Tecnologia e Saúde, CNPJ nº 11.344.038/0001-06, com sede em Salvador (BA), em razão da comprovação pela atuação exclusiva na promoção da saúde, sem exigência de contraprestação do usuário pelas ações e serviços de saúde realizados, em conformidade com o art. 13 da Lei complementar 187/2021 e seus regulamentos, nos termos do Parecer Técnico nº 511/2025-CGCER/DCEBAS/SAES/MS, constante do Processo nº 25000.193920/2023-98.</p><p>Parágrafo único. A Renovação tem validade pelo período de 1° de janeiro de 2024 a 31 de dezembro de 2026.</p><p>Art. 2º Esta Portaria entra em vigor na data de sua publicação.</p><p class="assina">MOZART JULIO TABOSA SALES</p>]]></Texto>
  </body>
  <Midias />
</article></xml>