﻿<xml><article id="46239880" name="resolucao_4349_2025 GGFIS" idOficio="11379573" pubName="DO1" artType="Resolução" pubDate="03/11/2025" artClass="00047:00048:00016:00006:00000:00000:00000:00000:00000:00000:00064:34349" artCategory="Ministério da Saúde/Agência Nacional de Vigilância Sanitária/4ª Diretoria/Gerência-Geral de Inspeção e Fiscalização Sanitária" artSize="12" artNotes="" numberPage="134" pdfPage="http://pesquisa.in.gov.br/imprensa/jsp/visualiza/index.jsp?data=03/11/2025&amp;jornal=515&amp;pagina=134" editionNumber="209" highlightType="" highlightPriority="" highlight="" highlightimage="" highlightimagename="" idMateria="23277036">
  <body>
    <Identifica><![CDATA[ RESOLUÇÃO-RE Nº 4.349, de 31 DE Outubro DE 2025]]></Identifica>
    <Data><![CDATA[]]></Data>
    <Ementa />
    <Titulo />
    <SubTitulo />
    <Texto><![CDATA[<p class="identifica">RESOLUÇÃO-RE Nº 4.349, de 31 DE Outubro DE 2025</p><p>O GERENTE-GERAL DE INSPEÇÃO E FISCALIZAÇÃO SANITÁRIA DA AGÊNCIA NACIONAL DE VIGILÂNCIA SANITÁRIA, no uso das atribuições que lhe confere o art. 140, aliado ao art. 203, I, § 1º do Regimento Interno aprovado pela Resolução da Diretoria Colegiada - RDC nº 585, de 10 de dezembro de 2021, e</p><p>considerando o cumprimento dos requisitos de Boas Práticas de Fabricação preconizados em legislação vigente, para a área de Insumos Farmacêuticos, resolve:</p><p>Art. 1º Conceder à(s) empresa(s) constante(s) no anexo, a Certificação de Boas Práticas de Fabricação de Insumos Farmacêuticos Ativos.</p><p>Art. 2º A presente Certificação tem validade de 02 (dois) anos a partir da sua publicação.</p><p>Art. 3º Esta Resolução entra em vigor na data de sua publicação.</p><p class="assina">Marcus AurÉlio Miranda de AraÚjo</p><p class="anexo">ANEXO</p><p>Fabricante: Divi's Laboratories Ltd.</p><p>Endereço: Lingojigudem Village, Choutuppal Mandal, Yadadri Bhuvanagiri District, Telangana - 508252</p><p>País: Índia Código único: B.000025</p><p>Expediente(s): 1726940/24-1</p><p>Certificado de Boas Práticas de Fabricação de Insumos Farmacêuticos Ativos:</p><p>Insumos farmacêuticos ativos obtidos por síntese química: bromidrato de dextrometorfano monoidratado, levetiracetam, naproxeno.</p><p>----------------------------------------------------------------------------------------------------</p><p>Fabricante: Divi's Laboratories Ltd. - Unit-II</p><p>Endereço: Chippada Village, Annavaram Post, Bheemunipatnam Mandal, Visakhapatnam District, Andhra Pradesh - 531 162</p><p>País: Índia Código único: B.000482</p><p>Expediente(s): 1727236/24-6</p><p>Certificado de Boas Práticas de Fabricação de Insumos Farmacêuticos Ativos</p><p>Insumos farmacêuticos ativos obtidos por síntese química: cloridrato de fenilefrina, gabapentina, mesalazina, naproxeno sódico, orlistate, pregabalina, valsartana.</p><p>----------------------------------------------------------------------------------------------------</p><p>Fabricante: Malladi Drugs &amp; Pharmaceuticals Ltd - Unit-1</p><p>Endereço: Plot. Nº. 67, Sipcot Industrial Complex, Ranipet - 632-403, Ranipet District, Tamil Nadu</p><p>País: Índia Código único: B.001394</p><p>Expediente(s): 0983433/25-9</p><p>Certificado de Boas Práticas de Fabricação de Insumos Farmacêuticos Ativos:</p><p>Insumos farmacêuticos ativos obtidos por síntese química: cloridrato de efedrina.</p><p>----------------------------------------------------------------------------------------------------</p><p>Fabricante: Ulkar Kimya Sanayii ve Ticaret A.S.</p><p>Endereço: Organize Sanayi Bolgesi, Gazi Osman Pasa Mah. Fatih Bulvari, No:9, 59500 Cerkezkoy</p><p>Pais: Turquia Código único: B.000999</p><p>Expediente(s): 0707507/25-1</p><p>Certificado de Boas Práticas de Fabricação de Insumos Farmacêuticos Ativos:</p><p>Insumos farmacêuticos ativos obtidos por síntese química: etodolaco.</p>]]></Texto>
  </body>
  <Midias />
</article></xml>