﻿<xml><article id="46235260" name="ADE8SOROCABA1459" idOficio="11378812" pubName="DO1" artType="Ato Declaratório" pubDate="03/11/2025" artClass="00028:00033:00435:00100:00025:00000:00000:00000:00000:00000:00007:00006" artCategory="Ministério da Fazenda/Secretaria Especial da Receita Federal do Brasil/Secretaria-Adjunta/Superintendência Regional da Receita Federal do Brasil 8ª Região Fiscal/Delegacia da Receita Federal do Brasil em Sorocaba" artSize="12" artNotes="ok" numberPage="56" pdfPage="http://pesquisa.in.gov.br/imprensa/jsp/visualiza/index.jsp?data=03/11/2025&amp;jornal=515&amp;pagina=56" editionNumber="209" highlightType="" highlightPriority="" highlight="" highlightimage="" highlightimagename="" idMateria="23275603">
  <body>
    <Identifica><![CDATA[ ATO DECLARATÓRIO EXECUTIVO EQBEN/DELEBEN/SRRF08ª/RFB Nº 1.459, DE 31 DE OUTUBRO DE 2025]]></Identifica>
    <Data><![CDATA[]]></Data>
    <Ementa><![CDATA[ Concede habilitação ao Regime Especial de Incentivos para o Desenvolvimento da Infra-Estrutura (Reidi) à pessoa jurídica que menciona.]]></Ementa>
    <Titulo />
    <SubTitulo />
    <Texto><![CDATA[<p class="identifica">ATO DECLARATÓRIO EXECUTIVO EQBEN/DELEBEN/SRRF08ª/RFB Nº 1.459, DE 31 DE OUTUBRO DE 2025</p><p class="ementa">Concede habilitação ao Regime Especial de Incentivos para o Desenvolvimento da Infra-Estrutura (Reidi) à pessoa jurídica que menciona.</p><p>O AUDITOR-FISCAL DA RECEITA FEDERAL DO BRASIL signatário, no uso das atribuições que lhe conferem a alínea "b" do inciso I do art. 6º da Lei nº 10.593, de 6 de dezembro de 2002 (Redação dada pela Lei nº 11.457, de 2007), o art. 8º da Portaria RFB nº 372, de 26 de outubro de 2023, e os arts. 2º e 4º da Portaria RFB nº 114, de 27 de janeiro de 2022, com base nas competências do inciso IV do art. 303 do Regimento Interno da Secretaria Especial da Receita Federal do Brasil, aprovado pela Portaria ME nº 284, de 27 de julho de 2020, tendo em vista o disposto nos arts. 646 a 663 da IN RFB nº 2.121, de 15 de dezembro de 2022, e o que consta do processo nº 13031.426257/2025-39, declara:</p><p>Art. 1º Concedida a habilitação ao Regime Especial de Incentivos para o Desenvolvimento da Infra-Estrutura (Reidi), instituído pela Lei nº 11.488, de 15 de junho de 2007, para a pessoa jurídica MINAS NOVAS I ENERGIA SOLAR SPE LTDA, CNPJ nº 34.896.284/0001-68, relativa ao projeto: Unidade de minigeração distribuída, constituída por fonte solar fotovoltaica, aprovado para enquadramento no regime pela Portaria SNTEP/MME nº 2.963, Anexo 2, de 26 de junho de 2025, publicada no DOU nº 119, de 27/06/2025, Seção 1, Págs. 127, com data de conclusão inicialmente prevista em 01/11/2025.</p><p>Art. 2º Concluída a participação no projeto, deve ser requerido o cancelamento da respectiva habilitação, no prazo de trinta dias, contados da data em que adimplido o objeto do contrato, sob pena de sanção, em consonância com o disposto no art. 9º do Decreto nº 6.144/2007.</p><p>Art. 3º A beneficiada fica ciente da obrigação de manter-se em regularidade fiscal, quanto a impostos e contribuições federais, e em cumprimento aos requisitos que ensejaram a habilitação, sob pena de cancelamento de ofício, conforme estabelece o art. 10, inciso II, do Decreto nº 6.144/2007.</p><p>Art. 4º Este Ato Declaratório Executivo entra em vigor na data de sua publicação no Diário Oficial da União - DOU.</p><p class="assina">EDGAR SUEICHI YAGI</p>]]></Texto>
  </body>
  <Midias />
</article></xml>