﻿<xml><article id="46233467" name="despacho alteracao_data cronogra" idOficio="11378422" pubName="DO1" artType="Despacho" pubDate="03/11/2025" artClass="00048:00029:00000:00000:00000:00000:00000:00000:00000:00000:00024:00000" artCategory="Ministério do Trabalho e Emprego/Secretaria de Qualificação, Emprego e Renda" artSize="12" artNotes="" numberPage="148" pdfPage="http://pesquisa.in.gov.br/imprensa/jsp/visualiza/index.jsp?data=03/11/2025&amp;jornal=515&amp;pagina=148" editionNumber="209" highlightType="" highlightPriority="" highlight="" highlightimage="" highlightimagename="" idMateria="23273668">
  <body>
    <Identifica><![CDATA[ DESPACHO de 31 de outubro de 2025]]></Identifica>
    <Data><![CDATA[]]></Data>
    <Ementa />
    <Titulo />
    <SubTitulo />
    <Texto><![CDATA[<p class="identifica">DESPACHO de 31 de outubro de 2025</p><p>Na qualidade de Coordenador Nacional do SINE, torno pública a alteração da data relativa à ação 7 do Cronograma constante do Despacho de 27 de agosto de 2025, publicado no Diário Oficial da União do dia 01/09/2025, Seção 1, pág. 188, que trata da realização de procedimentos necessários à distribuição dos recursos do Fundo de Amparo ao Trabalhador (FAT), referente ao Bloco de Gestão e Manutenção da rede SINE, de que trata o inciso I do art. 8º da Resolução Codefat nº 994, de 15 de fevereiro de 2024.</p><p>Desse modo, fica estendido até 17/11/2025 o prazo para que o órgão gestor local e CTER complementem as informações nos planos de ações e serviços.</p><p>Permanecem inalterados os prazos das ações subsequentes.</p><p class="assina">MAGNO LAVIGNE</p>]]></Texto>
  </body>
  <Midias />
</article></xml>