﻿<xml><article id="46258914" name="DECISAO SUPAS 1540" idOficio="11382282" pubName="DO1" artType="Decisão" pubDate="04/11/2025" artClass="00050:00019:00052:00000:00000:00000:00000:00000:00000:00000:00018:00001" artCategory="Ministério dos Transportes/Agência Nacional de Transportes Terrestres/Superintendência de Serviços de Transporte Rodoviário de Passageiros" artSize="12" artNotes="" numberPage="165" pdfPage="http://pesquisa.in.gov.br/imprensa/jsp/visualiza/index.jsp?data=04/11/2025&amp;jornal=515&amp;pagina=165" editionNumber="210" highlightType="" highlightPriority="" highlight="" highlightimage="" highlightimagename="" idMateria="23280246">
  <body>
    <Identifica><![CDATA[ DECISÃO SUPAS Nº 1.540, DE 28 DE OUTUBRO DE 2025]]></Identifica>
    <Data><![CDATA[]]></Data>
    <Ementa />
    <Titulo />
    <SubTitulo />
    <Texto><![CDATA[<p class="identifica">DECISÃO SUPAS Nº 1.540, DE 28 DE OUTUBRO DE 2025</p><p>O Superintendente de Serviços de Transporte Rodoviário de Passageiros da Agência Nacional de Transportes Terrestres - ANTT, no uso de suas atribuições, em conformidade com o art. 3º e o inciso XII do art. 8º, ambos do Anexo da Resolução nº 5.818, de 3 de maio de 2018, e considerando o que consta no processo nº 50500.055143/2025-52, decide:</p><p>Art. 1º Autorizar as empresas relacionadas no Anexo desta Decisão para a prestação do serviço de transporte rodoviário coletivo interestadual e internacional de passageiros realizado em regime de fretamento.</p><p>Art. 2º As autorizatárias deverão observar as condições previstas na Resolução ANTT nº 4.777, de 6 de julho de 2015, e demais normativos relacionados à prestação dos serviços de transporte rodoviário coletivo interestadual e internacional de passageiros realizado em regime de fretamento.</p><p>Art. 3º A não observância do art. 9º da Resolução ANTT nº 4.777, de 2015, implica renúncia da autorização delegada pela ANTT.</p><p>Art. 4º Será declarada a nulidade do Termo de Autorização, quando verificada a ilegalidade do ato, impedindo os efeitos jurídicos que ordinariamente deveriam produzir, além de desconstituir os já produzidos, respeitados o princípio da ampla defesa e do contraditório.</p><p>Art. 5º A autorização poderá ser extinta mediante cassação, em caso de perda das condições indispensáveis ao cumprimento do objeto da autorização ou infração grave, apuradas em processo regular instaurado conforme disposto em resolução.</p><p>Art. 6º A não observância do disposto nesta Decisão implicará a aplicação das sanções previstas em resolução específica.</p><p>Art. 7º Será disponibilizado às autorizatárias o acesso ao sistema para a emissão das licenças de viagem a partir da data de publicação desta Decisão.</p><p>Art. 8º Esta Decisão entra em vigor na data de sua publicação.</p><p class="assina">JULIANO DE BARROS SAMÔR</p><p class="anexo">ANEXO</p><p /><p></p><table><tr /><tr><td rowspan="1" colspan="1"><p>RAZÃO SOCIAL</p></td><td rowspan="1" colspan="1"><p>TAF</p></td><td rowspan="1" colspan="1"><p>CNPJ</p></td></tr><tr><td rowspan="1" colspan="1"><p>AP EXECUTIVE TRANSPORTES E TURISMO LTDA</p></td><td rowspan="1" colspan="1"><p>010718</p></td><td rowspan="1" colspan="1"><p>37.689.571/0001-95</p></td></tr><tr><td rowspan="1" colspan="1"><p>C.A TRANSPORTE E TURISMO LTDA</p></td><td rowspan="1" colspan="1"><p>010719</p></td><td rowspan="1" colspan="1"><p>62.441.967/0001-66</p></td></tr><tr><td rowspan="1" colspan="1"><p>FRANCOIS ROSSI DE OLIVEIRA LTDA</p></td><td rowspan="1" colspan="1"><p>010720</p></td><td rowspan="1" colspan="1"><p>52.781.338/0001-21</p></td></tr><tr><td rowspan="1" colspan="1"><p>GUGU TURISMO E TRANSPORTES LTDA</p></td><td rowspan="1" colspan="1"><p>006830</p></td><td rowspan="1" colspan="1"><p>33.741.085/0001-18</p></td></tr><tr><td rowspan="1" colspan="1"><p>LIMA E SILVA TRANSPORTES E CIA LTDA</p></td><td rowspan="1" colspan="1"><p>010721</p></td><td rowspan="1" colspan="1"><p>61.146.649/0001-00</p></td></tr><tr><td rowspan="1" colspan="1"><p>LOCAR EXPRESSO FRETAMENTOS E TRANSPORTES LTDA</p></td><td rowspan="1" colspan="1"><p>010722</p></td><td rowspan="1" colspan="1"><p>62.941.043/0001-29</p></td></tr><tr><td rowspan="1" colspan="1"><p>ODAIL FIGUEIREDO LTDA</p></td><td rowspan="1" colspan="1"><p>010723</p></td><td rowspan="1" colspan="1"><p>58.852.791/0001-68</p></td></tr><tr><td rowspan="1" colspan="1"><p>PATRICIA DE LIMA TRANSPORTE DE PASSAGEIROS LTDA</p></td><td rowspan="1" colspan="1"><p>010724</p></td><td rowspan="1" colspan="1"><p>62.895.252/0001-83</p></td></tr><tr><td rowspan="1" colspan="1"><p>REALEZA TRANSPORTE E TURISMO LTDA</p></td><td rowspan="1" colspan="1"><p>241790</p></td><td rowspan="1" colspan="1"><p>03.499.970/0001-71</p></td></tr><tr><td rowspan="1" colspan="1"><p>RONISTELA TRANSPORTES TURISMO E COMERCIO LTDA</p></td><td rowspan="1" colspan="1"><p>010725</p></td><td rowspan="1" colspan="1"><p>05.912.219/0001-80</p></td></tr><tr><td rowspan="1" colspan="1"><p>VALE DO ARAGUAIA TRANSPORTES LTDA</p></td><td rowspan="1" colspan="1"><p>010726</p></td><td rowspan="1" colspan="1"><p>48.897.150/0001-76</p></td></tr><tr><td rowspan="1" colspan="1"><p>VAN GO TURISMO TRANSPORTES LTDA</p></td><td rowspan="1" colspan="1"><p>010727</p></td><td rowspan="1" colspan="1"><p>61.698.111/0001-08</p></td></tr><tr><td rowspan="1" colspan="1"><p>VIACAO TALISMA TERCEIRIZACAO DE SERVICOS LTDA</p></td><td rowspan="1" colspan="1"><p>006642</p></td><td rowspan="1" colspan="1"><p>22.726.885/0001-43</p></td></tr></table>]]></Texto>
  </body>
  <Midias />
</article></xml>