﻿<xml><article id="46240783" name="PT SAES NA 3422" idOficio="11379683" pubName="DO1" artType="Portaria" pubDate="03/11/2025" artClass="00047:00037:00000:00000:00000:00000:00000:00000:00000:00000:00017:00031" artCategory="Ministério da Saúde/Secretaria de Atenção Especializada à Saúde" artSize="12" artNotes="" numberPage="91" pdfPage="http://pesquisa.in.gov.br/imprensa/jsp/visualiza/index.jsp?data=03/11/2025&amp;jornal=515&amp;pagina=91" editionNumber="209" highlightType="" highlightPriority="" highlight="" highlightimage="" highlightimagename="" idMateria="23277316">
  <body>
    <Identifica><![CDATA[ Portaria SAES/MS Nº 3.422, DE 30 DE outubro DE 2025]]></Identifica>
    <Data><![CDATA[]]></Data>
    <Ementa><![CDATA[ Concede autorização a estabelecimento de saúde para a realização de exames de histocompatibilidade, imunogenética e para o cadastramento de doadores de medula óssea e de outros precursores hematopoéticos.]]></Ementa>
    <Titulo />
    <SubTitulo />
    <Texto><![CDATA[<p class="identifica">Portaria SAES/MS Nº 3.422, DE 30 DE outubro DE 2025</p><p class="ementa">Concede autorização a estabelecimento de saúde para a realização de exames de histocompatibilidade, imunogenética e para o cadastramento de doadores de medula óssea e de outros precursores hematopoéticos.</p><p>O SECRETÁRIO DE ATENÇÃO ESPECIALIZADA À SAÚDE, no uso das atribuições que lhe confere o Decreto nº 11.798, de 28 de novembro de 2023, alterado pelo Decreto nº 12.489, de 04 de junho de 2025, resolve:</p><p>Art. 1º Fica autorizado o estabelecimento de saúde abaixo identificado para a realização de exames de histocompatibilidade e imunogenética, bem como para o cadastramento de doadores voluntários de medula óssea e outros precursores hematopoéticos, conforme previsto na Tabela de Procedimentos, Medicamentos, Órteses, Próteses e Materiais Especiais do SUS:</p><p>CÓDIGO: 24.18 - Exames de histocompatibilidade por meio de sorologia e/ou biologia molecular - Tipo II</p><p>CÓDIGO: 24.25 - Cadastramento de doadores voluntários de medula óssea e outros precursores hematopoéticos.</p><p>PARAÍBA</p><p /><p></p><table><tr /><tr><td rowspan="1" colspan="1"><p>I - denominação: Fundação Napoleão Laureano / Fundação Napoleão Laureano</p></td></tr><tr><td rowspan="1" colspan="1"><p>II - CNPJ: 09.112.236/0001-94</p></td></tr><tr><td rowspan="1" colspan="1"><p>III - CNES: 2399741</p></td></tr><tr><td rowspan="1" colspan="1"><p>IV - endereço: Rua Capitão José Pessoa, Nº 1.140, Bairro: Jaguaribe, João Pessoa/PB, CEP: 58015-170</p></td></tr><tr><td rowspan="1" colspan="1"><p>V - Responsável Técnico: Pedro de Oliveira Viana, biólogo, CRBio-06 nº 119049/06-D/PB</p></td></tr><tr><td rowspan="1" colspan="1"><p>VI - Responsável Técnico Substituto: Geórgia Daniela Marcusso Marques, bióloga, CRBio-06 nº 043070/06-D/PB</p></td></tr></table><p>Art. 2º A autorização concedida por meio desta Portaria, nos termos da Nota Técnica nº 104/2025-CGSNT/DAET/SAES/MS, constante no NUP/SEI 25000.186395/2025-16, terá validade de 4 (quatro) anos, renováveis por períodos iguais e sucessivos.</p><p>Art. 3º Esta Portaria entra em vigor na data de sua publicação.</p><p class="assina">MOZART JULIO TABOSA SALES</p>]]></Texto>
  </body>
  <Midias />
</article></xml>