﻿<xml><article id="46234849" name="TABELA RDC 630 - nova versao - 3" idOficio="11378433" pubName="DO1" artType="Decisão" pubDate="03/11/2025" artClass="00047:00047:00007:00001:00000:00000:00000:00000:00000:00000:00018:00022" artCategory="Ministério da Saúde/Agência Nacional de Saúde Suplementar/Diretoria Colegiada/Coordenadoria de Recursos e Assessoramento" artSize="24" artNotes="" numberPage="98" pdfPage="http://pesquisa.in.gov.br/imprensa/jsp/visualiza/index.jsp?data=03/11/2025&amp;jornal=515&amp;pagina=98" editionNumber="209" highlightType="" highlightPriority="" highlight="" highlightimage="" highlightimagename="" idMateria="23273680">
  <body>
    <Identifica />
    <Data><![CDATA[]]></Data>
    <Ementa />
    <Titulo />
    <SubTitulo />
    <Texto><![CDATA[<p /><p></p><table><tr /><tr><td rowspan="1" colspan="1"><p>33910.038324/2023-10</p></td><td rowspan="1" colspan="1"><p>SANTA CASA DE SAÚDE - SCS</p></td><td rowspan="1" colspan="1"><p>DIFIS</p></td><td rowspan="1" colspan="1"><p>Pelo conhecimento e não provimento do recurso, na forma manifestada na Nota Técnica nº 1803/2025/GEIRS/DIDES/ANS, mantendo a decisão da DIDES.</p></td></tr><tr><td rowspan="1" colspan="1"><p>33910.030845/2022-30</p></td><td rowspan="1" colspan="1"><p>INSTITUTO CURITIBA DE SAÚDE</p></td><td rowspan="1" colspan="1"><p>DIFIS</p></td><td rowspan="1" colspan="1"><p>Pela aprovação da revisão administrativa de ofício, na forma manifestada na Nota Técnica nº 188/2025/COARE/GEIRS/DIRAD-DIDES/DIDES.</p></td></tr><tr><td rowspan="1" colspan="1"><p>33910.031590/2023-11</p></td><td rowspan="1" colspan="1"><p>UNIMED DE PRESIDENTE PRUDENTE COOPERATIVA DE TRAB. MÉDICO</p></td><td rowspan="1" colspan="1"><p>DIFIS</p></td><td rowspan="1" colspan="1"><p>Pelo conhecimento e provimento parcial do recurso, na forma manifestada na Nota Técnica nº 1755/2025/GEIRS/DIDES/ANS, mantendo a decisão da DIDES.</p></td></tr><tr><td rowspan="1" colspan="1"><p>33910.020747/2023-75</p></td><td rowspan="1" colspan="1"><p>UNIMED CAMPINA GRANDE - COOPERATIVA DE TRABALHO MÉDICO LTDA</p></td><td rowspan="1" colspan="1"><p>DIFIS</p></td><td rowspan="1" colspan="1"><p>Pelo conhecimento e provimento parcial do recurso, na forma manifestada na Nota Técnica nº 1766/2025/GEIRS/DIDES/ANS, mantendo a decisão da DIDES.</p></td></tr><tr><td rowspan="1" colspan="1"><p>33910.041011/2022-50</p></td><td rowspan="1" colspan="1"><p>ASSOCIAÇÃO SANTA CASA CLÍNICAS DE BIRIGUI</p></td><td rowspan="1" colspan="1"><p>DIFIS</p></td><td rowspan="1" colspan="1"><p>Pela aprovação da revisão administrativa de ofício, na forma manifestada na Nota Técnica nº 201/2025/COARE/GEIRS/DIRAD-DIDES/DIDES.</p></td></tr><tr><td rowspan="1" colspan="1"><p>33910.020781/2023-40</p></td><td rowspan="1" colspan="1"><p>UNIMED DE CAMPOS COOPERATIVA DE TRABALHO MÉDICO</p></td><td rowspan="1" colspan="1"><p>DIFIS</p></td><td rowspan="1" colspan="1"><p>Pelo conhecimento e provimento parcial do recurso, na forma manifestada na Nota Técnica nº 1869/2025/GEIRS/DIDES/ANS, mantendo a decisão da DIDES.</p></td></tr><tr><td rowspan="1" colspan="1"><p>33910.020848/2023-46</p></td><td rowspan="1" colspan="1"><p>UNIMED FOZ DO IGUAÇU COOPERATIVA TRABALHO MÉDICO</p></td><td rowspan="1" colspan="1"><p>DIFIS</p></td><td rowspan="1" colspan="1"><p>Pelo conhecimento e provimento parcial do recurso, na forma manifestada na Nota Técnica nº 1865/2025/GEIRS/DIDES/ANS, mantendo a decisão da DIDES.</p></td></tr><tr><td rowspan="1" colspan="1"><p>33910.020917/2023-11</p></td><td rowspan="1" colspan="1"><p>UNIMED PONTA GROSSA COOPERATIVA DE TRABALHO MÉDICO</p></td><td rowspan="1" colspan="1"><p>DIFIS</p></td><td rowspan="1" colspan="1"><p>Pelo conhecimento e provimento parcial do recurso, na forma manifestada na Nota Técnica nº 1850/2025/GEIRS/DIDES/ANS, mantendo a decisão da DIDES.</p></td></tr><tr><td rowspan="1" colspan="1"><p>33910.020539/2023-76</p></td><td rowspan="1" colspan="1"><p>HBC SAÚDE LTDA</p></td><td rowspan="1" colspan="1"><p>DIFIS</p></td><td rowspan="1" colspan="1"><p>Pelo conhecimento e provimento parcial do recurso, na forma manifestada na Nota Técnica nº 1862/2025/GEIRS/DIDES/ANS, mantendo a decisão da DIDES.</p></td></tr></table>]]></Texto>
  </body>
  <Midias />
</article></xml>