﻿<xml><article id="46258911" name="ATO NA 16001" idOficio="11383121" pubName="DO1" artType="Ato" pubDate="04/11/2025" artClass="00014:00019:00014:00156:00000:00000:00000:00000:00000:00000:00006:00000" artCategory="Ministério das Comunicações/Agência Nacional de Telecomunicações/Superintendência de Fiscalização/Gerência Regional no Estado de São Paulo" artSize="12" artNotes="" numberPage="7" pdfPage="http://pesquisa.in.gov.br/imprensa/jsp/visualiza/index.jsp?data=04/11/2025&amp;jornal=515&amp;pagina=7" editionNumber="210" highlightType="" highlightPriority="" highlight="" highlightimage="" highlightimagename="" idMateria="23281210">
  <body>
    <Identifica><![CDATA[ ATO Nº 16.001, DE 28 DE OUTUBRO DE 2025]]></Identifica>
    <Data><![CDATA[]]></Data>
    <Ementa />
    <Titulo />
    <SubTitulo />
    <Texto><![CDATA[<p class="identifica">ATO Nº 16.001, DE 28 DE OUTUBRO DE 2025</p><p>Processo nº 53504.008776/2025-20. Outorgar autorização de uso da(s) radiofrequência(s) à(ao) Paulo Zucchi Rodas e Outra, CNPJ nº 07.991.244/0003-94, associada à autorização para execução do Serviço Limitado Privado.</p><p class="assina">MARCELO AUGUSTO SCACABAROZI</p><p class="cargo">Gerente</p>]]></Texto>
  </body>
  <Midias />
</article></xml>