﻿<xml><article id="46237917" name="Portaria GM.MPO nA 412.2025 e an" idOficio="11379498" pubName="DO1" artType="Portaria" pubDate="03/11/2025" artClass="00040:00001:00000:00000:00000:00000:00000:00000:00000:00000:00054:00000" artCategory="Ministério do Planejamento e Orçamento/Gabinete da Ministra" artSize="24" artNotes="" numberPage="77" pdfPage="http://pesquisa.in.gov.br/imprensa/jsp/visualiza/index.jsp?data=03/11/2025&amp;jornal=515&amp;pagina=77" editionNumber="209" highlightType="" highlightPriority="" highlight="" highlightimage="" highlightimagename="" idMateria="23276804">
  <body>
    <Identifica><![CDATA[ PORTARIA GM/MPO Nº 412, DE 31 DE OUTUBRO DE 2025]]></Identifica>
    <Data><![CDATA[]]></Data>
    <Ementa><![CDATA[ Antecipa os limites de movimentação e empenho constantes do Anexo I do Decreto nº 12.448, de 30 de abril de 2025, e alterações posteriores, no que concerne aos Ministérios da Gestão e da Inovação em Serviços Públicos; do Desenvolvimento e Assistência Social, Família e Combate à Fome; e da Igualdade Racial.]]></Ementa>
    <Titulo />
    <SubTitulo />
    <Texto><![CDATA[<p class="identifica">PORTARIA GM/MPO Nº 412, DE 31 DE OUTUBRO DE 2025</p><p class="ementa">Antecipa os limites de movimentação e empenho constantes do Anexo I do Decreto nº 12.448, de 30 de abril de 2025, e alterações posteriores, no que concerne aos Ministérios da Gestão e da Inovação em Serviços Públicos; do Desenvolvimento e Assistência Social, Família e Combate à Fome; e da Igualdade Racial.</p><p>A MINISTRA DE ESTADO DO PLANEJAMENTO E ORÇAMENTO, tendo em vista o disposto no art. 12, inciso I, alínea "b", do Decreto nº 12.448, de 30 de abril de 2025, e alterações posteriores, resolve:</p><p>Art. 1º Antecipar os limites de movimentação e empenho constantes do Anexo I do Decreto nº 12.448, de 30 de abril de 2025, e alterações posteriores, na forma do Anexo desta Portaria.</p><p>Art. 2º Esta Portaria entra em vigor na data de sua publicação.</p><p class="assina">SIMONE TEBET</p><p>ANEXO ANTECIPAÇÃO DOS LIMITES DE MOVIMENTAÇÃO E EMPENHO(Anexo I do DECRETO Nº 12.448, DE 30 DE ABRIL DE 2025, e alterações posteriores)</p><p /><p></p><table><tr><td rowspan="1" colspan="1" /><td rowspan="1" colspan="1" /><td rowspan="1" colspan="2" /><td rowspan="1" colspan="1" /><td rowspan="1" colspan="1" /><td rowspan="1" colspan="1" /><td rowspan="1" colspan="1" /><td rowspan="1" colspan="1"><p>R$ 1,00</p></td></tr><tr><td rowspan="1" colspan="1" /><td rowspan="1" colspan="2" /><td rowspan="1" colspan="6"><p>Despesas Primárias Discricionárias</p></td></tr><tr><td rowspan="1" colspan="3"><p>Órgãos/Unidades Orçamentárias</p></td><td rowspan="1" colspan="3"><p>Emendas</p></td><td rowspan="1" colspan="2"><p>Demais</p></td><td rowspan="1" colspan="1"><p>Total</p></td></tr><tr><td rowspan="1" colspan="3"><p>I - LIMITES ATÉ NOVEMBRO</p></td><td rowspan="1" colspan="1"><p>RP 6</p></td><td rowspan="1" colspan="1"><p>RP 7</p></td><td rowspan="1" colspan="1"><p>RP 8</p></td><td rowspan="1" colspan="1"><p>RP 2</p></td><td rowspan="1" colspan="1"><p>RP 3</p></td><td rowspan="1" colspan="1" /></tr><tr><td rowspan="1" colspan="1"><p>46000</p></td><td rowspan="1" colspan="2"><p>Ministério da Gestão e da Inovação em Serviços Públicos</p></td><td rowspan="1" colspan="1"><p>0</p></td><td rowspan="1" colspan="1"><p>0</p></td><td rowspan="1" colspan="1"><p>0</p></td><td rowspan="1" colspan="1"><p>101.350.000</p></td><td rowspan="1" colspan="1"><p>0</p></td><td rowspan="1" colspan="1"><p>101.350.000</p></td></tr><tr><td rowspan="1" colspan="1"><p>55000</p></td><td rowspan="1" colspan="2"><p>Ministério do Desenvolvimento e Assistência Social, Família e Combate à Fome</p></td><td rowspan="1" colspan="1"><p>0</p></td><td rowspan="1" colspan="1"><p>0</p></td><td rowspan="1" colspan="1"><p>0</p></td><td rowspan="1" colspan="1"><p>430.000.000</p></td><td rowspan="1" colspan="1"><p>0</p></td><td rowspan="1" colspan="1"><p>430.000.000</p></td></tr><tr><td rowspan="1" colspan="1"><p>67000</p></td><td rowspan="1" colspan="2"><p>Ministério da Igualdade Racial</p></td><td rowspan="1" colspan="1"><p>0</p></td><td rowspan="1" colspan="1"><p>0</p></td><td rowspan="1" colspan="1"><p>0</p></td><td rowspan="1" colspan="1"><p>15.000.000</p></td><td rowspan="1" colspan="1"><p>0</p></td><td rowspan="1" colspan="1"><p>15.000.000</p></td></tr><tr><td rowspan="1" colspan="3"><p>Total Antecipado</p></td><td rowspan="1" colspan="1"><p>0</p></td><td rowspan="1" colspan="1"><p>0</p></td><td rowspan="1" colspan="1"><p>0</p></td><td rowspan="1" colspan="1"><p>546.350.000</p></td><td rowspan="1" colspan="1"><p>0</p></td><td rowspan="1" colspan="1"><p>546.350.000</p></td></tr></table>]]></Texto>
  </body>
  <Midias />
</article></xml>