﻿<xml><article id="46225795" name="PORTARIA 337 2025" idOficio="11377393" pubName="DO1" artType="Portaria" pubDate="03/11/2025" artClass="00015:00030:00000:00000:00000:00000:00000:00000:00000:00000:00054:00000" artCategory="Ministério da Cultura/Fundação Cultural Palmares" artSize="12" artNotes="ok" numberPage="33" pdfPage="http://pesquisa.in.gov.br/imprensa/jsp/visualiza/index.jsp?data=03/11/2025&amp;jornal=515&amp;pagina=33" editionNumber="209" highlightType="" highlightPriority="" highlight="" highlightimage="" highlightimagename="" idMateria="23271723">
  <body>
    <Identifica><![CDATA[ PORTARIA FCP Nº 337, DE 30 DE OUTUBRO de 2025]]></Identifica>
    <Data><![CDATA[]]></Data>
    <Ementa><![CDATA[Realoca Cargo Comissionado Executivo - CCE do Quadro Demonstrativo dos Cargos em Comissão e das Funções de Confiança da Fundação Cultural Palmares - FCP.]]></Ementa>
    <Titulo />
    <SubTitulo />
    <Texto><![CDATA[<p class="identifica">PORTARIA FCP Nº 337, DE 30 DE OUTUBRO de 2025</p><p class="ementa">Realoca Cargo Comissionado Executivo - CCE do Quadro Demonstrativo dos Cargos em Comissão e das Funções de Confiança da Fundação Cultural Palmares - FCP.</p><p>O PRESIDENTE DA FUNDAÇÃO CULTURAL PALMARES, no uso de suas atribuições conferidas pelo art. 19, III e V, do Anexo I, do Decreto nº 11.203, de 21 de setembro de 2022, e no art. 13 do Decreto nº 10.829, de 5 de outubro de 2021, resolve:</p><p>Art. 1º Realocar o Cargo Comissionado Executivo, código CCE 1.07, de Chefe de Divisão da Coordenação-Geral de Gestão Interna, para a Coordenação Técnica Administrativa do Gabinete desta Fundação, entrando em vigor 7 (sete) dias após a publicação deste ato.</p><p>Art. 2º Revogar a portaria 331 de 23 de outubro de 2025, publicada no DOU de 24 de outubro de 2025.</p><p class="assina">João Jorge Santos Rodrigues</p>]]></Texto>
  </body>
  <Midias />
</article></xml>