﻿<xml><article id="46239871" name="resolucao_4348_2025 GGFIS" idOficio="11379573" pubName="DO1" artType="Resolução" pubDate="03/11/2025" artClass="00047:00048:00016:00006:00000:00000:00000:00000:00000:00000:00064:34348" artCategory="Ministério da Saúde/Agência Nacional de Vigilância Sanitária/4ª Diretoria/Gerência-Geral de Inspeção e Fiscalização Sanitária" artSize="12" artNotes="" numberPage="134" pdfPage="http://pesquisa.in.gov.br/imprensa/jsp/visualiza/index.jsp?data=03/11/2025&amp;jornal=515&amp;pagina=134" editionNumber="209" highlightType="" highlightPriority="" highlight="" highlightimage="" highlightimagename="" idMateria="23277035">
  <body>
    <Identifica><![CDATA[ RESOLUÇÃO-RE Nº 4.348, de 31 DE Outubro DE 2025]]></Identifica>
    <Data><![CDATA[]]></Data>
    <Ementa />
    <Titulo />
    <SubTitulo />
    <Texto><![CDATA[<p class="identifica">RESOLUÇÃO-RE Nº 4.348, de 31 DE Outubro DE 2025</p><p>O GERENTE-GERAL DE INSPEÇÃO E FISCALIZAÇÃO SANITÁRIA DA AGÊNCIA NACIONAL DE VIGILÂNCIA SANITÁRIA, no uso das atribuições que lhe confere o art. 140, aliado ao art. 203, I, § 1º do Regimento Interno aprovado pela Resolução da Diretoria Colegiada - RDC nº 585, de 10 de dezembro de 2021, e</p><p>considerando o cumprimento dos requisitos de Boas Práticas de Fabricação preconizados em legislação vigente, para a área de Insumos Farmacêuticos, resolve:</p><p>Art. 1º Renovar a Certificação de Boas Práticas de Fabricação de Insumos Farmacêuticos Ativos das empresas constantes no ANEXO.</p><p>Art. 2º Esta Resolução entra em vigor na data de 6 de novembro de 2025.</p><p class="assina">Marcus AurÉlio Miranda de AraÚjo</p><p class="anexo">ANEXO</p><p>Fabricante: Changzhou Pharmaceutical Factory CO., LTD.</p><p>Endereço: 518 Laodong East Road, Changzhou, Jiangsu Province - 213018</p><p>País: República Popular da China Código único: B.000197</p><p>Expediente(s): 0543731/25-1</p><p>Certificado de Boas Práticas de Fabricação de Insumos Farmacêuticos Ativos:</p><p>Insumo Farmacêutico ativo obtido por síntese química: Lenalidomida.</p><p>Data de Vencimento: 06/11/2027</p><p>----------------------------------------------------------------------------------------------------</p><p>Fabricante: FDC Limited</p><p>Endereço: Plot No.19 &amp; 20/2 - M.I.D.C Industrial Area, Village Dhatav, Roha-402 116, District Raigad, Maharashtra State</p><p>País: Índia Código Único: B.000783</p><p>Expediente(s): 0269976/25-6</p><p>Certificado de Boas Práticas de Fabricação de Insumos Farmacêuticos Ativos:</p><p>Insumo farmacêutico ativo obtido por síntese química: maleato de timolol.</p><p>Data de Vencimento: 06/11/2027</p><p>----------------------------------------------------------------------------------------------------</p><p>Fabricante: Orchid Pharma Ltd.</p><p>Endereço: Plot n° 121-128,128A-133,138-151,159-164,SIDCO Industrial Estate, Alathur - 603 110 - Kancheepuram District, Tamil Nadu</p><p>País: Índia Código Único: B.000108</p><p>Expediente(s): 0606435/25-5</p><p>Certificado de Boas Práticas de Fabricação de Insumos Farmacêuticos Ativos:</p><p>Insumo farmacêutico ativo obtido por semissíntese (classe cefalosporínicos): ceftriaxona dissódica hemieptaidratada (etapas de síntese química e esterilização).</p><p>Data de Vencimento: 06/11/2027</p><p>----------------------------------------------------------------------------------------------------</p><p>Fabricante: Pfizer Ireland Pharmaceuticals Unlimited Company</p><p>Endereço: Ringaskiddy API Plant, Ringaskiddy, County Cork, P43 X336</p><p>País: Irlanda Cadastro Único: B.000126</p><p>Expediente(s): 0506845/25-7</p><p>Certificado de Boas Práticas de Fabricação de Insumos Farmacêuticos Ativos:</p><p>Insumo Farmacêutico ativo obtido por semissíntese: azitromicina di-hidratada (etapas de purificação).</p><p>Data de Vencimento: 06/11/2027</p><p>----------------------------------------------------------------------------------------------------</p><p>Fabricante: Tianish Laboratories Private Limited - (Unit-8)</p><p>Endereço: G. Chodavaram Village, Poosapatirega Mandal, Andhra Pradesh - 535204</p><p>País: Índia Código único: B.000047</p><p>Expediente(s): 0311206/25-5</p><p>Certificado de Boas Práticas de Fabricação de Insumos Farmacêuticos Ativos:</p><p>Insumos farmacêuticos ativos obtidos por síntese química: apixabana, cloridrato de memantina, cloridrato de trazodona, sacubitril valsartana sódica hidratada e valsartana.</p><p>Data de Vencimento: 06/11/2027</p>]]></Texto>
  </body>
  <Midias />
</article></xml>