﻿<xml><article id="46235965" name="ATO PORTARIA MIDR NA 3228" idOficio="11379033" pubName="DO1" artType="Portaria" pubDate="03/11/2025" artClass="00032:00001:00000:00000:00000:00000:00000:00000:00000:00000:00054:00000" artCategory="Ministério da Integração e do Desenvolvimento Regional/Gabinete do Ministro" artSize="12" artNotes="ok" numberPage="59" pdfPage="http://pesquisa.in.gov.br/imprensa/jsp/visualiza/index.jsp?data=03/11/2025&amp;jornal=515&amp;pagina=59" editionNumber="209" highlightType="" highlightPriority="" highlight="" highlightimage="" highlightimagename="" idMateria="23276130">
  <body>
    <Identifica><![CDATA[  PORTARIA MIDR Nº 3.228, DE 31 DE OUTUBRO DE 2025]]></Identifica>
    <Data><![CDATA[]]></Data>
    <Ementa><![CDATA[   Institui a Política de Proteção de Dados Pessoais do Ministério da Integração e do Desenvolvimento Regional.]]></Ementa>
    <Titulo />
    <SubTitulo />
    <Texto><![CDATA[<p class="identifica">PORTARIA MIDR Nº 3.228, DE 31 DE OUTUBRO DE 2025</p><p class="ementa">Institui a Política de Proteção de Dados Pessoais do Ministério da Integração e do Desenvolvimento Regional.</p><p>O MINISTRO DE ESTADO DA INTEGRAÇÃO E DO DESENVOLVIMENTO REGIONAL, SUBSTITUTO, no uso das atribuições que lhe confere o art. 87, parágrafo único, incisos I e II, da Constituição, e tendo em vista o Decreto nº 12.504, de 12 de junho de 2025, resolve:</p><p>Art. 1º Fica instituída a Política de Proteção de Dados Pessoais do Ministério da Integração e do Desenvolvimento Regional, nos termos desta Portaria.</p><p>CAPÍTULO I</p><p>DAS DISPOSIÇÕES GERAIS</p><p>Art. 2º A Política de Proteção de Dados Pessoais do Ministério da Integração e do Desenvolvimento Regional tem por finalidade estabelecer princípios e diretrizes a serem seguidos para a garantia da proteção dos dados pessoais tratados no âmbito do MIDR, em cumprimento ao art. 50 da Lei nº 13.709, de 14 de agosto de 2018 - Lei Geral de Proteção de Dados Pessoais - LGPD.</p><p>Parágrafo único. Esta Política regula o tratamento de dados pessoais realizado por qualquer pessoa, física ou jurídica, pública ou privada, e por qualquer meio, físico ou digital, em nome do Ministério da Integração e do Desenvolvimento Regional ou em suas dependências.</p><p>Art. 3º A aplicação da Política será pautada pelo dever de boa-fé e pela observância dos princípios previstos no art. 6º da Lei nº 13.709, de 14 de agosto de 2018.</p><p>CAPÍTULO II</p><p>DO TRATAMENTO DE DADOS PESSOAIS</p><p>Art. 4º Todo tratamento de dados pessoais realizado no âmbito do Ministério da Integração e do Desenvolvimento Regional deverá ter como objetivo o atendimento de finalidade pública, a persecução do interesse público e a execução de atribuições legais da Pasta.</p><p>§ 1º Poderão ser tratados apenas os dados pessoais necessários para atender às finalidades específicas do tratamento.</p><p>§ 2º O acesso aos dados pessoais ficará restrito às pessoas autorizadas e que necessitem realizar o tratamento para o desempenho de suas atividades.</p><p>§ 3º As atividades, produtos e serviços desenvolvidos pelo Ministério da Integração e do Desenvolvimento Regional deverão estar em conformidade com requisitos de privacidade e proteção de dados pessoais constantes de leis, regulamentos, resoluções, normas, estatutos e instrumentos jurídicos vigentes.</p><p>§ 4º O consentimento e o legítimo interesse poderão ser admitidos quando a utilização dos dados não for necessária para o cumprimento de obrigações e atribuições legais.</p><p>§ 5º A gestão dos dados pessoais tratados no sítio eletrônico, na internet, nos aplicativos e nas redes sociais do Ministério da Integração e do Desenvolvimento Regional deverá ser objeto de normativo específico.</p><p>§ 6º O Ministério da Integração e do Desenvolvimento Regional poderá utilizar arquivos do tipo cookies para registrar e gravar no computador do usuário as preferências e navegações realizadas nas respectivas páginas, para fins estatísticos e de melhoria dos serviços ofertados, respeitando o consentimento do titular.</p><p>§ 7º O tratamento de dados pessoais sensíveis e dados de crianças e adolescentes somente poderá ser realizado nos termos do Capítulo II, seções II e III da Lei nº 13.709, de 14 de agosto de 2018.</p><p>Art. 5º Os contratos, convênios e outros instrumentos congêneres firmados pelo Ministério da Integração e do Desenvolvimento Regional deverão conter cláusulas específicas de proteção de dados pessoais que estabeleçam:</p><p>I - os deveres e obrigações dos agentes de tratamento envolvidos na operação de tratamento, respeitados os princípios, os direitos dos titulares e o regime de proteção de dados previstos na Lei nº 13.709, de 14 de agosto de 2018;</p><p>II - os requisitos mínimos de segurança da informação;</p><p>III - a vedação do tratamento dos dados pessoais, pelo Operador, para finalidades que divirjam da informada pelo Controlador;</p><p>IV - os requisitos de proteção de dados pessoais que o Operador deve atender;</p><p>V - as condições sob as quais o Operador deverá devolver ou descartar com segurança os dados pessoais, após a conclusão do serviço, rescisão de contrato ou outro, mediante solicitação do Controlador; e</p><p>VI - as diretrizes específicas sobre o uso de subcontratados pelo Operador para execução contratual que envolva tratamento de dados pessoais.</p><p>§ 1º Deverá ser assegurado que os terceiros e processadores de dados pessoais contratados estejam plenamente em conformidade com as cláusulas contratuais estabelecidas, no momento da celebração do acordo entre as partes envolvidas.</p><p>§ 2º Os instrumentos de que tratam o caput, que estiverem em vigor e de alguma forma envolverem o tratamento de dados pessoais, deverão incorporar cláusulas específicas para a conformidade com a presente Política de Proteção de Dados Pessoais.</p><p>Art. 6º O uso compartilhado de dados pessoais deverá atender a finalidade específica de execução de política pública e atribuição legal do Ministério da Integração e do Desenvolvimento Regional, respeitados os princípios de proteção de dados pessoais elencados no art. 6º da Lei nº 13.709, de 14 de agosto de 2018.</p><p>§ 1º É vedado ao Poder Público transferir a entidades privadas dados pessoais constantes de bases de dados a que tenha acesso, exceto:</p><p>I - em casos de execução descentralizada de atividade pública que exija a transferência, exclusivamente para esse fim específico e determinado, observado o disposto na Lei nº 12.527, de 18 de novembro de 2011 - Lei de Acesso à Informação;</p><p>II - nos casos em que os dados forem acessíveis publicamente;</p><p>III - quando houver previsão legal ou a transferência for respaldada em contratos, convênios ou instrumentos congêneres; ou</p><p>IV - na hipótese de a transferência dos dados objetivar, exclusivamente, a prevenção de fraudes e irregularidades, ou proteger e resguardar a segurança e a integridade do titular dos dados, desde que vedado o tratamento para outras finalidades.</p><p>§ 2º Os contratos e convênios de que trata o § 1º inciso III deverão ser comunicados à autoridade nacional.</p><p>§ 3º A comunicação ou o uso compartilhado de dados pessoais a pessoa de direito privado será informado à autoridade nacional e dependerá de consentimento do titular, exceto nas hipóteses de dispensa previstas na Lei nº 13.709, de 14 de agosto de 2018.</p><p>§ 4º O compartilhamento de dados pessoais deverá ser formalizado em ato, contrato, convênio ou outro instrumento formal, que estabeleça a finalidade específica do tratamento, as competências, os procedimentos, os prazos, os mecanismos de informação e comunicação com o titular, entre outros requisitos, que decorram das peculiaridades do caso concreto ou de determinações provenientes de normas específicas, visando garantir a proteção dos direitos do titular.</p><p>§ 5º A transferência internacional de dados pessoais apenas será permitida quando em observância ao disposto no Capítulo V da Lei nº 13.709, de 14 de agosto de 2018.</p><p>Art. 7º Os dados pessoais tratados deverão ser eliminados após o término de seu tratamento, no âmbito e nos limites técnicos das atividades, autorizada a conservação para as seguintes finalidades:</p><p>I - cumprimento de obrigação legal ou regulatória pelo Controlador;</p><p>II - estudo por órgão de pesquisa, garantida, sempre que possível, a anonimização dos dados pessoais;</p><p>III - transferência a terceiros, desde que respeitados os requisitos de tratamento de dados dispostos nesta Portaria; ou</p><p>IV - uso exclusivo do Controlador, vedado seu acesso por terceiros, e desde que anonimizados os dados.</p><p>Parágrafo único. A anonimização definitiva e irreversível será aplicada nos casos em que o tratamento dos dados pessoais não seja mais necessário para atendimento de finalidade pública e o registro não possa ser descartado definitivamente sem comprometer a consistência do sistema ou de outros dados dependentes.</p><p>CAPÍTULO III</p><p>DA TRANSPARÊNCIA</p><p>Art. 8º Deverá ser dada ampla transparência às informações sobre os tratamentos de dados pessoais realizados no Ministério da Integração e do Desenvolvimento Regional, independentemente de solicitação do titular.</p><p>§ 1º As informações sobre os tratamentos de dados pessoais realizados deverão, necessariamente, estar disponíveis no sítio eletrônico oficial da Pasta, na internet, e nos canais de prestação de serviços.</p><p>§ 2º Será assegurado ao titular o direito de acesso facilitado às informações sobre o tratamento de seus dados, que deverão ser disponibilizadas de forma clara, adequada e ostensiva, e abranger no mínimo:</p><p>I - a finalidade específica do tratamento;</p><p>II - a forma e duração do tratamento, observados os segredos comercial e industrial;</p><p>III - a identificação do Controlador;</p><p>IV - informações de contato do Controlador;</p><p>V - informações acerca do uso compartilhado de dados pelo Controlador e a finalidade;</p><p>VI - responsabilidades dos agentes que realizarão o tratamento;</p><p>VII - direitos do titular, com menção explícita aos direitos contidos no art. 18 da Lei nº 13.709, de 14 de agosto de 2018;</p><p>VIII - meios disponíveis para o titular exercer os seus direitos; e</p><p>IX - canais de atendimento da Ouvidoria do Ministério da Integração e do Desenvolvimento Regional.</p><p>Art. 9º Deverão ser elaborados Termos de Uso e Políticas de Privacidade específicas para cada serviço ofertado, informatizado ou não.</p><p>Art. 10. O Ministério da Integração e do Desenvolvimento Regional deverá estar apto a comprovar a observância e o cumprimento das leis e normas vigentes e a adoção de medidas eficazes e capazes para a proteção dos dados pessoais tratados.</p><p>CAPÍTULO IV</p><p>DA SEGURANÇA DAS INFORMAÇÕES</p><p>Art. 11. O tratamento de dados pessoais no âmbito do Ministério da Integração e do Desenvolvimento Regional deverá observar as seguintes diretrizes, visando atender aos padrões de Segurança da Informação e de Proteção de Dados Pessoais, necessários à garantia dos direitos fundamentais dos indivíduos e à autodeterminação informativa:</p><p>I - garantia da segurança dos dados pessoais: requisitos de confidencialidade, integridade e disponibilidade, bem como autenticidade, responsabilidade e não repúdio;</p><p>II - sigilo de dados pessoais: dever de confidencialidade por parte de todas as pessoas com acesso a dados pessoais no âmbito do Ministério; e</p><p>III - privacidade de dados pessoais por concepção e por padrão: ao desenvolver novos processos, procedimentos ou sistemas que envolvam o tratamento de dados pessoais, deverão ser adotadas medidas para garantir que as regras de privacidade e proteção de dados sejam aplicadas desde a fase de concepção até a sua implantação.</p><p>Art. 12. Deverão ser adotadas as medidas de segurança a seguir, visando reduzir ou mitigar os riscos de ocorrência de incidentes e de danos às liberdades civis e aos direitos fundamentais dos titulares, em eventual incidente:</p><p>I - limitação dos dados pessoais tratados ao mínimo necessário e à finalidade específica e informada ao titular;</p><p>II - limitação do acesso aos dados pessoais às pessoas que realizam o tratamento;</p><p>III - registro das operações de tratamento de dados pessoais;</p><p>IV - estabelecimento e registro das funções e responsabilidades dos colaboradores envolvidos nos tratamentos de dados pessoais;</p><p>V - estabelecimento de acordos de confidencialidade, termos de responsabilidade ou termos de sigilo com Operadores de dados pessoais;</p><p>VI - armazenamento dos dados pessoais em ambiente seguro, de modo que terceiros não autorizados não possam acessá-los;</p><p>VII - implementação das medidas e dos controles necessários para assegurar o nível de tolerância ao risco aprovado pelo Comitê Estratégico de Governança - CEG;</p><p>VIII - verificações e revisões periódicas de conformidade e efetividade dos processos, buscando a certificação do cumprimento dos requisitos de privacidade e proteção de dados pessoais e da garantia de cláusula de responsabilidade e sigilo constantes de termos de responsabilidade, contratos, convênios, acordos e instrumentos congêneres;</p><p>IX - elaboração e atualização periódica de Relatório de Impacto à Proteção de Dados Pessoais - RIPD, contendo as medidas, as salvaguardas e os mecanismos de mitigação de risco adotados, bem como os resultados das ações de verificação de conformidade realizadas, nos casos em que as operações de tratamento de dados pessoais possam gerar alto risco à garantia dos princípios gerais de proteção de dados pessoais, às liberdades civis e aos direitos fundamentais;</p><p>X - elaboração, atualização periódica e ampla divulgação dos Termos de Uso e Políticas de Privacidade, que deverão fornecer informações sobre o processamento de dados pessoais, em cada ambiente físico ou virtual, e as medidas de proteção de dados adotadas para salvaguardar esses dados pessoais;</p><p>XI - elaboração e aprovação com a alta gestão de Planos de Resposta a Incidentes Cibernéticos, com base em indicadores de probabilidade e criticidade dos riscos envolvidos, que contenham procedimentos com tarefas específicas a serem executadas por uma determinada equipe para a contenção e mitigação de incidentes e restauração dos serviços ao estado de pré-incidente, quando possível, e o plano de comunicação à Agência Nacional de Proteção de Dados - ANPD; e</p><p>XII - certificação da identidade do titular, ou de quem o represente, no atendimento a demanda que implique acesso à informação pessoal, mediante:</p><p>a) a verificação da autenticação por meio do login único de acesso "gov.br", com selo de segurança prata ou outro meio de certificação digital legalmente aceito; ou</p><p>b) a conferência, pelo servidor público competente, de documento físico oficial apresentado presencialmente.</p><p>Art. 13. O Ministério da Integração e do Desenvolvimento Regional comunicará à autoridade nacional e ao titular a ocorrência de incidente de segurança que possa acarretar risco ou dano relevante aos titulares.</p><p>Parágrafo único. O colaborador do Ministério que tomar ciência de incidente ou de potencial violação de dados pessoais deverá, de forma tempestiva, comunicar o fato ao Encarregado e à Equipe de Tratamento e Resposta a Incidentes em Redes Computacionais - ETIR.</p><p>CAPÍTULO V</p><p>DA CAPACITAÇÃO, DO TREINAMENTO E DA CONSCIENTIZAÇÃO</p><p>Art. 14. O Plano de Desenvolvimento de Pessoas - PDP e o Plano de Integridade - PROGRIDE, do Ministério, deverão incluir um programa abrangente de capacitação, treinamento e conscientização destinado a garantir que as pessoas que realizam tratamento de dados pessoais no âmbito da Pasta compreendam suas responsabilidades e os procedimentos relacionados à proteção de dados pessoais.</p><p>Parágrafo único. O programa mencionado no caput contemplará atividades de treinamento e conscientização direcionadas às funções que exigem capacitação específica.</p><p>Art. 15. Todas as pessoas que tenham acesso ou realizem qualquer tipo de tratamento de dados pessoais no âmbito do Ministério da Integração e do Desenvolvimento Regional deverão participar dos programas de conscientização, capacitação e sensibilização em questões de privacidade e proteção de dados pessoais.</p><p>CAPÍTULO VI</p><p>DAS FUNÇÕES E RESPONSABILIDADES NO TRATAMENTO DE DADOS PESSOAIS</p><p>Art. 16. São atribuições do Ministério da Integração e do Desenvolvimento Regional, no exercício das atribuições como Controlador:</p><p>I - observar os fundamentos, princípios da privacidade e proteção de dados pessoais, bem como os deveres impostos pela Lei nº 13.709, de 14 de agosto de 2018, e por normativos correlatos, no momento de decidir sobre um futuro tratamento ou realizá-lo;</p><p>II - considerar o preconizado nos artigos 7º, 11 e 23 da Lei nº 13.709, de 14 de agosto de 2018, antes de realizar o tratamento de dados pessoais;</p><p>III - cumprir o disposto nos artigos 46 e 50 da Lei nº 13.709, de 14 de agosto de 2018, buscando a proteção de dados pessoais e sua governança;</p><p>IV - divulgar a identidade e as informações de contato do Encarregado, de forma clara e objetiva, no sítio institucional;</p><p>V - elaborar o inventário de dados pessoais, a fim de manter registros das operações de tratamento de dados pessoais;</p><p>VI - reter dados pessoais somente pelo período necessário para o cumprimento da hipótese legal e da finalidade utilizadas como justificativa para o tratamento de dados pessoais;</p><p>VII - criar e manter atualizados os avisos ou políticas de privacidade, que informarem sobre os tratamentos de dados pessoais realizados em cada ambiente físico ou virtual, e como os dados pessoais neles tratados são protegidos; e</p><p>VIII - requerer do titular a ciência com o termo de uso para cada serviço ofertado, informatizado ou não, que trate dados pessoais.</p><p>§ 1º É vedado qualquer tratamento de dados pessoais para fins não relacionados com às atividades desenvolvidas pelo Ministério da Integração e do Desenvolvimento Regional ou por pessoa não autorizada formalmente.</p><p>§ 2º Compete aos gestores proprietários de ativos de informação, no âmbito do Ministério da Integração e do Desenvolvimento Regional, a realização das ações necessárias de planejamento, implementação e melhoria contínua dos controles para a proteção desses dados.</p><p>Art. 17. São deveres dos Operadores:</p><p>I - observar os princípios estabelecidos no art. 6º da Lei nº 13.709, de 14 de agosto de 2018;</p><p>II - seguir as diretrizes estabelecidas pelo Controlador; e</p><p>III - verificar se as diretrizes estabelecidas pelo Controlador cumprem os requisitos legais presentes nos artigos 7º, 11 e 23 da Lei nº 13.709, de 14 de agosto de 2018, antes de efetuar os tratamentos.</p><p>§ 1º Qualquer fornecedor de produtos ou serviços que, por algum motivo, realize o tratamento de dados pessoais a eles confiados é considerado Operador e deve seguir as diretrizes estabelecidas nesta Política.</p><p>§ 2º É proibida a decisão unilateral do Operador quanto aos meios e finalidades utilizados para o tratamento de dados pessoais.</p><p>Art. 18. Todo servidor, colaborador ou terceiro que possua algum vínculo com o Ministério da Integração e do Desenvolvimento Regional deverá:</p><p>I - estar ciente desta Política e cumpri-la, bem como as demais regulamentações em vigor relacionadas à privacidade, proteção de dados e segurança da informação;</p><p>II - adotar atitude proativa e engajada no que diz respeito à privacidade, à proteção de dados pessoais e à segurança da informação;</p><p>III - comunicar à chefia imediata a ocorrência de incidente de segurança que possa acarretar risco ou dano relevante aos titulares, do qual venha a tomar conhecimento.</p><p>IV - preservar a integridade e guardar sigilo dos dados pessoais tratados no exercício de suas atividades, quando incidir hipótese legal de restrição de acesso;</p><p>V - não disponibilizar nem conceder acesso aos dados pessoais mantidos pelo Ministério da Integração e do Desenvolvimento Regional, salvo nas hipóteses previstas em lei ou a pessoas devidamente autorizadas; e</p><p>VI - cumprir as normas, recomendações e orientações relativas à segurança da informação, à privacidade e à proteção de dados.</p><p>Art. 19. São responsabilidade das chefias imediatas:</p><p>I - conscientizar os colaboradores sob sua supervisão quanto às boas práticas de privacidade, proteção de dados pessoais e segurança da informação, inclusive sobre às diretrizes desta Política;</p><p>II - incorporar aos processos de trabalho de sua unidade boas práticas inerentes à privacidade, proteção de dados pessoais e segurança da informação; e</p><p>III - comunicar ao Encarregado a ocorrência de incidente de segurança que possa acarretar risco ou dano relevante aos titulares, do qual venha a tomar conhecimento.</p><p>CAPÍTULO VII</p><p>DAS PENALIDADES</p><p>Art. 20. Ações que violem a Política de Proteção de Dados Pessoais poderão acarretar, isolada ou cumulativamente, nos termos da legislação aplicável, sanções administrativas, civis e penais, assegurados aos envolvidos o contraditório e a ampla defesa.</p><p>Art. 21. Os casos de descumprimento desta Política deverão ser registrados e comunicados ao Encarregado, para ciência e adoção das providências cabíveis.</p><p>Art. 22. Esta Portaria entra em vigor no prazo de trinta dias, contados a partir da data de sua publicação.</p><p class="assina">VALDER RIBEIRO DE MOURA</p>]]></Texto>
  </body>
  <Midias />
</article></xml>