﻿<xml><article id="46240774" name="PT SAES NA 3421" idOficio="11379683" pubName="DO1" artType="Portaria" pubDate="03/11/2025" artClass="00047:00037:00000:00000:00000:00000:00000:00000:00000:00000:00017:00030" artCategory="Ministério da Saúde/Secretaria de Atenção Especializada à Saúde" artSize="12" artNotes="" numberPage="90" pdfPage="http://pesquisa.in.gov.br/imprensa/jsp/visualiza/index.jsp?data=03/11/2025&amp;jornal=515&amp;pagina=90" editionNumber="209" highlightType="" highlightPriority="" highlight="" highlightimage="" highlightimagename="" idMateria="23277322">
  <body>
    <Identifica><![CDATA[ Portaria SAES/MS Nº 3.421, DE 30 DE outubro DE 2025]]></Identifica>
    <Data><![CDATA[]]></Data>
    <Ementa><![CDATA[ Inclui membro em equipe de transplante.]]></Ementa>
    <Titulo />
    <SubTitulo />
    <Texto><![CDATA[<p class="identifica">Portaria SAES/MS Nº 3.421, DE 30 DE outubro DE 2025</p><p class="ementa">Inclui membro em equipe de transplante.</p><p>O SECRETÁRIO DE ATENÇÃO ESPECIALIZADA À SAÚDE, no uso das atribuições que lhe confere o Decreto nº 11.798, de 28 de novembro de 2023, alterado pelo Decreto nº 12.489, de 04 de junho de 2025, resolve:</p><p>Art. 1º Ficam incluídos na equipe de transplante autorizada pelo art. 9º, da Portaria SAES/MS nº 803, de 25 de setembro de 2023, publicada no Diário Oficial da União nº 186, de 28 de setembro de 2023, seção 1, página 88, os membros a seguir:</p><p>TRANSPLANTE DE CÓRNEA: 24.07</p><p>PARANÁ</p><p /><p></p><table><tr /><tr><td rowspan="1" colspan="1"><p>Nº do SNT: 1 11 19 PR 07</p></td></tr><tr><td rowspan="1" colspan="1"><p>V - membro: Murilo Valandro de Prá, oftalmologista, CRM 45718-PR;</p></td></tr><tr><td rowspan="1" colspan="1"><p>VI - membro: Greisy Gisele Menegheti, oftalmologista, CRM 38993-PR;</p></td></tr><tr><td rowspan="1" colspan="1"><p>VII - membro: Gabriela Noda Sakai, oftalmologista, CRM 44588-PR.</p></td></tr></table><p>Art. 2º Fica incluído na equipe de transplante autorizada pelo art. 3º, da Portaria SAES/MS nº 3.112, de 6 de agosto de 2025, publicada no Diário Oficial da União nº 153, de 14 de agosto de 2025, seção 1, páginas 94 e 95, o membro a seguir:</p><p>TRANSPLANTE DE MÚSCULO ESQUELÉTICO: 24.22</p><p>PARANÁ</p><p /><p></p><table><tr /><tr><td rowspan="1" colspan="1"><p>Nº do SNT: 1 12 09 PR 03</p></td></tr><tr><td rowspan="1" colspan="1"><p>VIII - membro: Guilherme Rufini Isolani, ortopedista e traumatologista, CRM 31666 - PR.</p></td></tr></table><p>Art. 3º Fica incluído na equipe de transplante autorizada pelo art. 8º, da Portaria SAES/MS nº 1.968, de 8 de agosto de 2024, publicada no Diário Oficial da União nº 157, de 15 de agosto de 2024, seção 1, páginas 53 a 55, o membro a seguir:</p><p>TRANSPLANTE DE CÓRNEA: 24.07</p><p>RIO GRANDE DO SUL</p><p /><p></p><table><tr /><tr><td rowspan="1" colspan="1"><p>Nº do SNT: 1 11 15 RS 01</p></td></tr><tr><td rowspan="1" colspan="1"><p>XII - membro: Gabriel Baldessar Dalzzoto Pilati, oftalmologista, CRM 57302 - RS.</p></td></tr></table><p>Art. 4º Esta Portaria, nos termos da Nota Técnica nº 104/2025-CGSNT/DAET/SAES/MS, constante no NUP/SEI 25000.186395/2025-16, entra em vigor na data de sua publicação.</p><p class="assina">MOZART JULIO TABOSA SALES</p>]]></Texto>
  </body>
  <Midias />
</article></xml>