﻿<xml><article id="46231993" name="resolucao_4291_2025 COCER GGFIS" idOficio="11377950" pubName="DO1" artType="Resolução" pubDate="03/11/2025" artClass="00047:00048:00016:00006:00000:00000:00000:00000:00000:00000:00064:34291" artCategory="Ministério da Saúde/Agência Nacional de Vigilância Sanitária/4ª Diretoria/Gerência-Geral de Inspeção e Fiscalização Sanitária" artSize="12" artNotes="" numberPage="131" pdfPage="http://pesquisa.in.gov.br/imprensa/jsp/visualiza/index.jsp?data=03/11/2025&amp;jornal=515&amp;pagina=131" editionNumber="209" highlightType="" highlightPriority="" highlight="" highlightimage="" highlightimagename="" idMateria="23272858">
  <body>
    <Identifica><![CDATA[ RESOLUÇÃO-RE nº 4.291, DE 30 DE OUTUBRO DE 2025]]></Identifica>
    <Data><![CDATA[]]></Data>
    <Ementa />
    <Titulo />
    <SubTitulo />
    <Texto><![CDATA[<p class="identifica">RESOLUÇÃO-RE nº 4.291, DE 30 DE OUTUBRO DE 2025</p><p>O GERENTE-GERAL DE INSPEÇÃO E FISCALIZAÇÃO SANITÁRIA DA AGÊNCIA NACIONAL DE VIGILÂNCIA SANITÁRIA, no uso das atribuições que lhe confere o art. 140, aliado ao art. 203, I, § 1º do Regimento Interno aprovado pela Resolução da Diretoria Colegiada - RDC nº 585, de 10 de dezembro de 2021, e</p><p>considerando o cumprimento dos requisitos de Boas Práticas de Fabricação preconizados em legislação vigente, resolve:</p><p>Art. 1º Conceder às empresas constantes no anexo a Certificação de Boas Práticas de Fabricação de Produtos para Saúde.</p><p>Art. 2º Esta Resolução entrará em vigor na data de sua publicação.</p><p class="assina">MARCUS AURéLIO MIRANDA DE ARAúJO</p><p class="anexo">ANEXO</p><p>Empresa: Ineck Indústria e Comércio Ltda. CNPJ: 29.345.471/0001-13</p><p>Endereço: Avenida 16, 2214 - Jardim São Paulo, Rio Claro - SP CEP: 13503-020</p><p>Autorização de Funcionamento: 8165958 Expediente: 0526644/25-7</p><p>Certificado de Boas Práticas de Fabricação de Produtos para Saúde: Materiais de uso médico da classe III.</p><p>Motivo: Subsidiado por relatório de inspeção, requisito necessário para decisão do ato.</p><p>Data de validade: 06/11/2027</p><p>-------------------------------------------</p><p>Empresa: Nutriex Indústria de Nutracêuticos Ltda. CNPJ: 22.966.065/0001-29</p><p>Endereço: Avenida Brasil, n⁰ 505, Quadra Área, Lote 01, Galpão 02 - Jardim da Luz, Goiânia - GO CEP: 74850-545</p><p>Autorização de Funcionamento: 8214931 Expediente: 0823677/25-7</p><p>Certificado de Boas Práticas de Fabricação de Produtos para Saúde: Materiais de uso médico da classe III.</p><p>Motivo: Subsidiado por relatório de inspeção, requisito necessário para decisão do ato.</p><p>Data de validade: 05/02/2028</p>]]></Texto>
  </body>
  <Midias />
</article></xml>