﻿<xml><article id="46232155" name="Extrato autorizacao 29-10-25" idOficio="11378001" pubName="DO1" artType="Ato" pubDate="03/11/2025" artClass="00014:00019:00014:00158:00007:00000:00000:00000:00000:00000:00006:00000" artCategory="Ministério das Comunicações/Agência Nacional de Telecomunicações/Superintendência de Fiscalização/Gerência Regional nos Estados da Bahia e Sergipe/Coordenação de Processo de Outorga e Recursos à Prestação" artSize="12" artNotes="" numberPage="29" pdfPage="http://pesquisa.in.gov.br/imprensa/jsp/visualiza/index.jsp?data=03/11/2025&amp;jornal=515&amp;pagina=29" editionNumber="209" highlightType="" highlightPriority="" highlight="" highlightimage="" highlightimagename="" idMateria="23273088">
  <body>
    <Identifica><![CDATA[ ATOS DE 29 DE OUTUBRO DE 2025]]></Identifica>
    <Data><![CDATA[]]></Data>
    <Ementa />
    <Titulo />
    <SubTitulo />
    <Texto><![CDATA[<p class="identifica">ATOS DE 29 DE OUTUBRO DE 2025</p><p>Nº 16.026 - Extinguir, por cassação, a outorga do serviço de Interesse Restrito, notificado para o serviço Móvel Aeronáutico, titulada pela entidade MARIO ALESSANDRO GONTIJO DE MELO, CPF nº ***.645.306-**, tendo em vista a perda de condição indispensável à manutenção da autorização, com fulcro no art. 139 da Lei n.º 9.472, de 16 de julho de 1997.</p><p>Nº 16.046 - Extinguir, por cassação, a outorga do serviço de Interesse Restrito, notificado para o serviço Rádio do Cidadão, titulada pela entidade RAIMUNDO AZEVEDO LIMA, CPF nº ***.662.578-**, tendo em vista o vencimento da autorização do direito de uso da radiofrequência em 30/07/2012, em consonância com o art. 139, parágrafo único, c/c 169 da Lei nº 9.472/1997 (Lei Geral de Telecomunicações - LGT).</p><p class="assina">FÁBIO ALEXANDRE OLIVEIRA LAGO</p><p class="cargo">Gerente</p>]]></Texto>
  </body>
  <Midias />
</article></xml>