﻿<xml><article id="46230006" name="2025-10-31/11377454/ANMWS_232717" idOficio="11377454" pubName="DO1" artType="Despacho" pubDate="03/11/2025" artClass="00035:00044:00050:00000:00000:00000:00000:00000:00000:00000:00024:07273" artCategory="Ministério de Minas e Energia/Agência Nacional de Mineração/Superintendência de Outorga de Títulos Minerários" artSize="12" artNotes="" numberPage="75" pdfPage="http://pesquisa.in.gov.br/imprensa/jsp/visualiza/index.jsp?data=03/11/2025&amp;jornal=515&amp;pagina=75" editionNumber="209" highlightType="" highlightPriority="" highlight="" highlightimage="" highlightimagename="" idMateria="23271784">
  <body>
    <Identifica><![CDATA[                                                                                                                                                              Alvará nº 7.273, de 30 de OUTUBRO de 2025]]></Identifica>
    <Data><![CDATA[]]></Data>
    <Ementa />
    <Titulo />
    <SubTitulo />
    <Texto><![CDATA[<p class="identifica">Alvará nº 7.273, de 30 de OUTUBRO de 2025</p><p>Fase de Autorização de Pesquisa</p><p>O SUPERINTENDENTE DE OUTORGA DE TÍTULOS MINERÁRIOS, SUBSTITUTO DA AGÊNCIA NACIONAL DE MINERAÇÃO, no uso da competência delegada pela Resolução ANM n° 211/2025 e com fundamento no art. 15, do Decreto-lei n° 227, de 28 de fevereiro de 1967, (Código de Mineração), e na Lei 13.575/2017, outorga o seguinte Alvará de Pesquisa, prazo 2 ano(s), vigência a partir dessa publicação: (322)</p><p>48076.896171/2025-38-ARGILA MINERACAO LTDA (Documento SEI: 18294797)</p><p class="assina">Wagner da Silva Siqueira</p>]]></Texto>
  </body>
  <Midias />
</article></xml>