﻿<xml><article id="46236972" name="Int_Desp_3.205_2025_DIR" idOficio="11379355" pubName="DO1" artType="Despacho" pubDate="03/11/2025" artClass="00035:00043:00021:00000:00000:00000:00000:00000:00000:00000:00024:00000" artCategory="Ministério de Minas e Energia/Agência Nacional de Energia Elétrica/Diretoria Colegiada" artSize="12" artNotes="" numberPage="72" pdfPage="http://pesquisa.in.gov.br/imprensa/jsp/visualiza/index.jsp?data=03/11/2025&amp;jornal=515&amp;pagina=72" editionNumber="209" highlightType="" highlightPriority="" highlight="" highlightimage="" highlightimagename="" idMateria="23276541">
  <body>
    <Identifica><![CDATA[ DESPACHO Nº 3.205, DE 28 DE OUTUBRO DE 2025]]></Identifica>
    <Data><![CDATA[]]></Data>
    <Ementa />
    <Titulo />
    <SubTitulo />
    <Texto><![CDATA[<p class="identifica">DESPACHO Nº 3.205, DE 28 DE OUTUBRO DE 2025</p><p>O DIRETOR GERAL DA AGÊNCIA NACIONAL DE ENERGIA ELÉTRICA - ANEEL, no uso das suas atribuições regimentais, tendo em vista a deliberação da Diretoria e o que consta do Processo nº 48500.903638/2024-73, decide</p><p>declarar extinto e consequentemente arquivar o presente processo, que trata do Requerimento Administrativo protocolado pelo Concessão Metroviária do Rio de Janeiro S.A. - MetrôRio, cadastrada sob o CNPJ 02.327.817/0001-02, para incorporação, operação e manutenção de rede particular pela Light Serviços de Eletricidade S.A., cadastrada sob o CNPJ 60.444.437/0001-46, nos termos do art. 52 da Lei nº 9.784/1999, do art. 69 da Norma de Organização ANEEL nº 001 e da alínea "e" do § 1º do art. 28 da Norma de Organização ANEEL nº 56, em face de o objeto da decisão restar prejudicado por fato superveniente, qual seja, a assinatura de termo de acordo entre a Concessão Metroviária do Rio de Janeiro S.A. - MetrôRio, Light Serviços de Eletricidade S.A..</p><p class="assina">SANDOVAL DE ARAUJO FEITOSA NETO</p>]]></Texto>
  </body>
  <Midias />
</article></xml>