﻿<xml><article id="46232855" name="Aut-680_2025" idOficio="11378286" pubName="DO1" artType="Autorização" pubDate="03/11/2025" artClass="00035:00045:00048:00000:00000:00000:00000:00000:00000:00000:00012:00000" artCategory="Ministério de Minas e Energia/Agência Nacional do Petróleo, Gás Natural e Biocombustíveis/Superintendência de Distribuição e Logística" artSize="12" artNotes="" numberPage="76" pdfPage="http://pesquisa.in.gov.br/imprensa/jsp/visualiza/index.jsp?data=03/11/2025&amp;jornal=515&amp;pagina=76" editionNumber="209" highlightType="" highlightPriority="" highlight="" highlightimage="" highlightimagename="" idMateria="23273383">
  <body>
    <Identifica><![CDATA[ AUTORIZAÇÃO SDL-ANP Nº 680, DE 31 DE OUTUBRO DE 2025]]></Identifica>
    <Data><![CDATA[]]></Data>
    <Ementa />
    <Titulo />
    <SubTitulo />
    <Texto><![CDATA[<p class="identifica">AUTORIZAÇÃO SDL-ANP Nº 680, DE 31 DE OUTUBRO DE 2025</p><p>O SUPERINTENDENTE DE DISTRIBUIÇÃO E LOGÍSTICA da AGÊNCIA NACIONAL DO PETRÓLEO, GÁS NATURAL E BIOCOMBUSTÍVEIS - ANP, no uso das atribuições que lhe foram conferidas pela Portaria ANP nº 265, de 10 de setembro de 2020, tendo em vista o disposto na Lei nº 9.478, de 6 de agosto de 1997, considerando as disposições da Resolução ANP nº 950, de 5 de outubro de 2023, e considerando o que consta no Processo nº 48610.215684/2025-57, resolve: autorizar a empresa ROYAL FIC DISTRIBUIDORA DE DERIVADOS DE PETRÓLEO SA, CNPJ nº 01.349.764/0016-36, a exercer a atividade de filial de distribuição de combustíveis líquidos, exceto combustíveis de aviação (AEA Filial). Fica revogada a Autorização nº 687, de 9 de julho de 2018.</p><p class="assina">DIOGO VALERIO</p>]]></Texto>
  </body>
  <Midias />
</article></xml>