﻿<xml><article id="46231960" name="resolucao_4327_2025 GGTOX" idOficio="11377950" pubName="DO1" artType="Resolução" pubDate="03/11/2025" artClass="00047:00048:00015:00011:00000:00000:00000:00000:00000:00000:00064:34327" artCategory="Ministério da Saúde/Agência Nacional de Vigilância Sanitária/3ª Diretoria/Gerência-Geral de Toxicologia" artSize="12" artNotes="" numberPage="126" pdfPage="http://pesquisa.in.gov.br/imprensa/jsp/visualiza/index.jsp?data=03/11/2025&amp;jornal=515&amp;pagina=126" editionNumber="209" highlightType="" highlightPriority="" highlight="" highlightimage="" highlightimagename="" idMateria="23272849">
  <body>
    <Identifica><![CDATA[ RESOLUÇÃO-RE Nº 4.327, DE 30 DE OUTUBRO DE 2025]]></Identifica>
    <Data><![CDATA[]]></Data>
    <Ementa />
    <Titulo />
    <SubTitulo />
    <Texto><![CDATA[<p class="identifica">RESOLUÇÃO-RE Nº 4.327, DE 30 DE OUTUBRO DE 2025</p><p>A GERENTE-GERAL DE TOXICOLOGIA DA AGÊNCIA NACIONAL DE VIGILÂNCIA SANITÁRIA no uso das atribuições que lhe confere o art.114, aliado ao art. 203, I, § 1º do Regimento Interno aprovado pela Resolução da Diretoria Colegiada - RDC nº 585, de 10 de dezembro de 2021, resolve:</p><p>Art. 1º Aprovar os atos de avaliação toxicológica para fins de registro de produtos agrotóxicos, componentes e afins, identificados no anexo, com o respectivo resultado da análise.</p><p>Art. 2º A publicação do extrato deste informe de avaliação toxicológica não exime a requerente do cumprimento das demais avaliações procedidas pelos órgãos responsáveis pelas áreas de agricultura e de meio ambiente, conforme legislação vigente no país, aplicável ao objeto do requerimento.</p><p>Art. 3º Esta Resolução entra em vigor na data de sua publicação.</p><p class="assina">CÁSSIA DE FÁTIMA RANGEL FERNANDES</p><p class="anexo">ANEXO</p><p>RAZÃO SOCIAL - CNPJ</p><p>MARCA COMERCIAL</p><p>NÚMERO DO PROCESSO</p><p>PETIÇÃO(ÕES), EXPEDIENTE(S)</p><p>CLASSificação TOXICOLÓGICA</p><p>-----------------------------</p><p>AGRIBIOL - BIOLOGICOS AGRICOLAS LTDA - 46.345.535/0001-03</p><p>ACCURATE PLUS</p><p>25351.015778/2025-21</p><p>5064 - Produto Fitossanitário Aprovado para Agricultura Orgânica - Avaliação toxicológica de produto baseado em especificação de referência, 0146127/25-1</p><p>Categoria 5: Produto Improvável de Causar Dano Agudo</p><p>BOVEBIOL</p><p>25351.015850/2025-10</p><p>5064 - Produto Fitossanitário Aprovado para Agricultura Orgânica - Avaliação toxicológica de produto baseado em especificação de referência, 0147067/25-1</p><p>Categoria 5: Produto Improvável de Causar Dano Agudo</p><p>METATOP</p><p>25351.015866/2025-22</p><p>5064 - Produto Fitossanitário Aprovado para Agricultura Orgânica - Avaliação toxicológica de produto baseado em especificação de referência, 0147269/25-3</p><p>Categoria 5: Produto Improvável de Causar Dano Agudo</p><p>-----------------------------</p><p>BAYER S.A. - 18.459.628/0001-15</p><p>ICAFOLIN-METHYL TÉCNICO</p><p>25351.414050/2024-05</p><p>5003 - Produto Técnico Novo - Avaliação toxicológica de produto com Ingrediente Ativo ainda não registrado no País, 1322974/24-1</p><p>Produto Técnico</p><p>-----------------------------</p><p>KINGDOM LTDA - 48.742.775/0001-69</p><p>AZACHEM</p><p>25351.460802/2024-00</p><p>5064 - Produto Fitossanitário Aprovado para Agricultura Orgânica - Avaliação toxicológica de produto baseado em especificação de referência, 1750040/24-7</p><p>Categoria 5: Produto Improvável de Causar Dano Agudo</p><p>-----------------------------</p><p>NELLTY DO BRASIL COMERCIO, IMPORTAÇÃO, EXPORTAÇÃO, REGULAMENTAÇÃO E REGISTRO LTDA - ME - 05.308.212/0001-54</p><p>STAY UP</p><p>25351.472530/2022-11</p><p>5066 - Produto Formulado Novo - Avaliação toxicológica de produto com Ingrediente Ativo ainda não registrado no País, 4866372/22-2</p><p>Categoria 4 - Pouco Tóxico</p><p>-----------------------------</p><p>PROREGISTROS REGISTROS DE PRODUTOS LTDA - 05.617.846/0001-99</p><p>CLETODIM PRÉ-MISTURA SA</p><p>25351.757622/2020-14</p><p>5061 - Pré-Mistura - Avaliação toxicológica de pré-mistura, 2554260/20-6</p><p>Categoria 5 - Produto Improvável de Causar Dano Agudo</p><p>-----------------------------</p><p>Solatus Biotecnologia e Insumos Ltda. - 39.878.397/0001-54</p><p>SLT - 25</p><p>25351.460831/2024-63</p><p>5064 - Produto Fitossanitário Aprovado para Agricultura Orgânica - Avaliação toxicológica de produto baseado em especificação de referência, 1750240/24-6</p><p>Categoria 5: Produto Improvável de Causar Dano Agudo</p>]]></Texto>
  </body>
  <Midias />
</article></xml>