﻿<xml><article id="46239886" name="resolucao_4346_2025 GGFIS" idOficio="11379573" pubName="DO1" artType="Resolução" pubDate="03/11/2025" artClass="00047:00048:00016:00006:00000:00000:00000:00000:00000:00000:00064:34346" artCategory="Ministério da Saúde/Agência Nacional de Vigilância Sanitária/4ª Diretoria/Gerência-Geral de Inspeção e Fiscalização Sanitária" artSize="12" artNotes="" numberPage="133" pdfPage="http://pesquisa.in.gov.br/imprensa/jsp/visualiza/index.jsp?data=03/11/2025&amp;jornal=515&amp;pagina=133" editionNumber="209" highlightType="" highlightPriority="" highlight="" highlightimage="" highlightimagename="" idMateria="23276999">
  <body>
    <Identifica><![CDATA[ RESOLUÇÃO-RE Nº 4.346, de 31 DE Outubro DE 2025]]></Identifica>
    <Data><![CDATA[]]></Data>
    <Ementa />
    <Titulo />
    <SubTitulo />
    <Texto><![CDATA[<p class="identifica">RESOLUÇÃO-RE Nº 4.346, de 31 DE Outubro DE 2025</p><p>O GERENTE-GERAL DE INSPEÇÃO E FISCALIZAÇÃO SANITÁRIA DA AGÊNCIA NACIONAL DE VIGILÂNCIA SANITÁRIA, no uso das atribuições que lhe confere o art. 140, aliado ao art. 203, I, § 1º do Regimento Interno aprovado pela Resolução da Diretoria Colegiada - RDC nº 585, de 10 de dezembro de 2021, e</p><p>considerando o cumprimento dos requisitos dispostos no art. 39, da Resolução da Diretoria Colegiada - RDC nº 497, de 20 de maio de 2021, resolve:</p><p>Art. 1º Renovar a Certificação de Boas Práticas de Fabricação de Insumos Farmacêuticos Ativos das empresas constantes no anexo, por meio de sua renovação automática.</p><p>Art. 2º Esta Resolução entra em vigor na data de 6 de novembro de 2025.</p><p class="assina">Marcus AurÉlio Miranda de AraÚjo</p><p class="anexo">ANEXO</p><p>Fabricante: Orchid Pharma Ltd.</p><p>Endereço: Plot no 121-128, 128A-133, 138-151, 159-164, SIDCO Industrial Estate, Alathur, Chengalpattu District, Tamil Nadu - 603 110.</p><p>País: Índia Código Único: B.000108</p><p>Expediente(s): 0385207/25-5</p><p>Certificado de Boas Práticas de Fabricação de Insumos Farmacêuticos Ativos:</p><p>Insumos farmacêuticos ativos obtidos por semissíntese (classe cefalosporínicos): ceftriaxona sódica, cefalotina sódica (etapas de síntese química e esterilização).</p><p>Data de Vencimento: 06/11/2027</p><p>----------------------------------------------------------------------------------------------------</p><p>Fabricante: Cohance Lifesciences Limited</p><p>Endereço: R.S. 50/1, Mukteswarapuram Village, Jaggaiahpet Mandal, Krishna District-521 175. Andhra Pradesh.</p><p>País: Índia Código único: B.000466</p><p>Expediente(s): 0590180/25-8</p><p>Certificado de Boas Práticas de Fabricação de Insumos Farmacêuticos Ativos:</p><p>Insumo farmacêutico ativo obtido por síntese química: cloridrato de midazolam.</p><p>Data de Vencimento: 06/11/2027</p>]]></Texto>
  </body>
  <Midias />
</article></xml>