﻿<xml><article id="46232236" name="2025-10-31/11378052/ANMWS_232730" idOficio="11378052" pubName="DO1" artType="Despacho" pubDate="03/11/2025" artClass="00035:00044:00026:00000:00000:00000:00000:00000:00000:00000:00024:00256" artCategory="Ministério de Minas e Energia/Agência Nacional de Mineração/Gerência Regional da ANM no Estado de Santa Catarina" artSize="12" artNotes="" numberPage="73" pdfPage="http://pesquisa.in.gov.br/imprensa/jsp/visualiza/index.jsp?data=03/11/2025&amp;jornal=515&amp;pagina=73" editionNumber="209" highlightType="" highlightPriority="" highlight="" highlightimage="" highlightimagename="" idMateria="23273099">
  <body>
    <Identifica><![CDATA[ despachoRelação  Nº  256/2025]]></Identifica>
    <Data><![CDATA[]]></Data>
    <Ementa />
    <Titulo />
    <SubTitulo />
    <Texto><![CDATA[<p class="identifica">despachoRelação Nº 256/2025</p><p>Fase de Concessão de Lavra</p><p>Determina cumprimento de exigência - Prazo 60 dias(470)</p><p>809.746/1972-AGUAS MORNAS MINERADORA LTDA-OF. N°43518/2025/DIVFIS-SC/ANM</p><p>Fase de Licenciamento</p><p>Determina cumprimento de exigência - Prazo 30 dias(718)</p><p>815.648/2017-NEI MATERIAL DE CONSTRUCAO LTDA-OF. N°44010/2025/COROUT-SC/ANM</p><p>815.087/2018-FISCHER S/A - AGROINDUSTRIA-OF. N°44026/2025/COROUT-SC/ANM</p><p>Fase de Registro de Extração</p><p>Determina cumprimento de exigência - Prazo 30 dias(954)</p><p>815.802/2007-MUNICIPIO DE URUSSANGA-OF. N°43844/2025/COROUT-SC/ANM</p><p>815.648/2018-MUNICIPIO DE URUBICI-OF. N°43900/2025/COROUT-SC/ANM</p><p>815.647/2018-MUNICIPIO DE URUBICI-OF. N°43904/2025/COROUT-SC/ANM</p><p>Autoriza prorrogação do prazo do Registro de Extração por 05 anos(927)</p><p>815.802/2007-MUNICIPIO DE URUSSANGA-Registro de Extração N°13/2007 de 29/10/2025</p><p>815.648/2018-MUNICIPIO DE URUBICI-Registro de Extração N°13/2019 de 29/10/2025</p><p>815.647/2018-MUNICIPIO DE URUBICI-Registro de Extração N°14/2019 de 29/10/2025</p><p>Fase de Requerimento de Lavra</p><p>Determina cumprimento de exigência - Prazo 60 dias(361)</p><p>815.409/2018-VALDIR BALDO-OF. N°43908/2025/COROUT-SC/ANM</p><p>Fase de Requerimento de Registro de Extração</p><p>Determina cumprimento de exigência - Prazo 30 dias(825)</p><p>815.326/2025-MUNICIPIO DE LUIZ ALVES-OF. N°43827/2025/COROUT-SC/ANM</p><p class="assina">JOSE AUGUSTO SIMOES NETO</p><p class="cargo">Gerente</p>]]></Texto>
  </body>
  <Midias />
</article></xml>