﻿<xml><article id="46240777" name="PT SAES NA 3420" idOficio="11379683" pubName="DO1" artType="Portaria" pubDate="03/11/2025" artClass="00047:00037:00000:00000:00000:00000:00000:00000:00000:00000:00017:00029" artCategory="Ministério da Saúde/Secretaria de Atenção Especializada à Saúde" artSize="12" artNotes="" numberPage="90" pdfPage="http://pesquisa.in.gov.br/imprensa/jsp/visualiza/index.jsp?data=03/11/2025&amp;jornal=515&amp;pagina=90" editionNumber="209" highlightType="" highlightPriority="" highlight="" highlightimage="" highlightimagename="" idMateria="23277323">
  <body>
    <Identifica><![CDATA[ Portaria SAES/MS Nº 3.420, DE 30 DE outubro DE 2025]]></Identifica>
    <Data><![CDATA[]]></Data>
    <Ementa><![CDATA[ Renova a autorização de Banco de Tecido Ocular Humano.]]></Ementa>
    <Titulo />
    <SubTitulo />
    <Texto><![CDATA[<p class="identifica">Portaria SAES/MS Nº 3.420, DE 30 DE outubro DE 2025</p><p class="ementa">Renova a autorização de Banco de Tecido Ocular Humano.</p><p>O SECRETÁRIO DE ATENÇÃO ESPECIALIZADA À SAÚDE, no uso das atribuições que lhe confere o Decreto nº 11.798, de 28 de novembro de 2023, alterado pelo Decreto nº 12.489, de 04 de junho de 2025, resolve:</p><p>Art. 1º Fica concedida renovação de autorização ao Banco de Tecido Ocular Humano do estabelecimento de saúde a seguir identificado:</p><p>BANCO DE TECIDO OCULAR HUMANO: 24.13</p><p>ALAGOAS</p><p /><p></p><table><tr /><tr><td rowspan="1" colspan="1"><p>Nº do SNT: 3 51 19 AL 01</p></td></tr><tr><td rowspan="1" colspan="1"><p>I - denominação: Hospital Universitário Professor Alberto Antunes / Ministério da Educação</p></td></tr><tr><td rowspan="1" colspan="1"><p>II - CNPJ: 24.464.109/0002-29</p></td></tr><tr><td rowspan="1" colspan="1"><p>III - CNES: 2006197</p></td></tr><tr><td rowspan="1" colspan="1"><p>IV - endereço: Avenida Lourival Melo Mota, S/N, Bairro: Tabuleiro do Martins, Maceió/AL, CEP: 57072-900.</p></td></tr></table><p /><p></p><table><tr /><tr><td rowspan="1" colspan="1"><p>Responsável Técnico: Andrea Maria Cavalcante Santos, oftalmologista, CRM 3656 - AL;</p></td></tr><tr><td rowspan="1" colspan="1"><p>Responsável Técnico Substituto: Vitor Leão de Carvalho, Oftalmologista, CRM 6019 - AL.</p></td></tr></table><p>Art. 2º A renovação de autorização concedida por meio desta Portaria, nos termos da Nota Técnica nº 104/2025-CGSNT/DAET/SAES/MS, constante no NUP/SEI 25000.186395/2025-16, terá validade de 2 (dois) anos.</p><p>Art. 3º Esta Portaria entra em vigor na data de sua publicação.</p><p class="assina">MOZART JULIO TABOSA SALES</p>]]></Texto>
  </body>
  <Midias />
</article></xml>