﻿<xml><article id="46240273" name="Altera regimento interno Fundace" idOficio="11379595" pubName="DO1" artType="Portaria" pubDate="03/11/2025" artClass="00048:00058:00000:00000:00000:00000:00000:00000:00000:00000:00054:00000" artCategory="Ministério do Trabalho e Emprego/Fundação Jorge Duprat Figueiredo, de Segurança e Medicina do Trabalho" artSize="12" artNotes="" numberPage="149" pdfPage="http://pesquisa.in.gov.br/imprensa/jsp/visualiza/index.jsp?data=03/11/2025&amp;jornal=515&amp;pagina=149" editionNumber="209" highlightType="" highlightPriority="" highlight="" highlightimage="" highlightimagename="" idMateria="23277088">
  <body>
    <Identifica><![CDATA[ PORTARIA FUNDACENTRO Nº 1.750, DE 30 DE OUTUBRO DE 2025]]></Identifica>
    <Data><![CDATA[]]></Data>
    <Ementa><![CDATA[Aprovar o Regimento Interno e o Quadro Demonstrativo de Cargos em Comissão e das Funções de Confiança da Fundação Jorge Duprat Figueiredo de Segurança e Medicina do Trabalho - Fundacentro.]]></Ementa>
    <Titulo />
    <SubTitulo />
    <Texto><![CDATA[<p class="identifica">PORTARIA FUNDACENTRO Nº 1.750, DE 30 DE OUTUBRO DE 2025</p><p class="ementa">Aprovar o Regimento Interno e o Quadro Demonstrativo de Cargos em Comissão e das Funções de Confiança da Fundação Jorge Duprat Figueiredo de Segurança e Medicina do Trabalho - Fundacentro.</p><p>O PRESIDENTE DA FUNDAÇÃO JORGE DUPRAT FIGUEIREDO DE SEGURANÇA E MEDICINA DO TRABALHO, no uso das atribuições que lhe foram conferidas pelo art. 12 do Estatuto aprovado pelo Decreto nº 10.096, de 6 de novembro de 2019, alterado pelo Decreto nº 10.925, de 31 de dezembro de 2021, alterado pelo Decreto nº 12.580, de 6 de agosto de 2025, e</p><p>CONSIDERANDO as incumbências previstas no Art. 6º e no inciso X do Art. 12 do Decreto nº 10.096 de 6 de novembro de 2019 e</p><p>CONSIDERANDO o constante dos autos do processo nº 47648.001501/2021-02,</p><p>CONSIDERANDO o constante dos autos do processo nº 47648.000787/2023-62,</p><p>CONSIDERANDO o constante dos autos do processo nº 47648.000950/2025-59,</p><p>resolve:</p><p>Art. 1º Aprovar, na forma dos Anexos I e II desta Portaria, o Regimento Interno e o Quadro Demonstrativo dos Cargos em Comissão e das Funções de Confiança da Fundação Jorge Duprat Figueiredo de Segurança e Medicina do Trabalho - FUNDACENTRO.</p><p>Art. 2º Ficam revogadas as seguintes portarias:</p><p>I - Portaria nº 752, de 17 de janeiro de 2022.</p><p>II - Portaria nº 848, de 01 de junho de 2022.</p><p>III - Portaria nº 854, de 09 de junho de 2022.</p><p>IV - Portaria nº 1089, de 15 de junho de 2023.</p><p>V - Portaria nº 1094, de 19 de junho de 2023.</p><p>VI - Portaria nº 1098, de 23 de junho de 2023.</p><p>VII - Portaria nº 1108, de 07 de julho de 2023.</p><p>VIII - Portaria nº 1201, de 25 de outubro de 2023.</p><p>IX - Portaria nº 1213, de 07 de novembro de 2023.</p><p>X - Portaria nº 1263, de 22 de janeiro de 2024.</p><p>XI - Portaria nº 1318, de 25 de março de 2024.</p><p>XII - Portaria nº 1343, de 07 de maio de 2024.</p><p>XIII - Portaria nº 1359, de 05 de junho de 2024.</p><p>XIV - Portaria nº 1373, de 01 de julho de 2024.</p><p>XV - Portaria nº 1431, de 26 de agosto de 2024.</p><p>Art. 3º Esta Portaria entra em vigor em sete dias úteis após a sua publicação.</p><p>ANEXO I</p><p>REGIMENTO INTERNO DA FUNDAÇÃO JORGE DUPRAT FIGUEIREDO, DE SEGURANÇA E MEDICINA DO TRABALHO - FUNDACENTRO</p><p>CAPÍTULO I</p><p>DA CATEGORIA, SEDE E FINALIDADE</p><p>Art. 1º A Fundação Jorge Duprat Figueiredo, de Segurança e Medicina do Trabalho - Fundacentro, instituída na forma da Lei nº 5.161, de 21 de outubro de 1966, com prazo de duração indeterminado e sede e foro na cidade de São Paulo, vinculada ao Ministério do Trabalho e Emprego, reger-se-á por seu Estatuto e por este Regimento Interno.</p><p>§ 1º A Fundacentro goza de autonomia didático-científica, administrativa e de gestão financeira e patrimonial, conforme dispõe o § 2º do art. 207 da Constituição.</p><p>§ 2º A Fundacentro é uma fundação de natureza jurídica de Direito Público.</p><p>Art. 2º A Fundacentro tem por finalidade a realização de estudos e pesquisas pertinentes aos problemas de segurança, higiene, meio ambiente e medicina do trabalho e, especialmente:</p><p>I - pesquisar e analisar o meio ambiente do trabalho e do trabalhador, para a identificação das causas dos acidentes e das doenças no trabalho;</p><p>II - realizar estudos, testes e pesquisas relacionados com a avaliação e o controle de medidas, métodos e de equipamentos de proteção coletiva e individual do trabalhador;</p><p>III - desenvolver e executar programas de formação, aperfeiçoamento e especialização de mão-de-obra profissional, relacionados com as condições de trabalho nos aspectos de saúde, segurança, higiene e meio ambiente do trabalho e do trabalhador;</p><p>IV - promover atividades relacionadas com o treinamento e a capacitação profissional de trabalhadores e empregadores;</p><p>V - prestar:</p><p>a) apoio técnico aos órgãos responsáveis pela política nacional de segurança, higiene e medicina do trabalho; e</p><p>b) orientação a órgãos públicos, entidades privadas e sindicais, com vistas ao estabelecimento e à implementação de medidas preventivas e corretivas de segurança, higiene e medicina do trabalho;</p><p>VI - realizar estudos que visem ao estabelecimento de padrões de eficiência e qualidade referentes às condições de saúde, segurança, higiene e meio ambiente do trabalho e do trabalhador; e</p><p>VII - exercer outras atividades técnicas e administrativas que lhe sejam cometidas pelo Ministro de Estado do Trabalho e Emprego.</p><p>Parágrafo único. A Fundacentro poderá, para a consecução de sua finalidade, celebrar convênios, contratos, acordos ou ajustes com a União, os Estados, o Distrito Federal e os Municípios, as universidades e os estabelecimentos de ensino e com outras entidades públicas ou privadas, nacionais, estrangeiras ou internacionais, para o fim de obter ou prestar colaboração e assistência em atividades destinadas à promoção e ao desenvolvimento de programas e projetos nas áreas de sua competência.</p><p>CAPÍTULO II</p><p>DA ESTRUTURA ORGANIZACIONAL</p><p>Art. 3º A Fundacentro tem a seguinte estrutura organizacional:</p><p>I - Órgão Colegiado Consultivo: Conselho Curador;</p><p>II - Órgãos de Assistência Direta e Imediata ao Presidente:</p><p>a) Gabinete;</p><p>1. Coordenação de Estratégia, Inovação e Parcerias; e</p><p>b) Serviço de Comunicação Institucional.</p><p>III - Órgãos Seccionais:</p><p>a) Procuradoria Federal;</p><p>b) Auditoria Interna; e</p><p>c) Corregedoria.</p><p>IV - Diretorias:</p><p>a) Diretoria de Administração e Finanças:</p><p>1. Coordenação-Geral de Gestão Estratégica de Pessoas:</p><p>1.1. Coordenação Operacional de Administração de Pessoas;</p><p>2. Coordenação de Administração;</p><p>3. Coordenação de Orçamento e Finanças.</p><p>b) Diretoria de Pesquisa Aplicada:</p><p>1. Coordenação-Geral de Projetos;</p><p>2. Coordenação-Geral Técnica dos Laboratórios:</p><p>2.1 Coordenação de Sistema de Qualidade de Ensaios de EPIs;</p><p>2.2 Coordenação de Controle Operacional;</p><p>2.3 Coordenação de Apoio à Pesquisa.</p><p>c) Diretoria de Conhecimento e Tecnologia:</p><p>1. Coordenação de Tecnologia da Informação e Comunicação;</p><p>2. Coordenação de Difusão de Conhecimento e Educação;</p><p>3. Coordenação de Pós-graduação.</p><p>V - Unidades Descentralizadas:</p><p>a) Escritórios Avançados:</p><p>1. Escritório Avançado na Baixada Santista;</p><p>2. Escritório Avançado em Campinas;</p><p>3. Escritório Avançado no Distrito Federal;</p><p>4. Escritório Avançado na Bahia;</p><p>5. Escritório Avançado em Minas Gerais;</p><p>6. Escritório Avançado em Pernambuco;</p><p>7. Escritório Avançado em Santa Catarina;</p><p>8. Escritório Avançado no Espírito Santo;</p><p>9. Escritório Avançado no Pará;</p><p>10. Escritório Avançado no Paraná;</p><p>11. Escritório Avançado no Rio de Janeiro; e</p><p>12. Escritório Avançado no Rio Grande do Sul.</p><p>CAPÍTULO III</p><p>DA DIREÇÃO</p><p>Art. 4º A Fundacentro é dirigida por um Presidente e três Diretores.</p><p>CAPÍTULO IV</p><p>DO ÓRGÃO COLEGIADO</p><p>Da Composição e Funcionamento</p><p>Art. 5º O Conselho Curador, órgão consultivo da Fundacentro, é constituído por nove membros e tem a seguinte composição:</p><p>I - Secretário Executivo do Ministério do Trabalho e Emprego;</p><p>II - Presidente da Fundacentro;</p><p>III - um diretor da Fundacentro, indicado pelo Presidente da Fundacentro;</p><p>IV - dois membros indicados pelo Ministro de Estado do Trabalho e Emprego;</p><p>V - dois representantes dos empregadores; e</p><p>VI - dois representantes dos trabalhadores.</p><p>§ 1º Comporão também o Conselho Curador, sem direito a voto, os demais diretores, o Procurador Chefe e o Auditor Chefe da Fundacentro.</p><p>§ 2º Os membros de que tratam os incisos IV a VI do caput terão suplentes, indicados do mesmo modo que o titulares.</p><p>§ 3º Os membros de que tratam os incisos V e VI serão indicados por entidades, de âmbito nacional, representativas, conforme o caso, dos empregadores ou dos trabalhadores, em acordo com norma do Ministro de Estado do Trabalho e Emprego.</p><p>§ 4º Os membros titulares poderão se fazer representar por seus suplentes nas suas ausências e impedimentos ou, no caso dos membros natos, pelos substitutos no cargo.</p><p>§ 5º Compete ao Ministro de Estado do Trabalho e Emprego designar os membros do Conselho Curador de que tratam os incisos IV a VI do caput.</p><p>Art. 6º A Presidência do Conselho Curador será exercida pelo Presidente da Fundacentro.</p><p>Art. 7º O Conselho Curador reunir-se-á na sede da Fundacentro ou em local designado pelo Presidente ordinariamente, uma vez a cada seis meses e, extraordinariamente, quando convocado pelo seu Presidente ou mediante requerimento aprovado por mais da metade de seus membros.</p><p>§ 1º As reuniões do Conselho Curador serão instaladas com a presença da maioria absoluta de seus membros.</p><p>§ 2º As deliberações serão tomadas por maioria de votos dos presentes, cabendo ao Presidente também o voto de qualidade.</p><p>§ 3º O Presidente do Conselho Curador, em suas ausências e impedimentos, será substituído pelo Diretor indicado nos termos do inciso III do artigo 5º.</p><p>§ 4º Os representantes, titulares e suplentes, dos empregadores e trabalhadores, terão mandato de dois anos, sendo permitida uma recondução.</p><p>§ 5º Perderá automaticamente o mandato o Conselheiro que faltar a duas sessões, consecutivas ou alternadas sem se fazer representar pelo suplente.</p><p>§ 6º A participação do Conselho Curador é considerada serviço relevante, não remunerado.</p><p>§ 7º As reuniões ordinárias e extraordinárias, cujos membros estejam em entes federativos diversos, deverão ser realizadas por videoconferência, salvo se demonstrada a necessidade de reunião presencial, por inviabilidade ou inconveniência para o tema a ser apreciado.</p><p>CAPÍTULO V</p><p>DA COMPETÊNCIA DOS ÓRGÃOS</p><p>Seção I</p><p>Do Órgão Colegiado</p><p>Art. 8º Ao Conselho Curador compete:</p><p>I - manifestar-se sobre:</p><p>a) o plano de ação e a proposta orçamentária anual;</p><p>b) a prestação de contas e o relatório de gestão da Fundacentro;</p><p>c) os assuntos que lhe forem submetidos pelo Presidente ou por qualquer um de seus membros; e</p><p>II - representar ao Ministério do Trabalho e Emprego qualquer irregularidade que venha a ocorrer na administração da Fundacentro.</p><p>Seção II</p><p>Dos Órgãos de Assistência Direta e Imediata ao Presidente</p><p>Art. 9º Ao Gabinete compete:</p><p>I - assistir o Presidente em sua representação administrativa, política e social e incumbir-se do preparo e do despacho de seu expediente pessoal;</p><p>II - organizar e preparar as matérias a serem submetidas à consideração do Presidente;</p><p>III - gerenciar, coordenar e executar os demais serviços de secretaria;</p><p>IV - secretariar e elaborar as atas das reuniões do Conselho Curador;</p><p>V - emitir parecer nos assuntos que lhe forem atribuídos pelo Presidente;</p><p>VI - coordenar o trâmite documental e providenciar a publicação oficial e a divulgação de matérias;</p><p>VII - atender as demandas externas, orientando e prestando as informações necessárias, e encaminhar expedientes às áreas competentes quando for o caso;</p><p>VIII - gerenciar as instâncias e instrumentos de transparência e controle social da Fundacentro;</p><p>IX - executar as funções de Serviço de Informações ao Cidadão (SIC);</p><p>X - desempenhar as funções de ouvidoria;</p><p>XI - articular-se com as demais áreas da Fundacentro; e</p><p>XII - executar outras atividades que lhe forem cometidas pelo Presidente.</p><p>Art. 10. À Coordenação de Estratégia, Inovação e Parcerias compete:</p><p>I - coordenar, em articulação com as diretorias, as ações de inovação da Fundacentro;</p><p>II - administrar o Laboratório de Inovação da Fundacentro;</p><p>III - formalizar processos e demandas relacionadas à política de inovação da Fundacentro e ao Laboratório de Inovação da Fundacentro;</p><p>IV - implementar, sedimentar e zelar pela manutenção da política institucional de estímulo à proteção das criações, licenciamento, inovação e outras formas de transferência de tecnologia no âmbito da Fundacentro;</p><p>V - instruir processo administrativo e opinar sobre solicitação de inventor independente, que comprove depósito de pedido de patente, para adoção de invenção na forma do art. 22 da Lei nº 10.973, de 2 de dezembro de 2004, manifestando-se quanto à conveniência e à oportunidade da solicitação e à elaboração de projeto voltado à avaliação da criação para futuro desenvolvimento, incubação, utilização, industrialização e inserção no mercado;</p><p>VI - auxiliar o inventor na elaboração do pedido de registro ou o pedido de patente junto ao órgão competente e acompanhar o processo de proteção, nacional e/ou internacional, das criações desenvolvidas na instituição, e o seu licenciamento no âmbito da Fundacentro;</p><p>VII - avaliar o interesse institucional em ações que:</p><p>a) tratem de transferência de tecnologia e de exploração de criação científica ou tecnológica e de obras intelectuais passíveis de proteção em que a Fundacentro é a receptora ou licenciada; e</p><p>b) promovam a inovação tecnológica, presentes em processos que tratem do compartilhamento e/ou permissão para utilização de laboratórios, equipamentos, instrumentos, materiais e demais instalações da Fundacentro com organizações públicas e privadas em ações voltadas à inovação tecnológica;</p><p>VIII - promover as ações de transferência de tecnologia, licenciamento, industrialização e comercialização, direta ou indiretamente, mediante celebração de instrumentos contratuais e congêneres, e diligenciar toda e qualquer iniciativa que vise a esse propósito;</p><p>IX - avaliar e classificar os resultados decorrentes de atividades e projetos de pesquisa para o atendimento das disposições contidas na Lei nº 10.973, de dezembro de 2004;</p><p>X - opinar quanto à conveniência de divulgação das criações desenvolvidas na Fundacentro passíveis de proteção intelectual;</p><p>XI - acompanhar e zelar pela manutenção e defesa dos títulos de propriedade intelectual da Fundacentro;</p><p>XII - promover estudos de prospecção tecnológica, inteligência competitiva e propor estratégias para a transferência das inovações geradas pela Fundacentro à sociedade;</p><p>XIII - promover e acompanhar o relacionamento institucional da Fundacentro com organizações públicas e privadas, em especial as ações envolvendo:</p><p>a) contratos de transferência de tecnologia e de licenciamento para outorga de direito de uso ou de exploração de criação por ela desenvolvido;</p><p>b) obtenção de direito de uso ou de exploração de criação protegida;</p><p>c) prestação de serviços voltados à resolução de problemas inerentes à aplicação de novas tecnologias; e</p><p>d) acordos de parceria para realização de ações conjuntas, principalmente as que envolvam o desenvolvimento de tecnologia, produto ou processo;</p><p>XIV - representar a Fundacentro nos fóruns referentes à inovação tecnológica, em particular, aqueles que tratem de questões relativas à gestão de propriedade intelectual e transferência de tecnologia;</p><p>XV - auxiliar a Presidência na prospecção e formalização de parceria com órgãos públicos e privados, em âmbito nacional ou internacional, para cumprimento das missões institucionais da Fundacentro;</p><p>XVI - acompanhar a execução dos acordos e parcerias da Fundacentro; e</p><p>XVII - executar outras ações relacionadas à inovação e parcerias requeridas pelo Presidente.</p><p>XVIII - coordenar o processo de planejamento estratégico e de desdobramento da missão da Fundacentro em diretrizes, objetivos e metas, em conformidade com o plano plurianual e demais planos governamentais;</p><p>XIX - auxiliar as áreas da Fundacentro nos processos de planejamento tático e operacional, a partir das diretrizes estabelecidas no planejamento estratégico;</p><p>XX - coordenar a elaboração do plano de ações estratégicas;</p><p>XXI - apoiar a elaboração do plano anual operacional, constituído pelas iniciativas de projetos, atividades, cursos e eventos;</p><p>XXII - coordenar, supervisionar e monitorar a execução das atividades de planejamento estratégico;</p><p>XXIII - realizar estudos no campo da gestão estratégica e fornecer subsídios ao processo decisório da Fundacentro;</p><p>XXIV - supervisionar e monitorar as atividades de gerenciamento de riscos e controles internos executadas no âmbito da primeira linha de defesa da Fundacentro;</p><p>XXV - coordenar a elaboração da prestação de contas anual da Fundacentro e do relatório de gestão;</p><p>XXVI - executar outras atividades estratégicas determinadas pelo Presidente.</p><p>Parágrafo único. Para exercício das competências previstas neste artigo, o Coordenador de de Estratégia, Inovação e Parcerias poderá encaminhar à Presidência pedido de auxílio técnico por parte de outros órgãos públicos.</p><p>Art. 11. Ao Serviço de Comunicação Institucional compete praticar as ações que envolvam imprensa, comunicação digital, publicidade institucional, imagem institucional, comunicação interna e outros meios de comunicação e, especialmente:</p><p>I - planejar, coordenar e supervisionar as ações de comunicação social empreendidas pela Fundacentro no âmbito interno e externo, dentro dos princípios da comunicação pública, de forma integrada com o Ministério do Trabalho e Emprego;</p><p>II - receber, analisar e processar pedidos de audiências para fins jornalísticos ou de entrevistas apresentados à Instituição e a seus integrantes;</p><p>III - organizar e acompanhar as entrevistas, individuais ou coletivas, concedidas aos meios de comunicação pelo Presidente da Fundacentro e pelos demais integrantes da instituição;</p><p>IV - gerenciar, supervisionar e aprovar ações relacionadas a utilização de marca e apoio institucional;</p><p>V - zelar pela correta utilização da marca;</p><p>VI - produzir material jornalístico por meio de notas, reportagens sobre pesquisas e ações institucionais ou de matérias pré e pós-evento, para o site institucional e envio para a grande imprensa e mídia especializada;</p><p>VII - coordenar, planejar, promover e executar atividades de imprensa nas áreas de atuação da instituição, com meios de comunicação nacionais e internacionais;</p><p>VIII - gerenciar, organizar e executar a difusão de informações institucionais nos perfis da Fundacentro nas redes e mídias sociais, em articulação com as áreas responsáveis pelo conteúdo técnico;</p><p>IX - gerenciar, organizar e zelar pela manutenção das informações sempre atualizadas na página da Fundacentro na rede mundial de computadores (internet), em articulação com as áreas responsáveis pela gestão do conteúdo;</p><p>X - gerenciar a arquitetura da informação nos sítios eletrônicos da rede mundial de computadores (internet), no âmbito da Fundacentro, principalmente em atuação conjunta com o Serviço de Tecnologia da Informação - Desenvolvimento e Negócios, sem prejuízo das competências e atribuições especializadas deste;</p><p>XI - mensurar periodicamente resultados de suas atividades e a posição e imagem da instituição perante os meios de comunicação, apresentando as informações aos dirigentes; e</p><p>XII - auxiliar a Diretoria de Pesquisa Aplicada nas ações de divulgação das atividades da Revista Brasileira de Saúde Ocupacional (RBSO).</p><p>Seção III</p><p>Dos Órgãos Seccionais</p><p>Art. 12. À Auditoria Interna compete:</p><p>I - realizar auditorias nas gestões contábil, financeira, orçamentária, pessoal, patrimonial e nos processos, visando comprovar a legitimidade, legalidade e a tempestividade dos atos e nos sistemas administrativos operacionais da Fundacentro, que serão executadas em consonância com os procedimentos estabelecidos em regulamento próprio;</p><p>II - elaborar e desenvolver o Plano Anual de Atividade da Auditoria Interna (PAINT), bem como apresentar o Relatório Anual de Atividades da Auditoria Interna (RAINT), a serem encaminhados à Controladoria Geral da União (CGU);</p><p>III - orientar a Presidência sobre a adoção de ações que visem o fortalecimento da gestão e a racionalização dos controles em todas as unidades administrativas;</p><p>IV - prestar apoio ao sistema de Controle Interno do Poder Executivo e acompanhar solicitações oriundas dos órgãos de controle interno e externo, bem como a implementação das recomendações exaradas pelos referidos órgãos;</p><p>V - prestar apoio técnico às atividades de controle interno, correição, transparência e ouvidoria;</p><p>VI - avaliar se os controles internos de gestão de riscos, integridade e governança da Fundacentro estão funcionando de forma a garantir que os riscos sejam identificados e administrados; e</p><p>VII - examinar e emitir parecer sobre a prestação de contas anual da instituição.</p><p>Art. 13. À Corregedoria compete:</p><p>I - exercer as competências previstas no art. 5º do Decreto nº 5.480, de 30 de junho de 2005; e</p><p>II - identificar temas recorrentes em processos administrativos disciplinares, investigações preliminares sumárias e sindicâncias e propor à Presidência o aperfeiçoamento de rotinas e procedimentos internos para preveni-los.</p><p>Art. 14. À Procuradoria Federal junto à Fundacentro, órgão de execução da Procuradoria-Geral Federal, compete:</p><p>I - representar judicial e extrajudicialmente a Fundacentro, observadas as normas estabelecidas pela Procuradoria-Geral Federal;</p><p>II - orientar a execução da representação judicial da Fundacentro, quando estiver sob responsabilidade dos demais órgãos de execução da Procuradoria-Geral Federal;</p><p>III - exercer atividades de consultoria e de assessoramento jurídicos no âmbito da Fundacentro, aplicado, no que couber, o disposto no art. 11 da Lei Complementar nº 73, de 10 de fevereiro de 1993;</p><p>IV - auxiliar os demais órgãos de execução da Procuradoria-Geral Federal na apuração de liquidez e certeza dos créditos, de qualquer natureza, inerentes às atividades da Fundacentro, para inscrição em dívida ativa e cobrança;</p><p>V - zelar pela observância da Constituição, das leis e dos atos editados pelos poderes públicos, sob a orientação normativa da Advocacia-Geral da União e da Procuradoria-Geral Federal; e</p><p>VI - encaminhar à Advocacia-Geral da União ou à Procuradoria-Geral Federal, conforme o caso, pedido de apuração de falta funcional praticada, no exercício de suas atribuições, por seus respectivos membros.</p>]]></Texto>
  </body>
  <Midias />
</article></xml>