﻿<xml><article id="46231300" name="resolucao_4295_2025 GGLAS" idOficio="11377879" pubName="DO1" artType="Resolução" pubDate="03/11/2025" artClass="00047:00048:00016:00364:00000:00000:00000:00000:00000:00000:00064:34295" artCategory="Ministério da Saúde/Agência Nacional de Vigilância Sanitária/4ª Diretoria/Gerência de Laboratórios de Saúde Pública" artSize="12" artNotes="" numberPage="146" pdfPage="http://pesquisa.in.gov.br/imprensa/jsp/visualiza/index.jsp?data=03/11/2025&amp;jornal=515&amp;pagina=146" editionNumber="209" highlightType="" highlightPriority="" highlight="" highlightimage="" highlightimagename="" idMateria="23272419">
  <body>
    <Identifica><![CDATA[ RESOLUÇÃO-RE Nº 4.295, DE 30 DE OUTUBRO DE 2025]]></Identifica>
    <Data><![CDATA[]]></Data>
    <Ementa />
    <Titulo />
    <SubTitulo />
    <Texto><![CDATA[<p class="identifica">RESOLUÇÃO-RE Nº 4.295, DE 30 DE OUTUBRO DE 2025</p><p>A GERENTE DE LABORATÓRIOS DE SAÚDE PÚBLICA DA AGÊNCIA NACIONAL DE VIGILÂNCIA SANITÁRIA, no uso das atribuições que lhe confere o art. 138 aliado ao art. 203, I, §1º do Regimento Interno aprovado pela Resolução da Diretoria Colegiada - RDC nº 585, de 10 de dezembro de 2021, tendo em vista o disposto na Resolução da Diretoria Colegiada - RDC nº 928, de 25 de setembro de 2024, resolve:</p><p>Art. 1º Indeferir o pedido de renovação de habilitação na Rede Brasileira de Laboratórios Analíticos em Saúde (REBLAS) do(s) laboratório(s) constante(s) no anexo.</p><p>Art. 2º Esta Resolução entra em vigor na data de sua publicação.</p><p class="assina">GRAZIELA COSTA ARAÚJO</p><p class="anexo">ANEXO</p><p>NÚMERO PROCESSO</p><p>ASSUNTO PETIÇÃO EXPEDIENTE</p><p>LABORATÓRIO CNPJ</p><p>ENDEREÇO CIDADE UF</p><p>MOTIVAÇÃO INDEFERIMENTO</p><p>-------------------------------------------------------------------------------------------------------</p><p>25351.643013/2021-51</p><p>70678 - REBLAS - Renovação da Habilitação de Laboratório Analítico. 0982619/25-1</p><p>Associação Instituto de Preservação e Desenvolvimento. 26.001.891/0001-94</p><p>Av. Princesa do Sul, 1900 - Rezende. Varginha/MG</p><p>Descumprimento dos arts 4º e 11º da RDC nº 928/2024</p><p>Av Princesa do Sul, 1900 - Rezende. Varginha/MG</p>]]></Texto>
  </body>
  <Midias />
</article></xml>