﻿<xml><article id="46235962" name="ATO PORTARIA MIDR NA 3231" idOficio="11379033" pubName="DO1" artType="Portaria" pubDate="03/11/2025" artClass="00032:00001:00000:00000:00000:00000:00000:00000:00000:00000:00054:00000" artCategory="Ministério da Integração e do Desenvolvimento Regional/Gabinete do Ministro" artSize="12" artNotes="ok" numberPage="60" pdfPage="http://pesquisa.in.gov.br/imprensa/jsp/visualiza/index.jsp?data=03/11/2025&amp;jornal=515&amp;pagina=60" editionNumber="209" highlightType="" highlightPriority="" highlight="" highlightimage="" highlightimagename="" idMateria="23276131">
  <body>
    <Identifica><![CDATA[ PORTARIA MIDR Nº 3.231, DE 31 DE OUTUBRO DE 2025]]></Identifica>
    <Data><![CDATA[]]></Data>
    <Ementa><![CDATA[   Altera a denominação e a sigla de unidade da Estrutura Regimental do Ministério da Integração e do Desenvolvimento Regional.]]></Ementa>
    <Titulo />
    <SubTitulo />
    <Texto><![CDATA[<p class="identifica">PORTARIA MIDR Nº 3.231, DE 31 DE OUTUBRO DE 2025</p><p class="ementa">Altera a denominação e a sigla de unidade da Estrutura Regimental do Ministério da Integração e do Desenvolvimento Regional.</p><p>O MINISTRO DE ESTADO DA INTEGRAÇÃO E DO DESENVOLVIMENTO REGIONAL, SUBSTITUTO, no uso das atribuições que lhe confere o art. 87, parágrafo único, incisos I e II, da Constituição, e tendo em vista o disposto no Decreto nº 12.504, de 12 de junho de 2025, e no Decreto nº 9.739, de 28 de março de 2019, resolve:</p><p>Art. 1º Fica alterada a nomenclatura e a sigla da unidade da Estrutura Regimental do Ministério da Integração e do Desenvolvimento Regional, constante no Sistema de Organização e Inovação Institucional do Governo Federal, de "Serviço de Perícia Médico Oficial - SPMO" para "Serviço de Qualidade de Vida no Trabalho - SQVT", mantendo-se a mesma estrutura hierárquica.</p><p>Art. 2º Esta Portaria entra em vigor um dia útil após a data de sua publicação.</p><p class="assina">VALDER RIBEIRO DE MOURA</p>]]></Texto>
  </body>
  <Midias />
</article></xml>