﻿<xml><article id="46258638" name="Extrato 2025-11-03 - Ato 16323 (" idOficio="11381914" pubName="DO1" artType="Ato" pubDate="04/11/2025" artClass="00014:00019:00014:00154:00000:00000:00000:00000:00000:00000:00006:00000" artCategory="Ministério das Comunicações/Agência Nacional de Telecomunicações/Superintendência de Fiscalização/Gerência Regional nos Estados do Paraná e Santa Catarina" artSize="12" artNotes="" numberPage="7" pdfPage="http://pesquisa.in.gov.br/imprensa/jsp/visualiza/index.jsp?data=04/11/2025&amp;jornal=515&amp;pagina=7" editionNumber="210" highlightType="" highlightPriority="" highlight="" highlightimage="" highlightimagename="" idMateria="23279886">
  <body>
    <Identifica><![CDATA[ ATO Nº 16.323, DE 3 DE NOVEMBRO DE 2025]]></Identifica>
    <Data><![CDATA[]]></Data>
    <Ementa />
    <Titulo />
    <SubTitulo />
    <Texto><![CDATA[<p class="identifica">ATO Nº 16.323, DE 3 DE NOVEMBRO DE 2025</p><p>Processo nº 53516.002423/2025-87: Outorga à FUNDACAO PARQUE TECNOLOGICO ITAIPU - BRASIL, CNPJ nº 07.769.688/0001-18, autorização para uso de radiofrequência associada à autorização para exploração do Serviço Limitado Privado.</p><p class="assina">MARCIO ANTONIO PROTZEK</p><p class="cargo">Gerente Substituto</p>]]></Texto>
  </body>
  <Midias />
</article></xml>