﻿<xml><article id="46230021" name="PUBLICACAO_311025" idOficio="11377529" pubName="DO1" artType="Despacho" pubDate="03/11/2025" artClass="00048:00026:00005:00000:00000:00000:00000:00000:00000:00000:00024:00000" artCategory="Ministério do Trabalho e Emprego/Secretaria de Inspeção do Trabalho/Coordenação-Geral de Recursos" artSize="12" artNotes="" numberPage="148" pdfPage="http://pesquisa.in.gov.br/imprensa/jsp/visualiza/index.jsp?data=03/11/2025&amp;jornal=515&amp;pagina=148" editionNumber="209" highlightType="" highlightPriority="" highlight="" highlightimage="" highlightimagename="" idMateria="23271859">
  <body>
    <Identifica><![CDATA[ Despacho de 31 de outubro de 2025]]></Identifica>
    <Data><![CDATA[]]></Data>
    <Ementa />
    <Titulo />
    <SubTitulo />
    <Texto><![CDATA[<p class="identifica">Despacho de 31 de outubro de 2025</p><p>A Coordenadora-Geral de Recursos da Secretaria de Inspeção do Trabalho/MTE, no uso de sua competência, prevista no Art. 32, inciso I, alíneas "a", "b" e "f", anexo IX, da Portaria Nº 1.153, de 30 de outubro de 2017, com Amparo no Art. 50, §1º, da Lei 9.784/99, decidiu os processos de auto de Infração ou notificação de débito nos seguintes termos:</p><p>1- Em Apreciação de Recurso voluntário.</p><p>1.1 Pela procedência de auto de infração ou da notificação de débito.</p><p /><p></p><table><tr><td rowspan="1" colspan="1"><p>Nº</p></td><td rowspan="1" colspan="1"><p>PROCESSO</p></td><td rowspan="1" colspan="1"><p>AI</p></td><td rowspan="1" colspan="1"><p>EMPRESA</p></td><td rowspan="1" colspan="1"><p>UF</p></td></tr><tr><td rowspan="1" colspan="1"><p>1</p></td><td rowspan="1" colspan="1"><p>46228.001760/2019-99</p></td><td rowspan="1" colspan="1"><p>218364172</p></td><td rowspan="1" colspan="1"><p>Canabrava Agricola S.A.</p></td><td rowspan="1" colspan="1"><p>RJ</p></td></tr><tr><td rowspan="1" colspan="1"><p>2</p></td><td rowspan="1" colspan="1"><p>46228.001778/2019-91</p></td><td rowspan="1" colspan="1"><p>218339259</p></td><td rowspan="1" colspan="1"><p>Canabrava Agricola S/A</p></td><td rowspan="1" colspan="1"><p>RJ</p></td></tr><tr><td rowspan="1" colspan="1"><p>3</p></td><td rowspan="1" colspan="1"><p>46228.001758/2019-10</p></td><td rowspan="1" colspan="1"><p>218364202</p></td><td rowspan="1" colspan="1"><p>Canabrava Energetica S/A</p></td><td rowspan="1" colspan="1"><p>RJ</p></td></tr><tr><td rowspan="1" colspan="1"><p>4</p></td><td rowspan="1" colspan="1"><p>46215.013684/2019-11</p></td><td rowspan="1" colspan="1"><p>217994903</p></td><td rowspan="1" colspan="1"><p>Casa De Portugal</p></td><td rowspan="1" colspan="1"><p>RJ</p></td></tr><tr><td rowspan="1" colspan="1"><p>5</p></td><td rowspan="1" colspan="1"><p>14152.097468/2020-31</p></td><td rowspan="1" colspan="1"><p>219985316</p></td><td rowspan="1" colspan="1"><p>Casais Brasil, Engenharia E Construcao Ltda.</p></td><td rowspan="1" colspan="1"><p>RJ</p></td></tr><tr><td rowspan="1" colspan="1"><p>6</p></td><td rowspan="1" colspan="1"><p>14152.011446/2020-92</p></td><td rowspan="1" colspan="1"><p>219142432</p></td><td rowspan="1" colspan="1"><p>Centro De Servicos Odontologicos For Dent Ltda</p></td><td rowspan="1" colspan="1"><p>RJ</p></td></tr><tr><td rowspan="1" colspan="1"><p>7</p></td><td rowspan="1" colspan="1"><p>46215.017925/2019-93</p></td><td rowspan="1" colspan="1"><p>218552084</p></td><td rowspan="1" colspan="1"><p>Cidade Maravilhosa Industria E Comercio De Roupas Sa</p></td><td rowspan="1" colspan="1"><p>RJ</p></td></tr><tr><td rowspan="1" colspan="1"><p>8</p></td><td rowspan="1" colspan="1"><p>46666.001273/2017-03</p></td><td rowspan="1" colspan="1"><p>211763764</p></td><td rowspan="1" colspan="1"><p>Colegio Professor Gabriel Vargas Mp Ltda</p></td><td rowspan="1" colspan="1"><p>RJ</p></td></tr><tr><td rowspan="1" colspan="1"><p>9</p></td><td rowspan="1" colspan="1"><p>46225.001915/2019-17</p></td><td rowspan="1" colspan="1"><p>218624093</p></td><td rowspan="1" colspan="1"><p>Haiplan Construcoes Comercio E Servicos Ltda.</p></td><td rowspan="1" colspan="1"><p>RR</p></td></tr><tr><td rowspan="1" colspan="1"><p>10</p></td><td rowspan="1" colspan="1"><p>46225.001916/2019-61</p></td><td rowspan="1" colspan="1"><p>218624107</p></td><td rowspan="1" colspan="1"><p>Haiplan Construcoes Comercio E Servicos Ltda.</p></td><td rowspan="1" colspan="1"><p>RR</p></td></tr><tr><td rowspan="1" colspan="1"><p>11</p></td><td rowspan="1" colspan="1"><p>46225.001917/2019-14</p></td><td rowspan="1" colspan="1"><p>218624115</p></td><td rowspan="1" colspan="1"><p>Haiplan Construcoes Comercio E Servicos Ltda.</p></td><td rowspan="1" colspan="1"><p>RR</p></td></tr><tr><td rowspan="1" colspan="1"><p>Nº</p></td><td rowspan="1" colspan="1"><p>PROCESSO</p></td><td rowspan="1" colspan="1"><p>NDFG</p></td><td rowspan="1" colspan="1"><p>EMPRESA</p></td><td rowspan="1" colspan="1"><p>UF</p></td></tr><tr><td rowspan="1" colspan="1"><p>1</p></td><td rowspan="1" colspan="1"><p>46225.001923/2019-63</p></td><td rowspan="1" colspan="1"><p>201583763</p></td><td rowspan="1" colspan="1"><p>Haiplaj Construções Comercio e Serviços Ltda.</p></td><td rowspan="1" colspan="1"><p>RR</p></td></tr></table><p>1.2 Pela procedência parcial de auto de infração ou da notificação de débito.</p><p /><p></p><table><tr><td rowspan="1" colspan="1"><p>Nº</p></td><td rowspan="1" colspan="1"><p>PROCESSO</p></td><td rowspan="1" colspan="1"><p>AI</p></td><td rowspan="1" colspan="1"><p>EMPRESA</p></td><td rowspan="1" colspan="1"><p>UF</p></td></tr><tr><td rowspan="1" colspan="1"><p>1</p></td><td rowspan="1" colspan="1"><p>14152.085723/2021-84</p></td><td rowspan="1" colspan="1"><p>221160299</p></td><td rowspan="1" colspan="1"><p>Colégio Maria da Silva Melo Ltda.</p></td><td rowspan="1" colspan="1"><p>PI</p></td></tr></table><p>2- Em Apreciação de Recurso de Ofício.</p><p>2.1 Pela improcedência de auto de infração ou da notificação de débito.</p><p /><p></p><table><tr /><tr><td rowspan="1" colspan="1"><p>Nº</p></td><td rowspan="1" colspan="1"><p>PROCESSO</p></td><td rowspan="1" colspan="1"><p>AI</p></td><td rowspan="1" colspan="1"><p>EMPRESA</p></td><td rowspan="1" colspan="1"><p>UF</p></td></tr><tr><td rowspan="1" colspan="1"><p>1</p></td><td rowspan="1" colspan="1"><p>46221.006934/2019-70</p></td><td rowspan="1" colspan="1"><p>218378653</p></td><td rowspan="1" colspan="1"><p>Eduardo Cardoso Gama Churrascaria</p></td><td rowspan="1" colspan="1"><p>SE</p></td></tr></table><p>3- Arquivamento.</p><p>3.1 Tornar a nulidade da decisão publicada no DOU de 11/07/2025 por erro material.</p><p /><p></p><table><tr /><tr><td rowspan="1" colspan="1"><p>Nº</p></td><td rowspan="1" colspan="1"><p>PROCESSO</p></td><td rowspan="1" colspan="1"><p>AI</p></td><td rowspan="1" colspan="1"><p>EMPRESA</p></td><td rowspan="1" colspan="1"><p>UF</p></td></tr><tr><td rowspan="1" colspan="1"><p>1</p></td><td rowspan="1" colspan="1"><p>14152.085723/2021-84</p></td><td rowspan="1" colspan="1"><p>221160299</p></td><td rowspan="1" colspan="1"><p>Colégio Maria da Silva Melo Ltda.</p></td><td rowspan="1" colspan="1"><p>PI</p></td></tr></table><p class="assina">Hélida Alves Girão</p>]]></Texto>
  </body>
  <Midias />
</article></xml>