﻿<xml><article id="46235362" name="ATO PORTARIA NA 4091" idOficio="11378856" pubName="DO1" artType="Portaria" pubDate="03/11/2025" artClass="00025:00144:00000:00000:00000:00000:00000:00000:00000:00000:00054:00002" artCategory="Ministério da Educação/Fundação Universidade Federal do Acre" artSize="12" artNotes="" numberPage="46" pdfPage="http://pesquisa.in.gov.br/imprensa/jsp/visualiza/index.jsp?data=03/11/2025&amp;jornal=515&amp;pagina=46" editionNumber="209" highlightType="" highlightPriority="" highlight="" highlightimage="" highlightimagename="" idMateria="23275776">
  <body>
    <Identifica><![CDATA[ PORTARIA Nº 4.091, DE 31 DE outubro DE 2025]]></Identifica>
    <Data><![CDATA[]]></Data>
    <Ementa />
    <Titulo />
    <SubTitulo />
    <Texto><![CDATA[<p class="identifica">PORTARIA Nº 4.091, DE 31 DE outubro DE 2025</p><p>A REITORA DA UNIVERSIDADE FEDERAL DO ACRE, no uso de suas atribuições conferidas pelo Decreto de 9 de agosto de 2022, publicado no Diário Oficial da União (DOU) nº 151, Seção 2, Página 1, de 10 de agosto de 2022, combinado com o Art. 80, Incisos I e III, do Regimento Geral da Ufac; e considerando o que consta no processo administrativo nº 23107.038075/2023-75, resolve:</p><p>Art. 1º PRORROGAR, por mais 24 (vinte e quatro) meses, o Resultado Final do Concurso Público de Provas para provimento de Cargos da Carreira de Técnico-Administrativo em Educação, realizado nos termos do Edital PRODGEP nº 01/2023, homologado no DOU nº 239, Seção 1, páginas 68 e 69, de 18 de dezembro de 2023, a contar de 18 de dezembro de 2025.</p><p>Art. 2º Esta portaria entra em vigor na data de publicação no DOU.</p><p class="assina">MARGARIDA DE AQUINO CUNHA</p>]]></Texto>
  </body>
  <Midias />
</article></xml>