﻿<xml><article id="46231951" name="resolucao_4304_2025 GGTPS" idOficio="11377950" pubName="DO1" artType="Resolução" pubDate="03/11/2025" artClass="00047:00048:00015:00010:00000:00000:00000:00000:00000:00000:00064:34304" artCategory="Ministério da Saúde/Agência Nacional de Vigilância Sanitária/3ª Diretoria/Gerência-Geral de Tecnologia de Produtos para Saúde" artSize="12" artNotes="" numberPage="121" pdfPage="http://pesquisa.in.gov.br/imprensa/jsp/visualiza/index.jsp?data=03/11/2025&amp;jornal=515&amp;pagina=121" editionNumber="209" highlightType="" highlightPriority="" highlight="" highlightimage="" highlightimagename="" idMateria="23272824">
  <body>
    <Identifica><![CDATA[ RESOLUÇÃO-RE Nº 4.304, de 30 DE Outubro DE 2025]]></Identifica>
    <Data><![CDATA[]]></Data>
    <Ementa />
    <Titulo />
    <SubTitulo />
    <Texto><![CDATA[<p class="identifica">RESOLUÇÃO-RE Nº 4.304, de 30 DE Outubro DE 2025</p><p>A GERENTE-GERAL DE TECNOLOGIA DE PRODUTOS PARA SAÚDE DA AGÊNCIA NACIONAL DE VIGILÂNCIA SANITÁRIA, no uso das atribuições que lhe confere o art. 121, aliado ao art. 203, I, § 1º do Regimento Interno aprovado pela Resolução da Diretoria Colegiada - RDC nº 585, de 10 de dezembro de 2021, resolve:</p><p>Art. 1° Indeferir as petições relacionadas à Gerência-Geral de Tecnologia de Produtos para Saúde, conforme anexo.</p><p>Art. 2° O motivo do indeferimento do processo/petição será disponibilizado por meio de ofício eletrônico, encaminhado para a caixa postal da empresa solicitante no sistema Solicita, que pode ser acessado por meio do link: https://solicita.anvisa.gov.br/.</p><p>Art. 3º Esta Resolução entra em vigor na data de sua publicação.</p><p class="assina">VIVIAN CARDOSO DE MORAIS OLIVEIRA</p><p class="anexo">ANEXO</p><p>NOME DA EMPRESA / CNPJ</p><p>NOME COMERCIAL</p><p>NUMERO DO PROCESSO / REGISTRO</p><p>PETIÇÃO(ÕES) / EXPEDIENTE(S)</p><p>_________________________________________________________________</p><p>_ _ _ _ _ _ _ _ _ _ _ _</p><p>6B INVENT GERMANY INOX CE - BRASIL, IMPORTAÇÃO E EXPORTAÇÃO - LTDA / 22.575.103/0001-12</p><p>Jogo Clínico para Periodontia - Aço Inox AISI 420 - 6b Invent Germany - INOX CE</p><p>25351.730955/2017-92 / 81563630012</p><p>80256 - MATERIAL - Alteração de notificação - Implementação imediata / 0889702250</p><p>_ _ _ _ _ _ _ _ _ _ _ _</p><p>ADITEK DO BRASIL S.A / 64.602.097/0001-95</p><p>Arcos Pré Formados Aditek</p><p>25351.328326/2014-12 / 10331430023</p><p>80256 - MATERIAL - Alteração de notificação - Implementação imediata / 0973605251</p><p>_ _ _ _ _ _ _ _ _ _ _ _</p><p>ALEXDAN IMPORTAÇÃO E EXPORTAÇÃO LTDA - EPP / 03.098.281/0001-55</p><p>Teste de Gravidez Digital com Indicador de Semanas</p><p>25351.164717/2025-96 /</p><p>8437 - IVD - Notificação de produtos em família Classe II / 1217694251</p><p>_ _ _ _ _ _ _ _ _ _ _ _</p><p>ANGELUS INDÚSTRIA DE PRODUTOS ODONTOLÓGICOS S/A / 00.257.992/0001-37</p><p>Ankor FixBond</p><p>25351.194264/2025-22 /</p><p>8030 - MATERIAL - Notificação de Dispositivo Médico Classe II / 1414659253</p><p>_ _ _ _ _ _ _ _ _ _ _ _</p><p>AUSTIN MEDICAL INNOVATION LTDA / 51.327.380/0001-04</p><p>KIT CUREVINSC HIP</p><p>25351.181516/2025-53 /</p><p>8030 - MATERIAL - Notificação de Dispositivo Médico Classe II / 1333034253</p><p>KIT CANULA CERTAIN AST</p><p>25351.181431/2025-75 /</p><p>8030 - MATERIAL - Notificação de Dispositivo Médico Classe II / 1332403255</p><p>KIT CERTAIN STIMULLUS AST</p><p>25351.181430/2025-21 /</p><p>8030 - MATERIAL - Notificação de Dispositivo Médico Classe II / 1332382258</p><p>KIT SYNOVIA</p><p>25351.181517/2025-06 /</p><p>8030 - MATERIAL - Notificação de Dispositivo Médico Classe II / 1333035250</p><p>_ _ _ _ _ _ _ _ _ _ _ _</p><p>BALLKE PRODUTOS HOSPITALARES LTDA EPP / 06.103.122/0002-70</p><p>CABO PARA PLACA ELETROCIRÚRGICA</p><p>25351.185695/2025-06 /</p><p>80193 - MATERIAL - Notificação de Dispositivo Médico Classe I / 1369610254</p><p>_ _ _ _ _ _ _ _ _ _ _ _</p><p>BECTON DICKINSON INDÚSTRIAS CIRÚRGICAS LTDA. / 21.551.379/0001-06</p><p>BD Vacutainer Sodium Fluoride</p><p>25351.432193/2024-91 / 10033430882</p><p>80198 - IVD - Alteração de notificação - Implementação imediata. / 1213006252</p><p>_ _ _ _ _ _ _ _ _ _ _ _</p><p>BIOTÊXTIL INDÚSTRIA E COMÉRCIO LTDA / 01.623.403/0001-50</p><p>Curativo cirúrgico estéril Biotêxtil</p><p>25351.192237/2025-15 /</p><p>80193 - MATERIAL - Notificação de Dispositivo Médico Classe I / 1401925251</p><p>_ _ _ _ _ _ _ _ _ _ _ _</p><p>BOSTON SCIENTIFIC DO BRASIL LTDA / 01.513.946/0001-14</p><p>CRE CATETER BALÃO PARA DILATAÇÃO PULMONAR</p><p>25351.310339/2010-71 / 10341350570</p><p>80256 - MATERIAL - Alteração de notificação - Implementação imediata / 1148990259</p><p>FIO GUIA ZEBRA</p><p>25351.324279/2010-22 / 10341350566</p><p>80256 - MATERIAL - Alteração de notificação - Implementação imediata / 0904421252</p><p>_ _ _ _ _ _ _ _ _ _ _ _</p><p>CENTRAL FLEX INDUSTRIA E COMERCIO DE PRODUTOS TECNICOS LTDA / 39.417.937/0001-00</p><p>TRAQUEIA DE SILICONE</p><p>25351.192245/2025-61 /</p><p>8030 - MATERIAL - Notificação de Dispositivo Médico Classe II / 1401935257</p><p>_ _ _ _ _ _ _ _ _ _ _ _</p><p>CIRURGICA CERON IMPORTADORA E EXPORTADORA DE EQUIPAMENTOS HOSPITALARES E VETERINARIOS LTDA / 18.258.209/0001-15</p><p>Braçadeira/Manguito de pressão arterial - Ceron</p><p>25351.192669/2025-26 /</p><p>80193 - MATERIAL - Notificação de Dispositivo Médico Classe I / 1403847258</p><p>_ _ _ _ _ _ _ _ _ _ _ _</p><p>Concept usinagens especiais ltda - me / 12.520.258/0001-06</p><p>Transfer MA/MF</p><p>25351.066257/2015-78 / 81053660003</p><p>80256 - MATERIAL - Alteração de notificação - Implementação imediata / 1158283253</p><p>_ _ _ _ _ _ _ _ _ _ _ _</p><p>DPS INDUSTRIA, DISTRIBUICAO, COMERCIO, IMPORTACAO E EXPORTACAO LTDA / 13.558.813/0001-43</p><p>Combo Ab/Ag Dengue, Ab Zika, Ab Chikungunya</p><p>25351.426008/2024-29 /</p><p>8433 - IVD - Registro de produto / 1426778244</p><p>_ _ _ _ _ _ _ _ _ _ _ _</p><p>EXVISION TECNOLOGIA MEDICA IMP. COM. E SERVICOS LTDA / 22.975.967/0001-21</p><p>Instrumental para Laparoscopia Exvision</p><p>25351.190976/2025-72 /</p><p>8030 - MATERIAL - Notificação de Dispositivo Médico Classe II / 1395621250</p><p>_ _ _ _ _ _ _ _ _ _ _ _</p><p>Enzytec Biotecnologia Ltda. / 07.214.566/0001-65</p><p>Dengue Virus Real Time PCR Kit</p><p>25351.457077/2024-84 /</p><p>8433 - IVD - Registro de produto / 1713865246</p><p>_ _ _ _ _ _ _ _ _ _ _ _</p><p>FLOW TECNICA INDUSTRIA, COMERCIO E SERVICOS DE PRODUTOS HOSPITALARES LTDA / 02.875.257/0001-12</p><p>SUPORTES DE SORO AÇO INOX FLOW TÉCNICA</p><p>25351.177410/2025-55 /</p><p>80193 - MATERIAL - Notificação de Dispositivo Médico Classe I / 1310536252</p><p>_ _ _ _ _ _ _ _ _ _ _ _</p><p>GENESTAR INOVAÇÕES E EQUIPAMENTOS MÉDICOS LTDA / 35.489.323/0001-75</p><p>CerTest H. pylori one step card test</p><p>25351.168279/2025-35 /</p><p>80133 - IVD - Notificação de produto Classe II / 1239117256</p><p>_ _ _ _ _ _ _ _ _ _ _ _</p><p>GRIMEXTUR- IMPORTAÇÃO E EXPORTAÇÃO DO BRASIL LTDA ME / 07.236.937/0001-00</p><p>DIA SURE - COC/THC/AMP</p><p>25351.168238/2025-49 /</p><p>80133 - IVD - Notificação de produto Classe II / 1239060254</p><p>_ _ _ _ _ _ _ _ _ _ _ _</p><p>ICONE MEDICAL INDUSTRIA E COMERCIO DE IMPORTAÇÃO E EXPORTAÇÃO LTDA / 11.967.115/0001-76</p><p>Kit de Ponteira Ginecológica</p><p>25351.029963/2024-11 / 80726749005</p><p>80256 - MATERIAL - Alteração de notificação - Implementação imediata / 1159310254</p><p>_ _ _ _ _ _ _ _ _ _ _ _</p><p>ICU MEDICAL DO BRASIL PRODUTOS HOSPITALARES LTDA / 06.019.570/0001-00</p><p>Cateter Epidural MINIPACK com conector NRFit Com dispositivo de Fixação</p><p>25351.030678/2021-09 / 80228990189</p><p>80257 - MATERIAL - Alteração de registro - Implementação imediata - Alteração/inclusão/exclusão de fabricante legal, sem alteração no processo fabril; e/ou exclusão de unidade fabril / 1403110255</p><p>INFUSOR DE PRESSÃO C- FUSOR</p><p>25351.666789/2008-72 / 80228990045</p><p>80256 - MATERIAL - Alteração de notificação - Implementação imediata / 1149911255</p><p>Agulha Espinhal Ponta em Lanceta MINIPACK Espinhal/Epidural com Conector NRFit</p><p>25351.568975/2021-14 / 80228990188</p><p>80257 - MATERIAL - Alteração de registro - Implementação imediata - Alteração/inclusão/exclusão de fabricante legal, sem alteração no processo fabril; e/ou exclusão de unidade fabril / 1403563250</p><p>AGULHA ESPINHAL PONTA DE LÁPIS</p><p>25351.653087/2017-10 / 80228990137</p><p>80257 - MATERIAL - Alteração de registro - Implementação imediata - Alteração/inclusão/exclusão de fabricante legal, sem alteração no processo fabril; e/ou exclusão de unidade fabril / 1403371253</p><p>Cateter Epidural MINIPACK com conector NRFit Sem dispositivo de Fixação sem Seringa LOR</p><p>25351.773248/2021-77 / 80228990190</p><p>80257 - MATERIAL - Alteração de registro - Implementação imediata - Alteração/inclusão/exclusão de fabricante legal, sem alteração no processo fabril; e/ou exclusão de unidade fabril / 1402124252</p><p>_ _ _ _ _ _ _ _ _ _ _ _</p><p>IMPLACIL OSSTEM - MATERIAL ODONTOLOGICO S.A. / 05.741.680/0001-18</p><p>TRANSFERENTE DIGITAL</p><p>25351.688347/2020-73 / 80259860043</p><p>80256 - MATERIAL - Alteração de notificação - Implementação imediata / 1158904258</p><p>_ _ _ _ _ _ _ _ _ _ _ _</p><p>INDUSTRIA E COMERCIO DE PRODUTOS PARA FONOAUDIOLOGIA HCP LTDA / 01.462.814/0001-00</p><p>Fita Elástica Adesiva Dermofuncional Pró-Fono</p><p>25351.141328/2015-52 / 10368380043</p><p>80256 - MATERIAL - Alteração de notificação - Implementação imediata / 1159700257</p><p>_ _ _ _ _ _ _ _ _ _ _ _</p><p>IVOCLAR VIVADENT LTDA. / 04.004.675/0001-60</p><p>IPS e.max Ceram Starter Kit A-D</p><p>25351.706088/2018-55 / 80091440147</p><p>80256 - MATERIAL - Alteração de notificação - Implementação imediata / 1174088257</p><p>_ _ _ _ _ _ _ _ _ _ _ _</p><p>KULZER SOUTH AMERICA LTDA. / 48.708.010/0001-02</p><p>Dima Print Denture Base 2</p><p>25351.194875/2025-71 /</p><p>8030 - MATERIAL - Notificação de Dispositivo Médico Classe II / 1418583251</p><p>_ _ _ _ _ _ _ _ _ _ _ _</p><p>LARISSA FOGACA SAUD LTDA / 55.212.579/0001-48</p><p>DOCTIVE CURCUMA</p><p>25351.184878/2025-04 /</p><p>8030 - MATERIAL - Notificação de Dispositivo Médico Classe II / 1366137256</p><p>_ _ _ _ _ _ _ _ _ _ _ _</p><p>LAS - LATIM AMERICAN SOLUTIONS IMPORTACAO E EXPORTACAO LTDA. / 09.183.319/0001-74</p><p>Kit SafeView-R - Sistema Endoscópico de Liberação de Tecidos Moles, corte reverso</p><p>25351.666815/2020-59 / 80517190038</p><p>80256 - MATERIAL - Alteração de notificação - Implementação imediata / 1150774258</p><p>Kit SafeView - Sistema Endoscópico de Liberação de Tecidos Moles</p><p>25351.564445/2019-82 / 80517190033</p><p>80256 - MATERIAL - Alteração de notificação - Implementação imediata / 1150794259</p><p>_ _ _ _ _ _ _ _ _ _ _ _</p><p>LEVMEDICAL SOLUCOES PARA MEDICINA LTDA / 42.609.762/0001-30</p><p>RegenB</p><p>25351.182249/2025-31 /</p><p>8030 - MATERIAL - Notificação de Dispositivo Médico Classe II / 1336733250</p><p>_ _ _ _ _ _ _ _ _ _ _ _</p><p>MDI INDÚSTRIA E COMÉRCIO DE EQUIPAMENTOS MÉDICOS LTDA / 29.508.150/0001-92</p><p>ESTEIRA ERGOMETRICA MDX</p><p>25351.187408/2025-94 /</p><p>80193 - MATERIAL - Notificação de Dispositivo Médico Classe I / 1377601251</p><p>_ _ _ _ _ _ _ _ _ _ _ _</p><p>MEDINTEC LATIN AMERICA LTDA EPP / 03.916.159/0001-49</p><p>SISTEMAS PARA TRANSFÊRENCIA DE PACIENTES - KLARITY</p><p>25351.164133/2025-11 /</p><p>80195 - EQUIPAMENTO - Notificação de Dispositivo Médico Classe I / 1213776252</p><p>_ _ _ _ _ _ _ _ _ _ _ _</p><p>META MÓVEIS DE METAIS INDÚSTRIA E COMÉRCIO LTDA. / 01.866.388/0001-70</p><p>COLCHÃO METAHOSPITALAR</p><p>25351.740017/2023-49 / 80581990013</p><p>80256 - MATERIAL - Alteração de notificação - Implementação imediata / 1147713251</p><p>_ _ _ _ _ _ _ _ _ _ _ _</p><p>MP BIOMEDICALS DO BRASIL LTDA / 07.776.689/0001-90</p><p>ASSURE Dengue Ab/Ag Rapid Test</p><p>25351.029121/2025-41 /</p><p>8433 - IVD - Registro de produto / 0269481257</p><p>_ _ _ _ _ _ _ _ _ _ _ _</p><p>MR SAUDE LTDA / 26.386.899/0001-16</p><p>Álcool Pad I</p><p>25351.190321/2025-02 /</p><p>80193 - MATERIAL - Notificação de Dispositivo Médico Classe I / 1391975251</p><p>_ _ _ _ _ _ _ _ _ _ _ _</p><p>Medagent do Brasil Comercio e Importação de Produtos Médicos - Hospitalares LTDA / 21.578.376/0001-58</p><p>Nopa Instrumentos Cirúrgicos</p><p>25351.072132/2025-41 / 81895410012</p><p>80256 - MATERIAL - Alteração de notificação - Implementação imediata / 1169840256</p><p>_ _ _ _ _ _ _ _ _ _ _ _</p><p>NEWSURGICAL MATERIAIS CIRURGICOS COMERCIO LTDA / 29.615.962/0001-37</p><p>ELETRODO SEVEN CARE</p><p>25351.191181/2025-81 /</p><p>80193 - MATERIAL - Notificação de Dispositivo Médico Classe I / 1396743251</p><p>_ _ _ _ _ _ _ _ _ _ _ _</p><p>Neupharma Distribuicao de Material Medico Hospitalar LTDA / 21.487.927/0001-78</p><p>EQUIPO MACROGOTAS PARA INFUSÃO INTRAVENOSA</p><p>25351.182321/2025-21 /</p><p>8030 - MATERIAL - Notificação de Dispositivo Médico Classe II / 1336952253</p><p>SWAB DE ÁLCOOL</p><p>25351.190370/2025-37 /</p><p>8030 - MATERIAL - Notificação de Dispositivo Médico Classe II / 1392107253</p><p>_ _ _ _ _ _ _ _ _ _ _ _</p><p>ORTHOMETRIC - INDÚSTRIA E COMÉRCIO DE PRODUTOS MÉDICOS E ODONTOLÓGICOS LTDA / 07.740.586/0001-70</p><p>ELÁSTICO ORTODÔNTICO - LATEX</p><p>25351.747266/2013-21 / 80328810032</p><p>80256 - MATERIAL - Alteração de notificação - Implementação imediata / 1168513251</p><p>_ _ _ _ _ _ _ _ _ _ _ _</p><p>PASSROD IMPORTAÇÃO E EXPORTAÇÃO DE PRODUTOS PARA SAÚDE LTDA - ME / 26.185.222/0001-10</p><p>NYLOTRACK PTA-BALOON CATHETER</p><p>25351.200464/2020-17 / 81504790159</p><p>80256 - MATERIAL - Alteração de notificação - Implementação imediata / 1160215251</p><p>_ _ _ _ _ _ _ _ _ _ _ _</p><p>PRIMAVITA INDUSTRIA COMERCIO IMPORTACAO E EXPORTACAO DE PRODUTOS ODONTOLOGICOS LTDA / 26.054.835/0001-18</p><p>Blocos de Dissilicato de Lítio</p><p>25351.426021/2024-88 / 81954689012</p><p>80256 - MATERIAL - Alteração de notificação - Implementação imediata / 1162773251</p><p>Dentes Artificiais</p><p>25351.588538/2020-36 / 81954680003</p><p>80256 - MATERIAL - Alteração de notificação - Implementação imediata / 1162854251</p><p>_ _ _ _ _ _ _ _ _ _ _ _</p><p>PROCORPUS COMERCIO DE APARELHOS ORTOPEDICOS LTDA - EPP / 68.448.570/0001-82</p><p>IMOBILIZADOR PARA JOELHO FIXO PREMIUM</p><p>25351.400205/2024-18 / 80228410041</p><p>80256 - MATERIAL - Alteração de notificação - Implementação imediata / 1150789255</p><p>_ _ _ _ _ _ _ _ _ _ _ _</p><p>PROHIGI INDUSTRIA E COMERCIO DE PRODUTOS DE HIGIENE PESSOAL LTDA / 24.794.284/0001-01</p><p>Algodão Hidrófilo Cor Natural, Branco e Colorido - Nature Care</p><p>25351.173793/2025-92 /</p><p>80193 - MATERIAL - Notificação de Dispositivo Médico Classe I / 1278060251</p><p>_ _ _ _ _ _ _ _ _ _ _ _</p><p>PURE LATAM BRAZIL COMERCIO DE PRODUTOS HOSPITALARES LTDA / 27.939.884/0001-09</p><p>Dispositivo descartável para hemorroidas anais</p><p>25351.191819/2025-84 /</p><p>8030 - MATERIAL - Notificação de Dispositivo Médico Classe II / 1399367251</p><p>Protetor de incisão descartável</p><p>25351.191821/2025-53 /</p><p>8030 - MATERIAL - Notificação de Dispositivo Médico Classe II / 1399369253</p><p>Torniquete descartável para artéria radial</p><p>25351.191823/2025-42 /</p><p>8030 - MATERIAL - Notificação de Dispositivo Médico Classe II / 1399372254</p><p>Tubo endobronquial de duplo lúmen estéril descartável</p><p>25351.191831/2025-99 /</p><p>8030 - MATERIAL - Notificação de Dispositivo Médico Classe II / 1399385259</p><p>Sistema de Fechamento Fascial Endoscópico Descartável</p><p>25351.191841/2025-24 /</p><p>8030 - MATERIAL - Notificação de Dispositivo Médico Classe II / 1399404253</p><p>Dispositivo de sutura de parede abdominal descartável</p><p>25351.191858/2025-81 /</p><p>8030 - MATERIAL - Notificação de Dispositivo Médico Classe II / 1399427253</p><p>_ _ _ _ _ _ _ _ _ _ _ _</p><p>QUIBASA QUÍMICA BÁSICA LTDA / 19.400.787/0001-07</p><p>FAMÍLIA SOLUÇÕES PARA COLORAÇÕES HEMATOLÓGICAS</p><p>25351.166603/2025-81 /</p><p>80197 - IVD - Notificação de produto Classe I / 1230884254</p><p>_ _ _ _ _ _ _ _ _ _ _ _</p><p>RENYLAB QUÍMICA E FARMACÊUTICA LTDA / 00.562.583/0001-44</p><p>RenyPrep Auto Pro</p><p>25351.170154/2025-75 /</p><p>80197 - IVD - Notificação de produto Classe I / 1259375251</p><p>_ _ _ _ _ _ _ _ _ _ _ _</p><p>RF IMPORTACAO - COMERCIO DE PRODUTOS ODONTOLOGICOS LTDA / 50.860.377/0001-99</p><p>Sistema de Ultrassom de Bolso</p><p>25351.117409/2025-71 / 82846149003</p><p>80270 - EQUIPAMENTO - Alteração de notificação classe II - Implementação imediata / 1305229258</p><p>_ _ _ _ _ _ _ _ _ _ _ _</p><p>ROSS USINAGEM LTDA / 33.281.634/0001-19</p><p>KIT CANULA HEIDE</p><p>25351.182599/2025-06 /</p><p>8030 - MATERIAL - Notificação de Dispositivo Médico Classe II / 1338085255</p><p>KIT CANULA HEIDE NEO</p><p>25351.182601/2025-39 /</p><p>8030 - MATERIAL - Notificação de Dispositivo Médico Classe II / 1338093258</p><p>_ _ _ _ _ _ _ _ _ _ _ _</p><p>S.E. COMERCIAL DE PRODUTOS DESCARTAVEIS LTDA / 08.482.393/0001-29</p><p>FIO AGULHADO DE SEDA S.E</p><p>25351.441288/2019-38 / 81082060004</p><p>80132 - MATERIAL - Retificação - Correção pela EMPRESA / 1422509257</p><p>_ _ _ _ _ _ _ _ _ _ _ _</p><p>SAINT GERMAIN COMERCIAL LTDA / 12.115.576/0001-83</p><p>CATETER URETERAL DUPLO J</p><p>25351.091218/2025-72 / 83032659006</p><p>80132 - MATERIAL - Retificação - Correção pela EMPRESA / 1418526258</p><p>KIT CATETER URETRAL DUPLO J COM FIO GUIA PTFE UROMED</p><p>25351.091317/2025-54 / 83032659007</p><p>80132 - MATERIAL - Retificação - Correção pela EMPRESA / 1418524255</p><p>_ _ _ _ _ _ _ _ _ _ _ _</p><p>SEROPLAST INDÚSTRIA E COMÉRCIO DE PRODUTOS HOSPITALARES LTDA -ME / 23.596.733/0001-36</p><p>SEROVAC reservatório silicone- estéril</p><p>25351.340834/2022-10 / 81479119010</p><p>80256 - MATERIAL - Alteração de notificação - Implementação imediata / 1167154258</p><p>_ _ _ _ _ _ _ _ _ _ _ _</p><p>SIGNAZ PRODUTOS E NEGOCIOS LTDA / 09.028.635/0001-71</p><p>Chikungunya IgG-IgM - SIGNAZ</p><p>25351.034239/2025-91 /</p><p>8433 - IVD - Registro de produto / 0310603251</p><p>_ _ _ _ _ _ _ _ _ _ _ _</p><p>SILICOMED PRODUTOS HOSPITALARES LTDA / 29.326.422/0001-33</p><p>CIRCUITO RESPIRATÓRIO DE SILICONE</p><p>25351.176582/2022-69 / 82083569008</p><p>80256 - MATERIAL - Alteração de notificação - Implementação imediata / 1157986251</p><p>_ _ _ _ _ _ _ _ _ _ _ _</p><p>SUPREMO INDUSTRIA DE INSTRUMENTOS CIRURGICOS E ODONTOLOGICOS LTDA / 26.161.820/0001-59</p><p>Lâminas</p><p>25351.190401/2025-50 /</p><p>80193 - MATERIAL - Notificação de Dispositivo Médico Classe I / 1392233259</p><p>_ _ _ _ _ _ _ _ _ _ _ _</p><p>T C I LABORATORIO BIOTECNOLOGICO LTDA / 86.520.178/0001-89</p><p>Extraya Fluido Antisséptico para Mãos e Antebraços</p><p>25351.188419/2025-91 /</p><p>8030 - MATERIAL - Notificação de Dispositivo Médico Classe II / 1382333251</p><p>_ _ _ _ _ _ _ _ _ _ _ _</p><p>TECHIMPORT TECNOLOGIA EM IMPLANTES ORTOPEDICOS LTDA / 15.524.734/0001-47</p><p>GUIA ORTOGNÁTICO TECHIMPORT - ESTÉRIL</p><p>25351.046563/2019-11 / 81118460044</p><p>80256 - MATERIAL - Alteração de notificação - Implementação imediata / 1138439258</p><p>_ _ _ _ _ _ _ _ _ _ _ _</p><p>Tecelagem Minas Rey Ltda / 41.847.658/0001-10</p><p>Compressa Cirúrgica Campo Operatório com Fio Radiopaco</p><p>25351.329097/2013-80 / 80384550008</p><p>80256 - MATERIAL - Alteração de notificação - Implementação imediata / 1172270252</p><p>Compressa de Gaze Estéril com fio Radiopaco</p><p>25351.841656/2018-63 / 80384550013</p><p>80256 - MATERIAL - Alteração de notificação - Implementação imediata / 1172260257</p><p>COMPRESSA CIRÚRGICA CAMPO OPERATÓRIO ESTÉRIL COM FIO RADIOPACO</p><p>25351.333836/2013-19 / 80384550010</p><p>80256 - MATERIAL - Alteração de notificação - Implementação imediata / 1172276251</p><p>_ _ _ _ _ _ _ _ _ _ _ _</p><p>Total Life comercio de produtos Medico-Hospitalar LTDA-EPP / 21.310.535/0001-39</p><p>Kit Introdutor Total Life</p><p>25351.481963/2016-09 / 81231550006</p><p>80150 - MATERIAL - Desistência de petição/processo a pedido / 1426724250</p><p>_ _ _ _ _ _ _ _ _ _ _ _</p><p>VITALCORE IMPORTACAO E DISTRIBUICAO DE PRODUTOS MEDICOS LTDA / 07.894.229/0001-66</p><p>LGO-Bare Fiber Single Use</p><p>25351.180814/2025-26 /</p><p>8030 - MATERIAL - Notificação de Dispositivo Médico Classe II / 1330234251</p><p>_ _ _ _ _ _ _ _ _ _ _ _</p><p>bioteck industria, comercio, importação e exportação de implantes bio-absorviveis ltda / 06.232.491/0001-82</p><p>KIT PARA TRATAMENTO DE DOR CRÔNICA PRP.</p><p>25351.184087/2025-76 /</p><p>8030 - MATERIAL - Notificação de Dispositivo Médico Classe II / 1345748256</p>]]></Texto>
  </body>
  <Midias />
</article></xml>