﻿<xml><article id="46247838" name="3110_DEC_12708_S1_OK_009" idOficio="11379843" pubName="DO1" artType="Decreto numerado" pubDate="03/11/2025" artClass="00005:00000:00000:00000:00000:00000:00000:00000:00000:00000:00021:00000" artCategory="Atos do Poder Executivo" artSize="12" artNotes="" numberPage="14" pdfPage="http://pesquisa.in.gov.br/imprensa/jsp/visualiza/index.jsp?data=03/11/2025&amp;jornal=515&amp;pagina=14" editionNumber="209" highlightType="" highlightPriority="" highlight="" highlightimage="" highlightimagename="" idMateria="23277630">
  <body>
    <Identifica />
    <Data><![CDATA[]]></Data>
    <Ementa />
    <Titulo />
    <SubTitulo />
    <Texto><![CDATA[<p>b) QUADRO RESUMO DE CUSTOS DOS CARGOS EM COMISSÃO E DAS FUNÇÕES DE CONFIANÇA DO MINISTÉRIO DA SAÚDE:</p><p /><p></p><table><tr /><tr><td rowspan="1" colspan="1"><p>CÓDIGO</p></td><td rowspan="1" colspan="1"><p>CCE-UNITÁRIO</p></td><td rowspan="1" colspan="2"><p>SITUAÇÃO ATUAL</p></td><td rowspan="1" colspan="2"><p>SITUAÇÃO NOVA</p></td></tr><tr><td rowspan="1" colspan="1" /><td rowspan="1" colspan="1" /><td rowspan="1" colspan="1"><p>QTD.</p></td><td rowspan="1" colspan="1"><p>VALOR TOTAL</p></td><td rowspan="1" colspan="1"><p>QTD.</p></td><td rowspan="1" colspan="1"><p>VALOR TOTAL</p></td></tr><tr><td rowspan="1" colspan="1"><p>CCE 1.18</p></td><td rowspan="1" colspan="1"><p>7,65</p></td><td rowspan="1" colspan="1"><p>1</p></td><td rowspan="1" colspan="1"><p>7,65</p></td><td rowspan="1" colspan="1"><p>1</p></td><td rowspan="1" colspan="1"><p>7,65</p></td></tr><tr><td rowspan="1" colspan="2"><p>SUBTOTAL 1</p></td><td rowspan="1" colspan="1"><p>1</p></td><td rowspan="1" colspan="1"><p>7,65</p></td><td rowspan="1" colspan="1"><p>1</p></td><td rowspan="1" colspan="1"><p>7,65</p></td></tr><tr><td rowspan="1" colspan="1"><p>CCE 1.17</p></td><td rowspan="1" colspan="1"><p>7,08</p></td><td rowspan="1" colspan="1"><p>8</p></td><td rowspan="1" colspan="1"><p>56,64</p></td><td rowspan="1" colspan="1"><p>8</p></td><td rowspan="1" colspan="1"><p>56,64</p></td></tr><tr><td rowspan="1" colspan="1"><p>CCE 1.16</p></td><td rowspan="1" colspan="1"><p>6,23</p></td><td rowspan="1" colspan="1"><p>11</p></td><td rowspan="1" colspan="1"><p>68,53</p></td><td rowspan="1" colspan="1"><p>11</p></td><td rowspan="1" colspan="1"><p>68,53</p></td></tr><tr><td rowspan="1" colspan="1"><p>CCE 1.15</p></td><td rowspan="1" colspan="1"><p>5,41</p></td><td rowspan="1" colspan="1"><p>36</p></td><td rowspan="1" colspan="1"><p>194,76</p></td><td rowspan="1" colspan="1"><p>36</p></td><td rowspan="1" colspan="1"><p>194,76</p></td></tr><tr><td rowspan="1" colspan="1"><p>CCE 1.14</p></td><td rowspan="1" colspan="1"><p>4,63</p></td><td rowspan="1" colspan="1"><p>6</p></td><td rowspan="1" colspan="1"><p>27,78</p></td><td rowspan="1" colspan="1"><p>7</p></td><td rowspan="1" colspan="1"><p>32,41</p></td></tr><tr><td rowspan="1" colspan="1"><p>CCE 1.13</p></td><td rowspan="1" colspan="1"><p>4,12</p></td><td rowspan="1" colspan="1"><p>119</p></td><td rowspan="1" colspan="1"><p>490,28</p></td><td rowspan="1" colspan="1"><p>123</p></td><td rowspan="1" colspan="1"><p>506,76</p></td></tr><tr><td rowspan="1" colspan="1"><p>CCE 1.12</p></td><td rowspan="1" colspan="1"><p>3,10</p></td><td rowspan="1" colspan="1"><p>1</p></td><td rowspan="1" colspan="1"><p>3,10</p></td><td rowspan="1" colspan="1"><p>1</p></td><td rowspan="1" colspan="1"><p>3,10</p></td></tr><tr><td rowspan="1" colspan="1"><p>CCE 1.11</p></td><td rowspan="1" colspan="1"><p>2,47</p></td><td rowspan="1" colspan="1"><p>7</p></td><td rowspan="1" colspan="1"><p>17,29</p></td><td rowspan="1" colspan="1"><p>6</p></td><td rowspan="1" colspan="1"><p>14,82</p></td></tr><tr><td rowspan="1" colspan="1"><p>CCE 1.10</p></td><td rowspan="1" colspan="1"><p>2,12</p></td><td rowspan="1" colspan="1"><p>44</p></td><td rowspan="1" colspan="1"><p>93,28</p></td><td rowspan="1" colspan="1"><p>39</p></td><td rowspan="1" colspan="1"><p>82,68</p></td></tr><tr><td rowspan="1" colspan="1"><p>CCE 1.09</p></td><td rowspan="1" colspan="1"><p>1,67</p></td><td rowspan="1" colspan="1"><p>1</p></td><td rowspan="1" colspan="1"><p>1,67</p></td><td rowspan="1" colspan="1"><p>1</p></td><td rowspan="1" colspan="1"><p>1,67</p></td></tr><tr><td rowspan="1" colspan="1"><p>CCE 2.15</p></td><td rowspan="1" colspan="1"><p>5,41</p></td><td rowspan="1" colspan="1"><p>4</p></td><td rowspan="1" colspan="1"><p>21,64</p></td><td rowspan="1" colspan="1"><p>5</p></td><td rowspan="1" colspan="1"><p>27,05</p></td></tr><tr><td rowspan="1" colspan="1"><p>CCE 2.14</p></td><td rowspan="1" colspan="1"><p>4,63</p></td><td rowspan="1" colspan="1"><p>1</p></td><td rowspan="1" colspan="1"><p>4,63</p></td><td rowspan="1" colspan="1"><p>1</p></td><td rowspan="1" colspan="1"><p>4,63</p></td></tr><tr><td rowspan="1" colspan="1"><p>CCE 2.13</p></td><td rowspan="1" colspan="1"><p>4,12</p></td><td rowspan="1" colspan="1"><p>13</p></td><td rowspan="1" colspan="1"><p>53,56</p></td><td rowspan="1" colspan="1"><p>10</p></td><td rowspan="1" colspan="1"><p>41,20</p></td></tr><tr><td rowspan="1" colspan="1"><p>CCE 2.12</p></td><td rowspan="1" colspan="1"><p>3,10</p></td><td rowspan="1" colspan="1"><p>-</p></td><td rowspan="1" colspan="1"><p>-</p></td><td rowspan="1" colspan="1"><p>1</p></td><td rowspan="1" colspan="1"><p>3,10</p></td></tr><tr><td rowspan="1" colspan="1"><p>CCE 2.10</p></td><td rowspan="1" colspan="1"><p>2,12</p></td><td rowspan="1" colspan="1"><p>11</p></td><td rowspan="1" colspan="1"><p>23,32</p></td><td rowspan="1" colspan="1"><p>7</p></td><td rowspan="1" colspan="1"><p>14,84</p></td></tr><tr><td rowspan="1" colspan="1"><p>CCE 2.08</p></td><td rowspan="1" colspan="1"><p>1,60</p></td><td rowspan="1" colspan="1"><p>2</p></td><td rowspan="1" colspan="1"><p>3,20</p></td><td rowspan="1" colspan="1"><p>2</p></td><td rowspan="1" colspan="1"><p>3,20</p></td></tr><tr><td rowspan="1" colspan="1"><p>CCE 2.07</p></td><td rowspan="1" colspan="1"><p>1,39</p></td><td rowspan="1" colspan="1"><p>1</p></td><td rowspan="1" colspan="1"><p>1,39</p></td><td rowspan="1" colspan="1"><p>1</p></td><td rowspan="1" colspan="1"><p>1,39</p></td></tr><tr><td rowspan="1" colspan="1"><p>CCE 2.04</p></td><td rowspan="1" colspan="1"><p>0,44</p></td><td rowspan="1" colspan="1"><p>1</p></td><td rowspan="1" colspan="1"><p>0,44</p></td><td rowspan="1" colspan="1"><p>1</p></td><td rowspan="1" colspan="1"><p>0,44</p></td></tr><tr><td rowspan="1" colspan="1"><p>CCE 2.03</p></td><td rowspan="1" colspan="1"><p>0,37</p></td><td rowspan="1" colspan="1"><p>1</p></td><td rowspan="1" colspan="1"><p>0,37</p></td><td rowspan="1" colspan="1"><p>1</p></td><td rowspan="1" colspan="1"><p>0,37</p></td></tr><tr><td rowspan="1" colspan="1"><p>CCE 3.16</p></td><td rowspan="1" colspan="1"><p>6,23</p></td><td rowspan="1" colspan="1"><p>-</p></td><td rowspan="1" colspan="1"><p>-</p></td><td rowspan="1" colspan="1"><p>1</p></td><td rowspan="1" colspan="1"><p>6,23</p></td></tr><tr><td rowspan="1" colspan="1"><p>CCE 3.15</p></td><td rowspan="1" colspan="1"><p>5,41</p></td><td rowspan="1" colspan="1"><p>5</p></td><td rowspan="1" colspan="1"><p>27,05</p></td><td rowspan="1" colspan="1"><p>8</p></td><td rowspan="1" colspan="1"><p>43,28</p></td></tr><tr><td rowspan="1" colspan="1"><p>CCE 3.14</p></td><td rowspan="1" colspan="1"><p>4,63</p></td><td rowspan="1" colspan="1"><p>1</p></td><td rowspan="1" colspan="1"><p>4,63</p></td><td rowspan="1" colspan="1"><p>2</p></td><td rowspan="1" colspan="1"><p>9,26</p></td></tr><tr><td rowspan="1" colspan="1"><p>CCE 3.13</p></td><td rowspan="1" colspan="1"><p>4,12</p></td><td rowspan="1" colspan="1"><p>2</p></td><td rowspan="1" colspan="1"><p>8,24</p></td><td rowspan="1" colspan="1"><p>7</p></td><td rowspan="1" colspan="1"><p>28,84</p></td></tr><tr><td rowspan="1" colspan="1"><p>CCE 3.12</p></td><td rowspan="1" colspan="1"><p>3,10</p></td><td rowspan="1" colspan="1"><p>-</p></td><td rowspan="1" colspan="1"><p>-</p></td><td rowspan="1" colspan="1"><p>2</p></td><td rowspan="1" colspan="1"><p>6,20</p></td></tr><tr><td rowspan="1" colspan="1"><p>CCE 3.10</p></td><td rowspan="1" colspan="1"><p>2,12</p></td><td rowspan="1" colspan="1"><p>1</p></td><td rowspan="1" colspan="1"><p>2,12</p></td><td rowspan="1" colspan="1"><p>1</p></td><td rowspan="1" colspan="1"><p>2,12</p></td></tr><tr><td rowspan="1" colspan="2"><p>SUBTOTAL 2</p></td><td rowspan="1" colspan="1"><p>276</p></td><td rowspan="1" colspan="1"><p>1.103,92</p></td><td rowspan="1" colspan="1"><p>282</p></td><td rowspan="1" colspan="1"><p>1.153,52</p></td></tr><tr><td rowspan="1" colspan="1"><p>FCE 1.16</p></td><td rowspan="1" colspan="1"><p>3,74</p></td><td rowspan="1" colspan="1"><p>3</p></td><td rowspan="1" colspan="1"><p>11,22</p></td><td rowspan="1" colspan="1"><p>5</p></td><td rowspan="1" colspan="1"><p>18,70</p></td></tr><tr><td rowspan="1" colspan="1"><p>FCE 1.15</p></td><td rowspan="1" colspan="1"><p>3,25</p></td><td rowspan="1" colspan="1"><p>8</p></td><td rowspan="1" colspan="1"><p>26,00</p></td><td rowspan="1" colspan="1"><p>8</p></td><td rowspan="1" colspan="1"><p>26,00</p></td></tr><tr><td rowspan="1" colspan="1"><p>FCE 1.14</p></td><td rowspan="1" colspan="1"><p>2,78</p></td><td rowspan="1" colspan="1"><p>4</p></td><td rowspan="1" colspan="1"><p>11,12</p></td><td rowspan="1" colspan="1"><p>5</p></td><td rowspan="1" colspan="1"><p>13,90</p></td></tr><tr><td rowspan="1" colspan="1"><p>FCE 1.13</p></td><td rowspan="1" colspan="1"><p>2,47</p></td><td rowspan="1" colspan="1"><p>113</p></td><td rowspan="1" colspan="1"><p>279,11</p></td><td rowspan="1" colspan="1"><p>125</p></td><td rowspan="1" colspan="1"><p>308,75</p></td></tr><tr><td rowspan="1" colspan="1"><p>FCE 1.12</p></td><td rowspan="1" colspan="1"><p>1,86</p></td><td rowspan="1" colspan="1"><p>10</p></td><td rowspan="1" colspan="1"><p>18,60</p></td><td rowspan="1" colspan="1"><p>13</p></td><td rowspan="1" colspan="1"><p>24,18</p></td></tr><tr><td rowspan="1" colspan="1"><p>FCE 1.11</p></td><td rowspan="1" colspan="1"><p>1,48</p></td><td rowspan="1" colspan="1"><p>31</p></td><td rowspan="1" colspan="1"><p>45,88</p></td><td rowspan="1" colspan="1"><p>36</p></td><td rowspan="1" colspan="1"><p>53,28</p></td></tr><tr><td rowspan="1" colspan="1"><p>FCE 1.10</p></td><td rowspan="1" colspan="1"><p>1,27</p></td><td rowspan="1" colspan="1"><p>152</p></td><td rowspan="1" colspan="1"><p>193,04</p></td><td rowspan="1" colspan="1"><p>163</p></td><td rowspan="1" colspan="1"><p>207,01</p></td></tr><tr><td rowspan="1" colspan="1"><p>FCE 1.09</p></td><td rowspan="1" colspan="1"><p>1,00</p></td><td rowspan="1" colspan="1"><p>18</p></td><td rowspan="1" colspan="1"><p>18,00</p></td><td rowspan="1" colspan="1"><p>20</p></td><td rowspan="1" colspan="1"><p>20,00</p></td></tr><tr><td rowspan="1" colspan="1"><p>FCE 1.08</p></td><td rowspan="1" colspan="1"><p>0,96</p></td><td rowspan="1" colspan="1"><p>1</p></td><td rowspan="1" colspan="1"><p>0,96</p></td><td rowspan="1" colspan="1"><p>1</p></td><td rowspan="1" colspan="1"><p>0,96</p></td></tr><tr><td rowspan="1" colspan="1"><p>FCE 1.07</p></td><td rowspan="1" colspan="1"><p>0,83</p></td><td rowspan="1" colspan="1"><p>186</p></td><td rowspan="1" colspan="1"><p>154,38</p></td><td rowspan="1" colspan="1"><p>174</p></td><td rowspan="1" colspan="1"><p>144,42</p></td></tr><tr><td rowspan="1" colspan="1"><p>FCE 1.06</p></td><td rowspan="1" colspan="1"><p>0,70</p></td><td rowspan="1" colspan="1"><p>5</p></td><td rowspan="1" colspan="1"><p>3,50</p></td><td rowspan="1" colspan="1"><p>6</p></td><td rowspan="1" colspan="1"><p>4,20</p></td></tr><tr><td rowspan="1" colspan="1"><p>FCE 1.05</p></td><td rowspan="1" colspan="1"><p>0,60</p></td><td rowspan="1" colspan="1"><p>365</p></td><td rowspan="1" colspan="1"><p>219,00</p></td><td rowspan="1" colspan="1"><p>358</p></td><td rowspan="1" colspan="1"><p>214,80</p></td></tr><tr><td rowspan="1" colspan="1"><p>FCE 1.04</p></td><td rowspan="1" colspan="1"><p>0,44</p></td><td rowspan="1" colspan="1"><p>35</p></td><td rowspan="1" colspan="1"><p>15,40</p></td><td rowspan="1" colspan="1"><p>36</p></td><td rowspan="1" colspan="1"><p>15,84</p></td></tr><tr><td rowspan="1" colspan="1"><p>FCE 1.03</p></td><td rowspan="1" colspan="1"><p>0,37</p></td><td rowspan="1" colspan="1"><p>24</p></td><td rowspan="1" colspan="1"><p>8,88</p></td><td rowspan="1" colspan="1"><p>24</p></td><td rowspan="1" colspan="1"><p>8,88</p></td></tr><tr><td rowspan="1" colspan="1"><p>FCE 1.02</p></td><td rowspan="1" colspan="1"><p>0,21</p></td><td rowspan="1" colspan="1"><p>69</p></td><td rowspan="1" colspan="1"><p>14,49</p></td><td rowspan="1" colspan="1"><p>63</p></td><td rowspan="1" colspan="1"><p>13,23</p></td></tr><tr><td rowspan="1" colspan="1"><p>FCE 2.15</p></td><td rowspan="1" colspan="1"><p>3,25</p></td><td rowspan="1" colspan="1"><p>-</p></td><td rowspan="1" colspan="1"><p>-</p></td><td rowspan="1" colspan="1"><p>1</p></td><td rowspan="1" colspan="1"><p>3,25</p></td></tr><tr><td rowspan="1" colspan="1"><p>FCE 2.14</p></td><td rowspan="1" colspan="1"><p>2,78</p></td><td rowspan="1" colspan="1"><p>2</p></td><td rowspan="1" colspan="1"><p>5,56</p></td><td rowspan="1" colspan="1"><p>1</p></td><td rowspan="1" colspan="1"><p>2,78</p></td></tr><tr><td rowspan="1" colspan="1"><p>FCE 2.13</p></td><td rowspan="1" colspan="1"><p>2,47</p></td><td rowspan="1" colspan="1"><p>12</p></td><td rowspan="1" colspan="1"><p>29,64</p></td><td rowspan="1" colspan="1"><p>16</p></td><td rowspan="1" colspan="1"><p>39,52</p></td></tr><tr><td rowspan="1" colspan="1"><p>FCE 2.12</p></td><td rowspan="1" colspan="1"><p>1,86</p></td><td rowspan="1" colspan="1"><p>1</p></td><td rowspan="1" colspan="1"><p>1,86</p></td><td rowspan="1" colspan="1"><p>1</p></td><td rowspan="1" colspan="1"><p>1,86</p></td></tr><tr><td rowspan="1" colspan="1"><p>FCE 2.11</p></td><td rowspan="1" colspan="1"><p>1,48</p></td><td rowspan="1" colspan="1"><p>1</p></td><td rowspan="1" colspan="1"><p>1,48</p></td><td rowspan="1" colspan="1"><p>1</p></td><td rowspan="1" colspan="1"><p>1,48</p></td></tr><tr><td rowspan="1" colspan="1"><p>FCE 2.10</p></td><td rowspan="1" colspan="1"><p>1,27</p></td><td rowspan="1" colspan="1"><p>3</p></td><td rowspan="1" colspan="1"><p>3,81</p></td><td rowspan="1" colspan="1"><p>9</p></td><td rowspan="1" colspan="1"><p>11,43</p></td></tr><tr><td rowspan="1" colspan="1"><p>FCE 2.09</p></td><td rowspan="1" colspan="1"><p>1,00</p></td><td rowspan="1" colspan="1"><p>1</p></td><td rowspan="1" colspan="1"><p>1,00</p></td><td rowspan="1" colspan="1"><p>2</p></td><td rowspan="1" colspan="1"><p>2,00</p></td></tr><tr><td rowspan="1" colspan="1"><p>FCE 3.15</p></td><td rowspan="1" colspan="1"><p>3,25</p></td><td rowspan="1" colspan="1"><p>6</p></td><td rowspan="1" colspan="1"><p>19,50</p></td><td rowspan="1" colspan="1"><p>8</p></td><td rowspan="1" colspan="1"><p>26,00</p></td></tr><tr><td rowspan="1" colspan="1"><p>FCE 3.13</p></td><td rowspan="1" colspan="1"><p>2,47</p></td><td rowspan="1" colspan="1"><p>3</p></td><td rowspan="1" colspan="1"><p>7,41</p></td><td rowspan="1" colspan="1"><p>5</p></td><td rowspan="1" colspan="1"><p>12,35</p></td></tr><tr><td rowspan="1" colspan="1"><p>FCE 3.12</p></td><td rowspan="1" colspan="1"><p>1,86</p></td><td rowspan="1" colspan="1"><p>1</p></td><td rowspan="1" colspan="1"><p>1,86</p></td><td rowspan="1" colspan="1"><p>3</p></td><td rowspan="1" colspan="1"><p>5,58</p></td></tr><tr><td rowspan="1" colspan="1"><p>FCE 3.11</p></td><td rowspan="1" colspan="1"><p>1,48</p></td><td rowspan="1" colspan="1"><p>-</p></td><td rowspan="1" colspan="1"><p>-</p></td><td rowspan="1" colspan="1"><p>3</p></td><td rowspan="1" colspan="1"><p>4,44</p></td></tr><tr><td rowspan="1" colspan="1"><p>FCE 3.10</p></td><td rowspan="1" colspan="1"><p>1,27</p></td><td rowspan="1" colspan="1"><p>4</p></td><td rowspan="1" colspan="1"><p>5,08</p></td><td rowspan="1" colspan="1"><p>13</p></td><td rowspan="1" colspan="1"><p>16,51</p></td></tr><tr><td rowspan="1" colspan="1"><p>FCE 3.09</p></td><td rowspan="1" colspan="1"><p>1,00</p></td><td rowspan="1" colspan="1"><p>2</p></td><td rowspan="1" colspan="1"><p>2,00</p></td><td rowspan="1" colspan="1"><p>4</p></td><td rowspan="1" colspan="1"><p>4,00</p></td></tr><tr><td rowspan="1" colspan="1"><p>FCE 3.08</p></td><td rowspan="1" colspan="1"><p>0,96</p></td><td rowspan="1" colspan="1"><p>-</p></td><td rowspan="1" colspan="1"><p>-</p></td><td rowspan="1" colspan="1"><p>2</p></td><td rowspan="1" colspan="1"><p>1,92</p></td></tr><tr><td rowspan="1" colspan="1"><p>FCE 4.13</p></td><td rowspan="1" colspan="1"><p>2,47</p></td><td rowspan="1" colspan="1"><p>1</p></td><td rowspan="1" colspan="1"><p>2,47</p></td><td rowspan="1" colspan="1"><p>1</p></td><td rowspan="1" colspan="1"><p>2,47</p></td></tr><tr><td rowspan="1" colspan="1"><p>FCE 4.12</p></td><td rowspan="1" colspan="1"><p>1,86</p></td><td rowspan="1" colspan="1"><p>-</p></td><td rowspan="1" colspan="1"><p>-</p></td><td rowspan="1" colspan="1"><p>1</p></td><td rowspan="1" colspan="1"><p>1,86</p></td></tr><tr><td rowspan="1" colspan="1"><p>FCE 4.11</p></td><td rowspan="1" colspan="1"><p>1,48</p></td><td rowspan="1" colspan="1"><p>8</p></td><td rowspan="1" colspan="1"><p>11,84</p></td><td rowspan="1" colspan="1"><p>7</p></td><td rowspan="1" colspan="1"><p>10,36</p></td></tr><tr><td rowspan="1" colspan="1"><p>FCE 4.10</p></td><td rowspan="1" colspan="1"><p>1,27</p></td><td rowspan="1" colspan="1"><p>38</p></td><td rowspan="1" colspan="1"><p>48,26</p></td><td rowspan="1" colspan="1"><p>45</p></td><td rowspan="1" colspan="1"><p>57,15</p></td></tr><tr><td rowspan="1" colspan="1"><p>FCE 4.09</p></td><td rowspan="1" colspan="1"><p>1,00</p></td><td rowspan="1" colspan="1"><p>23</p></td><td rowspan="1" colspan="1"><p>23,00</p></td><td rowspan="1" colspan="1"><p>28</p></td><td rowspan="1" colspan="1"><p>28,00</p></td></tr><tr><td rowspan="1" colspan="1"><p>FCE 4.08</p></td><td rowspan="1" colspan="1"><p>0,96</p></td><td rowspan="1" colspan="1"><p>10</p></td><td rowspan="1" colspan="1"><p>9,60</p></td><td rowspan="1" colspan="1"><p>9</p></td><td rowspan="1" colspan="1"><p>8,64</p></td></tr><tr><td rowspan="1" colspan="1"><p>FCE 4.07</p></td><td rowspan="1" colspan="1"><p>0,83</p></td><td rowspan="1" colspan="1"><p>64</p></td><td rowspan="1" colspan="1"><p>53,12</p></td><td rowspan="1" colspan="1"><p>55</p></td><td rowspan="1" colspan="1"><p>45,65</p></td></tr><tr><td rowspan="1" colspan="1"><p>FCE 4.06</p></td><td rowspan="1" colspan="1"><p>0,70</p></td><td rowspan="1" colspan="1"><p>30</p></td><td rowspan="1" colspan="1"><p>21,00</p></td><td rowspan="1" colspan="1"><p>28</p></td><td rowspan="1" colspan="1"><p>19,60</p></td></tr><tr><td rowspan="1" colspan="1"><p>FCE 4.05</p></td><td rowspan="1" colspan="1"><p>0,60</p></td><td rowspan="1" colspan="1"><p>95</p></td><td rowspan="1" colspan="1"><p>57,00</p></td><td rowspan="1" colspan="1"><p>88</p></td><td rowspan="1" colspan="1"><p>52,80</p></td></tr><tr><td rowspan="1" colspan="1"><p>FCE 4.04</p></td><td rowspan="1" colspan="1"><p>0,44</p></td><td rowspan="1" colspan="1"><p>125</p></td><td rowspan="1" colspan="1"><p>55,00</p></td><td rowspan="1" colspan="1"><p>114</p></td><td rowspan="1" colspan="1"><p>50,16</p></td></tr><tr><td rowspan="1" colspan="1"><p>FCE 4.03</p></td><td rowspan="1" colspan="1"><p>0,37</p></td><td rowspan="1" colspan="1"><p>146</p></td><td rowspan="1" colspan="1"><p>54,02</p></td><td rowspan="1" colspan="1"><p>129</p></td><td rowspan="1" colspan="1"><p>47,73</p></td></tr><tr><td rowspan="1" colspan="1"><p>FCE 4.02</p></td><td rowspan="1" colspan="1"><p>0,21</p></td><td rowspan="1" colspan="1"><p>66</p></td><td rowspan="1" colspan="1"><p>13,86</p></td><td rowspan="1" colspan="1"><p>69</p></td><td rowspan="1" colspan="1"><p>14,49</p></td></tr><tr><td rowspan="1" colspan="1"><p>FCE 4.01</p></td><td rowspan="1" colspan="1"><p>0,12</p></td><td rowspan="1" colspan="1"><p>3</p></td><td rowspan="1" colspan="1"><p>0,36</p></td><td rowspan="1" colspan="1"><p>3</p></td><td rowspan="1" colspan="1"><p>0,36</p></td></tr><tr><td rowspan="1" colspan="2"><p>SUBTOTAL 3</p></td><td rowspan="1" colspan="1"><p>1.669</p></td><td rowspan="1" colspan="1"><p>1.448,31</p></td><td rowspan="1" colspan="1"><p>1.683</p></td><td rowspan="1" colspan="1"><p>1.546,54</p></td></tr><tr><td rowspan="1" colspan="2"><p>TOTAL</p></td><td rowspan="1" colspan="1"><p>1.946</p></td><td rowspan="1" colspan="1"><p>2.559,88</p></td><td rowspan="1" colspan="1"><p>1.966</p></td><td rowspan="1" colspan="1"><p>2.707,71</p></td></tr></table><p>" (NR)</p>]]></Texto>
  </body>
  <Midias />
</article></xml>