﻿<xml><article id="46239919" name="resolucao_4375_2025 GGFIS" idOficio="11379573" pubName="DO1" artType="Resolução" pubDate="03/11/2025" artClass="00047:00048:00016:00006:00000:00000:00000:00000:00000:00000:00064:34375" artCategory="Ministério da Saúde/Agência Nacional de Vigilância Sanitária/4ª Diretoria/Gerência-Geral de Inspeção e Fiscalização Sanitária" artSize="12" artNotes="" numberPage="137" pdfPage="http://pesquisa.in.gov.br/imprensa/jsp/visualiza/index.jsp?data=03/11/2025&amp;jornal=515&amp;pagina=137" editionNumber="209" highlightType="" highlightPriority="" highlight="" highlightimage="" highlightimagename="" idMateria="23277034">
  <body>
    <Identifica><![CDATA[ RESOLUÇÃO-RE nº 4.375, DE 31 DE OUTUBRO DE 2025]]></Identifica>
    <Data><![CDATA[]]></Data>
    <Ementa />
    <Titulo />
    <SubTitulo />
    <Texto><![CDATA[<p class="identifica">RESOLUÇÃO-RE nº 4.375, DE 31 DE OUTUBRO DE 2025</p><p>O GERENTE-GERAL DE INSPEÇÃO E FISCALIZAÇÃO SANITÁRIA DA AGÊNCIA NACIONAL DE VIGILÂNCIA SANITÁRIA, no uso das atribuições que lhe confere o art. 140, aliado ao art. 203, I, § 1º do Regimento Interno aprovado pela Resolução da Diretoria Colegiada - RDC nº 585, de 10 de dezembro de 2021,</p><p>Considerando o cumprimento dos requisitos de Boas Práticas de Fabricação preconizados em legislação vigente, para a área de Medicamentos, resolve:</p><p>Art. 1º Renovar a Certificação de Boas Práticas de Fabricação de Medicamentos das empresas constantes no ANEXO.</p><p>Art. 2º Esta Resolução entra em vigor na data de 11 de janeiro de 2028.</p><p class="assina">Marcus Aurélio Miranda de Araújo</p><p class="anexo">ANEXO</p><p>EMPRESA FABRICANTE: VIRCHOW BIOTECH PVT LTD.</p><p>ENDEREÇO: SY.NO. 172 PART GAGILAPUR VILLAGE, DUNDIGAL GANDIMAISAMMA MANDAL, MEDCHAL - MALKAJGIRI DISTRICT, PINCODE 500043, TELANGANA STATE - PAÍS: ÍNDIA - CÓDIGO ÚNICO: A.000669</p><p>EMPRESA SOLICITANTE: ON PHARMA IMPORTADORA, EXPORTADORA E DISTRIBUIDORA DE MEDICAMENTOS LTDA - CNPJ: 18.173.548/0001-07</p><p>AUTORIZ/MS: 1242638 - EXPEDIENTE(s): 0880156/25-2</p><p>CERTIFICADO DE BOAS PRÁTICAS DE FABRICAÇÃO DE MEDICAMENTOS: Produtos estéreis: Soluções Parenterais de Grande Volume com Preparação Asséptica</p><p>Data de vencimento: 11/01/2028</p>]]></Texto>
  </body>
  <Midias />
</article></xml>