﻿<xml><article id="46258776" name="DECISAO SUPAS 1545" idOficio="11382282" pubName="DO1" artType="Decisão" pubDate="04/11/2025" artClass="00050:00019:00052:00000:00000:00000:00000:00000:00000:00000:00018:00006" artCategory="Ministério dos Transportes/Agência Nacional de Transportes Terrestres/Superintendência de Serviços de Transporte Rodoviário de Passageiros" artSize="12" artNotes="" numberPage="166" pdfPage="http://pesquisa.in.gov.br/imprensa/jsp/visualiza/index.jsp?data=04/11/2025&amp;jornal=515&amp;pagina=166" editionNumber="210" highlightType="" highlightPriority="" highlight="" highlightimage="" highlightimagename="" idMateria="23280291">
  <body>
    <Identifica><![CDATA[ DECISÃO SUPAS Nº 1.545, DE 29 DE OUTUBRO DE 2025]]></Identifica>
    <Data><![CDATA[]]></Data>
    <Ementa />
    <Titulo />
    <SubTitulo />
    <Texto><![CDATA[<p class="identifica">DECISÃO SUPAS Nº 1.545, DE 29 DE OUTUBRO DE 2025</p><p>O Superintendente de Serviços de Transporte Rodoviário de Passageiros da Agência Nacional de Transportes Terrestres - ANTT, no uso de suas atribuições, em conformidade com o art. 3º e o inciso X do art. 8º, ambos do Anexo da Resolução nº 5.818, de 3 de maio de 2018; com o inciso IV do art. 29, e inciso VIII do art. 105, ambos da Resolução nº 5.976, de 7 de abril de 2022, e pelo o que consta no processo nº 50505.062530/2025-03, decide:</p><p>Art. 1º Indeferir o pedido de emissão do Termo de Autorização à JJ EXPRESSO E TRANSPORTE E TURISMO LTDA., CNPJ nº 60.005.792/0001-19, para prestação do serviço regular de transporte rodoviário coletivo interestadual de passageiros, sob o regime de autorização, na linha GOIANIA/GO-LUIS CORREIA/PI e suas seções, uma vez que os mercados objetos do pleito não são autorizados à requerente, em inobservância ao disposto na Resolução nº 6.033, de 21 de dezembro de 2023.</p><p>Art. 2º Esta Decisão entra em vigor na data de sua publicação.</p><p class="assina">JULIANO DE BARROS SAMÔR</p>]]></Texto>
  </body>
  <Midias />
</article></xml>