﻿<xml><article id="46234804" name="DECISAO SUROD 1262" idOficio="11378635" pubName="DO1" artType="Decisão" pubDate="03/11/2025" artClass="00050:00019:00051:00000:00000:00000:00000:00000:00000:00000:00018:00001" artCategory="Ministério dos Transportes/Agência Nacional de Transportes Terrestres/Superintendência de Infraestrutura Rodoviária" artSize="12" artNotes="ok" numberPage="155" pdfPage="http://pesquisa.in.gov.br/imprensa/jsp/visualiza/index.jsp?data=03/11/2025&amp;jornal=515&amp;pagina=155" editionNumber="209" highlightType="" highlightPriority="" highlight="" highlightimage="" highlightimagename="" idMateria="23274102">
  <body>
    <Identifica><![CDATA[ DECISÃO SUROD Nº 1.262, DE 23 DE OUTUBRO DE 2025]]></Identifica>
    <Data><![CDATA[]]></Data>
    <Ementa />
    <Titulo />
    <SubTitulo />
    <Texto><![CDATA[<p class="identifica">DECISÃO SUROD Nº 1.262, DE 23 DE OUTUBRO DE 2025</p><p>O Superintendente de Infraestrutura Rodoviária da Agência Nacional de Transportes Terrestres - ANTT, no uso de suas atribuições, conforme inciso II do art. 96 e § 1º do art. 97 da Resolução ANTT nº 6.032, de 21 de dezembro de 2023, e considerando o que consta do Processo nº 50505.030683/2025-83, decide:</p><p>Art. 1º Deferir o pleito formulado pela Concessionária Ecovias Araguaia, CNPJ nº 15.090.690/0001-94, relativo à construção de retorno em nível no km 667 da BR-153/TO, no município de Gurupi/TO, a ser implementado por intermédio do Estoque de Melhorias, com os respectivos efeitos tarifários sendo considerados na revisão ordinária subsequente à conclusão da obra, de acordo com o previsto no Contrato de Concessão e nos regulamentos vigentes.</p><p>Art. 2º Esta Decisão entra em vigor na data de sua publicação.</p><p class="assina">FERNANDO DE FREITAS BEZERRA</p>]]></Texto>
  </body>
  <Midias />
</article></xml>