﻿<xml><article id="46231990" name="resolucao_4290_2025 COCER GGFIS" idOficio="11377950" pubName="DO1" artType="Resolução" pubDate="03/11/2025" artClass="00047:00048:00016:00006:00000:00000:00000:00000:00000:00000:00064:34290" artCategory="Ministério da Saúde/Agência Nacional de Vigilância Sanitária/4ª Diretoria/Gerência-Geral de Inspeção e Fiscalização Sanitária" artSize="12" artNotes="" numberPage="130" pdfPage="http://pesquisa.in.gov.br/imprensa/jsp/visualiza/index.jsp?data=03/11/2025&amp;jornal=515&amp;pagina=130" editionNumber="209" highlightType="" highlightPriority="" highlight="" highlightimage="" highlightimagename="" idMateria="23272857">
  <body>
    <Identifica><![CDATA[ RESOLUÇÃO-RE nº 4.290, DE 30 DE OUTUBRO DE 2025]]></Identifica>
    <Data><![CDATA[]]></Data>
    <Ementa />
    <Titulo />
    <SubTitulo />
    <Texto><![CDATA[<p class="identifica">RESOLUÇÃO-RE nº 4.290, DE 30 DE OUTUBRO DE 2025</p><p>O GERENTE-GERAL DE INSPEÇÃO E FISCALIZAÇÃO SANITÁRIA DA AGÊNCIA NACIONAL DE VIGILÂNCIA SANITÁRIA, no uso das atribuições que lhe confere o art. 140, aliado ao art. 203, I, § 1º do Regimento Interno aprovado pela Resolução da Diretoria Colegiada - RDC nº 585, de 10 de dezembro de 2021, e</p><p>considerando o cumprimento dos requisitos de Boas Práticas de Fabricação preconizados em legislação vigente, resolve:</p><p>Art. 1º Conceder a Certificação de Boas Práticas de Fabricação de Produtos para Saúde às empresas constantes no anexo.</p><p>Art. 2º Esta Resolução entra em vigor na data de sua publicação.</p><p class="assina">MARCUS AURéLIO MIRANDA DE ARAÚJO</p><p class="anexo">ANEXO</p><p>Fabricante: Availmed S.A. de C.V.</p><p>Endereço: C. Industrial Lt. 001 Mz. 105 Nº. 20905 Int. A, Col. Cd. Industrial, Tijuana, Baja California, 22444 - México</p><p>Solicitante: K.C.I. Brasil Importadora e Distribuidora de Produtos Para a Saúde Ltda. CNPJ: 10.918.419/0001-80</p><p>Autorização de Funcionamento: 8062496 Expediente: 1180686/25-0</p><p>Certificado de Boas Práticas de Fabricação de Produtos para Saúde.</p><p>Materiais de uso médico da classe III.</p><p>Motivo: Subsidiado por relatório de inspeções anteriores e abordagem baseada em risco.</p><p>Data de validade: 11/03/2028</p><p>---------------------------------------------------</p><p>Fabricante: B&amp;G Manufacturing Company</p><p>Endereço: 3067 Unionville Pike, Hatfield - Pennsylvania, 19440 - Estados Unidos da América</p><p>Solicitante: Orthoneuro Comércio Importação e Exportação de Produtos Médicos S/A CNPJ: 04.886.535/0001-62</p><p>Autorização de Funcionamento: 8020225 Expediente: 0567768/25-2</p><p>Certificado de Boas Práticas de Fabricação de Produtos para Saúde.</p><p>Materiais de uso médico da classe III.</p><p>Motivo: Subsidiado por relatório de inspeções anteriores e abordagem baseada em risco.</p><p>Data de validade: 11/12/2027</p><p>---------------------------------------------------</p><p>Fabricante: B. Braun Aesculap Japan Co Ltd</p><p>Endereço: 285 Ogaki, Tsuga-machi, Tochigi-shi, Tochigi, 328-0101 - Japão</p><p>Solicitante: Laboratórios B. Braun S/A CNPJ: 31.673.254/0001-02</p><p>Autorização de Funcionamento: 8013699 Expediente: 1012730/25-5</p><p>Certificado de Boas Práticas de Fabricação de Produtos para Saúde.</p><p>Materiais de uso médico das classes III e IV.</p><p>Motivo: Subsidiado por relatório de inspeções anteriores e abordagem baseada em risco.</p><p>Data de validade: 05/02/2028</p><p>---------------------------------------------------</p><p>Fabricante: Benchmark Electronics, Inc.</p><p>Endereço: 4065 Theurer Boulevard, Winona, Minnesota, 55987 - Estados Unidos da América</p><p>Solicitante: Stryker do Brasil Ltda. CNPJ: 02.966.317/0001-02</p><p>Autorização de Funcionamento: 55987 Expediente: 0760371/25-3</p><p>Certificado de Boas Práticas de Fabricação de Produtos para Saúde.</p><p>Equipamentos de uso médico da classe III.</p><p>Motivo: Subsidiado por relatório de inspeções anteriores e abordagem baseada em risco.</p><p>Data de validade: 02/01/2028</p><p>---------------------------------------------------</p><p>Fabricante: Encube Ethicals Pvt. Ltd.</p><p>Endereço: C-1, Madkaim Industrial Estate-Post Mardol, Ponda, Goa, 403404 - Índia</p><p>Solicitante: Smith &amp; Nephew Comércio de Produtos Médicos Ltda. CNPJ: 13.656.820/0001-88</p><p>Autorização de Funcionamento: 8080405 Expediente: 0765998/25-4</p><p>Certificado de Boas Práticas de Fabricação de Produtos para Saúde.</p><p>Materiais de uso médico da classe III.</p><p>Motivo: Subsidiado por relatório de inspeções anteriores e abordagem baseada em risco.</p><p>Data de validade: 02/01/2028</p><p>---------------------------------------------------</p><p>Fabricante: Paul Hartmann Manufacturing SP. Z.O.O.</p><p>Endereço: Ul. Wspólna 3 42-125, Libidza, Kamyk, - Polônia</p><p>Solicitante: Bace Comércio Internacional Ltda. CNPJ: 47.411.780/0001-26</p><p>Autorização de Funcionamento: 8017031 Expediente: 1362812/25-1</p><p>Certificado de Boas Práticas de Fabricação de Produtos para Saúde.</p><p>Materiais de uso médico das classes III e IV.</p><p>Motivo: Subsidiado por relatório de inspeções anteriores e abordagem baseada em risco.</p><p>Data de validade: 10/06/2028</p>]]></Texto>
  </body>
  <Midias />
</article></xml>