﻿<xml><article id="46239895" name="resolucao_4366_2025 GGFIS" idOficio="11379573" pubName="DO1" artType="Resolução" pubDate="03/11/2025" artClass="00047:00048:00016:00006:00000:00000:00000:00000:00000:00000:00064:34366" artCategory="Ministério da Saúde/Agência Nacional de Vigilância Sanitária/4ª Diretoria/Gerência-Geral de Inspeção e Fiscalização Sanitária" artSize="12" artNotes="" numberPage="135" pdfPage="http://pesquisa.in.gov.br/imprensa/jsp/visualiza/index.jsp?data=03/11/2025&amp;jornal=515&amp;pagina=135" editionNumber="209" highlightType="" highlightPriority="" highlight="" highlightimage="" highlightimagename="" idMateria="23277005">
  <body>
    <Identifica><![CDATA[ RESOLUÇÃO-RE Nº 4.366, DE 31 DE OUTUBRO DE 2025]]></Identifica>
    <Data><![CDATA[]]></Data>
    <Ementa />
    <Titulo />
    <SubTitulo />
    <Texto><![CDATA[<p class="identifica">RESOLUÇÃO-RE Nº 4.366, DE 31 DE OUTUBRO DE 2025</p><p>O GERENTE-GERAL DE INSPEÇÃO E FISCALIZAÇÃO SANITÁRIA DA AGÊNCIA NACIONAL DE VIGILÂNCIA SANITÁRIA, no uso das atribuições que lhe confere o art. 140, aliado ao art. 203, I, § 1º do Regimento Interno aprovado pela Resolução da Diretoria Colegiada - RDC nº 585, de 10 de dezembro de 2021,</p><p>Considerando o cumprimento dos requisitos de Boas Práticas de Fabricação preconizados em legislação vigente, para a área de Insumos Farmacêuticos, resolve:</p><p>Art. 1º Renovar a Certificação de Boas Práticas de Fabricação de Insumos Farmacêuticos Ativos das empresas constantes no ANEXO.</p><p>Art. 2º Esta Resolução entra em vigor na data de 20 de novembro de 2025.</p><p class="assina">Marcus AurÉlio Miranda de AraÚjo</p><p class="anexo">ANEXO</p><p>Empresa Fabricante: LG Chem, Ltd</p><p>Endereço: 129, Seokam-ro, Iksan-si, Jeollabuk-do</p><p>País: Coreia do Sul Código Único: A.000376</p><p>Empresa Solicitante: Instituto Butantan CNPJ: 61.821.344/0001-56</p><p>Expediente(s): 0445940/25-5</p><p>Certificado de Boas Práticas de Fabricação de Insumos Farmacêuticos Ativos:</p><p>Insumos farmacêuticos ativos biológicos: antígeno de superfície da hepatite B.</p><p>Data de vencimento: 20/11/2027</p><p>------------------------------------------------------------------------------------------------------------------------</p><p>Empresa Fabricante: Lonza AG</p><p>Endereço: Lonzastrasse 3930, Visp</p><p>País: Suíça Código Único: A.000934</p><p>Empresa Solicitante: Produtos Roche Químicos e Farmacêuticos S.A. CNPJ: 33.009.945/0001-23</p><p>Expediente(s): 0346918/25-1</p><p>Certificado de Boas Práticas de Fabricação de Insumos Farmacêuticos Ativos:</p><p>Insumos farmacêuticos ativos biológicos (etapa de pré-formulação): polatuzumabe vedotina e trastuzumabe entansina.</p><p>Data de vencimento: 20/11/2027</p><p>------------------------------------------------------------------------------------------------------------------------</p><p>Empresa Fabricante: Merz Pharma GmbH &amp; Co. KGaA</p><p>Endereço: Am Pharmapark, 06861 Dessau-Rosslau</p><p>País: Alemanha Código Único: A.000417</p><p>Empresa Solicitante: Merz Farmacêutica Comercial Ltda. CNPJ: 11.681.446/0001-45</p><p>Expediente(s): 0663956/25-1</p><p>Certificado de Boas Práticas de Fabricação de Insumos Farmacêuticos Ativos:</p><p>Insumos farmacêuticos ativos biológicos: toxina botulínica A.</p><p>Data de vencimento: 20/11/2027</p><p>------------------------------------------------------------------------------------------------------------------------</p><p>Empresa Fabricante: Rentschler Biopharma SE</p><p>Endereço: Erwin Rentschler Strasse 21, 88471 - Laupheim.</p><p>País: Alemanha Código Único: A.000528</p><p>Empresa Solicitante: Chiesi Farmacêutica Ltda. CNPJ: 61.363.032/0001-46</p><p>Expediente(s): 0703646/25-7</p><p>Certificado de Boas Práticas de Fabricação de Insumos Farmacêuticos Ativos</p><p>Insumos Farmacéuticos Ativos Biológicos: alfavelmanase.</p><p>Data de vencimento: 20/11/2027</p><p>------------------------------------------------------------------------------------------------------------------------</p><p>Empresa Fabricante: Sanofi-Aventis Deutschland GmbH</p><p>Endereço: Brüningstrasse 50, 65926 Frankfurt am Main</p><p>País: Alemanha Código único: A.000560</p><p>Empresa Solicitante: Sanofi Medley Farmacêutica Ltda. CNPJ: 10.588.595/0010-92</p><p>Expediente(s): 0285364/25-1</p><p>Certificado de Boas Práticas de Fabricação de Insumos Farmacêuticos Ativos:</p><p>Insumos farmacêuticos ativos biológicos: insulina glargina, insulina glulisina.</p><p>Data de vencimento: 20/11/2027</p><p>------------------------------------------------------------------------------------------------------------------------</p><p>Empresa Fabricante: Seqirus Vaccines Limited</p><p>Endereço: Gaskill Road, Speke, Liverpool, Merseyside, L24 9GR</p><p>País: Reino Unido Código Único: A.000712</p><p>Empresa Solicitante: CSL Behring Comércio de Produtos Farmacêuticos Ltda. CNPJ: 62.969.589/0001-98</p><p>Expediente(s): 0642179/25-5</p><p>Certificado de Boas Práticas de Fabricação de Insumos Farmacêuticos Ativos:</p><p>Insumos Farmacêuticos Ativos Biológicos: cepa influenza tipo A (H1N1), cepa influenza tipo A (H3N2) e cepa influenza tipo B</p><p>Data de vencimento: 20/11/2027</p><p>------------------------------------------------------------------------------------------------------------------------</p><p>Empresa Fabricante: Yantai Dongcheng Biochemicals Co., Ltd.</p><p>Endereço: No. 7 Changbaishan Road, Yantai Development Zone, Shandong</p><p>País: República Popular da China Código único: A.000645</p><p>Empresa solicitante: Viatris Farmacêutica do Brasil Ltda CNPJ: 11.643.096/0001-22</p><p>Expediente(s): 0699637/25-2</p><p>Certificado de Boas Práticas de Fabricação de Insumos Farmacêuticos Ativos:</p><p>Insumos farmacêuticos ativos biológicos: heparina sódica suína.</p><p>Data de vencimento: 20/11/2027</p>]]></Texto>
  </body>
  <Midias />
</article></xml>