﻿<xml><article id="46232017" name="retificacao_resolucao_4120_2025 " idOficio="11377962" pubName="DO1" artType="Retificação" pubDate="03/11/2025" artClass="00047:00048:00014:00008:00000:00000:00000:00000:00000:00000:00066:94120" artCategory="Ministério da Saúde/Agência Nacional de Vigilância Sanitária/2ª Diretoria/Gerência-Geral de Medicamentos" artSize="12" artNotes="" numberPage="107" pdfPage="http://pesquisa.in.gov.br/imprensa/jsp/visualiza/index.jsp?data=03/11/2025&amp;jornal=515&amp;pagina=107" editionNumber="209" highlightType="" highlightPriority="" highlight="" highlightimage="" highlightimagename="" idMateria="23272742">
  <body>
    <Identifica><![CDATA[ ReTIFICAÇÃO]]></Identifica>
    <Data><![CDATA[]]></Data>
    <Ementa />
    <Titulo />
    <SubTitulo />
    <Texto><![CDATA[<p class="identifica">ReTIFICAÇÃO</p><p>Na Resolução - RE n° 4.120, de 17 de outubro de 2025, constante do DOU Nº 200 de 20/10/2025, na Seção 1, Página 118, referente ao processo nº 1766848/24-9:</p><p>Onde se lê:</p><p>CANABIDIOL</p><p>validade: 10/2035</p><p>Leia-se:</p><p>CANABIDIOL FURP 100 MG/ML</p><p>validade: 10/2030</p>]]></Texto>
  </body>
  <Midias />
</article></xml>