﻿<xml><article id="46230661" name="PORTARIA 4188_DOU_Salinas" idOficio="11377657" pubName="DO1" artType="Portaria" pubDate="03/11/2025" artClass="00025:00072:00001:00000:00000:00000:00000:00000:00000:00000:00054:00000" artCategory="Ministério da Educação/Instituto Federal de Educação, Ciência e Tecnologia do Norte de Minas Gerais/Reitoria" artSize="12" artNotes="" numberPage="44" pdfPage="http://pesquisa.in.gov.br/imprensa/jsp/visualiza/index.jsp?data=03/11/2025&amp;jornal=515&amp;pagina=44" editionNumber="209" highlightType="" highlightPriority="" highlight="" highlightimage="" highlightimagename="" idMateria="23272150">
  <body>
    <Identifica><![CDATA[ PORTARIA Nº 4.188, DE 31 DE OUTUBRO DE 2025]]></Identifica>
    <Data><![CDATA[]]></Data>
    <Ementa />
    <Titulo />
    <SubTitulo />
    <Texto><![CDATA[<p>CNPJ: 10.727.655/0001-10</p><p class="identifica">PORTARIA Nº 4.188, DE 31 DE OUTUBRO DE 2025</p><p>A REITORA DO INSTITUTO FEDERAL DE EDUCAÇÃO, CIÊNCIA E TECNOLOGIA DO NORTE DE MINAS GERAIS, no uso das atribuições que lhe foram conferidas pelo Decreto Presidencial de 2 de dezembro de 2024, publicado no Diário Oficial da União de 3 de dezembro de 2024, com efeitos a partir de 8 de dezembro de 2024, e considerando:</p><p>- a Instrução Normativa Reitor nº 01/2017, de 1º de junho de 2017, que trata sobre a realocação de cargos de direção e funções gratificadas no âmbito do IFNMG;</p><p>- o decreto nº 9.739, de 28 de março de 2019, que estabelece medidas de eficiência organizacional e dispõe sobre o Sistema de Organização e Inovação Institucional do Governo Federal - SIORG;</p><p>- o Regimento Geral do IFNMG; e</p><p>- a solicitação contida no Ofício 3714/2025 DG/SAL (SEI n° 2360351) e o que consta no Processo nº 23396.004569/2023-48, resolve:</p><p>Art. 1º Remanejar, no âmbito do IFNMG Campus Salinas, a FG-4 da unidade administrativa Coordenadoria de Programas e Projetos, subordinada ao Diretoria de Ensino, para a Coordenadoria de Transporte e Oficinas, subordinada a Coordenação de Administração e Infraestrutura.</p><p>Art. 2º Esta Portaria entra em vigor a partir do dia 04/11/2025.</p><p class="assina">JOAQUINA APARECIDA NOBRE DA SILVA</p>]]></Texto>
  </body>
  <Midias />
</article></xml>