﻿<xml><article id="46240771" name="PT SAES NA 3395" idOficio="11379683" pubName="DO1" artType="Portaria" pubDate="03/11/2025" artClass="00047:00037:00000:00000:00000:00000:00000:00000:00000:00000:00017:00012" artCategory="Ministério da Saúde/Secretaria de Atenção Especializada à Saúde" artSize="12" artNotes="" numberPage="87" pdfPage="http://pesquisa.in.gov.br/imprensa/jsp/visualiza/index.jsp?data=03/11/2025&amp;jornal=515&amp;pagina=87" editionNumber="209" highlightType="" highlightPriority="" highlight="" highlightimage="" highlightimagename="" idMateria="23277317">
  <body>
    <Identifica><![CDATA[ Portaria SAES/MS Nº 3.395, DE 23 DE outubro DE 2025]]></Identifica>
    <Data><![CDATA[]]></Data>
    <Ementa><![CDATA[ Renova a autorização de Bancos de Tecido Ocular Humano e de Banco de Tecido Músculo Esquelético de estabelecimentos de saúde.]]></Ementa>
    <Titulo />
    <SubTitulo />
    <Texto><![CDATA[<p class="identifica">Portaria SAES/MS Nº 3.395, DE 23 DE outubro DE 2025</p><p class="ementa">Renova a autorização de Bancos de Tecido Ocular Humano e de Banco de Tecido Músculo Esquelético de estabelecimentos de saúde.</p><p>O SECRETÁRIO DE ATENÇÃO ESPECIALIZADA À SAÚDE, no uso das atribuições que lhe confere o Decreto nº 11.798, de 28 de novembro de 2023, alterado pelo Decreto nº 12.489, de 04 de junho de 2025, resolve:</p><p>Art. 1º Fica concedida renovação de autorização aos Bancos de Tecido Ocular Humano do(s) estabelecimento(s) de saúde a seguir identificados:</p><p>BANCO DE TECIDO OCULAR HUMANO: 24.13</p><p>CEARÁ</p><p /><p></p><table><tr /><tr><td rowspan="1" colspan="1"><p>Nº do SNT: 3 51 15 CE 05</p></td></tr><tr><td rowspan="1" colspan="1"><p>I - denominação: Banco de Olhos do Ceará / Banco de Olhos do Ceará B O C EPP</p></td></tr><tr><td rowspan="1" colspan="1"><p>II - CNPJ: 21.332.257/0001-10</p></td></tr><tr><td rowspan="1" colspan="1"><p>III - CNES: 7694660</p></td></tr><tr><td rowspan="1" colspan="1"><p>IV - endereço: Rua Vicente Nogueira Braga, nº 214, Salas 303 e 304, Bairro: Fátima, Fortaleza/CE, CEP 60.040-570.</p></td></tr><tr><td rowspan="1" colspan="1"><p>V- Responsável Técnico: Marineuza Rocha Memória, oftalmologista, CRM 4542-CE.</p></td></tr><tr><td rowspan="1" colspan="1"><p>VI - Responsável Técnico Substituto: Pollyanna Landim Falcão Tavares Ferreira, oftalmologista, CRM 12763-CE.</p></td></tr></table><p>SÃO PAULO</p><p /><p></p><table><tr /><tr><td rowspan="1" colspan="1"><p>Nº do SNT: 3 51 15 SP 09</p></td></tr><tr><td rowspan="1" colspan="1"><p>I - denominação: HC da FMUSP Hospital das Clinicas São Paulo / Fundação Faculdade de Medicina MEC MPAS</p></td></tr><tr><td rowspan="1" colspan="1"><p>II - CNPJ: 56.577.059/0001-00</p></td></tr><tr><td rowspan="1" colspan="1"><p>III - CNES: 2078015</p></td></tr><tr><td rowspan="1" colspan="1"><p>IV - endereço: Avenida Dr. Ovídio Pires de Campos, nº 255, Bairro: Cerqueira César, São Paulo/SP, CEP 05.403-010.</p></td></tr><tr><td rowspan="1" colspan="1"><p>V- Responsável Técnico: Ruth Miyuki Santo, oftalmologista, CRM 57390-SP.</p></td></tr><tr><td rowspan="1" colspan="1"><p>VI - Responsável Técnico Substituto: Flávio Fernandes Villela, oftalmologista, CRM 93881-SP.</p></td></tr></table><p /><p></p><table><tr /><tr><td rowspan="1" colspan="1"><p>Nº do SNT: 3 51 02 SP 12</p></td></tr><tr><td rowspan="1" colspan="1"><p>I - denominação: Banco de Olhos de Sorocaba / Hospital Oftalmológico de Sorocaba</p></td></tr><tr><td rowspan="1" colspan="1"><p>II - CNPJ: 50.795.566/0002-06</p></td></tr><tr><td rowspan="1" colspan="1"><p>III - CNES: 2078813</p></td></tr><tr><td rowspan="1" colspan="1"><p>IV - endereço: Rua Nabeck Shiroma, nº 210, Bairro: Jardim Emília Sorocaba/SP, CEP 18031-060.</p></td></tr><tr><td rowspan="1" colspan="1"><p>V- Responsável Técnico: Adriana dos Santos Forseto, oftalmologista, CRM 75264-SP.</p></td></tr><tr><td rowspan="1" colspan="1"><p>VI - Responsável Técnico Substituto: Diogenes José Cristovam Caldeira, oftalmologista, CRM 161912-SP;</p></td></tr></table><p>Art. 2º As renovações de autorização concedidas por meio desta Portaria, nos termos da Nota Técnica nº 100/2025-CGSNT/DAET/SAES/MS, constante no NUP/SEI 25000.181907/2025-58, terão validade de 4 (quatro) anos.</p><p>Art. 3º Esta portaria entra em vigor na data de sua publicação.</p><p class="assina">MOZART JULIO TABOSA SALES</p>]]></Texto>
  </body>
  <Midias />
</article></xml>