﻿<xml><article id="46239733" name="Int_Desp_3.143_2025_SFT_Retif" idOficio="11379586" pubName="DO1" artType="Retificação" pubDate="03/11/2025" artClass="00035:00043:00040:00000:00000:00000:00000:00000:00000:00000:00066:00000" artCategory="Ministério de Minas e Energia/Agência Nacional de Energia Elétrica/Superintendência de Fiscalização Técnica dos Serviços de Energia Elétrica" artSize="12" artNotes="" numberPage="72" pdfPage="http://pesquisa.in.gov.br/imprensa/jsp/visualiza/index.jsp?data=03/11/2025&amp;jornal=515&amp;pagina=72" editionNumber="209" highlightType="" highlightPriority="" highlight="" highlightimage="" highlightimagename="" idMateria="23276940">
  <body>
    <Identifica><![CDATA[ RETIFICAÇÃO]]></Identifica>
    <Data><![CDATA[]]></Data>
    <Ementa />
    <Titulo />
    <SubTitulo />
    <Texto><![CDATA[<p class="identifica">RETIFICAÇÃO</p><p>No Despacho nº 3.143, de 22 de outubro de 2025, publicado no DOU de 24 de outubro de 2025, seção 1, p. 210, v. 163, n. 204, onde se lê: "A multa deve ser recolhida em até 10 (dez) dias após a presente decisão e será concedido desconto de 25% (vinte e cinco por cento) no seu valor, caso haja renúncia expressa quanto à apresentação de Recurso Administrativo, dentro do prazo para sua interposição." leia-se: "A multa deve ser recolhida em até 20 (vinte) dias após a presente decisão. Reabre-se o prazo de 10 (dez) dias para apresentação de Recurso Administrativo contra o Despacho. Será concedido desconto de 25% (vinte e cinco por cento) no valor da multa, caso haja renúncia expressa quanto à apresentação de Recurso Administrativo dentro do prazo para sua interposição." A íntegra do Despacho consta dos autos e está disponível no endereço eletrônico biblioteca.aneel.gov.br.</p>]]></Texto>
  </body>
  <Midias />
</article></xml>