﻿<xml><article id="46232338" name="Atos Declaratorios CVM 24.116 a " idOficio="11378088" pubName="DO1" artType="Ato Declaratório" pubDate="03/11/2025" artClass="00028:00041:00019:00020:00003:00000:00000:00000:00000:00000:00007:00000" artCategory="Ministério da Fazenda/Comissão de Valores Mobiliários/Superintendência-Geral/Superintendência de Supervisão de Investidores Institucionais/Gerência de Acompanhamento de Investidores Institucionais" artSize="12" artNotes="ok" numberPage="57" pdfPage="http://pesquisa.in.gov.br/imprensa/jsp/visualiza/index.jsp?data=03/11/2025&amp;jornal=515&amp;pagina=57" editionNumber="209" highlightType="" highlightPriority="" highlight="" highlightimage="" highlightimagename="" idMateria="23273157">
  <body>
    <Identifica><![CDATA[ ATOS DECLARATÓRIOS CVM DE 31 DE OUTUBRO DE 2025]]></Identifica>
    <Data><![CDATA[]]></Data>
    <Ementa />
    <Titulo />
    <SubTitulo />
    <Texto><![CDATA[<p class="identifica">ATOS DECLARATÓRIOS CVM DE 31 DE OUTUBRO DE 2025</p><p>Nº 24.116 - O Gerente de Acompanhamento de Investidores Institucionais da Comissão de Valores Mobiliários, no uso da competência dada pela Resolução CVM nº 24, de 5 de março de 2021, autoriza ERIC FRANCHI LEONARDO, CPF nº ***.185.528-**, a prestar os serviços de Consultor de Valores Mobiliários, previstos na Resolução CVM nº 19, de 25 de fevereiro de 2021.</p><p>Nº 24.117 - O Gerente de Acompanhamento de Investidores Institucionais da Comissão de Valores Mobiliários, no uso da competência dada pela Resolução CVM nº 24, de 5 de março de 2021, autoriza GABRIEL FERREIRA DE MELO MORGADO, CPF n° ***.790.718-**, a prestar os serviços de Consultor de Valores Mobiliários, previstos na Resolução CVM nº 19, de 25 de fevereiro de 2021.</p><p class="assina">VEROCHILE DA SILVA JUNIOR</p>]]></Texto>
  </body>
  <Midias />
</article></xml>