﻿<xml><article id="46232278" name="2025-10-31/11378033/ANMWS_232731" idOficio="11378033" pubName="DO1" artType="Retificação" pubDate="03/11/2025" artClass="00035:00044:00019:00000:00000:00000:00000:00000:00000:00000:00066:00296" artCategory="Ministério de Minas e Energia/Agência Nacional de Mineração/Gerência Regional da ANM no Estado do Mato Grosso" artSize="12" artNotes="" numberPage="73" pdfPage="http://pesquisa.in.gov.br/imprensa/jsp/visualiza/index.jsp?data=03/11/2025&amp;jornal=515&amp;pagina=73" editionNumber="209" highlightType="" highlightPriority="" highlight="" highlightimage="" highlightimagename="" idMateria="23273119">
  <body>
    <Identifica><![CDATA[ despachoRelação  Nº  296/2025]]></Identifica>
    <Data><![CDATA[]]></Data>
    <Ementa />
    <Titulo />
    <SubTitulo />
    <Texto><![CDATA[<p class="identifica">despachoRelação Nº 296/2025</p><p>Fase de Autorização de Pesquisa</p><p>Retificação de despacho(1387)</p><p>867.218/2024-BRUNO RODRIGO VASCONCELOS GEOLOGIA - Publicado DOU de 30/10/2025, Relação n° 292/2025, Seção 1, pág. 121- Onde se lê:"... Cessionário:SL Mineração Ltda- CPF ou CNPJ 02.863.152/0001-43 ..." - Leia-se:"... Cessionário:SL Mineradora Ltda- CPF ou CNPJ 02.863.152/0001-43 ..."</p><p class="assina">JOCY GONÇALO DE MIRANDA</p><p class="cargo">Gerente</p>]]></Texto>
  </body>
  <Midias />
</article></xml>