﻿<xml><article id="46239030" name="Consulta Publica nA 95 - incorpo" idOficio="11379542" pubName="DO1" artType="Aviso de Consulta Pública" pubDate="03/11/2025" artClass="00047:00039:00000:00000:00000:00000:00000:00000:00000:00000:00017:00009" artCategory="Ministério da Saúde/Secretaria de Ciência, Tecnologia e Inovação e do Complexo Econômico-Industrial da Saúde" artSize="12" artNotes="" numberPage="92" pdfPage="http://pesquisa.in.gov.br/imprensa/jsp/visualiza/index.jsp?data=03/11/2025&amp;jornal=515&amp;pagina=92" editionNumber="209" highlightType="" highlightPriority="" highlight="" highlightimage="" highlightimagename="" idMateria="23276834">
  <body>
    <Identifica><![CDATA[ CONSULTA PÚBLICA SECTICS/MS Nº 95, DE 30 DE OUTUBRO DE 2025]]></Identifica>
    <Data><![CDATA[]]></Data>
    <Ementa />
    <Titulo />
    <SubTitulo />
    <Texto><![CDATA[<p class="identifica">CONSULTA PÚBLICA SECTICS/MS Nº 95, DE 30 DE OUTUBRO DE 2025</p><p>A SECRETÁRIA DE CIÊNCIA, TECNOLOGIA E INOVAÇÃO E DO COMPLEXO ECONÔMICO-INDUSTRIAL DA SAÚDE DO MINISTÉRIO DA SAÚDE torna pública, nos termos do inciso III do art. 19-R da Lei nº 8.080, de 19 de setembro de 1990, e do caput do art. 19 do Decreto nº 7.646, de 21 de dezembro de 2011, consulta para manifestação da sociedade civil a respeito da recomendação do Comitê de Medicamentos da Comissão Nacional de Incorporação de Tecnologias no Sistema Único de Saúde - Conitec relativa à proposta de incorporação do sofosbuvir/velpatasvir para o tratamento da hepatite C crônica em crianças de 3 a 11 anos, apresentada pela Secretaria de Vigilância em Saúde e Ambiente - SVSA/MS, nos autos de NUP 25000.164956/2024-45.</p><p>Fica estabelecido o prazo de 20 (vinte) dias, a contar da data útil subsequente à de publicação desta Consulta Pública, para que sejam apresentadas contribuições, devidamente fundamentadas. A documentação objeto desta Consulta Pública e o formulário para envio de contribuições estão à disposição dos interessados no endereço eletrônico: https://www.gov.br/conitec/pt-br/assuntos/participacao-social/consultas-publicas. A Secretaria-Executiva da Conitec avaliará as manifestações apresentadas a respeito da matéria.</p><p class="assina">FERNANDA DE NEGRI</p>]]></Texto>
  </body>
  <Midias />
</article></xml>