﻿<xml><article id="46239910" name="resolucao_4347_2025 GGFIS" idOficio="11379573" pubName="DO1" artType="Resolução" pubDate="03/11/2025" artClass="00047:00048:00016:00006:00000:00000:00000:00000:00000:00000:00064:34347" artCategory="Ministério da Saúde/Agência Nacional de Vigilância Sanitária/4ª Diretoria/Gerência-Geral de Inspeção e Fiscalização Sanitária" artSize="12" artNotes="" numberPage="134" pdfPage="http://pesquisa.in.gov.br/imprensa/jsp/visualiza/index.jsp?data=03/11/2025&amp;jornal=515&amp;pagina=134" editionNumber="209" highlightType="" highlightPriority="" highlight="" highlightimage="" highlightimagename="" idMateria="23277030">
  <body>
    <Identifica><![CDATA[ RESOLUÇÃO-RE Nº 4.347, de 31 DE Outubro DE 2025]]></Identifica>
    <Data><![CDATA[]]></Data>
    <Ementa />
    <Titulo />
    <SubTitulo />
    <Texto><![CDATA[<p class="identifica">RESOLUÇÃO-RE Nº 4.347, de 31 DE Outubro DE 2025</p><p>O GERENTE-GERAL DE INSPEÇÃO E FISCALIZAÇÃO SANITÁRIA DA AGÊNCIA NACIONAL DE VIGILÂNCIA SANITÁRIA, no uso das atribuições que lhe confere o art. 140, aliado ao art. 203, I, § 1º do Regimento Interno aprovado pela Resolução da Diretoria Colegiada - RDC nº 585, de 10 de dezembro de 2021, e</p><p>considerando o cumprimento dos requisitos de Boas Práticas de Fabricação preconizados em legislação vigente, para a área de Insumos Farmacêuticos, resolve:</p><p>Art. 1º Renovar a Certificação de Boas Práticas de Fabricação de Insumos Farmacêuticos Ativos das empresas constantes no ANEXO.</p><p>Art. 2º Esta Resolução entra em vigor na data de 6 de novembro de 2025.</p><p class="assina">Marcus AurÉlio Miranda de AraÚjo</p><p class="anexo">ANEXO</p><p>Fabricante: Bayer Healthcare LLC</p><p>Endereço: 800 Dwight Way, Berkeley, California (CA) 94710</p><p>País: Estados Unidos Da América Código Único: A.000086</p><p>Solicitante: Bayer S.A. CNPJ: 18.459.628/0001-15</p><p>Expediente(s): 0565252/25-9</p><p>Certificado de Boas Práticas de Fabricação de Insumos Farmacêuticos Ativos:</p><p>Insumos farmacêuticos ativos biológicos: alfadamoctocogue pegol e betaoctocogue.</p><p>Data de Vencimento: 06/11/2027</p><p>----------------------------------------------------------------------------------------------------</p><p>Fabricante: Biocon Biologics Limited</p><p>Endereço: Block No. B1, B2, B3, Q13 of Q1 and W20 &amp; Unit S18, 1st Floor, Block B4, Special Economic Zone, Plot No. 2, 3, 4 &amp; 5, Phase IV, Bommasandra - Jigani Link Road, Bommasandra Post Bengaluru - 560099</p><p>País: Índia Código único: A.000106</p><p>Solicitante: Libbs Farmacêutica Ltda CNPJ: 61.230.314/0001-75</p><p>Expediente(s): 0442853/25-4</p><p>Certificado de Boas Práticas de Fabricação de Insumos Farmacêuticos Ativos:</p><p>Insumos farmacêuticos ativos biológicos: trastuzumabe.</p><p>Data de Vencimento: 06/11/2027</p><p>----------------------------------------------------------------------------------------------------</p><p>Fabricante: Catalent Indiana, LLC</p><p>Endereço: 1300 South Patterson Drive, Bloomington, Indiana (IN) 47403</p><p>País: Estados Unidos da América Código único: A.001241</p><p>Solicitante: Produtos Roche Químicos e Farmacêuticos S.A. CNPJ: 33.009.945/0001-23</p><p>Expediente(s): 0567920/25-9</p><p>Certificado de Boas Práticas de Fabricação de Insumos Farmacêuticos Ativos:</p><p>Insumos farmacêuticos ativos biológicos: hialuronidase humana recombinante.</p><p>Data de Vencimento: 06/11/2027</p><p>----------------------------------------------------------------------------------------------------</p><p>Fabricante: GlaxoSmithKline Biologicals kft.</p><p>Endereço: Homoki Nagy István utca 1., Gödöllö, 2100</p><p>País: Hungria Código único: A.000267</p><p>Solicitante: Instituto Butantan CNPJ: 61.821.344/0001-56</p><p>Expediente(s): 0445257/25-3</p><p>Certificado de Boas Práticas de Fabricação de Insumos Farmacêuticos Ativos:</p><p>Insumos farmacêuticos ativos biológicos: toxoide diftérico e toxoide tetânico (fermentação, cultura celular e purificação)</p><p>Data de Vencimento: 06/11/2027</p><p>----------------------------------------------------------------------------------------------------</p><p>Fabricante: Lonza AG</p><p>Endereço: Lonzastrasse, 3930 Visp</p><p>País: Suíça Código Único: A.000934</p><p>Solicitante: Daiichi Sankyo Brasil Farmacêutica Ltda CNPJ: 60.874.187/0001-84</p><p>Expediente(s): 0621258/25-3</p><p>Certificado de Boas Práticas de Fabricação de Insumos Farmacêuticos Ativos:</p><p>Insumos farmacêuticos ativos biológicos: trastuzumabe deruxtecana (conjugação).</p><p>Data de Vencimento: 06/11/2027</p>]]></Texto>
  </body>
  <Midias />
</article></xml>