﻿<xml><article id="46258842" name="Extrato 2025-11-03 - Ato 16345 a" idOficio="11381914" pubName="DO1" artType="Ato" pubDate="04/11/2025" artClass="00014:00019:00014:00154:00000:00000:00000:00000:00000:00000:00006:00000" artCategory="Ministério das Comunicações/Agência Nacional de Telecomunicações/Superintendência de Fiscalização/Gerência Regional nos Estados do Paraná e Santa Catarina" artSize="12" artNotes="" numberPage="7" pdfPage="http://pesquisa.in.gov.br/imprensa/jsp/visualiza/index.jsp?data=04/11/2025&amp;jornal=515&amp;pagina=7" editionNumber="210" highlightType="" highlightPriority="" highlight="" highlightimage="" highlightimagename="" idMateria="23279909">
  <body>
    <Identifica><![CDATA[ ATOS DE 3 DE NOVEMBRO DE 2025]]></Identifica>
    <Data><![CDATA[]]></Data>
    <Ementa />
    <Titulo />
    <SubTitulo />
    <Texto><![CDATA[<p class="identifica">ATOS DE 3 DE NOVEMBRO DE 2025</p><p>Extinguir, por cassação, a autorização no SERVIÇO DE INTERESSE RESTRITO outorgada aos abaixo identificados, por perda das condições indispensáveis à manutenção da autorização:</p><p>Nº 16.345 - Processo nº 53504.010545/2025-86: LUIS CARLOS MARIA, CPF nº ***.869.348-**.</p><p>Nº 16.346 - Processo nº 53504.010651/2025-60: ADALBERTO FRIDOLINO SCHEFFKNECHT, CPF nº ***.840.788-**.</p><p>Nº 16.347 - Processo nº 53516.004623/2025-74: IZAIAS DE ANDRADE NUNES, CPF nº ***.710.369-**.</p><p class="assina">MARCIO ANTONIO PROTZEK</p><p class="cargo">Gerente Substituto</p>]]></Texto>
  </body>
  <Midias />
</article></xml>