﻿<xml><article id="46239670" name="PA 18120-GFOP-SPL" idOficio="11379564" pubName="DO1" artType="Portaria" pubDate="03/11/2025" artClass="00041:00019:01104:00007:00000:00000:00000:00000:00000:00000:00054:00000" artCategory="Ministério de Portos e Aeroportos/Agência Nacional de Aviação Civil/Superintendência de Pessoal da Aviação Civil/Gerência de Formação e Qualificação de Pessoal" artSize="12" artNotes="ok" numberPage="77" pdfPage="http://pesquisa.in.gov.br/imprensa/jsp/visualiza/index.jsp?data=03/11/2025&amp;jornal=515&amp;pagina=77" editionNumber="209" highlightType="" highlightPriority="" highlight="" highlightimage="" highlightimagename="" idMateria="23276949">
  <body>
    <Identifica><![CDATA[ PORTARIA Nº 18.120, DE 24 DE OUTUBRO DE 2025]]></Identifica>
    <Data><![CDATA[]]></Data>
    <Ementa />
    <Titulo />
    <SubTitulo />
    <Texto><![CDATA[<p class="identifica">PORTARIA Nº 18.120, DE 24 DE OUTUBRO DE 2025</p><p>O GERENTE DE FORMAÇÃO E QUALIFICAÇÃO DE PESSOAL, no uso da atribuição que lhe confere o art. 15, inciso I, da Portaria nº 13.517/SPL, de 2 de janeiro de 2024, tendo em vista o disposto no Regulamento Brasileiro da Aviação Civil - RBAC nº 110, e considerando o que consta do processo nº 00058.542679/2017-09, resolve:</p><p>Art. 1º Revogar as seguintes Portarias que autorizaram o Centro de Instrução TOP LYNE SERVICOS LTDA., CNPJ nº 09.195.665/0001-72, a ministrar cursos em Segurança da Aviação Civil contra Atos de Interferência Ilícita (AVSEC), na modalidade de ensino presencial, nos termos do Regulamento Brasileiro da Aviação Civil - RBAC nº 110:</p><p>I - Portaria nº 1.044/SIA, de 28 de março de 2018, publicada no Diário Oficial da União de 3 de abril de 2018, Seção 1, página 89; e</p><p>II - Portaria nº 30/SIA, de 4 de janeiro de 2019, publicada no Diário Oficial da União de 11 de janeiro de 2019, Seção 1, página 30.</p><p>Art. 2º A revogação automática de que trata o parágrafo 110.25(a) do RBAC nº 110 ocorreu em 13 de outubro de 2025.</p><p>Art. 3º Caso a organização de instrução deseje voltar a operar no futuro, deverá iniciar um novo processo de Autorização de Centro de Instrução AVSEC, conforme previsto no parágrafo 110.25(a)(1) do RBAC nº 110.</p><p>Art. 4º Esta Portaria entra em vigor na data de sua publicação.</p><p class="assina">ANDRÉ STOCK HOFFMANN</p>]]></Texto>
  </body>
  <Midias />
</article></xml>