﻿<xml><article id="46242318" name="Atos08out" idOficio="11379661" pubName="DO1" artType="Ato" pubDate="03/11/2025" artClass="00014:00019:00016:00057:00000:00000:00000:00000:00000:00000:00006:00000" artCategory="Ministério das Comunicações/Agência Nacional de Telecomunicações/Superintendência de Outorga e Recursos à Prestação/Gerência de Outorga e Licenciamento de Estações" artSize="12" artNotes="" numberPage="30" pdfPage="http://pesquisa.in.gov.br/imprensa/jsp/visualiza/index.jsp?data=03/11/2025&amp;jornal=515&amp;pagina=30" editionNumber="209" highlightType="" highlightPriority="" highlight="" highlightimage="" highlightimagename="" idMateria="23277284">
  <body>
    <Identifica><![CDATA[ ATO Nº 14.699, DE 8 DE OUTUBRO DE 2025]]></Identifica>
    <Data><![CDATA[]]></Data>
    <Ementa />
    <Titulo />
    <SubTitulo />
    <Texto><![CDATA[<p class="identifica">ATO Nº 14.699, DE 8 DE OUTUBRO DE 2025</p><p>Processo nº 53500.082200/2025-64. Outorga autorização de Uso de Radiofrequência à ASSOCIAÇÃO DE RADIODIFUSÃO MARRECAS, CNPJ 46.294.601/0001-55, executante do Serviço de Radiodifusão Comunitária, na localidade de Francisco Beltrão/PR.</p><p class="assina">Renato Sales Bizerra Aguiar</p><p class="cargo">Gerente</p>]]></Texto>
  </body>
  <Midias />
</article></xml>