﻿<xml><article id="46234855" name="TABELA RDC 630 - nova versao - 3" idOficio="11378433" pubName="DO1" artType="Decisão" pubDate="03/11/2025" artClass="00047:00047:00007:00001:00000:00000:00000:00000:00000:00000:00018:00024" artCategory="Ministério da Saúde/Agência Nacional de Saúde Suplementar/Diretoria Colegiada/Coordenadoria de Recursos e Assessoramento" artSize="24" artNotes="" numberPage="98" pdfPage="http://pesquisa.in.gov.br/imprensa/jsp/visualiza/index.jsp?data=03/11/2025&amp;jornal=515&amp;pagina=98" editionNumber="209" highlightType="" highlightPriority="" highlight="" highlightimage="" highlightimagename="" idMateria="23273680">
  <body>
    <Identifica />
    <Data><![CDATA[]]></Data>
    <Ementa />
    <Titulo />
    <SubTitulo />
    <Texto><![CDATA[<p /><p></p><table><tr /><tr><td rowspan="1" colspan="1"><p>33910.041025/2022-73</p></td><td rowspan="1" colspan="1"><p>AUSTACLIÍICAS ASSISTÊNCIA MÉDICA E HOSPITALAR LTDA</p></td><td rowspan="1" colspan="1"><p>DIGES</p></td><td rowspan="1" colspan="1"><p>Pelo conhecimento e não provimento do recurso, na forma manifestada na Nota Técnica nº 1830/2025/GEIRS/DIDES/ANS, mantendo a decisão da DIDES.</p></td></tr><tr><td rowspan="1" colspan="1"><p>33910.041367/2022-93</p></td><td rowspan="1" colspan="1"><p>UNIMED COSTA DO DESCOBRIMENTO COOPERATIVA DE TRABALHO MÉDICO</p></td><td rowspan="1" colspan="1"><p>DIGES</p></td><td rowspan="1" colspan="1"><p>Pelo conhecimento e provimento parcial do recurso, na forma manifestada na Nota Técnica nº 1834/2025/GEIRS/DIDES/ANS, mantendo a decisão da DIDES.</p></td></tr><tr><td rowspan="1" colspan="1"><p>33910.020971/2023-67</p></td><td rowspan="1" colspan="1"><p>UNIMED VALE DO PIQUIRI-COOPERATIVA DE TRABALHO MÉDICO VALE DO PIQUIRI</p></td><td rowspan="1" colspan="1"><p>DIGES</p></td><td rowspan="1" colspan="1"><p>Pelo conhecimento e não provimento do recurso, na forma manifestada na Nota Técnica nº 1868/2025/GEIRS/DIDES/ANS, mantendo a decisão da DIDES.</p></td></tr><tr><td rowspan="1" colspan="1"><p>33910.031517/2023-31</p></td><td rowspan="1" colspan="1"><p>UNIMED CAMPO BELO- COOPERATIVA DE TRABALHO MÉDICO</p></td><td rowspan="1" colspan="1"><p>DIGES</p></td><td rowspan="1" colspan="1"><p>Pelo conhecimento e provimento do recurso, na forma manifestada na Nota Técnica nº 1814/2025/GEIRS/DIDES/ANS, mantendo a decisão da DIDES.</p></td></tr></table>]]></Texto>
  </body>
  <Midias />
</article></xml>