﻿<xml><article id="46239426" name="resolucao_4341_2025 GGMED" idOficio="11379548" pubName="DO1" artType="Resolução" pubDate="03/11/2025" artClass="00047:00048:00014:00008:00000:00000:00000:00000:00000:00000:00064:34341" artCategory="Ministério da Saúde/Agência Nacional de Vigilância Sanitária/2ª Diretoria/Gerência-Geral de Medicamentos" artSize="12" artNotes="" numberPage="104" pdfPage="http://pesquisa.in.gov.br/imprensa/jsp/visualiza/index.jsp?data=03/11/2025&amp;jornal=515&amp;pagina=104" editionNumber="209" highlightType="" highlightPriority="" highlight="" highlightimage="" highlightimagename="" idMateria="23276843">
  <body>
    <Identifica><![CDATA[ RESOLUÇÃO-RE Nº 4.341, DE 31 DE OUTUBRO DE 2025]]></Identifica>
    <Data><![CDATA[]]></Data>
    <Ementa />
    <Titulo />
    <SubTitulo />
    <Texto><![CDATA[<p class="identifica">RESOLUÇÃO-RE Nº 4.341, DE 31 DE OUTUBRO DE 2025</p><p>O GERENTE-GERAL DE MEDICAMENTOS DA AGÊNCIA NACIONAL DE VIGILÂNCIA SANITÁRIA, no uso das atribuições que lhe confere o art. 100, aliado ao art. 203, I, § 1º do Regimento Interno aprovado pela Resolução da Diretoria Colegiada - RDC nº 585, de 10 de dezembro de 2021, resolve:</p><p>Art. 1º Indeferir petições relacionadas à Gerência-Geral de Medicamentos, conforme anexo.</p><p>Art. 2º Esta Resolução entra em vigor na data de sua publicação.</p><p class="assina">RAPHAEL SANCHES PEREIRA</p><p class="anexo">ANEXO</p><p>NOME DA EMPRESA CNPJ</p><p>PRINCIPIO(S) ATIVO(S)</p><p>NOME DO MEDICAMENTO NUMERO DO PROCESSO VENCIMENTO DO REGISTRO</p><p>ASSUNTO DA PETIÇÃO EXPEDIENTE</p><p>NUMERO DE REGISTRO VALIDADE</p><p>APRESENTAÇÃO DO PRODUTO</p><p>PRINCIPIO(S) ATIVO(S)</p><p>--------------------------------------------------</p><p>EMS S/A 57507378000365</p><p>LENALIDOMIDA</p><p>LYDOMID 25351.087945/2024-54 11/2035</p><p>10490 SIMILAR - REGISTRO DE PRODUTO - CLONE 0287115/24-7</p><p>(155 GENERICO - REGISTRO DE MEDICAMENTO - 0170635/24-7 - 25351.023355/2024-01)</p><p>5 MG CAP DURA CT BL AL PLAS PVC/PCTFE TRANS X 7</p><p>5 MG CAP DURA CT BL AL PLAS PVC/PCTFE TRANS X 14</p><p>5 MG CAP DURA CT BL AL PLAS PVC/PCTFE TRANS X 21</p><p>10 MG CAP DURA CT BL AL PLAS PVC/PCTFE TRANS X 7</p><p>10 MG CAP DURA CT BL AL PLAS PVC/PCTFE TRANS X 14</p><p>10 MG CAP DURA CT BL AL PLAS PVC/PCTFE TRANS X 21</p><p>10 MG CAP DURA CT BL AL PLAS PVC/PCTFE TRANS X 28</p><p>15 MG CAP DURA CT BL AL PLAS PVC/PCTFE TRANS X 7</p><p>15 MG CAP DURA CT BL AL PLAS PVC/PCTFE TRANS X 14</p><p>15 MG CAP DURA CT BL AL PLAS PVC/PCTFE TRANS X 21</p><p>15 MG CAP DURA CT BL AL PLAS PVC/PCTFE TRANS X 28</p><p>25 MG CAP DURA CT BL AL PLAS PVC/PCTFE TRANS X 7</p><p>25 MG CAP DURA CT BL AL PLAS PVC/PCTFE TRANS X 14</p><p>25 MG CAP DURA CT BL AL PLAS PVC/PCTFE TRANS X 21</p><p>--------------------------------------------------</p><p>NATCOFARMA DO BRASIL LTDA 08157293000127</p><p>lenalidomida 25351.023355/2024-01 11/2035</p><p>155 GENERICO - REGISTRO DE MEDICAMENTO 0170635/24-7</p><p>5 MG CAP DURA CT BL AL PLAS PVC/PCTFE TRANS X 7</p><p>5 MG CAP DURA CT BL AL PLAS PVC/PCTFE TRANS X 14</p><p>5 MG CAP DURA CT BL AL PLAS PVC/PCTFE TRANS X 21</p><p>10 MG CAP DURA CT BL AL PLAS PVC/PCTFE TRANS X 7</p><p>10 MG CAP DURA CT BL AL PLAS PVC/PCTFE TRANS X 14</p><p>10 MG CAP DURA CT BL AL PLAS PVC/PCTFE TRANS X 21</p><p>10 MG CAP DURA CT BL AL PLAS PVC/PCTFE TRANS X 28</p><p>15 MG CAP DURA CT BL AL PLAS PVC/PCTFE TRANS X 7</p><p>15 MG CAP DURA CT BL AL PLAS PVC/PCTFE TRANS X 14</p><p>15 MG CAP DURA CT BL AL PLAS PVC/PCTFE TRANS X 21</p><p>15 MG CAP DURA CT BL AL PLAS PVC/PCTFE TRANS X 28</p><p>25 MG CAP DURA CT BL AL PLAS PVC/PCTFE TRANS X 7</p><p>25 MG CAP DURA CT BL AL PLAS PVC/PCTFE TRANS X 14</p><p>25 MG CAP DURA CT BL AL PLAS PVC/PCTFE TRANS X 21</p>]]></Texto>
  </body>
  <Midias />
</article></xml>