﻿<xml><article id="46232846" name="Aut-677_2025" idOficio="11378286" pubName="DO1" artType="Autorização" pubDate="03/11/2025" artClass="00035:00045:00048:00000:00000:00000:00000:00000:00000:00000:00012:00000" artCategory="Ministério de Minas e Energia/Agência Nacional do Petróleo, Gás Natural e Biocombustíveis/Superintendência de Distribuição e Logística" artSize="12" artNotes="" numberPage="75" pdfPage="http://pesquisa.in.gov.br/imprensa/jsp/visualiza/index.jsp?data=03/11/2025&amp;jornal=515&amp;pagina=75" editionNumber="209" highlightType="" highlightPriority="" highlight="" highlightimage="" highlightimagename="" idMateria="23273380">
  <body>
    <Identifica><![CDATA[ AUTORIZAÇÃO SDL-ANP Nº 677, DE 31 DE OUTUBRO DE 2025]]></Identifica>
    <Data><![CDATA[]]></Data>
    <Ementa />
    <Titulo />
    <SubTitulo />
    <Texto><![CDATA[<p class="identifica">AUTORIZAÇÃO SDL-ANP Nº 677, DE 31 DE OUTUBRO DE 2025</p><p>O SUPERINTENDENTE DE DISTRIBUIÇÃO E LOGÍSTICA da AGÊNCIA NACIONAL DO PETRÓLEO, GÁS NATURAL E BIOCOMBUSTÍVEIS - ANP, no uso das atribuições que lhe foram conferidas pela Portaria ANP nº 265, de 10 de setembro de 2020, tendo em vista o disposto na Lei nº 9.478, de 6 de agosto de 1997, considerando as disposições da Resolução ANP nº 960, de 5 de outubro de 2023, e o que consta do processo nº 48610.213223/2025-40, resolve: autorizar a empresa JOAPI DISTRIBUIDORA DE COMBUSTÍVEIS S.A., CNPJ nº 00.401.560/0001-58, a operar a instalação de distribuição de combustíveis líquidos, exceto combustíveis de aviação, localizada a Rua Porto da Farinha 256, Caju, Nova Santa Rita/RS, 92480-000 [Coordenadas Geográficas Aproximadas (Latitude, Longitude): -29:50:04,100; -51:15:10,200 (SIRGAS 2000)]. A capacidade total de armazenamento é de 840,00 m³.</p><p /><p></p><table><tr /><tr><td rowspan="1" colspan="1"><p>TQ</p></td><td rowspan="1" colspan="1"><p>Ø</p><p>(m)</p></td><td rowspan="1" colspan="1"><p>Altura/</p><p>Comp. (m)</p></td><td rowspan="1" colspan="1"><p>Capacidade</p><p>(m³)</p></td><td rowspan="1" colspan="1"><p>Classe</p></td><td rowspan="1" colspan="1"><p>Tipo</p></td></tr><tr><td rowspan="1" colspan="1"><p>01</p></td><td rowspan="1" colspan="1"><p>6,90</p></td><td rowspan="1" colspan="1"><p>5,50</p></td><td rowspan="1" colspan="1"><p>205,00</p></td><td rowspan="1" colspan="1"><p>I, II ou III</p></td><td rowspan="1" colspan="1"><p>Vertical aéreo</p></td></tr><tr><td rowspan="1" colspan="1"><p>02</p></td><td rowspan="1" colspan="1"><p>6,90</p></td><td rowspan="1" colspan="1"><p>5,50</p></td><td rowspan="1" colspan="1"><p>205,00</p></td><td rowspan="1" colspan="1"><p>I, II ou III</p></td><td rowspan="1" colspan="1"><p>Vertical aéreo</p></td></tr><tr><td rowspan="1" colspan="1"><p>03</p></td><td rowspan="1" colspan="1"><p>3,10</p></td><td rowspan="1" colspan="1"><p>9,00</p></td><td rowspan="1" colspan="1"><p>70,00</p></td><td rowspan="1" colspan="1"><p>I, II ou III</p></td><td rowspan="1" colspan="1"><p>Horizontal aéreo</p></td></tr><tr><td rowspan="1" colspan="1"><p>04</p></td><td rowspan="1" colspan="1"><p>3,10</p></td><td rowspan="1" colspan="1"><p>9,00</p></td><td rowspan="1" colspan="1"><p>70,00</p></td><td rowspan="1" colspan="1"><p>I, II ou III</p></td><td rowspan="1" colspan="1"><p>Horizontal aéreo</p></td></tr><tr><td rowspan="1" colspan="1"><p>05</p></td><td rowspan="1" colspan="1"><p>3,10</p></td><td rowspan="1" colspan="1"><p>9,00</p></td><td rowspan="1" colspan="1"><p>70,00</p></td><td rowspan="1" colspan="1"><p>I, II ou III</p></td><td rowspan="1" colspan="1"><p>Horizontal aéreo</p></td></tr><tr><td rowspan="1" colspan="1"><p>06</p></td><td rowspan="1" colspan="1"><p>3,10</p></td><td rowspan="1" colspan="1"><p>9,00</p></td><td rowspan="1" colspan="1"><p>70,00</p></td><td rowspan="1" colspan="1"><p>I, II ou III</p></td><td rowspan="1" colspan="1"><p>Horizontal aéreo</p></td></tr><tr><td rowspan="1" colspan="1"><p>07</p></td><td rowspan="1" colspan="1"><p>5,90</p></td><td rowspan="1" colspan="1"><p>5,50</p></td><td rowspan="1" colspan="1"><p>150,00</p></td><td rowspan="1" colspan="1"><p>I, II ou III</p></td><td rowspan="1" colspan="1"><p>Vertical aéreo</p></td></tr></table><p>DIOGO VALERIO</p>]]></Texto>
  </body>
  <Midias />
</article></xml>