﻿<xml><article id="46240789" name="PT SAES NA 3396" idOficio="11379683" pubName="DO1" artType="Portaria" pubDate="03/11/2025" artClass="00047:00037:00000:00000:00000:00000:00000:00000:00000:00000:00017:00013" artCategory="Ministério da Saúde/Secretaria de Atenção Especializada à Saúde" artSize="12" artNotes="" numberPage="88" pdfPage="http://pesquisa.in.gov.br/imprensa/jsp/visualiza/index.jsp?data=03/11/2025&amp;jornal=515&amp;pagina=88" editionNumber="209" highlightType="" highlightPriority="" highlight="" highlightimage="" highlightimagename="" idMateria="23277329">
  <body>
    <Identifica><![CDATA[ Portaria SAES/MS Nº 3.396, DE 23 DE outubro DE 2025]]></Identifica>
    <Data><![CDATA[]]></Data>
    <Ementa><![CDATA[ Substitui Responsável Técnico por equipe de transplante.]]></Ementa>
    <Titulo />
    <SubTitulo />
    <Texto><![CDATA[<p class="identifica">Portaria SAES/MS Nº 3.396, DE 23 DE outubro DE 2025</p><p class="ementa">Substitui Responsável Técnico por equipe de transplante.</p><p>O SECRETÁRIO DE ATENÇÃO ESPECIALIZADA À SAÚDE, no uso das atribuições que lhe confere o Decreto nº 11.798, de 28 de novembro de 2023, alterado pelo Decreto nº 12.489, de 04 de junho de 2025, resolve:</p><p>Art. 1º Fica substituído, nos termos da Nota Técnica nº 100/2025-CGSNT/DAET/SAES/MS constante no NUP/SEI 25000.181907/2025-58, o Responsável Técnico da equipe de transplante autorizada pelo art. 6º, da Portaria SAES/MS nº 3.109, de 6 de agosto de 2025, publicada no Diário Oficial da União nº 153, de 14 de agosto de 2025, seção 1, página 93, pelo que se segue:</p><p>TRANSPLANTE DE CÓRNEA/ESCLERA: 24.07</p><p>SÃO PAULO</p><p /><p></p><table><tr /><tr><td rowspan="1" colspan="1"><p>Nº do SNT: 1 11 25 SP 80</p></td></tr><tr><td rowspan="1" colspan="1"><p>I - responsável técnico: Jorge Selem Haddad Neto, oftalmologista, CRM 140736 - SP.</p></td></tr></table><p>Parágrafo único. Débora Fardim Mota, oftalmologista, CRM 188412 - SP passa a atuar como membro da referida equipe de transplante.</p><p>Art. 2º Esta Portaria entra em vigor na data de sua publicação.</p><p class="assina">MOZART JULIO TABOSA SALES</p>]]></Texto>
  </body>
  <Midias />
</article></xml>