﻿<xml><article id="46236551" name="Portaria 88 - Decisao de incorpo" idOficio="11379251" pubName="DO1" artType="Portaria" pubDate="03/11/2025" artClass="00047:00039:00000:00000:00000:00000:00000:00000:00000:00000:00017:00002" artCategory="Ministério da Saúde/Secretaria de Ciência, Tecnologia e Inovação e do Complexo Econômico-Industrial da Saúde" artSize="12" artNotes="" numberPage="92" pdfPage="http://pesquisa.in.gov.br/imprensa/jsp/visualiza/index.jsp?data=03/11/2025&amp;jornal=515&amp;pagina=92" editionNumber="209" highlightType="" highlightPriority="" highlight="" highlightimage="" highlightimagename="" idMateria="23276392">
  <body>
    <Identifica><![CDATA[ PORTARIA SECTICS/MS Nº 88, DE 30 DE OUTUBRO DE 2025]]></Identifica>
    <Data><![CDATA[]]></Data>
    <Ementa><![CDATA[ Torna pública a decisão de incorporar, no âmbito do Sistema Único de Saúde - SUS, o abemaciclibe para o tratamento de câncer de mama precoce, receptor hormonal positivo, receptor do fator de crescimento epidérmico humano 2 (HER2) negativo, linfonodo positivo e com alto risco de recorrência, conforme Protocolo Clínico do Ministério da Saúde.  Ref.: 25000.197048/2024-38]]></Ementa>
    <Titulo />
    <SubTitulo />
    <Texto><![CDATA[<p class="identifica">PORTARIA SECTICS/MS Nº 88, DE 30 DE OUTUBRO DE 2025</p><p class="ementa">Torna pública a decisão de incorporar, no âmbito do Sistema Único de Saúde - SUS, o abemaciclibe para o tratamento de câncer de mama precoce, receptor hormonal positivo, receptor do fator de crescimento epidérmico humano 2 (HER2) negativo, linfonodo positivo e com alto risco de recorrência, conforme Protocolo Clínico do Ministério da Saúde. Ref.: 25000.197048/2024-38</p><p>A SECRETÁRIA DE CIÊNCIA, TECNOLOGIA E INOVAÇÃO E DO COMPLEXO ECONÔMICO-INDUSTRIAL DA SAÚDE DO MINISTÉRIO DA SAÚDE, no uso das atribuições que lhe conferem a alínea "c" do inciso I do art. 32 do Decreto nº 11.798, de 28 de novembro de 2023, e tendo em vista o disposto nos arts. 20 e 23 do Decreto nº 7.646, de 21 de dezembro de 2011, resolve:</p><p>Art. 1º Incorporar, no âmbito do Sistema Único de Saúde - SUS, o abemaciclibe para o tratamento de câncer de mama precoce, receptor hormonal positivo, receptor do fator de crescimento epidérmico humano 2 (HER2) negativo, linfonodo positivo e com alto risco de recorrência, conforme Protocolo Clínico do Ministério da Saúde.</p><p>Art. 2º Conforme determina o art. 25 do Decreto nº 7.646, 21 de dezembro de 2011, as áreas técnicas terão o prazo máximo de 180 (cento e oitenta) dias para efetivar a oferta no SUS.</p><p>Art. 3º O relatório de recomendação da Comissão Nacional de Incorporação de Tecnologias no Sistema Único de Saúde - Conitec sobre essa tecnologia estará disponível no endereço eletrônico: https://www.gov.br/conitec/pt-br.</p><p>Art. 4º Esta Portaria entra em vigor na data de sua publicação.</p><p class="assina">FERNANDA DE NEGRI</p>]]></Texto>
  </body>
  <Midias />
</article></xml>