﻿<xml><article id="46246673" name="8630 PortariaPropostaFAF_2025103" idOficio="11379781" pubName="DO1" artType="Portaria" pubDate="03/11/2025" artClass="00047:00001:00000:00000:00000:00000:00000:00000:00000:00000:00054:00000" artCategory="Ministério da Saúde/Gabinete do Ministro" artSize="24" artNotes="" numberPage="85" pdfPage="http://pesquisa.in.gov.br/imprensa/jsp/visualiza/index.jsp?data=03/11/2025&amp;jornal=515&amp;pagina=85" editionNumber="209" highlightType="" highlightPriority="" highlight="" highlightimage="" highlightimagename="" idMateria="23277486">
  <body>
    <Identifica><![CDATA[ PORTARIA GM/MS Nº 8.630, DE 31 DE OUTUBRO DE 2025]]></Identifica>
    <Data><![CDATA[]]></Data>
    <Ementa><![CDATA[ Autoriza o  Município ou Distrito Federal a receber recursos referentes ao incremento temporário ao custeio dos serviços de Atenção Primária à Saúde. ]]></Ementa>
    <Titulo />
    <SubTitulo />
    <Texto><![CDATA[<p class="identifica">PORTARIA GM/MS Nº 8.630, DE 31 DE OUTUBRO DE 2025</p><p class="ementa">Autoriza o Município ou Distrito Federal a receber recursos referentes ao incremento temporário ao custeio dos serviços de Atenção Primária à Saúde.</p><p>O MINISTRO DE ESTADO DA SAÚDE, no uso das atribuições que lhe conferem os incisos I e II do parágrafo único do art. 87 da Constituição, em observância a Lei nº 15.121, de 10 de abril de 2025, Lei Complementar nº 141, de 13 de janeiro de 2012, Lei nº 8.080, de 19 de setembro de 1990, resolve:</p><p>Art. 1º Ficam autorizados os Municípios e o Distrito Federal descritos no anexo a esta Portaria a receberem recursos financeiros referentes ao incremento temporário para o custeio dos serviços de Atenção Primária à Saúde.</p><p>Art. 2º Os recursos financeiros tratados nesta Portaria referem-se à aplicação das emendas parlamentares para incremento temporário do Piso da Atenção Primária à Saúde.</p><p>Art. 3º As propostas de que tratam esta portaria serão processadas no InvestSUS, disponível no portalfns.saude.gov.br.</p><p>Art. 4º O Fundo Nacional de Saúde adotará as medidas necessárias para as transferências de recursos financeiros estabelecidas nesta Portaria aos respectivos Fundos de Saúde, em parcela única, em conformidade com os processos de pagamento instruídos pela Secretaria Finalística, após atendidas as condições previstas para essa modalidade de transferência.</p><p>Art. 5º A prestação de contas sobre a aplicação dos recursos financeiros será realizada por meio do Relatório Anual de Gestão - RAG aprovado pelo respectivo Conselho local de saúde, nos termos dos artigos 34 a 36 da Lei Complementar nº 141, de 14 de janeiro de 2012.</p><p>Art. 6º Esta Portaria entra em vigor na data de sua publicação.</p><p class="anexo">ALEXANDRE ROCHA SANTOS PADILHA</p><p>ANEXO</p><p>Entes federados autorizados a receberem recursos financeiros federais de emendas destinados ao incremento temporário ao custeio dos serviços de Atenção Primária à Saúde.</p><p /><p></p><table><tr /><tr><td rowspan="1" colspan="1"><p>UF</p></td><td rowspan="1" colspan="1"><p>MUNICÍPIO</p></td><td rowspan="1" colspan="1"><p>ENTIDADE</p></td><td rowspan="1" colspan="1"><p>Nº DA PROPOSTA</p></td><td rowspan="1" colspan="1"><p>CÓD. EMENDA</p></td><td rowspan="1" colspan="1"><p>VALOR POR EMENDA (R$)</p></td><td rowspan="1" colspan="1"><p>VALOR TOTAL DA PROPOSTA (R$)</p></td><td rowspan="1" colspan="1"><p>FUNCIONAL PROGRAMÁTICA</p></td></tr><tr><td rowspan="1" colspan="1"><p>AP</p></td><td rowspan="1" colspan="1"><p>MAZAGAO</p></td><td rowspan="1" colspan="1"><p>FUNDO MUNICIPAL DE SAUDE</p></td><td rowspan="1" colspan="1"><p>36000714626202500</p></td><td rowspan="1" colspan="1"><p>40790005</p></td><td rowspan="1" colspan="1"><p>719,00</p></td><td rowspan="1" colspan="1"><p>719,00</p></td><td rowspan="1" colspan="1"><p>1030151192E890016</p></td></tr><tr><td rowspan="1" colspan="1"><p>BA</p></td><td rowspan="1" colspan="1"><p>CAIRU</p></td><td rowspan="1" colspan="1"><p>FUNDO MUNICIPAL DE SAUDE</p></td><td rowspan="1" colspan="1"><p>36000714830202500</p></td><td rowspan="1" colspan="1"><p>30910002</p></td><td rowspan="1" colspan="1"><p>500.000,00</p></td><td rowspan="1" colspan="1"><p>500.000,00</p></td><td rowspan="1" colspan="1"><p>1030151192E890029</p></td></tr><tr><td rowspan="1" colspan="1"><p>ES</p></td><td rowspan="1" colspan="1"><p>IBATIBA</p></td><td rowspan="1" colspan="1"><p>FUNDO MUNICIPAL DE SAUDE IBATIBA</p></td><td rowspan="1" colspan="1"><p>36000713698202500</p></td><td rowspan="1" colspan="1"><p>43620006</p></td><td rowspan="1" colspan="1"><p>500.000,00</p></td><td rowspan="1" colspan="1"><p>500.000,00</p></td><td rowspan="1" colspan="1"><p>1030151192E890032</p></td></tr><tr><td rowspan="1" colspan="1"><p>GO</p></td><td rowspan="1" colspan="1"><p>CACHOEIRA ALTA</p></td><td rowspan="1" colspan="1"><p>FUNDO MUNICIPAL DE SAUDE</p></td><td rowspan="1" colspan="1"><p>36000714711202500</p></td><td rowspan="1" colspan="1"><p>39000007</p></td><td rowspan="1" colspan="1"><p>100.000,00</p></td><td rowspan="1" colspan="1"><p>100.000,00</p></td><td rowspan="1" colspan="1"><p>1030151192E890052</p></td></tr><tr><td rowspan="1" colspan="1"><p>GO</p></td><td rowspan="1" colspan="1"><p>MONTE ALEGRE DE GOIAS</p></td><td rowspan="1" colspan="1"><p>FUNDO MUNICIPAL DE SAUDE DE MONTE ALEGRE DE GOIAS</p></td><td rowspan="1" colspan="1"><p>36000714096202500</p></td><td rowspan="1" colspan="1"><p>43420010</p></td><td rowspan="1" colspan="1"><p>101.158,00</p></td><td rowspan="1" colspan="1"><p>101.158,00</p></td><td rowspan="1" colspan="1"><p>1030151192E890052</p></td></tr><tr><td rowspan="1" colspan="1"><p>GO</p></td><td rowspan="1" colspan="1"><p>MONTE ALEGRE DE GOIAS</p></td><td rowspan="1" colspan="1"><p>FUNDO MUNICIPAL DE SAUDE DE MONTE ALEGRE DE GOIAS</p></td><td rowspan="1" colspan="1"><p>36000714104202500</p></td><td rowspan="1" colspan="1"><p>40830003</p></td><td rowspan="1" colspan="1"><p>200.000,00</p></td><td rowspan="1" colspan="1"><p>200.000,00</p></td><td rowspan="1" colspan="1"><p>1030151192E890052</p></td></tr><tr><td rowspan="1" colspan="1"><p>GO</p></td><td rowspan="1" colspan="1"><p>PALESTINA DE GOIAS</p></td><td rowspan="1" colspan="1"><p>FUNDO MUNICIPAL DE SAUDE DE PALESTINA DE GOIAS</p></td><td rowspan="1" colspan="1"><p>36000715063202500</p></td><td rowspan="1" colspan="1"><p>40100003</p></td><td rowspan="1" colspan="1"><p>200.000,00</p></td><td rowspan="1" colspan="1"><p>200.000,00</p></td><td rowspan="1" colspan="1"><p>1030151192E890052</p></td></tr><tr><td rowspan="1" colspan="1"><p>GO</p></td><td rowspan="1" colspan="1"><p>PARANAIGUARA</p></td><td rowspan="1" colspan="1"><p>FUNDO MUNICIPAL DE SAUDE DE PARANAIGUARA</p></td><td rowspan="1" colspan="1"><p>36000714700202500</p></td><td rowspan="1" colspan="1"><p>43930013</p></td><td rowspan="1" colspan="1"><p>97.452,00</p></td><td rowspan="1" colspan="1"><p>97.452,00</p></td><td rowspan="1" colspan="1"><p>1030151192E890052</p></td></tr><tr><td rowspan="1" colspan="1"><p>GO</p></td><td rowspan="1" colspan="1"><p>PIRANHAS</p></td><td rowspan="1" colspan="1"><p>FUNDO MUNICIPAL DE SAUDE DE PIRANHAS</p></td><td rowspan="1" colspan="1"><p>36000713340202500</p></td><td rowspan="1" colspan="1"><p>40830003</p></td><td rowspan="1" colspan="1"><p>300.000,00</p></td><td rowspan="1" colspan="1"><p>300.000,00</p></td><td rowspan="1" colspan="1"><p>1030151192E890052</p></td></tr><tr><td rowspan="1" colspan="1"><p>GO</p></td><td rowspan="1" colspan="1"><p>PIRES DO RIO</p></td><td rowspan="1" colspan="1"><p>FUNDO MUNICIPAL DE SAUDE DO MUNICIPIO DE PIRES DO RIO</p></td><td rowspan="1" colspan="1"><p>36000714445202500</p></td><td rowspan="1" colspan="1"><p>43990004</p></td><td rowspan="1" colspan="1"><p>300.000,00</p></td><td rowspan="1" colspan="1"><p>300.000,00</p></td><td rowspan="1" colspan="1"><p>1030151192E890052</p></td></tr><tr><td rowspan="1" colspan="1"><p>GO</p></td><td rowspan="1" colspan="1"><p>RIALMA</p></td><td rowspan="1" colspan="1"><p>FUNDO MUNICIPAL DE SAUDE</p></td><td rowspan="1" colspan="1"><p>36000714543202500</p></td><td rowspan="1" colspan="1"><p>40830003</p></td><td rowspan="1" colspan="1"><p>400.000,00</p></td><td rowspan="1" colspan="1"><p>400.000,00</p></td><td rowspan="1" colspan="1"><p>1030151192E890052</p></td></tr><tr><td rowspan="1" colspan="1"><p>GO</p></td><td rowspan="1" colspan="1"><p>SILVANIA</p></td><td rowspan="1" colspan="1"><p>FUNDO MUNICIPAL DE SAUDE DE SILVANIA</p></td><td rowspan="1" colspan="1"><p>36000715200202500</p></td><td rowspan="1" colspan="1"><p>43360002</p></td><td rowspan="1" colspan="1"><p>100.000,00</p></td><td rowspan="1" colspan="1"><p>100.000,00</p></td><td rowspan="1" colspan="1"><p>1030151192E890052</p></td></tr><tr><td rowspan="1" colspan="1"><p>GO</p></td><td rowspan="1" colspan="1"><p>TERESINA DE GOIAS</p></td><td rowspan="1" colspan="1"><p>FUNDO MUNICIPAL DE SAUDE DE TERESINA DE GOIAS</p></td><td rowspan="1" colspan="1"><p>36000714525202500</p></td><td rowspan="1" colspan="1"><p>44070005</p></td><td rowspan="1" colspan="1"><p>97.734,00</p></td><td rowspan="1" colspan="1"><p>97.734,00</p></td><td rowspan="1" colspan="1"><p>1030151192E890052</p></td></tr><tr><td rowspan="1" colspan="1"><p>GO</p></td><td rowspan="1" colspan="1"><p>TEREZOPOLIS DE GOIAS</p></td><td rowspan="1" colspan="1"><p>FUNDO MUNICIPAL DE SAUDE</p></td><td rowspan="1" colspan="1"><p>36000713754202500</p></td><td rowspan="1" colspan="1"><p>40830003</p></td><td rowspan="1" colspan="1"><p>300.000,00</p></td><td rowspan="1" colspan="1"><p>300.000,00</p></td><td rowspan="1" colspan="1"><p>1030151192E890052</p></td></tr><tr><td rowspan="1" colspan="1"><p>GO</p></td><td rowspan="1" colspan="1"><p>URUACU</p></td><td rowspan="1" colspan="1"><p>FUNDO MUNICIPAL DE SAUDE DE URUACU</p></td><td rowspan="1" colspan="1"><p>36000713903202500</p></td><td rowspan="1" colspan="1"><p>40580002</p></td><td rowspan="1" colspan="1"><p>1.000.000,00</p></td><td rowspan="1" colspan="1"><p>1.000.000,00</p></td><td rowspan="1" colspan="1"><p>1030151192E890052</p></td></tr><tr><td rowspan="1" colspan="1"><p>MA</p></td><td rowspan="1" colspan="1"><p>OLHO D'AGUA DAS CUNHAS</p></td><td rowspan="1" colspan="1"><p>FUNDO MUNICIPAL DE SAUDE DE OLHO DAGUA DAS CUNHAS</p></td><td rowspan="1" colspan="1"><p>36000713988202500</p></td><td rowspan="1" colspan="1"><p>30460003</p></td><td rowspan="1" colspan="1"><p>452.336,00</p></td><td rowspan="1" colspan="1"><p>452.336,00</p></td><td rowspan="1" colspan="1"><p>1030151192E890021</p></td></tr><tr><td rowspan="1" colspan="1"><p>MA</p></td><td rowspan="1" colspan="1"><p>SAO JOSE DOS BASILIOS</p></td><td rowspan="1" colspan="1"><p>FUNDO MUNICIPAL DE SAUDE DO MUNICIPIO DE SAO JOSE DOS BASILIOS</p></td><td rowspan="1" colspan="1"><p>36000714142202500</p></td><td rowspan="1" colspan="1"><p>38930005</p></td><td rowspan="1" colspan="1"><p>300.000,00</p></td><td rowspan="1" colspan="1"><p>300.000,00</p></td><td rowspan="1" colspan="1"><p>1030151192E890021</p></td></tr><tr><td rowspan="1" colspan="1"><p>MA</p></td><td rowspan="1" colspan="1"><p>SAO PEDRO DA AGUA BRANCA</p></td><td rowspan="1" colspan="1"><p>MUNICIPIO DE SAO PEDRO DA AGUA BRANCA - FUNDO MUNICIPAL DE SAUDE</p></td><td rowspan="1" colspan="1"><p>36000714480202500</p></td><td rowspan="1" colspan="1"><p>42120002</p></td><td rowspan="1" colspan="1"><p>200.000,00</p></td><td rowspan="1" colspan="1"><p>200.000,00</p></td><td rowspan="1" colspan="1"><p>1030151192E890021</p></td></tr><tr><td rowspan="1" colspan="1"><p>MA</p></td><td rowspan="1" colspan="1"><p>SAO PEDRO DA AGUA BRANCA</p></td><td rowspan="1" colspan="1"><p>MUNICIPIO DE SAO PEDRO DA AGUA BRANCA - FUNDO MUNICIPAL DE SAUDE</p></td><td rowspan="1" colspan="1"><p>36000714494202500</p></td><td rowspan="1" colspan="1"><p>42120002</p></td><td rowspan="1" colspan="1"><p>53,00</p></td><td rowspan="1" colspan="1"><p>53,00</p></td><td rowspan="1" colspan="1"><p>1030151192E890021</p></td></tr><tr><td rowspan="1" colspan="1"><p>MA</p></td><td rowspan="1" colspan="1"><p>SAO RAIMUNDO DAS MANGABEIRAS</p></td><td rowspan="1" colspan="1"><p>MUNICIPIO DE SAO RAIMUNDO DAS MANGABEIRAS - FUNDO MUNICIPAL DE SAUDE</p></td><td rowspan="1" colspan="1"><p>36000713800202500</p></td><td rowspan="1" colspan="1"><p>38930005</p></td><td rowspan="1" colspan="1"><p>500.000,00</p></td><td rowspan="1" colspan="1"><p>500.000,00</p></td><td rowspan="1" colspan="1"><p>1030151192E890021</p></td></tr><tr><td rowspan="1" colspan="1"><p>MG</p></td><td rowspan="1" colspan="1"><p>ALPINOPOLIS</p></td><td rowspan="1" colspan="1"><p>FUNDO MUNICIPAL DE SAUDE</p></td><td rowspan="1" colspan="1"><p>36000713935202500</p></td><td rowspan="1" colspan="1"><p>37340003</p></td><td rowspan="1" colspan="1"><p>200.000,00</p></td><td rowspan="1" colspan="1"><p>200.000,00</p></td><td rowspan="1" colspan="1"><p>1030151192E890031</p></td></tr><tr><td rowspan="1" colspan="1"><p>MG</p></td><td rowspan="1" colspan="1"><p>CANAA</p></td><td rowspan="1" colspan="1"><p>FUNDO MUNICIPAL DE SAUDE DE CANAA</p></td><td rowspan="1" colspan="1"><p>36000713889202500</p></td><td rowspan="1" colspan="1"><p>44720009</p></td><td rowspan="1" colspan="1"><p>300.000,00</p></td><td rowspan="1" colspan="1"><p>300.000,00</p></td><td rowspan="1" colspan="1"><p>1030151192E890031</p></td></tr><tr><td rowspan="1" colspan="1"><p>MG</p></td><td rowspan="1" colspan="1"><p>CANAA</p></td><td rowspan="1" colspan="1"><p>FUNDO MUNICIPAL DE SAUDE DE CANAA</p></td><td rowspan="1" colspan="1"><p>36000713891202500</p></td><td rowspan="1" colspan="1"><p>41400002</p></td><td rowspan="1" colspan="1"><p>200.000,00</p></td><td rowspan="1" colspan="1"><p>200.000,00</p></td><td rowspan="1" colspan="1"><p>1030151192E890031</p></td></tr><tr><td rowspan="1" colspan="1"><p>MG</p></td><td rowspan="1" colspan="1"><p>GUARDA-MOR</p></td><td rowspan="1" colspan="1"><p>FUNDO MUNICIPAL DE SAUDE DE GUARDA MOR</p></td><td rowspan="1" colspan="1"><p>36000671027202500</p></td><td rowspan="1" colspan="1"><p>39910001</p></td><td rowspan="1" colspan="1"><p>300.000,00</p></td><td rowspan="1" colspan="1"><p>300.000,00</p></td><td rowspan="1" colspan="1"><p>1030151192E890031</p></td></tr><tr><td rowspan="1" colspan="1"><p>MG</p></td><td rowspan="1" colspan="1"><p>IBIRACATU</p></td><td rowspan="1" colspan="1"><p>FUNDO MUNICIPAL DE SAUDE DE IBIRACATU</p></td><td rowspan="1" colspan="1"><p>36000714747202500</p></td><td rowspan="1" colspan="1"><p>40870002</p></td><td rowspan="1" colspan="1"><p>100.000,00</p></td><td rowspan="1" colspan="1"><p>100.000,00</p></td><td rowspan="1" colspan="1"><p>1030151192E890031</p></td></tr><tr><td rowspan="1" colspan="1"><p>MG</p></td><td rowspan="1" colspan="1"><p>ITAMOGI</p></td><td rowspan="1" colspan="1"><p>FUNDO MUNICIPAL DE SAUDE</p></td><td rowspan="1" colspan="1"><p>36000714678202500</p></td><td rowspan="1" colspan="1"><p>40290002</p></td><td rowspan="1" colspan="1"><p>150.000,00</p></td><td rowspan="1" colspan="1"><p>150.000,00</p></td><td rowspan="1" colspan="1"><p>1030151192E890031</p></td></tr><tr><td rowspan="1" colspan="1"><p>MG</p></td><td rowspan="1" colspan="1"><p>NOVO CRUZEIRO</p></td><td rowspan="1" colspan="1"><p>FUNDO MUNICIPAL DE SAUDE</p></td><td rowspan="1" colspan="1"><p>36000714119202500</p></td><td rowspan="1" colspan="1"><p>40870002</p></td><td rowspan="1" colspan="1"><p>200.000,00</p></td><td rowspan="1" colspan="1"><p>200.000,00</p></td><td rowspan="1" colspan="1"><p>1030151192E890031</p></td></tr><tr><td rowspan="1" colspan="1"><p>MG</p></td><td rowspan="1" colspan="1"><p>NOVO CRUZEIRO</p></td><td rowspan="1" colspan="1"><p>FUNDO MUNICIPAL DE SAUDE</p></td><td rowspan="1" colspan="1"><p>36000715010202500</p></td><td rowspan="1" colspan="1"><p>40870002</p></td><td rowspan="1" colspan="1"><p>250.000,00</p></td><td rowspan="1" colspan="1"><p>250.000,00</p></td><td rowspan="1" colspan="1"><p>1030151192E890031</p></td></tr><tr><td rowspan="1" colspan="1"><p>MG</p></td><td rowspan="1" colspan="1"><p>SANTA CRUZ DE MINAS</p></td><td rowspan="1" colspan="1"><p>FUNDO MUNICIPAL DE SAUDE DE SANTA CRUZ DE MINAS</p></td><td rowspan="1" colspan="1"><p>36000714828202500</p></td><td rowspan="1" colspan="1"><p>40290002</p></td><td rowspan="1" colspan="1"><p>100.000,00</p></td><td rowspan="1" colspan="1"><p>100.000,00</p></td><td rowspan="1" colspan="1"><p>1030151192E890031</p></td></tr><tr><td rowspan="1" colspan="1"><p>MG</p></td><td rowspan="1" colspan="1"><p>SAO FRANCISCO DO GLORIA</p></td><td rowspan="1" colspan="1"><p>FUNDO MUNICIPAL DE SAUDE DE SAO FRANCISCO DO GLORIA</p></td><td rowspan="1" colspan="1"><p>36000714230202500</p></td><td rowspan="1" colspan="1"><p>27640016</p></td><td rowspan="1" colspan="1"><p>100.000,00</p></td><td rowspan="1" colspan="1"><p>100.000,00</p></td><td rowspan="1" colspan="1"><p>1030151192E890031</p></td></tr><tr><td rowspan="1" colspan="1"><p>MG</p></td><td rowspan="1" colspan="1"><p>SAO JOSE DO MANTIMENTO</p></td><td rowspan="1" colspan="1"><p>FUNDO MUNICIPAL DE SAUDE DE SAO JOSE DO MANTIMENTO</p></td><td rowspan="1" colspan="1"><p>36000714846202500</p></td><td rowspan="1" colspan="1"><p>42670005</p></td><td rowspan="1" colspan="1"><p>49.292,00</p></td><td rowspan="1" colspan="1"><p>49.292,00</p></td><td rowspan="1" colspan="1"><p>1030151192E890031</p></td></tr><tr><td rowspan="1" colspan="1"><p>MG</p></td><td rowspan="1" colspan="1"><p>SOBRALIA</p></td><td rowspan="1" colspan="1"><p>FUNDO MUNICIPAL DE SAUDE DE SOBRALIA</p></td><td rowspan="1" colspan="1"><p>36000713770202500</p></td><td rowspan="1" colspan="1"><p>44720009</p></td><td rowspan="1" colspan="1"><p>500.000,00</p></td><td rowspan="1" colspan="1"><p>500.000,00</p></td><td rowspan="1" colspan="1"><p>1030151192E890031</p></td></tr><tr><td rowspan="1" colspan="1"><p>MG</p></td><td rowspan="1" colspan="1"><p>URUCANIA</p></td><td rowspan="1" colspan="1"><p>FUNDO MUNICIPAL DE SAUDE DE URUCANIA</p></td><td rowspan="1" colspan="1"><p>36000714969202500</p></td><td rowspan="1" colspan="1"><p>27640016</p></td><td rowspan="1" colspan="1"><p>167.028,00</p></td><td rowspan="1" colspan="1"><p>167.028,00</p></td><td rowspan="1" colspan="1"><p>1030151192E890031</p></td></tr><tr><td rowspan="1" colspan="1"><p>MS</p></td><td rowspan="1" colspan="1"><p>ALCINOPOLIS</p></td><td rowspan="1" colspan="1"><p>FUNDO MUNICIPAL DE SAUDE DE ALCINOPOLIS</p></td><td rowspan="1" colspan="1"><p>36000714499202500</p></td><td rowspan="1" colspan="1"><p>44660004</p></td><td rowspan="1" colspan="1"><p>81.594,00</p></td><td rowspan="1" colspan="1"><p>81.594,00</p></td><td rowspan="1" colspan="1"><p>1030151192E890054</p></td></tr><tr><td rowspan="1" colspan="1"><p>MS</p></td><td rowspan="1" colspan="1"><p>BELA VISTA</p></td><td rowspan="1" colspan="1"><p>FUNDO MUNICIPAL DE SAUDE DE BELA VISTA - MS</p></td><td rowspan="1" colspan="1"><p>36000714361202500</p></td><td rowspan="1" colspan="1"><p>39180006</p></td><td rowspan="1" colspan="1"><p>200.000,00</p></td><td rowspan="1" colspan="1"><p>200.000,00</p></td><td rowspan="1" colspan="1"><p>1030151192E890054</p></td></tr><tr><td rowspan="1" colspan="1"><p>MS</p></td><td rowspan="1" colspan="1"><p>TAQUARUSSU</p></td><td rowspan="1" colspan="1"><p>FUNDO MUNICIPAL DE SAUDE</p></td><td rowspan="1" colspan="1"><p>36000714039202500</p></td><td rowspan="1" colspan="1"><p>39180006</p></td><td rowspan="1" colspan="1"><p>300.000,00</p></td><td rowspan="1" colspan="1"><p>300.000,00</p></td><td rowspan="1" colspan="1"><p>1030151192E890054</p></td></tr><tr><td rowspan="1" colspan="1"><p>PB</p></td><td rowspan="1" colspan="1"><p>MATARACA</p></td><td rowspan="1" colspan="1"><p>FUNDO MUNICIPAL DE SAUDE DO MUNICIPIO DE MATARACA-PB</p></td><td rowspan="1" colspan="1"><p>36000713991202500</p></td><td rowspan="1" colspan="1"><p>40880011</p></td><td rowspan="1" colspan="1"><p>300.000,00</p></td><td rowspan="1" colspan="1"><p>300.000,00</p></td><td rowspan="1" colspan="1"><p>1030151192E890025</p></td></tr><tr><td rowspan="1" colspan="1"><p>RS</p></td><td rowspan="1" colspan="1"><p>CIRIACO</p></td><td rowspan="1" colspan="1"><p>FUNDO MUNICIPAL DE SAUDE</p></td><td rowspan="1" colspan="1"><p>36000713184202500</p></td><td rowspan="1" colspan="1"><p>43080002</p></td><td rowspan="1" colspan="1"><p>150.000,00</p></td><td rowspan="1" colspan="1"><p>150.000,00</p></td><td rowspan="1" colspan="1"><p>1030151192E890043</p></td></tr><tr><td rowspan="1" colspan="3"><p>TOTAL</p></td><td rowspan="1" colspan="1"><p>38 PROPOSTAS</p></td><td rowspan="1" colspan="2" /><td rowspan="1" colspan="1"><p>9.297.366,00</p></td><td rowspan="1" colspan="1" /></tr></table>]]></Texto>
  </body>
  <Midias />
</article></xml>