﻿<xml><article id="46231303" name="resolucao_4317_2025 GGCOS" idOficio="11377879" pubName="DO1" artType="Resolução" pubDate="03/11/2025" artClass="00047:00048:00015:00012:00000:00000:00000:00000:00000:00000:00064:34317" artCategory="Ministério da Saúde/Agência Nacional de Vigilância Sanitária/3ª Diretoria/Gerência-Geral de Cosméticos e Saneantes" artSize="12" artNotes="" numberPage="127" pdfPage="http://pesquisa.in.gov.br/imprensa/jsp/visualiza/index.jsp?data=03/11/2025&amp;jornal=515&amp;pagina=127" editionNumber="209" highlightType="" highlightPriority="" highlight="" highlightimage="" highlightimagename="" idMateria="23272409">
  <body>
    <Identifica><![CDATA[ RESOLUÇÃO-RE Nº 4.317, de 30 DE Outubro DE 2025]]></Identifica>
    <Data><![CDATA[]]></Data>
    <Ementa />
    <Titulo />
    <SubTitulo />
    <Texto><![CDATA[<p class="identifica">RESOLUÇÃO-RE Nº 4.317, de 30 DE Outubro DE 2025</p><p>GERENTE-GERAL DE COSMÉTICOS E SANEANTES DA AGÊNCIA NACIONAL DE VIGILÂNCIA SANITÁRIA, no uso das atribuições que lhe confere o art. 129, aliado ao art. 203, I, § 1º do Regimento Interno aprovado pela Resolução da Diretoria Colegiada - RDC nº 585, de 10 de dezembro de 2021, resolve:</p><p>Art.1º Cancelar os processos dos produtos de higiene pessoal, cosméticos e perfumes, conforme relação anexa.</p><p>Art. 2º Esta Resolução entra em vigor na data de sua publicação.</p><p class="assina">BRUNO GONÇALVES ARAÚJO RIOS</p><p class="anexo">ANEXO</p><p>NOME DA EMPRESA/ CNPJ</p><p>NOME DO PRODUTO E MARCA</p><p>NÚMERO DE PROCESSO</p><p>________________________________________________________</p><p>A&amp;A GOLD PHARMA INDUSTRIA LTDA ME / 07.415.503/0001-77</p><p>LOÇÃO ACTION TRINTA</p><p>25351.181967/2025-91</p><p>LOÇÃO HIDRATANTE COM PROTEÇÃO 60 ACTION</p><p>25351.408081/2024-19</p><p>LOÇÃO HIDRATANTE COM PROTEÇÃO 70 ACTION</p><p>25351.408080/2024-74</p><p>--------------------------------</p><p>B. F. MARTINS LTDA / 10.571.238/0001-20</p><p>ALKYMIA DI GRANDHA FITOZON F4</p><p>25351.538719/2022-83</p><p>--------------------------------</p><p>DNA QUÍMICO COMÉRCIO DE COSMÉTICOS E CORRELATOS LTDA / 50.309.757/0001-30</p><p>PORTIER COCOLISS MOISTURIZING MASK</p><p>25351.096862/2025-37</p><p>SHAMPOO ANTI RESIDUO LAGRACE DEEP CLEANSIG</p><p>25351.100323/2025-18</p><p>GELATINA CAPILAR 5 D LISSXTREME- CONDICIONANTE</p><p>25351.456798/2024-77</p><p>CREME CONDICIONADOR 5 EM 1 LISSXTREME</p><p>25351.456050/2024-74</p><p>MASCARA B.TOX ALINHAMENTO DOS FIOS JOB PROFESSIONAL</p><p>25351.411072/2024-13</p><p>MASCARA REPOSITORA 4 EM 1 LISSXTREME</p><p>25351.456198/2024-17</p><p>SHAMPOO ANTI RESÍDUO LISS CARE INDIANA</p><p>25351.458820/2024-13</p><p>SHAMPOO DE LIMPEZA PROFUNDA EXCLUSIVE PORTIER</p><p>25351.440459/2024-79</p><p>CICLOS UNIQUE HIDRATAÇÃO PROFUNDA PORTIER</p><p>25351.443952/2024-41</p><p>CICLOS MASK PORTIER</p><p>25351.444192/2024-99</p><p>SLOVY PERFUME CAPILAR ROSÉ GOLD</p><p>25351.440004/2024-53</p><p>MASCARA HARMONIZADORA CAPILAR B SOLUTIONS</p><p>25351.436801/2024-36</p><p>PORTIER EXCLUSIVE MASK KERATIN SUPREME</p><p>25351.444022/2024-12</p><p>REPOSITOR DE MASSA 3 EM 1 LISSXTREME MASCARA BOTOX</p><p>25351.458827/2024-35</p><p>MASCARA BTOX BLOND ALINHAMENTO DOS FIOS JOB PROFESSIONAL</p><p>25351.411255/2024-21</p><p>B-RÍCINO AMPOLA 15 ML NUTRIÇÃO E RECONSTRUÇÃO BENOUVER</p><p>25351.392781/2024-84</p><p>SHAMPOO ESSENTIAL DAILY EASY CLEAN LAUARRAH</p><p>25351.456885/2024-24</p><p>SOLUTIONS MÁSCARA HIDRATANTE</p><p>25351.415435/2024-81</p><p>MÁSCARA HIDRATANTE CAPILAR PROTOP BEAUTY EXPERIENCE JOB PROFESSIONAL</p><p>25351.411211/2024-09</p><p>SHAMPOO HIDRATANTE PROTOP BEAUTY EXPERIENCE JOB PROFESSIONAL</p><p>25351.411256/2024-75</p><p>CICLOS MÁSCARA VIOLET HIDRATANTE E RESTAURADORA CAPILAR PORTIER</p><p>25351.440553/2024-28</p><p>CONDICIONADOR ESSENTIAL DAILY EASY CLEAN CONDITIONER LAUARRAH</p><p>25351.455980/2024-19</p><p>MASCARA ESSENTIAL DAILY EASY CLEAN MASK LAUARRAH</p><p>25351.456218/2024-41</p><p>CONDICIONADOR GLOSS LISS CARE INDIANA</p><p>25351.458732/2024-11</p><p>SOLUTIONS SHAMPOO LIMPEZA PROFUNDA</p><p>25351.415515/2024-37</p><p>CONDICIONADOR HIDRATANTE PROTOP BEAUTY EXPERIENCE JOB PROFESSIONAL</p><p>25351.411085/2024-84</p><p>LAGRACE CONDICIONADOR TERMOATIVADO</p><p>25351.115410/2025-61</p><p>MASCARA HIDRATANTE CAPILAR TRATAMENTO PREBIOTICO SLIM FLOW FORTT LISO</p><p>25351.127792/2025-76</p><p>PORTIER CACAOZINHA MÁSCARA HIDRATANTE CAPILAR</p><p>25351.118433/2025-28</p><p>--------------------------------</p><p>FORZZA INDUSTRIA DE COMESTICOS - LTDA / 43.269.444/0001-30</p><p>CERA MODELADORA TRANÇA FIX</p><p>25351.873949/2023-77</p><p>--------------------------------</p><p>INTERNATIONAL SKIN SOLUTIONS DERMO COSMETICOS LTDAESA / 37.380.058/0001-18</p><p>INNO-TDS FACE NADE 4x2,5ml - INNOAESTHETICS</p><p>25351.721077/2023-62</p><p>INNO -TDS HYALURONIDASE 500 - INNOAESTHETIC</p><p>25351.383294/2024-21</p><p>--------------------------------</p><p>LE PIERI COSMETICOS LTDA / 01.045.796/0001-61</p><p>Gloss Organic Sistem Platinum Efect D'Our</p><p>25351.667683/2017-50</p><p>--------------------------------</p><p>MADELAINE APARECIDA FELIPPE CAPELETTI / 64.896.228/0001-94</p><p>LILIOZ - ÓLEO REGENERADOR ROSA MOSQUETA E ALECRIM EM GIRASSOL DIA A DIA</p><p>25351.128964/2021-03</p><p>--------------------------------</p><p>MARELI INDUSTRIA E COMERCIO DE COSMETICOS LTDA / 05.653.110/0001-76</p><p>MÁSCARA CAPILAR PROFISSIONAL PERFEITOX - BÓRABELLA</p><p>25351.376121/2023-75</p><p>--------------------------------</p><p>OLD WOLF COSMETICOS LTDA-ME / 29.985.051/0001-00</p><p>MODELING WAX BARBER CLASSIC CERA</p><p>25351.943911/2024-50</p><p>--------------------------------</p><p>OZONE &amp; LIFE INDUSTRIA E COMERCIO DE COSMETICOS LTDA / 38.463.925/0001-41</p><p>Óleo de girassol Ozonizado</p><p>25351.191000/2022-74</p><p>--------------------------------</p><p>PROMEX COMÉRCIO, IMPORTAÇÃO E EXPORTAÇÃO LTDA/ 04.484.321/0001-60</p><p>HAIR MAKEUP MAQUIAGEM CAPILAR</p><p>25351.595659/2020-34</p><p>--------------------------------</p><p>SHT INDUSTRIA E COMERCIO DE COSMETICOS LTDA / 25.317.411/0001-36</p><p>AZEITE DE AVOCADO OZONIZADO - AVOZON</p><p>25351.549461/2023-21</p><p>--------------------------------</p>]]></Texto>
  </body>
  <Midias />
</article></xml>