﻿<xml><article id="46239550" name="8626 PortariaPropostaFAF_2025103" idOficio="11379559" pubName="DO1" artType="Portaria" pubDate="03/11/2025" artClass="00047:00001:00000:00000:00000:00000:00000:00000:00000:00000:00054:00000" artCategory="Ministério da Saúde/Gabinete do Ministro" artSize="24" artNotes="" numberPage="83" pdfPage="http://pesquisa.in.gov.br/imprensa/jsp/visualiza/index.jsp?data=03/11/2025&amp;jornal=515&amp;pagina=83" editionNumber="209" highlightType="" highlightPriority="" highlight="" highlightimage="" highlightimagename="" idMateria="23276904">
  <body>
    <Identifica><![CDATA[ PORTARIA GM/MS Nº 8.626, DE 31 DE OUTUBRO DE 2025]]></Identifica>
    <Data><![CDATA[]]></Data>
    <Ementa><![CDATA[ Autoriza o repasse referente às ações e serviços públicos de saúde por meio de transferências fundo a fundo, em parcela única, para o custeio da Média e Alta Complexidade em Saúde.]]></Ementa>
    <Titulo />
    <SubTitulo />
    <Texto><![CDATA[<p class="identifica">PORTARIA GM/MS Nº 8.626, DE 31 DE OUTUBRO DE 2025</p><p class="ementa">Autoriza o repasse referente às ações e serviços públicos de saúde por meio de transferências fundo a fundo, em parcela única, para o custeio da Média e Alta Complexidade em Saúde.</p><p>O MINISTRO DE ESTADO DA SAÚDE, no uso das atribuições que lhe conferem os incisos I e II do parágrafo único do art. 87 da Constituição, em observância a Lei nº 15.121, de 10 de abril de 2025, Lei Complementar nº 141, de 13 de janeiro de 2012, Lei nº 8.080, de 19 de setembro de 1990, e Portaria GM/MS, nº 6.916, de 6 de maio de 2025, resolve:</p><p>Art. 1º Ficam autorizados os Estados, o Distrito Federal e os Municípios descritos no Anexo desta Portaria a receberem recursos financeiros referentes à parcela única para o custeio de serviços da Média e Alta Complexidade em Saúde.</p><p>Art. 2º O Fundo Nacional de Saúde adotará as medidas necessárias para as transferências dos recursos estabelecidos nesta Portaria aos respectivos Fundos de Saúde, em conformidade com o processo de pagamento devidamente instruído pela Secretaria Finalística.</p><p>Art. 3º O ente beneficiário deverá comprovar a aplicação dos recursos financeiros recebidos por meio do Relatório Anual de Gestão - RAG, nos termos da Portaria de Consolidação GM/MS nº 6, de 28 de setembro 2017.</p><p>Art. 4º Os recursos financeiros destinados à execução das ações previstas nesta Portaria são oriundos do orçamento do Ministério da Saúde, devendo onerar a seguinte funcional programática: 10.302.5118.8585.0001 - Atenção à Saúde da População para Procedimentos em Média e Alta Complexidade, conforme os seguintes Planos Orçamentários:</p><p>§1º As alíneas I e II do art. 5º desta Portaria serão oneradas no Plano Orçamentário 0005 - Fundo de Ações Estratégicas e Compensação - FAEC;</p><p>§2º As alíneas III, IV, V e VI do art. 5º desta Portaria serão oneradas no Plano Orçamentário 0000 - Atenção à Saúde da População para Procedimentos em Média e Alta Complexidade - Despesas Diversas.</p><p>Art. 5º Os recursos autorizados nesta Portaria são destinados ao custeio de serviços de Média e Alta Complexidade:</p><p>I - ações do Programa Nacional de Expansão e Qualificação da Atenção Ambulatorial Especializada, denominado Programa Mais Acesso a Especialistas - PMAE;</p><p>II - ações para a redução de filas, com ênfase em cirurgias;</p><p>III - Rede Alyne;</p><p>IV - Política Nacional de Prevenção e Controle de Câncer - PNPCC e Rede de Prevenção e Controle de Câncer - RPCC; e</p><p>V - habilitação de Serviço da Atenção Especializada.</p><p>VI - outras ações para custeio da média e alta complexidade, não previstas no art. 6º da Portaria GM/MS nº 6.916, de 9 de maio de 2025.</p><p>Art. 6º As transferências dos recursos financeiros de que trata esta portaria estão condicionadas ao envio das resoluções das respectivas Comissões Intergestores Bipartite - CIB, aprovando os valores constantes no anexo desta Portaria.</p><p>Art. 7º Esta Portaria entra em vigor na data de sua publicação.</p><p class="assina">ALEXANDRE ROCHA SANTOS PADILHA</p><p class="anexo">ANEXO</p><p>Entes federados autorizados a receberem recursos financeiros federais destinados ao custeio da Média e Alta Complexidade em Saúde.</p><p /><p></p><table><tr /><tr><td rowspan="1" colspan="1"><p>UF</p></td><td rowspan="1" colspan="1"><p>MUNICÍPIO</p></td><td rowspan="1" colspan="1"><p>IBGE</p></td><td rowspan="1" colspan="1"><p>GESTÃO</p></td><td rowspan="1" colspan="6"><p>Programa de Trabalho</p></td><td rowspan="1" colspan="1"><p>TOTAL</p></td></tr><tr><td rowspan="1" colspan="1" /><td rowspan="1" colspan="1" /><td rowspan="1" colspan="1" /><td rowspan="1" colspan="1" /><td rowspan="1" colspan="1"><p>I</p><p>PO 0005</p></td><td rowspan="1" colspan="1"><p>II</p><p>PO 0005</p></td><td rowspan="1" colspan="1"><p>III</p><p>PO 0000</p></td><td rowspan="1" colspan="1"><p>IV</p><p>PO 0000</p></td><td rowspan="1" colspan="1"><p>V</p><p>PO 0000</p></td><td rowspan="1" colspan="1"><p>VI</p><p>PO 0000</p></td><td rowspan="1" colspan="1" /></tr><tr><td rowspan="1" colspan="1"><p>AC</p></td><td rowspan="1" colspan="1"><p>RIO BRANCO</p></td><td rowspan="1" colspan="1"><p>120040</p></td><td rowspan="1" colspan="1"><p>ESTADUAL</p></td><td rowspan="1" colspan="1" /><td rowspan="1" colspan="1"><p>12.000.000,00</p></td><td rowspan="1" colspan="1" /><td rowspan="1" colspan="1" /><td rowspan="1" colspan="1" /><td rowspan="1" colspan="1" /><td rowspan="1" colspan="1"><p>12.000.000,00</p></td></tr><tr><td rowspan="1" colspan="1"><p>AM</p></td><td rowspan="1" colspan="1"><p>PARINTINS</p></td><td rowspan="1" colspan="1"><p>130340</p></td><td rowspan="1" colspan="1"><p>MUNICIPAL</p></td><td rowspan="1" colspan="1"><p>3.500.000,00</p></td><td rowspan="1" colspan="1" /><td rowspan="1" colspan="1" /><td rowspan="1" colspan="1" /><td rowspan="1" colspan="1" /><td rowspan="1" colspan="1"><p>3.500.000,00</p></td><td rowspan="1" colspan="1"><p>7.000.000,00</p></td></tr><tr><td rowspan="1" colspan="1"><p>BA</p></td><td rowspan="1" colspan="1"><p>ALAGOINHAS</p></td><td rowspan="1" colspan="1"><p>290070</p></td><td rowspan="1" colspan="1"><p>MUNICIPAL</p></td><td rowspan="1" colspan="1" /><td rowspan="1" colspan="1" /><td rowspan="1" colspan="1" /><td rowspan="1" colspan="1"><p>500.000,00</p></td><td rowspan="1" colspan="1" /><td rowspan="1" colspan="1"><p>500.000,00</p></td><td rowspan="1" colspan="1"><p>1.000.000,00</p></td></tr><tr><td rowspan="1" colspan="1"><p>BA</p></td><td rowspan="1" colspan="1"><p>CONCEICAO DO COITE</p></td><td rowspan="1" colspan="1"><p>290840</p></td><td rowspan="1" colspan="1"><p>MUNICIPAL</p></td><td rowspan="1" colspan="1"><p>770.000,00</p></td><td rowspan="1" colspan="1" /><td rowspan="1" colspan="1"><p>480.000,00</p></td><td rowspan="1" colspan="1" /><td rowspan="1" colspan="1" /><td rowspan="1" colspan="1"><p>1.250.000,00</p></td><td rowspan="1" colspan="1"><p>2.500.000,00</p></td></tr><tr><td rowspan="1" colspan="1"><p>BA</p></td><td rowspan="1" colspan="1"><p>ITABUNA</p></td><td rowspan="1" colspan="1"><p>291480</p></td><td rowspan="1" colspan="1"><p>MUNICIPAL</p></td><td rowspan="1" colspan="1" /><td rowspan="1" colspan="1"><p>750.000,00</p></td><td rowspan="1" colspan="1" /><td rowspan="1" colspan="1" /><td rowspan="1" colspan="1" /><td rowspan="1" colspan="1"><p>750.000,00</p></td><td rowspan="1" colspan="1"><p>1.500.000,00</p></td></tr><tr><td rowspan="1" colspan="1"><p>CE</p></td><td rowspan="1" colspan="1"><p>AMONTADA</p></td><td rowspan="1" colspan="1"><p>230075</p></td><td rowspan="1" colspan="1"><p>MUNICIPAL</p></td><td rowspan="1" colspan="1"><p>500.014,00</p></td><td rowspan="1" colspan="1" /><td rowspan="1" colspan="1" /><td rowspan="1" colspan="1" /><td rowspan="1" colspan="1" /><td rowspan="1" colspan="1"><p>500.013,00</p></td><td rowspan="1" colspan="1"><p>1.000.027,00</p></td></tr><tr><td rowspan="1" colspan="1"><p>CE</p></td><td rowspan="1" colspan="1"><p>GUAIUBA</p></td><td rowspan="1" colspan="1"><p>230495</p></td><td rowspan="1" colspan="1"><p>MUNICIPAL</p></td><td rowspan="1" colspan="1"><p>185.000,00</p></td><td rowspan="1" colspan="1"><p>400.000,00</p></td><td rowspan="1" colspan="1" /><td rowspan="1" colspan="1" /><td rowspan="1" colspan="1" /><td rowspan="1" colspan="1"><p>585.000,00</p></td><td rowspan="1" colspan="1"><p>1.170.000,00</p></td></tr><tr><td rowspan="1" colspan="1"><p>MA</p></td><td rowspan="1" colspan="1"><p>IMPERATRIZ</p></td><td rowspan="1" colspan="1"><p>210530</p></td><td rowspan="1" colspan="1"><p>MUNICIPAL</p></td><td rowspan="1" colspan="1" /><td rowspan="1" colspan="1"><p>642.006,00</p></td><td rowspan="1" colspan="1" /><td rowspan="1" colspan="1" /><td rowspan="1" colspan="1" /><td rowspan="1" colspan="1"><p>600.000,00</p></td><td rowspan="1" colspan="1"><p>1.242.006,00</p></td></tr><tr><td rowspan="1" colspan="1"><p>MS</p></td><td rowspan="1" colspan="1"><p>ITAPORA</p></td><td rowspan="1" colspan="1"><p>500450</p></td><td rowspan="1" colspan="1"><p>MUNICIPAL</p></td><td rowspan="1" colspan="1"><p>100.000,00</p></td><td rowspan="1" colspan="1" /><td rowspan="1" colspan="1" /><td rowspan="1" colspan="1" /><td rowspan="1" colspan="1" /><td rowspan="1" colspan="1"><p>100.000,00</p></td><td rowspan="1" colspan="1"><p>200.000,00</p></td></tr><tr><td rowspan="1" colspan="1"><p>PA</p></td><td rowspan="1" colspan="1"><p>XINGUARA</p></td><td rowspan="1" colspan="1"><p>150840</p></td><td rowspan="1" colspan="1"><p>MUNICIPAL</p></td><td rowspan="1" colspan="1"><p>500.108,00</p></td><td rowspan="1" colspan="1" /><td rowspan="1" colspan="1" /><td rowspan="1" colspan="1" /><td rowspan="1" colspan="1" /><td rowspan="1" colspan="1"><p>500.000,00</p></td><td rowspan="1" colspan="1"><p>1.000.108,00</p></td></tr><tr><td rowspan="1" colspan="1"><p>PB</p></td><td rowspan="1" colspan="1"><p>BREJO DO CRUZ</p></td><td rowspan="1" colspan="1"><p>250280</p></td><td rowspan="1" colspan="1"><p>MUNICIPAL</p></td><td rowspan="1" colspan="1"><p>500.000,00</p></td><td rowspan="1" colspan="1" /><td rowspan="1" colspan="1" /><td rowspan="1" colspan="1" /><td rowspan="1" colspan="1" /><td rowspan="1" colspan="1" /><td rowspan="1" colspan="1"><p>500.000,00</p></td></tr><tr><td rowspan="1" colspan="1"><p>PB</p></td><td rowspan="1" colspan="1"><p>PILAR</p></td><td rowspan="1" colspan="1"><p>251150</p></td><td rowspan="1" colspan="1"><p>MUNICIPAL</p></td><td rowspan="1" colspan="1"><p>250.000,00</p></td><td rowspan="1" colspan="1"><p>150.000,00</p></td><td rowspan="1" colspan="1" /><td rowspan="1" colspan="1" /><td rowspan="1" colspan="1" /><td rowspan="1" colspan="1"><p>400.000,00</p></td><td rowspan="1" colspan="1"><p>800.000,00</p></td></tr><tr><td rowspan="1" colspan="1"><p>PB</p></td><td rowspan="1" colspan="1"><p>SAO MIGUEL DE TAIPU</p></td><td rowspan="1" colspan="1"><p>251500</p></td><td rowspan="1" colspan="1"><p>MUNICIPAL</p></td><td rowspan="1" colspan="1"><p>89.850,00</p></td><td rowspan="1" colspan="1" /><td rowspan="1" colspan="1" /><td rowspan="1" colspan="1" /><td rowspan="1" colspan="1" /><td rowspan="1" colspan="1"><p>89.850,00</p></td><td rowspan="1" colspan="1"><p>179.700,00</p></td></tr><tr><td rowspan="1" colspan="1"><p>PI</p></td><td rowspan="1" colspan="1"><p>GILBUES</p></td><td rowspan="1" colspan="1"><p>220440</p></td><td rowspan="1" colspan="1"><p>MUNICIPAL</p></td><td rowspan="1" colspan="1"><p>90.000,00</p></td><td rowspan="1" colspan="1" /><td rowspan="1" colspan="1" /><td rowspan="1" colspan="1" /><td rowspan="1" colspan="1" /><td rowspan="1" colspan="1"><p>85.183,00</p></td><td rowspan="1" colspan="1"><p>175.183,00</p></td></tr><tr><td rowspan="1" colspan="1"><p>PR</p></td><td rowspan="1" colspan="1"><p>APUCARANA</p></td><td rowspan="1" colspan="1"><p>410140</p></td><td rowspan="1" colspan="1"><p>MUNICIPAL</p></td><td rowspan="1" colspan="1" /><td rowspan="1" colspan="1" /><td rowspan="1" colspan="1" /><td rowspan="1" colspan="1"><p>450.000,00</p></td><td rowspan="1" colspan="1" /><td rowspan="1" colspan="1"><p>450.000,00</p></td><td rowspan="1" colspan="1"><p>900.000,00</p></td></tr><tr><td rowspan="1" colspan="1"><p>SE</p></td><td rowspan="1" colspan="1"><p>ARACAJU</p></td><td rowspan="1" colspan="1"><p>280030</p></td><td rowspan="1" colspan="1"><p>ESTADUAL</p></td><td rowspan="1" colspan="1"><p>248.600,00</p></td><td rowspan="1" colspan="1" /><td rowspan="1" colspan="1" /><td rowspan="1" colspan="1" /><td rowspan="1" colspan="1" /><td rowspan="1" colspan="1"><p>248.600,00</p></td><td rowspan="1" colspan="1"><p>497.200,00</p></td></tr><tr><td rowspan="1" colspan="4"><p>Total Geral</p></td><td rowspan="1" colspan="1"><p>6.733.572,00</p></td><td rowspan="1" colspan="1"><p>13.942.006,00</p></td><td rowspan="1" colspan="1"><p>480.000,00</p></td><td rowspan="1" colspan="1"><p>950.000,00</p></td><td rowspan="1" colspan="1" /><td rowspan="1" colspan="1"><p>9.558.646,00</p></td><td rowspan="1" colspan="1"><p>31.664.224,00</p></td></tr></table>]]></Texto>
  </body>
  <Midias />
</article></xml>