﻿<xml><article id="46237464" name="PT SAES NA 3423" idOficio="11379444" pubName="DO1" artType="Portaria" pubDate="03/11/2025" artClass="00047:00037:00000:00000:00000:00000:00000:00000:00000:00000:00017:00032" artCategory="Ministério da Saúde/Secretaria de Atenção Especializada à Saúde" artSize="12" artNotes="" numberPage="91" pdfPage="http://pesquisa.in.gov.br/imprensa/jsp/visualiza/index.jsp?data=03/11/2025&amp;jornal=515&amp;pagina=91" editionNumber="209" highlightType="" highlightPriority="" highlight="" highlightimage="" highlightimagename="" idMateria="23276719">
  <body>
    <Identifica><![CDATA[ Portaria SAES/MS Nº 3.423, DE 30 DE outubro DE 2025]]></Identifica>
    <Data><![CDATA[]]></Data>
    <Ementa><![CDATA[ Defere a Renovação do CEBAS da Irmandade São José de Novo Horizonte, com sede em Novo Horizonte (SP).]]></Ementa>
    <Titulo />
    <SubTitulo />
    <Texto><![CDATA[<p class="identifica">Portaria SAES/MS Nº 3.423, DE 30 DE outubro DE 2025</p><p class="ementa">Defere a Renovação do CEBAS da Irmandade São José de Novo Horizonte, com sede em Novo Horizonte (SP).</p><p>O SECRETÁRIO DE ATENÇÃO ESPECIALIZADA À SAÚDE, no uso das atribuições que lhe confere o Decreto nº 11.798, de 28 de novembro de 2023, alterado pelo Decreto nº 12.489, de 04 de junho de 2025, resolve:</p><p>Art. 1º Fica deferida a Renovação do Certificado de Entidade Beneficente de Assistência Social (CEBAS), da Irmandade São José de Novo Horizonte, CNPJ nº 53.174.827/0001-88, com sede em Novo Horizonte (SP), em razão da comprovação da prestação anual de serviços ao SUS no percentual mínimo de 60% (sessenta por cento), em conformidade com o art. 9º da Lei Complementar nº 187/2021 e seus regulamentos, nos termos da Parecer Técnico nº 513/2025-CGCER/DCEBAS/SAES/MS, constante do Processo nº 25000.190671/2024-60.</p><p>Parágrafo único. A Renovação tem validade pelo período de 1º de janeiro de 2025 a 31 de dezembro de 2027.</p><p>Art. 2º Esta Portaria entra em vigor na data de sua publicação.</p><p class="assina">MOZART JULIO TABOSA SALES</p>]]></Texto>
  </body>
  <Midias />
</article></xml>