﻿<xml><article id="46258980" name="Portaria 766" idOficio="11381272" pubName="DO1" artType="Portaria" pubDate="04/11/2025" artClass="00008:00002:00009:00000:00000:00000:00000:00000:00000:00000:00054:00000" artCategory="Ministério da Agricultura e Pecuária/Secretaria Executiva/Superintendência de Agricultura e Pecuária do Estado da Bahia" artSize="12" artNotes="" numberPage="3" pdfPage="http://pesquisa.in.gov.br/imprensa/jsp/visualiza/index.jsp?data=04/11/2025&amp;jornal=515&amp;pagina=3" editionNumber="210" highlightType="" highlightPriority="" highlight="" highlightimage="" highlightimagename="" idMateria="23279248">
  <body>
    <Identifica><![CDATA[ PORTARIA SFA-BA/MAPA Nº 766, DE 31 DE OUTUBRO DE 2025]]></Identifica>
    <Data><![CDATA[]]></Data>
    <Ementa />
    <Titulo />
    <SubTitulo />
    <Texto><![CDATA[<p class="identifica">PORTARIA SFA-BA/MAPA Nº 766, DE 31 DE OUTUBRO DE 2025</p><p>O SUPERINTENDENTE FEDERAL DE AGRICULTURA E PECUÁRIA NO ESTADO DA BAHIA, no uso das atribuições que lhe confere o art. 262 do Regimento Interno da Secretaria Executiva do Ministério da Agricultura e Pecuária, aprovado pela Portaria nº 561, de 11 de abril de 2018, os arts. 41 e 50 do Anexo I ao Decreto nº 11.332, de 1º de janeiro de 2023, e tendo em vista o disposto no Decreto-Lei nº 818, de 5 de setembro de 1969, e na Instrução Normativa nº 22, de 20 de junho de 2013, e o que consta do processo nº 21012.007037/2025-66, resolve:</p><p>Art. 1º Habilitar o Médico Veterinário GLEIDSON FIGUEIRÊDO FERREIRA, inscrito no CRMV-BA sob n° 09871, para fornecer Guia de Trânsito Animal - GTA, para fins de trânsito intraestadual de equídeos e ruminantes em eventos com aglomerações de animais no estado da Bahia, observando as normas e dispositivos sanitários legais em vigor;</p><p>Art. 2º Esta Portaria entra em vigor na data da sua publicação.</p><p class="assina">FÁBIO ALEXANDRE ROSA RODRIGUES</p>]]></Texto>
  </body>
  <Midias />
</article></xml>