﻿<xml><article id="46232020" name="resolucao_4300_2025 GGTPS_001" idOficio="11377950" pubName="DO1" artType="Resolução" pubDate="03/11/2025" artClass="00047:00048:00015:00010:00000:00000:00000:00000:00000:00000:00064:34300" artCategory="Ministério da Saúde/Agência Nacional de Vigilância Sanitária/3ª Diretoria/Gerência-Geral de Tecnologia de Produtos para Saúde" artSize="12" artNotes="" numberPage="109" pdfPage="http://pesquisa.in.gov.br/imprensa/jsp/visualiza/index.jsp?data=03/11/2025&amp;jornal=515&amp;pagina=109" editionNumber="209" highlightType="" highlightPriority="" highlight="" highlightimage="" highlightimagename="" idMateria="23272820">
  <body>
    <Identifica><![CDATA[ RESOLUÇÃO-RE Nº 4.300, de 30 DE Outubro DE 2025]]></Identifica>
    <Data><![CDATA[]]></Data>
    <Ementa />
    <Titulo />
    <SubTitulo />
    <Texto><![CDATA[<p class="identifica">RESOLUÇÃO-RE Nº 4.300, de 30 DE Outubro DE 2025</p><p>A GERENTE-GERAL DE TECNOLOGIA DE PRODUTOS PARA SAÚDE DA AGÊNCIA NACIONAL DE VIGILÂNCIA SANITÁRIA, no uso das atribuições que lhe confere o art. 121, aliado ao art. 203, I, § 1º do Regimento Interno aprovado pela Resolução da Diretoria Colegiada - RDC nº 585, de 10 de dezembro de 2021, resolve:</p><p>Art. 1° Deferir as petições relacionadas à Gerência-Geral de Tecnologia de Produtos para Saúde, conforme anexo.</p><p>Art. 2° O carregamento de instruções de uso no repositório documental de dispositivos médicos, disponível no portal da Anvisa, é obrigatório e deve ser executado pela empresa responsável pela notificação ou pelo registro do produto, a qual atesta que seu conteúdo guarda concordância com a legislação vigente e consistência com o produto regularizado, de acordo com o §4º do art. 33 da Resolução da Diretoria Colegiada - RDC nº 751, de 15 de setembro de 2022 e do §4º do art. 33 da Resolução da Diretoria Colegiada - RDC nº 830, de 06 de dezembro de 2023.</p><p>Parágrafo único. O carregamento citado no caput deverá ser realizado em até 30 (trinta) dias após a publicação em Diário Oficial da União dos novos produtos notificados ou registrados e das alterações daqueles produtos previamente notificados ou registrados, de acordo com §5º do art. 33º da Resolução da Diretoria Colegiada - RDC nº 751, de 15 de setembro de 2022 e do §5º do art. 33 da Resolução da Diretoria Colegiada - RDC nº 830, de 06 de dezembro de 2023.</p><p>Art. 3° Esta Resolução entra em vigor na data de sua publicação.</p><p class="assina">VIVIAN CARDOSO DE MORAIS OLIVEIRA</p><p class="anexo">ANEXO</p><p>NOME DA EMPRESA / CNPJ</p><p>NOME COMERCIAL</p><p>NUMERO DO PROCESSO / REGISTRO</p><p>PETIÇÃO(ÕES) / EXPEDIENTE(S)</p><p>_________________________________________________________________</p><p>_ _ _ _ _ _ _ _ _ _ _ _</p><p>3 - R INDUSTRIA E COMERCIO LTDA / 02.543.673/0001-13</p><p>GLICINA</p><p>25351.178719/2025-62 / 80676920073</p><p>80193 - MATERIAL - Notificação de Dispositivo Médico Classe I / 1318004250</p><p>_ _ _ _ _ _ _ _ _ _ _ _</p><p>ABBOTT LABORATÓRIOS DO BRASIL LTDA / 56.998.701/0001-16</p><p>simpli-Collect HPV Collection Kit</p><p>25351.165564/2025-02 / 80146502414</p><p>80197 - IVD - Notificação de produto Classe I / 1223733254</p><p>_ _ _ _ _ _ _ _ _ _ _ _</p><p>AIR LIQUIDE MEDICAL SYSTEM DO BRASIL LTDA / 11.657.773/0001-61</p><p>Respireo Hospital F2 - Descartável</p><p>25351.193446/2025-86 / 80886569014</p><p>8030 - MATERIAL - Notificação de Dispositivo Médico Classe II / 1407025252</p><p>_ _ _ _ _ _ _ _ _ _ _ _</p><p>ALEXDAN IMPORTAÇÃO E EXPORTAÇÃO LTDA - EPP / 03.098.281/0001-55</p><p>Família Autoteste Trato Urinário</p><p>25351.175672/2025-85 / 80113770057</p><p>8437 - IVD - Notificação de produtos em família Classe II / 1300285257</p><p>_ _ _ _ _ _ _ _ _ _ _ _</p><p>AMED S/A / 10.403.238/0001-11</p><p>Fita Microporosa Hipoalérgica</p><p>25351.188445/2025-10 / 81481900022</p><p>80193 - MATERIAL - Notificação de Dispositivo Médico Classe I / 1382454252</p><p>Esparadrapo Hipoalérgico Impermeável Luana Premium</p><p>25351.188510/2025-15 / 81481900023</p><p>80193 - MATERIAL - Notificação de Dispositivo Médico Classe I / 1382701250</p><p>_ _ _ _ _ _ _ _ _ _ _ _</p><p>ANGELUS INDÚSTRIA DE PRODUTOS ODONTOLÓGICOS S/A / 00.257.992/0001-37</p><p>Ankor FixBond Universal</p><p>25351.194267/2025-66 / 10349459021</p><p>8030 - MATERIAL - Notificação de Dispositivo Médico Classe II / 1414666250</p><p>_ _ _ _ _ _ _ _ _ _ _ _</p><p>AOMED INDUSTRIA E COMÉRCIO LTDA / 46.362.368/0001-09</p><p>KIT CANULAS LACRIMAIS</p><p>25351.191824/2025-97 / 82615909023</p><p>8030 - MATERIAL - Notificação de Dispositivo Médico Classe II / 1399374257</p><p>_ _ _ _ _ _ _ _ _ _ _ _</p><p>AQUINOSITE COMERCIO E SERVICOS LTDA-ME / 12.259.723/0001-99</p><p>ABLE SPACER 2</p><p>25351.190076/2025-25 / 82531179015</p><p>8030 - MATERIAL - Notificação de Dispositivo Médico Classe II / 1390989259</p><p>_ _ _ _ _ _ _ _ _ _ _ _</p><p>ARBO DISTRIBUIDORA DE PRODUTOS PARA LABORATÓRIOS LTDA / 06.203.702/0001-59</p><p>ClinCal® - Calibrator Urine Calibrator lyophilised FOR PHENOLIC COMPOUNDS CLINCHEK® URINE CONTROL LYOPHILISED, FOR PHENOLIC COMPOUNDS (calibrador e controles para compostos fenólicos em família)</p><p>25351.163321/2025-21 / 80836930138</p><p>8437 - IVD - Notificação de produtos em família Classe II / 1209334259</p><p>Gliadin IgM</p><p>25351.163692/2025-11 / 80836930139</p><p>80133 - IVD - Notificação de produto Classe II / 1211573257</p><p>17-OH-Progesterone Saliva ELISA Free</p><p>25351.173049/2025-98 / 80836930140</p><p>80133 - IVD - Notificação de produto Classe II / 1273919254</p><p>_ _ _ _ _ _ _ _ _ _ _ _</p><p>ATS PRODUTOS MEDICO - CIRURGICOS LTDA / 01.945.638/0001-68</p><p>BAINHA DE ACESSO URETERAL COM SUCÇÃO E COLETOR ATS</p><p>25351.190381/2025-17 / 80222919040</p><p>8030 - MATERIAL - Notificação de Dispositivo Médico Classe II / 1392147255</p><p>_ _ _ _ _ _ _ _ _ _ _ _</p><p>AURA COMERCIO DE ARTIGOS DO VESTUARIO LTDA / 37.082.029/0001-70</p><p>Palmilha anatômica pronada</p><p>25351.192281/2025-25 / 82705910017</p><p>80193 - MATERIAL - Notificação de Dispositivo Médico Classe I / 1402062257</p><p>_ _ _ _ _ _ _ _ _ _ _ _</p><p>AVANUTRI EQUIPAMENTOS DE SAUDE LTDA / 07.775.666/0001-60</p><p>Bota Híbrida de Compressão Pneumática Sem Fio</p><p>25351.171121/2025-42 / 81550819009</p><p>8024 - EQUIPAMENTO - Notificação de Dispositivo Médico Classe II / 1264219253</p><p>_ _ _ _ _ _ _ _ _ _ _ _</p><p>Aria Comércio de Materiais Hospitalares LTDA ME / 33.735.949/0001-99</p><p>SONDA NASOGASTRICO/ ENTERAL -ARIA</p><p>25351.192545/2025-41 / 81955459010</p><p>8030 - MATERIAL - Notificação de Dispositivo Médico Classe II / 1403332258</p><p>SONDA GTT- ARIA</p><p>25351.192546/2025-95 / 81955459011</p><p>8030 - MATERIAL - Notificação de Dispositivo Médico Classe II / 1403333254</p><p>SONDA FOLEY NELATON - ARIA NELATON FOLEY</p><p>25351.192582/2025-59 / 81955459013</p><p>8030 - MATERIAL - Notificação de Dispositivo Médico Classe II / 1403461252</p><p>SONDA FOLEY SILICONE - ARIA SFS</p><p>25351.192602/2025-91 / 81955459014</p><p>8030 - MATERIAL - Notificação de Dispositivo Médico Classe II / 1403533253</p><p>SONDA ORONASOGASTRICA ARIA</p><p>25351.192624/2025-51 / 81955459015</p><p>8030 - MATERIAL - Notificação de Dispositivo Médico Classe II / 1403645256</p><p>BAINHA DE ACESSO URETERAL</p><p>25351.192950/2025-69 / 81955459016</p><p>8030 - MATERIAL - Notificação de Dispositivo Médico Classe II / 1404723251</p><p>SONDA FOLEY ARIA</p><p>25351.192553/2025-97 / 81955459012</p><p>8030 - MATERIAL - Notificação de Dispositivo Médico Classe II / 1403349258</p><p>_ _ _ _ _ _ _ _ _ _ _ _</p><p>BECKMAN COULTER DO BRASIL COMÉRCIO E IMPORTAÇÃO DE PRODUTOS DE LABORATÓRIO LTDA / 42.160.812/0001-44</p><p>HemoCue Hb 801 Analyzer</p><p>25351.170070/2025-31 / 10033121088</p><p>80133 - IVD - Notificação de produto Classe II / 1259262251</p><p>_ _ _ _ _ _ _ _ _ _ _ _</p><p>BECTON DICKINSON INDÚSTRIAS CIRÚRGICAS LTDA. / 21.551.379/0001-06</p><p>SafeStep Conjunto de Agulha Huber</p><p>25351.179632/2025-11 / 10033439119</p><p>8030 - MATERIAL - Notificação de Dispositivo Médico Classe II / 1323261257</p><p>Conjunto de Perfusão para Injeção Rápida PowerLoc Max</p><p>25351.179572/2025-28 / 10033439118</p><p>8030 - MATERIAL - Notificação de Dispositivo Médico Classe II / 1323125256</p><p>_ _ _ _ _ _ _ _ _ _ _ _</p><p>BFIX INTERNACIONAL COMERCIAL IMPORTADORA DE PRODUTOS MEDICOS LTDA / 12.437.644/0001-20</p><p>Lâminas de Serra Estéreis BOJIN</p><p>25351.187163/2025-03 / 82117660031</p><p>80193 - MATERIAL - Notificação de Dispositivo Médico Classe I / 1376615258</p><p>Instrumental cirúrgico não-estéreis BOJIN</p><p>25351.187119/2025-95 / 82117660030</p><p>80193 - MATERIAL - Notificação de Dispositivo Médico Classe I / 1376362252</p><p>_ _ _ _ _ _ _ _ _ _ _ _</p><p>BHIO SUPPLY INDUSTRIA E COMERCIO DE EQUIPAMENTOS MEDICOS S/A / 73.297.509/0002-00</p><p>Fio Guia PTFE Bhio Supply</p><p>25351.192577/2025-46 / 82074729003</p><p>8030 - MATERIAL - Notificação de Dispositivo Médico Classe II / 1403426252</p><p>_ _ _ _ _ _ _ _ _ _ _ _</p><p>BIOACTIVE BIOMATERIAIS S.A. / 09.474.192/0001-42</p><p>KIT EXOPRO</p><p>25351.191168/2025-22 / 80951059037</p><p>8030 - MATERIAL - Notificação de Dispositivo Médico Classe II / 1396667253</p><p>_ _ _ _ _ _ _ _ _ _ _ _</p><p>BIOBASE INDUSTRIA E COMERCIO LTDA. / 05.216.859/0001-56</p><p>Cateter Urinário Biobase</p><p>25351.191491/2025-04 / 80212340050</p><p>80193 - MATERIAL - Notificação de Dispositivo Médico Classe I / 1397932252</p><p>_ _ _ _ _ _ _ _ _ _ _ _</p><p>BIOBLASTI INDUSTRIA COMERCIO IMPORTACAO E EXPORTACAO DE BIOMATERIAIS E PRODUTOS BIOTECNOLOGICOS LTDA - EPP / 23.146.163/0001-82</p><p>Kit Acess Pain</p><p>25351.177207/2025-89 / 81469209086</p><p>8024 - EQUIPAMENTO - Notificação de Dispositivo Médico Classe II / 1309338256</p><p>_ _ _ _ _ _ _ _ _ _ _ _</p><p>BIOMECÂNICA INDÚSTRIA E COMÉRCIO DE PRODUTOS ORTOPÉDICOS LTDA / 58.526.047/0001-73</p><p>VORT - Kit para Vertebroplastia Full</p><p>25351.192598/2025-61 / 80128589011</p><p>8030 - MATERIAL - Notificação de Dispositivo Médico Classe II / 1403517258</p><p>VORT - Kit para Vertebroplastia</p><p>25351.192495/2025-00 / 80128589009</p><p>8030 - MATERIAL - Notificação de Dispositivo Médico Classe II / 1403129258</p><p>AXON - Kit para Biopsia</p><p>25351.192557/2025-75 / 80128589010</p><p>8030 - MATERIAL - Notificação de Dispositivo Médico Classe II / 1403368252</p><p>_ _ _ _ _ _ _ _ _ _ _ _</p><p>BRAMSYS INDÚSTRIA E COMÉRCIO LTDA / 04.729.995/0001-87</p><p>Kit Cânula b.Clinic</p><p>25351.172132/2025-40 / 80195529016</p><p>8024 - EQUIPAMENTO - Notificação de Dispositivo Médico Classe II / 1269045253</p><p>_ _ _ _ _ _ _ _ _ _ _ _</p><p>BRASIL MEDICAL PRODUTOS CIRURGICOS LTDA / 38.318.766/0001-91</p><p>BANDAGEM JEIL</p><p>25351.191135/2025-82 / 82446220018</p><p>80193 - MATERIAL - Notificação de Dispositivo Médico Classe I / 1396494251</p><p>INSTRUMENTAIS JEIL TRAUMA INFERIOR</p><p>25351.191137/2025-71 / 82446229004</p><p>8030 - MATERIAL - Notificação de Dispositivo Médico Classe II / 1396508252</p><p>INSTRUMENTAIS JEIL TÓRAX E COLUNA</p><p>25351.191134/2025-38 / 82446229003</p><p>8030 - MATERIAL - Notificação de Dispositivo Médico Classe II / 1396493255</p><p>REHAND JEIL</p><p>25351.191136/2025-27 / 82446220019</p><p>80193 - MATERIAL - Notificação de Dispositivo Médico Classe I / 1396495258</p><p>INSTRUMENTAIS JEIL NEURO E BUCOMAXILO</p><p>25351.191132/2025-49 / 82446229001</p><p>8030 - MATERIAL - Notificação de Dispositivo Médico Classe II / 1396490256</p><p>INSTRUMENTAIS JEIL TRAUMA SUPERIOR</p><p>25351.191133/2025-93 / 82446229002</p><p>8030 - MATERIAL - Notificação de Dispositivo Médico Classe II / 1396492259</p><p>_ _ _ _ _ _ _ _ _ _ _ _</p><p>BRAVI INDUSTRIA E COMERCIO DE PRODUTOS ODONTOLOGICOS S.A. / 17.106.938/0001-93</p><p>ADESIVO DENTINÁRIO - ORBI</p><p>25351.195062/2025-06 / 80929719018</p><p>8030 - MATERIAL - Notificação de Dispositivo Médico Classe II / 1419291254</p><p>_ _ _ _ _ _ _ _ _ _ _ _</p><p>BSI INDUSTRIAL LTDA / 54.458.486/0001-35</p><p>Cilindro de Titânio</p><p>25351.194389/2025-52 / 83257929001</p><p>8030 - MATERIAL - Notificação de Dispositivo Médico Classe II / 1415065250</p><p>Transfer do Munhão</p><p>25351.194621/2025-52 / 83257929002</p><p>8030 - MATERIAL - Notificação de Dispositivo Médico Classe II / 1416544259</p><p>_ _ _ _ _ _ _ _ _ _ _ _</p><p>CATTIS MEDICAL COMERCIO E IMPORTAÇÃO DE MATERIAIS HOSPITALARES / 30.963.700/0001-42</p><p>KIT CÂNULA PARA ASPIRAÇÃO E IRRIGAÇÃO CATTISFLOW</p><p>25351.190346/2025-06 / 81758819007</p><p>8030 - MATERIAL - Notificação de Dispositivo Médico Classe II / 1392049253</p><p>CATTISPEC</p><p>25351.190323/2025-93 / 81758819006</p><p>8030 - MATERIAL - Notificação de Dispositivo Médico Classe II / 1391986253</p><p>_ _ _ _ _ _ _ _ _ _ _ _</p><p>CAVAGNA GROUP DO BRASIL COMERCIO, IMPORTACAO E EXPORTACAO LTDA. / 24.248.952/0001-97</p><p>WhiteMed</p><p>25351.190943/2025-22 / 81611329004</p><p>8030 - MATERIAL - Notificação de Dispositivo Médico Classe II / 1395584257</p><p>_ _ _ _ _ _ _ _ _ _ _ _</p><p>CLINILAB DISTRIBUIDORA LTDA - ME / 06.893.534/0001-70</p><p>Clinilab RT-9200 Semi-auto Chemistry Analyzer</p><p>25351.162813/2025-08 / 81462590001</p><p>80133 - IVD - Notificação de produto Classe II / 1206814250</p><p>_ _ _ _ _ _ _ _ _ _ _ _</p><p>CMS PRODUTOS HOSPITALARES LTDA / 03.301.390/0001-28</p><p>GT Metabolic Magnetic Retrieval Device (MRD) - Dispositivo de Recuperação Metabólica Magnética.</p><p>25351.193698/2025-13 / 80065329003</p><p>8030 - MATERIAL - Notificação de Dispositivo Médico Classe II / 1408308258</p><p>_ _ _ _ _ _ _ _ _ _ _ _</p><p>COMPASS DIAGNÓSTICO, PLANEJAMENTO E PROTOTIPAGEM ODONTOLÓGICA LTDA - EPP / 12.850.427/0001-68</p><p>Grin Scope</p><p>25351.192063/2025-91 / 81103650006</p><p>80193 - MATERIAL - Notificação de Dispositivo Médico Classe I / 1400898251</p><p>_ _ _ _ _ _ _ _ _ _ _ _</p><p>CREMER S/A / 82.641.325/0001-18</p><p>Compressa Não Aderente Não Estéril</p><p>25351.189845/2025-42 / 80245210330</p><p>80193 - MATERIAL - Notificação de Dispositivo Médico Classe I / 1389932257</p><p>_ _ _ _ _ _ _ _ _ _ _ _</p><p>DISTRIBUIDORA DE MEDICAMENTOS SANTA BARBARA LTDA / 36.447.388/0001-10</p><p>Cateter Periférico com Dispositivo de Segurança SB Medical</p><p>25351.192705/2025-51 / 82268339003</p><p>8030 - MATERIAL - Notificação de Dispositivo Médico Classe II / 1403894256</p><p>_ _ _ _ _ _ _ _ _ _ _ _</p><p>Dental Morelli Ltda / 65.441.255/0001-35</p><p>OrthoAttach</p><p>25351.192604/2025-81 / 10396839016</p><p>8030 - MATERIAL - Notificação de Dispositivo Médico Classe II / 1403537259</p><p>_ _ _ _ _ _ _ _ _ _ _ _</p><p>Diagnóstica Indústria e Comércio LTDA / 11.462.456/0002-70</p><p>LH FIA Analyzer Test</p><p>25351.175031/2025-21 / 82102680005</p><p>80133 - IVD - Notificação de produto Classe II / 1296047253</p><p>TSH FIA Analyzer Test</p><p>25351.171120/2025-06 / 82102680004</p><p>80133 - IVD - Notificação de produto Classe II / 1264214251</p><p>_ _ _ _ _ _ _ _ _ _ _ _</p><p>EBRAM PRODUTOS LABORATORIAIS LTDA / 50.657.402/0001-31</p><p>Família QuimiNa - Sódio Enzimático</p><p>25351.171163/2025-83 / 10159820270</p><p>8437 - IVD - Notificação de produtos em família Classe II / 1264330251</p><p>Família QuimiK - Potássio Enzimático</p><p>25351.171408/2025-72 / 10159820271</p><p>8437 - IVD - Notificação de produtos em família Classe II / 1265338256</p><p>_ _ _ _ _ _ _ _ _ _ _ _</p><p>EMBRAST INDUSTRIA E COMERCIO LTDA / 04.310.364/0001-29</p><p>LUVA PARA PROCEDIMENTO NÃO CIRÚRGICO EM NITRILO - SEM PÓ - BIODEGRADAVEL - SOFT+AID - EMBRAST</p><p>25351.189382/2025-19 / 81229600069</p><p>80193 - MATERIAL - Notificação de Dispositivo Médico Classe I / 1387379259</p><p>_ _ _ _ _ _ _ _ _ _ _ _</p><p>Endosurg Comércio, Importação, Distribuição e Locação de Materiais Médicos LTDA / 21.368.015/0001-87</p><p>Cateter Ureteral ENDOSURG</p><p>25351.194598/2025-04 / 81251089014</p><p>8030 - MATERIAL - Notificação de Dispositivo Médico Classe II / 1416501258</p><p>_ _ _ _ _ _ _ _ _ _ _ _</p><p>Enzytec Biotecnologia Ltda. / 07.214.566/0001-65</p><p>Família Analisador de Imunofluorescência OG-H180</p><p>25351.174137/2025-15 / 82444370303</p><p>8437 - IVD - Notificação de produtos em família Classe II / 1280233257</p><p>Rotavirus Antigen Test Kit (Colloidal Gold)</p><p>25351.172657/2025-85 / 82444370300</p><p>80133 - IVD - Notificação de produto Classe II / 1271738252</p><p>HCG Pregnancy Test 10 mIU (Urine/Serum/Plasma) (Colloidal Gold)</p><p>25351.172669/2025-18 / 82444370302</p><p>80133 - IVD - Notificação de produto Classe II / 1271760258</p><p>One Step Multi-2 DOA Test (Colloidal Gold)</p><p>25351.172666/2025-76 / 82444370301</p><p>80133 - IVD - Notificação de produto Classe II / 1271756251</p><p>HCG Pregnancy Test 25 mIU (Urine/Serum/Plasma) (Colloidal Gold)</p><p>25351.174179/2025-48 / 82444370304</p><p>80133 - IVD - Notificação de produto Classe II / 1280519258</p><p>_ _ _ _ _ _ _ _ _ _ _ _</p><p>FASTTEST DISTRIBUIDORA DE PRODUTOS PARA LABORATÓRIOS LTDA / 20.037.992/0001-39</p><p>Vitamin D-Screen</p><p>25351.166607/2025-69 / 81086830107</p><p>80133 - IVD - Notificação de produto Classe II / 1230890254</p><p>_ _ _ _ _ _ _ _ _ _ _ _</p><p>FIRSTLAB INDUSTRIA IMPORTACAO E EXPORTACAO DE PRODUTOS PARA LABORATORIOS LTDA / 27.089.709/0001-61</p><p>Escova Cervical</p><p>25351.169602/2025-98 / 81628880095</p><p>80197 - IVD - Notificação de produto Classe I / 1257309251</p><p>_ _ _ _ _ _ _ _ _ _ _ _</p>]]></Texto>
  </body>
  <Midias />
</article></xml>