﻿<xml><article id="46234867" name="TABELA RDC 630 - nova versao - 3" idOficio="11378433" pubName="DO1" artType="Decisão" pubDate="03/11/2025" artClass="00047:00047:00007:00001:00000:00000:00000:00000:00000:00000:00018:00028" artCategory="Ministério da Saúde/Agência Nacional de Saúde Suplementar/Diretoria Colegiada/Coordenadoria de Recursos e Assessoramento" artSize="24" artNotes="" numberPage="99" pdfPage="http://pesquisa.in.gov.br/imprensa/jsp/visualiza/index.jsp?data=03/11/2025&amp;jornal=515&amp;pagina=99" editionNumber="209" highlightType="" highlightPriority="" highlight="" highlightimage="" highlightimagename="" idMateria="23273680">
  <body>
    <Identifica />
    <Data><![CDATA[]]></Data>
    <Ementa />
    <Titulo />
    <SubTitulo />
    <Texto><![CDATA[<p /><p></p><table><tr /><tr><td rowspan="1" colspan="1"><p>33910.020323/2023-19</p></td><td rowspan="1" colspan="1"><p>AMIL ASSISTÊNCIA MÉDICA INTERNACIONAL S.A</p></td><td rowspan="1" colspan="1"><p>DIGES</p></td><td rowspan="1" colspan="1"><p>Pela aprovação da revisão administrativa de ofício, na forma manifestada na Nota Técnica nº 202/2025/COARE/GEIRS/DIRAD-DIDES/DIDES.</p></td></tr><tr><td rowspan="1" colspan="1"><p>33910.020574/2023-95</p></td><td rowspan="1" colspan="1"><p>LÍDER COMÉRCIO E INDÚSTRIA LTDA</p></td><td rowspan="1" colspan="1"><p>DIGES</p></td><td rowspan="1" colspan="1"><p>Pelo conhecimento e não provimento do recurso, na forma manifestada na Nota Técnica nº 1783/2025/GEIRS/DIDES/ANS, mantendo a decisão da DIDES.</p></td></tr><tr><td rowspan="1" colspan="1"><p>33910.031355/2023-31</p></td><td rowspan="1" colspan="1"><p>SAMI ASSISTÊNCIA MÉDICA LTDA</p></td><td rowspan="1" colspan="1"><p>DIGES</p></td><td rowspan="1" colspan="1"><p>Pelo conhecimento e não provimento do recurso, na forma manifestada na Nota Técnica nº 1777/2025/GEIRS/DIDES/ANS, mantendo a decisão da DIDES.</p></td></tr><tr><td rowspan="1" colspan="1"><p>33910.038373/2023-44</p></td><td rowspan="1" colspan="1"><p>UNIÃO DE CLÍNICAS RIO GRANDE LTDA</p></td><td rowspan="1" colspan="1"><p>DIGES</p></td><td rowspan="1" colspan="1"><p>Pelo conhecimento e não provimento do recurso, na forma manifestada na Nota Técnica nº 1795/2025/GEIRS/DIDES/ANS, mantendo a decisão da DIDES.</p></td></tr><tr><td rowspan="1" colspan="1"><p>33910.038328/2023-90</p></td><td rowspan="1" colspan="1"><p>SANTA RITA SISTEMA DE SAÚDE LTDA</p></td><td rowspan="1" colspan="1"><p>DIGES</p></td><td rowspan="1" colspan="1"><p>Pelo conhecimento e não provimento do recurso, na forma manifestada na Nota Técnica nº 1804/2025/GEIRS/DIDES/ANS, mantendo a decisão da DIDES.</p></td></tr></table>]]></Texto>
  </body>
  <Midias />
</article></xml>