﻿<xml><article id="46242901" name="RESOLUCAO CGNFS-E7" idOficio="11379759" pubName="DO1" artType="Resolução" pubDate="03/11/2025" artClass="00028:00033:00106:00000:00000:00000:00000:00000:00000:00000:00064:00000" artCategory="Ministério da Fazenda/Secretaria Especial da Receita Federal do Brasil/Comitê" artSize="12" artNotes="ok" numberPage="53" pdfPage="http://pesquisa.in.gov.br/imprensa/jsp/visualiza/index.jsp?data=03/11/2025&amp;jornal=515&amp;pagina=53" editionNumber="209" highlightType="" highlightPriority="" highlight="" highlightimage="" highlightimagename="" idMateria="23277510">
  <body>
    <Identifica><![CDATA[ RESOLUÇÃO CGNFS-E Nº 7, DE 24 DE OUTUBRO DE 2025]]></Identifica>
    <Data><![CDATA[]]></Data>
    <Ementa><![CDATA[ Dispõe sobre a instituição dos Grupos de Trabalho de Leiaute e Tecnologia, de Normas, de Atendimento e de Comunicação no âmbito da Secretaria Executiva do CGNFS-e e define suas respectivas atribuições.]]></Ementa>
    <Titulo />
    <SubTitulo />
    <Texto><![CDATA[<p class="identifica">RESOLUÇÃO CGNFS-E Nº 7, DE 24 DE OUTUBRO DE 2025</p><p class="ementa">Dispõe sobre a instituição dos Grupos de Trabalho de Leiaute e Tecnologia, de Normas, de Atendimento e de Comunicação no âmbito da Secretaria Executiva do CGNFS-e e define suas respectivas atribuições.</p><p>O PRESIDENTE DO COMITÊ GESTOR DA NOTA FISCAL DE SERVIÇO ELETRÔNICA DE PADRÃO NACIONAL (CGNFS-e), instituído por meio da cláusula 12 do Convênio de 30 de junho de 2022, celebrado entre as administrações tributárias da União, do Distrito Federal e dos Municípios e que instituiu o padrão nacional da Nota Fiscal de Serviço eletrônica (NFS-e), no uso das atribuições que lhe confere o artigo 3º, §2º e art. 4º, inciso I, alínea "e" do Regimento Interno aprovado pela Resolução CGNFS-E nº 1, de 16 de março de 2023, resolve:</p><p>Art. 1º Instituir, no âmbito da Secretaria Executiva do CGNFS-e (SE/CGNFS-e), os seguintes Grupos de Trabalho (GTs):</p><p>I - Grupo de Trabalho de Leiaute e Tecnologia (GT-Leiaute/Tec);</p><p>II - Grupo de Trabalho de Normas (GT-Normas);</p><p>III - Grupo de Trabalho de Atendimento (GT-Atendimento);</p><p>IV - Grupo de Trabalho de Comunicação (GT-Comunicação).</p><p>Parágrafo único. Compete à SE/CGNFS-e supervisionar a organização e o funcionamento dos GTs mencionados no caput.</p><p>Art. 2º Compete ao Grupo de Trabalho de Leiaute e Tecnologia (GT-Leiaute/Tec):</p><p>I - revisar e propor alteração dos leiautes-padrão da NFS-e, incluindo arquivos XML, esquemas XSD, padrões de mensagens e demais artefatos técnicos;</p><p>II - avaliar propostas de melhoria e alteração dos leiautes encaminhadas por entes federativos, contribuintes ou demais grupos de trabalho;</p><p>III - assegurar a compatibilidade e a integridade dos leiautes em relação às normas e diretrizes estabelecidas pelo CGNFS-e;</p><p>IV - propor especificações para emissão e compartilhamento dos documentos fiscais eletrônicos e do Sistema Nacional da NFS-e;</p><p>V - participar da homologação técnica de alterações ou novos leiautes, em conjunto com os entes envolvidos;</p><p>VI - mapear e propor soluções técnicas para os processos relacionados à emissão, recepção, consulta e guarda da NFS-e;</p><p>VII - apresentar à SE/CGNFS-e propostas referentes a temas de sua competência.</p><p>Art. 3º Compete ao Grupo de Trabalho de Normas (GT-Normas):</p><p>I - propor, analisar e revisar normativos que regulem o funcionamento do Sistema Nacional da NFS-e, incluindo aspectos legais, operacionais e de segurança da informação;</p><p>II - avaliar e consolidar sugestões de alterações normativas apresentadas por entes federativos ou outros GTs;</p><p>III - observar a conformidade normativa com a legislação tributária vigente;</p><p>IV - apoiar a Secretaria Executiva na elaboração de minutas de resoluções, portarias, instruções normativas, manuais e outros atos;</p><p>V - apresentar à SE/CGNFS-e propostas referentes a temas de sua competência.</p><p>Art. 4º Compete ao Grupo de Trabalho de Atendimento (GT-Atendimento):</p><p>I - promover orientações às administrações tributárias quanto ao uso das ferramentas do Sistema Nacional da NFS-e;</p><p>II - prestar esclarecimento de dúvidas sobre as configurações iniciais e pré-requisitos para a utilização dos sistemas;</p><p>III - providenciar a disponibilização de materiais de apoio (manuais, FAQs, vídeos tutoriais) para consulta rápida;</p><p>IV - apresentar à SE/CGNFS-e propostas referentes a temas de sua competência.</p><p>Art. 5º Compete ao Grupo de Trabalho de Comunicação (GT-Comunicação):</p><p>I - planejar e executar ações de comunicação institucional da SE/CGNFS-e e do CGNFS-e;</p><p>II - dar publicidade aos materiais informativos, notas técnicas, comunicados, manuais orientativos e demais atos da SE/CGNFS-e e do CGNFS-e;</p><p>III - apoiar eventos, capacitações e ações de divulgação promovidas pelo CGNFS-e;</p><p>IV - coordenar, gerenciar e manter atualizadas as plataformas de comunicação oficial, incluindo site, redes sociais e canais de atendimento do CGNFS-e;</p><p>V - outras atividades correlatas que se fizerem necessárias referentes a temas de sua competência.</p><p>Art. 6º Os Grupos de Trabalho serão compostos por membros representantes da União e membros representantes dos Municípios e do Distrito Federal indicados, preferencialmente, dentre os integrantes das respectivas administrações tributárias, distribuídos da seguinte forma:</p><p>§1º Os grupos de trabalhos de que tratam os artigos 2º e 3º serão compostos por, no mínimo:</p><p>I - 3 (três) representantes indicados pela Secretaria da Receita Federal do Brasil</p><p>(RFB);</p><p>II - 3 (três) representantes indicados pela Confederação Nacional de Municípios</p><p>(CNM);</p><p>III - 3 (três) representantes indicados pela Associação Brasileira das Secretarias de Finanças das Capitais (ABRASF) e pela Frente Nacional de Prefeitos (FNP).</p><p>§2º O grupo de trabalho de que trata o artigo 4º será composto por, no mínimo:</p><p>I - 4 (quatro) representantes indicados pela Secretaria da Receita Federal do Brasil</p><p>(RFB);</p><p>II - 4 (quatro) representantes indicados pela Confederação Nacional de Municípios</p><p>(CNM);</p><p>III - 4 (quatro) representantes indicados pela Associação Brasileira das Secretarias de Finanças das Capitais (ABRASF) e pela Frente Nacional de Prefeitos (FNP).</p><p>§3º O grupo de trabalho de que trata o artigo 5º será composto por, no mínimo:</p><p>I - 1 (um) representante indicado pela Secretaria da Receita Federal do Brasil (RFB);</p><p>II - 1 (um) representante indicado pela Confederação Nacional de Municípios (CNM);</p><p>III - 1 (um) representante indicado pela Associação Brasileira das Secretarias de Finanças das Capitais (ABRASF) e pela Frente Nacional de Prefeitos (FNP).</p><p>§4º O GT-Atendimento, por determinação da SE/CGNFS-e, poderá convidar entidades para auxiliar no atendimento aos contribuintes.</p><p>§5º O atendimento prestado na forma do §4º não enseja remuneração de qualquer natureza por parte do CGNFS-e.</p><p>Art. 7º Cada Grupo de Trabalho terá um membro coordenador e um adjunto definidos pela SE/CGNFS-e.</p><p>Art. 8º Os Grupos de Trabalho poderão contar com a participação de especialistas convidados, mediante prévia aprovação dos membros da SE/CGNFS-e.</p><p>Art. 9º Os Grupos de Trabalho terão caráter consultivo e propositivo, devendo encaminhar suas sugestões e proposições à SE/CGNFS-e para análise, deliberação e eventual submissão ao CGNFS-e.</p><p>Art. 10 Caso sejam realizadas reuniões presenciais, as despesas com deslocamento, estadia e diárias dos componentes dos GTs e de eventuais convidados ocorrerão por conta dos órgãos, entidades ou empresas a que estiverem vinculados os respectivos participantes.</p><p>Art. 11 As reuniões dos Grupos de Trabalho ocorrerão mediante convocação do seu coordenador, iniciando-se com qualquer quórum, respeitado o quórum de maioria dos presentes para aprovação do encaminhamento de propostas à SE/CGNFS-e.</p><p>Art. 12 Conforme o artigo 16 da Resolução CGNFS-e nº 1, de 16 de março de 2023, a participação nos grupos de trabalho não enseja remuneração de nenhuma espécie, sendo considerado serviço público relevante.</p><p>Art. 13 Esta Resolução entra em vigor na data da sua publicação no Diário Oficial da União.</p><p class="assina">ALEX HUDSON COSTA CARNEIRO</p>]]></Texto>
  </body>
  <Midias />
</article></xml>