﻿<xml><article id="46235929" name="Portaria CGFM ADV 22.10.25 PUB E" idOficio="11379031" pubName="DO1" artType="Portaria" pubDate="03/11/2025" artClass="00014:00016:00002:00015:00000:00000:00000:00000:00000:00000:00054:00000" artCategory="Ministério das Comunicações/Secretaria de Radiodifusão/Departamento de Inovação, Regulamentação e Fiscalização/Coordenação-Geral de Fiscalização, Monitoramento e Apuração de Infrações" artSize="12" artNotes="" numberPage="28" pdfPage="http://pesquisa.in.gov.br/imprensa/jsp/visualiza/index.jsp?data=03/11/2025&amp;jornal=515&amp;pagina=28" editionNumber="209" highlightType="" highlightPriority="" highlight="" highlightimage="" highlightimagename="" idMateria="23275966">
  <body>
    <Identifica><![CDATA[ PORTARIA Nº 20.072, DE 22 DE OUTUBRO DE 2025]]></Identifica>
    <Data><![CDATA[]]></Data>
    <Ementa />
    <Titulo />
    <SubTitulo />
    <Texto><![CDATA[<p class="identifica">PORTARIA Nº 20.072, DE 22 DE OUTUBRO DE 2025</p><p>A COORDENADORA-GERAL DE FISCALIZAÇÃO, MONITORAMENTO E APURAÇÃO DE INFRAÇÕES, no uso de suas atribuições, observados os critérios e parâmetros estabelecidos pela Portaria de Consolidação GM/MCOM nº 1, de 2/6/2023, e tendo em vista o que consta da Nota Técnica nº 17854/2025/SEI-MCOM (12920815), que integra o Processo nº 53115.021185/2021-06, cujos fundamentos encontram-se motivados na forma prevista no art. 50, § 1º, da Lei nº 9.784, de 29/1/1999, resolve:</p><p>Art.1º Aplicar à RÁDIO FM CIDADE DE PIRIPIRI, Fistel nº 19000000165, inscrita no CNPJ nº 10.318.434/0001-98, outorgada para executar o Serviço de Radiodifusão Sonora em Frequência Modulada, por meio do canal nº 250, no Município de Piripiri, Estado do Piauí, a sanção de advertência, em razão da prática da infração capitulada no art. 28, item 12, alínea "h" do Regulamento dos Serviços de Radiodifusão, aprovado pelo Decreto nº 52.795, de 31/10/1963, com o consequente arquivamento dos autos.</p><p>Art. 2º Esta Portaria entra em vigor na data de sua publicação.</p><p class="assina">CAROLINA AUMONDI COSTA SILVA RATKIEWICZ</p><p class="identifica">PORTARIA Nº 20.075, DE 22 DE OUTUBRO DE 2025</p><p>A COORDENADORA-GERAL DE FISCALIZAÇÃO, MONITORAMENTO E APURAÇÃO DE INFRAÇÕES, no uso de suas atribuições, observados os critérios e parâmetros estabelecidos pela Portaria de Consolidação GM/MCOM nº 1, de 2/6/2023, e tendo em vista o que consta da Nota Técnica nº 17863/2025/SEI-MCOM (12920919), que integra o Processo nº 53115.012471/2021-72, cujos fundamentos encontram-se motivados na forma prevista no art. 50, § 1º, da Lei nº 9.784, de 29/1/1999, resolve:</p><p>Art.1º Aplicar à RÁDIO PARECIS DE DIAMANTINO LTDA., Fistel nº 50414539770, inscrita no CNPJ nº 15.010.127/0001-69, outorgada para executar o Serviço de Radiodifusão Sonora em Frequência Modulada, por meio do canal nº 219, no Município de Diamantino, Estado do Mato Grosso, a sanção de advertência, em razão da prática da infração capitulada no art. 62 do Código Brasileiro de Telecomunicações, instituído pela Lei nº 4.117, de 27/8/1962, com o consequente arquivamento dos autos.</p><p>Art. 2º Esta Portaria entra em vigor na data de sua publicação.</p><p class="assina">CAROLINA AUMONDI COSTA SILVA RATKIEWICZ</p><p class="identifica">PORTARIA Nº 20.079, DE 22 DE OUTUBRO DE 2025</p><p>A COORDENADORA-GERAL DE FISCALIZAÇÃO, MONITORAMENTO E APURAÇÃO DE INFRAÇÕES, no uso de suas atribuições, observados os critérios e parâmetros estabelecidos pela Portaria de Consolidação GM/MCOM nº 1, de 2/6/2023, e tendo em vista o que consta da Nota Técnica nº 17866/2025/SEI-MCOM (12920988), que integra o Processo nº 53115.007282/2021-88, cujos fundamentos encontram-se motivados na forma prevista no art. 50, § 1º, da Lei nº 9.784, de 29/1/1999, resolve:</p><p>Art.1º Aplicar à FUNDAÇÃO CULTURAL DE RADIODIFUSÃO EDUCATIVA COSTA DOURADA, Fistel nº 50403361443, inscrita no CNPJ nº 39.133.202/0001-47, outorgada para executar o Serviço de Radiodifusão Sonora em Frequência Modulada, com fins exclusivamente educativos, por meio do canal nº 220, no Município de Belém, Estado do Pará, a sanção de advertência, em razão da prática das infrações capituladas nos arts. 1º c/c art. 6º e 3º da Portaria Interministerial MC/MEC nº 651, de 15/4/1999, com o consequente arquivamento dos autos.</p><p>Art. 2º Esta Portaria entra em vigor na data de sua publicação.</p><p class="assina">CAROLINA AUMONDI COSTA SILVA RATKIEWICZ</p><p class="identifica">PORTARIA Nº 20.081, DE 22 DE OUTUBRO DE 2025</p><p>A COORDENADORA-GERAL DE FISCALIZAÇÃO, MONITORAMENTO E APURAÇÃO DE INFRAÇÕES, no uso de suas atribuições, observados os critérios e parâmetros estabelecidos pela Portaria de Consolidação GM/MCOM nº 1, de 2/6/2023, e tendo em vista o que consta da Nota Técnica nº 17879/2025/SEI-MCOM (12921220), que integra o Processo nº 01250.027607/2017-12, cujos fundamentos encontram-se motivados na forma prevista no art. 50, § 1º, da Lei nº 9.784, de 29/1/1999, resolve:</p><p>Art.1º Aplicar à RÁDIO DIFUSORA BRASÓPOLIS LTDA., Fistel nº 04008007210, inscrita no CNPJ nº 18.922.971/0001-54, outorgada para executar o Serviço de Radiodifusão Sonora em Onda Média, por meio da frequência 1380 KHz, no Município de Brasópolis, Estado de Minas Gerais, a sanção de advertência, em razão da prática da infração capitulada no art. 62 do Código Brasileiro de Telecomunicações, instituído pela Lei nº 4.117, de 27/8/1962, com o consequente arquivamento dos autos.</p><p>Art. 2º Esta Portaria entra em vigor na data de sua publicação.</p><p class="assina">CAROLINA AUMONDI COSTA SILVA RATKIEWICZ</p><p class="identifica">PORTARIA Nº 20.255, DE 30 DE OUTUBRO DE 2025</p><p>A COORDENADORA-GERAL DE FISCALIZAÇÃO, MONITORAMENTO E APURAÇÃO DE INFRAÇÕES, no uso de suas atribuições, observados os critérios e parâmetros estabelecidos pela Portaria de Consolidação GM/MCOM nº 1, de 2/6/2023, e tendo em vista o que consta da Nota Técnica nº 18804/2025/SEI-MCOM (12944605), que integra o Processo nº 53560.000356/2024-40, cujos fundamentos encontram-se motivados na forma prevista no art. 50, § 1º, da Lei nº 9.784, de 29/1/1999, resolve:</p><p>Art.1º Aplicar à ASSOCIAÇÃO COMUNITÁRIA PLANALTO TIMBAÚBA, Fistel nº 50012670642, inscrita no CNPJ nº 04.705.811/0001-49, outorgada para executar o Serviço de Radiodifusão Comunitária, por meio do canal nº 285, no Município de Nova Russas, no Estado do Ceará a sanção de advertência, em razão da prática da infração capitulada no art. 40, inciso XV, do Decreto nº 2.615, de 3/6/1998, com o consequente arquivamento dos autos.</p><p>Art. 2º Esta Portaria entra em vigor na data de sua publicação.</p><p class="assina">CAROLINA AUMONDI COSTA SILVA RATKIEWICZ</p><p class="identifica">PORTARIA Nº 20.256, DE 30 DE OUTUBRO DE 2025</p><p>A COORDENADORA-GERAL DE FISCALIZAÇÃO, MONITORAMENTO E APURAÇÃO DE INFRAÇÕES, no uso de suas atribuições, observados os critérios e parâmetros estabelecidos pela Portaria de Consolidação GM/MCOM nº 1, de 2/6/2023, e tendo em vista o que consta da Nota Técnica nº 18810/2025/SEI-MCOM (12944722), que integra o Processo nº 53504.008410/2023-99, cujos fundamentos encontram-se motivados na forma prevista no art. 50, § 1º, da Lei nº 9.784, de 29/1/1999, resolve:</p><p>Art.1º Aplicar à ASSOCIAÇÃO MOGIANA DOS PROFISSIONAIS DE RÁDIO E TV, Fistel nº 50409065013, inscrita no CNPJ nº 02.840.507/0001-89, outorgada para executar o Serviço de Radiodifusão Comunitária, por meio do canal nº 198, no Município de Mogi das Cruzes, Estado de São Paulo, a sanção de advertência, em razão da prática da infração capitulada no art. 40, inciso XXII, do Decreto nº 2.615, de 3/6/1998, com o consequente arquivamento dos autos.</p><p>Art. 2º Esta Portaria entra em vigor na data de sua publicação.</p><p class="assina">CAROLINA AUMONDI COSTA SILVA RATKIEWICZ</p><p class="identifica">PORTARIA Nº 20.274, DE 30 DE OUTUBRO DE 2025</p><p>A COORDENADORA-GERAL DE FISCALIZAÇÃO, MONITORAMENTO E APURAÇÃO DE INFRAÇÕES, no uso de suas atribuições, observados os critérios e parâmetros estabelecidos pela Portaria de Consolidação GM/MCOM nº 1, de 2/6/2023, e tendo em vista o que consta da Nota Técnica nº 18854/2025/SEI-MCOM (12946065), que integra o Processo nº 53115.018458/2025-51, cujos fundamentos encontram-se motivados na forma prevista no art. 50, § 1º, da Lei nº 9.784, de 29/1/1999, resolve:</p><p>Art.1º Aplicar à TV BAURU LTDA, Fistel nº 50416225900, inscrita no CNPJ nº 45.033.859/0001-35, outorgada para executar o Serviço de Retransmissão de Radiodifusão de Sons e Imagens - Digital, por meio do canal nº 23, no Município de Presidente Prudente, Estado de São Paulo, a sanção de advertência, em razão da prática da infração capitulada no art. 6º, caput, do Decreto nº 10.405/2020, com redação dada pelo Decreto nº 10.775/2021.</p><p>Art. 2º Esta Portaria entra em vigor na data de sua publicação.</p><p class="assina">CAROLINA AUMONDI COSTA SILVA RATKIEWICZ</p><p class="identifica">PORTARIA Nº 20.359, DE 30 DE OUTUBRO DE 2025</p><p>A COORDENADORA-GERAL DE FISCALIZAÇÃO, MONITORAMENTO E APURAÇÃO DE INFRAÇÕES, no uso de suas atribuições, observados os critérios e parâmetros estabelecidos pela Portaria de Consolidação GM/MCOM nº 1, de 2/6/2023, e tendo em vista o que consta da Nota Técnica nº 19019/2025/SEI-MCOM (12949052), que integra o Processo nº 53115.018983/2025-76, cujos fundamentos encontram-se motivados na forma prevista no art. 50, § 1º, da Lei nº 9.784, de 29/1/1999, resolve:</p><p>Art.1º Aplicar à EMISSORAS SUL BRASILEIRAS LTDA, Fistel nº 03008001181, inscrita no CNPJ nº 95.818.506/0001-19, outorgada para executar o Serviço de Radiodifusão Sonora em Onda Média, por meio da frequência 1320 KHz, no Município de Panambi, Estado de Rio Grande do Sul, a sanção de advertência, em razão da prática da infração capitulada no art. 6º, caput, do Decreto nº 10.405/2020, com redação dada pelo Decreto nº 10.775/2021.</p><p>Art. 2º Esta Portaria entra em vigor na data de sua publicação.</p><p class="assina">CAROLINA AUMONDI COSTA SILVA RATKIEWICZ</p>]]></Texto>
  </body>
  <Midias />
</article></xml>