﻿<xml><article id="46239883" name="resolucao_4353_2025 GGMED" idOficio="11379573" pubName="DO1" artType="Resolução" pubDate="03/11/2025" artClass="00047:00048:00014:00008:00000:00000:00000:00000:00000:00000:00064:34353" artCategory="Ministério da Saúde/Agência Nacional de Vigilância Sanitária/2ª Diretoria/Gerência-Geral de Medicamentos" artSize="12" artNotes="" numberPage="107" pdfPage="http://pesquisa.in.gov.br/imprensa/jsp/visualiza/index.jsp?data=03/11/2025&amp;jornal=515&amp;pagina=107" editionNumber="209" highlightType="" highlightPriority="" highlight="" highlightimage="" highlightimagename="" idMateria="23277039">
  <body>
    <Identifica><![CDATA[ RESOLUÇÃO-RE Nº 4.353, de 31 DE Outubro DE 2025]]></Identifica>
    <Data><![CDATA[]]></Data>
    <Ementa />
    <Titulo />
    <SubTitulo />
    <Texto><![CDATA[<p class="identifica">RESOLUÇÃO-RE Nº 4.353, de 31 DE Outubro DE 2025</p><p>O GERENTE-GERAL DE MEDICAMENTOS DA AGÊNCIA NACIONAL DE VIGILÂNCIA SANITÁRIA, no uso das atribuições que lhe confere o art. 100, aliado ao disposto no art. 203, inciso I, § 1º do Regimento Interno aprovado pela Resolução da Diretoria Colegiada - RDC nº 585, de 10 de dezembro de 2021, resolve:</p><p>Art.1º Publicar a desistência a pedido dos expedientes relacionadas à Gerência-Geral de Medicamentos, sob o nº. de expedientes constantes do anexo desta Resolução, nos termos do art. 51 da Lei nº. 9.784, de 1999.</p><p>Art. 2º Esta Resolução entra em vigor na data de sua publicação.</p><p class="assina">RAPHAEL SANCHES PEREIRA</p><p class="anexo">ANEXO</p><p>RAZÃO SOCIAL</p><p>ASSUNTO DA PETIÇÃO DESISTIDA</p><p>NÚMERO DO PROCESSO EXPEDIENTE DE DESISTÊNCIA A PEDIDO EXPEDIENTE DA PETIÇÃO DESISTIDA</p><p>--------------------------------------------------</p><p>ACHÉ LABORATÓRIOS FARMACÊUTICOS S.A - 60.659.463/0029-92</p><p>11871 - RDC 73/2016 - SIMILAR - Mudanças maiores de métodos analíticos</p><p>25351.802757/2010-19 1404753/25-7 1634807/24-9</p><p>12175 - GENÉRICO - Protocolo de Gerenciamento de Mudanças Pós-registro (PGMP) para um produto</p><p>25351.011524/2019-95 1419322/25-7 0521995/25-7</p><p>11869 - RDC 73/2016 - GENÉRICO - Mudanças maiores de métodos analíticos</p><p>25351.689354/2018-78 1405009/25-0 1634810/24-9</p><p>11869 - RDC 73/2016 - GENÉRICO - Mudanças maiores de métodos analíticos</p><p>25351.689369/2018-36 1405057/25-4 1634813/24-3</p><p>150 - SIMILAR - Registro de Medicamento Similar</p><p>25351.670756/2022-85 1362125/25-3 5107146/22-1</p><p>--------------------------------------------------</p><p>BLAU FARMACEUTICA S.A. - 58.430.828/0001-60</p><p>11730 - RDC 73/2016 - SIMILAR - Mudança administrativa do DIFA sem CADIFA</p><p>25000.011272/99-15 1363557/25-4 0607581/25-9</p><p>11740 - RDC 73/2016 - SIMILAR - Mudança do DIFA sem CADIFA (implementação imediata)</p><p>25000.011272/99-15 1365628/25-6 0607556/25-8</p><p>--------------------------------------------------</p><p>BRAINFARMA INDÚSTRIA QUÍMICA E FARMACÊUTICA S.A - 05.161.069/0001-10</p><p>155 - GENERICO - Registro de Medicamento</p><p>25351.160988/2025-72 1384632/25-5 1196169/25-4</p><p>--------------------------------------------------</p><p>HYPOFARMA - INSTITUTO DE HYPODERMIA E FARMÁCIA LTDA - 17.174.657/0001-78</p><p>11724 - RDC 73/2016 - SIMILAR - Inclusão de novo DIFA sem CADIFA</p><p>25991.008669/80 1315007/25-8 1265671/25-2</p><p>--------------------------------------------------</p><p>UNIÃO QUÍMICA FARMACÊUTICA NACIONAL S/A - 60.665.981/0001-18</p><p>12249 - MEDICAMENTO NOVO - Registro de medicamento novo (novo IFA) - via de desenvolvimento abreviado</p><p>25351.038308/2024-54 1412771/25-1 0196495/24-0</p>]]></Texto>
  </body>
  <Midias />
</article></xml>