﻿<xml><article id="46236759" name="Int_Desp_3.167_2025_SFF" idOficio="11379305" pubName="DO1" artType="Despacho" pubDate="03/11/2025" artClass="00035:00043:00039:00000:00000:00000:00000:00000:00000:00000:00024:00000" artCategory="Ministério de Minas e Energia/Agência Nacional de Energia Elétrica/Superintendência de Fiscalização Econômica, Financeira e de Mercado" artSize="12" artNotes="" numberPage="72" pdfPage="http://pesquisa.in.gov.br/imprensa/jsp/visualiza/index.jsp?data=03/11/2025&amp;jornal=515&amp;pagina=72" editionNumber="209" highlightType="" highlightPriority="" highlight="" highlightimage="" highlightimagename="" idMateria="23276471">
  <body>
    <Identifica><![CDATA[ DESPACHO Nº 3.167, DE 24 DE OUTUBRO DE 2025]]></Identifica>
    <Data><![CDATA[]]></Data>
    <Ementa />
    <Titulo />
    <SubTitulo />
    <Texto><![CDATA[<p class="identifica">DESPACHO Nº 3.167, DE 24 DE OUTUBRO DE 2025</p><p>A SUPERINTENDENTE DE FISCALIZAÇÃO ECONÔMICA, FINAN CEIRA E DE MERCADO DA AGÊNCIA NACIONAL DE ENERGIA ELÉTRICA - ANEEL, no uso das atribuições que lhe foram delegadas por meio da Portaria nº 6.826, de 4 de maio de 2023, considerando o disposto nas Notas Técnicas nº 242/2024-SFF/ANEEL, de 19 de novembro de 2024, nº 141/2025-SFF/ANEEL, de 19 de maio de 2025, nº 299/2025- SFF/ANEEL, de 22 de outubro de 2025 e no Despacho nº 1.480, de 19 de maio de 2025, bem como o que consta de todo o teor do processo de fiscalização 48500.900708/2024-31, decide:</p><p>alterar o item (i) do Despacho nº 1.480/2025, reconsiderando parcialmente a referida decisão, sendo mantidos os demais itens: "(i) que a Câmara de Comercialização de Energia - CCEE, CNPJ nº 03.034.433/0001-56, na qualidade de gestora da Conta de Desenvolvimento Energético - CDE, faça a cobrança adicional aos valores fixados no Quadro 1 anexo ao Despacho nº 904/2021 para a Jirau Energia S.A., CNPJ nº 09.029.666/0001-47, no prazo máximo de 30 dias após a publicação desse Despacho, do montante de R$ 3.612.532,79 (três milhões, seiscentos e doze mil, quinhentos e trinta e dois reais e setenta e nove centavos), na posição de agosto/2020, relativo à diferença apurada pela fiscalização do saldo passivo não comprometido do P&amp;D. Os valores devem ser atualizados pela SELIC, a partir da data base de 31 de agosto de 2020 até o efetivo recolhimento"</p><p class="assina">MARIA LUIZA FERREIRA CALDWELL</p>]]></Texto>
  </body>
  <Midias />
</article></xml>