﻿<xml><article id="46237395" name="resolucao_4357_2025 COAFE_002" idOficio="11379360" pubName="DO1" artType="Resolução" pubDate="03/11/2025" artClass="00047:00048:00016:00006:00002:00000:00000:00000:00000:00000:00064:34357" artCategory="Ministério da Saúde/Agência Nacional de Vigilância Sanitária/4ª Diretoria/Gerência-Geral de Inspeção e Fiscalização Sanitária/Coordenação de Autorização de Funcionamento de Empresas" artSize="12" artNotes="" numberPage="141" pdfPage="http://pesquisa.in.gov.br/imprensa/jsp/visualiza/index.jsp?data=03/11/2025&amp;jornal=515&amp;pagina=141" editionNumber="209" highlightType="" highlightPriority="" highlight="" highlightimage="" highlightimagename="" idMateria="23276594">
  <body>
    <Identifica />
    <Data><![CDATA[]]></Data>
    <Ementa />
    <Titulo />
    <SubTitulo />
    <Texto><![CDATA[<p>CARDIOMEDIC DISTRIBUICAO DE PRODUTOS CARDIOLOGICOS LTDA / 07.547.205/0001-30</p><p>25019.005473/2006-29 / 8032162</p><p>ARMAZENAR: PRODUTOS PARA SAÚDE (DISPOSITIVOS MÉDICOS)</p><p>DISTRIBUIR: PRODUTOS PARA SAÚDE (DISPOSITIVOS MÉDICOS)</p><p>EXPEDIR: PRODUTOS PARA SAÚDE (DISPOSITIVOS MÉDICOS)</p><p>EXPORTAR: PRODUTOS PARA SAÚDE (DISPOSITIVOS MÉDICOS)</p><p>IMPORTAR: PRODUTOS PARA SAÚDE (DISPOSITIVOS MÉDICOS)</p><p>TRANSPORTAR: PRODUTOS PARA SAÚDE (DISPOSITIVOS MÉDICOS)</p><p>70933 - AFE - ALTERAÇÃO - PRODUTOS PARA SAÚDE - AMPLIAÇÃO DE ATIVIDADES / 1391050258</p><p>--------------------------------------</p><p>MED IMPORTS DO BRASIL LTDA / 45.254.236/0001-92</p><p>25351.645419/2023-31 / 8278759</p><p>ARMAZENAR: PRODUTOS PARA SAÚDE (DISPOSITIVOS MÉDICOS)</p><p>DISTRIBUIR: PRODUTOS PARA SAÚDE (DISPOSITIVOS MÉDICOS)</p><p>EXPEDIR: PRODUTOS PARA SAÚDE (DISPOSITIVOS MÉDICOS)</p><p>IMPORTAR: PRODUTOS PARA SAÚDE (DISPOSITIVOS MÉDICOS)</p><p>866 - AFE - ALTERAÇÃO - PRODUTOS PARA SAÚDE - ENDEREÇO / 1396703250</p><p>--------------------------------------</p><p>GS INTERNATIONAL LTDA / 50.604.110/0001-30</p><p>25351.652113/2023-31 / 3126039</p><p>DISTRIBUIR: SANEANTE DOMIS.</p><p>IMPORTAR: SANEANTE DOMIS.</p><p>714 - AFE - ALTERAÇÃO - SANEANTES DOMISSANITÁRIOS - ENDEREÇO MATRIZ / 1395017255</p><p>--------------------------------------</p><p>DROGARIA DO ADAO LTDA ME / 15.463.847/0001-80</p><p>25351.552990/2013-31 / 7032207</p><p>COMÉRCIO: ALIMENTOS PERMITIDOS / COSMÉTICOS / PERFUMES / PRODUTOS DE HIGIENE / PRODUTOS PARA SAÚDE (DISPOSITIVOS MÉDICOS)</p><p>DISPENSAÇÃO DE MEDICAMENTOS, INCLUSIVE SUJEITOS A CONTROLE ESPECIAL</p><p>PRESTAÇÃO DE SERVIÇOS FARMACÊUTICOS: -</p><p>7113 - AFE - ALTERAÇÃO - FARMÁCIAS E DROGARIAS - ENDEREÇO / 1392766257</p><p>--------------------------------------</p><p>DIREMADI MARKETING E SERVICOS LTDA / 35.905.090/0001-44</p><p>25351.026098/2011-32 / 8072171</p><p>ARMAZENAR: PRODUTOS PARA SAÚDE (DISPOSITIVOS MÉDICOS)</p><p>EXPEDIR: PRODUTOS PARA SAÚDE (DISPOSITIVOS MÉDICOS)</p><p>866 - AFE - ALTERAÇÃO - PRODUTOS PARA SAÚDE - ENDEREÇO / 1402789254</p><p>--------------------------------------</p><p>VERTICAL CE SOLUCOES PARA SAUDE LTDA / 54.017.161/0001-17</p><p>25351.239778/2024-33 / 8293447</p><p>ARMAZENAR: PRODUTOS PARA SAÚDE (DISPOSITIVOS MÉDICOS)</p><p>DISTRIBUIR: PRODUTOS PARA SAÚDE (DISPOSITIVOS MÉDICOS)</p><p>EXPEDIR: PRODUTOS PARA SAÚDE (DISPOSITIVOS MÉDICOS)</p><p>TRANSPORTAR: PRODUTOS PARA SAÚDE (DISPOSITIVOS MÉDICOS)</p><p>70933 - AFE - ALTERAÇÃO - PRODUTOS PARA SAÚDE - AMPLIAÇÃO DE ATIVIDADES / 1397846259</p><p>--------------------------------------</p><p>Dagoberto Teixeira Ferraz ME / 19.822.605/0001-96</p><p>25351.205928/2014-33 / 7166591</p><p>COMÉRCIO: ALIMENTOS PERMITIDOS / COSMÉTICOS / PERFUMES / PRODUTOS DE HIGIENE / PRODUTOS PARA SAÚDE (DISPOSITIVOS MÉDICOS)</p><p>DISPENSAÇÃO DE MEDICAMENTOS, INCLUSIVE SUJEITOS A CONTROLE ESPECIAL</p><p>DISPENSAÇÃO DE PLANTAS MEDICINAIS: -</p><p>PRESTAÇÃO DE SERVIÇOS FARMACÊUTICOS: -</p><p>7113 - AFE - ALTERAÇÃO - FARMÁCIAS E DROGARIAS - ENDEREÇO / 1396868259</p><p>--------------------------------------</p><p>TRANSFU TRANSPORTES LTDA / 03.040.725/0001-00</p><p>25351.145966/2012-33 / 1092268</p><p>TRANSPORTAR: INSUMO / MEDICAMENTO</p><p>70798 - AFE - ALTERAÇÃO - MEDICAMENTOS E/OU INSUMOS FARMACÊUTICOS - ENDEREÇO MATRIZ / 1400939259</p><p>--------------------------------------</p><p>DIREMADI MARKETING E SERVICOS LTDA / 35.905.090/0001-44</p><p>25351.026085/2011-33 / 2057498</p><p>ARMAZENAR: COSMÉTICOS / PERFUMES / PRODUTOS DE HIGIENE</p><p>EXPEDIR: COSMÉTICOS / PERFUMES / PRODUTOS DE HIGIENE</p><p>751 - AFE - ALTERAÇÃO - COSMÉTICOS, PERFUMES E PRODUTOS DE HIGIENE - ENDEREÇO MATRIZ / 1402788258</p><p>--------------------------------------</p><p>STILO MEDIC IMPORTADORA E EXPORTADORA LTDA / 62.406.396/0001-29</p><p>25351.189131/2025-34 / 3147791</p><p>ARMAZENAR: SANEANTE DOMIS.</p><p>DISTRIBUIR: SANEANTE DOMIS.</p><p>EXPEDIR: SANEANTE DOMIS.</p><p>IMPORTAR: SANEANTE DOMIS.</p><p>70931 - AFE - ALTERAÇÃO - SANEANTES DOMISSANITÁRIOS - AMPLIAÇÃO DE ATIVIDADES / 1390159256</p><p>--------------------------------------</p><p>FARMA MAX LTDA / 41.035.166/0001-20</p><p>25351.824391/2021-34 / 7829091</p><p>COMÉRCIO: ALIMENTOS PERMITIDOS / COSMÉTICOS / PERFUMES / PRODUTOS DE HIGIENE / PRODUTOS PARA SAÚDE (DISPOSITIVOS MÉDICOS)</p><p>DISPENSAÇÃO DE MEDICAMENTOS, INCLUSIVE SUJEITOS A CONTROLE ESPECIAL</p><p>FRACIONAMENTO: -</p><p>PRESTAÇÃO DE SERVIÇOS FARMACÊUTICOS: -</p><p>7111 - AFE - ALTERAÇÃO - FARMÁCIAS E DROGARIAS - AMPLIAÇÃO DE ATIVIDADES / 1442557257</p><p>--------------------------------------</p><p>DROGARIA FARMA BELLA LTDA / 30.958.868/0002-40</p><p>25351.591650/2021-35 / 7868593</p><p>COMÉRCIO: ALIMENTOS PERMITIDOS / COSMÉTICOS / PERFUMES / PRODUTOS DE HIGIENE / PRODUTOS PARA SAÚDE (DISPOSITIVOS MÉDICOS)</p><p>DISPENSAÇÃO DE MEDICAMENTOS, INCLUSIVE SUJEITOS A CONTROLE ESPECIAL</p><p>PRESTAÇÃO DE SERVIÇOS FARMACÊUTICOS: -</p><p>7110 - AFE - ALTERAÇÃO - FARMÁCIAS E DROGARIAS - RAZÃO SOCIAL / 1443719251</p><p>--------------------------------------</p><p>DENTAL FERNANDES LTDA - COMÉRCIO ATACADISTA DE PRODUTOS ODONTOLÓGICOS E SEUS SIMILARES EM GERAL / 50.770.031/0001-08</p><p>25351.105295/2007-35 / 8037173</p><p>ARMAZENAR: PRODUTOS PARA SAÚDE (DISPOSITIVOS MÉDICOS)</p><p>DISTRIBUIR: PRODUTOS PARA SAÚDE (DISPOSITIVOS MÉDICOS)</p><p>EXPEDIR: PRODUTOS PARA SAÚDE (DISPOSITIVOS MÉDICOS)</p><p>TRANSPORTAR: PRODUTOS PARA SAÚDE (DISPOSITIVOS MÉDICOS)</p><p>866 - AFE - ALTERAÇÃO - PRODUTOS PARA SAÚDE - ENDEREÇO / 1402787251</p><p>--------------------------------------</p><p>SERMED DISTRIBUIDORA LTDA / 23.486.068/0001-28</p><p>25351.151240/2022-36 / 8244060</p><p>ARMAZENAR: PRODUTOS PARA SAÚDE (DISPOSITIVOS MÉDICOS)</p><p>DISTRIBUIR: PRODUTOS PARA SAÚDE (DISPOSITIVOS MÉDICOS)</p><p>EXPEDIR: PRODUTOS PARA SAÚDE (DISPOSITIVOS MÉDICOS)</p><p>829 - AFE - ALTERAÇÃO - PRODUTOS PARA SAÚDE - RAZÃO SOCIAL / 1441993258</p><p>--------------------------------------</p><p>HORUS FARMA DISTRIBUIDORA DE MEDICAMENTOS LTDA / 26.754.510/0001-48</p><p>25351.288945/2017-36 / 8151596</p><p>ARMAZENAR: PRODUTOS PARA SAÚDE (DISPOSITIVOS MÉDICOS)</p><p>DISTRIBUIR: PRODUTOS PARA SAÚDE (DISPOSITIVOS MÉDICOS)</p><p>EXPEDIR: PRODUTOS PARA SAÚDE (DISPOSITIVOS MÉDICOS)</p><p>866 - AFE - ALTERAÇÃO - PRODUTOS PARA SAÚDE - ENDEREÇO / 1402792255</p><p>--------------------------------------</p><p>DROGARIA JOYCE LTDA / 18.606.251/0001-80</p><p>25351.026393/2014-36 / 7090801</p><p>COMÉRCIO: ALIMENTOS PERMITIDOS / COSMÉTICOS / PERFUMES / PRODUTOS DE HIGIENE / PRODUTOS PARA SAÚDE (DISPOSITIVOS MÉDICOS)</p><p>DISPENSAÇÃO DE MEDICAMENTOS, INCLUSIVE SUJEITOS A CONTROLE ESPECIAL</p><p>FRACIONAMENTO: -</p><p>PRESTAÇÃO DE SERVIÇOS FARMACÊUTICOS: -</p><p>7113 - AFE - ALTERAÇÃO - FARMÁCIAS E DROGARIAS - ENDEREÇO / 1391957253</p><p>--------------------------------------</p><p>RAPHAEL S NOGUEIRA LTDA / 10.754.509/0001-83</p><p>25351.658283/2014-38 / 7320857</p><p>COMÉRCIO: ALIMENTOS PERMITIDOS / COSMÉTICOS / PERFUMES / PRODUTOS DE HIGIENE / PRODUTOS PARA SAÚDE (DISPOSITIVOS MÉDICOS)</p><p>DISPENSAÇÃO DE MEDICAMENTOS, INCLUSIVE SUJEITOS A CONTROLE ESPECIAL</p><p>DISPENSAÇÃO DE PLANTAS MEDICINAIS: -</p><p>PRESTAÇÃO DE SERVIÇOS FARMACÊUTICOS: -</p><p>7110 - AFE - ALTERAÇÃO - FARMÁCIAS E DROGARIAS - RAZÃO SOCIAL / 1440129258</p><p>--------------------------------------</p><p>MED OESTE FARMACIAS LTDA / 24.728.726/0001-03</p><p>25351.128298/2016-38 / 7461289</p><p>COMÉRCIO: ALIMENTOS PERMITIDOS / COSMÉTICOS / PERFUMES / PRODUTOS DE HIGIENE / PRODUTOS PARA SAÚDE (DISPOSITIVOS MÉDICOS)</p><p>DISPENSAÇÃO DE MEDICAMENTOS, INCLUSIVE SUJEITOS A CONTROLE ESPECIAL</p><p>FRACIONAMENTO: -</p><p>PRESTAÇÃO DE SERVIÇOS FARMACÊUTICOS: -</p><p>7113 - AFE - ALTERAÇÃO - FARMÁCIAS E DROGARIAS - ENDEREÇO / 1390139255</p><p>--------------------------------------</p><p>LEO IMPORTADOS.COM LTDA / 44.730.230/0001-81</p><p>25351.182288/2025-39 / 2115394</p><p>ARMAZENAR: COSMÉTICOS / PERFUMES / PRODUTOS DE HIGIENE</p><p>DISTRIBUIR: COSMÉTICOS / PERFUMES / PRODUTOS DE HIGIENE</p><p>EXPEDIR: COSMÉTICOS / PERFUMES / PRODUTOS DE HIGIENE</p><p>IMPORTAR: COSMÉTICOS / PERFUMES / PRODUTOS DE HIGIENE</p><p>70935 - AFE - ALTERAÇÃO - COSMÉTICOS, PERFUMES E PRODUTOS DE HIGIENE - AMPLIAÇÃO DE ATIVIDADES / 1405833254</p><p>--------------------------------------</p><p>GS INTERNATIONAL LTDA / 50.604.110/0001-30</p><p>25351.652104/2023-40 / 8279248</p><p>DISTRIBUIR: PRODUTOS PARA SAÚDE (DISPOSITIVOS MÉDICOS)</p><p>IMPORTAR: PRODUTOS PARA SAÚDE (DISPOSITIVOS MÉDICOS)</p><p>866 - AFE - ALTERAÇÃO - PRODUTOS PARA SAÚDE - ENDEREÇO / 1394304251</p><p>--------------------------------------</p><p>DIREMADI MARKETING E SERVICOS LTDA / 35.905.090/0001-44</p><p>25351.026129/2011-43 / 1086809</p><p>ARMAZENAR: INSUMOS FARMACÊUTICOS / MEDICAMENTO</p><p>EXPEDIR: INSUMOS FARMACÊUTICOS / MEDICAMENTO</p><p>70798 - AFE - ALTERAÇÃO - MEDICAMENTOS E/OU INSUMOS FARMACÊUTICOS - ENDEREÇO MATRIZ / 1401938256</p><p>--------------------------------------</p><p>FARMACIA BOM JESUS MEDICAMENTOS LTDA / 08.187.924/0001-50</p><p>25351.450772/2014-43 / 7250174</p><p>COMÉRCIO: ALIMENTOS PERMITIDOS / COSMÉTICOS / PERFUMES / PRODUTOS DE HIGIENE / PRODUTOS PARA SAÚDE (DISPOSITIVOS MÉDICOS)</p><p>DISPENSAÇÃO DE MEDICAMENTOS, INCLUSIVE SUJEITOS A CONTROLE ESPECIAL</p><p>FRACIONAMENTO: -</p><p>7113 - AFE - ALTERAÇÃO - FARMÁCIAS E DROGARIAS - ENDEREÇO / 1391222253</p><p>--------------------------------------</p><p>ROCHA E ROCHA LTDA / 21.138.500/0001-64</p><p>25351.781676/2014-44 / 7353102</p><p>COMÉRCIO: COSMÉTICOS, PERFUMES, PRODUTOS DE HIGIENE, CORRELATOS, ALIMENTOS E PLANTAS MEDICINAIS (IN Nº 9/2009)</p><p>DISPENSAÇÃO DE MEDICAMENTOS, INCLUSIVE SUJEITOS A CONTROLE ESPECIAL</p><p>7111 - AFE - ALTERAÇÃO - FARMÁCIAS E DROGARIAS - AMPLIAÇÃO DE ATIVIDADES / 1442567252</p><p>--------------------------------------</p><p>CENTRO DE ESTETICA SOB MEDIDA LTDA / 13.790.918/0001-23</p><p>25351.560120/2021-45 / 8235761</p><p>ARMAZENAR: PRODUTOS PARA SAÚDE (DISPOSITIVOS MÉDICOS)</p><p>DISTRIBUIR: PRODUTOS PARA SAÚDE (DISPOSITIVOS MÉDICOS)</p><p>EXPEDIR: PRODUTOS PARA SAÚDE (DISPOSITIVOS MÉDICOS)</p><p>866 - AFE - ALTERAÇÃO - PRODUTOS PARA SAÚDE - ENDEREÇO / 1406991252</p><p>--------------------------------------</p><p>Lyska Industria e Comércio de Cosméticos Ltda EPP / 15.486.670/0001-37</p><p>25351.404987/2013-45 / 2069325</p><p>ARMAZENAR: COSMÉTICOS / PERFUMES / PRODUTOS DE HIGIENE</p><p>DISTRIBUIR: COSMÉTICOS / PERFUMES / PRODUTOS DE HIGIENE</p><p>EMBALAR: COSMÉTICOS / PERFUMES / PRODUTOS DE HIGIENE</p><p>EXPEDIR: COSMÉTICOS / PERFUMES / PRODUTOS DE HIGIENE</p><p>FABRICAR: COSMÉTICOS / PERFUMES / PRODUTOS DE HIGIENE</p><p>FRACIONAR: COSMÉTICOS / PERFUMES / PRODUTOS DE HIGIENE</p><p>REEMBALAR: COSMÉTICOS / PERFUMES / PRODUTOS DE HIGIENE</p><p>70937 - AFE - ALTERAÇÃO - COSMÉTICOS, PERFUMES E PRODUTOS DE HIGIENE - AMPLIAÇÃO DE CLASSE / 1392178258</p><p>--------------------------------------</p><p>LEE TRADING IMPORTACAO E EXPORTACAO LTDA / 17.708.430/0001-65</p><p>25351.365807/2016-45 / 2089345</p><p>ARMAZENAR: COSMÉTICOS / PERFUMES / PRODUTOS DE HIGIENE</p><p>DISTRIBUIR: COSMÉTICOS / PERFUMES / PRODUTOS DE HIGIENE</p><p>EXPEDIR: COSMÉTICOS / PERFUMES / PRODUTOS DE HIGIENE</p><p>IMPORTAR: COSMÉTICOS / PERFUMES / PRODUTOS DE HIGIENE</p><p>751 - AFE - ALTERAÇÃO - COSMÉTICOS, PERFUMES E PRODUTOS DE HIGIENE - ENDEREÇO MATRIZ / 1400992257</p><p>--------------------------------------</p><p>antonio hildebrando de sousa / 07.212.898/0001-00</p><p>25351.560326/2014-46 / 7297559</p><p>COMÉRCIO: ALIMENTOS PERMITIDOS / COSMÉTICOS / PERFUMES / PRODUTOS DE HIGIENE / PRODUTOS PARA SAÚDE (DISPOSITIVOS MÉDICOS)</p><p>DISPENSAÇÃO DE MEDICAMENTOS, INCLUSIVE SUJEITOS A CONTROLE ESPECIAL</p><p>7113 - AFE - ALTERAÇÃO - FARMÁCIAS E DROGARIAS - ENDEREÇO / 1396867252</p><p>--------------------------------------</p><p>DENTAL FERNANDES LTDA - COMÉRCIO ATACADISTA DE PRODUTOS ODONTOLÓGICOS E SEUS SIMILARES EM GERAL / 50.770.031/0001-08</p><p>25351.523464/2013-47 / 2071419</p><p>ARMAZENAR: COSMÉTICOS / PRODUTOS DE HIGIENE</p><p>DISTRIBUIR: COSMÉTICOS / PRODUTOS DE HIGIENE</p><p>EXPEDIR: COSMÉTICOS / PRODUTOS DE HIGIENE</p><p>TRANSPORTAR: COSMÉTICOS / PERFUMES / PRODUTOS DE HIGIENE</p><p>751 - AFE - ALTERAÇÃO - COSMÉTICOS, PERFUMES E PRODUTOS DE HIGIENE - ENDEREÇO MATRIZ / 1401900259</p><p>--------------------------------------</p><p>FORTIS &amp; MEDDYNAMICS IMPORTADORA E EXPORTADORA LTDA / 60.920.509/0001-84</p><p>25351.193394/2025-48 / 2115700</p><p>ARMAZENAR: COSMÉTICOS / PERFUMES / PRODUTOS DE HIGIENE</p><p>DISTRIBUIR: COSMÉTICOS / PERFUMES / PRODUTOS DE HIGIENE</p><p>EXPEDIR: COSMÉTICOS / PERFUMES / PRODUTOS DE HIGIENE</p><p>IMPORTAR: COSMÉTICOS / PERFUMES / PRODUTOS DE HIGIENE</p><p>70935 - AFE - ALTERAÇÃO - COSMÉTICOS, PERFUMES E PRODUTOS DE HIGIENE - AMPLIAÇÃO DE ATIVIDADES / 1416303251</p><p>--------------------------------------</p><p>DROGARIA AR BARROS LTDA / 55.537.998/0001-50</p><p>25351.419187/2024-48 / 5128923</p><p>COMÉRCIO: ALIMENTOS PERMITIDOS / COSMÉTICOS / PERFUMES / PRODUTOS DE HIGIENE / PRODUTOS PARA SAÚDE (DISPOSITIVOS MÉDICOS)</p><p>DISPENSAÇÃO DE MEDICAMENTOS, INCLUSIVE SUJEITOS A CONTROLE ESPECIAL</p><p>DISPENSAÇÃO DE PLANTAS MEDICINAIS: -</p><p>FRACIONAMENTO: -</p><p>MANIPULAÇÃO DE PRODUTOS ESTÉREIS: -</p><p>MANIPULAÇÃO DE PRODUTOS MAGISTRAIS: -</p><p>MANIPULAÇÃO DE PRODUTOS OFICINAIS: -</p><p>PRESTAÇÃO DE SERVIÇOS FARMACÊUTICOS: -</p><p>7113 - AFE - ALTERAÇÃO - FARMÁCIAS E DROGARIAS - ENDEREÇO / 1391230256</p><p>--------------------------------------</p><p>TITANIUM MEDICAL S/A / 42.863.716/0001-62</p><p>25351.515212/2022-51 / 8247998</p><p>ARMAZENAR: PRODUTOS PARA SAÚDE (DISPOSITIVOS MÉDICOS)</p><p>DISTRIBUIR: PRODUTOS PARA SAÚDE (DISPOSITIVOS MÉDICOS)</p><p>EXPEDIR: PRODUTOS PARA SAÚDE (DISPOSITIVOS MÉDICOS)</p><p>TRANSPORTAR: PRODUTOS PARA SAÚDE (DISPOSITIVOS MÉDICOS)</p><p>866 - AFE - ALTERAÇÃO - PRODUTOS PARA SAÚDE - ENDEREÇO / 1391111257</p><p>--------------------------------------</p><p>DROGA RIBAS LTDA / 20.310.827/0001-09</p><p>25351.420937/2014-52 / 7239231</p><p>COMÉRCIO: ALIMENTOS PERMITIDOS / COSMÉTICOS / PERFUMES / PRODUTOS DE HIGIENE / PRODUTOS PARA SAÚDE (DISPOSITIVOS MÉDICOS)</p><p>DISPENSAÇÃO DE MEDICAMENTOS, INCLUSIVE SUJEITOS A CONTROLE ESPECIAL</p><p>PRESTAÇÃO DE SERVIÇOS FARMACÊUTICOS: -</p><p>7113 - AFE - ALTERAÇÃO - FARMÁCIAS E DROGARIAS - ENDEREÇO / 1393355251</p><p>--------------------------------------</p><p>V ROJAS CONTRERAS LTDA / 01.167.997/0001-31</p><p>25351.248229/2009-52 / 3040289</p><p>ARMAZENAR: SANEANTE DOMIS.</p><p>DISTRIBUIR: SANEANTE DOMIS.</p><p>EMBALAR: SANEANTE DOMIS.</p><p>EXPEDIR: SANEANTE DOMIS.</p><p>FABRICAR: SANEANTE DOMIS.</p><p>REEMBALAR: SANEANTE DOMIS.</p><p>732 - AFE - ALTERAÇÃO - SANEANTES DOMISSANITÁRIOS - RAZÃO SOCIAL / 1441355251</p><p>--------------------------------------</p><p>DROGARIA TRINTA E UM DE MARCO LTDA / 46.827.432/0001-71</p><p>25351.231403/2014-53 / 7162967</p><p>COMÉRCIO: ALIMENTOS PERMITIDOS / COSMÉTICOS / PERFUMES / PRODUTOS DE HIGIENE / PRODUTOS PARA SAÚDE (DISPOSITIVOS MÉDICOS)</p><p>DISPENSAÇÃO DE MEDICAMENTOS, INCLUSIVE SUJEITOS A CONTROLE ESPECIAL</p><p>PRESTAÇÃO DE SERVIÇOS FARMACÊUTICOS: -</p><p>7111 - AFE - ALTERAÇÃO - FARMÁCIAS E DROGARIAS - AMPLIAÇÃO DE ATIVIDADES / 1399384252</p><p>--------------------------------------</p><p>CLINMED RIO COMERCIO DE ARTIGOS MEDICOS E ORTOPEDICOS LTDA / 12.467.446/0001-00</p><p>25351.588322/2013-53 / 8099111</p><p>COMÉRCIO VAREJISTA: PRODUTOS PARA SAÚDE (DISPOSITIVOS MÉDICOS)</p><p>829 - AFE - ALTERAÇÃO - PRODUTOS PARA SAÚDE - RAZÃO SOCIAL / 1444383256</p><p>--------------------------------------</p><p>Nova Biodoses farmácia de manipulação ltda / 41.287.819/0001-69</p><p>25351.014117/2021-54 / 7831656</p><p>COMÉRCIO: ALIMENTOS PERMITIDOS / COSMÉTICOS / PERFUMES / PRODUTOS DE HIGIENE / PRODUTOS PARA SAÚDE (DISPOSITIVOS MÉDICOS)</p><p>DISPENSAÇÃO DE MEDICAMENTOS, INCLUSIVE SUJEITOS A CONTROLE ESPECIAL</p><p>MANIPULAÇÃO DE PRODUTOS MAGISTRAIS: -</p><p>MANIPULAÇÃO DE PRODUTOS OFICINAIS: -</p><p>7113 - AFE - ALTERAÇÃO - FARMÁCIAS E DROGARIAS - ENDEREÇO / 1400859255</p><p>--------------------------------------</p><p>FARMACIA MEDICARE APA LTDA - ME / 03.379.941/0001-76</p><p>25351.725262/2013-54 / 7068334</p><p>COMÉRCIO: ALIMENTOS PERMITIDOS / COSMÉTICOS / PERFUMES / PRODUTOS DE HIGIENE / PRODUTOS PARA SAÚDE (DISPOSITIVOS MÉDICOS)</p><p>DISPENSAÇÃO DE MEDICAMENTOS, INCLUSIVE SUJEITOS A CONTROLE ESPECIAL</p><p>DISPENSAÇÃO DE PLANTAS MEDICINAIS: -</p><p>MANIPULAÇÃO DE PRODUTOS MAGISTRAIS: -</p><p>MANIPULAÇÃO DE PRODUTOS OFICINAIS: -</p><p>7113 - AFE - ALTERAÇÃO - FARMÁCIAS E DROGARIAS - ENDEREÇO / 1397876255</p><p>--------------------------------------</p><p>DROGARIA BORGES LTDA / 08.644.944/0001-03</p><p>25351.603003/2014-54 / 7303006</p><p>COMÉRCIO: ALIMENTOS PERMITIDOS / COSMÉTICOS / PERFUMES / PRODUTOS DE HIGIENE / PRODUTOS PARA SAÚDE (DISPOSITIVOS MÉDICOS)</p><p>DISPENSAÇÃO DE MEDICAMENTOS, INCLUSIVE SUJEITOS A CONTROLE ESPECIAL</p><p>DISPENSAÇÃO DE PLANTAS MEDICINAIS: -</p><p>7110 - AFE - ALTERAÇÃO - FARMÁCIAS E DROGARIAS - RAZÃO SOCIAL / 1443749257</p><p>--------------------------------------</p><p>ODK FARMA LTDA / 55.913.843/0001-70</p><p>25351.399461/2024-55 / 5128496</p><p>COMÉRCIO: ALIMENTOS PERMITIDOS / COSMÉTICOS / PERFUMES / PRODUTOS DE HIGIENE / PRODUTOS PARA SAÚDE (DISPOSITIVOS MÉDICOS)</p><p>DISPENSAÇÃO DE MEDICAMENTOS, INCLUSIVE SUJEITOS A CONTROLE ESPECIAL</p><p>PRESTAÇÃO DE SERVIÇOS FARMACÊUTICOS: -</p><p>7113 - AFE - ALTERAÇÃO - FARMÁCIAS E DROGARIAS - ENDEREÇO / 1392001251</p><p>--------------------------------------</p><p>CR MED COMERCIO DE PRODUTOS HOSPITALARES LTDA / 44.814.703/0001-29</p><p>25351.414797/2024-55 / 4074456</p><p>ARMAZENAR: COSMÉTICOS</p><p>DISTRIBUIR: COSMÉTICOS</p><p>EXPEDIR: COSMÉTICOS</p><p>866 - AFE - ALTERAÇÃO - PRODUTOS PARA SAÚDE - ENDEREÇO / 1400196256</p><p>--------------------------------------</p><p>FARMA A+ DROGARIA E PERFUMARIA - LTDA - ME / 26.314.236/0001-96</p><p>25351.833438/2018-55 / 7644992</p><p>COMÉRCIO: ALIMENTOS PERMITIDOS / COSMÉTICOS / PERFUMES / PRODUTOS DE HIGIENE / PRODUTOS PARA SAÚDE (DISPOSITIVOS MÉDICOS)</p><p>DISPENSAÇÃO DE MEDICAMENTOS, INCLUSIVE SUJEITOS A CONTROLE ESPECIAL</p><p>PRESTAÇÃO DE SERVIÇOS FARMACÊUTICOS: -</p><p>7113 - AFE - ALTERAÇÃO - FARMÁCIAS E DROGARIAS - ENDEREÇO / 1392351251</p><p>--------------------------------------</p><p>EVEXIA COMERCIO, IMPORTACAO E EXPORTACAO LTDA / 30.758.964/0001-64</p><p>25351.182206/2025-56 / 3147470</p><p>DISTRIBUIR: SANEANTE DOMIS.</p><p>IMPORTAR: SANEANTE DOMIS.</p><p>70931 - AFE - ALTERAÇÃO - SANEANTES DOMISSANITÁRIOS - AMPLIAÇÃO DE ATIVIDADES / 1396564250</p><p>--------------------------------------</p><p>DROGARIA AFONSO PENA II LTDA / 52.092.583/0001-21</p><p>25351.233959/2024-56 / 5095526</p><p>COMÉRCIO: ALIMENTOS PERMITIDOS / COSMÉTICOS / PERFUMES / PRODUTOS DE HIGIENE / PRODUTOS PARA SAÚDE (DISPOSITIVOS MÉDICOS)</p><p>DISPENSAÇÃO DE MEDICAMENTOS, INCLUSIVE SUJEITOS A CONTROLE ESPECIAL</p><p>PRESTAÇÃO DE SERVIÇOS FARMACÊUTICOS: -</p><p>7113 - AFE - ALTERAÇÃO - FARMÁCIAS E DROGARIAS - ENDEREÇO / 1398059251</p><p>--------------------------------------</p><p>STILO MEDIC IMPORTADORA E EXPORTADORA LTDA / 62.406.396/0001-29</p><p>25351.189057/2025-56 / 2115423</p><p>ARMAZENAR: COSMÉTICOS / PERFUMES / PRODUTOS DE HIGIENE</p><p>DISTRIBUIR: COSMÉTICOS / PERFUMES / PRODUTOS DE HIGIENE</p><p>EXPEDIR: COSMÉTICOS / PERFUMES / PRODUTOS DE HIGIENE</p><p>IMPORTAR: COSMÉTICOS / PERFUMES / PRODUTOS DE HIGIENE</p><p>70935 - AFE - ALTERAÇÃO - COSMÉTICOS, PERFUMES E PRODUTOS DE HIGIENE - AMPLIAÇÃO DE ATIVIDADES / 1390201252</p><p>--------------------------------------</p>]]></Texto>
  </body>
  <Midias />
</article></xml>