﻿<xml><article id="46231918" name="resolucao_4280_2025 COCER GGFIS" idOficio="11377950" pubName="DO1" artType="Resolução" pubDate="03/11/2025" artClass="00047:00048:00016:00006:00000:00000:00000:00000:00000:00000:00064:34280" artCategory="Ministério da Saúde/Agência Nacional de Vigilância Sanitária/4ª Diretoria/Gerência-Geral de Inspeção e Fiscalização Sanitária" artSize="12" artNotes="" numberPage="129" pdfPage="http://pesquisa.in.gov.br/imprensa/jsp/visualiza/index.jsp?data=03/11/2025&amp;jornal=515&amp;pagina=129" editionNumber="209" highlightType="" highlightPriority="" highlight="" highlightimage="" highlightimagename="" idMateria="23272817">
  <body>
    <Identifica><![CDATA[ RESOLUÇÃO-RE Nº 4.280, DE 30 DE OUTUBRO DE 2025]]></Identifica>
    <Data><![CDATA[]]></Data>
    <Ementa />
    <Titulo />
    <SubTitulo />
    <Texto><![CDATA[<p class="identifica">RESOLUÇÃO-RE Nº 4.280, DE 30 DE OUTUBRO DE 2025</p><p>O GERENTE-GERAL DE INSPEÇÃO E FISCALIZAÇÃO DA AGÊNCIA NACIONAL DE VIGILÂNCIA SANITÁRIA, no uso das atribuições que lhe confere o art. 140, aliado ao art. 203, I, § 1º do Regimento Interno aprovado pela Resolução da Diretoria Colegiada - RDC nº 585, de 10 de dezembro de 2021,</p><p>e considerando o cumprimento dos requisitos dispostos no art. 39, da Resolução da Diretoria Colegiada-RDC nº 497, de 20 de maio de 2021, resolve:</p><p>Art. 1º Conceder a Certificação de Boas Práticas de Fabricação de Produtos para Saúde, por meio de sua renovação automática, às empresas constantes no anexo.</p><p>Art. 2º Esta Resolução entra em vigor na data de sua publicação.</p><p class="assina">MARCUS AURéLIO MIRANDA DE ARAÚJO</p><p class="anexo">ANEXO</p><p>Wama Produtos Para Laboratórios Ltda. / 66.000.787/0001-08</p><p>25351.068370/2023-90 / 0621463/25-6</p><p>70433 - PRODUTOS PARA SAÚDE - Renovação de Certificação de Boas Práticas de FABRICAÇÃO de Produtos para Diagnóstico De Uso In Vitro de INDÚSTRIA NACIONAL</p><p>Validade até: 06/11/2027</p>]]></Texto>
  </body>
  <Midias />
</article></xml>