﻿<xml><article id="46237914" name="Portaria GM.MPO nA 409.2025 e an" idOficio="11379498" pubName="DO1" artType="Portaria" pubDate="03/11/2025" artClass="00040:00001:00000:00000:00000:00000:00000:00000:00000:00000:00054:00000" artCategory="Ministério do Planejamento e Orçamento/Gabinete da Ministra" artSize="24" artNotes="" numberPage="76" pdfPage="http://pesquisa.in.gov.br/imprensa/jsp/visualiza/index.jsp?data=03/11/2025&amp;jornal=515&amp;pagina=76" editionNumber="209" highlightType="" highlightPriority="" highlight="" highlightimage="" highlightimagename="" idMateria="23276805">
  <body>
    <Identifica><![CDATA[ PORTARIA GM/MPO Nº 409, DE 31 DE OUTUBRO DE 2025]]></Identifica>
    <Data><![CDATA[]]></Data>
    <Ementa><![CDATA[ Adequa, no Ministério dos Transportes, os limites de movimentação e empenho constantes do Anexo I do Decreto nº 12.448, de 30 de abril de 2025, e alterações posteriores.]]></Ementa>
    <Titulo />
    <SubTitulo />
    <Texto><![CDATA[<p class="identifica">PORTARIA GM/MPO Nº 409, DE 31 DE OUTUBRO DE 2025</p><p class="ementa">Adequa, no Ministério dos Transportes, os limites de movimentação e empenho constantes do Anexo I do Decreto nº 12.448, de 30 de abril de 2025, e alterações posteriores.</p><p>A MINISTRA DE ESTADO DO PLANEJAMENTO E ORÇAMENTO, tendo em vista o disposto no art. 12, inciso I, alínea "a", do Decreto nº 12.448, de 30 de abril de 2025, e alterações posteriores, resolve:</p><p>Art. 1º Adequar, no Ministério dos Transportes, os limites de movimentação e empenho constantes do Anexo I do Decreto nº 12.448, de 30 de abril de 2025, e alterações posteriores, na forma dos Anexos I, II, III e IV desta Portaria.</p><p>Art. 2º Esta Portaria entra em vigor na data de sua publicação.</p><p class="assina">SIMONE TEBET</p><p>ANEXO IREDUÇÃO DO LIMITE DE MOVIMENTAÇÃO E EMPENHO(Anexo I do DECRETO Nº 12.448, DE 30 DE ABRIL DE 2025)</p><p /><p></p><table><tr><td rowspan="1" colspan="1" /><td rowspan="1" colspan="1" /><td rowspan="1" colspan="1" /><td rowspan="1" colspan="1" /><td rowspan="1" colspan="1" /><td rowspan="1" colspan="1" /><td rowspan="1" colspan="1" /><td rowspan="1" colspan="1"><p>R$ 1,00</p></td></tr><tr><td rowspan="1" colspan="1" /><td rowspan="1" colspan="1" /><td rowspan="1" colspan="6"><p>Despesas Primárias Discricionárias</p></td></tr><tr><td rowspan="1" colspan="2"><p>Órgãos/Unidades Orçamentárias</p></td><td rowspan="1" colspan="3"><p>Emendas</p></td><td rowspan="1" colspan="2"><p>Demais</p></td><td rowspan="1" colspan="1"><p>Total</p></td></tr><tr><td rowspan="1" colspan="2"><p>I - LIMITES ATÉ NOVEMBRO</p></td><td rowspan="1" colspan="1"><p>RP 6</p></td><td rowspan="1" colspan="1"><p>RP 7</p></td><td rowspan="1" colspan="1"><p>RP 8</p></td><td rowspan="1" colspan="1"><p>RP 2</p></td><td rowspan="1" colspan="1"><p>RP 3</p></td><td rowspan="1" colspan="1" /></tr><tr><td rowspan="1" colspan="1"><p>39000</p></td><td rowspan="1" colspan="1"><p>Ministério dos Transportes</p></td><td rowspan="1" colspan="1"><p>0</p></td><td rowspan="1" colspan="1"><p>0</p></td><td rowspan="1" colspan="1"><p>0</p></td><td rowspan="1" colspan="1"><p>18.401.299</p></td><td rowspan="1" colspan="1"><p>0</p></td><td rowspan="1" colspan="1"><p>18.401.299</p></td></tr><tr><td rowspan="1" colspan="2"><p>TOTAL REDUZIDO</p></td><td rowspan="1" colspan="1"><p>0</p></td><td rowspan="1" colspan="1"><p>0</p></td><td rowspan="1" colspan="1"><p>0</p></td><td rowspan="1" colspan="1"><p>18.401.299</p></td><td rowspan="1" colspan="1"><p>0</p></td><td rowspan="1" colspan="1"><p>18.401.299</p></td></tr></table><p>ANEXO IIREDUÇÃO DO LIMITE DE MOVIMENTAÇÃO E EMPENHO(Anexo I do DECRETO Nº 12.448, DE 30 DE ABRIL DE 2025)</p><p /><p></p><table><tr><td rowspan="1" colspan="1" /><td rowspan="1" colspan="1" /><td rowspan="1" colspan="1" /><td rowspan="1" colspan="1" /><td rowspan="1" colspan="1" /><td rowspan="1" colspan="1" /><td rowspan="1" colspan="1" /><td rowspan="1" colspan="1"><p>R$ 1,00</p></td></tr><tr><td rowspan="1" colspan="1" /><td rowspan="1" colspan="1" /><td rowspan="1" colspan="6"><p>Despesas Primárias Discricionárias</p></td></tr><tr><td rowspan="1" colspan="2"><p>Órgãos/Unidades Orçamentárias</p></td><td rowspan="1" colspan="3"><p>Emendas</p></td><td rowspan="1" colspan="2"><p>Demais</p></td><td rowspan="1" colspan="1"><p>Total</p></td></tr><tr><td rowspan="1" colspan="2"><p>II - LIMITES ATÉ DEZEMBRO</p></td><td rowspan="1" colspan="1"><p>RP 6</p></td><td rowspan="1" colspan="1"><p>RP 7</p></td><td rowspan="1" colspan="1"><p>RP 8</p></td><td rowspan="1" colspan="1"><p>RP 2</p></td><td rowspan="1" colspan="1"><p>RP 3</p></td><td rowspan="1" colspan="1" /></tr><tr><td rowspan="1" colspan="1"><p>39000</p></td><td rowspan="1" colspan="1"><p>Ministério dos Transportes</p></td><td rowspan="1" colspan="1"><p>0</p></td><td rowspan="1" colspan="1"><p>0</p></td><td rowspan="1" colspan="1"><p>0</p></td><td rowspan="1" colspan="1"><p>20.893.366</p></td><td rowspan="1" colspan="1"><p>0</p></td><td rowspan="1" colspan="1"><p>20.893.366</p></td></tr><tr><td rowspan="1" colspan="2"><p>TOTAL REDUZIDO</p></td><td rowspan="1" colspan="1"><p>0</p></td><td rowspan="1" colspan="1"><p>0</p></td><td rowspan="1" colspan="1"><p>0</p></td><td rowspan="1" colspan="1"><p>20.893.366</p></td><td rowspan="1" colspan="1"><p>0</p></td><td rowspan="1" colspan="1"><p>20.893.366</p></td></tr></table><p>ANEXO IIIAMPLIAÇÃO DO LIMITE DE MOVIMENTAÇÃO E EMPENHO(Anexo I do DECRETO Nº 12.448, DE 30 DE ABRIL DE 2025)</p><p /><p></p><table><tr><td rowspan="1" colspan="1" /><td rowspan="1" colspan="1" /><td rowspan="1" colspan="1" /><td rowspan="1" colspan="1" /><td rowspan="1" colspan="1" /><td rowspan="1" colspan="1" /><td rowspan="1" colspan="1" /><td rowspan="1" colspan="1"><p>R$ 1,00</p></td></tr><tr><td rowspan="1" colspan="1" /><td rowspan="1" colspan="1" /><td rowspan="1" colspan="6"><p>Despesas Primárias Discricionárias</p></td></tr><tr><td rowspan="1" colspan="2"><p>Órgãos/Unidades Orçamentárias</p></td><td rowspan="1" colspan="3"><p>Emendas</p></td><td rowspan="1" colspan="2"><p>Demais</p></td><td rowspan="1" colspan="1"><p>Total</p></td></tr><tr><td rowspan="1" colspan="2"><p>I - LIMITES ATÉ NOVEMBRO</p></td><td rowspan="1" colspan="1"><p>RP 6</p></td><td rowspan="1" colspan="1"><p>RP 7</p></td><td rowspan="1" colspan="1"><p>RP 8</p></td><td rowspan="1" colspan="1"><p>RP 2</p></td><td rowspan="1" colspan="1"><p>RP 3</p></td><td rowspan="1" colspan="1" /></tr><tr><td rowspan="1" colspan="1"><p>39000</p></td><td rowspan="1" colspan="1"><p>Ministério dos Transportes</p></td><td rowspan="1" colspan="1"><p>0</p></td><td rowspan="1" colspan="1"><p>0</p></td><td rowspan="1" colspan="1"><p>0</p></td><td rowspan="1" colspan="1"><p>0</p></td><td rowspan="1" colspan="1"><p>18.401.299</p></td><td rowspan="1" colspan="1"><p>18.401.299</p></td></tr><tr><td rowspan="1" colspan="2"><p>TOTAL AMPLIADO</p></td><td rowspan="1" colspan="1"><p>0</p></td><td rowspan="1" colspan="1"><p>0</p></td><td rowspan="1" colspan="1"><p>0</p></td><td rowspan="1" colspan="1"><p>0</p></td><td rowspan="1" colspan="1"><p>18.401.299</p></td><td rowspan="1" colspan="1"><p>18.401.299</p></td></tr></table><p>ANEXO IVAMPLIAÇÃO DO LIMITE DE MOVIMENTAÇÃO E EMPENHO(Anexo I do DECRETO Nº 12.448, DE 30 DE ABRIL DE 2025)</p><p /><p></p><table><tr><td rowspan="1" colspan="1" /><td rowspan="1" colspan="1" /><td rowspan="1" colspan="1" /><td rowspan="1" colspan="1" /><td rowspan="1" colspan="1" /><td rowspan="1" colspan="1" /><td rowspan="1" colspan="1" /><td rowspan="1" colspan="1"><p>R$ 1,00</p></td></tr><tr><td rowspan="1" colspan="1" /><td rowspan="1" colspan="1" /><td rowspan="1" colspan="6"><p>Despesas Primárias Discricionárias</p></td></tr><tr><td rowspan="1" colspan="2"><p>Órgãos/Unidades Orçamentárias</p></td><td rowspan="1" colspan="3"><p>Emendas</p></td><td rowspan="1" colspan="2"><p>Demais</p></td><td rowspan="1" colspan="1"><p>Total</p></td></tr><tr><td rowspan="1" colspan="2"><p>II - LIMITES ATÉ DEZEMBRO</p></td><td rowspan="1" colspan="1"><p>RP 6</p></td><td rowspan="1" colspan="1"><p>RP 7</p></td><td rowspan="1" colspan="1"><p>RP 8</p></td><td rowspan="1" colspan="1"><p>RP 2</p></td><td rowspan="1" colspan="1"><p>RP 3</p></td><td rowspan="1" colspan="1" /></tr><tr><td rowspan="1" colspan="1"><p>39000</p></td><td rowspan="1" colspan="1"><p>Ministério dos Transportes</p></td><td rowspan="1" colspan="1"><p>0</p></td><td rowspan="1" colspan="1"><p>0</p></td><td rowspan="1" colspan="1"><p>0</p></td><td rowspan="1" colspan="1"><p>0</p></td><td rowspan="1" colspan="1"><p>20.893.366</p></td><td rowspan="1" colspan="1"><p>20.893.366</p></td></tr><tr><td rowspan="1" colspan="2"><p>TOTAL AMPLIADO</p></td><td rowspan="1" colspan="1"><p>0</p></td><td rowspan="1" colspan="1"><p>0</p></td><td rowspan="1" colspan="1"><p>0</p></td><td rowspan="1" colspan="1"><p>0</p></td><td rowspan="1" colspan="1"><p>20.893.366</p></td><td rowspan="1" colspan="1"><p>20.893.366</p></td></tr></table>]]></Texto>
  </body>
  <Midias />
</article></xml>