﻿<xml><article id="46232224" name="2025-10-31/11378051/ANMWS_232730" idOficio="11378051" pubName="DO1" artType="Despacho" pubDate="03/11/2025" artClass="00035:00044:00033:00000:00000:00000:00000:00000:00000:00000:00024:00063" artCategory="Ministério de Minas e Energia/Agência Nacional de Mineração/Gerência Regional da ANM no Estado do Maranhão" artSize="12" artNotes="" numberPage="73" pdfPage="http://pesquisa.in.gov.br/imprensa/jsp/visualiza/index.jsp?data=03/11/2025&amp;jornal=515&amp;pagina=73" editionNumber="209" highlightType="" highlightPriority="" highlight="" highlightimage="" highlightimagename="" idMateria="23273098">
  <body>
    <Identifica><![CDATA[ despachoRelação  Nº  63/2025]]></Identifica>
    <Data><![CDATA[]]></Data>
    <Ementa />
    <Titulo />
    <SubTitulo />
    <Texto><![CDATA[<p class="identifica">despachoRelação Nº 63/2025</p><p>Fase de Concessão de Lavra</p><p>Determina cumprimento de exigência - Prazo 60 dias(470)</p><p>800.256/1978-MINERACAO AURIZONA S/A-OF. N°43322/2025</p><p>Fase de Licenciamento</p><p>Determina cumprimento de exigência - Prazo 30 dias(718)</p><p>806.002/2020-REGIVALDO DE MELO GONÇALVES-OF. N°43289/2025</p><p>806.225/2022-JACINTO GONCALVES DE LIMA NETO-OF. N°43290/2025</p><p>806.095/2017-JACINTO GONCALVES LIMA NETO EPP-OF. N°43293/2025</p><p>806.150/2014-M R MARTINS DE OLIVEIRA &amp; CIA LTDA.-OF. N°42515/2025</p><p>806.037/2016-CORTEZ ENGENHARIA LTDA-OF. N°42544/2025</p><p>806.073/2020-J D A CAVALCANTE LTDA-OF. N°42553/2025</p><p class="assina">ERASMO DELLYS MEDEIROS BEZERRA</p><p class="cargo">Gerente</p>]]></Texto>
  </body>
  <Midias />
</article></xml>