﻿<xml><article id="46240276" name="Altera regimento interno Fundace" idOficio="11379595" pubName="DO1" artType="Portaria" pubDate="03/11/2025" artClass="00048:00058:00000:00000:00000:00000:00000:00000:00000:00000:00054:00000" artCategory="Ministério do Trabalho e Emprego/Fundação Jorge Duprat Figueiredo, de Segurança e Medicina do Trabalho" artSize="12" artNotes="" numberPage="150" pdfPage="http://pesquisa.in.gov.br/imprensa/jsp/visualiza/index.jsp?data=03/11/2025&amp;jornal=515&amp;pagina=150" editionNumber="209" highlightType="" highlightPriority="" highlight="" highlightimage="" highlightimagename="" idMateria="23277088">
  <body>
    <Identifica />
    <Data><![CDATA[]]></Data>
    <Ementa />
    <Titulo />
    <SubTitulo />
    <Texto><![CDATA[<p>Seção IV</p><p>Das Diretorias</p><p>Subseção I</p><p>Da Diretoria de Administração e Finanças</p><p>Art. 15. À Diretoria de Administração e Finanças compete planejar, coordenar, normatizar, controlar, orientar e supervisionar a execução das atividades inerentes aos sistemas federais de administração orçamentária e financeira, contabilidade, serviços gerais, organização e inovação institucional, da gestão administrativa e da gestão de pessoas e, especialmente:</p><p>I - prover os meios e gerenciar as atividades administrativas, orçamentárias e financeiras necessárias à realização dos objetivos estratégicos da Fundacentro;</p><p>II - controlar, gerir e cuidar do patrimônio da Fundacentro, incluindo seus bens imóveis, bem como manter atualizados os cadastros e sistemas de registro de patrimônio da Fundacentro;</p><p>III - coordenar, articular, administrar e celebrar instrumentos referentes ao compartilhamento de espaço de trabalho junto a outros órgãos públicos;</p><p>IV - administrar o acesso aos Sistemas Estruturantes da Administração Pública Federal no âmbito da Fundacentro, ressalvados os sistemas SIORG e o de gestão de pessoas, de responsabilidade da Coordenação-Geral de Gestão Estratégica de Pessoas;</p><p>V - orientar e subsidiar todas as coordenações, serviços e demais unidades administrativas, inclusive as unidades descentralizadas, na gestão dos processos internos, dos recursos materiais e da execução orçamentária;</p><p>VI - orientar e apoiar as demais unidades administrativas na negociação, celebração, acompanhamento e prestação de contas dos instrumentos de transferência voluntária de recursos, tais como Termo de Execução Descentralizada (TED), convênios e afins;</p><p>VII - articular o trabalho das coordenações e das demais áreas subordinadas à Diretoria;</p><p>VIII - estabelecer prazos e procedimentos para as aquisições de bens, materiais e serviços e a execução orçamentária;</p><p>IX - apresentar resultados de estudos que identifiquem a suficiência e o grau de estabilidade dos recursos orçamentários e financeiros à Presidência;</p><p>X - apresentar informações sobre a relação do ritmo da execução orçamentária com o planejamento aprovado à Presidência;</p><p>XI - ratificar as dispensas e inexigibilidades dos certames licitatórios;</p><p>XII - atuar como ordenador de despesas para serviços, compras, obras e serviços de engenharia e locação de imóveis, bem como a correspondente rescisão contratual, até o valor delegado pelo Presidente;</p><p>XIII - atuar como autoridade competente para aplicação de sanções administrativas decorrentes de instrumentos contratuais ou instrumentos substitutivos ao contrato, até o valor delegado pelo Presidente, e observada a legislação em vigor;</p><p>XIV - atuar como autoridade do setor de licitações nas aquisições e contratações com valores maiores do que o limite a que se refere o inciso XI;</p><p>XV - coordenar, supervisionar, operacionalizar e fiscalizar a execução das atividades de concessão de diárias e passagens e envio de informações correlatas à atividade para a Presidência, com ciência do Diretor de Administração e Finanças, e encaminhar aos órgãos de controle externo, quando necessário;</p><p>XVI - liderar, em conjunto com a Coordenação-Geral de Gestão Estratégica de Pessoas, a formulação, o desdobramento e o acompanhamento estratégico das políticas de gestão de pessoas, assegurando seu alinhamento integral com a missão, visão e objetivos organizacionais da Fundacentro; e</p><p>XVII - colaborar com a Presidência e demais Diretorias na implantação de projetos e atividades que concorrerão para o alcance dos objetivos estratégicos da instituição.</p><p>Art. 16. À Coordenação-Geral de Gestão Estratégica de Pessoas compete:</p><p>I - formular, promover e assegurar a gestão estratégica do capital humano, abrangendo o ciclo completo de atração, desenvolvimento, avaliação de desempenho, reconhecimento e retenção de talentos, visando à sustentabilidade da força de trabalho;</p><p>II - garantir a conformidade legal, ética e a equidade nas políticas e práticas de gestão de pessoas, incluindo as relações laborais e o tratamento de questões disciplinares, zelando por um ambiente organizacional saudável e produtivo;</p><p>III - desenvolver e implementar políticas e programas de capacitação e formação continuada dos servidores, utilizando dados e informações gerenciais para subsidiar decisões estratégicas em gestão de pessoas e fomentar uma cultura de aprendizagem;</p><p>IV - coordenar e supervisionar as atividades orçamentárias e administrativas relativas à gestão estratégica de pessoal, otimizando recursos e processos;</p><p>V - exercer supervisão geral e orientação estratégica sobre as Coordenações, Serviços e Setores subordinados, assegurando a execução eficaz e integrada das políticas de gestão de pessoas; e</p><p>VI - representar institucionalmente a Fundacentro junto ao Órgão Setorial e ao Central do SIPEC em matéria de gestão de pessoas.</p><p>Art. 17. À Coordenação Operacional de Administração de Pessoas compete:</p><p>I - planejar, coordenar e executar as atividades operacionais e administrativas referentes à administração de pessoal, incluindo:</p><p>a) gestão dos processos de ingresso, vacância, movimentação e desligamento de pessoal;</p><p>b) aplicação da classificação de cargos, remuneração e benefícios, e controle de pessoal ativo e inativo;</p><p>c) administração de licenças, afastamentos e demais ocorrências funcionais;</p><p>d) gestão da lotação de servidores nas unidades organizacionais;</p><p>e) administração do acesso e uso dos sistemas estruturantes, como SIORG e demais sistemas referentes à gestão de pessoas; e</p><p>f) implementação de políticas de atenção integral à saúde do trabalhador, segurança no trabalho e promoção da qualidade de vida e bem-estar no ambiente organizacional.</p><p>II - apropriar a folha de pagamento e os benefícios de pessoal para encaminhamento à Coordenação de Orçamento e Finanças visando o empenho, pagamento e contabilização.</p><p>III - elaborar atos formais e administrativos relacionados ao ingresso, exercício e afastamento, temporário ou definitivo, de servidores, abrangendo os processos de desligamento.</p><p>IV - preparar documentos acessórios trabalhistas, tributários e previdenciários referentes aos servidores para encaminhamento à Coordenação de Orçamento e Finanças para pagamento.</p><p>V - subsidiar a elaboração da proposta orçamentária no que tange aos custos de pessoal.</p><p>VI - fornecer informações e documentos para atendimento a diligências e normativos dos órgãos fiscalizadores, e subsidiar a defesa da União em processos judiciais, no âmbito de sua competência.</p><p>VII - solicitar orientações e pareceres técnicos à Coordenação-Geral de Gestão Estratégica de Pessoas sobre a aplicação da legislação e dos procedimentos relativos à administração de pessoal, em sua esfera de competência.</p><p>VIII - supervisionar as atividades executadas pelo Serviço de Administração de Pessoal e pelo Setor de Servidores Inativos e Pensionistas.</p><p>Parágrafo único. Os chefes das unidades descentralizadas responderão diretamente à Coordenação-Geral de Gestão Estratégica de Pessoas quanto às atividades necessárias ao cumprimento das competências estabelecidas neste artigo.</p><p>Art. 18. À Coordenação de Administração compete coordenar, implementar, orientar, controlar, avaliar e supervisionar a execução das atividades relativas às aquisições/contratações, gestão de contratos, logística de administração, patrimônio e materiais e, especialmente:</p><p>I - executar as atividades relacionadas à aquisição de materiais, contratação de serviços e obras, referente a licitações (elaborar editais, realizar pregões, dispensas e outras modalidades), a partir de solicitação das áreas demandantes;</p><p>II - propor a padronização e definição de processos de trabalho nas atividades previstas no inciso I;</p><p>III - executar atividades relacionadas à gestão de contratos, observando as normas vigentes e as diretrizes provenientes dos órgãos de controle e da Procuradoria Federal, incluindo as prorrogações, reajustes, alterações contratuais e eventuais aplicações de sanções administrativas;</p><p>IV - propor mecanismos de aprimoramento do controle e fiscalização contratuais;</p><p>V - coordenar as atividades necessárias à conservação, funcionamento e manutenção da Fundacentro, incluindo limpeza e conservação, segurança, manutenção predial e obras, protocolo e expedição, recepção, copeiragem, estacionamento, transporte, brigada, serviços de concessionárias públicas, entre outros que se fizerem necessários;</p><p>VI - classificar, registrar, cadastrar, tombar e controlar a movimentação de bens, assim como elaborar e manter o cadastro técnico de bens patrimoniais da Fundacentro;</p><p>VII - prestar suporte aos trabalhos das comissões de inventário e de desfazimento de bens patrimoniais;</p><p>VIII - elaborar as previsões das necessidades e controlar prazos de entrega de materiais de consumo;</p><p>IX - organizar e manter atualizados os catálogos de especificações técnicas de materiais em estoque;</p><p>X - receber, conferir, armazenar os materiais de forma adequada e em local apropriado e seguro;</p><p>XI - elaborar relatórios demonstrativos para subsidiar a área contábil;</p><p>XII - prestar subsídios em ações judiciais relativas aos contratos administrativos, licitações e bens patrimoniais e outras ações correlatas; e</p><p>XIII - executar outras ações relacionadas a contratações, logística e patrimônio requeridas ou delegadas pelo Diretor de Administração e Finanças.</p><p>Art. 19. À Coordenação de Orçamento e Finanças compete coordenar, controlar e supervisionar as atividades de planejamento, programação e execução orçamentária, financeira e contábil e, especialmente:</p><p>I - elaborar a Proposta Orçamentária Anual, observadas as orientações do Órgão Setorial;</p><p>II - elaborar e divulgar a Norma de Encerramento do Exercício, conforme instruções do Órgão Setorial;</p><p>III - gerenciar o cadastro de usuários e de centros de custos referentes ao sistema de Cartões de Pagamento do Governo Federal (CPGF);</p><p>IV - operar o Gerenciador Financeiro do Banco do Brasil controlando limites de despesas com Cartões de Pagamento do Governo Federal (CPGF);</p><p>V - realizar e monitorar a execução orçamentária e financeira das dotações no âmbito da Fundacentro, efetuando os registros nos sistemas federais de orçamento e de administração financeira;</p><p>VI - realizar empenho, pagamento e contabilizar a Folha de Pagamento e Benefício de Pessoal;</p><p>VII - realizar empenhos e pagamentos no Sistema Integrado de Administração de Serviços Gerais (SIASG) e Sistema Integrado de Administração Financeira (SIAFI);</p><p>VIII - acompanhar os limites financeiros de pagamento estabelecidos por determinações governamentais e emitir as Programações Financeiras (PF) para todos os pagamentos da Fundacentro;</p><p>IX - instruir o código de recolhimento para emissão de Guia de Recolhimento da União (GRU);</p><p>X - registrar mensalmente a conformidade contábil;</p><p>XI - acompanhar, monitorar e emitir relatórios dos centros de custos da Fundacentro;</p><p>XII - monitorar o recolhimento de quaisquer contribuições ou tributos devidos pela Fundacentro, bem como a prática de quaisquer atos acessórios obrigatórios, junto à União Federal, aos Estados e aos Municípios, nos prazos legais, solicitando informações e providências aos chefes das unidades descentralizadas e coordenações, quando necessário;</p><p>XIII - orientar e verificar o pagamento de Guias de Recolhimento da União (GRU) por demanda de outros setores da Fundacentro, no âmbito da sede e das unidades descentralizadas;</p><p>XIV - proceder os registros dos atos e fatos contábeis da Fundacentro, quando necessário;</p><p>XV - analisar e responder pelo balanço, balancetes, demonstrações contábeis da Fundacentro e emitir Notas Explicativas, propondo, se for o caso, a regularização de eventuais inconsistências; e</p><p>XVI - executar outras ações relacionadas a orçamento e finanças requeridas ou delegadas pelo Diretor de Administração e Finanças.</p><p>Art. 20. Ao Setor de Apoio à Diretoria de Administração e Finanças compete:</p><p>I - realizar as atividades de suporte administrativo à Diretoria; e</p><p>II - auxiliar na instrução e acompanhamento dos processos administrativos de interesse da Diretoria de Administração e Finanças e daqueles em que houver prática de atos pelo Diretor.</p><p>Subseção II</p><p>Da Diretoria de Pesquisa Aplicada</p><p>Art. 21. À Diretoria de Pesquisa Aplicada compete planejar, promover, coordenar, controlar avaliar e acompanhar a execução das iniciativas e ações técnico-científicas referentes às condições de saúde, segurança, higiene e meio ambiente do trabalho e do trabalhador, assim como referentes às atividades da Revista Brasileira de Saúde Ocupacional (RBSO) e, especialmente:</p><p>I - promover o caráter multidisciplinar e interinstitucional nos programas, projetos e atividades técnico-científicos;</p><p>II - propor linhas e prioridades de atuação, observando as diretrizes estabelecidas pela Presidência e pelo Ministério do Trabalho e Emprego;</p><p>III - coordenar a participação de servidores em comitês, comissões e grupos de trabalhos técnico-científicos de âmbito nacional, regional e local;</p><p>IV - supervisionar e coordenar, em nível estratégico, as ações técnico-científicas previstas no PPA, em articulação</p><p>com a Coordenação-Geral de Projetos;</p><p>V - prestar apoio sobre conteúdo técnico à Diretoria de Conhecimento e Tecnologia na disseminação de informações de interesse público e na avaliação de propostas de cursos, eventos e capacitação, bem como publicações científicas e programa de pós-graduação;</p><p>VI - estimular e avaliar intercâmbios técnico-científicos e parcerias técnicas com entidades nacionais, internacionais, instituições públicas, privadas e entidades sindicais na área de sua competência;</p><p>VII - coordenar, em articulação com a Coordenação de Estratégia, Inovação e Parcerias, as iniciativas e ações técnico científicas necessárias ao desenvolvimento de atividades de inovação e cooperação institucional;</p><p>VIII - coordenar e supervisionar a execução das iniciativas técnico-científicas nas unidades descentralizadas;</p><p>IX - coordenar e supervisionar, em articulação com a unidade técnica responsável, as atividades científico-editoriais da Revista Brasileira de Saúde Ocupacional (RBSO), assegurando sua autonomia editorial, o atendimento às recomendações das bases indexadoras e a difusão de seu conteúdo em consonância com as diretrizes institucionais.</p><p>Parágrafo único. A avaliação e o controle das iniciativas e ações técnico-científicas observarão critérios e indicadores definidos em planos e normativos específicos da Fundacentro, alinhados ao Plano Plurianual (PPA), às diretrizes estratégicas da Presidência da Fundacentro e às prioridades do Ministério do Trabalho e Emprego, que contemplarão, entre outros aspectos, a relevância técnico-científica, a eficiência e efetividade, a economicidade e a transparência, conforme metodologias estabelecidas em regulamentos próprios.</p><p>Art. 22. À Coordenação-Geral de Projetos compete:</p><p>I - gerenciar, acompanhar e executar a execução dos projetos de pesquisa e atividades técnico-científicas submetidos, em conformidade com as diretrizes estratégicas estabelecidas pela Diretoria de Pesquisa Aplicada.</p><p>II - realizar as atividades de suporte administrativo da Diretoria de Pesquisa Aplicada;</p><p>III - distribuir os processos administrativos para os servidores lotados no(s) serviço(s) vinculado(s) a esta Coordenação e notificar as áreas responsáveis;</p><p>IV - acompanhar o atendimento das demandas feitas aos servidores da Coordenação ;</p><p>V - fazer o levantamento das necessidades de aquisições da Diretoria de Pesquisa Aplicada, com exceção do levantamento de aquisições dos laboratórios e serviços da Coordenação de Apoio à Pesquisa; e</p><p>VI - executar outras ações requeridas pelo Diretor de Pesquisa Aplicada.</p><p>Art. 23. À Coordenação-Geral de Técnica dos Laboratórios compete:</p><p>I - coordenar, gerenciar e acompanhar a execução das atividades e projetos de pesquisa executadas das coordenações subordinadas;</p><p>II - prestar suporte técnico-administrativo às coordenações a esta subordinadas;</p><p>III - acompanhar o atendimento das demandas dirigidas às coordenações a esta subordinadas;</p><p>IV - realizar, periodicamente, o levantamento das necessidades de aquisições das coordenações, incluindo os laboratórios subordinados;</p><p>V - elaborar e atualizar relatórios periódicos técnicos e estatísticos sobre as atividades das coordenações subordinadas;</p><p>VI - auxiliar na elaboração, preparação de acordos de cooperação técnica, convênios e demais atividades das coordenações subordinadas;</p><p>VII - executar outras ações que lhe forem demandadas pelo Diretor;</p><p>VIII - assegurar o alinhamento das ações técnicas das coordenações subordinadas ao planejamento estratégico institucional.</p><p>Art. 24. À Coordenação de Sistema de Qualidade de Ensaios de EPIs compete:</p><p>I - coordenar, gerenciar e acompanhar as coordenações de apoio à execução dos processos e atividades desta coordenação;</p><p>II - prestar apoio administrativo às demandas relativas aos ensaios de Equipamentos de Proteção Individual (EPI), incluindo processos de aquisição;</p><p>III - acompanhar e apoiar ações de modernização e de uso compartilhado dos laboratórios de ensaios de EPIs;</p><p>IV - auxiliar a Coordenação-Geral Técnica dos Laboratórios nas atividades de apoio relacionadas aos ensaios de EPIs;</p><p>V - realizar estudos, testes e pesquisas relacionadas à avaliação de EPIs;</p><p>VI - difundir conhecimentos, por meio de cursos, palestras, publicações técnico-científicas e demais ações educativas relacionadas à avaliação de EPIs;</p><p>VII - atender às consultas técnicas relacionadas à avaliação de EPIs;</p><p>VII - desenvolver dispositivos e aprimorar procedimentos técnicos para a realização de ensaios de EPIs;</p><p>IX - executar ensaios em EPIs, em conformidade comas normas técnicas vigentes, e emitir os respectivos relatórios;</p><p>X - prestar suporte técnico aos órgãos competentes nos processos de credenciamento de laboratórios para testes ensaios de EPIs;</p><p>XI - acompanhar o desenvolvimento tecnológico de EPIs, no Brasil e no Exterior, bem como prestar suporte técnico à atualização das normas regulamentadores do MTE;</p><p>XII - elaborar e atualizar, periodicamente, boletins estatísticos com análises de dados oficiais sobre os testes e ensaios de EPIs e disponibilizando-os à Coordenação Geral Técnica de Laboratório.</p><p>Art. 25. À Coordenação de Controle Operacional compete:</p><p>I - coordenar, gerenciar e acompanhar os projetos e atividades de pesquisa das coordenações de apoio;</p><p>II - administrar a infraestrutura dos laboratórios da Fundacentro, incluindo os equipamentos e materiais de consumo;</p><p>III - desenvolver e padronizar métodos de gestão da qualidade em conformidade às normas vigentes;</p><p>IV - oferecer suporte técnico e operacional à aquisição, manutenção dos equipamentos lotados nesta coordenação e às coordenações subordinadas utilizados na área de pesquisa;</p><p>V - garantir o controle metrológico dos laboratórios subordinados;</p><p>VI - propor, planejar e executar estudos, pesquisas e atividades relacionadas à ocorrência de doenças e acidentes no trabalho;</p><p>VII - apoiar projetos de pesquisa e atividades da área finalística em consonância das demandas da sociedade sociais e estatística em SST;</p><p>VIII - difundir conhecimentos, por meio de publicações técnico-científicas relacionadas à exposição ocupacional aos agentes ambientais (químicos, físicos e biológicos);</p><p>IX - auxiliar as atividades de suporte técnico das normas regulamentadores do MTE;</p><p>X - produzir e difundir conhecimentos, por meio de cursos, palestras e ações educativas relacionadas à exposição ocupacional aos agentes ambientais (químicos, físicos e biológicos);</p><p>XI - estabelecer parcerias com instituições públicas (universidades, ICTs, MPT) para produção e difusão de conhecimentos relacionados à exposição aos agentes químicos, físicos e biológicos;</p><p>XII - contribuir para a formação de profissionais em Segurança e Saúde do Trabalho.</p><p>Art. 26. À Coordenação de Apoio à Pesquisa compete:</p><p>I - coordenar, gerenciar e acompanhar os serviços de apoio à execução dos projetos e atividades de pesquisa;</p><p>II - prestar apoio administrativo aos projetos de pesquisa nos processos de compras, preparação de acordos de cooperação técnica, convênios e demais atividades ligadas aos laboratórios e iniciativas técnico-científicas;</p><p>III - acompanhar e apoiar ações de modernização e uso compartilhado dos laboratórios da Fundacentro;</p><p>IV - auxiliar o Diretor de Pesquisa Aplicada nas demais atividades de apoio à pesquisa;</p><p>V - realizar estudos, testes e pesquisas relacionadas à avaliação de Equipamentos de Proteção Individual (EPIs);</p><p>VI - desenvolver dispositivos e aprimorar procedimentos técnicos para a realização de ensaios de EPIs;</p><p>VII - realizar ensaios em EPIs, em conformidade com as normas técnicas vigentes, e emitir os respectivos relatórios;</p><p>VIII - prestar suporte técnico aos órgãos competentes no processo de credenciamento de laboratórios para testes de EPIs;</p><p>IX - acompanhar o desenvolvimento tecnológico de EPIs, no Brasil e no exterior;</p><p>X - administrar a estrutura dos laboratórios da Fundacentro, incluindo os equipamentos e materiais de consumo;</p><p>XI - desenvolver e padronizar métodos de utilização, calibração, aferição e manutenção de instrumentos de medição utilizados na área de pesquisa;</p><p>XII - oferecer suporte técnico e operacional aos usuários de instrumentos de medição na área de pesquisa;</p><p>XIII - propor, planejar e executar estudos, pesquisas e atividades relacionadas à ocorrência de doenças e acidentes no trabalho que requeiram tratamento estatístico ou epidemiológico ou necessitem de desenvolvimento de metodologia estatística ou epidemiológica;</p><p>XIV - prestar apoio aos projetos de pesquisa e atividades da área finalística no âmbito da estatística e epidemiologia;</p><p>XV - elaborar e atualizar boletins estatísticos com análises de dados oficiais sobre a ocorrência de doenças e acidentes no trabalho e disponibilizar ao público externo; e</p><p>XVI - gerenciar as bases de dados disponibilizadas para e pela Fundacentro.</p><p>Subseção III</p><p>Da Diretoria de Conhecimento e Tecnologia</p><p>Art. 27. À Diretoria de Conhecimento e Tecnologia compete planejar, coordenar, executar e avaliar a execução das atividades relacionadas à tecnologia da informação e comunicação, eventos, cursos, gestão do acervo bibliográfico, documental, publicações, inovações, parcerias e, especialmente:</p><p>I - programar, coordenar, organizar e executar os eventos, seminários, fóruns, cursos e demais atividades relacionadas à divulgação do conhecimento técnico-científico da Fundacentro;</p><p>II - auxiliar a Coordenação-Geral de Gestão Estratégica de Pessoas na realização de atividades de capacitação dos servidores da Fundacentro;</p><p>III - promover, coordenar, organizar e executar as atividades de guarda, gestão, preservação e difusão da produção intelectual da Fundacentro;</p><p>IV - promover, coordenar, organizar e executar a gestão e a preservação do acervo bibliográfico da Fundacentro;</p><p>V - programar, coordenar, organizar e executar as atividades de publicação e editoração;</p><p>VI - propor, organizar e executar atividades voltadas à disseminação dos resultados das pesquisas desenvolvidas integralmente no âmbito da Fundacentro ou em parceria com outras instituições;</p><p>VII - realizar a gestão administrativa de programa de Pós-graduação;</p><p>VIII - planejar, coordenar, avaliar e executar as ações de desenvolvimento e manutenção de sistemas, comunicação de voz e dados, rede de dados estruturada com e sem fio, infraestrutura computacional, serviços de atendimento de informática e demais atividades de tecnologia da informação e comunicação; e</p><p>IX - promover e acompanhar os serviços públicos oferecidos pela Instituição em seus canais eletrônicos, zelando pela experiência do usuário.</p><p>Parágrafo único. As atividades previstas nesse artigo deverão ser planejadas e organizadas com apoio da Diretoria de Pesquisa Aplicada, especialmente no que se refere ao suporte técnico-científico, distribuição e gestão da força de trabalho.</p><p>Art. 28. À Coordenação de Tecnologia da Informação e Comunicação compete planejar, coordenar, executar os projetos de desenvolvimento e manutenção de sistemas, comunicação de voz e dados, rede de dados estruturada com e sem fio, infraestrutura computacional, serviços de atendimento de informática e demais atividades de tecnologia da informação e comunicação e, especialmente:</p><p>I - exercer as funções de órgão seccional do Sistema de Administração dos Recursos de Tecnologia da Informação (SISP), na análise e proposições de mecanismos, processos e atos normativos, em articulação com o órgão central, inclusive quanto ao cumprimento das normas vigentes;</p><p>II - estabelecer e coordenar a execução da política de segurança de tecnologia da informação e comunicações (POSIC), no âmbito da Fundacentro;</p><p>III- estabelecer diretrizes, normas e padrões técnicos de implantação, utilização e modernização dos sistemas corporativos e da rede de dados;</p><p>IV - implementar as políticas, planos e programas de ação, traçados para o desenvolvimento de sistemas, assegurando o cumprimento dos objetivos estratégicos;</p><p>V - definir e coordenar as ações estratégicas em conjunto com as demais áreas, para alinhar as ações de Tecnologia da Informação e Comunicações (TIC) com a missão institucional;</p><p>VI - fomentar, prover e integrar soluções de tecnologia para eficiência e segurança dos processos da Fundacentro;</p><p>VII - coordenar, acompanhar e participar da elaboração e execução das contratações de tecnologia da informação e comunicação e gerenciar a qualidade desses bens e/ou serviços;</p><p>VIII - instalar, configurar e manter atualizados os equipamentos de rede e segurança, sistemas operacionais e outros softwares básicos necessários ao funcionamento de serviços e soluções de TIC;</p><p>IX - realizar o planejamento e a gestão de capacidade dos elementos de infraestrutura necessários ao funcionamento dos serviços e soluções de TIC;</p><p>X - promover o aprimoramento e acompanhar os serviços públicos oferecidos pela instituição em seus canais eletrônicos, zelando pela melhor experiência do usuário;</p><p>XI - manter os sistemas gerenciadores de banco de dados (SGBD), implementando estratégias para garantir a sua segurança, integridade, consistência e recuperabilidade, bem como sugerir rotinas de limpeza e otimização de bases de dados e a padronização da estrutura de dados;</p><p>XII - realizar o levantamento de requisitos de novos sistemas e manter os sistemas vigentes em pleno funcionamento por meio de manutenções evolutivas e corretivas;</p><p>XIII - analisar demandas advindas das áreas finalísticas e/ou administrativa e propor as soluções de TIC que melhor se adequem às necessidades apresentadas; e</p><p>XIV - executar outras ações relacionadas à tecnologia da informação e comunicações requeridas pelo Diretor de Conhecimento e Tecnologia.</p><p>Parágrafo único. As ações previstas no inciso VII do caput serão exercidas conjuntamente com a Coordenação de Administração da Diretoria de Administração e Finanças.</p><p>Art. 29. À Coordenação de Difusão do Conhecimento e Educação compete orientar, planejar, coordenar, acompanhar e avaliar a elaboração e o desenvolvimento de programas, projetos, pesquisas e serviços na área de multiplicação do conhecimento da Fundacentro, desenvolvendo metodologias e estratégias de ação em colaboração com as demais unidades e, especialmente:</p><p>I - programar, avaliar, organizar e executar os eventos, seminários, fóruns, cursos e demais atividades relacionadas à divulgação do conhecimento técnico-científico da Fundacentro;</p><p>II - promover, coordenar, organizar e executar as atividades de guarda, gestão, preservação e difusão da produção intelectual da Fundacentro;</p><p>III - executar atividades relativas à seleção, aquisição, tratamento técnico, divulgação, guarda, conservação, digitalização e garantia do acesso remoto e presencial ao acervo bibliográfico da Fundacentro pela sociedade;</p><p>IV - desenvolver, implantar, coordenar e executar a criação da Biblioteca Virtual da Fundacentro, de acordo com os parâmetros legais vigentes;</p><p>V - controlar e preservar o acervo arquivístico permanente sob sua guarda;</p><p>VI - definir estratégias, desenvolver, implantar e executar projetos e ações para a promoção do acesso e a difusão do acervo da Fundacentro;</p><p>VII - orientar e auxiliar a produção de textos, exposições, cursos e palestras que sirvam de suporte às atividades de pesquisa e divulgação do acervo geral;</p><p>VIII - programar, coordenar, organizar e executar as atividades de publicação e editoração; e</p><p>IX - executar outras ações relacionadas à difusão do conhecimento e educação requeridas pelo Diretor de Conhecimento e Tecnologia.</p><p>Art. 30. À Coordenação de Pós-graduação compete a gestão acadêmica, pedagógica e administrativa dos cursos de mestrado, doutorado (stricto sensu) e especialização (lato sensu), assegurando a conformidade com a legislação educacional, as diretrizes da Coordenação de Aperfeiçoamento de Pessoal de Nível Superior (CAPES), os objetivos institucionais da Fundacentro, suas Diretrizes do Planejamento Estratégico Vigente, em colaboração com as demais unidades e coordenações, especialmente:</p><p>I - planejar, coordenar, acompanhar e avaliar a elaboração, execução e avaliação dos programas e cursos de pós-graduação da Fundacentro, em conformidade com as normativas da CAPES e do MEC;</p><p>II - supervisionar a organização curricular, a oferta de disciplinas e atividades pedagógicas, assegurando qualidade, atualização e inovação nos processos formativos;</p><p>III - coordenar os processos seletivos, de matrícula, acompanhamento acadêmico e certificação de discentes, garantindo a transparência e a regularidade institucional;</p><p>IV - gerenciar a tramitação de relatórios, documentos acadêmicos e registros oficiais, bem como os processos de emissão e registro de diplomas;</p><p>V - promover a integração dos cursos stricto sensu e lato sensu, favorecendo a coerência institucional e o fortalecimento da pós-graduação;</p><p>VI - coordenar e acompanhar a elaboração de propostas de cursos novos (APCN), bem como a avaliação interna e externa junto às instâncias regulatórias;</p><p>VII - apoiar processos de internacionalização, cooperação interinstitucional e articulação com órgãos de fomento nacionais e internacionais;</p><p>VIII - acompanhar e apoiar a implementação de políticas de assistência estudantil, acompanhamento de egressos e ações afirmativas;</p><p>IX - representar a pós-graduação da Fundacentro em instâncias colegiadas internas e externas, promovendo sua integração ao Sistema Nacional de Pós-Graduação; e</p><p>X - executar outras ações relacionadas à gestão da pós-graduação que lhe sejam atribuídas pelo Presidente ou pelas Diretorias da Fundacentro.</p>]]></Texto>
  </body>
  <Midias />
</article></xml>