﻿<xml><article id="46237065" name="resolucao_4358_2025 COAFE" idOficio="11379360" pubName="DO1" artType="Resolução" pubDate="03/11/2025" artClass="00047:00048:00016:00006:00002:00000:00000:00000:00000:00000:00064:34358" artCategory="Ministério da Saúde/Agência Nacional de Vigilância Sanitária/4ª Diretoria/Gerência-Geral de Inspeção e Fiscalização Sanitária/Coordenação de Autorização de Funcionamento de Empresas" artSize="12" artNotes="" numberPage="144" pdfPage="http://pesquisa.in.gov.br/imprensa/jsp/visualiza/index.jsp?data=03/11/2025&amp;jornal=515&amp;pagina=144" editionNumber="209" highlightType="" highlightPriority="" highlight="" highlightimage="" highlightimagename="" idMateria="23276595">
  <body>
    <Identifica><![CDATA[ RESOLUÇÃO-RE nº 4.358, DE 31 DE OUTUBRO DE 2025]]></Identifica>
    <Data><![CDATA[]]></Data>
    <Ementa />
    <Titulo />
    <SubTitulo />
    <Texto><![CDATA[<p class="identifica">RESOLUÇÃO-RE nº 4.358, DE 31 DE OUTUBRO DE 2025</p><p>O COORDENADOR DE AUTORIZAÇÃO DE FUNCIONAMENTO DE EMPRESAS DA AGÊNCIA NACIONAL DE VIGILÂNCIA SANITÁRIA, no uso das atribuições que lhe confere o art. 144, aliado ao art. 203, I, §1° do Regimento Interno aprovado pela Resolução da Diretoria Colegiada - RDC n° 585, de 10 de dezembro de 2021, resolve:</p><p>Art. 1º. Indeferir o pedido de Autorização de Funcionamento para as Empresas constantes no anexo desta Resolução.</p><p>Art. 2º Esta Resolução entra em vigor na data de sua publicação.</p><p class="assina">DANIEL MARCOS PEREIRA DOURADO</p><p class="anexo">ANEXO</p><p>BASF AGRICULTURAL SOLUTIONS brasil LTDA. / 59.844.287/0001-89</p><p>25351.193762/2025-58 /</p><p>712 - AFE - CONCESSÃO - SANEANTES - FABRICAR (SOMENTE MATRIZ) / 1408472252</p><p>MOTIVO DO INDEFERIMENTO:</p><p>Não apresentação de Relatório de Inspeção que ateste o cumprimento dos requisitos técnicos para as atividades e classes pleiteadas, emitido pela autoridade sanitária local competente, conforme disposto no artigo 15 e artigo 18 da RDC nº 16/2014.</p><p>--------------------------------------</p><p>FARMA 22 FARMACIA DIGITAL LTDA / 42.377.379/0001-01</p><p>25351.194303/2025-91 /</p><p>723 - AFE - CONCESSÃO - COSMÉTICOS, PERFUMES E PRODUTOS DE HIGIENE - DISTRIBUIR (SOMENTE MATRIZ) / 1414780257</p><p>MOTIVO DO INDEFERIMENTO:</p><p>Não apresentação de Relatório de Inspeção que ateste o cumprimento dos requisitos técnicos para as atividades e classes pleiteadas, emitido pela autoridade sanitária local competente, conforme disposto no artigo 15 e artigo 18 da RDC nº 16/2014.</p><p>--------------------------------------</p><p>OLEOPLAN NORDESTE INDUSTRIA DE BIOCOMBUSTIVEL LTDA. / 13.463.913/0001-96</p><p>25351.193109/2025-99 /</p><p>712 - AFE - CONCESSÃO - SANEANTES - FABRICAR (SOMENTE MATRIZ) / 1405710250</p><p>MOTIVO DO INDEFERIMENTO:</p><p>Não apresentação de Relatório de Inspeção que ateste o cumprimento dos requisitos técnicos para as atividades e classes pleiteadas, emitido pela autoridade sanitária local competente, conforme disposto no artigo 15 e artigo 18 da RDC nº 16/2014.</p>]]></Texto>
  </body>
  <Midias />
</article></xml>