﻿<xml><article id="46270255" name="RESOLUCAO CONJUNTA 14" idOficio="11382043" pubName="DO1" artType="Resolução Conjunta " pubDate="04/11/2025" artClass="00028:00021:00000:00000:00000:00000:00000:00000:00000:00000:00064:00001" artCategory="Ministério da Fazenda/Conselho Monetário Nacional" artSize="12" artNotes="" numberPage="118" pdfPage="http://pesquisa.in.gov.br/imprensa/jsp/visualiza/index.jsp?data=04/11/2025&amp;jornal=515&amp;pagina=118" editionNumber="210" highlightType="" highlightPriority="" highlight="" highlightimage="" highlightimagename="" idMateria="23279986">
  <body>
    <Identifica><![CDATA[ RESOLUÇÃO CONJUNTA Nº 14, DE 3 DE NOVEMBRO DE 2025]]></Identifica>
    <Data><![CDATA[]]></Data>
    <Ementa><![CDATA[ Dispõe sobre a metodologia de apuração do limite mínimo de capital social integralizado e de patrimônio líquido das instituições financeiras e demais instituições autorizadas a funcionar pelo Banco Central do Brasil.]]></Ementa>
    <Titulo />
    <SubTitulo />
    <Texto><![CDATA[<p class="identifica">RESOLUÇÃO CONJUNTA Nº 14, DE 3 DE NOVEMBRO DE 2025</p><p class="ementa">Dispõe sobre a metodologia de apuração do limite mínimo de capital social integralizado e de patrimônio líquido das instituições financeiras e demais instituições autorizadas a funcionar pelo Banco Central do Brasil.</p><p>O Banco Central do Brasil, na forma do art. 9º da Lei nº 4.595, de 31 de dezembro de 1964, torna público que sua Diretoria Colegiada, em sessão realizada em 21 de outubro de 2025, e o Conselho Monetário Nacional, em sessão extraordinária realizada em 30 de outubro de 2025, com base nos arts. 4º, caput, inciso VIII, da referida Lei, 9º-A e 29, caput, inciso I, da Lei nº 4.728, de 14 de julho de 1965, 20, § 1º, da Lei nº 4.864, de 29 de novembro de 1965, 1º do Decreto-Lei nº 70, de 21 de novembro de 1966, 6º do Decreto-Lei nº 759, de 12 de agosto de 1969, 7º da Lei nº 6.099, de 12 de setembro de 1974, 1º, § 4º, da Lei nº 6.855, de 18 de novembro de 1980, 7º, caput, inciso I, do Decreto-Lei nº 2.291, de 21 de novembro de 1986, 1º, caput, inciso II, da Lei nº 10.194, de 14 de fevereiro de 2001, 1º, § 2º, da Medida Provisória nº 2.192-70, de 24 de agosto de 2001, 6º e 7º da Lei nº 11.795, de 8 de outubro de 2008, 1º, § 1º, e 12 da Lei Complementar nº 130, de 17 de abril de 2009, e 9º, caput, inciso II, da Lei nº 12.865, de 9 de outubro de 2013, resolveram:</p><p>CAPÍTULO I</p><p>DO OBJETO E DO ÂMBITO DE APLICAÇÃO</p><p>Art. 1º Esta Resolução Conjunta estabelece a metodologia de apuração do limite mínimo de capital social integralizado e de patrimônio líquido a serem mantidos pelas instituições financeiras e demais instituições autorizadas a funcionar pelo Banco Central do Brasil.</p><p>Parágrafo único. O disposto nesta Resolução Conjunta não se aplica às administradoras e às associações e entidades sem fins lucrativos autorizadas a administrar grupos de consórcio nos termos do art. 46 da Lei nº 11.795, de 8 de outubro de 2008.</p><p>CAPÍTULO II</p><p>DA OBRIGATORIEDADE</p><p>Art. 2º As instituições mencionadas no art. 1º devem manter, permanentemente, valor mínimo de capital social integralizado e de patrimônio líquido apurado conforme esta Resolução Conjunta, considerando, no mínimo:</p><p>I - as categorias de atividades operacionais comunicadas ao Banco Central do Brasil, conforme o art. 5º; e</p><p>II - as categorias nas quais as atividades de investimento e de captação são classificadas.</p><p>§ 1º Para fins do disposto nesta Resolução Conjunta, consideram-se:</p><p>I - atividades operacionais: produtos e serviços relacionados ao negócio da instituição, conforme previsto na legislação e na regulamentação específica que trata da organização e do funcionamento das instituições;</p><p>II - atividades de investimento: formas de aplicação dos recursos financeiros não utilizados nas atividades operacionais, conforme previsto na legislação e na regulamentação específica que trata da organização e do funcionamento das instituições; e</p><p>III - atividades de captação: formas de captação de recursos financeiros para financiamento das atividades operacionais, conforme previsto na legislação e na regulamentação específica que trata da organização e do funcionamento das instituições.</p><p>§ 2º O disposto no caput não se aplica às cooperativas de crédito de capital e empréstimo, que devem manter capital social integralizado e patrimônio líquido de R$150.000,00 (cento e cinquenta mil reais), a ser observado conforme o seguinte cronograma:</p><p>I - 20% (vinte por cento), na data de autorização para funcionamento da instituição;</p><p>II - 50% (cinquenta por cento), a partir de três anos, contados da data de autorização para funcionamento da instituição; e</p><p>III - 100% (cem por cento), a partir de cinco anos, contados da data de autorização para funcionamento da instituição.</p><p>Art. 3º Para efeito de verificação do atendimento dos limites mínimos estabelecidos nesta Resolução Conjunta, o patrimônio líquido deve ser ajustado mediante:</p><p>I - a soma dos saldos das contas de resultado credoras; e</p><p>II - a dedução dos valores correspondentes:</p><p>a) aos ajustes de avaliação patrimonial;</p><p>b) à reserva de reavaliação;</p><p>c) ao saldo das contas de resultado devedoras; e</p><p>d) às participações no limite mínimo de capital social integralizado e de patrimônio líquido ajustado de instituições financeiras e demais instituições autorizadas a funcionar pelo Banco Central do Brasil, apurado na forma deste artigo.</p><p>CAPÍTULO III</p><p>DAS ATIVIDADES</p><p>Seção I</p><p>Das atividades operacionais</p><p>Art. 4º Para fins do disposto nesta Resolução Conjunta, as atividades operacionais, de que trata o art. 2º, são classificadas nas seguintes categorias, conforme definido pelo Banco Central do Brasil:</p><p>I - concessão: realização de operações de crédito, de outras operações com característica de concessão de crédito e de operações que envolvam a disponibilização de recursos financeiros, inclusive na forma de compromisso de crédito;</p><p>II - custódia e administração de recursos de terceiros;</p><p>III - intermediação: prestação de serviços que envolvam fluxo de dinheiro ou outro ativo financeiro, exceto os prestados por conta e ordem de terceiro; e</p><p>IV - serviços: prestação de serviços não classificados nos incisos I a III, que não envolvam fluxo financeiro ou que envolvam fluxo financeiro, mas sejam prestados por conta e ordem de terceiro.</p><p>§ 1º Para fins de classificação na categoria mencionada no inciso I do caput, devem ser consideradas as operações próprias ou adquiridas de terceiros.</p><p>§ 2º Para fins de classificação na categoria mencionada no inciso IV do caput, não devem ser considerados os serviços que sejam inerentes às atividades previstas nos incisos I a III do caput.</p><p>Art. 5º As instituições devem comunicar ao Banco Central do Brasil, na forma por ele definida, as atividades operacionais que pretende exercer.</p><p>§ 1º A prática de nova categoria de atividade pelas instituições mencionadas no art. 1º está condicionada:</p><p>I - ao atendimento prévio dos limites mínimos de capital social integralizado e de patrimônio líquido requeridos nesta Resolução Conjunta;</p><p>II - à previsão na legislação ou na regulamentação específica; e</p><p>III - ao cumprimento das demais condições estabelecidas pelo Banco Central do Brasil.</p><p>§ 2º O disposto no caput não se aplica às atividades que, conforme regulamentação específica, demandam autorização específica ou estão sujeitas a processo de comunicação específico.</p><p>Seção II</p><p>Das atividades de investimento</p><p>Art. 6º Para fins do disposto nesta Resolução Conjunta, as atividades de investimento, de que trata o art. 2º, são classificadas em uma das seguintes categorias:</p><p>I - restrita: cuja regulamentação específica preveja:</p><p>a) expressa e taxativamente as formas de aplicação dos recursos; ou</p><p>b) qualquer vedação na forma de aplicação desses recursos; ou</p><p>II - livre: não enquadradas no inciso I.</p><p>§ 1º A classificação da atividade de investimento nas categorias definidas no caput deve considerar todas as formas de aplicação permitidas pela regulamentação específica, mesmo que não utilizada pela instituição.</p><p>§ 2º Para fins do disposto no caput, a atividade de investimento das instituições financeiras e demais instituições autorizadas a funcionar pelo Banco Central do Brasil que, nos termos da regulamentação específica vigente, optem pelo Regime Prudencial Simplificado - RPS deve ser classificada na categoria prevista no inciso I do caput.</p><p>§ 3º Para fins do disposto no caput, as formas de aplicação definidas na regulamentação específica para fins de destinação dos recursos aportados pelo público em conta de pagamento pré-paga e conta de registro não devem ser consideradas na classificação das atividades de investimento.</p><p>Seção III</p><p>Das atividades de captação</p><p>Art. 7º Para fins do disposto nesta Resolução Conjunta, as atividades de captação, de que trata o art. 2º, são classificadas em uma das seguintes categorias, de acordo com a origem dos recursos:</p><p>I - depósitos, assim considerados a captação de recursos do público sob a forma de:</p><p>a) depósitos de poupança;</p><p>b) depósitos a prazo;</p><p>c) depósitos à vista; e</p><p>d) outras contas de depósitos, sem remuneração, não movimentáveis pelo titular;</p><p>II - recursos do público, exceto depósitos, assim considerados a captação de recursos do público por meio de emissão de títulos, conforme definido pelo Banco Central do Brasil;</p><p>III - recursos institucionais, assim considerados os recursos provenientes de:</p><p>a) cessão de crédito;</p><p>b) depósitos interfinanceiros;</p><p>c) operações de repasses e de empréstimos originários de:</p><p>1. entidades nacionais e estrangeiras;</p><p>2. fundos oficiais; e</p><p>3. instituições financeiras nacionais e estrangeiras; ou</p><p>IV - recursos próprios, assim considerados os recursos provenientes de capital próprio, inclusive na forma captação de recursos dos seus sócios, acionistas ou associados.</p><p>§ 1º A classificação da atividade de captação deve considerar:</p><p>I - todas as fontes de recursos permitidas pela regulamentação específica, mesmo que não utilizada pela instituição; e</p><p>II - a categoria que, conforme previsto no art. 10, § 2º, inciso III, possui maior fator associado.</p><p>§ 2º Na classificação de que trata o caput, não devem ser considerados:</p><p>I - os recursos aportados pelo público em contas de pagamento pré-paga e contas de registro, para as quais a regulamentação defina a forma de aplicação enquanto não destinados pelo cliente; e</p><p>II - os empréstimos e financiamentos vinculados à aquisição de bens para uso próprio.</p><p>CAPÍTULO IV</p><p>DA METODOLOGIA DE APURAÇÃO</p><p>Art. 8º As instituições mencionadas no art. 1º devem apurar o limite mínimo de capital social integralizado e de patrimônio líquido mediante a soma do valor associado às seguintes parcelas:</p><p>I - do custo, apurado conforme art. 9º; e</p><p>II - das atividades, apurado conforme art. 10.</p><p>Seção I</p><p>Do custo</p><p>Art. 9º O valor da parcela correspondente ao custo, de que trata o art. 8º, caput, inciso I, deve ser apurado mediante a soma de:</p><p>I - R$2.000.000,00 (dois milhões de reais) multiplicados pela quantidade de categorias de atividades operacionais comunicadas conforme o art. 5º, incluídas as categorias objeto de autorização ou processo de comunicação específico, observado o disposto no art. 10, § 1º; e</p><p>II - R$5.000.000,00 (cinco milhões de reais), caso a instituição preste serviços que, conforme definido pelo Banco Central do Brasil, dependam de processamento de dados, armazenamento de dados, infraestrutura de redes, infraestrutura de segurança da informação e cibernética e outros recursos computacionais fornecidos pela instituição ou por prestador de serviço por ela contratado.</p><p>§ 1º Caso a instituição preste mais de uma modalidade de serviço de que trata o inciso II do caput, devem ser adicionados 50% (cinquenta por cento) daquele valor para cada novo serviço, observado que o limite do total do valor da parcela definida no inciso II do caput é R$10.000.000,00 (dez milhões de reais).</p><p>§ 2º As instituições devem comunicar ao Banco Central do Brasil, na forma por ele definida, a prestação dos serviços de que trata o inciso II do caput.</p><p>Seção II</p><p>Das atividades</p><p>Art. 10. O valor da parcela correspondente às atividades de que trata o art. 8º, caput, inciso II, deve ser apurado mediante:</p><p>I - a soma dos valores atribuídos:</p><p>a) às categorias de todas as atividades operacionais comunicadas pela instituição, conforme o art. 5º, incluídas aquelas objeto de autorização ou processo de comunicação específico; e</p><p>b) à categoria na qual a atividade de investimento foi classificada; e</p><p>II - a multiplicação do valor apurado na forma definida no inciso I pelo fator atribuído à categoria na qual a atividade de captação foi classificada.</p><p>§ 1º Para fins do disposto no inciso I, alínea "a", do caput, devem ser consideradas, no mínimo, as categorias de atividades operacionais associadas ao objeto social da instituição, conforme definido pelo Banco Central do Brasil.</p><p>§ 2º Para fins do disposto no caput, o valor atribuído:</p><p>I - às categorias de atividades operacionais de que trata o art. 4º corresponde a:</p><p>a) R$1.000.000,00 (um milhão de reais), para serviço;</p><p>b) R$3.000.000,00 (três milhões de reais), para custódia e administração de recursos de terceiros;</p><p>c) R$5.000.000,00 (cinco milhões de reais), para intermediação; e</p><p>d) R$7.000.000,00 (sete milhões de reais), para concessão;</p><p>II - às categorias de atividade de investimento de que trata o art. 6º corresponde a:</p><p>a) R$5.000.000,00 (cinco milhões de reais), para categoria restrita; e</p><p>b) R$8.000.000,00 (oito milhões de reais), para categoria livre; e</p><p>III - ao fator correspondente às categorias das atividades de captação de que trata o art. 7º:</p><p>a) 60% (sessenta por cento), para a categoria recursos próprios;</p><p>b) 80% (oitenta por cento), para a categoria recursos institucionais;</p><p>c) 120% (cento e vinte por cento), para a categoria recursos do público, exceto depósitos; e</p><p>d) 200% (duzentos por cento), para a categoria depósitos.</p><p>§ 3º Para fins do disposto no inciso I do § 2º, o valor atribuído a cada categoria de atividade operacional independe da quantidade de produtos e serviços enquadrados na mesma categoria.</p><p>Seção III</p><p>Dos adicionais de capital</p><p>Art. 11. As instituições mencionadas no art. 1º que podem utilizar em sua nomenclatura, em virtude de autorização específica prevista na legislação específica ou na regulamentação que trata da organização e do funcionamento da instituição, a expressão "banco" ou qualquer termo que a sugira, literalmente ou por semelhança morfológica ou fonética, em português ou em língua estrangeira, devem adicionar R$30.000.000,00 (trinta milhões de reais) ao valor do capital apurado conforme o art. 8º.</p><p>§ 1º O requerimento do valor adicional de capital de que trata o caput se aplica à instituição que utiliza em sua nomenclatura o termo de que trata o caput, em conformidade com a regulamentação vigente, mesmo sem autorização específica prevista na regulamentação que trata da organização e do funcionamento da instituição.</p><p>§ 2º O disposto no § 1º não se aplica à instituição que utiliza em sua nomenclatura o mesmo termo utilizado por outra instituição do conglomerado prudencial do qual seja integrante, em virtude de autorização específica prevista na regulamentação que trata da organização e do funcionamento dessa instituição.</p><p>CAPÍTULO V</p><p>DISPOSIÇÕES TRANSITÓRIAS</p><p>Art. 12. As instituições mencionadas no art. 1º que estiverem em funcionamento na data de entrada em vigor desta Resolução Conjunta devem observar as seguintes regras de transição quanto à obrigação de manutenção de limite mínimo de capital social integralizado e de patrimônio líquido:</p><p>I - até 30 de junho de 2026, deve ser mantido o valor mínimo de capital social integralizado e de patrimônio líquido apurado na forma da regulamentação vigente no dia anterior à data de entrada em vigor desta Resolução Conjunta; e</p><p>II - de 1º de julho de 2026 até 31 de dezembro de 2027, deve ser mantido o valor de que trata o inciso I acrescido dos seguintes percentuais sobre a diferença positiva entre o montante que for apurado na forma desta Resolução Conjunta e aquele valor:</p><p>a) 25% (vinte e cinco por cento) até 31 de dezembro de 2026;</p><p>b) 50% (cinquenta por cento) até 30 de junho de 2027; e</p><p>c) 75% (setenta e cinco por cento) até 31 de dezembro de 2027.</p><p>§ 1º As instituições mencionadas no art. 1º devem comunicar ao Banco Central do Brasil, até 30 de junho de 2026, as categorias de atividades operacionais exercidas, conforme o art. 5º.</p><p>§ 2º O disposto nesta seção aplica-se às instituições que tiverem protocolado no Banco Central do Brasil pedidos de autorização para funcionamento ou para ampliação de atividades até a véspera da data da entrada em vigor desta Resolução Conjunta.</p><p>CAPÍTULO VI</p><p>DISPOSIÇÕES FINAIS</p><p>Art. 13. A Resolução nº 2.828, de 30 de março de 2001, publicada no Diário Oficial da União de 31 de março de 2001, passa a vigorar com as seguintes alterações:</p><p>"Art.3º ..........................................................................</p><p>.......................................................................................</p><p>§ 2º A realização de operações de câmbio e de arrendamento mercantil depende de autorização do Banco Central do Brasil.</p><p>............................................................................" (NR)</p><p>Art. 14. A Resolução BCB nº 234, de 27 de julho de 2022, publicada no Diário Oficial da União de 29 de julho de 2022, passa a vigorar com as seguintes alterações:</p><p>"Art. 7º-A O Patrimônio Líquido Ajustado é obtido pela soma algébrica do patrimônio líquido e do saldo total das contas de resultado credoras, deduzida do saldo total das contas de resultado devedoras, integrantes do Padrão Contábil das Instituições Reguladas pelo Banco Central do Brasil - Cosif." (NR)</p><p>Art. 15. A Resolução CMN nº 5.051, de 25 de novembro de 2022, publicada no Diário Oficial da União de 28 de novembro de 2022, passa a vigorar com as seguintes alterações:</p><p>"Art. 10-A. O capital social da cooperativa de crédito deve ser integralizado exclusivamente em moeda corrente." (NR)</p><p>Art. 16. A Resolução CMN nº 5.061, de 16 de fevereiro de 2023, publicada no Diário Oficial da União de 22 de fevereiro de 2023, passa a vigorar com as seguintes alterações:</p><p>"Art. 9º-A O capital social da confederação de serviço deve ser integralizado exclusivamente em moeda corrente." (NR)</p><p>"Art. 11. .......................................................................</p><p>Parágrafo único. Admite-se a compensação das perdas verificadas no exercício findo, mediante decisão da assembleia geral, com sobras de exercícios seguintes, desde que atendidos os limites mínimos de capital social integralizado e de patrimônio líquido definidos na regulamentação vigente." (NR)</p><p>Art. 17. Ficam revogados:</p><p>I - a Resolução nº 2.607, de 27 de maio de 1999, publicada no Diário Oficial da União de 28 de maio de 1999;</p><p>II - a Resolução nº 2.678, de 21 de dezembro de 1999, publicada no Diário Oficial da União de 23 de dezembro de 1999;</p><p>III - os seguintes dispositivos da Resolução nº 2.828, de 30 de março de 2001, publicada no Diário Oficial da União de 31 de março de 2001:</p><p>a) incisos I e II do § 2º do art. 3º; e</p><p>b) art. 5º;</p><p>IV - o parágrafo único do art. 5º da Resolução nº 3.426, de 21 de dezembro de 2006, publicada no Diário Oficial da União de 26 de dezembro de 2006;</p><p>V - o art. 1º da Resolução nº 3.757, de 1º de julho de 2009, publicada no Diário Oficial da União de 2 de julho de 2009, na parte que altera o § 2º do art. 3º da Resolução nº 2.828, de 30 de março de 2001, publicada no Diário Oficial da União de 31 de março de 2001;</p><p>VI - os seguintes dispositivos da Resolução nº 4.721, de 30 de maio de 2019, publicada no Diário Oficial da União de 3 de junho de 2019:</p><p>a) art. 7º; e</p><p>b) art. 23;</p><p>VII - o art. 5º da Resolução CMN nº 4.976, de 16 de dezembro de 2021, publicada no Diário Oficial da União de 20 de dezembro de 2021;</p><p>VIII - o art. 4º da Resolução CMN nº 4.985, de 17 de fevereiro de 2022, publicada no Diário Oficial da União de 21 de fevereiro de 2022;</p><p>IX - o art. 4º da Resolução CMN nº 5.000, de 24 de março de 2022, publicada no Diário Oficial da União de 28 de março de 2022;</p><p>X - os arts. 4º, 5º e 6º da Resolução CMN nº 5.008, de 24 de março de 2022, publicada no Diário Oficial da União de 28 de março de 2022;</p><p>XI - os arts. 6º, 7º e 8º da Resolução CMN nº 5.009, de 24 de março de 2022, publicada no Diário Oficial da União de 28 de março de 2022;</p><p>XII - o art. 6º da Resolução CMN nº 5.046, de 25 de novembro de 2022, publicada no Diário Oficial da União de 28 de novembro de 2022;</p><p>XIII - o art. 4º da Resolução CMN nº 5.047, de 25 de novembro de 2022, publicada no Diário Oficial da União de 28 de novembro de 2022;</p><p>XIV - os seguintes dispositivos da Resolução CMN nº 5.050, de 25 de novembro de 2022, publicada no Diário Oficial da União de 28 de novembro de 2022:</p><p>a) art. 6º; e</p><p>b) art. 14;</p><p>XV - o art. 10 da Resolução CMN nº 5.051, de 25 de novembro de 2022, publicada no Diário Oficial da União de 28 de novembro de 2022;</p><p>XVI - o art. 4º da Resolução CMN nº 5.052, de 25 de novembro de 2022, publicada no Diário Oficial da União de 28 de novembro de 2022;</p><p>XVII - o art. 7º da Resolução CMN nº 5.060, de 16 de fevereiro de 2023, publicada no Diário Oficial da União de 22 de fevereiro de 2023;</p><p>XVIII - o art. 9º da Resolução CMN nº 5.061, de 16 de fevereiro de 2023, publicada no Diário Oficial da União de 22 de fevereiro de 2023;</p><p>XIX - o art. 1º da Resolução CMN nº 5.131, de 25 de abril de 2024, publicada no Diário Oficial da União de 26 de abril de 2024, na parte que altera o art. 10 da Resolução CMN nº 5.051, de 25 de novembro de 2022, publicada no Diário Oficial da União de 28 de novembro de 2022;</p><p>XX - o art. 5º da Resolução CMN nº 5.237, de 24 de julho de 2025, publicada no Diário Oficial da União de 28 de julho de 2025;</p><p>XXI - os seguintes dispositivos da Resolução BCB nº 80, de 25 de março de 2021, publicada no Diário Oficial da União de 29 de março de 2021:</p><p>a) art. 17; e</p><p>b) arts. 20 e 21;</p><p>XXII - o art. 5º da Resolução BCB nº 234, de 27 de julho de 2022, publicada no Diário Oficial da União de 29 de julho de 2022; e</p><p>XXIII - o art. 1º da Resolução BCB nº 407, de 2 de agosto de 2024, publicada no Diário Oficial da União de 5 de agosto de 2024, na parte que altera os arts. 17 e 20 da Resolução BCB nº 80, de 25 de março de 2021, publicada no Diário Oficial da União de 29 de março de 2021.</p><p>Art. 18. Esta Resolução Conjunta entra em vigor na data de sua publicação.</p><p class="assina">GABRIEL MURICCA GALÍPOLO</p><p class="cargo">Presidente do Banco</p>]]></Texto>
  </body>
  <Midias />
</article></xml>