﻿<xml><article id="46225855" name="ATO NA 16085" idOficio="11377369" pubName="DO1" artType="Ato" pubDate="03/11/2025" artClass="00014:00019:00014:00156:00000:00000:00000:00000:00000:00000:00006:00000" artCategory="Ministério das Comunicações/Agência Nacional de Telecomunicações/Superintendência de Fiscalização/Gerência Regional no Estado de São Paulo" artSize="12" artNotes="" numberPage="29" pdfPage="http://pesquisa.in.gov.br/imprensa/jsp/visualiza/index.jsp?data=03/11/2025&amp;jornal=515&amp;pagina=29" editionNumber="209" highlightType="" highlightPriority="" highlight="" highlightimage="" highlightimagename="" idMateria="23271626">
  <body>
    <Identifica><![CDATA[ ATO Nº 16.085, DE 29 DE OUTUBRO DE 2025]]></Identifica>
    <Data><![CDATA[]]></Data>
    <Ementa />
    <Titulo />
    <SubTitulo />
    <Texto><![CDATA[<p class="identifica">ATO Nº 16.085, DE 29 DE OUTUBRO DE 2025</p><p>Processo nº 53500.078010/2025-42. Outorgar a "Autorização de Uso de Radiofrequências" a entidade RÁDIO CLUBE DE MOCÓCA LTDA, CNPJ nº 52.505.161/0001-30, executante do Serviço de Radiodifusão Sonora em Frequência Modulada (230) - FISTEL nº ***15114***, no município de Mococa/SP, até 01/05/2034, a contar da data de publicação deste Ato, visando execução do Serviço Auxiliar de Radiodifusão e Correlatos - Transmissão de Programas (251), na referida cidade.</p><p class="assina">MARCELO AUGUSTO SCACABAROZI</p><p class="cargo">Gerente</p>]]></Texto>
  </body>
  <Midias />
</article></xml>