﻿<xml><article id="46234888" name="TABELA RDC 630 - nova versao - 3" idOficio="11378433" pubName="DO1" artType="Decisão" pubDate="03/11/2025" artClass="00047:00047:00007:00001:00000:00000:00000:00000:00000:00000:00018:00035" artCategory="Ministério da Saúde/Agência Nacional de Saúde Suplementar/Diretoria Colegiada/Coordenadoria de Recursos e Assessoramento" artSize="24" artNotes="" numberPage="100" pdfPage="http://pesquisa.in.gov.br/imprensa/jsp/visualiza/index.jsp?data=03/11/2025&amp;jornal=515&amp;pagina=100" editionNumber="209" highlightType="" highlightPriority="" highlight="" highlightimage="" highlightimagename="" idMateria="23273680">
  <body>
    <Identifica />
    <Data><![CDATA[]]></Data>
    <Ementa />
    <Titulo />
    <SubTitulo />
    <Texto><![CDATA[<p /><p></p><table><tr /><tr><td rowspan="1" colspan="1"><p>33910.008499/2023-94</p></td><td rowspan="1" colspan="1"><p>UNIMED DO ESTADO DO PARANÁ FEDERAÇÃO ESTADUAL DAS COOPERATIVAS MÉDICAS</p></td><td rowspan="1" colspan="1"><p>DIGES</p></td><td rowspan="1" colspan="1"><p>Pelo conhecimento e provimento parcial do recurso, na forma manifestada na Nota Técnica nº 1738/2025/GEIRS/DIDES/ANS, mantendo a decisão da DIDES.</p></td></tr><tr><td rowspan="1" colspan="1"><p>33910.020610/2023-11</p></td><td rowspan="1" colspan="1"><p>PASA - PLANO DE ASSISTÊNCIA À SAÚDE DO APOSENTADO DA VALE</p></td><td rowspan="1" colspan="1"><p>DIGES</p></td><td rowspan="1" colspan="1"><p>Pelo conhecimento e provimento parcial do recurso, na forma manifestada na Nota Técnica nº 1740/2025/GEIRS/DIDES/ANS, mantendo a decisão da DIDES.</p></td></tr><tr><td rowspan="1" colspan="1"><p>33910.020862/2023-40</p></td><td rowspan="1" colspan="1"><p>UNIMED ITAJUBA COOPERATIVA DE TRABALHO MÉDICO</p></td><td rowspan="1" colspan="1"><p>DIGES</p></td><td rowspan="1" colspan="1"><p>Pelo conhecimento e provimento parcial do recurso, na forma manifestada na Nota Técnica nº 1742/2025/GEIRS/DIDES/ANS, mantendo a decisão da DIDES.</p></td></tr><tr><td rowspan="1" colspan="1"><p>33910.041316/2022-61</p></td><td rowspan="1" colspan="1"><p>SUL AMÉRICA COMPANHIA DE SEGURO SAÚDE</p></td><td rowspan="1" colspan="1"><p>DIOPE</p></td><td rowspan="1" colspan="1"><p>Pela aprovação da revisão administrativa de ofício, na forma manifestada na Nota Técnica nº 216/2025/COARE/GEIRS/DIRAD-DIDES/DIDES, mantendo-se as demais decisões proferidas na Nota Técnica nº 1632/2025/GEIRS/DIDES/ANS.</p></td></tr></table><p>Os autos do processo em epígrafe encontram-se à disposição dos interessados na sede da ANS</p><p class="assina">WADIH NEMER DAMOUS FILHO</p><p class="cargo">Diretor-Presidente</p>]]></Texto>
  </body>
  <Midias />
</article></xml>