﻿<xml><article id="46247814" name="3110_DEC_12708_S1_OK_001" idOficio="11379843" pubName="DO1" artType="Decreto numerado" pubDate="03/11/2025" artClass="00005:00000:00000:00000:00000:00000:00000:00000:00000:00000:00021:00000" artCategory="Atos do Poder Executivo" artSize="12" artNotes="" numberPage="8" pdfPage="http://pesquisa.in.gov.br/imprensa/jsp/visualiza/index.jsp?data=03/11/2025&amp;jornal=515&amp;pagina=8" editionNumber="209" highlightType="" highlightPriority="" highlight="" highlightimage="" highlightimagename="" idMateria="23277630">
  <body>
    <Identifica><![CDATA[ DECRETO Nº 12.708, DE 31 DE OUTUBRO DE 2025]]></Identifica>
    <Data><![CDATA[]]></Data>
    <Ementa><![CDATA[Altera o Decreto nº 11.798, de 28 de novembro de 2023, que aprova a Estrutura Regimental e o Quadro Demonstrativo dos Cargos em Comissão e das Funções de Confiança do Ministério da Saúde, e remaneja e transforma cargos em comissão e funções de confiança.]]></Ementa>
    <Titulo />
    <SubTitulo />
    <Texto><![CDATA[<p class="identifica"><strong>DECRETO Nº 12.708, DE 31 DE OUTUBRO DE 2025</strong></p><p class="ementa">Altera o Decreto nº 11.798, de 28 de novembro de 2023, que aprova a Estrutura Regimental e o Quadro Demonstrativo dos Cargos em Comissão e das Funções de Confiança do Ministério da Saúde, e remaneja e transforma cargos em comissão e funções de confiança.</p><p><strong>O PRESIDENTE DA REPÚBLICA</strong>, no uso da atribuição que lhe confere o art. 84,<em>caput</em>, inciso VI, alínea "a", da Constituição,</p><p><strong>D E C R E T A :</strong></p><p>Art. 1º Ficam remanejados, na forma do Anexo I, os seguintes Cargos Comissionados Executivos - CCE e Funções Comissionadas Executivas - FCE:</p><p>I - do Ministério da Saúde para a Secretaria de Gestão e Inovação do Ministério da Gestão e da Inovação em Serviços Públicos:</p><p>a) um CCE 1.11;</p><p>b) cinco CCE 1.10;</p><p>c) três CCE 2.13;</p><p>d) quatro CCE 2.10;</p><p>e) doze FCE 1.07;</p><p>f) sete FCE 1.05;</p><p>g) seis FCE 1.02;</p><p>h) uma FCE 2.14;</p><p>i) uma FCE 4.11;</p><p>j) uma FCE 4.08;</p><p>k) nove FCE 4.07;</p><p>l) duas FCE 4.06;</p><p>m) sete FCE 4.05;</p><p>n) onze FCE 4.04; e</p><p>o) dezessete FCE 4.03; e</p><p>II - da Secretaria de Gestão e Inovação para o Ministério da Saúde:</p><p>a) um CCE 1.14;</p><p>b) quatro CCE 1.13;</p><p>c) um CCE 2.15;</p><p>d) um CCE 2.12;</p><p>e) um CCE 3.16;</p><p>f) três CCE 3.15;</p><p>g) um CCE 3.14;</p><p>h) cinco CCE 3.13;</p><p>i) dois CCE 3.12;</p><p>j) duas FCE 1.16;</p><p>k) uma FCE 1.14;</p><p>l) doze FCE 1.13;</p><p>m) três FCE 1.12;</p><p>n) cinco FCE 1.11;</p><p>o) onze FCE 1.10;</p><p>p) duas FCE 1.09;</p><p>q) uma FCE 1.06;</p><p>r) uma FCE 1.04;</p><p>s) uma FCE 2.15;</p><p>t) quatro FCE 2.13;</p><p>u) seis FCE 2.10;</p><p>v) uma FCE 2.09;</p><p>w) duas FCE 3.15;</p><p>x) duas FCE 3.13;</p><p>y) duas FCE 3.12;</p><p>z) três FCE 3.11;</p><p>aa) nove FCE 3.10;</p><p>ab) duas FCE 3.09;</p><p>ac) duas FCE 3.08;</p><p>ad) uma FCE 4.12;</p><p>ae) sete FCE 4.10;</p><p>af) cinco FCE 4.09; e</p><p>ag) três FCE 4.02.</p><p>Art. 2º Ficam transformados CCE e FCE, nos termos do disposto no art. 7º da Lei nº 14.204, de 16 de setembro de 2021, na forma do Anexo II.</p><p>Art. 3º O Anexo I ao Decreto nº 11.798, de 28 de novembro 2023, passa a vigorar com as seguintes alterações:</p><p>"Art. 2º .................................................................................................................</p><p>I - ..........................................................................................................................</p><p>.........................................................................................................................................</p><p>k) ...........................................................................................................................</p><p>.........................................................................................................................................</p><p>5. Departamento de Cooperação Técnica, Inovação e Desenvolvimento em Saúde;</p><p>6. Departamento de Gestão Interfederativa e Participativa;</p><p>7. Departamento de Gestão das Demandas em Judicialização na Saúde; e</p><p>8. Departamento de Economia e Investimentos em Saúde;</p><p>II - .........................................................................................................................</p><p>a) ...........................................................................................................................</p><p>1. Departamento de Saúde da Família;</p><p>.........................................................................................................................................</p><p>3. Departamento de Promoção da Saúde; e</p><p>.........................................................................................................................................</p><p>5. Departamento de Estratégias, Acreditação e Componentes da Atenção Primária à Saúde;</p><p>b) ..........................................................................................................................</p><p>........................................................................................................................................</p><p>6. Departamento de Estratégias para a Expansão e a Qualificação da Atenção Especializada;</p><p>7. Departamento de Atenção ao Câncer; e</p><p>8. Diretoria da Força Nacional do SUS;</p><p>c) Secretaria de Ciência, Tecnologia e Inovação em Saúde:</p><p>1. Departamento do Complexo Econômico-Industrial da Saúde;</p><p>........................................................................................................................................</p><p>III - ........................................................................................................................</p><p>a) Superintendências do Ministério da Saúde;</p><p>........................................................................................................................................</p><p>IV - .......................................................................................................................</p><p>.........................................................................................................................................</p><p>b) Conselho de Saúde Suplementar;</p><p>c) Comissão Nacional de Incorporação de Tecnologias no Sistema Único de Saúde; e</p><p>d) Instância Nacional de Ética em Pesquisa; e</p><p>.............................................................................................................................." (NR)</p><p>"Art. 4º À Ouvidoria-Geral do Sistema Único de Saúde, unidade setorial do Sistema de Ouvidoria do Poder Executivo federal, compete:</p><p>I - planejar, coordenar, supervisionar, monitorar e avaliar a implementação dos serviços de ouvidoria, de acesso à informação às pessoas usuárias dos SUS e transparência, na forma prevista na legislação;</p><p>II - propor, coordenar e implementar a política nacional de ouvidorias, no âmbito do SUS;</p><p>III - estimular e apoiar a instituição de estruturas descentralizadas de ouvidorias, no âmbito do SUS;</p><p>IV - implementar políticas de estímulo à participação das pessoas usuárias e das entidades da sociedade no processo de avaliação das ações e dos serviços prestados pelo SUS;</p><p>..........................................................................................................................................</p><p>VI - assegurar às pessoas usuárias do SUS o acesso às informações sobre o direito à saúde e sobre o exercício desse direito;</p><p>VII - acionar os entes federativos de gestão do SUS, as unidades vinculadas e as áreas competentes do Ministério para responderem às manifestações e aos pedidos de acesso à informação, no âmbito do SUS;</p><p>........................................................................................................................................</p><p>X - apoiar e fomentar política de educação permanente em saúde para as ouvidorias do SUS.</p><p>.............................................................................................................................." (NR)</p><p>"Art. 7º ................................................................................................................</p><p>........................................................................................................................................</p><p>VI - acompanhar e coordenar a execução das emendas parlamentares e dos programas que lhe forem atribuídos pelo Ministro de Estado;</p><p>VII - assessorar o Ministro de Estado e os dirigentes das unidades do Ministério nas relações com o Poder Legislativo, nos âmbitos federal, estadual, distrital e municipal; e</p><p>VIII - assessorar o Ministro de Estado e os dirigentes das unidades do Ministério nas relações com os demais entes federativos, nos âmbitos estadual, distrital e municipal." (NR)</p><p>"Art. 8º ...............................................................................................................</p><p>.......................................................................................................................................</p><p>II - coordenar, articular e orientar as ações internacionais de interesse do Ministério relacionadas a negociações bilaterais, organismos internacionais, mecanismos de integração regional e sub-regional e convenções internacionais, em articulação com o Ministério das Relações Exteriores;</p><p>III - coordenar, articular e orientar as ações internacionais de interesse do Ministério relacionadas a cooperações técnicas, educacionais, científicas, tecnológicas e humanitárias, nas áreas de competência do Ministério;</p><p>............................................................................................................................" (NR)</p><p>"Art. 9º ..............................................................................................................</p><p>.....................................................................................................................................</p><p>III - formular, implementar e prover os meios necessários para a execução da política de comunicação do Ministério;</p><p>IV - assistir o Ministro de Estado e as unidades do Ministério nos assuntos de comunicação social;</p><p>V - gerir o sítio eletrônico e a<em>intranet</em>do Ministério e as ações de comunicação institucional em suas redes sociais;</p><p>VI - acompanhar e promover a divulgação das ações realizadas pelo Ministério junto à mídia; e</p><p>VII - planejar, coordenar, orientar e monitorar o planejamento estratégico interno e externo das ações e dos serviços de comunicação do Ministério." (NR)</p><p>"Art. 10. À Assessoria Especial de Controle Interno, unidade setorial do Sistema de Integridade, Transparência e Acesso à Informação da Administração Pública Federal no âmbito do Ministério, compete:</p><p>I - assessorar diretamente o Ministro de Estado e a alta administração na promoção da integridade pública, da gestão de riscos, da transparência e do fortalecimento dos controles internos no âmbito do Ministério;</p><p>II - assistir o Ministro de Estado no pronunciamento sobre a prestação de contas e no parecer do controle interno, na forma prevista na legislação;</p><p>III - prestar orientação técnica ao Secretário-Executivo, aos gestores do Ministério e aos representantes indicados pelo Ministro de Estado em conselhos e comitês, nas matérias relativas à integridade pública, à transparência, à gestão de riscos e aos controles internos;</p><p>......................................................................................................................................</p><p>V - gerir o programa de integridade do Ministério, em articulação com as unidades setoriais dos sistemas de ouvidoria, de gestão da ética e de correição;</p><p>.....................................................................................................................................</p><p>VII - prestar orientação técnica na elaboração, na revisão e na consolidação de atos normativos e instrumentos orientadores internos, no que se refere à integridade, à gestão de riscos, à transparência e ao controle interno;</p><p>VIII - orientar tecnicamente e acompanhar as unidades do Ministério na elaboração do Relatório de Gestão e da Prestação de Contas Anual do Presidente da República;</p><p>IX - apoiar a supervisão ministerial das entidades vinculadas ao Ministério, em articulação com as respectivas unidades de auditoria interna e de controle;</p><p>X - monitorar e articular o atendimento às recomendações da Controladoria-Geral da União e às deliberações do Tribunal de Contas da União, e a outras demandas de órgãos de controle e de defesa do Estado;</p><p>XI - auxiliar na articulação institucional entre as unidades de ética, ouvidoria e correição do Ministério e os órgãos de controle e de defesa do Estado;</p><p>XII - apoiar ações de capacitação interna e externa nas áreas de integridade pública, gestão de riscos, controle interno e transparência, em articulação com as unidades de gestão de pessoas, instâncias de integridade e órgãos centrais de controle;</p><p>XIII - orientar tecnicamente quanto às normas e regras aplicáveis aos processos de contratações, à conformidade da instrução processual, à gestão e à fiscalização de contratos; e</p><p>XIV - monitorar o cumprimento das normas de transparência e acesso à informação no âmbito do Ministério." (NR)</p><p>"Art. 13. ................................................................................................................</p><p>.........................................................................................................................................</p><p>III - supervisionar e apoiar, no âmbito do Ministério, as atividades relacionadas ao:</p><p>.........................................................................................................................................</p><p>g) Sistema de Gestão de Documentos e Arquivo - Siga;</p><p>h) Sistema de Serviços Gerais - Sisg; e</p><p>i) Sistema de Coordenação da Governança e da Supervisão Ministerial das Empresas Estatais Federais - Sisest;</p><p>.........................................................................................................................................</p><p>X - apoiar técnica e administrativamente a Comissão Intergestores Tripartite e o Conselho Nacional de Saúde, no âmbito do SUS;</p><p>XI - promover a articulação dos órgãos e das unidades do Ministério com o Conselho Nacional de Saúde; e</p><p>XII - estabelecer diretrizes e supervisionar estratégias e políticas relacionadas à economia da saúde.</p><p>.............................................................................................................................." (NR)</p><p>"Art. 14. ..............................................................................................................</p><p>.......................................................................................................................................</p><p>VIII - subsidiar, em articulação com as demais unidades do nível central, as ações executadas pelas Superintendências do Ministério da Saúde;</p><p>IX - planejar, coordenar e monitorar os recursos orçamentários e financeiros sob a sua gestão e das unidades administrativas das Superintendências do Ministério da Saúde;</p><p>............................................................................................................................." (NR)</p><p>"Art. 15. .............................................................................................................</p><p>I - planejar, coordenar e orientar a execução das atividades relacionadas ao Sistema de Planejamento e de Orçamento Federal, ao Sistema de Administração Financeira Federal e ao Sistema de Contabilidade Federal, no âmbito do Ministério;</p><p>....................................................................................................................................</p><p>III - coordenar a elaboração, a consolidação e a revisão dos instrumentos de planejamento e orçamento do Ministério, e respectivas alterações, submetendo-os à decisão superior;</p><p>IV - coordenar o monitoramento das metas previstas nos planos nacionais de saúde;</p><p>V - coordenar o monitoramento e a avaliação de projetos, atividades e programas previstos nas leis orçamentárias anuais e nos planos plurianuais, em articulação com as demais Secretarias e entidades vinculadas ao Ministério; e</p><p>VI - supervisionar e monitorar as atividades de execução orçamentária, financeira e contábil, no âmbito do Ministério." (NR)</p><p>"Art. 16. ...............................................................................................................</p><p>.........................................................................................................................................</p><p>VIII - instaurar processo de tomada de contas especial dos recursos do SUS alocados ao Fundo Nacional de Saúde;</p><p>IX - orientar, supervisionar e apoiar a formalização de instrumentos para o financiamento de investimentos em infraestrutura física, tecnológica e demais ações em saúde; e</p><p>X - estabelecer diretrizes sobre o registro eletrônico centralizado das informações de saúde referentes aos orçamentos públicos e sobre a gestão do Sistema de Informações sobre Orçamentos Públicos em Saúde." (NR)</p><p>"Art. 18. Ao Departamento de Cooperação Técnica, Inovação e Desenvolvimento em Saúde compete:</p><p>I - propor diretrizes e coordenar programas e projetos de cooperação técnica e desenvolvimento em saúde, com instituições nacionais e organismos internacionais;</p><p>II - definir estratégias e desenvolver ações para aprimoramento e inovação nos<strong></strong>modelos de gestão de programas e projetos de cooperação técnica no âmbito do Ministério;</p><p>........................................................................................................................................</p><p>V - promover, no âmbito do Ministério, ações para o aperfeiçoamento da capacidade gerencial de cooperação técnica em saúde;</p><p>VI - estabelecer metodologias e gerir instrumentos de controle, de monitoramento e de avaliação referentes a programas e projetos de cooperação técnica e desenvolvimento em saúde; e</p><p>VII - propor estudos, projetos e ações destinados à implementação de modelos inovadores e sustentáveis de oferta e financiamento de tecnologias em saúde para o SUS." (NR)</p><p>"Art. 19. ...............................................................................................................</p><p>........................................................................................................................................</p><p>III - cooperar com o processo de discussão da agenda do financiamento e alocação de recursos do SUS;</p><p>........................................................................................................................................</p><p>IX - sistematizar e divulgar informações sobre planejamento, regionalização e participação popular, com vistas ao aprimoramento da gestão compartilhada e da governança no SUS;</p><p>X - coordenar e orientar as ações e as atividades das Superintendências do Ministério da Saúde, referentes à articulação interfederativa e participativa;</p><p>XI - articular, integrar e promover ações para o fortalecimento dos movimentos sociais e suas entidades representativas, no âmbito do SUS; e</p><p>XII - promover ações de educação popular em saúde, no âmbito do SUS." (NR)</p><p>"Art. 20-A. Ao Departamento de Economia e Investimentos em Saúde compete:</p><p>I - fomentar e elaborar estudos em economia da saúde para subsidiar políticas, diretrizes, programas e projetos no âmbito do SUS;</p><p>II - coordenar ações de qualificação das informações econômicas para o aprimoramento da gestão do SUS;</p><p>III - fomentar e elaborar avaliações econômicas de políticas, programas, ações e projetos, no âmbito do SUS;</p><p>IV - formular diretrizes e implementar estratégias para qualificação de investimentos para o SUS;</p><p>V - propor estudos, projetos e ações destinados à implementação de modelos inovadores de financiamento de ações e serviços públicos em saúde;</p><p>VI - apoiar a elaboração de normas relacionadas à governança orçamentária e de financiamento na área da saúde;</p><p>VII - coordenar a gestão de custos e do Banco de Preços em Saúde para o SUS;</p><p>VIII - atuar como unidade catalogadora do Catálogo de Materiais no Ministério; e</p><p>IX - monitorar as despesas com ações e serviços públicos de saúde dos entes federativos." (NR)</p><p>"Art. 21. ...............................................................................................................</p><p>........................................................................................................................................</p><p>XI - articular e executar, em conjunto com as demais Secretarias do Ministério, medidas e ações de integração da atenção primária à saúde aos serviços de urgência e emergência, à atenção especializada e às ações de vigilância em saúde;</p><p>XII - desenvolver e propor estratégias de provimento da força de trabalho na atenção primária à saúde, de forma articulada com os entes federativos; e</p><p>XIII - reconhecer e apoiar práticas qualificadas de cuidado na atenção primária à saúde." (NR)</p><p>"Art. 22. Ao Departamento de Saúde da Família compete:</p><p>.............................................................................................................................." (NR)</p><p>"Art. 24. Ao Departamento de Promoção da Saúde compete:</p><p>.............................................................................................................................." (NR)</p><p>"Art. 24-A. Ao Departamento de Estratégias, Acreditação e Componentes da Atenção Primária à Saúde compete:</p><p>I - produzir informações gerenciais relacionadas à atenção primária à saúde e propor soluções de sistemas de informação para sua gestão e seu armazenamento;</p><p>II - apoiar o aperfeiçoamento da capacidade gerencial e operacional dos Estados, do Distrito Federal e dos Municípios, na implementação das políticas de atenção primária à saúde;</p><p>III - planejar, monitorar e avaliar os modelos de financiamento federal da atenção primária à saúde; e</p><p>IV - definir padrões de estruturação física dos modelos de Unidades Básicas de Saúde e unidades móveis vinculadas à atenção primária à saúde." (NR)</p><p>"Art. 31-C. À Diretoria da Força Nacional do SUS compete:</p><p>I - planejar, coordenar e executar as ações de preparação e resposta assistencial do SUS frente a emergências em saúde pública, desastres naturais, desassistência e demais situações de crise sanitária;</p><p>II - mobilizar e operar as equipes, os recursos logísticos e as estruturas móveis da Força Nacional do SUS, em articulação com as áreas técnicas do Ministério, da Defesa Civil, do Distrito Federal, dos Estados, dos Municípios e dos consórcios intermunicipais;</p><p>III - identificar, mapear e monitorar vazios assistenciais e territórios prioritários para atuação da Força Nacional do SUS, em articulação com as áreas de vigilância, atenção primária, saúde indígena e demais setores estratégicos;</p><p>IV - desenvolver, executar e apoiar ações permanentes de capacitação, formação e educação continuada para profissionais da Força Nacional do SUS e das redes locais de atenção especializada, em articulação com a Secretaria de Gestão do Trabalho e da Educação na Saúde, as instituições de ensino superior e as instituições formadoras;</p><p>V - elaborar e manter atualizados planos de contingência, protocolos assistenciais, fluxos operacionais e simulações para diferentes cenários de emergência;</p><p>VI - executar ações de recuperação e reabilitação assistencial nas regiões afetadas por emergências em saúde pública ou determinadas por decreto de calamidade pública;</p><p>VII - apoiar a integração federativa e interinstitucional das respostas assistenciais; e</p><p>VIII - apoiar a captação de recursos e parcerias para fortalecimento da resposta assistencial." (NR)</p><p>"Art. 32. À Secretaria de Ciência, Tecnologia e Inovação em Saúde compete:</p><p>I - .........................................................................................................................</p><p>a) à Ciência, Tecnologia e Inovação;</p><p>........................................................................................................................................</p><p>e) ao desenvolvimento público de tecnologias estratégicas para o SUS;</p><p>........................................................................................................................................</p><p>XV - supervisionar as ações da Instância Nacional e disseminar as diretrizes instituídas no âmbito do Sistema Nacional de Ética em Pesquisa com Seres Humanos;</p><p>.......................................................................................................................................</p><p>XVII - propor acordos e convênios com entidades e órgãos da administração pública, direta e indireta, do terceiro setor e do setor privado para a implementação e o fortalecimento do Complexo Econômico-Industrial da Saúde;</p><p>XVIII - estabelecer critérios para o fortalecimento e a expansão da pesquisa clínica no País, e promover a integração das iniciativas em saúde e inovação; e</p><p>XIX - formular, coordenar e implementar políticas e ações de compensação comercial e tecnológica no âmbito das contratações do SUS." (NR)</p><p>"Art. 33. Ao Departamento do Complexo Econômico-Industrial da Saúde compete:</p><p>.........................................................................................................................................</p><p>II - subsidiar a Secretaria na formulação, na implementação e na avaliação de políticas relativas à inovação, ao desenvolvimento e à produção de insumos e tecnologias em saúde, no âmbito do Complexo Econômico-Industrial da Saúde;</p><p>........................................................................................................................................</p><p>V - formular e coordenar as ações de fomento à produção nacional, pública e privada, de medicamentos, vacinas, hemoderivados, dispositivos médicos e outros insumos industriais;</p><p>VI - propor acordos e convênios com órgãos e entidades da administração pública, direta e indireta, do terceiro setor e do setor privado para a implementação das diretrizes e a consolidação de políticas em saúde, quanto ao Complexo Econômico-Industrial da Saúde;</p><p>........................................................................................................................................</p><p>VIII - contribuir com acordos internacionais nos temas relacionados ao Complexo Econômico-Industrial da Saúde;</p><p>IX - promover e articular, intersetorialmente, as políticas nacionais de saúde para o desenvolvimento tecnológico, transferências de tecnologia, produção e inovação em saúde, no âmbito do Complexo Econômico-Industrial da Saúde; e</p><p>X - fomentar e articular, intersetorialmente, as políticas nacionais para as cadeias de valor e produtivas no âmbito do Complexo Econômico e Industrial da Saúde." (NR)</p><p>"Art. 34. ...............................................................................................................</p><p>I - subsidiar a Secretaria na formulação de políticas, diretrizes e metas para as áreas e os temas estratégicos necessários à implementação de políticas em saúde no âmbito de suas competências;</p><p>..............................................................................................................................." (NR)</p><p>"Art. 35. ...............................................................................................................</p><p>I - subsidiar a formulação, a implementação e a avaliação da Política Nacional de Ciência e Tecnologia em Saúde;</p><p>........................................................................................................................................</p><p>XI - fomentar acordos, parcerias e iniciativas da Rede Brasileira de Pesquisa Clínica destinados à integração das ações de pesquisa clínica com as políticas nacionais de saúde e inovação; e</p><p>XII - coordenar e exercer o papel de Secretaria-Executiva da instância nacional de ética em pesquisa de que trata a Lei nº 14.874, de 28 de maio de 2024." (NR)</p><p>"Art. 52. ..............................................................................................................</p><p>I - formular e coordenar a política nacional de informação e saúde digital do SUS;</p><p>II - apoiar as Secretarias do Ministério, os gestores, os trabalhadores e os usuários do SUS no planejamento, no uso e na incorporação de produtos e serviços de informação e tecnologia da informação e comunicação - TIC, incluídos telessaúde, infraestrutura de TIC, desenvolvimento de<em>software</em>, interoperabilidade, integração e proteção de dados e disseminação de informações, inovação e incorporação de novas tecnologias digitais emergentes;</p><p>III - monitorar o portfólio de tecnologias de saúde digital do Ministério, inclusive os dicionários de dados, sistemas nacionais de informação em saúde, sistemas internos de gestão, tecnologias de telessaúde, padrões semânticos e tecnológicos e demais soluções de<em>hardware</em>e<em>software</em>;</p><p>IV - coordenar a Política Nacional de Monitoramento e Avaliação do SUS;</p><p>V - definir diretrizes para a gestão das estratégias, programas e iniciativas de prospecção e incorporação de tecnologias digitais, de ciência de dados, de inteligência artificial, de telessaúde e outras tecnologias digitais emergentes;</p><p>VI - monitorar a conformidade dos procedimentos adotados no âmbito do Ministério com a Política Nacional de Segurança da Informação, instituída pelo Decreto nº 12.572, de 4 de agosto de 2025;</p><p>VII - apoiar e coordenar a transformação digital do SUS; e</p><p>VIII - coordenar as ações de formação e educação permanente para ampliação da literacia digital e do uso crítico e consciente das tecnologias digitais.</p><p>.............................................................................................................................." (NR)</p><p>"Art. 53. Ao Departamento de Saúde Digital e Inovação compete:</p><p>I - estabelecer diretrizes para as estratégias e as ações de saúde digital e inovação no âmbito do SUS;</p><p>.......................................................................................................................................</p><p>III - formular e implementar estratégias e ações de saúde digital e inovação aplicadas à atenção integral à saúde no SUS;</p><p>.............................................................................................................................." (NR)</p><p>"Art. 54. ..............................................................................................................</p><p>I - coordenar a elaboração, a implementação, o monitoramento e a avaliação do Plano Diretor de Tecnologia da Informação, no que se refere a sistemas de informação e plataformas de interoperabilidade, no âmbito do Ministério;</p><p>.......................................................................................................................................</p><p>IX - coordenar a formulação e propor padrões de interoperabilidade da informação em saúde;</p><p>........................................................................................................................................</p><p>XIII - prover e gerir a infraestrutura de tecnologia da informação e comunicação no âmbito do Ministério;</p><p>XIV - coordenar e apoiar, no âmbito do Ministério, as atividades relacionadas ao Sistema de Administração dos Recursos de Tecnologia da Informação - Sisp;</p><p>XV - implementar e coordenar a Rede Nacional de Dados em Saúde - RNDS, plataforma de interoperabilidade do Ministério;</p><p>XVI - implementar e coordenar o fluxo de integração de dados em Saúde; e</p><p>XVII - definir padrões tecnológicos e semânticos para o desenvolvimento, a integração e a interoperabilidade de soluções de tecnologia da informação e comunicação e saúde digital, inclusive telessaúde, no âmbito do SUS." (NR)</p><p>"Art. 55. ..............................................................................................................</p><p>I - publicar o Plano de Dados Abertos do Ministério e coordenar sua execução, em conformidade com a Política de Dados Abertos do Poder Executivo federal;</p><p>........................................................................................................................................</p><p>VII - apoiar a formação e a capacitação de trabalhadores e gestores do SUS em monitoramento, avaliação e disseminação de informações estratégicas em saúde;</p><p>VIII - apoiar o desenvolvimento de metodologias e boas práticas relacionadas à gestão e à disseminação de informações estratégicas em saúde, à transparência ativa e ao acesso à informação pública de qualidade;</p><p>IX - fomentar as ações da Rede Interagencial de Informações para a Saúde - Ripsa no apoio ao monitoramento e na avaliação das políticas de saúde do SUS, no fortalecimento das análises de situação de saúde e seus determinantes e na discussão e elaboração de indicadores estratégicos; e</p><p>X - apoiar o desenvolvimento, a acessibilidade e a aplicação da ciência de dados e da inteligência artificial na tomada de decisões em saúde." (NR)</p><p>"Art. 56. Às Superintendências do Ministério da Saúde, que integram a estrutura da Secretaria-Executiva, subordinadas administrativamente à Subsecretaria de Assuntos Administrativos, compete coordenar a execução das atividades técnico-administrativas de apoio logístico, articulação interfederativa e participativa, transferência de recursos, gestão de pessoas e de cooperação entre os entes federativos, sob as diretrizes técnicas das unidades administrativas do nível central do Ministério." (NR)</p><p>"Art. 66-A. À Instância Nacional de Ética em Pesquisa cabe exercer as competências estabelecidas na Lei nº 14.874, de 28 de maio de 2024, e no Decreto nº 12.651, de 7 de outubro de 2025." (NR)</p><p>Art. 4º O Anexo II ao Decreto nº 11.798, de 28 de novembro de 2023, passa a vigorar na forma do Anexo III a este Decreto.</p><p>Art. 5º Ficam revogados os seguintes dispositivos:</p><p>I - do Anexo I ao Decreto nº 11.798, de 28 de novembro de 2023:</p><p>a) o item 5 da alínea "c" do inciso II do<em>caput</em>do art. 2º;</p><p>b) o parágrafo único do art. 4º;</p><p>c) o inciso II do<em>caput</em>do art. 9º;</p><p>d) do<em>caput</em>do art. 32:</p><p>1. o inciso III;</p><p>2. o inciso VIII;</p><p>3. o inciso XI; e</p><p>4. o inciso XVI;</p><p>e) o inciso I do<em>caput</em>do art. 33;</p><p>f) o inciso VI do<em>caput</em>do art. 35;</p><p>g) o art. 37;</p><p>h) os incisos IX e X do<em>caput</em>do art. 52;</p><p>i) do<em>caput</em>do art. 53:</p><p>1. o inciso II;</p><p>2. o inciso IV; e</p><p>3. os incisos VI e VII;</p><p>j) os incisos II e III do<em>caput</em>do art. 54;</p><p>II - o art. 3º do Decreto nº 12.036, de 28 de maio de 2024, na parte em que altera o art. 55 do Anexo I ao Decreto nº 11.798, de 28 de novembro de 2023; e</p><p>III - do Decreto nº 12.489, de 4 de junho de 2025:</p><p>a) o art. 3º, na parte em que altera os seguintes dispositivos do Anexo I ao Decreto nº 11.798, de 28 de novembro de 2023:</p><p>1. os itens 6 e 7 da alínea "b" do inciso II do<em>caput</em>do art. 2º; e</p><p>2. os incisos XI e XII do<em>caput</em>do art. 21; e</p><p>b) o art. 4º.</p><p>Art. 6º Este Decreto entra em vigor em 13 de novembro de 2025.</p><p>Brasília, 31 de outubro de 2025; 204º da Independência e 137º da República.</p><p class="assinaPr">LUIZ INÁCIO LULA DA SILVA</p><p class="assina">Esther Dweck</p><p class="assina">Alexandre Rocha Santos Padilha</p>]]></Texto>
  </body>
  <Midias />
</article></xml>