﻿<xml><article id="46236629" name="RESOLUCAO CCFCVS NA 493 DE 31 DE" idOficio="11379271" pubName="DO1" artType="Resolução" pubDate="03/11/2025" artClass="00028:00017:00000:00000:00000:00000:00000:00000:00000:00000:00064:00000" artCategory="Ministério da Fazenda/Conselho Curador do Fundo de Compensação de Variações Salariais" artSize="12" artNotes="ok" numberPage="48" pdfPage="http://pesquisa.in.gov.br/imprensa/jsp/visualiza/index.jsp?data=03/11/2025&amp;jornal=515&amp;pagina=48" editionNumber="209" highlightType="" highlightPriority="" highlight="" highlightimage="" highlightimagename="" idMateria="23276412">
  <body>
    <Identifica><![CDATA[ RESOLUÇÃO CCFCVS Nº 493, DE 31 DE OUTUBRO DE 2025]]></Identifica>
    <Data><![CDATA[]]></Data>
    <Ementa><![CDATA[Recurso administrativo contra negativa de cobertura emitida pela Administradora do FCVS.]]></Ementa>
    <Titulo />
    <SubTitulo />
    <Texto><![CDATA[<p class="identifica">RESOLUÇÃO CCFCVS Nº 493, DE 31 DE OUTUBRO DE 2025</p><p class="ementa">Recurso administrativo contra negativa de cobertura emitida pela Administradora do FCVS.</p><p>O CONSELHO CURADOR DO FUNDO DE COMPENSAÇÃO DE VARIAÇÕES SALARIAIS - CCFCVS, na forma do § 1º do artigo 27 da Lei nº 10.150, de 21 de dezembro de 2000, dos incisos XII e XIII do artigo 1º do Regulamento anexo ao Decreto nº 4.378, de 16 de setembro de 2002, e da Resolução CCFCVS nº 446, de 11 de novembro de 2019, em sua 138ª reunião ordinária, realizada em 31 de outubro de 2025, resolve:</p><p>Art. 1º Autorizar o pagamento em espécie no valor de R$ 70.693,25 (setenta mil, seiscentos e noventa e três reais e vinte e cinco centavos), pela cobertura securitária para o sinistro de Danos Físicos no Imóvel emitida pela Caixa Econômica Federal no processo nº 06/2025, número do sinistro 202400021, em nome de Maria Luiza Geanichini Silveira.</p><p>Art. 2º Esta Resolução entra em vigor na data de sua publicação.</p><p class="assina">CECÍLIA NAYARA ROSA MORAIS</p><p class="cargo">Presidente do Conselho</p>]]></Texto>
  </body>
  <Midias />
</article></xml>