﻿<xml><article id="46232107" name="Sgtes 143 - RMS -MARIANA BASTOS " idOficio="11378006" pubName="DO1" artType="Portaria" pubDate="03/11/2025" artClass="00047:00043:00000:00000:00000:00000:00000:00000:00000:00000:00054:00000" artCategory="Ministério da Saúde/Secretaria de Gestão do Trabalho e da Educação na Saúde" artSize="24" artNotes="" numberPage="93" pdfPage="http://pesquisa.in.gov.br/imprensa/jsp/visualiza/index.jsp?data=03/11/2025&amp;jornal=515&amp;pagina=93" editionNumber="209" highlightType="" highlightPriority="" highlight="" highlightimage="" highlightimagename="" idMateria="23273073">
  <body>
    <Identifica><![CDATA[ PORTARIA SGTES/MS Nº 143, DE 23 DE OUTUBRO DE 2025]]></Identifica>
    <Data><![CDATA[]]></Data>
    <Ementa><![CDATA[Altera o Anexo da Portaria SAPS/MS nº 53, de 29 de setembro de 2023, que divulga a lista dos nomes e respectivos Registros Únicos de médicos intercambistas participantes do Projeto Mais Médicos para o Brasil.]]></Ementa>
    <Titulo />
    <SubTitulo />
    <Texto><![CDATA[<p class="identifica">PORTARIA SGTES/MS Nº 143, DE 23 DE OUTUBRO DE 2025</p><p class="ementa">Altera o Anexo da Portaria SAPS/MS nº 53, de 29 de setembro de 2023, que divulga a lista dos nomes e respectivos Registros Únicos de médicos intercambistas participantes do Projeto Mais Médicos para o Brasil.</p><p>O SECRETÁRIO DE GESTÃO DO TRABALHO E DA EDUCAÇÃO NA SAÚDE, no uso da atribuição que lhe confere a Portaria da Casa Civil Nº 318, de 17 de março de 2025, e conforme atribuições pertinentes ao Projeto Mais Médicos para o Brasil, nos termos do art. 16, § 3º, da Lei nº 12.871, de 22 de outubro de 2013, do art. 1º, § 1º, do Decreto nº 8.126, de 22 de outubro de 2013, e dos arts. 6º e 7º da Portaria GM/MS, nº 2.477, de 22 de outubro de 2013, resolve:</p><p>Art. 1º O Anexo da Portaria SAPS/MS nº 49, de 3 de abril de 2019, que divulga a lista dos nomes e respectivos registros únicos de médicos intercambistas participantes do Projeto Mais Médicos para o Brasil, passa a vigorar com a seguinte alteração:</p><p>ONDE SE LÊ:</p><p /><p></p><table><tr /><tr><td rowspan="1" colspan="1"><p>PROCESSO</p></td><td rowspan="1" colspan="1"><p>CPF</p></td><td rowspan="1" colspan="1"><p>NOME</p></td><td rowspan="1" colspan="1"><p>RMS</p></td><td rowspan="1" colspan="1"><p>UF</p></td><td rowspan="1" colspan="1"><p>MUNICÍPIO</p></td></tr><tr><td rowspan="1" colspan="1"><p>25000.226161/2018-90</p></td><td rowspan="1" colspan="1"><p>XXX.519.205-XX</p></td><td rowspan="1" colspan="1"><p>MARIANA BASTOS MACHADO MARCAL E SILVA</p></td><td rowspan="1" colspan="1"><p>1501434</p></td><td rowspan="1" colspan="1"><p>PA</p></td><td rowspan="1" colspan="1"><p>BAGRE</p></td></tr></table><p>LEIA-SE:</p><p /><p></p><table><tr /><tr><td rowspan="1" colspan="1"><p>PROCESSO</p></td><td rowspan="1" colspan="1"><p>CPF</p></td><td rowspan="1" colspan="1"><p>NOME</p></td><td rowspan="1" colspan="1"><p>RMS</p></td><td rowspan="1" colspan="1"><p>UF</p></td><td rowspan="1" colspan="1"><p>MUNICÍPIO</p></td><td rowspan="1" colspan="1"><p>INÍCIO DAS ATIVIDADES</p></td></tr><tr><td rowspan="1" colspan="1"><p>25000.226161/2018-90</p></td><td rowspan="1" colspan="1"><p>XXX.519.205-XX</p></td><td rowspan="1" colspan="1"><p>MARIANA BASTOS MACHADO MARCAL E SILVA</p></td><td rowspan="1" colspan="1"><p>2505615</p></td><td rowspan="1" colspan="1"><p>PB</p></td><td rowspan="1" colspan="1"><p>SUME</p></td><td rowspan="1" colspan="1"><p>29/09/2025</p></td></tr></table><p>Art. 2º Esta Portaria entra em vigor na data de sua publicação.</p><p class="assina">FELIPE PROENÇO DE OLIVEIRA</p>]]></Texto>
  </body>
  <Midias />
</article></xml>