﻿<xml><article id="46234294" name="RDC 630 - para publicar_003" idOficio="11378399" pubName="DO1" artType="Decisão" pubDate="03/11/2025" artClass="00047:00047:00007:00001:00000:00000:00000:00000:00000:00000:00018:00005" artCategory="Ministério da Saúde/Agência Nacional de Saúde Suplementar/Diretoria Colegiada/Coordenadoria de Recursos e Assessoramento" artSize="24" artNotes="" numberPage="94" pdfPage="http://pesquisa.in.gov.br/imprensa/jsp/visualiza/index.jsp?data=03/11/2025&amp;jornal=515&amp;pagina=94" editionNumber="209" highlightType="" highlightPriority="" highlight="" highlightimage="" highlightimagename="" idMateria="23273598">
  <body>
    <Identifica />
    <Data><![CDATA[]]></Data>
    <Ementa />
    <Titulo />
    <SubTitulo />
    <Texto><![CDATA[<p /><p></p><table><tr /><tr><td rowspan="1" colspan="1"><p>33910.025814/2024-29</p></td><td rowspan="1" colspan="1"><p>UNIMED-RIO COOPERATIVA DE TRABALHO MÉDICO DO RIO DE JANEIRO</p></td><td rowspan="1" colspan="1"><p>DIPRO</p></td><td rowspan="1" colspan="1"><p>Art. 101 da RN 489/22</p></td><td rowspan="1" colspan="1"><p>88.000,00 (oitenta e oito mil reais)</p></td></tr><tr><td rowspan="1" colspan="1"><p>33910.006521/2023-61</p></td><td rowspan="1" colspan="1"><p>AMEPLAN ASSISTÊNCIA MÉDICA PLANEJADA LTDA</p></td><td rowspan="1" colspan="1"><p>DIPRO</p></td><td rowspan="1" colspan="1"><p>Art. 101 da RN 489/22</p></td><td rowspan="1" colspan="1"><p>52.800,00 (cinquenta e dois mil, oitocentos reais)</p></td></tr><tr><td rowspan="1" colspan="1"><p>33910.037914/2022-36</p></td><td rowspan="1" colspan="1"><p>UNIMED NORTE/NORDESTE-FEDERAÇÃO INTERFEDERATIVA DAS SOCIEDADES COOPERATIVAS DE TRABALHO MÉDICO EM RECUPERAÇÃO JUDICIAL</p></td><td rowspan="1" colspan="1"><p>DIPRO</p></td><td rowspan="1" colspan="1"><p>Art. 77 da RN 124/06</p></td><td rowspan="1" colspan="1"><p>35.200,00 (trinta e cinco mil e duzentos reais)</p></td></tr><tr><td rowspan="1" colspan="1"><p>33910.001145/2023-19</p></td><td rowspan="1" colspan="1"><p>ASSOCIAÇÃO DE SAÚDE PORTUGUESA DE BENEFICÊNCIA</p></td><td rowspan="1" colspan="1"><p>DIPRO</p></td><td rowspan="1" colspan="1"><p>Art. 101 da RN 489/22</p></td><td rowspan="1" colspan="1"><p>48.000,00 (quarenta e oito mil reais)</p></td></tr><tr><td rowspan="1" colspan="1"><p>33910.001623/2023-91</p></td><td rowspan="1" colspan="1"><p>OPERADORA UNICENTRAL DE PLANOS DE SAÚDE LTDA</p></td><td rowspan="1" colspan="1"><p>DIPRO</p></td><td rowspan="1" colspan="1"><p>Art. 101 da RN 489/22</p></td><td rowspan="1" colspan="1"><p>47.520,00 (quarenta e sete mil, quinhentos e vinte reais)</p></td></tr><tr><td rowspan="1" colspan="1"><p>33910.039965/2022-01</p></td><td rowspan="1" colspan="1"><p>UNIMED-RIO COOPERATIVA DE TRABALHO MÉDICO DO RIO DE JANEIRO</p></td><td rowspan="1" colspan="1"><p>DIPRO</p></td><td rowspan="1" colspan="1"><p>Art. 101 da RN 489/22</p></td><td rowspan="1" colspan="1"><p>88.000,00 (oitenta e oito mil reais)</p></td></tr><tr><td rowspan="1" colspan="1"><p>33910.037901/2022-67</p></td><td rowspan="1" colspan="1"><p>HAPVIDA ASSISTÊNCIA MÉDICA S.A</p></td><td rowspan="1" colspan="1"><p>DIPRO</p></td><td rowspan="1" colspan="1"><p>Art. 77 da RN 124/06</p></td><td rowspan="1" colspan="1"><p>79.200,00 (setenta e nove mil e duzentos reais)</p></td></tr><tr><td rowspan="1" colspan="1"><p>33910.004257/2023-21</p></td><td rowspan="1" colspan="1"><p>UNIMED-RIO COOPERATIVA DE TRABALHO MÉDICO DO RIO DE JANEIRO</p></td><td rowspan="1" colspan="1"><p>DIPRO</p></td><td rowspan="1" colspan="1"><p>Art. 101 da RN 489/22</p></td><td rowspan="1" colspan="1"><p>88.000,00 (oitenta e oito mil reais)</p></td></tr><tr><td rowspan="1" colspan="1"><p>33910.016505/2022-04</p></td><td rowspan="1" colspan="1"><p>UNIMED-RIO COOPERATIVA DE TRABALHO MÉDICO DO RIO DE JANEIRO</p></td><td rowspan="1" colspan="1"><p>DIPRO</p></td><td rowspan="1" colspan="1"><p>Art. 77 da RN 124/06</p></td><td rowspan="1" colspan="1"><p>79.200,00 (setenta e nove mil e duzentos reais)</p></td></tr><tr><td rowspan="1" colspan="1"><p>33910.024018/2022-15</p></td><td rowspan="1" colspan="1"><p>UNIMED DO ESTADO DE SÃO PAULO - FEDERAÇÃO ESTADUAL DAS COOP. MÉDICAS</p></td><td rowspan="1" colspan="1"><p>DIPRO</p></td><td rowspan="1" colspan="1"><p>Art. 77 da RN 124/06</p></td><td rowspan="1" colspan="1"><p>79.200,00 (setenta e nove mil e duzentos reais)</p></td></tr><tr><td rowspan="1" colspan="1"><p>33910.024318/2022-96</p></td><td rowspan="1" colspan="1"><p>HAPVIDA ASSISTÊNCIA MÉDICA S.A</p></td><td rowspan="1" colspan="1"><p>DIPRO</p></td><td rowspan="1" colspan="1"><p>Art. 77 da RN 124/06</p></td><td rowspan="1" colspan="1"><p>79.200,00 (setenta e nove mil e duzentos reais)</p></td></tr><tr><td rowspan="1" colspan="1"><p>33910.019581/2023-44</p></td><td rowspan="1" colspan="1"><p>UNIMED VERTENTE DO CAPARAÓ - COOPERATIVA DE TRABALHO MÉDICO LTDA</p></td><td rowspan="1" colspan="1"><p>DIPRO</p></td><td rowspan="1" colspan="1"><p>Art. 101 da RN 489/22</p></td><td rowspan="1" colspan="1"><p>158.400,00 (cento e cinquenta e oito mil, quatrocentos reais)</p></td></tr><tr><td rowspan="1" colspan="1"><p>33910.018389/2024-11</p></td><td rowspan="1" colspan="1"><p>UNIMED RIO COOP. TRABALHO MÉDICO DO RIO DE JANEIRO</p></td><td rowspan="1" colspan="1"><p>DIPRO</p></td><td rowspan="1" colspan="1"><p>Art. 101 da RN 489/22</p></td><td rowspan="1" colspan="1"><p>88.000,00 (oitenta e oito mil reais)</p></td></tr><tr><td rowspan="1" colspan="1"><p>33910.039217/2022-10</p></td><td rowspan="1" colspan="1"><p>HAPVIDA ASSISTÊNCIA MÉDICA S.A</p></td><td rowspan="1" colspan="1"><p>DIPRO</p></td><td rowspan="1" colspan="1"><p>Art. 101 da RN 489/22</p></td><td rowspan="1" colspan="1"><p>79.200,00 (setenta e nove mil e duzentos reais)</p></td></tr><tr><td rowspan="1" colspan="1"><p>33910.011385/2023-21</p></td><td rowspan="1" colspan="1"><p>HAPVIDA ASSISTÊNCIA MÉDICA S.A</p></td><td rowspan="1" colspan="1"><p>DIPRO</p></td><td rowspan="1" colspan="1"><p>Art. 101 da RN 489/22</p></td><td rowspan="1" colspan="1"><p>79.200,00 (setenta e nove mil e duzentos reais)</p></td></tr><tr><td rowspan="1" colspan="1"><p>33910.028414/2022-11</p></td><td rowspan="1" colspan="1"><p>UNIMED-SÃO GONÇALO - NITERÓI - SOC.COOP.SERV.MED E HOSP LTDA</p></td><td rowspan="1" colspan="1"><p>DIPRO</p></td><td rowspan="1" colspan="1"><p>Art. 77 da RN 124/06</p></td><td rowspan="1" colspan="1"><p>70.400,00 (setenta mil e quatrocentos reais)</p></td></tr><tr><td rowspan="1" colspan="1"><p>33910.012184/2022-61</p></td><td rowspan="1" colspan="1"><p>AMIL ASSISTÊNCIA MÉDICA INTERNACIONAL S.A.</p></td><td rowspan="1" colspan="1"><p>DIPRO</p></td><td rowspan="1" colspan="1"><p>Art. 78 da RN 124/06</p></td><td rowspan="1" colspan="1"><p>59.400,00 (cinquenta e nove mil e quatrocentos reais)</p></td></tr><tr><td rowspan="1" colspan="1"><p>33910.036001/2023-83</p></td><td rowspan="1" colspan="1"><p>UNIMED-RIO COOPERATIVA DE TRABALHO MÉDICO DO RIO DE JANEIRO</p></td><td rowspan="1" colspan="1"><p>DIOPE</p></td><td rowspan="1" colspan="1"><p>Art. 101 da RN 489/22</p></td><td rowspan="1" colspan="1"><p>88.000,00 (oitenta e oito mil reais)</p></td></tr><tr><td rowspan="1" colspan="1"><p>33910.028764/2023-51</p></td><td rowspan="1" colspan="1"><p>UNIMED DO SUDOESTE COOPERATIVA DE TRABALHO MÉDICO LTDA</p></td><td rowspan="1" colspan="1"><p>DIOPE</p></td><td rowspan="1" colspan="1"><p>Art. 101 da RN 489/22</p></td><td rowspan="1" colspan="1"><p>48.000,00 (quarenta e oito mil reais)</p></td></tr><tr><td rowspan="1" colspan="1"><p>33910.030209/2022-16</p></td><td rowspan="1" colspan="1"><p>HAPVIDA ASSISTENCIA MÉDICA S.A.</p></td><td rowspan="1" colspan="1"><p>DIOPE</p></td><td rowspan="1" colspan="1"><p>Art. 77 da RN 124/06</p></td><td rowspan="1" colspan="1"><p>255.200.000,00</p></td></tr><tr><td rowspan="1" colspan="1"><p>33910.024365/2022-30</p></td><td rowspan="1" colspan="1"><p>UNIMED NACIONAL - COOPERATIVA CENTRAL</p></td><td rowspan="1" colspan="1"><p>DIOPE</p></td><td rowspan="1" colspan="1"><p>Art. 77 da RN 124/06</p></td><td rowspan="1" colspan="1"><p>88.000,00 (oitenta e oito mil reais)</p></td></tr><tr><td rowspan="1" colspan="1"><p>33910.011041/2022-31</p></td><td rowspan="1" colspan="1"><p>AMIL ASSISTÊNCIA MÉDICA INTERNACIONAL S.A</p></td><td rowspan="1" colspan="1"><p>DIOPE</p></td><td rowspan="1" colspan="1"><p>Art. 77 da RN 124/06</p></td><td rowspan="1" colspan="1"><p>88.000,00 (oitenta e oito mil reais)</p></td></tr><tr><td rowspan="1" colspan="1"><p>33910.005895/2022-89</p></td><td rowspan="1" colspan="1"><p>SAÚDE BRASIL ASSISTÊNCIA MÉDICA LTDA</p></td><td rowspan="1" colspan="1"><p>DIOPE</p></td><td rowspan="1" colspan="1"><p>Art. 77 da RN 124/06</p></td><td rowspan="1" colspan="1"><p>48.000,00 (quarenta e oito mil reais)</p></td></tr><tr><td rowspan="1" colspan="1"><p>25772.002084/2006-18</p></td><td rowspan="1" colspan="1"><p>CAIXA DE ASSISTÊNCIA DOS FUNCIONÁRIOS DO BANCO DO BRASIL</p></td><td rowspan="1" colspan="1"><p>DIGES</p></td><td rowspan="1" colspan="1"><p>Art. 59 da RN 124/06</p></td><td rowspan="1" colspan="1"><p>Arquivamento</p></td></tr></table>]]></Texto>
  </body>
  <Midias />
</article></xml>