﻿<xml><article id="46237044" name="resolucao_4338_2025 CCMED GGFIS" idOficio="11379360" pubName="DO1" artType="Resolução" pubDate="03/11/2025" artClass="00047:00048:00016:00006:00000:00000:00000:00000:00000:00000:00064:34338" artCategory="Ministério da Saúde/Agência Nacional de Vigilância Sanitária/4ª Diretoria/Gerência-Geral de Inspeção e Fiscalização Sanitária" artSize="12" artNotes="" numberPage="133" pdfPage="http://pesquisa.in.gov.br/imprensa/jsp/visualiza/index.jsp?data=03/11/2025&amp;jornal=515&amp;pagina=133" editionNumber="209" highlightType="" highlightPriority="" highlight="" highlightimage="" highlightimagename="" idMateria="23276604">
  <body>
    <Identifica><![CDATA[ RESOLUÇÃO-RE nº 4.338, DE 31 DE OUTUBRO DE 2025]]></Identifica>
    <Data><![CDATA[]]></Data>
    <Ementa />
    <Titulo />
    <SubTitulo />
    <Texto><![CDATA[<p class="identifica">RESOLUÇÃO-RE nº 4.338, DE 31 DE OUTUBRO DE 2025</p><p>O GERENTE-GERAL DE INSPEÇÃO E FISCALIZAÇÃO SANITÁRIA DA AGÊNCIA NACIONAL DE VIGILÂNCIA SANITÁRIA, no uso das atribuições que lhe confere o art. 140, aliado ao art. 203, I, § 1º do Regimento Interno aprovado pela Resolução da Diretoria Colegiada - RDC nº 585, de 10 de dezembro de 2021, e</p><p>considerando o cumprimento dos requisitos de Boas Práticas de Fabricação verificado por meio dos procedimentos específicos previstos pela Instrução Normativa - IN Nº 292, de 2 de maio de 2024, resolve:</p><p>Art. 1º Renovar a Certificação de Boas Práticas de Fabricação de Medicamentos das empresas constantes no ANEXO.</p><p>Art. 2º Esta Resolução entra em vigor na data de 6 de novembro de 2025.</p><p class="assina">Marcus Aurélio Miranda de Araújo</p><p class="anexo">ANEXO</p><p>EMPRESA FABRICANTE: ALEMBIC PHARMACEUTICALS LIMITED</p><p>ENDEREÇO: VILLAGE: PANELAV, P.O. TAJPURA, NEAR BASKA, TALUKA- HALOL, PANCHMAHAL-GUJARAT- 389350 - PAÍS: ÍNDIA - CÓDIGO ÚNICO: A.000923</p><p>EMPRESA SOLICITANTE: RANBAXY FARMACÊUTICA LTDA - CNPJ: 73.663.650/0001-90</p><p>AUTORIZ/MS: 1023528 - EXPEDIENTE(s): 0575528/25-7</p><p>CERTIFICADO DE BOAS PRÁTICAS DE FABRICAÇÃO DE MEDICAMENTOS: Sólidos não estéreis: Comprimidos; Comprimidos Revestidos; Cápsulas</p><p>Data de Vencimento: 06/11/2027</p><p>.........................................</p><p>EMPRESA FABRICANTE: SUN PHARMACEUTICAL INDUSTRIES LIMITED.</p><p>ENDEREÇO: VILLAGE GANGUWALA, PAONTA SAHIB 173 025, DISTRICT SIRMOUR, HIMACHAL PRADESH. - PAÍS: ÍNDIA - CÓDIGO ÚNICO: A.000928</p><p>EMPRESA SOLICITANTE: RANBAXY FARMACÊUTICA LTDA - CNPJ: 73.663.650/0001-90</p><p>AUTORIZ/MS: 1023528 - EXPEDIENTE(s): 0562479/25-2</p><p>CERTIFICADO DE BOAS PRÁTICAS DE FABRICAÇÃO DE MEDICAMENTOS: Sólidos não estéreis: Comprimidos; Comprimidos Revestidos; Cápsulas; Cápsulas Moles</p><p>Data de Vencimento: 06/11/2027</p>]]></Texto>
  </body>
  <Midias />
</article></xml>