﻿<xml><article id="46231936" name="resolucao_4328_2025 GGTOX" idOficio="11377950" pubName="DO1" artType="Resolução" pubDate="03/11/2025" artClass="00047:00048:00015:00011:00000:00000:00000:00000:00000:00000:00064:34328" artCategory="Ministério da Saúde/Agência Nacional de Vigilância Sanitária/3ª Diretoria/Gerência-Geral de Toxicologia" artSize="12" artNotes="" numberPage="126" pdfPage="http://pesquisa.in.gov.br/imprensa/jsp/visualiza/index.jsp?data=03/11/2025&amp;jornal=515&amp;pagina=126" editionNumber="209" highlightType="" highlightPriority="" highlight="" highlightimage="" highlightimagename="" idMateria="23272850">
  <body>
    <Identifica><![CDATA[ RESOLUÇÃO-RE Nº 4.328, DE 30 DE OUTUBRO DE 2025]]></Identifica>
    <Data><![CDATA[]]></Data>
    <Ementa />
    <Titulo />
    <SubTitulo />
    <Texto><![CDATA[<p class="identifica">RESOLUÇÃO-RE Nº 4.328, DE 30 DE OUTUBRO DE 2025</p><p>A GERENTE-GERAL DE TOXICOLOGIA DA AGÊNCIA NACIONAL DE VIGILÂNCIA SANITÁRIA no uso das atribuições que lhe confere o art.114, aliado ao art. 203, I, § 1º do Regimento Interno aprovado pela Resolução da Diretoria Colegiada - RDC nº 585, de 10 de dezembro de 2021, resolve:</p><p>Art. 1º Reprovar os atos de avaliação toxicológica para fins de pós-registro de produtos agrotóxicos, componentes e afins, identificados no anexo, com o respectivo resultado da análise.</p><p>Art. 2º A publicação do extrato desta avaliação de resíduos não exime a requerente do cumprimento das demais avaliações procedidas pelos órgãos responsáveis pelas áreas de agricultura e de meio ambiente, conforme legislação vigente no país, aplicável ao objeto do requerimento.</p><p>Art. 3º Esta Resolução entra em vigor na data de sua publicação.</p><p class="assina">CÁSSIA DE FÁTIMA RANGEL FERNANDES</p><p class="anexo">ANEXO</p><p>RAZÃO SOCIAL - CNPJ</p><p>MARCA COMERCIAL</p><p>NÚMERO DO PROCESSO</p><p>PETIÇÃO(ÕES), EXPEDIENTE(S)</p><p>-----------------------------</p><p>AGRIVALLE BRASIL INDUSTRIA E COMERCIO DE PRODUTOS AGRICOLAS SA - 05.470.581/0002-20</p><p>P&amp;D149</p><p>25351.486920/2023-59</p><p>5138 - Avaliação Toxicológica para pós-Registro de agrotóxicos de origem biológica, 1167747/25-9</p><p>-----------------------------</p><p>Indigo Brazil Agricultura Ltda - 28.689.723/0001-69</p><p>BIOTRINSIC N465 WP . INDIGO 465, BIOTRINSIC DEFENDER, NEMABLOCKER</p><p>25351.151979/2024-18</p><p>5138 - Avaliação Toxicológica para pós-Registro de agrotóxicos de origem biológica, 1200419/25-1</p><p>-----------------------------</p><p>GLOBACHEM PROTECAO DE CULTIVOS DO BRASIL LTDA - 43.741.357/0001-33</p><p>SIGOLI</p><p>25351.869637/2023-69</p><p>5138 - Avaliação Toxicológica para pós-Registro de agrotóxicos de origem biológica, 1158805/25-0</p><p>-----------------------------</p><p>Koppert do Brasil Holding S.A. - 11.074.190/0001-08</p><p>TRICHODERMIL FS</p><p>25351.458260/2024-05</p><p>5138 - Avaliação Toxicológica para pós-Registro de agrotóxicos de origem biológica, 1178998/25-8</p><p>-----------------------------</p><p>MASSEN PRODUTOS BIOLOGICOS SA. - 26.918.077/0001-39</p><p>P&amp;D149B</p><p>25351.656323/2023-06</p><p>5138 - Avaliação Toxicológica para pós-Registro de agrotóxicos de origem biológica, 1188131/25-7</p><p>-----------------------------</p><p>Stoller do Brasil Ltda. - 54.995.261/0001-18</p><p>RRE-03</p><p>25351.870074/2023-51</p><p>5138 - Avaliação Toxicológica para pós-Registro de agrotóxicos de origem biológica, 1022949/25-0</p><p>5138 - Avaliação Toxicológica para pós-Registro de agrotóxicos de origem biológica, 1181222/25-7</p>]]></Texto>
  </body>
  <Midias />
</article></xml>