﻿<xml><article id="46234211" name="Portaria 1846 - Parana" idOficio="11378626" pubName="DO1" artType="Portaria" pubDate="03/11/2025" artClass="00048:00046:00000:00000:00000:00000:00000:00000:00000:00000:00054:00000" artCategory="Ministério do Trabalho e Emprego/Superintendência Regional do Trabalho e Emprego no Estado do Paraná" artSize="12" artNotes="" numberPage="148" pdfPage="http://pesquisa.in.gov.br/imprensa/jsp/visualiza/index.jsp?data=03/11/2025&amp;jornal=515&amp;pagina=148" editionNumber="209" highlightType="" highlightPriority="" highlight="" highlightimage="" highlightimagename="" idMateria="23273869">
  <body>
    <Identifica><![CDATA[ Portaria srte/pr/MTE Nº 1.846, DE 31 DE outubro DE 2025]]></Identifica>
    <Data><![CDATA[]]></Data>
    <Ementa><![CDATA[ Convoca a Etapa no Estado do Paraná, da II Conferência Nacional do Trabalho - II CNT.]]></Ementa>
    <Titulo />
    <SubTitulo />
    <Texto><![CDATA[<p class="identifica">Portaria srte/pr/MTE Nº 1.846, DE 31 DE outubro DE 2025</p><p class="ementa">Convoca a Etapa no Estado do Paraná, da II Conferência Nacional do Trabalho - II CNT.</p><p>A SUPERINTENDENTE REGIONAL DO TRABALHO E EMPREGO NO ESTADO DO PARANÁ, no uso das atribuições que lhe foram conferidas pela Portaria nº 816, de 24 de março de 2023, pelo parágrafo único da Portaria MTE nº 1.110, de 30 de junho de 2025, publicada no DOU de 1º de julho de 2025, e tendo em vista o disposto no processo SEI nº 13068.206402/2025-40, resolve:</p><p>Art. 1º Convocar a Etapa Estadual no Estado do Paraná, da II Conferência Nacional do Trabalho,a ser realizada em 03 de dezembro de 2025, das 8:00 às 18:00 hs, no auditório localizado no prédio sede da Superintendência Regional da Polícia Rodoviária Federal no Paraná, situado à Avenida Linha Verde, nº 10150, BR-476, Prado Velho, Curitiba/PR.</p><p>Art. 2º Esta Portaria entra em vigor na data de sua publicação.</p><p class="assina">REGINA PERPÉTUA CRUZ</p>]]></Texto>
  </body>
  <Midias />
</article></xml>