﻿<xml><article id="46231024" name="Port 1406 P" idOficio="11377811" pubName="DO1" artType="Portaria" pubDate="03/11/2025" artClass="00017:00028:00001:00000:00000:00000:00000:00000:00000:00000:00054:00000" artCategory="Ministério do Desenvolvimento Agrário e Agricultura Familiar/Instituto Nacional de Colonização e Reforma Agrária/Gabinete" artSize="12" artNotes="" numberPage="35" pdfPage="http://pesquisa.in.gov.br/imprensa/jsp/visualiza/index.jsp?data=03/11/2025&amp;jornal=515&amp;pagina=35" editionNumber="209" highlightType="" highlightPriority="" highlight="" highlightimage="" highlightimagename="" idMateria="23272266">
  <body>
    <Identifica><![CDATA[ PORTARIA Nº 1.406, DE 30 DE OUTUBRO DE 2025]]></Identifica>
    <Data><![CDATA[]]></Data>
    <Ementa><![CDATA[ Retifica área do Projeto de Assentamento Lindopho Silva, código SIPRA, MF0199000, localizado no município de Petrolina, no estado de Pernambuco.]]></Ementa>
    <Titulo />
    <SubTitulo />
    <Texto><![CDATA[<p class="identifica">PORTARIA Nº 1.406, DE 30 DE OUTUBRO DE 2025</p><p class="ementa">Retifica área do Projeto de Assentamento Lindopho Silva, código SIPRA, MF0199000, localizado no município de Petrolina, no estado de Pernambuco.</p><p>O PRESIDENTE DO INSTITUTO NACIONAL DE COLONIZAÇÃO E REFORMA AGRÁRIA - INCRA, no uso das atribuições que lhes são conferidas pelo Decreto n.º 11.232, de 10 de outubro de 2022, alterado pelo Decreto n.º 12.171, de 09 de setembro de 2024, combinado com o art. 143 do Regimento Interno da Autarquia, aprovado pela Portaria n.º 925, de 30 de dezembro de 2024, publicada no Diário Oficial da União do dia 31 de dezembro de 2024; e</p><p>Considerando que os órgãos da Superintendência Regional do Médio São Francisco - SR(29)MSF e da Diretoria de Obtenção de Terras - DT, que procederam à análise do processo administrativo n.º 54141.002248/2006-23 e decidiram pela regularidade da retificação de informações na Portaria/INCRA/Nº 43, de 27 de novembro de 2006, publicada no Diário Oficial da União n.º 230, de 01 de dezembro de 2006, que criou o Projeto de Assentamento Lindopho Silva, código SIPRA, MF0199000, localizado no município de Petrolina, no estado de Pernambuco;</p><p>Considerando a conformidade das informações do Projeto de Assentamento, a base cartográfica da SR(29)MSF e a Nota Técnica n.º 4310/2025/SR(29)MSF-T2/SR(29)MSF-T/SR(29)MSF/INCRA (25964740);</p><p>resolve:</p><p>Art. 1º Retificar a área de 945,5232 ha (novecentos e quarenta e cinco hectares, cinquenta e dois ares e trinta e dois centiares), constante da Portaria/INCRA/Nº 43, de 27 de novembro de 2006, publicada no Diário Oficial da União nº 230, Seção 1, pág. 92 de 01 de dezembro de 2006, que criou o Projeto de Assentamento Lindopho Silva, código SIPRA MF0199000, localizado no município de Petrolina, no estado do Pernambuco, para a área de 943,6201 ha (novecentos e quarenta e três hectares, sessenta e dois ares e um centiare), em conformidade com a base cartográfica da SR(29)MSF.</p><p>Art. 2º Esta Portaria entra em vigor na data de sua publicação.</p><p class="assina">CÉSAR FERNANDO SCHIAVON ALDRIGHI</p>]]></Texto>
  </body>
  <Midias />
</article></xml>