﻿<xml><article id="46225813" name="ATO NA 16070" idOficio="11377369" pubName="DO1" artType="Ato" pubDate="03/11/2025" artClass="00014:00019:00014:00156:00000:00000:00000:00000:00000:00000:00006:00000" artCategory="Ministério das Comunicações/Agência Nacional de Telecomunicações/Superintendência de Fiscalização/Gerência Regional no Estado de São Paulo" artSize="12" artNotes="" numberPage="29" pdfPage="http://pesquisa.in.gov.br/imprensa/jsp/visualiza/index.jsp?data=03/11/2025&amp;jornal=515&amp;pagina=29" editionNumber="209" highlightType="" highlightPriority="" highlight="" highlightimage="" highlightimagename="" idMateria="23271625">
  <body>
    <Identifica><![CDATA[ ATO Nº 16.070, DE 29 DE OUTUBRO DE 2025]]></Identifica>
    <Data><![CDATA[]]></Data>
    <Ementa />
    <Titulo />
    <SubTitulo />
    <Texto><![CDATA[<p class="identifica">ATO Nº 16.070, DE 29 DE OUTUBRO DE 2025</p><p>Processo nº 53504.001925/2025-20. Extinguir, por cassação, a "Autorização de Serviço" emitida por meio de adaptação e consolidação à entidade RÁDIO ITAIPÚ DE MARÍLIA LTDA, CNPJ: 46.174.496/0001-10, para explorar o Serviço de Interesse Restrito (002), e concomitantemente a extinção do Banco de Dados Técnicos e Administrativos - BDTA, relativa a prestação do serviço atrelado, sendo este o Serviço Auxiliar de Radiodifusão e Correlatos - Transmissão de Programas (251) (RF vencida em 20/02/2019), com a consequente exclusão do FISTEL vinculado, assim como, da respectiva "Autorização de Uso de Radiofrequências".</p><p class="assina">MARCELO AUGUSTO SCACABAROZI</p><p class="cargo">Gerente</p>]]></Texto>
  </body>
  <Midias />
</article></xml>