﻿<xml><article id="45713592" name="PORTARIA N 1.450 SINC 23160121" idOficio="11315482" pubName="DO2" artType="Portaria" pubDate="01/10/2025" artClass="00033:00002:00000:00000:00000:00000:00000:00000:00000:00000:00017:00007" artCategory="Ministério da Justiça e Segurança Pública/Secretaria Executiva" artSize="12" artNotes="" numberPage="73" pdfPage="http://pesquisa.in.gov.br/imprensa/jsp/visualiza/index.jsp?data=01/10/2025&amp;jornal=529&amp;pagina=73" editionNumber="187" highlightType="" highlightPriority="" highlight="" highlightimage="" highlightimagename="" idMateria="23160121">
  <body>
    <Identifica><![CDATA[ PORTARIA DE PESSOAL SE/MJSP N° 1.450, DE 26 DE SETEMBRO DE 2025]]></Identifica>
    <Data><![CDATA[]]></Data>
    <Ementa />
    <Titulo />
    <SubTitulo />
    <Texto><![CDATA[<p class="identifica">PORTARIA DE PESSOAL SE/MJSP N° 1.450, DE 26 DE SETEMBRO DE 2025</p><p>O SECRETÁRIO-EXECUTIVO DO MINISTÉRIO DA JUSTIÇA E SEGURANÇA PÚBLICA, no uso da competência que lhe foi subdelegada pelo art. 3º, inciso I, da Portaria nº 665, de 24 de junho de 2024, do Ministério da Justiça e Segurança Pública, resolve:</p><p>Designar o Delegado de Polícia Federal FELIPE VIANNA DE MENEZES para exercer a função de Coordenador de Supervisão de Operações e Pesquisas da Diretoria de Investigação e Combate ao Crime Organizado e à Corrupção da Polícia Federal, código FCE 1.10.</p><p class="assina">MANOEL CARLOS DE ALMEIDA NETO</p>]]></Texto>
  </body>
  <Midias />
</article></xml>