﻿<xml><article id="45708403" name="ATO Portaria NA 192" idOficio="11314431" pubName="DO2" artType="Portaria" pubDate="01/10/2025" artClass="00070:00001:00002:00000:00000:00000:00000:00000:00000:00000:00017:00000" artCategory="Poder Judiciário/Supremo Tribunal Federal/Presidência" artSize="12" artNotes="" numberPage="122" pdfPage="http://pesquisa.in.gov.br/imprensa/jsp/visualiza/index.jsp?data=01/10/2025&amp;jornal=529&amp;pagina=122" editionNumber="187" highlightType="" highlightPriority="" highlight="" highlightimage="" highlightimagename="" idMateria="23158720">
  <body>
    <Identifica><![CDATA[ Portaria Nº 192, DE 29 DE setembro DE 2025]]></Identifica>
    <Data><![CDATA[]]></Data>
    <Ementa />
    <Titulo />
    <SubTitulo />
    <Texto><![CDATA[<p class="identifica">Portaria Nº 192, DE 29 DE setembro DE 2025</p><p>O PRESIDENTE DO SUPREMO TRIBUNAL FEDERAL, no uso de suas atribuições e tendo em vista os arts. 9º, II, e 35, I, da Lei n° 8.112, de 11 de dezembro de 1990, resolve:</p><p>Nomear MIGUEL CARVALHAES PINHEIRO ANTUNES MACIEL MÜSSNICH para exercer o cargo em comissão de Assessor de Ministro, nível CJ-3, no Gabinete do Ministro Alexandre de Moraes, ficando exonerado do cargo em comissão que atualmente ocupa.</p><p class="assina">Min EDSON FACHIN</p>]]></Texto>
  </body>
  <Midias />
</article></xml>