﻿<xml><article id="45708814" name="595- Redistribuicao - SIMONE FER" idOficio="11292189" pubName="DO2" artType="Portaria" pubDate="01/10/2025" artClass="00070:00018:00000:00000:00000:00000:00000:00000:00000:00000:00017:00001" artCategory="Poder Judiciário/Tribunal Regional Eleitoral da Bahia" artSize="12" artNotes="" numberPage="126" pdfPage="http://pesquisa.in.gov.br/imprensa/jsp/visualiza/index.jsp?data=01/10/2025&amp;jornal=529&amp;pagina=126" editionNumber="187" highlightType="" highlightPriority="" highlight="" highlightimage="" highlightimagename="" idMateria="23121665">
  <body>
    <Identifica><![CDATA[ PORTARIA TRE-BA Nº 595, DE 11 DE SETEMBRO DE 2025]]></Identifica>
    <Data><![CDATA[]]></Data>
    <Ementa />
    <Titulo />
    <SubTitulo />
    <Texto><![CDATA[<p class="identifica">PORTARIA TRE-BA Nº 595, DE 11 DE SETEMBRO DE 2025</p><p>O PRESIDENTE DO TRIBUNAL REGIONAL ELEITORAL DA BAHIA, no uso de suas atribuições, considerando o disposto no art. 37 da Lei nº 8.112, de 11.12.1990, na Resolução nº 146/2012 do Conselho Nacional de Justiça (CNJ), na Resolução nº 23.701/2022 do TSE e na Instrução Normativa nº 01/2016 deste Tribunal, e o constante no Processo SEI nº 0007436-95.2025.6.05.8146, resolve:</p><p>Art. 1º Redistribuir o cargo efetivo de Analista Judiciário - Área Administrativa, do quadro de pessoal deste Tribunal, criado pela Lei nº 8.868/1994, ocupado por Simone Fernandes de Souza Foscarini, para o Tribunal Regional Eleitoral de Santa Catarina (TRE-SC) com o cargo de Analista Judiciário - Área Judiciária do Tribunal Regional Eleitoral de Santa Catarina (TRE-SC), ocupado por Carolyne Caetano Santos do Rosário, que terá lotação na 146ª Zona Eleitoral/Iguaí.</p><p>Art. 2º Conceder à servidora Carolyne Caetano Santos do Rosário 30 (trinta) dias para trânsito, a contar da publicação da portaria de redistribuição, conforme previsto no art. 18 da Lei n.º 8.112/1990.</p><p class="assina">Des. ABELARDO PAULO DA MATTA NETO</p>]]></Texto>
  </body>
  <Midias />
</article></xml>