﻿<xml><article id="45709564" name="PORTARIA N 50_23150268" idOficio="11309296" pubName="DO2" artType="Portaria" pubDate="01/10/2025" artClass="00047:00002:00021:00028:00005:00000:00000:00000:00000:00000:00017:00000" artCategory="Ministério da Saúde/Secretaria Executiva/Subsecretaria de Assuntos Administrativos/Superintendência Estadual do Ministério da Saúde em Tocantins/Serviço de Gestão de Pessoas" artSize="12" artNotes="" numberPage="105" pdfPage="http://pesquisa.in.gov.br/imprensa/jsp/visualiza/index.jsp?data=01/10/2025&amp;jornal=529&amp;pagina=105" editionNumber="187" highlightType="" highlightPriority="" highlight="" highlightimage="" highlightimagename="" idMateria="23150268">
  <body>
    <Identifica><![CDATA[ PORTARIA SEGEP/TO Nº 50, DE 22 DE SETEMBRO DE 2025]]></Identifica>
    <Data><![CDATA[]]></Data>
    <Ementa />
    <Titulo />
    <SubTitulo />
    <Texto><![CDATA[<p class="identifica">PORTARIA SEGEP/TO Nº 50, DE 22 DE SETEMBRO DE 2025</p><p>A Chefe do Serviço de Gestão de Pessoas da Superintendência Estadual do Ministério da Saúde no Tocantins, nomeada pela Portaria GM/MS nº 1.140, de 12/06/2023, publicada no DOU-2 nº 110 de 13/06/2023 pág: 66, no uso de suas atribuições que lhe confere o artigo 69 do Anexo I do Decreto nº 11.798, de 28 de novembro de 2023, e o artigo 183, incisos III e IV, do Anexo III, da Portaria nº 1.419, de 08 de junho de 2017, e artigo 1º da Portaria SAA nº 1.804, de 1° de Outubro de 2013, resolve:</p><p>Art. 1º - Conceder Aposentadoria Voluntária ao servidor RUBENS ALVES DOS SANTOS, matrícula SIAPE n° 047860, ocupante do Cargo efetivo de Auxiliar de Serviços Gerais, nível intermediário, Classe "S", Padrão "V, do Quadro de Pessoal Permanente do Ministério da Saúde, cedido ao SUS, com fundamento na EC 103/2019 Art. 20 §2º inciso I - Pedágio Paridade (Processo nº 25026.000401/2025-69).</p><p>Art. 2º - Declarar vago o cargo.</p><p class="assina">EDNA DA COSTA BARROS</p>]]></Texto>
  </body>
  <Midias />
</article></xml>