﻿<xml><article id="45709681" name="IFMG_RTF_Portaria_5363" idOficio="11314598" pubName="DO2" artType="Portaria" pubDate="01/10/2025" artClass="00025:00071:00000:00000:00000:00000:00000:00000:00000:00000:00017:00000" artCategory="Ministério da Educação/Instituto Federal de Educação, Ciência e Tecnologia de Minas Gerais" artSize="12" artNotes="" numberPage="33" pdfPage="http://pesquisa.in.gov.br/imprensa/jsp/visualiza/index.jsp?data=01/10/2025&amp;jornal=529&amp;pagina=33" editionNumber="187" highlightType="" highlightPriority="" highlight="" highlightimage="" highlightimagename="" idMateria="23158999">
  <body>
    <Identifica><![CDATA[ PORTARIA Nº 5.363/IFMG, DE 29 DE SETEMBRO DE 2025]]></Identifica>
    <Data><![CDATA[]]></Data>
    <Ementa />
    <Titulo />
    <SubTitulo />
    <Texto><![CDATA[<p class="identifica">PORTARIA Nº 5.363/IFMG, DE 29 DE SETEMBRO DE 2025</p><p>O REITOR DO INSTITUTO FEDERAL DE EDUCAÇÃO, CIÊNCIA E TECNOLOGIA DE MINAS GERAIS, no uso das atribuições que lhe são conferidas pelo Estatuto da Instituição, republicado com alterações no Diário Oficial da União do dia 08/05/2018, Seção 1, Páginas 09 e 10, e pelo Decreto de 11 de setembro de 2023, publicado no DOU de 12 de setembro de 2023, Seção 2, Edição nº 174, página 01 e o que consta no Processo nº 23825.001074/2025-21, resolve</p><p>Art. 1º Declarar a Vacância do servidor SANDER ALEX DE ARAUJO PINTO, SIAPE nº 3382504, SIAPECAD nº 02454707, na forma do art. 33, inciso VIII, da Lei nº 8.112/90, a partir do dia 01 de outubro de 2025, do cargo de Técnico em Contabilidade, Código de Vaga nº 0835525, do Quadro de Pessoal Permanente do Instituto Federal de Educação, Ciência e Tecnologia de Minas Gerais - Campus Ibirité, tendo em vista a sua posse em outro cargo inacumulável.</p><p>Art. 2º Determinar que a Pró-Reitoria de Gestão de Pessoas adote as providências cabíveis à aplicação desta Portaria.</p><p>Art. 3º Esta Portaria entra em vigor na data de sua publicação.</p><p class="assina">RAFAEL BASTOS TEIXEIRA</p>]]></Texto>
  </body>
  <Midias />
</article></xml>