﻿<xml><article id="45712766" name="PORTARIA DE PESSOAL NA 214 DE 26" idOficio="11315297" pubName="DO2" artType="Portaria" pubDate="01/10/2025" artClass="00047:00047:00000:00000:00000:00000:00000:00000:00000:00000:00017:00000" artCategory="Ministério da Saúde/Agência Nacional de Saúde Suplementar" artSize="12" artNotes="" numberPage="108" pdfPage="http://pesquisa.in.gov.br/imprensa/jsp/visualiza/index.jsp?data=01/10/2025&amp;jornal=529&amp;pagina=108" editionNumber="187" highlightType="" highlightPriority="" highlight="" highlightimage="" highlightimagename="" idMateria="23159927">
  <body>
    <Identifica><![CDATA[ PORTARIA DE PESSOAL ANS Nº 214, DE 26 DE SETEMBRO DE 2025]]></Identifica>
    <Data><![CDATA[]]></Data>
    <Ementa />
    <Titulo />
    <SubTitulo />
    <Texto><![CDATA[<p class="identifica">PORTARIA DE PESSOAL ANS Nº 214, DE 26 DE SETEMBRO DE 2025</p><p>O DIRETOR-PRESIDENTE DA AGÊNCIA NACIONAL DE SAÚDE SUPLEMENTAR, no uso das atribuições legais que lhe conferem o inciso VI do art. 11 da Lei n.º 9.961, de 28 de janeiro de 2000 e o inciso VI do art. 11 do Regulamento aprovado pelo Decreto n.º 3.327, de 5 de janeiro de 2000, resolve:</p><p>Na portaria de pessoal nº 212 Art. 1º, de 24/09/2025 publicada na Seção 2, página 54, do DOU Nº 183 de 25/09/2025, onde se lê: "...ficando dispensada a servidora ALESSANDRA BEATRIZ MIRANDA LIMA DE ABREU, Matrícula SIAPE nº 2528336, do referido encargo de substituta.,". Leia-se: "...ficando dispensada, a pedido, a servidora ALESSANDRA BEATRIZ MIRANDA LIMA DE ABREU, Matrícula SIAPE nº 2528336, do referido encargo de substituta.,".</p><p>Na portaria de pessoal nº 212 Art. 2º, de 24/09/2025 publicada na Seção 2, página 54, do DOU Nº 183 de 25/09/2025, onde se lê: "...ficando dispensada a servidora ALESSANDRA BEATRIZ MIRANDA LIMA DE ABREU, Matrícula SIAPE nº 2528336, do referido encargo de substituta.,". Leia-se: "...ficando dispensada, a pedido, a servidora ALESSANDRA BEATRIZ MIRANDA LIMA DE ABREU, Matrícula SIAPE nº 2528336, do referido encargo de substituta.,".</p><p class="assina">WADIH NEMER DAMOUS FILHO</p>]]></Texto>
  </body>
  <Midias />
</article></xml>