﻿<xml><article id="45709330" name="Port. APO - 8615" idOficio="11308094" pubName="DO2" artType="Portaria" pubDate="01/10/2025" artClass="00025:00111:00001:00000:00000:00000:00000:00000:00000:00000:00017:00001" artCategory="Ministério da Educação/Universidade Federal de Minas Gerais/Reitoria" artSize="12" artNotes="" numberPage="44" pdfPage="http://pesquisa.in.gov.br/imprensa/jsp/visualiza/index.jsp?data=01/10/2025&amp;jornal=529&amp;pagina=44" editionNumber="187" highlightType="" highlightPriority="" highlight="" highlightimage="" highlightimagename="" idMateria="23148434">
  <body>
    <Identifica><![CDATA[ PORTARIA Nº 8.615, DE 28 DE AGOSTO DE 2025]]></Identifica>
    <Data><![CDATA[]]></Data>
    <Ementa />
    <Titulo />
    <SubTitulo />
    <Texto><![CDATA[<p class="identifica">PORTARIA Nº 8.615, DE 28 DE AGOSTO DE 2025</p><p>A Reitora da Universidade Federal de Minas Gerais, no uso de suas atribuições e considerando a documentação que instrui o Processo n.° 23072.225359/2025-14, resolve:</p><p>Nos termos do Art. 20, caput e §2º, I, da Emenda Constitucional n.° 103/2019, aposentar Sérgio Vale Aguiar Campos, matrícula SIAPE n.° 1287667, ocupante do cargo de Professor do Magistério Superior, Classe D, com denominação de Professor Titular, Nível 01, lotado no Instituto de Ciências Exatas, com proventos integrais, por ter provado contar 38 (trinta e oito) anos de contribuição.</p><p class="assina">SANDRA REGINA GOULART ALMEIDA</p>]]></Texto>
  </body>
  <Midias />
</article></xml>