﻿<xml><article id="45709567" name="PORTARIA N 5.667_23159428" idOficio="11314961" pubName="DO2" artType="Portaria" pubDate="01/10/2025" artClass="00050:00020:00000:00000:00000:00000:00000:00000:00000:00000:00017:00000" artCategory="Ministério dos Transportes/Departamento Nacional de Infraestrutura de Transportes" artSize="12" artNotes="" numberPage="110" pdfPage="http://pesquisa.in.gov.br/imprensa/jsp/visualiza/index.jsp?data=01/10/2025&amp;jornal=529&amp;pagina=110" editionNumber="187" highlightType="" highlightPriority="" highlight="" highlightimage="" highlightimagename="" idMateria="23159428">
  <body>
    <Identifica><![CDATA[ PORTARIA Nº 5.667, DE 26 DE SETEMBRO DE 2025]]></Identifica>
    <Data><![CDATA[]]></Data>
    <Ementa />
    <Titulo />
    <SubTitulo />
    <Texto><![CDATA[<p class="identifica">PORTARIA Nº 5.667, DE 26 DE SETEMBRO DE 2025</p><p>O Diretor-Geral do Departamento Nacional de Infraestrutura de Transportes-DNIT, no uso das atribuições que lhe são conferidas pelo art. 173 do Regimento Interno, aprovado pela Resolução/CONSAD nº 39, de 17/11/2020, publicada no DOU de 19/11/2020, observando os termos do art. 158 da Lei nº 14.133, de 1º/4/2021, e o constante no processo nº 50614.000918/2025-75, resolve:</p><p>Art. 1º Designar os servidores Armando Pegado de Almeida, matrícula SIAPE n.º 10918984, Tarcísio Ivo Franco de Araújo, matrícula SIAPE n.º 15473956, Eliane de Medeiros Bezerra Tavares, matrícula SIAPE n.º 14756229, Emanuelle Matos de Oliveira, matrícula SIAPE n.º 1811265, Júlio César Sebastian Kunzler, matrícula SIAPE n.º 1596370, Nilvacema de Souza Bispo Meliande, matrícula SIAPE n.º 1234868, Marcia Keyla Alves Xavier, matrícula SIAPE n.º 18234472, Mércia Medeiros Braulino, matrícula SIAPE n.º 2061251, José Mario de Lira Alves, matrícula SIAPE n.º 1635845, Thiago Simplício Raimundo da Silva, matrícula SIAPE n.º 2063272, Noemi de Melo Faria, matrícula SIAPE n.º 1765405, e Ana Lígia de Souza Pereira Silva, matrícula SIAPE n.º 020901372, para as funções de Presidente ou Membro da Comissão Permanente responsável pela condução dos Processos Administrativos de Apuração de Responsabilidade de licitantes, considerando as licitações cujas competências sejam da Superintendência Regional do DNIT no estado do Rio Grande do Norte.</p><p>Art. 2º Delegar ao Chefe do Serviço de Cadastro e Licitações da Superintendência Regional do DNIT no estado do Rio Grande do Norte a indicação de, no mínimo, dois membros, dentre os acima designados, sob a presidência do primeiro indicado, para a condução de cada Processo Administrativo de Apuração de Responsabilidade a ser realizado no âmbito deste Serviço.</p><p>Art. 3º Compete à Comissão de Apuração de Responsabilidade:</p><p>I - conduzir os processos administrativos para apuração de responsabilidade;</p><p>II - garantir o contraditório e a ampla defesa aos envolvidos;</p><p>III - encaminhar relatório final para deliberação da autoridade competente;</p><p>IV - propor a aplicação das sanções cabíveis, nos termos da legislação vigente;</p><p>V - realizar o devido registro das sanções aplicadas nos sistemas pertinentes.</p><p>Parágrafo único. A Comissão poderá requisitar apoio técnico e administrativo de outras unidades desta Autarquia sempre que necessário para o cumprimento de suas funções.</p><p>Art. 4º A duração da designação de que trata o art. 1º será de um ano.</p><p>Parágrafo único. Os servidores designados nesta portaria poderão conduzir vários Processos Administrativos de Apuração de Responsabilidade simultaneamente.</p><p>Art. 5º Esta Portaria entra em vigor na data de sua publicação.</p><p class="assina">FABRICIO DE OLIVEIRA GALVÃO</p>]]></Texto>
  </body>
  <Midias />
</article></xml>