﻿<xml><article id="45708982" name="ATO TRT21- GP NA 236-2025" idOficio="11271621" pubName="DO2" artType="Ato" pubDate="01/10/2025" artClass="00070:00062:00001:00002:00001:00000:00000:00000:00000:00000:00001:00000" artCategory="Poder Judiciário/Tribunal Regional do Trabalho da 21ª Região/Presidência/Diretoria-Geral/Secretaria Administrativa" artSize="12" artNotes="" numberPage="136" pdfPage="http://pesquisa.in.gov.br/imprensa/jsp/visualiza/index.jsp?data=01/10/2025&amp;jornal=529&amp;pagina=136" editionNumber="187" highlightType="" highlightPriority="" highlight="" highlightimage="" highlightimagename="" idMateria="23086677">
  <body>
    <Identifica><![CDATA[ ATO TRT21-GP Nº 236, DE 8 DE SETEMBRO DE 2025]]></Identifica>
    <Data><![CDATA[]]></Data>
    <Ementa />
    <Titulo />
    <SubTitulo />
    <Texto><![CDATA[<p class="identifica">ATO TRT21-GP Nº 236, DE 8 DE SETEMBRO DE 2025</p><p>A DESEMBARGADORA VICE-PRESIDENTE NO EXERCÍCIO DA PRESIDÊNCIA DO TRIBUNAL REGIONAL DO TRABALHO DA 21ª REGIÃO, no uso de suas atribuições, e de acordo com o constante no PROAD Nº 2744/2025, resolve:</p><p>APOSENTAR voluntariamente por tempo de contribuição, com proventos apurados na forma da lei, limitados ao valor máximo do salário de contribuição do Regime Geral de Previdência Social - RGPS, reajustados nos termos estabelecidos para o RGPS, o servidor ANTONIO GUEDES NETO, matrícula nº 308.21.9059, no cargo efetivo da carreira judiciária de TÉCNICO JUDICIÁRIO, Área Administrativa, Especialidade Agente da Polícia Judicial, nº 394, do Quadro Permanente de Pessoal deste Tribunal, de acordo com o artigo 20 c/c o artigo 26, §§ 1º e 7º, da Emenda Constitucional nº 103/2019, com percepção do Benefício Especial, previsto na Lei nº 12.618/2012.</p><p class="assina">ISAURA MARIA BARBALHO SIMONETTI</p>]]></Texto>
  </body>
  <Midias />
</article></xml>