﻿<xml><article id="45709378" name="Portaria CRO-DF nA 74-2025_Exone" idOficio="11310519" pubName="DO2" artType="Portaria" pubDate="01/10/2025" artClass="00071:00445:00000:00000:00000:00000:00000:00000:00000:00000:00017:00000" artCategory="Entidades de Fiscalização do Exercício das Profissões Liberais/Conselho Regional de Odontologia do Distrito Federal" artSize="12" artNotes="" numberPage="138" pdfPage="http://pesquisa.in.gov.br/imprensa/jsp/visualiza/index.jsp?data=01/10/2025&amp;jornal=529&amp;pagina=138" editionNumber="187" highlightType="" highlightPriority="" highlight="" highlightimage="" highlightimagename="" idMateria="23151831">
  <body>
    <Identifica><![CDATA[ PORTARIA CRO-DF Nº 74, DE 25 DE SETEMBRO DE 2025]]></Identifica>
    <Data><![CDATA[]]></Data>
    <Ementa />
    <Titulo />
    <SubTitulo />
    <Texto><![CDATA[<p class="identifica">PORTARIA CRO-DF Nº 74, DE 25 DE SETEMBRO DE 2025</p><p>O PRESIDENTE DO CONSELHO REGIONAL DE ODONTOLOGIA DO DISTRITO FEDERAL, no exercício de suas atribuições regimentais que lhe confere o art. 55 do Regimento Interno, aprovado pela Decisão CFO-13, de 12 de fevereiro de 2021, publicada no Diário Oficial da União de 5 de março de 2021, seção 1, página 151, resolve:</p><p>Art. 1º Exonerar GISELE MOTA RAMOS, inscrita no CPF sob o nº 089.XXX.XXX-73, do cargo de livre provimento de Assessor III do Conselho Regional de Odontologia do Distrito Federal (CRO-DF), a contar de 1º de outubro de 2025.</p><p>Art. 2º Esta Portaria entra em vigor na data de sua publicação.</p><p class="assina">CARLOS HENRIQUE GUIMARÃES JÚNIOR</p>]]></Texto>
  </body>
  <Midias />
</article></xml>