﻿<xml><article id="45708547" name="PORTARIA SIP HFA-MD NA 4273 de 1" idOficio="11306061" pubName="DO2" artType="Portaria" pubDate="01/10/2025" artClass="00016:00037:00110:00000:00000:00000:00000:00000:00000:00000:00017:00000" artCategory="Ministério da Defesa/Hospital das Forças Armadas/Comando de Logística" artSize="12" artNotes="" numberPage="20" pdfPage="http://pesquisa.in.gov.br/imprensa/jsp/visualiza/index.jsp?data=01/10/2025&amp;jornal=529&amp;pagina=20" editionNumber="187" highlightType="" highlightPriority="" highlight="" highlightimage="" highlightimagename="" idMateria="23145207">
  <body>
    <Identifica><![CDATA[ PORTARIA SIP HFA-MD N° 4.273, de 19 de setembro de 2025]]></Identifica>
    <Data><![CDATA[]]></Data>
    <Ementa />
    <Titulo />
    <SubTitulo />
    <Texto><![CDATA[<p class="identifica">PORTARIA SIP HFA-MD N° 4.273, de 19 de setembro de 2025</p><p>O COMANDANTE LOGÍSTICO DO HOSPITAL DAS FORÇAS ARMADAS, no uso das atribuições que lhe são conferidas pelo art. 2º, inciso V, alínea "c", da Portaria GM/MD nº 3939, de 19 de julho de 2022, publicada no Diário Oficial da União, de 27 de julho de 2022, e de acordo com o que consta do processo SEI nº 60550.027990/2025-95, resolve:</p><p>Art. 1º Conceder aposentadoria por incapacidade permanente para o trabalho, com proventos proporcionais ao tempo de contribuição, à servidora CÁSSIA NASCIMENTO DE SOUZA SOARES, matrícula SIAPE nº 1247249, ocupante do cargo de Técnico em Atividades Médico-Hospitalares - Laboratório, Classe "B", Padrão NI-IV, do Quadro de Pessoal do Hospital das Forças Armadas, com fundamento no inciso I do § 1º do art. 40 da Constituição Federal, com redação dada pela Emenda Constitucional nº 103/2019, em interpretação conjunta com o inciso II do § 1º do art. 10 e com o inciso II do § 2º do art. 26 da referida Emenda, combinado como inciso I do art. 186 da Lei nº 8.112/1990.</p><p>Art. 2º Declarar vago o referido cargo, código de vaga 877193.</p><p>Art. 3º Esta Portaria entra em vigor na data de sua publicação.</p><p class="assina">Gen Div JORGE AUGUSTO RIBEIRO CACHO</p>]]></Texto>
  </body>
  <Midias />
</article></xml>