﻿<xml><article id="45713187" name="Sem titulo 1" idOficio="11315391" pubName="DO2" artType="Portaria" pubDate="01/10/2025" artClass="00016:00011:00009:00008:00000:00000:00000:00000:00000:00000:00017:00001" artCategory="Ministério da Defesa/Comando do Exército/Comando Militar do Leste/1ª Região Militar" artSize="12" artNotes="" numberPage="13" pdfPage="http://pesquisa.in.gov.br/imprensa/jsp/visualiza/index.jsp?data=01/10/2025&amp;jornal=529&amp;pagina=13" editionNumber="187" highlightType="" highlightPriority="" highlight="" highlightimage="" highlightimagename="" idMateria="23160019">
  <body>
    <Identifica><![CDATA[ PORTARIA 50-SVP/1ª RM/Cmdo 1ª RM, de 22 SET 2025]]></Identifica>
    <Data><![CDATA[]]></Data>
    <Ementa />
    <Titulo />
    <SubTitulo />
    <Texto><![CDATA[<p class="identifica">PORTARIA 50-SVP/1ª RM/Cmdo 1ª RM, de 22 SET 2025</p><p>O COMANDANTE DA 1ª REGIÃO MILITAR, no uso da competência que lhe confere a Portaria nº 458 - DGP, de 10 AGO 23, em cumprimento de Decisão Judicial relativa ao Processo nº 1008936-84.2018.4.01.3400, do Tribunal Regional Federal da 1ª Região, que determinou a reforma do Autor, em tutela de urgência, com proventos integrais correspondentes ao soldo que detinha na ativa, de acordo com o Parecer de Força Executória nº 00376/2025/COREMNE/PRU1R/PGU/AGU, de 16 JUL 25 e o Ofício nº 04507/2025/COREMDOC/PRU1R/PGU/AGU, de 16 JUL 25, proferiu o seguinte despacho:</p><p>REFORMAR com proventos integrais da graduação a que detinha na ativa, o MAJ RONI XAVIER CAIADO, Prec CP 14/4925863, Idt 010.038.425-4 EB, a contar de 3 MAIO 2015 (data indicada pela Justiça Federal para início da vigência), de acordo com o Parecer de Força Executória nº 00376/2025/COREMNE/PRU1R/PGU/AGU, de 16 JUL 25 e o Ofício nº 04507/2025/COREMDOC/PRU1R/PGU/AGU, de 16 JUL 25, com fulcro no inciso II do Art. 106 c/c Art. 108, VI da Lei nº 6.880, de 9 DEZ 1980.</p><p class="assina">Gen Div GIOVANI MORETTO</p>]]></Texto>
  </body>
  <Midias />
</article></xml>