﻿<xml><article id="45709072" name="DOU_Portaria_230_2025_Ana x Keyl" idOficio="11292792" pubName="DO2" artType="Portaria" pubDate="01/10/2025" artClass="00070:00038:00006:00012:00000:00000:00000:00000:00000:00000:00017:00000" artCategory="Poder Judiciário/Tribunal Regional Eleitoral de São Paulo/Diretoria-Geral/Secretaria de Gestão de Pessoas" artSize="12" artNotes="" numberPage="128" pdfPage="http://pesquisa.in.gov.br/imprensa/jsp/visualiza/index.jsp?data=01/10/2025&amp;jornal=529&amp;pagina=128" editionNumber="187" highlightType="" highlightPriority="" highlight="" highlightimage="" highlightimagename="" idMateria="23122428">
  <body>
    <Identifica><![CDATA[ PORTARIA nº 230, de 15 de setembro de 2025]]></Identifica>
    <Data><![CDATA[]]></Data>
    <Ementa />
    <Titulo />
    <SubTitulo />
    <Texto><![CDATA[<p class="identifica">PORTARIA nº 230, de 15 de setembro de 2025</p><p>A SECRETÁRIA DE GESTÃO DE PESSOAS DO TRIBUNAL REGIONAL ELEITORAL DO ESTADO DE SÃO PAULO, no uso de suas atribuições e</p><p>Considerando o disposto no artigo 37 da Lei n. 8.112, de 11 de dezembro de 1990, na Resolução CNJ n. 146/2012 e no artigo 23, "caput", da Resolução TSE n. 23.701, de 31 de maio de 2022;</p><p>Considerando o disposto no artigo 4º, inciso IV, da Portaria TRE-SP n. 1/2022 (delegação de competências);</p><p>Considerando a Portaria TRE-SP n. 80/2021, que consta do processo SEI n. 0011286-67.2021.6.26.8000 (cessão); e</p><p>Considerando a decisão proferida no processo SEI n. 0029637-49.2025.6.26.8000 deste Tribunal, resolve:</p><p>Art. 1º REDISTRIBUIR, por triangulação, o cargo de Técnico Judiciário - Área Administrativa, criado pela Lei n. 10.842, de 20/2/2004, do quadro de pessoal do Tribunal Regional Eleitoral do Estado de São Paulo, ocupado pela servidora Ana Cecília Lima Rabelo, em reciprocidade com o cargo de igual denominação, criado pela Lei n. 8.868, de 14/4/1994, ocupado pelo servidor Tony Warren Gomes de Sá, proveniente do Tribunal Regional Eleitoral do Estado de Alagoas, e com o cargo criado pela Lei n. 7.471, de 1986, ocupado pela servidora Keylinne Gianny da Rosa Freitas, do Tribunal Regional Eleitoral do Estado de Minas Gerais.</p><p>Art. 2º A redistribuição constante do artigo 1º desta Portaria fica condicionada às redistribuições do cargo ocupado pelo servidor Tony Warren Gomes de Sá, pertencente ao Quadro de Pessoal do TRE-AL, ao TRE-SP, e do cargo ocupado pela servidora Keylinne Gianny da Rosa Freitas, do TRE-MG, ao TRE-AL, por atos próprios a serem expedidos por esses Tribunais no Diário Oficial da União na mesma data de publicação desta Portaria.</p><p>Art. 3º CONCEDER 25 (vinte e cinco) dias de trânsito ao servidor Tony Warren Gomes de Sá, com base nos artigos 18 da Lei n. 8.112/1990 e 34 da Resolução TSE n. 23.701/2022.</p><p>Art. 4º ENCERRAR a cessão da servidora Ana Cecília Lima Rabelo, Técnico Judiciário - Área Administrativa, do Quadro de Pessoal deste Tribunal, para o Tribunal Regional Eleitoral de Minas Gerais, efetivada por meio da Portaria TRE-SP n. 80/2021, publicada no Diário Oficial da União, Seção 2, de 13 de maio de 2021, em razão da redistribuição prevista nesta Portaria.</p><p>Art. 5º Esta Portaria entra em vigor na data de sua publicação.</p><p class="assina">Paula Helena Batista Silva</p>]]></Texto>
  </body>
  <Midias />
</article></xml>