﻿<xml><article id="45709042" name="PORTARIA N 678_23156297" idOficio="11313423" pubName="DO2" artType="Portaria" pubDate="01/10/2025" artClass="00070:00004:00001:00000:00000:00000:00000:00000:00000:00000:00017:00003" artCategory="Poder Judiciário/Superior Tribunal de Justiça/Presidência" artSize="12" artNotes="" numberPage="122" pdfPage="http://pesquisa.in.gov.br/imprensa/jsp/visualiza/index.jsp?data=01/10/2025&amp;jornal=529&amp;pagina=122" editionNumber="187" highlightType="" highlightPriority="" highlight="" highlightimage="" highlightimagename="" idMateria="23156297">
  <body>
    <Identifica><![CDATA[ PORTARIA STJ/GP Nº 678, DE 19 DE SETEMBRO DE 2025]]></Identifica>
    <Data><![CDATA[]]></Data>
    <Ementa />
    <Titulo />
    <SubTitulo />
    <Texto><![CDATA[<p class="identifica">PORTARIA STJ/GP Nº 678, DE 19 DE SETEMBRO DE 2025</p><p>O PRESIDENTE DO SUPERIOR TRIBUNAL DE JUSTIÇA, usando da atribuição conferida pelo art. 21, XXV, do Regimento Interno e considerando o disposto nos arts. 9º, II, e 35, I, da Lei n. 8.112, de 11 de dezembro de 1990, resolve:</p><p>Art. 1º Efetuar as seguintes alterações no Gabinete do Ministro Antonio Carlos Ferreira:</p><p>I - Exonerar ANA MARIA FRÓES DE OLIVA WERMELINGER, matrícula S050436, do cargo em comissão de Assessor A, código CJ-2;</p><p>II - Nomear a servidora para o cargo em comissão de Assessor de Ministro, código CJ-3, na vaga decorrente da exoneração de Mauro Alexandre Pinto.</p><p>Art. 2º Esta portaria entra em vigor na data de sua publicação.</p><p class="assina">Min HERMAN BENJAMIN</p>]]></Texto>
  </body>
  <Midias />
</article></xml>