﻿<xml><article id="45708925" name="PORTARIA NA 744 DE 25 DE SETEMBR" idOficio="11315024" pubName="DO2" artType="Portaria" pubDate="01/10/2025" artClass="00025:00098:00000:00000:00000:00000:00000:00000:00000:00000:00017:00744" artCategory="Ministério da Educação/Universidade Federal do Cariri" artSize="12" artNotes="" numberPage="41" pdfPage="http://pesquisa.in.gov.br/imprensa/jsp/visualiza/index.jsp?data=01/10/2025&amp;jornal=529&amp;pagina=41" editionNumber="187" highlightType="" highlightPriority="" highlight="" highlightimage="" highlightimagename="" idMateria="23159471">
  <body>
    <Identifica><![CDATA[ PORTARIA Nº 744, DE 25 DE SETEMBRO DE 2025]]></Identifica>
    <Data><![CDATA[]]></Data>
    <Ementa />
    <Titulo />
    <SubTitulo />
    <Texto><![CDATA[<p class="identifica">PORTARIA Nº 744, DE 25 DE SETEMBRO DE 2025</p><p>O PRÓ-REITOR DE GESTÃO DE PESSOAS DA UNIVERSIDADE FEDERAL DO CARIRI - UFCA, Mário Henrique Gomes Pacheco, no uso de suas atribuições legais conferidas através da Portaria nº 67 de 14 de fevereiro de 2019, publicada no D.O.U em 15/02/2019, assim como a Portaria Reitoria nº 110, de 02/06/2017, publicada no D.O.U em 09/06/2017, e tendo em vista o que consta no OFÍCIO Nº 52/2025/DCOM/UFCA, resolve:</p><p>Art. 1º Designar a servidora ANTONIO PINHEIRO TORRES NETO, SIAPE: 3431377, para exercer o encargo de substituto eventual do cargo de Coordenador, código CD-04, da Coordenadoria de Conteúdo Institucional, da Diretoria de Comunicação, durante os afastamentos e impedimentos regulamentares da titular</p><p>Art. 2º Esta Portaria entra em vigor na data de sua publicação.</p><p class="assina">MÁRIO HENRIQUE GOMES PACHECO</p>]]></Texto>
  </body>
  <Midias />
</article></xml>