﻿<xml><article id="45708838" name="Portaria-2185-2025" idOficio="11310206" pubName="DO2" artType="Portaria" pubDate="01/10/2025" artClass="00070:00045:00001:00000:00000:00000:00000:00000:00000:00000:00017:00000" artCategory="Poder Judiciário/Tribunal Regional do Trabalho da 4ª Região/Presidência" artSize="12" artNotes="" numberPage="131" pdfPage="http://pesquisa.in.gov.br/imprensa/jsp/visualiza/index.jsp?data=01/10/2025&amp;jornal=529&amp;pagina=131" editionNumber="187" highlightType="" highlightPriority="" highlight="" highlightimage="" highlightimagename="" idMateria="23151326">
  <body>
    <Identifica><![CDATA[ PORTARIA nº 2.185, de 24 de setembro de 2025]]></Identifica>
    <Data><![CDATA[]]></Data>
    <Ementa />
    <Titulo />
    <SubTitulo />
    <Texto><![CDATA[<p class="identifica">PORTARIA nº 2.185, de 24 de setembro de 2025</p><p>O PRESIDENTE DO TRIBUNAL REGIONAL DO TRABALHO DA 4ª REGIÃO, no uso de suas atribuições, e considerando o que consta no PA nº 6348/2025, resolve:</p><p>TORNAR SEM EFEITO, a contar da publicação, a Portaria nº 888, de 08-04-2025, publicada no DOU de 22-04-2025, que designou a servidora ANA PAULA FOFONKA PINHEIRO (117188), ocupante do cargo de Analista Judiciário, Área Judiciária, para exercer, em substituição, o cargo em comissão de CHEFE DE DIVISÃO-CJ1, da Divisão de Expedientes do PJE-COR, nos impedimentos legais do titular.</p><p class="assina">RICARDO HOFMEISTER DE ALMEIDA MARTINS COSTA</p>]]></Texto>
  </body>
  <Midias />
</article></xml>