﻿<xml><article id="45714682" name="Portaria de Torna sem efeito And" idOficio="11315613" pubName="DO2" artType="Portaria" pubDate="01/10/2025" artClass="00025:00133:00000:00000:00000:00000:00000:00000:00000:00000:00017:00003" artCategory="Ministério da Educação/Universidade Federal do Triângulo Mineiro" artSize="12" artNotes="" numberPage="53" pdfPage="http://pesquisa.in.gov.br/imprensa/jsp/visualiza/index.jsp?data=01/10/2025&amp;jornal=529&amp;pagina=53" editionNumber="187" highlightType="" highlightPriority="" highlight="" highlightimage="" highlightimagename="" idMateria="23160515">
  <body>
    <Identifica><![CDATA[ PORTARIA DE PESSOAL Nº 1.023, DE 29 DE SETEMBRO DE 2025]]></Identifica>
    <Data><![CDATA[]]></Data>
    <Ementa />
    <Titulo />
    <SubTitulo />
    <Texto><![CDATA[<p class="identifica">PORTARIA DE PESSOAL Nº 1.023, DE 29 DE SETEMBRO DE 2025</p><p>A Reitora da Universidade Federal do Triângulo Mineiro - UFTM, nomeada pelo Presidente da República, por meio do Decreto de 1º de junho de 2023, publicado no Diário Oficial da União do dia 2 subsequente, no uso de suas atribuições legais e regimentais, e tendo em vista a Lei nº 8.112/1990, a Lei nº 11.091/2012, a Portaria Interministerial nº 316/2017, publicada no DOU de 19/10/2017, a Portaria Conjunta MGI/MEC nº 29/2023, publicada no DOU de 28/07/2023, o Edital de Abertura nº 01/2022, publicado no DOU de 05/01/2022, e o Edital de Homologação nº 22/2022, publicado no DOU de 21/06/2022, resolve:</p><p>Art. 1º Tornar sem efeito a nomeação de ANDRÉ DA COSTA ARROYO, realizada por meio da Portaria de Pessoal nº 1013, publicada no DOU de 29/09/2025, Seção 2, pág. 36, em virtude Do Termo de Desistência assinado pelo candidato.</p><p>Art. 2º Esta Portaria de Pessoal entra em vigor na data de sua publicação.</p><p class="assina">MARINALVA VIERA BARBOSA</p>]]></Texto>
  </body>
  <Midias />
</article></xml>