﻿<xml><article id="45711689" name="2025 - Incom Despacho - LUIS FER" idOficio="11315066" pubName="DO2" artType="Despacho" pubDate="01/10/2025" artClass="00013:00061:00001:00000:00000:00000:00000:00000:00000:00000:00013:00000" artCategory="Ministério da Ciência, Tecnologia e Inovação/Comissão Nacional de Energia Nuclear/Gabinete" artSize="12" artNotes="" numberPage="9" pdfPage="http://pesquisa.in.gov.br/imprensa/jsp/visualiza/index.jsp?data=01/10/2025&amp;jornal=529&amp;pagina=9" editionNumber="187" highlightType="" highlightPriority="" highlight="" highlightimage="" highlightimagename="" idMateria="23159491">
  <body>
    <Identifica><![CDATA[ DESPACHO DE 26 DE SETEMBRO DE 2025]]></Identifica>
    <Data><![CDATA[]]></Data>
    <Ementa />
    <Titulo />
    <SubTitulo />
    <Texto><![CDATA[<p class="identifica">DESPACHO DE 26 DE SETEMBRO DE 2025</p><p>O PRESIDENTE DA COMISSÃO NACIONAL DE ENERGIA NUCLEAR (CNEN), no uso das atribuições que lhe foram conferidas pelo Art. 3º do Anexo I ao Decreto nº 11.143, de 21 de julho de 2022, publicado no DOU de 22 de julho de 2022, e no uso da competência que lhe foi delegada pela Portaria MCTI nº 8.760, de 11 de dezembro de 2024, publicada no Diário Oficial da União de 12 de dezembro de 2024, AUTORIZA o afastamento do país do servidor público:</p><p>LUIS FERNANDO GOMES JUNIOR, lotado no Serviço de Infraestrutura de Tecnologia da Informação (SEGIT), desta Comissão Nacional de Energia Nuclear (CNEN), para participar da Reunião Técnica sobre a Aplicação de Inteligência Artificial para Segurança Nuclear, em Viena, Áustria, de 18 a 26/10/2025, incluindo o período de trânsito, com ônus para a CNEN, conforme o Processo nº 01341.005558/2025-40.</p><p class="assina">Francisco Rondinelli Júnior</p>]]></Texto>
  </body>
  <Midias />
</article></xml>