﻿<xml><article id="45714529" name="2025-09-30/11315628/TCUWS_231604" idOficio="11315628" pubName="DO2" artType="Portaria" pubDate="01/10/2025" artClass="00067:00009:00011:-0318:00000:00000:00000:00000:00000:00000:00017:00271" artCategory="Tribunal de Contas da União/Secretaria-Geral de Administração/Secretaria Especializada em Gestão de Pessoas/Diretoria de Análise de Direitos" artSize="12" artNotes="" numberPage="119" pdfPage="http://pesquisa.in.gov.br/imprensa/jsp/visualiza/index.jsp?data=01/10/2025&amp;jornal=529&amp;pagina=119" editionNumber="187" highlightType="" highlightPriority="" highlight="" highlightimage="" highlightimagename="" idMateria="23160484">
  <body>
    <Identifica><![CDATA[ PORTARIA-DIADI Nº 271, DE 30 DE SETEMBRO DE 2025]]></Identifica>
    <Data><![CDATA[]]></Data>
    <Ementa />
    <Titulo />
    <SubTitulo />
    <Texto><![CDATA[<p class="identifica">PORTARIA-DIADI Nº 271, DE 30 DE SETEMBRO DE 2025</p><p>A DIRETORA DE ANÁLISE DE DIREITOS DO TRIBUNAL DE CONTAS DA UNIÃO , no uso da atribuição que lhe confere o disposto no inciso IV do art. 3º da Portaria n° 3, de 3 de janeiro de 2025, da Secretaria Especializada em Gestão de Pessoas deste Tribunal, e, tendo em vista o que consta da Portaria-TCU nº 323, de 1º de outubro de 2019, resolve:</p><p>Art. 1º Designar LEONARDO SERRA AGUIAR, matrícula 9968-6, TEFC, para exercer a função de confiança de Especialista Sênior I, código FC-3, no período compreendido entre a data de publicação desta Portaria e 31 de março de 2026.</p><p>Parágrafo único. Será realizado o trabalho "Implementação e consolidação da compensação previdenciária no âmbito do TCU, processamento de passivo pendente e institucionalização de rotinas", código 1082, patrocinado pelo(a) SecPessoas e autorizado pelo(a) CCG em 24/9/2025.</p><p>Art. 2º Esta Portaria entra em vigor na data de sua publicação.</p><p class="assina">CRÍSCIE LIZITA LÔBO SILVEIRA</p>]]></Texto>
  </body>
  <Midias />
</article></xml>