﻿<xml><article id="45708880" name="Portaria 163-2025 TRE-AL REDISTR" idOficio="11295108" pubName="DO2" artType="Portaria" pubDate="01/10/2025" artClass="00070:00015:00001:00000:00000:00000:00000:00000:00000:00000:00017:00000" artCategory="Poder Judiciário/Tribunal Regional Eleitoral de Alagoas/Presidência" artSize="12" artNotes="" numberPage="126" pdfPage="http://pesquisa.in.gov.br/imprensa/jsp/visualiza/index.jsp?data=01/10/2025&amp;jornal=529&amp;pagina=126" editionNumber="187" highlightType="" highlightPriority="" highlight="" highlightimage="" highlightimagename="" idMateria="23126316">
  <body>
    <Identifica><![CDATA[ Portaria  Nº 163/ TRE-AL/PRE/DG/SGP/CODES/SRACF, DE 25 DE AGOSTO DE 2025]]></Identifica>
    <Data><![CDATA[]]></Data>
    <Ementa />
    <Titulo />
    <SubTitulo />
    <Texto><![CDATA[<p class="identifica">Portaria Nº 163/ TRE-AL/PRE/DG/SGP/CODES/SRACF, DE 25 DE AGOSTO DE 2025</p><p>O PRESIDENTE DO TRIBUNAL REGIONAL ELEITORAL DE ALAGOAS, no uso de suas atribuições legais e regimentais, e considerando as deliberações constantes nos autos do Processo Administrativo SEI nº 0004951-59.2025.6.02.8000, resolve:</p><p>Art. 1º Fica redistribuído, por reciprocidade, mediante triangulação, o cargo de Técnico Judiciário da Área Administrativa, criado pela Lei nº 8.868, de 14/04/1994, do Quadro de Pessoal do Tribunal Regional Eleitoral de Alagoas, ocupado pelo servidor TONY WARREN GOMES DE SÁ, para o Tribunal Regional Eleitoral de São Paulo.</p><p>Art. 2º A redistribuição do referido cargo dependerá da redistribuição, para este Tribunal, do cargo de Técnico Judiciário da Área Administrativa, criado pela Lei nº 7.471/1986, ocupado pela servidora KEYLINNE GIANNY DA ROSA FREITAS, pertencente ao Quadro de Pessoal do Tribunal Regional Eleitoral de Minas Gerais; bem como, da redistribuição para o Tribunal Regional Eleitoral de Minas Gerais, do cargo de Técnico Judiciário da Área Administrativa, criado pela Lei nº 10.842/2004, ocupado pela servidora ANA CECÍLIA LIMA RABELO, pertencente ao Quadro de Pessoal do Tribunal Regional Eleitoral de São Paulo.</p><p>Art. 3º Conceder à servidora KEYLINNE GIANNY DA ROSA FREITAS, redistribuída para este Tribunal Regional Eleitoral de Alagoas, nos termos do art. 18 da Lei nº 8.112, de 1990, com redação dada pela Lei nº 9.527, de 1997, e do art. 34 da Resolução TSE nº 23.701/2022, o prazo de 30 (trinta) dias para a retomada do efetivo desempenho das atividades do seu cargo, na sua nova unidade de lotação, qual seja, a Seção de Preparação de Pagamentos e Análise da Conformidade deste Tribunal.</p><p>Art. 3º Esta portaria entrará em vigor na data de sua publicação.</p><p class="assina">Des. KLEVER RÊGO LOUREIRO</p>]]></Texto>
  </body>
  <Midias />
</article></xml>