﻿<xml><article id="45709624" name="PORTARIA N 674_23157640" idOficio="11313874" pubName="DO2" artType="Portaria" pubDate="01/10/2025" artClass="00025:00151:00047:00000:00000:00000:00000:00000:00000:00000:00017:00000" artCategory="Ministério da Educação/Fundação Universidade Federal de Ouro Preto/Reitoria" artSize="12" artNotes="" numberPage="58" pdfPage="http://pesquisa.in.gov.br/imprensa/jsp/visualiza/index.jsp?data=01/10/2025&amp;jornal=529&amp;pagina=58" editionNumber="187" highlightType="" highlightPriority="" highlight="" highlightimage="" highlightimagename="" idMateria="23157640">
  <body>
    <Identifica><![CDATA[ PORTARIA REITORIA Nº 674, DE 22 DE SETEMBRO DE 2025]]></Identifica>
    <Data><![CDATA[]]></Data>
    <Ementa />
    <Titulo />
    <SubTitulo />
    <Texto><![CDATA[<p class="identifica">PORTARIA REITORIA Nº 674, DE 22 DE SETEMBRO DE 2025</p><p>O Reitor da Universidade Federal de Ouro Preto, no uso de suas atribuições legais, conferidas pelo Decreto de 06 de fevereiro de 2025, publicado no Diário Oficial da União nº 27, de 07 de fevereiro de 2025,considerando o Processo UFOP Nº 23109.012026/2025-54, resolve:</p><p>Art. 1º - Conceder aposentadoria voluntária ao servidor HILDEBERTO CALDAS DE SOUSA, matrícula SIAPE nº. 0.418.933, código de vaga nº. 328438, ocupante do cargo de Professor de Magistério Superior, Titular, do quadro de pessoal permanente desta Instituição, com fundamento no Artigo 3º da Emenda Constitucional nº 47, de 2005, combinado com o § 1º do Art. 3º da Emenda Constitucional nº 103, de 13 de novembro de 2019.</p><p>Art. 2º - Declarar vago o cargo ocupado pelo servidor.</p><p>Esta Portaria conta seus efeitos a partir de sua publicação no Diário Oficial da União.</p><p class="assina">Luciano Campos da Silva</p>]]></Texto>
  </body>
  <Midias />
</article></xml>