﻿<xml><article id="45711821" name="PORTARIA532-EDUARDO LUZENTE DE A" idOficio="11315163" pubName="DO2" artType="Portaria" pubDate="01/10/2025" artClass="00047:00037:00012:00016:00000:00000:00000:00000:00000:00000:00017:00000" artCategory="Ministério da Saúde/Secretaria de Atenção Especializada à Saúde/Departamento de Gestão Hospitalar no Estado do Rio de Janeiro/Hospital Federal de Bonsucesso" artSize="12" artNotes="" numberPage="107" pdfPage="http://pesquisa.in.gov.br/imprensa/jsp/visualiza/index.jsp?data=01/10/2025&amp;jornal=529&amp;pagina=107" editionNumber="187" highlightType="" highlightPriority="" highlight="" highlightimage="" highlightimagename="" idMateria="23159599">
  <body>
    <Identifica><![CDATA[ PORTARIA HFB Nº 532, DE 29 DE AGOSTO DE 2025]]></Identifica>
    <Data><![CDATA[]]></Data>
    <Ementa />
    <Titulo />
    <SubTitulo />
    <Texto><![CDATA[<p class="identifica">PORTARIA HFB Nº 532, DE 29 DE AGOSTO DE 2025</p><p>A Substituta Eventual do Diretor do Hospital Federal de Bonsucesso do Ministério da Saúde no Estado do Rio de janeiro, no uso de suas atribuições conferidas pela Portaria de Pessoal SE/MS Nº 902, de 10 de outubro de 2024, publicada no DOU nº 200, de 15 de outubro de 2024 e Portaria nº 1.041 de 30 de outubro de 2009, publicada no DOU nº 209, de 03 de novembro de 2009, seção 2, página 31, resolve:</p><p>Conceder Pensão temporária a EDUARDO LUZENTE DE ARAÚJO, na qualidade de filho maior com deficiência/invalidez, com base nos art. 215 e 217, inciso IV, alínea "b", da Lei nº 8112/90, e no artigo 40 § 7º da Constituição Federal de 1988. A base para cálculo do benefício será o valor dos proventos de aposentadoria recebida pela servidora NAIR LUZENTE DE ARAÚJO, em sua Matrícula SIAPE nº 0613279, sendo aposentada do cargo de Auxiliar de Enfermagem, Nível Intermediário, Classe "S", Padrão "III", com efeitos financeiros a partir de seu requerimento tardio em 31/07/2024, conforme art. 219, II, Lei 8.112/90. (Processo nº 33374.113477/2024-41)</p><p class="assina">TERESA CRISTINA VIVAS NAVARRO VANNUCCI</p>]]></Texto>
  </body>
  <Midias />
</article></xml>