﻿<xml><article id="45708625" name="PORTARIA N 630_23157165" idOficio="11313771" pubName="DO2" artType="Portaria" pubDate="01/10/2025" artClass="00070:00018:00000:00000:00000:00000:00000:00000:00000:00000:00017:00002" artCategory="Poder Judiciário/Tribunal Regional Eleitoral da Bahia" artSize="12" artNotes="" numberPage="127" pdfPage="http://pesquisa.in.gov.br/imprensa/jsp/visualiza/index.jsp?data=01/10/2025&amp;jornal=529&amp;pagina=127" editionNumber="187" highlightType="" highlightPriority="" highlight="" highlightimage="" highlightimagename="" idMateria="23157165">
  <body>
    <Identifica><![CDATA[ PORTARIA TRE-BA Nº 630, DE 29 DE SETEMBRO DE 2025]]></Identifica>
    <Data><![CDATA[]]></Data>
    <Ementa />
    <Titulo />
    <SubTitulo />
    <Texto><![CDATA[<p class="identifica">PORTARIA TRE-BA Nº 630, DE 29 DE SETEMBRO DE 2025</p><p>O VICE-PRESIDENTE DO TRIBUNAL REGIONAL ELEITORAL DA BAHIA, no exercício da Presidência, no uso das atribuições que lhe são conferidas pelo art. 8º, XXXII, da Resolução Administrativa TRE-BA nº 1/2017, conforme SEI nº 0007436-95.2025.6.05.8146, resolve:</p><p>rt. 1º Dispensar a servidora Simone Fernandes de Souza Foscarini da função de Assistente I - FC-1 da 146ª Zona Eleitoral/Iguaí.</p><p>Art. 2º Esta portaria entrará em vigor a partir do dia 1º de outubro de 2025.</p><p class="assina">Des. MAURÍCIO KERTZMAN SZPORER</p>]]></Texto>
  </body>
  <Midias />
</article></xml>