﻿<xml><article id="45708526" name="PORTARIA 245 JOFRAN" idOficio="11314983" pubName="DO2" artType="Portaria" pubDate="01/10/2025" artClass="00025:00123:00000:00000:00000:00000:00000:00000:00000:00000:00017:00000" artCategory="Ministério da Educação/Universidade Federal de Rondonópolis" artSize="12" artNotes="" numberPage="50" pdfPage="http://pesquisa.in.gov.br/imprensa/jsp/visualiza/index.jsp?data=01/10/2025&amp;jornal=529&amp;pagina=50" editionNumber="187" highlightType="" highlightPriority="" highlight="" highlightimage="" highlightimagename="" idMateria="23159415">
  <body>
    <Identifica><![CDATA[ PORTARIA REITORIA/UFR Nº 245,  DE 26 DE setembro DE 2025]]></Identifica>
    <Data><![CDATA[]]></Data>
    <Ementa />
    <Titulo />
    <SubTitulo />
    <Texto><![CDATA[<p class="identifica">PORTARIA REITORIA/UFR Nº 245, DE 26 DE setembro DE 2025</p><p>A Reitora da Universidade Federal de Rondonópolis, no uso de suas atribuições que lhe confere o art. 8º da Lei nº 13.637, de 20 de março de 2018 e o Decreto Presidencial da República, de 26 de dezembro de 2023, tendo em vista a Instrução Normativa Reitoria/UFR nº 9, de 05 de julho de 2024, e o processo SEI nº 23853.013760/2025-16, resolve:</p><p>Art. 1º Ficam nomeados os servidores relacionados para substituir o Secretário de Relações Internacionais, Jofran Luiz de Oliveira, SIAPE 180****, em suas ausências ou impedimentos legais:</p><p>I - Celso Moisés do Nascimento, SIAPE 167****, como primeiro substituto; e</p><p>II - Hugo de Barros Callado Macedo, SIAPE 340****, como segundo substituto.</p><p>Parágrafo único. O segundo substituto responderá pela Secretaria de Relações Internacionais na ausência do titular e do primeiro substituto.</p><p>Art. 2º Esta portaria entra em vigor em vinte e seis de setembro de dois mil e vinte e cinco.</p><p class="assina">ANALY CASTILHO POLIZEL DE SOUZA</p>]]></Texto>
  </body>
  <Midias />
</article></xml>