﻿<xml><article id="45708568" name="PT 133 JOAO RONALDO SANTANA SOUZ" idOficio="11311201" pubName="DO2" artType="Portaria" pubDate="01/10/2025" artClass="00047:00002:00021:00030:00010:00000:00000:00000:00000:00000:00017:00133" artCategory="Ministério da Saúde/Secretaria Executiva/Subsecretaria de Assuntos Administrativos/Superintendência Estadual do Ministério da Saúde na Paraíba/Serviço de Gestão de Pessoas" artSize="12" artNotes="" numberPage="105" pdfPage="http://pesquisa.in.gov.br/imprensa/jsp/visualiza/index.jsp?data=01/10/2025&amp;jornal=529&amp;pagina=105" editionNumber="187" highlightType="" highlightPriority="" highlight="" highlightimage="" highlightimagename="" idMateria="23152823">
  <body>
    <Identifica><![CDATA[ Portaria Nº 133, de 26 DE SETEMBRO DE 2025 ]]></Identifica>
    <Data><![CDATA[]]></Data>
    <Ementa />
    <Titulo />
    <SubTitulo />
    <Texto><![CDATA[<p class="identifica">Portaria Nº 133, de 26 DE SETEMBRO DE 2025</p><p>A CHEFE DO SERVIÇO DE GESTÃO DE PESSOAS DA SUPERINTENDÊNCIA ESTADUAL DO MINISTÉRIO DA SAÚDE NA PARAÍBA, no uso das competências conferidas pela Portaria SE/MS nº 826, de 06 de setembro de 2023, publicada no Diário Oficial da União de 14 de setembro de 2023, de acordo com o Decreto nº 11.358, de 1º de janeiro de 2023, publicado no Diário Oficial da União, Edição Especial, de 1º de janeiro de 2023, alterado pelo Decreto nº 11.391, de 20 de janeiro de 2023, publicado no Diário Oficial da União nº 15-E, de 20 de janeiro de 2023 e Oficio Circular Nº 1/2023/SAA/SE/MS, do Subsecretário de Assuntos Administrativos - Substituto, resolve:</p><p>Art.1º - Conceder Aposentadoria Voluntária com proventos integrais e com paridade, ao servidor JOAO RONALDO SANTANA SOUZA, ocupante do Cargo: AUXILIAR DE SERVICOS GERAIS, Código do cargo: 422278, NIVEL:NI CLASSE:S PADRAO:III, Detentor da Matr. SIAPE 0473635, Data de Ingresso no Serviço Público: 07/07/1986, oriundo do Quadro de Pessoal do Ministério da Saúde na Paraíba/Unidade Pagadora (UPAG/PB), por ter atendido os requisitos em 16/01/2024, com base no fundamento no Artigo 20, § 2º, inciso I - Código 49034, da Emenda Constitucional nº 103/2019, tendo em vista o que consta nos autos do processo 25018.000248/2024-98.</p><p>Art.2º - Declarar vago o cargo referido no Art.1º;</p><p>Art.3º - Esta Portaria entra em vigor na data de sua publicação.</p><p class="assina">REJANE KELLY BONFIM ELIAS</p>]]></Texto>
  </body>
  <Midias />
</article></xml>