﻿<xml><article id="45712649" name="PORTARIA N 117 SINC 23159737" idOficio="11315189" pubName="DO2" artType="Portaria" pubDate="01/10/2025" artClass="00028:00040:00011:00000:00000:00000:00000:00000:00000:00000:00017:00000" artCategory="Ministério da Fazenda/Comissão de Valores Mobiliários/Gabinete" artSize="12" artNotes="" numberPage="64" pdfPage="http://pesquisa.in.gov.br/imprensa/jsp/visualiza/index.jsp?data=01/10/2025&amp;jornal=529&amp;pagina=64" editionNumber="187" highlightType="" highlightPriority="" highlight="" highlightimage="" highlightimagename="" idMateria="23159737">
  <body>
    <Identifica><![CDATA[ PORTARIA PTE N° 117, DE 24 DE SETEMBRO DE 2025]]></Identifica>
    <Data><![CDATA[]]></Data>
    <Ementa />
    <Titulo />
    <SubTitulo />
    <Texto><![CDATA[<p class="identifica">PORTARIA PTE N° 117, DE 24 DE SETEMBRO DE 2025</p><p>O PRESIDENTE INTERINO DA COMISSÃO DE VALORES MOBILIÁRIOS, no uso das atribuições que lhe são conferidas pelo art. 7º, inciso VI, do Regimento Interno, aprovado pela Resolução CVM nº 24, de 05 de março de 2021, e com base nos arts. 9º, inciso II, e 35, inciso I, da Lei nº 8.112, de 11 de dezembro de 1990, com nova redação dada pela Lei nº 9.527, de 10 de dezembro de 1997, resolve:</p><p>I - Dispensar, a partir do dia 1º de outubro de 2025, PAULO ROBERTO GONÇALVES FERREIRA, matrícula Siape nº 1482929, da Função Comissionada Executiva de Superintendente, FCE 1.13, da Superintendência de Normas Contábeis e de Auditoria (SNC), no Riode Janeiro, retornando o servidor ao seu cargo efetivo de Inspetor Federal do Mercado de Capitais.</p><p>II - Designar FÁBIO PINTO COELHO, ocupante do cargo efetivo de Inspetor Federal do Mercado de Capitais, matrícula Siape nº 2126151, para exercer a Função Comissionada Executiva de Superintendente, FCE 1.13, da Superintendência de Normas Contábeis e de Auditoria (SNC),no Rio de Janeiro, ficando, em consequência, dispensado da função que atualmente ocupa</p><p class="assina">OTTO EDUARDO FONSECA DE ALBUQUERQUE LOBO</p>]]></Texto>
  </body>
  <Midias />
</article></xml>