﻿<xml><article id="45709384" name="PORTARIA N 1.500_23146848" idOficio="11307407" pubName="DO2" artType="Portaria" pubDate="01/10/2025" artClass="00066:00010:00001:00004:00000:00000:00000:00000:00000:00000:00017:00010" artCategory="Ministério Público da União/Ministério Público do Trabalho/Procuradoria-Geral/Diretoria-Geral" artSize="12" artNotes="" numberPage="117" pdfPage="http://pesquisa.in.gov.br/imprensa/jsp/visualiza/index.jsp?data=01/10/2025&amp;jornal=529&amp;pagina=117" editionNumber="187" highlightType="" highlightPriority="" highlight="" highlightimage="" highlightimagename="" idMateria="23146848">
  <body>
    <Identifica><![CDATA[ PORTARIA DG Nº 1.500, DE 25 DE SETEMBRO DE 2025]]></Identifica>
    <Data><![CDATA[]]></Data>
    <Ementa />
    <Titulo />
    <SubTitulo />
    <Texto><![CDATA[<p class="identifica">PORTARIA DG Nº 1.500, DE 25 DE SETEMBRO DE 2025</p><p>O DIRETOR-GERAL DO MINISTÉRIO PÚBLICO DO TRABALHO, no uso da competência que lhe foi atribuída pelo artigo 258 da Portaria PGT/MPT nº 1.162, de 7 de agosto de 2025, publicada no Boletim de Serviço Eletrônico nº 147, de 8 de agosto de 2025, e considerando o que consta no PGEA/MPT n° 20.02.1700.0000522/2024-91, resolve:</p><p>Art. 1º Dispensar o servidor HERMANN ROHOR KULITZ, matrícula 6009935-6, ocupante do cargo efetivo de Técnico do MPU/Administração, da função de confiança de Assistente Nível II da Secretaria Processual da Coordenadoria de Primeiro e Segundo Graus, código FC-2, da Procuradoria Regional do Trabalho da 17ª Região/ES.</p><p>Art. 2º Designar o servidor ANTONIO LUIZ SILVA DE ARAUJO, matrícula 6009802-3, ocupante do cargo efetivo de Técnico do MPU/Administração, para a função de confiança de Assistente Nível II da Secretaria Processual da Coordenadoria de Primeiro e Segundo Graus, código FC-2, da Procuradoria Regional do Trabalho da 17ª Região/ES.</p><p>Art. 3º Dispensar o servidor LEANDRO MAIA TOVAR, matrícula 6006216-9, ocupante do cargo efetivo de Técnico do MPU/Administração, da função de confiança de Assistente Nível II da Secretaria Processual da Coordenadoria de Primeiro e Segundo Graus, código FC-2, da Procuradoria Regional do Trabalho da 17ª Região/ES.</p><p>Art. 4º Designar a servidora AZIELA LEMOS CÉZAR, matrícula 6010017-6, ocupante do cargo efetivo de Técnico do MPU/Administração, para a função de confiança de Assistente Nível II da Secretaria Processual da Coordenadoria de Primeiro e Segundo Graus, código FC-2, da Procuradoria Regional do Trabalho da 17ª Região/ES.</p><p class="assina">JOÃO BATISTA MACHADO JÚNIOR</p>]]></Texto>
  </body>
  <Midias />
</article></xml>