﻿<xml><article id="45714718" name="2025-09-30/11315677/TCUWS_231605" idOficio="11315677" pubName="DO2" artType="Portaria" pubDate="01/10/2025" artClass="00067:00009:00011:-0318:00000:00000:00000:00000:00000:00000:00017:00277" artCategory="Tribunal de Contas da União/Secretaria-Geral de Administração/Secretaria Especializada em Gestão de Pessoas/Diretoria de Análise de Direitos" artSize="12" artNotes="" numberPage="119" pdfPage="http://pesquisa.in.gov.br/imprensa/jsp/visualiza/index.jsp?data=01/10/2025&amp;jornal=529&amp;pagina=119" editionNumber="187" highlightType="" highlightPriority="" highlight="" highlightimage="" highlightimagename="" idMateria="23160558">
  <body>
    <Identifica><![CDATA[ PORTARIA-DIADI Nº 277, DE 30 DE SETEMBRO DE 2025]]></Identifica>
    <Data><![CDATA[]]></Data>
    <Ementa />
    <Titulo />
    <SubTitulo />
    <Texto><![CDATA[<p class="identifica">PORTARIA-DIADI Nº 277, DE 30 DE SETEMBRO DE 2025</p><p>A DIRETORA DE ANÁLISE DE DIREITOS DO TRIBUNAL DE CONTAS DA UNIÃO , no uso da atribuição que lhe confere o disposto no inciso IV do art. 3º da Portaria n° 3, de 3 de janeiro de 2025, da Secretaria Especializada em Gestão de Pessoas deste Tribunal, e, tendo em vista o que consta da Portaria-TCU nº 323, de 1º de outubro de 2019, resolve:</p><p>Art. 1º Designar NATHAN ORTIZ KLASSMANN, matrícula 12022-7, AUFC, para exercer a função de confiança de Especialista Sênior I, código FC-3, no período compreendido entre a data de publicação desta Portaria e 16 de janeiro de 2026.</p><p>Parágrafo único. Será realizado o trabalho "Estruturação do Parecer Prévio Conforme Boas Práticas Internacionais de Auditoria", código 1089, patrocinado pelo(a) AudFiscal e autorizado pelo(a) SEGECEX em 29/9/2025.</p><p>Art. 2º Esta Portaria entra em vigor na data de sua publicação.</p><p class="assina">CRÍSCIE LIZITA LÔBO SILVEIRA</p>]]></Texto>
  </body>
  <Midias />
</article></xml>