﻿<xml><article id="45708967" name="Port. ECC - NCC - 9226-9241" idOficio="11292641" pubName="DO2" artType="Portaria" pubDate="01/10/2025" artClass="00025:00111:00001:00000:00000:00000:00000:00000:00000:00000:00017:00005" artCategory="Ministério da Educação/Universidade Federal de Minas Gerais/Reitoria" artSize="12" artNotes="" numberPage="44" pdfPage="http://pesquisa.in.gov.br/imprensa/jsp/visualiza/index.jsp?data=01/10/2025&amp;jornal=529&amp;pagina=44" editionNumber="187" highlightType="" highlightPriority="" highlight="" highlightimage="" highlightimagename="" idMateria="23122226">
  <body>
    <Identifica><![CDATA[ PORTARIAS DE 15 DE SETEMBRO DE 2025]]></Identifica>
    <Data><![CDATA[]]></Data>
    <Ementa />
    <Titulo />
    <SubTitulo />
    <Texto><![CDATA[<p class="identifica">PORTARIAS DE 15 DE SETEMBRO DE 2025</p><p>A Reitora da Universidade Federal de Minas Gerais, no uso de atribuição conferida pelo artigo 3º, inciso II do Decreto nº 228, de 11/10/91, resolve:</p><p>Nº 9.226 - Exonerar a pedido, a servidora Cássia Juliana de Souza Monteiro, Matrícula SIAPE nº 1667137, do Cargo em Comissão de Coordenadora de Assuntos Comunitários, a partir de 1º de outubro de 2025.</p><p>Nº 9.241 - Nomear a servidora Gleicy Guelly Barbara Lopes de Oliveira, matrícula SIAPE nº 1679531, ocupante do cargo efetivo de Assistente em Administração, lotada na Escola de Engenharia, para exercer o cargo em Comissão de Coordenadora da Coordenadoria de Assuntos Comunitários, a partir de 1º de outubro de 2025.</p><p class="assina">SANDRA REGINA GOULART ALMEIDA</p>]]></Texto>
  </body>
  <Midias />
</article></xml>