﻿<xml><article id="45709687" name="IFMT_RTF_Portaria_5044" idOficio="11313201" pubName="DO2" artType="Portaria" pubDate="01/10/2025" artClass="00025:00069:00001:00000:00000:00000:00000:00000:00000:00000:00017:00000" artCategory="Ministério da Educação/Instituto Federal de Educação, Ciência e Tecnologia de Mato Grosso/Reitoria" artSize="12" artNotes="" numberPage="32" pdfPage="http://pesquisa.in.gov.br/imprensa/jsp/visualiza/index.jsp?data=01/10/2025&amp;jornal=529&amp;pagina=32" editionNumber="187" highlightType="" highlightPriority="" highlight="" highlightimage="" highlightimagename="" idMateria="23155748">
  <body>
    <Identifica><![CDATA[ PORTARIA Nº 5.044/SRDA/GAB/RTR, DE 29 DE SETEMBRO DE 2025]]></Identifica>
    <Data><![CDATA[]]></Data>
    <Ementa />
    <Titulo />
    <SubTitulo />
    <Texto><![CDATA[<p class="identifica">PORTARIA Nº 5.044/SRDA/GAB/RTR, DE 29 DE SETEMBRO DE 2025</p><p>O REITOR DO INSTITUTO FEDERAL DE EDUCAÇÃO, CIÊNCIA E TECNOLOGIA DE MATO GROSSO, no uso de suas atribuições legais, conferidas pelo Decreto Presidencial de 17/04/2025, publicado no D.O.U de nº 74-A, de 17/04/2025, seção 2, Extra A - página 1 e o que consta no Processo nº 23188.004035.2025-39, resolve:</p><p>Art. 1º Aposentar por Incapacidade Permanente para o trabalho a servidora GABRIELLA RODRIGUES COSTA, ocupante do cargo de Assistente em Administração, SIAPE nº 1864315, Nível de Classificação/Capacitação/Padrão de Vencimento D16, Código de Vaga nº 0348885, jornada de trabalho de 40 (quarenta) horas semanais com Dedicação Exclusiva, do Quadro Permanente do Instituto Federal de Educação, Ciência e Tecnologia do Mato Grosso - Rondonópolis, com base no inciso II, § 1º do art. 10, da Emenda Constitucional nº 103, de 12 de novembro de 2019, com os proventos calculados com base no § 2º, do art. 26, da EC nº 103/2019 e Laudo Médico Pericial nº 142.959/2025.</p><p class="assina">JULIO CESAR DOS SANTOS</p>]]></Texto>
  </body>
  <Midias />
</article></xml>