﻿<xml><article id="45709510" name="1486.2025 -ENIO FERREIRA JUNIOR" idOficio="11311054" pubName="DO2" artType="Portaria" pubDate="01/10/2025" artClass="00066:00010:00001:00004:00000:00000:00000:00000:00000:00000:00017:00008" artCategory="Ministério Público da União/Ministério Público do Trabalho/Procuradoria-Geral/Diretoria-Geral" artSize="12" artNotes="" numberPage="116" pdfPage="http://pesquisa.in.gov.br/imprensa/jsp/visualiza/index.jsp?data=01/10/2025&amp;jornal=529&amp;pagina=116" editionNumber="187" highlightType="" highlightPriority="" highlight="" highlightimage="" highlightimagename="" idMateria="23152574">
  <body>
    <Identifica><![CDATA[ PORTARIA Nº 1.486, DE 24 DE SETEMBRO DE 2025]]></Identifica>
    <Data><![CDATA[]]></Data>
    <Ementa />
    <Titulo />
    <SubTitulo />
    <Texto><![CDATA[<p class="identifica">PORTARIA Nº 1.486, DE 24 DE SETEMBRO DE 2025</p><p>O DIRETOR-GERAL ADJUNTO DO MINISTÉRIO PÚBLICO DO TRABALHO, no uso das atribuições que lhe foram delegadas pela Portaria MPT-DG nº 49, de 22 de janeiro de 2019, publicada no D.O.U em 28 de janeiro de 2019, e tendo em vista o que consta do PGEA/MPT nº 20.02.1800.0000755/2025-57, resolve:</p><p>Art. 1º Conceder aposentadoria voluntária, com proventos integrais, ao servidor ÊNIO FERREIRA JÚNIOR, matrícula nº 6002468-2, ocupante do cargo de Analista do MPU/Direito, Código AN030101, Classe C, Padrão 13, da Carreira de Analista do MPU, do Quadro Permanente do Ministério Público do Trabalho, com fundamento no artigo 20 da Emenda Constitucional nº 103/2019, com a vantagem prevista no artigo 3º da Lei nº 8.911/1994, assegurada pelo artigo 13 da Lei nº 9.624/1998, observado o disposto no artigo 62-A da Lei nº 8.112/1990.</p><p class="assina">ANDERSON RÉGIS CAVALCANTE FEITOSA</p>]]></Texto>
  </body>
  <Midias />
</article></xml>