﻿<xml><article id="45708904" name="Portaria nA 5455" idOficio="11311071" pubName="DO2" artType="Portaria" pubDate="01/10/2025" artClass="00050:00020:00089:00000:00000:00000:00000:00000:00000:00000:00017:00000" artCategory="Ministério dos Transportes/Departamento Nacional de Infraestrutura de Transportes/Superintendência Regional na Bahia" artSize="12" artNotes="" numberPage="111" pdfPage="http://pesquisa.in.gov.br/imprensa/jsp/visualiza/index.jsp?data=01/10/2025&amp;jornal=529&amp;pagina=111" editionNumber="187" highlightType="" highlightPriority="" highlight="" highlightimage="" highlightimagename="" idMateria="23152604">
  <body>
    <Identifica><![CDATA[ PORTARIA Nº 5.455, DE 9 DE SETEMBRO DE 2025]]></Identifica>
    <Data><![CDATA[]]></Data>
    <Ementa />
    <Titulo />
    <SubTitulo />
    <Texto><![CDATA[<p class="identifica">PORTARIA Nº 5.455, DE 9 DE SETEMBRO DE 2025</p><p>O SUPERINTENDENTE REGIONAL NO ESTADO DA BAHIA DO DEPARTAMENTO NACIONAL DE INFRAESTRUTURA DE TRANSPORTES - DNIT, usando da competência que lhe foi delegada pela Portaria DG nº 931, de 30 de maio de 2016, publicada no DOU de 1º de junho de 2016, resolve:</p><p>CONCEDER aposentadoria voluntária ao servidor RONILDO FERREIRA DE SOUZA, matrículas DNIT nº 751-0 e SIAPE nº 0737169, ocupante do cargo de Datilográfo, código SA-802, Classe "S", Padrão V, Nível Intermediário, pertencente ao Quadro de Pessoal Específico desta Autarquia, lotado na Superintendência Regional no Estado da Bahia, com fundamento no art. 3º, da Emenda Constitucional nº 47/2005, combinado com o art. 3º da Emenda Constitucional nº 103/2019, com paridade e proventos integrais e com a opção pela incorporação da gratificação de desempenho nos termos do artigo 5º da Lei nº 13.371 de 14 de dezembro de 2016. (Proc. nº 50605.002535/2025-41)</p><p class="assina">ROBERTO ALCÂNTARA DE SOUZA</p>]]></Texto>
  </body>
  <Midias />
</article></xml>