﻿<xml><article id="45709138" name="PORTARIA N 790_23159365" idOficio="11314920" pubName="DO2" artType="Portaria" pubDate="01/10/2025" artClass="00070:00042:00001:00001:00000:00000:00000:00000:00000:00000:00017:00000" artCategory="Poder Judiciário/Tribunal Regional do Trabalho da 1ª Região/Presidência/Gabinete da Presidência" artSize="12" artNotes="" numberPage="130" pdfPage="http://pesquisa.in.gov.br/imprensa/jsp/visualiza/index.jsp?data=01/10/2025&amp;jornal=529&amp;pagina=130" editionNumber="187" highlightType="" highlightPriority="" highlight="" highlightimage="" highlightimagename="" idMateria="23159365">
  <body>
    <Identifica><![CDATA[ PORTARIA SGP Nº 790, DE 10 DE SETEMBRO DE 2025]]></Identifica>
    <Data><![CDATA[]]></Data>
    <Ementa />
    <Titulo />
    <SubTitulo />
    <Texto><![CDATA[<p class="identifica">PORTARIA SGP Nº 790, DE 10 DE SETEMBRO DE 2025</p><p>O PRESIDENTE DO TRIBUNAL REGIONAL DO TRABALHO DA PRIMEIRA REGIÃO, no uso de suas atribuições legais e regimentais, tendo em vista o que consta do PROAD 11445/2025, resolve:</p><p>Conceder aposentadoria por incapacidade permanente para o trabalho ao servidor WOLNEY MAGALHÃES CARVALHO, no cargo de Técnico Judiciário, Área Administrativa, Agente da Polícia Judiciária, Classe C, Padrão 13, com fundamento no artigo 40, § 1º, inciso I, da Constituição Federal, c/c artigo 10, § 1º, inciso II, da Emenda Constitucional 103/2019, na base de 94% (noventa e quatro por cento) da média aritmética apurada na forma do e § 2º, inciso caput II, do artigo 26 do mesmo dispositivo.</p><p class="assina">ROQUE LUCARELLI DATTOLI</p>]]></Texto>
  </body>
  <Midias />
</article></xml>