﻿<xml><article id="45712928" name="PORT.NA 191 DE 29.09.2025.CONC.A" idOficio="11315356" pubName="DO2" artType="Portaria" pubDate="01/10/2025" artClass="00008:00002:00029:00000:00000:00000:00000:00000:00000:00000:00017:00000" artCategory="Ministério da Agricultura e Pecuária/Secretaria Executiva/Superintendência de Agricultura e Pecuária do Estado do Pernambuco" artSize="12" artNotes="" numberPage="7" pdfPage="http://pesquisa.in.gov.br/imprensa/jsp/visualiza/index.jsp?data=01/10/2025&amp;jornal=529&amp;pagina=7" editionNumber="187" highlightType="" highlightPriority="" highlight="" highlightimage="" highlightimagename="" idMateria="23160006">
  <body>
    <Identifica><![CDATA[ Portaria nº 191, de 29 de setembro de 2025]]></Identifica>
    <Data><![CDATA[]]></Data>
    <Ementa />
    <Titulo />
    <SubTitulo />
    <Texto><![CDATA[<p class="identifica">Portaria nº 191, de 29 de setembro de 2025</p><p>O SUPERINTENDENTE FEDERAL DE AGRICULTURA E PECUÁRIA NO ESTADO DE PERNAMBUCO, no uso da competência que lhe foi delegada pela Portaria nº 1.213, de 02 de maio de 2023, publicada no Diário Oficial da União de 09 de maio de 2023 e art. 262, da Portaria Ministerial nº 561, de 11 de abril de 2018, publicada no Diário Oficial da União de 13 de abril de 2018, da Portaria SE/MAPA nº 22, de 25 de abril de 2023, publicada no Diário Oficial da União de 26 de abril de 2023, e o que consta no Processo SEI: 21036.002003/2025-15. resolve:</p><p>Art. 1º CONCEDER pensão a viúva, EVA PEIXOTO DE ALENCAR MELO, do ex-servidor aposentado LEALDO ASSIS DE MELO, SIAPE: 16062 , Falecido 18/02/2025, considerando o artigo 215 , 217 inciso 1º da Lei 8112/90, considerando o disposto no § 4º do artigo 23 da EC 103/2019 combinado com os artigos 16 inciso 1º, 74 e artigo 77, § 2º inciso V alínea "C" , item 6 , da Lei nº 8.213 de 1991. combinado com o artigo 23, da emenda constitucional nº 103/2019, a partir da data do óbito 18/02/2025.</p><p>Art. 3º- Esta Portaria entra em vigor na data da sua publicação.</p><p class="assina">Flavio Antônio Costa Miranda Sotero</p>]]></Texto>
  </body>
  <Midias />
</article></xml>