﻿<xml><article id="45709555" name="ATO PORTARIA SEGEP 163" idOficio="11314883" pubName="DO2" artType="Portaria" pubDate="01/10/2025" artClass="00047:00002:00021:00026:00016:00000:00000:00000:00000:00000:00017:00000" artCategory="Ministério da Saúde/Secretaria Executiva/Subsecretaria de Assuntos Administrativos/Superintendência Estadual do Ministério da Saúde em São Paulo/Serviço de Gestão de Pessoas" artSize="12" artNotes="" numberPage="105" pdfPage="http://pesquisa.in.gov.br/imprensa/jsp/visualiza/index.jsp?data=01/10/2025&amp;jornal=529&amp;pagina=105" editionNumber="187" highlightType="" highlightPriority="" highlight="" highlightimage="" highlightimagename="" idMateria="23159333">
  <body>
    <Identifica><![CDATA[ PORTARIA SEGEP/SP Nº 163, de 29 de setembro de 2025]]></Identifica>
    <Data><![CDATA[]]></Data>
    <Ementa />
    <Titulo />
    <SubTitulo />
    <Texto><![CDATA[<p class="identifica">PORTARIA SEGEP/SP Nº 163, de 29 de setembro de 2025</p><p>A CHEFE DO SERVIÇO DE GESTÃO DE PESSOAS DA SUPERINTENDÊNCIA ESTADUAL DO MINISTÉRIO DA SAÚDE EM SÃO PAULO, de acordo com o Decreto nº 11.798, de 28 de novembro de 2023, alterado pelo Decreto nº 12.036, de 28 de maio de 2024 e conforme Apostilamento publicado no Boletim de Serviço Eletrônico nº 140, de 11 de dezembro de 2023 - Edição Extraordinária, combinado com o Apostilamento publicado no Boletim de Serviço Eletrônico nº 69, de 19 de junho de 2024 - Edição Extraordinária , e tendo em vista que consta do processo 25004.001650/2025-20, resolve:</p><p>Art. 1º - Homologar, face a opção da interessada, o encerramento da aposentadoria da servidora NORMA FERREIRA DA COSTA ARANTES, SIAPE 6658390, do cargo de Artífice de Confecções de Roupas e Uniformes, a contar de 23/09/2025, concedida através da Portaria DIAD/SERPI/'ERESP nº 511, de 26 de junho de 1.996, publicada no Diário Oficial da União nº 126, seção 2, p. 4760, de 02/07/1996, tendo em vista a acumulação de cargos.</p><p class="assina">SILVIA MARIA DA SILVA MOURA</p>]]></Texto>
  </body>
  <Midias />
</article></xml>