﻿<xml><article id="45714285" name="PORTARIA NA 2637 DE 19 DE SETEMB" idOficio="11315558" pubName="DO2" artType="Portaria" pubDate="01/10/2025" artClass="00025:00103:00000:00000:00000:00000:00000:00000:00000:00000:00017:00006" artCategory="Ministério da Educação/Universidade Federal Fluminense" artSize="12" artNotes="" numberPage="42" pdfPage="http://pesquisa.in.gov.br/imprensa/jsp/visualiza/index.jsp?data=01/10/2025&amp;jornal=529&amp;pagina=42" editionNumber="187" highlightType="" highlightPriority="" highlight="" highlightimage="" highlightimagename="" idMateria="23160447">
  <body>
    <Identifica><![CDATA[ PORTARIA Nº 2.637, DE 19 DE SETEMBRO DE 2025]]></Identifica>
    <Data><![CDATA[]]></Data>
    <Ementa />
    <Titulo />
    <SubTitulo />
    <Texto><![CDATA[<p class="identifica">PORTARIA Nº 2.637, DE 19 DE SETEMBRO DE 2025</p><p>O REITOR DA UNIVERSIDADE FEDERAL FLUMINENSE, no uso de suas atribuições, e tendo em vista o que consta do Processo UFF n.º 23069.156598/2022-15, resolve:</p><p>Conceder aposentadoria voluntária a LYGIA BAPTISTA PEREIRA SEGALA PAULETTO , matrícula SIAPE nº 1075222 , ocupante do cargo de Professor do Magistério Superior, Classe C, Nível 001, do Plano de Carreiras e Cargos de Magistério Federal, do Quadro de Pessoal Permanente desta Universidade, código de vaga 239845, com fundamento no artigo 6º, incisos I, II, III e IV da EC 41/03, c/c o artigo 3º da Emenda Constitucional nº103/2019, com proventos integrais , cumulativamente com o adicional por tempo de serviço no percentual de 04% (quatro por cento), com a retribuição por titulação.</p><p class="assina">ANTONIO CLAUDIO LUCAS DA NOBREGA</p>]]></Texto>
  </body>
  <Midias />
</article></xml>