﻿<xml><article id="45711926" name="PORTARIA N 1.555_23159638" idOficio="11315209" pubName="DO2" artType="Portaria" pubDate="01/10/2025" artClass="00066:00010:00001:00000:00000:00000:00000:00000:00000:00000:00017:00004" artCategory="Ministério Público da União/Ministério Público do Trabalho/Procuradoria-Geral" artSize="12" artNotes="" numberPage="116" pdfPage="http://pesquisa.in.gov.br/imprensa/jsp/visualiza/index.jsp?data=01/10/2025&amp;jornal=529&amp;pagina=116" editionNumber="187" highlightType="" highlightPriority="" highlight="" highlightimage="" highlightimagename="" idMateria="23159638">
  <body>
    <Identifica><![CDATA[ PORTARIA Nº 1.555, DE 29 DE SETEMBRO DE 2025]]></Identifica>
    <Data><![CDATA[]]></Data>
    <Ementa />
    <Titulo />
    <SubTitulo />
    <Texto><![CDATA[<p class="identifica">PORTARIA Nº 1.555, DE 29 DE SETEMBRO DE 2025</p><p></p><p>O PROCURADOR-GERAL DO TRABALHO, no uso de suas atribuições legais e regulamentares, considerando o disposto nos artigos 87 e 91, XXI, da Lei Complementar nº 75/93, sem prejuízo da substituição plena objeto do artigo 89 da Lei Complementar nº 75/93, e em consonância com as disposições legais e regulamentares pertinentes, especialmente com as Resoluções do Conselho Superior do Ministério Público do Trabalho, e:</p><p>Considerando o teor da Portaria PGT nº 1252.2025, que delegou à Vice- Procuradora-Geral do Trabalho atribuição concorrente à do Procurador-Geral do Trabalho para as atribuições que elenca;</p><p>Considerando a Portaria PGT nº 1286.2025, que designou a Subprocuradora-Geral do Trabalho DANIELA DE MORAIS DO MONTE VARANDAS para o exercício das atribuições legais e regulamentares do Procurador-Geral do Trabalho, nas ausências e afastamentos simultâneos deste e da Vice-Procuradora-Geral do Trabalho, resolve:</p><p>Art. 1º Delegar à Subprocuradora-Geral do Trabalho DANIELA DE MORAIS DO MONTE VARANDAS, concorrentemente com a Vice-Procuradora-Geral do Trabalho, as atribuições elencadas na Portaria PGT nº 1252.2025.</p><p class="assina">GLÁUCIO ARAÚJO DE OLIVEIRA</p>]]></Texto>
  </body>
  <Midias />
</article></xml>