﻿<xml><article id="45709321" name="PORTARIA N 135_23098016" idOficio="11278210" pubName="DO2" artType="Portaria" pubDate="01/10/2025" artClass="00070:00051:00001:00000:00000:00000:00000:00000:00000:00000:00017:00000" artCategory="Poder Judiciário/Tribunal Regional do Trabalho da 10ª Região/Presidência" artSize="12" artNotes="" numberPage="134" pdfPage="http://pesquisa.in.gov.br/imprensa/jsp/visualiza/index.jsp?data=01/10/2025&amp;jornal=529&amp;pagina=134" editionNumber="187" highlightType="" highlightPriority="" highlight="" highlightimage="" highlightimagename="" idMateria="23098016">
  <body>
    <Identifica><![CDATA[ PORTARIA Nº 135, DE 10 DE SETEMBRO DE 2025]]></Identifica>
    <Data><![CDATA[]]></Data>
    <Ementa />
    <Titulo />
    <SubTitulo />
    <Texto><![CDATA[<p class="identifica">PORTARIA Nº 135, DE 10 DE SETEMBRO DE 2025</p><p>O PRESIDENTE DO TRIBUNAL REGIONAL DO TRABALHO DA DÉCIMA REGIÃO, no uso de suas atribuições legais e regimentais,</p><p>considerando o contido no Processo Administrativo SEI nº 0006459-02.2025.5.10.8000, resolve:</p><p>REDISTRIBUIR, com efeitos a partir de 1º/10/2025, para o quadro de pessoal do Tribunal Superior do Trabalho, ante a concordância manifestada por aquela Corte, o cargo de Técnico Judiciário, Área Administrativa, do Quadro de Pessoal Permanente deste Tribunal, ocupado pela servidora PUALANNI CASTELO BRANCO LOPES MOURÃO, em reciprocidade com idêntico cargo vago do Quadro de Pessoal daquele Col. Tribunal, preenchidos os demais requisitos do art. 37 da Lei nº 8.112/1990, na redação dada pela Lei nº 9.527/1997, da Resolução nº 146/2012 do Conselho Nacional de Justiça e da Resolução Administrativa nº 84/2010 do TRT 10.</p><p>A presente Portaria entra em vigor na data de sua publicação.</p><p class="assina">RIBAMAR LIMA JUNIOR</p>]]></Texto>
  </body>
  <Midias />
</article></xml>