﻿<xml><article id="45714712" name="srh2563" idOficio="11315654" pubName="DO2" artType="Portaria" pubDate="01/10/2025" artClass="00025:00097:00000:00000:00000:00000:00000:00000:00000:00000:00017:00000" artCategory="Ministério da Educação/Universidade Federal de Campina Grande" artSize="12" artNotes="" numberPage="40" pdfPage="http://pesquisa.in.gov.br/imprensa/jsp/visualiza/index.jsp?data=01/10/2025&amp;jornal=529&amp;pagina=40" editionNumber="187" highlightType="" highlightPriority="" highlight="" highlightimage="" highlightimagename="" idMateria="23160572">
  <body>
    <Identifica><![CDATA[ PORTARIAS R/SRH DE 29 DE SETEMBRO DE 2025]]></Identifica>
    <Data><![CDATA[]]></Data>
    <Ementa />
    <Titulo />
    <SubTitulo />
    <Texto><![CDATA[<p class="identifica">PORTARIAS R/SRH DE 29 DE SETEMBRO DE 2025</p><p>O REITOR DA UNIVERSIDADE FEDERAL DE CAMPINA GRANDE, tendo em vista a Lei n.º 10.419, de 09 de abril de 2002 (D.O.U. de 10/04/02) e o Decreto do Presidente da República de 14 de fevereiro de 2025, publicado no Diário Oficial da União (DOU), Edição Extra 32-A, Seção 2 - Extra A, p. 1), no uso de suas atribuições, resolve:</p><p>Nº 2.563 - Rescindir, a pedido, o contrato temporário Nº 50/2025, do servidor ÉRICO VINÍCIUS BEZERRA LEITE, matrícula SIAPE Nº 3496294, cargo: Professor de Magistério Superior (substituto), contratado para prestar serviço a Unidade Acadêmica de Física do Centro de Ciências e Tecnologia desta Universidade, com efeito retroativo a 15 de agosto de 2025. (atendendo ao despacho da DCTP/CLN/SRH (5871831), e no que consta no processo Nº 23096.064398/2025-52)</p><p>Nº 2.564 - Rescindir, a pedido, o contrato temporário Nº 04/2024, de MATEUS RODRIGUES DA COSTA, matrícula siape: 1089105, cargo: Professor de Magistério Superior (substituto), contratado para prestar serviço a Unidade Acadêmica de Ciências e Tecnologia Ambiental de Centro de Ciências e Tecnologia Agroalimentar, com efeito a partir de 01 de outubro de 2025. (atendendo ao Despacho DCTP/CLN/SRH (5872635), e no que consta no processo Nº 23096.061216/2025-91)</p><p>Nº 2.566 - Dispensar, a pedido, o servidor abaixo relacionado, da função referente à Coordenação Executiva Colegiada da Unidade Acadêmica de Engenharia de Biotecnologia e Bioprocessos do Centro de Desenvolvimento Sustentável do Semiárido desta Universidade, com efeito a partir de 15 de setembro de 2025, atendendo ao Ofício SEI Nº 28/2025/UAEB-CDSA/CDSA-SUME. (processo Nº 23096.053486/2025-29)</p><p /><p></p><table><tr /><tr><td rowspan="1" colspan="1"><p>SERVIDOR(A)</p></td><td rowspan="1" colspan="1"><p>Matrícula</p></td><td rowspan="1" colspan="1"><p>Função pro tempore- UAEB/CDSA/UFCG</p></td></tr><tr><td rowspan="1" colspan="1"><p>JANDUY GUERRA ARAÚJO</p></td><td rowspan="1" colspan="1"><p>1867672</p></td><td rowspan="1" colspan="1"><p>(FUC-01) - Coordenador de Graduação</p></td></tr></table><p>Nº 2.567 - Designar, em caráter pro tempore, o servidor abaixo relacionado, na função referente à Coordenação Executiva Colegiada da Unidade Acadêmica de Engenharia de Biotecnologia e Bioprocessos do Centro de Desenvolvimento Sustentável do Semiárido desta Universidade, com efeito a partir de 16 de setembro de 2025, atendendo ao Ofício SEI Nº 201/2025/DC-CDSA/CDSA-SUME. (processo Nº 23096.053486/2025-29)</p><p /><p></p><table><tr /><tr><td rowspan="1" colspan="1"><p>SERVIDOR(A)</p></td><td rowspan="1" colspan="1"><p>Matrícula</p></td><td rowspan="1" colspan="1"><p>Função pro tempore- UAEB/CDSA/UFCG</p></td></tr><tr><td rowspan="1" colspan="1"><p>BRUNO RAFAEL PEREIRA NUNES</p></td><td rowspan="1" colspan="1"><p>2331779</p></td><td rowspan="1" colspan="1"><p>(FUC-01)-Coordenador De Graduação</p></td></tr></table><p>Nº 2.568 - Designar TARSILA MOSCOSO BORGES, matrícula siape: 2032456, do quadro permanente de pessoal desta Universidade, para substituir CARLOS ANTONIO COSTA DOS SANTOS, matrícula SIAPE n.º 1800673, no Cargo de Direção (CD-04) de COORDENADORA GERAL DE PÓS-GRADUAÇÃO da PRPG/UFCG, durante o período de 01/10/2025 a 15/10/2025, em virtude de férias do titular da função. (processo Nº 23096.024069/2025-79)</p><p>Nº 2.569 - Dispensar, a pedido, o servidor abaixo relacionado, da função referente ao Colegiado da Unidade Acadêmica de Ciências e Tecnologia Ambiental do Centro de Ciências e Tecnologia Agroalimentar desta Universidade, com efeito a partir de 30 de setembro de 2025, conforme Ofício SEI Nº 100/2025/CGECIV-CCTA/CCTA-POMBAL. (processo Nº 23096.058952/2025-62)</p><p /><p></p><table><tr /><tr><td rowspan="1" colspan="1"><p>Servidor(a)</p></td><td rowspan="1" colspan="1"><p>matrícula</p></td><td rowspan="1" colspan="1"><p>Função -pro tempore- UACTA/CCTA/UFCG</p></td></tr><tr><td rowspan="1" colspan="1"><p>LEOVEGILDO DOUGLAS PEREIRA DE SOUZA</p></td><td rowspan="1" colspan="1"><p>1226979</p></td><td rowspan="1" colspan="1"><p>FUC-01 - COORDENADOR DE GRADUAÇÃO do Curso de Engenharia Civil</p></td></tr></table><p>Nº 2.570 - Designar, em caráter pro tempore, o servidor abaixo relacionado, na função referente ao Colegiado da Unidade Acadêmica de Ciências e Tecnologia Ambiental do Centro de Ciências e Tecnologia Agroalimentar desta Universidade, com efeito a partir de 01 de outubro de 2025, conforme Despacho da DC/CCTA (5869182). (processo Nº 23096.058952/2025-62)</p><p /><p></p><table><tr /><tr><td rowspan="1" colspan="1"><p>Servidor(a)</p></td><td rowspan="1" colspan="1"><p>matrícula</p></td><td rowspan="1" colspan="1"><p>Função -pro tempore- UACTA/CCTA/UFCG</p></td></tr><tr><td rowspan="1" colspan="1"><p>RAPHAEL BORGES DA NÓBREGA</p></td><td rowspan="1" colspan="1"><p>3235771</p></td><td rowspan="1" colspan="1"><p>FUC-01 - COORDENADOR DE GRADUAÇÃO do Curso de Engenharia Civil</p></td></tr></table><p>Nº 2.571 - Prorrogar os efeitos da Portaria Nº 2.521, de 28 de setembro de 2023, publicada no Diário Oficial da União em 04 de outubro de 2023, seção: 02, página: 31, referente à designação da Coordenação Executiva Colegiada da Unidade Acadêmica de Ciências da Vida do Centro de Formação de Professores (biênio 2023-2025). (processoNº 23096.064412/2025-18)</p><p>Nº 2.572 - Art. 1º Designar a servidora EMANOELLE DE OLIVEIRA RODRIGUES AGRA, Matrícula Siape: 3209841, do quadro de pessoal permanente desta Universidade, para substituir Edmilson de Souza Ramos Neto, matrícula siape: 1318247, no cargo de Direção (CD-03) de COORDENADOR DA SECRETARIA DOS ÓRGÃOS DELIBERATIVOS SUPERIORES da UFCG, durante o período de 06/10/2025 a 15/10/2025, em virtude de férias do titular da função. (processo Nº 23096.062705/2025-61)</p><p>Art. 2º - Esta portaria entra em vigor na data de sua assinatura, publique-se.</p><p class="assina">CAMILO ALLYSON SIMÕES DE FARIAS</p>]]></Texto>
  </body>
  <Midias />
</article></xml>