﻿<xml><article id="45712535" name="PORTS VACANCIA - CGGP__SW4RJ6" idOficio="11315228" pubName="DO2" artType="Portaria" pubDate="01/10/2025" artClass="00034:00062:00031:00003:00000:00000:00000:00000:00000:00000:00017:00001" artCategory="Ministério do Meio Ambiente e Mudança do Clima/Instituto Brasileiro do Meio Ambiente e dos Recursos Naturais Renováveis/Diretoria de Planejamento, Administração e Logística/Coordenação-Geral de Gestão de Pessoas" artSize="12" artNotes="" numberPage="78" pdfPage="http://pesquisa.in.gov.br/imprensa/jsp/visualiza/index.jsp?data=01/10/2025&amp;jornal=529&amp;pagina=78" editionNumber="187" highlightType="" highlightPriority="" highlight="" highlightimage="" highlightimagename="" idMateria="23159771">
  <body>
    <Identifica><![CDATA[ PORTARIA DE PESSOAL CGGP/DIPLAN/IBAMA Nº 2.165, DE 29 DE SETEMBRO DE 2025]]></Identifica>
    <Data><![CDATA[]]></Data>
    <Ementa />
    <Titulo />
    <SubTitulo />
    <Texto><![CDATA[<p class="identifica">PORTARIA DE PESSOAL CGGP/DIPLAN/IBAMA Nº 2.165, DE 29 DE SETEMBRO DE 2025</p><p>A COORDENADORA-GERAL DE GESTÃO DE PESSOAS DO INSTITUTO BRASILEIRO DO MEIO AMBIENTE E DOS RECURSOS NATURAIS RENOVÁVEIS - Ibama, no uso das atribuições que lhe confere a Portaria nº 2.204, de 01 de agosto de 2018, e considerando o que consta no processo administrativo nº 02025.001948/2025-96, resolve:</p><p>Art. 1º Declarar vago, a partir de 26/09/2025, o cargo de Técnico Ambiental, código 427996, Classe B, Padrão III, ocupado pelo servidor PAULO RENATO DE OLIVEIRA FAGUNDES CARVALHO DE MORAES, matrícula SIAPE nº 330****, integrante do Quadro de Pessoal deste Instituto, por motivo de posse em outro cargo inacumulável, com fundamento no inciso VIII do art. 33, da Lei nº 8.112, de 11 de dezembro de 1990.</p><p>Art. 2º Esta portaria entra em vigor na data de sua publicação.</p><p class="assina">ANDRÉA MARIA DE MARQUE</p><p class="identifica">PORTARIA DE PESSOAL CGGP/DIPLAN/IBAMA Nº 2.166, DE 29 DE SETEMBRO DE 2025</p><p>A COORDENADORA-GERAL DE GESTÃO DE PESSOAS DO INSTITUTO BRASILEIRO DO MEIO AMBIENTE E DOS RECURSOS NATURAIS RENOVÁVEIS - Ibama, no uso das atribuições que lhe confere a Portaria nº 2.204, de 01 de agosto de 2018, e considerando o que consta no processo administrativo nº 02002.002127/2025-35, resolve:</p><p>Art. 1º Declarar vago, a partir de 29/09/2025, o cargo de Técnico Administrativo, código 430210, Classe C, Padrão V, ocupado pelo servidor CAIO LIMA CARVALHO, matrícula SIAPE nº 103***, integrante do Quadro de Pessoal deste Instituto, por motivo de posse em outro cargo inacumulável, com fundamento no inciso VIII do art. 33, da Lei nº 8.112, de 11 de dezembro de 1990.</p><p>Art. 2º Esta portaria entra em vigor na data de sua publicação.</p><p class="assina">ANDRÉA MARIA DE MARQUE</p><p class="identifica">PORTARIA DE PESSOAL CGGP/DIPLAN/IBAMA Nº 2.168, DE 29 DE SETEMBRO DE 2025</p><p>A COORDENADORA-GERAL DE GESTÃO DE PESSOAS DO INSTITUTO BRASILEIRO DO MEIO AMBIENTE E DOS RECURSOS NATURAIS RENOVÁVEIS - Ibama, no uso das atribuições que lhe confere a Portaria nº 2.204, de 01 de agosto de 2018, e considerando o que consta no processo administrativo nº 02001.031883/2025-81, resolve:</p><p>Art. 1º Declarar vago, a partir de 26/09/2025, o cargo de Técnico Administrativo, código 429219, Classe S, Padrão III, ocupado pela servidora RAQUEL MIRANDA PIRES, matrícula SIAPE nº 204****, integrante do Quadro de Pessoal deste Instituto, por motivo de posse em outro cargo inacumulável, com fundamento no inciso VIII do art. 33, da Lei nº 8.112, de 11 de dezembro de 1990.</p><p>Art. 2º Esta portaria entra em vigor na data de sua publicação.</p><p class="assina">ANDRÉA MARIA DE MARQUE</p>]]></Texto>
  </body>
  <Midias />
</article></xml>