﻿<xml><article id="45713307" name="PORTARIA N 1.358_23160131" idOficio="11315463" pubName="DO2" artType="Portaria" pubDate="01/10/2025" artClass="00048:00002:00000:00000:00000:00000:00000:00000:00000:00000:00017:00000" artCategory="Ministério do Trabalho e Emprego/Secretaria Executiva" artSize="12" artNotes="" numberPage="110" pdfPage="http://pesquisa.in.gov.br/imprensa/jsp/visualiza/index.jsp?data=01/10/2025&amp;jornal=529&amp;pagina=110" editionNumber="187" highlightType="" highlightPriority="" highlight="" highlightimage="" highlightimagename="" idMateria="23160131">
  <body>
    <Identifica><![CDATA[ PORTARIA SE/MTE N° 1.358, DE 29 DE SETEMBRO DE 2025]]></Identifica>
    <Data><![CDATA[]]></Data>
    <Ementa />
    <Titulo />
    <SubTitulo />
    <Texto><![CDATA[<p class="identifica">PORTARIA SE/MTE N° 1.358, DE 29 DE SETEMBRO DE 2025</p><p>O SECRETÁRIO-EXECUTIVO DO MINISTÉRIO DO TRABALHO E EMPREGO, no uso da competência que lhe foi subdelegada pelo art. 15 da Portaria MTE nº 635, de 16 de março de 2023, e considerando o disposto no art. 287 da Lei nº 11.907, de 2 de fevereiro de 2009, no quantitativo disponibilizado por meio do Anexo II da Portaria GM/ME nº 670, de 8 de dezembro de 2019, alterado pela Anexo da Portaria SGD/MGI nº 3.385, de 16 de outubro de 2024, posteriormente retificada em 26 de novembro de 2024, bem como o que consta no Processo nº 19958.206230/2025-66, resolve:</p><p>Art. 1º Conceder a Gratificação Temporária do Sistema de Administração dos Recursos de Tecnologia da Informação (GSISP) - Privacidade e Segurança da Informação, de Nível Superior, ao servidor ISMAEL RODRIGUES PEREIRA JÚNIOR, Analista Ambiental, matrícula nº 1334156, em exercício na Coordenação de Infraestrutura em TI da Coordenação-Geral de Infraestrutura, da Diretoria de Tecnologia da Informação da Secretaria-Executiva.</p><p>Art. 2º Esta portaria entra em vigor na data de sua publicação.</p><p class="assina">FRANCISCO MACENA DA SILVA</p>]]></Texto>
  </body>
  <Midias />
</article></xml>