﻿<xml><article id="45709675" name="2249" idOficio="11312215" pubName="DO2" artType="Portaria" pubDate="01/10/2025" artClass="00025:00061:00000:00000:00000:00000:00000:00000:00000:00000:00017:00000" artCategory="Ministério da Educação/Instituto Federal de Educação, Ciência e Tecnologia Catarinense" artSize="12" artNotes="" numberPage="30" pdfPage="http://pesquisa.in.gov.br/imprensa/jsp/visualiza/index.jsp?data=01/10/2025&amp;jornal=529&amp;pagina=30" editionNumber="187" highlightType="" highlightPriority="" highlight="" highlightimage="" highlightimagename="" idMateria="23154522">
  <body>
    <Identifica><![CDATA[ PORTARIA Nº 2.249, de 26 de setembro de 2025]]></Identifica>
    <Data><![CDATA[]]></Data>
    <Ementa />
    <Titulo />
    <SubTitulo />
    <Texto><![CDATA[<p class="identifica">PORTARIA Nº 2.249, de 26 de setembro de 2025</p><p>O REITOR DO INSTITUTO FEDERAL CATARINENSE, no uso de sua competência que lhe foi subdelegada pelo Decreto sem número de 15/01/2024, publicado no Diário Oficial da União, seção 2, pág. 01, em 16/01/2024, considerando o que consta no Processo nº 23350.002271/2025-91, resolve:</p><p>Art. 1º CONCEDER Aposentadoria Voluntária a partir de 01/10/2025, com proventos calculados pela totalidade da remuneração ao (a) servidor (a) MARIA GORETI ALESSIO CRISPIM, ocupante do cargo de Odontólogo - 30 horas, Classe E, Padrão 19, matrícula SIAPE nº ****310, código de vaga 690998, lotado (a) no Campus Camboriú, com fundamento no art. 3º da Emenda Constitucional 47/2005, combinado com o art. 3º, §1º, da Emenda Constitucional 103/2019 (049010), sem computar períodos de licença prêmio, pois não há períodos a serem computados.</p><p>Art. 2º Declarar VAGO o referido cargo.</p><p>Art. 3º Esta portaria entra em vigor na data de sua publicação.</p><p class="assina">RUDINEI KOCK EXTERCKOTER</p>]]></Texto>
  </body>
  <Midias />
</article></xml>