﻿<xml><article id="45711941" name="Portaria 449" idOficio="11315210" pubName="DO2" artType="Portaria" pubDate="01/10/2025" artClass="00016:00011:00013:00008:00000:00000:00000:00000:00000:00000:00017:00001" artCategory="Ministério da Defesa/Comando do Exército/Comando Militar do Planalto/11ª Região Militar" artSize="12" artNotes="" numberPage="14" pdfPage="http://pesquisa.in.gov.br/imprensa/jsp/visualiza/index.jsp?data=01/10/2025&amp;jornal=529&amp;pagina=14" editionNumber="187" highlightType="" highlightPriority="" highlight="" highlightimage="" highlightimagename="" idMateria="23159639">
  <body>
    <Identifica><![CDATA[ PORTARIA Nº 449 SVP/11, DE 18 DE SETEMBRO DE 2025]]></Identifica>
    <Data><![CDATA[]]></Data>
    <Ementa />
    <Titulo />
    <SubTitulo />
    <Texto><![CDATA[<p class="identifica">PORTARIA Nº 449 SVP/11, DE 18 DE SETEMBRO DE 2025</p><p>O COMANDANTE DA 11ª REGIÃO MILITAR, O COMANDANTE DA 11ª REGIÃO MILITAR, no uso da competência que lhe foi subdelegada pela Portaria nº 458-DGP/ C Ex, de 10 de agosto de 2023, tendo em vista o cumprimento proferido nos autos do Processo Judicial nº 1021594-43.2018.4.01.3400, em trâmite na 4ª Vara Federal Cível da Seção Judiciária do Distrito Federal, resolve:</p><p>REFORMAR DEFINITIVAMENTE, o Sd JONAS ROSA DE SOUSA, (Idt 110529147-8), na graduação de Soldado, com o soldo correspondente ao grau que possuía na ativa, a contar de 1º de junho de 2018, nos termos do inciso IV do Art. 108 e Art 109 §1º, todos da Lei nº 6.880, de 9 de dezembro de 1980, do Estatuto dos Militares, concedendo ainda o benefício da Isenção do Imposto de Renda, previsto no Art 6º, inciso XIV, da Lei nº 7.713, de 22 de dezembro de 1988, em cumprimento à decisão judicial proferida nos autos do processo nº 1021594-43.2018.4.01.3400 e nos exatos termos do Parecer de Força Executória nº 1611/2025/PRU1R/PGU/AGU, prolatada em 15 de agosto de 2025.</p><p class="assina">Gen Bda ERON PACHECO DA SILVA</p>]]></Texto>
  </body>
  <Midias />
</article></xml>