﻿<xml><article id="45714288" name="PORTARIA NA 2649 DE 19 DE SETEMB" idOficio="11315558" pubName="DO2" artType="Portaria" pubDate="01/10/2025" artClass="00025:00103:00000:00000:00000:00000:00000:00000:00000:00000:00017:00014" artCategory="Ministério da Educação/Universidade Federal Fluminense" artSize="12" artNotes="" numberPage="42" pdfPage="http://pesquisa.in.gov.br/imprensa/jsp/visualiza/index.jsp?data=01/10/2025&amp;jornal=529&amp;pagina=42" editionNumber="187" highlightType="" highlightPriority="" highlight="" highlightimage="" highlightimagename="" idMateria="23160455">
  <body>
    <Identifica><![CDATA[ PORTARIA Nº 2.649, DE 19 DE SETEMBRO DE 2025]]></Identifica>
    <Data><![CDATA[]]></Data>
    <Ementa />
    <Titulo />
    <SubTitulo />
    <Texto><![CDATA[<p class="identifica">PORTARIA Nº 2.649, DE 19 DE SETEMBRO DE 2025</p><p>O REITOR DA UNIVERSIDADE FEDERAL FLUMINENSE, no uso de suas atribuições, e tendo em vista o que consta do Processo UFF n.º 23069.174178/2022-11, resolve:</p><p>Conceder aposentadoria voluntária a MARIA CRISTINA VILLELA , matrícula SIAPE nº 302984 , ocupante do cargo de AUXILIAR DEENFERMAGEM, Código 701411, Nível de Classificação C, Padrão de Vencimentos 19, do Quadro de Pessoal Permanente desta Universidade, código de vaga 233257, com fundamento no artigo 6º, incisos I, II, III e IV da EC 41/03, c/c o artigo 3º da Emenda Constitucional nº 103/2019, com proventos integrais, cumulativamente com o adicional por tempo de serviço no percentual de 13% (treze por cento) .</p><p class="assina">ANTONIO CLAUDIO LUCAS DA NOBREGA</p>]]></Texto>
  </body>
  <Midias />
</article></xml>