﻿<xml><article id="45713142" name="2615 - CCBL" idOficio="11315410" pubName="DO2" artType="Portaria" pubDate="01/10/2025" artClass="00025:00148:00001:00014:00000:00000:00000:00000:00000:00000:00017:00013" artCategory="Ministério da Educação/Fundação Universidade Federal do Maranhão/Gabinete da Reitoria/Pró-Reitoria de Recursos Humanos" artSize="12" artNotes="" numberPage="57" pdfPage="http://pesquisa.in.gov.br/imprensa/jsp/visualiza/index.jsp?data=01/10/2025&amp;jornal=529&amp;pagina=57" editionNumber="187" highlightType="" highlightPriority="" highlight="" highlightimage="" highlightimagename="" idMateria="23160072">
  <body>
    <Identifica><![CDATA[ PORTARIA Nº 2.615, de 30 de setembro de 2025]]></Identifica>
    <Data><![CDATA[]]></Data>
    <Ementa />
    <Titulo />
    <SubTitulo />
    <Texto><![CDATA[<p class="identifica">PORTARIA Nº 2.615, de 30 de setembro de 2025</p><p>O REITOR DA UNIVERSIDADE FEDERAL DO MARANHÃO, no uso de suas atribuições e competências conferidas pelo Estatuto e Regimento Geral desta instituição, CONSIDERANDO a homologação do processo eleitoral para escolha de Coordenadores(as) de Cursos de Graduação da UFMA, regido pelo Edital n° 10/2025, de 29 de setembro de 2025, CONSIDERANDO o Centro de Ciências de Balsas/CCBL, CONSIDERANDO os autos do processo 23115.028340/2025-70, resolve:</p><p>Art. 1º Designar, para o mandato de 2 (dois) anos, com início em 01 de outubro de 2025, os(as) seguintes docentes para exercerem a função de Coordenador(a) de Curso de Graduação no Centro de Balsas:</p><p /><p></p><table><tr /><tr><td rowspan="1" colspan="1"><p>SIAPE</p></td><td rowspan="1" colspan="1"><p>COORDENADOR(A)</p></td><td rowspan="1" colspan="1"><p>SUBUNIDADE/CENTRO</p></td><td rowspan="1" colspan="1"><p>NÍVEL</p></td></tr><tr><td rowspan="1" colspan="1"><p>1254258</p></td><td rowspan="1" colspan="1"><p>CARLA CAROLINE ALVES CARVALHO</p></td><td rowspan="1" colspan="1"><p>COORDENAÇÃO DO CURSO DE ENGENHARIA CIVIL/CCBL</p></td><td rowspan="1" colspan="1"><p>FG-01</p></td></tr><tr><td rowspan="1" colspan="1"><p>1104575</p></td><td rowspan="1" colspan="1"><p>DIEGO LIMA MEDEIROS</p></td><td rowspan="1" colspan="1"><p>COORDENAÇÃO DO CURSO DE ENGENHARIA AMBIENTAL E SANITÁRIA/CCBL</p></td><td rowspan="1" colspan="1"><p>FG-01</p></td></tr><tr><td rowspan="1" colspan="1"><p>2146539</p></td><td rowspan="1" colspan="1"><p>GUSTAVO ARAUJO DE ANDRADE</p></td><td rowspan="1" colspan="1"><p>COORDENAÇÃO DO CURSO DE ENGENHARIA ELÉTRICA/CCBL</p></td><td rowspan="1" colspan="1"><p>FG-01</p></td></tr><tr><td rowspan="1" colspan="1"><p>2072376</p></td><td rowspan="1" colspan="1"><p>REGINA MARIA MENDES OLIVEIRA</p></td><td rowspan="1" colspan="1"><p>COORDENAÇÃO DO CURSO DE CIÊNCIA E TECNOLOGIA/CCBL</p></td><td rowspan="1" colspan="1"><p>FUC-01</p></td></tr></table><p>Art. 2º Esta portaria entra em vigor na data de sua publicação.</p><p class="assina">FERNANDO CARVALHO SILVA</p>]]></Texto>
  </body>
  <Midias />
</article></xml>