﻿<xml><article id="45715308" name="DESPACHO DO REITOR - 30.09.2025 " idOficio="11315783" pubName="DO2" artType="Despacho" pubDate="01/10/2025" artClass="00025:00118:00000:00000:00000:00000:00000:00000:00000:00000:00013:00005" artCategory="Ministério da Educação/Universidade Federal de Pernambuco" artSize="12" artNotes="" numberPage="48" pdfPage="http://pesquisa.in.gov.br/imprensa/jsp/visualiza/index.jsp?data=01/10/2025&amp;jornal=529&amp;pagina=48" editionNumber="187" highlightType="" highlightPriority="" highlight="" highlightimage="" highlightimagename="" idMateria="23160665">
  <body>
    <Identifica><![CDATA[ DESPACHO De  15 de setembro de 2025]]></Identifica>
    <Data><![CDATA[]]></Data>
    <Ementa />
    <Titulo />
    <SubTitulo />
    <Texto><![CDATA[<p class="identifica">DESPACHO De 15 de setembro de 2025</p><p>O REITOR DA UNIVERSIDADE FEDERAL DE PERNAMBUCO, no uso da competência que lhe foi subdelegada pela Portaria nº 404-MEC, de 23 de abril de 2009, autoriza o afastamento do país da seguinte servidora:</p><p>CARLA FONSECA ZAMBALDI, SIAPE nº 2347056, lotado(a) no(a) Centro de Ciências Médicas, no período de 15/10/2025 a 18/10/2025, trânsito incluído, para afastar para congresso, no(a) Rede Chilena de Salud Mental Perinatal, em Vinã del mar/Chile, ônus Limitado. (Processo nº 23076.073387/2025-22)</p><p class="assina">ALFREDO MACEDO GOMES</p>]]></Texto>
  </body>
  <Midias />
</article></xml>