﻿<xml><article id="45719999" name="Portaria CFO-SEC-223-2025 - PROR" idOficio="11314927" pubName="DO2" artType="Portaria" pubDate="01/10/2025" artClass="00071:00051:00000:00000:00000:00000:00000:00000:00000:00000:00017:00000" artCategory="Entidades de Fiscalização do Exercício das Profissões Liberais/Conselho Federal de Odontologia" artSize="12" artNotes="" numberPage="137" pdfPage="http://pesquisa.in.gov.br/imprensa/jsp/visualiza/index.jsp?data=01/10/2025&amp;jornal=529&amp;pagina=137" editionNumber="187" highlightType="" highlightPriority="" highlight="" highlightimage="" highlightimagename="" idMateria="23159301">
  <body>
    <Identifica><![CDATA[ PORTARIA CFO-SEC Nº 223, DE 15 DE JULHO DE 2025]]></Identifica>
    <Data><![CDATA[]]></Data>
    <Ementa />
    <Titulo />
    <SubTitulo />
    <Texto><![CDATA[<p class="identifica">PORTARIA CFO-SEC Nº 223, DE 15 DE JULHO DE 2025</p><p>O Secretário-Geral do Conselho Federal de Odontologia, no uso das atribuições legais que lhe confere o art. 7º da Lei nº 4.324/1964 e em conformidade com o disposto na Constituição Federal de 1988 e também a legislação vigente;</p><p>Considerando a observância estrita das disposições da Constituição Federal de 1988, especialmente seus princípios administrativos previstos no artigo 37;</p><p>Considerando a prorrogação do prazo do Processo Administrativo Disciplinar 0505/2025 e os fundamentos apresentados na ATA DELIBERATIVA n.º 006/2025, de 26 de setembro do ano de 2025 da Comissão, que são ora adotados e acolhidos, resolve:</p><p>Art. 1º. Prorrogar, por 60 (sessenta) dias, o afastamento do servidor R.G.C., Matrícula nº 349, ocupante do cargo de Analista de Recursos Humanos, lotado no Departamento de Recursos Humanos do CFO, estabelecido previamente pela Portaria CFO-SEC-179, de 15 de julho de 2025, referente ao Processo nº 0505/2025, sem prejuízo da sua remuneração, com amparo na legislação vigente, em sintonia com as doutrina e jurisprudência pátrias.</p><p>Art. 2º. Esta Portaria entra em vigor na data de sua publicação.</p><p class="assina">ROBERTO DE SOUSA PIRES</p><p class="cargo">Em exercício</p>]]></Texto>
  </body>
  <Midias />
</article></xml>