﻿<xml><article id="45711944" name="Portaria 451" idOficio="11315210" pubName="DO2" artType="Portaria" pubDate="01/10/2025" artClass="00016:00011:00013:00008:00000:00000:00000:00000:00000:00000:00017:00002" artCategory="Ministério da Defesa/Comando do Exército/Comando Militar do Planalto/11ª Região Militar" artSize="12" artNotes="" numberPage="14" pdfPage="http://pesquisa.in.gov.br/imprensa/jsp/visualiza/index.jsp?data=01/10/2025&amp;jornal=529&amp;pagina=14" editionNumber="187" highlightType="" highlightPriority="" highlight="" highlightimage="" highlightimagename="" idMateria="23159640">
  <body>
    <Identifica><![CDATA[ PORTARIA Nº 451 SVP/11, DE 22 DE SETEMBRO DE 2025]]></Identifica>
    <Data><![CDATA[]]></Data>
    <Ementa />
    <Titulo />
    <SubTitulo />
    <Texto><![CDATA[<p class="identifica">PORTARIA Nº 451 SVP/11, DE 22 DE SETEMBRO DE 2025</p><p>O COMANDANTE DA 11ª REGIÃO MILITAR, O COMANDANTE DA 11ª REGIÃO MILITAR, no uso da competência que lhe foi subdelegada pela Portaria nº 458-DGP/ C Ex, de 10 de agosto de 2023, tendo em vista o cumprimento proferido nos autos do Processo Judicial nº 1000880-25.2024.4.01.3506, em trâmite na Vara Federal Cível e Criminal de Formosa - GO, resolve:</p><p>REFORMAR PROVISORIAMENTE, o Cb PABLO MARQUES DE ARAUJO CASTRO, (Idt 1105333973), na graduação de Cabo, com o soldo correspondente ao grau que possuía na ativa, a contar de 1º de junho de 2018, nos termos do inciso III do Art. 108 da Lei nº 6.880, de 9 de dezembro de 1980, do Estatuto dos Militares, em cumprimento à decisão judicial proferida nos autos do processo nº 1000880-25.2024.4.01.3506 e nos exatos termos do Parecer de Força Executória nº 01046/2025/PRU1R/PGU/AGU, prolatada em 08 de agosto de 2025.</p><p class="assina">Gen Bda ERON PACHECO DA SILVA</p>]]></Texto>
  </body>
  <Midias />
</article></xml>