﻿<xml><article id="45709630" name="PORTARIA N 1.641_23159091" idOficio="11314704" pubName="DO2" artType="Portaria" pubDate="01/10/2025" artClass="00025:00160:00000:00000:00000:00000:00000:00000:00000:00000:00017:00000" artCategory="Ministério da Educação/Fundação Universidade Federal de Sergipe" artSize="12" artNotes="" numberPage="60" pdfPage="http://pesquisa.in.gov.br/imprensa/jsp/visualiza/index.jsp?data=01/10/2025&amp;jornal=529&amp;pagina=60" editionNumber="187" highlightType="" highlightPriority="" highlight="" highlightimage="" highlightimagename="" idMateria="23159091">
  <body>
    <Identifica><![CDATA[ PORTARIA Nº 1.641, DE 29 DE SETEMBRO DE 2025]]></Identifica>
    <Data><![CDATA[]]></Data>
    <Ementa />
    <Titulo />
    <SubTitulo />
    <Texto><![CDATA[<p class="identifica">PORTARIA Nº 1.641, DE 29 DE SETEMBRO DE 2025</p><p>O REITOR DA UNIVERSIDADE FEDERAL DE SERGIPE, no uso de suas atribuições legais;</p><p>Considerando o disposto no art. 40, § 1º, I, da Constituição Federal, com redação da Emenda Constitucional n.º 103, de 12/11/2019, publicada no D.O.U. em 13/11/2019, combinado com o art. 10, §1º, II, da Emenda Constitucional n.º 103, de 12/11/2019, publicada no D.O.U. em 13/11/2019;</p><p>Considerando o disposto no Art. 26, §2º, III da Emenda Constitucional n.º 103, de 12/11/2019, publicada no D.O.U. em 13/11/2019;</p><p>Considerando o que consta do Processo nº 23113.029805/2025-20/UFS, resolve:</p><p>Art. 1º - Aposentar, com proventos proporcionais, o(a) servidor(a) ROBERIO ANASTACIO FERREIRA, matrícula SIAPE nº 2350431, ocupante do cargo de PROFESSOR DO MAGISTERIO SUPERIOR, Classe D, Nível/Padrão 1, lotado(a) no(a) DEPARTAMENTO DE CIÊNCIAS FLORESTAIS, em regime de trabalho de Dedicação exclusiva, na proporção de 74% (setenta e quatro por cento) da média aritmética simples das remunerações de contribuição.</p><p>Art. 2º - Esta Portaria entrará em vigor na data de sua publicação no Diário Oficial da União.</p><p class="assina">André Maurício Conceição de Souza</p>]]></Texto>
  </body>
  <Midias />
</article></xml>