﻿<xml><article id="45711668" name="DOU-PORTARIA 2025 - NOMEACAO 01-" idOficio="11315107" pubName="DO2" artType="Portaria" pubDate="01/10/2025" artClass="00025:00085:00001:00000:00000:00000:00000:00000:00000:00000:00017:00000" artCategory="Ministério da Educação/Instituto Federal de Educação, Ciência e Tecnologia de Sergipe/Reitoria" artSize="12" artNotes="" numberPage="39" pdfPage="http://pesquisa.in.gov.br/imprensa/jsp/visualiza/index.jsp?data=01/10/2025&amp;jornal=529&amp;pagina=39" editionNumber="187" highlightType="" highlightPriority="" highlight="" highlightimage="" highlightimagename="" idMateria="23159533">
  <body>
    <Identifica><![CDATA[ PORTARIA Nº 3.237, DE 26 DE SETEMBRO DE 2025]]></Identifica>
    <Data><![CDATA[]]></Data>
    <Ementa />
    <Titulo />
    <SubTitulo />
    <Texto><![CDATA[<p class="identifica">PORTARIA Nº 3.237, DE 26 DE SETEMBRO DE 2025</p><p>A REITORA DO INSTITUTO FEDERAL DE SERGIPE, nomeada pelo Decreto de 03/10/2018, publicado no DOU de 04 subsequente, e reconduzida pelo Decreto de 29/09/2022, publicado no DOU de 30 subsequente, no uso das atribuições que lhe confere a Lei nº 11.892/2008, e considerando o processo administrativo nº 23060.001636/2023-64, resolve:</p><p>Art. 1º Nomear, em caráter efetivo, em virtude de habilitação em concurso público de provas, instituído pelo Edital de Abertura nº 01, de 12/01/2024, publicado no DOU de 12/01/2024, Seção 3, Pág. 39, cuja homologação foi publicada no DOU de 06/06/2024, seção 3, Págs. 54-56, para exercer o cargo de Técnico Administrativo em Educação, em regime de trabalho de 40 (quarenta) horas semanais, consoante termos que seguem:</p><p>CLASSE D</p><p>Cargo: Assistente em Administração</p><p>Ampla Concorrência (AC)</p><p /><p></p><table><tr /><tr><td rowspan="1" colspan="1"><p>NOME POR ORDEM DE CLASSIFICAÇÃO</p></td><td rowspan="1" colspan="1"><p>CÓDIGO DE VAGAS</p></td></tr><tr><td rowspan="1" colspan="1"><p>Matheus Gomes de Santana</p></td><td rowspan="1" colspan="1"><p>0215650</p></td></tr><tr><td rowspan="1" colspan="1"><p>Marcelle França Lima</p></td><td rowspan="1" colspan="1"><p>0285884</p></td></tr><tr><td rowspan="1" colspan="1"><p>Yago Almeida Matos</p></td><td rowspan="1" colspan="1"><p>0697810</p></td></tr></table><p>Cargo: Técnico de Tecnologia da Informação (Desenvolvimento de Sistemas)</p><p>Ampla Concorrência (AC)</p><p /><p></p><table><tr /><tr><td rowspan="1" colspan="1"><p>NOME POR ORDEM DE CLASSIFICAÇÃO</p></td><td rowspan="1" colspan="1"><p>CÓDIGO DE VAGAS</p></td></tr><tr><td rowspan="1" colspan="1"><p>Waldson Rodrigues Cardoso</p></td><td rowspan="1" colspan="1"><p>0986837</p></td></tr></table><p>CLASSE E</p><p>Cargo: Tecnólogo-Formação (Gestão Pública)</p><p>Ampla Concorrência (AC)</p><p /><p></p><table><tr /><tr><td rowspan="1" colspan="1"><p>NOME POR ORDEM DE CLASSIFICAÇÃO</p></td><td rowspan="1" colspan="1"><p>CÓDIGO DE VAGAS</p></td></tr><tr><td rowspan="1" colspan="1"><p>Geraldo Almeida Goes</p></td><td rowspan="1" colspan="1"><p>0834434</p></td></tr></table><p class="assina">RUTH SALES GAMA DE ANDRADE</p>]]></Texto>
  </body>
  <Midias />
</article></xml>