﻿<xml><article id="45714463" name="PSUCOR880" idOficio="11315609" pubName="DO2" artType="Portaria" pubDate="01/10/2025" artClass="00028:00032:00435:00020:00000:00000:00000:00000:00000:00000:00017:00001" artCategory="Ministério da Fazenda/Secretaria Especial da Receita Federal do Brasil/Secretaria-Adjunta/Subsecretaria de Gestão Corporativa" artSize="12" artNotes="" numberPage="64" pdfPage="http://pesquisa.in.gov.br/imprensa/jsp/visualiza/index.jsp?data=01/10/2025&amp;jornal=529&amp;pagina=64" editionNumber="187" highlightType="" highlightPriority="" highlight="" highlightimage="" highlightimagename="" idMateria="23160511">
  <body>
    <Identifica><![CDATA[ PORTARIA DE PESSOAL RFB/SUCOR Nº 880, DE 26 DE SETEMBRO DE 2025]]></Identifica>
    <Data><![CDATA[]]></Data>
    <Ementa />
    <Titulo />
    <SubTitulo />
    <Texto><![CDATA[<p class="identifica">PORTARIA DE PESSOAL RFB/SUCOR Nº 880, DE 26 DE SETEMBRO DE 2025</p><p>O SUBSECRETÁRIO DE GESTÃO CORPORATIVA DA SECRETARIA ESPECIAL DA RECEITA FEDERAL DO BRASIL, SUBSTITUTO, no uso das atribuições que lhe confere o inciso III do art. 2º da Portaria RFB nº 345, de 24 de agosto de 2023, considerando o disposto no art. 25 da Lei nº 8.112, de 11 de dezembro de 1990, e o que consta no Processo Dossiê nº 14021.021321/2025-71, resolve:</p><p>Art. 1º Reverter à atividade a Auditora-Fiscal da Receita Federal do Brasil ANA LÚCIA TAVARES DA COSTA, matrícula Siape nº 40806-1032305 e Siapecad nº 4747, aposentado(a) voluntariamente por intermédio da GRA/AM nº 10.957, de 29 de abril de 2020, publicada no DOU nº 82, de 30 de abril de 2020, na Classe "S", Padrão "III", em vaga de Código nº 0058129.</p><p>Art. 2º Lotar a servidora na Delegacia da Receita Federal do Brasil em Manaus/AM.</p><p>Art. 3º Esta Portaria de Pessoal entra em vigor na data de sua publicação no Diário Oficial da União.</p><p class="assina">PEDRO HENRIQUE MAGALHAES DE MAGALHAES</p>]]></Texto>
  </body>
  <Midias />
</article></xml>