﻿<xml><article id="45713075" name="91. Portaria nA 3317 - Augustin " idOficio="11315376" pubName="DO2" artType="Portaria" pubDate="01/10/2025" artClass="00025:00081:00001:00000:00000:00000:00000:00000:00000:00000:00017:00002" artCategory="Ministério da Educação/Instituto Federal de Educação, Ciência e Tecnologia de Rondônia/Reitoria" artSize="12" artNotes="" numberPage="38" pdfPage="http://pesquisa.in.gov.br/imprensa/jsp/visualiza/index.jsp?data=01/10/2025&amp;jornal=529&amp;pagina=38" editionNumber="187" highlightType="" highlightPriority="" highlight="" highlightimage="" highlightimagename="" idMateria="23160053">
  <body>
    <Identifica><![CDATA[ PORTARIA Nº 3.317/REITORIA/IFRO, DE 30 DE SETEMBRO DE 2025]]></Identifica>
    <Data><![CDATA[]]></Data>
    <Ementa />
    <Titulo />
    <SubTitulo />
    <Texto><![CDATA[<p class="identifica">PORTARIA Nº 3.317/REITORIA/IFRO, DE 30 DE SETEMBRO DE 2025</p><p>O REITOR DO INSTITUTO FEDERAL DE EDUCAÇÃO, CIÊNCIA E TECNOLOGIA DE RONDÔNIA (IFRO), nomeado pelo Decreto Presidencial de 13 de junho de 2023, publicado no DOU nº 111, de 14 de junho de 2023, Seção 2, pág. 1, no uso de suas atribuições legais e regimentais conferidas pela Lei nº 11.892, de 29 de dezembro de 2008, publicada no DOU de 30 de dezembro de 2009 e estabelecidas pelo art. 67 do Regimento Geral do IFRO, aprovado pela Resolução nº 65/Consup/IFRO, de 29 dezembro de 2015, e posteriores e o que consta no Processo nº 23243.013162/2025-17, resolve:</p><p>Art. 1º Fica determinado o afastamento cautelar do servidor AUGUSTIN MONTENEGRO DE CANTAI JÚNIOR, SIAPE nº 2298395, SIAPECAD nº 02058722, por prazo indeterminado e sem prejuízo da remuneração, do exercício de seu cargo efetivo no Instituto Federal de Educação, Ciência e Tecnologia de Rondônia (IFRO), fundamentado no art. 45 da Lei nº 9.784, de 29 de janeiro de 1999.</p><p>Art. 2º Durante o período de afastamento, é vedado ao referido servidor o acesso a quaisquer unidades ou instalações pertencentes ao Instituto Federal de Educação, Ciência e Tecnologia de Rondônia (IFRO), salvo se formalmente convocado para prestar informações relativas ao caso.</p><p>Art. 3º Esta Portaria entre em vigor na data de sua assinatura.</p><p class="assina">MOISÉS JOSÉ ROSA SOUZA</p>]]></Texto>
  </body>
  <Midias />
</article></xml>