﻿<xml><article id="45708409" name="Aposentadoria DOU Atual" idOficio="11304343" pubName="DO2" artType="Portaria" pubDate="01/10/2025" artClass="00025:00146:00000:00000:00000:00000:00000:00000:00000:00000:00017:00000" artCategory="Ministério da Educação/Fundação Universidade Federal de Ciências da Saúde de Porto Alegre" artSize="12" artNotes="" numberPage="55" pdfPage="http://pesquisa.in.gov.br/imprensa/jsp/visualiza/index.jsp?data=01/10/2025&amp;jornal=529&amp;pagina=55" editionNumber="187" highlightType="" highlightPriority="" highlight="" highlightimage="" highlightimagename="" idMateria="23142279">
  <body>
    <Identifica><![CDATA[ PORTARIA DAP PROGESP UFCSPA Nº 6.368, de  19 DE SETEMBRO DE 2025]]></Identifica>
    <Data><![CDATA[]]></Data>
    <Ementa />
    <Titulo />
    <SubTitulo />
    <Texto><![CDATA[<p class="identifica">PORTARIA DAP PROGESP UFCSPA Nº 6.368, de 19 DE SETEMBRO DE 2025</p><p>O VICE-REITOR da Fundação Universidade Federal de Ciências da Saúde de Porto Alegre, no uso de suas atribuições, conferidas pela Portaria nº 5.246 DAP PROGESP UFCSPA de 20 de março de 2025, publicado no Diário Oficial da União de 24/03/2025, e considerando as informações contidas no Processo 23103.015688/2025-36, resolve:</p><p>Art. 1º Conceder aposentadoria voluntária à servidora ALICE DA COSTA BRITO, matrícula SIAPE nº 1164634, ocupante do cargo de Professora do Magistério Superior, Classe B, Nivel 2, com denominação de Professora Adjunta, em regime de 20 horas semanais, nos termos do art. 4º, incisos I, II, III, IV, V e § 6º da Emenda Constitucional nº 103/2019 (Processo 23103.015688/2025-36).</p><p>Art. 2º Declarar vago o referido cargo.</p><p>Art. 3º Esta portaria entra em vigor na data de sua publicação.</p><p class="assina">RAFAEL JOSÉ VARGAS ALVES</p>]]></Texto>
  </body>
  <Midias />
</article></xml>