﻿<xml><article id="45709303" name="PORTARIA N 9.925_23159059" idOficio="11314691" pubName="DO2" artType="Portaria" pubDate="01/10/2025" artClass="00029:00036:00000:00000:00000:00000:00000:00000:00000:00000:00017:00004" artCategory="Ministério da Gestão e da Inovação em Serviços Públicos/Secretaria de Governo Digital" artSize="12" artNotes="" numberPage="70" pdfPage="http://pesquisa.in.gov.br/imprensa/jsp/visualiza/index.jsp?data=01/10/2025&amp;jornal=529&amp;pagina=70" editionNumber="187" highlightType="" highlightPriority="" highlight="" highlightimage="" highlightimagename="" idMateria="23159059">
  <body>
    <Identifica><![CDATA[ PORTARIA DE PESSOAL SGD/MGI Nº 9.925, DE 29 DE SETEMBRO DE 2025]]></Identifica>
    <Data><![CDATA[]]></Data>
    <Ementa />
    <Titulo />
    <SubTitulo />
    <Texto><![CDATA[<p class="identifica">PORTARIA DE PESSOAL SGD/MGI Nº 9.925, DE 29 DE SETEMBRO DE 2025</p><p>O SECRETÁRIO DE GOVERNO DIGITAL DO MINISTÉRIO DA GESTÃO E DA INOVAÇÃO EM SERVIÇOS PÚBLICOS, no uso das competências que lhe conferem os incisos III e X do art. 23 do Decreto nº 12.102, de 8 de julho de 2024, tendo em vista o disposto na Portaria nº 670, de 18 de dezembro de 2019, e conforme o Processo SEI nº 119974.001839/2025-42, resolve:</p><p>Art. 1º Conceder, a partir de 1º de outubro de 2025, ao servidor ÁLVARO GUILHERME AYRES CAPISTRANO, matrícula SIAPE nº 2067110, ocupante do cargo efetivo de Analista de Tecnologia da Informação, a Gratificação Temporária do Sistema de Administração dos Recursos de Tecnologia da Informação - GSISP, de nível superior, da Secretaria de Governo Digital deste Ministério, Órgão Central do Sistema de Administração dos Recursos de Tecnologia da Informação - SISP, para a área de Gestão e Planejamento de TI, destinada à atuação junto aos Institutos Federais de Educação, Ciência e Tecnologia, Universidades Federais e demais instituições de ensino integrantes do Sistema de Administração dos Recursos de Tecnologia da Informação - SISP.</p><p>Art. 2º Esta Portaria entra em vigor na data de sua publicação.</p><p class="assina">ROGÉRIO SOUZA MASCARENHAS</p>]]></Texto>
  </body>
  <Midias />
</article></xml>