﻿<xml><article id="45709507" name="Portaria 419 de 24.9.2025_PRES" idOficio="11314530" pubName="DO2" artType="Portaria" pubDate="01/10/2025" artClass="00070:00003:00001:00000:00000:00000:00000:00000:00000:00000:00017:00000" artCategory="Poder Judiciário/Tribunal Superior Eleitoral/Presidência" artSize="12" artNotes="" numberPage="122" pdfPage="http://pesquisa.in.gov.br/imprensa/jsp/visualiza/index.jsp?data=01/10/2025&amp;jornal=529&amp;pagina=122" editionNumber="187" highlightType="" highlightPriority="" highlight="" highlightimage="" highlightimagename="" idMateria="23158825">
  <body>
    <Identifica><![CDATA[ PORTARIA Nº 419, DE 24 DE SETEMBRO DE 2025]]></Identifica>
    <Data><![CDATA[]]></Data>
    <Ementa />
    <Titulo />
    <SubTitulo />
    <Texto><![CDATA[<p class="identifica">PORTARIA Nº 419, DE 24 DE SETEMBRO DE 2025</p><p>A PRESIDENTE DO TRIBUNAL SUPERIOR ELEITORAL, no uso de suas atribuições e com base no inciso I do art. 93 da Lei nº 8.112, de 11 de dezembro de 1990, e no Procedimento Administrativo SEI nº 2025.00.000010349-9, resolve:</p><p>autorizar a cessão da servidora Liliam Sayuri Evangelista Kusano, ocupante do cargo efetivo de Analista Judiciário, Área Judiciária, do Quadro de Pessoal deste Tribunal, para exercer o cargo em comissão de Assessor A, código CJ-2, no Gabinete do Ministro Antonio Carlos Ferreira, do Superior Tribunal de Justiça, nos termos do art. 93, inciso I, da Lei nº 8.112/1990.</p><p class="assina">Min CÁRMEN LÚCIA ANTUNES ROCHA</p>]]></Texto>
  </body>
  <Midias />
</article></xml>