﻿<xml><article id="45708397" name="PORTARIA GPR 558" idOficio="11308067" pubName="DO2" artType="Portaria" pubDate="01/10/2025" artClass="00070:00041:00002:00000:00000:00000:00000:00000:00000:00000:00017:00558" artCategory="Poder Judiciário/Tribunal de Justiça do Distrito Federal e dos Territórios/Presidência" artSize="12" artNotes="" numberPage="128" pdfPage="http://pesquisa.in.gov.br/imprensa/jsp/visualiza/index.jsp?data=01/10/2025&amp;jornal=529&amp;pagina=128" editionNumber="187" highlightType="" highlightPriority="" highlight="" highlightimage="" highlightimagename="" idMateria="23148369">
  <body>
    <Identifica><![CDATA[ PORTARIA GPR Nº 558, DE 23 DE SETEMBRO DE 2025]]></Identifica>
    <Data><![CDATA[]]></Data>
    <Ementa />
    <Titulo />
    <SubTitulo />
    <Texto><![CDATA[<p class="identifica">PORTARIA GPR Nº 558, DE 23 DE SETEMBRO DE 2025</p><p>O PRESIDENTE DO TRIBUNAL DE JUSTIÇA DO DISTRITO FEDERAL E DOS TERRITÓRIOS, no uso de sua competência legal e tendo em vista o disposto no Processo SEI 0032997/2025, resolve:</p><p>Conceder aposentadoria voluntária integral ao servidor Reinaldo Temoteo Borges, matrícula 311.151, ocupante do cargo de Auxiliar Judiciário, Área Apoio Especializado, Especialidade Artes Gráficas, Classe "C", Padrão 13, do Quadro de Pessoal deste Tribunal de Justiça, com fundamento no art. 6º da Emenda Constitucional 41/2003, c/c o art. 3º, caput e § 1º, da Emenda Constitucional 103/2019, com as vantagens previstas no art. 67 da Lei 8.112/1990, c/c o art. 6º da Lei 9.624/1998 e com o inciso II do art. 15 da Medida Provisória 2.225-45/2001, no art. 3º da Lei 8.911/1994, c/c o art. 15 da Lei 9.527/1997, a determinação judicial contida no MSG 2003.00.2.008895-7, o disposto no RE 638.115/CE e o parágrafo único do art. 11 da Lei 11.416/2006, incluído pela Lei 14.687/2023, além das vantagens descritas na Lei 11.416/2006, com proventos calculados e reajustados nos termos dos arts. 6º, caput, e 7º, ambos da Emenda Constitucional 41/2003.</p><p class="assina">Des WALDIR LEÔNCIO JÚNIOR</p>]]></Texto>
  </body>
  <Midias />
</article></xml>