﻿<xml><article id="45712919" name="PORTARIA 250 FABIO" idOficio="11315340" pubName="DO2" artType="Portaria" pubDate="01/10/2025" artClass="00025:00123:00000:00000:00000:00000:00000:00000:00000:00000:00017:00000" artCategory="Ministério da Educação/Universidade Federal de Rondonópolis" artSize="12" artNotes="" numberPage="51" pdfPage="http://pesquisa.in.gov.br/imprensa/jsp/visualiza/index.jsp?data=01/10/2025&amp;jornal=529&amp;pagina=51" editionNumber="187" highlightType="" highlightPriority="" highlight="" highlightimage="" highlightimagename="" idMateria="23159977">
  <body>
    <Identifica><![CDATA[ PORTARIA REITORIA/UFR Nº 250,  DE 29 DE setembro DE 2025]]></Identifica>
    <Data><![CDATA[]]></Data>
    <Ementa />
    <Titulo />
    <SubTitulo />
    <Texto><![CDATA[<p class="identifica">PORTARIA REITORIA/UFR Nº 250, DE 29 DE setembro DE 2025</p><p>A Reitora da Universidade Federal de Rondonópolis, no uso de suas atribuições que lhe confere o art. 8º da Lei nº 13.637, de 20 de março de 2018 e o Decreto Presidencial da República, de 26 de dezembro de 2023, tendo em vista a Instrução Normativa Reitoria/UFR nº 9, de 05 de julho de 2024, e o processo SEI nº 23853.014117/2025-00, resolve:</p><p>Art. 1º Ficam nomeadas as servidoras relacionadas para substituir o Secretario de Inovação e Empreendedorismo, Fabio Nobuo Nishimura, SIAPE 175****, em suas ausências ou impedimentos legais:</p><p>I - Lisie Souza Castro, SIAPE 124****, como primeira substituta; e</p><p>II - Camila Leonardo Mioto, SIAPE 142****, como segunda substituta.</p><p>Parágrafo único. A segunda substituta responderá pela Secretaria de Inovação e Empreendedorismo na ausência do titular e da primeira substituta.</p><p>Art. 2º Esta portaria entra em vigor em vinte e nove de setembro de dois mil e vinte e cinco.</p><p class="assina">ANALY CASTILHO POLIZEL DE SOUZA</p>]]></Texto>
  </body>
  <Midias />
</article></xml>