﻿<xml><article id="45708592" name="ADRIANO IBICT NA 59" idOficio="11309336" pubName="DO2" artType="Portaria" pubDate="01/10/2025" artClass="00013:00035:00000:00000:00000:00000:00000:00000:00000:00000:00017:00000" artCategory="Ministério da Ciência, Tecnologia e Inovação/Instituto Brasileiro de Informação em Ciência e Tecnologia" artSize="12" artNotes="" numberPage="9" pdfPage="http://pesquisa.in.gov.br/imprensa/jsp/visualiza/index.jsp?data=01/10/2025&amp;jornal=529&amp;pagina=9" editionNumber="187" highlightType="" highlightPriority="" highlight="" highlightimage="" highlightimagename="" idMateria="23150239">
  <body>
    <Identifica><![CDATA[ PORTARIA IBICT Nº 59, DE 19 DE SETEMBRO DE 2025]]></Identifica>
    <Data><![CDATA[]]></Data>
    <Ementa />
    <Titulo />
    <SubTitulo />
    <Texto><![CDATA[<p class="identifica">PORTARIA IBICT Nº 59, DE 19 DE SETEMBRO DE 2025</p><p>DIRETOR DO INSTITUTO BRASILEIRO DE INFORMAÇÃO EM CIÊNCIA E TECNOLOGIA, DO MINISTÉRIO DA CIÊNCIA, TECNOLOGIA E INOVAÇÃO, nomeado pela Portaria/Casa Civil/PR n.º 2.593, de 22 de junho de 2023, no uso da competência que lhe foi delegada pela Portaria MCT n.º 407, de 29 de junho de 2006, e tendo em vista a Portaria MCTI n.º 7.054, de 24 de maio de 2023, resolve:</p><p>Conceder aposentadoria voluntária, ao servidor ADRIANO GRAVE DA MOTTA, matrícula SIAPE n° 0671901, ocupante do cargo de Assistente em C&amp;T, Classe S, Padrão III, deste Instituto, com fundamento no inciso I, § 3º do Artigo 20 da EC 103/19 e inciso II do Art.20, combinado com § 8° do art. 4º da EC 103/2019. (Processo n.º 01302.000588/2025-26).</p><p class="assina">TIAGO EMMANUEL NUNES BRAGA</p>]]></Texto>
  </body>
  <Midias />
</article></xml>