﻿<xml><article id="45709483" name="Extrato - DIP para publicacao no" idOficio="11304813" pubName="DO2" artType="Ato" pubDate="01/10/2025" artClass="00035:00056:00063:00000:00000:00000:00000:00000:00000:00000:00001:00000" artCategory="Ministério de Minas e Energia/Petróleo Brasileiro S.A./Petrobras Transporte S.A." artSize="12" artNotes="" numberPage="92" pdfPage="http://pesquisa.in.gov.br/imprensa/jsp/visualiza/index.jsp?data=01/10/2025&amp;jornal=529&amp;pagina=92" editionNumber="187" highlightType="" highlightPriority="" highlight="" highlightimage="" highlightimagename="" idMateria="23142902">
  <body>
    <Identifica><![CDATA[ ATO Nº 61.075, de 22 de setembro de 2025]]></Identifica>
    <Data><![CDATA[]]></Data>
    <Ementa />
    <Titulo />
    <SubTitulo />
    <Texto><![CDATA[<p class="identifica">ATO Nº 61.075, de 22 de setembro de 2025</p><p>O Gerente Executivo de Governança e Conformidade da TRANSPETRO, no uso de suas atribuições, com fundamento no artigo 8º, caput e § 1º, da Lei nº 12.846/2013, e no DOU nº 21, Seção 1, pág. 93, de 30/01/2025, decide, por meio do PBR-2025-0061075, de 22 de setembro de 2025:</p><p>1. Instaurar o processo administrativo de responsabilização PAR-TP.10000.012755/2025-77, com vistas à apuração dos fatos apontados no referido processo, bem como de fatos conexos que surgirem no curso da apuração.</p><p>2. Designar GABRIEL DE SOUZA GRANDI - Profissional de Nível Superior, matrícula: 0007896; GUSTAVO HENRIQUE SODRÉ CARDOSO - Profissional de Nível Superior, matrícula: 0001883 e ALESSANDRA DESLANDES FOGIATO - Profissional de Nível Superior, matrícula: 9819695, para comporem a Comissão deste PAR, sob coordenação do(a) primeiro(a).</p><p>Na ausência do(a) Coordenador(a) ora designado(a), os demais membros da Comissão atuarão como coordenador em exercício, na ordem de nomeação.</p><p>O prazo de realização dos trabalhos da Comissão ora constituída é de 180 (cento e oitenta) dias, contados da data de publicação da presente instauração no Diário Oficial da União (DOU).</p><p class="assina">ERICK PEIXOTO ALVES</p>]]></Texto>
  </body>
  <Midias />
</article></xml>