﻿<xml><article id="45713598" name="PORTARIA N 1.458 SINC 23160106" idOficio="11315454" pubName="DO2" artType="Portaria" pubDate="01/10/2025" artClass="00033:00002:00000:00000:00000:00000:00000:00000:00000:00000:00017:00009" artCategory="Ministério da Justiça e Segurança Pública/Secretaria Executiva" artSize="12" artNotes="" numberPage="73" pdfPage="http://pesquisa.in.gov.br/imprensa/jsp/visualiza/index.jsp?data=01/10/2025&amp;jornal=529&amp;pagina=73" editionNumber="187" highlightType="" highlightPriority="" highlight="" highlightimage="" highlightimagename="" idMateria="23160106">
  <body>
    <Identifica><![CDATA[ PORTARIA DE PESSOAL SE/MJSP N° 1.458, DE 29 DE SETEMBRO DE 2025]]></Identifica>
    <Data><![CDATA[]]></Data>
    <Ementa />
    <Titulo />
    <SubTitulo />
    <Texto><![CDATA[<p class="identifica">PORTARIA DE PESSOAL SE/MJSP N° 1.458, DE 29 DE SETEMBRO DE 2025</p><p>O SECRETÁRIO-EXECUTIVO DO MINISTÉRIO DA JUSTIÇA E SEGURANÇA PÚBLICA, no uso da competência que lhe foi subdelegada pelo art. 3º, inciso I, da Portaria nº 665, de 24 de junho de 2024, do Ministério da Justiça e Segurança Pública, resolve:</p><p>Designar CAROLINA ARAÚJO BARRETO DA ROCHA para exercer a função de Coordenador-Geral de Monitoramento e Prestação de Contas do Departamento de Projetos e de Políticas de Direitos Coletivos e Difusos da Secretaria Nacional do Consumidor, código FCE 1.13, ficando dispensada da que atualmente ocupa.</p><p class="assina">MANOEL CARLOS DE ALMEIDA NETO</p>]]></Texto>
  </body>
  <Midias />
</article></xml>