﻿<xml><article id="45715500" name="DOU2-GO-1-PT-191-UNI-PR-GO-00047" idOficio="11315807" pubName="DO2" artType="Portaria" pubDate="01/10/2025" artClass="00066:00008:00033:00000:00000:00000:00000:00000:00000:00000:00017:00191" artCategory="Ministério Público da União/Ministério Público Federal/Procuradoria da República no Estado de Goiás" artSize="12" artNotes="" numberPage="114" pdfPage="http://pesquisa.in.gov.br/imprensa/jsp/visualiza/index.jsp?data=01/10/2025&amp;jornal=529&amp;pagina=114" editionNumber="187" highlightType="" highlightPriority="" highlight="" highlightimage="" highlightimagename="" idMateria="23160772">
  <body>
    <Identifica><![CDATA[ PORTARIA PR/GO Nº 191, DE 25 DE SETEMBRO DE 2025]]></Identifica>
    <Data><![CDATA[]]></Data>
    <Ementa />
    <Titulo />
    <SubTitulo />
    <Texto><![CDATA[<p class="identifica">PORTARIA PR/GO Nº 191, DE 25 DE SETEMBRO DE 2025</p><p>A PROCURADORA-CHEFE DA PROCURADORIA DA REPÚBLICA NO ESTADO DE GOIÁS, no uso das atribuições conferidas pelo art. 56, VI, do Regimento Interno Diretivo do Ministério Público Federal, aprovado pela Portaria PGR/MPF n. 357, de 5 de maio de 2015, e no art. 33, inciso VI, do Regimento Interno Administrativo do Ministério Público Federal, aprovado pela Portaria SG/MPF n. 382, de 5 de maio de 2015, e conforme Memorando n. 22/2025/NEOF/PRGO, resolve:</p><p>1. Dispensar o servidor EDER FRANCISCO DE ASSIS MARTINS, matrícula nº 19546, ocupante do cargo de Técnico do MPU/Administração, da função de Chefe, FC-3, do Núcleo de Execução Orçamentária e Financeira, da Procuradoria da República em Goiás.</p><p>2. Designar a servidora ALCIETE MONTEIRO DE OLIVEIRA, matrícula nº 18059, ocupante do cargo de Técnico do MPU/Administração, para exercer a referida função.</p><p class="assina">LÉA BATISTA DE OLIVEIRA MOREIRA LIMA</p>]]></Texto>
  </body>
  <Midias />
</article></xml>