﻿<xml><article id="45708991" name="5008 Dispensa Assistente II - SE" idOficio="11305355" pubName="DO2" artType="Ato" pubDate="01/10/2025" artClass="00070:00006:00000:00000:00000:00000:00000:00000:00000:00000:00001:00000" artCategory="Poder Judiciário/Superior Tribunal Militar" artSize="12" artNotes="" numberPage="125" pdfPage="http://pesquisa.in.gov.br/imprensa/jsp/visualiza/index.jsp?data=01/10/2025&amp;jornal=529&amp;pagina=125" editionNumber="187" highlightType="" highlightPriority="" highlight="" highlightimage="" highlightimagename="" idMateria="23144041">
  <body>
    <Identifica><![CDATA[ ATO Nº 5.008, DE 24 DE SETEMBRO DE 2025]]></Identifica>
    <Data><![CDATA[]]></Data>
    <Ementa />
    <Titulo />
    <SubTitulo />
    <Texto><![CDATA[<p class="identifica">ATO Nº 5.008, DE 24 DE SETEMBRO DE 2025</p><p>O MINISTRO-PRESIDENTE DO SUPERIOR TRIBUNAL MILITAR, em exercício, usando das atribuições conferidas pelo inciso XXV do artigo 6º do Regimento Interno, bem como o Ato nº 4980/2025 (4523271), contido nos autos do Processo nº 020259/25-00.282, do Sistema Eletrônico de Informações, como também o disposto nos incisos I e II do artigo 71 da Lei nº 8.457/1992, alterada pela Lei nº 13.774/2018, resolve:</p><p>DISPENSAR, a contar de 1º de outubro de 2025, a Analista Judiciária, área Apoio Especializado, Especialidade Contabilidade, do Quadro Permanente da Secretaria do Superior Tribunal Militar, TATIANNA ALVES MOREIRA, matrícula 2122, da função comissionada de ASSISTENTE II, código STM-FC-02, da Seção de Reequilíbrio Contratual e Conta Vinculada, da Coordenadoria de Administração de Contratos, da Diretoria de Administração.</p><p class="assina">FRANCISCO JOSELI PARENTE CAMELO</p>]]></Texto>
  </body>
  <Midias />
</article></xml>