﻿<xml><article id="45709297" name="Portaria_6753_2025" idOficio="11314597" pubName="DO2" artType="Portaria" pubDate="01/10/2025" artClass="00025:00121:00001:00000:00000:00000:00000:00000:00000:00000:00017:00000" artCategory="Ministério da Educação/Universidade Federal do Rio Grande do Sul/Reitoria" artSize="12" artNotes="" numberPage="48" pdfPage="http://pesquisa.in.gov.br/imprensa/jsp/visualiza/index.jsp?data=01/10/2025&amp;jornal=529&amp;pagina=48" editionNumber="187" highlightType="" highlightPriority="" highlight="" highlightimage="" highlightimagename="" idMateria="23158998">
  <body>
    <Identifica><![CDATA[ PORTARIA N° 6.753, de  29 DE SETEMBRO DE 2025]]></Identifica>
    <Data><![CDATA[]]></Data>
    <Ementa />
    <Titulo />
    <SubTitulo />
    <Texto><![CDATA[<p class="identifica">PORTARIA N° 6.753, de 29 DE SETEMBRO DE 2025</p><p>A Reitora DA UNIVERSIDADE FEDERAL DO RIO GRANDE DO SUL, no uso de suas atribuições legais e estatutárias, resolve:</p><p>Conceder aposentadoria, nos termos do artigo 3º, incisos I, II, III, da Emenda Constitucional nº 47, de 5 de julho de 2005, publicada no Diário Oficial da União do dia 6 subsequente, de acordo com o artigo 3º da Emenda Constitucional nº 103, de 12 de novembro de 2019, publicada no Diário Oficial da União do dia 13 subsequente, a WILSON KINDLEIN JUNIOR, matrícula SIAPE nº 2183104, Código de vaga SIAPE 711485, no cargo de Professor Titular da Carreira do Magistério Superior, do Quadro desta Universidade, no regime de dedicação exclusiva, com exercício no Departamento de Engenharia dos Materiais da Escola de Engenharia, com proventos integrais. Processo 23078.557503/2025-11.</p><p class="assina">MARCIA CRISTINA BERNARDES BARBOSA</p>]]></Texto>
  </body>
  <Midias />
</article></xml>