﻿<xml><article id="45715470" name="DOU2-SG_MPF-PGR-3-PT-922-UNI-PGR" idOficio="11315807" pubName="DO2" artType="Portaria" pubDate="01/10/2025" artClass="00066:00008:00006:00000:00000:00000:00000:00000:00000:00000:00017:00922" artCategory="Ministério Público da União/Ministério Público Federal/Secretaria-Geral" artSize="12" artNotes="" numberPage="113" pdfPage="http://pesquisa.in.gov.br/imprensa/jsp/visualiza/index.jsp?data=01/10/2025&amp;jornal=529&amp;pagina=113" editionNumber="187" highlightType="" highlightPriority="" highlight="" highlightimage="" highlightimagename="" idMateria="23160742">
  <body>
    <Identifica><![CDATA[ PORTARIA SG/MPF Nº 922, DE 25 DE SETEMBRO DE 2025]]></Identifica>
    <Data><![CDATA[]]></Data>
    <Ementa />
    <Titulo />
    <SubTitulo />
    <Texto><![CDATA[<p class="identifica">PORTARIA SG/MPF Nº 922, DE 25 DE SETEMBRO DE 2025</p><p>O SECRETÁRIO EXECUTIVO DA SECRETARIA-GERAL DO MINISTÉRIO PÚBLICO FEDERAL, no uso da competência que lhe foi atribuída pelo artigo 6º - inciso XXXII do Regimento Interno Administrativo do MPF, aprovado pela Portaria PGR/MPF nº 382, de 5 de maio de 2015, e pelo artigo 3º - inciso IV da Portaria SG/MPF nº 625, de 11 de julho de 2025, tendo em vista o disposto no artigo 38 da Lei nº 8.112, de 11 de dezembro de 1990, e no expediente PGR-00367697/2025, resolve:</p><p>1. Designar LICIA MAGNA BARBOSA DE ARAUJO LAPA, ocupante do cargo de Analista do MPU/Comunicação Social, matrícula nº 20196, para exercer o encargo de substituta eventual da Assessora-Chefe Nível III, CC-3, da Assessoria de Comunicação Social da Procuradoria da República no Estado de Pernambuco.</p><p>2. Designar LICIA MAGNA BARBOSA DE ARAUJO LAPA, ocupante do cargo de Analista do MPU/Comunicação Social, matrícula nº 20196, para substituir, no período de 29 de setembro a 12 de outubro de 2025, a Assessora-Chefe Nível III, CC-3, da Assessoria de Comunicação Social da Procuradoria da República no Estado de Pernambuco, por motivo de férias da titular.</p><p class="assina">CLEUBER DELANO JOSE LISBOA FILHO</p>]]></Texto>
  </body>
  <Midias />
</article></xml>