﻿<xml><article id="45709588" name="PORTARIA N 663_23157872" idOficio="11314036" pubName="DO2" artType="Portaria" pubDate="01/10/2025" artClass="00070:00060:00001:00000:00000:00000:00000:00000:00000:00000:00001:00007" artCategory="Poder Judiciário/Tribunal Regional do Trabalho da 19ª Região/Presidência" artSize="12" artNotes="" numberPage="135" pdfPage="http://pesquisa.in.gov.br/imprensa/jsp/visualiza/index.jsp?data=01/10/2025&amp;jornal=529&amp;pagina=135" editionNumber="187" highlightType="" highlightPriority="" highlight="" highlightimage="" highlightimagename="" idMateria="23157872">
  <body>
    <Identifica><![CDATA[ PORTARIA GP/TRT 19ª Nº 663, DE 29 DE SETEMBRO DE 2025]]></Identifica>
    <Data><![CDATA[]]></Data>
    <Ementa />
    <Titulo />
    <SubTitulo />
    <Texto><![CDATA[<p class="identifica">PORTARIA GP/TRT 19ª Nº 663, DE 29 DE SETEMBRO DE 2025</p><p>O DESEMBARGADOR-PRESIDENTE DO TRIBUNAL REGIONAL DO TRABALHO DA DÉCIMA NONA REGIÃO, usando de suas atribuições legais e regimentais estabelecidas no inciso VII do artigo 24 do Regimento Interno, e tendo em vista o contido no PROAD nº 5.462, de 25/09/2025, resolve:</p><p>Art. 1º Dispensar o servidor Darlan Salgueiro Silva, Técnico Judiciário, da função comissionada de Assistente, de nível FC-2, da Vara do Trabalho de Atalaia/AL.</p><p>Art. 2º Os efeitos da presente Portaria vigoram a partir da publicação.</p><p class="assina">JASIEL IVO</p>]]></Texto>
  </body>
  <Midias />
</article></xml>