﻿<xml><article id="45712688" name="PORTARIA DE PESSOAL NA 206 DE 29" idOficio="11315199" pubName="DO2" artType="Portaria" pubDate="01/10/2025" artClass="00047:00047:00000:00000:00000:00000:00000:00000:00000:00000:00017:00000" artCategory="Ministério da Saúde/Agência Nacional de Saúde Suplementar" artSize="12" artNotes="" numberPage="108" pdfPage="http://pesquisa.in.gov.br/imprensa/jsp/visualiza/index.jsp?data=01/10/2025&amp;jornal=529&amp;pagina=108" editionNumber="187" highlightType="" highlightPriority="" highlight="" highlightimage="" highlightimagename="" idMateria="23159867">
  <body>
    <Identifica><![CDATA[ PORTARIA DE PESSOAL ANS Nº 206, DE 29 DE SETEMBRO DE 2025]]></Identifica>
    <Data><![CDATA[]]></Data>
    <Ementa />
    <Titulo />
    <SubTitulo />
    <Texto><![CDATA[<p class="identifica">PORTARIA DE PESSOAL ANS Nº 206, DE 29 DE SETEMBRO DE 2025</p><p>O DIRETOR-PRESIDENTE DA AGÊNCIA NACIONAL DE SAÚDE SUPLEMENTAR, no uso das atribuições legais que lhe conferem o inciso VI do art. 11 da Lei n.º 9.961, de 28 de janeiro de 2000 e o inciso VI do art. 11 do Regulamento aprovado pelo Decreto n.º 3.327, de 5 de janeiro de 2000, resolve:</p><p>Nomear o senhor VITOR DE LIMA GUIMARAES, para exercer o Cargo Comissionado de Gerente-Geral - CGE II, na Gerência-Geral de Análise Técnica da Presidência (GGATP/SECEX-PRESI/PRESI), com exercício das suas atribuições na cidade de Brasília, no Distrito Federal.</p><p class="assina">WADIH NEMER DAMOUS FILHO</p>]]></Texto>
  </body>
  <Midias />
</article></xml>