﻿<xml><article id="45712805" name="PT1369PRESIDENCIA" idOficio="11315278" pubName="DO2" artType="Portaria" pubDate="01/10/2025" artClass="00044:00019:00002:00000:00000:00000:00000:00000:00000:00000:00017:01369" artCategory="Ministério da Previdência Social/Instituto Nacional do Seguro Social/Presidência" artSize="12" artNotes="" numberPage="94" pdfPage="http://pesquisa.in.gov.br/imprensa/jsp/visualiza/index.jsp?data=01/10/2025&amp;jornal=529&amp;pagina=94" editionNumber="187" highlightType="" highlightPriority="" highlight="" highlightimage="" highlightimagename="" idMateria="23159905">
  <body>
    <Identifica><![CDATA[ PORTARIA PRES/INSS Nº 1.369, DE 29 DE SETEMBRO DE 2025]]></Identifica>
    <Data><![CDATA[]]></Data>
    <Ementa />
    <Titulo />
    <SubTitulo />
    <Texto><![CDATA[<p class="identifica">PORTARIA PRES/INSS Nº 1.369, DE 29 DE SETEMBRO DE 2025</p><p>O PRESIDENTE DO INSTITUTO NACIONAL DO SEGURO SOCIAL - INSS, no uso das atribuições que lhe confere o Decreto nº 10.995, de 14 de março de 2022, e considerando a competência prevista no art. 9º da Lei nº 14.261, de 16 de dezembro de 2021, bem como o que consta no Parecer Opinativo nº 78/2025/DAJ/COGCOR/CORREG-INSS, SEI nº 21426563, no Parecer nº 00145/2025/CCOPES/PFE-INSS-SEDE/PGF/AGU, SEI nº 22239741, e no Processo Administrativo Disciplinar nº 35014.249480/2022-54, resolve:</p><p>Art. 1º Aplicar a penalidade de DEMISSÃO ao ex-servidor EDIVALDO FRANCISCO NEORIO, matrícula nº 0.880.326, na época dos fatos, ocupante do cargo de Técnico do Seguro Social, por infração ao disposto no art. 117, inciso IX, e art. 132, inciso IV, ambos da Lei nº 8.112, de 11 de dezembro de 1990, c/c o art. 10, inciso VII, da Lei nº 8.429, de 2 de junho de 1992.</p><p>Parágrafo único. Os efeitos práticos desta penalidade disciplinar deverão ser conhecidos automaticamente em caso de eventual reintegração administrava ou judicial do ex-servidor, em relação aos processos disciplinares anteriores que resultaram na sua demissão.</p><p>Art. 2º Esta Portaria entra em vigor na data de sua publicação.</p><p class="assina">GILBERTO WALLER JUNIOR</p>]]></Texto>
  </body>
  <Midias />
</article></xml>