﻿<xml><article id="45708325" name="Portaria JOSE AIRTON EDUARDO" idOficio="11290715" pubName="DO2" artType="Portaria" pubDate="01/10/2025" artClass="00047:00002:00021:00038:00000:00000:00000:00000:00000:00000:00017:00000" artCategory="Ministério da Saúde/Secretaria Executiva/Subsecretaria de Assuntos Administrativos/Superintendência Estadual do Ministério da Saúde no Paraná" artSize="12" artNotes="" numberPage="106" pdfPage="http://pesquisa.in.gov.br/imprensa/jsp/visualiza/index.jsp?data=01/10/2025&amp;jornal=529&amp;pagina=106" editionNumber="187" highlightType="" highlightPriority="" highlight="" highlightimage="" highlightimagename="" idMateria="23119600">
  <body>
    <Identifica><![CDATA[ PORTARIA SEGEP/PR Nº 221, DE 16 DE SETEMBRO DE 2025]]></Identifica>
    <Data><![CDATA[]]></Data>
    <Ementa />
    <Titulo />
    <SubTitulo />
    <Texto><![CDATA[<p class="identifica">PORTARIA SEGEP/PR Nº 221, DE 16 DE SETEMBRO DE 2025</p><p>A CHEFE DO SERVIÇO DE GESTÃO DE PESSOAS DA SUPERINTENDÊNCIA ESTADUAL DO MINISTÉRIO DA SAÚDE NO PARANÁ, no uso das competências conferidas pela apostila publicada na edição extraordinária do Boletim de Serviço nº 140, de 11/12/2023, de acordo com o Decreto nº 11.798, de 28 de novembro de 2023, publicado no Diário Oficial da União nº 225-B, Edição Extra B, de 28 de novembro de 2023, resolve:</p><p>Art. 1º - Conceder Aposentadoria Voluntária ao Tempo de Contribuição ao servidor JOSE AIRTON EDUARDO, matrícula SIAPE 568777, ocupante do cargo de Auxiliar operacional de serviços diversos, nível intermediário classe S, padrão V, do quadro do Ministério da Saúde no Paraná, com fundamento no Art. 4º, incisos I, II, III, IV e V, § 1º, § 2º, § 3º, § 6º inciso II, § 7º inciso II, e Art. 26, § 2º, inciso I, § 7º, da Emenda Constitucional nº 103, de 12/11/2019. (Processo nº 25023.000638/2025-70)</p><p class="assina">LEANDRA LUCIANA BARBIERI DE OLIVEIRA</p>]]></Texto>
  </body>
  <Midias />
</article></xml>