﻿<xml><article id="45708610" name="Port. EXO - 9738" idOficio="11314926" pubName="DO2" artType="Portaria" pubDate="01/10/2025" artClass="00025:00111:00001:00000:00000:00000:00000:00000:00000:00000:00017:00009" artCategory="Ministério da Educação/Universidade Federal de Minas Gerais/Reitoria" artSize="12" artNotes="" numberPage="45" pdfPage="http://pesquisa.in.gov.br/imprensa/jsp/visualiza/index.jsp?data=01/10/2025&amp;jornal=529&amp;pagina=45" editionNumber="187" highlightType="" highlightPriority="" highlight="" highlightimage="" highlightimagename="" idMateria="23159299">
  <body>
    <Identifica><![CDATA[ PORTARIA Nº 9.738, DE 25 DE SETEMBRO DE 2025]]></Identifica>
    <Data><![CDATA[]]></Data>
    <Ementa />
    <Titulo />
    <SubTitulo />
    <Texto><![CDATA[<p class="identifica">PORTARIA Nº 9.738, DE 25 DE SETEMBRO DE 2025</p><p>A Reitora da Universidade Federal de Minas Gerais, no uso de suas atribuições legais e estatutárias, e considerando o teor do Processo nº 23072.249517/2025-13, resolve:</p><p>Exonerar a pedido, a partir de 01/10/2025, de acordo com o artigo 34 da Lei n.º 8.112, de 11 de dezembro de 1990, a servidora Ana Carolina Crespo Ferreira, matrícula SIAPE nº 3473274, ocupante do cargo de Contador, lotada na Escola de Veterinária, do quadro permanente desta Universidade.</p><p class="assina">SANDRA REGINA GOULART ALMEIDA</p>]]></Texto>
  </body>
  <Midias />
</article></xml>