﻿<xml><article id="45709411" name="ATO GP 579_2025_Processo 6011918" idOficio="11313976" pubName="DO2" artType="Ato" pubDate="01/10/2025" artClass="00070:00005:00001:00000:00000:00000:00000:00000:00000:00000:00001:00005" artCategory="Poder Judiciário/Tribunal Superior do Trabalho/Presidência" artSize="12" artNotes="" numberPage="124" pdfPage="http://pesquisa.in.gov.br/imprensa/jsp/visualiza/index.jsp?data=01/10/2025&amp;jornal=529&amp;pagina=124" editionNumber="187" highlightType="" highlightPriority="" highlight="" highlightimage="" highlightimagename="" idMateria="23157795">
  <body>
    <Identifica><![CDATA[ ATO Nº 579, DE 24 DE SETEMBRO DE 2025]]></Identifica>
    <Data><![CDATA[]]></Data>
    <Ementa />
    <Titulo />
    <SubTitulo />
    <Texto><![CDATA[<p class="identifica">ATO Nº 579, DE 24 DE SETEMBRO DE 2025</p><p>O PRESIDENTE DO TRIBUNAL SUPERIOR DO TRABALHO, no uso de suas atribuições legais e regimentais, e tendo em vista o constante dos autos do Processo Administrativo TST nº 6011918/2025-00, resolve:</p><p>Redistribuir, a contar de 1º/10/2025, um cargo vago da Carreira Judiciária de Técnico Judiciário, Área Administrativa, do Quadro de Pessoal da Secretaria deste Tribunal, para o Quadro de Pessoal do Tribunal Regional do Trabalho da 23ª Região, em reciprocidade com o cargo idêntico ocupado pela servidora ALINE ROSA SOUZA TELLES, do Quadro de Pessoal daquele Tribunal, de acordo com o disposto na Resolução nº 146 do Conselho Nacional de Justiça, de 6/3/2012.</p><p class="assina">Min. ALOYSIO SILVA CORRÊA DA VEIGA</p>]]></Texto>
  </body>
  <Midias />
</article></xml>