﻿<xml><article id="45714228" name="PORTARIA SGCS 381 EDSON COLLET I" idOficio="11315541" pubName="DO2" artType="Portaria" pubDate="01/10/2025" artClass="00006:00007:00013:00000:00000:00000:00000:00000:00000:00000:00017:00000" artCategory="Presidência da República/Advocacia-Geral da União/Secretaria-Geral de Consultoria" artSize="12" artNotes="" numberPage="5" pdfPage="http://pesquisa.in.gov.br/imprensa/jsp/visualiza/index.jsp?data=01/10/2025&amp;jornal=529&amp;pagina=5" editionNumber="187" highlightType="" highlightPriority="" highlight="" highlightimage="" highlightimagename="" idMateria="23160397">
  <body>
    <Identifica><![CDATA[ PORTARIA SGCS/AGU Nº 381, DE 23 DE SETEMBRO DE 2025]]></Identifica>
    <Data><![CDATA[]]></Data>
    <Ementa />
    <Titulo />
    <SubTitulo />
    <Texto><![CDATA[<p class="identifica">PORTARIA SGCS/AGU Nº 381, DE 23 DE SETEMBRO DE 2025</p><p>O SECRETÁRIO-GERAL DE CONSULTORIA DA ADVOCACIA-GERAL DA UNIÃO, no uso das atribuições que lhe foram delegadas pela Portaria Normativa AGU n. 95, de 6 de junho de 2023, e considerando o que consta no Processo Administrativo nº 00525.000154/2025-49, resolve:</p><p>Conceder aposentadoria voluntária a EDSON COLLET IBIAPINA, matrícula Siape nº 1340822, ocupante do cargo de Advogado da União, Categoria Especial, código da vaga nº 475905, com fundamento no art. 20, incisos I, II, III e IV, e §2º, inciso I, da Emenda Constitucional nº 103, de 12 de novembro de 2019, combinado com o § 18 do art. 40 da Constituição Federal, com proventos integrais e paridade, correspondentes ao subsídio do cargo efetivo, de acordo com a Lei nº 13.327, de 29 de julho de 2016, declarando, em decorrência, a vacância do cargo.</p><p class="assina">FLAVIO JOSÉ ROMAN</p>]]></Texto>
  </body>
  <Midias />
</article></xml>