﻿<xml><article id="45709030" name="Ato PRESI n.A 215-2025" idOficio="11308177" pubName="DO2" artType="Ato" pubDate="01/10/2025" artClass="00070:00049:00001:00008:00001:00000:00000:00000:00000:00000:00001:00000" artCategory="Poder Judiciário/Tribunal Regional do Trabalho da 8ª Região/Gabinete da Presidência/Secretaria/Coordenação de Recursos Humanos" artSize="12" artNotes="" numberPage="133" pdfPage="http://pesquisa.in.gov.br/imprensa/jsp/visualiza/index.jsp?data=01/10/2025&amp;jornal=529&amp;pagina=133" editionNumber="187" highlightType="" highlightPriority="" highlight="" highlightimage="" highlightimagename="" idMateria="23148500">
  <body>
    <Identifica><![CDATA[ ATO PRESI Nº 215, DE 25 DE SETEMBRO DE 2025]]></Identifica>
    <Data><![CDATA[]]></Data>
    <Ementa />
    <Titulo />
    <SubTitulo />
    <Texto><![CDATA[<p class="identifica">ATO PRESI Nº 215, DE 25 DE SETEMBRO DE 2025</p><p>A DESEMBARGADORA DO TRIBUNAL REGIONAL DO TRABALHO DA OITAVA REGIÃO, no exercício da Presidência, e no uso de suas atribuições legais e regimentais,</p><p>CONSIDERANDO a indicação do servidor LEONARDO JUELINO DA SILVA para exercer o cargo em comissão de Diretor da Secretaria de Auditoria, CJ-3, conforme mensagem eletrônica de 23 de setembro de 2025;</p><p>CONSIDERANDO a competência do Conselho Nacional de Justiça para o controle administrativo e financeiro do Poder Judiciário, a teor do disposto no art. 103-B,  4º, I, da Constituição Federal;</p><p>CONSIDERANDO o disposto na Resolução n.º 308/2020, do Conselho Nacional de Justiça, que dispõe sobre a organização das atividades de auditoria interna do Poder Judiciário, sob a forma de sistema, e cria a Comissão Permanente de Auditoria;</p><p>CONSIDERANDO o disposto na Resolução n.º 282/2021, do Conselho Superior da Justiça do Trabalho, que aprova o Estatuto de Auditoria Interna e o Código de Ética das Unidades de Auditoria Interna da Justiça do Trabalho;</p><p>CONSIDERANDO o que consta no Processo Administrativo Eletrônico nº 7082/2025 e, ainda, o interesse do serviço, resolve:</p><p>Art. 1º NOMEAR o servidor LEONARDO JUELINO DA SILVA, Analista Judiciário, Área Administrativa, Especialidade Contabilidade, SIGEP n.º 3623, para exercer o cargo em comissão de Diretor da Secretaria de Auditoria, CJ-3 (código 100), pelo mandato de 2 (dois) anos, de acordo com o artigo 9º, item II, da Lei n.º 8.112/1990, artigo 5º,  8º, da Lei n.º 11.416/2006, artigo 6º,  2º, da Resolução CNJ n.º 308/2020 e artigo 9º, da Resolução CSJT nº 282/2021, em vaga decorrente da exoneração do servidor Fabrício Manoel Santiago Cordeiro.</p><p>Art. 2º Este Ato terá vigência a partir da data de sua publicação no Diário da Oficial da União.</p><p class="assina">ROSITA DE NAZARÉ SIDRIM NASSAR</p>]]></Texto>
  </body>
  <Midias />
</article></xml>