﻿<xml><article id="45711989" name="PORTARIA N 904_23159660" idOficio="11315222" pubName="DO2" artType="Portaria" pubDate="01/10/2025" artClass="00025:00053:00000:00000:00000:00000:00000:00000:00000:00000:00017:00000" artCategory="Ministério da Educação/Fundo Nacional de Desenvolvimento da Educação" artSize="12" artNotes="" numberPage="29" pdfPage="http://pesquisa.in.gov.br/imprensa/jsp/visualiza/index.jsp?data=01/10/2025&amp;jornal=529&amp;pagina=29" editionNumber="187" highlightType="" highlightPriority="" highlight="" highlightimage="" highlightimagename="" idMateria="23159660">
  <body>
    <Identifica><![CDATA[ PORTARIA FNDE Nº 904, DE 29 DE SETEMBRO DE 2025]]></Identifica>
    <Data><![CDATA[]]></Data>
    <Ementa />
    <Titulo />
    <SubTitulo />
    <Texto><![CDATA[<p class="identifica">PORTARIA FNDE Nº 904, DE 29 DE SETEMBRO DE 2025</p><p>A PRESIDENTE DO FUNDO NACIONAL DE DESENVOLVIMENTO DA EDUCAÇÃO, no uso de suas atribuições e tendo em vista o disposto art. 38, da Lei nº 8.112, de 11 de dezembro, de 1990, no Inciso III, do art. 2º, da Portaria nº 1.819, de 11 de setembro de 2023, e no Decreto nº 12.458, de 21 de maio de 2025, resolve:</p><p>DISPENSAR, a pedido,</p><p>SARAH RAQUEL FRÓZ SILVA do encargo de substituta eventual da Função Comissionada Executiva de Chefe de Divisão, Código FCE 1.07, da Divisão de Transparência e Acesso à Informação, da Ouvidoria, do Fundo Nacional de Desenvolvimento da Educação.</p><p class="assina">FERNANDA MARA DE OLIVEIRA MACEDO CARNEIRO PACOBAHYBA</p>]]></Texto>
  </body>
  <Midias />
</article></xml>