﻿<xml><article id="45714748" name="1552 a 1531-1534 a 1537-1539 a 1" idOficio="11315684" pubName="DO2" artType="Portaria" pubDate="01/10/2025" artClass="00047:00002:00021:00000:00000:00000:00000:00000:00000:00000:00017:00000" artCategory="Ministério da Saúde/Secretaria Executiva/Subsecretaria de Assuntos Administrativos" artSize="24" artNotes="" numberPage="100" pdfPage="http://pesquisa.in.gov.br/imprensa/jsp/visualiza/index.jsp?data=01/10/2025&amp;jornal=529&amp;pagina=100" editionNumber="187" highlightType="" highlightPriority="" highlight="" highlightimage="" highlightimagename="" idMateria="23160566">
  <body>
    <Identifica><![CDATA[ Portaria SAA Nº 1.540, DE 29 DE setembro DE 2025]]></Identifica>
    <Data><![CDATA[]]></Data>
    <Ementa />
    <Titulo />
    <SubTitulo />
    <Texto><![CDATA[<p class="identifica">Portaria SAA Nº 1.540, DE 29 DE setembro DE 2025</p><p>O SUBSECRETÁRIO DE ASSUNTOS ADMINISTRATIVOS DO MINISTÉRIO DA SAÚDE, no uso da atribuição conferida na Portaria GM/MS n.º 243, de 10 de março de 2015; e considerando o disposto no Art. 93 da Lei n.º 8.112, de 11 de dezembro de 1990; no inciso XI, do art. 7º da Lei n.º 8.080, de 19 de setembro de 1990; no art. 20 da Lei n.º 8.270, de 17 de dezembro de 1991; na Lei n.º 11.355, de 19 de outubro de 2006; e demais informações que constam no Processo SEI/MS n.º 33407.071239/2025-15, resolve:</p><p>Art. 1º Ceder a servidora MARIA EMILIA GONÇALVES ESTEVEZ, matrícula SIAPE 3278712, ocupante do cargo efetivo de Médico, pertencente ao Quadro de Pessoal deste Ministério, lotada no Hospital Federal Cardoso Fontes, do Departamento de Gestão Hospitalar no Estado do Rio de Janeiro (HFCF/DGH/SAES/MS), para a Prefeitura Municipal do Rio de Janeiro, no Estado do Rio de Janeiro, em conformidade com o Convênio SUS n.º 256/2023, publicado no Diário Oficial da União n.º 118, Seção 3, em 23 de junho de 2023, firmado entre o Ministério da Saúde e a Prefeitura Municipal do Rio de Janeiro no Estado do Rio de Janeiro, representada por sua Secretaria Municipal de Saúde.</p><p>Art. 2º O ônus pela remuneração é do órgão cedente.</p><p>Art. 3º Cumpre ao Hospital Federal Cardoso Fontes (HFCF/DGH/SAES/MS) e a Secretaria Municipal de Saúde da Prefeitura Municipal do Rio de Janeiro, no Estado do Rio de Janeiro, a observância dos procedimentos de gestão de pessoal cedido para o Sistema Único de Saúde (SUS), estabelecidos na Portaria GM/MS n.º 243, de 10 de março de 2015.</p><p>Art. 4º Torna-se sem efeito o disposto nesta Portaria, caso a servidora não se apresente ao órgão cessionário no prazo de trinta dias.</p><p>Art. 5º Esta Portaria entra em vigor na data da publicação.</p><p class="assina">SINVAL ALAN FERREIRA SILVA</p><p class="identifica">PORTARIA SAA Nº 1.531, DE 29 DE SETEMBRO DE 2025</p><p>O SUBSECRETÁRIO DE ASSUNTOS ADMINISTRATIVOS DO MINISTÉRIO DA SAÚDE, no uso da atribuição conferida na Portaria GM/MS n.º 243, de 10 de março de 2015; e considerando o disposto no Art. 93 da Lei n.º 8.112, de 11 de dezembro de 1990; no inciso XI, do art. 7º da Lei n.º 8.080, de 19 de setembro de 1990; no art. 20 da Lei n.º 8.270, de 17 de dezembro de 1991; na Lei n.º 11.355, de 19 de outubro de 2006; e demais informações que constam no Processo SEI n.º 33407.070572/2025-07, resolve:</p><p>Art. 1º Ceder a servidora MARIA APARECIDA SIQUEIRA DE ANDRADE, ocupante do cargo efetivo de Médico, matrícula SIAPE 5521841, pertencente ao Quadro de Pessoal deste Ministério, lotada no Hospital Federal Cardoso Fontes (HFCF/RJ/DGH/SAES/MS), para a Prefeitura Municipal do Rio de Janeiro, representada pela sua Secretaria Municipal de Saúde, com exercício naquele Hospital Federal Cardoso Fontes (HFCF/RJ/DGH/SAES/MS), em conformidade com o Convênio SUS n.º 256/2023, publicado no Diário Oficial da União n.º 118 Seção 3, em 23 de junho de 2023, firmado entre o Ministério da Saúde e a Prefeitura Municipal do Rio de Janeiro, representada por sua Secretaria Municipal de Saúde.</p><p>Art. 2º O ônus pela remuneração é do órgão cedente.</p><p>Art. 3º Cumpre ao Hospital Federal Cardoso Fontes (HFCF/RJ/DGH/SAES/MS) e à Secretaria Municipal de Saúde do Rio de Janeiro (SMS/RJ), a observância dos procedimentos de gestão de pessoal cedido para o Sistema Único de Saúde (SUS), estabelecidos na Portaria GM/MS n.º 243, de 10 de março de 2015.</p><p>Art. 4º Torna-se sem efeito o disposto nesta Portaria, caso a servidora não se apresente ao órgão cessionário no prazo de trinta dias.</p><p>Art. 5º Esta Portaria entra em vigor na data da publicação.</p><p class="assina">SINVAL ALAN FERREIRA SILVA</p><p class="identifica">PORTARIA SAA Nº 1.536, DE 29 DE SETEMBRO DE 2025</p><p>O SUBSECRETÁRIO DE ASSUNTOS ADMINISTRATIVOS DO MINISTÉRIO DA SAÚDE, no uso da atribuição conferida na Portaria GM/MS n.º 243, de 10 de março de 2015; e considerando o disposto no Art. 93 da Lei n.º 8.112, de 11 de dezembro de 1990; no inciso XI, do art. 7º da Lei n.º 8.080, de 19 de setembro de 1990; no art. 20 da Lei n.º 8.270, de 17 de dezembro de 1991; na Lei n.º 11.355, de 19 de outubro de 2006; e demais informações que constam no Processo SEI n.º 33367.065752/2025-82, resolve:</p><p>Art. 1º Ceder o servidor RONALDO CHAGAS DA SILVA, ocupante do cargo efetivo de Auxiliar de Enfermagem, matrícula SIAPE 1748590, pertencente ao Quadro de Pessoal deste Ministério, lotado no Hospital Federal do Andaraí (HFA/RJ/DGH/SAES/MS), para a Prefeitura Municipal do Rio de Janeiro, representada pela sua Secretaria Municipal de Saúde, com exercício no CMS Carmela Dutra A.P 3.3/RJ, em conformidade com o Convênio SUS n.º 256/2023, publicado no Diário Oficial da União n.º 118 Seção 3, em 23 de junho de 2023, firmado entre o Ministério da Saúde e a Prefeitura Municipal do Rio de Janeiro, representada por sua Secretaria Municipal de Saúde.</p><p>Art. 2º O ônus pela remuneração é do órgão cedente.</p><p>Art. 3º Cumpre ao Hospital Federal do Andaraí (HFA/RJ/DGH/SAES/MS) e à Secretaria Municipal do Rio de Janeiro (SMS/RJ), a observância dos procedimentos de gestão de pessoal cedido para o Sistema Único de Saúde (SUS), estabelecidos na Portaria GM/MS n.º 243, de 10 de março de 2015.</p><p>Art. 4º Torna-se sem efeito o disposto nesta Portaria, caso o servidor não se apresente ao órgão cessionário no prazo de trinta dias.</p><p>Art. 5º Esta Portaria entra em vigor na data da publicação.</p><p class="assina">SINVAL ALAN FERREIRA SILVA</p><p class="identifica">PORTARIA SAA Nº 1.530, DE 29 DE SETEMBRO DE 2025</p><p>O SUBSECRETÁRIO DE ASSUNTOS ADMINISTRATIVOS DO MINISTÉRIO DA SAÚDE, no uso da atribuição conferida na Portaria GM/MS n.º 243, de 10 de março de 2015; e considerando o disposto no Art. 93 da Lei n.º 8.112, de 11 de dezembro de 1990; no inciso XI, do art. 7º da Lei n.º 8.080, de 19 de setembro de 1990; no art. 20 da Lei n.º 8.270, de 17 de dezembro de 1991; na Lei n.º 11.355, de 19 de outubro de 2006; e demais informações que constam no Processo SEI n.º 33407.065664/2025-67, resolve:</p><p>Art. 1º Ceder a servidora ARANAÍ DOS SANTOS ALVES VERLI, ocupante do cargo efetivo de Auxiliar de Enfermagem, matrícula SIAPE 1186237, pertencente ao Quadro de Pessoal deste Ministério, lotada no Hospital Federal Cardoso Fontes (HFCF/RJ/DGH/SAES/MS), para a Prefeitura Municipal do Rio de Janeiro, representada pela sua Secretaria Municipal de Saúde, com exercício naquele Hospital Federal Cardoso Fontes (HFCF/RJ/DGH/SAES/MS) (HFCF/RJ/DGH/SAES/MS), em conformidade com o Convênio SUS n.º 256/2023, publicado no Diário Oficial da União n.º 118 Seção 3, em 23 de junho de 2023, firmado entre o Ministério da Saúde e a Prefeitura Municipal do Rio de Janeiro, representada por sua Secretaria Municipal de Saúde.</p><p>Art. 2º O ônus pela remuneração é do órgão cedente.</p><p>Art. 3º Cumpre ao Hospital Federal Cardoso Fontes (HFCF/RJ/DGH/SAES/MS) e à Secretaria Municipal de Saúde do Rio de Janeiro (SMS/RJ), a observância dos procedimentos de gestão de pessoal cedido para o Sistema Único de Saúde (SUS), estabelecidos na Portaria GM/MS n.º 243, de 10 de março de 2015.</p><p>Art. 4º Torna-se sem efeito o disposto nesta Portaria, caso a servidora não se apresente ao órgão cessionário no prazo de trinta dias.</p><p>Art. 5º Esta Portaria entra em vigor na data da publicação.</p><p class="assina">SINVAL ALAN FERREIRA SILVA</p><p class="identifica">PORTARIA SAA Nº 1.529, DE 29 DE SETEMBRO DE 2025</p><p>O SUBSECRETÁRIO DE ASSUNTOS ADMINISTRATIVOS DO MINISTÉRIO DA SAÚDE, no uso da atribuição conferida na Portaria GM/MS n.º 243, de 10 de março de 2015; e considerando o disposto no Art. 93 da Lei n.º 8.112, de 11 de dezembro de 1990; no inciso XI, do art. 7º da Lei n.º 8.080, de 19 de setembro de 1990; no art. 20 da Lei n.º 8.270, de 17 de dezembro de 1991; na Lei n.º 11.355, de 19 de outubro de 2006; e demais informações que constam no Processo SEI n.º 33407.065647/2025-20, resolve:</p><p>Art. 1º Ceder a servidora ANDREA FERREIRA DE ANDRADE, ocupante do cargo efetivo de Auxiliar de Enfermagem, matrícula SIAPE 1747536, pertencente ao Quadro de Pessoal deste Ministério, lotada no Hospital Federal Cardoso Fontes (HFCF/RJ/DGH/SAES/MS), para a Prefeitura Municipal do Rio de Janeiro, representada pela Secretaria Municipal de Saúde, com exercício naquele Hospital Federal Cardoso Fontes (HFCF/RJ/DGH/SAES/MS), em conformidade com o Convênio SUS n.º 256/2023, publicado no Diário Oficial da União n.º 118 Seção 3, em 23 de junho de 2023, firmado entre o Ministério da Saúde e a Prefeitura Municipal do Rio de Janeiro, representada por sua Secretaria Municipal de Saúde.</p><p>Art. 2º O ônus pela remuneração é do órgão cedente.</p><p>Art. 3º Cumpre ao Hospital Federal Cardoso Fontes (HFCF/RJ/DGH/SAES/MS) e à Secretaria Municipal de Saúde do Rio de Janeiro (SMS/RJ), a observância dos procedimentos de gestão de pessoal cedido para o Sistema Único de Saúde (SUS), estabelecidos na Portaria GM/MS n.º 243, de 10 de março de 2015.</p><p>Art. 4º Torna-se sem efeito o disposto nesta Portaria, caso a servidora não se apresente ao órgão cessionário no prazo de trinta dias.</p><p>Art. 5º Esta Portaria entra em vigor na data da publicação.</p><p class="assina">SINVAL ALAN FERREIRA SILVA</p><p class="identifica">PORTARIA SAA Nº 1.535, DE 29 DE SETEMBRO DE 2025</p><p>O SUBSECRETÁRIO DE ASSUNTOS ADMINISTRATIVOS DO MINISTÉRIO DA SAÚDE, no uso da atribuição conferida na Portaria GM/MS n.º 243, de 10 de março de 2015; e considerando o disposto no Art. 93 da Lei n.º 8.112, de 11 de dezembro de 1990; no inciso XI, do art. 7º da Lei n.º 8.080, de 19 de setembro de 1990; no art. 20 da Lei n.º 8.270, de 17 de dezembro de 1991; na Lei n.º 11.355, de 19 de outubro de 2006; e demais informações que constam no Processo SEI n.º 33367.063739/2025-99, resolve:</p><p>Art. 1º Ceder a servidora ANA PAULA SOUZA DE LIMA, ocupante do cargo efetivo de Auxiliar de Enfermagem, matrícula SIAPE 1747430, pertencente ao Quadro de Pessoal deste Ministério, para a Prefeitura Municipal do Rio de Janeiro, representada pela Secretaria Municipal de Saúde, com exercício no Hospital Federal do Andaraí (HFA/RJ/DGH/SAES/MS), em conformidade com o Convênio SUS n.º 256/2023, publicado no Diário Oficial da União nº 118 Seção 3, em 23 de junho de 2023, firmado entre o Ministério da Saúde e a Prefeitura Municipal do Rio de Janeiro, representada por sua Secretaria Municipal de Saúde.</p><p>Art. 2º O ônus pela remuneração é do órgão cedente.</p><p>Art. 3º Cumpre ao Hospital Federal Do Andaraí (HFA/RJ/DGH/SAES/MS) e à Secretaria Municipal de Saúde do Rio de Janeiro (SMS/RJ), a observância dos procedimentos de gestão de pessoal cedido para o Sistema Único de Saúde (SUS), estabelecidos na Portaria GM/MS n.º 243, de 10 de março de 2015.</p><p>Art. 4º Torna-se sem efeito o disposto nesta Portaria, caso a servidora não se apresente ao órgão cessionário no prazo de trinta dias.</p><p>Art. 5º Esta Portaria entra em vigor na data da publicação.</p><p class="assina">SINVAL ALAN FERREIRA SILVA</p><p class="identifica">PORTARIA SAA Nº 1.537, DE 29 DE SETEMBRO DE 2025</p><p>O SUBSECRETÁRIO DE ASSUNTOS ADMINISTRATIVOS DO MINISTÉRIO DA SAÚDE, no uso da atribuição conferida na Portaria GM/MS n.º 243, de 10 de março de 2015; e considerando o disposto no Art. 93 da Lei n.º 8.112, de 11 de dezembro de 1990; no inciso XI, do art. 7º da Lei n.º 8.080, de 19 de setembro de 1990; no art. 20 da Lei n.º 8.270, de 17 de dezembro de 1991; na Lei n.º 11.355, de 19 de outubro de 2006; e demais informações que constam no Processo SEI n.º 33367.063692/2025-63, resolve:</p><p>Art. 1º Ceder a servidora ALESSANDRA RODRIGUES MEDEIROS PERETTI DE ARAUJO, ocupante do cargo efetivo de Nutricionista, matrícula SIAPE 1724611, pertencente ao Quadro de Pessoal deste Ministério, para a Prefeitura Municipal do Rio de Janeiro, com exercício no Hospital Federal do Andaraí (HFA/RJ/DGH/SAES/MS), em conformidade com o Convênio SUS n.º 256/2023, publicado no Diário Oficial da União n.º 118 Seção 3, em 23 de junho de 2023, firmado entre o Ministério da Saúde e a Prefeitura Municipal do Rio de Janeiro, representada por sua Secretaria Municipal de Saúde.</p><p>Art. 2º O ônus pela remuneração é do órgão cedente.</p><p>Art. 3º Cumpre ao Hospital Federal do Andaraí (HFA/RJ/DGH/SAES/MS) e à Secretaria Municipal do Rio de Janeiro (SMS/RJ), a observância dos procedimentos de gestão de pessoal cedido para o Sistema Único de Saúde (SUS), estabelecidos na Portaria GM/MS n.º 243, de 10 de março de 2015.</p><p>Art. 4º Torna-se sem efeito o disposto nesta Portaria, caso a servidora não se apresente ao órgão cessionário no prazo de trinta dias.</p><p>Art. 5º Esta Portaria entra em vigor na data da publicação.</p><p class="assina">SINVAL ALAN FERREIRA SILVA</p><p class="identifica">PORTARIA SAA Nº 1.541, DE 29 DE SETEMBRO DE 2025</p><p>O SUBSECRETÁRIO DE ASSUNTOS ADMINISTRATIVOS DO MINISTÉRIO DA SAÚDE, no uso da atribuição conferida na Portaria GM/MS n.º 243, de 10 de março de 2015; e considerando o disposto no Art. 93 da Lei n.º 8.112, de 11 de dezembro de 1990; no inciso XI, do art. 7º da Lei n.º 8.080, de 19 de setembro de 1990; no art. 20 da Lei n.º 8.270, de 17 de dezembro de 1991; na Lei n.º 11.355, de 19 de outubro de 2006; e demais informações que constam no Processo SEI n.º 33374.039908/2025-81, resolve:</p><p>Art. 1º Ceder a servidora LAUANA HAMMERS CAVALLEIRO DE BARROS LEAL, matrícula SIAPE 1532838, ocupante do cargo efetivo de Auxiliar de Enfermagem, do Quadro de Pessoal Ativo Permanente deste Ministério, lotada no Hospital Federal de Bonsucesso (HFB/RJ/DGH/SAES/MS), para a Secretaria Municipal de Saúde de Paracambi/RJ, representada por sua Secretaria Municipal de Saúde (SMS/PARACAMBI/RJ), com exercício junto àquele Hospital Federal de Bonsucesso (HFB/RJ/DGH/SAES/MS), em conformidade com o Convênio SUS n.º 254/2023, Publicado no Diário Oficial da União n.º 199 Seção 3, em 19 de outubro de 2023, firmado entre o Ministério da Saúde e a Prefeitura Municipal de Paracambi/RJ, representada por sua Secretaria Municipal de Saúde.</p><p>Art. 2º O ônus pela remuneração é do órgão cedente.</p><p>Art. 3º Cumpre ao Hospital Federal de Bonsucesso (HFB/RJ/DGH/SAES/MS) e à Secretaria Municipal de Saúde de Paracambi (SMS/RJ), a observância dos procedimentos de gestão de pessoal cedido para o Sistema Único de Saúde (SUS), estabelecidos na Portaria GM/MS n.º 243, de 10 de março de 2015.</p><p>Art. 4º Torna-se sem efeito o disposto nesta Portaria, caso a servidora não se apresente ao órgão cessionário no prazo de trinta dias.</p><p>Art. 5º Esta Portaria entra em vigor na data da publicação.</p><p class="assina">SINVAL ALAN FERREIRA SILVA</p><p>PORTARIA SAA Nº 1.534, DE 29 DE SETEMBRO DE 2025</p><p>O SUBSECRETÁRIO DE ASSUNTOS ADMINISTRATIVOS DO MINISTÉRIO DA SAÚDE, no uso da atribuição conferida na Portaria GM/MS n.º 243, de 10 de março de 2015; e considerando o disposto no Art. 93 da Lei n.º 8.112, de 11 de dezembro de 1990; no inciso XI, do art. 7º da Lei n.º 8.080, de 19 de setembro de 1990; no art. 20 da Lei n.º 8.270, de 17 de dezembro de 1991; na Lei n.º 11.355, de 19 de outubro de 2006; e demais informações que constam no Processo SEI n.º 33367.032934/2025-77, resolve:</p><p>Art. 1º Ceder a servidora MARIA IMACULADA LONGHI CAPELLA, matrícula SIAPE 1110946, ocupante do cargo efetivo de Enfermeiro, do Quadro de Pessoal Ativo Permanente deste Ministério, lotada no Hospital Federal do Andaraí (HFA/RJ/DGH/SAES/MS), para a Prefeitura Municipal do Rio de Janeiro, representada por sua Secretaria Municipal de Saúde, com exercício junto àquele Hospital Federal do Andaraí (HFA/RJ/DGH/SAES/MS), em conformidade com o Convênio SUS n.º 68/2021, firmado entre o Ministério da Saúde e a Prefeitura Municipal de Duque de Caxias/RJ, representada por sua Secretaria Municipal de Saúde.</p><p>Art. 2º O ônus pela remuneração é do órgão cedente.</p><p>Art. 3º Cumpre ao Hospital Federal do Andaraí (HFA/RJ/DGH/SAES/MS) e à Secretaria Municipal de Saúde de Duque de Caxias (SMS/Duque de Caxias/RJ), a observância dos procedimentos de gestão de pessoal cedido para o Sistema Único de Saúde (SUS), estabelecidos na Portaria GM/MS n.º 243, de 10 de março de 2015.</p><p>Art. 4º Torna-se sem efeito o disposto nesta Portaria, caso a servidora não se apresente ao órgão cessionário no prazo de trinta dias.</p><p>Art. 5º Esta Portaria entra em vigor na data da publicação.</p><p class="assina">SINVAL ALAN FERREIRA SILVA</p><p class="identifica">PORTARIA SAA Nº 1.528, DE 29 DE SETEMBRO DE 2025</p><p>O SUBSECRETÁRIO DE ASSUNTOS ADMINISTRATIVOS DO MINISTÉRIO DA SAÚDE, no uso da atribuição conferida na Portaria GM/MS n.º 243, de 10 de março de 2015; e considerando o disposto no Art. 93 da Lei n.º 8.112, de 11 de dezembro de 1990; no inciso XI, do art. 7º da Lei n.º 8.080, de 19 de setembro de 1990; no art. 20 da Lei n.º 8.270, de 17 de dezembro de 1991; na Lei n.º 11.355, de 19 de outubro de 2006; e demais informações que constam no Processo SEI n.º 33407.030618/2025-47, resolve:</p><p>Art. 1º Ceder a servidora SIMONE MENEZES DAMASCENO, ocupante do cargo efetivo de Auxiliar de Enfermagem, matrícula SIAPE 2514033, pertencente ao Quadro de Pessoal deste Ministério, lotada no Hospital Federal Cardoso Fontes (HFCF/RJ/DGH/SAES/MS), para a Prefeitura Municipal do Rio de Janeiro, representada pela sua Secretaria Municipal de Saúde, com exercício no Hospital Municipal Jesus/RJ, em conformidade com o Convênio SUS n.º 256/2023, publicado no Diário Oficial da União n.º 118 Seção 3, em 23 de junho de 2023, firmado entre o Ministério da Saúde e a Prefeitura Municipal do Rio de Janeiro, representada por sua Secretaria Municipal de Saúde.</p><p>Art. 2º O ônus pela remuneração é do órgão cedente.</p><p>Art. 3º Cumpre ao Hospital Federal Cardoso Fontes (HFCF/RJ/DGH/SAES/MS) e à Secretaria Municipal de Saúde do Rio de Janeiro (SMS/RJ), a observância dos procedimentos de gestão de pessoal cedido para o Sistema Único de Saúde (SUS), estabelecidos na Portaria GM/MS n.º 243, de 10 de março de 2015.</p><p>Art. 4º Torna-se sem efeito o disposto nesta Portaria, caso a servidora não se apresente ao órgão cessionário no prazo de trinta dias.</p><p>Art. 5º Esta Portaria entra em vigor na data da publicação.</p><p class="assina">SINVAL ALAN FERREIRA SILVA</p><p class="identifica">PORTARIA SAA Nº 1.552, DE 29 DE SETEMBRO DE 2025</p><p>O SUBSECRETÁRIO DE ASSUNTOS ADMINISTRATIVOS DO MINISTÉRIO DA SAÚDE, no uso da atribuição conferida na Portaria GM/MS n.º 243, de 10 de março de 2015; e considerando o disposto no Art. 93 da Lei n.º 8.112, de 11 de dezembro de 1990; no inciso XI, do art. 7º da Lei n.º 8.080, de 19 de setembro de 1990; no art. 20 da Lei n.º 8.270, de 17 de dezembro de 1991; na Lei n.º 11.355, de 19 de outubro de 2006; e demais informações que constam no Processo SEI/MS n.º 33374.027546/2025-85, resolve:</p><p>Art. 1º Ceder a servidora LUCIANA CRISTINA SAMPAIO DE SOUZA, matrícula SIAPE 1532850, ocupante do cargo efetivo de Auxiliar de Enfermagem, pertencente ao Quadro de Pessoal deste Ministério, lotada no Hospital Federal de Bonsucesso, do Departamento de Gestão Hospitalar no Estado do Rio de Janeiro (HFB/RJ/DGH/SAES/MS), para a Prefeitura Municipal de Rio das Flores, no Estado do Rio de Janeiro, em conformidade com o Convênio SUS n.º 23/2024, publicado no Diário Oficial da União n.º 53, Seção 3, de 18 de março de 2024, firmado entre o Ministério da Saúde e a Prefeitura Municipal de Rio das Flores, no Estado do Rio de Janeiro, representada por sua Secretaria Municipal de Saúde.</p><p>Art. 2º O ônus pela remuneração é do órgão cedente.</p><p>Art. 3º Cumpre ao Hospital Federal de Bonsucesso (HFB/DGH/SAES/MS) e à Secretaria Municipal de Saúde de Rio das Flores no Estado do Rio de Janeiro (SMS/Rio das Flores/RJ) a observância dos procedimentos de gestão de pessoal cedido para o Sistema Único de Saúde (SUS), estabelecidos na Portaria GM/MS n.º 243, de 10 de março de 2015.</p><p>Art. 4º Torna-se sem efeito o disposto nesta Portaria, caso a servidora não se apresente ao órgão cessionário no prazo de trinta dias.</p><p>Art. 5º Esta Portaria entra em vigor na data da publicação.</p><p class="assina">SINVAL ALAN FERREIRA SILVA</p><p class="identifica">PORTARIA SAA Nº 1.550, DE 29 DE SETEMBRO DE 2025</p><p>O SUBSECRETÁRIO DE ASSUNTOS ADMINISTRATIVOS DO MINISTÉRIO DA SAÚDE, no uso da atribuição conferida na Portaria GM/MS n.º 243, de 10 de março de 2015; e considerando o disposto no Art. 93 da Lei n.º 8.112, de 11 de dezembro de 1990; no inciso XI, do art. 7º da Lei n.º 8.080, de 19 de setembro de 1990; no art. 20 da Lei n.º 8.270, de 17 de dezembro de 1991; na Lei n.º 11.355, de 19 de outubro de 2006; e demais informações que constam no Processo SEI/MS n.º 33374.027470/2025-98, resolve:</p><p>Art. 1º Ceder a servidora DIANA ALMEIDA DE LIMA, matrícula SIAPE 1526619, ocupante do cargo efetivo de Médico, pertencente ao Quadro de Pessoal deste Ministério, lotada no Hospital Federal de Bonsucesso, do Departamento de Gestão Hospitalar no Estado do Rio de Janeiro (HFB/RJ/DGH/SAES/MS), para a Prefeitura Municipal de Niterói, no Estado do Rio de Janeiro, representada por sua Secretaria Municipal de Saúde, com exercício na Fundação Municipal de Saúde em Niterói/RJ, em conformidade com o Convênio SUS n.º 147/2021, publicado no Diário Oficial da União n.º 135, Seção 3, de 20 de julho de 2021, firmado entre o Ministério da Saúde e a Prefeitura Municipal de Niterói, no Estado do Rio de Janeiro, representada por sua Secretaria Municipal de Saúde.</p><p>Art. 2º O ônus pela remuneração é do órgão cedente.</p><p>Art. 3º Cumpre ao Hospital Federal de Bonsucesso (HFB/RJ/DGH/SAES/MS) e à Secretaria Municipal de Saúde de Niterói (SMS/Niterói/RJ), a observância dos procedimentos de gestão de pessoal cedido para o Sistema Único de Saúde (SUS), estabelecidos na Portaria GM/MS n.º 243, de 10 de março de 2015.</p><p>Art. 4º Torna-se sem efeito o disposto nesta Portaria, caso a servidora não se apresente ao órgão cessionário no prazo de trinta dias.</p><p>Art. 5º Esta Portaria entra em vigor na data da publicação.</p><p class="assina">SINVAL ALAN FERREIRA SILVA</p><p class="identifica">PORTARIA SAA Nº 1.527, DE 29 DE SETEMBRO DE 2025</p><p>O SUBSECRETÁRIO DE ASSUNTOS ADMINISTRATIVOS DO MINISTÉRIO DA SAÚDE, no uso da atribuição conferida na Portaria GM/MS n.º 243, de 10 de março de 2015; e considerando o disposto no Art. 93 da Lei n.º 8.112, de 11 de dezembro de 1990; no inciso XI, do art. 7º da Lei n.º 8.080, de 19 de setembro de 1990; no art. 20 da Lei n.º 8.270, de 17 de dezembro de 1991; na Lei n.º 11.355, de 19 de outubro de 2006; e demais informações que constam no Processo SEI n.º 33407.025292/2025-36, resolve:</p><p>Art. 1º Ceder a servidora ALINE FURTADO DE MENDONÇA, matrícula SIAPE 1737818, ocupante do cargo efetivo de Enfermeira, do Quadro de Pessoal Ativo Permanente deste Ministério, lotada no Hospital Federal Cardoso Fontes (HFCF/RJ/DGH/SAES/MS), para a Prefeitura para Municipal do Rio de Janeiro, representada por sua Secretaria Municipal de Saúde (SMS/RJ), com exercício junto àquele Hospital Federal Cardoso Fontes (HFCF), em conformidade com o Convênio SUS n.º 256/2023, publicado no Diário Oficial da União n.º 118 Seção 3, em 23 de junho de 2023, firmado entre o Ministério da Saúde e a Prefeitura Municipal do Rio de janeiro, representada por sua Secretaria Municipal de Saúde.</p><p>Art. 2º O ônus pela remuneração é do órgão cedente.</p><p>Art. 3º Cumpre ao Hospital Federal Cardoso Fontes (HFCF/RJ/DGH/SAES/MS) e à Secretaria Municipal de Saúde do Rio de Janeiro (SMS/RJ), a observância dos procedimentos de gestão de pessoal cedido para o Sistema Único de Saúde (SUS), estabelecidos na Portaria GM/MS n.º 243, de 10 de março de 2015.</p><p>Art. 4º Torna-se sem efeito o disposto nesta Portaria, caso a servidora não se apresente ao órgão cessionário no prazo de trinta dias.</p><p>Art. 5º Esta Portaria entra em vigor na data da publicação.</p><p class="assina">SINVAL ALAN FERREIRA SILVA</p><p class="identifica">PORTARIA SAA Nº 1.539, DE 29 DE SETEMBRO DE 2025</p><p>O SUBSECRETÁRIO DE ASSUNTOS ADMINISTRATIVOS DO MINISTÉRIO DA SAÚDE, no uso da atribuição conferida na Portaria GM/MS n.º 243, de 10 de março de 2015; e considerando o disposto no Art. 93 da Lei n.º 8.112, de 11 de dezembro de 1990; no inciso XI, do art. 7º da Lei n.º 8.080, de 19 de setembro de 1990; no art. 20 da Lei n.º 8.270, de 17 de dezembro de 1991; na Lei n.º 11.355, de 19 de outubro de 2006; e demais informações que constam no Processo SEI n.º 33367.021828/2025-68, resolve:</p><p>Art. 1º Ceder a servidora SIMONE DAS GRAÇAS MAIA DE OLIVEIRA DA MOTTA, ocupante do cargo efetivo de Auxiliar de Enfermagem, matrícula SIAPE 1739745, Quadro de Pessoal Ativo Permanente deste Ministério, lotada no Hospital Federal do Andaraí (HFA/RJ/DGH/SAES/MS), para a Prefeitura Municipal de Teresópolis no Estado do Rio de Janeiro, representada por sua Secretaria Municipal de Saúde, com exercício naquela Secretaria Municipal de Saúde, em conformidade com o Convênio SUS n.º 119/2025, publicado no Diário Oficial da União n.º 153 Seção 3, em 14 de agosto de 2025, firmado entre o Ministério da Saúde e a Prefeitura Municipal de Teresópolis no Estado do Rio de janeiro representada por sua Secretaria Municipal de Saúde.</p><p>Art. 2º O ônus pela remuneração é do órgão cedente.</p><p>Art. 3º Cumpre ao Hospital Federal do Andaraí (HFA/RJ/DGH/SAES/MS) e à Secretaria Municipal de Saúde de Teresópolis no Estado do Rio de Janeiro (SMS/Teresópolis/RJ), a observância dos procedimentos de gestão de pessoal cedido para o Sistema Único de Saúde (SUS), estabelecidos na Portaria GM/MS n.º 243, de 10 de março de 2015.</p><p>Art. 4º Torna-se sem efeito o disposto nesta Portaria, caso a servidora não se apresente ao órgão cessionário no prazo de trinta dias.</p><p>Art. 5º Esta Portaria entra em vigor na data da publicação.</p><p class="assina">SINVAL ALAN FERREIRA SILVA</p><p class="identifica">PORTARIA SAA Nº 1.549, DE 29 DE SETEMBRO DE 2025</p><p>O SUBSECRETÁRIO DE ASSUNTOS ADMINISTRATIVOS DO MINISTÉRIO DA SAÚDE, no uso da atribuição conferida na Portaria GM/MS n.º 243, de 10 de março de 2015; e considerando o disposto no Art. 93 da Lei n.º 8.112, de 11 de dezembro de 1990; no inciso XI, do art. 7º da Lei n.º 8.080, de 19 de setembro de 1990; no art. 20 da Lei n.º 8.270, de 17 de dezembro de 1991; na Lei n.º 11.355, de 19 de outubro de 2006; e demais informações que constam no Processo SEI/MS n.º 33374.198042/2024-68, resolve:</p><p>Art. 1º Ceder a servidora BEATRIZ DELGADO GARCIA, matrícula SIAPE 1532761, ocupante do cargo efetivo de Auxiliar de Enfermagem, do Quadro de Pessoal deste Ministério, lotada no Hospital Federal de Bonsucesso, do Departamento de Gestão Hospitalar no Estado do Rio de Janeiro (HFB/RJ/DGH/SAES/MS), para a Prefeitura Municipal de Teresópolis no Estado do Rio de Janeiro, em conformidade com o Convênio SUS n.º 119/2025, publicado no Diário Oficial da União n.º 153, Seção 3, em 14 de agosto de 2025, firmado entre o Ministério da Saúde e a Prefeitura Municipal de Teresópolis no Estado do Rio de Janeiro, representada por sua Secretaria Municipal de Saúde.</p><p>Art. 2º O ônus pela remuneração é do órgão cedente.</p><p>Art. 3º Cumpre ao Hospital Federal de Bonsucesso (HFB/DGH/SAES/MS) e à Secretaria Municipal de Saúde da Prefeitura Municipal de Teresópolis no Estado do Rio de Janeiro (SMS/RJ), a observância dos procedimentos de gestão de pessoal cedido para o Sistema Único de Saúde (SUS), estabelecidos na Portaria GM/MS n.º 243, de 10 de março de 2015.</p><p>Art. 4º Torna-se sem efeito o disposto nesta Portaria, caso a servidora não se apresente ao órgão cessionário no prazo de trinta dias.</p><p>Art. 5º Esta Portaria entra em vigor na data da publicação.</p><p class="assina">SINVAL ALAN FERREIRA SILVA</p><p class="identifica">PORTARIA SAA Nº 1.547, DE 29 DE SETEMBRO DE 2025</p><p>O SUBSECRETÁRIO DE ASSUNTOS ADMINISTRATIVOS DO MINISTÉRIO DA SAÚDE, no uso da atribuição conferida na Portaria GM/MS n.º 243, de 10 de março de 2015; e considerando o disposto no Art. 93 da Lei n.º 8.112, de 11 de dezembro de 1990; no inciso XI, do art. 7º da Lei n.º 8.080, de 19 de setembro de 1990; no art. 20 da Lei n.º 8.270, de 17 de dezembro de 1991; na Lei n.º 11.355, de 19 de outubro de 2006; e demais informações que constam no Processo SEI/MS n.º 33374.193257/2024-92, resolve:</p><p>Art. 1º Ceder o servidor ANTONIO CARLOS DA CONCEIÇÃO, matrícula SIAPE 1737655, ocupante do cargo efetivo de Auxiliar de Enfermagem, pertencente ao Quadro de Pessoal deste Ministério, lotado no Hospital Federal de Bonsucesso, do Departamento de Gestão Hospitalar no Estado do Rio de Janeiro (HFB/DGH/SAES/MS), para a Prefeitura Municipal de Teresópolis no Estado do Rio de Janeiro, em conformidade com o Convênio SUS n.º 119/2025, publicado no Diário Oficial da União n.º 153, Seção 3, em 14 de agosto de 2025, firmado entre o Ministério da Saúde e a Prefeitura Municipal de Teresópolis, no Estado do Rio de Janeiro, representada por sua Secretaria Municipal de Saúde.</p><p>Art. 2º O ônus pela remuneração é do órgão cedente.</p><p>Art. 3º Cumpre ao Hospital Federal de Bonsucesso (HFB/DGH/SAES/MS) e à Secretaria Municipal de Saúde da Prefeitura Municipal de Teresópolis no Rio de Janeiro (SMS/Teresópolis/RJ), a observância dos procedimentos de gestão de pessoal cedido para o Sistema Único de Saúde (SUS), estabelecidos na Portaria GM/MS n.º 243, de 10 de março de 2015.</p><p>Art. 4º Torna-se sem efeito o disposto nesta Portaria, caso o servidor não se apresente ao órgão cessionário no prazo de trinta dias.</p><p>Art. 5º Esta Portaria entra em vigor na data da publicação.</p><p class="assina">SINVAL ALAN FERREIRA SILVA</p><p class="identifica">PORTARIA SAA Nº 1.554, DE 29 DE SETEMBRO DE 2025</p><p>O SUBSECRETÁRIO DE ASSUNTOS ADMINISTRATIVOS DO MINISTÉRIO DA SAÚDE, no uso da atribuição conferida na Portaria GM/MS n.º 243, de 10 de março de 2015; e considerando o disposto no Art. 93 da Lei n.º 8.112, de 11 de dezembro de 1990; no inciso XI, do art. 7º da Lei n.º 8.080, de 19 de setembro de 1990; no art. 20 da Lei n.º 8.270, de 17 de dezembro de 1991; na Lei n.º 11.355, de 19 de outubro de 2006; e demais informações que constam no Processo SEI/MS n.º 33374.190181/2024-43, resolve:</p><p>Art. 1º Ceder a servidora MAIANA ELOI RIBEIRO DOS SANTOS, matrícula SIAPE 2482112, ocupante do cargo efetivo de Auxiliar de Enfermagem, pertencente ao Quadro de Pessoal deste Ministério, lotada no Hospital Federal de Bonsucesso, do Departamento de Gestão Hospitalar no Estado do Rio de Janeiro (HFB/RJ/DGH/SAES/MS), para a Prefeitura Municipal do Rio de Janeiro, representado pela Secretaria Municipal de Saúde, com exercício no Hospital Maternidade Herculano Pinheiro no Estado do Rio de Janeiro, em conformidade com o Convênio SUS n.º 256/2023, publicado no Diário Oficial da União n.º 118, Seção 3, em 23 de junho de 2023, firmado entre o Ministério da Saúde e a Prefeitura Municipal do Rio de Janeiro no Estado do Rio de Janeiro, representada por sua Secretaria Municipal de Saúde.</p><p>Art. 2º O ônus pela remuneração é do órgão cedente.</p><p>Art. 3º Cumpre ao Hospital Federal de Bonsucesso (HFB/DGH/SAES/MS) e à Secretaria Municipal de Saúde da Prefeitura Municipal do Rio de Janeiro (SMS/RJ), a observância dos procedimentos de gestão de pessoal cedido para o Sistema Único de Saúde (SUS), estabelecidos na Portaria GM/MS n.º 243, de 10 de março de 2015.</p><p>Art. 4º Torna-se sem efeito o disposto nesta Portaria, caso a servidora não se apresente ao órgão cessionário no prazo de trinta dias.</p><p>Art. 5º Esta Portaria entra em vigor na data da publicação.</p><p class="assina">SINVAL ALAN FERREIRA SILVA</p><p class="identifica">PORTARIA SAA Nº 1.560, DE 29 DE SETEMBRO DE 2025</p><p>O SUBSECRETÁRIO DE ASSUNTOS ADMINISTRATIVOS DO MINISTÉRIO DA SAÚDE, no uso da atribuição conferida na Portaria GM/MS n.º 243, de 10 de março de 2015; e considerando o disposto no Art. 93 da Lei n.º 8.112, de 11 de dezembro de 1990; no inciso XI, do art. 7º da Lei n.º 8.080, de 19 de setembro de 1990; no art. 20 da Lei n.º 8.270, de 17 de dezembro de 1991; na Lei n.º 11.355, de 19 de outubro de 2006; e demais informações que constam no Processo SEI/MS n.º 25000.188033/2024-89, resolve:</p><p>Art. 1º Ceder a servidora LUIZA ERIKA SCHMID MELO NETO, matrícula SIAPE 1372365, ocupante do cargo efetivo de Médico, pertencente ao Quadro de Pessoal deste Ministério, lotada no Hospital Federal de Bonsucesso, do Departamento de Gestão Hospitalar no Estado do Rio de Janeiro (HFB/RJ/DGH/SAES/MS), para a Prefeitura Municipal de Niterói no Estado do Rio de Janeiro, representada por sua Secretaria Municipal de Saúde, com exercício na Fundação Municipal de Saúde no Rio de Janeiro, em conformidade com o Convênio SUS n.º 147/2021, publicado no Diário Oficial da União n.º 135, Seção 3, de 20 de julho de 2021, firmado entre o Ministério da Saúde e a Prefeitura Municipal de Niterói do Rio de Janeiro, representada por sua Secretaria Municipal de Saúde.</p><p>Art. 2º O ônus pela remuneração é do órgão cedente.</p><p>Art. 3º Cumpre ao Hospital Federal de Bonsucesso (HFB/DGH/SAES/MS) e à Secretaria Municipal de Saúde Niterói no Estado do Rio de Janeiro (SMS/RJ), a observância dos procedimentos de gestão de pessoal cedido para o Sistema Único de Saúde (SUS), estabelecidos na Portaria GM/MS n.º 243, de 10 de março de 2015.</p><p>Art. 4º Torna-se sem efeito o disposto nesta Portaria, caso a servidora não se apresente ao órgão cessionário no prazo de trinta dias.</p><p>Art. 5º Esta Portaria entra em vigor na data da publicação.</p><p class="assina">SINVAL ALAN FERREIRA SILVA</p><p class="identifica">PORTARIA SAA Nº 1.559, DE 29 DE SETEMBRO DE 2025</p><p>O SUBSECRETÁRIO DE ASSUNTOS ADMINISTRATIVOS DO MINISTÉRIO DA SAÚDE, no uso da atribuição conferida na Portaria GM/MS n.º 243, de 10 de março de 2015 e; considerando o disposto no Art. 93 da Lei n 8.112, de 11 de dezembro de 1990; inciso XI do Art. 7° da Lei n° 8.080, de 19 de setembro de 1990; Art.20 da Lei n° 8.270, de 17 de dezembro de 1991; Lei n°11.355, de 19 de outubro de 2006; e demais informações que constam no Processo SEI nº 25003.000380/2024-69, resolve:</p><p>Art. 1º - Ceder os servidores, relacionados no Anexo, do Quadro de Pessoal do Ministério da Saúde, para exercício na Secretaria Municipal de Saúde de Bocaiúva/MG, em conformidade com o Convênio SUS n.º 75/2025 (extrato publicado no Diário Oficial da União n.° 111, Seção 3, de 13 de junho de 2025) firmado entre o Ministério da Saúde e a Prefeitura Municipal de Bocaiúva/MG, representada por sua Secretaria Municipal de Saúde.</p><p>Art. 2º - O ônus pela remuneração é do órgão cedente.</p><p>Art. 3º - Cumpre à Superintendência Estadual do Ministério da Saúde em Minas Gerais (SEMS/MG/SAA/SE/MS) e à Secretaria Municipal de Saúde de Bocaiúva/MG, a observância dos procedimentos de Gestão de Pessoal cedido para o Sistema Único de Saúde (SUS), aprovados pela Portaria GM/MS nº 243, de 10 de março de 2015.</p><p>Art. 4º - Torna-se sem efeito o disposto nesta Portaria, caso os servidores não se apresentem ao órgão cessionário no prazo de trinta dias.</p><p>Art. 5º - Esta Portaria entra em vigor na data da sua publicação.</p><p>SINVAL ALAN FERREIRA DA SILVA</p><p class="anexo">ANEXO</p><p /><p></p><table><tr><td rowspan="1" colspan="1"><p>MATRICULA SIAPE</p></td><td rowspan="1" colspan="1"><p>SERVIDOR(A)</p></td><td rowspan="1" colspan="1"><p>CARGO EFETIVO</p></td></tr><tr><td rowspan="1" colspan="1"><p>1041824</p></td><td rowspan="1" colspan="1"><p>CARLOS EDUARDO FERNANDES</p></td><td rowspan="1" colspan="1"><p>Médico</p></td></tr><tr><td rowspan="1" colspan="1"><p>1042282</p></td><td rowspan="1" colspan="1"><p>IRISLANA ALESSANDRA PEREIRA</p></td><td rowspan="1" colspan="1"><p>Auxiliar de Serviços Gerais</p></td></tr><tr><td rowspan="1" colspan="1"><p>470578</p></td><td rowspan="1" colspan="1"><p>FRANCISCO EDILSON PIRES BRANDAO</p></td><td rowspan="1" colspan="1"><p>Auxiliar de Serviços Gerais</p></td></tr><tr><td rowspan="1" colspan="1"><p>469928</p></td><td rowspan="1" colspan="1"><p>JOSE GERALDO CARDOSO</p></td><td rowspan="1" colspan="1"><p>Atendente</p></td></tr><tr><td rowspan="1" colspan="1"><p>469992</p></td><td rowspan="1" colspan="1"><p>LUCIA SILVA PEREIRA</p></td><td rowspan="1" colspan="1"><p>Auxiliar de Serviços Gerais</p></td></tr><tr><td rowspan="1" colspan="1"><p>470006</p></td><td rowspan="1" colspan="1"><p>MANOEL GONCALVES DIAS</p></td><td rowspan="1" colspan="1"><p>Auxiliar de Saneamento</p></td></tr><tr><td rowspan="1" colspan="1"><p>470636</p></td><td rowspan="1" colspan="1"><p>MAURICIO ANTONIO PRAIS DE ALMEIDA</p></td><td rowspan="1" colspan="1"><p>Atendente</p></td></tr><tr><td rowspan="1" colspan="1"><p>470753</p></td><td rowspan="1" colspan="1"><p>VILSON ALVES DE MAGALHAES</p></td><td rowspan="1" colspan="1"><p>Vigia</p></td></tr><tr><td rowspan="1" colspan="1"><p>1084702</p></td><td rowspan="1" colspan="1"><p>WILLIAM ALVES ROCHA</p></td><td rowspan="1" colspan="1"><p>Guarda de Endemias</p></td></tr></table>]]></Texto>
  </body>
  <Midias />
</article></xml>