﻿<xml><article id="45713271" name="PORTARIA SENAD-MJSP NA 47" idOficio="11315396" pubName="DO2" artType="Portaria" pubDate="01/10/2025" artClass="00033:00055:00000:00000:00000:00000:00000:00000:00000:00000:00017:00011" artCategory="Ministério da Justiça e Segurança Pública/Secretaria Nacional de Políticas sobre Drogas e Gestão de Ativos" artSize="12" artNotes="" numberPage="77" pdfPage="http://pesquisa.in.gov.br/imprensa/jsp/visualiza/index.jsp?data=01/10/2025&amp;jornal=529&amp;pagina=77" editionNumber="187" highlightType="" highlightPriority="" highlight="" highlightimage="" highlightimagename="" idMateria="23160024">
  <body>
    <Identifica><![CDATA[ PORTARIA SENAD/MJSP Nº 47, DE 29 DE SETEMBRO DE 2025]]></Identifica>
    <Data><![CDATA[]]></Data>
    <Ementa />
    <Titulo />
    <SubTitulo />
    <Texto><![CDATA[<p class="identifica">PORTARIA SENAD/MJSP Nº 47, DE 29 DE SETEMBRO DE 2025</p><p>A SECRETÁRIA NACIONAL DE POLÍTICAS SOBRE DROGAS E GESTÃO DE ATIVOS DO MINISTÉRIO DA JUSTIÇA E SEGURANÇA PÚBLICA, no uso das atribuições que lhe foram conferidas pelo art. 20 do Anexo I do Decreto nº 11.348, de 1º de janeiro de 2023, e com base no que consta no Termo de Fomento 976806/2025, Processo SEI n.º 08129.000869/2025-86, resolve:</p><p>Art. 1º Instituir a Comissão de Monitoramento e Avaliação das parcerias firmadas, no âmbito do Termo de Fomento nº 976806/2025</p><p>Art. 2º À Comissão de Monitoramento e Avaliação compete, em especial:</p><p>I- propor o aprimoramento dos procedimentos;</p><p>II- propor a padronização de objetos, custos e indicadores;</p><p>III- produzir entendimentos voltados à priorização do controle de resultados;</p><p>IV- avaliar e a homologar os relatórios técnicos de monitoramento e avaliação.</p><p>Art 3º A Comissão de Monitoramento e Avaliação será composta pelos seguintes servidores:</p><p>I- Sara Maria Baptista Reis, ocupante de cargo efetivo do quadro de pessoal da administração pública federal (art. 49, §1 do Decreto n. 8726/2016), que a coordenará:</p><p>II- André Wagner Carvalho de Oliveira, Coordenador de Proteção Social, enquanto ocupar este cargo;</p><p>III- Izabela Karoline Costa Borges, Assessora Fiocruz, enquanto ocupar este cargo;</p><p>IV- Amanda Romano Bandeira, Técnica Especializada em Gestão de Ativos e Parcerias, enquanto ocupar este cargo.</p><p>§1 A Comissão de Monitoramento e Avaliação, para subsidiar seu trabalho, poderá solicitar assessoramento técnico de especialista externo.</p><p>Art. 4º Deverá se declarar impedido, qualquer membro da Comissão de Monitoramento e Avaliação que tenha, nos últimos 5 (cinco) anos, participado como associado, cooperado, dirigente, conselheiro ou empregado de qualquer Organização da Sociedade Civil, ou cuja atuação no processo de seleção configure conflito de interesse, nos termos da Lei nº 12.813, de 16 de maio de 2013 (art. 50, I, II e III, do Decreto nº 8.726/2016).</p><p>Art. 5º Esta Portaria entra em vigor na data de sua publicação.</p><p class="assina">MARTA RODRIGUEZ DE ASSIS MACHADO</p>]]></Texto>
  </body>
  <Midias />
</article></xml>