﻿<xml><article id="45712694" name="PORTARIA N 1.347_23159917" idOficio="11315288" pubName="DO2" artType="Portaria" pubDate="01/10/2025" artClass="00048:00002:00000:00000:00000:00000:00000:00000:00000:00000:00017:00000" artCategory="Ministério do Trabalho e Emprego/Secretaria Executiva" artSize="12" artNotes="" numberPage="109" pdfPage="http://pesquisa.in.gov.br/imprensa/jsp/visualiza/index.jsp?data=01/10/2025&amp;jornal=529&amp;pagina=109" editionNumber="187" highlightType="" highlightPriority="" highlight="" highlightimage="" highlightimagename="" idMateria="23159917">
  <body>
    <Identifica><![CDATA[ PORTARIA SE/MTE N° 1.347, DE 26 DE SETEMBRO DE 2025]]></Identifica>
    <Data><![CDATA[]]></Data>
    <Ementa />
    <Titulo />
    <SubTitulo />
    <Texto><![CDATA[<p class="identifica">PORTARIA SE/MTE N° 1.347, DE 26 DE SETEMBRO DE 2025</p><p>O SECRETÁRIO-EXECUTIVO DO MINISTÉRIO DO TRABALHO E EMPREGO, no uso de suas atribuições e tendo em vista o art. 11 e 12 da Portaria MTE nº 635, de 16 de março de 2023, e as demais informações que constam do Processo nº 10212.200471/2024-60, resolve:</p><p>Dispensar, a contar de 11 de setembro de 2025, LAILA NATASHA SANTOS BRANDÃO, matrícula nº 2191320, da função de Chefe da Seção de Relações do Trabalho, código FCE 1.03, da Superintendência Regional do Trabalho e Emprego no Estado de Mato Grosso.</p><p class="assina">FRANCISCO MACENA DA SILVA</p>]]></Texto>
  </body>
  <Midias />
</article></xml>