﻿<xml><article id="45714279" name="PORTARIA NA 2634 DE 19 DE SETEMB" idOficio="11315558" pubName="DO2" artType="Portaria" pubDate="01/10/2025" artClass="00025:00103:00000:00000:00000:00000:00000:00000:00000:00000:00017:00004" artCategory="Ministério da Educação/Universidade Federal Fluminense" artSize="12" artNotes="" numberPage="42" pdfPage="http://pesquisa.in.gov.br/imprensa/jsp/visualiza/index.jsp?data=01/10/2025&amp;jornal=529&amp;pagina=42" editionNumber="187" highlightType="" highlightPriority="" highlight="" highlightimage="" highlightimagename="" idMateria="23160446">
  <body>
    <Identifica><![CDATA[ PORTARIA Nº 2.634, DE 19 DE SETEMBRO DE 2025]]></Identifica>
    <Data><![CDATA[]]></Data>
    <Ementa />
    <Titulo />
    <SubTitulo />
    <Texto><![CDATA[<p class="identifica">PORTARIA Nº 2.634, DE 19 DE SETEMBRO DE 2025</p><p>O REITOR DA UNIVERSIDADE FEDERAL FLUMINENSE, no uso de suas atribuições, e tendo em vista o que consta do Processo UFF n.º 23069.153223/2025-46, resolve:</p><p>Conceder aposentadoria voluntária a MITSI PINHEIRO DE LACERDA LEITE BENEDITO, matrícula SIAPE nº 1639570, ocupante do cargo de PROFESSOR DO MAGISTÉRIO SUPERIOR, Classe D, Nível 001, do Plano de Carreiras e Cargos de Magistério Federal, do Quadro de Pessoal Permanente desta Universidade, código de vaga 238633, com fundamento no artigo 20, § 2º, inciso II, da Emenda Constitucional 103/19, com proventos calculados com base no artigo 26, § 2º da Emenda Constitucional 103/19.</p><p class="assina">ANTONIO CLAUDIO LUCAS DA NOBREGA</p>]]></Texto>
  </body>
  <Midias />
</article></xml>