﻿<xml><article id="45714730" name="RETIFICACAO PORT. 3.607" idOficio="11315679" pubName="DO2" artType="Retificação" pubDate="01/10/2025" artClass="00033:00045:00015:00000:00000:00000:00000:00000:00000:00000:00017:00008" artCategory="Ministério da Justiça e Segurança Pública/Polícia Federal/Diretoria de Gestão de Pessoas" artSize="12" artNotes="" numberPage="74" pdfPage="http://pesquisa.in.gov.br/imprensa/jsp/visualiza/index.jsp?data=01/10/2025&amp;jornal=529&amp;pagina=74" editionNumber="187" highlightType="" highlightPriority="" highlight="" highlightimage="" highlightimagename="" idMateria="23160560">
  <body>
    <Identifica><![CDATA[ RETIFICAÇÃO]]></Identifica>
    <Data><![CDATA[]]></Data>
    <Ementa />
    <Titulo />
    <SubTitulo />
    <Texto><![CDATA[<p class="identifica">RETIFICAÇÃO</p><p>Na Portaria DGP/PF nº 3.607, publicada no DOU nº 183, de 25/09/2025, na seguinte parte, Onde se lê: "DISPENSAR o Agente de Polícia Federal ALESSANDRO MAGALHAES DA SILVA, matrícula PF nº 21.788, do encargo de Substituto Eventual do Chefe do Núcleo de Operações da Delegacia de Repressão a Drogas da Delegacia Regional de Polícia Judiciária da Superintendência Regional de Polícia Federal no Amapá, código FCE 1.01"; Leia-se: "DESIGNAR o Agente de Polícia Federal ALESSANDRO MAGALHAES DA SILVA, matrícula PF nº 21.788, para a função de Substituto Eventual do Chefe do Núcleo de Operações da Delegacia de Repressão a Drogas da Delegacia Regional de Polícia Judiciária da Superintendência Regional de Polícia Federal no Amapá, código FCE 1.01".</p>]]></Texto>
  </body>
  <Midias />
</article></xml>