﻿<xml><article id="45715488" name="DOU2-SG_MPU-PGR-1-PT-134-UNI-PGR" idOficio="11315807" pubName="DO2" artType="Portaria" pubDate="01/10/2025" artClass="00066:00012:00000:00000:00000:00000:00000:00000:00000:00000:00017:00134" artCategory="Ministério Público da União/Secretaria-Geral" artSize="12" artNotes="" numberPage="118" pdfPage="http://pesquisa.in.gov.br/imprensa/jsp/visualiza/index.jsp?data=01/10/2025&amp;jornal=529&amp;pagina=118" editionNumber="187" highlightType="" highlightPriority="" highlight="" highlightimage="" highlightimagename="" idMateria="23160746">
  <body>
    <Identifica><![CDATA[ PORTARIA SG/MPU Nº 134, DE 29 DE SETEMBRO DE 2025]]></Identifica>
    <Data><![CDATA[]]></Data>
    <Ementa />
    <Titulo />
    <SubTitulo />
    <Texto><![CDATA[<p class="identifica">PORTARIA SG/MPU Nº 134, DE 29 DE SETEMBRO DE 2025</p><p>A SECRETÁRIA-GERAL DO MINISTÉRIO PÚBLICO DA UNIÃO, no uso da competência que lhe foi atribuída pelo artigo 6º, inciso XXXII, do Regimento Interno Administrativo do MPF, aprovado pela Portaria PGR/MPF nº 382, de 5 de maio de 2015, considerando o disposto no artigo 1º da Portaria PGR/MPU nº 683, de 26 de setembro de 2013, tendo em vista o disposto nos artigos 62 e no 35 - inciso I da Lei nº 8.112, de 11 de dezembro de 1990, e no expediente MPU-SG-00229847/2025, resolve:</p><p>1. Dispensar MARINA SCALZO LOPES, ocupante do cargo de Técnico do MPU/Administração, matrícula nº 33011, da função de confiança de Chefe da Seção de Reembolsos, FC-2, da Secretaria do Programa de Saúde e Assistência Social do Ministério Público da União.</p><p>2. Dispensar GILVAN ANDRE RIBEIRO, ocupante do cargo de Técnico do MPU/Administração, matrícula nº 32244, da função de confiança de Chefe do Setor de Coparticipações e Contribuições, FC-1, da Secretaria do Programa de Saúde e Assistência Social do Ministério Público da União.</p><p>3. Designar MARINA SCALZO LOPES, ocupante do cargo de Técnico do MPU/Administração, matrícula nº 33011, para exercer a função de confiança de Chefe do Setor de Coparticipações e Contribuições, FC-1, da Secretaria do Programa de Saúde e Assistência Social do Ministério Público da União.</p><p>4. Designar GILVAN ANDRE RIBEIRO, ocupante do cargo de Técnico do MPU/Administração, matrícula nº 32244, para exercer a função de confiança de Chefe da Seção de Reembolsos, FC-2, da Secretaria do Programa de Saúde e Assistência Social do Ministério Público da União.</p><p class="assina">ELIANA PERES TORELLY DE CARVALHO</p>]]></Texto>
  </body>
  <Midias />
</article></xml>