﻿<xml><article id="45709009" name="Portaria-2025-2025" idOficio="11300855" pubName="DO2" artType="Portaria" pubDate="01/10/2025" artClass="00070:00045:00001:00000:00000:00000:00000:00000:00000:00000:00017:00000" artCategory="Poder Judiciário/Tribunal Regional do Trabalho da 4ª Região/Presidência" artSize="12" artNotes="" numberPage="131" pdfPage="http://pesquisa.in.gov.br/imprensa/jsp/visualiza/index.jsp?data=01/10/2025&amp;jornal=529&amp;pagina=131" editionNumber="187" highlightType="" highlightPriority="" highlight="" highlightimage="" highlightimagename="" idMateria="23136454">
  <body>
    <Identifica><![CDATA[ PORTARIA nº 2.025, de 08 de setembro de 2025]]></Identifica>
    <Data><![CDATA[]]></Data>
    <Ementa />
    <Titulo />
    <SubTitulo />
    <Texto><![CDATA[<p class="identifica">PORTARIA nº 2.025, de 08 de setembro de 2025</p><p>O PRESIDENTE DO TRIBUNAL REGIONAL DO TRABALHO DA 4ª REGIÃO, no uso de suas atribuições, e considerando o que consta no PA nº 5899/2025, resolve:</p><p>1. DISPENSAR, a contar da publicação, a servidora CAROLINE SILVA FENILLI PETTENUZZO (96040), ocupante do cargo de Técnico Judiciário, Área Administrativa, da função comissionada de ASSISTENTE DE GABINETE-FC05, do Gabinete do Exmo. Desembargador Carlos Alberto May.</p><p>2. DECLARAR VAGA, em decorrência, a função comissionada de ASSISTENTE DE GABINETE-FC05, acima referida.</p><p>3. NOMEAR, a contar da publicação, a referida servidora para exercer o cargo em comissão de ASSESSOR ADMINISTRATIVO-CJ1, no Gabinete do Exmo. Desembargador Carlos Alberto May.</p><p class="assina">RICARDO HOFMEISTER DE ALMEIDA MARTINS COSTA</p>]]></Texto>
  </body>
  <Midias />
</article></xml>