﻿<xml><article id="45712937" name="Portaria do pregoeiro atualizada" idOficio="11315363" pubName="DO2" artType="Portaria" pubDate="01/10/2025" artClass="00047:00045:00026:00000:00000:00000:00000:00000:00000:00000:00017:00000" artCategory="Ministério da Saúde/Secretaria de Saúde Indígena/Distrito Sanitário Especial Indígena - Médio Rio Purus" artSize="12" artNotes="" numberPage="107" pdfPage="http://pesquisa.in.gov.br/imprensa/jsp/visualiza/index.jsp?data=01/10/2025&amp;jornal=529&amp;pagina=107" editionNumber="187" highlightType="" highlightPriority="" highlight="" highlightimage="" highlightimagename="" idMateria="23159980">
  <body>
    <Identifica><![CDATA[ PORTARIA Nº 2, de 30 de setembro de 2025]]></Identifica>
    <Data><![CDATA[]]></Data>
    <Ementa />
    <Titulo />
    <SubTitulo />
    <Texto><![CDATA[<p class="identifica">PORTARIA Nº 2, de 30 de setembro de 2025</p><p>O Coordenador Distrital de Saúde Indígena do Distrito Sanitário Especial Indígena Médio Rio Purus, no uso de suas atribuições outorgada pela Portaria/GM/MS nº 1.214, publicada no Diário Oficial da União em 18 de dezembro de 2024, resolve:</p><p>Art. 1º - Designar como Agente de Contratação/Pregoeiro (a) e Equipe de Apoio, na forma do caput e § 5º do Art. 8º, da Lei nº 14.133 de 01 de abril de 2021, art. 3º e 4º do Decreto nº 11.246, de 27 de outubro de 2022 os servidores na forma abaixo: AGENTE DE CONTRATAÇÃO/PREGOEIRO (A): ANTONIO ARAUJO DE PAIVA, Matrícula SIAPE 0515162. EQUIPE DE APOIO: PEDRO RICARDO DA COSTA, Matrícula SIAPE 0514975; JOÃO BATISTA SILVA DE SÁ, Matrícula SIAPE 6518372.</p><p>Art. 2º Esta Portaria terá validade de 12 (doze) meses. Art. 3º Esta Portaria entra em vigor na data de sua publicação.</p><p class="assina">RAMIR RACHID SAID</p>]]></Texto>
  </body>
  <Midias />
</article></xml>