﻿<xml><article id="45708295" name="Portaria de pensao CEST BA - Aur" idOficio="11314826" pubName="DO2" artType="Portaria" pubDate="01/10/2025" artClass="00032:00034:00013:00000:00000:00000:00000:00000:00000:00000:00017:00000" artCategory="Ministério da Integração e do Desenvolvimento Regional/Departamento Nacional de Obras Contra as Secas/Coordenadoria Estadual na Bahia" artSize="12" artNotes="" numberPage="72" pdfPage="http://pesquisa.in.gov.br/imprensa/jsp/visualiza/index.jsp?data=01/10/2025&amp;jornal=529&amp;pagina=72" editionNumber="187" highlightType="" highlightPriority="" highlight="" highlightimage="" highlightimagename="" idMateria="23159243">
  <body>
    <Identifica><![CDATA[ PORTARIA Nº 25/CEST-BA DE 29 DE SETEMBRO DE 2025]]></Identifica>
    <Data><![CDATA[]]></Data>
    <Ementa />
    <Titulo />
    <SubTitulo />
    <Texto><![CDATA[<p class="identifica">PORTARIA Nº 25/CEST-BA DE 29 DE SETEMBRO DE 2025</p><p>O COORDENADOR ESTADUAL DO DEPARTAMENTO NACIONAL DE OBRAS CONTRA AS SECAS NA BAHIA, usando da competência que lhe foi delegada através da Portaria nº 402/DG/DA/CRH, de 30 de agosto de 2013, publicada no Boletim Administrativo, Edição Extra, de mesma data, e tendo em vista o que consta do Processo nº 59404.000588/2025-68, resolve:</p><p>Art. 1º Conceder pensão à Aurelina Maria da Silva, na qualidade de cônjuge do ex-servidor Januario Ferreira da Silva, ocupante do cargo Agente Administrativo, matrícula Siape 0736768, do quadro de pessoal desta Coordenadoria Estadual, falecido aposentado, em 25 de agosto de 2025, com fundamento no inciso I do art. 3º da Portaria SGP/SEDGG/ME Nº 4645, de 24 de maio de 2022, c/c o art. 217 da Lei nº 8.112, de 11 de dezembro de 1990, e art. 23 da Emenda Constitucional nº 103, de 12 de novembro de 2019.</p><p>Art. 2º Os efeitos desta Portaria entram em vigor em 25 de agosto de 2025, data do óbito do servidor.</p><p class="assina">RAFAEL GUIMARÃES DE CARVALHO</p>]]></Texto>
  </body>
  <Midias />
</article></xml>