﻿<xml><article id="45711947" name="PORTARIA543-ANA LUIZA DA SILVA P" idOficio="11315175" pubName="DO2" artType="Portaria" pubDate="01/10/2025" artClass="00047:00037:00012:00016:00000:00000:00000:00000:00000:00000:00017:00000" artCategory="Ministério da Saúde/Secretaria de Atenção Especializada à Saúde/Departamento de Gestão Hospitalar no Estado do Rio de Janeiro/Hospital Federal de Bonsucesso" artSize="12" artNotes="" numberPage="107" pdfPage="http://pesquisa.in.gov.br/imprensa/jsp/visualiza/index.jsp?data=01/10/2025&amp;jornal=529&amp;pagina=107" editionNumber="187" highlightType="" highlightPriority="" highlight="" highlightimage="" highlightimagename="" idMateria="23159652">
  <body>
    <Identifica><![CDATA[ PORTARIA HFB Nº 543, DE 3 DE SETEMBRO DE 2025]]></Identifica>
    <Data><![CDATA[]]></Data>
    <Ementa />
    <Titulo />
    <SubTitulo />
    <Texto><![CDATA[<p class="identifica">PORTARIA HFB Nº 543, DE 3 DE SETEMBRO DE 2025</p><p>A Substituta Eventual do Diretor do Hospital Federal de Bonsucesso do Ministério da Saúde no Estado do Rio de janeiro, no uso de suas atribuições conferidas pela Portaria de Pessoal SE/MS Nº 902, de 10 de outubro de 2024, publicada no DOU nº 200, de 15 de outubro de 2024 e Portaria nº 1.041 de 30 de outubro de 2009, publicada no DOU nº 209, de 03 de novembro de 2009, seção 2, página 31, resolve:</p><p>Conceder Pensão vitalícia a ANA LUIZA DA SILVA PAZ, na qualidade de cônjuge, com base no artigo 3º, Inciso I, da Portaria SGP/SEDGG/ME Nº 4645, de 24/05/2022 c/c com os artigos 215, 217, inciso I, 219, I e 222, inciso VII, alínea "b", item 6, da Lei nº 8112/90, e no artigo 40, § 7º, da Constituição Federal de 1988. A base para cálculo do benefício, conforme artigos 23 e 24 da EC 103/2019, será 60% (sessenta por cento) do último provento do servidor JOSE DOS SANTOS DA PAZ, em sua Matrícula SIAPE nº 0636654, tendo falecido em 07/07/2025, como aposentado no cargo de Enfermeiro, Nível Superior, Classe "S", Padrão "IV", com efeitos financeiros a partir do óbito. (Processo nº 33374.133464/2025-79)</p><p class="assina">TERESA CRISTINA VIVAS NAVARRO VANNUCCI</p>]]></Texto>
  </body>
  <Midias />
</article></xml>