﻿<xml><article id="45709174" name="Portarias 30.09" idOficio="11314848" pubName="DO2" artType="Portaria" pubDate="01/10/2025" artClass="00016:00011:00013:00008:00000:00000:00000:00000:00000:00000:00017:00003" artCategory="Ministério da Defesa/Comando do Exército/Comando Militar do Planalto/11ª Região Militar" artSize="12" artNotes="" numberPage="14" pdfPage="http://pesquisa.in.gov.br/imprensa/jsp/visualiza/index.jsp?data=01/10/2025&amp;jornal=529&amp;pagina=14" editionNumber="187" highlightType="" highlightPriority="" highlight="" highlightimage="" highlightimagename="" idMateria="23159256">
  <body>
    <Identifica><![CDATA[ PORTARIA Nº 18.292-SC, CMT 11ª RM, DE 24 DE SETEMBRO DE 2025]]></Identifica>
    <Data><![CDATA[]]></Data>
    <Ementa />
    <Titulo />
    <SubTitulo />
    <Texto><![CDATA[<p class="identifica">PORTARIA Nº 18.292-SC, CMT 11ª RM, DE 24 DE SETEMBRO DE 2025</p><p>O COMANDANTE DA 11ª REGIÃO MILITAR, no uso da atribuição que lhe confere a Portaria nº 082 - DGP, de 23 de abril de 2014, publicada no Boletim do Exército nº 18, de 02 de maio de 2014, resolve:</p><p>CONCEDER Pensão Civil à Senhora HILDA ALVES DA SILVA, cônjuge do ex-servidor civil DEMERVAL NUNES DA SILVA, matrícula SIAPE nº 083900, vinculado ao 2º Batalhão Ferroviário, falecido em 23 de junho de 2025, aposentado, tendo como referência atual o cargo de Agente de Serviço de Engenharia, Classe "S" V - NI, cujo amparo é o seguinte: inciso I do Art. 217 e item 6 da alínea "b" do inciso VII do Art. 222 da Lei nº 8.112, de 11 de dezembro de 1990, redação dada pela Lei nº 13.135, de 17 de junho de 2015, e com fundamento no Art. 23 da Emenda Constitucional 103, de 12 de novembro de 2019.</p><p>A pensão ora concedida tem efeito financeiro a partir da data do óbito do instituidor.</p><p class="assina">Gen Bda ERON PACHECO DA SILVA</p><p class="identifica">PORTARIA Nº 472 SVP/11, DE 25 DE SETEMBRO DE 2025</p><p>O COMANDANTE DA 11ª REGIÃO MILITAR, no uso da competência que lhe foi subdelegada pela Portaria nº 458-DGP/ C Ex, de 10 de agosto de 2023, tendo em vista o cumprimento proferido nos autos do Processo Judicial nº 1075791-40.2021.4.01.3400, em trâmite na 7ª Vara Federal da Seção Judiciária do Distrito Federal, resolve:</p><p>RETIFICAR a Portaria nº 215-SSIP/11ª RM, de 17 de julho de 2019, publicada no Diário Oficial da União nº 142, Seção II, página 9, de 27 de julho de 2019, de acordo com o Parecer de Força Executória nº 04603/2025/PRU1R/PGU/AGU, proferida em 15 de setembro de 2025, para a forma transcrita baixo:</p><p>Onde se lê: "Reformar o Soldado (Idt 110102395-8) SILVIO HELENO RUFINO, com os proventos amparados pelo inciso II do art. 111 da Lei nº 6.880/80 e os art. 9º e 10º da Medida Provisória nº 2.215-10, de 31 de agosto de 2001, por ter sido julgado "Incapaz C. É invalido".</p><p>Leia-se: Reformar o Sd SILVIO HELENO RUFINO (Idt 110102395-8), na graduação de Soldado, com o soldo de 3º Sargento, nos termos dos incisos II do Art. 104, II do Art. 106 e VI do Art. 108, todos da Lei nº 6.880, de 9 de dezembro de 1980, do Estatuto dos Militares, concedendo ainda o benefício da Isenção do Imposto de Renda previsto no inciso XIV do Art. 6 da Lei nº 7.713, de 22 de dezembro de 1988, a contar de 12 de junho de 2012, em cumprimento à decisão judicial proferida nos autos do processo nº 1075791-40.2021.4.01.3400 e nos termos do Parecer de Força Executória nº 04603/2025/PRU1R/PGU/AGU, prolatada em 15 de setembro de 2025.</p><p class="assina">Gen Bda ERON PACHECO DA SILVA</p><p class="identifica">PORTARIA Nº 471 SVP/11, DE 24 DE SETEMBRO DE 2025</p><p>O COMANDANTE DA 11ª REGIÃO MILITAR, no uso da competência que lhe foi subdelegada pela Portaria nº 458-DGP/ C Ex, de 10 de agosto de 2023, tendo em vista o cumprimento proferido nos autos do Processo Judicial nº 0012463-66.2015.4.01.3400, em trâmite na 1ª Vara Federal da Seção Judiciária do Distrito Federal, resolve:</p><p>REFORMAR PROVISORIAMENTE o 3º Sgt TIAGO ANTONIO SOKOLOSKI (Idt 1102077656), na graduação de 3º Sargento, com o soldo de 3º Sargento, nos termos dos incisos II do Art. 106 e IV do Art. 108, todos da Lei nº 6.880, de 9 de dezembro de 1980, do Estatuto dos Militares, concedendo ainda o benefício da Isenção do Imposto de Renda previsto no inciso XIV do Art. 6 da Lei nº 7.713, de 22 de dezembro de 1988, a contar de 24 de setembro de 2025, em cumprimento à decisão judicial proferida nos autos do processo nº 0012463-66.2015.4.01.3400 e nos termos do Parecer de Força Executória nº 03702/2025/PRU1R/PGU/AGU, prolatada em 4 de setembro de 2025.</p><p class="assina">Gen Bda ERON PACHECO DA SILVA</p>]]></Texto>
  </body>
  <Midias />
</article></xml>