﻿<xml><article id="45715194" name="Port nA 725 a 728" idOficio="11315719" pubName="DO2" artType="Portaria" pubDate="01/10/2025" artClass="00033:00045:00000:00000:00000:00000:00000:00000:00000:00000:00013:00004" artCategory="Ministério da Justiça e Segurança Pública/Polícia Federal/Gabinete" artSize="12" artNotes="" numberPage="74" pdfPage="http://pesquisa.in.gov.br/imprensa/jsp/visualiza/index.jsp?data=01/10/2025&amp;jornal=529&amp;pagina=74" editionNumber="187" highlightType="" highlightPriority="" highlight="" highlightimage="" highlightimagename="" idMateria="23160661">
  <body>
    <Identifica><![CDATA[ PORTARIAS DG/PF DE 29 DE SETEMBRO DE 2025]]></Identifica>
    <Data><![CDATA[]]></Data>
    <Ementa />
    <Titulo />
    <SubTitulo />
    <Texto><![CDATA[<p class="identifica">PORTARIAS DG/PF DE 29 DE SETEMBRO DE 2025</p><p>O DIRETOR-GERAL DA POLÍCIA FEDERAL no uso das competências que lhe foram atribuídas nos incisos IV e X do Artigo 36 do Regimento Interno da Polícia Federal, aprovado pela Portaria nº 155, de 27 de setembro de 2018, do Excelentíssimo Senhor Ministro de Estado da Segurança Pública, publicada no DOU nº 200, de 17 de outubro de 2018, e subdelegadas no art. 7º, XXVIII e XXX, da Portaria nº 1.411, de 25 de novembro de 2021, da Secretaria Executiva do Ministério da Justiça e Segurança Pública, publicada no DOU nº 221-A, de 25 de novembro de 2021, e tendo em vista o que consta do processo nº 08200.035777/2025-15, resolve:</p><p>Nº 725 DISPENSAR a Agente de Polícia Federal SILVANE SILVA COSTA VAL, matrícula PF nº 21.775, da função de Chefe da Divisão de Saúde Suplementar da Coordenação de Plano de Saúde da Coordenação-Geral de Saúde da Diretoria de Gestão de Pessoas, código FCE 1.07, a partir de 12/09/2025.</p><p>Nº 726 DISPENSAR a Escrivã de Polícia Federal DANIELE BEZERRA DELABIO FERRAZ, matrícula PF nº 23.259, do encargo de Substituta Eventual do Chefe da Divisão de Saúde Suplementar da Coordenação de Plano de Saúde da Coordenação-Geral de Saúde da Diretoria de Gestão de Pessoas, código FCE 1.07.</p><p>Nº 727 DESIGNAR a Escrivã de Polícia Federal DANIELE BEZERRA DELABIO FERRAZ, matrícula PF nº 23.259, para a função de Chefe da Divisão de Saúde Suplementar da Coordenação de Plano de Saúde da Coordenação-Geral de Saúde da Diretoria de Gestão de Pessoas, código FCE 1.07.</p><p>Nº 728 DESIGNAR o Agente de Polícia Federal DANILO MONTEIRO ABE, matrícula PF nº 22.417, para exercer o encargo de Substituto Eventual do Chefe da Divisão de Saúde Suplementar da Coordenação de Plano de Saúde da Coordenação-Geral de Saúde da Diretoria de Gestão de Pessoas, código FCE 1.07.</p><p class="assina">ANDREI AUGUSTO PASSOS RODRIGUES</p>]]></Texto>
  </body>
  <Midias />
</article></xml>