﻿<xml><article id="45713619" name="PT 1066 de 26.09.2025" idOficio="11315545" pubName="DO2" artType="Portaria" pubDate="01/10/2025" artClass="00047:00002:00021:00040:00014:00000:00000:00000:00000:00000:00017:01066" artCategory="Ministério da Saúde/Secretaria Executiva/Subsecretaria de Assuntos Administrativos/Superintendência Estadual do Ministério da Saúde no Rio de Janeiro/Serviço de Gestão de Pessoas" artSize="12" artNotes="" numberPage="106" pdfPage="http://pesquisa.in.gov.br/imprensa/jsp/visualiza/index.jsp?data=01/10/2025&amp;jornal=529&amp;pagina=106" editionNumber="187" highlightType="" highlightPriority="" highlight="" highlightimage="" highlightimagename="" idMateria="23160180">
  <body>
    <Identifica><![CDATA[ PORTARIA SEGEP/RJ Nº 1.066, DE 26 DE SETEMBRO DE 2025 (*)]]></Identifica>
    <Data><![CDATA[]]></Data>
    <Ementa />
    <Titulo />
    <SubTitulo />
    <Texto><![CDATA[<p class="identifica">PORTARIA SEGEP/RJ Nº 1.066, DE 26 DE SETEMBRO DE 2025 (*)</p><p>A CHEFE DO SERVIÇO DE GESTÃO DE PESSOAS DA SUPERINTENDÊNCIA ESTADUAL DO MINISTÉRIO DA SAÚDE NO RIO DE JANEIRO, DA SUBSECRETARIA DE ASSUNTOS ADMINISTRATIVOS DA SECRETARIA EXECUTIVA DO MINISTÉRIO DA SAÚDE, no uso de suas atribuições legais que lhe foram atribuídas pela Portaria de Pessoal SE/MS nº 94, de 01/02/2024, publicada no Diário Oficial da União (DOU) nº 25, de 05/02/2024, Seção 2, página 68 e tendo em vista o que consta no Processo nº 25001.006.587/2024-67, resolve:</p><p>Conceder Aposentadoria Voluntária a LUIZ ROBERTO CARDOSO FERREIRA, Matrícula SIAPE 0.653.094, Agente Administrativo, Nível Intermediário, Classe "S", Padrão "V", do Quadro de Pessoal deste Ministério, lotado na SMS de Araruama, com fundamento no Artigo 6º, incisos I, II, III e IV da Emenda Constitucional nº 41/2003, observado o disposto no Artigo 2º da Emenda Constitucional nº 47/2005, com Provento Integral, incorporando-se 13% (Treze por cento) de Adicional por Tempo de Serviço e a Gratificação de Desempenho da Carreira da Previdência, da Saúde e do Trabalho (GDPST), da Lei nº 13.324, de 29.07.2016, por estar amparado no Art. 3º da Emenda Constitucional nº 103/2019, tendo seus proventos calculados conforme o parágrafo 1º deste artigo.</p><p class="assina">LUCILENA RODRIGUES GIESTEIRA</p><p class="nota">Republicada por ter saído no Diário Oficial da União nº 186, de 30-09-2025, Seção 2, página 73, com incorreção na portaria original.</p>]]></Texto>
  </body>
  <Midias />
</article></xml>