﻿<xml><article id="45709036" name="DOU02_ATO_SEGEP_PR_121_2025" idOficio="11281626" pubName="DO2" artType="Ato" pubDate="01/10/2025" artClass="00070:00061:00001:00000:00000:00000:00000:00000:00000:00000:00001:00000" artCategory="Poder Judiciário/Tribunal Regional do Trabalho da 20ª Região/Presidência" artSize="12" artNotes="" numberPage="136" pdfPage="http://pesquisa.in.gov.br/imprensa/jsp/visualiza/index.jsp?data=01/10/2025&amp;jornal=529&amp;pagina=136" editionNumber="187" highlightType="" highlightPriority="" highlight="" highlightimage="" highlightimagename="" idMateria="23103076">
  <body>
    <Identifica><![CDATA[ ATO SEGEP.PR Nº 121, DE 10 DE SETEMBRO DE 2025]]></Identifica>
    <Data><![CDATA[]]></Data>
    <Ementa />
    <Titulo />
    <SubTitulo />
    <Texto><![CDATA[<p class="identifica">ATO SEGEP.PR Nº 121, DE 10 DE SETEMBRO DE 2025</p><p>O DESEMBARGADOR PRESIDENTE DO TRIBUNAL REGIONAL DO TRABALHO DA 20ª REGIÃO, no uso de suas atribuições legais e regimentais, considerando o contido no PROAD Nº 1461/2025, resolve:</p><p>1. Redistribuir, com efeitos a contar de 1/10/2025, na forma prevista no art. 37 da Lei nº 8.112/90 e na Resolução nº 146/2012, do Conselho Nacional de Justiça (CNJ), o cargo de provimento efetivo da Carreira de Técnico Judiciário - Área Administrativa do Quadro Permanente de Pessoal da Secretaria deste Tribunal, ocupado pela servidora ANA LÚCIA MARQUES LEOPOLDINO MOTA, tendo por reciprocidade a redistribuição mediante triangulação do cargo de provimento efetivo da Carreira de Técnico Judiciário - Área Administrativa, ocupado pela servidora MICHELLE SHEYLA TENÓRIO CARVALHO e do cargo de provimento efetivo da Carreira de Técnico Judiciário - Área Administrativa, ocupado pelo servidor MÚCIO DE ARAÚJO AMARINHO, na forma estabelecida a seguir:</p><p /><p></p><table><tr /><tr><td rowspan="1" colspan="1"><p>Cargo de Provimento Efetivo Ocupado pelo (a) Servidor(a)</p></td><td rowspan="1" colspan="1"><p>Órgão de Origem</p></td><td rowspan="1" colspan="1"><p>Órgão de Destino</p></td></tr><tr><td rowspan="1" colspan="1"><p>ANA LÚCIA MARQUES LEOPOLDINO MOTA</p></td><td rowspan="1" colspan="1"><p>TRT da 20ª Região</p></td><td rowspan="1" colspan="1"><p>TRT da 7ª Região</p></td></tr><tr><td rowspan="1" colspan="1"><p>MICHELLE SHEYLA TENÓRIO CARVALHO</p></td><td rowspan="1" colspan="1"><p>TRT da 7ª Região</p></td><td rowspan="1" colspan="1"><p>TRT da 19ª Região</p></td></tr><tr><td rowspan="1" colspan="1"><p>MÚCIO DE ARAÚJO AMARINHO</p></td><td rowspan="1" colspan="1"><p>TRT da 19ª Região</p></td><td rowspan="1" colspan="1"><p>TRT da 20ª Região</p></td></tr></table><p>2. Fazer cessar, em consequência, a remoção da servidora ANA LÚCIA MARQUES LEOPOLDINO MOTA, para o Tribunal Regional do Trabalho da 7ª Região, de que trata o ATO DGCA.GP Nº 83/2010, de 16/9/2010, publicado no Diário Oficial da União nº 181, Seção 2, pág. 57, de 21/9/2010.</p><p class="assina">JOSENILDO DOS SANTOS CARVALHO</p>]]></Texto>
  </body>
  <Midias />
</article></xml>