﻿<xml><article id="45709195" name="PORTARIA N 153_23155553" idOficio="11313090" pubName="DO2" artType="Portaria" pubDate="01/10/2025" artClass="00070:00002:00005:00004:00000:00000:00000:00000:00000:00000:00017:00000" artCategory="Poder Judiciário/Conselho Nacional de Justiça/Diretoria-Geral/Secretaria de Gestão de Pessoas" artSize="12" artNotes="" numberPage="122" pdfPage="http://pesquisa.in.gov.br/imprensa/jsp/visualiza/index.jsp?data=01/10/2025&amp;jornal=529&amp;pagina=122" editionNumber="187" highlightType="" highlightPriority="" highlight="" highlightimage="" highlightimagename="" idMateria="23155553">
  <body>
    <Identifica><![CDATA[ PORTARIA SGP Nº 153, DE 26 DE SETEMBRO DE 2025]]></Identifica>
    <Data><![CDATA[]]></Data>
    <Ementa />
    <Titulo />
    <SubTitulo />
    <Texto><![CDATA[<p class="identifica">PORTARIA SGP Nº 153, DE 26 DE SETEMBRO DE 2025</p><p>A SECRETÁRIA DE GESTÃO DE PESSOAS DO CONSELHO NACIONAL DE JUSTIÇA, nos termos do caput do art. 38 da Lei nº 8.112/90 e do inciso V do art. 1º da Portaria DG nº 107/2024, e considerando o contido no Processo SEI/CNJ nº 15967/2025, resolve:</p><p>DESIGNAR</p><p>CAROLINA DE MELO NOGUEIRA VOGEL, Analista Judiciário, Área Judiciária, do quadro de pessoal deste Conselho, como substituta da Assessora-Chefe do Gabinete do Conselheiro Marcello Terto e Silva, nível CJ-3, ficando dispensado do encargo o servidor André Pires Gontijo.</p><p class="assina">Luciana Cristina Gomes Coêlho Matias</p>]]></Texto>
  </body>
  <Midias />
</article></xml>