﻿<xml><article id="45708715" name="PORTARIA NA 3.806 - 25.09.2025 -" idOficio="11312217" pubName="DO2" artType="Portaria" pubDate="01/10/2025" artClass="00025:00118:00000:00000:00000:00000:00000:00000:00000:00000:00013:00002" artCategory="Ministério da Educação/Universidade Federal de Pernambuco" artSize="12" artNotes="" numberPage="47" pdfPage="http://pesquisa.in.gov.br/imprensa/jsp/visualiza/index.jsp?data=01/10/2025&amp;jornal=529&amp;pagina=47" editionNumber="187" highlightType="" highlightPriority="" highlight="" highlightimage="" highlightimagename="" idMateria="23154524">
  <body>
    <Identifica><![CDATA[ PORTARIA Nº 3.806, DE 25 DE SETEMBRO DE 2025]]></Identifica>
    <Data><![CDATA[]]></Data>
    <Ementa />
    <Titulo />
    <SubTitulo />
    <Texto><![CDATA[<p class="identifica">PORTARIA Nº 3.806, DE 25 DE SETEMBRO DE 2025</p><p>O REITOR DA UNIVERSIDADE FEDERAL DE PERNAMBUCO, no uso de suas atribuições conferidas pelo Decreto, de 10/10/2023, publicado no D.O.U. de 11/10/2023 e tendo em vista o que consta no processo nº 23076. 061179/2025-32, resolve:</p><p>Conceder Aposentadoria Voluntária a LUCIANO ROGERIO DE LEMOS MEIRA, Matrícula SIAPE nº 1134008, ocupante do cargo de PROFESSOR DO MAGISTERIO SUPERIOR, Classe Associado, Nível 01, com Doutorado, em regime de 20 horas semanais, do Quadro de Pessoal desta Universidade, com fundamento no Artigo 20 da Emenda Constitucional nº 103/2019 com os proventos integrais do cargo.</p><p class="assina">ALFREDO MACEDO GOMES</p>]]></Texto>
  </body>
  <Midias />
</article></xml>