﻿<xml><article id="45708907" name="ATO GP 599_2025_Processo 6016557" idOficio="11314602" pubName="DO2" artType="Ato" pubDate="01/10/2025" artClass="00070:00005:00001:00000:00000:00000:00000:00000:00000:00000:00001:00007" artCategory="Poder Judiciário/Tribunal Superior do Trabalho/Presidência" artSize="12" artNotes="" numberPage="124" pdfPage="http://pesquisa.in.gov.br/imprensa/jsp/visualiza/index.jsp?data=01/10/2025&amp;jornal=529&amp;pagina=124" editionNumber="187" highlightType="" highlightPriority="" highlight="" highlightimage="" highlightimagename="" idMateria="23158949">
  <body>
    <Identifica><![CDATA[ ATO Nº 599, DE 29 DE SETEMBRO DE 2025]]></Identifica>
    <Data><![CDATA[]]></Data>
    <Ementa />
    <Titulo />
    <SubTitulo />
    <Texto><![CDATA[<p class="identifica">ATO Nº 599, DE 29 DE SETEMBRO DE 2025</p><p>O PRESIDENTE DO TRIBUNAL SUPERIOR DO TRABALHO, no uso de suas atribuições legais e regimentais e tendo em vista o constante do Processo Administrativo TST nº 6016557/2025-00, resolve:</p><p>Conceder aposentadoria voluntária por tempo de contribuição ao servidor PAULO MARTINS VIEIRA, código 7324, ocupante do cargo da Carreira Judiciária de Técnico Judiciário, Área Administrativa, Classe C, Padrão 13, com fundamento no art. 20, incisos I a IV, § 2º, inciso II, e § 3º, inciso II, da Emenda Constitucional nº 103/2019, observado o disposto no art. 3º, inciso II e § 1º, da Lei nº 12.618/2012, com os proventos calculados e reajustados na forma do art. 26, caput, § 1º, § 3º, inciso I, e § 7º da Emenda Constitucional nº 103/2019.</p><p class="assina">Min. LUIZ PHILIPPE VIEIRA DE MELLO FILHO</p>]]></Texto>
  </body>
  <Midias />
</article></xml>