﻿<xml><article id="45714763" name="PORTARIA N 2.211_23160567" idOficio="11315685" pubName="DO2" artType="Portaria" pubDate="01/10/2025" artClass="00028:00002:00015:00000:00000:00000:00000:00000:00000:00000:00017:00002" artCategory="Ministério da Fazenda/Secretaria Executiva/Subsecretaria de Gestão, Tecnologia da Informação e Orçamento" artSize="12" artNotes="" numberPage="63" pdfPage="http://pesquisa.in.gov.br/imprensa/jsp/visualiza/index.jsp?data=01/10/2025&amp;jornal=529&amp;pagina=63" editionNumber="187" highlightType="" highlightPriority="" highlight="" highlightimage="" highlightimagename="" idMateria="23160567">
  <body>
    <Identifica><![CDATA[ PORTARIA SE/MF N° 2.211, DE 29 DE SETEMBRO DE 2025]]></Identifica>
    <Data><![CDATA[]]></Data>
    <Ementa />
    <Titulo />
    <SubTitulo />
    <Texto><![CDATA[<p class="identifica">PORTARIA SE/MF N° 2.211, DE 29 DE SETEMBRO DE 2025</p><p>A SUBSECRETÁRIA DE GESTÃO, TECNOLOGIA DA INFORMAÇÃO E ORÇAMENTO DO MINISTÉRIO DA FAZENDA, no uso da atribuição que lhe confere o inciso II do art. 10 da Portaria SE/MF nº 1.250, de 11 de outubro de 2023, e considerando o disposto no art. 25 da Lei nº 8.112, de 11 de dezembro de 1990, regulamentado pelo Decreto nº 3.644, de 30 de outubro de 2000, bem como observando-se o que consta no Processo nº 13032.299920/2024-25, resolve:</p><p>Art. 1º Reverter à atividade, por interesse da administração, a servidora MARIA APARECIDA GARCIA GUSUKUMA, matrícula SIAPE N.º 0935372, Técnico do Seguro Social, Nível Intermediário, Classe S, Padrão IV, pertencente ao Quadro Permanente deste Ministério da Fazenda - PECFAZ, aposentada voluntariamente por meio da Portaria CGBEN/DECIPEX/SEGRT/ME N.º 1.309, de 2 de março de 2023, publicada no DOU de 03 de março de 2023.</p><p>Art. 2º A servidora ocupará a vaga sob o código N.º 0542058.</p><p>Art. 3º Estabelecer o exercício da servidora Delegacia da Receita Federal do Brasil em Campinas - SP.</p><p>Art. 4º Esta portaria, a contar da data de sua entrada em vigor, perderá seus efeitos caso o servidor não entre em exercício no prazo de quinze dias.</p><p>Art. 5º Esta portaria entra em vigor na data de sua publicação.</p><p class="assina">JULIANA PINHEIRO DE MELO VILAR FALCÃO</p>]]></Texto>
  </body>
  <Midias />
</article></xml>