﻿<xml><article id="45714499" name="2025-09-30/11315623/TCUWS_231604" idOficio="11315623" pubName="DO2" artType="Portaria" pubDate="01/10/2025" artClass="00067:00009:00011:00000:00000:00000:00000:00000:00000:00000:00017:00166" artCategory="Tribunal de Contas da União/Secretaria-Geral de Administração/Secretaria Especializada em Gestão de Pessoas" artSize="12" artNotes="" numberPage="119" pdfPage="http://pesquisa.in.gov.br/imprensa/jsp/visualiza/index.jsp?data=01/10/2025&amp;jornal=529&amp;pagina=119" editionNumber="187" highlightType="" highlightPriority="" highlight="" highlightimage="" highlightimagename="" idMateria="23160479">
  <body>
    <Identifica><![CDATA[ PORTARIA-SECPESSOAS Nº 166, DE 30 DE SETEMBRO DE 2025]]></Identifica>
    <Data><![CDATA[]]></Data>
    <Ementa />
    <Titulo />
    <SubTitulo />
    <Texto><![CDATA[<p class="identifica">PORTARIA-SECPESSOAS Nº 166, DE 30 DE SETEMBRO DE 2025</p><p>O SECRETÁRIO ESPECIALIZADO EM GESTÃO DE PESSOAS DO TRIBUNAL DE CONTAS DA UNIÃO , no uso das atribuições que lhe confere o disposto no inciso VIII do art. 1° da Portaria nº 6, de 2 de janeiro de 2025, da Secretaria-Geral de Administração deste Tribunal, e, tendo em vista o que consta da Portaria-TCU nº 323, de 1º de outubro de 2019, resolve:</p><p>Art. 1º Designar LEONARDO GOMES FERREIRA, matrícula 6594-3, AUFC, para exercer a função de confiança de Especialista Sênior II, código FC-4, no período compreendido entre a data de publicação desta Portaria e 31 de março de 2026.</p><p>Parágrafo único. Será realizado o trabalho "Projeto Gap do SUS", código 1076, patrocinado pelo(a) SecexDesenvolvimento e autorizado pelo(a) SEGECEX em 11/9/2025.</p><p>Art. 2º Esta Portaria entra em vigor na data de sua publicação.</p><p class="assina">ALEXANDRE PEIXOTO FIGUEIRA</p>]]></Texto>
  </body>
  <Midias />
</article></xml>