﻿<xml><article id="45709537" name="DESPACHO DE AFASTAMENTO DO PAIS " idOficio="11314613" pubName="DO2" artType="Despacho" pubDate="01/10/2025" artClass="00018:00021:00000:00000:00000:00000:00000:00000:00000:00000:00013:00000" artCategory="Ministério do Desenvolvimento e Assistência Social, Família e Combate à Fome/Gabinete do Ministro" artSize="12" artNotes="" numberPage="26" pdfPage="http://pesquisa.in.gov.br/imprensa/jsp/visualiza/index.jsp?data=01/10/2025&amp;jornal=529&amp;pagina=26" editionNumber="187" highlightType="" highlightPriority="" highlight="" highlightimage="" highlightimagename="" idMateria="23158960">
  <body>
    <Identifica><![CDATA[ DESPACHO DE 29 DE SETEMBRO DE 2025]]></Identifica>
    <Data><![CDATA[]]></Data>
    <Ementa />
    <Titulo />
    <SubTitulo />
    <Texto><![CDATA[<p class="identifica">DESPACHO DE 29 DE SETEMBRO DE 2025</p><p>O MINISTRO DE ESTADO DO DESENVOLVIMENTO E ASSISTÊNCIA SOCIAL, FAMÍLIA E COMBATE À FOME substituto, com fundamento no artigo 95, da Lei nº 8.112 de 11 de dezembro de 1990 e na competência que lhe foi delegada no artigo 2º do Decreto nº 1.387, de 7 de fevereiro de 1995, observadas as disposições constantes do Decreto nº 9.991, de 28 de agosto de 2019, alterado pelo Decreto nº 10.506, de 2 de outubro de 2020, e a Instrução Normativa SGP-ENAP/SEDGG/ME nº 21, de 1º de fevereiro de 2021, e o Decreto nº 8.851, de 20 de setembro de 2016, resolve:</p><p>Autorizar o afastamento do País da servidora DANIELLA RIBEIRO PINHO, Matrícula SIAPE nº 1585215, Consultora Jurídica Adjunta, deste Ministério, para participar do evento intitulado "Tutela Jurisdicional e Solução de Conflitos em uma Perspectiva Comparada: Europa-Brasil", promovido pela Accademia Juris Roma, a realizar-se na cidade de Roma, na República Italiana, no período de 10 a 14 de novembro de 2025.</p><p>O afastamento da servidora ocorrerá no período de 8 a 15 de novembro de 2025, inclusive trânsito, com ônus para este Ministério, conforme Processo nº 71000.086839/2025-31.</p><p class="assina">OSMAR RIBEIRO DE ALMEIDA JÚNIOR</p>]]></Texto>
  </body>
  <Midias />
</article></xml>