﻿<xml><article id="45714565" name="PT 1072 de 29.09.2025" idOficio="11315638" pubName="DO2" artType="Portaria" pubDate="01/10/2025" artClass="00047:00002:00021:00040:00014:00000:00000:00000:00000:00000:00017:01072" artCategory="Ministério da Saúde/Secretaria Executiva/Subsecretaria de Assuntos Administrativos/Superintendência Estadual do Ministério da Saúde no Rio de Janeiro/Serviço de Gestão de Pessoas" artSize="12" artNotes="" numberPage="106" pdfPage="http://pesquisa.in.gov.br/imprensa/jsp/visualiza/index.jsp?data=01/10/2025&amp;jornal=529&amp;pagina=106" editionNumber="187" highlightType="" highlightPriority="" highlight="" highlightimage="" highlightimagename="" idMateria="23160534">
  <body>
    <Identifica><![CDATA[ PORTARIA SEGEP/RJ Nº 1.072, DE 29 DE SETEMBRO DE 2025]]></Identifica>
    <Data><![CDATA[]]></Data>
    <Ementa />
    <Titulo />
    <SubTitulo />
    <Texto><![CDATA[<p class="identifica">PORTARIA SEGEP/RJ Nº 1.072, DE 29 DE SETEMBRO DE 2025</p><p>A CHEFE DO SERVIÇO DE GESTÃO DE PESSOAS, DA SUPERINTENDÊNCIA ESTADUAL DO MINISTÉRIO DA SAÚDE NO RIO DE JANEIRO, DA SUBSECRETARIA DE ASSUNTOS ADMINISTRATIVOS, DA SECRETARIA-EXECUTIVA, DO MINISTÉRIO DA SAÚDE, no uso de suas atribuições legais que lhe foram atribuídas pela PORTARIA DE PESSOAL SE/MS Nº 94, DE 01 DE fevereiro DE 2024, publicada no DOU nº 25, de 5 de fevereiro de 2024, Seção 2, página 68, e tendo em vista o que consta no processo nº 25001.009742/2025-88, resolve:</p><p>Conceder Pensão à Cônjuge ANDREA FERNANDES DA ROCHA SANTOS, com fundamento nos artigos 217, inciso I e 222, inciso VII, alínea b, item 6, da Lei nº 8.112/90, na redação dada pela Lei n° 13.135 de 17.06.2015, em face do falecimento ocorrido em 30.08.2025, do ex-servidor MOISES PIMENTA DOS SANTOS, Matrícula SIAPE nº 1.426.474, Agente de Combate às Endemias, Nível Auxiliar, Classe S, Padrão V, Ativo do Quadro de Pessoal deste Ministério, sendo a pensão calculada nos termos do artigo 23 da Emenda Constitucional nº 103, de 13/11/2019, cabendo à beneficiária a cota-parte de 1/1, a contar da data do óbito do ex-servidor.</p><p class="assina">LUCILENA RODRIGUES GIESTEIRA</p>]]></Texto>
  </body>
  <Midias />
</article></xml>