﻿<xml><article id="45714535" name="Retificacao Portaria 8437" idOficio="11315601" pubName="DO2" artType="Retificação" pubDate="01/10/2025" artClass="00028:00041:00000:00000:00000:00000:00000:00000:00000:00000:00021:00000" artCategory="Ministério da Fazenda/Superintendência de Seguros Privados" artSize="12" artNotes="" numberPage="65" pdfPage="http://pesquisa.in.gov.br/imprensa/jsp/visualiza/index.jsp?data=01/10/2025&amp;jornal=529&amp;pagina=65" editionNumber="187" highlightType="" highlightPriority="" highlight="" highlightimage="" highlightimagename="" idMateria="23160495">
  <body>
    <Identifica><![CDATA[ RETIFICAÇÃO]]></Identifica>
    <Data><![CDATA[]]></Data>
    <Ementa />
    <Titulo />
    <SubTitulo />
    <Texto><![CDATA[<p class="identifica">RETIFICAÇÃO</p><p>No Art. 1º da Portaria Susep nº 8.437, de 22 de setembro de 2025, publicada no DOU em 30 de setembro de 2025, Seção 2, página 42, onde se lê: "Art. 1º Alterar a Portaria Susep nº 8.437, de 22 de setembro de 2025, que passa a vigorar com a seguinte redação:", leia-se: "Art. 1º Alterar a Portaria Susep nº 8.432, de 4 de setembro de 2025, que passa a vigorar com a seguinte redação:"</p>]]></Texto>
  </body>
  <Midias />
</article></xml>