﻿<xml><article id="45714321" name="PORTARIA NA 2633 DE 19 DE SETEMB" idOficio="11315558" pubName="DO2" artType="Portaria" pubDate="01/10/2025" artClass="00025:00103:00000:00000:00000:00000:00000:00000:00000:00000:00017:00003" artCategory="Ministério da Educação/Universidade Federal Fluminense" artSize="12" artNotes="" numberPage="42" pdfPage="http://pesquisa.in.gov.br/imprensa/jsp/visualiza/index.jsp?data=01/10/2025&amp;jornal=529&amp;pagina=42" editionNumber="187" highlightType="" highlightPriority="" highlight="" highlightimage="" highlightimagename="" idMateria="23160449">
  <body>
    <Identifica><![CDATA[ PORTARIA Nº 2.633, DE 19 DE SETEMBRO DE 2025]]></Identifica>
    <Data><![CDATA[]]></Data>
    <Ementa />
    <Titulo />
    <SubTitulo />
    <Texto><![CDATA[<p class="identifica">PORTARIA Nº 2.633, DE 19 DE SETEMBRO DE 2025</p><p>O REITOR da Universidade Federal Fluminense, no uso de suas atribuições, e tendo em vista o que consta do Processo UFF n.º 23069.153292/2025-50, resolve:</p><p>Conceder aposentadoria voluntária a ROSSANO ASSUMPÇÃO CRUZ, matrícula SIAPE nº 311475, ocupante do cargo de Médico-PCCTAE, Classe E, Nível 019, do Plano de Carreiras e Cargos de Magistério Federal, do Quadro de Pessoal Permanente desta Universidade, código de vaga 239017, com fundamento no com fundamento no artigo 20, § 2º, Inciso I da Emenda Constitucional nº 103/19, com proventos integrais, cumulativamente com o adicional por tempo de serviço no percentual de 7% (sete por cento).</p><p class="assina">ANTONIO CLAUDIO LUCAS DA NOBREGA</p>]]></Texto>
  </body>
  <Midias />
</article></xml>