﻿<xml><article id="45708484" name="DOU PORTARIA 960-2025" idOficio="11312301" pubName="DO2" artType="Portaria" pubDate="01/10/2025" artClass="00070:00049:00001:00000:00000:00000:00000:00000:00000:00000:00017:00000" artCategory="Poder Judiciário/Tribunal Regional do Trabalho da 8ª Região/Gabinete da Presidência" artSize="12" artNotes="" numberPage="133" pdfPage="http://pesquisa.in.gov.br/imprensa/jsp/visualiza/index.jsp?data=01/10/2025&amp;jornal=529&amp;pagina=133" editionNumber="187" highlightType="" highlightPriority="" highlight="" highlightimage="" highlightimagename="" idMateria="23154630">
  <body>
    <Identifica><![CDATA[ PORTARIA PRESI Nº 960, DE 9 DE SETEMBRO DE 2025]]></Identifica>
    <Data><![CDATA[]]></Data>
    <Ementa />
    <Titulo />
    <SubTitulo />
    <Texto><![CDATA[<p class="identifica">PORTARIA PRESI Nº 960, DE 9 DE SETEMBRO DE 2025</p><p>A DESEMBARGADORA PRESIDENTE DO EGRÉGIO TRIBUNAL REGIONAL DO TRABALHO DA OITAVA REGIÃO, no uso de suas atribuições legais e regimentais, e</p><p>CONSIDERANDO o pedido de remoção mediante permuta formulado pelos servidores WESLLEY NASCIMENTO TIMBO, pertencente ao quadro de pessoal permanente deste Regional, e FÁBIO PAWLASKI DOS SANTOS, pertencente ao quadro de pessoal permanente do Tribunal Superior do Trabalho, ambos ocupantes do cargo de Analista Judiciário, Área Judiciária;</p><p>CONSIDERANDO a anuência do Tribunal Superior do Trabalho à remoção proposta;</p><p>CONSIDERANDO o disposto nos artigos 18 e 36 da Lei n.º 8.112/1990, no artigo 20 da Lei n.° 11.416/2006, na Resolução CSJT n.º 110/2012, na Resolução TRT8 nº 13/2020 e na Portaria GP nº 116/2014;</p><p>CONSIDERANDO, ainda, o contido no Processo Administrativo Eletrônico nº 5029/2025 e, ainda, o interesse do serviço, resolve:</p><p>Art. 1º REMOVER, a pedido, o servidor WESLLEY NASCIMENTO TIMBO, Analista Judiciário, Área Judiciária, código SIGEP n.º 3600, para o Tribunal Superior do Trabalho, mediante permuta com o servidor FÁBIO PAWLASKI DOS SANTOS, Analista Judiciário, Área Judiciária, pertencente ao quadro de pessoal permanente daquele Tribunal.</p><p>Art. 2º COLOCAR o servidor FÁBIO PAWLASKI DOS SANTOS em exercício no Gabinete do Excelentíssimo Juiz Titular da 14ª Vara do Trabalho de Belém.</p><p>Art. 3º CONCEDER trânsito de 20 (vinte) dias ao servidor WESLLEY NASCIMENTO TIMBO.</p><p>Art. 4º Esta Portaria terá efeitos a partir de 1º de outubro de 2025 e vigência a partir de sua publicação.</p><p class="assina">SULAMIR PALMEIRA MONASSA DE ALMEIDA</p>]]></Texto>
  </body>
  <Midias />
</article></xml>