﻿<xml><article id="45711683" name="PT DE PESSOAL 84" idOficio="11315129" pubName="DO2" artType="Portaria" pubDate="01/10/2025" artClass="00047:00037:00000:00000:00000:00000:00000:00000:00000:00000:00017:00084" artCategory="Ministério da Saúde/Secretaria de Atenção Especializada à Saúde" artSize="12" artNotes="" numberPage="106" pdfPage="http://pesquisa.in.gov.br/imprensa/jsp/visualiza/index.jsp?data=01/10/2025&amp;jornal=529&amp;pagina=106" editionNumber="187" highlightType="" highlightPriority="" highlight="" highlightimage="" highlightimagename="" idMateria="23159556">
  <body>
    <Identifica><![CDATA[ PORTARIA DE PESSOAL SAES/MS Nº 84, DE 26 DE setembro DE 2025]]></Identifica>
    <Data><![CDATA[]]></Data>
    <Ementa />
    <Titulo />
    <SubTitulo />
    <Texto><![CDATA[<p class="identifica">PORTARIA DE PESSOAL SAES/MS Nº 84, DE 26 DE setembro DE 2025</p><p>O SECRETÁRIO DE ATENÇÃO ESPECIALIZADA À SAÚDE DO MINISTÉRIO DA SAÚDE, no uso da competência que lhe foi delegada pela Portaria GM/MS Nº 3.091, de 15 de janeiro de 2024, Art. 1º, inciso I, publicada no Diário Oficial da União de 16 de janeiro de 2024, e demais informações que constam do Processo nº 33408.155308/2025-24, resolve:</p><p>Designar TIAGO FELIPE LAGOAS DOS SANTOS, matrícula SIAPE nº 1730006, para exercer o encargo de substituto eventual da Função Comissionada Executiva de Chefe do Serviço de Infraestrutura e Patrimônio, FCE 1.05, código nº 24.0156, do Hospital Federal da Lagoa, do Departamento de Gestão Hospitalar no Estado do Rio de Janeiro, da Secretaria de Atenção Especializada à Saúde, nos afastamentos, impedimentos legais ou regulamentares do(a) titular e na vacância da função, ficando dispensado CARLOS JOSE SAMPAIO FONTES, matrícula SIAPE nº 1789392.</p><p class="assina">MOZART JULIO TABOSA SALES</p>]]></Texto>
  </body>
  <Midias />
</article></xml>