﻿<xml><article id="45712013" name="PORTARIA N 1.538_23159769" idOficio="11315226" pubName="DO2" artType="Portaria" pubDate="01/10/2025" artClass="00066:00010:00001:00000:00000:00000:00000:00000:00000:00000:00017:00003" artCategory="Ministério Público da União/Ministério Público do Trabalho/Procuradoria-Geral" artSize="12" artNotes="" numberPage="116" pdfPage="http://pesquisa.in.gov.br/imprensa/jsp/visualiza/index.jsp?data=01/10/2025&amp;jornal=529&amp;pagina=116" editionNumber="187" highlightType="" highlightPriority="" highlight="" highlightimage="" highlightimagename="" idMateria="23159769">
  <body>
    <Identifica><![CDATA[ PORTARIA Nº 1.538, DE 29 DE SETEMBRO DE 2025]]></Identifica>
    <Data><![CDATA[]]></Data>
    <Ementa />
    <Titulo />
    <SubTitulo />
    <Texto><![CDATA[<p class="identifica">PORTARIA Nº 1.538, DE 29 DE SETEMBRO DE 2025</p><p>O PROCURADOR-GERAL DO TRABALHO, no uso das atribuições previstas nos incisos XII e XXI do art. 91 da Lei Complementar nº 75, de 20/05/1993, e da competência delegada pelo item "a" do art. 1º da Portaria PGR nº 308/1996, considerando o disposto na Resolução CSMPT nº 165/2019, bem como os dados e informações constantes do PGEA 20.02.2000.0000290/2025-09, resolve:</p><p>Art. 1º Autorizar, com ônus limitado para o Ministério Público do Trabalho, sem prejuízo das atribuições ordinárias do Ofício de que é titular, a serem exercidas remotamente, o afastamento do país do Procurador do Trabalho RAYMUNDO LIMA RIBEIRO JUNIOR, lotado na Procuradoria Regional do Trabalho - PRT da 20ª Região/SE, no período de 22 a 28 de novembro de 2025, incluídos os deslocamentos de ida e volta, para participar do "BUSINESS, CORPORATE AND INSOLVENCY LAW IN A COMPARATIVE PERSPECTIVE", etapa obrigatória da conclusão do seu doutoramento, na cidade de Fez, no Marrocos.</p><p class="assina">GLÁUCIO ARAÚJO DE OLIVEIRA</p>]]></Texto>
  </body>
  <Midias />
</article></xml>