﻿<xml><article id="45709429" name="2025 - MARIA JULIDETE ANTUNES- 4" idOficio="11310172" pubName="DO2" artType="Portaria" pubDate="01/10/2025" artClass="00025:00133:00025:00001:00000:00000:00000:00000:00000:00000:00017:00000" artCategory="Ministério da Educação/Universidade Federal do Triângulo Mineiro/Pró-Reitoria de Recursos Humanos/Departamento de Administração de Pessoal" artSize="12" artNotes="" numberPage="53" pdfPage="http://pesquisa.in.gov.br/imprensa/jsp/visualiza/index.jsp?data=01/10/2025&amp;jornal=529&amp;pagina=53" editionNumber="187" highlightType="" highlightPriority="" highlight="" highlightimage="" highlightimagename="" idMateria="23151375">
  <body>
    <Identifica><![CDATA[ PORTARIA DE PESSOAL Nº 1.002, DE 25 DE SETEMBRO DE 2025]]></Identifica>
    <Data><![CDATA[]]></Data>
    <Ementa />
    <Titulo />
    <SubTitulo />
    <Texto><![CDATA[<p class="identifica">PORTARIA DE PESSOAL Nº 1.002, DE 25 DE SETEMBRO DE 2025</p><p>A REITORA DA UNIVERSIDADE FEDERAL DO TRIÂNGULO MINEIRO - UFTM, nomeada pelo Presidente da República, por meio do Decreto de 1 <sup>º</sup> de junho de 2023, publicado no Diário Oficial da União do dia 2 subsequente, no uso de suas atribuições legais e regimentais e de acordo com o processo SEI/UFTM n <sup>º</sup> 23085.008409/2025-43, resolve:</p><p>Art. 1º Conceder aposentadoria voluntária à servidora MARIA JULIDETE ANTUNES, Siape 0389553, ocupante do cargo de TECNICO EM ENFERMAGEM, Classe/Padrão D-019, carga horária de 40 horas semanais, código de vaga n° 301449, do Quadro de Pessoal desta Universidade, com proventos integrais e paridade, com fulcro no art. 3° da Emenda Constitucional n° 47/2005, combinado com o caput e § 1° do art. 3° da Emenda Constitucional n° 103/2019.</p><p>Art. 2º Em consequência, declarar vago o referido cargo.</p><p>Art. 3º Esta Portaria de Pessoal entra em vigor a partir de sua publicação no Diário Oficial da União.</p><p class="assina">MARINALVA VIEIRA BARBOSA</p>]]></Texto>
  </body>
  <Midias />
</article></xml>