﻿<xml><article id="45708946" name="PORTARIA N 161_23144386" idOficio="11305597" pubName="DO2" artType="Portaria" pubDate="01/10/2025" artClass="00034:00064:00000:00000:00000:00000:00000:00000:00000:00000:00017:00000" artCategory="Ministério do Meio Ambiente e Mudança do Clima/Instituto de Pesquisas Jardim Botânico do Rio de Janeiro" artSize="12" artNotes="" numberPage="87" pdfPage="http://pesquisa.in.gov.br/imprensa/jsp/visualiza/index.jsp?data=01/10/2025&amp;jornal=529&amp;pagina=87" editionNumber="187" highlightType="" highlightPriority="" highlight="" highlightimage="" highlightimagename="" idMateria="23144386">
  <body>
    <Identifica><![CDATA[ PORTARIA Pessoal Nº 161, DE 23 DE SETEMBRO DE 2025]]></Identifica>
    <Data><![CDATA[]]></Data>
    <Ementa />
    <Titulo />
    <SubTitulo />
    <Texto><![CDATA[<p class="identifica">PORTARIA Pessoal Nº 161, DE 23 DE SETEMBRO DE 2025</p><p>O PRESIDENTE DO INSTITUTO DE PESQUISAS JARDIM BOTÂNICO DO RIO DE JANEIRO, nomeado pela Portaria da Casa Civil nº 2.763, de 03 de agosto de 2023, publicada no DOU de 04 de agosto de 2023, no uso das atribuições que lhe conferem a Lei nº 10.316, de 06 de dezembro de 2001, publicada no DOU de 07 de dezembro de 2001, no Decreto nº 12.137, de 12 de agosto de 2024, publicado no DOU de 13 de agosto de 2024, a Portaria JBRJ nº 04, de 30 de janeiro de 2025, publicada no Diário Oficial da União de 31 de janeiro de 2025 e considerando o constante nos autos do Processo SEI nº 02011.001356/2024-42, resolve:</p><p>Art. 1º Conceder Aposentadoria Voluntária Integral, com proventos integrais e paridade total com os ativos à servidora CELIA CRISTINA PECINI VON KRIIGER, ocupante do cargo de Analista em Ciência e Tecnologia Sênior III, Nível Superior, Classe S, Padrão III, matrícula SIAPE nº 1358816, integrante do Quadro de Pessoal deste Instituto de Pesquisas Jardim Botânico do Rio de Janeiro, ingressada no serviço público em cargo efetivo até 31/12/2003, com fundamento no artigo 20, parágrafo 2º, inciso I da Emenda Constitucional nº 103, 12 de novembro de 2019, combinado com o artigo 186, inciso III, alínea "a", da Lei n° 8.112/90, e ambos os artigos 3º da Emenda Constitucional nº 47, de 05 de julho de 2005 e da Emenda Constitucional nº 103, de 12 de novembro de 2019, acrescido das demais vantagens inerentes ao cargo efetivo.</p><p>Art. 2º Declarar vago o referido cargo.</p><p>Art. 3º Esta Portaria de Pessoal entra em vigor na data de sua publicação.</p><p class="assina">SERGIO BESSERMAN VIANNA</p>]]></Texto>
  </body>
  <Midias />
</article></xml>