﻿<xml><article id="45711653" name="PORTARIA N 1.353_23159582" idOficio="11315154" pubName="DO2" artType="Portaria" pubDate="01/10/2025" artClass="00048:00002:00000:00000:00000:00000:00000:00000:00000:00000:00017:00000" artCategory="Ministério do Trabalho e Emprego/Secretaria Executiva" artSize="12" artNotes="" numberPage="110" pdfPage="http://pesquisa.in.gov.br/imprensa/jsp/visualiza/index.jsp?data=01/10/2025&amp;jornal=529&amp;pagina=110" editionNumber="187" highlightType="" highlightPriority="" highlight="" highlightimage="" highlightimagename="" idMateria="23159582">
  <body>
    <Identifica><![CDATA[ PORTARIA SE/MTE N° 1.353, DE 26 DE SETEMBRO DE 2025]]></Identifica>
    <Data><![CDATA[]]></Data>
    <Ementa />
    <Titulo />
    <SubTitulo />
    <Texto><![CDATA[<p class="identifica">PORTARIA SE/MTE N° 1.353, DE 26 DE SETEMBRO DE 2025</p><p>O SECRETÁRIO-EXECUTIVO DO MINISTÉRIO DO TRABALHO E EMPREGO, no uso de suas atribuições e tendo em vista o art. 11 da Portaria MTE nº 635, de 16 de março de 2023, e as demais informações que constam do Processo nº 19958.206233/2025-08, resolve:</p><p>Designar RAIMUNDO FERREIRA DE MELO NETO, matrícula nº 3499242, para exercer a função de Chefe da Divisão de Sistemas Estruturantes, código FCE 1.07, da Coordenação de Sistemas Estruturantes da Coordenação-Geral de Soluções Digitais da Diretoria de Tecnologia da Informação da Secretaria-Executiva.</p><p class="assina">FRANCISCO MACENA DA SILVA</p>]]></Texto>
  </body>
  <Midias />
</article></xml>