﻿<xml><article id="45709243" name="PORTARIA N 2.209_23158983" idOficio="11314581" pubName="DO2" artType="Portaria" pubDate="01/10/2025" artClass="00028:00002:00000:00000:00000:00000:00000:00000:00000:00000:00013:00001" artCategory="Ministério da Fazenda/Secretaria Executiva" artSize="12" artNotes="" numberPage="63" pdfPage="http://pesquisa.in.gov.br/imprensa/jsp/visualiza/index.jsp?data=01/10/2025&amp;jornal=529&amp;pagina=63" editionNumber="187" highlightType="" highlightPriority="" highlight="" highlightimage="" highlightimagename="" idMateria="23158983">
  <body>
    <Identifica><![CDATA[ PORTARIA SE/MF N° 2.209, DE 29 DE SETEMBRO DE 2025]]></Identifica>
    <Data><![CDATA[]]></Data>
    <Ementa />
    <Titulo />
    <SubTitulo />
    <Texto><![CDATA[<p class="identifica">PORTARIA SE/MF N° 2.209, DE 29 DE SETEMBRO DE 2025</p><p>O SECRETÁRIO-EXECUTIVO ADJUNTO DO MINISTÉRIO DA FAZENDA, tendo em vista a delegação de competência contida no art. 12, da Portaria MF nº 1.250, de 11 de outubro de 2023, e no uso das atribuições que lhe foram conferidas pelo disposto no § 2º do art. 2º do Regulamento do Conselho Curador do Fundo de Compensação de Variações Salariais - CCFCVS, anexo ao Decreto nº 4.378, de 16 de setembro de 2002, bem como demais informações que constam no Processo SEI nº 17944.004862/2025-11, resolve:</p><p>Art. 1º Designar CECÍLIA NAYARA ROSA MORAIS para compor o Conselho Curador do Fundo de Compensação de Variações Salariais - CCFCVS, na condição de representante titular do Ministério da Fazenda, em substituição a Fernanda Cimbra Santiago.</p><p>Art. 2º Fica revogada a Portaria de Pessoal SE/MF nº 1.504, de 19 de setembro de 2023, publicada no D.O.U. em 2 de outubro de 2023, Seção 2, página 53.</p><p class="assina">RAFAEL RAMALHO DUBEUX</p>]]></Texto>
  </body>
  <Midias />
</article></xml>