﻿<xml><article id="45709315" name="5. Portaria DG para imprensa_Cam" idOficio="11305062" pubName="DO2" artType="Portaria" pubDate="01/10/2025" artClass="00070:00044:00001:00002:00000:00000:00000:00000:00000:00000:00017:00000" artCategory="Poder Judiciário/Tribunal Regional do Trabalho da 3ª Região/Presidência/Diretoria-Geral" artSize="12" artNotes="" numberPage="131" pdfPage="http://pesquisa.in.gov.br/imprensa/jsp/visualiza/index.jsp?data=01/10/2025&amp;jornal=529&amp;pagina=131" editionNumber="187" highlightType="" highlightPriority="" highlight="" highlightimage="" highlightimagename="" idMateria="23143589">
  <body>
    <Identifica><![CDATA[ PORTARIA DG Nº 313, DE 19 DE SETEMBRO DE 2025]]></Identifica>
    <Data><![CDATA[]]></Data>
    <Ementa />
    <Titulo />
    <SubTitulo />
    <Texto><![CDATA[<p class="identifica">PORTARIA DG Nº 313, DE 19 DE SETEMBRO DE 2025</p><p>A DIRETORA-GERAL DO TRIBUNAL REGIONAL DO TRABALHO DA 3ª REGIÃO, no uso da competência delegada pela Portaria GP n. 3, de 2 de janeiro de 2024;</p><p>CONSIDERANDO o art. 37 da Lei n. 8.112, de 11 de dezembro de 1990, que regulamenta o instituto da redistribuição e estabelece seus preceitos;</p><p>CONSIDERANDO a Resolução n. 146, de 6 de março de 2012, do Conselho Nacional de Justiça, que dispõe sobre a redistribuição de cargos efetivos dos quadros de pessoal dos órgãos do Poder Judiciário da União; e</p><p>CONSIDERANDO o disposto no processo TRT/ePAD/24019/2025, resolve:</p><p>Art. 1º Redistribuir o cargo efetivo de Analista Judiciário, Área Judiciária, do Quadro de Pessoal deste Tribunal, criado pela Lei n. 10.770, de 2003, ocupado pelo servidor Francisco César Salomão Júnior, em reciprocidade com idêntico cargo efetivo, do Quadro de Pessoal do Tribunal Regional do Trabalho da 7ª Região, criado pela Lei n. 8.432, de 1.992, ocupado pela servidora Camila Baeta Balbi.</p><p>Art. 2º Lotar a servidora Camila Baeta Balbi, Analista Judiciário, Área Judiciária, no Gabinete do Excelentíssimo Desembargador Weber Leite de Magalhães Pinto Filho (Gab. Nº 45).</p><p>Art. 3º Designar a servidora Camila Baeta Balbi, Analista Judiciário, Área Judiciária, para a função comissionada FC-6 Assistente de Gabinete, vinculada ao Gabinete do Excelentíssimo Desembargador Weber Leite de Magalhães Pinto Filho (Gab. Nº 45), a partir da publicação desta Portaria.</p><p>Art. 4º Revogar a Portaria DGP n. 236, de 22 de março de 2023.</p><p>Art. 5º Esta Portaria entra em vigor na data de sua publicação.</p><p class="assina">Patricia Helena dos Reis</p>]]></Texto>
  </body>
  <Midias />
</article></xml>