﻿<xml><article id="45709534" name="PUBLICACAO D. O. U. PORTARIA 827" idOficio="11314679" pubName="DO2" artType="Portaria" pubDate="01/10/2025" artClass="00029:00035:00015:00011:00000:00000:00000:00000:00000:00000:00017:00000" artCategory="Ministério da Gestão e da Inovação em Serviços Públicos/Secretaria de Gestão de Pessoas/Diretoria de Serviços de Aposentados e de Pensionistas e Órgãos Extintos/Divisão de Pessoal no Ex-Território Federal do Amapá" artSize="12" artNotes="" numberPage="70" pdfPage="http://pesquisa.in.gov.br/imprensa/jsp/visualiza/index.jsp?data=01/10/2025&amp;jornal=529&amp;pagina=70" editionNumber="187" highlightType="" highlightPriority="" highlight="" highlightimage="" highlightimagename="" idMateria="23159122">
  <body>
    <Identifica><![CDATA[ PORTARIA/MGI Nº 8.275, DE 26 DE SETEMBRO DE 2025]]></Identifica>
    <Data><![CDATA[]]></Data>
    <Ementa />
    <Titulo />
    <SubTitulo />
    <Texto><![CDATA[<p class="identifica">PORTARIA/MGI Nº 8.275, DE 26 DE SETEMBRO DE 2025</p><p>O CHEFE DA DIVISÃO DE PESSOAL NO EX-TERRITÓRIO FEDERAL DO AMAPÁ DA DIRETORIA DE SERVIÇOS DE APOSENTADOS E DE PENSIONISTAS E ÓRGÃOS EXTINTOS DO MINISTÉRIO DA GESTÃO E DA INOVAÇÃO EM SERVIÇOS PÚBLICOS, no uso das competências que lhe foram delegadas pelas Portarias nºs 6.186/SEDGG, de 1º de junho de 2022, publicada no DOU nº 104, de 2 de junho de 2022 , 13.751/DECIPEX, de 27 de dezembro de 2018, publicada no Diário Oficial da União nº 249, de 28 de dezembro de 2018 e Portaria de Pessoal DGP/SGC/SE/MGI nº 394, de 24 de Janeiro de 2023, apostilado no BGP, publicado em 24 de janeiro de 2023, Ano 7, Edição 1.17, resolve:</p><p>Art. 1º - Demitir a pedido, da servidora MARIA NICEIA DA COSTA ATAIDE, cargo de Agente de Portaria - NA, Classe: "S" - Padrão: "I", SIAPE: 3387079, a partir de 01 de março de 2024, Regime da Consolidação das Leis do Trabalho - CLT, do Quadro do Governo do Ex-Território Federal do Amapá. Processo SEI nº 05504.007547/2015-73.</p><p>Art. 2º - Estas portarias entram em vigor na data de suas publicações.</p><p class="assina">ADAILTON DE JESUS SILVA DOS SANTOS</p>]]></Texto>
  </body>
  <Midias />
</article></xml>