﻿<xml><article id="45709345" name="Portaria n. 3628 - Sueli de Oliv" idOficio="11314693" pubName="DO2" artType="Portaria" pubDate="01/10/2025" artClass="00047:00053:00033:00000:00000:00000:00000:00000:00000:00000:00017:00000" artCategory="Ministério da Saúde/Fundação Nacional de Saúde/Superintendência Estadual de Pernambuco" artSize="12" artNotes="" numberPage="109" pdfPage="http://pesquisa.in.gov.br/imprensa/jsp/visualiza/index.jsp?data=01/10/2025&amp;jornal=529&amp;pagina=109" editionNumber="187" highlightType="" highlightPriority="" highlight="" highlightimage="" highlightimagename="" idMateria="23159061">
  <body>
    <Identifica><![CDATA[ PORTARIA Nº 3.628, DE 26 DE SETEMBRO DE 2025]]></Identifica>
    <Data><![CDATA[]]></Data>
    <Ementa />
    <Titulo />
    <SubTitulo />
    <Texto><![CDATA[<p class="identifica">PORTARIA Nº 3.628, DE 26 DE SETEMBRO DE 2025</p><p>A SUPERINTENDENTE ESTADUAL SUBSTITUTA DA FUNDAÇÃO NACIONAL DE SAÚDE NO ESTADO DE PERNAMBUCO, nomeada pela da Portaria SAA nº 1.423 de 19.10.2023, publicada no DOU nº 201, em 23.10.2023, Seção 2, página 54, no uso das atribuições que lhe confere o art. 17 do estatuto aprovado pelo Decreto nº 11.223/2022, de 05/10/2022, publicado no DOU nº 191, de 06/10/2022, Seção 1, com vigência a partir de 27/10/2022, conforme informações contidas no processo nº 25225.000792/2025-75, resolve:</p><p>Art. 1º - Conceder pensão vitalícia SUELI DE OLIVEIRA LIMA, na qualidade de cônjuge do ex-servidor EDIVALDO SERGIO FERREIRA DE LIMA, matrícula SIAPE nº 0512954, aposentado em 07/05/1996, no cargo de Agente Administrativo, Classe "S", Padrão V, do Quadro de Pessoal desta Fundação Nacional de Saúde (FUNASA), que faleceu em 09/09/2025, com fundamento do inciso I, do Art. 3° da Portaria SGP/SEDGG/ME n° 4645, de 24 de maio de 2022, c/c o art. 217 da Lei n° 8.112, de 11 de dezembro de 1990, nos artigos 23 e 24 de Emenda Constitucional n° 103, de 12 de novembro de 2019.</p><p>Art. 2º - Os efeitos desta portaria entram em vigor a partir da data do óbito, com base no art. 219, inciso I da Lei n° 8.112/1990.</p><p>RETIFICAÇÃO</p><p>Na Portaria n° 3292, de 04/09/2025, publicada no DOU n° 174, página 59 de 12/09/2024, que concedeu aposentadoria voluntária ao servidor Fernando Rodrigues de Barros Neto,</p><p>Onde se lê: com fundamento no art.4°, § 6º, Inciso II da Emenda Constitucional nº 103/2019, LEIA-SE com Fundamento no artigo 10, § 1º, Inciso I da Emenda Constitucional nº 103/2019. Processo 25225.000.742/2002-98</p><p class="assina">Helena Magalhães Porto Lira</p>]]></Texto>
  </body>
  <Midias />
</article></xml>