﻿<xml><article id="45708832" name="Portaria 3633 - APOSENTADORIA RO" idOficio="11312732" pubName="DO2" artType="Portaria" pubDate="01/10/2025" artClass="00025:00144:00000:00000:00000:00000:00000:00000:00000:00000:00017:00000" artCategory="Ministério da Educação/Fundação Universidade Federal do Acre" artSize="12" artNotes="" numberPage="55" pdfPage="http://pesquisa.in.gov.br/imprensa/jsp/visualiza/index.jsp?data=01/10/2025&amp;jornal=529&amp;pagina=55" editionNumber="187" highlightType="" highlightPriority="" highlight="" highlightimage="" highlightimagename="" idMateria="23155132">
  <body>
    <Identifica><![CDATA[ PORTARIA Nº 3.633, DE 29 DE SETEMBRO DE 2025]]></Identifica>
    <Data><![CDATA[]]></Data>
    <Ementa />
    <Titulo />
    <SubTitulo />
    <Texto><![CDATA[<p class="identifica">PORTARIA Nº 3.633, DE 29 DE SETEMBRO DE 2025</p><p>A REITORA DA UNIVERSIDADE FEDERAL DO ACRE, no uso das atribuições que lhe confere o Decreto de 9 de agosto de 2022, publicado no Diário Oficial da União (DOU) nº 151, Seção 2, página 1, de 10 de agosto de 2022, combinado com o art. 80, Inciso I, do Regimento Geral da UFAC, e o que consta no processo administrativo nº 23107.028156/2025-29, resolve:</p><p>Art. 1º CONCEDER Aposentadoria Voluntária, com proventos integrais, a servidora ROSA MARIA DA SILVA COSTA ROCHA, Matrícula SIAPE nº 0518072, Identificação Única nº 5180724, ocupante do cargo efetivo de Técnico de Laboratório - Área, Nível de Classificação D, Padrão 019, Grupo/Cargo 701/244, Código de vaga nº 731572, lotada no Centro de Ciências Biológicas e da Natureza, com fundamento no art. 20, § 2º, inciso I, da Emenda Constitucional nº 103/2019.</p><p>Art. 2º DECLARAR vago, em decorrência, o cargo acima citado.</p><p>Art. 3º Esta portaria entra em vigência a contar da data de publicação no Diário Oficial da União (DOU).</p><p class="assina">MARGARIDA DE AQUINO CUNHA</p>]]></Texto>
  </body>
  <Midias />
</article></xml>