﻿<xml><article id="45708961" name="PORTARIA N 1.370_23116470" idOficio="11289031" pubName="DO2" artType="Portaria" pubDate="01/10/2025" artClass="00046:00001:00000:00000:00000:00000:00000:00000:00000:00000:00017:00000" artCategory="Ministério das Relações Exteriores/Gabinete do Ministro" artSize="12" artNotes="" numberPage="99" pdfPage="http://pesquisa.in.gov.br/imprensa/jsp/visualiza/index.jsp?data=01/10/2025&amp;jornal=529&amp;pagina=99" editionNumber="187" highlightType="" highlightPriority="" highlight="" highlightimage="" highlightimagename="" idMateria="23116470">
  <body>
    <Identifica><![CDATA[ PORTARIA Nº 1.370, DE 16 DE SETEMBRO DE 2025]]></Identifica>
    <Data><![CDATA[]]></Data>
    <Ementa />
    <Titulo />
    <SubTitulo />
    <Texto><![CDATA[<p class="identifica">PORTARIA Nº 1.370, DE 16 DE SETEMBRO DE 2025</p><p>O MINISTRO DE ESTADO DAS RELAÇÕES EXTERIORES, no uso das atribuições que lhe conferem os incisos I e IV do parágrafo único do art. 87 da Constituição Federal de 1988, resolve:</p><p>Art. 1º Conceder aposentadoria voluntária com proventos integrais a LIGIA MARIA SCHERER, matrícula SIAPE nº 6460377, matrícula SIAPECAD nº 676173, ministra de primeira classe do Quadro Especial da carreira de diplomata do Ministério das Relações Exteriores, com fundamento no artigo 3º da Emenda Constitucional nº 47, de 5 de julho de 2005, combinado com o artigo 3º da Emenda Constitucional nº 103, de 12 de novembro de 2019.</p><p>Art. 2º Esta Portaria entra em vigor na data de sua publicação.</p><p class="assina">MAURO VIEIRA</p>]]></Texto>
  </body>
  <Midias />
</article></xml>