﻿<xml><article id="45727610" name="PORTARIA CREF13BA NA 301 DE 18 J" idOficio="11314965" pubName="DO2" artType="Portaria" pubDate="01/10/2025" artClass="00071:00219:00000:00000:00000:00000:00000:00000:00000:00000:00017:00000" artCategory="Entidades de Fiscalização do Exercício das Profissões Liberais/Conselho Regional de Educação Física da 13ª Região" artSize="12" artNotes="" numberPage="137" pdfPage="http://pesquisa.in.gov.br/imprensa/jsp/visualiza/index.jsp?data=01/10/2025&amp;jornal=529&amp;pagina=137" editionNumber="187" highlightType="" highlightPriority="" highlight="" highlightimage="" highlightimagename="" idMateria="23159432">
  <body>
    <Identifica><![CDATA[ PORTARIA CREF13/BA Nº 301, DE 18 DE JULHO DE 2025]]></Identifica>
    <Data><![CDATA[]]></Data>
    <Ementa />
    <Titulo />
    <SubTitulo />
    <Texto><![CDATA[<p></p><p class="identifica">PORTARIA CREF13/BA Nº 301, DE 18 DE JULHO DE 2025</p><p>O PRESIDENTE DO CONSELHO REGIONAL DE EDUCAÇÃOFÍSICADA13ª REGIÃO - CREF13/BA, no uso de suas atribuições legais e estatutárias;</p><p>CONSIDERANDO a necessidade de nomeação de membros para compor a Câmara de Registro, resolve:</p><p>Art. 1º TORNAR PÚBLICA a nomeação, em substituição, de LUCAS CRISTHIANO DA SILVA QUIRINO, CREF nº 008758-G/BA, como membro da Câmara de Registro do CREF13/BA deste Conselho, em lugar de FRANCISCO CANINDÉ BENEVIDES, CREF nº 001280-G/BA.</p><p>Art. 2º - Esta portaria retroage seus efeitos em 25 de julho de 2025.</p><p class="assina">Rogério Jean Moura Gonçalves</p>]]></Texto>
  </body>
  <Midias />
</article></xml>