﻿<xml><article id="45712871" name="DESP PRESI 1.__2KLQFS" idOficio="11315346" pubName="DO2" artType="Despacho" pubDate="01/10/2025" artClass="00034:00062:00000:00000:00000:00000:00000:00000:00000:00000:00013:00003" artCategory="Ministério do Meio Ambiente e Mudança do Clima/Instituto Brasileiro do Meio Ambiente e dos Recursos Naturais Renováveis" artSize="12" artNotes="" numberPage="78" pdfPage="http://pesquisa.in.gov.br/imprensa/jsp/visualiza/index.jsp?data=01/10/2025&amp;jornal=529&amp;pagina=78" editionNumber="187" highlightType="" highlightPriority="" highlight="" highlightimage="" highlightimagename="" idMateria="23159995">
  <body>
    <Identifica><![CDATA[ DESPACHO Nº 162, de 30 de setembro de 2025]]></Identifica>
    <Data><![CDATA[]]></Data>
    <Ementa />
    <Titulo />
    <SubTitulo />
    <Texto><![CDATA[<p class="identifica">DESPACHO Nº 162, de 30 de setembro de 2025</p><p>O PRESIDENTE DO INSTITUTO BRASILEIRO DO MEIO AMBIENTE E RECURSOS NATURAIS RENOVÁVEIS - IBAMA, no uso da competência que lhe foi subdelegada pelo art. 4º da Portaria GM/MMA nº 897, de 22 de dezembro de 2023, e considerando o disposto no Decreto nº 1.387, de 7 de fevereiro de 1995, e no processo administrativo nº 02001.004908/2025-74, resolve:</p><p>Autorizar o afastamento do País da servidora CÂNDIDA MARIA DE OLIVEIRA VIRGENS PAIM, ocupante do cargo de Analista Ambiental, para participar da Sexta Conferência das Partes sobre mercúrio (COP-6), em Genebra, Suíça, no período de 31 de outubro a 09 de novembro de 2025, incluindo trânsito, com ônus para a autarquia.</p><p class="assina">RODRIGO AGOSTINHO</p><p class="identifica">DESPACHO Nº 163, de 30 de setembro de 2025</p><p>O PRESIDENTE DO INSTITUTO BRASILEIRO DO MEIO AMBIENTE E RECURSOS NATURAIS RENOVÁVEIS - IBAMA, no uso da competência que lhe foi subdelegada pelo art. 4º da Portaria GM/MMA nº 897, de 22 de dezembro de 2023, e considerando o disposto no Decreto nº 1.387, de 7 de fevereiro de 1995, e no processo administrativo nº 02001.004908/2025-74, resolve:</p><p>Autorizar o afastamento do País da servidora CARLA FARIA DOS SANTOS, ocupante do cargo de Técnica Ambiental, para participar da Sexta Conferência das Partes sobre mercúrio (COP-6), em Genebra, Suíça, no período de 31 de outubro a 09 de novembro de 2025, incluindo trânsito, com ônus para a autarquia.</p><p class="assina">RODRIGO AGOSTINHO</p>]]></Texto>
  </body>
  <Midias />
</article></xml>