﻿<xml><article id="45721280" name="AC-305-ECT-00436737" idOficio="11313678" pubName="DO2" artType="Ato" pubDate="01/10/2025" artClass="00014:00021:00000:00000:00000:00000:00000:00000:00000:00000:00001:00002" artCategory="Ministério das Comunicações/Empresa Brasileira de Correios e Telégrafos" artSize="12" artNotes="" numberPage="10" pdfPage="http://pesquisa.in.gov.br/imprensa/jsp/visualiza/index.jsp?data=01/10/2025&amp;jornal=529&amp;pagina=10" editionNumber="187" highlightType="" highlightPriority="" highlight="" highlightimage="" highlightimagename="" idMateria="23157070">
  <body>
    <Identifica><![CDATA[ ATO Nº 164, DE 26 DE SETEMBRO DE 2025]]></Identifica>
    <Data><![CDATA[]]></Data>
    <Ementa />
    <Titulo />
    <SubTitulo />
    <Texto><![CDATA[<p class="identifica">ATO Nº 164, DE 26 DE SETEMBRO DE 2025</p><p>O Presidente da Empresa Brasileira de Correios e Telégrafos - ECT, no uso de suas atribuições, e considerando o disposto no art. 93 da Lei Nº 8.112/1990, regulamentado pelo Decreto Nº 10.835/2021, art. 2º da Lei nº 9.007, de 17 de março de 1995, Portaria SEDGG/ME Nº 6.066/2022, Portaria MGI Nº 136/2023, e demais informações que constam do processo SEI 53180.045242/2025-84, resolve:</p><p>Efetivar a requisição da empregada pública Simone Ramiro Fernandes Santana, matrícula 81361955, pertencente ao quadro de pessoal da Empresa Brasileira de Correios e Telégrafos - ECT, para ficar à disposição da Presidência da República. O ônus pela remuneração ou salário é do órgão de requisitante. Torna-se sem efeito o disposto neste ato caso os empregados não se apresentem ao órgão requisitante no prazo de 30 dias. Esta Portaria entra em vigor na data da sua publicação.</p><p class="assina">JULIANA PICOLI AGATTE</p><p class="cargo">Presidenta CS</p><p class="cargo">Interina</p>]]></Texto>
  </body>
  <Midias />
</article></xml>