﻿<xml><article id="45709147" name="trt9a203-2025-ATO 180" idOficio="11311169" pubName="DO2" artType="Ato" pubDate="01/10/2025" artClass="00070:00050:00000:00000:00000:00000:00000:00000:00000:00000:00001:00000" artCategory="Poder Judiciário/Tribunal Regional do Trabalho da 9ª Região" artSize="12" artNotes="" numberPage="134" pdfPage="http://pesquisa.in.gov.br/imprensa/jsp/visualiza/index.jsp?data=01/10/2025&amp;jornal=529&amp;pagina=134" editionNumber="187" highlightType="" highlightPriority="" highlight="" highlightimage="" highlightimagename="" idMateria="23152749">
  <body>
    <Identifica><![CDATA[ ATO Nº 180, DE 25 DE SETEMBRO DE 2025]]></Identifica>
    <Data><![CDATA[]]></Data>
    <Ementa />
    <Titulo />
    <SubTitulo />
    <Texto><![CDATA[<p class="identifica">ATO Nº 180, DE 25 DE SETEMBRO DE 2025</p><p>O DESEMBARGADOR PRESIDENTE DO TRIBUNAL DO TRABALHO DA 9ª REGIÃO, no uso de suas atribuições legais e regimentais, e em face do contido no OFÍCIO Nº 060/2025/DG/GP/TRT, no VETOR 356131, resolve:</p><p>CESSAR, a partir da data da publicação, os efeitos do Ato nº 54/2008, publicado no Diário Oficial da União, Seção 2, de 25/2/2008, no que se refere à remoção para o Tribunal Regional do Trabalho da 24ª Região da servidora HELEN JUÇARA AVILLA DA SILVA ECHEVERRIA, Técnica Judiciária, Área Administrativa, Sem Especialidade, classe C, padrão 13, do Quadro de Pessoal Permanente deste Tribunal.</p><p class="assina">CÉLIO HORST WALDRAFF</p>]]></Texto>
  </body>
  <Midias />
</article></xml>