﻿<xml><article id="45712817" name="DESP PRESI__VXQJVC" idOficio="11315314" pubName="DO2" artType="Despacho" pubDate="01/10/2025" artClass="00034:00062:00000:00000:00000:00000:00000:00000:00000:00000:00013:00004" artCategory="Ministério do Meio Ambiente e Mudança do Clima/Instituto Brasileiro do Meio Ambiente e dos Recursos Naturais Renováveis" artSize="12" artNotes="" numberPage="78" pdfPage="http://pesquisa.in.gov.br/imprensa/jsp/visualiza/index.jsp?data=01/10/2025&amp;jornal=529&amp;pagina=78" editionNumber="187" highlightType="" highlightPriority="" highlight="" highlightimage="" highlightimagename="" idMateria="23159942">
  <body>
    <Identifica><![CDATA[ DESPACHO  Nº 161, de 30 de setembro de 2025]]></Identifica>
    <Data><![CDATA[]]></Data>
    <Ementa />
    <Titulo />
    <SubTitulo />
    <Texto><![CDATA[<p class="identifica">DESPACHO Nº 161, de 30 de setembro de 2025</p><p>O PRESIDENTE DO INSTITUTO BRASILEIRO DO MEIO AMBIENTE E RECURSOS NATURAIS RENOVÁVEIS - IBAMA, no uso da competência que lhe foi subdelegada pelo art. 4º da Portaria GM/MMA nº 897, de 22 de dezembro de 2023, e considerando o disposto no Decreto nº 1.387, de 7 de fevereiro de 1995, e no processo administrativo nº 02001.019931/2025-63, resolve:</p><p>Autorizar o afastamento do País do servidor CARLOS JOAQUIM SEVERINO, ocupante do cargo de Analista Ambiental, para participar do "Acompanhamento/testemunho de ensaio para verificação do atendimento aos limites de emissão de gases para as motocicletas Zontes 368G e Zontes 368E e Zontes T501, em atendimento à fase PROMOT M5. Fabricados pela GUANGDONG TAYO MOTORCYCLE TECHNOLOGY CO. LTD, conforme indicado pela empresa. Ensaios a serem realizados no laboratório CCIC West Testing Company Limited", em Xian, China, no período de 16 de outubro a 03 de novembro de 2025, incluindo trânsito, com ônus para a autarquia.</p><p class="assina">RODRIGO AGOSTINHO</p>]]></Texto>
  </body>
  <Midias />
</article></xml>