﻿<xml><article id="45708586" name="DOU_PR_202509250110" idOficio="11308282" pubName="DO2" artType="Portaria" pubDate="01/10/2025" artClass="00040:00024:00000:00000:00000:00000:00000:00000:00000:00000:00017:00000" artCategory="Ministério do Planejamento e Orçamento/Fundação Instituto Brasileiro de Geografia e Estatística" artSize="12" artNotes="" numberPage="92" pdfPage="http://pesquisa.in.gov.br/imprensa/jsp/visualiza/index.jsp?data=01/10/2025&amp;jornal=529&amp;pagina=92" editionNumber="187" highlightType="" highlightPriority="" highlight="" highlightimage="" highlightimagename="" idMateria="23148676">
  <body>
    <Identifica><![CDATA[ PORTARIA N° 1.314, DE 23 DE SETEMBRO DE 2025]]></Identifica>
    <Data><![CDATA[]]></Data>
    <Ementa />
    <Titulo />
    <SubTitulo />
    <Texto><![CDATA[<p class="identifica">PORTARIA N° 1.314, DE 23 DE SETEMBRO DE 2025</p><p>O PRESIDENTE da FUNDAÇÃO INSTITUTO BRASILEIRO DE GEOGRAFIA E ESTATÍSTICA-IBGE, usando de suas atribuições legais e regulamentares, resolve:</p><p>Dispensar FABIO RICARDO ALMEIDA DE MACEDO, CPF nº XXX.296.274-XX, da função comissionada executiva de Assistente Técnico, do(a) Seção de Serviços de Informática, do(a) Superintendência Estadual do IBGE no Paraná, FCE - 2.2, desta Fundação, a partir de 01/10/2025.</p><p class="assina">MARCIO POCHMANN</p><p class="identifica">PORTARIAS DE 24 DE SETEMBRO DE 2025</p><p>O PRESIDENTE da FUNDAÇÃO INSTITUTO BRASILEIRO DE GEOGRAFIA E ESTATÍSTICA-IBGE, usando de suas atribuições legais e regulamentares, resolve:</p><p>N° 1.320 - Designar ANDERSON JOSE LUCIO TAVARES, CPF nº XXX.845.272-XX, para substituto da função de Chefe de Seção, do(a) Seção de Serviços de Informática, do(a) Superintendência Estadual do IBGE no Paraná, FCE - 1.3, desta Fundação.</p><p>N° 1.321 - Designar ANDERSON JOSE LUCIO TAVARES, CPF nº XXX.845.272-XX, para exercer a função comissionada executiva de Assistente Técnico, do(a) Seção de Serviços de Informática, do(a) Superintendência Estadual do IBGE no Paraná, FCE - 2.2, desta Fundação.</p><p class="assina">MARCIO POCHMANN</p><p class="identifica">PORTARIA N° 1.324, DE 25 DE SETEMBRO DE 2025</p><p>O PRESIDENTE da FUNDAÇÃO INSTITUTO BRASILEIRO DE GEOGRAFIA E ESTATÍSTICA-IBGE, usando de suas atribuições legais e regulamentares, resolve:</p><p>Dispensar FABIO RICARDO ALMEIDA DE MACEDO, CPF nº XXX.296.274-XX, da atribuição de substituto de Chefe de Seção, do(a) Seção de Serviços de Informática, do(a) Superintendência Estadual do IBGE no Paraná, FCE - 1.3, desta Fundação, a partir de 01/10/2025.</p><p class="assina">MARCIO POCHMANN</p>]]></Texto>
  </body>
  <Midias />
</article></xml>