﻿<xml><article id="45712916" name="Portaria PR afastamento do pais " idOficio="11315341" pubName="DO2" artType="Despacho" pubDate="01/10/2025" artClass="00019:00038:00000:00000:00000:00000:00000:00000:00000:00000:00013:00000" artCategory="Ministério do Desenvolvimento, Indústria, Comércio e Serviços/Instituto Nacional da Propriedade Industrial" artSize="12" artNotes="" numberPage="26" pdfPage="http://pesquisa.in.gov.br/imprensa/jsp/visualiza/index.jsp?data=01/10/2025&amp;jornal=529&amp;pagina=26" editionNumber="187" highlightType="" highlightPriority="" highlight="" highlightimage="" highlightimagename="" idMateria="23159978">
  <body>
    <Identifica><![CDATA[ DESPACHO de  29 de setembro de 2025]]></Identifica>
    <Data><![CDATA[]]></Data>
    <Ementa />
    <Titulo />
    <SubTitulo />
    <Texto><![CDATA[<p class="identifica">DESPACHO de 29 de setembro de 2025</p><p>O PRESIDENTE DO INSTITUTO NACIONAL DA PROPRIEDADE INDUSTRIAL, no uso das suas atribuições e tendo em vista a competência que lhe foi delegada pela Portaria GM/MDIC nº 21, de 1º de março de 2023, autoriza o afastamento do país do servidor BRUNO DIAS ROHDE, Analista em Planejamento, Gestão e Infraestrutura em Propriedade Industrial, da Coordenação de Relações Internacionais, da Diretoria Executiva, do Instituto Nacional da Propriedade Industrial, para participar da "35ª Sessão do Comitê sobre Desenvolvimento e Propriedade Intelectual da OMPI", que ocorrerá em Genebra, na Suíça, de 17 a 21 de novembro de 2025, promovida pela Organização Mundial da Propriedade Intelectual, com ônus, cujo período de afastamento é de 15 a 23 de novembro de 2025,já computados os dias de trânsito.</p><p class="assina">JULIO CESAR CASTELO BRANCO REIS MOREIRA</p>]]></Texto>
  </body>
  <Midias />
</article></xml>