﻿<xml><article id="45709018" name="PORTARIA SENAD MJSP N 38 DE 29 D" idOficio="11314870" pubName="DO2" artType="Portaria" pubDate="01/10/2025" artClass="00033:00055:00000:00000:00000:00000:00000:00000:00000:00000:00017:00005" artCategory="Ministério da Justiça e Segurança Pública/Secretaria Nacional de Políticas sobre Drogas e Gestão de Ativos" artSize="12" artNotes="" numberPage="76" pdfPage="http://pesquisa.in.gov.br/imprensa/jsp/visualiza/index.jsp?data=01/10/2025&amp;jornal=529&amp;pagina=76" editionNumber="187" highlightType="" highlightPriority="" highlight="" highlightimage="" highlightimagename="" idMateria="23159313">
  <body>
    <Identifica><![CDATA[ Portaria Senad/MJSP Nº 38, DE 29 DE SETEMBRO DE 2025]]></Identifica>
    <Data><![CDATA[]]></Data>
    <Ementa />
    <Titulo />
    <SubTitulo />
    <Texto><![CDATA[<p class="identifica">Portaria Senad/MJSP Nº 38, DE 29 DE SETEMBRO DE 2025</p><p>A SECRETÁRIA NACIONAL DE POLÍTICAS SOBRE DROGAS E GESTÃO DE ATIVOS DO MINISTÉRIO DA JUSTIÇA E SEGURANÇA PÚBLICA, no uso das atribuições que lhe foram conferidas pelo art. 20 do Anexo I do Decreto nº 11.348, de 1º de janeiro de 2023, e com base no que consta no Edital de Chamamento Público SENAD nº 02/2023/SENAD/MJSP, Processo SEI n.º 08129.007646/2023-88, resolve:</p><p>Art. 1º Designar a servidora Lívia Miranda Müller Drumond Casseres, matrícula nº 3333521, Coordenadora-Geral de Justiça Étnico-Racial na Política sobre Drogas da Secretaria Nacional de Políticas sobre Drogas e Gestão de Ativos do Ministério da Justiça e Segurança Pública, como Gestora do Termo de Fomento n.° 951417/2023 (Processo Sei nº 08129.014102/2023-72) firmado entre esta Secretaria e o Instituto de Arte e Cidadania do Ceará, Organização da Sociedade Civil.</p><p>Art. 2º São obrigações do gestor do Termo de Fomento:</p><p>I-acompanhar e fiscalizar a execução da parceria;</p><p>II-informar ao seu superior hierárquico a existência de fatos que comprometam ou possam comprometer as atividades ou metas da parceria e de indícios de irregularidades na gestão dos recursos, bem como as providências adotadas ou que serão adotadas para sanar os problemas detectados;</p><p>III-confeccionar, observando o disposto no §1º da Lei nº 13.019, de 31 de julho de 2014, o relatório técnico de monitoramento e avaliação da parceria e submetê-lo a Comissão de Monitoramento e Avaliação para análise e homologação;</p><p>IV-emitir parecer técnico conclusivo de análise da prestação de contas final, levando em consideração o conteúdo do relatório técnico de monitoramento e avaliação de que trata o inciso anterior, observando o disposto no artigo 67 da Lei nº 13.019, de 31 de julho de 2014; e</p><p>V-disponibilizar materiais e equipamentos tecnológicos necessários às atividades de monitoramento e avaliação.</p><p>Art. 3º Revoga-se a Portaria SENAD/MJSP nº 202, de 6 de dezembro de 2024.</p><p>Art. 4º Esta Portaria entra em vigor na data de sua publicação.</p><p class="assina">MARTA RODRIGUEZ DE ASSIS MACHADO</p>]]></Texto>
  </body>
  <Midias />
</article></xml>