﻿<xml><article id="45709408" name="ATO TRT7.GP NA 182.2025" idOficio="11312727" pubName="DO2" artType="Ato" pubDate="01/10/2025" artClass="00070:00048:00001:00009:00004:00000:00000:00000:00000:00000:00001:00003" artCategory="Poder Judiciário/Tribunal Regional do Trabalho da 7ª Região/Presidência/Diretoria-Geral/Secretaria de Pessoal" artSize="12" artNotes="" numberPage="132" pdfPage="http://pesquisa.in.gov.br/imprensa/jsp/visualiza/index.jsp?data=01/10/2025&amp;jornal=529&amp;pagina=132" editionNumber="187" highlightType="" highlightPriority="" highlight="" highlightimage="" highlightimagename="" idMateria="23155084">
  <body>
    <Identifica><![CDATA[ ATO TRT7.GP Nº 181, DE 25 DE SETEMBRO DE 2025]]></Identifica>
    <Data><![CDATA[]]></Data>
    <Ementa />
    <Titulo />
    <SubTitulo />
    <Texto><![CDATA[<p class="identifica">ATO TRT7.GP Nº 181, DE 25 DE SETEMBRO DE 2025</p><p>A PRESIDENTE DO TRIBUNAL REGIONAL DO TRABALHO DA 7ª REGIÃO, no uso de suas atribuições legais e regimentais, com fulcro no artigo 37 da Lei nº 8.112/1990, na forma regulamentada pela Resolução nº 146/2012 do Conselho Nacional de Justiça - CNJ e tendo em vista o PROAD Nº 3823/2025, resolve:</p><p>I - CESSAR, a contar de 1º/10/2025, os efeitos da Portaria TRT7.GP Nº 709/2024, publicada no DOU de 11/12/2024, referente à remoção do servidor LUCAS IGOR CAVALCANTE RODRIGUES, Técnico Judiciário - Área Administrativa do Quadro Permanente de Pessoal deste Tribunal, mediante permuta com o servidor do Tribunal Superior do Trabalho, FRANCISCO HAMILTON E SILVA ANSELMO.</p><p>II - redistribuir, a contar de 1º/10/2025, o cargo efetivo de Técnico Judiciário - Área Administrativa, pertencente ao Quadro Permanente de Pessoal deste Regional, ocupado pelo servidor LUCAS IGOR CAVALCANTE RODRIGUES, enquadrado na Classe A, Padrão 4, para o Quadro de Pessoal do Tribunal Superior do Trabalho, com o cargo de Técnico Judiciário - Área Administrativa, ocupado pelo servidor FRANCISCO HAMILTON E SILVA ANSELMO, enquadrado na Classe C, Padrão 13, para este Regional.</p><p class="assina">FERNANDA MARIA UCHOA DE ALBUQUERQUE</p>]]></Texto>
  </body>
  <Midias />
</article></xml>