﻿<xml><article id="45709306" name="1-10 Afastamento do Pais - Arthu" idOficio="11311844" pubName="DO2" artType="Despacho" pubDate="01/10/2025" artClass="00035:00048:00000:00000:00000:00000:00000:00000:00000:00000:00013:00000" artCategory="Ministério de Minas e Energia/Companhia de Pesquisa de Recursos Minerais" artSize="12" artNotes="" numberPage="92" pdfPage="http://pesquisa.in.gov.br/imprensa/jsp/visualiza/index.jsp?data=01/10/2025&amp;jornal=529&amp;pagina=92" editionNumber="187" highlightType="" highlightPriority="" highlight="" highlightimage="" highlightimagename="" idMateria="23154068">
  <body>
    <Identifica><![CDATA[ DESPACHO]]></Identifica>
    <Data><![CDATA[]]></Data>
    <Ementa />
    <Titulo />
    <SubTitulo />
    <Texto><![CDATA[<p class="identifica">DESPACHO</p><p>Processo SEI nº 48032.002138/2025-69, O Diretor-Presidente da Companhia de Pesquisa de Recursos Minerais - CPRM, no uso de suas atribuições legais, resolve autorizar o afastamento do país do Senhor Artur José Soares Matos, coordenador executivo da Divisão de Hidrologia Aplicada - DIHAPI, do Serviço Geológico do Brasil - CPRM, viajar a Estrasburgo, França, com ônus, no período de 04 a 09 de outubro de 2025. A referida viagem tem como objetivo participar de treinamento de operação da Carta Internacional Espaço e Grandes Desastres (International Charter Space and Major Disasters).</p><p class="assina">INÁCIO CAVALCANTE MELO NETO</p>]]></Texto>
  </body>
  <Midias />
</article></xml>