﻿<xml><article id="45709390" name="DOU ATO 198" idOficio="11312301" pubName="DO2" artType="Ato" pubDate="01/10/2025" artClass="00070:00049:00001:00000:00000:00000:00000:00000:00000:00000:00001:00000" artCategory="Poder Judiciário/Tribunal Regional do Trabalho da 8ª Região/Gabinete da Presidência" artSize="12" artNotes="" numberPage="133" pdfPage="http://pesquisa.in.gov.br/imprensa/jsp/visualiza/index.jsp?data=01/10/2025&amp;jornal=529&amp;pagina=133" editionNumber="187" highlightType="" highlightPriority="" highlight="" highlightimage="" highlightimagename="" idMateria="23154629">
  <body>
    <Identifica><![CDATA[ ATO PRESI Nº 198, DE 9 DE SETEMBRO DE 2025]]></Identifica>
    <Data><![CDATA[]]></Data>
    <Ementa />
    <Titulo />
    <SubTitulo />
    <Texto><![CDATA[<p class="identifica">ATO PRESI Nº 198, DE 9 DE SETEMBRO DE 2025</p><p>A DESEMBARGADORA PRESIDENTE DO EGRÉGIO TRIBUNAL REGIONAL DO TRABALHO DA OITAVA REGIÃO, no uso de suas atribuições previstas no art. 37, XLVII, do Regimento Interno,</p><p>CONSIDERANDO o deferimento da remoção do servidor WESLLEY NASCIMENTO TIMBO ao Tribunal Superior do Trabalho, conforme Portaria PRESI nº 960/2025;</p><p>CONSIDERANDO o que consta nos autos do Processo Administrativo Eletrônico n.º 5029/2025 e, ainda, o interesse do serviço, resolve:</p><p>Art. 1º DISPENSAR o servidor WESLLEY NASCIMENTO TIMBO, Analista Judiciário, Área Judiciária, código SIGEP nº 3600, da função comissionada de Assistente de Gabinete de Primeiro Grau, FC-4, código nº 291, do quadro de lotação da 14ª Vara do Trabalho de Belém.</p><p>Art. 2º Este Ato terá efeitos a partir de 1º de outubro de 2025 e vigência a partir da data de sua publicação no Diário Oficial da União.</p><p class="assina">SULAMIR PALMEIRA MONASSA DE ALMEIDA</p>]]></Texto>
  </body>
  <Midias />
</article></xml>