﻿<xml><article id="45713394" name="ATO RETIFICACAO XII" idOficio="11315449" pubName="DO2" artType="Retificação" pubDate="01/10/2025" artClass="00048:00002:00000:00000:00000:00000:00000:00000:00000:00000:00021:00000" artCategory="Ministério do Trabalho e Emprego/Secretaria Executiva" artSize="12" artNotes="ok" numberPage="110" pdfPage="http://pesquisa.in.gov.br/imprensa/jsp/visualiza/index.jsp?data=01/10/2025&amp;jornal=529&amp;pagina=110" editionNumber="187" highlightType="" highlightPriority="" highlight="" highlightimage="" highlightimagename="" idMateria="23160100">
  <body>
    <Identifica><![CDATA[ RETIFICAÇÃO]]></Identifica>
    <Data><![CDATA[]]></Data>
    <Ementa />
    <Titulo />
    <SubTitulo />
    <Texto><![CDATA[<p class="identifica">RETIFICAÇÃO</p><p>Na Portaria SE/MTE nº 1.190, publicada no DOU nº 164, de 29/08/2025, seção 2, página 106, e Portaria SE/MTE nº 1.326, publicada no DOU nº 183, de 25/09/2025, seção 2, página 56, onde se lê: "Dispensar, a contar de 4 de julho de 2025", leia-se: "Dispensar, a contar de 03 de julho de 2025".</p>]]></Texto>
  </body>
  <Midias />
</article></xml>