﻿<xml><article id="45712607" name="PORTARIA N 1.352_23159893" idOficio="11315267" pubName="DO2" artType="Portaria" pubDate="01/10/2025" artClass="00048:00002:00000:00000:00000:00000:00000:00000:00000:00000:00017:00000" artCategory="Ministério do Trabalho e Emprego/Secretaria Executiva" artSize="12" artNotes="" numberPage="110" pdfPage="http://pesquisa.in.gov.br/imprensa/jsp/visualiza/index.jsp?data=01/10/2025&amp;jornal=529&amp;pagina=110" editionNumber="187" highlightType="" highlightPriority="" highlight="" highlightimage="" highlightimagename="" idMateria="23159893">
  <body>
    <Identifica><![CDATA[ PORTARIA SE/MTE N° 1.352, DE 26 DE SETEMBRO DE 2025]]></Identifica>
    <Data><![CDATA[]]></Data>
    <Ementa />
    <Titulo />
    <SubTitulo />
    <Texto><![CDATA[<p class="identifica">PORTARIA SE/MTE N° 1.352, DE 26 DE SETEMBRO DE 2025</p><p>O SECRETÁRIO-EXECUTIVO DO MINISTÉRIO DO TRABALHO E EMPREGO, no uso de suas atribuições e tendo em vista os art. 12 da Portaria MTE nº 635, de 16 de março de 2023, e as demais informações que constam do Processo nº 19958.203872/2025-11, resolve:</p><p>Designar NALVA BARBOSA MENDES, matrícula nº 1818382, para exercer o encargo de substituta eventual do Chefe da Divisão de Pagamento, código FCE 1.07, da Coordenação de Gestão de Pagamento da Coordenação-Geral de Administração de Pessoas e Folha de Pagamento da Diretoria de Gestão de Pessoas da Secretaria-Executiva, nos afastamentos e impedimentos legais do titular, ou na vacância da função.</p><p class="assina">FRANCISCO MACENA DA SILVA</p>]]></Texto>
  </body>
  <Midias />
</article></xml>