﻿<xml><article id="45709465" name="Port. EXO - 9713" idOficio="11314926" pubName="DO2" artType="Portaria" pubDate="01/10/2025" artClass="00025:00111:00001:00000:00000:00000:00000:00000:00000:00000:00017:00008" artCategory="Ministério da Educação/Universidade Federal de Minas Gerais/Reitoria" artSize="12" artNotes="" numberPage="45" pdfPage="http://pesquisa.in.gov.br/imprensa/jsp/visualiza/index.jsp?data=01/10/2025&amp;jornal=529&amp;pagina=45" editionNumber="187" highlightType="" highlightPriority="" highlight="" highlightimage="" highlightimagename="" idMateria="23159300">
  <body>
    <Identifica><![CDATA[ PORTARIA Nº 9.713, DE 24 DE SETEMBRO DE 2025]]></Identifica>
    <Data><![CDATA[]]></Data>
    <Ementa />
    <Titulo />
    <SubTitulo />
    <Texto><![CDATA[<p class="identifica">PORTARIA Nº 9.713, DE 24 DE SETEMBRO DE 2025</p><p>A Reitora da Universidade Federal de Minas Gerais, no uso de suas atribuições legais e estatutárias, e considerando o teor do Processo nº 23072.254815/2025-25, resolve:</p><p>Exonerar a pedido, a partir de 17/09/2025, de acordo com o artigo 34 da Lei n.º 8.112, de 11 de dezembro de 1990, o servidor Jairo Silva Miranda, matrícula SIAPE nº 3321774, ocupante do cargo de Técnico de Tecnologia da Informação, lotado na Pró-Reitoria de Cultura, do quadro permanente desta Universidade.</p><p class="assina">SANDRA REGINA GOULART ALMEIDA</p>]]></Texto>
  </body>
  <Midias />
</article></xml>