﻿<xml><article id="45709183" name="Portaria 423 de 25.9.2025" idOficio="11311434" pubName="DO2" artType="Portaria" pubDate="01/10/2025" artClass="00070:00003:00005:00001:00000:00000:00000:00000:00000:00000:00017:00000" artCategory="Poder Judiciário/Tribunal Superior Eleitoral/Secretaria do Tribunal/Diretoria-Geral" artSize="12" artNotes="" numberPage="122" pdfPage="http://pesquisa.in.gov.br/imprensa/jsp/visualiza/index.jsp?data=01/10/2025&amp;jornal=529&amp;pagina=122" editionNumber="187" highlightType="" highlightPriority="" highlight="" highlightimage="" highlightimagename="" idMateria="23153431">
  <body>
    <Identifica><![CDATA[ PORTARIA Nº 423, DE 25 DE SETEMBRO DE 2025]]></Identifica>
    <Data><![CDATA[]]></Data>
    <Ementa />
    <Titulo />
    <SubTitulo />
    <Texto><![CDATA[<p class="identifica">PORTARIA Nº 423, DE 25 DE SETEMBRO DE 2025</p><p>O DIRETOR-GERAL DA SECRETARIA DO TRIBUNAL SUPERIOR ELEITORAL, com base no inciso XV do art. 116 do Regulamento Interno e no inciso II do art. 9º da Portaria TSE nº 173, de 23 de abril de 2025, resolve:</p><p>Art. 1º Dispensar Rafael Cardoso de Oliveira Klich, Técnico Judiciário, Área Administrativa, da Função Comissionada de Assistente VI, Nível FC-6, da Assessoria Especial de Enfrentamento à Desinformação, da Secretaria-Geral da Presidência.</p><p>Art. 2º Designar Rafael Cardoso de Oliveira Klich, Técnico Judiciário, Área Administrativa, para exercer a Função Comissionada de Assistente II, Nível FC-2, Secretaria de Auditoria, do Tribunal Superior Eleitoral.</p><p>Art. 3º Esta portaria entra em vigor na data de sua publicação.</p><p class="assina">Miguel Ricardo de Oliveira Piazzi</p>]]></Texto>
  </body>
  <Midias />
</article></xml>