﻿<xml><article id="45708415" name="171___Portarias_de_26_9_2025_GR" idOficio="11314994" pubName="DO2" artType="Portaria" pubDate="01/10/2025" artClass="00025:00149:00000:00000:00000:00000:00000:00000:00000:00000:00017:00000" artCategory="Ministério da Educação/Fundação Universidade Federal de Mato Grosso" artSize="12" artNotes="" numberPage="58" pdfPage="http://pesquisa.in.gov.br/imprensa/jsp/visualiza/index.jsp?data=01/10/2025&amp;jornal=529&amp;pagina=58" editionNumber="187" highlightType="" highlightPriority="" highlight="" highlightimage="" highlightimagename="" idMateria="23159448">
  <body>
    <Identifica><![CDATA[ PORTARIAS DE 26 DE SETEMBRO DE 2025]]></Identifica>
    <Data><![CDATA[]]></Data>
    <Ementa />
    <Titulo />
    <SubTitulo />
    <Texto><![CDATA[<p class="identifica">PORTARIAS DE 26 DE SETEMBRO DE 2025</p><p>O Reitor em Exercício da Universidade Federal de Mato Grosso, no uso de suas atribuições legais, resolve:</p><p>Nº 756 - Tornar sem efeito, a nomeação do candidato abaixo relacionado, para provimento de cargo efetivo da carreira de Técnico Administrativo em Educação desta Universidade, publicada no Diário Oficial da União de 29 de agosto de 2025, seção 2, p. 76, Portaria-REITORIA Nº 606 de 27 de agosto de 2025, conforme se segue:</p><p>1) Por motivo de desistência tempestiva do aceite à vaga ofertada em Campus Universitário diverso de sua opção original:</p><p>Campus Universitário de Sinop</p><p>Nível D.</p><p /><p></p><table><tr /><tr><td rowspan="1" colspan="1"><p>Nome</p></td><td rowspan="1" colspan="1"><p>Cargo</p></td><td rowspan="1" colspan="1"><p>Tipo de Vaga</p><p>(AC, VRN e PcD)</p></td><td rowspan="1" colspan="1"><p>Regime de Trabalho</p><p>(horas semanais)</p></td><td rowspan="1" colspan="1"><p>Código de Vaga</p></td></tr><tr><td rowspan="1" colspan="1"><p>GUSTAVO MURILO DO VALLE CAMPOS</p></td><td rowspan="1" colspan="1"><p>TÉCNICO DE TECNOLOGIA DA INFORMAÇÃO</p></td><td rowspan="1" colspan="1"><p>VRN</p></td><td rowspan="1" colspan="1"><p>40</p></td><td rowspan="1" colspan="1"><p>870661</p></td></tr></table><p>Parágrafo único: Permanece inalterada a classificação do candidato no seu Campus de origem: Cuiabá. Esta Portaria conta seus efeitos a partir da data de sua publicação no Diário Oficial da União.</p><p>Nº 757 - Tornar sem efeito, a nomeação do candidato abaixo relacionado, para provimento de cargo efetivo da carreira de Técnico Administrativo em Educação desta Universidade, publicada no Diário Oficial da União de 29 de agosto de 2025, seção 2, p. 76, Portaria-REITORIA Nº 606 de 27 de agosto de 2025, conforme se segue:</p><p>1) Por motivo de requerimento de desistência formal para posse no cargo:</p><p>Campus Universitário de Sinop</p><p>Nível D</p><p /><p></p><table><tr /><tr><td rowspan="1" colspan="1"><p>Nome</p></td><td rowspan="1" colspan="1"><p>Cargo</p></td><td rowspan="1" colspan="1"><p>Tipo de Vaga</p><p>(AC, VRN e PcD)</p></td><td rowspan="1" colspan="1"><p>Regime de Trabalho</p><p>(horas semanais)</p></td><td rowspan="1" colspan="1"><p>Código de Vaga</p></td></tr><tr><td rowspan="1" colspan="1"><p>WESLEI JULIO DA SILVA POLLES</p></td><td rowspan="1" colspan="1"><p>ASSISTENTE EM ADMINISTRAÇÃO</p></td><td rowspan="1" colspan="1"><p>AC</p></td><td rowspan="1" colspan="1"><p>40</p></td><td rowspan="1" colspan="1"><p>324751</p></td></tr></table><p>Parágrafo único: Permanece inalterada a classificação do candidato no seu Campus de origem: Cuiabá. Esta Portaria conta seus efeitos a partir da data de sua publicação no Diário Oficial da União. (Processo nº 23108.079780/2024-01).</p><p>Nº 760 - Declarar vago, por posse em outro cargo inacumulável, o cargo de Tecnólogo/Formação, Nível de Classificação E, Padrão 015, do Quadro de Pessoal Efetivo desta Universidade, ocupado pelo servidor GUILHERME WILSON DOS SANTOS LOPES, matrícula SIAPE nº 2077492, lotado na Coordenação de Sistemas e Informações da Secretaria de Tecnologia da Informação, campus de Cuiabá. Esta Portaria conta seus efeitos a partir de 1º de outubro de 2025. (Processo nº 23108.081821/2025-01).</p><p class="assina">SILVANO MACEDO GALVÃO</p>]]></Texto>
  </body>
  <Midias />
</article></xml>