﻿<xml><article id="45708436" name="Portaria 7474-2025 - ANDREA DE A" idOficio="11293860" pubName="DO2" artType="Portaria" pubDate="01/10/2025" artClass="00025:00084:00027:00000:00000:00000:00000:00000:00000:00000:00017:00000" artCategory="Ministério da Educação/Instituto Federal de Educação, Ciência e Tecnologia de São Paulo/Campus São Paulo" artSize="12" artNotes="" numberPage="39" pdfPage="http://pesquisa.in.gov.br/imprensa/jsp/visualiza/index.jsp?data=01/10/2025&amp;jornal=529&amp;pagina=39" editionNumber="187" highlightType="" highlightPriority="" highlight="" highlightimage="" highlightimagename="" idMateria="23124419">
  <body>
    <Identifica><![CDATA[ PORTARIA Nº 7.474/IFSP, DE 18 DE SETEMBRO DE 2025]]></Identifica>
    <Data><![CDATA[]]></Data>
    <Ementa />
    <Titulo />
    <SubTitulo />
    <Texto><![CDATA[<p class="identifica">PORTARIA Nº 7.474/IFSP, DE 18 DE SETEMBRO DE 2025</p><p>O REITOR DO INSTITUTO FEDERAL DE EDUCAÇÃO, CIÊNCIA E TECNOLOGIA DE SÃO PAULO, no uso de suas atribuições legais, conferidas pelo Decreto de 31 de março de 2025, publicado no Diário Oficial da União de 1 de abril de 2025, seção 2, página 1 e o que consta no Processo nº 23306.006022.2025-19, resolve:</p><p>Conceder Aposentadoria Voluntária com proventos integrais e paridade, à servidora ANDREA DE ANDRADE ocupante do cargo de Administrador, SIAPE n º 027****, Código de Vaga n º 0810856, Nível de Classificação/Capacitação/Padrão de Vencimento E018, lotado(a) no(a) Diretoria Geral do Campus São Paulo, em regime de 40H semanais de trabalho, nos termos do art. 20, I a IV, § 2º, I, da Emenda Constitucional nº 103, de 12 de novembro de 2019, assegurando Anuênio de 8% (art. 244, Lei 8.112/1990) e Incentivo à Qualificação - IQ (Lei nº 11.091/2005).</p><p>DECLARAR a existência de 01 (uma) vaga de Administrador.</p><p class="assina">Silmário Batista dos Santos</p>]]></Texto>
  </body>
  <Midias />
</article></xml>