﻿<xml><article id="45713124" name="2611 - CCBA" idOficio="11315410" pubName="DO2" artType="Portaria" pubDate="01/10/2025" artClass="00025:00148:00001:00014:00000:00000:00000:00000:00000:00000:00017:00009" artCategory="Ministério da Educação/Fundação Universidade Federal do Maranhão/Gabinete da Reitoria/Pró-Reitoria de Recursos Humanos" artSize="12" artNotes="" numberPage="57" pdfPage="http://pesquisa.in.gov.br/imprensa/jsp/visualiza/index.jsp?data=01/10/2025&amp;jornal=529&amp;pagina=57" editionNumber="187" highlightType="" highlightPriority="" highlight="" highlightimage="" highlightimagename="" idMateria="23160075">
  <body>
    <Identifica><![CDATA[ PORTARIA Nº 2.611 de 30 de setembro de 2025]]></Identifica>
    <Data><![CDATA[]]></Data>
    <Ementa />
    <Titulo />
    <SubTitulo />
    <Texto><![CDATA[<p class="identifica">PORTARIA Nº 2.611 de 30 de setembro de 2025</p><p>O REITOR DA UNIVERSIDADE FEDERAL DO MARANHÃO, no uso de suas atribuições e competências conferidas pelo Estatuto e Regimento Geral desta instituição, CONSIDERANDO a homologação do processo eleitoral para escolha de Coordenadores(as) de Cursos de Graduação da UFMA, regido pelo Edital n° 10/2025, de 29 de setembro de 2025, CONSIDERANDO o Centro de Ciências de Bacabal/CCBA, CONSIDERANDO os autos do processo 23115.028340/2025-70, resolve:</p><p>Art. 1º Designar, para o mandato de 2 (dois) anos, com início em 01 de outubro de 2025, os(as) seguintes docentes para exercerem a função de Coordenador(a) de Curso de Graduação no Centro de Ciências de Bacabal:</p><p /><p></p><table><tr /><tr><td rowspan="1" colspan="1"><p>SIAPE</p></td><td rowspan="1" colspan="1"><p>COORDENADOR(A)</p></td><td rowspan="1" colspan="1"><p>SUBUNIDADE/CENTRO</p></td><td rowspan="1" colspan="1"><p>NÍVEL</p></td></tr><tr><td rowspan="1" colspan="1"><p>3186903</p></td><td rowspan="1" colspan="1"><p>ANDRE LUIZ BORBA DO NASCIMENTO</p></td><td rowspan="1" colspan="1"><p>COORDENAÇÃO DO CURSO DE CIÊNCIAS NATURAIS-BIOLOGIA/CCBA</p></td><td rowspan="1" colspan="1"><p>FG-01</p></td></tr><tr><td rowspan="1" colspan="1"><p>2898525</p></td><td rowspan="1" colspan="1"><p>FRANCISCO VALE LIMA</p></td><td rowspan="1" colspan="1"><p>COORDENAÇÃO DO CURSO DE LICENCIATURAS EM CIENCIAS HUMANAS BACABAL/CCBA</p></td><td rowspan="1" colspan="1"><p>FUC-01</p></td></tr><tr><td rowspan="1" colspan="1"><p>2093288</p></td><td rowspan="1" colspan="1"><p>GUILLERMO LAZAR MENTECH</p></td><td rowspan="1" colspan="1"><p>COORDENACAO DO CURSO DE LICENCIATURAS EM CIENCIAS NATURAIS BACABAL/CCBA</p></td><td rowspan="1" colspan="1"><p>FUC-01</p></td></tr><tr><td rowspan="1" colspan="1"><p>1207127</p></td><td rowspan="1" colspan="1"><p>MARIANA APARECIDA DE OLIVEIRA RIBEIRO</p></td><td rowspan="1" colspan="1"><p>COORDENAÇÃO DO CURSO DE LETRAS BACABAL/CCBA</p></td><td rowspan="1" colspan="1"><p>FUC-01</p></td></tr></table><p>Art. 2º Esta portaria entra em vigor na data de sua publicação.</p><p class="assina">FERNANDO CARVALHO SILVA</p>]]></Texto>
  </body>
  <Midias />
</article></xml>