﻿<xml><article id="45709414" name="ATO GP 515_2025_Processo 6013032" idOficio="11255321" pubName="DO2" artType="Ato" pubDate="01/10/2025" artClass="00070:00005:00001:00000:00000:00000:00000:00000:00000:00000:00001:00001" artCategory="Poder Judiciário/Tribunal Superior do Trabalho/Presidência" artSize="12" artNotes="" numberPage="124" pdfPage="http://pesquisa.in.gov.br/imprensa/jsp/visualiza/index.jsp?data=01/10/2025&amp;jornal=529&amp;pagina=124" editionNumber="187" highlightType="" highlightPriority="" highlight="" highlightimage="" highlightimagename="" idMateria="23057059">
  <body>
    <Identifica><![CDATA[ ATO Nº 515, DE 27 DE AGOSTO DE 2025]]></Identifica>
    <Data><![CDATA[]]></Data>
    <Ementa />
    <Titulo />
    <SubTitulo />
    <Texto><![CDATA[<p class="identifica">ATO Nº 515, DE 27 DE AGOSTO DE 2025</p><p>O PRESIDENTE DO TRIBUNAL SUPERIOR DO TRABALHO, no uso de suas atribuições legais e regimentais, com fundamento na Resolução nº 146 do Conselho Nacional de Justiça, de 6/3/2012, e tendo em vista o constante dos autos do Processo Administrativo TST nº 6013032/2025-00, resolve:</p><p>1 - Redistribuir, a contar de 1º/10/2025, o cargo da Carreira Judiciária de Técnico Judiciário, Área Administrativa, ocupado pelo servidor RAFAEL TROUVA PIMENTEL, do Quadro de Pessoal da Secretaria deste Tribunal, para o Quadro de Pessoal do Tribunal Regional do Trabalho da 15ª Região, em reciprocidade com cargo idêntico ocupado pela servidora LAINE ANDRADE REIS SALVADOR, do Quadro de Pessoal daquele Tribunal Regional.</p><p>2 - Conceder 10 (dez) dias de trânsito à servidora LAINE ANDRADE REIS SALVADOR.</p><p class="assina">Min. ALOYSIO SILVA CORRÊA DA VEIGA</p>]]></Texto>
  </body>
  <Midias />
</article></xml>