﻿<xml><article id="45711962" name="PORTARIA 252 EDSON" idOficio="11315180" pubName="DO2" artType="Portaria" pubDate="01/10/2025" artClass="00025:00123:00000:00000:00000:00000:00000:00000:00000:00000:00017:00000" artCategory="Ministério da Educação/Universidade Federal de Rondonópolis" artSize="12" artNotes="" numberPage="51" pdfPage="http://pesquisa.in.gov.br/imprensa/jsp/visualiza/index.jsp?data=01/10/2025&amp;jornal=529&amp;pagina=51" editionNumber="187" highlightType="" highlightPriority="" highlight="" highlightimage="" highlightimagename="" idMateria="23159658">
  <body>
    <Identifica><![CDATA[ PORTARIA REITORIA/UFR Nº 252,  DE 29 DE setembro DE 2025]]></Identifica>
    <Data><![CDATA[]]></Data>
    <Ementa />
    <Titulo />
    <SubTitulo />
    <Texto><![CDATA[<p class="identifica">PORTARIA REITORIA/UFR Nº 252, DE 29 DE setembro DE 2025</p><p>A Reitora da Universidade Federal de Rondonópolis, no uso de suas atribuições que lhe confere o art. 8º da Lei nº 13.637, de 20 de março de 2018 e o Decreto Presidencial da República, de 26 de dezembro de 2023, tendo em vista a Instrução Normativa Reitoria/UFR nº 9, de 05 de julho de 2024, e o processo SEI nº 23853.014198/2025-30, resolve:</p><p>Art. 1º Ficam nomeados os servidores relacionados para substituir o Diretor de Administração de Materiais da Pró-Reitoria de Infraestrutura, Edson Godoy, SIAPE 112****, em suas ausências ou impedimentos legais:</p><p>I - Vicente Silva Neto, SIAPE 132****, como primeiro substituto; e</p><p>II - Samuel Sousa de Almeida, SIAPE 340****, como segundo substituto.</p><p>Parágrafo único. O segundo substituto responderá pela Diretoria de Administração de Materiais na ausência do titular e do primeiro substituto.</p><p>Art. 2º Esta portaria entra em vigor em vinte e nove de setembro de dois mil e vinte e cinco.</p><p class="assina">ANALY CASTILHO POLIZEL DE SOUZA</p>]]></Texto>
  </body>
  <Midias />
</article></xml>