﻿<xml><article id="45709216" name="01-10-2025-Lucia Tomoko Fukuyama" idOficio="11314659" pubName="DO2" artType="Portaria" pubDate="01/10/2025" artClass="00047:00037:00012:00015:00000:00000:00000:00000:00000:00000:00017:00000" artCategory="Ministério da Saúde/Secretaria de Atenção Especializada à Saúde/Departamento de Gestão Hospitalar no Estado do Rio de Janeiro/Hospital Federal da Lagoa" artSize="12" artNotes="" numberPage="107" pdfPage="http://pesquisa.in.gov.br/imprensa/jsp/visualiza/index.jsp?data=01/10/2025&amp;jornal=529&amp;pagina=107" editionNumber="187" highlightType="" highlightPriority="" highlight="" highlightimage="" highlightimagename="" idMateria="23159086">
  <body>
    <Identifica><![CDATA[ Portaria 116/MS/HFL, DE 16 de Setembro de 2025]]></Identifica>
    <Data><![CDATA[]]></Data>
    <Ementa />
    <Titulo />
    <SubTitulo />
    <Texto><![CDATA[<p class="identifica">Portaria 116/MS/HFL, DE 16 de Setembro de 2025</p><p>O DIRETOR DO HOSPITAL FEDERAL DA LAGOA, nomeado pela Portaria nº 490, de 07/03/2023, publicada no D.O.U. nº 62, Seção 2, de 30/03/2023, no uso de suas atribuições e da competência que lhe foi delegada pela Portaria do GM/MS nº 187 de 30/01/2008, publicada no D.O.U. nº 22, Seção 02, de 31/01/2008, resolve:</p><p>Conceder Aposentadoria Voluntária Comum, a contar da data da publicação à Servidora Lucia Tomoko Fukuyama, Matrícula SIAPE 1.187.636, ocupante do cargo de Médico, Nível Superior, Classe S, Padrão III, do Quadro de Pessoal deste Ministério, lotada no Hospital Federal da Lagoa; com fundamento no Artigo 40, III, "a" da CF/1988 com redação dada pela EC 41/2003, c/c artigo 3º da EC 103/2019, com proventos tendo por Base de Cálculo a Última Remuneração, com fundamento no Artigo 7º da EC 41/2003.</p><p>(Processo nº 25000.111200/2025-84)</p><p class="assina">CLAUDIO FERREIRA COTTA</p>]]></Texto>
  </body>
  <Midias />
</article></xml>