﻿<xml><article id="45711680" name="2025 - PT 0641-25-33433.103601_2" idOficio="11315091" pubName="DO2" artType="Portaria" pubDate="01/10/2025" artClass="00047:00037:00012:00019:00000:00000:00000:00000:00000:00000:00017:00641" artCategory="Ministério da Saúde/Secretaria de Atenção Especializada à Saúde/Departamento de Gestão Hospitalar no Estado do Rio de Janeiro/Hospital Federal dos Servidores do Estado" artSize="12" artNotes="" numberPage="107" pdfPage="http://pesquisa.in.gov.br/imprensa/jsp/visualiza/index.jsp?data=01/10/2025&amp;jornal=529&amp;pagina=107" editionNumber="187" highlightType="" highlightPriority="" highlight="" highlightimage="" highlightimagename="" idMateria="23159517">
  <body>
    <Identifica><![CDATA[ Portaria HFSE Nº 641, DE 29 DE setembro DE 2025]]></Identifica>
    <Data><![CDATA[]]></Data>
    <Ementa />
    <Titulo />
    <SubTitulo />
    <Texto><![CDATA[<p class="identifica">Portaria HFSE Nº 641, DE 29 DE setembro DE 2025</p><p>O Diretor do Hospital Federal dos Servidores do Estado, nomeado na forma da Portaria GM/MS nº 1670, de 25/10/2023, publicada no DOU/Nº 204, de 26/10/2023, no uso das atribuições subdelegadas pela Portaria CGRH/SAA/SE/MS/Nº 1041/2009, publicada no DOU/N.º 209 de 03 de novembro de 2009, resolve:</p><p>Conceder Aposentadoria Voluntária, ao servidor SAMUEL DEKERMACHER, Médico, SIAPE 0.624.934 Classe "S", Padrão "III", Nível Superior, lotado no Hospital Federal dos Servidores do Estado, de acordo com o art. 3º, incisos I, II e III da Emenda Constitucional nº 47/05, observado o disposto no parágrafo único da citada Emenda, combinado com o § 1º do art. 3º da EC 103/2019, com proventos mensais correspondentes ao valor do seu cargo efetivo e demais vantagens a que fizer jus.(Processo SEI nº 33433.103601/2025-07).</p><p class="assina">PAULO ROBERTO PEREIRA DE SANT'ANA</p>]]></Texto>
  </body>
  <Midias />
</article></xml>