﻿<xml><article id="45713163" name="PORTARIAS DE 30 DE SETEMBRO DE 2" idOficio="11315381" pubName="DO2" artType="Portaria" pubDate="01/10/2025" artClass="00025:00070:00000:00000:00000:00000:00000:00000:00000:00000:00017:00000" artCategory="Ministério da Educação/Instituto Federal de Educação, Ciência e Tecnologia de Mato Grosso do Sul" artSize="12" artNotes="" numberPage="33" pdfPage="http://pesquisa.in.gov.br/imprensa/jsp/visualiza/index.jsp?data=01/10/2025&amp;jornal=529&amp;pagina=33" editionNumber="187" highlightType="" highlightPriority="" highlight="" highlightimage="" highlightimagename="" idMateria="23160060">
  <body>
    <Identifica><![CDATA[ PORTARIAS DE 30 DE SETEMBRO DE 2025]]></Identifica>
    <Data><![CDATA[]]></Data>
    <Ementa />
    <Titulo />
    <SubTitulo />
    <Texto><![CDATA[<p class="identifica">PORTARIAS DE 30 DE SETEMBRO DE 2025</p><p>A REITORA DO INSTITUTO FEDERAL DE EDUCAÇÃO, CIÊNCIA E TECNOLOGIA DE MATO GROSSO DO SUL (IFMS), no uso de suas atribuições legais, considerando o Decreto de 5 de dezembro de 2023, publicado no Diário Oficial da União de 6 de dezembro de 2023, seção 2, pág. 01; resolve:</p><p>Nº 1.014 - Art. 1° Designar o servidor EDER DE SOUZA RODRIGUES, SIAPE nº 1042841, ocupante do cargo efetivo de Professor do Ensino Básico, Técnico e Tecnológico, para exercer a função de Coordenador do Coordenador do Curso Superior em Sistemas para Internet (COTSI) do Instituto Federal de Educação, Ciência e Tecnologia de Mato Grosso do Sul, Campus Campo Grande, código FCC.</p><p>Art. 2º Atribuir-lhe responsabilidade pelos encargos inerentes à função.</p><p>Art. 3º Esta Portaria entra em vigor na data de sua publicação.</p><p>Nº 1.015 - Art. 1º Desligar o servidor JONATHAS LEONTINO MEDINA, SIAPE nº 2829240, ocupante do cargo efetivo de Professor do Ensino Básico, Técnico e Tecnológico, da função de Coordenador do Curso Superior em Sistemas para Internet (COTSI) do Instituto Federal de Educação, Ciência e Tecnologia de Mato Grosso do Sul, Campus Campo Grande, código FCC.</p><p>Art. 2° Fica revogada a Portaria - Reitoria 981/2022 - PORTA/RT-GABIN/RT/IFMS, de 12 de agosto de 2022.</p><p>Art. 3º Esta portaria entra em vigor na data de sua publicação.</p><p class="assina">Elaine Borges Monteiro Cassiano</p>]]></Texto>
  </body>
  <Midias />
</article></xml>