﻿<xml><article id="45709027" name="PORTARIA N 1.498_23144845" idOficio="11305904" pubName="DO2" artType="Portaria" pubDate="01/10/2025" artClass="00066:00010:00001:00004:00000:00000:00000:00000:00000:00000:00017:00009" artCategory="Ministério Público da União/Ministério Público do Trabalho/Procuradoria-Geral/Diretoria-Geral" artSize="12" artNotes="" numberPage="116" pdfPage="http://pesquisa.in.gov.br/imprensa/jsp/visualiza/index.jsp?data=01/10/2025&amp;jornal=529&amp;pagina=116" editionNumber="187" highlightType="" highlightPriority="" highlight="" highlightimage="" highlightimagename="" idMateria="23144845">
  <body>
    <Identifica><![CDATA[ PORTARIA DG Nº 1.498, DE 23 DE SETEMBRO DE 2025]]></Identifica>
    <Data><![CDATA[]]></Data>
    <Ementa />
    <Titulo />
    <SubTitulo />
    <Texto><![CDATA[<p class="identifica">PORTARIA DG Nº 1.498, DE 23 DE SETEMBRO DE 2025</p><p>O DIRETOR-GERAL DO MINISTÉRIO PÚBLICO DO TRABALHO, no uso da competência que lhe foi atribuída pelo artigo 258 da Portaria PGT/MPT nº 1.162, de 7 de agosto de 2025, publicada no Boletim de Serviço Eletrônico nº 147, de 8 de agosto de 2025, e considerando o que consta no PGEA/MPT n° 20.02.0800.0000712/2025-19, resolve:</p><p>Art.1º Apostilar a Portaria MPT nº 1932, de 20/12/2022, publicada no Diário Oficial da União nº 241, de 23/12/2022 que nomeou o servidor CARLOS EDUARDO SANTOS PIMENTEL, matrícula 6009329-3, para o cargo em comissão de Chefe da Assessoria Jurídica do 16º Ofício Geral da Procuradoria Regional do Trabalho da 8ª Região/PA, código CC-2, atualmente exercendo o cargo em comissão de Chefe da Assessoria Jurídica do Gabinete do Procurador-Chefe, código CC-4, da Procuradoria Regional do Trabalho da 8ª Região/PA, para considerar a nomeação para exercer o cargo em comissão de Chefe da Assessoria Jurídica do 16º Ofício Geral da Procuradoria Regional do Trabalho da 8ª Região/PA, código CC-4.</p><p>Art.2º Apostilar a Portaria MPT nº 971, de 23/06/2023, publicada no Diário Oficial da União nº 119, de 26/06/2023, que nomeou a servidora ANA CATTARINA DIAS RIQUE, matrícula 6009510-5, para o cargo em comissão de Chefe da Assessoria Jurídica do 6º Ofício Geral da Procuradoria Regional do Trabalho da 8ª Região/PA, código CC-4, atualmente exercendo o cargo em comissão de Chefe da Assessoria Jurídica do 21º Ofício Geral da Procuradoria Regional do Trabalho da 8ª Região/PA, código CC-4, para considerar a nomeação para exercer o cargo em comissão de Chefe da Assessoria Jurídica do Gabinete do Procurador-Chefe, código CC-4, da Procuradoria Regional do Trabalho da 8ª Região/PA.</p><p>Art.3º Apostilar a Portaria MPT nº 358, de 20/03/2025, publicada no Diário Oficial da União nº 56, de 24/03/2025, que nomeou a servidora CAMILLA DO NASCIMENTO BAHIA, matrícula 6010092-3, para o cargo em comissão de Chefe da Assessoria Jurídica do 16º Ofício Geral da Procuradoria Regional do Trabalho da 8ª Região/PA, código CC-4, para considerar a nomeação para exercer o cargo em comissão de Chefe da Assessoria Jurídica do 21º Ofício Geral da Procuradoria Regional do Trabalho da 8ª Região/PA, código CC-4.</p><p class="assina">JOÃO BATISTA MACHADO JÚNIOR</p>]]></Texto>
  </body>
  <Midias />
</article></xml>