﻿<xml><article id="45714472" name="P1CUIABA53 retifica" idOficio="11315609" pubName="DO2" artType="Retificação" pubDate="01/10/2025" artClass="00028:00032:00435:00093:00008:00000:00000:00000:00000:00000:00021:00000" artCategory="Ministério da Fazenda/Secretaria Especial da Receita Federal do Brasil/Secretaria-Adjunta/Superintendência Regional da Receita Federal do Brasil 1ª Região Fiscal/Delegacia da Receita Federal do Brasil em Cuiabá" artSize="12" artNotes="" numberPage="64" pdfPage="http://pesquisa.in.gov.br/imprensa/jsp/visualiza/index.jsp?data=01/10/2025&amp;jornal=529&amp;pagina=64" editionNumber="187" highlightType="" highlightPriority="" highlight="" highlightimage="" highlightimagename="" idMateria="23160509">
  <body>
    <Identifica><![CDATA[ RETIFICAÇÃO]]></Identifica>
    <Data><![CDATA[]]></Data>
    <Ementa />
    <Titulo />
    <SubTitulo />
    <Texto><![CDATA[<p class="identifica">RETIFICAÇÃO</p><p>Na Portaria de Pessoal DRF/CBA Nº 53, DE 26 de SETEMBRO DE 2025, publicada no Diário Oficial da União- Nº 186, de 30 de setembro de 2025, seção 2, página 42, Onde se lê: "Dispensar, a pedido, o Assistente Técnico-Administrativo, WALCEMIR CARLOS DA SILVA, matricula SIAPECAD nº 01978092, do encargo de Substituto Eventual do Chefe do Serviço de Programação e Logística - SEPOL da Delegacia da Receita Federal do Brasil em Cuiabá-MT, Código FCE 1.05. ", Leia-se: "Dispensar, a pedido, a partir de 16 de setembro de 2025, o Assistente Técnico-Administrativo, WALCEMIR CARLOS DA SILVA, matricula SIAPECAD nº 01978092, do encargo de Substituto Eventual do Chefe do Serviço de Programação e Logística - SEPOL da Delegacia da Receita Federal do Brasil em Cuiabá-MT, Código FCE 1.05. "</p>]]></Texto>
  </body>
  <Midias />
</article></xml>