﻿<xml><article id="45715440" name="DOU2-TO-1-PT-63-UNI-PR-TO-000291" idOficio="11315807" pubName="DO2" artType="Portaria" pubDate="01/10/2025" artClass="00066:00008:00051:00000:00000:00000:00000:00000:00000:00000:00017:00000" artCategory="Ministério Público da União/Ministério Público Federal/Procuradoria da República no Estado do Tocantins" artSize="12" artNotes="" numberPage="115" pdfPage="http://pesquisa.in.gov.br/imprensa/jsp/visualiza/index.jsp?data=01/10/2025&amp;jornal=529&amp;pagina=115" editionNumber="187" highlightType="" highlightPriority="" highlight="" highlightimage="" highlightimagename="" idMateria="23160769">
  <body>
    <Identifica><![CDATA[ PORTARIA Nº 63, DE 26 DE SETEMBRO DE 2025]]></Identifica>
    <Data><![CDATA[]]></Data>
    <Ementa />
    <Titulo />
    <SubTitulo />
    <Texto><![CDATA[<p class="identifica">PORTARIA Nº 63, DE 26 DE SETEMBRO DE 2025</p><p>PROCURADOR-CHEFE DA PROCURADORIA DA REPÚBLICA NO ESTADO DO TOCANTINS, no uso das atribuições que lhes foram conferidas pelo Regimento Interno Administrativo do MPF, aprovado pela Portaria PGR nº 382, de 05 de maio de 2015, resolve:</p><p>Art. 1º EXONERAR, a pedido, a servidora sem vínculo CAROLINE ALENCAR BARCELOS, Bacharela em Direito, do cargo em comissão de Assessora-Chefe - Nível IV (CC-4), do GABPR1, da Procuradoria da República no Tocantins, a partir de 01/10/2025.</p><p class="assina">ALVARO LOTUFO MANZANO</p>]]></Texto>
  </body>
  <Midias />
</article></xml>