﻿<xml><article id="45713139" name="2606 - CCH" idOficio="11315410" pubName="DO2" artType="Portaria" pubDate="01/10/2025" artClass="00025:00148:00001:00014:00000:00000:00000:00000:00000:00000:00017:00004" artCategory="Ministério da Educação/Fundação Universidade Federal do Maranhão/Gabinete da Reitoria/Pró-Reitoria de Recursos Humanos" artSize="12" artNotes="" numberPage="56" pdfPage="http://pesquisa.in.gov.br/imprensa/jsp/visualiza/index.jsp?data=01/10/2025&amp;jornal=529&amp;pagina=56" editionNumber="187" highlightType="" highlightPriority="" highlight="" highlightimage="" highlightimagename="" idMateria="23160071">
  <body>
    <Identifica><![CDATA[ PORTARIA Nº 2.606, de 30 de setembro de 2025]]></Identifica>
    <Data><![CDATA[]]></Data>
    <Ementa />
    <Titulo />
    <SubTitulo />
    <Texto><![CDATA[<p class="identifica">PORTARIA Nº 2.606, de 30 de setembro de 2025</p><p>O REITOR DA UNIVERSIDADE FEDERAL DO MARANHÃO, no uso de suas atribuições e competências conferidas pelo Estatuto e Regimento Geral desta instituição, CONSIDERANDO a homologação do processo eleitoral para escolha de Coordenadores(as) de Cursos de Graduação da UFMA, regido pelo Edital n° 10/2025, de 29 de setembro de 2025, CONSIDERANDO o Centro de Ciências Humanas/CCH, CONSIDERANDO os autos do processo 23115.028340/2025-70, resolve:</p><p>Art. 1º Designar, para o mandato de 2 (dois) anos, com início em 01 de outubro de 2025, os(as) seguintes docentes para exercerem a função de Coordenador(a) de Curso de Graduação no Centro de Ciências Humanas:</p><p /><p></p><table><tr /><tr><td rowspan="1" colspan="1"><p>SIAPE</p></td><td rowspan="1" colspan="1"><p>COORDENADOR(A)</p></td><td rowspan="1" colspan="1"><p>SUBUNIDADE/CENTRO</p></td><td rowspan="1" colspan="1"><p>NÍVEL</p></td></tr><tr><td rowspan="1" colspan="1"><p>2483402</p></td><td rowspan="1" colspan="1"><p>CASSIA REJANE PIRES BATISTA</p></td><td rowspan="1" colspan="1"><p>COORDENAÇÃO DO CURSO DE TEATRO/CCH</p></td><td rowspan="1" colspan="1"><p>FUC-01</p></td></tr><tr><td rowspan="1" colspan="1"><p>1708921</p></td><td rowspan="1" colspan="1"><p>DANIEL LEMOS CERQUEIRA</p></td><td rowspan="1" colspan="1"><p>COORDENAÇÃO DO CURSO DE MÚSICA/CCH</p></td><td rowspan="1" colspan="1"><p>FUC-01</p></td></tr><tr><td rowspan="1" colspan="1"><p>1467821</p></td><td rowspan="1" colspan="1"><p>ELIO DE JESUS PANTOJA ALVES</p></td><td rowspan="1" colspan="1"><p>COORDENAÇÃO DO CURSO DE CIÊNCIAS SOCIAIS - BACHARELADO/CCH</p></td><td rowspan="1" colspan="1"><p>FUC-01</p></td></tr><tr><td rowspan="1" colspan="1"><p>1695124</p></td><td rowspan="1" colspan="1"><p>GAMALIEL DA SILVA CARREIRO</p></td><td rowspan="1" colspan="1"><p>COORDENAÇÃO DO CURSO DE CIÊNCIAS SOCIAIS - LICENCIATURA/CCH</p></td><td rowspan="1" colspan="1"><p>FG-01</p></td></tr><tr><td rowspan="1" colspan="1"><p>2420440</p></td><td rowspan="1" colspan="1"><p>IRECER PORTELA FIGUEIREDO SANTOS</p></td><td rowspan="1" colspan="1"><p>COORDENAÇÃO DO CURSO DE GEOGRAFIA - LICENCIATURA/CCH</p></td><td rowspan="1" colspan="1"><p>FG-01</p></td></tr><tr><td rowspan="1" colspan="1"><p>1566001</p></td><td rowspan="1" colspan="1"><p>JULIA KATIA BORGNETH PETRUS</p></td><td rowspan="1" colspan="1"><p>COORDENAÇÃO DO CURSO DE GEOGRAFIA - BACHARELADO/CCH</p></td><td rowspan="1" colspan="1"><p>FUC-01</p></td></tr><tr><td rowspan="1" colspan="1"><p>1219561</p></td><td rowspan="1" colspan="1"><p>MARIA DA CONCEICAO FURTADO FERREIRA</p></td><td rowspan="1" colspan="1"><p>COORDENAÇÃO DO CURSO DE PSICOLOGIA/CCH</p></td><td rowspan="1" colspan="1"><p>FUC-01</p></td></tr><tr><td rowspan="1" colspan="1"><p>2025931</p></td><td rowspan="1" colspan="1"><p>MARIA DA GUIA VIANA</p></td><td rowspan="1" colspan="1"><p>COORDENACAO DO CURSO DE ESTUDOS AFRICANOS E AFRO-BRASILEIROS/CCH</p></td><td rowspan="1" colspan="1"><p>FUC-01</p></td></tr><tr><td rowspan="1" colspan="1"><p>1753658</p></td><td rowspan="1" colspan="1"><p>MARIA IZABEL BARBOZA DE MORAIS OLIVEIRA</p></td><td rowspan="1" colspan="1"><p>COORDENAÇÃO DO CURSO DE HISTÓRIA/CCH</p></td><td rowspan="1" colspan="1"><p>FUC-01</p></td></tr><tr><td rowspan="1" colspan="1"><p>2201415</p></td><td rowspan="1" colspan="1"><p>MARTA MARIA PORTUGAL RIBEIRO PARADA</p></td><td rowspan="1" colspan="1"><p>COORDENAÇÃO DO CURSO DE LETRAS - PORTUGUÊS E ESPANHOL/CCH</p></td><td rowspan="1" colspan="1"><p>FUC-01</p></td></tr><tr><td rowspan="1" colspan="1"><p>2157533</p></td><td rowspan="1" colspan="1"><p>REGIANE APARECIDA CAIRE DA SILVA</p></td><td rowspan="1" colspan="1"><p>COORDENAÇÃO DO CURSO DE ARTES VISUAIS/CCH</p></td><td rowspan="1" colspan="1"><p>FUC-01</p></td></tr><tr><td rowspan="1" colspan="1"><p>1184204</p></td><td rowspan="1" colspan="1"><p>RICARDO OLIVEIRA BARROS</p></td><td rowspan="1" colspan="1"><p>COORDENACAO DO CURSO DE LETRAS - LÍNGUA PORTUGUESA E LIBRAS/CCH</p></td><td rowspan="1" colspan="1"><p>FUC-01</p></td></tr><tr><td rowspan="1" colspan="1"><p>3388475</p></td><td rowspan="1" colspan="1"><p>TARCYENE ELLEN SANTOS MUNIZ</p></td><td rowspan="1" colspan="1"><p>COORDENAÇÃO DO CURSO DE LETRAS - PORTUGUÊS E FRANCÊS/CCH</p></td><td rowspan="1" colspan="1"><p>FG-01</p></td></tr></table><p>Art. 2º Esta portaria entra em vigor na data de sua publicação.</p><p class="assina">FERNANDO CARVALHO SILVA</p>]]></Texto>
  </body>
  <Midias />
</article></xml>