﻿<xml><article id="45709474" name="ATO PRES-TRF2 NA 742" idOficio="11308426" pubName="DO2" artType="Ato" pubDate="01/10/2025" artClass="00070:00008:00001:00000:00000:00000:00000:00000:00000:00000:00001:00000" artCategory="Poder Judiciário/Tribunal Regional Federal da 2ª Região/Presidência" artSize="12" artNotes="" numberPage="126" pdfPage="http://pesquisa.in.gov.br/imprensa/jsp/visualiza/index.jsp?data=01/10/2025&amp;jornal=529&amp;pagina=126" editionNumber="187" highlightType="" highlightPriority="" highlight="" highlightimage="" highlightimagename="" idMateria="23149015">
  <body>
    <Identifica><![CDATA[ Ato PRES/TRF2 Nº 742, DE 22 DE setembro DE 2025]]></Identifica>
    <Data><![CDATA[]]></Data>
    <Ementa />
    <Titulo />
    <SubTitulo />
    <Texto><![CDATA[<p class="identifica">Ato PRES/TRF2 Nº 742, DE 22 DE setembro DE 2025</p><p>O PRESIDENTE DO TRIBUNAL REGIONAL FEDERAL DA 2ª REGIÃO, no uso de suas atribuições legais e regimentais, considerando o que consta no Processo SEI nº 0019156-61.2025.4.02.8000, resolve:</p><p>I - EXONERAR, a pedido, o servidor SÉRGIO CLÁUDIO DE ABREU FREITAS, Subtenente, do Quadro de Pessoal do Corpo de Bombeiros Militar do Estado do Rio de Janeiro, ora à disposição deste Tribunal, do cargo em comissão de Assessor de Juiz, CJ-3, do Gabinete do Exmo. Desembargador Federal Júdice Neto;</p><p>II - EXONERAR, a pedido, o servidor RODRIGO AZEVEDO TASSARI, Policial Penal, do Quadro de Pessoal da Secretaria de Estado de Gestão e Recursos Humanos - SEGER do Estado do Espírito Santo, ora à disposição deste Tribunal, do cargo em comissão de Assessor de Gestão de Metas, CJ-1, do Gabinete do Exmo. Desembargador Federal Júdice Neto, e NOMEÁ-LO para o cargo em comissão de Assessor de Juiz, CJ-3, do citado Gabinete, em vaga decorrente da exoneração de Sérgio Cláudio de Abreu Freitas;</p><p>III - NOMEAR ARTHUR AZEREDO THEVENARD para o cargo em comissão de Assessor de Gestão de Metas, CJ-1, do Gabinete do Exmo. Desembargador Federal Júdice Neto, em vaga decorrente da exoneração de Rodrigo Azevedo Tassari.</p><p class="assina">LUIZ PAULO DA SILVA ARAÚJO FILHO</p>]]></Texto>
  </body>
  <Midias />
</article></xml>