﻿<xml><article id="45712598" name="692 - JOSE WALTER LUIZ FERNANDES" idOficio="11315264" pubName="DO2" artType="Portaria" pubDate="01/10/2025" artClass="00070:00004:00001:00000:00000:00000:00000:00000:00000:00000:00017:00004" artCategory="Poder Judiciário/Superior Tribunal de Justiça/Presidência" artSize="12" artNotes="" numberPage="123" pdfPage="http://pesquisa.in.gov.br/imprensa/jsp/visualiza/index.jsp?data=01/10/2025&amp;jornal=529&amp;pagina=123" editionNumber="187" highlightType="" highlightPriority="" highlight="" highlightimage="" highlightimagename="" idMateria="23159890">
  <body>
    <Identifica><![CDATA[ Portaria STJ/GP Nº 692, DE 25 DE setembro DE 2025]]></Identifica>
    <Data><![CDATA[]]></Data>
    <Ementa />
    <Titulo />
    <SubTitulo />
    <Texto><![CDATA[<p class="identifica">Portaria STJ/GP Nº 692, DE 25 DE setembro DE 2025</p><p>O PRESIDENTE DO SUPERIOR TRIBUNAL DE JUSTIÇA, usando da atribuição conferida pelo art. 21, XXV, do Regimento Interno e considerando o disposto nos arts. 9º, II, e 35, I, da Lei n. 8.112, de 11 de dezembro de 1990, resolve:</p><p>Art. 1º Exonerar JOSÉ WALTER QUEIROZ GALVÃO, matrícula S062191, do cargo em comissão de Chefe de Gabinete, código CJ-3, do Gabinete do Ministro Herman Benjamin.</p><p>Art. 2º Efetuar as seguintes alterações no Gabinete do Ministro Teodoro Silva Santos:</p><p>I - Exonerar LUIZ FERNANDES DE OLIVEIRA FILHO, matrícula S050320, do cargo em comissão de Assessor A, código CJ-2;</p><p>II - Dispensar, com efeitos a contar de 26 de setembro de 2025, JULIANA FARIA SANTIAGO CLEMENTE, matrícula S077997, da função de confiança de Assistente IV, código FC-4, em decorrência de sua posse em outro cargo público inacumulável;</p><p>III - Nomear JOSÉ WALTER QUEIROZ GALVÃO, matrícula S062191, para o cargo em comissão de Assessor A, código CJ-2, na vaga decorrente da exoneração de Luiz Fernandes de Oliveira Filho;</p><p>IV - Designar LUIZ FERNANDES DE OLIVEIRA FILHO, matrícula S050320, para a função de confiança de Assistente IV, código FC-4, na vaga decorrente da dispensa de Juliana Faria Santiago Clemente.</p><p>Art. 3º Esta portaria entra em vigor na data de sua publicação.</p><p class="assina">Min HERMAN BENJAMIN</p>]]></Texto>
  </body>
  <Midias />
</article></xml>