﻿<xml><article id="45708820" name="PORTARIA N 120_23130701" idOficio="11297151" pubName="DO2" artType="Portaria" pubDate="01/10/2025" artClass="00070:00037:00001:00000:00000:00000:00000:00000:00000:00000:00017:00000" artCategory="Poder Judiciário/Tribunal Regional Eleitoral de Santa Catarina/Presidência" artSize="12" artNotes="" numberPage="128" pdfPage="http://pesquisa.in.gov.br/imprensa/jsp/visualiza/index.jsp?data=01/10/2025&amp;jornal=529&amp;pagina=128" editionNumber="187" highlightType="" highlightPriority="" highlight="" highlightimage="" highlightimagename="" idMateria="23130701">
  <body>
    <Identifica><![CDATA[ PORTARIA P/TRE-SC Nº 120, DE 19 DE SETEMBRO DE 2025]]></Identifica>
    <Data><![CDATA[]]></Data>
    <Ementa />
    <Titulo />
    <SubTitulo />
    <Texto><![CDATA[<p class="identifica">PORTARIA P/TRE-SC Nº 120, DE 19 DE SETEMBRO DE 2025</p><p>O PRESIDENTE DO TRIBUNAL REGIONAL ELEITORAL DE SANTA CATARINA, no uso da atribuição que lhe é conferida pelo art. 22, inciso XXIV, do Regimento Interno deste Tribunal (Resolução TRESC 7.847, de 12.12.2011), considerando a decisão proferida no SEI 0003558-13.2025.6.24.8057, resolve:</p><p>Art. 1º REDISTRIBUIR, a partir de 1º.10.2025, para o Tribunal Regional Eleitoral da Bahia, o cargo efetivo de Analista Judiciário - Área Judiciária, Sem Especialidade, criado pela Lei 8.868/1994, do quadro de pessoal do Tribunal Regional Eleitoral de Santa Catarina, ocupado pela servidora CAROLYNE CAETANO SANTOS DO ROSÁRIO, em reciprocidade com o cargo efetivo de Analista Judiciário - Área Administrativa, ocupado pela servidora SIMONE FERNANDES DE SOUZA FOSCARINI, criado pela Lei 8.868/1994, do quadro de pessoal do Tribunal Regional Eleitoral da Bahia.</p><p>Art. 2º Condicionar a redistribuição de que trata o art. 1º à redistribuição do cargo ocupado pela servidora SIMONE FERNANDES DE SOUZA FOSCARINI, do Tribunal Regional Eleitoral da Bahia para este Tribunal.</p><p>Art. 3º Conceder à servidora SIMONE FERNANDES DE SOUZA FOSCARINI o período de trânsito de 30 dias.</p><p>Art. 4º Esta Portaria entra em vigor na data de sua publicação no Diário Oficial da União (DOU), sem prejuízo de sua publicação no Boletim Interno do Tribunal Regional Eleitoral de Santa Catarina (BITRESC).</p><p class="assina">Des. CARLOS ALBERTO CIVINSKI</p>]]></Texto>
  </body>
  <Midias />
</article></xml>