﻿<xml><article id="45715380" name="25-176-Mary Lidian- Exonera CJ-4" idOficio="11315780" pubName="DO2" artType="Ato" pubDate="01/10/2025" artClass="00070:00060:00001:00000:00000:00000:00000:00000:00000:00000:00001:00004" artCategory="Poder Judiciário/Tribunal Regional do Trabalho da 19ª Região/Presidência" artSize="12" artNotes="" numberPage="135" pdfPage="http://pesquisa.in.gov.br/imprensa/jsp/visualiza/index.jsp?data=01/10/2025&amp;jornal=529&amp;pagina=135" editionNumber="187" highlightType="" highlightPriority="" highlight="" highlightimage="" highlightimagename="" idMateria="23160731">
  <body>
    <Identifica><![CDATA[ ATO Nº 176, DE 29 DE SETEMBRO DE 2025]]></Identifica>
    <Data><![CDATA[]]></Data>
    <Ementa />
    <Titulo />
    <SubTitulo />
    <Texto><![CDATA[<p class="identifica">ATO Nº 176, DE 29 DE SETEMBRO DE 2025</p><p>O DESEMBARGADOR-PRESIDENTE DO TRIBUNAL REGIONAL DO TRABALHO DA DÉCIMA NONA REGIÃO, no uso de suas atribuições legais e regimentais estabelecidas no inciso VII do artigo 24 do Regimento Interno, nos termos do inciso II do art. 9º e inciso I do art. 35 da Lei n.º 8.112, tendo em vista o contido no Proad n.º 5.536/2025,</p><p>CONSIDERANDO a alteração do quadro de lotação, de funções comissionadas e de cargos em comissão de unidades do Tribunal Regional do Trabalho da 19ª Região, contida no Ato n.º 171/GP/TRT19, de 29/09/2025, resolve:</p><p>Art. 1º Exonerar a Bela. Mary Lidian de Lima Ferraz, Analista Judiciária, do cargo em comissão de Diretora-Geral, de nível CJ-4, da Diretoria-Geral.</p><p>Art. 2º Nomear a Bela. Mary Lidian de Lima Ferraz para exercer o cargo em comissão de Secretária-Executiva, de nível CJ-3, da Secretaria-Executiva da Diretoria-Geral.</p><p>Art. 3º Os efeitos do presente Ato vigoram a partir da publicação.</p><p class="assina">JASIEL IVO</p>]]></Texto>
  </body>
  <Midias />
</article></xml>