﻿<xml><article id="45709051" name="IFGOIANO_RTF_Portaria_6626" idOficio="11314846" pubName="DO2" artType="Portaria" pubDate="01/10/2025" artClass="00025:00066:00001:00000:00000:00000:00000:00000:00000:00000:00017:00000" artCategory="Ministério da Educação/Instituto Federal de Educação, Ciência e Tecnologia Goiano/Reitoria" artSize="12" artNotes="" numberPage="32" pdfPage="http://pesquisa.in.gov.br/imprensa/jsp/visualiza/index.jsp?data=01/10/2025&amp;jornal=529&amp;pagina=32" editionNumber="187" highlightType="" highlightPriority="" highlight="" highlightimage="" highlightimagename="" idMateria="23159254">
  <body>
    <Identifica><![CDATA[ PORTARIA Nº 6.626/REI/IFGOIANO, DE 29 DE SETEMBRO DE 2025]]></Identifica>
    <Data><![CDATA[]]></Data>
    <Ementa />
    <Titulo />
    <SubTitulo />
    <Texto><![CDATA[<p class="identifica">PORTARIA Nº 6.626/REI/IFGOIANO, DE 29 DE SETEMBRO DE 2025</p><p>O Reitor do Instituto Federal de Educação, Ciência e Tecnologia Goiano, no uso de suas atribuições legais conferidas pelo Decreto de 07 de março de 2024, publicado no DOU de 08 de março de 2024, Seção 02, página 01, considerando a Lei nº 11.892, de 29 de dezembro de 2008, publicada no DOU de 30 de dezembro de 2008 e o que consta no Processo nº 23216.002115.2025-75, resolve:</p><p>Art. 1º Ceder a servidora ROSE ANNE MENDES NUNES LOPES, ocupante do cargo de Tecnologo Formacao, SIAPE nº 1265157, SIAPECAD nº 02032516, do Quadro de Pessoal desta Instituição, para exercício junto ao(à) Ministério da Educação, a fim de exercer suas atividades no(na) Coordenação de Planejamento, da Coordenação Geral de Planejamento e Licitações, da Subsecretaria de Gestão Administrativa da Secretaria Executiva, considerando o disposto no art. 93, da Lei nº 8.112/90, regulamentado pelo art. 3º, do Decreto 10.835/21, pela Portaria SEDGG/ME nº 6.066, e pelo art. 7º, da Lei 12.550/2011.</p><p>Art. 2º O ônus da remuneração é do órgão cessionário.</p><p>Art. 3º Torna-se sem efeito o disposto nessa Portaria, caso o servidor não se apresente ao órgão cessionário no prazo de 30 dias.</p><p>Art. 4º Esta Portaria entra em vigor no dia de 29 de setembro de 2025.</p><p class="assina">ELIAS DE PADUA MONTEIRO</p>]]></Texto>
  </body>
  <Midias />
</article></xml>