﻿<xml><article id="45713586" name="PORTARIA N 62 SINC 23160242" idOficio="11315510" pubName="DO2" artType="Portaria" pubDate="01/10/2025" artClass="00035:00001:00000:00000:00000:00000:00000:00000:00000:00000:00017:00000" artCategory="Ministério de Minas e Energia/Gabinete do Ministro" artSize="12" artNotes="" numberPage="87" pdfPage="http://pesquisa.in.gov.br/imprensa/jsp/visualiza/index.jsp?data=01/10/2025&amp;jornal=529&amp;pagina=87" editionNumber="187" highlightType="" highlightPriority="" highlight="" highlightimage="" highlightimagename="" idMateria="23160242">
  <body>
    <Identifica><![CDATA[ PORTARIA GM/MME Nº 62, DE 30 DE SETEMBRO DE 2025]]></Identifica>
    <Data><![CDATA[]]></Data>
    <Ementa />
    <Titulo />
    <SubTitulo />
    <Texto><![CDATA[<p class="identifica">PORTARIA GM/MME Nº 62, DE 30 DE SETEMBRO DE 2025</p><p>O CHEFE DE GABINETE DO MINISTRO DE ESTADO DE MINAS E ENERGIA, Substituto, no uso da competência outorgada pela Portaria MME nº 121, de 11 de fevereiro de 2019, resolve:</p><p>Designar EDSON TEIXEIRA VIANA BARROS, para exercer a Função Comissionada Executiva de Coordenador de Acompanhamento Tecnológico e Regulatório da Coordenação-Geral de Energias e Tecnologias de Baixo Carbono e Inovação, do Departamento de Transição Energética, da Secretaria Nacional de Transição Energética e Planejamento, código FCE 1.10.</p><p class="assina">BRENNO LEOPOLDO CAVALCANTE DE PAULA</p>]]></Texto>
  </body>
  <Midias />
</article></xml>