﻿<xml><article id="45712523" name="1360" idOficio="11315191" pubName="DO2" artType="Portaria" pubDate="01/10/2025" artClass="00025:00150:00001:00000:00000:00000:00000:00000:00000:00000:00017:00002" artCategory="Ministério da Educação/Fundação Universidade Federal do Mato Grosso do Sul/Reitoria" artSize="12" artNotes="" numberPage="58" pdfPage="http://pesquisa.in.gov.br/imprensa/jsp/visualiza/index.jsp?data=01/10/2025&amp;jornal=529&amp;pagina=58" editionNumber="187" highlightType="" highlightPriority="" highlight="" highlightimage="" highlightimagename="" idMateria="23159859">
  <body>
    <Identifica><![CDATA[ PORTARIA Nº 1.360-RTR/UFMS DE 26 DE SETEMBRO DE 2025]]></Identifica>
    <Data><![CDATA[]]></Data>
    <Ementa />
    <Titulo />
    <SubTitulo />
    <Texto><![CDATA[<p class="identifica">PORTARIA Nº 1.360-RTR/UFMS DE 26 DE SETEMBRO DE 2025</p><p>A REITORA DA FUNDAÇÃO UNIVERSIDADE FEDERAL DE MATO GROSSO DO SUL, no uso de suas atribuições legais, e tendo em vista o disposto no inciso VIII do art. 33 da Lei nº 8.112, de 11 de dezembro de 1990, e considerando o contido no Processo nº 23104.021799/2025-71, resolve:</p><p>Declarar vago, a contar de 26 de setembro de 2025, o cargo de Professor do Magistério Superior, Classe Assistente, Nível 01, com Doutorado, em regime de Dedicação Exclusiva, ocupado pela Servidora RAYANE ISADORA LENHARO, código de vaga 850483, lotada no Câmpus de Aquidauana, em decorrência de posse em outro cargo inacumulável na Universidade Estadual do Paraná, para o qual foi nomeada conforme Decreto 10864, publicada no Diário Oficial Paraná, de 11 de agosto de 2025.</p><p>.</p><p class="assina">CAMILA CELESTE BRANDÃO FERREIRA ÍTAVO</p>]]></Texto>
  </body>
  <Midias />
</article></xml>