﻿<xml><article id="45708784" name="PORTARIA 557.2025 (1)" idOficio="11262534" pubName="DO2" artType="Portaria" pubDate="01/10/2025" artClass="00047:00037:00016:00000:00000:00000:00000:00000:00000:00000:00017:00000" artCategory="Ministério da Saúde/Secretaria de Atenção Especializada à Saúde/Instituto Nacional de Câncer" artSize="12" artNotes="" numberPage="107" pdfPage="http://pesquisa.in.gov.br/imprensa/jsp/visualiza/index.jsp?data=01/10/2025&amp;jornal=529&amp;pagina=107" editionNumber="187" highlightType="" highlightPriority="" highlight="" highlightimage="" highlightimagename="" idMateria="23069461">
  <body>
    <Identifica><![CDATA[ PORTARIA INCA/MS Nº 557, DE 2 DE SETEMBRO]]></Identifica>
    <Data><![CDATA[]]></Data>
    <Ementa />
    <Titulo />
    <SubTitulo />
    <Texto><![CDATA[<p class="identifica">PORTARIA INCA/MS Nº 557, DE 2 DE SETEMBRO</p><p>O Diretor-Geral do Instituto Nacional de Câncer, do Ministério da Saúde, no uso de suas atribuições subdelegadas pela Portaria/CGRH/MS nº 1.041 de 30/10/2009, publicada no DOU nº 209, de 03/11/2009, resolve:</p><p>Art. 1º Conceder aposentadoria voluntária a MARIA OURINDA MESQUITA DA CUNHA, matrícula SIAPE nº 2900661, ocupante do cargo de Tecnologista, NS, classe S, padrão III, do Quadro de Pessoal do Ministério da Saúde, com fundamento no art. 40, §1º, inciso III, da Constituição Federal, com redação dada pela Emenda Constitucional nº 103/2019. Os proventos serão calculados com base no art. 20, § 2º, Inciso I, da EC 103/2019 (Processo nº 25410.007998/2025-39).</p><p>Art. 2º Declarar vago o cargo de código 406/002 - Tecnologista.</p><p class="assina">ROBERTO DE ALMEIDA GIL</p>]]></Texto>
  </body>
  <Midias />
</article></xml>