﻿<xml><article id="45709552" name="Portaria de pensao CEST BA - Jos" idOficio="11314823" pubName="DO2" artType="Portaria" pubDate="01/10/2025" artClass="00032:00034:00013:00000:00000:00000:00000:00000:00000:00000:00017:00000" artCategory="Ministério da Integração e do Desenvolvimento Regional/Departamento Nacional de Obras Contra as Secas/Coordenadoria Estadual na Bahia" artSize="12" artNotes="" numberPage="72" pdfPage="http://pesquisa.in.gov.br/imprensa/jsp/visualiza/index.jsp?data=01/10/2025&amp;jornal=529&amp;pagina=72" editionNumber="187" highlightType="" highlightPriority="" highlight="" highlightimage="" highlightimagename="" idMateria="23159240">
  <body>
    <Identifica><![CDATA[ PORTARIA Nº 26/CEST-BA DE 29 DE SETEMBRO DE 2025]]></Identifica>
    <Data><![CDATA[]]></Data>
    <Ementa />
    <Titulo />
    <SubTitulo />
    <Texto><![CDATA[<p class="identifica">PORTARIA Nº 26/CEST-BA DE 29 DE SETEMBRO DE 2025</p><p>O COORDENADOR ESTADUAL DO DEPARTAMENTO NACIONAL DE OBRAS CONTRA AS SECAS NA BAHIA, usando da competência que lhe foi delegada através da Portaria nº 402/DG/DA/CRH, de 30 de agosto de 2013, publicada no Boletim Administrativo, Edição Extra, de mesma data, e tendo em vista o que consta do Processo nº 59404.000221/2024-63, resolve:</p><p>Art. 1º ALTERAR a Portaria nº 45, de 22 de dezembro de 2023, publicada no Diário Oficial da União, nº 244, de 26 de dezembro de 2023, para incluir por habilitação tardia Josinete Cintra de Oliveira, na qualidade de filha do ex-servidor Waldemar Cintra de Oliveira, ocupante do cargo Agente de Portaria, matrícula Siape 0736305, do quadro de pessoal desta Coordenadoria Estadual, falecido aposentado, em 09 de novembro de 2023, com fundamento no inciso VI, alínea D do art. 3º da Portaria SGP/SEDGG/ME Nº 4645, de 24 de maio de 2022, c/c o art. 217 da Lei nº 8.112, de 11 de dezembro de 1990, e art. 23 da Emenda Constitucional nº 103, de 12 de novembro de 2019.</p><p>Art. 2º Os efeitos desta Portaria entram em vigor na data de sua publicação no Diário Oficial da União.</p><p class="assina">RAFAEL GUIMARÃES DE CARVALHO</p>]]></Texto>
  </body>
  <Midias />
</article></xml>