﻿<xml><article id="45708910" name="ATO GP 566_2025_Processo 6008786" idOficio="11304322" pubName="DO2" artType="Ato" pubDate="01/10/2025" artClass="00070:00005:00001:00000:00000:00000:00000:00000:00000:00000:00001:00004" artCategory="Poder Judiciário/Tribunal Superior do Trabalho/Presidência" artSize="12" artNotes="" numberPage="124" pdfPage="http://pesquisa.in.gov.br/imprensa/jsp/visualiza/index.jsp?data=01/10/2025&amp;jornal=529&amp;pagina=124" editionNumber="187" highlightType="" highlightPriority="" highlight="" highlightimage="" highlightimagename="" idMateria="23142224">
  <body>
    <Identifica><![CDATA[ ATO Nº 566, DE 22 DE SETEMBRO DE 2025]]></Identifica>
    <Data><![CDATA[]]></Data>
    <Ementa />
    <Titulo />
    <SubTitulo />
    <Texto><![CDATA[<p class="identifica">ATO Nº 566, DE 22 DE SETEMBRO DE 2025</p><p>O PRESIDENTE DO TRIBUNAL SUPERIOR DO TRABALHO, no uso de suas atribuições legais e regimentais, e tendo em vista o constante dos autos do Processo Administrativo TST nº 6008786/2025-00, resolve:</p><p>Redistribuir, a contar de 1º/10/2025, o cargo da Carreira Judiciária de Técnico Judiciário, Área Administrativa, ocupado pelo servidor FRANCISCO HAMILTON E SILVA ANSELMO, do Quadro de Pessoal da Secretaria deste Tribunal, para o Quadro de Pessoal do Tribunal Regional do Trabalho da 7ª Região, em reciprocidade com o cargo idêntico, ocupado pelo servidor LUCAS IGOR CAVALCANTE RODRIGUES, do Quadro de Pessoal daquele Tribunal Regional, de acordo com o disposto na Resolução nº 146 do Conselho Nacional de Justiça, de 6/3/2012.</p><p class="assina">Min. ALOYSIO SILVA CORRÊA DA VEIGA</p>]]></Texto>
  </body>
  <Midias />
</article></xml>