﻿<xml><article id="45721262" name="AC-306-ECT-00436737" idOficio="11313678" pubName="DO2" artType="Ato" pubDate="01/10/2025" artClass="00014:00021:00000:00000:00000:00000:00000:00000:00000:00000:00001:00001" artCategory="Ministério das Comunicações/Empresa Brasileira de Correios e Telégrafos" artSize="12" artNotes="" numberPage="10" pdfPage="http://pesquisa.in.gov.br/imprensa/jsp/visualiza/index.jsp?data=01/10/2025&amp;jornal=529&amp;pagina=10" editionNumber="187" highlightType="" highlightPriority="" highlight="" highlightimage="" highlightimagename="" idMateria="23157071">
  <body>
    <Identifica><![CDATA[ ATO Nº 163, DE 26 DE SETEMBRO DE 2025]]></Identifica>
    <Data><![CDATA[]]></Data>
    <Ementa />
    <Titulo />
    <SubTitulo />
    <Texto><![CDATA[<p class="identifica">ATO Nº 163, DE 26 DE SETEMBRO DE 2025</p><p>O Presidente da Empresa Brasileira de Correios e Telégrafos - ECT, no uso de suas atribuições, e considerando o disposto no art. 93 da Lei Nº 8.112/1990, regulamentado pelo Decreto Nº 10.835/2021, art. 2º da Lei nº 9.007, de 17 de março de 1995, Portaria SEDGG/ME Nº 6.066/2022, Portaria MGI Nº 136/2023, e demais informações que constam do processo SEI 53180.045239/2025-61, resolve:</p><p>Efetivar a requisição dos empregados públicos em anexo, pertencente ao quadro de pessoal da Empresa Brasileira de Correios e Telégrafos - ECT, para ficar à disposição da Presidência da República na força tarefa da 30ª Conferência das Partes da Convenção-Quadro das Nações Unidas sobre Mudança do Clima (COP30). O ônus pela remuneração ou salário é do órgão de origem. Torna-se sem efeito o disposto neste ato caso os empregados não se apresentem ao órgão requisitante no prazo de 30 dias. Esta Portaria entra em vigor na data da sua publicação.</p><p class="anexo">Anexo</p><p /><p></p><table><tr /><tr><td rowspan="1" colspan="1"><p>Nome</p></td><td rowspan="1" colspan="1"><p>Matrícula</p></td><td rowspan="1" colspan="1"><p>Cargo/Especialidade</p></td></tr><tr><td rowspan="1" colspan="1"><p>Franciney Colares de Oliveira</p></td><td rowspan="1" colspan="1"><p>80547133</p></td><td rowspan="1" colspan="1"><p>Técnico de Correios Jr/ Suporte (Técnico Contabilidade)</p></td></tr><tr><td rowspan="1" colspan="1"><p>Elielde Pastana Carvalho</p></td><td rowspan="1" colspan="1"><p>80528961</p></td><td rowspan="1" colspan="1"><p>Agente de Correios/ Atendente Comercial</p></td></tr><tr><td rowspan="1" colspan="1"><p>Odon Alves Neto</p></td><td rowspan="1" colspan="1"><p>85769690</p></td><td rowspan="1" colspan="1"><p>Analista de Correios/ Contador</p></td></tr><tr><td rowspan="1" colspan="1"><p>Silvio Eduardo Silva e Silva</p></td><td rowspan="1" colspan="1"><p>83771670</p></td><td rowspan="1" colspan="1"><p>Agente de Correios/ Carteiro</p></td></tr></table><p>JULIANA PICOLI AGATTE</p>]]></Texto>
  </body>
  <Midias />
</article></xml>