﻿<xml><article id="45709639" name="Portaria-2175-2025" idOficio="11310128" pubName="DO2" artType="Portaria" pubDate="01/10/2025" artClass="00070:00045:00001:00000:00000:00000:00000:00000:00000:00000:00017:00000" artCategory="Poder Judiciário/Tribunal Regional do Trabalho da 4ª Região/Presidência" artSize="12" artNotes="" numberPage="131" pdfPage="http://pesquisa.in.gov.br/imprensa/jsp/visualiza/index.jsp?data=01/10/2025&amp;jornal=529&amp;pagina=131" editionNumber="187" highlightType="" highlightPriority="" highlight="" highlightimage="" highlightimagename="" idMateria="23151257">
  <body>
    <Identifica><![CDATA[ PORTARIA Nº 2.175, DE 23 DE SETEMBRO DE 2025]]></Identifica>
    <Data><![CDATA[]]></Data>
    <Ementa />
    <Titulo />
    <SubTitulo />
    <Texto><![CDATA[<p class="identifica">PORTARIA Nº 2.175, DE 23 DE SETEMBRO DE 2025</p><p>O PRESIDENTE DO TRIBUNAL REGIONAL DO TRABALHO DA 4ª REGIÃO, no uso de suas atribuições legais e regimentais, resolve:</p><p>1. CONCEDER APOSENTADORIA a ADRIANA FERREIRA SILVA (29564), no cargo de Analista Judiciário, da Área Judiciária, Classe "C", Padrão 13, do Quadro de Pessoal do Tribunal Regional do Trabalho da 4ª Região, no efetivo exercício da função comissionada de Assistente de Gabinete, FC-5, no Gabinete da Exma. Desa. Rejane Souza Pedra, considerando o que consta no PROAD nº 5749/2025, e de acordo com o artigo 20, incisos I, II, III e IV, da Emenda Constitucional nº 103/2019.</p><p>2. DECLARAR VAGOS, em decorrência, o cargo de Analista Judiciário, da Área Judiciária, Classe "C", Padrão 13, e a função comissionada de Assistente de Gabinete, FC-5, revertendo a vaga do primeiro à Classe "A", Padrão 01.</p><p class="assina">RICARDO HOFMEISTER DE ALMEIDA MARTINS COSTA</p>]]></Texto>
  </body>
  <Midias />
</article></xml>