﻿<xml><article id="45709504" name="Port 283 Luzia" idOficio="11309135" pubName="DO2" artType="Portaria" pubDate="01/10/2025" artClass="00008:00002:00021:00000:00000:00000:00000:00000:00000:00000:00017:00000" artCategory="Ministério da Agricultura e Pecuária/Secretaria Executiva/Superintendência de Agricultura e Pecuária do Estado do Amapá" artSize="12" artNotes="" numberPage="7" pdfPage="http://pesquisa.in.gov.br/imprensa/jsp/visualiza/index.jsp?data=01/10/2025&amp;jornal=529&amp;pagina=7" editionNumber="187" highlightType="" highlightPriority="" highlight="" highlightimage="" highlightimagename="" idMateria="23150027">
  <body>
    <Identifica><![CDATA[ Portaria SFA-AP/SE/MAPA nº 283, de 25 de setembro de 2025]]></Identifica>
    <Data><![CDATA[]]></Data>
    <Ementa />
    <Titulo />
    <SubTitulo />
    <Texto><![CDATA[<p class="identifica">Portaria SFA-AP/SE/MAPA nº 283, de 25 de setembro de 2025</p><p>O SUPERINTENDENTE FEDERAL DE AGRICULTURA E PECUÁRIA NO AMAPÁ, no uso das atribuições que lhe confere os arts. 41 e 50 do Anexo I ao Decreto nº 11.332, de 1º de janeiro de 2023, e tendo em vista o disposto no art. 1º, inciso IV, da Portaria SE/MAPA nº 22, de 25 de abril de 2023, e o que consta do processo SEI nº 21008.000806/2023-01, resolve:</p><p>Art. 1° - Conceder Aposentadoria Voluntária, com proventos Integrais, a servidora LUZIA DA SILVA PICANÇO, ocupante do cargo de Datilógrafo, Classe S, Padrão V, Matrícula SIAPE nº 0033200, pertencente ao Quadro de Pessoal do Ministério da Agricultura e Pecuária, lotada na Superintendência Federal de Agricultura e Pecuária no Amapá - SFA-AP/MAPA, com Base no Art. 3°, da Emenda Constitucional nº 47/2005, Combinado com o Art. 3° da Emenda Constitucional nº 103 de 13/11/2019.</p><p>Art. 2º Esta portaria entra em vigor na data de sua publicação.</p><p class="assina">PATRICK DE CASTRO CANTUÁRIA</p>]]></Texto>
  </body>
  <Midias />
</article></xml>