﻿<xml><article id="45708559" name="PortariasSEIAposentadoriaSeetemb" idOficio="11309498" pubName="DO2" artType="Portaria" pubDate="01/10/2025" artClass="00025:00165:00026:00000:00000:00000:00000:00000:00000:00000:00017:00001" artCategory="Ministério da Educação/Universidade Federal de Uberlândia/Pró-Reitoria de Gestão de Pessoas" artSize="12" artNotes="" numberPage="61" pdfPage="http://pesquisa.in.gov.br/imprensa/jsp/visualiza/index.jsp?data=01/10/2025&amp;jornal=529&amp;pagina=61" editionNumber="187" highlightType="" highlightPriority="" highlight="" highlightimage="" highlightimagename="" idMateria="23150480">
  <body>
    <Identifica><![CDATA[ Portarias de 26 de Setembro de 2025]]></Identifica>
    <Data><![CDATA[]]></Data>
    <Ementa />
    <Titulo />
    <SubTitulo />
    <Texto><![CDATA[<p class="identifica">Portarias de 26 de Setembro de 2025</p><p>O PRÓ-REITOR DE GESTÃO DE PESSOAS SUBSTITUTO DA UNIVERSIDADE FEDERAL DE UBERLÂNDIA, no uso de suas atribuições delegadas pela Portaria de Pessoal UFU nº 6140, de 10 de setembro de 2025, publicado no D.O.U em 11 de setembro de 2025, Edição 173, Seção 2, página 41, resolve:</p><p>Nº 6.448 - Art. 1º - Conceder a Klebiana de Almeida Silva, matrícula SIAPE nº 2924675, código de vaga 322071, ocupante do cargo de Técnico em Enfermagem, Classe D, Padrão 005, do Quadro Permanente desta Universidade, do Quadro Permanente desta Universidade, aposentadoria por incapacidade permanente para o trabalho, conforme no art. 10, § 1º, inciso II da EC 103/2021. Os proventos serão calculados com base no art. 26, § 2º, média aritmética. (processo 23117.029120/2025-43)</p><p>Nº 6.449 - Art. 1º - Conceder a Neusa Maria dos Reis, matrícula SIAPE nº 0413444, código de vaga 323186, ocupante do cargo de Auxiliar de Enfermagem, Classe C, Padrão 019, do Quadro Permanente desta Universidade, aposentadoria voluntária com proventos integrais, conforme o art. 20, § 2º, inciso I da EC 103 de 13/11/2019. (processo 23117.058635/2025-51)</p><p>Nº 6.450 - Art. 1º - Conceder a Paulo Eugênio Alves Macedo de Oliveira, matrícula SIAPE nº 0413617, código de vaga 323340, ocupante do cargo de Professor do Magistério Superior - D - 001, Dedicação Exclusiva, Doutorado, do Quadro Permanente desta Universidade, aposentadoria voluntária com proventos integrais, conforme o art. 3º da Emenda Constitucional 47/2005, combinado com o art. 3º da EC 103 de 13/11/2019 e vantagem do artigo 62-A da Lei 8.112/90. (processo 23117.059402/2025-75)</p><p>Nº 6.451 - Art. 1º - Conceder a Nestor Barbosa de Andrade, matrícula SIAPE nº 0411556, código de vaga 321417, ocupante do cargo de Professor do Magistério Superior - D - 001, 40 h, Especialização, do Quadro Permanente desta Universidade, aposentadoria voluntária com proventos integrais, conforme o art. 3º da Emenda Constitucional 47/2005, combinado com o art. 3º da EC 103 de 13/11/2019 e vantagem do artigo 62-A da Lei 8.112/90. (processo 23117.059404/2025-64)</p><p>Nº 6.452 - Art. 1º - Conceder a Geraldo de Assis, matrícula SIAPE nº 0412037, código de vaga 321835, ocupante do cargo de Bombeiro Hidráulico, Classe B, Padrão 019, do Quadro Permanente desta Universidade, aposentadoria voluntária com proventos integrais, conforme o art. 3º da Emenda Constitucional 47/2005, combinado com o art. 3º da EC 103 de 13/11/2019 e saldo de Licença Prêmio de 60 dias. (processo 23117.060322/2025-62)</p><p>Nº 6.453 - Art. 1º - Conceder a Claudia Maria de Souza Teixeira, matrícula SIAPE nº 1123228, código de vaga 708520, ocupante do cargo de Técnico em Enfermagem, Classe D, Padrão 019, do Quadro Permanente desta Universidade, aposentadoria voluntária com proventos integrais, conforme o art. 20, § 2º, inciso I da EC 103 de 13/11/2019. (processo 23117.060458/2025-72)</p><p>Nº 6.454 - Art. 1º - Conceder a Telma Visoná de Oliveira, matrícula SIAPE nº 1454547, código de vaga 770307, ocupante do cargo de Farmacêutico, Classe E, Padrão 019, do Quadro Permanente desta Universidade, aposentadoria voluntária, conforme o art. 20, § 2º, inciso II da EC 103 de 13/11/2019. Os proventos serão calculados com base na média aritmética. (processo 23117.061612/2025-23)</p><p>Nº 6.455 - Art. 1º - Conceder a João Carlos de Oliveira, matrícula SIAPE nº 4150621, código de vaga 320239, ocupante do cargo de Professor do Ensino Básico, Técnico e Tecnológico, Classe T, Nível 001, do Quadro Permanente desta Universidade, aposentadoria voluntária, conforme o art. 20, § 2º, inciso II da EC 103 de 13/11/2019. Os proventos serão calculados com base na média aritmética. (processo 23117.062867/2025-11)</p><p>Nº 6.456 - Art. 1º - Conceder a Samuel Fonseca, matrícula SIAPE nº 0412304, código de vaga 322088, ocupante do cargo de Auditor, Classe E, Padrão 019, do Quadro Permanente desta Universidade, aposentadoria voluntária com proventos integrais, conforme o art. 3º da Emenda Constitucional 47/2005, combinado com o art. 3º da EC 103 de 13/11/2019, vantagem do artigo 62-A da Lei 8.112/90 e saldo de Licença Prêmio de 180 dias. (processo 23117.062966/2025-95)</p><p>Nº 6.457 - Art. 1º - Conceder a Antonio Claudio Paschoarelli Veiga, matrícula SIAPE nº 0413274, código de vaga 323025, ocupante do cargo de Professor do Magistério Superior - D - 001, Dedicação Exclusiva, Doutorado, do Quadro Permanente desta Universidade, aposentadoria voluntária com proventos integrais, conforme o art. 20, § 2º, inciso I da EC 103 de 13/11/2019. (processo 23117.062970/2025-53)</p><p>Nº 6.458 - Art. 1º - Conceder a Mauricio Martins, matrícula SIAPE nº 0140534, código de vaga 319352, ocupante do cargo de Professor do Magistério Superior - D - 001, Dedicação Exclusiva, Doutorado, do Quadro Permanente desta Universidade, aposentadoria voluntária com proventos integrais, conforme o art. 3º da Emenda Constitucional 47/2005, combinado com o art. 3º da EC 103 de 13/11/2019, vantagem do artigo 62-A da Lei 8.112/90. (processo 23117.064521/2025-40)</p><p>Art. 2º - Esta portaria entra em vigor na data de sua publicação no Diário Oficial da União-DOU.</p><p class="assina">Anderson Luís Firmino</p>]]></Texto>
  </body>
  <Midias />
</article></xml>