﻿<xml><article id="45711917" name="PORTARIA N 906_23159632" idOficio="11315203" pubName="DO2" artType="Portaria" pubDate="01/10/2025" artClass="00025:00053:00000:00000:00000:00000:00000:00000:00000:00000:00017:00000" artCategory="Ministério da Educação/Fundo Nacional de Desenvolvimento da Educação" artSize="12" artNotes="" numberPage="29" pdfPage="http://pesquisa.in.gov.br/imprensa/jsp/visualiza/index.jsp?data=01/10/2025&amp;jornal=529&amp;pagina=29" editionNumber="187" highlightType="" highlightPriority="" highlight="" highlightimage="" highlightimagename="" idMateria="23159632">
  <body>
    <Identifica><![CDATA[ PORTARIA FNDE Nº 906, DE 29 DE SETEMBRO DE 2025]]></Identifica>
    <Data><![CDATA[]]></Data>
    <Ementa />
    <Titulo />
    <SubTitulo />
    <Texto><![CDATA[<p class="identifica">PORTARIA FNDE Nº 906, DE 29 DE SETEMBRO DE 2025</p><p>A PRESIDENTE DO FUNDO NACIONAL DE DESENVOLVIMENTO DA EDUCAÇÃO, no uso de suas atribuições e tendo em vista o disposto Art. 38, da Lei nº 8.112, de 11 de dezembro, de 1990, no Inciso III, do Art. 2º, da Portaria nº 1.819, de 11 de setembro de 2023, e no Decreto nº 12.458, de 21 de maio de 2025, resolve:</p><p>DESIGNAR,</p><p>JOSE CARLOS DE SOUZA TELES para exercer o encargo de substituto eventual da Função Comissionada Executiva de Coordenador, Código FCE 1.10, da Coordenação de Gestão da Qualidade e Serviços de Dados - COSED, da Coordenação-Geral da Governança de Dados, da Diretoria de Tecnologia e Inovação, do Fundo Nacional de Desenvolvimento da Educação, durante os afastamentos ou impedimentos regulamentares da titular.</p><p class="assina">FERNANDA MARA DE OLIVEIRA MACEDO CARNEIRO PACOBAHYBA</p>]]></Texto>
  </body>
  <Midias />
</article></xml>