﻿<xml><article id="45714673" name="2025-09-30/11315670/TCUWS_231605" idOficio="11315670" pubName="DO2" artType="Portaria" pubDate="01/10/2025" artClass="00067:00009:00011:-0318:00000:00000:00000:00000:00000:00000:00017:00280" artCategory="Tribunal de Contas da União/Secretaria-Geral de Administração/Secretaria Especializada em Gestão de Pessoas/Diretoria de Análise de Direitos" artSize="12" artNotes="" numberPage="120" pdfPage="http://pesquisa.in.gov.br/imprensa/jsp/visualiza/index.jsp?data=01/10/2025&amp;jornal=529&amp;pagina=120" editionNumber="187" highlightType="" highlightPriority="" highlight="" highlightimage="" highlightimagename="" idMateria="23160549">
  <body>
    <Identifica><![CDATA[ PORTARIA-DIADI Nº 280, DE 30 DE SETEMBRO DE 2025]]></Identifica>
    <Data><![CDATA[]]></Data>
    <Ementa />
    <Titulo />
    <SubTitulo />
    <Texto><![CDATA[<p class="identifica">PORTARIA-DIADI Nº 280, DE 30 DE SETEMBRO DE 2025</p><p>A DIRETORA DE ANÁLISE DE DIREITOS DO TRIBUNAL DE CONTAS DA UNIÃO , no uso da atribuição que lhe confere o disposto no inciso III do art. 3º da Portaria n° 3, de 3 de janeiro de 2025, da Secretaria Especializada em Gestão de Pessoas deste Tribunal, resolve:</p><p>Art. 1º Designar RODRIGO PAULO RODRIGUES DA SILVA, matrícula 12221-1, AUFC, para exercer a função de confiança de Coordenador de Ações de Controle, código FC-3, no(a) AudSustentabilidade/Secretaria de Controle Externo de Desenvolvimento Sustentável.</p><p>Art. 2º Esta Portaria entra em vigor na data de sua publicação.</p><p class="assina">CRÍSCIE LIZITA LÔBO SILVEIRA</p>]]></Texto>
  </body>
  <Midias />
</article></xml>