﻿<xml><article id="45709081" name="PORTARIA NA 3.768 - 22.09.2025 -" idOficio="11306932" pubName="DO2" artType="Portaria" pubDate="01/10/2025" artClass="00025:00118:00000:00000:00000:00000:00000:00000:00000:00000:00013:00001" artCategory="Ministério da Educação/Universidade Federal de Pernambuco" artSize="12" artNotes="" numberPage="47" pdfPage="http://pesquisa.in.gov.br/imprensa/jsp/visualiza/index.jsp?data=01/10/2025&amp;jornal=529&amp;pagina=47" editionNumber="187" highlightType="" highlightPriority="" highlight="" highlightimage="" highlightimagename="" idMateria="23146260">
  <body>
    <Identifica><![CDATA[ PORTARIA Nº 3.768, DE 22 DE SETEMBRO DE 2025]]></Identifica>
    <Data><![CDATA[]]></Data>
    <Ementa />
    <Titulo />
    <SubTitulo />
    <Texto><![CDATA[<p class="identifica">PORTARIA Nº 3.768, DE 22 DE SETEMBRO DE 2025</p><p>O REITOR DA UNIVERSIDADE FEDERAL DE PERNAMBUCO, no uso de suas atribuições conferidas pelo Decreto, de 10/10/2023, publicado no D.O.U. de 11/10/2023 e tendo em vista o que consta no processo nº 23076.090655/2024-68, resolve:</p><p>Conceder Aposentadoria Voluntária a ALBERTO NICODEMUS GOMES LOPES, Matrícula SIAPE nº 0586846, ocupante do cargo de PROFESSOR DO MAGISTERIO SUPERIOR, Classe Adjunto, Nível 04, com Mestrado, em regime de 20 horas semanais, do Quadro de Pessoal desta Universidade, com fundamento no Artigo 4º da Emenda Constitucional nº 103/2019 com os proventos integrais do cargo.</p><p class="assina">ALFREDO MACEDO GOMES</p><p class="identifica">PORTARIA Nº 3.770, DE 22 DE SETEMBRO DE 2025</p><p>O REITOR DA UNIVERSIDADE FEDERAL DE PERNAMBUCO, no uso de suas atribuições conferidas pelo Decreto, de 10/10/2023, publicado no D.O.U. de 11/10/2023 e tendo em vista o que consta no processo nº 23076.052954/2025-74, resolve:</p><p>Conceder Aposentadoria Voluntária a LUIZ GOES VIEIRA FILHO, Matrícula SIAPE nº 1133541, ocupante do cargo de Professor do Magisterio Superior, Classe Adjunto, Nível 04, com Graduação, em regime de 20 horas semanais, do Quadro de Pessoal desta Universidade, Artigo 4º da Emenda Constitucional nº 103/2019, com os proventos integrais do cargo.</p><p class="assina">ALFREDO MACEDO GOMES</p>]]></Texto>
  </body>
  <Midias />
</article></xml>