﻿<xml><article id="45715434" name="DOU2-SG_MPF-PGR-3-PT-944-UNI-PGR" idOficio="11315807" pubName="DO2" artType="Portaria" pubDate="01/10/2025" artClass="00066:00008:00006:00000:00000:00000:00000:00000:00000:00000:00017:00944" artCategory="Ministério Público da União/Ministério Público Federal/Secretaria-Geral" artSize="12" artNotes="" numberPage="113" pdfPage="http://pesquisa.in.gov.br/imprensa/jsp/visualiza/index.jsp?data=01/10/2025&amp;jornal=529&amp;pagina=113" editionNumber="187" highlightType="" highlightPriority="" highlight="" highlightimage="" highlightimagename="" idMateria="23160744">
  <body>
    <Identifica><![CDATA[ PORTARIA SG/MPF Nº 944, DE 26 DE SETEMBRO DE 2025]]></Identifica>
    <Data><![CDATA[]]></Data>
    <Ementa />
    <Titulo />
    <SubTitulo />
    <Texto><![CDATA[<p class="identifica">PORTARIA SG/MPF Nº 944, DE 26 DE SETEMBRO DE 2025</p><p>O SECRETÁRIO EXECUTIVO DA SECRETARIA-GERAL DO MINISTÉRIO PÚBLICO FEDERAL, no uso da competência que lhe foi atribuída pelo artigo 6º - inciso XXXII do Regimento Interno Administrativo do MPF, aprovado pela Portaria PGR/MPF nº 382, de 5 de maio de 2015, e pelo artigo 3º - inciso IV da Portaria SG/MPF nº 625, de 11 de julho de 2025, tendo em vista o disposto nos artigos 9º - inciso II e 35 - incisos I e II da Lei nº 8.112, de 11 de dezembro de 1990, e nos expedientes PGR-00360740/2025 e PGR-00371976/2025, resolve:</p><p>1. Exonerar DANIEL MOURA DA SILVA, ocupante do cargo de Técnico do MPU/Tecnologia da Informação e Comunicação, matrícula nº 19295, com exercício na Secretaria de Tecnologia da Informação e Comunicação, do cargo em comissão de Assessor Nível I, CC-1, da Assessoria de Suporte Tecnológico da Secretaria de Gestão de Pessoas do Ministério Público Federal.</p><p>2. Exonerar, a pedido, a partir de 1º de outubro de 2025, MARIO PINTO MONTEIRO, cedido ao Ministério Público Federal pelo Tribunal Superior Eleitoral, matrícula nº 33431, com exercício na Secretaria de Gestão de Pessoas, do cargo em comissão de Assessor Nível I, CC-1, da Unidade de Apoio Descentralizado da Secretaria-Geral do Ministério Público Federal.</p><p>3. Nomear DANIEL MOURA DA SILVA, ocupante do cargo de Técnico do MPU/Tecnologia da Informação e Comunicação, matrícula nº 19295, para exercer o cargo em comissão de Assessor Nível I, CC-1, da Unidade de Apoio Descentralizado da Secretaria-Geral do Ministério Público Federal, com exercício na Secretaria de Tecnologia da Informação e Comunicação.</p><p>4. Nomear RAFAELA VIEIRA RODRIGUES FINEZA para exercer o cargo em comissão de Assessora Nível I, CC-1, da Assessoria de Suporte Tecnológico da Secretaria de Gestão de Pessoas do Ministério Público Federal, com exercício na Coordenadoria de Gestão de Desempenho por Competência.</p><p class="assina">CLEUBER DELANO JOSE LISBOA FILHO</p>]]></Texto>
  </body>
  <Midias />
</article></xml>