﻿<xml><article id="45708790" name="Afastamento do Pais - Estela Mis" idOficio="11311684" pubName="DO2" artType="Despacho" pubDate="01/10/2025" artClass="00035:00048:00000:00000:00000:00000:00000:00000:00000:00000:00013:00000" artCategory="Ministério de Minas e Energia/Companhia de Pesquisa de Recursos Minerais" artSize="12" artNotes="" numberPage="92" pdfPage="http://pesquisa.in.gov.br/imprensa/jsp/visualiza/index.jsp?data=01/10/2025&amp;jornal=529&amp;pagina=92" editionNumber="187" highlightType="" highlightPriority="" highlight="" highlightimage="" highlightimagename="" idMateria="23153845">
  <body>
    <Identifica><![CDATA[ DESPACHO]]></Identifica>
    <Data><![CDATA[]]></Data>
    <Ementa />
    <Titulo />
    <SubTitulo />
    <Texto><![CDATA[<p class="identifica">DESPACHO</p><p>Processo SEI nº 48086.005924/2025-92, O Diretor-Presidente da Companhia de Pesquisa de Recursos Minerais - CPRM, no uso de suas atribuições legais, resolve autorizar o afastamento do país da Senhora Estela Fabiana Missio, Analista em Geociências do Departamento de Recursos Humanos - DERHU, do Serviço Geológico do Brasil - CPRM, viajar a Bogotá/Colômbia, com ônus, período de 05 a 10 de outubro de 2025. A referida viagem tem como objetivo participação de etapa do Curso de Altos Estudos de Política e Estratégia (CAEPE - 2025), programado pela Escola Superior de Guerra (ESG).</p><p class="assina">INÁCIO CAVALCANTE MELO NETO</p>]]></Texto>
  </body>
  <Midias />
</article></xml>