﻿<xml><article id="45712901" name="IFSULDEMINAS_RTF_Portaria_3072" idOficio="11315349" pubName="DO2" artType="Portaria" pubDate="01/10/2025" artClass="00025:00088:00001:00000:00000:00000:00000:00000:00000:00000:00017:00000" artCategory="Ministério da Educação/Instituto Federal de Educação, Ciência e Tecnologia do Sul de Minas Gerais/Reitoria" artSize="12" artNotes="" numberPage="39" pdfPage="http://pesquisa.in.gov.br/imprensa/jsp/visualiza/index.jsp?data=01/10/2025&amp;jornal=529&amp;pagina=39" editionNumber="187" highlightType="" highlightPriority="" highlight="" highlightimage="" highlightimagename="" idMateria="23159998">
  <body>
    <Identifica><![CDATA[ PORTARIA Nº 3.072/GAB-REITOR-IFSULDEMINAS, DE 30 DE SETEMBRO DE 2025]]></Identifica>
    <Data><![CDATA[]]></Data>
    <Ementa />
    <Titulo />
    <SubTitulo />
    <Texto><![CDATA[<p class="identifica">PORTARIA Nº 3.072/GAB-REITOR-IFSULDEMINAS, DE 30 DE SETEMBRO DE 2025</p><p>O REITOR SUBSTITUTO DO INSTITUTO FEDERAL DE EDUCAÇÃO, CIÊNCIA E TECNOLOGIA DO SUL DE MINAS GERAIS, nomeado pela Portaria nº 145, de 03.02.2025, publicada no D.O.U de 04.02.2025, seção 2, página 23, em conformidade com a Lei 11.892/08 e o que consta no Processo nº 23500.001872.2025-16, resolve:</p><p>Conceder Aposentadoria Voluntária com proventos integrais e paridade ao servidor SERGIO PEDINI, ocupante do cargo de Professor de Ensino Básico Técnico e Tecnológico, SIAPE nº 1296953, Classe/Nível T001, Código de Vaga nº 0349610, em regime de 40 (quarenta) horas semanais com Dedicação Exclusiva de trabalho, nos termos do art. 20, § 2º, I da Emenda Constitucional nº 103, de 12 de novembro de 2019.</p><p class="assina">CARLOS HENRIQUE RODRIGUES REINATO</p>]]></Texto>
  </body>
  <Midias />
</article></xml>