﻿<xml><article id="45708739" name="ATO PORTARIA SEGEP 146" idOficio="11314656" pubName="DO2" artType="Portaria" pubDate="01/10/2025" artClass="00047:00002:00021:00026:00016:00000:00000:00000:00000:00000:00017:00000" artCategory="Ministério da Saúde/Secretaria Executiva/Subsecretaria de Assuntos Administrativos/Superintendência Estadual do Ministério da Saúde em São Paulo/Serviço de Gestão de Pessoas" artSize="12" artNotes="" numberPage="104" pdfPage="http://pesquisa.in.gov.br/imprensa/jsp/visualiza/index.jsp?data=01/10/2025&amp;jornal=529&amp;pagina=104" editionNumber="187" highlightType="" highlightPriority="" highlight="" highlightimage="" highlightimagename="" idMateria="23159081">
  <body>
    <Identifica><![CDATA[ PORTARIA SEGEP/SP Nº 146, de 16 de setembro de 2025]]></Identifica>
    <Data><![CDATA[]]></Data>
    <Ementa />
    <Titulo />
    <SubTitulo />
    <Texto><![CDATA[<p class="identifica">PORTARIA SEGEP/SP Nº 146, de 16 de setembro de 2025</p><p>A CHEFE SUBSTITUTA DO SERVIÇO DE GESTÃO DE PESSOAS DA SUPERINTENDÊNCIA ESTADUAL DO MINISTÉRIO DA SAÚDE EM SÃO PAULO, de acordo com o Decreto nº 11.798, de 28 de novembro de 2023, alterado pelo Decreto nº 12.036, de 28 de maio de 2024 e conforme Apostilamento publicado no Boletim de Serviço Eletrônico nº 140, de 11 de dezembro de 2023 - Edição Extraordinária, combinado com o Apostilamento publicado no Boletim de Serviço Eletrônico nº 69, de 19 de junho de 2024 - Edição Extraordinária , e tendo em vista que consta do processo nº 25004.001308/2025-20, resolve:</p><p>Art. 1º Conceder aposentadoria voluntária à servidora JACQUELINE LAGO JACQUES PREZOTTO, matrícula SIAPE 0604278, ocupante do cargo de Agente Administrativo, Nível Intermediário, Classe S, Padrão V, do Quadro de Pessoal deste Ministério, com fundamento no Artigo 10º, §1º, inciso I da Emenda Constitucional nº 103/2019.</p><p>Art. 2º Os proventos serão calculados pela média aritmética, conforme artigo 26, § 2º, inciso II, da referida Emenda.</p><p>Art. 3º Declarar vago o cargo referido no art. 1º.</p><p>Art. 4º Esta portaria entra em vigor na data de sua publicação.</p><p class="assina">Cecília Kiyomi Maeda Harada</p>]]></Texto>
  </body>
  <Midias />
</article></xml>