﻿<xml><article id="45713003" name="ATO Portaria 1.532 DOU" idOficio="11315361" pubName="DO2" artType="Portaria" pubDate="01/10/2025" artClass="00066:00010:00001:00005:00001:00000:00000:00000:00000:00000:00017:00000" artCategory="Ministério Público da União/Ministério Público do Trabalho/Procuradoria-Geral/Departamento de Administração/Divisão de Editais e Contratos" artSize="12" artNotes="" numberPage="117" pdfPage="http://pesquisa.in.gov.br/imprensa/jsp/visualiza/index.jsp?data=01/10/2025&amp;jornal=529&amp;pagina=117" editionNumber="187" highlightType="" highlightPriority="" highlight="" highlightimage="" highlightimagename="" idMateria="23160031">
  <body>
    <Identifica><![CDATA[ Portaria nº 1.532, de 26 de setembro de 2025]]></Identifica>
    <Data><![CDATA[]]></Data>
    <Ementa />
    <Titulo />
    <SubTitulo />
    <Texto><![CDATA[<p class="identifica">Portaria nº 1.532, de 26 de setembro de 2025</p><p>A VICE-PROCURADORA-GERAL DO TRABALHO, no uso de suas atribuições legais, nos termos do art. 91, XXI, da Lei Complementar nº 75/93, de 20.5.1993, da Portaria nº 485, de 29.7.2016 da Procuradoria-Geral do Trabalho, resolve:</p><p>Art. 1º Designar o Subprocurador-Geral do Trabalho Sebastião Vieira Caixeta para substituir, com acumulação, no 3º Ofício Geral da Procuradoria Geral do Trabalho, com designação suspensa em razão da nomeação do Subprocurador-Geral do Trabalho Fábio Leal Cardoso para o cargo de Corregedor-Geral do Ministério Público do Trabalho, no período de 25.09.2025 a 28.09.2025.</p><p>Art. 2º Esta portaria entra em vigor na data de sua publicação.</p><p class="assina">Teresa Cristina D'Almeida Basteiro</p>]]></Texto>
  </body>
  <Midias />
</article></xml>