﻿<xml><article id="45715473" name="DOU2-SG_MPF-PGR-3-PT-941-UNI-PGR" idOficio="11315807" pubName="DO2" artType="Portaria" pubDate="01/10/2025" artClass="00066:00008:00006:00000:00000:00000:00000:00000:00000:00000:00017:00941" artCategory="Ministério Público da União/Ministério Público Federal/Secretaria-Geral" artSize="12" artNotes="" numberPage="113" pdfPage="http://pesquisa.in.gov.br/imprensa/jsp/visualiza/index.jsp?data=01/10/2025&amp;jornal=529&amp;pagina=113" editionNumber="187" highlightType="" highlightPriority="" highlight="" highlightimage="" highlightimagename="" idMateria="23160743">
  <body>
    <Identifica><![CDATA[ PORTARIA SG/MPF Nº 941, DE 26 DE SETEMBRO DE 2025]]></Identifica>
    <Data><![CDATA[]]></Data>
    <Ementa />
    <Titulo />
    <SubTitulo />
    <Texto><![CDATA[<p class="identifica">PORTARIA SG/MPF Nº 941, DE 26 DE SETEMBRO DE 2025</p><p>O SECRETÁRIO EXECUTIVO DA SECRETARIA-GERAL DO MINISTÉRIO PÚBLICO FEDERAL, no uso da competência que lhe foi atribuída pelo artigo 6º - inciso XXXII do Regimento Interno Administrativo do MPF, aprovado pela Portaria PGR/MPF nº 382, de 5 de maio de 2015, e pelo artigo 3º - inciso IV da Portaria SG/MPF nº 625, de 11 de julho de 2025, tendo em vista o disposto nos artigos 9º - inciso II e 35 - inciso I da Lei nº 8.112, de 11 de dezembro de 1990, e no Procedimento de Gestão Administrativa PGEA 1.00.000.000712/2025-30, resolve:</p><p>1. Exonerar BRUNO CANEDO DE FRANCA BORGES, ocupante do cargo de Técnico do MPU/Administração, matrícula nº 21575, do cargo em comissão de Assessor-Chefe Nível IV, CC-4, da Assessoria de Foros, Missões e Eventos da Secretaria de Cooperação Internacional da Procuradoria-Geral da República.</p><p>2. Nomear BRUNO CANEDO DE FRANCA BORGES, Bacharel em Comunicação Social, ocupante do cargo de Técnico do MPU/Administração, matrícula nº 21575, para exercer o cargo em comissão de Assessor-Chefe Nível V, CC-5, da Assessoria de Foros, Missões e Eventos da Secretaria de Cooperação Internacional da Procuradoria-Geral da República.</p><p class="assina">CLEUBER DELANO JOSE LISBOA FILHO</p>]]></Texto>
  </body>
  <Midias />
</article></xml>