﻿<xml><article id="45727634" name="PORTARIA CREF13BA NA 305 DE 18 D" idOficio="11315079" pubName="DO2" artType="Portaria" pubDate="01/10/2025" artClass="00071:00219:00000:00000:00000:00000:00000:00000:00000:00000:00017:00000" artCategory="Entidades de Fiscalização do Exercício das Profissões Liberais/Conselho Regional de Educação Física da 13ª Região" artSize="12" artNotes="" numberPage="138" pdfPage="http://pesquisa.in.gov.br/imprensa/jsp/visualiza/index.jsp?data=01/10/2025&amp;jornal=529&amp;pagina=138" editionNumber="187" highlightType="" highlightPriority="" highlight="" highlightimage="" highlightimagename="" idMateria="23159505">
  <body>
    <Identifica><![CDATA[ PORTARIA CREF13/BA Nº 305, DE 18 DE JULHO DE 2025]]></Identifica>
    <Data><![CDATA[]]></Data>
    <Ementa />
    <Titulo />
    <SubTitulo />
    <Texto><![CDATA[<p></p><p class="identifica">PORTARIA CREF13/BA Nº 305, DE 18 DE JULHO DE 2025</p><p>O PRESIDENTE DO CONSELHO REGIONAL DE EDUCAÇÃO FÍSICA DA 13ª REGIÃO - CREF13/BA, no uso de suas atribuições legais e estatutárias;</p><p>CONSIDERANDO a necessidade de nomeação de membros para compor a Câmara de Orientação e Ética, resolve:</p><p>Art. 1º TORNAR PÚBLICA a nomeação, em substituição, de ADOLFO LOUREIRO CARNEIRO, CREF nº 01083-G/BA, como membro da Câmara de Orientação e Ética deste Conselho, em lugar de ILMA COSTA SANTOS, CREF nº 005693-G/BA.</p><p>Art. 2º - Esta portaria retroage seus efeitos em 25 de julho de 2025.</p><p class="assina">Rogério Jean Moura Gonçalves</p>]]></Texto>
  </body>
  <Midias />
</article></xml>