﻿<xml><article id="45708955" name="port propessoas 4750 51 52 2025 " idOficio="11313659" pubName="DO2" artType="Portaria" pubDate="01/10/2025" artClass="00025:00130:00051:00000:00000:00000:00000:00000:00000:00000:00017:00000" artCategory="Ministério da Educação/Universidade Federal de São Paulo/Pró-Reitoria de Gestão com Pessoas" artSize="12" artNotes="" numberPage="53" pdfPage="http://pesquisa.in.gov.br/imprensa/jsp/visualiza/index.jsp?data=01/10/2025&amp;jornal=529&amp;pagina=53" editionNumber="187" highlightType="" highlightPriority="" highlight="" highlightimage="" highlightimagename="" idMateria="23156644">
  <body>
    <Identifica><![CDATA[ PORTARIAS DE 29 DE SETEMBRO DE 2025]]></Identifica>
    <Data><![CDATA[]]></Data>
    <Ementa />
    <Titulo />
    <SubTitulo />
    <Texto><![CDATA[<p class="identifica">PORTARIAS DE 29 DE SETEMBRO DE 2025</p><p>A Pró-Reitora de Gestão com Pessoas da Universidade Federal de São Paulo, no uso da competência que foi delegada pela Portaria nº 654 de 12/03/20, publicada no DOU de 13/03/20, resolve:</p><p>Nº 4.750 - Conceder aposentadoria voluntária ao servidor EDUARDO FERREIRA DE CASTRO NETO, Matrícula SIAPE nº 1138907, ocupante do cargo de Secretário Executivo, Classe E, Padrão de Vencimento 19, do Quadro de Pessoal da Universidade Federal de São Paulo, com base no Art. 20, §2°, Inciso I da Emenda Constitucional nº 103/2019, com proventos integrais (Processo SEI nº 23089.022692/2025-86).</p><p>Nº 4.751 - Conceder aposentadoria voluntária à servidora MARLENE ALVES CRUZ, Matrícula SIAPE nº 1136607, ocupante do cargo de Recreacionista, Classe D, Padrão de Vencimento 19, do Quadro de Pessoal da Universidade Federal de São Paulo, com base no Art. 20, §2°, Inciso I da Emenda Constitucional nº 103/2019, com proventos integrais (Processo SEI nº 23089.024612/2025-27).</p><p>Nº 4.752 - Conceder aposentadoria voluntária ao servidor RICARDO JOSE PELLIZZON, Matrícula SIAPE nº 1136471, ocupante do cargo de Operador de Máquina Copiadora, Classe C, Padrão de Vencimento 19, do Quadro de Pessoal da Universidade Federal de São Paulo, com base no Art. 20, §2°, Inciso I da Emenda Constitucional nº 103/2019, com proventos integrais (Processo SEI nº 23089.027390/2025-02).</p><p class="assina">ELAINE DAMASCENO</p>]]></Texto>
  </body>
  <Midias />
</article></xml>