﻿<xml><article id="45708466" name="PORTARIA N 1.432_23123155" idOficio="11293247" pubName="DO2" artType="Portaria" pubDate="01/10/2025" artClass="00066:00010:00001:00004:00000:00000:00000:00000:00000:00000:00017:00004" artCategory="Ministério Público da União/Ministério Público do Trabalho/Procuradoria-Geral/Diretoria-Geral" artSize="12" artNotes="" numberPage="116" pdfPage="http://pesquisa.in.gov.br/imprensa/jsp/visualiza/index.jsp?data=01/10/2025&amp;jornal=529&amp;pagina=116" editionNumber="187" highlightType="" highlightPriority="" highlight="" highlightimage="" highlightimagename="" idMateria="23123155">
  <body>
    <Identifica><![CDATA[ PORTARIA DG Nº 1.432, DE 16 DE SETEMBRO DE 2025]]></Identifica>
    <Data><![CDATA[]]></Data>
    <Ementa />
    <Titulo />
    <SubTitulo />
    <Texto><![CDATA[<p class="identifica">PORTARIA DG Nº 1.432, DE 16 DE SETEMBRO DE 2025</p><p>O DIRETOR-GERAL DO MINISTÉRIO PÚBLICO DO TRABALHO, no uso da competência que lhe foi atribuída pelo artigo 258 da Portaria PGT/MPT nº 1.162, de 7 de agosto de 2025, publicada no Boletim de Serviço Eletrônico nº 147, de 8 de agosto de 2025, e considerando o que consta no PGEA/MPT n° 20.02.0700.0001457/2025-28, resolve:</p><p>Art.1º Exonerar, a pedido, a servidora GIOVANA ROCHA FAÇANHA, matrícula 6003170-0, ocupante do cargo efetivo de Analista do MPU/Gestão Pública, do cargo em comissão de Diretora Regional, código CC-4, Procuradoria Regional do Trabalho da 7ª Região/CE.</p><p>Art.2º Nomear o servidor HANDERSON BEZERRA FERREIRA, matrícula 6005168-X, ocupante do cargo efetivo de Técnico do MPU/Administração, para o cargo em comissão de Diretor Regional, código CC-4, Procuradoria Regional do Trabalho da 7ª Região/CE.</p><p class="assina">JOÃO BATISTA MACHADO JÚNIOR</p>]]></Texto>
  </body>
  <Midias />
</article></xml>