﻿<xml><article id="45708373" name="PORTARIA N 806_23133412" idOficio="11299155" pubName="DO2" artType="Portaria" pubDate="01/10/2025" artClass="00070:00042:00001:00001:00000:00000:00000:00000:00000:00000:00017:00000" artCategory="Poder Judiciário/Tribunal Regional do Trabalho da 1ª Região/Presidência/Gabinete da Presidência" artSize="12" artNotes="" numberPage="130" pdfPage="http://pesquisa.in.gov.br/imprensa/jsp/visualiza/index.jsp?data=01/10/2025&amp;jornal=529&amp;pagina=130" editionNumber="187" highlightType="" highlightPriority="" highlight="" highlightimage="" highlightimagename="" idMateria="23133412">
  <body>
    <Identifica><![CDATA[ PORTARIA SGP Nº 806, DE 18 DE SETEMBRO DE 2025]]></Identifica>
    <Data><![CDATA[]]></Data>
    <Ementa />
    <Titulo />
    <SubTitulo />
    <Texto><![CDATA[<p class="identifica">PORTARIA SGP Nº 806, DE 18 DE SETEMBRO DE 2025</p><p>O PRESIDENTE DO TRIBUNAL REGIONAL DO TRABALHO DA PRIMEIRA REGIÃO, no uso de suas atribuições legais e regimentais, e tendo em vista o contido nos autos do PROAD nº 12572/2025, resolve:</p><p>I- Cessar os efeitos da Portaria nº 426/2023 - SGP, publicada no DOU, Seção 2, de 12/06/2023, que removeu para o Tribunal Regional do Trabalho da Décima Segunda Região, a Analista Judiciária - Área Judiciária , EMANUELA MAIA LAMAS, do Quadro de Pessoal deste Tribunal.</p><p>II- Redistribuir, com fundamento no art. 37 da Lei nº 8.112, de 11 de dezembro de 1990, o cargo da Carreira de Analista Judiciário - Área Judiciária, do Quadro de Pessoal deste Tribunal, ocupado pela servidora EMANUELA MAIA LAMAS para o Quadro de Pessoal do Tribunal Regional do Trabalho da Décima Segunda Região, em reciprocidade com o cargo da Carreira de Analista Judiciário - Área Judiciária do Quadro de Pessoal do Tribunal Regional do Trabalho da Décima Segunda Região, ocupado pela servidora JULIANA GOMES BAPTISTA.</p><p>III- Esta portaria entra em vigor a partir da publicação</p><p class="assina">ROQUE LUCARELLI DATTOLI</p>]]></Texto>
  </body>
  <Midias />
</article></xml>