﻿<xml><article id="45708964" name="Afastamento do Pais - Daniel Mor" idOficio="11311773" pubName="DO2" artType="Despacho" pubDate="01/10/2025" artClass="00035:00048:00000:00000:00000:00000:00000:00000:00000:00000:00013:00000" artCategory="Ministério de Minas e Energia/Companhia de Pesquisa de Recursos Minerais" artSize="12" artNotes="" numberPage="92" pdfPage="http://pesquisa.in.gov.br/imprensa/jsp/visualiza/index.jsp?data=01/10/2025&amp;jornal=529&amp;pagina=92" editionNumber="187" highlightType="" highlightPriority="" highlight="" highlightimage="" highlightimagename="" idMateria="23154014">
  <body>
    <Identifica><![CDATA[ DESPACHO]]></Identifica>
    <Data><![CDATA[]]></Data>
    <Ementa />
    <Titulo />
    <SubTitulo />
    <Texto><![CDATA[<p class="identifica">DESPACHO</p><p>Processo SEI nº 48035.001571/2025-57, O Diretor-Presidente da Companhia de Pesquisa de Recursos Minerais - CPRM, no uso de suas atribuições legais, resolve autorizar o afastamento do país do Senhor Daniel Medeiros Moreira, Analista em Geociências, da Divisão de Hidrologia Aplicada - DIHAPI, do Serviço Geológico do Brasil - CPRM, viajar a Arcachon e Toulouse, na França, com ônus limitado no período 05 a 22 de outubro de 2025. A referida viagem tem por objetivo apresentação de resultados científicos no encontro do time científico da missão espacial SWOT, bem como a realização de trabalho em equipe no laboratório LEGOS do IRD/CNES/CNRS.</p><p class="assina">INÁCIO CAVALCANTE MELO NETO</p>]]></Texto>
  </body>
  <Midias />
</article></xml>