﻿<xml><article id="45714923" name="ATO_1307" idOficio="11315743" pubName="DO2" artType="Ato" pubDate="01/10/2025" artClass="00070:00007:00001:00000:00000:00000:00000:00000:00000:00000:00001:00000" artCategory="Poder Judiciário/Tribunal Regional Federal da 1ª Região/Presidência" artSize="12" artNotes="" numberPage="125" pdfPage="http://pesquisa.in.gov.br/imprensa/jsp/visualiza/index.jsp?data=01/10/2025&amp;jornal=529&amp;pagina=125" editionNumber="187" highlightType="" highlightPriority="" highlight="" highlightimage="" highlightimagename="" idMateria="23160620">
  <body>
    <Identifica><![CDATA[ ATO Nº 1.307, DE 29 DE SETEMBRO DE 2025]]></Identifica>
    <Data><![CDATA[]]></Data>
    <Ementa />
    <Titulo />
    <SubTitulo />
    <Texto><![CDATA[<p class="identifica">ATO Nº 1.307, DE 29 DE SETEMBRO DE 2025</p><p>O PRESIDENTE DO TRIBUNAL REGIONAL FEDERAL DA 1ª REGIÃO, no uso de suas atribuições legais e regimentais, e tendo em vista o constante nos autos do PAe 0029477-85.2025.4.01.8000, resolve:</p><p>NOMEAR a servidora LORENA LEITE MACEDO BOSON, à disposição deste Tribunal, para exercer o Cargo em Comissão, Código CJ-1 de Assessor Técnico I, da Assessoria do Sr. Desembargador Federal João Carlos Mayer, em decorrência da exoneração de César de Alencar Oliveira Silva.</p><p class="assina">Des. JOÃO BATISTA MOREIRA</p>]]></Texto>
  </body>
  <Midias />
</article></xml>