﻿<xml><article id="45708514" name="ATO TRT7.GPNA 179.2025" idOficio="11312727" pubName="DO2" artType="Ato" pubDate="01/10/2025" artClass="00070:00048:00001:00009:00004:00000:00000:00000:00000:00000:00001:00001" artCategory="Poder Judiciário/Tribunal Regional do Trabalho da 7ª Região/Presidência/Diretoria-Geral/Secretaria de Pessoal" artSize="12" artNotes="" numberPage="132" pdfPage="http://pesquisa.in.gov.br/imprensa/jsp/visualiza/index.jsp?data=01/10/2025&amp;jornal=529&amp;pagina=132" editionNumber="187" highlightType="" highlightPriority="" highlight="" highlightimage="" highlightimagename="" idMateria="23155082">
  <body>
    <Identifica><![CDATA[ ATO TRT7.GP Nº 179, DE 23 DE SETEMBRO DE 2025]]></Identifica>
    <Data><![CDATA[]]></Data>
    <Ementa />
    <Titulo />
    <SubTitulo />
    <Texto><![CDATA[<p class="identifica">ATO TRT7.GP Nº 179, DE 23 DE SETEMBRO DE 2025</p><p>A PRESIDENTE DO TRIBUNAL REGIONAL DO TRABALHO DA 7ª REGIÃO, no uso de suas atribuições legais e regimentais, com fulcro no artigo 37 da Lei nº 8.112/1990, na forma regulamentada pela Resolução nº 146/2012 do Conselho Nacional de Justiça - CNJ e tendo em vista o PROAD Nº 5503/2025, resolve:</p><p>I - CESSAR, a contar de 1º/10/2025, os efeitos da Portaria TRT7.GP Nº 122/2023, publicada no DOU de 10/04/2023, referente à remoção da servidora CAMILA BAETA BALBI, Analista Judiciária - Área Judiciária do Quadro Permanente de Pessoal deste Tribunal, mediante permuta com o servidor do Tribunal Regional do Trabalho da 3ª Região, FRANCISCO CÉSAR SALOMÃO JÚNIOR.</p><p>II - redistribuir, a contar de 1º/10/2025, o cargo efetivo de Analista Judiciário - Área Judiciária, pertencente ao Quadro Permanente de Pessoal deste Regional, ocupado pela servidora CAMILA BAETA BALBI, enquadrado na Classe A, Padrão 4, para o Quadro de Pessoal do Tribunal Regional do Trabalho da 3ª Região, com o cargo de Analista Judiciário - Área Judiciária, ocupado pelo servidor FRANCISCO CÉSAR SALOMÃO JÚNIOR, enquadrado na Classe C, Padrão 13, para este Regional.</p><p class="assina">FERNANDA MARIA UCHOA DE ALBUQUERQUE</p>]]></Texto>
  </body>
  <Midias />
</article></xml>