﻿<xml><article id="45708634" name="ATO Portaria PRESI NA 170" idOficio="11305324" pubName="DO2" artType="Portaria" pubDate="01/10/2025" artClass="00070:00001:00000:00000:00000:00000:00000:00000:00000:00000:00017:00000" artCategory="Poder Judiciário/Supremo Tribunal Federal" artSize="12" artNotes="" numberPage="122" pdfPage="http://pesquisa.in.gov.br/imprensa/jsp/visualiza/index.jsp?data=01/10/2025&amp;jornal=529&amp;pagina=122" editionNumber="187" highlightType="" highlightPriority="" highlight="" highlightimage="" highlightimagename="" idMateria="23143924">
  <body>
    <Identifica><![CDATA[ Portaria Nº 170, DE 22 DE SETEMBRO DE 2025]]></Identifica>
    <Data><![CDATA[]]></Data>
    <Ementa />
    <Titulo />
    <SubTitulo />
    <Texto><![CDATA[<p class="identifica">Portaria Nº 170, DE 22 DE SETEMBRO DE 2025</p><p>O PRESIDENTE DO SUPREMO TRIBUNAL FEDERAL, no uso de suas atribuições, tendo em vista o art. 7º da Resolução STF 666, de 12 de março de 2020, e considerando o que consta do Processo Administrativo eletrônico 010850/2025, resolve:</p><p>Art. 1º Tornar pública a outorga da Permissão de Uso de imóvel da União, administrado pelo Supremo Tribunal Federal, a contar de 1º de outubro de 2025, a Ministro do STF.</p><p>Art. 2º Esta portaria entra em vigor na data de sua publicação.</p><p class="assina">Min. LUÍS ROBERTO BARROSO</p>]]></Texto>
  </body>
  <Midias />
</article></xml>