﻿<xml><article id="45709696" name="IFPR_RTF_Portarias_12-09-2025-10" idOficio="11281662" pubName="DO2" artType="Portaria" pubDate="01/10/2025" artClass="00025:00075:00004:00000:00000:00000:00000:00000:00000:00000:00017:00001" artCategory="Ministério da Educação/Instituto Federal de Educação, Ciência e Tecnologia do Paraná/Gabinete" artSize="12" artNotes="" numberPage="36" pdfPage="http://pesquisa.in.gov.br/imprensa/jsp/visualiza/index.jsp?data=01/10/2025&amp;jornal=529&amp;pagina=36" editionNumber="187" highlightType="" highlightPriority="" highlight="" highlightimage="" highlightimagename="" idMateria="23103112">
  <body>
    <Identifica><![CDATA[ PORTARIA Nº 11.447/IFPR, DE 11 DE SETEMBRO DE 2025]]></Identifica>
    <Data><![CDATA[]]></Data>
    <Ementa />
    <Titulo />
    <SubTitulo />
    <Texto><![CDATA[<p class="identifica">PORTARIA Nº 11.447/IFPR, DE 11 DE SETEMBRO DE 2025</p><p>O Reitor do Instituto Federal de Educação, Ciência e Tecnologia do Paraná, no uso da competência que lhe confere o Decreto de 06 de fevereiro de 2024, publicado no Diário Oficial da União no dia 07 de fevereiro de 2024, seção 2, página 01 e o que consta no Processo nº 23411.015532/2025-71, resolve:</p><p>Art 1º Conceder Aposentadoria voluntária com proventos integrais e paridade, à servidora JOCELAINE ESPINDOLA DA SILVA ARRUDA , matrícula SIAPE nº 3100835, cargo de Técnico em Assuntos Educacionais, classe E, padrão 013, regime de trabalho de 40 horas semanais de trabalho, do quadro permanente do Instituto Federal do Paraná, lotada no Campus Curitiba, com base no art. 20º, §2º, inciso I - Pedágio da EC nº 103/19, assegurando o percentual de 4% (quatro por cento) de gratificação de adicional por tempo de serviço amparado pelo art. 244 da Lei 8112/90; e o incentivo qualificação, amparado pela Lei nº 11.091/05, no percentual de 75% (setenta e cinco por cento).</p><p>Art 2º Declarar vago o cargo referido na presente Portaria.</p><p>Art 3º Esta Portaria tem efeitos a partir da sua publicação no DOU.</p><p class="assina">ADRIANO WILLIAN DA SILVA VIANA PEREIRA</p>]]></Texto>
  </body>
  <Midias />
</article></xml>