﻿<xml><article id="45708379" name="PORTARIA N 791_23132338" idOficio="11298354" pubName="DO2" artType="Portaria" pubDate="01/10/2025" artClass="00070:00042:00001:00001:00000:00000:00000:00000:00000:00000:00017:00000" artCategory="Poder Judiciário/Tribunal Regional do Trabalho da 1ª Região/Presidência/Gabinete da Presidência" artSize="12" artNotes="" numberPage="130" pdfPage="http://pesquisa.in.gov.br/imprensa/jsp/visualiza/index.jsp?data=01/10/2025&amp;jornal=529&amp;pagina=130" editionNumber="187" highlightType="" highlightPriority="" highlight="" highlightimage="" highlightimagename="" idMateria="23132338">
  <body>
    <Identifica><![CDATA[ PORTARIA SGP Nº 791, DE 10 DE SETEMBRO DE 2025]]></Identifica>
    <Data><![CDATA[]]></Data>
    <Ementa />
    <Titulo />
    <SubTitulo />
    <Texto><![CDATA[<p class="identifica">PORTARIA SGP Nº 791, DE 10 DE SETEMBRO DE 2025</p><p>O PRESIDENTE DO TRIBUNAL REGIONAL DO TRABALHO DA PRIMEIRA REGIÃO, no uso de suas atribuições legais e regimentais, e tendo em vista o que consta do PROAD 12621/2025, resolve:</p><p>Conceder aposentadoria voluntária à servidora GLAUCIA LIMA COSTA, no cargo de Técnico Judiciário, Área Administrativa, Classe C, Padrão 13, com proventos correspondentes à totalidade da remuneração no cargo efetivo, e fundamento no artigo 20, incisos I a IV, e §§ 2º, inciso I e 3º, inciso I, da Emenda Constitucional nº 103/2019, observando-se o acréscimo da vantagem pessoal nominalmente identificada nos termos do artigo 62- A da Lei nº 8.112/1990, com redação dada pelo artigo 3º, da MP nº 2225-45/2001, c/c entendimento decorrente do Recurso Extraordinário nº 638.115/CE c/c a alteração introduzida pelo parágrafo único do artigo 11 da Lei nº 11416/2006, incluído pela Lei nº 14687/2023, e assim também do adicional de qualificação previsto no artigo 15, inciso III da Lei nº 11.416/2006.</p><p class="assina">ROQUE LUCARELLI DATTOLI</p>]]></Texto>
  </body>
  <Midias />
</article></xml>