﻿<xml><article id="45712850" name="Portaria PR afastamento do pais " idOficio="11315316" pubName="DO2" artType="Despacho" pubDate="01/10/2025" artClass="00019:00038:00000:00000:00000:00000:00000:00000:00000:00000:00013:00000" artCategory="Ministério do Desenvolvimento, Indústria, Comércio e Serviços/Instituto Nacional da Propriedade Industrial" artSize="12" artNotes="" numberPage="26" pdfPage="http://pesquisa.in.gov.br/imprensa/jsp/visualiza/index.jsp?data=01/10/2025&amp;jornal=529&amp;pagina=26" editionNumber="187" highlightType="" highlightPriority="" highlight="" highlightimage="" highlightimagename="" idMateria="23159944">
  <body>
    <Identifica><![CDATA[ DESPACHO de  29 de setembro de 2025]]></Identifica>
    <Data><![CDATA[]]></Data>
    <Ementa />
    <Titulo />
    <SubTitulo />
    <Texto><![CDATA[<p class="identifica">DESPACHO de 29 de setembro de 2025</p><p>O PRESIDENTE DO INSTITUTO NACIONAL DA PROPRIEDADE INDUSTRIAL, no uso das suas atribuições e tendo em vista a competência que lhe foi delegada pela Portaria GM/MDIC nº 21, de 1º de março de 2023, autoriza o afastamento do país do servidor ANDERSON WILLIAN DE SOUZA BALTAZAR, Pesquisador em Propriedade Industrial, da Diretoria de Patentes, Programas de Computador e Topografias de Circuitos Integrados, do Instituto Nacional da Propriedade Industrial, para participar da "Reunião IPC/WG/54", que ocorrerá em Genebra, na Suíça, de 27 a 31 de outubro de 2025, promovida pela Organização Mundial da Propriedade Intelectual, com ônus, cujo período de afastamento é de 25 de outubro de 2025 a 01 de novembro de 2025, já computados os dias de trânsito.</p><p class="assina">JULIO CESAR CASTELO BRANCO REIS MOREIRA</p>]]></Texto>
  </body>
  <Midias />
</article></xml>