﻿<xml><article id="45711695" name="2025-09-30/11315141/TCUWS_231595" idOficio="11315141" pubName="DO2" artType="Portaria" pubDate="01/10/2025" artClass="00067:00005:00000:00000:00000:00000:00000:00000:00000:00000:00017:00133" artCategory="Tribunal de Contas da União/Gabinete do Presidente" artSize="12" artNotes="" numberPage="119" pdfPage="http://pesquisa.in.gov.br/imprensa/jsp/visualiza/index.jsp?data=01/10/2025&amp;jornal=529&amp;pagina=119" editionNumber="187" highlightType="" highlightPriority="" highlight="" highlightimage="" highlightimagename="" idMateria="23159597">
  <body>
    <Identifica><![CDATA[ PORTARIA-TCU Nº 133, DE 25 DE SETEMBRO DE 2025]]></Identifica>
    <Data><![CDATA[]]></Data>
    <Ementa />
    <Titulo />
    <SubTitulo />
    <Texto><![CDATA[<p class="identifica">PORTARIA-TCU Nº 133, DE 25 DE SETEMBRO DE 2025</p><p>O PRESIDENTE DO TRIBUNAL DE CONTAS DA UNIÃO, no uso da atribuição que lhe confere o art. 70, inciso III, da Lei nº 8.443, de 16 de julho de 1992, e tendo em vista as informações constantes do processo TC 017.643/2025-2, resolve:</p><p>CONCEDER APOSENTADORIA voluntária ao servidor MARCOS GONÇALVES, matrícula 3399-5, no cargo de Técnico Federal de Controle Externo, Área Técnica Operacional - NM, Classe Especial, Padrão 13, do Quadro de Pessoal da Secretaria deste Tribunal, com proventos integrais, calculados com fundamento no art. 20, §§ 2º, inciso I, e 3º, inciso I, da Emenda Constitucional nº 103, de 12 de novembro de 2019, acrescido da vantagem prevista no art. 67, redação original, da Lei nº 8112, de 11 de dezembro de 1990, assegurada pelo art. 13 da Lei nº 9.624, de 2 de abril de 1998.</p><p class="assina">Min. Vital do Rêgo</p>]]></Texto>
  </body>
  <Midias />
</article></xml>