﻿<xml><article id="45727619" name="PORTARIA CREF13BA NA 302 DE 18 D" idOficio="11315006" pubName="DO2" artType="Portaria" pubDate="01/10/2025" artClass="00071:00219:00000:00000:00000:00000:00000:00000:00000:00000:00017:00000" artCategory="Entidades de Fiscalização do Exercício das Profissões Liberais/Conselho Regional de Educação Física da 13ª Região" artSize="12" artNotes="" numberPage="137" pdfPage="http://pesquisa.in.gov.br/imprensa/jsp/visualiza/index.jsp?data=01/10/2025&amp;jornal=529&amp;pagina=137" editionNumber="187" highlightType="" highlightPriority="" highlight="" highlightimage="" highlightimagename="" idMateria="23159402">
  <body>
    <Identifica><![CDATA[ PORTARIA CREF13/BA Nº 302, DE 18 DE JULHO DE 2025]]></Identifica>
    <Data><![CDATA[]]></Data>
    <Ementa />
    <Titulo />
    <SubTitulo />
    <Texto><![CDATA[<p></p><p class="identifica">PORTARIA CREF13/BA Nº 302, DE 18 DE JULHO DE 2025</p><p>O PRESIDENTE DO CONSELHO REGIONAL DE EDUCAÇÃO FÍSICA DA 13ª REGIÃO - CREF13/BA, no uso de suas atribuições legais e estatutárias; CONSIDERANDO a necessidade de nomeação de membros para compor a Câmara de Fiscalização, resolve:</p><p>Art. 1º TORNAR PÚBLICA a saída de DANILO SANTOS BITTENCOURT, CREF nº 011671-G/BA da Câmara de Fiscalização que, a partir da publicação dessa portaria, deixa de ser membro, passando a ser presidente da Câmara de Fiscalização ILMA COSTASANTOS, CREF nº 005693-G/BA.</p><p>Art. 2º - Esta portaria retroage seus efeitos em 25 de julho de 2025.</p><p class="assina">Rogério Jean Moura Gonçalves</p>]]></Texto>
  </body>
  <Midias />
</article></xml>