﻿<xml><article id="45714315" name="PORTARIA NA 2647 DE 19 DE SETEMB" idOficio="11315558" pubName="DO2" artType="Portaria" pubDate="01/10/2025" artClass="00025:00103:00000:00000:00000:00000:00000:00000:00000:00000:00017:00012" artCategory="Ministério da Educação/Universidade Federal Fluminense" artSize="12" artNotes="" numberPage="42" pdfPage="http://pesquisa.in.gov.br/imprensa/jsp/visualiza/index.jsp?data=01/10/2025&amp;jornal=529&amp;pagina=42" editionNumber="187" highlightType="" highlightPriority="" highlight="" highlightimage="" highlightimagename="" idMateria="23160458">
  <body>
    <Identifica><![CDATA[ PORTARIA Nº 2.647, DE 19 DE SETEMBRO DE 2025]]></Identifica>
    <Data><![CDATA[]]></Data>
    <Ementa />
    <Titulo />
    <SubTitulo />
    <Texto><![CDATA[<p class="identifica">PORTARIA Nº 2.647, DE 19 DE SETEMBRO DE 2025</p><p>O REITOR DA UNIVERSIDADE FEDERAL FLUMINENSE, no uso de suas atribuições, e tendo em vista o que consta do Processo UFF n.º 23069.165421/2022-18, resolve:</p><p>Conceder aposentadoria voluntária a ANA MARIA CUPOLILLO BRUNO MORENA , matrícula SIAPE nº 302735, ocupante do cargo de Enfermeiro -Área, código 701029, Nível de Classificação E, Padrão de Vencimentos 19, do Quadro de Pessoal Permanente desta Universidade, código de vaga 233033, com fundamento no artigo 3º da Emenda Constitucional nº 47/2005 c/c o artigo 3º da Emenda Constitucional nº 103/2019, com proventos integrais, cumulativamente com o adicional por tempo de serviço no percentual de 13% (treze por cento).</p><p class="assina">ANTONIO CLAUDIO LUCAS DA NOBREGA</p>]]></Texto>
  </body>
  <Midias />
</article></xml>