﻿<xml><article id="45713121" name="2613 - CCIM" idOficio="11315410" pubName="DO2" artType="Portaria" pubDate="01/10/2025" artClass="00025:00148:00001:00014:00000:00000:00000:00000:00000:00000:00017:00011" artCategory="Ministério da Educação/Fundação Universidade Federal do Maranhão/Gabinete da Reitoria/Pró-Reitoria de Recursos Humanos" artSize="12" artNotes="" numberPage="57" pdfPage="http://pesquisa.in.gov.br/imprensa/jsp/visualiza/index.jsp?data=01/10/2025&amp;jornal=529&amp;pagina=57" editionNumber="187" highlightType="" highlightPriority="" highlight="" highlightimage="" highlightimagename="" idMateria="23160074">
  <body>
    <Identifica><![CDATA[ PORTARIA Nº 2.613, de 30 de setembro de 2025]]></Identifica>
    <Data><![CDATA[]]></Data>
    <Ementa />
    <Titulo />
    <SubTitulo />
    <Texto><![CDATA[<p class="identifica">PORTARIA Nº 2.613, de 30 de setembro de 2025</p><p>O REITOR DA UNIVERSIDADE FEDERAL DO MARANHÃO, no uso de suas atribuições e competências conferidas pelo Estatuto e Regimento Geral desta instituição, CONSIDERANDO a homologação do processo eleitoral para escolha de Coordenadores(as) de Cursos de Graduação da UFMA, regido pelo Edital n° 10/2025, de 29 de setembro de 2025, CONSIDERANDO o Centro de Ciências de Imperatriz/CCIM, CONSIDERANDO os autos do processo 23115.028340/2025-70, resolve:</p><p>Art. 1º Designar, para o mandato de 2 (dois) anos, com início em 01 de outubro de 2025, os(as) seguintes docentes para exercerem a função de Coordenador(a) de Curso de Graduação no Centro de Imperatriz:</p><p /><p></p><table><tr /><tr><td rowspan="1" colspan="1"><p>SIAPE</p></td><td rowspan="1" colspan="1"><p>COORDENADOR(A)</p></td><td rowspan="1" colspan="1"><p>SUBUNIDADE/CENTRO</p></td><td rowspan="1" colspan="1"><p>NÍVEL</p></td></tr><tr><td rowspan="1" colspan="1"><p>1877476</p></td><td rowspan="1" colspan="1"><p>CLEBER AUGUSTO PEREIRA</p></td><td rowspan="1" colspan="1"><p>COORDENAÇÃO DO CURSO CIÊNCIAS CONTÁBEIS/CCIM</p></td><td rowspan="1" colspan="1"><p>FUC-01</p></td></tr><tr><td rowspan="1" colspan="1"><p>1001275</p></td><td rowspan="1" colspan="1"><p>OSMAR PEDROCHI JUNIOR</p></td><td rowspan="1" colspan="1"><p>COORDENACAO DO CURSO DE LICENCIATURAS EM CIENCIAS NATURAIS IMPERATRIZ/CCIM</p></td><td rowspan="1" colspan="1"><p>FUC-01</p></td></tr><tr><td rowspan="1" colspan="1"><p>1522596</p></td><td rowspan="1" colspan="1"><p>VANDA MARIA LEITE PANTOJA</p></td><td rowspan="1" colspan="1"><p>COORDENACAO DO CURSO DE LICENCIATURAS EM CIENCIAS HUMANAS IMPERATRIZ/CCIM</p></td><td rowspan="1" colspan="1"><p>FUC-01</p></td></tr></table><p>Art. 2º Esta portaria entra em vigor na data de sua publicação.</p><p class="assina">FERNANDO CARVALHO SILVA</p>]]></Texto>
  </body>
  <Midias />
</article></xml>