﻿<xml><article id="45709282" name="PT861DCOMB_01-10" idOficio="11314151" pubName="DO2" artType="Portaria" pubDate="01/10/2025" artClass="00044:00019:00081:00275:00002:00005:00000:00000:00000:00000:00017:00032" artCategory="Ministério da Previdência Social/Instituto Nacional do Seguro Social/Diretoria de Gestão de Pessoas/Coordenação-Geral de Centralização do Regime Próprio de Previdência Social da União/Coordenação de Atendimento do RPPU/Divisão de Concessão e Manutenção de Benefícios do RPPU" artSize="12" artNotes="" numberPage="97" pdfPage="http://pesquisa.in.gov.br/imprensa/jsp/visualiza/index.jsp?data=01/10/2025&amp;jornal=529&amp;pagina=97" editionNumber="187" highlightType="" highlightPriority="" highlight="" highlightimage="" highlightimagename="" idMateria="23157999">
  <body>
    <Identifica><![CDATA[ PORTARIA DCOMB-RPPU/INSS Nº 861, DE 29 DE SETEMBRO DE 2025]]></Identifica>
    <Data><![CDATA[]]></Data>
    <Ementa />
    <Titulo />
    <SubTitulo />
    <Texto><![CDATA[<p class="identifica">PORTARIA DCOMB-RPPU/INSS Nº 861, DE 29 DE SETEMBRO DE 2025</p><p>A CHEFE DA DIVISÃO DE CONCESSÃO E MANUTENÇÃO DE BENEFÍCIOS DO RPPU - Substituta, da Coordenação de Atendimento do RPPU, vinculada à Coordenação-Geral de Centralização do RPPU, da Diretoria de Gestão de Pessoas do INSS, no uso das atribuições e a delegação de competência estabelecida pela PORTARIA DGP/INSS nº 05 de 18/04/2022, publicada no BSE de 19/04/2022, na PORTARIA MPS nº 3851 de 10/12/2024, publicada no DOU nº 240, de 13/12/2024, e Portaria/DGP/INSS nº 77, de 24/07/2025, publicada no BSE em 28/07/2025, conforme o constante no processo SEI nº 35014.330343/2025-98 e Tarefa PAT nº 1895025626, e na forma da legislação vigente, resolve:</p><p>Conceder aposentadoria voluntária ao servidor CAIO CLEBER CARVALHO DA SILVA, matrícula SIAPE 0757783, ocupante do cargo de Administrador, Classe S, Padrão V, do quadro de pessoal permanente do Instituto Nacional do Seguro Social, com fundamento no Artigo 20, § 2º, inciso I da Emenda Constitucional nº 103, de 2019 (Regra de Transição), com proventos integrais calculados com base na remuneração do servidor no cargo efetivo em que se der a aposentadoria e demais vantagens a que faz jus, na forma da lei, declarando, em consequência, o referido cargo vago.</p><p>Esta portaria entra em vigor na data de sua publicação.</p><p class="assina">JOSYLENE APARECIDA FERREIRA DE ALMEIDA</p>]]></Texto>
  </body>
  <Midias />
</article></xml>