﻿<xml><article id="45712847" name="Portaria 2946.5" idOficio="11315315" pubName="DO2" artType="Portaria" pubDate="01/10/2025" artClass="00032:00002:00006:00000:00000:00000:00000:00000:00000:00000:00017:00000" artCategory="Ministério da Integração e do Desenvolvimento Regional/Secretaria Executiva/Diretoria de Tecnologia da Informação" artSize="24" artNotes="" numberPage="71" pdfPage="http://pesquisa.in.gov.br/imprensa/jsp/visualiza/index.jsp?data=01/10/2025&amp;jornal=529&amp;pagina=71" editionNumber="187" highlightType="" highlightPriority="" highlight="" highlightimage="" highlightimagename="" idMateria="23159943">
  <body>
    <Identifica><![CDATA[ PORTARIA DTI/SE/MIDR Nº 2946, DE 24 DE SETEMBRO DE 2025]]></Identifica>
    <Data><![CDATA[]]></Data>
    <Ementa />
    <Titulo />
    <SubTitulo />
    <Texto><![CDATA[<p class="identifica">PORTARIA DTI/SE/MIDR Nº 2946, DE 24 DE SETEMBRO DE 2025</p><p>O DIRETOR DE TECNOLOGIA DA INFORMAÇÃO DO MINISTÉRIO DA INTEGRAÇÃO E DO DESENVOLVIMENTO REGIONAL, no uso de suas atribuições, tendo em vista o disposto no art. 30 da Portaria MIDR nº 1.184, de 15 de abril de 2024, alterada pela Portaria MIDR nº 2.800, de 11 de setembro de 2025, resolve:</p><p>Art. 1º Designar os servidores abaixo relacionados para atuarem como Ordenador de Despesas substituto e Gestores Financeiros, titular e substituto, da Unidade Gestora vinculada à Diretoria de Tecnologia da Informação (530031):</p><p /><p></p><table><tr /><tr><td rowspan="1" colspan="1"><p>DESIGNAÇÃO</p></td><td rowspan="1" colspan="1"><p>NOME</p></td><td rowspan="1" colspan="1"><p>MAT. SIAPE</p></td><td rowspan="1" colspan="1"><p>CPF</p></td></tr><tr><td rowspan="1" colspan="1"><p>Ordenador de Despesas Substituto</p></td><td rowspan="1" colspan="1"><p>Henrique Kineipp de Souza</p></td><td rowspan="1" colspan="1"><p>1628321</p></td><td rowspan="1" colspan="1"><p>***.177.001-**</p></td></tr><tr><td rowspan="1" colspan="1"><p>Gestor Financeiro Titular</p></td><td rowspan="1" colspan="1"><p>José Ronaldo Rios de Almeida Júnior</p></td><td rowspan="1" colspan="1"><p>1107922</p></td><td rowspan="1" colspan="1"><p>***.690.965-**</p></td></tr><tr><td rowspan="1" colspan="1"><p>Gestor Financeiro Substituto</p></td><td rowspan="1" colspan="1"><p>Jaylson Cirqueira Costa</p></td><td rowspan="1" colspan="1"><p>1760108</p></td><td rowspan="1" colspan="1"><p>***.494.701-**</p></td></tr></table><p>Art. 2º Designar Sandra de Souza Costa, matrícula SIAPE 1585845, CPF ***.864.202-**, para atuar como Responsável Titular pela Conformidade de Gestão e Rodrigo Ascenso Reis Ribeiro, matrícula SIAPE 1752888, CPF ***.840.901-**, para atuar como Responsável Substituto pela Conformidade de Gestão, na Unidade Gestora 530031.</p><p>Art. 3º Esta Portaria entra em vigor na data de sua publicação.</p><p class="assina">DANIEL PORTILHO TRONCOSO</p>]]></Texto>
  </body>
  <Midias />
</article></xml>