﻿<xml><article id="45709396" name="01-10-2025-ANTONIO RODRIGUES DA " idOficio="11314659" pubName="DO2" artType="Portaria" pubDate="01/10/2025" artClass="00047:00037:00012:00015:00000:00000:00000:00000:00000:00000:00017:00000" artCategory="Ministério da Saúde/Secretaria de Atenção Especializada à Saúde/Departamento de Gestão Hospitalar no Estado do Rio de Janeiro/Hospital Federal da Lagoa" artSize="12" artNotes="" numberPage="106" pdfPage="http://pesquisa.in.gov.br/imprensa/jsp/visualiza/index.jsp?data=01/10/2025&amp;jornal=529&amp;pagina=106" editionNumber="187" highlightType="" highlightPriority="" highlight="" highlightimage="" highlightimagename="" idMateria="23159085">
  <body>
    <Identifica><![CDATA[ Portaria 121/MS/HFL, de 29 de Setembro de 2025]]></Identifica>
    <Data><![CDATA[]]></Data>
    <Ementa />
    <Titulo />
    <SubTitulo />
    <Texto><![CDATA[<p class="identifica">Portaria 121/MS/HFL, de 29 de Setembro de 2025</p><p>O DIRETOR DO HOSPITAL FEDERAL DA LAGOA, nomeado pela Portaria nº 490, de 07/03/2023, publicada no D.O.U. nº 62, Seção 2, de 30/03/2023, no uso de suas atribuições e da competência que lhe foi delegada pela Portaria do GM/MS nº 187 de 30/01/2008, publicada no D.O.U. nº 22, Seção 02, de 31/01/2008, Resolve:</p><p>Conceder Aposentadoria Voluntária Comum, a contar da data da publicação ao servidor ANTÔNIO RODRIGUES DA SILVA, ocupante do cargo de Enfermeiro, Matrícula 0.628.266, Nível Superior, Classe S, Padrão V, do Quadro de Pessoal deste Ministério, lotado no Hospital Federal da Lagoa; com fundamento no Artigo 10, § 1º, I da EC 103/2019, com proventos tendo por Base de Cálculo Média Aritmética com fundamento no Artigo 26, § 2° da EC 103/2019.</p><p>(Processo nº 25000.117784/2025-00)</p><p class="assina">CLAUDIO FERREIRA COTTA</p>]]></Texto>
  </body>
  <Midias />
</article></xml>