﻿<xml><article id="45708637" name="ATO Portaria NA 168" idOficio="11310511" pubName="DO2" artType="Portaria" pubDate="01/10/2025" artClass="00070:00001:00000:00000:00000:00000:00000:00000:00000:00000:00017:00000" artCategory="Poder Judiciário/Supremo Tribunal Federal" artSize="12" artNotes="" numberPage="122" pdfPage="http://pesquisa.in.gov.br/imprensa/jsp/visualiza/index.jsp?data=01/10/2025&amp;jornal=529&amp;pagina=122" editionNumber="187" highlightType="" highlightPriority="" highlight="" highlightimage="" highlightimagename="" idMateria="23151800">
  <body>
    <Identifica><![CDATA[ Portaria Nº 168, DE 23 DE setembro DE 2025]]></Identifica>
    <Data><![CDATA[]]></Data>
    <Ementa />
    <Titulo />
    <SubTitulo />
    <Texto><![CDATA[<p class="identifica">Portaria Nº 168, DE 23 DE setembro DE 2025</p><p>O PRESIDENTE DO SUPREMO TRIBUNAL FEDERAL, no uso de suas atribuições e tendo em vista o art. 93, I, § 1º, da Lei nº 8.112, de 11 de dezembro de 1990, resolve:</p><p>Autorizar a cessão, ao Superior Tribunal de Justiça, pelo período de um ano, sem ônus para o cessionário, do servidor TIAGO VILLAFANE UDRY, Técnico Judiciário, área Administrativa, do Quadro de Pessoal deste Tribunal, para exercer o cargo em comissão de Chefe do Núcleo de Relações Interinstitucionais e Internacionais, nível CJ-1, da Secretaria-Geral da Escola Nacional de Formação e Aperfeiçoamento de Magistrados.</p><p class="assina">Min LUÍS ROBERTO BARROSO</p>]]></Texto>
  </body>
  <Midias />
</article></xml>