﻿<xml><article id="45709045" name="PORTARIA N 3.968_23157066" idOficio="11313719" pubName="DO2" artType="Portaria" pubDate="01/10/2025" artClass="00034:00063:00000:00000:00000:00000:00000:00000:00000:00000:00017:00000" artCategory="Ministério do Meio Ambiente e Mudança do Clima/Instituto Chico Mendes de Conservação da Biodiversidade" artSize="12" artNotes="" numberPage="79" pdfPage="http://pesquisa.in.gov.br/imprensa/jsp/visualiza/index.jsp?data=01/10/2025&amp;jornal=529&amp;pagina=79" editionNumber="187" highlightType="" highlightPriority="" highlight="" highlightimage="" highlightimagename="" idMateria="23157066">
  <body>
    <Identifica><![CDATA[ PORTARIA ICMBio Nº 3.968, DE 29 DE SETEMBRO DE 2025]]></Identifica>
    <Data><![CDATA[]]></Data>
    <Ementa />
    <Titulo />
    <SubTitulo />
    <Texto><![CDATA[<p class="identifica">PORTARIA ICMBio Nº 3.968, DE 29 DE SETEMBRO DE 2025</p><p>O PRESIDENTE DO INSTITUTO CHICO MENDES DE CONSERVAÇÃO DA BIODIVERSIDADE - ICMBio, no uso das competências atribuídas pelo artigo 15 do Decreto nº 12.258, de 25 de novembro de 2024, nomeado pela Portaria de Pessoal nº 2.464/Casa Civil, de 16 de maio de 2023, publicada no Diário Oficial da União de 17 de maio de 2023; resolve:</p><p>Dispensar, a pedido, WALDOMIRO DE PAULA LOPES, matrícula SIAPE nº 1407769, da função comissionada de Chefe de Unidade de Conservação, Código FCE 1.07, do Parque Nacional de Caparaó, do Instituto Chico Mendes de Conservação da Biodiversidade.</p><p class="assina">MAURO OLIVEIRA PIRES</p>]]></Texto>
  </body>
  <Midias />
</article></xml>