﻿<xml><article id="45709258" name="Portaria 4375" idOficio="11314943" pubName="DO2" artType="Portaria" pubDate="01/10/2025" artClass="00016:00047:00000:00000:00000:00000:00000:00000:00000:00000:00017:00000" artCategory="Ministério da Defesa/Secretaria-Geral" artSize="12" artNotes="" numberPage="20" pdfPage="http://pesquisa.in.gov.br/imprensa/jsp/visualiza/index.jsp?data=01/10/2025&amp;jornal=529&amp;pagina=20" editionNumber="187" highlightType="" highlightPriority="" highlight="" highlightimage="" highlightimagename="" idMateria="23159368">
  <body>
    <Identifica><![CDATA[ PORTARIA SG-MD N° 4.375, de 25 de setembro de 2025]]></Identifica>
    <Data><![CDATA[]]></Data>
    <Ementa />
    <Titulo />
    <SubTitulo />
    <Texto><![CDATA[<p class="identifica">PORTARIA SG-MD N° 4.375, de 25 de setembro de 2025</p><p>A SECRETÁRIA-GERAL DO MINISTÉRIO DA DEFESA, no uso das atribuições que lhe conferem o inciso VI do art. 2º da Portaria GM-MD nº 5.863, combinada com a Portaria GM-MD nº 5.864, ambas de 23 de dezembro de 2024, e considerando o que consta no Processo Administrativo nº 60540.000040/2025-32, resolve:</p><p>AUTORIZAR o afastamento do país do servidor FRANSELMO ARAÚJO COSTA, Diretor do Departamento Programa Calha Norte, para participar do 52º Seminário Internacional de Orçamento Público, organizado pela Associação Internacional de Orçamento Público - ASIP, que acontecerá na cidade de Santo Domingo/República Dominicana, no período de 4 a 6 de novembro de 2025.</p><p>O afastamento dar-se-á no período de 3 a 8 de novembro de 2025, incluído o trânsito, com ônus para o Ministério da Defesa, correspondente ao pagamento de passagens aéreas, seguro-viagem, de meias diárias no dia da saída e do regresso ao país, e de diárias integrais nos demais dias.</p><p>A missão é considerada eventual e de natureza administrativa, estando enquadrada nos termos da alínea "c" dos incisos I e II, ambas do art. 3º, combinado com o art. 11, todos da Lei nº 5.809, de 10 de outubro de 1972, regulamentada pelo Decreto nº 71.733, de 18 de janeiro de 1973, e suas alterações.</p><p class="assina">CINARA WAGNER FREDO</p>]]></Texto>
  </body>
  <Midias />
</article></xml>