﻿<xml><article id="45720710" name="ATO Afastamento do pais__1L6FDE" idOficio="11304248" pubName="DO2" artType="Despacho" pubDate="01/10/2025" artClass="00041:00024:00000:00000:00000:00000:00000:00000:00000:00000:00013:00000" artCategory="Ministério de Portos e Aeroportos/Companhia das Docas do Estado da Bahia" artSize="12" artNotes="" numberPage="94" pdfPage="http://pesquisa.in.gov.br/imprensa/jsp/visualiza/index.jsp?data=01/10/2025&amp;jornal=529&amp;pagina=94" editionNumber="187" highlightType="" highlightPriority="" highlight="" highlightimage="" highlightimagename="" idMateria="23142164">
  <body>
    <Identifica><![CDATA[Despacho]]></Identifica>
    <Data><![CDATA[]]></Data>
    <Ementa />
    <Titulo />
    <SubTitulo />
    <Texto><![CDATA[<p class="identifica">Despacho</p><p>O DIRETOR PRESIDENTE DA COMPANHIA DAS DOCAS DO ESTADO DA BAHIA - CODEBA, considerando o disposto na PORTARIA Nº 567, DE 26 DE NOVEMBRO DE 2024 do Ministério de Portos e Aeroportos, e com base nas informações contidas do Processo Nº 50903.002605/2025-04,</p><p>AUTORIZA o afastamento do País do Sr. JOSÉ DEMÉTRIUS SILVA MOURA, CPF 965.XXX.XXX-74, ocupante do cargo de Diretor Empresarial e de Relação om o Mercado, para participar de Visitas Técnicas e Reuniões com os Portos de Portugal e a Embaixadas do Brasil em Lisboa, para organização da Missão Portuária Comercial Bahia-Portugal e Paris-França para encontro com representantes da empresa EDF, no período de 23 a 29/09/2025, com o afastamento total ocorrendo de 22 a 30/09/2025, incluindo deslocamento.</p><p class="assina">ANTONIO GOBBO</p>]]></Texto>
  </body>
  <Midias />
</article></xml>