﻿<xml><article id="45720002" name="Portaria CFO-SEC-224-2025 - PROR" idOficio="11314933" pubName="DO2" artType="Portaria" pubDate="01/10/2025" artClass="00071:00051:00000:00000:00000:00000:00000:00000:00000:00000:00017:00000" artCategory="Entidades de Fiscalização do Exercício das Profissões Liberais/Conselho Federal de Odontologia" artSize="12" artNotes="" numberPage="137" pdfPage="http://pesquisa.in.gov.br/imprensa/jsp/visualiza/index.jsp?data=01/10/2025&amp;jornal=529&amp;pagina=137" editionNumber="187" highlightType="" highlightPriority="" highlight="" highlightimage="" highlightimagename="" idMateria="23159307">
  <body>
    <Identifica><![CDATA[ PORTARIA CFO-SEC Nº 224, DE 29 DE SETEMBRO DE 2025]]></Identifica>
    <Data><![CDATA[]]></Data>
    <Ementa />
    <Titulo />
    <SubTitulo />
    <Texto><![CDATA[<p class="identifica">PORTARIA CFO-SEC Nº 224, DE 29 DE SETEMBRO DE 2025</p><p>O Secretário-Geral do Conselho Federal de Odontologia, no uso das atribuições legais que lhe confere o art. 7º da Lei nº 4.324/1964 e em conformidade com a legislação vigente;</p><p>Considerando a necessidade de dar continuidade aos atos administrativos do Processo Administrativo Disciplinar 0505/2025,</p><p>Considerando que o processo ainda não findou porque o investigado apresentou atestado médico bem como solicitou o adiamento de seu depoimento pessoal;</p><p>Considerando os princípios constitucionais aplicáveis à administração pública, sobretudo os da moralidade, da legalidade, da impessoalidade, da segurança jurídica e da supremacia do interesse público, resolve:</p><p>Art. 1º. Prorrogar, por 60 (sessenta) dias úteis, o prazo de conclusão dos trabalhos da Comissão de Processo Administrativo Disciplinar, fixado na Portaria CFO-SEC-177, de 11 de julho de 2025, referente ao Processo nº 0505/2025, ante as razões apresentadas na ATA DELIBERATIVA n.º 006/2025 de 26 de setembro do ano de 2025.</p><p>Art. 2º. Esta Portaria entra em vigor na data de sua publicação.</p><p class="assina">ROBERTO DE SOUSA PIRES</p><p class="cargo">Em exercício</p>]]></Texto>
  </body>
  <Midias />
</article></xml>