﻿<xml><article id="45713544" name="Portaria de Pessoal 5 SR(02)CE" idOficio="11315502" pubName="DO2" artType="Portaria" pubDate="01/10/2025" artClass="00017:00028:00038:00000:00000:00000:00000:00000:00000:00000:00017:00001" artCategory="Ministério do Desenvolvimento Agrário e Agricultura Familiar/Instituto Nacional de Colonização e Reforma Agrária/Superintendência Regional no Ceará" artSize="12" artNotes="" numberPage="25" pdfPage="http://pesquisa.in.gov.br/imprensa/jsp/visualiza/index.jsp?data=01/10/2025&amp;jornal=529&amp;pagina=25" editionNumber="187" highlightType="" highlightPriority="" highlight="" highlightimage="" highlightimagename="" idMateria="23160197">
  <body>
    <Identifica><![CDATA[ Portaria de Pessoal Nº 5, DE 30 DE SETEMBRO DE 2025]]></Identifica>
    <Data><![CDATA[]]></Data>
    <Ementa />
    <Titulo />
    <SubTitulo />
    <Texto><![CDATA[<p class="identifica">Portaria de Pessoal Nº 5, DE 30 DE SETEMBRO DE 2025</p><p>O SUPERINTENDENTE REGIONAL DO INSTITUTO NACIONAL DE COLONIZAÇÃO E REFORMA AGRÁRIA - INCRA, no Estado do Ceará, no uso das atribuições que lhe são conferidas pelo art. 23 da Estrutura Regimental do INCRA, aprovada pelo Decreto nº 11.232, de 10 de outubro de 2022, publicado no DOU nº 194, de 11 de outubro de 2022, combinado com o artigo 153, inciso XVI, do Regimento Interno desta Autarquia, aprovado pela Portaria nº 925, de 30 de dezembro de 2024, publicado no Diário Oficial da União - DOU nº 251, de 31 de dezembro de 2024, e considerando as informações contidas no Processo Administrativo n.º 54000.106114/2025-58, resolve:</p><p>Conceder aposentadoria voluntária a PAULO ROBERTO FONTES BARQUETE, matrícula SIAPE nº 6719735, ocupante do cargo efetivo de Analista de Reforma e Desenvolvimento Agrário Classe "S", Padrão V, do Quadro de Pessoal deste Instituto, lotado nesta Superintendência Regional, com fundamento no artigo 20, §2, inciso I - Pedágio Paridade, da Emenda Constitucional nº 103/2019.</p><p class="assina">FRANCISCO ERIVANDO SANTOS DE SOUSA</p>]]></Texto>
  </body>
  <Midias />
</article></xml>