﻿<xml><article id="45708367" name="Portaria_IFSP_2025_7590_Apos_Vol" idOficio="11314413" pubName="DO2" artType="Portaria" pubDate="01/10/2025" artClass="00025:00084:00000:00000:00000:00000:00000:00000:00000:00000:00017:00001" artCategory="Ministério da Educação/Instituto Federal de Educação, Ciência e Tecnologia de São Paulo" artSize="12" artNotes="" numberPage="38" pdfPage="http://pesquisa.in.gov.br/imprensa/jsp/visualiza/index.jsp?data=01/10/2025&amp;jornal=529&amp;pagina=38" editionNumber="187" highlightType="" highlightPriority="" highlight="" highlightimage="" highlightimagename="" idMateria="23158696">
  <body>
    <Identifica><![CDATA[ PORTARIA Nº 7.590/IFSP, DE 29 DE SETEMBRO DE 2025]]></Identifica>
    <Data><![CDATA[]]></Data>
    <Ementa />
    <Titulo />
    <SubTitulo />
    <Texto><![CDATA[<p class="identifica">PORTARIA Nº 7.590/IFSP, DE 29 DE SETEMBRO DE 2025</p><p>O REITOR DO INSTITUTO FEDERAL DE EDUCAÇÃO, CIÊNCIA E TECNOLOGIA DE SÃO PAULO, no uso de suas atribuições legais, conferidas pelo Decreto de 31 de março de 2025, publicado no Diário Oficial da União de 1 de abril de 2025, seção 2, página 1 e o que consta no Processo nº 23305.015964.2025-90, resolve:</p><p>Conceder Aposentadoria com proventos integrais e paridade ao servidor EDISON JOSE DE AGUIAR, ocupante do cargo de Médico-Área, SIAPE nº 278****, Código de Vaga nº 215133, Classe E, Nível 019, lotado no campus Reitoria, em regime de 40 horas semanais, nos termos do art. 4º, § 6º, inciso e § 8º da Emenda Constitucional nº 103/2019; assegurando o Anuênio de 9% - Art. 244, Lei 8.112/90 e o Incentivo à Qualificação IQ - 30%, Lei 11.091/05.</p><p>DECLARAR a existência de 01 (uma) vaga de Médico-Área.</p><p class="assina">Silmario Batista dos Santos</p>]]></Texto>
  </body>
  <Midias />
</article></xml>