﻿<xml><article id="45714303" name="PORTARIA NA 2641 DE 19 DE SETEMB" idOficio="11315558" pubName="DO2" artType="Portaria" pubDate="01/10/2025" artClass="00025:00103:00000:00000:00000:00000:00000:00000:00000:00000:00017:00007" artCategory="Ministério da Educação/Universidade Federal Fluminense" artSize="12" artNotes="" numberPage="42" pdfPage="http://pesquisa.in.gov.br/imprensa/jsp/visualiza/index.jsp?data=01/10/2025&amp;jornal=529&amp;pagina=42" editionNumber="187" highlightType="" highlightPriority="" highlight="" highlightimage="" highlightimagename="" idMateria="23160448">
  <body>
    <Identifica><![CDATA[ PORTARIA DE PESSOAL/UFF Nº 906 de 8 de julho de 2021]]></Identifica>
    <Data><![CDATA[]]></Data>
    <Ementa />
    <Titulo />
    <SubTitulo />
    <Texto><![CDATA[<p class="identifica">PORTARIA DE PESSOAL/UFF Nº 906 de 8 de julho de 2021</p><p>O REITOR DA UNIVERSIDADE FEDERAL FLUMINENSE, no uso de suas atribuições, e tendo em vista o que consta do Processo UFF n.º 23069.181652/2025-11, resolve:</p><p>Conceder aposentadoria compulsória, a partir de 20/09/2025, a PAULO ROBERTO ALVES DOS SANTOS , matrícula SIAPE nº 775313,ocupante do cargo de Professor do Magistério Superior, Classe B, Nível 004, do Plano de Carreiras e Cargos de Magistério Federal, do Quadro de Pessoal Permanente desta Universidade, código de vaga 239078, com fundamento no artigo 40, § 1º, inciso II, da Constituição Federal de 05/10/88 c/c o artigo10, § 1º, inciso III da Emenda Constitucional 103/19, com proventos proporcionais calculados com base no artigo 26, § 4º da Emenda Constitucional103/19.</p><p class="assina">ANTONIO CLAUDIO LUCAS DA NOBREGA</p>]]></Texto>
  </body>
  <Midias />
</article></xml>