﻿<xml><article id="45714372" name="Portaria 1664" idOficio="11315590" pubName="DO2" artType="Portaria" pubDate="01/10/2025" artClass="00048:00001:00000:00000:00000:00000:00000:00000:00000:00000:00017:00000" artCategory="Ministério do Trabalho e Emprego/Gabinete do Ministro" artSize="12" artNotes="" numberPage="109" pdfPage="http://pesquisa.in.gov.br/imprensa/jsp/visualiza/index.jsp?data=01/10/2025&amp;jornal=529&amp;pagina=109" editionNumber="187" highlightType="" highlightPriority="" highlight="" highlightimage="" highlightimagename="" idMateria="23160424">
  <body>
    <Identifica><![CDATA[ PORTARIA MTE Nº 1.664, DE 30 DE SETEMBRO DE 2025]]></Identifica>
    <Data><![CDATA[]]></Data>
    <Ementa />
    <Titulo />
    <SubTitulo />
    <Texto><![CDATA[<p class="identifica">PORTARIA MTE Nº 1.664, DE 30 DE SETEMBRO DE 2025</p><p>O MINISTRO DE ESTADO DO TRABALHO E EMPREGO - Substituto, no uso das atribuições que lhe confere o artigo 2º, inciso II, do Decreto nº 11.123, de 7 de julho de 2022, e considerando a decisão de antecipação de tutela proferida no bojo do Processo nº 5058556-38.2022.4.04.7000/PR, pela 1ª Vara Federal de Curitiba da Seção Judiciária do Paraná, cuja exequibilidade foi atestada pelo FORÇA EXECUTÓRIA Nº 00022/2025/CORESENS/PRU4R/PGU/AGU - Processo nº 13068.207101/2025-33, resolve:</p><p>Art. 1º Reconhecer, até ulterior decisão judicial, a nulidade da decisão administrativa ministerial que aplicou a pena de demissão a SÉRGIO SILVEIRA DE BARROS, matrícula SIAPE nº 0255902, veiculada pela Portaria nº 225, de 4 de abril de 2018, publicada no Diário Oficial da União nº 65, de 05 de abril de 2018, seção 2, página 53.</p><p>Art. 2º Declarar, até ulterior decisão judicial, a prescrição da punibilidade das 14 infrações administrativas sujeitas à pena de suspensão no âmbito do Processo Administrativo Disciplinar nº 47909.000821/2015-71.</p><p>Art. 3º Determinar a imediata reintegração, até ulterior decisão judicial, do servidor SÉRGIO SILVEIRA DE BARROS, CPF ***.586.719-**, matrícula SIAPE nº 0255902, ao cargo de Auditor-Fiscal do Trabalho, no Quadro de Pessoal da Superintendência Regional do Trabalho e Emprego no Estado do Paraná, sem pagamento de valores atrasados.</p><p>Art. 4º Esta Portaria entra em vigor na data de sua publicação, devendo ser comunicada às unidades envolvidas e registradas nos sistemas pertinentes.</p><p class="assina">FRANCISCO MACENA DA SILVA</p>]]></Texto>
  </body>
  <Midias />
</article></xml>