﻿<xml><article id="45711674" name="Afasta Cicero_Giceli_Henrique_We" idOficio="11315087" pubName="DO2" artType="Despacho" pubDate="01/10/2025" artClass="00025:00136:00000:00000:00000:00000:00000:00000:00000:00000:00013:00000" artCategory="Ministério da Educação/Universidade Tecnológica Federal do Paraná" artSize="12" artNotes="" numberPage="54" pdfPage="http://pesquisa.in.gov.br/imprensa/jsp/visualiza/index.jsp?data=01/10/2025&amp;jornal=529&amp;pagina=54" editionNumber="187" highlightType="" highlightPriority="" highlight="" highlightimage="" highlightimagename="" idMateria="23159513">
  <body>
    <Identifica><![CDATA[ Despacho]]></Identifica>
    <Data><![CDATA[]]></Data>
    <Ementa />
    <Titulo />
    <SubTitulo />
    <Texto><![CDATA[<p class="identifica">Despacho</p><p>O Reitor da UNIVERSIDADE TECNOLÓGICA FEDERAL DO PARANÁ (UTFPR), no uso da competência que lhe foi subdelegada pela Portaria/MEC n° 204, de 06 de fevereiro de 2020, AUTORIZA o afastamento do país de:</p><p>CICERO MARTELLI, ocupante do cargo efetivo de Professor do Magistério Superior, no período de 17/10/2025 a 24/10/2025, para participar do IEEE SENSORS 2025, promovido pelo IEEE - Institute of Electrical and Electronics Engineers, na cidade de Vancouver, Canadá, com ônus UTFPR (Processo n° 23064.041104/2025-91);</p><p>GICELI PORTELA CUNICO DE OLIVEIRA, ocupante do cargo efetivo de Professor do Magistério Superior, no período de 10/10/2025 a 19/10/2025, para participar, do Journées de Rencontres sur la Réhabilitation des Monuments d'Habitat Social, promovido pela Escola Nacional Superior de Arquitetura de Paris-Belleville (ENSA PB), na cidade de Paris, França, com ônus UTFPR (Processo n° 23064.036837/2025-12);</p><p>HENRIQUE AJUZ HOLZMANN, ocupante do cargo efetivo de Professor do Magistério Superior, no período de 01/11/2025 a 08/11/2025, para realizar visita à Universidade de Buenos Aires - UBA, visando a criação de parcerias para o Programa de Pós-Graduação em Informática (PPGIT) da UTFPR, na cidade de Buenos Aires, Argentina, com ônus UTFPR (Processo n° 23064.045548/2025-04);</p><p>WESLEY ANGELINO DE SOUZA, ocupante do cargo efetivo de Professor do Magistério Superior, no período de 12/10/2025 a 19/10/2025, para participar, do 51th Annual Conference of the IEEE Industrial Electronics Society (IECON 2025), na cidade de Madrid, Espanha, com ônus UTFPR (Processo n° 23064.042594/2025-43).</p><p class="assina">EVERTON RICARDI LOZANO DA SILVA</p>]]></Texto>
  </body>
  <Midias />
</article></xml>