﻿<xml><article id="45714282" name="PORTARIA NA 2653 DE 19 DE SETEMB" idOficio="11315558" pubName="DO2" artType="Portaria" pubDate="01/10/2025" artClass="00025:00103:00000:00000:00000:00000:00000:00000:00000:00000:00017:00019" artCategory="Ministério da Educação/Universidade Federal Fluminense" artSize="12" artNotes="" numberPage="43" pdfPage="http://pesquisa.in.gov.br/imprensa/jsp/visualiza/index.jsp?data=01/10/2025&amp;jornal=529&amp;pagina=43" editionNumber="187" highlightType="" highlightPriority="" highlight="" highlightimage="" highlightimagename="" idMateria="23160452">
  <body>
    <Identifica><![CDATA[ PORTARIA Nº 2.653, DE 19 DE SETEMBRO DE 2025]]></Identifica>
    <Data><![CDATA[]]></Data>
    <Ementa />
    <Titulo />
    <SubTitulo />
    <Texto><![CDATA[<p class="identifica">PORTARIA Nº 2.653, DE 19 DE SETEMBRO DE 2025</p><p>O REITOR DA UNIVERSIDADE FEDERAL FLUMINENSE, no uso de suas atribuições, e tendo em vista o que consta do Processo UFF n.º 23069.167761/2025-18, resolve:</p><p>Conceder aposentadoria voluntária a MARIA CRISTINA REIS GUIMARAES, matrícula SIAPE nº 1092801, ocupante do cargo de COZINHEIRO, código 701422, Nível de Classificação C, Padrão de Vencimentos 19, do Quadro de Pessoal Permanente desta Universidade, código de vaga 240437, com fundamento no artigo 4º, § 6º, Inciso I e § 8º da Emenda Constitucional nº 103/19, com proventos integrais, cumulativamente com o adicional por tempo de serviço no percentual de 4% (quatro por cento).</p><p class="assina">ANTONIO CLAUDIO LUCAS DA NOBREGA</p>]]></Texto>
  </body>
  <Midias />
</article></xml>