﻿<xml><article id="45713466" name="Portaria 1703_2025 (1)" idOficio="11315493" pubName="DO2" artType="Portaria" pubDate="01/10/2025" artClass="00025:00074:00001:00000:00000:00000:00000:00000:00000:00000:00017:00000" artCategory="Ministério da Educação/Instituto Federal de Educação, Ciência e Tecnologia da Paraíba/Reitoria" artSize="12" artNotes="" numberPage="34" pdfPage="http://pesquisa.in.gov.br/imprensa/jsp/visualiza/index.jsp?data=01/10/2025&amp;jornal=529&amp;pagina=34" editionNumber="187" highlightType="" highlightPriority="" highlight="" highlightimage="" highlightimagename="" idMateria="23160188">
  <body>
    <Identifica><![CDATA[ PORTARIA Nº 1.713/ REITORIA/IFPB, de 29 de setembro de 2025]]></Identifica>
    <Data><![CDATA[]]></Data>
    <Ementa />
    <Titulo />
    <SubTitulo />
    <Texto><![CDATA[<p class="identifica">PORTARIA Nº 1.713/ REITORIA/IFPB, de 29 de setembro de 2025</p><p>A REITORA DO INSTITUTO FEDERAL DE EDUCAÇÃO, CIÊNCIA E TECNOLOGIA DA PARAÍBA, nomeada pelo Decreto Presidencial de 18-10-2022, publicado no Diário Oficial da União em 19-10-2022, no uso de suas atribuições legais, e considerando o que consta no Processo nº 23326.009271.2025-10, resolve:</p><p>Art. 1º Autorizar o afastamento do país do(a) servidor(a) Marcos Alyssandro Soares dos Anjos, ocupante do cargo de Professor do Ensino Básico, Técnico e Tecnológico, do Quadro Permanente de Pessoal deste Instituto, Campus João Pessoa, com ônus, durante o período de 08-12-2025 a 20-12-2025, com o objetivo de participar de missão acadêmico-científica junto à Universidade do Minho em Guimarães, Portugal.</p><p class="assina">MARY ROBERTA MEIRA MARINHO</p>]]></Texto>
  </body>
  <Midias />
</article></xml>