﻿<xml><article id="45715356" name="25-174-Libia-Exonera CJ-1" idOficio="11315734" pubName="DO2" artType="Ato" pubDate="01/10/2025" artClass="00070:00060:00001:00000:00000:00000:00000:00000:00000:00000:00001:00002" artCategory="Poder Judiciário/Tribunal Regional do Trabalho da 19ª Região/Presidência" artSize="12" artNotes="" numberPage="135" pdfPage="http://pesquisa.in.gov.br/imprensa/jsp/visualiza/index.jsp?data=01/10/2025&amp;jornal=529&amp;pagina=135" editionNumber="187" highlightType="" highlightPriority="" highlight="" highlightimage="" highlightimagename="" idMateria="23160639">
  <body>
    <Identifica><![CDATA[ ATO Nº 174, DE 29 DE SETEMBRO DE 2025]]></Identifica>
    <Data><![CDATA[]]></Data>
    <Ementa />
    <Titulo />
    <SubTitulo />
    <Texto><![CDATA[<p class="identifica">ATO Nº 174, DE 29 DE SETEMBRO DE 2025</p><p>O DESEMBARGADOR-PRESIDENTE DO TRIBUNAL REGIONAL DO TRABALHO DA DÉCIMA NONA REGIÃO, no uso de suas atribuições legais e regimentais estabelecidas no inciso VII do artigo 24 do Regimento Interno, nos termos do inciso I do art. 35 da Lei n.º 8.112, tendo em vista o contido no Proad n.º 5.536/2025, resolve:</p><p>Art. 1º Exonerar a Bela. Líbia Amélia Chagas Amaral, Analista Judiciária, do cargo em comissão de Diretora, de nível CJ-1, da Divisão de Gestão Negocial de Iniciativas Nacionais, da Diretoria-Geral.</p><p>Art. 2º Os efeitos do presente Ato vigoram a partir da publicação.</p><p class="assina">JASIEL IVO</p>]]></Texto>
  </body>
  <Midias />
</article></xml>