﻿<xml><article id="45709417" name="Portaria 417_2025" idOficio="11314893" pubName="DO2" artType="Portaria" pubDate="01/10/2025" artClass="00025:00074:00005:00000:00000:00000:00000:00000:00000:00000:00017:00000" artCategory="Ministério da Educação/Instituto Federal de Educação, Ciência e Tecnologia da Paraíba/Campus João Pessoa" artSize="24" artNotes="" numberPage="35" pdfPage="http://pesquisa.in.gov.br/imprensa/jsp/visualiza/index.jsp?data=01/10/2025&amp;jornal=529&amp;pagina=35" editionNumber="187" highlightType="" highlightPriority="" highlight="" highlightimage="" highlightimagename="" idMateria="23159343">
  <body>
    <Identifica><![CDATA[ Portaria nº 417, de 30 de setembro de 2025]]></Identifica>
    <Data><![CDATA[]]></Data>
    <Ementa />
    <Titulo />
    <SubTitulo />
    <Texto><![CDATA[<p class="identifica">Portaria nº 417, de 30 de setembro de 2025</p><p>O Diretor Geral do campus João Pessoa do Instituto Federal de Educação, Ciência e Tecnologia da Paraíba, nomeado pela Portaria 2072/2022 - REITORIA/IFPB, de 24/10/2022, publicada no D.O.U. de 25/10/2022, no uso de suas atribuições legais conferidas pela Portaria 2628/2019-REITORIA/IFPB, de 28/11/2019, publicada no D.O.U. de 11/12/2019, tendo em vista o que consta dos Processos Eletrônicos nº 23326.009454.2025-35 e 23326.010492.2025-31, resolve:</p><p>I - Designar os servidores abaixo relacionados, ocupantes do cargo de Professor do Ensino Básico, Técnico e Tecnológico, do Quadro Permanente de Pessoal deste Instituto, Campus João Pessoa, conforme a seguir discriminado:</p><p /><p></p><table><tr /><tr><td rowspan="1" colspan="1"><p>Nome</p></td><td rowspan="1" colspan="1"><p>Mat.</p></td><td rowspan="1" colspan="1"><p>Função</p></td><td rowspan="1" colspan="1"><p>Código</p></td></tr><tr><td rowspan="1" colspan="1"><p>Camila Campos Gomez Fama</p></td><td rowspan="1" colspan="1"><p>1867018</p></td><td rowspan="1" colspan="1"><p>Coordenadora do Curso de Bacharelado em Engenharia Civil</p></td><td rowspan="1" colspan="1"><p>FUC-1</p></td></tr><tr><td rowspan="1" colspan="1"><p>Karinna Ugulino de Araujo Maranhao</p></td><td rowspan="1" colspan="1"><p>1666913</p></td><td rowspan="1" colspan="1"><p>Coordenadora do Curso Superior de Tecnologia em Design de Interiores</p></td><td rowspan="1" colspan="1"><p>FUC-1</p></td></tr><tr><td rowspan="1" colspan="1"><p>Lidiane Cristina Felix Gomes</p></td><td rowspan="1" colspan="1"><p>2082491</p></td><td rowspan="1" colspan="1"><p>Coordenadora do Curso Superior de Tecnologia em Geoprocessamento</p></td><td rowspan="1" colspan="1"><p>FUC-1</p></td></tr><tr><td rowspan="1" colspan="1"><p>Cybelle Frazao Costa Braga</p></td><td rowspan="1" colspan="1"><p>1034603</p></td><td rowspan="1" colspan="1"><p>Coordenadora do Curso Superior de Tecnologia em Gestão Ambiental</p></td><td rowspan="1" colspan="1"><p>FUC-1</p></td></tr><tr><td rowspan="1" colspan="1"><p>Marcia Viana da Silva</p></td><td rowspan="1" colspan="1"><p>2301177</p></td><td rowspan="1" colspan="1"><p>Coordenadora do Curso Técnico em Controle Ambiental (Integrado ao Ensino Médio)</p></td><td rowspan="1" colspan="1"><p>FUC-1</p></td></tr><tr><td rowspan="1" colspan="1"><p>Ana Caroline Aires Gomes de Lima</p></td><td rowspan="1" colspan="1"><p>1001111</p></td><td rowspan="1" colspan="1"><p>Coordenadora do Curso Técnico em Edificações (Integrado e Subsequente ao Ensino Médio)</p></td><td rowspan="1" colspan="1"><p>FUC-1</p></td></tr><tr><td rowspan="1" colspan="1"><p>Pedro Batista de Carvalho Filho</p></td><td rowspan="1" colspan="1"><p>2175551</p></td><td rowspan="1" colspan="1"><p>Coordenador do Curso Superior de Tecnologia em Redes de Computadores</p></td><td rowspan="1" colspan="1"><p>FUC-1</p></td></tr><tr><td rowspan="1" colspan="1"><p>Candido Jose Ramos do Egypto</p></td><td rowspan="1" colspan="1"><p>274014</p></td><td rowspan="1" colspan="1"><p>Coordenador do Curso Superior de Tecnologia em Sistemas para Internet</p></td><td rowspan="1" colspan="1"><p>FUC-1</p></td></tr><tr><td rowspan="1" colspan="1"><p>Giovanni Loureiro Franca de Mendonca</p></td><td rowspan="1" colspan="1"><p>1214831</p></td><td rowspan="1" colspan="1"><p>Coordenador do Curso Técnico em Informática (Integrado ao Ensino Médio)</p></td><td rowspan="1" colspan="1"><p>FUC-1</p></td></tr><tr><td rowspan="1" colspan="1"><p>Gilvan Vieira de Andrade Junior</p></td><td rowspan="1" colspan="1"><p>1886257</p></td><td rowspan="1" colspan="1"><p>Coordenador do Curso Superior de Bacharelado em Engenharia Elétrica</p></td><td rowspan="1" colspan="1"><p>FUC-1</p></td></tr><tr><td rowspan="1" colspan="1"><p>Marcelo Magalhaes Avila Paz</p></td><td rowspan="1" colspan="1"><p>1506794</p></td><td rowspan="1" colspan="1"><p>Coordenador do Curso Superior de Tecnologia em Automação Industrial</p></td><td rowspan="1" colspan="1"><p>FUC-1</p></td></tr><tr><td rowspan="1" colspan="1"><p>Gustavo Araujo Cavalcante</p></td><td rowspan="1" colspan="1"><p>2313542</p></td><td rowspan="1" colspan="1"><p>Coordenador do Curso Superior de Tecnologia em Sistemas de Telecomunicações</p></td><td rowspan="1" colspan="1"><p>FUC-1</p></td></tr><tr><td rowspan="1" colspan="1"><p>Erik Farias da Silva</p></td><td rowspan="1" colspan="1"><p>1563291</p></td><td rowspan="1" colspan="1"><p>Coordenador do Curso Técnico em Eletrônica (Integrado e Subsequente ao Ensino Médio)</p></td><td rowspan="1" colspan="1"><p>FUC-1</p></td></tr><tr><td rowspan="1" colspan="1"><p>Pedro Victor Eugenio de Souza</p></td><td rowspan="1" colspan="1"><p>2246274</p></td><td rowspan="1" colspan="1"><p>Coordenador do Curso Técnico em Equipamentos Biomédicos (Subsequente ao Ensino Médio)</p></td><td rowspan="1" colspan="1"><p>FUC-1</p></td></tr><tr><td rowspan="1" colspan="1"><p>Alexandre Ribeiro Andrade</p></td><td rowspan="1" colspan="1"><p>3520769</p></td><td rowspan="1" colspan="1"><p>Coordenador do Curso Técnico em Mecânica (Integrado e Subsequente ao Ensino Médio)</p></td><td rowspan="1" colspan="1"><p>FUC-1</p></td></tr><tr><td rowspan="1" colspan="1"><p>Michelline Nery Azevedo Lima</p></td><td rowspan="1" colspan="1"><p>3545868</p></td><td rowspan="1" colspan="1"><p>Coordenadora do Curso de Bacharelado em Engenharia Mecânica</p></td><td rowspan="1" colspan="1"><p>FUC-1</p></td></tr><tr><td rowspan="1" colspan="1"><p>Kalina Pereira Medeiros</p></td><td rowspan="1" colspan="1"><p>2914873</p></td><td rowspan="1" colspan="1"><p>Coordenadora do Curso Técnico em Eletrotécnica (Integrado e Subsequente ao Ensino Médio)</p></td><td rowspan="1" colspan="1"><p>FUC-1</p></td></tr><tr><td rowspan="1" colspan="1"><p>Carlos Alberto de Souza Filho</p></td><td rowspan="1" colspan="1"><p>1119780</p></td><td rowspan="1" colspan="1"><p>Coordenador da Área de Ciências da Natureza</p></td><td rowspan="1" colspan="1"><p>FUC-1</p></td></tr><tr><td rowspan="1" colspan="1"><p>Emmanoel de Almeida Rufino</p></td><td rowspan="1" colspan="1"><p>1949284</p></td><td rowspan="1" colspan="1"><p>Coordenador da Área de Ciências Humanas e suas Tecnologias</p></td><td rowspan="1" colspan="1"><p>FUC-1</p></td></tr><tr><td rowspan="1" colspan="1"><p>Ramon Cunha Montenegro</p></td><td rowspan="1" colspan="1"><p>1945657</p></td><td rowspan="1" colspan="1"><p>Coordenador da Área de Educação Física</p></td><td rowspan="1" colspan="1"><p>FUC-1</p></td></tr><tr><td rowspan="1" colspan="1"><p>Romulo de Oliveira Lins Vieira de Melo</p></td><td rowspan="1" colspan="1"><p>2222815</p></td><td rowspan="1" colspan="1"><p>Coordenador da Área de Matemática e Estatística</p></td><td rowspan="1" colspan="1"><p>FUC-1</p></td></tr><tr><td rowspan="1" colspan="1"><p>Daniel Matos de Carvalho</p></td><td rowspan="1" colspan="1"><p>1924324</p></td><td rowspan="1" colspan="1"><p>Coordenador do Curso de Licenciatura em Matemática</p></td><td rowspan="1" colspan="1"><p>FUC-1</p></td></tr><tr><td rowspan="1" colspan="1"><p>Mauricio Vicente</p></td><td rowspan="1" colspan="1"><p>1931381</p></td><td rowspan="1" colspan="1"><p>Coordenador do Curso Superior de Licenciatura em Química</p></td><td rowspan="1" colspan="1"><p>FUC-1</p></td></tr><tr><td rowspan="1" colspan="1"><p>Jose Alessandro Dantas Dias Novo</p></td><td rowspan="1" colspan="1"><p>1738220</p></td><td rowspan="1" colspan="1"><p>Coordenador do Curso Técnico em Instrumento Musical (Integrado e Subsequente ao Ensino Médio)</p></td><td rowspan="1" colspan="1"><p>FUC-1</p></td></tr><tr><td rowspan="1" colspan="1"><p>Idalia Beatriz Lins de Sousa</p></td><td rowspan="1" colspan="1"><p>1929386</p></td><td rowspan="1" colspan="1"><p>Coordenadora da Área de Artes, Cultura e Eventos</p></td><td rowspan="1" colspan="1"><p>FUC-1</p></td></tr><tr><td rowspan="1" colspan="1"><p>Solange Maimoni Goncalves</p></td><td rowspan="1" colspan="1"><p>2815128</p></td><td rowspan="1" colspan="1"><p>Coordenadora da Área de Linguagens, Códigos e suas Tecnologias</p></td><td rowspan="1" colspan="1"><p>FUC-1</p></td></tr><tr><td rowspan="1" colspan="1"><p>Robson Oliveira Lima</p></td><td rowspan="1" colspan="1"><p>2085213</p></td><td rowspan="1" colspan="1"><p>Coordenador do Curso Superior de Tecnologia em Negócios Imobiliários</p></td><td rowspan="1" colspan="1"><p>FUC-1</p></td></tr><tr><td rowspan="1" colspan="1"><p>Karoline Fernandes Siqueira Campos</p></td><td rowspan="1" colspan="1"><p>2808562</p></td><td rowspan="1" colspan="1"><p>Coordenadora do Curso Superior de Bacharelado em Administração</p></td><td rowspan="1" colspan="1"><p>FUC-1</p></td></tr><tr><td rowspan="1" colspan="1"><p>Arielle Pinto Silva</p></td><td rowspan="1" colspan="1"><p>1926559</p></td><td rowspan="1" colspan="1"><p>Coordenadora do Curso Técnico em Secretariado (Subsequente ao Ensino Médio)</p></td><td rowspan="1" colspan="1"><p>FUC-1</p></td></tr><tr><td rowspan="1" colspan="1"><p>Marcella Braga Tavares</p></td><td rowspan="1" colspan="1"><p>1887476</p></td><td rowspan="1" colspan="1"><p>Coordenadora do Curso Técnico em Contabilidade (Integrado ao Ensino Médio)</p></td><td rowspan="1" colspan="1"><p>FUC-1</p></td></tr></table><p>II - Esta portaria entra em vigor na data de sua publicação.</p><p class="assina">RICARDO JOSÉ FERREIRA</p>]]></Texto>
  </body>
  <Midias />
</article></xml>