﻿<xml><article id="45714667" name="funcoes__JO0NB7" idOficio="11315668" pubName="DO2" artType="Portaria" pubDate="01/10/2025" artClass="00025:00121:00005:00001:00000:00000:00000:00000:00000:00000:00017:00001" artCategory="Ministério da Educação/Universidade Federal do Rio Grande do Sul/Pró-Reitoria de Gestão de Pessoas/Departamento de Administração de Pessoal" artSize="12" artNotes="" numberPage="49" pdfPage="http://pesquisa.in.gov.br/imprensa/jsp/visualiza/index.jsp?data=01/10/2025&amp;jornal=529&amp;pagina=49" editionNumber="187" highlightType="" highlightPriority="" highlight="" highlightimage="" highlightimagename="" idMateria="23160547">
  <body>
    <Identifica><![CDATA[ PORTARIAS de 30 DE SETEMBRO DE 2025]]></Identifica>
    <Data><![CDATA[]]></Data>
    <Ementa />
    <Titulo />
    <SubTitulo />
    <Texto><![CDATA[<p class="identifica">PORTARIAS de 30 DE SETEMBRO DE 2025</p><p>a Reitora DA UNIVERSIDADE FEDERAL DO RIO GRANDE DO SUL, no uso de suas atribuições legais e estatutárias, resolve:</p><p>N° 6.784 - Designar TOBIAS ESPINOSA DE OLIVEIRA, matrícula SIAPE n° 1085765, ocupante do cargo de Professor do Magistério Superior, lotado no Departamento de Física do Instituto de Física, do Quadro de Pessoal da Universidade Federal do Rio Grande do Sul, como Coordenador do PPG em Ensino de Física, Código SRH 1121, código FCC, UORG 3107, com vigência a partir de 01/10/2025 até 19/02/2026, a fim de completar o mandato de MATHEUS MONTEIRO NASCIMENTO, conforme artigo 92 do Estatuto da mesma Universidade. Processo nº 23078.568553/2025-23.</p><p>N° 6.785 - Designar o ocupante do cargo de Professor do Magistério Superior, do Quadro de Pessoal desta Universidade, LUIS RENATO FERREIRA DA SILVA, matrícula SIAPE n° 1910373, lotado no Departamento de Direito Privado e Processo Civil da Faculdade de Direito, para exercer a função de Chefe do Depto de Direito Privado e Processo Civil da Faculdade de Direito, Código SRH 100, Código FG-1, UORG 424, com vigência a partir da data de publicação no Diário Oficial da União, pelo período de dois anos. Processo nº 23078.563968/2025-19.</p><p>N° 6.786 - Designar o ocupante do cargo de Professor do Magistério Superior, do Quadro de Pessoal desta Universidade, DIOGO MAGNABOSCO, matrícula SIAPE n° 1214288, lotado no Departamento de Zootecnia da Faculdade de Agronomia, para exercer a função de Chefe do Depto de Zootecnia da Faculdade de Agronomia, Código SRH 200, Código FG-1, UORG 451, com vigência a partir de 02/10/2025 até 01/10/2027. Processo nº 23078.560008/2025-99.</p><p>N° 6.788 - Dispensar, a partir de 01/10/2025, o ocupante do cargo de Professor do Magistério Superior, classe Adjunto do Quadro de Pessoal desta Universidade, MATHEUS MONTEIRO NASCIMENTO, matrícula SIAPE n° 3137911, da função de Coordenador do PPG em Ensino de Física, Código SRH 1121, Código FCC, UORG 3107, para a qual foi designado pela Portaria 1215/2025, de 06/02/2025, publicada no Diário Oficial da União do dia 07/02/2025. Processo nº 23078.568553/2025-23.</p><p class="assina">MARCIA CRISTINA BERNARDES BARBOSA</p>]]></Texto>
  </body>
  <Midias />
</article></xml>