﻿<xml><article id="45714987" name="Port nA 3.676" idOficio="11315749" pubName="DO2" artType="Portaria" pubDate="01/10/2025" artClass="00033:00045:00015:00000:00000:00000:00000:00000:00000:00000:00017:00003" artCategory="Ministério da Justiça e Segurança Pública/Polícia Federal/Diretoria de Gestão de Pessoas" artSize="12" artNotes="" numberPage="74" pdfPage="http://pesquisa.in.gov.br/imprensa/jsp/visualiza/index.jsp?data=01/10/2025&amp;jornal=529&amp;pagina=74" editionNumber="187" highlightType="" highlightPriority="" highlight="" highlightimage="" highlightimagename="" idMateria="23160627">
  <body>
    <Identifica><![CDATA[ PORTARIA DGP/PF Nº 3.676, DE 25 DE SETEMBRO DE 2025]]></Identifica>
    <Data><![CDATA[]]></Data>
    <Ementa />
    <Titulo />
    <SubTitulo />
    <Texto><![CDATA[<p class="identifica">PORTARIA DGP/PF Nº 3.676, DE 25 DE SETEMBRO DE 2025</p><p>O DIRETOR DE GESTÃO DE PESSOAS DA POLÍCIA FEDERAL, no uso das atribuições que lhe confere o inciso VI do art. 43 do Regimento Interno da Polícia Federal, aprovado pela Portaria MSP nº 155, de 27/09/2018, publicada no DOU nº 200, de 17/10/2018, e tendo em vista o que consta do processo nº 08200.035777/2025-15; resolve:</p><p>DISPENSAR a Escrivã de Polícia Federal DANIELE BEZERRA DELABIO FERRAZ, matrícula PF nº 23.259, da função de Chefe do Núcleo de Cadastro e Atendimento da Divisão de Saúde Suplementar da Coordenação de Plano de Saúde da Coordenação-Geral de Saúde da Diretoria de Gestão de Pessoas, código FCE 1.01.</p><p class="assina">GUILHERME MONSEFF DE BIAGI</p>]]></Texto>
  </body>
  <Midias />
</article></xml>