﻿<xml><article id="45709600" name="01 a 247 RCV MARCELO GUEDES CARD" idOficio="11301468" pubName="DO2" artType="Ato" pubDate="01/10/2025" artClass="00070:00043:00000:00000:00000:00000:00000:00000:00000:00000:00001:00000" artCategory="Poder Judiciário/Tribunal Regional do Trabalho da 2ª Região" artSize="12" artNotes="" numberPage="130" pdfPage="http://pesquisa.in.gov.br/imprensa/jsp/visualiza/index.jsp?data=01/10/2025&amp;jornal=529&amp;pagina=130" editionNumber="187" highlightType="" highlightPriority="" highlight="" highlightimage="" highlightimagename="" idMateria="23137651">
  <body>
    <Identifica><![CDATA[ ATO PR Nº 247, DE 18 DE SETEMBRO DE 2025]]></Identifica>
    <Data><![CDATA[]]></Data>
    <Ementa />
    <Titulo />
    <SubTitulo />
    <Texto><![CDATA[<p class="identifica">ATO PR Nº 247, DE 18 DE SETEMBRO DE 2025</p><p>O DESEMBARGADOR PRESIDENTE DO TRIBUNAL REGIONAL DO TRABALHO DA 2ª REGIÃO, no uso de suas atribuições legais e regimentais, considerando o disposto no artigo 37, da Lei nº 8.112/1990, com a redação dada pela Lei nº 9.527/1997; de acordo com a Resolução nº 146/2012, do C. Conselho Nacional da Justiça; e conforme o que consta do Processo de Redistribuição PROAD nº 47652/2025, resolve:</p><p>Art. 1º Cessar os efeitos do Ato PR nº 82, publicado no Diário Oficial da União, Seção 02, Poder Judiciário, página 41, em 15/02/2008, que removeu, pelo art. 15 do Ato Conjunto TST/ CSJT nº 20, o servidor MARCELO GUEDES CARDÔSO, matrícula nº 79200, Técnico Judiciário - Área Administrativa, Especialidade Agente da Polícia Judicial, do Quadro Permanente de Pessoal da Secretaria do Tribunal Regional do Trabalho da 2ª Região para o Tribunal Superior do Trabalho. Art. 2º Redistribuir o cargo de Técnico Judiciário - Área Administrativa, Especialidade Agente da Polícia Judicial, do Quadro Permanente de Pessoal da Secretaria do Tribunal Regional do Trabalho da 2ª Região, ocupado pelo servidor MARCELO GUEDES CARDÔSO, matrícula nº 79200, para o Quadro Permanente da Secretaria do Tribunal Superior do Trabalho, em reciprocidade com o cargo vago de Técnico Judiciário - Área Administrativa, Especialidade Agente da Polícia Judicial.</p><p>Art. 3º Este Ato PR entra em vigor na data de sua publicação.</p><p class="assina">VALDIR FLORINDO</p>]]></Texto>
  </body>
  <Midias />
</article></xml>