﻿<xml><article id="45714225" name="PORTARIA SGCS 380 WALKIRIA MARIA" idOficio="11315541" pubName="DO2" artType="Portaria" pubDate="01/10/2025" artClass="00006:00007:00013:00000:00000:00000:00000:00000:00000:00000:00017:00000" artCategory="Presidência da República/Advocacia-Geral da União/Secretaria-Geral de Consultoria" artSize="12" artNotes="" numberPage="5" pdfPage="http://pesquisa.in.gov.br/imprensa/jsp/visualiza/index.jsp?data=01/10/2025&amp;jornal=529&amp;pagina=5" editionNumber="187" highlightType="" highlightPriority="" highlight="" highlightimage="" highlightimagename="" idMateria="23160396">
  <body>
    <Identifica><![CDATA[ PORTARIA SGCS/AGU Nº 380, DE 23 DE SETEMBRO DE 2025]]></Identifica>
    <Data><![CDATA[]]></Data>
    <Ementa />
    <Titulo />
    <SubTitulo />
    <Texto><![CDATA[<p class="identifica">PORTARIA SGCS/AGU Nº 380, DE 23 DE SETEMBRO DE 2025</p><p>O SECRETÁRIO-GERAL DE CONSULTORIA DA ADVOCACIA-GERAL DA UNIÃO, no uso das atribuições que lhe foram delegadas pela Portaria Normativa AGU n. 95, de 6 de junho de 2023, e considerando o que consta no Processo Administrativo nº 00677.001179/2013-92, resolve:</p><p>Conceder aposentadoria voluntária a WALKÍRIA MARIA DE SOUZA REGO, matrícula Siape nº 1212071, ocupante do cargo de Procurador Federal, Categoria Especial, código da vaga nº 327597, com fundamento no art. no 4º, § 6º, inciso I, da Emenda Constitucional nº 103, de 12 de novembro de 2019, combinado com o §18 do art. 40 da Constituição Federal, com proventos integrais e paridade, correspondentes ao subsídio do cargo efetivo, de acordo com a Lei nº 13.327, de 29 de julho de 2016.</p><p class="assina">FLAVIO JOSÉ ROMAN</p>]]></Texto>
  </body>
  <Midias />
</article></xml>