﻿<xml><article id="45708460" name="PORTARIA N 1.523_23150939" idOficio="11309871" pubName="DO2" artType="Portaria" pubDate="01/10/2025" artClass="00066:00010:00001:00004:00000:00000:00000:00000:00000:00000:00017:00012" artCategory="Ministério Público da União/Ministério Público do Trabalho/Procuradoria-Geral/Diretoria-Geral" artSize="12" artNotes="" numberPage="117" pdfPage="http://pesquisa.in.gov.br/imprensa/jsp/visualiza/index.jsp?data=01/10/2025&amp;jornal=529&amp;pagina=117" editionNumber="187" highlightType="" highlightPriority="" highlight="" highlightimage="" highlightimagename="" idMateria="23150939">
  <body>
    <Identifica><![CDATA[ PORTARIA DG Nº 1.523, DE 25 DE SETEMBRO DE 2025]]></Identifica>
    <Data><![CDATA[]]></Data>
    <Ementa />
    <Titulo />
    <SubTitulo />
    <Texto><![CDATA[<p class="identifica">PORTARIA DG Nº 1.523, DE 25 DE SETEMBRO DE 2025</p><p>O DIRETOR-GERAL DO MINISTÉRIO PÚBLICO DO TRABALHO, no uso da competência que lhe foi atribuída pelo artigo 258 da Portaria PGT/MPT nº 1.162, de 7 de agosto de 2025, publicada no Boletim de Serviço Eletrônico nº 147, de 8 de agosto de 2025, e considerando o que consta no PGEA/MPT n° 20.02.0001.0006375/2025-44, resolve:</p><p>Art. 1º Exonerar, a contar de 01/10/2025, o servidor ISRAEL DE SALES GOMES, matrícula 6006309-2, ocupante do cargo efetivo de Técnico do MPU/Administração, do cargo em comissão de Chefe de Gabinete do Procurador Chefe, código CC-3, da Procuradoria Regional do Trabalho da 11ª Região/AM.</p><p>Art. 2º Nomear o servidor DAVI MARTINS LUCENA, matrícula 6002862-9, bacharel em Direito, ocupante do cargo efetivo de Técnico do MPU/Administração para o cargo em comissão de Chefe de Gabinete do Procurador-Chefe, código CC-3, da Procuradoria Regional do Trabalho da 11ª Região/AM.</p><p class="assina">JOÃO BATISTA MACHADO JÚNIOR</p>]]></Texto>
  </body>
  <Midias />
</article></xml>