﻿<xml><article id="45714411" name="PORTARIA N 105_23160508" idOficio="11315608" pubName="DO2" artType="Portaria" pubDate="01/10/2025" artClass="00066:00010:00019:00000:00000:00000:00000:00000:00000:00000:00017:00000" artCategory="Ministério Público da União/Ministério Público do Trabalho/Procuradoria Regional do Trabalho da 18ª Região" artSize="12" artNotes="" numberPage="118" pdfPage="http://pesquisa.in.gov.br/imprensa/jsp/visualiza/index.jsp?data=01/10/2025&amp;jornal=529&amp;pagina=118" editionNumber="187" highlightType="" highlightPriority="" highlight="" highlightimage="" highlightimagename="" idMateria="23160508">
  <body>
    <Identifica><![CDATA[ PORTARIA PRT-18ª Nº 105, DE 29 DE SETEMBRO DE 2025]]></Identifica>
    <Data><![CDATA[]]></Data>
    <Ementa />
    <Titulo />
    <SubTitulo />
    <Texto><![CDATA[<p class="identifica">PORTARIA PRT-18ª Nº 105, DE 29 DE SETEMBRO DE 2025</p><p>O PROCURADOR-CHEFE DA PROCURADORIA REGIONAL DO TRABALHO DA 18ª REGIÃO, no uso de suas atribuições legais, especialmente aquelas conferidas pelo Art. 1º, §2º, XXIII, da Portaria PGT nº 1.728, de 22/10/2017, resolve:</p><p>Art. 1º Dispensar a servidora JULIANA PORTO CARREIRO SOARES, ocupante do cargo de Analista do MPU/ Direito, matrícula 6008104-X, do encargo de substituta do Cargo em Comissão, código CC04, de Chefe da Assessoria Jurídica do 10º Ofício Geral da Procuradoria Regional do Trabalho da 18ª Região.</p><p>Art. 2º Designar a servidora NOEMIA REZENDE PINTO PEIXOTO, ocupante do cargo de Analista do MPU/ Direito, matrícula 6005536-7, para o encargo de substituta do Cargo em Comissão, código CC04, de Chefe da Assessoria Jurídica do 10º Ofício Geral da Procuradoria Regional do Trabalho da 18ª Região.</p><p class="assina">Alpiniano do Prado Lopes</p>]]></Texto>
  </body>
  <Midias />
</article></xml>