﻿<xml><article id="45709597" name="621" idOficio="11282537" pubName="DO2" artType="Portaria" pubDate="01/10/2025" artClass="00070:00043:00001:00000:00000:00000:00000:00000:00000:00000:00017:00000" artCategory="Poder Judiciário/Tribunal Regional do Trabalho da 2ª Região/Diretoria-Geral da Administração" artSize="12" artNotes="" numberPage="131" pdfPage="http://pesquisa.in.gov.br/imprensa/jsp/visualiza/index.jsp?data=01/10/2025&amp;jornal=529&amp;pagina=131" editionNumber="187" highlightType="" highlightPriority="" highlight="" highlightimage="" highlightimagename="" idMateria="23104642">
  <body>
    <Identifica><![CDATA[ PORTARIA DG/SGP nº 621, de 10 de setembro de 2025]]></Identifica>
    <Data><![CDATA[]]></Data>
    <Ementa />
    <Titulo />
    <SubTitulo />
    <Texto><![CDATA[<p class="identifica">PORTARIA DG/SGP nº 621, de 10 de setembro de 2025</p><p>O DIRETOR-GERAL DA ADMINISTRAÇÃO DO TRIBUNAL REGIONAL DO TRABALHO DA 2ª REGIÃO, no uso da atribuição que lhe foi delegada por meio do Ato GP n. 57/2024, artigo 1º, inciso XVI, alínea "m", e tendo em vista o que consta no PROAD n. 44081/2025, resolve:</p><p>Art. 1º. Conceder aposentadoria voluntária, com proventos integrais, ao servidor Luiz Alceu Alves Rodrigues, matrícula n. 52.639, no cargo de Analista Judiciário, Área Judiciária, Especialidade Oficial de Justiça Avaliador Federal, padrão C.NS.13, do Quadro Permanente da Secretaria deste Tribunal, com fundamento no artigo 20, caput, e §2º, inciso I, da EC n. 103/2019, acrescidos das vantagens a que faz jus.</p><p>Art. 2º. Esta Portaria entra em vigor na data de sua publicação.</p><p class="assina">RÔMULO BORGES ARAÚJO</p>]]></Texto>
  </body>
  <Midias />
</article></xml>