﻿<xml><article id="45709423" name="PORTARIA REITORIA.UNILAB NA 289 " idOficio="11314600" pubName="DO2" artType="Portaria" pubDate="01/10/2025" artClass="00025:00135:00000:00000:00000:00000:00000:00000:00000:00000:00017:00000" artCategory="Ministério da Educação/Universidade da Integração Internacional da Lusofonia Afro-Brasileira" artSize="12" artNotes="" numberPage="54" pdfPage="http://pesquisa.in.gov.br/imprensa/jsp/visualiza/index.jsp?data=01/10/2025&amp;jornal=529&amp;pagina=54" editionNumber="187" highlightType="" highlightPriority="" highlight="" highlightimage="" highlightimagename="" idMateria="23159001">
  <body>
    <Identifica><![CDATA[ PORTARIAS UNILAB DE 2 DE SETEMBRO DE 2025]]></Identifica>
    <Data><![CDATA[]]></Data>
    <Ementa />
    <Titulo />
    <SubTitulo />
    <Texto><![CDATA[<p></p><p class="identifica">PORTARIAS UNILAB DE 2 DE SETEMBRO DE 2025</p><p>O REITOR DA UNIVERSIDADE DA INTEGRAÇÃO INTERNACIONAL DA LUSOFONIA AFRO-BRASILEIRA - UNILAB, no uso de suas atribuições legais, de acordo com a Lei nº 12.289, de 20 de julho de 2010, publicada no DOU de 21 de julho de 2010, e o Decreto Presidencial de 05 de maio de 2025, publicado no DOU de 06 de maio de 2025, Edição: 83, Seção 2, Página 1;</p><p>Considerando o que consta no Processo nº 23282.007922/2025-91, resolve:</p><p>Nº 289 - Art. 1º Exonerar a servidora MARIA CRISTIANE MARTINS DE SOUZA, matrícula SIAPE nº 2083959, do cargo de Diretora do Instituto de Engenharias e Desenvolvimento Sustentável (IEDS), código CD-03.</p><p>Art. 2º Nomear o servidor VANDILBERTO PEREIRA PINTO, matrícula SIAPE nº 1666642, para o cargo de Diretor do Instituto de Engenharias e Desenvolvimento Sustentável (IEDS), código CD-03, no quadriênio 2026-2029, conforme Edital IEDS nº 07/2025.</p><p>Art. 3º Esta portaria conta seus efeitos a partir da sua publicação.</p><p>Nº 290 - Art. 1º Dispensar servidor VANDILBERTO PEREIRA PINTO, matrícula SIAPE nº 1666642, do cargo de Vice-Diretor do Instituto de Engenharias e Desenvolvimento Sustentável (IEDS).</p><p>Art. 2º Designar o servidor FRANCISCO OLIMPIO MOURA CARNEIRO, matrícula SIAPE nº 1148304, para o cargo de Vice-Diretor do Instituto de Engenharias e Desenvolvimento Sustentáve (IEDS), assumindo as atribuições do titular nos afastamentos ou impedimentos legais, no quadriênio 2026-2029, conforme Edital IEDS nº 07/2025.</p><p>Art. 3º Esta portaria conta seus efeitos a partir da sua publicação.</p><p class="assina">Roque do Nascimento Albuquerque</p>]]></Texto>
  </body>
  <Midias />
</article></xml>