﻿<xml><article id="45709135" name="Portaria nA 2695 de 24 de setemb" idOficio="11311956" pubName="DO2" artType="Portaria" pubDate="01/10/2025" artClass="00025:00103:00000:00000:00000:00000:00000:00000:00000:00000:00017:00021" artCategory="Ministério da Educação/Universidade Federal Fluminense" artSize="12" artNotes="" numberPage="43" pdfPage="http://pesquisa.in.gov.br/imprensa/jsp/visualiza/index.jsp?data=01/10/2025&amp;jornal=529&amp;pagina=43" editionNumber="187" highlightType="" highlightPriority="" highlight="" highlightimage="" highlightimagename="" idMateria="23154183">
  <body>
    <Identifica><![CDATA[ PORTARIA Nº 2.695, de 24 de setembro de 2025]]></Identifica>
    <Data><![CDATA[]]></Data>
    <Ementa />
    <Titulo />
    <SubTitulo />
    <Texto><![CDATA[<p class="identifica">PORTARIA Nº 2.695, de 24 de setembro de 2025</p><p>O REITOR, no exercício da REITORIA da UNIVERSIDADE FEDERAL FLUMINENSE, no uso de suas atribuições legais, estatutárias e regimentais, tendo em vista o disposto no artigo 37, inciso II, da Constituição Federal; no artigo 9º, inciso I, e no artigo 10, da Lei nº 8.112, de 11 de dezembro de 1990; no artigo 9º, da Lei nº 11.091, de 12 de janeiro de 2005; no Decreto nº 9.739, de 28 de março de 2019; no Decreto nº 7.232, de 19 de julho de 2010, resolve:</p><p>I. Nomear o(a) candidato(a) HAROLDO ROGER BENGHI BURMESTER habilitado(a) no Concurso Público de Provas, realizado por esta Instituição, aberto pelo Edital nº 245/2019, de 31 de julho de 2022, publicado no Diário Oficial da União nº 147, de 01 de agosto de 2019, cujo resultado foi homologado pelo Edital nº 38/2020, publicado no Diário Oficial da União nº 46, de 09 de março de 2020, cujo prazo de validade foi suspenso pela Lei Complementar nº 173, de 27 de maio de 2020, publicada no Diário Oficial da União de 28 de maio de 2020, alterada pela Lei nº 14.314, de 24 de março de 2022, publicada no Diário Oficial da União de 25 de março de 2022, tendo seu prazo de validade prorrogado pelo Edital nº 240, de 09 de outubro de 2023, publicado no Diário Oficial da União de 10 de outubro de 2023, para ter exercício em Unidade Acadêmica e Administrativa da Universidade Federal Fluminense, no cargo de Músico: Alaúde/Música Antiga, código 701053, município de Niterói, vagas de Ampla Concorrência, nível de classificação E, padrão de vencimento 1, em regime de 25 (vinte e cinco) horas semanais, no código de Vaga: 232886 - Origem da Vaga: Vaga decorrente de aposentadoria voluntária de Jorge Oscar de Souza, ocorrida em 02 de abril de 2024, conforme a Portaria da Universidade Federal Fluminense nº 479, de 1º de abril de 2024, publicada no Diário Oficial da União nº 63, de 2 de abril de 2024, Seção 2, página 25.</p><p>II. O(A) candidato(a) nomeado(a) terá um prazo de 30 (trinta) dias, contados da data da publicação da presente Portaria no Diário Oficial da União, para tomar posse no respectivo cargo, nos termos do artigo 13, da Lei nº 8.112, de 11 de dezembro de 1990.</p><p class="assina">ANTONIO CLAUDIO LUCAS DA NOBREGA</p>]]></Texto>
  </body>
  <Midias />
</article></xml>