﻿<xml><article id="45715455" name="DOU2-DF-1-PT-189-UNI-PR-DF-00088" idOficio="11315807" pubName="DO2" artType="Portaria" pubDate="01/10/2025" artClass="00066:00008:00025:00000:00000:00000:00000:00000:00000:00000:00017:00000" artCategory="Ministério Público da União/Ministério Público Federal/Procuradoria da República no Distrito Federal" artSize="12" artNotes="" numberPage="114" pdfPage="http://pesquisa.in.gov.br/imprensa/jsp/visualiza/index.jsp?data=01/10/2025&amp;jornal=529&amp;pagina=114" editionNumber="187" highlightType="" highlightPriority="" highlight="" highlightimage="" highlightimagename="" idMateria="23160741">
  <body>
    <Identifica><![CDATA[ PORTARIA Nº 189, DE 29 DE SETEMBRO DE 2025]]></Identifica>
    <Data><![CDATA[]]></Data>
    <Ementa />
    <Titulo />
    <SubTitulo />
    <Texto><![CDATA[<p class="identifica">PORTARIA Nº 189, DE 29 DE SETEMBRO DE 2025</p><p>A PROCURADORA-CHEFE DA PROCURADORIA DA REPÚBLICA NO DISTRITO FEDERAL, no exercício de suas atribuições, instituídas pelo art. 50, II, da Lei Complementar nº 75/93 e pelo art. 56, VI, da Portaria PGR nº 357/2015, resolve:</p><p>Dispensar a servidora NATALIA THAMISE FREITAS BARROS, matrícula nº 33465, ocupante do cargo de Técnico do MPU/Administração, da função de Assistente Nível II do GABPR25-MSF, Código FC-2, da Procuradoria da República no Distrito Federal. Em consequência, designar a servidora GLAUCIA BORGES GOUVEA, matrícula nº 29124, ocupante do cargo de Analista do MPU/Direito, para exercer a referida função.</p><p class="assina">ANNA CAROLINA RESENDE MAIA GARCIA</p>]]></Texto>
  </body>
  <Midias />
</article></xml>