﻿<xml><article id="45708868" name="3702_SPG_DESIG_FCE105 - 913922" idOficio="11310856" pubName="DO2" artType="Portaria" pubDate="01/10/2025" artClass="00006:00004:02004:00017:00000:00000:00000:00000:00000:00000:00017:00000" artCategory="Presidência da República/Casa Civil/Agência Brasileira de Inteligência/Secretaria de Planejamento e Gestão" artSize="12" artNotes="" numberPage="1" pdfPage="http://pesquisa.in.gov.br/imprensa/jsp/visualiza/index.jsp?data=01/10/2025&amp;jornal=529&amp;pagina=1" editionNumber="187" highlightType="" highlightPriority="" highlight="" highlightimage="" highlightimagename="" idMateria="23152268">
  <body>
    <Identifica><![CDATA[ PORTARIA GAB/DG/ABIN/CC/PR Nº 3.702, DE 9 DE SETEMBRO DE 2025]]></Identifica>
    <Data><![CDATA[]]></Data>
    <Ementa />
    <Titulo />
    <SubTitulo />
    <Texto><![CDATA[<p class="identifica">PORTARIA GAB/DG/ABIN/CC/PR Nº 3.702, DE 9 DE SETEMBRO DE 2025</p><p><strong>O SECRETÁRIO DE PLANEJAMENTO E GESTÃO DA AGÊNCIA BRASILEIRA DE INTELIGÊNCIA DA CASA CIVIL DA PRESIDÊNCIA DA REPÚBLICA</strong>, no exercício das competências que lhe foram atribuídas pelo art. 18 do Anexo I ao Decreto nº 11.816, de 6 de dezembro de 2023, tendo em vista a competência que lhe foi subdelegada pelo art. 2º, § inciso I da Portaria CC/PR nº 725, de 23 de julho de 2025, publicada no Diário Oficial da União nº 138, de 24 de julho de 2025 e o art. 6º, VI da Portaria GAB/DG/ABIN/CC/PR Nº 2.193, de 03 de julho de 2024, republicada em 05 de julho de 2024, resolve:</p><p>Designar matrícula nº 913922 para exercer a função comissionada executiva de Chefe, código FCE 1.05.</p><p class="assina">THIAGO CUNHA ARAÚJO</p>]]></Texto>
  </body>
  <Midias />
</article></xml>