﻿<xml><article id="45708871" name="PORTARIA N 1.549_23158956" idOficio="11314609" pubName="DO2" artType="Portaria" pubDate="01/10/2025" artClass="00066:00010:00001:00004:00000:00000:00000:00000:00000:00000:00017:00017" artCategory="Ministério Público da União/Ministério Público do Trabalho/Procuradoria-Geral/Diretoria-Geral" artSize="12" artNotes="" numberPage="117" pdfPage="http://pesquisa.in.gov.br/imprensa/jsp/visualiza/index.jsp?data=01/10/2025&amp;jornal=529&amp;pagina=117" editionNumber="187" highlightType="" highlightPriority="" highlight="" highlightimage="" highlightimagename="" idMateria="23158956">
  <body>
    <Identifica><![CDATA[ PORTARIA DG Nº 1.549, DE 29 DE SETEMBRO DE 2025]]></Identifica>
    <Data><![CDATA[]]></Data>
    <Ementa />
    <Titulo />
    <SubTitulo />
    <Texto><![CDATA[<p class="identifica">PORTARIA DG Nº 1.549, DE 29 DE SETEMBRO DE 2025</p><p>O DIRETOR-GERAL DO MINISTÉRIO PÚBLICO DO TRABALHO, no uso da competência que lhe foi atribuída pelo artigo 258 da Portaria PGT/MPT nº 1.162, de 7 de agosto de 2025, publicada no Boletim de Serviço Eletrônico nº 147, de 8 de agosto de 2025, e considerando o que consta no PGEA/MPT nº 20.02.0001.0007725/2025- 66, resolve:</p><p>Art. 1º Dispensar, a contar de 22/9/2025, o servidor MIGUEL ÂNGELO MARCOLAN, matrícula 6001652-3, ocupante do cargo efetivo de Analista do MPU/Odontologia, da função de confiança de Chefe da Assistência Odontológica, Código FC-3, da Diretoria de Assistência Integral à Saúde da Procuradoria-Geral do Trabalho, por motivo de aposentadoria.</p><p>Art. 2º Designar a servidora FERNANDA SESCONETTO BORGES RULLI, matrícula 6009607-1, ocupante do cargo efetivo de Analista do MPU/Odontologia, para a função de confiança de Chefe da Assistência Odontológica, Código FC-3, da Diretoria de Assistência Integral à Saúde da Procuradoria-Geral do Trabalho.</p><p class="assina">JOÃO BATISTA MACHADO JÚNIOR</p>]]></Texto>
  </body>
  <Midias />
</article></xml>