﻿<xml><article id="45715224" name="PORTARIA N 771_23160663" idOficio="11315721" pubName="DO2" artType="Portaria" pubDate="01/10/2025" artClass="00070:00004:00001:00002:00000:00000:00000:00000:00000:00000:00017:00006" artCategory="Poder Judiciário/Superior Tribunal de Justiça/Presidência/Secretaria" artSize="12" artNotes="" numberPage="123" pdfPage="http://pesquisa.in.gov.br/imprensa/jsp/visualiza/index.jsp?data=01/10/2025&amp;jornal=529&amp;pagina=123" editionNumber="187" highlightType="" highlightPriority="" highlight="" highlightimage="" highlightimagename="" idMateria="23160663">
  <body>
    <Identifica><![CDATA[ PORTARIA STJ/GDG Nº 771, DE 29 DE SETEMBRO DE 2025]]></Identifica>
    <Data><![CDATA[]]></Data>
    <Ementa />
    <Titulo />
    <SubTitulo />
    <Texto><![CDATA[<p class="identifica">PORTARIA STJ/GDG Nº 771, DE 29 DE SETEMBRO DE 2025</p><p>O DIRETOR-GERAL DA SECRETARIA DO SUPERIOR TRIBUNAL DE JUSTIÇA, com base no item 21.2.3, XI, b, do Anexo da Instrução Normativa STJ/GP n. 19 de 11 de junho de 2025 e no disposto no art. 9º, II, da Lei n. 8.112, de 11 de dezembro de 1990, resolve:</p><p>Art. 1º Nomear LILIAM SAYURI EVANGELISTA KUSANO para o cargo em comissão de Assessor A, código CJ-2, do Gabinete do Ministro Antonio Carlos Ferreira, na vaga decorrente da exoneração de Ana Maria Fróes de Oliva Wermelinger.</p><p>Art. 2º Esta portaria entra em vigor na data de sua publicação.</p><p class="assina">SERGIO JOSÉ AMERICO PEDREIRA</p>]]></Texto>
  </body>
  <Midias />
</article></xml>