﻿<xml><article id="45714381" name="Afastamento - REGIANE" idOficio="11315575" pubName="DO2" artType="Despacho" pubDate="01/10/2025" artClass="00032:00001:00005:00000:00000:00000:00000:00000:00000:00000:00013:00000" artCategory="Ministério da Integração e do Desenvolvimento Regional/Gabinete do Ministro/Diretoria de Administração" artSize="12" artNotes="" numberPage="71" pdfPage="http://pesquisa.in.gov.br/imprensa/jsp/visualiza/index.jsp?data=01/10/2025&amp;jornal=529&amp;pagina=71" editionNumber="187" highlightType="" highlightPriority="" highlight="" highlightimage="" highlightimagename="" idMateria="23160471">
  <body>
    <Identifica><![CDATA[ DESPACHO]]></Identifica>
    <Data><![CDATA[]]></Data>
    <Ementa />
    <Titulo />
    <SubTitulo />
    <Texto><![CDATA[<p class="identifica">DESPACHO</p><p>O DIRETOR DE ADMINISTRAÇÃO DA SECRETARIA EXECUTIVA DO MINISTÉRIO DA INTEGRAÇÃO E DESENVOLVIMENTO REGIONAL, considerando o inciso I, do art. 10 da Portaria SE/MIDR nº 2.714, publicada no Diário Oficial da União de 22 de agosto de 2023, e o constante no Processo Administrativo nº 59000.015529/2025-37, resolve:</p><p>AUTORIZAR o afastamento do país da servidora REGIANE CRISTINE DE OLIVEIRA MORAIS, matrícula Siape nº 2799979, Analista Técnico-Administrativo do Gabinete da Secretaria Nacional de Proteção e Defesa Civil do Ministério da Integração e do Desenvolvimento Regional, com ônus para este Ministério, no período de 05 a 10 de outubro de 2025, para participar do evento Diálogo Sul-Americano sobre Preparação Inclusiva a Desastres: Gênero, Deslocamento e Migração, que será realizado no período de 06 a 08 outubro de 2025, na Cidade de Quito, no Equador.</p><p class="assina">ALEXANDRE WESSNER KAPPER</p>]]></Texto>
  </body>
  <Midias />
</article></xml>