﻿<xml><article id="45708733" name="PORTARIA NA 164 - Concede aposen" idOficio="11314784" pubName="DO2" artType="Portaria" pubDate="01/10/2025" artClass="00025:00140:00000:00000:00000:00000:00000:00000:00000:00000:00017:00164" artCategory="Ministério da Educação/Fundação Joaquim Nabuco" artSize="12" artNotes="" numberPage="54" pdfPage="http://pesquisa.in.gov.br/imprensa/jsp/visualiza/index.jsp?data=01/10/2025&amp;jornal=529&amp;pagina=54" editionNumber="187" highlightType="" highlightPriority="" highlight="" highlightimage="" highlightimagename="" idMateria="23159212">
  <body>
    <Identifica><![CDATA[ PORTARIA Nº 164, DE 8 DE SETEMBRO DE 2025]]></Identifica>
    <Data><![CDATA[]]></Data>
    <Ementa />
    <Titulo />
    <SubTitulo />
    <Texto><![CDATA[<p class="identifica">PORTARIA Nº 164, DE 8 DE SETEMBRO DE 2025</p><p>A PRESIDENTA DA FUNDAÇÃO JOAQUIM NABUCO, no uso das atribuições que lhe são conferidas pelo Estatuto aprovado pelo Decreto nº 11.201, de 20 de setembro 2022, publicado no Diário Oficial da União em 21 de setembro de 2022 e retificado em 22 de setembro de 2022, e</p><p>CONSIDERANDO o constante dos autos do processo nº 23130.001506/2025-12, resolve:</p><p>Art. 1º Conceder aposentadoria voluntária à ANA CARMEN PALHARES FERREIRA, matrícula SIAPE n° 435745, ocupante do cargo de Analista em Ciência e Tecnologia, Nível Superior, Classe S, Padrão III, do Quadro de Pessoal da Fundação Joaquim Nabuco, com fundamento no art. 20, §2º, I da Emenda Constitucional nº 103, de 12 de novembro de 2019, com a vantagem do art. 62-A da Lei 8.112/90.</p><p>Art. 2º Declarar vago o cargo ocupado pela servidora.</p><p>Art. 3º Esta Portaria entra em vigor a partir de sua publicação no Diário Oficial da União.</p><p class="assina">MARCIA ANGELA DA SILVA AGUIAR</p>]]></Texto>
  </body>
  <Midias />
</article></xml>