﻿<xml><article id="45714754" name="Port.277" idOficio="11315659" pubName="DO2" artType="Portaria" pubDate="01/10/2025" artClass="00015:00031:00000:00000:00000:00000:00000:00000:00000:00000:00017:00000" artCategory="Ministério da Cultura/Fundação Nacional de Artes" artSize="12" artNotes="" numberPage="11" pdfPage="http://pesquisa.in.gov.br/imprensa/jsp/visualiza/index.jsp?data=01/10/2025&amp;jornal=529&amp;pagina=11" editionNumber="187" highlightType="" highlightPriority="" highlight="" highlightimage="" highlightimagename="" idMateria="23160577">
  <body>
    <Identifica><![CDATA[ Portaria DE PESSOAL FUNARTE Nº 277, DE  30 de setembro de 2025]]></Identifica>
    <Data><![CDATA[]]></Data>
    <Ementa />
    <Titulo />
    <SubTitulo />
    <Texto><![CDATA[<p class="identifica">Portaria DE PESSOAL FUNARTE Nº 277, DE 30 de setembro de 2025</p><p>O Diretor-Executivo da Fundação Nacional de Artes - FUNARTE, nomeado pela Portaria da Casa Civil nº 828, de 18 de janeiro de 2023, publicada no D.O.U. 19 de janeiro de 2023, no uso das competências que lhe foram delegadas pela Portaria Funarte nº 723, de 02 de setembro de 2025, publicada no D.O.U. de 03 de setembro de 2025;</p><p>CONSIDERANDO o art. 38, da Lei 8.112 de 11 de dezembro de 1990, publicada no D.O.U de 19.de abril de 1991;</p><p>CONSIDERANDO o Decreto n° 12.586, de 12 agosto de 2025, publicada no D.O.U. de 13 de agosto de 2025;</p><p>CONSIDERANDO a Portaria n° 721, de 15 de agosto de 2025, publicada no D.O.U. de 18 de agosto de 2025, resolve:</p><p>Art. 1º - Designar, a contar de 03 de setembro de 2025, o servidor MOACIR SANTANA DE ALMEIDA, mat.SIAPE nº 1941733, para exercer o encargo de substituto eventual do cargo comissionado de Diretor, código CCE 1.15, do Centro de Teatro desta Fundação, nos afastamentos, impedimentos legais ou regulamentares do titular e na vacância do cargo, com convalidação dos atos praticados a contar da referida data de início da substituição.</p><p>Art. 2º - Esta Portaria entra em vigor na data da sua publicação.</p><p class="assina">LEONARDO LESSA</p>]]></Texto>
  </body>
  <Midias />
</article></xml>