﻿<xml><article id="45711692" name="PORTARIA 249 SALOMAO" idOficio="11315098" pubName="DO2" artType="Portaria" pubDate="01/10/2025" artClass="00025:00123:00000:00000:00000:00000:00000:00000:00000:00000:00017:00000" artCategory="Ministério da Educação/Universidade Federal de Rondonópolis" artSize="12" artNotes="" numberPage="51" pdfPage="http://pesquisa.in.gov.br/imprensa/jsp/visualiza/index.jsp?data=01/10/2025&amp;jornal=529&amp;pagina=51" editionNumber="187" highlightType="" highlightPriority="" highlight="" highlightimage="" highlightimagename="" idMateria="23159524">
  <body>
    <Identifica><![CDATA[ PORTARIA REITORIA/UFR Nº 249,  DE 29 DE setembro DE 2025]]></Identifica>
    <Data><![CDATA[]]></Data>
    <Ementa />
    <Titulo />
    <SubTitulo />
    <Texto><![CDATA[<p class="identifica">PORTARIA REITORIA/UFR Nº 249, DE 29 DE setembro DE 2025</p><p>A Reitora da Universidade Federal de Rondonópolis, no uso de suas atribuições que lhe confere o art. 8º da Lei nº 13.637, de 20 de março de 2018 e o Decreto Presidencial da República, de 26 de dezembro de 2023, tendo em vista a Instrução Normativa Reitoria/UFR nº 9, de 05 de julho de 2024, e o processo SEI nº 23853.014003/2025-51, resolve:</p><p>Art. 1º Ficam nomeados os servidores relacionados para substituir o Diretor de Ensino de Pós-Graduação e Pesquisa da Pró-Reitoria de Ensino de Pós-Graduação e Pesquisa, Salomão Lima Guimarães, SIAPE 156****, em suas ausências ou impedimentos legais:</p><p>I - Carlos Henrique Beuter, SIAPE 186***, como primeiro substituto; e</p><p>II - Maria Aparecida Peres de Oliveira, SIAPE 170****, como segunda substituta.</p><p>Parágrafo único. A segunda substituta responderá pela Diretoria de Ensino de Pós-Graduação e Pesquisa na ausência do titular e do primeiro substituto.</p><p>Art. 2º Esta portaria entra em vigor em vinte e nove de setembro de dois mil e vinte e cinco.</p><p class="assina">ANALY CASTILHO POLIZEL DE SOUZA</p>]]></Texto>
  </body>
  <Midias />
</article></xml>