﻿<xml><article id="45714688" name="Port nA 3.687 e 3.688" idOficio="11315671" pubName="DO2" artType="Portaria" pubDate="01/10/2025" artClass="00033:00045:00015:00000:00000:00000:00000:00000:00000:00000:00017:00005" artCategory="Ministério da Justiça e Segurança Pública/Polícia Federal/Diretoria de Gestão de Pessoas/Coordenação-Geral de Gestão de Pessoas" artSize="12" artNotes="" numberPage="74" pdfPage="http://pesquisa.in.gov.br/imprensa/jsp/visualiza/index.jsp?data=01/10/2025&amp;jornal=529&amp;pagina=74" editionNumber="187" highlightType="" highlightPriority="" highlight="" highlightimage="" highlightimagename="" idMateria="23160552">
  <body>
    <Identifica><![CDATA[ PORTARIA DGP/PF DE 25 DE SETEMBRO DE 2025]]></Identifica>
    <Data><![CDATA[]]></Data>
    <Ementa />
    <Titulo />
    <SubTitulo />
    <Texto><![CDATA[<p class="identifica">PORTARIA DGP/PF DE 25 DE SETEMBRO DE 2025</p><p>O DIRETOR DE GESTÃO DE PESSOAS DA POLÍCIA FEDERAL, no uso das atribuições que lhe confere o inciso VI do art. 43 do Regimento Interno da Polícia Federal, aprovado pela Portaria MSP nº 155, de 27/09/2018, publicada no DOU nº 200, de 17/10/2018, e tendo em vista o que consta do processo nº 08704.005963/2025-41; resolve:</p><p>Nº 3.687 DESIGNAR o Agente Administrativo JOSE WILLIAMS MACHADO DE SOUZA, matrícula PF nº 14.594, para a função de Chefe do Núcleo de Comunicação Social da Delegacia Especial de Polícia Federal no Aeroporto Internacional de São Paulo/Guarulhos, código FCE 1.01.</p><p>Nº 3.688 DESIGNAR o Agente Administrativo FABIO MOREIRA MANFIO, matrícula PF nº 15.076, para exercer o encargo de Substituto Eventual do Chefe do Núcleo de Comunicação Social da Delegacia Especial de Polícia Federal no Aeroporto Internacional de São Paulo/Guarulhos, código FCE 1.01.</p><p class="assina">GUILHERME MONSEFF DE BIAGI</p>]]></Texto>
  </body>
  <Midias />
</article></xml>