﻿<xml><article id="45713571" name="PORTARIA N 378_23160214" idOficio="11315526" pubName="DO2" artType="Portaria" pubDate="01/10/2025" artClass="00025:00116:00001:00000:00000:00000:00000:00000:00000:00000:00017:00000" artCategory="Ministério da Educação/Universidade Federal da Paraíba/Reitoria" artSize="12" artNotes="" numberPage="45" pdfPage="http://pesquisa.in.gov.br/imprensa/jsp/visualiza/index.jsp?data=01/10/2025&amp;jornal=529&amp;pagina=45" editionNumber="187" highlightType="" highlightPriority="" highlight="" highlightimage="" highlightimagename="" idMateria="23160214">
  <body>
    <Identifica><![CDATA[ PORTARIA PROGEP/DLCP N° 378, DE 26 DE SETEMBRO DE 2025]]></Identifica>
    <Data><![CDATA[]]></Data>
    <Ementa />
    <Titulo />
    <SubTitulo />
    <Texto><![CDATA[<p class="identifica">PORTARIA PROGEP/DLCP N° 378, DE 26 DE SETEMBRO DE 2025</p><p>A REITORA DA UNIVERSIDADE FEDERAL DA PARAÍBA, no uso de suas atribuições e conforme o que consta no Processo nº 23074.094403/2025-43, resolve:</p><p>Declarar a Vacância do cargo de Assistente em Administração, Classe D, Padrão 13, Regime de Trabalho de 40 horas semanais, do Quadro Permanente de Pessoal desta Universidade, ocupado por DIEGO DA SILVA AMORIM, MAT. SIAPE 2329424, lotado no Departamento de Arquitetura e Urbanismo do Centro de Tecnologia- CT, de acordo com o artigo 33, inciso VIII da Lei 8.112/90, com vigência a partir de 18/09/2025.</p><p class="assina">TEREZINHA DOMICIANO DANTAS MARTINS</p>]]></Texto>
  </body>
  <Midias />
</article></xml>