﻿<xml><article id="45709024" name="PORTARIA N 1.472_23144877" idOficio="11305916" pubName="DO2" artType="Portaria" pubDate="01/10/2025" artClass="00066:00010:00001:00004:00000:00000:00000:00000:00000:00000:00017:00006" artCategory="Ministério Público da União/Ministério Público do Trabalho/Procuradoria-Geral/Diretoria-Geral" artSize="12" artNotes="" numberPage="116" pdfPage="http://pesquisa.in.gov.br/imprensa/jsp/visualiza/index.jsp?data=01/10/2025&amp;jornal=529&amp;pagina=116" editionNumber="187" highlightType="" highlightPriority="" highlight="" highlightimage="" highlightimagename="" idMateria="23144877">
  <body>
    <Identifica><![CDATA[ PORTARIA DG Nº 1.472, DE 23 DE SETEMBRO DE 2025]]></Identifica>
    <Data><![CDATA[]]></Data>
    <Ementa />
    <Titulo />
    <SubTitulo />
    <Texto><![CDATA[<p class="identifica">PORTARIA DG Nº 1.472, DE 23 DE SETEMBRO DE 2025</p><p>O DIRETOR-GERAL DO MINISTÉRIO PÚBLICO DO TRABALHO, no uso da competência que lhe foi atribuída pelo artigo 258 da Portaria PGT/MPT nº 1.162, de 7 de agosto de 2025, publicada no Boletim de Serviço Eletrônico nº 147, de 8 de agosto de 2025, e considerando o que consta no PGEA/MPT n° 20.02.0001.0006805/2025-74, resolve:</p><p>Art.1º Exonerar, a contar de 01/10/2025, o servidor BRÁULIO JOSÉ PONTUAL CALIXTO, matrícula 6007692-5, do cargo em comissão de Assessor Nível II da Diretoria Regional da Procuradoria Regional do Trabalho da 6ª Região, código CC-2.</p><p>Art.2º Apostilar a Portaria MPT nº 1420, de 31/08/2023, publicada no Diário Oficial da União nº 168, de 01/09/2023, que nomeou o servidor LUCAS DE FREITAS DA SILVA, matrícula 6009579-2, para o cargo em comissão de Assessor Técnico Nível II da Assessoria Técnica da Coordenadoria Nacional do Trabalho Portuário e Aquaviário - CONATPA, código CC-2, para considerar a nomeação para exercer o cargo em comissão de Assessor Nível II da Diretoria Regional da Procuradoria Regional do Trabalho da 6ª Região, código CC-2.</p><p class="assina">JOÃO BATISTA MACHADO JÚNIOR</p>]]></Texto>
  </body>
  <Midias />
</article></xml>