﻿<xml><article id="45714387" name="PT DCOMB RPPU N 864 ANDRE MARINH" idOficio="11315576" pubName="DO2" artType="Portaria" pubDate="01/10/2025" artClass="00044:00019:00081:00275:00002:00005:00000:00000:00000:00000:00017:00035" artCategory="Ministério da Previdência Social/Instituto Nacional do Seguro Social/Diretoria de Gestão de Pessoas/Coordenação-Geral de Centralização do Regime Próprio de Previdência Social da União/Coordenação de Atendimento do RPPU/Divisão de Concessão e Manutenção de Benefícios do RPPU" artSize="12" artNotes="" numberPage="98" pdfPage="http://pesquisa.in.gov.br/imprensa/jsp/visualiza/index.jsp?data=01/10/2025&amp;jornal=529&amp;pagina=98" editionNumber="187" highlightType="" highlightPriority="" highlight="" highlightimage="" highlightimagename="" idMateria="23160472">
  <body>
    <Identifica><![CDATA[ Portaria DCOMB-RPPU/INSS Nº 864, DE 29 DE setembro DE 2025]]></Identifica>
    <Data><![CDATA[]]></Data>
    <Ementa />
    <Titulo />
    <SubTitulo />
    <Texto><![CDATA[<p class="identifica">Portaria DCOMB-RPPU/INSS Nº 864, DE 29 DE setembro DE 2025</p><p>A CHEFE DA DIVISÃO DE CONCESSÃO E MANUTENÇÃO DE BENEFÍCIOS DO RPPU- SUBSTITUTA , da Coordenação de Atendimento do RPPU, vinculada à Coordenação-Geral de Centralização do Regime Próprio de Previdência Social da União, da Diretoria de Gestão de Pessoas do INSS, no uso das atribuições e a delegação de competência estabelecida pela PORTARIA DGP/INSS Nº 05 de 18/04/2022, publicada em BSE de 19/04/2022 e na PORTARIA MPS Nº 3.851, de 10/12/2024, publicada em DOU Nº 240 de 13/12/2024 e Portaria/DGP /INSS nº 77, de 24/07/2025, publicada no BSE em 28/07/2025, e no que consta no processo SEI nº 35014.389645/2024-91 e tarefa PAT nº 291140865, resolve:</p><p>Conceder Pensão à ANDRE MARINHO DOS SANTOS BORGES, na qualidade de filho maior inválido, da ex-servidora aposentada EUNICE MARINHO DOS SANTOS BORGES, matrícula SIAPE nº 0.888.693, ocupante do cargo de Assistente Social, Classe "S", Padrão IV, do quadro de pessoal do Instituto Nacional do Seguro Social, falecida em 20/07/2024, com fundamento no inciso VI, b, do art. 3º da Portaria SGP/SEDGG/ME Nº 4645, de 24 de maio de 2022, c/c o art. 217, da Lei nº 8.112, de 11 de dezembro de 1990 e art. 2º da Lei 10.887, de 18 de junho de 2004.</p><p>Art. 2º Os efeitos desta Portaria entram em vigor a partir de 14/02/2025, data de entrada do requerimento.</p><p class="assina">JOSYLENE APARECIDA FERREIRA DE ALMEIDA</p>]]></Texto>
  </body>
  <Midias />
</article></xml>