﻿<xml><article id="45709495" name="Portaria-2243-2025" idOficio="11314791" pubName="DO2" artType="Portaria" pubDate="01/10/2025" artClass="00070:00045:00001:00000:00000:00000:00000:00000:00000:00000:00017:00000" artCategory="Poder Judiciário/Tribunal Regional do Trabalho da 4ª Região/Presidência" artSize="12" artNotes="" numberPage="132" pdfPage="http://pesquisa.in.gov.br/imprensa/jsp/visualiza/index.jsp?data=01/10/2025&amp;jornal=529&amp;pagina=132" editionNumber="187" highlightType="" highlightPriority="" highlight="" highlightimage="" highlightimagename="" idMateria="23159219">
  <body>
    <Identifica><![CDATA[ PORTARIA Nº 2.243, DE 29 DE SETEMBRO DE 2025]]></Identifica>
    <Data><![CDATA[]]></Data>
    <Ementa />
    <Titulo />
    <SubTitulo />
    <Texto><![CDATA[<p class="identifica">PORTARIA Nº 2.243, DE 29 DE SETEMBRO DE 2025</p><p>O PRESIDENTE DO TRIBUNAL REGIONAL DO TRABALHO DA 4ª REGIÃO, no uso de suas atribuições e considerando o que consta no PROAD nº 6633/2022, resolve:</p><p>CESSAR OS EFEITOS, a partir de 30-09-2025, da Portaria TRT4 nº 4.113, de 06-09-2022, que cedeu ao Supremo Tribunal Federal a servidora NATACHA MORAES DE OLIVEIRA (070556), Técnica Judiciária, Área Administrativa, a contar de 13-09-2022, por prazo indeterminado, para exercer o cargo em comissão de Secretário nível CJ-3, na Secretaria de Tecnologia da Informação do STF.</p><p class="assina">RICARDO HOFMEISTER DE ALMEIDA MARTINS COSTA</p>]]></Texto>
  </body>
  <Midias />
</article></xml>