﻿<xml><article id="45714619" name="2025-09-30/11315663/TCUWS_231605" idOficio="11315663" pubName="DO2" artType="Portaria" pubDate="01/10/2025" artClass="00067:00009:00011:00000:00000:00000:00000:00000:00000:00000:00017:00168" artCategory="Tribunal de Contas da União/Secretaria-Geral de Administração/Secretaria Especializada em Gestão de Pessoas" artSize="12" artNotes="" numberPage="119" pdfPage="http://pesquisa.in.gov.br/imprensa/jsp/visualiza/index.jsp?data=01/10/2025&amp;jornal=529&amp;pagina=119" editionNumber="187" highlightType="" highlightPriority="" highlight="" highlightimage="" highlightimagename="" idMateria="23160541">
  <body>
    <Identifica><![CDATA[ PORTARIA-SECPESSOAS Nº 168, DE 30 DE SETEMBRO DE 2025]]></Identifica>
    <Data><![CDATA[]]></Data>
    <Ementa />
    <Titulo />
    <SubTitulo />
    <Texto><![CDATA[<p class="identifica">PORTARIA-SECPESSOAS Nº 168, DE 30 DE SETEMBRO DE 2025</p><p>O SECRETÁRIO ESPECIALIZADO EM GESTÃO DE PESSOAS DO TRIBUNAL DE CONTAS DA UNIÃO , no uso das atribuições que lhe confere o disposto no inciso VIII do art. 1° da Portaria nº 6, de 2 de janeiro de 2025, da Secretaria-Geral de Administração deste Tribunal, e, tendo em vista o que consta da Portaria-TCU nº 323, de 1º de outubro de 2019, resolve:</p><p>Art. 1º Designar GIUSEPPE DE ABREU ANTONACI, matrícula 10695-0, AUFC, para exercer a função de confiança de Especialista Sênior II, código FC-4, no período compreendido entre a data de publicação desta Portaria e 31 de dezembro de 2026.</p><p>Parágrafo único. Será realizado o trabalho "Gastos Públicos na Redução de Pobreza Multidimensional", código 1086, patrocinado pelo(a) AudBenefícios e autorizado pelo(a) SEGECEX em 25/9/2025.</p><p>Art. 2º Esta Portaria entra em vigor na data de sua publicação.</p><p class="assina">ALEXANDRE PEIXOTO FIGUEIRA</p>]]></Texto>
  </body>
  <Midias />
</article></xml>