﻿<xml><article id="45708751" name="CE.Portarias.DOU.2025" idOficio="11306703" pubName="DO2" artType="Portaria" pubDate="01/10/2025" artClass="00025:00129:00007:00000:00000:00000:00000:00000:00000:00000:00017:00000" artCategory="Ministério da Educação/Universidade Federal de Santa Maria/Centro de Educação" artSize="12" artNotes="" numberPage="52" pdfPage="http://pesquisa.in.gov.br/imprensa/jsp/visualiza/index.jsp?data=01/10/2025&amp;jornal=529&amp;pagina=52" editionNumber="187" highlightType="" highlightPriority="" highlight="" highlightimage="" highlightimagename="" idMateria="23145925">
  <body>
    <Identifica><![CDATA[ PORTARIAS DE PESSOAL CE/UFSM DE 23 DE SETEMBRO DE 2025]]></Identifica>
    <Data><![CDATA[]]></Data>
    <Ementa />
    <Titulo />
    <SubTitulo />
    <Texto><![CDATA[<p class="identifica">PORTARIAS DE PESSOAL CE/UFSM DE 23 DE SETEMBRO DE 2025</p><p>A DIRETORA DO CENTRO DE EDUCAÇÃO da Universidade Federal de Santa Maria, nomeada pela Portaria de pessoal UFSM N. 1.591, de 28/09/2021, no uso de suas atribuições legais e estatutárias, em virtude da delegação de competência atribuída pelo Regimento Geral da UFSM, artigos 66, inciso XVI e 73, inciso IV, resolve:</p><p>Nº 98-DISPENSAR Lucia Bolçan, Matrícula SIAPE 1675768, ocupante do cargo de Técnico em Assuntos Educacionais, do Quadro Único de Pessoal da UFSM, da Função Gratificada de Secretária Administrativa da Secretaria Esp. Grad. Formação Profes. Educ. Profissional do Curso-Programa Especial de Formação Professores Educação Profissional do Centro de Educação, Código FG7.006, para a qual foi designada pela Portaria UFSM N. 65.917, de 21/05/2013.</p><p>II - Esta Portaria entra em vigor na data de sua publicação.</p><p>Nº 99-DISPENSAR Cristiane Aparecida da Rosa Rossi, Matrícula SIAPE 1955625, ocupante do cargo de Auxiliar em Administração, do Quadro Único de Pessoal da UFSM, da Função Gratificada de Secretária Administrativa da Secretaria do Curso de Licenciatura Educação Especial - NOTURNO do Curso Licenciatura Educação Especial - NOTURNO do Centro de Educação, Código FG7.092, para a qual foi designada pela Portaria N. 069/CE, de 10/07/2023.</p><p>II - Esta Portaria entra em vigor na data de sua publicação.</p><p>Nº 100-DISPENSAR Chaiene Linai Alves Acosta, Matrícula SIAPE 3154640, ocupante do cargo de Assistente em Administração, do Quadro Único de Pessoal da UFSM, da Função Gratificada de Secretária Administrativa da Secretaria do Curso de Educação Especial do Curso de Educação Especial do Centro de Educação, Código FG7.093, para a qual foi designada pela Portaria N. 167/CE, de 11/12/2019.</p><p>II - Esta Portaria entra em vigor na data de sua publicação.</p><p>Nº 101-DISPENSAR Gessiane Rehbein, Matrícula SIAPE 1998405, ocupante do cargo de Auxiliar em Administração, do Quadro Único de Pessoal da UFSM, da Função Gratificada de Secretária Administrativa da Secretaria do Curso de Pedagogia Licenciatura Plena Diurno do Curso Pedagogia Licenciatura Plena Diurno do Centro de Educação, Código FG7.094, para a qual foi designada pela Portaria UFSM N. 86.372, de 20/10/2017.</p><p>II - Esta Portaria entra em vigor na data de sua publicação.</p><p>Nº 102-DISPENSAR Altair Groff, Matrícula SIAPE 379633, ocupante do cargo de Assistente em Administração, do Quadro Único de Pessoal da UFSM, da Função Gratificada de Secretário(a) Administrativo(a) da Secretaria do Curso de Pedagogia Licenciatura Plena Noturno do Curso Pedagogia Licenciatura Plena Noturno do Centro de Educação, Código FG7.095, para a qual foi designado pela Portaria N. 032/CE, de 11/04/2023.</p><p>II - Esta Portaria entra em vigor na data de sua publicação.</p><p>Nº 103-DISPENSAR Cris Pinheiro Corrêa Barrozo, Matrícula SIAPE 2236830, ocupante do cargo de Auxiliar em Administração, do Quadro Único de Pessoal da UFSM, da Função Gratificada de Secretária Administrativa da Secretaria Depto. Educação Especial do Departamento de Educação Especial do Centro de Educação, Código FG7.013, para a qual foi designada pela Portaria N. 85.082, de 28/07/2017.</p><p>II - Esta Portaria entra em vigor na data de sua publicação.</p><p>Nº 104-DISPENSAR Denisardi Dalsasso de Barros, Matrícula SIAPE 380957, ocupante do cargo de Assistente em Administração, do Quadro Único de Pessoal da UFSM, da Função Gratificada de Secretário(a) Administrativo(a) da Secretaria Depto. Administração Escolar do Departamento de Administração Escolar do Centro de Educação, Código FG7.096, para a qual foi designado pela Portaria N. 27271, de 04/09/1992.</p><p>II - Esta Portaria entra em vigor na data de sua publicação.</p><p>Nº 105-DISPENSAR Diogo Alves Elwanger, Matrícula SIAPE 1756720, ocupante do cargo de Assistente em Administração, do Quadro Único de Pessoal da UFSM, da Função Gratificada de Secretário(a) Administrativo(a) da Secretaria Depto. Metodologia do Ensino do Departamento de Metodologia do Ensino do Centro de Educação, Código FG7.098, para a qual foi designado pela Portaria N. 088/CE, de 05/11/2024.</p><p>II - Esta Portaria entra em vigor na data de sua publicação.</p><p>Nº 106-DISPENSAR Bruno Dalcin Bertoldo, Matrícula SIAPE 3356059, ocupante do cargo de Assistente em Administração, do Quadro Único de Pessoal da UFSM, da Função Gratificada de Secretário(a) Administrativo(a) da Secretaria PG Mestrado Prof. Tecnologias Educacionais em Rede do Programa de Pós-Graduação Mestrado Profissional em Tecnologias Educacionais em Rede do Centro de Educação, Código FG7.011, para a qual foi designado pela Portaria N. 090/CE, de 21/08/2023.</p><p>II - Esta Portaria entra em vigor na data de sua publicação.</p><p>Nº 107-DISPENSAR André Luiz Faverzani Martins, Matrícula SIAPE 2036472, ocupante do cargo de Assistente em Administração, do Quadro Único de Pessoal da UFSM, da Função Gratificada de Secretário(a) Administrativo(a) da Secretaria PG Políticas Públicas e Gestão Educacional do Programa de Pós-Graduação em Políticas Públicas e Gestão Educacional do Centro de Educação, Código FG7.100, para a qual foi designado pela Portaria N. 070/CE, de 10/07/2023.</p><p>II - Esta Portaria entra em vigor na data de sua publicação.</p><p>Nº 108-DISPENSAR Alécio Romero Gonçalves, Matrícula SIAPE 1124230, ocupante do cargo de Assistente em Administração, do Quadro Único de Pessoal da UFSM, da Função Gratificada de Secretário(a) Administrativo(a) da Secretaria Curso-Programa PG em Educação do Programa de Pós-Graduação em Educação do Centro de Educação, Código FG7.103, para a qual foi designado pela Portaria N. 170/CE, de 17/12/2021.</p><p>II - Esta Portaria entra em vigor na data de sua publicação.</p><p>Nº 109-DISPENSAR Ricardo Mateus Klein Cargnin, Matrícula SIAPE 2063526, ocupante do cargo de Auxiliar em Administração, do Quadro Único de Pessoal da UFSM, da Função Gratificada de Secretário(a) Administrativo(a) da Secretaria Curso-Programa PG Mestrado Profissional Profhistória do Programa de Pós-Graduação Mestrado Profissional em História em Rede Nacional do Centro de Educação, Código FG7.187, para a qual foi designado pela Portaria N. 094/CE, de 22/08/2023.</p><p>II - Esta Portaria entra em vigor na data de sua publicação.</p><p>Nº 110- DISPENSAR Leila Portella Fronza, Matrícula SIAPE 1089223, ocupante do cargo de Recreacionista, do Quadro Único de Pessoal da UFSM, da Função Gratificada de Diretora do Núcleo Integrado de Ensino, Pesquisa e Extensão do Centro de Educação, Código FG4.084, para a qual foi designada pela Portaria N. 043/CE, de 30/05/2022.</p><p>II - Esta Portaria entra em vigor na data de sua publicação.</p><p>Nº 111-DISPENSAR Glece Kurzawa Coser, Matrícula SIAPE 1835092, ocupante do cargo de Técnico em Assuntos Educacionais, do Quadro Único de Pessoal da UFSM, da Função Gratificada de Diretora da Unidade de Apoio Pedagógico - REDE INTEGRARE-CE do Centro de Educação, Código FG4.144, para a qual foi designada pela Portaria UFSM N. 84.934, de 21/07/2017.</p><p>II - Esta Portaria entra em vigor na data de sua publicação.</p><p>Nº 112-DISPENSAR Everton Weber Bocca, Matrícula SIAPE 382115, ocupante do cargo de Assistente em Administração, do Quadro Único de Pessoal da UFSM, da Função Gratificada de Diretor(a) da Unidade de Tecnologia de Informação- LINCE - CE do Centro de Educação, Código FG4.085, para a qual foi designado pela Portaria UFSM N. 79.406, de 05/05/2016.</p><p>II - Esta Portaria entra em vigor na data de sua publicação.</p><p>Nº 113-DISPENSAR Maria Eliza Rosa Gama, Matrícula SIAPE 4095049, ocupante do cargo de Professor do Magistério Superior, do Quadro Único de Pessoal da UFSM, da Função Gratificada de Chefe do Departamento de Administração Escolar do Centro de Educação, Código FG1.073, para a qual foi designada pela Portaria N. 026/CE, de 26/03/2024.</p><p>II - Esta Portaria entra em vigor na data de sua publicação.</p><p>Nº 114-DISPENSAR Alessandra Alfaro Bastos, Matrícula SIAPE 2617081, ocupante do cargo de Técnico em Assuntos Educacionais, do Quadro Único de Pessoal da UFSM, da Função Gratificada de Chefe do Núcleo de Comunicação Institucional - CE da Secretaria do Centro - CE do Centro de Educação, Código FG4.123, para a qual foi designada pela Portaria N. 089/CE, de 05/11/2024.</p><p>II - Esta Portaria entra em vigor na data de sua publicação.</p><p>Nº 115-DISPENSAR Isac Fantinel Ferreira, Matrícula SIAPE 1069519, ocupante do cargo de Assistente em Administração, do Quadro Único de Pessoal da UFSM, da Função Gratificada de Chefe do Núcleo de Patrimônio - CE da Secretaria do Centro - CE do Centro de Educação, Código FG4.158, para a qual foi designado pela Portaria N. 37/2021/CE, de 30/03/2021.</p><p>II - Esta Portaria entra em vigor na data de sua publicação.</p><p>Nº 116-DESIGNAR Gessiane Rehbein, Matrícula SIAPE 1998405, ocupante do cargo de Auxiliar em Administração, do Quadro Único de Pessoal da UFSM, para exercer a Função Gratificada de Secretária da Secretaria Integrada de Graduação, da estrutura organizacional do Centro de Educação, Código FG3.011, pelo período de 02 (dois) anos.</p><p>II - Esta Portaria entra em vigor na data de sua publicação.</p><p>Nº 117-DESIGNAR André Luiz Faverzani Martins, Matrícula SIAPE 2036472, ocupante do cargo de Assistente em Administração, do Quadro Único de Pessoal da UFSM, para exercer a Função Gratificada de Secretário da Secretaria Integrada de Pós-Graduação, da estrutura organizacional do Centro de Educação, Código FG3.034, pelo período de 02 (dois) anos.</p><p>II - Esta Portaria entra em vigor na data de sua publicação.</p><p>Nº 118-DESIGNAR Cris Pinheiro Corrêa Barrozo, Matrícula SIAPE 2236830, ocupante do cargo de Auxiliar em Administração, do Quadro Único de Pessoal da UFSM, para exercer a Função Gratificada de Secretária da Secretaria Integrada de Departamentos, da estrutura organizacional do Centro de Educação, Código FG3.064, pelo período de 02 (dois) anos.</p><p>II - Esta Portaria entra em vigor na data de sua publicação.</p><p>Nº 119-DESIGNAR Leila Portella Fronza, Matrícula SIAPE 1089223, ocupante do cargo de Recreacionista, do Quadro Único de Pessoal da UFSM, para exercer a Função Gratificada de Chefe da Subdivisão de Laboratórios de Núcleos, da estrutura organizacional do Centro de Educação, Código FG4.144, pelo período de 02 (dois) anos.</p><p>II - Esta Portaria entra em vigor na data de sua publicação.</p><p>Nº 120-DESIGNAR Glece Kurzawa Coser, Matrícula SIAPE 1835092, ocupante do cargo de Técnico em Assuntos Educacionais, do Quadro Único de Pessoal da UFSM, para exercer a Função Gratificada de Chefe do Setor de Apoio Pedagógico, da estrutura organizacional do Centro de Educação, Código FG2.022, pelo período de 02 (dois) anos.</p><p>II - Esta Portaria entra em vigor na data de sua publicação.</p><p>Nº 121-DESIGNAR Everton Weber Bocca, Matrícula SIAPE 382115, ocupante do cargo de Assistente em Administração, do Quadro Único de Pessoal da UFSM, para exercer a Função Gratificada de Chefe da Divisão de Suporte de Sistemas Educacionais e Redes Digitais do CE, da estrutura organizacional do Centro de Educação, Código FG3.065, pelo período de 02 (dois) anos.</p><p>II - Esta Portaria entra em vigor na data de sua publicação.</p><p>Nº 122-DESIGNAR Alessandra Alfaro Bastos, Matrícula SIAPE 2617081, ocupante do cargo de Técnico em Assuntos Educacionais, do Quadro Único de Pessoal da UFSM, para exercer a Função Gratificada de Chefe da Subdivisão de Comunicação do CE, da estrutura organizacional do Centro de Educação, Código FG4.158, pelo período de 02 (dois) anos.</p><p>II - Esta Portaria entra em vigor na data de sua publicação.</p><p>Nº 123-DESIGNAR Isac Fantinel Ferreira, Matrícula SIAPE 1069519, ocupante do cargo de Assistente em Administração, do Quadro Único de Pessoal da UFSM, para exercer a Função Gratificada de Chefe da Subdivisão de Patrimônio do CE, da estrutura organizacional do Centro de Educação, Código FG4.123, pelo período de 02 (dois) anos.</p><p>II - Esta Portaria entra em vigor na data de sua publicação.</p><p>Nº 124-DESIGNAR Diego Stigger Marins, Matrícula SIAPE 11651641, ocupante do cargo de Assistente em Administração, do Quadro Único de Pessoal da UFSM, para exercer a Função Gratificada de Chefe da Subdivisão de Avaliação Setorial do CE, da estrutura organizacional do Centro de Educação, Código FG4.085, pelo período de 02 (dois) anos.</p><p>II - Esta Portaria entra em vigor na data de sua publicação.</p><p>Nº 125-DESIGNAR Maria Eliza Rosa Gama, Matrícula SIAPE 4095049, ocupante do cargo de Professor do Magistério Superior, do Quadro Único de Pessoal da UFSM, para exercer a Função Gratificada de Chefe do Departamento de Políticas e Gestão Educacional, da estrutura organizacional do Centro de Educação, Código FG1.073, pelo período de 06 (seis) meses e 03 (três) dias.</p><p>II - Esta Portaria entra em vigor na data de sua publicação.</p><p class="assina">MARILENE GABRIEL DALLA CORTE</p>]]></Texto>
  </body>
  <Midias />
</article></xml>