﻿<xml><article id="45715494" name="DOU2-SGP_MPF-PGR-1-PT-466-UNI-PG" idOficio="11315807" pubName="DO2" artType="Portaria" pubDate="01/10/2025" artClass="00066:00008:00008:00000:00000:00000:00000:00000:00000:00000:00017:00466" artCategory="Ministério Público da União/Ministério Público Federal/Secretaria de Gestão de Pessoas" artSize="12" artNotes="" numberPage="113" pdfPage="http://pesquisa.in.gov.br/imprensa/jsp/visualiza/index.jsp?data=01/10/2025&amp;jornal=529&amp;pagina=113" editionNumber="187" highlightType="" highlightPriority="" highlight="" highlightimage="" highlightimagename="" idMateria="23160768">
  <body>
    <Identifica><![CDATA[ PORTARIA SGP/MPF Nº 466, DE 29 DE SETEMBRO DE 2025]]></Identifica>
    <Data><![CDATA[]]></Data>
    <Ementa />
    <Titulo />
    <SubTitulo />
    <Texto><![CDATA[<p class="identifica">PORTARIA SGP/MPF Nº 466, DE 29 DE SETEMBRO DE 2025</p><p>A SECRETÁRIA DE GESTÃO DE PESSOAS DO MINISTÉRIO PÚBLICO FEDERAL, no uso da competência que lhe foi atribuída pelo artigo 1º - inciso II, alínea "n", da Portaria SG/MPF nº 994, de 24 de agosto de 2020, tendo em vista o disposto no artigo 38 da Lei nº 8.112, de 11 de dezembro de 1990, e no expediente PGR-00368290/2025, resolve:</p><p>Designar RENATA LOPES SIMOES, ocupante do cargo de Analista do MPU/Direito, matrícula nº 15650, para substituir, no período de 13 a 17 de outubro de 2025, a Assessora-Chefe Nível V, CC-5, da Assessoria de Apoio à Coordenação e Revisão Eleitoral da Secretaria de Apoio à Função Eleitoral da Procuradoria-Geral da República, por motivo de férias da titular e da substituta eventual.</p><p class="assina">ISABELA VIDIGAL BRAGA MENESES</p>]]></Texto>
  </body>
  <Midias />
</article></xml>