﻿<xml><article id="45708658" name="PORTARIA NA 1001 2" idOficio="11312701" pubName="DO2" artType="Portaria" pubDate="01/10/2025" artClass="00070:00010:00001:00000:00000:00000:00000:00000:00000:00000:00017:01001" artCategory="Poder Judiciário/Tribunal Regional Federal da 4ª Região/Presidência" artSize="12" artNotes="" numberPage="126" pdfPage="http://pesquisa.in.gov.br/imprensa/jsp/visualiza/index.jsp?data=01/10/2025&amp;jornal=529&amp;pagina=126" editionNumber="187" highlightType="" highlightPriority="" highlight="" highlightimage="" highlightimagename="" idMateria="23155076">
  <body>
    <Identifica><![CDATA[ PORTARIA Nº 1.001, DE 26 DE SETEMBRO DE 2025]]></Identifica>
    <Data><![CDATA[]]></Data>
    <Ementa />
    <Titulo />
    <SubTitulo />
    <Texto><![CDATA[<p class="identifica">PORTARIA Nº 1.001, DE 26 DE SETEMBRO DE 2025</p><p>O PRESIDENTE DO TRIBUNAL REGIONAL FEDERAL DA 4ª REGIÃO, no uso de suas atribuições legais e regimentais, e tendo em vista o decidido nos autos do Processo Administrativo 0005014-95.2025.4.04.8000, resolve:</p><p>I - REVOGAR, a partir de 01/10/2025, a Portaria nº 642/2025, deste Tribunal, publicada no Diário Oficial da União de 30/06/2025, que autorizou a cessão da servidora LAURA KITTY DE SIQUEIRA RAMOS CARDOSO, ocupante do cargo de Analista Judiciário, Área Judiciária, pertencente ao Quadro Permanente de Pessoal do Tribunal Regional Federal da 4ª Região, para exercer a função comissionada de Supervisora-Assistente (FC-4) da Seção de Coordenação e Acompanhamento de Processos do Gabinete do Desembargador Federal Leonardo Henrique de Cavalcante Carvalho no Tribunal Regional Federal da 5ª Região.</p><p>II - Esta Portaria entra em vigor na data de sua publicação.</p><p class="assina">JOÃO BATISTA PINTO SILVEIRA</p>]]></Texto>
  </body>
  <Midias />
</article></xml>