﻿<xml><article id="45708802" name="5000-(DOU de 01.10. 2025) Exoner" idOficio="11288020" pubName="DO2" artType="Ato" pubDate="01/10/2025" artClass="00070:00006:00000:00000:00000:00000:00000:00000:00000:00000:00001:00000" artCategory="Poder Judiciário/Superior Tribunal Militar" artSize="12" artNotes="" numberPage="125" pdfPage="http://pesquisa.in.gov.br/imprensa/jsp/visualiza/index.jsp?data=01/10/2025&amp;jornal=529&amp;pagina=125" editionNumber="187" highlightType="" highlightPriority="" highlight="" highlightimage="" highlightimagename="" idMateria="23115094">
  <body>
    <Identifica><![CDATA[ ATO Nº 5.000, DE 16 DE SETEMBRO DE 2025.]]></Identifica>
    <Data><![CDATA[]]></Data>
    <Ementa />
    <Titulo />
    <SubTitulo />
    <Texto><![CDATA[<p class="identifica">ATO Nº 5.000, DE 16 DE SETEMBRO DE 2025.</p><p>A MINISTRA-PRESIDENTE DO SUPERIOR TRIBUNAL MILITAR, usando das atribuições conferidas pelo inciso XXV do artigo 6º do Regimento Interno, bem como os Formulários de Dispensa e Designação nº 4513771, 4513881, 4513970 e 4514218, contidos nos autos do Processo nº 020938/25-00.17 do Sistema Eletrônico de Informações e, considerando o disposto nos incisos I e II do artigo 71 da Lei nº 8.457/1992, alterada pela Lei nº 13.774/2018, resolve:</p><p>Art. 1º EXONERAR o Analista Judiciário, área Apoio Especializado, especialidade Revisor de Texto, do Quadro Permanente da Secretaria do Superior Tribunal Militar, ELSON ANDRE HERMES, matrícula 8656, do cargo em comissão de ASSESSOR II, código STM-CJ-02, do Gabinete do Exmo. Sr. Ministro Alte Esq CLÁUDIO PORTUGAL DE VIVEIROS.</p><p>Art. 2º NOMEAR o Técnico Judiciário, área Administrativa, do Quadro Permanente da Secretaria do Superior Tribunal Militar, ROMULO ROCHA COE, matrícula 9418, para exercer, em vaga decorrente da exoneração de ELSON ANDRE HERMES, o cargo em comissão de ASSESSOR II, código STM-CJ-02, do Gabinete do Exmo. Sr. Ministro Alte Esq CLÁUDIO PORTUGAL DE VIVEIROS. Em consequência, fica dispensado da função comissionada de ASSISTENTE VI, código STM-FC-06, do citado Gabinete.</p><p>Art. 3º DESIGNAR o Analista Judiciário, área Apoio Especializado, especialidade Revisor de Texto, do Quadro Permanente da Secretaria do Superior Tribunal Militar, ELSON ANDRE HERMES, matrícula 8656, para exercer, em vaga decorrente da dispensa de ROMULO ROCHA COE, a função comissionada de ASSISTENTE VI, código STM-FC-06, do Gabinete do Exmo. Sr. Ministro Alte Esq CLÁUDIO PORTUGAL DE VIVEIROS.</p><p>Art. 4º EXONERAR o Analista Judiciário, área Judiciária, do Quadro Permanente da Secretaria do Superior Tribunal Militar, FABRÍCIO QUEIROZ SILVA, matrícula 1853, do cargo em comissão de ASSESSOR II, código STM-CJ-02, do Gabinete do Exmo. Sr. Ministro Alte Esq CLÁUDIO PORTUGAL DE VIVEIROS.</p><p>Art. 5º NOMEAR o Analista Judiciário, área Apoio Especializado, especialidade Comunicação Social, do Quadro Permanente da Secretaria do Superior Tribunal Militar, ANTONIO SIMÃO NETO, matrícula 8667, para exercer, em vaga decorrente da exoneração de FABRÍCIO QUEIROZ SILVA, o cargo em comissão de ASSESSOR II, código STM-CJ-02, do Gabinete do Exmo. Sr. Ministro Alte Esq CLÁUDIO PORTUGAL DE VIVEIROS. Em consequência, fica dispensado da função comissionada de ASSISTENTE VI, código STM-FC-06, do citado Gabinete.</p><p>Art. 6º DESIGNAR o Analista Judiciário, área Judiciária, do Quadro Permanente da Secretaria do Superior Tribunal Militar, FABRÍCIO QUEIROZ SILVA, matrícula 1853, para exercer, em vaga decorrente da dispensa de ANTONIO SIMÃO NETO, a função comissionada de ASSISTENTE VI, código STM-FC-06, do Gabinete do Exmo. Sr. Ministro Alte Esq CLÁUDIO PORTUGAL DE VIVEIROS.</p><p class="assina">MARIA ELIZABETH ROCHA</p>]]></Texto>
  </body>
  <Midias />
</article></xml>