﻿<xml><article id="45709198" name="ATO 205 DOU" idOficio="11301505" pubName="DO2" artType="Ato" pubDate="01/10/2025" artClass="00070:00049:00001:00008:00001:00000:00000:00000:00000:00000:00001:00000" artCategory="Poder Judiciário/Tribunal Regional do Trabalho da 8ª Região/Gabinete da Presidência/Secretaria/Coordenação de Recursos Humanos" artSize="12" artNotes="" numberPage="133" pdfPage="http://pesquisa.in.gov.br/imprensa/jsp/visualiza/index.jsp?data=01/10/2025&amp;jornal=529&amp;pagina=133" editionNumber="187" highlightType="" highlightPriority="" highlight="" highlightimage="" highlightimagename="" idMateria="23137691">
  <body>
    <Identifica><![CDATA[ ATO Nº 205, DE 17 DE SETEMBRO DE 2025]]></Identifica>
    <Data><![CDATA[]]></Data>
    <Ementa />
    <Titulo />
    <SubTitulo />
    <Texto><![CDATA[<p class="identifica">ATO Nº 205, DE 17 DE SETEMBRO DE 2025</p><p>A DESEMBARGADORA PRESIDENTE DO EGRÉGIO TRIBUNAL REGIONAL DO TRABALHO DA OITAVA REGIÃO, no uso de suas atribuições previstas no art. 37, XLVII, do Regimento Interno,</p><p>CONSIDERANDO a nomeação dos servidores THIAGO RODRIGUES REIS e FLÁVIO MARCÍLIO PAIVA RAMOS para exercerem, respectivamente, os cargos em comissão de Diretor da Secretaria de Governança e Gestão Estratégica CJ-3, e Coordenador de Controle Interno e Integridade, CJ-2, conforme mensagem encaminhada pela Secretaria de Gestão de Pessoas em 15 de setembro de 2025;</p><p>CONSIDERANDO o que consta nos autos do Processo Administrativo Eletrônico nº 6842/2025 e, ainda, o interesse do serviço, resolve:</p><p>Art. 1º EXONERAR o servidor ALEX BARROS DOS SANTOS, Analista Judiciário, Área Judiciária, Área Apoio Especializado, Especialidade Tecnologia da Informação, Código SIGEP n.º 3155, do cargo em comissão de Diretor da Secretaria de Governança e Gestão Estratégica, CJ-3 (Código SIGEP n.º 98), do quadro de lotação da Secretaria de Governança e Gestão Estratégica, de acordo com o artigo 35, item I, da Lei nº 8.112/1990.</p><p>Art. 2º EXONERAR o servidor THIAGO RODRIGUES REIS, Analista Judiciário, Área Administrativa, Código SIGEP n.º 2412, do cargo em comissão de Coordenador de Controle Interno e Integridade, CJ-02, (Código SIGEP nº 19), do quadro de lotação da Coordenadoria de Controle Interno e Integridade, de acordo com o artigo 35, item I, da Lei nº 8.112/1990.</p><p>Art 3º DISPENSAR o servidor FLAVIO MARCILIO PAIVA RAMOS, Analista Judiciário, Área Apoio Especializado, Especialidade Tecnologia da Informação, matrícula nº 3127, da Função Comissionada de Chefe da Seção de Apoio à Governança e Contratações de TIC, FC-5 (código SIGEP nº 105), do quadro de lotação da Seção de Apoio à Governança e Contratações de TIC.</p><p>Art. 4º NOMEAR o servidor THIAGO RODRIGUES REIS, Analista Judiciário, Área Administrativa, Código SIGEP n.º 2412, para exercer o cargo em comissão de Diretor da Secretaria de Governança e Gestão Estratégica, CJ-3 (Código SIGEP n.º 98), do quadro de lotação da Secretaria de Governança e Gestão Estratégica, em vaga decorrente da exoneração do servidor Alex Barros dos Santos, de acordo com o artigo 9º, item II, da Lei nº 8.112/1990, e artigo 5º, § 8º, da Lei nº 11.416/2006.</p><p>Art. 5º NOMEAR o servidor FLAVIO MARCILIO PAIVA RAMOS, Analista Judiciário, Área Apoio Especializado, Especialidade Tecnologia da Informação, matrícula nº 3127, para exercer o cargo em comissão de Coordenador de Controle Interno e Integridade, CJ-02 (código SIGEP nº 19), do quadro de lotação da Coordenadoria de Controle Interno e Integridade, em vaga decorrente da exoneração do servidor Thiago Rodrigues Reis, de acordo com o artigo 9º, item II, da Lei nº 8.112/1990, e artigo 5º, § 8º, da Lei nº 11.416/2006.</p><p>AArt. 6º Este Ato entrará em vigor a partir da data de sua publicação no Diário Oficial da União.</p><p class="assina">SULAMIR PALMEIRA MONASSA DE ALMEIDA</p>]]></Texto>
  </body>
  <Midias />
</article></xml>