﻿<xml><article id="45709249" name="PORTARIA N 1.122_23159036" idOficio="11314665" pubName="DO2" artType="Portaria" pubDate="01/10/2025" artClass="00011:00002:00000:00000:00000:00000:00000:00000:00000:00000:00017:00000" artCategory="Ministério das Cidades/Secretaria Executiva" artSize="12" artNotes="" numberPage="9" pdfPage="http://pesquisa.in.gov.br/imprensa/jsp/visualiza/index.jsp?data=01/10/2025&amp;jornal=529&amp;pagina=9" editionNumber="187" highlightType="" highlightPriority="" highlight="" highlightimage="" highlightimagename="" idMateria="23159036">
  <body>
    <Identifica><![CDATA[ PORTARIA Nº 1.122, DE 25 DE SETEMBRO DE 2025]]></Identifica>
    <Data><![CDATA[]]></Data>
    <Ementa />
    <Titulo />
    <SubTitulo />
    <Texto><![CDATA[<p class="identifica">PORTARIA Nº 1.122, DE 25 DE SETEMBRO DE 2025</p><p>O SUBSECRETÁRIO DE PLANEJAMENTO, ORÇAMENTO E ADMINISTRAÇÃO DO MINISTÉRIO DAS CIDADES, no uso da competência que lhe foi delegada pelo art. 13, inciso IV, da Portaria MCID nº 535, de 15 de maio de 2023, e considerando o disposto no art. 3º da Emenda Constitucional nº 103, de 12 de novembro de 2019, bem como o constante no Processo SEI nº 80000.006476/2025-50, resolve:</p><p>Art. 1º CONCEDER Aposentadoria Voluntária, com proventos integrais ao servidor DURVAL DE SOUZA FILHO, Matrícula SIAPE nº 0478979, ocupante do cargo efetivo de Assistente de Administração, Classe S, Padrão V, do Quadro de Pessoal deste Ministério das Cidades, com fundamento no art. 20, § 2º, inciso I, da Emenda Constitucional nº 103, de 12 de novembro de 2019, assegurando-lhe o direito à paridade, nos termos do art. 7º da Emenda Constitucional nº 41, de 19 de dezembro de 2003.</p><p>Art. 2º Declarar vago o referido cargo.</p><p>Art. 3º Esta Portaria entra em vigor na data de sua publicação.</p><p class="assina">RODRIGO DALVI SANTANA</p>]]></Texto>
  </body>
  <Midias />
</article></xml>