﻿<xml><article id="45709579" name="PORTARIA N 388_23159135" idOficio="11314743" pubName="DO2" artType="Portaria" pubDate="01/10/2025" artClass="00070:00062:00001:00002:00001:00000:00000:00000:00000:00000:00017:00000" artCategory="Poder Judiciário/Tribunal Regional do Trabalho da 21ª Região/Presidência/Diretoria-Geral/Secretaria Administrativa" artSize="12" artNotes="" numberPage="136" pdfPage="http://pesquisa.in.gov.br/imprensa/jsp/visualiza/index.jsp?data=01/10/2025&amp;jornal=529&amp;pagina=136" editionNumber="187" highlightType="" highlightPriority="" highlight="" highlightimage="" highlightimagename="" idMateria="23159135">
  <body>
    <Identifica><![CDATA[ PORTARIA TRT21-GP Nº 388, DE 29 DE SETEMBRO DE 2025]]></Identifica>
    <Data><![CDATA[]]></Data>
    <Ementa />
    <Titulo />
    <SubTitulo />
    <Texto><![CDATA[<p class="identifica">PORTARIA TRT21-GP Nº 388, DE 29 DE SETEMBRO DE 2025</p><p>O DESEMBARGADOR PRESIDENTE DO TRIBUNAL REGIONAL DO TRABALHO DA 21ª REGIÃO, no uso de suas atribuições legais e regimentais,</p><p>Considerando as disposições contidas no artigo 21, inciso XV, do Regimento</p><p>Interno;</p><p>Considerando os termos do PROAD nº 4373/2025, resolve:</p><p>Designar JANUÁRIO CICCO WANDERLEY GALVÃO, matrícula nº 308.21.0999, para ocupar a Função Comissionada de Assistente de Gabinete (FC-05), do Gabinete do Desembargador Ronaldo Medeiros de Souza, com efeitos a contar de 01/10/2025.</p><p class="assina">EDUARDO SERRANO DA ROCHA</p>]]></Texto>
  </body>
  <Midias />
</article></xml>