﻿<xml><article id="45712655" name="Sonia Regina Carneiro Dutra.rtf" idOficio="11315286" pubName="DO2" artType="Portaria" pubDate="01/10/2025" artClass="00016:00010:00012:00007:00000:00000:00000:00000:00000:00000:00017:00003" artCategory="Ministério da Defesa/Comando da Aeronáutica/Comando-Geral do Pessoal/Diretoria de Administração do Pessoal" artSize="12" artNotes="" numberPage="12" pdfPage="http://pesquisa.in.gov.br/imprensa/jsp/visualiza/index.jsp?data=01/10/2025&amp;jornal=529&amp;pagina=12" editionNumber="187" highlightType="" highlightPriority="" highlight="" highlightimage="" highlightimagename="" idMateria="23159915">
  <body>
    <Identifica><![CDATA[ PORTARIA DIRAP Nº 5.157/4PC2, DE 29 DE SETEMBRO DE 2025]]></Identifica>
    <Data><![CDATA[]]></Data>
    <Ementa />
    <Titulo />
    <SubTitulo />
    <Texto><![CDATA[<p class="identifica">PORTARIA DIRAP Nº 5.157/4PC2, DE 29 DE SETEMBRO DE 2025</p><p>O DIRETOR DE ADMINISTRAÇÃO DO PESSOAL, no uso da competência que lhe foi subdelegada pela Portaria nº 377/GC3, de 7 de julho de 2011, Art. 1º, inciso VI, publicada no DOU nº 130, Seção 1, de 8 de julho de 2011, e, em cumprimento à Tutela de Urgência deferida nos autos do Processo nº 5081151-54.2025.4.02.5101, em trâmite perante a 6ª Vara Federal do Rio de Janeiro-RJ, conforme Parecer de Força Executória nº 0270/2025/CORESENE/PRU2R/PGU/AGU, de 10 de setembro de 2025, e, considerando o Processo nº 67422.011571/2025-46, resolve, até ulterior decisão:</p><p>Art. 1º Alterar a Portaria DIRAP nº 3.802/4PC2, de 14 de julho de 2025, publicada no DOU nº 132, de 16 de julho de 2025, Seção 2, referente à concessão de pensão do instituidor GAUDÊNCIO DUTRA DE ARAUJO SANTOS, SIAPE nº 1318803, falecido em 4 de março de 1988, aposentado no cargo de Agente de Mecanização e Apoio, código AGMAP-481026, equivalente a 100% (cem por cento) da classe "S", referência NI-32, com a finalidade de restabelecer a pensão de SONIA REGINA CARNEIRO DUTRA, na condição de filha maior, equiparada à filha solteira, nos termos da Lei nº 3.373, de 12 de março de 1958, e Art. 38, inciso II, alínea "c", da Portaria SGP/SEDGG/ME nº 4645, de 24 de maio de 2022, com a vigência e os efeitos financeiros a contar de 10 de setembro de 2025, data do supracitado Parecer de Força Executória emitido pela Procuradoria-Regional da União da 2ª Região.</p><p>Art. 2º Os efeitos desta Portaria entram em vigor na data de sua publicação.</p><p class="assina">Maj Brig Ar MARCELO MORENO</p>]]></Texto>
  </body>
  <Midias />
</article></xml>