﻿<xml><article id="45709144" name="trt9a182-2025-PRT COINF 208 - OK" idOficio="11277859" pubName="DO2" artType="Portaria" pubDate="01/10/2025" artClass="00070:00050:00001:00001:00017:00000:00000:00000:00000:00000:00017:00000" artCategory="Poder Judiciário/Tribunal Regional do Trabalho da 9ª Região/Tribunal Pleno/Presidência/Coordenadoria de Informações Funcionais" artSize="12" artNotes="" numberPage="134" pdfPage="http://pesquisa.in.gov.br/imprensa/jsp/visualiza/index.jsp?data=01/10/2025&amp;jornal=529&amp;pagina=134" editionNumber="187" highlightType="" highlightPriority="" highlight="" highlightimage="" highlightimagename="" idMateria="23097446">
  <body>
    <Identifica><![CDATA[ PORTARIA COINF Nº 208, DE 10 DE SETEMBRO DE 2025]]></Identifica>
    <Data><![CDATA[]]></Data>
    <Ementa />
    <Titulo />
    <SubTitulo />
    <Texto><![CDATA[<p class="identifica">PORTARIA COINF Nº 208, DE 10 DE SETEMBRO DE 2025</p><p>O COORDENADOR SUBSTITUTO DE INFORMAÇÕES FUNCIONAIS DO TRIBUNAL REGIONAL DO TRABALHO DA 9ª REGIÃO, usando de suas atribuições legais, e diante da delegação de competência decorrente do art. 4º, III e IV, da Portaria Presidência nº 22/2022, resolve:</p><p>I - designar ROSANITA BATISTA DE ALMEIDA BAGGIO, Analista Judiciário Área Judiciária, classe C, padrão 13, para EXERCER o Cargo em Comissão de Assessor De Juiz I (c-9868), código TRT 9ª CJ-1, da 01ª Vara Do Trabalho De Ponta Grossa, a partir da data de publicação, dispensando-a da Função Comissionada de Calculista (c-5441), código TRT 9ª FC-4, desta unidade, a partir da mesma data (Documento Eletrônico nº 4/2025);</p><p>II - dispensar ROSANGELA GREMSKI LEVY, Analista Judiciário Área Judiciária, classe A, padrão 4, do Cargo em Comissão de Assessor De Juiz I (c-9868), código TRT 9ª CJ-1, 01ª Vara Do Trabalho De Ponta Grossa, a partir da data de publicação (Documento Eletrônico nº 4/2025).</p><p class="assina">LUIZ ANTONIO BELTRAME</p>]]></Texto>
  </body>
  <Midias />
</article></xml>