﻿<xml><article id="45715464" name="DOU2-DF-1-PT-191-UNI-PR-DF-00088" idOficio="11315807" pubName="DO2" artType="Portaria" pubDate="01/10/2025" artClass="00066:00008:00025:00000:00000:00000:00000:00000:00000:00000:00017:00000" artCategory="Ministério Público da União/Ministério Público Federal/Procuradoria da República no Distrito Federal" artSize="12" artNotes="" numberPage="114" pdfPage="http://pesquisa.in.gov.br/imprensa/jsp/visualiza/index.jsp?data=01/10/2025&amp;jornal=529&amp;pagina=114" editionNumber="187" highlightType="" highlightPriority="" highlight="" highlightimage="" highlightimagename="" idMateria="23160771">
  <body>
    <Identifica><![CDATA[ PORTARIA Nº 191, DE 29 DE SETEMBRO DE 2025]]></Identifica>
    <Data><![CDATA[]]></Data>
    <Ementa />
    <Titulo />
    <SubTitulo />
    <Texto><![CDATA[<p class="identifica">PORTARIA Nº 191, DE 29 DE SETEMBRO DE 2025</p><p>A PROCURADORA-CHEFE DA PROCURADORIA DA REPÚBLICA NO DISTRITO FEDERAL, no exercício de suas atribuições, instituídas pelo art. 50, II, da Lei Complementar nº 75/93 e pelo art. 56, VI, da Portaria PGR nº 357/2015, resolve:</p><p>Exonerar a servidora LORENA REZENDE MARTINELLO VENTURA, matrícula nº 31631, ocupante do cargo de Analista do MPU/Direito, do encargo de substituta eventual de Assessora-Chefe Nível IV, Código CC-4, do GABPR17-PPP, da Procuradoria da República no Distrito Federal. Em consequência, nomear a servidora PAMELLA LOPES MELLO, matrícula nº 28820, ocupante do cargo de Analista do MPU/Direito, para exercer a referida função.</p><p class="assina">ANNA CAROLINA RESENDE MAIA GARCIA</p>]]></Texto>
  </body>
  <Midias />
</article></xml>