﻿<xml><article id="45715302" name="1398 - PORTARIA DE PESSOAL PROGE" idOficio="11315769" pubName="DO2" artType="Portaria" pubDate="01/10/2025" artClass="00025:00109:00057:00000:00000:00000:00000:00000:00000:00000:00017:00000" artCategory="Ministério da Educação/Universidade Federal de Juiz de Fora/Pró-Reitoria de Gestão de Pessoas" artSize="12" artNotes="" numberPage="44" pdfPage="http://pesquisa.in.gov.br/imprensa/jsp/visualiza/index.jsp?data=01/10/2025&amp;jornal=529&amp;pagina=44" editionNumber="187" highlightType="" highlightPriority="" highlight="" highlightimage="" highlightimagename="" idMateria="23160698">
  <body>
    <Identifica><![CDATA[ PORTARIA DE PESSOAL PROGEPE/UFJF Nº 1.398, DE 30 de setembro de 2025]]></Identifica>
    <Data><![CDATA[]]></Data>
    <Ementa />
    <Titulo />
    <SubTitulo />
    <Texto><![CDATA[<p class="identifica">PORTARIA DE PESSOAL PROGEPE/UFJF Nº 1.398, DE 30 de setembro de 2025</p><p>A Pró-Reitora de Gestão de Pessoas da Universidade Federal de Juiz de Fora, no uso de suas atribuições e de suas competências delegadas através da Portaria de Pessoal PROGEPE/UFJF Nº 138, de 10 de maio de 2024, publicada no DOU de 17 de maio de 2024, resolve:</p><p>Art. 1º Nomear ROBSON SANTIAGO VIOL, SIAPE 1230694, para substituir DIOGO TOURINO DE SOUSA, SIAPE 3450856, COORDENADOR GERAL DE PROCESSOS SELETIVOS, vinculada a Pró-Reitoria de Graduação, código CD-04, em virtude de férias do mesmo, no período de 29/09/2025 a 02/10/2025, conforme Processo nº 23071.943623/2025-05, convalidando os atos praticados do início do período mencionado até a publicação desta.</p><p>Art. 2º Esta Portaria Administrativa entra em vigor na data de sua publicação no DOU.</p><p class="assina">ISABELA RODRIGUES VEIGA</p>]]></Texto>
  </body>
  <Midias />
</article></xml>