﻿<xml><article id="45712742" name="PORTS PRESI__HO9S8O" idOficio="11315290" pubName="DO2" artType="Portaria" pubDate="01/10/2025" artClass="00034:00062:00000:00000:00000:00000:00000:00000:00000:00000:00013:00001" artCategory="Ministério do Meio Ambiente e Mudança do Clima/Instituto Brasileiro do Meio Ambiente e dos Recursos Naturais Renováveis" artSize="12" artNotes="" numberPage="77" pdfPage="http://pesquisa.in.gov.br/imprensa/jsp/visualiza/index.jsp?data=01/10/2025&amp;jornal=529&amp;pagina=77" editionNumber="187" highlightType="" highlightPriority="" highlight="" highlightimage="" highlightimagename="" idMateria="23159919">
  <body>
    <Identifica><![CDATA[ PORTARIA DE PESSOAL IBAMA Nº 2.154, DE 26 DE SETEMBRO DE 2025]]></Identifica>
    <Data><![CDATA[]]></Data>
    <Ementa />
    <Titulo />
    <SubTitulo />
    <Texto><![CDATA[<p class="identifica">PORTARIA DE PESSOAL IBAMA Nº 2.154, DE 26 DE SETEMBRO DE 2025</p><p>O PRESIDENTE DO INSTITUTO BRASILEIRO DO MEIO AMBIENTE E DOS RECURSOS NATURAIS RENOVÁVEIS (Ibama), no uso das atribuições que lhe conferem o art. 15 Anexo I do Decreto nº 12.130, de 07 de agosto de 2024, que aprovou a Estrutura Regimental do Ibama, e pelo art. 10 da Portaria GM/MMA nº 897, de 22 de dezembro de 2023, resolve:</p><p>Designar, a contar da data de publicação desta Portaria até o dia 8 de outubro de 2025, PRISCILA CANDIDA MARTINS DA SILVA, matrícula SIAPE n. 330****, para exercer o encargo de substituta da Função Comissionada Executiva de Chefe, código FCE 1.07, da Divisão de Proteção Ambiental, da Superintendência no estado de Mato Grosso do Sul, deste Instituto, durante os afastamentos, impedimentos legais ou regulamentares do titular e na vacância do cargo.</p><p class="assina">RODRIGO AGOSTINHO</p><p class="identifica">PORTARIA DE PESSOAL IBAMA Nº 2.163, DE 29 DE SETEMBRO DE 2025</p><p>O PRESIDENTE DO INSTITUTO BRASILEIRO DO MEIO AMBIENTE E DOS RECURSOS NATURAIS RENOVÁVEIS (Ibama), no uso das atribuições que lhe conferem o art. 15 Anexo I do Decreto nº 12.130, de 07 de agosto de 2024, que aprovou a Estrutura Regimental do Ibama, e pelo art. 10 da Portaria GM/MMA nº 897, de 22 de dezembro de 2023, resolve:</p><p>Dispensar, a pedido, NIVEA NAGAMINE PINHEIRO, matrícula SIAPE n. 329****, da Função Comissionada Executiva de Chefe, código FCE 1.05, do Serviço de Assuntos Estratégicos de Flora, da Coordenação-Geral de Gestão e Monitoramento do Uso da Flora, da Diretoria de Biodiversidade e Florestas, deste Instituto.</p><p class="assina">RODRIGO AGOSTINHO</p><p class="identifica">PORTARIA DE PESSOAL IBAMA Nº 2.164, DE 29 DE SETEMBRO DE 2025</p><p>O PRESIDENTE DO INSTITUTO BRASILEIRO DO MEIO AMBIENTE E DOS RECURSOS NATURAIS RENOVÁVEIS (Ibama), no uso das atribuições que lhe conferem o art. 15 Anexo I do Decreto nº 12.130, de 07 de agosto de 2024, que aprovou a Estrutura Regimental do Ibama, e pelo art. 10 da Portaria GM/MMA nº 897, de 22 de dezembro de 2023, resolve:</p><p>Designar LELIANE RAYNNE DUARTE OLIVEIRA, matrícula SIAPE n. 336****, para exercer a Função Comissionada Executiva de Chefe, código FCE 1.05, do Serviço de Assuntos Estratégicos de Flora, da Coordenação-Geral de Gestão e Monitoramento do Uso da Flora, da Diretoria de Biodiversidade e Florestas, deste Instituto.</p><p class="assina">RODRIGO AGOSTINHO</p><p class="identifica">PORTARIA DE PESSOAL IBAMA Nº 2.178, DE 29 DE SETEMBRO DE 2025</p><p>O PRESIDENTE DO INSTITUTO BRASILEIRO DO MEIO AMBIENTE E DOS RECURSOS NATURAIS RENOVÁVEIS (Ibama), no uso das atribuições que lhe conferem o art. 15 Anexo I do Decreto nº 12.130, de 07 de agosto de 2024, que aprovou a Estrutura Regimental do Ibama, e pelo art. 10 da Portaria GM/MMA nº 897, de 22 de dezembro de 2023, resolve:</p><p>Dispensar, a pedido, RODRIGO CUNHA PIRES, matrícula SIAPE n. 330****, do encargo de substituto da Função Comissionada Executiva de Chefe, código FCE 1.05, do Serviço de Apoio Ambiental, da Gerência Executiva em Santarém, da Superintendência no estado do Pará, deste Instituto.</p><p class="assina">RODRIGO AGOSTINHO</p>]]></Texto>
  </body>
  <Midias />
</article></xml>