﻿<xml><article id="45709585" name="4997-(DOU de 01.10. 2025) Exoner" idOficio="11287973" pubName="DO2" artType="Ato" pubDate="01/10/2025" artClass="00070:00006:00000:00000:00000:00000:00000:00000:00000:00000:00001:00000" artCategory="Poder Judiciário/Superior Tribunal Militar" artSize="12" artNotes="" numberPage="125" pdfPage="http://pesquisa.in.gov.br/imprensa/jsp/visualiza/index.jsp?data=01/10/2025&amp;jornal=529&amp;pagina=125" editionNumber="187" highlightType="" highlightPriority="" highlight="" highlightimage="" highlightimagename="" idMateria="23114998">
  <body>
    <Identifica><![CDATA[ ATO Nº 4.997, DE 16 DE SETEMBRO DE 2025]]></Identifica>
    <Data><![CDATA[]]></Data>
    <Ementa />
    <Titulo />
    <SubTitulo />
    <Texto><![CDATA[<p class="identifica">ATO Nº 4.997, DE 16 DE SETEMBRO DE 2025</p><p>A MINISTRA-PRESIDENTE DO SUPERIOR TRIBUNAL MILITAR, usando das atribuições conferidas pelo inciso XXV do artigo 6º do Regimento Interno, bem como o Memorando nº 4518023, contido nos autos do Processo nº 016178/21-00.15 do Sistema Eletrônico de Informações, como também o disposto nos incisos I e II do artigo 71 da Lei nº 8.457/1992, alterada pela Lei nº 13.774/2018, resolve:</p><p>Art. 1º EXONERAR a Analista Judiciária, área Judiciária, do Quadro Permanente da Secretaria do Superior Tribunal Militar, LILIAN SCAVUZZI CRAVO MAIURINO, matrícula 9331, do cargo em comissão de ASSESSORA II, código STM-CJ-02, do Gabinete do Exmo. Sr. Ministro Alte Esq CELSO LUIZ NAZARETH.</p><p>Art. 2º NOMEAR a Analista Judiciária, área Judiciária, do Quadro Permanente da Secretaria do Superior Tribunal Militar, RENATA ALVES VARCHAVSKY, matrícula 7733, para exercer, em vaga decorrente da exoneração de LILIAN SCAVUZZI CRAVO MAIURINO, o cargo em comissão de ASSESSORA II, código STM-CJ-02, do Gabinete do Exmo. Sr. Ministro Alte Esq CELSO LUIZ NAZARETH. Em consequência, fica exonerada do cargo em comissão de ASSESSORA I, código STM-CJ-01, do referido Gabinete.</p><p>Art. 3º NOMEAR a Analista Judiciária, área Judiciária, do Quadro Permanente da Secretaria do Superior Tribunal Militar, LILIAN SCAVUZZI CRAVO MAIURINO, matrícula 9331, para exercer, em vaga decorrente da exoneração de RENATA ALVES VARCHAVSKY, o cargo em comissão de ASSESSORA I, código STM-CJ-01, do Gabinete do Exmo. Sr. Ministro Alte Esq CELSO LUIZ NAZARETH.</p><p>Art. 4º DISPENSAR a militar JAQUELINE NUNES DE MENDONÇA, matrícula 1497, da função comissionada de OFICIAL DE GABINETE DE MINISTRO, código STM-FC-06, do Gabinete do Exmo. Sr. Ministro Alte Esq CELSO LUIZ NAZARETH.</p><p>Art. 5º DESIGNAR o militar ALEXSANDER LEANDRO RIBEIRO DA SILVA, matrícula 1618, para exercer, em vaga decorrente da dispensa de JAQUELINE NUNES DE MENDONÇA, a função comissionada de OFICIAL DE GABINETE DE MINISTRO, código STM-FC-06, do Gabinete do Exmo. Sr. Ministro Alte Esq CELSO LUIZ NAZARETH.</p><p>Art. 6º DISPENSAR o militar GIULIANO FERNANDES BARRETO, matrícula 1881, da função comissionada de ASSISTENTE VI, código STM-FC-06, do Gabinete do Exmo. Sr. Ministro Alte Esq CELSO LUIZ NAZARETH.</p><p>Art. 7º DESIGNAR o militar PAULO SERGINALDO SALES DE SOUSA, matrícula 1490, para exercer, em vaga decorrente da dispensa de GIULIANO FERNANDES BARRETO, a função comissionada de ASSISTENTE VI, código STM-FC-06, do Gabinete do Exmo. Sr. Ministro Alte Esq CELSO LUIZ NAZARETH.</p><p>Art. 8º DISPENSAR o militar IGOR VIEIRA DA ROCHA MOREIRA, matrícula 1498, da função comissionada de ASSISTENTE VI, código STM-FC-06, do Gabinete do Exmo. Sr. Ministro Alte Esq CELSO LUIZ NAZARETH.</p><p>Art. 9º DESIGNAR o militar BRENO FELICIANO DE OLIVEIRA, matrícula 1491, para exercer, em vaga decorrente da dispensa de IGOR VIEIRA DA ROCHA MOREIRA, a função comissionada de ASSISTENTE VI, código STM-FC-06, do Gabinete do Exmo. Sr. Ministro Alte Esq CELSO LUIZ NAZARETH.</p><p>Art. 10 DISPENSAR o militar MANOEL AMÉRICO BEZERRA PORTUGAL CAMPOS, matrícula 1492, da função comissionada de ASSISTENTE VI, código STM-FC-06, do Gabinete do Exmo. Sr. Ministro Alte Esq CELSO LUIZ NAZARETH.</p><p>Art. 11 DESIGNAR o militar ALEX DOS SANTOS CHALES, matrícula 1499, para exercer, em vaga decorrente da dispensa de MANOEL AMÉRICO BEZERRA PORTUGAL CAMPOS, a função comissionada de ASSISTENTE VI, código STM-FC-06, do Gabinete do Exmo. Sr. Ministro Alte Esq CELSO LUIZ NAZARETH.</p><p class="assina">MARIA ELIZABETH ROCHA</p>]]></Texto>
  </body>
  <Midias />
</article></xml>