﻿<xml><article id="45708577" name="PT DCOMB RPPU N 832 JOSE TEIXEIR" idOficio="11314868" pubName="DO2" artType="Portaria" pubDate="01/10/2025" artClass="00044:00019:00081:00275:00002:00005:00000:00000:00000:00000:00017:00018" artCategory="Ministério da Previdência Social/Instituto Nacional do Seguro Social/Diretoria de Gestão de Pessoas/Coordenação-Geral de Centralização do Regime Próprio de Previdência Social da União/Coordenação de Atendimento do RPPU/Divisão de Concessão e Manutenção de Benefícios do RPPU" artSize="12" artNotes="" numberPage="96" pdfPage="http://pesquisa.in.gov.br/imprensa/jsp/visualiza/index.jsp?data=01/10/2025&amp;jornal=529&amp;pagina=96" editionNumber="187" highlightType="" highlightPriority="" highlight="" highlightimage="" highlightimagename="" idMateria="23159287">
  <body>
    <Identifica><![CDATA[ Portaria DCOMB-RPPU/INSS Nº 832, DE 29 DE SETEMBRO DE 2025]]></Identifica>
    <Data><![CDATA[]]></Data>
    <Ementa />
    <Titulo />
    <SubTitulo />
    <Texto><![CDATA[<p class="identifica">Portaria DCOMB-RPPU/INSS Nº 832, DE 29 DE SETEMBRO DE 2025</p><p>A CHEFE DA DIVISÃO DE CONCESSÃO E MANUTENÇÃO DE BENEFÍCIOS DO RPPU - Substituta, da Coordenação de Atendimento do RPPU, vinculada à Coordenação-Geral de Centralização do RPPU, da Diretoria de Gestão de Pessoas do INSS, no uso das atribuições e a delegação de competência estabelecida pela PORTARIA DGP/INSS nº 05 de 18/04/2022, publicada no BSE de 19/04/2022, na PORTARIA MPS nº 3851 de 10/12/2024, publicada no DOU nº 240, de 13/12/2024, e Portaria/DGP/INSS nº 77, de 24/07/2025, publicada no BSE em 28/07/2025, conforme o constante no processo SEI nº 35014.346475/2025-31 e Tarefa PAT nº 718782485 e na forma da legislação vigente, resolve:</p><p>Conceder aposentadoria por Incapacidade Permanente, decorrente de acidente em serviço, moléstia profissional ou doença grave, contagiosa ou incurável, na forma da lei, ao servidor JOSE TEIXEIRA GOMES FERREIRA JUNIOR, matrícula SIAPE 1439283, ocupante do cargo de Engenheiro, classe "B", Padrão II, do quadro de pessoal permanente da Superintendência do Desenvolvimento do Centro Oeste, com fundamento no Artigo 40 § 1º Inciso I da Constituição Federal, com redação dada pela Emenda Constitucional nº 41/03, Artigo 6 -A, incluído pela Emenda Constitucional 70/2012, amparado pelo Artigo 3º da Emenda Constitucional 103/19, com proventos integrais na forma da Lei, declarando, em consequência, o referido cargo vago.</p><p>Esta portaria entra em vigor na data de sua publicação.</p><p class="assina">JOSYLENE APARECIDA FERREIRA DE ALMEIDA</p>]]></Texto>
  </body>
  <Midias />
</article></xml>