﻿<xml><article id="45713337" name="PORTARIA N 1.444 SINC 23160094" idOficio="11315443" pubName="DO2" artType="Portaria" pubDate="01/10/2025" artClass="00033:00002:00000:00000:00000:00000:00000:00000:00000:00000:00017:00004" artCategory="Ministério da Justiça e Segurança Pública/Secretaria Executiva" artSize="12" artNotes="" numberPage="73" pdfPage="http://pesquisa.in.gov.br/imprensa/jsp/visualiza/index.jsp?data=01/10/2025&amp;jornal=529&amp;pagina=73" editionNumber="187" highlightType="" highlightPriority="" highlight="" highlightimage="" highlightimagename="" idMateria="23160094">
  <body>
    <Identifica><![CDATA[ PORTARIA DE PESSOAL SE/MJSP N° 1.444, DE 25 DE SETEMBRO DE 2025]]></Identifica>
    <Data><![CDATA[]]></Data>
    <Ementa />
    <Titulo />
    <SubTitulo />
    <Texto><![CDATA[<p class="identifica">PORTARIA DE PESSOAL SE/MJSP N° 1.444, DE 25 DE SETEMBRO DE 2025</p><p>O SECRETÁRIO-EXECUTIVO DO MINISTÉRIO DA JUSTIÇA E SEGURANÇA PÚBLICA, no uso da competência que lhe foi subdelegada pelo art. 3º, inciso II, da Portaria nº 665, de 24 de junho de 2024, do Ministério da Justiça e Segurança Pública, resolve:</p><p>Nomear LILIANE CASTRO DOS SANTOS para exercer o cargo de Assessor Técnico do Secretário Nacional do Consumidor, código CCE 2.10.</p><p class="assina">MANOEL CARLOS DE ALMEIDA NETO</p>]]></Texto>
  </body>
  <Midias />
</article></xml>