﻿<xml><article id="45709522" name="PORTARIA N 693_23156100" idOficio="11313350" pubName="DO2" artType="Portaria" pubDate="01/10/2025" artClass="00070:00004:00001:00000:00000:00000:00000:00000:00000:00000:00017:00005" artCategory="Poder Judiciário/Superior Tribunal de Justiça/Presidência" artSize="12" artNotes="" numberPage="123" pdfPage="http://pesquisa.in.gov.br/imprensa/jsp/visualiza/index.jsp?data=01/10/2025&amp;jornal=529&amp;pagina=123" editionNumber="187" highlightType="" highlightPriority="" highlight="" highlightimage="" highlightimagename="" idMateria="23156100">
  <body>
    <Identifica><![CDATA[ PORTARIA STJ/GP Nº 693, DE 25 DE SETEMBRO DE 2025]]></Identifica>
    <Data><![CDATA[]]></Data>
    <Ementa />
    <Titulo />
    <SubTitulo />
    <Texto><![CDATA[<p class="identifica">PORTARIA STJ/GP Nº 693, DE 25 DE SETEMBRO DE 2025</p><p>O PRESIDENTE DO SUPERIOR TRIBUNAL DE JUSTIÇA, usando da atribuição conferida pelo art. 21, XXV, do Regimento Interno e considerando o disposto nos arts. 9º, II, e 35, I, da Lei n. 8.112, de 11 de dezembro de 1990, resolve:</p><p>Art. 1º Efetuar as seguintes alterações no Gabinete do Ministro Rogerio Schietti Cruz:</p><p>I - Exonerar de cargo em comissão:</p><p>FLÁVIA DE FREITAS MONFORTE PAES DE BARROS, matrícula S043880, Assessora de Ministro, código CJ-3;</p><p>LETICIA ANDRADE DE FREITAS, matrícula S060482, Assessora A, código CJ-2;</p><p>II - Dispensar FELIPE HOTZ DE MACEDO CUNHA, matrícula S078616, da função de confiança de Assistente IV, código FC-4;</p><p>III - Nomear para cargo em comissão:</p><p>LETICIA ANDRADE DE FREITAS, matrícula S060482, Assessora de Ministro, código CJ-3, na vaga decorrente da exoneração de Flávia de Freitas Monforte Paes de Barros;</p><p>FELIPE HOTZ DE MACEDO CUNHA, matrícula S078616, Assessor A, código CJ-2, na vaga decorrente da exoneração de Leticia Andrade de Freitas;</p><p>IV - Designar FLÁVIA DE FREITAS MONFORTE PAES DE BARROS, matrícula S043880, para a função de confiança de Assistente IV, código FC-4, na vaga decorrente da dispensa de Felipe Hotz de Macedo Cunha.</p><p class="assina">Min HERMAN BENJAMIN</p>]]></Texto>
  </body>
  <Midias />
</article></xml>