﻿<xml><article id="45714526" name="2025-09-30/11315598/TCUWS_231604" idOficio="11315598" pubName="DO2" artType="Portaria" pubDate="01/10/2025" artClass="00067:00009:00011:00000:00000:00000:00000:00000:00000:00000:00017:00167" artCategory="Tribunal de Contas da União/Secretaria-Geral de Administração/Secretaria Especializada em Gestão de Pessoas" artSize="12" artNotes="" numberPage="119" pdfPage="http://pesquisa.in.gov.br/imprensa/jsp/visualiza/index.jsp?data=01/10/2025&amp;jornal=529&amp;pagina=119" editionNumber="187" highlightType="" highlightPriority="" highlight="" highlightimage="" highlightimagename="" idMateria="23160492">
  <body>
    <Identifica><![CDATA[ PORTARIA-SECPESSOAS Nº 167, DE 30 DE SETEMBRO DE 2025]]></Identifica>
    <Data><![CDATA[]]></Data>
    <Ementa />
    <Titulo />
    <SubTitulo />
    <Texto><![CDATA[<p class="identifica">PORTARIA-SECPESSOAS Nº 167, DE 30 DE SETEMBRO DE 2025</p><p>O SECRETÁRIO ESPECIALIZADO EM GESTÃO DE PESSOAS DO TRIBUNAL DE CONTAS DA UNIÃO , no uso das atribuições que lhe confere o disposto nos incisos V e VI do art. 1° da Portaria nº 6, de 2 de janeiro de 2025, da Secretaria-Geral de Administração deste Tribunal, resolve:</p><p>Art. 1º Designar TIAGO TOLENTINO DE OLIVEIRA, matrícula 6716-4, TEFC, para exercer a função de confiança de Secretário-Adjunto, código FC-5, no(a) Secretaria Especializada em Ambientes Físicos, ficando, em consequência, dispensado(a) da função de confiança de Assessor, código FC-3, exercida no(a) SecAmbientes-ASS/Secretaria Especializada em Ambientes Físicos.</p><p>Art. 2º Esta Portaria entra em vigor na data de sua publicação.</p><p class="assina">ALEXANDRE PEIXOTO FIGUEIRA</p>]]></Texto>
  </body>
  <Midias />
</article></xml>