﻿<xml><article id="45715371" name="Portaria 819_2025 - Vacancia ISA" idOficio="11315777" pubName="DO2" artType="Portaria" pubDate="01/10/2025" artClass="00025:00096:00001:00029:00000:00000:00000:00000:00000:00000:00017:00000" artCategory="Ministério da Educação/Universidade Federal da Bahia/Reitoria/Pró-Reitoria de Desenvolvimento de Pessoas" artSize="12" artNotes="" numberPage="40" pdfPage="http://pesquisa.in.gov.br/imprensa/jsp/visualiza/index.jsp?data=01/10/2025&amp;jornal=529&amp;pagina=40" editionNumber="187" highlightType="" highlightPriority="" highlight="" highlightimage="" highlightimagename="" idMateria="23160707">
  <body>
    <Identifica><![CDATA[ PORTARIA Nº 819, DE 29 DE SETEMBRO DE 2025]]></Identifica>
    <Data><![CDATA[]]></Data>
    <Ementa />
    <Titulo />
    <SubTitulo />
    <Texto><![CDATA[<p class="identifica">PORTARIA Nº 819, DE 29 DE SETEMBRO DE 2025</p><p>O PRÓ-REITOR DE DESENVOLVIMENTO DE PESSOAS DA UNIVERSIDADE FEDERAL DA BAHIA, no uso de suas atribuições legais e estatutárias, considerando o disposto no processo n. 23066.066301/2025-01 e na Portaria n. 50/2025 - UFBA, de 11 de fevereiro de 2025, resolve:</p><p>Declarar, a partir de 02/10/2025, a vacância do cargo de Assistente em Administração, Nível de Classificação D, Padrão de Vencimento 10, com jornada de trabalho de 40 horas semanais, ocupado por ISABELA SOFIA DA SILVA DE SANTANA, matrícula SIAPE n. 3155326, com lotação na Escola de Administração desta Universidade, de acordo com o inciso VIII do Art. 33 da Lei n. 8.112/1990.</p><p class="assina">JEILSON BARRETO ANDRADE</p>]]></Texto>
  </body>
  <Midias />
</article></xml>