﻿<xml><article id="45709006" name="Portaria 3631 e 3632" idOficio="11312828" pubName="DO2" artType="Portaria" pubDate="01/10/2025" artClass="00025:00144:00000:00000:00000:00000:00000:00000:00000:00000:00017:00000" artCategory="Ministério da Educação/Fundação Universidade Federal do Acre" artSize="12" artNotes="" numberPage="55" pdfPage="http://pesquisa.in.gov.br/imprensa/jsp/visualiza/index.jsp?data=01/10/2025&amp;jornal=529&amp;pagina=55" editionNumber="187" highlightType="" highlightPriority="" highlight="" highlightimage="" highlightimagename="" idMateria="23155199">
  <body>
    <Identifica><![CDATA[ PORTARIA Nº 3.631, DE 29 DE SETEMBRO DE 2025]]></Identifica>
    <Data><![CDATA[]]></Data>
    <Ementa />
    <Titulo />
    <SubTitulo />
    <Texto><![CDATA[<p class="identifica">PORTARIA Nº 3.631, DE 29 DE SETEMBRO DE 2025</p><p>A REITORA DA UNIVERSIDADE FEDERAL DO ACRE, no uso das atribuições que lhe confere o Decreto de 9 de agosto de 2022, publicado no Diário Oficial da União (DOU) nº 151, Seção 2, página 1, de 10 de agosto de 2022, combinado com o art. 80, Incisos III e XVI, do Regimento Geral da UFAC, e o que consta no processo administrativo nº 23107.018682/2025-81, resolve:</p><p>Art. 1º DISPENSAR a servidora SABRINA CASSOL, Professora do Magistério Superior, Classe B, Denominação Adjunto, Nível 1, Matrícula nº 2399559, da função de Coordenadora do Curso de Bacharelado em Direito, Campus Sede, Símbolo FUC-001, e o servidor VINICIUS SILVA LEMOS, Professor do Magistério Superior, Classe A, Denominação Assistente, Nível 1, Matrícula SIAPE nº 3305072, da função de Vice-Coordenador do referido Curso, com fundamento no art. 35, inciso I, da Lei nº 8.112/1990;</p><p>Art. 2º Esta Portaria entra em vigor na data de sua publicação no Diário Oficial da União (DOU), com efeitos a contar de 1º de outubro de 2025.</p><p class="assina">MARGARIDA DE AQUINO CUNHA</p><p class="identifica">PORTARIA Nº 3.632, DE 29 DE SETEMBRO DE 2025</p><p>A REITORA DA UNIVERSIDADE FEDERAL DO ACRE, no uso das atribuições que lhe confere o Decreto de 9 de agosto de 2022, publicado no Diário Oficial da União (DOU) nº 151, Seção 2, página 1, de 10 de agosto de 2022, combinado com o art. 80, Incisos III e XVI, do Regimento Geral da UFAC, e o que consta no processo administrativo nº 23107.018682/2025-81, resolve:</p><p>Art. 1º DESIGNAR o servidor DANILO SCRAMIN ALVES, Professor do Magistério Superior, Classe B, Denominação Adjunto, Nível 1, Matrícula SIAPE nº 3305096, para responder pela Coordenação do Curso de Bacharelado em Direito, Campus Sede, Símbolo FUC-001, e a servidora VIRGINIA MEDIM ABREU, Professora do Magistério Superior, Classe B, Denominação Adjunto, Nível 3, Matrícula nº 1530714, para responder como Vice-Coordenadora do referido Curso, para o biênio 2025/2027, com fundamento no art. 15, §4º da Lei nº 8.112/1990;</p><p>Art. 2º O mandato do Coordenador e do Vice-Coordenadora será de 2(dois) anos, nos termos do art. 2º da Resolução nº 091/2012, do Conselho Universitário, desta Universidade;</p><p>Art. 3º Esta Portaria entra em vigor na data de sua publicação no Diário Oficial da União (DOU), com efeitos a contar de 1º de outubro de 2025.</p><p class="assina">MARGARIDA DE AQUINO CUNHA</p>]]></Texto>
  </body>
  <Midias />
</article></xml>