﻿<xml><article id="45711890" name="PORTARIA CHELOG-MD NA 4355" idOficio="11315170" pubName="DO2" artType="Portaria" pubDate="01/10/2025" artClass="00016:00034:00006:00000:00000:00000:00000:00000:00000:00000:00017:00000" artCategory="Ministério da Defesa/Estado-Maior Conjunto das Forças Armadas/Chefia de Logística e Mobilização" artSize="12" artNotes="" numberPage="20" pdfPage="http://pesquisa.in.gov.br/imprensa/jsp/visualiza/index.jsp?data=01/10/2025&amp;jornal=529&amp;pagina=20" editionNumber="187" highlightType="" highlightPriority="" highlight="" highlightimage="" highlightimagename="" idMateria="23159607">
  <body>
    <Identifica><![CDATA[ PORTARIA CHELOG-MD N° 4.355, de 24 de setembro de 2025]]></Identifica>
    <Data><![CDATA[]]></Data>
    <Ementa />
    <Titulo />
    <SubTitulo />
    <Texto><![CDATA[<p class="identifica">PORTARIA CHELOG-MD N° 4.355, de 24 de setembro de 2025</p><p>O CHEFE DE LOGÍSTICA E MOBILIZAÇÃO DO ESTADO-MAIOR CONJUNTO DAS FORÇAS ARMADAS DO MINISTÉRIO DA DEFESA, no uso das atribuições que lhe confere o inciso V do art. 25º do Decreto nº 11.337, de 1º de janeiro de 2023, e de acordo com o que consta nos Processos nº 60310.000266/2022-02 e 60080.000206/2025-85, resolve:</p><p>Art. 1º Designar representantes para comporem Grupo de Trabalho (GT), sob gerência do Comitê Executivo do Conselho de Geoinformação de Defesa, com a finalidade de avaliar a interoperabilidade de dados entre a Força Aérea Brasileira e o Sistema de Geoinformação de Defesa:</p><p>I - atuando na coordenação dos trabalhos os seguintes integrantes da Subchefia de Logística Operacional da CHELOG do Estado-Maior Conjunto das Forças Armadas:</p><p>- CMG JOÃO FRANSWILLIAM BARBOSA; e</p><p>- Maj QEM MCDONNELL ARAÚJO MAIERON.</p><p>II - atuando como membros do GT os seguintes integrantes do Ministério da Defesa e das Forças Singulares:</p><p>- Cel QEM JUNIER CAMINHA AMORIM (CHOC/MD);</p><p>- Ten Cel Esp Fot ROBERT CARDOSO FERNANDES DE ALMEIDA (AIDef/MD);</p><p>- Cel QEM EMERSON MAGNUS DE ARAÚJO XAVIER (DSG/EB);</p><p>- Maj Cav RODRIGO ULISSES MARQUES JÚLIO (COTER/EB);</p><p>- CMG (RM1) EDGARD CÂNDIDO DE OLIVEIRA NETO (CASNAV/MB);</p><p>- CC IAN JOSÉ AGRA GOMES (CASNAV/MB);</p><p>- CC CRISTIANE DA SILVA RODRIGUES PEREIRA (DCTIM/MB);</p><p>- Cel Av ALEXANDRE DE CARVALHO RIBEIRO (EMAER/FAB);</p><p>- Ten Cel Esp Fot EUCLIDES DE OLIVEIRA BRAGA JÚNIOR (COMAE/FAB);</p><p>- Ten Cel Eng EDNELSON SILVA DE OLIVEIRA (CCA-RJ/FAB);</p><p>- Cap Av CARLOS RENATO DE ANDRADE FIGUEIRÊDO (CCA-SJ/FAB); e</p><p>- Cap ANS YURI PETIT LOBÃO FERREIRA TOURINHO (DTI/FAB).</p><p>III - coordenador dos trabalhos: Ministério da Defesa, por intermédio do Coordenador do Comitê Executivo do Conselho de Geoinformação de Defesa.</p><p>IV - objetivo do GT: estudar a arquitetura da rede e os processos de análise e distribuição da Geoinformação de Defesa, em especial imagens orbitais e aéreas, aproveitando-se da experiência já adquirida pela Força Aérea Brasileira.</p><p>Art. 2º A participação na equipe do Projeto não ensejará qualquer remuneração para seus membros e os trabalhos nela desenvolvidos serão considerados prestação de relevante serviço público.</p><p>Art. 3º Esta Portaria entra em vigor na data de sua publicação.</p><p class="assina">Gen Ex MARCELO ARANTES GUEDON</p>]]></Texto>
  </body>
  <Midias />
</article></xml>