﻿<xml><article id="45712538" name="PORTARIA 251 LISIE" idOficio="11315194" pubName="DO2" artType="Portaria" pubDate="01/10/2025" artClass="00025:00123:00000:00000:00000:00000:00000:00000:00000:00000:00017:00000" artCategory="Ministério da Educação/Universidade Federal de Rondonópolis" artSize="12" artNotes="" numberPage="51" pdfPage="http://pesquisa.in.gov.br/imprensa/jsp/visualiza/index.jsp?data=01/10/2025&amp;jornal=529&amp;pagina=51" editionNumber="187" highlightType="" highlightPriority="" highlight="" highlightimage="" highlightimagename="" idMateria="23159862">
  <body>
    <Identifica><![CDATA[ PORTARIA REITORIA/UFR Nº 251,  DE 29 DE setembro DE 2025]]></Identifica>
    <Data><![CDATA[]]></Data>
    <Ementa />
    <Titulo />
    <SubTitulo />
    <Texto><![CDATA[<p class="identifica">PORTARIA REITORIA/UFR Nº 251, DE 29 DE setembro DE 2025</p><p>A Reitora da Universidade Federal de Rondonópolis, no uso de suas atribuições que lhe confere o art. 8º da Lei nº 13.637, de 20 de março de 2018 e o Decreto Presidencial da República, de 26 de dezembro de 2023, tendo em vista a Instrução Normativa Reitoria/UFR nº 9, de 05 de julho de 2024, e o processo SEI nº 23853.014120/2025-15, resolve:</p><p>Art. 1º Ficam nomeados os servidores relacionados para substituir a Diretora de Políticas de Inovação e Empreendedorismo da Secretaria de Inovação e Empreendedorismo, Lisie Souza Castro, SIAPE 124****, em suas ausências ou impedimentos legais:</p><p>I - Camila Leonardo Mioto, SIAPE 142****, como primeira substituta; e</p><p>II - Marcos Henrique Dias Silveira, SIAPE 153****, como segundo substituto.</p><p>Parágrafo único. O segundo substituto responderá pela Diretoria de Políticas de Inovação e Empreendedorismo na ausência da titular e da primeira substituta.</p><p>Art. 2º Esta portaria entra em vigor em vinte e nove de setembro de dois mil e vinte e cinco.</p><p class="assina">ANALY CASTILHO POLIZEL DE SOUZA</p>]]></Texto>
  </body>
  <Midias />
</article></xml>