﻿<xml><article id="45714881" name="PORTARIAS 29 .09.2025 - DIS - DE" idOficio="11315725" pubName="DO2" artType="Portaria" pubDate="01/10/2025" artClass="00025:00118:00000:00000:00000:00000:00000:00000:00000:00000:00013:00003" artCategory="Ministério da Educação/Universidade Federal de Pernambuco" artSize="12" artNotes="" numberPage="48" pdfPage="http://pesquisa.in.gov.br/imprensa/jsp/visualiza/index.jsp?data=01/10/2025&amp;jornal=529&amp;pagina=48" editionNumber="187" highlightType="" highlightPriority="" highlight="" highlightimage="" highlightimagename="" idMateria="23160630">
  <body>
    <Identifica><![CDATA[ PORTARIAS DE 29 DE SETEMBRO DE 2025]]></Identifica>
    <Data><![CDATA[]]></Data>
    <Ementa />
    <Titulo />
    <SubTitulo />
    <Texto><![CDATA[<p class="identifica">PORTARIAS DE 29 DE SETEMBRO DE 2025</p><p>O REITOR DA UNIVERSIDADE FEDERAL DE PERNAMBUCO, no uso das atribuições legais e estatutárias, resolve:</p><p>Nº 3.834 - Exonerar, a partir de 01/10/2025, EDUARDO JOSE PEREIRA DA SILVA, Matrícula SIAPE n° 1134525, Analista de Tecnologia da Informação, em regime de trabalho de 40 horas semanais, lotado(a) no(a) Coordenação de Convênios e Contratos Acadêmicos, do Centro de Informática, do cargo de Diretor de Convênios e Contratos Acadêmicos, da Pró-Reitoria de Planejamento Orçamentário e Finanças, Código CD-04, para a(o) qual havia sido nomeado(a) através da Portaria de Pessoal nº 1574/2025, de 28/04/2025. (Processo n° 23076. 079028/2025-05).</p><p>Nº 3.836 - Nomear, a partir de 01/10/2025, MIRELLE MACHADO DIAS MACENA, Matrícula SIAPE n° 1864986, Administrador, em regime de trabalho de 40 horas semanais, lotado(a) no(a) Diretoria de Convênios e Contratos Acadêmicos, da Pró-Reitoria de Planejamento Orçamentário e Finanças, para exercer o cargo de Diretor de Convênios e Contratos Acadêmicos, da Pró-Reitoria de Planejamento Orçamentário e Finanças, Código CD-04. (Processo n° 23076. 079028/2025-05).</p><p class="assina">ALFREDO MACEDO GOMES.</p>]]></Texto>
  </body>
  <Midias />
</article></xml>