﻿<xml><article id="45708604" name="PORTARIA_ADM_GDG_CEFETMG_310-202" idOficio="11314932" pubName="DO2" artType="Portaria" pubDate="01/10/2025" artClass="00025:00050:00001:00000:00000:00000:00000:00000:00000:00000:00017:00000" artCategory="Ministério da Educação/Centro Federal de Educação Tecnológica de Minas Gerais/Gabinete" artSize="12" artNotes="" numberPage="28" pdfPage="http://pesquisa.in.gov.br/imprensa/jsp/visualiza/index.jsp?data=01/10/2025&amp;jornal=529&amp;pagina=28" editionNumber="187" highlightType="" highlightPriority="" highlight="" highlightimage="" highlightimagename="" idMateria="23159306">
  <body>
    <Identifica><![CDATA[ PORTARIA  GDG/CEFET-MG Nº 310, DE 26 DE SETEMBRO DE 2025]]></Identifica>
    <Data><![CDATA[]]></Data>
    <Ementa />
    <Titulo />
    <SubTitulo />
    <Texto><![CDATA[<p class="identifica">PORTARIA GDG/CEFET-MG Nº 310, DE 26 DE SETEMBRO DE 2025</p><p>A DIRETORA-GERAL DO CENTRO FEDERAL DE EDUCAÇÃO TECNOLÓGICA DE MINAS GERAIS, autarquia de regime especial vinculada ao Ministério da Educação, no uso das atribuições legais e regimentais que lhe são conferidas,</p><p>CONSIDERANDO:</p><p>i) o disposto na Portaria MEC nº 404, de 23 de abril de 2009, publicada no Diário Oficial da União nº 85, de 24 de abril de 2009, e republicada em 7 de maio de 2009, seção 2, página 9; e</p><p>ii) o que consta do Processo nº 23062.051638/2025-46, resolve:</p><p>Art. 1º Autorizar o afastamento do país do servidor Miguel de Brito Guimarães Neto, Professor do Ensino Básico, Técnico e Tecnológico, Siape nº 1012842, no período de 05/10/2025 a 18/10/2025, trânsito incluso, para para realização de atividades de pesquisa junto à Universidade da Flórida, na cidade de Gainesville - Estados Unidos da América, com ônus limitado para o CEFET-MG.</p><p>Art. 2º Esta Portaria Administrativa entra em vigor na data de sua publicação.</p><p class="assina">Carla Simone Chamon</p>]]></Texto>
  </body>
  <Midias />
</article></xml>