﻿<xml><article id="45708793" name="PORTARIA NA 2.651 DE 19 DE SETEM" idOficio="11305637" pubName="DO2" artType="Portaria" pubDate="01/10/2025" artClass="00025:00103:00000:00000:00000:00000:00000:00000:00000:00000:00017:00016" artCategory="Ministério da Educação/Universidade Federal Fluminense" artSize="12" artNotes="" numberPage="42" pdfPage="http://pesquisa.in.gov.br/imprensa/jsp/visualiza/index.jsp?data=01/10/2025&amp;jornal=529&amp;pagina=42" editionNumber="187" highlightType="" highlightPriority="" highlight="" highlightimage="" highlightimagename="" idMateria="23144483">
  <body>
    <Identifica><![CDATA[ PORTARIA Nº 2.651, DE 19 DE SETEMBRO DE 2025]]></Identifica>
    <Data><![CDATA[]]></Data>
    <Ementa />
    <Titulo />
    <SubTitulo />
    <Texto><![CDATA[<p class="identifica">PORTARIA Nº 2.651, DE 19 DE SETEMBRO DE 2025</p><p>O REITOR DA UNIVERSIDADE FEDERAL FLUMINENSE, no uso de suas atribuições, e tendo em vista o que consta do Processo UFF n.º 23069.175029/2023-50, resolve:</p><p>Conceder aposentadoria voluntária a MARIA CRISTINA FREITAS DE CASTRO, matrícula SIAPE nº 308378, ocupante do cargo de ENFERMEIRO-AREA, Código 701029, Nível de Classificação E, Padrão de Vencimentos 19, do Quadro de Pessoal Permanente desta Universidade, código de vaga 237467, com fundamento no artigo 6º, incisos I, II, III e IV da EC 41/03, c/c o artigo 3º da Emenda Constitucional nº 103/2019, com proventos integrais, cumulativamente com o adicional por tempo de serviço no percentual de 15% (quinze por cento).</p><p class="assina">ANTONIO CLAUDIO LUCAS DA NOBREGA</p>]]></Texto>
  </body>
  <Midias />
</article></xml>