﻿<xml><article id="45708598" name="Portaria de Pessoal 26 2025 - ap" idOficio="11310506" pubName="DO2" artType="Portaria" pubDate="01/10/2025" artClass="00013:00043:00000:00000:00000:00000:00000:00000:00000:00000:00017:00000" artCategory="Ministério da Ciência, Tecnologia e Inovação/Instituto Nacional de Tecnologia" artSize="12" artNotes="" numberPage="9" pdfPage="http://pesquisa.in.gov.br/imprensa/jsp/visualiza/index.jsp?data=01/10/2025&amp;jornal=529&amp;pagina=9" editionNumber="187" highlightType="" highlightPriority="" highlight="" highlightimage="" highlightimagename="" idMateria="23151794">
  <body>
    <Identifica><![CDATA[ PORTARIA DE PESSOAL INT nº 26, de 12 de setembro de 2025]]></Identifica>
    <Data><![CDATA[]]></Data>
    <Ementa />
    <Titulo />
    <SubTitulo />
    <Texto><![CDATA[<p class="identifica">PORTARIA DE PESSOAL INT nº 26, de 12 de setembro de 2025</p><p>A DIRETORA DO INSTITUTO NACIONAL DE TECNOLOGIA, no uso das atribuições que lhe foram conferidas pela Delegação de Competência concedida pela Portaria MCT nº 407, de 29.06.2006, publicada no D.O.U. de 30.06.2006, e pelo Regimento Interno, aprovado pela Portaria MCTI nº 7.058, de 24 de maio de 2023, publicada no Diário Oficial da União de 25 de maio de 2023, Seção 1, página 259, ambas assinadas pelo Exmº Ministro de Estado de Ciência, Tecnologia e Inovação, resolve:</p><p>Art. 1º Conceder aposentadoria voluntária, com proventos integrais, a servidora Eliane Maracajá Porto, CPF ***658.097-**, Matricula SIAPE ****845, ocupante do cargo de Tecnologista, Classe S, Padrão III, do Quadro de Pessoal deste Instituto, com fundamento no artigo 10 § 1° INCISO I - Alíneas a) e b) da Emenda Constitucional 103/2019. Processo SEI Nº 01240.000451/2025-43.</p><p>Art. 2º - Declarar o cargo acima mencionado vago.</p><p class="assina">MARCIA GOMES DE OLIVEIRA</p>]]></Texto>
  </body>
  <Midias />
</article></xml>