﻿<xml><article id="45708430" name="PORTARIA N.A 1204" idOficio="11293873" pubName="DO2" artType="Portaria" pubDate="01/10/2025" artClass="00070:00055:00001:00001:00003:00000:00000:00000:00000:00000:00017:00000" artCategory="Poder Judiciário/Tribunal Regional do Trabalho da 14ª Região/Tribunal Pleno/Presidência/Diretoria-Geral" artSize="12" artNotes="" numberPage="134" pdfPage="http://pesquisa.in.gov.br/imprensa/jsp/visualiza/index.jsp?data=01/10/2025&amp;jornal=529&amp;pagina=134" editionNumber="187" highlightType="" highlightPriority="" highlight="" highlightimage="" highlightimagename="" idMateria="23124396">
  <body>
    <Identifica><![CDATA[ PORTARIA GP Nº 1.204, DE 18 DE SETEMBRO DE 2025]]></Identifica>
    <Data><![CDATA[]]></Data>
    <Ementa />
    <Titulo />
    <SubTitulo />
    <Texto><![CDATA[<p class="identifica">PORTARIA GP Nº 1.204, DE 18 DE SETEMBRO DE 2025</p><p>O VICE-PRESIDENTE DO TRIBUNAL REGIONAL DO TRABALHO DA 14ª REGIÃO, no exercício da Presidência, no uso de suas atribuições legais e regimentais,</p><p>CONSIDERANDO os termos contidos na Resolução Administrativa nº 055, de 28/7/2025, publicada no DEJT do dia 30/7/2025 (doc. 31 do Proad n.º 7482/2024), por meio da qual foi deferido o pedido de redistribuição por reciprocidade do cargo de Técnico Judiciário, Área Administrativa, Sem Especialidade, ocupado pelo servidor Ezequiel de Oliveira Marcelino, deste Tribunal Regional do Trabalho da 14ª Região, com o cargo idêntico ocupado pela servidora Fernanda de Oliveira Souza Fini, do quadro permanente de pessoal do Tribunal Regional do Trabalho da 1ª Região;</p><p>CONSIDERANDO o disposto no art. 37 da Lei 8.112/90, bem ainda o estatuído na Resolução n. 146, de 6 de março de 2012, do Conselho Nacional de Justiça, que dispõem acerca do instituto da redistribuição de cargos efetivos dos quadros de pessoal dos órgãos do Poder Judiciário da União;</p><p>CONSIDERANDO o e-mail procedente do TRT da 1ª Região, doc. 38 do Proad n.º 7482/2024, que apresenta a data de 1º/10/2025 para publicação concomitante dos atos de redistribuição;</p><p>CONSIDERANDO o despacho presidencial exarado em 17/9/2025, doc. 40 do feito, resolve:</p><p>REDISTRIBUIR o cargo de Técnico Judiciário, Área: Administrativa, Sem Especialidade, pertencente ao Quadro Permanente de Pessoal deste Tribunal, ocupado pelo servidor EZEQUIEL DE OLIVEIRA MARCELINO, mediante permuta com o cargo idêntico ocupado pela servidora FERNANDA DE OLIVEIRA SOUZA FINI, oriundo do Tribunal Regional do Trabalho da 1ª Região, com amparo no art. 37 da Lei n. 8.112/90, bem como na Resolução CNJ n. 146, de 6 de março de 2012.</p><p class="assina">Des. CARLOS AUGUSTO GOMES LÔBO</p><p class="cargo">Corregedor</p>]]></Texto>
  </body>
  <Midias />
</article></xml>