﻿<xml><article id="45709237" name="PORTARIA 243 ARIEL" idOficio="11314786" pubName="DO2" artType="Portaria" pubDate="01/10/2025" artClass="00025:00123:00000:00000:00000:00000:00000:00000:00000:00000:00017:00000" artCategory="Ministério da Educação/Universidade Federal de Rondonópolis" artSize="12" artNotes="" numberPage="50" pdfPage="http://pesquisa.in.gov.br/imprensa/jsp/visualiza/index.jsp?data=01/10/2025&amp;jornal=529&amp;pagina=50" editionNumber="187" highlightType="" highlightPriority="" highlight="" highlightimage="" highlightimagename="" idMateria="23159214">
  <body>
    <Identifica><![CDATA[ PORTARIA REITORIA/UFR Nº 243,  DE 26 DE setembro DE 2025]]></Identifica>
    <Data><![CDATA[]]></Data>
    <Ementa />
    <Titulo />
    <SubTitulo />
    <Texto><![CDATA[<p class="identifica">PORTARIA REITORIA/UFR Nº 243, DE 26 DE setembro DE 2025</p><p>A Reitora da Universidade Federal de Rondonópolis, no uso de suas atribuições que lhe confere o art. 8º da Lei nº 13.637, de 20 de março de 2018 e o Decreto Presidencial da República, de 26 de dezembro de 2023, tendo em vista a Portaria nº 204, de 6 de fevereiro de 2020, a Resolução CONSUNI/UFR nº 107, de 11 de julho de 2024, e o processo SEI nº 23853.013291/2025-27, resolve:</p><p>Art. 1º Fica autorizado o afastamento do país, na modalidade com ônus para Universidade Federal de Rondonópolis, do servidor ocupante do cargo de Professor do Magistério Superior da Universidade Federal de Rondonópolis, Ariel Costa dos Santos, SIAPE 108****, no período de 24 de outubro de 2025 a 3 de novembro de 2025, em missão junto a Universidade de Púngue, na cidade de Chimoio, Moçambique.</p><p>Art. 2º Esta portaria entra em vigor em vinte e seis de setembro de dois mil e vinte e cinco.</p><p class="assina">ANALY CASTILHO POLIZEL DE SOUZA</p>]]></Texto>
  </body>
  <Midias />
</article></xml>