﻿<xml><article id="45711914" name="PORTARIA540-MAURYCIO MATHYAS FRA" idOficio="11315183" pubName="DO2" artType="Portaria" pubDate="01/10/2025" artClass="00047:00037:00012:00016:00000:00000:00000:00000:00000:00000:00017:00000" artCategory="Ministério da Saúde/Secretaria de Atenção Especializada à Saúde/Departamento de Gestão Hospitalar no Estado do Rio de Janeiro/Hospital Federal de Bonsucesso" artSize="12" artNotes="" numberPage="107" pdfPage="http://pesquisa.in.gov.br/imprensa/jsp/visualiza/index.jsp?data=01/10/2025&amp;jornal=529&amp;pagina=107" editionNumber="187" highlightType="" highlightPriority="" highlight="" highlightimage="" highlightimagename="" idMateria="23159610">
  <body>
    <Identifica><![CDATA[ PORTARIA HFB Nº 540, DE 2 DE SETEMBRO DE 2025]]></Identifica>
    <Data><![CDATA[]]></Data>
    <Ementa />
    <Titulo />
    <SubTitulo />
    <Texto><![CDATA[<p class="identifica">PORTARIA HFB Nº 540, DE 2 DE SETEMBRO DE 2025</p><p>A Substituta Eventual do Diretor do Hospital Federal de Bonsucesso do Ministério da Saúde no Estado do Rio de janeiro, no uso de suas atribuições conferidas pela Portaria de Pessoal SE/MS Nº 902, de 10 de outubro de 2024, publicada no DOU nº 200, de 15 de outubro de 2024 e Portaria nº 1.041 de 30 de outubro de 2009, publicada no DOU nº 209, de 03 de novembro de 2009, seção 2, página 31, resolve:</p><p>Conceder Pensão Temporária a MAURYCIO MATHYAS FRANCO DE JESUS CAJUEIRO, na qualidade de menor tutelado, equiparado a filho menor de 21 anos, com base nos art. 215, 217, inciso IV, alínea "a" c/c §3º, art. 222 da Lei nº 8112/90, e no artigo 40, § 7º, da Constituição Federal de 1988. A base de cálculo do benefício será o valor do provento recebido pela servidora WANDA SUELY FRANCO DE JESUS, em sua Matrícula SIAPE nº 0649407, tendo falecido em 29/12/2022, como aposentada no cargo de Auxiliar de enfermagem, Nível Intermediário, Classe "S", Padrão "III", com efeitos financeiros a partir do requerimento tardio, conforme , art. 219, II, da Lei 8.112/90. O benefício será recebido na proporção de 1/2 de 70% da base de cálculo, considerando a existência de mais um beneficiário. (Processo nº 33374.119374/2025-75)</p><p class="assina">TERESA CRISTINA VIVAS NAVARRO VANNUCCI</p>]]></Texto>
  </body>
  <Midias />
</article></xml>