﻿<xml><article id="45708421" name="UFPEL_RTF_Portaria_5915" idOficio="11283571" pubName="DO2" artType="Portaria" pubDate="01/10/2025" artClass="00025:00153:00000:00000:00000:00000:00000:00000:00000:00000:00017:00000" artCategory="Ministério da Educação/Fundação Universidade Federal de Pelotas" artSize="12" artNotes="" numberPage="59" pdfPage="http://pesquisa.in.gov.br/imprensa/jsp/visualiza/index.jsp?data=01/10/2025&amp;jornal=529&amp;pagina=59" editionNumber="187" highlightType="" highlightPriority="" highlight="" highlightimage="" highlightimagename="" idMateria="23107374">
  <body>
    <Identifica><![CDATA[ PORTARIA DE PESSOAL Nº 5.915/UFPEL, DE 12 DE SETEMBRO DE 2025]]></Identifica>
    <Data><![CDATA[]]></Data>
    <Ementa />
    <Titulo />
    <SubTitulo />
    <Texto><![CDATA[<p class="identifica">PORTARIA DE PESSOAL Nº 5.915/UFPEL, DE 12 DE SETEMBRO DE 2025</p><p>A REITORA DA UNIVERSIDADE FEDERAL DE PELOTAS, nomeada pelo Decreto Presidencial de 20 de dezembro de 2024, publicado no Diário Oficial da União em 23 de dezembro de 2024, no uso de suas atribuições legais e o que consta no Processo nº 23110.029748/2025-17, resolve:</p><p>Dispensar o servidor MORGAN YURI OLIVEIRA TELES MACHADO, ocupante do cargo de Assistente em Administração, SIAPE nº 2523275, SIAPECAD nº 01497721, lotado(a) no(a) Faculdade de Veterinária, da função de Secretário, FG - 06, do(a) Faculdade de Veterinária. Esta Portaria entra em vigor a partir da publicação no Diário Oficial da União.</p><p class="assina">URSULA ROSA DA SILVA</p>]]></Texto>
  </body>
  <Midias />
</article></xml>