﻿<xml><article id="45708499" name="PORTARIA N 755_23156392" idOficio="11313482" pubName="DO2" artType="Portaria" pubDate="01/10/2025" artClass="00070:00004:00001:00002:00000:00000:00000:00000:00000:00000:00017:00001" artCategory="Poder Judiciário/Superior Tribunal de Justiça/Presidência/Secretaria" artSize="12" artNotes="" numberPage="123" pdfPage="http://pesquisa.in.gov.br/imprensa/jsp/visualiza/index.jsp?data=01/10/2025&amp;jornal=529&amp;pagina=123" editionNumber="187" highlightType="" highlightPriority="" highlight="" highlightimage="" highlightimagename="" idMateria="23156392">
  <body>
    <Identifica><![CDATA[ PORTARIA STJ/GDG Nº 755, DE 23 DE SETEMBRO DE 2025]]></Identifica>
    <Data><![CDATA[]]></Data>
    <Ementa />
    <Titulo />
    <SubTitulo />
    <Texto><![CDATA[<p class="identifica">PORTARIA STJ/GDG Nº 755, DE 23 DE SETEMBRO DE 2025</p><p>O DIRETOR-GERAL DA SECRETARIA DO SUPERIOR TRIBUNAL DE JUSTIÇA, com base no item 21.2.3, XI, b, do Anexo da Instrução Normativa STJ/GP n. 19 de 11 de junho de 2025 e no disposto no art. 35, I, da Lei n. 8.112, de 11 de dezembro de 1990, resolve:</p><p>Art. 1º Dispensar SILVIA APARECIDA MENDES MATHEUS, matrícula S062949, da função de confiança de Assistente IV, código FC-4, do Gabinete do Ministro Gurgel de Faria.</p><p>Art. 2º Efetuar as seguintes alterações, na Coordenadoria de Triagem Processual, da Secretaria Judiciária:</p><p>I - Dispensar CRISTINA VIEIRA MACHADO, matrícula S023099, da função de confiança de Assistente II, código FC-2;</p><p>II - Designar SILVIA APARECIDA MENDES MATHEUS, matrícula S062949, para a função de confiança de Assistente II, código FC-2, na vaga decorrente da dispensa de Cristina Vieira Machado.</p><p>Art. 3º Esta portaria entra em vigor na data de sua publicação.</p><p class="assina">SERGIO JOSÉ AMERICO PEDREIRA</p>]]></Texto>
  </body>
  <Midias />
</article></xml>