﻿<xml><article id="45711959" name="PORTARIA N 860_23159614" idOficio="11315186" pubName="DO2" artType="Portaria" pubDate="01/10/2025" artClass="00043:00020:00000:00000:00000:00000:00000:00000:00000:00000:00017:00001" artCategory="Ministério dos Povos Indígenas/Fundação Nacional dos Povos Indígenas" artSize="12" artNotes="" numberPage="94" pdfPage="http://pesquisa.in.gov.br/imprensa/jsp/visualiza/index.jsp?data=01/10/2025&amp;jornal=529&amp;pagina=94" editionNumber="187" highlightType="" highlightPriority="" highlight="" highlightimage="" highlightimagename="" idMateria="23159614">
  <body>
    <Identifica><![CDATA[ PORTARIA DE PESSOAL FUNAI Nº 860, DE 19 DE SETEMBRO DE 2025]]></Identifica>
    <Data><![CDATA[]]></Data>
    <Ementa />
    <Titulo />
    <SubTitulo />
    <Texto><![CDATA[<p class="identifica">PORTARIA DE PESSOAL FUNAI Nº 860, DE 19 DE SETEMBRO DE 2025</p><p></p><p>A PRESIDENTA DA FUNDAÇÃO NACIONAL DOS POVOS INDÍGENAS - FUNAI, no uso das atribuições que lhes são conferidas pelo Estatuto aprovado pelo Decreto n.º 9.010/2017, de 23/03/2017, combinado com o disposto no Decreto n.º 10.193/2019, de 27/12/2019, e com a Portaria nº 1.459/CC-PR, de 01/02/2023; CONSIDERANDO o Decreto n.º 1.775/1996, de 08/01/1996 e a Lei 14.701, de 20/10/2023, bem como considerando o Acordo de Cooperação - Funai-TNC-COIAB - Processo SEI nº 08620.005567/2023-81, resolve:</p><p>Art. 1º Constituir Grupo Técnico (GT) com o objetivo de realizar os estudos complementares de natureza fundiária necessários à Identificação e Delimitação da Terra Indígena Sagi/Trabanda, localizada no Município de Baía Formosa, no Estado do Rio Grande do Norte, com a seguinte composição:</p><p>I - Antônio Braz de Almeida Júnior, Zootecnista, colaborador, como técnico fundiário de campo;</p><p>II - Danielly Crespi, Gestora ambiental, colaboradora, como técnica fundiária de campo;</p><p>III - Luiz Eduardo Lian Biagioni, Especialista em Indigenismo, servidor do quadro da Funai lotado na CR Araguaia Tocantins, como assistente do GT;</p><p>IV - Ronildo Ferreira da Silva, servidor do quadro da Funai lotado na CR Madeira, como assistente do GT.</p><p>Art. 2º As despesas com os servidores da Funai e seus deslocamentos serão custeadas por meio do Plano Operacional Identificação, Delimitação, Georreferenciamento e Regularização Fundiária de Terras Indígenas e de Reservas (PO002), Plano de Trabalho Resumido (PTRES) 232714 - Plano Interno 9069IDE, Centro de Custos 123G16.</p><p>Art. 3º Esta portaria entra em vigor na data de sua publicação.</p><p class="assina">JOENIA WAPICHANA</p>]]></Texto>
  </body>
  <Midias />
</article></xml>