﻿<xml><article id="45713232" name="PORTARIA N 1.357_23160084" idOficio="11315416" pubName="DO2" artType="Portaria" pubDate="01/10/2025" artClass="00048:00002:00000:00000:00000:00000:00000:00000:00000:00000:00017:00000" artCategory="Ministério do Trabalho e Emprego/Secretaria Executiva" artSize="12" artNotes="" numberPage="110" pdfPage="http://pesquisa.in.gov.br/imprensa/jsp/visualiza/index.jsp?data=01/10/2025&amp;jornal=529&amp;pagina=110" editionNumber="187" highlightType="" highlightPriority="" highlight="" highlightimage="" highlightimagename="" idMateria="23160084">
  <body>
    <Identifica><![CDATA[ PORTARIA SE/MTE N° 1.357, DE 29 DE SETEMBRO DE 2025]]></Identifica>
    <Data><![CDATA[]]></Data>
    <Ementa />
    <Titulo />
    <SubTitulo />
    <Texto><![CDATA[<p class="identifica">PORTARIA SE/MTE N° 1.357, DE 29 DE SETEMBRO DE 2025</p><p>O SECRETÁRIO-EXECUTIVO DO MINISTÉRIO DO TRABALHO E EMPREGO, no uso de suas atribuições e tendo em vista o art. 12 da Portaria MTE nº 635, de 16 de março de 2023, e as demais informações que constam do Processo nº 13168.201237/2025-10, resolve:</p><p>Designar REGINA FLAVIA RIBEIRO DE CARVALHO CASTRO, matrícula nº 1014733, para exercer o encargo de substituta eventual do Chefe do Setor de Apoio à Ouvidoria, código FCE 1.02, da Superintendência Regional do Trabalho e Emprego no Estado do Piauí, nos afastamentos e impedimentos legais do titular, ou na vacância da função.</p><p class="assina">FRANCISCO MACENA DA SILVA</p>]]></Texto>
  </body>
  <Midias />
</article></xml>