﻿<xml><article id="45714996" name="portaria aposentadoria para publ" idOficio="11315714" pubName="DO2" artType="Portaria" pubDate="01/10/2025" artClass="00047:00002:00021:00018:00007:00000:00000:00000:00000:00000:00017:00000" artCategory="Ministério da Saúde/Secretaria Executiva/Subsecretaria de Assuntos Administrativos/Superintendência Estadual do Ministério da Saúde em Goiás/Serviço de Gestão de Pessoas" artSize="12" artNotes="" numberPage="103" pdfPage="http://pesquisa.in.gov.br/imprensa/jsp/visualiza/index.jsp?data=01/10/2025&amp;jornal=529&amp;pagina=103" editionNumber="187" highlightType="" highlightPriority="" highlight="" highlightimage="" highlightimagename="" idMateria="23160654">
  <body>
    <Identifica><![CDATA[ PORTARIA SEGEP/GO Nº 263, DE 30 DE setembro DE 2025]]></Identifica>
    <Data><![CDATA[]]></Data>
    <Ementa />
    <Titulo />
    <SubTitulo />
    <Texto><![CDATA[<p class="identifica">PORTARIA SEGEP/GO Nº 263, DE 30 DE setembro DE 2025</p><p>A CHEFE DO SERVIÇO DE GESTÃO DE PESSOAS DA SUPERINTENDÊNCIA ESTADUAL DO MINISTÉRIO DA SAÚDE EM GOIÁS, no uso das atribuições conferidas pela Portaria de Pessoal GM/MS nº 1.065, de 26/05/2023, publicada no DOU nº 103, de 31/05/2023, resolve:</p><p>Tornar sem efeito a PT-255 de 29.09.2025 publicada no DOU-186 de 30.09.2025, que concedeu aposentadoria ao servidor, já aposentado, IZAIAS PEREIRA COSTA, matrícula no SIAPE Nº494754, ocupante ao cargo de Agente de Saúde Pública, Classe S, Padrão V do Nível Intermediário, na forma do Artigo 4º, § 6º, Inciso II da Emenda Constitucional 103/2019, com proventos e demais vantagens inerentes ao cargo calculados com base no Artigo 26, § 2º, Inciso I da Emenda Constitucional 103/2019. (Processo nº 25005.000320/2025-15).</p><p class="assina">MARLI SOREL DE ARAÚJO GONÇALVES</p><p class="identifica">PORTARIA SEGEP/GO Nº 264, DE 30 DE SETEMBRO DE 2025</p><p>A CHEFE DO SERVIÇO DE GESTÃO DE PESSOAS DA SUPERINTENDÊNCIA ESTADUAL DO MINISTÉRIO DA SAÚDE EM GOIÁS, no uso das atribuições conferidas pela Portaria de Pessoal GM/MS nº 1.065, de 26/05/2023, publicada no DOU nº 103, de 31/05/2023, resolve:</p><p>Conceder aposentadoria voluntária integral a ARI MARTINS FAUSTINO, matrícula no SIAPE 1084002, ocupante do cargo de Guarda de Endemias, Classe S, Padrão V, do Nível Intermediário, na forma do Artigo 3 º da Emenda Constitucional nº 47/05, combinado com o Artigo 3º da Emenda Constitucional nº 103/2019, com proventos mensais integrais e demais vantagens inerentes ao cargo. (Processo n.º 25005.00019/2025-01)</p><p class="assina">MARLI SOREL DE ARAÚJO GONÇALVES</p>]]></Texto>
  </body>
  <Midias />
</article></xml>