﻿<xml><article id="45708856" name="DOU Portaria 72 de Concessao de " idOficio="11314956" pubName="DO2" artType="Portaria" pubDate="01/10/2025" artClass="00008:00002:00028:00000:00000:00000:00000:00000:00000:00000:00017:00000" artCategory="Ministério da Agricultura e Pecuária/Secretaria Executiva/Superintendência de Agricultura e Pecuária do Estado do Paraná" artSize="12" artNotes="" numberPage="7" pdfPage="http://pesquisa.in.gov.br/imprensa/jsp/visualiza/index.jsp?data=01/10/2025&amp;jornal=529&amp;pagina=7" editionNumber="187" highlightType="" highlightPriority="" highlight="" highlightimage="" highlightimagename="" idMateria="23159383">
  <body>
    <Identifica><![CDATA[ PORTARIA SFA-PR/MAPA Nº 72, DE 30 DE SETEMBRO DE 2025]]></Identifica>
    <Data><![CDATA[]]></Data>
    <Ementa />
    <Titulo />
    <SubTitulo />
    <Texto><![CDATA[<p class="identifica">PORTARIA SFA-PR/MAPA Nº 72, DE 30 DE SETEMBRO DE 2025</p><p>A SUPERINTENDENTE DE AGRICULTURA E PECUÁRIA NO ESTADO DO PARANÁ, no uso das atribuições legais que lhe confere o Regimento Interno Secretaria Executiva, aprovado pela Portaria Ministerial nº 561, de 11 de abril de 2018, publicada no Diário Oficial da União em 13 de abril de 2018, a Portaria SE/MAPA º 1.393, de 21 de agosto de 2018, publicada no Diário Oficial da União em 23 de agosto de 2018 e o que consta do processo nº 21034.027407/2025-23, resolve:</p><p>Art. 1º - CONCEDER aposentadoria, com proventos integrais, à servidora INES TUTIDA, matrícula SIAPE nº 1576490, ocupante do cargo de Auditor Fiscal Federal Agropecuário, Classe S, Padrão V, do Quadro de Pessoal deste Ministério, código 223305, com fundamento no Art. 20, § 2º, inciso I, da Emenda Constitucional nº 103, de 2019.</p><p>Art. 2º - Esta Portaria entra em vigor na data de sua publicação.</p><p class="assina">JULIANA AZEVEDO CASTRO BIANCHINI</p>]]></Texto>
  </body>
  <Midias />
</article></xml>