﻿<xml><article id="45711893" name="PORTARIA N 1.349_23159648" idOficio="11315171" pubName="DO2" artType="Portaria" pubDate="01/10/2025" artClass="00048:00002:00000:00000:00000:00000:00000:00000:00000:00000:00017:00000" artCategory="Ministério do Trabalho e Emprego/Secretaria Executiva" artSize="12" artNotes="" numberPage="110" pdfPage="http://pesquisa.in.gov.br/imprensa/jsp/visualiza/index.jsp?data=01/10/2025&amp;jornal=529&amp;pagina=110" editionNumber="187" highlightType="" highlightPriority="" highlight="" highlightimage="" highlightimagename="" idMateria="23159648">
  <body>
    <Identifica><![CDATA[ PORTARIA SE/MTE N° 1.349, DE 26 DE SETEMBRO DE 2025]]></Identifica>
    <Data><![CDATA[]]></Data>
    <Ementa />
    <Titulo />
    <SubTitulo />
    <Texto><![CDATA[<p class="identifica">PORTARIA SE/MTE N° 1.349, DE 26 DE SETEMBRO DE 2025</p><p>O SECRETÁRIO-EXECUTIVO DO MINISTÉRIO DO TRABALHO E EMPREGO, no uso de suas atribuições e tendo em vista o art. 11 da Portaria MTE nº 635, de 16 de março de 2023, e as demais informações que constam do Processo 19955.203683/2025-61, resolve:</p><p>Designar ABEL FERREIRA LOPES FILHO, matrícula nº 1477404, para exercer a função de Chefe do Setor de Contrainteligência, código FCE 1.02 da Coordenação-Geral de Inteligência Trabalhista, da Secretaria Executiva.</p><p class="assina">FRANCISCO MACENA DA SILVA</p>]]></Texto>
  </body>
  <Midias />
</article></xml>