﻿<xml><article id="45715569" name="PR GAB - 93 - 01-09" idOficio="11315830" pubName="DO2" artType="Portaria" pubDate="01/10/2025" artClass="00035:00046:00007:00000:00000:00000:00000:00000:00000:00000:00013:00002" artCategory="Ministério de Minas e Energia/Autoridade Nacional de Segurança Nuclear/Gabinete" artSize="12" artNotes="" numberPage="91" pdfPage="http://pesquisa.in.gov.br/imprensa/jsp/visualiza/index.jsp?data=01/10/2025&amp;jornal=529&amp;pagina=91" editionNumber="187" highlightType="" highlightPriority="" highlight="" highlightimage="" highlightimagename="" idMateria="23160764">
  <body>
    <Identifica><![CDATA[ Portaria Nº 93, de 30 de setembro de 2025]]></Identifica>
    <Data><![CDATA[]]></Data>
    <Ementa />
    <Titulo />
    <SubTitulo />
    <Texto><![CDATA[<p class="identifica">Portaria Nº 93, de 30 de setembro de 2025</p><p>O DIRETOR-PRESIDENTE DA AUTORIDADE NACIONAL DE SEGURANÇA NUCLEAR, no uso das atribuições que lhe confere o art. 5º, inciso IV, da Lei nº 14.222, de 15 de outubro de 2021, resolve:</p><p>Designar PAMELA RODRIGUES PERROTTA, para exercer a Função Comissionada Executiva de Chefe da Seção de Gestão Orçamentária, da Coordenação-Geral de Planejamento e Orçamento, da Superintendência-Geral de Gestão Institucional da Autoridade Nacional de Segurança Nuclear, código FCE 1.04.</p><p class="assina">ALESSANDRO FACURE NEVES DE SALLES SOARES</p>]]></Texto>
  </body>
  <Midias />
</article></xml>