﻿<xml><article id="45709228" name="IFGOIANO_RTF_Portaria_6630" idOficio="11314914" pubName="DO2" artType="Portaria" pubDate="01/10/2025" artClass="00025:00066:00001:00000:00000:00000:00000:00000:00000:00000:00017:00000" artCategory="Ministério da Educação/Instituto Federal de Educação, Ciência e Tecnologia Goiano/Reitoria" artSize="12" artNotes="" numberPage="32" pdfPage="http://pesquisa.in.gov.br/imprensa/jsp/visualiza/index.jsp?data=01/10/2025&amp;jornal=529&amp;pagina=32" editionNumber="187" highlightType="" highlightPriority="" highlight="" highlightimage="" highlightimagename="" idMateria="23159358">
  <body>
    <Identifica><![CDATA[ PORTARIA Nº 6.630/REI/IFGOIANO, DE 29 DE SETEMBRO DE 2025]]></Identifica>
    <Data><![CDATA[]]></Data>
    <Ementa />
    <Titulo />
    <SubTitulo />
    <Texto><![CDATA[<p class="identifica">PORTARIA Nº 6.630/REI/IFGOIANO, DE 29 DE SETEMBRO DE 2025</p><p>O Reitor do Instituto Federal de Educação, Ciência e Tecnologia Goiano, no uso de suas atribuições legais conferidas pelo Decreto de 07 de março de 2024, publicado no DOU de 08 de março de 2024, Seção 02, página 01, considerando a Lei nº 11.892, de 29 de dezembro de 2008, publicada no DOU de 30 de dezembro de 2008 e o que consta no Processo nº 23727.000924.2025-82, resolve:</p><p>Art. 1º Nomear, em caráter efetivo, VANESSA DANIELA LAZARA DE ASSIS, classificada na lista de Ampla Concorrência para o cargo de Professor de Ensino Básico Técnico e Tecnológico, na Área de Zootecnia, D101, no(na) Campus Posse, com regime de trabalho de 40 (quarenta) horas semanais com Dedicação Exclusiva, nos termos do art. 9º, inciso I, da Lei nº 8.112/90, do art. 7º, inciso I, parágrafo único do Decreto nº 7.312, de 22/09/2010, publicado no DOU em 23/09/2010, do art. 1º, § 2º, e demais dispositivos pertinentes, da Lei nº 12.772, de 28/12/2012, tendo em vista o Edital de Abertura nº 06, de 24 de abril de 2024, publicado no DOU de 25 de abril de 2024, Edital de Homologação de 02/10/2024, publicado no DOU de 03/10/2024, código de vaga 953771 (exoneração).</p><p>Art. 2º A posse do(a) nomeado(a) ocorrerá no prazo de 30 (trinta) dias contados da publicação desta Portaria no Diário Oficial da União, conforme §1º do art. 13 da Lei nº 8.112/90.</p><p class="assina">ELIAS DE PADUA MONTEIRO</p>]]></Texto>
  </body>
  <Midias />
</article></xml>