﻿<xml><article id="45708841" name="Portaria-2187-2025" idOficio="11310206" pubName="DO2" artType="Portaria" pubDate="01/10/2025" artClass="00070:00045:00001:00000:00000:00000:00000:00000:00000:00000:00017:00000" artCategory="Poder Judiciário/Tribunal Regional do Trabalho da 4ª Região/Presidência" artSize="12" artNotes="" numberPage="131" pdfPage="http://pesquisa.in.gov.br/imprensa/jsp/visualiza/index.jsp?data=01/10/2025&amp;jornal=529&amp;pagina=131" editionNumber="187" highlightType="" highlightPriority="" highlight="" highlightimage="" highlightimagename="" idMateria="23151348">
  <body>
    <Identifica><![CDATA[ PORTARIA nº 2.187, de 24 de setembro de 2025]]></Identifica>
    <Data><![CDATA[]]></Data>
    <Ementa />
    <Titulo />
    <SubTitulo />
    <Texto><![CDATA[<p class="identifica">PORTARIA nº 2.187, de 24 de setembro de 2025</p><p>O PRESIDENTE DO TRIBUNAL REGIONAL DO TRABALHO DA 4ª REGIÃO, no uso de suas atribuições, e considerando o que consta no PA nº 6348/2025, resolve:</p><p>1. EXONERAR a servidora GRAZIELA DOBERSTEIN XAVIER (70831), ocupante do cargo de Técnico Judiciário, Área Administrativa, do cargo em comissão de Coordenador-CJ2, da Coordenadoria de Gestão Administrativa e de Sistemas dos Magistrados do 1° Grau;</p><p>2. DECLARAR VAGO o cargo em comissão acima referido;</p><p>3. REMOVER, de ofício, a referida servidora da Coordenadoria de Gestão Administrativa e de Sistemas dos Magistrados do 1° Grau para a Divisão de Gestão Administrativa e de Sistemas dos Magistrados do 1° Grau;</p><p>4. NOMEAR a servidora GRAZIELA DOBERSTEIN XAVIER (70831), ocupante do cargo de Técnico Judiciário, Área Administrativa, para exercer o cargo em comissão de Chefe de Divisão-CJ1, da Divisão de Gestão Administrativa e de Sistemas dos Magistrados do 1° Grau.</p><p class="assina">RICARDO HOFMEISTER DE ALMEIDA MARTINS COSTA</p>]]></Texto>
  </body>
  <Midias />
</article></xml>