﻿<xml><article id="45708538" name="PUBLICACAO DOU - Aposentadoria C" idOficio="11313837" pubName="DO2" artType="Ato" pubDate="01/10/2025" artClass="00070:00012:00000:00000:00000:00000:00000:00000:00000:00000:00001:00000" artCategory="Poder Judiciário/Tribunal Regional Federal da 6ª Região" artSize="12" artNotes="" numberPage="126" pdfPage="http://pesquisa.in.gov.br/imprensa/jsp/visualiza/index.jsp?data=01/10/2025&amp;jornal=529&amp;pagina=126" editionNumber="187" highlightType="" highlightPriority="" highlight="" highlightimage="" highlightimagename="" idMateria="23157555">
  <body>
    <Identifica><![CDATA[ ATO PRESI Nº 199, DE 17 DE SETEMBRO DE 2025]]></Identifica>
    <Data><![CDATA[]]></Data>
    <Ementa />
    <Titulo />
    <SubTitulo />
    <Texto><![CDATA[<p class="identifica">ATO PRESI Nº 199, DE 17 DE SETEMBRO DE 2025</p><p>O PRESIDENTE DO TRIBUNAL REGIONAL FEDERAL DA 6ª REGIÃO, NO USO DE SUAS ATRIBUIÇÕES LEGAIS E REGIMENTAIS E TENDO EM VISTA O CONSTANTE NOS AUTOS DO PAe 0010432-57.2025.4.06.8000, resolve:</p><p>CONCEDER APOSENTADORIA ao servidor CLORINTO CANDIDO DA SILVA FILHO, Técnico Judiciário/Administrativa (Agente da Polícia Judicial), do Quadro de Pessoal do TRF-6ª Região, com fundamento no art. 3º caput, incisos I a III e parágrafo único da Emenda Constitucional n. 47/2005, assegurada pelo art. 3º, caput e § 1º da Emenda Constitucional n. 103/2019, acrescida das vantagens previstas no art. 15, § 1º, da Lei n. 9.527/1997, c/c o art. 62-A, caput e parágrafo único da Lei n. 8.112/1990, no art. 67 da Lei 8.112/1990 e nos artigos 14 e 15, inciso III, da Lei 11.416/2006.</p><p class="assina">Des. VALLISNEY OLIVEIRA</p>]]></Texto>
  </body>
  <Midias />
</article></xml>