﻿<xml><article id="45708844" name="portaria 221 dispensa Gilcean" idOficio="11314923" pubName="DO2" artType="Portaria" pubDate="01/10/2025" artClass="00025:00074:00010:00000:00000:00000:00000:00000:00000:00000:00017:00000" artCategory="Ministério da Educação/Instituto Federal de Educação, Ciência e Tecnologia da Paraíba/Campus Sousa" artSize="12" artNotes="" numberPage="36" pdfPage="http://pesquisa.in.gov.br/imprensa/jsp/visualiza/index.jsp?data=01/10/2025&amp;jornal=529&amp;pagina=36" editionNumber="187" highlightType="" highlightPriority="" highlight="" highlightimage="" highlightimagename="" idMateria="23159296">
  <body>
    <Identifica><![CDATA[ Portaria Nº 221,  de 30 de setembro de 2025]]></Identifica>
    <Data><![CDATA[]]></Data>
    <Ementa />
    <Titulo />
    <SubTitulo />
    <Texto><![CDATA[<p class="identifica">Portaria Nº 221, de 30 de setembro de 2025</p><p>O Diretor Geral do Campus Sousa do Instituto Federal de Educação, Ciência e Tecnologia da Paraíba, nomeado pela Portaria nº 2.079, de 24.10.2022, publicada no DOU de 25.10.2022, bem como o contido na Portaria nº 2628/2019, resolve:</p><p>I - Dispensar, a pedido, o servidor GILCEAN SILVA ALVES, Professor de Ensino Básico, Técnico e Tecnológico, do Quadro Permanente de Pessoal deste Instituto, da Função - Cód. FUC. 01 de Coordenador do Curso Superior de Tecnólogo em Agroecologia do Campus Sousa.</p><p>II - Esta Portaria entra em vigor a partir desta data.</p><p class="assina">FRANCISCO ROSERLANDIO BOTÃO NOGUEIRA</p>]]></Texto>
  </body>
  <Midias />
</article></xml>