﻿<xml><article id="45713385" name="2025-09-30 - NA 1130 - Nomeacao " idOficio="11315470" pubName="DO2" artType="Portaria" pubDate="01/10/2025" artClass="00047:00054:00000:00000:00000:00000:00000:00000:00000:00000:00017:00000" artCategory="Ministério da Saúde/Fundação Oswaldo Cruz" artSize="12" artNotes="" numberPage="109" pdfPage="http://pesquisa.in.gov.br/imprensa/jsp/visualiza/index.jsp?data=01/10/2025&amp;jornal=529&amp;pagina=109" editionNumber="187" highlightType="" highlightPriority="" highlight="" highlightimage="" highlightimagename="" idMateria="23160138">
  <body>
    <Identifica><![CDATA[ PORTARIA Nº 1.130, DE 30 DE SETEMBRO DE 2025]]></Identifica>
    <Data><![CDATA[]]></Data>
    <Ementa />
    <Titulo />
    <SubTitulo />
    <Texto><![CDATA[<p class="identifica">PORTARIA Nº 1.130, DE 30 DE SETEMBRO DE 2025</p><p>O Presidente da Fundação Oswaldo Cruz - FIOCRUZ, no uso de suas atribuições e com base na autorização concedida pelo Ministério da Gestão e da Inovação em Serviços Públicos, pela Portaria nº 3.298, de 30 de abril de 2025, publicada no Diário Oficial da União de 5 de maio de 2025, resolve:</p><p>Nomear em caráter efetivo, para o Quadro de Pessoal da Fundação Oswaldo Cruz - FIOCRUZ, com fundamento nos artigos 9º, Inciso I, e 10º da Lei nº 8.112, de 11 de dezembro de 1990, os candidatos habilitados em Concurso Público homologado pelos Editais de nº 17, de 5 de dezembro de 2024, publicado no Diário Oficial da União de 6 de dezembro de 2024 - Seção 3, página(s) 313-316, de nº 18, de 5 de dezembro de 2024, publicado no Diário Oficial da União de 6 de dezembro de 2024 - Seção 3, página(s) 316-321, e de nº 19, de 16 de dezembro de 2024, publicado no Diário Oficial da União de 17 de dezembro de 2024 - Seção 3, página(s) 188-193 e pelas Retificações publicadas no Diário Oficial da União de 12 de dezembro de 2024 - Seção 3 - página(s) 163-164, e de 17 de dezembro de 2024 - Seção 3 - página 193, e de 23 de dezembro de 2024 - Seção 3 - página(s) 169-170, e de 22 de janeiro de 2025 - Seção 3 - página(s) 119-121, e de 21 de maio de 2025 - Seção 3 - página(s) 166-167, e de 06 de junho de 2025 - Seção 3 - página 126, e de 27 de junho de 2025 - Seção 3 - página(s) 114-115, e de 02 de julho de 2025 - Seção 3 - página(s) 103-104, para ocuparem os cargos de nível superior, abaixo mencionados:</p><p>Cargo: Tecnologista em Saúde Pública</p><p>Perfil: TE60 - Tecnologia da informação e comunicação (TIC) com foco em análise e desenvolvimento de sistemas - Rio de Janeiro</p><p>4º -- JULIO CESAR LIMA DA SILVA</p><p>Ficam a posse e o efetivo exercício do candidato habilitado condicionados a aprovação nos exames médicos admissionais.</p><p class="assina">Mario Santos Moreira</p>]]></Texto>
  </body>
  <Midias />
</article></xml>