﻿<xml><article id="45709087" name="ATO PORTARIA SEGEP 160" idOficio="11314701" pubName="DO2" artType="Portaria" pubDate="01/10/2025" artClass="00047:00002:00021:00026:00016:00000:00000:00000:00000:00000:00017:00000" artCategory="Ministério da Saúde/Secretaria Executiva/Subsecretaria de Assuntos Administrativos/Superintendência Estadual do Ministério da Saúde em São Paulo/Serviço de Gestão de Pessoas" artSize="12" artNotes="" numberPage="104" pdfPage="http://pesquisa.in.gov.br/imprensa/jsp/visualiza/index.jsp?data=01/10/2025&amp;jornal=529&amp;pagina=104" editionNumber="187" highlightType="" highlightPriority="" highlight="" highlightimage="" highlightimagename="" idMateria="23159133">
  <body>
    <Identifica><![CDATA[ PORTARIA SEGEP/SP Nº 160, de 25 de setembro de 2025]]></Identifica>
    <Data><![CDATA[]]></Data>
    <Ementa />
    <Titulo />
    <SubTitulo />
    <Texto><![CDATA[<p class="identifica">PORTARIA SEGEP/SP Nº 160, de 25 de setembro de 2025</p><p>A CHEFE DO SERVIÇO DE GESTÃO DE PESSOAS DA SUPERINTENDÊNCIA ESTADUAL DO MINISTÉRIO DA SAÚDE EM SÃO PAULO, de acordo com o Decreto nº 11.798, de 28 de novembro de 2023, alterado pelo Decreto nº 12.036, de 28 de maio de 2024 e conforme Apostilamento publicado no Boletim de Serviço Eletrônico nº 140, de 11 de dezembro de 2023 - Edição Extraordinária, combinado com o Apostilamento publicado no Boletim de Serviço Eletrônico nº 69, de 19 de junho de 2024 - Edição Extraordinária , e tendo em vista que consta do processo nº25004.001591/2025-90, resolve:</p><p>Art. 1º Conceder pensão vitalícia a JOÃO DA MOTA BARRETO NETO, na qualidade de cônjuge da ex-servidora MARLI BRITTO BARRETO, matrícula SIAPE nº 0596870, que ocupava o cargo de Agente Administrativo, Nível Intermediário, Classe S, Padrão V, do quadro de pessoal deste Ministério, aposentada, falecida em 01/09/2025, com fundamento no inciso I, do art. 3º, da Portaria SGP/SEDGG/ME Nº 4.645, de 24 de maio de 2022, combinado com o art. 217 da Lei nº 8.112, de 11 de dezembro de 1990, e com o art. 23 e o art. 24, ambos da Emenda Constitucional nº 103, de 12 de novembro de 2019.</p><p>Art. 2º Os efeitos desta Portaria entram em vigor em 01/09/2025.</p><p class="assina">SILVIA MARIA DA SILVA MOURA</p>]]></Texto>
  </body>
  <Midias />
</article></xml>