﻿<xml><article id="44718208" name="DOU ATO 134" idOficio="11182333" pubName="DO2" artType="Ato" pubDate="01/08/2025" artClass="00070:00049:00001:00000:00000:00000:00000:00000:00000:00000:00001:00000" artCategory="Poder Judiciário/Tribunal Regional do Trabalho da 8ª Região/Gabinete da Presidência" artSize="12" artNotes="" numberPage="110" pdfPage="http://pesquisa.in.gov.br/imprensa/jsp/visualiza/index.jsp?data=01/08/2025&amp;jornal=529&amp;pagina=110" editionNumber="144" highlightType="" highlightPriority="" highlight="" highlightimage="" highlightimagename="" idMateria="22933057">
  <body>
    <Identifica><![CDATA[ ATO PRESI Nº 134, DE 15 DE JULHO DE 2025]]></Identifica>
    <Data><![CDATA[]]></Data>
    <Ementa />
    <Titulo />
    <SubTitulo />
    <Texto><![CDATA[<p class="identifica">ATO PRESI Nº 134, DE 15 DE JULHO DE 2025</p><p>A DESEMBARGADORA PRESIDENTE DO EGRÉGIO TRIBUNAL REGIONAL DO TRABALHO DA OITAVA REGIÃO, no uso de suas atribuições previstas no art. 37, XLVII, do Regimento Interno,</p><p>CONSIDERANDO o deferimento da redistribuição do cargo ocupado pelo servidor ANDRÉ MARTINS FERREIRA ao Tribunal Regional do Trabalho da 2ª Região, conforme Ato PRESI nº 133/2025;</p><p>CONSIDERANDO o que consta nos autos do Processo Administrativo Eletrônico n.º 2012/2025 e, ainda, o interesse do serviço, resolve:</p><p>Art. 1º DISPENSAR o servidor ANDRÉ MARTINS FERREIRA, Analista Judiciário, Área Judiciária, código SIGEP nº 2741, da função comissionada de Assistente da Juiz, FC-5, código nº 169, do quadro de lotação do Núcleo de Lotação de Magistrados e Gestão de Assistentes de Juiz.</p><p>Art. 2º Este Ato terá vigência e efeitos a partir da data de sua publicação no Diário Oficial da União.</p><p class="assina">Desª. SULAMIR PALMEIRA MONASSA DE ALMEIDA</p>]]></Texto>
  </body>
  <Midias />
</article></xml>