﻿<xml><article id="44728293" name="Portaria 016" idOficio="11158287" pubName="DO2" artType="Portaria" pubDate="01/08/2025" artClass="00071:00591:00000:00000:00000:00000:00000:00000:00000:00000:00017:00000" artCategory="Entidades de Fiscalização do Exercício das Profissões Liberais/CONSELHO REGIONAL DOS TÉCNICOS INDUSTRIAIS DO ESTADO DA BAHIA" artSize="12" artNotes="" numberPage="116" pdfPage="http://pesquisa.in.gov.br/imprensa/jsp/visualiza/index.jsp?data=01/08/2025&amp;jornal=529&amp;pagina=116" editionNumber="144" highlightType="" highlightPriority="" highlight="" highlightimage="" highlightimagename="" idMateria="22892528">
  <body>
    <Identifica><![CDATA[ PORTARIA Nº 16, DE 5 DE JUNHO DE 2025]]></Identifica>
    <Data><![CDATA[]]></Data>
    <Ementa />
    <Titulo />
    <SubTitulo />
    <Texto><![CDATA[<p class="identifica">PORTARIA Nº 16, DE 5 DE JUNHO DE 2025</p><p>O CONSELHO REGIONAL DOS TÉCNICOS INDUSTRIAIS DO ESTADO DA BAHIA, no uso das competências que lhe confere a Lei nº 13.639 de 2018 e o Regimento Interno.</p><p>CONSIDERANDO que os Conselhos de Técnicos Industriais são entidades criadas por lei, com atribuições de fiscalizar e normatizar o exercício profissional do técnico industrial, mantidas com recursos próprios e não recebedoras de subvenções ou transferências advindas do Orçamento da União, resolve:</p><p>Art. 1º. Para que as ações exigidas por este CRT-BA, através de seu Regimento Interno, tenham maior fluidez, nomeia como representante honorífico dos Técnicos Industriais na cidade de Porto Seguro, Bahia, o profissional técnico WENDELL PORTELA LEONCIO, inscrito no CPF sob o número: ***.947.***-**.</p><p>Art. 2º. Esta portaria entra em vigor na data da sua publicação.</p><p class="assina">Sandro Augusto Vieira da Silva</p><p class="cargo">Presidente do CRT</p>]]></Texto>
  </body>
  <Midias />
</article></xml>