﻿<xml><article id="44724122" name="FINAL DE FILA_004" idOficio="11189709" pubName="DO2" artType="Portaria" pubDate="01/08/2025" artClass="00025:00159:00000:00000:00000:00000:00000:00000:00000:00000:00017:00002" artCategory="Ministério da Educação/Fundação Universidade Federal de Sergipe" artSize="12" artNotes="" numberPage="52" pdfPage="http://pesquisa.in.gov.br/imprensa/jsp/visualiza/index.jsp?data=01/08/2025&amp;jornal=529&amp;pagina=52" editionNumber="144" highlightType="" highlightPriority="" highlight="" highlightimage="" highlightimagename="" idMateria="22945874">
  <body>
    <Identifica><![CDATA[ PORTARIA Nº 1.265,  DE 29 DE JULHO DE 2025]]></Identifica>
    <Data><![CDATA[]]></Data>
    <Ementa />
    <Titulo />
    <SubTitulo />
    <Texto><![CDATA[<p class="identifica">PORTARIA Nº 1.265, DE 29 DE JULHO DE 2025</p><p>O REITOR DA UNIVERSIDADE FEDERAL DE SERGIPE, no uso de suas atribuições legais e considerando: o disposto no Art. 13, §1º e §6º, da Lei 8.112 de 11/12/90; a Instrução Normativa nº 2/ME, de 27 de agosto de 2019; o que consta no Processo nº. 23113.042619/2023-14, resolve:</p><p>Art. 1º - Tornar sem efeito, em decorrência de pedido de reclassificação, a nomeação dos candidatos listados no Anexo desta portaria, habilitados no Concurso Público para Técnico-Administrativo, objeto do Edital nº 022/2023, nomeados através da Portaria nº 988, publicada no D.O.U. em 09/06/2025, seção 2, página 42.</p><p>Art. 2º - Os candidatos serão reclassificados para as últimas posições da lista de candidatos classificados da Portaria nº 614, publicada no D.O.U. em 09/07/2024, seção 1, páginas 48 a 51, em seus respectivos cargos.</p><p>Art. 3º - Esta Portaria entra em vigor na data de sua publicação no Diário Oficial da União.</p><p class="assina">ANDRÉ MAURÍCIO CONCEIÇÃO DE SOUZA</p><p>ANEXO</p><p>CLASSE "D"</p><p>Cargo: 301 - Assistente em Administração</p><p /><p></p><table><tr /><tr><td rowspan="1" colspan="1"><p>Classificação no concurso</p></td><td rowspan="1" colspan="1"><p>Nome</p></td><td rowspan="1" colspan="1"><p>Reclassificado(a) para</p></td></tr><tr><td rowspan="1" colspan="1"><p>32º na ampla concorrência</p></td><td rowspan="1" colspan="1"><p>Gerimar De Souza Farias Segundo</p></td><td rowspan="1" colspan="1"><p>58º na ampla concorrência</p></td></tr><tr><td rowspan="1" colspan="1"><p>33º na ampla concorrência</p></td><td rowspan="1" colspan="1"><p>Evelan Xavier Santos Júnior</p></td><td rowspan="1" colspan="1"><p>59º na ampla concorrência</p></td></tr><tr><td rowspan="1" colspan="1"><p>34º na ampla concorrência</p></td><td rowspan="1" colspan="1"><p>Matheus Alves Silviano</p></td><td rowspan="1" colspan="1"><p>60º na ampla concorrência</p></td></tr></table>]]></Texto>
  </body>
  <Midias />
</article></xml>