﻿<xml><article id="44721106" name="PORTARIA N 7.476_22944887" idOficio="11188992" pubName="DO2" artType="Portaria" pubDate="01/08/2025" artClass="00029:00035:00014:00000:00000:00000:00000:00000:00000:00000:00017:00000" artCategory="Ministério da Gestão e da Inovação em Serviços Públicos/Secretaria de Gestão de Pessoas/Diretoria de Provimento e Movimentação de Pessoal" artSize="12" artNotes="" numberPage="64" pdfPage="http://pesquisa.in.gov.br/imprensa/jsp/visualiza/index.jsp?data=01/08/2025&amp;jornal=529&amp;pagina=64" editionNumber="144" highlightType="" highlightPriority="" highlight="" highlightimage="" highlightimagename="" idMateria="22944887">
  <body>
    <Identifica><![CDATA[ PORTARIA DEPRO/SGP/MGI Nº 7.476, DE 30 DE JULHO DE 2025]]></Identifica>
    <Data><![CDATA[]]></Data>
    <Ementa />
    <Titulo />
    <SubTitulo />
    <Texto><![CDATA[<p class="identifica">PORTARIA DEPRO/SGP/MGI Nº 7.476, DE 30 DE JULHO DE 2025</p><p>A DIRETORA DE PROVIMENTO E MOVIMENTAÇÃO DE PESSOAL SUBSTITUTA DO MINISTÉRIO DA GESTÃO E DA INOVAÇÃO EM SERVIÇOS PÚBLICOS, no uso da competência subdelegada pela Portaria SGP/MGI Nº 693, de 21 de fevereiro de 2024, tendo em vista o disposto no § 7º do art. 93 da Lei nº 8.112, de 11 de dezembro de 1990, no art. 30 do Decreto nº 10.835, de 14 de outubro de 2021, na Portaria SEDGG/ME nº 8.471, de 26 de setembro 2022, e no Processo SEI nº 14021.058224/2025-33, resolve:</p><p>Art. 1º Autorizar a alteração de exercício do empregado público TAYLOR MONTEDO MACHADO, matrícula nº 86854038, Analista de Correios Pleno - Administrador Postal, do quadro de pessoal da Empresa Brasileira de Correios e Telégrafos - ECT para composição da força de trabalho no Ministério da Justiça e Segurança Pública - MJSP, por prazo indeterminado, com custo mensal de reembolso de R$ 60.677,60 (sessenta mil, seiscentos e setenta e sete reais e sessenta centavos), incluindo tributos, encargos sociais, encargos trabalhistas e demais parcelas previstas no art. 25 do Decreto nº 10.835, de 14 de outubro de 2021, para o órgão solicitante.</p><p>Art. 2º O retorno do empregado à instituição de origem poderá ocorrer, a qualquer tempo, por decisão do Ministério da Gestão e da Inovação em Serviços Públicos, observados os requisitos constantes do artigo 12 da Portaria SEDGG/ME nº 8.471, de 26 de setembro de 2022.</p><p>Art. 3º Cabe ao MJSP assegurar que o empregado colocado a sua disposição não exercerá atividades incompatíveis com as suas atribuições na instituição de origem, de forma a não ocorrer desvio de função.</p><p>Art. 4º Compete ao ordenador de despesas zelar pela existência de disponibilidade orçamentária e financeira para fazer frente às despesas oriundas dos reembolsos decorrentes da alteração de exercício de que trata o art. 1º desta Portaria, nos termos do art. 22 do Decreto nº 10.835, de 14 de outubro de 2021, e para eventual continuação da composição da força de trabalho do empregado para o exercício subsequente.</p><p>Art. 5º Esta Portaria entra em vigor na data de sua publicação.</p><p class="assina">QUEILA CÂNDIDA FERREIRA MORAIS</p>]]></Texto>
  </body>
  <Midias />
</article></xml>