﻿<xml><article id="44718130" name="ATO PORTARIA NA 1942" idOficio="11161190" pubName="DO2" artType="Portaria" pubDate="01/08/2025" artClass="00025:00102:00000:00000:00000:00000:00000:00000:00000:00000:00013:00003" artCategory="Ministério da Educação/Universidade Federal Fluminense" artSize="12" artNotes="" numberPage="34" pdfPage="http://pesquisa.in.gov.br/imprensa/jsp/visualiza/index.jsp?data=01/08/2025&amp;jornal=529&amp;pagina=34" editionNumber="144" highlightType="" highlightPriority="" highlight="" highlightimage="" highlightimagename="" idMateria="22897976">
  <body>
    <Identifica><![CDATA[ PORTARIA Nº 1.942, DE 18 DE JULHO DE 2025]]></Identifica>
    <Data><![CDATA[]]></Data>
    <Ementa />
    <Titulo />
    <SubTitulo />
    <Texto><![CDATA[<p class="identifica">PORTARIA Nº 1.942, DE 18 DE JULHO DE 2025</p><p>O REITOR DA UNIVERSIDADE FEDERAL FLUMINENSE, no uso de suas atribuições, tendo em vista a Lei nº 9.640 de 25 de maio de 1998 e o que consta do Processo nº 23069.173990/2025-71, resolve:</p><p>Art. 1º -Dispensar, a partir de 01/08/2025, ANA ROSA DOS SANTOS, Matrícula SIAPE nº 1030135, como substituta eventual do cargo de direção de Superintendente da Superintendência de Documentação - Código CD-3 para o qual foi designada através da Portaria nº 283, de 22/02/2024.</p><p>Art. 2º - Esta Portaria entra em vigor na data de sua publicação no Diário Oficial da União.</p><p class="assina">ANTONIO CLAUDIO LUCAS DA NOBREGA</p>]]></Texto>
  </body>
  <Midias />
</article></xml>