﻿<xml><article id="44717263" name="LILIANE11JUL2025" idOficio="11185452" pubName="DO2" artType="Portaria" pubDate="01/08/2025" artClass="00047:00002:00021:00032:00005:00000:00000:00000:00000:00000:00017:00004" artCategory="Ministério da Saúde/Secretaria Executiva/Subsecretaria de Assuntos Administrativos/Superintendência Estadual do Ministério da Saúde no Amapá/Serviço de Gestão de Pessoas" artSize="12" artNotes="" numberPage="86" pdfPage="http://pesquisa.in.gov.br/imprensa/jsp/visualiza/index.jsp?data=01/08/2025&amp;jornal=529&amp;pagina=86" editionNumber="144" highlightType="" highlightPriority="" highlight="" highlightimage="" highlightimagename="" idMateria="22939247">
  <body>
    <Identifica><![CDATA[ PORTARIA SEGEP/AP Nº 23, DE 11 DE JULHO DE 2025]]></Identifica>
    <Data><![CDATA[]]></Data>
    <Ementa />
    <Titulo />
    <SubTitulo />
    <Texto><![CDATA[<p class="identifica">PORTARIA SEGEP/AP Nº 23, DE 11 DE JULHO DE 2025</p><p>A CHEFE DO SERVIÇO DE GESTÃO DE PESSOAS SUBSTITUTA DA SUPERINTENDÊNCIA ESTADUAL DO MINISTÉRIO DA SAÚDE NO AMAPÁ, no uso de suas atribuições, conferidas pela Portaria nº 1.761/SAA/SE/MS de 28/12/2023, publicada no Diário Oficial da União nº 1, de 02/01/2024, resolve:</p><p>I - Conceder Aposentadoria Voluntária por Idade e Tempo de Contribuição, com fundamento legal nos artigos 3º da EC 103/2019 e 3º da EC nº 47/05, ao servidor ABRAÃO FERREIRA DE SOUZA, no Cargo de Motorista Oficial, Matrícula nº 0992214, Nível Médio, Classe S, Padrão V, do Quadro de Pessoal do Ministério da Saúde no Amapá, com os proventos integrais, acrescidos das demais vantagens a que fizer jus.</p><p>II - Declarar vago o referido Cargo. (Processo nº 25013.000136/2025-68)</p><p class="assina">LILIANE LÚCIA DE OLIVEIRA ALVES BARBOSA</p>]]></Texto>
  </body>
  <Midias />
</article></xml>