﻿<xml><article id="44717278" name="DOU02_PORTARIA_SEGEP_PR_95_97_20" idOficio="11184451" pubName="DO2" artType="Portaria" pubDate="01/08/2025" artClass="00070:00061:00001:00000:00000:00000:00000:00000:00000:00000:00017:00000" artCategory="Poder Judiciário/Tribunal Regional do Trabalho da 20ª Região/Presidência" artSize="12" artNotes="" numberPage="113" pdfPage="http://pesquisa.in.gov.br/imprensa/jsp/visualiza/index.jsp?data=01/08/2025&amp;jornal=529&amp;pagina=113" editionNumber="144" highlightType="" highlightPriority="" highlight="" highlightimage="" highlightimagename="" idMateria="22937284">
  <body>
    <Identifica><![CDATA[  PORTARIA SEGEP.PR Nº 95, DE 29 de JULHO de 2025]]></Identifica>
    <Data><![CDATA[]]></Data>
    <Ementa />
    <Titulo />
    <SubTitulo />
    <Texto><![CDATA[<p class="identifica">PORTARIA SEGEP.PR Nº 95, DE 29 de JULHO de 2025</p><p>O DESEMBARGADOR PRESIDENTE DO TRIBUNAL REGIONAL DO TRABALHO DA 20ª REGIÃO, no uso de suas atribuições legais e regimentais, considerando o contido no PROAD Nº 2459/2025, resolve:</p><p>1. Dispensar a servidora ELIANE ALVES BRANDÃO, Técnico Judiciário - Área Administrativa do Quadro Permanente de Pessoal da Secretaria deste Tribunal, da função comissionada de ASSISTENTE (FC-2) da 7ª VARA DO TRABALHO DE ARACAJU;</p><p>2. Designar o servidor LEONARDO CASAL CARVALHO, Analista Judiciário - Área Judiciária do Quadro Permanente de Pessoal da Secretaria deste Tribunal, para exercer a função comissionada de ASSISTENTE (FC-2) da 7ª VARA DO TRABALHO DE ARACAJU;</p><p>3. Esta Portaria entra em vigor na data de publicação no Diário Oficial da União.</p><p class="assina">Des. JOSENILDO DOS SANTOS CARVALHO</p><p class="identifica">PORTARIA SEGEP.PR Nº 97, DE 29 de JULHO de 2025</p><p>O DESEMBARGADOR PRESIDENTE DO TRIBUNAL REGIONAL DO TRABALHO DA 20ª REGIÃO, no uso de suas atribuições legais e regimentais, considerando o contido no PROAD Nº 2531/2025, resolve:</p><p>1. Dispensar o servidor EDUARDO DORIA LIMA, Analista Judiciário - Área Apoio Especializado - Especialidade Tecnologia da Informação do Quadro Permanente de Pessoal da Secretaria deste Tribunal, da função comissionada de ASSISTENTE ADMINISTRATIVO (FC-3) do GABINETE do EXMO. DESEMBARGADOR JORGE ANTÔNIO ANDRADE CARDOSO;</p><p>2. Designar a servidora ISABELA AZEVEDO DE OLIVEIRA VIÑAS, Analista Judiciário - Área Judiciária do Quadro Permanente de Pessoal da Secretaria deste Tribunal, para exercer a função comissionada de ASSISTENTE ADMINISTRATIVO (FC-3) do GABINETE do EXMO. DESEMBARGADOR JORGE ANTÔNIO ANDRADE CARDOSO;</p><p>3. Designar a servidora ANA LUCIA NOBRE DE LUCENA, Analista Judiciário - Área Judiciária do Quadro Permanente de Pessoal da Secretaria deste Tribunal, para exercer a função comissionada de ASSISTENTE ADMINISTRATIVO (FC-3) do GABINETE do EXMO. DESEMBARGADOR JORGE ANTÔNIO ANDRADE CARDOSO;</p><p>4. Esta Portaria entra em vigor na data de sua publicação no Diário Oficial da União.</p><p class="assina">Des. JOSENILDO DOS SANTOS CARVALHO</p>]]></Texto>
  </body>
  <Midias />
</article></xml>