﻿<xml><article id="44718106" name="SGP059" idOficio="11178219" pubName="DO2" artType="Portaria" pubDate="01/08/2025" artClass="00070:00030:00001:00000:00000:00000:00000:00000:00000:00000:00017:00000" artCategory="Poder Judiciário/Tribunal Regional Eleitoral de Pernambuco/Presidência" artSize="12" artNotes="" numberPage="104" pdfPage="http://pesquisa.in.gov.br/imprensa/jsp/visualiza/index.jsp?data=01/08/2025&amp;jornal=529&amp;pagina=104" editionNumber="144" highlightType="" highlightPriority="" highlight="" highlightimage="" highlightimagename="" idMateria="22926416">
  <body>
    <Identifica><![CDATA[ PORTARIA Nº 396, DE 13 DE JUNHO DE 2025]]></Identifica>
    <Data><![CDATA[]]></Data>
    <Ementa />
    <Titulo />
    <SubTitulo />
    <Texto><![CDATA[<p class="identifica">PORTARIA Nº 396, DE 13 DE JUNHO DE 2025</p><p>O PRESIDENTE DO TRIBUNAL REGIONAL ELEITORAL DE PERNAMBUCO, no uso de suas atribuições legais, com fundamento no art. 37 da Lei n.º 8.112/90 e na Resolução TSE n.º 23.701/2022, tendo em vista o contido no Processo SEI n.º 0013944-81.2024.6.17.8300, a fim de dar cumprimento à Decisão da Corregedoria-Geral Eleitoral, exarada no Pedido de Providências n.º 0000006-06.2025.2.00.0600 (2965031), Considerando o disposto na Portaria TRE-PE nº 395/2025, resolve:</p><p>Art. 1º Redistribuir cargo vago de Analista Judiciário - Área Administrativa, criado pela Lei n.º 8.868, de 14/04/1994, para o Tribunal Regional Eleitoral do Maranhão - TRE/MA.</p><p>Art. 2º Registrar que caberá ao Regional Maranhense redistribuir em reciprocidade, simultaneamente, cargo de Analista Judiciário - Área Administrativa , com o seu atual ocupante, VALTER COELHO COUTINHO.</p><p>Art. 3º Dispensar, com base no art. 34, caput e parágrafo único da Resolução TSE n.º 23.701/2022, a concessão de período de trânsito ao servidor, visto já se encontrar em exercício neste Regional.</p><p>Art. 4º Validar os efeitos desta Portaria a partir da data de sua publicação.</p><p class="assina">Des. CÂNDIDO J. F. SARAIVA DE MORAES</p>]]></Texto>
  </body>
  <Midias />
</article></xml>