﻿<xml><article id="44722511" name="Portarias GR - 31_007" idOficio="11189298" pubName="DO2" artType="Portaria" pubDate="01/08/2025" artClass="00025:00105:00188:00018:00000:00000:00000:00000:00000:00000:00017:00000" artCategory="Ministério da Educação/Universidade Federal da Integração Latino-Americana/Reitoria/Gabinete da Reitoria" artSize="12" artNotes="" numberPage="35" pdfPage="http://pesquisa.in.gov.br/imprensa/jsp/visualiza/index.jsp?data=01/08/2025&amp;jornal=529&amp;pagina=35" editionNumber="144" highlightType="" highlightPriority="" highlight="" highlightimage="" highlightimagename="" idMateria="22945358">
  <body>
    <Identifica><![CDATA[ PORTARIA Nº 368, DE 31 DE JULHO DE 2025]]></Identifica>
    <Data><![CDATA[]]></Data>
    <Ementa />
    <Titulo />
    <SubTitulo />
    <Texto><![CDATA[<p class="identifica">PORTARIA Nº 368, DE 31 DE JULHO DE 2025</p><p>O VICE-REITOR DA UNIVERSIDADE FEDERAL DA INTEGRAÇÃO LATINO-AMERICANA, NO EXERCÍCIO DA REITORIA, no uso de suas atribuições legais, de acordo com o inciso II do art. 35 da Lei n. 8.112, de 11 de dezembro de 1990, e o processo n. 23422.008625/2024-30, resolve:</p><p>Art. 1º Dispensar o servidor LADISLAO HOMAR LANDA VASQUEZ, Professor do Magistério Superior, Siape n. 1208518, da Coordenação do Curso de Filosofia, código FCC, designado pela Portaria GR n. 181, de 9 de maio de 2024, publicada no DOU n. 90, de 10 de maio de 2024, s. 2, p. 22.</p><p>Art. 2º Esta Portaria entra em vigor na data de sua publicação no Diário Oficial da União.</p><p class="assina">RODNE DE OLIVEIRA LIMA</p><p class="identifica">PORTARIA Nº 369, DE 31 DE JULHO DE 2025</p><p>O VICE-REITOR DA UNIVERSIDADE FEDERAL DA INTEGRAÇÃO LATINO-AMERICANA, NO EXERCÍCIO DA REITORIA, no uso de suas atribuições legais, de acordo com o inciso II do art. 35 da Lei n. 8.112, de 11 de dezembro de 1990, e o processo n. 23422.008625/2024-30, resolve:</p><p>Art. 1º Dispensar o servidor TITO ALENCAR FLORES, Professor do Magistério Superior, Siape n. 1925894, da Vice-coordenação do Curso de Filosofia, designado pela Portaria GR n. 182, de 9 de maio de 2024, publicada no DOU n. 90, de 10 de maio de 2024, s. 2, p. 22.</p><p>Art. 2º Esta Portaria entra em vigor na data de sua publicação no Diário Oficial da União.</p><p class="assina">RODNE DE OLIVEIRA LIMA</p><p class="identifica">PORTARIA Nº 370, DE 31 DE JULHO DE 2025</p><p>O VICE-REITOR DA UNIVERSIDADE FEDERAL DA INTEGRAÇÃO LATINO-AMERICANA, NO EXERCÍCIO DA REITORIA, no uso de suas atribuições legais, de acordo com os §§ 1º e 2º do art. 7º da Lei n. 12.677, de 25 de junho de 2012; o inciso II do art. 9º da Lei n. 8.112, de 11 de dezembro de 1990; o art. 26 da Resolução Cosuen n. 008, de 30 de abril de 2014; e o processo n. 23422.008625/2024-30, resolve:</p><p>Art. 1º Designar o servidor TITO ALENCAR FLORES, Professor do Magistério Superior, Siape n. 1925894, para exercer a função de Coordenador pro tempore do Curso de Filosofia, código FCC.</p><p>Art. 2º Esta Portaria entra em vigor na data de sua publicação no Diário Oficial da União.</p><p class="assina">RODNE DE OLIVEIRA LIMA</p><p>PORTARIA Nº 371, DE 31 DE JULHO DE 2025</p><p>O VICE-REITOR DA UNIVERSIDADE FEDERAL DA INTEGRAÇÃO LATINO-AMERICANA, NO EXERCÍCIO DA REITORIA, no uso de suas atribuições legais, de acordo com os §§ 1º e 2º do art. 7º da Lei n. 12.677, de 25 de junho de 2012; os §§ 1º e 2º do art. 38 da Lei n. 8.112, de 11 de dezembro de 1990; o art. 25 da Resolução Cosuen n. 008, de 30 de abril de 2014; e o processo n. 23422.008625/2024-30, resolve:</p><p>Art. 1º Designar a servidora IDETE TELES DOS SANTOS, Professora do Magistério Superior, Siape n. 1679316, para exercer a função de Vice-Coordenadora pro tempore do Curso de Filosofia.</p><p>Art. 2º Esta Portaria entra em vigor na data de sua publicação no Diário Oficial da União.</p><p class="assina">RODNE DE OLIVEIRA LIMA</p><p class="identifica">PORTARIA Nº 372, DE 31 DE JULHO DE 2025</p><p>O VICE-REITOR DA UNIVERSIDADE FEDERAL DA INTEGRAÇÃO LATINO-AMERICANA, NO EXERCÍCIO DA REITORIA, no uso de suas atribuições legais, de acordo com o inciso II do art. 35 da Lei n. 8.112, de 11 de dezembro de 1990, e o processo n. 23422.014609/2025-67, resolve:</p><p>Art. 1º Dispensar, a partir de 21 de agosto de 2025, o servidor FERNANDO KENJI NAMPO, Professor do Magistério Superior, Siape n. 2961240, da Coordenação do Curso de Saúde Coletiva, código FCC, designado pela Portaria GR n. 424, 17 de agosto de 2023, publicada no DOU n. 159, de 21 de agosto de 2023, s. 2, p. 29.</p><p>Art. 2º Esta Portaria entra em vigor na data de sua publicação no Diário Oficial da União.</p><p class="assina">RODNE DE OLIVEIRA LIMA</p><p class="identifica">PORTARIA Nº 373, DE 31 DE JULHO DE 2025</p><p>O VICE-REITOR DA UNIVERSIDADE FEDERAL DA INTEGRAÇÃO LATINO-AMERICANA, NO EXERCÍCIO DA REITORIA, no uso de suas atribuições legais, de acordo com o inciso II do art. 35 da Lei n. 8.112, de 11 de dezembro de 1990, e o processo n. 23422.014609/2025-67, resolve:</p><p>Art. 1º Dispensar, a partir de 21 de agosto de 2025, a servidora CARMEN JUSTINA GAMARRA, Professora do Magistério Superior, Siape n. 294218, da Vice-coordenação pro tempore do Curso de Saúde Coletiva, designada pela Portaria GR n. 503, de 13 de setembro de 2023, publicada no DOU n. 176, de 14 de setembro de 2023, s. 2, p. 31.</p><p>Art. 2º Esta Portaria entra em vigor na data de sua publicação no Diário Oficial da União.</p><p class="assina">RODNE DE OLIVEIRA LIMA</p><p class="identifica">PORTARIA Nº 374, DE 31 DE JULHO DE 2025</p><p>O VICE-REITOR DA UNIVERSIDADE FEDERAL DA INTEGRAÇÃO LATINO-AMERICANA, NO EXERCÍCIO DA REITORIA, no uso de suas atribuições legais, de acordo com os §§ 1º e 2º do art. 7º da Lei n. 12.677, de 25 de junho de 2012; o inciso II do art. 9º da Lei n. 8.112, de 11 de dezembro de 1990; os arts. 1º e 2º da Resolução Cosuen n. 008, de 30 de abril de 2014; e o processo n. 23422.014609/2025-67, resolve:</p><p>Art. 1º Designar, a partir de 21 de agosto de 2025, o servidor FERNANDO KENJI NAMPO, Professor do Magistério Superior, Siape n. 2961240, para exercer a função de Coordenador do Curso de Saúde Coletiva, código FCC.</p><p>Art. 2º Esta Portaria entra em vigor na data de sua publicação no Diário Oficial da União.</p><p class="assina">RODNE DE OLIVEIRA LIMA</p><p class="identifica">PORTARIA Nº 375, DE 31 DE JULHO DE 2025</p><p>O VICE-REITOR DA UNIVERSIDADE FEDERAL DA INTEGRAÇÃO LATINO-AMERICANA, NO EXERCÍCIO DA REITORIA, no uso de suas atribuições legais, de acordo com os §§ 1º e 2º do art. 7º da Lei n. 12.677, de 25 de junho de 2012; os §§ 1º e 2º do art. 38 da Lei n. 8.112, de 11 de dezembro de 1990; os arts. 1º e 2º da Resolução Cosuen n. 008, de 30 de abril de 2014; e o processo n. 23422.014609/2025-67, resolve:</p><p>Art. 1º Designar, a partir de 21 de agosto de 2025, a servidora GLADYS AMELIA VELEZ BENITO, Professora do Magistério Superior, Siape n. 1662987, para exercer a função de Vice-Coordenadora do Curso de Saúde Coletiva.</p><p>Art. 2º Esta Portaria entra em vigor na data de sua publicação no Diário Oficial da União.</p><p class="assina">RODNE DE OLIVEIRA LIMA</p><p class="identifica">PORTARIA Nº 376, DE 31 DE JULHO DE 2025</p><p>O VICE-REITOR DA UNIVERSIDADE FEDERAL DA INTEGRAÇÃO LATINO-AMERICANA, NO EXERCÍCIO DA REITORIA, no uso de suas atribuições legais, em conformidade com a Lei n. 8.112, de 11 de dezembro de 1990; o Decreto n. 91.800, de 18 de outubro de 1985; o Decreto n. 1.387, de 07 de fevereiro de 1995; a Instrução Normativa PROGEPE/UNILA n. 001, de 02 de março de 2017; em relação à concessão de diárias e passagens, o que trata o Decreto n. 5.992, de 19 de dezembro de 2006, e o Decreto n. 7.689, de 02 de março de 2012; e tendo em vista o que consta no processo n. 23422.016034/2025-17, resolve:</p><p>Art. 1º Autorizar afastamento do país, com ônus, à servidora CARLA DANIELA RABELO RODRIGUES, Professora do Magistério Superior, Siape n. 1234773, para participar do VIII Fórum de Economia e Cultura e apresentação de trabalhos na Cineteca Nacional do México, no período de 21 a 28 de setembro de 2025, em Cidade do México, México.</p><p>Art. 2º Esta Portaria entra em vigor na data de sua publicação no Diário Oficial da União.</p><p class="assina">RODNE DE OLIVEIRA LIMA</p><p class="identifica">PORTARIA Nº 377, DE 31 DE JULHO DE 2025</p><p>O VICE-REITOR DA UNIVERSIDADE FEDERAL DA INTEGRAÇÃO LATINO-AMERICANA, NO EXERCÍCIO DA REITORIA, no uso de suas atribuições legais, em conformidade com a Lei n. 8.112, de 11 de dezembro de 1990; o Decreto n. 91.800, de 18 de outubro de 1985; o Decreto n. 1.387, de 07 de fevereiro de 1995; a Instrução Normativa PROGEPE/UNILA n. 001, de 02 de março de 2017; em relação à concessão de diárias e passagens, o que trata o Decreto n. 5.992, de 19 de dezembro de 2006, e o Decreto n. 7.689, de 02 de março de 2012; e tendo em vista o que consta no processo n. 23422.016130/2025-65, resolve:</p><p>Art. 1º Autorizar afastamento do país, com ônus, ao servidor ERICO MASSOLI TICIANEL PEREIRA, Administrador, Siape n. 2145768, para participar da Mobilidade Acadêmica ESCALA Gestores e Administradores da Associação de Universidades do Grupo Montevideo, no período de 20 a 30 de novembro de 2025, em Montevidéu, Uruguai.</p><p>Art. 2º Esta Portaria entra em vigor na data de sua publicação no Diário Oficial da União.</p><p class="assina">RODNE DE OLIVEIRA LIMA</p>]]></Texto>
  </body>
  <Midias />
</article></xml>