﻿<xml><article id="44718199" name="PORTARIA NA 2818.25 - REITORA TI" idOficio="11169514" pubName="DO2" artType="Portaria" pubDate="01/08/2025" artClass="00025:00057:00038:00001:00000:00000:00000:00000:00000:00000:00017:02818" artCategory="Ministério da Educação/Instituto Federal de Educação, Ciência e Tecnologia da Bahia/Diretoria de Gestão de Pessoas/REI/Departamento de Administração e Pagamento/REI" artSize="12" artNotes="" numberPage="21" pdfPage="http://pesquisa.in.gov.br/imprensa/jsp/visualiza/index.jsp?data=01/08/2025&amp;jornal=529&amp;pagina=21" editionNumber="144" highlightType="" highlightPriority="" highlight="" highlightimage="" highlightimagename="" idMateria="22913709">
  <body>
    <Identifica><![CDATA[ PORTARIA Nº 2.818, DE 7 DE JULHO DE 2025]]></Identifica>
    <Data><![CDATA[]]></Data>
    <Ementa />
    <Titulo />
    <SubTitulo />
    <Texto><![CDATA[<p class="identifica">PORTARIA Nº 2.818, DE 7 DE JULHO DE 2025</p><p>A REITORA DO INSTITUTO FEDERAL DE EDUCAÇÃO, CIÊNCIA E TECNOLOGIA DA BAHIA, no uso das atribuições legais que lhe confere o Decreto de 19/03/2024, publicado no Diário Oficial da União de 20/03/2024, considerando o disposto na Portaria MEC nº 1.373, de 18/07/2019, publicada no Diário Oficial da União de 19/07/2019, e tendo em vista o teor do Processo Administrativo nº 23442.001388/2025-29, resolve:</p><p>Art. 1º - Designar o servidor FABIANO AMORIM VAZ, ocupante do cargo efetivo de Professor do Ensino Básico, Técnico e Tecnológico, matrícula SIAPE nº 2935505, para exercer a função de Coordenador do Curso de Ciências da Computação do campus Paulo Afonso, código FCC-01.</p><p>Art. 2º - Esta portaria entra em vigor na data da sua publicação no Diário Oficial da União.</p><p class="assina">LUZIA MATOS MOTA</p>]]></Texto>
  </body>
  <Midias />
</article></xml>