﻿<xml><article id="44717602" name="PORTARIA N 1.101_22934160" idOficio="11182506" pubName="DO2" artType="Portaria" pubDate="01/08/2025" artClass="00046:00295:00039:00000:00000:00000:00000:00000:00000:00000:00017:00000" artCategory="Ministério das Relações Exteriores/Secretaria-Geral das Relações Exteriores/Secretaria de Gestão Administrativa" artSize="12" artNotes="" numberPage="84" pdfPage="http://pesquisa.in.gov.br/imprensa/jsp/visualiza/index.jsp?data=01/08/2025&amp;jornal=529&amp;pagina=84" editionNumber="144" highlightType="" highlightPriority="" highlight="" highlightimage="" highlightimagename="" idMateria="22934160">
  <body>
    <Identifica><![CDATA[ PORTARIA N° 1.101, DE 15 DE JULHO DE 2025]]></Identifica>
    <Data><![CDATA[]]></Data>
    <Ementa />
    <Titulo />
    <SubTitulo />
    <Texto><![CDATA[<p class="identifica">PORTARIA N° 1.101, DE 15 DE JULHO DE 2025</p><p>O SECRETÁRIO DE GESTÃO ADMINISTRATIVA, de acordo com o artigo 4º da portaria nº 386, de 14 de abril de 2022, e com o decreto nº 10.829, de 5 de outubro de 2021, resolve:</p><p>Dispensar ISIDORO EDUARDO AMERICANO DO BRASIL JÚNIOR, terceiro-secretário da carreira de diplomata do Ministério das Relações Exteriores, Siape nº 02470063, da função de assistente do Departamento de Integração Regional, código FCE 2.07.</p><p class="assina">DENIS FONTES DE SOUZA PINTO</p>]]></Texto>
  </body>
  <Midias />
</article></xml>