﻿<xml><article id="44721091" name="Despacho curta 30.07.2025" idOficio="11188990" pubName="DO2" artType="Despacho" pubDate="01/08/2025" artClass="00025:00127:00001:00000:00000:00000:00000:00000:00000:00000:00013:00002" artCategory="Ministério da Educação/Universidade Federal de Santa Catarina/Gabinete do Reitor" artSize="12" artNotes="" numberPage="44" pdfPage="http://pesquisa.in.gov.br/imprensa/jsp/visualiza/index.jsp?data=01/08/2025&amp;jornal=529&amp;pagina=44" editionNumber="144" highlightType="" highlightPriority="" highlight="" highlightimage="" highlightimagename="" idMateria="22944882">
  <body>
    <Identifica><![CDATA[ Despacho de  30 de julho de 2025]]></Identifica>
    <Data><![CDATA[]]></Data>
    <Ementa />
    <Titulo />
    <SubTitulo />
    <Texto><![CDATA[<p class="identifica">Despacho de 30 de julho de 2025</p><p>Reitor da Universidade Federal de Santa Catarina, no uso de suas atribuições legais e estatutárias, AUTORIZA o afastamento do país de:</p><p>ISRAEL SILVA MAIA, SIAPE 1308464, ocupante do cargo de Professor do Magistério Superior, com lotação no Departamento de Clínica Médica /CCS, para participar do evento European Respiratory Society Congress 2025, em Amsterdam/Holanda, no período de 25/09/2025 a 03/10/2025, com ônus limitado (Processo nº 23080.018553/2025-38).</p><p>RODOLFO CESAR COSTA FLESCH, SIAPE 3780728, ocupante do cargo de Professor do Magistério Superior, com lotação no Departamento de Engenharia de Automação e Sistemas/EAS/CTC, para participar de Missão de pesquisa na Universidade de Douala, em Douala/Camarões, e para participação no evento International Conference on Electrical, Computer, Communications and Mechatronics Engineering, em Zanzibar/Tanzânia, no período de 10/10/2025 a 23/10/2025, com ônus CNPQ (Processo 23080.037639/2025-60).</p><p>JEAN EVERSON MARTINA, SIAPE 1018912, ocupante do cargo de Professor do Magistério Superior, com lotação no Departamento de Informática e Estatística INE/CTC. Participação no evento: Trust Services &amp; eID Forum e no CA Day 2025, em Split, Croácia, pelo período de 21/09/2025 a 27/09/2025, com ônus limitado. (Processo nº. 23080. 038326/2025-29).</p><p class="assina">IRINEU MANOEL DE SOUZA</p>]]></Texto>
  </body>
  <Midias />
</article></xml>