﻿<xml><article id="44724209" name="P9RF175A179" idOficio="11189711" pubName="DO2" artType="Portaria" pubDate="01/08/2025" artClass="00028:00032:00435:00101:00000:00000:00000:00000:00000:00000:00017:00000" artCategory="Ministério da Fazenda/Secretaria Especial da Receita Federal do Brasil/Secretaria-Adjunta/Superintendência Regional da Receita Federal do Brasil 9ª Região Fiscal" artSize="12" artNotes="" numberPage="62" pdfPage="http://pesquisa.in.gov.br/imprensa/jsp/visualiza/index.jsp?data=01/08/2025&amp;jornal=529&amp;pagina=62" editionNumber="144" highlightType="" highlightPriority="" highlight="" highlightimage="" highlightimagename="" idMateria="22945881">
  <body>
    <Identifica><![CDATA[ PortariaS DE PESSOAL SRRF09 DE 30 DE JULHO DE 2025]]></Identifica>
    <Data><![CDATA[]]></Data>
    <Ementa />
    <Titulo />
    <SubTitulo />
    <Texto><![CDATA[<p class="identifica">PortariaS DE PESSOAL SRRF09 DE 30 DE JULHO DE 2025</p><p>O SUPERINTENDENTE DA RECEITA FEDERAL DO BRASIL DA 9ª REGIÃO FISCAL, no uso da competência que lhe foi subdelegada pela Portaria RFB nº 345, de 24 de agosto de 2023, publicada no DOU de 28 de agosto de 2023, e considerando o disposto no artigo 3º da Portaria RFB nº 340, de 14 de agosto de 2023, e o que consta no e-Processo nº 10906.272606/2025-61, resolve:</p><p>Nº 175 - Dispensar o Auditor-Fiscal da Receita Federal do Brasil ALEXANDRE ANDRADE DE QUEIROZ, matrícula Siapecad nº 01220619, da Função Comissionada Executiva de Chefe de Serviço de Controle Processual da Superintendência da Receita Federal do Brasil da 9ª Região Fiscal, Código FCE-1.05.</p><p>Nº 176 - Dispensar o Analista-Tributário da Receita Federal do Brasil GUSTAVO POLAK, matrícula Siapecad nº 01811797, da Função Gratificada de Assistente I da Superintendência da Receita Federal do Brasil da 9ª Região Fiscal, Código FG-1.</p><p>Nº 177 - Dispensar o Analista-Tributário da Receita Federal do Brasil GUSTAVO POLAK, matrícula Siapecad nº 01811797, do encargo de Substituto Eventual do Chefe de Serviço de Controle Processual da Superintendência da Receita Federal do Brasil da 9ª Região Fiscal, Código FCE-1.05.</p><p>Nº 178 - Designar o Analista-Tributário da Receita Federal do Brasil GUSTAVO POLAK, matrícula Siapecad nº 01811797, para exercer a Função Comissionada Executiva de Chefe de Serviço de Controle Processual da Superintendência da Receita Federal do Brasil da 9ª Região Fiscal, Código FCE-1.05.</p><p>Nº 179 - Designar o Analista-Tributário da Receita Federal do Brasil LEONARDO DA SILVA GALVAO, matrícula Siapecad 01879155, para exercer o encargo de Substituto Eventual do Chefe de Serviço de Controle Processual da Superintendência da Receita Federal do Brasil da 9ª Região Fiscal, Código FCE-1.05.</p><p class="assina">FABIO EDUARDO BOSCHI</p>]]></Texto>
  </body>
  <Midias />
</article></xml>