﻿<xml><article id="44718379" name="DOU02_ATO_SEGEP_PR_101_2025" idOficio="11188604" pubName="DO2" artType="Ato" pubDate="01/08/2025" artClass="00070:00061:00001:00000:00000:00000:00000:00000:00000:00000:00001:00000" artCategory="Poder Judiciário/Tribunal Regional do Trabalho da 20ª Região/Presidência" artSize="12" artNotes="" numberPage="113" pdfPage="http://pesquisa.in.gov.br/imprensa/jsp/visualiza/index.jsp?data=01/08/2025&amp;jornal=529&amp;pagina=113" editionNumber="144" highlightType="" highlightPriority="" highlight="" highlightimage="" highlightimagename="" idMateria="22944416">
  <body>
    <Identifica><![CDATA[ ATO  SEGEP.PR Nº 101, DE 30 DE JULHO DE 2025]]></Identifica>
    <Data><![CDATA[]]></Data>
    <Ementa />
    <Titulo />
    <SubTitulo />
    <Texto><![CDATA[<p class="identifica">ATO SEGEP.PR Nº 101, DE 30 DE JULHO DE 2025</p><p>O DESEMBARGADOR PRESIDENTE DO TRIBUNAL REGIONAL DO TRABALHO DA 20ª REGIÃO, no uso de suas atribuições legais e regimentais, considerando contido no PROAD Nº 2165/2025, resolve:</p><p>Nomear o candidato MOISES JUNIO FAGUNDES DOS SANTOS, aprovado em 8º lugar, em concurso público homologado pela Resolução Administrativa nº 29/2025, de 6/6/2025, nos termos do art. 9º, inciso I e art. 10, da Lei nº 8.112, de 11 de dezembro de 1990, para exercer, em caráter efetivo, o cargo da carreira judiciária de Técnico Judiciário - Área Apoio Especializado - Especialidade Tecnologia da Informação, Classe "A", Padrão 1, do Quadro Permanente de Pessoal da Secretaria deste Tribunal, em vaga decorrente da vacância por posse em outro cargo público inacumulável de Levi da Costa Mota, conforme Ato SEGEP.PR nº 133/2024, considerando o termo de desistência apresentado pelo candidato classificado em 7º lugar, José Valter da Silva Junior.</p><p class="assina">Des. JOSENILDO DOS SANTOS CARVALHO</p>]]></Texto>
  </body>
  <Midias />
</article></xml>