﻿<xml><article id="44718355" name="ATO PRES-TRF2 NA 447" idOficio="11071772" pubName="DO2" artType="Ato" pubDate="01/08/2025" artClass="00070:00008:00001:00000:00000:00000:00000:00000:00000:00000:00001:00000" artCategory="Poder Judiciário/Tribunal Regional Federal da 2ª Região/Presidência" artSize="12" artNotes="" numberPage="101" pdfPage="http://pesquisa.in.gov.br/imprensa/jsp/visualiza/index.jsp?data=01/08/2025&amp;jornal=529&amp;pagina=101" editionNumber="144" highlightType="" highlightPriority="" highlight="" highlightimage="" highlightimagename="" idMateria="22756359">
  <body>
    <Identifica><![CDATA[ Ato PRES/TRF2 Nº 447, DE 4 DE junho DE 2025]]></Identifica>
    <Data><![CDATA[]]></Data>
    <Ementa />
    <Titulo />
    <SubTitulo />
    <Texto><![CDATA[<p class="identifica">Ato PRES/TRF2 Nº 447, DE 4 DE junho DE 2025</p><p>O PRESIDENTE DO TRIBUNAL REGIONAL FEDERAL DA 2ª REGIÃO, no uso de suas atribuições legais e regimentais, considerando o que consta no Processo SEI nº 0010886-48.2025.4.02.8000, resolve:</p><p>I - EXONERAR o servidor SAMUEL LOPES MOREIRA, Técnico Judiciário, Área Administrativa, do Quadro de Pessoal deste Tribunal, do cargo em comissão de Assessor Judiciário, CJ-2, do Gabinete do Exmo. Desembargador Federal Flávio Oliveira Lucas, e NOMEÁ-LO para o cargo em comissão de Assessor de Gestão de Metas, CJ-1, do referido Gabinete, em vaga decorrente da exoneração de Simone Pires Lemes;</p><p>II - EXONERAR a servidora SIMONE PIRES LEMES, Técnica Judiciária, Área Administrativa, do Quadro de Pessoal da Seção Judiciária do Rio de Janeiro, ora à disposição deste Tribunal, do cargo em comissão de Assessora de Gestão de Metas, CJ-1 do Gabinete do Exmo. Desembargador Federal Flávio Oliveira Lucas, e NOMEÁ-LA para o cargo em comissão de Assessora Judiciária, CJ-2, do referido Gabinete, em vaga decorrente da exoneração de Samuel Lopes Moreira.</p><p class="assina">LUIZ PAULO DA SILVA ARAÚJO FILHO</p>]]></Texto>
  </body>
  <Midias />
</article></xml>