﻿<xml><article id="44717083" name="PORTARIA -7689 - RICARDO VIDAL" idOficio="11188605" pubName="DO2" artType="Portaria" pubDate="01/08/2025" artClass="00029:00034:00000:00000:00000:00000:00000:00000:00000:00000:00017:00000" artCategory="Ministério da Gestão e da Inovação em Serviços Públicos/Secretaria de Gestão e Inovação" artSize="12" artNotes="" numberPage="63" pdfPage="http://pesquisa.in.gov.br/imprensa/jsp/visualiza/index.jsp?data=01/08/2025&amp;jornal=529&amp;pagina=63" editionNumber="144" highlightType="" highlightPriority="" highlight="" highlightimage="" highlightimagename="" idMateria="22944417">
  <body>
    <Identifica><![CDATA[ Portaria de Pessoal SEGES/MGI Nº 7.689, DE 30 DE julho DE 2025]]></Identifica>
    <Data><![CDATA[]]></Data>
    <Ementa />
    <Titulo />
    <SubTitulo />
    <Texto><![CDATA[<p class="identifica">Portaria de Pessoal SEGES/MGI Nº 7.689, DE 30 DE julho DE 2025</p><p>O SECRETÁRIO DE GESTÃO E INOVAÇÃO DO MINISTÉRIO DA GESTÃO E DA INOVAÇÃO EM SERVIÇOS PÚBLICOS, no uso da competência que lhe foi subdelegada pelo art. 25 da Portaria MGI nº 572, de 8 de março de 2023, considerando o disposto no art. 93 da Lei nº 8.112, de 11 de dezembro de 1990, regulamentado pelo Decreto nº 10.835, de 14 de outubro de 2021, o disposto no art. 18 da Lei nº 11.890, de 24 de dezembro de 2008, e demais informações que constam do Processo nº 19973.012197/2025-17, resolve:</p><p>Art. 1º Ceder o servidor RICARDO VIDAL DE ABREU, matrícula SIAPE nº 4238799, pertencente ao Quadro de Pessoal deste Ministério, para exercício de cargo em comissão no Ministério da Saúde, em Brasília/DF.</p><p>Art. 2º O ônus pela remuneração é do órgão cedente.</p><p>Art. 3º O servidor deverá apresentar-se imediatamente ao órgão cedente ao término da cessão, observando o disposto no art. 8º do Decreto nº 10.835, de 14 de outubro de 2021.</p><p>Art. 4º Torna-se sem efeito o disposto nesta Portaria caso o servidor não se apresente ao órgão cessionário no prazo de trinta dias.</p><p>Art. 5º Esta Portaria entra em vigor na data da sua publicação.</p><p class="assina">ROBERTO POJO</p>]]></Texto>
  </body>
  <Midias />
</article></xml>