﻿<xml><article id="44722382" name="15 dispensa David da COAPAC" idOficio="11189252" pubName="DO2" artType="Portaria" pubDate="01/08/2025" artClass="00025:00077:00014:00000:00000:00000:00000:00000:00000:00000:00017:00003" artCategory="Ministério da Educação/Instituto Federal de Educação, Ciência e Tecnologia do Rio Grande do Norte/Campus Natal-Zona Norte" artSize="12" artNotes="" numberPage="26" pdfPage="http://pesquisa.in.gov.br/imprensa/jsp/visualiza/index.jsp?data=01/08/2025&amp;jornal=529&amp;pagina=26" editionNumber="144" highlightType="" highlightPriority="" highlight="" highlightimage="" highlightimagename="" idMateria="22945226">
  <body>
    <Identifica><![CDATA[ PORTARIA Nº 247, DE 30 DE JULHO DE 2025]]></Identifica>
    <Data><![CDATA[]]></Data>
    <Ementa />
    <Titulo />
    <SubTitulo />
    <Texto><![CDATA[<p class="identifica">PORTARIA Nº 247, DE 30 DE JULHO DE 2025</p><p>O DIRETOR-GERAL DO CAMPUS NATAL - ZONA NORTE DO INSTITUTO FEDERAL DE EDUCAÇÃO, CIÊNCIA E TECNOLOGIA DO RIO GRANDE DO NORTE, no uso de suas atribuições delegadas pela Portaria nº 1.630/2023-RE/IFRN, de 27 de setembro de 2023, e CONSIDERANDO o que consta no processo nº 23058.001522.2025-25, de 29/07/2025, resolve:</p><p>Art. 1° DISPENSAR, a partir de 1º de agosto de 2025, o servidor David Emmanoel Barbosa Gomes, matrícula SIAPE nº 1673898, do cargo de confiança de Coordenador de Apoio Acadêmico (FG.2), integrante da Estrutura Administrativa deste Campus, para o qual foi designado por meio da Portaria nº 118/2023-DG/ZN, de 19 de abril de 2023.</p><p>Art. 2° Esta portaria entra em vigor na data de sua publicação.</p><p class="assina">EDMILSON BARBALHO CAMPOS NETO</p>]]></Texto>
  </body>
  <Midias />
</article></xml>