﻿<xml><article id="44728488" name="PORTARIA N 4.238_22945987" idOficio="11189788" pubName="DO2" artType="Portaria" pubDate="01/08/2025" artClass="00071:00232:00000:00000:00000:00000:00000:00000:00000:00000:00017:00000" artCategory="Entidades de Fiscalização do Exercício das Profissões Liberais/Conselho Regional de Educação Física da 4ª Região" artSize="12" artNotes="" numberPage="115" pdfPage="http://pesquisa.in.gov.br/imprensa/jsp/visualiza/index.jsp?data=01/08/2025&amp;jornal=529&amp;pagina=115" editionNumber="144" highlightType="" highlightPriority="" highlight="" highlightimage="" highlightimagename="" idMateria="22945987">
  <body>
    <Identifica><![CDATA[ PORTARIA CREF4/SP N° 4.238, DE 28 DE JULHO DE 2025]]></Identifica>
    <Data><![CDATA[]]></Data>
    <Ementa />
    <Titulo />
    <SubTitulo />
    <Texto><![CDATA[<p class="identifica">PORTARIA CREF4/SP N° 4.238, DE 28 DE JULHO DE 2025</p><p>O Presidente do Conselho Regional de Educação Física da 4ª Região - CREF4/SP, no uso de suas atribuições que lhe conferem a Lei nº 9696/98, alterada pela Lei nº 14.386,</p><p>CONSIDERANDO o disposto no Art. 10 do Decreto nº 9.373/2018, que trata dos procedimentos necessários para desfazimento dos bens inservíveis no âmbito da Administração Pública Federal Direta, Autárquica e Fundacional;</p><p>CONSIDERANDO a deliberação da 298ª Reunião Plenária Ordinária do CREF4/SP, realizada em 26 de julho de 2025;</p><p>CONSIDERANDO a necessidade de desfazimento de bens inservíveis do CREF4/SP, resolve:</p><p>Art. 1º - Criar a Comissão de Desfazimento do CREF4/SP;</p><p>Art. 2º - Nomear os funcionários do CREF4/SP a seguir designados, para integrar a Comissão de Desfazimento do CREF4/SP:</p><p> André Ricardo Braz</p><p> Heliane Cornachini de Freitas</p><p> Patrícia Trigo Ferreira Lima</p><p> Roseli Borges de Oliveira Araújo</p><p> Sonia Henrique de Paiva</p><p>Art. 3º - Esta Portaria entra em vigor nesta data.</p><p class="assina">RIALDO TAVARES</p>]]></Texto>
  </body>
  <Midias />
</article></xml>