﻿<xml><article id="44721019" name="PORTARIA PARA PUBLICACAO" idOficio="11188963" pubName="DO2" artType="Portaria" pubDate="01/08/2025" artClass="00029:00035:00015:00009:00000:00000:00000:00000:00000:00000:00017:00000" artCategory="Ministério da Gestão e da Inovação em Serviços Públicos/Secretaria de Gestão de Pessoas/Diretoria de Serviços de Aposentados e de Pensionistas e Órgãos Extintos/Divisão de Pessoal no Ex-Território Federal de Rondônia" artSize="12" artNotes="" numberPage="68" pdfPage="http://pesquisa.in.gov.br/imprensa/jsp/visualiza/index.jsp?data=01/08/2025&amp;jornal=529&amp;pagina=68" editionNumber="144" highlightType="" highlightPriority="" highlight="" highlightimage="" highlightimagename="" idMateria="22944854">
  <body>
    <Identifica><![CDATA[ Portaria MGI Nº 6.136, DE 29 DE JULHO DE 2025]]></Identifica>
    <Data><![CDATA[]]></Data>
    <Ementa />
    <Titulo />
    <SubTitulo />
    <Texto><![CDATA[<p class="identifica">Portaria MGI Nº 6.136, DE 29 DE JULHO DE 2025</p><p>A CHEFE DA DIVISÃO DE PESSOAL NO EX-TERRITÓRIO FEDERAL DE RONDÔNIA DA DIRETORIA DE SERVIÇOS DE APOSENTADOS E DE PENSIONISTAS E ÓRGÃOS EXTINTOS DA SECRETARIA DE PESSOAS DO MINISTÉRIO DA GESTÃO E DA INOVAÇÃO EM SERVIÇOS PÚBLICOS, no uso da competência que lhe foi delegada pela Portaria SGP/MGI nº 10.341, de 4 de setembro de 2024, publicada no DOU de 5 de setembro de 2024, resolve:</p><p>Art. 1º Enquadrar a servidora ALDENIR PEDRINA MOREIRA DENNY DE SOUZA, matrícula SIAPE nº 6697579 na Carreira de Magistério do Ensino Básico, Técnico e Tecnológico, estruturada pela Lei 12.772, de 28 de dezembro de 2012, com posicionamento na Classe C, Nível 4, fundamentada na Portaria MEC Nº 305, de 27 de JULHO de 2025. (Processo nº 14022.065765/2024-27)</p><p>Art. 2º Esta Portaria entra em vigor da data de sua publicação.</p><p class="assina">SANDRA MARIA FERREIRA DA SILVA</p>]]></Texto>
  </body>
  <Midias />
</article></xml>