﻿<xml><article id="44717497" name="PORTARIA n.A 2054 DE 25 DE JULHO" idOficio="11178331" pubName="DO2" artType="Portaria" pubDate="01/08/2025" artClass="00025:00102:00000:00000:00000:00000:00000:00000:00000:00000:00013:00012" artCategory="Ministério da Educação/Universidade Federal Fluminense" artSize="12" artNotes="" numberPage="35" pdfPage="http://pesquisa.in.gov.br/imprensa/jsp/visualiza/index.jsp?data=01/08/2025&amp;jornal=529&amp;pagina=35" editionNumber="144" highlightType="" highlightPriority="" highlight="" highlightimage="" highlightimagename="" idMateria="22926552">
  <body>
    <Identifica><![CDATA[ PORTARIA nº 2.054, DE 25 DE JULHO DE 2025]]></Identifica>
    <Data><![CDATA[]]></Data>
    <Ementa />
    <Titulo />
    <SubTitulo />
    <Texto><![CDATA[<p class="identifica">PORTARIA nº 2.054, DE 25 DE JULHO DE 2025</p><p>O REITOR DA UNIVERSIDADE FEDERAL FLUMINENSE, no uso de suas atribuições, e tendo em vista o que consta do Processo UFF n.º 23069.158896/2022-40, resolve:</p><p>Conceder aposentadoria voluntária a ANDRE LUIZ DA CONCEICAO, matrícula SIAPE nº 304533, ocupante do cargo de - Assistente de laboratório, código 701437, Nível de Classificação C, Padrão de Vencimentos 19, do Quadro de Pessoal Permanente desta Universidade, código de vaga 234281, com fundamento no artigo 3º da Emenda Constitucional nº 47/2005, c/c o artigo 3º da Emenda Constitucional nº 103/2019, com proventos integrais, cumulativamente com o adicional por tempo de serviço no percentual de 26% (vinte e seis por cento).</p><p class="assina">ANTONIO CLAUDIO LUCAS DA NOBREGA</p>]]></Texto>
  </body>
  <Midias />
</article></xml>