﻿<xml><article id="44717863" name="port 3699e70 2025" idOficio="11187489" pubName="DO2" artType="Portaria" pubDate="01/08/2025" artClass="00025:00129:00001:00000:00000:00000:00000:00000:00000:00000:00017:00002" artCategory="Ministério da Educação/Universidade Federal de São Paulo/Secretaria da Reitoria" artSize="12" artNotes="" numberPage="46" pdfPage="http://pesquisa.in.gov.br/imprensa/jsp/visualiza/index.jsp?data=01/08/2025&amp;jornal=529&amp;pagina=46" editionNumber="144" highlightType="" highlightPriority="" highlight="" highlightimage="" highlightimagename="" idMateria="22942379">
  <body>
    <Identifica><![CDATA[ PORTARIAS DE 30 DE JULHO DE 2025]]></Identifica>
    <Data><![CDATA[]]></Data>
    <Ementa />
    <Titulo />
    <SubTitulo />
    <Texto><![CDATA[<p class="identifica">PORTARIAS DE 30 DE JULHO DE 2025</p><p>A Vice-Reitora no exercício da Reitoria da Universidade Federal de São Paulo, no uso de suas atribuições legais e estatutárias, resolve:</p><p>Nº 3.699 - Dispensar a servidora SÔNIA REGINA NOZABIELLI, Matrícula SIAPE nº 1772918, da função de Coordenadora Pro tempore do Curso de Graduação em Serviço Social do Instituto Saúde e Sociedade do Campus Baixada Santista (FUC-01).</p><p>Nº 3.700 - Designar a servidora GISELE APARECIDA BOVOLENTA, Matrícula SIAPE nº 3041091, para exercer a função de Coordenadora do Curso de Graduação em Serviço Social do Instituto Saúde e Sociedade do Campus Baixada Santista (FUC-01).</p><p class="assina">LIA RITA AZEREDO BITTENCOURT</p>]]></Texto>
  </body>
  <Midias />
</article></xml>