﻿<xml><article id="44717686" name="PORTARIA N 1.092_22944102" idOficio="11188347" pubName="DO2" artType="Portaria" pubDate="01/08/2025" artClass="00033:00002:00000:00000:00000:00000:00000:00000:00000:00000:00017:00003" artCategory="Ministério da Justiça e Segurança Pública/Secretaria Executiva" artSize="12" artNotes="" numberPage="72" pdfPage="http://pesquisa.in.gov.br/imprensa/jsp/visualiza/index.jsp?data=01/08/2025&amp;jornal=529&amp;pagina=72" editionNumber="144" highlightType="" highlightPriority="" highlight="" highlightimage="" highlightimagename="" idMateria="22944102">
  <body>
    <Identifica><![CDATA[ PORTARIA DE PESSOAL SE/MJSP Nº 1.092, DE 29 DE JULHO DE 2025]]></Identifica>
    <Data><![CDATA[]]></Data>
    <Ementa />
    <Titulo />
    <SubTitulo />
    <Texto><![CDATA[<p class="identifica">PORTARIA DE PESSOAL SE/MJSP Nº 1.092, DE 29 DE JULHO DE 2025</p><p>O SECRETÁRIO-EXECUTIVO DO MINISTÉRIO DA JUSTIÇA E SEGURANÇA PÚBLICA, no uso da competência que lhe foi subdelegada pela Portaria MJSP nº 665, de 24 de junho de 2024, e tendo em vista o disposto no Decreto nº 1.387, de 7 de fevereiro de 1995, resolve:</p><p>Homologar o afastamento do país, com ônus, tudo em conformidade com o contido no Processo nº 08200.014672/2025-14, tramitado em caráter restrito.</p><p class="assina">MANOEL CARLOS DE ALMEIDA NETO</p>]]></Texto>
  </body>
  <Midias />
</article></xml>