﻿<xml><article id="44724452" name="Portaria52-2025 - DISPENSA TTC -" idOficio="11189775" pubName="DO2" artType="Portaria" pubDate="01/08/2025" artClass="00016:00012:00025:00006:00000:00000:00000:00000:00000:00000:00017:00000" artCategory="Ministério da Defesa/Comando da Marinha/Diretoria-Geral do Material/Diretoria de Engenharia Naval" artSize="12" artNotes="" numberPage="14" pdfPage="http://pesquisa.in.gov.br/imprensa/jsp/visualiza/index.jsp?data=01/08/2025&amp;jornal=529&amp;pagina=14" editionNumber="144" highlightType="" highlightPriority="" highlight="" highlightimage="" highlightimagename="" idMateria="22945956">
  <body>
    <Identifica><![CDATA[ PORTARIA Nº 52/DEN, DE 2 DE JULHO DE 2025]]></Identifica>
    <Data><![CDATA[]]></Data>
    <Ementa />
    <Titulo />
    <SubTitulo />
    <Texto><![CDATA[<p class="identifica">PORTARIA Nº 52/DEN, DE 2 DE JULHO DE 2025</p><p>O DIRETOR DE ENGENHARIA NAVAL, no uso da delegação de competência prevista art. 1º da Portaria nº 72, de 12 de maio de 2021, do Diretor-Geral do Material da Marinha, e de acordo com o contido na DGPM-314 (6ª Revisão) - Normas sobre Tarefa por Tempo Certo e Designação para o Serviço Ativo, resolve:</p><p>Art. 1º Dispensar "ex offício", a partir de 26 de setembro de 2025, o CMG (RM1) 85.7469.83 LUCIANO MULLER VIDAL, da prestação de Tarefa por Tempo Certo, prevista na Portaria nº 113, de 23 de novembro de 2023, desta Diretoria, de acordo com o contido no inciso 2.9.1, da DGPM-314 (6ª Revisão).</p><p>Art. 2º Esta Portaria entra em vigor a partir do dia 26 de setembro de 2025.</p><p class="assina">VA (EN) ROGÉRIO CORRÊA BORGES</p>]]></Texto>
  </body>
  <Midias />
</article></xml>