﻿<xml><article id="44717401" name="Port nA 36-PTTC-EME_Nomeacao_Cel" idOficio="11188524" pubName="DO2" artType="Portaria" pubDate="01/08/2025" artClass="00016:00011:00031:00000:00000:00000:00000:00000:00000:00000:00017:00036" artCategory="Ministério da Defesa/Comando do Exército/Estado-Maior do Exército" artSize="12" artNotes="" numberPage="13" pdfPage="http://pesquisa.in.gov.br/imprensa/jsp/visualiza/index.jsp?data=01/08/2025&amp;jornal=529&amp;pagina=13" editionNumber="144" highlightType="" highlightPriority="" highlight="" highlightimage="" highlightimagename="" idMateria="22944321">
  <body>
    <Identifica><![CDATA[ PORTARIA Nº 36 - PTTC/EME, DE 30 DE JULHO DE 2025]]></Identifica>
    <Data><![CDATA[]]></Data>
    <Ementa />
    <Titulo />
    <SubTitulo />
    <Texto><![CDATA[<p class="identifica">PORTARIA N <sup>º</sup> 36 - PTTC/EME, DE 30 DE JULHO DE 2025</p><p>O CHEFE DO ESTADO-MAIOR DO EXÉRCITO, no uso da competência que lhe foi conferida pelo Inciso III, Prf 1º, art. 6º da Portaria nº 218-Comandante do Exército, de 20 de março de 2017, resolve:</p><p>NOMEAR: o Coronel da Reserva Remunerada, (Idt: 020369344-5), FREDMAR CABRAL DE OLIVEIRA JUNIOR, Prec-CP: 14 1881119, no Estado-Maior do Exército (Brasília-DF), como Prestador de Tarefa por Tempo Certo, para execução da tarefa de Analista da Seção de Política e Estratégia, na 1ª Subchefia do EME, pelo prazo de 24 (vinte e quatro) meses, a partir de 1º de agosto de 2025.</p><p class="assina">Gen Ex RICHARD FERNANDEZ NUNES</p>]]></Texto>
  </body>
  <Midias />
</article></xml>