﻿<xml><article id="44718169" name="Portarias de 30-07-2025" idOficio="11187340" pubName="DO2" artType="Portaria" pubDate="01/08/2025" artClass="00025:00062:00001:00000:00000:00000:00000:00000:00000:00000:00017:00000" artCategory="Ministério da Educação/Instituto Federal de Educação, Ciência e Tecnologia do Espírito Santo/Reitoria" artSize="12" artNotes="" numberPage="23" pdfPage="http://pesquisa.in.gov.br/imprensa/jsp/visualiza/index.jsp?data=01/08/2025&amp;jornal=529&amp;pagina=23" editionNumber="144" highlightType="" highlightPriority="" highlight="" highlightimage="" highlightimagename="" idMateria="22942162">
  <body>
    <Identifica><![CDATA[ PORTARIAS 30 DE JULHO DE 2025]]></Identifica>
    <Data><![CDATA[]]></Data>
    <Ementa />
    <Titulo />
    <SubTitulo />
    <Texto><![CDATA[<p class="identifica">PORTARIAS 30 DE JULHO DE 2025</p><p>O REITOR DO INSTITUTO FEDERAL DE EDUCAÇÃO, CIÊNCIA E TECNOLOGIA DO ESPÍRITO SANTO, nomeado pelo Decreto MEC de 19.10.2021, publicado no DOU de 20.10.2021, seção 2, página 1, no uso de suas atribuições legais, resolve:</p><p>Nº 2.267 - Processo n° 23150.002080/2025-86 - Art. 1º Retificar a Portaria nº 2244, de 28.07.2025, publicado no DOU em 29.07.2025, seção 2, pág. 37, referente à Vacância - JACKSON RICARDO MARCELINO BRAZ, passando o texto a vigorar com a seguinte redação: onde se lê "Art. 1º Declarar vago, a partir de 11 de julho de 2025, o cargo de TECNICO DE LABORATORIO / ÁREA, do Quadro de Pessoal do Ifes, do Campus Aracruz, ocupado por JACKSON RICARDO MARCELINO BRAZ, matrícula SIAPE 1918442, em virtude de posse em outro cargo inacumulável, nos termos do artigo 33, inciso VIII, da Lei nº 8.112/90", leia-se "Art. 1º Exonerar, a pedido, JACKSON RICARDO MARCELINO BRAZ, matrícula SIAPE 1918442, do cargo de TECNICO DE LABORATORIO / ÁREA do Quadro de Pessoal deste Ifes, Campus Aracruz, em conformidade com o artigo 34 da Lei nº 8.112/90.</p><p>Art. 2º Declarar vago o referido cargo". Art. 2º Ficam mantidos os demais termos da referida Portaria.</p><p>Nº 2.268 - Processo n° 23149.002804/2025-21 - Art. 1º Conceder aposentadoria voluntária ao servidor Marco Antonio Piccolo, matrícula SIAPE 1096719, ocupante do cargo de Professor de Ensino Básico, Técnico e Tecnológico, lotado no Ifes - Campus de Alegre, com fundamento no art. 4º, § 4º, § 6º, inciso I e § 8º da Emenda Constitucional nº 103/2019.</p><p>Art. 2º Declarar vago o referido cargo.</p><p>Nº 2.269 - Processo n° 23149.002679/2025-59 - Art. 1º Designar GIOVANI COSTA DE OLIVEIRA, matrícula SIAPE 2865908, para exercer a Função Gratificada, código FG-2, de Coordenador da Coordenadoria de Gestão de Contratos da Estrutura Administrativa do Campus de Alegre do Ifes.</p><p class="assina">Jadir Jose Pela</p>]]></Texto>
  </body>
  <Midias />
</article></xml>