﻿<xml><article id="44721139" name="601 - ALAN E ANDREW - FC-6" idOficio="11188977" pubName="DO2" artType="Portaria" pubDate="01/08/2025" artClass="00070:00004:00001:00002:00000:00000:00000:00000:00000:00000:00017:00011" artCategory="Poder Judiciário/Superior Tribunal de Justiça/Presidência/Secretaria" artSize="12" artNotes="" numberPage="99" pdfPage="http://pesquisa.in.gov.br/imprensa/jsp/visualiza/index.jsp?data=01/08/2025&amp;jornal=529&amp;pagina=99" editionNumber="144" highlightType="" highlightPriority="" highlight="" highlightimage="" highlightimagename="" idMateria="22944910">
  <body>
    <Identifica><![CDATA[ Portaria STJ/GDG Nº 601, DE 30 DE julho DE 2025]]></Identifica>
    <Data><![CDATA[]]></Data>
    <Ementa />
    <Titulo />
    <SubTitulo />
    <Texto><![CDATA[<p class="identifica">Portaria STJ/GDG Nº 601, DE 30 DE julho DE 2025</p><p>O DIRETOR-GERAL DA SECRETARIA DO SUPERIOR TRIBUNAL DE JUSTIÇA, com base no item 21.2.3, XI, b, do Anexo da Instrução Normativa STJ/GP n. 19 de 11 de junho de 2025 e no disposto no caput do art. 38 da Lei n. 8.112, de 11 de dezembro de 1990, resolve:</p><p>Art. 1º Designar ALAN QUEIROZ CHAVES, matrícula S072979, para substituir o Chefe da Seção de Contadoria, código FC-6, da Coordenadoria de Processamento de Feitos em Execução Judicial, da Secretaria de Processamento de Feitos, em seus afastamentos e impedimentos legais ou regulamentares e na vacância da função de confiança.</p><p>Art. 2º Revogar a designação de ANDREW ROCHA DAVIDIS, matrícula S063961, objeto da Portaria STJ/GP n. 468 de 22 de agosto de 2024, publicada no Diário Oficial da União do dia 23 subsequente.</p><p>Art. 3º Esta portaria entra em vigor na data de sua publicação.</p><p class="assina">SERGIO JOSÉ AMERICO PEDREIRA</p>]]></Texto>
  </body>
  <Midias />
</article></xml>