﻿<xml><article id="44717560" name="PORTARIA N 724_22944289" idOficio="11188445" pubName="DO2" artType="Portaria" pubDate="01/08/2025" artClass="00011:00021:00000:00000:00000:00000:00000:00000:00000:00000:00017:00000" artCategory="Ministério das Cidades/Secretaria Nacional de Saneamento Ambiental" artSize="12" artNotes="" numberPage="5" pdfPage="http://pesquisa.in.gov.br/imprensa/jsp/visualiza/index.jsp?data=01/08/2025&amp;jornal=529&amp;pagina=5" editionNumber="144" highlightType="" highlightPriority="" highlight="" highlightimage="" highlightimagename="" idMateria="22944289">
  <body>
    <Identifica><![CDATA[ PORTARIA N° 724, DE 21 DE JULHO DE 2025]]></Identifica>
    <Data><![CDATA[]]></Data>
    <Ementa />
    <Titulo />
    <SubTitulo />
    <Texto><![CDATA[<p class="identifica">PORTARIA N° 724, DE 21 DE JULHO DE 2025</p><p>O SECRETÁRIO NACIONAL DE SANEAMENTO AMBIENTAL DO MINISTÉRIO DAS CIDADES no uso da competência que lhe foi delegada pelo art. 9º da Portaria MCID nº 535, de 15 de maio de 2023, considerando o disposto no art. 38 da Lei nº 8.112, de 11 de dezembro de 1990, no Decreto nº 11.468, de 5 de abril de 2023, e o constante do Processo SEI nº 80000.007139/2025-80, resolve:</p><p>DESIGNAR JOENE MARIA TENORIO MENDONCA, matrícula Siape nº 1648503, para exercer o encargo de substituta eventual do cargo comissionado executivo de Coordenador-Geral da Coordenação-Geral de Saneamento em Pequenos Municípios do Departamento de Saneamento Rural e de Pequenos Municípios da Secretaria Nacional de Saneamento Ambiental, código CCE 1.13, deste Ministério, no período de 17 de julho a 5 de agosto de 2025, sem prejuízo do cargo que ocupa.</p><p class="assina">LEONARDO CARNEIRO MONTEIRO PICCIANI</p>]]></Texto>
  </body>
  <Midias />
</article></xml>