﻿<xml><article id="44717665" name="Portaria NA 2033 DE 25 DE julho " idOficio="11182095" pubName="DO2" artType="Portaria" pubDate="01/08/2025" artClass="00025:00102:00000:00000:00000:00000:00000:00000:00000:00000:00013:00010" artCategory="Ministério da Educação/Universidade Federal Fluminense" artSize="12" artNotes="" numberPage="34" pdfPage="http://pesquisa.in.gov.br/imprensa/jsp/visualiza/index.jsp?data=01/08/2025&amp;jornal=529&amp;pagina=34" editionNumber="144" highlightType="" highlightPriority="" highlight="" highlightimage="" highlightimagename="" idMateria="22932709">
  <body>
    <Identifica><![CDATA[ PORTARIA Nº 2.033, DE 25 DE JULHO DE 2025]]></Identifica>
    <Data><![CDATA[]]></Data>
    <Ementa />
    <Titulo />
    <SubTitulo />
    <Texto><![CDATA[<p class="identifica">PORTARIA Nº 2.033, DE 25 DE JULHO DE 2025</p><p>O REITOR da Universidade Federal Fluminense, no uso de suas atribuições, e tendo em vista o que consta do Processo UFF n.º 23069.153605/2024-99, resolve:</p><p>Conceder aposentadoria voluntária a MARCIA LEITE FERNANDES, matrícula SIAPE nº 362633, ocupante do cargo de Bibliotecário-Documentalista, código 701010, Nível de Classificação E, Padrão de Vencimentos 016, do Quadro de Pessoal Permanente desta Universidade, código de vaga 863100, com fundamento no artigo 40, § 1º, inciso III, alínea b, da Constituição Federal de 05/10/88 com a redação dada pela Emenda Constitucional nº 41/03, c/c o artigo 3º da Emenda Constitucional nº 103/2019, com proventos proporcionais calculados com base no artigo 1º da Lei n.º 10.887/04.</p><p class="assina">ANTONIO CLAUDIO LUCAS DA NOBREGA</p>]]></Texto>
  </body>
  <Midias />
</article></xml>