﻿<xml><article id="44717413" name="JOSE DONIZETE FERREIRA" idOficio="11188637" pubName="DO2" artType="Portaria" pubDate="01/08/2025" artClass="00050:00003:00006:00010:00000:00000:00000:00000:00000:00000:00017:00000" artCategory="Ministério dos Transportes/Secretaria Executiva/Subsecretaria de Planejamento, Orçamento e Administração/Coordenação-Geral de Gestão de Pessoas" artSize="12" artNotes="" numberPage="90" pdfPage="http://pesquisa.in.gov.br/imprensa/jsp/visualiza/index.jsp?data=01/08/2025&amp;jornal=529&amp;pagina=90" editionNumber="144" highlightType="" highlightPriority="" highlight="" highlightimage="" highlightimagename="" idMateria="22944477">
  <body>
    <Identifica><![CDATA[ Portaria de Pessoal nº 224, de 28 de julho de 2025]]></Identifica>
    <Data><![CDATA[]]></Data>
    <Ementa />
    <Titulo />
    <SubTitulo />
    <Texto><![CDATA[<p class="identifica">Portaria de Pessoal nº 224, de 28 de julho de 2025</p><p>A COORDENADORA-GERAL DE GESTÃO DE PESSOAS DO MINISTÉRIO DOS TRANSPORTES, no uso das atribuições que lhe foram subdelegadas pela Portaria/SPOA nº 262, de 11 de março de 2022, publicada no Diário Oficial da União de 15 de março de 2022, tendo em vista o disposto no art. 25, da Lei nº 8.112, de 11 de dezembro de 1990, com redação dada pela Medida Provisória nº 2.088-38, de 27 de março de 2001, e reedições subsequentes, bem como o Decreto nº 3.644, de 30 de outubro de 2000, resolve:</p><p>Rescindir, a pedido, a contar de 1º de agosto de 2025, o Contrato de Trabalho do empregado público JOSE DONIZETE FERREIRA, CPF nº ***.835.021-**, ocupante do emprego de Contínuo, do Quadro de Pessoal em Extinção deste Ministério dos Transportes, nos termos do art. 477 da Consolidação das Leis do Trabalho - CLT - Decreto-Lei nº 5.452, de 1º de maio de 1943 (Processo SEI nº 50000.031296/2025-45).</p><p class="assina">LUANA DOS SANTOS BRITO</p>]]></Texto>
  </body>
  <Midias />
</article></xml>