﻿<xml><article id="44717395" name="DAYANNEPENSAOMAI2025" idOficio="11185371" pubName="DO2" artType="Portaria" pubDate="01/08/2025" artClass="00047:00002:00021:00032:00005:00000:00000:00000:00000:00000:00017:00001" artCategory="Ministério da Saúde/Secretaria Executiva/Subsecretaria de Assuntos Administrativos/Superintendência Estadual do Ministério da Saúde no Amapá/Serviço de Gestão de Pessoas" artSize="12" artNotes="" numberPage="86" pdfPage="http://pesquisa.in.gov.br/imprensa/jsp/visualiza/index.jsp?data=01/08/2025&amp;jornal=529&amp;pagina=86" editionNumber="144" highlightType="" highlightPriority="" highlight="" highlightimage="" highlightimagename="" idMateria="22939196">
  <body>
    <Identifica><![CDATA[ PORTARIA SEGEP/AP Nº 18, DE 16 DE MAIO DE 2025]]></Identifica>
    <Data><![CDATA[]]></Data>
    <Ementa />
    <Titulo />
    <SubTitulo />
    <Texto><![CDATA[<p class="identifica">PORTARIA SEGEP/AP Nº 18, DE 16 DE MAIO DE 2025</p><p>A CHEFE DO SERVIÇO DE GESTÃO DE PESSOAS/SEMS/AP no uso de suas atribuições resolve:</p><p>I - Conceder pensão vitalícia a ROSALINA LOPES DA SILVA, na qualidade de companheira, beneficiária do ex-servidor JURACY FERREIRA SALES, matrícula SIAPE nº 0499528, no cargo de Guarda de Endemias, falecido em 03/04/2025 conforme certidão de óbito matrícula nº 15676001552025400028223000832389. Com fundamento no inciso I, do art. 3º da Portaria SGP/SEDGG/ME nº 4645, de 24 de maio de 2022, c/c o art. 217 da Lei nº 8.112, de 11 de dezembro de 1990, nos artigos 23 e 24 da Emenda Constitucional nº 103, de 12 de novembro de 2019 e no art. 1º, inciso VI, da Portaria ME nº 424, de 29 de dezembro de 2020.</p><p>Art. 2º Os efeitos desta Portaria entram em vigor a partir da data do óbito, com base no art. 219, inciso I da Lei nº 8.112/1990. (Processo nº 25013.000082/2025-31)</p><p class="assina">DAYANNE CORRÊA FERREIRA</p>]]></Texto>
  </body>
  <Midias />
</article></xml>