﻿<xml><article id="44717647" name="PT 107 MAURO PORFIRIO B GUIMARAE" idOficio="11188575" pubName="DO2" artType="Portaria" pubDate="01/08/2025" artClass="00047:00002:00021:00030:00010:00000:00000:00000:00000:00000:00017:00107" artCategory="Ministério da Saúde/Secretaria Executiva/Subsecretaria de Assuntos Administrativos/Superintendência Estadual do Ministério da Saúde na Paraíba/Serviço de Gestão de Pessoas" artSize="12" artNotes="" numberPage="86" pdfPage="http://pesquisa.in.gov.br/imprensa/jsp/visualiza/index.jsp?data=01/08/2025&amp;jornal=529&amp;pagina=86" editionNumber="144" highlightType="" highlightPriority="" highlight="" highlightimage="" highlightimagename="" idMateria="22944435">
  <body>
    <Identifica><![CDATA[ Portaria Nº 107, de  30 DE JULHO DE 2025 ]]></Identifica>
    <Data><![CDATA[]]></Data>
    <Ementa />
    <Titulo />
    <SubTitulo />
    <Texto><![CDATA[<p class="identifica">Portaria Nº 107, de 30 DE JULHO DE 2025</p><p>A CHEFE DO SERVIÇO DE GESTÃO DE PESSOAS DA SUPERINTENDÊNCIA ESTADUAL DO MINISTÉRIO DA SAÚDE NA PARAÍBA, no uso das competências conferidas pela Portaria SE/MS nº 826, de 06 de setembro de 2023, publicada no Diário Oficial da União de 14 de setembro de 2023, de acordo com o Decreto nº 11.358, de 1º de janeiro de 2023, publicado no Diário Oficial da União, Edição Especial, de 1º de janeiro de 2023, alterado pelo Decreto nº 11.391, de 20 de janeiro de 2023, publicado no Diário Oficial da União nº 15-E, de 20 de janeiro de 2023 e Oficio Circular Nº 1/2023/SAA/SE/MS, do Subsecretário de Assuntos Administrativos - Substituto, resolve:</p><p>Art.1º - Conceder Aposentadoria Voluntária com proventos integrais e com paridade, ao servidor MAURO PORFIRIO BARBOSA GUIMARÃES, detentor da Matr. SIAPE 0566813, SIAPECAD 1041625, ocupante do Cargo: AGENTE DE VIGILANCIA Código do cargo:422/224, NIVEL: NI CLASSE: S PADRAO: V, Com Ingresso no Serviço Público em: 11/02/1985, oriundo do quadro de Pessoal do Ministério da Saúde na Paraíba (UPAG/PB), com fundamento no Artigo 20, § 2º, inciso I - Código 49034, da Emenda Constitucional nº 103/2019, tendo em vista o que consta nos autos do processo 25018.000875/2025-18. Data de preenchimento dos requisitos: 04/03/2025.</p><p>Art.2º - Declarar vago o cargo referido no Art. 1º</p><p>Art.3º - Esta Portaria entra em vigor na data de sua publicação.</p><p class="assina">REJANE KELLY BONFIM ELIAS</p>]]></Texto>
  </body>
  <Midias />
</article></xml>