﻿<xml><article id="44722409" name="Portaria 31.07.25 rtf" idOficio="11189305" pubName="DO2" artType="Portaria" pubDate="01/08/2025" artClass="00040:00024:00011:00005:00000:00000:00000:00000:00000:00000:00017:00000" artCategory="Ministério do Planejamento e Orçamento/Fundação Instituto Brasileiro de Geografia e Estatística/Diretoria Executiva/Coordenação de Recursos Humanos" artSize="12" artNotes="" numberPage="80" pdfPage="http://pesquisa.in.gov.br/imprensa/jsp/visualiza/index.jsp?data=01/08/2025&amp;jornal=529&amp;pagina=80" editionNumber="144" highlightType="" highlightPriority="" highlight="" highlightimage="" highlightimagename="" idMateria="22945293">
  <body>
    <Identifica><![CDATA[ PORTARIAS DE 31 DE JULHO DE 2025]]></Identifica>
    <Data><![CDATA[]]></Data>
    <Ementa />
    <Titulo />
    <SubTitulo />
    <Texto><![CDATA[<p class="identifica">PORTARIAS DE 31 DE JULHO DE 2025</p><p>O COORDENADOR DE RECURSOS HUMANOS, no uso da competência que lhe foi atribuída pelo Art. 8º da Portaria PR/IBGE Nº 418, de 27 de Março de 2024, resolve:</p><p>Nº 254 Conceder aposentadoria ao servidor ALBERTO LOYOLA MONTE DA SILVA, matrícula nº 773653, ocupante do cargo efetivo de Técnico em Informações Geográficas e Estatísticas, Classe S, Padrão III, do Quadro Permanente desta Fundação, com percepção de proventos integrais, de acordo com o Art. 10, §1º, Inciso I da Emenda Constitucional nº 103/2019 e acrescido da Vantagem Pessoal Nominalmente Identificada - VPNI, Art. 62-A da Lei nº 8.112/90. Código 049027. Declarar vago o referido cargo. (Processo n° 03628.000152/2025-90).</p><p>Nº 255 Conceder aposentadoria ao servidor ANTONIO RODRIGUES BARBOSA JUNIOR, matrícula nº 1376624, ocupante do cargo efetivo de Tecnologista de Planejamento, Gestão e Infraestrutura em Informações Geográficas e Estatísticas, Classe S, Padrão III, do Quadro Permanente desta Fundação, com percepção de proventos integrais, de acordo com o Art. 20, §2º, Inciso I da Emenda Constitucional nº 103/2019. Código 049034. Declarar vago o referido cargo. (Processo n° 03631.000637/2025-24).</p><p>Nº 256 Conceder aposentadoria ao servidor CLAUDIO MENDES DE ALCANTARA, matrícula nº 763670, ocupante do cargo efetivo de Técnico em Informações Geográficas e Estatísticas, Classe S, Padrão III, do Quadro Permanente desta Fundação, com percepção de proventos integrais, de acordo com o Art. 3º da Emenda Constitucional nº 47/05 c/c art. 3º caput e §1º da Emenda Constitucional nº 103/2019. Código 049010. Declarar vago o referido cargo. (Processo n° 03606.000155/2025-81).</p><p>Nº 257 Conceder aposentadoria à servidora EDNALVA MAIA DO MONTE, matrícula nº 764825, ocupante do cargo efetivo de Técnico em Informações Geográficas e Estatísticas, Classe S, Padrão III, do Quadro Permanente desta Fundação, com percepção de proventos integrais, de acordo com o Art. 3º da Emenda Constitucional nº 47/05 c/c art. 3º caput e §1º da Emenda Constitucional nº 103/2019. Código 049010. Declarar vago o referido cargo. (Processo n° 03604.000620/2025-02).</p><p>Nº 258 Conceder aposentadoria ao servidor GERMANO AUGUSTO ZULCHNER GONÇALVES ANDRADE, matrícula nº 764720, ocupante do cargo efetivo de Analista de Planejamento, Gestão e Infraestrutura em Informações Geográficas e Estatísticas, Classe S, Padrão III, do Quadro Permanente desta Fundação, com percepção de proventos integrais, de acordo com o Art. 10, §1º, Inciso I da Emenda Constitucional nº 103/2019 e acrescido da Vantagem Pessoal Nominalmente Identificada - VPNI, Art. 62-A da Lei nº 8.112/90. Código 049027. Declarar vago o referido cargo. (Processo n° 03601.000395/2024-45).</p><p>Nº 259 Conceder aposentadoria ao servidor JOSE CARLOS VIEIRA PENTIADO, matrícula nº 766774, ocupante do cargo efetivo de Técnico em Informações Geográficas e Estatísticas, Classe S, Padrão III, do Quadro Permanente desta Fundação, com percepção de proventos integrais, de acordo com o Art. 3º da Emenda Constitucional nº 47/05 c/c art. 3º caput e §1º da Emenda Constitucional nº 103/2019. Código 049010. Declarar vago o referido cargo. (Processo n° 03604.000818/2025-88).</p><p>Nº 260 Conceder aposentadoria ao servidor LUIZ PEDRO FELGUEIRAS NETO, matrícula nº 774829, ocupante do cargo efetivo de Técnico em Informações Geográficas e Estatísticas, Classe S, Padrão III, do Quadro Permanente desta Fundação, com percepção de proventos integrais, de acordo com o Art. 3º da Emenda Constitucional nº 47/05 c/c art. 3º caput e §1º da Emenda Constitucional nº 103/2019 e acrescido da Vantagem Pessoal Nominalmente Identificada - VPNI, Art. 62-A da Lei nº 8.112/90. Código 049010. Declarar vago o referido cargo. (Processo n° 03615.000227/2025-81).</p><p>Nº 261 Conceder aposentadoria ao servidor ROGERIO ALIPIO, matrícula nº 771973, ocupante do cargo efetivo de Técnico em Informações Geográficas e Estatísticas, Classe S, Padrão III, do Quadro Permanente desta Fundação, com percepção de proventos integrais, de acordo com o Art. 3º da Emenda Constitucional nº 47/05 c/c art. 3º caput e §1º da Emenda Constitucional nº 103/2019. Código 049010. Declarar vago o referido cargo. (Processo n° 03641.000299/2025-10).</p><p>Nº 262 Conceder aposentadoria ao servidor VALCI FURTADO DA SILVA, matrícula nº 764365, ocupante do cargo efetivo de Tecnologista de Planejamento, Gestão e Infraestrutura em Informações Geográficas e Estatísticas, Classe S, Padrão III, do Quadro Permanente desta Fundação, com percepção de proventos integrais, de acordo com o Art. 3º da Emenda Constitucional nº 47/05 c/c art. 3º caput e §1º da Emenda Constitucional nº 103/2019 e acrescido da Vantagem Pessoal Nominalmente Identificada - VPNI, Art. 62-A da Lei nº 8.112/90. Código 049010. Declarar vago o referido cargo. (Processo n° 03604.000522/2025-67).</p><p class="assina">BRUNO TARANTO MALHEIROS</p>]]></Texto>
  </body>
  <Midias />
</article></xml>