﻿<xml><article id="44717491" name="Portaria de Pessoal MAPA NA 103" idOficio="11181694" pubName="DO2" artType="Portaria" pubDate="01/08/2025" artClass="00008:00002:00014:00000:00000:00000:00000:00000:00000:00000:00017:00000" artCategory="Ministério da Agricultura e Pecuária/Secretaria Executiva/Superintendência de Agricultura e Pecuária do Estado de Minas Gerais" artSize="12" artNotes="" numberPage="4" pdfPage="http://pesquisa.in.gov.br/imprensa/jsp/visualiza/index.jsp?data=01/08/2025&amp;jornal=529&amp;pagina=4" editionNumber="144" highlightType="" highlightPriority="" highlight="" highlightimage="" highlightimagename="" idMateria="22931982">
  <body>
    <Identifica><![CDATA[ PORTARIA DE PESSOAL MAPA Nº 103, DE 29 DE JULHO DE 2025]]></Identifica>
    <Data><![CDATA[]]></Data>
    <Ementa />
    <Titulo />
    <SubTitulo />
    <Texto><![CDATA[<p class="identifica">PORTARIA DE PESSOAL MAPA Nº 103, DE 29 DE JULHO DE 2025</p><p>O SUPERINTENDENTE FEDERAL DE AGRICULTURA E PECUÁRIA NO ESTADO DE MINAS GERAIS, no uso da competência que lhe foi delegada pelo artigo 1º, inciso II, da Portaria SE/MAPA nº 17, de 12 de janeiro de 2023, os arts. 41 e 50 do Anexo I ao Decreto nº 11.332, de 1º de janeiro de 2023, e tendo em vista o disposto no art. 1º, inciso IV, da Portaria SE/MAPA nº 22, de 25 de abril de 2023, e o que consta do processo nº 21028.005334/2025-06, resolve:</p><p>Art. 1º Conceder aposentadoria voluntária, com proventos integrais, ao servidor LUIS HENRIQUE CHAGAS DE LAIA, matrícula SIAPE 6007155, ocupante do cargo de AGENTE DE INSPEÇÃO SANITÁRIA E INDUSTRIAL DE PRODUTOS DE ORIGEM ANIMAL, Classe S, Padrão V, do Quadro de Pessoal deste Ministério, lotado na Coordenação do 4º Serviço de Inspeção de Produtos de Origem Animal - 4º SIPOA, que postula concessão de aposentadoria voluntária, com proventos integrais, com fundamento no inciso I, § 2°, do art. 20 da EC. 103/2019.</p><p>Art. 2º Esta portaria entra em vigor na data de sua publicação.</p><p>.</p><p class="assina">EVERTON AUGUSTO PAIVA FERREIRA</p>]]></Texto>
  </body>
  <Midias />
</article></xml>