﻿<xml><article id="44723879" name="PORTARIA NA 2843 - 2844 - 2845 -" idOficio="11189595" pubName="DO2" artType="Portaria" pubDate="01/08/2025" artClass="00025:00117:00042:00000:00000:00000:00000:00000:00000:00000:00017:00000" artCategory="Ministério da Educação/Universidade Federal de Pernambuco/Pró-Reitoria de Gestão de Pessoas e Qualidade de Vida" artSize="12" artNotes="" numberPage="41" pdfPage="http://pesquisa.in.gov.br/imprensa/jsp/visualiza/index.jsp?data=01/08/2025&amp;jornal=529&amp;pagina=41" editionNumber="144" highlightType="" highlightPriority="" highlight="" highlightimage="" highlightimagename="" idMateria="22945777">
  <body>
    <Identifica><![CDATA[ PORTARIAS DE 29 DE JULHO DE 2025]]></Identifica>
    <Data><![CDATA[]]></Data>
    <Ementa />
    <Titulo />
    <SubTitulo />
    <Texto><![CDATA[<p class="identifica">PORTARIAS DE 29 DE JULHO DE 2025</p><p>A PRÓ-REITORA SUBSTITUTA DE GESTÃO DE PESSOAS E QUALIDADE DE VIDA, DA UNIVERSIDADE FEDERAL DE PERNAMBUCO, no uso das atribuições legais e estatutárias, resolve:</p><p>Nº 2.843 - Dispensar, a partir de 04/08/2025, VANESSA MARINHO DOS SANTOS, Matrícula SIAPE n° 1855055, Assistente em Administração, em regime de trabalho de 40 horas semanais, lotado(a) no(a) Coordenação de Análise e Conformidade, da Diretoria de Licitações e Compras, da Pró-Reitoria de Administração, da função de Coordenador de Análise e Conformidade, da Diretoria de Licitações e Compras, da Pró-Reitoria de Administração, Código FG01, para a(o) qual havia sido designado(a) através da Portaria de Pessoal nº 4717/2024, de 29/11/2024. (Processo n° 23076. 059201/2025-88).</p><p>Nº 2.844 - Dispensar, a partir de 04/08/2025, BRUNO JOHNSON DE LIRA PIRES, Matrícula SIAPE n° 3452236, Assistente em Administração, em regime de trabalho de 40 horas semanais, lotado(a) no(a) Coordenação de Contratos com Dedicação Exclusiva de Mão de Obra, da Diretoria de Contratos, da PróReitoria de Administração, da função de Chefe da Divisão de Contratos de Manutenção Predial, da Coordenação de Contratos com Dedicação Exclusiva de Mão de Obra, da Diretoria de Contratos, da Pró-Reitoria de Administração, Código FG-03, para a(o) qual havia sido designado(a) através da Portaria de Pessoal nº 1626/2025, de 30/04/2025. (Processo n° 23076. 059201/2025-88).</p><p>Nº 2.845 - Designar, a partir de 04/08/2025, BRUNO JOHNSON DE LIRA PIRES, Matrícula SIAPE n° 3452236, Assistente em Administração, em regime de trabalho de 40 horas semanais, lotado(a) no(a) Coordenação de Contratos com Dedicação Exclusiva de Mão de Obra, da Diretoria de Contratos, da Pró-Reitoria de Administração, para exercer a função de Coordenador de Análise e Conformidade, da Diretoria de Licitações e Compras, da Pró-Reitoria de Administração, Código FG-01. (Processo n° 23076. 059201/2025-88).</p><p class="assina">DANIELLE FABIOLA DO NASCIMENTO</p><p class="identifica">PORTARIAS DE 30 DE JULHO DE 2025</p><p>A PRÓ-REITORA SUBSTITUTA DE GESTÃO DE PESSOAS E QUALIDADE DE VIDA, DA UNIVERSIDADE FEDERAL DE PERNAMBUCO, no uso das atribuições legais e estatutárias, resolve:</p><p>Nº 2.883 - Dispensar, a pedido, a partir de 04/08/2025, CICERO DE MEDEIROS GURGEL, Matrícula SIAPE n° 1157842, Assistente em Administração, em regime de trabalho de 40 horas semanais, lotado(a) no(a) Coordenação de Licitações, da Diretoria de Licitações e Compras, da Pró-Reitoria de Administração, da função de Coordenador de Licitações, da Diretoria de Licitações e Compras, da Pró-Reitoria de Administração, Código FG-01, para a(o) qual havia sido designado(a) através da Portaria de Pessoal nº 372/2025, d e 3 0 / 0 1 / 2 0 2 5. (Processo n° 23076. 056339/2025-53).</p><p>Nº 2.884 - Designar, a partir de 04/08/2025, VANESSA MARINHO DOS SANTOS, Matrícula SIAPE n° 1855055, Assistente em Administração, em regime de trabalho de 40 horas semanais, lotado(a) no(a) Coordenação de Análise e Conformidade, da Diretoria de Licitações e Compras, da Pró-Reitoria de Administração, para exercer a função de Coordenador de Licitações, da Diretoria de Licitações e Compras, da Pró-Reitoria de Administração, Código FG-01. (Processo n° 23076. 056339/2025-53).</p><p>Nº 2.893 - Designar, a partir de 04/08/2025, PATRICIA FERNANDA DA SILVA TRAJANO RODRIGUES, Matrícula SIAPE n° 1960222, Assistente em Administração, em regime de trabalho de 40 horas semanais, lotado(a) no(a) Divisão de Contratos de Apoio Administrativo, da Coordenação de Contratos com Dedicação Exclusiva de Mão de Obra, da Diretoria de Contratos, da PróReitoria de Administração, para exercer a função de Chefe da Divisão de Contratos de Manutenção Predial, da Coordenação de Contratos com Dedicação Exclusiva de Mão de Obra, da Diretoria de Contratos, da Pró-Reitoria de Administração, Código FG-03. (Processo n° 23076. 059201/2025-88).</p><p class="assina">DANIELLE FABIOLA DO NASCIMENTO</p>]]></Texto>
  </body>
  <Midias />
</article></xml>