﻿<xml><article id="44720782" name="Port1336-2025-DPM-APS-NUBIA_PEDR" idOficio="11188871" pubName="DO2" artType="Portaria" pubDate="01/08/2025" artClass="00016:00012:00027:00008:00016:00000:00000:00000:00000:00000:00017:00000" artCategory="Ministério da Defesa/Comando da Marinha/Diretoria-Geral do Pessoal da Marinha/Diretoria do Pessoal da Marinha/Superintendência do Pessoal Civil da Marinha" artSize="12" artNotes="" numberPage="15" pdfPage="http://pesquisa.in.gov.br/imprensa/jsp/visualiza/index.jsp?data=01/08/2025&amp;jornal=529&amp;pagina=15" editionNumber="144" highlightType="" highlightPriority="" highlight="" highlightimage="" highlightimagename="" idMateria="22944759">
  <body>
    <Identifica><![CDATA[ PORTARIA Nº 1.336/DPM, DE 25 DE JULHO DE 2025]]></Identifica>
    <Data><![CDATA[]]></Data>
    <Ementa />
    <Titulo />
    <SubTitulo />
    <Texto><![CDATA[<p class="identifica">PORTARIA Nº 1.336/DPM, DE 25 DE JULHO DE 2025</p><p>A SUPERINTENDENTE DO PESSOAL CIVIL, no uso da subdelegação de competência que lhe confere o inciso II, do art. 1º da Portaria nº 964/2025, desta Diretoria, resolve:</p><p>Art. 1º Aposentar, de acordo com o inciso II, do § 2º, do art. 20, combinado com o inciso I, do § 3º, do art. 26, da Emenda Constitucional nº 103, de 12 de novembro de 2019, com proventos calculados pela média aritmética, a Psicóloga, do grupo/cargo 480/203, NS-S-V, 04.1369.42, Matrícula SIAPE 1474756, NÚBIA PEDROZA MACHADO, Código de Vaga 557112 (Processo nº 63067.004518/2025-24, do SSPM/DPM).</p><p>Art. 2º Esta Portaria entra em vigor na data de sua publicação.</p><p class="assina">MARLI HELENA DE PAIVA</p>]]></Texto>
  </body>
  <Midias />
</article></xml>