﻿<xml><article id="44725385" name="01-08-2025-LENI LEAL SANTOS" idOficio="11189918" pubName="DO2" artType="Portaria" pubDate="01/08/2025" artClass="00047:00037:00012:00015:00000:00000:00000:00000:00000:00000:00017:00000" artCategory="Ministério da Saúde/Secretaria de Atenção Especializada à Saúde/Departamento de Gestão Hospitalar no Estado do Rio de Janeiro/Hospital Federal da Lagoa" artSize="12" artNotes="" numberPage="87" pdfPage="http://pesquisa.in.gov.br/imprensa/jsp/visualiza/index.jsp?data=01/08/2025&amp;jornal=529&amp;pagina=87" editionNumber="144" highlightType="" highlightPriority="" highlight="" highlightimage="" highlightimagename="" idMateria="22946202">
  <body>
    <Identifica><![CDATA[ Portaria Nº 84/MS/HFL, DE 29 de Julho de 2025]]></Identifica>
    <Data><![CDATA[]]></Data>
    <Ementa />
    <Titulo />
    <SubTitulo />
    <Texto><![CDATA[<p class="identifica">Portaria Nº 84/MS/HFL, DE 29 de Julho de 2025</p><p>O DIRETOR DO HOSPITAL FEDERAL DA LAGOA, nomeado pela Portaria nº 490, de 07/03/2023, publicada no D.O.U. nº 62, Seção 2, de 30/03/2023, no uso de suas atribuições e da competência que lhe foi delegada pela Portaria do GM/MS nº 187 de 30/01/2008, publicada no D.O.U. nº 22, Seção 02, de 31/01/2008, resolve:</p><p>Reverter à atividade, a contar da data da publicação, com fundamento na decisão contida nos autos, no Laudo 088.135/2025 SIASS - MINISTÉRIO DA SAÚDE/RJ, à servidora LENI LEAL SANTOS, Matrícula SIAPE 0.310.414, ocupante do cargo de Auxiliar de Enfermagem, Nível Intermediário, Classe S, Padrão V, do Quadro de Pessoal deste Ministério, lotado(a) no Hospital Federal da Lagoa, aposentado por invalidez pela Portaria nº 189, de 25 de outubro de 2012, publicada no DOU 212 de 01 de Novembro de 2012. (Processo nº 33408.120598/2025-95)</p><p class="assina">CLAUDIO FERREIRA COTTA</p>]]></Texto>
  </body>
  <Midias />
</article></xml>