﻿<xml><article id="44717419" name="Portaria Coren-PR 1032 - Exonera" idOficio="11167270" pubName="DO2" artType="Portaria" pubDate="01/08/2025" artClass="00071:00255:00000:00000:00000:00000:00000:00000:00000:00000:00017:00001" artCategory="Entidades de Fiscalização do Exercício das Profissões Liberais/Conselho Regional de Enfermagem do Paraná" artSize="12" artNotes="" numberPage="115" pdfPage="http://pesquisa.in.gov.br/imprensa/jsp/visualiza/index.jsp?data=01/08/2025&amp;jornal=529&amp;pagina=115" editionNumber="144" highlightType="" highlightPriority="" highlight="" highlightimage="" highlightimagename="" idMateria="22909067">
  <body>
    <Identifica><![CDATA[ PORTARIA COREN-PR Nº 1.032, DE 23 DE julho DE 2025]]></Identifica>
    <Data><![CDATA[]]></Data>
    <Ementa />
    <Titulo />
    <SubTitulo />
    <Texto><![CDATA[<p class="identifica">PORTARIA COREN-PR Nº 1.032, DE 23 DE julho DE 2025</p><p>A Presidente do Conselho Regional de Enfermagem do Paraná, com a Secretária da Autarquia, no uso de suas atribuições legais e regimentais, conferidas pela Lei Federal nº 5.905/1973 e pelo Regimento Interno do Coren/PR; CONSIDERANDO o inciso II do artigo 37 da Constituição Federal; CONSIDERANDO o Processo SEI nº 00239.005259/2025-10; CONSIDERANDO deliberação da Presidência, baixa as seguintes determinações:</p><p>Art. 1º EXONERAR a empregada ELEN DIAS ACCORDI MEDEIROS, a pedido, do cargo efetivo de CONTADOR do Coren-PR.</p><p>Art. 2º Esta Portaria entra em vigor a partir de 31 de julho de 2025.</p><p>Art. 3º Dê ciência e cumpra-se.</p><p class="assina">Ethelly Feitosa Rodrigues Santos</p><p class="cargo">Presidente</p><p class="assina">Daniele Fabris</p><p class="cargo">Secretária</p>]]></Texto>
  </body>
  <Midias />
</article></xml>