﻿<xml><article id="44718115" name="PORTARIA 220 - MARIANA ALDA FERR" idOficio="11173275" pubName="DO2" artType="Portaria" pubDate="01/08/2025" artClass="00070:00029:00001:00000:00000:00000:00000:00000:00000:00000:00017:00000" artCategory="Poder Judiciário/Tribunal Regional Eleitoral do Paraná/Presidência" artSize="12" artNotes="" numberPage="103" pdfPage="http://pesquisa.in.gov.br/imprensa/jsp/visualiza/index.jsp?data=01/08/2025&amp;jornal=529&amp;pagina=103" editionNumber="144" highlightType="" highlightPriority="" highlight="" highlightimage="" highlightimagename="" idMateria="22919361">
  <body>
    <Identifica><![CDATA[ PORTARIA Nº 220, DE 25 DE JULHO DE 2025]]></Identifica>
    <Data><![CDATA[]]></Data>
    <Ementa />
    <Titulo />
    <SubTitulo />
    <Texto><![CDATA[<p class="identifica">PORTARIA Nº 220, DE 25 DE JULHO DE 2025</p><p>O PRESIDENTE DO TRIBUNAL REGIONAL ELEITORAL DO PARANÁ, usando das atribuições que lhe são conferidas pelo artigo 23, incisos XXX e XLI do Regimento Interno deste Tribunal, e considerando o contido no PAD nº 32242/2022, resolve:</p><p>Art. 1º DISPENSAR a servidora MARIANA ALDÁ FERREIRA FUGA, ocupante do cargo de Técnico Judiciário, Área Administrativa, do Quadro de Pessoal deste Tribunal, do exercício da função comissionada de Assistente I do Cartório da 42ª Zona Eleitoral de LONDRINA, FC-1.</p><p>Art. 2º DESIGNAR a servidora MARTA APARECIDA FAEDO, ocupante do cargo de Técnico Judiciário, Área Administrativa, do Quadro de Pessoal deste Tribunal, para exercer a função comissionada de Assistente I do Cartório da 42ª Zona Eleitoral de LONDRINA, FC-1.</p><p>Art. 3º Esta Portaria entra em vigor na data de sua publicação.</p><p class="assina">Des. SIGURD ROBERTO BENGTSSON</p>]]></Texto>
  </body>
  <Midias />
</article></xml>