﻿<xml><article id="44723648" name="IFMG_RTF_Portaria_4340" idOficio="11189568" pubName="DO2" artType="Portaria" pubDate="01/08/2025" artClass="00025:00070:00001:00000:00000:00000:00000:00000:00000:00000:00017:00000" artCategory="Ministério da Educação/Instituto Federal de Educação, Ciência e Tecnologia de Minas Gerais/Reitoria" artSize="12" artNotes="" numberPage="25" pdfPage="http://pesquisa.in.gov.br/imprensa/jsp/visualiza/index.jsp?data=01/08/2025&amp;jornal=529&amp;pagina=25" editionNumber="144" highlightType="" highlightPriority="" highlight="" highlightimage="" highlightimagename="" idMateria="22945719">
  <body>
    <Identifica><![CDATA[ PORTARIA Nº 4.340/IFMG, DE 30 DE JULHO DE 2025]]></Identifica>
    <Data><![CDATA[]]></Data>
    <Ementa />
    <Titulo />
    <SubTitulo />
    <Texto><![CDATA[<p class="identifica">PORTARIA Nº 4.340/IFMG, DE 30 DE JULHO DE 2025</p><p>A REITORA SUBSTITUTA DO INSTITUTO FEDERAL DE EDUCAÇÃO, CIÊNCIA E TECNOLOGIA DE MINAS GERAIS, no uso das atribuições que lhe são conferidas pelo Estatuto da Instituição, republicado com alterações no Diário Oficial da União do dia 08/05/2018, Seção 1, Páginas 09 e 10 e o que consta no Processo nº 23208.001167/2025-23, resolve:</p><p>Designar a servidora DENISE FERREIRA DOS SANTOS, ocupante do cargo de Jornalista, SIAPE nº 1587717, SIAPECAD nº 01352189, lotada no(a) Diretoria de Comunicação da Reitoria, para exercer a função de Assessora, FG - 01, do(a) Diretoria de Comunicação da Reitoria, UORG-10. Efeitos a partir de 11 de agosto de 2025.</p><p class="assina">HELOISA CRISTINA PEREIRA</p>]]></Texto>
  </body>
  <Midias />
</article></xml>