﻿<xml><article id="44718217" name="1091.2025 - ANA LUCIA DOS SANTOS" idOficio="11187732" pubName="DO2" artType="Portaria" pubDate="01/08/2025" artClass="00066:00010:00001:00004:00000:00000:00000:00000:00000:00000:00017:00003" artCategory="Ministério Público da União/Ministério Público do Trabalho/Procuradoria-Geral/Diretoria-Geral" artSize="12" artNotes="" numberPage="95" pdfPage="http://pesquisa.in.gov.br/imprensa/jsp/visualiza/index.jsp?data=01/08/2025&amp;jornal=529&amp;pagina=95" editionNumber="144" highlightType="" highlightPriority="" highlight="" highlightimage="" highlightimagename="" idMateria="22942739">
  <body>
    <Identifica><![CDATA[ PORTARIA Nº 1.091, DE 30 DE JULHO DE 2025]]></Identifica>
    <Data><![CDATA[]]></Data>
    <Ementa />
    <Titulo />
    <SubTitulo />
    <Texto><![CDATA[<p class="identifica">PORTARIA Nº 1.091, DE 30 DE JULHO DE 2025</p><p>O DIRETOR-GERAL ADJUNTO DO MINISTÉRIO PÚBLICO DO TRABALHO, no uso das atribuições que lhe foram delegadas pela Portaria MPT-DG nº 49, de 22 de janeiro de 2019, publicada no D.O.U em 28 de janeiro de 2019, e tendo em vista o que consta do PGEA/MPT nº 20.02.0100.0000946/2025-30, resolve:</p><p>Art. 1º Conceder aposentadoria voluntária, com proventos integrais, à servidora ANA LUCIA DOS SANTOS NOGUEIRA, matrícula n° 6009959-3, ocupante do cargo de Técnico do MPU/Administração, Código TC020101, Classe C, Padrão 13, da Carreira de Técnico do MPU, do Quadro Permanente do Ministério Público do Trabalho, com fundamento no artigo 3° da Emenda Constitucional n° 47/2005, combinado com o artigo 7° da Emenda Constitucional n° 41/2003, assegurada pelo artigo 3° da Emenda Constitucional n° 103/2019, com a vantagem prevista no artigo 3° da Lei n° 8.911/1994, assegurada pelo artigo 13 da Lei n° 9.624/1998, observado o disposto no artigo 62-A da Lei n° 8.112/1990, sendo parte desta vantagem mantida a título de parcela compensatória, a ser absorvida por reajustes futuros, consoante decidido pelo STF no RE 638.115/CE.</p><p>Art. 2º Registrar que se trata de acumulação de aposentadoria e pensão, ficando assegurada a percepção do valor integral do benefício mais vantajoso e de uma parte do benefício de valor inferior (pensão), apurada cumulativamente conforme as faixas do § 2° do artigo 24 da Emenda Constitucional n° 103/2019.</p><p class="assina">ANDERSON RÉGIS CAVALCANTE FEITOSA</p>]]></Texto>
  </body>
  <Midias />
</article></xml>