﻿<xml><article id="44724200" name="P4RF166" idOficio="11189711" pubName="DO2" artType="Portaria" pubDate="01/08/2025" artClass="00028:00032:00435:00096:00000:00000:00000:00000:00000:00000:00017:00000" artCategory="Ministério da Fazenda/Secretaria Especial da Receita Federal do Brasil/Secretaria-Adjunta/Superintendência Regional da Receita Federal do Brasil 4ª Região Fiscal" artSize="12" artNotes="" numberPage="62" pdfPage="http://pesquisa.in.gov.br/imprensa/jsp/visualiza/index.jsp?data=01/08/2025&amp;jornal=529&amp;pagina=62" editionNumber="144" highlightType="" highlightPriority="" highlight="" highlightimage="" highlightimagename="" idMateria="22945879">
  <body>
    <Identifica><![CDATA[ portariA DE PESSOAL srrf04 Nº 166, de 30 de Julho de 2025]]></Identifica>
    <Data><![CDATA[]]></Data>
    <Ementa />
    <Titulo />
    <SubTitulo />
    <Texto><![CDATA[<p class="identifica">portariA DE PESSOAL srrf04 Nº 166, de 30 de Julho de 2025</p><p>A SUPERINTENDENTE DA RECEITA FEDERAL DO BRASIL DA 4ª REGIÃO FISCAL, no uso da competência que lhe foi subdelegada pelos incisos I e II do art. 8 da Portaria RFB nº 345, de 24 de agosto de 2023, publicada no DOU de 28 de agosto de 2023, e considerando o que consta no Processo Dossiê nº 13083.146597/2025-73, resolve:</p><p>Designar a servidora BARBARA MONTE FORTUNATO LUNA, Analista Tributária da Receita Federal do Brasil, matrícula Siapecad 01528144, na função gratificada de Assistente II do Gabinete da SRRF04, FG-2.</p><p class="assina">MYRELLE DOS SANTOS MOREIRA MIRANDA</p>]]></Texto>
  </body>
  <Midias />
</article></xml>