﻿<xml><article id="44720962" name="Portarias_de_Pessoal_7649-50-53-" idOficio="11188935" pubName="DO2" artType="Portaria" pubDate="01/08/2025" artClass="00025:00121:00000:00000:00000:00000:00000:00000:00000:00000:00013:00001" artCategory="Ministério da Educação/Universidade Federal do Rio de Janeiro" artSize="12" artNotes="" numberPage="43" pdfPage="http://pesquisa.in.gov.br/imprensa/jsp/visualiza/index.jsp?data=01/08/2025&amp;jornal=529&amp;pagina=43" editionNumber="144" highlightType="" highlightPriority="" highlight="" highlightimage="" highlightimagename="" idMateria="22944825">
  <body>
    <Identifica><![CDATA[ PORTARIAS DE 25 DE JULHO DE 2025]]></Identifica>
    <Data><![CDATA[]]></Data>
    <Ementa />
    <Titulo />
    <SubTitulo />
    <Texto><![CDATA[<p class="identifica">PORTARIAS DE 25 DE JULHO DE 2025</p><p>O Reitor da Universidade Federal do Rio de Janeiro, no uso de suas atribuições conferidas pelo Decreto de 27 de Junho de 2023, publicada no Diário Oficial da União nº 121 de 28 de Junho de 2023, resolve:</p><p>Nº 7.649 - Dispensar, a pedido, VALERIA NUNES BELMONTE, Matrícula Siape nº 1898143, Professor do Magistério Superior, da Função Gratificada de Coordenador do Programa de Pós-Graduação em Física, do(a) Centro Multidisciplinar UFRJ-Macaé, FUC-1, processo nº 23079.230918/25-30.</p><p>Nº 7.650 - Designar HABIB SALOMON DUMET MONTOYA, Matrícula Siape nº 2085831, Professor do Magistério Superior, para exercer por 2 anos , o mandato de Coordenador do Programa de Pós-Graduação em Física, do(a) Centro Multidisciplinar UFRJ-Macaé, FUC-1, processo nº 23079.230918/25-30.</p><p>Nº 7.653 - Dispensar, MARIA EULALIA VARES, Matrícula Siape nº 0672173, Professor do Magistério Superior, da Função Gratificada de Coordenador de Pós-Graduação do Curso de Estatística, do(a) Instituto de Matemática - IM, FUC-1, processo nº 23079.227041/25-08.</p><p>Nº 7.654 - Designar MARIA EULALIA VARES, Matrícula Siape nº 0672173, Professor do Magistério Superior, para exercer por 2 anos , o mandato de Coordenador de Pós-Graduação do Curso de Estatística, do(a) Instituto de Matemática - IM, FUC-1, processo nº 23079.227041/25-08.</p><p class="assina">ROBERTO DE ANDRADE MEDRONHO</p>]]></Texto>
  </body>
  <Midias />
</article></xml>