﻿<xml><article id="44717830" name="Portaria de Aposentadoria Teresa" idOficio="11185053" pubName="DO2" artType="Portaria" pubDate="01/08/2025" artClass="00033:00002:00013:00009:00000:00000:00000:00000:00000:00000:00017:00000" artCategory="Ministério da Justiça e Segurança Pública/Secretaria Executiva/Subsecretaria de Administração/Coordenação-Geral de Gestão de Pessoas" artSize="12" artNotes="" numberPage="73" pdfPage="http://pesquisa.in.gov.br/imprensa/jsp/visualiza/index.jsp?data=01/08/2025&amp;jornal=529&amp;pagina=73" editionNumber="144" highlightType="" highlightPriority="" highlight="" highlightimage="" highlightimagename="" idMateria="22938717">
  <body>
    <Identifica><![CDATA[ PORTARIA DE PESSOAL CGGP/SAA/MJSP Nº 408, DE 30 DE JULHO DE 2025]]></Identifica>
    <Data><![CDATA[]]></Data>
    <Ementa />
    <Titulo />
    <SubTitulo />
    <Texto><![CDATA[<p class="identifica">PORTARIA DE PESSOAL CGGP/SAA/MJSP Nº 408, DE 30 DE JULHO DE 2025</p><p>A COORDENADORA-GERAL DE GESTÃO DE PESSOAS DA SUBSECRETARIA DE ADMINISTRAÇÃO DA SECRETARIA EXECUTIVA DO MINISTÉRIO DA JUSTIÇA E SEGURANÇA PÚBLICA, no uso de suas atribuições subdelegadas pelo inciso XII do art. 4º da Portaria SAA/SE/MJSP nº 76, de 25 de novembro de 2021, resolve:</p><p>Art. 1º Conceder, com fundamento no art. 20, § 2º, inciso II, da Emenda Constitucional nº 103, de 12 de novembro de 2019, aposentadoria voluntária a TERESA DE JESUS SOARES BELEZA, matrícula Siape nº 0161323, Agente Administrativo, Classe S, Padrão III, do Quadro de Pessoal deste Ministério, com os proventos calculados conforme disposto no art. 26, §3º, inciso I, e §6º, da referida Emenda Constitucional.</p><p>Art. 2º Esta Portaria entra em vigor na data de sua publicação no Diário Oficial da União. (Processo nº 08007.003831/2024-61).</p><p class="assina">IRENILDA FERREIRA CARDOSO</p>]]></Texto>
  </body>
  <Midias />
</article></xml>