﻿<xml><article id="44723324" name="019 - PORTARIA_134-2025 - DISPEN" idOficio="11189515" pubName="DO2" artType="Portaria" pubDate="01/08/2025" artClass="00025:00056:00010:00000:00000:00000:00000:00000:00000:00000:00017:00000" artCategory="Ministério da Educação/Instituto Federal de Educação, Ciência e Tecnologia do Amazonas/Campus Maués" artSize="12" artNotes="" numberPage="21" pdfPage="http://pesquisa.in.gov.br/imprensa/jsp/visualiza/index.jsp?data=01/08/2025&amp;jornal=529&amp;pagina=21" editionNumber="144" highlightType="" highlightPriority="" highlight="" highlightimage="" highlightimagename="" idMateria="22945643">
  <body>
    <Identifica><![CDATA[ PORTARIA Nº 134/GDG/CMA/IFAM, DE 31 DE JULHO DE 2025]]></Identifica>
    <Data><![CDATA[]]></Data>
    <Ementa />
    <Titulo />
    <SubTitulo />
    <Texto><![CDATA[<p class="identifica">PORTARIA Nº 134/GDG/CMA/IFAM, DE 31 DE JULHO DE 2025</p><p>O DIRETOR GERAL DO INSTITUTO FEDERAL DE EDUCAÇÃO, CIÊNCIA E TECNOLOGIA DO AMAZONAS - CAMPUS MAUÉS (IFAM/CMA) nomeado pela Portaria nº 1.110 - GR/IFAM/2023, de 22 de junho de 2023, no uso de suas atribuições legais e estatutárias; resolve:</p><p>Art. 1º. DISPENSAR, a partir de 1º de agosto de 2025, o servidor PHILLIP DA SILVA MOREIRA, Assistente em Administração, matrícula SIAPE: 2207955, da função gratificada de Coordenador de Assistência ao Educando, do campus Maués, código: FG-02.</p><p class="assina">CARLOS ROBERTO DE OLIVEIRA</p>]]></Texto>
  </body>
  <Midias />
</article></xml>