﻿<xml><article id="44717704" name="trt9a145-2025-PRT COINF 161" idOficio="11150409" pubName="DO2" artType="Portaria" pubDate="01/08/2025" artClass="00070:00050:00001:00001:00017:00000:00000:00000:00000:00000:00017:00000" artCategory="Poder Judiciário/Tribunal Regional do Trabalho da 9ª Região/Tribunal Pleno/Presidência/Coordenadoria de Informações Funcionais" artSize="12" artNotes="" numberPage="111" pdfPage="http://pesquisa.in.gov.br/imprensa/jsp/visualiza/index.jsp?data=01/08/2025&amp;jornal=529&amp;pagina=111" editionNumber="144" highlightType="" highlightPriority="" highlight="" highlightimage="" highlightimagename="" idMateria="22879209">
  <body>
    <Identifica><![CDATA[ PORTARIA COINF Nº 161, DE 17 DE JULHO DE 2025]]></Identifica>
    <Data><![CDATA[]]></Data>
    <Ementa />
    <Titulo />
    <SubTitulo />
    <Texto><![CDATA[<p class="identifica">PORTARIA COINF Nº 161, DE 17 DE JULHO DE 2025</p><p>O COORDENADOR SUBSTITUTO DE INFORMAÇÕES FUNCIONAIS DO TRIBUNAL REGIONAL DO TRABALHO DA 9ª REGIÃO, usando de suas atribuições legais, e diante da delegação de competência decorrente do art. 4º, III e IV, da Portaria Presidência nº 22/2022, resolve:</p><p>I - designar LEANDRO MAICON VIEIRA DOS SANTOS, Analista Judiciário Área Judiciária, classe A, padrão 1, para EXERCER o Cargo em Comissão de Assessor I (c-11460), código TRT 9ª CJ-1, da Presidência, a partir da data de publicação, dispensando-o da Função Comissionada de Assistente De Gabinete Vi (c-11330), código TRT 9ª FC-6, Gabinete De Desembargador 27, a partir da mesma data (Documento Eletrônico nº 15405529/2025);</p><p>II - dispensar RONAN MOREIRA STORCK, Técnico Judiciário Área Administrativa, classe C, padrão 12, do Cargo em Comissão de Assessor I (c-11460), código TRT 9ª CJ-1, Presidência, a partir da data de publicação (Documento Eletrônico nº 15405529/2025).</p><p class="assina">LUIZ ANTONIO BELTRAME</p>]]></Texto>
  </body>
  <Midias />
</article></xml>