﻿<xml><article id="44721193" name="PORTARIA 7601 23079235990202553" idOficio="11189042" pubName="DO2" artType="Portaria" pubDate="01/08/2025" artClass="00025:00121:00000:00000:00000:00000:00000:00000:00000:00000:00013:00002" artCategory="Ministério da Educação/Universidade Federal do Rio de Janeiro" artSize="12" artNotes="" numberPage="43" pdfPage="http://pesquisa.in.gov.br/imprensa/jsp/visualiza/index.jsp?data=01/08/2025&amp;jornal=529&amp;pagina=43" editionNumber="144" highlightType="" highlightPriority="" highlight="" highlightimage="" highlightimagename="" idMateria="22944939">
  <body>
    <Identifica><![CDATA[ PORTARIA Nº 7.601, DE 24 DE JULHO DE 2025]]></Identifica>
    <Data><![CDATA[]]></Data>
    <Ementa />
    <Titulo />
    <SubTitulo />
    <Texto><![CDATA[<p class="identifica">PORTARIA Nº 7.601, DE 24 DE JULHO DE 2025</p><p>O Reitor da Universidade Federal do Rio de Janeiro, no uso de suas atribuições conferidas pelo Decreto de 27 de Junho de 2023, publicada no Diário Oficial da União nº 121 de 28 de Junho de 2023, resolve:</p><p>Dispensar, a pedido, JULIE DE ARAUJO PIRES, Matrícula Siape nº 2555439, Professor do Magistério Superior, da Função Gratificada de Coordenador de Pós-Graduação, do(a) Escola de Belas Artes - EBA, FUC-1, processo nº 23079.235990/25-53.</p><p class="assina">ROBERTO DE ANDRADE MEDRONHO</p>]]></Texto>
  </body>
  <Midias />
</article></xml>