﻿<xml><article id="44718373" name="PORTARIA N 68_22944292" idOficio="11188448" pubName="DO2" artType="Portaria" pubDate="01/08/2025" artClass="00047:00002:00021:00020:00005:00000:00000:00000:00000:00000:00017:00000" artCategory="Ministério da Saúde/Secretaria Executiva/Subsecretaria de Assuntos Administrativos/Superintendência Estadual do Ministério da Saúde em Mato Grosso do Sul/Serviço de Gestão de Pessoas" artSize="12" artNotes="" numberPage="85" pdfPage="http://pesquisa.in.gov.br/imprensa/jsp/visualiza/index.jsp?data=01/08/2025&amp;jornal=529&amp;pagina=85" editionNumber="144" highlightType="" highlightPriority="" highlight="" highlightimage="" highlightimagename="" idMateria="22944292">
  <body>
    <Identifica><![CDATA[ PORTARIA SEGEP/MS Nº 68, DE 28 DE JULHO DE 2025]]></Identifica>
    <Data><![CDATA[]]></Data>
    <Ementa />
    <Titulo />
    <SubTitulo />
    <Texto><![CDATA[<p class="identifica">PORTARIA SEGEP/MS Nº 68, DE 28 DE JULHO DE 2025</p><p>A CHEFE DO SERVIÇO DE GESTÃO DE PESSOAS DA SUPERINTENDÊNCIA ESTADUAL DO MINISTÉRIO DA SAÚDE NO ESTADO DE MATO GROSSO DO SUL, no uso das atribuições que lhe foram conferidas pela PORTARIA DE PESSOAL GM/MS nº 1.136, DE 7/6/2023, publicada no DOU nº 110, de 13/6/2023, e CONSIDERANDO o constante dos autos do processo nº 25006.000216/2025-11, resolve:</p><p>Conceder aposentadoria voluntária integral ao servidor ISRAEL ALVES DE SATEL, matrícula SIAPE 0477608, Guarda de Endemias, NI-422/314 Classe "S", Padrão V,, com carga horária de 40 horas, do Quadro Permanente deste Ministério, com fundamento no Art. 20, § 2º, Inciso I, da Emenda Constitucional nº 103/2019, com os proventos do cargo efetivo e demais vantagens a que fizer jus.</p><p class="assina">JOSEFINA ROZANA CAIMAR</p>]]></Texto>
  </body>
  <Midias />
</article></xml>