﻿<xml><article id="44721169" name="IFPR_RTF_Portarias_31-07-2025-10" idOficio="11189005" pubName="DO2" artType="Portaria" pubDate="01/08/2025" artClass="00025:00074:00004:00000:00000:00000:00000:00000:00000:00000:00017:00000" artCategory="Ministério da Educação/Instituto Federal de Educação, Ciência e Tecnologia do Paraná/Gabinete" artSize="12" artNotes="" numberPage="25" pdfPage="http://pesquisa.in.gov.br/imprensa/jsp/visualiza/index.jsp?data=01/08/2025&amp;jornal=529&amp;pagina=25" editionNumber="144" highlightType="" highlightPriority="" highlight="" highlightimage="" highlightimagename="" idMateria="22944903">
  <body>
    <Identifica><![CDATA[ PORTARIA Nº 8.418/IFPR, DE 31 DE JULHO DE 2025]]></Identifica>
    <Data><![CDATA[]]></Data>
    <Ementa />
    <Titulo />
    <SubTitulo />
    <Texto><![CDATA[<p class="identifica">PORTARIA Nº 8.418/IFPR, DE 31 DE JULHO DE 2025</p><p>O Reitor do Instituto Federal de Educação, Ciência e Tecnologia do Paraná, no uso da competência que lhe confere o Decreto de 06 de fevereiro de 2024, publicado no Diário Oficial da União no dia 07 de fevereiro de 2024, seção 2, página 01 e o que consta no Processo nº 23411.013113/2025-03, resolve:</p><p>Dispensar, a pedido, o servidor GUILHERME SANDAKA, ocupante do cargo de Professor de Ensino Básico Técnico e Tecnológico, SIAPE nº 3309551, SIAPECAD nº 02409949, lotado no(a) Campus Cascavel, da função de Coordenador de Curso Técnico em Edificações, FUC - 01, do(a) Coordenadoria de Ensino do Campus Cascavel. Efeitos a partir de 23 de julho de 2025.</p><p class="assina">ADRIANO WILLIAN DA SILVA VIANA PEREIRA</p><p>PORTARIA Nº 8.419/IFPR, DE 31 DE JULHO DE 2025</p><p>O Reitor do Instituto Federal de Educação, Ciência e Tecnologia do Paraná, no uso da competência que lhe confere o Decreto de 06 de fevereiro de 2024, publicado no Diário Oficial da União no dia 07 de fevereiro de 2024, seção 2, página 01 e o que consta no Processo nº 23411.013119/2025-72, resolve:</p><p>Designar o servidor RENATO BARBOSA SAMPAIO, ocupante do cargo de Professor de Ensino Básico Técnico e Tecnológico, SIAPE nº 1016097, SIAPECAD nº 02303044, lotado no(a) Campus Cascavel, para exercer a função de Coordenador de Curso Técnico em Edificações, FUC - 01, do(a) Coordenadoria de Ensino do Campus Cascavel. Efeitos a partir da publicação no Diário Oficial da União.</p><p class="assina">ADRIANO WILLIAN DA SILVA VIANA PEREIRA</p>]]></Texto>
  </body>
  <Midias />
</article></xml>