﻿<xml><article id="44718049" name="2025-07-09/11130707/andrev_22845" idOficio="11130707" pubName="DO2" artType="Ato" pubDate="01/08/2025" artClass="00070:00005:00009:00000:00000:00000:00000:00000:00000:00000:00001:00001" artCategory="Poder Judiciário/Tribunal Superior do Trabalho/Secretaria" artSize="12" artNotes="" numberPage="100" pdfPage="http://pesquisa.in.gov.br/imprensa/jsp/visualiza/index.jsp?data=01/08/2025&amp;jornal=529&amp;pagina=100" editionNumber="144" highlightType="" highlightPriority="" highlight="" highlightimage="" highlightimagename="" idMateria="22845306">
  <body>
    <Identifica><![CDATA[ ATO Nº 368, DE 8 DE JULHO DE 2025]]></Identifica>
    <Data><![CDATA[]]></Data>
    <Ementa />
    <Titulo />
    <SubTitulo />
    <Texto><![CDATA[<p class="identifica">ATO Nº 368, DE 8 DE JULHO DE 2025</p><p>O DIRETOR-GERAL DA SECRETARIA DO TRIBUNAL SUPERIOR DO TRABALHO, no uso de suas atribuições legais e regulamentares,</p><p>considerando o constante da Proposta nº 2621 do Sistema de Gestão de Pessoas - Sigep TST, de 08/07/2025, resolve:</p><p>1 - Dispensar o servidor MARLON JOSÉ RABELO, código 40338, Técnico Judiciário, Área Administrativa, da função comissionada de Assistente 4, Nível FC-4, do Gabinete da Ex.ma Sr.ª Ministra Kátia Magalhães Arruda.</p><p>2 - Designar a servidora LARISSA BERNARDINO RIBEIRO DE SOUZA, código 60949, Técnica Judiciária, Área Administrativa, para exercer a função comissionada de Assistente 4, Nível FC-4, do Gabinete da Ex.ma Sr.ª Ministra Kátia Magalhães Arruda, ficando dispensada da função comissionada de Assistente 3, Nível FC-3, do referido Gabinete.</p><p class="assina">GUSTAVO CARIBÉ DE CARVALHO</p>]]></Texto>
  </body>
  <Midias />
</article></xml>