﻿<xml><article id="44718052" name="PORTARIA N 1.103_22883516" idOficio="11152723" pubName="DO2" artType="Portaria" pubDate="01/08/2025" artClass="00046:00295:00039:00000:00000:00000:00000:00000:00000:00000:00017:00000" artCategory="Ministério das Relações Exteriores/Secretaria-Geral das Relações Exteriores/Secretaria de Gestão Administrativa" artSize="12" artNotes="" numberPage="85" pdfPage="http://pesquisa.in.gov.br/imprensa/jsp/visualiza/index.jsp?data=01/08/2025&amp;jornal=529&amp;pagina=85" editionNumber="144" highlightType="" highlightPriority="" highlight="" highlightimage="" highlightimagename="" idMateria="22883516">
  <body>
    <Identifica><![CDATA[ PORTARIA N° 1.103, DE 15 DE JULHO DE 2025]]></Identifica>
    <Data><![CDATA[]]></Data>
    <Ementa />
    <Titulo />
    <SubTitulo />
    <Texto><![CDATA[<p class="identifica">PORTARIA N° 1.103, DE 15 DE JULHO DE 2025</p><p>O SECRETÁRIO DE GESTÃO ADMINISTRATIVA, no uso das suas atribuições e de acordo com a Portaria de delegação de competência nº 386, de 14 de abril de 2022, publicada no Diário Oficial da União de 19 de abril de 2022, resolve:</p><p>Art. 1º - Aposentar por incapacidade permanente para o trabalho IRIA INÊS AZAMBUJA EREDIA, matrícula SIAPE nº 3375637, matrícula SIAPECAD nº 2452143, ocupante do cargo de agente administrativo, classe B, padrão IV, do Quadro de Pessoal do Ministério das Relações Exteriores, com fundamento no artigo 10, § 1º, inciso II, da Emenda Constitucional nº 103, de 12 de novembro de 2019.</p><p>Art. 2º - Esta Portaria entra em vigor a partir de sua publicação no Diário Oficial da União.</p><p class="assina">DENIS FONTES DE SOUZA PINTO</p>]]></Texto>
  </body>
  <Midias />
</article></xml>