﻿<xml><article id="44717959" name="2025 - MARCELO BATISTA - 49034" idOficio="11172428" pubName="DO2" artType="Portaria" pubDate="01/08/2025" artClass="00025:00132:00025:00001:00000:00000:00000:00000:00000:00000:00017:00000" artCategory="Ministério da Educação/Universidade Federal do Triângulo Mineiro/Pró-Reitoria de Recursos Humanos/Departamento de Administração de Pessoal" artSize="12" artNotes="" numberPage="47" pdfPage="http://pesquisa.in.gov.br/imprensa/jsp/visualiza/index.jsp?data=01/08/2025&amp;jornal=529&amp;pagina=47" editionNumber="144" highlightType="" highlightPriority="" highlight="" highlightimage="" highlightimagename="" idMateria="22917586">
  <body>
    <Identifica><![CDATA[ PORTARIA DE PESSOAL Nº 726,  DE 28 DE JULHO DE 2025]]></Identifica>
    <Data><![CDATA[]]></Data>
    <Ementa />
    <Titulo />
    <SubTitulo />
    <Texto><![CDATA[<p class="identifica">PORTARIA DE PESSOAL Nº 726, DE 28 DE JULHO DE 2025</p><p>A VICE-REITORA, no exercício da Reitoria da UNIVERSIDADE FEDERAL DO TRIÂNGULO MINEIRO - UFTM, nomeada pela Portaria de Pessoal nº 608, de 19 de junho de 2023, publicada no Diário Oficial da União do dia 20 subsequente, no uso de suas atribuições legais e regimentais e de acordo com o processo SEI/UFTM n <sup>º</sup> 23085.007322/2025-59, resolve:</p><p>Art. 1° Conceder aposentadoria voluntária ao servidor MARCELO BATISTA, Siape 1116341, ocupante do cargo de TÉCNICO EM ANATOMIA E NECROPSIA, Classe/Padrão D-019, carga horária de 40 horas semanais, código de vaga nº 706745, do Quadro de Pessoal desta Universidade, com proventos integrais e paridade, com fulcro no caput e inciso I do § 2º e inciso I do § 3º do art. 20 da Emenda Constitucional nº 103/2019.</p><p>Art. 2° Em consequência, declarar vago o referido cargo.</p><p>Art. 3° Esta Portaria de Pessoal entra em vigor a partir de sua publicação no Diário Oficial da União.</p><p class="assina">MEIRE SOARES DE ATAIDE</p>]]></Texto>
  </body>
  <Midias />
</article></xml>