﻿<xml><article id="44717878" name="PORTARIA N 502_22942660" idOficio="11187664" pubName="DO2" artType="Portaria" pubDate="01/08/2025" artClass="00070:00004:00001:00000:00000:00000:00000:00000:00000:00000:00017:00004" artCategory="Poder Judiciário/Superior Tribunal de Justiça/Presidência" artSize="12" artNotes="" numberPage="98" pdfPage="http://pesquisa.in.gov.br/imprensa/jsp/visualiza/index.jsp?data=01/08/2025&amp;jornal=529&amp;pagina=98" editionNumber="144" highlightType="" highlightPriority="" highlight="" highlightimage="" highlightimagename="" idMateria="22942660">
  <body>
    <Identifica><![CDATA[ PORTARIA STJ/GP N° 502, DE 21 DE JULHO DE 2025]]></Identifica>
    <Data><![CDATA[]]></Data>
    <Ementa />
    <Titulo />
    <SubTitulo />
    <Texto><![CDATA[<p class="identifica">PORTARIA STJ/GP N° 502, DE 21 DE JULHO DE 2025</p><p>O PRESIDENTE DO SUPERIOR TRIBUNAL DE JUSTIÇA, usando da atribuição conferida pelo art. 21, XXV, do Regimento Interno e considerando o disposto no art. 9º, II, e 35, I, da Lei n. 8.112, de 11 de dezembro de 1990, resolve:</p><p>Art. 1º Efetuar as seguintes alterações no Gabinete da Ministra Regina Helena Costa:</p><p>I - Exonerar ÂNGELO BOREGGIO NETO, matrícula S078721, do cargo em comissão de Assessor de Ministro, código CJ-3;</p><p>II - Nomear CAMILA GOMES DE MATTOS CAMPOS VERGUEIRO para o cargo em comissão de Assessor de Ministro, código CJ-3, na vaga decorrente da exoneração de Ângelo Boreggio Neto.</p><p>Art. 2º Esta portaria entra em vigor na data de sua publicação.</p><p class="assina">Min. HERMAN BENJAMIN</p>]]></Texto>
  </body>
  <Midias />
</article></xml>