﻿<xml><article id="44717821" name="ATO PORTARIA NA 028" idOficio="11188685" pubName="DO2" artType="Portaria" pubDate="01/08/2025" artClass="00032:00035:00000:00000:00000:00000:00000:00000:00000:00000:00017:00001" artCategory="Ministério da Integração e do Desenvolvimento Regional/Superintendência do Desenvolvimento da Amazônia" artSize="12" artNotes="" numberPage="72" pdfPage="http://pesquisa.in.gov.br/imprensa/jsp/visualiza/index.jsp?data=01/08/2025&amp;jornal=529&amp;pagina=72" editionNumber="144" highlightType="" highlightPriority="" highlight="" highlightimage="" highlightimagename="" idMateria="22944529">
  <body>
    <Identifica><![CDATA[ PORTARIA Nº 28, DE 29 DE JULHO DE 2025]]></Identifica>
    <Data><![CDATA[]]></Data>
    <Ementa />
    <Titulo />
    <SubTitulo />
    <Texto><![CDATA[<p class="identifica">PORTARIA Nº 28, DE 29 DE JULHO DE 2025</p><p>O SUPERINTENDENTE DA SUPERINTENDÊNCIA DO DESENVOLVIMENTO DA AMAZÔNIA - SUDAM, no uso das atribuições que lhe confere o Decreto nº 11.230, de 07/10/2022, publicado no DOU de 10/10/2022, resolve:</p><p>Art. 1º Declarar vago, a contar de 11/07/2025, o cargo de Economista, Classe "A", padrão "V", ocupado pelo servidor RODRIGO PORTUGAL DA COSTA, matrícula SIAPE nº 2218568, código da vaga 587985, por motivo de posse em outro cargo inacumulável nos termos do art. 33, inc. VIII, da Lei nº 8.112/90.</p><p>Art. 2º Considerando que o servidor adquiriu a estabilidade prevista no art. 21 da Lei nº 8.112, de 11/12/1990, e art. 6º da Emenda Constitucional nº 19 , de 04/06/1998, a presente vacância gera direito à recondução estabelecida no art. 29 da mesma Lei.</p><p class="assina">Paulo Roberto Galvão da Rocha</p>]]></Texto>
  </body>
  <Midias />
</article></xml>