﻿<xml><article id="44724692" name="2025-07-31/11189791/andrev_22946" idOficio="11189791" pubName="DO2" artType="Ato" pubDate="01/08/2025" artClass="00070:00005:00009:00000:00000:00000:00000:00000:00000:00000:00001:00006" artCategory="Poder Judiciário/Tribunal Superior do Trabalho/Secretaria" artSize="12" artNotes="" numberPage="100" pdfPage="http://pesquisa.in.gov.br/imprensa/jsp/visualiza/index.jsp?data=01/08/2025&amp;jornal=529&amp;pagina=100" editionNumber="144" highlightType="" highlightPriority="" highlight="" highlightimage="" highlightimagename="" idMateria="22946030">
  <body>
    <Identifica><![CDATA[ ATO Nº 401, DE 30 DE JULHO DE 2025]]></Identifica>
    <Data><![CDATA[]]></Data>
    <Ementa />
    <Titulo />
    <SubTitulo />
    <Texto><![CDATA[<p class="identifica">ATO Nº 401, DE 30 DE JULHO DE 2025</p><p>O DIRETOR-GERAL DA SECRETARIA DO TRIBUNAL SUPERIOR DO TRABALHO, no uso de suas atribuições legais e regulamentares,</p><p>considerando o constante da Proposta nº 2667 do Sistema de Gestão de Pessoas - Sigep TST, de 29/07/2025, resolve:</p><p>1 - Dispensar o servidor JOSE FERREIRA DA SILVA NASCIMENTO, código 30485, Técnico Judiciário, Área Administrativa, Especialidade Apoio de Serviços Diversos, da função comissionada de Assistente 6, Nível FC-6, do Gabinete do Ex.mo Sr. Ministro Ives Gandra da Silva Martins Filho.</p><p>2 - Designar a servidora ALINE GOMES DE LIMA, código 52642, Técnica Judiciária, Área Administrativa, para exercer a função comissionada de Assistente 6, Nível FC-6, do Gabinete do Ex.mo Sr. Ministro Ives Gandra da Silva Martins Filho, ficando dispensada da função comissionada de Assistente 5, Nível FC-5, privativa de bacharel em Direito, do referido Gabinete.</p><p>3 - Designar a servidora THAIZA KAREN DE AMORIM, código 64302, Analista Judiciária, Área Judiciária, para exercer a função comissionada de Assistente 5, Nível FC-5, privativa de bacharel em Direito, do Gabinete do Ex.mo Sr. Ministro Ives Gandra da Silva Martins Filho, ficando dispensada da função comissionada de Assistente 4, Nível FC-4, do referido Gabinete.</p><p>4 - Designar a servidora VANESSA FARIA BARCELOS, código 33960, Analista Judiciária, Área Judiciária, para exercer a função comissionada de Assistente 4, Nível FC-4, do Gabinete do Ex.mo Sr. Ministro Ives Gandra da Silva Martins Filho, ficando dispensada da função comissionada de Assistente 3, Nível FC-3, do referido Gabinete.</p><p class="assina">GUSTAVO CARIBÉ DE CARVALHO</p>]]></Texto>
  </body>
  <Midias />
</article></xml>