﻿<xml><article id="44718406" name="Portaria 124.114 RETIF" idOficio="11188691" pubName="DO2" artType="Retificação" pubDate="01/08/2025" artClass="00052:00000:00000:00000:00000:00000:00000:00000:00000:00000:00021:00000" artCategory="Banco Central do Brasil" artSize="12" artNotes="" numberPage="91" pdfPage="http://pesquisa.in.gov.br/imprensa/jsp/visualiza/index.jsp?data=01/08/2025&amp;jornal=529&amp;pagina=91" editionNumber="144" highlightType="" highlightPriority="" highlight="" highlightimage="" highlightimagename="" idMateria="22944535">
  <body>
    <Identifica><![CDATA[ RETIFICAÇÃO]]></Identifica>
    <Data><![CDATA[]]></Data>
    <Ementa />
    <Titulo />
    <SubTitulo />
    <Texto><![CDATA[<p class="identifica">RETIFICAÇÃO</p><p>Na Portaria nº 124.113, de 30 de julho de 2025, publicada na edição 143, seção 2, página 94, do Diário Oficial da União de 31 de julho de 2025, que designa substituto para o Diretor de Regulação, proceder a seguinte retificação: Onde se lê: "PORTARIA Nº 124.113, de 30 de julho de 2025", leia-se: "PORTARIA Nº 124.114, de 30 de julho de 2025".</p>]]></Texto>
  </body>
  <Midias />
</article></xml>