﻿<xml><article id="44724689" name="Portaria GM MPI 143 2025" idOficio="11189808" pubName="DO2" artType="Portaria" pubDate="01/08/2025" artClass="00043:00001:00000:00000:00000:00000:00000:00000:00000:00000:00017:00000" artCategory="Ministério dos Povos Indígenas/Gabinete da Ministra" artSize="12" artNotes="" numberPage="81" pdfPage="http://pesquisa.in.gov.br/imprensa/jsp/visualiza/index.jsp?data=01/08/2025&amp;jornal=529&amp;pagina=81" editionNumber="144" highlightType="" highlightPriority="" highlight="" highlightimage="" highlightimagename="" idMateria="22946048">
  <body>
    <Identifica><![CDATA[ PORTARIA GM/MPI Nº 143, DE 29 DE JULHO DE 2025]]></Identifica>
    <Data><![CDATA[]]></Data>
    <Ementa />
    <Titulo />
    <SubTitulo />
    <Texto><![CDATA[<p class="identifica">PORTARIA GM/MPI Nº 143, DE 29 DE JULHO DE 2025</p><p>A MINISTRA DE ESTADO DOS POVOS INDÍGENAS, no uso das atribuições que lhe confere o inciso IV do parágrafo único do art. 87 da Constituição, tendo em vista o disposto no art. 5º do Decreto nº 6.005, de 28 de dezembro de 2006, e de acordo com o que consta do Processo nº 14021.163782/2023-58, resolve:</p><p>Art. 1º Designar a servidora Jéssica Cristina Bandeira da Silva, matrícula SIAPE nº 3412092, como responsável pelas atividades no Sistema de Assessoramento para Assuntos Federativos (SASF), da Secretaria de Relações Institucionais da Presidência da República.</p><p>Art. 2º Esta Portaria entra em vigor na data de sua publicação</p><p class="assina">SONIA GUAJAJARA</p>]]></Texto>
  </body>
  <Midias />
</article></xml>