﻿<xml><article id="44725415" name="PUBLICACAO DOU - 01-08" idOficio="11189977" pubName="DO2" artType="Portaria" pubDate="01/08/2025" artClass="00025:00073:00001:00000:00000:00000:00000:00000:00000:00000:00017:00000" artCategory="Ministério da Educação/Instituto Federal de Educação, Ciência e Tecnologia da Paraíba/Reitoria" artSize="12" artNotes="" numberPage="25" pdfPage="http://pesquisa.in.gov.br/imprensa/jsp/visualiza/index.jsp?data=01/08/2025&amp;jornal=529&amp;pagina=25" editionNumber="144" highlightType="" highlightPriority="" highlight="" highlightimage="" highlightimagename="" idMateria="22946263">
  <body>
    <Identifica><![CDATA[ PORTARIA Nº 1.367, DE 31 DE JULHO DE 2025]]></Identifica>
    <Data><![CDATA[]]></Data>
    <Ementa />
    <Titulo />
    <SubTitulo />
    <Texto><![CDATA[<p class="identifica">PORTARIA Nº 1.367, DE 31 DE JULHO DE 2025</p><p>A REITORA DO INSTITUTO FEDERAL DE EDUCAÇÃO, CIÊNCIA E TECNOLOGIA DA PARAÍBA, nomeada pelo Decreto Presidencial de 18-10-2022, publicado no Diário Oficial da União em 19-10-2022, no uso de suas atribuições legais e considerando o que consta do Processo nº 23171.001059.2025-15, resolve:</p><p>Art. 1° Conceder aposentadoria voluntária, a servidora Porcina Formiga dos Santos Salgado, ocupante do cargo de Bibliotecário-documentalista, Classe E, padrão 17, do Quadro Permanente de Pessoal deste Instituto, Campus Monteiro, com fundamento no artigo 4, incisos I, II, III, IV, V, §1º c/c §6º, Incisos II da Emenda Constitucional nº 103/2019.</p><p>Art. 2º Declarar vago o referido cargo.</p><p class="assina">MARY ROBERTA MEIRA MARINHO</p>]]></Texto>
  </body>
  <Midias />
</article></xml>