﻿<xml><article id="44718328" name="PORTARIA N 501_22916664" idOficio="11171798" pubName="DO2" artType="Portaria" pubDate="01/08/2025" artClass="00070:00060:00001:00000:00000:00000:00000:00000:00000:00000:00017:00000" artCategory="Poder Judiciário/Tribunal Regional do Trabalho da 19ª Região/Presidência" artSize="12" artNotes="" numberPage="112" pdfPage="http://pesquisa.in.gov.br/imprensa/jsp/visualiza/index.jsp?data=01/08/2025&amp;jornal=529&amp;pagina=112" editionNumber="144" highlightType="" highlightPriority="" highlight="" highlightimage="" highlightimagename="" idMateria="22916664">
  <body>
    <Identifica><![CDATA[ PORTARIA GP/TRT 19ª N° 501, DE 28 DE JULHO DE 2025]]></Identifica>
    <Data><![CDATA[]]></Data>
    <Ementa />
    <Titulo />
    <SubTitulo />
    <Texto><![CDATA[<p class="identifica">PORTARIA GP/TRT 19ª N° 501, DE 28 DE JULHO DE 2025</p><p>O DESEMBARGADOR-PRESIDENTE DO TRIBUNAL REGIONAL DO TRABALHO DA DÉCIMA NONA REGIÃO, usando de suas atribuições legais e regimentais estabelecidas no inciso VII do artigo 24 do Regimento Interno, e tendo em vista o contido PROAD n.º 4.105, de 21/07/2025, resolve:</p><p>Art. 1º Dispensar o servidor Antonio de Araújo Aguiar Filho, Técnico Judiciário, da função comissionada Assistente, de nível FC-2, da 4ª Vara do Trabalho de Maceió/AL.</p><p>Art. 2º Remover o servidor acima identificado da 4ª Vara do Trabalho de Maceió/AL para a 9ª Vara do Trabalho de Maceió/AL, e designá-lo para exercer a função comissionada de Secretário de Audiência I, de nível FC-4, da 9ª Vara do Trabalho de Maceió/AL.</p><p>Art. 3º Os efeitos da presente Portaria vigoram a partir da publicação.</p><p class="assina">JASIEL IVO</p>]]></Texto>
  </body>
  <Midias />
</article></xml>