﻿<xml><article id="44717482" name="PORTARIA N 614_22916360" idOficio="11171559" pubName="DO2" artType="Portaria" pubDate="01/08/2025" artClass="00070:00042:00001:00001:00000:00000:00000:00000:00000:00000:00017:00000" artCategory="Poder Judiciário/Tribunal Regional do Trabalho da 1ª Região/Presidência/Gabinete da Presidência" artSize="12" artNotes="" numberPage="108" pdfPage="http://pesquisa.in.gov.br/imprensa/jsp/visualiza/index.jsp?data=01/08/2025&amp;jornal=529&amp;pagina=108" editionNumber="144" highlightType="" highlightPriority="" highlight="" highlightimage="" highlightimagename="" idMateria="22916360">
  <body>
    <Identifica><![CDATA[ PORTARIA SGP N° 614, DE 17 DE JULHO DE 2025]]></Identifica>
    <Data><![CDATA[]]></Data>
    <Ementa />
    <Titulo />
    <SubTitulo />
    <Texto><![CDATA[<p class="identifica">PORTARIA SGP N° 614, DE 17 DE JULHO DE 2025</p><p>O PRESIDENTE DO TRIBUNAL REGIONAL DO TRABALHO DA PRIMEIRA REGIÃO, no uso de suas atribuições legais e regimentais, tendo em vista o que consta do Processo eletrônico nº 4168/2025 PROAD resolve:</p><p>Conceder aposentadoria voluntária à servidora LIDIA MARIA BASTOS RODRIGUES SILVA no cargo de Técnico Judiciário, Área Administrativa, Classe C, Padrão 13, com fundamento no art. 4º, incisos I a V, §2º, § 6º, inciso II, e § 7º, inciso I, e proventos calculados na base de 104% (cento e quatro por cento) da média aritmética apurada na forma do art. 26 caput, §1º e § 2º, inciso I, da Emenda Constitucional nº 103/2019, bem como o pagamento do Benefício Especial previsto no art. 3º, §§1º e 5º da Lei n.º 12.618/2012.</p><p class="assina">LEONARDO DA SILVEIRA PACHECO</p>]]></Texto>
  </body>
  <Midias />
</article></xml>