﻿<xml><article id="44722607" name="PORTARIA N 273_22945322" idOficio="11189346" pubName="DO2" artType="Portaria" pubDate="01/08/2025" artClass="00019:00002:00000:00000:00000:00000:00000:00000:00000:00000:00017:00000" artCategory="Ministério do Desenvolvimento, Indústria, Comércio e Serviços/Secretaria Executiva" artSize="12" artNotes="" numberPage="17" pdfPage="http://pesquisa.in.gov.br/imprensa/jsp/visualiza/index.jsp?data=01/08/2025&amp;jornal=529&amp;pagina=17" editionNumber="144" highlightType="" highlightPriority="" highlight="" highlightimage="" highlightimagename="" idMateria="22945322">
  <body>
    <Identifica><![CDATA[ PORTARIA DE PESSOAL SE/MDIC N° 273, DE 29 DE JULHO DE 2025]]></Identifica>
    <Data><![CDATA[]]></Data>
    <Ementa />
    <Titulo />
    <SubTitulo />
    <Texto><![CDATA[<p class="identifica">PORTARIA DE PESSOAL SE/MDIC N° 273, DE 29 DE JULHO DE 2025</p><p>O SECRETÁRIO-EXECUTIVO DO MINISTÉRIO DO DESENVOLVIMENTO, INDÚSTRIA, COMÉRCIO E SERVIÇOS no uso de suas atribuições e, considerando a delegação de competência contida na Portaria GM/MDIC nº 21, de 1º de março de 2023, publicada no Diário Oficial da União de 03 de março de 2023, bem como o disposto no Processo nº 19687.005365/2024-62, resolve:</p><p>Exonerar, a pedido, a contar de 22 de julho de 2025, EDSON HAMILTON JUVÊNCIO LEAL, matrícula Siape nº 3423194, do cargo de Assistente Técnico do Gabinete da Secretaria de Economia Verde, Descarbonização e Bioindústria, deste Ministério, código CCE 2.06.</p><p class="assina">MÁRCIO FERNANDO ELIAS ROSA</p>]]></Texto>
  </body>
  <Midias />
</article></xml>