﻿<xml><article id="44717437" name="PORTARIA N 1.099 SINC 22944519" idOficio="11188679" pubName="DO2" artType="Portaria" pubDate="01/08/2025" artClass="00033:00002:00000:00000:00000:00000:00000:00000:00000:00000:00017:00006" artCategory="Ministério da Justiça e Segurança Pública/Secretaria Executiva" artSize="12" artNotes="" numberPage="72" pdfPage="http://pesquisa.in.gov.br/imprensa/jsp/visualiza/index.jsp?data=01/08/2025&amp;jornal=529&amp;pagina=72" editionNumber="144" highlightType="" highlightPriority="" highlight="" highlightimage="" highlightimagename="" idMateria="22944519">
  <body>
    <Identifica><![CDATA[ PORTARIA DE PESSOAL SE/MJSP Nº 1.099, DE 30 DE JULHO DE 2025]]></Identifica>
    <Data><![CDATA[]]></Data>
    <Ementa />
    <Titulo />
    <SubTitulo />
    <Texto><![CDATA[<p class="identifica">PORTARIA DE PESSOAL SE/MJSP Nº 1.099, DE 30 DE JULHO DE 2025</p><p>O SECRETÁRIO-EXECUTIVO DO MINISTÉRIO DA JUSTIÇA E SEGURANÇA PÚBLICA, no uso da competência que lhe foi subdelegada pelo art. 3º, inciso I, da Portaria nº 665, de 24 de junho de 2024, do Ministério da Justiça e Segurança Pública, resolve:</p><p>Designar o Policial Rodoviário Federal CLEITON DE ALMEIDA MEDEIROS para exercer a função de Superintendente da Polícia Rodoviária Federal em Pernambuco, código FCE 1.12.</p><p class="assina">MANOEL CARLOS DE ALMEIDA NETO</p>]]></Texto>
  </body>
  <Midias />
</article></xml>