﻿<xml><article id="44718283" name="port" idOficio="11188700" pubName="DO2" artType="Portaria" pubDate="01/08/2025" artClass="00025:00149:00001:00000:00000:00000:00000:00000:00000:00000:00017:00002" artCategory="Ministério da Educação/Fundação Universidade Federal do Mato Grosso do Sul/Reitoria" artSize="12" artNotes="" numberPage="50" pdfPage="http://pesquisa.in.gov.br/imprensa/jsp/visualiza/index.jsp?data=01/08/2025&amp;jornal=529&amp;pagina=50" editionNumber="144" highlightType="" highlightPriority="" highlight="" highlightimage="" highlightimagename="" idMateria="22944547">
  <body>
    <Identifica><![CDATA[ PORTARIA Nº 1.037-RTR/UFMS, DE 30 DE JULHO DE 2025]]></Identifica>
    <Data><![CDATA[]]></Data>
    <Ementa />
    <Titulo />
    <SubTitulo />
    <Texto><![CDATA[<p class="identifica">PORTARIA Nº 1.037-RTR/UFMS, DE 30 DE JULHO DE 2025</p><p>A REITORA DA FUNDAÇÃO UNIVERSIDADE FEDERAL DE MATO GROSSO DO SUL, no exercício do cargo de REITOR, no uso da atribuição que lhe confere o art. 7º, caput, inciso XV, do Regimento Geral da UFMS, e considerando o contido no Processo nº 23455.000201/2025-21, resolve:</p><p>1. Dispensar CARLOS EDUARDO ANDRADE PARPINELLI da Função Gratificada de Auxiliar em Gestão Acadêmica (FG5) do Gabinete do Câmpus de Chapadão do Sul.</p><p>2. Designar CARLOS EDUARDO ANDRADE PARPINELLI para exercer a Função Gratificada de Auxiliar em Gestão Acadêmica (FG5) na Coordenação de Gestão Acadêmica do Câmpus de Chapadão do Sul.</p><p class="assina">CAMILA CELESTE BRANDÃO FERREIRA ÍTAVO</p>]]></Texto>
  </body>
  <Midias />
</article></xml>