﻿<xml><article id="44720710" name="EDITALSUDESTEIII" idOficio="11188868" pubName="DO2" artType="Edital de Notificação" pubDate="01/08/2025" artClass="00099:00044:00018:00094:00000:00000:00000:00000:00000:00000:00000:00007:00000" artCategory="Editais e Avisos/Ministério da Previdência Social" artSize="12" artNotes="" numberPage="116" pdfPage="http://pesquisa.in.gov.br/imprensa/jsp/visualiza/index.jsp?data=01/08/2025&amp;jornal=529&amp;pagina=116" editionNumber="144" highlightType="" highlightPriority="" highlight="" highlightimage="" highlightimagename="" idMateria="22944756">
  <body>
    <Identifica><![CDATA[ EDITAL DE NOTIFICAÇÃO]]></Identifica>
    <Data><![CDATA[]]></Data>
    <Ementa />
    <Titulo />
    <SubTitulo />
    <Texto><![CDATA[<p class="identifica">EDITAL DE NOTIFICAÇÃO</p><p>A Comissão Temporária de Tomada de Contas Especial - TCE, da Superintendência Regional Sudeste III do Instituto Nacional do Seguro Social - INSS, designada pela Portaria nº 93/INSS/SRSE-III, de 14 de julho de 2025, publicada no Boletim de Serviço Eletrônico de 14.07.2025, com base no disposto no artigo 2º da IN/TCU/N° 98, de 27 de novembro de 2024, NOTIFICA: Leila Gonçalves dos Santos, CPF: 535.XXX.XXX-15, para contactar a Comissão de TCE, no prazo de 15 (quinze) dias a contar da publicação desta notificação, mediante e-mail institucional corina.souza@inss.gov.br, a fim de tomar ciência dos autos do Processo de Tomada de Contas Especial nº 35014.267853/2025-11, e apresentar defesa ou promover a quitação do débito apurado, esclarecendo que haverá continuidade do processo independentemente do comparecimento, nos termos do §1º do art. 26 da Lei nº 9.784/99.</p><p class="assina">CORINA FRANCISCA DE SOUZA</p><p class="cargo">Tomadora de Contas</p>]]></Texto>
  </body>
  <Midias />
</article></xml>