﻿<xml><article id="44720680" name="PORTARIA N 1.122_22944689" idOficio="11188783" pubName="DO2" artType="Portaria" pubDate="01/08/2025" artClass="00033:00002:00000:00000:00000:00000:00000:00000:00000:00000:00017:00010" artCategory="Ministério da Justiça e Segurança Pública/Secretaria Executiva" artSize="12" artNotes="" numberPage="73" pdfPage="http://pesquisa.in.gov.br/imprensa/jsp/visualiza/index.jsp?data=01/08/2025&amp;jornal=529&amp;pagina=73" editionNumber="144" highlightType="" highlightPriority="" highlight="" highlightimage="" highlightimagename="" idMateria="22944689">
  <body>
    <Identifica><![CDATA[ PORTARIA DE PESSOAL SE/MJSP Nº 1.122, DE 30 DE JULHO DE 2025]]></Identifica>
    <Data><![CDATA[]]></Data>
    <Ementa />
    <Titulo />
    <SubTitulo />
    <Texto><![CDATA[<p class="identifica">PORTARIA DE PESSOAL SE/MJSP Nº 1.122, DE 30 DE JULHO DE 2025</p><p>O SECRETÁRIO-EXECUTIVO DO MINISTÉRIO DA JUSTIÇA E SEGURANÇA PÚBLICA, no uso da competência que lhe foi delegada pelo art. 1º, inciso XXIX, da Portaria nº 665, de 24 de junho de 2024, do Ministério da Justiça e Segurança Pública, resolve:</p><p>Dispensar o Delegado de Polícia Federal EDGARD BUTZE GRUDTNER do encargo de substituto eventual da função de Coordenador de Sistemas de Gestão Integrada da Corregedoria-Geral da Polícia Federal, código FCE 1.10.</p><p class="assina">MANOEL CARLOS DE ALMEIDA NETO</p>]]></Texto>
  </body>
  <Midias />
</article></xml>