﻿<xml><article id="44718211" name="PORTARIA N 2.363_22943904" idOficio="11188191" pubName="DO2" artType="Portaria" pubDate="01/08/2025" artClass="00032:00001:00005:00000:00000:00000:00000:00000:00000:00000:00013:00003" artCategory="Ministério da Integração e do Desenvolvimento Regional/Gabinete do Ministro/Gabinete do Ministro" artSize="12" artNotes="" numberPage="72" pdfPage="http://pesquisa.in.gov.br/imprensa/jsp/visualiza/index.jsp?data=01/08/2025&amp;jornal=529&amp;pagina=72" editionNumber="144" highlightType="" highlightPriority="" highlight="" highlightimage="" highlightimagename="" idMateria="22943904">
  <body>
    <Identifica><![CDATA[ PORTARIA MIDR Nº 2.363, DE 30 DE JULHO DE 2025]]></Identifica>
    <Data><![CDATA[]]></Data>
    <Ementa />
    <Titulo />
    <SubTitulo />
    <Texto><![CDATA[<p class="identifica">PORTARIA MIDR Nº 2.363, DE 30 DE JULHO DE 2025</p><p>O MINISTRO DE ESTADO DA INTEGRAÇÃO E DO DESENVOLVIMENTO REGIONAL, no uso de suas atribuições e em conformidade com o disposto no art. 38 da Lei nº 8.112, de 11 de dezembro de 1990, tendo em vista o disposto no Decreto nº 11.056, de 29 de abril de 2022, e o constante no processo nº 59000.011713/2025-16, resolve:</p><p>DESIGNAR DANILO CESAR DE LUNA ALVES CAMPELO para exercer o encargo de substituto eventual do cargo comissionado de Diretor da Diretoria de Planejamento e Articulação de Políticas, código CCE 1.15, da Superintendência do Desenvolvimento do Nordeste - Sudene, entidade vinculada a este Ministério, sem prejuízo do cargo que ocupa.</p><p class="assina">ANTONIO WALDEZ GÓES DA SILVA</p>]]></Texto>
  </body>
  <Midias />
</article></xml>