﻿<xml><article id="44717164" name="135___Portarias_de_28_7_2025" idOficio="11188639" pubName="DO2" artType="Portaria" pubDate="01/08/2025" artClass="00025:00148:00000:00000:00000:00000:00000:00000:00000:00000:00017:00000" artCategory="Ministério da Educação/Fundação Universidade Federal de Mato Grosso" artSize="12" artNotes="" numberPage="50" pdfPage="http://pesquisa.in.gov.br/imprensa/jsp/visualiza/index.jsp?data=01/08/2025&amp;jornal=529&amp;pagina=50" editionNumber="144" highlightType="" highlightPriority="" highlight="" highlightimage="" highlightimagename="" idMateria="22944483">
  <body>
    <Identifica><![CDATA[ PORTARIAS DE 28 DE JULHO DE 2025]]></Identifica>
    <Data><![CDATA[]]></Data>
    <Ementa />
    <Titulo />
    <SubTitulo />
    <Texto><![CDATA[<p class="identifica">PORTARIAS DE 28 DE JULHO DE 2025</p><p>O Reitor em exercício da Universidade Federal de Mato Grosso, no uso de suas atribuições legais, resolve:</p><p>Nº 519 - Autorizar o afastamento do país da servidora SANDRA JUNG DE MATTOS, matrícula SIAPE nº 2077585, no período de 19 a 25/10/2025, para participar do XVI Congreso Iberoamericano de Historia de la Educación Latinoamericana (CIHELA), na Universidad Alberto Hurtado, Sociedad Chilena de Historia de la Educación y la Universidad de Chilena, na cidade de San Tiago-Chile, com ônus limitado para a UFMT. (Processo nº 23108.062523/2025-11).</p><p>Nº 520 - Autorizar o afastamento do país da servidora ANA LUCIA SARTORI, matrícula SIAPE nº 1752521, no período de 2/10/2025 a 2/11/2025, para realizar curso de idioma inglês na instituição EC Dublin, em Dublin, Irlanda, como parte do programa de licença capacitação, com ônus limitado para a UFMT. (Processo nº 23108.038110/2025-16).</p><p class="assina">SILVANO MACEDO GALVÃO</p>]]></Texto>
  </body>
  <Midias />
</article></xml>