﻿<xml><article id="44717593" name="DOU_SP_1082025" idOficio="11188596" pubName="DO2" artType="Portaria" pubDate="01/08/2025" artClass="00069:00001:00002:00008:00001:00001:00000:00000:00000:00000:00017:00000" artCategory="Poder Legislativo/Câmara dos Deputados/Diretoria-Geral/Diretoria de Recursos Humanos/Departamento de Pessoal/Coordenação de Secretariado Parlamentar" artSize="12" artNotes="" numberPage="97" pdfPage="http://pesquisa.in.gov.br/imprensa/jsp/visualiza/index.jsp?data=01/08/2025&amp;jornal=529&amp;pagina=97" editionNumber="144" highlightType="" highlightPriority="" highlight="" highlightimage="" highlightimagename="" idMateria="22944455">
  <body>
    <Identifica><![CDATA[ Portarias de  30 de julho de 2025]]></Identifica>
    <Data><![CDATA[]]></Data>
    <Ementa />
    <Titulo />
    <SubTitulo />
    <Texto><![CDATA[<p class="identifica">Portarias de 30 de julho de 2025</p><p>O Diretor da Coordenação de Secretariado Parlamentar, no uso das atribuições que lhe foram delegadas pelo artigo 1º da Portaria n.º 53, de 2002, do Senhor Diretor Administrativo, resolve:</p><p>Nº 5.072 - Exonerar, de acordo com o artigo 35 da Lei n.º 8.112, de 11 de dezembro de 1990, a partir de 30 de julho de 2025, TIAGO GALVÃO DE MOURA, ponto n.º 253303, do cargo em comissão de Secretário Parlamentar, SP03, do Quadro de Pessoal da Câmara dos Deputados, que exerce no gabinete do(a) Deputado(a) JOSÉ AIRTON FÉLIX CIRILO.</p><p>Nº 5.073 - Exonerar, de acordo com o artigo 35 da Lei n.º 8.112, de 11 de dezembro de 1990, a partir de 30 de julho de 2025, IRENE MIDORI KAIHATU, ponto n.º 277162, do cargo em comissão de Secretário Parlamentar, SP13, do Quadro de Pessoal da Câmara dos Deputados, que exerce no gabinete do(a) Deputado(a) RAFAEL SIMOES.</p><p>Nº 5.074 - Exonerar, de acordo com o artigo 35 da Lei n.º 8.112, de 11 de dezembro de 1990, a partir de 30 de julho de 2025, MARIA INÊS LUCAS RAMOS, ponto n.º 277642, do cargo em comissão de Secretário Parlamentar, SP10, do Quadro de Pessoal da Câmara dos Deputados, que exerce no gabinete do(a) Deputado(a) DANRLEI DE DEUS HINTERHOLZ.</p><p>Nº 5.075 - Exonerar, de acordo com o artigo 35 da Lei n.º 8.112, de 11 de dezembro de 1990, a partir de 30 de julho de 2025, CYNTHIA MARIA SCHROEDER, ponto n.º 281610, do cargo em comissão de Secretário Parlamentar, SP04, do Quadro de Pessoal da Câmara dos Deputados, que exerce no gabinete do(a) Deputado(a) PEDRO UCZAI.</p><p>Nº 5.076 - Exonerar, de acordo com o artigo 35 da Lei n.º 8.112, de 11 de dezembro de 1990, a partir de 30 de julho de 2025, JOÃO PEDRO MEDEIROS LIMA BENTO, ponto n.º 281823, do cargo em comissão de Secretário Parlamentar, SP17, do Quadro de Pessoal da Câmara dos Deputados, que exerce no gabinete do(a) Deputado(a) DIMAS GADELHA.</p><p>Nº 5.077 - Exonerar, de acordo com o artigo 35 da Lei n.º 8.112, de 11 de dezembro de 1990, a partir de 30 de julho de 2025, MIRIÃ CRISTINA DE MOURA MORGADO, ponto n.º 281994, do cargo em comissão de Secretário Parlamentar, SP02, do Quadro de Pessoal da Câmara dos Deputados, que exerce no gabinete do(a) Deputado(a) BRUNO GANEM.</p><p>Nº 5.078 - Exonerar, de acordo com o artigo 35 da Lei n.º 8.112, de 11 de dezembro de 1990, a partir de 30 de julho de 2025, LUIZA ALCÉIA NAGI PASSAMANI, ponto n.º 282518, do cargo em comissão de Secretário Parlamentar, SP03, do Quadro de Pessoal da Câmara dos Deputados, que exerce no gabinete do(a) Deputado(a) NELSON BARBUDO.</p><p>Nº 5.079 - Nomear, na forma do artigo 9º, inciso II, da Lei nº 8.112, de 11 de dezembro de 1990, ALCERIO DENES para exercer, no gabinete do(a) Deputado(a) PEDRO WESTPHALEN, o cargo em comissão de Secretário Parlamentar, SP01, do Quadro de Pessoal da Câmara dos Deputados.</p><p>Nº 5.080 - Nomear, na forma do artigo 9º, inciso II, da Lei nº 8.112, de 11 de dezembro de 1990, BÁRBARA GONÇALVES COSTA para exercer, no gabinete do(a) Deputado(a) RAFAEL BRITO , o cargo em comissão de Secretário Parlamentar, SP19, do Quadro de Pessoal da Câmara dos Deputados.</p><p>Nº 5.081 - Nomear, na forma do artigo 9º, inciso II, da Lei nº 8.112, de 11 de dezembro de 1990, FÁTIMA APARECIDA DAL'OLIO SOLANO para exercer, no gabinete do(a) Deputado(a) DELEGADO PAULO BILYNSKYJ, o cargo em comissão de Secretário Parlamentar, SP04, do Quadro de Pessoal da Câmara dos Deputados.</p><p>Nº 5.082 - Nomear, na forma do artigo 9º, inciso II, da Lei nº 8.112, de 11 de dezembro de 1990, JOSIÊ DE ASSIS BRASIL GONZALEZ MILFONT para exercer, no gabinete do(a) Deputado(a) ADRIANA VENTURA, o cargo em comissão de Secretário Parlamentar, SP21, do Quadro de Pessoal da Câmara dos Deputados.</p><p>Nº 5.083 - Nomear, na forma do artigo 9º, inciso II, da Lei nº 8.112, de 11 de dezembro de 1990, SEBASTIÃO NUNES FILHO para exercer, no gabinete do(a) Deputado(a) ROBERTA ROMA, o cargo em comissão de Secretário Parlamentar, SP14, do Quadro de Pessoal da Câmara dos Deputados.</p><p>Nº 5.084 - Nomear, na forma do artigo 9º, inciso II, da Lei nº 8.112, de 11 de dezembro de 1990, TON BORGES VALENCIO para exercer, no gabinete do(a) Deputado(a) MARCOS POLLON, o cargo em comissão de Secretário Parlamentar, SP03, do Quadro de Pessoal da Câmara dos Deputados.</p><p class="assina">Carlos Augusto Lima de Azevêdo</p>]]></Texto>
  </body>
  <Midias />
</article></xml>