﻿<xml><article id="44718298" name="CP2_RTF_Portaria_5488" idOficio="11172633" pubName="DO2" artType="Portaria" pubDate="01/08/2025" artClass="00025:00051:00022:00000:00000:00000:00000:00000:00000:00000:00017:00000" artCategory="Ministério da Educação/Colégio Pedro II/Pró-Reitoria de Gestão de Pessoas" artSize="12" artNotes="" numberPage="19" pdfPage="http://pesquisa.in.gov.br/imprensa/jsp/visualiza/index.jsp?data=01/08/2025&amp;jornal=529&amp;pagina=19" editionNumber="144" highlightType="" highlightPriority="" highlight="" highlightimage="" highlightimagename="" idMateria="22918062">
  <body>
    <Identifica><![CDATA[ PORTARIA Nº 5.488/PROGESP/CPII, DE 25 DE JULHO DE 2025]]></Identifica>
    <Data><![CDATA[]]></Data>
    <Ementa />
    <Titulo />
    <SubTitulo />
    <Texto><![CDATA[<p class="identifica">PORTARIA Nº 5.488/PROGESP/CPII, DE 25 DE JULHO DE 2025</p><p>A PRÓ-REITORA DE GESTÃO DE PESSOAS DO COLÉGIO PEDRO II, no uso de suas atribuições previstas na Portaria de Delegação de Competência nº 5406, de 18 de julho de 2025 da Magnífica Reitora, publicada no Diário Oficial da União em 22 de julho de 2025, seção 1, página 21 e o que consta no Processo nº 23777.000426/2025-44, resolve</p><p>Conceder Aposentadoria Voluntária com proventos integrais e paridade à servidora JAQUELINE MARQUES TAVARES DE OLIVEIRA, ocupante do cargo de Professor de Ensino Básico Técnico e Tecnológico, SIAPE nº 1768524, Classe/Nível C004, Código de Vaga nº 0203620, em regime de 40 (quarenta) horas semanais com Dedicação Exclusiva de trabalho, nos termos do art. 20, §2º, inciso I c/c o § 8º do art. 4º da Emenda Constitucional nº 103, de 12 de novembro de 2019, assegurando-se as seguintes incorporações: RSC III.</p><p class="assina">VENEZA DA SILVA CRIZANTE</p>]]></Texto>
  </body>
  <Midias />
</article></xml>