﻿<xml><article id="44717239" name="PORTARIA DE PESSOAL NA 146 DE 16" idOficio="11161645" pubName="DO2" artType="Portaria" pubDate="01/08/2025" artClass="00047:00047:00000:00000:00000:00000:00000:00000:00000:00000:00017:00000" artCategory="Ministério da Saúde/Agência Nacional de Saúde Suplementar" artSize="12" artNotes="" numberPage="88" pdfPage="http://pesquisa.in.gov.br/imprensa/jsp/visualiza/index.jsp?data=01/08/2025&amp;jornal=529&amp;pagina=88" editionNumber="144" highlightType="" highlightPriority="" highlight="" highlightimage="" highlightimagename="" idMateria="22898717">
  <body>
    <Identifica><![CDATA[ PORTARIA DE PESSOAL ANS Nº 146, DE 16 DE JULHO DE 2025]]></Identifica>
    <Data><![CDATA[]]></Data>
    <Ementa />
    <Titulo />
    <SubTitulo />
    <Texto><![CDATA[<p class="identifica">PORTARIA DE PESSOAL ANS Nº 146, DE 16 DE JULHO DE 2025</p><p>A DIRETORA-PRESIDENTE INTERINA DA AGÊNCIA NACIONAL DE SAÚDE SUPLEMENTAR, no uso das atribuições legais que lhe conferem o inciso VI do art. 11 da Lei n.º 9.961, de 28 de janeiro de 2000 e o inciso VI do art. 11 do Regulamento aprovado pelo Decreto n.º 3.327, de 5 de janeiro de 2000, resolve:</p><p>Art. 1º Nomear o servidor IGOR CORREIA E SILVA, Matrícula SIAPE nº 2397621, para exercer o Cargo Comissionado Técnico - CCT II, na Diretoria-Adjunta de Normas e Habilitação das Operadoras (DIRAD-DIOPE/DIOPE), ficando exonerada a servidora JANINE RIBEIRO BRUNOV, Matrícula SIAPE nº 2406573, do referido cargo.</p><p>Art. 2º Nomear a servidora JANINE SANT ANA TAVARES, Matrícula SIAPE nº 1539776, para exercer o Cargo Comissionado Técnico - CCT II, na Diretoria-Adjunta de Normas e Habilitação das Operadoras (DIRAD-DIOPE/DIOPE), ficando exonerada a servidora PAULA DE SOUSA GUEDES, Matrícula SIAPE nº 2412071, do referido cargo.</p><p>Art. 3º Nomear a servidora FABIANA SERENO PAPACENA, Matrícula SIAPE nº 1495327, para exercer o Cargo Comissionado Técnico - CCT II, na Diretoria-Adjunta de Normas e Habilitação das Operadoras (DIRAD-DIOPE/DIOPE), ficando exonerado o servidor WESLEY PAULO BARBOSA CRUZ, Matrícula SIAPE nº 2397308, do referido cargo.</p><p class="assina">CARLA DE FIGUEIREDO SOARES</p>]]></Texto>
  </body>
  <Midias />
</article></xml>