﻿<xml><article id="44717956" name="AFA SEC 8537 - JOAO FRANCISCO FR" idOficio="11171582" pubName="DO2" artType="Despacho" pubDate="01/08/2025" artClass="00028:00049:00000:00000:00000:00000:00000:00000:00000:00000:00013:00000" artCategory="Ministério da Fazenda/Banco do Brasil S.A." artSize="12" artNotes="" numberPage="63" pdfPage="http://pesquisa.in.gov.br/imprensa/jsp/visualiza/index.jsp?data=01/08/2025&amp;jornal=529&amp;pagina=63" editionNumber="144" highlightType="" highlightPriority="" highlight="" highlightimage="" highlightimagename="" idMateria="22916345">
  <body>
    <Identifica><![CDATA[ DESPACHO de  15 de julho de 2025]]></Identifica>
    <Data><![CDATA[]]></Data>
    <Ementa />
    <Titulo />
    <SubTitulo />
    <Texto><![CDATA[<p class="identifica">DESPACHO de 15 de julho de 2025</p><p>O VICE-PRESIDENTE DO BANCO DO BRASIL, no uso da competência prevista no art. 2º do Decreto nº 1.387, de 07 de fevereiro de 1995, que lhe foi delegada no art. 12 da Portaria MF nº 160, de 06 de maio de 2016, Portaria MF nº 267, de 26 de abril de 2023 e Resolução PRESI nº 149, de 10 de abril de 2025, autoriza:</p><p>O afastamento do País de JOÃO FRANCISCO FRUET JÚNIOR, Diretor - CIB, no período de 31 de agosto a 6 de setembro de 2025, inclusive trânsito, com ônus, na forma do disposto no inciso IV do art. 1º do citado Decreto, a fim de participar de reuniões com clientes CIB (Corporate And Investments Bank) com operações junto ao BB Nova Iorque e participação na UBS Global (Emerging Markets Conference), promovida pelo UBS, que reunirá clientes sob cobertura da Diretoria a investidores institucionais internacionais na cidade de Nova Iorque nos Estados Unidos da América.</p><p class="assina">FRANCISCO AUGUSTO LASSALVIA</p>]]></Texto>
  </body>
  <Midias />
</article></xml>