﻿<xml><article id="44725391" name="PORTARIA N 201 SINC 22946007" idOficio="11189807" pubName="DO2" artType="Portaria" pubDate="01/08/2025" artClass="00025:00138:00001:00000:00000:00000:00000:00000:00000:00000:00017:00000" artCategory="Ministério da Educação/Fundação Coordenação de Aperfeiçoamento de Pessoal de Nível Superior/Gabinete" artSize="12" artNotes="" numberPage="48" pdfPage="http://pesquisa.in.gov.br/imprensa/jsp/visualiza/index.jsp?data=01/08/2025&amp;jornal=529&amp;pagina=48" editionNumber="144" highlightType="" highlightPriority="" highlight="" highlightimage="" highlightimagename="" idMateria="22946007">
  <body>
    <Identifica><![CDATA[ PORTARIA CAPES N° 201, DE 30 DE JULHO DE 2025]]></Identifica>
    <Data><![CDATA[]]></Data>
    <Ementa />
    <Titulo />
    <SubTitulo />
    <Texto><![CDATA[<p class="identifica">PORTARIA CAPES N° 201, DE 30 DE JULHO DE 2025</p><p>A PRESIDENTE DA COORDENAÇÃO DE APERFEIÇOAMENTO DE PESSOAL DE NÍVEL SUPERIOR - CAPES, no uso das atribuições que lhe são conferidas pela Portaria MEC nº 1.819, de 11 de setembro de 2023 e pelo Decreto nº 11.238, de 18 de outubro de 2022, resolve:</p><p>Designar Felipe Formiga Tavares, SIAPE nº 1663092, para ocupar a Função Comissionada Executiva de Coordenador, FCE 1.10, da Coordenação de Fomento a Ações para Redução de Assimetrias - CFAR, da Coordenação Geral de Fomento a Ações Estratégicas - CGFAE, da Diretoria de Programas e Bolsas no País - DPB, da Coordenação de Aperfeiçoamento de Pessoal de Nível Superior - CAPES, conforme Processo nº 23038.005517/2025-20.</p><p class="assina">DENISE PIRES DE CARVALHO</p>]]></Texto>
  </body>
  <Midias />
</article></xml>