﻿<xml><article id="44720677" name="PORTARIA N 3.404 SINC 22944670" idOficio="11188741" pubName="DO2" artType="Portaria" pubDate="01/08/2025" artClass="00016:00044:00000:00000:00000:00000:00000:00000:00000:00000:00017:00000" artCategory="Ministério da Defesa/Secretaria de Pessoal, Saúde, Desporto e Projetos Sociais" artSize="12" artNotes="" numberPage="16" pdfPage="http://pesquisa.in.gov.br/imprensa/jsp/visualiza/index.jsp?data=01/08/2025&amp;jornal=529&amp;pagina=16" editionNumber="144" highlightType="" highlightPriority="" highlight="" highlightimage="" highlightimagename="" idMateria="22944670">
  <body>
    <Identifica><![CDATA[ PORTARIA SEPESD-MD Nº 3.404, DE 30 DE JULHO DE 2025]]></Identifica>
    <Data><![CDATA[]]></Data>
    <Ementa />
    <Titulo />
    <SubTitulo />
    <Texto><![CDATA[<p class="identifica">PORTARIA SEPESD-MD Nº 3.404, DE 30 DE JULHO DE 2025</p><p>O SECRETÁRIO DE PESSOAL, SAÚDE, DESPORTO E PROJETOS SOCIAS DO MINISTÉRIO DA DEFESA, no uso da competência que lhe foi subdelegada pelo inciso I do art. 4º da Portaria GM-MD nº 3.939, de 19 de julho de 2022, considerando o disposto no Decreto nº 11.337, de 1º de janeiro de 2023, alterado pelo Decreto nº 11.579, de 27 de junho de 2023, na alínea "b" do inciso VI do art. 1º do Decreto nº 9.088, de 6 de julho de 2017, e o que consta do Processo Administrativo nº 60063.000040/2025-13, resolve:</p><p>NOMEAR</p><p>o Capitão de Mar e Guerra (FN) ADRIANO DE OLIVEIRA CUNHA, para exercer o cargo de Coordenador de Informações e Estratégicas e de Remuneração Militar na Coordenação-Geral de Política de Remuneração Militar do Departamento de Pessoal desta Secretaria, código CCE 1.10.</p><p class="assina">IDERVÂNIO DA SILVA COSTA</p>]]></Texto>
  </body>
  <Midias />
</article></xml>