﻿<xml><article id="44722268" name="26 - Concessao de GSISP - Arthur" idOficio="11189268" pubName="DO2" artType="Portaria" pubDate="01/08/2025" artClass="00051:00002:00000:00000:00000:00000:00000:00000:00000:00000:00017:00000" artCategory="Ministério do Turismo/Secretaria Executiva" artSize="12" artNotes="" numberPage="91" pdfPage="http://pesquisa.in.gov.br/imprensa/jsp/visualiza/index.jsp?data=01/08/2025&amp;jornal=529&amp;pagina=91" editionNumber="144" highlightType="" highlightPriority="" highlight="" highlightimage="" highlightimagename="" idMateria="22945251">
  <body>
    <Identifica><![CDATA[ PORTARIA DE PESSOAL SE/MTUR Nº 26, DE 31 DE JULHO DE 2025]]></Identifica>
    <Data><![CDATA[]]></Data>
    <Ementa />
    <Titulo />
    <SubTitulo />
    <Texto><![CDATA[<p class="identifica">PORTARIA DE PESSOAL SE/MTUR Nº 26, DE 31 DE JULHO DE 2025</p><p>O SECRETÁRIO-EXECUTIVO SUBSTITUTO DO MINISTÉRIO DO TURISMO, no uso das atribuições que lhe foram conferidas pela Portaria de Pessoal MTUR nº 347, de 18 de outubro de 2024, pelo art. 4º, inciso II, da Portaria MTur nº 21, de 5 de julho de 2023, e pelo art. 13 do Decreto nº 11.416, de 16 de fevereiro de 2023, observadas as condições e distribuições de Gratificações Temporárias do Sistema de Administração dos Recursos de Tecnologia da Informação (GSISP) estabelecidas na Portaria SGD/MGI nº 3.385, de 16 de Outubro de 2024, resolve:</p><p>Art. 1º Conceder a Gratificação Temporária do Sistema de Administração dos Recursos de Tecnologia da Informação - GSISP - Transformação Digital, de nível superior, ao servidor ARTHUR GRIMALDI FONSECA, matrícula SIAPE nº 1734735, lotado na Coordenação-Geral de Tecnologia da Informação do Ministério do Turismo.</p><p>Parágrafo Único. Fica dispensada a concessão da gratificação do caput a partir de 1º de janeiro de 2027, data posterior à conclusão do Plano de Transformação Digital do Ministério do Turismo em vigor.</p><p>Art. 2º Esta portaria entra em vigor na data de sua publicação.</p><p class="assina">CAIO MARTINS FRANCO</p>]]></Texto>
  </body>
  <Midias />
</article></xml>