﻿<xml><article id="44717920" name="Port. APO - 7109" idOficio="11162226" pubName="DO2" artType="Portaria" pubDate="01/08/2025" artClass="00025:00110:00001:00000:00000:00000:00000:00000:00000:00000:00017:00003" artCategory="Ministério da Educação/Universidade Federal de Minas Gerais/Reitoria" artSize="12" artNotes="" numberPage="37" pdfPage="http://pesquisa.in.gov.br/imprensa/jsp/visualiza/index.jsp?data=01/08/2025&amp;jornal=529&amp;pagina=37" editionNumber="144" highlightType="" highlightPriority="" highlight="" highlightimage="" highlightimagename="" idMateria="22899554">
  <body>
    <Identifica><![CDATA[ PORTARIA Nº 7.109, DE 21 DE JULHO DE 2025]]></Identifica>
    <Data><![CDATA[]]></Data>
    <Ementa />
    <Titulo />
    <SubTitulo />
    <Texto><![CDATA[<p class="identifica">PORTARIA Nº 7.109, DE 21 DE JULHO DE 2025</p><p>A Reitora da Universidade Federal de Minas Gerais, no uso de suas atribuições e considerando a documentação que instrui o Processo n.° 23072.226594/2025-03, resolve:</p><p>Nos termos do Art. 4º, caput, §6º, I, e §8º, da Emenda Constitucional n.° 103/2019, aposentar Leticia Maria Henriques Resende, matrícula SIAPE n.° 1143688, ocupante do cargo de Professor do Magistério Superior, Classe A, com denominação de Professor Assistente, Nível 01, lotada na Faculdade de Medicina, com proventos integrais, por ter provado contar 30 (trinta) anos de contribuição.</p><p class="assina">SANDRA REGINA GOULART ALMEIDA</p>]]></Texto>
  </body>
  <Midias />
</article></xml>