﻿<xml><article id="44724728" name="PORTARIA nA. 317-2025 - Dispensa" idOficio="11189837" pubName="DO2" artType="Portaria" pubDate="01/08/2025" artClass="00070:00062:00001:00002:00001:00000:00000:00000:00000:00000:00001:00005" artCategory="Poder Judiciário/Tribunal Regional do Trabalho da 21ª Região/Presidência/Diretoria-Geral/Secretaria Administrativa" artSize="12" artNotes="" numberPage="113" pdfPage="http://pesquisa.in.gov.br/imprensa/jsp/visualiza/index.jsp?data=01/08/2025&amp;jornal=529&amp;pagina=113" editionNumber="144" highlightType="" highlightPriority="" highlight="" highlightimage="" highlightimagename="" idMateria="22946025">
  <body>
    <Identifica><![CDATA[ PORTARIA Nº 317, DE 31 DE JULHO DE 2025]]></Identifica>
    <Data><![CDATA[]]></Data>
    <Ementa />
    <Titulo />
    <SubTitulo />
    <Texto><![CDATA[<p class="identifica">PORTARIA Nº 317, DE 31 DE JULHO DE 2025</p><p>O DESEMBARGADOR PRESIDENTE DO TRIBUNAL REGIONAL DO TRABALHO DA 21ª REGIÃO, no uso de suas atribuições legais e regimentais,</p><p>Considerando as disposições contidas no artigo 21, inciso XV, do Regimento Interno;</p><p>Considerando os termos do PROAD nº 3463/2025, resolve:</p><p>Dispensar JOSANNY ALVES DA SILVA, matrícula 308.21.1330, da Função Comissionada de Assistente de Juiz (FC-05) da Vara do Trabalho de Currais Novos, com efeitos a contar da publicação da presente Portaria.</p><p class="assina">EDUARDO SERRANO DA ROCHA</p>]]></Texto>
  </body>
  <Midias />
</article></xml>