﻿<xml><article id="44718061" name="PORTARIA N. 151 APOSENTADORIA RE" idOficio="11160870" pubName="DO2" artType="Portaria" pubDate="01/08/2025" artClass="00013:00040:00000:00000:00000:00000:00000:00000:00000:00000:00017:00000" artCategory="Ministério da Ciência, Tecnologia e Inovação/Instituto Nacional de Pesquisas da Amazônia" artSize="12" artNotes="" numberPage="5" pdfPage="http://pesquisa.in.gov.br/imprensa/jsp/visualiza/index.jsp?data=01/08/2025&amp;jornal=529&amp;pagina=5" editionNumber="144" highlightType="" highlightPriority="" highlight="" highlightimage="" highlightimagename="" idMateria="22896995">
  <body>
    <Identifica><![CDATA[ PORTARIA Nº 151, DE 22 DE JULHO DE 2025]]></Identifica>
    <Data><![CDATA[]]></Data>
    <Ementa />
    <Titulo />
    <SubTitulo />
    <Texto><![CDATA[<p class="identifica">PORTARIA Nº 151, DE 22 DE JULHO DE 2025</p><p>O DIRETOR DO INSTITUTO NACIONAL DE PESQUISAS DA AMAZÔNIA - INPA, do MINISTÉRIO DA CIÊNCIA, TECNOLOGIA E INOVAÇÃO, usando da competência que lhe foi delegada pelo artigo 9.º do Decreto n.º 2.251, de 12 de junho de 1997, publicado no Diário Oficial da União do dia 13 subsequente e pelo inciso XXIV do artigo 1.º da Portaria n.º 407-MCT, de 29 de junho de 2006, publicada no Diário Oficial da União do dia 30 subsequente e considerando o que consta do Processo SEI n.º 01280.000870/2025-17, resolve:</p><p>Conceder aposentadoria voluntária a Reinaldo Imbroisi Barbosa, matrícula SIAPE nº 0663791, ocupante do cargo de Pesquisador, classe S, padrão III do Quadro permanente do Instituto Nacional de Pesquisas da Amazônia, com fundamento conforme art. 20º da EC nº 103/2019, parágrafo 2º, inciso I - Pedágio (processo nº 01280.000870/2025-17).</p><p>Declarar vago o Código de Vaga Nº 415070.</p><p class="assina">HENRIQUE DOS SANTOS PEREIRA</p>]]></Texto>
  </body>
  <Midias />
</article></xml>