﻿<xml><article id="44723297" name="EXTRATOPORTARIA 1A.08 DOU_Rosy" idOficio="11189435" pubName="DO2" artType="Portaria" pubDate="01/08/2025" artClass="00025:00158:00001:00000:00000:00000:00000:00000:00000:00000:00017:00000" artCategory="Ministério da Educação/Fundação Universidade Federal de São João Del Rei/Reitoria" artSize="12" artNotes="" numberPage="52" pdfPage="http://pesquisa.in.gov.br/imprensa/jsp/visualiza/index.jsp?data=01/08/2025&amp;jornal=529&amp;pagina=52" editionNumber="144" highlightType="" highlightPriority="" highlight="" highlightimage="" highlightimagename="" idMateria="22945586">
  <body>
    <Identifica><![CDATA[ PORTARIAS de 31 DE JULHO DE 2025]]></Identifica>
    <Data><![CDATA[]]></Data>
    <Ementa />
    <Titulo />
    <SubTitulo />
    <Texto><![CDATA[<p class="identifica">PORTARIAS de 31 DE JULHO DE 2025</p><p>A REITORA EM EXERCÍCIO DA UNIVERSIDADE FEDERAL DE SÃO JOÃO DEL-REI - UFSJ, no uso de suas atribuições legais e estatutárias, resolve:</p><p>Nº 562 - Art. 1º Exonerar, a partir de 1º.09.2025, o professor MÚCIO TOSTA GONÇALVES da função de Coordenador pro tempore do Programa Interdepartamental de Pós-graduação Interdisciplinar em Artes, Urbanidades e Sustentabilidade (PIPAUS), FCC, da Pró-reitoria de Pesquisa e Pós-graduação.</p><p>Art. 2º Nomear a professora IARA FREITAS LOPES para exercer a função de Coordenadora do Programa Interdepartamental de Pós-graduação Interdisciplinar em Artes, Urbanidades e Sustentabilidade (PIPAUS), FCC, da Pró-reitoria de Pesquisa e Pós-graduação, pelo período de 1º.09.2025 a 1º.09.2027.</p><p>Nº 564 - Art. 1º Conceder aposentadoria a servidora VALÉRIA AZEVEDO JUNQUEIRA, matrícula SIAPE nº ****170, ocupante do cargo de Professor do Magistério Superior, Classe A, Nível 001, em Regime de 40 horas semanais, do Quadro de Pessoal da Universidade Federal de São João del-Rei, com fundamento no artigo 40, §1º, inciso I, da Constituição Federal de 1988, com redação dada pela Emenda Constitucional nº 103/2019, combinado com art. 10, § 1º, II e § 4º da mesma Emenda, com proventos proporcionais calculados com fulcro no art. 26, § 2º da EC nº 103/2019.</p><p>Art. 2º Declarar vago, para fins de direito, o cargo de Professor do Magistério Superior, código de vaga 0930805, referido no artigo 1º da presente Portaria. (Processo nº 23122.024949/2025-81)</p><p>Estas Portarias entram em vigor na data de sua publicação no Diário Oficial da União.</p><p class="assina">ROSY IARA MACIEL DE AZAMBUJA RIBEIRO</p>]]></Texto>
  </body>
  <Midias />
</article></xml>