﻿<xml><article id="44718262" name="2025-07-18/11155162/andrev_22887" idOficio="11155162" pubName="DO2" artType="Ato" pubDate="01/08/2025" artClass="00070:00005:00009:00000:00000:00000:00000:00000:00000:00000:00001:00003" artCategory="Poder Judiciário/Tribunal Superior do Trabalho/Secretaria" artSize="12" artNotes="" numberPage="100" pdfPage="http://pesquisa.in.gov.br/imprensa/jsp/visualiza/index.jsp?data=01/08/2025&amp;jornal=529&amp;pagina=100" editionNumber="144" highlightType="" highlightPriority="" highlight="" highlightimage="" highlightimagename="" idMateria="22887852">
  <body>
    <Identifica><![CDATA[ ATO Nº 384, DE 18 DE JULHO DE 2025]]></Identifica>
    <Data><![CDATA[]]></Data>
    <Ementa />
    <Titulo />
    <SubTitulo />
    <Texto><![CDATA[<p class="identifica">ATO Nº 384, DE 18 DE JULHO DE 2025</p><p>O DIRETOR-GERAL DA SECRETARIA SUBSTITUTO DO TRIBUNAL SUPERIOR DO TRABALHO, no uso de suas atribuições legais e regulamentares,</p><p>considerando o constante da Proposta nº 2642 do Sistema de Gestão de Pessoas - Sigep TST, de 18/07/2025, resolve:</p><p>Designar o servidor VANIVALDO VIEIRA LIMA, código 29116, Técnico Judiciário, Área Apoio Especializado, Especialidade Taquigrafia, para exercer a função comissionada de Assistente 5, Nível FC-5, da ENAMAT - Coordenadoria Administrativa, ficando dispensado, a pedido, da função comissionada de Assistente 3, Nível FC-3, da referida Coordenadoria.</p><p class="assina">JOSE RAILTON SILVA REGO</p>]]></Texto>
  </body>
  <Midias />
</article></xml>