﻿<xml><article id="44722148" name="PORTARIA N 604_22945191" idOficio="11189222" pubName="DO2" artType="Portaria" pubDate="01/08/2025" artClass="00025:00109:00000:00000:00000:00000:00000:00000:00000:00000:00017:00000" artCategory="Ministério da Educação/Universidade Federal de Lavras" artSize="12" artNotes="" numberPage="37" pdfPage="http://pesquisa.in.gov.br/imprensa/jsp/visualiza/index.jsp?data=01/08/2025&amp;jornal=529&amp;pagina=37" editionNumber="144" highlightType="" highlightPriority="" highlight="" highlightimage="" highlightimagename="" idMateria="22945191">
  <body>
    <Identifica><![CDATA[ PORTARIA Nº 604, DE 28 DE JULHO DE 2025]]></Identifica>
    <Data><![CDATA[]]></Data>
    <Ementa />
    <Titulo />
    <SubTitulo />
    <Texto><![CDATA[<p class="identifica">PORTARIA Nº 604, DE 28 DE JULHO DE 2025</p><p>O REITOR EM EXERCÍCIO DA UNIVERSIDADE FEDERAL DE LAVRAS, no uso de suas atribuições legais e regimentais, e tendo em vista o que consta nos autos do Processo nº 23090.013225/2025-26, resolve:</p><p>Art. 1º Conceder aposentadoria voluntária por tempo de contribuição, com proventos integrais, ao servidor José Marcio de Mello, matrícula SIAPE nº 5096004 e matrícula de origem nº 140770, ocupante do cargo de Professor do Magistério Superior, denominação Titular, Classe D, pertencente ao Quadro Permanente desta Universidade Federal de Lavras, lotado no Departamento de Ciências Florestais da Escola de Ciências Agrárias de Lavras, nos termos do art. 20, § 2º, inciso I, da Emenda Constitucional nº 103/2019, declarando a vacância do cargo de vaga nº 232950.</p><p>Art. 2º Esta Portaria entra em vigor na data de sua publicação no Diário Oficial da União.</p><p class="assina">JACKSON ANTÔNIO BARBOSA</p>]]></Texto>
  </body>
  <Midias />
</article></xml>