﻿<xml><article id="44722115" name="RETIFICACAO 2398" idOficio="11189140" pubName="DO2" artType="Retificação" pubDate="01/08/2025" artClass="00053:00001:00000:00000:00000:00000:00000:00000:00000:00000:00021:00000" artCategory="Controladoria-Geral da União/Gabinete do Ministro" artSize="12" artNotes="" numberPage="91" pdfPage="http://pesquisa.in.gov.br/imprensa/jsp/visualiza/index.jsp?data=01/08/2025&amp;jornal=529&amp;pagina=91" editionNumber="144" highlightType="" highlightPriority="" highlight="" highlightimage="" highlightimagename="" idMateria="22945208">
  <body>
    <Identifica><![CDATA[ RETIFICAÇÃO]]></Identifica>
    <Data><![CDATA[]]></Data>
    <Ementa />
    <Titulo />
    <SubTitulo />
    <Texto><![CDATA[<p class="identifica">RETIFICAÇÃO</p><p>Na Portaria n° 2.398, de 30 de julho de 2025, publicada na edição do DOU n° 143, de 31-07-2025, seção 2, página 94, onde se lê: "matrícula SIAPE nº 1938272", leia-se: "matrícula SIAPE nº 1622084".</p>]]></Texto>
  </body>
  <Midias />
</article></xml>