﻿<xml><article id="44721752" name="IFMT_RTF_Portaria_4205" idOficio="11189071" pubName="DO2" artType="Portaria" pubDate="01/08/2025" artClass="00025:00068:00001:00000:00000:00000:00000:00000:00000:00000:00017:00000" artCategory="Ministério da Educação/Instituto Federal de Educação, Ciência e Tecnologia de Mato Grosso/Reitoria" artSize="12" artNotes="" numberPage="25" pdfPage="http://pesquisa.in.gov.br/imprensa/jsp/visualiza/index.jsp?data=01/08/2025&amp;jornal=529&amp;pagina=25" editionNumber="144" highlightType="" highlightPriority="" highlight="" highlightimage="" highlightimagename="" idMateria="22945014">
  <body>
    <Identifica><![CDATA[ PORTARIA Nº 4.205/SRDA/GAB/RTR, DE 31 DE JULHO DE 2025]]></Identifica>
    <Data><![CDATA[]]></Data>
    <Ementa />
    <Titulo />
    <SubTitulo />
    <Texto><![CDATA[<p class="identifica">PORTARIA Nº 4.205/SRDA/GAB/RTR, DE 31 DE JULHO DE 2025</p><p>O REITOR DO INSTITUTO FEDERAL DE EDUCAÇÃO, CIÊNCIA E TECNOLOGIA DE MATO GROSSO, no uso de suas atribuições legais, conferidas pelo Decreto Presidencial de 17/04/2025, publicado no D.O.U de nº 74-A, de 17/04/2025, seção 2, Extra A - página 1 e o que consta no Processo nº 23188.003464.2025-99, resolve:</p><p>Art. 1º Autorizar a prorrogação da Colaboração Técnica do(a) servidor(a) Gisele Cristina Lopes Rosinke, Matrícula SIAPE n. 1892397, ocupante do cargo de Administrador, pertencente ao quadro permanente de pessoal da Reitoria do Instituto Federal de Educação, Ciência e Tecnologia de Mato Grosso no Instituto Federal de Educação, Ciência e Tecnologia de Alagoas - IFAL, até a data de 30 de setembro de 2025.</p><p>Art. 2º O(A) servidor(a) deverá apresentar-se ao órgão de origem após o término da prorrogação da colaboração técnica.</p><p class="assina">JULIO CESAR DOS SANTOS</p>]]></Texto>
  </body>
  <Midias />
</article></xml>