﻿<xml><article id="44717104" name="2025-07-29/11177870/andrev_22925" idOficio="11177870" pubName="DO2" artType="Ato" pubDate="01/08/2025" artClass="00070:00005:00009:00000:00000:00000:00000:00000:00000:00000:00001:00004" artCategory="Poder Judiciário/Tribunal Superior do Trabalho/Secretaria" artSize="12" artNotes="" numberPage="100" pdfPage="http://pesquisa.in.gov.br/imprensa/jsp/visualiza/index.jsp?data=01/08/2025&amp;jornal=529&amp;pagina=100" editionNumber="144" highlightType="" highlightPriority="" highlight="" highlightimage="" highlightimagename="" idMateria="22925891">
  <body>
    <Identifica><![CDATA[ ATO Nº 393, DE 28 DE JULHO DE 2025]]></Identifica>
    <Data><![CDATA[]]></Data>
    <Ementa />
    <Titulo />
    <SubTitulo />
    <Texto><![CDATA[<p class="identifica">ATO Nº 393, DE 28 DE JULHO DE 2025</p><p>O DIRETOR-GERAL DA SECRETARIA DO TRIBUNAL SUPERIOR DO TRABALHO, no uso de suas atribuições legais e regulamentares,</p><p>considerando o constante da Proposta nº 2654 do Sistema de Gestão de Pessoas - Sigep TST, de 25/07/2025, resolve:</p><p>Designar o servidor MARLON JOSÉ RABELO, código 40338, Técnico Judiciário, Área Administrativa, para exercer a função comissionada de Assistente 3, Nível FC-3, da Secretaria da 6ª Turma.</p><p class="assina">GUSTAVO CARIBÉ DE CARVALHO</p>]]></Texto>
  </body>
  <Midias />
</article></xml>