﻿<xml><article id="44717674" name="ELZA PINHEIRO LOPES" idOficio="11183872" pubName="DO2" artType="Portaria" pubDate="01/08/2025" artClass="00047:00002:00021:00024:00005:00000:00000:00000:00000:00000:00017:00002" artCategory="Ministério da Saúde/Secretaria Executiva/Subsecretaria de Assuntos Administrativos/Superintendência Estadual do Ministério da Saúde em Roraima/Serviço de Gestão de Pessoas" artSize="12" artNotes="" numberPage="85" pdfPage="http://pesquisa.in.gov.br/imprensa/jsp/visualiza/index.jsp?data=01/08/2025&amp;jornal=529&amp;pagina=85" editionNumber="144" highlightType="" highlightPriority="" highlight="" highlightimage="" highlightimagename="" idMateria="22936516">
  <body>
    <Identifica><![CDATA[ PORTARIA Nº 50 - SEMS/RR, de  21 DE JULHO DE 2025]]></Identifica>
    <Data><![CDATA[]]></Data>
    <Ementa />
    <Titulo />
    <SubTitulo />
    <Texto><![CDATA[<p class="identifica">PORTARIA Nº 50 - SEMS/RR, de 21 DE JULHO DE 2025</p><p>O Chefe do Serviço de Gestão de Pessoas da Superintendência Estadual do Ministério da Saúde em Roraima, no uso das atribuições que lhe são conferidas pela PORTARIA/SE/SAA nº 1.804, de 01 de outubro de 2013, publicada no DOU nº 192 de 03 de outubro de 2013, resolve:</p><p>Conceder aposentadoria voluntária a servidora ELZA PINHEIRO LOPES, matrícula SIAPE nº 07***34, ocupante do cargo efetivo de Técnico de Laboratório, Classe S, padrão V, pertencente ao quadro de pessoal deste Ministério, com base no Art. 3° da EC47 combinado com o Art. 3°da Emenda Constitucional nº 103, de 12 de novembro de 2019, com os proventos integrais do cargo efetivo e demais vantagens a que fizer jus. (Processo nº 25012.000153/2025-13).</p><p class="assina">JOSÉ CARLOS DE OLIVEIRA GIBIM</p>]]></Texto>
  </body>
  <Midias />
</article></xml>