﻿<xml><article id="44718421" name="Portaria NA 2035 DE 25 DE julho " idOficio="11182095" pubName="DO2" artType="Portaria" pubDate="01/08/2025" artClass="00025:00102:00000:00000:00000:00000:00000:00000:00000:00000:00013:00011" artCategory="Ministério da Educação/Universidade Federal Fluminense" artSize="12" artNotes="" numberPage="34" pdfPage="http://pesquisa.in.gov.br/imprensa/jsp/visualiza/index.jsp?data=01/08/2025&amp;jornal=529&amp;pagina=34" editionNumber="144" highlightType="" highlightPriority="" highlight="" highlightimage="" highlightimagename="" idMateria="22932710">
  <body>
    <Identifica><![CDATA[ PORTARIA Nº 2.035, DE 25 DE JULHO DE 2025]]></Identifica>
    <Data><![CDATA[]]></Data>
    <Ementa />
    <Titulo />
    <SubTitulo />
    <Texto><![CDATA[<p class="identifica">PORTARIA Nº 2.035, DE 25 DE JULHO DE 2025</p><p>O REITOR da Universidade Federal Fluminense, no uso de suas atribuições, e tendo em vista o que consta do Processo UFF n.º 23069.177599/2022-01, resolve:</p><p>Conceder aposentadoria voluntária a ADA LOBATO QUATTRINO, matrícula SIAPE nº 303756, ocupante do cargo de Professor do Magistério Superior, Classe B, Nível 004, do Plano de Carreiras e Cargos de Magistério Federal, do Quadro de Pessoal Permanente desta Universidade, código de vaga 233686, com fundamento no com fundamento no artigo 3º da Emenda Constitucional nº 47/2005, c/c o artigo 3º da Emenda Constitucional nº 103/2019, com proventos integrais, cumulativamente com o adicional por tempo de serviço no percentual de 19% (dezenove por cento), com a retribuição por titulação.</p><p class="assina">ANTONIO CLAUDIO LUCAS DA NOBREGA</p>]]></Texto>
  </body>
  <Midias />
</article></xml>