﻿<xml><article id="44724782" name="Portaria Presidencia NA 159 - re" idOficio="11189795" pubName="DO2" artType="Portaria" pubDate="01/08/2025" artClass="00070:00014:00003:00001:00000:00000:00000:00000:00000:00000:00017:00000" artCategory="Poder Judiciário/Tribunal Regional Eleitoral do Acre/Corregedoria Regional Eleitoral/Diretoria-Geral" artSize="12" artNotes="" numberPage="102" pdfPage="http://pesquisa.in.gov.br/imprensa/jsp/visualiza/index.jsp?data=01/08/2025&amp;jornal=529&amp;pagina=102" editionNumber="144" highlightType="" highlightPriority="" highlight="" highlightimage="" highlightimagename="" idMateria="22946039">
  <body>
    <Identifica><![CDATA[ Portaria Presidência Nº 159/PRESI/GAPRES, de 29 de julho de 2025]]></Identifica>
    <Data><![CDATA[]]></Data>
    <Ementa />
    <Titulo />
    <SubTitulo />
    <Texto><![CDATA[<p class="identifica">Portaria Presidência Nº 159/PRESI/GAPRES, de 29 de julho de 2025</p><p>O DESEMBARGADOR JÚNIOR ALBERTO, PRESIDENTE DO TRIBUNAL REGIONAL ELEITORAL DO ACRE, no uso das atribuições legais, destacando-se, neste particular, as disposições contidas no Art. 19, XVIII, L e LV, do Regimento Interno e,</p><p>CONSIDERANDO o disposto no art. 36, parágrafo único, inciso II, da Lei n. 8.112, de 11 de dezembro de 1990; no art. 20 da Lei n. 11.416, de 15 de dezembro de 2006; e no art. 5º, inciso II, da Resolução TSE n. 23.701, de 31 de maio de 2022;</p><p>CONSIDERANDO a decisão proferida no processo SEI n. 0012859-04.2025.6.26.8000, do Tribunal Regional Eleitoral de São Paulo; e</p><p>CONSIDERANDO, ainda, o que consta do procedimento SEI n. 0000422-24.2025.6.01.8000, deste Regional, resolve:</p><p>Art. 1º REMOVER o servidor DIEGO ROSAS, Técnico Judiciário - Área Administrativa, do Quadro de Pessoal Permanente deste Regional, para o TRIBUNAL REGIONAL ELEITORAL DE SÃO PAULO, mediante permuta com o servidor RAIMUNDO FRANCISCO DE SOUZA JUNIOR, ocupante do cargo de Técnico Judiciário - Área Administrativa do Quadro de Pessoal daquele Regional, em cumprimento das decisões nº 309/2025 (0781699) e nº 367/2025 (0787901).</p><p>Art. 2º Conceder 15 (quinze) dias de trânsito ao servidor, conforme opção por ele indicado no Formulário (0760834), a teor do artigo 9º da Resolução TSE n. 23.701, de 31 de maio de 2022, prazo este contado da publicação desta Portaria.</p><p>Art. 3º Esta Portaria entrará em vigor na data de sua publicação, com efeitos a contar de 1º de agosto de 2025.</p><p class="assina">Des. JÚNIOR ALBERTO</p>]]></Texto>
  </body>
  <Midias />
</article></xml>