﻿<xml><article id="44721902" name="2025-07-31/11189162/TCUWS_229451" idOficio="11189162" pubName="DO2" artType="Portaria" pubDate="01/08/2025" artClass="00067:00009:00011:-0318:00000:00000:00000:00000:00000:00000:00017:00216" artCategory="Tribunal de Contas da União/Secretaria-Geral de Administração/Secretaria Especializada em Gestão de Pessoas/Diretoria de Análise de Direitos" artSize="12" artNotes="" numberPage="96" pdfPage="http://pesquisa.in.gov.br/imprensa/jsp/visualiza/index.jsp?data=01/08/2025&amp;jornal=529&amp;pagina=96" editionNumber="144" highlightType="" highlightPriority="" highlight="" highlightimage="" highlightimagename="" idMateria="22945108">
  <body>
    <Identifica><![CDATA[ PORTARIA-DIADI Nº 216, DE 31 DE JULHO DE 2025]]></Identifica>
    <Data><![CDATA[]]></Data>
    <Ementa />
    <Titulo />
    <SubTitulo />
    <Texto><![CDATA[<p class="identifica">PORTARIA-DIADI Nº 216, DE 31 DE JULHO DE 2025</p><p>A DIRETORA DE ANÁLISE DE DIREITOS DO TRIBUNAL DE CONTAS DA UNIÃO , no uso da atribuição que lhe confere o disposto no inciso III do art. 3º da Portaria n° 3, de 3 de janeiro de 2025, da Secretaria Especializada em Gestão de Pessoas deste Tribunal, resolve:</p><p>Art. 1º Designar MARLICE PATRICIA SILVA LIMA, matrícula 11535-5, TEFC, para exercer a função de confiança de Assessor, código FC-3, no(a) Assessoria de Cerimonial e Eventos Institucionais.</p><p>Art. 2º Esta Portaria entra em vigor na data de sua publicação.</p><p class="assina">CRÍSCIE LIZITA LÔBO SILVEIRA</p>]]></Texto>
  </body>
  <Midias />
</article></xml>