﻿<xml><article id="44717845" name="aaab PORTARIA SGA 1052 MARILIA M" idOficio="11164992" pubName="DO2" artType="Portaria" pubDate="01/08/2025" artClass="00006:00007:00013:00009:00000:00000:00000:00000:00000:00000:00017:00003" artCategory="Presidência da República/Advocacia-Geral da União/Secretaria-Geral de Consultoria/Secretaria de Gestão Administrativa" artSize="12" artNotes="" numberPage="3" pdfPage="http://pesquisa.in.gov.br/imprensa/jsp/visualiza/index.jsp?data=01/08/2025&amp;jornal=529&amp;pagina=3" editionNumber="144" highlightType="" highlightPriority="" highlight="" highlightimage="" highlightimagename="" idMateria="22904651">
  <body>
    <Identifica><![CDATA[ PORTARIA SGA/AGU Nº 1.052, DE 22 DE JULHO DE 2025]]></Identifica>
    <Data><![CDATA[]]></Data>
    <Ementa />
    <Titulo />
    <SubTitulo />
    <Texto><![CDATA[<p class="identifica">PORTARIA SGA/AGU Nº 1.052, DE 22 DE JULHO DE 2025</p><p>O<strong>SECRETÁRIO-GERAL DE ADMINISTRAÇÃO</strong><strong>DA ADVOCACIA-GERAL DA UNIÃO SUBSTITUTO</strong>, no uso das atribuições que lhe foram subdelegadas pela Portaria Normativa AGU nº 95, de 6 de junho de 2023, alterada pela Portaria Normativa AGU nº 97, de 26 de junho de 2023, e considerando o que consta no Processo Administrativo nº 00406.000739/2023-53, resolve:</p><p><strong>DISPENSAR</strong></p><p>MARILIA MACHADO GATTEI, matrícula Siape nº 1436755, Procuradora da Fazenda Nacional, da Função Comissionada Executiva de Chefe, código FCE 1.07 (21014181), da Divisão de Apoio à Fiscalização e Inteligência, do Gabinete da Corregedoria-Geral da Advocacia da União, a contar de 1º de agosto de 2025.</p><p class="assina">MÁRCIO BASTOS MEDEIROS</p>]]></Texto>
  </body>
  <Midias />
</article></xml>