﻿<xml><article id="44718202" name="Portarias 2699 2700 EVA E ISMAR " idOficio="11178570" pubName="DO2" artType="Portaria" pubDate="01/08/2025" artClass="00025:00143:00000:00000:00000:00000:00000:00000:00000:00000:00017:00004" artCategory="Ministério da Educação/Fundação Universidade Federal do Acre" artSize="12" artNotes="" numberPage="49" pdfPage="http://pesquisa.in.gov.br/imprensa/jsp/visualiza/index.jsp?data=01/08/2025&amp;jornal=529&amp;pagina=49" editionNumber="144" highlightType="" highlightPriority="" highlight="" highlightimage="" highlightimagename="" idMateria="22926922">
  <body>
    <Identifica><![CDATA[ PORTARIA Nº 2.699, DE 29 DE JULHO DE 2025]]></Identifica>
    <Data><![CDATA[]]></Data>
    <Ementa />
    <Titulo />
    <SubTitulo />
    <Texto><![CDATA[<p class="identifica">PORTARIA Nº 2.699, DE 29 DE JULHO DE 2025</p><p>A REITORA DA UNIVERSIDADE FEDERAL DO ACRE, no uso das atribuições que lhe confere o Decreto de 9 de agosto de 2022, publicado no Diário Oficial da União (DOU) nº 151, Seção 2, página 1, de 10 de agosto de 2022, combinado com o art. 80, Inciso I, do Regimento Geral da UFAC, e o que consta no processo administrativo nº 23107.021174/2025-80, resolve:</p><p>Art. 1º CONCEDER Aposentadoria Voluntária, com proventos integrais, ao servidor ISMAR BERNARDO DE ARAÚJO, Matrícula SIAPE nº 0414586, Identificação Única nº 4145860, ocupante do cargo efetivo de Auxiliar em Administração, Nível de Classificação C, Padrão 019, Grupo/Cargo 701/405, Código de vaga nº 324391, lotado na Diretoria de Apoio à Interiorização e Programas Especiais, com fundamento no art. 20 § 2º, inciso I, da Emenda Constitucional nº 103/2019.</p><p>Art. 2º DECLARAR vago, em decorrência, o cargo acima citado.</p><p>Art. 3º Esta portaria entra em vigência a contar da data de publicação no Diário Oficial da União (DOU)</p><p class="assina">MARGARIDA DE AQUINO CUNHA</p><p class="identifica">PORTARIA Nº 2.700, DE 29 DE JULHO DE 2025</p><p>A REITORA DA UNIVERSIDADE FEDERAL DO ACRE, no uso das atribuições que lhe confere o Decreto de 9 de agosto de 2022, publicado no Diário Oficial da União (DOU) nº 151, Seção 2, página 1, de 10 de agosto de 2022, combinado com o art. 80, Inciso I, do Regimento Geral da UFAC, e o que consta no processo administrativo nº 23107.019641/2025-10, resolve:</p><p>Art. 1º CONCEDER Aposentadoria Voluntária, com proventos integrais, a servidora EVA CLEMENTINA GOMES, Matrícula SIAPE nº 0704316, Identificação Única nº 7043163, ocupante do cargo efetivo de Professor do Ensino Básico, Técnico e Tecnológico, Classe C, Nível 002, Grupo/Cargo 707/001, Código de vaga nº 453544, lotada no Colégio de Aplicação, com fundamento no art. 4º § 6º, inciso I, da Emenda Constitucional nº 103/2019.</p><p>Art. 2º DECLARAR vago, em decorrência, o cargo acima citado.</p><p>Art. 3º Esta portaria entra em vigência a contar da data de publicação no Diário Oficial da União (DOU)</p><p class="assina">MARGARIDA DE AQUINO CUNHA</p>]]></Texto>
  </body>
  <Midias />
</article></xml>