﻿<xml><article id="44718067" name="PORTARIA N 1.079_22913199" idOficio="11169129" pubName="DO2" artType="Portaria" pubDate="01/08/2025" artClass="00066:00010:00001:00004:00000:00000:00000:00000:00000:00000:00017:00001" artCategory="Ministério Público da União/Ministério Público do Trabalho/Procuradoria-Geral/Diretoria-Geral" artSize="12" artNotes="" numberPage="95" pdfPage="http://pesquisa.in.gov.br/imprensa/jsp/visualiza/index.jsp?data=01/08/2025&amp;jornal=529&amp;pagina=95" editionNumber="144" highlightType="" highlightPriority="" highlight="" highlightimage="" highlightimagename="" idMateria="22913199">
  <body>
    <Identifica><![CDATA[ PORTARIA DG N° 1.079, DE 25 DE JULHO DE 2025]]></Identifica>
    <Data><![CDATA[]]></Data>
    <Ementa />
    <Titulo />
    <SubTitulo />
    <Texto><![CDATA[<p class="identifica">PORTARIA DG N° 1.079, DE 25 DE JULHO DE 2025</p><p>O DIRETOR-GERAL DO MINISTÉRIO PÚBLICO DO TRABALHO, no uso da competência que lhe foi atribuída pelo artigo 92 da Portaria PGT/MPT nº 1.314, de 22 de agosto de 2017, consolidada pela Portaria PGT/MPT nº 1.304, de 31 de agosto de 2020, publicada no BS-Especial 9-B, de 01 de setembro de 2020, e considerando o que consta no PGEA/MPT nº 20.02.1700.0000522/2024-91, resolve:</p><p>Art. Dispensar a servidora KACILENE ASSIS ROCHA, matrícula 6001968-9, ocupante do cargo efetivo de Técnico do MPU/Administração, da função de confiança de Assistente Nível II da Secretaria Processual da Coordenadoria de Primeiro e Segundo Graus, código FC-2, da Procuradoria Regional do Trabalho da 17ª Região/ES.</p><p>Art. 2º Designar o servidor HERMANN ROHOR KULITZ, matrícula 6009935-6, ocupante do cargo efetivo de Técnico do MPU/Administração, para a função de confiança de Assistente Nível II da Secretaria Processual da Coordenadoria de Primeiro e Segundo Graus, código FC-2, da Procuradoria Regional do Trabalho da 17ª Região/ES.</p><p>Art. 3º Dispensar o servidor CARLOS ALEX DE JESUS SEIDEL, matrícula 6005067-5, ocupante do cargo efetivo de Técnico do MPU/Administração, da função de confiança de Assistente Nível II da Secretaria Processual da Coordenadoria de Primeiro e Segundo Graus, código FC-2, da Procuradoria Regional do Trabalho da 17ª Região/ES.</p><p>Art. 4º Designar o servidor LEANDRO MAIA TOVAR, matrícula 6006216-9, ocupante do cargo efetivo de Técnico do MPU/Administração, para a função de confiança de Assistente Nível II da Secretaria Processual da Coordenadoria de Primeiro e Segundo Graus, código FC-2, da Procuradoria Regional do Trabalho da 17ª Região/ES.</p><p class="assina">GLÁUCIO ARAÚJO DE OLIVEIRA</p>]]></Texto>
  </body>
  <Midias />
</article></xml>