﻿<xml><article id="44718037" name="Aposentadoria Por Invalidez" idOficio="11172127" pubName="DO2" artType="Portaria" pubDate="01/08/2025" artClass="00050:00020:00109:00000:00000:00000:00000:00000:00000:00000:00017:00000" artCategory="Ministério dos Transportes/Departamento Nacional de Infraestrutura de Transportes/Superintendência Regional em Santa Catarina" artSize="12" artNotes="" numberPage="91" pdfPage="http://pesquisa.in.gov.br/imprensa/jsp/visualiza/index.jsp?data=01/08/2025&amp;jornal=529&amp;pagina=91" editionNumber="144" highlightType="" highlightPriority="" highlight="" highlightimage="" highlightimagename="" idMateria="22917134">
  <body>
    <Identifica><![CDATA[ Portaria Nº 4.338, DE 18 DE julho DE 2025]]></Identifica>
    <Data><![CDATA[]]></Data>
    <Ementa />
    <Titulo />
    <SubTitulo />
    <Texto><![CDATA[<p class="identifica">Portaria Nº 4.338, DE 18 DE julho DE 2025</p><p>O SUPERINTENDENTE REGIONAL - SUBSTITUTO NO ESTADO DE SANTA CATARINA DO DEPARTAMENTO NACIONAL DE INFRAESTRUTURA DE TRANSPORTES - DNIT, no uso das atribuições que lhe confere o artigo 1º, inciso XX da Portaria/DNIT/DG nº 931, de 30 de maio de 2016, publicada no Diário Oficial da União de 01/06/2016, e a Portaria nº 4420, de 23 de julho de 2025, publicada no Diário Oficial da União de 24/07/2025, tendo em vista o constante do processo 50616.002330/2024-55, resolve:</p><p>Art. 1º CONCEDER aposentadoria por incapacidade permanente para o trabalho ao servidor ARNOLDO RACHADEL NETO, ocupante do cargo de Técnico de Suporte em Infraestrutura de Transportes, matrícula DNIT n° 5293 e SIAPE n° 2063308, Classe S, Padrão II, Nível Intermediário, pertencente ao Quadro de Pessoal Específico desta Autarquia, lotado na Superintendência Regional no Estado de Santa Catarina, com fundamento no art. 10, § 1, inciso II da Emenda Constitucional n° 103/2019, com a forma de cálculo pelo art. 26, § 2, da referida Emenda.</p><p>Art. 2º Esta Portaria entra em vigor na data de sua publicação.</p><p class="assina">AMAURI SOUSA LIMA</p>]]></Texto>
  </body>
  <Midias />
</article></xml>