﻿<xml><article id="44725265" name="RicardoRodriguesFreire- 01-08-25" idOficio="11189929" pubName="DO2" artType="Portaria" pubDate="01/08/2025" artClass="00016:00011:00009:00008:00000:00000:00000:00000:00000:00000:00017:00000" artCategory="Ministério da Defesa/Comando do Exército/Comando Militar do Leste/1ª Região Militar" artSize="12" artNotes="" numberPage="11" pdfPage="http://pesquisa.in.gov.br/imprensa/jsp/visualiza/index.jsp?data=01/08/2025&amp;jornal=529&amp;pagina=11" editionNumber="144" highlightType="" highlightPriority="" highlight="" highlightimage="" highlightimagename="" idMateria="22946167">
  <body>
    <Identifica><![CDATA[ PORTARIA Nº 17 REFM - SSVM.5/SAP/1-RIO/SSVP/1, DE 28 de  JULho de  2025]]></Identifica>
    <Data><![CDATA[]]></Data>
    <Ementa />
    <Titulo />
    <SubTitulo />
    <Texto><![CDATA[<p class="identifica">PORTARIA Nº 17 REFM - SSVM.5/SAP/1-RIO/SSVP/1, DE 28 de JULho de 2025</p><p>O COMANDANTE DA 1ª REGIÃO MILITAR, no uso da competência que lhe foi subdelegada pela Portaria DGP/ C Ex nº 458, de 10 de agosto de 2023, resolve:</p><p>REFORMAR</p><p>o Cel R/1 RICARDO RODRIGUES FREIRE, Prec/CP 96-1609643, Idt 025.179.632-2/EB, por incapacidade definitiva para o serviço ativo das Forças Armadas, a contar de 23 MAIO 2025 (data da homologação da Ata da JISR), com fulcro no art. 104, inciso II do art. 106, inciso V do art. 108 e art.109, da Lei 6.880, de 9 DEZ 1980 alterada pela Lei nº 13.954 de DEZ 2019, conforme a Ata de Inspeção de Saúde nº 132/2025 do JISR/1ª RM (Cmdo 1º RM) de 23 MAIO 2025 e o Parecer Técnico nº 566/2025, da Seç Sau Regional /1ª RM, de 5 JUN 2025, homologado pelo Inspetor de Saúde Regional / 1ª RM, em 5 JUN 2025 (Incapaz Definitivamente para o serviço do Exército. Não é inválido).</p><p class="assina">Gen Div GIOVANI MORETTO</p>]]></Texto>
  </body>
  <Midias />
</article></xml>