﻿<xml><article id="44718409" name="PORTARIA N 125_22944067" idOficio="11188294" pubName="DO2" artType="Portaria" pubDate="01/08/2025" artClass="00066:00010:00021:00000:00000:00000:00000:00000:00000:00000:00017:00000" artCategory="Ministério Público da União/Ministério Público do Trabalho/Procuradoria Regional do Trabalho da 20ª Região" artSize="12" artNotes="" numberPage="96" pdfPage="http://pesquisa.in.gov.br/imprensa/jsp/visualiza/index.jsp?data=01/08/2025&amp;jornal=529&amp;pagina=96" editionNumber="144" highlightType="" highlightPriority="" highlight="" highlightimage="" highlightimagename="" idMateria="22944067">
  <body>
    <Identifica><![CDATA[ PORTARIA GPC/PRT20 N° 125, DE 28 DE JULHO DE 2025]]></Identifica>
    <Data><![CDATA[]]></Data>
    <Ementa />
    <Titulo />
    <SubTitulo />
    <Texto><![CDATA[<p class="identifica">PORTARIA GPC/PRT20 N° 125, DE 28 DE JULHO DE 2025</p><p>O PROCURADOR-CHEFE DA PROCURADORIA REGIONAL DO TRABALHO</p><p>DA 20ª REGIÃO, no uso de suas atribuições legais, considerando o Memo Conjunto 33/2025 de, 01/07/2025 retificado pelo Memo Conjunto 37/2024, de 17/07/2025 (TRT 20ª Região/Secretária do Pleno e da 2ª Turma e Secretário da 1ª Turma) no qual consta a previsão das datas e horários das Sessões Ordinárias a serem realizadas no mês de AGOSTO do ano em curso, resolve:</p><p>Art. 1º. Designar os Procuradores do Trabalho listados a seguir, lotados na PRT-20ª Região, para atuarem nas Sessões do Tribunal Regional do Trabalho da 20ª Região e respectivos prosseguimentos, adiamentos e antecipações, da seguinte forma:</p><p>Dr. RÔMULO BARRETO DE ALMEIDA</p><p>1ª Turma:</p><p>- 01/08/2025 (sexta-feira), às 9h (virtual), com prosseguimento (presencial) em 04/08/2025 (segunda-feira), às 9h;</p><p>- 15/08/2025 (sexta-feira), às 9h (virtual), com prosseguimento (presencial) em 18/08/2025 (segunda-feira), às 9h;</p><p>- 01/09/2025 (segunda-feira) às 9h, prosseguimento (presencial) da sessão (virtual) de 29/08/2025 (sexta-feira);</p><p>2ª Turma:</p><p>- 04/08/2025 (segunda-feira) às 9h (virtual), com prosseguimento (presencial) em 05/08/2025 (terça-feira) às 9h;</p><p>- 18/08/2025 (segunda-feira) às 9h (virtual), com prosseguimento (presencial) em 19/08/2025 (terça-feira) às 9h;</p><p>Dr. ADSON SOUZA DO NASCIMENTO</p><p>1ªTurma:</p><p>- 08/08/2025 (sexta-feira), às 9h (virtual), com prosseguimento (presencial) em 13/08/2025 (quarta-feira), às 9h;</p><p>- 29/08/2025 (sexta-feira), às 9h (virtual) - em substituição ao 1º Ofício Geral da PRT20ª Região; 2ªTurma:</p><p>- 12/08/2025 (terça-feira) às 9h (virtual), com prosseguimento (presencial) em 14/08/2025 (quinta-feira) às 9h;</p><p>- 25/08/2025 (segunda-feira) às 9h (virtual), com prosseguimento (presencial) em 26/08/2025 (terça-feira) às 9h;</p><p>Dr. MARCIO AMAZONAS CABRAL DE ANDRADE</p><p>Pleno:</p><p>- 19/08/2025 (terça-feira, às 9h, virtual), sessão especial para inclusão de IRDR's, com prosseguimento (presencial) em 25/08/2025 (segunda-feira) às 9h;</p><p>- 22/08/2025 (sexta-feira) às 9h (virtual), com prosseguimento (presencial) em 25/08/2025 (segunda-feira) às 9h;</p><p>- 25/08/2025 (segunda-feira, presencial), sessão administrativa, logo após a sessão judiciária.</p><p>Art. 2º. Esta Portaria entra em vigor nesta data.</p><p class="assina">MARCIO AMAZONAS CABRAL DE ANDRADE</p>]]></Texto>
  </body>
  <Midias />
</article></xml>