﻿<xml><article id="44720695" name="Portaria nA 711 - MARIA NEUZA DO" idOficio="11188872" pubName="DO2" artType="Portaria" pubDate="01/08/2025" artClass="00016:00011:00029:00010:00000:00000:00000:00000:00000:00000:00017:00000" artCategory="Ministério da Defesa/Comando do Exército/Departamento-Geral do Pessoal/Diretoria de Assistência ao Pessoal" artSize="12" artNotes="" numberPage="13" pdfPage="http://pesquisa.in.gov.br/imprensa/jsp/visualiza/index.jsp?data=01/08/2025&amp;jornal=529&amp;pagina=13" editionNumber="144" highlightType="" highlightPriority="" highlight="" highlightimage="" highlightimagename="" idMateria="22944760">
  <body>
    <Identifica><![CDATA[ PORTARIA - DAP/DGP/C Ex Nº 711,  DE 30 DE JULHO DE 2025]]></Identifica>
    <Data><![CDATA[]]></Data>
    <Ementa />
    <Titulo />
    <SubTitulo />
    <Texto><![CDATA[<p class="identifica">PORTARIA - DAP/DGP/C Ex Nº 711, DE 30 DE JULHO DE 2025</p><p>EB: 64274.019937/2025-88</p><p>O DIRETOR DE ASSISTÊNCIA AO PESSOAL, no uso da competência que lhe foi subdelegada pelo Comandante do Exército, por meio da Portaria - C Ex nº 2.031, de 2 de agosto de 2023, alterada pela Portaria - C Ex nº 2.174, de 23 de fevereiro de 2024, resolve:</p><p>CONCEDER aposentadoria voluntária à servidora MARIA NEUZA DO NASCIMENTO MEIRA, matrícula SIAPE nº 0075247, lotada no Hospital Militar de Área de Brasília, no cargo de Auxiliar Operacional de Serviços Diversos, classe "S", padrão V, (NI), Plano Geral de Cargos do Poder Executivo (PGPE), regime de trabalho de 40 horas semanais, fica vinculada ao Comando da 11ª Região Militar (SVP/11), com proventos integrais, fundamentada no artigo 3º, incisos I a III da Emenda Constitucional nº 47, de 5 de julho de 2005, assegurada pelo artigo 3º da Emenda Constitucional nº 103, de 12 de novembro de 2019.</p><p class="assina">Gen Bda MÁRCIO COSSICH TRINDADE</p>]]></Texto>
  </body>
  <Midias />
</article></xml>