﻿<xml><article id="44717947" name="PORTARIA N 2.551_22943879" idOficio="11188161" pubName="DO2" artType="Portaria" pubDate="01/08/2025" artClass="00053:00002:00000:00000:00000:00000:00000:00000:00000:00000:00017:00002" artCategory="Controladoria-Geral da União/Secretaria Executiva" artSize="12" artNotes="" numberPage="91" pdfPage="http://pesquisa.in.gov.br/imprensa/jsp/visualiza/index.jsp?data=01/08/2025&amp;jornal=529&amp;pagina=91" editionNumber="144" highlightType="" highlightPriority="" highlight="" highlightimage="" highlightimagename="" idMateria="22943879">
  <body>
    <Identifica><![CDATA[ PORTARIA N° 2.551, DE 30 DE JULHO DE 2025]]></Identifica>
    <Data><![CDATA[]]></Data>
    <Ementa />
    <Titulo />
    <SubTitulo />
    <Texto><![CDATA[<p class="identifica">PORTARIA N° 2.551, DE 30 DE JULHO DE 2025</p><p>O SECRETÁRIO-EXECUTIVO ADJUNTO DA CONTROLADORIA-GERAL DA UNIÃO, no uso da competência que lhe foi subdelegada pelo art. 2.º da Portaria SE/CGU n.º 364, de 14 de fevereiro de 2023, o disposto no Decreto n.º 11.330, de 1.º de janeiro de 2023, e alterações, bem como no art. 38 da Lei n.º 8.112, de 11 de dezembro de 1990, e o que consta no Processo n.º 00190.107529/2025-20, resolve:</p><p>Designar KENIA CRISTINA DE SOUSA PENHA BABUGEM, para substituir a Chefe, código FCE 1.05, do Serviço de Gabinete do Gabinete da Secretaria de Integridade Privada da Controladoria-Geral da União, em seus afastamentos e impedimentos legais ou regulamentares.</p><p class="assina">OLAVO VENTURIM CALDAS</p>]]></Texto>
  </body>
  <Midias />
</article></xml>