﻿<xml><article id="44721646" name="Portarias 2748" idOficio="11189083" pubName="DO2" artType="Portaria" pubDate="01/08/2025" artClass="00025:00143:00000:00000:00000:00000:00000:00000:00000:00000:00017:00006" artCategory="Ministério da Educação/Fundação Universidade Federal do Acre" artSize="12" artNotes="" numberPage="50" pdfPage="http://pesquisa.in.gov.br/imprensa/jsp/visualiza/index.jsp?data=01/08/2025&amp;jornal=529&amp;pagina=50" editionNumber="144" highlightType="" highlightPriority="" highlight="" highlightimage="" highlightimagename="" idMateria="22944984">
  <body>
    <Identifica><![CDATA[ PORTARIA Nº 2.748, DE 31 DE JULHO DE 2025]]></Identifica>
    <Data><![CDATA[]]></Data>
    <Ementa />
    <Titulo />
    <SubTitulo />
    <Texto><![CDATA[<p class="identifica">PORTARIA Nº 2.748, DE 31 DE JULHO DE 2025</p><p>A REITORA DA UNIVERSIDADE FEDERAL DO ACRE, no uso das atribuições que lhe confere o Decreto de 9 de agosto de 2022, publicado no Diário Oficial da União (DOU) nº 151, Seção 2, página 1, de 10 de agosto de 2022, combinado com o art. 80, Incisos III e XVI, do Regimento Geral da UFAC, e o que consta no processo administrativo nº 23107.017750/2025-94, resolve:</p><p>Art. 1º EXONERAR a servidora ELIANA BARROSO DA SILVA, ocupante do Cargo de Técnico em Assuntos Educacionais, Nível de Classificação E, Padrão 19, Matrícula SIAPE nº 0414239, do Cargo de Direção (CD) do Núcleo de Registro e Controle Acadêmico (NURCA), Símbolo CD-004, com fundamento no art. 35, inciso I, da Lei nº 8.112/1990;</p><p>Art. 2º Esta Portaria entra em vigor na data de sua publicação no DOU, a contar de 1º de agosto de 2025</p><p class="assina">MARGARIDA DE AQUINO CUNHA</p>]]></Texto>
  </body>
  <Midias />
</article></xml>