﻿<xml><article id="44718055" name="ATO_1058" idOficio="11161174" pubName="DO2" artType="Ato" pubDate="01/08/2025" artClass="00070:00007:00001:00000:00000:00000:00000:00000:00000:00000:00001:00001" artCategory="Poder Judiciário/Tribunal Regional Federal da 1ª Região/Presidência" artSize="12" artNotes="" numberPage="101" pdfPage="http://pesquisa.in.gov.br/imprensa/jsp/visualiza/index.jsp?data=01/08/2025&amp;jornal=529&amp;pagina=101" editionNumber="144" highlightType="" highlightPriority="" highlight="" highlightimage="" highlightimagename="" idMateria="22897925">
  <body>
    <Identifica><![CDATA[ ATO Nº 1.058, DE 18 DE JULHO DE 2025]]></Identifica>
    <Data><![CDATA[]]></Data>
    <Ementa />
    <Titulo />
    <SubTitulo />
    <Texto><![CDATA[<p class="identifica">ATO Nº 1.058, DE 18 DE JULHO DE 2025</p><p>O PRESIDENTE DO TRIBUNAL REGIONAL FEDERAL DA 1ª REGIÃO, no uso de suas atribuições legais e regimentais, e tendo em vista o que consta do PAe. 0006457-81.2024.4.01.8006-TRF, resolve:</p><p>I - REDISTRIBUIR, por reciprocidade, nos termos do art. 37 da Lei nº 8.112/1990, com a redação dada pela Lei nº 9.527/1997, c/c a Resolução nº 146/2012-CNJ, mediante triangulação, o cargo de Técnico Judiciário, Área Administrativa, do Quadro de Pessoal da Justiça Federal de Primeiro Grau da 1ª Região, Seção Judiciária de Goiás, Subseção Judiciária de Anápolis, criado pela Lei n.10.842/2004, ocupado pela servidora a ANA FLAVIA LANG PIRES, para o Quadro de Pessoal do Tribunal Regional do Trabalho da 2ª Região.</p><p>II - A mencionada redistribuição dependerá da redistribuição, em reciprocidade, do cargo de Técnico Judiciário, Área Administrativa, do Quadro de Pessoal do Tribunal Regional do Trabalho da 2ª Região, criado pela Lei n. 10.770/2003, ocupado pelo servidor JONAS FERREIRA LIMA, para o Quadro de Pessoal de Pessoal do Tribunal Regional do Trabalho da 22ª Região, bem como, da redistribuição do cargo de Técnico Judiciário, Área Administrativa, do Quadro de Pessoal do Tribunal Regional do Trabalho da 22ª Região, criado pela Lei n. 9.699/1998, ocupado pelo servidor ALMEZIR VIANA MOURA, para o Quadro de Pessoal da Justiça Federal de Primeiro Grau da 1ª Região, Seção Judiciária de Goiás, Subseção Judiciária de Anápolis.</p><p class="assina">Des. JOÃO BATISTA MOREIRA</p>]]></Texto>
  </body>
  <Midias />
</article></xml>