﻿<xml><article id="44724758" name="429" idOficio="11189842" pubName="DO2" artType="Portaria" pubDate="01/08/2025" artClass="00016:00012:00009:00012:00000:00000:00000:00000:00000:00000:00017:00000" artCategory="Ministério da Defesa/Comando da Marinha/Comando-Geral do Corpo de Fuzileiros Navais/Comando do Pessoal de Fuzileiros Navais" artSize="12" artNotes="" numberPage="13" pdfPage="http://pesquisa.in.gov.br/imprensa/jsp/visualiza/index.jsp?data=01/08/2025&amp;jornal=529&amp;pagina=13" editionNumber="144" highlightType="" highlightPriority="" highlight="" highlightimage="" highlightimagename="" idMateria="22946080">
  <body>
    <Identifica><![CDATA[ PORTARIA Nº 429/CPesFN, DE 28 DE JULHO DE 2025]]></Identifica>
    <Data><![CDATA[]]></Data>
    <Ementa />
    <Titulo />
    <SubTitulo />
    <Texto><![CDATA[<p class="identifica">PORTARIA Nº 429/CPesFN, DE 28 DE JULHO DE 2025</p><p>O COMANDANTE DO PESSOAL DE FUZILEIROS NAVAIS, no uso da subdelegação de competência que lhe confere a alínea i do inciso IX do art. 3º da Portaria nº 134/2017, do Comando-Geral do Corpo de Fuzileiros Navais; combinado com o inciso 15.7.2 da DGPM-301 (2ª Revisão); com fundamento no inciso V do art. 108, § 1º e alínea c do § 2° do art. 110, ambos da Lei no 6.880/1980 (Estatuto dos Militares); o art. 15 da Lei nº 3.765/1960; a alínea e do § 1º do art. 1º, inciso IV do art. 2º, art. 3º e art. 4º, todos do Decreto nº 79.917/1977; os §§ 1° e 2° e inciso II do art. 21 do Decreto n° 10.742/2021; e conforme o Parecer Conclusivo em Verificação Post-Mortem, datado de 16JUN2025, da Diretora do Centro de Perícias Médicas da Marinha, bem como o laudo do Termo de Inspeção de Saúde (TIS) nº 025.000.23790, de 08MAI2025, da Junta Regular de Saúde da Base de Fuzileiros Navais da Ilha do Governador (JRS/BFNIG), homologado em 19MAI2025, pela Junta Superior Distrital do Centro de Perícias Médicas da Marinha (JSD/CPMM), resolve:</p><p>Art. 1º Assegurar aos beneficiários do ex-SD-FN 16.1439.14 DAVI DOS SANTOS SOUZA MENEZES a pensão militar correspondente à Graduação de Terceiro-Sargento, a partir de 30ABR2024, data do seu falecimento.</p><p>Art. 2º Os direitos pecuniários inerentes à situação de melhoria de pensão aos beneficiários do militar falecido são devidos desde 30ABR2024.</p><p class="assina">V Alte (FN) MARCELO GUIMARÃES DIAS</p>]]></Texto>
  </body>
  <Midias />
</article></xml>