﻿<xml><article id="44722496" name="ATO PORTARIA NA 2750" idOficio="11189296" pubName="DO2" artType="Portaria" pubDate="01/08/2025" artClass="00025:00143:00000:00000:00000:00000:00000:00000:00000:00000:00017:00007" artCategory="Ministério da Educação/Fundação Universidade Federal do Acre" artSize="12" artNotes="" numberPage="50" pdfPage="http://pesquisa.in.gov.br/imprensa/jsp/visualiza/index.jsp?data=01/08/2025&amp;jornal=529&amp;pagina=50" editionNumber="144" highlightType="" highlightPriority="" highlight="" highlightimage="" highlightimagename="" idMateria="22945356">
  <body>
    <Identifica><![CDATA[ PORTARIA Nº 2.750, DE 31 DE julho DE 2025]]></Identifica>
    <Data><![CDATA[]]></Data>
    <Ementa />
    <Titulo />
    <SubTitulo />
    <Texto><![CDATA[<p class="identifica">PORTARIA Nº 2.750, DE 31 DE julho DE 2025</p><p>A REITORA DA UNIVERSIDADE FEDERAL DO ACRE, no uso de suas atribuições conferidas pelo Decreto de 9 de agosto de 2022, publicado no Diário Oficial da União (DOU) nº 151, Seção 2, Página 1, de 10 de agosto de 2022, combinado com o Art. 80, incisos I e III, do Regimento Geral da Ufac; e considerando o que consta no processo 23107.027671/2024-19, resolve:</p><p>Art. 1º RESCINDIR, por iniciativa do órgão, o contrato por tempo determinado nº 54/2024, de ELIÉZIO DA SILVA BEZERRA, do cargo de Professor Substituto do Ensino Básico, Técnico e Tecnológico, Classe A, Nível 1, contratado em regime de 20 (vinte) horas semanais, junto ao Colégio de Aplicação (CAP), com fulcro na Lei nº 8.745, de 09 de dezembro de 1993, a contar de 01 de agosto de 2025.</p><p>Art. 2º Esta portaria entra em vigor em 01 de agosto de 2025.</p><p class="assina">MARGARIDA DE AQUINO CUNHA</p>]]></Texto>
  </body>
  <Midias />
</article></xml>