﻿<xml><article id="44724116" name="TORNA SEM EFEITO_003" idOficio="11189709" pubName="DO2" artType="Portaria" pubDate="01/08/2025" artClass="00025:00159:00000:00000:00000:00000:00000:00000:00000:00000:00017:00001" artCategory="Ministério da Educação/Fundação Universidade Federal de Sergipe" artSize="12" artNotes="" numberPage="52" pdfPage="http://pesquisa.in.gov.br/imprensa/jsp/visualiza/index.jsp?data=01/08/2025&amp;jornal=529&amp;pagina=52" editionNumber="144" highlightType="" highlightPriority="" highlight="" highlightimage="" highlightimagename="" idMateria="22945873">
  <body>
    <Identifica><![CDATA[ PORTARIA Nº 1.264,  DE 29 DE JULHO DE 2025]]></Identifica>
    <Data><![CDATA[]]></Data>
    <Ementa />
    <Titulo />
    <SubTitulo />
    <Texto><![CDATA[<p class="identifica">PORTARIA Nº 1.264, DE 29 DE JULHO DE 2025</p><p>O REITOR DA UNIVERSIDADE FEDERAL DE SERGIPE, no uso de suas atribuições legais e considerando: o disposto no Art. 13, §1º e §6º, da Lei 8.112 de 11/12/90; a Instrução Normativa nº 2/ME, de 27 de agosto de 2019; que o candidato não tomou posse no prazo legal; o que consta no Processo nº. 23113.042619/2023-14, resolve:</p><p>Art. 1º - Tornar sem efeito a nomeação do candidato listado no Anexo desta portaria, habilitado no Concurso Público para Técnico-Administrativo, objeto do Edital nº 022/2023, nomeado através da Portaria nº 988, publicada no D.O.U. em 09/06/2025, seção 2, página 42.</p><p>Art. 2º - Esta Portaria entrará em vigor na data de sua publicação no Diário Oficial da União.</p><p class="assina">ANDRÉ MAURÍCIO CONCEIÇÃO DE SOUZA</p><p>ANEXO</p><p>CLASSE "E"</p><p>Cargo: 413 - Médico / Área: Psiquiatria</p><p /><p></p><table><tr /><tr><td rowspan="1" colspan="3"><p>AMPLA CONCORRÊNCIA</p></td></tr><tr><td rowspan="1" colspan="1"><p>Classificação</p></td><td rowspan="1" colspan="1"><p>Nome</p></td><td rowspan="1" colspan="1"><p>Código de vaga</p></td></tr><tr><td rowspan="1" colspan="1"><p>5º</p></td><td rowspan="1" colspan="1"><p>Vanderlan Oliveira Batista</p></td><td rowspan="1" colspan="1"><p>335657</p></td></tr></table>]]></Texto>
  </body>
  <Midias />
</article></xml>