﻿<xml><article id="44723972" name="PORTARIA N 521_22945744" idOficio="11189629" pubName="DO2" artType="Portaria" pubDate="01/08/2025" artClass="00070:00004:00001:00000:00000:00000:00000:00000:00000:00000:00017:00007" artCategory="Poder Judiciário/Superior Tribunal de Justiça/Presidência" artSize="12" artNotes="" numberPage="98" pdfPage="http://pesquisa.in.gov.br/imprensa/jsp/visualiza/index.jsp?data=01/08/2025&amp;jornal=529&amp;pagina=98" editionNumber="144" highlightType="" highlightPriority="" highlight="" highlightimage="" highlightimagename="" idMateria="22945744">
  <body>
    <Identifica><![CDATA[ PORTARIA STJ/GP N° 521, DE 28 DE JULHO DE 2025]]></Identifica>
    <Data><![CDATA[]]></Data>
    <Ementa />
    <Titulo />
    <SubTitulo />
    <Texto><![CDATA[<p class="identifica">PORTARIA STJ/GP N° 521, DE 28 DE JULHO DE 2025</p><p>O PRESIDENTE DO SUPERIOR TRIBUNAL DE JUSTIÇA, usando da atribuição conferida pelo art. 21, XXV, do Regimento Interno e considerando o disposto no art. 33, VIII, da Lei n. 8.112, de 11 de dezembro de 1990, e no Processo STJ n. 021417/2025, resolve:</p><p>Art. 1º Declarar vago, com efeitos a contar de 13 de junho de 2025, o cargo de Analista Judiciário, Área de Apoio Especializado - Engenharia Mecânica, do quadro de pessoal deste Tribunal ocupado pelo servidor ANDERSON BOMFIM ANDREOLI, matrícula S080017, em decorrência de sua posse em outro cargo público inacumulável.</p><p>Art. 2º Esta portaria entra em vigor na data de sua publicação.</p><p class="assina">Min. HERMAN BENJAMIN</p>]]></Texto>
  </body>
  <Midias />
</article></xml>