﻿<xml><article id="44723984" name="PORTARIA N 67_22945789" idOficio="11189610" pubName="DO2" artType="Portaria" pubDate="01/08/2025" artClass="00016:00011:00011:00116:00000:00000:00000:00000:00000:00000:00017:00000" artCategory="Ministério da Defesa/Comando do Exército/Comando Militar do Norte/8ª Região Militar" artSize="12" artNotes="" numberPage="12" pdfPage="http://pesquisa.in.gov.br/imprensa/jsp/visualiza/index.jsp?data=01/08/2025&amp;jornal=529&amp;pagina=12" editionNumber="144" highlightType="" highlightPriority="" highlight="" highlightimage="" highlightimagename="" idMateria="22945789">
  <body>
    <Identifica><![CDATA[ PORTARIA SVP 8 Nº 67, DE 24 DE JULHO DE 2025]]></Identifica>
    <Data><![CDATA[]]></Data>
    <Ementa />
    <Titulo />
    <SubTitulo />
    <Texto><![CDATA[<p class="identifica">PORTARIA SVP 8 Nº 67, DE 24 DE JULHO DE 2025</p><p>O COMANDANTE DA 8ª REGIÃO MILITAR, no uso da competência que lhe foi subdelegada pela Portaria nº DGP/C Ex nº 458, de 10 de agosto de 2023, publicada no Boletim do Exército nº 33, de 18 de agosto de 2023, e tendo em vista o Parecer de Força Executória nº 00707/2023/COREMNE/PRU1R/PGU/AGU, de 1º de dezembro de 2023, referente ao cumprimento do julgado proferido nos autos do Processo nº 0000277-37.2012.4.01.3102, junto a Vara Federal Cível e Criminal da SSJ de Oiapoque-AP, resolve:</p><p>REFORMAR,</p><p>a contar de 5 de junho de 2025, o Cabo (Idt 082908944-0 MD/EB) ELISEU SANTOS MACEDO, na graduação de Cabo, com proventos do soldo de Terceiro-Sargento, de acordo com o art. 104, inciso II, art. 106, inciso II, art. 108, inciso V, art. 109, e art. 110, § 1º e § 2º, alínea c, da Lei nº 6.880, de 9 de dezembro de 1980, com redação anterior à Lei nº 13.954/19.</p><p class="assina">Gen Div CARLOS FEITOSA RODRIGUES</p>]]></Texto>
  </body>
  <Midias />
</article></xml>