﻿<xml><article id="44720725" name="RETIFICACAO - NOMEACAO Debora Si" idOficio="11188851" pubName="DO2" artType="Retificação" pubDate="01/08/2025" artClass="00025:00049:00032:00000:00000:00000:00000:00000:00000:00000:00021:00000" artCategory="Ministério da Educação/Centro Federal de Educação Tecnológica de Minas Gerais/Secretaria de Gestão de Pessoas" artSize="12" artNotes="" numberPage="19" pdfPage="http://pesquisa.in.gov.br/imprensa/jsp/visualiza/index.jsp?data=01/08/2025&amp;jornal=529&amp;pagina=19" editionNumber="144" highlightType="" highlightPriority="" highlight="" highlightimage="" highlightimagename="" idMateria="22944723">
  <body>
    <Identifica><![CDATA[ RETIFICAÇÃO]]></Identifica>
    <Data><![CDATA[]]></Data>
    <Ementa />
    <Titulo />
    <SubTitulo />
    <Texto><![CDATA[<p class="identifica">RETIFICAÇÃO</p><p>Na Portaria de Pessoal SEGEP/CEFET-MG nº 607, de 25/06/2025, publicada no D.O.U. em 30/06/2025, Seção 2, página 20, que trata da nomeação, em caráter efetivo, de DEBORA SILVA SOUZA,</p><p>onde se lê:</p><p>"Art. 1º NOMEAR em caráter efetivo, nos termos do Art. 9º, Inciso I, da Lei nº 8.112/1990, DEBORA SILVA SOUZA, classificada em 4º Lugar, pela ampla concorrência, para o cargo de Assistente em Administração, da carreira de Técnico Administrativo em Educação, Nível de Classificação D, Padrão 1, em regime de trabalho de 40 horas semanais, lotada na Biblioteca - Campus Timóteo, habilitada no Concurso Público regido pelo Edital nº 27, de 01/02/2023, publicado no D.O.U. de 09/02/2023, Seção 3, e suas retificações, homologado conforme o Edital nº 701, de 16/10/2023, publicado no D.O.U. de 17/10/2023, Seção 3, na vaga decorrente da aposentadoria de Dalva Silveira, conforme a Portaria de Pessoal SEGEP/CEFET-MG nº 86, de 30/01/2025, publicada no D.O.U. de 03/02/2025, sob o código 303666.";</p><p>leia-se:</p><p>Art. 1º NOMEAR em caráter efetivo, nos termos do Art. 9º, Inciso I, da Lei nº 8.112/1990, DEBORA SILVA SOUZA, classificada em 4º Lugar, pela ampla concorrência, para o cargo de Assistente em Administração, da carreira de Técnico Administrativo em Educação, Nível de Classificação D, Padrão 1, em regime de trabalho de 40 horas semanais, lotada na Biblioteca - Campus Timóteo, habilitada no Concurso Público regido pelo Edital nº 27, de 01/02/2023, publicado no D.O.U. de 09/02/2023, Seção 3, e suas retificações, homologado conforme o Edital nº 701, de 16/10/2023, publicado no D.O.U. de 17/10/2023, Seção 3, retificado pelo Edital nº 812, de 26/12/2023, publicado no D.O.U. de 27/12/2023, Seção 3, na vaga decorrente da aposentadoria de Dalva Silveira, conforme a Portaria de Pessoal SEGEP/CEFET-MG nº 86, de 30/01/2025, publicada no D.O.U. de 03/02/2025, sob o código 303666."</p>]]></Texto>
  </body>
  <Midias />
</article></xml>