﻿<xml><article id="44725349" name="2025-07-31 - Portaria 778 - REIT" idOficio="11189962" pubName="DO2" artType="Portaria" pubDate="01/08/2025" artClass="00025:00142:00000:00000:00000:00000:00000:00000:00000:00000:00017:00000" artCategory="Ministério da Educação/Fundação Universidade Federal do ABC" artSize="12" artNotes="" numberPage="49" pdfPage="http://pesquisa.in.gov.br/imprensa/jsp/visualiza/index.jsp?data=01/08/2025&amp;jornal=529&amp;pagina=49" editionNumber="144" highlightType="" highlightPriority="" highlight="" highlightimage="" highlightimagename="" idMateria="22946224">
  <body>
    <Identifica><![CDATA[ PORTARIA Nº 778, DE 30 DE JULHO DE 2025]]></Identifica>
    <Data><![CDATA[]]></Data>
    <Ementa />
    <Titulo />
    <SubTitulo />
    <Texto><![CDATA[<p class="identifica">PORTARIA Nº 778, DE 30 DE JULHO DE 2025</p><p>A VICE-REITORA, NO EXERCÍCIO DA REITORIA DA FUNDAÇÃO UNIVERSIDADE FEDERAL DO ABC, nomeada pela Portaria nº 627, de 3 de junho de 2022, publicada no Diário Oficial da União (DOU), Seção 2, página 39, de 7 de junho de 2022, no uso de suas atribuições legais, resolve:</p><p>Nomear, nos termos do Art. 9º, I, c/c Art. 10 da Lei nº 8.112/1990, MIKAEL ALVES MONTEIRO, 4º classificado da lista geral de candidatos do concurso público objeto do Edital nº 35/2023, publicado no Diário Oficial da União - DOU n° 98, de 24/05/2023, Seção 3, páginas 69 a 75, homologado pelo Edital nº 61/2023, publicado no DOU n° 192, de 06/10/2023, Seção 3, páginas 108 a 110, para provimento do cargo efetivo de Analista de Tecnologia da Informação, do Plano de Carreira dos Cargos Técnico-Administrativos em Educação, em regime de trabalho de 40 (quarenta) horas semanais, código da vaga nº 0875276, decorrente da vacância do servidor LUCAS TROMBETA, por meio da Portaria nº 731, de 16/07/2025, DOU nº 134, de 18/07/2025, Seção 2, página 50.</p><p class="assina">MONICA SCHRODER</p>]]></Texto>
  </body>
  <Midias />
</article></xml>