﻿<xml><article id="44718382" name="PORTARIA DE PESSOAL NA 149 DE 22" idOficio="11161662" pubName="DO2" artType="Portaria" pubDate="01/08/2025" artClass="00047:00047:00000:00000:00000:00000:00000:00000:00000:00000:00017:00000" artCategory="Ministério da Saúde/Agência Nacional de Saúde Suplementar" artSize="12" artNotes="" numberPage="88" pdfPage="http://pesquisa.in.gov.br/imprensa/jsp/visualiza/index.jsp?data=01/08/2025&amp;jornal=529&amp;pagina=88" editionNumber="144" highlightType="" highlightPriority="" highlight="" highlightimage="" highlightimagename="" idMateria="22898658">
  <body>
    <Identifica><![CDATA[ PORTARIA DE PESSOAL ANS Nº 149, DE 22 DE JULHO DE 2025]]></Identifica>
    <Data><![CDATA[]]></Data>
    <Ementa />
    <Titulo />
    <SubTitulo />
    <Texto><![CDATA[<p class="identifica">PORTARIA DE PESSOAL ANS Nº 149, DE 22 DE JULHO DE 2025</p><p>A DIRETORA-PRESIDENTE INTERINA DA AGÊNCIA NACIONAL DE SAÚDE SUPLEMENTAR, no uso das atribuições legais que lhe conferem o inciso VI do art. 11 da Lei n.º 9.961, de 28 de janeiro de 2000 e o inciso VI do art. 11 do Regulamento aprovado pelo Decreto n.º 3.327, de 5 de janeiro de 2000, resolve:</p><p>Declarar vago, a partir do dia 01/08/2025, o cargo efetivo de Técnico Administrativo, Classe "C", Padrão "V", código de vaga nº 998250, do Quadro de Pessoal desta Agência, ocupado pelo servidor CAUE ROLIM HONORIO, Matrícula SIAPE nº 1680226, em virtude de posse em outro cargo inacumulável.</p><p class="assina">CARLA DE FIGUEIREDO SOARES</p>]]></Texto>
  </body>
  <Midias />
</article></xml>