﻿<xml><article id="44721989" name="PORTARIA DG 68_2025" idOficio="11189157" pubName="DO2" artType="Portaria" pubDate="01/08/2025" artClass="00070:00034:00004:00000:00000:00000:00000:00000:00000:00000:00017:00000" artCategory="Poder Judiciário/Tribunal Regional Eleitoral do Rio de Janeiro/Diretoria-Geral" artSize="12" artNotes="" numberPage="104" pdfPage="http://pesquisa.in.gov.br/imprensa/jsp/visualiza/index.jsp?data=01/08/2025&amp;jornal=529&amp;pagina=104" editionNumber="144" highlightType="" highlightPriority="" highlight="" highlightimage="" highlightimagename="" idMateria="22945149">
  <body>
    <Identifica><![CDATA[ PORTARIA DG Nº 68, DE 29 DE JULHO DE 2025]]></Identifica>
    <Data><![CDATA[]]></Data>
    <Ementa />
    <Titulo />
    <SubTitulo />
    <Texto><![CDATA[<p class="identifica">PORTARIA DG Nº 68, DE 29 DE JULHO DE 2025</p><p>A DIRETORA-GERAL DO TRIBUNAL REGIONAL ELEITORAL DO RIO DE JANEIRO, no uso da competência que lhe foi delegada através do Ato PR n.º 74/2025; e CONSIDERANDO o que consta do Processo SEI nº 2025.0.000015786-4, resolve:</p><p>Art. 1º Conceder PENSÃO CIVIL TEMPORÁRIA a BEATRIZ OLIVEIRA ROCHA, filha do servidor efetivo falecido SERGIO LUIZ XAVIER DA ROCHA, matrícula 00106091, Técnico Judiciário, NI C 13, do Quadro de Pessoal deste Tribunal, com fundamento no que dispõe o artigo 23, caput e § 4º, c/c o artigo 26, caput e § 2º, inciso II, da Emenda Constitucional n.º 103, de 13/11/2019, e nos moldes preceituados pelo artigo 16, inciso I, c/c o artigo 74, inciso I e o artigo 77, § 2º, inciso II, da Lei n.º 8.213, de 25/07/1991, a partir de 04/04/2025, data do óbito.</p><p>Art. 2º Esta Portaria entrará em vigor na data de sua publicação.</p><p class="assina">ELINE IRIS RABELLO GARCIA DA SILVA</p>]]></Texto>
  </body>
  <Midias />
</article></xml>