﻿<xml><article id="44722760" name="Retificacao PR 216_2025" idOficio="11189412" pubName="DO2" artType="Retificação" pubDate="01/08/2025" artClass="00019:00037:00000:00000:00000:00000:00000:00000:00000:00000:00021:00000" artCategory="Ministério do Desenvolvimento, Indústria, Comércio e Serviços/Instituto Nacional da Propriedade Industrial" artSize="12" artNotes="" numberPage="18" pdfPage="http://pesquisa.in.gov.br/imprensa/jsp/visualiza/index.jsp?data=01/08/2025&amp;jornal=529&amp;pagina=18" editionNumber="144" highlightType="" highlightPriority="" highlight="" highlightimage="" highlightimagename="" idMateria="22945445">
  <body>
    <Identifica><![CDATA[ RETIFICAÇÃO]]></Identifica>
    <Data><![CDATA[]]></Data>
    <Ementa />
    <Titulo />
    <SubTitulo />
    <Texto><![CDATA[<p class="identifica">RETIFICAÇÃO</p><p>Na Portaria de Pessoal INPI/PR nº 216, de 28 de agosto de 2025, publicadas no D.O.U de 31/07/2025, Seção 2, Página 15, Onde se lê: " Dispensar, a partir de 31 de agosto de 2025, ARTHUR EMILIANO DE LONTRA COSTA, ...", Leia-se: " Dispensar, a partir de 31 de julho de 2025, ARTHUR EMILIANO DE LONTRA COSTA, ..."</p>]]></Texto>
  </body>
  <Midias />
</article></xml>