﻿<xml><article id="44725139" name="DOU - alteracao aposentadoria - " idOficio="11189880" pubName="DO2" artType="Ato" pubDate="01/08/2025" artClass="00070:00058:00000:00000:00000:00000:00000:00000:00000:00000:00001:00003" artCategory="Poder Judiciário/Tribunal Regional do Trabalho da 17ª Região" artSize="12" artNotes="" numberPage="112" pdfPage="http://pesquisa.in.gov.br/imprensa/jsp/visualiza/index.jsp?data=01/08/2025&amp;jornal=529&amp;pagina=112" editionNumber="144" highlightType="" highlightPriority="" highlight="" highlightimage="" highlightimagename="" idMateria="22946155">
  <body>
    <Identifica><![CDATA[ ATO Nº 27, DE 30 DE JULHO DE 2025]]></Identifica>
    <Data><![CDATA[]]></Data>
    <Ementa />
    <Titulo />
    <SubTitulo />
    <Texto><![CDATA[<p class="identifica">ATO Nº 27, DE 30 DE JULHO DE 2025</p><p>A DESEMBARGADORA-PRESIDENTE DO TRIBUNAL REGIONAL DO TRABALHO DA DÉCIMA SÉTIMA REGIÃO, no uso de suas atribuições legais e regimentais, estabelecidas pelo artigo 15, inciso XVI, "b", do Regimento Interno, e à vista do constante do processo SEI n.º 0001771-08.2019.5.17.0500, resolve:</p><p>Incluir nos proventos de aposentadoria da servidora ARESIA TEIXEIRA SILVA, do quadro de pessoal inativo do Tribunal Regional do Trabalho da 17.ª Região, no cargo efetivo de Analista Judiciário, área judiciária, especialidade Oficial de Justiça Avaliador Federal, com efeitos a contar de 22/12/2023, data da vigência da Lei 14.687/2023, a gratificação de atividade externa de que trata o art. 16 da Lei 11.416/2006, na redação dada pela Lei 14.687/2023, conforme Acórdão do TCU n.º 643/2025 - Plenário, observando-se a proporcionalidade dos proventos (Acórdão do TCU n.º 2030/2008 - 1.ª Câmara), mantidas as demais parcelas componentes dos proventos.</p><p class="assina">Desª. ALZENIR BOLLESI DE PLÁ LOEFFLER</p>]]></Texto>
  </body>
  <Midias />
</article></xml>