﻿<xml><article id="44723621" name="PORTARIA N 1.755_22945715" idOficio="11189564" pubName="DO2" artType="Portaria" pubDate="01/08/2025" artClass="00025:00077:00001:00000:00000:00000:00000:00000:00000:00000:00017:00000" artCategory="Ministério da Educação/Instituto Federal de Educação, Ciência e Tecnologia do Rio Grande do Norte/Reitoria" artSize="12" artNotes="" numberPage="26" pdfPage="http://pesquisa.in.gov.br/imprensa/jsp/visualiza/index.jsp?data=01/08/2025&amp;jornal=529&amp;pagina=26" editionNumber="144" highlightType="" highlightPriority="" highlight="" highlightimage="" highlightimagename="" idMateria="22945715">
  <body>
    <Identifica><![CDATA[ PORTARIA RE/IFRN Nº 1.755, DE 31 DE JULHO DE 2025]]></Identifica>
    <Data><![CDATA[]]></Data>
    <Ementa />
    <Titulo />
    <SubTitulo />
    <Texto><![CDATA[<p class="identifica">PORTARIA RE/IFRN Nº 1.755, DE 31 DE JULHO DE 2025</p><p>O REITOR DO INSTITUTO FEDERAL DE EDUCAÇÃO, CIÊNCIA E TECNOLOGIA DO RIO GRANDE DO NORTE, no uso de suas atribuições, CONSIDERANDO o que consta no Processo nº 23421.002477.2023-79, de 30 de maio de 2025; CONSIDERANDO o PARECER n. 00184/2025/PF-IFRN/PFIFRIO GRANDE DO NORTE/PGF/AGU, de 16 de julho de 2025; CONSIDERANDO, ainda, o que consta na Decisão Administrativa 19/2025 - RE/IFRN, de 31 de julho de 2025; e CONSIDERANDO, por fim, a subdelegação de competência conferida pela Portaria do Ministro da Educação nº 451, de 9 de abril de 2010, publicada no Diário Oficial da União de 12 de abril de 2010, Seção 2, página 11, resolve:</p><p>DEMITIR do Quadro de Pessoal do Instituto Federal de Educação, Ciência e Tecnologia do Rio Grande do Norte, por prática de violação dos deveres, o servidor CLÁUDIO DOS SANTOS MOTA, Matrícula Siape nº 3037971, ocupante do cargo de Professor do Ensino Básico, Técnico e Tecnológico, lotado no Campus Santa Cruz, com base no inciso III, Art. 132, da Lei nº 8.112, de 11 de dezembro de 1990.</p><p class="assina">JOSÉ ARNÓBIO DE ARAÚJO FILHO</p>]]></Texto>
  </body>
  <Midias />
</article></xml>