﻿<xml><article id="44717689" name="PORTARIA N 1.093_22944105" idOficio="11188350" pubName="DO2" artType="Portaria" pubDate="01/08/2025" artClass="00033:00002:00000:00000:00000:00000:00000:00000:00000:00000:00017:00004" artCategory="Ministério da Justiça e Segurança Pública/Secretaria Executiva" artSize="12" artNotes="" numberPage="72" pdfPage="http://pesquisa.in.gov.br/imprensa/jsp/visualiza/index.jsp?data=01/08/2025&amp;jornal=529&amp;pagina=72" editionNumber="144" highlightType="" highlightPriority="" highlight="" highlightimage="" highlightimagename="" idMateria="22944105">
  <body>
    <Identifica><![CDATA[ PORTARIA DE PESSOAL SE/MJSP Nº 1.093, DE 30 DE JULHO DE 2025]]></Identifica>
    <Data><![CDATA[]]></Data>
    <Ementa />
    <Titulo />
    <SubTitulo />
    <Texto><![CDATA[<p class="identifica">PORTARIA DE PESSOAL SE/MJSP Nº 1.093, DE 30 DE JULHO DE 2025</p><p>O SECRETÁRIO-EXECUTIVO DO MINISTÉRIO DA JUSTIÇA E SEGURANÇA PÚBLICA, no uso da competência que lhe foi subdelegada pela Portaria MJSP nº 665, de 24 de junho de 2024, e tendo em vista o disposto no Decreto nº 1.387, de 7 de fevereiro de 1995, e no art. 95 da Lei nº 8.112, de 11 de dezembro de 1990, resolve:</p><p>Alterar a Portaria de Pessoal SE/MJSP nº 811, de 7 de julho de 2025, publicada no Diário Oficial da União nº 126, de 8 de julho de 2025, Seção 2, página 37, referente ao afastamento do País do Agente de Polícia Federal RENAN ANTONIO SANTANA DE OLIVEIRA, para fazer constar que a viagem ocorreu no período de 13 a 21 de julho de 2025, inclusive trânsito, mantidas as demais condições (Processo nº 08204.001446/2025-33).</p><p class="assina">MANOEL CARLOS DE ALMEIDA NETO</p>]]></Texto>
  </body>
  <Midias />
</article></xml>