﻿<xml><article id="44718124" name="PT 1041 AAJ-SAJ" idOficio="11188492" pubName="DO2" artType="Portaria" pubDate="01/08/2025" artClass="00016:00010:00001:00006:00000:00000:00000:00000:00000:00000:00017:00001" artCategory="Ministério da Defesa/Comando da Aeronáutica/Gabinete do Comandante/Chefia" artSize="12" artNotes="" numberPage="9" pdfPage="http://pesquisa.in.gov.br/imprensa/jsp/visualiza/index.jsp?data=01/08/2025&amp;jornal=529&amp;pagina=9" editionNumber="144" highlightType="" highlightPriority="" highlight="" highlightimage="" highlightimagename="" idMateria="22944287">
  <body>
    <Identifica><![CDATA[ PORTARIA GABAER Nº 1.041/AAJ-SAJ, DE 29 DE JULHO DE 2025]]></Identifica>
    <Data><![CDATA[]]></Data>
    <Ementa />
    <Titulo />
    <SubTitulo />
    <Texto><![CDATA[<p class="identifica">PORTARIA GABAER Nº 1.041/AAJ-SAJ, DE 29 DE JULHO DE 2025</p><p>O COMANDANTE DA AERONÁUTICA, no uso da atribuição que lhe foi subdelegada pelo inciso I, alínea "a", do art. 1º da Portaria GM-MD nº 2.145, de 13 de abril de2023; tendo em vista o disposto no art. 141, inciso I, da Lei nº 8.112, de 11 de dezembro de 1990; nos arts. 2º e 3º do Decreto nº 11.123, de 7 de julho de 2022; e considerando o que consta no Processo Administrativo Disciplinar nº 67760.002505/2025-44, no Parecer Jurídico nº 00297/2025/COJAER/CGU/AGU, de 11 de julho de 2025, aprovado pelo Despacho nº 00682/2025/COJAER/CGU/AGU, de 16 de julho de 2025, da Consultoria Jurídica-Adjuntado Comando da Aeronáutica, resolve:</p><p>Aplicar a penalidade de DEMISSÃO ao servidor DANIEL SANTOS DE TOLEDO RODRIGUES, matrícula SIAPE nº 1353832, ocupante do cargo de Técnico, Classe "M", Padrão III, lotado no Instituto de Aeronáutica e Espaço (IAE), nos termos do art. 132, inciso II, da Lei nº 8.112, de 11 de dezembro de 1990, por ter incorrido na conduta prevista no art. 138 da mesma Lei.</p><p class="assina">Ten Brig Ar MARCELO KANITZ DAMASCENO</p>]]></Texto>
  </body>
  <Midias />
</article></xml>