﻿<xml><article id="44721094" name="LEILA vacancia 25jul25" idOficio="11188958" pubName="DO2" artType="Portaria" pubDate="01/08/2025" artClass="00033:00002:00013:00009:00000:00000:00000:00000:00000:00000:00017:00000" artCategory="Ministério da Justiça e Segurança Pública/Secretaria Executiva/Subsecretaria de Administração/Coordenação-Geral de Gestão de Pessoas" artSize="12" artNotes="" numberPage="73" pdfPage="http://pesquisa.in.gov.br/imprensa/jsp/visualiza/index.jsp?data=01/08/2025&amp;jornal=529&amp;pagina=73" editionNumber="144" highlightType="" highlightPriority="" highlight="" highlightimage="" highlightimagename="" idMateria="22944896">
  <body>
    <Identifica><![CDATA[ PORTARIA DE PESSOAL CGGP/SAA/MJSP Nº 407, DE 30 DE JULHO DE 2025]]></Identifica>
    <Data><![CDATA[]]></Data>
    <Ementa />
    <Titulo />
    <SubTitulo />
    <Texto><![CDATA[<p class="identifica">PORTARIA DE PESSOAL CGGP/SAA/MJSP Nº 407, DE 30 DE JULHO DE 2025</p><p>A COORDENADORA-GERAL DE GESTÃO DE PESSOAS DA SUBSECRETARIA DE ADMINISTRAÇÃO DA SECRETARIA EXECUTIVA DO MINISTÉRIO DA JUSTIÇA E SEGURANÇA PÚBLICA, no uso das atribuições que lhe foram subdelegadas pelo inciso XVII do art 4º da Portaria SAA nº 76, de 25 de novembro de 2021, publicada no D.O.U de 29 subsequente, e tendo em vista o disposto no inciso VIII do art. 33 da Lei nº 8.112, de 11 de dezembro de 1990, e no Processo 08004.000637/2025-34, resolve:</p><p>Declarar vago, a partir de 25 de julho de 2025, o cargo de Engenheiro, Classe B, Padrão IV, do Quadro de Pessoal deste Ministério, ocupado pela servidora LEILA PEREIRA DE MORAIS, matrícula Siape nº 2267939, em virtude de posse em outro cargo inacumulável.</p><p class="assina">IRENILDA FERREIRA CARDOSO</p>]]></Texto>
  </body>
  <Midias />
</article></xml>