﻿<xml><article id="44720686" name="PORT DGP 2744" idOficio="11188810" pubName="DO2" artType="Portaria" pubDate="01/08/2025" artClass="00033:00045:00015:00000:00000:00000:00000:00000:00000:00000:00017:00007" artCategory="Ministério da Justiça e Segurança Pública/Polícia Federal/Diretoria de Gestão de Pessoas" artSize="12" artNotes="" numberPage="74" pdfPage="http://pesquisa.in.gov.br/imprensa/jsp/visualiza/index.jsp?data=01/08/2025&amp;jornal=529&amp;pagina=74" editionNumber="144" highlightType="" highlightPriority="" highlight="" highlightimage="" highlightimagename="" idMateria="22944682">
  <body>
    <Identifica><![CDATA[ PORTARIA DGP/PF Nº 2.744, DE 29 DE JULHO DE 2025]]></Identifica>
    <Data><![CDATA[]]></Data>
    <Ementa />
    <Titulo />
    <SubTitulo />
    <Texto><![CDATA[<p class="identifica">PORTARIA DGP/PF Nº 2.744, DE 29 DE JULHO DE 2025</p><p>O DIRETOR DE GESTÃO DE PESSOAS DA POLÍCIA FEDERAL, no uso das atribuições que lhe confere o inciso VI do art. 43 do Regimento Interno da Polícia Federal, aprovado pela Portaria MSP nº 155, de 27/09/2018, publicada no DOU nº 200, de 17/10/2018, e tendo em vista o que consta do processo nº 08310.003088/2025-96, resolve:</p><p>DESIGNAR o Delegado de Polícia Federal SANDRO ANGELO BRITO FONSECA, matrícula PF nº 14.729, para a função de Chefe da Delegacia de Controle de Armas de Fogo da Delegacia Regional Executiva da Superintendência Regional de Polícia Federal no Maranhão, código FCE 1.02.</p><p class="assina">GUILHERME MONSEFF DE BIAGI</p>]]></Texto>
  </body>
  <Midias />
</article></xml>