﻿<xml><article id="44717566" name="PORTARIA N 597_22942267" idOficio="11187474" pubName="DO2" artType="Portaria" pubDate="01/08/2025" artClass="00070:00004:00001:00002:00000:00000:00000:00000:00000:00000:00017:00009" artCategory="Poder Judiciário/Superior Tribunal de Justiça/Presidência/Secretaria" artSize="12" artNotes="" numberPage="99" pdfPage="http://pesquisa.in.gov.br/imprensa/jsp/visualiza/index.jsp?data=01/08/2025&amp;jornal=529&amp;pagina=99" editionNumber="144" highlightType="" highlightPriority="" highlight="" highlightimage="" highlightimagename="" idMateria="22942267">
  <body>
    <Identifica><![CDATA[ PORTARIA STJ/GDG N° 597, DE 30 DE JULHO DE 2025]]></Identifica>
    <Data><![CDATA[]]></Data>
    <Ementa />
    <Titulo />
    <SubTitulo />
    <Texto><![CDATA[<p class="identifica">PORTARIA STJ/GDG N° 597, DE 30 DE JULHO DE 2025</p><p>O DIRETOR-GERAL DA SECRETARIA DO SUPERIOR TRIBUNAL DE JUSTIÇA, com base no item 21.2.3, XI, b, do Anexo da Instrução Normativa STJ/GP n. 19 de 11 de junho de 2025 e no disposto no art. 35, I, da Lei n. 8.112, de 11 de dezembro de 1990, resolve:</p><p>Art. 1º Efetuar as seguintes alterações na Assessoria de Gestão Sustentável:</p><p>I - Dispensar, com efeitos a contar de 1º de agosto de 2025, ARTHUR DE SOUSA GUEDES, matrícula S074653, da função de confiança de Assistente IV, código FC-4;</p><p>II - Designar MATHEUS GALDINO FONTES, matrícula S070933, para a função de confiança de Assistente IV, código FC-4, na vaga decorrente da dispensa de Arthur de Sousa Guedes.</p><p>Art. 2º Esta portaria entra em vigor na data de sua publicação.</p><p class="assina">SERGIO JOSÉ AMERICO PEDREIRA</p>]]></Texto>
  </body>
  <Midias />
</article></xml>