﻿<xml><article id="44724761" name="438" idOficio="11189842" pubName="DO2" artType="Portaria" pubDate="01/08/2025" artClass="00016:00012:00009:00012:00000:00000:00000:00000:00000:00000:00017:00000" artCategory="Ministério da Defesa/Comando da Marinha/Comando-Geral do Corpo de Fuzileiros Navais/Comando do Pessoal de Fuzileiros Navais" artSize="12" artNotes="" numberPage="14" pdfPage="http://pesquisa.in.gov.br/imprensa/jsp/visualiza/index.jsp?data=01/08/2025&amp;jornal=529&amp;pagina=14" editionNumber="144" highlightType="" highlightPriority="" highlight="" highlightimage="" highlightimagename="" idMateria="22946082">
  <body>
    <Identifica><![CDATA[ PORTARIA Nº 438/CPesFN, DE 23 DE JULHO DE 2025]]></Identifica>
    <Data><![CDATA[]]></Data>
    <Ementa />
    <Titulo />
    <SubTitulo />
    <Texto><![CDATA[<p class="identifica">PORTARIA Nº 438/CPesFN, DE 23 DE JULHO DE 2025</p><p>O COMANDANTE DO PESSOAL DE FUZILEIROS NAVAIS, no uso da subdelegação de competência que lhe confere a alínea f do inciso IX do art. 3º da Portaria nº 134/2017 do Comando-Geral do Corpo de Fuzileiros Navais; de acordo com os §§ 4º e 5º, alínea c do § 3º e inciso II do art. 121 da Lei nº 6.880/1980 (Estatuto dos Militares), alterada pela Lei nº 13.954/2019 (Reestruturação da Carreira Militar), resolve:</p><p>Art. 1º Licenciar o militar abaixo mencionado do Serviço Ativo da Marinha, ex officio, a bem da disciplina, a partir da presente data, e considerá-lo isento do serviço militar, de acordo com o item 23 do art. 3º do capítulo II e itens 2 e 3 do art. 141 do Decreto nº 57.654/1966, alíneas b e c do inciso 6.2.1 da DGPM-315 (3ª Revisão) e alíneas b e c do inciso 3.20.6 do Plano de Carreira de Praças da Marinha (1ª Revisão), aprovado pela Portaria nº 342/MB/MD/2007 e alterado pela Portaria nº 149/MB/MD/2019:</p><p>1º BATALHÃO DE OPERAÇÕES RIBEIRINHAS</p><p>SD-FN 23.0904.48 GABRIEL JOSÉ SILVA FALCÃO VIANA</p><p>Art. 2º Estabelecer, objetivando o fiel cumprimento do disposto na alínea f do inciso 17.2.6 da DGPM-301 (2ª Revisão), os seguintes eventos à Organização Militar onde serve o militar:</p><p>I - Publicar esta Portaria em Ordem de Serviço; e</p><p>II - Em até 45 dias, desligar o militar do Serviço Ativo da Marinha, retroativamente a data desta Portaria.</p><p>Art. 3º Esta Portaria entra em vigor na presente data.</p><p class="assina">V Alte (FN) MARCELO GUIMARÃES DIAS</p>]]></Texto>
  </body>
  <Midias />
</article></xml>