﻿<xml><article id="44718304" name="PORTARIA N 467_22908833" idOficio="11167047" pubName="DO2" artType="Portaria" pubDate="01/08/2025" artClass="00070:00018:00000:00000:00000:00000:00000:00000:00000:00000:00017:00003" artCategory="Poder Judiciário/Tribunal Regional Eleitoral da Bahia" artSize="12" artNotes="" numberPage="102" pdfPage="http://pesquisa.in.gov.br/imprensa/jsp/visualiza/index.jsp?data=01/08/2025&amp;jornal=529&amp;pagina=102" editionNumber="144" highlightType="" highlightPriority="" highlight="" highlightimage="" highlightimagename="" idMateria="22908833">
  <body>
    <Identifica><![CDATA[ PORTARIA TRE-BA N° 467, DE 23 DE JULHO DE 2025]]></Identifica>
    <Data><![CDATA[]]></Data>
    <Ementa />
    <Titulo />
    <SubTitulo />
    <Texto><![CDATA[<p class="identifica">PORTARIA TRE-BA N° 467, DE 23 DE JULHO DE 2025</p><p>O PRESIDENTE DO TRIBUNAL REGIONAL ELEITORAL DA BAHIA, no uso das atribuições que lhe são conferidas pelo art. 8º, XXXII, da Resolução Administrativa TRE-BA nº 1/2017 (Regimento Interno do Tribunal), CONSIDERANDO o disposto no SEI nº 0001786-20.2025.6.05.8000, resolve:</p><p>Art. 1º Dispensar Marcos José Silva Santana, servidor removido para este Tribunal, da função comissionada de Chefe de Seção - FC-6 da Seção de Normas e Jurisprudência de Pessoal da Coordenadoria de Análise Técnica.</p><p>Art. 2º Designar Marcos José Silva Santana, Analista Judiciário, Área Judiciária, Classe C, Padrão 13, redistribuído para este Tribunal, para a função comissionada de Chefe de Seção - FC-6 da Seção de Normas e Jurisprudência de Pessoal da Coordenadoria de Análise Técnica.</p><p>Art. 3º Esta portaria entrará em vigor a partir de 1º de agosto de 2025.</p><p class="assina">Des. ABELARDO PAULO DA MATTA NETO</p>]]></Texto>
  </body>
  <Midias />
</article></xml>