﻿<xml><article id="44724050" name="PORTARIA N 72_22945806" idOficio="11189662" pubName="DO2" artType="Portaria" pubDate="01/08/2025" artClass="00016:00011:00011:00116:00000:00000:00000:00000:00000:00000:00017:00000" artCategory="Ministério da Defesa/Comando do Exército/Comando Militar do Norte/8ª Região Militar" artSize="12" artNotes="" numberPage="12" pdfPage="http://pesquisa.in.gov.br/imprensa/jsp/visualiza/index.jsp?data=01/08/2025&amp;jornal=529&amp;pagina=12" editionNumber="144" highlightType="" highlightPriority="" highlight="" highlightimage="" highlightimagename="" idMateria="22945806">
  <body>
    <Identifica><![CDATA[ PORTARIA SVP 8 Nº 72, DE 30 DE JULHO DE 2025]]></Identifica>
    <Data><![CDATA[]]></Data>
    <Ementa />
    <Titulo />
    <SubTitulo />
    <Texto><![CDATA[<p class="identifica">PORTARIA SVP 8 Nº 72, DE 30 DE JULHO DE 2025</p><p>O COMANDANTE DA 8ª REGIÃO MILITAR, no uso da competência que lhe foi subdelegada pela Portaria nº DGP/C Ex nº 458, de 10 de agosto de 2023, publicada no Boletim do Exército nº 33, de 18 de agosto de 2023, e tendo em vista o cumprimento de decisão proferida em sede de tutela antecipada nos autos do Processo nº 0049575-35.2016.4.01.3400, junto à 4ª Vara Federal Cível da Seção Judiciária do Distrito Federal-DF, e Parecer de Força Executória nº 415/2022/COREMNG/PRU1R/PGU/AGU, de 12 de maio de 2022, resolve:</p><p>1 - REFORMAR,</p><p>provisoriamente, a contar de 12 de maio de 2022, o Terceiro-Sargento (Idt nº 085890243-0 MD/EB), JOSIAS CARDOSO DA SILVA, na graduação de Terceiro-Sargento, com os proventos do posto de Segundo-Tenente, de acordo com o art. 104, inciso II, art. 106, inciso II, art. 108, inciso V, art 109 e art. 110, § 1º, § 2º, alínea b, da Lei nº 6.880/1980, com redação anterior à Lei nº 13.954/2019.</p><p>2 - CONCEDER,</p><p>ao Terceiro-Sargento (Idt nº 085890243-0 MD/EB), JOSIAS CARDOSO DA SILVA, o benefício da Remuneração com Base no Soldo do Grau Hierárquico Imediato, previsto no § 1° e alínea b do § 2° do art. 110 da Lei nº 6.880/80, a contar de 12 de maio de 2022, e o benefício de Isenção do Recolhimento do Imposto de Renda, previsto no inciso XIV do art. 6º da Lei nº 7.713, de 22 de dezembro de 1988, com redação da Lei nº 11.052, de 29 de dezembro de 2004, a partir de 12 de maio de 2022, em face do enquadramento de sua incapacidade física ter sido motivada por doença prevista em lei.</p><p class="assina">Gen Div CARLOS FEITOSA RODRIGUES</p>]]></Texto>
  </body>
  <Midias />
</article></xml>