﻿<xml><article id="44723951" name="Modelo Portaria 4548 30-07-2025" idOficio="11189628" pubName="DO2" artType="Portaria" pubDate="01/08/2025" artClass="00050:00020:00103:00000:00000:00000:00000:00000:00000:00000:00017:00000" artCategory="Ministério dos Transportes/Departamento Nacional de Infraestrutura de Transportes/Superintendência Regional no Piaui" artSize="12" artNotes="" numberPage="90" pdfPage="http://pesquisa.in.gov.br/imprensa/jsp/visualiza/index.jsp?data=01/08/2025&amp;jornal=529&amp;pagina=90" editionNumber="144" highlightType="" highlightPriority="" highlight="" highlightimage="" highlightimagename="" idMateria="22945743">
  <body>
    <Identifica><![CDATA[ Portaria Nº 4.548, DE 30 DE julho DE 2025]]></Identifica>
    <Data><![CDATA[]]></Data>
    <Ementa />
    <Titulo />
    <SubTitulo />
    <Texto><![CDATA[<p class="identifica">Portaria Nº 4.548, DE 30 DE julho DE 2025</p><p>O SUPERINTENDENTE REGIONAL DO DNIT NO ESTADO DO PIAUÍ DO DEPARTAMENTO NACIONAL DE INFRAESTRUTURA DE TRANSPORTES - DNIT, no uso das atribuições que lhe conferem o artigo 144, inciso VI do Regimento Interno, aprovado pela Resolução nº 39, de 17 de novembro de 2020, publicada no Diário Oficial da União do dia 19/11/2020, e a Portaria de Delegação de Competência nº 769, de 31/01/2025, publicada na seção 1, edição 24 de 04/02/2025, pág. 69, e tendo em vista o constante no Processo nº 50618.000147/2022-33, resolve:</p><p>Art. 1º APROVAR o Projeto de Engenharia desenvolvido no âmbito do Contrato nº 18 00278/2024, cujo objeto é a "Elaboração dos Estudos e Projeto Executivo de Engenharia para a reforma dos prédios das Unidades Locais de Picos/PI, Piripiri/PI e Floriano/PI e atualização dos projetos da Unidade Local de Teresina/PI e da Sede da Superintendência Regional do Estado do Piauí", conforme descrito a seguir:</p><p>- Tipo de Projeto: Executivo</p><p>- Tipo de Obra: Reforma dos prédios das Unidades Locais de Teresina/PI, Picos/PI, Piripiri/PI e Floriano/PI e do prédio da Sede da Superintendência Regional do Estado do Piauí.</p><p>- Projetista: - JWR PERICIA TECNICA E CONSULTORIA EM ENGENHARIA LTDA</p><p>Esta Portaria entra em vigor na data de sua publicação.</p><p>Art 3º. Esta Portaria entra em vigor na data de sua publicação.</p><p class="assina">José Ribamar Bastos</p><p class="anexo">Anexos:</p><p>I - Projeto REFORMA PRÉDIO SEDE DNIT (21894595).</p><p>II - Projeto REFORMA PRÉDIO UNIDADES LOCAIS DNIT (21894624).</p><p>III - ART DE PROJETO (21894678).</p>]]></Texto>
  </body>
  <Midias />
</article></xml>