﻿<xml><article id="44717572" name="PORTARIA N 546_22919606" idOficio="11173432" pubName="DO2" artType="Portaria" pubDate="01/08/2025" artClass="00025:00146:00001:00000:00000:00000:00000:00000:00000:00000:00017:00000" artCategory="Ministério da Educação/Fundação Universidade Federal da Grande Dourados/Reitoria" artSize="12" artNotes="" numberPage="50" pdfPage="http://pesquisa.in.gov.br/imprensa/jsp/visualiza/index.jsp?data=01/08/2025&amp;jornal=529&amp;pagina=50" editionNumber="144" highlightType="" highlightPriority="" highlight="" highlightimage="" highlightimagename="" idMateria="22919606">
  <body>
    <Identifica><![CDATA[ PORTARIA N° 546, DE 28 DE JULHO DE 2025]]></Identifica>
    <Data><![CDATA[]]></Data>
    <Ementa />
    <Titulo />
    <SubTitulo />
    <Texto><![CDATA[<p class="identifica">PORTARIA N° 546, DE 28 DE JULHO DE 2025</p><p>O REITOR DA FUNDAÇÃO UNIVERSIDADE FEDERAL DA GRANDE DOURADOS, no uso das atribuições legais conferidas pelo Decreto de 22 de junho de 2022, do Presidente da República, publicado no DOU nº 117, de 23 de junho de 2022, seção 2, página 1, tendo em vista o que consta no Processo nº 23005.007064/2024-72, resolve:</p><p>Art. 1º Conceder aposentadoria por incapacidade permanente para o trabalho ao servidor THIAGO HILGERT DE SOUZA, admitido no Serviço Público Federal em 22 de agosto de 2014, Matrícula/SIAPE nº 2157561, ocupante do cargo de Técnico de Tecnologia da Informação, do quadro de pessoal deste órgão, lotado no Hospital Universitário - HU/UFGD, nos termos do art. 40, § 1º, inciso I, da Constitucional Federal, c/c o artigo 10, § 1º, inciso II da Emenda Constitucional 103/2019, com proventos calculados com base no artigo 26, §2º, da Emenda Constitucional 103/2019.</p><p>Art. 2º Declarar vago o respectivo cargo.</p><p class="assina">Jones Dari Goettert</p>]]></Texto>
  </body>
  <Midias />
</article></xml>