﻿<xml><article id="44717737" name="1457 a 1461" idOficio="11188455" pubName="DO2" artType="Ato" pubDate="01/08/2025" artClass="00025:00153:00000:00000:00000:00000:00000:00000:00000:00000:00001:00000" artCategory="Ministério da Educação/Fundação Universidade Federal do Piauí" artSize="12" artNotes="" numberPage="51" pdfPage="http://pesquisa.in.gov.br/imprensa/jsp/visualiza/index.jsp?data=01/08/2025&amp;jornal=529&amp;pagina=51" editionNumber="144" highlightType="" highlightPriority="" highlight="" highlightimage="" highlightimagename="" idMateria="22944299">
  <body>
    <Identifica><![CDATA[ ATOS de 30 de julho de 2025]]></Identifica>
    <Data><![CDATA[]]></Data>
    <Ementa />
    <Titulo />
    <SubTitulo />
    <Texto><![CDATA[<p class="identifica">ATOS de 30 de julho de 2025</p><p>A REITORA DA UNIVERSIDADE FEDERAL DO PIAUÍ, no uso de suas atribuições legais, resolve:</p><p>Nº 1.457 - Remover, judicialmente, JOAO RODRIGUES DE BARROS NETO, Professor do Magistério Superior, matrícula SIAPE n.º 1015198, lotado na Coordenação do curso de Engenharia de Materiais/CT, da Universidade Federal do Piauí - UFPI para Universidade Federal do Ceará - UFC. (considerando o Parecer de Força Executória nº 00396/2025/EATE-PES/EADM1/PGF/AGU; Processo 1025814-20.2024.4.01.4000 - 5ª Vara Federal Cível da SJPI; o Processo n.º 23111.037871/2025-08).</p><p>Nº 1.458 - Declarar vago, a partir de 06/08/2025, o cargo de Assistente em Administração, Classe D, nível 012, ocupado por JOSÉ SANTANA DA ROCHA CAVALCANTE, matrícula SIAPE nº 1113595, lotado na Coordenação do Programa de Pós-Graduação em Desenvolvimento e Meio Ambiente, em virtude de posse em outro cargo inacumulável. (considerando o Processo n.º 23111.037591/2025-02)</p><p>Nº 1.459 - Declarar vago, a partir de 11/06/2025, o cargo de Assistente em Administração, Classe D, nível 003, ocupado por NATALIA SHERMANN SOARES BRITO, matrícula SIAPE nº 1677670, lotada no Departamento de Fundamentos da Educação/CCE, em virtude de impossibilidade de cumprir carga horária de 40h semanais. (considerando o Processo n.º 23111.029951/2025-60)</p><p>Nº 1.460 - Designar ACRISIO DE MIRANDA SAMPAIO, Professor do Magistério Superior, matrícula SIAPE nº 422575, para responder, pro tempore, pela Função Gratificada, FG-1, de Chefe do Departamento de Engenharia Agrícola e Solos/CCA. (considerando o Processo n.º 23111.018326/2025-43)</p><p>Nº 1.461 - Declarar vago, a partir de 08/08/2025, o cargo de Assistente em Administração, Classe D, nível 001, ocupado por LUCILIO BRANDAO DE ARAUJO, matrícula SIAPE nº 1122862, lotado no Serviço de Registro e Controle Acadêmico Pós-Graduação/PRPG, por motivo de desistência do estágio probatório. (considerando o Processo n.º 23111.036218/2025-19)</p><p class="assina">NADIR DO NASCIMENTO NOGUEIRA</p>]]></Texto>
  </body>
  <Midias />
</article></xml>