﻿<xml><article id="44724812" name="6061" idOficio="11189853" pubName="DO2" artType="Portaria" pubDate="01/08/2025" artClass="00025:00145:00000:00000:00000:00000:00000:00000:00000:00000:00017:00000" artCategory="Ministério da Educação/Fundação Universidade Federal de Ciências da Saúde de Porto Alegre" artSize="12" artNotes="" numberPage="50" pdfPage="http://pesquisa.in.gov.br/imprensa/jsp/visualiza/index.jsp?data=01/08/2025&amp;jornal=529&amp;pagina=50" editionNumber="144" highlightType="" highlightPriority="" highlight="" highlightimage="" highlightimagename="" idMateria="22946113">
  <body>
    <Identifica><![CDATA[ PORTARIA DAP PROGESP UFCSPA Nº 6.061, de   30 DE JULHO DE 2025]]></Identifica>
    <Data><![CDATA[]]></Data>
    <Ementa />
    <Titulo />
    <SubTitulo />
    <Texto><![CDATA[<p class="identifica">PORTARIA DAP PROGESP UFCSPA Nº 6.061, de 30 DE JULHO DE 2025</p><p>A Reitora da Fundação Universidade Federal de Ciências da Saúde de Porto Alegre, no uso de suas atribuições, conferidas pelo Decreto de 13/03/2025, publicado no Diário Oficial da União de 14/03/2025, considerando a Lei n. 6.999/1982, considerando os autos do Processo Judicial Eletrônico - PJe n. 0600174-92.2025.6.21.0000 e demais informações contidas no Processo SEI 23103.014470/2025-64, resolve:</p><p>Art. 1º Disponibilizar a requisição da servidora SILVANA DIETRICH MARQUES DA ROCHA, matrícula SIAPE 1107493, pertencente ao Quadro de Pessoal da Universidade Federal de Ciências da Saúde de Porto Alegre, para exercício na Central de Atendimento ao Eleitor de Porto Alegre.</p><p>Art. 2º O ônus pela remuneração é do órgão requisitado.</p><p>Art. 3º A servidora deve se apresentar imediatamente ao órgão requisitante.</p><p>Art. 4º Esta Portaria entra em vigor na data da sua publicação.</p><p class="assina">JENIFER SAFFI</p><p></p>]]></Texto>
  </body>
  <Midias />
</article></xml>