﻿<xml><article id="44717917" name="Portaria-1596-2025" idOficio="11172588" pubName="DO2" artType="Portaria" pubDate="01/08/2025" artClass="00070:00045:00001:00000:00000:00000:00000:00000:00000:00000:00017:00000" artCategory="Poder Judiciário/Tribunal Regional do Trabalho da 4ª Região/Presidência" artSize="12" artNotes="" numberPage="109" pdfPage="http://pesquisa.in.gov.br/imprensa/jsp/visualiza/index.jsp?data=01/08/2025&amp;jornal=529&amp;pagina=109" editionNumber="144" highlightType="" highlightPriority="" highlight="" highlightimage="" highlightimagename="" idMateria="22918077">
  <body>
    <Identifica><![CDATA[ PORTARIA nº 1.596, de 21 de julho de 2025]]></Identifica>
    <Data><![CDATA[]]></Data>
    <Ementa />
    <Titulo />
    <SubTitulo />
    <Texto><![CDATA[<p class="identifica">PORTARIA nº 1.596, de 21 de julho de 2025</p><p>O PRESIDENTE DO TRIBUNAL REGIONAL DO TRABALHO DA 4ª REGIÃO, no uso de suas atribuições, e considerando o que consta no PA nº 4286/2025, resolve:</p><p>1. EXONERAR o servidor LUIZ FELIPE ROCHA SALOMAO JUNIOR (101125), ocupante do cargo de Analista Judiciário, Área Judiciária, do cargo em comissão de ASSESSOR ADMINISTRATIVO-CJ1, do Gabinete da Exma. Desembargadora Angela Rosi Almeida Chapper.</p><p>2. DECLARAR VAGO, em decorrência, o cargo em comissão de ASSESSOR ADMINISTRATIVO-CJ1, acima referido.</p><p>3. DESIGNAR o referido servidor para exercer a função comissionada de ASSISTENTE DE GABINETE-FC05, no Gabinete da Exma. Desembargadora Angela Rosi Almeida Chapper.</p><p class="assina">RICARDO HOFMEISTER DE ALMEIDA MARTINS COSTA</p>]]></Texto>
  </body>
  <Midias />
</article></xml>