﻿<xml><article id="44721986" name="Edital 001 DAP - GEPE - 01AGO202" idOficio="11189133" pubName="DO2" artType="Edital de Convocação" pubDate="01/08/2025" artClass="00099:00025:00102:00000:00000:00000:00000:00000:00000:00000:00000:00005:00000" artCategory="Editais e Avisos/Ministério da Educação" artSize="12" artNotes="" numberPage="116" pdfPage="http://pesquisa.in.gov.br/imprensa/jsp/visualiza/index.jsp?data=01/08/2025&amp;jornal=529&amp;pagina=116" editionNumber="144" highlightType="" highlightPriority="" highlight="" highlightimage="" highlightimagename="" idMateria="22945097">
  <body>
    <Identifica><![CDATA[EDITAL Nº 1 DAP/PROGEPE/UFF/2025]]></Identifica>
    <Data><![CDATA[]]></Data>
    <Ementa />
    <Titulo />
    <SubTitulo />
    <Texto><![CDATA[<p class="identifica">EDITAL Nº 1 DAP/PROGEPE/UFF/2025</p><p>A Pró-Reitora de Gestão de Pessoas da Universidade Federal Fluminense, no uso de suas atribuições legais e estatutárias e atendendo ao disposto nos normativos legais referentes à reposição ao erário de valores recebidos indevidamente, convoca os servidores/ex-servidores, abaixo relacionados, para que no prazo de 15 (quinze) dias, a partir da publicação deste Edital, compareçam ao Departamento de Administração de Pessoal (DAP/PROGEPE/UFF), com endereço na Rua Miguel de Frias, nº 09, Icaraí, 4 Andar, das 10h às 16h, para tomarem ciência dos procedimentos administrativos instaurados. O procedimento de notificação por Edital no Diário Oficial da União se consubstancia no art. 9º, §4º da Orientação Normativa SGP/MPOG nº05/2013, tendo em vista que os notificados encontram-se em lugar incerto tendo sido notificados via postal com devolução dos avisos de recebimento. A falta de comparecimento no prazo supramencionada não prejudicará o andamento processual, conforme consta da Instrução de Serviço N033, da PROGEPE/UFF, publicada no BS/UFF DO DIA 29/11/2023.</p><p>Paulo Fernando dos Santos Fernandes Processo n23069.186677/2023-31</p><p>Dandara Monteiro de Souza Processo n23069.153795/2020-11</p><p>Valeria Lopes de Farias Processo n23069.155894/2021-18</p><p>Larissa Sudre Teixeira Processo n23069.150942/2024-24</p><p>Vera Lucia Porto Processo n23069.154968/2022-80</p><p>Maria Lucia Rodrigues de Viterbo Processo n23069.153130/2023-50</p><p>Barbara de Souza Gomes Processo n23069.168754/2023-71</p><p>Bruna Vieira da Silva Processo n23069.156611/2024-06</p><p>Bruno Cesar Honorio de Albuquerque Processo n23069.170489/2023-91</p><p>Eloy Nascentes dos Santos Processo n23069.165668/2022-26</p><p>Isabela Baiao Mol Processo n23069.187444/2024-37</p><p>Kessia França Moreira Processo n23069168810/2023-78</p><p>Lais Cristina Sampaio Teixeira Processo n23069150593/2024-41</p><p>Lauro Roberto Oliveira Ferreira Campos Processo n23069169654/2024-43</p><p>Liciane Ferreira Plouvier Processo n23069043113/2016-86</p><p>Marcelo de Chateaubriand Lustosa Processo n23069170439/2023-12</p><p>Marcus Vinicius Correa Carvalho Processo n23069.171820/2024-71</p><p>Maria Aparecida dos Santos Processo n23069.162734/2024-78</p><p>Marizete Matos De Barros Processo n23069.163990/2020-59</p><p>Antonio Gonzaga de Souza Processo n23069.162237/2021-27</p><p>Estevan Bernard de Almeida Reis Processo n23069150096/2020-19</p><p>Beatriz Crittelli Amado Processo n23069.169652/2022-92</p><p>Ana Suely Meira Processo n23069.162948/2021-00</p><p>Santina Raffaela Lucente Processo n23069.003248/2020-95</p><p>Leize Caldas Costa Abreu Processo n23069.189856/2023-21</p><p>Ana Lucia Goncalves da Mota Processo n23069.152299/2025-54</p><p>Rosileia Silva dos Santos Processo n152045/2022-93</p><p class="assina">ALINE DA SILVA MARQUES</p>]]></Texto>
  </body>
  <Midias />
</article></xml>