﻿<xml><article id="44718235" name="Portaria-1578-2025" idOficio="11172588" pubName="DO2" artType="Portaria" pubDate="01/08/2025" artClass="00070:00045:00001:00000:00000:00000:00000:00000:00000:00000:00017:00000" artCategory="Poder Judiciário/Tribunal Regional do Trabalho da 4ª Região/Presidência" artSize="12" artNotes="" numberPage="109" pdfPage="http://pesquisa.in.gov.br/imprensa/jsp/visualiza/index.jsp?data=01/08/2025&amp;jornal=529&amp;pagina=109" editionNumber="144" highlightType="" highlightPriority="" highlight="" highlightimage="" highlightimagename="" idMateria="22918075">
  <body>
    <Identifica><![CDATA[ PORTARIA nº 1.578, de 17 de julho de 2025]]></Identifica>
    <Data><![CDATA[]]></Data>
    <Ementa />
    <Titulo />
    <SubTitulo />
    <Texto><![CDATA[<p class="identifica">PORTARIA nº 1.578, de 17 de julho de 2025</p><p>O PRESIDENTE DO TRIBUNAL REGIONAL DO TRABALHO DA 4ª REGIÃO, no uso de suas atribuições, e considerando o que consta no PA nº 4362/2025, resolve:</p><p>1. DISPENSAR a servidora CARINA MARCIA DAHMER (114960), ocupante do cargo de Analista Judiciário, Área Judiciária, da função comissionada de ASSISTENTE DE GABINETE-FC05, do Gabinete da Exma. Desembargadora Luciane Cardoso Barzotto.</p><p>2. DECLARAR VAGA, em decorrência, a função comissionada de ASSISTENTE DE GABINETE-FC05, acima referida.</p><p>3. NOMEAR a referida servidora para exercer o cargo em comissão de ASSESSOR ADMINISTRATIVO-CJ1, no Gabinete da Exma. Desembargadora Luciane Cardoso Barzotto.</p><p class="assina">RICARDO HOFMEISTER DE ALMEIDA MARTINS COSTA</p>]]></Texto>
  </body>
  <Midias />
</article></xml>