﻿<xml><article id="44717935" name="Port. 451 - ATQ103art20 integral" idOficio="11188314" pubName="DO2" artType="Portaria" pubDate="01/08/2025" artClass="00025:00127:00012:00007:00000:00000:00000:00000:00000:00000:00017:00000" artCategory="Ministério da Educação/Universidade Federal de Santa Catarina/Pró-Reitoria de Desenvolvimento e Gestão de Pessoas/Departamento de Administração de Pessoal" artSize="12" artNotes="" numberPage="45" pdfPage="http://pesquisa.in.gov.br/imprensa/jsp/visualiza/index.jsp?data=01/08/2025&amp;jornal=529&amp;pagina=45" editionNumber="144" highlightType="" highlightPriority="" highlight="" highlightimage="" highlightimagename="" idMateria="22944122">
  <body>
    <Identifica><![CDATA[ PORTARIA Nº 451, DE 31 DE JULHO DE 2025]]></Identifica>
    <Data><![CDATA[]]></Data>
    <Ementa />
    <Titulo />
    <SubTitulo />
    <Texto><![CDATA[<p class="identifica">PORTARIA Nº 451, DE 31 DE JULHO DE 2025</p><p>A Diretora do Departamento de Administração de Pessoal da Universidade Federal de Santa Catarina, no uso de suas atribuições, resolve:</p><p>Aposentar ROSELENE HINCKEL DUTRA, matrícula SIAPE 1160394, código de vaga nº 692064, ocupante do cargo de TÉCNICO EM ENFERMAGEM, Nível de Classificação D e Padrão de Vencimento 19, em regime de trabalho de 40 horas semanais, da carreira técnico-administrativa da Universidade Federal de Santa Catarina, nos termos do Art. 20 da Emenda Constitucional nº 103, de 13 de novembro de 2019, com a totalidade da remuneração no cargo efetivo em que se der a aposentadoria, conforme § 2º, Inciso I, do Art. 20 C/C com o § 8º do Art. 4º da EC nº 103/2019, incorporando 04% (quatro por cento) de adicional de tempo de serviço (Processo nº 23080.025704/2025-12).</p><p class="assina">EMANUELLA KÁTIA DA CONCEIÇÃO DOS SANTOS</p>]]></Texto>
  </body>
  <Midias />
</article></xml>