﻿<xml><article id="44724974" name="1039" idOficio="11189902" pubName="DO2" artType="Portaria" pubDate="01/08/2025" artClass="00025:00149:00001:00000:00000:00000:00000:00000:00000:00000:00017:00003" artCategory="Ministério da Educação/Fundação Universidade Federal do Mato Grosso do Sul/Reitoria" artSize="12" artNotes="" numberPage="51" pdfPage="http://pesquisa.in.gov.br/imprensa/jsp/visualiza/index.jsp?data=01/08/2025&amp;jornal=529&amp;pagina=51" editionNumber="144" highlightType="" highlightPriority="" highlight="" highlightimage="" highlightimagename="" idMateria="22946125">
  <body>
    <Identifica><![CDATA[ PORTARIA Nº 1.039-RTR/UFMS DE 30 DE JUlHO DE 2025]]></Identifica>
    <Data><![CDATA[]]></Data>
    <Ementa />
    <Titulo />
    <SubTitulo />
    <Texto><![CDATA[<p class="identifica">PORTARIA Nº 1.039-RTR/UFMS DE 30 DE JUlHO DE 2025</p><p>A REITORA DA FUNDAÇÃO UNIVERSIDADE FEDERAL DE MATO GROSSO DO SUL, no uso de suas atribuições legais, e tendo em vista o disposto no inciso IX do art. 33 da Lei nº 8.112, de 11 de dezembro de 1990, e considerando o condo no Processo nº 23104.019684/2025-17, resolve:</p><p>Declarar vago o cargo de Professor do Magistério Superior, Classe Associado, Nível 04, com Doutorado, em regime de Dedicação Exclusiva, ocupado por MARCIO ANTONIO DA SILVA, código de vaga nº 849279, em decorrência do seu falecimento ocorrido em 21 de Julho de 2025.</p><p class="assina">CAMILA CELESTE BRANDÃO FERREIRA ÍTAVO</p>]]></Texto>
  </body>
  <Midias />
</article></xml>