﻿<xml><article id="44717248" name="PORTARIA 372.2025" idOficio="11127391" pubName="DO2" artType="Portaria" pubDate="01/08/2025" artClass="00047:00037:00016:00000:00000:00000:00000:00000:00000:00000:00017:00000" artCategory="Ministério da Saúde/Secretaria de Atenção Especializada à Saúde/Instituto Nacional de Câncer" artSize="12" artNotes="" numberPage="87" pdfPage="http://pesquisa.in.gov.br/imprensa/jsp/visualiza/index.jsp?data=01/08/2025&amp;jornal=529&amp;pagina=87" editionNumber="144" highlightType="" highlightPriority="" highlight="" highlightimage="" highlightimagename="" idMateria="22840642">
  <body>
    <Identifica><![CDATA[ PORTARIA INCA/MS Nº 372, DE 12 DE JUNHO]]></Identifica>
    <Data><![CDATA[]]></Data>
    <Ementa />
    <Titulo />
    <SubTitulo />
    <Texto><![CDATA[<p class="identifica">PORTARIA INCA/MS Nº 372, DE 12 DE JUNHO</p><p>O Diretor-Geral do Instituto Nacional de Câncer, do Ministério da Saúde, no uso de suas atribuições subdelegadas pela Portaria/CGRH/MS nº 1.041 de 30/10/2009, publicada no DOU nº 209, de 03/11/2009, resolve:</p><p>Art. 1º Conceder aposentadoria voluntária a CARLOS RIBEIRO DOS ANJOS, matrícula SIAPE nº 241867, ocupante do cargo de Assistente em C&amp;T, NI, classe S, padrão III, do Quadro de Pessoal do Ministério da Saúde, com fundamento no art. 40, §1º, inciso III, da Constituição Federal, com redação dada pela Emenda Constitucional nº 103/2019. Os proventos serão calculados com base no art. 20, § 2º, Inciso I, da EC 103/2019 (Processo nº 25410.008499/2025-69).</p><p>Art. 2º Declarar vago o cargo de código 407/002 - Assistente em C&amp;T.</p><p class="assina">ROBERTO DE ALMEIDA GIL</p>]]></Texto>
  </body>
  <Midias />
</article></xml>