﻿<xml><article id="44722133" name="PORTARIA N 603_22945185" idOficio="11189205" pubName="DO2" artType="Portaria" pubDate="01/08/2025" artClass="00025:00109:00000:00000:00000:00000:00000:00000:00000:00000:00017:00000" artCategory="Ministério da Educação/Universidade Federal de Lavras" artSize="12" artNotes="" numberPage="37" pdfPage="http://pesquisa.in.gov.br/imprensa/jsp/visualiza/index.jsp?data=01/08/2025&amp;jornal=529&amp;pagina=37" editionNumber="144" highlightType="" highlightPriority="" highlight="" highlightimage="" highlightimagename="" idMateria="22945185">
  <body>
    <Identifica><![CDATA[ PORTARIA Nº 603, DE 28 DE JULHO DE 2025]]></Identifica>
    <Data><![CDATA[]]></Data>
    <Ementa />
    <Titulo />
    <SubTitulo />
    <Texto><![CDATA[<p class="identifica">PORTARIA Nº 603, DE 28 DE JULHO DE 2025</p><p>O REITOR EM EXERCÍCIO DA UNIVERSIDADE FEDERAL DE LAVRAS, no uso de suas atribuições legais e regimentais, e tendo em vista o que consta nos autos do Processo nº 23090.010758/2025-56, resolve:</p><p>Art. 1º Conceder aposentadoria voluntária por tempo de contribuição, com proventos integrais, ao servidor José Carlos dos Santos Jesus, matrícula SIAPE nº 980803 e matrícula de origem nº 140553, ocupante do cargo de Professor do Magistério Superior, Classe B, nível 3, pertencente ao Quadro Permanente desta Universidade Federal de Lavras, nos termos do art. 4º, § 6º, inciso I, da Emenda Constitucional nº 103/2019, declarando a vacância do cargo de vaga nº 0306805.</p><p>Art. 2º Esta Portaria entra em vigor na data de sua publicação no Diário Oficial da União.</p><p class="assina">JACKSON ANTÔNIO BARBOSA</p>]]></Texto>
  </body>
  <Midias />
</article></xml>