﻿<xml><article id="44725202" name="PORTARIA DGP_PRF NA 1393 DE 31 D" idOficio="11189927" pubName="DO2" artType="Portaria" pubDate="01/08/2025" artClass="00033:00046:02011:00000:00000:00000:00000:00000:00000:00000:00017:00002" artCategory="Ministério da Justiça e Segurança Pública/Polícia Rodoviária Federal/Diretoria de Gestão de Pessoas" artSize="12" artNotes="" numberPage="75" pdfPage="http://pesquisa.in.gov.br/imprensa/jsp/visualiza/index.jsp?data=01/08/2025&amp;jornal=529&amp;pagina=75" editionNumber="144" highlightType="" highlightPriority="" highlight="" highlightimage="" highlightimagename="" idMateria="22946165">
  <body>
    <Identifica><![CDATA[ PORTARIA DGP/PRF Nº 1.393, DE 31 DE JULHO DE 2025]]></Identifica>
    <Data><![CDATA[]]></Data>
    <Ementa />
    <Titulo />
    <SubTitulo />
    <Texto><![CDATA[<p class="identifica">PORTARIA DGP/PRF Nº 1.393, DE 31 DE JULHO DE 2025</p><p>O DIRETOR DE GESTÃO DE PESSOAS SUBSTITUTO DA POLÍCIA RODOVIÁRIA FEDERAL, usando das atribuições conferidas pelo Decreto nº 11.348, de 1º de janeiro de 2023, bem como pelo contido na Portaria DG/PRF nº 818, de 28 de setembro de 2022, do Diretor-Geral da Polícia Rodoviária Federal, publicada no Boletim de Serviço Eletrônico em 30 de setembro de 2022, resolve:</p><p>Art. 1º Designar AMANDA DE ABREU OLIVEIRA RIBEIRO BRIOSCHI, matrícula Siape nº 3312343, Policial Rodoviária Federal do quadro permanente deste Órgão, para exercer a função de Chefe do Núcleo de Movimentações e Designações, código FCE 1.01, da Divisão de Provimentos e Movimentações, da Coordenação de Cadastro, Pagamento e Seleção de Pessoal, da Coordenação-Geral de Administração de Pessoal, da Diretoria de Gestão de Pessoas da Polícia Rodoviária Federal.</p><p>Art. 2º Esta Portaria entra em vigor na data de sua publicação.</p><p class="assina">WILLIAM ANDREY DIAS</p>]]></Texto>
  </body>
  <Midias />
</article></xml>