﻿<xml><article id="44724119" name="Ed 022-2023_TAE_5A Remessa" idOficio="11189709" pubName="DO2" artType="Portaria" pubDate="01/08/2025" artClass="00025:00159:00000:00000:00000:00000:00000:00000:00000:00000:00017:00003" artCategory="Ministério da Educação/Fundação Universidade Federal de Sergipe" artSize="12" artNotes="" numberPage="53" pdfPage="http://pesquisa.in.gov.br/imprensa/jsp/visualiza/index.jsp?data=01/08/2025&amp;jornal=529&amp;pagina=53" editionNumber="144" highlightType="" highlightPriority="" highlight="" highlightimage="" highlightimagename="" idMateria="22945875">
  <body>
    <Identifica><![CDATA[ PORTARIA Nº 1.266,  DE 29 DE JULHO DE 2025]]></Identifica>
    <Data><![CDATA[]]></Data>
    <Ementa />
    <Titulo />
    <SubTitulo />
    <Texto><![CDATA[<p class="identifica">PORTARIA Nº 1.266, DE 29 DE JULHO DE 2025</p><p>O REITOR DA UNIVERSIDADE FEDERAL DE SERGIPE, no uso de suas atribuições legais e considerando: o disposto nos artigos 9º, inciso I, e 10 da Lei 8.112 de 11/12/1990; o disposto no Decreto nº 7.232 da Presidência da República, de 19/07/2010, publicado no D.O.U. em 20/07/2010; na Portaria Conjunta MGI/MEC nº 8, de 14/02/2024, publicada no D.O.U. de 19/02/2024; o que consta no Processo nº. 23113.042619/2023-14, resolve:</p><p>Art. 1º - Nomear, em caráter efetivo, os(as) candidatos(as) relacionados(as) no anexo desta Portaria, habilitados(as) no Concurso Público para Técnico-Administrativo da UFS, objeto do Edital nº 022/2023, publicado no D.O.U. em 27/10/2023, seção 3, páginas 102 a 112, alterado através do Edital de Retificação nº 01, publicado no D.O.U. em 23/11/2023, seção 3, páginas 71 e 72, e pelo Edital Complementar nº 01, publicado no D.O.U. em 28/12/2023, seção 3, p. 132, homologado pela Portaria nº 614, de 05/07/2024, publicada no D.O.U. em 09/07/2024, seção 1, páginas 48 a 51.</p><p>Art. 2º - Os(as) servidores(as) terão o prazo de 30 (trinta) dias para tomar posse, contados a partir da publicação desta Portaria no Diário Oficial da União.</p><p>Art. 3º Esta Portaria entra em vigor na data de sua publicação no Diário Oficial da União.</p><p class="assina">ANDRÉ MAURÍCIO CONCEIÇÃO DE SOUZA</p><p>ANEXO</p><p>CLASSE "D"</p><p>Cargo: 301 - Assistente em Administração</p><p /><p></p><table><tr /><tr><td rowspan="1" colspan="3"><p>AMPLA CONCORRÊNCIA</p></td></tr><tr><td rowspan="1" colspan="1"><p>Classificação</p></td><td rowspan="1" colspan="1"><p>Nome</p></td><td rowspan="1" colspan="1"><p>Código de vaga</p></td></tr><tr><td rowspan="1" colspan="1"><p>35º</p></td><td rowspan="1" colspan="1"><p>Natalia Ferreira Souza</p></td><td rowspan="1" colspan="1"><p>830670</p></td></tr><tr><td rowspan="1" colspan="1"><p>36º</p></td><td rowspan="1" colspan="1"><p>Evesson Da Rocha Santos</p></td><td rowspan="1" colspan="1"><p>329647</p></td></tr><tr><td rowspan="1" colspan="1"><p>37º</p></td><td rowspan="1" colspan="1"><p>Cynthia Raynna Santos De Brito</p></td><td rowspan="1" colspan="1"><p>334325</p></td></tr><tr><td rowspan="1" colspan="3"><p>COTAS NEGROS</p></td></tr><tr><td rowspan="1" colspan="1"><p>Classificação</p></td><td rowspan="1" colspan="1"><p>Nome</p></td><td rowspan="1" colspan="1"><p>Código de vaga</p></td></tr><tr><td rowspan="1" colspan="1"><p>10º</p></td><td rowspan="1" colspan="1"><p>Daniel Oliveira Santos</p></td><td rowspan="1" colspan="1"><p>335456</p></td></tr></table><p>Cargo: 307 - Técnico em Tecnologia da Informação</p><p /><p></p><table><tr /><tr><td rowspan="1" colspan="3"><p>AMPLA CONCORRÊNCIA</p></td></tr><tr><td rowspan="1" colspan="1"><p>Classificação</p></td><td rowspan="1" colspan="1"><p>Nome</p></td><td rowspan="1" colspan="1"><p>Código de vaga</p></td></tr><tr><td rowspan="1" colspan="1"><p>18º</p></td><td rowspan="1" colspan="1"><p>Márcio Santos Carvalho</p></td><td rowspan="1" colspan="1"><p>904252</p></td></tr></table>]]></Texto>
  </body>
  <Midias />
</article></xml>