﻿<xml><article id="44718415" name="Afastamento Eduardo.docx" idOficio="11188695" pubName="DO2" artType="Despacho" pubDate="01/08/2025" artClass="00032:00001:00005:00000:00000:00000:00000:00000:00000:00000:00013:00004" artCategory="Ministério da Integração e do Desenvolvimento Regional/Gabinete do Ministro/Diretoria de Administração" artSize="12" artNotes="" numberPage="72" pdfPage="http://pesquisa.in.gov.br/imprensa/jsp/visualiza/index.jsp?data=01/08/2025&amp;jornal=529&amp;pagina=72" editionNumber="144" highlightType="" highlightPriority="" highlight="" highlightimage="" highlightimagename="" idMateria="22944539">
  <body>
    <Identifica><![CDATA[ DESPACHO ]]></Identifica>
    <Data><![CDATA[]]></Data>
    <Ementa />
    <Titulo />
    <SubTitulo />
    <Texto><![CDATA[<p class="identifica">DESPACHO</p><p>O DIRETOR DE ADMINISTRAÇÃO DA SECRETARIA EXECUTIVA DO MINISTÉRIO DA INTEGRAÇÃO E DESENVOLVIMENTO REGIONAL, considerando o inciso I, do art. 10 da Portaria SE/MIDR 2.714, de 18 de agosto de 2023, e o Processo Administrativo nº 59000.011147/2025-34, resolve:</p><p>AUTORIZAR o afastamento do País do servidor EDUARDO CORRÊA TAVARES, matrícula Siape nº 3322842, Secretário Nacional de Fundos e Instrumentos Financeiros do Ministério da Integração e do Desenvolvimento Regional, no período 7 a 17 de agosto de 2025, com ônus para este Ministério, para assessorar o Ministro de Estado na missão oficial à República Popular da China, no período de 10 a 16 de agosto de 2025.</p><p class="assina">ALEXANDRE WESSNER KAPPER</p>]]></Texto>
  </body>
  <Midias />
</article></xml>