﻿<xml><article id="44721697" name="Publicacao DOU secao 2 - RETIFIC" idOficio="11189088" pubName="DO2" artType="Portaria" pubDate="01/08/2025" artClass="00025:00106:00017:00001:00000:00000:00000:00000:00000:00000:00017:00000" artCategory="Ministério da Educação/Universidade Federal de Itajubá/Pró-Reitoria de Gestão de Pessoas/Diretoria de Administração Pessoal" artSize="12" artNotes="" numberPage="36" pdfPage="http://pesquisa.in.gov.br/imprensa/jsp/visualiza/index.jsp?data=01/08/2025&amp;jornal=529&amp;pagina=36" editionNumber="144" highlightType="" highlightPriority="" highlight="" highlightimage="" highlightimagename="" idMateria="22945030">
  <body>
    <Identifica><![CDATA[ RETIFICAÇÃO]]></Identifica>
    <Data><![CDATA[]]></Data>
    <Ementa />
    <Titulo />
    <SubTitulo />
    <Texto><![CDATA[<p class="identifica">RETIFICAÇÃO</p><p>Na Portaria nº 2.115, de 24 de julho de 2025, publicada no DOU nº 142, de 31/07/2025, Seção 2, pág. 30 onde se lê: "Declarar vago o cargo", leia-se: "Declarar vago, a partir de 01/08/2025, o cargo".</p>]]></Texto>
  </body>
  <Midias />
</article></xml>