﻿<xml><article id="44717986" name="ATO DOU 136" idOficio="11188420" pubName="DO2" artType="Ato" pubDate="01/08/2025" artClass="00070:00049:00001:00008:00001:00000:00000:00000:00000:00000:00001:00000" artCategory="Poder Judiciário/Tribunal Regional do Trabalho da 8ª Região/Gabinete da Presidência/Secretaria/Coordenação de Recursos Humanos" artSize="12" artNotes="" numberPage="110" pdfPage="http://pesquisa.in.gov.br/imprensa/jsp/visualiza/index.jsp?data=01/08/2025&amp;jornal=529&amp;pagina=110" editionNumber="144" highlightType="" highlightPriority="" highlight="" highlightimage="" highlightimagename="" idMateria="22944274">
  <body>
    <Identifica><![CDATA[ ATO Nº 136, DE 17 DE JULHO DE 2025]]></Identifica>
    <Data><![CDATA[]]></Data>
    <Ementa />
    <Titulo />
    <SubTitulo />
    <Texto><![CDATA[<p class="identifica">ATO Nº 136, DE 17 DE JULHO DE 2025</p><p>A DESEMBARGADORA PRESIDENTE DO EGRÉGIO TRIBUNAL REGIONAL DO TRABALHO DA OITAVA REGIÃO, no uso de suas atribuições legais e regimentais, e</p><p>CONSIDERANDO a indicação das servidoras ELIZABETH DA CONCEIÇÃO NASCIMENTO MONTEIRO VALDEZ e GISELE CICALISE DE SOUZA para o exercício de funções comissionadas, conforme mensagem eletrônica encaminhada de ordem do Diretor da Secretaria de Gestão de Pessoas, em substituição;</p><p>CONSIDERANDO o que consta no Processo Administrativo Eletrônico n.º 5161/2025 e o interesse do serviço, resolve:</p><p>Art. 1º DISPENSAR a servidora ELIZABETH DA CONCEIÇÃO NASCIMENTO MONTEIRO VALDEZ, Técnica Judiciária, Área Administrativa, SIGEP n.º 1212, da função comissionada de Assistente da Diretoria-Geral, FC-03 (código 64), com efeitos a contar de 14 de julho de 2025.</p><p>Art. 2º DISPENSAR a servidora GISELE CICALISE DE SOUZA, Técnica Judiciária, Área Administrativa, SIGEP n.º 1465, da função comissionada de Assistente de Gabinete, FC-05 (código 160), do quadro de lotação do com efeitos a contar de 14 de julho de 2025.</p><p>Art. 3º DESIGNAR a servidora ELIZABETH DA CONCEIÇÃO NASCIMENTO MONTEIRO VALDEZ, Técnica Judiciária, Área Administrativa, SIGEP n.º 1212, para exercer a função comissionada de Assistente do Núcleo de Direitos e Deveres, FC-03 (código 83), do quadro de lotação do Núcleo de Direitos e Deveres, vaga em decorrência da dispensa do servidor Alcir Amaral Teixeira Júnior, com efeitos a partir da publicação deste Ato PRESI n.º 136/2025.</p><p>Art. 4º DESIGNAR a servidora GISELE CICALISE DE SOUZA, Técnica Judiciária, Área Administrativa, SIGEP n.º 1465, para exercer a função comissionada de Assistente da Diretoria-Geral, FC-03 (código 64), vaga em decorrência da dispensa da servidora Elizabeth da Conceição Nascimento Monteiro Valdez, com efeitos a partir da publicação deste Ato PRESI n.º 136/2025.</p><p>Art. 5º Este Ato terá vigência a partir da data de sua publicação no Diário Oficial da União.</p><p class="assina">Desª. SULAMIR PALMEIRA MONASSA DE ALMEIDA</p>]]></Texto>
  </body>
  <Midias />
</article></xml>