﻿<xml><article id="44723180" name="PORTARIA N 1.749_22945604" idOficio="11189476" pubName="DO2" artType="Portaria" pubDate="01/08/2025" artClass="00025:00077:00001:00000:00000:00000:00000:00000:00000:00000:00017:00000" artCategory="Ministério da Educação/Instituto Federal de Educação, Ciência e Tecnologia do Rio Grande do Norte/Reitoria" artSize="12" artNotes="" numberPage="26" pdfPage="http://pesquisa.in.gov.br/imprensa/jsp/visualiza/index.jsp?data=01/08/2025&amp;jornal=529&amp;pagina=26" editionNumber="144" highlightType="" highlightPriority="" highlight="" highlightimage="" highlightimagename="" idMateria="22945604">
  <body>
    <Identifica><![CDATA[ PORTARIA RE/IFRN Nº 1.749, DE 31 DE JULHO DE 2025]]></Identifica>
    <Data><![CDATA[]]></Data>
    <Ementa />
    <Titulo />
    <SubTitulo />
    <Texto><![CDATA[<p class="identifica">PORTARIA RE/IFRN Nº 1.749, DE 31 DE JULHO DE 2025</p><p>O REITOR DO INSTITUTO FEDERAL DE EDUCAÇÃO, CIÊNCIA E TECNOLOGIA DO RIO GRANDE DO NORTE, no uso de suas atribuições legais, e CONSIDERANDO o que consta no Processo nº 23058.001485.2025-55, de 25 de julho de 2025, resolve:</p><p>I - EXONERAR, a pedido, com efeitos a partir de 22 de julho de 2025, o servidor OTÁVIO BRUNO LEITE BARBOSA, Matrícula Siape nº 1831408, ocupante do cargo de Professor do Ensino Básico, Técnico e Tecnológico, lotado no Campus Natal-Zona Norte, Código do Cargo nº 707001, Código da Vaga nº 0845290, com base no inciso I do Art. 33, da Lei nº 8.112/1990, de 11 de dezembro de 1990.</p><p>II - DECLARAR VAGO, com efeitos a partir de 22 de julho de 2025, o respectivo cargo.</p><p class="assina">JOSÉ ARNÓBIO DE ARAÚJO FILHO</p>]]></Texto>
  </body>
  <Midias />
</article></xml>