﻿<xml><article id="44720716" name="PORTARIA N 7.670_22944753" idOficio="11188865" pubName="DO2" artType="Portaria" pubDate="01/08/2025" artClass="00029:00036:00000:00000:00000:00000:00000:00000:00000:00000:00017:00000" artCategory="Ministério da Gestão e da Inovação em Serviços Públicos/Secretaria de Governo Digital" artSize="12" artNotes="" numberPage="68" pdfPage="http://pesquisa.in.gov.br/imprensa/jsp/visualiza/index.jsp?data=01/08/2025&amp;jornal=529&amp;pagina=68" editionNumber="144" highlightType="" highlightPriority="" highlight="" highlightimage="" highlightimagename="" idMateria="22944753">
  <body>
    <Identifica><![CDATA[ PORTARIA DE PESSOAL SGD/MGI Nº 7.670, DE 30 DE JULHO DE 2025]]></Identifica>
    <Data><![CDATA[]]></Data>
    <Ementa />
    <Titulo />
    <SubTitulo />
    <Texto><![CDATA[<p class="identifica">PORTARIA DE PESSOAL SGD/MGI Nº 7.670, DE 30 DE JULHO DE 2025</p><p>A SECRETÁRIA DE GOVERNO DIGITAL SUBSTITUTA DO MINISTÉRIO DA GESTÃO E DA INOVAÇÃO EM SERVIÇOS PÚBLICOS, no uso das competências que lhe conferem os incisos III e X do art. 23 do Decreto nº 12.102, de 8 de julho de 2024, tendo em vista o disposto na Portaria nº 670, de 18 de dezembro de 2019, e conforme o Processo SEI nº 19974.001239/2025-84, resolve:</p><p>Art. 1º Conceder, a partir de 4 de agosto de 2025, ao servidor RICKSON CESAR DA CRUZ SILVA, matrícula SIAPE nº 1951892, ocupante do cargo de Técnico de Tecnologia da Informação, a Gratificação Temporária do Sistema de Administração dos Recursos de Tecnologia da Informação - GSISP, de nível intermediário, da Secretaria de Governo Digital deste Ministério, Órgão Central do Sistema de Administração dos Recursos de Tecnologia da Informação - SISP, para compor a equipe especializada da área de Privacidade e Segurança da Informação, em atendimento às instituições de ensino do SISP.</p><p>Art. 2º Esta Portaria entra em vigor na data de sua publicação.</p><p class="assina">LUANNA SANT'ANNA RONCARATTI</p>]]></Texto>
  </body>
  <Midias />
</article></xml>