﻿<xml><article id="44725076" name="DOU - alteracao aposentadoria - " idOficio="11189873" pubName="DO2" artType="Ato" pubDate="01/08/2025" artClass="00070:00058:00000:00000:00000:00000:00000:00000:00000:00000:00001:00002" artCategory="Poder Judiciário/Tribunal Regional do Trabalho da 17ª Região" artSize="12" artNotes="" numberPage="112" pdfPage="http://pesquisa.in.gov.br/imprensa/jsp/visualiza/index.jsp?data=01/08/2025&amp;jornal=529&amp;pagina=112" editionNumber="144" highlightType="" highlightPriority="" highlight="" highlightimage="" highlightimagename="" idMateria="22946148">
  <body>
    <Identifica><![CDATA[ ATO Nº 26, DE 30 DE JULHO DE 2025]]></Identifica>
    <Data><![CDATA[]]></Data>
    <Ementa />
    <Titulo />
    <SubTitulo />
    <Texto><![CDATA[<p class="identifica">ATO Nº 26, DE 30 DE JULHO DE 2025</p><p>A DESEMBARGADORA-PRESIDENTE DO TRIBUNAL REGIONAL DO TRABALHO DA DÉCIMA SÉTIMA REGIÃO, no uso de suas atribuições legais e regimentais, estabelecidas pelo artigo 15, inciso XVI, "b", do Regimento Interno, e à vista do constante do processo SEI n.º 0001771-08.2019.5.17.0500, resolve:</p><p>Incluir nos proventos de aposentadoria da servidora SONIA MARIA DIOGO, do quadro de pessoal inativo do Tribunal Regional do Trabalho da 17.ª Região, no cargo efetivo de Analista Judiciário, área judiciária, especialidade Oficial de Justiça Avaliador Federal, com efeitos a contar de 22/12/2023, data da vigência da Lei 14.687/2023, a vantagem pessoal nominalmente identificada, decorrente da incorporação de 4/5 (quatro quintos) da função comissionada de Executante de Mandados Judiciais (FC-3), no valor integral (Acórdão do TCU n.º 2030/2008 - 1.ª Câmara), com base no art. 62-A da Lei 8112/1990, Lei 8911/1994, art. 16 da Lei 9421/1996, Leis 9527/1997 e 9624/1998, Medida Provisória 2225-45/2001, decisões judiciais proferidas nos autos dos processos n.ºs 0009081-71.2004.4.02.5001 (SINPOJUFES, Seção Judiciária da Justiça Federal do Espírito Santo, TRF-2.ª Região, transitada em julgado em 09/11/2009) e RE-STF-638.115 (transitada em julgado em 17/09/2020), § 3.º do art. 16 da Lei 11.416/2006, incluído pela Lei 14.687/2023, e Acórdão do TCU n.º 643/2025 - Plenário, mantidas as demais parcelas componentes dos proventos.</p><p class="assina">Desª. ALZENIR BOLLESI DE PLÁ LOEFFLER</p>]]></Texto>
  </body>
  <Midias />
</article></xml>