﻿<xml><article id="44717851" name="584 - ROBERTA E CRISTINA - DIS-D" idOficio="11184492" pubName="DO2" artType="Portaria" pubDate="01/08/2025" artClass="00070:00004:00001:00002:00000:00000:00000:00000:00000:00000:00017:00004" artCategory="Poder Judiciário/Superior Tribunal de Justiça/Presidência/Secretaria" artSize="12" artNotes="" numberPage="99" pdfPage="http://pesquisa.in.gov.br/imprensa/jsp/visualiza/index.jsp?data=01/08/2025&amp;jornal=529&amp;pagina=99" editionNumber="144" highlightType="" highlightPriority="" highlight="" highlightimage="" highlightimagename="" idMateria="22937413">
  <body>
    <Identifica><![CDATA[ Portaria STJ/GDG Nº 584, DE 29 DE julho DE 2025]]></Identifica>
    <Data><![CDATA[]]></Data>
    <Ementa />
    <Titulo />
    <SubTitulo />
    <Texto><![CDATA[<p class="identifica">Portaria STJ/GDG Nº 584, DE 29 DE julho DE 2025</p><p>O DIRETOR-GERAL DA SECRETARIA DO SUPERIOR TRIBUNAL DE JUSTIÇA, com base no item 21.2.3, XI, b, do Anexo da Instrução Normativa STJ/GP n. 19 de 11 de junho de 2025 e no disposto no art. 35, I, da Lei n. 8.112, de 11 de dezembro de 1990, resolve:</p><p>Art. 1º Dispensar ROBERTA ZSCHABER MAVIGNIER DE CASTRO BODNAR, matrícula S060474, da função de confiança de Chefe da Seção de Precatórios e RPV, código FC-6, da Coordenadoria de Processamento de Feitos em Execução Judicial, da Secretaria de Processamento de Feitos.</p><p>Art. 2º Efetuar as seguintes alterações na Coordenadoria de Triagem Processual, da Secretaria Judiciária:</p><p>I - Dispensar CRISTINA VIEIRA MACHADO, matrícula S023099, da função de confiança de Assistente II, código FC-2;</p><p>II - Designar ROBERTA ZSCHABER MAVIGNIER DE CASTRO BODNAR, matrícula S060474, para a função de confiança de Assistente II, código FC-2, na vaga decorrente da dispensa de Cristina Vieira Machado.</p><p>Art. 3º Esta portaria entra em vigor na data de sua publicação.</p><p class="assina">SERGIO JOSÉ AMERICO PEDREIRA</p>]]></Texto>
  </body>
  <Midias />
</article></xml>