﻿<xml><article id="44718430" name="52 GILDECI" idOficio="11183872" pubName="DO2" artType="Portaria" pubDate="01/08/2025" artClass="00047:00002:00021:00024:00005:00000:00000:00000:00000:00000:00017:00003" artCategory="Ministério da Saúde/Secretaria Executiva/Subsecretaria de Assuntos Administrativos/Superintendência Estadual do Ministério da Saúde em Roraima/Serviço de Gestão de Pessoas" artSize="12" artNotes="" numberPage="85" pdfPage="http://pesquisa.in.gov.br/imprensa/jsp/visualiza/index.jsp?data=01/08/2025&amp;jornal=529&amp;pagina=85" editionNumber="144" highlightType="" highlightPriority="" highlight="" highlightimage="" highlightimagename="" idMateria="22936517">
  <body>
    <Identifica><![CDATA[ PORTARIA Nº 52 - SEMS/RR, de 24 DE JULHO DE 2025.]]></Identifica>
    <Data><![CDATA[]]></Data>
    <Ementa />
    <Titulo />
    <SubTitulo />
    <Texto><![CDATA[<p class="identifica">PORTARIA Nº 52 - SEMS/RR, de 24 DE JULHO DE 2025.</p><p>O Chefe do Serviço de Gestão de Pessoas da Superintendência Estadual do Ministério da Saúde em Roraima, no uso das atribuições que lhe são conferidas pela PORTARIA/SE/SAA nº 1.804, de 01 de outubro de 2013, publicada no DOU nº 192 de 03 de outubro de 2013, resolve:</p><p>Conceder ao servidor GILDECI BARBOSA SILVA, matrícula SIAPE nº 04***11, Classe S, padrão V, ocupante do cargo de Agente de Saúde Pública, Aposentadoria Voluntária, com base no artigo 20, §2º, inciso I, da Emenda Constitucional nº 103/2019, de 12 de dezembro de 2019, com preenchimento dos requisitos em 30/09/2023. Efeitos a partir da publicação em DOU. (Processo nº 25012.000157/2025-93).</p><p class="assina">JOSÉ CARLOS DE OLIVEIRA GIBIM</p>]]></Texto>
  </body>
  <Midias />
</article></xml>