﻿<xml><article id="44718091" name="582 - LUIS ANISIO E AMILAR - EXO" idOficio="11184450" pubName="DO2" artType="Portaria" pubDate="01/08/2025" artClass="00070:00004:00001:00002:00000:00000:00000:00000:00000:00000:00017:00002" artCategory="Poder Judiciário/Superior Tribunal de Justiça/Presidência/Secretaria" artSize="12" artNotes="" numberPage="98" pdfPage="http://pesquisa.in.gov.br/imprensa/jsp/visualiza/index.jsp?data=01/08/2025&amp;jornal=529&amp;pagina=98" editionNumber="144" highlightType="" highlightPriority="" highlight="" highlightimage="" highlightimagename="" idMateria="22937283">
  <body>
    <Identifica><![CDATA[ Portaria STJ/GDG Nº 582, DE 29 DE julho DE 2025]]></Identifica>
    <Data><![CDATA[]]></Data>
    <Ementa />
    <Titulo />
    <SubTitulo />
    <Texto><![CDATA[<p class="identifica">Portaria STJ/GDG Nº 582, DE 29 DE julho DE 2025</p><p>O DIRETOR-GERAL DA SECRETARIA DO SUPERIOR TRIBUNAL DE JUSTIÇA, com base no item 21.2.3, XI, b, do Anexo da Instrução Normativa STJ/GP n. 19 de 11 de junho de 2025 e no disposto nos arts. 9º, II, e 35, I, da Lei n. 8.112, de 11 de dezembro de 1990, resolve:</p><p>Art. 1º Efetuar as seguintes alterações na Assessoria de Inteligência Artificial:</p><p>I - Exonerar de cargo em comissão:</p><p>LUIZ ANÍSIO VIEIRA BATITUCCI, matrícula S037553, Assessor A, código CJ-2;</p><p>AMILAR DOMINGOS MOREIRA MARTINS, matrícula S032187, Assessor B, código CJ-1;</p><p>II - Nomear para cargo em comissão:</p><p>AMILAR DOMINGOS MOREIRA MARTINS, matrícula S032187, Assessor A, código CJ-2, na vaga decorrente da exoneração de Luiz Anísio Vieira Batitucci;</p><p>LUIZ ANÍSIO VIEIRA BATITUCCI, matrícula S037553, Assessor B, código CJ-1, na vaga decorrente da exoneração de Amilar Domingos Moreira Martins.</p><p>Art. 2º Esta portaria entra em vigor na data de sua publicação.</p><p class="assina">SERGIO JOSÉ AMERICO PEDREIRA</p>]]></Texto>
  </body>
  <Midias />
</article></xml>