﻿<xml><article id="44718097" name="Ato Presi 1081 - 2025 - ANA GERT" idOficio="11188428" pubName="DO2" artType="Ato" pubDate="01/08/2025" artClass="00070:00007:00001:00000:00000:00000:00000:00000:00000:00000:00001:00003" artCategory="Poder Judiciário/Tribunal Regional Federal da 1ª Região/Presidência" artSize="12" artNotes="" numberPage="101" pdfPage="http://pesquisa.in.gov.br/imprensa/jsp/visualiza/index.jsp?data=01/08/2025&amp;jornal=529&amp;pagina=101" editionNumber="144" highlightType="" highlightPriority="" highlight="" highlightimage="" highlightimagename="" idMateria="22944252">
  <body>
    <Identifica><![CDATA[ Ato Presi nº 1.081, de 30 de Julho de 2025]]></Identifica>
    <Data><![CDATA[]]></Data>
    <Ementa />
    <Titulo />
    <SubTitulo />
    <Texto><![CDATA[<p class="identifica">Ato Presi nº 1.081, de 30 de Julho de 2025</p><p>O PRESIDENTE DO TRIBUNAL REGIONAL FEDERAL DA 1ª REGIÃO, no uso de suas atribuições legais e regimentais e tendo em vista o constante nos autos do PAe 0003850-61.2025.4.01.8006, resolve:</p><p>DEFERIR APOSENTADORIA voluntária à servidora ANA GERTRUDES SANT'ANNA, Técnica Judiciária, Área Administrativa, Nível Intermediário, Classe "C", Padrão 13, do Quadro de Pessoal da Justiça Federal da 1ª Região, Seção Judiciária de Goiás, com fundamento no art. 20, incisos I a IV, § 2º, inciso I, e § 3º, inciso I, da Emenda Constitucional 103/2019, com proventos integrais, calculados pela remuneração do cargo efetivo, com as vantagens previstas no art. 67 da Lei n. 8.112/90, c/c o art. 6º da Lei n. 9.624/98, do art. 15, § 1º da Lei 9.527/97 e art. 62-A da Lei 8.112/90, e nos artigos 14 e 15, inciso III, da Lei n. 11.416/2006.</p><p class="assina">Des. Federal GILDA SIGMARINGA SEIXAS</p>]]></Texto>
  </body>
  <Midias />
</article></xml>