﻿<xml><article id="44728596" name="PORTARIA 431" idOficio="11189161" pubName="DO2" artType="Portaria" pubDate="01/08/2025" artClass="00071:00039:00000:00000:00000:00000:00000:00000:00000:00000:00017:00000" artCategory="Entidades de Fiscalização do Exercício das Profissões Liberais/Conselho Federal de Educação Física" artSize="12" artNotes="" numberPage="114" pdfPage="http://pesquisa.in.gov.br/imprensa/jsp/visualiza/index.jsp?data=01/08/2025&amp;jornal=529&amp;pagina=114" editionNumber="144" highlightType="" highlightPriority="" highlight="" highlightimage="" highlightimagename="" idMateria="22945155">
  <body>
    <Identifica><![CDATA[ PORTARIA CONFEF nº 431, DE 29 DE JULHO DE 2025]]></Identifica>
    <Data><![CDATA[]]></Data>
    <Ementa />
    <Titulo />
    <SubTitulo />
    <Texto><![CDATA[<p class="identifica">PORTARIA CONFEF nº 431, DE 29 DE JULHO DE 2025</p><p>O PRESIDENTE DO CONSELHO FEDERAL DE EDUCAÇÃO FÍSICA - CONFEF, no uso de suas atribuições regimentais, conforme dispõe o inciso XI, artigo 69, e:</p><p>CONSIDERANDO, a Resolução CONFEF nº 198, de 10 de dezembro de 2009, publicada no Diário Oficial da União de 1º de fevereiro de 2010, que dispõe sobre a necessidade da publicação no Diário Oficial da União das Portarias CONFEF referentes às contratações de empregados e comissionados e dá outras providências, delibera:</p><p>Art. 1º - EXONERA, a pedido, a empregada temporária Kamila B. da S., inscrita no CPF sob o nº 009.XXX.XXX-22, do cargo de Analista de Projetos, a partir de 25 de Julho de 2025.</p><p>Art. 2º - A presente Portaria entra em vigor a partir desta data.</p><p class="assina">CLAUDIO AUGUSTO BOSCHI</p>]]></Texto>
  </body>
  <Midias />
</article></xml>