﻿<xml><article id="44717518" name="Port. NCC - 6692" idOficio="11135881" pubName="DO2" artType="Portaria" pubDate="01/08/2025" artClass="00025:00110:00001:00000:00000:00000:00000:00000:00000:00000:00017:00001" artCategory="Ministério da Educação/Universidade Federal de Minas Gerais/Reitoria" artSize="12" artNotes="" numberPage="37" pdfPage="http://pesquisa.in.gov.br/imprensa/jsp/visualiza/index.jsp?data=01/08/2025&amp;jornal=529&amp;pagina=37" editionNumber="144" highlightType="" highlightPriority="" highlight="" highlightimage="" highlightimagename="" idMateria="22853594">
  <body>
    <Identifica><![CDATA[ PORTARIA Nº 6.692, DE 8 DE JULHO DE 2025]]></Identifica>
    <Data><![CDATA[]]></Data>
    <Ementa />
    <Titulo />
    <SubTitulo />
    <Texto><![CDATA[<p class="identifica">PORTARIA Nº 6.692, DE 8 DE JULHO DE 2025</p><p>A Reitora da Universidade Federal de Minas Gerais, no uso de atribuição conferida pelo artigo 3º, inciso II do Decreto nº 228, de 11/10/91, e considerando o teor do Processo nº 23072.238795/2025-45, resolve:</p><p>Nomear a servidora Ana Cláudia Porfírio Couto, matrícula SIAPE nº 1143472, ocupante do cargo efetivo de Professor do Magistério Superior, lotada no Centro Esportivo Universitário, para exercer o cargo em Comissão de Diretora do Centro Esportivo Universitário (CEU/UFMG), código CD-04, a partir de 01 de agosto de 2025, com mandato de 02 (dois) anos.</p><p class="assina">SANDRA REGINA GOULART ALMEIDA</p>]]></Texto>
  </body>
  <Midias />
</article></xml>