﻿<xml><article id="44724725" name="PORTARIA nA. 316-2025 - Designac" idOficio="11189837" pubName="DO2" artType="Portaria" pubDate="01/08/2025" artClass="00070:00062:00001:00002:00001:00000:00000:00000:00000:00000:00001:00004" artCategory="Poder Judiciário/Tribunal Regional do Trabalho da 21ª Região/Presidência/Diretoria-Geral/Secretaria Administrativa" artSize="12" artNotes="" numberPage="113" pdfPage="http://pesquisa.in.gov.br/imprensa/jsp/visualiza/index.jsp?data=01/08/2025&amp;jornal=529&amp;pagina=113" editionNumber="144" highlightType="" highlightPriority="" highlight="" highlightimage="" highlightimagename="" idMateria="22946026">
  <body>
    <Identifica><![CDATA[ PORTARIA Nº 316, DE 31 DE JULHO DE 2025]]></Identifica>
    <Data><![CDATA[]]></Data>
    <Ementa />
    <Titulo />
    <SubTitulo />
    <Texto><![CDATA[<p class="identifica">PORTARIA Nº 316, DE 31 DE JULHO DE 2025</p><p>O DESEMBARGADOR PRESIDENTE DO TRIBUNAL REGIONAL DO TRABALHO DA 21ª REGIÃO, no uso de suas atribuições legais e regimentais,</p><p>Considerando as disposições contidas no artigo 21, inciso XV, do Regimento Interno, resolve:</p><p>I - Dispensar LIEGE GOMES MACHADO DE MELO, matrícula nº 308.21.0784, da Função Comissionada de Chefe do Setor de Compras e Licitações (FC-04), da Coordenadoria de Licitações e Contratos, removendo-a para a 7ª Vara do Trabalho de Natal;</p><p>II - Designar NATALI LOURENÇO DE ALMEIDA, matrícula nº 308.21.1135, para ocupar a Função Comissionada de Chefe do Setor de Compras e Licitações (FC-04), da Coordenadoria de Licitações e Contratos;</p><p>III - Esta Portaria entra em vigor a contar de sua publicação.</p><p class="assina">EDUARDO SERRANO DA ROCHA</p>]]></Texto>
  </body>
  <Midias />
</article></xml>