﻿<xml><article id="44722256" name="Port. Pens. Civ. nA 297.25-SAP.5" idOficio="11189245" pubName="DO2" artType="Ato Concessório" pubDate="01/08/2025" artClass="00016:00011:00015:00010:00000:00000:00000:00000:00000:00000:00002:00000" artCategory="Ministério da Defesa/Comando do Exército/Comando Militar do Sul/3ª Região Militar" artSize="12" artNotes="" numberPage="12" pdfPage="http://pesquisa.in.gov.br/imprensa/jsp/visualiza/index.jsp?data=01/08/2025&amp;jornal=529&amp;pagina=12" editionNumber="144" highlightType="" highlightPriority="" highlight="" highlightimage="" highlightimagename="" idMateria="22945214">
  <body>
    <Identifica><![CDATA[ PORTARIA Nº 297/25-SAP.5-SVP 3, DE 09 DE JULHO DE 2025]]></Identifica>
    <Data><![CDATA[]]></Data>
    <Ementa />
    <Titulo />
    <SubTitulo />
    <Texto><![CDATA[<p class="identifica">PORTARIA Nº 297/25-SAP.5-SVP 3, DE 09 DE JULHO DE 2025</p><p>EB: 65476.024858/2025-85</p><p>O COMANDANTE DA 3ª REGIÃO MILITAR, no uso da competência que lhe foi conferida pelo inciso III do art. 8º das Instruções Gerais para a Administração de Civis, Veteranos e Pensionistas do Exército (EB10-IG-02.002) aprovada pela Portaria - C Ex nº 1.851, de 13 de outubro de 2022, resolve:</p><p>Art. 1º CONCEDER PENSÃO VITALÍCIA à Senhora ALMERINDA DE CAMPOS NERI, na condição de Viúva do Ex-servidor Civil JOÃO BATISTA DE SOUZA NERI, matrícula SIAPE nº 0083448, ocupante do cargo de Artífice de Mecânica, Código 481/060, do Quadro de Pessoal do Cmdo do Exército, falecido na APOSENTADORIA, em 07 de maio de 2025, com fundamento no Item I, do Art 217, da Lei nº 8.112, de 11 de dezembro de 1990, em conformidade com a nova redação dada pela Lei nº 13.135, de 17 de junho de 2015 e Art nº 23, da Emenda Constitucional nº 103, de 12 de novembro de 2019.</p><p>Art. 2º Os efeitos desta Portaria entram em vigor em 07 de maio de 2025.</p><p class="assina">Gen Div RODRIGO FERRAZ SILVA</p>]]></Texto>
  </body>
  <Midias />
</article></xml>