﻿<xml><article id="44718439" name="ATO PORTARIA nA 4406 de 23 de ju" idOficio="11167501" pubName="DO2" artType="Portaria" pubDate="01/08/2025" artClass="00050:00020:00099:00000:00000:00000:00000:00000:00000:00000:00017:00000" artCategory="Ministério dos Transportes/Departamento Nacional de Infraestrutura de Transportes/Superintendência Regional na Paraíba" artSize="12" artNotes="" numberPage="90" pdfPage="http://pesquisa.in.gov.br/imprensa/jsp/visualiza/index.jsp?data=01/08/2025&amp;jornal=529&amp;pagina=90" editionNumber="144" highlightType="" highlightPriority="" highlight="" highlightimage="" highlightimagename="" idMateria="22909344">
  <body>
    <Identifica><![CDATA[ PORTARIA nº 4.406, de 23 de julho de 2025]]></Identifica>
    <Data><![CDATA[]]></Data>
    <Ementa />
    <Titulo />
    <SubTitulo />
    <Texto><![CDATA[<p class="identifica">PORTARIA nº 4.406, de 23 de julho de 2025</p><p>O SUPERINTENDENTE REGIONAL NO ESTADO DA PARAÍBA DO DEPARTAMENTO NACIONAL DE INFRAESTRUTURA DE TRANSPORTES - DNIT, no uso das suas atribuições regimentais e da competência delegada pela Portaria nº 931, de 30 de maio de 2016, publicada no DOU de 1 ° de junho de 2016, e tendo em vista o que consta no processo SEI nº 50613.001129/2025-61, resolve:</p><p>Art. 1º CONCEDER aposentadoria voluntária a servidora VALÉRIA DUARTE MARINHO, matrícula SIAPE 1199585, matrícula DNIT 462-6, ocupante do cargo de Agente Administrativo, Classe "S", Padrão "V", pertencente ao Plano Especial de Cargos do DNIT, com fundamento no artigo 4º, parágrafo 6º, inciso I, da Emenda Constitucional nº 103, de 13 de novembro de 2019, com paridade e proventos integrais.</p><p>Art. 2º Esta portaria entra em vigor na data de sua publicação. DATA DA ASSINATURA: 23/07/2025</p><p class="assina">ARNALDO MONTEIRO COSTA</p>]]></Texto>
  </body>
  <Midias />
</article></xml>