﻿<xml><article id="44718118" name="31.07 - Portarias 5579-5580-5581" idOficio="11188240" pubName="DO2" artType="Portaria" pubDate="01/08/2025" artClass="00025:00065:00001:00000:00000:00000:00000:00000:00000:00000:00017:00002" artCategory="Ministério da Educação/Instituto Federal de Educação, Ciência e Tecnologia Goiano/Reitoria" artSize="12" artNotes="" numberPage="23" pdfPage="http://pesquisa.in.gov.br/imprensa/jsp/visualiza/index.jsp?data=01/08/2025&amp;jornal=529&amp;pagina=23" editionNumber="144" highlightType="" highlightPriority="" highlight="" highlightimage="" highlightimagename="" idMateria="22944050">
  <body>
    <Identifica><![CDATA[ PORTARIA Nº 5.579/REI/IFGOIANO, DE 29 DE JULHO DE 2025]]></Identifica>
    <Data><![CDATA[]]></Data>
    <Ementa />
    <Titulo />
    <SubTitulo />
    <Texto><![CDATA[<p class="identifica">PORTARIA Nº 5.579/REI/IFGOIANO, DE 29 DE JULHO DE 2025</p><p>O Reitor do Instituto Federal de Educação, Ciência e Tecnologia Goiano, no uso de suas atribuições legais conferidas pelo Decreto de 07 de março de 2024, publicado no DOU de 08 de março de 2024, Seção 02, página 01, considerando a Lei nº 11.892, de 29 de dezembro de 2008, publicada no DOU de 30 de dezembro de 2008 e o que consta no Processo nº 23216.001851.2025-14, resolve:</p><p>NOMEAR o servidor FRANCISCO EDSON LIMA TORCATE, SIAPE nº 2059642, SIAPECAD nº 01845731, para ocupar o cargo de Gerente do Escritório de Projetos e Processos (EPP) - CD-4 do Instituto Federal Goiano - Reitoria.</p><p>Art. 2º Esta portaria entra em vigor a partir de sua publicação no Diário Oficial da União.</p><p class="assina">ELIAS DE PADUA MONTEIRO</p><p class="identifica">PORTARIA Nº 5.580/REI/IFGOIANO, DE 29 DE JULHO DE 2025</p><p>O Reitor do Instituto Federal de Educação, Ciência e Tecnologia Goiano, no uso de suas atribuições legais conferidas pelo Decreto de 07 de março de 2024, publicado no DOU de 08 de março de 2024, Seção 02, página 01, considerando a Lei nº 11.892, de 29 de dezembro de 2008, publicada no DOU de 30 de dezembro de 2008 e o que consta no Processo nº 23216.001851.2025-14, resolve:</p><p>Art. 1º Dispensar o servidor FRANCISCO EDSON LIMA TORCATE, ocupante do cargo de Assistente em Administração, SIAPE nº 2059642, SIAPECAD nº 01845731, lotado(a) no(a) Reitoria, e em exercício no(a) Coordenação de Escrit Projetos e Processos, da função de Coordenador, FG - 01, do(a) Coordenação de Escrit Projetos e Processos.</p><p>Art. 2º Esta portaria entra em vigor a partir de sua publicação.</p><p class="assina">ELIAS DE PADUA MONTEIRO</p><p class="identifica">PORTARIA Nº 5.581/REI/IFGOIANO, DE 29 DE JULHO DE 2025</p><p>O Reitor do Instituto Federal de Educação, Ciência e Tecnologia Goiano, no uso de suas atribuições legais conferidas pelo Decreto de 07 de março de 2024, publicado no DOU de 08 de março de 2024, Seção 02, página 01, considerando a Lei nº 11.892, de 29 de dezembro de 2008, publicada no DOU de 30 de dezembro de 2008 e o que consta no Processo nº 23728.000579.2025-77, resolve:</p><p>Autorizar o Afastamento do país do servidor MARCELO BRANDAO MONTEIRO DOS SANTOS, ocupante do cargo de Professor de Ensino Básico Técnico e Tecnológico, SIAPE nº 1272911, SIAPECAD nº 02041134, lotado(a) no(a) Campus Campos Belos, do quadro de pessoal desta Instituição, com ônus, a fim de participar de capacitação de curta duração no exterior, no CERN, Organização Européia, Centro Especializado em Pesquisa Nuclear, em Lisboa ( Portugal), Genebra e Berna (Suiça), com ônus para o IF Goiano, conforme previsão no art. 1º, inc. V, do Decreto nº 1.387/1995, art. 1º, inc. II, do Decreto nº 91.800/1985 e art. 4º da Portaria nº 404/2009 - MEC, pelo período de 26/08/2025 a 08/09/2025.</p><p class="assina">ELIAS DE PADUA MONTEIRO</p>]]></Texto>
  </body>
  <Midias />
</article></xml>