﻿<xml><article id="44717377" name="PORT 2750 2751 2752" idOficio="11188713" pubName="DO2" artType="Portaria" pubDate="01/08/2025" artClass="00033:00045:00015:00000:00000:00000:00000:00000:00000:00000:00017:00013" artCategory="Ministério da Justiça e Segurança Pública/Polícia Federal/Diretoria de Gestão de Pessoas" artSize="12" artNotes="" numberPage="75" pdfPage="http://pesquisa.in.gov.br/imprensa/jsp/visualiza/index.jsp?data=01/08/2025&amp;jornal=529&amp;pagina=75" editionNumber="144" highlightType="" highlightPriority="" highlight="" highlightimage="" highlightimagename="" idMateria="22944599">
  <body>
    <Identifica><![CDATA[ PORTARIAS DGP/PF DE 29 DE JULHO DE 2025]]></Identifica>
    <Data><![CDATA[]]></Data>
    <Ementa />
    <Titulo />
    <SubTitulo />
    <Texto><![CDATA[<p class="identifica">PORTARIAS DGP/PF DE 29 DE JULHO DE 2025</p><p>O DIRETOR DE GESTÃO DE PESSOAS DA POLÍCIA FEDERAL, no uso das atribuições que lhe confere o inciso VI do art. 43 do Regimento Interno da Polícia Federal, aprovado pela Portaria MSP nº 155, de 27/09/2018, publicada no DOU nº 200, de 17/10/2018, e tendo em vista o que consta do processo nº 08794.000955/2025-46, resolve:</p><p>Nº 2.750 DISPENSAR o Agente de Polícia Federal MAICON JHONATAN DADALT, matrícula PF nº 20.422, do encargo de Substituto Eventual do Chefe do Núcleo Administrativo da Delegacia de Polícia Federal em Chapecó/SC, código FCE 1.01.</p><p>Nº 2.751 DISPENSAR o Agente de Polícia Federal TARCISIO SALES, matrícula PF nº 18.633, da função de Chefe do Núcleo Administrativo da Delegacia de Polícia Federal em Chapecó/SC, código FCE 1.01.</p><p>Nº 2.752 DESIGNAR o Agente de Polícia Federal MAICON JHONATAN DADALT, matrícula PF nº 20.422, para a função de Chefe do Núcleo Administrativo da Delegacia de Polícia Federal em Chapecó/SC, código FCE 1.01.</p><p class="assina">GUILHERME MONSEFF DE BIAGI</p>]]></Texto>
  </body>
  <Midias />
</article></xml>