﻿<xml><article id="44721049" name="1033. - PORTARIA DE PESSOAL PROG" idOficio="11188968" pubName="DO2" artType="Portaria" pubDate="01/08/2025" artClass="00025:00108:00057:00000:00000:00000:00000:00000:00000:00000:00017:00000" artCategory="Ministério da Educação/Universidade Federal de Juiz de Fora/Pró-Reitoria de Gestão de Pessoas" artSize="12" artNotes="" numberPage="36" pdfPage="http://pesquisa.in.gov.br/imprensa/jsp/visualiza/index.jsp?data=01/08/2025&amp;jornal=529&amp;pagina=36" editionNumber="144" highlightType="" highlightPriority="" highlight="" highlightimage="" highlightimagename="" idMateria="22944860">
  <body>
    <Identifica><![CDATA[ PORTARIA DE PESSOAL PROGEPE/UFJF Nº 1.033, DE 31 de julho de 2025]]></Identifica>
    <Data><![CDATA[]]></Data>
    <Ementa />
    <Titulo />
    <SubTitulo />
    <Texto><![CDATA[<p class="identifica">PORTARIA DE PESSOAL PROGEPE/UFJF Nº 1.033, DE 31 de julho de 2025</p><p>A PRÓ-REITORA DE GESTÃO DE PESSOAS DA UNIVERSIDADE FEDERAL DE JUIZ DE FORA, no uso de suas atribuições e das competências que lhe foram delegadas através da Portaria PROGEPE/UFJF nº 138, de 10 de maio de 2024, publicada no Diário Oficial da União de 17 de maio de 2024, seção 2, página 32, resolve:</p><p>Art. 1º Designar KARINE ANDRADE OLIVEIRA ZANINI, SIAPE 2066122, para a função de Coordenadora do Curso de Graduação em Medicina, da Faculdade de Medicina, código FUC-01, com mandato de 01/08/2025 a 31/07/2028, conforme Processo 23071.932678/2025-81.</p><p>Art. 2º Designar YIPSY ROQUE BENITO, SIAPE 3003809, para a função de Chefe do Departamento de Engenharia Mecânica, da Faculdade de Engenharia, código FG-01, com mandato de 01/08/2025 a 31/07/2027, conforme Processo 23071.931581/2025-51.</p><p>Art. 3º Designar ANDRÉ MONTEIRO GUIMARÃES DIAS PIRES, SIAPE 1440901, para a função de Coordenador do Programa de Pós-Graduação em Letras - Estudos Literários, da Faculdade de Letras, código FUC-01, com mandato de 02/08/2025 a 01/08/2028, conforme Processo 23071.931037/2025-18.</p><p>Art. 4º Esta Portaria Administrativa entra em vigor na data de sua publicação no Boletim Interno do SEI-UFJF.</p><p>Art. 5º Esta Portaria Administrativa entra em vigor na data de sua publicação no DOU.</p><p class="assina">ISABELA RODRIGUES VEIGA</p>]]></Texto>
  </body>
  <Midias />
</article></xml>