﻿<xml><article id="44724308" name="PORTARIA N 244_22945928" idOficio="11189680" pubName="DO2" artType="Portaria" pubDate="01/08/2025" artClass="00070:00044:00001:00002:00004:00002:00000:00000:00000:00000:00017:00000" artCategory="Poder Judiciário/Tribunal Regional do Trabalho da 3ª Região/Presidência/Diretoria-Geral/Diretoria de Administração/Secretaria de Licitações e Contratos" artSize="12" artNotes="" numberPage="109" pdfPage="http://pesquisa.in.gov.br/imprensa/jsp/visualiza/index.jsp?data=01/08/2025&amp;jornal=529&amp;pagina=109" editionNumber="144" highlightType="" highlightPriority="" highlight="" highlightimage="" highlightimagename="" idMateria="22945928">
  <body>
    <Identifica><![CDATA[ PORTARIA GP N° 244, DE 29 DE JULHO DE 2025]]></Identifica>
    <Data><![CDATA[]]></Data>
    <Ementa />
    <Titulo />
    <SubTitulo />
    <Texto><![CDATA[<p class="identifica">PORTARIA GP N° 244, DE 29 DE JULHO DE 2025</p><p>O Desembargador 2º Vice-presidente, no exercício da Presidência do Tribunal Regional do Trabalho da 3ª Região, no uso de suas atribuições legais e regimentais, CONSIDERANDO o disposto no art. 9º, inciso I, e no art. 10 da Lei n. 8.112, de 11 de dezembro de 1990, resolve:</p><p>Art. 1º Nomear, em virtude de habilitação em Concurso Público, a seguinte candidata para exercer, em caráter efetivo, o cargo da Carreira Judiciária de Técnico Judiciário, Área Administrativa, Classe A, Padrão 1, do Quadro Permanente de Pessoal deste Tribunal:</p><p>Hanna Freitas Santos, aprovada em vaga reservada aos candidatos negros, para Belo Horizonte, em vaga decorrente de posse em cargo inacumulável de Paulo Henrique Lopes Vaz de Melo, vaga n. 50.</p><p>Art. 2º Esta Portaria entra em vigor na data de sua publicação.</p><p class="assina">Emerson José Alves Lage</p>]]></Texto>
  </body>
  <Midias />
</article></xml>