﻿<xml><article id="44718337" name="PORTARIA N 2.958_22941798" idOficio="11187095" pubName="DO2" artType="Portaria" pubDate="01/08/2025" artClass="00034:00063:00000:00000:00000:00000:00000:00000:00000:00000:00017:00003" artCategory="Ministério do Meio Ambiente e Mudança do Clima/Instituto Chico Mendes de Conservação da Biodiversidade" artSize="12" artNotes="" numberPage="78" pdfPage="http://pesquisa.in.gov.br/imprensa/jsp/visualiza/index.jsp?data=01/08/2025&amp;jornal=529&amp;pagina=78" editionNumber="144" highlightType="" highlightPriority="" highlight="" highlightimage="" highlightimagename="" idMateria="22941798">
  <body>
    <Identifica><![CDATA[ PORTARIA ICMBio Nº 2.958, DE 30 DE JULHO DE 2025]]></Identifica>
    <Data><![CDATA[]]></Data>
    <Ementa />
    <Titulo />
    <SubTitulo />
    <Texto><![CDATA[<p class="identifica">PORTARIA ICMBio Nº 2.958, DE 30 DE JULHO DE 2025</p><p>O PRESIDENTE DO INSTITUTO CHICO MENDES DE CONSERVAÇÃO DA BIODIVERSIDADE - ICMBio, no uso das competências atribuídas pelo artigo 15 do Decreto nº 12.258, de 25 de novembro de 2024, nomeado pela Portaria de Pessoal nº 2.464/Casa Civil, de 16 de maio de 2023, publicada no Diário Oficial da União de 17 de maio de 2023; resolve:</p><p>Nomear ROBERTA CARDOSO DE MELLO, CPF nº ***.134.977-**, para exercer o cargo em comissão de Chefe de Divisão, Código CCE 1.07, da Divisão de Patrimônio - DPAT, do Instituto Chico Mendes de Conservação da Biodiversidade.</p><p class="assina">MAURO OLIVEIRA PIRES</p>]]></Texto>
  </body>
  <Midias />
</article></xml>