﻿<xml><article id="44718316" name="PORTARIA PARA DOU 2" idOficio="11188592" pubName="DO2" artType="Portaria" pubDate="01/08/2025" artClass="00025:00129:00051:00000:00000:00000:00000:00000:00000:00000:00017:00003" artCategory="Ministério da Educação/Universidade Federal de São Paulo/Pró-Reitoria de Gestão com Pessoas" artSize="12" artNotes="" numberPage="47" pdfPage="http://pesquisa.in.gov.br/imprensa/jsp/visualiza/index.jsp?data=01/08/2025&amp;jornal=529&amp;pagina=47" editionNumber="144" highlightType="" highlightPriority="" highlight="" highlightimage="" highlightimagename="" idMateria="22944451">
  <body>
    <Identifica><![CDATA[ PORTARIA Nº 3.704,  DE 30 DE JULHO DE 2025]]></Identifica>
    <Data><![CDATA[]]></Data>
    <Ementa />
    <Titulo />
    <SubTitulo />
    <Texto><![CDATA[<p class="identifica">PORTARIA Nº 3.704, DE 30 DE JULHO DE 2025</p><p>A Pró-Reitora de Gestão com Pessoas da Universidade Federal de São Paulo, no uso da competência que lhe foi delegada pela Portaria nº 654/2020, publicada no D.O.U. de 13/03/2020, resolve:</p><p>Declarar vago o cargo de Médico - PCCTAE, Nível E, Padrão de vencimento 019, Matrícula SIAPE nº 1438299, decorrente do falecimento do servidor ROBERTO VLAINICH, ocorrido em 24/06/2025 (Processo SEI nº. 23089.026470/2025-32).</p><p class="assina">Elaine Damasceno</p>]]></Texto>
  </body>
  <Midias />
</article></xml>