﻿<xml><article id="44717962" name="PORT PRESI CESSAO - SILVAM" idOficio="11185471" pubName="DO2" artType="Portaria" pubDate="01/08/2025" artClass="00034:00062:00000:00000:00000:00000:00000:00000:00000:00000:00017:00000" artCategory="Ministério do Meio Ambiente e Mudança do Clima/Instituto Brasileiro do Meio Ambiente e dos Recursos Naturais Renováveis" artSize="12" artNotes="" numberPage="77" pdfPage="http://pesquisa.in.gov.br/imprensa/jsp/visualiza/index.jsp?data=01/08/2025&amp;jornal=529&amp;pagina=77" editionNumber="144" highlightType="" highlightPriority="" highlight="" highlightimage="" highlightimagename="" idMateria="22939298">
  <body>
    <Identifica><![CDATA[ Portaria de Pessoal nº 1.631, de 29 de julho de 2025]]></Identifica>
    <Data><![CDATA[]]></Data>
    <Ementa />
    <Titulo />
    <SubTitulo />
    <Texto><![CDATA[<p class="identifica">Portaria de Pessoal nº 1.631, de 29 de julho de 2025</p><p>O PRESIDENTE DO INSTITUTO BRASILEIRO DO MEIO AMBIENTE E DOS RECURSOS NATURAIS RENOVÁVEIS (Ibama), no uso das atribuições que lhe foram conferidas pelo art. 15 do Anexo I do Decreto nº 12.130, de 7 de agosto de 2024, o qual aprovou a Estrutura Regimental do Ibama, publicado no Diário Oficial da União no dia subsequente, e pelo Regimento Interno aprovado pela Portaria Ibama nº 73, de 26 de maio de 2025, publicada no Diário Oficial da União no dia subsequente, resolve:</p><p>Art. 1º Ceder o servidor público federal SILVAM DE OLIVEIRA, matrícula SIAPE nº 173****, Técnico Administrativo, do Quadro de Pessoal do Instituto Brasileiro do Meio Ambiente e dos Recursos Naturais Renováveis - Ibama, a fim de exercer a Função Comissionada Executiva, FCE 1.07, na Divisão de Cadastro - Dicape, da Coordenação de Administração de Pessoal - Coape, da Coordenação-Geral de Gestão de Pessoas - CGGP, vinculada à Diretoria de Planejamento, Administração e Logística - Diplan, do Instituto Chico Mendes de Conservação da Biodiversidade - ICMBio, conforme processo 02001.017039/2025-48.</p><p>Art. 2º O ônus pela remuneração é do Órgão cedente.</p><p>Art. 3º Cumpre ao Órgão cessionário comunicar a frequência do servidor, mensalmente, ao Órgão cedente.</p><p>Art. 4º Torna-se sem efeito do disposto nesta Portaria caso o servidor não se apresente ao Órgão cessionário no prazo de trinta dias.</p><p>Art. 5º Esta Portaria de Pessoal entra em vigor na data de sua publicação.</p><p class="assina">RODRIGO AGOSTINHO</p>]]></Texto>
  </body>
  <Midias />
</article></xml>