﻿<xml><article id="44720977" name="31 de julho S2 portarias 1647 16" idOficio="11188939" pubName="DO2" artType="Portaria" pubDate="01/08/2025" artClass="00025:00140:00000:00000:00000:00000:00000:00000:00000:00000:00017:00001" artCategory="Ministério da Educação/Fundação Universidade do Amazonas" artSize="12" artNotes="" numberPage="48" pdfPage="http://pesquisa.in.gov.br/imprensa/jsp/visualiza/index.jsp?data=01/08/2025&amp;jornal=529&amp;pagina=48" editionNumber="144" highlightType="" highlightPriority="" highlight="" highlightimage="" highlightimagename="" idMateria="22944850">
  <body>
    <Identifica><![CDATA[ PORTARIA Nº 1.647, DE 17 DE JULHO DE 2025]]></Identifica>
    <Data><![CDATA[]]></Data>
    <Ementa />
    <Titulo />
    <SubTitulo />
    <Texto><![CDATA[<p class="identifica">PORTARIA Nº 1.647, DE 17 DE JULHO DE 2025</p><p>A REITORA DA UNIVERSIDADE FEDERAL DO AMAZONAS, usando das atribuições estatutárias, conferidas por meio do Decreto de 1º de julho de 2025, publicado no Diário Oficial da União de 02 de julho de 2025, resolve:</p><p>AUTORIZAR o afastamento do país do(a) servidor(a) IOLETE RIBEIRO DA SILVA, lotado(a) na Faculdade de Psicologia - FAPSI, a fim de Realizar Missão de trabalho docente do projeto DABACURI E AQUILOMBAMENTO: CONSTRUINDO POLÍTICAS AFIRMATIVAS NA PÓS-GRADUAÇÃO AMAZÔNIDA (Edital N.16/2023 CAPES), a ser realizado em Londres, Birmingham e Manchester na Inglaterra, no período de 16/09/2025 a 02/10/2025, com ônus limitado.</p><p class="assina">TANARA LAUSCHNER</p><p class="identifica">PORTARIA Nº 1.667, DE 21 DE JULHO DE 2025</p><p>A REITORA DA UNIVERSIDADE FEDERAL DO AMAZONAS, usando das atribuições estatutárias, conferidas por meio do Decreto de 1º de julho de 2025, publicado no Diário Oficial da União de 02 de julho de 2025, resolve:</p><p>Art. 1º NOMEAR a servidora FERNANDA PRISCILA ALVES DA SILVA, matrícula SIAPE n.º 1171360, ocupante do cargo de Professora do Magistério Superior, para exercer pro tempore o Cargo de Diretora do ICSEZ/UFAM.</p><p>Art. 2º DESIGNAR a servidora ANGELA MARIA DA SILVA LEHMKUHL, matrícula SIAPE n.º 1863379, ocupante do cargo de Professora do Magistério Superior, para exercer pro tempore a Função de Coordenadora Acadêmica do ICSEZ/UFAM.</p><p class="assina">TANARA LAUSCHNER</p><p>PORTARIA Nº 1.719, DE 24 DE JULHO DE 2025</p><p>A REITORA DA UNIVERSIDADE FEDERAL DO AMAZONAS, usando das atribuições estatutárias, conferidas por meio do Decreto de 1º de julho de 2025, publicado no Diário Oficial da União de 02 de julho de 2025, resolve:</p><p>Art. 1º DESIGNAR o servidor PEDRO DE QUEIROZ COSTA NETO, matrícula SIAPE n.º 3168815, ocupante do cargo de Professor do Magistério Superior, para exercer a Função Gratificada FG-01, de Chefe do Departamento de Ciências Fundamentais e Desenvolvimento Agrícola da Faculdade de Ciências Agrárias - FCA, a partir de 03/08/2025, para o mandato de 02 (dois) anos.</p><p>Art. 2º DESIGNAR a servidora JOZANE LIMA SANTIAGO, matrícula SIAPE n.º 2572312, ocupante do cargo de Professor do Magistério Superior, para a atribuição de Subchefe do Departamento de Ciências Fundamentais e Desenvolvimento Agrícola da Faculdade de Ciências Agrárias - FCA, a partir de 03/08/2025, para o mandato de 02 (dois) anos.</p><p class="assina">TANARA LAUSCHNER</p><p class="identifica">PORTARIAS DE 28 DE JULHO DE 2025</p><p>A REITORA DA UNIVERSIDADE FEDERAL DO AMAZONAS, usando das atribuições estatutárias, conferidas por meio do Decreto de 1º de julho de 2025, publicado no Diário Oficial da União de 02 de julho de 2025, resolve:</p><p>Nº 1.740 - DESIGNAR o servidor IVO RODRIGO CAMPINAS DE SOUZA, matrícula SIAPE n.º 1252881, ocupante do cargo de Assistente em Administração, para exercer a Função Gratificada FG-04, de Secretário da Câmara de Ensino de Graduação.</p><p>Nº 1.742 - CONCEDER Aposentadoria Voluntária à servidora MERCÊS SOCORRO QUEIROZ DE SOUZA, matrícula SIAPE N.º 1168954, ocupante do cargo de cozinheira, Classe C, padrão 019, em regime de 40 (quarenta) horas semanais, lotada na Pró-Reitoria de Gestão de Pessoas - PROGESP, do Quadro de Pessoal da Fundação Universidade do Amazonas, fundamentada no artigo 4 §6º I §8º da EC nº. 103/2019, publicada no DOU 13/11/2019, com preenchimento dos requisitos a partir de 07.11.2024.</p><p>DECLARAR vago o referido cargo de código 748283 a partir de 01.08.2025.</p><p>Nº 1.747 - CONCEDER Aposentadoria Voluntária ao servidor THOMAZ DECIO ABDALLA SIQUEIRA, matrícula SIAPE nº 0401184, ocupante do cargo de Professor do Magistério Superior, Classe D, Nível 001, em regime Dedicação Exclusiva, lotado na Comissão Própria de Avaliação - CPA, do Quadro de Pessoal da Fundação Universidade do Amazonas, fundamentada no artigo 4º, § 6º, inciso I § 8º da EC nº. 103/2019, publicada no DOU 13/11/2019, com preenchimento dos requisitos a partir de 26/04/2024.</p><p>DECLARAR vago o referido cargo de código 3111637 a partir de 01/08/2025.</p><p>Nº 1.750 - CONCEDER Aposentadoria Voluntária à servidora LÍDIA ROCHEDO FERRAZ, matrícula SIAPE N.º 1168952, ocupante do cargo de Professora do Magistério Superior, Classe D, Nível 001, em regime de dedicação exclusiva, lotada na Coordenação Acadêmica - Faculdade de Psicologia, do Quadro de Pessoal da Fundação Universidade do Amazonas, fundamentada no artigo 20 § 2º inciso I da EC nº. 103/2019, publicada no DOU 13/11/2019, com o direito adquirido a partir de 13.07.2023.</p><p>DECLARAR vago o referido cargo de código 3111779 a partir de 01.08.2025.</p><p class="assina">TANARA LAUSCHNER</p><p class="identifica">PORTARIA Nº 1.756, DE 29 DE JULHO DE 2025</p><p>A REITORA DA UNIVERSIDADE FEDERAL DO AMAZONAS, usando das atribuições estatutárias, conferidas por meio do Decreto de 1º de julho de 2025, publicado no Diário Oficial da União de 02 de julho de 2025, resolve:</p><p>CONCEDER Aposentadoria Voluntária à servidora ELIANA BRASIL ALVES, matrícula SIAPE N.º 0400690, ocupante do cargo de Farmacêutico Bioquímico, Classe E, padrão 019, em regime de 40 (quarenta) horas semanais, lotada no Hospital Universitário Getúlio Vargas - HUGV, do Quadro de Pessoal da Fundação Universidade do Amazonas, fundamentada no artigo 4 §6º I §8º da EC nº. 103/2019, publicada no DOU 13/11/2019, com preenchimento dos requisitos a partir de 22/11/2022.</p><p>DECLARAR vago o referido cargo de código 311244 a partir de 01/08/2025.</p><p class="assina">TANARA LAUSCHNER</p>]]></Texto>
  </body>
  <Midias />
</article></xml>