﻿<xml><article id="44717617" name="IFMG_RTF_Portaria_4300" idOficio="11178358" pubName="DO2" artType="Portaria" pubDate="01/08/2025" artClass="00025:00070:00001:00000:00000:00000:00000:00000:00000:00000:00017:00000" artCategory="Ministério da Educação/Instituto Federal de Educação, Ciência e Tecnologia de Minas Gerais/Reitoria" artSize="12" artNotes="" numberPage="25" pdfPage="http://pesquisa.in.gov.br/imprensa/jsp/visualiza/index.jsp?data=01/08/2025&amp;jornal=529&amp;pagina=25" editionNumber="144" highlightType="" highlightPriority="" highlight="" highlightimage="" highlightimagename="" idMateria="22926608">
  <body>
    <Identifica><![CDATA[ PORTARIA Nº 4.300/IFMG, DE 28 DE JULHO DE 2025]]></Identifica>
    <Data><![CDATA[]]></Data>
    <Ementa />
    <Titulo />
    <SubTitulo />
    <Texto><![CDATA[<p class="identifica">PORTARIA Nº 4.300/IFMG, DE 28 DE JULHO DE 2025</p><p>A REITORA SUBSTITUTA DO INSTITUTO FEDERAL DE EDUCAÇÃO, CIÊNCIA E TECNOLOGIA DE MINAS GERAIS, no uso das atribuições que lhe são conferidas pelo Estatuto da Instituição, republicado com alterações no Diário Oficial da União do dia 08/05/2018, Seção 1, Páginas 09 e 10 e o que consta no Processo nº 23208.001959/2025-06, resolve:</p><p>Conceder Aposentadoria por Invalidez Permanente com proventos proporcionais ao servidor BRUNO AGUIAR DE CASTRO, CPF nº ***.807.856-**, ocupante do cargo de Assistente em Administração, SIAPE nº 1759766, SIAPECAD nº 01531995, Código de Vaga nº 0831409, Nível de Classificação/Capacitação/Padrão de Vencimento D013, lotado no(a) Diretoria de Tecnologia da Informação da Reitoria, e em exercício no(a) RE-SDSS, com fundamento no Artigo 40, parágrafo 1º, inciso I, da Constituição Federal de 1988, com redação dada pela Emenda Constitucional nº 41 de 2003, combinado com o artigo 186, inciso I, da Lei nº 8.112, de 11 de dezembro de 1990, e considerando o disposto no artigo 1º da Lei n.º 10.887 de 2004, a partir da publicação no DOU.</p><p class="assina">HELOISA CRISTINA PEREIRA</p>]]></Texto>
  </body>
  <Midias />
</article></xml>