﻿<xml><article id="44722472" name="2025.08.01 - Secao 2_Portarias d" idOficio="11189320" pubName="DO2" artType="Portaria" pubDate="01/08/2025" artClass="00025:00084:00001:00000:00000:00000:00000:00000:00000:00000:00017:00000" artCategory="Ministério da Educação/Instituto Federal de Educação, Ciência e Tecnologia de Sergipe/Reitoria" artSize="12" artNotes="" numberPage="30" pdfPage="http://pesquisa.in.gov.br/imprensa/jsp/visualiza/index.jsp?data=01/08/2025&amp;jornal=529&amp;pagina=30" editionNumber="144" highlightType="" highlightPriority="" highlight="" highlightimage="" highlightimagename="" idMateria="22945328">
  <body>
    <Identifica><![CDATA[ PORTARIAS DE 30 DE JULHO DE 2025]]></Identifica>
    <Data><![CDATA[]]></Data>
    <Ementa />
    <Titulo />
    <SubTitulo />
    <Texto><![CDATA[<p class="identifica">PORTARIAS DE 30 DE JULHO DE 2025</p><p>A REITORA DO INSTITUTO FEDERAL DE SERGIPE, nomeada pelo Decreto de 03/10/2018, publicado no DOU de 04 subsequente, e reconduzida pelo Decreto de 29/09/2022, publicado no DOU de 30 subsequente, no uso das atribuições que lhe confere a Lei nº 11.892/2008, resolve:</p><p>Nº 2.385 - Art. 1º Designar, a partir de 30/07/2025, a servidora Valdenice Araújo Santos Lima, matrícula SIAPE 2178268, ocupante do cargo de Administradora, pertencente ao quadro de pessoal permanente desta Instituição Federal de Ensino, para a função de Coordenadora de Planejamento - COPLAN/DG, código FG-02, Campus Socorro.</p><p>Art. 2º Esta Portaria entra em vigor nesta data.</p><p>Nº 2.402 - Art. 1º Designar o servidor Fernando Augusto de Jesus Batista, matrícula SIAPE 1596431, para substituir, no período de 31/07/2025 a 29/08/2025, o Chefe da Auditoria Interna - AUDINT/Reitoria, código CD-04, servidor William de Jesus Santos, ausente por motivo de férias.</p><p>Art. 2º Esta Portaria entra em vigor nesta data.</p><p class="assina">RUTH SALES GAMA DE ANDRADE</p>]]></Texto>
  </body>
  <Midias />
</article></xml>