﻿<xml><article id="44722631" name="PORTARIA N 274_22945326" idOficio="11189350" pubName="DO2" artType="Portaria" pubDate="01/08/2025" artClass="00019:00002:00000:00000:00000:00000:00000:00000:00000:00000:00017:00000" artCategory="Ministério do Desenvolvimento, Indústria, Comércio e Serviços/Secretaria Executiva" artSize="12" artNotes="" numberPage="17" pdfPage="http://pesquisa.in.gov.br/imprensa/jsp/visualiza/index.jsp?data=01/08/2025&amp;jornal=529&amp;pagina=17" editionNumber="144" highlightType="" highlightPriority="" highlight="" highlightimage="" highlightimagename="" idMateria="22945326">
  <body>
    <Identifica><![CDATA[ PORTARIA DE PESSOAL SE/MDIC N° 274, DE 30 DE JULHO DE 2025]]></Identifica>
    <Data><![CDATA[]]></Data>
    <Ementa />
    <Titulo />
    <SubTitulo />
    <Texto><![CDATA[<p class="identifica">PORTARIA DE PESSOAL SE/MDIC N° 274, DE 30 DE JULHO DE 2025</p><p>O SECRETÁRIO-EXECUTIVO DO MINISTÉRIO DO DESENVOLVIMENTO, INDÚSTRIA, COMÉRCIO E SERVIÇOS no uso de suas atribuições e, considerando a delegação de competência contida na Portaria GM/MDIC nº 21, de 1º de março de 2023, publicada no Diário Oficial da União de 03 de março de 2023, bem como o disposto no Processo nº 19687.111174/2023-58, resolve:</p><p>Dispensar, a pedido, a contar de 29 de julho de 2025, NADJA MARIA LEPSCH DA CUNHA NASCIMENTO, matrícula Siape nº 1362196, da função de Chefe de Divisão de Insumos Estratégicos da Saúde da Coordenação de Insumos Estratégicos da Saúde da Coordenação-Geral de Insumos Estratégicos da Saúde do Departamento de Bioindústria e Insumos Estratégicos da Saúde da Secretaria de Economia Verde, Descarbonização e Bioindústria, deste Ministério, código FCE 1.07.</p><p class="assina">MÁRCIO FERNANDO ELIAS ROSA</p>]]></Texto>
  </body>
  <Midias />
</article></xml>