﻿<xml><article id="44717494" name="PORTARIA AGU NA 415 DISPENSAR RU" idOficio="11169219" pubName="DO2" artType="Portaria" pubDate="01/08/2025" artClass="00006:00007:00000:00000:00000:00000:00000:00000:00000:00000:00017:00000" artCategory="Presidência da República/Advocacia-Geral da União" artSize="12" artNotes="" numberPage="2" pdfPage="http://pesquisa.in.gov.br/imprensa/jsp/visualiza/index.jsp?data=01/08/2025&amp;jornal=529&amp;pagina=2" editionNumber="144" highlightType="" highlightPriority="" highlight="" highlightimage="" highlightimagename="" idMateria="22913371">
  <body>
    <Identifica><![CDATA[ PORTARIA AGU Nº 415, DE 25 DE JULHO DE 2025]]></Identifica>
    <Data><![CDATA[]]></Data>
    <Ementa />
    <Titulo />
    <SubTitulo />
    <Texto><![CDATA[<p class="identifica">PORTARIA AGU Nº 415, DE 25 DE JULHO DE 2025</p><p><strong>O ADVOGADO-GERAL DA UNIÃO SUBSTITUTO</strong>, no uso das atribuições que lhe confere o art. 4º, da Lei Complementar nº 73, de 10 de fevereiro de 1993, tendo em vista o disposto no art. 38 da Lei nº 8.112, de 11 de dezembro de 1990, e considerando o que consta no Processo Administrativo nº 00406.000316/2023-33, resolve:</p><p><strong>DISPENSAR</strong></p><p>RUBENS RICARDO MACHADO DO PRADO, matrícula Siape nº 1007884, Procurador da Fazenda Nacional, do encargo de substituto eventual de Corregedor-Auxiliar, código FCE 1.15 (190010), da Corregedoria Auxiliar 4, da Corregedoria-Geral da Advocacia da União, a contar de 1º de agosto de 2025.</p><p class="assina">FLAVIO JOSÉ ROMAN</p>]]></Texto>
  </body>
  <Midias />
</article></xml>