﻿<xml><article id="44720728" name="PORTARIA N 7.700_22944654" idOficio="11188768" pubName="DO2" artType="Portaria" pubDate="01/08/2025" artClass="00025:00121:00000:00000:00000:00000:00000:00000:00000:00000:00013:00005" artCategory="Ministério da Educação/Universidade Federal do Rio de Janeiro" artSize="12" artNotes="" numberPage="44" pdfPage="http://pesquisa.in.gov.br/imprensa/jsp/visualiza/index.jsp?data=01/08/2025&amp;jornal=529&amp;pagina=44" editionNumber="144" highlightType="" highlightPriority="" highlight="" highlightimage="" highlightimagename="" idMateria="22944654">
  <body>
    <Identifica><![CDATA[ PORTARIA Nº 7.700, DE 28 DE JULHO DE 2025]]></Identifica>
    <Data><![CDATA[]]></Data>
    <Ementa />
    <Titulo />
    <SubTitulo />
    <Texto><![CDATA[<p class="identifica">PORTARIA Nº 7.700, DE 28 DE JULHO DE 2025</p><p>O Reitor da Universidade Federal do Rio de Janeiro, no uso de suas atribuições conferidas pelo Decreto de 27 de Junho de 2023, publicada no Diário Oficial da União nº 121 de 28 de Junho de 2023, resolve:</p><p>Exonerar, de acordo com o artigo 35, inciso I, da Lei 8.112, de 11/12/90, DENILSON SANTOS DE JESUS, Matrícula Siape nº 0363949, Auxiliar em Administração, do Cargo de Direção de Secretário Adjunto, do(a) Secretaria dos Órgãos Colegiados, CD-4, processo nº 23079.238086/25-08.</p><p class="assina">ROBERTO DE ANDRADE MEDRONHO</p>]]></Texto>
  </body>
  <Midias />
</article></xml>