﻿<xml><article id="44724713" name="PORTARIA SEGP 75" idOficio="11189815" pubName="DO2" artType="Portaria" pubDate="01/08/2025" artClass="00070:00041:00009:00000:00000:00000:00000:00000:00000:00000:00017:00000" artCategory="Poder Judiciário/Tribunal de Justiça do Distrito Federal e dos Territórios/Secretaria de Gestão de Pessoas" artSize="12" artNotes="" numberPage="107" pdfPage="http://pesquisa.in.gov.br/imprensa/jsp/visualiza/index.jsp?data=01/08/2025&amp;jornal=529&amp;pagina=107" editionNumber="144" highlightType="" highlightPriority="" highlight="" highlightimage="" highlightimagename="" idMateria="22946056">
  <body>
    <Identifica><![CDATA[ PORTARIA SEGP Nº 75, DE 29 DE JULHO DE 2025]]></Identifica>
    <Data><![CDATA[]]></Data>
    <Ementa />
    <Titulo />
    <SubTitulo />
    <Texto><![CDATA[<p class="identifica">PORTARIA SEGP Nº 75, DE 29 DE JULHO DE 2025</p><p>A Secretária de Gestão de Pessoas do Tribunal de Justiça do Distrito Federal e dos Territórios, no uso de sua competência delegada por intermédio da Portaria GPR 1235/2024 e tendo em vista o contido no PA 0026782/2025, resolve:</p><p>Declarar vago, com base no inciso VIII do art. 33 da Lei 8.112/1990, um cargo de Técnico Judiciário, Área Administrativa, sem Especialidade, do Quadro de Pessoal deste Tribunal, a partir de 28 de julho de 2025, em virtude de seu(sua) ocupante, Gustavo Henrique de Lima Ferreira, matrícula 321.383, haver tomado posse em outro cargo público inacumulável.</p><p class="assina">CARMEN CECÍLIA DA FONSECA LEMES FERREIRA</p>]]></Texto>
  </body>
  <Midias />
</article></xml>