﻿<xml><article id="44717629" name="PORTARIA N 1.089_22944136" idOficio="11188323" pubName="DO2" artType="Portaria" pubDate="01/08/2025" artClass="00033:00002:00000:00000:00000:00000:00000:00000:00000:00000:00017:00001" artCategory="Ministério da Justiça e Segurança Pública/Secretaria Executiva" artSize="12" artNotes="" numberPage="72" pdfPage="http://pesquisa.in.gov.br/imprensa/jsp/visualiza/index.jsp?data=01/08/2025&amp;jornal=529&amp;pagina=72" editionNumber="144" highlightType="" highlightPriority="" highlight="" highlightimage="" highlightimagename="" idMateria="22944136">
  <body>
    <Identifica><![CDATA[ PORTARIA DE PESSOAL SE/MJSP Nº 1.089, DE 29 DE JULHO DE 2025]]></Identifica>
    <Data><![CDATA[]]></Data>
    <Ementa />
    <Titulo />
    <SubTitulo />
    <Texto><![CDATA[<p class="identifica">PORTARIA DE PESSOAL SE/MJSP Nº 1.089, DE 29 DE JULHO DE 2025</p><p>O SECRETÁRIO-EXECUTIVO DO MINISTÉRIO DA JUSTIÇA E SEGURANÇA PÚBLICA, no uso da competência que lhe foi subdelegada pela Portaria MJSP nº 665, de 24 de junho de 2024, e tendo em vista o disposto no Decreto nº 1.387, de 7 de fevereiro de 1995, e no art. 95 da Lei nº 8.112, de 11 de dezembro de 1990, resolve:</p><p>Autorizar que se afaste do País, com ônus, o Agente de Polícia Federal ANDERSON DE AZEVEDO DE JESUS, Chefe da Divisão de Ensino e Doutrina Operacional da Coordenação-Geral de Desenvolvimento Educacional da Diretoria de Ensino da Academia Nacional de Polícia da Polícia Federal, com o objetivo de participar da ação de capacitação "Curso Internacional de Intervenção Operativa", em Logroño (La Rioja), Espanha, no período de 15 a 23 de novembro de 2025, inclusive trânsito (Processo nº 08200.023850/2025-06).</p><p class="assina">MANOEL CARLOS DE ALMEIDA NETO</p>]]></Texto>
  </body>
  <Midias />
</article></xml>