﻿<xml><article id="44725436" name="PORTARIA SEG 1236" idOficio="11190031" pubName="DO2" artType="Portaria" pubDate="01/08/2025" artClass="00070:00041:00002:00003:00000:00000:00000:00000:00000:00000:00017:00000" artCategory="Poder Judiciário/Tribunal de Justiça do Distrito Federal e dos Territórios/Presidência/Secretaria-Geral" artSize="12" artNotes="" numberPage="106" pdfPage="http://pesquisa.in.gov.br/imprensa/jsp/visualiza/index.jsp?data=01/08/2025&amp;jornal=529&amp;pagina=106" editionNumber="144" highlightType="" highlightPriority="" highlight="" highlightimage="" highlightimagename="" idMateria="22946319">
  <body>
    <Identifica><![CDATA[ PORTARIA SEG Nº 1.236, DE 23 DE JULHO DE 2025]]></Identifica>
    <Data><![CDATA[]]></Data>
    <Ementa />
    <Titulo />
    <SubTitulo />
    <Texto><![CDATA[<p class="identifica">PORTARIA SEG Nº 1.236, DE 23 DE JULHO DE 2025</p><p>O SECRETÁRIO-GERAL DO TRIBUNAL DE JUSTIÇA DO DISTRITO FEDERAL E DOS TERRITÓRIOS, no uso de sua competência delegada pelo art. 1º, incisos I e II da Portaria GPR 1235, e tendo em vista o contido no PA Nº 1024683/2025, resolve:</p><p>Art. 1º Exonerar LUCAS LIMA DE OLIVEIRA, matrícula N. 317.425, Técnico Judiciário, Área Administrativa, do Quadro de Pessoal deste Tribunal, do Cargo em Comissão, CJ-01, de Assessor do Juizado Especial Criminal da Circunscrição Judiciária de Taguatinga.</p><p>Art. 2º Nomear o Bacharel em Direito, HUEGLES SOUZA NOGUEIRA DA SILVA, matrícula N. 318.099, Técnico Judiciário, Área Administrativa, do Quadro de Pessoal deste Tribunal, para exercer o Cargo em Comissão, CJ-01, de Assessor do Juizado Especial Criminal da Circunscrição Judiciária de Taguatinga, ficando dispensado da Função Comissionada, FC-05, de Oficial de Gabinete da referida Unidade.</p><p>Art. 3º Designar o Bacharel em Direito, LUCAS LIMA DE OLIVEIRA, matrícula N. 317.425, Técnico Judiciário, Área Administrativa, do Quadro de Pessoal deste Tribunal, para exercer a Função Comissionada, FC-05, de Oficial de Gabinete do Juizado Especial Criminal da Circunscrição Judiciária de Taguatinga.</p><p>Art. 4º Dispensar HUEGLES SOUZA NOGUEIRA DA SILVA, matrícula N. 318.099, Técnico Judiciário, Área Administrativa, do Quadro de Pessoal deste Tribunal, da substituição do titular do Cargo em Comissão, CJ-01, de Assessor do Juizado Especial Criminal da Circunscrição Judiciária de Taguatinga, nos seus impedimentos legais e eventuais.</p><p>Art. 5º Esta Portaria entra em vigor na data de sua publicação.</p><p class="assina">CELSO DE OLIVEIRA E SOUSA NETO</p>]]></Texto>
  </body>
  <Midias />
</article></xml>