﻿<xml><article id="44720734" name="PORTARIA N 1.121 SINC 22944649" idOficio="11188763" pubName="DO2" artType="Portaria" pubDate="01/08/2025" artClass="00033:00002:00000:00000:00000:00000:00000:00000:00000:00000:00017:00009" artCategory="Ministério da Justiça e Segurança Pública/Secretaria Executiva" artSize="12" artNotes="" numberPage="72" pdfPage="http://pesquisa.in.gov.br/imprensa/jsp/visualiza/index.jsp?data=01/08/2025&amp;jornal=529&amp;pagina=72" editionNumber="144" highlightType="" highlightPriority="" highlight="" highlightimage="" highlightimagename="" idMateria="22944649">
  <body>
    <Identifica><![CDATA[ PORTARIA DE PESSOAL SE/MJSP Nº 1.121, DE 30 DE JULHO DE 2025]]></Identifica>
    <Data><![CDATA[]]></Data>
    <Ementa />
    <Titulo />
    <SubTitulo />
    <Texto><![CDATA[<p class="identifica">PORTARIA DE PESSOAL SE/MJSP Nº 1.121, DE 30 DE JULHO DE 2025</p><p>O SECRETÁRIO-EXECUTIVO DO MINISTÉRIO DA JUSTIÇA E SEGURANÇA PÚBLICA, no uso da competência que lhe foi subdelegada pelo art. 3º, inciso I, da Portaria nº 665, de 24 de junho de 2024, do Ministério da Justiça e Segurança Pública, resolve:</p><p>Designar o Delegado de Polícia Federal EDGARD BUTZE GRUDTNER para exercer a função de Coordenador de Sistemas de Gestão Integrada da Corregedoria-Geral da Polícia Federal, código FCE 1.10.</p><p class="assina">MANOEL CARLOS DE ALMEIDA NETO</p>]]></Texto>
  </body>
  <Midias />
</article></xml>