﻿<xml><article id="44718427" name="PP_74_2025_aposentadoria_Lucia_B" idOficio="11168217" pubName="DO2" artType="Portaria" pubDate="01/08/2025" artClass="00070:00037:00001:00000:00000:00000:00000:00000:00000:00000:00017:00000" artCategory="Poder Judiciário/Tribunal Regional Eleitoral de Santa Catarina/Presidência" artSize="12" artNotes="" numberPage="104" pdfPage="http://pesquisa.in.gov.br/imprensa/jsp/visualiza/index.jsp?data=01/08/2025&amp;jornal=529&amp;pagina=104" editionNumber="144" highlightType="" highlightPriority="" highlight="" highlightimage="" highlightimagename="" idMateria="22910764">
  <body>
    <Identifica><![CDATA[ PORTARIA TRE-SC/ P Nº 74, DE 23 DE JULHO DE 2025]]></Identifica>
    <Data><![CDATA[]]></Data>
    <Ementa />
    <Titulo />
    <SubTitulo />
    <Texto><![CDATA[<p class="identifica">PORTARIA TRE-SC/ P Nº 74, DE 23 DE JULHO DE 2025</p><p>O PRESIDENTE DO TRIBUNAL REGIONAL ELEITORAL DE SANTA CATARINA, no uso das atribuições que lhe são conferidas pelo art. 22, incisos XXIV e XXVIII, do Regimento Interno deste Tribunal (Resolução TRE-SC 7.847, de 12.12.2011), e considerando a decisão proferida no processo SEI 0002323-85.2025.6.24.8000, resolve:</p><p>Art. 1º Conceder aposentadoria voluntária à servidora LÚCIA HELENA SALLES VALENTE BRASCHER, ocupante do cargo efetivo de Analista Judiciário, Área Administrativa, criado pela Lei 8.868/1994, Classe C, Padrão 13, do quadro de pessoal deste Tribunal, com fundamento no art. 20 da Emenda Constitucional 103, de 13.11.2019, com proventos calculados conforme art. 20, § 2º, I e § 3º, I, da EC 103/2019.</p><p>Art. 2º Esta portaria entra em vigor na data de sua publicação no Diário Oficial da União (DOU), sem prejuízo de sua publicação no Boletim Interno do Tribunal Regional Eleitoral de Santa Catarina (BITRESC).</p><p class="assina">Des. CARLOS ALBERTO CIVINSKI</p>]]></Texto>
  </body>
  <Midias />
</article></xml>