﻿<xml><article id="44717524" name="PT DIAT N 520 IDABELA VIEIRALVES" idOficio="11137853" pubName="DO2" artType="Portaria" pubDate="01/08/2025" artClass="00044:00018:00081:00275:00002:00005:00000:00000:00000:00000:00017:00004" artCategory="Ministério da Previdência Social/Instituto Nacional do Seguro Social/Diretoria de Gestão de Pessoas/Coordenação-Geral de Centralização do Regime Próprio de Previdência Social da União/Coordenação de Atendimento do RPPU/Divisão de Concessão e Manutenção de Benefícios do RPPU" artSize="12" artNotes="" numberPage="83" pdfPage="http://pesquisa.in.gov.br/imprensa/jsp/visualiza/index.jsp?data=01/08/2025&amp;jornal=529&amp;pagina=83" editionNumber="144" highlightType="" highlightPriority="" highlight="" highlightimage="" highlightimagename="" idMateria="22857019">
  <body>
    <Identifica><![CDATA[ PORTARIA DIAT-RPPU/INSS Nº 520, DE 11 DE JULHO DE 2025]]></Identifica>
    <Data><![CDATA[]]></Data>
    <Ementa />
    <Titulo />
    <SubTitulo />
    <Texto><![CDATA[<p class="identifica">PORTARIA DIAT-RPPU/INSS Nº 520, DE 11 DE JULHO DE 2025</p><p>A CHEFE DA DIVISÃO DE ATENDIMENTO DO REGIME PRÓPRIO DE PREVIDÊNCIA DA UNIÃO, da Coordenação-Geral de Centralização do RPPU, da Diretoria de Gestão de Pessoas do INSS, no uso das atribuições e a delegação de competência estabelecida pela PORTARIA DGP/INSS Nº 05 de 18/04/2022, publicada em BSE de 19/04/2022 e na PORTARIA MPS Nº 3085 de 24/09/2024 publicada em DOU nº 189 de 30/09/2024, resolve:</p><p>Conceder aposentadoria Voluntária a servidora IDABELA VIEIRALVES DE OLIVEIRA ABREU, matrícula SIAPE 3318581, ocupante do cargo de Economista, Classe S, Padrão V, do quadro de pessoal permanente da Superintendência da Zona Franca de Manaus - SUFRAMA, com fundamento no artigo 3º da Emenda Constitucional nº 47 de 5 de julho de 2005, combinado com o artigo 3º da Emenda Constitucional nº 103 de 12 de novembro de 2019, com proventos integrais calculados com base na remuneração do servidor no cargo efetivo em que se der a aposentadoria e demais vantagens a que faz jus, na forma da lei. Observado o contido no processo SEI nº 35014.259045/2025-81 e Protocolo de Requerimento PAT 554068993 do MEU INSS, declarando, em consequência, o referido cargo vago.</p><p>Esta portaria entra em vigor na data de sua publicação.</p><p class="assina">MIRIAN NATSUMI ETO</p>]]></Texto>
  </body>
  <Midias />
</article></xml>