﻿<xml><article id="44717254" name="Port. APO - 6828" idOficio="11139644" pubName="DO2" artType="Portaria" pubDate="01/08/2025" artClass="00025:00110:00001:00000:00000:00000:00000:00000:00000:00000:00017:00002" artCategory="Ministério da Educação/Universidade Federal de Minas Gerais/Reitoria" artSize="12" artNotes="" numberPage="37" pdfPage="http://pesquisa.in.gov.br/imprensa/jsp/visualiza/index.jsp?data=01/08/2025&amp;jornal=529&amp;pagina=37" editionNumber="144" highlightType="" highlightPriority="" highlight="" highlightimage="" highlightimagename="" idMateria="22859213">
  <body>
    <Identifica><![CDATA[ PORTARIA Nº 6.828, DE 11 DE JULHO DE 2025]]></Identifica>
    <Data><![CDATA[]]></Data>
    <Ementa />
    <Titulo />
    <SubTitulo />
    <Texto><![CDATA[<p class="identifica">PORTARIA Nº 6.828, DE 11 DE JULHO DE 2025</p><p>A Reitora da Universidade Federal de Minas Gerais, no uso de suas atribuições e considerando a documentação que instrui o Processo n.° 23072.228297/2025-94, resolve:</p><p>Nos termos do Art. 20, caput e §2º, II, da Emenda Constitucional n.° 103/2019, aposentar Francisco de Assis Caldas, matrícula SIAPE n.° 1479401, ocupante do cargo de Técnico em Contabilidade, Nível de Classificação D, Padrão de Vencimento 19, lotado na Escola de Música, com proventos integrais, por ter provado contar 38 (trinta e oito) anos de contribuição, calculados de acordo com a média aritmética simples das remunerações correspondentes a 100% (cem por cento) do período contributivo desde a competência julho de 1994, conforme o Art. 26, caput e §3º, I, da Emenda Constitucional n.° 103/2019.</p><p class="assina">SANDRA REGINA GOULART ALMEIDA</p>]]></Texto>
  </body>
  <Midias />
</article></xml>