﻿<xml><article id="44718370" name="PORTARIA PARA DOU v1" idOficio="11184568" pubName="DO2" artType="Portaria" pubDate="01/08/2025" artClass="00025:00129:00051:00000:00000:00000:00000:00000:00000:00000:00017:00002" artCategory="Ministério da Educação/Universidade Federal de São Paulo/Pró-Reitoria de Gestão com Pessoas" artSize="12" artNotes="" numberPage="47" pdfPage="http://pesquisa.in.gov.br/imprensa/jsp/visualiza/index.jsp?data=01/08/2025&amp;jornal=529&amp;pagina=47" editionNumber="144" highlightType="" highlightPriority="" highlight="" highlightimage="" highlightimagename="" idMateria="22937452">
  <body>
    <Identifica><![CDATA[ PORTARIAS DE 30 DE JULHO DE 2025]]></Identifica>
    <Data><![CDATA[]]></Data>
    <Ementa />
    <Titulo />
    <SubTitulo />
    <Texto><![CDATA[<p class="identifica">PORTARIAS DE 30 DE JULHO DE 2025</p><p>A Pró-Reitora de Gestão com Pessoas da Universidade Federal de São Paulo, no uso da competência que lhe foi delegada pela Portaria nº 654/2020, publicada no D.O.U. de 13/03/2020, resolve:</p><p>Nº 3.689 - Conceder aposentadoria voluntária à servidora ANA CRISTINA MARTINS DE VASCONCELLOS OSHIRO, matrícula Siape 2151393, ocupante do cargo de Médico- PCCTAE ,Classe E, Padrão de Vencimento 19, do Quadro de Pessoal da Universidade Federal de São Paulo, com base no artigo 20 da EC 103/2019, § 2º, inciso I, com proventos integrais. (Processo nº 23089.016886/2025-42)</p><p>Nº 3.690 - Nº 3.690 Conceder aposentadoria voluntária ao servidor MARCO ANTONIO DE PAULA RAMOS, matrícula Siape 1249739,ocupante do cargo de Médico- PCCTAE ,Classe E, Padrão de Vencimento 19, do Quadro de Pessoal da Universidade Federal de São Paulo, com base no artigo 20 da EC 103/2019, § 2º, inciso I, com proventos integrais. (Processo nº 23089.025981/2025-37)</p><p>Nº 3.691 - Conceder aposentadoria voluntária à servidora MARIA LUIZA ALVES PALAIA, matrícula Siape 1138752, ocupante do cargo de Técnico de Laboratório/Área, Classe D, Padrão de Vencimento 19, do Quadro de Pessoal da Universidade Federal de São Paulo, com base no artigo 3°, incisos I a III e parágrafo único da EC n° 47/2005, c.c. § 1º do Art. 3º da Emenda Constitucional nº 103 de 13/11/19, com proventos integrais. (Processo nº 23089.025975/2025-80).</p><p class="assina">Elaine Damasceno</p>]]></Texto>
  </body>
  <Midias />
</article></xml>