﻿<xml><article id="44720743" name="Port. nA 157_E_158_PRES. FIGUEIR" idOficio="11188823" pubName="DO2" artType="Portaria" pubDate="01/08/2025" artClass="00025:00056:00000:00000:00000:00000:00000:00000:00000:00000:00017:00008" artCategory="Ministério da Educação/Instituto Federal de Educação, Ciência e Tecnologia do Amazonas/Reitoria" artSize="12" artNotes="" numberPage="20" pdfPage="http://pesquisa.in.gov.br/imprensa/jsp/visualiza/index.jsp?data=01/08/2025&amp;jornal=529&amp;pagina=20" editionNumber="144" highlightType="" highlightPriority="" highlight="" highlightimage="" highlightimagename="" idMateria="22944729">
  <body>
    <Identifica><![CDATA[ PORTARIAS-DG/IFAM/CPRF, DE 17 DE JULHO DE 2025]]></Identifica>
    <Data><![CDATA[]]></Data>
    <Ementa />
    <Titulo />
    <SubTitulo />
    <Texto><![CDATA[<p class="identifica">PORTARIAS-DG/IFAM/CPRF, DE 17 DE JULHO DE 2025</p><p>O DIRETOR GERAL DO INSTITUTO FEDERAL DE EDUCAÇÃO, CIÊNCIA E TECNOLOGIA DO AMAZONAS - IFAM - CAMPUS PRESIDENTE FIGUEIREDO, nomeado através da Portaria nº 1.112 - GR/IFAM/2023, de 22 de junho de 2023, publicada no Diário Oficial da União em 23 de junho de 2023, no uso de suas atribuições legais e estatutárias, resolve:</p><p>Nº 157 - DISPENSAR, com efeitos a partir do dia 17/07/2025, o servidor Agnaldo Rodrigues da Silva, matrícula SIAPE nº 1866319, ocupante do cargo de Professor de Ensino Básico, Técnico e Tecnológico EBTT, da Função de Coordenador do Curso de Administração do Campus Presidente Figueiredo, código FCC.</p><p>Art. 1º Agradecer os relevantes serviços prestados pelo servidor durante o período em que esteve como Coordenador.</p><p>Nº 158 - DESIGNAR, com efeitos a partir do dia 17/07/2025, o servidor Jailson Raimundo Negreiros Guimarães, matrícula SIAPE nº 2350314, ocupante do cargo de Professor de Ensino Básico, Técnico e Tecnológico EBTT, para a Função de Coordenador do Curso de Administração do Campus Presidente Figueiredo, código FCC.</p><p class="assina">JACKSON PANTOJA LIMA</p>]]></Texto>
  </body>
  <Midias />
</article></xml>