﻿<xml><article id="44717701" name="PORTARIA SGA NA 1225 AUTORIZAR F" idOficio="11182909" pubName="DO2" artType="Portaria" pubDate="01/08/2025" artClass="00006:00007:00013:00009:00000:00000:00000:00000:00000:00000:00017:00005" artCategory="Presidência da República/Advocacia-Geral da União/Secretaria-Geral de Consultoria/Secretaria de Gestão Administrativa" artSize="12" artNotes="" numberPage="3" pdfPage="http://pesquisa.in.gov.br/imprensa/jsp/visualiza/index.jsp?data=01/08/2025&amp;jornal=529&amp;pagina=3" editionNumber="144" highlightType="" highlightPriority="" highlight="" highlightimage="" highlightimagename="" idMateria="22935347">
  <body>
    <Identifica><![CDATA[ PORTARIA SGA/AGU Nº 1.225, DE 28 DE JULHO DE 2025]]></Identifica>
    <Data><![CDATA[]]></Data>
    <Ementa />
    <Titulo />
    <SubTitulo />
    <Texto><![CDATA[<p class="identifica">PORTARIA SGA/AGU Nº 1.225, DE 28 DE JULHO DE 2025</p><p></p><p><strong>A SECRETÁRIA-GERAL DE ADMINISTRAÇÃO DA ADVOCACIA-GERAL DA UNIÃO</strong>, no uso da competência que lhe foi delegada pelo art. 47, inciso XIII, do Anexo I da Portaria AGU nº 210, de 28 de março de 2019, considerando o disposto na Lei nº 8.112, de 11 de dezembro de 1990, e tendo em vista o que consta no Processo Administrativo nº 10951.004157/2025-85, resolve:</p><p><strong>AUTORIZAR</strong></p><p>o servidor FELIPE ALBUQUERQUE NASCENTES, matrícula Siape nº 1138525, Assistente Técnico Administrativo, atualmente lotado na Secretaria-Geral de Administração e em exercício na Coordenação de Recrutamento, Movimentações e Atos, a exercer a Função Comissionada Executiva, código FCE 1.07, de Chefe da Divisão de Dados de Pessoal e Assuntos Funcionais, da Coordenação de Gestão de Pessoas, da Coordenação-Geral de Desenvolvimento Humano e Institucional, da Procuradoria-Geral Adjunta de Governança e Gestão Estratégica, da Procuradoria-Geral da Fazenda Nacional, a contar de 1º de agosto de 2025.</p><p class="assina">ELISA MONTEIRO MALAFAIA</p>]]></Texto>
  </body>
  <Midias />
</article></xml>