﻿<xml><article id="44718178" name="PORTARIA N 721_22935301" idOficio="11182890" pubName="DO2" artType="Portaria" pubDate="01/08/2025" artClass="00011:00002:00000:00000:00000:00000:00000:00000:00000:00000:00017:00000" artCategory="Ministério das Cidades/Secretaria Executiva" artSize="12" artNotes="" numberPage="5" pdfPage="http://pesquisa.in.gov.br/imprensa/jsp/visualiza/index.jsp?data=01/08/2025&amp;jornal=529&amp;pagina=5" editionNumber="144" highlightType="" highlightPriority="" highlight="" highlightimage="" highlightimagename="" idMateria="22935301">
  <body>
    <Identifica><![CDATA[ PORTARIA N° 721, DE 17 DE JULHO DE 2025]]></Identifica>
    <Data><![CDATA[]]></Data>
    <Ementa />
    <Titulo />
    <SubTitulo />
    <Texto><![CDATA[<p class="identifica">PORTARIA N° 721, DE 17 DE JULHO DE 2025</p><p>O SECRETÁRIO-EXECUTIVO DO MINISTÉRIO DAS CIDADES, no uso da competência que lhe foi subdelegada pelo art. 7º da Portaria MCid nº 535, de 15 de maio de 2023, considerando o disposto no Decreto nº 11.468, de 5 de abril de 2023, e demais informações constantes do Processo SEI nº 80000.001976/2025-03, resolve:</p><p>EXONERAR NATHALY CONCEICAO MUNARINI OTERO do cargo comissionado executivo de Coordenador da Coordenação de Normativos e Assuntos Transversais da Coordenação-Geral de Projetos Estratégicos do Departamento de Gestão Estratégica e Informações da Secretaria-Executiva, código CCE 1.10, deste Ministério.</p><p class="assina">HAILTON MADUREIRA DE ALMEIDA</p>]]></Texto>
  </body>
  <Midias />
</article></xml>