﻿<xml><article id="44717296" name="Ato 335-2025 - RED IHANMARY X SI" idOficio="11188423" pubName="DO2" artType="Ato" pubDate="01/08/2025" artClass="00070:00046:00001:00000:00000:00000:00000:00000:00000:00000:00001:00001" artCategory="Poder Judiciário/Tribunal Regional do Trabalho da 5ª Região/Presidência" artSize="12" artNotes="" numberPage="110" pdfPage="http://pesquisa.in.gov.br/imprensa/jsp/visualiza/index.jsp?data=01/08/2025&amp;jornal=529&amp;pagina=110" editionNumber="144" highlightType="" highlightPriority="" highlight="" highlightimage="" highlightimagename="" idMateria="22944232">
  <body>
    <Identifica><![CDATA[ ATO TRT5 Nº 335, DE 22 DE JULHO DE 2025]]></Identifica>
    <Data><![CDATA[]]></Data>
    <Ementa />
    <Titulo />
    <SubTitulo />
    <Texto><![CDATA[<p class="identifica">ATO TRT5 Nº 335, DE 22 DE JULHO DE 2025</p><p>O PRESIDENTE DO TRIBUNAL REGIONAL DO TRABALHO DA QUINTA REGIÃO, no uso de suas atribuições legais e regimentais, em observância ao disposto na Lei nº 8.112/1990, art. 37, com a nova redação dada pela Lei nº 9.527/1997, com base na Resolução CNJ nº 146/2012 e conforme PROAD nº 7239/2025, resolve:</p><p>REDISTRIBUIR, com efeitos a partir de 1º/08/2025, o cargo de Técnico Judiciário/ Área Administrativa, do quadro permanente de pessoal deste Tribunal Regional do Trabalho da 5ª Região, ocupado pela servidora IHANMARY DAMASCENO DOS SANTOS, tendo por reciprocidade a redistribuição simultânea do cargo de Técnico Judiciário/ Área Administrativa ocupado pela servidora SINARA ISIS MIRANDA DOS SANTOS NASCIMENTO, do quadro permanente de pessoal do Tribunal Regional Eleitoral de São Paulo. Concedo 10 (dez) dias de licença trânsito a Sinara Isis Miranda dos Santos Nascimento.</p><p class="assina">JÉFERSON MURICY</p>]]></Texto>
  </body>
  <Midias />
</article></xml>