﻿<xml><article id="44724029" name="3027_RRETIFICACAO_910991_MT_ERRA" idOficio="11189634" pubName="DO2" artType="Portaria" pubDate="01/08/2025" artClass="00006:00004:02004:00017:00014:00000:00000:00000:00000:00000:00017:00000" artCategory="Presidência da República/Casa Civil/Agência Brasileira de Inteligência/Secretaria de Planejamento e Gestão/Departamento de Gestão de Pessoas" artSize="12" artNotes="" numberPage="2" pdfPage="http://pesquisa.in.gov.br/imprensa/jsp/visualiza/index.jsp?data=01/08/2025&amp;jornal=529&amp;pagina=2" editionNumber="144" highlightType="" highlightPriority="" highlight="" highlightimage="" highlightimagename="" idMateria="22945829">
  <body>
    <Identifica><![CDATA[ RETIFICAÇÃO]]></Identifica>
    <Data><![CDATA[]]></Data>
    <Ementa />
    <Titulo />
    <SubTitulo />
    <Texto><![CDATA[<p class="identifica"><strong>RETIFICAÇÃO</strong></p><p>Na Portaria nº 3.027 de 24 de fevereiro de 2025, da Diretora do Departamento de Gestão de Pessoas da Secretária de Planejamento e Gestão Substituta da Agência Brasileira de Inteligência da Casa Civil da Presidência da República, publicada no Diário Oficial da União nº 39, Seção 2, página 2, de 25 de fevereiro de 2025,</p><p><strong>Onde se lê:</strong>"RESCINDIR,<strong></strong>a contar de 5 de janeiro de 2022, o contrato de trabalho do(a) empregado(a) público(a), matrícula SIAPE nº 1725452 e matrícula ABIN nº 910991."</p><p><strong>Leia-se</strong>: "RESCINDIR,<strong></strong>a contar de 19 de março de 2024, o contrato de trabalho do(a) empregado(a) público(a), matrícula SIAPE nº 1725452 e matrícula ABIN nº 910991."</p>]]></Texto>
  </body>
  <Midias />
</article></xml>