﻿<xml><article id="44718256" name="UFPEL_RTF_Portaria_5048" idOficio="11168573" pubName="DO2" artType="Portaria" pubDate="01/08/2025" artClass="00025:00152:00000:00000:00000:00000:00000:00000:00000:00000:00017:00000" artCategory="Ministério da Educação/Fundação Universidade Federal de Pelotas" artSize="12" artNotes="" numberPage="51" pdfPage="http://pesquisa.in.gov.br/imprensa/jsp/visualiza/index.jsp?data=01/08/2025&amp;jornal=529&amp;pagina=51" editionNumber="144" highlightType="" highlightPriority="" highlight="" highlightimage="" highlightimagename="" idMateria="22911355">
  <body>
    <Identifica><![CDATA[ PORTARIA DE PESSOAL Nº 5.048/UFPEL, DE 25 DE JULHO DE 2025]]></Identifica>
    <Data><![CDATA[]]></Data>
    <Ementa />
    <Titulo />
    <SubTitulo />
    <Texto><![CDATA[<p class="identifica">PORTARIA DE PESSOAL Nº 5.048/UFPEL, DE 25 DE JULHO DE 2025</p><p>A REITORA DA UNIVERSIDADE FEDERAL DE PELOTAS, nomeada pelo Decreto Presidencial de 20 de dezembro de 2024, publicado no Diário Oficial da União em 23 de dezembro de 2024, no uso de suas atribuições legais e o que consta no Processo nº 23110.003869/2025-21, resolve:</p><p>Dispensar a servidora CARINE DAHL CORCINI, ocupante do cargo de Professor do Magistério Superior, SIAPE nº 1806726, SIAPECAD nº 01579592, lotado(a) no(a) Faculdade de Veterinária, da função de Chefe, FG - 01, do(a) Núcleo de Programas e Projetos. Esta Portaria entra em vigor a partir da publicação no Diário Oficial da União.</p><p class="assina">URSULA ROSA DA SILVA</p>]]></Texto>
  </body>
  <Midias />
</article></xml>