﻿<xml><article id="44725085" name="FABIOLA BEATRIZ LEITE MARRA" idOficio="11189904" pubName="DO2" artType="Portaria" pubDate="01/08/2025" artClass="00033:00045:00015:00000:00000:00000:00000:00000:00000:00000:00017:00017" artCategory="Ministério da Justiça e Segurança Pública/Polícia Federal/Diretoria de Gestão de Pessoas/Coordenação-Geral de Gestão de Pessoas/Coordenação de Administração de Pessoas/Serviço de Cadastro" artSize="12" artNotes="" numberPage="75" pdfPage="http://pesquisa.in.gov.br/imprensa/jsp/visualiza/index.jsp?data=01/08/2025&amp;jornal=529&amp;pagina=75" editionNumber="144" highlightType="" highlightPriority="" highlight="" highlightimage="" highlightimagename="" idMateria="22946127">
  <body>
    <Identifica><![CDATA[ PORTARIA DGP/PF Nº 2.765, DE 30 DE JULHO DE 2025]]></Identifica>
    <Data><![CDATA[]]></Data>
    <Ementa />
    <Titulo />
    <SubTitulo />
    <Texto><![CDATA[<p class="identifica">PORTARIA DGP/PF Nº 2.765, DE 30 DE JULHO DE 2025</p><p>O DIRETOR DE GESTÃO DE PESSOAS DA POLÍCIA FEDERAL, no uso das atribuições que lhe são conferidas pelos incisos XIV e XIX do art. 43 do Regimento Interno da Polícia Federal, aprovado pela Portaria MSP nº 155, de 27/09/2018, publicada no Diário Oficial da União nº 200, de 17/10/2018, e tendo em vista o que consta do Processo nº 08500.039798/2025-17, resolve:</p><p>Art. 1° Conceder aposentadoria especial voluntária, com integralidade e paridade, a FABIOLA BEATRIZ LEITE MARRA, matrícula SIAPE nº 1343044, ocupante do cargo de Agente de Polícia Federal, Classe Especial, do Quadro de Pessoal da Polícia Federal, com fundamento no art. 1º, II, "b", da Lei Complementar nº 51/1985, com redação dada pela Lei Complementar nº 144/2014, aplicando-se ao critério de reajuste o disposto no art. 38 da Lei nº 4.878/1965, combinados com o art. 5º, § 3º, da Emenda Constitucional nº 103/2019, com o ajuste determinado pela decisão prolatada na Medida Cautelar em Ação Direta de Inconstitucionalidade nº 7.727/DF, e Parecer AGU nº JL -04, publicado no DOU n.º 114-A, de 17/06/2020.</p><p>Art. 2° Esta portaria entra em vigor na data de sua publicação.</p><p class="assina">GUILHERME MONSEFF DE BIAGI</p>]]></Texto>
  </body>
  <Midias />
</article></xml>