﻿<xml><article id="44722817" name="SGP068" idOficio="11189416" pubName="DO2" artType="Portaria" pubDate="01/08/2025" artClass="00070:00030:00001:00000:00000:00000:00000:00000:00000:00000:00017:00000" artCategory="Poder Judiciário/Tribunal Regional Eleitoral de Pernambuco/Presidência" artSize="12" artNotes="" numberPage="104" pdfPage="http://pesquisa.in.gov.br/imprensa/jsp/visualiza/index.jsp?data=01/08/2025&amp;jornal=529&amp;pagina=104" editionNumber="144" highlightType="" highlightPriority="" highlight="" highlightimage="" highlightimagename="" idMateria="22945519">
  <body>
    <Identifica><![CDATA[ PORTARIA Nº 503, DE 30 DE JULHO DE 2025]]></Identifica>
    <Data><![CDATA[]]></Data>
    <Ementa />
    <Titulo />
    <SubTitulo />
    <Texto><![CDATA[<p class="identifica">PORTARIA Nº 503, DE 30 DE JULHO DE 2025</p><p>O DESEMBARGADOR PRESIDENTE DO TRIBUNAL REGIONAL ELEITORAL DE PERNAMBUCO, no uso de suas atribuições legais, com fundamento no art. 93 da Lei nº 8.112/1990, c/c o art. 3º, § 1º, do Decreto nº 10.835/2021, bem como considerando o contido no Processo SEI nº 0012359-84.2025.6.17.8000, resolve:</p><p>Art. 1º Colocar o servidor AUGUSTO FELIPE DIAS DE MORAIS, Analista Judiciário - Área Judiciária, à disposição da Seção Judiciária de Pernambuco do Tribunal Regional Federal da 5ª Região, para exercer a Função Comissionada de Supervisor-Assistente, código FC-4, na 13ª Vara Federal daquela Seccional, com efeitos a partir de 1º de agosto de 2025, por prazo indeterminado.</p><p>Art. 2º Esta Portaria entra em vigor na data de sua publicação.</p><p class="assina">Des. CÂNDIDO J. F. SARAIVA DE MORAES</p>]]></Texto>
  </body>
  <Midias />
</article></xml>