﻿<xml><article id="44717317" name="Afastamento Renata.docx (1)" idOficio="11188655" pubName="DO2" artType="Despacho" pubDate="01/08/2025" artClass="00032:00001:00005:00000:00000:00000:00000:00000:00000:00000:00013:00005" artCategory="Ministério da Integração e do Desenvolvimento Regional/Gabinete do Ministro/Diretoria de Administração" artSize="12" artNotes="" numberPage="72" pdfPage="http://pesquisa.in.gov.br/imprensa/jsp/visualiza/index.jsp?data=01/08/2025&amp;jornal=529&amp;pagina=72" editionNumber="144" highlightType="" highlightPriority="" highlight="" highlightimage="" highlightimagename="" idMateria="22944550">
  <body>
    <Identifica><![CDATA[ DESPACHO ]]></Identifica>
    <Data><![CDATA[]]></Data>
    <Ementa />
    <Titulo />
    <SubTitulo />
    <Texto><![CDATA[<p class="identifica">DESPACHO</p><p>O DIRETOR DE ADMINISTRAÇÃO DA SECRETARIA EXECUTIVA DO MINISTÉRIO DA INTEGRAÇÃO E DESENVOLVIMENTO REGIONAL, considerando o inciso I, do art. 10 da Portaria SE/MIDR 2.714, de 18 de agosto de 2023, e o Processo Administrativo nº 59000.011772/2025-86, resolve:</p><p>AUTORIZAR o afastamento do País da servidora RENATA ALVES DE OLIVEIRA CARVALHO, matrícula Siape nº 1342423, Chefe da Assessoria Especial de Assuntos Internacionais do Ministério da Integração e do Desenvolvimento Regional, no período 7 a 17 de agosto de 2025, com ônus para este Ministério, para assessorar o Ministro de Estado na missão oficial à República Popular da China, no período de 10 a 16 de agosto de 2025.</p><p class="assina">ALEXANDRE WESSNER KAPPER</p>]]></Texto>
  </body>
  <Midias />
</article></xml>