﻿<xml><article id="44722388" name="12 designa Expedito pra COGPE" idOficio="11189252" pubName="DO2" artType="Portaria" pubDate="01/08/2025" artClass="00025:00077:00014:00000:00000:00000:00000:00000:00000:00000:00017:00002" artCategory="Ministério da Educação/Instituto Federal de Educação, Ciência e Tecnologia do Rio Grande do Norte/Campus Natal-Zona Norte" artSize="12" artNotes="" numberPage="26" pdfPage="http://pesquisa.in.gov.br/imprensa/jsp/visualiza/index.jsp?data=01/08/2025&amp;jornal=529&amp;pagina=26" editionNumber="144" highlightType="" highlightPriority="" highlight="" highlightimage="" highlightimagename="" idMateria="22945223">
  <body>
    <Identifica><![CDATA[ PORTARIA Nº 246, DE 30 DE JULHO DE 2025]]></Identifica>
    <Data><![CDATA[]]></Data>
    <Ementa />
    <Titulo />
    <SubTitulo />
    <Texto><![CDATA[<p class="identifica">PORTARIA Nº 246, DE 30 DE JULHO DE 2025</p><p>O DIRETOR-GERAL DO CAMPUS NATAL - ZONA NORTE DO INSTITUTO FEDERAL DE EDUCAÇÃO, CIÊNCIA E TECNOLOGIA DO RIO GRANDE DO NORTE, no uso de suas atribuições delegadas pela Portaria nº 1.630/2023-RE/IFRN, de 27 de setembro de 2023, e CONSIDERANDO o que consta no processo nº 23058.001519.2025-10, de 29/07/2025, resolve:</p><p>Art. 1° DESIGNAR o servidor Expedito Medeiros Confessôr, matrícula SIAPE nº 1701560, para exercer o cargo de confiança de Coordenador de Gestão de Pessoas (FG.2), integrante da Estrutura Administrativa deste Campus.</p><p>Art. 2° Esta portaria entra em vigor na data de sua publicação.</p><p class="assina">EDMILSON BARBALHO CAMPOS NETO</p>]]></Texto>
  </body>
  <Midias />
</article></xml>