﻿<xml><article id="44720761" name="DESPACHO 23079237387202514" idOficio="11188794" pubName="DO2" artType="Despacho" pubDate="01/08/2025" artClass="00025:00121:00000:00000:00000:00000:00000:00000:00000:00000:00013:00007" artCategory="Ministério da Educação/Universidade Federal do Rio de Janeiro" artSize="12" artNotes="" numberPage="44" pdfPage="http://pesquisa.in.gov.br/imprensa/jsp/visualiza/index.jsp?data=01/08/2025&amp;jornal=529&amp;pagina=44" editionNumber="144" highlightType="" highlightPriority="" highlight="" highlightimage="" highlightimagename="" idMateria="22944702">
  <body>
    <Identifica><![CDATA[ DESPACHO 28 de julho de 2025]]></Identifica>
    <Data><![CDATA[]]></Data>
    <Ementa />
    <Titulo />
    <SubTitulo />
    <Texto><![CDATA[<p class="identifica">DESPACHO 28 de julho de 2025</p><p>O Reitor da Universidade Federal do Rio de Janeiro, no uso da competência que lhe foi subdelegada pela Portaria nº 404/MEC de 23 de abril de 2009, resolve autorizar o afastamento do país do(s) seguinte(s)servidor(es):</p><p>FABIANO DALLA BONA , matrícula SIAPE nº 128****, ocupante do cargo de Professor do Magistério Superior, lotado(a) no(a) Faculdade de Letras , no período de 19/10/2025 a 02/11/2025, para participação no XVI Convegno Internazionale di Studi Leopardiani, junto ao Centro Nazionale Studi Leopardiani, e realização de atividades didáticas e científicas, junto à Università degli Studi di Firenze, respectivamente em Recanati e Florença, Itália - com ônus limitado. (Processo 23079.237387/2025-14)</p><p class="assina">ROBERTO DE ANDRADE MEDRONHO</p>]]></Texto>
  </body>
  <Midias />
</article></xml>