﻿<xml><article id="44724215" name="P4RECIFE23A25" idOficio="11189711" pubName="DO2" artType="Portaria" pubDate="01/08/2025" artClass="00028:00032:00435:00096:00012:00000:00000:00000:00000:00000:00017:00000" artCategory="Ministério da Fazenda/Secretaria Especial da Receita Federal do Brasil/Secretaria-Adjunta/Superintendência Regional da Receita Federal do Brasil 4ª Região Fiscal/Delegacia da Receita Federal do Brasil em Recife" artSize="12" artNotes="" numberPage="62" pdfPage="http://pesquisa.in.gov.br/imprensa/jsp/visualiza/index.jsp?data=01/08/2025&amp;jornal=529&amp;pagina=62" editionNumber="144" highlightType="" highlightPriority="" highlight="" highlightimage="" highlightimagename="" idMateria="22945878">
  <body>
    <Identifica><![CDATA[ portarias DE PESSOAL DRF/REC de 30 de Julho de 2025]]></Identifica>
    <Data><![CDATA[]]></Data>
    <Ementa />
    <Titulo />
    <SubTitulo />
    <Texto><![CDATA[<p class="identifica">portarias DE PESSOAL DRF/REC de 30 de Julho de 2025</p><p>A DELEGADA DA RECEITA FEDERAL DO BRASIL EM RECIFE/PE, no uso da competência que lhe foi subdelegada pelos incisos I e II do art. 10 da Portaria RFB nº 345, de 24 de agosto de 2023, publicada no DOU de 28 de agosto de 2023, e considerando o que consta no Processo Dossiê nº 13083.145319/2025-07, resolve:</p><p>Nº 23 - Dispensar o Auditor-Fiscal da Receita Federal do Brasil MARCOS ANTONIO RIOS FORTE, matrícula Siapecad nº 0076405, da Função Comissionada Executiva de Chefe da Equipe de Equipe de Fiscalização 1 (EFI1) da Delegacia da Receita Federal do Brasil em Recife/PE, Código FCE 1.05.</p><p>Nº 24 - Designar o Auditor-Fiscal da Receita Federal do Brasil RANULFO QUIRINO DOS SANTOS, matrícula Siapecad nº 01218105, na Função Comissionada Executiva de Chefe da Equipe de Equipe de Fiscalização 1 (EFI1) da Delegacia da Receita Federal do Brasil em Recife/PE, Código FCE 1.05.</p><p>Nº 25 - Designar o Auditor-Fiscal da Receita Federal do Brasil EDUARDO JORGE VIEIRA DE ALMEIDA, matrícula SiapeCad nº 0880811, no Encargo de Substituto Eventual da Função Comissionada Executiva de Chefe da Equipe de Fiscalização 6 (EFI6), da Delegacia da Receita Federal do Brasil em Recife/PE, Código FCE 1.05.</p><p class="assina">HELOISA THIANNA BALTAR DE MEDEIROS CABRAL MORAES</p>]]></Texto>
  </body>
  <Midias />
</article></xml>