﻿<xml><article id="44717725" name="590 - LUCAS MAIA PIRES - EXO-DES" idOficio="11184502" pubName="DO2" artType="Portaria" pubDate="01/08/2025" artClass="00070:00004:00001:00002:00000:00000:00000:00000:00000:00000:00017:00006" artCategory="Poder Judiciário/Superior Tribunal de Justiça/Presidência/Secretaria" artSize="12" artNotes="" numberPage="99" pdfPage="http://pesquisa.in.gov.br/imprensa/jsp/visualiza/index.jsp?data=01/08/2025&amp;jornal=529&amp;pagina=99" editionNumber="144" highlightType="" highlightPriority="" highlight="" highlightimage="" highlightimagename="" idMateria="22937355">
  <body>
    <Identifica><![CDATA[ Portaria STJ/GDG Nº 590, DE 29 DE julho DE 2025]]></Identifica>
    <Data><![CDATA[]]></Data>
    <Ementa />
    <Titulo />
    <SubTitulo />
    <Texto><![CDATA[<p class="identifica">Portaria STJ/GDG Nº 590, DE 29 DE julho DE 2025</p><p>O DIRETOR-GERAL DA SECRETARIA DO SUPERIOR TRIBUNAL DE JUSTIÇA, com base no item 21.2.3, XI, b, do Anexo da Instrução Normativa STJ/GP n. 19 de 11 de junho de 2025 e no disposto no art. 35, I, da Lei n. 8.112, de 11 de dezembro de 1990, resolve:</p><p>Art. 1º Efetuar as seguintes alterações no Gabinete do Desembargador Convocado Otávio de Almeida Toledo (origem da vaga: Gabinete da Ministra aposentada Assusete Magalhães):</p><p>I - Exonerar LUCAS MAIA PIRES, matrícula S071239, do cargo em comissão de Assessor A, código CJ-2;</p><p>II - Designar o servidor para a função de confiança de Assistente II, código FC-2, na vaga decorrente da dispensa de João Felipe Ataíde da Cunha Rêgo.</p><p>Art. 2º Esta portaria entra em vigor na data de sua publicação.</p><p class="assina">SERGIO JOSÉ AMERICO PEDREIRA</p>]]></Texto>
  </body>
  <Midias />
</article></xml>