﻿<xml><article id="44718154" name="ATO Portaria SEGEP" idOficio="11187176" pubName="DO2" artType="Portaria" pubDate="01/08/2025" artClass="00047:00002:00021:00042:00007:00000:00000:00000:00000:00000:00017:00000" artCategory="Ministério da Saúde/Secretaria Executiva/Subsecretaria de Assuntos Administrativos/Superintendência Estadual do Ministério da Saúde no Rio Grande do Sul/Serviço de Gestão de Pessoas" artSize="12" artNotes="" numberPage="86" pdfPage="http://pesquisa.in.gov.br/imprensa/jsp/visualiza/index.jsp?data=01/08/2025&amp;jornal=529&amp;pagina=86" editionNumber="144" highlightType="" highlightPriority="" highlight="" highlightimage="" highlightimagename="" idMateria="22941901">
  <body>
    <Identifica><![CDATA[ Portaria SEGEP/RS Nº 19, DE 28 DE julho DE 2025]]></Identifica>
    <Data><![CDATA[]]></Data>
    <Ementa />
    <Titulo />
    <SubTitulo />
    <Texto><![CDATA[<p class="identifica">Portaria SEGEP/RS Nº 19, DE 28 DE julho DE 2025</p><p>A Chefe do Serviço de Gestão de Pessoas da Superintendência Estadual do Ministério da Saúde no Estado do Rio Grande do Sul, de acordo Apostilamento publicado no Boletim de Serviço Eletrônico n.º 9 de 24 de janeiro de 2023 - Edição Extraordinária, resolve:</p><p>Conceder aposentadoria ao servidor CARLOS ALBERTO NOAL, matrícula 0553331, ocupante do cargo de Médico, Classe S, Padrão III, Nível NS, do quadro permanente deste Ministério, com fundamento na EC103 3º EC47 3º, com proventos calculados com base na última remuneração + gratificação de desempenho. (Processo nº 25025.001358/2025-69).</p><p class="assina">LUIZA DA SILVA COSTA</p>]]></Texto>
  </body>
  <Midias />
</article></xml>