﻿<xml><article id="44717125" name="02 A 205 RCO JONAS FERREIRA LIMA" idOficio="11177993" pubName="DO2" artType="Ato" pubDate="01/08/2025" artClass="00070:00043:00000:00000:00000:00000:00000:00000:00000:00000:00001:00000" artCategory="Poder Judiciário/Tribunal Regional do Trabalho da 2ª Região" artSize="12" artNotes="" numberPage="108" pdfPage="http://pesquisa.in.gov.br/imprensa/jsp/visualiza/index.jsp?data=01/08/2025&amp;jornal=529&amp;pagina=108" editionNumber="144" highlightType="" highlightPriority="" highlight="" highlightimage="" highlightimagename="" idMateria="22926134">
  <body>
    <Identifica><![CDATA[ ATO PR Nº 205, DE 24 DE JULHO DE 2025]]></Identifica>
    <Data><![CDATA[]]></Data>
    <Ementa />
    <Titulo />
    <SubTitulo />
    <Texto><![CDATA[<p class="identifica">ATO PR Nº 205, DE 24 DE JULHO DE 2025</p><p>O DESEMBARGADOR PRESIDENTE DO TRIBUNAL REGIONAL DO TRABALHO DA 2ª REGIÃO, no uso de suas atribuições legais e regimentais, considerando o disposto no artigo 37 da Lei nº 8.112/1990, com a redação dada pela Lei nº 9.527/1997; de acordo com a Resolução nº 146/2012, do C. Conselho Nacional da Justiça; e conforme o que consta do Processo de Redistribuição PROAD nº 68660/2024, resolve:</p><p>Art. 1º Redistribuir o cargo de Técnico Judiciário, Área Administrativa, do Quadro Permanente da Secretaria do Tribunal Regional do Trabalho da 2ª Região, ocupado pelo servidor, matrícula nº JONAS FERREIRA LIMA 109916, para o Quadro de Pessoal do Tribunal Regional do Trabalho da 22ª Região, por meio de uma triangulação em que o cargo de Técnico Judiciário, Área Administrativa, ocupado pelo servidor ALMEZIR VIANA MOURA, do Tribunal Regional do Trabalho da 22ª Região, será redistribuído para o Quadro de Pessoal da Justiça Federal de Primeiro Grau da 1ª Região, Seção Judiciária de Goiás, Subseção Judiciária de Anápolis, e o cargo de Técnico Judiciário, Área Administrativa, ocupado pela servidora ANA FLÁVIA LANG PIRES, do Quadro de Pessoal da Justiça Federal de Primeiro Grau da 1ª Região, Seção Judiciária de Goiás, Subseção Judiciária de Anápolis, será redistribuído para o Tribunal Regional do Trabalho da 2ª Região.</p><p>Art. 2º Conceder Licença-Trânsito de 10 (dez) dias à servidora ANA FLÁVIA LANG PIRES, nos termos do art. 18 da Lei nº 8.112/90 c/c o art. 7º da Resolução CNJ nº 146/2012.</p><p>Art. 3º Este Ato PR entra em vigor na data de sua publicação.</p><p class="assina">VALDIR FLORINDO</p>]]></Texto>
  </body>
  <Midias />
</article></xml>