﻿<xml><article id="44724515" name="PORTARIA SEG 1253" idOficio="11189779" pubName="DO2" artType="Portaria" pubDate="01/08/2025" artClass="00070:00041:00002:00003:00000:00000:00000:00000:00000:00000:00017:00000" artCategory="Poder Judiciário/Tribunal de Justiça do Distrito Federal e dos Territórios/Presidência/Secretaria-Geral" artSize="12" artNotes="" numberPage="106" pdfPage="http://pesquisa.in.gov.br/imprensa/jsp/visualiza/index.jsp?data=01/08/2025&amp;jornal=529&amp;pagina=106" editionNumber="144" highlightType="" highlightPriority="" highlight="" highlightimage="" highlightimagename="" idMateria="22945962">
  <body>
    <Identifica><![CDATA[ PORTARIA SEG Nº 1.253, DE 25 DE JULHO DE 2025]]></Identifica>
    <Data><![CDATA[]]></Data>
    <Ementa />
    <Titulo />
    <SubTitulo />
    <Texto><![CDATA[<p class="identifica">PORTARIA SEG Nº 1.253, DE 25 DE JULHO DE 2025</p><p>O SECRETÁRIO-GERAL DO TRIBUNAL DE JUSTIÇA DO DISTRITO FEDERAL E DOS TERRITÓRIOS, no uso de sua competência delegada pelo art. 1º, incisos I e II da Portaria GPR 1235, de 9 de maio de 2024, e tendo em vista o contido no PA N. 1024344/2025, resolve:</p><p>Art. 1º Designar ANDREA FARIAS DE FREITAS, matrícula N. 310.530, Técnico Judiciário, Área Administrativa, do Quadro de Pessoal deste Tribunal, para exercer a Função Comissionada, FC-02, de Auxiliar Especializado da Secretaria da Segunda Turma Criminal, ficando dispensada SIDLENI DA SILVA CAMPOS, matrícula N. 313.958, Técnico Judiciário, Área Administrativa, do Quadro de Pessoal deste Tribunal.</p><p>Art. 2º Esta Portaria entra em vigor na data de sua publicação.</p><p class="assina">CELSO DE OLIVEIRA E SOUSA NETO</p>]]></Texto>
  </body>
  <Midias />
</article></xml>