﻿<xml><article id="44717077" name="PORTARIA 4.120 1PC_EXONERACAO_VE" idOficio="11188257" pubName="DO2" artType="Portaria" pubDate="01/08/2025" artClass="00016:00010:00012:00007:00000:00000:00000:00000:00000:00000:00017:00000" artCategory="Ministério da Defesa/Comando da Aeronáutica/Comando-Geral do Pessoal/Diretoria de Administração do Pessoal" artSize="12" artNotes="" numberPage="10" pdfPage="http://pesquisa.in.gov.br/imprensa/jsp/visualiza/index.jsp?data=01/08/2025&amp;jornal=529&amp;pagina=10" editionNumber="144" highlightType="" highlightPriority="" highlight="" highlightimage="" highlightimagename="" idMateria="22944044">
  <body>
    <Identifica><![CDATA[ PORTARIA DIRAP Nº 4.120/1PC, DE 30 DE JULHO DE 2025]]></Identifica>
    <Data><![CDATA[]]></Data>
    <Ementa />
    <Titulo />
    <SubTitulo />
    <Texto><![CDATA[<p class="identifica">PORTARIA DIRAP Nº 4.120/1PC, DE 30 DE JULHO DE 2025</p><p>O DIRETOR DE ADMINISTRAÇÃO DO PESSOAL, no uso da competência que lhe foi subdelegada pelo Art. 1º, inciso IX, da Portaria nº 377/GC3, de 7 de julho de 2011, publicada no DOU nº 130, Seção 1, de 8 de julho de 2011, alterada pela Portaria nº 340/GC3, de 7 de março de 2017, publicada no DOU nº 46, de 8 de março de 2017, considerando o Decreto nº 11.237, de 18 de outubro de 2022, e o que consta no Processo nº 67400.005313/2025-89, resolve:</p><p>Art. 1º Exonerar, ex offício, VERA LUCIA DE OLIVEIRA SOUZA, SIAPE nº 0188619, do Cargo Comissionado Executivo de Assistente Técnico, CCE 2.05, do Comando-Geral do Pessoal, a contar de 31 de julho de 2025.</p><p>Art. 2º Esta Portaria entra em vigor na data de sua publicação.</p><p class="assina">Maj Brig Ar LUIZ GUILHERME DA SILVA MAGARÃO</p>]]></Texto>
  </body>
  <Midias />
</article></xml>