﻿<xml><article id="44725223" name="1040" idOficio="11189947" pubName="DO2" artType="Portaria" pubDate="01/08/2025" artClass="00025:00149:00001:00000:00000:00000:00000:00000:00000:00000:00017:00004" artCategory="Ministério da Educação/Fundação Universidade Federal do Mato Grosso do Sul/Reitoria" artSize="12" artNotes="" numberPage="51" pdfPage="http://pesquisa.in.gov.br/imprensa/jsp/visualiza/index.jsp?data=01/08/2025&amp;jornal=529&amp;pagina=51" editionNumber="144" highlightType="" highlightPriority="" highlight="" highlightimage="" highlightimagename="" idMateria="22946186">
  <body>
    <Identifica><![CDATA[ PORTARIA Nº 1.040-RTR/UFMS DE 30 DE JUlHO DE 2025]]></Identifica>
    <Data><![CDATA[]]></Data>
    <Ementa />
    <Titulo />
    <SubTitulo />
    <Texto><![CDATA[<p class="identifica">PORTARIA Nº 1.040-RTR/UFMS DE 30 DE JUlHO DE 2025</p><p>A REITORA DA FUNDAÇÃO UNIVERSIDADE FEDERAL DE MATO GROSSO DO SUL, no uso de suas atribuições legais, e tendo em vista o disposto no inciso VIII do art. 33 da Lei nº 8.112, de 11 de dezembro de 1990, e considerando o condo no Processo nº 23104.019453/2025-11, resolve:</p><p>Declarar vago, a contar de 29 de julho de 2025, o cargo de Professor do Magistério Superior, Classe Assistente, Nível 01, com Doutorado, em regime de Dedicação Exclusiva, ocupado pela Servidora MARILIA RULLI STEFANINI, código de vaga 0933714, lotada no Câmpus de Três Lagoas, em decorrência de posse em outro cargo inacumulável na Universidade Estadual de Mato Grosso do Sul, para o qual foi nomeada conforme Portaria nº 786, publicada no Diário Oficial Eletrônico de 4 de julho de 2025.</p><p class="assina">CAMILA CELESTE BRANDÃO FERREIRA ÍTAVO</p>]]></Texto>
  </body>
  <Midias />
</article></xml>