﻿<xml><article id="44718376" name="PORTS CGGP." idOficio="11188458" pubName="DO2" artType="Portaria" pubDate="01/08/2025" artClass="00034:00062:00031:00003:00000:00000:00000:00000:00000:00000:00017:00001" artCategory="Ministério do Meio Ambiente e Mudança do Clima/Instituto Brasileiro do Meio Ambiente e dos Recursos Naturais Renováveis/Diretoria de Planejamento, Administração e Logística/Coordenação-Geral de Gestão de Pessoas" artSize="12" artNotes="" numberPage="78" pdfPage="http://pesquisa.in.gov.br/imprensa/jsp/visualiza/index.jsp?data=01/08/2025&amp;jornal=529&amp;pagina=78" editionNumber="144" highlightType="" highlightPriority="" highlight="" highlightimage="" highlightimagename="" idMateria="22944302">
  <body>
    <Identifica><![CDATA[ PORTARIA DE PESSOAL CGGP/DIPLAN/IBAMA Nº 1.629, DE 29 DE JULHO DE 2025]]></Identifica>
    <Data><![CDATA[]]></Data>
    <Ementa />
    <Titulo />
    <SubTitulo />
    <Texto><![CDATA[<p class="identifica">PORTARIA DE PESSOAL CGGP/DIPLAN/IBAMA Nº 1.629, DE 29 DE JULHO DE 2025</p><p>A COORDENADORA-GERAL DE GESTÃO DE PESSOAS DO INSTITUTO BRASILEIRO DO MEIO AMBIENTE E DOS RECURSOS NATURAIS RENOVÁVEIS - Ibama no uso das atribuições que lhe confere a Portaria nº 2.204, de 01 de agosto de 2018, e considerando o que consta no processo administrativo nº 02001.027414/2024-87, resolve:</p><p>Art. 1º Cancelar o benefício de pensão por morte concedida à senhora RITA DE CÁSSIA OSÓRIO BESSA, matrícula SIAPE nº 0124****, na qualidade de filha maior de 21 anos solteira do ex-servidor FERNANDO BESSA, matrícula SIAPE 102****, em decorrência de apuração de irregularidades apontadas pelo Tribunal de Contas da União, nos termos do inciso I, parágrafo único, do artigo 41, da Portaria SGP/SEDGG/ME nº 4.645/2022 e Jurisprudência TCU, com efeitos financeiros a contar de 01 de agosto de 2025.</p><p class="identifica">PORTARIA DE PESSOAL CGGP/DIPLAN/IBAMA Nº 1.646, DE 30 DE JULHO DE 2025</p><p>A COORDENADORA-GERAL DE GESTÃO DE PESSOAS DO INSTITUTO BRASILEIRO DO MEIO AMBIENTE E DOS RECURSOS NATURAIS RENOVÁVEIS - Ibama, no uso das atribuições que lhe confere a Portaria nº 2.204, de 01 de agosto de 2018, e considerando o que consta no processo administrativo nº 02004.000974/2025-45, resolve:</p><p>Conceder, em virtude do falecimento do servidor LEOZILDO TABAJARA DA SILVA BENJAMIM, matrícula SIAPE nº 684***, aposentado no cargo de Analista Ambiental, Classe "S", Padrão V, a partir de 28 de junho de 2025, data do óbito, pensão vitalícia à JANETE FERREIRA GOMES BENJAMIM, na qualidade de cônjuge, com fundamento no artigo 40, § 7º e § 18, e no artigo 37, inciso XI, da Constituição Federal, combinado com o art. 3º, § 1º, artigos 23 e 24 da Emenda Constitucional nº 103, de 12 de novembro de 2019, e nos termos dos artigos 215, 217, inciso I, e 222, inciso VII, alínea "b" item 6, da Lei nº 8.112, de 11 de dezembro de 1990, com a redação dada pelas Leis nº 13.135, de 17 de junho de 2015 e nº 13.846 de 18 de junho de 2019, pela Portaria n. 424, de 29 de dezembro de 2020, e pela Portaria SGP/SEDGG/ME Nº 4645, DE 24 DE MAIO DE 2022.</p><p class="assina">ANDRÉA MARIA DE MARQUE</p>]]></Texto>
  </body>
  <Midias />
</article></xml>