﻿<xml><article id="44717965" name="Portaria de Pessoal - 2028 - DIA" idOficio="11188227" pubName="DO2" artType="Portaria" pubDate="01/08/2025" artClass="00025:00102:00000:00000:00000:00000:00000:00000:00000:00000:00013:00006" artCategory="Ministério da Educação/Universidade Federal Fluminense" artSize="12" artNotes="" numberPage="34" pdfPage="http://pesquisa.in.gov.br/imprensa/jsp/visualiza/index.jsp?data=01/08/2025&amp;jornal=529&amp;pagina=34" editionNumber="144" highlightType="" highlightPriority="" highlight="" highlightimage="" highlightimagename="" idMateria="22943885">
  <body>
    <Identifica><![CDATA[ PORTARIA Nº 2.028, DE 25 DE julho DE 2025]]></Identifica>
    <Data><![CDATA[]]></Data>
    <Ementa />
    <Titulo />
    <SubTitulo />
    <Texto><![CDATA[<p class="identifica">PORTARIA Nº 2.028, DE 25 DE julho DE 2025</p><p>O REITOR DA UNIVERSIDADE FEDERAL FLUMINENSE, no uso de suas atribuições, e tendo em vista o que consta do Processo UFF n.º 23069.150581/2025-05, resolve:</p><p>Conceder aposentadoria voluntária a DIANNE MELO MACHADO, matrícula SIAPE nº 2126745, ocupante do cargo de Médico, código 701047, Nível de Classificação E, Padrão de Vencimentos 19, do Quadro de Pessoal Permanente desta Universidade, código de vaga 233667, com fundamento no artigo 20, § 2º, Inciso I da Emenda Constitucional nº 103/19, com proventos integrais, cumulativamente com o adicional por tempo de serviço no percentual de 2% (dois por cento).</p><p class="assina">ANTONIO CLAUDIO LUCAS DA NOBREGA</p>]]></Texto>
  </body>
  <Midias />
</article></xml>