﻿<xml><article id="44718226" name="TRT01082025060" idOficio="11184993" pubName="DO2" artType="Portaria" pubDate="01/08/2025" artClass="00070:00064:00002:00000:00000:00000:00000:00000:00000:00000:00017:00000" artCategory="Poder Judiciário/Tribunal Regional do Trabalho da 22ª Região/Diretoria-Geral de Administração" artSize="12" artNotes="" numberPage="113" pdfPage="http://pesquisa.in.gov.br/imprensa/jsp/visualiza/index.jsp?data=01/08/2025&amp;jornal=529&amp;pagina=113" editionNumber="144" highlightType="" highlightPriority="" highlight="" highlightimage="" highlightimagename="" idMateria="22938665">
  <body>
    <Identifica><![CDATA[ PORTARIA GP nº 320, DE 30 DE JULHO DE 2025]]></Identifica>
    <Data><![CDATA[]]></Data>
    <Ementa />
    <Titulo />
    <SubTitulo />
    <Texto><![CDATA[<p class="identifica">PORTARIA GP nº 320, DE 30 DE JULHO DE 2025</p><p>O DESEMBARGADOR-Presidente do Tribunal Regional do Trabalho da 22ª Região, no uso de suas atribuições legais e regimentais, com fulcro no artigo 37, I a VI da Lei 8.112/90 c/c os arts. 2º e 6º da Resolução nº 146 do CNJ; CONSIDERANDO o Processo Administrativo nº 6361/2024 (Resolução Administrativa nº 58/2025) deste Tribunal e a anuência do Tribunal Regional do Trabalho da 2ª Região e do Tribunal Regional Federal da 1ª Região, resolve:</p><p>1 - REDISTRIBUIR o cargo efetivo da Carreira Judiciária de Técnico Judiciário, Área Administrativa - Sem Especialidade, do Quadro Permanente de Pessoal da Secretaria deste Tribunal, ocupado pelo servidor ALMEZIR VIANA MOURA, para o Quadro Permanente de Pessoal do Tribunal Regional Federal da 1ª Região em reciprocidade à redistribuição do cargo efetivo de Técnico Judiciário, Área Administrativa, do Tribunal Regional Federal da 1ª Região, ocupado pela servidora ANA FLÁVIA LANG PIRES, para o Tribunal Regional do Trabalho da 2ª Região, em contrapartida com a redistribuição para este Tribunal do cargo efetivo de Técnico Judiciário, Área Administrativa, do Tribunal Regional do Trabalho da 2ª Região, ocupado pelo servidor JONAS FERREIRA LIMA, com efeitos a contar de 1º de agosto de 2025.</p><p>2 - INCLUIR no Quadro Permanente de Pessoal do Tribunal Regional do Trabalho da 22ª Região, o cargo de Técnico Judiciário, Área Administrativa, Sem Especialidade originário do Tribunal Regional do Trabalho da 2ª Região, referenciado acima, com efeitos a contar de 1º de agosto de 2025.</p><p>3 - CONCEDER ao servidor JONAS FERREIRA LIMA 10 (dez) dias para retomar o efetivo desempenho das atribuições do cargo, nos termos do art. 18. da Lei nº 8.112/90.</p><p class="assina">Des. TÉSSIO DA SILVA TÔRRES</p>]]></Texto>
  </body>
  <Midias />
</article></xml>