﻿<xml><article id="44717638" name="retificacoes DOU - 31.07.2025" idOficio="11188567" pubName="DO2" artType="Retificação" pubDate="01/08/2025" artClass="00047:00002:00021:00020:00005:00000:00000:00000:00000:00000:00021:00000" artCategory="Ministério da Saúde/Secretaria Executiva/Subsecretaria de Assuntos Administrativos/Superintendência Estadual do Ministério da Saúde em Mato Grosso do Sul/Serviço de Gestão de Pessoas" artSize="12" artNotes="" numberPage="85" pdfPage="http://pesquisa.in.gov.br/imprensa/jsp/visualiza/index.jsp?data=01/08/2025&amp;jornal=529&amp;pagina=85" editionNumber="144" highlightType="" highlightPriority="" highlight="" highlightimage="" highlightimagename="" idMateria="22944407">
  <body>
    <Identifica><![CDATA[ RETIFICAÇÃO]]></Identifica>
    <Data><![CDATA[]]></Data>
    <Ementa />
    <Titulo />
    <SubTitulo />
    <Texto><![CDATA[<p class="identifica">RETIFICAÇÃO</p><p>Na Portaria nº 68, do Serviço de Gestão de Pessoas da Superintendência do Ministério da Saúde no Mato Grosso do Sul, publicada na Seção 2, página 42, do DOU Nº 126, de 8 de julho de 2025,</p><p>Onde se lê "no cargo de Agente Administrativo (422/203)",</p><p>Leia-se "no cargo de Agente de Saúde Pública (422/218)".</p>]]></Texto>
  </body>
  <Midias />
</article></xml>