﻿<xml><article id="44721968" name="PORTARIA N 601_22945096" idOficio="11189132" pubName="DO2" artType="Portaria" pubDate="01/08/2025" artClass="00025:00109:00000:00000:00000:00000:00000:00000:00000:00000:00017:00000" artCategory="Ministério da Educação/Universidade Federal de Lavras" artSize="12" artNotes="" numberPage="36" pdfPage="http://pesquisa.in.gov.br/imprensa/jsp/visualiza/index.jsp?data=01/08/2025&amp;jornal=529&amp;pagina=36" editionNumber="144" highlightType="" highlightPriority="" highlight="" highlightimage="" highlightimagename="" idMateria="22945096">
  <body>
    <Identifica><![CDATA[ PORTARIA Nº 601, DE 28 DE JULHO DE 2025]]></Identifica>
    <Data><![CDATA[]]></Data>
    <Ementa />
    <Titulo />
    <SubTitulo />
    <Texto><![CDATA[<p class="identifica">PORTARIA Nº 601, DE 28 DE JULHO DE 2025</p><p>O REITOR EM EXERCÍCIO DA UNIVERSIDADE FEDERAL DE LAVRAS, no uso de suas atribuições legais e regimentais, e tendo em vista o que consta nos autos do Processo nº 23090.000174/2025-72, resolve:</p><p>Art. 1º Conceder aposentadoria voluntária por tempo de contribuição, com proventos integrais, ao servidor Luiz Marcelo Antonialli, matrícula SIAPE nº 395979 e matrícula de origem nº 140530, ocupante do cargo de Professor do Magistério Superior, denominação Titular, Classe D, pertencente ao Quadro Permanente desta Universidade Federal de Lavras, lotado no Departamento de Administração e Economia da Faculdade de Ciências Sociais Aplicadas, nos termos do art. 20, § 2º, inciso I, da Emenda Constitucional nº 103/2019, declarando a vacância do cargo de vaga nº 306784.</p><p>Art. 2º Esta Portaria entra em vigor na data de sua publicação no Diário Oficial da União.</p><p class="assina">JACKSON ANTÔNIO BARBOSA</p>]]></Texto>
  </body>
  <Midias />
</article></xml>