﻿<xml><article id="44717383" name="PORTARIA DE PESSOAL MEMP NA 53 D" idOficio="11188717" pubName="DO2" artType="Portaria" pubDate="01/08/2025" artClass="00026:00001:00000:00000:00000:00000:00000:00000:00000:00000:00017:00000" artCategory="Ministério do Empreendedorismo, da Microempresa e da Empresa de Pequeno Porte/Gabinete do Ministro" artSize="12" artNotes="" numberPage="55" pdfPage="http://pesquisa.in.gov.br/imprensa/jsp/visualiza/index.jsp?data=01/08/2025&amp;jornal=529&amp;pagina=55" editionNumber="144" highlightType="" highlightPriority="" highlight="" highlightimage="" highlightimagename="" idMateria="22944603">
  <body>
    <Identifica><![CDATA[ PORTARIA DE PESSOAL MEMP Nº 53, DE 29 DE JULHO DE 2025]]></Identifica>
    <Data><![CDATA[]]></Data>
    <Ementa />
    <Titulo />
    <SubTitulo />
    <Texto><![CDATA[<p class="identifica">PORTARIA DE PESSOAL MEMP Nº 53, DE 29 DE JULHO DE 2025</p><p>O MINISTRO DE ESTADO DO EMPREENDEDORISMO, DA MICROEMPRESA E DA EMPRESA DE PEQUENO PORTE, no uso das atribuições que lhe confere o art. 87, parágrafo único, inciso IV, da Constituição Federal, considerando o disposto no Decreto nº 11.725, de 4 de outubro de 2023, no art. 6º do Decreto nº 9.794, de 14 de maio de 2019, com suas alterações, e demais informações que constam do Processo nº 16100.002696/2025-87, resolve:</p><p>Exonerar, a pedido, a contar de 28 de julho de 2025, VINÍCIUS MARCHIORATO PACÍFICO, CPF nº ***.689.638-**, do Cargo Comissionado Executivo de Coordenador de Assuntos Parlamentares, código CCE 1.10, da Coordenação-Geral de Assuntos Parlamentares da Assessoria Especial de Assuntos Parlamentares e Federativos, do Ministério do Empreendedorismo, da Microempresa e da Empresa de Pequeno Porte.</p><p class="assina">MÁRCIO LUIZ FRANÇA GOMES</p>]]></Texto>
  </body>
  <Midias />
</article></xml>