﻿<xml><article id="44721082" name="PORTARIA 31-07" idOficio="11188971" pubName="DO2" artType="Portaria" pubDate="01/08/2025" artClass="00025:00069:00001:00000:00000:00000:00000:00000:00000:00000:00017:00000" artCategory="Ministério da Educação/Instituto Federal de Educação, Ciência e Tecnologia de Mato Grosso do Sul/Reitoria" artSize="12" artNotes="" numberPage="25" pdfPage="http://pesquisa.in.gov.br/imprensa/jsp/visualiza/index.jsp?data=01/08/2025&amp;jornal=529&amp;pagina=25" editionNumber="144" highlightType="" highlightPriority="" highlight="" highlightimage="" highlightimagename="" idMateria="22944863">
  <body>
    <Identifica><![CDATA[ PORTARIA Nº 780, DE 31 DE JULHO DE 2025]]></Identifica>
    <Data><![CDATA[]]></Data>
    <Ementa />
    <Titulo />
    <SubTitulo />
    <Texto><![CDATA[<p class="identifica">PORTARIA Nº 780, DE 31 DE JULHO DE 2025</p><p>O REITOR EM EXERCÍCIO DO INSTITUTO FEDERAL DE EDUCAÇÃO, CIÊNCIA E TECNOLOGIA DE MATO GROSSO DO SUL (IFMS), no uso de suas atribuições legais, considerando a Portaria nº 1092, de 20 de agosto de 2024, publicada no Diário Oficial da União de 23 de setembro de 2024, seção 2, pág. 24, resolve:</p><p>Art. 1º Designar a servidora a CLEUNICE PEREIRA DA SILVA, Siape nº 1799243, ocupante do cargo efetivo de Contador, lotada na Reitoria, para exercer a função de Coordenadora de Contabilidade (COTAB) da Pró-Reitoria de Administração (Proad) do Instituto Federal de Educação, Ciência e Tecnologia de Mato Grosso do Sul, código FG-1.</p><p>Art. 2º Atribuir-lhe responsabilidade pelos encargos inerentes à função.</p><p>Art. 3º Esta portaria entra em vigor na data de sua publicação.</p><p class="assina">Edvanio Chagas</p>]]></Texto>
  </body>
  <Midias />
</article></xml>