﻿<xml><article id="44728599" name="PORTARIA 430" idOficio="11189161" pubName="DO2" artType="Portaria" pubDate="01/08/2025" artClass="00071:00039:00000:00000:00000:00000:00000:00000:00000:00000:00017:00000" artCategory="Entidades de Fiscalização do Exercício das Profissões Liberais/Conselho Federal de Educação Física" artSize="12" artNotes="" numberPage="114" pdfPage="http://pesquisa.in.gov.br/imprensa/jsp/visualiza/index.jsp?data=01/08/2025&amp;jornal=529&amp;pagina=114" editionNumber="144" highlightType="" highlightPriority="" highlight="" highlightimage="" highlightimagename="" idMateria="22945154">
  <body>
    <Identifica><![CDATA[ PORTARIA CONFEF nº 430, DE 30 DE JULHO DE 2025]]></Identifica>
    <Data><![CDATA[]]></Data>
    <Ementa />
    <Titulo />
    <SubTitulo />
    <Texto><![CDATA[<p class="identifica">PORTARIA CONFEF nº 430, DE 30 DE JULHO DE 2025</p><p>O PRESIDENTE DO CONSELHO FEDERAL DE EDUCAÇÃO FÍSICA - CONFEF, no uso de suas atribuições regimentais, conforme dispõe o inciso XI, artigo 69, e:</p><p>CONSIDERANDO, a Resolução CONFEF nº 198, de 10 de dezembro de 2009, publicada no Diário Oficial da União de 1º de fevereiro de 2010, que dispõe sobre a necessidade da publicação no Diário Oficial da União das Portarias CONFEF referentes às contratações de empregados e comissionados e dá outras providências, delibera:</p><p>Art. 1º - Comunicar a contratação para o exercício dos cargos temporários de Analista do CONFEF dos seguintes aprovados no Processo Seletivo Simplificado CONFEF nº 01/2025:</p><p>I - José M. de A. F., inscrito no CPF sob o nº 998.XXX.XXX-20, para o cargo de Analista Contábil, em 11 de Abril de 2025;</p><p>II - Ana Paula M. da S., inscrita no CPF sob o nº 086.XXX.XXX-02, para o cargo de Analista Contábil, em 11 de Abril de 2025;</p><p>III - Daise O. C., inscrita no CPF sob o nº 080.XXX.XXX-00, para o cargo de Analista Contábil, em 11 de Abril de 2025;</p><p>IV - Kamila B. da S., inscrita no CPF sob o nº 009.XXX.XXX-22, para o cargo de Analista de Projetos, em 11 de Abril de 2025;</p><p>V - Keila B. M. dos S. M., inscrita no CPF sob o nº 124.XXX.XXX-48, para o cargo de Analista Administrativo, em 14 de Abril de 2025;</p><p>VI - Daniela de S. F., inscrita no CPF sob o nº 103.XXX.XXX-28, para o cargo de Analista Administrativo, em 14 de Abril de 2025;</p><p>VII - Adriana T. S., inscrita no CPF sob o nº 052.XXX.XXX-22, para o cargo de Analista Jurídico, em 14 de Abril de 2025;</p><p>VIII - Diego S. B. de S., inscrito no CPF sob o nº 058.XXX.XXX-66, para o cargo de Analista Administrativo, em 02 de Junho de 2025;</p><p>IX - André Luiz V. S., inscrito no CPF sob o nº 144.XXX.XXX-52, para o cargo de Analista Jurídico, em 02 de Junho de 2025;</p><p>X - Viviane Maria da S. M., inscrita no CPF sob o nº 048.XXX.XXX-96, para o cargo de Analista Administrativo, em 15 de Julho de 2025.</p><p>Art. 2º - Comunicar a contratação da Sra. Janaina Beatriz B. N., inscrita no CPF sob o nº 121.XXX.XXX-08, aprovada no Processo Seletivo Simplificado CONFEF nº 01/2025, a partir de 04 de Agosto de 2025, para o exercício do cargo temporário de Analista Contábil do CONFEF.</p><p>Art. 3º - A presente Portaria entra em vigor a partir desta data, com efeito retroativo a data das contratações.</p><p class="assina">CLAUDIO AUGUSTO BOSCHI</p>]]></Texto>
  </body>
  <Midias />
</article></xml>