﻿<xml><article id="44721890" name="Portaria nA 111 - 2025 -Pensao -" idOficio="11189120" pubName="DO2" artType="Portaria" pubDate="01/08/2025" artClass="00008:00002:00013:00000:00000:00000:00000:00000:00000:00000:00017:00000" artCategory="Ministério da Agricultura e Pecuária/Secretaria Executiva/Superintendência de Agricultura e Pecuária do Estado de Goiás" artSize="12" artNotes="" numberPage="4" pdfPage="http://pesquisa.in.gov.br/imprensa/jsp/visualiza/index.jsp?data=01/08/2025&amp;jornal=529&amp;pagina=4" editionNumber="144" highlightType="" highlightPriority="" highlight="" highlightimage="" highlightimagename="" idMateria="22945080">
  <body>
    <Identifica><![CDATA[ PORTARIA DE PESSOAL MAPA Nº 111, DE 24 DE JULHO DE 2025]]></Identifica>
    <Data><![CDATA[]]></Data>
    <Ementa />
    <Titulo />
    <SubTitulo />
    <Texto><![CDATA[<p class="identifica">PORTARIA DE PESSOAL MAPA Nº 111, DE 24 DE JULHO DE 2025</p><p>O Superintendente de Agricultura e Pecuária do Estado de Goiás no uso de suas atribuições, tendo em vista o disposto no inciso VI do artigo 262 e no inciso VII do artigo 292 do Regimento Interno da Secretaria Executiva, aprovado pela Portaria n° 561, de 11 de abril de 2018, publicada no DOU de 13 de abril de 2018, assim como na Portaria nº 22, de 25 de abril de 2023, publicada no DOU de 26 de abril de 2023, resolve:</p><p>I - Conceder Pensão vitalícia à senhora ROSILEY DA SILVEIRA COSTA PACHECO NASCENTE, na qualidade de viúva do ex-servidor MARCOS PACHECO NASCENTE, a partir da data do óbito ocorrido em 13.07.2025, com fundamento no artigo 217, inciso I, 219, inciso I e 222, inciso VII, alínea "b", item 6 da Lei 8.112/90, incluído pela lei nº 13.135/2015, combinado com os arts 23 e 24 da Emenda Constitucional nº 103/2019, (Processo nº 21005.000373/2025-77).</p><p>II - Esta Portaria entra em vigor na data de sua publicação.</p><p class="assina">José Eduardo de França</p>]]></Texto>
  </body>
  <Midias />
</article></xml>