﻿<xml><article id="44718334" name="PORTARIA N 2.086 SINC 22936504" idOficio="11183851" pubName="DO2" artType="Portaria" pubDate="01/08/2025" artClass="00032:00001:00005:00000:00000:00000:00000:00000:00000:00000:00013:00001" artCategory="Ministério da Integração e do Desenvolvimento Regional/Gabinete do Ministro/Gabinete do Ministro" artSize="12" artNotes="" numberPage="71" pdfPage="http://pesquisa.in.gov.br/imprensa/jsp/visualiza/index.jsp?data=01/08/2025&amp;jornal=529&amp;pagina=71" editionNumber="144" highlightType="" highlightPriority="" highlight="" highlightimage="" highlightimagename="" idMateria="22936504">
  <body>
    <Identifica><![CDATA[ PORTARIA MIDR Nº 2.086, DE 10 DE JULHO DE 2025]]></Identifica>
    <Data><![CDATA[]]></Data>
    <Ementa />
    <Titulo />
    <SubTitulo />
    <Texto><![CDATA[<p class="identifica">PORTARIA MIDR Nº 2.086, DE 10 DE JULHO DE 2025</p><p>O MINISTRO DE ESTADO DA INTEGRAÇÃO E DO DESENVOLVIMENTO REGIONAL, no uso da competência que lhe foi subdelegada pelo inciso II do art. 6º do Decreto nº 9.794, de 14 de maio de 2019, tendo em vista o Decreto nº 12.504, de 12 de junho de 2025, e o constante no processo nº 59000.009692/2025-61, resolve:</p><p>DESIGNAR RICARDO LUIS NEVES CARDOSO para exercer a função comissionada de Coordenador da Coordenação de Proteção de Dados e Informação ao Cidadão da Ouvidoria, código FCE 1.10, deste Ministério.</p><p class="assina">ANTONIO WALDEZ GÓES DA SILVA</p>]]></Texto>
  </body>
  <Midias />
</article></xml>