﻿<xml><article id="44718094" name="PORTARIA N 2.554_22944127" idOficio="11188319" pubName="DO2" artType="Portaria" pubDate="01/08/2025" artClass="00053:00002:00000:00000:00000:00000:00000:00000:00000:00000:00017:00004" artCategory="Controladoria-Geral da União/Secretaria Executiva" artSize="12" artNotes="" numberPage="92" pdfPage="http://pesquisa.in.gov.br/imprensa/jsp/visualiza/index.jsp?data=01/08/2025&amp;jornal=529&amp;pagina=92" editionNumber="144" highlightType="" highlightPriority="" highlight="" highlightimage="" highlightimagename="" idMateria="22944127">
  <body>
    <Identifica><![CDATA[ PORTARIA N° 2.554, DE 30 DE JULHO DE 2025]]></Identifica>
    <Data><![CDATA[]]></Data>
    <Ementa />
    <Titulo />
    <SubTitulo />
    <Texto><![CDATA[<p class="identifica">PORTARIA N° 2.554, DE 30 DE JULHO DE 2025</p><p>O SECRETÁRIO-EXECUTIVO ADJUNTO DA CONTROLADORIA-GERAL DA UNIÃO, no uso da competência que lhe foi subdelegada pelo art. 2.º da Portaria SE/CGU n.º 364, de 14 de fevereiro de 2023, o disposto no Decreto n.º 11.330, de 1.º de janeiro de 2023, e alterações, bem como no art. 38 da Lei n.º 8.112, de 11 de dezembro de 1990, e o que consta no Processo n.º 00190.107641/2025-61, resolve:</p><p>Designar FRANCISCO AGOSTINHO DO NASCIMENTO, para substituir o Coordenador, código FCE 1.10, da Coordenação de Apurações e de Informações Estratégicas em Saúde da Coordenação-Geral de Auditoria da Área de Saúde da Diretoria de Auditoria de Políticas Sociais e de Segurança Pública da Secretaria Federal de Controle Interno da Controladoria-Geral da União, em seus afastamentos e impedimentos legais ou regulamentares.</p><p class="assina">OLAVO VENTURIM CALDAS</p>]]></Texto>
  </body>
  <Midias />
</article></xml>