﻿<xml><article id="44718082" name="Afastamento do Pais - Felipe Map" idOficio="11188654" pubName="DO2" artType="Despacho" pubDate="01/08/2025" artClass="00035:00048:00000:00000:00000:00000:00000:00000:00000:00000:00013:00000" artCategory="Ministério de Minas e Energia/Companhia de Pesquisa de Recursos Minerais" artSize="12" artNotes="" numberPage="79" pdfPage="http://pesquisa.in.gov.br/imprensa/jsp/visualiza/index.jsp?data=01/08/2025&amp;jornal=529&amp;pagina=79" editionNumber="144" highlightType="" highlightPriority="" highlight="" highlightimage="" highlightimagename="" idMateria="22944549">
  <body>
    <Identifica><![CDATA[ DESPACHO]]></Identifica>
    <Data><![CDATA[]]></Data>
    <Ementa />
    <Titulo />
    <SubTitulo />
    <Texto><![CDATA[<p class="identifica">DESPACHO</p><p>Processo SEI n° 48098.000884/2025-53</p><p>O Diretor-Presidente da Companhia de Pesquisa de Recursos Minerais - CPRM, no uso de suas atribuições legais, resolve autorizar o afastamento do país do Senhor FELIPE BRITO MAPA, Pesquisador em Geociências, lotado na Superintendência Regional de São Paulo - SUREG-SP, do Serviço Geológico do Brasil - CPRM, a viajar à cidade de Notthingham, Reino Unido, com ônus, no período de 07 agosto de 2025 a 27 julho de 2026. A referida viagem tem como objetivo realização do doutorado sanduíche, junto ao British Geological Survey (BGS).</p><p class="assina">INÁCIO CAVALCANTE MELO NETO</p>]]></Texto>
  </body>
  <Midias />
</article></xml>