﻿<xml><article id="44720776" name="Portarias_de_Pessoal_7763-64-65" idOficio="11188835" pubName="DO2" artType="Portaria" pubDate="01/08/2025" artClass="00025:00121:00000:00000:00000:00000:00000:00000:00000:00000:00013:00004" artCategory="Ministério da Educação/Universidade Federal do Rio de Janeiro" artSize="12" artNotes="" numberPage="44" pdfPage="http://pesquisa.in.gov.br/imprensa/jsp/visualiza/index.jsp?data=01/08/2025&amp;jornal=529&amp;pagina=44" editionNumber="144" highlightType="" highlightPriority="" highlight="" highlightimage="" highlightimagename="" idMateria="22944741">
  <body>
    <Identifica><![CDATA[ PORTARIAS DE 29 DE JULHO DE 2025]]></Identifica>
    <Data><![CDATA[]]></Data>
    <Ementa />
    <Titulo />
    <SubTitulo />
    <Texto><![CDATA[<p class="identifica">PORTARIAS DE 29 DE JULHO DE 2025</p><p>O Reitor da Universidade Federal do Rio de Janeiro, no uso de suas atribuições conferidas pelo Decreto de 27 de Junho de 2023, publicada no Diário Oficial da União nº 121 de 28 de Junho de 2023, resolve:</p><p>Nº 7.763 - Exonerar, de acordo com o artigo 35, inciso I, da Lei 8.112, de 11/12/90, DANIELE MENDONCA DELGADO, Matrícula Siape nº 2021108, Administrador, do Cargo de Direção de Superintendente, do(a) Superintendência Geral de Gestão/PR6, CD-3, processo nº 23079.240447/25-78.</p><p>Nº 7.764 - Exonerar, de acordo com o artigo 35, inciso I, da Lei 8.112, de 11/12/90, FLAVIO FERREIRA FERNANDES, Matrícula Siape nº 0361785, Técnico em Contabilidade, do Cargo de Direção de Superintendente Administrativo, do(a) Coordenação do Fórum de Ciência e Cultura, CD-4, processo nº 23079.240447/25-78.</p><p>Nº 7.765 - Nomear de acordo com o artigo 9°, inciso II da Lei n° 8.112, de 11/12/90, FLAVIO FERREIRA FERNANDES, Matrícula Siape nº 0361785, Técnico em Contabilidade, para o Cargo de Direção de Superintendente, do(a) Superintendência Geral de Gestão/PR6, CD-3, processo nº 23079.240447/25-78.</p><p class="assina">ROBERTO DE ANDRADE MEDRONHO</p>]]></Texto>
  </body>
  <Midias />
</article></xml>