﻿<xml><article id="44724944" name="PORTARIA 12-2025" idOficio="11187804" pubName="DO2" artType="Portaria" pubDate="01/08/2025" artClass="00071:00455:00000:00000:00000:00000:00000:00000:00000:00000:00017:00000" artCategory="Entidades de Fiscalização do Exercício das Profissões Liberais/CONSELHO REGIONAL DE ODONTOLOGIA DA PARAÍBA" artSize="12" artNotes="" numberPage="116" pdfPage="http://pesquisa.in.gov.br/imprensa/jsp/visualiza/index.jsp?data=01/08/2025&amp;jornal=529&amp;pagina=116" editionNumber="144" highlightType="" highlightPriority="" highlight="" highlightimage="" highlightimagename="" idMateria="22943147">
  <body>
    <Identifica><![CDATA[ PORTARIA CRO-PB Nº 12, de 2 de junho de 2025]]></Identifica>
    <Data><![CDATA[]]></Data>
    <Ementa />
    <Titulo />
    <SubTitulo />
    <Texto><![CDATA[<p class="identifica">PORTARIA CRO-PB Nº 12, de 2 de junho de 2025</p><p>O Presidente do Conselho Regional de Odontologia da Paraíba - CRO/PB, no uso das atribuições que lhe conferem a Lei nº 4.324, de 14 de abril de 1964, regulamentada pelo Decreto-Lei n° 68.704, de 03 de junho de 1971, e ainda de acordo com o que prevê o Regimento Interno do Conselho Federal de Odontologia, resolve:</p><p>Art. 1º Revogar a Portaria CRO-PB nº 08, de 08 de maio de 2025.</p><p>Art. 2º Dê-se ciência e cumpra-se.</p><p>Art. 3º A presente Portaria entra em vigor a partir da presente data.</p><p class="assina">Leonardo Marconi Cavalcanti de Oliveira, CD</p>]]></Texto>
  </body>
  <Midias />
</article></xml>