﻿<xml><article id="44721085" name="PORTARIA N 642_22944894" idOficio="11188956" pubName="DO2" artType="Portaria" pubDate="01/08/2025" artClass="00070:00042:00001:00001:00000:00000:00000:00000:00000:00000:00017:00000" artCategory="Poder Judiciário/Tribunal Regional do Trabalho da 1ª Região/Presidência/Gabinete da Presidência" artSize="12" artNotes="" numberPage="108" pdfPage="http://pesquisa.in.gov.br/imprensa/jsp/visualiza/index.jsp?data=01/08/2025&amp;jornal=529&amp;pagina=108" editionNumber="144" highlightType="" highlightPriority="" highlight="" highlightimage="" highlightimagename="" idMateria="22944894">
  <body>
    <Identifica><![CDATA[ PORTARIA SGP N° 642, DE 25 DE JULHO DE 2025]]></Identifica>
    <Data><![CDATA[]]></Data>
    <Ementa />
    <Titulo />
    <SubTitulo />
    <Texto><![CDATA[<p class="identifica">PORTARIA SGP N° 642, DE 25 DE JULHO DE 2025</p><p>O VICE-PRESIDENTE NO EXERCÍCIO REGIMENTAL DA PRESIDÊNCIA DO TRIBUNAL REGIONAL DO TRABALHO DA PRIMEIRA REGIÃO, no uso de suas atribuições legais e regimentais, e tendo em vista o contido no Processo PROAD nº 11970/2019, resolve:</p><p>Prorrogar o prazo de cessão ao TRIBUNAL SUPERIOR DO TRABALHO, do servidor FABIANO JOSE RUSSO DOS SANTOS, Técnico Judiciário - Área Administrativa, Classe C, Padrão 12, a partir de 29 de julho de 2025, por mais 1 (um) ano, com fulcro no inciso I do artigo 93 da Lei nº 8.112/90.</p><p class="assina">LEONARDO PACHECO</p>]]></Texto>
  </body>
  <Midias />
</article></xml>