﻿<xml><article id="44721755" name="PORTARIA N 7.605_22945037" idOficio="11189094" pubName="DO2" artType="Portaria" pubDate="01/08/2025" artClass="00029:00035:00014:00000:00000:00000:00000:00000:00000:00000:00017:00000" artCategory="Ministério da Gestão e da Inovação em Serviços Públicos/Secretaria de Gestão de Pessoas/Diretoria de Provimento e Movimentação de Pessoal" artSize="12" artNotes="" numberPage="64" pdfPage="http://pesquisa.in.gov.br/imprensa/jsp/visualiza/index.jsp?data=01/08/2025&amp;jornal=529&amp;pagina=64" editionNumber="144" highlightType="" highlightPriority="" highlight="" highlightimage="" highlightimagename="" idMateria="22945037">
  <body>
    <Identifica><![CDATA[ PORTARIA DEPRO/SGP/MGI Nº 7.605, DE 28 DE JULHO DE 2025]]></Identifica>
    <Data><![CDATA[]]></Data>
    <Ementa />
    <Titulo />
    <SubTitulo />
    <Texto><![CDATA[<p class="identifica">PORTARIA DEPRO/SGP/MGI Nº 7.605, DE 28 DE JULHO DE 2025</p><p>A DIRETORA DE PROVIMENTO E MOVIMENTAÇÃO DE PESSOAL SUBSTITUTA DO MINISTÉRIO DA GESTÃO E DA INOVAÇÃO EM SERVIÇOS PÚBLICOS, no uso da competência subdelegada pela Portaria SGP/MGI Nº 693, de 21 de fevereiro de 2024, tendo em vista o disposto no § 7º do art. 93 da Lei nº 8.112, de 11 de dezembro de 1990, no art. 30 do Decreto nº 10.835, de 14 de outubro de 2021, na Portaria SEDGG/ME nº 8.471, de 26 de setembro 2022, e no Processo SEI nº 14021.060615/2025-18, resolve:</p><p>Art. 1º Autorizar a alteração de exercício, na modalidade de Indicação Consensual, do servidor público Jader Carlos Morais, matrícula SIAPE nº 2339162, ocupante do cargo efetivo de Tecnólogo - Formação, do quadro de pessoal do Instituto Federal de Educação, Ciência e Tecnologia do Amapá - IFAP, para composição da força de trabalho do Ministério do Desenvolvimento Agrário e Agricultura Familiar - MDA, por prazo indeterminado.</p><p>Art. 2º O retorno do servidor à instituição de origem poderá ocorrer, a qualquer tempo, por decisão do Ministério da Gestão e da Inovação em Serviços Públicos, observados os requisitos constantes do artigo 12 da Portaria SEDGG/ME nº 8.471, de 26 de setembro de 2022.</p><p>Art. 3º Cabe ao MDA assegurar que o servidor colocado à sua disposição não exercerá atividades incompatíveis com as suas atribuições na instituição de origem, de forma a não ocorrer desvio de função.</p><p>Art. 4º Esta Portaria entra em vigor na data de sua publicação.</p><p class="assina">QUEILA CÂNDIDA FERREIRA MORAIS</p>]]></Texto>
  </body>
  <Midias />
</article></xml>