﻿<xml><article id="44724389" name="Portaria 4577 31-07-2025" idOficio="11189701" pubName="DO2" artType="Portaria" pubDate="01/08/2025" artClass="00050:00020:00103:00000:00000:00000:00000:00000:00000:00000:00017:00000" artCategory="Ministério dos Transportes/Departamento Nacional de Infraestrutura de Transportes/Superintendência Regional no Piaui" artSize="12" artNotes="" numberPage="90" pdfPage="http://pesquisa.in.gov.br/imprensa/jsp/visualiza/index.jsp?data=01/08/2025&amp;jornal=529&amp;pagina=90" editionNumber="144" highlightType="" highlightPriority="" highlight="" highlightimage="" highlightimagename="" idMateria="22945901">
  <body>
    <Identifica><![CDATA[ Portaria Nº 4.577, DE 31 DE julho DE 2025]]></Identifica>
    <Data><![CDATA[]]></Data>
    <Ementa />
    <Titulo />
    <SubTitulo />
    <Texto><![CDATA[<p class="identifica">Portaria Nº 4.577, DE 31 DE julho DE 2025</p><p>O SUPERINTENDENTE REGIONAL DO DNIT NO ESTADO DO PIAUÍ DO DEPARTAMENTO NACIONAL DE INFRAESTRUTURA DE TRANSPORTES - DNIT, no uso das atribuições que lhe conferem o artigo 144, inciso VI do Regimento Interno, aprovado pela Resolução nº 39, de 17 de novembro de 2020, publicada no Diário Oficial da União do dia 19/11/2020, e a Portaria de Delegação de Competência DPP/DNIT nº 2784, de 25/05/2023, publicada no Boletim Administrativo nº 102 em 30/05/2023 (SEI! n.º 14682864), e tendo em vista o constante no Processo nº 50618.000527/2020-14, resolve:</p><p>Art. 1º APROVAR o Projeto de Engenharia desenvolvido no âmbito do Contrato nº 18.00080/2020, cujo objeto é a "Elaboração de Estudos e Projetos Básico e Executivo de Engenharia para obras de Duplicação, com Implantação de Contorno, de Vias laterais e Obras de Arte Especiais, incluindo restauração da pista existente da rodovia BR-343/PI", conforme descrito a seguir:</p><p>- Tipo de Projeto: Básico</p><p>- Tipo de Obra: Duplicação, com Implantação de Contorno, de Vias laterais e Obras de Arte Especiais, incluindo restauração da pista existente da rodovia BR-343/PI.</p><p>- Rodovia: BR-343/PI</p><p>- Trecho: Luis Correia - Entr. BR-135(B)/324(B)/PI-247(B) (Bertolínia)</p><p>- Subtrecho: Entr. BR-226(A)/PI-352 (Altos) - Entr. PI-113</p><p>- Segmento: Estaca 0,0 a Estaca 440,0 (Etapa 2 - Contorno de Altos/PI)</p><p>- Extensão: 8,80 km</p><p>- Código SNV: 343BPI0150; 343BPI0170</p><p>- Lote: Único - Etapa 2 - Contorno de Altos/PI</p><p>- Projetista: JDS ENGENHARIA E CONSULTORIA LTDA</p><p>Art. 2º Esta Portaria entra em vigor na data de sua publicação.</p><p class="assina">José Ribamar Bastos</p><p class="anexo">Anexos:</p><p>I - Volume 1 - Relatório do Projeto e Documentos para Concorrência (Tomos I a IV) (SEI nº 21074898)</p><p>II - Volume 2 - Projeto de Execução (Tomos I e II) (SEI nº 21075025)</p><p>III - Volume 3 - Memória Justificativa (Tomos I a V) (SEI nº 21075323)</p><p>IV - Volume 3A - Estudos Geotécnicos (SEI nº 21075925)</p><p>V - Volume 3B - Memória de Cálculo dos Volumes e Notas de Serviço de Terraplenagem (SEI nº 21075984)</p><p>VI - Volume 3C - Memória de Cálculo de Estruturas (SEI nº 21076220)</p><p>VII - Volume 3D - Estudos de Ocupações Irregulares de Faixas de Domínio e Áreas não Edificantes, e Estudos de Desapropriação (SEI nº 21076729)</p><p>VIII - Volume 3E - Componente Ambiental e Paisagismo (e Anexo) (SEI nº 21076859)</p><p>IX - Volume 4 - Orçamento e Plano de Execução da Obra (SEI nº 21898201)</p>]]></Texto>
  </body>
  <Midias />
</article></xml>