﻿<xml><article id="44718043" name="PORTARIA N 568_22919508" idOficio="11173377" pubName="DO2" artType="Portaria" pubDate="01/08/2025" artClass="00070:00042:00001:00001:00000:00000:00000:00000:00000:00000:00017:00000" artCategory="Poder Judiciário/Tribunal Regional do Trabalho da 1ª Região/Presidência/Gabinete da Presidência" artSize="12" artNotes="" numberPage="108" pdfPage="http://pesquisa.in.gov.br/imprensa/jsp/visualiza/index.jsp?data=01/08/2025&amp;jornal=529&amp;pagina=108" editionNumber="144" highlightType="" highlightPriority="" highlight="" highlightimage="" highlightimagename="" idMateria="22919508">
  <body>
    <Identifica><![CDATA[ PORTARIA SGP N° 568, DE 2 DE JULHO DE 2025]]></Identifica>
    <Data><![CDATA[]]></Data>
    <Ementa />
    <Titulo />
    <SubTitulo />
    <Texto><![CDATA[<p class="identifica">PORTARIA SGP N° 568, DE 2 DE JULHO DE 2025</p><p>O PRESIDENTE DO TRIBUNAL REGIONAL DO TRABALHO DA PRIMEIRA REGIÃO, no uso de suas atribuições legais e regimentais, e tendo em vista o que consta do PROAD 11697/2024, resolve:</p><p>Conceder aposentadoria por incapacidade permanente para o trabalho à servidora DAIANA ATAIDE MILLER, no cargo de Técnico Judiciário, Área Administrativa, Classe C, Padrão 13, com fundamento no artigo 40, § 1º, inciso I, da Constituição Federal, com redação dada pela Emenda Constitucional nº 103/2019, c/c artigo 10, § 1º, inciso II da EC 103/2019, na base de 62% (sessenta e dois por cento) da média aritmética apurada na forma do caput e § 2º, inciso II, do artigo 26 da EC 103/2019.</p><p class="assina">LEONARDO DA SILVEIRA PACHECO</p>]]></Texto>
  </body>
  <Midias />
</article></xml>