﻿<xml><article id="44718364" name="Portaria-1641-2025" idOficio="11184587" pubName="DO2" artType="Portaria" pubDate="01/08/2025" artClass="00070:00045:00001:00000:00000:00000:00000:00000:00000:00000:00017:00000" artCategory="Poder Judiciário/Tribunal Regional do Trabalho da 4ª Região/Presidência" artSize="12" artNotes="" numberPage="109" pdfPage="http://pesquisa.in.gov.br/imprensa/jsp/visualiza/index.jsp?data=01/08/2025&amp;jornal=529&amp;pagina=109" editionNumber="144" highlightType="" highlightPriority="" highlight="" highlightimage="" highlightimagename="" idMateria="22937470">
  <body>
    <Identifica><![CDATA[ PORTARIA Nº 1.641, DE 28 DE JULHO DE 2025]]></Identifica>
    <Data><![CDATA[]]></Data>
    <Ementa />
    <Titulo />
    <SubTitulo />
    <Texto><![CDATA[<p class="identifica">PORTARIA Nº 1.641, DE 28 DE JULHO DE 2025</p><p>O PRESIDENTE DO TRIBUNAL REGIONAL DO TRABALHO DA 4ª REGIÃO, no uso de suas atribuições legais e regimentais, resolve:</p><p>1. CONCEDER APOSENTADORIA a JOSELAINE TURCHIELO CALEGARO (50148), no cargo de Técnico Judiciário, da Área Administrativa, Classe "C", Padrão 13, do Quadro de Pessoal do Tribunal Regional do Trabalho da 4ª Região, no efetivo exercício da função comissionada de Assistente de Secretaria, FC-4, na 2ª Vara do Trabalho de Santa Maria, considerando o que consta no PROAD nº 3844/2025, e de acordo com o artigo 20, incisos I, II, III e IV, da Emenda Constitucional nº 103/2019, incluídas as vantagens previstas nos artigos 62-A da Lei nº 8.112/90 (com a redação dada pela Medida Provisória nº 2.225-45/2001), 13 (com a redação dada pela Lei nº 13.317/2016), 14 e 15, inciso III, da Lei nº 11.416/2006.</p><p>2. DECLARAR VAGOS, em decorrência, o cargo de Técnico Judiciário, da Área Administrativa, Classe C, Padrão 13, e a função comissionada de Assistente de Secretaria, FC-4, revertendo a vaga do primeiro à Classe A, Padrão 01.</p><p class="assina">RICARDO HOFMEISTER DE ALMEIDA MARTINS COSTA</p>]]></Texto>
  </body>
  <Midias />
</article></xml>