﻿<xml><article id="44724497" name="Port.2025. 305- A1.1 - 31 JUL 25" idOficio="11189760" pubName="DO2" artType="Portaria" pubDate="01/08/2025" artClass="00016:00011:00001:00002:00000:00000:00000:00000:00000:00000:00017:00000" artCategory="Ministério da Defesa/Comando do Exército/Gabinete do Comandante/Chefia de Gabinete" artSize="12" artNotes="" numberPage="10" pdfPage="http://pesquisa.in.gov.br/imprensa/jsp/visualiza/index.jsp?data=01/08/2025&amp;jornal=529&amp;pagina=10" editionNumber="144" highlightType="" highlightPriority="" highlight="" highlightimage="" highlightimagename="" idMateria="22945975">
  <body>
    <Identifica><![CDATA[ PORTARIA - Gab Cmt Ex/C Ex Nº 305, DE 31 DE JULHO DE 2025]]></Identifica>
    <Data><![CDATA[]]></Data>
    <Ementa />
    <Titulo />
    <SubTitulo />
    <Texto><![CDATA[<p class="identifica">PORTARIA - Gab Cmt Ex/C Ex Nº 305, DE 31 DE JULHO DE 2025</p><p>O CHEFE DO GABINETE DO COMANDANTE DO EXÉRCITO, no uso das competências que lhe confere o art. 6º, § 1º, inciso II da Portaria do Comandante do Exército nº 218, de 20 de março de 2017, e considerando o disposto no art. 3º, § 1º, alínea "b", inciso III da Lei nº 6.880, de 9 de dezembro de 1980, com a redação dada pelo art. 5º da Lei nº 9.442, de 14 de março de 1997, resolve:</p><p>EXONERAR</p><p>ex officio, o 2º Sgt R/1 (1182808335) WILLIAM JOSÉ MOREIRA, da Prestação de Tarefa por Tempo Certo no Gabinete de Segurança Institucional da Presidência da República, em Brasília-DF, em 31 de agosto de 2025, de acordo com o art. 11, inciso II, alínea "a" da Portaria do Comandante do Exército nº 218, de 20 de março de 2017.</p><p>NOMEAR</p><p>o 2º Sgt R/1 (1182808335) WILLIAM JOSÉ MOREIRA, no Gabinete de Segurança Institucional da Presidência da República, em Brasília-DF, como Prestador de Tarefa por Tempo Certo, para cumprir a tarefa de apoiar tecnicamente as residências oficiais da Presidência da República na Granja do Torto, pelo prazo de 24 (vinte e quatro) meses, a partir de 1º de setembro de 2025.</p><p class="assina">Gen Div MARCIO DE SOUZA NUNES RIBEIRO</p>]]></Texto>
  </body>
  <Midias />
</article></xml>