﻿<xml><article id="44717752" name="2025 Portaria Fiscalizacao Contr" idOficio="11188542" pubName="DO2" artType="Portaria" pubDate="01/08/2025" artClass="00047:00046:00014:00000:00000:00000:00000:00000:00000:00000:00017:00000" artCategory="Ministério da Saúde/Secretaria de Vigilância em Saúde e Ambiente/Instituto Evandro Chagas" artSize="12" artNotes="" numberPage="87" pdfPage="http://pesquisa.in.gov.br/imprensa/jsp/visualiza/index.jsp?data=01/08/2025&amp;jornal=529&amp;pagina=87" editionNumber="144" highlightType="" highlightPriority="" highlight="" highlightimage="" highlightimagename="" idMateria="22944348">
  <body>
    <Identifica><![CDATA[ Portaria IEC Nº 139, DE 30 de julho de 2025]]></Identifica>
    <Data><![CDATA[]]></Data>
    <Ementa />
    <Titulo />
    <SubTitulo />
    <Texto><![CDATA[<p class="identifica">Portaria IEC Nº 139, DE 30 de julho de 2025</p><p>A Diretora do Instituto Evandro Chagas, da Secretaria de A Diretora do Instituto Evandro Chagas, órgão subordinado à Secretaria de Vigilância em Saúde e Ambiente do Ministério da Saúde, designada pela Apostila/SAA/SE/MS, de 23 de janeiro de 2023, publicada no Boletim de Serviço Eletrônico do Ministério da Saúde, Edição Extraordinária nº 09 de 24 de janeiro de 2023, no uso das competências, que foram atribuídas pela Portaria nº 1.041, de 30.10.09, publicada no DOU de 03.11.2009 e de acordo com o previsto no art. 117 da Lei nº 14.133, 1º de abril de 2021, e legislação correlata, Nº Processo: 25209.004196/2024-81, resolve:</p><p>Art. 1º - Designar, conforme disciplinado no Decreto nº 11.246, de 27 de outubro de 2022, os servidores abaixo relacionados para gerenciar, acompanhar e fiscalizar a execução e o adequado cumprimento das cláusulas estabelecidas no Contrato 153 /2025 (SEI nº 0049124840), celebrado entre o INSTITUTO EVANDRO CHAGAS e a empresa AGILENT TECHNOLOGIES BRASIL, cujo objeto é a contratação de serviços contínuos de manutenção preventiva, corretiva e qualificação operacional dos equipamentos listados, situados nas Seções do Meio Ambiente (SEAMB), Parasitologia (SEPAR), Bacteriologia (SEBAC) e Arboviroses (SEARB) para atender às necessidades do Instituto Evandro Chagas (NUP: 25209.004196/2024-81).</p><p>FUNÇÃO NOME</p><p>Gestor titular - Allan Jones Nunes Sousa;</p><p>Gestor Suplente - Charles Lindemberg Barbosa de Souza;</p><p>Fiscal titular - Kleber Raimundo Freitas Faial;</p><p>Fiscal Suplente - Rosivaldo de Alcântara Mendes;</p><p>Art. 2º - Para efeito desta Portaria, considera-se:</p><p>I - A execução do contrato deverá ser acompanhada e fiscalizada pelo(s) fiscal(is) do contrato, ou pelos respectivos substitutos ( Lei nº 14.133, de 2021, art. 117, caput).</p><p>II - O Gestor e o fiscal técnico do contrato deverão acompanhar a execução do contrato, para que sejam cumpridas todas as condições estabelecidas no contrato, de modo a assegurar os melhores resultados para a Administração. (Decreto nº 11.246, de 2022, art. 22, VI.</p><p>Art. 3º - Esta Portaria entra em vigor na data de sua publicação e terá vigência até o vencimento do contrato e de sua garantia, quando houver.</p><p class="assina">LIVIA CARICIO MARTINS</p>]]></Texto>
  </body>
  <Midias />
</article></xml>