﻿<xml><article id="44721115" name="Port-1-2025 -PUB-" idOficio="11188975" pubName="DO2" artType="Portaria" pubDate="01/08/2025" artClass="00016:00012:00025:00009:00000:00000:00000:00000:00000:00000:00017:00000" artCategory="Ministério da Defesa/Comando da Marinha/Diretoria-Geral do Material/Diretoria de Comunicações e Tecnologia da Informação da Marinha" artSize="12" artNotes="" numberPage="14" pdfPage="http://pesquisa.in.gov.br/imprensa/jsp/visualiza/index.jsp?data=01/08/2025&amp;jornal=529&amp;pagina=14" editionNumber="144" highlightType="" highlightPriority="" highlight="" highlightimage="" highlightimagename="" idMateria="22944908">
  <body>
    <Identifica><![CDATA[ PORTARIA Nº 1/DCTIM, DE 6 DE JANEIRO DE 2025]]></Identifica>
    <Data><![CDATA[]]></Data>
    <Ementa />
    <Titulo />
    <SubTitulo />
    <Texto><![CDATA[<p class="identifica">PORTARIA Nº 1/DCTIM, DE 6 DE JANEIRO DE 2025</p><p>O DIRETOR DE COMUNICAÇÕES E TECNOLOGIA DA INFORMAÇÃO DA MARINHA, no uso de suas atribuições e tendo em vista o previsto no art. 3°, § 1°, alínea b, inciso III da Lei n° 6.880/1980, bem como o contido na DGPM-314 (6ª Revisão) - Normas sobre Tarefa por Tempo Certo e Designação para o Serviço Ativo, e conforme o estabelecido na Portaria n° 91/MB/2017, alterada pela Portaria n° 269/MB/2018, resolve:</p><p>Art. 1º Renovar o período de prestação de Tarefa por Tempo Certo do SORM1-ET-SB 85.3414.79 NELSON FIRMINO DE BARROS, como Auxiliar da Divisão de Material Técnico de Telecomunicações, conforme previsto na Port n° 67/2022, desta Diretoria, até 24JAN2027, sob o regime de quarenta horas de trabalho semanais, a fim de garantir a eficiência e a eficácia na realização do processo de catalogação a ser realizado no projeto estratégico nesta OM, por interesse da administração naval.</p><p>Art. 2º Esta Portaria entra em vigor na presente data, com efeitos administrativos em 25 de janeiro de 2025.</p><p class="assina">C Alte JOÃO CANDIDO MARQUES DIAS</p>]]></Texto>
  </body>
  <Midias />
</article></xml>