﻿<xml><article id="44724755" name="432" idOficio="11189842" pubName="DO2" artType="Portaria" pubDate="01/08/2025" artClass="00016:00012:00009:00012:00000:00000:00000:00000:00000:00000:00017:00000" artCategory="Ministério da Defesa/Comando da Marinha/Comando-Geral do Corpo de Fuzileiros Navais/Comando do Pessoal de Fuzileiros Navais" artSize="12" artNotes="" numberPage="14" pdfPage="http://pesquisa.in.gov.br/imprensa/jsp/visualiza/index.jsp?data=01/08/2025&amp;jornal=529&amp;pagina=14" editionNumber="144" highlightType="" highlightPriority="" highlight="" highlightimage="" highlightimagename="" idMateria="22946079">
  <body>
    <Identifica><![CDATA[ PORTARIA Nº 432/CPesFN, DE 23 DE JULHO DE 2025]]></Identifica>
    <Data><![CDATA[]]></Data>
    <Ementa />
    <Titulo />
    <SubTitulo />
    <Texto><![CDATA[<p class="identifica">PORTARIA Nº 432/CPesFN, DE 23 DE JULHO DE 2025</p><p>O COMANDANTE DO PESSOAL DE FUZILEIROS NAVAIS, no uso da subdelegação de competência que lhe confere a alínea f do inciso IX do art. 3º da Portaria nº 134/2017 do Comando-Geral do Corpo de Fuzileiros Navais; de acordo com o inciso VII do art. 94, inciso VI do art. 108, inciso II e alínea a do § 3º do art. 121 e art. 124 da Lei nº 6.880/1980 (Estatuto dos Militares), alterada pela Lei nº 13.954/2019 (Reestruturação da Carreira Militar); combinados com o nº 23 do art. 3º, nº 2 e § 2º do art. 140 do Decreto nº 57.654/1966; bem como os incisos 10.7.2, 13.2.1 e 13.2.4 da DGPM-301 (2ª Revisão); e conforme o Termo de Inspeção de Saúde (TIS) nº 025.000.30818 da JSD/CPMM, resolve:</p><p>Art. 1º Licenciar o militar abaixo mencionado do Serviço Ativo da Marinha, por conclusão de tempo de serviço, e, simultaneamente, desincorporar, em 25JUN2025, por estar incapaz definitivamente para o Serviço Ativo da Marinha, por ser portador de doença prevista no item VI do art. 108 do Estatuto dos Militares, não estando inválido, não necessitando de internação permanente, não necessitando de assistência ou cuidados permanentes de enfermagem e, consequentemente, considerá-lo isento do serviço militar:</p><p>BATALHÃO DE ARTILHARIA DE FUZILEIROS NAVAIS</p><p>CB-FN-CN 16.0550.55 LUCAS ROCHA</p><p>Art. 2º Estabelecer, objetivando o fiel cumprimento do disposto no art. 95 da Lei nº 6.880/1980 (Estatuto dos Militares), os seguintes eventos à Organização Militar onde serve o militar:</p><p>I - Publicar esta Portaria em Ordem de Serviço; e</p><p>II - Em até 45 dias da data desta Portaria, desligar o militar do Serviço Ativo da Marinha.</p><p>Art. 3º Esta Portaria entra em vigor na presente data.</p><p class="assina">V Alte (FN) MARCELO GUIMARÃES DIAS</p>]]></Texto>
  </body>
  <Midias />
</article></xml>