﻿<xml><article id="44727986" name="Extrato retificacao" idOficio="11169051" pubName="DO2" artType="Retificação" pubDate="01/08/2025" artClass="00028:00047:00000:00000:00000:00000:00000:00000:00000:00000:00021:00000" artCategory="Ministério da Fazenda/Serviço Federal de Processamento de Dados" artSize="12" artNotes="" numberPage="63" pdfPage="http://pesquisa.in.gov.br/imprensa/jsp/visualiza/index.jsp?data=01/08/2025&amp;jornal=529&amp;pagina=63" editionNumber="144" highlightType="" highlightPriority="" highlight="" highlightimage="" highlightimagename="" idMateria="22912300">
  <body>
    <Identifica><![CDATA[ RETIFICAÇÃO]]></Identifica>
    <Data><![CDATA[]]></Data>
    <Ementa />
    <Titulo />
    <SubTitulo />
    <Texto><![CDATA[<p class="identifica">RETIFICAÇÃO</p><p>No despacho de 15/07/2025, publicado no dia 17/07/2025, Edição 133, Seção 02, Página 35,</p><p>Onde se lê: no período de 23/07/2025 a 03/08/2025.</p><p>Leia-se: no período de 23/07/2025 a 04/08/2025.</p>]]></Texto>
  </body>
  <Midias />
</article></xml>