﻿<xml><article id="44718028" name="trt9a155-2025-ATO 130" idOficio="11171736" pubName="DO2" artType="Ato" pubDate="01/08/2025" artClass="00070:00050:00000:00000:00000:00000:00000:00000:00000:00000:00001:00000" artCategory="Poder Judiciário/Tribunal Regional do Trabalho da 9ª Região" artSize="12" artNotes="" numberPage="110" pdfPage="http://pesquisa.in.gov.br/imprensa/jsp/visualiza/index.jsp?data=01/08/2025&amp;jornal=529&amp;pagina=110" editionNumber="144" highlightType="" highlightPriority="" highlight="" highlightimage="" highlightimagename="" idMateria="22916612">
  <body>
    <Identifica><![CDATA[ ATO Nº 130, DE 21 DE JULHO DE 2025]]></Identifica>
    <Data><![CDATA[]]></Data>
    <Ementa />
    <Titulo />
    <SubTitulo />
    <Texto><![CDATA[<p class="identifica">ATO Nº 130, DE 21 DE JULHO DE 2025</p><p>O DESEMBARGADOR VICE-PRESIDENTE DO TRIBUNAL REGIONAL DO TRABALHO DA 9ª REGIÃO, NO EXERCÍCIO DA PRESIDÊNCIA, no uso de suas atribuições legais e regimentais, e considerando o contido na Certidão SADM VETOR ID 15464009, resolve:</p><p>Art. 1º REDISTRIBUIR, nos termos do art. 37 da Lei nº 8.112/1990, o cargo efetivo de Analista Judiciário, Área Judiciária, Sem Especialidade, criado pela Lei nº 11.979/2009, do Quadro de Pessoal Permanente desta Corte, ocupado pela servidora HELOISE HELENNE KLOSTER SOUZA, para o Quadro de Pessoal Permanente do Tribunal Superior do Trabalho, em reciprocidade com o cargo de Analista Judiciário, Área Judiciária, Sem Especialidade, criado pela Lei nº 14.582/2023.</p><p>Art. 2º REVOGAR o Ato n° 144/2010, publicado no Diário Oficial da União - Seção 2, de 2/8/2010.</p><p>Art. 3º Este Ato entra em vigor na data da sua publicação.</p><p class="assina">Des. MARCO ANTONIO VIANNA MANSUR</p>]]></Texto>
  </body>
  <Midias />
</article></xml>