﻿<xml><article id="44723528" name="PORTARIA N 68_22945699" idOficio="11189528" pubName="DO2" artType="Portaria" pubDate="01/08/2025" artClass="00016:00011:00011:00116:00000:00000:00000:00000:00000:00000:00017:00000" artCategory="Ministério da Defesa/Comando do Exército/Comando Militar do Norte/8ª Região Militar" artSize="12" artNotes="" numberPage="12" pdfPage="http://pesquisa.in.gov.br/imprensa/jsp/visualiza/index.jsp?data=01/08/2025&amp;jornal=529&amp;pagina=12" editionNumber="144" highlightType="" highlightPriority="" highlight="" highlightimage="" highlightimagename="" idMateria="22945699">
  <body>
    <Identifica><![CDATA[ PORTARIA SVP 8 Nº 68, DE 24 DE JULHO DE 2025]]></Identifica>
    <Data><![CDATA[]]></Data>
    <Ementa />
    <Titulo />
    <SubTitulo />
    <Texto><![CDATA[<p class="identifica">PORTARIA SVP 8 Nº 68, DE 24 DE JULHO DE 2025</p><p>O COMANDANTE DA 8ª REGIÃO MILITAR, no uso da competência que lhe foi atribuída pela Portaria -DGP/ C Ex nº 458 de 10 de agosto de 2023, publicada no Boletim do Exército nº 33, de 18 de agosto de 2023 e tendo em vista o que consta no Processo nº 64046.003695/2025-02 resolve:</p><p>Art. 1º Conceder pensão:</p><p>à senhora MARIA SÔNIA PIMENTEL MACIEL, na qualidade de cônjuge, cujo fundamento está no inciso I do art. 3º da Portaria SGP/SEDGG/ME Nº 4645, de 24 de maio de 2022, art. 217 da Lei nº 8.112, de 11 de dezembro de 1990, art. 23, art. 24 e Parágrafo 7º do art. 26 da Emenda Constitucional nº 103, de 12 de novembro de 2019.</p><p>A beneficiária é cônjuge do ex-servidor OSVALDO VIANA MACIEL, ocupante do cargo de Auxiliar Operacional de Serviços Diversos, matricula Siape 0083419, vinculado ao 8º Batalhão de Engenharia de Construção, falecido na aposentadoria, em 20 de junho de 2025.</p><p>Art. 2º Os efeitos desta Portaria entram em vigor em 20 de junho de 2025.</p><p class="assina">Gen Div CARLOS FEITOSA RODRIGUES</p>]]></Texto>
  </body>
  <Midias />
</article></xml>