﻿<xml><article id="44717890" name="ATO Portaria PRESI NA 109" idOficio="11150205" pubName="DO2" artType="Portaria" pubDate="01/08/2025" artClass="00070:00001:00002:00000:00000:00000:00000:00000:00000:00000:00017:00000" artCategory="Poder Judiciário/Supremo Tribunal Federal/Presidência" artSize="12" artNotes="" numberPage="97" pdfPage="http://pesquisa.in.gov.br/imprensa/jsp/visualiza/index.jsp?data=01/08/2025&amp;jornal=529&amp;pagina=97" editionNumber="144" highlightType="" highlightPriority="" highlight="" highlightimage="" highlightimagename="" idMateria="22878845">
  <body>
    <Identifica><![CDATA[ Portaria Nº 109, DE 14 DE JULHO DE 2025]]></Identifica>
    <Data><![CDATA[]]></Data>
    <Ementa />
    <Titulo />
    <SubTitulo />
    <Texto><![CDATA[<p class="identifica">Portaria Nº 109, DE 14 DE JULHO DE 2025</p><p>O VICE-PRESIDENTE DO SUPREMO TRIBUNAL FEDERAL, no exercício da Presidência, no uso de suas atribuições regimentais, considerando o que consta da Resolução nº 659, de 9 de fevereiro de 2020, e do Processo Administrativo Eletrônico nº 005700/2025, resolve:</p><p>Redistribuir, com fundamento no art. 37 da Lei nº 8.112, de 11 de dezembro de 1990, um cargo vago de Técnico Judiciário, área Administrativa, do Quadro de Pessoal deste Tribunal, para o Tribunal Superior do Trabalho, em reciprocidade com o cargo de Técnico Judiciário, área Administrativa, ocupado pela servidora CHRISTINE OLIVEIRA PETER DA SILVA.</p><p class="assina">Min. LUIZ EDSON FACHIN</p>]]></Texto>
  </body>
  <Midias />
</article></xml>