﻿<xml><article id="44721628" name="PORTARIA 7679 23079218978202401" idOficio="11189016" pubName="DO2" artType="Portaria" pubDate="01/08/2025" artClass="00025:00121:00017:00000:00000:00000:00000:00000:00000:00000:00017:00000" artCategory="Ministério da Educação/Universidade Federal do Rio de Janeiro/Pró-Reitoria de Pessoal" artSize="12" artNotes="" numberPage="44" pdfPage="http://pesquisa.in.gov.br/imprensa/jsp/visualiza/index.jsp?data=01/08/2025&amp;jornal=529&amp;pagina=44" editionNumber="144" highlightType="" highlightPriority="" highlight="" highlightimage="" highlightimagename="" idMateria="22944954">
  <body>
    <Identifica><![CDATA[ PORTARIA Nº 7.679, DE 28 DE JULHO DE 2025]]></Identifica>
    <Data><![CDATA[]]></Data>
    <Ementa />
    <Titulo />
    <SubTitulo />
    <Texto><![CDATA[<p class="identifica">PORTARIA Nº 7.679, DE 28 DE JULHO DE 2025</p><p>A Pró-Reitora de Pessoal da Universidade Federal do Rio de Janeiro, no uso da competência delegada através da Portaria nº 10.120 de 16 de dezembro de 2021, publicada no Diário Oficial da União de 17 de dezembro de 2021, resolve:</p><p>Prorrogar até 31/12/2025 o contrato de VIVIAN DOS SANTOS PINHEIRO como Professor(a) Substituto(a), siape nº 3409263, do(a) Campus Macaé, conforme processo nº. 23079.218978/2024-01.</p><p class="assina">Neuza Luzia Pinto</p>]]></Texto>
  </body>
  <Midias />
</article></xml>