﻿<xml><article id="44717926" name="PORTARIA N 601_22944031" idOficio="11188245" pubName="DO2" artType="Portaria" pubDate="01/08/2025" artClass="00070:00039:00001:00000:00000:00000:00000:00000:00000:00000:00017:00000" artCategory="Poder Judiciário/Tribunal Regional Eleitoral de Sergipe/Presidência" artSize="12" artNotes="" numberPage="106" pdfPage="http://pesquisa.in.gov.br/imprensa/jsp/visualiza/index.jsp?data=01/08/2025&amp;jornal=529&amp;pagina=106" editionNumber="144" highlightType="" highlightPriority="" highlight="" highlightimage="" highlightimagename="" idMateria="22944031">
  <body>
    <Identifica><![CDATA[ PORTARIA N° 601, DE 30 DE JULHO DE 2025]]></Identifica>
    <Data><![CDATA[]]></Data>
    <Ementa />
    <Titulo />
    <SubTitulo />
    <Texto><![CDATA[<p class="identifica">PORTARIA N° 601, DE 30 DE JULHO DE 2025</p><p>A PRESIDENTE EM EXERCÍCIO DO TRIBUNAL REGIONAL ELEITORAL DE SERGIPE, no exercício de suas atribuições legais e regimentais, resolve:</p><p>Art. 1º NOMEAR o(a) candidato(a) JOAO GABRIEL FRANCO DE DEUS CARVALHO BOMFIM, classificado(a) em 1º lugar no Concurso Público de Provas, destinado ao provimento das vagas deste Tribunal, para ocupar o cargo de Analista Judiciário, Área Administrativa, Classe "A", Padrão 1, do Quadro de Pessoal deste Tribunal, criado pela Lei n.º 10.842, de 20 de fevereiro de 2004, vago em decorrência de aposentadoria do(a) servidor(a) MARIA DAS GRAÇAS NASCIMENTO LIMA, publicada na Portaria n.º 1220, DOU n.º 236, Seção 2, em 13 de dezembro de 2023, enquadrado nos limites autorizados no anexo I, da Portaria TSE n.º 236, de 27 de maio de 2025.</p><p>Art. 2º Esta Portaria entra em vigor na data de sua publicação.</p><p class="assina">Desª. Ana Bernadete Leite de C. Andrade</p>]]></Texto>
  </body>
  <Midias />
</article></xml>