﻿<xml><article id="44718433" name="Port. FG - 7473 a 7477" idOficio="11184725" pubName="DO2" artType="Portaria" pubDate="01/08/2025" artClass="00025:00110:00017:00000:00000:00000:00000:00000:00000:00000:00017:00005" artCategory="Ministério da Educação/Universidade Federal de Minas Gerais/Pró-Reitoria de Recursos Humanos" artSize="12" artNotes="" numberPage="37" pdfPage="http://pesquisa.in.gov.br/imprensa/jsp/visualiza/index.jsp?data=01/08/2025&amp;jornal=529&amp;pagina=37" editionNumber="144" highlightType="" highlightPriority="" highlight="" highlightimage="" highlightimagename="" idMateria="22937654">
  <body>
    <Identifica><![CDATA[ PORTARIAS DE 30 DE JULHO DE 2025]]></Identifica>
    <Data><![CDATA[]]></Data>
    <Ementa />
    <Titulo />
    <SubTitulo />
    <Texto><![CDATA[<p class="identifica">PORTARIAS DE 30 DE JULHO DE 2025</p><p>A Pró-Reitora de Recursos Humanos da Universidade Federal de Minas Gerais, no uso da atribuição que lhe confere a Portaria de Delegação de Competências nº 3258, de 03/05/2022, da Magnífica Reitora, resolve:</p><p>Nº 7.473 - Dispensar o servidor Rafael Magalhães Angrisano, matrícula SIAPE nº 2389523, ocupante do cargo efetivo de Relações Públicas, da função de Chefe Cerimonial, código FG-01, da Diretoria de Cooperação Institucional, a partir de 01/08/2025.</p><p>Nº 7.474 - Designar o servidor Lucas Rocha de Alvarenga, matrícula SIAPE nº 1387715, ocupante do cargo efetivo de Relações Públicas, para exercer a função de Chefe Cerimonial, da Diretoria de Cooperação Institucional, código FG-01, a partir da data de publicação desta Portaria no Diário Oficial da União.</p><p>Nº 7.475 - Dispensar o servidor Arnon Sávio Reis de Oliveira, matrícula SIAPE nº 2272152, ocupante do cargo efetivo de Professor do Magistério Superior, da função de Chefe do Departamento de Teoria Geral da Música, código FG-01, da Escola de Música da UFMG, a partir de 01/08/2025.</p><p>Nº 7.476 - Designar o servidor Eduardo Pires Rosse, matrícula SIAPE nº 2332743, ocupante do cargo efetivo de Professor do Magistério Superior, para exercer a função de Chefe do Departamento Teoria Geral da Música, da Escola de Música da UFMG, código FG-01, com mandato de 2 (dois) anos, a partir da data de publicação desta Portaria no Diário Oficial da União.</p><p>Nº 7.477 - Dispensar a servidora Kelle dos Santos Carvalho, matrícula SIAPE nº 1901213, ocupante do cargo efetivo de Assistente em Administração, da função de Chefe do Setor de Apoio à Câmara de Pesquisa, código FG-05, da Faculdade de Letras, a partir de 01/08/2025.</p><p class="assina">MARIA MÁRCIA MAGELA MACHADO</p>]]></Texto>
  </body>
  <Midias />
</article></xml>