﻿<xml><article id="44717881" name="Portarias 2696 TANIA MARIA APOSE" idOficio="11178371" pubName="DO2" artType="Portaria" pubDate="01/08/2025" artClass="00025:00143:00000:00000:00000:00000:00000:00000:00000:00000:00017:00001" artCategory="Ministério da Educação/Fundação Universidade Federal do Acre" artSize="12" artNotes="" numberPage="49" pdfPage="http://pesquisa.in.gov.br/imprensa/jsp/visualiza/index.jsp?data=01/08/2025&amp;jornal=529&amp;pagina=49" editionNumber="144" highlightType="" highlightPriority="" highlight="" highlightimage="" highlightimagename="" idMateria="22926634">
  <body>
    <Identifica><![CDATA[ PORTARIA Nº 2.696, DE 29 DE JULHO DE 2025]]></Identifica>
    <Data><![CDATA[]]></Data>
    <Ementa />
    <Titulo />
    <SubTitulo />
    <Texto><![CDATA[<p class="identifica">PORTARIA Nº 2.696, DE 29 DE JULHO DE 2025</p><p>A REITORA DA UNIVERSIDADE FEDERAL DO ACRE, no uso das atribuições que lhe confere o Decreto de 9 de agosto de 2022, publicado no Diário Oficial da União (DOU) nº 151, Seção 2, página 1, de 10 de agosto de 2022, combinado com o art. 80, Inciso I, do Regimento Geral da UFAC, e o que consta no processo administrativo nº 23107.017837/2025-61, resolve:</p><p>Art. 1º CONCEDER Aposentadoria Voluntária, com proventos integrais, a servidora TÂNIA MARIA DE PAULA PEREIRA, Matrícula SIAPE nº 7414606, Identificação Única nº 4146069, ocupante do cargo efetivo de Técnico de Laboratório, Nível de Classificação D, Padrão 019, Grupo/Cargo 701/244, Código de vaga nº 324411, lotada no Centro de Ciências da Saúde e Desporto, com fundamento no art. 20, §2º, inciso I, da Emenda Constitucional nº 103/2019.</p><p>Art. 2º DECLARAR vago, em decorrência, o cargo acima citado.</p><p>Art. 3º Esta portaria entra em vigência a contar da data de publicação no Diário Oficial da União (DOU).</p><p class="assina">MARGARIDA DE AQUINO CUNHA</p>]]></Texto>
  </body>
  <Midias />
</article></xml>