﻿<xml><article id="44720770" name="Port. de Pessoal PRFN3-MF 594 de" idOficio="11188821" pubName="DO2" artType="Portaria" pubDate="01/08/2025" artClass="00028:00029:00020:00000:00000:00000:00000:00000:00000:00000:00017:00000" artCategory="Ministério da Fazenda/Procuradoria-Geral da Fazenda Nacional/Procuradoria Regional da Fazenda Nacional na 3ª Região" artSize="12" artNotes="" numberPage="55" pdfPage="http://pesquisa.in.gov.br/imprensa/jsp/visualiza/index.jsp?data=01/08/2025&amp;jornal=529&amp;pagina=55" editionNumber="144" highlightType="" highlightPriority="" highlight="" highlightimage="" highlightimagename="" idMateria="22944713">
  <body>
    <Identifica><![CDATA[ PORTARIA DE PESSOAL PRFN3/MF Nº 594, de DE 30 DE JULHO DE 2025]]></Identifica>
    <Data><![CDATA[]]></Data>
    <Ementa />
    <Titulo />
    <SubTitulo />
    <Texto><![CDATA[<p class="identifica">PORTARIA DE PESSOAL PRFN3/MF Nº 594, de DE 30 DE JULHO DE 2025</p><p>O PROCURADOR REGIONAL DA FAZENDA NACIONAL NA 3ª REGIÃO, no uso da competência que lhe foi subdelegada pelo art. 11º da Portaria MF nº 267, de 26 de abril de 2023, publicada no D.O.U de 27 de abril de 2023, e pelo inciso I do artigo 7º da Portaria PGFN nº 25.541, de 29 de dezembro de 2020, publicada no DOU de 31 de dezembro de 2020, c/c o artigo 1º da Portaria PGFN nº 6.480, de 6 de março de 2020, publicada no D.O.U. de 11 de março de 2020 bem como o disposto no Processo 19839.003340/2025-24, resolve:</p><p>Fica designado OCINO BATISTA DOS SANTOS JÚNIOR, Procurador da Fazenda Nacional, matrícula Siape nº 1192758, para exercer a Função Comissionada Executiva de Procurador Seccional, código FCE 1.06, da Procuradoria Seccional da Fazenda Nacional em Osasco, no Estado de São Paulo, da Procuradoria Regional da Fazenda Nacional na 3ª Região, ficando, em consequência, dispensado do encargo que atualmente exerce.</p><p class="assina">JOÃO GUILHERME DE MOURA ROCHA PARENTE MUNIZ</p>]]></Texto>
  </body>
  <Midias />
</article></xml>