﻿<xml><article id="44717608" name="Portarias 2697 - APOSENTADORIA E" idOficio="11178464" pubName="DO2" artType="Portaria" pubDate="01/08/2025" artClass="00025:00143:00000:00000:00000:00000:00000:00000:00000:00000:00017:00002" artCategory="Ministério da Educação/Fundação Universidade Federal do Acre" artSize="12" artNotes="" numberPage="49" pdfPage="http://pesquisa.in.gov.br/imprensa/jsp/visualiza/index.jsp?data=01/08/2025&amp;jornal=529&amp;pagina=49" editionNumber="144" highlightType="" highlightPriority="" highlight="" highlightimage="" highlightimagename="" idMateria="22926707">
  <body>
    <Identifica><![CDATA[ PORTARIA Nº 2.697, DE 29 DE JULHO DE 2025]]></Identifica>
    <Data><![CDATA[]]></Data>
    <Ementa />
    <Titulo />
    <SubTitulo />
    <Texto><![CDATA[<p class="identifica">PORTARIA Nº 2.697, DE 29 DE JULHO DE 2025</p><p>A REITORA DA UNIVERSIDADE FEDERAL DO ACRE, no uso das atribuições que lhe confere o Decreto de 9 de agosto de 2022, publicado no Diário Oficial da União (DOU) nº 151, Seção 2, página 1, de 10 de agosto de 2022, combinado com o art. 80, Inciso I, do Regimento Geral da UFAC, e o que consta no processo administrativo nº 23107.017750/2025-94, resolve:</p><p>Art. 1º CONCEDER Aposentadoria Voluntária, com proventos integrais, a servidora ELIANA BARROSO DA SILVA, Matrícula SIAPE nº 0414239, Identificação Única nº 4142391, ocupante do cargo efetivo de Técnico em Assuntos Educacionais, Nível de Classificação E, Padrão 019, Grupo/Cargo 701/079, Código de vaga nº 324044, lotada no Núcleo de Registro e Controle Acadêmico (NURCA), com fundamento no art. 10, § 1º, inc. I e 26, da Emenda Constitucional nº 103/2019.</p><p>Art. 2º DECLARAR vago, em decorrência, o cargo acima citado.</p><p>Art. 3º Esta portaria entra em vigência a contar da data de publicação no Diário Oficial da União (DOU).</p><p class="assina">MARGARIDA DE AQUINO CUNHA</p>]]></Texto>
  </body>
  <Midias />
</article></xml>