﻿<xml><article id="44717809" name="PR DGI 184 31-07" idOficio="11188402" pubName="DO2" artType="Portaria" pubDate="01/08/2025" artClass="00013:00061:00011:00000:00000:00000:00000:00000:00000:00000:00017:00000" artCategory="Ministério da Ciência, Tecnologia e Inovação/Comissão Nacional de Energia Nuclear/Diretoria de Gestão Institucional" artSize="12" artNotes="" numberPage="5" pdfPage="http://pesquisa.in.gov.br/imprensa/jsp/visualiza/index.jsp?data=01/08/2025&amp;jornal=529&amp;pagina=5" editionNumber="144" highlightType="" highlightPriority="" highlight="" highlightimage="" highlightimagename="" idMateria="22944195">
  <body>
    <Identifica><![CDATA[ PORTARIA nº 184, 30 de JULHO de 2025]]></Identifica>
    <Data><![CDATA[]]></Data>
    <Ementa />
    <Titulo />
    <SubTitulo />
    <Texto><![CDATA[<p class="identifica">PORTARIA nº 184, 30 de JULHO de 2025</p><p>O DIRETOR DE GESTÃO INSTITUCIONAL DA COMISSÃO NACIONAL DE ENERGIA NUCLEAR(CNEN), no uso das atribuições que lhe foram conferidas pela Portaria do MINISTÉRIO DA CIÊNCIA, TECNOLOGIA E INOVAÇÃO nº 445, de 18 de abril de 2024, publicada no Diário Oficial da União nº 76, de 19 de abril de 2024, página 1, Seção 2 e, considerando o contido no Processo SEI-CNEN nº 01341.004325/2025-20, resolve:</p><p>Art. 1º Conceder pensão à Srª. Maria de Lourdes dos Santos da Costa, na qualidade de cônjuge do ex-servidor Sr. Daniel Fernando da Costa, matrícula SIAPE nº 0667332, do quadro de pessoal desta Comissão Nacional de Energia Nuclear, falecido em 05/07/2025, com fundamento no inciso I do art. 3º da Portaria SGP/SEDGG/ME nº 4645, de 24 de maio de 2022, c/c o art. 217 da Lei nº 8.112, de 11 de dezembro de 1990, e art. 23 da Emenda Constitucional nº 103, de 12 de novembro de 2019.</p><p>Art. 2º Os efeitos desta Portaria entram em vigor na data do óbito do instituidor da pensão.</p><p class="assina">Pedro Maffia da Silva</p>]]></Texto>
  </body>
  <Midias />
</article></xml>