﻿<xml><article id="44717185" name="Ato NA 4089" idOficio="11157237" pubName="DO2" artType="Ato" pubDate="01/08/2025" artClass="00070:00010:00001:00000:00000:00000:00000:00000:00000:00000:00001:00000" artCategory="Poder Judiciário/Tribunal Regional Federal da 4ª Região/Presidência" artSize="12" artNotes="" numberPage="102" pdfPage="http://pesquisa.in.gov.br/imprensa/jsp/visualiza/index.jsp?data=01/08/2025&amp;jornal=529&amp;pagina=102" editionNumber="144" highlightType="" highlightPriority="" highlight="" highlightimage="" highlightimagename="" idMateria="22890722">
  <body>
    <Identifica><![CDATA[ Ato Nº 4.089, DE 18 DE JULHO DE 2025]]></Identifica>
    <Data><![CDATA[]]></Data>
    <Ementa />
    <Titulo />
    <SubTitulo />
    <Texto><![CDATA[<p class="identifica">Ato Nº 4.089, DE 18 DE JULHO DE 2025</p><p>O PRESIDENTE DO TRIBUNAL REGIONAL FEDERAL DA 4ª REGIÃO, no uso das atribuições legais e regimentais, tendo em vista o quanto decidido pelo Conselho de Administração desta Corte e o que consta no Processo Administrativo 0000533-83.2025.4.04.8002, resolve:</p><p>I - REDISTRIBUIR para o quadro de pessoal do Tribunal Regional do Trabalho da 1ª Região o cargo de Analista Judiciário, Área Judiciária, Oficial de Justiça Avaliador Federal, do Quadro Permanente de Pessoal da Justiça Federal de Primeiro Grau da 4ª Região, Seção Judiciária de Santa Catarina, ocupado pela servidora ALESSANDRA JOTHA DA COSTA, em reciprocidade à redistribuição do cargo de mesma denominação, ocupado pela servidora ANA TERESA PACHECO MUGGIATI, do Quadro Permanente de Pessoal daquele órgão, com fundamento no artigo 37 da Lei 8.112/1990, alterado pela Lei 9.527/1997.</p><p>II - CONCEDER 10 (dez) dias de trânsito à servidora ANA TERESA PACHECO MUGGIATI, consoante o disposto no artigo 18, caput, da Lei nº 8.112/1990.</p><p>Este Ato entra em vigor na data de sua publicação.</p><p class="assina">JOÃO BATISTA PINTO SILVEIRA</p>]]></Texto>
  </body>
  <Midias />
</article></xml>