﻿<xml><article id="44723090" name="Minuta de Portaria Gov. Mangabei" idOficio="11189421" pubName="DO2" artType="Portaria" pubDate="01/08/2025" artClass="00025:00058:00006:00000:00000:00000:00000:00000:00000:00000:00017:00001" artCategory="Ministério da Educação/Instituto Federal de Educação, Ciência e Tecnologia Baiano/Gabinete" artSize="12" artNotes="" numberPage="21" pdfPage="http://pesquisa.in.gov.br/imprensa/jsp/visualiza/index.jsp?data=01/08/2025&amp;jornal=529&amp;pagina=21" editionNumber="144" highlightType="" highlightPriority="" highlight="" highlightimage="" highlightimagename="" idMateria="22945553">
  <body>
    <Identifica><![CDATA[ PORTARIA Nº 318, DE 31 DE JULHO DE 2025]]></Identifica>
    <Data><![CDATA[]]></Data>
    <Ementa />
    <Titulo />
    <SubTitulo />
    <Texto><![CDATA[<p class="identifica">PORTARIA Nº 318, DE 31 DE JULHO DE 2025</p><p>O REITOR DO INSTITUTO FEDERAL DE EDUCAÇÃO, CIÊNCIA E TECNOLOGIA BAIANO, no uso das suas atribuições delegadas pelo Decreto de 26/04/2022, publicado no DOU de 27/04/2022, Seção 2, página 1, e de acordo com as disposições contidas na Lei nº 8.112, de 11/12/1990 e na Lei nº 11.892, de 29/12/2008, resolve:</p><p>Art. 1º Designar o servidor Jabes Almeida dos Reis, Auxiliar em Administração, SIAPE 2187794 para atuar como Pregoeira Oficial no IF Baiano - Campus Governador Mangabeira.</p><p>Art. 2º Equipe de Apoio aos trabalhos do pregoeiro: Daiana Silva Mamona Nascimento, Assistente em Administração, SIAPE 2034862; Emerson Wilberto Silva Leite, Técnico em Agropecuária, SIAPE 3422876 ; Sandoval Sampaio da Silva, Auxiliar de Biblioteca, SIAPE 1983812 e Willy Jaguaracy Vasconcelos Rodrigues, Técnico em Agropecuária, SIAPE 2390307.</p><p>Art. 3º Esta portaria entra em vigor na data de sua assinatura.</p><p class="assina">AÉCIO JOSÉ ARAÚJO PASSOS DUARTE</p>]]></Texto>
  </body>
  <Midias />
</article></xml>