﻿<xml><article id="44718196" name="569" idOficio="11172825" pubName="DO2" artType="Portaria" pubDate="01/08/2025" artClass="00070:00043:00001:00000:00000:00000:00000:00000:00000:00000:00017:00000" artCategory="Poder Judiciário/Tribunal Regional do Trabalho da 2ª Região/Diretoria-Geral da Administração" artSize="12" artNotes="" numberPage="109" pdfPage="http://pesquisa.in.gov.br/imprensa/jsp/visualiza/index.jsp?data=01/08/2025&amp;jornal=529&amp;pagina=109" editionNumber="144" highlightType="" highlightPriority="" highlight="" highlightimage="" highlightimagename="" idMateria="22918435">
  <body>
    <Identifica><![CDATA[ PORTARIA DG/SGP nº 569, de 28 de julho de 2025]]></Identifica>
    <Data><![CDATA[]]></Data>
    <Ementa />
    <Titulo />
    <SubTitulo />
    <Texto><![CDATA[<p class="identifica">PORTARIA DG/SGP nº 569, de 28 de julho de 2025</p><p>O DIRETOR-GERAL DA ADMINISTRAÇÃO DO TRIBUNAL REGIONAL DO TRABALHO DA 2ª REGIÃO SUBSTITUTO, no uso da atribuição que lhe foi delegada por meio do Ato GP n. 57/2024, artigo 1º, inciso XVI, alínea "m", e tendo em vista o que consta do PROAD n. 34.635/2025, resolve:</p><p>Art. 1º Conceder aposentadoria voluntária, com proventos integrais, à servidora Leonor Alves Leão, matrícula n. 49050, no cargo de Analista Judiciário, Área Administrativa, padrão C.NI.13, do Quadro Permanente da Secretaria deste Tribunal, com fundamento no artigo 20, caput, e §2º, inciso I, da EC n. 103/2019, acrescidos das vantagens a que faz jus.</p><p>Art. 3º Esta Portaria entra em vigor na data de sua publicação.</p><p class="assina">AQUILES JOSÉ MALVEZZI</p>]]></Texto>
  </body>
  <Midias />
</article></xml>