﻿<xml><article id="44720965" name="Portarias_de_Pessoal_7688-89" idOficio="11188935" pubName="DO2" artType="Portaria" pubDate="01/08/2025" artClass="00025:00121:00000:00000:00000:00000:00000:00000:00000:00000:00013:00003" artCategory="Ministério da Educação/Universidade Federal do Rio de Janeiro" artSize="12" artNotes="" numberPage="44" pdfPage="http://pesquisa.in.gov.br/imprensa/jsp/visualiza/index.jsp?data=01/08/2025&amp;jornal=529&amp;pagina=44" editionNumber="144" highlightType="" highlightPriority="" highlight="" highlightimage="" highlightimagename="" idMateria="22944826">
  <body>
    <Identifica><![CDATA[ PORTARIAS DE 28 DE JULHO DE 2025]]></Identifica>
    <Data><![CDATA[]]></Data>
    <Ementa />
    <Titulo />
    <SubTitulo />
    <Texto><![CDATA[<p class="identifica">PORTARIAS DE 28 DE JULHO DE 2025</p><p>O Reitor da Universidade Federal do Rio de Janeiro, no uso de suas atribuições conferidas pelo Decreto de 27 de Junho de 2023, publicada no Diário Oficial da União nº 121 de 28 de Junho de 2023, resolve:</p><p>Nº 7.688 - Dispensar, a pedido, ADRIANA DE RESENDE BARRETO VIANNA, Matrícula Siape nº 1487494, Professor do Magistério Superior, da Função Gratificada de Coordenador de Pós-Graduação do Curso de Antropologia Social, do(a) Museu Nacional - MN, FUC-1, processo nº 23079.225546/25-20.</p><p>Nº 7.689 - Designar MARIA ELVIRA DIAZ BENITEZ, Matrícula Siape nº 1998743, Professor do Magistério Superior, para exercer a Função Gratificada de Coordenador de Pós-Graduação do Curso de Antropologia Social, do(a) Museu Nacional - MN, FUC-1, processo nº 23079.225546/25-20.</p><p class="assina">ROBERTO DE ANDRADE MEDRONHO</p>]]></Texto>
  </body>
  <Midias />
</article></xml>