﻿<xml><article id="44717371" name="Nomeacao Isadora - Assessora da " idOficio="11182308" pubName="DO2" artType="Portaria" pubDate="01/08/2025" artClass="00071:00076:00000:00000:00000:00000:00000:00000:00000:00000:00017:00000" artCategory="Entidades de Fiscalização do Exercício das Profissões Liberais/CONSELHO REGIONAL DE ADMINISTRAÇÃO MATO GROSSO" artSize="12" artNotes="" numberPage="115" pdfPage="http://pesquisa.in.gov.br/imprensa/jsp/visualiza/index.jsp?data=01/08/2025&amp;jornal=529&amp;pagina=115" editionNumber="144" highlightType="" highlightPriority="" highlight="" highlightimage="" highlightimagename="" idMateria="22933012">
  <body>
    <Identifica><![CDATA[  PORTARIA CRA-MT Nº 23, DE 29 DE JULHO DE 2025]]></Identifica>
    <Data><![CDATA[]]></Data>
    <Ementa />
    <Titulo />
    <SubTitulo />
    <Texto><![CDATA[<p class="identifica">PORTARIA CRA-MT Nº 23, DE 29 DE JULHO DE 2025</p><p>O Presidente do Conselho Regional de Administração de Mato Grosso, no uso das atribuições que lhe conferem a Lei n.º 4.769, de 9 de setembro de 1965, o Regulamento aprovado pelo Decreto n.º 61.934, de 22 de dezembro de 1967 e o Regimento do CRA-MT aprovado pela Resolução Normativa CFA nº 498, de 29 de Março de 2017, resolve:</p><p>Art. 1º Nomear no Cargo Comissionado (CC-04) Assessor da Diretoria Executiva a Sr.ª ISADORA PALMA FONSECA, à partir de 01 de Agosto de 2025;</p><p class="assina">Helio Tito Simões de Arruda</p><p class="cargo"></p>]]></Texto>
  </body>
  <Midias />
</article></xml>