﻿<xml><article id="44717719" name="Portarias para DOU 01-08" idOficio="11153810" pubName="DO2" artType="Portaria" pubDate="01/08/2025" artClass="00025:00063:00000:00000:00000:00000:00000:00000:00000:00000:00017:00000" artCategory="Ministério da Educação/Instituto Federal de Educação, Ciência e Tecnologia Farroupilha" artSize="12" artNotes="" numberPage="23" pdfPage="http://pesquisa.in.gov.br/imprensa/jsp/visualiza/index.jsp?data=01/08/2025&amp;jornal=529&amp;pagina=23" editionNumber="144" highlightType="" highlightPriority="" highlight="" highlightimage="" highlightimagename="" idMateria="22885854">
  <body>
    <Identifica><![CDATA[ PORTARIAS DE 18 DE JULHO DE 2025]]></Identifica>
    <Data><![CDATA[]]></Data>
    <Ementa />
    <Titulo />
    <SubTitulo />
    <Texto><![CDATA[<p class="identifica">PORTARIAS DE 18 DE JULHO DE 2025</p><p>A REITORA DO INSTITUTO FEDERAL DE EDUCAÇÃO, CIÊNCIA E TECNOLOGIA FARROUPILHA, nomeada pelo Decreto Presidencial de 29 de janeiro de 2021, publicado no Diário Oficial da União de 1º de fevereiro de 2021, e reconduzida pelo Decreto Presidencial de 30 de janeiro de 2025, publicado no Diário Oficial da União de 31 de janeiro de 2025, no uso da atribuição que lhe confere o art. 13 da Resolução Consup nº 186, de 28 de novembro de 2014 e os termos dos respectivos processos, Processo Nº 23242.002504/2025-83, resolve:</p><p>Nº 1.296- Art. 1º A servidora Gislaine Hermann - matrícula Siape nº 1016936 - ocupante do Cargo de Professor do Ensino Básico, Técnico e Tecnológico, fica dispensada da função de Coordenadora do Curso Superior de Tecnologia em Alimentos, Código FCC, do Instituto Federal de Educação, Ciência e Tecnologia Farroupilha - Campus Santa Rosa.</p><p>Art. 2º Esta portaria entra em vigor na data de sua publicação.</p><p>Nº 1.297- Art. 1º O servidor Lauri Mayer - matrícula Siape nº 1757311, ocupante do Cargo de Professor do Ensino Básico, Técnico e Tecnológico, fica designado para a função de Coordenador do Curso Superior de Tecnologia em Alimentos, Código FCC, do Instituto Federal de Educação, Ciência e Tecnologia Farroupilha - Campus Santa Rosa.</p><p>Art. 2º Esta portaria entra em vigor na data de sua publicação.</p><p>Nº 1.298- Art. 1º A servidora Paula Michele Abentroth Klaic - matrícula Siape nº 1808880, ocupante do Cargo de Professor do Ensino Básico, Técnico e Tecnológico, fica dispensada da função de Coordenadora Substituta do Curso Superior de Tecnologia em Alimentos, Código FCC, do Instituto Federal de Educação, Ciência e Tecnologia Farroupilha - Campus Santa Rosa.</p><p>Art. 2º Esta portaria entra em vigor na data de sua publicação.</p><p>Nº 1.299 -Art. 1º A servidora Paula Michele Abentroth Klaic - matrícula Siape nº 1808880, ocupante do Cargo de Professor do Ensino Básico, Técnico e Tecnológico, fica dispensada da função de Coordenadora Substituta do Curso Superior de Tecnologia em Alimentos, Código FCC, do Instituto Federal de Educação, Ciência e Tecnologia Farroupilha - Campus Santa Rosa.</p><p>Art. 2º Esta portaria entra em vigor na data de sua publicação.</p><p>Processo Nº 23242.002503/2025-39</p><p>Nº 1.300 Art. 1º A servidora Graciele Hilda Welter- matrícula Siape nº 2757216, ocupante do Cargo de Professor do Ensino Básico, Técnico e Tecnológico, fica reconduzida para a função de Coordenadora do Curso Técnico em Alimentos Integrado EJA/EPT (Proeja), Código FCC, do Instituto Federal de Educação, Ciência e Tecnologia Farroupilha - Campus Santa Rosa.</p><p>Art. 2º Esta portaria entra em vigor na data de sua publicação.</p><p>Nº 1.301 Art. 1º A servidora Maira Eveline Schmitz - matrícula Siape nº 2757216, ocupante do Cargo de Professor do Ensino Básico, Técnico e Tecnológico, fica dispensada da função de Coordenadora Substituta do Curso Técnico em Alimentos Integrado EJA/EPT (Proeja), Código FCC, do Instituto Federal de Educação, Ciência e Tecnologia Farroupilha - Campus Santa Rosa.</p><p>Art. 2º Esta portaria entra em vigor na data de sua publicação.</p><p>Nº 1.302 Art. 1º A servidora Paula Michele Abentroth Klaic - matrícula Siape nº 1808880, ocupante do Cargo de Professor do Ensino Básico, Técnico e Tecnológico, fica designada para a função de Coordenadora Substituta do Curso Técnico em Alimentos Integrado EJA/EPT (Proeja), Código FCC, do Instituto Federal de Educação, Ciência e Tecnologia Farroupilha - Campus Santa Rosa.</p><p>Art. 2º Esta portaria entra em vigor na data de sua publicação.</p><p class="assina">NIDIA HERINGER</p>]]></Texto>
  </body>
  <Midias />
</article></xml>