﻿<xml><article id="44717203" name="22 - ATO CSJT.SG N.A 22 de 2025 " idOficio="11187495" pubName="DO2" artType="Ato" pubDate="01/08/2025" artClass="00070:00005:00003:00000:00000:00000:00000:00000:00000:00000:00001:00000" artCategory="Poder Judiciário/Tribunal Superior do Trabalho/Conselho Superior da Justiça do Trabalho" artSize="12" artNotes="" numberPage="100" pdfPage="http://pesquisa.in.gov.br/imprensa/jsp/visualiza/index.jsp?data=01/08/2025&amp;jornal=529&amp;pagina=100" editionNumber="144" highlightType="" highlightPriority="" highlight="" highlightimage="" highlightimagename="" idMateria="22942387">
  <body>
    <Identifica><![CDATA[ ATO CSJT.SG Nº 22, de 29 de julho de 2025]]></Identifica>
    <Data><![CDATA[]]></Data>
    <Ementa />
    <Titulo />
    <SubTitulo />
    <Texto><![CDATA[<p class="identifica">ATO CSJT.SG Nº 22, de 29 de julho de 2025</p><p>O SECRETÁRIO-GERAL DO CONSELHO SUPERIOR DA JUSTIÇA DO TRABALHO, no uso de suas atribuições estabelecidas no Regulamento Geral do Conselho Superior da Justiça do Trabalho,</p><p>considerando o teor do Processo Administrativo SEI n.º 6000594/2025-00,resolve:</p><p>Art. 1º Dispensar o servidor LEANDRO VIEIRA RODRIGUES, código 54.370, Analista Judiciário, Área Apoio Especializado, Especialidade Suporte em Tecnologia da Informação, da função comissionada de Assistente 6, nível FC-6, da Tabela de Funções Comissionadas da Coordenadoria Técnica do Processo Judicial Eletrônico.</p><p>Art. 2º Designar o servidor DANIEL SOUTO ROCHA, código 51.108, Analista Judiciário, Área Apoio Especializado, Especialidade Análise de Sistemas, para exercer a função comissionada de Assistente 6, nível FC-6, da Tabela de Funções Comissionadas da Coordenadoria Técnica do Processo Judicial Eletrônico, ficando dispensado da função comissionada de Assistente 5, nível FC-5, da referida Coordenadoria.</p><p>Art. 3º Designar o servidor JOSÉ FERNANDO TEPEDINO MARTINS, código 53.265, Técnico Judiciário, Área Apoio Especializado, Especialidade Programação, para exercer a função comissionada de Assistente 5, nível FC-5, da Tabela de Funções Comissionadas da Coordenadoria Técnica do Processo Judicial Eletrônico, ficando dispensado da função comissionada de Assistente 4, nível FC-4, da referida Coordenadoria.</p><p>Art. 4º Designar o servidor HERBERT BEZERRA PARENTE, código 51.402, Analista Judiciário, Área Apoio Especializado, Especialidade Análise de Sistemas, para exercer a função comissionada de Assistente 4, nível FC-4, da Tabela de Funções Comissionadas da Coordenadoria Técnica do Processo Judicial Eletrônico.</p><p>Art. 5º Este Ato entra em vigor na data de sua publicação.</p><p class="assina">BRÁULIO GABRIEL GUSMÃO</p>]]></Texto>
  </body>
  <Midias />
</article></xml>