﻿<xml><article id="44718325" name="Portaria 132-2025__9T9EYM" idOficio="11188206" pubName="DO2" artType="Portaria" pubDate="01/08/2025" artClass="00018:00033:00000:00000:00000:00000:00000:00000:00000:00000:00017:00000" artCategory="Ministério do Desenvolvimento e Assistência Social, Família e Combate à Fome/Secretaria Nacional de Segurança Alimentar e Nutricional" artSize="12" artNotes="" numberPage="16" pdfPage="http://pesquisa.in.gov.br/imprensa/jsp/visualiza/index.jsp?data=01/08/2025&amp;jornal=529&amp;pagina=16" editionNumber="144" highlightType="" highlightPriority="" highlight="" highlightimage="" highlightimagename="" idMateria="22943921">
  <body>
    <Identifica><![CDATA[ PORTARIA Nº 132 DE 30 DE JULHO DE 2025]]></Identifica>
    <Data><![CDATA[]]></Data>
    <Ementa />
    <Titulo />
    <SubTitulo />
    <Texto><![CDATA[<p class="identifica">PORTARIA Nº 132 DE 30 DE JULHO DE 2025</p><p>A SECRETÁRIA NACIONAL DE SEGURANÇA ALIMENTAR E NUTRICIONAL, SUBSTITUTA, DO MINISTÉRIO DO DESENVOLVIMENTO E ASSISTÊNCIA SOCIAL, FAMÍLIA E COMBATE À FOME, nos termos do disposto no art. 35, inciso V, alínea "h", e art. 58 da Lei nº 13.019, de 31 de julho de 2014, e no art. 49 do Decreto nº 8.726, de 27 de abril de 2016, resolve:</p><p>Art. 1º Constituir a Comissão de Monitoramento e Avaliação para monitorar e avaliar as parcerias com Organizações da Sociedade Civil (OSC) celebradas pela União, por intermédio do Ministério do Desenvolvimento e Assistência Social, Família e Combate à Fome (MDS), no âmbito do Departamento de Promoção da Alimentação Adequada e Saudável, mediante Termo de Colaboração ou Termo de Fomento.</p><p>Art. 2º Designar os seguintes membros para compor a Comissão de Monitoramento e Avaliação de que trata o art. 1º.</p><p>I - Titular: Jaqueline Lima Liskoski, matrícula SIAPE nº 1211942, que atuará como coordenadora;</p><p>a) Suplente: Laila Simaan, matrícula SIAPE nº 1899289;</p><p>II - Titular: Patrícia Metzler Saraiva, matrícula SIAPE nº 1442809;</p><p>b) Suplente: Luciana Gonçalves Costa, matrícula SIAPE nº 2080753;</p><p>III - Titular: Miriam Isabel Engel, matrícula SIAPE nº 14393379; e</p><p>c) Suplente: Rafael Dias Toitio, matrícula SIAPE nº 1157946.</p><p>IV - Titular: Bruna Pitasi Arguelhes, matrícula SIAPE nº 2771581;</p><p>d) Suplente: Gabriela Bioni e Silva, matrícula SIAPE nº 1772047;</p><p>VI - Titular: Cláudia Roberta Bocca Santos, matrícula SIAPE nº 2066456; e</p><p>e) Suplente: Helissa de Oliveira Mendonça Moreira, matrícula SIAPE nº 1698914.</p><p>Art. 3º O membro da Comissão de Monitoramento e Avaliação deverá se declarar impedido de participar do monitoramento e da avaliação do instrumento quando verificar que:</p><p>I - tenha participado, nos últimos cinco anos, como associado, cooperado, dirigente, conselheiro ou empregado da organização da sociedade civil;</p><p>II - sua atuação no monitoramento e na avaliação configure conflito de interesse, nos termos da Lei nº 12.813, de 16 de maio de 2013; ou,</p><p>III - tenha participado da comissão de seleção da parceria.</p><p>Art. 4º Compete à Comissão de Monitoramento e Avaliação apoiar e acompanhar a execução de parcerias celebradas pelo Ministério do Desenvolvimento e Assistência Social, Família e Combate à Fome no âmbito do Departamento de Promoção da Alimentação Adequada e Saudável, a fim de aprimorar os procedimentos, unificar os entendimentos, solucionar controvérsias, padronizar objetos, custos e indicadores, fomentar o controle de resultados e avaliar os relatórios técnicos de monitoramento.</p><p>§1º Para fins de monitoramento e avaliação do cumprimento do objeto poderá ser efetuada visita in loco, dispensada quando a mesma for incompatível com o objeto da parceria.</p><p>§2º O monitoramento e a avaliação do cumprimento do objeto levará em consideração os mecanismos de escuta ao público-alvo acerca dos serviços efetivamente oferecidos no âmbito da parceria, aferindo-se o padrão de qualidade definido em consonância com as diretrizes dos Programas implementados no âmbito do Departamento de Promoção da Alimentação Adequada e Saudável.</p><p>Art. 5º A Comissão de Monitoramento e Avaliação se reunirá de forma ordinária anualmente, convocada pelo coordenador, a fim de avaliar a execução, por meio da análise das ações e procedimentos de caráter preventivo e saneador, objetivando a gestão adequada e regular das parcerias, devendo ser registradas na Plataforma Transferegov, em conformidade com o estabelecido no art. 51 do Decreto nº 8.726, de 27 de abril de 2016.</p><p>Parágrafo Único. A Comissão de Monitoramento e Avaliação poderá se reunir extraordinariamente, convocada pelo coordenador, por solicitação de quaisquer dos membros.</p><p>Art. 6º A Comissão de Monitoramento e Avaliação deverá homologar os relatórios técnicos de monitoramento e avaliação emitidos pela área técnica correspondente, na forma estabelecida no art. 59 da Lei nº 13.019, de 31 de julho de 2014.</p><p>Art. 7º As deliberações da Comissão são tomadas por maioria de votos, presente a maioria absoluta dos membros do Colegiado.</p><p>Art. 8º As propostas e instrumentos formulados pela Comissão serão submetidos à Direção do Departamento de Promoção da Alimentação Adequada e Saudável, para validação e/ ou tramitações necessárias a instâncias superiores, conforme os ritos institucionais do Ministério; este órgão também será o responsável por prestar apoio administrativo.</p><p>Art. 9º Fica revogada a Portaria nº 117, de 17 de agosto de 2023.</p><p>Art. 10° Esta Portaria entra em vigor na data de sua publicação.</p><p class="assina">PATRÍCIA CHAVES GENTIL</p>]]></Texto>
  </body>
  <Midias />
</article></xml>