﻿<xml><article id="44724194" name="P5FEIRADESANTANAN4A9" idOficio="11189711" pubName="DO2" artType="Portaria" pubDate="01/08/2025" artClass="00028:00032:00435:00097:00004:00000:00000:00000:00000:00000:00017:00000" artCategory="Ministério da Fazenda/Secretaria Especial da Receita Federal do Brasil/Secretaria-Adjunta/Superintendência Regional da Receita Federal do Brasil 5ª Região Fiscal/Delegacia da Receita Federal do Brasil em Feira de Santana" artSize="12" artNotes="" numberPage="62" pdfPage="http://pesquisa.in.gov.br/imprensa/jsp/visualiza/index.jsp?data=01/08/2025&amp;jornal=529&amp;pagina=62" editionNumber="144" highlightType="" highlightPriority="" highlight="" highlightimage="" highlightimagename="" idMateria="22945880">
  <body>
    <Identifica><![CDATA[ PORTARIAS DE PESSOAL DRF/FSA, DE 30 de JULHO DE 2025]]></Identifica>
    <Data><![CDATA[]]></Data>
    <Ementa />
    <Titulo />
    <SubTitulo />
    <Texto><![CDATA[<p class="identifica">PORTARIAS DE PESSOAL DRF/FSA, DE 30 de JULHO DE 2025</p><p>O DELEGADO DA RECEITA FEDERAL DO BRASIL EM FEIRA DE SANTANA/BA, no uso da competência que lhe foi subdelegada pela Portaria RFB nº 345, de 24 de agosto de 2023, publicada no DOU de 28 de agosto de 2023, e conforme e-Processo nº 10271.109919/2025-98, resolve:</p><p>Nº 4 Dispensar a Auditora-Fiscal da Receita Federal do Brasil NARA FERREIRA RAMOS, matrícula Siapecad nº 01575454, da Função de Chefe da Equipe de Gestão do Crédito Tributário e do Direito Creditório 1 - Eqrat1, da Delegacia da Receita Federal do Brasil em Feira de Santana/BA, código FCE 1.05.</p><p>Nº 5 Dispensar a Auditora-Fiscal da Receita Federal do Brasil KARINA MONIZ DE ARAGÃO MARQUES DE SOUZA, matrícula Siapecad nº 01763232, do encargo de Substituta Eventual da Chefe da Equipe de Gestão do Crédito Tributário e do Direito Creditório 1 - Eqrat1, da Delegacia da Receita Federal do Brasil em Feira de Santana/BA, código FCE 1.05.</p><p>Nº 6 Dispensar a Auditora-Fiscal da Receita Federal do Brasil KARINA MONIZ DE ARAGÃO MARQUES DE SOUZA, matrícula Siapecad nº 01763232, da Função de Chefe da Equipe de Gestão do Crédito Tributário e do Direito Creditório 3 - Eqrat3, da Delegacia da Receita Federal do Brasil em Feira de Santana/BA, código FG-1.</p><p>Nº 7 Dispensar a Auditora-Fiscal da Receita Federal do Brasil NARA FERREIRA RAMOS, matrícula Siapecad nº 01575454, do encargo de Substituta Eventual da Chefe da Equipe de Gestão do Crédito Tributário e do Direito Creditório 3 - Eqrat3, da Delegacia da Receita Federal do Brasil em Feira de Santana/BA, código FG-1.</p><p>Nº 8 Designar a Auditora-Fiscal da Receita Federal do Brasil KARINA MONIZ DE ARAGÃO MARQUES DE SOUZA, matrícula Siapecad nº 01763232, para a Função de Chefe da Equipe de Gestão do Crédito Tributário e do Direito Creditório 1 - Eqrat1, da Delegacia da Receita Federal do Brasil em Feira de Santana/BA, código FCE 1.05.</p><p>Nº 9 Designar a Auditora-Fiscal da Receita Federal do Brasil KARINA MONIZ DE ARAGÃO MARQUES DE SOUZA, matrícula Siapecad nº 01763232, para o encargo de Substituta Eventual da Chefe da Equipe de Gestão do Crédito Tributário e do Direito Creditório 3 - Eqrat3, da Delegacia da Receita Federal do Brasil em Feira de Santana/BA, código FG-1.</p><p class="assina">GUSTAVO BREITENBACH</p>]]></Texto>
  </body>
  <Midias />
</article></xml>