﻿<xml><article id="44717611" name="PORTARIA N 617_22911087" idOficio="11168429" pubName="DO2" artType="Portaria" pubDate="01/08/2025" artClass="00070:00042:00001:00001:00000:00000:00000:00000:00000:00000:00017:00000" artCategory="Poder Judiciário/Tribunal Regional do Trabalho da 1ª Região/Presidência/Gabinete da Presidência" artSize="12" artNotes="" numberPage="108" pdfPage="http://pesquisa.in.gov.br/imprensa/jsp/visualiza/index.jsp?data=01/08/2025&amp;jornal=529&amp;pagina=108" editionNumber="144" highlightType="" highlightPriority="" highlight="" highlightimage="" highlightimagename="" idMateria="22911087">
  <body>
    <Identifica><![CDATA[ PORTARIA SGP N° 617, DE 18 DE JULHO DE 2025]]></Identifica>
    <Data><![CDATA[]]></Data>
    <Ementa />
    <Titulo />
    <SubTitulo />
    <Texto><![CDATA[<p class="identifica">PORTARIA SGP N° 617, DE 18 DE JULHO DE 2025</p><p>O PRESIDENTE DO TRIBUNAL REGIONAL DO TRABALHO DA PRIMEIRA REGIÃO, no uso de suas atribuições legais e regimentais, tendo em vista o que consta do PROAD 11725/2024, resolve:</p><p>Conceder aposentadoria voluntária ao servidor NEY FERRACINI DE LUCA, no cargo de Analista Judiciário - Área Judiciária, Classe C, Padrão 11, com proventos correspondentes à totalidade da remuneração no cargo efetivo e fundamento no artigo 20, incisos I a IV e §§2º, inciso I e 3º, inciso I da Emenda Constitucional nº 103/2019, observando-se o acréscimo da vantagem pessoal nominalmente identificada nos termos do artigo 62-A da Lei nº 8.112/1990, com redação dada pelo artigo 3º, da MP nº 2225-45/2001 e do artigo 5º da Lei n.º 9.624/1998 c/c o entendimento firmado pelo Acórdão n.º 602/2024 Plenário, bem como o acréscimo do Adicional de Qualificação previsto no artigo 15, inciso III, da Lei nº 11.416/2006.</p><p class="assina">LEONARDO DA SILVEIRA PACHECO</p>]]></Texto>
  </body>
  <Midias />
</article></xml>