﻿<xml><article id="44717989" name="InCom DGI Portaria 182-2025" idOficio="11178342" pubName="DO2" artType="Portaria" pubDate="01/08/2025" artClass="00013:00061:00011:00000:00000:00000:00000:00000:00000:00000:00017:00000" artCategory="Ministério da Ciência, Tecnologia e Inovação/Comissão Nacional de Energia Nuclear/Diretoria de Gestão Institucional" artSize="12" artNotes="" numberPage="5" pdfPage="http://pesquisa.in.gov.br/imprensa/jsp/visualiza/index.jsp?data=01/08/2025&amp;jornal=529&amp;pagina=5" editionNumber="144" highlightType="" highlightPriority="" highlight="" highlightimage="" highlightimagename="" idMateria="22926539">
  <body>
    <Identifica><![CDATA[ PORTARIA nº 182, 25 de JULHO de 2025]]></Identifica>
    <Data><![CDATA[]]></Data>
    <Ementa />
    <Titulo />
    <SubTitulo />
    <Texto><![CDATA[<p class="identifica">PORTARIA nº 182, 25 de JULHO de 2025</p><p>O DIRETOR DE GESTÃO INSTITUCIONAL DA COMISSÃO NACIONAL DE ENERGIA NUCLEAR(CNEN), no uso das atribuições que lhe foram conferidas pela Portaria do Ministro de Estado da Casa Civil da Presidência da República nº 445, de 18 de abril de 2024, publicada no Diário Oficial da União nº 76, de 19 de abril de 2024, página 1, Seção 2, resolve:</p><p>Art. 1º Conceder aposentadoria voluntária à servidora LUISA MARA ROQUE GUERRERO, CPF nº ***. 327.196 - **, matrícula SIAPE nº 0670423, ocupante do cargo permanente de TECNICO, Classe S, Padrão III, nível intermediário, vaga nº 0420210, do quadro de pessoal da Comissão Nacional de Energia Nuclear, conforme disposto nas alíneas "a" e "b" do inciso I do artigo 10, com os proventos calculados em conformidade com inciso I do § 2°, do artigo 26, combinado com o § 4º do artigo 11 da Emenda Constitucional n° 103, de 13/11/2019, declarando, em decorrência, a vacância do cargo acima mencionado. (Processo nº 01346.000351/2024-58).</p><p>Art. 2º Esta portaria entra em vigor na data de sua publicação.</p><p class="assina">Pedro Maffia da Silva</p>]]></Texto>
  </body>
  <Midias />
</article></xml>