﻿<xml><article id="44717743" name="IFGOIANO_RTF_Portaria_5224" idOficio="11188460" pubName="DO2" artType="Portaria" pubDate="01/08/2025" artClass="00025:00065:00001:00000:00000:00000:00000:00000:00000:00000:00017:00001" artCategory="Ministério da Educação/Instituto Federal de Educação, Ciência e Tecnologia Goiano/Reitoria" artSize="12" artNotes="" numberPage="23" pdfPage="http://pesquisa.in.gov.br/imprensa/jsp/visualiza/index.jsp?data=01/08/2025&amp;jornal=529&amp;pagina=23" editionNumber="144" highlightType="" highlightPriority="" highlight="" highlightimage="" highlightimagename="" idMateria="22944304">
  <body>
    <Identifica><![CDATA[ PORTARIA Nº 5.224/REI/IFGOIANO, DE 30 DE JUNHO DE 2025]]></Identifica>
    <Data><![CDATA[]]></Data>
    <Ementa />
    <Titulo />
    <SubTitulo />
    <Texto><![CDATA[<p class="identifica">PORTARIA Nº 5.224/REI/IFGOIANO, DE 30 DE JUNHO DE 2025</p><p>O Reitor do Instituto Federal de Educação, Ciência e Tecnologia Goiano, no uso de suas atribuições legais conferidas pelo Decreto de 07 de março de 2024, publicado no DOU de 08 de março de 2024, Seção 02, página 01, considerando a Lei nº 11.892, de 29 de dezembro de 2008, publicada no DOU de 30 de dezembro de 2008 e o que consta no Processo nº 23216.001650.2025-17, resolve</p><p>Art. 1º Conceder Afastamento para Prestar Colaboração a outra IFE ao servidor LUIS HENRIQUE DA SILVA IGNACIO, ocupante do cargo de Professor de Ensino Básico Técnico e Tecnológico, SIAPE nº 1006287, SIAPECAD nº 02193693, lotado no(a) Campus Rio Verde junto ao Instituto Federal de Goiás, de acordo com o disposto no art. 30, inciso II, da Lei nº 12.772/2012, pelo período de 24 (vinte e quatro) meses.</p><p>Art. 2º Esta Portaria entra em vigor a partir da publicação no Diário Oficial da União.</p><p class="assina">ELIAS DE PADUA MONTEIRO</p>]]></Texto>
  </body>
  <Midias />
</article></xml>