﻿<xml><article id="44725433" name="LAUDA SCEP DOU 31-07-2025 - DG -" idOficio="11190004" pubName="DO2" artType="Ato" pubDate="01/08/2025" artClass="00070:00056:00003:00000:00000:00000:00000:00000:00000:00000:00001:00000" artCategory="Poder Judiciário/Tribunal Regional do Trabalho da 15ª Região/Diretoria-Geral" artSize="12" artNotes="" numberPage="111" pdfPage="http://pesquisa.in.gov.br/imprensa/jsp/visualiza/index.jsp?data=01/08/2025&amp;jornal=529&amp;pagina=111" editionNumber="144" highlightType="" highlightPriority="" highlight="" highlightimage="" highlightimagename="" idMateria="22946272">
  <body>
    <Identifica><![CDATA[ ATO CPV Nº 97, de 23 de julho de 2025]]></Identifica>
    <Data><![CDATA[]]></Data>
    <Ementa />
    <Titulo />
    <SubTitulo />
    <Texto><![CDATA[<p class="identifica">ATO CPV Nº 97, de 23 de julho de 2025</p><p>O DIRETOR-GERAL DO TRIBUNAL REGIONAL DO TRABALHO DA 15ª REGIÃO, no uso da competência delegada pela Portaria GP n.º 57/2018, atualizada pelas Portarias GP n.ºs 56/2019, 77/2021, 15/2023 e 55/2024, e tendo em vista o que consta do PROAD n.º 10934/2025, resolve:</p><p>Exonerar JAMES MARCELO PERES, Analista Judiciário, área Judiciária, do Quadro Permanente da Secretaria deste Tribunal, do cargo em comissão de Assessor de Secretaria Conjunta CJ-03, do mesmo Quadro.</p><p class="assina">Adlei Cristian Carvalho Pereira Schlosser</p><p class="identifica">ATOS CPV de 24 de julho de 2025</p><p>O DIRETOR-GERAL DO TRIBUNAL REGIONAL DO TRABALHO DA 15ª REGIÃO, no uso da competência delegada pela Portaria GP n.º 57/2018, atualizada pelas Portarias GP n.ºs 56/2019, 77/2021, 15/2023 e 55/2024, e tendo em vista o que consta do PROAD n.º 14165/2025, resolve:</p><p>Nº 99 - Exonerar ALDENIR FRANCISCO WICHER, Analista Judiciário, área Judiciária, do Quadro Permanente da Secretaria deste Tribunal, do cargo em comissão de Diretor de Serviço CJ-02, do mesmo Quadro.</p><p>Nº 100 - Exonerar MARCIO VERONEZI PEREIRA, Analista Judiciário, área Administrativa, do Quadro Permanente da Secretaria deste Tribunal, do cargo em comissão de Assessor Técnico CJ-01, do mesmo Quadro.</p><p>Nº 101 - Exonerar GIULIANA PARDO POLICASTRO LA GUARDIA, Técnica Judiciária, área Administrativa, do Quadro Permanente da Secretaria deste Tribunal, do cargo em comissão de Diretora de Serviço CJ-02, do mesmo Quadro.</p><p class="assina">Adlei Cristian Carvalho Pereira Schlosser</p><p class="identifica">ATO CPV Nº 106, de 28 de julho de 2025</p><p>O DIRETOR-GERAL DO TRIBUNAL REGIONAL DO TRABALHO DA 15ª REGIÃO, no uso da competência delegada pela Portaria GP n.º 57/2018, atualizada pelas Portarias GP n.ºs 56/2019, 77/2021, 15/2023 e 55/2024, e tendo em vista o que consta do PROAD n.º 14481/2025, resolve:</p><p>Exonerar FABIOLA ALESSANDRA BERTON AKL E REQUENA, Técnica Judiciária, área Administrativa, do Quadro Permanente da Secretaria deste Tribunal, do cargo em comissão de Assessora Técnica de Gabinete de Desembargadora CJ-01, do mesmo Quadro.</p><p class="assina">Adlei Cristian Carvalho Pereira Schlosser</p>]]></Texto>
  </body>
  <Midias />
</article></xml>