﻿<xml><article id="44722424" name="PORTARIA N 2.770_22945281" idOficio="11189286" pubName="DO2" artType="Portaria" pubDate="01/08/2025" artClass="00033:00045:00015:00000:00000:00000:00000:00000:00000:00000:00017:00021" artCategory="Ministério da Justiça e Segurança Pública/Polícia Federal/Diretoria de Gestão de Pessoas/Coordenação-Geral de Gestão de Pessoas/Coordenação de Administração de Pessoas/Serviço de Cadastro" artSize="12" artNotes="" numberPage="75" pdfPage="http://pesquisa.in.gov.br/imprensa/jsp/visualiza/index.jsp?data=01/08/2025&amp;jornal=529&amp;pagina=75" editionNumber="144" highlightType="" highlightPriority="" highlight="" highlightimage="" highlightimagename="" idMateria="22945281">
  <body>
    <Identifica><![CDATA[ PORTARIA DGP/PF Nº 2.770, DE 30 DE JULHO DE 2025]]></Identifica>
    <Data><![CDATA[]]></Data>
    <Ementa />
    <Titulo />
    <SubTitulo />
    <Texto><![CDATA[<p class="identifica">PORTARIA DGP/PF Nº 2.770, DE 30 DE JULHO DE 2025</p><p>O DIRETOR DE GESTÃO DE PESSOAS DA POLÍCIA FEDERAL, no uso das atribuições que lhe são conferidas pelos incisos XIV e XIX do art. 43 do Regimento Interno da Polícia Federal, aprovado pela Portaria MSP nº 155, de 27/09/2018, publicada no Diário Oficial da União nº 200, de 17/10/2018, e tendo em vista o que consta do Processo nº 08206.000982/2025-00, resolve:</p><p>Art. 1° Conceder aposentadoria especial voluntária, com proventos calculados pela média aritmética e reajustados nos termos estabelecidos para o RGPS, e benefício especial, a SERGIO LUIS FAVA, SIAPE nº 1363986, ocupante do cargo efetivo de Perito Criminal Federal, Classe Especial, do Quadro de Pessoal da Polícia Federal, com fundamento no art. 1º, II, "a", da Lei Complementar nº 51/1985, com redação dada pela Lei Complementar nº 144/2014, combinado com os arts. 1º, §1º, 3º, II, §§ 1º, 2º, I, 3º a 6º, todos da Lei nº 12.618/2012, bem como com os arts. 5º, caput, e 26, ambos da Emenda Constitucional nº 103/2019, declarando, em decorrência, a vacância do cargo.</p><p>Art. 2° Esta portaria entra em vigor na data de sua publicação.</p><p class="assina">GUILHERME MONSEFF DE BIAGI</p>]]></Texto>
  </body>
  <Midias />
</article></xml>