﻿<xml><article id="44717329" name="SGP058" idOficio="11178219" pubName="DO2" artType="Portaria" pubDate="01/08/2025" artClass="00070:00030:00001:00000:00000:00000:00000:00000:00000:00000:00017:00000" artCategory="Poder Judiciário/Tribunal Regional Eleitoral de Pernambuco/Presidência" artSize="12" artNotes="" numberPage="103" pdfPage="http://pesquisa.in.gov.br/imprensa/jsp/visualiza/index.jsp?data=01/08/2025&amp;jornal=529&amp;pagina=103" editionNumber="144" highlightType="" highlightPriority="" highlight="" highlightimage="" highlightimagename="" idMateria="22926415">
  <body>
    <Identifica><![CDATA[ PORTARIA Nº 479, DE 23 DE JULHO DE 2025]]></Identifica>
    <Data><![CDATA[]]></Data>
    <Ementa />
    <Titulo />
    <SubTitulo />
    <Texto><![CDATA[<p class="identifica">PORTARIA Nº 479, DE 23 DE JULHO DE 2025</p><p>O DESEMBARGADOR PRESIDENTE DO TRIBUNAL REGIONAL ELEITORAL DE PERNAMBUCO, no uso de suas atribuições legais, com fundamento no art. 37 da Lei n.º 8.112, de 11 de dezembro de 1990 e na Resolução TSE n.º 23.701, de 31 de maio de 2022, tendo em vista o contido no Processo SEI n.º 0004827-54.2025.6.17.8034, resolve:</p><p>Art. 1º Redistribuir o cargo de Técnico Judiciário - Área Administrativa, criado pela Lei n.º 7.645, de 18/12/1987, com o seu atual ocupante, DINOMAR FIUZA ALMEIDA, para o Tribunal Regional Eleitoral da Bahia- TRE/BA.</p><p>Art. 2º Registrar que caberá ao Regional Baiano redistribuir, em reciprocidade e simultaneamente, cargo de Técnico Judiciário - Área Administrativa, com a sua atual ocupante, JESSICA ESPÍNDOLA DE SÁ.</p><p>Art. 3º Conceder, com base no art. 18, da Lei n.º 8.112/1990 e no art. 34, parágrafo único, da Resolução TSE nº 23.701/2022, o período de 30 (trinta) dias de trânsito à servidora ocupante do cargo a ser recebido por este Regional, mencionada no art. 2º desta Portaria.</p><p>Art. 4º Esta Portaria entra em vigor na data de sua publicação.</p><p class="assina">Des. CÂNDIDO J. F. SARAIVA DE MORAES</p>]]></Texto>
  </body>
  <Midias />
</article></xml>