﻿<xml><article id="44718307" name="2025-07-30/11184963/andrev_22938" idOficio="11184963" pubName="DO2" artType="Ato" pubDate="01/08/2025" artClass="00070:00005:00009:00000:00000:00000:00000:00000:00000:00000:00001:00005" artCategory="Poder Judiciário/Tribunal Superior do Trabalho/Secretaria" artSize="12" artNotes="" numberPage="100" pdfPage="http://pesquisa.in.gov.br/imprensa/jsp/visualiza/index.jsp?data=01/08/2025&amp;jornal=529&amp;pagina=100" editionNumber="144" highlightType="" highlightPriority="" highlight="" highlightimage="" highlightimagename="" idMateria="22938611">
  <body>
    <Identifica><![CDATA[ ATO Nº 399, DE 29 DE JULHO DE 2025]]></Identifica>
    <Data><![CDATA[]]></Data>
    <Ementa />
    <Titulo />
    <SubTitulo />
    <Texto><![CDATA[<p class="identifica">ATO Nº 399, DE 29 DE JULHO DE 2025</p><p>O DIRETOR-GERAL DA SECRETARIA DO TRIBUNAL SUPERIOR DO TRABALHO, no uso de suas atribuições legais e regulamentares,</p><p>considerando o constante da Proposta nº 2663 do Sistema de Gestão de Pessoas - Sigep TST, de 29/07/2025, resolve:</p><p>Designar a servidora ERIKA RODRIGUES DE SOUSA, código 65444, Técnica Judiciária, Área Administrativa, para exercer a função comissionada de Assistente 4, Nível FC-4, do Gabinete do Ex.mo Sr. Ministro Antônio Fabrício de Matos Gonçalves.</p><p class="assina">GUSTAVO CARIBÉ DE CARVALHO</p>]]></Texto>
  </body>
  <Midias />
</article></xml>