﻿<xml><article id="44717539" name="RTF Portarias GABIN - secao 2" idOficio="11184812" pubName="DO2" artType="Portaria" pubDate="01/08/2025" artClass="00034:00063:00000:00000:00000:00000:00000:00000:00000:00000:00017:00001" artCategory="Ministério do Meio Ambiente e Mudança do Clima/Instituto Chico Mendes de Conservação da Biodiversidade" artSize="12" artNotes="" numberPage="78" pdfPage="http://pesquisa.in.gov.br/imprensa/jsp/visualiza/index.jsp?data=01/08/2025&amp;jornal=529&amp;pagina=78" editionNumber="144" highlightType="" highlightPriority="" highlight="" highlightimage="" highlightimagename="" idMateria="22938460">
  <body>
    <Identifica><![CDATA[ PORTARIAS ICMBIO DE 28 DE JULHO DE 2025]]></Identifica>
    <Data><![CDATA[]]></Data>
    <Ementa />
    <Titulo />
    <SubTitulo />
    <Texto><![CDATA[<p class="identifica">PORTARIAS ICMBIO DE 28 DE JULHO DE 2025</p><p>O PRESIDENTE DO INSTITUTO CHICO MENDES DE CONSERVAÇÃO DA BIODIVERSIDADE - ICMBio, no uso das competências atribuídas pelo artigo 15 do Decreto nº 12.258, de 25 de novembro de 2024, nomeado pela Portaria de Pessoal nº 2.464/Casa Civil, de 16 de maio de 2023, publicada no Diário Oficial da União de 17 de maio de 2023, resolve:</p><p>Nº2.902 Dispensar, a pedido, JULIANA CARVALHO ARANTES, matrícula SIAPE nº 1727552, da Função Comissionada Executiva de Chefe de Serviço, Código FCE 1.05, no Núcleo de Gestão Integrada - ICMBio Serra do Cachimbo, do Instituto Chico Mendes de Conservação da Biodiversidade.</p><p>Nº2.903 Designar EDUARDO ARAUJO DA SILVA FELIPE, matrícula SIAPE nº 2316798, para exercer os encargos de substituto do Chefe de Divisão, Código FCE 1.07, da Divisão de Atos e Procedimentos - DIAP, do Instituto Chico Mendes de Conservação da Biodiversidade, nos afastamentos, impedimentos legais ou regulamentares do titular e na vacância do cargo.</p><p>Nº2904 Dispensar JULIANA DE BARROS ALVES, matrícula SIAPE nº 1571920, do encargo de substituto do Chefe de Divisão, Código FCE 1.07, da Divisão de Atos e Procedimentos - DIAP, do Instituto Chico Mendes de Conservação da Biodiversidade.</p><p class="assina">MAURO OLIVEIRA PIRES</p><p class="identifica">PORTARIAS ICMBIO DE 29 DE JULHO DE 2025</p><p>O PRESIDENTE DO INSTITUTO CHICO MENDES DE CONSERVAÇÃO DA BIODIVERSIDADE - ICMBio, no uso das competências atribuídas pelo artigo 15 do Decreto nº 12.258, de 25 de novembro de 2024, nomeado pela Portaria de Pessoal nº 2.464/Casa Civil, de 16 de maio de 2023, publicada no Diário Oficial da União de 17 de maio de 2023, resolve:</p><p>Nº2.906 Designar ROSANA CRISTINA PEZZI D ARRIGO, matrícula SIAPE nº 1422839, para exercer os encargos de substituto do Chefe de Serviço, Código FCE 1.05, de Serviço de Apoio Temático da GR4, do Instituto Chico Mendes de Conservação da Biodiversidade, nos afastamentos, impedimentos legais ou regulamentares do titular e na vacância do cargo.</p><p>Nº2.907 Dispensar, a pedido, JOAO VITOR ARANTES AMARAL, matrícula SIAPE nº 3301422, da Função Comissionada Executiva de Chefe de Serviço, Código FCE 1.05, no Núcleo de Gestão Integrada - ICMBio Cuniã-Jacundá, do Instituto Chico Mendes de Conservação da Biodiversidade.</p><p>Nº2.908 Designar LUANA DE CARVALHO SILVA, matrícula SIAPE nº 1303435, para exercer a Função Comissionada Executiva de Chefe de Serviço, Código FCE 1.05, no Núcleo de Gestão Integrada - ICMBio Cuniã-Jacundá, do Instituto Chico Mendes de Conservação da Biodiversidade.</p><p>Nº2.912 Designar LAURENCE ROBERT GILMAN, matrícula SIAPE nº 3361251, para exercer a Função Comissionada Executiva de Chefe de Serviço, Código FCE 1.05, no Núcleo de Gestão Integrada - ICMBio Cruzeiro do Sul, do Instituto Chico Mendes de Conservação da Biodiversidade.</p><p>Nº2.913 Designar LAURENCE ROBERT GILMAN, matrícula SIAPE nº 3361251, para exercer os encargos de substituto do Chefe, Código FCE 1.07, do Núcleo de Gestão Integrada - ICMBio Cruzeiro do Sul, do Instituto Chico Mendes de Conservação da Biodiversidade, nos afastamentos, impedimentos legais ou regulamentares do titular e na vacância do cargo.</p><p class="assina">MAURO OLIVEIRA PIRES</p>]]></Texto>
  </body>
  <Midias />
</article></xml>