﻿<xml><article id="44717356" name="PORTARIA APOSENTADORIA DE ANTONI" idOficio="11162662" pubName="DO2" artType="Portaria" pubDate="01/08/2025" artClass="00047:00053:00026:00000:00000:00000:00000:00000:00000:00000:00017:00000" artCategory="Ministério da Saúde/Fundação Nacional de Saúde/Superintendência Estadual no Maranhão" artSize="12" artNotes="" numberPage="88" pdfPage="http://pesquisa.in.gov.br/imprensa/jsp/visualiza/index.jsp?data=01/08/2025&amp;jornal=529&amp;pagina=88" editionNumber="144" highlightType="" highlightPriority="" highlight="" highlightimage="" highlightimagename="" idMateria="22900105">
  <body>
    <Identifica><![CDATA[PORTARIA Nº   2.673, DE 23 DE JULHO DE 2025]]></Identifica>
    <Data><![CDATA[]]></Data>
    <Ementa />
    <Titulo />
    <SubTitulo />
    <Texto><![CDATA[<p class="identifica">PORTARIA Nº 2.673, DE 23 DE JULHO DE 2025</p><p>A SUPERINTENDENTE ESTADUAL SUBSTITUTA DA FUNDAÇÃO NACIONAL DE SAÚDE NO ESTADO DO MARANHÃO, nomeada pela Portaria nº 33, de 06 de janeiro de 2025, publicada no DOU de 07/01/2025, Seção 2, pág. 04 , no uso de suas atribuições legais e regimentais, estabelecidas na Seção IV, art. 17, c/c art. 20 do Decreto nº 11.223, de 05/10/2022, publicado no DOU do dia 6 subsequente, e tendo em vista o que consta do Processon 25170.000336/2025-16, resolve:</p><p>Art. 1º Conceder aposentadoria, voluntária com proventos integrais ao servidor ANTONIO ARAGÃO GUIMARÃES,,Matrícula SIAPE nº. 6469475, no cargo de Engenheiro, NS, 40 horas semanais, Classe S, Padrão V oriundo do Quadro de Pessoal da Fundação Nacional de Saúde (FUNASA), vinculado a Unidade Pagadora do Maranhão (UPAG/MA), com fundamento no Artigo 6º, da Emenda Constitucional nº 41/2003, combinado com o Artº. 3º da Emenda Constitucional nº. 103/2019.</p><p>Art. 2º Declarar vago o cargo referido no Art. 1º..</p><p class="assina">MARIA DE FÁTIMA DE OLIVEIRA CHAVES</p>]]></Texto>
  </body>
  <Midias />
</article></xml>