﻿<xml><article id="44717059" name="PORTARIA N 832_22904678" idOficio="11165013" pubName="DO2" artType="Portaria" pubDate="01/08/2025" artClass="00040:00024:00000:00000:00000:00000:00000:00000:00000:00000:00017:00001" artCategory="Ministério do Planejamento e Orçamento/Fundação Instituto Brasileiro de Geografia e Estatística" artSize="12" artNotes="" numberPage="80" pdfPage="http://pesquisa.in.gov.br/imprensa/jsp/visualiza/index.jsp?data=01/08/2025&amp;jornal=529&amp;pagina=80" editionNumber="144" highlightType="" highlightPriority="" highlight="" highlightimage="" highlightimagename="" idMateria="22904678">
  <body>
    <Identifica><![CDATA[ PORTARIA Nº 832, DE 23 DE JULHO DE 2025]]></Identifica>
    <Data><![CDATA[]]></Data>
    <Ementa />
    <Titulo />
    <SubTitulo />
    <Texto><![CDATA[<p class="identifica">PORTARIA Nº 832, DE 23 DE JULHO DE 2025</p><p>O PRESIDENTE DA FUNDAÇÃO INSTITUTO BRASILEIRO DE GEOGRAFIA E ESTATÍSTICA-IBGE, usando de suas atribuições legais e regulamentares, resolve:</p><p>Declarar vago o cargo efetivo de Analista de Planejamento, Gestão e Infraestrutura em Informações Geográficas e Estatísticas, classe C, padrão II, do quadro permanente desta Fundação, por motivo de posse de sua ocupante, LENISE RODRIGUES DA SILVA, CPF nº XXX.578.177-XX, matrícula nº 2403702, no cargo inacumulável de Especialista em Regulação de Saúde Suplementar, da Agência Nacional de Saúde Suplementar, na forma do disposto no art. 33, inciso VIII, da Lei nº 8.112/90, a partir de 01/08/2025.</p><p class="assina">MARCIO POCHMANN</p>]]></Texto>
  </body>
  <Midias />
</article></xml>