﻿<xml><article id="44722748" name="Portaria PRT23 n. 93.2025 - Coor" idOficio="11189410" pubName="DO2" artType="Portaria" pubDate="01/08/2025" artClass="00066:00010:00024:00000:00000:00000:00000:00000:00000:00000:00017:00000" artCategory="Ministério Público da União/Ministério Público do Trabalho/Procuradoria Regional do Trabalho da 23ª Região" artSize="12" artNotes="" numberPage="96" pdfPage="http://pesquisa.in.gov.br/imprensa/jsp/visualiza/index.jsp?data=01/08/2025&amp;jornal=529&amp;pagina=96" editionNumber="144" highlightType="" highlightPriority="" highlight="" highlightimage="" highlightimagename="" idMateria="22945443">
  <body>
    <Identifica><![CDATA[ PORTARIA PRT23 Nº 93, DE 30 DE JULHO DE 2025]]></Identifica>
    <Data><![CDATA[]]></Data>
    <Ementa />
    <Titulo />
    <SubTitulo />
    <Texto><![CDATA[<p class="identifica">PORTARIA PRT23 Nº 93, DE 30 DE JULHO DE 2025</p><p>O PROCURADOR-CHEFE DA PROCURADORIA REGIONAL DO TRABALHO DA 23ª REGIÃO, no uso de suas atribuições legais, em especial as delegadas pela Portaria PGT n. 1.728, de 1º.10.2017, em seu art. 1º, § 2º, inciso I, resolve:</p><p>Art. 1º DESIGNAR, a partir de 4 de agosto de 2025, a Procuradora Regional do Trabalho GUADALUPE LOURO TUROS COUTO, para o encargo de Coordenadora de 2º Grau da Procuradoria Regional do Trabalho da 23ª Região.</p><p>Art. 2º A representação das Coordenadorias de 1º e de 2º Graus e do Comitê Gestor Regional do PJE, no âmbito da Procuradoria Regional do Trabalho da 23ª Região, passam a ser compostas de acordo com o Anexo Único.</p><p class="assina">DANILO NUNES VASCONCELOS</p><p>ANEXO ÚNICO da Portaria PRT23 n. 93, de 30.07.2025</p><p /><p></p><table><tr /><tr><td rowspan="1" colspan="1"><p>Coordenadoria de 1º e 2º Graus</p></td><td rowspan="1" colspan="1"><p>Portaria de Designação</p></td></tr><tr><td rowspan="1" colspan="1"><p>1º Grau - Titular: Állysson Feitosa Torquato Scorsafava</p><p>1º Grau - Substituto: Douglas Nunes Vasconcelos</p><p>1º Grau - 2ª Substituta: Thaylise Campos Coleta de Souza Zaffani</p></td><td rowspan="1" colspan="1"><p>Portaria PRT23 n. 190, de 12/12/2022</p><p>Portaria PRT23 n. 058, de 23/04/2024</p><p>Portaria PRT23 n. 058, de 23/04/2024</p></td></tr><tr><td rowspan="1" colspan="1"><p>2º Grau - Titular - Guadalupe Louro Turos Couto</p><p>2º Grau - Substituto: Állysson Feitosa Torquato Scorsafava</p><p>2º Grau - 2º Substituto: Douglas Nunes Vasconcelos</p></td><td rowspan="1" colspan="1"><p>Portaria PRT23 n.093, de 30/07/2025</p><p>Portaria PRT23 n. 071, de 13/06/2025</p><p>Portaria PRT23 n. 071, de 13/06/2025</p></td></tr></table><p /><p></p><table><tr /><tr><td rowspan="1" colspan="1"><p>Comitê Gestor Regional PJE</p></td><td rowspan="1" colspan="1"><p>Portaria de Designação</p></td></tr><tr><td rowspan="1" colspan="1"><p>Titular: Állysson Feitosa Torquato Scorsafava</p></td><td rowspan="1" colspan="1"><p>Portaria PRT23 n. 110, de 03/08/2020</p></td></tr><tr><td rowspan="1" colspan="1"><p>Substituto: Douglas Nunes Vasconcelos</p></td><td rowspan="1" colspan="1"><p>Portaria PRT23 n. 027, de 21/02/2019</p></td></tr><tr><td rowspan="1" colspan="1"><p>2ª Substituta: Thaylise Campos Coleta de Souza Zaffani</p></td><td rowspan="1" colspan="1"><p>Portaria PRT23 n. 080, de 23/05/2022</p></td></tr></table>]]></Texto>
  </body>
  <Midias />
</article></xml>