﻿<xml><article id="44718070" name="Port. FCC - 7115" idOficio="11166512" pubName="DO2" artType="Portaria" pubDate="01/08/2025" artClass="00025:00110:00017:00000:00000:00000:00000:00000:00000:00000:00017:00003" artCategory="Ministério da Educação/Universidade Federal de Minas Gerais/Pró-Reitoria de Recursos Humanos" artSize="12" artNotes="" numberPage="37" pdfPage="http://pesquisa.in.gov.br/imprensa/jsp/visualiza/index.jsp?data=01/08/2025&amp;jornal=529&amp;pagina=37" editionNumber="144" highlightType="" highlightPriority="" highlight="" highlightimage="" highlightimagename="" idMateria="22907454">
  <body>
    <Identifica><![CDATA[ PORTARIA Nº 7.115, DE 21 DE JULHO DE 2025]]></Identifica>
    <Data><![CDATA[]]></Data>
    <Ementa />
    <Titulo />
    <SubTitulo />
    <Texto><![CDATA[<p class="identifica">PORTARIA Nº 7.115, DE 21 DE JULHO DE 2025</p><p>A Pró-Reitora de Recursos Humanos da Universidade Federal de Minas Gerais, no uso da atribuição que lhe confere a Portaria de Delegação de Competências nº 3258, de 03/05/2022, da Magnífica Reitora, e considerando o teor do Processo nº 23072.240432/2025-70, resolve:</p><p>Designar o servidor Pedro Rocha de Almeida e Castro, matrícula SIAPE nº 1854720, ocupante do cargo efetivo de Professor de Magistério Superior, para exercer a Função Comissionada de Coordenação de Curso - FCC, do Colegiado do Curso de Formação Intercultural para Educadores Indígenas, da Faculdade de Educação, com mandato de 2 (dois) anos, a partir da data de publicação desta Portaria no Diário Oficial da União.</p><p class="assina">MARIA MÁRCIA MAGELA MACHADO</p>]]></Texto>
  </body>
  <Midias />
</article></xml>