﻿<xml><article id="44725103" name="PortariaFormat148-25" idOficio="11189892" pubName="DO2" artType="Portaria" pubDate="01/08/2025" artClass="00025:00078:00022:00000:00000:00000:00000:00000:00000:00000:00017:00000" artCategory="Ministério da Educação/Instituto Federal de Educação, Ciência e Tecnologia do Rio Grande do Sul/Campus Vacaria" artSize="12" artNotes="" numberPage="27" pdfPage="http://pesquisa.in.gov.br/imprensa/jsp/visualiza/index.jsp?data=01/08/2025&amp;jornal=529&amp;pagina=27" editionNumber="144" highlightType="" highlightPriority="" highlight="" highlightimage="" highlightimagename="" idMateria="22946145">
  <body>
    <Identifica><![CDATA[ Portaria CVAC/IFRS Nº 148, de 25 de julho de 2025]]></Identifica>
    <Data><![CDATA[]]></Data>
    <Ementa />
    <Titulo />
    <SubTitulo />
    <Texto><![CDATA[<p class="identifica">Portaria CVAC/IFRS Nº 148, de 25 de julho de 2025</p><p>O DIRETOR-GERAL SUBSTITUTO DO CAMPUS VACARIA DO INSTITUTO FEDERAL DE EDUCAÇÃO, CIÊNCIA E TECNOLOGIA DO RIO GRANDE DO SUL, no uso de suas atribuições legais que lhe são conferidas pela Portaria nº 236, de 30 de setembro de 2024, resolve:</p><p>DESIGNAR o servidor Francisco Jari Galliano, Técnico em Audiovisual, Matrícula SIAPE 2351684, para exercer a função de Coordenador do Setor de Comunicação do Campus Vacaria do IFRS, código FG-0002.</p><p class="assina">André Geremias Bertelli</p>]]></Texto>
  </body>
  <Midias />
</article></xml>