﻿<xml><article id="44718184" name="PORTARIA N 609_22910121" idOficio="11167748" pubName="DO2" artType="Portaria" pubDate="01/08/2025" artClass="00070:00042:00001:00001:00000:00000:00000:00000:00000:00000:00017:00000" artCategory="Poder Judiciário/Tribunal Regional do Trabalho da 1ª Região/Presidência/Gabinete da Presidência" artSize="12" artNotes="" numberPage="108" pdfPage="http://pesquisa.in.gov.br/imprensa/jsp/visualiza/index.jsp?data=01/08/2025&amp;jornal=529&amp;pagina=108" editionNumber="144" highlightType="" highlightPriority="" highlight="" highlightimage="" highlightimagename="" idMateria="22910121">
  <body>
    <Identifica><![CDATA[ PORTARIA SGP N° 609, DE 16 DE JULHO DE 2025]]></Identifica>
    <Data><![CDATA[]]></Data>
    <Ementa />
    <Titulo />
    <SubTitulo />
    <Texto><![CDATA[<p class="identifica">PORTARIA SGP N° 609, DE 16 DE JULHO DE 2025</p><p>O PRESIDENTE DO TRIBUNAL REGIONAL DO TRABALHO DA PRIMEIRA REGIÃO, no uso de suas atribuições legais e regimentais, tendo em vista o que consta do processo eletrônico PROAD nº 5465/2025 resolve:</p><p>Conceder aposentadoria voluntária ao servidor LUIZ AUGUSTO DINIZ ALVES, no cargo de Analista Judiciário - Área Administrativa, Classe C, Padrão 13, com proventos integrais e fundamento no art. 3º da Emenda Constitucional nº 47/2005, c/c art. 3º caput e §1º da Emenda Constitucional nº 103/2019, observando-se o acréscimo da vantagem pessoal nominalmente identificada nos termos do art. 62-A da Lei nº 8.112/1990, com redação dada pelo art. 3º da Medida Provisória nº 2225- 45/2001, c/c entendimento decorrente do Recurso Extraordinário nº 638.115/CE do STF, c/c a alteração introduzida pelo parágrafo único do art. 11 da Lei nº 11.416/2006, incluído pela Lei nº 14.687/2023.</p><p class="assina">LEONARDO DA SILVEIRA PACHECO</p>]]></Texto>
  </body>
  <Midias />
</article></xml>