﻿<xml><article id="44723657" name="PORTARIA N 1.756_22945682" idOficio="11189583" pubName="DO2" artType="Portaria" pubDate="01/08/2025" artClass="00025:00077:00001:00000:00000:00000:00000:00000:00000:00000:00017:00000" artCategory="Ministério da Educação/Instituto Federal de Educação, Ciência e Tecnologia do Rio Grande do Norte/Reitoria" artSize="12" artNotes="" numberPage="26" pdfPage="http://pesquisa.in.gov.br/imprensa/jsp/visualiza/index.jsp?data=01/08/2025&amp;jornal=529&amp;pagina=26" editionNumber="144" highlightType="" highlightPriority="" highlight="" highlightimage="" highlightimagename="" idMateria="22945682">
  <body>
    <Identifica><![CDATA[ PORTARIA RE/IFRN Nº 1.756, DE 31 DE JULHO DE 2025]]></Identifica>
    <Data><![CDATA[]]></Data>
    <Ementa />
    <Titulo />
    <SubTitulo />
    <Texto><![CDATA[<p class="identifica">PORTARIA RE/IFRN Nº 1.756, DE 31 DE JULHO DE 2025</p><p>O REITOR DO INSTITUTO FEDERAL DE EDUCAÇÃO, CIÊNCIA E TECNOLOGIA DO RIO GRANDE DO NORTE, no uso de suas atribuições legais, CONSIDERANDO o que consta no Processo nº 23421.000713.2025-84, de 4 de fevereiro de 2025; CONSIDERANDO, ainda, o PARECER n. 00165/2025/PF-IFRN/PFIFRIO GRANDE DO NORTE/PGF/AGU, de 2 de julho de 2025; e CONSIDERANDO, por fim, a Decisão Administrativa nº 20/2025-RE/IFRN, de 31 de julho de 2025, resolve:</p><p>APLICAR a penalidade de SUSPENSÃO, por 34 (trinta e quatro) dias, ao servidor JARLEY FAGNER SILVA DO NASCIMENTO, Matrícula Siape nº 2066171, ocupante do cargo de Professor do Ensino Básico, Técnico e Tecnológico, pertencente ao Quadro Permanente desta Instituição, lotado no Campus São Paulo do Potengi, por transgressão à regra dos incisos III e IX do Art. 116, da Lei 8.112, de 11 de dezembro de 1990, ficando esta convertida em multa à base de 50 % (cinquenta por cento) por dia de remuneração, nos termos do §2º do Art. 130 da referida Lei, devendo o servidor permanecer em exercício.</p><p class="assina">JOSÉ ARNÓBIO DE ARAÚJO FILHO</p>]]></Texto>
  </body>
  <Midias />
</article></xml>