﻿<xml><article id="44724764" name="431" idOficio="11189842" pubName="DO2" artType="Portaria" pubDate="01/08/2025" artClass="00016:00012:00009:00012:00000:00000:00000:00000:00000:00000:00017:00000" artCategory="Ministério da Defesa/Comando da Marinha/Comando-Geral do Corpo de Fuzileiros Navais/Comando do Pessoal de Fuzileiros Navais" artSize="12" artNotes="" numberPage="14" pdfPage="http://pesquisa.in.gov.br/imprensa/jsp/visualiza/index.jsp?data=01/08/2025&amp;jornal=529&amp;pagina=14" editionNumber="144" highlightType="" highlightPriority="" highlight="" highlightimage="" highlightimagename="" idMateria="22946078">
  <body>
    <Identifica><![CDATA[ PORTARIA Nº 431/CPesFN, DE 23 DE JULHO DE 2025]]></Identifica>
    <Data><![CDATA[]]></Data>
    <Ementa />
    <Titulo />
    <SubTitulo />
    <Texto><![CDATA[<p class="identifica">PORTARIA Nº 431/CPesFN, DE 23 DE JULHO DE 2025</p><p>O COMANDANTE DO PESSOAL DE FUZILEIROS NAVAIS, no uso das atribuições que lhe confere o inciso II do art. 19 do Decreto nº 4.034/2001 (Regulamento de Promoções de Praças da Marinha), combinado com o art. 60 da Lei n° 6.880/1980 (Estatuto dos Militares); de acordo com o disposto no art. 1º da Lei nº 5.195/1966, combinado com o previsto na alínea f do art. 1º do Decreto nº 57.272/1965; e, ainda, com base no Relatório e na Solução da Sindicância instaurada pela Portaria nº 42/2024 e no Termo de Acidente Militar nº 01/2025, ambos do Batalhão de Artilharia de Fuzileiros Navais, bem como no inciso II, parágrafo único do art. 15 e art. 21 da Lei nº 3.765/1960, resolve:</p><p>Art. 1° Promover Post Mortem à graduação de Terceiro - Sargento, o ex - CB-FN-MO 18.0545.01 ADILSON SANTIAGO EVANGELISTA, por decesso considerado como acidente em serviço, e assegurar aos seus beneficiários a pensão militar correspondente à graduação de Terceiro - Sargento, a partir de 10JAN2025, data do seu falecimento.</p><p>Art. 2º Esta Portaria entra em vigor na presente data.</p><p class="assina">V Alte (FN) MARCELO GUIMARÃES DIAS</p>]]></Texto>
  </body>
  <Midias />
</article></xml>