﻿<xml><article id="44717656" name="DESPACHO 23079235697202596" idOficio="11188764" pubName="DO2" artType="Despacho" pubDate="01/08/2025" artClass="00025:00121:00000:00000:00000:00000:00000:00000:00000:00000:00013:00006" artCategory="Ministério da Educação/Universidade Federal do Rio de Janeiro" artSize="12" artNotes="" numberPage="44" pdfPage="http://pesquisa.in.gov.br/imprensa/jsp/visualiza/index.jsp?data=01/08/2025&amp;jornal=529&amp;pagina=44" editionNumber="144" highlightType="" highlightPriority="" highlight="" highlightimage="" highlightimagename="" idMateria="22944650">
  <body>
    <Identifica><![CDATA[ DESPACHO 28 de julho de 2025]]></Identifica>
    <Data><![CDATA[]]></Data>
    <Ementa />
    <Titulo />
    <SubTitulo />
    <Texto><![CDATA[<p class="identifica">DESPACHO 28 de julho de 2025</p><p>O Reitor da Universidade Federal do Rio de Janeiro, no uso da competência que lhe foi subdelegada pela Portaria nº 404/MEC de 23 de abril de 2009, resolve autorizar o afastamento do país do(s) seguinte(s)servidor(es):</p><p>DANIELA MAEDA TAKIYA , matrícula SIAPE nº 165****, ocupante do cargo de Professor do Magistério Superior, lotado(a) no(a) Instituto de Biologia, no período de 07/09/2025 a 20/09/2025, para realização de visita científica junto ao Instituto Humboldt, em Villa de Leyva, Colômbia - com ônus limitado. (Processo 23079.235697/2025-96)</p><p class="assina">ROBERTO DE ANDRADE MEDRONHO</p>]]></Texto>
  </body>
  <Midias />
</article></xml>