﻿<xml><article id="44723582" name="SGP069" idOficio="11189498" pubName="DO2" artType="Portaria" pubDate="01/08/2025" artClass="00070:00030:00001:00000:00000:00000:00000:00000:00000:00000:00017:00000" artCategory="Poder Judiciário/Tribunal Regional Eleitoral de Pernambuco/Presidência" artSize="12" artNotes="" numberPage="104" pdfPage="http://pesquisa.in.gov.br/imprensa/jsp/visualiza/index.jsp?data=01/08/2025&amp;jornal=529&amp;pagina=104" editionNumber="144" highlightType="" highlightPriority="" highlight="" highlightimage="" highlightimagename="" idMateria="22945677">
  <body>
    <Identifica><![CDATA[ PORTARIA Nº 494, DE 29 DE JULHO DE 2025]]></Identifica>
    <Data><![CDATA[]]></Data>
    <Ementa />
    <Titulo />
    <SubTitulo />
    <Texto><![CDATA[<p class="identifica">PORTARIA Nº 494, DE 29 DE JULHO DE 2025</p><p>O DESEMBARGADOR PRESIDENTE DO TRIBUNAL REGIONAL ELEITORAL DE PERNAMBUCO, com fundamento nos artigos 127, inciso II, 130 e 168 da Lei nº 8.112, de 11/12/1990, e considerando que o servidor infringiu a regra prevista no art. 116, inciso I, da referida Lei, conforme consta do PjeCor nº 0000006-52.2025.2.00.0617, resolve</p><p>Art. 1° Aplicar a M. A. S. B. a penalidade de suspensão por 30 (trinta) dias, contados a partir de 1º de agosto do presente exercício;</p><p>Art. 2° Dispensar o referido servidor da função de confiança FC-1 que vinha ocupando, até nova análise do Juiz Eleitoral da 45ª Zona Eleitoral de Belo Jardim;</p><p>Art. 3° Levar ao conhecimento do interessado que a suspensão implica no seu afastamento do exercício do cargo que ocupa, com a consequente perda da respectiva remuneração, e que o período será excluído da contagem de tempo de serviço para todos os fins.</p><p>Art. 4° Esta Portaria entrará em vigor na data de sua publicação.</p><p class="assina">Des. CÂNDIDO J. F. SARAIVA DE MORAES</p>]]></Texto>
  </body>
  <Midias />
</article></xml>