﻿<xml><article id="44718145" name="DOU_Portaria_173_2025_Sinara x I" idOficio="11159552" pubName="DO2" artType="Portaria" pubDate="01/08/2025" artClass="00070:00038:00006:00012:00000:00000:00000:00000:00000:00000:00017:00000" artCategory="Poder Judiciário/Tribunal Regional Eleitoral de São Paulo/Diretoria-Geral/Secretaria de Gestão de Pessoas" artSize="12" artNotes="" numberPage="105" pdfPage="http://pesquisa.in.gov.br/imprensa/jsp/visualiza/index.jsp?data=01/08/2025&amp;jornal=529&amp;pagina=105" editionNumber="144" highlightType="" highlightPriority="" highlight="" highlightimage="" highlightimagename="" idMateria="22895283">
  <body>
    <Identifica><![CDATA[ PORTARIA nº 173, de 18 de julho de 2025]]></Identifica>
    <Data><![CDATA[]]></Data>
    <Ementa />
    <Titulo />
    <SubTitulo />
    <Texto><![CDATA[<p class="identifica">PORTARIA nº 173, de 18 de julho de 2025</p><p>A SECRETÁRIA DE GESTÃO DE PESSOAS DO TRIBUNAL REGIONAL ELEITORAL DO ESTADO DE SÃO PAULO, no uso de suas atribuições e</p><p>Considerando o disposto no artigo 37 da Lei n. 8.112, de 11 de dezembro de 1990, e na Resolução CNJ n. 146/2012, e no artigo 23, "caput", da Resolução TSE n. 23.701, de 31 de maio de 2022;</p><p>Considerando a decisão proferida no processo SEI n. 0022336-51.2025.6.26.8000, deste Tribunal;</p><p>e, por fim, considerando o disposto no artigo 4º, inciso IV, da Portaria TRE-SP n. 1/2022 (delegação de competências), resolve:</p><p>Art. 1º REDISTRIBUIR o cargo de Técnico Judiciário - Área Administrativa, criado pela Lei n. 6.082/1974, do quadro de pessoal do Tribunal Regional Eleitoral do Estado de São Paulo, ocupado pela servidora Sinara Isis Miranda dos Santos Nascimento, em reciprocidade com o cargo de igual denominação, criado pela Lei n. 12.661/2012, ocupado pela servidora Ihanmary Damasceno dos Santos, proveniente do Tribunal Regional do Trabalho da 5ª Região.</p><p>Art. 2º A redistribuição constante do artigo 1º desta Portaria fica condicionada à redistribuição do cargo ocupado pela servidora Ihanmary Damasceno dos Santos, pertencente ao Quadro de Pessoal do Tribunal Regional do Trabalho da 5ª Região, por ato próprio a ser expedido por esse Tribunal no Diário Oficial da União na mesma data de publicação desta Portaria.</p><p>Art. 3º CONCEDER 30 (trinta) dias de trânsito à servidora Ihanmary Damasceno dos Santos, com base nos artigos 18 da Lei n. 8.112/1990 e 34 da Resolução TSE n. 23.701/2022.</p><p>Art. 4º Esta Portaria entra em vigor na data de sua publicação.</p><p class="assina">Elizabeth Cristina de Almeida Jange</p><p class="cargo">Secretária de Gestão de Pessoas</p><p class="cargo">Substituta</p>]]></Texto>
  </body>
  <Midias />
</article></xml>