﻿<xml><article id="44724179" name="PORTARIA N 73_22945858" idOficio="11189671" pubName="DO2" artType="Portaria" pubDate="01/08/2025" artClass="00016:00011:00011:00116:00000:00000:00000:00000:00000:00000:00017:00000" artCategory="Ministério da Defesa/Comando do Exército/Comando Militar do Norte/8ª Região Militar" artSize="12" artNotes="" numberPage="12" pdfPage="http://pesquisa.in.gov.br/imprensa/jsp/visualiza/index.jsp?data=01/08/2025&amp;jornal=529&amp;pagina=12" editionNumber="144" highlightType="" highlightPriority="" highlight="" highlightimage="" highlightimagename="" idMateria="22945858">
  <body>
    <Identifica><![CDATA[ PORTARIA SVP 8 Nº 73, DE 30 DE JULHO DE 2025]]></Identifica>
    <Data><![CDATA[]]></Data>
    <Ementa />
    <Titulo />
    <SubTitulo />
    <Texto><![CDATA[<p class="identifica">PORTARIA SVP 8 Nº 73, DE 30 DE JULHO DE 2025</p><p>O COMANDANTE DA 8ª REGIÃO MILITAR, no uso da competência que lhe foi subdelegada pela Portaria nº DGP/C Ex nº 458, de 10 de agosto de 2023, publicada no Boletim do Exército nº 33, de 18 de agosto de 2023, resolve:</p><p>REVOGAR,</p><p>a Portaria nº 162 - DCIPAS/REFM-33.2, de 26 de abril de 2017, de reforma por incapacidade física do Terceiro-Sargento (Idt nº 085890243-0 MD/EB), JOSIAS CARDOSO DA SILVA, publicada no Diário Oficial da União nº 81, de 28 de abril de 2017.</p><p class="assina">Gen Div CARLOS FEITOSA RODRIGUES</p>]]></Texto>
  </body>
  <Midias />
</article></xml>