﻿<xml><article id="44723483" name="PORTARIA N 574_22945695" idOficio="11189524" pubName="DO2" artType="Portaria" pubDate="01/08/2025" artClass="00033:00045:00000:00000:00000:00000:00000:00000:00000:00000:00013:00005" artCategory="Ministério da Justiça e Segurança Pública/Polícia Federal/Gabinete" artSize="12" artNotes="" numberPage="73" pdfPage="http://pesquisa.in.gov.br/imprensa/jsp/visualiza/index.jsp?data=01/08/2025&amp;jornal=529&amp;pagina=73" editionNumber="144" highlightType="" highlightPriority="" highlight="" highlightimage="" highlightimagename="" idMateria="22945695">
  <body>
    <Identifica><![CDATA[ PORTARIA DG/PF Nº 574, DE 30 DE JULHO DE 2025]]></Identifica>
    <Data><![CDATA[]]></Data>
    <Ementa />
    <Titulo />
    <SubTitulo />
    <Texto><![CDATA[<p class="identifica">PORTARIA DG/PF Nº 574, DE 30 DE JULHO DE 2025</p><p>O DIRETOR-GERAL DA POLÍCIA FEDERAL no uso das competências que lhe foram atribuídas nos incisos IV e X do Artigo 36 do Regimento Interno da Polícia Federal, aprovado pela Portaria nº 155, de 27 de setembro de 2018, do Excelentíssimo Senhor Ministro de Estado da Segurança Pública, publicada no DOU nº 200, de 17 de outubro de 2018, e subdelegadas no art. 7º, XXVIII e XXX, da Portaria nº 1.411, de 25 de novembro de 2021, da Secretaria Executiva do Ministério da Justiça e Segurança Pública, publicada no DOU nº 221-A, de 25 de novembro de 2021, e tendo em vista o que consta do processo nº 08230.003955/2025-83, resolve:</p><p>DESIGNAR o Delegado de Polícia Federal GUSTAVO VIANA GATTO, matrícula PF nº 15.455, para exercer o encargo de Substituto Eventual do Delegado Regional de Polícia Judiciária da Superintendência Regional de Polícia Federal em Alagoas, código FCE 1.07.</p><p class="assina">ANDREI AUGUSTO PASSOS RODRIGUES</p>]]></Texto>
  </body>
  <Midias />
</article></xml>