﻿<xml><article id="44718181" name="PR IRD 335 30-07" idOficio="11183838" pubName="DO2" artType="Portaria" pubDate="01/08/2025" artClass="00013:00061:00012:00022:00000:00000:00000:00000:00000:00000:00017:00000" artCategory="Ministério da Ciência, Tecnologia e Inovação/Comissão Nacional de Energia Nuclear/Diretoria de Pesquisa e Desenvolvimento/Instituto de Radioproteção e Dosimetria" artSize="12" artNotes="" numberPage="5" pdfPage="http://pesquisa.in.gov.br/imprensa/jsp/visualiza/index.jsp?data=01/08/2025&amp;jornal=529&amp;pagina=5" editionNumber="144" highlightType="" highlightPriority="" highlight="" highlightimage="" highlightimagename="" idMateria="22936491">
  <body>
    <Identifica><![CDATA[ PORTARIA Nº 335, de 30 de JULHO DE 2025]]></Identifica>
    <Data><![CDATA[]]></Data>
    <Ementa />
    <Titulo />
    <SubTitulo />
    <Texto><![CDATA[<p class="identifica">PORTARIA Nº 335, de 30 de JULHO DE 2025</p><p>O DIRETOR DO INSTITUTO DE RADIOPROTEÇÃO E DOSIMETRIA (IRD), DA COMISSÃO NACIONAL DE ENERGIA NUCLEAR (CNEN), no uso da atribuição que lhe foi conferida pela Portaria MCTI nº 473, de 06 de junho de 2024, publicada no DOU de 07 de junho de 2024, Seção 2, Página 4, resolve:</p><p>Conceder aposentadoria voluntária, por tempo de contribuição, com proventos integrais da média aritmética a ISIS FERREIRA LIMA, CPF nº ***.483.487-**, matrícula SIAPE nº 0670006, ocupante do cargo permanente de Assistente em C&amp;T, Classe S, Padrão III, nível I, vaga nº 0419884, do quadro de pessoal da Comissão Nacional de Energia Nuclear, com fundamento no artigo 10, parágrafo 1º, Inciso I da Emenda Constitucional nº 103, de 12 de novembro de 2019, declarando, em decorrência, a vacância do cargo acima mencionado (Processo CNEN/IRD nº 01343.000756/2023-35).</p><p class="assina">ANDRÉ LUIZ LOPES QUADROS</p>]]></Texto>
  </body>
  <Midias />
</article></xml>