﻿<xml><article id="44724041" name="2025-07-31/11189656/andrev_22945" idOficio="11189656" pubName="DO2" artType="Ato" pubDate="01/08/2025" artClass="00070:00005:00009:00000:00000:00000:00000:00000:00000:00000:00001:00007" artCategory="Poder Judiciário/Tribunal Superior do Trabalho/Secretaria" artSize="12" artNotes="" numberPage="100" pdfPage="http://pesquisa.in.gov.br/imprensa/jsp/visualiza/index.jsp?data=01/08/2025&amp;jornal=529&amp;pagina=100" editionNumber="144" highlightType="" highlightPriority="" highlight="" highlightimage="" highlightimagename="" idMateria="22945818">
  <body>
    <Identifica><![CDATA[ ATO Nº 402, DE 30 DE JULHO DE 2025]]></Identifica>
    <Data><![CDATA[]]></Data>
    <Ementa />
    <Titulo />
    <SubTitulo />
    <Texto><![CDATA[<p class="identifica">ATO Nº 402, DE 30 DE JULHO DE 2025</p><p>O DIRETOR-GERAL DA SECRETARIA DO TRIBUNAL SUPERIOR DO TRABALHO, no uso de suas atribuições legais e regulamentares,</p><p>considerando o constante da Proposta nº 2671 do Sistema de Gestão de Pessoas - Sigep TST, de 30/07/2025, resolve:</p><p>Dispensar o servidor JEAN PAULO GOMES DA SILVA, código 36700, Técnico Judiciário, Área Administrativa, da função comissionada de Assistente 4, Nível FC-4, da Secretaria da Subseção I Especializada em Dissídios Individuais.</p><p class="assina">GUSTAVO CARIBÉ DE CARVALHO</p>]]></Texto>
  </body>
  <Midias />
</article></xml>