﻿<xml><article id="44721220" name="PORTARIAS de 29.07.2025- DISP. E" idOficio="11189047" pubName="DO2" artType="Portaria" pubDate="01/08/2025" artClass="00025:00056:00000:00000:00000:00000:00000:00000:00000:00000:00017:00009" artCategory="Ministério da Educação/Instituto Federal de Educação, Ciência e Tecnologia do Amazonas" artSize="12" artNotes="" numberPage="20" pdfPage="http://pesquisa.in.gov.br/imprensa/jsp/visualiza/index.jsp?data=01/08/2025&amp;jornal=529&amp;pagina=20" editionNumber="144" highlightType="" highlightPriority="" highlight="" highlightimage="" highlightimagename="" idMateria="22944944">
  <body>
    <Identifica><![CDATA[ PORTARIAS DE 29 DE JULHO DE 2025]]></Identifica>
    <Data><![CDATA[]]></Data>
    <Ementa />
    <Titulo />
    <SubTitulo />
    <Texto><![CDATA[<p class="identifica">PORTARIAS DE 29 DE JULHO DE 2025</p><p>O DIRETOR-GERAL DO INSTITUTO FEDERAL DE EDUCAÇÃO, CIÊNCIA E TECNOLOGIA DO AMAZONAS - IFAM/CAMPUS TEFÉ, no uso das atribuições legais e estatutárias que lhe foram delegadas por meio da Portaria nº 1.107 - GR/IFAM, de 22 de junho de 2023, publicada no DOU Nº 118 de 23 de junho de 2023, e; considerando o Art. 154, inciso XII, do Regimento Geral do Instituto Federal do Amazonas; resolve:</p><p>Nº 172 DISPENSAR o servidor JOSÉ ANDERSON BASTÃO VELOSO, Matrícula SIAPE nº 2192725, ocupante do cargo de TAE/Assistente em Administração, da função de Chefe de Gabinete da Direção-Geral, Código FG-01, no âmbito do IFAM/Campus Tefé, a contar do dia 01/08/2025.</p><p>Nº 173 DESIGNAR o servidor MARMUDY ALMEIDA DAS CHAGAS, ocupante do cargo de TAE/Técnico em agropecuária, SIAPE Nº 3339168, para função de Chefe de Gabinete da Direção-Geral, Código FG-01, no âmbito do IFAM/Campus Tefé, a contar do dia 01/08/2025.</p><p class="assina">MARTINHO CORREIA BARROS</p>]]></Texto>
  </body>
  <Midias />
</article></xml>