﻿<xml><article id="44725469" name="LAUDA SCEP DOU 31-07-2025 - PRES" idOficio="11189992" pubName="DO2" artType="Ato" pubDate="01/08/2025" artClass="00070:00056:00001:00000:00000:00000:00000:00000:00000:00000:00001:00000" artCategory="Poder Judiciário/Tribunal Regional do Trabalho da 15ª Região/Presidência" artSize="12" artNotes="" numberPage="111" pdfPage="http://pesquisa.in.gov.br/imprensa/jsp/visualiza/index.jsp?data=01/08/2025&amp;jornal=529&amp;pagina=111" editionNumber="144" highlightType="" highlightPriority="" highlight="" highlightimage="" highlightimagename="" idMateria="22946295">
  <body>
    <Identifica><![CDATA[ ATO CPV Nº 98, de 23 de julho de 2025]]></Identifica>
    <Data><![CDATA[]]></Data>
    <Ementa />
    <Titulo />
    <SubTitulo />
    <Texto><![CDATA[<p class="identifica">ATO CPV Nº 98, de 23 de julho de 2025</p><p>O DESEMBARGADOR VICE-PRESIDENTE ADMINISTRATIVO NO EXERCÍCIO DA PRESIDÊNCIA DO TRIBUNAL, no uso de suas atribuições legais e regimentais, de acordo com os artigos 1º e 2º da Resolução Administrativa Nº 147/2012, do CNJ, bem como o previsto no artigo 42, inciso X, do Regimento Interno deste Regional, e tendo em vista o que consta do PROAD Nº 10934/2025, resolve:</p><p>Nomear, nos termos do artigo 5º, da Lei Nº 11.416/2006, JAIME ROBERTO LUIZ, Técnico Judiciário, área Administrativa, do Quadro Permanente da Secretaria deste Tribunal, para exercer o cargo em comissão de Assessor de Secretaria Conjunta CJ-03, do mesmo Quadro, em vaga decorrente da exoneração de James Marcelo Peres.</p><p class="assina">HELCIO DANTAS LOBO JUNIOR</p><p class="identifica">ATOS CPV de 24 de julho de 2025</p><p>A DESEMBARGADORA PRESIDENTE DO TRIBUNAL REGIONAL DO TRABALHO DA 15ª REGIÃO, no uso de suas atribuições legais e regimentais, conforme determina a Resolução Administrativa Nº 7, de 15/07/2022 e o constante do PROAD Nº 14165/2025, resolve:</p><p>Nº 102 - Nomear, nos termos do artigo 5º, da Lei Nº 11.416/2006, ALDENIR FRANCISCO WICHER, Analista Judiciária, área Judiciária, do Quadro Permanente da Secretaria deste Tribunal, para exercer o cargo em comissão de Assessor Técnico CJ-01, do mesmo Quadro, em vaga decorrente da exoneração de Marcio Veronezi Pereira.</p><p>A DESEMBARGADORA PRESIDENTE DO TRIBUNAL REGIONAL DO TRABALHO DA 15ª REGIÃO, no uso de suas atribuições legais e regimentais, e tendo em vista o que consta do PROAD Nº 14165/2025, resolve:</p><p>Nº 103 - Nomear, nos termos do artigo 5º, da Lei Nº 11.416/2006, MARCIO VERONEZI PEREIRA, Analista Judiciário, área Administrativa, do Quadro Permanente da Secretaria deste Tribunal, para exercer o cargo em comissão de Diretor de Serviço CJ-02, do mesmo Quadro, em vaga decorrente da exoneração de Giuliana Pardo Policastro La Guardia.</p><p>Nº 104 - Nomear, nos termos do artigo 5º, da Lei Nº 11.416/2006, GIULIANA PARDO POLICASTRO LA GUARDIA, Técnica Judiciária, área Administrativa, do Quadro Permanente da Secretaria deste Tribunal, para exercer o cargo em comissão de Diretora de Serviço CJ-02, do mesmo Quadro, em vaga decorrente da exoneração de Aldenir Francisco Wicher.</p><p class="assina">ANA PAULA PELLEGRINA LOCKMANN</p><p class="identifica">ATO CPV Nº 107, de 28 de julho de 2025</p><p>A DESEMBARGADORA PRESIDENTE DO TRIBUNAL REGIONAL DO TRABALHO DA 15ª REGIÃO, no uso de suas atribuições legais e regimentais, conforme determina a Resolução Administrativa Nº 7, de 15/07/2022 e o constante do PROAD Nº 14481/2025, resolve:</p><p>Nomear, nos termos do artigo 5º, da Lei Nº 11.416/2006, LUIZ GUILHERME TAVARES TORRES, Analista Judiciário, área Judiciária, do Quadro Permanente da Secretaria deste Tribunal, para exercer o cargo em comissão de Assessor Técnico de Gabinete de Desembargadora CJ-01, do mesmo Quadro, em vaga decorrente da exoneração de Fabiola Alessandra Berton Akl e Requena.</p><p class="assina">ANA PAULA PELLEGRINA LOCKMANN</p>]]></Texto>
  </body>
  <Midias />
</article></xml>