﻿<xml><article id="44718301" name="561 - BRUNO E TONIA - EXO-EXO-NO" idOficio="11184462" pubName="DO2" artType="Portaria" pubDate="01/08/2025" artClass="00070:00004:00001:00002:00000:00000:00000:00000:00000:00000:00017:00001" artCategory="Poder Judiciário/Superior Tribunal de Justiça/Presidência/Secretaria" artSize="12" artNotes="" numberPage="98" pdfPage="http://pesquisa.in.gov.br/imprensa/jsp/visualiza/index.jsp?data=01/08/2025&amp;jornal=529&amp;pagina=98" editionNumber="144" highlightType="" highlightPriority="" highlight="" highlightimage="" highlightimagename="" idMateria="22937302">
  <body>
    <Identifica><![CDATA[ Portaria STJ/GDG Nº 561, DE 17 DE julho DE 2025]]></Identifica>
    <Data><![CDATA[]]></Data>
    <Ementa />
    <Titulo />
    <SubTitulo />
    <Texto><![CDATA[<p class="identifica">Portaria STJ/GDG Nº 561, DE 17 DE julho DE 2025</p><p>O DIRETOR-GERAL DA SECRETARIA DO SUPERIOR TRIBUNAL DE JUSTIÇA, com base no item 21.2.3, XI, b, do Anexo da Instrução Normativa STJ/GP n. 19 de 11 de junho de 2025 e no disposto nos arts. 9º, II, e 35, I e II, da Lei n. 8.112, de 11 de dezembro de 1990, resolve:</p><p>Art. 1º Efetuar as seguintes alterações na Assessoria Jurídica, do Gabinete do Diretor-Geral:</p><p>I - Exonerar, a pedido, BRUNO TSUGAMI DALLA COSTA, matrícula S057791, do cargo em comissão de Assessor A, código CJ-2;</p><p>II - Exonerar TONIA SCHMITT DE CASTRO, matrícula S065077, do cargo em comissão de Assessor B, código CJ-1;</p><p>III - Nomear a servidora para o cargo em comissão de Assessor A, código CJ-2, na vaga decorrente da exoneração de Bruno Tsugami Dalla Costa.</p><p>Art. 2º Esta portaria entra em vigor na data de sua publicação.</p><p class="assina">SERGIO JOSÉ AMERICO PEDREIRA</p>]]></Texto>
  </body>
  <Midias />
</article></xml>