﻿<xml><article id="44724623" name="PORTARIA N 74_22945174" idOficio="11189194" pubName="DO2" artType="Portaria" pubDate="01/08/2025" artClass="00071:00050:00000:00000:00000:00000:00000:00000:00000:00000:00017:00000" artCategory="Entidades de Fiscalização do Exercício das Profissões Liberais/Conselho Federal de Nutrição" artSize="12" artNotes="" numberPage="115" pdfPage="http://pesquisa.in.gov.br/imprensa/jsp/visualiza/index.jsp?data=01/08/2025&amp;jornal=529&amp;pagina=115" editionNumber="144" highlightType="" highlightPriority="" highlight="" highlightimage="" highlightimagename="" idMateria="22945174">
  <body>
    <Identifica><![CDATA[ PORTARIA CFN N° 74, DE 30 DE JULHO DE 2025]]></Identifica>
    <Data><![CDATA[]]></Data>
    <Ementa />
    <Titulo />
    <SubTitulo />
    <Texto><![CDATA[<p class="identifica">PORTARIA CFN N° 74, DE 30 DE JULHO DE 2025</p><p>A Presidenta do Conselho Federal de Nutrição (CFN), no uso das atribuições que lhe são conferidas pela Lei Federal nº 6.583, de 20 de outubro de 1978, pelo Decreto nº 84.444, de 30 de janeiro de 1980, pela Resolução CFN nº 758, de 14 de setembro de 2023, que aprova o Regimento Interno do CFN,</p><p>Considerando a Resolução CFN nº 815, de 19 de dezembro de 2024, que altera a Resolução CFN nº 622, de 18 de fevereiro de 2019, que dispõe sobre as formas de ingresso, as remunerações e os requisitos para ocupação de empregos do Conselho Federal de Nutrição (CFN) e dos Conselhos Regionais de Nutrição (CRN),</p><p>Considerando especificamente o incisos II e III, do artigo 18, do Regimento Interno do CFN, que atribuem à Diretoria do CFN estabelecer a estrutura organizacional do CFN e a sua composição, estabelecer e controlar as atribuições dos empregados efetivos e de livre provimento e demissão, e o inciso I do artigo 21, que atribui à Secretaria da Diretoria supervisionar as atividades da estrutura organizacional do CFN,</p><p>Considerando, a Portaria CFN nº 14, de 18 de fevereiro de 2025, que dispõe sobre a criação, no âmbito do CFN, de funções de confiança e empregos comissionados, de livre provimento e exoneração, fixa salários e gratificações, e dá outras providências,</p><p>Considerando, a Portaria CFN nº 15, de 18 de fevereiro de 2025, que institui a estrutura organizacional e o organograma do CFN, resolve:</p><p>Art. 1º. Designar o empregado efetivo LUIZ CARLOS TOMAZ, CPF nº 695.***.***‐20, para o exercício do emprego em comissão de Assessor I do Conselho Federal de Nutrição.</p><p>Art. 2º. Atribuir ao empregado designado o salário de Assessor I, com jornada de trabalho de 40 (quarenta) horas semanais, conforme a Tabela 2 do Anexo I, da Portaria CFN nº 14, de 18 de fevereiro de 2025, observadas as disposições da Tabela 3 do mesmo ato normativo.</p><p>Art. 3º. As atribuições de Assessor I observarão as disposições das Portarias CFN nº 14 e 15, ambas de 18 de fevereiro de 2025, sem prejuízo de outras fixadas em ato próprio da Presidência do CFN.</p><p>Art. 4º. Esta portaria entra em vigor na data de sua publicação.</p><p class="assina">ERIKA SIMONE COELHO CARVALHO</p>]]></Texto>
  </body>
  <Midias />
</article></xml>