﻿<xml><article id="44723084" name="07 - JULHO - 2025 - 20" idOficio="11189447" pubName="DO2" artType="Portaria" pubDate="01/08/2025" artClass="00047:00054:00052:00004:00000:00000:00000:00000:00000:00000:00017:00000" artCategory="Ministério da Saúde/Fundação Oswaldo Cruz/Diretoria Executiva/Coordenação-Geral de Gestão de Pessoas" artSize="12" artNotes="" numberPage="89" pdfPage="http://pesquisa.in.gov.br/imprensa/jsp/visualiza/index.jsp?data=01/08/2025&amp;jornal=529&amp;pagina=89" editionNumber="144" highlightType="" highlightPriority="" highlight="" highlightimage="" highlightimagename="" idMateria="22945542">
  <body>
    <Identifica><![CDATA[ PORTARIA N.º 668, DE 30 DE JULHO DE 2025]]></Identifica>
    <Data><![CDATA[]]></Data>
    <Ementa />
    <Titulo />
    <SubTitulo />
    <Texto><![CDATA[<p class="identifica">PORTARIA N.º 668, DE 30 DE JULHO DE 2025</p><p>A Coordenação-Geral de Gestão de Pessoas da Fundação Oswaldo Cruz, no uso das suas atribuições, estabelecidas pelo Decreto n.º 11.228, de 07 de outubro de 2022, resolve:</p><p>Conceder Aposentadoria Voluntária Integral à servidora SILVANA RUBANO BARRETTO TURCI, matrícula Siape 464167, ocupante do cargo de Tecnologista em Saúde Pública, NS-S-III, do Quadro de Pessoal Permanente desta Instituição, com fundamento no Artigo 3.º da Emenda Constitucional n.º 47/2005, com proventos calculados na forma do Parágrafo Único deste mesmo Artigo c/c Artigo 3º da Emenda Constitucional nº 103/2019 (Processo SEI n.º 25388.000451/2025-37).</p><p class="assina">ANDREA DA LUZ CARVALHO</p>]]></Texto>
  </body>
  <Midias />
</article></xml>