﻿<xml><article id="44727347" name="PORTARIA 039 - NOMEACAO - ASSIST" idOficio="11189840" pubName="DO2" artType="Portaria" pubDate="01/08/2025" artClass="00071:00345:00000:00000:00000:00000:00000:00000:00000:00000:00017:00000" artCategory="Entidades de Fiscalização do Exercício das Profissões Liberais/Conselho Regional de Fisioterapia e Terapia Ocupacional da 2ª Região" artSize="12" artNotes="" numberPage="116" pdfPage="http://pesquisa.in.gov.br/imprensa/jsp/visualiza/index.jsp?data=01/08/2025&amp;jornal=529&amp;pagina=116" editionNumber="144" highlightType="" highlightPriority="" highlight="" highlightimage="" highlightimagename="" idMateria="22946091">
  <body>
    <Identifica><![CDATA[ PORTARIA CREFITO-2/GAPRE/ Nº 39, DE 30 DE JULHO DE 2025]]></Identifica>
    <Data><![CDATA[]]></Data>
    <Ementa />
    <Titulo />
    <SubTitulo />
    <Texto><![CDATA[<p class="identifica">PORTARIA CREFITO-2/GAPRE/ Nº 39, DE 30 DE JULHO DE 2025</p><p>O Presidente do Conselho Regional de Fisioterapia e Terapia Ocupacional da 2ª Região - RJ - CREFITO-2, Dr. Wilen Heil Silva, no uso de suas atribuições legais, nomeia os candidatos abaixo relacionados, aprovados no Concurso Público conforme ordem de classificação dos resultados finais, para posse e início do exercício no dia 14/07/2025.</p><p>Considerando o Processo Seletivo Público para Provimento de Cargos (Edital 08), resolve:</p><p>Art. 1º Nomear ADRIANA SOARES DE ALBUQUERQUE, para assumir a vaga de Assistente Administrativo (AMPLA CONCORRÊNCIA).</p><p class="assina">Wilen Heil Silva</p>]]></Texto>
  </body>
  <Midias />
</article></xml>