﻿<xml><article id="44718265" name="PORTARIA N 2.552_22943882" idOficio="11188224" pubName="DO2" artType="Portaria" pubDate="01/08/2025" artClass="00053:00002:00000:00000:00000:00000:00000:00000:00000:00000:00017:00003" artCategory="Controladoria-Geral da União/Secretaria Executiva" artSize="12" artNotes="" numberPage="91" pdfPage="http://pesquisa.in.gov.br/imprensa/jsp/visualiza/index.jsp?data=01/08/2025&amp;jornal=529&amp;pagina=91" editionNumber="144" highlightType="" highlightPriority="" highlight="" highlightimage="" highlightimagename="" idMateria="22943882">
  <body>
    <Identifica><![CDATA[ PORTARIA N° 2.552, DE 30 DE JULHO DE 2025]]></Identifica>
    <Data><![CDATA[]]></Data>
    <Ementa />
    <Titulo />
    <SubTitulo />
    <Texto><![CDATA[<p class="identifica">PORTARIA N° 2.552, DE 30 DE JULHO DE 2025</p><p>O SECRETÁRIO-EXECUTIVO ADJUNTO DA CONTROLADORIA-GERAL DA UNIÃO, no uso da competência que lhe foi subdelegada pelo art. 2.º da Portaria SE/CGU n.º 364, de 14 de fevereiro de 2023, o disposto no Decreto n.º 11.330, de 1.º de janeiro de 2023, e alterações, bem como no art. 38 da Lei n.º 8.112, de 11 de dezembro de 1990, e o que consta no Processo n.º 00190.107642/2025-13, resolve:</p><p>Designar ROBERTA SILVEIRA SEABRA GAMA, para substituir o Chefe, código FCE 1.07, da Divisão de Monitoramento e de Supervisão de Auditorias Internas da Coordenação-Geral de Auditoria da Área de Saúde da Diretoria de Auditoria de Políticas Sociais e de Segurança Pública da Secretaria Federal de Controle Interno da Controladoria-Geral da União, em seus afastamentos e impedimentos legais ou regulamentares.</p><p class="assina">OLAVO VENTURIM CALDAS</p>]]></Texto>
  </body>
  <Midias />
</article></xml>