﻿<xml><article id="44717290" name="PORTARIA SGA NA 1.130 DESIGNAR A" idOficio="11166924" pubName="DO2" artType="Portaria" pubDate="01/08/2025" artClass="00006:00007:00013:00009:00000:00000:00000:00000:00000:00000:00017:00004" artCategory="Presidência da República/Advocacia-Geral da União/Secretaria-Geral de Consultoria/Secretaria de Gestão Administrativa" artSize="12" artNotes="" numberPage="3" pdfPage="http://pesquisa.in.gov.br/imprensa/jsp/visualiza/index.jsp?data=01/08/2025&amp;jornal=529&amp;pagina=3" editionNumber="144" highlightType="" highlightPriority="" highlight="" highlightimage="" highlightimagename="" idMateria="22908635">
  <body>
    <Identifica><![CDATA[ PORTARIA SGA/AGU Nº 1.130, DE 24 DE JULHO DE 2025]]></Identifica>
    <Data><![CDATA[]]></Data>
    <Ementa />
    <Titulo />
    <SubTitulo />
    <Texto><![CDATA[<p class="identifica">PORTARIA SGA/AGU Nº 1.130, DE 24 DE JULHO DE 2025</p><p><strong>O SECRETÁRIO-GERAL DE ADMINISTRAÇÃO SUBSTITUTO DA ADVOCACIA-GERAL DA UNIÃO</strong>, no uso das atribuições que lhe foram subdelegadas pela Portaria Normativa AGU nº 95, de 6 de junho de 2023, alterada pela Portaria Normativa AGU nº 97, de 26 de junho de 2023, tendo em vista o que consta no art. 38 da Lei nº 8.112, de 11 de dezembro de 1990, e considerando o que consta no Processo Administrativo nº 00404.001048/2022-14, resolve:</p><p><strong>DESIGNAR</strong></p><p>ALEXANDRA WASILEWSKI MARTINS, matrícula Siape nº 1133037, Analista do Seguro Social, para exercer o encargo de substituta eventual de Coordenador, código FCE 1.10 (21014955), da Coordenação de Recrutamento, Movimentações e Atos, da Coordenação-Geral de Recrutamento, Movimentação e Aposentadoria, da Diretoria de Gestão de Pessoas, da Secretaria de Gestão Administrativa, da Secretaria-Geral de Consultoria, nos afastamentos, impedimentos legais ou regulamentares do titular e na vacância da função.</p><p class="assina">MÁRCIO BASTOS MEDEIROS</p>]]></Texto>
  </body>
  <Midias />
</article></xml>