﻿<xml><article id="44721851" name="PORTARIA EMCFA-MD NA 3351" idOficio="11189124" pubName="DO2" artType="Portaria" pubDate="01/08/2025" artClass="00016:00034:00000:00000:00000:00000:00000:00000:00000:00000:00017:00000" artCategory="Ministério da Defesa/Estado-Maior Conjunto das Forças Armadas" artSize="12" artNotes="" numberPage="15" pdfPage="http://pesquisa.in.gov.br/imprensa/jsp/visualiza/index.jsp?data=01/08/2025&amp;jornal=529&amp;pagina=15" editionNumber="144" highlightType="" highlightPriority="" highlight="" highlightimage="" highlightimagename="" idMateria="22945027">
  <body>
    <Identifica><![CDATA[ PORTARIA EMCFA-MD Nº 3.351, de 28 de julho de 2025]]></Identifica>
    <Data><![CDATA[]]></Data>
    <Ementa />
    <Titulo />
    <SubTitulo />
    <Texto><![CDATA[<p class="identifica">PORTARIA EMCFA-MD Nº 3.351, de 28 de julho de 2025</p><p>O CHEFE DO ESTADO-MAIOR CONJUNTO DAS FORÇAS ARMADAS, no uso da competência subdelegada pelo Ministro de Estado da Defesa, conforme o disposto no art. 2º, inciso I, da Portaria GM-MD nº 5.863, nos termos do art. 4º da Portaria GM-MD nº 5.864, ambas de 23 de dezembro de 2024, e de acordo com o que constam dos Processos Administrativos nº 64536.002863/2025-12 e nº 64322.016057/2025-37, resolve:</p><p>TORNAR SEM EFEITO</p><p>a Portaria EMCFA-MD nº 752, de 11 de fevereiro de 2025, publicada no Diário Oficial da União nº 30, de 12 de fevereiro de 2025, seção 2, página 12, referente ao afastamento do País do General de Exército FRANCISCO HUMBERTO MONTENEGRO JUNIOR, designado para participar da viagem institucional, representando o Comando do Exército, no contexto da comemoração dos 30 anos da Cooperação Militar Brasil-Guatemala (PVANA G5 - C-02-034-GC), na Cidade da Guatemala, República da Guatemala, no período de 17 a 23 de agosto de 2025.</p><p class="assina">Alte Esq RENATO RODRIGUES DE AGUIAR FREIRE</p>]]></Texto>
  </body>
  <Midias />
</article></xml>