﻿<xml><article id="44718394" name="PORTARIA n.A 2027 DE 25 DE JULHO" idOficio="11178543" pubName="DO2" artType="Portaria" pubDate="01/08/2025" artClass="00025:00102:00000:00000:00000:00000:00000:00000:00000:00000:00013:00005" artCategory="Ministério da Educação/Universidade Federal Fluminense" artSize="12" artNotes="" numberPage="34" pdfPage="http://pesquisa.in.gov.br/imprensa/jsp/visualiza/index.jsp?data=01/08/2025&amp;jornal=529&amp;pagina=34" editionNumber="144" highlightType="" highlightPriority="" highlight="" highlightimage="" highlightimagename="" idMateria="22926846">
  <body>
    <Identifica><![CDATA[ PORTARIA nº 2.027, DE 25 DE JULHO DE 2025]]></Identifica>
    <Data><![CDATA[]]></Data>
    <Ementa />
    <Titulo />
    <SubTitulo />
    <Texto><![CDATA[<p class="identifica">PORTARIA nº 2.027, DE 25 DE JULHO DE 2025</p><p>O REITOR DA UNIVERSIDADE FEDERAL FLUMINENSE, no uso de suas atribuições, e tendo em vista o que consta do Processo UFF n.º 23069.162180/2025-90, resolve:</p><p>Conceder aposentadoria voluntária a FULVIO ANTONIO ALVES PESSOA, matrícula SIAPE nº 1092911, ocupante do cargo de MEDICO - PCCTAE, código 647001, Nível de Classificação E, Padrão de Vencimentos 19, do Quadro de Pessoal Permanente desta Universidade, código de vaga 240476, com fundamento no artigo 20, § 2º, Inciso I da Emenda Constitucional nº 103/19, com proventos integrais, cumulativamente com o adicional por tempo de serviço no percentual de 4% (quatro por cento).</p><p class="assina">ANTONIO CLAUDIO LUCAS DA NOBREGA</p>]]></Texto>
  </body>
  <Midias />
</article></xml>