﻿<xml><article id="44718007" name="PORTARIA REDISTRIBUICAO - MARCOS" idOficio="11158461" pubName="DO2" artType="Portaria" pubDate="01/08/2025" artClass="00070:00022:00003:00004:00001:00001:00000:00000:00000:00000:00017:00000" artCategory="Poder Judiciário/Tribunal Regional Eleitoral de Goiás/Diretoria-Geral/Secretaria de Administração e Orçamento/Coordenadoria de Material e Patrimônio/Seção de Licitações e Contratos" artSize="12" artNotes="" numberPage="103" pdfPage="http://pesquisa.in.gov.br/imprensa/jsp/visualiza/index.jsp?data=01/08/2025&amp;jornal=529&amp;pagina=103" editionNumber="144" highlightType="" highlightPriority="" highlight="" highlightimage="" highlightimagename="" idMateria="22892880">
  <body>
    <Identifica><![CDATA[ PORTARIA Nº 221, de  17 DE JULHO DE 2025]]></Identifica>
    <Data><![CDATA[]]></Data>
    <Ementa />
    <Titulo />
    <SubTitulo />
    <Texto><![CDATA[<p class="identifica">PORTARIA Nº 221, de 17 DE JULHO DE 2025</p><p>O PRESIDENTE DO TRIBUNAL REGIONAL ELEITORAL DE GOIÁS, no uso das atribuições conferidas pelo artigo 14, inciso XVIII, da Resolução TRE-GO nº 403, de 25 de abril de 2024 (Regimento Interno), e considerando a decisão proferida no processo SEI nº 25.0.000001139-0, resolve:</p><p>Art. 1º REDISTRIBUIR o cargo efetivo de Analista Judiciário, Área Judiciária, Classe "C", Padrão "13", do Quadro Permanente de Pessoal deste Tribunal, criado pela Lei nº 10.842, de 20 de fevereiro de 2004, vaga 15, ocupado pelo servidor MARCOS JOSÉ SILVA SANTANA, para o Tribunal Regional Eleitoral da Bahia.</p><p>Parágrafo único. A movimentação de que trata o caput fica condicionada à redistribuição, pelo Tribunal Regional Eleitoral da Bahia, do cargo de Analista Judiciário, Área Judiciária, criado pela Lei nº 6.082, de 10 de julho de 1974, ocupado pelo servidor CRISTIANO MENEZES MACHADO, Classe "C", Padrão "13", para este Tribunal.</p><p>Art. 2º Esta Portaria entra em vigor na data de sua publicação.</p><p class="assina">Des. LUIZ CLÁUDIO VEIGA BRAGA</p>]]></Texto>
  </body>
  <Midias />
</article></xml>