﻿<xml><article id="44723819" name="PORTARIA NA 243_Com8ADN" idOficio="11189593" pubName="DO2" artType="Portaria" pubDate="01/08/2025" artClass="00016:00012:00008:00047:00000:00000:00000:00000:00000:00000:00017:00243" artCategory="Ministério da Defesa/Comando da Marinha/Comando de Operações Navais/8º Distrito Naval" artSize="12" artNotes="" numberPage="13" pdfPage="http://pesquisa.in.gov.br/imprensa/jsp/visualiza/index.jsp?data=01/08/2025&amp;jornal=529&amp;pagina=13" editionNumber="144" highlightType="" highlightPriority="" highlight="" highlightimage="" highlightimagename="" idMateria="22945775">
  <body>
    <Identifica><![CDATA[ PORTARIA Nº 243/Com8ºDN, de  17 DE JULHO DE 2025]]></Identifica>
    <Data><![CDATA[]]></Data>
    <Ementa />
    <Titulo />
    <SubTitulo />
    <Texto><![CDATA[<p class="identifica">PORTARIA Nº 243/Com8ºDN, de 17 DE JULHO DE 2025</p><p>O COMANDANTE DO 8º DISTRITO NAVAL, no uso de suas atribuições e de acordo com o contido no art. 30 § 1º item 1 do Decreto nº 57.654/1966, Regulamento da Lei do Serviço Militar, resolve:</p><p>Art. 1° Tornar sem efeito o licenciamento do Serviço Ativo da Marinha, ''ex officio'', por conveniência do serviço, do 2ºTen (RM2-T) 24.3108.24 AFONSO CELSO BRAGA JÚNIOR, militar da Capitania dos Portos do Paraná, publicada na Portaria n° 228/2025, deste Comando.</p><p>Art. 2º Esta Portaria entra em vigor na presente data, retroagindo para efeitos administrativos a 13 de julho de 2025.</p><p>Por Ordem:</p><p class="assina">CF JERONYMO MOREIRA GOMES</p><p class="cargo">Chefe-Geral dos Serviços</p>]]></Texto>
  </body>
  <Midias />
</article></xml>