﻿<xml><article id="44717224" name="PORTARIA N 934 SINC 22917397" idOficio="11172329" pubName="DO2" artType="Portaria" pubDate="01/08/2025" artClass="00006:00007:00013:00009:00000:00000:00000:00000:00000:00000:00017:00002" artCategory="Presidência da República/Advocacia-Geral da União/Secretaria-Geral de Consultoria/Secretaria de Gestão Administrativa" artSize="12" artNotes="" numberPage="2" pdfPage="http://pesquisa.in.gov.br/imprensa/jsp/visualiza/index.jsp?data=01/08/2025&amp;jornal=529&amp;pagina=2" editionNumber="144" highlightType="" highlightPriority="" highlight="" highlightimage="" highlightimagename="" idMateria="22917397">
  <body>
    <Identifica><![CDATA[ PORTARIA SGA/AGU Nº 934, DE 22 DE JULHO DE 2025]]></Identifica>
    <Data><![CDATA[]]></Data>
    <Ementa />
    <Titulo />
    <SubTitulo />
    <Texto><![CDATA[<p class="identifica">PORTARIA SGA/AGU Nº 934, DE 22 DE JULHO DE 2025</p><p>O SECRETÁRIO-GERAL DE ADMINISTRAÇÃO DA ADVOCACIA-GERAL DA UNIÃO SUBSTITUTO, no uso das atribuições que lhe foram subdelegadas pela Portaria Normativa AGU nº 95, de 6 de junho de 2023, alterada pela Portaria Normativa AGU nº 97, de 26 de junho de 2023, e considerando o que consta no Processo Administrativo nº 00406.000271/2025-69, resolve:</p><p>DESIGNAR</p><p>TALIUS DE OLIVEIRA VASCONCELOS, matrícula Siape nº 1321987, Procurador da Fazenda Nacional, para exercer a Função Comissionada Executiva de Subcorregedor, código FCE 1.10 (21013139), da Subcorregedoria de Apoio a Julgamento Disciplinar, do Gabinete da Corregedoria-Geral da Advocacia da União.</p><p class="assina">MÁRCIO BASTOS MEDEIROS</p>]]></Texto>
  </body>
  <Midias />
</article></xml>