﻿<xml><article id="44717899" name="2025-07-17/11150235/andrev_22878" idOficio="11150235" pubName="DO2" artType="Ato" pubDate="01/08/2025" artClass="00070:00005:00009:00000:00000:00000:00000:00000:00000:00000:00001:00002" artCategory="Poder Judiciário/Tribunal Superior do Trabalho/Secretaria" artSize="12" artNotes="" numberPage="100" pdfPage="http://pesquisa.in.gov.br/imprensa/jsp/visualiza/index.jsp?data=01/08/2025&amp;jornal=529&amp;pagina=100" editionNumber="144" highlightType="" highlightPriority="" highlight="" highlightimage="" highlightimagename="" idMateria="22878955">
  <body>
    <Identifica><![CDATA[ ATO Nº 378, DE 16 DE JULHO DE 2025]]></Identifica>
    <Data><![CDATA[]]></Data>
    <Ementa />
    <Titulo />
    <SubTitulo />
    <Texto><![CDATA[<p class="identifica">ATO Nº 378, DE 16 DE JULHO DE 2025</p><p>O DIRETOR-GERAL DA SECRETARIA SUBSTITUTO DO TRIBUNAL SUPERIOR DO TRABALHO, no uso de suas atribuições legais e regulamentares,</p><p>considerando o constante da Proposta nº 2634 do Sistema de Gestão de Pessoas - Sigep TST, de 15/07/2025, resolve:</p><p>1 - Dispensar, a pedido, a servidora ERIKA RODRIGUES DE SOUSA, código 65444, Técnica Judiciária, Área Administrativa, da função comissionada de Assistente 4, Nível FC-4, da ENAMAT - Coordenadoria de Formação.</p><p>2 - Designar a servidora MARYANE ALVES FERNANDES, código 70134, Técnica Judiciária, Área Administrativa, para exercer a função comissionada de Assistente 4, Nível FC-4, da ENAMAT - Coordenadoria de Formação, ficando dispensada, a pedido, da função comissionada de Assistente 2, Nível FC-2, da Secretaria-Geral de Gestão de Processos.</p><p class="assina">JOSE RAILTON SILVA REGO</p>]]></Texto>
  </body>
  <Midias />
</article></xml>