﻿<xml><article id="44718016" name="extrato da portaria" idOficio="11188600" pubName="DO2" artType="Portaria" pubDate="01/08/2025" artClass="00025:00067:00001:00000:00000:00000:00000:00000:00000:00000:00017:00001" artCategory="Ministério da Educação/Instituto Federal de Educação, Ciência e Tecnologia do Maranhão/Reitoria" artSize="12" artNotes="" numberPage="24" pdfPage="http://pesquisa.in.gov.br/imprensa/jsp/visualiza/index.jsp?data=01/08/2025&amp;jornal=529&amp;pagina=24" editionNumber="144" highlightType="" highlightPriority="" highlight="" highlightimage="" highlightimagename="" idMateria="22944459">
  <body>
    <Identifica><![CDATA[ PORTARIA Nº 2.857, DE 29 DE JULHO DE 2025]]></Identifica>
    <Data><![CDATA[]]></Data>
    <Ementa />
    <Titulo />
    <SubTitulo />
    <Texto><![CDATA[<p class="identifica">PORTARIA Nº 2.857, DE 29 DE JULHO DE 2025</p><p>O REITOR DO INSTITUTO FEDERAL DE EDUCAÇÃO, CIÊNCIA E TECNOLOGIA DO MARANHÃO reconduzido nos termos do Decreto Presidencial de 01 de novembro de 2024, publicado no DOU de 04 de novembro de 2024, no uso de suas Atribuições legais; e, considerando o disposto no Decreto nº 8.259, de 29 de maio de 2014, publicado no DOU de 30 de maio de 2014, na Portaria Interministerial nº 60, de 29 de março de 2018, DOU de 04 de abril de 2018, resolve:</p><p>Nomear em caráter efetivo no quadro de pessoal deste Instituto Federal de Educação, Ciência e Tecnologia do Maranhão, no CAMPUS PINHEIRO, nos termos do Art. 9º, Inciso I da Lei 8.112/90, de 11 de dezembro de 1990, WESLLEY ALVES PEREIRA, habilitado em concurso público, como Ampla Concorrência, conforme, Edital n° 01/2023-TAE, 06 de abril de 2023, publicado no DOU de 10 de abril 2023, Homologação no 08/CC-TAE/CC/REITORIA/IFMA de 16 de outubro de 2023, DOU de 17 de outubro de 2023 e Edital de retificação da homologação n° 9/CC-TAE/REITORIA/IFMA, de 26 de outubro de 2023, publicado no DOU de 27 de outubro de 2023, para exercer o cargo efetivo de Técnico em Enfermagem, Classe D, Padrão de Vencimento 01, em Regime de 40 horas semanais de trabalho, código de vaga no 813550. Processo: 23249.036107.2025-45</p><p class="assina">Gedeon Silva Reis</p>]]></Texto>
  </body>
  <Midias />
</article></xml>