﻿<xml><article id="44717362" name="PORT _420" idOficio="11164030" pubName="DO2" artType="Portaria" pubDate="01/08/2025" artClass="00070:00007:00001:00000:00000:00000:00000:00000:00000:00000:00001:00004" artCategory="Poder Judiciário/Tribunal Regional Federal da 1ª Região/Presidência" artSize="12" artNotes="" numberPage="101" pdfPage="http://pesquisa.in.gov.br/imprensa/jsp/visualiza/index.jsp?data=01/08/2025&amp;jornal=529&amp;pagina=101" editionNumber="144" highlightType="" highlightPriority="" highlight="" highlightimage="" highlightimagename="" idMateria="22902916">
  <body>
    <Identifica><![CDATA[ PORTARIA Nº 420, DE 23 DE JULHO DE 2025]]></Identifica>
    <Data><![CDATA[]]></Data>
    <Ementa />
    <Titulo />
    <SubTitulo />
    <Texto><![CDATA[<p class="identifica">PORTARIA Nº 420, DE 23 DE JULHO DE 2025</p><p>O PRESIDENTE DO TRIBUNAL REGIONAL FEDERAL DA 1ª REGIÃO, no uso de suas atribuições legais e regimentais, e tendo em vista o constante nos autos do PAe 0006646-77.2024.4.01.8000-TRF1, resolve:</p><p>I - REVOGAR, a partir de 1º/08/2025, a Portaria Presi 498/2024 de 24/04/2024, publicada no Diário Oficial da União, Seção 2, em 29/04/2024, que colocou à disposição do Tribunal Regional Federal da Primeira Região, para exercer função comissionada, o servidor JOÃO CARLOS PINTO SANTOS, Técnico Judiciário, Área Administrativa, do Quadro de Pessoal da Justiça Federal de Primeiro Grau, Sede da Seção Judiciária do Maranhão, tendo em vista a dispensa da função comissionada que o mesmo exercia neste Tribunal.</p><p>II- CONCEDER ao servidor supracitado 25 (vinte e cinco) dias de trânsito, a partir da aludida data, nos termos do disposto no art. 18 da Lei n° 8.112/90, c/c a Portaria/PRESI 630-286/2007.</p><p class="assina">Des. JOÃO BATISTA MOREIRA</p>]]></Texto>
  </body>
  <Midias />
</article></xml>