﻿<xml><article id="44718064" name="ATO GP 406_2025_Processo 6009181" idOficio="11150783" pubName="DO2" artType="Ato" pubDate="01/08/2025" artClass="00070:00005:00001:00000:00000:00000:00000:00000:00000:00000:00001:00000" artCategory="Poder Judiciário/Tribunal Superior do Trabalho/Presidência" artSize="12" artNotes="" numberPage="99" pdfPage="http://pesquisa.in.gov.br/imprensa/jsp/visualiza/index.jsp?data=01/08/2025&amp;jornal=529&amp;pagina=99" editionNumber="144" highlightType="" highlightPriority="" highlight="" highlightimage="" highlightimagename="" idMateria="22879640">
  <body>
    <Identifica><![CDATA[ ATO Nº 406, DE 16 DE JULHO DE 2025]]></Identifica>
    <Data><![CDATA[]]></Data>
    <Ementa />
    <Titulo />
    <SubTitulo />
    <Texto><![CDATA[<p class="identifica">ATO Nº 406, DE 16 DE JULHO DE 2025</p><p>O PRESIDENTE DO TRIBUNAL SUPERIOR DO TRABALHO, no uso de suas atribuições legais e regimentais, e tendo em vista o constante dos autos do Processo Administrativo TST nº 6009181/2025-00, resolve:</p><p>Redistribuir, a contar de 1º/8/2025, um cargo vago da Carreira Judiciária de Técnico Judiciário, Área Administrativa, do Quadro de Pessoal da Secretaria deste Tribunal, para o Quadro de Pessoal do Tribunal Regional do Trabalho da 2ª Região, em reciprocidade com o cargo idêntico ocupado pela servidora VIVIAN DINIZ GONDIM SARAIVA do Quadro de Pessoal daquele Tribunal Regional, de acordo com o disposto na Resolução nº 146 do Conselho Nacional de Justiça, de 6/3/2012.</p><p class="assina">Min. ALOYSIO SILVA CORRÊA DA VEIGA</p>]]></Texto>
  </body>
  <Midias />
</article></xml>