﻿<xml><article id="44722814" name="SGP065" idOficio="11189416" pubName="DO2" artType="Portaria" pubDate="01/08/2025" artClass="00070:00030:00001:00000:00000:00000:00000:00000:00000:00000:00017:00000" artCategory="Poder Judiciário/Tribunal Regional Eleitoral de Pernambuco/Presidência" artSize="12" artNotes="" numberPage="104" pdfPage="http://pesquisa.in.gov.br/imprensa/jsp/visualiza/index.jsp?data=01/08/2025&amp;jornal=529&amp;pagina=104" editionNumber="144" highlightType="" highlightPriority="" highlight="" highlightimage="" highlightimagename="" idMateria="22945513">
  <body>
    <Identifica><![CDATA[ PORTARIA Nº 500, DE 30 DE JULHO DE 2025]]></Identifica>
    <Data><![CDATA[]]></Data>
    <Ementa />
    <Titulo />
    <SubTitulo />
    <Texto><![CDATA[<p class="identifica">PORTARIA Nº 500, DE 30 DE JULHO DE 2025</p><p>O DESEMBARGADOR PRESIDENTE DO TRIBUNAL REGIONAL ELEITORAL DE PERNAMBUCO, no uso de suas atribuições legais e regimentais, resolve:</p><p>Art. 1º Exonerar o servidor GUILHERME SOARES DE ALMEIDA NETO do Cargo em Comissão, CJ-1, de Chefe de Gabinete da Diretoria-Geral deste Tribunal, e nomear a servidora LUANA CRYSTINE DE SOUTO MELO para exercer o referido cargo.</p><p>Art. 2º Esta Portaria entra em vigor na data de sua publicação.</p><p class="assina">Des. CÂNDIDO J. F. SARAIVA DE MORAES</p>]]></Texto>
  </body>
  <Midias />
</article></xml>