﻿<xml><article id="44718313" name="Portaria_IFSP_2025_6254_Apos_vol" idOficio="11185497" pubName="DO2" artType="Portaria" pubDate="01/08/2025" artClass="00025:00083:00000:00000:00000:00000:00000:00000:00000:00000:00017:00001" artCategory="Ministério da Educação/Instituto Federal de Educação, Ciência e Tecnologia de São Paulo" artSize="12" artNotes="" numberPage="29" pdfPage="http://pesquisa.in.gov.br/imprensa/jsp/visualiza/index.jsp?data=01/08/2025&amp;jornal=529&amp;pagina=29" editionNumber="144" highlightType="" highlightPriority="" highlight="" highlightimage="" highlightimagename="" idMateria="22939336">
  <body>
    <Identifica><![CDATA[ PORTARIA Nº 6.254/IFSP, DE 29 DE JULHO DE 2025]]></Identifica>
    <Data><![CDATA[]]></Data>
    <Ementa />
    <Titulo />
    <SubTitulo />
    <Texto><![CDATA[<p class="identifica">PORTARIA Nº 6.254/IFSP, DE 29 DE JULHO DE 2025</p><p>O REITOR DO INSTITUTO FEDERAL DE EDUCAÇÃO, CIÊNCIA E TECNOLOGIA DE SÃO PAULO, no uso de suas atribuições legais, conferidas pelo Decreto de 31 de março de 2025, publicado no Diário Oficial da União de 1 de abril de 2025, seção 2, página 1 e o que consta no Processo nº 23441.000995.2025-81, resolve:</p><p>Conceder Aposentadoria com proventos integrais e paridade ao servidor LUCIMAR BIZIO, ocupante do cargo de Professor de Ensino Básico, Técnico e Tecnológico, SIAPE nº 310****, Código de Vaga nº 951905, Classe B, Nível 003, lotado no campus Votuporanga, em regime de Dedicação Exclusiva, nos termos do art. 20, §§ 1º e 2º, inciso I da Emenda Constitucional nº 103/2019; assegurando a RT - Retribuição por Titulação, Lei 12.772/12.</p><p>DECLARAR a existência de 01 (uma) vaga de Professor de Ensino Básico, Técnico e Tecnológico.</p><p class="assina">Silmario Batista dos Santos</p>]]></Texto>
  </body>
  <Midias />
</article></xml>