﻿<xml><article id="44728497" name="PORTARIA N 4.240_22946092" idOficio="11189841" pubName="DO2" artType="Portaria" pubDate="01/08/2025" artClass="00071:00232:00000:00000:00000:00000:00000:00000:00000:00000:00017:00000" artCategory="Entidades de Fiscalização do Exercício das Profissões Liberais/Conselho Regional de Educação Física da 4ª Região" artSize="12" artNotes="" numberPage="115" pdfPage="http://pesquisa.in.gov.br/imprensa/jsp/visualiza/index.jsp?data=01/08/2025&amp;jornal=529&amp;pagina=115" editionNumber="144" highlightType="" highlightPriority="" highlight="" highlightimage="" highlightimagename="" idMateria="22946092">
  <body>
    <Identifica><![CDATA[ PORTARIA CREF4/SP N° 4.240, DE 30 DE JULHO DE 2025]]></Identifica>
    <Data><![CDATA[]]></Data>
    <Ementa />
    <Titulo />
    <SubTitulo />
    <Texto><![CDATA[<p class="identifica">PORTARIA CREF4/SP N° 4.240, DE 30 DE JULHO DE 2025</p><p>O Presidente do Conselho Regional de Educação Física da 4ª Região - CREF4/SP, no uso de suas atribuições que lhe conferem a Lei nº 9696/98, alterada pela Lei nº 14.386,</p><p>CONSIDERANDO os termos da legislação em vigor;</p><p>CONSIDERANDO o inciso VIII do artigo 74 do Regimento Interno do CREF4/SP;</p><p>CONSIDERANDO a deliberação da Gestão Executiva de 28/07/2025, resolve:</p><p>Art.1º - Nomear a Sr.ª Marta Petrina Menezes, para ocupar função de confiança como Chefe de Registro e UMA, durante o período de gozo de férias do servidor Sr. Iago de Pinho Fontenele, compreendido entre os dias 04/08/2025 à 23/08/2025.</p><p>Art. 2º - A título de gratificação em razão do exercício das funções como Chefe de Registro e UMA, a Sr.ª Marta Petrina Menezes, receberá os vencimentos, na forma da referência FC1 do Anexo X da Resolução CREF4/SP nº 095/2017, somente durante o período mencionado.</p><p>Art. 3º - Esta portaria entra em vigor nesta data.</p><p class="assina">RIALDO TAVARES</p>]]></Texto>
  </body>
  <Midias />
</article></xml>