﻿<xml><article id="44205003" name="DOU2-PR-1-PT-341-UNI-PR-PR-00097" idOficio="11111333" pubName="DO2" artType="Portaria" pubDate="01/07/2025" artClass="00066:00008:00040:00000:00000:00000:00000:00000:00000:00000:00017:00341" artCategory="Ministério Público da União/Ministério Público Federal/Procuradoria da República no Estado do Paraná" artSize="12" artNotes="" numberPage="86" pdfPage="http://pesquisa.in.gov.br/imprensa/jsp/visualiza/index.jsp?data=01/07/2025&amp;jornal=529&amp;pagina=86" editionNumber="121" highlightType="" highlightPriority="" highlight="" highlightimage="" highlightimagename="" idMateria="22816692">
  <body>
    <Identifica><![CDATA[ PORTARIA Nº 341, DE 27 DE JULHO DE 2025]]></Identifica>
    <Data><![CDATA[]]></Data>
    <Ementa />
    <Titulo />
    <SubTitulo />
    <Texto><![CDATA[<p class="identifica">PORTARIA Nº 341, DE 27 DE JULHO DE 2025</p><p>O PROCURADOR-CHEFE DA PROCURADORIA DA REPÚBLICA NO ESTADO DO PARANÁ, no uso das atribuições conferidas pelo art. 33 e incisos do Regimento Interno do Ministério Público Federal (aprovado pela Portaria SG/MPF Nº 382, de 05 de maio de 2015), resolve:</p><p>1. Dispensar ALAN MAYCON CORREA CIRILO, matrícula 27572-7, Técnico do MPU/Administração, do encargo de substituto eventual de Chefe da Divisão de Contratações e Gestão Contratual, CC-2, da Procuradoria da República no Estado do Paraná.</p><p>2. Designar ANDRE RAMOS OPERTI, matrícula 3872-5, Técnico do MPU/Administração, para exercer o encargo de substituto eventual de Chefe da Divisão de Contratações e Gestão Contratual, CC-2, da Procuradoria da República no Estado do Paraná.</p><p class="assina">DANIEL HOLZMANN COIMBRA</p>]]></Texto>
  </body>
  <Midias />
</article></xml>