﻿<xml><article id="44203248" name="2025-06-30/11110907/TCUWS_228161" idOficio="11110907" pubName="DO2" artType="Portaria" pubDate="01/07/2025" artClass="00067:00011:00011:-0318:00000:00000:00000:00000:00000:00000:00017:00193" artCategory="Tribunal de Contas da União/Secretaria-Geral de Administração/Secretaria Especializada em Gestão de Pessoas/Diretoria de Análise de Direitos" artSize="12" artNotes="" numberPage="88" pdfPage="http://pesquisa.in.gov.br/imprensa/jsp/visualiza/index.jsp?data=01/07/2025&amp;jornal=529&amp;pagina=88" editionNumber="121" highlightType="" highlightPriority="" highlight="" highlightimage="" highlightimagename="" idMateria="22816139">
  <body>
    <Identifica><![CDATA[ PORTARIA-DIADI Nº 193, DE 30 DE JUNHO DE 2025]]></Identifica>
    <Data><![CDATA[]]></Data>
    <Ementa />
    <Titulo />
    <SubTitulo />
    <Texto><![CDATA[<p class="identifica">PORTARIA-DIADI Nº 193, DE 30 DE JUNHO DE 2025</p><p>A DIRETORA DE ANÁLISE DE DIREITOS DO TRIBUNAL DE CONTAS DA UNIÃO , no uso da atribuição que lhe confere o disposto no inciso III do art. 3º da Portaria n° 3, de 3 de janeiro de 2025, da Secretaria Especializada em Gestão de Pessoas deste Tribunal, resolve:</p><p>Art. 1º Designar DEBORA LIMBERGER, matrícula 12154-1, AUFC, para exercer a função de confiança de Oficial de Gabinete, código FC-3, no(a) Gabinete do Ministro BRUNO DANTAS, ficando, em consequência, dispensado(a) da função de confiança de Assessor, código FC-3, exercida no(a) AudFiscal-ASS/AudFiscal/Secretaria de Controle Externo de Contas Públicas.</p><p>Art. 2º Esta Portaria entra em vigor na data de sua publicação.</p><p class="assina">CRÍSCIE LIZITA LÔBO SILVEIRA</p>]]></Texto>
  </body>
  <Midias />
</article></xml>