﻿<xml><article id="44204775" name="PORTARIA N 6.342_22816612" idOficio="11111270" pubName="DO2" artType="Portaria" pubDate="01/07/2025" artClass="00029:00034:00015:00003:00000:00000:00000:00000:00000:00000:00017:00031" artCategory="Ministério da Gestão e da Inovação em Serviços Públicos/Secretaria de Gestão de Pessoas/Diretoria de Serviços de Aposentados e de Pensionistas e Órgãos Extintos/Coordenação-Geral de Benefícios" artSize="12" artNotes="" numberPage="60" pdfPage="http://pesquisa.in.gov.br/imprensa/jsp/visualiza/index.jsp?data=01/07/2025&amp;jornal=529&amp;pagina=60" editionNumber="121" highlightType="" highlightPriority="" highlight="" highlightimage="" highlightimagename="" idMateria="22816612">
  <body>
    <Identifica><![CDATA[ PORTARIA CGBEN/DECIPEX/SGP/MGI N° 6.342, DE 27 DE JUNHO DE 2025]]></Identifica>
    <Data><![CDATA[]]></Data>
    <Ementa />
    <Titulo />
    <SubTitulo />
    <Texto><![CDATA[<p class="identifica">PORTARIA CGBEN/DECIPEX/SGP/MGI N° 6.342, DE 27 DE JUNHO DE 2025</p><p>O COORDENADOR-GERAL DE BENEFÍCIOS, DA DIRETORIA DE SERVIÇOS DE APOSENTADOS, E DE PENSIONISTAS E ÓRGÃOS EXTINTOS, DA SECRETARIA DE GESTÃO DE PESSOAS, DO MINISTÉRIO DA GESTÃO E DA INOVAÇÃO EM SERVIÇOS PÚBLICOS, no uso da competência atribuída pela Portaria DECIP/SGP/MPDG nº 13.530, de 27 de dezembro de 2018, publicada no DOU de 28 de dezembro de 2018, e considerando o disposto no Processo nº 10128.104816/2023-23, resolve:</p><p>Art. 1º Aposentar, por incapacidade permanente para o trabalho, o servidor EDUARDO ISSAMU MIYAHARA, matrícula SIAPE nº 1869810, ocupante do cargo de Perito Médico Federal, Nível Superior, Classe "S, Padrão II, do Quadro de Pessoal do Ministério da Previdência Social, com fulcro no art. 10, § 1º, inciso II, da Emenda Constitucional nº 103/2019, com proventos calculados com base no artigo 26, §2º, média aritmética.</p><p>Art. 2 º Esta Portaria entra em vigor na data de sua publicação.</p><p class="assina">ROBERTO FAGNER DE FIGUEIREDO BRAGA</p>]]></Texto>
  </body>
  <Midias />
</article></xml>