﻿<xml><article id="44204262" name="ATO PORTARIA DE PESSOAL PROGEPE " idOficio="11111142" pubName="DO2" artType="Portaria" pubDate="01/07/2025" artClass="00025:00108:00057:00000:00000:00000:00000:00000:00000:00000:00017:00000" artCategory="Ministério da Educação/Universidade Federal de Juiz de Fora/Pró-Reitoria de Gestão de Pessoas" artSize="12" artNotes="" numberPage="37" pdfPage="http://pesquisa.in.gov.br/imprensa/jsp/visualiza/index.jsp?data=01/07/2025&amp;jornal=529&amp;pagina=37" editionNumber="121" highlightType="" highlightPriority="" highlight="" highlightimage="" highlightimagename="" idMateria="22816472">
  <body>
    <Identifica><![CDATA[ PORTARIA DE PESSOAL PROGEPE/UFJF Nº 868, DE 30 de junho de 2025]]></Identifica>
    <Data><![CDATA[]]></Data>
    <Ementa />
    <Titulo />
    <SubTitulo />
    <Texto><![CDATA[<p class="identifica">PORTARIA DE PESSOAL PROGEPE/UFJF Nº 868, DE 30 de junho de 2025</p><p>A Pró-reitora de Gestão de Pessoas da Universidade Federal de Juiz de Fora, no uso de suas atribuições e de suas competências delegadas através da Portaria de Pessoal PROGEPE/UFJF Nº 138, de 10 de maio de 2024, publicada no DOU de 17 de maio de 2024, resolve:</p><p>Art. 1º TORNAR SEM EFEITO a nomeação publicada pela Portaria de Pessoal PROGEPE/UFJF nº 678, de 27/05/2025, DOU de 28/05/2025, seção 2, página 32, objeto do Edital nº 97/2022, conforme abaixo discriminado:</p><p>Art. 1º CAIO HENRIQUE BRITO FERREIRA, nomeado para o Campus Governador Valadares, no cargo de Arquiteto e Urbanista, Nível de Classificação "E", Nível de Capacitação I, Padrão de Vencimento 01, processo nº 23071.923608/2025-32, por motivo de não comparecimento para a posse, de acordo com o que preceitua o parágrafo 6º do artigo 13, da Lei nº 8.112, de 11/12/1990.</p><p>Art. 2º Esta Portaria entra em vigor na data de sua publicação.</p><p class="assina">ISABELA RODRIGUES VEIGA</p>]]></Texto>
  </body>
  <Midias />
</article></xml>