﻿<xml><article id="44203992" name="IFMG_RTF_Portaria_3732" idOficio="11111082" pubName="DO2" artType="Portaria" pubDate="01/07/2025" artClass="00025:00070:00001:00000:00000:00000:00000:00000:00000:00000:00017:00000" artCategory="Ministério da Educação/Instituto Federal de Educação, Ciência e Tecnologia de Minas Gerais/Reitoria" artSize="12" artNotes="" numberPage="26" pdfPage="http://pesquisa.in.gov.br/imprensa/jsp/visualiza/index.jsp?data=01/07/2025&amp;jornal=529&amp;pagina=26" editionNumber="121" highlightType="" highlightPriority="" highlight="" highlightimage="" highlightimagename="" idMateria="22816354">
  <body>
    <Identifica><![CDATA[ PORTARIA Nº 3.732/IFMG, DE 26 DE JUNHO DE 2025]]></Identifica>
    <Data><![CDATA[]]></Data>
    <Ementa />
    <Titulo />
    <SubTitulo />
    <Texto><![CDATA[<p class="identifica">PORTARIA Nº 3.732/IFMG, DE 26 DE JUNHO DE 2025</p><p>O REITOR DO INSTITUTO FEDERAL DE EDUCAÇÃO, CIÊNCIA E TECNOLOGIA DE MINAS GERAIS, no uso das atribuições que lhe são conferidas pelo Estatuto da Instituição, republicado com alterações no Diário Oficial da União do dia 08/05/2018, Seção 1, Páginas 09 e 10, e pelo Decreto de 11 de setembro de 2023, publicado no DOU de 12 de setembro de 2023, Seção 2, Edição nº 174, página 01 e o que consta no Processo nº 23208.000591/2025-51, resolve:</p><p>Exonerar o servidor KENESTON SOUSA COELHO, ocupante do cargo de Assistente em Administração, SIAPE nº 2031881, SIAPECAD nº 01813704, lotado no(a) Diretoria de Assuntos Estudantis da Reitoria, do encargo de substituto de Coordenador, CD - 04, do(a) Coordenadoria de Registro Acadêmico da Reitoria, UORG-85. Efeitos a partir de 14 de abril de 2025.</p><p class="assina">RAFAEL BASTOS TEIXEIRA</p>]]></Texto>
  </body>
  <Midias />
</article></xml>