﻿<xml><article id="44200115" name="CORREIO ELETRONICO GR - 25.06.25" idOficio="11102430" pubName="DO2" artType="Portaria" pubDate="01/07/2025" artClass="00025:00093:00700:00000:00000:00000:00000:00000:00000:00000:00017:00000" artCategory="Ministério da Educação/Universidade Federal de Alagoas/Gabinete do Reitor" artSize="12" artNotes="" numberPage="33" pdfPage="http://pesquisa.in.gov.br/imprensa/jsp/visualiza/index.jsp?data=01/07/2025&amp;jornal=529&amp;pagina=33" editionNumber="121" highlightType="" highlightPriority="" highlight="" highlightimage="" highlightimagename="" idMateria="22804148">
  <body>
    <Identifica><![CDATA[ PORTARIA GR Nº 431, 16 de Junho de 2025]]></Identifica>
    <Data><![CDATA[]]></Data>
    <Ementa />
    <Titulo />
    <SubTitulo />
    <Texto><![CDATA[<p class="identifica">PORTARIA GR Nº 431, 16 de Junho de 2025</p><p>O REITOR DA UNIVERSIDADE FEDERAL DE ALAGOAS, no uso das atribuições que lhe confere o § 1º do artigo 15 do Estatuto da UFAL, aprovado pela Portaria nº 4067/MEC, de 29/12/2003, e tendo em vista o que consta no Processo nº 23065.012719/2025-09, resolve:</p><p>Nomear, em caráter efetivo, na forma do disposto nos artigos 9º, inciso I, e 10 da Lei nº 8.112/90, HANNAH DE OLIVEIRA SANTOS BEZERRA, habilitado/a em concurso público de provas e títulos, vaga para ampla concorrência, homologado em 28/06/2022, prorrogação de validade em 19/03/2024, para o cargo de Professor do Magistério Superior, classe A, nível 01, 40 horas semanais de trabalho com dedicação exclusiva, com lotação no/a Faculdade de Economia, Administração e Contabilidade (FEAC), código da vaga nº 631291.</p><p class="assina">JOSEALDO TONHOLO</p>]]></Texto>
  </body>
  <Midias />
</article></xml>