﻿<xml><article id="44200760" name="PORTARIA NA 232 DE 18 DE JUNHO D" idOficio="11105123" pubName="DO2" artType="Portaria" pubDate="01/07/2025" artClass="00071:00539:00000:00000:00000:00000:00000:00000:00000:00000:00017:00000" artCategory="Entidades de Fiscalização do Exercício das Profissões Liberais/CONSELHO REGIONAL DOS REPRESENTANTES COMERCIAIS NO ESTADO DE MINAS GERAIS" artSize="12" artNotes="" numberPage="105" pdfPage="http://pesquisa.in.gov.br/imprensa/jsp/visualiza/index.jsp?data=01/07/2025&amp;jornal=529&amp;pagina=105" editionNumber="121" highlightType="" highlightPriority="" highlight="" highlightimage="" highlightimagename="" idMateria="22807851">
  <body>
    <Identifica><![CDATA[ PORTARIA Nº 232,  DE 18 DE JUNHO DE 2025]]></Identifica>
    <Data><![CDATA[]]></Data>
    <Ementa />
    <Titulo />
    <SubTitulo />
    <Texto><![CDATA[<p class="identifica">PORTARIA Nº 232, DE 18 DE JUNHO DE 2025</p><p>O Diretor-Presidente do Conselho Regional dos Representantes Comerciais no Estado de Minas Gerais - CORE-O Diretor-Presidente do Conselho Regional dos Representantes Comerciais no Estado de Minas Gerais - Core-MG, no exercício das atribuições previstas no artigo 20, III e IX do Regimento Interno vigente;</p><p>CONSIDERANDO o disposto no artigo 9º, §2º, II do Decreto nº 12.002/2024;</p><p>CONSIDERANDO o item 1 dos Princípios Básicos do Plano de Cargos, Carreiras e Salários dos Empregados do Core-MG;</p><p>CONSIDERANDO o disposto na Resolução CORE-MG nº 2.079/2024;</p><p>CONSIDERANDO o disposto na Lei nº 14.133, de 1º de abril de 2021 e no Decreto federal nº 11.246, de 27 de outubro de 2022; e</p><p>CONSIDERANDO a deliberação da Diretoria Executiva na 27ª Reunião Ordinária, realizada em 13 de maio de 2025, resolve:</p><p>Art. 1º Revogar a Portaria nº 223/2025.</p><p>Art. 2º Nomear a empregada Camila dos Santos Quintanilha Braga para o cargo em comissão de Assessora de Gestão de Aquisições e Contratos, com atribuição especial de exercer a fiscalização de todos os contratos administrativos do Core-MG.</p><p>Art. 3º Ressalvam-se os efeitos pretéritos da Portaria nº 223, de 20/05/2025, mantendo-se válidos todos os atos praticados pela nomeada no exercício do cargo até a presente data.</p><p>Art. 4º Serão nomeados para atuar como fiscais suplentes das contratações, em cada caso, os seguintes empregados: Alysson Ferreira da Silva - Assessor de Tecnologia e Informação; Elias Moreira Franco - Coordenador Administrativo; Maraísa Jeunon - Coordenadora Administrativa; e Marco Antônio Santos da Rocha - Coordenador Administrativo.</p><p>Art. 5º Alterar o artigo 2º da Portaria nº 200/2025 para estabelecer que a gestão de contratos será exercida apenas pelos empregados Fabrício Guimarães Araújo - Assessor de Cadastro e Cobrança e Izabella Bordini Catão - Assessora Jurídica de Fiscalização e Ética, os quais devem redistribuir entre si os contratos sob gestão da empregada Camila dos Santos Quintanilha Braga.</p><p class="assina">Antônio José Maciel Ribeiro</p>]]></Texto>
  </body>
  <Midias />
</article></xml>