﻿<xml><article id="44201418" name="Doc Port Hoje" idOficio="11110491" pubName="DO2" artType="Portaria" pubDate="01/07/2025" artClass="00025:00076:00000:00000:00000:00000:00000:00000:00000:00000:00017:00001" artCategory="Ministério da Educação/Instituto Federal de Educação, Ciência e Tecnologia do Piauí" artSize="12" artNotes="" numberPage="28" pdfPage="http://pesquisa.in.gov.br/imprensa/jsp/visualiza/index.jsp?data=01/07/2025&amp;jornal=529&amp;pagina=28" editionNumber="121" highlightType="" highlightPriority="" highlight="" highlightimage="" highlightimagename="" idMateria="22815642">
  <body>
    <Identifica><![CDATA[ PORTARIA nº 1.709/GAB/REI/IFPI, de 30 de junho de 2025]]></Identifica>
    <Data><![CDATA[]]></Data>
    <Ementa />
    <Titulo />
    <SubTitulo />
    <Texto><![CDATA[<p class="identifica">PORTARIA nº 1.709/GAB/REI/IFPI, de 30 de junho de 2025</p><p>O REITOR DO INSTITUTO FEDERAL DE EDUCAÇÃO, CIÊNCIA E TECNOLOGIA DO PIAUÍ (IFPI), no uso de suas atribuições legais e tendo em vista o disposto no Processo nº 23172.001953/2025-85, resolve:</p><p>Nomear o servidor APOLINÁRIO DE LIMA FEITOZA, SIAPE nº 1759605, ocupante do cargo de Assistente em Administração, lotado na PROEN/REITORIA, para responder pelo cargo de Diretor de Ensino Técnico (DIETEC), código CD-4, no período de 26 a 30/06/2025, em virtude de férias da titular, a servidora Nalva Maria Rodrigues de Sousa, SIAPE nº 1886967.</p><p class="assina">PAULO BORGES DA CUNHA</p><p class="identifica">PORTARIA Nº 1.707/GAB/REI/IFPI, DE 30 DE JUNHO DE 2025</p><p>O REITOR DO INSTITUTO FEDERAL DE EDUCAÇÃO, CIÊNCIA E TECNOLOGIA DO PIAUÍ (IFPI), no uso de suas atribuições legais e tendo em vista o disposto no Processo nº 23055.003273/2025-32, resolve:</p><p>Nomear a servidora SIMONE COSTA SPÍNDOLA, SIAPE nº 1581192, ocupante da função de Chefe de Gabinete, código FG-1, lotada no Campus Teresina Central, para responder, cumulativamente, pelo cargo de Diretor do Departamento de Pesquisa e Inovação do referido campus, código CD-3, no período de 01/08 a 15/08/2025, em virtude de férias do titular do cargo, o servidor Renato Sérgio Soares Costa, SIAPE nº 1466076.</p><p class="assina">PAULO BORGES DA CUNHA</p>]]></Texto>
  </body>
  <Midias />
</article></xml>