﻿<xml><article id="44203389" name="Portaria_2025_06_30_288" idOficio="11110932" pubName="DO2" artType="Portaria" pubDate="01/07/2025" artClass="00070:00003:00005:00001:00000:00000:00000:00000:00000:00000:00017:00001" artCategory="Poder Judiciário/Tribunal Superior Eleitoral/Secretaria do Tribunal/Diretoria-Geral" artSize="12" artNotes="" numberPage="91" pdfPage="http://pesquisa.in.gov.br/imprensa/jsp/visualiza/index.jsp?data=01/07/2025&amp;jornal=529&amp;pagina=91" editionNumber="121" highlightType="" highlightPriority="" highlight="" highlightimage="" highlightimagename="" idMateria="22816183">
  <body>
    <Identifica><![CDATA[ PORTARIA Nº 288, de 26 de junho de 2025]]></Identifica>
    <Data><![CDATA[]]></Data>
    <Ementa />
    <Titulo />
    <SubTitulo />
    <Texto><![CDATA[<p class="identifica">PORTARIA Nº 288, de 26 de junho de 2025</p><p>O DIRETOR-GERAL DA SECRETARIA DO TRIBUNAL SUPERIOR ELEITORAL, com base no disposto no caput do art. 38 da Lei nº 8.112, de 11 de dezembro de 1990, no inciso XVI do art. 116 do Regulamento Interno e na Portaria TSE nº 288 de 8 de maio de 2020, resolve:</p><p>Art. 1º Ficam designados para substituir o Assessor-Chefe da Escola Judiciária Eleitoral, Nível CJ-3, do Tribunal Superior Eleitoral, nos seus afastamentos e impedimentos legais ou regulamentares:</p><p>I - Caroline Sant'ana Delfino, sem vínculo efetivo com a Administração Pública, como 1ª substituta;</p><p>II - Pedro Oliveira Mascarenhas, sem vínculo efetivo com a Administração Pública, como 2º substituto; e</p><p>III - Carla Andréa Farias Meireles de Faria, Técnica Judiciária, Área Administrativa, como 3ª substituta.</p><p>Art. 2º Fica revogada a Portaria TSE nº 19, de 12 de janeiro de 2024, publicada no Diário Oficial da União do dia 15 subsequente, Seção 2, página 61.</p><p>Art. 3º Esta portaria entra em vigor na data de sua publicação.</p><p class="assina">MIGUEL RICARDO DE OLIVEIRA PIAZZI</p>]]></Texto>
  </body>
  <Midias />
</article></xml>