﻿<xml><article id="44199725" name="Portaria 2189 2198 - APOSENTADOR" idOficio="11108056" pubName="DO2" artType="Portaria" pubDate="01/07/2025" artClass="00025:00143:00000:00000:00000:00000:00000:00000:00000:00000:00017:00001" artCategory="Ministério da Educação/Fundação Universidade Federal do Acre" artSize="12" artNotes="" numberPage="48" pdfPage="http://pesquisa.in.gov.br/imprensa/jsp/visualiza/index.jsp?data=01/07/2025&amp;jornal=529&amp;pagina=48" editionNumber="121" highlightType="" highlightPriority="" highlight="" highlightimage="" highlightimagename="" idMateria="22812015">
  <body>
    <Identifica><![CDATA[ PORTARIA Nº 2.198, DE 27 DE JUNHO DE 2025]]></Identifica>
    <Data><![CDATA[]]></Data>
    <Ementa />
    <Titulo />
    <SubTitulo />
    <Texto><![CDATA[<p class="identifica">PORTARIA Nº 2.198, DE 27 DE JUNHO DE 2025</p><p>A REITORA DA UNIVERSIDADE FEDERAL DO ACRE, no uso das atribuições que lhe confere o Decreto de 9 de agosto de 2022, publicado no Diário Oficial da União (DOU) nº 151, Seção 2, página 1, de 10 de agosto de 2022, combinado com o art. 80, Inciso I, do Regimento Geral da UFAC, e o que consta no processo administrativo nº 23107.016247/2025-11, resolve:</p><p>Art. 1º CONCEDER Aposentadoria Voluntária, com proventos integrais, ao servidor JOSÉ BATISTA DOS SANTOS, Matrícula SIAPE nº 0414315, Identificação Única nº 4143159, ocupante do cargo efetivo de Auxiliar em Administração, Nível de Classificação C, Padrão 019, Grupo/Cargo 701/405, Código de vaga nº 324120, lotado na Coordenadoria de Limpeza Interna dos Blocos, com fundamento no art. 10, § 1º, inc. I e 26, da Emenda Constitucional nº 103/2019.</p><p>Art. 2º DECLARAR vago, em decorrência, o cargo acima citado.</p><p>Art. 3º Esta portaria entra em vigência a contar da data de publicação no Diário Oficial da União (DOU).</p><p class="assina">MARGARIDA DE AQUINO CUNHA</p><p class="identifica">PORTARIA Nº 2.189 DE 26, DE JUNHO DE 2025</p><p>A REITORA DA UNIVERSIDADE FEDERAL DO ACRE, no uso das atribuições que lhe confere o Decreto de 9 de agosto de 2022, publicado no Diário Oficial da União (DOU) nº 151, Seção 2, página 1, de 10 de agosto de 2022, combinado com o art. 80, Inciso I, do Regimento Geral da UFAC, e o que consta no processo administrativo nº 23107.012773/2025-11, resolve:</p><p>Art. 1º CONCEDER Aposentadoria Voluntária, com proventos integrais, ao servidor HENRIQUE JORGE DE FREITAS, Matrícula SIAPE nº 3151848, Identificação Única nº 11518480, ocupante do cargo efetivo de Professor do Magistério Superior, Nível de Classificação D, Denominação Titular, Nível 001, Grupo/Cargo 705/001, Código de vaga nº 324556, lotado no Centro de Ciências Biológicas e da Natureza (CCBN), com fundamento no art. 20, § 2º, inciso I, da Emenda Constitucional nº 103/2019.</p><p>Art. 2º DECLARAR vago, em decorrência, o cargo acima citado.</p><p>Art. 3º Esta portaria entra em vigência a contar da data de publicação no Diário Oficial da União (DOU).</p><p class="assina">MARGARIDA DE AQUINO CUNHA</p>]]></Texto>
  </body>
  <Midias />
</article></xml>