﻿<xml><article id="44200517" name="PORTARIA N 466_22767245" idOficio="11077533" pubName="DO2" artType="Portaria" pubDate="01/07/2025" artClass="00070:00042:00001:00001:00000:00000:00000:00000:00000:00000:00017:00000" artCategory="Poder Judiciário/Tribunal Regional do Trabalho da 1ª Região/Presidência/Gabinete da Presidência" artSize="12" artNotes="" numberPage="98" pdfPage="http://pesquisa.in.gov.br/imprensa/jsp/visualiza/index.jsp?data=01/07/2025&amp;jornal=529&amp;pagina=98" editionNumber="121" highlightType="" highlightPriority="" highlight="" highlightimage="" highlightimagename="" idMateria="22767245">
  <body>
    <Identifica><![CDATA[ PORTARIA SGP Nº 466, DE 28 DE MAIO DE 2025]]></Identifica>
    <Data><![CDATA[]]></Data>
    <Ementa />
    <Titulo />
    <SubTitulo />
    <Texto><![CDATA[<p class="identifica">PORTARIA SGP Nº 466, DE 28 DE MAIO DE 2025</p><p>O PRESIDENTE DO TRIBUNAL REGIONAL DO TRABALHO DA PRIMEIRA REGIÃO no uso de suas atribuições legais e regimentais, tendo em vista o que consta do processo eletrônico PROAD nº 18996/2024, resolve:</p><p>Conceder aposentadoria voluntária à servidora MARGARETH GITIRANA CORREA, no cargo de Técnico Judiciário, Área Administrativa, Classe C, Padrão 13, com proventos correspondentes à totalidade da remuneração no cargo efetivo e fundamento no art. 20, incisos I a IV e §§2º, inciso I, e 3º, inciso I, da Emenda Constitucional nº 103/2019, observando-se o acréscimo da vantagem pessoal nominalmente identificada nos termos do art. 62-A da Lei nº 8.112/1990, com redação dada pelo art. 3º da MP nº 2225-45/2001, c/c entendimento decorrente do Recurso Extraordinário nº 638.115/CE c/c a alteração introduzida pelo parágrafo único do art. 11 da Lei nº 11.416/2006, incluído pela Lei nº 14.687/2023, e assim também do Adicional de Qualificação previsto no art. 15, inciso III, da Lei nº 11.416/2006.</p><p class="assina">ROQUE LUCARELLI DATTOLI</p>]]></Texto>
  </body>
  <Midias />
</article></xml>