﻿<xml><article id="44200319" name="ATO Portaria NA 95" idOficio="11107947" pubName="DO2" artType="Portaria" pubDate="01/07/2025" artClass="00070:00001:00000:00000:00000:00000:00000:00000:00000:00000:00017:00003" artCategory="Poder Judiciário/Supremo Tribunal Federal/Presidência" artSize="12" artNotes="" numberPage="90" pdfPage="http://pesquisa.in.gov.br/imprensa/jsp/visualiza/index.jsp?data=01/07/2025&amp;jornal=529&amp;pagina=90" editionNumber="121" highlightType="" highlightPriority="" highlight="" highlightimage="" highlightimagename="" idMateria="22811853">
  <body>
    <Identifica><![CDATA[ Portaria Nº 95, DE 18 DE junho DE 2025]]></Identifica>
    <Data><![CDATA[]]></Data>
    <Ementa />
    <Titulo />
    <SubTitulo />
    <Texto><![CDATA[<p class="identifica">Portaria Nº 95, DE 18 DE junho DE 2025</p><p>O PRESIDENTE DO SUPREMO TRIBUNAL FEDERAL, no uso de suas atribuições regimentais, considerando o que consta da Resolução nº 659, de 9 de fevereiro de 2020, e do Processo Administrativo eletrônico nº 011422/2024, resolve:</p><p>Redistribuir, com fundamento no art. 37 da Lei nº 8.112, de 11 de dezembro de 1990, um cargo vago de Analista Judiciário, área Judiciária, do Quadro de Pessoal deste Tribunal, para o Tribunal Regional Federal da 1ª Região, em reciprocidade com o cargo de Analista Judiciário, área Judiciária, ocupado pelo servidor NILTON LEAL DA SILVA.</p><p class="assina">Min. LUÍS ROBERTO BARROSO</p>]]></Texto>
  </body>
  <Midias />
</article></xml>