﻿<xml><article id="44200310" name="ATO PORTARIA NA 4992 PENSAO MARC" idOficio="11110205" pubName="DO2" artType="Portaria" pubDate="01/07/2025" artClass="00025:00072:00006:00000:00000:00000:00000:00000:00000:00000:00017:04992" artCategory="Ministério da Educação/Instituto Federal de Educação, Ciência e Tecnologia do Pará/Campus Belém" artSize="12" artNotes="" numberPage="27" pdfPage="http://pesquisa.in.gov.br/imprensa/jsp/visualiza/index.jsp?data=01/07/2025&amp;jornal=529&amp;pagina=27" editionNumber="121" highlightType="" highlightPriority="" highlight="" highlightimage="" highlightimagename="" idMateria="22815293">
  <body>
    <Identifica><![CDATA[ PORTARIA Nº 4.992/BELÉM/IFPA, DE 30 DE JUNHO DE 2025]]></Identifica>
    <Data><![CDATA[]]></Data>
    <Ementa />
    <Titulo />
    <SubTitulo />
    <Texto><![CDATA[<p class="identifica">PORTARIA Nº 4.992/BELÉM/IFPA, DE 30 DE JUNHO DE 2025</p><p>O DIRETOR GERAL DO CAMPUS BELÉM DO INSTITUTO FEDERAL DE EDUCAÇÃO CIÊNCIA E TECNOLOGIA DO PARÁ, designado através da Portaria nº 3.711/REITORIA/IFPA, publicada no D.O.U. de 04 de agosto de 2023, seção 2, página 19, no uso das atribuições legais que lhe conferem os artigos 50 e 51 do Regimento Geral do IFPA, aprovado pela Resolução nº 190/2020, de 21/12/2020, Portaria nº 215/2020/GAB, de 19 de fevereiro de 2020 e o que consta no Processo nº 23051.014121/2025-81, resolve:</p><p>Art. 1º Conceder Pensão Vitalícia a MARIA CONCEIÇÃO DO SOCORRO CABRAL FARIAS FREITAS, na qualidade de cônjuge, do ex-servidor falecido MARCO ANTONIO DE OLIVEIRA FREITAS, ocupante do cargo de Professor de Ensino Básico Técnico e Tecnológico, SIAPE nº 1242684, SIAPECAD nº 00197389, lotado(a) no(a) Departamento de Ensino Superior do Campus Belém, C004, com fundamento na Lei 8112/90, Art. 215 e 217, Inciso I, c/c art. 222, Inciso VII, alínea b, item 6 - com redação dada pela Lei nº 13.135/2015, e Artigo 23 da Emenda Constitucional nº 103 de 12/11/2019, publicada no DOU de 13/11/2019, com vigência a partir da data do Óbito, conforme Certidão de Óbito nº 066431.01.55.2025.4.00015.218.0011928.33.</p><p>Efeito financeiro a partir de 14 de junho de 2025.</p><p class="assina">HELIO ANTONIO LAMEIRA DE ALMEIDA</p>]]></Texto>
  </body>
  <Midias />
</article></xml>