﻿<xml><article id="44203977" name="Port. 373 - Vacancia - DEBORA CA" idOficio="11111057" pubName="DO2" artType="Portaria" pubDate="01/07/2025" artClass="00025:00127:00012:00007:00000:00000:00000:00000:00000:00000:00017:00000" artCategory="Ministério da Educação/Universidade Federal de Santa Catarina/Pró-Reitoria de Desenvolvimento e Gestão de Pessoas/Departamento de Administração de Pessoal" artSize="12" artNotes="" numberPage="44" pdfPage="http://pesquisa.in.gov.br/imprensa/jsp/visualiza/index.jsp?data=01/07/2025&amp;jornal=529&amp;pagina=44" editionNumber="121" highlightType="" highlightPriority="" highlight="" highlightimage="" highlightimagename="" idMateria="22816343">
  <body>
    <Identifica><![CDATA[ PORTARIA Nº 373/DAP, DE 30 DE JUNHO DE 2025]]></Identifica>
    <Data><![CDATA[]]></Data>
    <Ementa />
    <Titulo />
    <SubTitulo />
    <Texto><![CDATA[<p class="identifica">PORTARIA Nº 373/DAP, DE 30 DE JUNHO DE 2025</p><p>A Diretora do Departamento de Administração de Pessoal da Universidade Federal de Santa Catarina, no uso de suas atribuições, resolve:</p><p>Declarar vago, a partir de 30 de junho de 2025, o cargo de ASSISTENTE EM ADMINISTRAÇÃO, nível de classificação D, padrão de vencimento 009, em regime de trabalho de 40 (quarenta) horas semanais, da carreira técnico-administrativa da Universidade Federal de Santa Catarina, ocupado por DÉBORA CAROLINE BUBLITZ, matrícula SIAPE 3054657, código de vaga 688289, em virtude de posse em outro cargo inacumulável, nos termos do Art. 33, Inciso VIII, da Lei 8.112 de 11 de dezembro de 1990 (Processo nº 23080.035200/2025-01).</p><p class="assina">EMANUELLA KÁTIA DA CONCEIÇÃO DOS SANTOS</p>]]></Texto>
  </body>
  <Midias />
</article></xml>