﻿<xml><article id="44200034" name="PORTARIA N 517_22813387" idOficio="11108969" pubName="DO2" artType="Portaria" pubDate="01/07/2025" artClass="00070:00042:00001:00001:00000:00000:00000:00000:00000:00000:00017:00000" artCategory="Poder Judiciário/Tribunal Regional do Trabalho da 1ª Região/Presidência/Gabinete da Presidência" artSize="12" artNotes="" numberPage="99" pdfPage="http://pesquisa.in.gov.br/imprensa/jsp/visualiza/index.jsp?data=01/07/2025&amp;jornal=529&amp;pagina=99" editionNumber="121" highlightType="" highlightPriority="" highlight="" highlightimage="" highlightimagename="" idMateria="22813387">
  <body>
    <Identifica><![CDATA[ PORTARIA SGP Nº 517, DE 12 DE JUNHO DE 2025]]></Identifica>
    <Data><![CDATA[]]></Data>
    <Ementa />
    <Titulo />
    <SubTitulo />
    <Texto><![CDATA[<p class="identifica">PORTARIA SGP Nº 517, DE 12 DE JUNHO DE 2025</p><p>O PRESIDENTE DO TRIBUNAL REGIONAL DO TRABALHO DA PRIMEIRA REGIÃO, no uso de suas atribuições legais e regimentais, tendo em vista o que consta do Processo eletrônico 4625/2025 PROAD, resolve:</p><p>Conceder aposentadoria voluntária à servidora SHEYLA BACELAR DE SOUZA, no cargo de Técnico Judiciário - Área Administrativa, Classe C, Padrão 13, no valor apurado de 78% (setenta e oito por cento) da média aritmética das contribuições previdenciárias, com fundamento art. 10, §1º, I, alíneas a e b, c/c art. 26, § 2º, II e § 7º ambos da Emenda Constitucional 103/2019.</p><p class="assina">ROQUE LUCARELLI DATTOLI</p>]]></Texto>
  </body>
  <Midias />
</article></xml>