﻿<xml><article id="44201268" name="PT 663" idOficio="11110466" pubName="DO2" artType="Portaria" pubDate="01/07/2025" artClass="00047:00002:00021:00040:00014:00000:00000:00000:00000:00000:00017:00663" artCategory="Ministério da Saúde/Secretaria Executiva/Subsecretaria de Assuntos Administrativos/Superintendência Estadual do Ministério da Saúde no Rio de Janeiro/Serviço de Gestão de Pessoas" artSize="12" artNotes="" numberPage="79" pdfPage="http://pesquisa.in.gov.br/imprensa/jsp/visualiza/index.jsp?data=01/07/2025&amp;jornal=529&amp;pagina=79" editionNumber="121" highlightType="" highlightPriority="" highlight="" highlightimage="" highlightimagename="" idMateria="22815585">
  <body>
    <Identifica><![CDATA[ PORTARIA SEGEP/RJ Nº 663, DE 25 DE JUNHO DE 2025]]></Identifica>
    <Data><![CDATA[]]></Data>
    <Ementa />
    <Titulo />
    <SubTitulo />
    <Texto><![CDATA[<p class="identifica">PORTARIA SEGEP/RJ Nº 663, DE 25 DE JUNHO DE 2025</p><p>A Chefe do Serviço de Gestão de Pessoas da Superintendência Estadual do Ministério da Saúde no Rio de Janeiro, da Subsecretaria de Assuntos Administrativos, da Secretaria Executiva do Ministério da Saúde, no uso de suas atribuições legais que lhe foram atribuídas pela Portaria de Pessoal SE/MS nº 94, de 01 de fevereiro de 2024, publicada no D.O.U. Nº 25, de 5 de fevereiro de 2024, Seção 2, página 68, e tendo em vista o que consta no processo nº 25001.000972/2025-81, resolve:</p><p>Conceder Pensão à VERA LUCIA MOREIRA LIMA, na condição de Companheira, com fundamento nos artigos 217, inciso III e 222, inciso VII, alínea b, item 6, da Lei nº 8.112/90, na redação dada pela Lei n° 13.135 de 17.06.2015, combinado com o da Portaria SGP/SEDGG/ME Nº 4645 de 24/05/2022, em face do falecimento ocorrido em 04/11/2024, do ex-servidor WALDEMAR GOMES PIXININE, Matrícula Siape nº 0.638.129, que ocupava o Cargo 422/069 - Médico, Classe S, Padrão III - Aposentado do Quadro de Pessoal deste Ministério, sendo a Pensão calculada nos termos do artigo 23 da Emenda Constitucional nº 103, de 13/11/2019, cabendo à beneficiária a cota-parte de 1/1, do valor destinado ao benefício, devendo ainda ser aplicado o Redutor de acordo com o disposto no § 2º do artigo 24 da citada Emenda, no Benefício que recebe acumulativamente junto INSS.</p><p class="assina">LUCILENA RODRIGUES GIESTEIRA</p>]]></Texto>
  </body>
  <Midias />
</article></xml>