﻿<xml><article id="44202483" name="2025-06-30/11110772/TCUWS_228159" idOficio="11110772" pubName="DO2" artType="Portaria" pubDate="01/07/2025" artClass="00067:00011:00011:-0318:00000:00000:00000:00000:00000:00000:00017:00192" artCategory="Tribunal de Contas da União/Secretaria-Geral de Administração/Secretaria Especializada em Gestão de Pessoas/Diretoria de Análise de Direitos" artSize="12" artNotes="" numberPage="88" pdfPage="http://pesquisa.in.gov.br/imprensa/jsp/visualiza/index.jsp?data=01/07/2025&amp;jornal=529&amp;pagina=88" editionNumber="121" highlightType="" highlightPriority="" highlight="" highlightimage="" highlightimagename="" idMateria="22815966">
  <body>
    <Identifica><![CDATA[ PORTARIA-DIADI Nº 192, DE 30 DE JUNHO DE 2025]]></Identifica>
    <Data><![CDATA[]]></Data>
    <Ementa />
    <Titulo />
    <SubTitulo />
    <Texto><![CDATA[<p class="identifica">PORTARIA-DIADI Nº 192, DE 30 DE JUNHO DE 2025</p><p>A DIRETORA DE ANÁLISE DE DIREITOS DO TRIBUNAL DE CONTAS DA UNIÃO , no uso da atribuição que lhe confere o disposto no inciso IV do art. 3º da Portaria n° 3, de 3 de janeiro de 2025, da Secretaria Especializada em Gestão de Pessoas deste Tribunal, e, tendo em vista o que consta da Portaria-TCU nº 323, de 1º de outubro de 2019, resolve:</p><p>Art. 1º Designar CIBELE OLIVEIRA COIMBRA E PALOS, matrícula 6234-0, AUFC, para exercer a função de confiança de Especialista Sênior I, código FC-3, no período compreendido entre a data de publicação desta Portaria e 31 de dezembro de 2025.</p><p>Parágrafo único. Será realizado o trabalho "Gestão unificada da processualística do TCU.", código 1060, patrocinado pelo(a) Setid e autorizado pelo(a) SEGEPRES em 25/6/2025.</p><p>Art. 2º Esta Portaria entra em vigor na data de sua publicação.</p><p class="assina">CRÍSCIE LIZITA LÔBO SILVEIRA</p>]]></Texto>
  </body>
  <Midias />
</article></xml>