﻿<xml><article id="44200685" name="PORTARIA NA 231 DE 13 DE JUNHO D" idOficio="11104062" pubName="DO2" artType="Portaria" pubDate="01/07/2025" artClass="00071:00539:00000:00000:00000:00000:00000:00000:00000:00000:00017:00000" artCategory="Entidades de Fiscalização do Exercício das Profissões Liberais/CONSELHO REGIONAL DOS REPRESENTANTES COMERCIAIS NO ESTADO DE MINAS GERAIS" artSize="12" artNotes="" numberPage="105" pdfPage="http://pesquisa.in.gov.br/imprensa/jsp/visualiza/index.jsp?data=01/07/2025&amp;jornal=529&amp;pagina=105" editionNumber="121" highlightType="" highlightPriority="" highlight="" highlightimage="" highlightimagename="" idMateria="22806491">
  <body>
    <Identifica><![CDATA[ PORTARIA Nº 231,  DE 13 DE JUNHO DE 2025]]></Identifica>
    <Data><![CDATA[]]></Data>
    <Ementa />
    <Titulo />
    <SubTitulo />
    <Texto><![CDATA[<p class="identifica">PORTARIA Nº 231, DE 13 DE JUNHO DE 2025</p><p>O Diretor-Presidente do Conselho Regional dos Representantes Comerciais no Estado de Minas Gerais - CORE-MG, no uso da atribuição legal prevista no artigo 20, IX, do Regimento Interno vigente, combinado com as atribuições legais positivadas na Lei Federal nº 4.886, de 09 de dezembro de 1965, com as alterações introduzidas pela Lei nº 8.420, de 08 de maio de 1992 e pela Lei nº 12.246, de 27 de maio de 2010, e pela Lei nº 14.195, de agosto de 2021, e considerando que o pedido formal do empregado efetivo concursado, datado de 16 de maio de 2025, resolve:</p><p>Art. 1º - Exonerar, a pedido , o Senhor CAIO CALDEIRA BRANT SANDY, inscrito no CPF nº 083.XXX.XXX-46, do cargo de Assistente Administrativo, a partir de 15 de junho de 2025.</p><p class="assina">Antônio José Maciel Ribeiro</p>]]></Texto>
  </body>
  <Midias />
</article></xml>