﻿<xml><article id="44205051" name="DOU2-GO-1-PT-128-UNI-PR-GO-00030" idOficio="11111333" pubName="DO2" artType="Portaria" pubDate="01/07/2025" artClass="00066:00008:00033:00000:00000:00000:00000:00000:00000:00000:00017:00128" artCategory="Ministério Público da União/Ministério Público Federal/Procuradoria da República no Estado de Goiás" artSize="12" artNotes="" numberPage="85" pdfPage="http://pesquisa.in.gov.br/imprensa/jsp/visualiza/index.jsp?data=01/07/2025&amp;jornal=529&amp;pagina=85" editionNumber="121" highlightType="" highlightPriority="" highlight="" highlightimage="" highlightimagename="" idMateria="22816703">
  <body>
    <Identifica><![CDATA[ PORTARIA PR/GO Nº 128, DE 26 DE JUNHO DE 2025]]></Identifica>
    <Data><![CDATA[]]></Data>
    <Ementa />
    <Titulo />
    <SubTitulo />
    <Texto><![CDATA[<p class="identifica">PORTARIA PR/GO Nº 128, DE 26 DE JUNHO DE 2025</p><p>A PROCURADORA-CHEFE DA PROCURADORIA DA REPÚBLICA NO ESTADO DE GOIÁS, no uso das atribuições conferidas pelo art. 56, VI, do Regimento Interno Diretivo do Ministério Público Federal, aprovado pela Portaria PGR/MPF nº 357, de 5 de maio de 2015, e no art. 33, inciso VI, do Regimento Interno Administrativo do Ministério Público Federal, aprovado pela Portaria SG/MPF nº 382, de 5 de maio de 2015, e conforme Memorando nº 400/2025/GABPR19-EPAA, resolve:</p><p>1. Dispensar LIBNA SANLAY GUIMARAES GOULART, matrícula 28071, ocupante do cargo de Analista do MPU/Direito, do encargo de substituta eventual da Assessora-Chefe Nível IV, CC-4, do gabinete do Procurador da República Éverton Pereira Aguiar Araujo, na Procuradoria da República em Goiás.</p><p>2. Designar JÉSSIKA MACEDO CABRAL, matrícula nº 30204, ocupante do cargo de Analista do MPU/Direito, para exercer o referido encargo.</p><p class="assina">LEA BATISTA DE OLIVEIRA MOREIRA LIMA</p>]]></Texto>
  </body>
  <Midias />
</article></xml>