﻿<xml><article id="44200751" name="912 - ALINE -2025 - Setor de ate" idOficio="11106794" pubName="DO2" artType="Portaria" pubDate="01/07/2025" artClass="00066:00010:00001:00004:00000:00000:00000:00000:00000:00000:00017:00000" artCategory="Ministério Público da União/Ministério Público do Trabalho/Procuradoria-Geral/Diretoria-Geral" artSize="12" artNotes="" numberPage="87" pdfPage="http://pesquisa.in.gov.br/imprensa/jsp/visualiza/index.jsp?data=01/07/2025&amp;jornal=529&amp;pagina=87" editionNumber="121" highlightType="" highlightPriority="" highlight="" highlightimage="" highlightimagename="" idMateria="22810372">
  <body>
    <Identifica><![CDATA[ PORTARIA Nº 912, DE 26 DE JUNHO DE 2025]]></Identifica>
    <Data><![CDATA[]]></Data>
    <Ementa />
    <Titulo />
    <SubTitulo />
    <Texto><![CDATA[<p class="identifica">PORTARIA Nº 912, DE 26 DE JUNHO DE 2025</p><p>O DIRETOR-GERAL DO MINISTÉRIO PÚBLICO DO TRABALHO, no uso da competência que lhe foi atribuída pelo artigo 92 da Portaria PGT/MPT n° 1.314, de 22 de agosto de 2017, consolidada pela Portaria PGT/MPT n° 1.304, de 31 de agosto de 2020, publicada no BS-Especial 9-B, de 01 de setembro de 2020, e considerando o que consta no PGEA/MPT n° 20.02.0001.0004687/2025-30, resolve:</p><p>Art. 1° Dispensar, a contar de 01/07/2025, a servidora ALINE DOS SANTOS DE SOUZA, matrícula 6007154-0, ocupante do cargo efetivo de Analista do MPU/Gestão Pública, da função de confiança de Chefe do Setor de Atendimento ao Usuário, código FC-3, da Diretoria de Administração da Procuradoria-Geral do Trabalho.</p><p>Art. 2º Dispensar o servidor LINDIMAR DA SILVA RIBEIRO, matrícula 6009787-6, ocupante do cargo efetivo de Técnico do MPU/Administração, do encargo de substituto eventual de Chefe do Setor de Atendimento ao Usuário, código FC-3, da Diretoria de Administração da Procuradoria-Geral do Trabalho.</p><p>Art. 3º Designar a servidora ALINE DOS SANTOS DE SOUZA, matrícula 6007154-0, ocupante do cargo efetivo de Analista do MPU/Gestão Pública, para o encargo de substituta eventual do Chefe do Setor de Atendimento ao Usuário, código FC-3, da Diretoria de Administração da Procuradoria-Geral do Trabalho.</p><p class="assina">GLÁUCIO ARAÚJO DE OLIVEIRA</p>]]></Texto>
  </body>
  <Midias />
</article></xml>