﻿<xml><article id="44200031" name="PO 05 - APOSENTADORIA BRUNO SCHU" idOficio="11108444" pubName="DO2" artType="Portaria" pubDate="01/07/2025" artClass="00013:00045:00000:00000:00000:00000:00000:00000:00000:00000:00017:00000" artCategory="Ministério da Ciência, Tecnologia e Inovação/Laboratório Nacional de Computação Científica" artSize="12" artNotes="" numberPage="7" pdfPage="http://pesquisa.in.gov.br/imprensa/jsp/visualiza/index.jsp?data=01/07/2025&amp;jornal=529&amp;pagina=7" editionNumber="121" highlightType="" highlightPriority="" highlight="" highlightimage="" highlightimagename="" idMateria="22812441">
  <body>
    <Identifica><![CDATA[ PORTARIA LNCC Nº 5, DE 17 DE JUNHO DE 2025]]></Identifica>
    <Data><![CDATA[]]></Data>
    <Ementa />
    <Titulo />
    <SubTitulo />
    <Texto><![CDATA[<p class="identifica">PORTARIA LNCC Nº 5, DE 17 DE JUNHO DE 2025</p><p>O DIRETOR DO LABORATÓRIO NACIONAL DE COMPUTAÇÃO CIENTÍFICA DO MINISTÉRIO DA CIÊNCIA, TECNOLOGIA E INOVAÇÃO, no uso da competência que lhe foi delegada pela Portaria nº 407, de 29 de junho de 2006, do Ministro de Estado da Ciência e Tecnologia, publicada no Diário Oficial da União de 30/06/2006, e tendo em vista o que consta no processo nº 01209.000140/2025-71, resolve:</p><p>Declarar aposentado o servidor BRUNO RICHARD SCHULZE, matrícula SIAPE nº ***790, ocupante do cargo de Tecnologista S - III, lotado no Laboratório Nacional de Computação Científica - LNCC, do Ministério da Ciência, Tecnologia e Inovação - MCTI, com fundamento no art. 3º, da Emenda Constitucional nº 47/2005, combinado com o art. 3º da Emenda Constitucional nº 103, de 13 de novembro de 2019.</p><p class="assina">FÁBIO BORGES DE OLIVEIRA</p>]]></Texto>
  </body>
  <Midias />
</article></xml>