﻿<xml><article id="44200754" name="Ato NA 3820" idOficio="11086073" pubName="DO2" artType="Ato" pubDate="01/07/2025" artClass="00070:00010:00001:00000:00000:00000:00000:00000:00000:00000:00001:00000" artCategory="Poder Judiciário/Tribunal Regional Federal da 4ª Região/Presidência" artSize="12" artNotes="" numberPage="94" pdfPage="http://pesquisa.in.gov.br/imprensa/jsp/visualiza/index.jsp?data=01/07/2025&amp;jornal=529&amp;pagina=94" editionNumber="121" highlightType="" highlightPriority="" highlight="" highlightimage="" highlightimagename="" idMateria="22779396">
  <body>
    <Identifica><![CDATA[ Ato Nº 3.820, DE 25 DE ABRIL DE 2025]]></Identifica>
    <Data><![CDATA[]]></Data>
    <Ementa />
    <Titulo />
    <SubTitulo />
    <Texto><![CDATA[<p class="identifica">Ato Nº 3.820, DE 25 DE ABRIL DE 2025</p><p>O PRESIDENTE DO TRIBUNAL REGIONAL FEDERAL DA 4ª REGIÃO, no uso das atribuições legais e regimentais, tendo em vista o quanto decidido pelo Conselho de Administração desta Corte e o que consta no Processo Administrativo 0001112-28.2025.4.04.8003, resolve:</p><p>REDISTRIBUIR para o quadro de pessoal do Superior Tribunal de Justiça o cargo de Analista Judiciário, Área Judiciária, do Quadro Permanente de Pessoal da Justiça Federal de Primeiro Grau da 4ª Região, Seção Judiciária do Paraná, ocupado pela servidora FLÁVIA CECÍLIA MACENO BLANCO, em reciprocidade à redistribuição do cargo de mesma denominação, ocupado pela servidora LEILA APARECIDA ROSA BETENHEUSER, do Quadro Permanente de Pessoal daquele órgão, com fundamento no artigo 37 da Lei 8.112/1990, alterado pela Lei 9.527/1997.</p><p class="assina">FERNANDO QUADROS DA SILVA</p>]]></Texto>
  </body>
  <Midias />
</article></xml>