﻿<xml><article id="44200535" name="PORTARIA N 32_22813860" idOficio="11109266" pubName="DO2" artType="Portaria" pubDate="01/07/2025" artClass="00047:00002:00021:00028:00005:00000:00000:00000:00000:00000:00017:00000" artCategory="Ministério da Saúde/Secretaria Executiva/Subsecretaria de Assuntos Administrativos/Superintendência Estadual do Ministério da Saúde em Tocantins/Serviço de Gestão de Pessoas" artSize="12" artNotes="" numberPage="76" pdfPage="http://pesquisa.in.gov.br/imprensa/jsp/visualiza/index.jsp?data=01/07/2025&amp;jornal=529&amp;pagina=76" editionNumber="121" highlightType="" highlightPriority="" highlight="" highlightimage="" highlightimagename="" idMateria="22813860">
  <body>
    <Identifica><![CDATA[ PORTARIA SEGEP/TO N° 32, DE 26 DE JUNHO DE 2025]]></Identifica>
    <Data><![CDATA[]]></Data>
    <Ementa />
    <Titulo />
    <SubTitulo />
    <Texto><![CDATA[<p class="identifica">PORTARIA SEGEP/TO N° 32, DE 26 DE JUNHO DE 2025</p><p>A Substituta Eventual do Serviço de Gestão de Pessoas da Superintendência Estadual do Ministério da Saúde no Tocantins, nomeada pela Portaria SAA nº 619, de 18/05/2023, publicada no DOU-2 nº 104 de 01/06/2023 pg: 89, no uso de suas atribuições que lhe confere o artigo 69 do Anexo I do Decreto nº 11.798, de 28 de novembro de 2023, e o artigo 183, incisos III e IV, do Anexo III, da Portaria nº 1.419, de 08 de junho de 2017, e artigo 1º da Portaria SAA nº 1.804, de 1° de Outubro de 2013, resolve:</p><p>Art. 1º - Conceder Aposentadoria Voluntária ao servidor JUNIO TADEU PEREIRA DOS SANTOS, matrícula SIAPE n° 0495741, ocupante do Cargo efetivo de Agente de Saúde Pública, nível intermediário, Classe "S", Padrão "V, do Quadro de Pessoal Permanente do Ministério da Saúde, cedido ao SUS, com fundamento na EC 103/2019 Art. 20 §2º inciso I - Pedágio Paridade (Processo nº 25026.000296/2025-68).</p><p>Art. 2º - Declarar vago o cargo.</p><p class="assina">MARIA APARECIDA BORGES DA COSTA E SILVA</p>]]></Texto>
  </body>
  <Midias />
</article></xml>