﻿<xml><article id="44200217" name="Portarias 2086 Exoneracao (Judic" idOficio="11109960" pubName="DO2" artType="Portaria" pubDate="01/07/2025" artClass="00025:00154:00000:00000:00000:00000:00000:00000:00000:00000:00017:00000" artCategory="Ministério da Educação/Fundação Universidade Federal do Rio Grande" artSize="12" artNotes="" numberPage="50" pdfPage="http://pesquisa.in.gov.br/imprensa/jsp/visualiza/index.jsp?data=01/07/2025&amp;jornal=529&amp;pagina=50" editionNumber="121" highlightType="" highlightPriority="" highlight="" highlightimage="" highlightimagename="" idMateria="22815059">
  <body>
    <Identifica><![CDATA[ PORTARIA Nº 2.086, DE 18 DE JUNHO DE 2025]]></Identifica>
    <Data><![CDATA[]]></Data>
    <Ementa />
    <Titulo />
    <SubTitulo />
    <Texto><![CDATA[<p class="identifica">PORTARIA Nº 2.086, DE 18 DE JUNHO DE 2025</p><p>A REITORA DA UNIVERSIDADE FEDERAL DO RIO GRANDE - FURG, no uso da atribuição que lhe confere o Decreto Presidencial de 4 de dezembro de 2024, publicado no Diário Oficial da União em 05/12/2024, considerando o Processo Judicial nº 5001409-18.2017.4.04.7101 e o Parecer de Força Executória nº 00064/2025/E-EATE/EADM4/PGF/AGU, resolve:</p><p>Exonerar, a partir de 01/07/2025, THAIS GOMES TORRES, do cargo de Professor do Magistério Superior, Classe B, Adjunto, Nível 1, Doutorado, com Dedicação Exclusiva, matrícula SIAPE 2333162, com exercício no Instituto de Ciências Humanas e da Informação (ICHI), código de vaga 926382.</p><p class="assina">Suzane da Rocha Vieira Gonçalves</p>]]></Texto>
  </body>
  <Midias />
</article></xml>