﻿<xml><article id="44203938" name="PORTARIA N 214_22816323" idOficio="11111070" pubName="DO2" artType="Portaria" pubDate="01/07/2025" artClass="00025:00115:00001:00000:00000:00000:00000:00000:00000:00000:00017:00000" artCategory="Ministério da Educação/Universidade Federal da Paraíba/Reitoria" artSize="12" artNotes="" numberPage="38" pdfPage="http://pesquisa.in.gov.br/imprensa/jsp/visualiza/index.jsp?data=01/07/2025&amp;jornal=529&amp;pagina=38" editionNumber="121" highlightType="" highlightPriority="" highlight="" highlightimage="" highlightimagename="" idMateria="22816323">
  <body>
    <Identifica><![CDATA[ PORTARIA PROGEP-DLCP Nº 214, DE 17 DE JUNHO DE 2025]]></Identifica>
    <Data><![CDATA[]]></Data>
    <Ementa />
    <Titulo />
    <SubTitulo />
    <Texto><![CDATA[<p class="identifica">PORTARIA PROGEP-DLCP Nº 214, DE 17 DE JUNHO DE 2025</p><p>A REITORA DA UNIVERSIDADE FEDERAL DA PARAÍBA, no uso de suas atribuições conferidas pelo Artigo 38, inciso IX, do Estatuto da UFPB, e tendo em vista o que consta no Processo nº 23074.042987/2025-11, resolve:</p><p>Conceder aposentadoria voluntária ao servidor, JOSÉ UBIRAJARA LACERDA, matrícula SIAPE nº 337246, ocupante do cargo de ASSISTENTE EM ADMINISTRAÇÃO, Classe D, Padrão de Vencimento 19, com o adicional de tempo de serviço de 9%, pertencente ao Quadro Permanente de Pessoal desta Universidade, com lotação na BIBLIOTECA CENTRAL, de acordo com o art. 20, §2°, I da Emenda Constitucional nº 103/2019.</p><p class="assina">TEREZINHA DOMICIANO DANTAS MARTINS</p>]]></Texto>
  </body>
  <Midias />
</article></xml>