﻿<xml><article id="44201022" name="2025- 580 PORTARIA PENSAO JUDICI" idOficio="11110388" pubName="DO2" artType="Portaria" pubDate="01/07/2025" artClass="00025:00132:00000:00000:00000:00000:00000:00000:00000:00000:00017:00004" artCategory="Ministério da Educação/Universidade Federal do Triângulo Mineiro" artSize="12" artNotes="" numberPage="46" pdfPage="http://pesquisa.in.gov.br/imprensa/jsp/visualiza/index.jsp?data=01/07/2025&amp;jornal=529&amp;pagina=46" editionNumber="121" highlightType="" highlightPriority="" highlight="" highlightimage="" highlightimagename="" idMateria="22815459">
  <body>
    <Identifica><![CDATA[ PORTARIA DE PESSOAL Nº 580, DE 30 DE JUNHO DE 2025]]></Identifica>
    <Data><![CDATA[]]></Data>
    <Ementa />
    <Titulo />
    <SubTitulo />
    <Texto><![CDATA[<p class="identifica">PORTARIA DE PESSOAL Nº 580, DE 30 DE JUNHO DE 2025</p><p>A REITORA DA UNIVERSIDADE FEDERAL DO TRIÂNGULO MINEIRO - UFTM, nomeada pelo Presidente da República, por meio do Decreto de 1º de junho de 2023, publicado no Diário Oficial da União do dia 2 subsequente, no uso de suas atribuições legais e regimentais e de acordo com o processo SEI/UFTM nº 23085.012054/2021-63, 23085.007024/2025-69 e a sentença judicial constante dos autos n <sup>o</sup> 1001353-64.2022.4.01.3802, resolve:</p><p>Art. 1º Conceder pensão a ELZA APARECIDA DE CARVALHO, na qualidade de companheira do ex-servidor VANDERLEI DIAS DA SILVA, ocupante do cargo de Pedreiro, matrícula Siape 0389766, do quadro de pessoal desta Universidade Federal do Triângulo Mineiro, falecido como aposentado, em 12/09/2021, com fundamento no inciso IV do art. 3º da Portaria SGP/SEDGG/ME Nº 4645, de 24 de maio de 2022, c/c o art. 217 da Lei nº 8.112, de 11 de dezembro de 1990 e arts. 23 e 24 da Emenda Constitucional nº 103, de 12 de novembro de 2019.</p><p>Art. 2º Os efeitos desta Portaria entram em vigor em 12/09/2021 (data do óbito).</p><p class="assina">MARINALVA VIEIRA BARBOSA</p>]]></Texto>
  </body>
  <Midias />
</article></xml>