﻿<xml><article id="44200259" name="PORT_PES_AN_MGI" idOficio="11109972" pubName="DO2" artType="Portaria" pubDate="01/07/2025" artClass="00029:00003:00000:00000:00000:00000:00000:00000:00000:00000:00017:00002" artCategory="Ministério da Gestão e da Inovação em Serviços Públicos/Arquivo Nacional" artSize="12" artNotes="" numberPage="56" pdfPage="http://pesquisa.in.gov.br/imprensa/jsp/visualiza/index.jsp?data=01/07/2025&amp;jornal=529&amp;pagina=56" editionNumber="121" highlightType="" highlightPriority="" highlight="" highlightimage="" highlightimagename="" idMateria="22815018">
  <body>
    <Identifica><![CDATA[ PORTARIA DE PESSOAL AN/MGI Nº 172, DE 27 DE JUNHO DE 2025]]></Identifica>
    <Data><![CDATA[]]></Data>
    <Ementa />
    <Titulo />
    <SubTitulo />
    <Texto><![CDATA[<p class="identifica">PORTARIA DE PESSOAL AN/MGI Nº 172, DE 27 DE JUNHO DE 2025</p><p>A DIRETORA-GERAL ADJUNTA DO ARQUIVO NACIONAL DO MINISTÉRIO DA GESTÃO E DA INOVAÇÃO EM SERVIÇOS PÚBLICOS, no uso da competência atribuída pelo Art. 12, da Portaria MGI nº 572, de 8 de março de 2023, publicada no Diário Oficial da União de 9 de março de 2023 e Portaria AN/MGI nº 205, de 21 de janeiro de 2025, publicada no Diário Oficial da União de 27 de janeiro de 2025, considerando o que consta do Processo nº 08227.001707/2025-57, resolve:</p><p>Art. 1º Dispensar, a partir de 30 de junho de 2025, DANIELA SALZANO HUNGRIA HOFFBAUER, matrícula SIAPE 1637460, do encargo de substituto eventual da função Chefe da Divisão de Memória da Administração Pública Federal, Código FCE 1.07, da Coordenação-Geral de Desenvolvimento e Análise de Instrumentos de Gestão de Documentos e Arquivos da Diretoria de Gestão de Documentos e Arquivos do Arquivo Nacional em seus afastamentos, impedimentos legais ou regulamentares e na vacância do cargo.</p><p>Art. 2º Esta Portaria entra em vigor na data de sua publicação.</p><p class="assina">SHEILA CHRISTINA MULLER MELLO</p>]]></Texto>
  </body>
  <Midias />
</article></xml>