﻿<xml><article id="44200673" name="0466.FCE_5_SEMS_CE" idOficio="11110159" pubName="DO2" artType="Portaria" pubDate="01/07/2025" artClass="00047:00002:00000:00000:00000:00000:00000:00000:00000:00000:00017:00000" artCategory="Ministério da Saúde/Secretaria Executiva" artSize="12" artNotes="" numberPage="76" pdfPage="http://pesquisa.in.gov.br/imprensa/jsp/visualiza/index.jsp?data=01/07/2025&amp;jornal=529&amp;pagina=76" editionNumber="121" highlightType="" highlightPriority="" highlight="" highlightimage="" highlightimagename="" idMateria="22815246">
  <body>
    <Identifica><![CDATA[ PORTARIA DE PESSOAL SE/MS Nº 466, DE 27 DE JUNHO DE 2025]]></Identifica>
    <Data><![CDATA[]]></Data>
    <Ementa />
    <Titulo />
    <SubTitulo />
    <Texto><![CDATA[<p class="identifica">PORTARIA DE PESSOAL SE/MS Nº 466, DE 27 DE JUNHO DE 2025</p><p>O SECRETÁRIO-EXECUTIVO DO MINISTÉRIO DA SAÚDE, no uso da competência que lhe foi subdelegada pela Portaria GM/MS nº 1.981, de 24 de novembro de 2023, resolve:</p><p>Dispensar a pedido, a partir de 1º de julho de 2025, VIRGILIO LEANDRO FREITAS, matrícula SIAPE nº 1219253, da Função Comissionada Executiva de Chefe do Serviço de Gestão de Pessoas, FCE 1.05, código nº 16.0305, da Superintendência Estadual do Ministério da Saúde no Ceará, da Subsecretaria de Assuntos Administrativos, da Secretaria-Executiva, em razão da posse em cargo inacumulável.</p><p class="assina">ADRIANO MASSUDA</p>]]></Texto>
  </body>
  <Midias />
</article></xml>