﻿<xml><article id="44199746" name="PORTARIA N 3.724_22815220" idOficio="11110097" pubName="DO2" artType="Portaria" pubDate="01/07/2025" artClass="00050:00020:00027:00000:00000:00000:00000:00000:00000:00000:00017:00001" artCategory="Ministério dos Transportes/Departamento Nacional de Infraestrutura de Transportes/Diretoria Executiva" artSize="12" artNotes="" numberPage="81" pdfPage="http://pesquisa.in.gov.br/imprensa/jsp/visualiza/index.jsp?data=01/07/2025&amp;jornal=529&amp;pagina=81" editionNumber="121" highlightType="" highlightPriority="" highlight="" highlightimage="" highlightimagename="" idMateria="22815220">
  <body>
    <Identifica><![CDATA[ PORTARIA N° 3.724, DE 17 DE JUNHO DE 2025]]></Identifica>
    <Data><![CDATA[]]></Data>
    <Ementa />
    <Titulo />
    <SubTitulo />
    <Texto><![CDATA[<p class="identifica">PORTARIA N° 3.724, DE 17 DE JUNHO DE 2025</p><p>O Diretor-Executivo do Departamento Nacional de Infraestrutura de Transportes-DNIT, no uso das suas atribuições regimentais e da competência que lhe foi delegada pela Portaria n.º 1.241, de 8 de março de 2024, publicada no Diário Oficial da União, de 13 de março de 2024, bem como o constante no processo n.º 50601.001095/2018-15, resolve:</p><p>Art. 1º Ficam designados os servidores: Lidiane Martha Coutinho Menezes, matrículas DNIT n.º 3435 e SIAPE n.º 15633241 e Denival Falcão da Hora Junior, matrículas DNIT n.º 5128 e SIAPE n.º 2060899, como agentes de contratação, no âmbito da Superintendência Regional do DNIT no Estado do Amazonas.</p><p>Art. 2º Designar os servidores: Silene Cavalcante Silva, matrículas DNIT n.º 3060 e SIAPE n.º 15472631; Harley de Freitas Liberato, matrículas DNIT n.º 3436-3 e SIAPE n.º 2681137; Lorenzo de Souza Fernandes, matrículas DNIT n.º 6355-0 e SIAPE n.º 3443397; Evailton Arantes de Oliveira, matrículas DNIT n.º 4350-8 e SIAPE n.º 1666071; Tiago Bruno da Silva, matrículas DNIT n.º 6351-7 e SIAPE n.º 3443437; Isaias Reis Pinheiro, matrículas DNIT n.º 3508 e SIAPE n.º 15700791; Carlos Eduardo Gomes Pontes, matrículas DNIT n.º 3534-7 e SIAPE n.º 1560080; Daniela Fonseca de Morais, matrículas DNIT n.º 6213-8 e SIAPE n.º 3289919; Eude de Paula Rebelo, matrículas DNIT n.º 6354-1 e SIAPE n.º 3442952; Andre Fillippe Farias de Oliveira, matrículas DNIT n.º 6356-8 e SIAPE n.º 3443045; Gabriel Silva Borges, matrículas DNIT n.º 6353-3 e SIAPE n.º 3443441, para a composição da equipe de apoio aos agentes de contratações, comissão de contratação e equipe de apoio.</p><p>Art. 3º Para os fins previstos no art. 7° da Lei n.º 14.133, de 1 de abril de 2021, a autoridade imediatamente superior aos agentes é o Superintendente Regional do DNIT no Estado do Amazonas.</p><p>Art. 4º Esta Portaria entra em vigor na data de sua publicação.</p><p class="assina">CARLOS ANTÔNIO ROCHA DE BARROS</p>]]></Texto>
  </body>
  <Midias />
</article></xml>