﻿<xml><article id="44205261" name="PORTARIA N 61_22816741" idOficio="11111386" pubName="DO2" artType="Portaria" pubDate="01/07/2025" artClass="00035:00001:00000:00000:00000:00000:00000:00000:00000:00000:00017:00000" artCategory="Ministério de Minas e Energia/Gabinete do Ministro" artSize="12" artNotes="" numberPage="70" pdfPage="http://pesquisa.in.gov.br/imprensa/jsp/visualiza/index.jsp?data=01/07/2025&amp;jornal=529&amp;pagina=70" editionNumber="121" highlightType="" highlightPriority="" highlight="" highlightimage="" highlightimagename="" idMateria="22816741">
  <body>
    <Identifica><![CDATA[ PORTARIA MME Nº 61, DE 30 DE JUNHO DE 2025]]></Identifica>
    <Data><![CDATA[]]></Data>
    <Ementa />
    <Titulo />
    <SubTitulo />
    <Texto><![CDATA[<p class="identifica">PORTARIA MME Nº 61, DE 30 DE JUNHO DE 2025</p><p>O MINISTRO DE ESTADO DE MINAS E ENERGIA, Substituto, no uso das atribuições que lhe confere o art. 87, parágrafo único, inciso IV, da Constituição, e tendo em vista o disposto no art. 1º da Portaria nº 455, de 22 de setembro de 2020, do Ministro de Estado Chefe da Casa Civil da Presidência da República, resolve:</p><p>Dispensar CARLOS EDUARDO MENDES GALVÃO da Função Comissionada Executiva de Coordenador-Geral de Gestão de Pessoas da Subsecretaria de Planejamento, Orçamento e Administração, da Secretaria-Executiva, código FCE 1.13.</p><p class="assina">GENTIL NOGUEIRA DE SÁ JUNIOR</p>]]></Texto>
  </body>
  <Midias />
</article></xml>