﻿<xml><article id="44205012" name="DOU2-RS-1-PT-223-UNI-PR-RS-00064" idOficio="11111333" pubName="DO2" artType="Portaria" pubDate="01/07/2025" artClass="00066:00008:00044:00000:00000:00000:00000:00000:00000:00000:00017:00002" artCategory="Ministério Público da União/Ministério Público Federal/Procuradoria da República no Estado do Rio Grande do Sul" artSize="12" artNotes="" numberPage="86" pdfPage="http://pesquisa.in.gov.br/imprensa/jsp/visualiza/index.jsp?data=01/07/2025&amp;jornal=529&amp;pagina=86" editionNumber="121" highlightType="" highlightPriority="" highlight="" highlightimage="" highlightimagename="" idMateria="22816698">
  <body>
    <Identifica><![CDATA[ PORTARIA Nº 223, DE 26 DE JUNHO DE 2025]]></Identifica>
    <Data><![CDATA[]]></Data>
    <Ementa />
    <Titulo />
    <SubTitulo />
    <Texto><![CDATA[<p class="identifica">PORTARIA Nº 223, DE 26 DE JUNHO DE 2025</p><p>O Procurador-Chefe da Procuradoria da República no Rio Grande do Sul, no uso de suas atribuições que lhe conferem a Portaria SG/MPF nº 382, de 5 de maio de 2015, e conforme Portaria PGR/MPF nº 996, de 24 de novembro de 2023, publicada no DOU - Seção II de 28/11/2023, resolve:</p><p>1. Exonerar a servidora FABÍULA DA SILVA CRISTIANETTI, Analista do MPU/Direito, matrícula 18784, do cargo em comissão de Assessora-Chefe Nível IV, código CC4, do GABPR24-ARA, Gabinete da Procuradora da República Andreia Rigoni Agostini, da Procuradoria da República no Estado do Rio Grande do Sul.</p><p>2. Dispensar o servidor RAFAEL DALL' AGNESE, Técnico do MPU/Administração, matrícula 21540, da função de confiança de Assistente Nível II, código FC-2, do GABPR24-ARA, Gabinete da Procuradora da República Andreia Rigoni Agostini, da Procuradoria da República no Estado do Rio Grande do Sul.</p><p>3. Nomear o servidor RAFAEL DALL'AGNESE, Técnico do MPU/Administração, matrícula 21540, para exercer o cargo em comissão de Assessor-Chefe Nível IV, código CC4, do GABPR24-ARA, Gabinete da Procuradora da República Andreia Rigoni Agostini, da Procuradoria da República no Estado do Rio Grande do Sul.</p><p>4. Designar a servidora FABÍULA DA SILVA CRISTIANETTI, Analista do MPU/Direito, matrícula 18784, para exercer a função de confiança de Assistente Nível II, código FC2, do GABPR24-ARA, Gabinete da Procuradora da República Andreia Rigoni Agostini, da Procuradoria da República no Estado do Rio Grande do Sul.</p><p>5. Exonerar o servidor RAFAEL DALL' AGNESE, Técnico do MPU/Administração, matrícula 21540, do encargo de substituto do cargo em comissão de Assessor-Chefe Nível IV, código CC4, do GABPR24-ARA, Gabinete da Procuradora da República Andreia Rigoni Agostini, da Procuradoria da República no Estado do Rio Grande do Sul.</p><p>6. Nomear a servidora FABÍULA DA SILVA CRISTIANETTI, Analista do MPU/Direito, matrícula 18784, para exercer o encargo de substituta do cargo em comissão de Assessora-Chefe Nível IV, código CC4, do GABPR24-ARA, Gabinete da Procuradora da República Andreia Rigoni Agostini, da Procuradoria da República no Estado do Rio Grande do Sul.</p><p class="assina">FELIPE DA SILVA MULLER</p>]]></Texto>
  </body>
  <Midias />
</article></xml>