﻿<xml><article id="44205639" name="329 a 339" idOficio="11111430" pubName="DO2" artType="Portaria" pubDate="01/07/2025" artClass="00025:00156:00000:00000:00000:00000:00000:00000:00000:00000:00017:00002" artCategory="Ministério da Educação/Fundação Universidade Federal de Roraima" artSize="12" artNotes="" numberPage="50" pdfPage="http://pesquisa.in.gov.br/imprensa/jsp/visualiza/index.jsp?data=01/07/2025&amp;jornal=529&amp;pagina=50" editionNumber="121" highlightType="" highlightPriority="" highlight="" highlightimage="" highlightimagename="" idMateria="22816820">
  <body>
    <Identifica><![CDATA[ Portaria nº 329, de 30 de junho de 2025]]></Identifica>
    <Data><![CDATA[]]></Data>
    <Ementa />
    <Titulo />
    <SubTitulo />
    <Texto><![CDATA[<p class="identifica">Portaria nº 329, de 30 de junho de 2025</p><p>O REITOR DA UNIVERSIDADE FEDERAL DE RORAIMA, nomeado pelo Decreto Presidencial, publicado na Seção 02 do D.O.U. de 22/02/2024, no uso de suas atribuições legais e estatutárias, considerando o que consta no MEMORANDO ELETRÔNICO Nº 81/2025 - PROPLAN, resolve:</p><p>Exonerar, a partir do dia 01/07/2025, a servidora EUNICE ALVES DE OLIVEIRA, matrícula SIAPE nº 2640340, do cargo de Diretora de Orçamento da Universidade Federal de Roraima (CD - 04), nomeada pela portaria 163/2023/GR, publicada no DOU em 31/03/2023, seção 2, página 45.</p><p class="assina">José Geraldo Ticianeli</p><p class="identifica">Portaria nº 330, de 30 de junho de 2025</p><p>O REITOR DA UNIVERSIDADE FEDERAL DE RORAIMA, nomeado pelo Decreto Presidencial, publicado na Seção 02 do D.O.U. de 22/02/2024, no uso de suas atribuições legais e estatutárias, resolve:</p><p>Exonerar, a partir do dia 01/07/2025, a servidora ALINE PEREIRA LEAL, matrícula SIAPE nº 2109358, do cargo de Pró-reitora de Administração da Universidade Federal de Roraima (CD - 02), nomeada pela portaria n° 226/2020/GR, publicada no DOU em 12/03/2020, seção 2, página 47</p><p class="assina">José Geraldo Ticianeli</p><p class="identifica">Portaria nº 331, de 30 de junho de 2025</p><p>O REITOR DA UNIVERSIDADE FEDERAL DE RORAIMA, nomeado pelo Decreto Presidencial, publicado na Seção 02 do D.O.U. de 22/02/2024, no uso de suas atribuições legais e estatutárias, resolve:</p><p>Exonerar, a partir do dia 01/07/2025, o servidor RICARDO MORAIS ALBUQUERQUE SILVA, matrícula SIAPE n° 1752169, do cargo de Pró-reitor de Planejamento da Universidade Federal de Roraima (CD - 02), nomeado pela portaria 113/2025 - GAB, publicada em no DOU 06/03/2024, seção 2, página 38.</p><p class="assina">José Geraldo Ticianeli</p><p class="identifica">Portaria nº 332, de 30 de junho de 2025</p><p>O REITOR DA UNIVERSIDADE FEDERAL DE RORAIMA, nomeado pelo Decreto Presidencial, publicado na Seção 02 do D.O.U. de 22/02/2024, no uso de suas atribuições legais e estatutárias, resolve:</p><p>Nomear, a partir do dia 01/07/2025, o servidor RICARDO MORAIS ALBUQUERQUE SILVA, matrícula SIAPE nº 1752169, para exercer o cargo de Pró-reitor de Administração da Universidade Federal de Roraima (CD - 02).</p><p class="assina">José Geraldo Ticianeli</p><p class="identifica">Portaria nº 333, de 30 de junho de 2025</p><p>O REITOR DA UNIVERSIDADE FEDERAL DE RORAIMA, nomeado pelo Decreto Presidencial, publicado na Seção 02 do D.O.U. de 22/02/2024, no uso de suas atribuições legais e estatutárias, resolve:</p><p>Nomear, a partir do dia 01/07/2025, a servidora EUNICE ALVES DE OLIVEIRA, matrícula SIAPE n° 2640340, para exercer o cargo de Pró-reitora de Planejamento da Universidade Federal de Roraima (CD - 02).</p><p class="assina">José Geraldo Ticianeli</p><p class="identifica">Portaria nº 334, de 30 de junho de 2025</p><p>O REITOR DA UNIVERSIDADE FEDERAL DE RORAIMA, nomeado pelo Decreto Presidencial, publicado na Seção 02 do D.O.U. de 22/02/2024, no uso de suas atribuições legais e estatutárias, considerando o que consta no MEMORANDO ELETRÔNICO Nº 81/2025 - PROPLAN, resolve:</p><p>Dispensar, a partir do dia 01/07/2025, a servidora FERNANDA EVANILDE PEREIRA WERLANG, matrícula SIAPE nº 3085982, da função de Coordenadora da Coordenação de Convênios da Universidade Federal de Roraima, (FG-01), designada pela portaria 498/2020/GR, publicada no DOU em 06/08/2020, seção 2, página 21.</p><p class="assina">José Geraldo Ticianeli</p><p class="identifica">Portaria nº 335, de 30 de junho de 2025</p><p>O REITOR DA UNIVERSIDADE FEDERAL DE RORAIMA, nomeado pelo Decreto Presidencial, publicado na Seção 02 do D.O.U. de 22/02/2024, no uso de suas atribuições legais e estatutárias, considerando o que consta no MEMORANDO ELETRÔNICO Nº 81/2025 - PROPLAN, resolve:</p><p>Nomear, a partir do dia 01/07/2025, a servidora FERNANDA EVANILDE PEREIRA WERLANG, matrícula SIAPE n° 3085982, para exercer o cargo de Diretora de Orçamento da Universidade Federal de Roraima (CD - 04).</p><p class="assina">José Geraldo Ticianeli</p><p class="identifica">Portaria nº 336, de 30 de junho de 2025</p><p>O REITOR DA UNIVERSIDADE FEDERAL DE RORAIMA, nomeado pelo Decreto Presidencial, publicado na Seção 02 do D.O.U. de 22/02/2024, no uso de suas atribuições legais e estatutárias, considerando o que consta no MEMORANDO ELETRÔNICO Nº 81/2025 - PROPLAN, resolve:</p><p>Designar, a partir do dia 01/07/2025, a servidora LIGIANE LIMA GUTIERRE TORRES, matrícula SIAPE nº 1870252, para exercer a função de Coordenadora da Coordenação de Convênios da Universidade Federal de Roraima, (FG-01).</p><p class="assina">José Geraldo Ticianeli</p><p class="identifica">Portaria nº 337, de 30 de junho de 2025</p><p>O REITOR DA UNIVERSIDADE FEDERAL DE RORAIMA, nomeado pelo Decreto Presidencial, publicado na Seção 02 do D.O.U. de 22/02/2024, no uso de suas atribuições legais e estatutárias, considerando o que consta no MEMORANDO ELETRÔNICO Nº 135/2025 - PROAD, resolve:</p><p>Exonerar, a partir do dia 01/07/2025, a servidora ISNELDA MAYSONNAVE DA SILVA, matrícula no SIAPE n° 2117993 do cargo de Diretora de Administração da Universidade Federal de Roraima (CD-04), nomeada pela portaria n°º 635/2020/GR, publicada no DOU em 02/10/2020, seção 2, página 27.</p><p class="assina">José Geraldo Ticianeli</p><p class="identifica">Portaria nº 338, de 30 de junho de 2025</p><p>O REITOR DA UNIVERSIDADE FEDERAL DE RORAIMA, nomeado pelo Decreto Presidencial, publicado na Seção 02 do D.O.U. de 22/02/2024, no uso de suas atribuições legais e estatutárias, considerando o que consta no MEMORANDO ELETRÔNICO Nº 135/2025 - PROAD, resolve:</p><p>Nomear, a partir do dia 01/07/2025, o servidor DIOGENES DE SENA CAVALCANTE, matrícula nº SIAPE n° 3372766, para exercer o cargo de Diretor de Administração da Universidade Federal de Roraima (CD-04).</p><p class="assina">José Geraldo Ticianeli</p><p>Portaria nº 339, de 30 de junho de 2025</p><p>O REITOR DA UNIVERSIDADE FEDERAL DE RORAIMA, nomeado pelo Decreto Presidencial, publicado na Seção 02 do D.O.U. de 22/02/2024, no uso de suas atribuições legais e estatutárias, considerando o que consta no processo n° 23129.010731/2025-89, resolve:</p><p>Art. 1º Ceder a servidora ALINE PEREIRA LEAL, matrícula SIAPE: 2109358 ocupante do cargo de ADMINISTRADORA - Estatutária, pertencente ao quadro de pessoal da Universidade Federal de Roraima/UFRR, para exercer o Cargo de Coordenadora - Geral, código FCE 1.13 na Secretaria de Educação Superior do Ministério da Educação localizado na Esplanada dos Ministérios, Bloco L, 3º andar - SESu- MEC.</p><p>Art. 2º O ônus pela remuneração é do órgão cedente.</p><p>Art. 3º A servidora deverá apresentar-se imediatamente ao órgão de origem ao término da cessão, observado o disposto no Art. 8° do Decreto n° 10.835, de 14 de outubro de 2021.</p><p>Art. 4º Tomar-se sem efeito o disposto nesta Portaria caso o servidor não se apresente ao órgão cessionário no prazo de trinta dias.</p><p>Art. 5º Esta portaria entra em vigor na data da sua publicação no DOU.</p><p class="assina">José Geraldo Ticianeli</p>]]></Texto>
  </body>
  <Midias />
</article></xml>