﻿<xml><article id="44200229" name="PORTARIA NA 2.394- 26.06.2025 - " idOficio="11108494" pubName="DO2" artType="Portaria" pubDate="01/07/2025" artClass="00025:00117:00000:00000:00000:00000:00000:00000:00000:00000:00013:00003" artCategory="Ministério da Educação/Universidade Federal de Pernambuco" artSize="12" artNotes="" numberPage="41" pdfPage="http://pesquisa.in.gov.br/imprensa/jsp/visualiza/index.jsp?data=01/07/2025&amp;jornal=529&amp;pagina=41" editionNumber="121" highlightType="" highlightPriority="" highlight="" highlightimage="" highlightimagename="" idMateria="22812542">
  <body>
    <Identifica><![CDATA[ PORTARIA Nº 2.394, DE 26 DE JUNHO DE 2025]]></Identifica>
    <Data><![CDATA[]]></Data>
    <Ementa />
    <Titulo />
    <SubTitulo />
    <Texto><![CDATA[<p class="identifica">PORTARIA Nº 2.394, DE 26 DE JUNHO DE 2025</p><p>O REITOR DA UNIVERSIDADE FEDERAL DE PERNAMBUCO, no uso de suas atribuições conferidas pelo Decreto, de 10/10/2023, publicado no D.O.U. de 11/10/2023 e tendo em vista o que consta no processo nº 23076.030498/2025-39, resolve:</p><p>Conceder Aposentadoria Voluntária a LUCIA MARIA DE ANDRADE BARBOSA, Matrícula SIAPE nº 1134734, ocupante do cargo de Vestiarista, Nível de Classificação "A", Padrão 019, do Quadro de Pessoal desta Universidade, com fundamento no artigo 20º, §2º, inciso I, da Emenda Constitucional nº 103/2019, com os proventos integrais do cargo.</p><p class="assina">ALFREDO MACEDO GOMES</p>]]></Texto>
  </body>
  <Midias />
</article></xml>