﻿<xml><article id="44200619" name="PortsProGPe6105 a 6107-25 Apo" idOficio="11109420" pubName="DO2" artType="Portaria" pubDate="01/07/2025" artClass="00025:00157:00041:00000:00000:00000:00000:00000:00000:00000:00017:00000" artCategory="Ministério da Educação/Fundação Universidade Federal de São Carlos/Pró-Reitoria de Gestão de Pessoas" artSize="12" artNotes="" numberPage="51" pdfPage="http://pesquisa.in.gov.br/imprensa/jsp/visualiza/index.jsp?data=01/07/2025&amp;jornal=529&amp;pagina=51" editionNumber="121" highlightType="" highlightPriority="" highlight="" highlightimage="" highlightimagename="" idMateria="22814142">
  <body>
    <Identifica><![CDATA[ Portarias de 27 de junho de 2025]]></Identifica>
    <Data><![CDATA[]]></Data>
    <Ementa />
    <Titulo />
    <SubTitulo />
    <Texto><![CDATA[<p class="identifica">Portarias de 27 de junho de 2025</p><p>A Pró-Reitora de Gestão de Pessoas da Universidade Federal de São Carlos, no uso das atribuições conferidas pela Portaria GR nº 4809 de 27/01/2021, publicada no Diário Oficial da União de 29/01/2021, resolve:</p><p>Nº 6.105 - Conceder aposentadoria voluntária à servidora ALESSANDRA RACHID, matrícula SIAPE nº 1142834, código da vaga nº 710173, ocupante do cargo de Professor do Magistério Superior, Classe "Associado", Dedicação Exclusiva, pertencente ao quadro de pessoal do Departamento de Engenharia de Produção do Centro de Ciências Exatas e de Tecnologia, com fundamento no Artigo 20 da Emenda Constitucional nº 103/2019, com proventos integrais, e com as vantagens: Retribuição por Titulação - RT, Lei 11.784/2008 e adicional por tempo de serviço de 4% (quatro por cento) anuênios, nos termos do Artigo 244 da Lei nº 8112/1990. (Processo nº 23112.020688/2025-49)</p><p>Nº 6.106 - Conceder aposentadoria voluntária ao servidor ANTONIO CARLOS DO CARMO, matrícula SIAPE nº 1142593, código da vaga nº 709932, ocupante do cargo de Assistente em Administração, Classe "D", Padrão "019", Dedicação Exclusiva, pertencente ao quadro de pessoal da Unidade de Simulação em Saúde do Centro de Ciências Biológicas e da Saúde, com fundamento no Artigo 20 da Emenda Constitucional nº 103/2019, com proventos integrais, e com as vantagens: Incentivo à Qualificação do Decreto nº 5824/2006 e adicional por tempo de serviço de 5% (cinco por cento) anuênios, nos termos do Artigo 244 da Lei nº 8112/1990. (Processo nº 23112.020745/2025-90)</p><p>Nº 6.107 - Conceder aposentadoria voluntária à servidora GISELE APARECIDA MONTI CARMELO DONADONI, matrícula SIAPE nº 2085200, código da vaga nº 333372, ocupante do cargo de Auxiliar em Administração, Classe "C", Padrão "014", pertencente ao quadro de pessoal da Unidade Especial de Ensino, Pesquisa e Extensão - Informação e Memória do Centro de Educação e Ciências Humanas, com fundamento no Artigo 10 da Emenda Constitucional nº 103/2019, com proventos calculados de acordo com o Artigo 26 da mesma Emenda. (Processo nº 23112.020708/2025-81).</p><p class="assina">Jeanne Liliane Marlene Michel</p>]]></Texto>
  </body>
  <Midias />
</article></xml>