﻿<xml><article id="44200106" name="A363_2025" idOficio="11088706" pubName="DO2" artType="Ato" pubDate="01/07/2025" artClass="00070:00053:00001:00001:00000:00000:00000:00000:00000:00000:00001:00000" artCategory="Poder Judiciário/Tribunal Regional do Trabalho da 12ª Região/Presidência/Secretaria" artSize="12" artNotes="" numberPage="101" pdfPage="http://pesquisa.in.gov.br/imprensa/jsp/visualiza/index.jsp?data=01/07/2025&amp;jornal=529&amp;pagina=101" editionNumber="121" highlightType="" highlightPriority="" highlight="" highlightimage="" highlightimagename="" idMateria="22783259">
  <body>
    <Identifica><![CDATA[ ATO PRESI nº 363, de 10 de junho de 2025]]></Identifica>
    <Data><![CDATA[]]></Data>
    <Ementa />
    <Titulo />
    <SubTitulo />
    <Texto><![CDATA[<p class="identifica">ATO PRESI nº 363, de 10 de junho de 2025</p><p>O DESEMBARGADOR-PRESIDENTE DO TRIBUNAL REGIONAL DO TRABALHO DA 12ª REGIÃO, no uso de suas atribuições legais e regimentais, e tendo em vista o disposto no expediente PROAD nº 6095/2025, resolve:</p><p>I - REDISTRIBUIR, a partir de 1°-7-2025, o cargo efetivo de Técnica Judiciária, Área Administrativa, Especialidade Apoio de Serviços Diversos, ocupado pela servidora SOLANGE MARIA BRANT, do Quadro Permanente de Pessoal da Secretaria deste Tribunal, para o Quadro de Pessoal do Tribunal Superior do Trabalho, em reciprocidade com o cargo de Técnico Judiciário, Área Administrativa, ocupado por FULVIO STEFANO PIRES E SILVA, do Quadro de Pessoal do Tribunal Superior do Trabalho, com fulcro no artigo 37 da Lei nº 8.112/90 e na Resolução CNJ nº 146/2012.</p><p>II - LOTAR FULVIO STEFANO PIRES E SILVA na Central de Apoio à Execução de São José.</p><p>III - FAZER CESSAR os efeitos da Portaria PRESI nº 323, de 26-4-2023, publicada no Diário Oficial da União, Seção 2, página 117, em 2-5-2023.</p><p class="assina">AMARILDO CARLOS DE LIMA</p>]]></Texto>
  </body>
  <Midias />
</article></xml>