﻿<xml><article id="44202660" name="PT13REGIONALSUL" idOficio="11110788" pubName="DO2" artType="Portaria" pubDate="01/07/2025" artClass="00044:00017:00095:00004:00000:00000:00000:00000:00000:00000:00017:00013" artCategory="Ministério da Previdência Social/Instituto Nacional do Seguro Social/Superintendência Regional Sul/Coordenação de Gestão de Pessoas" artSize="12" artNotes="" numberPage="75" pdfPage="http://pesquisa.in.gov.br/imprensa/jsp/visualiza/index.jsp?data=01/07/2025&amp;jornal=529&amp;pagina=75" editionNumber="121" highlightType="" highlightPriority="" highlight="" highlightimage="" highlightimagename="" idMateria="22816007">
  <body>
    <Identifica><![CDATA[ PORTARIA COGP - SRSUL/INSS Nº 13, DE 30 DE JUNHO DE 2025]]></Identifica>
    <Data><![CDATA[]]></Data>
    <Ementa />
    <Titulo />
    <SubTitulo />
    <Texto><![CDATA[<p class="identifica">PORTARIA COGP - SRSUL/INSS Nº 13, DE 30 DE JUNHO DE 2025</p><p>O COORDENADOR SUBSTITUTO DE GESTÃO DE PESSOAS DA SUPERINTENDÊNCIA REGIONAL SUL, considerando o Decreto nº 10.995, de 14 de março de 2022, e a competência atribuída por meio do art. 266 da Portaria/PRES/INSS/1.532, de 08 de dezembro de 2022, publicada no DOU nº 232, de 12 de dezembro de 2022, e a competência atribuída por meio do art. 6º da Portaria/PRES/INSS/1.654, de 02 de janeiro de 2024, publicada no BSE de 03 de janeiro de 2024, bem como o contido no processo SEI 35014.234970/2025-07, resolve:</p><p>Art. 1º Declarar, a contar de 01 de Julho de 2025, a vacância do cargo de Técnico do Seguro Social, exercido pelo servidor EDIR DE ALMEIDA matricula SIAPE 1.689.079, CPF 043.XXX.XXX-77, Classe S, Padrão II, ocupante da vaga nº 623151, do Quadro de Pessoal Permanente deste Instituto, em decorrência de posse em outro cargo inacumulável, com fundamento no art. 33, inciso VIII, da Lei nº 8.112, de 11 de dezembro de 1990.</p><p>Art. 2º Esta Portaria entra em vigor na data de sua publicação.</p><p class="assina">JOAO DIAS DA SILVA NETO</p>]]></Texto>
  </body>
  <Midias />
</article></xml>