﻿<xml><article id="44200433" name="Ato 97_26 Jun 2025" idOficio="11108211" pubName="DO2" artType="Ato" pubDate="01/07/2025" artClass="00070:00012:00001:00000:00000:00000:00000:00000:00000:00000:00001:00000" artCategory="Poder Judiciário/Tribunal Regional Federal da 6ª Região/Presidência" artSize="12" artNotes="" numberPage="94" pdfPage="http://pesquisa.in.gov.br/imprensa/jsp/visualiza/index.jsp?data=01/07/2025&amp;jornal=529&amp;pagina=94" editionNumber="121" highlightType="" highlightPriority="" highlight="" highlightimage="" highlightimagename="" idMateria="22812201">
  <body>
    <Identifica><![CDATA[ ATO PRESI Nº 97, DE 26 DE JUNHO DE 2025]]></Identifica>
    <Data><![CDATA[]]></Data>
    <Ementa />
    <Titulo />
    <SubTitulo />
    <Texto><![CDATA[<p class="identifica">ATO PRESI Nº 97, DE 26 DE JUNHO DE 2025</p><p>O PRESIDENTE DO TRIBUNAL REGIONAL FEDERAL DA 6ª REGIÃO, no uso de suas atribuições legais e regimentais, e considerando o constante do PA-e SEI 0014522-45.2024.4.06.8000, resolve:</p><p>REVOGAR o ATO/TRF1 Nº 6362044, de 29/06/2018, publicado no DOU de 03/07/2018, referente à remoção, pelo Sistema Nacional de Remoção - SINAR 2018, do servidor RENAN PINTO RODRIGUES, Analista Judiciário/Área Judiciária (Oficial de Justiça Avaliador Federal), do Quadro de Pessoal da Justiça Federal de Primeiro Grau da 6ª Região, Subseção Judiciária de Poços de Caldas, para a Seção Judiciária do Estado do Espírito Santo, Subseção Judiciária de Vitória.</p><p class="assina">Des. VALLISNEY OLIVEIRA</p>]]></Texto>
  </body>
  <Midias />
</article></xml>