﻿<xml><article id="44199794" name="PORTARIA N 409_22812952" idOficio="11108804" pubName="DO2" artType="Portaria" pubDate="01/07/2025" artClass="00070:00060:00001:00000:00000:00000:00000:00000:00000:00000:00017:00000" artCategory="Poder Judiciário/Tribunal Regional do Trabalho da 19ª Região/Presidência" artSize="12" artNotes="" numberPage="103" pdfPage="http://pesquisa.in.gov.br/imprensa/jsp/visualiza/index.jsp?data=01/07/2025&amp;jornal=529&amp;pagina=103" editionNumber="121" highlightType="" highlightPriority="" highlight="" highlightimage="" highlightimagename="" idMateria="22812952">
  <body>
    <Identifica><![CDATA[ PORTARIA /GP/TRT 19ª Nº 409, DE 27 DE JUNHO DE 2025]]></Identifica>
    <Data><![CDATA[]]></Data>
    <Ementa />
    <Titulo />
    <SubTitulo />
    <Texto><![CDATA[<p class="identifica">PORTARIA /GP/TRT 19ª Nº 409, DE 27 DE JUNHO DE 2025</p><p>A DESEMBARGADORA VICE-PRESIDENTE DO TRIBUNAL REGIONAL DO TRABALHO DA DÉCIMA NONA REGIÃO, NO EXERCÍCIO DA PRESIDÊNCIA, no uso de suas atribuições legais e regimentais estabelecidas no inciso VII do artigo 24 do Regimento Interno e considerando o contido no PROAD n.º 3.611, de 27/06/2025, resolve:</p><p>Art. 1º Dispensar a servidora Flávia Azevedo Gazzanéo, Técnica Judiciária, da função comissionada de Assistente de Gabinete, de nível FC-5, do Gabinete do Desembargador José Marcelo Vieira de Araújo.</p><p>Art. 2º Remover a servidora acima mencionada do Gabinete do Desembargador José Marcelo Vieira de Araújo para a Secretaria de Recurso de Revista e designá-la para exercer a função comissionada de Assistente Administrativo, de nível FC-3, da mencionada Secretaria.</p><p>Art. 3º Os efeitos da presente Portaria vigoram a partir da publicação.</p><p class="assina">ANNE HELENA FISCHER INOJOSA</p>]]></Texto>
  </body>
  <Midias />
</article></xml>