﻿<xml><article id="44201598" name="GAB - PORTARIA 6053 - 19739.0397" idOficio="11110552" pubName="DO2" artType="Portaria" pubDate="01/07/2025" artClass="00029:00036:00000:00000:00000:00000:00000:00000:00000:00000:00017:00000" artCategory="Ministério da Gestão e da Inovação em Serviços Públicos/Secretaria do Patrimônio da União" artSize="12" artNotes="" numberPage="63" pdfPage="http://pesquisa.in.gov.br/imprensa/jsp/visualiza/index.jsp?data=01/07/2025&amp;jornal=529&amp;pagina=63" editionNumber="121" highlightType="" highlightPriority="" highlight="" highlightimage="" highlightimagename="" idMateria="22815708">
  <body>
    <Identifica><![CDATA[ PORTARIA DE PESSOAL SPU/MGI Nº 6.053, DE 23 DE JUNHO DE 2025]]></Identifica>
    <Data><![CDATA[]]></Data>
    <Ementa />
    <Titulo />
    <SubTitulo />
    <Texto><![CDATA[<p class="identifica">PORTARIA DE PESSOAL SPU/MGI Nº 6.053, DE 23 DE JUNHO DE 2025</p><p>A SECRETÁRIA DO PATRIMÔNIO DA UNIÃO, DO MINISTÉRIO DA GESTÃO E DA INOVAÇÃO EM SERVIÇOS PÚBLICOS, no uso da competência que lhe foi delegada pelo art. 12 da Portaria MGI nº 572, de 8 de março de 2023, publicada no Diário Oficial da União de 9 de março de 2023, e demais informações que constam no Processo 19739.039751/2024-03, resolve:</p><p>Art. 1º Dispensar, a contar de 23 de junho de 2025, o servidor RODRIGO PESSOA TRAJANO, ocupante do cargo efetivo de Engenheiro Agrônomo, Matrícula SIAPE nº 1527794, da Função Comissionada Executiva de Chefe da Divisão Virtual de Fiscalização, código FCE 1.07, da Diretoria de Caracterização e Incorporação de Imóveis, da Secretaria do Patrimônio da União, do Ministério da Gestão e da Inovação em Serviços Públicos.</p><p>Art. 2º Esta portaria entra em vigor na data de sua publicação.</p><p class="assina">CAROLINA GABAS STUCHI</p>]]></Texto>
  </body>
  <Midias />
</article></xml>