﻿<xml><article id="44204964" name="DOU2-RS-1-PT-220-UNI-PR-RS-00064" idOficio="11111333" pubName="DO2" artType="Portaria" pubDate="01/07/2025" artClass="00066:00008:00044:00000:00000:00000:00000:00000:00000:00000:00017:00001" artCategory="Ministério Público da União/Ministério Público Federal/Procuradoria da República no Estado do Rio Grande do Sul" artSize="12" artNotes="" numberPage="86" pdfPage="http://pesquisa.in.gov.br/imprensa/jsp/visualiza/index.jsp?data=01/07/2025&amp;jornal=529&amp;pagina=86" editionNumber="121" highlightType="" highlightPriority="" highlight="" highlightimage="" highlightimagename="" idMateria="22816697">
  <body>
    <Identifica><![CDATA[ PORTARIA PR/RS Nº 220, DE 20 DE JUNHO DE 2025]]></Identifica>
    <Data><![CDATA[]]></Data>
    <Ementa />
    <Titulo />
    <SubTitulo />
    <Texto><![CDATA[<p class="identifica">PORTARIA PR/RS Nº 220, DE 20 DE JUNHO DE 2025</p><p>O Procurador-Chefe da Procuradoria da República no Rio Grande do Sul, no uso de suas atribuições que lhe conferem a Portaria SG/MPF nº 382, de 5 de maio de 2015, e conforme Portaria PGR/MPF nº 996, de 24 de novembro de 2023, publicada no DOU - Seção II de 28/11/2023, resolve:</p><p>1. Dispensar o servidor ILIAM PERES BARCELLOS DA SILVA, Analista do MPU/Direito, matrícula 27587, da função de confiança de Assistente Nível II, código FC-2, GABPRM2-ACMC, Gabinete do Procurador da República Antônio Carlos Marques Cardoso, da Procuradoria da República no Município de Novo Hamburgo, no Estado do Rio Grande do Sul.</p><p>2. Designar a servidora CLARISSA SWOBODA CALVO, Analista do MPU/Direito, matrícula 26734, para exercer a função de confiança de Assistente Nível II, código FC-2, GABPRM2-ACMC, Gabinete do Procurador da República Antônio Carlos Marques Cardoso, da Procuradoria da República no Município de Novo Hamburgo, no Estado do Rio Grande do Sul.</p><p class="assina">FELIPE DA SILVA MÜLLER</p>]]></Texto>
  </body>
  <Midias />
</article></xml>