﻿<xml><article id="44205723" name="2025.07.01 - portarias pluraliza" idOficio="11111502" pubName="DO2" artType="Portaria" pubDate="01/07/2025" artClass="00025:00149:00001:00000:00000:00000:00000:00000:00000:00000:00017:00002" artCategory="Ministério da Educação/Fundação Universidade Federal do Mato Grosso do Sul/Reitoria" artSize="12" artNotes="" numberPage="49" pdfPage="http://pesquisa.in.gov.br/imprensa/jsp/visualiza/index.jsp?data=01/07/2025&amp;jornal=529&amp;pagina=49" editionNumber="121" highlightType="" highlightPriority="" highlight="" highlightimage="" highlightimagename="" idMateria="22816867">
  <body>
    <Identifica><![CDATA[ PORTARIAS RTR/UFMS DE 25 DE JUNHO DE 2025]]></Identifica>
    <Data><![CDATA[]]></Data>
    <Ementa />
    <Titulo />
    <SubTitulo />
    <Texto><![CDATA[<p class="identifica">PORTARIAS RTR/UFMS DE 25 DE JUNHO DE 2025</p><p>O VICE-REITOR DA FUNDAÇÃO UNIVERSIDADE FEDERAL DE MATO GROSSO DO SUL, no exercício do cargo de REITOR, no uso de suas atribuições legais, e tendo em vista o disposto nos incisos I a IV do art. 20 da Emenda Constitucional nº 103, de 12 de novembro de 2019, e considerando o contido no Processo nº 23104.009618/2025-39, resolve:</p><p>Nº 860 - Conceder aposentadoria voluntária a LUIS HENRIQUE MASCARENHAS MOREIRA, código de vaga nº 715712, integrante da Carreira do Magistério Superior, do Quadro de Pessoal desta Universidade, lotado na Faculdade de Medicina, ocupante do cargo de Professor, Classe Adjunto, Nível 4, com Especialização, em regime de vinte horas semanais, com proventos integrais, calculados de acordo com o inciso I do § 2º do art. 20 da Emenda Constitucional nº 103, de 12 de novembro de 2019, e cinco por cento de anuênio.</p><p>O VICE-REITOR DA FUNDAÇÃO UNIVERSIDADE FEDERAL DE MATO GROSSO DO SUL, no exercício do cargo de REITOR, no uso de suas atribuições legais, e tendo em vista o disposto nos incisos I a IV do art. 20 da Emenda Constitucional nº 103, de 12 de novembro de 2019, e considerando o contido no Processo nº 23104.011177/2025-35, resolve:</p><p>Nº 862 - Conceder aposentadoria voluntária a ROBERTO ANTONIOLLI DA SILVA, código de vaga nº 715985, integrante da Carreira Técnico-Administrativa, do Quadro de Pessoal desta Universidade, lotado na Unidade do Sistema Musculoesquelético (UME/DGC/GAS/Humap), ocupante do cargo de Médico-área, Classe E, Padrão 19, com proventos integrais, calculados de acordo com o inciso I do § 2º do art. 20 da Emenda Constitucional nº 103, de 12 de novembro de 2019, e três por cento de anuênio.</p><p class="assina">ALBERT SCHIAVETO DE SOUZA</p>]]></Texto>
  </body>
  <Midias />
</article></xml>