﻿<xml><article id="44205525" name="PORTARIA N 6.319_22816778" idOficio="11111443" pubName="DO2" artType="Portaria" pubDate="01/07/2025" artClass="00029:00034:00015:00003:00000:00000:00000:00000:00000:00000:00017:00021" artCategory="Ministério da Gestão e da Inovação em Serviços Públicos/Secretaria de Gestão de Pessoas/Diretoria de Serviços de Aposentados e de Pensionistas e Órgãos Extintos/Coordenação-Geral de Benefícios" artSize="12" artNotes="" numberPage="59" pdfPage="http://pesquisa.in.gov.br/imprensa/jsp/visualiza/index.jsp?data=01/07/2025&amp;jornal=529&amp;pagina=59" editionNumber="121" highlightType="" highlightPriority="" highlight="" highlightimage="" highlightimagename="" idMateria="22816778">
  <body>
    <Identifica><![CDATA[ PORTARIA CGBEN/DECIPEX/SGP/MGI N° 6.319, DE 27 DE JUNHO DE 2025]]></Identifica>
    <Data><![CDATA[]]></Data>
    <Ementa />
    <Titulo />
    <SubTitulo />
    <Texto><![CDATA[<p class="identifica">PORTARIA CGBEN/DECIPEX/SGP/MGI N° 6.319, DE 27 DE JUNHO DE 2025</p><p>O COORDENADOR-GERAL DE BENEFÍCIOS, DA DIRETORIA DE SERVIÇOS DE APOSENTADOS E DE PENSIONISTAS E ÓRGÃOS EXTINTOS, DA SECRETARIA DE GESTÃO DE PESSOAS, DO MINISTÉRIO DA GESTÃO E DA INOVAÇÃO EM SERVIÇOS PÚBLICOS, no uso da competência atribuída pela Portaria DECIP/SGP/MPDG nº 13.530, de 27 de dezembro de 2018, publicada no DOU de 28 de dezembro de 2018,S, e considerando o disposto no Processo nº 19975.008932/2024-97, resolve:</p><p>Art. 1º Conceder aposentadoria voluntária com proventos integrais à servidora, CARMEM APARECIDA CLARINDO, matrícula SIAPE nº 3046369, ocupante do cargo de Auxiliar Operacional de Serviços Diversos, Nível Auxiliar, Classe "S", Padrão III, oriunda do Extinto Território Federal de Rondônia, com fundamento no art. 3º da Emenda Constitucional nº 47, de 2005, combinado com o art. 3º da Emenda Constitucional nº 103, de 2019.</p><p>Art. 2º Esta Portaria entra em vigor na data de sua publicação.</p><p class="assina">ROBERTO FAGNER DE FIGUEIREDO BRAGA</p>]]></Texto>
  </body>
  <Midias />
</article></xml>