﻿<xml><article id="44200676" name="ATO 4879 Aposentadoria - BEATRIZ" idOficio="11108789" pubName="DO2" artType="Ato" pubDate="01/07/2025" artClass="00070:00006:00000:00000:00000:00000:00000:00000:00000:00000:00001:00001" artCategory="Poder Judiciário/Superior Tribunal Militar" artSize="12" artNotes="" numberPage="93" pdfPage="http://pesquisa.in.gov.br/imprensa/jsp/visualiza/index.jsp?data=01/07/2025&amp;jornal=529&amp;pagina=93" editionNumber="121" highlightType="" highlightPriority="" highlight="" highlightimage="" highlightimagename="" idMateria="22812914">
  <body>
    <Identifica><![CDATA[ ATO Nº 4.879, DE 27 DE JUNHO DE 2025]]></Identifica>
    <Data><![CDATA[]]></Data>
    <Ementa />
    <Titulo />
    <SubTitulo />
    <Texto><![CDATA[<p class="identifica">ATO Nº 4.879, DE 27 DE JUNHO DE 2025</p><p>O MINISTRO-PRESIDENTE DO SUPERIOR TRIBUNAL MILITAR, em exercício, usando das atribuições conferidas pelo inciso XXV do artigo 6º do Regimento Interno, bem como a Informação SEINA nº 4361137, contida nos autos do Processo nº 000233/25-05.55, do Sistema Eletrônico de Informações, considerando o disposto nos incisos I e II do artigo 71 da Lei nº 8.457/1992, alterada pela Lei nº 13.774/2018, resolve:</p><p>CONCEDER APOSENTADORIA à Técnica Judiciária, Área Administrativa, do Quadro Permanente das Auditorias da Justiça Militar da União, BEATRIZ SILVA JUSKI COSTA, matrícula 8011, nos termos do caput e do inciso II, do § 2º, do artigo 20, e do caput, e inciso I, do § 3º, do artigo 26, todos da Emenda Constitucional nº 103/2019; § 1º, do art. 1º, da Lei nº 10.887/2004.</p><p class="assina">Ten Brig Ar FRANCISCO JOSELI PARENTE CAMELO</p>]]></Texto>
  </body>
  <Midias />
</article></xml>