﻿<xml><article id="44200769" name="ATO 118 DOU" idOficio="11105441" pubName="DO2" artType="Ato" pubDate="01/07/2025" artClass="00070:00049:00001:00008:00001:00000:00000:00000:00000:00000:00001:00000" artCategory="Poder Judiciário/Tribunal Regional do Trabalho da 8ª Região/Gabinete da Presidência/Secretaria/Coordenação de Recursos Humanos" artSize="12" artNotes="" numberPage="100" pdfPage="http://pesquisa.in.gov.br/imprensa/jsp/visualiza/index.jsp?data=01/07/2025&amp;jornal=529&amp;pagina=100" editionNumber="121" highlightType="" highlightPriority="" highlight="" highlightimage="" highlightimagename="" idMateria="22808291">
  <body>
    <Identifica><![CDATA[ ATO Nº 118, DE 24 DE JUNHO DE 2025]]></Identifica>
    <Data><![CDATA[]]></Data>
    <Ementa />
    <Titulo />
    <SubTitulo />
    <Texto><![CDATA[<p class="identifica">ATO Nº 118, DE 24 DE JUNHO DE 2025</p><p>A DESEMBARGADORA PRESIDENTE DO TRIBUNAL REGIONAL DO TRABALHO DA OITAVA REGIÃO, no uso de suas atribuições legais e regimentais,</p><p>CONSIDERANDO a competência privativa dos Tribunais para organizarem suas secretarias e serviços auxiliares e dos juízos que lhes forem vinculados, nos termos do artigo 96, inciso I, alínea "b", da Constituição Federal;</p><p>CONSIDERANDO o artigo 24 da Lei n.º 11.416/2006, que autoriza os órgãos do Poder Judiciário da União a fixarem em ato próprio a alocação dos cargos efetivos, das funções comissionadas e dos cargos em comissão nas unidades componentes de sua estrutura, bem como a transformarem, sem aumento de despesa, no âmbito de suas competências, as funções comissionadas e os cargos em comissão de seu quadro de pessoal;</p><p>CONSIDERANDO os termos da Resolução CSJT n.º 296/2021, que dispõe sobre a estrutura organizacional e de pessoal e sobre a distribuição da força de trabalho nos órgãos da Justiça do Trabalho de primeiro e segundo graus e dá outras providências;</p><p>CONSIDERANDO a alteração na estrutura organizacional da Coordenadoria de Infraestrutura Tecnológica (COINT), unidade vinculada à Secretaria de Tecnologia de Informação e Comunicação, autorizada por meio da Portaria PRESI nº 606/2025;</p><p>CONSIDERANDO a necessidade de ajustar os ocupantes das funções comissionadas e do cargo em comissão em razão das alterações na estrutura organizacional promovida pela Portaria PRESI nº 606/2025;</p><p>CONSIDERANDO o que consta nos Processos Administrativos Eletrônicos n.ºs 2083/2023 e 4558/2025/2025 e, ainda, o interesse do serviço, resolve:</p><p>Art. 1.º RATIFICAR o servidor ALAYR MAUÉS MELO SOBRINHO, Analista Judiciário, Área Apoio Especializado, Especialidade Tecnologia da Informação código SIGEP n.º 2882, no exercício do cargo em comissão de Chefe da Divisão de Infraestrutura Computacional, CJ-01, código Sigep n.º 51, do quadro de lotação da Divisão de Infraestrutura Computacional, vinculada à Coordenadoria de Infraestrutura Tecnológica.</p><p>Art. 2º RATIFICAR os servidores abaixo relacionados, no exercício das funções comissionadas, como a seguir:- BERNARDO DE ALCÂNTARA ZELL COSTA, Analista Judiciário, Área Apoio Especializado, Especialidade Tecnologia da Informação código SIGEP n.º 3606, de Assistente Técnico de Infraestrutura Computacional, FC-03, código Sigep n.º 95, do quadro de lotação da Divisão de Infraestrutura Computacional, vinculada à Coordenado ria de Infraestrutura Tecnológica;- VICTOR AMARANTE DE BARROS, Técnico Judiciário, Área Apoio Especializado, Especialidade Tecnologia da Informação código SIGEP n.º 1368, de Assistente de Operações de Infraestrutura Computacional, FC-4, código Sigep n.º 362, do quadro de lotação da Divisão de Infraestrutura Computacional, vinculada à Coordenadoria de Infraestrutura Tecnológica;- EDINALDO RIBEIRO MAIA JUNIOR, Analista Judiciário, Área Apoio Especializado, Especialidade Tecnologia da Informação código SIGEP n.º 3612, de Assistente Técnico da Seção de Telecomunicações, FC-03, código Sigep n.º 89, do quadro de lotação da Seção de Telecomunicações, vinculada à Coordenadoria de Infraestrutura Tecnológica;- JADIEL CARLOS ROCHA MOTA, Analista Judiciário, Área Apoio Especializado, Especialidade Tecnologia da Informação código SIGEP n.º 2881, de Chefe da Seção de Telecomunicações, FC-05, código Sigep n.º 315, do quadro de lotação da Seção de Telecomunicações, vinculada à Coordenadoria de Infraestrutura Tecnológica.</p><p>Art. 3.º DETERMINAR que as lotações internas à Coordenadoria de Infraestrutura Tecnológica fiquem devidamente ajustadas mediante às ratificações objeto deste Ato PRESI.</p><p>Art. 4.º Este Ato entra em vigor na data da sua publicação no Diário Oficial da União.</p><p class="assina">SULAMIR PALMEIRA MONASSA DE ALMEIDA</p>]]></Texto>
  </body>
  <Midias />
</article></xml>