﻿<xml><article id="44204856" name="Port41-2025" idOficio="11111308" pubName="DO2" artType="Portaria" pubDate="01/07/2025" artClass="00016:00012:00009:00012:00000:00000:00000:00000:00000:00000:00017:00003" artCategory="Ministério da Defesa/Comando da Marinha/Comando-Geral do Corpo de Fuzileiros Navais/COMANDO-GERAL DO CORPO DE FUZILEIROS NAVAIS" artSize="12" artNotes="" numberPage="18" pdfPage="http://pesquisa.in.gov.br/imprensa/jsp/visualiza/index.jsp?data=01/07/2025&amp;jornal=529&amp;pagina=18" editionNumber="121" highlightType="" highlightPriority="" highlight="" highlightimage="" highlightimagename="" idMateria="22816637">
  <body>
    <Identifica><![CDATA[ PORTARIA N° 41/CGCFN, DE 27 DE JUNHO DE 2025]]></Identifica>
    <Data><![CDATA[]]></Data>
    <Ementa />
    <Titulo />
    <SubTitulo />
    <Texto><![CDATA[<p class="identifica">PORTARIA N° 41/CGCFN, DE 27 DE JUNHO DE 2025</p><p>O COMANDANTE-GERAL DO CORPO DE FUZILEIROS NAVAIS, no uso das atribuições que lhe são conferidas pelo art. 5.5 da SGM-105 (6ª Revisão) e inciso III do art. 1°, anexo C, da Portaria n° 99/MB/MD, de 5 de abril de 2021, alterada pelas Portarias n° 157/MB/MD, de 28 de maio de 2021, n° 245/MB/MD, de 23 de agosto de 2021 e n° 167/MB/MD, de 4 de julho de 2023, todas do Comandante da Marinha, e em cumprimento ao Evento n° 240/I do Programa de Conclaves Não-Governamentais no Exterior - 2025, aprovado pela Portaria n° 93/2025, do EMA, resolve:</p><p>Art. 1º Designar os militares abaixo para realizarem a seguinte missão no exterior:</p><p>CC (FN) 06.0241.22 FRANCO DE MARQUET FREITAS; e</p><p>SO-FN-IF 86.1215.96 AGILDO CERQUEIRA AZEVEDO.</p><p>Missão - Participação no Marine Leaders of the Américas Conference - 2025 (MLAC-2025);</p><p>Local - Whashington D.C, EUA; e</p><p>Período - 03 a 07AGO2025, podendo se ausentar do País a par r do dia 31JUL2025 e retornar até o dia 09AGO2025.</p><p>Art. 2º A referida missão é enquadrada como eventual, administrativa, sem mudança de sede, sem dependentes e inferior a três meses, de acordo com a alínea c, inciso I e alínea c, inciso II do art. 3°, inciso III do art. 6° e art. 11, da Lei n° 5.809, de 10 de outubro de 1972, regulamentada pelo Decreto n° 71.733, de 18 de janeiro de 1973.</p><p>Art. 3º As despesas referentes à passagens aéreas e hospedagem serão cobertas pelos Organizadores do Evento e as despesas relativas à alimentação serão custeadas por este ODS..</p><p>Art. 4º Esta Portaria entra em vigor na presente data.</p><p class="assina">Alte de Esq (FN) CARLOS CHAGAS VIANNA BRAGA</p>]]></Texto>
  </body>
  <Midias />
</article></xml>