﻿<xml><article id="44201736" name="1542" idOficio="11110540" pubName="DO2" artType="Portaria" pubDate="01/07/2025" artClass="00025:00060:00000:00000:00000:00000:00000:00000:00000:00000:00017:00000" artCategory="Ministério da Educação/Instituto Federal de Educação, Ciência e Tecnologia Catarinense" artSize="12" artNotes="" numberPage="23" pdfPage="http://pesquisa.in.gov.br/imprensa/jsp/visualiza/index.jsp?data=01/07/2025&amp;jornal=529&amp;pagina=23" editionNumber="121" highlightType="" highlightPriority="" highlight="" highlightimage="" highlightimagename="" idMateria="22815732">
  <body>
    <Identifica><![CDATA[ PORTARIA N° 1.542, de 30 de junho de 2025]]></Identifica>
    <Data><![CDATA[]]></Data>
    <Ementa />
    <Titulo />
    <SubTitulo />
    <Texto><![CDATA[<p class="identifica">PORTARIA N° 1.542, de 30 de junho de 2025</p><p>O REITOR DO INSTITUTO FEDERAL CATARINENSE, no uso de sua competência que lhe foi subdelegada pelo Decreto sem número de 15/01/2024, publicado no Diário Oficial da União, seção 2, pág. 01, em 16/01/2024, considerando o que consta no Processo nº23354.003136/2025-23, resolve:</p><p>Art. 1º AUTORIZAR o Afastamento do País, do(a) servidor(a) ÉLITON PIRES, ocupante do Cargo Técnico em Agropecuária, com lotação no (a) Campus Santa Rosa do Sul, matrícula SIAPE no ****271, com (ônus limitado) para o Instituto Federal Catarinense, no período de 01/07/2025 a 05/07/2025 (05 dias), com a finalidade de apresentação de trabalho de doutorado no Congresso de Desenvolvimento Rural e História Econômica, na Faculdad de Artes Liberales, Universidad Adolgo Ibañez, no Chile.</p><p>Art. 2º Esta Portaria entra em vigor na data de sua publicação.</p><p class="assina">RUDINEI KOCK EXTERCKOTER</p>]]></Texto>
  </body>
  <Midias />
</article></xml>