﻿<xml><article id="44203989" name="RETIFICACAO 1." idOficio="11111059" pubName="DO2" artType="Retificação" pubDate="01/07/2025" artClass="00029:00038:00001:00000:00000:00000:00000:00000:00000:00000:00024:00000" artCategory="Ministério da Gestão e da Inovação em Serviços Públicos/Secretaria de Relações de Trabalho/Comissão Especial dos ex-Territórios Federais de Rondônia, do Amapá e de Roraima" artSize="24" artNotes="" numberPage="63" pdfPage="http://pesquisa.in.gov.br/imprensa/jsp/visualiza/index.jsp?data=01/07/2025&amp;jornal=529&amp;pagina=63" editionNumber="121" highlightType="" highlightPriority="" highlight="" highlightimage="" highlightimagename="" idMateria="22816408">
  <body>
    <Identifica><![CDATA[ RETIFICAÇÃO]]></Identifica>
    <Data><![CDATA[]]></Data>
    <Ementa />
    <Titulo />
    <SubTitulo />
    <Texto><![CDATA[<p class="identifica">RETIFICAÇÃO</p><p>Portaria CEEXT/SRT/MGI nº 6.259, DE 27 DE JUNHO DE 2025 publicada no Diário Oficial da União do dia 30 de junho de 2025, Seção 2, Edição nº 120, no ANEXO III- EX TERRITÓRIO DE RONDÔNIA, na tabela de EMPREGADOS PÚBLICOS:</p><p>onde se lê:</p><p /><p></p><table><tr /><tr><td rowspan="1" colspan="1"><p>ITEM</p></td><td rowspan="1" colspan="1"><p>INTERESSADO(A)</p></td><td rowspan="1" colspan="1"><p>PROCESSO</p></td><td rowspan="1" colspan="1"><p>FUNDAMENTO LEGAL</p></td><td rowspan="1" colspan="1"><p>REGIME JURÍDICO</p></td><td rowspan="1" colspan="1"><p>EMPREGO</p></td><td rowspan="1" colspan="1"><p>NÍVEL</p></td><td rowspan="1" colspan="1"><p>CLASSE</p></td><td rowspan="1" colspan="1"><p>PADRÃO</p></td></tr><tr><td rowspan="1" colspan="1"><p>1</p></td><td rowspan="1" colspan="1"><p>MAURICIO PEREIRA DOS SANTOS</p></td><td rowspan="1" colspan="1"><p>03125.022497/2018-36</p></td><td rowspan="1" colspan="1"><p>Art. 13 e parágrafos da Lei nº 13.681/18, de acordo com a tabela prevista no Anexo VI, Tabela VI, bem como nos moldes do art. 10 e seus parágrafos do Decreto nº 9.324/18, com redação dada pelo Decreto nº 9.506/18</p></td><td rowspan="1" colspan="5"><p></p></td></tr></table><p>Leia-se:</p><p /><p></p><table><tr /><tr><td rowspan="1" colspan="1"><p>ITEM</p></td><td rowspan="1" colspan="1"><p>INTERESSADO(A)</p></td><td rowspan="1" colspan="1"><p>PROCESSO</p></td><td rowspan="1" colspan="1"><p>FUNDAMENTO LEGAL</p></td><td rowspan="1" colspan="1"><p>REGIME JURÍDICO</p></td><td rowspan="1" colspan="1"><p>EMPREGO</p></td><td rowspan="1" colspan="1"><p>NÍVEL</p></td><td rowspan="1" colspan="1"><p>CLASSE</p></td><td rowspan="1" colspan="1"><p>PADRÃO</p></td></tr><tr><td rowspan="1" colspan="1"><p>1</p></td><td rowspan="1" colspan="1"><p>MAURICIO PEREIRA DOS SANTOS</p></td><td rowspan="1" colspan="1"><p>03125.022497/2018-36</p></td><td rowspan="1" colspan="1"><p>Art. 13 e parágrafos da Lei nº 13.681/18, de acordo com a tabela prevista no Anexo VI, Tabela VI, bem como nos moldes do art. 10 e seus parágrafos do Decreto nº 9.324/18, com redação dada pelo Decreto nº 9.506/18</p></td><td rowspan="1" colspan="1"><p>CELETISTA</p></td><td rowspan="1" colspan="1"><p>ARTÍFICE DE ELETRICIDADE</p></td><td rowspan="1" colspan="1"><p>AUXILIAR</p></td><td rowspan="1" colspan="1"><p>ESPECIAL</p></td><td rowspan="1" colspan="1"><p>III</p></td></tr></table>]]></Texto>
  </body>
  <Midias />
</article></xml>