﻿<xml><article id="44200466" name="ATO_974" idOficio="11108417" pubName="DO2" artType="Ato" pubDate="01/07/2025" artClass="00070:00007:00001:00000:00000:00000:00000:00000:00000:00000:00001:00006" artCategory="Poder Judiciário/Tribunal Regional Federal da 1ª Região/Presidência" artSize="12" artNotes="" numberPage="93" pdfPage="http://pesquisa.in.gov.br/imprensa/jsp/visualiza/index.jsp?data=01/07/2025&amp;jornal=529&amp;pagina=93" editionNumber="121" highlightType="" highlightPriority="" highlight="" highlightimage="" highlightimagename="" idMateria="22812478">
  <body>
    <Identifica><![CDATA[ ATO Nº 974, DE 26 DE JUNHO DE 2025]]></Identifica>
    <Data><![CDATA[]]></Data>
    <Ementa />
    <Titulo />
    <SubTitulo />
    <Texto><![CDATA[<p class="identifica">ATO Nº 974, DE 26 DE JUNHO DE 2025</p><p>O PRESIDENTE DO TRIBUNAL REGIONAL FEDERAL DA 1ª REGIÃO, no uso de suas atribuições legais e regimentais, e tendo em vista o constante nos autos do PAe 0014441-03.2025.4.01.8000-TRF1, resolve:</p><p>REDISTRIBUIR, nos termos do art. 37 da Lei 8.112/1990, com a redação dada pela Lei 9.527/1997, c/c a Resolução n. 146/2012-CNJ, o cargo de Analista Judiciário, Área Judiciária, do Quadro de Pessoal do Tribunal Regional Federal da Primeira Região, ocupado pelo servidor MARCELO PEREIRA PITELLA, criado pela Lei 10.791/2003, para o Quadro de Pessoal do Supremo Tribunal Federal, em reciprocidade ao cargo vago da mesma categoria funcional, criado pela Lei nº 5985/1973.</p><p class="assina">Des. JOÃO BATISTA MOREIRA</p>]]></Texto>
  </body>
  <Midias />
</article></xml>