﻿<xml><article id="44204139" name="rtf 187" idOficio="11111081" pubName="DO2" artType="Portaria" pubDate="01/07/2025" artClass="00025:00113:00000:00000:00000:00000:00000:00000:00000:00000:00017:00000" artCategory="Ministério da Educação/Universidade Federal do Oeste do Pará" artSize="12" artNotes="" numberPage="37" pdfPage="http://pesquisa.in.gov.br/imprensa/jsp/visualiza/index.jsp?data=01/07/2025&amp;jornal=529&amp;pagina=37" editionNumber="121" highlightType="" highlightPriority="" highlight="" highlightimage="" highlightimagename="" idMateria="22816394">
  <body>
    <Identifica><![CDATA[ PORTARIA GAB Nº 187, DE 25 DE JUNHO DE 2025]]></Identifica>
    <Data><![CDATA[]]></Data>
    <Ementa />
    <Titulo />
    <SubTitulo />
    <Texto><![CDATA[<p class="identifica">PORTARIA GAB Nº 187, DE 25 DE JUNHO DE 2025</p><p>A REITORA DA UNIVERSIDADE FEDERAL DO OESTE DO PARÁ, no uso de suas atribuições conferidas pelo Decreto Presidencial de 20 de abril de 2022, publicado no Diário Oficial da União nº 75-A, Seção 2 - Edição Extra, pág. 1, em 20 de abril de 2022, e considerando o disposto no art. 93 da Lei nº 8.112, de 11 de dezembro de 1990, na Portaria SEDGG/ME nº 6.066, de 22 de junho de 2022, resolve:</p><p>Art. 1° Ceder o servidor FERNANDO WALLASE CARVALHO ANDRADE, matrícula SIAPE nº 1745163, ocupante do cargo efetivo de Professor do Magistério Superior, para exercer o Cargo Comissionado Executivo - CCE 1.13 - Coordenador-Geral, no âmbito do Serviço Florestal Brasileiro - SFB, unidade vinculada ao Ministério do Meio Ambiente, a partir de 1° de setembro de 2025.</p><p>Art. 2° A cessão será concedida por prazo indeterminado e poderá ser encerrada a qualquer momento por iniciativa do órgão cedente, do órgão cessionário, do próprio servidor ou no caso de exoneração do cargo comissionado.</p><p>Art. 3° O ônus pela remuneração ou salário é do órgão cedente.</p><p>Art. 4° O servidor deverá apresentar-se imediatamente ao órgão cedente ao término da cessão, observado o disposto no art. 8º do Decreto nº 10.835, de 14 de outubro de 2021.</p><p class="assina">ALDENIZE RUELA XAVIER</p>]]></Texto>
  </body>
  <Midias />
</article></xml>