﻿<xml><article id="44202228" name="PORTARIA N 123.748_22815860" idOficio="11110691" pubName="DO2" artType="Portaria" pubDate="01/07/2025" artClass="00046:00288:00039:00000:00000:00000:00000:00000:00000:00000:00017:00003" artCategory="Banco Central do Brasil" artSize="12" artNotes="" numberPage="82" pdfPage="http://pesquisa.in.gov.br/imprensa/jsp/visualiza/index.jsp?data=01/07/2025&amp;jornal=529&amp;pagina=82" editionNumber="121" highlightType="" highlightPriority="" highlight="" highlightimage="" highlightimagename="" idMateria="22815860">
  <body>
    <Identifica><![CDATA[ PORTARIA BCB Nº 123.748, DE 30 DE JUNHO DE 2025]]></Identifica>
    <Data><![CDATA[]]></Data>
    <Ementa />
    <Titulo />
    <SubTitulo />
    <Texto><![CDATA[<p class="identifica">PORTARIA BCB Nº 123.748, DE 30 DE JUNHO DE 2025</p><p>O Presidente do Banco Central do Brasil, no uso da competência que lhe confere o art. 4º, §5º, da Lei nº 13.974, de 7 de janeiro de 2020, resolve:</p><p>Art. 1 º Fica exonerado, a pedido, RICARDO LIÁO do cargo de Presidente do Conselho de Controle de Atividades Financeiras - Coaf, código CCE 1.17.</p><p>Art. 2º Fica nomeado RICARDO ANDRADE SAADI para exercer o cargo de Presidente do Conselho de Controle de Atividades Financeiras - Coaf, código CCE 1.17.</p><p>Art. 3º Esta Portaria entra em vigor na data de sua publicação.</p><p class="assina">GABRIEL MURICCA GALÍPOLO</p>]]></Texto>
  </body>
  <Midias />
</article></xml>