﻿<xml><article id="44201259" name="PT 664" idOficio="11110466" pubName="DO2" artType="Portaria" pubDate="01/07/2025" artClass="00047:00002:00021:00040:00014:00000:00000:00000:00000:00000:00017:00664" artCategory="Ministério da Saúde/Secretaria Executiva/Subsecretaria de Assuntos Administrativos/Superintendência Estadual do Ministério da Saúde no Rio de Janeiro/Serviço de Gestão de Pessoas" artSize="12" artNotes="" numberPage="79" pdfPage="http://pesquisa.in.gov.br/imprensa/jsp/visualiza/index.jsp?data=01/07/2025&amp;jornal=529&amp;pagina=79" editionNumber="121" highlightType="" highlightPriority="" highlight="" highlightimage="" highlightimagename="" idMateria="22815586">
  <body>
    <Identifica><![CDATA[ PORTARIA SEGEP/RJ Nº 664, DE 25 DE JUNHO DE 2025]]></Identifica>
    <Data><![CDATA[]]></Data>
    <Ementa />
    <Titulo />
    <SubTitulo />
    <Texto><![CDATA[<p class="identifica">PORTARIA SEGEP/RJ Nº 664, DE 25 DE JUNHO DE 2025</p><p>A CHEFE DO SERVIÇO DE GESTÃO DE PESSOAS, DA SUPERINTENDÊNCIA ESTADUAL DO MINISTÉRIO DA SAÚDE NO RIO DE JANEIRO, DA SUBSECRETARIA DE ASSUNTOS ADMINISTRATIVOS, DA SECRETARIA-EXECUTIVA, DO MINISTÉRIO DA SAÚDE, no uso de suas atribuições legais que lhe foram atribuídas pela PORTARIA DE PESSOAL SE/MS Nº 94, DE 01 DE fevereiro DE 2024, publicada no DOU nº 25, de 5 de fevereiro de 2024, Seção 2, página 68, e tendo em vista o que consta no processo nº 25001.000549/2024-09, resolve:</p><p>Retificar a PORTARIA SEGEP/RJ Nº 582, DE 09 DE JUNHO DE 2025, publicada no BSE Nº 112, de 16/06/2025, Seção 2, página: 69, que concedeu a pensão à LIVIA MARIA MONTEIRO GOMES , em face do falecimento ocorrido em 13/12/2023, do ex-servidor CELSO PINHA GOMES, detentor das matrículas SIAPE nº 627.474 e 6.627.474:</p><p>onde se lê: " falecimento ocorrido em 18/01/2024[...]",</p><p>leia-se: " falecimento ocorrido em 13/12/2023 [...]".</p><p class="assina">LUCILENA RODRIGUES GIESTEIRA</p>]]></Texto>
  </body>
  <Midias />
</article></xml>