﻿<xml><article id="44203140" name="425 - EUNICE E ROBERTA - CJ-3" idOficio="11110902" pubName="DO2" artType="Portaria" pubDate="01/07/2025" artClass="00070:00004:00001:00000:00000:00000:00000:00000:00000:00000:00017:00004" artCategory="Poder Judiciário/Superior Tribunal de Justiça/Presidência" artSize="12" artNotes="" numberPage="91" pdfPage="http://pesquisa.in.gov.br/imprensa/jsp/visualiza/index.jsp?data=01/07/2025&amp;jornal=529&amp;pagina=91" editionNumber="121" highlightType="" highlightPriority="" highlight="" highlightimage="" highlightimagename="" idMateria="22816134">
  <body>
    <Identifica><![CDATA[ Portaria STJ/GP Nº 425, DE 26 DE junho DE 2025]]></Identifica>
    <Data><![CDATA[]]></Data>
    <Ementa />
    <Titulo />
    <SubTitulo />
    <Texto><![CDATA[<p class="identifica">Portaria STJ/GP Nº 425, DE 26 DE junho DE 2025</p><p>O PRESIDENTE DO SUPERIOR TRIBUNAL DE JUSTIÇA, usando da atribuição conferida pelo art. 21, XXXI, do Regimento Interno e considerando o disposto no caput do art. 38 da Lei n. 8.112, de 11 de dezembro de 1990, resolve:</p><p>Art. 1º Designar EUNICE MARTINS DE AQUINO, matrícula S044061, para substituir a Assessora-Chefe, código CJ-3, da Assessoria de Cerimonial e Eventos, em seus afastamentos e impedimentos legais ou regulamentares e na vacância do cargo em comissão.</p><p>Art. 2º Revogar a designação de ROBERTA GUIMARÃES CARVALHO, matrícula S027477, objeto da Portaria STJ/GP n. 797 de 20 de dezembro de 2024, publicada no Diário Oficial da União do dia 2 subsequente.</p><p>Art. 3º Esta portaria entra em vigor na data de sua publicação.</p><p class="assina">Min. HERMAN BENJAMIN</p>]]></Texto>
  </body>
  <Midias />
</article></xml>