﻿<xml><article id="44201061" name="CP2_RTF_Portaria_5060" idOficio="11110352" pubName="DO2" artType="Portaria" pubDate="01/07/2025" artClass="00025:00051:00022:00000:00000:00000:00000:00000:00000:00000:00017:00000" artCategory="Ministério da Educação/Colégio Pedro II/Pró-Reitoria de Gestão de Pessoas" artSize="12" artNotes="" numberPage="21" pdfPage="http://pesquisa.in.gov.br/imprensa/jsp/visualiza/index.jsp?data=01/07/2025&amp;jornal=529&amp;pagina=21" editionNumber="121" highlightType="" highlightPriority="" highlight="" highlightimage="" highlightimagename="" idMateria="22815496">
  <body>
    <Identifica><![CDATA[ PORTARIA Nº 5.060/REITORIA/CPII, DE 27 DE JUNHO DE 2025]]></Identifica>
    <Data><![CDATA[]]></Data>
    <Ementa />
    <Titulo />
    <SubTitulo />
    <Texto><![CDATA[<p class="identifica">PORTARIA Nº 5.060/REITORIA/CPII, DE 27 DE JUNHO DE 2025</p><p>A REITORA DO COLÉGIO PEDRO II, nomeada por Decreto Presidencial de 18 de outubro de 2022, publicado no Diário Oficial da União, Seção 2, página 1, de 19 de outubro de 2022, no uso de suas atribuições legais e o que consta no Processo nº 23040.005107/2025-30, resolve:</p><p>Tornar sem efeito a nomeação de ENZO SUZART PINTO para o cargo de Técnico em Tecnologia da Informação, Classe/ Nível DI-01, Código de Vaga 968232, em regime de 40H semanais de trabalho, no(na) COLÉGIO PEDRO II, constante da Portaria Nº 5026/REITORIA/CPII, de 25 de junho de 2025, publicada no DOU dia 26/06/2025, Seção 2, página 18, a partir de 26/06/2025, de acordo com os artigos 9º, 10º e 13, § 1º, da Lei nº 8.112, 11 de dezembro de 1990 (DOU de 12 de junho de 1990), em virtude da desistência do nomeado.</p><p class="assina">ANA PAULA GIRAUX LEITAO</p>]]></Texto>
  </body>
  <Midias />
</article></xml>