﻿<xml><article id="44202615" name="P9RF136E137" idOficio="11110737" pubName="DO2" artType="Portaria" pubDate="01/07/2025" artClass="00028:00032:00435:00101:00000:00000:00000:00000:00000:00000:00017:00000" artCategory="Ministério da Fazenda/Secretaria Especial da Receita Federal do Brasil/Secretaria-Adjunta/Superintendência Regional da Receita Federal do Brasil 9ª Região Fiscal" artSize="12" artNotes="" numberPage="55" pdfPage="http://pesquisa.in.gov.br/imprensa/jsp/visualiza/index.jsp?data=01/07/2025&amp;jornal=529&amp;pagina=55" editionNumber="121" highlightType="" highlightPriority="" highlight="" highlightimage="" highlightimagename="" idMateria="22815926">
  <body>
    <Identifica><![CDATA[ PORTARIAS DE PESSOAL SRRF09 DE 27 DE JUNHO DE 2025]]></Identifica>
    <Data><![CDATA[]]></Data>
    <Ementa />
    <Titulo />
    <SubTitulo />
    <Texto><![CDATA[<p class="identifica">PORTARIAS DE PESSOAL SRRF09 DE 27 DE JUNHO DE 2025</p><p>O SUPERINTENDENTE DA RECEITA FEDERAL DO BRASIL DA 9ª REGIÃO FISCAL, no uso da competência que lhe foi subdelegada pela Portaria RFB nº 345, de 24 de agosto de 2023, publicada no DOU de 28 de agosto de 2023, e considerando o disposto no artigo 3º da Portaria RFB nº 340, de 14 de agosto de 2023, e o que consta no e-Processo nº 10906.242047/2025-65, resolve:</p><p>Nº 136 - Dispensar a Analista Técnico-Administrativo ANA VERENA BARRETO ROSA, matrícula Siapecad nº 1995357, da Função Gratificada de Chefe da Seção de Desenvolvimento, Capacitação e Gestão de Desempenho - Sadec da Superintendência da Receita Federal do Brasil da 9ª Região Fiscal, código FG-1.</p><p>Nº 137 - Designar a Pedagoga CAROLINE SCHAPPO, matrícula Siapecad nº 1901752, para exercer a Função Gratificada de Chefe da Seção de Desenvolvimento, Capacitação e Gestão de Desempenho - Sadec da Superintendência da Receita Federal do Brasil da 9ª Região Fiscal, código FG-1.</p><p class="assina">FABIO EDUARDO BOSCHI</p>]]></Texto>
  </body>
  <Midias />
</article></xml>