﻿<xml><article id="44200334" name="3424-SPG_DISP_SUP_910620" idOficio="11109285" pubName="DO2" artType="Portaria" pubDate="01/07/2025" artClass="00006:00004:02004:00017:00000:00000:00000:00000:00000:00000:00017:00000" artCategory="Presidência da República/Casa Civil/Agência Brasileira de Inteligência/Secretaria de Planejamento e Gestão" artSize="12" artNotes="" numberPage="1" pdfPage="http://pesquisa.in.gov.br/imprensa/jsp/visualiza/index.jsp?data=01/07/2025&amp;jornal=529&amp;pagina=1" editionNumber="121" highlightType="" highlightPriority="" highlight="" highlightimage="" highlightimagename="" idMateria="22813964">
  <body>
    <Identifica><![CDATA[ PORTARIA GAB/DG/ABIN/CC/PR Nº 3.424, DE 26 DE JUNHO DE 2025]]></Identifica>
    <Data><![CDATA[]]></Data>
    <Ementa />
    <Titulo />
    <SubTitulo />
    <Texto><![CDATA[<p class="identifica">PORTARIA GAB/DG/ABIN/CC/PR Nº 3.424, DE 26 DE JUNHO DE 2025</p><p><strong>O SECRETÁRIO DE PLANEJAMENTO E GESTÃO DA AGÊNCIA BRASILEIRA DE INTELIGÊNCIA DA CASA CIVIL DA PRESIDÊNCIA DA REPÚBLICA</strong>, no exercício das competências que lhe foram atribuídas pelo art. 18 do Anexo I ao Decreto Nº 11.816, de 6 de dezembro de 2023, e tendo em vista a competência que lhe foi subdelegada pelo art. 2º, inciso I da Portaria CC/PR nº 690, de 20 de junho de 2023, publicada no Diário Oficial da União nº 116, de 21 de junho de 2023 e o art. 6º, VI, alínea "b", da Portaria GAB/DG/ABIN/CC/PR Nº 2.193, de 03 de julho de 2024, resolve:</p><p>Dispensar matrícula nº 910620 de exercer a função comissionada executiva de Superintendente, código FCE 1.13.</p><p class="assina">THIAGO CUNHA ARAÚJO</p>]]></Texto>
  </body>
  <Midias />
</article></xml>