﻿<xml><article id="44204211" name="Dispensa Designa MAINA FABIANNE" idOficio="11111088" pubName="DO2" artType="Ato" pubDate="01/07/2025" artClass="00070:00021:00000:00000:00000:00000:00000:00000:00000:00000:00001:00000" artCategory="Poder Judiciário/Tribunal Regional Eleitoral do Espírito Santo" artSize="12" artNotes="" numberPage="95" pdfPage="http://pesquisa.in.gov.br/imprensa/jsp/visualiza/index.jsp?data=01/07/2025&amp;jornal=529&amp;pagina=95" editionNumber="121" highlightType="" highlightPriority="" highlight="" highlightimage="" highlightimagename="" idMateria="22816367">
  <body>
    <Identifica><![CDATA[ ATO Nº 153, de 27 de junho de 2024]]></Identifica>
    <Data><![CDATA[]]></Data>
    <Ementa />
    <Titulo />
    <SubTitulo />
    <Texto><![CDATA[<p class="identifica">ATO Nº 153, de 27 de junho de 2024</p><p>O Presidente do Tribunal Regional Eleitoral do Espírito Santo, no uso de suas atribuições legais e consoante autos 0008128-97.2024.6.08.8000, resolve:</p><p>DISPENSAR a servidora efetiva FABIANNE DE SOUZA OLIVEIRA do exercício da Função Comissionada de Assistente VI - FC.6, com lotação no Gabinete de Membro 03 (Jurista 02), a partir de 01.07.2025; DISPENSAR a servidora efetiva MAÍNA DE OLIVEIRA FEU ROSA do exercício da Função Comissionada de Assistente III - FC.3, com lotação no Gabinete de Membro 03 (Jurista 02), a partir de 01.07.2025; DESIGNAR a servidora efetiva MAÍNA DE OLIVEIRA FEU ROSA para o exercício da Função Comissionada de Assistente VI - FC.6, com lotação no Gabinete de Membro 03 (Jurista 02), a partir de 01.07.2025; DESIGNAR a servidora efetiva FABIANNE DE SOUZA OLIVEIRA para o exercício da Função Comissionada de Assistente III - FC.3, com lotação no Gabinete de Membro 03 (Jurista 02), a partir de 01.07.2025.</p><p class="assina">Des. CARLOS SIMÕES FONSECA</p>]]></Texto>
  </body>
  <Midias />
</article></xml>