﻿<xml><article id="44204556" name="Port33-2025" idOficio="11111221" pubName="DO2" artType="Portaria" pubDate="01/07/2025" artClass="00016:00012:00009:00012:00000:00000:00000:00000:00000:00000:00017:00001" artCategory="Ministério da Defesa/Comando da Marinha/Comando-Geral do Corpo de Fuzileiros Navais/COMANDO-GERAL DO CORPO DE FUZILEIROS NAVAIS" artSize="12" artNotes="" numberPage="18" pdfPage="http://pesquisa.in.gov.br/imprensa/jsp/visualiza/index.jsp?data=01/07/2025&amp;jornal=529&amp;pagina=18" editionNumber="121" highlightType="" highlightPriority="" highlight="" highlightimage="" highlightimagename="" idMateria="22816575">
  <body>
    <Identifica><![CDATA[ PORTARIA N° 33/CGCFN, DE 27 DE JUNHO DE 2025]]></Identifica>
    <Data><![CDATA[]]></Data>
    <Ementa />
    <Titulo />
    <SubTitulo />
    <Texto><![CDATA[<p class="identifica">PORTARIA N° 33/CGCFN, DE 27 DE JUNHO DE 2025</p><p>O COMANDANTE-GERAL DO CORPO DE FUZILEIROS NAVAIS, no uso de suas atribuições e tendo em vista o previsto no inciso III, alínea b, § 1°, do art. 3°, da Lei n° 6.880/1980 e de acordo com o inciso 2.6.5, da DGPM-314 (6ª Revisão) - Normas sobre Tarefa por Tempo Certo e Designações para o Serviço A vo, resolve:</p><p>Art. 1º Renovar o período de prestação de Tarefa por Tempo Certo do Vice-Almirante (RM1-FN) 67.0028.11 CARLOS ALFREDO VICENTE LEITÃO, previsto na Portaria n° 119/2024, deste Comando-Geral, como Administrador do Projeto Estratégico de Assuntos de Veteranos do CFN, NEO 01.7, na área de Gestores de Programas e Projetos Estratégicos, até 31DEZ2025, sob o regime de quarenta horas de trabalho semanais.</p><p>Art. 2º Esta Portaria entra em vigor a par r de 01JUL2025.</p><p class="assina">Alte de Esq (FN) CARLOS CHAGAS VIANNA BRAGA</p>]]></Texto>
  </body>
  <Midias />
</article></xml>