﻿<xml><article id="44204790" name="Portaria 290 de 27.6.2025" idOficio="11111289" pubName="DO2" artType="Portaria" pubDate="01/07/2025" artClass="00070:00003:00005:00001:00000:00000:00000:00000:00000:00000:00017:00002" artCategory="Poder Judiciário/Tribunal Superior Eleitoral/Secretaria do Tribunal/Diretoria-Geral" artSize="12" artNotes="" numberPage="91" pdfPage="http://pesquisa.in.gov.br/imprensa/jsp/visualiza/index.jsp?data=01/07/2025&amp;jornal=529&amp;pagina=91" editionNumber="121" highlightType="" highlightPriority="" highlight="" highlightimage="" highlightimagename="" idMateria="22816603">
  <body>
    <Identifica><![CDATA[ PORTARIA Nº 290, DE 27 DE JUNHO DE 2025]]></Identifica>
    <Data><![CDATA[]]></Data>
    <Ementa />
    <Titulo />
    <SubTitulo />
    <Texto><![CDATA[<p class="identifica">PORTARIA Nº 290, DE 27 DE JUNHO DE 2025</p><p>O DIRETOR-GERAL DA SECRETARIA DO TRIBUNAL SUPERIOR ELEITORAL, no exercício das competências que lhe foram atribuídas pela Portaria TSE nº 654 de 24 agosto de 2023, e considerando o disposto no Procedimento SEI nº 2025.00.000003630-9, resolve:</p><p>Conceder aposentadoria a Solange Ambrozio de Assis, Analista Judiciária, Área Judiciária, Classe "C", Padrão 13, do Quadro de Pessoal da Secretaria deste Tribunal, cargo criado pela Lei nº 6.033, de 30 de outubro de 1974, nos termos do artigo do art. 20 da Emenda Constitucional nº 103, de 12 de novembro de 2019, combinado com o artigo 67 da Lei nº 8.112, de 11 de dezembro de 1990, com o artigo 15 da Lei nº 9.527, de 10 de dezembro de 1997, e com os artigos 12, 13 e 15, III, da Lei nº 11.416, de 15 de dezembro de 2006, alterada pelas Leis nº 13.317, de 20 de julho de 2016, e nº 14.523, de 9 de janeiro de 2023.</p><p class="assina">Miguel Ricardo de Oliveira Piazzi</p>]]></Texto>
  </body>
  <Midias />
</article></xml>