﻿<xml><article id="44203119" name="ATO-GDGSET.GP-363" idOficio="11110873" pubName="DO2" artType="Ato" pubDate="01/07/2025" artClass="00070:00005:00001:00000:00000:00000:00000:00000:00000:00000:00001:00007" artCategory="Poder Judiciário/Tribunal Superior do Trabalho/Presidência" artSize="12" artNotes="" numberPage="93" pdfPage="http://pesquisa.in.gov.br/imprensa/jsp/visualiza/index.jsp?data=01/07/2025&amp;jornal=529&amp;pagina=93" editionNumber="121" highlightType="" highlightPriority="" highlight="" highlightimage="" highlightimagename="" idMateria="22816120">
  <body>
    <Identifica><![CDATA[ ATO Nº 363, DE 27 DE JUNHO DE 2025]]></Identifica>
    <Data><![CDATA[]]></Data>
    <Ementa />
    <Titulo />
    <SubTitulo />
    <Texto><![CDATA[<p class="identifica">ATO Nº 363, DE 27 DE JUNHO DE 2025</p><p>O PRESIDENTE DO TRIBUNAL SUPERIOR DO TRABALHO, no uso de suas atribuições legais e regimentais, resolve:</p><p>Designar o servidor ALEXANDRE GELIN DOMENICO, código 57282, Técnico Judiciário, Área Administrativa, para substituir o titular do cargo em comissão de Coordenador de Policiamento, Nível CJ-2, no período de 7 a 11 de julho de 2025.</p><p class="assina">Min. ALOYSIO SILVA CORRÊA DA VEIGA</p>]]></Texto>
  </body>
  <Midias />
</article></xml>