﻿<xml><article id="44201109" name="114___Portaria_de_27_6_2025" idOficio="11110399" pubName="DO2" artType="Portaria" pubDate="01/07/2025" artClass="00025:00148:00000:00000:00000:00000:00000:00000:00000:00000:00017:00000" artCategory="Ministério da Educação/Fundação Universidade Federal de Mato Grosso" artSize="12" artNotes="" numberPage="49" pdfPage="http://pesquisa.in.gov.br/imprensa/jsp/visualiza/index.jsp?data=01/07/2025&amp;jornal=529&amp;pagina=49" editionNumber="121" highlightType="" highlightPriority="" highlight="" highlightimage="" highlightimagename="" idMateria="22815511">
  <body>
    <Identifica><![CDATA[ PORTARIAS DE 27 DE JUNHO DE 2025]]></Identifica>
    <Data><![CDATA[]]></Data>
    <Ementa />
    <Titulo />
    <SubTitulo />
    <Texto><![CDATA[<p class="identifica">PORTARIAS DE 27 DE JUNHO DE 2025</p><p>A Reitora da Universidade Federal de Mato Grosso, no uso de suas atribuições legais, resolve:</p><p>Nº 443 - Autorizar o afastamento do país da servidora AMINI HADDAD CAMPOS, matrícula SIAPE nº 2243778, no período de 1º/7 a 5/7/2025, para participar do XIII Fórum de Lisboa e Seminário no Pós-doutorado Fontes, investigação e história dos Direitos Humanos na Universidad de Salamanca (USAL), na Universidade de Lisboa e Universidad de Salamanca, nas cidades de Lisboa-Portugal e Salamanca-Espanha, com ônus limitado para a UFMT. (Processo nº 23108.053578/2025-22).</p><p>Nº 444 - Declarar vago, por posse em outro cargo inacumulável, o cargo de Assistente em Administração, Classe D, Padrão 017, da carreira de Técnico Administrativo desta Universidade, ocupado pelo(a) servidor(a) DANIELE ALVES DA CRUZ, matrícula SIAPE nº 1694847, lotado(a) no(a) Departamento de Alimento e Nutrição - Faculdade de Alimentos e Nutrição, campus de Cuiabá. Esta Portaria conta seus efeitos a partir de 30 de junho de 2025. (Processo nº 23108.050252/2025-43).</p><p class="assina">MARLUCE APARECIDA SOUZA E SILVA</p>]]></Texto>
  </body>
  <Midias />
</article></xml>