﻿<xml><article id="44202225" name="PORTARIA NA 2408 - 2410 de 27.06" idOficio="11110692" pubName="DO2" artType="Portaria" pubDate="01/07/2025" artClass="00025:00117:00005:00000:00000:00000:00000:00000:00000:00000:00017:00000" artCategory="Ministério da Educação/Universidade Federal de Pernambuco/Pró-Reitoria de Gestão de Pessoas e Qualidade de Vida" artSize="12" artNotes="" numberPage="41" pdfPage="http://pesquisa.in.gov.br/imprensa/jsp/visualiza/index.jsp?data=01/07/2025&amp;jornal=529&amp;pagina=41" editionNumber="121" highlightType="" highlightPriority="" highlight="" highlightimage="" highlightimagename="" idMateria="22815861">
  <body>
    <Identifica><![CDATA[ PORTARIAS DE 27 DE JUNHO DE 2025]]></Identifica>
    <Data><![CDATA[]]></Data>
    <Ementa />
    <Titulo />
    <SubTitulo />
    <Texto><![CDATA[<p class="identifica">PORTARIAS DE 27 DE JUNHO DE 2025</p><p>A PRÓ-REITORA DE GESTÃO DE PESSOAS E QUALIDADE DE VIDA, DA UNIVERSIDADE FEDERAL DE PERNAMBUCO, no uso das atribuições legais e estatutárias, resolve:</p><p>Nº 2.408 - Dispensar, a partir de 01/07/2025, ANA BEATRIZ GOMES DE SOUZA SANTOS, Matrícula SIAPE n° 2241243, Técnico em Segurança do Trabalho, em regime de trabalho de 40 horas semanais, lotado(a) no(a) Divisão de Saúde e Segurança do Trabalho, do Núcleo de Atenção à Saúde do Servidor, da Diretoria de Qualidade de Vida, da Pró-Reitoria de Gestão de Pessoas e Qualidade de Vida, da função de Chefe da Divisão de Saúde e Segurança do Trabalho, do Núcleo de Atenção à Saúde do Servidor, da Diretoria de Qualidade de Vida, da Pró-Reitoria de Gestão de Pessoas e Qualidade de Vida, Código FG03, para a(o) qual havia sido designado(a) através da Portaria de Pessoal nº 3892/2022, de 30/08/2022. (Processo n° 23076. 053653/2025-19).</p><p>Nº 2.410 - Designar, a partir de 01/07/2025, BRUNO GOMES DE ALMEIDA, Matrícula SIAPE n° 2058588, Técnico em Segurança do Trabalho, em regime de trabalho de 40 horas semanais, lotado(a) no(a) Divisão de Saúde e Segurança do Trabalho, do Núcleo de Atenção à Saúde do Servidor, da Diretoria de Qualidade de Vida, da Pró-Reitoria de Gestão de Pessoas e Qualidade de Vida, para exercer a função de Chefe da Divisão de Saúde e Segurança do Trabalho, do Núcleo de Atenção à Saúde do Servidor, da Diretoria de Qualidade de Vida, da Pró-Reitoria de Gestão de Pessoas e Qualidade de Vida, Código FG-03. (Processo n° 23076. 053653/2025-19).</p><p class="assina">BRUNNA CARVALHO ALMEIDA GRANJA</p>]]></Texto>
  </body>
  <Midias />
</article></xml>