﻿<xml><article id="44204592" name="trt9a130-2025-PRT COINF 142" idOficio="11111248" pubName="DO2" artType="Portaria" pubDate="01/07/2025" artClass="00070:00050:00001:00001:00017:00000:00000:00000:00000:00000:00017:00000" artCategory="Poder Judiciário/Tribunal Regional do Trabalho da 9ª Região/Tribunal Pleno/Presidência/Coordenadoria de Informações Funcionais" artSize="12" artNotes="" numberPage="101" pdfPage="http://pesquisa.in.gov.br/imprensa/jsp/visualiza/index.jsp?data=01/07/2025&amp;jornal=529&amp;pagina=101" editionNumber="121" highlightType="" highlightPriority="" highlight="" highlightimage="" highlightimagename="" idMateria="22816582">
  <body>
    <Identifica><![CDATA[ PORTARIA COINF Nº 142, DE 30 DE JUNHO DE 2025]]></Identifica>
    <Data><![CDATA[]]></Data>
    <Ementa />
    <Titulo />
    <SubTitulo />
    <Texto><![CDATA[<p class="identifica">PORTARIA COINF Nº 142, DE 30 DE JUNHO DE 2025</p><p>A COORDENADORA DE INFORMAÇÕES FUNCIONAIS DO TRIBUNAL REGIONAL DO TRABALHO DA 9ª REGIÃO, usando de suas atribuições legais, e diante da delegação de competência decorrente do art. 4º, III e IV, da Portaria Presidência nº 22/2022, resolve:</p><p>I - designar ANA CRISTINA FUGOU, Analista Judiciário Área Judiciária, classe C, padrão 13, para EXERCER o Cargo em Comissão de Assessor Assistente Da Presidência - I (c-11484), código TRT 9ª CJ-1, da Presidência, a partir da data de publicação (Correio Eletrônico nº 6/2025).</p><p class="assina">ROSSANA SANTOS CARVALHO</p>]]></Texto>
  </body>
  <Midias />
</article></xml>