﻿<xml><article id="44200178" name="DOU_SP_1072025" idOficio="11110230" pubName="DO2" artType="Portaria" pubDate="01/07/2025" artClass="00069:00001:00002:00008:00001:00002:00000:00000:00000:00000:00017:00000" artCategory="Poder Legislativo/Câmara dos Deputados/Diretoria-Geral/Diretoria de Recursos Humanos/Departamento de Pessoal/Coordenação de Registro Parlamentar e Cadastro Funcional" artSize="12" artNotes="" numberPage="89" pdfPage="http://pesquisa.in.gov.br/imprensa/jsp/visualiza/index.jsp?data=01/07/2025&amp;jornal=529&amp;pagina=89" editionNumber="121" highlightType="" highlightPriority="" highlight="" highlightimage="" highlightimagename="" idMateria="22815313">
  <body>
    <Identifica><![CDATA[ Portarias de  27 de junho de 2025]]></Identifica>
    <Data><![CDATA[]]></Data>
    <Ementa />
    <Titulo />
    <SubTitulo />
    <Texto><![CDATA[<p class="identifica">Portarias de 27 de junho de 2025</p><p>O Diretor da Coordenação de Secretariado Parlamentar, no uso das atribuições que lhe foram delegadas pelo artigo 1º da Portaria n.º 53, de 2002, do Senhor Diretor Administrativo, resolve:</p><p>Nº 4.626 - Exonerar, de acordo com o artigo 35 da Lei n.º 8.112, de 11 de dezembro de 1990, a partir de 27 de junho de 2025, JESUITO BARBOSA CRUZ, ponto n.º 243305, do cargo em comissão de Secretário Parlamentar, SP13, do Quadro de Pessoal da Câmara dos Deputados, que exerce no gabinete do(a) Deputado(a) AIRTON LUIZ FALEIRO.</p><p>Nº 4.627 - Exonerar, de acordo com o artigo 35 da Lei n.º 8.112, de 11 de dezembro de 1990, a partir de 27 de junho de 2025, MATHEUS ANTONIO ENEI FRANCATTO, ponto n.º 274241, do cargo em comissão de Secretário Parlamentar, SP08, do Quadro de Pessoal da Câmara dos Deputados, que exerce no gabinete do(a) Deputado(a) MAURICIO NEVES.</p><p>Nº 4.628 - Exonerar, de acordo com o artigo 35 da Lei n.º 8.112, de 11 de dezembro de 1990, a partir de 27 de junho de 2025, ZELIA VERONEZI LOUREDO, ponto n.º 277686, do cargo em comissão de Secretário Parlamentar, SP04, do Quadro de Pessoal da Câmara dos Deputados, que exerce no gabinete do(a) Deputado(a) MAX LEMOS.</p><p>Nº 4.629 - Exonerar, de acordo com o artigo 35 da Lei n.º 8.112, de 11 de dezembro de 1990, a partir de 27 de junho de 2025, PÂMELA FONSECA RIBAS GIUNTA, ponto n.º 281212, do cargo em comissão de Secretário Parlamentar, SP03, do Quadro de Pessoal da Câmara dos Deputados, que exerce no gabinete do(a) Deputado(a) LUISA CANZIANI.</p><p>Nº 4.630 - Exonerar, de acordo com o artigo 35 da Lei n.º 8.112, de 11 de dezembro de 1990, a partir de 27 de junho de 2025, CELMO ETIENE DA SILVA PEIXOTO JÚNIOR, ponto n.º 281854, do cargo em comissão de Secretário Parlamentar, SP03, do Quadro de Pessoal da Câmara dos Deputados, que exerce no gabinete do(a) Deputado(a) DELEGADO MARCELO FREITAS.</p><p>Nº 4.631 - Nomear, na forma do artigo 9º, inciso II, da Lei nº 8.112, de 11 de dezembro de 1990, ALESSANDRA GONÇALVES FARIA VARGAS para exercer, no gabinete do(a) Deputado(a) JILMAR TATTO, o cargo em comissão de Secretário Parlamentar, SP10, do Quadro de Pessoal da Câmara dos Deputados.</p><p>Nº 4.632 - Nomear, na forma do artigo 9º, inciso II, da Lei nº 8.112, de 11 de dezembro de 1990, BHENDA SILVEIRA BEZERRA para exercer, no gabinete do(a) Deputado(a) GABRIEL MOTA E SILVA, o cargo em comissão de Secretário Parlamentar, SP03, do Quadro de Pessoal da Câmara dos Deputados.</p><p>Nº 4.633 - Nomear, na forma do artigo 9º, inciso II, da Lei nº 8.112, de 11 de dezembro de 1990, CHRISTIANNE BATISTA MARTINS SOARES para exercer, no gabinete do(a) Deputado(a) ANA PAULA LEÃO, o cargo em comissão de Secretário Parlamentar, SP09, do Quadro de Pessoal da Câmara dos Deputados.</p><p>Nº 4.634 - Nomear, na forma do artigo 9º, inciso II, da Lei nº 8.112, de 11 de dezembro de 1990, CINDY ARAÚJO OLIVEIRA MOTA para exercer, no gabinete do(a) Deputado(a) JOSIVALDO JP, o cargo em comissão de Secretário Parlamentar, SP04, do Quadro de Pessoal da Câmara dos Deputados.</p><p>Nº 4.635 - Nomear, na forma do artigo 9º, inciso II, da Lei nº 8.112, de 11 de dezembro de 1990, CLAUDIO CELSO LEITE PEREIRA para exercer, no gabinete do(a) Deputado(a) ALENCAR SANTANA BRAGA, o cargo em comissão de Secretário Parlamentar, SP18, do Quadro de Pessoal da Câmara dos Deputados.</p><p>Nº 4.636 - Nomear, na forma do artigo 9º, inciso II, da Lei nº 8.112, de 11 de dezembro de 1990, DYEGO DA SILVA FRANCO para exercer, no gabinete do(a) Deputado(a) DUDA RAMOS, o cargo em comissão de Secretário Parlamentar, SP11, do Quadro de Pessoal da Câmara dos Deputados.</p><p>Nº 4.637 - Nomear, na forma do artigo 9º, inciso II, da Lei nº 8.112, de 11 de dezembro de 1990, ELISETH DO ROSÁRIO ALVES DE OLIVEIRA para exercer, no gabinete do(a) Deputado(a) ZÉ VITOR, o cargo em comissão de Secretário Parlamentar, SP08, do Quadro de Pessoal da Câmara dos Deputados.</p><p>Nº 4.638 - Nomear, na forma do artigo 9º, inciso II, da Lei nº 8.112, de 11 de dezembro de 1990, EZEQUIEL SOARES DA SILVA para exercer, no gabinete do(a) Deputado(a) CRISTIANE LOPES, o cargo em comissão de Secretário Parlamentar, SP10, do Quadro de Pessoal da Câmara dos Deputados.</p><p>Nº 4.639 - Nomear, na forma do artigo 9º, inciso II, da Lei nº 8.112, de 11 de dezembro de 1990, LARISSA STEFANNY MARTINS ARAUJO para exercer, no gabinete do(a) Deputado(a) ANDRÉ JANONES, o cargo em comissão de Secretário Parlamentar, SP25, do Quadro de Pessoal da Câmara dos Deputados.</p><p>Nº 4.640 - Nomear, na forma do artigo 9º, inciso II, da Lei nº 8.112, de 11 de dezembro de 1990, LUIZ CARLOS PINTO EVERTON para exercer, no gabinete do(a) Deputado(a) MÁRCIO JERRY, o cargo em comissão de Secretário Parlamentar, SP02, do Quadro de Pessoal da Câmara dos Deputados.</p><p class="assina">Carlos Augusto Lima de Azevêdo</p>]]></Texto>
  </body>
  <Midias />
</article></xml>