﻿<xml><article id="44200959" name="RETIFICACAO - 1325" idOficio="11110289" pubName="DO2" artType="Retificação" pubDate="01/07/2025" artClass="00028:00002:00000:00000:00000:00000:00000:00000:00000:00000:00024:00000" artCategory="Ministério da Fazenda/Secretaria Executiva" artSize="12" artNotes="" numberPage="54" pdfPage="http://pesquisa.in.gov.br/imprensa/jsp/visualiza/index.jsp?data=01/07/2025&amp;jornal=529&amp;pagina=54" editionNumber="121" highlightType="" highlightPriority="" highlight="" highlightimage="" highlightimagename="" idMateria="22815395">
  <body>
    <Identifica><![CDATA[ RETIFICAÇÃO]]></Identifica>
    <Data><![CDATA[]]></Data>
    <Ementa />
    <Titulo />
    <SubTitulo />
    <Texto><![CDATA[<p class="identifica">RETIFICAÇÃO</p><p>Na Portaria de Pessoal SE/MF n° 1.325, DE 17 DE JUNHO DE 2025, publicada no Diário Oficial da União de 23 de junho de 2025, Seção 2, pág. 41, onde se lê: "...Coordenador de Gestão de Espaços Físicos, código CCE 1.10,", leia-se: "...Coordenador de Gestão de Espaços Físicos, código FCE 1.10,".</p>]]></Texto>
  </body>
  <Midias />
</article></xml>