﻿<xml><article id="44200487" name="PORTARIA NA 2361 - 25.06.2025 - " idOficio="11105533" pubName="DO2" artType="Portaria" pubDate="01/07/2025" artClass="00025:00117:00000:00000:00000:00000:00000:00000:00000:00000:00013:00001" artCategory="Ministério da Educação/Universidade Federal de Pernambuco" artSize="12" artNotes="" numberPage="41" pdfPage="http://pesquisa.in.gov.br/imprensa/jsp/visualiza/index.jsp?data=01/07/2025&amp;jornal=529&amp;pagina=41" editionNumber="121" highlightType="" highlightPriority="" highlight="" highlightimage="" highlightimagename="" idMateria="22808389">
  <body>
    <Identifica><![CDATA[ PORTARIA Nº 2.361, DE 25 DE JUNHO DE 2025]]></Identifica>
    <Data><![CDATA[]]></Data>
    <Ementa />
    <Titulo />
    <SubTitulo />
    <Texto><![CDATA[<p class="identifica">PORTARIA Nº 2.361, DE 25 DE JUNHO DE 2025</p><p>O REITOR DA UNIVERSIDADE FEDERAL DE PERNAMBUCO, no uso de suas atribuições conferidas pelo Decreto, de 10/10/2023, publicado no D.O.U. de 11/10/2023 e tendo em vista o que consta no processo nº 23076.131766/2022-48, resolve:</p><p>Conceder Aposentadoria Voluntária a KATIA CARLOS DA SILVA, Matrícula SIAPE nº 1132655, ocupante do cargo de Secretário Executivo, Nível de Classificação "E", Padrão 19, do Quadro de Pessoal desta Universidade, com fundamento no artigo 3º, da Emenda Constitucional n.º 47/2005, com redação dada pelo Art. 3º da Emenda Constitucional nº 103/2019 e artigo 2º, da Lei nº 9624/1998, com os proventos integrais do cargo, acrescidos de 02/10 (dois décimos) de Função Gratificada, Código FG-06 e 08/10 (oito décimos) de Função Gratificada, Código FG-04.</p><p class="assina">ALFREDO MACEDO GOMES</p>]]></Texto>
  </body>
  <Midias />
</article></xml>