﻿<xml><article id="44201595" name="PORTARIA N 776_22815620" idOficio="11110528" pubName="DO2" artType="Portaria" pubDate="01/07/2025" artClass="00033:00002:00000:00000:00000:00000:00000:00000:00000:00000:00017:00005" artCategory="Ministério da Justiça e Segurança Pública/Secretaria Executiva" artSize="12" artNotes="" numberPage="66" pdfPage="http://pesquisa.in.gov.br/imprensa/jsp/visualiza/index.jsp?data=01/07/2025&amp;jornal=529&amp;pagina=66" editionNumber="121" highlightType="" highlightPriority="" highlight="" highlightimage="" highlightimagename="" idMateria="22815620">
  <body>
    <Identifica><![CDATA[ PORTARIA DE PESSOAL SE/MJSP N° 776, DE 27 DE JUNHO DE 2025]]></Identifica>
    <Data><![CDATA[]]></Data>
    <Ementa />
    <Titulo />
    <SubTitulo />
    <Texto><![CDATA[<p class="identifica">PORTARIA DE PESSOAL SE/MJSP N° 776, DE 27 DE JUNHO DE 2025</p><p>O SECRETÁRIO-EXECUTIVO DO MINISTÉRIO DA JUSTIÇA E SEGURANÇA PÚBLICA, no uso da competência que lhe foi subdelegada pela Portaria MJSP nº 665, de 24 de junho de 2024, e tendo em vista o disposto no Decreto nº 1.387, de 7 de fevereiro de 1995, resolve:</p><p>Alterar a Portaria de Pessoal SE/MJSP nº 325, de 21 de março de 2025, publicada no Diário Oficial da União nº 59, de 27 de março de 2025, Seção 2, página 44, referente ao afastamento do País da Escrivã de Polícia Federal LOISSE RODRIGUES DE SOUZA, para fazer constar que a viagem ocorreu no período de 11 a 16 de maio de 2025, inclusive trânsito, mantidas as demais condições (Processo nº 08200.005624/2025-35).</p><p class="assina">MANOEL CARLOS DE ALMEIDA NETO</p>]]></Texto>
  </body>
  <Midias />
</article></xml>