﻿<xml><article id="44204874" name="Portaria de Pessoal SEGES-MGI NA" idOficio="11111281" pubName="DO2" artType="Portaria" pubDate="01/07/2025" artClass="00029:00033:00000:00000:00000:00000:00000:00000:00000:00000:00017:00000" artCategory="Ministério da Gestão e da Inovação em Serviços Públicos/Secretaria de Gestão e Inovação" artSize="12" artNotes="" numberPage="56" pdfPage="http://pesquisa.in.gov.br/imprensa/jsp/visualiza/index.jsp?data=01/07/2025&amp;jornal=529&amp;pagina=56" editionNumber="121" highlightType="" highlightPriority="" highlight="" highlightimage="" highlightimagename="" idMateria="22816624">
  <body>
    <Identifica><![CDATA[ Portaria de Pessoal SEGES/MGI Nº 6.371, DE 30 DE JUNHO DE 2025]]></Identifica>
    <Data><![CDATA[]]></Data>
    <Ementa />
    <Titulo />
    <SubTitulo />
    <Texto><![CDATA[<p class="identifica">Portaria de Pessoal SEGES/MGI Nº 6.371, DE 30 DE JUNHO DE 2025</p><p>O SECRETÁRIO DE GESTÃO E INOVAÇÃO DO MINISTÉRIO DA GESTÃO E DA INOVAÇÃO EM SERVIÇOS PÚBLICOS, no uso de suas atribuições e considerando a delegação de competência contida na Portaria MGI nº 572, de 08 de março de 2023, publicada no Diário Oficial da União de 09 de março de 2023, bem como o disposto no processo SEI nº 19973.010481/2025-59, resolve:</p><p>Art. 1º Designar MARIZAURA REIS DE SOUZA CAMÕES, Especialista em Políticas Públicas e Gestão Governamental, matrícula Siape nº 1341192, e CARLOS EDUARDO PENANTE D´AVILA UCHÔA, Especialista em Políticas Públicas e Gestão Governamental, matrícula Siape nº 2696186, para nesta ordem, sucessivamente, exercerem o encargo de substitutos eventuais da Função Comissionada Executiva de Diretor, código FCE 1.15, da Diretoria de Inovação Governamental, da Secretaria de Gestão e Inovação deste Ministério, ficando revogada a Portaria de Pessoal SEGES/MGI Nº 5.259, de 29 de maio de 2025, publicada no Diário Oficial da União de 30 de maio de 2025.</p><p>Art. 2º Esta Portaria entra em vigor na data da sua publicação.</p><p class="assina">ROBERTO POJO</p>]]></Texto>
  </body>
  <Midias />
</article></xml>