﻿<xml><article id="44199911" name="PT478DIAT_01-07" idOficio="11109438" pubName="DO2" artType="Portaria" pubDate="01/07/2025" artClass="00044:00017:00081:00275:00005:00000:00000:00000:00000:00000:00017:00478" artCategory="Ministério da Previdência Social/Instituto Nacional do Seguro Social/Diretoria de Gestão de Pessoas/Coordenação-Geral de Centralização do Regime Próprio de Previdência Social da União/Divisão de Atendimento do RPPU" artSize="12" artNotes="" numberPage="74" pdfPage="http://pesquisa.in.gov.br/imprensa/jsp/visualiza/index.jsp?data=01/07/2025&amp;jornal=529&amp;pagina=74" editionNumber="121" highlightType="" highlightPriority="" highlight="" highlightimage="" highlightimagename="" idMateria="22814215">
  <body>
    <Identifica><![CDATA[ PORTARIA DIAT-RPPU/INSS Nº 478, DE 26 DE JUNHO DE 2025]]></Identifica>
    <Data><![CDATA[]]></Data>
    <Ementa />
    <Titulo />
    <SubTitulo />
    <Texto><![CDATA[<p class="identifica">PORTARIA DIAT-RPPU/INSS Nº 478, DE 26 DE JUNHO DE 2025</p><p>A CHEFE DA DIVISÃO DE ATENDIMENTO DO REGIME PRÓPRIO DE PREVIDÊNCIA DA UNIÃO, da Coordenação-Geral de Centralização do RPPU, da Diretoria de Gestão de Pessoas do INSS, no uso das atribuições e a delegação de competência estabelecida pela PORTARIA DGP/INSS Nº 05 de 18/04/2022, publicada em BSE de 19/04/2022 e na PORTARIA MPS Nº 3085 de 24/09/2024 publicada em DOU nº 189 de 30/09/2024, resolve:</p><p>Conceder aposentadoria por incapacidade permanente para o trabalho ao servidor HERTZ WARD DE OLIVEIRA NETO, matrícula SIAPE 2425012, ocupante do cargo Assistente em Administração, classe "D", padrão 305, do quadro de pessoal permanente da Universidade Federal do Tocantins, com fundamento no artigo 10º, §1º, inciso II da Emenda Constitucional nº 103/2019, com proventos calculados com base no ART. 26, §2º, média aritmética, na forma da lei. Observado o contido no processo SEI nº 35014.092363/2025-55 e Protocolo de Requerimento GET 1941396570 do MEU INSS, declarando, em consequência, o referido cargo vago.</p><p>Esta Portaria entra em vigor na data de sua publicação.</p><p class="assina">MIRIAN NATSUMI ETO</p>]]></Texto>
  </body>
  <Midias />
</article></xml>