﻿<xml><article id="44200190" name="ATO Portaria SGP NA 113" idOficio="11106586" pubName="DO2" artType="Portaria" pubDate="01/07/2025" artClass="00070:00001:00008:00005:00000:00000:00000:00000:00000:00000:00017:00113" artCategory="Poder Judiciário/Supremo Tribunal Federal/Secretaria do Tribunal/Secretaria de Gestão de Pessoas" artSize="12" artNotes="" numberPage="91" pdfPage="http://pesquisa.in.gov.br/imprensa/jsp/visualiza/index.jsp?data=01/07/2025&amp;jornal=529&amp;pagina=91" editionNumber="121" highlightType="" highlightPriority="" highlight="" highlightimage="" highlightimagename="" idMateria="22810088">
  <body>
    <Identifica><![CDATA[ Portaria SGP Nº 113, DE 25 DE junho DE 2025]]></Identifica>
    <Data><![CDATA[]]></Data>
    <Ementa />
    <Titulo />
    <SubTitulo />
    <Texto><![CDATA[<p class="identifica">Portaria SGP Nº 113, DE 25 DE junho DE 2025</p><p>A SECRETÁRIA DE GESTÃO DE PESSOAS DO SUPREMO TRIBUNAL FEDERAL, no uso das atribuições conferidas pelo Regulamento da Secretaria do Supremo Tribunal Federal e tendo em vista os arts. 9º, II, e 35, I, da Lei nº 8.112, de 11 de dezembro de 1990, resolve:</p><p>Designar CHRISTINA AMARAL MARTINS, Analista Judiciário, área Judiciária, para exercer a função comissionada de Assistente III, nível FC-3, no Gabinete do Ministro Luiz Fux, ficando dispensada da que atualmente ocupa.</p><p class="assina">ANDREIA SILVA REGO</p>]]></Texto>
  </body>
  <Midias />
</article></xml>