﻿<xml><article id="44204367" name="PortariasPublicacaoDOU_202506301" idOficio="11111151" pubName="DO2" artType="Portaria" pubDate="01/07/2025" artClass="00025:00090:00000:00000:00000:00000:00000:00000:00000:00000:00017:00001" artCategory="Ministério da Educação/Instituto Federal de Educação, Ciência e Tecnologia do Triângulo Mineiro" artSize="12" artNotes="" numberPage="33" pdfPage="http://pesquisa.in.gov.br/imprensa/jsp/visualiza/index.jsp?data=01/07/2025&amp;jornal=529&amp;pagina=33" editionNumber="121" highlightType="" highlightPriority="" highlight="" highlightimage="" highlightimagename="" idMateria="22816481">
  <body>
    <Identifica><![CDATA[﻿ PORTARIA Nº 1.059, DE 26 DE JUNHO DE 2025]]></Identifica>
    <Data><![CDATA[]]></Data>
    <Ementa />
    <Titulo />
    <SubTitulo />
    <Texto><![CDATA[<p class="identifica">﻿ PORTARIA Nº 1.059, DE 26 DE JUNHO DE 2025</p><p>O Reitor do Instituto Federal de Educação, Ciência e Tecnologia do Triângulo Mineiro, no uso de suas atribuições legais, conferidas pelo Decreto Presidencial de 21/12/2023, publicado no DOU de 22/12/2023, Seção 2, Página 1, e Lei nº 11.892 de 29/12/2008, publicada no DOU de 30/12/2008, resolve:</p><p>I - Tornar sem efeito a PORTARIA / REI / Nº 822 DE 20/05/2025 - REITORIA</p><p>II - Esta Portaria entra em vigor nesta data.</p><p class="assina">MARCELO PONCIANO DA SILVA</p>]]></Texto>
  </body>
  <Midias />
</article></xml>