﻿<xml><article id="44203449" name="Portaria_SG_NA_623-_PGJ-SG19.04." idOficio="11110954" pubName="DO2" artType="Portaria" pubDate="01/07/2025" artClass="00066:00007:00002:00012:00000:00000:00000:00000:00000:00000:00017:00000" artCategory="Ministério Público da União/Ministério Público do Distrito Federal e Territórios/Procuradoria-Geral de Justiça/Secretaria-Geral" artSize="12" artNotes="" numberPage="84" pdfPage="http://pesquisa.in.gov.br/imprensa/jsp/visualiza/index.jsp?data=01/07/2025&amp;jornal=529&amp;pagina=84" editionNumber="121" highlightType="" highlightPriority="" highlight="" highlightimage="" highlightimagename="" idMateria="22816195">
  <body>
    <Identifica><![CDATA[ PORTARIA Nº 623, DE 27 DE JUNHO DE 2025]]></Identifica>
    <Data><![CDATA[]]></Data>
    <Ementa />
    <Titulo />
    <SubTitulo />
    <Texto><![CDATA[<p class="identifica">PORTARIA Nº 623, DE 27 DE JUNHO DE 2025</p><p>A SECRETÁRIA-GERAL ADJUNTA DO MINISTÉRIO PÚBLICO DO DISTRITO FEDERAL E TERRITÓRIOS, no uso da competência que lhe foi conferida pelo Regimento Interno, considerando a delegação dada por meio da Portaria nº 1.426/PGJ, de 14/12/2018, e considerando o teor do processo SEI nº 19.04.3465.0078669/2025-10, resolve:</p><p>Designar, de 19/07 a 08/08/2025, a servidora QUÉZIA QUÉREM LOUZEIRO MAGALHÃES, matrícula 4630-2, Analista do MPU/Direito da carreira do Ministério Público da União, para substituir, nos impedimentos legais, eventuais e temporários, o cargo em comissão de Assessor Chefe de Gabinete de Promotoria I da 1ª Promotoria de Justiça do Tribunal do Júri da Coordenadoria das Promotorias de Justiça da Ceilândia, código CC-01 (72001085).</p><p class="assina">CLAUDIA MARIA RAMOS</p>]]></Texto>
  </body>
  <Midias />
</article></xml>