﻿<xml><article id="44199962" name="portarias_para_DOU (18)" idOficio="11110052" pubName="DO2" artType="Retificação" pubDate="01/07/2025" artClass="00025:00114:00013:00000:00000:00000:00000:00000:00000:00000:00024:00000" artCategory="Ministério da Educação/Universidade Federal do Pará/Pró-Reitoria de Desenvolvimento e Gestão de Pessoal" artSize="12" artNotes="" numberPage="38" pdfPage="http://pesquisa.in.gov.br/imprensa/jsp/visualiza/index.jsp?data=01/07/2025&amp;jornal=529&amp;pagina=38" editionNumber="121" highlightType="" highlightPriority="" highlight="" highlightimage="" highlightimagename="" idMateria="22815152">
  <body>
    <Identifica><![CDATA[ PORTARIA Nº 3.962, de 27 DE JUNHO DE 2025]]></Identifica>
    <Data><![CDATA[]]></Data>
    <Ementa />
    <Titulo />
    <SubTitulo />
    <Texto><![CDATA[<p class="identifica">PORTARIA Nº 3.962, de 27 DE JUNHO DE 2025</p><p>O REITOR DA UNIVERSIDADE FEDERAL DO PARÁ, no uso de suas atribuições legais e estatutárias, resolve:</p><p>I - Retificar a portaria nº 1066/2022, de 22 de março de 2022, desta Vice - Reitoria que concedeu ao (a) Professor (a) do Magistério Superior CARLOS AUGUSTO DE CASTRO BASTOS, matrícula 2467398, do Quadro de Pessoal desta Universidade, lotado no Campus Universitário de Ananindeua, PROGRESSÃO FUNCIONAL POR DESEMPENHO ACADÊMICO, do Nível 1 para o Nível 2 da Classe C, denominação Adjunto, a partir de 13 de outubro de 2021, referente ao interstício de 22.08.2019 a 13.10.2021, de acordo com a Lei nº 12.772/2012 e Resolução nº 4.664/2015 - CONSEPE e Nota Técnica nº 2.556/2018-MP, para declarar que a vigência é a partir de 25 de abril de 2018, referente ao interstício de 25.04.2016 a 24.10.2018, de acordo com o Parecer nº 00002/2024/CFEEDU/SUBCONSUN/PGFAGU, e não como constou na referida portaria; II - Tornar sem efeito a Portaria Nº 486/2025.</p><p class="assina">Loiane da Ponte Souza Prado Verbicaro</p><p class="cargo">Vice-Reitora</p><p class="cargo">No Exercício da Reitoria</p>]]></Texto>
  </body>
  <Midias />
</article></xml>