﻿<xml><article id="44200145" name="ATO GP 336 _2025_Processo 600942" idOficio="11102938" pubName="DO2" artType="Ato" pubDate="01/07/2025" artClass="00070:00005:00001:00000:00000:00000:00000:00000:00000:00000:00001:00005" artCategory="Poder Judiciário/Tribunal Superior do Trabalho/Presidência" artSize="12" artNotes="" numberPage="92" pdfPage="http://pesquisa.in.gov.br/imprensa/jsp/visualiza/index.jsp?data=01/07/2025&amp;jornal=529&amp;pagina=92" editionNumber="121" highlightType="" highlightPriority="" highlight="" highlightimage="" highlightimagename="" idMateria="22804831">
  <body>
    <Identifica><![CDATA[ ATO Nº 336, DE 18 DE JUNHO DE 2025]]></Identifica>
    <Data><![CDATA[]]></Data>
    <Ementa />
    <Titulo />
    <SubTitulo />
    <Texto><![CDATA[<p class="identifica">ATO Nº 336, DE 18 DE JUNHO DE 2025</p><p>O VICE-PRESIDENTE NO EXERCÍCIO DA PRESIDÊNCIA DO TRIBUNAL SUPERIOR DO TRABALHO, no uso de suas atribuições legais e regimentais, e tendo em vista o constante dos autos do Processo Administrativo TST nº 6009422/2025-00, resolve:</p><p>Redistribuir, a contar de 1º/7/2025, o cargo da Carreira Judiciária de Técnico Judiciário, Área Administrativa, ocupado pelo servidor FULVIO STEFANO PIRES E SILVA, do Quadro de Pessoal da Secretaria deste Tribunal, para o Quadro de Pessoal do Tribunal Regional do Trabalho da 12ª Região, em reciprocidade com o cargo de Técnico Judiciário, Área Administrativa, Especialidade Apoio de Serviços Diversos, ocupado pela servidora SOLANGE MARIA BRANT, do Quadro de Pessoal daquele Tribunal Regional, de acordo com o disposto na Resolução nº 146 do Conselho Nacional de Justiça, de 6/3/2012.</p><p class="assina">Min. MAURICIO JOSÉ GODINHO DELGADO</p>]]></Texto>
  </body>
  <Midias />
</article></xml>