﻿<xml><article id="44203122" name="512 - DAISY E MARIANA - FC-6" idOficio="11110875" pubName="DO2" artType="Portaria" pubDate="01/07/2025" artClass="00070:00004:00001:00002:00000:00000:00000:00000:00000:00000:00017:00000" artCategory="Poder Judiciário/Superior Tribunal de Justiça/Presidência/Secretaria" artSize="12" artNotes="" numberPage="92" pdfPage="http://pesquisa.in.gov.br/imprensa/jsp/visualiza/index.jsp?data=01/07/2025&amp;jornal=529&amp;pagina=92" editionNumber="121" highlightType="" highlightPriority="" highlight="" highlightimage="" highlightimagename="" idMateria="22816122">
  <body>
    <Identifica><![CDATA[ Portaria STJ/GDG Nº 512, DE 27 DE junho DE 2025]]></Identifica>
    <Data><![CDATA[]]></Data>
    <Ementa />
    <Titulo />
    <SubTitulo />
    <Texto><![CDATA[<p class="identifica">Portaria STJ/GDG Nº 512, DE 27 DE junho DE 2025</p><p>O DIRETOR-GERAL DA SECRETARIA DO SUPERIOR TRIBUNAL DE JUSTIÇA, com base no item 21.2.3, XI, b, do Anexo da Instrução Normativa STJ/GP n. 19 de 11 de junho de 2025 e no disposto no caput do art. 38 da Lei n. 8.112, de 11 de dezembro de 1990, resolve:</p><p>Art. 1º Designar DAISY LAYNE VAÚNA DE SOUZA MONTEIRO, matrícula S073584, para substituir a Chefe da Seção de Programas de Estágio, código FC-6, da Coordenadoria de Programas e Política de Gestão de Pessoas, da Secretaria de Gestão de Pessoas, em seus afastamentos e impedimentos legais ou regulamentares e na vacância da função de confiança.</p><p>Art. 2º Revogar a designação de MARIANA ALVES SOUZA, matrícula S074670, objeto da Portaria STJ/GDG n. 259 de 26 de março de 2024, publicada no Diário Oficial da União do dia 1º subsequente.</p><p>Art. 3º Esta portaria entra em vigor na data de sua publicação.</p><p class="assina">SERGIO JOSÉ AMERICO PEDREIRA</p>]]></Texto>
  </body>
  <Midias />
</article></xml>