﻿<xml><article id="44200953" name="Portaria de Pessoal98-UBIRANEIDE" idOficio="11110334" pubName="DO2" artType="Portaria" pubDate="01/07/2025" artClass="00047:00002:00021:00030:00010:00000:00000:00000:00000:00000:00017:00000" artCategory="Ministério da Saúde/Secretaria Executiva/Subsecretaria de Assuntos Administrativos/Superintendência Estadual do Ministério da Saúde na Paraíba/Serviço de Gestão de Pessoas" artSize="12" artNotes="" numberPage="76" pdfPage="http://pesquisa.in.gov.br/imprensa/jsp/visualiza/index.jsp?data=01/07/2025&amp;jornal=529&amp;pagina=76" editionNumber="121" highlightType="" highlightPriority="" highlight="" highlightimage="" highlightimagename="" idMateria="22815425">
  <body>
    <Identifica><![CDATA[ Portaria de Pessoal Nº 98, DE 25 DE JUNHO DE 2025]]></Identifica>
    <Data><![CDATA[]]></Data>
    <Ementa />
    <Titulo />
    <SubTitulo />
    <Texto><![CDATA[<p class="identifica">Portaria de Pessoal Nº 98, DE 25 DE JUNHO DE 2025</p><p>A CHEFE DO SERVIÇO DE GESTÃO DE PESSOAS DA SUPERINTENDÊNCIA ESTADUAL DO MINISTÉRIO DA SAÚDE NA PARAÍBA, no uso das competências conferidas pela Portaria SE/MS nº 826, de 06 de setembro de 2023, publicada no Diário Oficial da União de 14 de setembro de 2023, de acordo com o Decreto nº 11.358, de 1º de janeiro de 2023, publicado no Diário Oficial da União, Edição Especial, de 1º de janeiro de 2023, alterado pelo Decreto nº 11.391, de 20 de janeiro de 2023, publicado no Diário Oficial da União nº 15-E, de 20 de janeiro de 2023 e Oficio Circular Nº 1/2023/SAA/SE/MS, do Subsecretário de Assuntos Administrativos - Substituto, resolve:</p><p>Art. 1º - Conceder pensão vitalícia a UBIRANEIDE GOMES DE LIMA BENÍCIO, na qualidade de Cônjuge do ex-servidor VALDIR BENICIO DE SA, ocupante de cargo Agente de Vigilância, Matricula Siape nº 0566807, do quadro de pessoal do Ministério da Saúde/PB, falecido na Inatividade em 03/05/2025, com fundamento nos arts. 23 e 24, da Emenda Constitucional nº 103, de 12/11/2019, na Portaria SGP/SEDGG/ME Nº 4645, de 24 de maio de 2022, em seus arts. 3º, I, 7º, I, II, a, e nos arts. 215 e 217, I, da Lei nº 8.112 de 11 de Dezembro de 1990.</p><p>Art. 2º - Os efeitos desta Portaria entram em vigor na data do óbito.</p><p>(NUP: 25018.000657/2025-75).</p><p class="assina">REJANE KELLY BONFIM ELIAS</p><p class="cargo">Chefe do Serviço de Gestão de Pessoas</p>]]></Texto>
  </body>
  <Midias />
</article></xml>