﻿<xml><article id="44205237" name="PORTARIA SIP HFASDPC HFADRH HFAC" idOficio="11111371" pubName="DO2" artType="Portaria" pubDate="01/07/2025" artClass="00016:00037:00110:00000:00000:00000:00000:00000:00000:00000:00017:00000" artCategory="Ministério da Defesa/Hospital das Forças Armadas/Comando de Logística" artSize="12" artNotes="" numberPage="19" pdfPage="http://pesquisa.in.gov.br/imprensa/jsp/visualiza/index.jsp?data=01/07/2025&amp;jornal=529&amp;pagina=19" editionNumber="121" highlightType="" highlightPriority="" highlight="" highlightimage="" highlightimagename="" idMateria="22816748">
  <body>
    <Identifica><![CDATA[ PORTARIA SIP HFA/SDPC HFA/DRH HFA/CMDO LOG HFA/HFA/SEPESD/SG-MD n° 2.727, de 17 de junho de 2025]]></Identifica>
    <Data><![CDATA[]]></Data>
    <Ementa />
    <Titulo />
    <SubTitulo />
    <Texto><![CDATA[<p class="identifica">PORTARIA SIP HFA/SDPC HFA/DRH HFA/CMDO LOG HFA/HFA/SEPESD/SG-MD n° 2.727, de 17 de junho de 2025</p><p>O COMANDANTE LOGÍSTICO DO HOSPITAL DAS FORÇAS ARMADAS, no uso das atribuições que lhe são conferidas pelo art. 2º, inciso V, alínea "c" da Portaria GM/MD nº 3.939, de 19 de julho de 2022, publicada no Diário Oficial da União de 27 de julho de 2022, e de acordo com o que consta do Processo SEI nº 60550.017891/2025-03, resolve:</p><p>Art. 1º Conceder aposentadoria voluntária com proventos integrais à servidora VILMA SOUZA XAVIER, matrícula SIAPE nº 1150360, ocupante do cargo de Auxiliar de Enfermagem-Suporte, Classe "S", Padrão NI-V, do Quadro de Pessoal do Hospital das Forças Armadas, com fundamento no art. 20, § 2º, inciso I, da Emenda Constitucional nº 103/2019, publicada no Diário Oficial da União de 13 de novembro de 2019.</p><p>Art. 2º Declarar que o referido cargo, código da vaga 607569, fica transformado em Carreira de Suporte às Atividades Médico-Hospitalares, conforme o art. 101 da Lei nº 11.784, de 22 de setembro de 2008.</p><p>Art. 3º Esta Portaria entra em vigor na data de sua publicação.</p><p class="assina">Gen Div LUIZ GONZAGA VIANA FILHO</p>]]></Texto>
  </body>
  <Midias />
</article></xml>