﻿<xml><article id="44200046" name="853.2025 - ELIZABETH MITIKO FUKU" idOficio="11101063" pubName="DO2" artType="Portaria" pubDate="01/07/2025" artClass="00066:00010:00001:00004:00000:00000:00000:00000:00000:00000:00017:00000" artCategory="Ministério Público da União/Ministério Público do Trabalho/Procuradoria-Geral/Diretoria-Geral" artSize="12" artNotes="" numberPage="87" pdfPage="http://pesquisa.in.gov.br/imprensa/jsp/visualiza/index.jsp?data=01/07/2025&amp;jornal=529&amp;pagina=87" editionNumber="121" highlightType="" highlightPriority="" highlight="" highlightimage="" highlightimagename="" idMateria="22802165">
  <body>
    <Identifica><![CDATA[ PORTARIA Nº 853, DE 24 DE JUNHO DE 2025]]></Identifica>
    <Data><![CDATA[]]></Data>
    <Ementa />
    <Titulo />
    <SubTitulo />
    <Texto><![CDATA[<p class="identifica">PORTARIA Nº 853, DE 24 DE JUNHO DE 2025</p><p>O DIRETOR-GERAL ADJUNTO DO MINISTÉRIO PÚBLICO DO TRABALHO, no uso das atribuições que lhe foram delegadas pela Portaria MPT-DG nº 49, de 22 de janeiro de 2019, publicada no D.O.U em 28 de janeiro de 2019, e tendo em vista o que consta do PGEA/MPT nº 20.02.0200.0001149/2025-33, resolve:</p><p>Art. 1º Conceder aposentadoria voluntária com proventos integrais à servidora ELIZABETH MITIKO FUKUMOTO, matrícula n° 6004737-2, ocupante do cargo de Técnico do MPU/Administração, Código TC020101, Classe C, Padrão 13, da Carreira de Técnico do MPU, do Quadro Permanente do Ministério Público do Trabalho, com fundamento no artigo 20, § 2°, inciso I, da Emenda Constitucional n° 103/2019.</p><p class="assina">ANDERSON RÉGIS CAVALCANTE FEITOSA</p>]]></Texto>
  </body>
  <Midias />
</article></xml>