﻿<xml><article id="44200460" name="4891 Exoneracao de CJ - Assessor" idOficio="11096381" pubName="DO2" artType="Ato" pubDate="01/07/2025" artClass="00070:00006:00000:00000:00000:00000:00000:00000:00000:00000:00001:00004" artCategory="Poder Judiciário/Superior Tribunal Militar/Presidência do STM" artSize="12" artNotes="" numberPage="93" pdfPage="http://pesquisa.in.gov.br/imprensa/jsp/visualiza/index.jsp?data=01/07/2025&amp;jornal=529&amp;pagina=93" editionNumber="121" highlightType="" highlightPriority="" highlight="" highlightimage="" highlightimagename="" idMateria="22795136">
  <body>
    <Identifica><![CDATA[ ATO Nº 4891, DE 17 DE JUNHO DE 2025]]></Identifica>
    <Data><![CDATA[]]></Data>
    <Ementa />
    <Titulo />
    <SubTitulo />
    <Texto><![CDATA[<p class="identifica">ATO Nº 4891, DE 17 DE JUNHO DE 2025</p><p>A MINISTRA-PRESIDENTE DO SUPERIOR TRIBUNAL MILITAR, usando das atribuições conferidas pelo inciso XXV do artigo 6º do Regimento Interno, bem como o Memorando nº 4374184, contido nos autos do Processo nº 012855/25-00.375, do Sistema Eletrônico de Informações, resolve:</p><p>EXONERAR, a pedido, a contar de 1º de julho de 2025, o Sr. EDUARDO CESAR CAMPOS, matrícula 2047, do cargo em comissão de ASSESSOR I, código STM-CJ-01, do Gabinete extinto do Exmo. Sr. Ministro JOSÉ COÊLHO FERREIRA.</p><p class="assina">MARIA ELIZABETH ROCHA</p>]]></Texto>
  </body>
  <Midias />
</article></xml>