﻿<xml><article id="44200589" name="PORTARIA NA 1604 DE 17 DE JUNHO " idOficio="11108154" pubName="DO2" artType="Portaria" pubDate="01/07/2025" artClass="00025:00102:00000:00000:00000:00000:00000:00000:00000:00000:00017:00007" artCategory="Ministério da Educação/Universidade Federal Fluminense" artSize="12" artNotes="" numberPage="35" pdfPage="http://pesquisa.in.gov.br/imprensa/jsp/visualiza/index.jsp?data=01/07/2025&amp;jornal=529&amp;pagina=35" editionNumber="121" highlightType="" highlightPriority="" highlight="" highlightimage="" highlightimagename="" idMateria="22812138">
  <body>
    <Identifica><![CDATA[ PORTARIA Nº 1.604, DE 17 DE JUNHO DE 2025]]></Identifica>
    <Data><![CDATA[]]></Data>
    <Ementa />
    <Titulo />
    <SubTitulo />
    <Texto><![CDATA[<p class="identifica">PORTARIA Nº 1.604, DE 17 DE JUNHO DE 2025</p><p>O REITOR da Universidade Federal Fluminense, no uso de suas atribuições, e tendo em vista o que consta do Processo UFF nº 23069.173054/2022-18, resolve:</p><p>Conceder aposentadoria voluntária a SUELY LOPES DE AZEVEDO, matrícula SIAPE nº 1081949, ocupante do cargo de Professor do Magistério Superior, Classe C, Nível 04, do Quadro de Pessoal Permanente desta Universidade, código de vaga 240054, com fundamento no artigo 3º, incisos I e II e § único da Emenda Constitucional nº 47/2005, c/c com o § 1º do artigo 3º da Emenda Constitucional nº 103/2019, com proventos integrais, cumulativamente com o adicional por tempo de serviço no percentual de 04% (quatro por cento) e com a retribuição por titulação.</p><p class="assina">ANTONIO CLAUDIO LUCAS DA NOBREGA</p>]]></Texto>
  </body>
  <Midias />
</article></xml>