﻿<xml><article id="44203473" name="Portaria_SG_NA_617-_PGJ-SG19.04." idOficio="11110957" pubName="DO2" artType="Portaria" pubDate="01/07/2025" artClass="00066:00007:00002:00012:00000:00000:00000:00000:00000:00000:00017:00000" artCategory="Ministério Público da União/Ministério Público do Distrito Federal e Territórios/Procuradoria-Geral de Justiça/Secretaria-Geral" artSize="12" artNotes="" numberPage="83" pdfPage="http://pesquisa.in.gov.br/imprensa/jsp/visualiza/index.jsp?data=01/07/2025&amp;jornal=529&amp;pagina=83" editionNumber="121" highlightType="" highlightPriority="" highlight="" highlightimage="" highlightimagename="" idMateria="22816198">
  <body>
    <Identifica><![CDATA[ PORTARIA Nº 617, DE 27 DE JUNHO DE 2025]]></Identifica>
    <Data><![CDATA[]]></Data>
    <Ementa />
    <Titulo />
    <SubTitulo />
    <Texto><![CDATA[<p class="identifica">PORTARIA Nº 617, DE 27 DE JUNHO DE 2025</p><p>A SECRETÁRIA-GERAL ADJUNTA DO MINISTÉRIO PÚBLICO DO DISTRITO FEDERAL E TERRITÓRIOS, no uso da competência que lhe foi conferida pelo Regimento Interno, considerando a delegação dada por meio da Portaria nº 1.426/PGJ, de 14/12/2018, e considerando o teor do processo SEI nº 19.04.3402.0081082/2025-18, resolve:</p><p>Designar, de 01 a 04/07/2025, a servidora LUCILE MENDES BAHIA MENEZES, matrícula 5351-1, Analista do MPU/Direito da carreira do Ministério Público da União, para substituir, nos impedimentos legais, eventuais e temporários, o cargo em comissão de Assessor Chefe de Gabinete de Promotoria I da 4ª Promotoria de Justiça Cível, Família, Órfãos e Sucessões da Coordenadoria Regional das Promotorias de Justiça de Brasília II, Guará, Núcleo Bandeirante e Riacho Fundo, código CC-01 (50002260).</p><p class="assina">CLAUDIA MARIA RAMOS</p>]]></Texto>
  </body>
  <Midias />
</article></xml>