﻿<xml><article id="44205162" name="Port. AFP - 6350 - 6352 - 6383 -" idOficio="11111351" pubName="DO2" artType="Portaria" pubDate="01/07/2025" artClass="00025:00110:00001:00000:00000:00000:00000:00000:00000:00000:00017:00004" artCategory="Ministério da Educação/Universidade Federal de Minas Gerais/Reitoria" artSize="12" artNotes="" numberPage="37" pdfPage="http://pesquisa.in.gov.br/imprensa/jsp/visualiza/index.jsp?data=01/07/2025&amp;jornal=529&amp;pagina=37" editionNumber="121" highlightType="" highlightPriority="" highlight="" highlightimage="" highlightimagename="" idMateria="22816675">
  <body>
    <Identifica><![CDATA[ PORTARIAS DE 27 DE JUNHO DE 2025]]></Identifica>
    <Data><![CDATA[]]></Data>
    <Ementa />
    <Titulo />
    <SubTitulo />
    <Texto><![CDATA[<p class="identifica">PORTARIAS DE 27 DE JUNHO DE 2025</p><p>A Reitora da Universidade Federal de Minas Gerais, no uso de atribuição que lhe confere a Portaria nº 1.819, de 11/09/2023, do Ministro de Estado da Educação, resolve:</p><p>Nº 6.350 - Autorizar, em caráter excepcional, o afastamento do país, com ônus limitado, do servidor Stefan Michael Geiger, matrícula SIAPE nº 1905291, ocupante do cargo de Professor da carreira de Magistério Superior, lotado no Instituto de Ciências Biológicas, para participar de Intercâmbio Acadêmico na Universitaet Des Saarlandes e institut fuer medizinische mikrobiologie und hygiene, em Homburg/Alemanha, no período de 28/06/2025 a 10/07/2025.</p><p>Nº 6.352 - Autorizar o afastamento do país, com ônus limitado, do servidor José Irineu Rangel Rigotti, matrícula SIAPE nº 1767755, ocupante do cargo de Professor da carreira de Magistério Superior, lotado na Faculdade de Ciências Econômicas, para participar da "International Population Conference (IPC2025)", em Brisbane/Austrália, no período de 09/07/2025 a 19/07/2025.</p><p>Nº 6.383 - Autorizar o afastamento do país, com ônus pela UFMG, da servidora Marlise Miriam de Matos Almeida, matrícula SIAPE nº 1145903, ocupante do cargo de Professor da carreira de Magistério Superior, lotada na Faculdade de Filosofia e Ciências Humanas, para participar do Congresso "V Forum da ISA" e conferencia de coordenadores de RCs da ISA, em Rabat/Marrocos, no período de 02/07/2025 a 14/07/2025.</p><p>Nº 6390 - Autorizar o afastamento do país, com ônus limitado, do servidor Marcio Weissheimer Lauria, matrícula SIAPE nº 2314423, ocupante do cargo de Professor da carreira de Magistério Superior, lotado na Faculdade de Medicina, para participar da Preceptoria Internacional MASH School, na Virginia Commonwealth University, em Richmond/EUA, no período de 07/07/2025 a 13/07/2025.</p><p class="assina">SANDRA REGINA GOULART ALMEIDA</p>]]></Texto>
  </body>
  <Midias />
</article></xml>