﻿<xml><article id="44204301" name="ProReitoria AposentPensao HU vig" idOficio="11111096" pubName="DO2" artType="Portaria" pubDate="01/07/2025" artClass="00025:00129:00051:00000:00000:00000:00000:00000:00000:00000:00017:00002" artCategory="Ministério da Educação/Universidade Federal de São Paulo/Pró-Reitoria de Gestão com Pessoas" artSize="12" artNotes="" numberPage="45" pdfPage="http://pesquisa.in.gov.br/imprensa/jsp/visualiza/index.jsp?data=01/07/2025&amp;jornal=529&amp;pagina=45" editionNumber="121" highlightType="" highlightPriority="" highlight="" highlightimage="" highlightimagename="" idMateria="22816435">
  <body>
    <Identifica><![CDATA[ PORTARIAS DE 27 DE JUNHO DE 2025]]></Identifica>
    <Data><![CDATA[]]></Data>
    <Ementa />
    <Titulo />
    <SubTitulo />
    <Texto><![CDATA[<p class="identifica">PORTARIAS DE 27 DE JUNHO DE 2025</p><p>A Pró-Reitora de Gestão com Pessoas da Universidade Federal de São Paulo, no uso da competência que foi delegada pela Portaria nº 654 de 12/03/20, publicada no DOU de 13/03/20, resolve:</p><p>Nº 2.975 - Conceder aposentadoria voluntária ao servidor JOÃO PAULO SARTORI, matrícula SIAPE nº 2151564, ocupante do cargo de Médico/Área, Nível E, Padrão de Vencimento 17, do Quadro de Pessoal da Universidade Federal de São Paulo, com base no artigo 20 da EC 103/2019, § 2º, inciso I, com proventos integrais. (Processo nº 23089.020957/2025-10)</p><p>Nº 2.976 - Conceder aposentadoria voluntária à servidora KETTY LAMENZ MACIEL, matrícula SIAPE nº 1356242, ocupante do cargo de Médico/Área, Nível E, Padrão de Vencimento 19, do Quadro de Pessoal da Universidade Federal de São Paulo, com base no artigo 20 da EC 103/2019, § 2º, inciso I, com proventos integrais. (Processo nº 23089.019043/2025-06)</p><p>Nº 2.977 - Conceder aposentadoria voluntária à servidora IOLANDA NUNES, Matrícula SIAPE nº 1137315, ocupante do cargo de Auxiliar de Enfermagem, Classe C, Padrão de Vencimento 19, do Quadro de Pessoal da Universidade Federal de São Paulo, com base no Art. 4º, § 6º, inciso I da EC 103/2019, com proventos integrais. (Processo nº 23089.019698/2025-76)</p><p>Nº 2.978 - Conceder aposentadoria voluntária a servidora SONIA DE MEDEIROS LUCENA JUCA, Matrícula SIAPE nº 1444911, ocupante do cargo de Auxiliar de Enfermagem, Nível C, Padrão de Vencimento 19, do Quadro de Pessoal da Universidade Federal de São Paulo, com base no Art. 20 da EC 103/2019, § 2º, Inciso II, com proventos calculados com base no art. 26, § 3º, inciso I, média aritmética. (Processo nº 23089.019794/2025-14).</p><p>Nº 2.979 - Conceder aposentadoria voluntária ao servidor AILTON DE SOUSA LIMA, Matrícula SIAPE nº 1451571, ocupante do cargo de Auxiliar de Enfermagem, Nível C, Padrão de Vencimento 18, do Quadro de Pessoal da Universidade Federal de São Paulo, com base no Art. 20 da EC 103/2019, § 2º, Inciso II, com proventos calculados com base no art. 26, § 3º, Inciso I, média aritmética. (Processo nº 23089.020190/2025-11)</p><p class="assina">ELAINE DAMASCENO</p>]]></Texto>
  </body>
  <Midias />
</article></xml>