﻿<xml><article id="44201223" name="PR CDTN 79- 30-06" idOficio="11110446" pubName="DO2" artType="Portaria" pubDate="01/07/2025" artClass="00013:00061:00012:00005:00000:00000:00000:00000:00000:00000:00017:00000" artCategory="Ministério da Ciência, Tecnologia e Inovação/Comissão Nacional de Energia Nuclear/Diretoria de Pesquisa e Desenvolvimento/Centro de Desenvolvimento da Tecnologia Nuclear" artSize="12" artNotes="" numberPage="7" pdfPage="http://pesquisa.in.gov.br/imprensa/jsp/visualiza/index.jsp?data=01/07/2025&amp;jornal=529&amp;pagina=7" editionNumber="121" highlightType="" highlightPriority="" highlight="" highlightimage="" highlightimagename="" idMateria="22815552">
  <body>
    <Identifica><![CDATA[ PORTARIA Nº 79, de 11 de JUNHO de 2025]]></Identifica>
    <Data><![CDATA[]]></Data>
    <Ementa />
    <Titulo />
    <SubTitulo />
    <Texto><![CDATA[<p class="identifica">PORTARIA Nº 79, de 11 de JUNHO de 2025</p><p>A Diretora do Centro de Desenvolvimento da Tecnologia Nuclear - CDTN, no uso das atribuições e competências que lhe são conferidas pela Portaria CNEN-106, de 28 de outubro de 2010, do Presidente da CNEN, publicada no DOU de 29 de outubro de 2010, resolve:</p><p>Art. 1º Conceder aposentadoria voluntária, para o servidor ANTONIO PEREIRA SANTIAGO, CPF nº ***.267.976-**, matrícula SIAPE nº: 06****2, ocupante do cargo permanente de Assistente em Ciência e Tecnologia, Nível Intermediário, Classe Especial, Padrão III, do quadro de pessoal da Comissão Nacional de Energia Nuclear, de acordo com o artigo 10 § 1º Inciso I da Emenda Constitucional nº 103, de 12 de novembro de 2019, média aritmética disciplinada no artigo 72 da Portaria SGP/SEDGG/ME Nº 10.360, de 06 de dezembro/2022 (Processo SEI nº 01344.000078/2025-62).</p><p>Art. 2º Esta Portaria entra em vigor na data de sua publicação.</p><p class="assina">AMENÔNIA MARIA FERREIRA PINTO</p>]]></Texto>
  </body>
  <Midias />
</article></xml>