﻿<xml><article id="44202999" name="ATO PORTARIA NA 2219" idOficio="11110862" pubName="DO2" artType="Portaria" pubDate="01/07/2025" artClass="00025:00143:00000:00000:00000:00000:00000:00000:00000:00000:00017:00002" artCategory="Ministério da Educação/Fundação Universidade Federal do Acre" artSize="12" artNotes="" numberPage="48" pdfPage="http://pesquisa.in.gov.br/imprensa/jsp/visualiza/index.jsp?data=01/07/2025&amp;jornal=529&amp;pagina=48" editionNumber="121" highlightType="" highlightPriority="" highlight="" highlightimage="" highlightimagename="" idMateria="22816084">
  <body>
    <Identifica><![CDATA[ PORTARIA Nº 2.219, DE 30 DE junho DE 2025]]></Identifica>
    <Data><![CDATA[]]></Data>
    <Ementa />
    <Titulo />
    <SubTitulo />
    <Texto><![CDATA[<p class="identifica">PORTARIA Nº 2.219, DE 30 DE junho DE 2025</p><p>A REITORA DA UNIVERSIDADE FEDERAL DO ACRE, no uso de suas atribuições conferidas pelo Decreto de 9 de agosto de 2022, publicado no Diário Oficial da União (DOU) nº 151, Seção 2, Página 1, de 10 de agosto de 2022, combinado com o Art. 80, incisos I e III, do Regimento Geral da Ufac; de acordo com o Processo Seletivo Simplificado para Professor Substituto, Edital Prograd nº 13/2025, homologado no DOU nº 91, de 16 de maio de 2025; e considerando o que consta no processo 23107.015412/2025-18, resolve:</p><p>Art. 1º CONTRATAR, em caráter temporário, RIKELMIN MUNIZ DA SILVA, na categoria de Professor Substituto do Magistério Superior, Classe A, Denominação Assistente, Nível 1, área de Engenharia Civil - Estruturas, para prestar serviço junto ao Centro de Ciências Exatas e Tecnológicas (CCET), em regime de 20 (vinte) horas semanais, pelo período de 06 (seis) meses, a contar de 30 de junho de 2025 a 29 de dezembro de 2025, com fulcro no Art. 37, inciso IX, da Constituição Federal e em conformidade com o Art. 2.º, inciso X, da Lei nº 8.745, de 09 de dezembro de 1993, alterada pela de nº 9.849, de 26 de outubro de 1999 e pela de nº 12.425, de 11 de junho de 2011, por meio do Termo de Contrato nº 40/2025.</p><p>Art. 2º Esta portaria entra em vigor em 30 de junho de 2025.</p><p class="assina">MARGARIDA DE AQUINO CUNHA</p>]]></Texto>
  </body>
  <Midias />
</article></xml>