﻿<xml><article id="44201604" name="GAB - PORTARIA 6055 - 19739.0261" idOficio="11110552" pubName="DO2" artType="Portaria" pubDate="01/07/2025" artClass="00029:00036:00000:00000:00000:00000:00000:00000:00000:00000:00017:00000" artCategory="Ministério da Gestão e da Inovação em Serviços Públicos/Secretaria do Patrimônio da União" artSize="12" artNotes="" numberPage="63" pdfPage="http://pesquisa.in.gov.br/imprensa/jsp/visualiza/index.jsp?data=01/07/2025&amp;jornal=529&amp;pagina=63" editionNumber="121" highlightType="" highlightPriority="" highlight="" highlightimage="" highlightimagename="" idMateria="22815687">
  <body>
    <Identifica><![CDATA[ PORTARIA DE PESSOAL SPU/MGI Nº 6.055, DE 23 DE JUNHO DE 2025]]></Identifica>
    <Data><![CDATA[]]></Data>
    <Ementa />
    <Titulo />
    <SubTitulo />
    <Texto><![CDATA[<p class="identifica">PORTARIA DE PESSOAL SPU/MGI Nº 6.055, DE 23 DE JUNHO DE 2025</p><p>A SECRETÁRIA DO PATRIMÔNIO DA UNIÃO, DO MINISTÉRIO DA GESTÃO E DA INOVAÇÃO EM SERVIÇOS PÚBLICOS, no uso da competência que lhe foi delegada e subdelegada pela Portaria nº 572, de 8 de março de 2023, publicada no Diário Oficial da União de 9 de março de 2023, e demais informações que constam no processo 19739.026112/2025-51, resolve:</p><p>Art. 1º Designar o servidor MARCOS VINICIUS SOARES SENNA, cargo efetivo de Engenheiro de Segurança do Trabalho, matrícula SIAPE nº 1299011, para exercer a Função Comissionada Executiva de Chefe da Divisão Virtual de Fiscalização, código FCE 1.07, da Diretoria de Caracterização e Incorporação de Imóveis, da Secretaria do Patrimônio da União, do Ministério da Gestão e da Inovação em Serviços Públicos.</p><p>Art. 2º Esta portaria entra em vigor na data de sua publicação.</p><p class="assina">CAROLINA GABAS STUCHI</p>]]></Texto>
  </body>
  <Midias />
</article></xml>