﻿<xml><article id="44200998" name="2025-06-30/11110365/TCUWS_228154" idOficio="11110365" pubName="DO2" artType="Portaria" pubDate="01/07/2025" artClass="00067:00001:00000:00000:00000:00000:00000:00000:00000:00000:00017:00104" artCategory="Tribunal de Contas da União/Gabinete do Presidente" artSize="12" artNotes="" numberPage="87" pdfPage="http://pesquisa.in.gov.br/imprensa/jsp/visualiza/index.jsp?data=01/07/2025&amp;jornal=529&amp;pagina=87" editionNumber="121" highlightType="" highlightPriority="" highlight="" highlightimage="" highlightimagename="" idMateria="22815472">
  <body>
    <Identifica><![CDATA[ PORTARIA-TCU Nº 104, DE 27 DE JUNHO DE 2025]]></Identifica>
    <Data><![CDATA[]]></Data>
    <Ementa />
    <Titulo />
    <SubTitulo />
    <Texto><![CDATA[<p class="identifica">PORTARIA-TCU Nº 104, DE 27 DE JUNHO DE 2025</p><p>O PRESIDENTE DO TRIBUNAL DE CONTAS DA UNIÃO, no uso da atribuição que lhe confere o art. 70, inciso III, da Lei nº 8.443, de 16 de julho de 1992, e tendo em vista as informações constantes do processo nº TC-010.846/2025-5, resolve:</p><p>CONCEDER APOSENTADORIA voluntária ao servidor CLÁUDIO CARVALHO DE CASTRO, matrícula 3082-1, no cargo de Auditor Federal de Controle Externo, Área Controle Externo, Especialidade Controle Externo, Classe Especial, Padrão 13, do Quadro de Pessoal da Secretaria deste Tribunal, com proventos proporcionais calculados pela média das contribuições, com fundamento no art. 10, § 1º, inciso I, alíneas "a" e "b", c/c o art. 26 da Emenda Constitucional 103, de 12 de novembro de 2019.</p><p class="assina">Vital do Rêgo</p>]]></Texto>
  </body>
  <Midias />
</article></xml>