﻿<xml><article id="44200511" name="SGP48" idOficio="11104461" pubName="DO2" artType="Portaria" pubDate="01/07/2025" artClass="00070:00030:00001:00000:00000:00000:00000:00000:00000:00000:00017:00000" artCategory="Poder Judiciário/Tribunal Regional Eleitoral de Pernambuco/Presidência" artSize="12" artNotes="" numberPage="97" pdfPage="http://pesquisa.in.gov.br/imprensa/jsp/visualiza/index.jsp?data=01/07/2025&amp;jornal=529&amp;pagina=97" editionNumber="121" highlightType="" highlightPriority="" highlight="" highlightimage="" highlightimagename="" idMateria="22807046">
  <body>
    <Identifica><![CDATA[ PORTARIA Nº 400, DE 13 DE JUNHO DE 2025]]></Identifica>
    <Data><![CDATA[]]></Data>
    <Ementa />
    <Titulo />
    <SubTitulo />
    <Texto><![CDATA[<p class="identifica">PORTARIA Nº 400, DE 13 DE JUNHO DE 2025</p><p>O PRESIDENTE DO TRIBUNAL REGIONAL ELEITORAL DE PERNAMBUCO, no uso de suas atribuições legais, resolve:</p><p>Art. 1º Dispensar o servidor PAULO HENRIQUE FERREIRA DA PAZ da função comissionada, nível FC-1, de Assistente I, da Assessoria de Planejamento e Gestão Estratégica.</p><p>Art. 2º Dispensar o servidor ROMERO SAMPAIO RÉGIS DE CARVALHO da função comissionada, nível FC-6 - Chefe de Cartório Eleitoral, da 20ª Zona Eleitoral - Carpina.</p><p>Art. 3º Remover, provisoriamente, o servidor ROMERO SAMPAIO RÉGIS DE CARVALHO da 20ª Zona Eleitoral de Pernambuco - Carpina para a Assessoria de Planejamento e Gestão Estratégica e designá-lo para exercer a função comissionada, nível FC-1, de Assistente I, vaga nos termos do art. 1º, na nova Unidade de lotação.</p><p>Art. 4º Esta Portaria entra em vigor na data da publicação.</p><p class="assina">Des. CÂNDIDO J. F. SARAIVA DE MORAES</p>]]></Texto>
  </body>
  <Midias />
</article></xml>