﻿<xml><article id="44200775" name="1077 JOAO CARLOS ALEIXO FERREIRA" idOficio="11089790" pubName="DO2" artType="Portaria" pubDate="01/07/2025" artClass="00025:00123:00001:00000:00000:00000:00000:00000:00000:00000:00017:00000" artCategory="Ministério da Educação/Universidade Federal Rural da Amazônia/Reitoria" artSize="12" artNotes="" numberPage="43" pdfPage="http://pesquisa.in.gov.br/imprensa/jsp/visualiza/index.jsp?data=01/07/2025&amp;jornal=529&amp;pagina=43" editionNumber="121" highlightType="" highlightPriority="" highlight="" highlightimage="" highlightimagename="" idMateria="22784657">
  <body>
    <Identifica><![CDATA[ PORTARIA Nº 1.077, DE 11 DE JUNHO DE 2025]]></Identifica>
    <Data><![CDATA[]]></Data>
    <Ementa />
    <Titulo />
    <SubTitulo />
    <Texto><![CDATA[<p class="identifica">PORTARIA Nº 1.077, DE 11 DE JUNHO DE 2025</p><p>O Vice-Reitor da UNIVERSIDADE FEDERAL RURAL DA AMAZÔNIA, no uso de suas atribuições conferidas pela Portaria nº 930 de 06/08/2021, publicada no DOU de 09/08/2021, página 40, seção 2, e tendo em vista o que consta no Processo nº 23084.009515/2025-54, resolve:</p><p>Art. 1º Conceder Aposentadoria Voluntária, de acordo com a EMENDA CONSTITUCIONAL 103 ART. 20 §2º I - (49034) PEDÁGIO PARIDADE, ao servidor pertencente ao Quadro de Pessoal desta Universidade Federal Rural da Amazônia (UFRA), o senhor JOAO CARLOS ALEIXO FERREIRA, lotado no Cargo de Auxiliar de Agropecuária, Matricula SIAPE nº 0009174, TAB: 106, NIVEL: NA, CLASSE: B, PADRÃO: 019 com exercício na Fazenda Escola/ISPA/UFRA Igarapé-Açú.</p><p>Art. 2º Declarar vago o respectivo cargo.</p><p>Art. 3º Esta Portaria entrará em vigor a partir da data de sua publicação.</p><p class="assina">JAIME VIANA DE SOUSA</p>]]></Texto>
  </body>
  <Midias />
</article></xml>