﻿<xml><article id="44200007" name="trt9a124-2025-ATO 108" idOficio="11100242" pubName="DO2" artType="Ato" pubDate="01/07/2025" artClass="00070:00050:00000:00000:00000:00000:00000:00000:00000:00000:00001:00002" artCategory="Poder Judiciário/Tribunal Regional do Trabalho da 9ª Região" artSize="12" artNotes="" numberPage="101" pdfPage="http://pesquisa.in.gov.br/imprensa/jsp/visualiza/index.jsp?data=01/07/2025&amp;jornal=529&amp;pagina=101" editionNumber="121" highlightType="" highlightPriority="" highlight="" highlightimage="" highlightimagename="" idMateria="22801036">
  <body>
    <Identifica><![CDATA[ ATO Nº 108, DE 23 DE JUNHO DE 2025]]></Identifica>
    <Data><![CDATA[]]></Data>
    <Ementa />
    <Titulo />
    <SubTitulo />
    <Texto><![CDATA[<p class="identifica">ATO Nº 108, DE 23 DE JUNHO DE 2025</p><p>O DESEMBARGADOR PRESIDENTE DO TRIBUNAL REGIONAL DO TRABALHO DA 9ª REGIÃO, no uso de suas atribuições legais e regimentais, e considerando o contido no PRP nº 92/2025, resolve:</p><p>Art. 1º CONCEDER, ad referendum do Órgão Especial, aposentadoria voluntária ao servidor JOSÉ SILVA RODRIGUES MAGALHÃES no cargo de Técnico Judiciário, Área Administrativa, Especialidade Agente da Polícia Judicial, Classe C, Padrão 13, com fundamento no art. 4º, I, II, III, IV e V, e § 6º, II, c.c. o art. 26, caput, e § 2º, I, da EC nº 103/2019, com proventos correspondentes a 114% da média aritmética obtida, e reajustes do benefício conforme § 7º do mesmo art. 26, da EC nº 103/2019, e § 13 do art. 9º do Anexo I da Portaria MTP nº 1.467/2022. Art. 2º DECLARAR vago o cargo acima citado, nos termos do inciso VII, art. 33, da Lei n.º 8.112/1990.</p><p class="assina">CÉLIO HORST WALDRAFF</p>]]></Texto>
  </body>
  <Midias />
</article></xml>