﻿<xml><article id="44200037" name="trt9a84-2025-ATO 74" idOficio="10992036" pubName="DO2" artType="Ato" pubDate="01/07/2025" artClass="00070:00050:00000:00000:00000:00000:00000:00000:00000:00000:00001:00001" artCategory="Poder Judiciário/Tribunal Regional do Trabalho da 9ª Região" artSize="12" artNotes="" numberPage="101" pdfPage="http://pesquisa.in.gov.br/imprensa/jsp/visualiza/index.jsp?data=01/07/2025&amp;jornal=529&amp;pagina=101" editionNumber="121" highlightType="" highlightPriority="" highlight="" highlightimage="" highlightimagename="" idMateria="22608763">
  <body>
    <Identifica><![CDATA[ ATO Nº 74, DE 14 DE ABRIL DE 2025]]></Identifica>
    <Data><![CDATA[]]></Data>
    <Ementa />
    <Titulo />
    <SubTitulo />
    <Texto><![CDATA[<p class="identifica">ATO Nº 74, DE 14 DE ABRIL DE 2025</p><p>O DESEMBARGADOR PRESIDENTE DO TRIBUNAL REGIONAL DO TRABALHO DA 9ª REGIÃO, no uso de suas atribuições legais e regimentais, e considerando o contido na Certidão SADM nº 20/2025, resolve:</p><p>Art. 1º REDISTRIBUIR, nos termos do art. 37 da Lei nº 8.112/1990 e da Resolução CNJ nº 146/2012, o cargo efetivo de Analista Judiciário, Área Judiciária, Sem Especialidade, do Quadro de Pessoal Permanente desta Corte, criado pela Lei nº 11.979/2009 e ocupado pelo servidor ROBERTO RIBEIRO DE LIMA, para o Quadro de Pessoal Permanente do Tribunal Regional do Trabalho da 2ª Região, em reciprocidade com o cargo de Analista Judiciário, Área Judiciária, Sem Especialidade, criado pela Lei nº 7.729/1989 e ocupado pela servidora RAFAELA LENZI.</p><p>Art. 2º MANTER, diante do disposto no art. 1º, a servidora RAFAELA LENZI lotada no Gabinete de Desembargador 15 - Des. Eduardo Milléo Baracat, assim como no exercício da Função Comissionada de Assistente de Gabinete de Desembargador VI (c-11317), código TRT 9ª FC-6.</p><p>Art. 3º REVOGAR o Ato n° 64/2023, publicado no Diário Oficial da União - Seção 2, de 1º/3/2023.</p><p>Art. 4º Este Ato entra em vigor na data de sua publicação.</p><p class="assina">CÉLIO HORST WALDRAFF</p>]]></Texto>
  </body>
  <Midias />
</article></xml>