﻿<xml><article id="44205606" name="PORTARIA SGA NA 729NOMEAR LENILD" idOficio="11111454" pubName="DO2" artType="Portaria" pubDate="01/07/2025" artClass="00006:00007:00013:00009:00000:00000:00000:00000:00000:00000:00017:00013" artCategory="Presidência da República/Advocacia-Geral da União/Secretaria-Geral de Consultoria/Secretaria-Geral de Administração" artSize="12" artNotes="" numberPage="4" pdfPage="http://pesquisa.in.gov.br/imprensa/jsp/visualiza/index.jsp?data=01/07/2025&amp;jornal=529&amp;pagina=4" editionNumber="121" highlightType="" highlightPriority="" highlight="" highlightimage="" highlightimagename="" idMateria="22816830">
  <body>
    <Identifica><![CDATA[ PORTARIA SGA/AGU Nº 729, DE 24 DE JUNHO DE 2025]]></Identifica>
    <Data><![CDATA[]]></Data>
    <Ementa />
    <Titulo />
    <SubTitulo />
    <Texto><![CDATA[<p class="identifica">PORTARIA SGA/AGU Nº 729, DE 24 DE JUNHO DE 2025</p><p><strong>A SECRETÁRIA-GERAL DE ADMINISTRAÇÃO DA ADVOCACIA-GERAL DA UNIÃO</strong>, no uso das atribuições que lhe foram subdelegadas pela Portaria Normativa AGU nº 95, de 6 de junho de 2023, alterada pela Portaria Normativa AGU nº 97, de 26 de junho de 2023, e considerando o que consta no Processo Administrativo nº 00587.000474/2025-74, resolve:</p><p><strong>NOMEAR</strong></p><p>LENILDO CHAVES DA SILVA JUNIOR, matrícula Siape nº 1506462, Analista do Seguro Social, para exercer o Cargo Comissionado Executivo de Assistente Técnico, código CCE 2.04 (21015045), da Superintendência Regional de Administração da 5ª Região, da Secretaria-Geral de Administração, da Secretaria-Geral de Consultoria.</p><p class="assina">ELISA MONTEIRO MALAFAIA</p>]]></Texto>
  </body>
  <Midias />
</article></xml>