﻿<xml><article id="44204394" name="Portaria 988 2025" idOficio="11110688" pubName="DO2" artType="Portaria" pubDate="01/07/2025" artClass="00071:00260:00000:00000:00000:00000:00000:00000:00000:00000:00017:00000" artCategory="Entidades de Fiscalização do Exercício das Profissões Liberais/Conselho Regional de Enfermagem do Rio de Janeiro" artSize="12" artNotes="" numberPage="104" pdfPage="http://pesquisa.in.gov.br/imprensa/jsp/visualiza/index.jsp?data=01/07/2025&amp;jornal=529&amp;pagina=104" editionNumber="121" highlightType="" highlightPriority="" highlight="" highlightimage="" highlightimagename="" idMateria="22815857">
  <body>
    <Identifica><![CDATA[ PORTARIA COREN-RJ Nº 988, de 6 de junho de 2025]]></Identifica>
    <Data><![CDATA[]]></Data>
    <Ementa />
    <Titulo />
    <SubTitulo />
    <Texto><![CDATA[<p class="identifica">PORTARIA COREN-RJ Nº 988, de 6 de junho de 2025</p><p>A Presidente do Conselho Regional de Enfermagem do Rio de Janeiro, juntamente com o Primeiro Secretário da Autarquia, no uso de suas atribuições legais e regimentais conferidas na Decisão Cofen nº 113/2024, de 24 de junho de 2024, que homologa o Regimento Interno da Autarquia;</p><p>CONSIDERANDO: 1. O inteiro teor do Processo Administrativo nº 859/2024; 2. A Portaria nº 1276/2024 que concedeu licença sem vencimentos a empregada pública do Coren-RJ, Daniele Rosa Monteiro Bittencourt, pelo período de 180 dias; 3. A Portaria nº 1682/2024 que prorrogou a licença sem vencimentos da empregada pública do Coren-RJ, Daniele Rosa Monteiro Bittencourt, pelo período de 180 dias; 4. O novo pedido de prorrogação apresentado pela empregada; 5. O deliberado na 433ª Reunião Ordinária de Diretoria, resolve:</p><p>Art. 1º. Prorrogar por 1 (um) ano a Licença sem Vencimentos concedida à empregada pública DANIELE ROSA MONTEIRO BITTENCOURT, matrícula nº 000384, ocupante do cargo de Agente Administrativo, a contar de 21/07/2025, com retorno previsto para 20/07/2026, de acordo com o Acordo Coletivo de Trabalho vigente. Parágrafo Único. Durante o curso da licença em comento, a empregada terá seu contrato de trabalho suspenso e não fará jus ao pagamento de salário e dos benefícios de auxílio-creche, vale alimentação, vale refeição, vale transporte, plano de saúde, bem como qualquer outra verba devida pela prestação de serviços.</p><p>Art. 2º. Esta portaria entrará em vigor na data de sua assinatura, produzindo efeitos administrativos e financeiros a partir da data supracitada.</p><p class="assina">LILIAN PRATES BELEM BEHRING</p><p class="cargo">Presidente do Conselho</p><p class="cargo">ANTONIO DA SILVA RIBEIRO</p><p class="cargo">Primeiro Secretário</p>]]></Texto>
  </body>
  <Midias />
</article></xml>