﻿<xml><article id="44203923" name="6. DOU modelo IMPRENSA NACIONAL" idOficio="11111034" pubName="DO2" artType="Ato" pubDate="01/07/2025" artClass="00069:00001:00001:00000:00000:00000:00000:00000:00000:00000:00001:00000" artCategory="Poder Legislativo/Câmara dos Deputados/Presidêcia" artSize="12" artNotes="" numberPage="89" pdfPage="http://pesquisa.in.gov.br/imprensa/jsp/visualiza/index.jsp?data=01/07/2025&amp;jornal=529&amp;pagina=89" editionNumber="121" highlightType="" highlightPriority="" highlight="" highlightimage="" highlightimagename="" idMateria="22816301">
  <body>
    <Identifica><![CDATA[ ATO de  27 de junho de 2025]]></Identifica>
    <Data><![CDATA[]]></Data>
    <Ementa />
    <Titulo />
    <SubTitulo />
    <Texto><![CDATA[<p class="identifica">ATO de 27 de junho de 2025</p><p>O PRESIDENTE DA CÂMARA DOS DEPUTADOS, no uso das atribuições que lhe confere o artigo 1º, inciso I, alínea "a", do Ato da Mesa n. 106, de 26 de novembro de 1998, e tendo em vista o que consta do Processo n. 809.097/2025-CD, resolve:</p><p>Conceder aposentadoria ao ex-Deputado Federal VICTOR PIRES FRANCO NETO, a partir de 18 de junho de 2025, com proventos correspondentes a dezesseis trinta e cinco avos da remuneração fixada para os membros do Congresso Nacional, nos termos do artigo 2º, caput, inciso II, alínea "b", da Lei n. 9.506, de 30 de outubro de 1997.</p><p class="assina">Hugo Motta</p>]]></Texto>
  </body>
  <Midias />
</article></xml>