﻿<xml><article id="44203737" name="PORTARIA N 596_22816290" idOficio="11111023" pubName="DO2" artType="Portaria" pubDate="01/07/2025" artClass="00016:00012:00008:00040:00000:00000:00000:00000:00000:00000:00017:00000" artCategory="Ministério da Defesa/Comando da Marinha/Comando de Operações Navais/1º Distrito Naval" artSize="12" artNotes="" numberPage="17" pdfPage="http://pesquisa.in.gov.br/imprensa/jsp/visualiza/index.jsp?data=01/07/2025&amp;jornal=529&amp;pagina=17" editionNumber="121" highlightType="" highlightPriority="" highlight="" highlightimage="" highlightimagename="" idMateria="22816290">
  <body>
    <Identifica><![CDATA[ PORTARIA Com1°DN N° 596, DE 6 DE JUNHO DE 2025]]></Identifica>
    <Data><![CDATA[]]></Data>
    <Ementa />
    <Titulo />
    <SubTitulo />
    <Texto><![CDATA[<p class="identifica">PORTARIA Com1°DN N° 596, DE 6 DE JUNHO DE 2025</p><p>O COMANDANTE DO 1° DISTRITO NAVAL, no uso da atribuição que lhe confere o § 4°, do art. 2°, da Portaria n° 71, de 8 de abril de 2022, do Comandante de Operações Navais; e tendo em vista o previsto no inciso III, da alínea b, do § 1°, do art. 3°, da Lei n° 6.880, de 9 de dezembro de 1980 (Estatuto dos Militares), alterada pela Lei n° 13.954, de 16 de dezembro de 2019; e o contido nas Normas sobre Tarefa por Tempo Certo e Designações para o Serviço Ativo (DGPM-314 - 6ª Revisão - Mod.4), resolve:</p><p>Art. 1º Renovar o período de prestação de Tarefa por Tempo Certo do SO-RM1-AD 85.7321.92 AILTON BATISTA DE FARIA, prevista na Portaria nº 502/2023, do Com1ºDN, no período de 04MAI2025 a 03MAI2027, sob o regime de quarenta horas de trabalho semanais, na área de Administração, na CPRJ. na função de Assessor do Encarregado da Execução Financeira, NEO 32.1.0.2.</p><p>Art. 2º Esta Portaria entra em vigor na presente data, com efeitos administrativos retroativos, a partir de 04MAI2025.</p><p class="assina">V Alte THADEU MARCOS OROSCO COELHO LOBO</p>]]></Texto>
  </body>
  <Midias />
</article></xml>