﻿<xml><article id="44203734" name="LAUDA SCEP DOU 30-06-2025 - CPV " idOficio="11110996" pubName="DO2" artType="Portaria" pubDate="01/07/2025" artClass="00070:00056:00003:00009:00005:00000:00000:00000:00000:00000:00017:00000" artCategory="Poder Judiciário/Tribunal Regional do Trabalho da 15ª Região/Diretoria-Geral/Secretaria de Gestão de Pessoas/Coordenadoria de Provimento e Vacância" artSize="12" artNotes="" numberPage="102" pdfPage="http://pesquisa.in.gov.br/imprensa/jsp/visualiza/index.jsp?data=01/07/2025&amp;jornal=529&amp;pagina=102" editionNumber="121" highlightType="" highlightPriority="" highlight="" highlightimage="" highlightimagename="" idMateria="22816280">
  <body>
    <Identifica><![CDATA[ PORTARIA CPV Nº 541, de 17 de junho de 2025]]></Identifica>
    <Data><![CDATA[]]></Data>
    <Ementa />
    <Titulo />
    <SubTitulo />
    <Texto><![CDATA[<p class="identifica">PORTARIA CPV Nº 541, de 17 de junho de 2025</p><p>O COORDENADOR DE PROVIMENTO E VACÂNCIA SUBSTITUTO DO TRIBUNAL REGIONAL DO TRABALHO DA 15ª REGIÃO, no uso da competência subdelegada pela Portaria SEGP n.º 01/2019, e tendo em vista o que consta do PROAD n.º 11422/2025, resolve:</p><p>Designar, a partir da publicação desta portaria, MARTA DA SILVA TORRES, Técnica Judiciária, área Administrativa, do Quadro Permanente da Secretaria deste Tribunal, lotada na Vara do Trabalho de Salto, para exercer a função comissionada de Calculista FC-04, dispensando AMARILDO VIEIRA.</p><p class="assina">VITOR DIAS FERNANDES</p><p class="identifica">PORTARIA CPV Nº 553, de 25 de junho de 2025</p><p>O COORDENADOR DE PROVIMENTO E VACÂNCIA SUBSTITUTO DO TRIBUNAL REGIONAL DO TRABALHO DA 15ª REGIÃO, no uso da competência subdelegada pela Portaria SEGP n.º 01/2019, e tendo em vista o que consta do PROAD n.º 12309/2025, resolve:</p><p>Designar, a partir da publicação desta portaria, TIAGO SANTANA LEAL, Técnico Judiciário, área Apoio Especializado, especialidade Tecnologia da Informação, do Quadro Permanente da Secretaria deste Tribunal, lotado na Seção de Sistemas Básicos de Infraestrutura de TIC, da Secretaria de Tecnologia da Informação e Comunicações, para exercer a função comissionada de Assistente FC-02, dispensando BRUNO DE ALMEIDA LOPES MORENO.</p><p class="assina">VITOR DIAS FERNANDES</p><p class="identifica">PORTARIA CPV Nº 562, de 27 de junho de 2025</p><p>O COORDENADOR DE PROVIMENTO E VACÂNCIA SUBSTITUTO DO TRIBUNAL REGIONAL DO TRABALHO DA 15ª REGIÃO, no uso da competência subdelegada pela Portaria SEGP n.º 01/2019, e tendo em vista o que consta do PROAD n.º 12527/2025, resolve:</p><p>Designar, a partir da publicação desta portaria, MARCELO GOMES DOS SANTOS, Técnico Judiciário, área Administrativa, do Quadro Permanente da Secretaria deste Tribunal, lotado na Seção de Controle de Remoções, da Secretaria de Gestão de Pessoas, para exercer a função comissionada de Assistente FC-02, dispensando RAQUEL MACEDO DIAS.</p><p class="assina">VITOR DIAS FERNANDES</p>]]></Texto>
  </body>
  <Midias />
</article></xml>