﻿<xml><article id="44201112" name="ATO TRT21- GP NA 173-2025" idOficio="11110373" pubName="DO2" artType="Ato" pubDate="01/07/2025" artClass="00070:00062:00001:00002:00001:00000:00000:00000:00000:00000:00001:00000" artCategory="Poder Judiciário/Tribunal Regional do Trabalho da 21ª Região/Presidência/Diretoria-Geral/Secretaria Administrativa" artSize="12" artNotes="" numberPage="104" pdfPage="http://pesquisa.in.gov.br/imprensa/jsp/visualiza/index.jsp?data=01/07/2025&amp;jornal=529&amp;pagina=104" editionNumber="121" highlightType="" highlightPriority="" highlight="" highlightimage="" highlightimagename="" idMateria="22815482">
  <body>
    <Identifica><![CDATA[ ATO TRT21-GP Nº 173,  DE 30 DE JUNHO DE 2025]]></Identifica>
    <Data><![CDATA[]]></Data>
    <Ementa />
    <Titulo />
    <SubTitulo />
    <Texto><![CDATA[<p class="identifica">ATO TRT21-GP Nº 173, DE 30 DE JUNHO DE 2025</p><p>A DESEMBARGADORA VICE-PRESIDENTE NO EXERCÍCIO DA PRESIDÊNCIA DO TRIBUNAL REGIONAL DO TRABALHO DA 21ª REGIÃO, no uso de suas atribuições,</p><p>Considerando as disposições contidas no art. 23 do Regimento Interno, resolve:</p><p>I - Exonerar MARY ANN RIOS FORTE PARANHOS, matrícula nº 308.21.9324, do Cargo em Comissão de Secretário da Escola Judicial (CJ-03).</p><p>II Nomear ERIC CARRERAS HOMEM DE SIQUEIRA, matrícula nº 308.21.2019, do Cargo em Comissão de Secretário da Escola Judicial (CJ-03).</p><p class="assina">ISAURA MARIA BARBALHO SIMONETTI</p>]]></Texto>
  </body>
  <Midias />
</article></xml>