﻿<xml><article id="44201922" name="srh2706" idOficio="11110623" pubName="DO2" artType="Portaria" pubDate="01/07/2025" artClass="00025:00096:00000:00000:00000:00000:00000:00000:00000:00000:00017:00000" artCategory="Ministério da Educação/Universidade Federal de Campina Grande" artSize="12" artNotes="" numberPage="34" pdfPage="http://pesquisa.in.gov.br/imprensa/jsp/visualiza/index.jsp?data=01/07/2025&amp;jornal=529&amp;pagina=34" editionNumber="121" highlightType="" highlightPriority="" highlight="" highlightimage="" highlightimagename="" idMateria="22815788">
  <body>
    <Identifica><![CDATA[ PORTARIAS R/SRH DE 27 DE JUNHO DE 2025]]></Identifica>
    <Data><![CDATA[]]></Data>
    <Ementa />
    <Titulo />
    <SubTitulo />
    <Texto><![CDATA[<p class="identifica">PORTARIAS R/SRH DE 27 DE JUNHO DE 2025</p><p>O REITOR DA UNIVERSIDADE FEDERAL DE CAMPINA GRANDE, tendo em vista a Lei n.º 10.419, de 09 de abril de 2002 (D.O.U. de 10/04/02) e o Decreto do Presidente da República de 14 de fevereiro de 2025, publicado no Diário Oficial da União (DOU), Edição Extra 32-A, Seção 2 - Extra A, p. 1), no uso de suas atribuições, resolve:</p><p>Nº 1.339 - Designar, em caráter pro tempore, o servidor na função abaixo relacionada, referente ao Colegiado da Unidade Acadêmica de Ciências Agrárias do Centro de Ciências e Tecnologia Agroalimentar desta Universidade, com efeito em 24 de junho de 2025. (processo nº 23096.040973/2025-21)</p><p /><p></p><table><tr /><tr><td rowspan="1" colspan="1"><p>SERVIDOR(A)</p></td><td rowspan="1" colspan="1"><p>Matrícula</p></td><td rowspan="1" colspan="1"><p>FUNÇÃO pro tempore - UAGRA/CCTA/UFCG</p></td></tr><tr><td rowspan="1" colspan="1"><p>ANCÉLIO RICARDO DE OLIVEIRA GONDIM</p></td><td rowspan="1" colspan="1"><p>1768510</p></td><td rowspan="1" colspan="1"><p>FG-01 - COORDENADOR ADMINISTRATIVO</p></td></tr></table><p>Nº 1.341 - Dispensar os servidores das funções abaixo relacionadas, referente ao Colegiado da Unidade Acadêmica de Engenharia Elétrica do Centro de Engenharia Elétrica e Informática desta Universidade, com efeito a partir de 07 de julho de 2023. (atendendo ao Ofício SEI nº 19/2025/CA-UAEE-CEEI/UAEE-CEEI e no que consta no processo nº 23096.024104/2025-50)</p><p /><p></p><table><tr /><tr><td rowspan="1" colspan="1"><p>SERVIDOR(A)</p></td><td rowspan="1" colspan="1"><p>Matrícula</p></td><td rowspan="1" colspan="1"><p>FUNÇÃO - UAEE/CEEI/UFCG</p></td></tr><tr><td rowspan="1" colspan="1"><p>JAIDILSON JO DA SILVA</p></td><td rowspan="1" colspan="1"><p>1670062</p></td><td rowspan="1" colspan="1"><p>FG-01 - COORDENADOR ADMINISTRATIVO</p></td></tr><tr><td rowspan="1" colspan="1"><p>ALEXANDRE JEAN RENE SERRES</p></td><td rowspan="1" colspan="1"><p>1892340</p></td><td rowspan="1" colspan="1"><p>FUC-01 - COORDENADOR DE PÓS-GRADUAÇÃO</p></td></tr><tr><td rowspan="1" colspan="1"><p>GEORGE ACIOLI JUNIOR</p></td><td rowspan="1" colspan="1"><p>1767260</p></td><td rowspan="1" colspan="1"><p>FUC-01 - COORDENADOR DE GRADUAÇÃO do Curso de Engenharia Elétrica</p></td></tr><tr><td rowspan="1" colspan="1"><p>LUIZ AUGUSTO MEDEIROS MARTINS NOBREGA</p></td><td rowspan="1" colspan="1"><p>1221407</p></td><td rowspan="1" colspan="1"><p>COORDENADOR DE PESQUISA E EXTENSÃO (Não gratificada)</p></td></tr></table><p>Nº 1.342 - Designar os servidores nas funções abaixo relacionadas, referente ao Colegiado da Unidade Acadêmica de Engenharia Elétrica do Centro de Engenharia Elétrica e Informática desta Universidade, com efeito a partir de 08 de julho de 2023. (atendendo ao Ofício SEI nº 19/2025/CA-UAEE-CEEI/UAEE-CEEI e no que consta no processo nº 23096.024104/2025-50)</p><p /><p></p><table><tr /><tr><td rowspan="1" colspan="1"><p>SERVIDOR(A)</p></td><td rowspan="1" colspan="1"><p>Matrícula</p></td><td rowspan="1" colspan="1"><p>FUNÇÃO - UAEE/CEEI/UFCG</p></td></tr><tr><td rowspan="1" colspan="1"><p>KYLLER COSTA GORGÔNIO</p></td><td rowspan="1" colspan="1"><p>1897692</p></td><td rowspan="1" colspan="1"><p>FG-01 - COORDENADOR ADMINISTRATIVO</p></td></tr><tr><td rowspan="1" colspan="1"><p>EISENHAWER DE MOURA FERNANDES</p></td><td rowspan="1" colspan="1"><p>1550357</p></td><td rowspan="1" colspan="1"><p>FUC-01 - COORDENADOR DE PÓS-GRADUAÇÃO</p></td></tr><tr><td rowspan="1" colspan="1"><p>RONIMACK TRAJANO DE SOUZA</p></td><td rowspan="1" colspan="1"><p>1886707</p></td><td rowspan="1" colspan="1"><p>FUC-01 - COORDENADOR DE GRADUAÇÃO do Curso de Engenharia Elétrica</p></td></tr><tr><td rowspan="1" colspan="1"><p>WAMBERTO JOSÉ LIRA DE QUEIROZ</p></td><td rowspan="1" colspan="1"><p>1559902</p></td><td rowspan="1" colspan="1"><p>COORDENADOR DE PESQUISA E EXTENSÃO (Não gratificada)</p></td></tr></table><p>Art. 2º - O exercício será pelo prazo de 02 (dois) anos, referente ao biênio (2025-2027).</p><p>Nº 1.344 - Dispensar os servidores das funções abaixo relacionadas, referente à Direção do Hospital Veterinário Universitário do Centro de Saúde e Tecnologia Rural, Campus - Patos, desta Universidade, com efeito em 30 de junho de 2025. (atendendo ao Ofício SEI nº 113/2025/DC-CSTR/CSTR-PATOS, e no que consta no processo nº 23096.030019/2025-21)</p><p /><p></p><table><tr /><tr><td rowspan="1" colspan="1"><p>Servidor</p></td><td rowspan="1" colspan="1"><p>Matrícula</p></td><td rowspan="1" colspan="1"><p>Função - HV/CSTR/UFCG</p></td></tr><tr><td rowspan="1" colspan="1"><p>MARCELO JORGE CAVALCANTI DE SÁ</p></td><td rowspan="1" colspan="1"><p>338113</p></td><td rowspan="1" colspan="1"><p>(CD-04) - DIRETOR DO HOSPITAL VETERINÁRIO UNIVERSITÁRIO</p></td></tr><tr><td rowspan="1" colspan="1"><p>VALDIR MORAIS DE ALMEIDA</p></td><td rowspan="1" colspan="1"><p>1406222</p></td><td rowspan="1" colspan="1"><p>VICE-DIRETOR DO HOSPITAL VETERINÁRIO UNIVERSITÁRIO (sem gratificação)</p></td></tr></table><p>Nº 1.345 - Designar os servidores para exercer as funções abaixo relacionadas, referente à Direção do Hospital Veterinário Universitário do Centro de Saúde e Tecnologia Rural, Campus - Patos, desta Universidade, com efeito em 01 de julho de 2025. (atendendo ao Ofício SEI nº 113/2025/DC-CSTR/CSTR-PATOS, e no que consta no processo nº 23096.030019/2025-21, )</p><p /><p></p><table><tr /><tr><td rowspan="1" colspan="1"><p>Servidor</p></td><td rowspan="1" colspan="1"><p>Matrícula</p></td><td rowspan="1" colspan="1"><p>Função - HV/CSTR/UFCG</p></td></tr><tr><td rowspan="1" colspan="1"><p>VALDIR MORAIS DE ALMEIDA</p></td><td rowspan="1" colspan="1"><p>1406222</p></td><td rowspan="1" colspan="1"><p>(CD-04) - DIRETOR DO HOSPITAL VETERINÁRIO UNIVERSITÁRIO</p></td></tr><tr><td rowspan="1" colspan="1"><p>MARCELO JORGE CAVALCANTI DE SÁ</p></td><td rowspan="1" colspan="1"><p>338113</p></td><td rowspan="1" colspan="1"><p>VICE-DIRETOR DO HOSPITAL VETERINÁRIO UNIVERSITÁRIO (sem gratificação)</p></td></tr></table><p>CAMILO ALLYSON SIMÕES DE FARIAS</p>]]></Texto>
  </body>
  <Midias />
</article></xml>