﻿<xml><article id="44200097" name="PORTARIA NA 2665.25 - REITORA TI" idOficio="11109922" pubName="DO2" artType="Portaria" pubDate="01/07/2025" artClass="00025:00057:00038:00001:00000:00000:00000:00000:00000:00000:00017:02665" artCategory="Ministério da Educação/Instituto Federal de Educação, Ciência e Tecnologia da Bahia/Diretoria de Gestão de Pessoas/REI/Departamento de Administração e Pagamento/REI" artSize="12" artNotes="" numberPage="23" pdfPage="http://pesquisa.in.gov.br/imprensa/jsp/visualiza/index.jsp?data=01/07/2025&amp;jornal=529&amp;pagina=23" editionNumber="121" highlightType="" highlightPriority="" highlight="" highlightimage="" highlightimagename="" idMateria="22814888">
  <body>
    <Identifica><![CDATA[ PORTARIA Nº 2.665, DE 25 DE JUNHO DE 2025]]></Identifica>
    <Data><![CDATA[]]></Data>
    <Ementa />
    <Titulo />
    <SubTitulo />
    <Texto><![CDATA[<p class="identifica">PORTARIA Nº 2.665, DE 25 DE JUNHO DE 2025</p><p>A REITORA DO INSTITUTO FEDERAL DE EDUCAÇÃO, CIÊNCIA E TECNOLOGIA DA BAHIA, no uso das atribuições legais que lhe confere o Decreto de 19/03/2024, publicado no Diário Oficial da União de 20/03/2024, considerando o disposto na Portaria MEC nº 1.373, de 18/07/2019, publicada no Diário Oficial da União de 19/07/2019, e tendo em vista o teor do Processo Administrativo nº 23845.001394/2025-43, resolve:</p><p>Art. 1º - Dispensar a pedido, a contar do dia 16/06/2025, o servidor RONALDO GONCALVES PIRES, ocupante do cargo efetivo de Professor do Ensino Básico, Técnico e Tecnológico, matrícula SIAPE nº 1002243, da função de Assistente de Departamento de Ensino do campus Juazeiro, código FG-02, para a qual foi designado através da Portaria nº 837, de 10/03/2025, publicada no Diário Oficial da União de 13/03/2025.</p><p>Art. 2º - Esta portaria entra em vigor na data da sua publicação no Diário Oficial da União.</p><p class="assina">LUZIA MATOS MOTA</p>]]></Texto>
  </body>
  <Midias />
</article></xml>