﻿<xml><article id="44202996" name="PORTARIA NA 2.437 - 30.06.2025 -" idOficio="11110841" pubName="DO2" artType="Portaria" pubDate="01/07/2025" artClass="00025:00117:00000:00000:00000:00000:00000:00000:00000:00000:00013:00004" artCategory="Ministério da Educação/Universidade Federal de Pernambuco" artSize="12" artNotes="" numberPage="41" pdfPage="http://pesquisa.in.gov.br/imprensa/jsp/visualiza/index.jsp?data=01/07/2025&amp;jornal=529&amp;pagina=41" editionNumber="121" highlightType="" highlightPriority="" highlight="" highlightimage="" highlightimagename="" idMateria="22816083">
  <body>
    <Identifica><![CDATA[ PORTARIA Nº 2.437, DE 30 DE JUNHO DE 2025]]></Identifica>
    <Data><![CDATA[]]></Data>
    <Ementa />
    <Titulo />
    <SubTitulo />
    <Texto><![CDATA[<p class="identifica">PORTARIA Nº 2.437, DE 30 DE JUNHO DE 2025</p><p>O REITOR DA UNIVERSIDADE FEDERAL DE PERNAMBUCO, no uso das atribuições legais e estatutárias, resolve:</p><p>Retificar a Portaria de Pessoal n.º 2303/2025, de 17/06/2025, referente à NOMEAÇÃO de EDUARDO JORGE DA SILVA RAMOS, Matrícula SIAPE n° 2732192, nos seguintes termos:</p><p>I - ONDE SE LÊ: " ... EDUARDO JORGE DA SILVA RAMOS, Matrícula SIAPE n° 1732192... "</p><p>II - LEIA-SE: " ... EDUARDO JORGE DA SILVA RAMOS, Matrícula SIAPE n° 2732192... "</p><p>III - Ficando ratificados os demais.</p><p>Processo n.º 23076.051879/2025-96.</p><p class="assina">ALFREDO MACEDO GOMES</p>]]></Texto>
  </body>
  <Midias />
</article></xml>