﻿<xml><article id="44200289" name="Port. APO - 6192" idOficio="11105332" pubName="DO2" artType="Portaria" pubDate="01/07/2025" artClass="00025:00110:00001:00000:00000:00000:00000:00000:00000:00000:00017:00002" artCategory="Ministério da Educação/Universidade Federal de Minas Gerais/Reitoria" artSize="12" artNotes="" numberPage="37" pdfPage="http://pesquisa.in.gov.br/imprensa/jsp/visualiza/index.jsp?data=01/07/2025&amp;jornal=529&amp;pagina=37" editionNumber="121" highlightType="" highlightPriority="" highlight="" highlightimage="" highlightimagename="" idMateria="22808120">
  <body>
    <Identifica><![CDATA[ PORTARIA Nº 6.192, DE 24 DE JUNHO DE 2025]]></Identifica>
    <Data><![CDATA[]]></Data>
    <Ementa />
    <Titulo />
    <SubTitulo />
    <Texto><![CDATA[<p class="identifica">PORTARIA Nº 6.192, DE 24 DE JUNHO DE 2025</p><p>A Reitora da Universidade Federal de Minas Gerais, no uso de suas atribuições e considerando a documentação que instrui o Processo n.° 23072.202500/2025-01, resolve:</p><p>Nos termos do Art. 10, §1º, I da Emenda Constitucional n.° 103/2019, aposentar Geraldo Brasileiro Filho, matrícula SIAPE n.° 0319646, ocupante do cargo de Professor do Magistério Superior, Classe D, com denominação de Professor Titular, Nível 01, lotado na Faculdade de Medicina, com proventos na proporção de 134% (cento e trinta e quatro por cento) de sua remuneração, por ter provado contar 57 (cinquenta e sete) anos de contribuição, calculados de acordo com a média aritmética simples das remunerações correspondentes a 100% (cem por cento) do período contributivo desde a competência julho de 1994, conforme o Art. 26, caput e §2º, II, da Emenda Constitucional n.° 103/2019.</p><p class="assina">SANDRA REGINA GOULART ALMEIDA</p>]]></Texto>
  </body>
  <Midias />
</article></xml>