﻿<xml><article id="44201037" name="CCNE.Portarias.2025__LMVSOD" idOficio="11110350" pubName="DO2" artType="Portaria" pubDate="01/07/2025" artClass="00025:00128:00003:00000:00000:00000:00000:00000:00000:00000:00017:00000" artCategory="Ministério da Educação/Universidade Federal de Santa Maria/Centro de Ciências Naturais e Exatas" artSize="12" artNotes="" numberPage="45" pdfPage="http://pesquisa.in.gov.br/imprensa/jsp/visualiza/index.jsp?data=01/07/2025&amp;jornal=529&amp;pagina=45" editionNumber="121" highlightType="" highlightPriority="" highlight="" highlightimage="" highlightimagename="" idMateria="22815490">
  <body>
    <Identifica><![CDATA[ PORTARIA DE PESSOAL CCNE/UFSM Nº 154, DE 30 DE JUNHO DE 2025]]></Identifica>
    <Data><![CDATA[]]></Data>
    <Ementa />
    <Titulo />
    <SubTitulo />
    <Texto><![CDATA[<p class="identifica">PORTARIA DE PESSOAL CCNE/UFSM Nº 154, DE 30 DE JUNHO DE 2025</p><p>O DIRETOR DO CENTRO DE CIÊNCIAS NATURAIS E EXATAS da Universidade Federal de Santa Maria, nomeado pela Portaria de Pessoal UFSM n. 26, de 03/01/2022, no uso de suas atribuições legais e estatutárias, de acordo com o Art. 73 do Regimento Geral da UFSM, resolve:</p><p>DESIGNAR Luiz Alberto Diaz Rodrigues, Matrícula SIAPE 382300, ocupante do cargo de Professor do Magistério Superior, do Quadro Único de Pessoal da UFSM, para exercer a Função Comissionada de Coordenador do Curso de Pós-Graduação em Matemática do Centro de Ciências Naturais e Exatas, Código FCC.012, até 30 de agosto de 2025.</p><p>II - Esta Portaria entra em vigor na data de sua publicação.</p><p class="assina">JOSÉ NERI G. PANIZ</p>]]></Texto>
  </body>
  <Midias />
</article></xml>