﻿<xml><article id="44201916" name="DIREX - Portaria 3755.2025" idOficio="11110576" pubName="DO2" artType="Portaria" pubDate="01/07/2025" artClass="00050:00020:00027:00000:00000:00000:00000:00000:00000:00000:00017:00002" artCategory="Ministério dos Transportes/Departamento Nacional de Infraestrutura de Transportes/Diretoria Executiva" artSize="12" artNotes="" numberPage="81" pdfPage="http://pesquisa.in.gov.br/imprensa/jsp/visualiza/index.jsp?data=01/07/2025&amp;jornal=529&amp;pagina=81" editionNumber="121" highlightType="" highlightPriority="" highlight="" highlightimage="" highlightimagename="" idMateria="22815758">
  <body>
    <Identifica><![CDATA[ PORTARIA Nº 3.755, DE 18 DE JUNHO DE 2025]]></Identifica>
    <Data><![CDATA[]]></Data>
    <Ementa />
    <Titulo />
    <SubTitulo />
    <Texto><![CDATA[<p class="identifica">PORTARIA Nº 3.755, DE 18 DE JUNHO DE 2025</p><p>O Diretor-Executivo do Departamento Nacional de Infraestrutura de Transportes - DNIT, no uso das suas atribuições regimentais e da competência que lhe foi delegada pela Portaria n.º 1.241, de 8 de março de 2024, publicada no Diário Oficial da União, de 13 de março de 2024, bem como o constante no processo n.º 50612.000661/2023-18, resolve:</p><p>Art. 1º Ficam designados os servidores: Flávia Cintra Evangelista, matrículas DNIT n.º 1395 e SIAPE n.º 1180256, Diogo Rodrigues Vieira, matrículas DNIT n.º 5496 e SIAPE n.º 1485903, Fábio Borges de Oliveira, matrículas DNIT n.º 3308 e SIAPE n.º 1549653, Eliane Dourado, matrículas DNIT n.º 5500 e SIAPE n.º 22202199, Renata Maria Pereira Siqueira, matrículas DNIT n.º 4921-2 e SIAPE n.º 2064432 e Fábio Gonçalves Guimarães, matrículas DNIT n.º 4030-1 e SIAPE n.º 2063715 como agentes de contratação, no âmbito da Superintendência Regional do DNIT no Estado de Goiás e Distrito Federal.</p><p>Art. 2º Designar os servidores: Diogo Rodrigues Vieira, matrículas DNIT n.º 5496 e SIAPE n.º 1485903; Fábio Borges de Oliveira, matrículas DNIT n.º 3308 e SIAPE n.º 1549653; Flávia Cintra Evangelista, matrículas DNIT n.º 1395 e SIAPE n.º 1180256; Fabrício de Oliveira Lima, matrículas DNIT n.º 4070 e SIAPE n.º 1787865; Eliane Dourado, matrículas DNIT n.º 5500 e SIAPE n.º 22202199; Renata Maria Pereira Siqueira, matrículas DNIT n.º 4921-2 e SIAPE n.º 2064432; Fábio Gonçalves Guimarães, matrículas DNIT n.º 4030-1 e SIAPE n.º 2063715; Anderson Pereira Leite, matrículas DNIT n.º 3634 e SIAPE n.º 1571471, Kenmuel Lima Queiroz, matrículas DNIT n.º 3636 e SIAPE n.º 1570938; Cláudio Macedo Ferreira, matrículas DNIT n.º 3632 e SIAPE n.º 1571042; Leandro de Assis Pereira, matrículas DNIT 4057 e SIAPE n.º 1785645; Joberth David Borba Neves, matrículas DNIT n.º 5140 e SIAPE n.º 20636205; e Gustavo Zanelati Ribeiro, matrículas DNIT n.º 5420 e SIAPE n.º 21242898, para a composição da equipe de apoio aos agentes de contratações, comissão de contratação e equipe de apoio.</p><p>Art. 3º Para os fins previstos no art. 7° da Lei n.º 14.133, de 1 de abril de 2021, a autoridade imediatamente superior aos agentes é o Superintendente Regional do DNIT no Estado de Goiás e Distrito Federal.</p><p>Art. 4º Esta Portaria entra em vigor na data de sua publicação.</p><p class="assina">CARLOS ANTÔNIO ROCHA DE BARROS</p>]]></Texto>
  </body>
  <Midias />
</article></xml>