﻿<xml><article id="44200136" name="ATO Portaria NA 103" idOficio="11108379" pubName="DO2" artType="Portaria" pubDate="01/07/2025" artClass="00070:00001:00000:00000:00000:00000:00000:00000:00000:00000:00017:00004" artCategory="Poder Judiciário/Supremo Tribunal Federal/Presidência" artSize="12" artNotes="" numberPage="90" pdfPage="http://pesquisa.in.gov.br/imprensa/jsp/visualiza/index.jsp?data=01/07/2025&amp;jornal=529&amp;pagina=90" editionNumber="121" highlightType="" highlightPriority="" highlight="" highlightimage="" highlightimagename="" idMateria="22812402">
  <body>
    <Identifica><![CDATA[ Portaria Nº 103, DE 25 DE junho DE 2025]]></Identifica>
    <Data><![CDATA[]]></Data>
    <Ementa />
    <Titulo />
    <SubTitulo />
    <Texto><![CDATA[<p class="identifica">Portaria Nº 103, DE 25 DE junho DE 2025</p><p>O PRESIDENTE DO SUPREMO TRIBUNAL FEDERAL, no uso de suas atribuições e tendo em vista o art. 35, II, da Lei n <sup>º</sup> 8.112, de 11 de dezembro de 1990, resolve:</p><p>Exonerar, a pedido, EDUARDO SILVA TOLEDO do cargo em comissão de Diretor-Geral, nível CJ-4, da Secretaria do Tribunal, a contar de 1º de julho de 2025.</p><p class="assina">Min LUÍS ROBERTO BARROSO</p>]]></Texto>
  </body>
  <Midias />
</article></xml>