﻿<xml><article id="44200343" name="CCS.Portaria Centro 225__CF7ILW" idOficio="11109916" pubName="DO2" artType="Portaria" pubDate="01/07/2025" artClass="00025:00128:00005:00000:00000:00000:00000:00000:00000:00000:00017:00000" artCategory="Ministério da Educação/Universidade Federal de Santa Maria/Centro de Ciências da Saúde" artSize="12" artNotes="" numberPage="45" pdfPage="http://pesquisa.in.gov.br/imprensa/jsp/visualiza/index.jsp?data=01/07/2025&amp;jornal=529&amp;pagina=45" editionNumber="121" highlightType="" highlightPriority="" highlight="" highlightimage="" highlightimagename="" idMateria="22814994">
  <body>
    <Identifica><![CDATA[ PORTARIAS DE PESSOAL CCS/UFSM DE 27 DE JUNHO DE 2025 (*)]]></Identifica>
    <Data><![CDATA[]]></Data>
    <Ementa />
    <Titulo />
    <SubTitulo />
    <Texto><![CDATA[<p class="identifica">PORTARIAS DE PESSOAL CCS/UFSM DE 27 DE JUNHO DE 2025 (*)</p><p>O VICE-DIRETOR DO CENTRO DE CIÊNCIAS DA SAÚDE da Universidade Federal de Santa Maria, nomeado pela Portaria N. 1.258, de 23/05/2022, no uso de suas atribuições legais e estatutárias, em virtude da delegação de competência atribuída pelo Regimento Geral da UFSM, artigos 66, inciso XVI e 73, inciso IV, resolve:</p><p>Nº 160-DISPENSAR Roselei Fachinetto, Matrícula SIAPE 2586150, ocupante do cargo de Professor do Magistério Superior, do Quadro Único de Pessoal da UFSM, da Função Comissionada de Coordenadora do Programa de Pós-Graduação em Farmacologia do Centro de Ciências da Saúde do Centro de Ciências da Saúde, Código FCC.040, para a qual foi designada pela Portaria N. 119/CCS, de 29/04/2025.</p><p>II- Esta Portaria entra em vigor na data de sua publicação.</p><p>Nº 161-DESIGNAR Roselei Fachinetto, Matrícula SIAPE 2586150, ocupante do cargo de Professor do Magistério Superior, do Quadro Único de Pessoal da UFSM, para exercer a Função Comissionada de Coordenadora do Programa de Pós-Graduação em Ciências Biológicas: Farmacologia do Centro de Ciências da Saúde do Centro de Ciências da Saúde, Código FCC.040, para um mandato até 29/04/2027.</p><p>II- Esta Portaria entra em vigor na data de sua publicação.</p><p class="assina">WILLIAM SCHOENAU</p><p class="nota">Republicado por ter saído no DOU de 30/06/2025, seção 2, página 41, com incorreção no original.</p>]]></Texto>
  </body>
  <Midias />
</article></xml>