﻿<xml><article id="44203896" name="2025-06-27 - Portarias 656 a 663" idOficio="11111068" pubName="DO2" artType="Portaria" pubDate="01/07/2025" artClass="00025:00142:00000:00000:00000:00000:00000:00000:00000:00000:00017:00001" artCategory="Ministério da Educação/Fundação Universidade Federal do ABC" artSize="12" artNotes="" numberPage="47" pdfPage="http://pesquisa.in.gov.br/imprensa/jsp/visualiza/index.jsp?data=01/07/2025&amp;jornal=529&amp;pagina=47" editionNumber="121" highlightType="" highlightPriority="" highlight="" highlightimage="" highlightimagename="" idMateria="22816320">
  <body>
    <Identifica><![CDATA[ PORTARIAS DE 27 DE JUNHO DE 2025]]></Identifica>
    <Data><![CDATA[]]></Data>
    <Ementa />
    <Titulo />
    <SubTitulo />
    <Texto><![CDATA[<p class="identifica">PORTARIAS DE 27 DE JUNHO DE 2025</p><p>O REITOR DA FUNDAÇÃO UNIVERSIDADE FEDERAL DO ABC (UFABC), reconduzido por Decreto da Presidência da República, de 24 de maio de 2022, publicado no Diário Oficial da União (DOU), Seção 2, página 1, de 25 de maio de 2022, no uso de suas atribuições legais, resolve:</p><p>Nº 656 - Dispensar, nos termos do inciso I do artigo 35 da Lei nº 8.112/1990, o servidor VALTAIR FERNANDES DOS SANTOS, SIAPE 2354027, da função gratificada de Chefe da Divisão de Apoio em Tecnologias Educacionais, código FG-5, a contar de 1° de julho de 2025.</p><p>Nº 657 - Dispensar, nos termos do inciso I do artigo 35 da Lei nº 8.112/1990, o servidor JOSÉ MILTON DE FREITAS NETO, SIAPE 3246494, da função gratificada de Chefe da Divisão de Idiomas, código FG-5, a contar de 1° de julho de 2025.</p><p>Nº 658 - Designar, nos termos do artigo 1° da Lei n° 8.168/1991, o servidor GUSTAVO URUGUAY CASTILHO, SIAPE 2780377, para a função gratificada de Chefe da Divisão de Apoio Educacional a Tecnologias e Idiomas, código FG-5, a contar de 1° de julho de 2025.</p><p>Nº 659 - Designar, nos termos do artigo 1° da Lei n° 8.168/1991, o servidor VALTAIR FERNANDES DOS SANTOS, SIAPE 2354027, para a função gratificada de Assessor de Programas Institucionais, código FG-5, a contar de 1° de julho de 2025.</p><p>Nº 660 - Art. 1º Dispensar, por decisão da Administração, o servidor RAFAEL RONDINA, SIAPE 1941079, do encargo de substituto eventual do(a) Pró-Reitor(a) Adjunto(a) de Planejamento e Desenvolvimento Institucional, a contar de 1° de julho de 2025.</p><p>Art. 2º Dispensar, por decisão da Administração, o servidor RAFAEL RONDINA, SIAPE 1941079, do encargo de substituto eventual do(a) Coordenador(a) de Gestão Estratégica da PROPLADI, código CD-3, a contar de 1° de julho de 2025.</p><p>Nº 661 - Art. 1º Designar o servidor IVAN BAYCER JUNIOR, SIAPE 1321444, para o encargo de substituto eventual do(a) Pró-Reitor(a) Adjunto(a) de Planejamento e Desenvolvimento Institucional, durante os afastamentos, impedimentos legais e regulamentares do(a) titular, a contar de 1° de julho de 2025.</p><p>Art. 2º Designar, nos termos do Artigo 38 da Lei nº 8.112/1990, o servidor IVAN BAYCER JUNIOR, SIAPE 1321444, para o encargo de substituto eventual do(a) Coordenador(a) de Gestão Estratégica da PROPLADI, código CD-3, durante os afastamentos, impedimentos legais e regulamentares do(a) titular, a contar de 1° de julho de 2025.</p><p>Nº 662 - Dispensar, nos termos do inciso II do artigo 35 da Lei nº 8.112/1990, a servidora SILVIA CARLA RODRIGUES, SIAPE 2127870, da função gratificada de Chefe da Seção de Programação Visual, código FG-5, a contar de 1° de julho de 2025.</p><p>Nº 663 - Designar, nos termos do artigo 1° da Lei n° 8.168/1991, a servidora SILVIA CARLA RODRIGUES, SIAPECAD 021278709, para a função gratificada de Chefe da Seção de Programação Visual, código FG-5, a contar de 1° de julho de 2025.</p><p class="assina">DACIO ROBERTO MATHEUS</p>]]></Texto>
  </body>
  <Midias />
</article></xml>