﻿<xml><article id="44203845" name="PORTARIA N 6.269_22816316" idOficio="11111064" pubName="DO2" artType="Portaria" pubDate="01/07/2025" artClass="00025:00121:00000:00000:00000:00000:00000:00000:00000:00000:00017:00000" artCategory="Ministério da Educação/Universidade Federal do Rio de Janeiro" artSize="12" artNotes="" numberPage="43" pdfPage="http://pesquisa.in.gov.br/imprensa/jsp/visualiza/index.jsp?data=01/07/2025&amp;jornal=529&amp;pagina=43" editionNumber="121" highlightType="" highlightPriority="" highlight="" highlightimage="" highlightimagename="" idMateria="22816316">
  <body>
    <Identifica><![CDATA[ PORTARIA N° 6.269, DE 25 DE JUNHO DE 2025]]></Identifica>
    <Data><![CDATA[]]></Data>
    <Ementa />
    <Titulo />
    <SubTitulo />
    <Texto><![CDATA[<p class="identifica">PORTARIA N° 6.269, DE 25 DE JUNHO DE 2025</p><p>O Reitor da Universidade Federal do Rio de Janeiro, no uso de suas atribuições conferidas pelo Decreto de 27 de Junho de 2023, publicada no Diário Oficial da União nº 121 de 28 de Junho de 2023, resolve:</p><p>Designar LEANDRO PINTO RODRIGUES PIMENTEL, Matrícula Siape nº 1713551, Professor do Magistério Superior, para exercer por 2 anos , o mandato de Chefe do Departamento de Métodos Estatísticos, do(a) Instituto de Matemática - IM, FG-1, processo nº 23079.230517/25-80.</p><p class="assina">ROBERTO DE ANDRADE MEDRONHO</p>]]></Texto>
  </body>
  <Midias />
</article></xml>