﻿<xml><article id="44204970" name="DOU2-GO-1-PT-125-UNI-PR-GO-00030" idOficio="11111333" pubName="DO2" artType="Portaria" pubDate="01/07/2025" artClass="00066:00008:00033:00000:00000:00000:00000:00000:00000:00000:00017:00125" artCategory="Ministério Público da União/Ministério Público Federal/Procuradoria da República no Estado de Goiás" artSize="12" artNotes="" numberPage="85" pdfPage="http://pesquisa.in.gov.br/imprensa/jsp/visualiza/index.jsp?data=01/07/2025&amp;jornal=529&amp;pagina=85" editionNumber="121" highlightType="" highlightPriority="" highlight="" highlightimage="" highlightimagename="" idMateria="22816700">
  <body>
    <Identifica><![CDATA[ PORTARIA PR/GO Nº 125, DE 24 DE JUNHO DE 2025]]></Identifica>
    <Data><![CDATA[]]></Data>
    <Ementa />
    <Titulo />
    <SubTitulo />
    <Texto><![CDATA[<p class="identifica">PORTARIA PR/GO Nº 125, DE 24 DE JUNHO DE 2025</p><p>A PROCURADORA-CHEFE DA PROCURADORIA DA REPÚBLICA NO ESTADO DE GOIÁS, no uso das atribuições conferidas pelo art. 56, VI, do Regimento Interno Diretivo do Ministério Público Federal, aprovado pela Portaria PGR/MPF nº 357, de 5 de maio de 2015, e no art. 33, inciso VI, do Regimento Interno Administrativo do Ministério Público Federal, aprovado pela Portaria SG/MPF nº 382, de 5 de maio de 2015, e conforme Memorando nº 376/2025/GABPRE, resolve:</p><p>1. Exonerar ARIVALDO FERNANDES DE ARAUJO, matrícula nº 2656, ocupante do cargo de Analista do MPU/Direito, do cargo em comissão de Assessor-Chefe Nível IV, CC-4, da Assessoria do gabinete do Procurador Regional Eleitoral, na Procuradoria da República em Goiás.</p><p>2. Apostilar a nomeação de SAMUEL ARAUJO LIMA, Bacharel em Direito, matrícula nº 28908, do cargo em comissão de Assessor Nível IV, CC-4, da Assessoria do gabinete do Procurador Regional Eleitoral, na Procuradoria da República em Goiás, realizada originalmente pela Portaria PRGO nº 65, de 3 de março de 2017, publicada no DOU de 6 de março de 2017, para considerar a nomeação para exercer o cargo em comissão de Assessor-Chefe Nível IV, CC-4, da Assessoria do gabinete do Procurador Regional Eleitoral, na Procuradoria da República em Goiás.</p><p>3. Nomear a bacharela em Direito STEFANY PAVANI PEREIRA DA SILVA, para ocupar o cargo em comissão de Assessora Nível IV, CC-4, da Assessoria do gabinete do Procurador Regional Eleitoral, na Procuradoria da República em Goiás</p><p class="assina">LEA BATISTA DE OLIVEIRA MOREIRA LIMA</p>]]></Texto>
  </body>
  <Midias />
</article></xml>