﻿<xml><article id="44200784" name="PORTARIA NOMEACAO APROVEITAMENTO" idOficio="11110151" pubName="DO2" artType="Portaria" pubDate="01/07/2025" artClass="00025:00049:00032:00000:00000:00000:00000:00000:00000:00000:00017:00000" artCategory="Ministério da Educação/Centro Federal de Educação Tecnológica de Minas Gerais/Secretaria de Gestão de Pessoas" artSize="12" artNotes="" numberPage="21" pdfPage="http://pesquisa.in.gov.br/imprensa/jsp/visualiza/index.jsp?data=01/07/2025&amp;jornal=529&amp;pagina=21" editionNumber="121" highlightType="" highlightPriority="" highlight="" highlightimage="" highlightimagename="" idMateria="22815232">
  <body>
    <Identifica><![CDATA[ PORTARIA DE PESSOAL SEGEP/CEFET-MG Nº 616, DE 26 DE JUNHO DE 2025]]></Identifica>
    <Data><![CDATA[]]></Data>
    <Ementa />
    <Titulo />
    <SubTitulo />
    <Texto><![CDATA[<p class="identifica">PORTARIA DE PESSOAL SEGEP/CEFET-MG Nº 616, DE 26 DE JUNHO DE 2025</p><p>A DIRETORA GERAL DO CENTRO FEDERAL DE EDUCAÇÃO TECNOLÓGICA DE MINAS GERAIS, nomeada pela Portaria Ministerial de nº 1935, de 20 de outubro de 2023, publicada no D.O.U. de 24 de outubro de 2023, e o SECRETÁRIO DE GESTÃO DE PESSOAS, nomeado pela Portaria DIR nº 661, de 25 de outubro de 2023, publicada no D.O.U. de 26 de outubro de 2023, no uso de suas atribuições legais e regimentais que lhe são conferidas, e CONSIDERANDO: i) o disposto no art. 1º da Portaria GDG/CEFET-MG Nº 21, de 07 de novembro de 2023, que delega competência ao Secretário de Gestão de Pessoas; ii) e o que consta no Processo nº 23062.009476/2025-43, resolvem:</p><p>Art. 1º NOMEAR em caráter efetivo, nos termos do Art. 9º, Inciso I, da Lei nº 8.112/1990, EMERSON JANUÁRIO DA SILVA, classificada em 13º lugar, pela ampla concorrência, para o cargo de Técnico em Contabilidade, da carreira de Técnico Administrativo em Educação, Nível de Classificação D, Padrão 1, em regime de trabalho de 40 horas semanais, lotação em Belo Horizonte, em aproveitamento do Concurso Público do Instituto Federal de Minas Gerais, regido pelo Edital nº 39/2023, publicado no D.O.U. de 29/05/2023, Seção 3, e suas retificações, homologado conforme publicação no D.O.U de 18/10/2023, Seção 3, na vaga oriunda da posse em outro cargo inacumulável de Paulo Henrique Fernandes Fidelis, conforme a Portaria de Pessoal SEGEP/CEFET-MG Nº 53, de 23/01/2025, publicada no D.O.U de 28/01/2025, sob o código 303016.</p><p>Art. 2º A posse dar-se-á no prazo de 30 (trinta) dias, a contar da data de publicação no Diário Oficial da União.</p><p class="assina">Carla Simone Chamon</p><p class="cargo">Diretora-Geral</p><p class="assina">Wesley Ruas Silva</p><p class="cargo">Secretário de Gestão de Pessoas</p><p></p>]]></Texto>
  </body>
  <Midias />
</article></xml>