﻿<xml><article id="44201271" name="PT 657" idOficio="11110466" pubName="DO2" artType="Portaria" pubDate="01/07/2025" artClass="00047:00002:00021:00040:00014:00000:00000:00000:00000:00000:00017:00657" artCategory="Ministério da Saúde/Secretaria Executiva/Subsecretaria de Assuntos Administrativos/Superintendência Estadual do Ministério da Saúde no Rio de Janeiro/Serviço de Gestão de Pessoas" artSize="12" artNotes="" numberPage="78" pdfPage="http://pesquisa.in.gov.br/imprensa/jsp/visualiza/index.jsp?data=01/07/2025&amp;jornal=529&amp;pagina=78" editionNumber="121" highlightType="" highlightPriority="" highlight="" highlightimage="" highlightimagename="" idMateria="22815596">
  <body>
    <Identifica><![CDATA[ PORTARIA SEGEP/RJ Nº 657, DE 25 DE JUNHO DE 2025]]></Identifica>
    <Data><![CDATA[]]></Data>
    <Ementa />
    <Titulo />
    <SubTitulo />
    <Texto><![CDATA[<p class="identifica">PORTARIA SEGEP/RJ Nº 657, DE 25 DE JUNHO DE 2025</p><p>A CHEFE DO SERVIÇO DE GESTÃO DE PESSOAS, DA SUPERINTENDÊNCIA ESTADUAL DO MINISTÉRIO DA SAÚDE NO RIO DE JANEIRO, DA SUBSECRETARIA DE ASSUNTOS ADMINISTRATIVOS, DA SECRETARIA-EXECUTIVA, DO MINISTÉRIO DA SAÚDE, no uso de suas atribuições legais que lhe foram atribuídas pela PORTARIA DE PESSOAL SE/MS Nº 94, DE 01 DE fevereiro DE 2024, publicada no DOU nº 25, de 5 de fevereiro de 2024, Seção 2, página 68, e tendo em vista o que consta no processo nº 25001.004826/2025-25, resolve:</p><p>Conceder pensão ao Cônjuge MARIA EDY VALLE SUHETT, com fundamento nos artigos 217, inciso I e 222, inciso VII, alínea A da Lei nº 8.112/90, na redação dada pela Lei n° 13.135 de 17.06.2015, em face do falecimento ocorrido em 11/03/2025 do ex-servidor AMILTON TAVARES SUHETT, detentor das matrículas SIAPE nº 0643.168 e 6643.168, Médico, Nível Superior, Classe S, Padrão III, Servidor Aposentado do Quadro de Pessoal deste Ministério, calculada nos termos do artigo 23 da Emenda Constitucional nº 103, de 13/11/2019, cabendo à beneficiária a cota-parte de 1/1 do valor destinado ao benefício, a contar da data do óbito do ex-servidor, devendo ser aplicado o disposto no inciso II do parágrafo 1º, bem como o disposto nos parágrafos 2º e 3º do artigo 24 da citada Emenda.</p><p class="assina">LUCILENA RODRIGUES GIESTEIRA</p>]]></Texto>
  </body>
  <Midias />
</article></xml>