﻿<xml><article id="44200454" name="Portarias -AposentadoriaJunho202" idOficio="11107002" pubName="DO2" artType="Portaria" pubDate="01/07/2025" artClass="00025:00164:00026:00000:00000:00000:00000:00000:00000:00000:00017:00004" artCategory="Ministério da Educação/Universidade Federal de Uberlândia/Pró-Reitoria de Gestão de Pessoas" artSize="12" artNotes="" numberPage="53" pdfPage="http://pesquisa.in.gov.br/imprensa/jsp/visualiza/index.jsp?data=01/07/2025&amp;jornal=529&amp;pagina=53" editionNumber="121" highlightType="" highlightPriority="" highlight="" highlightimage="" highlightimagename="" idMateria="22810719">
  <body>
    <Identifica><![CDATA[ Portarias de 24 de Junho de 2025]]></Identifica>
    <Data><![CDATA[]]></Data>
    <Ementa />
    <Titulo />
    <SubTitulo />
    <Texto><![CDATA[<p class="identifica">Portarias de 24 de Junho de 2025</p><p>O PRÓ-REITOR DE GESTÃO DE PESSOAS DA UNIVERSIDADE FEDERAL DE UBERLÂNDIA, no uso de suas atribuições delegadas pela Portaria de Pessoal UFU nº 166, de 7 de janeiro de 2025, publicado no D.O.U em 08 de janeiro de 2025, Edição 5, Seção 2, página 34, resolve:</p><p>Nº 4.137 - Art. 1º - Conceder pensão a Nilse de Souza, na qualidade de filha maior invalida da ex-servidora aposentada Maria Augusta de Souza, ocupante do cargo de Auxiliar de Laboratório, matrícula SIAPE 0410072, do quadro de pessoal da Universidade Federal de Uberlândia, falecida em 02/10/2024, com fundamento no inciso VI - alínea "B" do art. 3º da Portaria SGP/SEDGG/ME Nº 4645, de 24 de maio de 2022, c/c o art. 215 e 217 da Lei 8.112/90, de 11 de dezembro de 1990, e art. 23 e 24 da EC nº 103, de 12 de novembro de 2019.(processo 23117.041861/2025-01)</p><p>Art. 2º - Esta portaria entra em vigor nesta data, com efeitos retroativos à data de 29 de abril de 2025.</p><p>Nº 4.138 - Art. 1º - Conceder a Teresinha Silva de Jesus, matrícula SIAPE nº 0410710, código de vaga 320639, ocupante do cargo de Servente de Limpeza, Classe A, Padrão 019, do Quadro Permanente desta Universidade, aposentadoria voluntária com proventos integrais, conforme o art. 3º da Emenda Constitucional 47/2005, combinado com o art. 3º da EC 103 de 13/11/2019.(processo 23117.038603/2025-39)</p><p>Nº 4.140 - Art. 1º - Conceder a Debora Cristiane Gomes, matrícula SIAPE nº 1123505, código de vaga 708796, ocupante do cargo de Médico, Classe E, Padrão 019, do Quadro Permanente desta Universidade, aposentadoria voluntária com proventos integrais, conforme o art. 20, § 2º, inciso I da EC 103 de 13/11/2019. (23117.039360/2025-56)</p><p>Nº 4.141 - Art. 1º - Conceder a Mário Antônio Spano, matrícula SIAPE nº 0411463, código de vaga 321333, ocupante do cargo de Professor do Magistério Superior - D - 001, Dedicação Exclusiva, Doutorado, do Quadro Permanente desta Universidade, aposentadoria voluntária com proventos integrais, conforme o art. 3º da Emenda Constitucional 47/2005, combinado com o art. 3º da EC 103 de 13/11/2019 e vantagem do artigo 62-A Lei 8112/90.(23117.039827/2025-68)</p><p>Nº 4.142 - Art. 1º - Conceder a Cláudio Luiz Miotto, matrícula SIAPE nº 0413540, código de vaga 323273, ocupante do cargo de Professor do Magistério Superior - C - 003, Dedicação Exclusiva, Doutorado, do Quadro Permanente desta Universidade, aposentadoria voluntária com proventos integrais, conforme o art. 3º da Emenda Constitucional 47/2005, combinado com o art. 3º da EC 103 de 13/11/2019.(23117.040897/2025-50)</p><p>Nº 4.143 - Art. 1º - Conceder a José Antônio Firmino, matrícula SIAPE nº 0413127, código de vaga 322880, ocupante do cargo de Pintor, Classe B, Padrão 019, do Quadro Permanente desta Universidade, aposentadoria voluntária com proventos integrais, conforme o art. 20, § 2º, inciso I da EC 103 de 13/11/2019.(23117.041070/2025-72)</p><p>Nº 4.144 - Art. 1º - Conceder a Alan Kardec Cassimiro, matrícula SIAPE nº 0411065, código de vaga 320993, ocupante do cargo de Jardineiro, Classe B, Padrão 019, do Quadro Permanente desta Universidade, aposentadoria voluntária com proventos integrais, conforme o art. 3º da Emenda Constitucional 47/2005, combinado com o art. 3º da EC 103 de 13/11/2019.</p><p>Nº 4.145 - Art. 1º - Conceder a Sandra Regina de Paula Coimbra, matrícula SIAPE nº 1123294, código de vaga 708585, ocupante do cargo de Servente de Limpeza, Classe A, Padrão 019, do Quadro Permanente desta Universidade, aposentadoria voluntária com paridade, conforme o art. 4, §6º, inciso I, da EC 103 de 13/11/2019</p><p>Art. 2º - Esta portaria entra em vigor na data de sua publicação no Diário Oficial da União-DOU.</p><p>Portaria de 26 de Junho de 2025</p><p>Nº 4.219 - Art. 1º - Conceder a Hélio Lopes da Silveira, matrícula SIAPE nº 0412251, código de vaga 322037, ocupante do cargo de Professor do Magistério Superior - C - 004, Dedicação Exclusiva, Doutorado, do Quadro Permanente desta Universidade, aposentadoria voluntária com proventos integrais, conforme o art. 3º da Emenda Constitucional 47/2005, combinado com o art. 3º da EC 103 de 13/11/2019.</p><p>Art. 2º - Esta portaria entra em vigor na data de sua publicação no Diário Oficial da União-DOU.</p><p class="assina">Sebastião Elias da Silveira</p>]]></Texto>
  </body>
  <Midias />
</article></xml>