﻿<xml><article id="44201730" name="PORTARIA N 586 SINC 22815621" idOficio="11110529" pubName="DO2" artType="Portaria" pubDate="01/07/2025" artClass="00025:00052:00000:00000:00000:00000:00000:00000:00000:00000:00017:00000" artCategory="Ministério da Educação/Fundo Nacional de Desenvolvimento da Educação" artSize="12" artNotes="" numberPage="22" pdfPage="http://pesquisa.in.gov.br/imprensa/jsp/visualiza/index.jsp?data=01/07/2025&amp;jornal=529&amp;pagina=22" editionNumber="121" highlightType="" highlightPriority="" highlight="" highlightimage="" highlightimagename="" idMateria="22815621">
  <body>
    <Identifica><![CDATA[ PORTARIA FNDE N° 586, DE 27 DE JUNHO DE 2025]]></Identifica>
    <Data><![CDATA[]]></Data>
    <Ementa />
    <Titulo />
    <SubTitulo />
    <Texto><![CDATA[<p class="identifica">PORTARIA FNDE N° 586, DE 27 DE JUNHO DE 2025</p><p>A PRESIDENTE DO FUNDO NACIONAL DE DESENVOLVIMENTO DA EDUCAÇÃO, no uso de suas atribuições e tendo em vista o disposto no Inciso III, do Art. 2º, da Portaria nº 1.819, de 11 de setembro de 2023, e no Decreto nº 12.458, de 21 de maio de 2025, resolve:</p><p>DESIGNAR, ALEXANDRE DIAS DE CARVALHO, CPF: ***. 975.557-**, para exercer a Função Comissionada Executiva de Coordenador, Código FCE 1.10, da Coordenação de Programação Financeira, da Coordenação-Geral de Execução e Operações Financeiras, da Diretoria Financeira, do Fundo Nacional de Desenvolvimento da Educação, ficando dispensado do encargo de substituto eventual da função na qual está sendo designado titular.</p><p class="assina">FERNANDA MARA DE OLIVEIRA MACEDO CARNEIRO PACOBAHYBA</p>]]></Texto>
  </body>
  <Midias />
</article></xml>