﻿<xml><article id="44200043" name="Port 1249" idOficio="11110304" pubName="DO2" artType="Portaria" pubDate="01/07/2025" artClass="00025:00127:00001:00000:00000:00000:00000:00000:00000:00000:00017:00001" artCategory="Ministério da Educação/Universidade Federal de Santa Catarina/Gabinete do Reitor" artSize="12" artNotes="" numberPage="44" pdfPage="http://pesquisa.in.gov.br/imprensa/jsp/visualiza/index.jsp?data=01/07/2025&amp;jornal=529&amp;pagina=44" editionNumber="121" highlightType="" highlightPriority="" highlight="" highlightimage="" highlightimagename="" idMateria="22815383">
  <body>
    <Identifica><![CDATA[ PORTARIA Nº 1.249, DE 25 DE JUNHO DE 2025]]></Identifica>
    <Data><![CDATA[]]></Data>
    <Ementa />
    <Titulo />
    <SubTitulo />
    <Texto><![CDATA[<p class="identifica">PORTARIA Nº 1.249, DE 25 DE JUNHO DE 2025</p><p>O REITOR DA UNIVERSIDADE FEDERAL DE SANTA CATARINA, no uso de suas atribuições, resolve:</p><p>Art. 1º Designar JUCIANE PIRES FRANZ, ASSISTENTE EM ADMINISTRAÇÃO, SIAPE nº 1160349, para exercer a função de Chefe da Seção de Apoio Administrativo - SAA/CGP/GR/UFSC.</p><p>Art. 2º Atribuir à servidora a função gratificada FG5, integrante do Quadro Distributivo de Cargos de Direção e Funções Gratificadas.</p><p>Art. 3º Esta Portaria entra em vigor na data de sua publicação no Diário Oficial da União.(Ref. Sol. 34232/2025)</p><p class="assina">IRINEU MANOEL DE SOUZA</p>]]></Texto>
  </body>
  <Midias />
</article></xml>