﻿<xml><article id="44203722" name="PT 0395-25- 33433.073970" idOficio="11110981" pubName="DO2" artType="Portaria" pubDate="01/07/2025" artClass="00047:00036:00012:00019:00000:00000:00000:00000:00000:00000:00017:00395" artCategory="Ministério da Saúde/Secretaria de Atenção Especializada à Saúde/Departamento de Gestão Hospitalar no Estado do Rio de Janeiro/Hospital Federal dos Servidores do Estado" artSize="12" artNotes="" numberPage="79" pdfPage="http://pesquisa.in.gov.br/imprensa/jsp/visualiza/index.jsp?data=01/07/2025&amp;jornal=529&amp;pagina=79" editionNumber="121" highlightType="" highlightPriority="" highlight="" highlightimage="" highlightimagename="" idMateria="22816288">
  <body>
    <Identifica><![CDATA[ PORTARIA/HFSE/MS/Nº 395, DE 27 DE JUNHO DE 2025]]></Identifica>
    <Data><![CDATA[]]></Data>
    <Ementa />
    <Titulo />
    <SubTitulo />
    <Texto><![CDATA[<p class="identifica">PORTARIA/HFSE/MS/Nº 395, DE 27 DE JUNHO DE 2025</p><p>O Diretor do Hospital Federal dos Servidores do Estado, nomeado na forma da Portaria GM/MS nº 1670, de 25/10/2023, publicada no DOU/Nº 204, de 26/10/2023, no uso das atribuições subdelegadas pela Portaria CGRH/SAA/SE/MS/Nº 1041/2009, publicada no DOU/N.º 209 de 03 de novembro de 2009, resolve:</p><p>Conceder Aposentadoria Voluntária, à servidora Rosangela de Almeida Castro Amorim, matrícula SIAPE nº 0.650.448, Enfermeiro, Classe "S", Padrão "V", Nível Superior, lotada no Hospital Federal dos Servidores do Estado, com o art. 10, parágrafo 1º inciso I, da EC 103/2019 com proventos calculados com base no art. 26, §2º, inciso I, média aritmética. (Processo Sei: 33433.073970/2024-79).</p><p class="assina">PAULO ROBERTO PEREIRA DE SANT'ANA</p>]]></Texto>
  </body>
  <Midias />
</article></xml>