﻿<xml><article id="44204370" name="PORTARIA N 438_22816482" idOficio="11111152" pubName="DO2" artType="Portaria" pubDate="01/07/2025" artClass="00025:00146:00001:00000:00000:00000:00000:00000:00000:00000:00017:00000" artCategory="Ministério da Educação/Fundação Universidade Federal da Grande Dourados/Reitoria" artSize="12" artNotes="" numberPage="48" pdfPage="http://pesquisa.in.gov.br/imprensa/jsp/visualiza/index.jsp?data=01/07/2025&amp;jornal=529&amp;pagina=48" editionNumber="121" highlightType="" highlightPriority="" highlight="" highlightimage="" highlightimagename="" idMateria="22816482">
  <body>
    <Identifica><![CDATA[ PORTARIA Nº 438, DE 30 DE JUNHO DE 2025]]></Identifica>
    <Data><![CDATA[]]></Data>
    <Ementa />
    <Titulo />
    <SubTitulo />
    <Texto><![CDATA[<p class="identifica">PORTARIA Nº 438, DE 30 DE JUNHO DE 2025</p><p>A VICE-REITORA DA FUNDAÇÃO UNIVERSIDADE FEDERAL DA GRANDE DOURADOS, no exercício do cargo de Reitora, no uso das atribuições legais conferidas pela Portaria nº 445, de 1º de julho de 2022, publicada no DOU nº 124, de 4 de julho de 2022, seção 2, página 38, e pelo § 3º do art. 25 do Estatuto da UFGD, resolve:</p><p>Conceder aposentadoria voluntária ao servidor ALBERTO AGUDO DE ALMEIDA, Matrícula/SIAPE nº 1824506, admitido em 20 de outubro de 2010, ocupante do cargo de Médico do quadro de pessoal da Universidade Federal da Grande Dourados, lotado no Hospital Universitário, nos termos do no art. 20, §2º, inciso II da Emenda Constitucional nº 103/2019, com proventos proporcionais.</p><p class="assina">Cláudia Gonçalves de Lima</p>]]></Texto>
  </body>
  <Midias />
</article></xml>