﻿<xml><article id="44200562" name="ATO_950" idOficio="11101085" pubName="DO2" artType="Ato" pubDate="01/07/2025" artClass="00070:00007:00001:00000:00000:00000:00000:00000:00000:00000:00001:00003" artCategory="Poder Judiciário/Tribunal Regional Federal da 1ª Região/Presidência" artSize="12" artNotes="" numberPage="93" pdfPage="http://pesquisa.in.gov.br/imprensa/jsp/visualiza/index.jsp?data=01/07/2025&amp;jornal=529&amp;pagina=93" editionNumber="121" highlightType="" highlightPriority="" highlight="" highlightimage="" highlightimagename="" idMateria="22802234">
  <body>
    <Identifica><![CDATA[ ATO Nº 950, DE 24 DE JUNHO DE 2025]]></Identifica>
    <Data><![CDATA[]]></Data>
    <Ementa />
    <Titulo />
    <SubTitulo />
    <Texto><![CDATA[<p class="identifica">ATO Nº 950, DE 24 DE JUNHO DE 2025</p><p>O PRESIDENTE DO TRIBUNAL REGIONAL FEDERAL DA 1ª REGIÃO, no uso de suas atribuições legais e regimentais, e tendo em vista o constante nos autos do PAe 0020859-54.2025.4.01.8000, resolve:</p><p>NOMEAR o servidor EDUARDO OLIVEIRA SANTIAGO, Técnico Judiciário, Área Administrativa, do Quadro de Pessoal deste Tribunal, para exercer o Cargo em Comissão, Código CJ-2, de Assessor Técnico II, da Assessoria da Sra. Desembargadora Federal Maria do Carmo Cardoso, em decorrência da exoneração de Marcelo Otávio Soares.</p><p class="assina">Des. JOÃO BATISTA MOREIRA</p>]]></Texto>
  </body>
  <Midias />
</article></xml>