﻿<xml><article id="44200493" name="PT DIAT N 477 CARMEM CELESTE HOL" idOficio="11109997" pubName="DO2" artType="Portaria" pubDate="01/07/2025" artClass="00044:00017:00081:00275:00005:00000:00000:00000:00000:00000:00017:00477" artCategory="Ministério da Previdência Social/Instituto Nacional do Seguro Social/Diretoria de Gestão de Pessoas/Coordenação-Geral de Centralização do Regime Próprio de Previdência Social da União/Divisão de Atendimento do RPPU" artSize="12" artNotes="" numberPage="74" pdfPage="http://pesquisa.in.gov.br/imprensa/jsp/visualiza/index.jsp?data=01/07/2025&amp;jornal=529&amp;pagina=74" editionNumber="121" highlightType="" highlightPriority="" highlight="" highlightimage="" highlightimagename="" idMateria="22815098">
  <body>
    <Identifica><![CDATA[ Portaria DIAT-RPPU/INSS Nº 477, DE 26 DE junho DE 2025]]></Identifica>
    <Data><![CDATA[]]></Data>
    <Ementa />
    <Titulo />
    <SubTitulo />
    <Texto><![CDATA[<p class="identifica">Portaria DIAT-RPPU/INSS Nº 477, DE 26 DE junho DE 2025</p><p>A CHEFE DA DIVISÃO DE ATENDIMENTO DO REGIME PRÓPRIO DE PREVIDÊNCIA DA UNIÃO, da Coordenação- Geral de Centralização do RPPU, da Diretoria de Gestão de Pessoas do INSS, no uso das atribuições e a delegação de competência estabelecida pela PORTARIA DGP/INSS Nº 05 de 18/04/2022 publicada em BSE de 19/04/2022 e na PORTARIA MPS Nº 3085 de 24/09/2024 publicada em DOU nº 189 de 30/09/2024 e no que consta no processo SEI nº 35014.239397/2025-10 e tarefa PAT nº 2078400712, resolve:</p><p>Art. 1º Conceder Pensão a CARMEM CELESTE HOLLANDA DO REGO BARROS na qualidade de cônjuge, do ex-servidor RINALDO CAVALCANTE REGO BARROS matrícula SIAPE nº 0902090, ocupante do cargo de TÉCNICO DO SEGURO SOCIAL, Classe S, Padrão V, do quadro de pessoal do Instituto Nacional do Seguro Social, falecido aposentado em 14/06/2025, com fundamento no inciso I, do art. 3º da Portaria SGP/SEDGG/ME Nº 4645, de 24 de maio de 2022, c/c o art. 217 inciso I, da Lei nº 8.112, de 11 de dezembro de 1990, e art. 23 da Emenda Constitucional nº 103, de 12 de novembro de 2019.</p><p>Art. 2º Os efeitos desta Portaria entram em vigor a partir de 14/06/2025 (data do óbito).</p><p class="assina">MIRIAN NATSUMI ETO</p>]]></Texto>
  </body>
  <Midias />
</article></xml>