﻿<xml><article id="44200124" name="PORT_PESSOAL_DESIG ALEXANDRA DIS" idOficio="11109968" pubName="DO2" artType="Portaria" pubDate="01/07/2025" artClass="00029:00003:00000:00000:00000:00000:00000:00000:00000:00000:00017:00003" artCategory="Ministério da Gestão e da Inovação em Serviços Públicos/Arquivo Nacional" artSize="12" artNotes="" numberPage="56" pdfPage="http://pesquisa.in.gov.br/imprensa/jsp/visualiza/index.jsp?data=01/07/2025&amp;jornal=529&amp;pagina=56" editionNumber="121" highlightType="" highlightPriority="" highlight="" highlightimage="" highlightimagename="" idMateria="22815014">
  <body>
    <Identifica><![CDATA[ PORTARIA DE PESSOAL AN/MGI Nº 173, DE 27 DE JUNHO DE 2025]]></Identifica>
    <Data><![CDATA[]]></Data>
    <Ementa />
    <Titulo />
    <SubTitulo />
    <Texto><![CDATA[<p class="identifica">PORTARIA DE PESSOAL AN/MGI Nº 173, DE 27 DE JUNHO DE 2025</p><p>A DIRETORA-GERAL ADJUNTA DO ARQUIVO NACIONAL DO MINISTÉRIO DA GESTÃO E DA INOVAÇÃO EM SERVIÇOS PÚBLICOS, no uso da competência atribuída pelo Art. 12, da Portaria MGI nº 572, de 8 de março de 2023, publicada no Diário Oficial da União de 9 de março de 2023 e Portaria AN/MGI nº 205, de 21 de janeiro de 2025, publicada no Diário Oficial da União de 27 de janeiro de 2025, considerando o que consta do Processo nº 08227.001711/2025-15, resolve:</p><p>Art. 1º. Dispensar, EDILSON DA SILVA GOMES, matrícula SIAPE 1179873, do encargo de substituto eventual da função Coordenador de Consultas ao Acervo, Código FCE 1.10, da Coordenação-Geral de Acesso e Difusão da Diretoria de Processamento Técnico, Preservação e Acesso ao Acervo do Arquivo Nacional em seus afastamentos, impedimentos legais ou regulamentares e na vacância do cargo.</p><p>Art. 2º. Designar, ALEXANDRA WERNECK DA SILVA, matrícula SIAPE 1544713, para exercer o encargo de substituto eventual da função Coordenador de Consultas ao Acervo, Código FCE 1.10, da Coordenação-Geral de Acesso e Difusão da Diretoria de Processamento Técnico, Preservação e Acesso ao Acervo do Arquivo Nacional em seus afastamentos, impedimentos legais ou regulamentares e na vacância do cargo.</p><p>Art. 3º. Esta portaria de pessoal AN entra em vigor a partir da data de sua publicação.</p><p class="assina">SHEILA CHRISTINA MULLER MELLO</p>]]></Texto>
  </body>
  <Midias />
</article></xml>