﻿<xml><article id="44200040" name="Portaria MARIA DO SOCORRO DIAS" idOficio="11098195" pubName="DO2" artType="Portaria" pubDate="01/07/2025" artClass="00047:00002:00021:00038:00000:00000:00000:00000:00000:00000:00017:00001" artCategory="Ministério da Saúde/Secretaria Executiva/Subsecretaria de Assuntos Administrativos/Superintendência Estadual do Ministério da Saúde no Paraná" artSize="12" artNotes="" numberPage="77" pdfPage="http://pesquisa.in.gov.br/imprensa/jsp/visualiza/index.jsp?data=01/07/2025&amp;jornal=529&amp;pagina=77" editionNumber="121" highlightType="" highlightPriority="" highlight="" highlightimage="" highlightimagename="" idMateria="22797460">
  <body>
    <Identifica><![CDATA[ PORTARIA SEGEP/PR Nº 142,  DE 16 DE JUNHO DE 2025]]></Identifica>
    <Data><![CDATA[]]></Data>
    <Ementa />
    <Titulo />
    <SubTitulo />
    <Texto><![CDATA[<p class="identifica">PORTARIA SEGEP/PR Nº 142, DE 16 DE JUNHO DE 2025</p><p>A CHEFE DO SERVIÇO DE GESTÃO DE PESSOAS DA SUPERINTENDÊNCIA ESTADUAL DO MINISTÉRIO DA SAÚDE NO PARANÁ, no uso das competências conferidas pela apostila publicada na edição extraordinária do Boletim de Serviço nº 140, de 11/12/2023, de acordo com o Decreto nº 11.798, de 28 de novembro de 2023, publicado no Diário Oficial da União nº 225-B, Edição Extra B, de 28 de novembro de 2023, resolve:</p><p>Art. 1º - Conceder Aposentadoria Voluntária à servidora MARIA DO SOCORRO BATISTA DIAS, matrícula SIAPE 0479499, ocupante do cargo de Atendente, nível intermediário, classe S, padrão V, do quadro de pessoal do Ministério da Saúde do Paraná, com fundamento no Art. 20º, Incisos I a IV e § 2º, inciso I e §3º, inciso I da Emenda Constitucional nº 103 de 13/11/2019.</p><p>(Processo nº 25023.000413/2025-13)</p><p class="assina">LEANDRA LUCIANA BARBIERI DE OLIVEIRA</p>]]></Texto>
  </body>
  <Midias />
</article></xml>