﻿<xml><article id="44202438" name="PORTARIA N 174_22815955" idOficio="11110765" pubName="DO2" artType="Portaria" pubDate="01/07/2025" artClass="00033:00057:00000:00000:00000:00000:00000:00000:00000:00000:00017:00000" artCategory="Ministério da Justiça e Segurança Pública/Autoridade Nacional de Proteção de Dados" artSize="12" artNotes="" numberPage="67" pdfPage="http://pesquisa.in.gov.br/imprensa/jsp/visualiza/index.jsp?data=01/07/2025&amp;jornal=529&amp;pagina=67" editionNumber="121" highlightType="" highlightPriority="" highlight="" highlightimage="" highlightimagename="" idMateria="22815955">
  <body>
    <Identifica><![CDATA[ PORTARIA GABPR/ANPD N° 174, DE 25 DE JUNHO DE 2025]]></Identifica>
    <Data><![CDATA[]]></Data>
    <Ementa />
    <Titulo />
    <SubTitulo />
    <Texto><![CDATA[<p class="identifica">PORTARIA GABPR/ANPD N° 174, DE 25 DE JUNHO DE 2025</p><p>O DIRETOR-PRESIDENTE DA AUTORIDADE NACIONAL DE PROTEÇÃO DE DADOS - ANPD, no uso das competências que lhe foram conferidas pelo art. 6º, parágrafo único, da Resolução CD/ANPD nº 24, de 26 de fevereiro de 2025, e tendo em vista o constante dos autos do processo nº 00261.002404/2025-23, resolve:</p><p>Designar EDUARDO ANDRÉ VIANA ALVES para exercer a função de Secretário-Executivo da Comissão de Ética da ANPD.</p><p class="assina">ARTHUR PEREIRA SABBAT</p>]]></Texto>
  </body>
  <Midias />
</article></xml>