﻿<xml><article id="44200607" name="PORTARIA SEG 1022" idOficio="11108399" pubName="DO2" artType="Portaria" pubDate="01/07/2025" artClass="00070:00041:00002:00003:00000:00000:00000:00000:00000:00000:00017:00002" artCategory="Poder Judiciário/Tribunal de Justiça do Distrito Federal e dos Territórios/Presidência/Secretaria-Geral" artSize="12" artNotes="" numberPage="98" pdfPage="http://pesquisa.in.gov.br/imprensa/jsp/visualiza/index.jsp?data=01/07/2025&amp;jornal=529&amp;pagina=98" editionNumber="121" highlightType="" highlightPriority="" highlight="" highlightimage="" highlightimagename="" idMateria="22812436">
  <body>
    <Identifica><![CDATA[ PORTARIA SEG Nº 1.022, DE 23 DE JUNHO DE 2025]]></Identifica>
    <Data><![CDATA[]]></Data>
    <Ementa />
    <Titulo />
    <SubTitulo />
    <Texto><![CDATA[<p class="identifica">PORTARIA SEG Nº 1.022, DE 23 DE JUNHO DE 2025</p><p>O SECRETARIO-GERAL DO TRIBUNAL DE JUSTIÇA DO DISTRITO FEDERAL E DOS TERRITÓRIOS, no uso de sua competência delegada pelo art. 1º, incisos I e II da Portaria GPR 1235, de 9 de maio de 2024, e tendo em vista o contido no PA N. 1019903/2025, resolve:</p><p>Art. 1º Exonerar TATIANA LOPES CAMPIAO DE SA QUEIROGA, matrícula N. 309.992, Técnico Judiciário, Área Administrativa, do Quadro de Pessoal deste Tribunal, do Cargo em Comissão, CJ-01, de Assessor de Desembargador do Gabinete do Exmo. Sr. Desembargador Getulio Vargas de Moraes Oliveira.</p><p>Art. 2º Nomear a Bacharela em Direito, DEBORA MACIEL ALVES PERES, matrícula N. 312.195, Analista Judiciário, Área Judiciária, do Quadro de Pessoal deste Tribunal, para exercer o Cargo em Comissão, CJ-01, de Assessor de Desembargador do Gabinete do Exmo. Sr. Desembargador Getulio Vargas de Moraes Oliveira, ficando dispensada da Função Comissionada, FC-05, da referida unidade.</p><p>Art. 3º Esta Portaria entra em vigor na data de sua publicação.</p><p class="assina">CELSO DE OLIVEIRA E SOUSA NETO</p>]]></Texto>
  </body>
  <Midias />
</article></xml>