﻿<xml><article id="44199992" name="859 - WANDERCLAYTON - DANILO - O" idOficio="11100001" pubName="DO2" artType="Portaria" pubDate="01/07/2025" artClass="00066:00010:00001:00004:00000:00000:00000:00000:00000:00000:00017:00000" artCategory="Ministério Público da União/Ministério Público do Trabalho/Procuradoria-Geral/Diretoria-Geral" artSize="12" artNotes="" numberPage="87" pdfPage="http://pesquisa.in.gov.br/imprensa/jsp/visualiza/index.jsp?data=01/07/2025&amp;jornal=529&amp;pagina=87" editionNumber="121" highlightType="" highlightPriority="" highlight="" highlightimage="" highlightimagename="" idMateria="22800766">
  <body>
    <Identifica><![CDATA[ PORTARIA Nº 859, DE 23 DE JUNHO DE 2025]]></Identifica>
    <Data><![CDATA[]]></Data>
    <Ementa />
    <Titulo />
    <SubTitulo />
    <Texto><![CDATA[<p class="identifica">PORTARIA Nº 859, DE 23 DE JUNHO DE 2025</p><p>O DIRETOR-GERAL DO MINISTÉRIO PÚBLICO DO TRABALHO, no uso da competência que lhe foi atribuída pelo artigo 92 da Portaria PGT/MPT nº 1.314, de 22 de agosto de 2017, consolidada pela Portaria PGT/MPT nº 1.304, de 31 de agosto de 2020, publicada no BS-Especial 9-B, de 01 de setembro de 2020, considerando o que consta no PGEA/MPT nº 20.02.1800.0000477/2025-94, resolve:</p><p>Art. 1º Exonerar, a contar de 01/07/2025, o servidor WANDERCLAYTON FAUSTINO DE CARVALHO, matrícula 6005492-1, ocupante do cargo efetivo de Técnico do MPU/Administração, do cargo em comissão de Chefe da Assessoria Jurídica do 9º Ofício Geral da Procuradoria Regional do Trabalho da 18ª Região/GO, código CC-4.</p><p>Art. 2º Nomear o servidor DANILO VELOSO NASCIMENTO, matrícula 6003189-1, ocupante do cargo efetivo de Analista do MPU/Direito, para o cargo em comissão de Chefe da Assessoria Jurídica do 9º Ofício Geral da Procuradoria Regional do Trabalho da 18ª Região/GO, código CC-4.</p><p class="assina">GLÁUCIO ARAÚJO DE OLIVEIRA</p>]]></Texto>
  </body>
  <Midias />
</article></xml>