﻿<xml><article id="44205687" name="PORTARIA N 5.827_22816845" idOficio="11111482" pubName="DO2" artType="Portaria" pubDate="01/07/2025" artClass="00029:00034:00000:00000:00000:00000:00000:00000:00000:00000:00017:00004" artCategory="Ministério da Gestão e da Inovação em Serviços Públicos/Secretaria de Gestão de Pessoas" artSize="12" artNotes="" numberPage="57" pdfPage="http://pesquisa.in.gov.br/imprensa/jsp/visualiza/index.jsp?data=01/07/2025&amp;jornal=529&amp;pagina=57" editionNumber="121" highlightType="" highlightPriority="" highlight="" highlightimage="" highlightimagename="" idMateria="22816845">
  <body>
    <Identifica><![CDATA[ PORTARIA SGP/MGI N° 5.827, DE 27 DE JUNHO DE 2025]]></Identifica>
    <Data><![CDATA[]]></Data>
    <Ementa />
    <Titulo />
    <SubTitulo />
    <Texto><![CDATA[<p class="identifica">PORTARIA SGP/MGI N° 5.827, DE 27 DE JUNHO DE 2025</p><p>A SECRETÁRIA DE GESTÃO DE PESSOAS SUBSTITUTA DO MINISTÉRIO DA GESTÃO E DA INOVAÇÃO EM SERVIÇOS PÚBLICOS, no uso das atribuições que lhe foram conferidas pela Portaria Conjunta SGP-ENAP/SEDGG/ME nº 37, de 06 de maio de 2022, resolve:</p><p>Art. 1º Alterar a composição do Grupo Gestor da Rede LideraGOV de Desenvolvimento de Líderes, estabelecida pela Portaria de Pessoal SGP/MGI nº 10.622, de 13 de setembro de 2024, que passa a ser a seguinte:</p><p>I - da Fundação Escola Nacional de Administração Pública (Enap): Soraya Monteiro Brandão, matrícula Siape 1535898, como titular, e Natália Ilka Morais Nascimento, matrícula Siape 1083528, como suplente.</p><p>Art. 2º Fica revogado o inciso II do art. 1º da Portaria de Pessoal SGP/MGI nº 10.622, de 13 de setembro de 2024.</p><p>Art. 3º Esta Portaria entra em vigor na data de sua publicação.</p><p class="assina">REGINA COELI MOREIRA CAMARGOS</p>]]></Texto>
  </body>
  <Midias />
</article></xml>