﻿<xml><article id="44200316" name="ATO PORTARIA PRESIDENCIA NA 116" idOficio="11021328" pubName="DO2" artType="Portaria" pubDate="01/07/2025" artClass="00070:00020:00001:00000:00000:00000:00000:00000:00000:00000:00017:00000" artCategory="Poder Judiciário/Tribunal Regional Eleitoral do Distrito Federal/Presidência" artSize="12" artNotes="" numberPage="95" pdfPage="http://pesquisa.in.gov.br/imprensa/jsp/visualiza/index.jsp?data=01/07/2025&amp;jornal=529&amp;pagina=95" editionNumber="121" highlightType="" highlightPriority="" highlight="" highlightimage="" highlightimagename="" idMateria="22655294">
  <body>
    <Identifica><![CDATA[ PORTARIA  Nº 116, DE 9 DE MAIO DE 2025]]></Identifica>
    <Data><![CDATA[]]></Data>
    <Ementa />
    <Titulo />
    <SubTitulo />
    <Texto><![CDATA[<p class="identifica">PORTARIA Nº 116, DE 9 DE MAIO DE 2025</p><p>O PRESIDENTE DO TRIBUNAL REGIONAL ELEITORAL DO DISTRITO FEDERAL, no uso de suas atribuições legais e o que consta do Procedimento Administrativo nº 0005563-13.2019.6.07.8050, resolve:</p><p>Dispensar, a partir de 1°/7/2025, a servidora Ivone Maria de Jesus, Assistente em Administração, do Quadro de Pessoal do Instituto Federal de Educação, Ciência e Tecnologia de Brasília, ora à disposição deste Tribunal, da função comissionada de Assistente I do Cartório da Zona Eleitoral do Exterior da Secretaria da Corregedoria Regional Eleitoral da Vice-Presidência e Corregedoria Regional Eleitoral, código FC-1.</p><p class="assina">Des. JAIR SOARES</p>]]></Texto>
  </body>
  <Midias />
</article></xml>