﻿<xml><article id="44201130" name="PORTARIA N 1.978_22815513" idOficio="11110401" pubName="DO2" artType="Portaria" pubDate="01/07/2025" artClass="00053:00002:00028:00000:00000:00000:00000:00000:00000:00000:00017:00000" artCategory="Controladoria-Geral da União/Secretaria Executiva/Controladoria Regional da União no Estado do Rio de Janeiro" artSize="12" artNotes="" numberPage="82" pdfPage="http://pesquisa.in.gov.br/imprensa/jsp/visualiza/index.jsp?data=01/07/2025&amp;jornal=529&amp;pagina=82" editionNumber="121" highlightType="" highlightPriority="" highlight="" highlightimage="" highlightimagename="" idMateria="22815513">
  <body>
    <Identifica><![CDATA[ PORTARIA Nº 1.978, DE 25 DE JUNHO DE 2025]]></Identifica>
    <Data><![CDATA[]]></Data>
    <Ementa />
    <Titulo />
    <SubTitulo />
    <Texto><![CDATA[<p class="identifica">PORTARIA Nº 1.978, DE 25 DE JUNHO DE 2025</p><p>O SUPERINTENDENTE DA CONTROLADORIA REGIONAL DA UNIÃO NO ESTADO DO RIO DE JANEIRO, no uso das atribuições que lhe são conferidas pelo inciso VIII, do art. 120, da Portaria Normativa CGU n.º 38, de 16 de dezembro de 2022, publicada no Diário Oficial da União em 20 de dezembro de 2022 e o que consta no Processo n.º 00218.100164/2025-57, resolve:</p><p>DISPENSAR, a pedido,</p><p>LIDIENIO LIMA DE MENEZES da Função Comissionada Executiva de Chefe de Divisão, FCE 1.07, do Núcleo de Ações de Ouvidoria e Prevenção da Corrupção da Controladoria Regional da União no Estado do Rio de Janeiro.</p><p class="assina">CARLOS HENRIQUE DE CASTRO RIBEIRO</p>]]></Texto>
  </body>
  <Midias />
</article></xml>