﻿<xml><article id="44201832" name="Portaria GABDPGF DPGU N 880" idOficio="11110610" pubName="DO2" artType="Portaria" pubDate="01/07/2025" artClass="00068:00001:00000:00000:00000:00000:00000:00000:00000:00000:00017:00000" artCategory="Defensoria Pública da União/Gabinete do Defensor Público-Geral Federal" artSize="12" artNotes="" numberPage="88" pdfPage="http://pesquisa.in.gov.br/imprensa/jsp/visualiza/index.jsp?data=01/07/2025&amp;jornal=529&amp;pagina=88" editionNumber="121" highlightType="" highlightPriority="" highlight="" highlightimage="" highlightimagename="" idMateria="22815742">
  <body>
    <Identifica><![CDATA[ Portaria GABDPGF DPGU Nº 880, DE 26 DE junho DE 2025]]></Identifica>
    <Data><![CDATA[]]></Data>
    <Ementa />
    <Titulo />
    <SubTitulo />
    <Texto><![CDATA[<p class="identifica">Portaria GABDPGF DPGU Nº 880, DE 26 DE junho DE 2025</p><p>O DEFENSOR PÚBLICO-GERAL FEDERAL, usando das atribuições previstas no artigo 8º da Lei Complementar nº 80, de 12 de janeiro de 1994</p><p>Considerando a Portaria GABDPGF DPGU nº 267, de 22 de fevereiro de 2024, publicada no DOU de 23 de fevereiro de 2024, edição nº 37, seção 2 (SEI 6895862);</p><p>Considerando a Portaria GABDPGF DPGU nº 249, de 21 de fevereiro de 2025, publicada no DOU de 26 de fevereiro de 2025, edição nº 40, seção 2 (SEI 7840702);</p><p>Considerando os Processos Administrativos SEI nº 08038.014271/2022-41;</p><p>Considerando o Memorando SEI nº 8145359/2025 - GDPC SM/DAD SM, resolve:</p><p>Art. 1º Designar o Defensor Público Federal Dr. José Luiz Kaltbach Lemos para o encargo de substituto do/a Defensor/a Público/a-Chefe da unidade da Defensoria Pública da União em Santa Maria/RS, no período de 28/07/2025 a 01/08/2025.</p><p>Art. 2º Esta Portaria entra em vigor na data de sua publicação.</p><p class="assina">LEONARDO CARDOSO DE MAGALHÃES</p>]]></Texto>
  </body>
  <Midias />
</article></xml>