﻿<xml><article id="44203542" name="252.2025 Designa Isabela de Mell" idOficio="11110983" pubName="DO2" artType="Portaria" pubDate="01/07/2025" artClass="00066:00010:00003:00000:00000:00000:00000:00000:00000:00000:00017:00000" artCategory="Ministério Público da União/Ministério Público do Trabalho/Procuradoria Regional do Trabalho da 2ª Região" artSize="12" artNotes="" numberPage="87" pdfPage="http://pesquisa.in.gov.br/imprensa/jsp/visualiza/index.jsp?data=01/07/2025&amp;jornal=529&amp;pagina=87" editionNumber="121" highlightType="" highlightPriority="" highlight="" highlightimage="" highlightimagename="" idMateria="22816205">
  <body>
    <Identifica><![CDATA[  PORTARIA Nº 252, DE 30 DE JUNHO DE 2025]]></Identifica>
    <Data><![CDATA[]]></Data>
    <Ementa />
    <Titulo />
    <SubTitulo />
    <Texto><![CDATA[<p class="identifica">PORTARIA Nº 252, DE 30 DE JUNHO DE 2025</p><p>A PROCURADORA-CHEFE DA PROCURADORIA REGIONAL DO TRABALHO DA SEGUNDA REGIÃO, no uso de suas atribuições que lhe foram conferidas pela Portaria PGT nº 1.728, de 02.10.2017, nos termos do artigo 92, inciso II, da Lei Complementar nº 75, de 20 de maio de 1993, resolve:</p><p>Art. 1º - Designar a servidora ISABELA DE MELLO ESPÍRITO SANTO, ocupante do cargo de Analista do MPU/Direito, matrícula nº 600.8630-0, para o encargo de Substituto do Chefe da Assessoria Jurídica do 4º Ofício Geral da Procuradoria do Trabalho no Município de Barueri, Código CC 4, no período de 10.07 a 18.07.2025, nas férias e afastamentos do titular.</p><p>Art. 2º - Esta portaria entra em vigor na data de sua publicação.</p><p class="assina">VERA LÚCIA CARLOS</p>]]></Texto>
  </body>
  <Midias />
</article></xml>