﻿<xml><article id="44204469" name="portaria DE PESSOAL FCRB nA 53 d" idOficio="11111159" pubName="DO2" artType="Portaria" pubDate="01/07/2025" artClass="00015:00028:00000:00000:00000:00000:00000:00000:00000:00000:00017:00000" artCategory="Ministério da Cultura/Fundação Casa de Rui Barbosa" artSize="12" artNotes="" numberPage="15" pdfPage="http://pesquisa.in.gov.br/imprensa/jsp/visualiza/index.jsp?data=01/07/2025&amp;jornal=529&amp;pagina=15" editionNumber="121" highlightType="" highlightPriority="" highlight="" highlightimage="" highlightimagename="" idMateria="22816511">
  <body>
    <Identifica><![CDATA[ PORTARIA DE PESSOAL FCRB Nº 53, DE 23 DE JUNHO DE 2025]]></Identifica>
    <Data><![CDATA[]]></Data>
    <Ementa />
    <Titulo />
    <SubTitulo />
    <Texto><![CDATA[<p class="identifica">PORTARIA DE PESSOAL FCRB Nº 53, DE 23 DE JUNHO DE 2025</p><p>O PRESIDENTE DA FUNDAÇÃO CASA DE RUI BARBOSA, no uso das suas atribuições, e nos termos da Lei nº 4.943, de 6 de abril de 1966, do Decreto nº 11.179, de 22 de agosto de 2022, do Decreto nº 12.159, de 2 de setembro de 2024, que alterou o Estatuto da FCRB, a Portaria MINC nº 18, de 12 de abril de 2023, de delegação e subdelegação de competências, e o que consta do Processo nº 01550.000233/2025-13, resolve:</p><p>Art. 1º RETIFICAR a Portaria de Pessoal nº 50, de 12/6/2025, publicada no D.O.U de 17/6/2025, referente a designação do servidor FABIO JARDIM DOS SANTOS, matrícula SIAPE nº 1.732.741, nos seguintes termos:</p><p>Onde se lê: "... Assistente Técnico da Presidência da FCRB ..."</p><p>Leia-se: "...Assistente Técnico do Diretor Executivo da FCRB ..."</p><p>Art. 2º Ficam mantidos os demais termos da portaria.</p><p class="assina">ALEXANDRE SANTINI</p>]]></Texto>
  </body>
  <Midias />
</article></xml>