﻿<xml><article id="44201508" name="PORTARIA N 577_22815677" idOficio="11110543" pubName="DO2" artType="Portaria" pubDate="01/07/2025" artClass="00025:00052:00000:00000:00000:00000:00000:00000:00000:00000:00017:00000" artCategory="Ministério da Educação/Fundo Nacional de Desenvolvimento da Educação" artSize="12" artNotes="" numberPage="22" pdfPage="http://pesquisa.in.gov.br/imprensa/jsp/visualiza/index.jsp?data=01/07/2025&amp;jornal=529&amp;pagina=22" editionNumber="121" highlightType="" highlightPriority="" highlight="" highlightimage="" highlightimagename="" idMateria="22815677">
  <body>
    <Identifica><![CDATA[ PORTARIA FNDE N° 577, DE 27 DE JUNHO DE 2025]]></Identifica>
    <Data><![CDATA[]]></Data>
    <Ementa />
    <Titulo />
    <SubTitulo />
    <Texto><![CDATA[<p class="identifica">PORTARIA FNDE N° 577, DE 27 DE JUNHO DE 2025</p><p>A PRESIDENTE DO FUNDO NACIONAL DE DESENVOLVIMENTO DA EDUCAÇÃO, no uso de suas atribuições e tendo em vista o disposto art. 38, da Lei nº 8.112, de 11 de dezembro, de 1990, no Inciso III, do art. 2º, da Portaria nº 1.819, de 11 de setembro de 2023, e no Decreto n.º 12.458, de 21 de maio de 2025, resolve:</p><p>CLAUDIO AUGUSTO ALVES COSTA FILHO para exercer o encargo de substituto eventual da Função Comissionada Executiva de Chefe de Assessoria, Código FCE 1.13, da Assessoria de Governança, Gestão Estratégica e Inovação, da Presidência, do Fundo Nacional de Desenvolvimento da Educação, durante os afastamentos ou impedimentos regulamentares da titular.</p><p class="assina">FERNANDA MARA DE OLIVEIRA MACEDO CARNEIRO PACOBAHYBA</p>]]></Texto>
  </body>
  <Midias />
</article></xml>