﻿<xml><article id="44200301" name="0467.AISA" idOficio="11110159" pubName="DO2" artType="Portaria" pubDate="01/07/2025" artClass="00047:00002:00000:00000:00000:00000:00000:00000:00000:00000:00017:00000" artCategory="Ministério da Saúde/Secretaria Executiva" artSize="12" artNotes="" numberPage="76" pdfPage="http://pesquisa.in.gov.br/imprensa/jsp/visualiza/index.jsp?data=01/07/2025&amp;jornal=529&amp;pagina=76" editionNumber="121" highlightType="" highlightPriority="" highlight="" highlightimage="" highlightimagename="" idMateria="22815247">
  <body>
    <Identifica><![CDATA[ PORTARIA DE PESSOAL SE/MS Nº 467, DE 27 DE JUNHO DE 2025]]></Identifica>
    <Data><![CDATA[]]></Data>
    <Ementa />
    <Titulo />
    <SubTitulo />
    <Texto><![CDATA[<p class="identifica">PORTARIA DE PESSOAL SE/MS Nº 467, DE 27 DE JUNHO DE 2025</p><p>O SECRETÁRIO-EXECUTIVO DO MINISTÉRIO DA SAÚDE, no uso da competência que lhe foi subdelegada pela Portaria GM/MS nº 374, de 30 de março de 2023, na forma do disposto no Decreto nº 1.387, de 7 de fevereiro de 1995, e no Decreto nº 10.193, de 27 de dezembro de 2019, resolve:</p><p>Autorizar o afastamento do País da servidora ELAINE CRISTINE DA CONCEIÇÃO VIANNA GONÇALVES DA COSTA, matrícula SIAPE nº 1736018, Enfermeira, lotada na Divisão de Urgência e Emergência do Hospital Federal Cardoso Fontes, do Departamento de Gestão Hospitalar no Estado do Rio de Janeiro, da Secretaria de Atenção Especializada à Saúde, com a finalidade de realizar estágio de doutorado com o desenvolvimento do projeto "Experiência de segunda vítima entre enfermeiros atuantes em serviços de urgência e emergência", no contexto do Programa de Doutorado-Sanduíche no Exterior (PDSE), na Escola Superior de Enfermagem do Porto, em Portugal, no período de 31 de agosto de 2025 a 2 de janeiro de 2026, inclusive trânsito, com ônus para a CAPES (Processo SEI nº 33407.018437/2025-42).</p><p class="assina">ADRIANO MASSUDA</p>]]></Texto>
  </body>
  <Midias />
</article></xml>