﻿<xml><article id="44203965" name="PORTARIA SEG 1023" idOficio="11111039" pubName="DO2" artType="Portaria" pubDate="01/07/2025" artClass="00070:00041:00002:00003:00000:00000:00000:00000:00000:00000:00017:00003" artCategory="Poder Judiciário/Tribunal de Justiça do Distrito Federal e dos Territórios/Presidência/Secretaria-Geral" artSize="12" artNotes="" numberPage="98" pdfPage="http://pesquisa.in.gov.br/imprensa/jsp/visualiza/index.jsp?data=01/07/2025&amp;jornal=529&amp;pagina=98" editionNumber="121" highlightType="" highlightPriority="" highlight="" highlightimage="" highlightimagename="" idMateria="22816350">
  <body>
    <Identifica><![CDATA[ PORTARIA SEG Nº 1.023, DE 23 DE JUNHO DE 2025]]></Identifica>
    <Data><![CDATA[]]></Data>
    <Ementa />
    <Titulo />
    <SubTitulo />
    <Texto><![CDATA[<p class="identifica">PORTARIA SEG Nº 1.023, DE 23 DE JUNHO DE 2025</p><p>O SECRETARIO-GERAL DO TRIBUNAL DE JUSTIÇA DO DISTRITO FEDERAL E DOS TERRITÓRIOS, no uso de sua competência delegada pelo art. 1º, incisos I e II da Portaria GPR 1235, de 9 de maio de 2024, e tendo em vista o contido no PA N. 1019835/2025, resolve:</p><p>Art. 1º Dispensar HELDA MARIA DA SILVA, matrícula N. 312.223, Técnico Judiciário, Área Administrativa, do Quadro de Pessoal deste Tribunal, da Função Comissionada, FC-02, de Auxiliar Especializado do Gabinete do Exmo. Sr. Desembargador José Firmo Reis Soub.</p><p>Art. 2º Designar TATIANA LOPES CAMPIAO DE SA QUEIROGA, matrícula N. 309.992, Técnico Judiciário, Área Administrativa, do Quadro de Pessoal deste Tribunal, para exercer a Função Comissionada, FC-02, de Auxiliar Especializado do Gabinete do Exmo. Sr. Desembargador José Firmo Reis Soub.</p><p>Art. 3º Esta Portaria entra em vigor na data de sua publicação.</p><p class="assina">CELSO DE OLIVEIRA E SOUSA NETO</p>]]></Texto>
  </body>
  <Midias />
</article></xml>