﻿<xml><article id="44199977" name="2025-06-26/11106579/andrev_22810" idOficio="11106579" pubName="DO2" artType="Ato" pubDate="01/07/2025" artClass="00070:00005:00009:00000:00000:00000:00000:00000:00000:00000:00001:00002" artCategory="Poder Judiciário/Tribunal Superior do Trabalho/Secretaria" artSize="12" artNotes="" numberPage="93" pdfPage="http://pesquisa.in.gov.br/imprensa/jsp/visualiza/index.jsp?data=01/07/2025&amp;jornal=529&amp;pagina=93" editionNumber="121" highlightType="" highlightPriority="" highlight="" highlightimage="" highlightimagename="" idMateria="22810079">
  <body>
    <Identifica><![CDATA[ ATO Nº 339, DE 26 DE JUNHO DE 2025]]></Identifica>
    <Data><![CDATA[]]></Data>
    <Ementa />
    <Titulo />
    <SubTitulo />
    <Texto><![CDATA[<p class="identifica">ATO Nº 339, DE 26 DE JUNHO DE 2025</p><p>O DIRETOR-GERAL DA SECRETARIA DO TRIBUNAL SUPERIOR DO TRABALHO, no uso de suas atribuições legais e regulamentares,</p><p>considerando o constante da Proposta nº 2575 do Sistema de Gestão de Pessoas - Sigep TST, de 25/06/2025, resolve:</p><p>Designar o servidor JOAO GABRIEL ALBUQUERQUE ARAUJO, código 66414, Técnico Judiciário, Área Administrativa, para exercer a função comissionada de Assistente 3, Nível FC-3, do Gabinete da Ex.ma Sr.ª Ministra Morgana de Almeida Richa.</p><p class="assina">GUSTAVO CARIBÉ DE CARVALHO</p>]]></Texto>
  </body>
  <Midias />
</article></xml>