﻿<xml><article id="44201262" name="PT 649" idOficio="11110466" pubName="DO2" artType="Portaria" pubDate="01/07/2025" artClass="00047:00002:00021:00040:00014:00000:00000:00000:00000:00000:00017:00649" artCategory="Ministério da Saúde/Secretaria Executiva/Subsecretaria de Assuntos Administrativos/Superintendência Estadual do Ministério da Saúde no Rio de Janeiro/Serviço de Gestão de Pessoas" artSize="12" artNotes="" numberPage="78" pdfPage="http://pesquisa.in.gov.br/imprensa/jsp/visualiza/index.jsp?data=01/07/2025&amp;jornal=529&amp;pagina=78" editionNumber="121" highlightType="" highlightPriority="" highlight="" highlightimage="" highlightimagename="" idMateria="22815589">
  <body>
    <Identifica><![CDATA[ PORTARIA SEGEP/RJ Nº 649, DE 25 DE JUNHO DE 2025]]></Identifica>
    <Data><![CDATA[]]></Data>
    <Ementa />
    <Titulo />
    <SubTitulo />
    <Texto><![CDATA[<p class="identifica">PORTARIA SEGEP/RJ Nº 649, DE 25 DE JUNHO DE 2025</p><p>A CHEFE DO SERVIÇO DE GESTÃO DE PESSOAS, DA SUPERINTENDÊNCIA ESTADUAL DO MINISTÉRIO DA SAÚDE NO RIO DE JANEIRO, DA SUBSECRETARIA DE ASSUNTOS ADMINISTRATIVOS, DA SECRETARIA-EXECUTIVA, DO MINISTÉRIO DA SAÚDE, no uso de suas atribuições legais que lhe foram atribuídas pela PORTARIA DE PESSOAL SE/MS Nº 94, DE 01 DE fevereiro DE 2024, publicada no DOU nº 25, de 5 de fevereiro de 2024, Seção 2, página 68, e tendo em vista o que consta no processo nº 25001.000091/2025-61, resolve:</p><p>Retificar a PORTARIA SEGEP/RJ Nº 237, DE 14 DE MARÇO DE 2025, publicada no BSE Nº 52, de 18/03/2025, ANO 52, página: 44, que concedeu a pensão à DEBORA LÚCIA MELO ESTEVÃO, em face do falecimento ocorrido em 30/09/2024, do ex-servidor OLIVIO AGOSTINHO ESTEVÃO, Matrícula SIAPE nº 0.629.564:</p><p>onde se lê: Benefício de aposentadoria da Secretaria de Estado de Educação - valor bruto R$ 4.458,93;</p><p>leia-se: Benefício de aposentadoria da Secretaria de Estado de Educação - valor bruto R$ 4.458,93 e Benefício de pensão Militar - R$ 1.382,52</p><p class="assina">LUCILENA RODRIGUES GIESTEIRA</p>]]></Texto>
  </body>
  <Midias />
</article></xml>