﻿<xml><article id="44204250" name="RETIFICACAO 2" idOficio="11111119" pubName="DO2" artType="Retificação" pubDate="01/07/2025" artClass="00029:00038:00001:00000:00000:00000:00000:00000:00000:00000:00024:00000" artCategory="Ministério da Gestão e da Inovação em Serviços Públicos/Secretaria de Relações de Trabalho/Comissão Especial dos ex-Territórios Federais de Rondônia, do Amapá e de Roraima" artSize="24" artNotes="" numberPage="63" pdfPage="http://pesquisa.in.gov.br/imprensa/jsp/visualiza/index.jsp?data=01/07/2025&amp;jornal=529&amp;pagina=63" editionNumber="121" highlightType="" highlightPriority="" highlight="" highlightimage="" highlightimagename="" idMateria="22816468">
  <body>
    <Identifica><![CDATA[ RETIFICAÇÃO]]></Identifica>
    <Data><![CDATA[]]></Data>
    <Ementa />
    <Titulo />
    <SubTitulo />
    <Texto><![CDATA[<p class="identifica">RETIFICAÇÃO</p><p>Na Portaria CEEXT/SRT/MGI nº 6.259, DE 27 DE JUNHO DE 2025 publicada no Diário Oficial da União do dia 30 de junho de 2025, Seção 2, Edição nº 120, no ANEXO IV - EX-TERRITÓRIO DE RORAIMA, na tabela de EMPREGADOS PÚBLICOS, Item 8:</p><p>onde se lê:</p><p /><p></p><table><tr /><tr><td rowspan="1" colspan="1"><p>ITEM</p></td><td rowspan="1" colspan="1"><p>INTERESSADO(A)</p></td><td rowspan="1" colspan="1"><p>PROCESSO</p></td><td rowspan="1" colspan="1"><p>FUNDAMENTO LEGAL</p></td><td rowspan="1" colspan="1"><p>REGIME JURÍDICO</p></td><td rowspan="1" colspan="1"><p>EMPREGO</p></td><td rowspan="1" colspan="1"><p>NÍVEL</p></td><td rowspan="1" colspan="1"><p>CLASSE</p></td><td rowspan="1" colspan="1"><p>PADRÃO</p></td></tr><tr><td rowspan="1" colspan="1"><p>8</p></td><td rowspan="1" colspan="1"><p>OVIDIO AUGUSTO DA SILVA</p></td><td rowspan="1" colspan="1"><p>05502.001599/2015-56</p></td><td rowspan="1" colspan="1"><p>Art. 31, da Emenda Constitucional nº 19/98, alterado pelo art. 1º da Emenda Constitucional nº 98/17, art. 2º, inciso V, art. 12, §2º, e art. 13 da Lei nº 13.681/18, com enquadramento realizado de acordo com a tabela prevista no Anexo IV, Tabela III (Emprego de Nível Auxiliar) da mesma Lei, bem como nos moldes do art. 10 do Decreto nº 9.324/18, observada as alterações legislativas posteriores</p></td><td rowspan="1" colspan="1"><p></p></td><td rowspan="1" colspan="1"><p>MOTORISTA DE VEÍCULOS TERRESTRES</p></td><td rowspan="1" colspan="1"><p>AUXILAR</p></td><td rowspan="1" colspan="1"><p>ESPECIAL</p></td><td rowspan="1" colspan="1"><p>I</p></td></tr></table><p>Leia-se:</p><p /><p></p><table><tr /><tr><td rowspan="1" colspan="1"><p>ITEM</p></td><td rowspan="1" colspan="1"><p>INTERESSADO(A)</p></td><td rowspan="1" colspan="1"><p>PROCESSO</p></td><td rowspan="1" colspan="1"><p>FUNDAMENTO LEGAL</p></td><td rowspan="1" colspan="1"><p>REGIME JURÍDICO</p></td><td rowspan="1" colspan="1"><p>EMPREGO</p></td><td rowspan="1" colspan="1"><p>NÍVEL</p></td><td rowspan="1" colspan="1"><p>CLASSE</p></td><td rowspan="1" colspan="1"><p>PADRÃO</p></td></tr><tr><td rowspan="1" colspan="1"><p>8</p></td><td rowspan="1" colspan="1"><p>OVIDIO AUGUSTO DA SILVA</p></td><td rowspan="1" colspan="1"><p>05502.001599/2015-56</p></td><td rowspan="1" colspan="1"><p>Art. 31, da Emenda Constitucional nº 19/98, alterado pelo art. 1º da Emenda Constitucional nº 98/17, art. 2º, inciso V, art. 12, §2º, e art. 13 da Lei nº 13.681/18, com enquadramento realizado de acordo com a tabela prevista no Anexo IV, Tabela III (Emprego de Nível Auxiliar) da mesma Lei, bem como nos moldes do art. 10 do Decreto nº 9.324/18, observada as alterações legislativas posteriores</p></td><td rowspan="1" colspan="1"><p>CELETISTA</p></td><td rowspan="1" colspan="1"><p>MOTORISTA DE VEÍCULOS TERRESTRES</p></td><td rowspan="1" colspan="1"><p>AUXILAR</p></td><td rowspan="1" colspan="1"><p>ESPECIAL</p></td><td rowspan="1" colspan="1"><p>I</p></td></tr></table>]]></Texto>
  </body>
  <Midias />
</article></xml>