﻿<xml><article id="44200944" name="PT SAA NA 567 568 - 30-06-2025" idOficio="11110314" pubName="DO2" artType="Portaria" pubDate="01/07/2025" artClass="00047:00002:00021:00000:00000:00000:00000:00000:00000:00000:00017:00567" artCategory="Ministério da Saúde/Secretaria Executiva/Subsecretaria de Assuntos Administrativos" artSize="12" artNotes="" numberPage="76" pdfPage="http://pesquisa.in.gov.br/imprensa/jsp/visualiza/index.jsp?data=01/07/2025&amp;jornal=529&amp;pagina=76" editionNumber="121" highlightType="" highlightPriority="" highlight="" highlightimage="" highlightimagename="" idMateria="22815433">
  <body>
    <Identifica><![CDATA[ Portaria SAA Nº 567, DE 27 DE junho DE 2025]]></Identifica>
    <Data><![CDATA[]]></Data>
    <Ementa />
    <Titulo />
    <SubTitulo />
    <Texto><![CDATA[<p class="identifica">Portaria SAA Nº 567, DE 27 DE junho DE 2025</p><p>O SUBSECRETÁRIO DE ASSUNTOS ADMINISTRATIVOS DO MINISTÉRIO DA SAÚDE, no uso da competência que lhe foi subdelegada pela Portaria GAB/SE n.º 62, de 31 de março de 2023, publicada no Diário Oficial da União de 5 de abril de 2023, e demais informações que constam do Processo n.º 25000.104670/2025-91, resolve:</p><p>Dispensar, a contar de 13 de junho de 2025, RODRIGO SOUZA LEITE, matrícula SIAPE n.º 3331729, do encargo de substituto eventual da Função Comissionada Executiva de Coordenador-Geral de Promoção e Regulação do Complexo Industrial, FCE 1.13, código n.º 28.0029, do Departamento do Complexo Econômico-Industrial da Saúde e de Inovação para o SUS, da Secretaria de Ciência, Tecnologia e Inovação e do Complexo Econômico-Industrial da Saúde.</p><p class="assina">SINVAL ALAN FERREIRA SILVA</p><p class="identifica">PORTARIA SAA Nº 568, DE 27 DE JUNHO DE 2025</p><p>O SUBSECRETÁRIO DE ASSUNTOS ADMINISTRATIVOS DO MINISTÉRIO DA SAÚDE, no uso da competência que lhe foi subdelegada pela Portaria GAB/SE n.º 62, de 31 de março de 2023, publicada no Diário Oficial da União de 5 de abril de 2023, e demais informações que constam do Processo n.º 25000.105312/2025-04, resolve:</p><p>Designar DUCILENE SILVA OLIVEIRA ANDRADE, matrícula SIAPE 1853662, para exercer o encargo de substituta eventual da Função Comissionada Executiva de Coordenador-Geral de Licitações e Contratos Administrativos, FCE 1.13, código n.º 16.0169, da Subsecretaria de Assuntos Administrativos, da Secretaria-Executiva, nos afastamentos, impedimentos legais ou regulamentares do(a) titular e na vacância da função.</p><p class="assina">SINVAL ALAN FERREIRA SILVA</p>]]></Texto>
  </body>
  <Midias />
</article></xml>