﻿<xml><article id="44203962" name="PORTARIA SEG 1033" idOficio="11111039" pubName="DO2" artType="Portaria" pubDate="01/07/2025" artClass="00070:00041:00002:00003:00000:00000:00000:00000:00000:00000:00017:00004" artCategory="Poder Judiciário/Tribunal de Justiça do Distrito Federal e dos Territórios/Presidência/Secretaria-Geral" artSize="12" artNotes="" numberPage="98" pdfPage="http://pesquisa.in.gov.br/imprensa/jsp/visualiza/index.jsp?data=01/07/2025&amp;jornal=529&amp;pagina=98" editionNumber="121" highlightType="" highlightPriority="" highlight="" highlightimage="" highlightimagename="" idMateria="22816351">
  <body>
    <Identifica><![CDATA[ PORTARIA SEG Nº 1.033, DE 24 DE JUNHO DE 2025]]></Identifica>
    <Data><![CDATA[]]></Data>
    <Ementa />
    <Titulo />
    <SubTitulo />
    <Texto><![CDATA[<p class="identifica">PORTARIA SEG Nº 1.033, DE 24 DE JUNHO DE 2025</p><p>O SECRETÁRIO-GERAL DO TRIBUNAL DE JUSTIÇA DO DISTRITO FEDERAL E DOS TERRITÓRIOS, no uso de sua competência delegada pelo art. 1º, incisos I e II da Portaria GPR 1235, de 9 de maio de 2024, e tendo em vista o contido no PA N. 1020576/2025, resolve:</p><p>Art. 1º Exonerar ALEXANDRE CAVALCANTE MACHADO NEWTON, matrícula N. 319.912, Técnico Judiciário, Área Administrativa, do Quadro de Pessoal deste Tribunal do Cargo em Comissão, CJ-01, de Assessor da Vara de Registros Públicos do Distrito Federal.</p><p>Art. 2º Nomear a Bacharela em Direito, HÉVILA MACIEL MENDES VIEIRA, matrícula N. 310.800, Técnico Judiciário, Área Administrativa, do Quadro de Pessoal deste Tribunal, para exercer o Cargo em Comissão, CJ-01, de Assessor da Vara de Registros Públicos do Distrito Federal, ficando dispensada da Função Comissionada, FC-05, de Oficial de Gabinete da referida Unidade.</p><p>Art. 3º Esta Portaria entra em vigor na data de sua publicação.</p><p class="assina">CELSO DE OLIVEIRA E SOUSA NETO</p>]]></Texto>
  </body>
  <Midias />
</article></xml>