﻿<xml><article id="44201118" name="PORTARIA TRT21- GP NA 290-2025" idOficio="11110373" pubName="DO2" artType="Portaria" pubDate="01/07/2025" artClass="00070:00062:00001:00002:00001:00000:00000:00000:00000:00000:00017:00000" artCategory="Poder Judiciário/Tribunal Regional do Trabalho da 21ª Região/Presidência/Diretoria-Geral/Secretaria Administrativa" artSize="12" artNotes="" numberPage="104" pdfPage="http://pesquisa.in.gov.br/imprensa/jsp/visualiza/index.jsp?data=01/07/2025&amp;jornal=529&amp;pagina=104" editionNumber="121" highlightType="" highlightPriority="" highlight="" highlightimage="" highlightimagename="" idMateria="22815484">
  <body>
    <Identifica><![CDATA[ PORTARIA TRT21-GP Nº 290, DE 30 DE JUNHO DE 2025]]></Identifica>
    <Data><![CDATA[]]></Data>
    <Ementa />
    <Titulo />
    <SubTitulo />
    <Texto><![CDATA[<p class="identifica">PORTARIA TRT21-GP Nº 290, DE 30 DE JUNHO DE 2025</p><p>A DESEMBARGADORA VICE PRESIDENTE DO TRIBUNAL REGIONAL DO TRABALHO DA 21ª REGIÃO, no uso de suas atribuições legais e regimentais,</p><p>Considerando as disposições contidas no art. 23 do Regimento Interno;</p><p>Considerando os termos do PROAD Nº 29802025, resolve:</p><p>Designar os substitutos de THIAGO PESSOA CAPISTRANO, Titular Cargo em Comissão de Coordenador de Jurídico da Presidência (CJ-02), em suas ausências, impedimentos legais e na hipótese de vacância do cargo, na forma abaixo descrita:</p><p>Substitutos|Matrículas</p><p>1º Daliana Karine Bastos Fernandes Daniel 308.21.0957</p><p>2º Valéria Motta da Nóbrega Dantas 308.21.0884</p><p>Esta Portaria entra em vigor na data da sua publicação, sem prejuízo das designações anteriores.</p><p class="assina">ISAURA MARIA BARBALHO SIMONETTI</p>]]></Texto>
  </body>
  <Midias />
</article></xml>