﻿<xml><article id="44200781" name="IFGOIANO_RTF_Portaria_5098" idOficio="11097045" pubName="DO2" artType="Portaria" pubDate="01/07/2025" artClass="00025:00065:00001:00000:00000:00000:00000:00000:00000:00000:00017:00000" artCategory="Ministério da Educação/Instituto Federal de Educação, Ciência e Tecnologia Goiano/Reitoria" artSize="12" artNotes="" numberPage="24" pdfPage="http://pesquisa.in.gov.br/imprensa/jsp/visualiza/index.jsp?data=01/07/2025&amp;jornal=529&amp;pagina=24" editionNumber="121" highlightType="" highlightPriority="" highlight="" highlightimage="" highlightimagename="" idMateria="22795937">
  <body>
    <Identifica><![CDATA[ PORTARIA Nº 5.098/REI/IFGOIANO, DE 23 DE JUNHO DE 2025]]></Identifica>
    <Data><![CDATA[]]></Data>
    <Ementa />
    <Titulo />
    <SubTitulo />
    <Texto><![CDATA[<p class="identifica">PORTARIA Nº 5.098/REI/IFGOIANO, DE 23 DE JUNHO DE 2025</p><p>O Reitor do Instituto Federal de Educação, Ciência e Tecnologia Goiano, no uso de suas atribuições legais conferidas pelo Decreto de 07 de março de 2024, publicado no DOU de 08 de março de 2024, Seção 02, página 01, considerando a Lei nº 11.892, de 29 de dezembro de 2008, publicada no DOU de 30 de dezembro de 2008 e o que consta no Processo nº 23216.000538.2025-51, resolve:</p><p>Conceder Aposentadoria por Invalidez Permanente com proventos integrais ao servidor VICTOR COSTA E SILVA, CPF nº ***.838.361-**, ocupante do cargo de Professor de Ensino Básico Técnico e Tecnológico, SIAPE nº 1228454, SIAPECAD nº 02131839, Código de Vaga nº 0951973, Classe/Nível B003, lotado no(a) Campus Cristalina, com fundamento no Artigo 40, parágrafo 1º, inciso I, da Constituição Federal de 1988, com redação dada pela Emenda Constitucional nº 41 de 2003, combinado com o artigo 6º-A, incluído pela Emenda Constitucional nº 70/2012 e com o Artigo 186, inciso I, § 1º da Lei nº 8.112, de 11 de dezembro de 1990, assegurando-se as seguintes incorporações: Retribuição por Titulação, com base na Lei 12.772/12, a partir da publicação no DOU.</p><p class="assina">ELIAS DE PADUA MONTEIRO</p>]]></Texto>
  </body>
  <Midias />
</article></xml>