﻿<xml><article id="44204793" name="278-2025 - APOSENTADORIA OSCARNI" idOficio="11111306" pubName="DO2" artType="Ato" pubDate="01/07/2025" artClass="00070:00046:00001:00000:00000:00000:00000:00000:00000:00000:00001:00000" artCategory="Poder Judiciário/Tribunal Regional do Trabalho da 5ª Região/Presidência" artSize="12" artNotes="" numberPage="100" pdfPage="http://pesquisa.in.gov.br/imprensa/jsp/visualiza/index.jsp?data=01/07/2025&amp;jornal=529&amp;pagina=100" editionNumber="121" highlightType="" highlightPriority="" highlight="" highlightimage="" highlightimagename="" idMateria="22816635">
  <body>
    <Identifica><![CDATA[ ATO TRT5 Nº 278, DE 26 DE JUNHO DE 2025]]></Identifica>
    <Data><![CDATA[]]></Data>
    <Ementa />
    <Titulo />
    <SubTitulo />
    <Texto><![CDATA[<p class="identifica">ATO TRT5 Nº 278, DE 26 DE JUNHO DE 2025</p><p>O PRESIDENTE DO TRIBUNAL REGIONAL DO TRABALHO DA QUINTA REGIÃO, no uso de suas atribuições legais e regimentais, considerando o que consta do processo de matéria administrativa autuado sob Nº 5777/2025 - PROAD, resolve:</p><p>DEFERIR a concessão de aposentadoria por incapacidade permanente para o trabalho ao servidor OSCARNILSON DA PAIXÃO OLEGÁRIO DA SILVA, no cargo de Técnico Judiciário/Administrativa, Classe C, Padrão 13 (Lei 12.774/2012), à base de 60% (sessenta por cento) da média aritmética de 100% (cem por cento) de todo o período contributivo, com fundamento no art. 40, § 1º, inciso I, da Constituição Federal (redação dada pela Emenda Constitucional nº 103/2019), c/c o art. 10, §1º, II, da EC nº 103/2019 e art. 26, §§ 2º, II, e 7º da EC 103/2019 (sem paridade).</p><p class="assina">JÉFERSON MURICY</p>]]></Texto>
  </body>
  <Midias />
</article></xml>