﻿<xml><article id="44205444" name="2025 - InCom IEN 267-2025" idOficio="11111414" pubName="DO2" artType="Portaria" pubDate="01/07/2025" artClass="00013:00061:00012:00020:00000:00000:00000:00000:00000:00000:00017:00000" artCategory="Ministério da Ciência, Tecnologia e Inovação/Comissão Nacional de Energia Nuclear/Diretoria de Pesquisa e Desenvolvimento/Instituto de Engenharia Nuclear" artSize="12" artNotes="" numberPage="7" pdfPage="http://pesquisa.in.gov.br/imprensa/jsp/visualiza/index.jsp?data=01/07/2025&amp;jornal=529&amp;pagina=7" editionNumber="121" highlightType="" highlightPriority="" highlight="" highlightimage="" highlightimagename="" idMateria="22816791">
  <body>
    <Identifica><![CDATA[ PORTARIA Nº 267, de 30 DE JUNHO de 2025]]></Identifica>
    <Data><![CDATA[]]></Data>
    <Ementa />
    <Titulo />
    <SubTitulo />
    <Texto><![CDATA[<p class="identifica">PORTARIA Nº 267, de 30 DE JUNHO de 2025</p><p>O DIRETOR DO INSTITUTO DE ENGENHARIA NUCLEAR (IEN) DA COMISSÃO NACIONAL DE ENERGIA NUCLEAR (CNEN), no uso das atribuições conferidas pela Portaria MCTI nº 461, de 05 de junho de 2024, publicada no Diário Oficial da União nº 108, página 4, Seção 2, de 07 de junho de 2024, com as competências estabelecidas pela Portaria CNEN nº 27, de 30 de abril de 2012, publicada no Diário Oficial da União nº 85, página 3, Seção 1, de 03 de maio de 2012, resolve:</p><p>Art. 1º Alterar a fundamentação legal da aposentadoria concedida a JORGE GERALDO DOS SANTOS ARAÚJO, matrícula SIAPE nº 669427, através da Portaria n°. 085, de 10 de dezembro de 2010, publicada no Diário Oficial da União nº 237 de 13 de dezembro de 2010, Seção 2, Página 04, para fazer constar o novo fundamento legal: artigo 40, parágrafo 1°, inciso I, da Constituição Federal de 1988, combinado com art. 6°-A da Emenda Constitucional nº 41/2003, incluído pela Emenda Constitucional nº 70/2012 e o inciso I do artigo 186 da Lei 8.112/90, com efeitos financeiros a partir de 30/03/2012.</p><p>Art. 2º Ratificar os demais termos da citada Portaria.</p><p class="assina">Cristovao Araripe Marinho</p>]]></Texto>
  </body>
  <Midias />
</article></xml>