﻿<xml><article id="44202177" name="PORTARIA NA 94" idOficio="11110676" pubName="DO2" artType="Portaria" pubDate="01/07/2025" artClass="00015:00024:00000:00000:00000:00000:00000:00000:00000:00000:00017:00094" artCategory="Ministério da Cultura/Agência Nacional do Cinema" artSize="12" artNotes="" numberPage="14" pdfPage="http://pesquisa.in.gov.br/imprensa/jsp/visualiza/index.jsp?data=01/07/2025&amp;jornal=529&amp;pagina=14" editionNumber="121" highlightType="" highlightPriority="" highlight="" highlightimage="" highlightimagename="" idMateria="22815839">
  <body>
    <Identifica><![CDATA[ PORTARIA Nº 94-E, DE 12 DE JUNHO DE 2025]]></Identifica>
    <Data><![CDATA[]]></Data>
    <Ementa />
    <Titulo />
    <SubTitulo />
    <Texto><![CDATA[<p class="identifica">PORTARIA Nº 94-E, DE 12 DE JUNHO DE 2025</p><p>O DIRETOR-PRESIDENTE DA AGÊNCIA NACIONAL DO CINEMA - ANCINE, no uso das atribuições que lhe conferem os incisos IV e VI do art. 13 do Anexo I ao Decreto nº 8.283, de 03 de julho de 2014, ratificados pelo Regimento Interno da ANCINE nos incisos III e V do art. 30, com fundamento no inciso II do art. 4º do Decreto nº 3.644, de 30 de outubro de 2000, e, considerando o constante nos autos do processo nº 01416.010971/2024-24, resolve:</p><p>Art. 1º Reverter à atividade, MARCIA VALADARES VIEGAS LOPES, matrícula SIAPE nº 1711275, aposentada no cargo de Especialista em Regulação da Atividade Cinematográfica e Audiovisual, Classe S, Padrão I, para ocupar a vaga de código 0785069, do Quadro Permanente desta Agência, com fundamento no §1º do art. 25 da Lei nº 8.112, de 11 de dezembro de 1990, regulamentado nos termos do inciso I do art. 2º do Decreto nº 3.644, de 30 de outubro de 2000.</p><p>Art. 2º Esta Portaria entra em vigor na data de sua publicação.</p><p class="assina">ALEX BRAGA</p>]]></Texto>
  </body>
  <Midias />
</article></xml>