﻿<xml><article id="44203455" name="Portarias de 30-06-2025" idOficio="11110953" pubName="DO2" artType="Portaria" pubDate="01/07/2025" artClass="00025:00090:00000:00000:00000:00000:00000:00000:00000:00000:00017:00002" artCategory="Ministério da Educação/Instituto Federal de Educação, Ciência e Tecnologia do Triângulo Mineiro" artSize="12" artNotes="" numberPage="33" pdfPage="http://pesquisa.in.gov.br/imprensa/jsp/visualiza/index.jsp?data=01/07/2025&amp;jornal=529&amp;pagina=33" editionNumber="121" highlightType="" highlightPriority="" highlight="" highlightimage="" highlightimagename="" idMateria="22816194">
  <body>
    <Identifica><![CDATA[ PORTARIA Nº 1.063, DE 27 DE JUNHO DE 2025]]></Identifica>
    <Data><![CDATA[]]></Data>
    <Ementa />
    <Titulo />
    <SubTitulo />
    <Texto><![CDATA[<p class="identifica">PORTARIA Nº 1.063, DE 27 DE JUNHO DE 2025</p><p>O Reitor do Instituto Federal de Educação, Ciência e Tecnologia do Triângulo Mineiro, no uso de suas atribuições legais, conferidas pelo Decreto Presidencial de 21/12/2023, publicado no DOU de 22/12/2023, Seção 2, Página 1, e Lei nº 11.892 de 29/12/2008, publicada no DOU de 30/12/2008, resolve:</p><p>I - Conceder, nos termos do Processo nº 23201.005012/2024-45, aposentadoria voluntária ao(à) servidor(a) MAURO DAS GRACAS MENDONCA, Matrícula SIAPE N° 1221917,ocupante do cargo de PROFESSOR DO ENSINO BÁSICO, TÉCNICO E TECNOLÓGICO, Código de Vaga nº 0348552, Nível NS, Classe T, Padrão 001, do Quadro Permanente do Instituto Federal de Educação, Ciência e Tecnologia do Triângulo Mineiro - CAMPUS UBERLÂNDIA de acordo com o art. 20, §2º, inciso II, da EC 103/2019.</p><p>II - Em decorrência da aposentadoria, declarar vago o referido cargo.</p><p>III - Esta Portaria entra em vigor nesta data.</p><p class="assina">MARCELO PONCIANO DA SILVA</p>]]></Texto>
  </body>
  <Midias />
</article></xml>