﻿<xml><article id="44201115" name="ATO TRT21- GP NA 174-2025" idOficio="11110373" pubName="DO2" artType="Ato" pubDate="01/07/2025" artClass="00070:00062:00001:00002:00001:00000:00000:00000:00000:00000:00001:00000" artCategory="Poder Judiciário/Tribunal Regional do Trabalho da 21ª Região/Presidência/Diretoria-Geral/Secretaria Administrativa" artSize="12" artNotes="" numberPage="104" pdfPage="http://pesquisa.in.gov.br/imprensa/jsp/visualiza/index.jsp?data=01/07/2025&amp;jornal=529&amp;pagina=104" editionNumber="121" highlightType="" highlightPriority="" highlight="" highlightimage="" highlightimagename="" idMateria="22815483">
  <body>
    <Identifica><![CDATA[ ATO TRT21-GP Nº 174, DE 30 DE JUNHO DE 2025]]></Identifica>
    <Data><![CDATA[]]></Data>
    <Ementa />
    <Titulo />
    <SubTitulo />
    <Texto><![CDATA[<p class="identifica">ATO TRT21-GP Nº 174, DE 30 DE JUNHO DE 2025</p><p>A DESEMBARGADORA VICE-PRESIDENTE NO EXERCÍCIO DA PRESIDÊNCIA DO TRIBUNAL REGIONAL DO TRABALHO DA 21ª REGIÃO, no uso de suas atribuições</p><p>Considerando as disposições contidas no art. 23 do Regimento Interno, resolve:</p><p>I. Exonerar ERIC CARRERAS HOMEM DE SIQUEIRA, matrícula 308.21.2019, do Cargo em Comissão de Diretor da Divisão de Proteção de Dados Pessoais (CJ-01), da Divisão de Proteção de Dados Pessoais.</p><p>II. Nomear THUILA RÊGO DE ARAÚJO DANTAS, matrícula nº 308.21.1273, para exercer Cargo em Comissão de Diretor da Divisão de Proteção de Dados Pessoais (CJ-01), da Divisão de Proteção de Dados Pessoais.</p><p>III. Este Ato em vigor na data da sua publicação</p><p class="assina">ISAURA MARIA BARBALHO SIMONETTI</p>]]></Texto>
  </body>
  <Midias />
</article></xml>