﻿<xml><article id="44200598" name="PORT_307" idOficio="11095758" pubName="DO2" artType="Portaria" pubDate="01/07/2025" artClass="00070:00007:00001:00000:00000:00000:00000:00000:00000:00000:00001:00008" artCategory="Poder Judiciário/Tribunal Regional Federal da 1ª Região/Presidência" artSize="12" artNotes="" numberPage="94" pdfPage="http://pesquisa.in.gov.br/imprensa/jsp/visualiza/index.jsp?data=01/07/2025&amp;jornal=529&amp;pagina=94" editionNumber="121" highlightType="" highlightPriority="" highlight="" highlightimage="" highlightimagename="" idMateria="22794329">
  <body>
    <Identifica><![CDATA[ PORTARIA Nº 307, DE 17 DE JUNHO DE 2025]]></Identifica>
    <Data><![CDATA[]]></Data>
    <Ementa />
    <Titulo />
    <SubTitulo />
    <Texto><![CDATA[<p class="identifica">PORTARIA Nº 307, DE 17 DE JUNHO DE 2025</p><p>A VICE-PRESIDENTE DO TRIBUNAL REGIONAL FEDERAL DA 1ª REGIÃO, NO EXECÍCIO DA PRESIDÊNCIA, no uso de suas atribuições legais, e tendo em vista o que consta no PAe 0018265-04.2024.4.01.8000, resolve:</p><p>PRORROGAR, a partir de 15/07/2025, a cessão a servidora GRAZIELA BORGES DE AMORIM, Técnica Judiciária, Área Administrativa, do Quadro de Pessoal da Justiça Federal de Primeiro Grau, Seção Judiciária do Distrito Federal, para continuar prestando serviços no Tribunal Regional Eleitoral do Distrito Federal, até 15/07/2026.</p><p class="assina">Desª. GILDA SIGMARINGA SEIXAS</p>]]></Texto>
  </body>
  <Midias />
</article></xml>