﻿<xml><article id="44200076" name="PORTARIA N 148_22805803" idOficio="11103615" pubName="DO2" artType="Portaria" pubDate="01/07/2025" artClass="00070:00002:00005:00000:00000:00000:00000:00000:00000:00000:00017:00000" artCategory="Poder Judiciário/Conselho Nacional de Justiça/Diretoria-Geral" artSize="12" artNotes="" numberPage="91" pdfPage="http://pesquisa.in.gov.br/imprensa/jsp/visualiza/index.jsp?data=01/07/2025&amp;jornal=529&amp;pagina=91" editionNumber="121" highlightType="" highlightPriority="" highlight="" highlightimage="" highlightimagename="" idMateria="22805803">
  <body>
    <Identifica><![CDATA[ PORTARIA DG Nº 148, DE 25 DE JUNHO DE 2025]]></Identifica>
    <Data><![CDATA[]]></Data>
    <Ementa />
    <Titulo />
    <SubTitulo />
    <Texto><![CDATA[<p class="identifica">PORTARIA DG Nº 148, DE 25 DE JUNHO DE 2025</p><p>O DIRETOR-GERAL DO CONSELHO NACIONAL DE JUSTIÇA, nos termos da alínea "d" do inciso XI do art. 3º da Portaria nº 112/2010, e considerando o contido no Processo SEI nº 02477/2023, resolve:</p><p>DESIGNAR</p><p>CAROLINE DA SILVA MODESTO, Técnica Judiciária, do quadro de pessoal do Tribunal de Justiça do Estado de Rondônia, para exercer a função de confiança de Chefe da Seção de Orientação Técnica e Suporte ao Sistema de Auditoria Interna, nível FC-6.</p><p class="assina">Johaness Eck</p>]]></Texto>
  </body>
  <Midias />
</article></xml>