﻿<xml><article id="44203935" name="PORTARIA - DAP DGP C Ex NA 619 D" idOficio="11111037" pubName="DO2" artType="Portaria" pubDate="01/07/2025" artClass="00016:00011:00029:00010:00000:00000:00000:00000:00000:00000:00017:00000" artCategory="Ministério da Defesa/Comando do Exército/Departamento-Geral do Pessoal/Diretoria de Assistência ao Pessoal" artSize="12" artNotes="" numberPage="16" pdfPage="http://pesquisa.in.gov.br/imprensa/jsp/visualiza/index.jsp?data=01/07/2025&amp;jornal=529&amp;pagina=16" editionNumber="121" highlightType="" highlightPriority="" highlight="" highlightimage="" highlightimagename="" idMateria="22816306">
  <body>
    <Identifica><![CDATA[ PORTARIA - DAP/DGP/C Ex Nº 619, DE 27 DE JUNHO DE 2025]]></Identifica>
    <Data><![CDATA[]]></Data>
    <Ementa />
    <Titulo />
    <SubTitulo />
    <Texto><![CDATA[<p class="identifica">PORTARIA - DAP/DGP/C Ex Nº 619, DE 27 DE JUNHO DE 2025</p><p>O DIRETOR DE ASSISTÊNCIA AO PESSOAL, no uso da competência que lhe foi subdelegada pela Portaria - DGP/C Ex nº 458, de 10 de agosto de 2023, e de acordo com o inciso I do art. 96 da Lei nº 6.880, de 9 de dezembro de 1980, resolve:</p><p>TRANSFERIR a pedido, para a reserva remunerada, a partir de 1º de agosto de 2025, os militares abaixo relacionados, com a remuneração a que fazem jus, observados os art. 12 e 15 da Lei nº 13.954, de 16 de dezembro de 2019:</p><p /><p></p><table><tr><td rowspan="1" colspan="1"><p>GRAD</p></td><td rowspan="1" colspan="1"><p>IDENTIDADE</p></td><td rowspan="1" colspan="1"><p>NOME</p></td><td rowspan="1" colspan="1"><p>OM DE ORIGEM</p></td></tr><tr><td rowspan="1" colspan="1"><p>S Ten Mus</p></td><td rowspan="1" colspan="1"><p>(020356704-5)</p></td><td rowspan="1" colspan="1"><p>MISAEL ÁVILA FONTES</p></td><td rowspan="1" colspan="1"><p>2º BPE;</p></td></tr><tr><td rowspan="1" colspan="1"><p>S Ten Com</p></td><td rowspan="1" colspan="1"><p>(052140324-6)</p></td><td rowspan="1" colspan="1"><p>NILTON MACHADO RAMOS</p></td><td rowspan="1" colspan="1"><p>B Adm Ap/5ª RM;</p></td></tr><tr><td rowspan="1" colspan="1"><p>S Ten Com</p></td><td rowspan="1" colspan="1"><p>(062362444-2)</p></td><td rowspan="1" colspan="1"><p>OSVALDO BARBOZA DE ALMEIDA</p></td><td rowspan="1" colspan="1"><p>CITEx;</p></td></tr><tr><td rowspan="1" colspan="1"><p>S Ten Eng</p></td><td rowspan="1" colspan="1"><p>(043418244-0)</p></td><td rowspan="1" colspan="1"><p>RAIMUNDO IVAN DE SOUSA CRUZ</p></td><td rowspan="1" colspan="1"><p>2º BEC;</p></td></tr><tr><td rowspan="1" colspan="1"><p>S Ten Com</p></td><td rowspan="1" colspan="1"><p>(033241184-2)</p></td><td rowspan="1" colspan="1"><p>RÉGIS WEBER RODRIGUES</p></td><td rowspan="1" colspan="1"><p>Esqd C 2ª Bda C Mec;</p></td></tr><tr><td rowspan="1" colspan="1"><p>S Ten Inf</p></td><td rowspan="1" colspan="1"><p>(042041724-8)</p></td><td rowspan="1" colspan="1"><p>RICARDO PEREIRA MONTEZ</p></td><td rowspan="1" colspan="1"><p>26º BI Pqdt;</p></td></tr><tr><td rowspan="1" colspan="1"><p>S Ten Com</p></td><td rowspan="1" colspan="1"><p>(021559654-5)</p></td><td rowspan="1" colspan="1"><p>ROBSON DE SOUZA CAMPOS</p></td><td rowspan="1" colspan="1"><p>Cia C 12ª Bda Inf L (AMV);</p></td></tr><tr><td rowspan="1" colspan="1"><p>S Ten Mus</p></td><td rowspan="1" colspan="1"><p>(052233014-1)</p></td><td rowspan="1" colspan="1"><p>SAMUEL FRANCISCO DA SILVA SANTOS</p></td><td rowspan="1" colspan="1"><p>2º BIL;</p></td></tr><tr><td rowspan="1" colspan="1"><p>S Ten Inf</p></td><td rowspan="1" colspan="1"><p>(102890214-4)</p></td><td rowspan="1" colspan="1"><p>SEVERINO CARDOSO DE MOURA</p></td><td rowspan="1" colspan="1"><p>Cia C 22ª Bda Inf Sl;</p></td></tr><tr><td rowspan="1" colspan="1"><p>S Ten Mus</p></td><td rowspan="1" colspan="1"><p>(030966894-5)</p></td><td rowspan="1" colspan="1"><p>VERGULINO PEREIRA BORBA</p></td><td rowspan="1" colspan="1"><p>36º BI Mec;</p></td></tr><tr><td rowspan="1" colspan="1"><p>1º Sgt Inf</p></td><td rowspan="1" colspan="1"><p>(011332234-1)</p></td><td rowspan="1" colspan="1"><p>ALESSANDRO BARBOSA DOS PRAZERES</p></td><td rowspan="1" colspan="1"><p>10º BIL-Mth;</p></td></tr><tr><td rowspan="1" colspan="1"><p>2º Sgt QE</p></td><td rowspan="1" colspan="1"><p>(020427334-6)</p></td><td rowspan="1" colspan="1"><p>AILTON PEREIRA DOS SANTOS</p></td><td rowspan="1" colspan="1"><p>GSIPr;</p></td></tr><tr><td rowspan="1" colspan="1"><p>2º Sgt QE</p></td><td rowspan="1" colspan="1"><p>(031810934-5)</p></td><td rowspan="1" colspan="1"><p>ANDRÉ GARCIA ALVES</p></td><td rowspan="1" colspan="1"><p>3º RC Mec;</p></td></tr><tr><td rowspan="1" colspan="1"><p>2º Sgt QE</p></td><td rowspan="1" colspan="1"><p>(011349004-9)</p></td><td rowspan="1" colspan="1"><p>CLÁUDIO FELIX ZAFATE</p></td><td rowspan="1" colspan="1"><p>2º BI Mtz (Es);</p></td></tr><tr><td rowspan="1" colspan="1"><p>2º Sgt QE</p></td><td rowspan="1" colspan="1"><p>(062381824-2)</p></td><td rowspan="1" colspan="1"><p>DENIVALDO LOPES BOMFIM</p></td><td rowspan="1" colspan="1"><p>19º BC;</p></td></tr><tr><td rowspan="1" colspan="1"><p>2º Sgt QE</p></td><td rowspan="1" colspan="1"><p>(072533834-7)</p></td><td rowspan="1" colspan="1"><p>EDNALDO CONSTANTINO DENIS</p></td><td rowspan="1" colspan="1"><p>14º BI Mtz;</p></td></tr><tr><td rowspan="1" colspan="1"><p>2º Sgt QE</p></td><td rowspan="1" colspan="1"><p>(112694544-1)</p></td><td rowspan="1" colspan="1"><p>FRANCISCO FRANÇA FERREIRA FILHO</p></td><td rowspan="1" colspan="1"><p>1º BAC;</p></td></tr><tr><td rowspan="1" colspan="1"><p>2º Sgt QE</p></td><td rowspan="1" colspan="1"><p>(112686694-4)</p></td><td rowspan="1" colspan="1"><p>ITAMAR MARTINS PRIMO</p></td><td rowspan="1" colspan="1"><p>2º B Fv;</p></td></tr><tr><td rowspan="1" colspan="1"><p>2º Sgt QE</p></td><td rowspan="1" colspan="1"><p>(030947184-5)</p></td><td rowspan="1" colspan="1"><p>JOAQUIM FERNANDO RAMOS DORNELES</p></td><td rowspan="1" colspan="1"><p>23º BI; e</p></td></tr><tr><td rowspan="1" colspan="1"><p>2º Sgt QE</p></td><td rowspan="1" colspan="1"><p>(112720414-5)</p></td><td rowspan="1" colspan="1"><p>JOSE AMILTON SILVA LISBOA</p></td><td rowspan="1" colspan="1"><p>CIE.</p></td></tr></table><p class="assina">Gen Bda MÁRCIO COSSICH TRINDADE</p>]]></Texto>
  </body>
  <Midias />
</article></xml>