﻿<xml><article id="44201292" name="PT 652" idOficio="11110466" pubName="DO2" artType="Portaria" pubDate="01/07/2025" artClass="00047:00002:00021:00040:00014:00000:00000:00000:00000:00000:00017:00652" artCategory="Ministério da Saúde/Secretaria Executiva/Subsecretaria de Assuntos Administrativos/Superintendência Estadual do Ministério da Saúde no Rio de Janeiro/Serviço de Gestão de Pessoas" artSize="12" artNotes="" numberPage="78" pdfPage="http://pesquisa.in.gov.br/imprensa/jsp/visualiza/index.jsp?data=01/07/2025&amp;jornal=529&amp;pagina=78" editionNumber="121" highlightType="" highlightPriority="" highlight="" highlightimage="" highlightimagename="" idMateria="22815592">
  <body>
    <Identifica><![CDATA[ PORTARIA SEGEP/RJ Nº 652, DE 25 DE JUNHO DE 2025]]></Identifica>
    <Data><![CDATA[]]></Data>
    <Ementa />
    <Titulo />
    <SubTitulo />
    <Texto><![CDATA[<p class="identifica">PORTARIA SEGEP/RJ Nº 652, DE 25 DE JUNHO DE 2025</p><p>A CHEFE DO SERVIÇO DE GESTÃO DE PESSOAS, DA SUPERINTENDÊNCIA ESTADUAL DO MINISTÉRIO DA SAÚDE NO RIO DE JANEIRO, DA SUBSECRETARIA DE ASSUNTOS ADMINISTRATIVOS, DA SECRETARIA-EXECUTIVA, DO MINISTÉRIO DA SAÚDE, no uso de suas atribuições legais que lhe foram atribuídas pela PORTARIA DE PESSOAL SE/MS Nº 94, DE 01 DE fevereiro DE 2024, publicada no DOU nº 25, de 5 de fevereiro de 2024, Seção 2, página 68, e tendo em vista o que consta no processo nº 25001.002500/2025-63, resolve:</p><p>Conceder pensão à Cônjuge CLAUDIA MARCIA CARVALHO TATAGIBA DE OLIVEIRA, com fundamento nos artigos 217, inciso I e 222, inciso VII, alínea b, item 6, da Lei nº 8.112/90, na redação dada pela Lei n° 13.135 de 17/06/2015, combinado com o da Portaria SGP/SEDGG/ME Nº 4645 de 24/05/2022 em face do falecimento ocorrido em 17/02/2025 do ex-servidor ERALDO FERREIRA DE OLIVEIRA, matrícula SIAPE nº 0516185, GUARDA DE ENDEMIAS CLASSE: S PADRAO: III, ATIVO do Quadro de Pessoal deste Ministério, sendo a pensão calculada nos termos do artigo 23 da Emenda Constitucional nº 103, de 13/11/2019, cabendo à beneficiária a cota-parte de 1/1, a contar da data do óbito, em conformidade com o disposto no Art. 219 da Lei 8112/1990, com redação dada pela Lei 13.846/2019, devendo ainda ser aplicado o disposto no inciso II do parágrafo 1º, bem como o disposto nos parágrafos 2º e 3 º do artigo 24 da citada Emenda.</p><p class="assina">LUCILENA RODRIGUES GIESTEIRA</p>]]></Texto>
  </body>
  <Midias />
</article></xml>