﻿<xml><article id="44203893" name="2025-06-27 - Portaria 664 - REIT" idOficio="11111068" pubName="DO2" artType="Portaria" pubDate="01/07/2025" artClass="00025:00142:00000:00000:00000:00000:00000:00000:00000:00000:00017:00002" artCategory="Ministério da Educação/Fundação Universidade Federal do ABC" artSize="12" artNotes="" numberPage="48" pdfPage="http://pesquisa.in.gov.br/imprensa/jsp/visualiza/index.jsp?data=01/07/2025&amp;jornal=529&amp;pagina=48" editionNumber="121" highlightType="" highlightPriority="" highlight="" highlightimage="" highlightimagename="" idMateria="22816321">
  <body>
    <Identifica><![CDATA[ PORTARIA Nº 664, DE 27 DE JUNHO DE 2025]]></Identifica>
    <Data><![CDATA[]]></Data>
    <Ementa />
    <Titulo />
    <SubTitulo />
    <Texto><![CDATA[<p class="identifica">PORTARIA Nº 664, DE 27 DE JUNHO DE 2025</p><p>O REITOR DA FUNDAÇÃO UNIVERSIDADE FEDERAL DO ABC (UFABC), reconduzido por Decreto da Presidência da República, de 24 de maio de 2022, publicado no Diário Oficial da União (DOU), Seção 2, página 1, de 25 de maio de 2022, no uso de suas atribuições legais, resolve:</p><p>Art. 1º Tornar sem efeito a Portaria n° 589, de 10/06/2025, publicada no DOU nº 111, de 13/06/2025, Seção 2, página 31, que nomeou LIGIA DE CAMARGO ROCHA para provimento do cargo efetivo de Técnica de Laboratório - Área Química, por motivo de desistência definitiva à vaga.</p><p>Art. 2º Nomear, nos termos do Art. 9º, I, c/c Art. 10 da Lei nº 8.112/1990, LUCAS DE OLIVEIRA BARROCA, 6º classificado da lista geral de candidatos do concurso público objeto do Edital nº 35/2023, publicado no Diário Oficial da União - DOU n° 98, de 24/05/2023, Seção 3, páginas 69 a 75, homologado pelo Edital nº 61/2023, publicado no DOU n° 192, de 06/10/2023, Seção 3, páginas 108 e 110, para provimento do cargo efetivo de Técnico de Laboratório - Área Química, do Plano de Carreira dos Cargos Técnico-Administrativos em Educação, em regime de trabalho de 40 (quarenta) horas semanais, código da vaga nº 342542, decorrente da exoneração a pedido de Dener Edson Ottolini Guedes da Silva, por meio da Portaria nº 1207, de 20/10/2023, DOU nº 203, de 25/10/2023, Seção 2, página 27.</p><p class="assina">DACIO ROBERTO MATHEUS</p>]]></Texto>
  </body>
  <Midias />
</article></xml>