﻿<xml><article id="44200646" name="1589 DE 15 DE JUNHO DE 2025" idOficio="11109788" pubName="DO2" artType="Portaria" pubDate="01/07/2025" artClass="00025:00102:00000:00000:00000:00000:00000:00000:00000:00000:00017:00006" artCategory="Ministério da Educação/Universidade Federal Fluminense" artSize="12" artNotes="" numberPage="35" pdfPage="http://pesquisa.in.gov.br/imprensa/jsp/visualiza/index.jsp?data=01/07/2025&amp;jornal=529&amp;pagina=35" editionNumber="121" highlightType="" highlightPriority="" highlight="" highlightimage="" highlightimagename="" idMateria="22814720">
  <body>
    <Identifica><![CDATA[ PORTARIA Nº 1.589, DE 15 DE JUNHO DE 2025]]></Identifica>
    <Data><![CDATA[]]></Data>
    <Ementa />
    <Titulo />
    <SubTitulo />
    <Texto><![CDATA[<p class="identifica">PORTARIA Nº 1.589, DE 15 DE JUNHO DE 2025</p><p>O REITOR DA UNIVERSIDADE FEDERAL FLUMINENSE, no uso de suas atribuições, e tendo em vista o que consta do Processo UFF n.º 23069.187267/2023-16, resolve:</p><p>Conceder aposentadoria voluntária a MARIA JOSE DA CONCEICAO BAPTISTA, matrícula SIAPE nº 308159, ocupante do cargo de Auxiliar em Enfermagem, código 701411, Nível de Classificação C, Padrão de Vencimentos 19, do Quadro de Pessoal Permanente desta Universidade, código de vaga 237270, com fundamento no artigo 3º da Emenda Constitucional nº 47/2005, c/c o artigo 3º da Emenda Constitucional nº 103/2019, com proventos integrais, cumulativamente com o adicional por tempo de serviço no percentual de 19% (dezenove por cento).</p><p class="assina">ANTONIO CLAUDIO LUCAS DA NOBREGA</p>]]></Texto>
  </body>
  <Midias />
</article></xml>