﻿<xml><article id="44201631" name="PortAposent.52(Ana Cozzolino)" idOficio="11110517" pubName="DO2" artType="Portaria" pubDate="01/07/2025" artClass="00047:00002:00021:00037:00006:00001:00000:00000:00000:00000:00017:00000" artCategory="Ministério da Saúde/Secretaria Executiva/Subsecretaria de Assuntos Administrativos/Superintendência Estadual do Ministério da Saúde no Pará/Serviço de Gestão Administrativa/Seção de Gestão de Pessoas" artSize="12" artNotes="" numberPage="77" pdfPage="http://pesquisa.in.gov.br/imprensa/jsp/visualiza/index.jsp?data=01/07/2025&amp;jornal=529&amp;pagina=77" editionNumber="121" highlightType="" highlightPriority="" highlight="" highlightimage="" highlightimagename="" idMateria="22815693">
  <body>
    <Identifica><![CDATA[ Portaria  Nº 52, de 17 de junho de 2025]]></Identifica>
    <Data><![CDATA[]]></Data>
    <Ementa />
    <Titulo />
    <SubTitulo />
    <Texto><![CDATA[<p class="identifica">Portaria Nº 52, de 17 de junho de 2025</p><p>A Chefe do Serviço de Gestão de Pessoas da Superintendência Estadual do Ministério da Saúde no Estado do Pará, de acordo com a estrutura regimental aprovada pelo Decreto nº 11.358/2023, com Apostilamento publicado no Boletim de Serviço Eletrônico nº 9, de 24.01.2023 - Edição Extraordinária, resolve:</p><p>Conceder aposentadoria voluntária à servidora Ana Lídia Barreiros Cozzolino, ocupante do cargo de Auxiliar Operacional de Serviços Diversos, matrícula SIAPE 0563235, pertencente ao quadro de pessoal deste Ministério da Saúde, por ter completado os critérios previstos no artigo 3º da Emenda Constitucional nº 47/2005, c/c o artigo 3º da Emenda Constitucional nº 103/2019, acrescido das demais vantagens inerentes ao cargo efetivo. (Processo nº 25010.000908/2025-91).</p><p class="assina">Iranilda do Socorro da Silva Coutinho</p>]]></Texto>
  </body>
  <Midias />
</article></xml>