﻿<xml><article id="44201421" name="PORTARIA N 1.404_22815645" idOficio="11110494" pubName="DO2" artType="Portaria" pubDate="01/07/2025" artClass="00028:00002:00000:00000:00000:00000:00000:00000:00000:00000:00017:00000" artCategory="Ministério da Fazenda/Secretaria Executiva" artSize="12" artNotes="" numberPage="54" pdfPage="http://pesquisa.in.gov.br/imprensa/jsp/visualiza/index.jsp?data=01/07/2025&amp;jornal=529&amp;pagina=54" editionNumber="121" highlightType="" highlightPriority="" highlight="" highlightimage="" highlightimagename="" idMateria="22815645">
  <body>
    <Identifica><![CDATA[ PORTARIA SE/MF N° 1.404, DE 27 DE JUNHO DE 2025]]></Identifica>
    <Data><![CDATA[]]></Data>
    <Ementa />
    <Titulo />
    <SubTitulo />
    <Texto><![CDATA[<p class="identifica">PORTARIA SE/MF N° 1.404, DE 27 DE JUNHO DE 2025</p><p>O SECRETÁRIO-EXECUTIVO ADJUNTO DO MINISTÉRIO DA FAZENDA, no uso da competência que lhe foi delegada pelo Inciso II do Art. 16 da Portaria SE/MF nº 1.250, de 11 de outubro de 2023, publicada no Diário Oficial da União de 18 de outubro 2023, e demais informações que constam no processo nº 19995.005367/2025-59, resolve:</p><p>Art. 1º Conceder a Gratificação Temporária das Unidades dos Sistemas Estruturadores da Administração Pública Federal do Sistema de Administração Financeira Federal, Nível Superior, Órgão Central, à servidora CAMILA DE OLIVEIRA FIGUEIREDO GARCIA GOMES, Analista-Técnico Administrativo, matrícula SIAPE nº 1953588, em exercício na Coordenação-Geral de Inovação, Projetos e Processos, da Subsecretaria de Gestão Estratégica desta Secretaria Executiva, nos termos do § 6º do art. 15 da Lei nº 11.356, de 19 de outubro de 2006.</p><p>Art. 2º Esta portaria entra em vigor na data da publicação.</p><p class="assina">RAFAEL RAMALHO DUBEUX</p>]]></Texto>
  </body>
  <Midias />
</article></xml>