﻿<xml><article id="44204691" name="PORTARIA nA 2281 de 30 junho de " idOficio="11111264" pubName="DO2" artType="Portaria" pubDate="01/07/2025" artClass="00047:00052:00040:00000:00000:00000:00000:00000:00000:00000:00017:00000" artCategory="Ministério da Saúde/Fundação Nacional de Saúde/Superintendência Estadual em Santa Catarina" artSize="12" artNotes="" numberPage="80" pdfPage="http://pesquisa.in.gov.br/imprensa/jsp/visualiza/index.jsp?data=01/07/2025&amp;jornal=529&amp;pagina=80" editionNumber="121" highlightType="" highlightPriority="" highlight="" highlightimage="" highlightimagename="" idMateria="22816546">
  <body>
    <Identifica><![CDATA[ PORTARIA Nº 2.281, DE 30 DE JUNHO DE 2025]]></Identifica>
    <Data><![CDATA[]]></Data>
    <Ementa />
    <Titulo />
    <SubTitulo />
    <Texto><![CDATA[<p class="identifica">PORTARIA Nº 2.281, DE 30 DE JUNHO DE 2025</p><p>O SUPERINTENDENTE ESTADUAL SUBSTITUTO DA FUNDAÇÃO NACIONAL DE SAÚDE NO ESTADO DE SANTA CATARINA, designado pela Portaria nº 578, de 17 de maio de 2024, publicada no DOU nº 96, de 20 de maio de 2024, e no uso das suas atribuições que lhe confere o art. 20 do Estatuto da FUNASA aprovado pelo Decreto nº 11.223, de 05 de outubro de 2022, publicado no DOU nº 191, de 06 de outubro de 2022; e considerando o que consta do processo nº 25295.0000762025-64, resolve:</p><p>Art. 1º - Conceder pensão vitalícia, a partir 02 de março de 2025, data do óbito do servidor, a Sra. Rita Aparecida de Mello Portes, na qualidade de cônjuge do ex-servidor Valter Dias Portes, matrícula SIAPE nº 0491158, aposentado em 07 de setembro de 2001, no Cargo de Agente de Saúde Pública, Classe/Padrão NI-S-V do Quadro de Pessoal da Fundação Nacional de Saúde/Funasa/SC, com fundamento no inciso I, do art. 3º, da Portaria SGP/SEDGG/MEE nº 4645, de 24 de maio de 2022, combinado com artigo 215 (redação dada pela Lei 13.846/2019), e 217, inciso I da Lei nº 8112/90 (redação dada Lei nº 13.135/2015), combinado com artigo 222, inciso VII, alínea "b", item 6, da Lei nº 8.112/90, e o art. 23, da Emenda Constitucional nº 103 de 12 de novembro de 2019, observado o disposto no artigo 2º inciso I, da Lei nº 10.887/2004.</p><p>Art. 2º - Esta portaria entra em vigor na data de sua publicação.</p><p class="assina">ORIVALDO OLIVEIRA FILHO</p>]]></Texto>
  </body>
  <Midias />
</article></xml>