﻿<xml><article id="44200355" name="IN PORTARIA NA 3657 - Vacancia -" idOficio="11105109" pubName="DO2" artType="Portaria" pubDate="01/07/2025" artClass="00025:00070:00000:00000:00000:00000:00000:00000:00000:00000:00017:00000" artCategory="Ministério da Educação/Instituto Federal de Educação, Ciência e Tecnologia de Minas Gerais" artSize="12" artNotes="" numberPage="26" pdfPage="http://pesquisa.in.gov.br/imprensa/jsp/visualiza/index.jsp?data=01/07/2025&amp;jornal=529&amp;pagina=26" editionNumber="121" highlightType="" highlightPriority="" highlight="" highlightimage="" highlightimagename="" idMateria="22807888">
  <body>
    <Identifica><![CDATA[ PORTARIA Nº 63, DE 8 DE JANEIRO DE 2025]]></Identifica>
    <Data><![CDATA[]]></Data>
    <Ementa />
    <Titulo />
    <SubTitulo />
    <Texto><![CDATA[<p class="identifica">PORTARIA Nº 63, DE 8 DE JANEIRO DE 2025</p><p>O REITOR DO INSTITUTO FEDERAL DE EDUCAÇÃO, CIÊNCIA E TECNOLOGIA DE MINAS GERAIS, no uso das atribuições que lhe são conferidas pelo Estatuto da Instituição, republicado com alterações no Diário Oficial da União do dia 08/05/2018, Seção 1, Páginas 09 e 10, e pelo Decreto de 11 de setembro de 2023, publicado no DOU de 12 de setembro de 2023, Seção 2, Edição nº 174, página 01 e o que consta no Processo nº 23825.000776/2025-98, resolve:</p><p>Art. 1º Declarar a Vacância do servidor MOISES PAULO TEIXEIRA, SIAPE nº 3937508, SIAPECAD nº 02407569, na forma do art. 33, inciso VIII, da Lei nº 8.112/90, a partir do dia 01 de julho de 2025, do cargo de Técnico de Laboratório - Área, Código de Vaga nº 0327539, do Quadro de Pessoal Permanente do Instituto Federal de Educação, Ciência e Tecnologia de Minas Gerais - Campus Ibirité, tendo em vista a sua posse em outro cargo inacumulável.</p><p>Art. 2º Determinar que Pró-Reitoria de Gestão de Pessoas adote as providências cabíveis à aplicação desta Portaria.</p><p>Art. 3º Esta Portaria entra em vigor na data de sua publicação.</p><p class="assina">RAFAEL BASTOS TEIXEIRA</p>]]></Texto>
  </body>
  <Midias />
</article></xml>