﻿<xml><article id="44201778" name="Portaria 24050 SGP" idOficio="11110587" pubName="DO2" artType="Portaria" pubDate="01/07/2025" artClass="00070:00027:00000:00000:00000:00000:00000:00000:00000:00000:00017:00000" artCategory="Poder Judiciário/Tribunal Regional Eleitoral do Pará" artSize="12" artNotes="" numberPage="96" pdfPage="http://pesquisa.in.gov.br/imprensa/jsp/visualiza/index.jsp?data=01/07/2025&amp;jornal=529&amp;pagina=96" editionNumber="121" highlightType="" highlightPriority="" highlight="" highlightimage="" highlightimagename="" idMateria="22815770">
  <body>
    <Identifica><![CDATA[ PORTARIA Nº 24.050, DE 27 DE JUNHO DE 2025]]></Identifica>
    <Data><![CDATA[]]></Data>
    <Ementa />
    <Titulo />
    <SubTitulo />
    <Texto><![CDATA[<p class="identifica">PORTARIA Nº 24.050, DE 27 DE JUNHO DE 2025</p><p>O DIRETOR-GERAL DO TRIBUNAL REGIONAL ELEITORAL DO PARÁ, no uso das atribuições que lhe são conferidas pelo inciso XXII, do art. 1º, da Portaria TRE/PA nº 19597/2020, alterada pela Portaria TRE/PA nº 22444/2023, e à vista do contido nos Processos Administrativos Eletrônicos nºs 0006131-72.2025.6.14.8034 e 0006163-77.2025.6.14.8034, resolve:</p><p>Art. 1º DISPENSAR, com efeitos a contar de 01.07.2025, a servidora ELEN LIMA IVO, Técnico Judiciário da Área Administrativa do Quadro de Pessoal Permanente deste Tribunal, da Função Comissionada de Chefe de Cartório, nível FC-6, da 34ª Zona Eleitoral, com sede no município de Itaituba, com fulcro no art. 35, I, da Lei nº 8.112/1990.</p><p>Art. 2º DISPENSAR, com efeitos a contar de 01.07.2025, o servidor requisitado EDSON LIMA DOURADO da Função Comissionada de Assistente I, nível FC-1, da 34ª Zona Eleitoral, com sede no município de Itaituba, com fulcro no art. 35, I, da Lei nº 8.112/1990.</p><p>Art. 3º DESIGNAR, com efeitos a contar de 01.07.2025, o servidor requisitado EDSON LIMA DOURADO para exercer a Função Comissionada de Chefe de Cartório, nível FC-6, da 34ª Zona Eleitoral, com sede no município de Itaituba, com fulcro na Lei nº 13.150/2015, art. 4º, § 2º, da Resolução TSE nº 23.448/2015.</p><p>Art. 4º DESIGNAR, com efeitos a contar de 01.07.2025 a servidora requisitada IVONETE BEZERRA MOTA para exercer a Função Comissionada de Assistente I, nível FC-1, da 34ª Zona Eleitoral, com sede no município de Itaituba, com fulcro na Lei nº 13.150/2015, e no § 2º, do art. 4º, da Resolução TSE nº 23.448/2015.</p><p>Art. 5º Esta portaria entra em vigor na data de sua publicação.</p><p class="assina">BRUNO GIORGI ALMEIDA E SILVA</p>]]></Texto>
  </body>
  <Midias />
</article></xml>