﻿<xml><article id="44205033" name="DOU2-PA-1-PT-121-UNI-PR-PA-00037" idOficio="11111333" pubName="DO2" artType="Portaria" pubDate="01/07/2025" artClass="00066:00008:00038:00000:00000:00000:00000:00000:00000:00000:00017:00002" artCategory="Ministério Público da União/Ministério Público Federal/Procuradoria da República no Estado do Pará" artSize="12" artNotes="" numberPage="85" pdfPage="http://pesquisa.in.gov.br/imprensa/jsp/visualiza/index.jsp?data=01/07/2025&amp;jornal=529&amp;pagina=85" editionNumber="121" highlightType="" highlightPriority="" highlight="" highlightimage="" highlightimagename="" idMateria="22816728">
  <body>
    <Identifica><![CDATA[ PORTARIA Nº 121, DE 23 DE JUNHO DE 2025]]></Identifica>
    <Data><![CDATA[]]></Data>
    <Ementa />
    <Titulo />
    <SubTitulo />
    <Texto><![CDATA[<p class="identifica">PORTARIA Nº 121, DE 23 DE JUNHO DE 2025</p><p>O PROCURADOR-CHEFE DA PROCURADORIA DA REPÚBLICA NO ESTADO DO PARÁ, no uso da atribuição conferida pelo disposto no art. 33, inciso VI, do Regimento Interno Administrativo do Ministério Público Federal, aprovado pela Portaria SG/MPF nº 382, de 5 de maio de 2015, e pelo disposto no art. 56, inciso VII, do Regimento Interno Diretivo do Ministério Público Federal, aprovado pela Portaria SG/MPF nº 357, de 5 de maio de 2015,</p><p>Considerando os termos do MEMORANDO 181/2025/GECO/PRPA - PR-PA-00035598/2025, resolve:</p><p>1. Exonerar o servidor JOSE LUIZ CARDOSO DE LIMA, ocupante do cargo de Técnico do MPU/Direito, matrícula 22515, do cargo em comissão de Assessor Nível II, CC-2, do Grupo de Atuação e Combate ao Crime Organizado - GAECO, da Procuradoria da República no Pará.</p><p>2. Nomear a servidora LENICE PESSOA OLIVEIRA, ocupante do cargo de Analista do MPU/Direito, matrícula 9641, para o cargo em comissão de Assessor Nível II, CC-2, do Grupo de Atuação e Combate ao Crime Organizado - GAECO, da Procuradoria da República no Pará.</p><p>3. Dispensar a servidora LENICE PESSOA OLIVEIRA, ocupante do cargo de Analista do MPU/Direito, matrícula 9641, da Função de Confiança de Assistente Nível II, FC 02, do Grupo de Atuação e Combate ao Crime Organizado - GAECO, da Procuradoria da República no Estado do Pará.</p><p>4. Designar o servidor JOSE LUIZ CARDOSO DE LIMA, ocupante do cargo de Técnico do MPU/Direito, matrícula 22515, para exercer a Função de Confiança de Assistente Nível II, FC 02, do Grupo de Atuação e Combate ao Crime Organizado - GAECO, da Procuradoria da República no Estado do Pará.</p><p>5. Dispensar a servidora LENICE PESSOA OLIVEIRA, ocupante do cargo de Analista do MPU/Direito, matrícula nº 9641, do encargo de substituta eventual da Assessora-Chefe Nível II, CC-2, do Grupo de Atuação e Combate ao Crime Organizado - GAECO, da Procuradoria da República no Pará.</p><p>6. Designar o servidor JOSE LUIZ CARDOSO DE LIMA, ocupante do cargo de Técnico do MPU/Direito, matrícula 22515, para exercer o encargo de substituto eventual da Assessora-Chefe Nível II, CC-2, do Grupo de Atuação e Combate ao Crime Organizado - GAECO, da Procuradoria da República no Pará.</p><p class="assina">FELIPE DE MOURA PALHA E SILVA</p>]]></Texto>
  </body>
  <Midias />
</article></xml>