﻿<xml><article id="44202081" name="PORTARIA N 633_22815833" idOficio="11110670" pubName="DO2" artType="Portaria" pubDate="01/07/2025" artClass="00016:00012:00008:00040:00000:00000:00000:00000:00000:00000:00017:00000" artCategory="Ministério da Defesa/Comando da Marinha/Comando de Operações Navais/1º Distrito Naval" artSize="12" artNotes="" numberPage="17" pdfPage="http://pesquisa.in.gov.br/imprensa/jsp/visualiza/index.jsp?data=01/07/2025&amp;jornal=529&amp;pagina=17" editionNumber="121" highlightType="" highlightPriority="" highlight="" highlightimage="" highlightimagename="" idMateria="22815833">
  <body>
    <Identifica><![CDATA[ PORTARIA Com1°DN N° 633, DE 24 DE JUNHO DE 2025]]></Identifica>
    <Data><![CDATA[]]></Data>
    <Ementa />
    <Titulo />
    <SubTitulo />
    <Texto><![CDATA[<p class="identifica">PORTARIA Com1°DN N° 633, DE 24 DE JUNHO DE 2025</p><p>O COMANDANTE DO 1º DISTRITO NAVAL, no uso da atribuição que lhe confere o § 4º, do art. 2º da Portaria nº 71, de 8 de abril de 2022, do Comandante de Operações Navais; e tendo em vista o previsto no inciso III, da alínea b, do § 1º, do art. 3º da Lei nº 6.880, de 9 de dezembro de 1980 (Estatuto dos Militares), alterada pela Lei nº 13.954, de 16 de dezembro de 2019; e o contido nas Normas sobre Tarefa por Tempo Certo e Designações para o Serviço Ativo (DGPM-314 - 6ª Revisão - Mod.4), resolve:</p><p>Art. 1º Renovar o período de prestação de Tarefa por Tempo Certo do SO-RM1-CN 86.7218.52 OSÉAS NASCIMENTO PEREIRA, prevista na Portaria n° 668/2023, do Com1ºDN, no período de 03JUL2025 a 02JUL2027, sob o regime de quarenta horas de trabalho semanais, na área de Administração, neste Comando, na função de Fiel de Material, NEO 93.0.0.5.</p><p>Art. 2º Esta Portaria entra em vigor na presente data.</p><p class="assina">V Alte THADEU MARCOS OROSCO COELHO LOBO THADEU</p>]]></Texto>
  </body>
  <Midias />
</article></xml>