﻿<xml><article id="44204988" name="DOU2-PR-1-PT-337-UNI-PR-PR-00097" idOficio="11111333" pubName="DO2" artType="Portaria" pubDate="01/07/2025" artClass="00066:00008:00040:00000:00000:00000:00000:00000:00000:00000:00017:00337" artCategory="Ministério Público da União/Ministério Público Federal/Procuradoria da República no Estado do Paraná" artSize="12" artNotes="" numberPage="86" pdfPage="http://pesquisa.in.gov.br/imprensa/jsp/visualiza/index.jsp?data=01/07/2025&amp;jornal=529&amp;pagina=86" editionNumber="121" highlightType="" highlightPriority="" highlight="" highlightimage="" highlightimagename="" idMateria="22816691">
  <body>
    <Identifica><![CDATA[ PORTARIA Nº 337, DE 27 DE JUNHO DE 2025]]></Identifica>
    <Data><![CDATA[]]></Data>
    <Ementa />
    <Titulo />
    <SubTitulo />
    <Texto><![CDATA[<p class="identifica">PORTARIA Nº 337, DE 27 DE JUNHO DE 2025</p><p>O PROCURADOR-CHEFE DA PROCURADORIA DA REPÚBLICA NO ESTADO DO PARANÁ, no uso das atribuições conferidas pelo art. 33 e incisos do Regimento Interno do Ministério Público Federal (aprovado pela Portaria SG/MPF Nº 382, de 05 de maio de 2015), resolve:</p><p>1-Dispensar MAIRON LUCAS BASNIAK, matrícula 15628-1, Técnico do MPU/Administração, da função de Secretário - Nível I, FC-1, da Chefia de Gabinete, da Procuradoria da República no Estado do Paraná.</p><p>2-Designar EVERALDO MAZIEIRA, matrícula 13198-9, Técnico do MPU/Segurança Institucional e Transporte, para exercer a função de Secretário - Nível I, FC-1, da Chefia de Gabinete, da Procuradoria da República no Estado do Paraná.</p><p class="assina">DANIEL HOLZMANN COIMBRA</p>]]></Texto>
  </body>
  <Midias />
</article></xml>