﻿<xml><article id="44200463" name="DOU_PR_20250627" idOficio="11106982" pubName="DO2" artType="Portaria" pubDate="01/07/2025" artClass="00040:00024:00000:00000:00000:00000:00000:00000:00000:00000:00017:00000" artCategory="Ministério do Planejamento e Orçamento/Fundação Instituto Brasileiro de Geografia e Estatística" artSize="12" artNotes="" numberPage="72" pdfPage="http://pesquisa.in.gov.br/imprensa/jsp/visualiza/index.jsp?data=01/07/2025&amp;jornal=529&amp;pagina=72" editionNumber="121" highlightType="" highlightPriority="" highlight="" highlightimage="" highlightimagename="" idMateria="22810728">
  <body>
    <Identifica><![CDATA[ PORTARIA N° 731, DE 25 DE JUNHO DE 2025]]></Identifica>
    <Data><![CDATA[]]></Data>
    <Ementa />
    <Titulo />
    <SubTitulo />
    <Texto><![CDATA[<p class="identifica">PORTARIA N° 731, DE 25 DE JUNHO DE 2025</p><p>O PRESIDENTE da FUNDAÇÃO INSTITUTO BRASILEIRO DE GEOGRAFIA E ESTATÍSTICA-IBGE, usando de suas atribuições legais e regulamentares, resolve:</p><p>Dispensar, a pedido, RAFAEL GOMES PEREIRA, CPF nº XXX.604.191-XX, da função comissionada executiva de Chefe de Seção, do(a) Seção de Pesquisas Sociais, do(a) Superintendência Estadual do IBGE no Distrito Federal, FCE - 1.3, desta Fundação, a partir de 01/07/2025.</p><p class="assina">MARCIO POCHMANN</p>]]></Texto>
  </body>
  <Midias />
</article></xml>