﻿<xml><article id="44199788" name="PORTARIA N 85_22782330" idOficio="11087895" pubName="DO2" artType="Portaria" pubDate="01/07/2025" artClass="00070:00051:00001:00000:00000:00000:00000:00000:00000:00000:00017:00000" artCategory="Poder Judiciário/Tribunal Regional do Trabalho da 10ª Região/Presidência" artSize="12" artNotes="" numberPage="101" pdfPage="http://pesquisa.in.gov.br/imprensa/jsp/visualiza/index.jsp?data=01/07/2025&amp;jornal=529&amp;pagina=101" editionNumber="121" highlightType="" highlightPriority="" highlight="" highlightimage="" highlightimagename="" idMateria="22782330">
  <body>
    <Identifica><![CDATA[ PORTARIA Nº 85, DE 13 DE JUNHO DE 2025]]></Identifica>
    <Data><![CDATA[]]></Data>
    <Ementa />
    <Titulo />
    <SubTitulo />
    <Texto><![CDATA[<p class="identifica">PORTARIA Nº 85, DE 13 DE JUNHO DE 2025</p><p>O PRESIDENTE DO TRIBUNAL REGIONAL DO TRABALHO DA DÉCIMA REGIÃO, no uso de suas atribuições legais e regimentais,</p><p>considerando o contido no Processo Administrativo SEI nº 0001389-04.2025.5.10.8000, resolve:</p><p>REDISTRIBUIR, com efeitos a partir de 1º/7/2025, para o quadro de pessoal do Tribunal Superior do Trabalho, ante a concordância manifestada por aquela Corte, o cargo de Analista Judiciário, Área Judiciária, do Quadro de Pessoal deste Tribunal, ocupado pela servidora LUCIANA MOREIRA DE MEDEIROS, com fundamento no art. 37, da Lei nº 8.112/1990, na redação dada pela Lei nº 9.527/1997, e na Resolução Administrativa nº 84/2010, do TRT da 10.ª Região, em reciprocidade com cargo vago idêntico daquele Tribunal.</p><p>A presente Portaria entra em vigor na data de sua publicação.</p><p class="assina">RIBAMAR LIMA JUNIOR</p>]]></Texto>
  </body>
  <Midias />
</article></xml>