﻿<xml><article id="44200610" name="PORTARIA N 524_22812902" idOficio="11108758" pubName="DO2" artType="Portaria" pubDate="01/07/2025" artClass="00070:00042:00001:00001:00000:00000:00000:00000:00000:00000:00017:00000" artCategory="Poder Judiciário/Tribunal Regional do Trabalho da 1ª Região/Presidência/Gabinete da Presidência" artSize="12" artNotes="" numberPage="99" pdfPage="http://pesquisa.in.gov.br/imprensa/jsp/visualiza/index.jsp?data=01/07/2025&amp;jornal=529&amp;pagina=99" editionNumber="121" highlightType="" highlightPriority="" highlight="" highlightimage="" highlightimagename="" idMateria="22812902">
  <body>
    <Identifica><![CDATA[ PORTARIA SGP Nº 524, DE 27 DE JUNHO DE 2025]]></Identifica>
    <Data><![CDATA[]]></Data>
    <Ementa />
    <Titulo />
    <SubTitulo />
    <Texto><![CDATA[<p class="identifica">PORTARIA SGP Nº 524, DE 27 DE JUNHO DE 2025</p><p>O PRESIDENTE DO TRIBUNAL REGIONAL DO TRABALHO DA PRIMEIRA REGIÃO, no uso de suas atribuições legais e regimentais, e tendo em vista o que consta do PROAD 4929/2025, resolve:</p><p>Conceder aposentadoria voluntária ao servidor André Luiz Martins, no cargo de Analista Judiciário, Área Judiciária, Classe C, Padrão 13, com fundamento no artigo 20, incisos I a IV; § 2º, inciso II; e § 3º, inciso II, e proventos calculados na base de 100% (cem por cento) da média aritmética apurada na forma do artigo 26, caput, § 1º; § 3º, inciso I; § 6º e § 7º, da Emenda Constitucional nº 103/2019, com o acréscimo do pagamento do Benefício Especial previsto no artigo 3º, § 1º e § 5º da Lei 12.618/2012.</p><p class="assina">ROQUE LUCARELLI DATTOLI</p>]]></Texto>
  </body>
  <Midias />
</article></xml>