﻿<xml><article id="44200679" name="ATO GP 320_2025_Processo 6022644" idOficio="11072820" pubName="DO2" artType="Ato" pubDate="01/07/2025" artClass="00070:00005:00001:00000:00000:00000:00000:00000:00000:00000:00001:00001" artCategory="Poder Judiciário/Tribunal Superior do Trabalho/Presidência" artSize="12" artNotes="" numberPage="92" pdfPage="http://pesquisa.in.gov.br/imprensa/jsp/visualiza/index.jsp?data=01/07/2025&amp;jornal=529&amp;pagina=92" editionNumber="121" highlightType="" highlightPriority="" highlight="" highlightimage="" highlightimagename="" idMateria="22757796">
  <body>
    <Identifica><![CDATA[ ATO Nº 320, DE 4 DE JUNHO DE 2025]]></Identifica>
    <Data><![CDATA[]]></Data>
    <Ementa />
    <Titulo />
    <SubTitulo />
    <Texto><![CDATA[<p class="identifica">ATO Nº 320, DE 4 DE JUNHO DE 2025</p><p>O PRESIDENTE DO TRIBUNAL SUPERIOR DO TRABALHO, no uso de suas atribuições legais e regimentais, e tendo em vista o constante dos autos do Processo Administrativo TST nº 6022644/2024-00, resolve:</p><p>Redistribuir, a contar de 1º/7/2025, um cargo vago da Carreira Judiciária de Analista Judiciário, Área Judiciária, do Quadro de Pessoal da Secretaria deste Tribunal, para o Quadro de Pessoal do Tribunal Regional do Trabalho da 10ª Região, em reciprocidade com o cargo idêntico ocupado pela servidora LUCIANA MOREIRA DE MEDEIROS, do Quadro de Pessoal daquele Tribunal, de acordo com o disposto na Resolução nº 146 do Conselho Nacional de Justiça, de 6/3/2012.</p><p class="assina">Min. ALOYSIO SILVA CORRÊA DA VEIGA</p>]]></Texto>
  </body>
  <Midias />
</article></xml>