﻿<xml><article id="44201274" name="PT 648" idOficio="11110466" pubName="DO2" artType="Portaria" pubDate="01/07/2025" artClass="00047:00002:00021:00040:00014:00000:00000:00000:00000:00000:00017:00648" artCategory="Ministério da Saúde/Secretaria Executiva/Subsecretaria de Assuntos Administrativos/Superintendência Estadual do Ministério da Saúde no Rio de Janeiro/Serviço de Gestão de Pessoas" artSize="12" artNotes="" numberPage="77" pdfPage="http://pesquisa.in.gov.br/imprensa/jsp/visualiza/index.jsp?data=01/07/2025&amp;jornal=529&amp;pagina=77" editionNumber="121" highlightType="" highlightPriority="" highlight="" highlightimage="" highlightimagename="" idMateria="22815580">
  <body>
    <Identifica><![CDATA[ PORTARIA SEGEP/RJ Nº 648, DE 25 DE JUNHO DE 2025]]></Identifica>
    <Data><![CDATA[]]></Data>
    <Ementa />
    <Titulo />
    <SubTitulo />
    <Texto><![CDATA[<p class="identifica">PORTARIA SEGEP/RJ Nº 648, DE 25 DE JUNHO DE 2025</p><p>A CHEFE DO SERVIÇO DE GESTÃO DE PESSOAS, DA SUPERINTENDÊNCIA ESTADUAL DO MINISTÉRIO DA SAÚDE NO RIO DE JANEIRO, DA SUBSECRETARIA DE ASSUNTOS ADMINISTRATIVOS, DA SECRETARIA-EXECUTIVA, DO MINISTÉRIO DA SAÚDE, no uso de suas atribuições legais que lhe foram atribuídas pela PORTARIA DE PESSOAL SE/MS Nº 94, DE 01 DE fevereiro DE 2024, publicada no DOU nº 25, de 5 de fevereiro de 2024, Seção 2, página 68, e tendo em vista o que consta no processo nº 25001.004705/2025-83, resolve:</p><p>Conceder pensão ao Companheiro PAULO ROBERTO DE MOURA, com fundamento nos artigos 217, inciso III e 222, inciso VII, alínea b, item 6, da Lei nº 8.112/90, na redação dada pela Lei n° 13.135 de 17.06.2015, combinado com o da Portaria SGP/SEDGG/ME Nº 4645 de 24/05/2022 em face do falecimento ocorrido em 05/04/2025 do ex-servidor ERIVALDO PEREIRA DO VALE, matrícula 622.642, Agente Administrativo, Nível Intermediário, Classe "S", Padrão "V", Aposentado do Quadro de Pessoal deste Ministério, sendo a pensão calculada nos termos do artigo 23 da Emenda Constitucional nº 103, de 13/11/2019, cabendo ao beneficiário a cota-parte de 1/1, a contar da data do óbito do ex-servidor, devendo ser aplicado o disposto no inciso II do parágrafo 1º, bem como o disposto nos parágrafos 2º e 3º do artigo 24 da citada Emenda.</p><p class="assina">LUCILENA RODRIGUES GIESTEIRA</p>]]></Texto>
  </body>
  <Midias />
</article></xml>