﻿<xml><article id="44200295" name="trt235350" idOficio="11088380" pubName="DO2" artType="Ato" pubDate="01/07/2025" artClass="00070:00065:00000:00000:00000:00000:00000:00000:00000:00000:00001:00000" artCategory="Poder Judiciário/Tribunal Regional do Trabalho da 23ª Região" artSize="12" artNotes="" numberPage="104" pdfPage="http://pesquisa.in.gov.br/imprensa/jsp/visualiza/index.jsp?data=01/07/2025&amp;jornal=529&amp;pagina=104" editionNumber="121" highlightType="" highlightPriority="" highlight="" highlightimage="" highlightimagename="" idMateria="22782874">
  <body>
    <Identifica><![CDATA[ ATO TRT SGH/DG/GP nº 29, de 13 de junho de 2025]]></Identifica>
    <Data><![CDATA[]]></Data>
    <Ementa />
    <Titulo />
    <SubTitulo />
    <Texto><![CDATA[<p class="identifica">ATO TRT SGH/DG/GP nº 29, de 13 de junho de 2025</p><p>O DESEMBARGADOR, NO EXERCÍCIO DA PRESIDÊNCIA DO TRIBUNAL REGIONAL DO TRABALHO DA 23ª REGIÃO, no uso das atribuições legais e regimentais;</p><p>Considerando o disposto no art. 37 da Lei n. 8.112/1990, na Resolução CNJ nº 146/2012, e na Portaria TRT/DG/GP - 755/2022; e</p><p>Considerando os termos do Proad n. 3.407/2025, resolve:</p><p>Redistribuir o cargo de Analista Judiciário, Área Judiciária, Especialidade Oficial de Justiça Avaliador Federal, do quadro de pessoal permanente deste Tribunal, ocupado pelo servidor ALISSON LEANDRO ARAGÃO MENESES, matrícula 308.23.1976, em reciprocidade com cargo vago de Analista Judiciário, Área Judiciária, Especialidade Oficial de Justiça Avaliador Federal, do quadro de pessoal permanente do Tribunal Superior do Trabalho, criado pela Lei n. 7.729/1989, publicada no Diário Oficial da União de 17/01/1989 e retificado no Diário Oficial da União de 13/06/1990, tornado vago em decorrência de aposentadoria de VALÉRIO AUGUSTO FREITAS DO CARMO, ocorrida em 21/01/2025, formalizada pelo ATO CIF.SEGPES.GDGSET.GP Nº 11, publicado no Diário Oficial da União de 21/01/2025.</p><p class="assina">JOÃO CARLOS RIBEIRO DE SOUZA</p>]]></Texto>
  </body>
  <Midias />
</article></xml>