﻿<xml><article id="44200490" name="ATO Portaria SGP NA 106" idOficio="11097353" pubName="DO2" artType="Portaria" pubDate="01/07/2025" artClass="00070:00001:00008:00005:00000:00000:00000:00000:00000:00000:00017:00106" artCategory="Poder Judiciário/Supremo Tribunal Federal/Secretaria do Tribunal/Secretaria de Gestão de Pessoas" artSize="12" artNotes="" numberPage="90" pdfPage="http://pesquisa.in.gov.br/imprensa/jsp/visualiza/index.jsp?data=01/07/2025&amp;jornal=529&amp;pagina=90" editionNumber="121" highlightType="" highlightPriority="" highlight="" highlightimage="" highlightimagename="" idMateria="22796389">
  <body>
    <Identifica><![CDATA[ Portaria SGP Nº 106, DE 17 DE junho DE 2025]]></Identifica>
    <Data><![CDATA[]]></Data>
    <Ementa />
    <Titulo />
    <SubTitulo />
    <Texto><![CDATA[<p class="identifica">Portaria SGP Nº 106, DE 17 DE junho DE 2025</p><p>A SECRETÁRIA DE GESTÃO DE PESSOAS DO SUPREMO TRIBUNAL FEDERAL, no uso das atribuições conferidas pelo Regulamento da Secretaria do Supremo Tribunal Federal e tendo em vista os arts. 9º, II, e 35, I, da Lei nº 8.112, de 11 de dezembro de 1990, resolve:</p><p>I) Dispensar JULIANA GOMES DA SILVA TEIXEIRA, Técnico Judiciário, área Administrativa, da função comissionada de Assistente II, nível FC-2, da Gerência de Prestadores; e</p><p>II) Designar JACQUELINE LOUREIRO SOMBRA, Técnico Judiciário, área Administrativa, para exercer a função comissionada de Assistente II, nível FC-2, na Gerência de Prestadores.</p><p class="assina">ANDREIA SILVA REGO</p>]]></Texto>
  </body>
  <Midias />
</article></xml>