﻿<xml><article id="44203536" name="IFPR_RTF_Portarias_30-06-2025-13" idOficio="11111004" pubName="DO2" artType="Portaria" pubDate="01/07/2025" artClass="00025:00074:00004:00000:00000:00000:00000:00000:00000:00000:00017:00000" artCategory="Ministério da Educação/Instituto Federal de Educação, Ciência e Tecnologia do Paraná/Gabinete" artSize="12" artNotes="" numberPage="27" pdfPage="http://pesquisa.in.gov.br/imprensa/jsp/visualiza/index.jsp?data=01/07/2025&amp;jornal=529&amp;pagina=27" editionNumber="121" highlightType="" highlightPriority="" highlight="" highlightimage="" highlightimagename="" idMateria="22816235">
  <body>
    <Identifica><![CDATA[ PORTARIA Nº 7.019/IFPR, DE 30 DE JUNHO DE 2025]]></Identifica>
    <Data><![CDATA[]]></Data>
    <Ementa />
    <Titulo />
    <SubTitulo />
    <Texto><![CDATA[<p class="identifica">PORTARIA Nº 7.019/IFPR, DE 30 DE JUNHO DE 2025</p><p>O Reitor do Instituto Federal de Educação, Ciência e Tecnologia do Paraná, no uso da competência que lhe confere o Decreto de 06 de fevereiro de 2024, publicado no Diário Oficial da União no dia 07 de fevereiro de 2024, seção 2, página 01 e o que consta no Processo nº 23411.011920/2025-83, resolve:</p><p>Designar a servidora MICHAELLI MARIA PIRES, ocupante do cargo de Professor de Ensino Básico Técnico e Tecnológico, SIAPE nº 3422678, SIAPECAD nº 02478966, lotada no(a) Campus Irati, para exercer a função de Coordenadora, FG - 01, do(a) Coordenadoria do NAPNE do Campus Irati. Efeitos a partir da publicação no Diário Oficial da União.</p><p class="assina">ADRIANO WILLIAN DA SILVA VIANA PEREIRA</p>]]></Texto>
  </body>
  <Midias />
</article></xml>