﻿<xml><article id="44205708" name="PORT 1370 CGGP." idOficio="11111437" pubName="DO2" artType="Portaria" pubDate="01/07/2025" artClass="00034:00062:00031:00003:00000:00000:00000:00000:00000:00000:00017:00000" artCategory="Ministério do Meio Ambiente e Mudança do Clima/Instituto Brasileiro do Meio Ambiente e dos Recursos Naturais Renováveis/Diretoria de Planejamento, Administração e Logística/Coordenação-Geral de Gestão de Pessoas" artSize="12" artNotes="" numberPage="69" pdfPage="http://pesquisa.in.gov.br/imprensa/jsp/visualiza/index.jsp?data=01/07/2025&amp;jornal=529&amp;pagina=69" editionNumber="121" highlightType="" highlightPriority="" highlight="" highlightimage="" highlightimagename="" idMateria="22816888">
  <body>
    <Identifica><![CDATA[ Portaria de Pessoal Nº 1.370, DE 30 DE junho DE 2025]]></Identifica>
    <Data><![CDATA[]]></Data>
    <Ementa />
    <Titulo />
    <SubTitulo />
    <Texto><![CDATA[<p class="identifica">Portaria de Pessoal Nº 1.370, DE 30 DE junho DE 2025</p><p>A COORDENADORA-GERAL DE GESTÃO DE PESSOAS DO INSTITUTO BRASILEIRO DO MEIO AMBIENTE E DOS RECURSOS NATURAIS RENOVÁVEIS - Ibama no uso das atribuições que lhe confere a Portaria nº 2.204, de 01 de agosto de 2018, e considerando o que consta no processo administrativo nº 02020.001300/2025-60, resolve:</p><p>Art. 1º Exonerar, a partir de 24/06/2025, a pedido, KEILA NAIARA ANDRADE VALE, matrícula Siape nº 1240370, do cargo de Técnico Ambiental, código 429753, Classe B, Padrão II, integrante do Quadro de Pessoal deste Instituto, com fundamento no art. 34, da Lei nº 8.112, de 11 de dezembro de 1990, declarando, em consequência, vago o cargo.</p><p>Art. 2º Esta portaria entra em vigor na data de sua publicação.</p><p class="assina">ANDRÉA MARIA DE MARQUE</p>]]></Texto>
  </body>
  <Midias />
</article></xml>