﻿<xml><article id="44199965" name="ATO GP 333 _2025 - Processo SEI " idOficio="11100391" pubName="DO2" artType="Ato" pubDate="01/07/2025" artClass="00070:00005:00001:00000:00000:00000:00000:00000:00000:00000:00001:00003" artCategory="Poder Judiciário/Tribunal Superior do Trabalho/Presidência" artSize="12" artNotes="" numberPage="92" pdfPage="http://pesquisa.in.gov.br/imprensa/jsp/visualiza/index.jsp?data=01/07/2025&amp;jornal=529&amp;pagina=92" editionNumber="121" highlightType="" highlightPriority="" highlight="" highlightimage="" highlightimagename="" idMateria="22801256">
  <body>
    <Identifica><![CDATA[ ATO Nº 333, DE 18 DE JUNHO DE 2025]]></Identifica>
    <Data><![CDATA[]]></Data>
    <Ementa />
    <Titulo />
    <SubTitulo />
    <Texto><![CDATA[<p class="identifica">ATO Nº 333, DE 18 DE JUNHO DE 2025</p><p>O VICE-PRESIDENTE NO EXERCÍCIO DA PRESIDÊNCIA DO TRIBUNAL SUPERIOR DO TRABALHO, no uso de suas atribuições legais e regimentais e tendo em vista o constante do Processo Administrativo TST nº 6008476/2025-00, resolve:</p><p>Conceder aposentadoria voluntária por tempo de contribuição ao servidor VALDIR RAMOS SILVA, código 9928, ocupante do cargo da Carreira Judiciária de Analista Judiciário, Área Administrativa, Classe C, Padrão 13, com fundamento no art. 20, incisos I a IV, § 2º, inciso II, e § 3º, inciso II, da Emenda Constitucional nº 103/2019, observado o disposto no art. 3º, inciso II e § 1º, da Lei nº 12.618/2012, com os proventos calculados e reajustados na forma do art. 26, caput, § 1º, § 3º, inciso I e § 7º da Emenda Constitucional nº 103/2019.</p><p class="assina">Min. MAURICIO JOSÉ GODINHO DELGADO</p>]]></Texto>
  </body>
  <Midias />
</article></xml>