﻿<xml><article id="44202012" name="PORTARIA N 432_22815763" idOficio="11110580" pubName="DO2" artType="Portaria" pubDate="01/07/2025" artClass="00025:00146:00001:00000:00000:00000:00000:00000:00000:00000:00017:00000" artCategory="Ministério da Educação/Fundação Universidade Federal da Grande Dourados/Reitoria" artSize="12" artNotes="" numberPage="48" pdfPage="http://pesquisa.in.gov.br/imprensa/jsp/visualiza/index.jsp?data=01/07/2025&amp;jornal=529&amp;pagina=48" editionNumber="121" highlightType="" highlightPriority="" highlight="" highlightimage="" highlightimagename="" idMateria="22815763">
  <body>
    <Identifica><![CDATA[ PORTARIA Nº 432, DE 30 DE JUNHO DE 2025]]></Identifica>
    <Data><![CDATA[]]></Data>
    <Ementa />
    <Titulo />
    <SubTitulo />
    <Texto><![CDATA[<p class="identifica">PORTARIA Nº 432, DE 30 DE JUNHO DE 2025</p><p>A VICE-REITORA DA FUNDAÇÃO UNIVERSIDADE FEDERAL DA GRANDE DOURADOS, no exercício do cargo de Reitora, no uso das atribuições legais conferidas pela Portaria nº 445, de 1º de julho de 2022, publicada no DOU nº 124, de 4 de julho de 2022, seção 2, página 38, e pelo § 3º do art. 25 do Estatuto da UFGD, tendo em vista o que consta do Processo nº 23005.014071/2025-10, resolve:</p><p>Art. 1º Conceder aposentadoria por incapacidade permanente ao servidor FELIPE DE ALMEIDA BORGES, Matrícula/SIAPE nº 1669836, admitido no Serviço Público Federal em 12 de janeiro de 2009, ocupante do cargo de Assistente em Administração, do quadro de pessoal deste órgão, lotado na Biblioteca da UFGD, nos termos do art. 40, § 1º, inciso I da Constitucional Federal, c/c o art. 10, § 1º, inciso II da Emenda Constitucional nº 103/2019, com proventos calculados com base no art. 26, §2º da Emenda Constitucional nº 103/2019.</p><p>Art. 2º Declarar vago o respectivo cargo.</p><p class="assina">Cláudia Gonçalves de Lima</p>]]></Texto>
  </body>
  <Midias />
</article></xml>