﻿<xml><article id="44200586" name="PORTARIA N 35 SINC 22810311" idOficio="11106763" pubName="DO2" artType="Portaria" pubDate="01/07/2025" artClass="00013:00060:00014:00000:00000:00000:00000:00000:00000:00000:00017:00000" artCategory="Ministério da Ciência, Tecnologia e Inovação/Agência Espacial Brasileira/Presidência" artSize="12" artNotes="" numberPage="7" pdfPage="http://pesquisa.in.gov.br/imprensa/jsp/visualiza/index.jsp?data=01/07/2025&amp;jornal=529&amp;pagina=7" editionNumber="121" highlightType="" highlightPriority="" highlight="" highlightimage="" highlightimagename="" idMateria="22810311">
  <body>
    <Identifica><![CDATA[ PORTARIA CGP/DPOA/AEB N° 35, DE 25 DE JUNHO DE 2025]]></Identifica>
    <Data><![CDATA[]]></Data>
    <Ementa />
    <Titulo />
    <SubTitulo />
    <Texto><![CDATA[<p class="identifica">PORTARIA CGP/DPOA/AEB N° 35, DE 25 DE JUNHO DE 2025</p><p>O PRESIDENTE DA AGÊNCIA ESPACIAL BRASILEIRA, no uso das atribuições que lhe confere o art. 16 do Decreto nº 11.192, de 08 de setembro de 2022, publicado no DOU de 09 de setembro de 2022, que aprovou a Estrutura Regimental e o Quadro Demonstrativo dos Cargos em Comissão e das Funções de Confiança da Agência Espacial Brasileira e remaneja e transforma cargos em comissão e funções de confiança, resolve:</p><p>Art. 1º Nomear EDVALDO DIAS DA SILVA, CPF nº ***.218.311-** para exercer o Cargo Comissionado Executiva de Chefe da Assessoria de Relações Institucionais e Comunicação, código CCE 1.13, desta Agência.</p><p>Art. 2º Esta Portaria entra em vigor na data de sua publicação.</p><p class="assina">MARCO ANTONIO CHAMON</p>]]></Texto>
  </body>
  <Midias />
</article></xml>