﻿<xml><article id="44201181" name="PORT NA 396" idOficio="11110443" pubName="DO2" artType="Portaria" pubDate="01/07/2025" artClass="00033:00044:00000:00000:00000:00000:00000:00000:00000:00000:00013:00001" artCategory="Ministério da Justiça e Segurança Pública/Polícia Federal/Gabinete" artSize="12" artNotes="" numberPage="66" pdfPage="http://pesquisa.in.gov.br/imprensa/jsp/visualiza/index.jsp?data=01/07/2025&amp;jornal=529&amp;pagina=66" editionNumber="121" highlightType="" highlightPriority="" highlight="" highlightimage="" highlightimagename="" idMateria="22815549">
  <body>
    <Identifica><![CDATA[ PORTARIA DG/PF Nº 396, DE 27 DE junho DE 2025]]></Identifica>
    <Data><![CDATA[]]></Data>
    <Ementa />
    <Titulo />
    <SubTitulo />
    <Texto><![CDATA[<p class="identifica">PORTARIA DG/PF Nº 396, DE 27 DE junho DE 2025</p><p>O DIRETOR-GERAL DA POLÍCIA FEDERAL no uso das competências que lhe foram atribuídas nos incisos IV e X do Artigo 36 do Regimento Interno da Polícia Federal, aprovado pela Portaria nº 155, de 27 de setembro de 2018, do Excelentíssimo Senhor Ministro de Estado da Segurança Pública, publicada no DOU nº 200, de 17 de outubro de 2018, e subdelegadas no art. 7º, XXVIII e XXX, da Portaria nº 1.411, de 25 de novembro de 2021, da Secretaria Executiva do Ministério da Justiça e Segurança Pública, publicada no DOU nº 221-A, de 25 de novembro de 2021, e tendo em vista o que consta do processo nº 08230.002975/2025-37, resolve:</p><p>DESIGNAR o Delegado de Polícia Federal ALEXANDRE FERREIRA BRABO, matrícula PF nº 19.061, para exercer o encargo de Substituto Eventual do Corregedor Regional da Superintendência Regional de Polícia Federal em Alagoas, código FCE 1.07.</p><p class="assina">ANDREI AUGUSTO PASSOS RODRIGUES</p>]]></Texto>
  </body>
  <Midias />
</article></xml>