﻿<xml><article id="44201067" name="CP2_RTF_Portaria_4999" idOficio="11110352" pubName="DO2" artType="Portaria" pubDate="01/07/2025" artClass="00025:00051:00022:00000:00000:00000:00000:00000:00000:00000:00017:00000" artCategory="Ministério da Educação/Colégio Pedro II/Pró-Reitoria de Gestão de Pessoas" artSize="12" artNotes="" numberPage="21" pdfPage="http://pesquisa.in.gov.br/imprensa/jsp/visualiza/index.jsp?data=01/07/2025&amp;jornal=529&amp;pagina=21" editionNumber="121" highlightType="" highlightPriority="" highlight="" highlightimage="" highlightimagename="" idMateria="22815493">
  <body>
    <Identifica><![CDATA[ PORTARIA Nº 4.999/PROGESP/CPII, DE 23 DE JUNHO DE 2025]]></Identifica>
    <Data><![CDATA[]]></Data>
    <Ementa />
    <Titulo />
    <SubTitulo />
    <Texto><![CDATA[<p class="identifica">PORTARIA Nº 4.999/PROGESP/CPII, DE 23 DE JUNHO DE 2025</p><p>A PRÓ-REITORA DE GESTÃO DE PESSOAS DO COLÉGIO PEDRO II, no uso de suas atribuições previstas na Portaria de Delegação de Competência nº 1.769, de 23 de outubro de 2013 do Magnífico Reitor, publicada no Diário Oficial da União em 30 de outubro de 2013, seção 2, página 18 e o que consta no Processo nº 23774.000362/2025-10, resolve:</p><p>Conceder Aposentadoria Voluntária com proventos integrais e paridade ao servidor CARLOS FERNANDES DE MORAIS, ocupante do cargo de Professor de Ensino Básico Técnico e Tecnológico, SIAPE nº 0265358, Classe/Nível C004, Código de Vaga nº 0203901, em regime de 40 (quarenta) horas semanais com Dedicação Exclusiva de trabalho, nos termos do art. 6º, da Emenda Constitucional nº 41, de 19 de dezembro de 2003, c/c art. 3º, § 1º, da Emenda Constitucional nº 103, de 12 de novembro de 2019, assegurando-se as seguintes incorporações: Fica assegurada a gratificação de 14% (quatorze por cento), a título por adicional por tempo de serviço e com doutorado.</p><p class="assina">VENEZA DA SILVA CRIZANTE</p>]]></Texto>
  </body>
  <Midias />
</article></xml>