﻿<xml><article id="44204559" name="PORTARIA N 6.341_22816571" idOficio="11111218" pubName="DO2" artType="Portaria" pubDate="01/07/2025" artClass="00029:00034:00015:00003:00000:00000:00000:00000:00000:00000:00017:00030" artCategory="Ministério da Gestão e da Inovação em Serviços Públicos/Secretaria de Gestão de Pessoas/Diretoria de Serviços de Aposentados e de Pensionistas e Órgãos Extintos/Coordenação-Geral de Benefícios" artSize="12" artNotes="" numberPage="60" pdfPage="http://pesquisa.in.gov.br/imprensa/jsp/visualiza/index.jsp?data=01/07/2025&amp;jornal=529&amp;pagina=60" editionNumber="121" highlightType="" highlightPriority="" highlight="" highlightimage="" highlightimagename="" idMateria="22816571">
  <body>
    <Identifica><![CDATA[ PORTARIA CGBEN/DECIPEX/SGP/MGI N° 6.341, DE 27 DE JUNHO DE 2025]]></Identifica>
    <Data><![CDATA[]]></Data>
    <Ementa />
    <Titulo />
    <SubTitulo />
    <Texto><![CDATA[<p class="identifica">PORTARIA CGBEN/DECIPEX/SGP/MGI N° 6.341, DE 27 DE JUNHO DE 2025</p><p>O COORDENADOR-GERAL DE BENEFÍCIOS, DA DIRETORIA DE SERVIÇOS DE APOSENTADOS E DE PENSIONISTAS E ÓRGÃOS EXTINTOS, DA SECRETARIA DE GESTÃO DE PESSOAS, DO MINISTÉRIO DA GESTÃO E DA INOVAÇÃO EM SERVIÇOS PÚBLICOS, no uso da competência atribuída pela Portaria DECIP/SGP/MPDG nº 13.530, de 27 de dezembro de 2018, publicada no DOU de 28 de dezembro de 2018, e considerando o disposto no Processo nº 14022.091052/2024-19, resolve:</p><p>Art. 1º Conceder aposentadoria voluntária ao servidor SADRAQUE VIEIRA DO AMARAL, matrícula SIAPE nº 0128998, ocupante do cargo de Técnico de Planejamento e Orçamento, Nível Intermediário, Classe "S", Padrão V, do Quadro de Pessoal do Ministério do Planejamento e Orçamento, com fundamento no art. 20, incisos I a IV, e §§ 2º e 3º, inciso I, e art. 4º, § 8º, da EC nº 103, de 2019.</p><p>Art. 2º Esta Portaria entra em vigor na data de sua publicação.</p><p class="assina">ROBERTO FAGNER DE FIGUEIREDO BRAGA</p>]]></Texto>
  </body>
  <Midias />
</article></xml>