﻿<xml><article id="44200079" name="PORTARIA N 477_22810975" idOficio="11107247" pubName="DO2" artType="Portaria" pubDate="01/07/2025" artClass="00070:00039:00001:00000:00000:00000:00000:00000:00000:00000:00017:00000" artCategory="Poder Judiciário/Tribunal Regional Eleitoral de Sergipe/Presidência" artSize="12" artNotes="" numberPage="98" pdfPage="http://pesquisa.in.gov.br/imprensa/jsp/visualiza/index.jsp?data=01/07/2025&amp;jornal=529&amp;pagina=98" editionNumber="121" highlightType="" highlightPriority="" highlight="" highlightimage="" highlightimagename="" idMateria="22810975">
  <body>
    <Identifica><![CDATA[ PORTARIA Nº 477, DE 25 DE JUNHO DE 2025]]></Identifica>
    <Data><![CDATA[]]></Data>
    <Ementa />
    <Titulo />
    <SubTitulo />
    <Texto><![CDATA[<p class="identifica">PORTARIA Nº 477, DE 25 DE JUNHO DE 2025</p><p>O PRESIDENTE DO TRIBUNAL REGIONAL ELEITORAL DE SERGIPE, no uso das atribuições que lhe são conferidas pelo art. 28, IX, do Regimento Interno;</p><p>CONSIDERANDO o Processo Administrativo Eletrônico n.º 0002256-93.2025.6.25.8000, resolve:</p><p>Art. 1º CONCEDER aposentadoria voluntária por tempo de contribuição ao servidor MARCOS FÁBIO MOREIRA RODRIGUES, matrícula 3092393, Técnico Judiciário - Área Administrativa, cargo criado pela Lei nº 8.868, de 14 de abril de 1994, NI, Classe "C", Padrão 13, do Quadro Permanente de Pessoal do Tribunal Regional Eleitoral de Sergipe, com fundamento no artigo 20, da Emenda Constitucional nº 103/2019, com proventos integrais e com paridade, nos termos do art. 20, § 2º, inciso I, e § 3º, inciso I, da referida Emenda Constitucional.</p><p>Art. 2º Esta Portaria entra em vigor na data de sua publicação.</p><p class="assina">Des. DIÓGENES BARRETO</p>]]></Texto>
  </body>
  <Midias />
</article></xml>