﻿<xml><article id="44197756" name="RESOLUCAO CRM" idOficio="11080702" pubName="DO2" artType="Resolução" pubDate="01/07/2025" artClass="00071:00390:00000:00000:00000:00000:00000:00000:00000:00000:00023:00000" artCategory="Entidades de Fiscalização do Exercício das Profissões Liberais/Conselho Regional de Medicina do Estado do Tocantins" artSize="12" artNotes="" numberPage="105" pdfPage="http://pesquisa.in.gov.br/imprensa/jsp/visualiza/index.jsp?data=01/07/2025&amp;jornal=529&amp;pagina=105" editionNumber="121" highlightType="" highlightPriority="" highlight="" highlightimage="" highlightimagename="" idMateria="22771692">
  <body>
    <Identifica><![CDATA[ RESOLUÇÃO CRM-TO Nº SEI-134, DE 25 DE ABRIL DE 2025]]></Identifica>
    <Data><![CDATA[]]></Data>
    <Ementa />
    <Titulo />
    <SubTitulo />
    <Texto><![CDATA[<p class="identifica">RESOLUÇÃO CRM-TO Nº SEI-134, DE 25 DE ABRIL DE 2025</p><p>O CONSELHO REGIONAL DE MEDICINA DO ESTADO DO TOCANTINS - CRM/TO, no uso das atribuições conferidas pela Lei nº 3.268, de 30 de setembro de 1957, publicada em 1º de outubro de 1957, regulamentada pelo Decreto nº 44.045, de 19 de julho de 1958, e o Regimento Interno do Conselho Regional de Medicina do Estado do Tocantins;</p><p>CONSIDERANDO a necessidade de adequação dos normativos de pessoal à realidade atual do CRM/TO;</p><p>CONSIDERANDO o decidido em Sessão Plenária do dia 24 de abril de 2025, resolve:</p><p>Art. 1º O § 1º do art. 15 do PCCR passa a vigorar com a seguinte redação:</p><p>Art. 15...</p><p>§1º Os títulos descritos acima apresentados por servidor ocupante de cargo efetivo do grupo operacional Apoio Administrativo (AD) ou Técnico Administrativo (TA) serão aceitos nas seguintes áreas: Administração, Gestão Pública, Direito, Medicina, Contabilidade, Ciências Contábeis, Economia, Tecnologia, Analista de Sistemas, Desenvolvimento de Sistemas, Biblioteconomia, Arquivista, Jornalismo, Comunicação, Relações Públicas, Publicidade e Propaganda, Letras, Pedagogia, Secretariado, Gestão de Recursos Humanos, Psicologia, Engenharia, Biotecnologia, Processos, Gestão de Projetos, Sustentabilidade e Inovação. Os títulos apresentados por servidor ocupante de cargo do grupo operacional Nível Superior (NS) somente serão reconhecidos para a promoção se forem em área de estudos diretamente relacionada às atribuições do cargo efetivo.</p><p>Art. 2º O caput do art. 17 do PCCR passa a vigorar com a seguinte redação:</p><p>Art. 17 A Avaliação de Desempenho do empregado será realizada pela Diretoria imediata, pela Superintendência, pela Coordenação ou Chefia do seu departamento, por um subordinado ou colega de setor e por Auto Avaliação. Em não havendo subordinado, elege-se um colega de departamento ou de departamento afim. A nota final será a média simples das avaliações realizadas, observando que a avaliação do diretor imediato terá peso 2 (dois).</p><p>Avaliador Sigla Peso</p><p>Diretor Imediato DI 2</p><p>Superintendente SUP 1</p><p>Auto Avaliação A/A 1</p><p>Coordenador ou Chefia imediata ou Diretor Correlato CC/D 1</p><p>Subordinado ou Colega SC 1</p><p>Art. 3º O caput do art. 19 do PCCR passa a vigorar com a seguinte redação:</p><p>Art. 19 O Setor de Gestão de Pessoas será responsável pela organização do processo de avaliação de desempenho e do processo da ascensão funcional, garantindo que todas as etapas ocorram dentro dos prazos e, em seu encerramento, gerando relatórios das avaliações e progressões/promoções.</p><p>Parágrafo único: O relatório final das progressões/promoções será assinado pelo Diretor responsável pelo SEGEP, Superintendente, Coordenador Jurídico e Chefe do SEGEP, para apresentação e deliberação da Diretoria.</p><p>Art. 4º Esta resolução entra em vigor na data de sua publicação.</p><p></p><p class="assina">EDUARDO PINTO GOMES</p><p class="cargo">Presidente do Conselho</p>]]></Texto>
  </body>
  <Midias />
</article></xml>