﻿<xml><article id="44200637" name="4890 Dispensa e Designacao de FC" idOficio="11096402" pubName="DO2" artType="Ato" pubDate="01/07/2025" artClass="00070:00006:00000:00000:00000:00000:00000:00000:00000:00000:00001:00003" artCategory="Poder Judiciário/Superior Tribunal Militar/Presidência do STM" artSize="12" artNotes="" numberPage="93" pdfPage="http://pesquisa.in.gov.br/imprensa/jsp/visualiza/index.jsp?data=01/07/2025&amp;jornal=529&amp;pagina=93" editionNumber="121" highlightType="" highlightPriority="" highlight="" highlightimage="" highlightimagename="" idMateria="22795149">
  <body>
    <Identifica><![CDATA[ ATO Nº 4890, DE 17 DE JUNHO DE 2025.]]></Identifica>
    <Data><![CDATA[]]></Data>
    <Ementa />
    <Titulo />
    <SubTitulo />
    <Texto><![CDATA[<p class="identifica">ATO Nº 4890, DE 17 DE JUNHO DE 2025.</p><p>A MINISTRA-PRESIDENTE DO SUPERIOR TRIBUNAL MILITAR, usando das atribuições conferidas pelo inciso XXV do artigo 6º do Regimento Interno, bem como os Formulários de Dispensa e Designação nº 4364077 e nº 4364096, contidos nos autos do Processo nº 013312/25-00.186 do Sistema Eletrônico de Informações, resolve:</p><p>Art. 1º DISPENSAR o Técnico Judiciário, área Administrativa, do Quadro Permanente da Secretaria do Superior Tribunal Militar, FABIANO VIANA DE LACERDA, matrícula 9409, da função comissionada de ASSISTENTE III, código STM-FC-03, da Seção de Pagamento de Servidores Inativos e Pensionistas, da Coordenadoria de Pagamento de Pessoal, da Diretoria de Gestão de Pessoas.</p><p>Art. 2º DESIGNAR o Analista Judiciário, área Administrativa, do Quadro Permanente da Secretaria do Superior Tribunal Militar, GUSTAVO PEREIRA DA SILVA, matrícula 9058, para exercer, em vaga decorrente da dispensa de FABIANO VIANA DE LACERDA, a função comissionada de ASSISTENTE III, código STM-FC-03, da Seção de Pagamento de Servidores Inativos e Pensionistas, da Coordenadoria de Pagamento de Pessoal, da Diretoria de Gestão de Pessoas. Em consequência, fica dispensado da função comissionada de ASSISTENTE II, código STM-FC-02, da referida Seção.</p><p>Art. 3º DESIGNAR o Técnico Judiciário, área Administrativa, do Quadro Permanente da Secretaria do Superior Tribunal Militar, FABIANO VIANA DE LACERDA, matrícula 9409, para exercer, em vaga decorrente da dispensa de GUSTAVO PEREIRA DA SILVA, a função comissionada de ASSISTENTE II, código STM-FC-02, da Seção de Pagamento de Servidores Inativos e Pensionistas, da Coordenadoria de Pagamento de Pessoal, da Diretoria de Gestão de Pessoas.</p><p class="assina">MARIA ELIZABETH ROCHA</p>]]></Texto>
  </body>
  <Midias />
</article></xml>