﻿<xml><article id="44203713" name="Port 1264" idOficio="11110994" pubName="DO2" artType="Portaria" pubDate="01/07/2025" artClass="00025:00127:00001:00000:00000:00000:00000:00000:00000:00000:00017:00003" artCategory="Ministério da Educação/Universidade Federal de Santa Catarina/Gabinete do Reitor" artSize="12" artNotes="" numberPage="44" pdfPage="http://pesquisa.in.gov.br/imprensa/jsp/visualiza/index.jsp?data=01/07/2025&amp;jornal=529&amp;pagina=44" editionNumber="121" highlightType="" highlightPriority="" highlight="" highlightimage="" highlightimagename="" idMateria="22816276">
  <body>
    <Identifica><![CDATA[ PORTARIA Nº 1.264, DE 27 DE JUNHO DE 2025]]></Identifica>
    <Data><![CDATA[]]></Data>
    <Ementa />
    <Titulo />
    <SubTitulo />
    <Texto><![CDATA[<p class="identifica">PORTARIA Nº 1.264, DE 27 DE JUNHO DE 2025</p><p>O REITOR DA UNIVERSIDADE FEDERAL DE SANTA CATARINA, no uso de suas atribuições, resolve:</p><p>Art. 1º Designar, a partir de 11 de Agosto de 2025, Eleomar Cardoso Junior, PROFESSOR MAGISTÉRIO SUPERIOR, classe B, SIAPE nº 1150742, para exercer a função de Coordenador do Programa de Pós-Graduação em Matemática, Nível Mestrado Profissional - CPGMMP/CTE, para um mandato de 2 anos.</p><p>Art. 2º Atribuir ao servidor a Função Comissionada de Coordenação de Curso, código FCC.</p><p>Art. 3º Revogar, a partir de 11 de agosto de 2025, as Portarias nº 2443/2023/GR e 2444/2023/GR, de 17 de novembro de 2023.(Ref. Sol. OF E 75/BNU/UFSC/2025)</p><p class="assina">IRINEU MANOEL DE SOUZA</p>]]></Texto>
  </body>
  <Midias />
</article></xml>