﻿<xml><article id="44200298" name="PORTARIA n.A 1.588 DE 13 DE JUNH" idOficio="11109802" pubName="DO2" artType="Portaria" pubDate="01/07/2025" artClass="00025:00102:00000:00000:00000:00000:00000:00000:00000:00000:00017:00005" artCategory="Ministério da Educação/Universidade Federal Fluminense" artSize="12" artNotes="" numberPage="35" pdfPage="http://pesquisa.in.gov.br/imprensa/jsp/visualiza/index.jsp?data=01/07/2025&amp;jornal=529&amp;pagina=35" editionNumber="121" highlightType="" highlightPriority="" highlight="" highlightimage="" highlightimagename="" idMateria="22814705">
  <body>
    <Identifica><![CDATA[ PORTARIA nº 1.588, DE 13 DE JUNHO DE 2025]]></Identifica>
    <Data><![CDATA[]]></Data>
    <Ementa />
    <Titulo />
    <SubTitulo />
    <Texto><![CDATA[<p class="identifica">PORTARIA nº 1.588, DE 13 DE JUNHO DE 2025</p><p>O REITOR DA UNIVERSIDADE FEDERAL FLUMINENSE, no uso de suas atribuições, e tendo em vista o que consta do Processo UFF n.o 23069.150799/2025-51, resolve:</p><p>Conceder aposentadoria voluntária a ANDRE FERNANDO RIBEIRO DE MIRANDA, matrícula SIAPE nº 1222890, ocupante do cargo de Professor do Magistério Superior, Classe B, Nível 001, do Plano de Carreiras e Cargos de Magistério Federal, do Quadro de Pessoal Permanente desta Universidade, código de vaga 581515, com fundamento no artigo 40, § 1º, inciso III, da Constituição Federal de 05/10/88 c/c o artigo 10, § 1º, inciso I da Emenda Constitucional 103/19, com proventos calculados com base no artigo 26, § 2º da Emenda Constitucional 103/19.</p><p class="assina">ANTONIO CLAUDIO LUCAS DA NOBREGA</p>]]></Texto>
  </body>
  <Midias />
</article></xml>