﻿<xml><article id="44201838" name="JULIA" idOficio="11110598" pubName="DO2" artType="Despacho" pubDate="01/07/2025" artClass="00028:00031:00000:00000:00000:00000:00000:00000:00000:00000:00013:00000" artCategory="Ministério da Fazenda/Secretaria de Assuntos Internacionais" artSize="12" artNotes="" numberPage="54" pdfPage="http://pesquisa.in.gov.br/imprensa/jsp/visualiza/index.jsp?data=01/07/2025&amp;jornal=529&amp;pagina=54" editionNumber="121" highlightType="" highlightPriority="" highlight="" highlightimage="" highlightimagename="" idMateria="22815782">
  <body>
    <Identifica><![CDATA[ DESPACHO DE 27 DE JUNHO 2025]]></Identifica>
    <Data><![CDATA[]]></Data>
    <Ementa />
    <Titulo />
    <SubTitulo />
    <Texto><![CDATA[<p class="identifica">DESPACHO DE 27 DE JUNHO 2025</p><p>O SECRETÁRIO DE ASSUNTOS INTERNACIONAIS, SUBSTITUTO, DO MINISTÉRIO DA FAZENDA, tendo em vista o disposto no Decreto nº 1.387, de 07 de fevereiro de 1995, no Decreto nº 10.193, de 27 de dezembro de 2019, e no uso da competência que lhe foi delegada pelo art. 2º da Portaria SE/MF nº 1.250, de 11 de outubro de 2023, autoriza o afastamento do País da servidora Julia de Medeiros Braga, Subsecretária de Acompanhamento Macroeconômico e de Políticas Comerciais, no período de 01 a 04 de julho de 2025, com ônus, a fim de Participação na Reunião de Ministros de Economia e Presidentes do Banco Central do Mercosul, em Buenos Aires, Argentina (Processo SEI nº 19995.005311/2025-02).</p><p class="assina">ANTONIO COTTAS DE JESUS FREITAS</p>]]></Texto>
  </body>
  <Midias />
</article></xml>