﻿<xml><article id="44200088" name="ATO Portaria PRES 305" idOficio="11108337" pubName="DO2" artType="Portaria" pubDate="01/07/2025" artClass="00070:00040:00000:00000:00000:00000:00000:00000:00000:00000:00017:00000" artCategory="Poder Judiciário/Tribunal Regional Eleitoral do Tocantins" artSize="12" artNotes="" numberPage="98" pdfPage="http://pesquisa.in.gov.br/imprensa/jsp/visualiza/index.jsp?data=01/07/2025&amp;jornal=529&amp;pagina=98" editionNumber="121" highlightType="" highlightPriority="" highlight="" highlightimage="" highlightimagename="" idMateria="22812373">
  <body>
    <Identifica><![CDATA[ Portaria PRES/DG/SGP/COPES Nº 305, de 26 de junho de 2025]]></Identifica>
    <Data><![CDATA[]]></Data>
    <Ementa />
    <Titulo />
    <SubTitulo />
    <Texto><![CDATA[<p class="identifica">Portaria PRES/DG/SGP/COPES Nº 305, de 26 de junho de 2025</p><p>O PRESIDENTE DO TRIBUNAL REGIONAL ELEITORAL DO TOCANTINS, no uso de suas atribuições legais e regimentais, e com fulcro no art. 37 da Lei nº 8.112/1990 e nas regras contidas na Resolução TSE nº 23.701/2022, considerando as deliberações constantes nos autos do processo SEI nº 0017682-38.2024.6.27.8029, resolve:</p><p>Art. 1º REDISTRIBUIR o cargo de Técnico Judiciário - Área Administrativa, criado pela Lei nº 9.642/1998, do quadro de pessoal do Tribunal Regional Eleitoral do Tocantins, ocupado pela servidora CRISTIANE COSTA SILVA ROCHA, Classe "C", Padrão "13", em reciprocidade com o cargo de igual denominação, ocupado pelo servidor MARDEN GOMES MARINHO, Classe "C", Padrão "13", proveniente da Justiça Federal de Primeiro Grau/Sede da Seção Judiciária do Estado do Tocantins.</p><p>Art. 2º A redistribuição constante do artigo 1º desta Portaria fica condicionada à redistribuição do cargo ocupado pelo servidor MARDEN GOMES MARINHO, pertencente ao Quadro de Pessoal do da Justiça Federal de Primeiro Grau/Sede da Seção Judiciária do Estado do Tocantins, por ato próprio a ser expedido por esse Tribunal no Diário Oficial da União na mesma data de publicação desta Portaria.</p><p>Art. 3º Não haverá a concessão de período de trânsito, tendo em vista a servidora redistribuída já se encontrar em exercício na localidade de destino da redistribuição, nos termos do art. 34 da Resolução TSE nº 23.701/2022.</p><p>Art. 4º Esta Portaria entra em vigor na data de sua publicação.</p><p class="assina">Des. JOÃO RIGO GUIMARÃES</p>]]></Texto>
  </body>
  <Midias />
</article></xml>