﻿<xml><article id="44201925" name="srh1260rettt" idOficio="11110623" pubName="DO2" artType="Retificação" pubDate="01/07/2025" artClass="00025:00096:00000:00000:00000:00000:00000:00000:00000:00000:00024:00000" artCategory="Ministério da Educação/Universidade Federal de Campina Grande" artSize="12" artNotes="" numberPage="34" pdfPage="http://pesquisa.in.gov.br/imprensa/jsp/visualiza/index.jsp?data=01/07/2025&amp;jornal=529&amp;pagina=34" editionNumber="121" highlightType="" highlightPriority="" highlight="" highlightimage="" highlightimagename="" idMateria="22815787">
  <body>
    <Identifica><![CDATA[ RETIFICAÇÃO]]></Identifica>
    <Data><![CDATA[]]></Data>
    <Ementa />
    <Titulo />
    <SubTitulo />
    <Texto><![CDATA[<p class="identifica">RETIFICAÇÃO</p><p>Na Portaria R/SRH Nº 1.260, de 25/06/25, publicada no DOU em 26/06/2025, Seção 2, página 27, onde se lê: "ROSEANE MARIA TRINDADE DE MEDEIROS"; leia-se: "ROSANE MARIA TRINDADE DE MEDEIROS" (processo nº 23096.036444/2025-23 )</p>]]></Texto>
  </body>
  <Midias />
</article></xml>