﻿<xml><article id="44200238" name="PORTARIA NA 2716.25 - REITORA TI" idOficio="11109922" pubName="DO2" artType="Portaria" pubDate="01/07/2025" artClass="00025:00057:00038:00001:00000:00000:00000:00000:00000:00000:00017:02716" artCategory="Ministério da Educação/Instituto Federal de Educação, Ciência e Tecnologia da Bahia/Diretoria de Gestão de Pessoas/REI/Departamento de Administração e Pagamento/REI" artSize="12" artNotes="" numberPage="23" pdfPage="http://pesquisa.in.gov.br/imprensa/jsp/visualiza/index.jsp?data=01/07/2025&amp;jornal=529&amp;pagina=23" editionNumber="121" highlightType="" highlightPriority="" highlight="" highlightimage="" highlightimagename="" idMateria="22814891">
  <body>
    <Identifica><![CDATA[ PORTARIA Nº 2.716, DE 27 DE JUNHO DE 2025]]></Identifica>
    <Data><![CDATA[]]></Data>
    <Ementa />
    <Titulo />
    <SubTitulo />
    <Texto><![CDATA[<p class="identifica">PORTARIA Nº 2.716, DE 27 DE JUNHO DE 2025</p><p>A REITORA DO INSTITUTO FEDERAL DE EDUCAÇÃO, CIÊNCIA E TECNOLOGIA DA BAHIA, no uso das atribuições legais que lhe confere o Decreto de 19/03/2024, publicado no Diário Oficial da União de 20/03/2024, considerando o disposto na Portaria MEC nº 1.373, de 18/07/2019, publicada no Diário Oficial da União de 19/07/2019, e tendo em vista o teor do Processo Administrativo nº 23278.007439/2025-75, resolve:</p><p>Art. 1º - Dispensar a pedido, a contar do dia 01/07/2025, o servidor MAURÍCIO ASSIS DE CASTRO SOTERO FILHO, ocupante do cargo efetivo de Assistente de Aluno, matrícula SIAPE nº 2178158, da função de Ouvidor Adjunto da Reitoria, código FG-05, para a qual foi designado através da Portaria nº 632, de 15/02/2024, publicada no Diário Oficial da União de 19/02/2024.</p><p>Art. 2º - Esta portaria entra em vigor na data da sua publicação no Diário Oficial da União.</p><p class="assina">LUZIA MATOS MOTA</p>]]></Texto>
  </body>
  <Midias />
</article></xml>