﻿<xml><article id="44200971" name="Port 01 SSECPENS SVP" idOficio="11110331" pubName="DO2" artType="Portaria" pubDate="01/07/2025" artClass="00016:00011:00014:00007:00000:00000:00000:00000:00000:00000:00017:00000" artCategory="Ministério da Defesa/Comando do Exército/Comando Militar do Sudeste/2ª Região Militar" artSize="12" artNotes="" numberPage="15" pdfPage="http://pesquisa.in.gov.br/imprensa/jsp/visualiza/index.jsp?data=01/07/2025&amp;jornal=529&amp;pagina=15" editionNumber="121" highlightType="" highlightPriority="" highlight="" highlightimage="" highlightimagename="" idMateria="22815421">
  <body>
    <Identifica><![CDATA[ PORTARIA Nº 1-SSEÇPENS/SVP 2, DE 19 DE MAIO DE 2025]]></Identifica>
    <Data><![CDATA[]]></Data>
    <Ementa />
    <Titulo />
    <SubTitulo />
    <Texto><![CDATA[<p class="identifica">PORTARIA Nº 1-SSEÇPENS/SVP 2, DE 19 DE MAIO DE 2025</p><p>O COMANDANTE DA 2ª REGIÃO MILITAR, no uso da competência que lhe foi subdelegada pela Portaria DGP/C Ex nº 458, de 10 de agosto de 2023, resolve:</p><p>ASSEGURAR, aos beneficiários do 2º Tenente Reformado BARNABÉ CORRÊA MACHADO, falecido em 12 de agosto de 2024, contribuinte para a pensão militar no mesmo posto, a pensão militar correspondente aos proventos do posto de 1º Tenente, a partir de 9 de abril de 2025, data do requerimento de ZULEICA CORRÊA MACHADO, com amparo nos artigos 1º e 2º, da Lei nº 7.570, de 23 de dezembro de 1986, haja vista que o militar, ao falecer, preenchia as condições legais que permitem a concessão de proventos do grau hierárquico superior, de acordo com inciso II, do artigo 50, da Lei 6.880, de 9 de dezembro de 1980, alterada pela Lei nº 7.580, de 23 de dezembro de 1986.</p><p class="assina">Gen Div ALEXANDRE DE ALMEIDA PORTO</p>]]></Texto>
  </body>
  <Midias />
</article></xml>