﻿<xml><article id="44202039" name="PORTARIA N 433_22815766" idOficio="11110663" pubName="DO2" artType="Portaria" pubDate="01/07/2025" artClass="00025:00146:00001:00000:00000:00000:00000:00000:00000:00000:00017:00000" artCategory="Ministério da Educação/Fundação Universidade Federal da Grande Dourados/Reitoria" artSize="12" artNotes="" numberPage="48" pdfPage="http://pesquisa.in.gov.br/imprensa/jsp/visualiza/index.jsp?data=01/07/2025&amp;jornal=529&amp;pagina=48" editionNumber="121" highlightType="" highlightPriority="" highlight="" highlightimage="" highlightimagename="" idMateria="22815766">
  <body>
    <Identifica><![CDATA[ PORTARIA Nº 433, DE 30 DE JUNHO DE 2025]]></Identifica>
    <Data><![CDATA[]]></Data>
    <Ementa />
    <Titulo />
    <SubTitulo />
    <Texto><![CDATA[<p class="identifica">PORTARIA Nº 433, DE 30 DE JUNHO DE 2025</p><p>A VICE-REITORA DA FUNDAÇÃO UNIVERSIDADE FEDERAL DA GRANDE DOURADOS, no exercício do cargo de Reitora, no uso das atribuições legais conferidas pela Portaria nº 445, de 1º de julho de 2022, publicada no DOU nº 124, de 4 de julho de 2022, seção 2, página 38, e pelo § 3º do art. 25 do Estatuto da UFGD, tendo em vista o que consta do Processo nº 23005.014102/2025-24, resolve:</p><p>Art. 1º Conceder aposentadoria por incapacidade permanente à servidora SANDRA PROCÓPIO DA SILVA, Matrícula/SIAPE nº 1487270, Professora de Magistério Superior do quadro de pessoal desta Universidade, lotada na Faculdade Intercultural Indígena - FAIND/UFGD, nos termos do art. 40, § 1º, inciso I da Constitucional Federal, c/c o artigo 10, § 1º, inciso II da Emenda Constitucional nº 103/19, com proventos calculados com base no art. 26, §2º da Emenda Constitucional nº 103/19.</p><p>Art. 2º Declarar vago o respectivo cargo.</p><p class="assina">Cláudia Gonçalves de Lima</p>]]></Texto>
  </body>
  <Midias />
</article></xml>