﻿<xml><article id="44199770" name="PORTARIA N 476_22810992" idOficio="11107212" pubName="DO2" artType="Portaria" pubDate="01/07/2025" artClass="00070:00039:00001:00000:00000:00000:00000:00000:00000:00000:00017:00000" artCategory="Poder Judiciário/Tribunal Regional Eleitoral de Sergipe/Presidência" artSize="12" artNotes="" numberPage="98" pdfPage="http://pesquisa.in.gov.br/imprensa/jsp/visualiza/index.jsp?data=01/07/2025&amp;jornal=529&amp;pagina=98" editionNumber="121" highlightType="" highlightPriority="" highlight="" highlightimage="" highlightimagename="" idMateria="22810992">
  <body>
    <Identifica><![CDATA[ PORTARIA Nº 476, DE 25 DE JUNHO DE 2025]]></Identifica>
    <Data><![CDATA[]]></Data>
    <Ementa />
    <Titulo />
    <SubTitulo />
    <Texto><![CDATA[<p class="identifica">PORTARIA Nº 476, DE 25 DE JUNHO DE 2025</p><p>O PRESIDENTE DO TRIBUNAL REGIONAL ELEITORAL DE SERGIPE, no uso das atribuições que lhe são conferidas pelo art. 28, IX, do Regimento Interno;</p><p>CONSIDERANDO o Processo Administrativo Eletrônico n.º 0002249-04.2025.6.25.8000, resolve:</p><p>Art. 1º CONCEDER aposentadoria voluntária por tempo de contribuição à servidora MARTHA MARIA DE PAULA VALENTE RODRIGUES, matrícula 30923140, Analista Judiciário, Área Administrativa, Especialidade Contabilidade, cargo criado pela Lei nº 7.645, de 18 de dezembro de 1987, NS, Classe "C", Padrão 13, do Quadro Permanente de Pessoal do Tribunal Regional Eleitoral de Sergipe, com fundamento no artigo 6º da Emenda Constitucional nº 41/2003 c/c art. 3º da Emenda Constitucional nº 103/2019, com proventos integrais e com paridade.</p><p>Art. 2º Esta Portaria entra em vigor na data de sua publicação.</p><p class="assina">Des. DIÓGENES BARRETO</p>]]></Texto>
  </body>
  <Midias />
</article></xml>