﻿<xml><article id="44202906" name="PORTARIA N 1.301_22816076" idOficio="11110834" pubName="DO2" artType="Portaria" pubDate="01/07/2025" artClass="00025:00094:00000:00000:00000:00000:00000:00000:00000:00000:00017:00000" artCategory="Ministério da Educação/Universidade Federal de Alfenas" artSize="12" artNotes="" numberPage="33" pdfPage="http://pesquisa.in.gov.br/imprensa/jsp/visualiza/index.jsp?data=01/07/2025&amp;jornal=529&amp;pagina=33" editionNumber="121" highlightType="" highlightPriority="" highlight="" highlightimage="" highlightimagename="" idMateria="22816076">
  <body>
    <Identifica><![CDATA[ PORTARIA N° 1.301, DE 30 DE JUNHO DE 2025]]></Identifica>
    <Data><![CDATA[]]></Data>
    <Ementa />
    <Titulo />
    <SubTitulo />
    <Texto><![CDATA[<p class="identifica">PORTARIA N° 1.301, DE 30 DE JUNHO DE 2025</p><p>O Reitor da Universidade Federal de Alfenas, usando de suas atribuições legais, resolve:</p><p>Art. 1º Aposentar, compulsoriamente, a partir de 30-06-2025, a servidora Eva Burger , Matrícula SIAPE nº 1678029, ocupante do cargo de Professor do Magistério Superior, Classe C, Padrão 04, do Quadro Permanente desta Universidade, com fundamento no art. 10, § 1º, inciso III, da EC nº 103/2019, com proventos calculados na forma do na forma dos §§ 2º e 4º do art. 26 da EC nº 103/2019. (Processo nº 23087.006034/2025-67).</p><p>Art. 2º Declarar uma vaga no referido cargo.</p><p class="assina">Sandro Amadeu Cerveira</p>]]></Texto>
  </body>
  <Midias />
</article></xml>