﻿<xml><article id="44203086" name="ATO PORTARIA NA 1669" idOficio="11110868" pubName="DO2" artType="Portaria" pubDate="01/07/2025" artClass="00025:00102:00000:00000:00000:00000:00000:00000:00000:00000:00017:00015" artCategory="Ministério da Educação/Universidade Federal Fluminense" artSize="12" artNotes="" numberPage="36" pdfPage="http://pesquisa.in.gov.br/imprensa/jsp/visualiza/index.jsp?data=01/07/2025&amp;jornal=529&amp;pagina=36" editionNumber="121" highlightType="" highlightPriority="" highlight="" highlightimage="" highlightimagename="" idMateria="22816112">
  <body>
    <Identifica><![CDATA[ PORTARIA Nº 1.669, DE 27 DE JUNHO DE 2025]]></Identifica>
    <Data><![CDATA[]]></Data>
    <Ementa />
    <Titulo />
    <SubTitulo />
    <Texto><![CDATA[<p class="identifica">PORTARIA Nº 1.669, DE 27 DE JUNHO DE 2025</p><p>O REITOR DA UNIVERSIDADE FEDERAL FLUMINENSE, no uso de suas atribuições, tendo em vista a Lei nº 9.640 de 25 de maio de 1998 e o que consta do Processo nº 23069.168496/2025-95, resolve:</p><p>Art. 1º Designar RODRIGO MORAES BITTENCOURT SCISINIO ALONSO, Técnico em Audiovisual, código 701.221, Matrícula SIAPE nº 1911546, para exercer a função gratificada de Assistente da Superintendência de Comunicação Social - Código FG-1.</p><p>Art. 2º Esta Portaria entra em vigor na data de sua publicação no Diário Oficial da União.</p><p class="assina">ANTONIO CLAUDIO LUCAS DA NOBREGA</p>]]></Texto>
  </body>
  <Midias />
</article></xml>