﻿<xml><article id="44200715" name="PORTARIA 181 - ANA PAULA KOZIKOS" idOficio="11105481" pubName="DO2" artType="Portaria" pubDate="01/07/2025" artClass="00070:00029:00001:00000:00000:00000:00000:00000:00000:00000:00017:00000" artCategory="Poder Judiciário/Tribunal Regional Eleitoral do Paraná/Presidência" artSize="12" artNotes="" numberPage="96" pdfPage="http://pesquisa.in.gov.br/imprensa/jsp/visualiza/index.jsp?data=01/07/2025&amp;jornal=529&amp;pagina=96" editionNumber="121" highlightType="" highlightPriority="" highlight="" highlightimage="" highlightimagename="" idMateria="22808348">
  <body>
    <Identifica><![CDATA[ PORTARIA Nº 181, DE 18 DE JUNHO DE 2025]]></Identifica>
    <Data><![CDATA[]]></Data>
    <Ementa />
    <Titulo />
    <SubTitulo />
    <Texto><![CDATA[<p class="identifica">PORTARIA Nº 181, DE 18 DE JUNHO DE 2025</p><p>O PRESIDENTE DO TRIBUNAL REGIONAL ELEITORAL DO PARANÁ, usando das atribuições que lhe são conferidas pelo artigo 23, inciso XXX do Regimento Interno deste Tribunal, e considerando o contido no PAD nº 5892/2024, resolve:</p><p>Art. 1º DISPENSAR o servidor RUBENS ERALDO MERENIUK, ocupante do cargo de Analista Judiciário, Área Administrativa, do Quadro de Pessoal deste Tribunal, da função comissionada de Assistente I da Seção de Magistrados e Requisitados, FC-1.</p><p>Art. 2º DESIGNAR a servidora ANA PAULA KOZIKOSKI OLIVEIRA BARRETO, ocupante do cargo de Analista Judiciário, Área Judiciária, do Quadro de Pessoal deste Tribunal, para exercer a função comissionada de Assistente I da Seção de Magistrados e Requisitados, FC-1.</p><p>Art. 3º Esta Portaria entra em vigor na data da sua publicação.</p><p class="assina">Des. SIGURD ROBERTO BENGTSSON</p>]]></Texto>
  </body>
  <Midias />
</article></xml>