﻿<xml><article id="44200235" name="PORTARIA N 2.372_22814190" idOficio="11109446" pubName="DO2" artType="Portaria" pubDate="01/07/2025" artClass="00070:00033:00001:00000:00000:00000:00000:00000:00000:00000:00017:00000" artCategory="Poder Judiciário/Tribunal Regional Eleitoral do Rio Grande do Sul/Presidência" artSize="12" artNotes="" numberPage="97" pdfPage="http://pesquisa.in.gov.br/imprensa/jsp/visualiza/index.jsp?data=01/07/2025&amp;jornal=529&amp;pagina=97" editionNumber="121" highlightType="" highlightPriority="" highlight="" highlightimage="" highlightimagename="" idMateria="22814190">
  <body>
    <Identifica><![CDATA[ PORTARIA TRE-RS P Nº 2.372, DE 27 DE JUNHO DE 2025]]></Identifica>
    <Data><![CDATA[]]></Data>
    <Ementa />
    <Titulo />
    <SubTitulo />
    <Texto><![CDATA[<p class="identifica">PORTARIA TRE-RS P Nº 2.372, DE 27 DE JUNHO DE 2025</p><p>O EXCELENTÍSSIMO DESEMBARGADOR MARIO CRESPO BRUM, PRESIDENTE DO TRIBUNAL REGIONAL ELEITORAL DO RIO GRANDE DO SUL, NO USO DE SUAS ATRIBUIÇÕES LEGAIS, resolve:</p><p>Art. 1.º Dispensar a servidora Lorena Martínez Rauter, Técnica Judiciária, Área Administrativa, do Quadro de Pessoal deste Tribunal, da Função Comissionada de Assistente IV (FC-4) do Gabinete da Secretaria de Administração, e nomeá-la para o Cargo em Comissão de Assessora II (CJ-2) da Assessoria de Cerimonial da Secretaria da Presidência.</p><p>Art. 2.º Esta Portaria entra em vigor na data de sua publicação.</p><p class="assina">Des. MARIO CRESPO BRUM</p>]]></Texto>
  </body>
  <Midias />
</article></xml>