﻿<xml><article id="44197804" name="197 2025 DESIGNAR COFINC - GILSO" idOficio="11109923" pubName="DO2" artType="Portaria" pubDate="01/07/2025" artClass="00025:00077:00009:00000:00000:00000:00000:00000:00000:00000:00017:00000" artCategory="Ministério da Educação/Instituto Federal de Educação, Ciência e Tecnologia do Rio Grande do Norte/Campus João Câmara" artSize="24" artNotes="" numberPage="28" pdfPage="http://pesquisa.in.gov.br/imprensa/jsp/visualiza/index.jsp?data=01/07/2025&amp;jornal=529&amp;pagina=28" editionNumber="121" highlightType="" highlightPriority="" highlight="" highlightimage="" highlightimagename="" idMateria="22814892">
  <body>
    <Identifica><![CDATA[ PORTARIA N° 197, DE 27 DE JUNHO DE 2025]]></Identifica>
    <Data><![CDATA[]]></Data>
    <Ementa />
    <Titulo />
    <SubTitulo />
    <Texto><![CDATA[<p class="identifica">PORTARIA N° 197, DE 27 DE JUNHO DE 2025</p><p>A DIRETORA-GERAL DO CAMPUS JOÃO CÂMARA DO INSTITUTO FEDERAL DE EDUCAÇÃO, CIÊNCIA E TECNOLOGIA DO RIO GRANDE DO NORTE, no uso de suas atribuições delegadas por meio da Portaria nº 1630/2023-RE/IFRN, de 27 de setembro de 2023, publicada no Diário Oficial da União de 29 de setembro de 2023 e CONSIDERANDO o que consta no Processo nº. 23134.002036.2025-74, de 26/06/2025, resolve:</p><p>I - DESIGNAR, com efeitos a partir de 01 de julho de 2025, o servidor abaixo relacionado, pertencente ao Quadro Permanente deste Instituto Federal, para exercer cargo de confiança, integrante da Estrutura Administrativa do Campus João Câmara.</p><p /><p></p><table><tr /><tr><td rowspan="1" colspan="2"><p>SERVIDOR</p></td><td rowspan="1" colspan="3"><p>CARGO DE CONFIANÇA</p></td></tr><tr><td rowspan="1" colspan="1"><p>MATRÍCULA SIAPE</p></td><td rowspan="1" colspan="1"><p>NOME</p></td><td rowspan="1" colspan="1"><p>CÓDIGO</p></td><td rowspan="1" colspan="1"><p>DENOMINAÇÃO</p></td><td rowspan="1" colspan="1"><p>CADEIA HIERÁRQUICA</p></td></tr><tr><td rowspan="1" colspan="1"><p>3137495</p></td><td rowspan="1" colspan="1"><p>Gilson Rodrigues dos Santos Neto</p></td><td rowspan="1" colspan="1"><p>FG.2</p></td><td rowspan="1" colspan="1"><p>Coordenador de Finanças e Contratos - COFINC/JC</p></td><td rowspan="1" colspan="1"><p>Diretoria de Administração - DIAD/JC</p></td></tr></table><p>II - DETERMINAR que seja assinado o Termo de Responsabilidade da carga patrimonial da função acima mencionada no prazo máximo de cinco dias úteis</p><p class="assina">GILMARA FREIRE AZEVEDO</p>]]></Texto>
  </body>
  <Midias />
</article></xml>