﻿<xml><article id="44200196" name="ATO NA 236 DE 15.05.2025 - Redis" idOficio="11106949" pubName="DO2" artType="Ato" pubDate="01/07/2025" artClass="00070:00011:00001:00000:00000:00000:00000:00000:00000:00000:00001:00000" artCategory="Poder Judiciário/Tribunal Regional Federal da 5ª Região/Presidência" artSize="12" artNotes="" numberPage="94" pdfPage="http://pesquisa.in.gov.br/imprensa/jsp/visualiza/index.jsp?data=01/07/2025&amp;jornal=529&amp;pagina=94" editionNumber="121" highlightType="" highlightPriority="" highlight="" highlightimage="" highlightimagename="" idMateria="22810610">
  <body>
    <Identifica><![CDATA[ ATO Nº 236, DE 15 DE MAIO DE 2025]]></Identifica>
    <Data><![CDATA[]]></Data>
    <Ementa />
    <Titulo />
    <SubTitulo />
    <Texto><![CDATA[<p class="identifica">ATO Nº 236, DE 15 DE MAIO DE 2025</p><p>O PRESIDENTE DO TRIBUNAL REGIONAL FEDERAL DA 5ª REGIÃO, no uso de suas atribuições legais e regimentais, tendo em vista o decidido pelo e. Conselho de Administração deste Tribunal em Sessão de 30/04/2025, nos autos do PA nº 0002861-71.2024.4.05.7200, resolve:</p><p>I - REDISTRIBUIR, com fundamento no art. 37 da Lei nº 8.112/1990, com a redação dada pela Lei nº 9.527/1997, e observadas as disposições da Resolução nº 146/2012, do Conselho Nacional de Justiça, o cargo efetivo de Analista Judiciário - Área Judiciária- Especialidade Oficial de Justiça Avaliador Federal, pertencente ao quadro de pessoal permanente daJustiça Federal de Primeiro Grau da 5ª Região - Seção Judiciária de Alagoas, ocupado pelo servidor JOSÉ LEÃO DE MELO NETO, para o quadro de pessoal permanente daJustiça Federal de Primeiro Grau da 6ª Região - Seção Judiciária de Minas Gerais, em reciprocidade com a redistribuição do cargo efetivo de mesma denominação, pertencente ao quadro de pessoal permanente daJustiça Federal de Primeiro Grau da 4ª Região - Seção Judiciária do Paraná, ocupado pelo servidor GILBER WEBER DOS SANTOS ARAÚJO SOUZA, e com a redistribuição do cargo efetivo de mesma denominação, pertencente ao quadro de pessoal permanentedaJustiça Federal de Primeiro Grau da 6ª Região - Seção Judiciária de Minas Gerais, ocupado pelo servidor RENAN PINTO RODRIGUES, para o quadro de pessoal permanente daJustiça Federal de Primeiro Grau da 4ª Região- Seção Judiciária do Paraná;</p><p>II - CONCEDER15(quinze) dias de trânsito ao servidor GILBER WEBER DOS SANTOS ARAÚJO SOUZA, nos termos do art. 18 da Lei nº 8.112/1990, com a redação dada pela Lei nº 9.527/1997, e dos artigos 44 a 46 da Resolução nº 3, de 10/03/2008, do Conselho da Justiça Federal e, ainda, com fundamento no art. 7º, parágrafo único, da Resolução nº 146/2012, do Conselho Nacional de Justiça.</p><p class="assina">FRANCISCO ROBERTO MACHADO</p>]]></Texto>
  </body>
  <Midias />
</article></xml>