﻿<xml><article id="44200223" name="2025 - 578 SELMA MARIA OLIVEIRA " idOficio="11110216" pubName="DO2" artType="Portaria" pubDate="01/07/2025" artClass="00025:00132:00000:00000:00000:00000:00000:00000:00000:00000:00017:00003" artCategory="Ministério da Educação/Universidade Federal do Triângulo Mineiro" artSize="12" artNotes="" numberPage="46" pdfPage="http://pesquisa.in.gov.br/imprensa/jsp/visualiza/index.jsp?data=01/07/2025&amp;jornal=529&amp;pagina=46" editionNumber="121" highlightType="" highlightPriority="" highlight="" highlightimage="" highlightimagename="" idMateria="22815306">
  <body>
    <Identifica><![CDATA[ PORTARIA DE PESSOAL Nº 578, DE 30 DE JUNHO DE 2025]]></Identifica>
    <Data><![CDATA[]]></Data>
    <Ementa />
    <Titulo />
    <SubTitulo />
    <Texto><![CDATA[<p class="identifica">PORTARIA DE PESSOAL Nº 578, DE 30 DE JUNHO DE 2025</p><p>A REITORA DA UNIVERSIDADE FEDERAL DO TRIÂNGULO MINEIRO - UFTM, nomeada pelo Presidente da República, por meio do Decreto de 1 <sup>º</sup> de junho de 2023, publicado no Diário Oficial da União do dia 2 subsequente, no uso de suas atribuições legais e regimentais e de acordo com o processo SEI/UFTM n <sup>º</sup> 23085.006690/2025-80, resolve:</p><p>Art. 1º Conceder aposentadoria voluntária à servidora SELMA MARIA OLIVEIRA, Siape 1140099, ocupante do cargo de AUXILIAR DE ENFERMAGEM, Classe/Padrão C-019, carga horária de 40 horas semanais, código de vaga nº 706940, do Quadro de Pessoal desta Universidade, com proventos integrais e paridade, com fulcro no art. 3º da Emenda Constitucional nº 47/2005, combinado com o caput e § 1º do art. 3º da Emenda Constitucional nº 103/2019.</p><p>Art. 2º Em consequência, declarar vago o referido cargo.</p><p>Art. 3º Esta Portaria de Pessoal entra em vigor a partir de sua publicação no Diário Oficial da União.</p><p class="assina">MARINALVA VIEIRA BARBOSA</p>]]></Texto>
  </body>
  <Midias />
</article></xml>