﻿<xml><article id="44199863" name="1544 DE 10 DE JUNHO DE 2025" idOficio="11109804" pubName="DO2" artType="Portaria" pubDate="01/07/2025" artClass="00025:00102:00000:00000:00000:00000:00000:00000:00000:00000:00017:00002" artCategory="Ministério da Educação/Universidade Federal Fluminense" artSize="12" artNotes="" numberPage="35" pdfPage="http://pesquisa.in.gov.br/imprensa/jsp/visualiza/index.jsp?data=01/07/2025&amp;jornal=529&amp;pagina=35" editionNumber="121" highlightType="" highlightPriority="" highlight="" highlightimage="" highlightimagename="" idMateria="22814732">
  <body>
    <Identifica><![CDATA[ PORTARIA Nº 1.544, DE 10 DE JUNHO DE 2025]]></Identifica>
    <Data><![CDATA[]]></Data>
    <Ementa />
    <Titulo />
    <SubTitulo />
    <Texto><![CDATA[<p class="identifica">PORTARIA Nº 1.544, DE 10 DE JUNHO DE 2025</p><p>O REITOR DA UNIVERSIDADE FEDERAL FLUMINENSE, no uso de suas atribuições, e tendo em vista o que consta do Processo UFF n.º 23069.192478/2024-43, resolve:</p><p>Conceder aposentadoria voluntária a DAYSE DUARTE DAUMAS , matrícula SIAPE nº 1211518, ocupante do cargo de Bibliotecário-documentalista, código 701010, Nível de Classificação E, Padrão de Vencimentos 019, do Quadro de Pessoal Permanente desta Universidade, código de vaga 573400, com fundamento no artigo 20, § 2º, Inciso I da Emenda Constitucional nº 103/19, com proventos integrais, cumulativamente com o adicional por tempo de serviço no percentual de 2% (dois por cento).</p><p class="assina">ANTONIO CLAUDIO LUCAS DA NOBREGA</p>]]></Texto>
  </body>
  <Midias />
</article></xml>