﻿<xml><article id="44200094" name="2025-06-26/11106606/andrev_22810" idOficio="11106606" pubName="DO2" artType="Ato" pubDate="01/07/2025" artClass="00070:00005:00009:00000:00000:00000:00000:00000:00000:00000:00001:00001" artCategory="Poder Judiciário/Tribunal Superior do Trabalho/Secretaria" artSize="12" artNotes="" numberPage="93" pdfPage="http://pesquisa.in.gov.br/imprensa/jsp/visualiza/index.jsp?data=01/07/2025&amp;jornal=529&amp;pagina=93" editionNumber="121" highlightType="" highlightPriority="" highlight="" highlightimage="" highlightimagename="" idMateria="22810019">
  <body>
    <Identifica><![CDATA[ ATO Nº 336, DE 26 DE JUNHO DE 2025]]></Identifica>
    <Data><![CDATA[]]></Data>
    <Ementa />
    <Titulo />
    <SubTitulo />
    <Texto><![CDATA[<p class="identifica">ATO Nº 336, DE 26 DE JUNHO DE 2025</p><p>O DIRETOR-GERAL DA SECRETARIA DO TRIBUNAL SUPERIOR DO TRABALHO, no uso de suas atribuições legais e regulamentares,</p><p>considerando o constante da Proposta nº 2562 do Sistema de Gestão de Pessoas - Sigep TST, de 24/06/2025, resolve:</p><p>1 - Designar o servidor BENEDITO EDSON DE BRITO LIMA, código 47689, Técnico Judiciário, Área Administrativa, para exercer a função comissionada de Supervisor da Seção de Publicação de Despachos, Nível FC-5, da Secretaria da 6ª Turma, ficando dispensado da função comissionada de Assistente 4, Nível FC-4, da Secretaria da 6ª Turma.</p><p>2 - Designar o servidor LUCIO MAURO NASCIMENTO PIMENTEL, código 39112, Técnico Judiciário, Área Administrativa, para exercer a função comissionada de Assistente 4, Nível FC-4, da Secretaria da 6ª Turma, ficando dispensado da função comissionada de Supervisor da Seção de Publicação de Despachos, Nível FC-5, da Secretaria da 6ª Turma.</p><p class="assina">GUSTAVO CARIBÉ DE CARVALHO</p>]]></Texto>
  </body>
  <Midias />
</article></xml>