﻿<xml><article id="44200400" name="VICE- 318319320" idOficio="11106170" pubName="DO2" artType="Portaria" pubDate="01/07/2025" artClass="00025:00156:00000:00000:00000:00000:00000:00000:00000:00000:00017:00001" artCategory="Ministério da Educação/Fundação Universidade Federal de Roraima" artSize="12" artNotes="" numberPage="50" pdfPage="http://pesquisa.in.gov.br/imprensa/jsp/visualiza/index.jsp?data=01/07/2025&amp;jornal=529&amp;pagina=50" editionNumber="121" highlightType="" highlightPriority="" highlight="" highlightimage="" highlightimagename="" idMateria="22809451">
  <body>
    <Identifica><![CDATA[ Portaria nº 318, de 26 de junho de 2025]]></Identifica>
    <Data><![CDATA[]]></Data>
    <Ementa />
    <Titulo />
    <SubTitulo />
    <Texto><![CDATA[<p class="identifica">Portaria nº 318, de 26 de junho de 2025</p><p>O VICE-REITOR DA UNIVERSIDADE FEDERAL DE RORAIMA, nomeado pela Portaria nº 110/2024-GAB de 05/03/2024, publicada na Seção 02 do D.O.U de 06/03/2024, página nº 38, no uso de suas atribuições legais e estatutárias, considerando o que consta no processo nº 23129.012360/2025-70, resolve:</p><p>Art. 1º Conceder Aposentadoria Voluntária ao servidor JOSE FRANCISCO LUITGARDS MOURA, matrícula SIAPE 2299812, ocupante do cargo de Professor do Magistério Superior, Código de vaga nº 300004, Nível 001, Classe D - Titular com Doutorado, em regime de 40 (quarenta) horas semanais com dedicação exclusiva, lotado na Coord. do Curso de Gestão Territorial Indigena (ADMINISTRATIVO), desta Instituição de Ensino Superior, com fundamento no Art. 20, §2º, I, da EC nº 103/2019, com proventos integrais e vantagens da Retribuição por Titulação- RT de que trata a Lei 11.784/2008 (DOU de 23/09/2008).</p><p>Art. 2º Declaro vago o referido cargo.</p><p>Art. 3º Esta Portaria entra em vigor a partir da data de sua publicação no DOU.</p><p class="assina">Silvestre Lopes da Nóbrega</p><p class="identifica">Portaria nº 319, de 26 de junho de 2025</p><p>O VICE-REITOR DA UNIVERSIDADE FEDERAL DE RORAIMA, nomeado pela Portaria nº 110/2024-GAB de 05/03/2024, publicada na Seção 02 do D.O.U de 06/03/2024, página nº 38, no uso de suas atribuições legais e estatutárias, considerando o que consta no processo nº 23129.011814/2025-95, resolve:</p><p>Art. 1º Conceder Aposentadoria Voluntária ao servidor GETULIO ALBERTO DE SOUZA CRUZ, matrícula SIAPE 388034, ocupante do cargo de Professor do Magistério Superior, Código de vaga nº 299992, Nível 001, Classe C - Associado, em regime de 40 (quarenta) horas semanais com dedicação exclusiva, lotado no Dep. de Economia (ADMINISTRATIVO) desta Instituição de Ensino Superior com fundamento no Art. 4, §6º, I, da EC nº 103/2019, com proventos integrais e vantagens Retribuição por Titulação- RT de que trata a Lei 11.784/2008 (DOU de 23/09/2008), incorporando 6% (seis por cento) de anuênio.</p><p>Art. 2º Declaro vago o referido cargo.</p><p>Art. 3º Esta Portaria entra em vigor a partir da data de sua publicação no DOU.</p><p class="assina">Silvestre Lopes da Nóbrega</p><p class="identifica">Portaria nº 320, de 26 de junho de 2025</p><p>O VICE-REITOR DA UNIVERSIDADE FEDERAL DE RORAIMA, nomeado pela Portaria nº 110/2024-GAB de 05/03/2024, publicada na Seção 02 do D.O.U de 06/03/2024, página nº 38, no uso de suas atribuições legais e estatutárias, considerando o que consta no processo nº 23129.011240/2025-55, resolve:</p><p>Art. 1º Conceder Aposentadoria Voluntária ao servidor JOSE DARCISIO PINHEIRO, matrícula SIAPE 388114, ocupante do cargo de Professor do Magistério Superior, Código de vaga nº 300049, Nível 002, Classe A - Assistente com Especialização, em regime de 40 (quarenta) horas semanais com dedicação exclusiva, lotado na Coord. do Curso de História (ADMINISTRATIVO), desta Instituição de Ensino Superior, com fundamento no Art. 20, §2º, I, da EC nº 103/2019, com proventos integrais e vantagens da Retribuição por Titulação- RT de que trata a Lei 11.784/2008 (DOU de 23/09/2008), incorporando 8% (oito por cento) de anuênio</p><p>Art. 2º Declaro vago o referido cargo.</p><p>Art. 3º Esta Portaria entra em vigor a partir da data de sua publicação no DOU.</p><p class="assina">Silvestre Lopes da Nóbrega</p>]]></Texto>
  </body>
  <Midias />
</article></xml>