﻿<xml><article id="44200688" name="4896 Dispensa e designacao de FC" idOficio="11109616" pubName="DO2" artType="Ato" pubDate="01/07/2025" artClass="00070:00006:00000:00000:00000:00000:00000:00000:00000:00000:00001:00002" artCategory="Poder Judiciário/Superior Tribunal Militar" artSize="12" artNotes="" numberPage="93" pdfPage="http://pesquisa.in.gov.br/imprensa/jsp/visualiza/index.jsp?data=01/07/2025&amp;jornal=529&amp;pagina=93" editionNumber="121" highlightType="" highlightPriority="" highlight="" highlightimage="" highlightimagename="" idMateria="22814480">
  <body>
    <Identifica><![CDATA[ ATO Nº 4.896, DE 27 DE JUNHO DE 2025]]></Identifica>
    <Data><![CDATA[]]></Data>
    <Ementa />
    <Titulo />
    <SubTitulo />
    <Texto><![CDATA[<p class="identifica">ATO Nº 4.896, DE 27 DE JUNHO DE 2025</p><p>O MINISTRO-PRESIDENTE DO SUPERIOR TRIBUNAL MILITAR, em exercício, usando das atribuições conferidas pelo inciso XXV do artigo 6º do Regimento Interno, bem como os Formulários de Dispensa e Designação nº 4394010, nº 4394080, nº 4394203 e nº 4394213, contidos nos autos do Processo nº 000284/25-05.55, do Sistema Eletrônico de Informações, como também o disposto nos incisos I e II do artigo 71 da Lei nº 8.457/1992, alterada pela Lei nº 13.774/2018, resolve:</p><p>Art. 1º DISPENSAR, a pedido, a contar de 1º de julho de 2025, a Técnica Judiciária, área Administrativa, do Quadro Permanente da Secretaria das Auditorias da Justiça Militar da União, BEATRIZ SILVA JUSKI COSTA, matrícula 8011, da função comissionada de CHEFE DO NÚCLEO DE AQUISIÇÕES E CONTRATOS, código STM-FC-06, da Auditoria da 5ª CJM.</p><p>Art. 2º DESIGNAR o Técnico Judiciário, área Administrativa, Especialidade Agente da Polícia Judicial, do Quadro Permanente da Secretaria das Auditorias da Justiça Militar da União, ALEXANDRE DO CARMO DE OLIVEIRA, matrícula 928, para exercer, em vaga decorrente da dispensa de BEATRIZ SILVA JUSKI COSTA, a função comissionada de CHEFE DO NÚCLEO DE AQUISIÇÕES E CONTRATOS, código STM-FC-06, da Auditoria da 5ª CJM. Em consequência, fica dispensado da função comissionada de ASSISTENTE V, código STM-FC-05, da referida Auditoria.</p><p>Art. 3º DESIGNAR o Técnico Judiciário, área Administrativa, do Quadro Permanente da Secretaria das Auditorias da Justiça Militar da União, ALEX CARLOTA DE OLIVEIRA, matrícula 1768, para exercer, em vaga decorrente da dispensa de ALEXANDRE DO CARMO DE OLIVEIRA, a função comissionada de ASSISTENTE V, código STM-FC-05, da Auditoria da 5ª CJM. Em consequência, fica dispensado da função comissionada de ASSISTENTE III, código STM-FC-03, da referida Auditoria.</p><p>Art. 4º DESIGNAR o Técnico Judiciário, área Administrativa, do Quadro Permanente da Secretaria das Auditorias da Justiça Militar da União, ANDRE FERREIRA POZZER, matrícula 1278,para exercer, em vaga decorrente da dispensa de ALEX CARLOTA DE OLIVEIRA, a função comissionada de ASSISTENTE III, código STM-FC-03, da Auditoria da 5ª CJM. Em consequência, fica dispensado da função comissionada de ASSISTENTE II, código STM-FC-02, da referida Auditoria.</p><p>Art. 5º DESIGNAR o militar EDGUERT PEREIRA BARBOSA, matrícula 1795, para exercer, em vaga decorrente da dispensa de ANDRE FERREIRA POZZER, a função comissionada de ASSISTENTE II, código STM-FC-02, da Auditoria da 5ª CJM.</p><p class="assina">FRANCISCO JOSELI PARENTE CAMELO</p>]]></Texto>
  </body>
  <Midias />
</article></xml>