﻿<xml><article id="44200436" name="PORTARIA N 404_22803165" idOficio="11101679" pubName="DO2" artType="Portaria" pubDate="01/07/2025" artClass="00070:00018:00000:00000:00000:00000:00000:00000:00000:00000:00017:00000" artCategory="Poder Judiciário/Tribunal Regional Eleitoral da Bahia" artSize="12" artNotes="" numberPage="95" pdfPage="http://pesquisa.in.gov.br/imprensa/jsp/visualiza/index.jsp?data=01/07/2025&amp;jornal=529&amp;pagina=95" editionNumber="121" highlightType="" highlightPriority="" highlight="" highlightimage="" highlightimagename="" idMateria="22803165">
  <body>
    <Identifica><![CDATA[ PORTARIA TRE-BA Nº 404, DE 18 DE JUNHO DE 2025]]></Identifica>
    <Data><![CDATA[]]></Data>
    <Ementa />
    <Titulo />
    <SubTitulo />
    <Texto><![CDATA[<p class="identifica">PORTARIA TRE-BA Nº 404, DE 18 DE JUNHO DE 2025</p><p>O PRESIDENTE DO TRIBUNAL REGIONAL ELEITORAL DA BAHIA, no uso das atribuições que lhe são conferidas pelo art. 8º, XXXII, da Resolução Administrativa TRE-BA nº 1/2017, conforme SEI nº 0023411-10.2024.6.05.8077, resolve:</p><p>Art. 1º Dispensar o servidor Fabiano Silveira Martins da função de Chefe de Cartório - FC-6 da 77ª Zona Eleitoral/Barra, com efeitos a partir de 01/07/2025.</p><p class="assina">Des. ABELARDO PAULO DA MATTA NETO</p>]]></Texto>
  </body>
  <Midias />
</article></xml>