﻿<xml><article id="44203359" name="Portaria_ARTHUR GUSTAVO DOS SANT" idOficio="11110930" pubName="DO2" artType="Portaria" pubDate="01/07/2025" artClass="00025:00120:00005:00000:00000:00000:00000:00000:00000:00000:00017:00002" artCategory="Ministério da Educação/Universidade Federal do Rio Grande do Sul/Pró-Reitoria de Gestão de Pessoas" artSize="12" artNotes="" numberPage="42" pdfPage="http://pesquisa.in.gov.br/imprensa/jsp/visualiza/index.jsp?data=01/07/2025&amp;jornal=529&amp;pagina=42" editionNumber="121" highlightType="" highlightPriority="" highlight="" highlightimage="" highlightimagename="" idMateria="22816180">
  <body>
    <Identifica><![CDATA[ PORTARIA Nº 4.350, de  27 DE JUNHO DE 2025]]></Identifica>
    <Data><![CDATA[]]></Data>
    <Ementa />
    <Titulo />
    <SubTitulo />
    <Texto><![CDATA[<p class="identifica">PORTARIA Nº 4.350, de 27 DE JUNHO DE 2025</p><p>O Pró-Reitor de Gestão de Pessoas DA UNIVERSIDADE FEDERAL DO RIO GRANDE DO SUL, no uso de suas atribuições, considerando o disposto na Portaria nº 6670, de 25 de setembro de 2024, resolve:</p><p>Nomear, em caráter efetivo, no cargo abaixo, na vaga referente ao respectivo código, em virtude de habilitação em Concurso Público, conforme Edital nº.15/2023 de 3 de Julho de 2023, homologado em 05 de julho de 2023 e de acordo com o artigo 9º, item I, da Lei nº. 8.112, de 11 de dezembro de 1990, com as alterações dadas pela Lei nº. 11.091, de 12 de janeiro de 2005, publicada no Diário Oficial da União de 13 de janeiro de 2005, Decreto nº. 7.232, de 19 de julho de 2010, publicado no Diário Oficial da União de 20 de julho de 2010, Lei 12.772, de 28 de dezembro de 2012, publicada no Diário Oficial da União de 31 de dezembro de 2012. Processo nº. 23078.588492/2022-78.</p><p>TÉCNICO EM ASSUNTOS EDUCACIONAIS - Classe E - Padrão 1 - Região Porto Alegre</p><p>- CECÍLIA BOBSIN DO CANTO - Vaga SIAPE 297113 - LISTA GERAL</p><p class="assina">ARTHUR GUSTAVO DOS SANTOS BLOISE</p>]]></Texto>
  </body>
  <Midias />
</article></xml>