﻿<xml><article id="44200538" name="PT468DIAT_01-07" idOficio="11103110" pubName="DO2" artType="Portaria" pubDate="01/07/2025" artClass="00044:00017:00081:00275:00005:00000:00000:00000:00000:00000:00017:00468" artCategory="Ministério da Previdência Social/Instituto Nacional do Seguro Social/Diretoria de Gestão de Pessoas/Coordenação-Geral de Centralização do Regime Próprio de Previdência Social da União/Divisão de Atendimento do RPPU" artSize="12" artNotes="" numberPage="74" pdfPage="http://pesquisa.in.gov.br/imprensa/jsp/visualiza/index.jsp?data=01/07/2025&amp;jornal=529&amp;pagina=74" editionNumber="121" highlightType="" highlightPriority="" highlight="" highlightimage="" highlightimagename="" idMateria="22805053">
  <body>
    <Identifica><![CDATA[ PORTARIA DIAT-RPPU/INSS Nº 468, DE 23 DE JUNHO DE 2025]]></Identifica>
    <Data><![CDATA[]]></Data>
    <Ementa />
    <Titulo />
    <SubTitulo />
    <Texto><![CDATA[<p class="identifica">PORTARIA DIAT-RPPU/INSS Nº 468, DE 23 DE JUNHO DE 2025</p><p>A CHEFE DA DIVISÃO DE ATENDIMENTO DO REGIME PRÓPRIO DE PREVIDÊNCIA DA UNIÃO, da Coordenação -Geral de Centralização do RPPU, da Diretoria de Gestão de Pessoas do INSS, no uso de suas atribuições e a delegação de competência estabelecida pela PORTARIA DGP/INSS Nº 05 de 18/04/2022 e na PORTARIA PRES/INSS Nº 500 de 01/04/2022 publicada no DOU nº 64 de 04/04/2022, resolve:</p><p>Conceder aposentadoria da pessoa com deficiência a servidora Andrea Ramos, matrícula SIAPE 1419967, ocupante do cargo de Técnico do Seguro Social, Classe S, Padrão V, do quadro de pessoal permanente do Instituto Nacional do Seguro Social, com fundamento no Artigo 22 da Emenda Constitucional nº 103/2019, combinado com o artigo 40, § 4º, I da Constituição Federal e Lei Complementar nº 142, de 08 de maio de 2013, com proventos calculados com base no ART. 26, §2º, média aritmética, na forma da lei (sem paridade). Observado o contido no processo SEI nº 35014.042644/2024-86 e Protocolo de Requerimento PAT 1614779945 do MEU INSS, declarando, em consequência, o referido cargo vago.</p><p>Esta Portaria entra em vigor na data de sua publicação.</p><p class="assina">MIRIAN NATSUMI ETO</p>]]></Texto>
  </body>
  <Midias />
</article></xml>