﻿<xml><article id="44200712" name="PORTARIA N 516_22815227" idOficio="11110164" pubName="DO2" artType="Portaria" pubDate="01/07/2025" artClass="00070:00042:00001:00001:00000:00000:00000:00000:00000:00000:00017:00000" artCategory="Poder Judiciário/Tribunal Regional do Trabalho da 1ª Região/Presidência/Gabinete da Presidência" artSize="12" artNotes="" numberPage="99" pdfPage="http://pesquisa.in.gov.br/imprensa/jsp/visualiza/index.jsp?data=01/07/2025&amp;jornal=529&amp;pagina=99" editionNumber="121" highlightType="" highlightPriority="" highlight="" highlightimage="" highlightimagename="" idMateria="22815227">
  <body>
    <Identifica><![CDATA[ PORTARIA SGP Nº 516, DE 12 DE JUNHO DE 2025]]></Identifica>
    <Data><![CDATA[]]></Data>
    <Ementa />
    <Titulo />
    <SubTitulo />
    <Texto><![CDATA[<p class="identifica">PORTARIA SGP Nº 516, DE 12 DE JUNHO DE 2025</p><p>O PRESIDENTE DO TRIBUNAL REGIONAL DO TRABALHO DA PRIMEIRA REGIÃO, no uso de suas atribuições legais e regimentais, tendo em vista o que consta do Processo eletrônico nº 3959/2025- PROAD, resolve:</p><p>Conceder aposentadoria voluntária à interessada NADIA GOMES DA SILVA OLIVEIRA, no cargo de Técnico Judiciário, Área administrativa, Classe C, Padrão 13, com proventos correspondentes à totalidade da remuneração no cargo efetivo e fundamento no art. 20, incisos I a IV, e §§ 2º, inciso I, e 3º, inciso I, da Emenda Constitucional nº 103/2019, observando-se o acréscimo do adicional de qualificação previsto no art. 15, inciso III, da Lei nº 11.416/2006, e assim também da vantagem pessoal nominalmente identificada nos termos do art. 62-A da Lei n° 8.112/1990, com a redação dada pelo art. 3º da MP 2225-45/2001, c/c entendimento decorrente do Recurso Extraordinário 638.115/CE.</p><p class="assina">ROQUE LUCARELLI DATTOLI</p>]]></Texto>
  </body>
  <Midias />
</article></xml>