﻿<xml><article id="44199833" name="Ato PRESI 117 -2025 - DOU" idOficio="11105078" pubName="DO2" artType="Ato Concessório" pubDate="01/07/2025" artClass="00070:00049:00001:00000:00000:00000:00000:00000:00000:00000:00002:00000" artCategory="Poder Judiciário/Tribunal Regional do Trabalho da 8ª Região/Gabinete da Presidência" artSize="12" artNotes="" numberPage="100" pdfPage="http://pesquisa.in.gov.br/imprensa/jsp/visualiza/index.jsp?data=01/07/2025&amp;jornal=529&amp;pagina=100" editionNumber="121" highlightType="" highlightPriority="" highlight="" highlightimage="" highlightimagename="" idMateria="22807846">
  <body>
    <Identifica><![CDATA[ ATO PRESI Nº 117, DE 24 DE JUNHO DE 2025]]></Identifica>
    <Data><![CDATA[]]></Data>
    <Ementa />
    <Titulo />
    <SubTitulo />
    <Texto><![CDATA[<p class="identifica">ATO PRESI Nº 117, DE 24 DE JUNHO DE 2025</p><p>A DESEMBARGADORA PRESIDENTE DO EGRÉGIO TRIBUNAL REGIONAL DO TRABALHO DA OITAVA REGIÃO, no uso de suas atribuições legais e regimentais, e</p><p>CONSIDERANDO o que consta nos autos do Processo Administrativo Eletrônico TRT8 n.º 3501/2025, resolve:</p><p>Art. 1º CONCEDER APOSENTADORIA ao servidor ELIAS GOMES DE SOUZA com fundamento no artigo 20 da Emenda Constitucional nº 103/2019, no cargo de Técnico Judiciário, Área Administrativa, Classe C, Padrão 13, do Quadro Permanente do Tribunal Regional do Trabalho da Oitava Região, com PROVENTOS INTEGRAIS correspondentes à remuneração do servidor no cargo efetivo, conforme § 2º, inciso I, do artigo 20 da Emenda Constitucional n.º 103/2019, qual seja, a estabelecida nos artigos 12 e 13 da Lei n.º 11.416/2006, com as alterações decorrentes da Lei n.º 13.317/2016; acrescida do adicional por tempo de serviço de 14% (quatorze por cento) adquirido antes de 8 de março de 1999, anteriormente previsto nos artigos 61, inciso III, e 67 da Lei n.º 8.112/1990, com a observância das alterações introduzidas pela Medida Provisória n.º 2.225-45/2001 e Resolução 46/2008 do Conselho Superior da Justiça do Trabalho; bem como da Vantagem Pessoal Nominalmente Identificada de 2/10 (dois décimos) de Função Comissionada em nível de FC-4 e de 1/10 (um décimo) de Função Comissionada em nível de FC-5, amparadas legalmente pelo art. 62-A da Lei n.º 8.112/1990 e pelo art. 5º da Lei n.º 9.624/1998; além do Adicional de Qualificação de 5% (cinco por cento) previsto nos artigos 14 e 15, V, da Lei n.º 11.416/2006 e Anexo I da Portaria Conjunta n.º 1, de 7 de março de 2007, do Supremo Tribunal Federal, Conselho Nacional de Justiça e Tribunais Superiores.</p><p>Art. 2º. Este Ato entrará em vigor a partir da data de sua publicação no Diário Oficial da União.</p><p class="assina">SULAMIR PALMEIRAS MONASSA DE ALMEIDA</p>]]></Texto>
  </body>
  <Midias />
</article></xml>