﻿<xml><article id="44200445" name="0462.AISA" idOficio="11110159" pubName="DO2" artType="Portaria" pubDate="01/07/2025" artClass="00047:00002:00000:00000:00000:00000:00000:00000:00000:00000:00017:00000" artCategory="Ministério da Saúde/Secretaria Executiva" artSize="12" artNotes="" numberPage="75" pdfPage="http://pesquisa.in.gov.br/imprensa/jsp/visualiza/index.jsp?data=01/07/2025&amp;jornal=529&amp;pagina=75" editionNumber="121" highlightType="" highlightPriority="" highlight="" highlightimage="" highlightimagename="" idMateria="22815245">
  <body>
    <Identifica><![CDATA[ PORTARIA DE PESSOAL SE/MS Nº 462, DE 26 DE JUNHO DE 2025]]></Identifica>
    <Data><![CDATA[]]></Data>
    <Ementa />
    <Titulo />
    <SubTitulo />
    <Texto><![CDATA[<p class="identifica">PORTARIA DE PESSOAL SE/MS Nº 462, DE 26 DE JUNHO DE 2025</p><p>O SECRETÁRIO-EXECUTIVO DO MINISTÉRIO DA SAÚDE, no uso da competência que lhe foi subdelegada pela Portaria GM/MS nº 374, de 30 de março de 2023, na forma do disposto no Decreto nº 1.387, de 7 de fevereiro de 1995, e no Decreto nº 10.193, de 27 de dezembro de 2019, resolve:</p><p>Autorizar o afastamento do País do servidor JOSÉ ANDRÉS MORGADO DÍAZ, matrícula SIAPE nº 1520948, Pesquisador da Coordenação de Pesquisa e Inovação do Instituto Nacional de Câncer, da Secretaria de Atenção Especializada à Saúde, com a finalidade de participar do Programa de Mobilidade Internacional - Américas - 2024, no âmbito do Edital FAPERJ nº 15/2024, para execução de atividades científicas do projeto intitulado: "Estudo pré-clínico do potencial antineoplásico do composto derivado de plantas medicinais da flora peruana: mecanismos de ação em modelos celulares de câncer colorretal", na Faculdade de Farmácia e Bioquímica da Universidade Nacional de Trujillo, em Trujillo-Peru, no período de 31 de julho a 31 de agosto de 2025, inclusive trânsito, com ônus limitado (Processo SEI nº 25410.007709/2025-00).</p><p class="assina">ADRIANO MASSUDA</p>]]></Texto>
  </body>
  <Midias />
</article></xml>