﻿<xml><article id="44200406" name="ATO_957" idOficio="11106090" pubName="DO2" artType="Ato" pubDate="01/07/2025" artClass="00070:00007:00001:00000:00000:00000:00000:00000:00000:00000:00001:00004" artCategory="Poder Judiciário/Tribunal Regional Federal da 1ª Região/Presidência" artSize="12" artNotes="" numberPage="93" pdfPage="http://pesquisa.in.gov.br/imprensa/jsp/visualiza/index.jsp?data=01/07/2025&amp;jornal=529&amp;pagina=93" editionNumber="121" highlightType="" highlightPriority="" highlight="" highlightimage="" highlightimagename="" idMateria="22809347">
  <body>
    <Identifica><![CDATA[ ATO Nº 957, DE 24 DE JUNHO DE 2025]]></Identifica>
    <Data><![CDATA[]]></Data>
    <Ementa />
    <Titulo />
    <SubTitulo />
    <Texto><![CDATA[<p class="identifica">ATO Nº 957, DE 24 DE JUNHO DE 2025</p><p>O PRESIDENTE DO TRIBUNAL REGIONAL FEDERAL DA 1ª REGIÃO, no uso de suas atribuições legais e regimentais, e tendo em vista o constante nos autos do PAe 0002671-05.2024.4.01.8014, resolve:</p><p>REDISTRIBUIR, nos termos do art. 37 da Lei 8.112/1990, com a redação dada pela Lei 9.527/1997, c/c a Resolução n. 146/2012-CNJ, o cargo de Técnico Judiciário, Área Administrativa, do Quadro de Pessoal da Justiça Federal de Primeiro Grau da 1ª Região, Sede da Seção Judiciária de Tocantins, ocupado pelo servidor MARDEN GOMES MARINHO, criado pela Lei n° 10.842/2004, para o Quadro de Pessoal do Tribunal Regional Eleitoral de Tocantins, em reciprocidade ao cargo da categoria funcional de Técnico Judiciário, Área Administrativa, ocupado pela servidora CRISTIANE COSTA SILVA ROCHA , criado pela Lei nº 9.642/1998.</p><p class="assina">Des. JOÃO BATISTA MOREIRA</p>]]></Texto>
  </body>
  <Midias />
</article></xml>