﻿<xml><article id="44200268" name="PORTARIA N 388_22815412" idOficio="11110323" pubName="DO2" artType="Portaria" pubDate="01/07/2025" artClass="00047:00036:00016:00000:00000:00000:00000:00000:00000:00000:00017:00001" artCategory="Ministério da Saúde/Secretaria de Atenção Especializada à Saúde/Instituto Nacional de Câncer" artSize="12" artNotes="" numberPage="79" pdfPage="http://pesquisa.in.gov.br/imprensa/jsp/visualiza/index.jsp?data=01/07/2025&amp;jornal=529&amp;pagina=79" editionNumber="121" highlightType="" highlightPriority="" highlight="" highlightimage="" highlightimagename="" idMateria="22815412">
  <body>
    <Identifica><![CDATA[ PORTARIA INCA N° 388, DE 26 DE JUNHO DE 2025]]></Identifica>
    <Data><![CDATA[]]></Data>
    <Ementa />
    <Titulo />
    <SubTitulo />
    <Texto><![CDATA[<p class="identifica">PORTARIA INCA N° 388, DE 26 DE JUNHO DE 2025</p><p>O Diretor-Geral do Instituto Nacional de Câncer, do Ministério da Saúde, no uso de suas atribuições subdelegadas pela Portaria CGRH/SAA/SE/MS nº 1.041, de 30 de outubro de 2009, publicada no Diário Oficial da União nº 209, de 3 de novembro de 2009, resolve:</p><p>Declarar a vacância do cargo de Assistente em Ciência e Tecnologoia, classe C, padrão IV, código de vaga 101536, ocupado por PAMELA DA SILVA LOPES, Matrícula: 2877053, CPF: ***.967.797-**, a contar do dia 24/06/2025, por posse em outro cargo inacumulável, segundo preceitua o art. 33, inciso VIII, da Lei nº 8.112/1990. Por ser estável no Serviço Público Federal é garantida sua recondução nos termos do art. 29, da Lei nº 8.112/1990. Processo SEI N°25410.009065/2025-86.</p><p class="assina">ROBERTO DE ALMEIDA GIL</p>]]></Texto>
  </body>
  <Midias />
</article></xml>