﻿<xml><article id="44200439" name="0458.AISA" idOficio="11110159" pubName="DO2" artType="Portaria" pubDate="01/07/2025" artClass="00047:00002:00000:00000:00000:00000:00000:00000:00000:00000:00017:00000" artCategory="Ministério da Saúde/Secretaria Executiva" artSize="12" artNotes="" numberPage="75" pdfPage="http://pesquisa.in.gov.br/imprensa/jsp/visualiza/index.jsp?data=01/07/2025&amp;jornal=529&amp;pagina=75" editionNumber="121" highlightType="" highlightPriority="" highlight="" highlightimage="" highlightimagename="" idMateria="22815241">
  <body>
    <Identifica><![CDATA[ PORTARIA DE PESSOAL SE/MS Nº 458, DE 26 DE JUNHO DE 2025]]></Identifica>
    <Data><![CDATA[]]></Data>
    <Ementa />
    <Titulo />
    <SubTitulo />
    <Texto><![CDATA[<p class="identifica">PORTARIA DE PESSOAL SE/MS Nº 458, DE 26 DE JUNHO DE 2025</p><p>O SECRETÁRIO-EXECUTIVO DO MINISTÉRIO DA SAÚDE, no uso da competência que lhe foi subdelegada pela Portaria GM/MS nº 374, de 30 de março de 2023, na forma do disposto no Decreto nº 1.387, de 7 de fevereiro de 1995, e no Decreto nº 10.193, de 27 de dezembro de 2019, resolve:</p><p>Autorizar o afastamento do País da servidora ANGELA FERNANDES LEAL DA SILVA, matrícula SIAPE nº 1094230, Diretora do Departamento de Prevenção e Promoção da Saúde, da Secretaria de Atenção Primária à Saúde, com a finalidade de participar do Segundo Momento de Balanço da Cúpula das Nações Unidas sobre Sistemas Alimentares (UNFSS+4), em Adis Abeba - Etiópia, no período de 25 a 30 de julho de 2025, inclusive trânsito, com ônus para o Ministério da Saúde (Processo SEI nº 25000.100377/2025-55).</p><p class="assina">ADRIANO MASSUDA</p>]]></Texto>
  </body>
  <Midias />
</article></xml>