﻿<xml><article id="44200655" name="04 A 188 RCV LUCY HARUMI SAITO S" idOficio="11098611" pubName="DO2" artType="Ato" pubDate="01/07/2025" artClass="00070:00043:00000:00000:00000:00000:00000:00000:00000:00000:00001:00000" artCategory="Poder Judiciário/Tribunal Regional do Trabalho da 2ª Região" artSize="12" artNotes="" numberPage="99" pdfPage="http://pesquisa.in.gov.br/imprensa/jsp/visualiza/index.jsp?data=01/07/2025&amp;jornal=529&amp;pagina=99" editionNumber="121" highlightType="" highlightPriority="" highlight="" highlightimage="" highlightimagename="" idMateria="22798268">
  <body>
    <Identifica><![CDATA[ ATO PR Nº 188, DE 17 DE JUNHO DE 2025]]></Identifica>
    <Data><![CDATA[]]></Data>
    <Ementa />
    <Titulo />
    <SubTitulo />
    <Texto><![CDATA[<p class="identifica">ATO PR Nº 188, DE 17 DE JUNHO DE 2025</p><p>O DESEMBARGADOR PRESIDENTE DO TRIBUNAL REGIONAL DO TRABALHO DA 2ª REGIÃO, no uso de suas atribuições legais e regimentais, considerando o disposto no artigo 37, da Lei nº 8.112/1990, com a redação dada pela Lei nº 9.527/1997; de acordo com a Resolução nº 146 /2012, do C. Conselho Nacional da Justiça; e conforme o que consta do Processo de Redistribuição PROAD nº 28421/2025, resolve:</p><p>Art. 1º Cessar os efeitos do Ato PR nº 810, publicado no Diário Oficial da União, Seção 02, Poder Judiciário, página 49, em 24/10/2017, que removeu de ofício, a servidora LUCY HARUMI SAITO STANZIONE, matrícula nº 91316, Analista Judiciário - Área Apoio Especializado, Especialidade Tecnologia da Informação, do Quadro Permanente de Pessoal da Secretaria do Tribunal Regional do Trabalho da 2ª Região para o Tribunal Superior do Trabalho.</p><p>Art. 2º Redistribuir o cargo de Analista Judiciário - Área Apoio Especializado, Especialidade Tecnologia da Informação, do Quadro Permanente de Pessoal da Secretaria do Tribunal Regional do Trabalho da 2ª Região, ocupado pela servidora LUCY HARUMI SAITO STANZIONE, matrícula nº 91316, para o Quadro Permanente da Secretaria do E. Tribunal Superior do Trabalho, em reciprocidade com o cargo vago de Analista Judiciário - Área Apoio Especializado, Especialidade Análise de Sistemas.</p><p>Art. 3º Este Ato PR entra em vigor na data de sua publicação.</p><p class="assina">VALDIR FLORINDO</p>]]></Texto>
  </body>
  <Midias />
</article></xml>