﻿<xml><article id="44200151" name="PORTARIA N 60_22815219" idOficio="11110096" pubName="DO2" artType="Portaria" pubDate="01/07/2025" artClass="00035:00001:00000:00000:00000:00000:00000:00000:00000:00000:00017:00000" artCategory="Ministério de Minas e Energia/Gabinete do Ministro" artSize="12" artNotes="" numberPage="70" pdfPage="http://pesquisa.in.gov.br/imprensa/jsp/visualiza/index.jsp?data=01/07/2025&amp;jornal=529&amp;pagina=70" editionNumber="121" highlightType="" highlightPriority="" highlight="" highlightimage="" highlightimagename="" idMateria="22815219">
  <body>
    <Identifica><![CDATA[ PORTARIA MME Nº 60, DE 27 DE JUNHO DE 2025]]></Identifica>
    <Data><![CDATA[]]></Data>
    <Ementa />
    <Titulo />
    <SubTitulo />
    <Texto><![CDATA[<p class="identifica">PORTARIA MME Nº 60, DE 27 DE JUNHO DE 2025</p><p>O MINISTRO DE ESTADO DE MINAS E ENERGIA, no uso das atribuições que lhe confere o art. 87, parágrafo único, inciso IV, da Constituição, e tendo em vista o disposto no art. 1º da Portaria nº 455, de 22 de setembro de 2020, do Ministro de Estado Chefe da Casa Civil da Presidência da República, resolve:</p><p>Exonerar, a pedido, THIAGO VASCONCELLOS BARRAL FERREIRA do Cargo Comissionado Executivo de Assessor do Gabinete do Ministro de Estado de Minas e Energia, código CCE 2.13.</p><p class="assina">ALEXANDRE SILVEIRA</p>]]></Texto>
  </body>
  <Midias />
</article></xml>