﻿<xml><article id="44200139" name="PT470DIAT_01-07" idOficio="11098804" pubName="DO2" artType="Portaria" pubDate="01/07/2025" artClass="00044:00017:00081:00275:00005:00000:00000:00000:00000:00000:00017:00470" artCategory="Ministério da Previdência Social/Instituto Nacional do Seguro Social/Diretoria de Gestão de Pessoas/Coordenação-Geral de Centralização do Regime Próprio de Previdência Social da União/Divisão de Atendimento do RPPU" artSize="12" artNotes="" numberPage="74" pdfPage="http://pesquisa.in.gov.br/imprensa/jsp/visualiza/index.jsp?data=01/07/2025&amp;jornal=529&amp;pagina=74" editionNumber="121" highlightType="" highlightPriority="" highlight="" highlightimage="" highlightimagename="" idMateria="22798842">
  <body>
    <Identifica><![CDATA[ PORTARIA DIAT-RPPU/INSS Nº 470, DE 23 DE JUNHO DE 2025]]></Identifica>
    <Data><![CDATA[]]></Data>
    <Ementa />
    <Titulo />
    <SubTitulo />
    <Texto><![CDATA[<p class="identifica">PORTARIA DIAT-RPPU/INSS Nº 470, DE 23 DE JUNHO DE 2025</p><p>A CHEFE DA DIVISÃO DE ATENDIMENTO DO REGIME PRÓPRIO DE PREVIDÊNCIA DA UNIÃO, da Coordenação-Geral de Centralização do RPPU, da Diretoria de Gestão de Pessoas do INSS, no uso das atribuições e a delegação de competência estabelecida pela PORTARIA DGP/INSS Nº 05 de 18/04/2022, publicada em BSE de 19/04/2022 e na PORTARIA MPS Nº 3085 de 24/09/2024 publicada em DOU nº 189 de 30/09/2024, resolve:</p><p>Conceder aposentadoria voluntária ao servidor Antônio Leodoro da Silva Neto, matrícula SIAPE 0900543, ocupante do cargo de Técnico do Seguro Social, Classe S, Padrão V, do quadro de pessoal permanente do Instituto Nacional do Seguro Social, com fundamento no Artigo 20, § 2º, inciso I da Emenda Constitucional nº 103, de 2019 (Regra de Transição), com proventos integrais calculados com base na remuneração do servidor no cargo efetivo em que se der a aposentadoria e demais vantagens a que faz jus, na forma da lei. Observado o contido no processo SEI nº 35014.209203/2025-51 e Protocolo de Requerimento PAT 2071807023 do MEU INSS, declarando, em consequência, o referido cargo vago.</p><p>Esta Portaria entra em vigor na data de sua publicação.</p><p class="assina">MIRIAN NATSUMI ETO</p>]]></Texto>
  </body>
  <Midias />
</article></xml>