﻿<xml><article id="44200427" name="PORTARIA N 510_22815410" idOficio="11110201" pubName="DO2" artType="Portaria" pubDate="01/07/2025" artClass="00070:00042:00001:00001:00000:00000:00000:00000:00000:00000:00017:00000" artCategory="Poder Judiciário/Tribunal Regional do Trabalho da 1ª Região/Presidência/Gabinete da Presidência" artSize="12" artNotes="" numberPage="99" pdfPage="http://pesquisa.in.gov.br/imprensa/jsp/visualiza/index.jsp?data=01/07/2025&amp;jornal=529&amp;pagina=99" editionNumber="121" highlightType="" highlightPriority="" highlight="" highlightimage="" highlightimagename="" idMateria="22815410">
  <body>
    <Identifica><![CDATA[ PORTARIA SGP Nº 510, DE 11 DE JUNHO DE 2025]]></Identifica>
    <Data><![CDATA[]]></Data>
    <Ementa />
    <Titulo />
    <SubTitulo />
    <Texto><![CDATA[<p class="identifica">PORTARIA SGP Nº 510, DE 11 DE JUNHO DE 2025</p><p>O PRESIDENTE DO TRIBUNAL REGIONAL DO TRABALHO DA PRIMEIRA</p><p>REGIÃO, no uso de suas atribuições legais e regimentais, tendo em vista o que consta do Processo eletrônico 2485/2025 - PROAD, resolve:</p><p>Conceder aposentadoria voluntária à servidora GLORIA REGINA DUARTE DE CARVALHO, no cargo de Técnico Judiciário - Área Administrativa, Classe C, Padrão 13, no valor apurado de 106% (cento e seis por cento) da média aritmética das contribuições previdenciárias, com fundamento art. 10, §1º, inciso I, alíneas a e b, c/c art. 26, § 2º, inciso II e § 7º ambos da Emenda Constitucional n° 103/2019.</p><p class="assina">ROQUE LUCARELLI DATTOLI</p>]]></Texto>
  </body>
  <Midias />
</article></xml>