﻿<xml><article id="44200349" name="SGP47" idOficio="11104532" pubName="DO2" artType="Portaria" pubDate="01/07/2025" artClass="00070:00030:00001:00000:00000:00000:00000:00000:00000:00000:00017:00000" artCategory="Poder Judiciário/Tribunal Regional Eleitoral de Pernambuco/Presidência" artSize="12" artNotes="" numberPage="97" pdfPage="http://pesquisa.in.gov.br/imprensa/jsp/visualiza/index.jsp?data=01/07/2025&amp;jornal=529&amp;pagina=97" editionNumber="121" highlightType="" highlightPriority="" highlight="" highlightimage="" highlightimagename="" idMateria="22807100">
  <body>
    <Identifica><![CDATA[ PORTARIA Nº 401, DE 13 DE JUNHO DE 2025]]></Identifica>
    <Data><![CDATA[]]></Data>
    <Ementa />
    <Titulo />
    <SubTitulo />
    <Texto><![CDATA[<p class="identifica">PORTARIA Nº 401, DE 13 DE JUNHO DE 2025</p><p>O PRESIDENTE DO TRIBUNAL REGIONAL ELEITORAL DE PERNAMBUCO, no uso de suas atribuições legais e, considerando o Ofício GABJ1 4386 (2951431), bem como o Despacho da Presidência n° 2973208, ambos registrados no SEI nº 0009934-84.2025.6.17.8000, resolve:</p><p>Art. 1º Remover a servidora ELAINE DE SÁ CAVALCANTI MATOS da Seção de Manutenção, da Coordenadoria de Engenharia e Arquitetura, vinculada à Secretaria de Administração para o Gabinete do Desembargador Jurista 1, e designá-la para exercer a função comissionada de Assistente I, nível FC-1, vaga na referida unidade.</p><p>Art. 2º Esta Portaria entra em vigor na data de sua publicação.</p><p class="assina">Des. CÂNDIDO J. F. SARAIVA DE MORAES</p>]]></Texto>
  </body>
  <Midias />
</article></xml>