﻿<xml><article id="44204163" name="2025.06.30 PORTARIA 1202 Reitor" idOficio="11111123" pubName="DO2" artType="Portaria" pubDate="01/07/2025" artClass="00025:00119:00000:00000:00000:00000:00000:00000:00000:00000:00017:00000" artCategory="Ministério da Educação/Universidade Federal do Rio Grande do Norte" artSize="12" artNotes="" numberPage="41" pdfPage="http://pesquisa.in.gov.br/imprensa/jsp/visualiza/index.jsp?data=01/07/2025&amp;jornal=529&amp;pagina=41" editionNumber="121" highlightType="" highlightPriority="" highlight="" highlightimage="" highlightimagename="" idMateria="22816396">
  <body>
    <Identifica><![CDATA[ PORTARIA Nº 1.202, DE 30 DE JUNHO DE 2025]]></Identifica>
    <Data><![CDATA[]]></Data>
    <Ementa />
    <Titulo />
    <SubTitulo />
    <Texto><![CDATA[<p class="identifica">PORTARIA Nº 1.202, DE 30 DE JUNHO DE 2025</p><p>O REITOR DA UNIVERSIDADE FEDERAL DO RIO GRANDE DO NORTE, no uso das atribuições inerentes ao cargo e da delegação de competência que lhe concede a Portaria MEC n.º 404, de 23.04.2009, resolve:</p><p>Art. 1º Autorizar o afastamento do país de ROBERTA TARGINO HOSKIN, matrícula n.º 1246737, Professora do Magistério Superior do Departamento de Engenharia Química - CT, para realizar visita científica ao "Plants for Human Health Institute (PHHI)", na cidade de Kannapolis, nos EUA, no período de 19.07.2025 a 10.08.2025, inclusive trânsito, com ônus limitado, conforme processo n.º 23077.091503/2025-54.</p><p>Art. 2º Publicar esta portaria em Boletim de Serviço e Diário Oficial da União.</p><p class="assina">JOSE DANIEL DINIZ MELO</p>]]></Texto>
  </body>
  <Midias />
</article></xml>