﻿<xml><article id="44199857" name="UFPEL_RTF_Portaria_4584a" idOficio="11105028" pubName="DO2" artType="Portaria" pubDate="01/07/2025" artClass="00025:00152:00000:00000:00000:00000:00000:00000:00000:00000:00017:00001" artCategory="Ministério da Educação/Fundação Universidade Federal de Pelotas" artSize="12" artNotes="" numberPage="49" pdfPage="http://pesquisa.in.gov.br/imprensa/jsp/visualiza/index.jsp?data=01/07/2025&amp;jornal=529&amp;pagina=49" editionNumber="121" highlightType="" highlightPriority="" highlight="" highlightimage="" highlightimagename="" idMateria="22807716">
  <body>
    <Identifica><![CDATA[ PORTARIA DE PESSOAL Nº 4.584/UFPEL, DE 26 DE JUNHO DE 2025]]></Identifica>
    <Data><![CDATA[]]></Data>
    <Ementa />
    <Titulo />
    <SubTitulo />
    <Texto><![CDATA[<p class="identifica">PORTARIA DE PESSOAL Nº 4.584/UFPEL, DE 26 DE JUNHO DE 2025</p><p>A REITORA DA UNIVERSIDADE FEDERAL DE PELOTAS, nomeada pelo Decreto Presidencial de 20 de dezembro de 2024, publicado no Diário Oficial da União em 23 de dezembro de 2024, no uso de suas atribuições legais e o que consta no Processo nº 23110.018440/2025-38, resolve:</p><p>Dispensar o servidor DANIEL SOARES DUARTE, ocupante do cargo de Professor do Magistério Superior, SIAPE nº 1034556, SIAPECAD nº 02302451, lotado(a) no(a) Centro de Letras e Comunicação, da função de Coordenador de Curso, FUC - 01, do(a) Coordenação do Curso de Letras - Tradução Inglês-Português. Esta Portaria entra em vigor a partir da publicação no Diário Oficial da União.</p><p class="assina">URSULA ROSA DA SILVA</p>]]></Texto>
  </body>
  <Midias />
</article></xml>