﻿<xml><article id="44203194" name="506 - ALEXANDRE E JUSSARA - DIS-" idOficio="11110891" pubName="DO2" artType="Portaria" pubDate="01/07/2025" artClass="00070:00004:00001:00002:00000:00000:00000:00000:00000:00000:00017:00000" artCategory="Poder Judiciário/Superior Tribunal de Justiça/Presidência/Secretaria" artSize="12" artNotes="" numberPage="92" pdfPage="http://pesquisa.in.gov.br/imprensa/jsp/visualiza/index.jsp?data=01/07/2025&amp;jornal=529&amp;pagina=92" editionNumber="121" highlightType="" highlightPriority="" highlight="" highlightimage="" highlightimagename="" idMateria="22816152">
  <body>
    <Identifica><![CDATA[ Portaria STJ/GDG Nº 506, DE 26 DE junho DE 2025]]></Identifica>
    <Data><![CDATA[]]></Data>
    <Ementa />
    <Titulo />
    <SubTitulo />
    <Texto><![CDATA[<p class="identifica">Portaria STJ/GDG Nº 506, DE 26 DE junho DE 2025</p><p>O DIRETOR-GERAL DA SECRETARIA DO SUPERIOR TRIBUNAL DE JUSTIÇA, com base no item 21.2.3, XI, b, do Anexo da Instrução Normativa STJ/GP n. 19 de 11 de junho de 2025 e no disposto no art. 35, I, da Lei n. 8.112, de 11 de dezembro de 1990, resolve:</p><p>Art. 1º Efetuar as seguintes alterações no Centro de Formação e Gestão Judiciária:</p><p>I - Dispensar ALEXANDRE DE CARVALHO LIMA, matrícula S031180, da função de confiança de Assistente II, código FC-2;</p><p>II - Designar JUSSARA RODRIGUES MACHADO DO VALE, matrícula S076303, para a função de confiança de Assistente II, código FC-2, na vaga decorrente da dispensa de Alexandre de Carvalho Lima.</p><p>Art. 2º Esta portaria entra em vigor na data de sua publicação.</p><p class="assina">SERGIO JOSÉ AMERICO PEDREIRA</p>]]></Texto>
  </body>
  <Midias />
</article></xml>