﻿<xml><article id="44200430" name="Portaria nA 213-2025" idOficio="11110327" pubName="DO2" artType="Portaria" pubDate="01/07/2025" artClass="00016:00012:00027:00008:00015:00000:00000:00000:00000:00000:00017:00000" artCategory="Ministério da Defesa/Comando da Marinha/Diretoria-Geral do Pessoal da Marinha/Diretoria do Pessoal da Marinha/Serviço de Veteranos e Pensionista da Marinha" artSize="12" artNotes="" numberPage="18" pdfPage="http://pesquisa.in.gov.br/imprensa/jsp/visualiza/index.jsp?data=01/07/2025&amp;jornal=529&amp;pagina=18" editionNumber="121" highlightType="" highlightPriority="" highlight="" highlightimage="" highlightimagename="" idMateria="22815416">
  <body>
    <Identifica><![CDATA[ PORTARIA Nº 213/SVPM, DE 25 DE JUNHO DE 2025]]></Identifica>
    <Data><![CDATA[]]></Data>
    <Ementa />
    <Titulo />
    <SubTitulo />
    <Texto><![CDATA[<p class="identifica">PORTARIA Nº 213/SVPM, DE 25 DE JUNHO DE 2025</p><p>O DIRETOR DO SERVIÇO DE VETERANOS E PENSIONISTAS DA MARINHA, no uso da subdelegação de competência que lhe confere o contido no anexo E, da Portaria nº 57, de 14 de agosto de 2024, do Diretor-Geral do Pessoal da Marinha, resolve:</p><p>Art. 1º Alterar a Portaria nº 0017, de 25/02/1998, deste Serviço, publicada no Diário Oficial da União de 09/03/1998 e no Boletim nº 06/1998, da Marinha do Brasil, conforme o seguinte:</p><p>Onde se lê: 2ºSG-FN-ES 59.1255.60 HELIO SOARES DE DEUS 30/05/97</p><p>Leia-se: 2ºSG-FN-ES 59.1255.60 HELIO SOARES DE DEUS 31/05/97</p><p>Art. 2º Esta Portaria entra em vigor na presente data.</p><p class="assina">CMG (IM) ROBSON APARECIDO CAMPOS DE LIMA</p>]]></Texto>
  </body>
  <Midias />
</article></xml>