﻿<xml><article id="44200082" name="PORTARIA N 545_22811396" idOficio="11107644" pubName="DO2" artType="Portaria" pubDate="01/07/2025" artClass="00070:00042:00001:00001:00000:00000:00000:00000:00000:00000:00017:00000" artCategory="Poder Judiciário/Tribunal Regional do Trabalho da 1ª Região/Presidência/Gabinete da Presidência" artSize="12" artNotes="" numberPage="99" pdfPage="http://pesquisa.in.gov.br/imprensa/jsp/visualiza/index.jsp?data=01/07/2025&amp;jornal=529&amp;pagina=99" editionNumber="121" highlightType="" highlightPriority="" highlight="" highlightimage="" highlightimagename="" idMateria="22811396">
  <body>
    <Identifica><![CDATA[ PORTARIA SGP Nº 545, DE 25 DE JUNHO DE 2025]]></Identifica>
    <Data><![CDATA[]]></Data>
    <Ementa />
    <Titulo />
    <SubTitulo />
    <Texto><![CDATA[<p class="identifica">PORTARIA SGP Nº 545, DE 25 DE JUNHO DE 2025</p><p>O PRESIDENTE DO TRIBUNAL REGIONAL DO TRABALHO DA PRIMEIRA REGIÃO, no uso de suas atribuições legais e regimentais, e tendo em vista o que consta do PROAD 4196/2024, resolve:</p><p>Conceder aposentadoria voluntária à servidora RENATA ARZUA DOS SANTOS, no cargo de Técnico Judiciário, Área Administrativa, Classe C, Padrão 13, com proventos correspondentes à totalidade da remuneração no cargo efetivo, e fundamento no art. 20, incisos I a IV, e §§ 2º, inciso I, e 3º, inciso I, da Emenda Constitucional nº 103/2019, observando-se o acréscimo da vantagem pessoal nominalmente identificada, nos termos do artigo 5º da Lei nº 9.624/1998, e assim também do adicional de qualificação previsto no art. 15, inciso VI, da Lei nº 11.416/2006, incluído pela Lei n.º 13.317/2016, c/c § 5° do referido artigo, incluído pela Lei nº 14.687/2023.</p><p class="assina">ROQUE LUCARELLI DATTOLI</p>]]></Texto>
  </body>
  <Midias />
</article></xml>