﻿<xml><article id="44200559" name="2025.07.01 - Portaria n 36_2025" idOficio="11100876" pubName="DO2" artType="Portaria" pubDate="01/07/2025" artClass="00071:00482:00000:00000:00000:00000:00000:00000:00000:00000:00017:00000" artCategory="Entidades de Fiscalização do Exercício das Profissões Liberais/Conselho Regional de Psicologia da 7ª Região" artSize="12" artNotes="" numberPage="105" pdfPage="http://pesquisa.in.gov.br/imprensa/jsp/visualiza/index.jsp?data=01/07/2025&amp;jornal=529&amp;pagina=105" editionNumber="121" highlightType="" highlightPriority="" highlight="" highlightimage="" highlightimagename="" idMateria="22801915">
  <body>
    <Identifica><![CDATA[ PORTARIA Nº 36, DE 18 DE JUNHO DE 2025]]></Identifica>
    <Data><![CDATA[]]></Data>
    <Ementa />
    <Titulo />
    <SubTitulo />
    <Texto><![CDATA[<p class="identifica">PORTARIA Nº 36, DE 18 DE JUNHO DE 2025</p><p>Instaurar Sindicância Investigativa e Composição da Comissão Sindicante.</p><p>A PRESIDENTA DO CONSELHO REGIONAL DE PSICOLOGIA - 7ª REGIÃO, no uso das atribuições legais e regimentais, que lhe são conferidas pela Lei nº 5.766, de 20 de dezembro de 1971, regulamentada pelo Decreto nº 79.822, de 17 de julho de 1977, resolve:</p><p>Art. 1º Instaurar sindicância investigativa para apuração de fatos constantes no processo SEI nº 570700249.000192/2025-19, preservando o sigilo das partes envolvidas.</p><p>Art. 2º Designar, para compor a Comissão Sindicante: Flávia Cardozo de Mattos (Coordenadora Técnico-Política) - Presidenta; Tomas Edson Silveira Rodrigues (Coordenador de Comunicação) - Membro; e Kwala Machado da Rosa (Psicóloga Fiscal) - Membro.</p><p>Art. 3º Esta Portaria entra em vigor na data de sua assinatura.</p><p class="assina">Luciana Barcellos Fossi</p>]]></Texto>
  </body>
  <Midias />
</article></xml>