﻿<xml><article id="44201283" name="PT 655" idOficio="11110466" pubName="DO2" artType="Portaria" pubDate="01/07/2025" artClass="00047:00002:00021:00040:00014:00000:00000:00000:00000:00000:00017:00655" artCategory="Ministério da Saúde/Secretaria Executiva/Subsecretaria de Assuntos Administrativos/Superintendência Estadual do Ministério da Saúde no Rio de Janeiro/Serviço de Gestão de Pessoas" artSize="12" artNotes="" numberPage="78" pdfPage="http://pesquisa.in.gov.br/imprensa/jsp/visualiza/index.jsp?data=01/07/2025&amp;jornal=529&amp;pagina=78" editionNumber="121" highlightType="" highlightPriority="" highlight="" highlightimage="" highlightimagename="" idMateria="22815595">
  <body>
    <Identifica><![CDATA[ PORTARIA SEGEP/RJ Nº 655, DE 25 DE JUNHO DE 2025]]></Identifica>
    <Data><![CDATA[]]></Data>
    <Ementa />
    <Titulo />
    <SubTitulo />
    <Texto><![CDATA[<p class="identifica">PORTARIA SEGEP/RJ Nº 655, DE 25 DE JUNHO DE 2025</p><p>A CHEFE DO SERVIÇO DE GESTÃO DE PESSOAS, DA SUPERINTENDÊNCIA ESTADUAL DO MINISTÉRIO DA SAÚDE NO RIO DE JANEIRO, DA SUBSECRETARIA DE ASSUNTOS ADMINISTRATIVOS, DA SECRETARIA-EXECUTIVA, DO MINISTÉRIO DA SAÚDE, no uso de suas atribuições legais que lhe foram atribuídas pela PORTARIA DE PESSOAL SE/MS Nº 94, DE 01 DE fevereiro DE 2024, publicada no DOU nº 25, de 5 de fevereiro de 2024, Seção 2, página 68, e tendo em vista o que consta no processo nº 25001.007522/2024-39, resolve:</p><p>Retificar a portaria SEGEP/RJ nº 1285 de 31 de outubro de 2024, publicada no DOU nº 1.285 de 31 de outubro de 2024, seção 2, página 59, que concedeu pensão ao Cônjuge EDITE FERREIRA BANDEIRA, a fim de que o benefício passe a considerar o cálculo específico previsto no §2º do art. 23 da Emenda Constitucional nº 103, de 2019, a contar da data do óbito, tendo em vista a posterior comprovação em laudo pericial da invalidez da interessada.</p><p class="assina">LUCILENA RODRIGUES GIESTEIRA</p>]]></Texto>
  </body>
  <Midias />
</article></xml>