﻿<xml><article id="44204268" name="ATO PORTARIA DE PESSOAL PROGEPE " idOficio="11111142" pubName="DO2" artType="Portaria" pubDate="01/07/2025" artClass="00025:00108:00057:00000:00000:00000:00000:00000:00000:00000:00017:00000" artCategory="Ministério da Educação/Universidade Federal de Juiz de Fora/Pró-Reitoria de Gestão de Pessoas" artSize="12" artNotes="" numberPage="37" pdfPage="http://pesquisa.in.gov.br/imprensa/jsp/visualiza/index.jsp?data=01/07/2025&amp;jornal=529&amp;pagina=37" editionNumber="121" highlightType="" highlightPriority="" highlight="" highlightimage="" highlightimagename="" idMateria="22816471">
  <body>
    <Identifica><![CDATA[ PORTARIA DE PESSOAL PROGEPE/UFJF Nº 867, DE 27 de junho de 2025]]></Identifica>
    <Data><![CDATA[]]></Data>
    <Ementa />
    <Titulo />
    <SubTitulo />
    <Texto><![CDATA[<p class="identifica">PORTARIA DE PESSOAL PROGEPE/UFJF Nº 867, DE 27 de junho de 2025</p><p>A REITORA DA UNIVERSIDADE FEDERAL DE JUIZ DE FORA, no exercício de suas atribuições legais e regulamentares, nomeada pelo Decreto de 01 de abril de 2024, com publicação no Diário Oficial da União, em 02 de abril de 2024, seção 02, página 01, resolve:</p><p>Art. 1º Autorizar o afastamento do servidor Docente FREDERICO PITTELLA SILVA, Matrícula SIAPE nº 2069113, lotado na Faculdade de Farmácia, para participar do 33rd World Congress of the International Society of Hair Restoration Surgery, ofertado pela International Society of Hair Restoration Surgery, em Berlim/Alemanha, no período de 21/10/2025 a 28/10/2025, incluindo deslocamento, com ônus limitado para esta IFES, conforme consta do processo nº 23071.928467/2025-44.</p><p>Art. 2º Esta Portaria Administrativa entra em vigor a partir da sua publicação no DOU.</p><p class="assina">GIRLENE ALVES DA SILVA</p>]]></Texto>
  </body>
  <Midias />
</article></xml>