﻿<xml><article id="44205159" name="Port. AFP - 6281 - 6291" idOficio="11111351" pubName="DO2" artType="Portaria" pubDate="01/07/2025" artClass="00025:00110:00001:00000:00000:00000:00000:00000:00000:00000:00017:00003" artCategory="Ministério da Educação/Universidade Federal de Minas Gerais/Reitoria" artSize="12" artNotes="" numberPage="37" pdfPage="http://pesquisa.in.gov.br/imprensa/jsp/visualiza/index.jsp?data=01/07/2025&amp;jornal=529&amp;pagina=37" editionNumber="121" highlightType="" highlightPriority="" highlight="" highlightimage="" highlightimagename="" idMateria="22816674">
  <body>
    <Identifica><![CDATA[ PORTARIAS DE 26 DE JUNHO DE 2025]]></Identifica>
    <Data><![CDATA[]]></Data>
    <Ementa />
    <Titulo />
    <SubTitulo />
    <Texto><![CDATA[<p class="identifica">PORTARIAS DE 26 DE JUNHO DE 2025</p><p>A Reitora da Universidade Federal de Minas Gerais, no uso de atribuição que lhe confere a Portaria nº 1.819, de 11/09/2023, do Ministro de Estado da Educação, resolve:</p><p>Nº 6.281 - Autorizar o afastamento do país, com ônus limitado, do servidor Ricardo Mesquita Camelo, matrícula SIAPE nº 3399520, ocupante do cargo de Professor da carreira de Magistério Superior, lotado na Faculdade de Medicina, para participar da "13th BIC International Conference", em Pádua/Itália, no período de 10/09/2025 a 15/09/2025.</p><p>Nº 6.291 - Autorizar o afastamento do país, com ônus limitado, do servidor Mauro Martins Teixeira, matrícula SIAPE nº 3226381, ocupante do cargo de Professor da carreira de Magistério Superior, lotado no Instituto de Ciências Biológicas, para participar do "19º Congresso Internacional de Imunologia", em Viena/Áustria, no período de 17/08/2025 a 24/08/2025.</p><p class="assina">SANDRA REGINA GOULART ALMEIDA</p>]]></Texto>
  </body>
  <Midias />
</article></xml>