﻿<xml><article id="44203065" name="171.2025 Substituto CSG" idOficio="11110854" pubName="DO2" artType="Portaria" pubDate="01/07/2025" artClass="00066:00010:00010:00000:00000:00000:00000:00000:00000:00000:00017:00000" artCategory="Ministério Público da União/Ministério Público do Trabalho/Procuradoria Regional do Trabalho da 9ª Região" artSize="12" artNotes="" numberPage="87" pdfPage="http://pesquisa.in.gov.br/imprensa/jsp/visualiza/index.jsp?data=01/07/2025&amp;jornal=529&amp;pagina=87" editionNumber="121" highlightType="" highlightPriority="" highlight="" highlightimage="" highlightimagename="" idMateria="22816046">
  <body>
    <Identifica><![CDATA[ PORTARIA Nº 171, de 30 de junho de 2025]]></Identifica>
    <Data><![CDATA[]]></Data>
    <Ementa />
    <Titulo />
    <SubTitulo />
    <Texto><![CDATA[<p class="identifica">PORTARIA Nº 171, de 30 de junho de 2025</p><p>A Procuradora-Chefe da Procuradoria Regional do Trabalho da 9.ª Região - Paraná, no uso de suas atribuições que lhe confere a Lei Orgânica do Ministério Público da União, LC nº 75, de 20 de maio de 1993, diante do contido no PGEA 20.02.0900.0001510/2023-65, resolve:</p><p>Art. 1º. Dispensar o Procurador Regional do Trabalho, Dr. Iros Reichmann Losso, do encargo de Substituto da Coordenadora de Segundo Grau da Procuradoria Regional do Trabalho na 9ª Região.</p><p>Art. 2º. Designar a Procuradora Regional do Trabalho, Dra. Marilia Massignan Coppla, para o encargo de Substituta da Coordenadora de Segundo Grau da Procuradoria Regional do Trabalho na 9ª Região.</p><p>Art. 3º. Esta Portaria entra em vigor na data de sua publicação.</p><p class="assina">PATRÍCIA BLANC GAIDEX</p>]]></Texto>
  </body>
  <Midias />
</article></xml>