﻿<xml><article id="44201172" name="EDITAL NA8-2025-GAB-PROGEP-IFCE" idOficio="11110412" pubName="DO2" artType="Edital" pubDate="01/07/2025" artClass="00099:00025:00061:00000:00000:00000:00000:00000:00000:00000:00000:00015:00000" artCategory="Editais e Avisos/Ministério da Educação" artSize="12" artNotes="" numberPage="106" pdfPage="http://pesquisa.in.gov.br/imprensa/jsp/visualiza/index.jsp?data=01/07/2025&amp;jornal=529&amp;pagina=106" editionNumber="121" highlightType="" highlightPriority="" highlight="" highlightimage="" highlightimagename="" idMateria="22815524">
  <body>
    <Identifica><![CDATA[ Edital Nº 8/2025 GAB-PROGEP/PROGEP/REITORIA-IFCE]]></Identifica>
    <Data><![CDATA[]]></Data>
    <Ementa />
    <Titulo />
    <SubTitulo />
    <Texto><![CDATA[<p class="identifica">Edital Nº 8/2025 GAB-PROGEP/PROGEP/REITORIA-IFCE</p><p>O PRÓ-REITOR DE GESTÃO DE PESSOAS DO INSTITUTO FEDERAL DE EDUCAÇÃO, CIÊNCIA E TECNOLOGIA DO CEARÁ (IFCE), no uso das atribuições conferidas pela Orientação Normativa Nº 1, de 02 de janeiro de 2017, e</p><p>Considerando que a Secretaria de Gestão e Desempenho de Pessoal do Ministério da Economia vem buscando o aperfeiçoamento dos mecanismos de transparência, de controle e de melhoria da qualidade do gasto público no que concerne às despesas de pessoal da Administração Pública Federal, no âmbito do SIAPE;</p><p>Considerando os esforços empreendidos, permanentemente, no que tange à eliminação das possíveis inconsistências e pagamentos indevidos no SIAPE;</p><p>Considerando que transcorreram todos os prazos previstos para o recadastramento dos aposentados e beneficiários de pensão civil;</p><p>Considerando o teor dos artigos 6º e 7º da Portaria nº 244 de 15/06/2020(DOU 17/06/2020) do Ministério da Economia e o art. 15 da Instrução Normativa Nº 45, DE 15 DE JUNHO DE 2020 (DOU 17/06/2020) do Ministério da Economia ;</p><p>Considerando ainda o que consta no Histórico de realização de prova de vida (SEI 7585334 ), resolve:</p><p>Art. 1º - Publiciza, por meio deste Edital, com amparo no art. 15 da Instrução Normativa Nº 45, DE 15 DE JUNHO DE 2020 (DOU 17/06/2020) do Ministério da Economia e nos artigos 6º e 7º da Portaria nº 244 de 15/06/2020(DOU 17/06/2020) do Ministério da Economia, o nome da aposentada, vinculada ao Instituto Federal do Ceará (IFCE), que não se recadastrou dentro do prazo legalmente estabelecido:</p><p /><p></p><table><tr /><tr><td rowspan="1" colspan="1"><p>MAT. SIAPE</p></td><td rowspan="1" colspan="1"><p>NOME</p></td><td rowspan="1" colspan="1"><p>LOTE</p></td><td rowspan="1" colspan="1"><p>TIPO DE VÍNCULO</p></td></tr><tr><td rowspan="1" colspan="1"><p>0047259</p></td><td rowspan="1" colspan="1"><p>FRANCISCO ANTONIO DOS SANTOS</p></td><td rowspan="1" colspan="1"><p>2025- MARÇO</p></td><td rowspan="1" colspan="1"><p>APOSENTADO</p></td></tr></table><p>Art. 2º - Comunica que na folha de pagamento do mês de JUNHO de 2025, com efeito financeiro em JULHO de 2025, foi realizada a suspensão dos pagamentos dos aposentados e beneficiários de pensão de que trata o artigo 1º deste Edital.</p><p>Art. 3º - De acordo com o art.16 da Instrução Normativa Nº 45, DE 15 DE JUNHO DE 2020 (DOU 17/06/2020) do Ministério da Economia, o restabelecimento do pagamento da aposentadoria, pensão ou a reparação econômica mensal fica condicionado à efetivação da atualização cadastral do aposentado, pensionista, ou anistiado político civil, mediante comparecimento à instituição financeira (banco) ou a Unidade de Recursos Humanos. A Pró-reitoria de Gestão de Pessoas do Instituto Federal do Ceará está situada na Av. Jorge Dumar, 1703 - Bairro Jardim América - CEP 60410-426 - Fortaleza - CE.</p><p class="assina">Marcel Ribeiro Mendonça</p>]]></Texto>
  </body>
  <Midias />
</article></xml>