﻿<xml><article id="44203515" name="131 - DOU 30-06-2025" idOficio="11111002" pubName="DO2" artType="Portaria" pubDate="01/07/2025" artClass="00025:00088:00296:00000:00000:00000:00000:00000:00000:00000:00017:00000" artCategory="Ministério da Educação/Instituto Federal de Educação, Ciência e Tecnologia Sul-Rio-Grandense/Gabinete do Reitor" artSize="12" artNotes="" numberPage="32" pdfPage="http://pesquisa.in.gov.br/imprensa/jsp/visualiza/index.jsp?data=01/07/2025&amp;jornal=529&amp;pagina=32" editionNumber="121" highlightType="" highlightPriority="" highlight="" highlightimage="" highlightimagename="" idMateria="22816233">
  <body>
    <Identifica><![CDATA[ PORTARIA Nº 1.632, DE 30 DE JUNHO DE 2025]]></Identifica>
    <Data><![CDATA[]]></Data>
    <Ementa />
    <Titulo />
    <SubTitulo />
    <Texto><![CDATA[<p class="identifica">PORTARIA Nº 1.632, DE 30 DE JUNHO DE 2025</p><p>O REITOR DO INSTITUTO FEDERAL DE EDUCAÇÃO, CIÊNCIA E TECNOLOGIA SUL-RIO-GRANDENSE, no uso das atribuições legais, considerando o Processo n.º 23206.003104.2025-21, resolve:</p><p>Art. 1° Dispensar o servidor Paulo Henrique Asconavieta da Silva, ocupante do cargo de Professor do Ensino Básico, Técnico e Tecnológico, do Quadro de Pessoal desta IFE, da função de Coordenador do Curso Superior de Tecnologia em Sistemas para Internet (FCC), do Departamento de Ensino de Graduação e de Pós-graduação, Diretoria de Ensino, Câmpus Pelotas, Instituto Federal de Educação, Ciência e Tecnologia Sul-rio-grandense.</p><p>Art. 2° Esta Portaria entra em vigor na data de sua publicação.</p><p class="assina">Carlos Jesus Anghinoni Correa</p><p class="identifica">Portaria nº 1.636, DE 30 DE JUNHO DE 2025</p><p>O REITOR DO INSTITUTO FEDERAL DE EDUCAÇÃO, CIÊNCIA E TECNOLOGIA SUL-RIO-GRANDENSE, no uso das atribuições legais, considerando o Processo n.º 23206.003106.2025-11, de 27/06/2025 e, considerando o disposto no §4.º do art. 15, da Lei n.º 8.112/90, resolve:</p><p>Art. 1º Designar o servidor Vagner Pinto da Silva, ocupante do cargo de Professor do Ensino Básico, Técnico e Tecnológico, do Quadro de Pessoal desta IFE, para exercer a função Coordenador do Curso Superior de Tecnologia em Sistemas para Internet (FCC), do Departamento de Ensino de Graduação e de Pós-graduação, Diretoria de Ensino, Câmpus Pelotas, Instituto Federal de Educação, Ciência e Tecnologia Sul-rio-grandense.</p><p>Art. 2º Esta Portaria entra em vigor na data de sua publicação.</p><p class="assina">Carlos Jesus Anghinoni Correa</p>]]></Texto>
  </body>
  <Midias />
</article></xml>