﻿<xml><article id="44199947" name="1.507 DE 06 DE JUNHO DE 2025" idOficio="11109759" pubName="DO2" artType="Portaria" pubDate="01/07/2025" artClass="00025:00102:00000:00000:00000:00000:00000:00000:00000:00000:00017:00001" artCategory="Ministério da Educação/Universidade Federal Fluminense" artSize="12" artNotes="" numberPage="35" pdfPage="http://pesquisa.in.gov.br/imprensa/jsp/visualiza/index.jsp?data=01/07/2025&amp;jornal=529&amp;pagina=35" editionNumber="121" highlightType="" highlightPriority="" highlight="" highlightimage="" highlightimagename="" idMateria="22814687">
  <body>
    <Identifica><![CDATA[ PORTARIA Nº 1.507, DE 6 DE JUNHO DE 2025]]></Identifica>
    <Data><![CDATA[]]></Data>
    <Ementa />
    <Titulo />
    <SubTitulo />
    <Texto><![CDATA[<p class="identifica">PORTARIA Nº 1.507, DE 6 DE JUNHO DE 2025</p><p>O REITOR DA UNIVERSIDADE FEDERAL FLUMINENSE, no uso de suas atribuições, e tendo em vista o que consta do Processo UFF n.º 23069.163077/2025-67, resolve:</p><p>Conceder aposentadoria voluntária a RICARDO DE SA, matrícula SIAPE n.º 1097921, ocupante do cargo de Professor do Magistério Superior, código 705001, Classe C, Nível 004, do Plano de Carreiras e Cargos de Magistério Federal, do Quadro de Pessoal Permanente desta Universidade, código de vaga 240609, com fundamento no artigo 20, § 2º, Inciso I da Emenda Constitucional nº 103/19, com proventos integrais, cumulativamente com o adicional por tempo de serviço no percentual de 4% (quatro por cento), com a retribuição por titulação.</p><p class="assina">ANTONIO CLAUDIO LUCAS DA NOBREGA</p>]]></Texto>
  </body>
  <Midias />
</article></xml>