﻿<xml><article id="44201295" name="PT 653" idOficio="11110466" pubName="DO2" artType="Portaria" pubDate="01/07/2025" artClass="00047:00002:00021:00040:00014:00000:00000:00000:00000:00000:00017:00653" artCategory="Ministério da Saúde/Secretaria Executiva/Subsecretaria de Assuntos Administrativos/Superintendência Estadual do Ministério da Saúde no Rio de Janeiro/Serviço de Gestão de Pessoas" artSize="12" artNotes="" numberPage="78" pdfPage="http://pesquisa.in.gov.br/imprensa/jsp/visualiza/index.jsp?data=01/07/2025&amp;jornal=529&amp;pagina=78" editionNumber="121" highlightType="" highlightPriority="" highlight="" highlightimage="" highlightimagename="" idMateria="22815593">
  <body>
    <Identifica><![CDATA[ PORTARIA SEGEP/RJ Nº 653, DE 25 DE JUNHO DE 2025]]></Identifica>
    <Data><![CDATA[]]></Data>
    <Ementa />
    <Titulo />
    <SubTitulo />
    <Texto><![CDATA[<p class="identifica">PORTARIA SEGEP/RJ Nº 653, DE 25 DE JUNHO DE 2025</p><p>A CHEFE DO SERVIÇO DE GESTÃO DE PESSOAS, DA SUPERINTENDÊNCIA ESTADUAL DO MINISTÉRIO DA SAÚDE NO RIO DE JANEIRO, DA SUBSECRETARIA DE ASSUNTOS ADMINISTRATIVOS, DA SECRETARIA-EXECUTIVA, DO MINISTÉRIO DA SAÚDE, no uso de suas atribuições legais que lhe foram atribuídas pela PORTARIA DE PESSOAL SE/MS Nº 94, DE 01 DE fevereiro DE 2024, publicada no DOU nº 25, de 5 de fevereiro de 2024, Seção 2, página 68, e tendo em vista o que consta no processo nº 25001.014223/2024-51, resolve:</p><p>Conceder pensão ao MARCELINO EDUARDO DA COSTA, na condição de FILHO MAIOR INVÁLIDO, tendo como base o disposto nos artigos 217, inciso IV, alínea "b" e 222, inciso III, da Lei nº 8.112/90, na redação dada pela Lei nº 13.135 de 17.06.2015, em face do falecimento ocorrido em 14/10/2024 da ex-servidora IRACEMA DOS ANJOS DA COSTA, SIAPE nº 0.649.562, Auxiliar de Enfermagem, Nível Intermediário, Classe "S", Padrão III, Aposentado do Quadro de Pessoal deste Ministério, sendo a pensão calculada nos termos do parágrafo 2º do artigo 23 da Emenda Constitucional nº 103, de 13/11/2019, cabendo ao beneficiário a cota-parte de 1/1, a contar da data da do óbito da ex-servidora, devendo ser aplicado o disposto no inciso II do parágrafo 1º, bem como o disposto nos parágrafos 2º e 3º do artigo 24 da citada Emenda.</p><p class="assina">LUCILENA RODRIGUES GIESTEIRA</p>]]></Texto>
  </body>
  <Midias />
</article></xml>