﻿<xml><article id="44199968" name="DOU_PR_734" idOficio="11107991" pubName="DO2" artType="Portaria" pubDate="01/07/2025" artClass="00040:00024:00000:00000:00000:00000:00000:00000:00000:00000:00017:00000" artCategory="Ministério do Planejamento e Orçamento/Fundação Instituto Brasileiro de Geografia e Estatística" artSize="12" artNotes="" numberPage="72" pdfPage="http://pesquisa.in.gov.br/imprensa/jsp/visualiza/index.jsp?data=01/07/2025&amp;jornal=529&amp;pagina=72" editionNumber="121" highlightType="" highlightPriority="" highlight="" highlightimage="" highlightimagename="" idMateria="22811904">
  <body>
    <Identifica><![CDATA[ PORTARIA N° 734, DE 27 DE JUNHO DE 2025]]></Identifica>
    <Data><![CDATA[]]></Data>
    <Ementa />
    <Titulo />
    <SubTitulo />
    <Texto><![CDATA[<p class="identifica">PORTARIA N° 734, DE 27 DE JUNHO DE 2025</p><p>O PRESIDENTE da FUNDAÇÃO INSTITUTO BRASILEIRO DE GEOGRAFIA E ESTATÍSTICA-IBGE, usando de suas atribuições legais e regulamentares, resolve:</p><p>Declarar vago o cargo efetivo de Técnico em Informações Geográficas e Estatísticas, classe C, padrão IV, do quadro permanente desta Fundação, por motivo de posse de seu ocupante, JHONATA LUIS DE AGUIAR XAVIER, CPF nº XXX.999.704-XX, matrícula nº 2109973, no cargo inacumulável de Tecnologista em Informações Geográficas e Estatísticas, do mesmo quadro, na forma do disposto no art. 33, inciso VIII, da Lei nº 8.112/90, a partir de 01/07/2025.</p><p class="assina">MARCIO POCHMANN</p>]]></Texto>
  </body>
  <Midias />
</article></xml>