﻿<xml><article id="44199899" name="PORTARIA N 255_22611211" idOficio="10993574" pubName="DO2" artType="Portaria" pubDate="01/07/2025" artClass="00070:00004:00005:00002:00000:00000:00000:00000:00000:00000:00017:00000" artCategory="Poder Judiciário/Superior Tribunal de Justiça/Conselho da Justiça Federal/Presidência" artSize="12" artNotes="" numberPage="92" pdfPage="http://pesquisa.in.gov.br/imprensa/jsp/visualiza/index.jsp?data=01/07/2025&amp;jornal=529&amp;pagina=92" editionNumber="121" highlightType="" highlightPriority="" highlight="" highlightimage="" highlightimagename="" idMateria="22611211">
  <body>
    <Identifica><![CDATA[ PORTARIA Nº 255, DE 7 DE ABRIL DE 2025]]></Identifica>
    <Data><![CDATA[]]></Data>
    <Ementa />
    <Titulo />
    <SubTitulo />
    <Texto><![CDATA[<p class="identifica">PORTARIA Nº 255, DE 7 DE ABRIL DE 2025</p><p>O PRESIDENTE DO CONSELHO DA JUSTIÇA FEDERAL, no uso de suas atribuições legais, e tendo vista o que consta no Processo n. 0001196-35.2025.4.90.8000, resolve:</p><p>Art. 1º Conceder aposentadoria voluntária ao servidor ALBERTO VALE DE PAULA, matrícula n. 122, ocupante do cargo de Analista Judiciário, Área Apoio Especializado, Especialidade Informática, Classe "C", Padrão 13, pertencente ao quadro de pessoal do Conselho da Justiça Federal, com fundamento no art. 20, § 2°, II, e no art. 26, § 3°, I, da Emenda Constitucional n. 103, de 12 de novembro de 2019, com o benefício previsto no art. 3°, § 1°, da Lei n. 12.618, de 30 de abril de 2012, com redação dada pela Lei n. 14.463, de 26 de outubro de 2022.</p><p>Art. 2º Esta Portaria entra em vigor na data de sua publicação.</p><p class="assina">Min HERMAN BENJAMIN</p>]]></Texto>
  </body>
  <Midias />
</article></xml>