﻿<xml><article id="44200787" name="Portaria-1254-2025" idOficio="11091263" pubName="DO2" artType="Portaria" pubDate="01/07/2025" artClass="00070:00045:00001:00000:00000:00000:00000:00000:00000:00000:00017:00000" artCategory="Poder Judiciário/Tribunal Regional do Trabalho da 4ª Região/Presidência" artSize="12" artNotes="" numberPage="100" pdfPage="http://pesquisa.in.gov.br/imprensa/jsp/visualiza/index.jsp?data=01/07/2025&amp;jornal=529&amp;pagina=100" editionNumber="121" highlightType="" highlightPriority="" highlight="" highlightimage="" highlightimagename="" idMateria="22787068">
  <body>
    <Identifica><![CDATA[ PORTARIA nº 1.254, de 30 de maio de 2025]]></Identifica>
    <Data><![CDATA[]]></Data>
    <Ementa />
    <Titulo />
    <SubTitulo />
    <Texto><![CDATA[<p class="identifica">PORTARIA nº 1.254, de 30 de maio de 2025</p><p>O PRESIDENTE DO TRIBUNAL REGIONAL DO TRABALHO DA 4ª REGIÃO, no uso de suas atribuições legais e regimentais estabelecidas no inciso XIV do art. 39 do Regimento Interno, com fundamento art. 37 da Lei nº 8.112/90, com redação dada pela Lei nº 9.527/97, e considerando o que consta no Processo Administrativo nº 2.123/2025, resolve:</p><p>1. CESSAR, a contar de 01-07-2025, os efeitos da Portaria 2.117/2022, publicada no Diário Oficial da União de 02-06-2022, quanto à remoção, a pedido, da servidora ELISANDRA GONÇALEZ MARTINS, Técnico Judiciário, Área Administrativa, do Quadro de Pessoal deste Tribunal, para o Tribunal Regional do Trabalho da 21ª Região, POR PERMUTA com o servidor PAULO SERGIO DA SILVA BOBADILHA, Técnico Judiciário, Área Administrativa, pertencente ao Quadro de Pessoal daquele Tribunal.</p><p>2. REDISTRIBUIR, a contar de 01-07-2025, o cargo efetivo de Técnico Judiciário, Área Administrativa, do Quadro Permanente de Pessoal deste Tribunal, ocupado pela servidora ELISANDRA GONÇALEZ MARTINS, em reciprocidade com o cargo efetivo de Técnico Judiciário, Área Administrativa, do Quadro Permanente de Pessoal do Tribunal Regional do Trabalho da 21ª Região, ocupado pelo servidor PAULO SERGIO DA SILVA BOBADILHA, mantendo sua lotação na 2ª Vara do Trabalho de Gravataí, no exercício da função comissionada de ASSISTENTE DE SECRETARIA-DIRETOR ADJUNTO-FC05.</p><p>3. TORNAR SEM EFEITO, a contar de 01-07-2025, a Portaria nº 140, de 16-01-2025, publicada no Diário Oficial da União de 21-01-2025, que designou o servidor PAULO SÉRGIO DA SILVA BOBADILHA, ocupante do cargo de Técnico Judiciário, Área Administrativa, para exercer, em substituição, a função comissionada de DIRETOR DE SECRETARIA-CJ3, da 2ª VARA DO TRABALHO DE GRAVATAÍ, nos impedimentos legais do titular.</p><p>4. DESIGNAR, a contar da publicação, o servidor PAULO SÉRGIO DA SILVA BOBADILHA, ocupante do cargo de Técnico Judiciário, Área Administrativa, para exercer, em substituição, a função comissionada de DIRETOR DE SECRETARIA-CJ3, na 2ª VARA DO TRABALHO DE GRAVATAÍ, nos impedimentos legais do titular.</p><p class="assina">RICARDO HOFMEISTER DE ALMEIDA MARTINS COSTA</p>]]></Texto>
  </body>
  <Midias />
</article></xml>