﻿<xml><article id="44205978" name="DESPACHORFB ERITON LIMA DE OLIVE" idOficio="11111545" pubName="DO2" artType="Despacho" pubDate="01/07/2025" artClass="00028:00032:00000:00000:00000:00000:00000:00000:00000:00000:00013:00000" artCategory="Ministério da Fazenda/Secretaria Especial da Receita Federal do Brasil" artSize="12" artNotes="" numberPage="55" pdfPage="http://pesquisa.in.gov.br/imprensa/jsp/visualiza/index.jsp?data=01/07/2025&amp;jornal=529&amp;pagina=55" editionNumber="121" highlightType="" highlightPriority="" highlight="" highlightimage="" highlightimagename="" idMateria="22816903">
  <body>
    <Identifica><![CDATA[ DESPACHO DE 30 DE JUNHO DE 2025]]></Identifica>
    <Data><![CDATA[]]></Data>
    <Ementa />
    <Titulo />
    <SubTitulo />
    <Texto><![CDATA[<p class="identifica">DESPACHO DE 30 DE JUNHO DE 2025</p><p>O SECRETÁRIO ESPECIAL DA RECEITA FEDERAL DO BRASIL, tendo em vista o art. 2º do Decreto nº 1.387, de 7 de fevereiro de 1995, e no uso da competência que lhe foi delegada pelo artigo 1º da Portaria SE/MF nº 385, de 10 de maio de 2023, autoriza o afastamento do país do Auditor-Fiscal da Receita Federal do Brasil ERITON LIMA DE OLIVEIRA, matrícula nº 1303392, em exercício na Coordenação-Geral de Arrecadação e Direito Creditório e do Analista-Tributário da Receita Federal do Brasil JOSE CARLOS NOGUEIRA JUNIOR, matrícula nº 1537067, em exercício na Coordenação-Geral de Atendimento, ambos da Secretaria Especial da Receita Federal do Brasil, no período de 20 a 24 de julho de 2025, inclusive trânsito, com ônus, para participarem do Graph Summit, Receita Data - Grafo, a se realizar na cidade de Washington, Estados Unidos da América. (Processo Sei nº 18220.000807/2025-80)</p><p class="assina">ROBINSON SAKIYAMA BARREIRINHAS</p>]]></Texto>
  </body>
  <Midias />
</article></xml>