﻿<xml><article id="44200142" name="PORT_PESSOAL_DESIG_GSISTE_IARA_M" idOficio="11109952" pubName="DO2" artType="Portaria" pubDate="01/07/2025" artClass="00029:00003:00000:00000:00000:00000:00000:00000:00000:00000:00017:00001" artCategory="Ministério da Gestão e da Inovação em Serviços Públicos/Arquivo Nacional" artSize="12" artNotes="" numberPage="56" pdfPage="http://pesquisa.in.gov.br/imprensa/jsp/visualiza/index.jsp?data=01/07/2025&amp;jornal=529&amp;pagina=56" editionNumber="121" highlightType="" highlightPriority="" highlight="" highlightimage="" highlightimagename="" idMateria="22815050">
  <body>
    <Identifica><![CDATA[ PORTARIA DE PESSOAL AN/MGI Nº 165, DE 23 DE JUNHO DE 2025]]></Identifica>
    <Data><![CDATA[]]></Data>
    <Ementa />
    <Titulo />
    <SubTitulo />
    <Texto><![CDATA[<p class="identifica">PORTARIA DE PESSOAL AN/MGI Nº 165, DE 23 DE JUNHO DE 2025</p><p>A DIRETORA-GERAL ADJUNTA DO ARQUIVO NACIONAL, no uso da competência atribuída pelo Art. 16, inciso II, da Portaria MGI nº 572, de 8 de março de 2023, publicada no Diário Oficial da União de 9 de março de 2023 e Portaria AN nº 144, de 23 de fevereiro de 2024, publicada no Diário Oficial da União de 1 de março de 2024, considerando o que consta do Processo nº 08227.001676/2025-34, resolve:</p><p>Art. 1º. Designar IARA MAGALHÃES FERNANDES, matrícula SIAPE nº 3479841, para a Gratificação Temporária das Unidades dos Sistemas Estruturadores da Administração Pública Federal - GSISTE, do Sistema de Gestão de Documentos de Arquivos - SIGA, de órgão central, de Nível Superior.</p><p>Art. 2º. Esta portaria de pessoal AN entra em vigor a partir da data de sua publicação</p><p class="assina">SHEILA CHRISTINA MULLER MELLO</p>]]></Texto>
  </body>
  <Midias />
</article></xml>