﻿<xml><article id="44202231" name="PORTARIA N 513 SINC 22815858" idOficio="11110689" pubName="DO2" artType="Portaria" pubDate="01/07/2025" artClass="00044:00017:00002:00000:00000:00000:00000:00000:00000:00000:00017:00000" artCategory="Ministério da Previdência Social/Instituto Nacional do Seguro Social/Presidência" artSize="12" artNotes="" numberPage="73" pdfPage="http://pesquisa.in.gov.br/imprensa/jsp/visualiza/index.jsp?data=01/07/2025&amp;jornal=529&amp;pagina=73" editionNumber="121" highlightType="" highlightPriority="" highlight="" highlightimage="" highlightimagename="" idMateria="22815858">
  <body>
    <Identifica><![CDATA[ PORTARIA PRES/INSS N° 513, DE 30 DE JUNHO DE 2025]]></Identifica>
    <Data><![CDATA[]]></Data>
    <Ementa />
    <Titulo />
    <SubTitulo />
    <Texto><![CDATA[<p class="identifica">PORTARIA PRES/INSS N° 513, DE 30 DE JUNHO DE 2025</p><p>O PRESIDENTE DO INSTITUTO NACIONAL DO SEGURO SOCIAL - INSS, no uso das atribuições que lhe confere o Decreto nº 10.995, de 14 de março de 2022, e considerando a subdelegação de competência de que trata a Portaria MPS nº 1.109, de 6 de maio de 2025, bem como o contido no Processo Administrativo nº 00695.000897/2025-67, resolve:</p><p>Designar ALINE APARECIDA DE PAULA, matrícula nº 2.264.579, CPF nº ***.590.426-**, para exercer a Função Comissionada Executiva de Coordenadora de Ações Judiciais, código FCE 1.10, da Subprocuradoria-Geral da Procuradoria Federal Especializada junto ao INSS.</p><p class="assina">GILBERTO WALLER JUNIOR</p>]]></Texto>
  </body>
  <Midias />
</article></xml>