﻿<xml><article id="44199929" name="Port. VPC - 5624" idOficio="11091720" pubName="DO2" artType="Portaria" pubDate="01/07/2025" artClass="00025:00110:00001:00000:00000:00000:00000:00000:00000:00000:00017:00001" artCategory="Ministério da Educação/Universidade Federal de Minas Gerais/Reitoria" artSize="12" artNotes="" numberPage="37" pdfPage="http://pesquisa.in.gov.br/imprensa/jsp/visualiza/index.jsp?data=01/07/2025&amp;jornal=529&amp;pagina=37" editionNumber="121" highlightType="" highlightPriority="" highlight="" highlightimage="" highlightimagename="" idMateria="22787641">
  <body>
    <Identifica><![CDATA[ PORTARIA Nº 5.624, DE 11 DE JUNHO DE 2025]]></Identifica>
    <Data><![CDATA[]]></Data>
    <Ementa />
    <Titulo />
    <SubTitulo />
    <Texto><![CDATA[<p class="identifica">PORTARIA Nº 5.624, DE 11 DE JUNHO DE 2025</p><p>A Reitora da Universidade Federal de Minas Gerais, no uso de suas atribuições, considerando os termos do artigo 33, inciso VIII da Lei nº 8.112/90, bem como a documentação que instrui o Processo nº 23072.235967/2025-29, resolve:</p><p>Declarar vago, a partir de 01/07/2025, o cargo de Técnico em Contabilidade, ocupado por Vanderson Ribeiro Gonçalves, matrícula SIAPE nº 3391438, lotado no Departamento de Contabilidade e Finanças, em virtude de posse em outro cargo inacumulável.</p><p class="assina">SANDRA REGINA GOULART ALMEIDA</p>]]></Texto>
  </body>
  <Midias />
</article></xml>