﻿<xml><article id="44201127" name="PORTARIA N 36 SINC 22815498" idOficio="11110353" pubName="DO2" artType="Portaria" pubDate="01/07/2025" artClass="00035:00001:00000:00000:00000:00000:00000:00000:00000:00000:00017:00000" artCategory="Ministério de Minas e Energia/Gabinete do Ministro" artSize="12" artNotes="" numberPage="70" pdfPage="http://pesquisa.in.gov.br/imprensa/jsp/visualiza/index.jsp?data=01/07/2025&amp;jornal=529&amp;pagina=70" editionNumber="121" highlightType="" highlightPriority="" highlight="" highlightimage="" highlightimagename="" idMateria="22815498">
  <body>
    <Identifica><![CDATA[ PORTARIA GM/MME Nº 36, DE 30 DE JUNHO DE 2025]]></Identifica>
    <Data><![CDATA[]]></Data>
    <Ementa />
    <Titulo />
    <SubTitulo />
    <Texto><![CDATA[<p class="identifica">PORTARIA GM/MME Nº 36, DE 30 DE JUNHO DE 2025</p><p>O CHEFE DE GABINETE DO MINISTRO DE ESTADO DE MINAS E ENERGIA, Substituto, no uso da competência outorgada pela Portaria MME nº 121, de 11 de fevereiro de 2019, resolve:</p><p>Nomear LORRAYNE CRISTIAN MARQUES TORRES, para exercer o Cargo Comissionado Executivo de Coordenadora de Desenvolvimento e Seguridade Social da Coordenação-Geral de Gestão de Pessoas, da Subsecretaria de Planejamento, Orçamento e Administração, da Secretária-Executiva, código CCE 1.10.</p><p class="assina">BRENNO LEOPOLDO CAVALCANTE DE PAULA</p>]]></Texto>
  </body>
  <Midias />
</article></xml>