﻿<xml><article id="44205408" name="Port nA 12 - APG_SEF de 26 JUN 2" idOficio="11111397" pubName="DO2" artType="Portaria" pubDate="01/07/2025" artClass="00016:00011:00033:00000:00000:00000:00000:00000:00000:00000:00017:00000" artCategory="Ministério da Defesa/Comando do Exército/Secretaria de Economia e Finanças" artSize="12" artNotes="" numberPage="17" pdfPage="http://pesquisa.in.gov.br/imprensa/jsp/visualiza/index.jsp?data=01/07/2025&amp;jornal=529&amp;pagina=17" editionNumber="121" highlightType="" highlightPriority="" highlight="" highlightimage="" highlightimagename="" idMateria="22816772">
  <body>
    <Identifica><![CDATA[ PORTARIA Nº 12-APG/SEF, DE 26 DE JUNHO DE 2025]]></Identifica>
    <Data><![CDATA[]]></Data>
    <Ementa />
    <Titulo />
    <SubTitulo />
    <Texto><![CDATA[<p class="identifica">PORTARIA Nº 12-APG/SEF, DE 26 DE JUNHO DE 2025</p><p>O SECRETÁRIO DE ECONOMIA E FINANÇAS, no uso da competência que lhe foi conferida pelo inciso III do § 1º do art. 6º da Portaria do Comandante do Exército nº 218, de 20 de março de 2017, resolve:</p><p>1 - NOMEAR,</p><p>o Coronel da Reserva Remunerada (019475633-4) MARLOS MAGNO FERNANDES SILVA, Prec-CP: 96 1868785, na Secretaria de Economia e Finanças (Brasília-DF), para Prestador de Tarefa por Tempo Certo, para exercer a tarefa de Assessor de Movimentação de Pessoal da Assessoria de Planejamento e Gestão da SEF - Divisão de Recursos Humanos (APG1/DRH), pelo prazo de 24 (vinte e quatro) meses, a partir de 1º de julho de 2025.</p><p class="assina">Gen Ex LUCIANO GUILHERME CABRAL PINHEIRO</p>]]></Texto>
  </body>
  <Midias />
</article></xml>