﻿<xml><article id="44204355" name="PORTARIA N 219_22816490" idOficio="11111171" pubName="DO2" artType="Portaria" pubDate="01/07/2025" artClass="00025:00115:00001:00000:00000:00000:00000:00000:00000:00000:00017:00000" artCategory="Ministério da Educação/Universidade Federal da Paraíba/Reitoria" artSize="12" artNotes="" numberPage="38" pdfPage="http://pesquisa.in.gov.br/imprensa/jsp/visualiza/index.jsp?data=01/07/2025&amp;jornal=529&amp;pagina=38" editionNumber="121" highlightType="" highlightPriority="" highlight="" highlightimage="" highlightimagename="" idMateria="22816490">
  <body>
    <Identifica><![CDATA[ PORTARIA N° 219, DE 20 DE JUNHO DE 2025]]></Identifica>
    <Data><![CDATA[]]></Data>
    <Ementa />
    <Titulo />
    <SubTitulo />
    <Texto><![CDATA[<p class="identifica">PORTARIA N° 219, DE 20 DE JUNHO DE 2025</p><p>A REITORA DA UNIVERSIDADE FEDERAL DA PARAÍBA, no uso de suas atribuições conferidas pelo Artigo 38, inciso IX, do Estatuto da UFPB, e tendo em vista o que consta no Processo nº 23074.045541/2025-20, resolve:</p><p>Conceder aposentadoria voluntária à servidora, RENATA PATRICIA LIMA JERONYMO MOREIRA PINTO, matrícula SIAPE nº 1022323, ocupante do cargo de PROFESSOR DO MAGISTÉRIO SUPERIOR, Classe D, Padrão de Vencimento 1, com o adicional de tempo de serviço de 5%, pertencente ao Quadro Permanente de Pessoal desta Universidade, com lotação no CCEN - DEPARTAMENTO DE ESTATÍSTICA, de acordo com o art. 3º da Emenda Constitucional nº 47/2005, combinado com o art. 3º da Emenda Constitucional nº 103/2019.</p><p class="assina">TEREZINHA DOMICIANO DANTAS MARTINS</p>]]></Texto>
  </body>
  <Midias />
</article></xml>