﻿<xml><article id="44200550" name="COM0013534_2025" idOficio="11099027" pubName="DO2" artType="Ato" pubDate="01/07/2025" artClass="00035:00056:00051:00000:00000:00000:00000:00000:00000:00000:00001:00000" artCategory="Ministério de Minas e Energia/Petróleo Brasileiro S.A./Gerência Setorial de Publicidade e Mídia" artSize="12" artNotes="" numberPage="71" pdfPage="http://pesquisa.in.gov.br/imprensa/jsp/visualiza/index.jsp?data=01/07/2025&amp;jornal=529&amp;pagina=71" editionNumber="121" highlightType="" highlightPriority="" highlight="" highlightimage="" highlightimagename="" idMateria="22799352">
  <body>
    <Identifica><![CDATA[ ATO PBR Nº 25.071, DE 20 DE JUNHO DE 2025]]></Identifica>
    <Data><![CDATA[]]></Data>
    <Ementa />
    <Titulo />
    <SubTitulo />
    <Texto><![CDATA[<p class="identifica">ATO PBR Nº 25.071, DE 20 DE JUNHO DE 2025</p><p>A Presidente da Petróleo Brasileiro S.A - Petrobras, no uso de suas atribuições conferidas pelo art. 8º, caput e § 1º da Lei nº 12.846/2013, e art. 4º, § único do Decreto nº 11.129/2022, revoga os efeitos do despacho ao documento nº PBR-2023-0068754, de 20 de dezembro de 2023, publicado em forma de extrato no Diário Oficial, nº 2, seção 2, página 30, em 03/01/2024, e decide:</p><p>1. DELEGAR ao Gerente Executivo de Responsabilização Disciplinar (RD) as atribuições previstas na Lei nº 12.846/2013 para atuar como autoridade instauradora do Processo Administrativo de Responsabilização da Petrobras (PAR) e decidir, ao tomar ciência de possível ato lesivo, pelo arquivamento da matéria ou pela instauração do PAR. 2. DELEGAR ao Gerente Executivo de Responsabilização Disciplinar (RD) as atribuições previstas no art. 10º, § 2º, da Lei nº 12.846/2013, para decidir acerca da proposta de suspensão cautelar do ato, contrato, processo ou procedimento objeto do PAR. Em se tratando de cautelar de suspensão do direito de participar de licitação e de contratar com a Petrobras, caberá ao Gerente Executivo de Responsabilização Disciplinar e ao Gerente Executivo de Suprimentos, de forma conjunta, analisarem e deliberarem sobre a medida. 3. DELEGAR ao Comitê de Integridade da Petrobras (CI) as atribuições previstas na Lei nº 12.846/2013 para atuar como autoridade julgadora do Processo Administrativo de Responsabilização da Petrobras (PAR) de forma colegiada, decidindo pela aplicação das sanções previstas em Lei ou pelo arquivamento do PAR e analisando os respectivos pedidos de reconsiderações apresentados. 4. DELEGAR ao Gerente Executivo de Conformidade (CONF) as atribuições descritas nos itens 1 e 2 dessa delegação, nos casos específicos em que o Gerente Executivo de Responsabilização Disciplinar (RD) estiver impedido ou conflitado para atuar, na forma da lei. Esta delegação permanecerá vigente até revogação ou manifestação formal em sentido contrário pela autoridade delegante.</p><p class="assina">Magda Chambriard</p>]]></Texto>
  </body>
  <Midias />
</article></xml>