﻿<xml><article id="44205366" name="Portaria 30.06.25 rtf" idOficio="11111380" pubName="DO2" artType="Portaria" pubDate="01/07/2025" artClass="00040:00024:00011:00005:00000:00000:00000:00000:00000:00000:00017:00000" artCategory="Ministério do Planejamento e Orçamento/Fundação Instituto Brasileiro de Geografia e Estatística/Diretoria Executiva/Coordenação de Recursos Humanos" artSize="12" artNotes="" numberPage="72" pdfPage="http://pesquisa.in.gov.br/imprensa/jsp/visualiza/index.jsp?data=01/07/2025&amp;jornal=529&amp;pagina=72" editionNumber="121" highlightType="" highlightPriority="" highlight="" highlightimage="" highlightimagename="" idMateria="22816757">
  <body>
    <Identifica><![CDATA[ PORTARIAS DE 30 DE JUNHO DE 2025]]></Identifica>
    <Data><![CDATA[]]></Data>
    <Ementa />
    <Titulo />
    <SubTitulo />
    <Texto><![CDATA[<p class="identifica">PORTARIAS DE 30 DE JUNHO DE 2025</p><p>O COORDENADOR DE RECURSOS HUMANOS, no uso da competência que lhe foi atribuída pelo Art. 8º da Portaria PR/IBGE Nº 418, de 27 de Março de 2024, resolve:</p><p>Nº 124 Conceder aposentadoria ao servidor ADEMIR DOS SANTOS DE MENDONÇA, matrícula nº 766864, ocupante do cargo efetivo de Técnico em Informações Geográficas e Estatísticas, Classe C, Padrão VI, do Quadro Permanente desta Fundação, com percepção de proventos integrais, de acordo com o Art. 20, §2º, Inciso I da Emenda Constitucional nº 103/2019. Código 049034. Declarar vago o referido cargo. (Processo Nº 03602.000108/2025-78).</p><p>Nº 125 Conceder aposentadoria à servidora ANGELICA MARIA PIRES DA EUFRAZIA, matrícula nº 764588, ocupante do cargo efetivo de Técnico em Informações Geográficas e Estatísticas, Classe S, Padrão III, do Quadro Permanente desta Fundação, com percepção de proventos integrais, de acordo com o Art. 3º da Emenda Constitucional nº 47/05 c/c art. 3º caput e §1º da Emenda Constitucional nº 103/2019. Código 049010. Declarar vago o referido cargo. (Processo Nº 03633.000323/2025-10).</p><p>Nº 126 Conceder aposentadoria ao servidor ANTONIO CARLOS DA SILVA ALMEIDA, matrícula nº 1576876, ocupante do cargo efetivo de Técnico em Informações Geográficas e Estatísticas, Classe S, Padrão III, do Quadro Permanente desta Fundação, com percepção de proventos integrais, de acordo com o Art. 20, §2º, Inciso I da Emenda Constitucional nº 103/2019. Código 049034. Declarar vago o referido cargo. (Processo Nº 03607.000062/2025-47).</p><p>Nº 127 Conceder aposentadoria ao servidor JOSE CARLOS SANTANA, matrícula nº 769506, ocupante do cargo efetivo de Técnico em Informações Geográficas e Estatísticas, Classe S, Padrão III, do Quadro Permanente desta Fundação, com percepção de proventos integrais, de acordo com o Art. 10, §1º, Inciso I da Emenda Constitucional nº 103/2019 e acrescido da Vantagem Pessoal Nominalmente Identificada - VPNI, Art. 62-A da Lei nº 8.112/90. Código 049027. Declarar vago o referido cargo. (Processo Nº 03652.000153/2025-37).</p><p>Nº 128 Conceder aposentadoria à servidora LETICIA MARIA BRANDÃO E SOUZA, matrícula nº 1372650, ocupante do cargo efetivo de Analista de Planejamento, Gestão e Infraestrutura em Informações Geográficas e Estatísticas, Classe S, Padrão III, do Quadro Permanente desta Fundação, com percepção de proventos integrais, de acordo com o Art. 20, §2º, Inciso I da Emenda Constitucional nº 103/2019. Código 049034. Declarar vago o referido cargo. (Processo Nº 03606.000095/2025-05).</p><p>Nº 129 Conceder aposentadoria ao servidor MARCIO DE PAULA COUTINHO, matrícula nº 763961, ocupante do cargo efetivo de Técnico em Informações Geográficas e Estatísticas, Classe S, Padrão III, do Quadro Permanente desta Fundação, com percepção de proventos integrais, de acordo com o Art. 20, §2º, Inciso I da Emenda Constitucional nº 103/2019. Código 049034. Declarar vago o referido cargo. (Processo Nº 03602.000107/2025-23).</p><p>Nº 130 Conceder aposentadoria à servidora MARIA DA PAZ SOLANO DE ALBUQUERQUE MELO, matrícula nº 774058, ocupante do cargo efetivo de Tecnologista de Planejamento, Gestão e Infraestrutura em Informações Geográficas e Estatísticas, Classe S, Padrão III, do Quadro Permanente desta Fundação, com percepção de proventos integrais, de acordo com o Art. 3º da Emenda Constitucional nº 47/05 c/c art. 3º caput e §1º da Emenda Constitucional nº 103/2019. Código 049010. Declarar vago o referido cargo. (Processo Nº 03626.000298/2025-55).</p><p>Nº 131 Conceder aposentadoria à servidora MARIA DE JESUS GUIMARÃES, matrícula nº 769823, ocupante do cargo efetivo de Técnico em Informações Geográficas e Estatísticas, Classe S, Padrão III, do Quadro Permanente desta Fundação, com percepção de proventos integrais, de acordo com o Art. 3º da Emenda Constitucional nº 47/05 c/c art. 3º caput e §1º da Emenda Constitucional nº 103/2019. Código 049010. Declarar vago o referido cargo. (Processo Nº 03621.000122/2025-43).</p><p>Nº 132 Conceder aposentadoria à servidora MIRES AKEMI OGASAWARA, matrícula nº 1344682, ocupante do cargo efetivo de Analista de Planejamento, Gestão e Infraestrutura em Informações Geográficas e Estatísticas, Classe S, Padrão III, do Quadro Permanente desta Fundação, com percepção de proventos integrais, de acordo com o Art. 20, §2º, Inciso I da Emenda Constitucional nº 103/2019. Código 049034. Declarar vago o referido cargo. (Processo Nº 03635.000648/2025-74).</p><p>Nº 133 Conceder aposentadoria ao servidor PAULO CESAR BERTOLI, matrícula nº 774369, ocupante do cargo efetivo de Tecnologista de Planejamento, Gestão e Infraestrutura em Informações Geográficas e Estatísticas, Classe S, Padrão III, do Quadro Permanente desta Fundação, com percepção de proventos integrais, de acordo com o Art. 20, §2º, Inciso I da Emenda Constitucional nº 103/2019 e acrescido da Vantagem Pessoal Nominalmente Identificada - VPNI, Art. 62-A da Lei nº 8.112/90. Código 049034. Declarar vago o referido cargo. (Processo Nº 03635.000269/2025-84).</p><p>Nº 134 Conceder aposentadoria à servidora SELY BATISTA CAVALCANTE, matrícula nº 770809, ocupante do cargo efetivo de Técnico em Informações Geográficas e Estatísticas, Classe S, Padrão III, do Quadro Permanente desta Fundação, com percepção de proventos integrais, de acordo com o Art. 20, §2º, Inciso I da Emenda Constitucional nº 103/2019. Código 049034. Declarar vago o referido cargo. (Processo Nº 03635.000647/2025-20).</p><p>Nº 135 Conceder aposentadoria ao servidor TEOFILO DE OLIVEIRA E SOUZA FILHO, matrícula nº 1343683, ocupante do cargo efetivo de Analista de Planejamento, Gestão e Infraestrutura em Informações Geográficas e Estatísticas, Classe S, Padrão III, do Quadro Permanente desta Fundação, com percepção de proventos integrais, de acordo com o Art. 4º, §6º, Inciso I e §8º da Emenda Constitucional nº 103/2019. Código 049023. Declarar vago o referido cargo. (Processo Nº 03606.000093/2025-16).</p><p>Nº 136 Conceder aposentadoria ao servidor WALDEVINO FERREIRA MATINADA, matrícula nº 774937, ocupante do cargo efetivo de Técnico em Informações Geográficas e Estatísticas, Classe S, Padrão III, do Quadro Permanente desta Fundação, com percepção de proventos integrais, de acordo com o Art. 10, §1º, Inciso I da Emenda Constitucional nº 103/2019. Código 049027. Declarar vago o referido cargo. (Processo Nº 03652.000144/2025-46).</p><p class="assina">BRUNO TARANTO MALHEIROS</p>]]></Texto>
  </body>
  <Midias />
</article></xml>