﻿<xml><article id="44203362" name="Portaria_MARCIA CRISTINA BERNARD" idOficio="11110930" pubName="DO2" artType="Portaria" pubDate="01/07/2025" artClass="00025:00120:00005:00000:00000:00000:00000:00000:00000:00000:00017:00001" artCategory="Ministério da Educação/Universidade Federal do Rio Grande do Sul/Pró-Reitoria de Gestão de Pessoas" artSize="12" artNotes="" numberPage="42" pdfPage="http://pesquisa.in.gov.br/imprensa/jsp/visualiza/index.jsp?data=01/07/2025&amp;jornal=529&amp;pagina=42" editionNumber="121" highlightType="" highlightPriority="" highlight="" highlightimage="" highlightimagename="" idMateria="22816181">
  <body>
    <Identifica><![CDATA[ PORTARIAS de 27 DE JUNHO DE 2025]]></Identifica>
    <Data><![CDATA[]]></Data>
    <Ementa />
    <Titulo />
    <SubTitulo />
    <Texto><![CDATA[<p class="identifica">PORTARIAS de 27 DE JUNHO DE 2025</p><p>A Reitora DA UNIVERSIDADE FEDERAL DO RIO GRANDE DO SUL, no uso de suas atribuições legais e estatutárias, resolve:</p><p>Nº 4.341 - Nomear, em caráter efetivo, FERNANDA FRIZZO BRAGATO, em virtude de habilitação em Concurso Público de Provas e Títulos, conforme Edital Nº 53/2024 de 15 de Agosto de 2024 homologado em 16 de agosto de 2024 e de acordo com os artigos 9º, item I e 10 da Lei nº 8.112, de 11 de dezembro de 1990 e Lei 12.772, de 28 de dezembro de 2012, com redação dada pela Lei 12.863, de 24 de setembro de 2013, publicada no Diário Oficial da União de 25 de setembro de 2013, para o cargo de Professor do Magistério Superior do Plano de Carreiras e Cargos do Magistério Federal, na Classe A/Assistente, Nível I, com doutorado, do Quadro de Pessoal desta Universidade, em regime de trabalho de DE (Dedicação Exclusiva), junto ao Departamento de Direito Público e Filosofia do Direito da Faculdade de Direito, na área de Direito, Subárea: Direito Constitucional, em vaga decorrente de Criação de Cargos, código nº 935207, ocorrida em 07/05/2025, conforme Portaria nº. PORTARIA MEC Nº 365 de 05/05/2025, publicada no Diário Oficial da União de 07/05/2025. Processo nº. 23078.536984/2023-69.</p><p>Nº 4.342 - Nomear, em caráter efetivo, MARCELO SCHENK DUQUE, em virtude de habilitação em Concurso Público de Provas e Títulos, conforme Edital Nº 53/2024 de 15 de agosto de 2024 homologado em 16 de agosto de 2024 e de acordo com os artigos 9º, item I e 10 da Lei nº 8.112, de 11 de dezembro de 1990 e Lei 12.772, de 28 de dezembro de 2012, com redação dada pela Lei 12.863, de 24 de setembro de 2013, publicada no Diário Oficial da União de 25 de setembro de 2013, para o cargo de Professor do Magistério Superior do Plano de Carreiras e Cargos do Magistério Federal, na Classe A/Assistente, Nível I, com doutorado, do Quadro de Pessoal desta Universidade, em regime de trabalho de DE (Dedicação Exclusiva), junto ao Departamento de Direito Público e Filosofia do Direito da Faculdade de Direito, na área de Direito, Subárea: Direito Constitucional, em vaga decorrente de Criação de Cargos, código nº 935206, ocorrida em 07/05/2025, conforme Portaria nº. PORTARIA MEC Nº 365 de 05/05/2025, publicada no Diário Oficial da União de 07/05/2025. Processo nº. 23078.536984/2023-69.</p><p class="assina">MARCIA CRISTINA BERNARDES BARBOSA</p>]]></Texto>
  </body>
  <Midias />
</article></xml>