﻿<xml><article id="44201238" name="trt235352" idOficio="11110429" pubName="DO2" artType="Ato" pubDate="01/07/2025" artClass="00070:00065:00000:00000:00000:00000:00000:00000:00000:00000:00001:00000" artCategory="Poder Judiciário/Tribunal Regional do Trabalho da 23ª Região" artSize="12" artNotes="" numberPage="104" pdfPage="http://pesquisa.in.gov.br/imprensa/jsp/visualiza/index.jsp?data=01/07/2025&amp;jornal=529&amp;pagina=104" editionNumber="121" highlightType="" highlightPriority="" highlight="" highlightimage="" highlightimagename="" idMateria="22815541">
  <body>
    <Identifica><![CDATA[ ATO TRT/DG/GP Nº 60, de 30 de junho de 2025]]></Identifica>
    <Data><![CDATA[]]></Data>
    <Ementa />
    <Titulo />
    <SubTitulo />
    <Texto><![CDATA[<p class="identifica">ATO TRT/DG/GP Nº 60, de 30 de junho de 2025</p><p>A DESEMBARGADORA DO TRABALHO ADENIR ALVES DA SILVA CARRUESCO, PRESIDENTEA DO TRIBUNAL REGIONAL DO TRABALHO DA 23ª REGIÃO, no uso de suas atribuições contidas no Regimento Interno, e considerando o contido no PROAD - 8007/2025, resolve:</p><p>I - Conceder aposentadoria voluntária ao servidor Cláudio Rodrigues Moreira, no cargo de Auxiliar Administrativo, Área Administrativa, Especialidade Edificações e Metalurgia, classe "C", padrão "13", com fundamento nos art. 4º da EC n. 103/2019, com proventos de aposentadoria correspondentes à totalidade da remuneração recebida no referido cargo, composta pelo vencimento do cargo nas aludidas classe e padrão, gratificação judiciária de 140% e gratificação por tempo de serviço de 5%, ambas incidentes sobre o valor do vencimento básico, reajustados nas mesmas proporção e data que ocorrerem modificações da remuneração dos servidores em atividade, conforme dispõe o art. 4º, §§ 6º, I e § 8º da EC n. 103/209 c/c art. 7º da EC n. 41/2003.</p><p>II - Este Ato produzirá seus efeitos a partir da publicação.</p><p class="assina">ADENIR ALVES DA SILVA CARRUESCO</p>]]></Texto>
  </body>
  <Midias />
</article></xml>