﻿<xml><article id="44205042" name="DOU2-PRR5-1-PT-71-UNI-PRR5A-0001" idOficio="11111333" pubName="DO2" artType="Portaria" pubDate="01/07/2025" artClass="00066:00008:00023:00000:00000:00000:00000:00000:00000:00000:00017:00071" artCategory="Ministério Público da União/Ministério Público Federal/Procuradoria Regional da República da 5ª Região" artSize="12" artNotes="" numberPage="84" pdfPage="http://pesquisa.in.gov.br/imprensa/jsp/visualiza/index.jsp?data=01/07/2025&amp;jornal=529&amp;pagina=84" editionNumber="121" highlightType="" highlightPriority="" highlight="" highlightimage="" highlightimagename="" idMateria="22816694">
  <body>
    <Identifica><![CDATA[ PORTARIA Nº 71, DE 27 DE JUNHO DE 2025]]></Identifica>
    <Data><![CDATA[]]></Data>
    <Ementa />
    <Titulo />
    <SubTitulo />
    <Texto><![CDATA[<p class="identifica">PORTARIA Nº 71, DE 27 DE JUNHO DE 2025</p><p>O PROCURADOR-CHEFE REGIONAL DA PROCURADORIA REGIONAL DA REPÚBLICA DA 5a REGIÃO, no exercício das funções estabelecidas no artigo 56, inciso VI, do Regimento Interno Diretivo do Ministério Público Federal, instituído por meio da Portaria PGR no 357, de 5 de maio de 2015, e considerando o expediente PRR5ª-00010548/2025, resolve:</p><p>Art. 1º Dispensar ANNA EMÍLIA GADELHA RESENDE, ocupante do cargo de Analista do MPU/Direito, matrícula nº 31646-6, da função de confiança de Secretária Nível II, FC-2, do gabinete do Procurador Regional da República ANTÔNIO CARLOS DE VASCONCELLOS COELHO BARRETO CAMPELLO (GABPRR19-ACVCBC), da Procuradoria Regional da República da 5ª Região.</p><p>Art. 2º Designar BRUNO MACÊDO MENDONÇA, ocupante do cargo de Analista do MPU/Direito, matrícula nº 27603-1, para exercer a função de confiança de Secretário Nível II, FC-2, do gabinete do Procurador Regional da República ANTÔNIO CARLOS DE VASCONCELLOS COELHO BARRETO CAMPELLO (GABPRR19-ACVCBC), da Procuradoria Regional da República da 5ª Região.</p><p>Art. 3º Esta portaria entra em vigor na data de sua publicação.</p><p class="assina">RAFAEL RIBEIRO NOGUEIRA FILHO</p>]]></Texto>
  </body>
  <Midias />
</article></xml>