﻿<xml><article id="44204697" name="EXTRATO PORTARIA_ Ordenadores de" idOficio="11111237" pubName="DO2" artType="Portaria" pubDate="01/07/2025" artClass="00025:00055:00001:00000:00000:00000:00000:00000:00000:00000:00017:00002" artCategory="Ministério da Educação/Instituto Federal de Educação, Ciência e Tecnologia do Amapá/Reitoria" artSize="12" artNotes="" numberPage="22" pdfPage="http://pesquisa.in.gov.br/imprensa/jsp/visualiza/index.jsp?data=01/07/2025&amp;jornal=529&amp;pagina=22" editionNumber="121" highlightType="" highlightPriority="" highlight="" highlightimage="" highlightimagename="" idMateria="22816561">
  <body>
    <Identifica><![CDATA[ PORTARIAs DE 30 JUNHO DE 2025]]></Identifica>
    <Data><![CDATA[]]></Data>
    <Ementa />
    <Titulo />
    <SubTitulo />
    <Texto><![CDATA[<p class="identifica">PORTARIAs DE 30 JUNHO DE 2025</p><p>A REITORA EM EXERCÍCIO DO INSTITUTO FEDERAL DE EDUCAÇÃO, CIÊNCIA E TECNOLOGIA DO AMAPÁ, no uso de suas atribuições legais que foram delegadas pela Portaria n° 76/2025 - GAB/RE/IFAP de 17 de janeiro de 2025, publicado no DOU n° 13, seção 2, página 16, em 20 de janeiro de 2025, em atendimento ao Ofício n° 1/2025 - SECGAB-PTG/DIGERAL-PTG/PTG/IFAP, resolve:</p><p>Nº 1.464 - Art. 1º Designar SUELIQUE DE SOUZA QUEIROZ, Siape n° 3474052, ocupante do cargo efetivo de Técnica de Laboratório, para responder como Ordenadora de Despesas do Campus Porto Grande, no período de 14 a 23/7/2025, por motivo de férias do titular.</p><p>Art. 2º Cumpra-se, dê-se ciência e publique-se.</p><p>Nº 1.465 - Art. 1º Designar ROBERTO JUNIOR DE ALMEIDA CAMPOS, Siape n° 3421109, ocupante do cargo efetivo de Professor do Ensino Básico, Técnico e Tecnológico, para responder como Ordenador de Despesas do Campus Porto Grande, no período de 24/7 a 2/8/2025, por motivo de férias do titular.</p><p>Art. 2º Cumpra-se, dê-se ciência e publique-se.</p><p>Nº 1.466 - Art. 1º Designar ALESSANDRA DOS SANTOS BELO REIS, Siape n° 3294296, ocupante do cargo efetivo de Professora do Ensino Básico, Técnico e Tecnológico, para responder como Ordenadora de Despesas do Campus Porto Grande, no período de 3 a 12/8/2025, por motivo de férias do titular.</p><p>Art. 2º Cumpra-se, dê-se ciência e publique-se.</p><p class="assina">JULIANA EVELINE DOS SANTOS FARIAS</p>]]></Texto>
  </body>
  <Midias />
</article></xml>