﻿<xml><article id="44201559" name="30.06..2025 - CGGP - 199" idOficio="11110511" pubName="DO2" artType="Portaria" pubDate="01/07/2025" artClass="00043:00020:00137:00053:00000:00000:00000:00000:00000:00000:00017:00000" artCategory="Ministério dos Povos Indígenas/Fundação Nacional dos Povos Indígenas/Diretoria de Administração e Gestão/Coordenação-Geral de Gestão de Pessoas" artSize="12" artNotes="" numberPage="73" pdfPage="http://pesquisa.in.gov.br/imprensa/jsp/visualiza/index.jsp?data=01/07/2025&amp;jornal=529&amp;pagina=73" editionNumber="121" highlightType="" highlightPriority="" highlight="" highlightimage="" highlightimagename="" idMateria="22815665">
  <body>
    <Identifica><![CDATA[ PORTARIA DE PESSOAL CGGP/FUNAI Nº 199, DE 27 DE JUNHO DE 2025]]></Identifica>
    <Data><![CDATA[]]></Data>
    <Ementa />
    <Titulo />
    <SubTitulo />
    <Texto><![CDATA[<p class="identifica">PORTARIA DE PESSOAL CGGP/FUNAI Nº 199, DE 27 DE JUNHO DE 2025</p><p>A COORDENADORA-GERAL DE GESTÃO DE PESSOAS DA FUNDAÇÃO NACIONAL DOS POVOS INDÍGENAS - FUNAI, no uso das atribuições que lhe são conferidas pela Portaria nº 991/PRES, de 07 de maio de 2024, publicada no Diário Oficial da União nº 89, de 09 de maio de 2024, e tendo em vista o que consta no Processo nº 08743.000311/2025-53, resolve:</p><p>Art. 1º Aposentar o servidor WALTER ARAUJO CRUZ, matrícula nº 0445910, ocupante do cargo de Técnico em Agricultura e Pecuária, NI-S-V, do Quadro de Pessoal da Fundação Nacional dos Povos Indígenas-FUNAI, lotado na Coordenação Técnica Local em Gurupi I-TO, subordinada à Coordenação Regional Araguaia Tocantins-TO, com fundamento no art. 20, § 2º, inciso I da Emenda Constitucional nº 103/2019, acrescidos da vantagem do artigo 62-A da Lei nº 8.112/1990.</p><p>Art. 2º Declarar vago o cargo ocupado pelo servidor, nos termos do art. 33, inciso VII da Lei nº 8.112/1990.</p><p>Art. 3º Esta Portaria entra em vigor na data de sua publicação.</p><p class="assina">POLLIANA FIGUEIROA LIEBICH</p>]]></Texto>
  </body>
  <Midias />
</article></xml>