﻿<xml><article id="44201487" name="Portaria Nr 3 - SPMil - Agregaca" idOficio="11110500" pubName="DO2" artType="Portaria" pubDate="01/07/2025" artClass="00016:00011:00009:00008:00000:00000:00000:00000:00000:00000:00017:00000" artCategory="Ministério da Defesa/Comando do Exército/Comando Militar do Leste/1ª Região Militar" artSize="12" artNotes="" numberPage="15" pdfPage="http://pesquisa.in.gov.br/imprensa/jsp/visualiza/index.jsp?data=01/07/2025&amp;jornal=529&amp;pagina=15" editionNumber="121" highlightType="" highlightPriority="" highlight="" highlightimage="" highlightimagename="" idMateria="22815674">
  <body>
    <Identifica><![CDATA[ PORTARIA Nº 3 - SPMil - 1ª RM, DE 25 DE JUNHO DE 2025]]></Identifica>
    <Data><![CDATA[]]></Data>
    <Ementa />
    <Titulo />
    <SubTitulo />
    <Texto><![CDATA[<p class="identifica">PORTARIA Nº 3 - SPMil - 1ª RM, DE 25 DE JUNHO DE 2025</p><p>O COMANDANTE DA 1ª REGIÃO MILITAR, no uso da competência que lhe foi subdelegada pelo Comandante do Exército, pela Portaria nº 1.994, de 12 de junho de 2023, resolve:</p><p>AGREGAR À FORÇA</p><p>O Aluno (012.661.687-9) VINICIUS RAMOS DE MENEZES COSTA DA SILVA, do Centro de Preparação de Oficiais da Reserva do Rio de Janeiro/RJ, a contar de 28 de abril de 2025, de acordo com o inciso I do Art. 82, da Lei nº 6.880, de 9 de dezembro de 1980, por ter sido julgado incapaz temporariamente, após 1 (um) ano contínuo de tratamento.</p><p class="assina">Gen Div CARLOS DUARTE PONTUAL DE LEMOS</p>]]></Texto>
  </body>
  <Midias />
</article></xml>