﻿<xml><article id="44203245" name="Portaria 407 e 408 - DG" idOficio="11110909" pubName="DO2" artType="Portaria" pubDate="01/07/2025" artClass="00066:00009:00002:00002:00000:00000:00000:00000:00000:00000:00017:00000" artCategory="Ministério Público da União/Ministério Público Militar/Procuradoria-Geral de Justiça Militar/Secretaria da Procuradoria-Geral de Justiça Militar" artSize="12" artNotes="" numberPage="86" pdfPage="http://pesquisa.in.gov.br/imprensa/jsp/visualiza/index.jsp?data=01/07/2025&amp;jornal=529&amp;pagina=86" editionNumber="121" highlightType="" highlightPriority="" highlight="" highlightimage="" highlightimagename="" idMateria="22816141">
  <body>
    <Identifica><![CDATA[ Portaria nº 407 /DG/SEC/MPM, de 27 de junho de 2025]]></Identifica>
    <Data><![CDATA[]]></Data>
    <Ementa />
    <Titulo />
    <SubTitulo />
    <Texto><![CDATA[<p class="identifica">Portaria nº 407 /DG/SEC/MPM, de 27 de junho de 2025</p><p>O DIRETOR-GERAL DA SECRETARIA DO MINISTÉRIO PÚBLICO MILITAR, no uso das atribuições que lhe são conferidas pelo artigo 124, inciso XX, da Lei Complementar nº 75, de 20 de maio de 1993, e pelo artigo 1º, inciso I, da Portaria nº 290/PGJM, de 5 de dezembro de 2013, resolve:</p><p>Dispensar o servidor LUCIANO ALVES DE SOUZA, Técnico do MPU/Segurança Institucional e Transporte, matrícula nº 1021-9, da Função de Confiança de Assistente I, Código FC-1 (70159), da Secretaria de Polícia Institucional, da Secretaria do Diretor-Geral, da Procuradoria-Geral de Justiça Militar.</p><p class="assina">ANTÔNIO CARLOS ALVES COUTINHO</p><p class="identifica">Portaria nº 408 /DG/SEC/MPM, de 27 de junho de 2025</p><p>O DIRETOR-GERAL DA SECRETARIA DO MINISTÉRIO PÚBLICO MILITAR, no uso das atribuições que lhe são conferidas pelo artigo 124, inciso XX, da Lei Complementar nº 75, de 20 de maio de 1993, e pelo artigo 1º, inciso I, da Portaria nº 290/PGJM, de 5 de dezembro de 2013, resolve:</p><p>Designar o servidor EVERTON TAVARES DA SILVA, Técnico do MPU/Segurança Institucional e Transporte, matrícula nº 1839-2, para exercer a Função de Confiança de Assistente I, Código FC-1 (70159), da Secretaria de Polícia Institucional, da Secretaria do Diretor-Geral, da Procuradoria-Geral de Justiça Militar.</p><p class="assina">ANTÔNIO CARLOS ALVES COUTINHO</p>]]></Texto>
  </body>
  <Midias />
</article></xml>