﻿<xml><article id="44200244" name="PORTARIA N 2.349_22708065" idOficio="11051314" pubName="DO2" artType="Portaria" pubDate="01/07/2025" artClass="00070:00033:00001:00000:00000:00000:00000:00000:00000:00000:00017:00000" artCategory="Poder Judiciário/Tribunal Regional Eleitoral do Rio Grande do Sul/Presidência" artSize="12" artNotes="" numberPage="97" pdfPage="http://pesquisa.in.gov.br/imprensa/jsp/visualiza/index.jsp?data=01/07/2025&amp;jornal=529&amp;pagina=97" editionNumber="121" highlightType="" highlightPriority="" highlight="" highlightimage="" highlightimagename="" idMateria="22708065">
  <body>
    <Identifica><![CDATA[ PORTARIA TRE-RS P Nº 2.349, DE 21 DE MAIO DE 2025]]></Identifica>
    <Data><![CDATA[]]></Data>
    <Ementa />
    <Titulo />
    <SubTitulo />
    <Texto><![CDATA[<p class="identifica">PORTARIA TRE-RS P Nº 2.349, DE 21 DE MAIO DE 2025</p><p>O EXCELENTÍSSIMO DESEMBARGADOR VOLTAIRE DE LIMA MORAES, PRESIDENTE DO TRIBUNAL REGIONAL ELEITORAL DO RIO GRANDE DO SUL, NO USO DE SUAS ATRIBUIÇÕES LEGAIS, E COM FUNDAMENTO NO ARTIGO 17, INCISO XXIV, DO REGIMENTO INTERNO DO TRIBUNAL, resolve:</p><p>Art. 1.º Conceder aposentadoria voluntária, com proventos integrais, à servidora Janete Terezinha Oliveira com fundamento no art. 20 da Emenda Constitucional n. 103, de 12 de novembro de 2019.</p><p>Art. 2.º Declarar vago, nos termos do art. 33, inciso VII, da Lei n. 8.112/1990, o cargo de Técnico Judiciário, Área de Atividade Administrativa, Classe C, Padrão 13, criado pela Lei n. 10.842/2004, do quadro de pessoal deste Tribunal.</p><p>Art. 3.º Esta portaria entrará em vigor na data de sua publicação no Diário Oficial da União.</p><p class="assina">Des. VOLTAIRE DE LIMA MORAES</p>]]></Texto>
  </body>
  <Midias />
</article></xml>