﻿<xml><article id="44202909" name="25-117-Jose Ricardo-Exoneracao C" idOficio="11110813" pubName="DO2" artType="Ato" pubDate="01/07/2025" artClass="00070:00060:00001:00000:00000:00000:00000:00000:00000:00000:00001:00000" artCategory="Poder Judiciário/Tribunal Regional do Trabalho da 19ª Região/Presidência" artSize="12" artNotes="" numberPage="103" pdfPage="http://pesquisa.in.gov.br/imprensa/jsp/visualiza/index.jsp?data=01/07/2025&amp;jornal=529&amp;pagina=103" editionNumber="121" highlightType="" highlightPriority="" highlight="" highlightimage="" highlightimagename="" idMateria="22816090">
  <body>
    <Identifica><![CDATA[ ATO Nº 117, DE 30 DE JUNHO DE 2025]]></Identifica>
    <Data><![CDATA[]]></Data>
    <Ementa />
    <Titulo />
    <SubTitulo />
    <Texto><![CDATA[<p class="identifica">ATO Nº 117, DE 30 DE JUNHO DE 2025</p><p>A DESEMBARGADORA-PRESIDENTE DO TRIBUNAL REGIONAL DO TRABALHO DA DÉCIMA NONA REGIÃO, NO EXERCÍCIO DA PRESIDENCIA, no uso de suas atribuições legais e regimentais estabelecidas no inciso VII do artigo 24 do Regimento Interno, nos termos inciso I do art. 35 da Lei n.º 8.112/90, e tendo em vista o contido no Proad n.º 3.680, de 30/6/2025, resolve:</p><p>Art. 1º Exonerar o Engenheiro José Ricardo Costa de Oliveira, do cargo em comissão de Diretor de Divisão, de nível CJ-1, da Divisão de Material e Logística.</p><p>Art. 2º Os efeitos do presente Ato vigoram a partir da publicação.</p><p class="assina">ANNE HELENA FISCHER INOJOSA</p>]]></Texto>
  </body>
  <Midias />
</article></xml>