﻿<xml><article id="44203707" name="P 1263" idOficio="11110994" pubName="DO2" artType="Portaria" pubDate="01/07/2025" artClass="00025:00127:00001:00000:00000:00000:00000:00000:00000:00000:00017:00004" artCategory="Ministério da Educação/Universidade Federal de Santa Catarina/Gabinete do Reitor" artSize="12" artNotes="" numberPage="44" pdfPage="http://pesquisa.in.gov.br/imprensa/jsp/visualiza/index.jsp?data=01/07/2025&amp;jornal=529&amp;pagina=44" editionNumber="121" highlightType="" highlightPriority="" highlight="" highlightimage="" highlightimagename="" idMateria="22816278">
  <body>
    <Identifica><![CDATA[ PORTARIA Nº 1.263, DE 27 DE JUNHO DE 2025]]></Identifica>
    <Data><![CDATA[]]></Data>
    <Ementa />
    <Titulo />
    <SubTitulo />
    <Texto><![CDATA[<p class="identifica">PORTARIA Nº 1.263, DE 27 DE JUNHO DE 2025</p><p>O REITOR DA UNIVERSIDADE FEDERAL DE SANTA CATARINA, considerando o disposto no art. 93 da Lei nº 8.112, de 11 de dezembro 1990, regulamentado pelo Decreto nº 10.835, de 14 de outubro de 2021, publicado no Diário Oficial da União de 15 de outubro de 2021; e na Lei nº 12.529, de 30 de novembro de 2011, bem como tendo em vista as demais informações que constam no Processo nº 23080.033522/2025-15, resolve:</p><p>Art. 1º Disponibilizar a requisição do servidor ANDRE LUÍS DA ROSA, SIAPE nº 2033845, pertencente ao Quadro de Pessoal da Universidade Federal de Santa Catarina (UFSC), para exercício junto ao Conselho Administrativo de Defesa Econômica (CADE).</p><p>Art. 2º O ônus pela remuneração é do órgão requisitado.</p><p>Art. 3º Torna-se sem efeito o disposto nesta portaria caso o servidor não se apresente ao órgão requisitante no prazo de trinta dias.</p><p>Art. 4º Esta portaria entra em vigor na data da sua publicação.(Ref. Sol. nº 23080.033522/2025-15)</p><p class="assina">IRINEU MANOEL DE SOUZA</p>]]></Texto>
  </body>
  <Midias />
</article></xml>