﻿<xml><article id="44205273" name="Port-354-2025-Com3DN" idOficio="11111375" pubName="DO2" artType="Portaria" pubDate="01/07/2025" artClass="00016:00012:00008:00042:00000:00000:00000:00000:00000:00000:00017:00000" artCategory="Ministério da Defesa/Comando da Marinha/Comando de Operações Navais/3º Distrito Naval" artSize="12" artNotes="" numberPage="18" pdfPage="http://pesquisa.in.gov.br/imprensa/jsp/visualiza/index.jsp?data=01/07/2025&amp;jornal=529&amp;pagina=18" editionNumber="121" highlightType="" highlightPriority="" highlight="" highlightimage="" highlightimagename="" idMateria="22816752">
  <body>
    <Identifica><![CDATA[ PORTARIA Nº 354/Com3ºDN, DE 20 DE JUNHO DE 2025]]></Identifica>
    <Data><![CDATA[]]></Data>
    <Ementa />
    <Titulo />
    <SubTitulo />
    <Texto><![CDATA[<p class="identifica">PORTARIA Nº 354/Com3ºDN, DE 20 DE JUNHO DE 2025</p><p>O COMANDANTE DO 3º DISTRITO NAVAL, no uso da atribuição que lhe confere o art. 46, inciso II, do Decreto nº 4.780/2003, Regulamento da Reserva da Marinha, e de acordo com o disposto no art. 19 das Instruções Gerais para os Estágios e a Prestação do Serviço Militar pelos Militares da Reserva de 2ª e 3ª Classes da Marinha, combinado com o previsto no inciso 10.5.12 da DGPM-308 (4ª Revisão), resolve:</p><p>Art. 1º Promover em 1º de julho de 2025 ao posto de Primeiro-Tenente da Reserva de 2ª Classe da Marinha, os seguintes Segundos-Tenentes abaixo mencionados:</p><p>2ºTen (RM2-EN) 24.2007.27 FÁBIO HENRIQUE DOS SANTOS - Eng. Metalúrgica; e</p><p>2ºTen (RM2-T) 24.2002.21 KARLA VASCONCELOS DA SILVA - Direito.</p><p>Art. 2º Esta Portaria entra em vigor na presente data.</p><p>Por ordem:</p><p class="assina">MAXWELL MACIEL XAVIER</p>]]></Texto>
  </body>
  <Midias />
</article></xml>