﻿<xml><article id="44200697" name="PORT_PESSOAL_AN_MGI_174" idOficio="11109917" pubName="DO2" artType="Portaria" pubDate="01/07/2025" artClass="00029:00003:00000:00000:00000:00000:00000:00000:00000:00000:00017:00004" artCategory="Ministério da Gestão e da Inovação em Serviços Públicos/Arquivo Nacional" artSize="12" artNotes="" numberPage="56" pdfPage="http://pesquisa.in.gov.br/imprensa/jsp/visualiza/index.jsp?data=01/07/2025&amp;jornal=529&amp;pagina=56" editionNumber="121" highlightType="" highlightPriority="" highlight="" highlightimage="" highlightimagename="" idMateria="22814995">
  <body>
    <Identifica><![CDATA[ PORTARIA DE PESSOAL AN/MGI Nº 174, DE 27 DE JUNHO DE 2025]]></Identifica>
    <Data><![CDATA[]]></Data>
    <Ementa />
    <Titulo />
    <SubTitulo />
    <Texto><![CDATA[<p class="identifica">PORTARIA DE PESSOAL AN/MGI Nº 174, DE 27 DE JUNHO DE 2025</p><p>A DIRETORA-GERAL ADJUNTA DO ARQUIVO NACIONAL DO MINISTÉRIO DA GESTÃO E DA INOVAÇÃO EM SERVIÇOS PÚBLICOS, no uso da competência atribuída pelo Art. 11, da Portaria MGI nº 572, de 8 de março de 2023, publicada no Diário Oficial da União de 9 de março de 2023 e Portaria AN/MGI nº 205, de 21 de janeiro de 2025, publicada no Diário Oficial da União de 27 de janeiro de 2025, considerando o que consta do Processo nº 08227.001748/2025-43, resolve:</p><p>Art. 1º. Designar BÁRBARA MELLO GUIMARÃES, SIAPE 1962124, para exercer a função comissionada executiva de Assessor Técnico Especializado da Coordenação-Geral de Administração e Logística, Código FCE 4.06, da Diretoria de Gestão Interna do Arquivo Nacional, ficando dispensada da que atualmente ocupa.</p><p>Art. 2º. Esta portaria de pessoal AN entra em vigor a partir da data de sua publicação.</p><p class="assina">SHEILA CHRISTINA MULLER MELLO</p>]]></Texto>
  </body>
  <Midias />
</article></xml>