﻿<xml><article id="44202663" name="PT484DIAT" idOficio="11110788" pubName="DO2" artType="Portaria" pubDate="01/07/2025" artClass="00044:00017:00081:00275:00005:00000:00000:00000:00000:00000:00017:00484" artCategory="Ministério da Previdência Social/Instituto Nacional do Seguro Social/Diretoria de Gestão de Pessoas/Coordenação-Geral de Centralização do Regime Próprio de Previdência Social da União/Divisão de Atendimento do RPPU" artSize="12" artNotes="" numberPage="74" pdfPage="http://pesquisa.in.gov.br/imprensa/jsp/visualiza/index.jsp?data=01/07/2025&amp;jornal=529&amp;pagina=74" editionNumber="121" highlightType="" highlightPriority="" highlight="" highlightimage="" highlightimagename="" idMateria="22816005">
  <body>
    <Identifica><![CDATA[ PORTARIA DIAT-RPPU/INSS Nº 484 DE 30 DE JUNHO DE 2025]]></Identifica>
    <Data><![CDATA[]]></Data>
    <Ementa />
    <Titulo />
    <SubTitulo />
    <Texto><![CDATA[<p class="identifica">PORTARIA DIAT-RPPU/INSS Nº 484 DE 30 DE JUNHO DE 2025</p><p>A CHEFE DA DIVISÃO DE ATENDIMENTO DO REGIME PRÓPRIO DE PREVIDÊNCIA DA UNIÃO, da Coordenação-Geral de Centralização do RPPU, da Diretoria de Gestão de Pessoas do INSS, no uso das atribuições e a delegação de competência estabelecida pela PORTARIA DGP/INSS Nº 05 de 18/04/2022, publicada em BSE de 19/04/2022 e na PORTARIA MPS Nº 3085 de 24/09/2024 publicada em DOU nº 189 de 30/09/2024, resolve:</p><p>Conceder aposentadoria Voluntária com Deficiência por idade ao servidor ANTONIO CARLOS LEMOS, matrícula SIAPE 1149761, ocupante do cargo de Técnico do Seguro Social, Classe S, Padrão "V", do quadro de pessoal permanente do Instituto Nacional do Seguro Social, com fundamento no Artigo 40, § 4º-Aº e Artigo 201, § 1º, Inciso I da Constituição Federal, normatizado pela Lei Complementar 142 de 08/05/2013, c/c Artigo 22 da Emenda Constitucional 103/2019, com proventos proporcionais na forma da Lei, calculados pela média das contribuições e demais vantagens previstas na legislação vigente, em cumprimento de decisão judicial proferida nos autos da ação judicial nº 1003735-38.2023.4.01.3400 e PARECER DE FORÇA EXECUTÓRIA nº 00244/2025/EATE-PES/EADM1/PGF/AGU. Observado o contido no processo SEI nº 35014.368382/2024-87 e Protocolo de Requerimento PAT 1207417777 do MEU INSS, declarando, em consequência, o referido cargo vago.</p><p>Esta portaria entra em vigor na data de sua publicação.</p><p class="assina">MIRIAN NATSUMI ETO</p>]]></Texto>
  </body>
  <Midias />
</article></xml>