﻿<xml><article id="44200067" name="PORTARIA N 296_22815376" idOficio="11110252" pubName="DO2" artType="Portaria" pubDate="01/07/2025" artClass="00015:00026:00000:00000:00000:00000:00000:00000:00000:00000:00017:00000" artCategory="Ministério da Cultura/Instituto do Patrimônio Histórico e Artístico Nacional" artSize="12" artNotes="" numberPage="14" pdfPage="http://pesquisa.in.gov.br/imprensa/jsp/visualiza/index.jsp?data=01/07/2025&amp;jornal=529&amp;pagina=14" editionNumber="121" highlightType="" highlightPriority="" highlight="" highlightimage="" highlightimagename="" idMateria="22815376">
  <body>
    <Identifica><![CDATA[ PORTARIA DE PESSOAL IPHAN N° 296, DE 26 DE JUNHO DE 2025]]></Identifica>
    <Data><![CDATA[]]></Data>
    <Ementa />
    <Titulo />
    <SubTitulo />
    <Texto><![CDATA[<p class="identifica">PORTARIA DE PESSOAL IPHAN N° 296, DE 26 DE JUNHO DE 2025</p><p>O PRESIDENTE DO INSTITUTO DO PATRIMÔNIO HISTÓRICO E ARTÍSTICO NACIONAL - IPHAN, no uso das atribuições que lhe confere o art. 18, Inciso V, do Anexo I, do Decreto nº 11.178, de 18 de agosto de 2022, alterado pelo Decreto nº 11.807, de 28 de novembro de 2023, e nº 12.469, de 23 de maio de 2025, e a Portaria MinC nº 185, de 26 de fevereiro de 2025, publicada no Diário Oficial da União de 27 de fevereiro de 2025, considerando a Portaria Casa Civil nº 478, publicada no Diário Oficial da União de 13 de janeiro de 2023, bem como o art. 38, da Lei nº 8.112, de 11 de dezembro de 1990, e o processo SEI nº 01496.000393/2025-56, resolve:</p><p>Designar o servidor MARCEL SOARES ANDRADE, matrícula SIAPE nº 3126044, para exercer o encargo de substituto de Chefe de Divisão, código FCE 1.07, UORG 637, da Divisão Técnica, da Superintendência do Iphan no estado do Ceará, no período de 14 de julho de 2025 até o dia 02 de agosto de 2025, nos afastamentos, impedimentos legais ou regulamentares do(a) titular e na vacância do cargo, sem prejuízo de suas respectivas atribuições, ficando dispensado o servidor THALISON DOS SANTOS, matrícula SIAPE nº 2076597, no referido período.</p><p class="assina">LEANDRO GRASS</p>]]></Texto>
  </body>
  <Midias />
</article></xml>