﻿<xml><article id="44205399" name="Port. 374 - Altera Aposentadoria" idOficio="11111396" pubName="DO2" artType="Portaria" pubDate="01/07/2025" artClass="00025:00127:00012:00007:00000:00000:00000:00000:00000:00000:00017:00000" artCategory="Ministério da Educação/Universidade Federal de Santa Catarina/Pró-Reitoria de Desenvolvimento e Gestão de Pessoas/Departamento de Administração de Pessoal" artSize="12" artNotes="" numberPage="44" pdfPage="http://pesquisa.in.gov.br/imprensa/jsp/visualiza/index.jsp?data=01/07/2025&amp;jornal=529&amp;pagina=44" editionNumber="121" highlightType="" highlightPriority="" highlight="" highlightimage="" highlightimagename="" idMateria="22816771">
  <body>
    <Identifica><![CDATA[ PORTARIA Nº 374/DAP, DE 30 DE JUNHO DE 2025]]></Identifica>
    <Data><![CDATA[]]></Data>
    <Ementa />
    <Titulo />
    <SubTitulo />
    <Texto><![CDATA[<p class="identifica">PORTARIA Nº 374/DAP, DE 30 DE JUNHO DE 2025</p><p>A Diretora do Departamento de Administração de Pessoal da Universidade Federal de Santa Catarina, no uso de suas atribuições, resolve:</p><p>Alterar a Portaria 134/2020/DAP, de 13 de março de 2020, publicada no Diário Oficial da União de 16 de março de 2020, que concedeu aposentadoria ao servidor ATAYDE ANTONIO RATTI, matrícula SIAPE 1159594, para alterar a proporção do adicional por tempo de serviço, em atendimento à decisão judicial nº 5023050-51.2020.4.04.7200. Onde se lê "incorporando 07% (sete por cento) de adicional por tempo de serviço", leia-se "incorporando 10% (dez por cento) de adicional por tempo de serviço (Processo nº 23080.035644/2025-38).</p><p class="assina">EMANUELLA KÁTIA DA CONCEIÇÃO DOS SANTOS</p>]]></Texto>
  </body>
  <Midias />
</article></xml>