﻿<xml><article id="44201253" name="PT 654" idOficio="11110466" pubName="DO2" artType="Portaria" pubDate="01/07/2025" artClass="00047:00002:00021:00040:00014:00000:00000:00000:00000:00000:00017:00654" artCategory="Ministério da Saúde/Secretaria Executiva/Subsecretaria de Assuntos Administrativos/Superintendência Estadual do Ministério da Saúde no Rio de Janeiro/Serviço de Gestão de Pessoas" artSize="12" artNotes="" numberPage="78" pdfPage="http://pesquisa.in.gov.br/imprensa/jsp/visualiza/index.jsp?data=01/07/2025&amp;jornal=529&amp;pagina=78" editionNumber="121" highlightType="" highlightPriority="" highlight="" highlightimage="" highlightimagename="" idMateria="22815594">
  <body>
    <Identifica><![CDATA[ PORTARIA SEGEP/RJ Nº 654, DE 25 DE JUNHO DE 2025]]></Identifica>
    <Data><![CDATA[]]></Data>
    <Ementa />
    <Titulo />
    <SubTitulo />
    <Texto><![CDATA[<p class="identifica">PORTARIA SEGEP/RJ Nº 654, DE 25 DE JUNHO DE 2025</p><p>A Chefe do Serviço de Gestão de Pessoas da Superintendência Estadual do Ministério da Saúde no Rio de Janeiro, da Subsecretaria de Assuntos Administrativos, da Secretaria Executiva do Ministério da Saúde, no uso de suas atribuições legais que lhe foram atribuídas pela Portaria de Pessoal SE/MS nº 94, de 01 de fevereiro de 2024, publicada no D.O.U. Nº 25, de 5 de fevereiro de 2024, Seção 2, página 68, e tendo em vista o que consta no processo nº 25001.004913/2025-82, resolve:</p><p>Conceder Pensão à CELINA ARCADER, na condição de CÔNJUGE, com fundamento nos artigos 217, inciso I e 222, inciso VII, alínea b, item 6, da Lei nº 8.112/90, na redação dada pela Lei n° 13.135 de 17.06.2015, combinado com o da Portaria SGP/SEDGG/ME nº 4645 de 24/05/2022, em face do falecimento ocorrido em 22/04/2025, do ex-servidor JACOB ARCADER, Matrícula Siape nº 0.611.480 - Médico, Classe "S", Padrão "III" - Aposentado do Quadro de Pessoal deste Ministério, sendo a Pensão calculada nos termos do artigo 23 da Emenda Constitucional nº 103, de 13/11/2019, cabendo à beneficiária a cota-parte de 1/1, do valor destinado ao benefício, a contar da data do óbito do ex-servidor.</p><p class="assina">LUCILENA RODRIGUES GIESTEIRA</p>]]></Texto>
  </body>
  <Midias />
</article></xml>