﻿<xml><article id="44205609" name="PORTARIA SGA NA 733 EXONERAR ALE" idOficio="11111454" pubName="DO2" artType="Portaria" pubDate="01/07/2025" artClass="00006:00007:00013:00009:00000:00000:00000:00000:00000:00000:00017:00017" artCategory="Presidência da República/Advocacia-Geral da União/Secretaria-Geral de Consultoria/Secretaria-Geral de Administração" artSize="12" artNotes="" numberPage="4" pdfPage="http://pesquisa.in.gov.br/imprensa/jsp/visualiza/index.jsp?data=01/07/2025&amp;jornal=529&amp;pagina=4" editionNumber="121" highlightType="" highlightPriority="" highlight="" highlightimage="" highlightimagename="" idMateria="22816834">
  <body>
    <Identifica><![CDATA[ PORTARIA SGA/AGU Nº 733, DE 25 DE JUNHO DE 2025]]></Identifica>
    <Data><![CDATA[]]></Data>
    <Ementa />
    <Titulo />
    <SubTitulo />
    <Texto><![CDATA[<p class="identifica">PORTARIA SGA/AGU Nº 733, DE 25 DE JUNHO DE 2025</p><p><strong>A SECRETÁRIA-GERAL DE ADMINISTRAÇÃO DA ADVOCACIA-GERAL DA UNIÃO</strong>, no uso das atribuições que lhe foram subdelegadas pela Portaria Normativa AGU nº 95, de 6 de junho de 2023, alterada pela Portaria Normativa AGU nº 97, de 26 de junho de 2023, e considerando o que consta no Processo Administrativo nº 00587.000441/2025-24, resolve:</p><p><strong>EXONERAR</strong></p><p>ALESSANDRO SOUZA CONSTANTINO, matrícula Siape nº 1585058, Administrador, do Cargo Comissionado Executivo de Assistente Técnico, código CCE 2.04 (21015056), da Unidade Estadual de Administração no Rio Grande do Norte, da Superintendência Regional de Administração 5ª Região, da Secretaria-Geral de Administração, da Secretaria-Geral de Consultoria.</p><p class="assina">ELISA MONTEIRO MALAFAIA</p>]]></Texto>
  </body>
  <Midias />
</article></xml>