﻿<xml><article id="44202966" name="Portaria nr 113.2025" idOficio="11110847" pubName="DO2" artType="Portaria" pubDate="01/07/2025" artClass="00066:00010:00008:00000:00000:00000:00000:00000:00000:00000:00017:00000" artCategory="Ministério Público da União/Ministério Público do Trabalho/Procuradoria Regional do Trabalho da 7ª Região" artSize="12" artNotes="" numberPage="87" pdfPage="http://pesquisa.in.gov.br/imprensa/jsp/visualiza/index.jsp?data=01/07/2025&amp;jornal=529&amp;pagina=87" editionNumber="121" highlightType="" highlightPriority="" highlight="" highlightimage="" highlightimagename="" idMateria="22816039">
  <body>
    <Identifica><![CDATA[ PORTARIA Nº 113, DE  27 DE JUNHO DE 2025]]></Identifica>
    <Data><![CDATA[]]></Data>
    <Ementa />
    <Titulo />
    <SubTitulo />
    <Texto><![CDATA[<p class="identifica">PORTARIA Nº 113, DE 27 DE JUNHO DE 2025</p><p>A PROCURADOR-CHEFE DA PROCURADORIA REGIONAL DO TRABALHO DA 7ª REGIÃO, no uso de suas atribuições legais, conferidas pela Portaria PGT nº 1728, de 2 de outubro de 2017, nos termos do item II do art. 92 da Lei Complementar nº 75, de 20 de maio de 1993,</p><p>Considerando a Portaria nº 111, de 26 de junho de 2025, que designou o Procurador Regional do Trabalho Carlos Leonardo Holanda da Silva, titular do 10º Ofício Geral da PRT-7ª Região/CE, para atuar, em substituição, na audiência marcada para o dia 2 de julho de 2025, nos autos do DC 02488-34.2025.5.07.0000,</p><p>Considerando as férias do Procurador Regional do Trabalho Carlos Leonardo Holanda da Silva, titular do 10º Ofício Geral da PRT-7ª Região/CE, no período de 2 a 11 de julho de 2025, o que impossibilitará sua atuação no evento acima mencionado,</p><p>Considerando a lista de designação específica desta Regional, mencionada no art. 17, inciso VII da Resolução 133 de 25/10/2016, alterada pela Resolução CSMPT nº 151, assim como a disponibilidade dos membros e das membras integrantes da referida lista, resolve:</p><p>Art. 1º Tornar sem efeito a Portaria nº 111, de 26 de junho de 2025.</p><p>Art. 2º DESIGNAR o Procurador Regional do Trabalho NICODEMOS FABRÍCIO MAIA, titular do 1º Ofício Geral da PRT-7ª Região/CE, para, em substituição, participar da audiência nos autos do processo eletrônico DC 02488-34.2025.5.07.0000, a ser realizada no dia 2 de julho de 2025, às 10h00.</p><p>Art. 3º Esta Portaria entre em vigor na presente data.</p><p class="assina">GEORGIA MARIA DA SILVEIRA ARAGÃO</p>]]></Texto>
  </body>
  <Midias />
</article></xml>