﻿<xml><article id="44204205" name="Port-1148-2025-DPM-Alt-APS-OSVAL" idOficio="11111126" pubName="DO2" artType="Portaria" pubDate="01/07/2025" artClass="00016:00012:00027:00008:00016:00000:00000:00000:00000:00000:00017:00000" artCategory="Ministério da Defesa/Comando da Marinha/Diretoria-Geral do Pessoal da Marinha/Diretoria do Pessoal da Marinha/Superintendência do Pessoal Civil da Marinha" artSize="12" artNotes="" numberPage="19" pdfPage="http://pesquisa.in.gov.br/imprensa/jsp/visualiza/index.jsp?data=01/07/2025&amp;jornal=529&amp;pagina=19" editionNumber="121" highlightType="" highlightPriority="" highlight="" highlightimage="" highlightimagename="" idMateria="22816399">
  <body>
    <Identifica><![CDATA[ PORTARIA Nº 1.148/DPM, DE 26 DE JUNHO DE 2025]]></Identifica>
    <Data><![CDATA[]]></Data>
    <Ementa />
    <Titulo />
    <SubTitulo />
    <Texto><![CDATA[<p class="identifica">PORTARIA Nº 1.148/DPM, DE 26 DE JUNHO DE 2025</p><p>A SUPERINTENDENTE DO PESSOAL CIVIL, no uso da subdelegação que lhe confere o inciso II, do art. 1º da Portaria nº 2034/2023, desta Diretoria, em face do Parecer de Força Executória nº00960/2025/COREJEFAPO/PRU2R/PGU/AGU, proferido nos autos do Processo nº 5048389-24.2021.4.02.5101, NUP 00412.031614/2021-24 em trâmite na 41ª Vara Federal do Rio de Janeiro/Seção Judiciária do Rio de Janeiro, resolve:</p><p>Art. 1º Alterar a Portaria nº 133/2021, da então DPCvM, publicada no Diário Oficial da União nº 46, de 10 de março de 2021, Seção 2, página 13, que aposentou o Artífice de Estrutura de Obras e Metalurgia, NI-S-III, Matrícula SIAPE 0979102, OSVALDO FARIA DE ASSIS. Onde se lê: "de acordo com o inciso II do § 1º do art. 10 da Emenda Constitucional nº 103, de 12 de novembro de 2019, com proventos integrais", leia-se: "de acordo com os incisos I, II e III, do art. 3º da Emenda Constitucional nº 47, de 5 de julho de 2005, com proventos integrais".</p><p>Art. 2º Esta Portaria entra em vigor na data de sua publicação.</p><p class="assina">MARLI HELENA DE PAIVA</p>]]></Texto>
  </body>
  <Midias />
</article></xml>