﻿<xml><article id="44204307" name="PORTARIA 392.2025" idOficio="11111148" pubName="DO2" artType="Portaria" pubDate="01/07/2025" artClass="00047:00036:00016:00000:00000:00000:00000:00000:00000:00000:00017:00002" artCategory="Ministério da Saúde/Secretaria de Atenção Especializada à Saúde/Instituto Nacional de Câncer" artSize="12" artNotes="" numberPage="79" pdfPage="http://pesquisa.in.gov.br/imprensa/jsp/visualiza/index.jsp?data=01/07/2025&amp;jornal=529&amp;pagina=79" editionNumber="121" highlightType="" highlightPriority="" highlight="" highlightimage="" highlightimagename="" idMateria="22816478">
  <body>
    <Identifica><![CDATA[ PORTARIA INCA/MS Nº 392, DE 26 DE JUNHO 2025]]></Identifica>
    <Data><![CDATA[]]></Data>
    <Ementa />
    <Titulo />
    <SubTitulo />
    <Texto><![CDATA[<p class="identifica">PORTARIA INCA/MS Nº 392, DE 26 DE JUNHO 2025</p><p>O Diretor-Geral do Instituto Nacional de Câncer, do Ministério da Saúde, no uso de suas atribuições subdelegadas pela Portaria/CGRH/MS nº 1.041 de 30/10/2009, publicada no DOU nº 209, de 03/11/2009, resolve:</p><p>Exonerar, a pedido, a partir de 26/06/2025,Flavia Maria Branco da Motta, matrícula 4339349, CPF: 733.XXX.877-XX, ocupante do cargo de Médico, classe C, Padrão I do quadro de pessoal do Ministério da Saúde, lotado no Instituto Nacional do Câncer, nos termos do inciso I do art. 33 Lei nº 8.112/1990, atualizada pela Lei nº 9.257/1997, e declarar vago o cargo ocupado código de vaga nº 158416. Processo SEI nº 25410.009954/2025-43.</p><p class="assina">ROBERTO DE ALMEIDA GIL</p>]]></Texto>
  </body>
  <Midias />
</article></xml>