﻿<xml><article id="44202138" name="IFB_RTF_Portaria_3382" idOficio="11110656" pubName="DO2" artType="Portaria" pubDate="01/07/2025" artClass="00025:00059:00001:00000:00000:00000:00000:00000:00000:00000:00017:00000" artCategory="Ministério da Educação/Instituto Federal de Educação, Ciência e Tecnologia de Brasília/Gabinete da Reitoria" artSize="12" artNotes="" numberPage="23" pdfPage="http://pesquisa.in.gov.br/imprensa/jsp/visualiza/index.jsp?data=01/07/2025&amp;jornal=529&amp;pagina=23" editionNumber="121" highlightType="" highlightPriority="" highlight="" highlightimage="" highlightimagename="" idMateria="22815870">
  <body>
    <Identifica><![CDATA[ PORTARIA Nº 3.382/REITORIA/IFB, DE 30 DE JUNHO DE 2025]]></Identifica>
    <Data><![CDATA[]]></Data>
    <Ementa />
    <Titulo />
    <SubTitulo />
    <Texto><![CDATA[<p class="identifica">PORTARIA Nº 3.382/REITORIA/IFB, DE 30 DE JUNHO DE 2025</p><p>A REITORA DO INSTITUTO FEDERAL DE EDUCAÇÃO, CIÊNCIA E TECNOLOGIA DE BRASÍLIA, nomeada pelo Decreto de 2 de agosto de 2023, publicado no Diário Oficial da União em 03 de agosto de 2023, no uso de suas atribuições legais e regimentais e o que consta no Processo nº 23161.000435.2025-73, resolve:</p><p>Designar o servidor LUIS CLAUDIO MARTINS DE MOURA, CPF nº ***.140.731-**, ocupante do cargo de Professor de Ensino Básico Técnico e Tecnológico, SIAPE nº 1972134, SIAPECAD nº 01862600, lotado no(a) Diretoria-Geral do Campus Gama, para exercer a função de Coordenador(a) de Curso, FUC - 01, do(a) Coordenação do Curso Tecnologo Logistica do Campus Gama, com início em 01/07/2025 até 01/07/2027.</p><p class="assina">VERUSKA RIBEIRO MACHADO</p>]]></Texto>
  </body>
  <Midias />
</article></xml>