﻿<xml><article id="44200016" name="AFASTAMENTO MAIS DE 15 DIAS 30.0" idOficio="11110325" pubName="DO2" artType="Despacho" pubDate="01/07/2025" artClass="00025:00095:00000:00000:00000:00000:00000:00000:00000:00000:00013:00000" artCategory="Ministério da Educação/Universidade Federal da Bahia" artSize="12" artNotes="" numberPage="33" pdfPage="http://pesquisa.in.gov.br/imprensa/jsp/visualiza/index.jsp?data=01/07/2025&amp;jornal=529&amp;pagina=33" editionNumber="121" highlightType="" highlightPriority="" highlight="" highlightimage="" highlightimagename="" idMateria="22815414">
  <body>
    <Identifica><![CDATA[ DESPACHOS DE 30 DE JUNHO DE 2025]]></Identifica>
    <Data><![CDATA[]]></Data>
    <Ementa />
    <Titulo />
    <SubTitulo />
    <Texto><![CDATA[<p class="identifica">DESPACHOS DE 30 DE JUNHO DE 2025</p><p>O REITOR DA UNIVERSIDADE FEDERAL DA BAHIA, usando da competência subdelegada pela Portaria nº 1819/2023 - MEC, de 11 de setembro de 2023, e de acordo com as determinações do Decreto nº 1.387, de 7 de fevereiro de 1995, AUTORIZA, o seguinte Afastamento do País:</p><p>Nome: KAREN VALVERDE PONTES VATER</p><p>Cargo: Professor do Magistério Superior</p><p>Matrícula SIAPE: 3495808</p><p>Lotação: ESCOLA POLITÉCNICA</p><p>Exercício: DEPARTAMENTO DE ENGENHARIA QUÍMICA/POLI</p><p>Motivo do Afastamento: Participar do RICAES Rede Internacional para Desenvolvimento de Sistemas de CoGeração de Água e Energia em Regiões Semiáridas (Process: 442220/2023-5).</p><p>Período do Afastamento: 21/06/2025 a 02/07/2025</p><p>Instituição: Universidade do Chile, - Centro de Pesquisa em Energia Solar do Chile.</p><p>Cidade: Santiago</p><p>País: Chile</p><p>Bolsa/Financiamento: CNPQ</p><p>Período coberto por bolsa/financiamento, se houver: 23/06/2025 a 01/07/2025.</p><p>Processo: 23066.041723/2025-66.</p><p>O REITOR DA UNIVERSIDADE FEDERAL DA BAHIA, usando da competência subdelegada pela Portaria nº 1819/2023 - MEC, de 11 de setembro de 2023, e de acordo com as determinações do Decreto nº 1.387, de 7 de fevereiro de 1995, AUTORIZA, o seguinte Afastamento do País:</p><p>Nome: LUIS FELIPE FREIRE DANTAS SANTOS</p><p>Cargo: Professor do Magistério Superior</p><p>Matrícula SIAPE: 3469916</p><p>Lotação: FACULDADE DE FILOSOFIA E CIÊNCIAS HUMANAS</p><p>Exercício: DEPARTAMENTO DE ANTROPOLOGIA/FFCH</p><p>Motivo do Afastamento: Participar do Projeto Arqueológico sobre o Naufrági o IDM013 na Ilha de Moçambique, Nampula- Moçambique.</p><p>Período do Afastamento: 28/07/2025 a 17/08/2025r</p><p>Instituição: Centro de Investigação e Recursos da Ilha de Moçambique (CAIRIM) da Universidade Eduardo Mondlane</p><p>Cidade: Ilha de Moçambique</p><p>País: Moçambique</p><p>Bolsa/Financiamento: Ônus Limitado</p><p>Período coberto por bolsa/financiamento, se houver: Não se aplica.</p><p>Processo: 23066.041491/2025-46.</p><p>O REITOR DA UNIVERSIDADE FEDERAL DA BAHIA, usando da competência subdelegada pela Portaria nº 1819/2023 - MEC, de 11 de setembro de 2023, e de acordo com as determinações do Decreto nº 1.387, de 7 de fevereiro de 1995, AUTORIZA, o seguinte Afastamento do País:</p><p>Nome: MARLENE OLIVEIRA DOS SANTOS</p><p>Cargo: Professor do Magistério Superior</p><p>Matrícula SIAPE: 1853904</p><p>Lotação: FACULDADE DE EDUCAÇÃO</p><p>Exercício: DEPARTAMENTO DE EDUCACAO I/FACED</p><p>Motivo do Afastamento: Cumprir atividades do Pós-Doutorado em Educação.</p><p>Período do Afastamento: 30/09/2025 até 29/09/2026</p><p>Instituição: Universidade Europeia de Roma</p><p>Cidade: Roma</p><p>País: Itália</p><p>Bolsa/Financiamento: Ônus Limitado</p><p>Período coberto por bolsa/financiamento, se houver: Não se aplica.</p><p>Processo: 23066.038950/2025-12.</p><p>O REITOR DA UNIVERSIDADE FEDERAL DA BAHIA, usando da competência subdelegada pela Portaria nº 1819/2023 - MEC, de 11 de setembro de 2023, e de acordo com as determinações do Decreto nº 1.387, de 7 de fevereiro de 1995, AUTORIZA, o seguinte Afastamento do País:</p><p>Nome: MARIA ISABEL SCHINONI</p><p>Cargo: Professor do Magistério Superior</p><p>Matrícula SIAPE: 1492002</p><p>Lotação: INSTITUTO DE CIÊNCIAS DA SAÚDE</p><p>Exercício: DEPARTAMENTO DE BIOQUÍMICA E BIOFÍSICA/ICS</p><p>Motivo do Afastamento: Participar do Congreso de la Asociacion Latino americana par estudio del Higado Lima Peru.</p><p>Período do Afastamento: 28/9/2025 a 03/10/2025</p><p>Instituição: Universidad Nacional de Rosario</p><p>Cidade: Lima</p><p>País: Peru</p><p>Bolsa/Financiamento: Ônus Limitado</p><p>Período coberto por bolsa/financiamento, se houver: Não se aplica.</p><p>Processo: 23066.036506/2025-54.</p><p>O REITOR DA UNIVERSIDADE FEDERAL DA BAHIA, usando da competência subdelegada pela Portaria nº 1819/2023 - MEC, de 11 de setembro de 2023, e de acordo com as determinações do Decreto nº 1.387, de 7 de fevereiro de 1995, AUTORIZA, o seguinte Afastamento do País:</p><p>Nome: PAULO JORGE CANAS RODRIGUES</p><p>Cargo: Professor do Magistério Superior</p><p>Matrícula SIAPE: 2019094</p><p>Lotação: INSTITUTO DE MATEMÁTICA E ESTATÍSTICA</p><p>Exercício: DEPARTAMENTO DE ESTATÍSTICA/IME</p><p>Motivo do Afastamento: Participar de visitas a Universidade Estadual de Caraga (CSU) de 9 de agosto a 4 de setembro de 2025. Durante sua visita, participará de uma série de atividades.</p><p>Período do Afastamento: 08/08/25 A 05/09/25.</p><p>Instituição: Universidade Estadual de Caraga (CSU), Filipinas.</p><p>Cidade: BUTUAN</p><p>País: Filipinas</p><p>Bolsa/Financiamento: Ônus Limitado</p><p>Período coberto por bolsa/financiamento, se houver: Não se aplica.</p><p>Processo: 23066.027927/2025-94.</p><p class="assina">PAULO CESAR MIGUEZ DE OLIVEIRA</p>]]></Texto>
  </body>
  <Midias />
</article></xml>