﻿<xml><article id="44205642" name="PORTARIA N 229_22816806" idOficio="11111469" pubName="DO2" artType="Portaria" pubDate="01/07/2025" artClass="00025:00115:00001:00000:00000:00000:00000:00000:00000:00000:00017:00000" artCategory="Ministério da Educação/Universidade Federal da Paraíba/Reitoria" artSize="12" artNotes="" numberPage="38" pdfPage="http://pesquisa.in.gov.br/imprensa/jsp/visualiza/index.jsp?data=01/07/2025&amp;jornal=529&amp;pagina=38" editionNumber="121" highlightType="" highlightPriority="" highlight="" highlightimage="" highlightimagename="" idMateria="22816806">
  <body>
    <Identifica><![CDATA[ PORTARIA PROGEP-DLCP N° 229, DE 27 DE JUNHO DE 2025]]></Identifica>
    <Data><![CDATA[]]></Data>
    <Ementa />
    <Titulo />
    <SubTitulo />
    <Texto><![CDATA[<p class="identifica">PORTARIA PROGEP-DLCP N° 229, DE 27 DE JUNHO DE 2025</p><p>A REITORA DA UNIVERSIDADE FEDERAL DA PARAÍBA, no uso de suas atribuições conferidas pelo Artigo 38, inciso IX, do Estatuto da UFPB, e tendo em vista o que consta no Processo nº 23074.040085/2025-86, resolve:</p><p>Conceder aposentadoria voluntária à servidora, KÁTIA SUELY QUEIROZ SILVA RIBEIRO, matrícula SIAPE nº 1190307, ocupante do cargo de PROFESSOR DO MAGISTÉRIO SUPERIOR, Classe D, Padrão de Vencimento 1, com o adicional de tempo de serviço de 3%, pertencente ao Quadro Permanente de Pessoal desta Universidade, com lotação no CCS - DEPARTAMENTO DE FISIOTERAPIA, de acordo com o art. 3º da Emenda Constitucional nº 47/2005, combinado com o art. 3º da Emenda Constitucional nº 103/2019.</p><p class="assina">TEREZINHA DOMICIANO DANTAS MARTINS</p>]]></Texto>
  </body>
  <Midias />
</article></xml>