﻿<xml><article id="44205558" name="Ports_1097 e 1103" idOficio="11111463" pubName="DO2" artType="Portaria" pubDate="01/07/2025" artClass="00025:00089:00001:00000:00000:00000:00000:00000:00000:00000:00017:00000" artCategory="Ministério da Educação/Instituto Federal de Educação, Ciência e Tecnologia do Tocantins/Reitoria" artSize="12" artNotes="" numberPage="33" pdfPage="http://pesquisa.in.gov.br/imprensa/jsp/visualiza/index.jsp?data=01/07/2025&amp;jornal=529&amp;pagina=33" editionNumber="121" highlightType="" highlightPriority="" highlight="" highlightimage="" highlightimagename="" idMateria="22816800">
  <body>
    <Identifica><![CDATA[ PORTARIA REI/IFTO nº 1.097, de 27 de junho de 2025]]></Identifica>
    <Data><![CDATA[]]></Data>
    <Ementa />
    <Titulo />
    <SubTitulo />
    <Texto><![CDATA[<p class="identifica">PORTARIA REI/IFTO nº 1.097, de 27 de junho de 2025</p><p>O REITOR DO INSTITUTO FEDERAL DE EDUCAÇÃO, CIÊNCIA E TECNOLOGIA DO TOCANTINS, reconduzido pelo Decreto Presidencial de 9 de maio de 2022, publicado no Diário Oficial da União de 10 de maio de 2022, seção 2, no uso de suas atribuições legais e regimentais, e conforme consta no processo registrado no Sistema Eletrônico de Informações sob o nº 23233.025406/2024-42, resolve:</p><p>Art. 1º Conceder aposentadoria voluntária à servidora Maria Aparecida de Aquino, matrícula Siape nº 1213998, pertencente ao quadro funcional do Campus Araguatins, do Instituto Federal de Educação, Ciência e Tecnologia do Tocantins, ocupante do cargo de cozinheira, código de vaga nº 648974, classe C 19, em regime de trabalho de 40 (quarenta) horas semanais, com fundamento no artigo 4º, e proventos calculados com base no § 6º, inciso I, e § 8º da Emenda Constitucional nº 103, de 12 de novembro de 2019.</p><p>Art. 2º Declarar vago o respectivo cargo.</p><p>Art. 3º Esta Portaria entra em vigor na data de sua publicação no Diário Oficial da União.</p><p>Art. 4º Encaminhe-se à Diretoria de Gestão de Pessoas para providências.</p><p class="assina">ANTONIO DA LUZ JÚNIOR</p><p class="identifica">PORTARIA REI/IFTO Nº 1.103, DE 27 DE JUNHO DE 2025</p><p>O REITOR DO INSTITUTO FEDERAL DE EDUCAÇÃO, CIÊNCIA E TECNOLOGIA DO TOCANTINS, reconduzido pelo Decreto Presidencial de 9 de maio de 2022, publicado no Diário Oficial da União de 10 de maio de 2022, seção 2, no uso de suas atribuições legais e regimentais, e tendo em vista o Processo nº 23725.013772/2025-06, resolve:</p><p>Art. 1º Designar a servidora Caroline Pittelkou Schimidt Takahara, matrícula Siape nº 1018628, ocupante do cargo de enfermeiro-área, para exercer a função de coordenadora do Núcleo de Atendimento às Pessoas com Necessidades Específicas — NAPNE, código FG-1, do Campus Colinas do Tocantins, do Instituto Federal de Educação, Ciência e Tecnologia do Tocantins.</p><p>Art. 2º Esta Portaria entra em vigor na data de sua publicação no Diário Oficial da União.</p><p>Art. 3º Encaminhe-se à Diretoria de Gestão de Pessoas para providências.</p><p class="assina">ANTONIO DA LUZ JÚNIOR</p>]]></Texto>
  </body>
  <Midias />
</article></xml>