﻿<xml><article id="44201145" name="DOU NANCI CAPEL PILARES" idOficio="11110360" pubName="DO2" artType="Portaria" pubDate="01/07/2025" artClass="00013:00064:00000:00000:00000:00000:00000:00000:00000:00000:00017:00001" artCategory="Ministério da Ciência, Tecnologia e Inovação/Conselho Nacional de Desenvolvimento Científico e Tecnológico" artSize="12" artNotes="" numberPage="8" pdfPage="http://pesquisa.in.gov.br/imprensa/jsp/visualiza/index.jsp?data=01/07/2025&amp;jornal=529&amp;pagina=8" editionNumber="121" highlightType="" highlightPriority="" highlight="" highlightimage="" highlightimagename="" idMateria="22815506">
  <body>
    <Identifica><![CDATA[ PORTARIA CNPq Nº 63, DE 27 DE JUNHO DE 2025]]></Identifica>
    <Data><![CDATA[]]></Data>
    <Ementa />
    <Titulo />
    <SubTitulo />
    <Texto><![CDATA[<p class="identifica">PORTARIA CNPq Nº 63, DE 27 DE JUNHO DE 2025</p><p>O Presidente Substituto do CONSELHO NACIONAL DE DESENVOLVIMENTO CIENTÍFICO E TECNOLÓGICO - CNPq, no uso da competência que lhe foi atribuída pelo Decreto nº 11.229, publicado no D.O.U de 7 de outubro de 2022, e tendo em vista o que consta do processo nº 01300.004440/2025-81, resolve:</p><p>Art. 1º Conceder pensão à NANCI CAPEL PILARES na qualidade de companheira, do ex-servidor WALTER ESTEVES GARCIA, ocupante do cargo Analista em C&amp;T Sênior III, matrícula SIAPE nº 04397380, do quadro de pessoal deste Conselho Nacional de Desenvolvimento Científico e Tecnológico, falecido aposentado, em 18 de maio de 2025, com fundamento no inciso IV do art. 3º da Portaria SGP/SEDGG/ME nº 4645, de 24 de maio de 2022, c/c o art. 217 da Lei nº 8.112, de 11 de dezembro de 1990, e art. 23 da Emenda Constitucional nº 103, de 12 de novembro de 2019.</p><p>Art. 2º Os efeitos desta Portaria entram em vigor a contar da data do óbito.</p><p class="assina">OLIVAL FREIRE JÚNIOR</p>]]></Texto>
  </body>
  <Midias />
</article></xml>