﻿<xml><article id="44205057" name="DOU2-DF-2-PT-119-UNI-PR-DF-00058" idOficio="11111333" pubName="DO2" artType="Portaria" pubDate="01/07/2025" artClass="00066:00008:00025:00000:00000:00000:00000:00000:00000:00000:00017:00000" artCategory="Ministério Público da União/Ministério Público Federal/Procuradoria da República no Distrito Federal" artSize="12" artNotes="" numberPage="84" pdfPage="http://pesquisa.in.gov.br/imprensa/jsp/visualiza/index.jsp?data=01/07/2025&amp;jornal=529&amp;pagina=84" editionNumber="121" highlightType="" highlightPriority="" highlight="" highlightimage="" highlightimagename="" idMateria="22816689">
  <body>
    <Identifica><![CDATA[ PORTARIA Nº 119, DE 27 DE JUNHO DE 2025]]></Identifica>
    <Data><![CDATA[]]></Data>
    <Ementa />
    <Titulo />
    <SubTitulo />
    <Texto><![CDATA[<p class="identifica">PORTARIA Nº 119, DE 27 DE JUNHO DE 2025</p><p>O PROCURADOR-CHEFE SUBSTITUTO DA PROCURADORIA DA REPÚBLICA NO DISTRITO FEDERAL, no exercício de suas atribuições, instituídas pelo art. 50, II, da Lei Complementar nº 75/93 e pelo art. 56, VI, da Portaria PGR nº 357/2015, resolve:</p><p>Dispensar a servidora GLAUCIA BORGES GOUVEA, matrícula nº 29124, ocupante do cargo de Analista do MPU/Direito, da função de Assistente Nível II do GABPR25-MSF, Código FC-2, da Procuradoria da República no Distrito Federal. Em consequência, designar a servidora NATALIA THAMISE FREITAS BARROS, matrícula nº 33465, ocupante do cargo de Técnico do MPU/Administração, para exercer a referida função.</p><p class="assina">PETERSON DE PAULA PEREIRA</p>]]></Texto>
  </body>
  <Midias />
</article></xml>