﻿<xml><article id="44201103" name="113___Portaria_de_25_6_2025" idOficio="11110399" pubName="DO2" artType="Portaria" pubDate="01/07/2025" artClass="00025:00148:00000:00000:00000:00000:00000:00000:00000:00000:00017:00000" artCategory="Ministério da Educação/Fundação Universidade Federal de Mato Grosso" artSize="12" artNotes="" numberPage="49" pdfPage="http://pesquisa.in.gov.br/imprensa/jsp/visualiza/index.jsp?data=01/07/2025&amp;jornal=529&amp;pagina=49" editionNumber="121" highlightType="" highlightPriority="" highlight="" highlightimage="" highlightimagename="" idMateria="22815510">
  <body>
    <Identifica><![CDATA[ PORTARIA Nº 441, DE 25 DE JUNHO DE 2025]]></Identifica>
    <Data><![CDATA[]]></Data>
    <Ementa />
    <Titulo />
    <SubTitulo />
    <Texto><![CDATA[<p class="identifica">PORTARIA Nº 441, DE 25 DE JUNHO DE 2025</p><p>A Reitora da Universidade Federal de Mato Grosso, no uso de suas atribuições legais, resolve:</p><p>Autorizar o afastamento do país da servidora EDIÁLIDA COSTA SANTOS, matrícula SIAPE nº 2319037, no período de 29/9/2025 a 10/10/2025, para realizar curso presencial de inglês - como parte de licença capacitação - promovido pela EC Bristol, em Bristol-Inglaterra, com ônus limitado para a UFMT. (Processo nº 23108.028875/2025-30).</p><p class="assina">MARLUCE APARECIDA SOUZA E SILVA</p>]]></Texto>
  </body>
  <Midias />
</article></xml>