﻿<xml><article id="44201541" name="30.06..2025 - PRES - 564 565 566" idOficio="11110511" pubName="DO2" artType="Portaria" pubDate="01/07/2025" artClass="00043:00020:00000:00000:00000:00000:00000:00000:00000:00000:00017:00000" artCategory="Ministério dos Povos Indígenas/Fundação Nacional dos Povos Indígenas" artSize="12" artNotes="" numberPage="73" pdfPage="http://pesquisa.in.gov.br/imprensa/jsp/visualiza/index.jsp?data=01/07/2025&amp;jornal=529&amp;pagina=73" editionNumber="121" highlightType="" highlightPriority="" highlight="" highlightimage="" highlightimagename="" idMateria="22815662">
  <body>
    <Identifica><![CDATA[ PORTARIA DE PESSOAL FUNAI DE 26 DE JUNHO DE 2025]]></Identifica>
    <Data><![CDATA[]]></Data>
    <Ementa />
    <Titulo />
    <SubTitulo />
    <Texto><![CDATA[<p class="identifica">PORTARIA DE PESSOAL FUNAI DE 26 DE JUNHO DE 2025</p><p>A PRESIDENTA SUBSTITUTA DA FUNDAÇÃO NACIONAL DOS POVOS INDÍGENAS - FUNAI, no uso das atribuições que lhe são conferidas pelo Estatuto, aprovado pelo Decreto nº 11.226, de 07 de outubro de 2022, e pela Portaria GM/MPI nº 17, de 16 de janeiro de 2024, publicada no Diário Oficial da União n°13, de 18 de janeiro de 2024, resolve:</p><p>Nº 564 - Designar PEDRO BRAGA I GAIA, matrícula n° 2811860, para exercer a função de Assistente Técnico, código FCE 2.01, da Coordenação-Geral de Promoção dos Direitos Sociais da Diretoria de Promoção ao Desenvolvimento Sustentável desta Fundação.</p><p>Nº 565 - Dispensar, a partir de 23 de junho de 2025, PEDRO BRAGA I GAIA, matrícula n° 2811860, da função de Assessor Técnico Especializado, código FCE 4.03, da Coordenação-Geral de Promoção dos Direitos Sociais da Diretoria de Promoção ao Desenvolvimento Sustentável desta Fundação.</p><p>Nº 566 - Designar ANDERSON LUIS RIBEIRO MOREIRA, matrícula n° 1073068, para exercer a função de Assessor Técnico Especializado, código FCE 4.03, da Coordenação-Geral de Promoção dos Direitos Sociais da Diretoria de Promoção ao Desenvolvimento Sustentável desta Fundação.</p><p class="assina">MARIA JANETE ALBUQUERQUE DE CARVALHO</p>]]></Texto>
  </body>
  <Midias />
</article></xml>