﻿<xml><article id="44201043" name="ATO DE PORTARIA 27.6.2025" idOficio="11110391" pubName="DO2" artType="Portaria" pubDate="01/07/2025" artClass="00013:00064:00000:00000:00000:00000:00000:00000:00000:00000:00017:00002" artCategory="Ministério da Ciência, Tecnologia e Inovação/Conselho Nacional de Desenvolvimento Científico e Tecnológico" artSize="12" artNotes="" numberPage="8" pdfPage="http://pesquisa.in.gov.br/imprensa/jsp/visualiza/index.jsp?data=01/07/2025&amp;jornal=529&amp;pagina=8" editionNumber="121" highlightType="" highlightPriority="" highlight="" highlightimage="" highlightimagename="" idMateria="22815462">
  <body>
    <Identifica><![CDATA[ PORTARIA Nº 64, DE 27 DE JUNHO DE 2025]]></Identifica>
    <Data><![CDATA[]]></Data>
    <Ementa />
    <Titulo />
    <SubTitulo />
    <Texto><![CDATA[<p class="identifica">PORTARIA Nº 64, DE 27 DE JUNHO DE 2025</p><p>O Presidente Substituto do CONSELHO NACIONAL DE DESENVOLVIMENTO CIENTÍFICO E TECNOLÓGICO - CNPq, no uso de suas atribuições previstas no Decreto nº 11.229, de 7 de outubro de 2022, resolve:</p><p>Dispensar, a contar de 26 de junho de 2025, o servidor ANDRÉ LACERDA BATISTA DE SOUSA, CPF ***.257.491-**, da função de substituto do Chefe do Serviço de Desempenho e Carreira, código FCE 1.05, da Coordenação de Desenvolvimento de Pessoas e Qualidade de Vida, da Coordenação-Geral de Gestão de Pessoas, da Diretoria de Gestão Administrativa deste Conselho, para a qual foi designado pela PO CNPq Nº 60/2025 (Processo SEI nº 01300.005408/2025-12).</p><p class="assina">OLIVAL FREIRE JÚNIOR</p>]]></Texto>
  </body>
  <Midias />
</article></xml>