﻿<xml><article id="44200061" name="PORTARIA N 618 _22815368" idOficio="11110244" pubName="DO2" artType="Portaria" pubDate="01/07/2025" artClass="00011:00002:00000:00000:00000:00000:00000:00000:00000:00000:00017:00000" artCategory="Ministério das Cidades/Secretaria Executiva" artSize="12" artNotes="" numberPage="7" pdfPage="http://pesquisa.in.gov.br/imprensa/jsp/visualiza/index.jsp?data=01/07/2025&amp;jornal=529&amp;pagina=7" editionNumber="121" highlightType="" highlightPriority="" highlight="" highlightimage="" highlightimagename="" idMateria="22815368">
  <body>
    <Identifica><![CDATA[ PORTARIA Nº 618 , DE 25 DE JUNHO DE 2025]]></Identifica>
    <Data><![CDATA[]]></Data>
    <Ementa />
    <Titulo />
    <SubTitulo />
    <Texto><![CDATA[<p class="identifica">PORTARIA Nº 618 , DE 25 DE JUNHO DE 2025</p><p>O SECRETÁRIO-EXECUTIVO DO MINISTÉRIO DAS CIDADES no uso da competência que lhe foi delegada pelo art. 9º da Portaria MCID nº 535, de 15 de maio de 2023, considerando o disposto no art. 38 da Lei nº 8.112, de 11 de dezembro de 1990, no Decreto nº 11.468, de 5 de abril de 2023, e o constante do Processo SEI nº 80000.013311/2023-72, resolve:</p><p>DESIGNAR EVELINE CASTRO BARBOSA DE JESUS, matrícula Siape nº 1834578, para exercer o encargo de substituta eventual da função comissionada executiva de Coordenador da Coordenação de Gestão de Desempenho e Desenvolvimento da Coordenação-Geral de Gestão de Pessoas da Subsecretaria de Planejamento, Orçamento e Administração da Secretaria-Executiva, código FCE 1.10, deste Ministério, no período de 14 a 16 de julho de 2025, sem prejuízo do cargo que ocupa.</p><p class="assina">HAILTON MADUREIRA DE ALMEIDA</p>]]></Texto>
  </body>
  <Midias />
</article></xml>