﻿<xml><article id="44200508" name="ATO PORTARIA DA SECRETARIA DE GE" idOficio="11108823" pubName="DO2" artType="Portaria" pubDate="01/07/2025" artClass="00070:00020:00002:00004:00000:00000:00000:00000:00000:00000:00017:00000" artCategory="Poder Judiciário/Tribunal Regional Eleitoral do Distrito Federal/Diretoria-Geral/Secretaria de Gestão de Pessoas" artSize="12" artNotes="" numberPage="95" pdfPage="http://pesquisa.in.gov.br/imprensa/jsp/visualiza/index.jsp?data=01/07/2025&amp;jornal=529&amp;pagina=95" editionNumber="121" highlightType="" highlightPriority="" highlight="" highlightimage="" highlightimagename="" idMateria="22812977">
  <body>
    <Identifica><![CDATA[ PORTARIA  Nº 41, DE 27 DE JUNHO DE 2025]]></Identifica>
    <Data><![CDATA[]]></Data>
    <Ementa />
    <Titulo />
    <SubTitulo />
    <Texto><![CDATA[<p class="identifica">PORTARIA Nº 41, DE 27 DE JUNHO DE 2025</p><p>A SECRETÁRIA DE GESTÃO DE PESSOAS DO TRIBUNAL REGIONAL ELEITORAL DO DISTRITO FEDERAL, no uso de suas atribuições legais, tendo em vista a competência constante inciso IV do art. 36 da Resolução TRE-DF nº 7.881/2021, de acordo com a Portaria Presidência Nº 84/2021 e o teor do Processo Administrativo nº 0004289-15.2025.6.07.8014, resolve:</p><p>Art. 1º Designar para substituir o titular da função comissionada de Chefe de Cartório da 14ª Zona Eleitoral da Secretaria da Corregedoria Regional Eleitoral da Vice-Presidência e Corregedoria Regional Eleitoral, código FC-6, nos seus afastamentos e impedimentos legais ou regulamentares, a partir de 1º de julho de 2025:</p><p>I - GUILHERME FERREIRA VALERIO, Técnico em Assistência Social, do Quadro de Pessoal Permanente da Secretaria de Desenvolvimento Social do Distrito Federal, ora à disposição deste Tribunal, como 1º Substituto;</p><p>II - POLLYANNE GOMES SANTOS, Técnica em Assistência Social, do Quadro de Pessoal Permanente da Secretaria de Desenvolvimento Social do Distrito Federal, ora à disposição deste Tribunal, como 2º Substituta.</p><p>Art. 2º Revogar o Art. 1º da Portaria da Secretaria de Gestão de Pessoas Nº 93, de 09/08/2023, publicada no Diário Oficial da União de 11/08/2023.</p><p class="assina">ADRIANA APARECIDA COELHO PEREIRA</p>]]></Texto>
  </body>
  <Midias />
</article></xml>