﻿<xml><article id="44203380" name="DOU - EXO DEC-C Ex - NA 138 DE 2" idOficio="11110913" pubName="DO2" artType="Portaria" pubDate="01/07/2025" artClass="00016:00011:00027:00000:00000:00000:00000:00000:00000:00000:00017:00000" artCategory="Ministério da Defesa/Comando do Exército/Departamento de Engenharia e Construção" artSize="12" artNotes="" numberPage="15" pdfPage="http://pesquisa.in.gov.br/imprensa/jsp/visualiza/index.jsp?data=01/07/2025&amp;jornal=529&amp;pagina=15" editionNumber="121" highlightType="" highlightPriority="" highlight="" highlightimage="" highlightimagename="" idMateria="22816146">
  <body>
    <Identifica><![CDATA[ PORTARIA DEC/C Ex Nº 138, DE 27 DE JUNHO DE 2025]]></Identifica>
    <Data><![CDATA[]]></Data>
    <Ementa />
    <Titulo />
    <SubTitulo />
    <Texto><![CDATA[<p class="identifica">PORTARIA DEC/C Ex Nº 138, DE 27 DE JUNHO DE 2025</p><p>O CHEFE DO DEPARTAMENTO DE ENGENHARIA E CONSTRUÇÃO, no uso da competência que lhe foi conferida pela Portaria nº 218-Cmt Ex, de 20 de março de 2017 e dentro da cota de vagas previstas na Portaria nº 345-DGP, de 15 de dezembro de 2021, resolve:</p><p>EXONERAR de ofício, o CAP R/1 (Idt 047.602.663-8), JOSÉ EDUARDO GOMES RIBEIRO, Prec CP 96 175.871-3, do 3º Grupamento de Engenharia (3º Gpt E), a contar de 25 de junho de 2025, de acordo com a alínea h), do inciso II, do Art. 22, da Portaria nº 063-DGP/C Ex, de 5 de abril de 2021, de Prestador de Tarefa por Tempo Certo (PTTC).</p><p class="assina">Gen Ex ANISIO DAVID DE OLIVEIRA JUNIOR</p>]]></Texto>
  </body>
  <Midias />
</article></xml>