﻿<xml><article id="44206356" name="PORTARIA N 162 SINC 22816606" idOficio="11111292" pubName="DO2" artType="Portaria" pubDate="01/07/2025" artClass="00033:00057:00000:00000:00000:00000:00000:00000:00000:00000:00017:00000" artCategory="Ministério da Justiça e Segurança Pública/Autoridade Nacional de Proteção de Dados" artSize="12" artNotes="" numberPage="67" pdfPage="http://pesquisa.in.gov.br/imprensa/jsp/visualiza/index.jsp?data=01/07/2025&amp;jornal=529&amp;pagina=67" editionNumber="121" highlightType="" highlightPriority="" highlight="" highlightimage="" highlightimagename="" idMateria="22816606">
  <body>
    <Identifica><![CDATA[ PORTARIA GABPR/ANPD N° 162, DE 17 DE JUNHO DE 2025]]></Identifica>
    <Data><![CDATA[]]></Data>
    <Ementa />
    <Titulo />
    <SubTitulo />
    <Texto><![CDATA[<p class="identifica">PORTARIA GABPR/ANPD N° 162, DE 17 DE JUNHO DE 2025</p><p>O DIRETOR-PRESIDENTE DA AUTORIDADE NACIONAL DE PROTEÇÃO DE DADOS - ANPD, no uso de suas atribuições e tendo em vista o disposto no Art. 55-I da Lei nº 13.709, de 14 de agosto de 2018, resolve:</p><p>Designar LUCAS COSTA DOS ANJOS para exercer a Função Comissionada Executiva de Coordenador-Geral, código FCE 1.13, da Coordenação-Geral de Tecnologia e Pesquisa da Autoridade Nacional de Proteção de Dados.</p><p class="assina">WALDEMAR GONÇALVES ORTUNHO JUNIOR</p>]]></Texto>
  </body>
  <Midias />
</article></xml>