﻿<xml><article id="44204157" name="PORTARIA N 6.311_22816414" idOficio="11111105" pubName="DO2" artType="Portaria" pubDate="01/07/2025" artClass="00025:00121:00017:00000:00000:00000:00000:00000:00000:00000:00017:00000" artCategory="Ministério da Educação/Universidade Federal do Rio de Janeiro/Pró-Reitoria de Pessoal" artSize="12" artNotes="" numberPage="43" pdfPage="http://pesquisa.in.gov.br/imprensa/jsp/visualiza/index.jsp?data=01/07/2025&amp;jornal=529&amp;pagina=43" editionNumber="121" highlightType="" highlightPriority="" highlight="" highlightimage="" highlightimagename="" idMateria="22816414">
  <body>
    <Identifica><![CDATA[ PORTARIA N° 6.311, DE 26 DE JUNHO DE 2025]]></Identifica>
    <Data><![CDATA[]]></Data>
    <Ementa />
    <Titulo />
    <SubTitulo />
    <Texto><![CDATA[<p class="identifica">PORTARIA N° 6.311, DE 26 DE JUNHO DE 2025</p><p>A Pró-Reitora de Pessoal da Universidade Federal do Rio de Janeiro, no uso da competência delegada através da Portaria nº 10.120 de 16 de dezembro de 2021, publicada no Diário Oficial da União de 17 de dezembro de 2021, resolve:</p><p>Nomear, nos termos do artigo 9º, inciso I, da Lei nº 8.112, de 11 de dezembro de 1990, o candidato ALESSANDRA MAIA MARQUES MARTINEZ PEREZ, habilitado por Concurso Público de Provas e Títulos homologado pela Portaria nº 431 de 13.05.25 - publicada no Diário Oficial da União de 15.05.25, para o cargo de Professor da Carreira do Magistério Superior do Quadro Único de Pessoal, no regime de 40 horas de trabalho semanal com Dedicação Exclusiva na vaga 287208, conforme processo 23079.228397/2025-51.</p><p>A posse do (a) nomeado (a) dar-se-á no prazo de 30 (trinta) dias, contados da publicação desta no DOU.</p><p class="assina">Neuza Luzia Pinto</p>]]></Texto>
  </body>
  <Midias />
</article></xml>