﻿<xml><article id="44202621" name="P3RF146A153" idOficio="11110737" pubName="DO2" artType="Portaria" pubDate="01/07/2025" artClass="00028:00032:00435:00095:00000:00000:00000:00000:00000:00000:00017:00000" artCategory="Ministério da Fazenda/Secretaria Especial da Receita Federal do Brasil/Secretaria-Adjunta/Superintendência Regional da Receita Federal do Brasil 3ª Região Fiscal" artSize="12" artNotes="" numberPage="55" pdfPage="http://pesquisa.in.gov.br/imprensa/jsp/visualiza/index.jsp?data=01/07/2025&amp;jornal=529&amp;pagina=55" editionNumber="121" highlightType="" highlightPriority="" highlight="" highlightimage="" highlightimagename="" idMateria="22816028">
  <body>
    <Identifica><![CDATA[ PORTARIAS DE PESSOAL SRRF03 DE 26 DE JUNHO DE 2025]]></Identifica>
    <Data><![CDATA[]]></Data>
    <Ementa />
    <Titulo />
    <SubTitulo />
    <Texto><![CDATA[<p class="identifica">PORTARIAS DE PESSOAL SRRF03 DE 26 DE JUNHO DE 2025</p><p>O SUPERINTENDENTE SUBSTITUTO DA RECEITA FEDERAL DO BRASIL DA 3ª REGIÃO FISCAL, no uso da atribuição que lhe foi subdelegada pela Portaria RFB nº 345, de 24 de agosto de 2023, publicada no DOU de 28 de agosto de 2023, e o que consta no e-Processo nº 13075.106606/2025-92, resolve:</p><p>Nº 146 - Dispensar a Assistente Técnico-Administrativo, PAULA SOARES NOBRE ANDRADE, matrícula Siapecad n° 1489040, da Função Gratificada de Chefe da Seção de Administração de Pessoas (Saape) da Superintendência Regional da Receita Federal do Brasil na 3ª Região Fiscal, Código FG1.</p><p>Nº 147 - Dispensar a Assistente Técnico-Administrativo, PAULA SOARES NOBRE ANDRADE, matrícula Siapecad n° 1489040, do encargo de substituta eventual de Chefe do Serviço de Gestão de Pessoas (Segep) da Superintendência Regional da Receita Federal do Brasil na 3ª Região Fiscal, Código FCE 1.05.</p><p>Nº 148 - Dispensar a Analista de Sistemas, LAURA JEANE CALLAND SALES OLIVEIRA, matrícula Siapecad n° 87345, da Função Comissionada Executiva de Chefe do Serviço de Gestão de Pessoas (Segep) da Superintendência Regional da Receita Federal do Brasil na 3ª Região Fiscal, Código FCE 1.05.</p><p>Nº 149 - Dispensar a Administradora, MARIA DOLORES FILGUEIRA PIANCO, matrícula Siapecad n° 77411, da Função Gratificada de Chefe da Equipe de Gestão de Pessoas (EGP1) da Delegacia da Receita Federal do Brasil em Fortaleza-CE, Código FG2.</p><p>Nº 150 - Designar a Assistente Técnico-Administrativo, PAULA SOARES NOBRE ANDRADE, matrícula Siapecad n° 1489040, para a Função Comissionada Executiva de Chefe do Serviço de Gestão de Pessoas (Segep) da Superintendência Regional da Receita Federal do Brasil na 3ª Região Fiscal, Código FCE 1.05.</p><p>Nº 151 - Designar a Analista de Sistemas, LAURA JEANE CALLAND SALES OLIVEIRA, matrícula Siapecad n° 87345, para a Função Gratificada de Chefe da Equipe de Gestão de Pessoas (EGP1) da Delegacia da Receita Federal do Brasil em Fortaleza-CE, Código FG2.</p><p>Nº 152 - Designar a Analista Tributário da Receita Federal do Brasil, FERNANDA MELO BARBOSA MACIEL, matrícula Siapecad n° 1879178, para a Função Gratificada de Chefe da Seção de Administração de Pessoas (Saape) da Superintendência Regional da Receita Federal do Brasil na 3ª Região Fiscal, Código FG1.</p><p>Nº 153 - Designar a Analista Tributário da Receita Federal do Brasil, FERNANDA MELO BARBOSA MACIEL, matrícula Siapecad n° 1879178, para o encargo de substituta eventual de Chefe do Serviço de Gestão de Pessoas (Segep) da Superintendência Regional da Receita Federal do Brasil na 3ª Região Fiscal, Código FCE 1.05.</p><p class="assina">MARCUS ANTONIO FERREIRA ARARIPE</p>]]></Texto>
  </body>
  <Midias />
</article></xml>