﻿<xml><article id="44200133" name="PORTARIA N 529_22807711" idOficio="11105023" pubName="DO2" artType="Portaria" pubDate="01/07/2025" artClass="00070:00042:00001:00001:00000:00000:00000:00000:00000:00000:00017:00000" artCategory="Poder Judiciário/Tribunal Regional do Trabalho da 1ª Região/Presidência/Gabinete da Presidência" artSize="12" artNotes="" numberPage="99" pdfPage="http://pesquisa.in.gov.br/imprensa/jsp/visualiza/index.jsp?data=01/07/2025&amp;jornal=529&amp;pagina=99" editionNumber="121" highlightType="" highlightPriority="" highlight="" highlightimage="" highlightimagename="" idMateria="22807711">
  <body>
    <Identifica><![CDATA[ PORTARIA SGP Nº 529, DE 16 DE JUNHO DE 2025]]></Identifica>
    <Data><![CDATA[]]></Data>
    <Ementa />
    <Titulo />
    <SubTitulo />
    <Texto><![CDATA[<p class="identifica">PORTARIA SGP Nº 529, DE 16 DE JUNHO DE 2025</p><p>O PRESIDENTE DO TRIBUNAL REGIONAL DO TRABALHO DA PRIMEIRA REGIÃO, no uso de suas atribuições legais e regimentais, tendo em vista o que consta do Processo eletrônico 3848/2025 PROAD, resolve:</p><p>Conceder aposentadoria voluntária ao servidor INACIO REIS FILHO, no cargo de Técnico Judiciário, Área Administrativa - Agente da Polícia Judicial, Classe C, Padrão 13, no valor apurado de 130% (cento e trinta por cento) da média aritmética das contribuições previdenciárias, com fundamento art. 10, § 1º, inciso I, alíneas a e b, c/c art. 26, § 2º, inciso II e § 7º, ambos da Emenda Constitucional n° 103/2019.</p><p class="assina">ROQUE LUCARELLI DATTOLI</p>]]></Texto>
  </body>
  <Midias />
</article></xml>