﻿<xml><article id="44202144" name="PORTARIA N 636_22815875" idOficio="11110660" pubName="DO2" artType="Portaria" pubDate="01/07/2025" artClass="00016:00012:00008:00040:00000:00000:00000:00000:00000:00000:00017:00000" artCategory="Ministério da Defesa/Comando da Marinha/Comando de Operações Navais/1º Distrito Naval" artSize="12" artNotes="" numberPage="18" pdfPage="http://pesquisa.in.gov.br/imprensa/jsp/visualiza/index.jsp?data=01/07/2025&amp;jornal=529&amp;pagina=18" editionNumber="121" highlightType="" highlightPriority="" highlight="" highlightimage="" highlightimagename="" idMateria="22815875">
  <body>
    <Identifica><![CDATA[ PORTARIA Com1ºDN N° 636, DE 24 DE JUNHO DE 2025]]></Identifica>
    <Data><![CDATA[]]></Data>
    <Ementa />
    <Titulo />
    <SubTitulo />
    <Texto><![CDATA[<p class="identifica">PORTARIA Com1ºDN N° 636, DE 24 DE JUNHO DE 2025</p><p>O COMANDANTE DO 1º DISTRITO NAVAL, no uso da atribuição que lhe confere o § 4º, do art. 2º, da Portaria nº 71, de 8 de abril de 2022, do Comandante de Operações Navais; e tendo em vista o previsto no inciso III, da alínea b, do § 1º, do art. 3º, da Lei nº 6.880, de 9 de dezembro de 1980 (Estatuto dos Militares), alterada pela Lei nº 13.954, de 16 de dezembro de 2019; e o contido nas Normas sobre Tarefa por Tempo Certo e Designação para o Serviço Ativo (DGPM-314 - 6ª Revisão - Mod.4), resolve:</p><p>Art. 1º Dispensar, "ex officio", a partir de 25MAI2025, o SO-RM1-ET 86.3921.58 SEBASTIÃO RIBEIRO GOMES, da prestação da Tarefa por Tempo Certo, prevista na Portaria nº 503/2023, deste Comando, de acordo com o contido na subalínea I, alínea b, do inciso 2.7.1, da DGPM-314 (6ª Revisão - Mod.4).</p><p>Art. 2º Esta Portaria entra em vigor na presente data, com efeitos administrativos retroativos, a partir de 25MAI2025.</p><p class="assina">V Alte THADEU MARCOS OROSCO COELHO LOBO</p>]]></Texto>
  </body>
  <Midias />
</article></xml>