﻿<xml><article id="44200010" name="PORTARIA N 411_22815134" idOficio="11110064" pubName="DO2" artType="Portaria" pubDate="01/07/2025" artClass="00070:00018:00000:00000:00000:00000:00000:00000:00000:00000:00017:00000" artCategory="Poder Judiciário/Tribunal Regional Eleitoral da Bahia" artSize="12" artNotes="" numberPage="95" pdfPage="http://pesquisa.in.gov.br/imprensa/jsp/visualiza/index.jsp?data=01/07/2025&amp;jornal=529&amp;pagina=95" editionNumber="121" highlightType="" highlightPriority="" highlight="" highlightimage="" highlightimagename="" idMateria="22815134">
  <body>
    <Identifica><![CDATA[ PORTARIA TRE-BA Nº 411, DE 25 DE JUNHO DE 2025]]></Identifica>
    <Data><![CDATA[]]></Data>
    <Ementa />
    <Titulo />
    <SubTitulo />
    <Texto><![CDATA[<p class="identifica">PORTARIA TRE-BA Nº 411, DE 25 DE JUNHO DE 2025</p><p>O PRESIDENTE DO TRIBUNAL REGIONAL ELEITORAL DA BAHIA, no uso das atribuições que lhe são conferidas pelo art. 8º, XXXII, da Resolução Administrativa TRE-BA nº 1/2017, conforme SEI nº 0009497-16.2025.6.05.8117, resolve:</p><p>Art. 1º Dispensar a servidora Luciene de Azevedo Prado da função de Chefe de Cartório - FC-6 da 117ª Zona Eleitoral/Urandi.</p><p>Art. 2º Dispensar o servidor Paulo Eduardo de Oliveira da função de Assistente I - FC-1 da 117ª Zona Eleitoral/Urandi.</p><p>Art. 3º Designar o servidor Paulo Eduardo de Oliveira, Técnico Judiciário - Área Administrativa, Classe C, Padrão 13, para a função de Chefe de Cartório - FC-6 da 117ª Zona Eleitoral/Urandi.</p><p>Art. 4º Designar a servidora Luciene de Azevedo Prado, Analista Judiciário - Área Administrativa, Classe C, Padrão 13, para a função de Assistente I - FC-1 da 117ª Zona Eleitoral/Urandi.</p><p>Art. 5º Esta portaria entrará em vigor a partir da data de publicação.</p><p class="assina">Des. ABELARDO PAULO DA MATTA NETO</p>]]></Texto>
  </body>
  <Midias />
</article></xml>