﻿<xml><article id="44200571" name="0459.AISA" idOficio="11110159" pubName="DO2" artType="Portaria" pubDate="01/07/2025" artClass="00047:00002:00000:00000:00000:00000:00000:00000:00000:00000:00017:00000" artCategory="Ministério da Saúde/Secretaria Executiva" artSize="12" artNotes="" numberPage="75" pdfPage="http://pesquisa.in.gov.br/imprensa/jsp/visualiza/index.jsp?data=01/07/2025&amp;jornal=529&amp;pagina=75" editionNumber="121" highlightType="" highlightPriority="" highlight="" highlightimage="" highlightimagename="" idMateria="22815242">
  <body>
    <Identifica><![CDATA[ PORTARIA DE PESSOAL SE/MS Nº 459, DE 26 DE JUNHO DE 2025]]></Identifica>
    <Data><![CDATA[]]></Data>
    <Ementa />
    <Titulo />
    <SubTitulo />
    <Texto><![CDATA[<p class="identifica">PORTARIA DE PESSOAL SE/MS Nº 459, DE 26 DE JUNHO DE 2025</p><p>O SECRETÁRIO-EXECUTIVO DO MINISTÉRIO DA SAÚDE, no uso da competência que lhe foi subdelegada pela Portaria GM/MS nº 374, de 30 de março de 2023, na forma do disposto no Decreto nº 1.387, de 7 de fevereiro de 1995, e no Decreto nº 10.193, de 27 de dezembro de 2019, resolve:</p><p>Autorizar o afastamento do País da servidora SONIA ISOYAMA VENANCIO, matrícula SIAPE nº 3327416, Coordenadora-Geral de Atenção à Saúde das Crianças, Adolescentes e Jovens, do Departamento de Gestão do Cuidado Integral, da Secretaria de Atenção Primária à Saúde, com a finalidade de participar da Segunda Reunião Técnica Regional de Diretores de Saúde Materna da América Latina e o Caribe e do Simpósio Regional sobre Saúde Sexual e Reprodutiva de Adolescentes e Mulheres Afrodescendentes, promovidos pelo Fundo de População das Nações Unidas - UNFPA, em San José - Costa Rica, no período de 6 a 12 de julho de 2025, inclusive trânsito, com ônus limitado (Processo SEI nº 25000.098083/2025-56).</p><p class="assina">ADRIANO MASSUDA</p>]]></Texto>
  </body>
  <Midias />
</article></xml>