﻿<xml><article id="44202987" name="EXTRATO 27062025" idOficio="11110840" pubName="DO2" artType="Portaria" pubDate="01/07/2025" artClass="00025:00055:00001:00000:00000:00000:00000:00000:00000:00000:00017:00001" artCategory="Ministério da Educação/Instituto Federal de Educação, Ciência e Tecnologia do Amapá/Reitoria" artSize="12" artNotes="" numberPage="22" pdfPage="http://pesquisa.in.gov.br/imprensa/jsp/visualiza/index.jsp?data=01/07/2025&amp;jornal=529&amp;pagina=22" editionNumber="121" highlightType="" highlightPriority="" highlight="" highlightimage="" highlightimagename="" idMateria="22816082">
  <body>
    <Identifica><![CDATA[ PORTARIA Nº 1.460, DE 27 de junho de 2025]]></Identifica>
    <Data><![CDATA[]]></Data>
    <Ementa />
    <Titulo />
    <SubTitulo />
    <Texto><![CDATA[<p class="identifica">PORTARIA Nº 1.460, DE 27 de junho de 2025</p><p>A REITORA EM EXERCÍCIO DO INSTITUTO FEDERAL DE EDUCAÇÃO, CIÊNCIA E TECNOLOGIA DO AMAPÁ, no uso de suas atribuições legais que foram delegadas pela Portaria n° 76/2025 - GAB/RE/IFAP de 17 de janeiro de 2025, publicado no DOU n° 13, seção 2, página 16, em 20 de janeiro de 2025, em atendimento ao Ofício n° 101/2025 - DIGERAL-MCP/MCP/IFAP, resolve:</p><p>Art. 1º Designar WARNEY MATHEUS TEIXEIRA CHAVES, Siape n° 1050918, ocupante do cargo efetivo de Revisor de Textos Braille, para responder pela Coordenação de Políticas Educacionais Inclusivas (COPEI), FG-01, vinculada ao Campus Macapá, nos períodos de 7 a 11/7/2025 e 15/7 a 18/8/2025, em virtude do gozo de férias e licença capacitação do titular.</p><p>Art. 2º Cumpra-se, dê-se ciência e publique-se.</p><p class="assina">Juliana Eveline dos Santos Farias</p>]]></Texto>
  </body>
  <Midias />
</article></xml>