﻿<xml><article id="44200499" name="2025 - InCom IEN 268-2025" idOficio="11109954" pubName="DO2" artType="Portaria" pubDate="01/07/2025" artClass="00013:00061:00012:00020:00000:00000:00000:00000:00000:00000:00017:00000" artCategory="Ministério da Ciência, Tecnologia e Inovação/Comissão Nacional de Energia Nuclear/Diretoria de Pesquisa e Desenvolvimento/Instituto de Engenharia Nuclear" artSize="12" artNotes="" numberPage="8" pdfPage="http://pesquisa.in.gov.br/imprensa/jsp/visualiza/index.jsp?data=01/07/2025&amp;jornal=529&amp;pagina=8" editionNumber="121" highlightType="" highlightPriority="" highlight="" highlightimage="" highlightimagename="" idMateria="22815052">
  <body>
    <Identifica><![CDATA[ PORTARIA Nº 268, de 27 DE JUNHO de 2025]]></Identifica>
    <Data><![CDATA[]]></Data>
    <Ementa />
    <Titulo />
    <SubTitulo />
    <Texto><![CDATA[<p class="identifica">PORTARIA Nº 268, de 27 DE JUNHO de 2025</p><p>O DIRETOR DO INSTITUTO DE ENGENHARIA NUCLEAR (IEN) DA COMISSÃO NACIONAL DE ENERGIA NUCLEAR (CNEN), no uso das atribuições conferidas pela Portaria MCTI nº 461, de 05 de junho de 2024, publicada no Diário Oficial da União nº 108, página 4, Seção 2, de 07 de junho de 2024, com as competências estabelecidas pela Portaria CNEN nº 27, de 30 de abril de 2012, publicada no Diário Oficial da União nº 85, página 3, Seção 1, de 03 de maio de 2012, resolve:</p><p>Conceder aposentadoria voluntária por tempo de contribuição, com proventos integrais, ao servidor EDIVALDO CÉSAR PEREIRA, matrícula SIAPE nº 0667412, CPF nº ***.716.727-**, ocupante do cargo de Assistente em C&amp;T, classe "S", padrão III, nível intermediário, vaga nº 0417713 do quadro de pessoal da Comissão Nacional de Energia Nuclear, com fundamento no artigo 20, parágrafo 2º, inciso I da Emenda Constitucional nº 103, de 12 de novembro de 2019, declarando, em decorrência, a vacância do cargo acima mencionado. (Processo SEI nº 01345.000203/2025-24).</p><p class="assina">Cristovao Araripe Marinho</p>]]></Texto>
  </body>
  <Midias />
</article></xml>