﻿<xml><article id="44199908" name="DESPACHO_CYNTHIA_BRUNO_PARIS" idOficio="11110303" pubName="DO2" artType="Despacho" pubDate="01/07/2025" artClass="00028:00040:00011:03493:00000:00000:00000:00000:00000:00000:00013:00000" artCategory="Ministério da Fazenda/Comissão de Valores Mobiliários/Gabinete/Gerência Executiva" artSize="12" artNotes="" numberPage="55" pdfPage="http://pesquisa.in.gov.br/imprensa/jsp/visualiza/index.jsp?data=01/07/2025&amp;jornal=529&amp;pagina=55" editionNumber="121" highlightType="" highlightPriority="" highlight="" highlightimage="" highlightimagename="" idMateria="22815382">
  <body>
    <Identifica><![CDATA[ DESPACHO]]></Identifica>
    <Data><![CDATA[]]></Data>
    <Ementa />
    <Titulo />
    <SubTitulo />
    <Texto><![CDATA[<p class="identifica">DESPACHO</p><p>O PRESIDENTE DA COMISSÃO DE VALORES MOBILIÁRIOS - CVM, tendo em vista o Decreto nº 1.387, de 7 de fevereiro de 1995, o Decreto nº 10.193, de 27 de dezembro de 2019, e no uso da competência que lhe foi delegada pelos artigos 3º e 4º da Portaria MF nº 267, de 26 de abril de 2023, autoriza o afastamento do País de BRUNO DE FREITAS GOMES CONDEIXA RODRIGUES, Superintendente de Securitização e Agronegócio da Comissão de Valores Mobiliários, e de CYNTHIA BARIÃO DA FONSECA BRAGA, Gerente de Securitização e Agronegócio 1 da Comissão de Valores Mobiliários, no período de 18 a 24 de outubro de 2025, inclusive trânsito, com ônus, a fim de participarem da Inspeção anual presencial nas agências de rating pelo Colegiado de Supervisores de Agências de Rating, que será realizada em Paris, França. (Processo CVM nº 19957.007779/2025-80).</p><p class="assina">JOÃO PEDRO BARROSO DO NASCIMENTO</p>]]></Texto>
  </body>
  <Midias />
</article></xml>