﻿<xml><article id="44205336" name="Port nA 11 - APG_SEF de 26 JUN 2" idOficio="11111358" pubName="DO2" artType="Portaria" pubDate="01/07/2025" artClass="00016:00011:00033:00000:00000:00000:00000:00000:00000:00000:00017:00000" artCategory="Ministério da Defesa/Comando do Exército/Secretaria de Economia e Finanças" artSize="12" artNotes="" numberPage="17" pdfPage="http://pesquisa.in.gov.br/imprensa/jsp/visualiza/index.jsp?data=01/07/2025&amp;jornal=529&amp;pagina=17" editionNumber="121" highlightType="" highlightPriority="" highlight="" highlightimage="" highlightimagename="" idMateria="22816682">
  <body>
    <Identifica><![CDATA[ PORTARIA Nº 11-APG/SEF, DE 18 DE JUNHO DE 2025]]></Identifica>
    <Data><![CDATA[]]></Data>
    <Ementa />
    <Titulo />
    <SubTitulo />
    <Texto><![CDATA[<p class="identifica">PORTARIA Nº 11-APG/SEF, DE 18 DE JUNHO DE 2025</p><p>O SECRETÁRIO DE ECONOMIA E FINANÇAS, no uso da competência que lhe foi conferida pelo inciso III, do § 1º, do art. 6º da Portaria do Comandante do Exército nº 218, de 20 de março de 2017, resolve:</p><p>1 - EXONERAR,</p><p>a pedido, o 2° Sargento da Reserva Remunerada (112714084-4) ADRIANO TAVARES BARROS, Prec-CP: 96 1929926, do Centro de Pagamento do Exército (Brasília-DF), a partir de 1º de julho de 2025, de acordo com o previsto no inciso I, do art. 22 da Portaria-DGP/C Ex nº 063, de 5 de abril de 2021, de Prestador de Tarefa por Tempo Certo.</p><p class="assina">Gen Ex LUCIANO GUILHERME CABRAL PINHEIRO</p>]]></Texto>
  </body>
  <Midias />
</article></xml>