﻿<xml><article id="44201319" name="2025 - Incom Despacho - Patricia" idOficio="11110467" pubName="DO2" artType="Despacho" pubDate="01/07/2025" artClass="00013:00061:00001:00000:00000:00000:00000:00000:00000:00000:00013:00000" artCategory="Ministério da Ciência, Tecnologia e Inovação/Comissão Nacional de Energia Nuclear/Gabinete" artSize="12" artNotes="" numberPage="7" pdfPage="http://pesquisa.in.gov.br/imprensa/jsp/visualiza/index.jsp?data=01/07/2025&amp;jornal=529&amp;pagina=7" editionNumber="121" highlightType="" highlightPriority="" highlight="" highlightimage="" highlightimagename="" idMateria="22815597">
  <body>
    <Identifica><![CDATA[ DESPACHO DE 27 DE JUNHO DE 2025]]></Identifica>
    <Data><![CDATA[]]></Data>
    <Ementa />
    <Titulo />
    <SubTitulo />
    <Texto><![CDATA[<p class="identifica">DESPACHO DE 27 DE JUNHO DE 2025</p><p>O PRESIDENTE DA COMISSÃO NACIONAL DE ENERGIA NUCLEAR (CNEN), no uso das atribuições que lhe foram conferidas pelo artigo 15, incisos I e V, do Anexo I, ao Decreto nº 8.886, publicado no Diário Oficial da União de 25 de outubro de 2016, e no uso da competência que lhe foi delegada pela Portaria MCTI nº 8.760, de 11 de dezembro de 2024, publicada no Diário Oficial da União de 12 de dezembro de 2024, AUTORIZA o afastamento do país da servidora pública:</p><p>PATRÍCIA MENDES DE AZEVEDO, lotada no Serviço de Segurança Radiológica, da Diretoria de Radioproteção e Segurança Nuclear, desta Comissão Nacional de Energia Nuclear (CNEN), para participar da visita técnica científica destinada a preparar, conduzir e aplicar uma abordagem graduada em inspeções de proteção radiológica ocupacional em reatores de pesquisa de zero potência a 50 MW térmicos, em Hamilton, Ontário, Canadá, de 26/07/2025 a 03/08/2025, incluindo o período de trânsito, com ônus limitado, conforme o Processo nº 01341.004081/2025-85.</p><p class="assina">Francisco Rondinelli Júnior</p>]]></Texto>
  </body>
  <Midias />
</article></xml>