﻿<xml><article id="44203578" name="PT SAA 569 a 575 (30-6)" idOficio="11110986" pubName="DO2" artType="Portaria" pubDate="01/07/2025" artClass="00047:00002:00021:00000:00000:00000:00000:00000:00000:00000:00017:00569" artCategory="Ministério da Saúde/Secretaria Executiva/Subsecretaria de Assuntos Administrativos" artSize="12" artNotes="" numberPage="76" pdfPage="http://pesquisa.in.gov.br/imprensa/jsp/visualiza/index.jsp?data=01/07/2025&amp;jornal=529&amp;pagina=76" editionNumber="121" highlightType="" highlightPriority="" highlight="" highlightimage="" highlightimagename="" idMateria="22816268">
  <body>
    <Identifica><![CDATA[ PORTARIA SAA Nº 569, DE 27 DE JUNHO DE 2025]]></Identifica>
    <Data><![CDATA[]]></Data>
    <Ementa />
    <Titulo />
    <SubTitulo />
    <Texto><![CDATA[<p class="identifica">PORTARIA SAA Nº 569, DE 27 DE JUNHO DE 2025</p><p>O SUBSECRETÁRIO DE ASSUNTOS ADMINISTRATIVOS DO MINISTÉRIO DA SAÚDE, no uso da competência que lhe foi subdelegada pela Portaria GAB/SE n.º 62, de 31 de março de 2023, publicada no Diário Oficial da União de 5 de abril de 2023, e demais informações que constam do Processo n.º 25016.001773/2025-21, resolve:</p><p>Designar JOSE RICARDO BEZERRA LIMA, matrícula SIAPE 236088, para exercer o encargo de substituto eventual da Função Comissionada Executiva de Chefe da Divisão de Transferência de Recursos, FCE 1.07, código n.º 16.0307, da Superintendência Estadual do Ministério da Saúde no Ceará, da Subsecretaria de Assuntos Administrativos, da Secretaria Executiva, nos afastamentos, impedimentos legais ou regulamentares do(a) titular e na vacância da função, ficando dispensado LUIZ MARQUES CAMPELO.</p><p class="assina">SINVAL ALAN FERREIRA SILVA</p><p class="identifica">Portaria SAA Nº 570, DE 27 DE junho DE 2025</p><p>O SUBSECRETÁRIO DE ASSUNTOS ADMINISTRATIVOS DO MINISTÉRIO DA SAÚDE, no uso da competência que lhe foi subdelegada pela Portaria GAB/SE n.º 62, de 31 de março de 2023, publicada no Diário Oficial da União de 5 de abril de 2023, e demais informações que constam do Processo n.º 25000.104620/2025-12, resolve:</p><p>Designar JULIA SANTOS VAZ LEANDRO, matrícula SIAPE 4284222, para exercer o encargo de substituta eventual da Função Comissionada Executiva de Coordenador-Geral de Serviços, Informação e Conectividade, FCE 1.13, código n.º 28.0028, do Departamento do Complexo Econômico-Industrial da Saúde e de Inovação para o SUS, da Secretaria de Ciência, Tecnologia e Inovação e do Complexo Econômico-Industrial da Saúde, nos afastamentos, impedimentos legais ou regulamentares do(a) titular e na vacância da função.</p><p class="assina">SINVAL ALAN FERREIRA SILVA</p><p class="identifica">Portaria SAA Nº 571, DE 27 DE junho DE 2025</p><p>O SUBSECRETÁRIO DE ASSUNTOS ADMINISTRATIVOS DO MINISTÉRIO DA SAÚDE, no uso da competência que lhe foi subdelegada pela Portaria GAB/SE n.º 62, de 31 de março de 2023, publicada no Diário Oficial da União de 5 de abril de 2023, e demais informações que constam do Processo n.º 25000.105610/2025-96, resolve:</p><p>Designar LAURA DIAZ RAMIREZ OMOTOSHO, matrícula SIAPE 1156578, para exercer o encargo de substituta eventual da Função Comissionada Executiva de Coordenador de Gestão de Riscos e Integridade, FCE 1.10, código n.º 28.0013, do Gabinete, da Secretaria de Ciência, Tecnologia e Inovação e do Complexo Econômico-Industrial da Saúde, nos afastamentos, impedimentos legais ou regulamentares do(a) titular e na vacância da função.</p><p class="assina">SINVAL ALAN FERREIRA SILVA</p><p class="identifica">Portaria SAA Nº 572, DE 27 DE junho DE 2025</p><p>O SUBSECRETÁRIO DE ASSUNTOS ADMINISTRATIVOS DO MINISTÉRIO DA SAÚDE, no uso da competência que lhe foi subdelegada pela Portaria GAB/SE n.º 62, de 31 de março de 2023, publicada no Diário Oficial da União de 5 de abril de 2023, e demais informações que constam do Processo n.º 25000.103966/2025-95, resolve:</p><p>Designar JULIA SANTOS VAZ LEANDRO, matrícula SIAPE 4284222, para substituir, no período de 23/05/2025 a 17/06/2025, a Função Comissionada Executiva de Chefe do Serviço de Gestão Técnica e Administrativa, FCE 1.05, código n.º 28.0023, do Departamento do Complexo Econômico-Industrial da Saúde e de Inovação para o SUS, da Secretaria de Ciência, Tecnologia e Inovação e do Complexo Econômico-Industrial da Saúde, em virtude da vacância do titular e do substituto eventual.</p><p class="assina">SINVAL ALAN FERREIRA SILVA</p><p class="identifica">Portaria SAA Nº 573, DE 27 DE junho DE 2025</p><p>O SUBSECRETÁRIO DE ASSUNTOS ADMINISTRATIVOS DO MINISTÉRIO DA SAÚDE, no uso da competência que lhe foi subdelegada pela Portaria GAB/SE n.º 62, de 31 de março de 2023, publicada no Diário Oficial da União de 5 de abril de 2023, e demais informações que constam do Processo n.º 25000.098620/2025-68, resolve:</p><p>Designar WESLEY RODRIGUES TRIGUEIRO, matrícula SIAPE 2143498, para substituir, no período de 23/06/2025 a 27/06/2025, a Função Comissionada Executiva de Coordenador-Geral de Informações em Economia da Saúde, FCE 1.13, código n.º 28.0071, do Departamento de Economia e Desenvolvimento em Saúde, da Secretaria de Ciência, Tecnologia e Inovação e do Complexo Econômico-Industrial da Saúde, em virtude das férias da titular e vacância do substituto eventual.</p><p class="assina">SINVAL ALAN FERREIRA SILVA</p><p class="identifica">Portaria SAA Nº 574, DE 27 DE junho DE 2025</p><p>O SUBSECRETÁRIO DE ASSUNTOS ADMINISTRATIVOS DO MINISTÉRIO DA SAÚDE, no uso da competência que lhe foi subdelegada pela Portaria GAB/SE n.º 62, de 31 de março de 2023, publicada no Diário Oficial da União de 5 de abril de 2023, e demais informações que constam do Processo n.º 25000.104429/2025-62, resolve:</p><p>Designar JEANN MARIE DA ROCHA MARCELINO, matrícula SIAPE 1097154, para substituir, no período de 07/07/2025 a 11/07/2025, o Cargo Comissionado Executivo de Coordenador-Geral de Acompanhamento de Investimentos e Análise de Contas, CCE 1.13, código n.º 16.0443, da Diretoria-Executiva do Fundo Nacional de Saúde, da Secretaria Executiva, em virtude das férias da titular e da substituta eventual.</p><p class="assina">SINVAL ALAN FERREIRA SILVA</p><p class="identifica">Portaria SAA Nº 575, DE 27 DE junho DE 2025</p><p>O SUBSECRETÁRIO DE ASSUNTOS ADMINISTRATIVOS DO MINISTÉRIO DA SAÚDE, no uso da competência que lhe foi subdelegada pela Portaria GAB/SE n.º 62, de 31 de março de 2023, publicada no Diário Oficial da União de 5 de abril de 2023, e demais informações que constam do Processo n.º 25000.101528/2025-92, resolve:</p><p>Dispensar, a contar de 02 de junho de 2025, MACIENE MENDES DA SILVA, matrícula SIAPE 1787109, do encargo de substituta eventual da Função Comissionada Executiva de Coordenador-Geral de Informações em Economia da Saúde, FCE 1.13, código n.º 28.0071, do Departamento de Economia e Desenvolvimento em Saúde, da Secretaria de Ciência, Tecnologia e Inovação e do Complexo Econômico-Industrial da Saúde, em virtude de sua designação como titular da função.</p><p class="assina">SINVAL ALAN FERREIRA SILVA</p>]]></Texto>
  </body>
  <Midias />
</article></xml>