﻿<xml><article id="44202135" name="IFB_RTF_Portaria_3381" idOficio="11110656" pubName="DO2" artType="Portaria" pubDate="01/07/2025" artClass="00025:00059:00001:00000:00000:00000:00000:00000:00000:00000:00017:00000" artCategory="Ministério da Educação/Instituto Federal de Educação, Ciência e Tecnologia de Brasília/Gabinete da Reitoria" artSize="12" artNotes="" numberPage="23" pdfPage="http://pesquisa.in.gov.br/imprensa/jsp/visualiza/index.jsp?data=01/07/2025&amp;jornal=529&amp;pagina=23" editionNumber="121" highlightType="" highlightPriority="" highlight="" highlightimage="" highlightimagename="" idMateria="22815869">
  <body>
    <Identifica><![CDATA[ PORTARIA Nº 3.381/REITORIA/IFB, DE 30 DE JUNHO DE 2025]]></Identifica>
    <Data><![CDATA[]]></Data>
    <Ementa />
    <Titulo />
    <SubTitulo />
    <Texto><![CDATA[<p class="identifica">PORTARIA Nº 3.381/REITORIA/IFB, DE 30 DE JUNHO DE 2025</p><p>A REITORA DO INSTITUTO FEDERAL DE EDUCAÇÃO, CIÊNCIA E TECNOLOGIA DE BRASÍLIA, nomeada pelo Decreto de 2 de agosto de 2023, publicado no Diário Oficial da União em 03 de agosto de 2023, no uso de suas atribuições legais e regimentais e o que consta no Processo nº 23098.000830.2023-03, resolve:</p><p>Art. 1º Nomear, em caráter efetivo, KAYO FERNANDO CARDOSO MOREIRA, para o cargo de Assistente em Administração, CLASSE D - 01, no(a) Reitoria, com regime de trabalho de 40 (quarenta) horas semanais, nos termos do art. 9º, inciso I, da Lei nº 8.112/90, do art. 2º, parágrafo único, do Decreto nº 7.311, de 22/09/2011, publicado no DOU em 23/09/2011, e do art. 9º da Lei nº 11.091, de 12/01/2005, publicada no DOU em 13/01/2005, tendo em vista o Edital de Abertura nº 15, de 09 de setembro de 2022, publicado no DOU de 12 de setembro de 2022, Edital de Homologação de 26/05/2023, publicado no DOU de 26/05/2023,código de vaga 0963741.</p><p>Art. 2º A posse do(a) nomeado(a) ocorrerá no prazo de 30 (trinta) dias contados da publicação desta Portaria no Diário Oficial da União, conforme §1º do art. 13 da Lei nº 8.112/90.</p><p class="assina">VERUSKA RIBEIRO MACHADO</p>]]></Texto>
  </body>
  <Midias />
</article></xml>