﻿<xml><article id="44204994" name="DOU2-PRR1-2-PT-95-UNI-PRR1A-0002" idOficio="11111333" pubName="DO2" artType="Portaria" pubDate="01/07/2025" artClass="00066:00008:00019:00000:00000:00000:00000:00000:00000:00000:00017:00095" artCategory="Ministério Público da União/Ministério Público Federal/Procuradoria Regional da República da 1ª  Região" artSize="12" artNotes="" numberPage="84" pdfPage="http://pesquisa.in.gov.br/imprensa/jsp/visualiza/index.jsp?data=01/07/2025&amp;jornal=529&amp;pagina=84" editionNumber="121" highlightType="" highlightPriority="" highlight="" highlightimage="" highlightimagename="" idMateria="22816693">
  <body>
    <Identifica><![CDATA[ PORTARIA PRR1 Nº 95, DE 30 DE JUNHO DE 2025]]></Identifica>
    <Data><![CDATA[]]></Data>
    <Ementa />
    <Titulo />
    <SubTitulo />
    <Texto><![CDATA[<p class="identifica">PORTARIA PRR1 Nº 95, DE 30 DE JUNHO DE 2025</p><p>A PROCURADORA-CHEFE ADJUNTA DA PROCURADORIA REGIONAL DA REPÚBLICA DA 1ª REGIÃO, no uso das atribuições legais conferidas pela PORTARIA PGR/MPF Nº 288, DE 8 DE ABRIL DE 2024, e pelo inciso VI do artigo 26 do Regimento Interno Administrativo da Procuradoria Regional da República da 1ª Região, aprovado pela Portaria PRR1 nº 152, de 17 de setembro de 2019, e o que consta da Portaria PGR/MPU nº 32, de 30 de agosto de 2019, resolve:</p><p>Art. 1º Exonerar a servidora Caroline Santana Moutinho, matrícula MPF nº 30200, ocupante do cargo efetivo de Analista do MPU/Direito, do cargo em comissão de Assessora-chefe, Nível IV, CC-4, do gabinete do procurador regional da República Sílvio Roberto Oliveira de Amorim Júnior - GABPRR35.</p><p>Art. 2º Nomear a servidora Didiane Souza da Silva, matrícula MPF nº 30853, ocupante do cargo efetivo de Analista do MPU/Direito, para o cargo em comissão de Assessora-chefe, Nível IV, CC-4, do gabinete do procurador regional da República Sílvio Roberto Oliveira de Amorim Júnior - GABPRR35.</p><p>Art. 3º Esta portaria entra em vigor na data de sua publicação.</p><p class="assina">ANA PAULA MANTOVANI SIQUEIRA</p>]]></Texto>
  </body>
  <Midias />
</article></xml>