﻿<xml><article id="44205975" name="DESPACHOFB RONALD CESAR THOMPSON" idOficio="11111545" pubName="DO2" artType="Despacho" pubDate="01/07/2025" artClass="00028:00032:00000:00000:00000:00000:00000:00000:00000:00000:00013:00000" artCategory="Ministério da Fazenda/Secretaria Especial da Receita Federal do Brasil" artSize="12" artNotes="" numberPage="54" pdfPage="http://pesquisa.in.gov.br/imprensa/jsp/visualiza/index.jsp?data=01/07/2025&amp;jornal=529&amp;pagina=54" editionNumber="121" highlightType="" highlightPriority="" highlight="" highlightimage="" highlightimagename="" idMateria="22816902">
  <body>
    <Identifica><![CDATA[ DESPACHO DE 30 DE JUNHO DE 2025]]></Identifica>
    <Data><![CDATA[]]></Data>
    <Ementa />
    <Titulo />
    <SubTitulo />
    <Texto><![CDATA[<p class="identifica">DESPACHO DE 30 DE JUNHO DE 2025</p><p>O SECRETÁRIO ESPECIAL DA RECEITA FEDERAL DO BRASIL, tendo em vista o art. 2º do Decreto nº 1.387, de 7 de fevereiro de 1995, e no uso da competência que lhe foi delegada pelo artigo 1º da Portaria SE/MF nº 385, de 10 de maio de 2023, autoriza o afastamento do país do Auditor-Fiscal da Receita Federal do Brasil RONALD CESAR THOMPSON, matrícula nº 1536217, em exercício na Coordenação-Geral de Tecnologia e Segurança da Informação da Secretaria Especial da Receita Federal do Brasil, no período de 12 a 18 de outubro de 2025, inclusive trânsito, com ônus, para participar da Segunda Viagem de Estudo Interdisciplinar de Campo do Curso de Altos Estudos em Defesa, promovida pela Escola Superior de Defesa (ESD), que custeará as despesas com passagens aéreas e seguro internacional, sendo que as despesas com diárias, serão custeadas pela Secretaria Especial da Receita Federal do Brasil, a se realizar na cidade de Lima, Peru. (Processo Sei nº 18220.000815/2025-26)</p><p class="assina">ROBINSON SAKIYAMA BARREIRINHAS</p>]]></Texto>
  </body>
  <Midias />
</article></xml>