﻿<xml><article id="44200025" name="ATO_909" idOficio="11101085" pubName="DO2" artType="Ato" pubDate="01/07/2025" artClass="00070:00007:00001:00000:00000:00000:00000:00000:00000:00000:00001:00001" artCategory="Poder Judiciário/Tribunal Regional Federal da 1ª Região/Presidência" artSize="12" artNotes="" numberPage="93" pdfPage="http://pesquisa.in.gov.br/imprensa/jsp/visualiza/index.jsp?data=01/07/2025&amp;jornal=529&amp;pagina=93" editionNumber="121" highlightType="" highlightPriority="" highlight="" highlightimage="" highlightimagename="" idMateria="22802233">
  <body>
    <Identifica><![CDATA[ ATO Nº 909, DE 24 DE JUNHO DE 2025]]></Identifica>
    <Data><![CDATA[]]></Data>
    <Ementa />
    <Titulo />
    <SubTitulo />
    <Texto><![CDATA[<p class="identifica">ATO Nº 909, DE 24 DE JUNHO DE 2025</p><p>O PRESIDENTE DO TRIBUNAL REGIONAL FEDERAL DA 1ª REGIÃO, no uso de suas atribuições legais e regimentais, e tendo em vista o constante nos autos do PAe 0020329-50.2025.4.01.8000, resolve:</p><p>EXONERAR, a pedido, termos do art. 35, II, da Lei 8112/1990, MARCELO OTÁVIO SOARES, do Cargo em Comissão, Código CJ-2, de Assessor Técnico II da Assessoria da Desembargadora Federal Maria do Carmo Cardoso, a partir de 01/07/2025</p><p class="assina">Des. JOÃO BATISTA MOREIRA</p>]]></Texto>
  </body>
  <Midias />
</article></xml>