﻿<xml><article id="44203809" name="Retificacao CGBEN N 351" idOficio="11111043" pubName="DO2" artType="Retificação" pubDate="01/07/2025" artClass="00029:00034:00015:00003:00000:00000:00000:00000:00000:00000:00024:00000" artCategory="Ministério da Gestão e da Inovação em Serviços Públicos/Secretaria de Gestão de Pessoas/Diretoria de Serviços de Aposentados e de Pensionistas e Órgãos Extintos/Coordenação-Geral de Benefícios" artSize="12" artNotes="" numberPage="62" pdfPage="http://pesquisa.in.gov.br/imprensa/jsp/visualiza/index.jsp?data=01/07/2025&amp;jornal=529&amp;pagina=62" editionNumber="121" highlightType="" highlightPriority="" highlight="" highlightimage="" highlightimagename="" idMateria="22816329">
  <body>
    <Identifica><![CDATA[ RETIFICAÇÃO]]></Identifica>
    <Data><![CDATA[]]></Data>
    <Ementa />
    <Titulo />
    <SubTitulo />
    <Texto><![CDATA[<p class="identifica">RETIFICAÇÃO</p><p>Na Portaria nº 351, de 04 de setembro de 2006, da GERÊNCIA DE RECURSOS HUMANOS - GERÊNCIA REGIONAL DE ADMINISTRAÇÃO NO RIO DE JANEIRO, publicada no Diário Oficial da União Nº 171, de 05 de setembro de 2006, Seção 2, pág. 16:</p><p>onde se lê: " (...) com fundamento legal no art. 217, inciso I, alínea a, da Lei 8112, de 12.12.1990 (...)";</p><p>leia-se: " (...) com fundamento legal no art. 217, inciso I, alínea a, da Lei 8112, de 12.12.1990, combinado com o art. 6°-A da Emenda Constitucional nº 41, de 2003, incluído pela Emenda Constitucional nº 70, de 2012", considerando a decisão judicial proferida nos autos do Processo nº 5109138-36.2023.4.02.5101, o PARECER DE FORÇA EXECUTÓRIA n. 00009/2025/SAE/PRU2R/PGU/AGU e o disposto no processo SEI nº 90849.001629/2025-54.</p>]]></Texto>
  </body>
  <Midias />
</article></xml>