﻿<xml><article id="44203014" name="1196-1207" idOficio="11110863" pubName="DO2" artType="Ato" pubDate="01/07/2025" artClass="00025:00153:00000:00000:00000:00000:00000:00000:00000:00000:00001:00000" artCategory="Ministério da Educação/Fundação Universidade Federal do Piauí" artSize="12" artNotes="" numberPage="50" pdfPage="http://pesquisa.in.gov.br/imprensa/jsp/visualiza/index.jsp?data=01/07/2025&amp;jornal=529&amp;pagina=50" editionNumber="121" highlightType="" highlightPriority="" highlight="" highlightimage="" highlightimagename="" idMateria="22816086">
  <body>
    <Identifica><![CDATA[ ATOS de 27 de junho de 2025]]></Identifica>
    <Data><![CDATA[]]></Data>
    <Ementa />
    <Titulo />
    <SubTitulo />
    <Texto><![CDATA[<p class="identifica">ATOS de 27 de junho de 2025</p><p>A REITORA DA UNIVERSIDADE FEDERAL DO PIAUÍ, no uso de suas atribuições legais, resolve:</p><p>Nº 1.196 - Nomear NÍCIA BEZERRA FORMIGA LEITE, Professora do Magistério Superior, para exercer o Cargo de Direção, CD-3, de Diretora do Centro de Tecnologia - CT, para o quadriênio 2025-2029, a partir de 18/06/2025. (considerando o Processo n.º 23111.031897/2025-92)</p><p>Nº 1.198 - 1. Autorizar o afastamento, com ônus para a CAPES, de EDVANI CURTI MUNIZ, Professor do Magistério Superior, matrícula SIAPE n.º 2332296, lotado no Departamento de Química/CCN, no período de 19/08/2025 a 09/09/2025, para realizar missão de trabalho junto ao CERMAV (Centre de Recherches sur les Macromolécules Végétales), em Grenoble, na França, e participação no evento EPNOE (European Polysaccharide Network of Excellence) 2025, em Sundsvall, na Suécia. 2. Sob pena de responsabilidade administrativa, a autoridade imediatamente superior tem o encargo de comunicar à SRH, no primeiro dia útil subsequente ao término do prazo do afastamento, sobre o retorno ou ausência do servidor. (considerando o Artigo 1º da Portaria n.º 404/2009 - MEC, publicada no D.O.U. de 24/04/2009; a Resolução n.º 547/2023 - CEPEX; o Processo n.º 23111.031547/2025-36)</p><p>Nº 1.207 - Remover, nos termos do art. 36, III, b, da Lei 8.112/90, DINAMERES APARECIDA ANTUNES, Professora do Magistério Superior, matrícula SIAPE n.º 2340526, da Universidade Federal do Piauí, para a Universidade Federal do Paraná. (considerando o Parecer de Força executória nº 00650/2025/A-EATE/EADM4/PGF/AGU; a Decisão no processo nº 5010333-56.2024.4.04.7009; o Processo n.º 23111.045315/2024-07)</p><p class="assina">NADIR DO NASCIMENTO NOGUEIRA</p>]]></Texto>
  </body>
  <Midias />
</article></xml>