﻿<xml><article id="44200469" name="Portaria Elis" idOficio="11098249" pubName="DO2" artType="Portaria" pubDate="01/07/2025" artClass="00047:00002:00021:00038:00000:00000:00000:00000:00000:00000:00017:00003" artCategory="Ministério da Saúde/Secretaria Executiva/Subsecretaria de Assuntos Administrativos/Superintendência Estadual do Ministério da Saúde no Paraná" artSize="12" artNotes="" numberPage="77" pdfPage="http://pesquisa.in.gov.br/imprensa/jsp/visualiza/index.jsp?data=01/07/2025&amp;jornal=529&amp;pagina=77" editionNumber="121" highlightType="" highlightPriority="" highlight="" highlightimage="" highlightimagename="" idMateria="22797494">
  <body>
    <Identifica><![CDATA[ PORTARIA SEGEP/PR Nº 144,  DE 16 DE JUNHO DE 2025]]></Identifica>
    <Data><![CDATA[]]></Data>
    <Ementa />
    <Titulo />
    <SubTitulo />
    <Texto><![CDATA[<p class="identifica">PORTARIA SEGEP/PR Nº 144, DE 16 DE JUNHO DE 2025</p><p>A CHEFE DO SERVIÇO DE GESTÃO DE PESSOAS DA SUPERINTENDÊNCIA ESTADUAL DO MINISTÉRIO DA SAÚDE NO PARANÁ, no uso das competências conferidas pela apostila publicada na edição extraordinária do Boletim de Serviço nº 140, de 11/12/2023, de acordo com o Decreto nº 11.798, de 28 de novembro de 2023, publicado no Diário Oficial da União nº 225-B, Edição Extra B, de 28 de novembro de 2023, resolve:</p><p>Art. 1º - Conceder Aposentadoria Voluntária à servidora ELIS REGINA DOS SANTOS DE ARAUJO, matrícula SIAPE 0502862, ocupante do cargo de Auxiliar administrativo, nível intermediário, classe S, padrão V, do quadro de pessoal do Ministério da Saúde do Paraná, com fundamento no Art. 20, incisos I, II, III e IV, § 2º, inciso II, com proventos calculados com base no Art. 26, § 3º, inciso I, § 7º, da Emenda Constitucional nº 103, de 12/11/2019.</p><p>(Processo nº 25023.000486/2025-13)</p><p class="assina">LEANDRA LUCIANA BARBIERI DE OLIVEIRA</p>]]></Texto>
  </body>
  <Midias />
</article></xml>