﻿<xml><article id="44200202" name="PortariaGP_TRT16 nA 438_2025" idOficio="11107259" pubName="DO2" artType="Portaria" pubDate="01/07/2025" artClass="00070:00057:00000:00000:00000:00000:00000:00000:00000:00000:00017:00000" artCategory="Poder Judiciário/Tribunal Regional do Trabalho da 16ª Região" artSize="12" artNotes="" numberPage="102" pdfPage="http://pesquisa.in.gov.br/imprensa/jsp/visualiza/index.jsp?data=01/07/2025&amp;jornal=529&amp;pagina=102" editionNumber="121" highlightType="" highlightPriority="" highlight="" highlightimage="" highlightimagename="" idMateria="22811048">
  <body>
    <Identifica><![CDATA[ PORTARIA GP/TRT16 Nº 438, de 26 de junho de 2025]]></Identifica>
    <Data><![CDATA[]]></Data>
    <Ementa />
    <Titulo />
    <SubTitulo />
    <Texto><![CDATA[<p class="identifica">PORTARIA GP/TRT16 Nº 438, de 26 de junho de 2025</p><p>A PRESIDENTE DO TRIBUNAL REGIONAL DO TRABALHO DA 16ª REGIÃO, no uso de suas atribuições legais e regimentais, tendo em vista o constante no Processo SEI nº 000001439/2025 e na Resolução Administrativa nº 046, de 10/04/2025, publicada no Diário Eletrônico da Justiça do Trabalho de 14/04/2025, resolve:</p><p>Art. 1º Conceder aposentadoria voluntária, com proventos integrais e paridade, à servidora RAIMUNDA NONATA ARAÚJO TEIXEIRA, Analista Judiciária, Área Apoio Especializado, Especialidade Biblioteconomia, Classe "C", Padrão 13, do Quadro Permanente de Pessoal do Tribunal Regional do Trabalho da 16ª Região, matrícula nº 1953, com fundamento no art. 20 da EC nº 103/2019 c/c art. 7º da EC nº 41/2003, com as vantagens de adicional de tempo de serviço no percentual de 6%(seis por cento), com fundamento no art. 67 da Lei Federal nº 8.112/1990(redação original), com a permissão do art. 6º da Lei Federal nº 9.624/1998 e art. 15, inciso II, da Medida Provisória nº 2.225-45/2001; 2/5(dois quintos) de FC-04, com fundamento na redação original do art. 62 da Lei nº 8.112/1990, redação original dos arts. 3º e 10 da Lei nº 8.911/1994, na Lei nº 9.624/1998 e no art. 3º da Medida Provisória nº 2.225-45/2001, bem como amparo em Decisão Judicial transitada em julgado no processo 0004757-20.2006.4.01.3700, que tramitou no TRF-1ª Região, c/c modulação dos efeitos do Acórdão STF no RE 638115/CE; e 7,5% (sete vírgula cinco por cento) a título de adicional de qualificação pela conclusão de curso de Especialização, com base nos arts. 14 e 15, inciso III, da Lei nº 11.416/2006 c/c art. 6º, inciso III, art. 18, Anexo I, Seção III, da Portaria Conjunta STF.CNJ nº 1, de 07/03/2007 e art. 11 da Resolução CSJT nº 196/2017.</p><p>Art 2º A presente portaria produzirá efeitos a contar da data de sua publicação.</p><p class="assina">Desª. MÁRCIA ANDREA FARIAS DA SILVA</p>]]></Texto>
  </body>
  <Midias />
</article></xml>