﻿<xml><article id="44200130" name="PORTARIA N 578_22807558" idOficio="11104898" pubName="DO2" artType="Portaria" pubDate="01/07/2025" artClass="00034:00002:00000:00000:00000:00000:00000:00000:00000:00000:00017:00000" artCategory="Ministério do Meio Ambiente e Mudança do Clima/Secretaria Executiva" artSize="12" artNotes="" numberPage="68" pdfPage="http://pesquisa.in.gov.br/imprensa/jsp/visualiza/index.jsp?data=01/07/2025&amp;jornal=529&amp;pagina=68" editionNumber="121" highlightType="" highlightPriority="" highlight="" highlightimage="" highlightimagename="" idMateria="22807558">
  <body>
    <Identifica><![CDATA[ PORTARIA DE PESSOAL SECEX/MMA N° 578, DE 25 DE JUNHO DE 2025]]></Identifica>
    <Data><![CDATA[]]></Data>
    <Ementa />
    <Titulo />
    <SubTitulo />
    <Texto><![CDATA[<p class="identifica">PORTARIA DE PESSOAL SECEX/MMA N° 578, DE 25 DE JUNHO DE 2025</p><p>O SECRETÁRIO-EXECUTIVO DO MINISTÉRIO DO MEIO AMBIENTE E MUDANÇA DO CLIMA, no uso da competência que lhe foi delegada pela Portaria GM/MMA nº 897, de 22 de dezembro de 2023, publicada em 26 de dezembro de 2023, alterada pela Portaria GM/MMA nº 1.024, de 1º de abril de 2024, publicada no Diário Oficial da União de 02 de abril de 2024, e considerando o que consta no processo nº 02000.006002/2025-02, resolve:</p><p>Dispensar, a partir de 01 de julho de 2025, ALVANITE SILVA E MOURA, Matrícula SIAPE nº 1723889, da Função Comissionada Executiva de Chefe de Divisão, código FCE 1.07, da Divisão de Apoio ao CONAMA e ao SISNAMA, da Coordenação-Geral de Apoio CONAMA, do Departamento de Apoio ao CONAMA e ao SISNAMA, da Secretaria-Executiva.</p><p class="assina">JOÃO PAULO RIBEIRO CAPOBIANCO</p>]]></Texto>
  </body>
  <Midias />
</article></xml>