﻿<xml><article id="44204748" name="UNIVASF_RTF_Portaria_1768" idOficio="11111303" pubName="DO2" artType="Portaria" pubDate="01/07/2025" artClass="00025:00161:00000:00000:00000:00000:00000:00000:00000:00000:00017:00000" artCategory="Ministério da Educação/Fundação Universidade Federal do Vale do São Francisco" artSize="12" artNotes="" numberPage="52" pdfPage="http://pesquisa.in.gov.br/imprensa/jsp/visualiza/index.jsp?data=01/07/2025&amp;jornal=529&amp;pagina=52" editionNumber="121" highlightType="" highlightPriority="" highlight="" highlightimage="" highlightimagename="" idMateria="22816632">
  <body>
    <Identifica><![CDATA[ PORTARIA Nº 1.768/UNIVASF, DE 30 DE JUNHO DE 2025]]></Identifica>
    <Data><![CDATA[]]></Data>
    <Ementa />
    <Titulo />
    <SubTitulo />
    <Texto><![CDATA[<p class="identifica">PORTARIA Nº 1.768/UNIVASF, DE 30 DE JUNHO DE 2025</p><p>O Reitor da Fundação Universidade Federal do Vale do São Francisco - UNIVASF, no uso das suas atribuições conferidas pelo Decreto de 05 de abril de 2023, publicado no Diário Oficial da União nº 67 de 06 de abril de 2023 e o que consta no Processo nº 23402.020617/2025-81, resolve:</p><p>AUTORIZAR o afastamento do país da servidora REGINA WOLF QUEIROZ, matrícula SIAPE nº 1852116, ocupante do cargo de Médica Veterinária, lotada na Diretoria da Clínica Veterinária Universitária - Campus Ciências Agrárias, para realizar teletrabalho na modalidade de regime integral com residência no exterior, nos termos da alínea 18c 19, inciso VIII, art. 26 da Instrução Normativa nº 0012/REITORIA/UNIVASF de 07/10/2024 e art. 12 do Decreto nº 11.072/2022, durante o 3º ciclo vigente do Programa de Gestão na Univasf, devendo o servidor posteriormente solicitar a renovação da autorização.</p><p class="assina">TELIO NOBRE LEITE</p>]]></Texto>
  </body>
  <Midias />
</article></xml>