﻿<xml><article id="44199932" name="Portaria 192_26 Jun 2025" idOficio="11104906" pubName="DO2" artType="Portaria" pubDate="01/07/2025" artClass="00070:00012:00001:00000:00000:00000:00000:00000:00000:00000:00017:00000" artCategory="Poder Judiciário/Tribunal Regional Federal da 6ª Região/Presidência" artSize="12" artNotes="" numberPage="94" pdfPage="http://pesquisa.in.gov.br/imprensa/jsp/visualiza/index.jsp?data=01/07/2025&amp;jornal=529&amp;pagina=94" editionNumber="121" highlightType="" highlightPriority="" highlight="" highlightimage="" highlightimagename="" idMateria="22807593">
  <body>
    <Identifica><![CDATA[ PORTARIA PRESI Nº 192, DE 26 DE JUNHO DE 2025]]></Identifica>
    <Data><![CDATA[]]></Data>
    <Ementa />
    <Titulo />
    <SubTitulo />
    <Texto><![CDATA[<p class="identifica">PORTARIA PRESI Nº 192, DE 26 DE JUNHO DE 2025</p><p>O PRESIDENTE DO TRIBUNAL REGIONAL FEDERAL DA 6ª REGIÃO, no uso de suas atribuições legais e regimentais, tendo em vista o constante nos autos do PAe 0007572-83.2025.4.06.8000, resolve:</p><p>COLOCAR À DISPOSIÇÃO do Tribunal Regional Federal da 6ª Região, nos termos do art. 93, I, da Lei nº 8.112/90, c/c art. 37 e 38, da Resolução CJF nº 05/2008, para exercer função comissionada, a servidora LETÍCIA SALVIANO GONTIJO, Técnico Judiciário/Área Administrativa, do Quadro de Pessoal da Justiça Federal de Primeiro Grau em Minas Gerais/Subseção Judiciária de Belo Horizonte.</p><p class="assina">Des. VALLISNEY OLIVEIRA</p>]]></Texto>
  </body>
  <Midias />
</article></xml>