﻿<xml><article id="44202018" name="PORTARIA N 1.932_22815795" idOficio="11110629" pubName="DO2" artType="Portaria" pubDate="01/07/2025" artClass="00070:00059:00000:00000:00000:00000:00000:00000:00000:00000:00017:00001" artCategory="Poder Judiciário/Tribunal Regional do Trabalho da 18ª Região/Presidência" artSize="12" artNotes="" numberPage="103" pdfPage="http://pesquisa.in.gov.br/imprensa/jsp/visualiza/index.jsp?data=01/07/2025&amp;jornal=529&amp;pagina=103" editionNumber="121" highlightType="" highlightPriority="" highlight="" highlightimage="" highlightimagename="" idMateria="22815795">
  <body>
    <Identifica><![CDATA[ PORTARIA GP/SGPE Nº 1.932, DE 26 DE JUNHO DE 2025]]></Identifica>
    <Data><![CDATA[]]></Data>
    <Ementa />
    <Titulo />
    <SubTitulo />
    <Texto><![CDATA[<p class="identifica">PORTARIA GP/SGPE Nº 1.932, DE 26 DE JUNHO DE 2025</p><p>O DESEMBARGADOR-PRESIDENTE DO TRIBUNAL REGIONAL DO TRABALHO DA 18ª REGIÃO, no uso de suas atribuições legais e regimentais, tendo em vista o que consta no Processo Administrativo PROAD n.º 11.041/2025,</p><p>CONSIDERANDO o disposto no art. 20 da Emenda Constitucional n.º 103, de 12 de novembro de 2019, o qual estabelece que o servidor público federal que tenha ingressado no serviço público em cargo efetivo até a data de entrada em vigor daquela Emenda Constitucional poderá aposentar-se voluntariamente quando preencher os requisitos estabelecidos nos incisos do referido artigo, resolve:</p><p>Art. 1º Conceder aposentadoria voluntária à servidora HELIANE MARIA ALVES DE CASTRO, com proventos calculados pela média aritmética simples das remunerações de contribuição, sem paridade e limitados ao teto do Regime Geral da Previdência Social, no cargo de Analista Judiciário, Área Administrativa, Classe "C", Padrão 13, do Quadro de Pessoal do Tribunal Regional do Trabalho da 18ª Região, com fundamento no art. 20 da Emenda Constitucional n.º 103, de 12 de novembro de 2019, acrescidos do benefício especial previsto na Lei n.º 12.618/2012.</p><p>Art. 2º Exonerar a servidora HELIANE MARIA ALVES DE CASTRO, Analista Judiciário, Área Administrativa, do Quadro de Pessoal deste Tribunal, do cargo em comissão de Diretor de Divisão, código TRT 18ª CJ-1, da Divisão de Pagamento, em virtude de sua aposentadoria.</p><p>Art. 3º Esta Portaria entra em vigor na data de sua publicação.</p><p class="assina">Des. EUGÊNIO JOSÉ CESÁRIO ROSA</p>]]></Texto>
  </body>
  <Midias />
</article></xml>