﻿<xml><article id="44201607" name="GAB - PORTARIA 6271 - 19739.1119" idOficio="11110552" pubName="DO2" artType="Portaria" pubDate="01/07/2025" artClass="00029:00036:00000:00000:00000:00000:00000:00000:00000:00000:00017:00000" artCategory="Ministério da Gestão e da Inovação em Serviços Públicos/Secretaria do Patrimônio da União" artSize="12" artNotes="" numberPage="63" pdfPage="http://pesquisa.in.gov.br/imprensa/jsp/visualiza/index.jsp?data=01/07/2025&amp;jornal=529&amp;pagina=63" editionNumber="121" highlightType="" highlightPriority="" highlight="" highlightimage="" highlightimagename="" idMateria="22815686">
  <body>
    <Identifica><![CDATA[ PORTARIA DE PESSOAL SPU/MGI Nº 6.271, DE 26 DE JUNHO DE 2025]]></Identifica>
    <Data><![CDATA[]]></Data>
    <Ementa />
    <Titulo />
    <SubTitulo />
    <Texto><![CDATA[<p class="identifica">PORTARIA DE PESSOAL SPU/MGI Nº 6.271, DE 26 DE JUNHO DE 2025</p><p>A SECRETÁRIA DO PATRIMÔNIO DA UNIÃO, DO MINISTÉRIO DA GESTÃO E DA INOVAÇÃO EM SERVIÇOS PÚBLICOS, no uso da competência que lhe foi delegada pelo art. 12 da Portaria MGI nº 572, de 8 de março de 2023, publicada no Diário Oficial da União de 9 de março de 2023, e demais informações que constam no Processo 19739.111949/2023-32, resolve:</p><p>Art. 1º Dispensar o servidor LUCAS MEIRA DOS SANTOS, cargo Assistente em Administração, Matrícula SIAPE nº 1733540, da Função Comissionada Executiva de Chefe da Seção de Gestão e Controle, da Coordenação da Superintendência do Patrimônio da União na Bahia, código FCE 1.04, da Superintendência do Patrimônio da União na Bahia, da Secretaria do Patrimônio da União, do Ministério da Gestão e da Inovação em Serviços Públicos.</p><p>Art. 2º Esta portaria entra em vigor na data de sua publicação.</p><p class="assina">CAROLINA GABAS STUCHI</p>]]></Texto>
  </body>
  <Midias />
</article></xml>