﻿<xml><article id="44200001" name="PORTARIA N 124_22809184" idOficio="11105978" pubName="DO2" artType="Portaria" pubDate="01/07/2025" artClass="00032:00039:00010:00000:00000:00000:00000:00000:00000:00000:00017:00000" artCategory="Ministério da Integração e do Desenvolvimento Regional/Superintendência do Desenvolvimento da Amazônia/Diretoria de Administração" artSize="12" artNotes="" numberPage="65" pdfPage="http://pesquisa.in.gov.br/imprensa/jsp/visualiza/index.jsp?data=01/07/2025&amp;jornal=529&amp;pagina=65" editionNumber="121" highlightType="" highlightPriority="" highlight="" highlightimage="" highlightimagename="" idMateria="22809184">
  <body>
    <Identifica><![CDATA[ PORTARIA DIRAD/SUDAM N° 124, DE 24 DE JUNHO DE 2025]]></Identifica>
    <Data><![CDATA[]]></Data>
    <Ementa />
    <Titulo />
    <SubTitulo />
    <Texto><![CDATA[<p class="identifica">PORTARIA DIRAD/SUDAM N° 124, DE 24 DE JUNHO DE 2025</p><p>A DIRETORA DE ADMINISTRAÇÃO DA SUPERINTENDÊNCIA DO DESENVOLVIMENTO DA AMAZÔNIA - SUDAM no uso das atribuições delegadas por meio da Portaria nº 38, de 28 de junho de 2023, publicada no DOU de 03 de julho de 2023, e considerando o constante no Processo SEI 59004.000870/2025-58, resolve:</p><p>Art. 1º Conceder aposentadoria voluntária com proventos integrais, a partir de 01/07/2025, à servidora NARDA MARGARETH CARVALHO GOMES DE SOUZA, matrícula SIAPE nº 1193574, ocupante do cargo de Técnico em Assuntos Educacionais, Classe S, Padrão V, pertencente ao Plano de Cargos do Poder Executivo (PGPE) do Quadro de Pessoal Permanente desta Superintendência, com fundamento no art. 20, § 2º, inciso I, da Emenda Constitucional nº 103, de 2019.</p><p>Art. 2º Declarar vago o referido cargo, código de vaga nº 573549.</p><p class="assina">ALINE DIAS ROSSY</p>]]></Texto>
  </body>
  <Midias />
</article></xml>