﻿<xml><article id="44203251" name="500 - DANILO E PAULO TIBERIO - D" idOficio="11110908" pubName="DO2" artType="Portaria" pubDate="01/07/2025" artClass="00070:00004:00001:00002:00000:00000:00000:00000:00000:00000:00017:00000" artCategory="Poder Judiciário/Superior Tribunal de Justiça/Presidência/Secretaria" artSize="12" artNotes="" numberPage="91" pdfPage="http://pesquisa.in.gov.br/imprensa/jsp/visualiza/index.jsp?data=01/07/2025&amp;jornal=529&amp;pagina=91" editionNumber="121" highlightType="" highlightPriority="" highlight="" highlightimage="" highlightimagename="" idMateria="22816140">
  <body>
    <Identifica><![CDATA[ Portaria STJ/GDG Nº 500, DE 24 DE junho DE 2025]]></Identifica>
    <Data><![CDATA[]]></Data>
    <Ementa />
    <Titulo />
    <SubTitulo />
    <Texto><![CDATA[<p class="identifica">Portaria STJ/GDG Nº 500, DE 24 DE junho DE 2025</p><p>O DIRETOR-GERAL DA SECRETARIA DO SUPERIOR TRIBUNAL DE JUSTIÇA, com base no item 21.2.3, XI, b, do Anexo da Instrução Normativa STJ/GP n. 19 de 11 de junho de 2025 e no disposto no art. 35, I, da Lei n. 8.112, de 11 de dezembro de 1990, resolve:</p><p>Art. 1º Efetuar as seguintes alterações na Coordenadoria de Apoio à Governança e Gestão de TIC, da Secretaria de Tecnologia da Informação e Comunicação:</p><p>I - Dispensar DANILO RODRIGUES DE CARVALHO, matrícula S074300, da função de confiança de Assistente II, código FC-2;</p><p>II - Designar PAULO TIBÉRIO MURADAS BULHÕES, matrícula S074262, para a função de confiança de Assistente II, código FC-2, na vaga decorrente da dispensa de Danilo Rodrigues de Carvalho.</p><p>Art. 2º Esta portaria entra em vigor na data de sua publicação.</p><p class="assina">SERGIO JOSÉ AMERICO PEDREIRA</p>]]></Texto>
  </body>
  <Midias />
</article></xml>