﻿<xml><article id="44206476" name="AC-300-ECT-00439450" idOficio="11108588" pubName="DO2" artType="Despacho" pubDate="01/07/2025" artClass="00014:00022:00000:00000:00000:00000:00000:00000:00000:00000:00013:00000" artCategory="Ministério das Comunicações/Empresa Brasileira de Correios e Telégrafos" artSize="12" artNotes="" numberPage="12" pdfPage="http://pesquisa.in.gov.br/imprensa/jsp/visualiza/index.jsp?data=01/07/2025&amp;jornal=529&amp;pagina=12" editionNumber="121" highlightType="" highlightPriority="" highlight="" highlightimage="" highlightimagename="" idMateria="22812686">
  <body>
    <Identifica><![CDATA[ DESPACHO de 25 DE JUNHO DE 2025]]></Identifica>
    <Data><![CDATA[]]></Data>
    <Ementa />
    <Titulo />
    <SubTitulo />
    <Texto><![CDATA[<p class="identifica">DESPACHO de 25 DE JUNHO DE 2025</p><p>O Presidente da Empresa Brasileira de Correios e Telégrafos - ECT, no uso da competência que lhe foi delegada pela Portaria MCOM nº 15.743, de 30 de dezembro de 2024, publicada no D.O.U. nº 251, de 31 de dezembro de 2024, resolve:</p><p>Autorizar a prorrogação do afastamento do país, na forma do Decreto nº 1.387, de 7 de fevereiro de 1995, da empregada JAMILLE PAZ ANDRADE, Técnico de Correios Júnior - Suporte (Técnico em Administração), do Departamento de Gestão de Produtos Internacionais, para continuar a desempenhar missão de assistência técnica no posto de Coordenador Regional EMS para as Américas e Caribe, Mercados e Comunicação, da Cooperativa EMS, na Secretaria Internacional da União Postal Universal - UPU, na cidade de Berna, Suíça, de 1º de agosto de 2025 a 31 de julho de 2028, cujo ato de autorização foi publicado no DOU nº 144, Seção 2, página 42, de 29 de julho de 2010, sem ônus para a ECT, conforme processo nº 53180.033015/2022-63.</p><p class="assina">FABIANO SILVA DOS SANTOS</p>]]></Texto>
  </body>
  <Midias />
</article></xml>