﻿<xml><article id="44200634" name="ATO TRT21- GP NA 140-2025" idOficio="11066705" pubName="DO2" artType="Ato" pubDate="01/07/2025" artClass="00070:00062:00001:00002:00001:00000:00000:00000:00000:00000:00001:00000" artCategory="Poder Judiciário/Tribunal Regional do Trabalho da 21ª Região/Presidência/Diretoria-Geral/Secretaria Administrativa" artSize="12" artNotes="" numberPage="104" pdfPage="http://pesquisa.in.gov.br/imprensa/jsp/visualiza/index.jsp?data=01/07/2025&amp;jornal=529&amp;pagina=104" editionNumber="121" highlightType="" highlightPriority="" highlight="" highlightimage="" highlightimagename="" idMateria="22743116">
  <body>
    <Identifica><![CDATA[ ATO TRT21-GP Nº 140, DE 3 DE JUNHO DE 2025]]></Identifica>
    <Data><![CDATA[]]></Data>
    <Ementa />
    <Titulo />
    <SubTitulo />
    <Texto><![CDATA[<p class="identifica">ATO TRT21-GP Nº 140, DE 3 DE JUNHO DE 2025</p><p>O PRESIDENTE DO TRIBUNAL REGIONAL DO TRABALHO DA 21ª REGIÃO, no uso de suas atribuições, e tendo em vista o disposto no PROAD Nº 1893/2025, resolve:</p><p>REDISTRIBUIR para o Quadro Permanente de Pessoal do Tribunal Regional do Trabalho da 4ª Região, o cargo efetivo da carreira judiciária de Técnico Judiciário, Área Administrativa, Sem Especialidade Nº 421, do Quadro Permanente de Pessoal deste Tribunal, ocupado pelo servidor Paulo Sérgio da Silva Bobadilha, matrícula nº 308.21.1905, tendo por reciprocidade a redistribuição simultânea do cargo de Técnico Judiciário, Área Administrativa, Sem Especialidade, do Quadro Permanente de Pessoal do Tribunal Regional do Trabalho da 4ª Região, ocupado pela servidora Elisandra Gonçalez Martins, para o deste Regional, com fundamento no art. 37 da Lei nº 8.112/90, observando-se a regulamentação contida na Resolução nº 146/2012, do Conselho Nacional de Justiça.</p><p class="assina">EDUARDO SERRANO DA ROCHA</p>]]></Texto>
  </body>
  <Midias />
</article></xml>