﻿<xml><article id="44200118" name="ATO 910-2025 - MARA BENEDITA - T" idOficio="11093706" pubName="DO2" artType="Ato" pubDate="01/07/2025" artClass="00070:00007:00001:00000:00000:00000:00000:00000:00000:00000:00001:00002" artCategory="Poder Judiciário/Tribunal Regional Federal da 1ª Região/Presidência" artSize="12" artNotes="" numberPage="93" pdfPage="http://pesquisa.in.gov.br/imprensa/jsp/visualiza/index.jsp?data=01/07/2025&amp;jornal=529&amp;pagina=93" editionNumber="121" highlightType="" highlightPriority="" highlight="" highlightimage="" highlightimagename="" idMateria="22791028">
  <body>
    <Identifica><![CDATA[  Ato Presi nº 910, de 17 de Junho de 2025]]></Identifica>
    <Data><![CDATA[]]></Data>
    <Ementa />
    <Titulo />
    <SubTitulo />
    <Texto><![CDATA[<p class="identifica">Ato Presi nº 910, de 17 de Junho de 2025</p><p>O PRESIDENTE DO TRIBUNAL REGIONAL FEDERAL DA 1ª REGIÃO, no uso de suas atribuições legais e regimentais e tendo em vista o constante nos autos do PAe 0019054-66.2025.4.01.8000, resolve:</p><p>DEFERIR APOSENTADORIA voluntária à servidora MARA BENEDITA CAETANO DE SOUZA, Analista Judiciária, Área Administrativa, Classe "C", Padrão 13, do Quadro de Pessoal deste Tribunal, com fundamento no art. 10, § 1º, inciso I, e § 4º, e art. 26, § 2º, inciso II, e § 7º, da Emenda Constitucional 103/2019, com proventos calculados pela média da remuneração contributiva.</p><p class="assina">Des. GILDA SIGMARINGA SEIXAS</p>]]></Texto>
  </body>
  <Midias />
</article></xml>