﻿<xml><article id="44200691" name="ATO GP 335 _2025_Process 6003244" idOficio="11101130" pubName="DO2" artType="Ato" pubDate="01/07/2025" artClass="00070:00005:00001:00000:00000:00000:00000:00000:00000:00000:00001:00004" artCategory="Poder Judiciário/Tribunal Superior do Trabalho/Presidência" artSize="12" artNotes="" numberPage="92" pdfPage="http://pesquisa.in.gov.br/imprensa/jsp/visualiza/index.jsp?data=01/07/2025&amp;jornal=529&amp;pagina=92" editionNumber="121" highlightType="" highlightPriority="" highlight="" highlightimage="" highlightimagename="" idMateria="22802282">
  <body>
    <Identifica><![CDATA[ ATO Nº 335, DE 18 DE JUNHO DE 2025]]></Identifica>
    <Data><![CDATA[]]></Data>
    <Ementa />
    <Titulo />
    <SubTitulo />
    <Texto><![CDATA[<p class="identifica">ATO Nº 335, DE 18 DE JUNHO DE 2025</p><p>O VICE-PRESIDENTE NO EXERCÍCIO DA PRESIDÊNCIA DO TRIBUNAL SUPERIOR DO TRABALHO, no uso de suas atribuições legais e regimentais, e tendo em vista o constante dos autos do Processo Administrativo TST nº 6003244/2025-00, resolve:</p><p>Redistribuir, a contar de 1º/7/2025, o cargo vago da Carreira Judiciária de Analista Judiciário, Área Judiciária, Especialidade Oficial de Justiça Avaliador Federal, do Quadro de Pessoal da Secretaria deste Tribunal, em reciprocidade com o cargo idêntico ocupado pelo servidor ALISSON LEANDRO ARAGÃO MENESES, do Quadro de Pessoal do Tribunal Regional do Trabalho da 23ª Região, de acordo com o disposto na Resolução nº 146 do Conselho Nacional de Justiça, de 6/3/2012.</p><p class="assina">Min. MAURICIO JOSÉ GODINHO DELGADO</p>]]></Texto>
  </body>
  <Midias />
</article></xml>