﻿<xml><article id="44735422" name="7648 Bancos de Leite Humano - BL" idOficio="11191341" pubName="DO1" artType="Portaria" pubDate="01/08/2025" artClass="00047:00001:00000:00000:00000:00000:00000:00000:00000:00000:00054:00000" artCategory="Ministério da Saúde/Gabinete do Ministro" artSize="24" artNotes="" numberPage="106" pdfPage="http://pesquisa.in.gov.br/imprensa/jsp/visualiza/index.jsp?data=01/08/2025&amp;jornal=515&amp;pagina=106" editionNumber="144" highlightType="" highlightPriority="" highlight="" highlightimage="" highlightimagename="" idMateria="22948682">
  <body>
    <Identifica />
    <Data><![CDATA[]]></Data>
    <Ementa />
    <Titulo />
    <SubTitulo />
    <Texto><![CDATA[<p /><p></p><table><tr><td rowspan="1" colspan="1"><p>RJ</p></td><td rowspan="1" colspan="1"><p>Rio de Janeiro</p></td><td rowspan="1" colspan="1"><p>330455</p></td><td rowspan="1" colspan="1"><p>SAO JOAO DE MERITI</p></td><td rowspan="1" colspan="1"><p>FUNDO ESTADUAL DE SAUDE FES</p></td><td rowspan="1" colspan="1"><p>Estadual</p></td><td rowspan="1" colspan="1"><p>6518893</p></td><td rowspan="1" colspan="1"><p>Banco de Leite Humano do Hospital da Mulher Heloneida Studart</p></td><td rowspan="1" colspan="1"><p>15.000,00</p></td><td rowspan="1" colspan="1"><p>180.000,00</p></td></tr><tr><td rowspan="1" colspan="1"><p>RJ</p></td><td rowspan="1" colspan="1"><p>Volta Redonda</p></td><td rowspan="1" colspan="1"><p>330630</p></td><td rowspan="1" colspan="1"><p>VOLTA REDONDA</p></td><td rowspan="1" colspan="1"><p>FUNDO MUNICIPAL DE SAUDE PMVR SMS</p></td><td rowspan="1" colspan="1"><p>Municipal</p></td><td rowspan="1" colspan="1"><p>0025135</p></td><td rowspan="1" colspan="1"><p>Banco de Leite Humano do Hospital São João Batista</p></td><td rowspan="1" colspan="1"><p>15.000,00</p></td><td rowspan="1" colspan="1"><p>180.000,00</p></td></tr><tr><td rowspan="1" colspan="1"><p>RN</p></td><td rowspan="1" colspan="1"><p>Caicó</p></td><td rowspan="1" colspan="1"><p>240200</p></td><td rowspan="1" colspan="1"><p>CAICO</p></td><td rowspan="1" colspan="1"><p>FUNDO MUNICIPAL DE SAUDE DE CAICO - RN</p></td><td rowspan="1" colspan="1"><p>Municipal</p></td><td rowspan="1" colspan="1"><p>2665778</p></td><td rowspan="1" colspan="1"><p>Banco de Leite Humano de Caicó</p></td><td rowspan="1" colspan="1"><p>15.000,00</p></td><td rowspan="1" colspan="1"><p>180.000,00</p></td></tr><tr><td rowspan="1" colspan="1"><p>RN</p></td><td rowspan="1" colspan="1"><p>Natal</p></td><td rowspan="1" colspan="1"><p>240810</p></td><td rowspan="1" colspan="1"><p>MOSSORO</p></td><td rowspan="1" colspan="1"><p>FUNDO ESTADUAL DE SAUDE DO RIO GRANDE DO NORTE</p></td><td rowspan="1" colspan="1"><p>Estadual</p></td><td rowspan="1" colspan="1"><p>4093577</p></td><td rowspan="1" colspan="1"><p>Banco de Leite Humano do Mossoró Hospital Regional Parteira Maria Coreia</p></td><td rowspan="1" colspan="1"><p>15.000,00</p></td><td rowspan="1" colspan="1"><p>180.000,00</p></td></tr><tr><td rowspan="1" colspan="1"><p>RN</p></td><td rowspan="1" colspan="1"><p>Natal</p></td><td rowspan="1" colspan="1"><p>240810</p></td><td rowspan="1" colspan="1"><p>NATAL</p></td><td rowspan="1" colspan="1"><p>FUNDO ESTADUAL DE SAUDE DO RIO GRANDE DO NORTE</p></td><td rowspan="1" colspan="1"><p>Estadual</p></td><td rowspan="1" colspan="1"><p>2408570</p></td><td rowspan="1" colspan="1"><p>Banco de Leite Humano do Hospital Dr. José Pedro Bezerra</p></td><td rowspan="1" colspan="1"><p>15.000,00</p></td><td rowspan="1" colspan="1"><p>180.000,00</p></td></tr><tr><td rowspan="1" colspan="1"><p>RN</p></td><td rowspan="1" colspan="1"><p>Natal</p></td><td rowspan="1" colspan="1"><p>240810</p></td><td rowspan="1" colspan="1"><p>NATAL</p></td><td rowspan="1" colspan="1"><p>FUNDO MUNICIPAL DE SAUDE</p></td><td rowspan="1" colspan="1"><p>Municipal</p></td><td rowspan="1" colspan="1"><p>2409208</p></td><td rowspan="1" colspan="1"><p>Banco de Leite Humano da Maternidade Escola Januário Cicco</p></td><td rowspan="1" colspan="1"><p>15.000,00</p></td><td rowspan="1" colspan="1"><p>180.000,00</p></td></tr><tr><td rowspan="1" colspan="1"><p>RN</p></td><td rowspan="1" colspan="1"><p>Natal</p></td><td rowspan="1" colspan="1"><p>240810</p></td><td rowspan="1" colspan="1"><p>NATAL</p></td><td rowspan="1" colspan="1"><p>FUNDO ESTADUAL DE SAUDE DO RIO GRANDE DO NORTE</p></td><td rowspan="1" colspan="1"><p>Estadual</p></td><td rowspan="1" colspan="1"><p>2679469</p></td><td rowspan="1" colspan="1"><p>Banco de Leite Humano do Hospital Central Coronel Pedro Germano</p></td><td rowspan="1" colspan="1"><p>15.000,00</p></td><td rowspan="1" colspan="1"><p>180.000,00</p></td></tr><tr><td rowspan="1" colspan="1"><p>RN</p></td><td rowspan="1" colspan="1"><p>Parnamirim</p></td><td rowspan="1" colspan="1"><p>240325</p></td><td rowspan="1" colspan="1"><p>PARNAMIRIM</p></td><td rowspan="1" colspan="1"><p>FUNDO MUNICIPAL DE SAUDE DE PARNAMIRIM</p></td><td rowspan="1" colspan="1"><p>Municipal</p></td><td rowspan="1" colspan="1"><p>2473380</p></td><td rowspan="1" colspan="1"><p>Banco de Leite Humano Maternidade do Divino Amor</p></td><td rowspan="1" colspan="1"><p>15.000,00</p></td><td rowspan="1" colspan="1"><p>180.000,00</p></td></tr><tr><td rowspan="1" colspan="1"><p>RO</p></td><td rowspan="1" colspan="1"><p>Porto Velho</p></td><td rowspan="1" colspan="1"><p>110020</p></td><td rowspan="1" colspan="1"><p>PORTO VELHO</p></td><td rowspan="1" colspan="1"><p>FUNDO ESTADUAL DE SAUDE</p></td><td rowspan="1" colspan="1"><p>Estadual</p></td><td rowspan="1" colspan="1"><p>4001303</p></td><td rowspan="1" colspan="1"><p>Banco de Leite Humano Santa Ágata</p></td><td rowspan="1" colspan="1"><p>15.000,00</p></td><td rowspan="1" colspan="1"><p>180.000,00</p></td></tr><tr><td rowspan="1" colspan="1"><p>RR</p></td><td rowspan="1" colspan="1"><p>Boa Vista</p></td><td rowspan="1" colspan="1"><p>140010</p></td><td rowspan="1" colspan="1"><p>BOA VISTA</p></td><td rowspan="1" colspan="1"><p>FUNDO ESTADUAL DE SAUDE DO ESTADO RORAIMA</p></td><td rowspan="1" colspan="1"><p>Estadual</p></td><td rowspan="1" colspan="1"><p>2566168</p></td><td rowspan="1" colspan="1"><p>Banco de Leite Humano Dra. Marilurdes Albuquerque</p></td><td rowspan="1" colspan="1"><p>15.000,00</p></td><td rowspan="1" colspan="1"><p>180.000,00</p></td></tr><tr><td rowspan="1" colspan="1"><p>RS</p></td><td rowspan="1" colspan="1"><p>Porto Alegre</p></td><td rowspan="1" colspan="1"><p>431490</p></td><td rowspan="1" colspan="1"><p>BAGE</p></td><td rowspan="1" colspan="1"><p>FUNDO ESTADUAL DE SAUDE</p></td><td rowspan="1" colspan="1"><p>Estadual</p></td><td rowspan="1" colspan="1"><p>2261987</p></td><td rowspan="1" colspan="1"><p>Banco de Leite Humano Santa Casa de Bagé</p></td><td rowspan="1" colspan="1"><p>15.000,00</p></td><td rowspan="1" colspan="1"><p>180.000,00</p></td></tr></table>]]></Texto>
  </body>
  <Midias />
</article></xml>