﻿<xml><article id="44730319" name="Res_REA_16.332_2025_SCE" idOficio="11190983" pubName="DO1" artType="Resolução" pubDate="01/08/2025" artClass="00035:00043:00021:00000:00000:00000:00000:00000:00000:00000:00024:00007" artCategory="Ministério de Minas e Energia/Agência Nacional de Energia Elétrica/Diretoria Colegiada" artSize="12" artNotes="" numberPage="71" pdfPage="http://pesquisa.in.gov.br/imprensa/jsp/visualiza/index.jsp?data=01/08/2025&amp;jornal=515&amp;pagina=71" editionNumber="144" highlightType="" highlightPriority="" highlight="" highlightimage="" highlightimagename="" idMateria="22947786">
  <body>
    <Identifica><![CDATA[ RESOLUÇÃO AUTORIZATIVA Nº 16.332, DE 29 DE JULHO DE 2025]]></Identifica>
    <Data><![CDATA[]]></Data>
    <Ementa />
    <Titulo />
    <SubTitulo />
    <Texto><![CDATA[<p class="identifica">RESOLUÇÃO AUTORIZATIVA Nº 16.332, DE 29 DE JULHO DE 2025</p><p>O DIRETOR-GERAL DA AGÊNCIA NACIONAL DE ENERGIA ELÉTRICA - ANEEL, com base no art. 16, IV, do Regimento Interno da ANEEL, resolve:</p><p>Processo nº: 48500.021560/2025-50. Interessado: Elektro Redes S.A., CNPJ nº 02.328.280/0001-97. Objeto: Declarar de utilidade pública, para fins de desapropriação, em favor da interessada, a área de terra que perfaz uma superfície de aproximadamente 100 (cem) metros quadrados, necessária à implantação da Estação de Chaves da Linha de Distribuição 138 kV Ramal Santa Rita do Passa Quatro 01, localizada no município de Santa Rita do Passa Quatro, estado de São Paulo. A íntegra desta Resolução consta dos autos e encontra-se disponível no endereço eletrônico http://biblioteca.aneel.gov.br.</p><p class="assina">SANDOVAL DE ARAÚJO FEITOSA NETO</p>]]></Texto>
  </body>
  <Midias />
</article></xml>