﻿<xml><article id="44745375" name="2025-08-01/11191622/ANMWS_229490" idOficio="11191622" pubName="DO1" artType="Despacho" pubDate="04/08/2025" artClass="00035:00044:00029:00000:00000:00000:00000:00000:00000:00000:00024:00031" artCategory="Ministério de Minas e Energia/Agência Nacional de Mineração/Gerência da ANM no Estado do Amapá" artSize="12" artNotes="" numberPage="56" pdfPage="http://pesquisa.in.gov.br/imprensa/jsp/visualiza/index.jsp?data=04/08/2025&amp;jornal=515&amp;pagina=56" editionNumber="145" highlightType="" highlightPriority="" highlight="" highlightimage="" highlightimagename="" idMateria="22949036">
  <body>
    <Identifica><![CDATA[Despacho]]></Identifica>
    <Data><![CDATA[]]></Data>
    <Ementa />
    <Titulo />
    <SubTitulo />
    <Texto><![CDATA[<p class="identifica">Despacho</p><p>Relação nº 31/2025</p><p>Fase de Autorização de Pesquisa</p><p>Determina o cancelamento do alvará de pesquisa(296)</p><p>858.069/2011-METALQUIMICA LTDA- Alvará N°3401- DOU de 29/05/2019</p><p>Concede anuência e autoriza averbação da cessão parcial de direitos(175)</p><p>858.058/2006-GREIPHIL MINAS LTDA- Alvará n°2236/2007 - Cessionario:858.066/2024-Mineração Amapá Ltda- CPF ou CNPJ 12.027.203/0001-50</p><p>Fase de Licenciamento</p><p>Autoriza averbação da Prorrogação do Registro de Licença(742)</p><p>858.006/2014-AREAL RIO PEDREIRA LTDA EPP- Registro de Licença N° 69/2022 - Vencimento em 22/05/2026</p><p class="assina">MARIA DOS REIS MONTEIRO TEIXEIRA</p><p class="cargo">Gerente</p><p class="cargo">Substituta</p>]]></Texto>
  </body>
  <Midias />
</article></xml>