﻿<xml><article id="44722094" name="DECISAO SUPAS 1121" idOficio="11189139" pubName="DO1" artType="Decisão" pubDate="01/08/2025" artClass="00050:00019:00052:00000:00000:00000:00000:00000:00000:00000:00018:00000" artCategory="Ministério dos Transportes/Agência Nacional de Transportes Terrestres/Superintendência de Serviços de Transporte Rodoviário de Passageiros" artSize="12" artNotes="" numberPage="192" pdfPage="http://pesquisa.in.gov.br/imprensa/jsp/visualiza/index.jsp?data=01/08/2025&amp;jornal=515&amp;pagina=192" editionNumber="144" highlightType="" highlightPriority="" highlight="" highlightimage="" highlightimagename="" idMateria="22945107">
  <body>
    <Identifica><![CDATA[ DECISÃO SUPAS Nº 1.121, DE 25 DE JULHO DE 2025]]></Identifica>
    <Data><![CDATA[]]></Data>
    <Ementa />
    <Titulo />
    <SubTitulo />
    <Texto><![CDATA[<p class="identifica">DECISÃO SUPAS Nº 1.121, DE 25 DE JULHO DE 2025</p><p>O Superintendente de Serviços de Transporte Rodoviário de Passageiros da Agência Nacional de Transportes Terrestres - ANTT, no uso de suas atribuições, em conformidade com o art. 3º e o inciso X do art. 8º, ambos do Anexo da Resolução nº 5.818, de 3 de maio de 2018, e com o inciso IV do art. 29, e inciso VIII do art. 105, ambos da Resolução nº 5.976, de 7 de abril de 2022;</p><p>CONSIDERANDO que os mercados objetos do pleito de emissão de TAR não são autorizados à requerente; e</p><p>CONSIDERANDO o que consta no processo nº 50505.039608/2025-88, decide:</p><p>Art. 1º Indeferir o pedido de emissão do Termo de Autorização à CONEXÃO BRASIL LTDA., CNPJ nº 43.351.361/0001-95, para prestação do serviço regular de transporte rodoviário coletivo interestadual de passageiros, sob o regime de autorização, nas linhas ANAPOLIS/GO-SANTOS/SP e LUIS CORREIA/PI-GUAPO/GO, e suas seções.</p><p>Art. 2º Esta Decisão entra em vigor na data de sua publicação.</p><p class="assina">JULIANO DE BARROS SAMÔR</p>]]></Texto>
  </body>
  <Midias />
</article></xml>