﻿<xml><article id="44735230" name="PortMB-MD-51-2025_011" idOficio="11191346" pubName="DO1" artType="Portaria" pubDate="01/08/2025" artClass="00016:00012:00001:00000:00000:00000:00000:00000:00000:00000:00054:00011" artCategory="Ministério da Defesa/Comando da Marinha/Gabinete do Comandante" artSize="12" artNotes="" numberPage="13" pdfPage="http://pesquisa.in.gov.br/imprensa/jsp/visualiza/index.jsp?data=01/08/2025&amp;jornal=515&amp;pagina=13" editionNumber="144" highlightType="" highlightPriority="" highlight="" highlightimage="" highlightimagename="" idMateria="22948606">
  <body>
    <Identifica />
    <Data><![CDATA[]]></Data>
    <Ementa />
    <Titulo />
    <SubTitulo />
    <Texto><![CDATA[<p>4.4.6. No caso de corte em estilo chanel com variação do comprimento acompanhando o formato do rosto, a diferença de altura entre a parte de trás e a parte da frente do cabelo não poderá exceder 3 cm.</p><img name="1_MD_1_012" />]]></Texto>
  </body>
  <Midias>
    <Midia></Midia>
  </Midias>
</article></xml>