﻿<xml><article id="44735867" name="Portaria FP 31 07 2025 Descreden" idOficio="11191432" pubName="DO1" artType="Despacho" pubDate="01/08/2025" artClass="00047:00039:00000:00000:00000:00000:00000:00000:00000:00000:00024:00000" artCategory="Ministério da Saúde/Secretaria de Ciência, Tecnologia e Inovação e do Complexo Econômico-Industrial da Saúde" artSize="24" artNotes="" numberPage="155" pdfPage="http://pesquisa.in.gov.br/imprensa/jsp/visualiza/index.jsp?data=01/08/2025&amp;jornal=515&amp;pagina=155" editionNumber="144" highlightType="" highlightPriority="" highlight="" highlightimage="" highlightimagename="" idMateria="22948776">
  <body>
    <Identifica />
    <Data><![CDATA[]]></Data>
    <Ementa />
    <Titulo />
    <SubTitulo />
    <Texto><![CDATA[<p /><p></p><table><tr /><tr><td rowspan="1" colspan="1"><p>2899</p></td><td rowspan="1" colspan="1"><p>82931239000140</p></td><td rowspan="1" colspan="1"><p>DROGARIA EMIN LTDA</p></td><td rowspan="1" colspan="1"><p>SC</p></td><td rowspan="1" colspan="1"><p>ITAJAI</p></td><td rowspan="1" colspan="1"><p>25000036664200984</p></td></tr><tr><td rowspan="1" colspan="1"><p>2900</p></td><td rowspan="1" colspan="1"><p>08149413000144</p></td><td rowspan="1" colspan="1"><p>FANI MARIA ALVES</p></td><td rowspan="1" colspan="1"><p>SC</p></td><td rowspan="1" colspan="1"><p>ITAJAI</p></td><td rowspan="1" colspan="1"><p>25000062096200713</p></td></tr><tr><td rowspan="1" colspan="1"><p>2901</p></td><td rowspan="1" colspan="1"><p>08271068000540</p></td><td rowspan="1" colspan="1"><p>FARMAMIX LTDA</p></td><td rowspan="1" colspan="1"><p>SC</p></td><td rowspan="1" colspan="1"><p>ITAJAI</p></td><td rowspan="1" colspan="1"><p>25000208036201211</p></td></tr><tr><td rowspan="1" colspan="1"><p>2902</p></td><td rowspan="1" colspan="1"><p>08271068000389</p></td><td rowspan="1" colspan="1"><p>FARMAMIX LTDA</p></td><td rowspan="1" colspan="1"><p>SC</p></td><td rowspan="1" colspan="1"><p>ITAJAI</p></td><td rowspan="1" colspan="1"><p>25000208036201211</p></td></tr><tr><td rowspan="1" colspan="1"><p>2903</p></td><td rowspan="1" colspan="1"><p>08271068000206</p></td><td rowspan="1" colspan="1"><p>FARMAMIX LTDA</p></td><td rowspan="1" colspan="1"><p>SC</p></td><td rowspan="1" colspan="1"><p>ITAJAI</p></td><td rowspan="1" colspan="1"><p>25000208036201211</p></td></tr><tr><td rowspan="1" colspan="1"><p>2904</p></td><td rowspan="1" colspan="1"><p>02192810000384</p></td><td rowspan="1" colspan="1"><p>DROGARIA E FARMACIA UNIPHARMAIS LTDA</p></td><td rowspan="1" colspan="1"><p>SC</p></td><td rowspan="1" colspan="1"><p>ITAPEMA</p></td><td rowspan="1" colspan="1"><p>25000030398200986</p></td></tr><tr><td rowspan="1" colspan="1"><p>2905</p></td><td rowspan="1" colspan="1"><p>10489639000136</p></td><td rowspan="1" colspan="1"><p>FARMACIA ADRIFARMA LTDA</p></td><td rowspan="1" colspan="1"><p>SC</p></td><td rowspan="1" colspan="1"><p>ITAPEMA</p></td><td rowspan="1" colspan="1"><p>25000132709201084</p></td></tr><tr><td rowspan="1" colspan="1"><p>2906</p></td><td rowspan="1" colspan="1"><p>17087259000114</p></td><td rowspan="1" colspan="1"><p>FARMACIA KOCH LTDA</p></td><td rowspan="1" colspan="1"><p>SC</p></td><td rowspan="1" colspan="1"><p>ITAPEMA</p></td><td rowspan="1" colspan="1"><p>25000106647201306</p></td></tr><tr><td rowspan="1" colspan="1"><p>2907</p></td><td rowspan="1" colspan="1"><p>18043891000129</p></td><td rowspan="1" colspan="1"><p>FARMACIA MEGA POPULAR LTDA</p></td><td rowspan="1" colspan="1"><p>SC</p></td><td rowspan="1" colspan="1"><p>ITAPEMA</p></td><td rowspan="1" colspan="1"><p>25000007932201507</p></td></tr><tr><td rowspan="1" colspan="1"><p>2908</p></td><td rowspan="1" colspan="1"><p>00133786000115</p></td><td rowspan="1" colspan="1"><p>REGINA IANOVICZ</p></td><td rowspan="1" colspan="1"><p>SC</p></td><td rowspan="1" colspan="1"><p>ITAPEMA</p></td><td rowspan="1" colspan="1"><p>25000131985201114</p></td></tr><tr><td rowspan="1" colspan="1"><p>2909</p></td><td rowspan="1" colspan="1"><p>03777341000409</p></td><td rowspan="1" colspan="1"><p>SERVICO SOCIAL DA INDUSTRIA</p></td><td rowspan="1" colspan="1"><p>SC</p></td><td rowspan="1" colspan="1"><p>ITAPIRANGA</p></td><td rowspan="1" colspan="1"><p>25000061170200695</p></td></tr><tr><td rowspan="1" colspan="1"><p>2910</p></td><td rowspan="1" colspan="1"><p>04798016000223</p></td><td rowspan="1" colspan="1"><p>HORACI DE FATIMA DOS SANTOS COSTA CAMPOS</p></td><td rowspan="1" colspan="1"><p>SC</p></td><td rowspan="1" colspan="1"><p>ITAPOA</p></td><td rowspan="1" colspan="1"><p>25000190596201031</p></td></tr><tr><td rowspan="1" colspan="1"><p>2911</p></td><td rowspan="1" colspan="1"><p>15814639000188</p></td><td rowspan="1" colspan="1"><p>PAULO GONCILDE DE LARA VIEIRA &amp; CIA LTDA</p></td><td rowspan="1" colspan="1"><p>SC</p></td><td rowspan="1" colspan="1"><p>ITAPOA</p></td><td rowspan="1" colspan="1"><p>25000109688201346</p></td></tr><tr><td rowspan="1" colspan="1"><p>2912</p></td><td rowspan="1" colspan="1"><p>05122210000257</p></td><td rowspan="1" colspan="1"><p>FARMACIA AURORA LTDA</p></td><td rowspan="1" colspan="1"><p>SC</p></td><td rowspan="1" colspan="1"><p>ITUPORANGA</p></td><td rowspan="1" colspan="1"><p>25000102969201114</p></td></tr><tr><td rowspan="1" colspan="1"><p>2913</p></td><td rowspan="1" colspan="1"><p>03295852000141</p></td><td rowspan="1" colspan="1"><p>ALQUIMIA FARMACIA LTDA</p></td><td rowspan="1" colspan="1"><p>SC</p></td><td rowspan="1" colspan="1"><p>JARAGUA DO SUL</p></td><td rowspan="1" colspan="1"><p>25000147667201167</p></td></tr><tr><td rowspan="1" colspan="1"><p>2914</p></td><td rowspan="1" colspan="1"><p>02542221000117</p></td><td rowspan="1" colspan="1"><p>ASS DOS SINDICATOS DOS TRABALHADORES DE JARAGUA DO SUL</p></td><td rowspan="1" colspan="1"><p>SC</p></td><td rowspan="1" colspan="1"><p>JARAGUA DO SUL</p></td><td rowspan="1" colspan="1"><p>25000056260200664</p></td></tr><tr><td rowspan="1" colspan="1"><p>2915</p></td><td rowspan="1" colspan="1"><p>14238891000123</p></td><td rowspan="1" colspan="1"><p>REIS PROMOCAO DE VENDAS LTDA</p></td><td rowspan="1" colspan="1"><p>SC</p></td><td rowspan="1" colspan="1"><p>JARAGUA DO SUL</p></td><td rowspan="1" colspan="1"><p>25000074878201335</p></td></tr><tr><td rowspan="1" colspan="1"><p>2916</p></td><td rowspan="1" colspan="1"><p>07347500000658</p></td><td rowspan="1" colspan="1"><p>AC FARMACIAS LTDA</p></td><td rowspan="1" colspan="1"><p>SC</p></td><td rowspan="1" colspan="1"><p>JOINVILLE</p></td><td rowspan="1" colspan="1"><p>25000109642200789</p></td></tr><tr><td rowspan="1" colspan="1"><p>2917</p></td><td rowspan="1" colspan="1"><p>07818365000177</p></td><td rowspan="1" colspan="1"><p>DROGARIA JARDIM LTDA</p></td><td rowspan="1" colspan="1"><p>SC</p></td><td rowspan="1" colspan="1"><p>JOINVILLE</p></td><td rowspan="1" colspan="1"><p>25000116748201387</p></td></tr><tr><td rowspan="1" colspan="1"><p>2918</p></td><td rowspan="1" colspan="1"><p>94296175020833</p></td><td rowspan="1" colspan="1"><p>DROGARIA MAIS ECONOMICA S.A. FALIDO</p></td><td rowspan="1" colspan="1"><p>SC</p></td><td rowspan="1" colspan="1"><p>JOINVILLE</p></td><td rowspan="1" colspan="1"><p>25000051632200666</p></td></tr><tr><td rowspan="1" colspan="1"><p>2919</p></td><td rowspan="1" colspan="1"><p>11092039000100</p></td><td rowspan="1" colspan="1"><p>FABIO LUIZ MORAIS</p></td><td rowspan="1" colspan="1"><p>SC</p></td><td rowspan="1" colspan="1"><p>JOINVILLE</p></td><td rowspan="1" colspan="1"><p>25000142241201206</p></td></tr><tr><td rowspan="1" colspan="1"><p>2920</p></td><td rowspan="1" colspan="1"><p>05845191000106</p></td><td rowspan="1" colspan="1"><p>G.J.G. FARMACIA LTDA</p></td><td rowspan="1" colspan="1"><p>SC</p></td><td rowspan="1" colspan="1"><p>JOINVILLE</p></td><td rowspan="1" colspan="1"><p>25000184056201019</p></td></tr><tr><td rowspan="1" colspan="1"><p>2921</p></td><td rowspan="1" colspan="1"><p>13540352000181</p></td><td rowspan="1" colspan="1"><p>GRACIELA MENDES DE CASTRO GUIZONI</p></td><td rowspan="1" colspan="1"><p>SC</p></td><td rowspan="1" colspan="1"><p>JOINVILLE</p></td><td rowspan="1" colspan="1"><p>25000000883201221</p></td></tr><tr><td rowspan="1" colspan="1"><p>2922</p></td><td rowspan="1" colspan="1"><p>07000013000100</p></td><td rowspan="1" colspan="1"><p>J.G. BENCKE FARMACIA LTDA</p></td><td rowspan="1" colspan="1"><p>SC</p></td><td rowspan="1" colspan="1"><p>JOINVILLE</p></td><td rowspan="1" colspan="1"><p>25000105720201152</p></td></tr><tr><td rowspan="1" colspan="1"><p>2923</p></td><td rowspan="1" colspan="1"><p>06895010000119</p></td><td rowspan="1" colspan="1"><p>LONGO COMERCIO DE ARTIGOS DE ARMARINHO LTDA</p></td><td rowspan="1" colspan="1"><p>SC</p></td><td rowspan="1" colspan="1"><p>JOINVILLE</p></td><td rowspan="1" colspan="1"><p>25000203087201086</p></td></tr><tr><td rowspan="1" colspan="1"><p>2924</p></td><td rowspan="1" colspan="1"><p>03777341005044</p></td><td rowspan="1" colspan="1"><p>SERVICO SOCIAL DA INDUSTRIA</p></td><td rowspan="1" colspan="1"><p>SC</p></td><td rowspan="1" colspan="1"><p>JOINVILLE</p></td><td rowspan="1" colspan="1"><p>25000061170200695</p></td></tr><tr><td rowspan="1" colspan="1"><p>2925</p></td><td rowspan="1" colspan="1"><p>14877571000113</p></td><td rowspan="1" colspan="1"><p>ALANDHEY CORDOVA</p></td><td rowspan="1" colspan="1"><p>SC</p></td><td rowspan="1" colspan="1"><p>LAGES</p></td><td rowspan="1" colspan="1"><p>25000100499201227</p></td></tr><tr><td rowspan="1" colspan="1"><p>2926</p></td><td rowspan="1" colspan="1"><p>86161361000801</p></td><td rowspan="1" colspan="1"><p>CONSULTORIA E COBRANCA PINHEIRO LTDA</p></td><td rowspan="1" colspan="1"><p>SC</p></td><td rowspan="1" colspan="1"><p>LAGES</p></td><td rowspan="1" colspan="1"><p>25000103142201381</p></td></tr><tr><td rowspan="1" colspan="1"><p>2927</p></td><td rowspan="1" colspan="1"><p>06005866000171</p></td><td rowspan="1" colspan="1"><p>RE COMERCIO DE MEDICAMENTOS LTDA</p></td><td rowspan="1" colspan="1"><p>SC</p></td><td rowspan="1" colspan="1"><p>LAGES</p></td><td rowspan="1" colspan="1"><p>25000054498201201</p></td></tr><tr><td rowspan="1" colspan="1"><p>2928</p></td><td rowspan="1" colspan="1"><p>03777341002967</p></td><td rowspan="1" colspan="1"><p>SERVICO SOCIAL DA INDUSTRIA</p></td><td rowspan="1" colspan="1"><p>SC</p></td><td rowspan="1" colspan="1"><p>LAGES</p></td><td rowspan="1" colspan="1"><p>25000061170200695</p></td></tr><tr><td rowspan="1" colspan="1"><p>2929</p></td><td rowspan="1" colspan="1"><p>00063960025004</p></td><td rowspan="1" colspan="1"><p>WMB SUPERMERCADOS DO BRASIL LTDA.</p></td><td rowspan="1" colspan="1"><p>SC</p></td><td rowspan="1" colspan="1"><p>LAGES</p></td><td rowspan="1" colspan="1"><p>25000086421201292</p></td></tr><tr><td rowspan="1" colspan="1"><p>2930</p></td><td rowspan="1" colspan="1"><p>20344235000108</p></td><td rowspan="1" colspan="1"><p>DROGARIA E FARMACIA LAGUNAFARMA LTDA</p></td><td rowspan="1" colspan="1"><p>SC</p></td><td rowspan="1" colspan="1"><p>LAGUNA</p></td><td rowspan="1" colspan="1"><p>25000148787201424</p></td></tr><tr><td rowspan="1" colspan="1"><p>2931</p></td><td rowspan="1" colspan="1"><p>15540619000166</p></td><td rowspan="1" colspan="1"><p>TOMAS JERONIMO E DUARTE JERONIMO LTDA</p></td><td rowspan="1" colspan="1"><p>SC</p></td><td rowspan="1" colspan="1"><p>LAGUNA</p></td><td rowspan="1" colspan="1"><p>25000105987201310</p></td></tr><tr><td rowspan="1" colspan="1"><p>2932</p></td><td rowspan="1" colspan="1"><p>95805727000152</p></td><td rowspan="1" colspan="1"><p>LOJAS WEBBER LTDA</p></td><td rowspan="1" colspan="1"><p>SC</p></td><td rowspan="1" colspan="1"><p>LEBON REGIS</p></td><td rowspan="1" colspan="1"><p>25000019000201175</p></td></tr><tr><td rowspan="1" colspan="1"><p>2933</p></td><td rowspan="1" colspan="1"><p>07031978000160</p></td><td rowspan="1" colspan="1"><p>FARMAPRI FARMACIA E DROGARIA LTDA</p></td><td rowspan="1" colspan="1"><p>SC</p></td><td rowspan="1" colspan="1"><p>LONTRAS</p></td><td rowspan="1" colspan="1"><p>25000113346200600</p></td></tr><tr><td rowspan="1" colspan="1"><p>2934</p></td><td rowspan="1" colspan="1"><p>10495875000165</p></td><td rowspan="1" colspan="1"><p>MACI FARMA COMERCIO DE MEDICAMENTOS EIRELI</p></td><td rowspan="1" colspan="1"><p>SC</p></td><td rowspan="1" colspan="1"><p>MACIEIRA</p></td><td rowspan="1" colspan="1"><p>25000113855201272</p></td></tr><tr><td rowspan="1" colspan="1"><p>2935</p></td><td rowspan="1" colspan="1"><p>07038729000104</p></td><td rowspan="1" colspan="1"><p>FARMACIA HCP LTDA</p></td><td rowspan="1" colspan="1"><p>SC</p></td><td rowspan="1" colspan="1"><p>MAFRA</p></td><td rowspan="1" colspan="1"><p>25000013495200912</p></td></tr><tr><td rowspan="1" colspan="1"><p>2936</p></td><td rowspan="1" colspan="1"><p>73231573000108</p></td><td rowspan="1" colspan="1"><p>VALDEMAR FLEISCHMANN &amp; CIA LTDA</p></td><td rowspan="1" colspan="1"><p>SC</p></td><td rowspan="1" colspan="1"><p>MAFRA</p></td><td rowspan="1" colspan="1"><p>25000509517200937</p></td></tr><tr><td rowspan="1" colspan="1"><p>2937</p></td><td rowspan="1" colspan="1"><p>03678419000780</p></td><td rowspan="1" colspan="1"><p>DIMEOESTE COMERCIO DE PRODUTOS FARMACEUTICOS LTDA</p></td><td rowspan="1" colspan="1"><p>SC</p></td><td rowspan="1" colspan="1"><p>MARAVILHA</p></td><td rowspan="1" colspan="1"><p>25000169045201017</p></td></tr><tr><td rowspan="1" colspan="1"><p>2938</p></td><td rowspan="1" colspan="1"><p>07658331000162</p></td><td rowspan="1" colspan="1"><p>VILSON BOFF &amp; CIA LTDA</p></td><td rowspan="1" colspan="1"><p>SC</p></td><td rowspan="1" colspan="1"><p>MARAVILHA</p></td><td rowspan="1" colspan="1"><p>25000121796201214</p></td></tr><tr><td rowspan="1" colspan="1"><p>2939</p></td><td rowspan="1" colspan="1"><p>00861366000155</p></td><td rowspan="1" colspan="1"><p>CLEONICE REGINA MULLER TOMCZAK</p></td><td rowspan="1" colspan="1"><p>SC</p></td><td rowspan="1" colspan="1"><p>MASSARANDUBA</p></td><td rowspan="1" colspan="1"><p>25000047008201121</p></td></tr><tr><td rowspan="1" colspan="1"><p>2940</p></td><td rowspan="1" colspan="1"><p>07357570000182</p></td><td rowspan="1" colspan="1"><p>MARLISE LINDEMANN</p></td><td rowspan="1" colspan="1"><p>SC</p></td><td rowspan="1" colspan="1"><p>MODELO</p></td><td rowspan="1" colspan="1"><p>25000205925201056</p></td></tr><tr><td rowspan="1" colspan="1"><p>2941</p></td><td rowspan="1" colspan="1"><p>05106214000160</p></td><td rowspan="1" colspan="1"><p>LEONIR BORTOLANZA COMERCIO DE PRODUTOS FARMACEUTICOS</p></td><td rowspan="1" colspan="1"><p>SC</p></td><td rowspan="1" colspan="1"><p>MONTE CARLO</p></td><td rowspan="1" colspan="1"><p>25000024079200931</p></td></tr><tr><td rowspan="1" colspan="1"><p>2942</p></td><td rowspan="1" colspan="1"><p>15264471000184</p></td><td rowspan="1" colspan="1"><p>FARMACIA E DROGARIA CASTELENSE LTDA</p></td><td rowspan="1" colspan="1"><p>SC</p></td><td rowspan="1" colspan="1"><p>MONTE CASTELO</p></td><td rowspan="1" colspan="1"><p>25000148388201463</p></td></tr><tr><td rowspan="1" colspan="1"><p>2943</p></td><td rowspan="1" colspan="1"><p>76328764000253</p></td><td rowspan="1" colspan="1"><p>FARMACIA CANARIN &amp; DEBIASI LTDA.</p></td><td rowspan="1" colspan="1"><p>SC</p></td><td rowspan="1" colspan="1"><p>ORLEANS</p></td><td rowspan="1" colspan="1"><p>25000033927201118</p></td></tr><tr><td rowspan="1" colspan="1"><p>2944</p></td><td rowspan="1" colspan="1"><p>10771304000106</p></td><td rowspan="1" colspan="1"><p>FARMACIA PELLEGRINI &amp; FORTUNATO LTDA</p></td><td rowspan="1" colspan="1"><p>SC</p></td><td rowspan="1" colspan="1"><p>ORLEANS</p></td><td rowspan="1" colspan="1"><p>25000210185201070</p></td></tr><tr><td rowspan="1" colspan="1"><p>2945</p></td><td rowspan="1" colspan="1"><p>06311012000466</p></td><td rowspan="1" colspan="1"><p>CARDOSO,SANTOS LTDA</p></td><td rowspan="1" colspan="1"><p>SC</p></td><td rowspan="1" colspan="1"><p>OTACILIO COSTA</p></td><td rowspan="1" colspan="1"><p>25000045102201146</p></td></tr><tr><td rowspan="1" colspan="1"><p>2946</p></td><td rowspan="1" colspan="1"><p>01339390000191</p></td><td rowspan="1" colspan="1"><p>SCYLLA CONTE NUNES FACCIN</p></td><td rowspan="1" colspan="1"><p>SC</p></td><td rowspan="1" colspan="1"><p>OURO</p></td><td rowspan="1" colspan="1"><p>25000508104200935</p></td></tr><tr><td rowspan="1" colspan="1"><p>2947</p></td><td rowspan="1" colspan="1"><p>05233987000299</p></td><td rowspan="1" colspan="1"><p>JULIANO LARGURA LTDA</p></td><td rowspan="1" colspan="1"><p>SC</p></td><td rowspan="1" colspan="1"><p>PAPANDUVA</p></td><td rowspan="1" colspan="1"><p>25000079458201345</p></td></tr><tr><td rowspan="1" colspan="1"><p>2948</p></td><td rowspan="1" colspan="1"><p>04658744000159</p></td><td rowspan="1" colspan="1"><p>CAMPOS &amp; CIA LTDA</p></td><td rowspan="1" colspan="1"><p>SC</p></td><td rowspan="1" colspan="1"><p>PINHALZINHO</p></td><td rowspan="1" colspan="1"><p>25000120564201079</p></td></tr><tr><td rowspan="1" colspan="1"><p>2949</p></td><td rowspan="1" colspan="1"><p>07368596000630</p></td><td rowspan="1" colspan="1"><p>D'AGOSTINI EMPREENDIMENTOS FARMACEUTICOS LTDA</p></td><td rowspan="1" colspan="1"><p>SC</p></td><td rowspan="1" colspan="1"><p>PINHALZINHO</p></td><td rowspan="1" colspan="1"><p>25000558814200914</p></td></tr><tr><td rowspan="1" colspan="1"><p>2950</p></td><td rowspan="1" colspan="1"><p>82137548000304</p></td><td rowspan="1" colspan="1"><p>FARMACIA AUXILIADORA LTDA</p></td><td rowspan="1" colspan="1"><p>SC</p></td><td rowspan="1" colspan="1"><p>PINHALZINHO</p></td><td rowspan="1" colspan="1"><p>25000056488200654</p></td></tr><tr><td rowspan="1" colspan="1"><p>2951</p></td><td rowspan="1" colspan="1"><p>85310225000601</p></td><td rowspan="1" colspan="1"><p>MARCUS V. F. D'AGOSTINI LTDA EM RECUPERACAO JUDICIAL</p></td><td rowspan="1" colspan="1"><p>SC</p></td><td rowspan="1" colspan="1"><p>PINHALZINHO</p></td><td rowspan="1" colspan="1"><p>25000115044200668</p></td></tr><tr><td rowspan="1" colspan="1"><p>2952</p></td><td rowspan="1" colspan="1"><p>08969216000252</p></td><td rowspan="1" colspan="1"><p>FARMACIA MACAFARMA LTDA</p></td><td rowspan="1" colspan="1"><p>SC</p></td><td rowspan="1" colspan="1"><p>PIRATUBA</p></td><td rowspan="1" colspan="1"><p>25000552525200901</p></td></tr><tr><td rowspan="1" colspan="1"><p>2953</p></td><td rowspan="1" colspan="1"><p>10784003000117</p></td><td rowspan="1" colspan="1"><p>BASICO TEXTIL - COMERCIO ATACADISTA DE ARTIGOS DO VESTUARIO LTDA</p></td><td rowspan="1" colspan="1"><p>SC</p></td><td rowspan="1" colspan="1"><p>POMERODE</p></td><td rowspan="1" colspan="1"><p>25000571161200951</p></td></tr><tr><td rowspan="1" colspan="1"><p>2954</p></td><td rowspan="1" colspan="1"><p>00571260000206</p></td><td rowspan="1" colspan="1"><p>CLAUDIA MIGUEL DE SOUZA</p></td><td rowspan="1" colspan="1"><p>SC</p></td><td rowspan="1" colspan="1"><p>POMERODE</p></td><td rowspan="1" colspan="1"><p>25000081839200665</p></td></tr><tr><td rowspan="1" colspan="1"><p>2955</p></td><td rowspan="1" colspan="1"><p>07256178000147</p></td><td rowspan="1" colspan="1"><p>DIONE BONMANN</p></td><td rowspan="1" colspan="1"><p>SC</p></td><td rowspan="1" colspan="1"><p>POMERODE</p></td><td rowspan="1" colspan="1"><p>25000502886200907</p></td></tr><tr><td rowspan="1" colspan="1"><p>2956</p></td><td rowspan="1" colspan="1"><p>06198622000152</p></td><td rowspan="1" colspan="1"><p>JOSE LUIZ DE SOUZA COSMETICOS</p></td><td rowspan="1" colspan="1"><p>SC</p></td><td rowspan="1" colspan="1"><p>POMERODE</p></td><td rowspan="1" colspan="1"><p>25000025069201138</p></td></tr><tr><td rowspan="1" colspan="1"><p>2957</p></td><td rowspan="1" colspan="1"><p>05007456000288</p></td><td rowspan="1" colspan="1"><p>SIND. TRAB.IND.FIACAO,TECELAGEM, VESTUARIO,COURO E CALCADOS DE POMERODE</p></td><td rowspan="1" colspan="1"><p>SC</p></td><td rowspan="1" colspan="1"><p>POMERODE</p></td><td rowspan="1" colspan="1"><p>25000132795201378</p></td></tr><tr><td rowspan="1" colspan="1"><p>2958</p></td><td rowspan="1" colspan="1"><p>08743615000209</p></td><td rowspan="1" colspan="1"><p>MK SANTOS FARMACIA LTDA</p></td><td rowspan="1" colspan="1"><p>SC</p></td><td rowspan="1" colspan="1"><p>PORTO BELO</p></td><td rowspan="1" colspan="1"><p>25000594156200916</p></td></tr><tr><td rowspan="1" colspan="1"><p>2959</p></td><td rowspan="1" colspan="1"><p>06989953000100</p></td><td rowspan="1" colspan="1"><p>RONALDO ALVES &amp; CIA LTDA</p></td><td rowspan="1" colspan="1"><p>SC</p></td><td rowspan="1" colspan="1"><p>PORTO UNIAO</p></td><td rowspan="1" colspan="1"><p>25000045791200974</p></td></tr><tr><td rowspan="1" colspan="1"><p>2960</p></td><td rowspan="1" colspan="1"><p>02905464000253</p></td><td rowspan="1" colspan="1"><p>FARMACIA JUSTEN LTDA</p></td><td rowspan="1" colspan="1"><p>SC</p></td><td rowspan="1" colspan="1"><p>PRESIDENTE GETULIO</p></td><td rowspan="1" colspan="1"><p>25000203755201318</p></td></tr><tr><td rowspan="1" colspan="1"><p>2961</p></td><td rowspan="1" colspan="1"><p>79380747000172</p></td><td rowspan="1" colspan="1"><p>EDANIA M. RIZZI EIRELI</p></td><td rowspan="1" colspan="1"><p>SC</p></td><td rowspan="1" colspan="1"><p>RIO DO SUL</p></td><td rowspan="1" colspan="1"><p>25000090159201108</p></td></tr><tr><td rowspan="1" colspan="1"><p>2962</p></td><td rowspan="1" colspan="1"><p>07543128000221</p></td><td rowspan="1" colspan="1"><p>FARMACIA E DROGARIA ALTO VALE LTDA</p></td><td rowspan="1" colspan="1"><p>SC</p></td><td rowspan="1" colspan="1"><p>RIO DO SUL</p></td><td rowspan="1" colspan="1"><p>25000022907201383</p></td></tr></table>]]></Texto>
  </body>
  <Midias />
</article></xml>