﻿<xml><article id="44735924" name="Portaria FP 31 07 2025 Descreden" idOficio="11191432" pubName="DO1" artType="Despacho" pubDate="01/08/2025" artClass="00047:00039:00000:00000:00000:00000:00000:00000:00000:00000:00024:00000" artCategory="Ministério da Saúde/Secretaria de Ciência, Tecnologia e Inovação e do Complexo Econômico-Industrial da Saúde" artSize="24" artNotes="" numberPage="169" pdfPage="http://pesquisa.in.gov.br/imprensa/jsp/visualiza/index.jsp?data=01/08/2025&amp;jornal=515&amp;pagina=169" editionNumber="144" highlightType="" highlightPriority="" highlight="" highlightimage="" highlightimagename="" idMateria="22948776">
  <body>
    <Identifica />
    <Data><![CDATA[]]></Data>
    <Ementa />
    <Titulo />
    <SubTitulo />
    <Texto><![CDATA[<p /><p></p><table><tr /><tr><td rowspan="1" colspan="1"><p>4002</p></td><td rowspan="1" colspan="1"><p>60605664028973</p></td><td rowspan="1" colspan="1"><p>RAIA S.A.</p></td><td rowspan="1" colspan="1"><p>SP</p></td><td rowspan="1" colspan="1"><p>SAO PAULO</p></td><td rowspan="1" colspan="1"><p>25000044144200696</p></td></tr><tr><td rowspan="1" colspan="1"><p>4003</p></td><td rowspan="1" colspan="1"><p>60605664032067</p></td><td rowspan="1" colspan="1"><p>RAIA S.A.</p></td><td rowspan="1" colspan="1"><p>SP</p></td><td rowspan="1" colspan="1"><p>SAO PAULO</p></td><td rowspan="1" colspan="1"><p>25000044144200696</p></td></tr><tr><td rowspan="1" colspan="1"><p>4004</p></td><td rowspan="1" colspan="1"><p>60605664025281</p></td><td rowspan="1" colspan="1"><p>RAIA S.A.</p></td><td rowspan="1" colspan="1"><p>SP</p></td><td rowspan="1" colspan="1"><p>SAO PAULO</p></td><td rowspan="1" colspan="1"><p>25000044144200696</p></td></tr><tr><td rowspan="1" colspan="1"><p>4005</p></td><td rowspan="1" colspan="1"><p>60605664028035</p></td><td rowspan="1" colspan="1"><p>RAIA S.A.</p></td><td rowspan="1" colspan="1"><p>SP</p></td><td rowspan="1" colspan="1"><p>SAO PAULO</p></td><td rowspan="1" colspan="1"><p>25000044114200696</p></td></tr><tr><td rowspan="1" colspan="1"><p>4006</p></td><td rowspan="1" colspan="1"><p>60605664012112</p></td><td rowspan="1" colspan="1"><p>RAIA S.A.</p></td><td rowspan="1" colspan="1"><p>SP</p></td><td rowspan="1" colspan="1"><p>SAO PAULO</p></td><td rowspan="1" colspan="1"><p>25000044144200696</p></td></tr><tr><td rowspan="1" colspan="1"><p>4007</p></td><td rowspan="1" colspan="1"><p>60605664011574</p></td><td rowspan="1" colspan="1"><p>RAIA S.A.</p></td><td rowspan="1" colspan="1"><p>SP</p></td><td rowspan="1" colspan="1"><p>SAO PAULO</p></td><td rowspan="1" colspan="1"><p>25000044144200696</p></td></tr><tr><td rowspan="1" colspan="1"><p>4008</p></td><td rowspan="1" colspan="1"><p>60605664003040</p></td><td rowspan="1" colspan="1"><p>RAIA S.A.</p></td><td rowspan="1" colspan="1"><p>SP</p></td><td rowspan="1" colspan="1"><p>SAO PAULO</p></td><td rowspan="1" colspan="1"><p>25000044144200696</p></td></tr><tr><td rowspan="1" colspan="1"><p>4009</p></td><td rowspan="1" colspan="1"><p>60605664011736</p></td><td rowspan="1" colspan="1"><p>RAIA S.A.</p></td><td rowspan="1" colspan="1"><p>SP</p></td><td rowspan="1" colspan="1"><p>SAO PAULO</p></td><td rowspan="1" colspan="1"><p>25000044144200696</p></td></tr><tr><td rowspan="1" colspan="1"><p>4010</p></td><td rowspan="1" colspan="1"><p>60605664025109</p></td><td rowspan="1" colspan="1"><p>RAIA S.A.</p></td><td rowspan="1" colspan="1"><p>SP</p></td><td rowspan="1" colspan="1"><p>SAO PAULO</p></td><td rowspan="1" colspan="1"><p>25000044144200696</p></td></tr><tr><td rowspan="1" colspan="1"><p>4011</p></td><td rowspan="1" colspan="1"><p>60605664005507</p></td><td rowspan="1" colspan="1"><p>RAIA S.A.</p></td><td rowspan="1" colspan="1"><p>SP</p></td><td rowspan="1" colspan="1"><p>SAO PAULO</p></td><td rowspan="1" colspan="1"><p>25000044144200696</p></td></tr><tr><td rowspan="1" colspan="1"><p>4012</p></td><td rowspan="1" colspan="1"><p>60605664008000</p></td><td rowspan="1" colspan="1"><p>RAIA S.A.</p></td><td rowspan="1" colspan="1"><p>SP</p></td><td rowspan="1" colspan="1"><p>SAO PAULO</p></td><td rowspan="1" colspan="1"><p>25000044144200696</p></td></tr><tr><td rowspan="1" colspan="1"><p>4013</p></td><td rowspan="1" colspan="1"><p>60605664010250</p></td><td rowspan="1" colspan="1"><p>RAIA S.A.</p></td><td rowspan="1" colspan="1"><p>SP</p></td><td rowspan="1" colspan="1"><p>SAO PAULO</p></td><td rowspan="1" colspan="1"><p>25000044144200696</p></td></tr><tr><td rowspan="1" colspan="1"><p>4014</p></td><td rowspan="1" colspan="1"><p>60605664008514</p></td><td rowspan="1" colspan="1"><p>RAIA S.A.</p></td><td rowspan="1" colspan="1"><p>SP</p></td><td rowspan="1" colspan="1"><p>SAO PAULO</p></td><td rowspan="1" colspan="1"><p>25000044144200696</p></td></tr><tr><td rowspan="1" colspan="1"><p>4015</p></td><td rowspan="1" colspan="1"><p>60605664007380</p></td><td rowspan="1" colspan="1"><p>RAIA S.A.</p></td><td rowspan="1" colspan="1"><p>SP</p></td><td rowspan="1" colspan="1"><p>SAO PAULO</p></td><td rowspan="1" colspan="1"><p>25000044144200696</p></td></tr><tr><td rowspan="1" colspan="1"><p>4016</p></td><td rowspan="1" colspan="1"><p>60605664007976</p></td><td rowspan="1" colspan="1"><p>RAIA S.A.</p></td><td rowspan="1" colspan="1"><p>SP</p></td><td rowspan="1" colspan="1"><p>SAO PAULO</p></td><td rowspan="1" colspan="1"><p>25000044144200696</p></td></tr><tr><td rowspan="1" colspan="1"><p>4017</p></td><td rowspan="1" colspan="1"><p>60605664005337</p></td><td rowspan="1" colspan="1"><p>RAIA S.A.</p></td><td rowspan="1" colspan="1"><p>SP</p></td><td rowspan="1" colspan="1"><p>SAO PAULO</p></td><td rowspan="1" colspan="1"><p>25000044144200696</p></td></tr><tr><td rowspan="1" colspan="1"><p>4018</p></td><td rowspan="1" colspan="1"><p>60605664006570</p></td><td rowspan="1" colspan="1"><p>RAIA S.A.</p></td><td rowspan="1" colspan="1"><p>SP</p></td><td rowspan="1" colspan="1"><p>SAO PAULO</p></td><td rowspan="1" colspan="1"><p>25000044144200696</p></td></tr><tr><td rowspan="1" colspan="1"><p>4019</p></td><td rowspan="1" colspan="1"><p>60605664005680</p></td><td rowspan="1" colspan="1"><p>RAIA S.A.</p></td><td rowspan="1" colspan="1"><p>SP</p></td><td rowspan="1" colspan="1"><p>SAO PAULO</p></td><td rowspan="1" colspan="1"><p>25000044144200696</p></td></tr><tr><td rowspan="1" colspan="1"><p>4020</p></td><td rowspan="1" colspan="1"><p>60605664007623</p></td><td rowspan="1" colspan="1"><p>RAIA S.A.</p></td><td rowspan="1" colspan="1"><p>SP</p></td><td rowspan="1" colspan="1"><p>SAO PAULO</p></td><td rowspan="1" colspan="1"><p>25000044144200696</p></td></tr><tr><td rowspan="1" colspan="1"><p>4021</p></td><td rowspan="1" colspan="1"><p>60605664025010</p></td><td rowspan="1" colspan="1"><p>RAIA S.A.</p></td><td rowspan="1" colspan="1"><p>SP</p></td><td rowspan="1" colspan="1"><p>SAO PAULO</p></td><td rowspan="1" colspan="1"><p>25000044144200696</p></td></tr><tr><td rowspan="1" colspan="1"><p>4022</p></td><td rowspan="1" colspan="1"><p>60605664035082</p></td><td rowspan="1" colspan="1"><p>RAIA S.A.</p></td><td rowspan="1" colspan="1"><p>SP</p></td><td rowspan="1" colspan="1"><p>SAO PAULO</p></td><td rowspan="1" colspan="1"><p>25000044144200696</p></td></tr><tr><td rowspan="1" colspan="1"><p>4023</p></td><td rowspan="1" colspan="1"><p>11627156000113</p></td><td rowspan="1" colspan="1"><p>RODRIGO PERES SILVA</p></td><td rowspan="1" colspan="1"><p>SP</p></td><td rowspan="1" colspan="1"><p>SAO PAULO</p></td><td rowspan="1" colspan="1"><p>25000157894201109</p></td></tr><tr><td rowspan="1" colspan="1"><p>4024</p></td><td rowspan="1" colspan="1"><p>01545828000198</p></td><td rowspan="1" colspan="1"><p>SE SUPERMERCADOS LTDA.</p></td><td rowspan="1" colspan="1"><p>SP</p></td><td rowspan="1" colspan="1"><p>SAO PAULO</p></td><td rowspan="1" colspan="1"><p>25000600657200949</p></td></tr><tr><td rowspan="1" colspan="1"><p>4025</p></td><td rowspan="1" colspan="1"><p>01545828009900</p></td><td rowspan="1" colspan="1"><p>SE SUPERMERCADOS LTDA.</p></td><td rowspan="1" colspan="1"><p>SP</p></td><td rowspan="1" colspan="1"><p>SAO PAULO</p></td><td rowspan="1" colspan="1"><p>25000600657200949</p></td></tr><tr><td rowspan="1" colspan="1"><p>4026</p></td><td rowspan="1" colspan="1"><p>01545828009730</p></td><td rowspan="1" colspan="1"><p>SE SUPERMERCADOS LTDA.</p></td><td rowspan="1" colspan="1"><p>SP</p></td><td rowspan="1" colspan="1"><p>SAO PAULO</p></td><td rowspan="1" colspan="1"><p>25000600657200949</p></td></tr><tr><td rowspan="1" colspan="1"><p>4027</p></td><td rowspan="1" colspan="1"><p>59901736000183</p></td><td rowspan="1" colspan="1"><p>T&amp;H COMERCIAL FARMACEUTICA LTDA</p></td><td rowspan="1" colspan="1"><p>SP</p></td><td rowspan="1" colspan="1"><p>SAO PAULO</p></td><td rowspan="1" colspan="1"><p>25000526807200945</p></td></tr><tr><td rowspan="1" colspan="1"><p>4028</p></td><td rowspan="1" colspan="1"><p>09535373000131</p></td><td rowspan="1" colspan="1"><p>ULTRASAUDE DROGARIAS LTDA</p></td><td rowspan="1" colspan="1"><p>SP</p></td><td rowspan="1" colspan="1"><p>SAO PAULO</p></td><td rowspan="1" colspan="1"><p>25000169816201220</p></td></tr><tr><td rowspan="1" colspan="1"><p>4029</p></td><td rowspan="1" colspan="1"><p>07587089000183</p></td><td rowspan="1" colspan="1"><p>VICTOR PERES GONCALVES</p></td><td rowspan="1" colspan="1"><p>SP</p></td><td rowspan="1" colspan="1"><p>SAO PAULO</p></td><td rowspan="1" colspan="1"><p>25000157860201114</p></td></tr><tr><td rowspan="1" colspan="1"><p>4030</p></td><td rowspan="1" colspan="1"><p>00063960017176</p></td><td rowspan="1" colspan="1"><p>WMB SUPERMERCADOS DO BRASIL LTDA.</p></td><td rowspan="1" colspan="1"><p>SP</p></td><td rowspan="1" colspan="1"><p>SAO PAULO</p></td><td rowspan="1" colspan="1"><p>25000086421201292</p></td></tr><tr><td rowspan="1" colspan="1"><p>4031</p></td><td rowspan="1" colspan="1"><p>00063960005402</p></td><td rowspan="1" colspan="1"><p>WMB SUPERMERCADOS DO BRASIL LTDA.</p></td><td rowspan="1" colspan="1"><p>SP</p></td><td rowspan="1" colspan="1"><p>SAO PAULO</p></td><td rowspan="1" colspan="1"><p>25000086421201292</p></td></tr><tr><td rowspan="1" colspan="1"><p>4032</p></td><td rowspan="1" colspan="1"><p>00063960014908</p></td><td rowspan="1" colspan="1"><p>WMB SUPERMERCADOS DO BRASIL LTDA.</p></td><td rowspan="1" colspan="1"><p>SP</p></td><td rowspan="1" colspan="1"><p>SAO PAULO</p></td><td rowspan="1" colspan="1"><p>25000086421201292</p></td></tr><tr><td rowspan="1" colspan="1"><p>4033</p></td><td rowspan="1" colspan="1"><p>00063960015203</p></td><td rowspan="1" colspan="1"><p>WMB SUPERMERCADOS DO BRASIL LTDA.</p></td><td rowspan="1" colspan="1"><p>SP</p></td><td rowspan="1" colspan="1"><p>SAO PAULO</p></td><td rowspan="1" colspan="1"><p>25000086421201292</p></td></tr><tr><td rowspan="1" colspan="1"><p>4034</p></td><td rowspan="1" colspan="1"><p>00063960005836</p></td><td rowspan="1" colspan="1"><p>WMB SUPERMERCADOS DO BRASIL LTDA.</p></td><td rowspan="1" colspan="1"><p>SP</p></td><td rowspan="1" colspan="1"><p>SAO PAULO</p></td><td rowspan="1" colspan="1"><p>25000086421201292</p></td></tr><tr><td rowspan="1" colspan="1"><p>4035</p></td><td rowspan="1" colspan="1"><p>08050448000121</p></td><td rowspan="1" colspan="1"><p>DROGARIA COMETI LTDA</p></td><td rowspan="1" colspan="1"><p>SP</p></td><td rowspan="1" colspan="1"><p>SAO PEDRO</p></td><td rowspan="1" colspan="1"><p>25000126219201391</p></td></tr><tr><td rowspan="1" colspan="1"><p>4036</p></td><td rowspan="1" colspan="1"><p>03862790000102</p></td><td rowspan="1" colspan="1"><p>GLAUCIA DE LIMA BUCHALA</p></td><td rowspan="1" colspan="1"><p>SP</p></td><td rowspan="1" colspan="1"><p>SAO PEDRO</p></td><td rowspan="1" colspan="1"><p>25000096790201293</p></td></tr><tr><td rowspan="1" colspan="1"><p>4037</p></td><td rowspan="1" colspan="1"><p>03080670000153</p></td><td rowspan="1" colspan="1"><p>PAULO HENRIQUE BALTIERI</p></td><td rowspan="1" colspan="1"><p>SP</p></td><td rowspan="1" colspan="1"><p>SAO PEDRO</p></td><td rowspan="1" colspan="1"><p>25000084825200601</p></td></tr><tr><td rowspan="1" colspan="1"><p>4038</p></td><td rowspan="1" colspan="1"><p>18133149000104</p></td><td rowspan="1" colspan="1"><p>ALEXANDRE SOARES SETOGUTI</p></td><td rowspan="1" colspan="1"><p>SP</p></td><td rowspan="1" colspan="1"><p>SAO ROQUE</p></td><td rowspan="1" colspan="1"><p>25000223597201312</p></td></tr><tr><td rowspan="1" colspan="1"><p>4039</p></td><td rowspan="1" colspan="1"><p>54887849000158</p></td><td rowspan="1" colspan="1"><p>PHARMALINS MEDICAMENTOS LTDA</p></td><td rowspan="1" colspan="1"><p>SP</p></td><td rowspan="1" colspan="1"><p>SAO ROQUE</p></td><td rowspan="1" colspan="1"><p>25000135808201361</p></td></tr><tr><td rowspan="1" colspan="1"><p>4040</p></td><td rowspan="1" colspan="1"><p>05969067000152</p></td><td rowspan="1" colspan="1"><p>DROGARIA NOVA ANCHIETA DE BERTIOGA LTDA</p></td><td rowspan="1" colspan="1"><p>SP</p></td><td rowspan="1" colspan="1"><p>SAO SEBASTIAO</p></td><td rowspan="1" colspan="1"><p>25000225491201191</p></td></tr><tr><td rowspan="1" colspan="1"><p>4041</p></td><td rowspan="1" colspan="1"><p>60605664025796</p></td><td rowspan="1" colspan="1"><p>RAIA S.A.</p></td><td rowspan="1" colspan="1"><p>SP</p></td><td rowspan="1" colspan="1"><p>SAO SEBASTIAO</p></td><td rowspan="1" colspan="1"><p>25000044144200696</p></td></tr><tr><td rowspan="1" colspan="1"><p>4042</p></td><td rowspan="1" colspan="1"><p>47508411119471</p></td><td rowspan="1" colspan="1"><p>COMPANHIA BRASILEIRA DE DISTRIBUICAO</p></td><td rowspan="1" colspan="1"><p>SP</p></td><td rowspan="1" colspan="1"><p>SAO VICENTE</p></td><td rowspan="1" colspan="1"><p>25000078311200617</p></td></tr><tr><td rowspan="1" colspan="1"><p>4043</p></td><td rowspan="1" colspan="1"><p>57508426003002</p></td><td rowspan="1" colspan="1"><p>COOP - COOPERATIVA DE CONSUMO</p></td><td rowspan="1" colspan="1"><p>SP</p></td><td rowspan="1" colspan="1"><p>SAO VICENTE</p></td><td rowspan="1" colspan="1"><p>25000133002200790</p></td></tr><tr><td rowspan="1" colspan="1"><p>4044</p></td><td rowspan="1" colspan="1"><p>55992358004550</p></td><td rowspan="1" colspan="1"><p>DROGAVIDA COMERCIAL DE DROGAS LTDA.</p></td><td rowspan="1" colspan="1"><p>SP</p></td><td rowspan="1" colspan="1"><p>SAO VICENTE</p></td><td rowspan="1" colspan="1"><p>25000044368200612</p></td></tr><tr><td rowspan="1" colspan="1"><p>4045</p></td><td rowspan="1" colspan="1"><p>00824634000169</p></td><td rowspan="1" colspan="1"><p>M T M DA SILVA DROGARIA</p></td><td rowspan="1" colspan="1"><p>SP</p></td><td rowspan="1" colspan="1"><p>SAO VICENTE</p></td><td rowspan="1" colspan="1"><p>25000047413200763</p></td></tr><tr><td rowspan="1" colspan="1"><p>4046</p></td><td rowspan="1" colspan="1"><p>15666962000747</p></td><td rowspan="1" colspan="1"><p>MCD - DROGARIA LTDA</p></td><td rowspan="1" colspan="1"><p>SP</p></td><td rowspan="1" colspan="1"><p>SAO VICENTE</p></td><td rowspan="1" colspan="1"><p>25000204040201382</p></td></tr><tr><td rowspan="1" colspan="1"><p>4047</p></td><td rowspan="1" colspan="1"><p>60605664002400</p></td><td rowspan="1" colspan="1"><p>RAIA S.A.</p></td><td rowspan="1" colspan="1"><p>SP</p></td><td rowspan="1" colspan="1"><p>SAO VICENTE</p></td><td rowspan="1" colspan="1"><p>25000044144200696</p></td></tr><tr><td rowspan="1" colspan="1"><p>4048</p></td><td rowspan="1" colspan="1"><p>60605664018900</p></td><td rowspan="1" colspan="1"><p>RAIA S.A.</p></td><td rowspan="1" colspan="1"><p>SP</p></td><td rowspan="1" colspan="1"><p>SAO VICENTE</p></td><td rowspan="1" colspan="1"><p>25000044144200696</p></td></tr><tr><td rowspan="1" colspan="1"><p>4049</p></td><td rowspan="1" colspan="1"><p>73107534000195</p></td><td rowspan="1" colspan="1"><p>DROGANOVA CENTER LTDA</p></td><td rowspan="1" colspan="1"><p>SP</p></td><td rowspan="1" colspan="1"><p>SERRANA</p></td><td rowspan="1" colspan="1"><p>25000097445200629</p></td></tr><tr><td rowspan="1" colspan="1"><p>4050</p></td><td rowspan="1" colspan="1"><p>06024765000148</p></td><td rowspan="1" colspan="1"><p>J. MOREIRA &amp; CIA. LTDA</p></td><td rowspan="1" colspan="1"><p>SP</p></td><td rowspan="1" colspan="1"><p>SERRANA</p></td><td rowspan="1" colspan="1"><p>25000030816201231</p></td></tr><tr><td rowspan="1" colspan="1"><p>4051</p></td><td rowspan="1" colspan="1"><p>56257496000219</p></td><td rowspan="1" colspan="1"><p>DROGARIA AVENIDA SERTAOZINHO LTDA</p></td><td rowspan="1" colspan="1"><p>SP</p></td><td rowspan="1" colspan="1"><p>SERTAOZINHO</p></td><td rowspan="1" colspan="1"><p>25000084802200699</p></td></tr><tr><td rowspan="1" colspan="1"><p>4052</p></td><td rowspan="1" colspan="1"><p>05250132000195</p></td><td rowspan="1" colspan="1"><p>DROGARIA DO GENERICO DE SERTAOZINHO LTDA</p></td><td rowspan="1" colspan="1"><p>SP</p></td><td rowspan="1" colspan="1"><p>SERTAOZINHO</p></td><td rowspan="1" colspan="1"><p>25000084732200679</p></td></tr><tr><td rowspan="1" colspan="1"><p>4053</p></td><td rowspan="1" colspan="1"><p>07519591000157</p></td><td rowspan="1" colspan="1"><p>M C PEDROSO COMERCIO DE PRODUTOS FARMACEUTICOS LTDA</p></td><td rowspan="1" colspan="1"><p>SP</p></td><td rowspan="1" colspan="1"><p>SERTAOZINHO</p></td><td rowspan="1" colspan="1"><p>25000143865201232</p></td></tr><tr><td rowspan="1" colspan="1"><p>4054</p></td><td rowspan="1" colspan="1"><p>01648272000165</p></td><td rowspan="1" colspan="1"><p>MARCO ANTONIO DA SILVA DROGARIA</p></td><td rowspan="1" colspan="1"><p>SP</p></td><td rowspan="1" colspan="1"><p>SERTAOZINHO</p></td><td rowspan="1" colspan="1"><p>25000131051201336</p></td></tr><tr><td rowspan="1" colspan="1"><p>4055</p></td><td rowspan="1" colspan="1"><p>60605664028540</p></td><td rowspan="1" colspan="1"><p>RAIA S.A.</p></td><td rowspan="1" colspan="1"><p>SP</p></td><td rowspan="1" colspan="1"><p>SERTAOZINHO</p></td><td rowspan="1" colspan="1"><p>25000044144200696</p></td></tr><tr><td rowspan="1" colspan="1"><p>4056</p></td><td rowspan="1" colspan="1"><p>07442016000101</p></td><td rowspan="1" colspan="1"><p>RIBEIRO &amp; SILVA DROGARIA LTDA</p></td><td rowspan="1" colspan="1"><p>SP</p></td><td rowspan="1" colspan="1"><p>SERTAOZINHO</p></td><td rowspan="1" colspan="1"><p>25000047106200782</p></td></tr><tr><td rowspan="1" colspan="1"><p>4057</p></td><td rowspan="1" colspan="1"><p>05154441000161</p></td><td rowspan="1" colspan="1"><p>CLAUDIA HELENA FONSECA AMORIM</p></td><td rowspan="1" colspan="1"><p>SP</p></td><td rowspan="1" colspan="1"><p>SILVEIRAS</p></td><td rowspan="1" colspan="1"><p>25000127220201171</p></td></tr><tr><td rowspan="1" colspan="1"><p>4058</p></td><td rowspan="1" colspan="1"><p>07784563000167</p></td><td rowspan="1" colspan="1"><p>DORACI ALVES DE OLIVEIRA</p></td><td rowspan="1" colspan="1"><p>SP</p></td><td rowspan="1" colspan="1"><p>SOCORRO</p></td><td rowspan="1" colspan="1"><p>25000129762201189</p></td></tr><tr><td rowspan="1" colspan="1"><p>4059</p></td><td rowspan="1" colspan="1"><p>11373147000143</p></td><td rowspan="1" colspan="1"><p>SUELEN SALVARANI RAMALHO</p></td><td rowspan="1" colspan="1"><p>SP</p></td><td rowspan="1" colspan="1"><p>SOCORRO</p></td><td rowspan="1" colspan="1"><p>25000117662201118</p></td></tr><tr><td rowspan="1" colspan="1"><p>4060</p></td><td rowspan="1" colspan="1"><p>17147382000183</p></td><td rowspan="1" colspan="1"><p>A DROGARIA DO MANGAL LTDA</p></td><td rowspan="1" colspan="1"><p>SP</p></td><td rowspan="1" colspan="1"><p>SOROCABA</p></td><td rowspan="1" colspan="1"><p>25000056869201362</p></td></tr><tr><td rowspan="1" colspan="1"><p>4061</p></td><td rowspan="1" colspan="1"><p>47508411131331</p></td><td rowspan="1" colspan="1"><p>COMPANHIA BRASILEIRA DE DISTRIBUICAO</p></td><td rowspan="1" colspan="1"><p>SP</p></td><td rowspan="1" colspan="1"><p>SOROCABA</p></td><td rowspan="1" colspan="1"><p>25000078311200617</p></td></tr><tr><td rowspan="1" colspan="1"><p>4062</p></td><td rowspan="1" colspan="1"><p>47508411137704</p></td><td rowspan="1" colspan="1"><p>COMPANHIA BRASILEIRA DE DISTRIBUICAO</p></td><td rowspan="1" colspan="1"><p>SP</p></td><td rowspan="1" colspan="1"><p>SOROCABA</p></td><td rowspan="1" colspan="1"><p>25000078311200617</p></td></tr><tr><td rowspan="1" colspan="1"><p>4063</p></td><td rowspan="1" colspan="1"><p>03302925000185</p></td><td rowspan="1" colspan="1"><p>DANFARMA TREVO LTDA</p></td><td rowspan="1" colspan="1"><p>SP</p></td><td rowspan="1" colspan="1"><p>SOROCABA</p></td><td rowspan="1" colspan="1"><p>25000102885200796</p></td></tr><tr><td rowspan="1" colspan="1"><p>4064</p></td><td rowspan="1" colspan="1"><p>14667394000140</p></td><td rowspan="1" colspan="1"><p>DAVI FONTES GARCIA SOROCABA</p></td><td rowspan="1" colspan="1"><p>SP</p></td><td rowspan="1" colspan="1"><p>SOROCABA</p></td><td rowspan="1" colspan="1"><p>25000235021201489</p></td></tr><tr><td rowspan="1" colspan="1"><p>4065</p></td><td rowspan="1" colspan="1"><p>02185222000151</p></td><td rowspan="1" colspan="1"><p>DROGARIA ACACIA DE SOROCABA LTDA</p></td><td rowspan="1" colspan="1"><p>SP</p></td><td rowspan="1" colspan="1"><p>SOROCABA</p></td><td rowspan="1" colspan="1"><p>25000005127201298</p></td></tr><tr><td rowspan="1" colspan="1"><p>4066</p></td><td rowspan="1" colspan="1"><p>08824496000120</p></td><td rowspan="1" colspan="1"><p>DROGARIA CAIO RODRIGUES LTDA</p></td><td rowspan="1" colspan="1"><p>SP</p></td><td rowspan="1" colspan="1"><p>SOROCABA</p></td><td rowspan="1" colspan="1"><p>25000075283201135</p></td></tr><tr><td rowspan="1" colspan="1"><p>4067</p></td><td rowspan="1" colspan="1"><p>11253799000144</p></td><td rowspan="1" colspan="1"><p>DROGARIA FARMAVITA SOROCABA LTDA</p></td><td rowspan="1" colspan="1"><p>SP</p></td><td rowspan="1" colspan="1"><p>SOROCABA</p></td><td rowspan="1" colspan="1"><p>25000086092201018</p></td></tr><tr><td rowspan="1" colspan="1"><p>4068</p></td><td rowspan="1" colspan="1"><p>03199659000107</p></td><td rowspan="1" colspan="1"><p>DROGARIA LEAO SOROCABA LTDA</p></td><td rowspan="1" colspan="1"><p>SP</p></td><td rowspan="1" colspan="1"><p>SOROCABA</p></td><td rowspan="1" colspan="1"><p>25000130092200686</p></td></tr></table>]]></Texto>
  </body>
  <Midias />
</article></xml>