﻿<xml><article id="44723546" name="PA 17539-GCOP-SIA" idOficio="11189542" pubName="DO1" artType="Portaria" pubDate="01/08/2025" artClass="00041:00019:00033:00009:00000:00000:00000:00000:00000:00000:00054:00000" artCategory="Ministério de Portos e Aeroportos/Agência Nacional de Aviação Civil/Superintendência de Infraestrutura Aeroportuária/Gerência de Certificação e Segurança Operacional" artSize="12" artNotes="" numberPage="99" pdfPage="http://pesquisa.in.gov.br/imprensa/jsp/visualiza/index.jsp?data=01/08/2025&amp;jornal=515&amp;pagina=99" editionNumber="144" highlightType="" highlightPriority="" highlight="" highlightimage="" highlightimagename="" idMateria="22945656">
  <body>
    <Identifica><![CDATA[ PORTARIA Nº 17.539, DE 28 DE JULHO DE 2025]]></Identifica>
    <Data><![CDATA[]]></Data>
    <Ementa />
    <Titulo />
    <SubTitulo />
    <Texto><![CDATA[<p class="identifica">PORTARIA Nº 17.539, DE 28 DE JULHO DE 2025</p><p>O GERENTE DE CERTIFICAÇÃO E SEGURANÇA OPERACIONAL SUBSTITUTO, no uso da atribuição que lhe confere o art. 4º, inciso III, da Portaria nº 10.700/SIA, de 9 de março de 2023, tendo em vista o disposto na Lei nº 7.565, de 19 de dezembro de 1986, na Resolução nº 736, de 9 de fevereiro de 2024, na Portaria nº 14.323/SIA, de 11 de abril de 2024 e na Portaria nº 3.352/SIA, de 30 de outubro de 2018, e considerando o que consta do processo nº 00065.032064/2025-81, resolve:</p><p>Art. 1º Inscrever o Heliponto de uso privativo ao nível do solo CIAD BA0506 no cadastro de aeródromos da ANAC.</p><p>Art. 2º A manutenção do aeródromo no cadastro está condicionada ao atendimento das normas da ANAC, conforme aplicável.</p><p>Art. 3º As características cadastrais do aeródromo serão publicadas no sítio da ANAC na rede mundial de computadores.</p><p>Art. 4º Esta Portaria entra em vigor na data de sua publicação.</p><p class="assina">JAVÃ ATAYDE PEDREIRA DA SILVA</p>]]></Texto>
  </body>
  <Midias />
</article></xml>