﻿<xml><article id="44735753" name="Portaria FP 31 07 2025 Descreden" idOficio="11191432" pubName="DO1" artType="Despacho" pubDate="01/08/2025" artClass="00047:00039:00000:00000:00000:00000:00000:00000:00000:00000:00024:00000" artCategory="Ministério da Saúde/Secretaria de Ciência, Tecnologia e Inovação e do Complexo Econômico-Industrial da Saúde" artSize="24" artNotes="" numberPage="128" pdfPage="http://pesquisa.in.gov.br/imprensa/jsp/visualiza/index.jsp?data=01/08/2025&amp;jornal=515&amp;pagina=128" editionNumber="144" highlightType="" highlightPriority="" highlight="" highlightimage="" highlightimagename="" idMateria="22948776">
  <body>
    <Identifica />
    <Data><![CDATA[]]></Data>
    <Ementa />
    <Titulo />
    <SubTitulo />
    <Texto><![CDATA[<p /><p></p><table><tr /><tr><td rowspan="1" colspan="1"><p>726</p></td><td rowspan="1" colspan="1"><p>22723472000105</p></td><td rowspan="1" colspan="1"><p>ARMARINHO E PERFUMARIA SAO JOSE LTDA</p></td><td rowspan="1" colspan="1"><p>MG</p></td><td rowspan="1" colspan="1"><p>BELO HORIZONTE</p></td><td rowspan="1" colspan="1"><p>25000493298200967</p></td></tr><tr><td rowspan="1" colspan="1"><p>727</p></td><td rowspan="1" colspan="1"><p>22644512000395</p></td><td rowspan="1" colspan="1"><p>CAIXA DE ASSISTENCIA DOS ADVOGADOS DE MINAS GERAIS</p></td><td rowspan="1" colspan="1"><p>MG</p></td><td rowspan="1" colspan="1"><p>BELO HORIZONTE</p></td><td rowspan="1" colspan="1"><p>25000135429201451</p></td></tr><tr><td rowspan="1" colspan="1"><p>728</p></td><td rowspan="1" colspan="1"><p>47508411125951</p></td><td rowspan="1" colspan="1"><p>COMPANHIA BRASILEIRA DE DISTRIBUICAO</p></td><td rowspan="1" colspan="1"><p>MG</p></td><td rowspan="1" colspan="1"><p>BELO HORIZONTE</p></td><td rowspan="1" colspan="1"><p>25000078311200617</p></td></tr><tr><td rowspan="1" colspan="1"><p>729</p></td><td rowspan="1" colspan="1"><p>15523488000109</p></td><td rowspan="1" colspan="1"><p>D L A COMERCIO DE PRODUTOS FARMACEUTICOS LTDA.</p></td><td rowspan="1" colspan="1"><p>MG</p></td><td rowspan="1" colspan="1"><p>BELO HORIZONTE</p></td><td rowspan="1" colspan="1"><p>25000117118201320</p></td></tr><tr><td rowspan="1" colspan="1"><p>730</p></td><td rowspan="1" colspan="1"><p>02271408000123</p></td><td rowspan="1" colspan="1"><p>DIABETES EXPRESS LTDA</p></td><td rowspan="1" colspan="1"><p>MG</p></td><td rowspan="1" colspan="1"><p>BELO HORIZONTE</p></td><td rowspan="1" colspan="1"><p>25000130682200617</p></td></tr><tr><td rowspan="1" colspan="1"><p>731</p></td><td rowspan="1" colspan="1"><p>41857269000176</p></td><td rowspan="1" colspan="1"><p>DROGAPAZ COMERCIO EIRELI</p></td><td rowspan="1" colspan="1"><p>MG</p></td><td rowspan="1" colspan="1"><p>BELO HORIZONTE</p></td><td rowspan="1" colspan="1"><p>25000219450200861</p></td></tr><tr><td rowspan="1" colspan="1"><p>732</p></td><td rowspan="1" colspan="1"><p>21747803000184</p></td><td rowspan="1" colspan="1"><p>DROGARIA BETANIA LTDA</p></td><td rowspan="1" colspan="1"><p>MG</p></td><td rowspan="1" colspan="1"><p>BELO HORIZONTE</p></td><td rowspan="1" colspan="1"><p>25000218455200875</p></td></tr><tr><td rowspan="1" colspan="1"><p>733</p></td><td rowspan="1" colspan="1"><p>17156803000132</p></td><td rowspan="1" colspan="1"><p>DROGARIA BRASILIA LTDA</p></td><td rowspan="1" colspan="1"><p>MG</p></td><td rowspan="1" colspan="1"><p>BELO HORIZONTE</p></td><td rowspan="1" colspan="1"><p>25000054367200678</p></td></tr><tr><td rowspan="1" colspan="1"><p>734</p></td><td rowspan="1" colspan="1"><p>17156803000485</p></td><td rowspan="1" colspan="1"><p>DROGARIA BRASILIA LTDA</p></td><td rowspan="1" colspan="1"><p>MG</p></td><td rowspan="1" colspan="1"><p>BELO HORIZONTE</p></td><td rowspan="1" colspan="1"><p>25000054367200678</p></td></tr><tr><td rowspan="1" colspan="1"><p>735</p></td><td rowspan="1" colspan="1"><p>64457021000113</p></td><td rowspan="1" colspan="1"><p>DROGARIA CAFARO E PERFUMARIA LTDA</p></td><td rowspan="1" colspan="1"><p>MG</p></td><td rowspan="1" colspan="1"><p>BELO HORIZONTE</p></td><td rowspan="1" colspan="1"><p>25000164413201022</p></td></tr><tr><td rowspan="1" colspan="1"><p>736</p></td><td rowspan="1" colspan="1"><p>24019150000296</p></td><td rowspan="1" colspan="1"><p>DROGARIA DA PAZ LTDA</p></td><td rowspan="1" colspan="1"><p>MG</p></td><td rowspan="1" colspan="1"><p>BELO HORIZONTE</p></td><td rowspan="1" colspan="1"><p>25000158307200623</p></td></tr><tr><td rowspan="1" colspan="1"><p>737</p></td><td rowspan="1" colspan="1"><p>19334374000171</p></td><td rowspan="1" colspan="1"><p>DROGARIA DOIS MIL LTDA</p></td><td rowspan="1" colspan="1"><p>MG</p></td><td rowspan="1" colspan="1"><p>BELO HORIZONTE</p></td><td rowspan="1" colspan="1"><p>25000129092200714</p></td></tr><tr><td rowspan="1" colspan="1"><p>738</p></td><td rowspan="1" colspan="1"><p>17047135000105</p></td><td rowspan="1" colspan="1"><p>DROGARIA E PERFUMARIA DOIS IRMAOS LTDA</p></td><td rowspan="1" colspan="1"><p>MG</p></td><td rowspan="1" colspan="1"><p>BELO HORIZONTE</p></td><td rowspan="1" colspan="1"><p>25000165301201099</p></td></tr><tr><td rowspan="1" colspan="1"><p>739</p></td><td rowspan="1" colspan="1"><p>18966861000194</p></td><td rowspan="1" colspan="1"><p>DROGARIA E PERFUMARIA DUARTE LTDA</p></td><td rowspan="1" colspan="1"><p>MG</p></td><td rowspan="1" colspan="1"><p>BELO HORIZONTE</p></td><td rowspan="1" colspan="1"><p>25000219311200837</p></td></tr><tr><td rowspan="1" colspan="1"><p>740</p></td><td rowspan="1" colspan="1"><p>09474696000162</p></td><td rowspan="1" colspan="1"><p>DROGARIA E PERFUMARIA EI LTDA</p></td><td rowspan="1" colspan="1"><p>MG</p></td><td rowspan="1" colspan="1"><p>BELO HORIZONTE</p></td><td rowspan="1" colspan="1"><p>25000061458201399</p></td></tr><tr><td rowspan="1" colspan="1"><p>741</p></td><td rowspan="1" colspan="1"><p>03569925000227</p></td><td rowspan="1" colspan="1"><p>DROGARIA E PERFUMARIA ERMELINDO &amp; DIAS LTDA</p></td><td rowspan="1" colspan="1"><p>MG</p></td><td rowspan="1" colspan="1"><p>BELO HORIZONTE</p></td><td rowspan="1" colspan="1"><p>25000195443200866</p></td></tr><tr><td rowspan="1" colspan="1"><p>742</p></td><td rowspan="1" colspan="1"><p>11276403000184</p></td><td rowspan="1" colspan="1"><p>DROGARIA E PERFUMARIA LIAMEDIC LTDA</p></td><td rowspan="1" colspan="1"><p>MG</p></td><td rowspan="1" colspan="1"><p>BELO HORIZONTE</p></td><td rowspan="1" colspan="1"><p>25000091794201102</p></td></tr><tr><td rowspan="1" colspan="1"><p>743</p></td><td rowspan="1" colspan="1"><p>21184643000102</p></td><td rowspan="1" colspan="1"><p>DROGARIA FLAVIA - EIRELI</p></td><td rowspan="1" colspan="1"><p>MG</p></td><td rowspan="1" colspan="1"><p>BELO HORIZONTE</p></td><td rowspan="1" colspan="1"><p>25000041652200971</p></td></tr><tr><td rowspan="1" colspan="1"><p>744</p></td><td rowspan="1" colspan="1"><p>17204841000113</p></td><td rowspan="1" colspan="1"><p>DROGARIA FLORES LTDA</p></td><td rowspan="1" colspan="1"><p>MG</p></td><td rowspan="1" colspan="1"><p>BELO HORIZONTE</p></td><td rowspan="1" colspan="1"><p>25000053658201378</p></td></tr><tr><td rowspan="1" colspan="1"><p>745</p></td><td rowspan="1" colspan="1"><p>08042852000153</p></td><td rowspan="1" colspan="1"><p>DROGARIA INACIO E OLIVEIRA NENZAO LTDA</p></td><td rowspan="1" colspan="1"><p>MG</p></td><td rowspan="1" colspan="1"><p>BELO HORIZONTE</p></td><td rowspan="1" colspan="1"><p>25000118249200786</p></td></tr><tr><td rowspan="1" colspan="1"><p>746</p></td><td rowspan="1" colspan="1"><p>16915324000190</p></td><td rowspan="1" colspan="1"><p>DROGARIA LELENA LTDA</p></td><td rowspan="1" colspan="1"><p>MG</p></td><td rowspan="1" colspan="1"><p>BELO HORIZONTE</p></td><td rowspan="1" colspan="1"><p>25000513163200925</p></td></tr><tr><td rowspan="1" colspan="1"><p>747</p></td><td rowspan="1" colspan="1"><p>09477032000238</p></td><td rowspan="1" colspan="1"><p>DROGARIA MIRAMAR LTDA</p></td><td rowspan="1" colspan="1"><p>MG</p></td><td rowspan="1" colspan="1"><p>BELO HORIZONTE</p></td><td rowspan="1" colspan="1"><p>25000021132200942</p></td></tr><tr><td rowspan="1" colspan="1"><p>748</p></td><td rowspan="1" colspan="1"><p>09300647000103</p></td><td rowspan="1" colspan="1"><p>DROGARIA PLC LTDA</p></td><td rowspan="1" colspan="1"><p>MG</p></td><td rowspan="1" colspan="1"><p>BELO HORIZONTE</p></td><td rowspan="1" colspan="1"><p>25000218429200848</p></td></tr><tr><td rowspan="1" colspan="1"><p>749</p></td><td rowspan="1" colspan="1"><p>10881763000142</p></td><td rowspan="1" colspan="1"><p>DROGARIA RAFA R&amp;I LTDA</p></td><td rowspan="1" colspan="1"><p>MG</p></td><td rowspan="1" colspan="1"><p>BELO HORIZONTE</p></td><td rowspan="1" colspan="1"><p>25000135850201209</p></td></tr><tr><td rowspan="1" colspan="1"><p>750</p></td><td rowspan="1" colspan="1"><p>17379710000177</p></td><td rowspan="1" colspan="1"><p>DROGARIA SANTO INACIO LTDA</p></td><td rowspan="1" colspan="1"><p>MG</p></td><td rowspan="1" colspan="1"><p>BELO HORIZONTE</p></td><td rowspan="1" colspan="1"><p>25000220769200839</p></td></tr><tr><td rowspan="1" colspan="1"><p>751</p></td><td rowspan="1" colspan="1"><p>61412110062509</p></td><td rowspan="1" colspan="1"><p>DROGARIA SAO PAULO S.A.</p></td><td rowspan="1" colspan="1"><p>MG</p></td><td rowspan="1" colspan="1"><p>BELO HORIZONTE</p></td><td rowspan="1" colspan="1"><p>25000044260200611</p></td></tr><tr><td rowspan="1" colspan="1"><p>752</p></td><td rowspan="1" colspan="1"><p>20009965000152</p></td><td rowspan="1" colspan="1"><p>DROGARIA VITASANA LTDA</p></td><td rowspan="1" colspan="1"><p>MG</p></td><td rowspan="1" colspan="1"><p>BELO HORIZONTE</p></td><td rowspan="1" colspan="1"><p>25000220624200838</p></td></tr><tr><td rowspan="1" colspan="1"><p>753</p></td><td rowspan="1" colspan="1"><p>33438250029220</p></td><td rowspan="1" colspan="1"><p>DROGARIAS PACHECO S/A</p></td><td rowspan="1" colspan="1"><p>MG</p></td><td rowspan="1" colspan="1"><p>BELO HORIZONTE</p></td><td rowspan="1" colspan="1"><p>25000044250200686</p></td></tr><tr><td rowspan="1" colspan="1"><p>754</p></td><td rowspan="1" colspan="1"><p>33438250029653</p></td><td rowspan="1" colspan="1"><p>DROGARIAS PACHECO S/A</p></td><td rowspan="1" colspan="1"><p>MG</p></td><td rowspan="1" colspan="1"><p>BELO HORIZONTE</p></td><td rowspan="1" colspan="1"><p>25000044250200686</p></td></tr><tr><td rowspan="1" colspan="1"><p>755</p></td><td rowspan="1" colspan="1"><p>33438250026476</p></td><td rowspan="1" colspan="1"><p>DROGARIAS PACHECO S/A</p></td><td rowspan="1" colspan="1"><p>MG</p></td><td rowspan="1" colspan="1"><p>BELO HORIZONTE</p></td><td rowspan="1" colspan="1"><p>25000044250200686</p></td></tr><tr><td rowspan="1" colspan="1"><p>756</p></td><td rowspan="1" colspan="1"><p>33438250027448</p></td><td rowspan="1" colspan="1"><p>DROGARIAS PACHECO S/A</p></td><td rowspan="1" colspan="1"><p>MG</p></td><td rowspan="1" colspan="1"><p>BELO HORIZONTE</p></td><td rowspan="1" colspan="1"><p>25000044250200686</p></td></tr><tr><td rowspan="1" colspan="1"><p>757</p></td><td rowspan="1" colspan="1"><p>11015621000165</p></td><td rowspan="1" colspan="1"><p>DUARTE LEAL FARMACIA DE MANIPULACAO LTDA</p></td><td rowspan="1" colspan="1"><p>MG</p></td><td rowspan="1" colspan="1"><p>BELO HORIZONTE</p></td><td rowspan="1" colspan="1"><p>25000217184201056</p></td></tr><tr><td rowspan="1" colspan="1"><p>758</p></td><td rowspan="1" colspan="1"><p>11767329000107</p></td><td rowspan="1" colspan="1"><p>FARMACIA DO SINDICATO DOS TRAB. NAS IND. CONST.CIVIL DE BH E REG LTDA</p></td><td rowspan="1" colspan="1"><p>MG</p></td><td rowspan="1" colspan="1"><p>BELO HORIZONTE</p></td><td rowspan="1" colspan="1"><p>25000041930201113</p></td></tr><tr><td rowspan="1" colspan="1"><p>759</p></td><td rowspan="1" colspan="1"><p>17186115004021</p></td><td rowspan="1" colspan="1"><p>FARMACIA SANTA MARTA LTDA</p></td><td rowspan="1" colspan="1"><p>MG</p></td><td rowspan="1" colspan="1"><p>BELO HORIZONTE</p></td><td rowspan="1" colspan="1"><p>25000167138200612</p></td></tr><tr><td rowspan="1" colspan="1"><p>760</p></td><td rowspan="1" colspan="1"><p>17186115003300</p></td><td rowspan="1" colspan="1"><p>FARMACIA SANTA MARTA LTDA</p></td><td rowspan="1" colspan="1"><p>MG</p></td><td rowspan="1" colspan="1"><p>BELO HORIZONTE</p></td><td rowspan="1" colspan="1"><p>25000167138200612</p></td></tr><tr><td rowspan="1" colspan="1"><p>761</p></td><td rowspan="1" colspan="1"><p>17186115002240</p></td><td rowspan="1" colspan="1"><p>FARMACIA SANTA MARTA LTDA</p></td><td rowspan="1" colspan="1"><p>MG</p></td><td rowspan="1" colspan="1"><p>BELO HORIZONTE</p></td><td rowspan="1" colspan="1"><p>25000167138200612</p></td></tr><tr><td rowspan="1" colspan="1"><p>762</p></td><td rowspan="1" colspan="1"><p>17186115002916</p></td><td rowspan="1" colspan="1"><p>FARMACIA SANTA MARTA LTDA</p></td><td rowspan="1" colspan="1"><p>MG</p></td><td rowspan="1" colspan="1"><p>BELO HORIZONTE</p></td><td rowspan="1" colspan="1"><p>25000167138200612</p></td></tr><tr><td rowspan="1" colspan="1"><p>763</p></td><td rowspan="1" colspan="1"><p>17186115002088</p></td><td rowspan="1" colspan="1"><p>FARMACIA SANTA MARTA LTDA</p></td><td rowspan="1" colspan="1"><p>MG</p></td><td rowspan="1" colspan="1"><p>BELO HORIZONTE</p></td><td rowspan="1" colspan="1"><p>25000167138200612</p></td></tr><tr><td rowspan="1" colspan="1"><p>764</p></td><td rowspan="1" colspan="1"><p>17186115001359</p></td><td rowspan="1" colspan="1"><p>FARMACIA SANTA MARTA LTDA</p></td><td rowspan="1" colspan="1"><p>MG</p></td><td rowspan="1" colspan="1"><p>BELO HORIZONTE</p></td><td rowspan="1" colspan="1"><p>25000167138200612</p></td></tr><tr><td rowspan="1" colspan="1"><p>765</p></td><td rowspan="1" colspan="1"><p>17186115004102</p></td><td rowspan="1" colspan="1"><p>FARMACIA SANTA MARTA LTDA</p></td><td rowspan="1" colspan="1"><p>MG</p></td><td rowspan="1" colspan="1"><p>BELO HORIZONTE</p></td><td rowspan="1" colspan="1"><p>25000167138200612</p></td></tr><tr><td rowspan="1" colspan="1"><p>766</p></td><td rowspan="1" colspan="1"><p>17186115001197</p></td><td rowspan="1" colspan="1"><p>FARMACIA SANTA MARTA LTDA</p></td><td rowspan="1" colspan="1"><p>MG</p></td><td rowspan="1" colspan="1"><p>BELO HORIZONTE</p></td><td rowspan="1" colspan="1"><p>25000167138200612</p></td></tr><tr><td rowspan="1" colspan="1"><p>767</p></td><td rowspan="1" colspan="1"><p>17186115000468</p></td><td rowspan="1" colspan="1"><p>FARMACIA SANTA MARTA LTDA</p></td><td rowspan="1" colspan="1"><p>MG</p></td><td rowspan="1" colspan="1"><p>BELO HORIZONTE</p></td><td rowspan="1" colspan="1"><p>25000167138200612</p></td></tr><tr><td rowspan="1" colspan="1"><p>768</p></td><td rowspan="1" colspan="1"><p>17186115002320</p></td><td rowspan="1" colspan="1"><p>FARMACIA SANTA MARTA LTDA</p></td><td rowspan="1" colspan="1"><p>MG</p></td><td rowspan="1" colspan="1"><p>BELO HORIZONTE</p></td><td rowspan="1" colspan="1"><p>25000167138200612</p></td></tr><tr><td rowspan="1" colspan="1"><p>769</p></td><td rowspan="1" colspan="1"><p>17186115001600</p></td><td rowspan="1" colspan="1"><p>FARMACIA SANTA MARTA LTDA</p></td><td rowspan="1" colspan="1"><p>MG</p></td><td rowspan="1" colspan="1"><p>BELO HORIZONTE</p></td><td rowspan="1" colspan="1"><p>25000167138200612</p></td></tr><tr><td rowspan="1" colspan="1"><p>770</p></td><td rowspan="1" colspan="1"><p>17186115003564</p></td><td rowspan="1" colspan="1"><p>FARMACIA SANTA MARTA LTDA</p></td><td rowspan="1" colspan="1"><p>MG</p></td><td rowspan="1" colspan="1"><p>BELO HORIZONTE</p></td><td rowspan="1" colspan="1"><p>25000167138200612</p></td></tr><tr><td rowspan="1" colspan="1"><p>771</p></td><td rowspan="1" colspan="1"><p>17186115000700</p></td><td rowspan="1" colspan="1"><p>FARMACIA SANTA MARTA LTDA</p></td><td rowspan="1" colspan="1"><p>MG</p></td><td rowspan="1" colspan="1"><p>BELO HORIZONTE</p></td><td rowspan="1" colspan="1"><p>25000167138200612</p></td></tr></table>]]></Texto>
  </body>
  <Midias />
</article></xml>