﻿<xml><article id="44735870" name="Portaria FP 31 07 2025 Descreden" idOficio="11191432" pubName="DO1" artType="Despacho" pubDate="01/08/2025" artClass="00047:00039:00000:00000:00000:00000:00000:00000:00000:00000:00024:00000" artCategory="Ministério da Saúde/Secretaria de Ciência, Tecnologia e Inovação e do Complexo Econômico-Industrial da Saúde" artSize="24" artNotes="" numberPage="156" pdfPage="http://pesquisa.in.gov.br/imprensa/jsp/visualiza/index.jsp?data=01/08/2025&amp;jornal=515&amp;pagina=156" editionNumber="144" highlightType="" highlightPriority="" highlight="" highlightimage="" highlightimagename="" idMateria="22948776">
  <body>
    <Identifica />
    <Data><![CDATA[]]></Data>
    <Ementa />
    <Titulo />
    <SubTitulo />
    <Texto><![CDATA[<p /><p></p><table><tr /><tr><td rowspan="1" colspan="1"><p>2963</p></td><td rowspan="1" colspan="1"><p>83147819000103</p></td><td rowspan="1" colspan="1"><p>HERCILIO BORGES</p></td><td rowspan="1" colspan="1"><p>SC</p></td><td rowspan="1" colspan="1"><p>RIO DO SUL</p></td><td rowspan="1" colspan="1"><p>25000015460201558</p></td></tr><tr><td rowspan="1" colspan="1"><p>2964</p></td><td rowspan="1" colspan="1"><p>12678716000121</p></td><td rowspan="1" colspan="1"><p>JC LEANDRO &amp; CIA LTDA</p></td><td rowspan="1" colspan="1"><p>SC</p></td><td rowspan="1" colspan="1"><p>RIO DO SUL</p></td><td rowspan="1" colspan="1"><p>25000081385201190</p></td></tr><tr><td rowspan="1" colspan="1"><p>2965</p></td><td rowspan="1" colspan="1"><p>03777341026980</p></td><td rowspan="1" colspan="1"><p>SERVICO SOCIAL DA INDUSTRIA</p></td><td rowspan="1" colspan="1"><p>SC</p></td><td rowspan="1" colspan="1"><p>RIO DO SUL</p></td><td rowspan="1" colspan="1"><p>25000061170200695</p></td></tr><tr><td rowspan="1" colspan="1"><p>2966</p></td><td rowspan="1" colspan="1"><p>07521168000191</p></td><td rowspan="1" colspan="1"><p>FARMACIA HERT PAZZETO LTDA</p></td><td rowspan="1" colspan="1"><p>SC</p></td><td rowspan="1" colspan="1"><p>RIO FORTUNA</p></td><td rowspan="1" colspan="1"><p>25000149725201197</p></td></tr><tr><td rowspan="1" colspan="1"><p>2967</p></td><td rowspan="1" colspan="1"><p>12678307000125</p></td><td rowspan="1" colspan="1"><p>ANIBOR PROCHNOW E CIA LTDA</p></td><td rowspan="1" colspan="1"><p>SC</p></td><td rowspan="1" colspan="1"><p>RIO RUFINO</p></td><td rowspan="1" colspan="1"><p>25000062481201309</p></td></tr><tr><td rowspan="1" colspan="1"><p>2968</p></td><td rowspan="1" colspan="1"><p>10433348000126</p></td><td rowspan="1" colspan="1"><p>DROGARIA E FARMACIA VIPMED EIRELI</p></td><td rowspan="1" colspan="1"><p>SC</p></td><td rowspan="1" colspan="1"><p>SANGAO</p></td><td rowspan="1" colspan="1"><p>25000098389201298</p></td></tr><tr><td rowspan="1" colspan="1"><p>2969</p></td><td rowspan="1" colspan="1"><p>78614930000203</p></td><td rowspan="1" colspan="1"><p>ERICKFARMA LTDA</p></td><td rowspan="1" colspan="1"><p>SC</p></td><td rowspan="1" colspan="1"><p>SANTA TEREZINHA</p></td><td rowspan="1" colspan="1"><p>25000564327200982</p></td></tr><tr><td rowspan="1" colspan="1"><p>2970</p></td><td rowspan="1" colspan="1"><p>78855723000240</p></td><td rowspan="1" colspan="1"><p>CLAUDIO BENTO GONCALVES</p></td><td rowspan="1" colspan="1"><p>SC</p></td><td rowspan="1" colspan="1"><p>SAO BENTO DO SUL</p></td><td rowspan="1" colspan="1"><p>25000160888201392</p></td></tr><tr><td rowspan="1" colspan="1"><p>2971</p></td><td rowspan="1" colspan="1"><p>85310225000440</p></td><td rowspan="1" colspan="1"><p>MARCUS V. F. D'AGOSTINI LTDA EM RECUPERACAO JUDICIAL</p></td><td rowspan="1" colspan="1"><p>SC</p></td><td rowspan="1" colspan="1"><p>SAO CARLOS</p></td><td rowspan="1" colspan="1"><p>25000115044200668</p></td></tr><tr><td rowspan="1" colspan="1"><p>2972</p></td><td rowspan="1" colspan="1"><p>09114345000140</p></td><td rowspan="1" colspan="1"><p>FARMACIA BARAO LTDA</p></td><td rowspan="1" colspan="1"><p>SC</p></td><td rowspan="1" colspan="1"><p>SAO FRANCISCO DO SUL</p></td><td rowspan="1" colspan="1"><p>25000220617200836</p></td></tr><tr><td rowspan="1" colspan="1"><p>2973</p></td><td rowspan="1" colspan="1"><p>86161361000720</p></td><td rowspan="1" colspan="1"><p>CONSULTORIA E COBRANCA PINHEIRO LTDA</p></td><td rowspan="1" colspan="1"><p>SC</p></td><td rowspan="1" colspan="1"><p>SAO JOAQUIM</p></td><td rowspan="1" colspan="1"><p>25000103142201381</p></td></tr><tr><td rowspan="1" colspan="1"><p>2974</p></td><td rowspan="1" colspan="1"><p>07347500000496</p></td><td rowspan="1" colspan="1"><p>AC FARMACIAS LTDA</p></td><td rowspan="1" colspan="1"><p>SC</p></td><td rowspan="1" colspan="1"><p>SAO JOSE</p></td><td rowspan="1" colspan="1"><p>25000109642200789</p></td></tr><tr><td rowspan="1" colspan="1"><p>2975</p></td><td rowspan="1" colspan="1"><p>07347500000305</p></td><td rowspan="1" colspan="1"><p>AC FARMACIAS LTDA</p></td><td rowspan="1" colspan="1"><p>SC</p></td><td rowspan="1" colspan="1"><p>SAO JOSE</p></td><td rowspan="1" colspan="1"><p>25000109642200789</p></td></tr><tr><td rowspan="1" colspan="1"><p>2976</p></td><td rowspan="1" colspan="1"><p>06971929000144</p></td><td rowspan="1" colspan="1"><p>DROGARIA PEREIRA MACARI LTDA</p></td><td rowspan="1" colspan="1"><p>SC</p></td><td rowspan="1" colspan="1"><p>SAO JOSE</p></td><td rowspan="1" colspan="1"><p>25000131723200684</p></td></tr><tr><td rowspan="1" colspan="1"><p>2977</p></td><td rowspan="1" colspan="1"><p>85387264000100</p></td><td rowspan="1" colspan="1"><p>FARMACIA VIENA LTDA</p></td><td rowspan="1" colspan="1"><p>SC</p></td><td rowspan="1" colspan="1"><p>SAO JOSE</p></td><td rowspan="1" colspan="1"><p>25000024408200944</p></td></tr><tr><td rowspan="1" colspan="1"><p>2978</p></td><td rowspan="1" colspan="1"><p>07496729000140</p></td><td rowspan="1" colspan="1"><p>COMERCIO DE MEDICAMENTOS NACIONAL LTDA</p></td><td rowspan="1" colspan="1"><p>SC</p></td><td rowspan="1" colspan="1"><p>SAO MIGUEL DO OESTE</p></td><td rowspan="1" colspan="1"><p>25000111526200720</p></td></tr><tr><td rowspan="1" colspan="1"><p>2979</p></td><td rowspan="1" colspan="1"><p>02373045000137</p></td><td rowspan="1" colspan="1"><p>COMERCIO DE MEDICAMENTOS SAO MIGUEL LTDA</p></td><td rowspan="1" colspan="1"><p>SC</p></td><td rowspan="1" colspan="1"><p>SAO MIGUEL DO OESTE</p></td><td rowspan="1" colspan="1"><p>25000217076200788</p></td></tr><tr><td rowspan="1" colspan="1"><p>2980</p></td><td rowspan="1" colspan="1"><p>03678419000276</p></td><td rowspan="1" colspan="1"><p>DIMEOESTE COMERCIO DE PRODUTOS FARMACEUTICOS LTDA</p></td><td rowspan="1" colspan="1"><p>SC</p></td><td rowspan="1" colspan="1"><p>SAO MIGUEL DO OESTE</p></td><td rowspan="1" colspan="1"><p>25000169045201017</p></td></tr><tr><td rowspan="1" colspan="1"><p>2981</p></td><td rowspan="1" colspan="1"><p>03678419000861</p></td><td rowspan="1" colspan="1"><p>DIMEOESTE COMERCIO DE PRODUTOS FARMACEUTICOS LTDA</p></td><td rowspan="1" colspan="1"><p>SC</p></td><td rowspan="1" colspan="1"><p>SAO MIGUEL DO OESTE</p></td><td rowspan="1" colspan="1"><p>25000169045201017</p></td></tr><tr><td rowspan="1" colspan="1"><p>2982</p></td><td rowspan="1" colspan="1"><p>11298821000334</p></td><td rowspan="1" colspan="1"><p>LEONIR JOSE DE ANDRADE</p></td><td rowspan="1" colspan="1"><p>SC</p></td><td rowspan="1" colspan="1"><p>SAO MIGUEL DO OESTE</p></td><td rowspan="1" colspan="1"><p>25000105973201045</p></td></tr><tr><td rowspan="1" colspan="1"><p>2983</p></td><td rowspan="1" colspan="1"><p>85310225000288</p></td><td rowspan="1" colspan="1"><p>MARCUS V. F. D'AGOSTINI LTDA EM RECUPERACAO JUDICIAL</p></td><td rowspan="1" colspan="1"><p>SC</p></td><td rowspan="1" colspan="1"><p>SAO MIGUEL DO OESTE</p></td><td rowspan="1" colspan="1"><p>25000115044200668</p></td></tr><tr><td rowspan="1" colspan="1"><p>2984</p></td><td rowspan="1" colspan="1"><p>07368596000800</p></td><td rowspan="1" colspan="1"><p>D'AGOSTINI EMPREENDIMENTOS FARMACEUTICOS LTDA</p></td><td rowspan="1" colspan="1"><p>SC</p></td><td rowspan="1" colspan="1"><p>SAUDADES</p></td><td rowspan="1" colspan="1"><p>25000558814200914</p></td></tr><tr><td rowspan="1" colspan="1"><p>2985</p></td><td rowspan="1" colspan="1"><p>19979332000198</p></td><td rowspan="1" colspan="1"><p>C &amp; R PRODUTOS FARMACEUTICOS LTDA.</p></td><td rowspan="1" colspan="1"><p>SC</p></td><td rowspan="1" colspan="1"><p>SEARA</p></td><td rowspan="1" colspan="1"><p>25000134798201427</p></td></tr><tr><td rowspan="1" colspan="1"><p>2986</p></td><td rowspan="1" colspan="1"><p>03777341008302</p></td><td rowspan="1" colspan="1"><p>SERVICO SOCIAL DA INDUSTRIA</p></td><td rowspan="1" colspan="1"><p>SC</p></td><td rowspan="1" colspan="1"><p>SEARA</p></td><td rowspan="1" colspan="1"><p>25000061170200695</p></td></tr><tr><td rowspan="1" colspan="1"><p>2987</p></td><td rowspan="1" colspan="1"><p>15231048000188</p></td><td rowspan="1" colspan="1"><p>ELOSFARMA COMERCIO DE PRODUTOS FARMACEUTICOS LTDA</p></td><td rowspan="1" colspan="1"><p>SC</p></td><td rowspan="1" colspan="1"><p>SOMBRIO</p></td><td rowspan="1" colspan="1"><p>25000203185201366</p></td></tr><tr><td rowspan="1" colspan="1"><p>2988</p></td><td rowspan="1" colspan="1"><p>06913940000158</p></td><td rowspan="1" colspan="1"><p>SAUDE &amp; FARMA LTDA</p></td><td rowspan="1" colspan="1"><p>SC</p></td><td rowspan="1" colspan="1"><p>SOMBRIO</p></td><td rowspan="1" colspan="1"><p>25000105744201110</p></td></tr><tr><td rowspan="1" colspan="1"><p>2989</p></td><td rowspan="1" colspan="1"><p>04878620000260</p></td><td rowspan="1" colspan="1"><p>ZK FERREIRA DROGARIAS LTDA.</p></td><td rowspan="1" colspan="1"><p>SC</p></td><td rowspan="1" colspan="1"><p>SOMBRIO</p></td><td rowspan="1" colspan="1"><p>25000164552200670</p></td></tr><tr><td rowspan="1" colspan="1"><p>2990</p></td><td rowspan="1" colspan="1"><p>79359410000264</p></td><td rowspan="1" colspan="1"><p>SIND TRAB IND DE FIACAO, TECELAGEM, VEST, MALHARIA, ART DE COURO, CALC, ACABAMENTO DE CONFEC, TINTURARIA E ESTAMPARIA DE TECIDOS DE TIMBO - SINTEVE</p></td><td rowspan="1" colspan="1"><p>SC</p></td><td rowspan="1" colspan="1"><p>TIMBO</p></td><td rowspan="1" colspan="1"><p>25000142285201228</p></td></tr><tr><td rowspan="1" colspan="1"><p>2991</p></td><td rowspan="1" colspan="1"><p>18645324000142</p></td><td rowspan="1" colspan="1"><p>PATRICIA WESAN DE QUEIROZ</p></td><td rowspan="1" colspan="1"><p>SC</p></td><td rowspan="1" colspan="1"><p>TRES BARRAS</p></td><td rowspan="1" colspan="1"><p>25000223098201325</p></td></tr><tr><td rowspan="1" colspan="1"><p>2992</p></td><td rowspan="1" colspan="1"><p>79408746000350</p></td><td rowspan="1" colspan="1"><p>FARMACIA E DROGARIA SOMENSI LTDA</p></td><td rowspan="1" colspan="1"><p>SC</p></td><td rowspan="1" colspan="1"><p>TREZE TILIAS</p></td><td rowspan="1" colspan="1"><p>25000054831201436</p></td></tr><tr><td rowspan="1" colspan="1"><p>2993</p></td><td rowspan="1" colspan="1"><p>13098979000124</p></td><td rowspan="1" colspan="1"><p>FARMACIA PREMIUM LTDA</p></td><td rowspan="1" colspan="1"><p>SC</p></td><td rowspan="1" colspan="1"><p>TUBARAO</p></td><td rowspan="1" colspan="1"><p>25000170889201183</p></td></tr><tr><td rowspan="1" colspan="1"><p>2994</p></td><td rowspan="1" colspan="1"><p>06297401000131</p></td><td rowspan="1" colspan="1"><p>LUANA LEMOS MEDEIROS</p></td><td rowspan="1" colspan="1"><p>SC</p></td><td rowspan="1" colspan="1"><p>TUBARAO</p></td><td rowspan="1" colspan="1"><p>25000104653201159</p></td></tr><tr><td rowspan="1" colspan="1"><p>2995</p></td><td rowspan="1" colspan="1"><p>07071398000287</p></td><td rowspan="1" colspan="1"><p>FARMACIA TATIFARMA LTDA</p></td><td rowspan="1" colspan="1"><p>SC</p></td><td rowspan="1" colspan="1"><p>TURVO</p></td><td rowspan="1" colspan="1"><p>25000204668201035</p></td></tr><tr><td rowspan="1" colspan="1"><p>2996</p></td><td rowspan="1" colspan="1"><p>12068017000240</p></td><td rowspan="1" colspan="1"><p>DROGARIA E FARMACIA SACCON LTDA</p></td><td rowspan="1" colspan="1"><p>SC</p></td><td rowspan="1" colspan="1"><p>URUSSANGA</p></td><td rowspan="1" colspan="1"><p>25000092201201117</p></td></tr><tr><td rowspan="1" colspan="1"><p>2997</p></td><td rowspan="1" colspan="1"><p>79687380000134</p></td><td rowspan="1" colspan="1"><p>FARMACIA SANTO ANTONIO LTDA</p></td><td rowspan="1" colspan="1"><p>SC</p></td><td rowspan="1" colspan="1"><p>URUSSANGA</p></td><td rowspan="1" colspan="1"><p>25000213923201031</p></td></tr><tr><td rowspan="1" colspan="1"><p>2998</p></td><td rowspan="1" colspan="1"><p>07816542000186</p></td><td rowspan="1" colspan="1"><p>CENTRALFARMA - COMERCIO DE PRODUTOS FARMACEUTICOS LTDA.</p></td><td rowspan="1" colspan="1"><p>SC</p></td><td rowspan="1" colspan="1"><p>VIDEIRA</p></td><td rowspan="1" colspan="1"><p>25000007815201292</p></td></tr><tr><td rowspan="1" colspan="1"><p>2999</p></td><td rowspan="1" colspan="1"><p>80650245000870</p></td><td rowspan="1" colspan="1"><p>FARMACIA GEREMIAS LTDA</p></td><td rowspan="1" colspan="1"><p>SC</p></td><td rowspan="1" colspan="1"><p>VIDEIRA</p></td><td rowspan="1" colspan="1"><p>25000113325200686</p></td></tr><tr><td rowspan="1" colspan="1"><p>3000</p></td><td rowspan="1" colspan="1"><p>04408204000117</p></td><td rowspan="1" colspan="1"><p>MENDES COMERCIO DE MEDICAMENTOS LTDA</p></td><td rowspan="1" colspan="1"><p>SC</p></td><td rowspan="1" colspan="1"><p>VIDEIRA</p></td><td rowspan="1" colspan="1"><p>25000077386200672</p></td></tr><tr><td rowspan="1" colspan="1"><p>3001</p></td><td rowspan="1" colspan="1"><p>03720221000122</p></td><td rowspan="1" colspan="1"><p>DROGARIA HIMAFARMA - EIRELI</p></td><td rowspan="1" colspan="1"><p>SC</p></td><td rowspan="1" colspan="1"><p>VITOR MEIRELES</p></td><td rowspan="1" colspan="1"><p>25000113557201363</p></td></tr><tr><td rowspan="1" colspan="1"><p>3002</p></td><td rowspan="1" colspan="1"><p>19988584000183</p></td><td rowspan="1" colspan="1"><p>ASSOCIACAO DE ENTIDADES DE TRABALHADORES, APOSENTADOS E COOPERADOS DE XANXERE - AETACX</p></td><td rowspan="1" colspan="1"><p>SC</p></td><td rowspan="1" colspan="1"><p>XANXERE</p></td><td rowspan="1" colspan="1"><p>25000128660201499</p></td></tr><tr><td rowspan="1" colspan="1"><p>3003</p></td><td rowspan="1" colspan="1"><p>08870840000389</p></td><td rowspan="1" colspan="1"><p>FACRIFARMA LTDA</p></td><td rowspan="1" colspan="1"><p>SC</p></td><td rowspan="1" colspan="1"><p>XANXERE</p></td><td rowspan="1" colspan="1"><p>25000198012200851</p></td></tr><tr><td rowspan="1" colspan="1"><p>3004</p></td><td rowspan="1" colspan="1"><p>08870840000206</p></td><td rowspan="1" colspan="1"><p>FACRIFARMA LTDA</p></td><td rowspan="1" colspan="1"><p>SC</p></td><td rowspan="1" colspan="1"><p>XANXERE</p></td><td rowspan="1" colspan="1"><p>25000198012200851</p></td></tr><tr><td rowspan="1" colspan="1"><p>3005</p></td><td rowspan="1" colspan="1"><p>10680121000266</p></td><td rowspan="1" colspan="1"><p>FARMACIA SBARAINI LTDA</p></td><td rowspan="1" colspan="1"><p>SC</p></td><td rowspan="1" colspan="1"><p>XANXERE</p></td><td rowspan="1" colspan="1"><p>25000031040201195</p></td></tr><tr><td rowspan="1" colspan="1"><p>3006</p></td><td rowspan="1" colspan="1"><p>00274869000205</p></td><td rowspan="1" colspan="1"><p>AFSF ADMINISTRADORA DE IMOVEIS LTDA</p></td><td rowspan="1" colspan="1"><p>SE</p></td><td rowspan="1" colspan="1"><p>ARACAJU</p></td><td rowspan="1" colspan="1"><p>25000103257200728</p></td></tr><tr><td rowspan="1" colspan="1"><p>3007</p></td><td rowspan="1" colspan="1"><p>00274869000396</p></td><td rowspan="1" colspan="1"><p>AFSF ADMINISTRADORA DE IMOVEIS LTDA</p></td><td rowspan="1" colspan="1"><p>SE</p></td><td rowspan="1" colspan="1"><p>ARACAJU</p></td><td rowspan="1" colspan="1"><p>25000103257200728</p></td></tr><tr><td rowspan="1" colspan="1"><p>3008</p></td><td rowspan="1" colspan="1"><p>47508411117347</p></td><td rowspan="1" colspan="1"><p>COMPANHIA BRASILEIRA DE DISTRIBUICAO</p></td><td rowspan="1" colspan="1"><p>SE</p></td><td rowspan="1" colspan="1"><p>ARACAJU</p></td><td rowspan="1" colspan="1"><p>25000078311200617</p></td></tr><tr><td rowspan="1" colspan="1"><p>3009</p></td><td rowspan="1" colspan="1"><p>11820391001189</p></td><td rowspan="1" colspan="1"><p>CRYSTAL REPRESENTACOES LTDA</p></td><td rowspan="1" colspan="1"><p>SE</p></td><td rowspan="1" colspan="1"><p>ARACAJU</p></td><td rowspan="1" colspan="1"><p>25000013900201371</p></td></tr><tr><td rowspan="1" colspan="1"><p>3010</p></td><td rowspan="1" colspan="1"><p>11820391000379</p></td><td rowspan="1" colspan="1"><p>CRYSTAL REPRESENTACOES LTDA</p></td><td rowspan="1" colspan="1"><p>SE</p></td><td rowspan="1" colspan="1"><p>ARACAJU</p></td><td rowspan="1" colspan="1"><p>25000013900201371</p></td></tr><tr><td rowspan="1" colspan="1"><p>3011</p></td><td rowspan="1" colspan="1"><p>11820391001006</p></td><td rowspan="1" colspan="1"><p>CRYSTAL REPRESENTACOES LTDA</p></td><td rowspan="1" colspan="1"><p>SE</p></td><td rowspan="1" colspan="1"><p>ARACAJU</p></td><td rowspan="1" colspan="1"><p>25000013900201371</p></td></tr><tr><td rowspan="1" colspan="1"><p>3012</p></td><td rowspan="1" colspan="1"><p>11820391000530</p></td><td rowspan="1" colspan="1"><p>CRYSTAL REPRESENTACOES LTDA</p></td><td rowspan="1" colspan="1"><p>SE</p></td><td rowspan="1" colspan="1"><p>ARACAJU</p></td><td rowspan="1" colspan="1"><p>25000013900201371</p></td></tr><tr><td rowspan="1" colspan="1"><p>3013</p></td><td rowspan="1" colspan="1"><p>11820391000611</p></td><td rowspan="1" colspan="1"><p>CRYSTAL REPRESENTACOES LTDA</p></td><td rowspan="1" colspan="1"><p>SE</p></td><td rowspan="1" colspan="1"><p>ARACAJU</p></td><td rowspan="1" colspan="1"><p>25000013900201371</p></td></tr><tr><td rowspan="1" colspan="1"><p>3014</p></td><td rowspan="1" colspan="1"><p>11820391000450</p></td><td rowspan="1" colspan="1"><p>CRYSTAL REPRESENTACOES LTDA</p></td><td rowspan="1" colspan="1"><p>SE</p></td><td rowspan="1" colspan="1"><p>ARACAJU</p></td><td rowspan="1" colspan="1"><p>25000013900201371</p></td></tr><tr><td rowspan="1" colspan="1"><p>3015</p></td><td rowspan="1" colspan="1"><p>11820391000964</p></td><td rowspan="1" colspan="1"><p>CRYSTAL REPRESENTACOES LTDA</p></td><td rowspan="1" colspan="1"><p>SE</p></td><td rowspan="1" colspan="1"><p>ARACAJU</p></td><td rowspan="1" colspan="1"><p>25000013900201371</p></td></tr><tr><td rowspan="1" colspan="1"><p>3016</p></td><td rowspan="1" colspan="1"><p>11820391000298</p></td><td rowspan="1" colspan="1"><p>CRYSTAL REPRESENTACOES LTDA</p></td><td rowspan="1" colspan="1"><p>SE</p></td><td rowspan="1" colspan="1"><p>ARACAJU</p></td><td rowspan="1" colspan="1"><p>25000013900201371</p></td></tr><tr><td rowspan="1" colspan="1"><p>3017</p></td><td rowspan="1" colspan="1"><p>13016530000250</p></td><td rowspan="1" colspan="1"><p>DS ADMINISTRADORA DE ALUGUEIS LTDA</p></td><td rowspan="1" colspan="1"><p>SE</p></td><td rowspan="1" colspan="1"><p>ARACAJU</p></td><td rowspan="1" colspan="1"><p>25000120125201317</p></td></tr><tr><td rowspan="1" colspan="1"><p>3018</p></td><td rowspan="1" colspan="1"><p>13136155000282</p></td><td rowspan="1" colspan="1"><p>SOUZA JUNIOR E CIA LTDA</p></td><td rowspan="1" colspan="1"><p>SE</p></td><td rowspan="1" colspan="1"><p>ARACAJU</p></td><td rowspan="1" colspan="1"><p>25000036786201195</p></td></tr><tr><td rowspan="1" colspan="1"><p>3019</p></td><td rowspan="1" colspan="1"><p>01273160000177</p></td><td rowspan="1" colspan="1"><p>VANILDA OLIVEIRA AGUIAR</p></td><td rowspan="1" colspan="1"><p>SE</p></td><td rowspan="1" colspan="1"><p>ARACAJU</p></td><td rowspan="1" colspan="1"><p>25000116236201078</p></td></tr><tr><td rowspan="1" colspan="1"><p>3020</p></td><td rowspan="1" colspan="1"><p>00063960030784</p></td><td rowspan="1" colspan="1"><p>WMB SUPERMERCADOS DO BRASIL LTDA.</p></td><td rowspan="1" colspan="1"><p>SE</p></td><td rowspan="1" colspan="1"><p>ARACAJU</p></td><td rowspan="1" colspan="1"><p>25000086421201292</p></td></tr><tr><td rowspan="1" colspan="1"><p>3021</p></td><td rowspan="1" colspan="1"><p>11820391001774</p></td><td rowspan="1" colspan="1"><p>CRYSTAL REPRESENTACOES LTDA</p></td><td rowspan="1" colspan="1"><p>SE</p></td><td rowspan="1" colspan="1"><p>ITABAIANA</p></td><td rowspan="1" colspan="1"><p>25000013900201371</p></td></tr><tr><td rowspan="1" colspan="1"><p>3022</p></td><td rowspan="1" colspan="1"><p>12045727000174</p></td><td rowspan="1" colspan="1"><p>A &amp; M COMERCIO E DISTRIBUICAO EIRELI</p></td><td rowspan="1" colspan="1"><p>SE</p></td><td rowspan="1" colspan="1"><p>NOSSA SENHORA DO SOCORRO</p></td><td rowspan="1" colspan="1"><p>25000009243201103</p></td></tr></table>]]></Texto>
  </body>
  <Midias />
</article></xml>