﻿<xml><article id="44729628" name="17944.007071.2024-61 - ESTADO DO" idOficio="11190868" pubName="DO1" artType="Despacho" pubDate="01/08/2025" artClass="00028:00001:00000:00000:00000:00000:00000:00000:00000:00000:00024:00000" artCategory="Ministério da Fazenda/Gabinete do Ministro" artSize="12" artNotes="" numberPage="27" pdfPage="http://pesquisa.in.gov.br/imprensa/jsp/visualiza/index.jsp?data=01/08/2025&amp;jornal=515&amp;pagina=27" editionNumber="144" highlightType="" highlightPriority="" highlight="" highlightimage="" highlightimagename="" idMateria="22947631">
  <body>
    <Identifica><![CDATA[ DESPACHO DE 31 DE JULHO DE 2025]]></Identifica>
    <Data><![CDATA[]]></Data>
    <Ementa />
    <Titulo />
    <SubTitulo />
    <Texto><![CDATA[<p class="identifica">DESPACHO DE 31 DE JULHO DE 2025</p><p>Processo nº 17944.007071/2024-61</p><p>Interessado: Estado do Ceará.</p><p>Assunto: Contratos de garantia e de contragarantia, ambos referentes a Contrato de Financiamento a ser celebrado entre o Estado do Ceará e a Caixa Econômica Federal no valor de R$ 117.724.998,00 (cento e dezessete milhões setecentos e vinte e quatro mil e novecentos e noventa e oito reais), cujos recursos são destinados ao financiamento do "Programa de Atendimento Habitacional - Conjuntos Habitacionais no Ceará (Pró-Moradia - Conjuntos Habitacionais - Ceará), no âmbito do Programa de Atendimento Habitacional por meio do Poder Público (Pró-Moradia), conforme autorização dada pela Lei nº 18.588, de 24 de novembro de 2023, alterada pela Lei nº 18.630, de 18 de dezembro de 2023, e Lei nº 18.694, de 15 de fevereiro de 2024.</p><p>Tendo em vista as manifestações da Secretaria do Tesouro Nacional e da Procuradoria-Geral da Fazenda Nacional, nos termos do art. 97 do Decreto nº 93.872, de 23 de dezembro de 1986 e com fundamento no art. 1º, inciso II, da Lei nº 10.552, de 13 de novembro de 2002, autorizo a concessão da garantia da União, ressalvada a necessidade de verificação, pela Procuradoria-Geral da Fazenda Nacional, do disposto nos incisos II e III do § 6º do art. 2º da Portaria Normativa MF nº 500, de 2 de junho de 2023, além da formalização do respectivo contrato de contragarantia.</p><p class="assina">FERNANDO HADDAD</p><p class="cargo">Ministro</p>]]></Texto>
  </body>
  <Midias />
</article></xml>