﻿<xml><article id="44730508" name="ADE10CAXIAS32e33" idOficio="11190987" pubName="DO1" artType="Ato Declaratório" pubDate="01/08/2025" artClass="00028:00032:00435:00102:00004:00000:00000:00000:00000:00000:00007:00000" artCategory="Ministério da Fazenda/Secretaria Especial da Receita Federal do Brasil/Secretaria-Adjunta/Superintendência Regional da Receita Federal do Brasil 10ª Região Fiscal/Delegacia da Receita Federal do Brasil em Caxias do Sul" artSize="12" artNotes="" numberPage="29" pdfPage="http://pesquisa.in.gov.br/imprensa/jsp/visualiza/index.jsp?data=01/08/2025&amp;jornal=515&amp;pagina=29" editionNumber="144" highlightType="" highlightPriority="" highlight="" highlightimage="" highlightimagename="" idMateria="22947912">
  <body>
    <Identifica><![CDATA[ ATO DECLARATÓRIO EXECUTIVO DRF/CXS Nº 32, DE 31 DE JULHO DE 2025]]></Identifica>
    <Data><![CDATA[]]></Data>
    <Ementa><![CDATA[ Altera o Ato Declaratório Executivo DRF/CXL nº 25, de 16 de julho de 2025, atualizando a relação de produtos constantes do Registro Especial de Bebidas nº 10106/589.]]></Ementa>
    <Titulo />
    <SubTitulo />
    <Texto><![CDATA[<p class="identifica">ATO DECLARATÓRIO EXECUTIVO DRF/CXS Nº 32, DE 31 DE JULHO DE 2025</p><p class="ementa">Altera o Ato Declaratório Executivo DRF/CXL nº 25, de 16 de julho de 2025, atualizando a relação de produtos constantes do Registro Especial de Bebidas nº 10106/589.</p><p>O DELEGADO DA RECEITA FEDERAL DO BRASIL EM CAXIAS DO SUL, no uso das atribuições que lhe conferem o artigo 360, III, do Regimento Interno da Secretaria Especial da Receita Federal do Brasil (RFB) do Ministério da Economia, aprovado pela Portaria ME nº 284, de 27 de julho de 2020, publicada no DOU de 27 de julho de 2020, considerando o disposto na Instrução Normativa RFB nº 1.432, de 26 de dezembro de 2013, artigos 3º, e o que consta do processo n° 13033.164947/2025-79, DECLARA:</p><p>Art. 1º O artigo 2º do Ato Declaratório Executivo DRF/CXL nº 25, de 16 de julho de 2025, referente ao Registro Especial de Bebidas nº 10106/589, de PRODUTOR pertencente ao estabelecimento da empresa PETRONIUS INDUSTRIA E COMERCIO DE BEBIDAS LTDA., inscrito no CNPJ sob o nº 18.531.175/0001-90, passa a vigorar com a seguinte redação:</p><p>Art. 2º O estabelecimento supracitado está autorizado a produzir/engarrafar os produtos abaixo discriminados:</p><p /><p></p><table><tr /><tr><td rowspan="1" colspan="1"><p>Produto</p></td><td rowspan="1" colspan="1"><p>Marca Comercial</p></td><td rowspan="1" colspan="1"><p>Classificação Fiscal</p></td><td rowspan="1" colspan="1"><p>Tipo do Recipiente/ML</p></td></tr><tr><td rowspan="1" colspan="1"><p>LICOR DE LIMÃO FINO</p></td><td rowspan="1" colspan="1"><p>LIMONCELLO VINÍCOLA PETRONIUS</p></td><td rowspan="1" colspan="1"><p>22087000</p></td><td rowspan="1" colspan="1"><p>Não retornável/700</p></td></tr><tr><td rowspan="1" colspan="1"><p>LICOR DE LIMÃO FINO</p></td><td rowspan="1" colspan="1"><p>LIMONCELLO VINÍCOLA PETRONIUS</p></td><td rowspan="1" colspan="1"><p>22087000</p></td><td rowspan="1" colspan="1"><p>Não retornável/160</p></td></tr><tr><td rowspan="1" colspan="1"><p>LICOR DE LIMÃO FINO</p></td><td rowspan="1" colspan="1"><p>LIMONCELLO VINÍCOLA PETRONIUS</p></td><td rowspan="1" colspan="1"><p>22087000</p></td><td rowspan="1" colspan="1"><p>Não retornável/50</p></td></tr><tr><td rowspan="1" colspan="1"><p>CACHAÇA DE ALAMBIQUE</p></td><td rowspan="1" colspan="1"><p>SERIGOTE</p></td><td rowspan="1" colspan="1"><p>22840000</p></td><td rowspan="1" colspan="1"><p>Não retornável/160</p></td></tr><tr><td rowspan="1" colspan="1"><p>CACHAÇA DE ALAMBIQUE</p></td><td rowspan="1" colspan="1"><p>SERIGOTE</p></td><td rowspan="1" colspan="1"><p>22840000</p></td><td rowspan="1" colspan="1"><p>Não retornável/750</p></td></tr><tr><td rowspan="1" colspan="1"><p>CACHAÇA DE ALAMBIQUE</p></td><td rowspan="1" colspan="1"><p>SERIGOTE</p></td><td rowspan="1" colspan="1"><p>22840000</p></td><td rowspan="1" colspan="1"><p>Não retornável/700</p></td></tr><tr><td rowspan="1" colspan="1"><p>CACHAÇA DE ALAMBIQUE</p></td><td rowspan="1" colspan="1"><p>SERIGOTE</p></td><td rowspan="1" colspan="1"><p>22840000</p></td><td rowspan="1" colspan="1"><p>Não retornável/50</p></td></tr><tr><td rowspan="1" colspan="1"><p>CACHAÇA DE ALAMBIQUE PREMIUM</p></td><td rowspan="1" colspan="1"><p>SERIGOTE</p></td><td rowspan="1" colspan="1"><p>22840000</p></td><td rowspan="1" colspan="1"><p>Não retornável/750</p></td></tr><tr><td rowspan="1" colspan="1"><p>CACHAÇA DE ALAMBIQUE PREMIUM</p></td><td rowspan="1" colspan="1"><p>SERIGOTE</p></td><td rowspan="1" colspan="1"><p>22840000</p></td><td rowspan="1" colspan="1"><p>Não retornável/160</p></td></tr><tr><td rowspan="1" colspan="1"><p>CACHAÇA DE ALAMBIQUE PREMIUM</p></td><td rowspan="1" colspan="1"><p>SERIGOTE</p></td><td rowspan="1" colspan="1"><p>22840000</p></td><td rowspan="1" colspan="1"><p>Não retornável/50</p></td></tr><tr><td rowspan="1" colspan="1"><p>LICOR DE CARVALHO E CERVEJA SECO</p></td><td rowspan="1" colspan="1"><p>SCHATZ</p></td><td rowspan="1" colspan="1"><p>22087000</p></td><td rowspan="1" colspan="1"><p>Não retornável/750</p></td></tr><tr><td rowspan="1" colspan="1"><p>LICOR DE CARVALHO E CERVEJA SECO</p></td><td rowspan="1" colspan="1"><p>SCHATZ</p></td><td rowspan="1" colspan="1"><p>22087000</p></td><td rowspan="1" colspan="1"><p>Não retornável/700</p></td></tr><tr><td rowspan="1" colspan="1"><p>LICOR DE CARVALHO E CERVEJA SECO</p></td><td rowspan="1" colspan="1"><p>SCHATZ</p></td><td rowspan="1" colspan="1"><p>22087000</p></td><td rowspan="1" colspan="1"><p>Não retornável/160</p></td></tr><tr><td rowspan="1" colspan="1"><p>LICOR DE CARVALHO E CERVEJA SECO</p></td><td rowspan="1" colspan="1"><p>SCHATZ</p></td><td rowspan="1" colspan="1"><p>22087000</p></td><td rowspan="1" colspan="1"><p>Não retornável/50</p></td></tr><tr><td rowspan="1" colspan="1"><p>DRY GIN</p></td><td rowspan="1" colspan="1"><p>LACOMBE</p></td><td rowspan="1" colspan="1"><p>22085000</p></td><td rowspan="1" colspan="1"><p>Não retornável/750</p></td></tr><tr><td rowspan="1" colspan="1"><p>DRY GIN</p></td><td rowspan="1" colspan="1"><p>LACOMBE</p></td><td rowspan="1" colspan="1"><p>22085000</p></td><td rowspan="1" colspan="1"><p>Não retornável/160</p></td></tr><tr><td rowspan="1" colspan="1"><p>DRY GIN</p></td><td rowspan="1" colspan="1"><p>LACOMBE</p></td><td rowspan="1" colspan="1"><p>22085000</p></td><td rowspan="1" colspan="1"><p>Não retornável/50</p></td></tr><tr><td rowspan="1" colspan="1"><p>BLENDED WHISKY</p></td><td rowspan="1" colspan="1"><p>MOON SCHATZ</p></td><td rowspan="1" colspan="1"><p>22083020</p></td><td rowspan="1" colspan="1"><p>Não retornável/750</p></td></tr><tr><td rowspan="1" colspan="1"><p>BLENDED WHISKY</p></td><td rowspan="1" colspan="1"><p>MOON SCHATZ</p></td><td rowspan="1" colspan="1"><p>22083020</p></td><td rowspan="1" colspan="1"><p>Não retornável/160</p></td></tr><tr><td rowspan="1" colspan="1"><p>BLENDED WHISKY</p></td><td rowspan="1" colspan="1"><p>MOON SCHATZ</p></td><td rowspan="1" colspan="1"><p>22083020</p></td><td rowspan="1" colspan="1"><p>Não retornável/50</p></td></tr><tr><td rowspan="1" colspan="1"><p>BEBIDA MISTA</p></td><td rowspan="1" colspan="1"><p>MOON SCHATZ HOP EDITION</p></td><td rowspan="1" colspan="1"><p>22089000</p></td><td rowspan="1" colspan="1"><p>Não retornável/750</p></td></tr><tr><td rowspan="1" colspan="1"><p>VINHO COMPOSTO VERMUTE TINTO BARBERA</p></td><td rowspan="1" colspan="1"><p>VINÍCOLA PETRONIUS</p></td><td rowspan="1" colspan="1"><p>22051000</p></td><td rowspan="1" colspan="1"><p>Não retornável/750</p></td></tr><tr><td rowspan="1" colspan="1"><p>VINHO COMPOSTO VERMUTE TINTO BARBERA</p></td><td rowspan="1" colspan="1"><p>VINÍCOLA PETRONIUS</p></td><td rowspan="1" colspan="1"><p>22051000</p></td><td rowspan="1" colspan="1"><p>Não retornável/700</p></td></tr><tr><td rowspan="1" colspan="1"><p>VINHO COMPOSTO VERMUTE TINTO BARBERA</p></td><td rowspan="1" colspan="1"><p>VINÍCOLA PETRONIUS</p></td><td rowspan="1" colspan="1"><p>22051000</p></td><td rowspan="1" colspan="1"><p>Não retornável/50</p></td></tr></table><p>Art. 3º Fica revogado o ATO DECLARATÓRIO EXECUTIVO DRF/CXL Nº 25, de 16 de julho de 2025, publicado no Diário Oficial da União de 17 de julho de 2025.</p><p>Art. 4º Este Ato Declaratório Executivo entra em vigor na data de sua publicação no Diário Oficial da União.</p><p class="assina">LEANDRO TESSARO RAMOS</p><p class="identifica">ATO DECLARATÓRIO EXECUTIVO DRF/CXS Nº 33, DE 31 DE JULHO DE 2025</p><p class="ementa">Altera o Ato Declaratório Executivo DRF/CXL nº 26, de 16 de julho de 2025, atualizando a relação de produtos constantes do Registro Especial de Bebidas nº 10106/540.</p><p>O DELEGADO DA RECEITA FEDERAL DO BRASIL EM CAXIAS DO SUL, no uso das atribuições que lhe conferem o artigo 360, III, do Regimento Interno da Secretaria Especial da Receita Federal do Brasil (RFB) do Ministério da Economia, aprovado pela Portaria ME nº 284, de 27 de julho de 2020, publicada no DOU de 27 de julho de 2020, considerando o disposto na Instrução Normativa RFB nº 1.432, de 26 de dezembro de 2013, artigos 3º, e o que consta do processo n° 13033.164947/2025-79, DECLARA:</p><p>Art. 1º O artigo 2º do Ato Declaratório Executivo DRF/CXL nº 26, de 16 de julho de 2025, referente ao Registro Especial de Bebidas nº 10106/540, de ENGARRAFADOR pertencente ao estabelecimento da empresa PETRONIUS INDUSTRIA E COMERCIO DE BEBIDAS LTDA., inscrito no CNPJ sob o nº 18.531.175/0001-90, passa a vigorar com a seguinte redação:</p><p>Art. 2º O estabelecimento supracitado está autorizado a produzir/engarrafar os produtos abaixo discriminados:</p><p /><p></p><table><tr /><tr><td rowspan="1" colspan="1"><p>Produto</p></td><td rowspan="1" colspan="1"><p>Marca Comercial</p></td><td rowspan="1" colspan="1"><p>Classificação Fiscal</p></td><td rowspan="1" colspan="1"><p>Tipo do Recipiente/ML</p></td></tr><tr><td rowspan="1" colspan="1"><p>LICOR DE LIMÃO FINO</p></td><td rowspan="1" colspan="1"><p>LIMONCELLO VINÍCOLA PETRONIUS</p></td><td rowspan="1" colspan="1"><p>22087000</p></td><td rowspan="1" colspan="1"><p>Não retornável/700</p></td></tr><tr><td rowspan="1" colspan="1"><p>LICOR DE LIMÃO FINO</p></td><td rowspan="1" colspan="1"><p>LIMONCELLO VINÍCOLA PETRONIUS</p></td><td rowspan="1" colspan="1"><p>22087000</p></td><td rowspan="1" colspan="1"><p>Não retornável/160</p></td></tr><tr><td rowspan="1" colspan="1"><p>LICOR DE LIMÃO FINO</p></td><td rowspan="1" colspan="1"><p>LIMONCELLO VINÍCOLA PETRONIUS</p></td><td rowspan="1" colspan="1"><p>22087000</p></td><td rowspan="1" colspan="1"><p>Não retornável/50</p></td></tr><tr><td rowspan="1" colspan="1"><p>CACHAÇA DE ALAMBIQUE</p></td><td rowspan="1" colspan="1"><p>SERIGOTE</p></td><td rowspan="1" colspan="1"><p>22840000</p></td><td rowspan="1" colspan="1"><p>Não retornável/160</p></td></tr><tr><td rowspan="1" colspan="1"><p>CACHAÇA DE ALAMBIQUE</p></td><td rowspan="1" colspan="1"><p>SERIGOTE</p></td><td rowspan="1" colspan="1"><p>22840000</p></td><td rowspan="1" colspan="1"><p>Não retornável/750</p></td></tr><tr><td rowspan="1" colspan="1"><p>CACHAÇA DE ALAMBIQUE</p></td><td rowspan="1" colspan="1"><p>SERIGOTE</p></td><td rowspan="1" colspan="1"><p>22840000</p></td><td rowspan="1" colspan="1"><p>Não retornável/700</p></td></tr><tr><td rowspan="1" colspan="1"><p>CACHAÇA DE ALAMBIQUE</p></td><td rowspan="1" colspan="1"><p>SERIGOTE</p></td><td rowspan="1" colspan="1"><p>22840000</p></td><td rowspan="1" colspan="1"><p>Não retornável/50</p></td></tr><tr><td rowspan="1" colspan="1"><p>CACHAÇA DE ALAMBIQUE PREMIUM</p></td><td rowspan="1" colspan="1"><p>SERIGOTE</p></td><td rowspan="1" colspan="1"><p>22840000</p></td><td rowspan="1" colspan="1"><p>Não retornável/750</p></td></tr><tr><td rowspan="1" colspan="1"><p>CACHAÇA DE ALAMBIQUE PREMIUM</p></td><td rowspan="1" colspan="1"><p>SERIGOTE</p></td><td rowspan="1" colspan="1"><p>22840000</p></td><td rowspan="1" colspan="1"><p>Não retornável/160</p></td></tr><tr><td rowspan="1" colspan="1"><p>CACHAÇA DE ALAMBIQUE PREMIUM</p></td><td rowspan="1" colspan="1"><p>SERIGOTE</p></td><td rowspan="1" colspan="1"><p>22840000</p></td><td rowspan="1" colspan="1"><p>Não retornável/50</p></td></tr><tr><td rowspan="1" colspan="1"><p>LICOR DE CARVALHO E CERVEJA SECO</p></td><td rowspan="1" colspan="1"><p>SCHATZ</p></td><td rowspan="1" colspan="1"><p>22087000</p></td><td rowspan="1" colspan="1"><p>Não retornável/750</p></td></tr><tr><td rowspan="1" colspan="1"><p>LICOR DE CARVALHO E CERVEJA SECO</p></td><td rowspan="1" colspan="1"><p>SCHATZ</p></td><td rowspan="1" colspan="1"><p>22087000</p></td><td rowspan="1" colspan="1"><p>Não retornável/700</p></td></tr><tr><td rowspan="1" colspan="1"><p>LICOR DE CARVALHO E CERVEJA SECO</p></td><td rowspan="1" colspan="1"><p>SCHATZ</p></td><td rowspan="1" colspan="1"><p>22087000</p></td><td rowspan="1" colspan="1"><p>Não retornável/160</p></td></tr><tr><td rowspan="1" colspan="1"><p>LICOR DE CARVALHO E CERVEJA SECO</p></td><td rowspan="1" colspan="1"><p>SCHATZ</p></td><td rowspan="1" colspan="1"><p>22087000</p></td><td rowspan="1" colspan="1"><p>Não retornável/50</p></td></tr><tr><td rowspan="1" colspan="1"><p>DRY GIN</p></td><td rowspan="1" colspan="1"><p>LACOMBE</p></td><td rowspan="1" colspan="1"><p>22085000</p></td><td rowspan="1" colspan="1"><p>Não retornável/750</p></td></tr><tr><td rowspan="1" colspan="1"><p>DRY GIN</p></td><td rowspan="1" colspan="1"><p>LACOMBE</p></td><td rowspan="1" colspan="1"><p>22085000</p></td><td rowspan="1" colspan="1"><p>Não retornável/160</p></td></tr><tr><td rowspan="1" colspan="1"><p>DRY GIN</p></td><td rowspan="1" colspan="1"><p>LACOMBE</p></td><td rowspan="1" colspan="1"><p>22085000</p></td><td rowspan="1" colspan="1"><p>Não retornável/50</p></td></tr><tr><td rowspan="1" colspan="1"><p>BLENDED WHISKY</p></td><td rowspan="1" colspan="1"><p>MOON SCHATZ</p></td><td rowspan="1" colspan="1"><p>22083020</p></td><td rowspan="1" colspan="1"><p>Não retornável/750</p></td></tr><tr><td rowspan="1" colspan="1"><p>BLENDED WHISKY</p></td><td rowspan="1" colspan="1"><p>MOON SCHATZ</p></td><td rowspan="1" colspan="1"><p>22083020</p></td><td rowspan="1" colspan="1"><p>Não retornável/160</p></td></tr><tr><td rowspan="1" colspan="1"><p>BLENDED WHISKY</p></td><td rowspan="1" colspan="1"><p>MOON SCHATZ</p></td><td rowspan="1" colspan="1"><p>22083020</p></td><td rowspan="1" colspan="1"><p>Não retornável/50</p></td></tr><tr><td rowspan="1" colspan="1"><p>BEBIDA MISTA</p></td><td rowspan="1" colspan="1"><p>MOON SCHATZ HOP EDITION</p></td><td rowspan="1" colspan="1"><p>22089000</p></td><td rowspan="1" colspan="1"><p>Não retornável/750</p></td></tr><tr><td rowspan="1" colspan="1"><p>VINHO COMPOSTO VERMUTE TINTO BARBERA</p></td><td rowspan="1" colspan="1"><p>VINÍCOLA PETRONIUS</p></td><td rowspan="1" colspan="1"><p>22051000</p></td><td rowspan="1" colspan="1"><p>Não retornável/750</p></td></tr><tr><td rowspan="1" colspan="1"><p>VINHO COMPOSTO VERMUTE TINTO BARBERA</p></td><td rowspan="1" colspan="1"><p>VINÍCOLA PETRONIUS</p></td><td rowspan="1" colspan="1"><p>22051000</p></td><td rowspan="1" colspan="1"><p>Não retornável/700</p></td></tr><tr><td rowspan="1" colspan="1"><p>VINHO COMPOSTO VERMUTE TINTO BARBERA</p></td><td rowspan="1" colspan="1"><p>VINÍCOLA PETRONIUS</p></td><td rowspan="1" colspan="1"><p>22051000</p></td><td rowspan="1" colspan="1"><p>Não retornável/50</p></td></tr></table><p>Art. 3º Fica revogado o ATO DECLARATÓRIO EXECUTIVO DRF/CXL Nº 26, de 16 de julho de 2025, publicado no Diário Oficial da União de 17 de julho de 2025.</p><p>Art. 4º Este Ato Declaratório Executivo entra em vigor na data de sua publicação no Diário Oficial da União.</p><p class="assina">LEANDRO TESSARO RAMOS</p>]]></Texto>
  </body>
  <Midias />
</article></xml>