﻿<xml><article id="44734883" name="7665 PORTARIA T Aprova o repasse" idOficio="11191367" pubName="DO1" artType="Portaria" pubDate="01/08/2025" artClass="00047:00001:00000:00000:00000:00000:00000:00000:00000:00000:00054:00000" artCategory="Ministério da Saúde/Gabinete do Ministro" artSize="12" artNotes="" numberPage="109" pdfPage="http://pesquisa.in.gov.br/imprensa/jsp/visualiza/index.jsp?data=01/08/2025&amp;jornal=515&amp;pagina=109" editionNumber="144" highlightType="" highlightPriority="" highlight="" highlightimage="" highlightimagename="" idMateria="22948643">
  <body>
    <Identifica><![CDATA[ Portaria GM/MS Nº 7.665, DE 22 DE julho DE 2025]]></Identifica>
    <Data><![CDATA[]]></Data>
    <Ementa><![CDATA[ Aprova o repasse de recursos para Estados e Distrito Federal, a título de financiamento, referente a março, abril e maio de 2025, para aquisição de medicamentos do Componente Especializado da Assistência Farmacêutica conforme Tabela de Procedimentos, Medicamentos, Órteses, Próteses e Materiais Especiais do Sistema Único de Saúde.]]></Ementa>
    <Titulo />
    <SubTitulo />
    <Texto><![CDATA[<p class="identifica">Portaria GM/MS Nº 7.665, DE 22 DE julho DE 2025</p><p class="ementa">Aprova o repasse de recursos para Estados e Distrito Federal, a título de financiamento, referente a março, abril e maio de 2025, para aquisição de medicamentos do Componente Especializado da Assistência Farmacêutica conforme Tabela de Procedimentos, Medicamentos, Órteses, Próteses e Materiais Especiais do Sistema Único de Saúde.</p><p>O MINISTRO DE ESTADO DA SAÚDE, no uso da atribuição que lhe confere o inciso II do parágrafo único do art. 87 da Constituição, e:</p><p>Considerando o Decreto nº 1.232, de 30 de agosto de 1994, que dispõe sobre as condições e a forma de repasse regular e automático de recursos do Fundo Nacional de Saúde para os fundos de saúde estaduais, municipais e do Distrito Federal, e dá outras providências;</p><p>Considerando o Decreto nº 7.507, de 27 de junho de 2011, que dispõe sobre a movimentação de recursos federais transferidos a Estados, Distrito Federal e Municípios, em decorrência das leis citadas;</p><p>Considerando a Lei Complementar nº 141, de 13 de janeiro de 2012, que regulamenta o § 3º do art. 198 da Constituição Federal para dispor sobre os valores mínimos a serem aplicados anualmente pela União, Estados, Distrito Federal e Municípios em ações e serviços públicos de saúde; estabelece os critérios de rateio dos recursos de transferências para a saúde e as normas de fiscalização, avaliação e controle das despesas com saúde nas 3 (três) esferas de governo; revoga dispositivos das Leis nº 8.080, de 19 de setembro de 1990, e nº 8.689, de 27 de julho de 1993; e dá outras providências;</p><p>Considerando a Portaria GM/MS nº 2.848, de 6 de novembro de 2007, que publica a Tabela de Procedimentos, Medicamentos, Órteses, Próteses e Materiais Especiais do Sistema Único de Saúde (SUS);</p><p>Considerando a Portaria de Consolidação GM/MS nº 02, de 28 de setembro de 2017, que dispõe sobre a Consolidação das normas sobre as políticas nacionais de saúde do Sistema Único de Saúde;</p><p>Considerando a Portaria de Consolidação GM/MS nº 06, de 28 de setembro de 2017, que dispõe sobre a Consolidação das normas sobre o financiamento e a transferência dos recursos federais para as ações e os serviços de saúde do Sistema Único de Saúde;</p><p>Considerando a Portaria GM/MS nº 3.992, de 28 de dezembro de 2017, que altera a Portaria de Consolidação GM/MS nº 6, de 28 de setembro de 2017, para dispor sobre o financiamento e a transferência dos recursos federais para as ações e os serviços públicos de saúde do Sistema Único de Saúde e</p><p>Considerando a Portaria GM/MS nº 2.500, de 28 de setembro de 2017, que dispõe sobre a elaboração a proposição, a tramitação e a consolidação de atos normativos no âmbito do Ministério da Saúde, resolve:</p><p>Art. 1º Fica aprovado o repasse de recursos aos Estados e ao Distrito Federal, destinado ao financiamento da aquisição de medicamentos previstos no Grupo 06 Subgrupo 04 - Componente Especializado da Assistência Farmacêutica da Tabela de Procedimentos, Medicamentos, Órteses, Próteses e Materiais Especiais do Sistema Único de Saúde - SUS no 3º trimestre de 2025, conforme valores descritos no anexo a esta Portaria.</p><p>§1º Os valores foram estabelecidos, considerando as informações aprovadas pelas unidades federadas em março, abril e maio de 2025 no Sistema de Informações Ambulatoriais do SUS (SIA/SUS).</p><p>§2º Para o estado de Alagoas foi feito um ajuste a maior no valor total de R$ 641.628,27 (seiscentos e quarenta e um mil, seiscentos e vinte e oito reais e vinte e sete centavos) e um ajuste a menor no valor de R$ 826.756,41 (oitocentos e vinte e seis mil setecentos e cinquenta e seis reais e quarenta e um centavos), referente ao reprocessamento dos valores apresentados no SIA/SUS no período de dezembro de 2024, janeiro e fevereiro de 2025 e abatimento de repasses anteriores a maior. Os valores aprovados e repassados ao estado nesse período foram comparados aos dados consolidados em 10 de julho de 2025 no SIA/SUS, e serão pagos divididos em três parcelas de R$ 213.876,27 (duzentos e treze mil, oitocentos e setenta e seis reais e vinte e sete centavos), conforme "Ajuste Mensal a Maior (1)", e abatidos em três parcelas de R$ 275.585,47 (duzentos e setenta e cinco mil quinhentos e oitenta e cinco reais e quarenta e sete centavos), conforme "Ajuste Mensal a Menor" (2), do Anexo I desta Portaria.</p><p>§3º Para o estado do Amapá foi feito um ajuste a menor no valor de R$ 249.645,78 (duzentos e quarenta e nove mil, seiscentos e quarenta e cinco reais e setenta e oito centavos), referente ao reprocessamento dos valores apresentados no SIA/SUS no período de dezembro de 2024, janeiro e fevereiro de 2025 e abatimento de repasses anteriores a maior. Os valores aprovados e repassados ao estado nesse período foram comparados aos dados consolidados em 10 de julho de 2025 no SIA/SUS, e serão abatidos em três parcelas de R$ 83.215,26 (oitenta e três mil, duzentos e quinze reais e vinte e seis centavos), conforme "Ajuste Mensal a Menor" (2), do Anexo I desta Portaria.</p><p>§4º Para o estado de Pernambuco foi feito um ajuste a maior no valor total de R$ 43.446,22 (quarenta e três mil, quatrocentos e quarenta e seis reais e vinte e dois centavos), referente ao reprocessamento dos valores apresentados no SIA/SUS no período de dezembro de 2024, janeiro e fevereiro de 2025. Os valores aprovados e repassados ao estado nesse período foram comparados aos dados consolidados em 10 de julho de 2025 no SIA/SUS, e serão pagos divididos em três parcelas de R$ 14.482,07 (catorze mil, quatrocentos e oitenta e dois reais e sete centavos), conforme "Ajuste Mensal a Maior (1)" do Anexo I desta Portaria.</p><p>§5º Para o estado de Rio de Janeiro foi feito um ajuste a maior no valor total de R$ 11.289,52 (onze mil, duzentos e oitenta e nove reais e cinquenta e dois centavos) e um ajuste a menor no valor de R$ 7.184,25 (sete mil, cento e oitenta e quatro mil e vinte e cinco centavos) referente ao reprocessamento dos valores apresentados no SIA/SUS no período de dezembro de 2024, janeiro e fevereiro de 2025 e abatimento de repasses anteriores a maior. Os valores aprovados e repassados ao estado nesse período foram comparados aos dados consolidados em 10 de julho de 2025 no SIA/SUS, e serão pagos divididos em três parcelas de R$ 3.763,17 (três mil, setecentos e sessenta e três reais e dezessete centavos), conforme "Ajuste Mensal a Maior (1)", e abatidos em três parcelas de R$ 2.394,75 (dois mil, trezentos e noventa e quatro reais e setenta e cinco centavos), conforme "Ajuste Mensal a Menor" (2), do Anexo I desta Portaria.</p><p>Art. 2º Ressalta-se que a ausência de valores aprovados correspondentes às APAC dos meses contemplados nessa Portaria que, por motivos diversos, não foram processadas no SIA/SUS até a consolidação dos dados em 10 de julho de 2025, serão consideradas como ajustes, em caso de reprocessamento dos mesmos, em próxima Portaria de repasse de recursos para Estados e Distrito Federal, a título de financiamento, para aquisição de medicamentos do Componente Especializado da Assistência Farmacêutica conforme Tabela de Procedimentos, Medicamentos, Órteses, Próteses e Materiais Especiais do Sistema Único de Saúde.</p><p>Art. 3º O valor total a ser repassado às unidades é de R$ 476.476.921,08 (quatrocentos e setenta e seis milhões quatrocentos e setenta e seis mil novecentos e vinte e um reais e oito centavos) que corresponde a um valor mensal de R$ 158.825.640,36 (cento e cinquenta e oito milhões oitocentos e vinte e cinco mil, seiscentos e quarenta reais e trinta e seis centavos).</p><p>Art. 4º Os recursos orçamentários, objeto desta Portaria, correrão por conta do orçamento do Ministério da Saúde, devendo onerar a Funcional Programática 10.303.5117.4705 - Promoção da Assistência Farmacêutica por meio da Disponibilização de Medicamentos do Componente Especializado, Plano Orçamentário 0003, pertencente ao Bloco de Manutenção das Ações e Serviços Públicos de Saúde - Grupo de Assistência Farmacêutica.</p><p>Art. 5º O Fundo Nacional de Saúde adotará as medidas necessárias para as transferências de recursos estabelecidos nesta Portaria aos respectivos Fundos de Saúde, em conformidade com os processos de pagamento instruídos.</p><p>Art. 6º Esta Portaria entra em vigor na data de sua publicação.</p><p class="assina">ALEXANDRE ROCHA SANTOS PADILHA</p><p class="anexo">ANEXO</p><p>Repasse de recursos financeiros no 3º Trimestre de 2025</p><p /><p></p><table><tr /><tr><td rowspan="1" colspan="1"><p>Unidade da Federação</p></td><td rowspan="1" colspan="1"><p>Valor médio mensal aprovado em março, abril e maio de 2025</p></td><td rowspan="1" colspan="1"><p>Ajuste Mensal a Maior (1)</p></td><td rowspan="1" colspan="1"><p>Ajuste Mensal a Menor (2)</p></td><td rowspan="1" colspan="1"><p>Valor de pagamento em julho, agosto e setembro de 2025</p></td></tr><tr><td rowspan="1" colspan="1"><p>Acre</p></td><td rowspan="1" colspan="1"><p>R$ 205.880,97</p></td><td rowspan="1" colspan="1"><p>R$ -</p></td><td rowspan="1" colspan="1"><p></p></td><td rowspan="1" colspan="1"><p>R$ 205.880,97</p></td></tr><tr><td rowspan="1" colspan="1"><p>Alagoas</p></td><td rowspan="1" colspan="1"><p>R$ 244.267,70</p></td><td rowspan="1" colspan="1"><p>R$ 213.876,09</p></td><td rowspan="1" colspan="1"><p>R$ 275.585,47</p></td><td rowspan="1" colspan="1"><p>R$ 182.558,32</p></td></tr><tr><td rowspan="1" colspan="1"><p>Amapá</p></td><td rowspan="1" colspan="1"><p>R$ 239.400,88</p></td><td rowspan="1" colspan="1"><p>R$ -</p></td><td rowspan="1" colspan="1"><p>R$ 83.215,26</p></td><td rowspan="1" colspan="1"><p>R$ 156.185,62</p></td></tr><tr><td rowspan="1" colspan="1"><p>Amazonas</p></td><td rowspan="1" colspan="1"><p>R$ 475.034,51</p></td><td rowspan="1" colspan="1"><p>R$ -</p></td><td rowspan="1" colspan="1"><p></p></td><td rowspan="1" colspan="1"><p>R$ 475.034,51</p></td></tr><tr><td rowspan="1" colspan="1"><p>Bahia</p></td><td rowspan="1" colspan="1"><p>R$ 5.285.142,09</p></td><td rowspan="1" colspan="1"><p>R$ -</p></td><td rowspan="1" colspan="1"><p></p></td><td rowspan="1" colspan="1"><p>R$ 5.285.142,09</p></td></tr><tr><td rowspan="1" colspan="1"><p>Ceará</p></td><td rowspan="1" colspan="1"><p>R$ 4.839.547,40</p></td><td rowspan="1" colspan="1"><p>R$ -</p></td><td rowspan="1" colspan="1"><p></p></td><td rowspan="1" colspan="1"><p>R$ 4.839.547,40</p></td></tr><tr><td rowspan="1" colspan="1"><p>Distrito Federal</p></td><td rowspan="1" colspan="1"><p>R$ 2.623.014,56</p></td><td rowspan="1" colspan="1"><p>R$ -</p></td><td rowspan="1" colspan="1"><p></p></td><td rowspan="1" colspan="1"><p>R$ 2.623.014,56</p></td></tr><tr><td rowspan="1" colspan="1"><p>Espírito Santo</p></td><td rowspan="1" colspan="1"><p>R$ 2.961.399,08</p></td><td rowspan="1" colspan="1"><p>R$ -</p></td><td rowspan="1" colspan="1"><p></p></td><td rowspan="1" colspan="1"><p>R$ 2.961.399,08</p></td></tr><tr><td rowspan="1" colspan="1"><p>Goiás</p></td><td rowspan="1" colspan="1"><p>R$ 6.359.787,89</p></td><td rowspan="1" colspan="1"><p>R$ -</p></td><td rowspan="1" colspan="1"><p></p></td><td rowspan="1" colspan="1"><p>R$ 6.359.787,89</p></td></tr><tr><td rowspan="1" colspan="1"><p>Maranhão</p></td><td rowspan="1" colspan="1"><p>R$ 1.252.659,65</p></td><td rowspan="1" colspan="1"><p>R$ -</p></td><td rowspan="1" colspan="1"><p></p></td><td rowspan="1" colspan="1"><p>R$ 1.252.659,65</p></td></tr><tr><td rowspan="1" colspan="1"><p>Mato Grosso</p></td><td rowspan="1" colspan="1"><p>R$ 1.738.433,33</p></td><td rowspan="1" colspan="1"><p>R$ -</p></td><td rowspan="1" colspan="1"><p></p></td><td rowspan="1" colspan="1"><p>R$ 1.738.433,33</p></td></tr><tr><td rowspan="1" colspan="1"><p>Mato Grosso do Sul</p></td><td rowspan="1" colspan="1"><p>R$ 989.431,15</p></td><td rowspan="1" colspan="1"><p>R$ -</p></td><td rowspan="1" colspan="1"><p></p></td><td rowspan="1" colspan="1"><p>R$ 989.431,15</p></td></tr><tr><td rowspan="1" colspan="1"><p>Minas Gerais</p></td><td rowspan="1" colspan="1"><p>R$ 10.702.447,72</p></td><td rowspan="1" colspan="1"><p>R$ -</p></td><td rowspan="1" colspan="1"><p></p></td><td rowspan="1" colspan="1"><p>R$ 10.702.447,72</p></td></tr><tr><td rowspan="1" colspan="1"><p>Pará</p></td><td rowspan="1" colspan="1"><p>R$ 1.469.807,70</p></td><td rowspan="1" colspan="1"><p>R$ -</p></td><td rowspan="1" colspan="1"><p></p></td><td rowspan="1" colspan="1"><p>R$ 1.469.807,70</p></td></tr><tr><td rowspan="1" colspan="1"><p>Paraíba</p></td><td rowspan="1" colspan="1"><p>R$ 3.286.070,43</p></td><td rowspan="1" colspan="1"><p>R$ -</p></td><td rowspan="1" colspan="1"><p></p></td><td rowspan="1" colspan="1"><p>R$ 3.286.070,43</p></td></tr><tr><td rowspan="1" colspan="1"><p>Paraná</p></td><td rowspan="1" colspan="1"><p>R$ 20.032.220,07</p></td><td rowspan="1" colspan="1"><p>R$ -</p></td><td rowspan="1" colspan="1"><p></p></td><td rowspan="1" colspan="1"><p>R$ 20.032.220,07</p></td></tr><tr><td rowspan="1" colspan="1"><p>Pernambuco</p></td><td rowspan="1" colspan="1"><p>R$ 4.157.317,49</p></td><td rowspan="1" colspan="1"><p>R$ 14.482,07</p></td><td rowspan="1" colspan="1"><p></p></td><td rowspan="1" colspan="1"><p>R$ 4.171.799,56</p></td></tr><tr><td rowspan="1" colspan="1"><p>Piauí</p></td><td rowspan="1" colspan="1"><p>R$ 622.465,03</p></td><td rowspan="1" colspan="1"><p>R$ -</p></td><td rowspan="1" colspan="1"><p></p></td><td rowspan="1" colspan="1"><p>R$ 622.465,03</p></td></tr><tr><td rowspan="1" colspan="1"><p>Rio de Janeiro</p></td><td rowspan="1" colspan="1"><p>R$ 6.696.682,45</p></td><td rowspan="1" colspan="1"><p>R$ 3.763,17</p></td><td rowspan="1" colspan="1"><p>R$ 2.394,75</p></td><td rowspan="1" colspan="1"><p>R$ 6.698.050,87</p></td></tr><tr><td rowspan="1" colspan="1"><p>Rio Grande do Norte</p></td><td rowspan="1" colspan="1"><p>R$ 490.447,17</p></td><td rowspan="1" colspan="1"><p>R$ -</p></td><td rowspan="1" colspan="1"><p></p></td><td rowspan="1" colspan="1"><p>R$ 490.447,17</p></td></tr><tr><td rowspan="1" colspan="1"><p>Rio Grande do Sul</p></td><td rowspan="1" colspan="1"><p>R$ 11.277.434,31</p></td><td rowspan="1" colspan="1"><p>R$ -</p></td><td rowspan="1" colspan="1"><p></p></td><td rowspan="1" colspan="1"><p>R$ 11.277.434,31</p></td></tr><tr><td rowspan="1" colspan="1"><p>Rondônia</p></td><td rowspan="1" colspan="1"><p>R$ 254.402,54</p></td><td rowspan="1" colspan="1"><p>R$ -</p></td><td rowspan="1" colspan="1"><p></p></td><td rowspan="1" colspan="1"><p>R$ 254.402,54</p></td></tr><tr><td rowspan="1" colspan="1"><p>Roraima</p></td><td rowspan="1" colspan="1"><p>R$ 24.936,06</p></td><td rowspan="1" colspan="1"><p>R$ -</p></td><td rowspan="1" colspan="1"><p></p></td><td rowspan="1" colspan="1"><p>R$ 24.936,06</p></td></tr><tr><td rowspan="1" colspan="1"><p>Santa Catarina</p></td><td rowspan="1" colspan="1"><p>R$ 8.100.379,30</p></td><td rowspan="1" colspan="1"><p>R$ -</p></td><td rowspan="1" colspan="1"><p></p></td><td rowspan="1" colspan="1"><p>R$ 8.100.379,30</p></td></tr><tr><td rowspan="1" colspan="1"><p>São Paulo</p></td><td rowspan="1" colspan="1"><p>R$ 63.178.938,28</p></td><td rowspan="1" colspan="1"><p>R$ -</p></td><td rowspan="1" colspan="1"><p></p></td><td rowspan="1" colspan="1"><p>R$ 63.178.938,28</p></td></tr><tr><td rowspan="1" colspan="1"><p>Sergipe</p></td><td rowspan="1" colspan="1"><p>R$ 1.395.015,91</p></td><td rowspan="1" colspan="1"><p>R$ -</p></td><td rowspan="1" colspan="1"><p></p></td><td rowspan="1" colspan="1"><p>R$ 1.395.015,91</p></td></tr><tr><td rowspan="1" colspan="1"><p>Tocantins</p></td><td rowspan="1" colspan="1"><p>R$ 52.150,84</p></td><td rowspan="1" colspan="1"><p>R$ -</p></td><td rowspan="1" colspan="1"><p></p></td><td rowspan="1" colspan="1"><p>R$ 52.150,84</p></td></tr><tr><td rowspan="1" colspan="1"><p>Total</p></td><td rowspan="1" colspan="1"><p>R$ 158.954.714,51</p></td><td rowspan="1" colspan="1"><p>R$ 232.121,33</p></td><td rowspan="1" colspan="1"><p>R$ 361.195,48</p></td><td rowspan="1" colspan="1"><p>R$ 158.825.640,36</p></td></tr></table><p>(1) Conforme §2º, §4º e §5º do artigo 1º.</p><p>(2) Conforme §3º do artigo 1º.</p>]]></Texto>
  </body>
  <Midias />
</article></xml>