﻿<xml><article id="44716951" name="2025-07-31/11188338/ANMWS_229441" idOficio="11188338" pubName="DO1" artType="Despacho" pubDate="01/08/2025" artClass="00035:00044:00023:00000:00000:00000:00000:00000:00000:00000:00024:00119" artCategory="Ministério de Minas e Energia/Agência Nacional de Mineração/Gerência da ANM no Estado de Pernambuco" artSize="12" artNotes="" numberPage="81" pdfPage="http://pesquisa.in.gov.br/imprensa/jsp/visualiza/index.jsp?data=01/08/2025&amp;jornal=515&amp;pagina=81" editionNumber="144" highlightType="" highlightPriority="" highlight="" highlightimage="" highlightimagename="" idMateria="22944151">
  <body>
    <Identifica><![CDATA[Despacho]]></Identifica>
    <Data><![CDATA[]]></Data>
    <Ementa />
    <Titulo />
    <SubTitulo />
    <Texto><![CDATA[<p class="identifica">Despacho</p><p>Relação nº 119/2025</p><p>Fase de Requerimento de Pesquisa</p><p>O GERENTE REGIONAL DA AGÊNCIA NACIONAL DE MINERAÇÃO, no uso da competência delegada de que trata o Art. 1°, inciso I, alínea "a" da Portaria nº 1712, de 8 de novembro de 2024, e com fundamento no art. 15, do Decreto-lei n° 227, de 28 de fevereiro de 1967, (Código de Mineração), e no art. 2°, inciso XVII da Lei 13.575/2017, outorga o(s) seguinte(s) Alvará(s) de Pesquisa, pelo prazo de 03 anos, com vigência a partir dessa publicação:(323)</p><p>5213/2025-840.148/2024-BGOLD MINERACAO LTDA-</p><p>5215/2025-840.150/2024-FB COMERCIO DE MINERIOS LTDA-</p><p>5214/2025-840.149/2024-FB COMERCIO DE MINERIOS LTDA-</p><p>5216/2025-840.152/2024-BGOLD MINERACAO LTDA-</p><p>5217/2025-840.155/2024-BGOLD MINERACAO LTDA-</p><p>5218/2025-840.162/2024-ANTONIO SERGIO ARAUJO JATOBA-</p><p>5219/2025-840.169/2024-JOSE AILTON GOMES DA SILVA EIRELI-</p><p>5220/2025-840.196/2024-NCM EMPREENDIMENTOS LTDA-</p><p>5221/2025-840.206/2024-FELIPE CRUZ PEDRI-</p><p>5222/2025-840.210/2024-FELIPE CRUZ PEDRI-</p><p>5223/2025-840.212/2024-FELIPE CRUZ PEDRI-</p><p>5224/2025-840.234/2024-ODORA MINERALS LTDA-</p><p>5225/2025-840.401/2024-RODRIGO FERREIRA DA SILVA-</p><p>O GERENTE REGIONAL DA AGÊNCIA NACIONAL DE MINERAÇÃO, no uso da competência delegada de que trata o Art. 1°, inciso I, alínea "a" da Portaria nº 1712, de 8 de novembro de 2024, e com fundamento no art. 15, do Decreto-lei n° 227, de 28 de fevereiro de 1967, (Código de Mineração), e no art. 2°, inciso XVII da Lei 13.575/2017, outorga o(s) seguinte(s) Alvará(s) de Pesquisa, pelo prazo de 02 anos, com vigência a partir dessa publicação:(322)</p><p>5209/2025-840.165/2024-FB COMERCIO DE MINERIOS LTDA-</p><p>5210/2025-840.173/2024-QUIMIKA INDUSTRIAL LTDA-</p><p>5212/2025-840.402/2024-NCM EMPREENDIMENTOS LTDA-</p><p>5211/2025-840.188/2024-BLUE SKY MINERACAO LTDA-</p><p class="assina">WERTHER LARRAZABAL DA SILVA JÚNIOR</p><p class="cargo">Gerente</p>]]></Texto>
  </body>
  <Midias />
</article></xml>