﻿<xml><article id="44716861" name="Portaria nA176 - PONTUAL" idOficio="11188249" pubName="DO1" artType="Portaria" pubDate="01/08/2025" artClass="00008:00002:00018:00008:00004:00000:00000:00000:00000:00000:00054:00000" artCategory="Ministério da Agricultura e Pecuária/Secretaria Executiva/Superintendência de Agricultura e Pecuária do Estado de São Paulo/Divisão de Defesa Agropecuária/Serviço de Fiscalização de Insumos e Sanidade Vegetal" artSize="12" artNotes="" numberPage="1" pdfPage="http://pesquisa.in.gov.br/imprensa/jsp/visualiza/index.jsp?data=01/08/2025&amp;jornal=515&amp;pagina=1" editionNumber="144" highlightType="" highlightPriority="" highlight="" highlightimage="" highlightimagename="" idMateria="22944035">
  <body>
    <Identifica><![CDATA[ PORTARIA Nº 176, dE 30 de julho de 2025]]></Identifica>
    <Data><![CDATA[]]></Data>
    <Ementa />
    <Titulo />
    <SubTitulo />
    <Texto><![CDATA[<p class="identifica">PORTARIA Nº 176, dE 30 de julho de 2025</p><p>A CHEFE DO SERVIÇO DE FISCALIZAÇÃO DE INSUMOS E SANIDADE VEGETAL, da DDA/SFA-SP, no uso de suas atribuições, que lhe confere o inciso XVI do artigo 274 do Regimento Interno da Secretaria Executiva (SE/MAPA), aprovado pela Portaria Ministerial nº 561, de 11 de abril de 2018, publicada no DOU de 13 de abril de 2018, tendo em vista o disposto na Lei n° 14.785, de 27 de dezembro de 2023, na Instrução Normativa SDA n° 36, de 24 de novembro de 2009, alterada pela IN nº 42, de 5 de dezembro de 2011, e o que consta no Processo 21052.001316/2025-40, resolve:</p><p>Art. 1º Aprovar o credenciamento como Instituição de Pesquisa a entidade PONTUAL LAB ANÁLISES LABORATORIAIS LTDA, CNPJ 46.760.829/0001-93 - Estrada Décio Valdemarin, nº 20 - Município de Iperó/SP - CEP 18560-000 para, na qualidade de entidade de pesquisa, realizar pesquisa e experimentação com agrotóxicos e afins objetivando a emissão de laudos de eficiência e praticabilidade agronômica, de fitotoxicidade e ensaios de campo de resíduos para fins de registro;</p><p>Art. 2° Esta Portaria entra em vigor na data de sua publicação.</p><p class="assina">Carolina de Araujo Reis</p>]]></Texto>
  </body>
  <Midias />
</article></xml>