﻿<xml><article id="44727146" name="31072025GR05OR" idOficio="11190356" pubName="DO1" artType="Ato" pubDate="01/08/2025" artClass="00014:00019:00014:00157:00000:00000:00000:00000:00000:00000:00006:00000" artCategory="Ministério das Comunicações/Agência Nacional de Telecomunicações/Superintendência de Fiscalização/Gerência Regional no Estado do Rio Grande do Sul" artSize="12" artNotes="" numberPage="5" pdfPage="http://pesquisa.in.gov.br/imprensa/jsp/visualiza/index.jsp?data=01/08/2025&amp;jornal=515&amp;pagina=5" editionNumber="144" highlightType="" highlightPriority="" highlight="" highlightimage="" highlightimagename="" idMateria="22946864">
  <body>
    <Identifica><![CDATA[ Atos de 31 de julho de 2025]]></Identifica>
    <Data><![CDATA[]]></Data>
    <Ementa />
    <Titulo />
    <SubTitulo />
    <Texto><![CDATA[<p class="identifica">Atos de 31 de julho de 2025</p><p>Outorga autorização para uso de radiofrequência(s) associada à autorização para exploração do Serviço Limitado Privado, a:</p><p>Nº 9.085 - Processo nº 53528.001040/2025-52, Usina Termelétrica Pampa Sul S.a., CNPJ nº 04.739.720/0001-24.</p><p>Nº 9.086 - Processo nº 53528.002170/2025-11, John Deere Brasil Ltda, CNPJ nº 89.674.782/0012-00.</p><p>Nº 9.087 - Processo nº 53528.001321/2025-13, Brfibra Telecomunicações Ltda, CNPJ nº 73.972.002/0001-16.</p><p>Nº 9.088 - Processo nº 53528.001974/2025-94, Município de Passa Sete, CNPJ nº 01.612.364/0001-95.</p><p>Expede autorização para explorar o Serviço de Interesse Restrito, por prazo indeterminado, sem caráter de exclusividade, em âmbito nacional e internacional e tendo como área de prestação de serviço todo o território nacional, a:</p><p>Nº 9.089 - Processo nº 53528.002380/2025-09, Lucca Vargas Ramos, CPF nº ***.052.800-**.</p><p>Nº 9.090 - Processo nº 53528.002381/2025-45, Carlos Rodrigues do Prado, CPF nº ***.751.457-**.</p><p>Nº 9.091 - Processo nº 53528.002384/2025-89, Renato Schwertner Carlassara, CPF nº ***.952.760-**.</p><p>Nº 9.092 - Processo nº 53528.002398/2025-01, Tiago Formighieri da Rosa, CPF nº ***.754.350-**.</p><p>Nº 9.093 - Processo nº 53528.002411/2025-13, Pablo Morales de Freitas, CPF nº ***.683.560-**.</p><p>Nº 9.094 - Processo nº 53528.002416/2025-46, Claudenir da Silva Vivian, CPF nº ***.567.600-**.</p><p>Nº 9.095 - Processo nº 53528.002426/2025-81, Luiz Alberto de Abreu, CPF nº ***.179.800-**.</p><p class="assina">Mauricio Peroni</p><p class="cargo">Gerente</p>]]></Texto>
  </body>
  <Midias />
</article></xml>