﻿<xml><article id="44730280" name="Res_REA_16.333_2025_SCE" idOficio="11190983" pubName="DO1" artType="Resolução" pubDate="01/08/2025" artClass="00035:00043:00021:00000:00000:00000:00000:00000:00000:00000:00024:00008" artCategory="Ministério de Minas e Energia/Agência Nacional de Energia Elétrica/Diretoria Colegiada" artSize="12" artNotes="" numberPage="71" pdfPage="http://pesquisa.in.gov.br/imprensa/jsp/visualiza/index.jsp?data=01/08/2025&amp;jornal=515&amp;pagina=71" editionNumber="144" highlightType="" highlightPriority="" highlight="" highlightimage="" highlightimagename="" idMateria="22947787">
  <body>
    <Identifica><![CDATA[ RESOLUÇÃO AUTORIZATIVA Nº 16.333, DE 29 DE JULHO DE 2025]]></Identifica>
    <Data><![CDATA[]]></Data>
    <Ementa />
    <Titulo />
    <SubTitulo />
    <Texto><![CDATA[<p class="identifica">RESOLUÇÃO AUTORIZATIVA Nº 16.333, DE 29 DE JULHO DE 2025</p><p>O DIRETOR-GERAL DA AGÊNCIA NACIONAL DE ENERGIA ELÉTRICA - ANEEL, com base no art. 16, IV, do Regimento Interno da ANEEL, resolve:</p><p>Processo nº: 48500.022409/2025-39. Interessado: Cemig Distribuição S.A., CNPJ nº 06.981.180/0001-16. Objeto: Declarar de utilidade pública, para fins de instituição de servidão administrativa, em favor da interessada, a área de terra de 23 metros de largura necessária à passagem da Linha de Distribuição Jampruca 1 - São José do Divino 1, circuito simples, 138 kV, com aproximadamente 47,5 (quarenta e sete quilômetros e quinhentos metros) quilômetros de extensão, que interligará a SE Jampruca 1 à SE São José do Divino 1, localizada nos municípios de Jampruca, Campanário, Nova Módica e São José do Divino, no estado de Minas Gerais. A íntegra desta Resolução consta dos autos e encontra-se disponível no endereço eletrônico http://biblioteca.aneel.gov.br.</p><p class="assina">SANDOVAL DE ARAÚJO FEITOSA NETO</p>]]></Texto>
  </body>
  <Midias />
</article></xml>