﻿<xml><article id="44723336" name="Portaria_de_Pessoal_7859" idOficio="11189436" pubName="DO1" artType="Portaria" pubDate="01/08/2025" artClass="00025:00121:00006:00009:00000:00000:00000:00000:00000:00000:00054:00000" artCategory="Ministério da Educação/Universidade Federal do Rio de Janeiro/Centro de Filosofia e Ciências Humanas/Faculdade de Educação" artSize="12" artNotes="" numberPage="25" pdfPage="http://pesquisa.in.gov.br/imprensa/jsp/visualiza/index.jsp?data=01/08/2025&amp;jornal=515&amp;pagina=25" editionNumber="144" highlightType="" highlightPriority="" highlight="" highlightimage="" highlightimagename="" idMateria="22945649">
  <body>
    <Identifica><![CDATA[ PORTARIA Nº 7.859, DE 31 DE JULHO DE 2025]]></Identifica>
    <Data><![CDATA[]]></Data>
    <Ementa />
    <Titulo />
    <SubTitulo />
    <Texto><![CDATA[<p class="identifica">PORTARIA Nº 7.859, DE 31 DE JULHO DE 2025</p><p>A Vice-diretora da Faculdade de Educação, nomeada pela Portaria nº 313 de 04/01/2024, no uso de suas atribuições, resolve:</p><p>Tornar público o resultado do Processo Seletivo Simplificado para Professores Substitutos, Edital UFRJ N° 557, de 17 de junho de 2025 - Processo Seletivo Simplificado para Contratação Temporária de Professor Substituto relativo ao Setor/Área: Didática Especial e Prática de Ensino de Matemática, Código da Opção de Vaga: PSS- 034, Departamento: Didática, Faculdade de Educação, Centro de Filosofia e Ciências Humanas.</p><p>Conforme informado pela chefia do Departamento, a banca examinadora composta pelos docentes: Profa. Dra. Ana Teresa de Carvalho Correa de Oliveira (FE/UFRJ) - Presidenta, Profa. Dra. Janete Bolite Frant (FE/UFRJ) e Prof. Dr. Fábio Menezes da Silva - FEBF/UERJ, após avaliação, em 27 de julho de 2025, informou a seguinte ordem classificatória dos candidatos aprovados:</p><p>1º lugar - Washington Santos dos Reis. Nota: 10,00</p><p>2º lugar - Jessica Maria Oliveira de Luna. Nota: 8,40</p><p>3º lugar - Rodrigo Miranda Ferreira. Nota: 7,00</p><p class="assina">Silvina Julia Fernández</p>]]></Texto>
  </body>
  <Midias />
</article></xml>