﻿<xml><article id="44735530" name="instrucao_normativa_388_2025 DIR" idOficio="11191434" pubName="DO1" artType="Instrução Normativa" pubDate="01/08/2025" artClass="00047:00048:00008:00000:00000:00000:00000:00000:00000:00000:00024:00005" artCategory="Ministério da Saúde/Agência Nacional de Vigilância Sanitária/Diretoria Colegiada" artSize="24" artNotes="" numberPage="176" pdfPage="http://pesquisa.in.gov.br/imprensa/jsp/visualiza/index.jsp?data=01/08/2025&amp;jornal=515&amp;pagina=176" editionNumber="144" highlightType="" highlightPriority="" highlight="" highlightimage="" highlightimagename="" idMateria="22948778">
  <body>
    <Identifica />
    <Data><![CDATA[]]></Data>
    <Ementa />
    <Titulo />
    <SubTitulo />
    <Texto><![CDATA[<p /><p></p><table><tr /><tr><td rowspan="1" colspan="1"><p>Salicilato de metila + cânfora + mentol</p></td><td rowspan="1" colspan="1"><p>M02A - Produtos para dor articular e muscular de uso local</p></td><td rowspan="1" colspan="1"><p>Solução dermatológica</p></td><td rowspan="1" colspan="1"><p>0,0333 mL/mL + 33,3 + 8,3 mg/mL</p></td><td rowspan="1" colspan="1"><p>Dor e inflamação do sistema musculoesquelético.</p></td></tr><tr><td rowspan="1" colspan="1"><p>Salicilato de metila + levomentol</p></td><td rowspan="1" colspan="1"><p>M02A - Produtos para dor articular e muscular de uso local</p></td><td rowspan="1" colspan="1"><p>Adesivo dermatológico</p></td><td rowspan="1" colspan="1"><p>105 + 31,5 mg</p></td><td rowspan="1" colspan="1"><p>Dor e inflamação do sistema musculoesquelético.</p></td></tr><tr><td rowspan="1" colspan="1"><p>Salicilato de metila + levomentol</p></td><td rowspan="1" colspan="1"><p>M02A - Produtos para dor articular e muscular de uso local</p></td><td rowspan="1" colspan="1"><p>Gel dermatológico</p></td><td rowspan="1" colspan="1"><p>150 + 70 mg/g</p></td><td rowspan="1" colspan="1"><p>Dor e inflamação do sistema musculoesquelético.</p></td></tr><tr><td rowspan="1" colspan="1"><p>Salicilato de metila + mentol</p></td><td rowspan="1" colspan="1"><p>M02A - Produtos para dor articular e muscular de uso local</p></td><td rowspan="1" colspan="1"><p>Gel dermatológico, creme dermatológico</p></td><td rowspan="1" colspan="1"><p>150 + 100 mg/g</p></td><td rowspan="1" colspan="1"><p>Dor e inflamação do sistema musculoesquelético.</p></td></tr><tr><td rowspan="1" colspan="1"><p>Salicilato de metila + mentol</p></td><td rowspan="1" colspan="1"><p>M02A - Produtos para dor articular e muscular de uso local</p></td><td rowspan="1" colspan="1"><p>Pomada dermatológica</p></td><td rowspan="1" colspan="1"><p>250 + 250 mg/g</p></td><td rowspan="1" colspan="1"><p>Dor e inflamação do sistema musculoesquelético.</p></td></tr><tr><td rowspan="1" colspan="1"><p>Salicilato de metila + mentol</p></td><td rowspan="1" colspan="1"><p>M02A - Produtos para dor articular e muscular de uso local</p></td><td rowspan="1" colspan="1"><p>Solução dermatológica</p></td><td rowspan="1" colspan="1"><p>50 + 10 mg/g</p></td><td rowspan="1" colspan="1"><p>Dor e inflamação do sistema musculoesquelético.</p></td></tr><tr><td rowspan="1" colspan="1"><p>Salicilato de metila + salicilato de etilenoglicol + levomentol + cânfora</p></td><td rowspan="1" colspan="1"><p>M02A - Produtos para dor articular e muscular de uso local</p></td><td rowspan="1" colspan="1"><p>Solução dermatológica</p></td><td rowspan="1" colspan="1"><p>30 + 19 + 38,5 + 38,5 mg/mL</p></td><td rowspan="1" colspan="1"><p>Dor e inflamação do sistema musculoesquelético.</p></td></tr><tr><td rowspan="1" colspan="1"><p>Silybum marianum + racemetionina</p></td><td rowspan="1" colspan="1"><p>A05B - Terapia biliar, lipotrópicos</p></td><td rowspan="1" colspan="1"><p>Comprimido revestido</p></td><td rowspan="1" colspan="1"><p>70 + 100 mg</p></td><td rowspan="1" colspan="1"><p>Auxiliar no tratamento dos distúrbios do fígado</p></td></tr><tr><td rowspan="1" colspan="1"><p>Sorbitol + laurilsulfato de sódio</p></td><td rowspan="1" colspan="1"><p>A06A - Laxantes</p></td><td rowspan="1" colspan="1"><p>Solução retal</p></td><td rowspan="1" colspan="1"><p>714 + 7,7 mg/g</p></td><td rowspan="1" colspan="1"><p>Laxativo. Prisão de ventre. Sob orientação de profissional de saúde: preparo diagnóstico ou cirúrgico.</p></td></tr><tr><td rowspan="1" colspan="1"><p>Subgalato de bismuto + óxido de zinco</p></td><td rowspan="1" colspan="1"><p>D02A - Emolientes e protetores de uso local</p></td><td rowspan="1" colspan="1"><p>Gel dermatológico</p></td><td rowspan="1" colspan="1"><p>1,5 + 45 mg/g</p></td><td rowspan="1" colspan="1"><p>Dermatite de fraldas. Brotoejas. Irritações da pele de pequena intensidade provocadas pelo vento ou exposição prolongada ao sol.</p></td></tr><tr><td rowspan="1" colspan="1"><p>Subgalato de bismuto + óxido de zinco + iodeto de timol</p></td><td rowspan="1" colspan="1"><p>D08A - Antissépticos e desinfetantes de uso local</p></td><td rowspan="1" colspan="1"><p>Pó dermatológico</p></td><td rowspan="1" colspan="1"><p>3,0 + 93,33 + 1,5 mg/g</p></td><td rowspan="1" colspan="1"><p>Dermatite de fraldas. Brotoejas. Desodorante e antiperspirante dos pés e axilas.</p></td></tr><tr><td rowspan="1" colspan="1"><p>Sulfato de magnésio + ácido cítrico + bicarbonato de sódio</p></td><td rowspan="1" colspan="1"><p>A02A - Antiácidos</p></td><td rowspan="1" colspan="1"><p>Pó efervescente</p></td><td rowspan="1" colspan="1"><p>176,5 + 367 + 436 mg/g</p></td><td rowspan="1" colspan="1"><p>Alívio da azia e dor de estômago devido à má digestão. Laxante leve.</p></td></tr><tr><td rowspan="1" colspan="1"><p>Sulfato de neomicina</p></td><td rowspan="1" colspan="1"><p>D06A - Antibióticos de uso local</p></td><td rowspan="1" colspan="1"><p>Pomada dermatológica</p></td><td rowspan="1" colspan="1"><p>5 mg/g</p></td><td rowspan="1" colspan="1"><p>Infecções bacterianas da pele e mucosas, como impetigo e furúnculo. Eczemas e queimaduras infectados. Úlcera cutânea.</p></td></tr><tr><td rowspan="1" colspan="1"><p>Sulfato de neomicina + bacitracina zíncica</p></td><td rowspan="1" colspan="1"><p>D06A - Antibióticos de uso local</p></td><td rowspan="1" colspan="1"><p>Pomada dermatológica</p></td><td rowspan="1" colspan="1"><p>5 mg/g + 250 UI/g</p></td><td rowspan="1" colspan="1"><p>Infecções bacterianas da pele e mucosas, como impetigo e furúnculo. Eczemas e queimaduras infectados. Úlcera cutânea. Profilaxia de infecções cutâneomucosas decorrentes de ferimentos cortantes.</p></td></tr><tr><td rowspan="1" colspan="1"><p>Sulfato de neomicina + tartarato de bismuto e sódio + cloridrato de procaína</p></td><td rowspan="1" colspan="1"><p>A01A - Preparações bucais</p></td><td rowspan="1" colspan="1"><p>Suspensão de</p><p>uso local</p></td><td rowspan="1" colspan="1"><p>25 + 25 + 15 mg/ml</p></td><td rowspan="1" colspan="1"><p>Aftas e outras inflamações da mucosa da boca.</p></td></tr><tr><td rowspan="1" colspan="1"><p>Sulfato de neomicina + tartarato de bismuto e sódio + cloridrato de procaína + mentol</p></td><td rowspan="1" colspan="1"><p>A01A - Preparações bucais</p></td><td rowspan="1" colspan="1"><p>Suspensão de uso local</p></td><td rowspan="1" colspan="1"><p>26 + 25 + 15 + 1 mg/ml</p></td><td rowspan="1" colspan="1"><p>Aftas e outras inflamações da mucosa da boca.</p></td></tr><tr><td rowspan="1" colspan="1"><p>Sulfeto de selênio</p></td><td rowspan="1" colspan="1"><p>D01A - Antifúngicos de uso local</p></td><td rowspan="1" colspan="1"><p>Xampu</p></td><td rowspan="1" colspan="1"><p>25 mg/mL</p></td><td rowspan="1" colspan="1"><p>Caspa, dermatite seborreica, micose superficial do couro cabeludo.</p></td></tr><tr><td rowspan="1" colspan="1"><p>Tintura Matricaria chamomilla L + cloridrato de lidocaína + polidocanol</p></td><td rowspan="1" colspan="1"><p>A01A - Preparações bucais</p></td><td rowspan="1" colspan="1"><p>Gel</p></td><td rowspan="1" colspan="1"><p>150 + 3,4 + 3,2 mg/g</p></td><td rowspan="1" colspan="1"><p>Alívio dos deconfortos bucais da primeira dentição.</p></td></tr><tr><td rowspan="1" colspan="1"><p>Tintura Matricaria chamomilla L., cloridrato de lidocaína, polidocanol</p></td><td rowspan="1" colspan="1"><p>A01A - Preparações bucais</p></td><td rowspan="1" colspan="1"><p>Solução</p></td><td rowspan="1" colspan="1"><p>150,0 mg/g + 3,4 mg/g + 3,2 mg/g</p></td><td rowspan="1" colspan="1"><p>Alívio dos deconfortos bucais da primeira dentição.</p></td></tr><tr><td rowspan="1" colspan="1"><p>Tioconazol</p></td><td rowspan="1" colspan="1"><p>D01A - Antifúngicos de uso local</p></td><td rowspan="1" colspan="1"><p>Creme dermatológico</p></td><td rowspan="1" colspan="1"><p>10 mg/g</p></td><td rowspan="1" colspan="1"><p>Micoses superficiais de pele e unha e infecções mistas por fungos e bactérias.</p></td></tr><tr><td rowspan="1" colspan="1"><p>Tirotricina + sulfato de hidroxiquinolina</p></td><td rowspan="1" colspan="1"><p>R02A - Preparações para a garganta</p></td><td rowspan="1" colspan="1"><p>Solução</p></td><td rowspan="1" colspan="1"><p>0,3 + 10 mg/mL</p></td><td rowspan="1" colspan="1"><p>Aftas e outras inflamações na mucosa da boca. Dor de garganta.</p></td></tr><tr><td rowspan="1" colspan="1"><p>Tirotricina + sulfato de hidroxiquinolina + benzocaína</p></td><td rowspan="1" colspan="1"><p>R02A - Preparações para a garganta</p></td><td rowspan="1" colspan="1"><p>Pastilha</p></td><td rowspan="1" colspan="1"><p>1 + 0,7 + 5 mg</p></td><td rowspan="1" colspan="1"><p>Aftas e outras inflamações na mucosa da boca. Dor de garganta.</p></td></tr><tr><td rowspan="1" colspan="1"><p>Tirotricina + sulfato de hidroxiquinolina + cloridrato de lidocaína</p></td><td rowspan="1" colspan="1"><p>R02A - Preparações para a garganta</p></td><td rowspan="1" colspan="1"><p>Solução</p></td><td rowspan="1" colspan="1"><p>0,1 + 2 + 4 mg/mL</p></td><td rowspan="1" colspan="1"><p>Aftas e outras inflamações na mucosa da boca. Dor de garganta.</p></td></tr><tr><td rowspan="1" colspan="1"><p>Tirotricina + sulfato de hidroxiquinolina + fluoreto de sódio</p></td><td rowspan="1" colspan="1"><p>A01A - Preparações bucais</p></td><td rowspan="1" colspan="1"><p>Gel</p></td><td rowspan="1" colspan="1"><p>0,25 + 6,2 + 2,2 mg/g</p></td><td rowspan="1" colspan="1"><p>Aftas e outras inflamações na mucosa da boca. Profilaxia da cárie.</p></td></tr><tr><td rowspan="1" colspan="1"><p>Tribenosídeo + cloridrato de lidocaína</p></td><td rowspan="1" colspan="1"><p>C05A - Agentes para tratamento de hemorroidas e fissuras anais de uso local</p></td><td rowspan="1" colspan="1"><p>Creme retal</p></td><td rowspan="1" colspan="1"><p>50 + 20 mg/g</p></td><td rowspan="1" colspan="1"><p>Hemorroidas internas e externas.</p></td></tr><tr><td rowspan="1" colspan="1"><p>Tribenosídeo + cloridrato de lidocaína</p></td><td rowspan="1" colspan="1"><p>C05A - Agentes para tratamento de hemorroidas e fissuras anais de uso local</p></td><td rowspan="1" colspan="1"><p>Supositório</p></td><td rowspan="1" colspan="1"><p>400 + 40 mg</p></td><td rowspan="1" colspan="1"><p>Hemorroidas internas e externas.</p></td></tr><tr><td rowspan="1" colspan="1"><p>Ureia</p></td><td rowspan="1" colspan="1"><p>D02A - Emolientes e protetores de uso local</p></td><td rowspan="1" colspan="1"><p>Creme dermatológico</p></td><td rowspan="1" colspan="1"><p>200 mg/g</p></td><td rowspan="1" colspan="1"><p>Pele seca e áspera. Espessamento da pele, ressecamento e descamação da pele, eczema e calosidade de mãos, cotovelos, joelhos e pés.</p></td></tr></table><p>ANEXO II</p><p>LISTA DE MEDICAMENTOS ISENTOS DE PRESCRIÇÃO (LMIP)</p><p>Fitoterápicos</p><p /><p></p><table><tr /><tr><td rowspan="1" colspan="1"><p>Espécie</p></td><td rowspan="1" colspan="1"><p>Classe terapêutica</p></td><td rowspan="1" colspan="1"><p>Parte empregada</p></td><td rowspan="1" colspan="1"><p>Indicações terapêuticas e via de administração</p></td></tr><tr><td rowspan="1" colspan="1"><p>Aesculus hippocastanum</p></td><td rowspan="1" colspan="1"><p>Produtos com ação sobre o aparelho cardiovascular</p></td><td rowspan="1" colspan="1"><p>Sementes</p></td><td rowspan="1" colspan="1"><p>Alívio dos sintomas relacionados a inchaços nas pernas, veias varicosas, sensação de peso, dor, cansaço, coceira, tensão nas pernas e câimbras na panturrilha. Restrições: uso oral.</p></td></tr><tr><td rowspan="1" colspan="1"><p>Aloe ferox + Gentiana lutea</p></td><td rowspan="1" colspan="1"><p>Digestivos, hepatoprotetores, colagogos e coleréticos com ou sem efeito antiespasmódico</p></td><td rowspan="1" colspan="1"><p>Rizoma + folhas</p></td><td rowspan="1" colspan="1"><p>Auxiliar no funcionamento da vesícula biliar. Auxiliar no tratamento dos sintomas da dispepsia funcional. Prevenção e tratamento auxiliar de distúrbios hepáticos e dos distúrbios gastrointestinais espásticos. Digestivo. Uso oral.</p></td></tr><tr><td rowspan="1" colspan="1"><p>Aloe vera</p></td><td rowspan="1" colspan="1"><p>Anti-inflamatórios. Cicatrizantes com ação anti-inflamatória</p></td><td rowspan="1" colspan="1"><p>Folhas</p></td><td rowspan="1" colspan="1"><p>Cicatrizante, destinado ao tratamento de queimaduras térmicas leves. Anti-inflamatório. Auxiliar no tratamento dos sintomas das dispepsias funcionais e dos distúrbios gastrointestinais espásticos (uso oral). Anti-inflamatório (uso tópico).</p></td></tr><tr><td rowspan="1" colspan="1"><p>Althaea officinalis</p></td><td rowspan="1" colspan="1"><p>Antitussígenos</p></td><td rowspan="1" colspan="1"><p>Raízes</p></td><td rowspan="1" colspan="1"><p>Irritação oral ou faríngea e tosse seca associada. Uso oral.</p></td></tr><tr><td rowspan="1" colspan="1"><p>Arnica montana</p></td><td rowspan="1" colspan="1"><p>Produtos com ação na pele e mucosas</p></td><td rowspan="1" colspan="1"><p>Capítulo floral</p></td><td rowspan="1" colspan="1"><p>Alívio dos sintomas de equimoses, hematomas e contusões. Uso tópico.</p></td></tr><tr><td rowspan="1" colspan="1"><p>Atropa belladona</p></td><td rowspan="1" colspan="1"><p>Antiespasmódicos e anticolinérgicos gastrointestinais</p></td><td rowspan="1" colspan="1"><p>Folhas</p></td><td rowspan="1" colspan="1"><p>Alívio dos sintomas de cólicas e espasmos gastrintestinais. Uso oral.</p></td></tr><tr><td rowspan="1" colspan="1"><p>Calendula officinalis</p></td><td rowspan="1" colspan="1"><p>Anti-inflamatórios. Cicatrizantes com ação anti-inflamatória</p></td><td rowspan="1" colspan="1"><p>Flores</p></td><td rowspan="1" colspan="1"><p>Cicatrizante, destinado ao tratamento de queimaduras térmicas leves. Anti-inflamatório. Auxiliar no tratamento dos sintomas das dispepsias funcionais e dos distúrbios gastrointestinais espásticos (uso oral). Anti-inflamatório (uso tópico).</p></td></tr><tr><td rowspan="1" colspan="1"><p>Cassia fistula + Senna alexandrina</p></td><td rowspan="1" colspan="1"><p>Laxantes irritantes ou estimulantes</p></td><td rowspan="1" colspan="1"><p>Fruto + folhas</p></td><td rowspan="1" colspan="1"><p>Constipação ocasional. Uso oral.</p></td></tr><tr><td rowspan="1" colspan="1"><p>Centella asiatica</p></td><td rowspan="1" colspan="1"><p>Produtos com ação sobre o aparelho cardiovascular</p></td><td rowspan="1" colspan="1"><p>Partes aéreas</p></td><td rowspan="1" colspan="1"><p>Alívio dos sintomas relacionados a inchaços nas pernas, veias varicosas, sensação de peso, dor, cansaço, coceira, tensão nas pernas e câimbras na panturrilha. Uso oral.</p></td></tr><tr><td rowspan="1" colspan="1"><p>Cinchona calisaya</p></td><td rowspan="1" colspan="1"><p>Estimulantes do apetite</p></td><td rowspan="1" colspan="1"><p>Casca</p></td><td rowspan="1" colspan="1"><p>Estimulante do apetite e para cansaço físico e mental. Uso oral.</p></td></tr><tr><td rowspan="1" colspan="1"><p>Cinnamomum verum + Syzygium aromaticum</p></td><td rowspan="1" colspan="1"><p>Outros produtos para o aparelho digestivo e metabolismo</p></td><td rowspan="1" colspan="1"><p>Cascas + botões florais</p></td><td rowspan="1" colspan="1"><p>Antiflatulento em casos de problemas digestivos. Uso oral.</p></td></tr><tr><td rowspan="1" colspan="1"><p>Cordia verbenacea DC.</p></td><td rowspan="1" colspan="1"><p>Produtos para dor articular e muscular de uso tópico</p></td><td rowspan="1" colspan="1"><p>Folhas</p></td><td rowspan="1" colspan="1"><p>Auxiliar no alívio de sintomas dolorosos decorrentes de processos inflamatórios localizados. Uso dermatológico (tópico)</p></td></tr><tr><td rowspan="1" colspan="1"><p>Crataegus rhipidophylla + Salix alba + Passiflora incarnata</p></td><td rowspan="1" colspan="1"><p>Ansiolíticos</p></td><td rowspan="1" colspan="1"><p>Flores + casca + flores</p></td><td rowspan="1" colspan="1"><p>Ansiolítico leve. Auxiliar no tratamento da ansiedade leve e da insônia. Uso oral.</p></td></tr><tr><td rowspan="1" colspan="1"><p>Cynara scolymus</p></td><td rowspan="1" colspan="1"><p>Digestivos, hepatoprotetores, colagogos e coleréticos com ou sem efeito antiespasmódico</p></td><td rowspan="1" colspan="1"><p>Folhas</p></td><td rowspan="1" colspan="1"><p>Auxiliar no funcionamento da vesícula biliar. Auxiliar no tratamento dos sintomas da dispepsia funcional. Prevenção e tratamento auxiliar de distúrbios hepáticos e dos distúrbios gastrointestinais espásticos. Digestivo. Uso oral.</p></td></tr><tr><td rowspan="1" colspan="1"><p>Cynara scolymus + Peumus boldus</p></td><td rowspan="1" colspan="1"><p>Digestivos, hepatoprotetores, colagogos e coleréticos com ou sem efeito antiespasmódico</p></td><td rowspan="1" colspan="1"><p>Folhas + folhas</p></td><td rowspan="1" colspan="1"><p>Auxiliar no funcionamento da vesícula biliar. Auxiliar no tratamento dos sintomas da dispepsia funcional. Prevenção e tratamento auxiliar de distúrbios hepáticos e dos distúrbios gastrointestinais espásticos. Digestivo. Uso oral.</p></td></tr><tr><td rowspan="1" colspan="1"><p>Eucaliptus globulus</p></td><td rowspan="1" colspan="1"><p>Expectorantes</p></td><td rowspan="1" colspan="1"><p>Folhas</p></td><td rowspan="1" colspan="1"><p>Antisséptico das vias aéreas superiores e expectorante. Broncodilatador. Uso oral.</p></td></tr><tr><td rowspan="1" colspan="1"><p>Gentiana lutea + Chamaemelum nobile</p></td><td rowspan="1" colspan="1"><p>Digestivos, hepatoprotetores, colagogos e coleréticos com ou sem efeito antiespasmódico</p></td><td rowspan="1" colspan="1"><p>Rizoma + raiz</p></td><td rowspan="1" colspan="1"><p>Auxiliar no funcionamento da vesícula biliar. Auxiliar no tratamento dos sintomas da dispepsia funcional. Prevenção e tratamento auxiliar de distúrbios hepáticos e dos distúrbios gastrointestinais espásticos. Digestivo. Uso oral.</p></td></tr><tr><td rowspan="1" colspan="1"><p>Glycine max</p></td><td rowspan="1" colspan="1"><p>Produtos para uso em ginecologia</p></td><td rowspan="1" colspan="1"><p>Sementes</p></td><td rowspan="1" colspan="1"><p>Auxiliar no alívio dos sintomas do climatério. Uso oral.</p></td></tr><tr><td rowspan="1" colspan="1"><p>Glycyrrhiza glabra</p></td><td rowspan="1" colspan="1"><p>Antiulcerosos</p></td><td rowspan="1" colspan="1"><p>Raízes</p></td><td rowspan="1" colspan="1"><p>Alívio dos sintomas digestivos incluindo queimação e dispepsia. Uso oral.</p></td></tr><tr><td rowspan="1" colspan="1"><p>Hamamelis virginiana</p></td><td rowspan="1" colspan="1"><p>Antihemorroidários tópicos e/ou terapia varicosa inclusive antihemorroidário</p></td><td rowspan="1" colspan="1"><p>Folhas</p></td><td rowspan="1" colspan="1"><p>Auxiliar no tratamento de hemorroidas externas e equimoses (uso tópico). Alívio do prurido e ardor associados a hemorroidas (uso oral).</p></td></tr><tr><td rowspan="1" colspan="1"><p>Harpagophytum procumbens e/ou Harpagophytum zeyheri</p></td><td rowspan="1" colspan="1"><p>Anti-inflamatórios ou antirreumáticos simples</p></td><td rowspan="1" colspan="1"><p>Raízes secundárias</p></td><td rowspan="1" colspan="1"><p>Alívio de dores articulares menores e dor lombar aguda. Uso oral.</p></td></tr><tr><td rowspan="1" colspan="1"><p>Hedera helix</p></td><td rowspan="1" colspan="1"><p>Expectorantes</p></td><td rowspan="1" colspan="1"><p>Folhas</p></td><td rowspan="1" colspan="1"><p>Expectorante em caso de tosse produtiva. Uso oral.</p></td></tr><tr><td rowspan="1" colspan="1"><p>Matricaria chamomilla + Gentiana lutea + Nux vomica + Peumus boldus</p></td><td rowspan="1" colspan="1"><p>Antiespasmódico</p></td><td rowspan="1" colspan="1"><p>Flores + rizoma e raízes + sementes + folhas</p></td><td rowspan="1" colspan="1"><p>Auxiliar no tratamento dos sintomas das dispepsias. Uso oral.</p></td></tr><tr><td rowspan="1" colspan="1"><p>Matricaria recutita</p></td><td rowspan="1" colspan="1"><p>Anti-inflamatórios. Cicatrizantes com ação anti-inflamatória</p></td><td rowspan="1" colspan="1"><p>Capítulos florais</p></td><td rowspan="1" colspan="1"><p>Cicatrizante, destinado ao tratamento de queimaduras térmicas leves. Anti-inflamatório. Auxiliar no tratamento dos sintomas das dispepsias funcionais e dos distúrbios gastrointestinais espásticos (uso oral). Anti-inflamatório (uso tópico).</p></td></tr><tr><td rowspan="1" colspan="1"><p>Monteverdia ilicifolia</p></td><td rowspan="1" colspan="1"><p>Antiulcerosos</p></td><td rowspan="1" colspan="1"><p>Folhas</p></td><td rowspan="1" colspan="1"><p>Alívio dos sintomas digestivos incluindo queimação e dispepsia. Uso oral.</p></td></tr><tr><td rowspan="1" colspan="1"><p>Monteverdia ilicifolia + Jateoriza palmata</p></td><td rowspan="1" colspan="1"><p>Outros produtos para o aparelho digestivo e metabolismo</p></td><td rowspan="1" colspan="1"><p>Folhas + raízes</p></td><td rowspan="1" colspan="1"><p>Auxiliar no tratamento dos sintomas das dispepsias funcionais, principalmente na dor epigástrica. Uso oral.</p></td></tr><tr><td rowspan="1" colspan="1"><p>Melissa officinalis</p></td><td rowspan="1" colspan="1"><p>Antiespasmódico, ansiolítico, cicatrizantes</p></td><td rowspan="1" colspan="1"><p>Folhas</p></td><td rowspan="1" colspan="1"><p>Antiflatulento (combate gases), antiespasmódico e ansiolítico leve. Uso oral.</p></td></tr><tr><td rowspan="1" colspan="1"><p>Mikania glomerata</p></td><td rowspan="1" colspan="1"><p>Expectorantes</p></td><td rowspan="1" colspan="1"><p>Folhas</p></td><td rowspan="1" colspan="1"><p>Antisséptico das vias aéreas superiores e expectorante. Broncodilatador. Uso oral.</p></td></tr><tr><td rowspan="1" colspan="1"><p>Mikania glomerata + Polygala senega + Cephaelis ipecacuanha</p></td><td rowspan="1" colspan="1"><p>Expectorantes</p></td><td rowspan="1" colspan="1"><p>Folhas + raízes + raízes</p></td><td rowspan="1" colspan="1"><p>Antitussígeno, broncodilatador e expectorante. Uso oral.</p></td></tr><tr><td rowspan="1" colspan="1"><p>Nasturtium officinale</p></td><td rowspan="1" colspan="1"><p>Expectorantes</p></td><td rowspan="1" colspan="1"><p>Partes aéreas</p></td><td rowspan="1" colspan="1"><p>Antisséptico das vias aéreas superiores e expectorante. Broncodilatador. Uso oral.</p></td></tr><tr><td rowspan="1" colspan="1"><p>Operculina hamiltonii</p></td><td rowspan="1" colspan="1"><p>Laxantes irritantes ou estimulantes</p></td><td rowspan="1" colspan="1"><p>Raiz</p></td><td rowspan="1" colspan="1"><p>Laxativo, nos casos de constipação funcional aguda. Uso oral.</p></td></tr><tr><td rowspan="1" colspan="1"><p>Panax ginseng</p></td><td rowspan="1" colspan="1"><p>Neurotônico</p></td><td rowspan="1" colspan="1"><p>Raiz</p></td><td rowspan="1" colspan="1"><p>Para cansaço físico e mental. Uso oral.</p></td></tr><tr><td rowspan="1" colspan="1"><p>Passiflora alata + Erythrina verna + Crataegus rhipidophylla</p></td><td rowspan="1" colspan="1"><p>Ansiolíticos</p></td><td rowspan="1" colspan="1"><p>Folhas + casca + flores e folhas</p></td><td rowspan="1" colspan="1"><p>Ansiolítico leve. Auxiliar no tratamento da ansiedade leve e da insônia. Uso oral.</p></td></tr><tr><td rowspan="1" colspan="1"><p>Passiflora incarnata</p></td><td rowspan="1" colspan="1"><p>Ansiolíticos</p></td><td rowspan="1" colspan="1"><p>Partes aéreas</p></td><td rowspan="1" colspan="1"><p>Ansiolítico leve. Auxiliar no tratamento da ansiedade leve e da insônia. Uso oral.</p></td></tr><tr><td rowspan="1" colspan="1"><p>Passiflora incarnata + Crataegus rhipidophylla + Salix alba</p></td><td rowspan="1" colspan="1"><p>Ansiolíticos</p></td><td rowspan="1" colspan="1"><p>Flores e folhas + flores e folhas + casca</p></td><td rowspan="1" colspan="1"><p>Ansiolítico leve. Auxiliar no tratamento da ansiedade leve e da insônia. Uso oral.</p></td></tr><tr><td rowspan="1" colspan="1"><p>Passiflora incarnata + Crataegus rhipidophylla + Valeriana officinalis</p></td><td rowspan="1" colspan="1"><p>Ansiolíticos</p></td><td rowspan="1" colspan="1"><p>Partes aéreas + folhas e flores + raízes</p></td><td rowspan="1" colspan="1"><p>Ansiolítico leve. Auxiliar no tratamento da ansiedade leve e da insônia. Uso oral.</p></td></tr><tr><td rowspan="1" colspan="1"><p>Paullinia cupana</p></td><td rowspan="1" colspan="1"><p>Neurotônico</p></td><td rowspan="1" colspan="1"><p>Semente</p></td><td rowspan="1" colspan="1"><p>Para cansaço físico e mental. Uso oral.</p></td></tr><tr><td rowspan="1" colspan="1"><p>Pelargonium sidoides</p></td><td rowspan="1" colspan="1"><p>Produtos para terapia sintomática da gripe</p></td><td rowspan="1" colspan="1"><p>Raízes</p></td><td rowspan="1" colspan="1"><p>Tratamento sintomático da gripe. Uso oral.</p></td></tr><tr><td rowspan="1" colspan="1"><p>Peumus boldus</p></td><td rowspan="1" colspan="1"><p>Digestivos, hepatoprotetores, colagogos e coleréticos com ou sem efeito antiespasmódico</p></td><td rowspan="1" colspan="1"><p>Folhas</p></td><td rowspan="1" colspan="1"><p>Auxiliar no funcionamento da vesícula biliar. Auxiliar no tratamento dos sintomas da dispepsia funcional. Prevenção e tratamento auxiliar de distúrbios hepáticos e dos distúrbios gastrointestinais espásticos. Digestivo. Uso oral.</p></td></tr><tr><td rowspan="1" colspan="1"><p>Peumus boldus + Frangula purshiana + Rheum palmatum</p></td><td rowspan="1" colspan="1"><p>Digestivos, hepatoprotetores, colagogos e coleréticos com ou sem efeito antiespasmódico</p></td><td rowspan="1" colspan="1"><p>Folha + casca + rizoma e raiz</p></td><td rowspan="1" colspan="1"><p>Auxiliar no funcionamento da vesícula biliar. Auxiliar no tratamento dos sintomas da dispepsia funcional. Prevenção e tratamento auxiliar de distúrbios hepáticos e dos distúrbios gastrointestinais espásticos. Digestivo. Uso oral.</p></td></tr><tr><td rowspan="1" colspan="1"><p>Plantago ovata</p></td><td rowspan="1" colspan="1"><p>Laxantes incrementadores do bolo intestinal</p></td><td rowspan="1" colspan="1"><p>Casca da semente</p></td><td rowspan="1" colspan="1"><p>Auxiliar no tratamento de constipação intestinal. Constipação ocasional. Uso oral.</p></td></tr><tr><td rowspan="1" colspan="1"><p>Plantago ovata + Senna alexandrina</p></td><td rowspan="1" colspan="1"><p>Laxantes incrementadores do bolo intestinal</p></td><td rowspan="1" colspan="1"><p>Semente e casca da semente + frutos</p></td><td rowspan="1" colspan="1"><p>Auxiliar no tratamento de constipação intestinal. Constipação ocasional. Uso oral.</p></td></tr><tr><td rowspan="1" colspan="1"><p>Polygala senega</p></td><td rowspan="1" colspan="1"><p>Produtos para o aparelho respiratório</p></td><td rowspan="1" colspan="1"><p>Raízes</p></td><td rowspan="1" colspan="1"><p>Auxiliar no tratamento dos sintomas da bronquite crônica e da faringite. Uso oral.</p></td></tr><tr><td rowspan="1" colspan="1"><p>Polypodium leucatomos Poir</p></td><td rowspan="1" colspan="1"><p>Anti-inflamatório</p></td><td rowspan="1" colspan="1"><p>Partes aéreas</p></td><td rowspan="1" colspan="1"><p>Anti-inflamatório na profilaxia de irritação da pele agravada pelo sol. Uso oral.</p></td></tr><tr><td rowspan="1" colspan="1"><p>Frangula purshiana</p></td><td rowspan="1" colspan="1"><p>Laxantes irritantes ou estimulantes</p></td><td rowspan="1" colspan="1"><p>Casca</p></td><td rowspan="1" colspan="1"><p>Constipação ocasional. Uso oral.</p></td></tr><tr><td rowspan="1" colspan="1"><p>Rhodiola rosea</p></td><td rowspan="1" colspan="1"><p>Psicoestimulantes</p></td><td rowspan="1" colspan="1"><p>Rizoma e raiz</p></td><td rowspan="1" colspan="1"><p>Alívio temporário dos sintomas do estress, tais como fadiga e sensação de fraqueza. Uso oral.</p></td></tr><tr><td rowspan="1" colspan="1"><p>Salix alba</p></td><td rowspan="1" colspan="1"><p>Analgésicos, anti-inflamatórios</p></td><td rowspan="1" colspan="1"><p>Casca</p></td><td rowspan="1" colspan="1"><p>Antitérmico, anti-inflamatório e analgésico. Uso oral.</p></td></tr><tr><td rowspan="1" colspan="1"><p>Senna alexandrina</p></td><td rowspan="1" colspan="1"><p>Laxantes irritantes ou estimulantes</p></td><td rowspan="1" colspan="1"><p>Folhas e frutos</p></td><td rowspan="1" colspan="1"><p>Constipação ocasional. Uso oral.</p></td></tr><tr><td rowspan="1" colspan="1"><p>Serenoa repens</p></td><td rowspan="1" colspan="1"><p>Produtos com ação no trato urinário</p></td><td rowspan="1" colspan="1"><p>Frutos</p></td><td rowspan="1" colspan="1"><p>Alívio dos sintomas do trato urinário baixo relacionados a hiperplasia prostática benigna depois que condições mais sérias tenham sido excluídas por um médico. Uso oral.</p></td></tr><tr><td rowspan="1" colspan="1"><p>Silybum marianum</p></td><td rowspan="1" colspan="1"><p>Digestivos, hepatoprotetores, colagogos e coleréticos com ou sem efeito antiespasmódico</p></td><td rowspan="1" colspan="1"><p>Frutos sem papilho</p></td><td rowspan="1" colspan="1"><p>Auxiliar no funcionamento da vesícula biliar. Auxiliar no tratamento dos sintomas da dispepsia funcional. Prevenção e tratamento auxiliar de distúrbios hepáticos e dos distúrbios gastrointestinais espásticos. Digestivo. Uso oral.</p></td></tr><tr><td rowspan="1" colspan="1"><p>Solidago chilensis</p></td><td rowspan="1" colspan="1"><p>Analgésicos, anti-inflamatórios</p></td><td rowspan="1" colspan="1"><p>Partes aéreas</p></td><td rowspan="1" colspan="1"><p>Anti-inflamatório nos casos de contusões, dores musculares e hematomas (uso tópico). Anti-inflamatório (uso oral).</p></td></tr><tr><td rowspan="1" colspan="1"><p>Symphytum officinale</p></td><td rowspan="1" colspan="1"><p>Analgésicos, anti-inflamatórios</p></td><td rowspan="1" colspan="1"><p>Raiz</p></td><td rowspan="1" colspan="1"><p>Alívio sintomático de entorses leves e contusões. Uso tópico.</p></td></tr><tr><td rowspan="1" colspan="1"><p>Thymus vulgaris e/ou Thymus zygis</p></td><td rowspan="1" colspan="1"><p>Antitussígeno</p></td><td rowspan="1" colspan="1"><p>Folhas e flores</p></td><td rowspan="1" colspan="1"><p>Alívio de tosse produtiva associada ao resfriado. Uso oral.</p></td></tr><tr><td rowspan="1" colspan="1"><p>Trichilia catigua + Croton heliotropiifolius + Paullinia cupana</p></td><td rowspan="1" colspan="1"><p>Neurotônico</p></td><td rowspan="1" colspan="1"><p>Cascas do caule + caules + sementes</p></td><td rowspan="1" colspan="1"><p>Para cansaço físico e mental. Uso oral.</p></td></tr><tr><td rowspan="1" colspan="1"><p>Uncaria tomentosa</p></td><td rowspan="1" colspan="1"><p>Analgésicos, anti-inflamatórios</p></td><td rowspan="1" colspan="1"><p>Casca do caule e raiz</p></td><td rowspan="1" colspan="1"><p>Anti-inflamatório. Uso oral.</p></td></tr><tr><td rowspan="1" colspan="1"><p>Vaccinium macrocarpon</p></td><td rowspan="1" colspan="1"><p>Produtos com ação no trato urinário</p></td><td rowspan="1" colspan="1"><p>Frutos</p></td><td rowspan="1" colspan="1"><p>Prevenção de infecções do trato urinário. Uso oral.</p></td></tr><tr><td rowspan="1" colspan="1"><p>Vitis vinífera</p></td><td rowspan="1" colspan="1"><p>Produtos com ação sobre o aparelho cardiovascular</p></td><td rowspan="1" colspan="1"><p>Folhas</p></td><td rowspan="1" colspan="1"><p>Alívio dos sintomas relacionados a inchaços nas pernas, veias varicosas, sensação de peso, dor, cansaço, coceira, tensão nas pernas e câimbras na panturrilha. Uso oral.</p></td></tr><tr><td rowspan="1" colspan="1"><p>Zingiber officinale</p></td><td rowspan="1" colspan="1"><p>Antieméticos e antinauseantes</p></td><td rowspan="1" colspan="1"><p>Rizomas</p></td><td rowspan="1" colspan="1"><p>Profilaxia de náuseas causadas por movimento (cinetose) e pós-cirúrgicas. Uso oral.</p></td></tr></table>]]></Texto>
  </body>
  <Midias />
</article></xml>