﻿<xml><article id="44732090" name="67- julho_003" idOficio="11191179" pubName="DO1" artType="Portaria" pubDate="01/08/2025" artClass="00015:00027:00014:00001:00000:00000:00000:00000:00000:00000:00054:00000" artCategory="Ministério da Cultura/Instituto do Patrimônio Histórico e Artístico Nacional/Departamento de Ações Estratégicas e Intersetoriais/Centro Nacional de Arqueologia" artSize="12" artNotes="" numberPage="10" pdfPage="http://pesquisa.in.gov.br/imprensa/jsp/visualiza/index.jsp?data=01/08/2025&amp;jornal=515&amp;pagina=10" editionNumber="144" highlightType="" highlightPriority="" highlight="" highlightimage="" highlightimagename="" idMateria="22948423">
  <body>
    <Identifica />
    <Data><![CDATA[]]></Data>
    <Ementa />
    <Titulo />
    <SubTitulo />
    <Texto><![CDATA[<p>Processo nº 01502.000785/2025-99</p><p>Projeto: Avaliação de Impacto ao Patrimônio Arqueológico Complexo Fotovoltaico Paulo Afonso Centro</p><p>Arqueóloga Coordenadora: Suzana Eliza Roll Munsberg</p><p>Arqueólogo Coordenador de Campo: João Claudio Nascimento Pereira</p><p>Apoio institucional: Núcleo de Estudos e Pesquisas Arqueológicas da Bahia - NEPAB da Universidade Estadual de Santa Cruz - UESC</p><p>Área de abrangência: Município de Macururé, no Estado da Bahia</p><p>Prazo de validade: 04 (quatro) meses</p><p>19-Enquadramento IN: Nível II</p><p>Empreendedor: Praia de Botafogo Empreendimentos Imobiliários Ltda</p><p>Empreendimento: Enseada Botafogo</p><p>Processo nº 01500.002902/2024-98</p><p>Projeto: Meio Ambiente Cultural Enseada Botafogo - Etapa: Salvamento Arqueológico, RAIPI, Bens Tombados e Valorados</p><p>Arqueóloga Coordenadora: Erika Marion Robrahn-González</p><p>Arqueólogo Coordenador de Campo: Higor Ferreira de Freitas</p><p>Apoio Institucional: Fundação de Cultura de Barra Mansa - Prefeitura Municipal de Barra Mansa</p><p>Área de Abrangência: Município do Rio de Janeiro, no Estado do Rio de Janeiro</p><p>Prazo de Validade: 07 (sete) meses</p>]]></Texto>
  </body>
  <Midias />
</article></xml>