﻿<xml><article id="44727197" name="PORTARIA MCID 866" idOficio="11190376" pubName="DO1" artType="Portaria" pubDate="01/08/2025" artClass="00011:00001:00000:00000:00000:00000:00000:00000:00000:00000:00054:00000" artCategory="Ministério das Cidades/Gabinete do Ministro" artSize="24" artNotes="" numberPage="3" pdfPage="http://pesquisa.in.gov.br/imprensa/jsp/visualiza/index.jsp?data=01/08/2025&amp;jornal=515&amp;pagina=3" editionNumber="144" highlightType="" highlightPriority="" highlight="" highlightimage="" highlightimagename="" idMateria="22946874">
  <body>
    <Identifica><![CDATA[ PORTARIA MCID Nº 866, DE 30 DE JULHO DE 2025]]></Identifica>
    <Data><![CDATA[]]></Data>
    <Ementa><![CDATA[ Divulga a seleção de proposta do Programa Novo PAC - Mobilidade Urbana, Subeixo Renovação de Frota, setor privado, a ser implementada com recursos do Fundo de Garantia do Tempo de Serviço - FGTS.]]></Ementa>
    <Titulo />
    <SubTitulo />
    <Texto><![CDATA[<p class="identifica">PORTARIA MCID Nº 866, DE 30 DE JULHO DE 2025</p><p class="ementa">Divulga a seleção de proposta do Programa Novo PAC - Mobilidade Urbana, Subeixo Renovação de Frota, setor privado, a ser implementada com recursos do Fundo de Garantia do Tempo de Serviço - FGTS.</p><p>O MINISTRO DE ESTADO DAS CIDADES, no uso das atribuições que lhe confere o art. 87, parágrafo único, incisos I e II, da Constituição Federal, e tendo vista o disposto nos arts. 4º e 6º da Lei nº 8.036, de 11 de maio de 1990, no art. 66 do Decreto nº 99.684, de 8 de novembro de 1990, no art. 20 da Lei nº 14.600, de 19 de junho de 2023, e no art. 1º do Anexo I do Decreto nº 11.468, de 5 de abril de 2023, e considerando o constante do processo administrativo SEI nº 80000.007174/2025-07, resolve:</p><p>Art. 1º Tornar pública, na forma do Anexo desta Portaria, a seleção da proposta apresentada pela Empresa Expresso Coroado LTDA., no âmbito do Programa Novo PAC - Mobilidade Urbana, Subeixo Renovação de Frota, setor privado.</p><p>Art. 2º Esta Portaria entra em vigor na data de sua publicação.</p><p class="assina">JADER FONTENELLE BARBALHO FILHO</p><p class="anexo">ANEXO</p><p>SELEÇÃO NOVO PAC - MOBILIDADE URBANA SUBEIXO RENOVAÇÃO DE FROTA - PRÓ-TRANSPORTE</p><p /><p></p><table><tr /><tr><td rowspan="1" colspan="1"><p>Município</p></td><td rowspan="1" colspan="1"><p>UF</p></td><td rowspan="1" colspan="1"><p>Empresa</p></td><td rowspan="1" colspan="1"><p>CNPJ</p></td><td rowspan="1" colspan="1"><p>Objeto da Proposta</p></td><td rowspan="1" colspan="1"><p>Agente Financeiro</p></td><td rowspan="1" colspan="1"><p>Valor do Financiamento (R$)</p></td></tr><tr><td rowspan="1" colspan="1"><p>Manaus</p></td><td rowspan="1" colspan="1"><p>AM</p></td><td rowspan="1" colspan="1"><p>Expresso Coroado LTDA.</p></td><td rowspan="1" colspan="1"><p>12.393.289/0001-35</p></td><td rowspan="1" colspan="1"><p>Aquisição de Ônibus para Transporte Público Coletivo Urbano</p></td><td rowspan="1" colspan="1"><p>Banco Mercedes Benz do Brasil S/A</p></td><td rowspan="1" colspan="1"><p>R$ 8.065.500,00</p></td></tr></table>]]></Texto>
  </body>
  <Midias />
</article></xml>