﻿<xml><article id="44732021" name="538 - Portaria de Reducao - Secr" idOficio="11191161" pubName="DO1" artType="Portaria" pubDate="01/08/2025" artClass="00015:00023:00000:00000:00000:00000:00000:00000:00000:00000:00054:00000" artCategory="Ministério da Cultura/Secretaria de Fomento e Incentivo à Cultura" artSize="12" artNotes="" numberPage="8" pdfPage="http://pesquisa.in.gov.br/imprensa/jsp/visualiza/index.jsp?data=01/08/2025&amp;jornal=515&amp;pagina=8" editionNumber="144" highlightType="" highlightPriority="" highlight="" highlightimage="" highlightimagename="" idMateria="22948405">
  <body>
    <Identifica><![CDATA[ PORTARIA SEFIC/MINC Nº 538, DE 31 DE JULHO DE 2025]]></Identifica>
    <Data><![CDATA[]]></Data>
    <Ementa />
    <Titulo />
    <SubTitulo />
    <Texto><![CDATA[<p class="identifica">PORTARIA SEFIC/MINC Nº 538, DE 31 DE JULHO DE 2025</p><p>O SECRETÁRIO DE FOMENTO E INCENTIVO À CULTURA, no uso das atribuições legais, que lhe confere a Portaria nº 310, de 27 de junho de 2025 e a Portaria MinC nº 225, de 23 de julho de 2025, resolve:</p><p>Art. 1.º - Homologar a redução de valor em favor do(s) projeto(s) cultural(is) relacionado(s) no(s) anexo(s) desta Portaria, para o(s) qual(is) o(s) proponente(s) fica(m) autorizado(s) a captar recursos, mediante doações ou patrocínios, na forma prevista no § 1º do artigo 18 e no artigo 26 da Lei n.º 8.313, de 23 de dezembro de 1991, alterada pela Lei nº 9.874, de 23 de novembro de 1999.</p><p>Art. 2.º - Esta portaria entra em vigor na data de sua publicação.</p><p class="assina">HENILTON PARENTE DE MENEZES</p><p>ANEXO I</p><p>ÁREA: 1 Artes Cênicas (Artigo 18 , § 1º )</p><p>240406 - Companhia Ballet Paraisópolis 2024</p><p>ASSOCIACAO BALLET PARAISOPOLIS</p><p>CNPJ/CPF: 26.906.450/0001-31</p><p>Cidade: São Paulo - SP;</p><p>Valor Reduzido: R$ 660,00</p><p>Valor total atual: R$ 993.091,00</p><p>ÁREA: 3 Música (Artigo 18 , § 1º )</p><p>2310483 - Encontro Entre Latinos</p><p>IN SCENE PRODUCOES ARTISTICAS LTDA</p><p>CNPJ/CPF: 02.203.113/0001-10</p><p>Cidade: Curitiba - PR;</p><p>Valor Reduzido: R$ 645.849,24</p><p>Valor total atual: R$ 209.708,40</p><p>ÁREA: 4 Artes Visuais (Artigo 18 , § 1º )</p><p>2312364 - Exposição Instalação Sagrada</p><p>TERRA MULUNGU LTDA</p><p>CNPJ/CPF: 48.402.289/0001-00</p><p>Cidade: Guararema - SP;</p><p>Valor Reduzido: R$ 28.901,94</p><p>Valor total atual: R$ 316.657,56</p><p>ÁREA: 4 Artes Visuais (Artigo 18 , § 1º )</p><p>238532 - Tinta e Grafitti: Cultura na Rua</p><p>INSTITUTO BRASILIANA DE PRODUCAO ARTISTICA E FOMENTO SOCIAL</p><p>CNPJ/CPF: 11.198.616/0001-35</p><p>Cidade: Porto Alegre - RS;</p><p>Valor Reduzido: R$ 347.737,50</p><p>Valor total atual: R$ 563.062,50</p><p>ÁREA: 4 Artes Visuais (Artigo 18 , § 1º )</p><p>243570 - OFICINAS DE DESENHO, ESPAÇO E ARTE</p><p>MARCO ANTONIO BENEVIDES LINHARES 95712550334</p><p>CNPJ/CPF: 45.065.105/0001-67</p><p>Cidade: Campinas - SP;</p><p>Valor Reduzido: R$ 11,88</p><p>Valor total atual: R$ 299.376,00</p><p>ÁREA: 5 Patrimônio Cultural (Artigo 18 , § 1º )</p><p>230974 - Restauração e Requalificação do Forte Príncipe da Beira</p><p>ASSOCIACAO PRO-CULTURA E PROMOCAO DAS ARTES</p><p>CNPJ/CPF: 70.945.209/0001-03</p><p>Cidade: Belo Horizonte - MG;</p><p>Valor Reduzido: R$ 14.135.972,94</p><p>Valor total atual: R$ 37.171.878,50</p><p>ANEXO II</p><p>ÁREA: 3 Música (Artigo 26 , § 1º )</p><p>248683 - Sambinha da Praça</p><p>TIAGO ALHEIRO FONSECA PRODUCOES LTDA</p><p>CNPJ/CPF: 37.305.110/0001-71</p><p>Cidade: Olinda - PE;</p><p>Valor Reduzido: R$ 76.800,02</p><p>Valor total atual: R$ 922.290,00.</p>]]></Texto>
  </body>
  <Midias />
</article></xml>