﻿<xml><article id="44735825" name="Portaria FP 31 07 2025 Descreden" idOficio="11191432" pubName="DO1" artType="Despacho" pubDate="01/08/2025" artClass="00047:00039:00000:00000:00000:00000:00000:00000:00000:00000:00024:00000" artCategory="Ministério da Saúde/Secretaria de Ciência, Tecnologia e Inovação e do Complexo Econômico-Industrial da Saúde" artSize="24" artNotes="" numberPage="144" pdfPage="http://pesquisa.in.gov.br/imprensa/jsp/visualiza/index.jsp?data=01/08/2025&amp;jornal=515&amp;pagina=144" editionNumber="144" highlightType="" highlightPriority="" highlight="" highlightimage="" highlightimagename="" idMateria="22948776">
  <body>
    <Identifica />
    <Data><![CDATA[]]></Data>
    <Ementa />
    <Titulo />
    <SubTitulo />
    <Texto><![CDATA[<p /><p></p><table><tr /><tr><td rowspan="1" colspan="1"><p>2059</p></td><td rowspan="1" colspan="1"><p>30069140000187</p></td><td rowspan="1" colspan="1"><p>FARMACIA NOVA ATRATIVA DO INGA LTDA</p></td><td rowspan="1" colspan="1"><p>RJ</p></td><td rowspan="1" colspan="1"><p>NITEROI</p></td><td rowspan="1" colspan="1"><p>25000160871201173</p></td></tr><tr><td rowspan="1" colspan="1"><p>2060</p></td><td rowspan="1" colspan="1"><p>12387814000100</p></td><td rowspan="1" colspan="1"><p>ICARAI FARMACEUTICA LTDA</p></td><td rowspan="1" colspan="1"><p>RJ</p></td><td rowspan="1" colspan="1"><p>NITEROI</p></td><td rowspan="1" colspan="1"><p>25000053495201161</p></td></tr><tr><td rowspan="1" colspan="1"><p>2061</p></td><td rowspan="1" colspan="1"><p>19498266000134</p></td><td rowspan="1" colspan="1"><p>PHARMA LIFE COMERCIO LTDA</p></td><td rowspan="1" colspan="1"><p>RJ</p></td><td rowspan="1" colspan="1"><p>NITEROI</p></td><td rowspan="1" colspan="1"><p>25000234008201411</p></td></tr><tr><td rowspan="1" colspan="1"><p>2062</p></td><td rowspan="1" colspan="1"><p>60605664030528</p></td><td rowspan="1" colspan="1"><p>RAIA S.A.</p></td><td rowspan="1" colspan="1"><p>RJ</p></td><td rowspan="1" colspan="1"><p>NITEROI</p></td><td rowspan="1" colspan="1"><p>25000044144200696</p></td></tr><tr><td rowspan="1" colspan="1"><p>2063</p></td><td rowspan="1" colspan="1"><p>60605664022509</p></td><td rowspan="1" colspan="1"><p>RAIA S.A.</p></td><td rowspan="1" colspan="1"><p>RJ</p></td><td rowspan="1" colspan="1"><p>NITEROI</p></td><td rowspan="1" colspan="1"><p>25000044144200696</p></td></tr><tr><td rowspan="1" colspan="1"><p>2064</p></td><td rowspan="1" colspan="1"><p>60605664031680</p></td><td rowspan="1" colspan="1"><p>RAIA S.A.</p></td><td rowspan="1" colspan="1"><p>RJ</p></td><td rowspan="1" colspan="1"><p>NITEROI</p></td><td rowspan="1" colspan="1"><p>25000044144200696</p></td></tr><tr><td rowspan="1" colspan="1"><p>2065</p></td><td rowspan="1" colspan="1"><p>06057223017490</p></td><td rowspan="1" colspan="1"><p>SENDAS DISTRIBUIDORA S/A</p></td><td rowspan="1" colspan="1"><p>RJ</p></td><td rowspan="1" colspan="1"><p>NITEROI</p></td><td rowspan="1" colspan="1"><p>25000600661200915</p></td></tr><tr><td rowspan="1" colspan="1"><p>2066</p></td><td rowspan="1" colspan="1"><p>06057223020016</p></td><td rowspan="1" colspan="1"><p>SENDAS DISTRIBUIDORA S/A</p></td><td rowspan="1" colspan="1"><p>RJ</p></td><td rowspan="1" colspan="1"><p>NITEROI</p></td><td rowspan="1" colspan="1"><p>25000600661200915</p></td></tr><tr><td rowspan="1" colspan="1"><p>2067</p></td><td rowspan="1" colspan="1"><p>06057223017651</p></td><td rowspan="1" colspan="1"><p>SENDAS DISTRIBUIDORA S/A</p></td><td rowspan="1" colspan="1"><p>RJ</p></td><td rowspan="1" colspan="1"><p>NITEROI</p></td><td rowspan="1" colspan="1"><p>25000600661200915</p></td></tr><tr><td rowspan="1" colspan="1"><p>2068</p></td><td rowspan="1" colspan="1"><p>18130584000266</p></td><td rowspan="1" colspan="1"><p>BRUNO P ROZALES COMERCIO DE PRODUTOS FARMACEUTICOS E COSMETICOS</p></td><td rowspan="1" colspan="1"><p>RJ</p></td><td rowspan="1" colspan="1"><p>NOVA FRIBURGO</p></td><td rowspan="1" colspan="1"><p>25000004904201520</p></td></tr><tr><td rowspan="1" colspan="1"><p>2069</p></td><td rowspan="1" colspan="1"><p>13506484000197</p></td><td rowspan="1" colspan="1"><p>DROGARIA E PERFUMARIA FARMASENAS LTDA</p></td><td rowspan="1" colspan="1"><p>RJ</p></td><td rowspan="1" colspan="1"><p>NOVA IGUACU</p></td><td rowspan="1" colspan="1"><p>25000163121201404</p></td></tr><tr><td rowspan="1" colspan="1"><p>2070</p></td><td rowspan="1" colspan="1"><p>12813335000108</p></td><td rowspan="1" colspan="1"><p>DROGARIA LIDER DA FAZENDA LTDA</p></td><td rowspan="1" colspan="1"><p>RJ</p></td><td rowspan="1" colspan="1"><p>NOVA IGUACU</p></td><td rowspan="1" colspan="1"><p>25000004838201598</p></td></tr><tr><td rowspan="1" colspan="1"><p>2071</p></td><td rowspan="1" colspan="1"><p>17676690000104</p></td><td rowspan="1" colspan="1"><p>DROGARIA PEGASO DO MARCO II LTDA</p></td><td rowspan="1" colspan="1"><p>RJ</p></td><td rowspan="1" colspan="1"><p>NOVA IGUACU</p></td><td rowspan="1" colspan="1"><p>25000010432201544</p></td></tr><tr><td rowspan="1" colspan="1"><p>2072</p></td><td rowspan="1" colspan="1"><p>06221321000100</p></td><td rowspan="1" colspan="1"><p>FARMACIA PAULO VITOR DA FIGUEIRA LTDA</p></td><td rowspan="1" colspan="1"><p>RJ</p></td><td rowspan="1" colspan="1"><p>NOVA IGUACU</p></td><td rowspan="1" colspan="1"><p>25000105499201132</p></td></tr><tr><td rowspan="1" colspan="1"><p>2073</p></td><td rowspan="1" colspan="1"><p>07905080000173</p></td><td rowspan="1" colspan="1"><p>DROGARIA BELO MAR DE PARATY LTDA</p></td><td rowspan="1" colspan="1"><p>RJ</p></td><td rowspan="1" colspan="1"><p>PARATY</p></td><td rowspan="1" colspan="1"><p>25000031319200954</p></td></tr><tr><td rowspan="1" colspan="1"><p>2074</p></td><td rowspan="1" colspan="1"><p>08954462000150</p></td><td rowspan="1" colspan="1"><p>DROGARIA RENAFARMA LTDA</p></td><td rowspan="1" colspan="1"><p>RJ</p></td><td rowspan="1" colspan="1"><p>PETROPOLIS</p></td><td rowspan="1" colspan="1"><p>25000087319201395</p></td></tr><tr><td rowspan="1" colspan="1"><p>2075</p></td><td rowspan="1" colspan="1"><p>07651058000144</p></td><td rowspan="1" colspan="1"><p>FARMACIA RAZEVED PARQUE VALENTINO LTDA</p></td><td rowspan="1" colspan="1"><p>RJ</p></td><td rowspan="1" colspan="1"><p>PETROPOLIS</p></td><td rowspan="1" colspan="1"><p>25000001408201191</p></td></tr><tr><td rowspan="1" colspan="1"><p>2076</p></td><td rowspan="1" colspan="1"><p>60605664030447</p></td><td rowspan="1" colspan="1"><p>RAIA S.A.</p></td><td rowspan="1" colspan="1"><p>RJ</p></td><td rowspan="1" colspan="1"><p>PETROPOLIS</p></td><td rowspan="1" colspan="1"><p>25000044144200696</p></td></tr><tr><td rowspan="1" colspan="1"><p>2077</p></td><td rowspan="1" colspan="1"><p>06057223019190</p></td><td rowspan="1" colspan="1"><p>SENDAS DISTRIBUIDORA S/A</p></td><td rowspan="1" colspan="1"><p>RJ</p></td><td rowspan="1" colspan="1"><p>PETROPOLIS</p></td><td rowspan="1" colspan="1"><p>25000600661200915</p></td></tr><tr><td rowspan="1" colspan="1"><p>2078</p></td><td rowspan="1" colspan="1"><p>31422447000182</p></td><td rowspan="1" colspan="1"><p>COMERCIAL FARMACEUTICA LTDA</p></td><td rowspan="1" colspan="1"><p>RJ</p></td><td rowspan="1" colspan="1"><p>PIRAI</p></td><td rowspan="1" colspan="1"><p>25000194571200892</p></td></tr><tr><td rowspan="1" colspan="1"><p>2079</p></td><td rowspan="1" colspan="1"><p>32510885000165</p></td><td rowspan="1" colspan="1"><p>R B SILVA II DROGARIA LTDA</p></td><td rowspan="1" colspan="1"><p>RJ</p></td><td rowspan="1" colspan="1"><p>PIRAI</p></td><td rowspan="1" colspan="1"><p>25000002562201180</p></td></tr><tr><td rowspan="1" colspan="1"><p>2080</p></td><td rowspan="1" colspan="1"><p>04333075000145</p></td><td rowspan="1" colspan="1"><p>A F DROGARIA LTDA</p></td><td rowspan="1" colspan="1"><p>RJ</p></td><td rowspan="1" colspan="1"><p>RESENDE</p></td><td rowspan="1" colspan="1"><p>25000659098200983</p></td></tr><tr><td rowspan="1" colspan="1"><p>2081</p></td><td rowspan="1" colspan="1"><p>07984425000121</p></td><td rowspan="1" colspan="1"><p>DROGARIA MILAN E ARCANJO LTDA</p></td><td rowspan="1" colspan="1"><p>RJ</p></td><td rowspan="1" colspan="1"><p>RESENDE</p></td><td rowspan="1" colspan="1"><p>25000571337200974</p></td></tr><tr><td rowspan="1" colspan="1"><p>2082</p></td><td rowspan="1" colspan="1"><p>05497269000149</p></td><td rowspan="1" colspan="1"><p>FARMA 3 SHOPPING LTDA</p></td><td rowspan="1" colspan="1"><p>RJ</p></td><td rowspan="1" colspan="1"><p>RESENDE</p></td><td rowspan="1" colspan="1"><p>25000037375200901</p></td></tr><tr><td rowspan="1" colspan="1"><p>2083</p></td><td rowspan="1" colspan="1"><p>10649860000104</p></td><td rowspan="1" colspan="1"><p>INTERFARMA ALEGRIA FARMACIA LTDA</p></td><td rowspan="1" colspan="1"><p>RJ</p></td><td rowspan="1" colspan="1"><p>RESENDE</p></td><td rowspan="1" colspan="1"><p>25000187763201067</p></td></tr><tr><td rowspan="1" colspan="1"><p>2084</p></td><td rowspan="1" colspan="1"><p>09250530000162</p></td><td rowspan="1" colspan="1"><p>DROGARIA CARVALHO E GUIMARAES LTDA</p></td><td rowspan="1" colspan="1"><p>RJ</p></td><td rowspan="1" colspan="1"><p>RIO BONITO</p></td><td rowspan="1" colspan="1"><p>25000205025201017</p></td></tr><tr><td rowspan="1" colspan="1"><p>2085</p></td><td rowspan="1" colspan="1"><p>39848122000178</p></td><td rowspan="1" colspan="1"><p>DROGARIA POPULAR DE ARARUAMA LTDA</p></td><td rowspan="1" colspan="1"><p>RJ</p></td><td rowspan="1" colspan="1"><p>RIO BONITO</p></td><td rowspan="1" colspan="1"><p>25000056378201583</p></td></tr><tr><td rowspan="1" colspan="1"><p>2086</p></td><td rowspan="1" colspan="1"><p>11304566000123</p></td><td rowspan="1" colspan="1"><p>SAIS DERMAGE FARMACIA DE MANIPULACAO LTDA</p></td><td rowspan="1" colspan="1"><p>RJ</p></td><td rowspan="1" colspan="1"><p>RIO BONITO</p></td><td rowspan="1" colspan="1"><p>25000009690201405</p></td></tr><tr><td rowspan="1" colspan="1"><p>2087</p></td><td rowspan="1" colspan="1"><p>39557160000171</p></td><td rowspan="1" colspan="1"><p>DROGARIA SERRA VERDE LTDA</p></td><td rowspan="1" colspan="1"><p>RJ</p></td><td rowspan="1" colspan="1"><p>RIO CLARO</p></td><td rowspan="1" colspan="1"><p>25000068922201114</p></td></tr><tr><td rowspan="1" colspan="1"><p>2088</p></td><td rowspan="1" colspan="1"><p>06057223020105</p></td><td rowspan="1" colspan="1"><p>SENDAS DISTRIBUIDORA S/A</p></td><td rowspan="1" colspan="1"><p>RJ</p></td><td rowspan="1" colspan="1"><p>RIO DAS OSTRAS</p></td><td rowspan="1" colspan="1"><p>25000600661200915</p></td></tr><tr><td rowspan="1" colspan="1"><p>2089</p></td><td rowspan="1" colspan="1"><p>01620077000127</p></td><td rowspan="1" colspan="1"><p>A F DE CASTRO DROGARIA</p></td><td rowspan="1" colspan="1"><p>RJ</p></td><td rowspan="1" colspan="1"><p>RIO DE JANEIRO</p></td><td rowspan="1" colspan="1"><p>25000508327200901</p></td></tr><tr><td rowspan="1" colspan="1"><p>2090</p></td><td rowspan="1" colspan="1"><p>06018641000150</p></td><td rowspan="1" colspan="1"><p>COPA MULTFARMA ORGANIZACAO DE FEIRAS E CONGRESSOS LTDA</p></td><td rowspan="1" colspan="1"><p>RJ</p></td><td rowspan="1" colspan="1"><p>RIO DE JANEIRO</p></td><td rowspan="1" colspan="1"><p>25000223152200875</p></td></tr><tr><td rowspan="1" colspan="1"><p>2091</p></td><td rowspan="1" colspan="1"><p>42225938006948</p></td><td rowspan="1" colspan="1"><p>CSB DROGARIAS S/A</p></td><td rowspan="1" colspan="1"><p>RJ</p></td><td rowspan="1" colspan="1"><p>RIO DE JANEIRO</p></td><td rowspan="1" colspan="1"><p>25000055287200630</p></td></tr><tr><td rowspan="1" colspan="1"><p>2092</p></td><td rowspan="1" colspan="1"><p>42225938007910</p></td><td rowspan="1" colspan="1"><p>CSB DROGARIAS S/A</p></td><td rowspan="1" colspan="1"><p>RJ</p></td><td rowspan="1" colspan="1"><p>RIO DE JANEIRO</p></td><td rowspan="1" colspan="1"><p>25000055287200630</p></td></tr><tr><td rowspan="1" colspan="1"><p>2093</p></td><td rowspan="1" colspan="1"><p>42225938007081</p></td><td rowspan="1" colspan="1"><p>CSB DROGARIAS S/A</p></td><td rowspan="1" colspan="1"><p>RJ</p></td><td rowspan="1" colspan="1"><p>RIO DE JANEIRO</p></td><td rowspan="1" colspan="1"><p>25000055287200630</p></td></tr><tr><td rowspan="1" colspan="1"><p>2094</p></td><td rowspan="1" colspan="1"><p>42225938009106</p></td><td rowspan="1" colspan="1"><p>CSB DROGARIAS S/A</p></td><td rowspan="1" colspan="1"><p>RJ</p></td><td rowspan="1" colspan="1"><p>RIO DE JANEIRO</p></td><td rowspan="1" colspan="1"><p>25000055287200630</p></td></tr><tr><td rowspan="1" colspan="1"><p>2095</p></td><td rowspan="1" colspan="1"><p>42225938006000</p></td><td rowspan="1" colspan="1"><p>CSB DROGARIAS S/A</p></td><td rowspan="1" colspan="1"><p>RJ</p></td><td rowspan="1" colspan="1"><p>RIO DE JANEIRO</p></td><td rowspan="1" colspan="1"><p>25000055287200630</p></td></tr><tr><td rowspan="1" colspan="1"><p>2096</p></td><td rowspan="1" colspan="1"><p>42225938003841</p></td><td rowspan="1" colspan="1"><p>CSB DROGARIAS S/A</p></td><td rowspan="1" colspan="1"><p>RJ</p></td><td rowspan="1" colspan="1"><p>RIO DE JANEIRO</p></td><td rowspan="1" colspan="1"><p>25000055287200630</p></td></tr><tr><td rowspan="1" colspan="1"><p>2097</p></td><td rowspan="1" colspan="1"><p>42225938004490</p></td><td rowspan="1" colspan="1"><p>CSB DROGARIAS S/A</p></td><td rowspan="1" colspan="1"><p>RJ</p></td><td rowspan="1" colspan="1"><p>RIO DE JANEIRO</p></td><td rowspan="1" colspan="1"><p>25000055287200630</p></td></tr><tr><td rowspan="1" colspan="1"><p>2098</p></td><td rowspan="1" colspan="1"><p>42225938010112</p></td><td rowspan="1" colspan="1"><p>CSB DROGARIAS S/A</p></td><td rowspan="1" colspan="1"><p>RJ</p></td><td rowspan="1" colspan="1"><p>RIO DE JANEIRO</p></td><td rowspan="1" colspan="1"><p>25000055287200630</p></td></tr><tr><td rowspan="1" colspan="1"><p>2099</p></td><td rowspan="1" colspan="1"><p>42225938005038</p></td><td rowspan="1" colspan="1"><p>CSB DROGARIAS S/A</p></td><td rowspan="1" colspan="1"><p>RJ</p></td><td rowspan="1" colspan="1"><p>RIO DE JANEIRO</p></td><td rowspan="1" colspan="1"><p>25000055287200630</p></td></tr><tr><td rowspan="1" colspan="1"><p>2100</p></td><td rowspan="1" colspan="1"><p>42225938006433</p></td><td rowspan="1" colspan="1"><p>CSB DROGARIAS S/A</p></td><td rowspan="1" colspan="1"><p>RJ</p></td><td rowspan="1" colspan="1"><p>RIO DE JANEIRO</p></td><td rowspan="1" colspan="1"><p>25000055287200630</p></td></tr><tr><td rowspan="1" colspan="1"><p>2101</p></td><td rowspan="1" colspan="1"><p>42225938000907</p></td><td rowspan="1" colspan="1"><p>CSB DROGARIAS S/A</p></td><td rowspan="1" colspan="1"><p>RJ</p></td><td rowspan="1" colspan="1"><p>RIO DE JANEIRO</p></td><td rowspan="1" colspan="1"><p>25000055287200630</p></td></tr><tr><td rowspan="1" colspan="1"><p>2102</p></td><td rowspan="1" colspan="1"><p>42225938001717</p></td><td rowspan="1" colspan="1"><p>CSB DROGARIAS S/A</p></td><td rowspan="1" colspan="1"><p>RJ</p></td><td rowspan="1" colspan="1"><p>RIO DE JANEIRO</p></td><td rowspan="1" colspan="1"><p>25000055287200630</p></td></tr><tr><td rowspan="1" colspan="1"><p>2103</p></td><td rowspan="1" colspan="1"><p>42225938007405</p></td><td rowspan="1" colspan="1"><p>CSB DROGARIAS S/A</p></td><td rowspan="1" colspan="1"><p>RJ</p></td><td rowspan="1" colspan="1"><p>RIO DE JANEIRO</p></td><td rowspan="1" colspan="1"><p>25000055287200630</p></td></tr><tr><td rowspan="1" colspan="1"><p>2104</p></td><td rowspan="1" colspan="1"><p>01286895000135</p></td><td rowspan="1" colspan="1"><p>DEZ DE JUNHO ORGANIZAO DE FEIRAS E CONGRESSOS LTDA.</p></td><td rowspan="1" colspan="1"><p>RJ</p></td><td rowspan="1" colspan="1"><p>RIO DE JANEIRO</p></td><td rowspan="1" colspan="1"><p>25000223119200845</p></td></tr><tr><td rowspan="1" colspan="1"><p>2105</p></td><td rowspan="1" colspan="1"><p>17433874000135</p></td><td rowspan="1" colspan="1"><p>DROGARIA ATITUDE RIO LTDA</p></td><td rowspan="1" colspan="1"><p>RJ</p></td><td rowspan="1" colspan="1"><p>RIO DE JANEIRO</p></td><td rowspan="1" colspan="1"><p>25000137954201321</p></td></tr><tr><td rowspan="1" colspan="1"><p>2106</p></td><td rowspan="1" colspan="1"><p>15723488000152</p></td><td rowspan="1" colspan="1"><p>DROGARIA CAMPOS SALES LTDA</p></td><td rowspan="1" colspan="1"><p>RJ</p></td><td rowspan="1" colspan="1"><p>RIO DE JANEIRO</p></td><td rowspan="1" colspan="1"><p>25000144256201381</p></td></tr><tr><td rowspan="1" colspan="1"><p>2107</p></td><td rowspan="1" colspan="1"><p>13260453000107</p></td><td rowspan="1" colspan="1"><p>DROGARIA DIAS DO JARDIM MARAVILHA LTDA</p></td><td rowspan="1" colspan="1"><p>RJ</p></td><td rowspan="1" colspan="1"><p>RIO DE JANEIRO</p></td><td rowspan="1" colspan="1"><p>25000076623201226</p></td></tr><tr><td rowspan="1" colspan="1"><p>2108</p></td><td rowspan="1" colspan="1"><p>04949949000193</p></td><td rowspan="1" colspan="1"><p>DROGARIA DROGALEDA LTDA</p></td><td rowspan="1" colspan="1"><p>RJ</p></td><td rowspan="1" colspan="1"><p>RIO DE JANEIRO</p></td><td rowspan="1" colspan="1"><p>25000158462201379</p></td></tr><tr><td rowspan="1" colspan="1"><p>2109</p></td><td rowspan="1" colspan="1"><p>17125862000143</p></td><td rowspan="1" colspan="1"><p>DROGARIA FARMA MAIS DA PENHA LTDA</p></td><td rowspan="1" colspan="1"><p>RJ</p></td><td rowspan="1" colspan="1"><p>RIO DE JANEIRO</p></td><td rowspan="1" colspan="1"><p>25000131735201338</p></td></tr><tr><td rowspan="1" colspan="1"><p>2110</p></td><td rowspan="1" colspan="1"><p>18999638000143</p></td><td rowspan="1" colspan="1"><p>DROGARIA INOVEFARMA DE BONSUCESSO LTDA</p></td><td rowspan="1" colspan="1"><p>RJ</p></td><td rowspan="1" colspan="1"><p>RIO DE JANEIRO</p></td><td rowspan="1" colspan="1"><p>25000015996201492</p></td></tr><tr><td rowspan="1" colspan="1"><p>2111</p></td><td rowspan="1" colspan="1"><p>02368919000168</p></td><td rowspan="1" colspan="1"><p>DROGARIA JOSOL LTDA</p></td><td rowspan="1" colspan="1"><p>RJ</p></td><td rowspan="1" colspan="1"><p>RIO DE JANEIRO</p></td><td rowspan="1" colspan="1"><p>25000193359200816</p></td></tr><tr><td rowspan="1" colspan="1"><p>2112</p></td><td rowspan="1" colspan="1"><p>01929250000173</p></td><td rowspan="1" colspan="1"><p>DROGARIA MIRRAGE LTDA</p></td><td rowspan="1" colspan="1"><p>RJ</p></td><td rowspan="1" colspan="1"><p>RIO DE JANEIRO</p></td><td rowspan="1" colspan="1"><p>25000008541201178</p></td></tr><tr><td rowspan="1" colspan="1"><p>2113</p></td><td rowspan="1" colspan="1"><p>05657068000161</p></td><td rowspan="1" colspan="1"><p>DROGARIA PHIZER LTDA</p></td><td rowspan="1" colspan="1"><p>RJ</p></td><td rowspan="1" colspan="1"><p>RIO DE JANEIRO</p></td><td rowspan="1" colspan="1"><p>25000165017201284</p></td></tr><tr><td rowspan="1" colspan="1"><p>2114</p></td><td rowspan="1" colspan="1"><p>33220195000134</p></td><td rowspan="1" colspan="1"><p>DROGARIA PREFERIDA EIRELI</p></td><td rowspan="1" colspan="1"><p>RJ</p></td><td rowspan="1" colspan="1"><p>RIO DE JANEIRO</p></td><td rowspan="1" colspan="1"><p>25000157691201023</p></td></tr><tr><td rowspan="1" colspan="1"><p>2115</p></td><td rowspan="1" colspan="1"><p>33139049000189</p></td><td rowspan="1" colspan="1"><p>DROGARIA SAUDE DO POVO LTDA</p></td><td rowspan="1" colspan="1"><p>RJ</p></td><td rowspan="1" colspan="1"><p>RIO DE JANEIRO</p></td><td rowspan="1" colspan="1"><p>25000122098200761</p></td></tr><tr><td rowspan="1" colspan="1"><p>2116</p></td><td rowspan="1" colspan="1"><p>04740037000107</p></td><td rowspan="1" colspan="1"><p>DROGARIA ZSJJ LTDA</p></td><td rowspan="1" colspan="1"><p>RJ</p></td><td rowspan="1" colspan="1"><p>RIO DE JANEIRO</p></td><td rowspan="1" colspan="1"><p>25000193349200872</p></td></tr><tr><td rowspan="1" colspan="1"><p>2117</p></td><td rowspan="1" colspan="1"><p>33438250006106</p></td><td rowspan="1" colspan="1"><p>DROGARIAS PACHECO S/A</p></td><td rowspan="1" colspan="1"><p>RJ</p></td><td rowspan="1" colspan="1"><p>RIO DE JANEIRO</p></td><td rowspan="1" colspan="1"><p>25000100135200607</p></td></tr><tr><td rowspan="1" colspan="1"><p>2118</p></td><td rowspan="1" colspan="1"><p>33438250005207</p></td><td rowspan="1" colspan="1"><p>DROGARIAS PACHECO S/A</p></td><td rowspan="1" colspan="1"><p>RJ</p></td><td rowspan="1" colspan="1"><p>RIO DE JANEIRO</p></td><td rowspan="1" colspan="1"><p>25000044250200886</p></td></tr><tr><td rowspan="1" colspan="1"><p>2119</p></td><td rowspan="1" colspan="1"><p>33438250003859</p></td><td rowspan="1" colspan="1"><p>DROGARIAS PACHECO S/A</p></td><td rowspan="1" colspan="1"><p>RJ</p></td><td rowspan="1" colspan="1"><p>RIO DE JANEIRO</p></td><td rowspan="1" colspan="1"><p>25000044250200686</p></td></tr><tr><td rowspan="1" colspan="1"><p>2120</p></td><td rowspan="1" colspan="1"><p>33438250038997</p></td><td rowspan="1" colspan="1"><p>DROGARIAS PACHECO S/A</p></td><td rowspan="1" colspan="1"><p>RJ</p></td><td rowspan="1" colspan="1"><p>RIO DE JANEIRO</p></td><td rowspan="1" colspan="1"><p>25000100135200607</p></td></tr><tr><td rowspan="1" colspan="1"><p>2121</p></td><td rowspan="1" colspan="1"><p>33438250020273</p></td><td rowspan="1" colspan="1"><p>DROGARIAS PACHECO S/A</p></td><td rowspan="1" colspan="1"><p>RJ</p></td><td rowspan="1" colspan="1"><p>RIO DE JANEIRO</p></td><td rowspan="1" colspan="1"><p>25000044250200686</p></td></tr><tr><td rowspan="1" colspan="1"><p>2122</p></td><td rowspan="1" colspan="1"><p>33438250038644</p></td><td rowspan="1" colspan="1"><p>DROGARIAS PACHECO S/A</p></td><td rowspan="1" colspan="1"><p>RJ</p></td><td rowspan="1" colspan="1"><p>RIO DE JANEIRO</p></td><td rowspan="1" colspan="1"><p>25000100135200607</p></td></tr><tr><td rowspan="1" colspan="1"><p>2123</p></td><td rowspan="1" colspan="1"><p>33438250022802</p></td><td rowspan="1" colspan="1"><p>DROGARIAS PACHECO S/A</p></td><td rowspan="1" colspan="1"><p>RJ</p></td><td rowspan="1" colspan="1"><p>RIO DE JANEIRO</p></td><td rowspan="1" colspan="1"><p>25000044250200686</p></td></tr><tr><td rowspan="1" colspan="1"><p>2124</p></td><td rowspan="1" colspan="1"><p>01352585000171</p></td><td rowspan="1" colspan="1"><p>FARMA WAVE FARMACIA LTDA</p></td><td rowspan="1" colspan="1"><p>RJ</p></td><td rowspan="1" colspan="1"><p>RIO DE JANEIRO</p></td><td rowspan="1" colspan="1"><p>25000009964201113</p></td></tr><tr><td rowspan="1" colspan="1"><p>2125</p></td><td rowspan="1" colspan="1"><p>01388920000191</p></td><td rowspan="1" colspan="1"><p>FARMACIA COLOSSO LTDA</p></td><td rowspan="1" colspan="1"><p>RJ</p></td><td rowspan="1" colspan="1"><p>RIO DE JANEIRO</p></td><td rowspan="1" colspan="1"><p>25000153857201113</p></td></tr></table>]]></Texto>
  </body>
  <Midias />
</article></xml>