﻿<xml><article id="44727416" name="Acordao 508" idOficio="11190417" pubName="DO1" artType="Acórdão" pubDate="01/08/2025" artClass="00041:00020:00000:00000:00000:00000:00000:00000:00000:00000:00002:00000" artCategory="Ministério de Portos e Aeroportos/Agência Nacional de Transportes Aquaviários" artSize="12" artNotes="" numberPage="100" pdfPage="http://pesquisa.in.gov.br/imprensa/jsp/visualiza/index.jsp?data=01/08/2025&amp;jornal=515&amp;pagina=100" editionNumber="144" highlightType="" highlightPriority="" highlight="" highlightimage="" highlightimagename="" idMateria="22946982">
  <body>
    <Identifica><![CDATA[ ACÓRDÃO Nº 508-2025-ANTAQ]]></Identifica>
    <Data><![CDATA[]]></Data>
    <Ementa />
    <Titulo />
    <SubTitulo />
    <Texto><![CDATA[<p class="identifica">ACÓRDÃO Nº 508-2025-ANTAQ</p><p>1. Processo: 50300.015685/2025-49</p><p>2. Interessado: Agência Nacional de Transportes Aquaviários</p><p>3. Relator: Caio Farias</p><p>4. Unidade Técnica: Superintendência de Administração e Finanças</p><p>5. Acórdão:</p><p>VISTOS, relatados e discutidos os presentes autos que tratam da proposta de designação de servidor para exercer Função Comissionada Executiva (FCE), no âmbito da Diretoria - D1,</p><p>ACORDAM os Diretores da Agência Nacional de Transportes Aquaviários, reunidos para a Reunião Ordinária de Diretoria Colegiada de nº 591, ante as razões expostas pelo Relator, em aprovar a designação da servidora Mariana Rosa da Silva, matrícula SIAPE nº 2240678, para exercer a Função Comissionada de Assessora Técnica, código FCE 2.15, na Diretoria - D1, ficando dispensada da função que atualmente ocupa.</p><p>6. Data da Reunião: 31/07/2025 - Telepresencial.</p><p>7. Especificação do quórum:</p><p>7.1. Diretores presentes: Caio Farias (Presidente e Relator), Flávia Takafashi e Alber Vasconcelos.</p><p class="assina">Caio Farias</p><p class="cargo">Diretor-Geral</p><p class="cargo">Substituto</p>]]></Texto>
  </body>
  <Midias />
</article></xml>