﻿<xml><article id="44728407" name="20250729 - v2 -Extr-atos-mult-Ot" idOficio="11190684" pubName="DO1" artType="Ato" pubDate="01/08/2025" artClass="00014:00019:00014:00155:00000:00000:00000:00000:00000:00000:00006:00000" artCategory="Ministério das Comunicações/Agência Nacional de Telecomunicações/Superintendência de Fiscalização/Gerência Regional no Estado de Minas Gerais" artSize="12" artNotes="" numberPage="5" pdfPage="http://pesquisa.in.gov.br/imprensa/jsp/visualiza/index.jsp?data=01/08/2025&amp;jornal=515&amp;pagina=5" editionNumber="144" highlightType="" highlightPriority="" highlight="" highlightimage="" highlightimagename="" idMateria="22947334">
  <body>
    <Identifica><![CDATA[ ATOS DE 29 DE JULHO DE 2025]]></Identifica>
    <Data><![CDATA[]]></Data>
    <Ementa />
    <Titulo />
    <SubTitulo />
    <Texto><![CDATA[<p class="identifica">ATOS DE 29 DE JULHO DE 2025</p><p>Nº 8.940 - Extingue, por cassação, a autorização do Serviço de Telecomunicações de Interesse Restrito, expedida a FUNDAÇÃO CULTURAL E EDUCACIONAL DIOCESANA NOSSA SENHORA DO CARMO, inscrito no CNPJ nº 04.653.982/0001-71, tendo em vista a perda de condição indispensável à manutenção da autorização, com fulcro nos arts. 138 e 139, da Lei nº 9.472, de 16 de julho de 1997, e declara também notificado o desinteresse para exploração do Serviço Auxiliar de Radiodifusão e Correlatos (SARC) na modalidade Ligação para Transmissão de Programas, bem como o direito de uso de radiofrequências associadas.</p><p>Nº 8.947 - Outorga autorização para uso de Radiofrequências a RADIO ESTANCIA LTDA, executante do serviço Radiodifusão Sonora em Frequência Modulada, CNPJ nº 16.918.542/0001-88, no município de São Lourenço/MG, até 06/06/2034, visando execução do Serviço Auxiliar de Radiodifusão e Correlatos de Ligação para Transmissão de Programas, na referida cidade.</p><p>Nº 8.959 - Expede autorização a JOSE JANUARIO FILHO, CPF nº ***.879.616-**, para explorar Serviços de Telecomunicações de Interesse Restrito, por prazo indeterminado, sem caráter de exclusividade, e tendo como área de prestação de serviço todo o território nacional.</p><p>Nº 8.967 - Expede autorização a DELACI DE SOUZA RIBEIRO, CPF nº ***.960.866-**, para explorar Serviços de Telecomunicações de Interesse Restrito, por prazo indeterminado, sem caráter de exclusividade, e tendo como área de prestação de serviço todo o território nacional.</p><p>Nº 8.970 - Outorga autorização para uso de Radiofrequências a RADIO ACAIACA LTDA, executante do serviço Radiodifusão Sonora em Frequência Modulada, CNPJ nº 17.270.968/0001-30, no município de Ouro Preto/MG, até 05/10/2032, visando execução do Serviço Auxiliar de Radiodifusão e Correlatos de Ligação para Transmissão de Programas, na referida cidade.</p><p>Nº 8.898 - Extingue, por cassação, a autorização do Serviço de Telecomunicações de Interesse Restrito, expedida a ASSOCIAÇÃO COMUNITÁRIA BENEFICENTE DE RADIODIFUSÃO DE INIMUTABA, inscrito no CNPJ nº 08.098.304/0001-45, tendo em vista a perda de condição indispensável à manutenção da autorização, com fulcro nos arts. 138 e 139, da Lei nº 9.472, de 16 de julho de 1997, e declara também notificado o desinteresse para exploração do Serviço Auxiliar de Radiodifusão e Correlatos (SARC) na Modalidade Ligação para Transmissão de Programas, bem como o direito de uso de radiofrequências associadas.</p><p class="assina">Otávio Barbosa da Silva Soares</p><p class="cargo">Gerente</p>]]></Texto>
  </body>
  <Midias />
</article></xml>