﻿<xml><article id="44735128" name="Pauta da 251A SOJ__VLT2Q8" idOficio="11191382" pubName="DO1" artType="Pauta" pubDate="01/08/2025" artClass="00033:00059:00000:00000:00000:00000:00000:00000:00000:00000:00053:00000" artCategory="Ministério da Justiça e Segurança Pública/Conselho Administrativo de Defesa Econômica" artSize="12" artNotes="" numberPage="69" pdfPage="http://pesquisa.in.gov.br/imprensa/jsp/visualiza/index.jsp?data=01/08/2025&amp;jornal=515&amp;pagina=69" editionNumber="144" highlightType="" highlightPriority="" highlight="" highlightimage="" highlightimagename="" idMateria="22948684">
  <body>
    <Identifica><![CDATA[ PAUTA DA 251ª SESSÃO ORDINÁRIA DE JULGAMENTO]]></Identifica>
    <Data><![CDATA[]]></Data>
    <Ementa />
    <Titulo />
    <SubTitulo />
    <Texto><![CDATA[<p class="identifica">PAUTA DA 251ª SESSÃO ORDINÁRIA DE JULGAMENTO</p><p>Dia: 06/08/2025</p><p>Hora: 10 horas</p><p>Nos termos do art. 60, parágrafo único c/c arts. 75, §1º e 76, §4º do Regimento Interno do Cade, e com fundamento no Despacho da Presidência nº 48/2025 (SEI 1599930), a Sessão de Julgamento será presencial e haverá a possibilidade de participação de forma remota, com transmissão em tempo real pelo sítio eletrônico www.cade.gov.br e pelo canal do Cade no Youtube (https://bit.ly/39SsiVg).</p><p>Eventual pedido de sustentação oral deverá ser formalizado pelo e-mail cgp@cade.gov.br ou pelo número de WhatsApp +55 (61) 99939-6256 até 24 horas antes do início da sessão virtual. No mesmo prazo o advogado deverá enviar o arquivo de mídia à Secretaria do Plenário, em conformidade com o art. 81, §§ 5º e 6º do Regimento Interno.</p><p>Com relação aos requerimentos de ordem, nos termos do art. 81, § 5º do Regimento Interno do Cade, fica garantido o acesso de advogado constituído nos autos, para participação ativa a qualquer momento, durante o julgamento. A solicitação deverá ser encaminhada à Secretaria do Plenário, pelo e-mail cgp@cade.gov.br ou pelo número de WhatsApp +55 (61) 99939-6256, que informará sobre o procedimento a ser adotado.</p><p>O advogado deverá se responsabilizar pela qualidade do arquivo de mídia encaminhado, bem como pela adequação do ambiente escolhido para participação na sessão em tempo real.</p><p>A sustentação oral ou o requerimento de ordem também poderão ser realizados por meio de equipamento eletrônico disponível nas instalações do Cade.</p><p>1. Procedimento Administrativo de Apuração de Ato de Concentração nº 08700.008446/2024-82</p><p>Representante: Conselho Administrativo de Defesa Econômica ex officio.</p><p>Representados: Cooperativa de Produção e Abastecimento do Vale do Itajaí - COOPER. e Comércio Três Irmãos SR Ltda.</p><p>Advogados(as): Joyce Midori Honda, Thales de Melo e Lemos, Rafaela Schwartz Jaroslavsky, Mayara Lins Ogea, Arthur Augusto Nagy Guarani Moreira, Lucas Longhitano, Luiza Saccoman Cagnacci.</p><p>Relator: Presidente Gustavo Augusto Freitas de Lima.</p><p>2. Processo Administrativo nº 08700.001180/2015-56</p><p>Representante: Ministério Público Federal (MPF/SP).</p><p>Representados: Simpro Publicações e Teleprocessamento Ltda., Andrei Publicações Médicas Farmacêuticas e Técnicas Ltda., Federação Nacional dos Estabelecimentos de Serviços de Saúde, Sindicato dos Hospitais, Casas de Saúde e Laboratórios de Pesquisas e Análises Clínicas do Estado de Pernambuco e Sindicato dos Hospitais e Estabelecimentos de Saúde do Mato Grosso do Sul.</p><p>Advogados(as): Liliana Baptista Fernandes, Roseli Torrezan, Alex Sandro Sarmento Ferreira, Eric Hadmann Jasper, Ivo Teixeira Gico Jr., Mauro Grinberg, Eduardo Bittencourt de Barros e outros.</p><p>Relator: Conselheiro Diogo Thomson de Andrade.</p><p>3. Processo Administrativo nº 08700.000899/2021-18</p><p>Representante: Conselho Administrativo de Defesa Econômica ex officio.</p><p>Representados: Sindicato do Comércio Varejista de Combustíveis e Lubrificantes do Distrito Federal - Sindicombustíveis/DF e Paulo Tavares.</p><p>Advogados: Bruno Ladeira Junqueira, Nathaniel Victor Monteiro de Lima, Kallyde Cavalcanti Macedo e outros.</p><p>Relatora: Camila Cabral Pires Alves.</p><p>4. Consulta nº 08700.003612/2025-35</p><p>Consulente: Pirelli Comercial de Pneus Brasil Ltda.</p><p>Advogados: Gabriel Nogueira Dias, Raquel Bezerra Candido, Yi Shin Tang, Bruna Linhares Ferrazzo, Camila Emi Tomimatsu, Carlos Francisco de Magalhaes, Catarina Bastouly Guimbra Simoes Coelho, Cristiano Rodrigo del Debbio, Hermes Nereu da Silva Cardoso Oliveira, Leonardo Peixoto Barbosa, Pedro Vitor Christofoletti Possignolo.</p><p>Impedido o Conselheiro Carlos Jacques Vieira Gomes.</p><p>Relator: Conselheiro Diogo Thomson de Andrade.</p><p>5. Embargos de Declaração no Ato de Concentração nº 08012.009198/2011-21</p><p>Requerentes: Companhia Siderúrgica Nacional ("CSN") e Usinas Siderúrgicas de Minas Gerais S/A ("USIMINAS").</p><p>Advogados: Arthur Sanchez Badin, Mariana Tavares de Araujo, Marcos Drummond Malvar, Marina Castro de Abreu e outros.</p><p>Relator: Presidente Gustavo Augusto Freitas de Lima.</p><p>6. Requerimento de TCC nº 08700.005985/2025-41</p><p>Requerentes: Acesso Restrito.</p><p>Advogados: Acesso Restrito.</p><p>Relator: Acesso Restrito.</p><p>7. Requerimento de TCC nº 08700.005987/2025-30</p><p>Requerentes: Acesso Restrito.</p><p>Advogados: Acesso Restrito.</p><p>Relator: Acesso Restrito.</p><p class="assina">Gustavo Augusto Freitas de Lima</p><p class="cargo">Presidente do Conselho</p>]]></Texto>
  </body>
  <Midias />
</article></xml>