﻿<xml><article id="44735239" name="PortMB-MD-51-2025_014" idOficio="11191346" pubName="DO1" artType="Portaria" pubDate="01/08/2025" artClass="00016:00012:00001:00000:00000:00000:00000:00000:00000:00000:00054:00014" artCategory="Ministério da Defesa/Comando da Marinha/Gabinete do Comandante" artSize="12" artNotes="" numberPage="13" pdfPage="http://pesquisa.in.gov.br/imprensa/jsp/visualiza/index.jsp?data=01/08/2025&amp;jornal=515&amp;pagina=13" editionNumber="144" highlightType="" highlightPriority="" highlight="" highlightimage="" highlightimagename="" idMateria="22948606">
  <body>
    <Identifica />
    <Data><![CDATA[]]></Data>
    <Ementa />
    <Titulo />
    <SubTitulo />
    <Texto><![CDATA[<p>PARTE III - APRESENTAÇÃO PESSOAL DE MILITARES DO SEXO MASCULINO</p><p>7. PADRONIZAÇÃO DO CABELO</p><p>7.1. O cabelo deve ser mantido limpo, arrumado e bem-apresentado.</p><p>7.2. Considerando a importância fundamental do exemplo, em todos os escalões de hierarquia, fica estabelecido que o cabelo deve ser cortado, aparado rente à nuca e no contorno dos pavilhões auriculares.</p><p>7.3. Na parte frontal, o cabelo deve ser cortado de forma que, puxado sobre a testa, não ultrapasse a linha das sobrancelhas.</p><p>7.4. A altura da massa de cabelo, medida a partir do couro cabeludo, não deve exceder 5 cm.</p><p>7.5. A cor do cabelo deve acompanhar o tom natural e cortes extravagantes ou excêntricos não são permitidos.</p><p>7.6. As costeletas devem ser mantidas aparadas e acompanhar o corte de cabelo, não podem ultrapassar a linha horizontal de referência que passa pela região mediana da orelha e devem terminar com um barbear numa linha horizontal.</p><p>7.7. Vedado o corte de cabelo que apresente desenhos, figuras ou linhas artificialmente produzidas por navalhas ou instrumentos afins.</p><img name="1_MD_1_015" />]]></Texto>
  </body>
  <Midias>
    <Midia></Midia>
  </Midias>
</article></xml>