﻿<xml><article id="44716933" name="2025-07-31/11188340/ANMWS_229441" idOficio="11188340" pubName="DO1" artType="Despacho" pubDate="01/08/2025" artClass="00035:00044:00023:00000:00000:00000:00000:00000:00000:00000:00024:00120" artCategory="Ministério de Minas e Energia/Agência Nacional de Mineração/Gerência da ANM no Estado de Pernambuco" artSize="12" artNotes="" numberPage="81" pdfPage="http://pesquisa.in.gov.br/imprensa/jsp/visualiza/index.jsp?data=01/08/2025&amp;jornal=515&amp;pagina=81" editionNumber="144" highlightType="" highlightPriority="" highlight="" highlightimage="" highlightimagename="" idMateria="22944153">
  <body>
    <Identifica><![CDATA[Despacho]]></Identifica>
    <Data><![CDATA[]]></Data>
    <Ementa />
    <Titulo />
    <SubTitulo />
    <Texto><![CDATA[<p class="identifica">Despacho</p><p>Relação nº 120/2025</p><p>Fase de Autorização de Pesquisa</p><p>Determina cumprimento de exigência - Prazo 60 dias(250)</p><p>846.166/2009-TALENT METALS MINERACAO LTDA-OF. N°29619/2025/GER-PE/ANM</p><p>846.165/2009-TALENT METALS MINERACAO LTDA-OF. N°29621/2025/GER-PE/ANM</p><p>846.167/2009-TALENT METALS MINERACAO LTDA-OF. N°29623/2025/GER-PE/ANM</p><p class="assina">WERTHER LARRAZABAL DA SILVA JÚNIOR</p><p class="cargo">Gerente</p>]]></Texto>
  </body>
  <Midias />
</article></xml>