﻿<xml><article id="44723627" name="PORT 994 SE SECAO 1" idOficio="11189501" pubName="DO1" artType="Portaria" pubDate="01/08/2025" artClass="00033:00001:00000:00000:00000:00000:00000:00000:00000:00000:00054:00000" artCategory="Ministério da Justiça e Segurança Pública/Gabinete do Ministro" artSize="12" artNotes="" numberPage="66" pdfPage="http://pesquisa.in.gov.br/imprensa/jsp/visualiza/index.jsp?data=01/08/2025&amp;jornal=515&amp;pagina=66" editionNumber="144" highlightType="" highlightPriority="" highlight="" highlightimage="" highlightimagename="" idMateria="22945680">
  <body>
    <Identifica><![CDATA[ PORTARIA MJSP Nº 994, DE 31 DE JULHO DE 2025]]></Identifica>
    <Data><![CDATA[]]></Data>
    <Ementa><![CDATA[ Estabelece medidas para racionalizar os gastos públicos com diárias e passagens no País e no exterior no âmbito do Ministério da Justiça e Segurança Pública, de seus órgãos colegiados e de suas entidades vinculadas.]]></Ementa>
    <Titulo />
    <SubTitulo />
    <Texto><![CDATA[<p class="identifica">PORTARIA MJSP Nº 994, DE 31 DE JULHO DE 2025</p><p class="ementa">Estabelece medidas para racionalizar os gastos públicos com diárias e passagens no País e no exterior no âmbito do Ministério da Justiça e Segurança Pública, de seus órgãos colegiados e de suas entidades vinculadas.</p><p>O MINISTRO DE ESTADO DA JUSTIÇA E SEGURANÇA PÚBLICA, no uso das atribuições que lhe confere o art. 87, parágrafo único, inciso II, da Constituição, e tendo em vista o disposto na Lei nº 8.112, de 11 de dezembro de 1990, no Decreto nº 1.387, de 7 de fevereiro de 1995, no Decreto nº 91.800, de 18 de outubro de 1985, no Decreto nº 5.992, de 19 de dezembro de 2006, no Decreto nº 10.193, de 27 de dezembro de 2019, na Portaria MJ nº 1.251, de 14 de agosto de 2018, e o que consta no Processo Administrativo nº 08001.002727/2025-90, resolve:</p><p>CAPÍTULO I</p><p>DISPOSIÇÕES INICIAIS</p><p>Art. 1º Esta Portaria estabelece medidas para racionalizar os gastos públicos com diárias e passagens no País e no exterior no âmbito do Ministério da Justiça e Segurança Pública, de seus órgãos colegiados e de suas entidades vinculadas.</p><p>Art. 2º A concessão de diárias e passagens é condicionada à demonstração fundamentada de que a viagem envolve a prática de ato ou o exercício de atribuição própria do cargo ocupado pelo agente público.</p><p>§ 1º Somente serão deferidos os afastamentos estritamente necessários à continuidade do serviço prestado, levando em consideração, inclusive:</p><p>I - os valores envolvidos;</p><p>II - o número de servidores;</p><p>III - a duração do deslocamento;</p><p>IV - a importância do evento; e</p><p>V - a possibilidade de seu cancelamento ou adiamento sem que haja ônus para o erário.</p><p>§ 2º A ocorrência de viagem a serviço deve ser substituída, sempre que viável, pelo uso de videoconferência ou de treinamento à distância, devendo ser justificada a impossibilidade de sua substituição.</p><p>§ 3º O disposto neste artigo aplica-se também, no que couber, às diárias e passagens cujos beneficiários sejam agentes públicos que não integrem a estrutura do Ministério da Justiça e Segurança Pública ou representantes da sociedade civil, quando o deslocamento ocorrer com ônus deste Ministério.</p><p>CAPÍTULO II</p><p>DAS DIRETRIZES GERAIS</p><p>Art. 3º Para a autorização de afastamentos no País e no exterior deverão ser observadas, integralmente, as seguintes diretrizes:</p><p>I - demonstração da aderência do evento aos objetivos finalísticos deste Ministério;</p><p>II - demonstração da imprescindibilidade, da pertinência e da relevância da participação no evento, destacando-se a correlação expressa das atividades desenvolvidas pelos agentes públicos e por sua unidade de lotação com o objeto da viagem;</p><p>III - apresentação de justificativa fundamentada para a impossibilidade de participação ou representação do Ministério da Justiça e Segurança Pública por meio de ferramentas alternativas de participação a distância, nos termos do art. 2º, §2°, desta Portaria;</p><p>IV - limitação do deslocamento a apenas um participante do órgão por evento, devendo o indicado atuar como multiplicador do conteúdo assimilado em sua respectiva unidade, órgão ou entidade, salvo imperiosa necessidade de participação de mais de um agente público, mediante justificativa fundamentada;</p><p>V - agrupamento de compromissos em uma mesma viagem;</p><p>VI - em caso de mais de uma área técnica possuir pertinência temática na matéria, limitação do deslocamento a um agente público da área técnica com maior aderência ao tema tratado, salvo imperiosa necessidade de participação de mais de um agente público, mediante justificativa fundamentada;</p><p>VII - realização preferencial de congressos, seminários, reuniões, assembleias, conferências, encontros, convenções ou simpósios, em Brasília, Distrito Federal, devendo os agentes públicos de outros Estados participar de tais eventos por meio de videoconferência, salvo justificativa fundamentada que aponte a impossibilidade de tal medida.</p><p>VIII - realização de análise minuciosa dos valores das cotações, de modo a garantir o melhor custo-benefício para Administração Pública Federal;</p><p>IX - planejamento de viagens com antecedência necessária para garantir a emissão de bilhetes com o menor custo possível para a Administração Pública, salvo situações emergenciais justificadas;</p><p>X - acompanhamento efetivo, por cada unidade, das viagens solicitadas até o seu encerramento, de modo a:</p><p>a) garantir que os valores de diárias não utilizadas ou utilizadas parcialmente retornem aos cofres públicos nos prazos legais; e</p><p>b) minimizar o prejuízo decorrente da não utilização ou da utilização parcial de passagem aérea;</p><p>XI - estabelecimento de rotina e fluxo para efetividade do processo de prestação de contas, dentro do prazo legal, podendo ser vinculada a aprovação de novos deslocamentos à regularização de pendências da unidade inadimplente; e</p><p>XII - preferência por voos com menor custo, ainda que impliquem alterações de horário, desde que não comprometam a eficiência do serviço.</p><p>CAPÍTULO III</p><p>DISPOSIÇÕES FINAIS</p><p>Art. 4º A autorização para concessão de diárias e passagens deverá ser formalizada com a devida justificativa da viagem, demonstrando o interesse público envolvido e o cumprimento dos critérios estabelecidos nesta Portaria.</p><p>Art. 5º O afastamento do País de colaborador eventual será realizado apenas de forma excepcional e nas hipóteses que não impliquem custos para a administração pública.</p><p>Art. 6º Ficam suspensas as emissões de passagens aéreas internacionais na classe executiva de que trata o art. 27-A, parágrafo único, incisos II e III, do Decreto nº 71.733, de 18 de janeiro de 1973.</p><p>Art. 7º Os recursos destinados ao custeio de diárias e passagens sem previsão de efetiva utilização até o final de cada exercício devem ser redirecionados tempestivamente para outras despesas estruturantes.</p><p>Art. 8º Esta Portaria entra em vigor na data de sua publicação, sem prejuízo do disposto no Decreto nº 5.992, de 19 de dezembro de 2006, no Decreto nº 91.800, de 18 de outubro de 1985, no Decreto nº 71.733, de 18 de janeiro de 1973, na Portaria MJSP nº 1.251, de 14 de agosto de 2018, na Portaria SE nº 1.477, de 10 de novembro de 2020, na Portaria GM nº 665, de 26 de junho de 2024, e nos demais normativos que regem a matéria.</p><p class="assina">RICARDO LEWANDOWSKI</p>]]></Texto>
  </body>
  <Midias />
</article></xml>