﻿<xml><article id="44728232" name="RESOLUCAO 212 2025_005" idOficio="11190578" pubName="DO1" artType="Resolução" pubDate="01/08/2025" artClass="00035:00044:00000:00000:00000:00000:00000:00000:00000:00000:00064:00000" artCategory="Ministério de Minas e Energia/Agência Nacional de Mineração" artSize="24" artNotes="" numberPage="80" pdfPage="http://pesquisa.in.gov.br/imprensa/jsp/visualiza/index.jsp?data=01/08/2025&amp;jornal=515&amp;pagina=80" editionNumber="144" highlightType="" highlightPriority="" highlight="" highlightimage="" highlightimagename="" idMateria="22947223">
  <body>
    <Identifica />
    <Data><![CDATA[]]></Data>
    <Ementa />
    <Titulo />
    <SubTitulo />
    <Texto><![CDATA[<p>ANEXO IV</p><p>QUADRO RESUMO DE CUSTOS DOS CARGOS EM COMISSÃO E DAS FUNÇÕES DE CONFIANÇA DA ANM:</p><p /><p></p><table><tr /><tr><td rowspan="1" colspan="1"><p>CÓDIGO</p></td><td rowspan="1" colspan="1"><p>CCE-UNITÁRIO*</p></td><td rowspan="1" colspan="2"><p>SITUAÇÃO ATUAL</p></td><td rowspan="1" colspan="2"><p>SITUAÇÃO NOVA</p></td></tr><tr><td rowspan="1" colspan="1" /><td rowspan="1" colspan="1" /><td rowspan="1" colspan="1"><p>QTD.</p></td><td rowspan="1" colspan="1"><p>VALOR TOTAL</p></td><td rowspan="1" colspan="1"><p>QTD.</p></td><td rowspan="1" colspan="1"><p>VALOR TOTAL</p></td></tr><tr><td rowspan="1" colspan="1"><p>CCE 1.18</p></td><td rowspan="1" colspan="1"><p>7,65</p></td><td rowspan="1" colspan="1"><p>1</p></td><td rowspan="1" colspan="1"><p>7,65</p></td><td rowspan="1" colspan="1"><p>1</p></td><td rowspan="1" colspan="1"><p>7,65</p></td></tr><tr><td rowspan="1" colspan="2"><p>SUBTOTAL 1</p></td><td rowspan="1" colspan="1"><p>1</p></td><td rowspan="1" colspan="1"><p>7,65</p></td><td rowspan="1" colspan="1"><p>1</p></td><td rowspan="1" colspan="1"><p>7,65</p></td></tr><tr><td rowspan="1" colspan="1"><p>CCE 1.17</p></td><td rowspan="1" colspan="1"><p>7,08</p></td><td rowspan="1" colspan="1"><p>4</p></td><td rowspan="1" colspan="1"><p>28,32</p></td><td rowspan="1" colspan="1"><p>4</p></td><td rowspan="1" colspan="1"><p>28,32</p></td></tr><tr><td rowspan="1" colspan="1"><p>CCE 1.16</p></td><td rowspan="1" colspan="1"><p>6,23</p></td><td rowspan="1" colspan="1"><p>1</p></td><td rowspan="1" colspan="1"><p>6,23</p></td><td rowspan="1" colspan="1"><p>1</p></td><td rowspan="1" colspan="1"><p>6,23</p></td></tr><tr><td rowspan="1" colspan="1"><p>CCE 1.15</p></td><td rowspan="1" colspan="1"><p>5,41</p></td><td rowspan="1" colspan="1"><p>5</p></td><td rowspan="1" colspan="1"><p>27,05</p></td><td rowspan="1" colspan="1"><p>3</p></td><td rowspan="1" colspan="1"><p>16,23</p></td></tr><tr><td rowspan="1" colspan="1"><p>CCE 1.13</p></td><td rowspan="1" colspan="1"><p>4,12</p></td><td rowspan="1" colspan="1"><p>0</p></td><td rowspan="1" colspan="1"><p>0</p></td><td rowspan="1" colspan="1"><p>3</p></td><td rowspan="1" colspan="1"><p>12,36</p></td></tr><tr><td rowspan="1" colspan="1"><p>CCE 1.11</p></td><td rowspan="1" colspan="1"><p>2,47</p></td><td rowspan="1" colspan="1"><p>1</p></td><td rowspan="1" colspan="1"><p>2,47</p></td><td rowspan="1" colspan="1"><p>1</p></td><td rowspan="1" colspan="1"><p>2,47</p></td></tr><tr><td rowspan="1" colspan="1"><p>CCE 1.10</p></td><td rowspan="1" colspan="1"><p>2,12</p></td><td rowspan="1" colspan="1"><p>1</p></td><td rowspan="1" colspan="1"><p>2,12</p></td><td rowspan="1" colspan="1"><p>1</p></td><td rowspan="1" colspan="1"><p>2,12</p></td></tr><tr><td rowspan="1" colspan="1"><p>CCE 1.09</p></td><td rowspan="1" colspan="1"><p>1,67</p></td><td rowspan="1" colspan="1"><p>2</p></td><td rowspan="1" colspan="1"><p>3,34</p></td><td rowspan="1" colspan="1"><p>0</p></td><td rowspan="1" colspan="1"><p>0</p></td></tr><tr><td rowspan="1" colspan="1"><p>CCE 1.08</p></td><td rowspan="1" colspan="1"><p>1,6</p></td><td rowspan="1" colspan="1"><p>3</p></td><td rowspan="1" colspan="1"><p>4,8</p></td><td rowspan="1" colspan="1"><p>0</p></td><td rowspan="1" colspan="1"><p>0</p></td></tr><tr><td rowspan="1" colspan="1"><p>CCE 1.06</p></td><td rowspan="1" colspan="1"><p>1,17</p></td><td rowspan="1" colspan="1"><p>1</p></td><td rowspan="1" colspan="1"><p>1,17</p></td><td rowspan="1" colspan="1"><p>0</p></td><td rowspan="1" colspan="1"><p>0</p></td></tr><tr><td rowspan="1" colspan="1"><p>CCE 1.05</p></td><td rowspan="1" colspan="1"><p>1</p></td><td rowspan="1" colspan="1"><p>1</p></td><td rowspan="1" colspan="1"><p>1</p></td><td rowspan="1" colspan="1"><p>3</p></td><td rowspan="1" colspan="1"><p>3</p></td></tr><tr><td rowspan="1" colspan="1"><p>CCE 2.14</p></td><td rowspan="1" colspan="1"><p>4,63</p></td><td rowspan="1" colspan="1"><p>0</p></td><td rowspan="1" colspan="1"><p>0</p></td><td rowspan="1" colspan="1"><p>4</p></td><td rowspan="1" colspan="1"><p>18,52</p></td></tr><tr><td rowspan="1" colspan="1"><p>CCE 2.12</p></td><td rowspan="1" colspan="1"><p>3,1</p></td><td rowspan="1" colspan="1"><p>0</p></td><td rowspan="1" colspan="1"><p>0</p></td><td rowspan="1" colspan="1"><p>1</p></td><td rowspan="1" colspan="1"><p>3,1</p></td></tr><tr><td rowspan="1" colspan="1"><p>CCE 2.10</p></td><td rowspan="1" colspan="1"><p>2,12</p></td><td rowspan="1" colspan="1"><p>0</p></td><td rowspan="1" colspan="1"><p>0</p></td><td rowspan="1" colspan="1"><p>1</p></td><td rowspan="1" colspan="1"><p>2,12</p></td></tr><tr><td rowspan="1" colspan="1"><p>CCE 2.07</p></td><td rowspan="1" colspan="1"><p>1,39</p></td><td rowspan="1" colspan="1"><p>0</p></td><td rowspan="1" colspan="1"><p>0</p></td><td rowspan="1" colspan="1"><p>2</p></td><td rowspan="1" colspan="1"><p>2,78</p></td></tr><tr><td rowspan="1" colspan="1"><p>CCE 2.06</p></td><td rowspan="1" colspan="1"><p>1,17</p></td><td rowspan="1" colspan="1"><p>0</p></td><td rowspan="1" colspan="1"><p>0</p></td><td rowspan="1" colspan="1"><p>2</p></td><td rowspan="1" colspan="1"><p>2,34</p></td></tr><tr><td rowspan="1" colspan="2"><p>SUBTOTAL 2</p></td><td rowspan="1" colspan="1"><p>19</p></td><td rowspan="1" colspan="1"><p>76,5</p></td><td rowspan="1" colspan="1"><p>26</p></td><td rowspan="1" colspan="1"><p>99,59</p></td></tr><tr><td rowspan="1" colspan="1"><p>FCE 1.16</p></td><td rowspan="1" colspan="1"><p>3,74</p></td><td rowspan="1" colspan="1"><p>8</p></td><td rowspan="1" colspan="1"><p>29,92</p></td><td rowspan="1" colspan="1"><p>9</p></td><td rowspan="1" colspan="1"><p>33,66</p></td></tr><tr><td rowspan="1" colspan="1"><p>FCE 1.15</p></td><td rowspan="1" colspan="1"><p>3,25</p></td><td rowspan="1" colspan="1"><p>22</p></td><td rowspan="1" colspan="1"><p>71,5</p></td><td rowspan="1" colspan="1"><p>6</p></td><td rowspan="1" colspan="1"><p>19,5</p></td></tr><tr><td rowspan="1" colspan="1"><p>FCE 1.13</p></td><td rowspan="1" colspan="1"><p>2,47</p></td><td rowspan="1" colspan="1"><p>7</p></td><td rowspan="1" colspan="1"><p>17,29</p></td><td rowspan="1" colspan="1"><p>2</p></td><td rowspan="1" colspan="1"><p>4,94</p></td></tr><tr><td rowspan="1" colspan="1"><p>FCE 1.12</p></td><td rowspan="1" colspan="1"><p>1,86</p></td><td rowspan="1" colspan="1"><p>50</p></td><td rowspan="1" colspan="1"><p>93</p></td><td rowspan="1" colspan="1"><p>5</p></td><td rowspan="1" colspan="1"><p>9,3</p></td></tr><tr><td rowspan="1" colspan="1"><p>FCE 1.11</p></td><td rowspan="1" colspan="1"><p>1,48</p></td><td rowspan="1" colspan="1"><p>1</p></td><td rowspan="1" colspan="1"><p>1,48</p></td><td rowspan="1" colspan="1"><p>58</p></td><td rowspan="1" colspan="1"><p>85,84</p></td></tr><tr><td rowspan="1" colspan="1"><p>FCE 1.10</p></td><td rowspan="1" colspan="1"><p>1,27</p></td><td rowspan="1" colspan="1"><p>49</p></td><td rowspan="1" colspan="1"><p>62,23</p></td><td rowspan="1" colspan="1"><p>53</p></td><td rowspan="1" colspan="1"><p>67,31</p></td></tr><tr><td rowspan="1" colspan="1"><p>FCE 1.09</p></td><td rowspan="1" colspan="1"><p>1</p></td><td rowspan="1" colspan="1"><p>4</p></td><td rowspan="1" colspan="1"><p>4</p></td><td rowspan="1" colspan="1"><p>83</p></td><td rowspan="1" colspan="1"><p>83</p></td></tr><tr><td rowspan="1" colspan="1"><p>FCE 1.08</p></td><td rowspan="1" colspan="1"><p>0,96</p></td><td rowspan="1" colspan="1"><p>58</p></td><td rowspan="1" colspan="1"><p>55,68</p></td><td rowspan="1" colspan="1"><p>3</p></td><td rowspan="1" colspan="1"><p>2,88</p></td></tr><tr><td rowspan="1" colspan="1"><p>FCE 1.07</p></td><td rowspan="1" colspan="1"><p>0,83</p></td><td rowspan="1" colspan="1"><p>0</p></td><td rowspan="1" colspan="1"><p>0</p></td><td rowspan="1" colspan="1"><p>5</p></td><td rowspan="1" colspan="1"><p>4,15</p></td></tr><tr><td rowspan="1" colspan="1"><p>FCE 1.06</p></td><td rowspan="1" colspan="1"><p>0,7</p></td><td rowspan="1" colspan="1"><p>31</p></td><td rowspan="1" colspan="1"><p>21,7</p></td><td rowspan="1" colspan="1"><p>9</p></td><td rowspan="1" colspan="1"><p>6,3</p></td></tr><tr><td rowspan="1" colspan="1"><p>FCE 1.05</p></td><td rowspan="1" colspan="1"><p>0,6</p></td><td rowspan="1" colspan="1"><p>49</p></td><td rowspan="1" colspan="1"><p>29,4</p></td><td rowspan="1" colspan="1"><p>20</p></td><td rowspan="1" colspan="1"><p>12</p></td></tr><tr><td rowspan="1" colspan="1"><p>FCE 1.04</p></td><td rowspan="1" colspan="1"><p>0,44</p></td><td rowspan="1" colspan="1"><p>11</p></td><td rowspan="1" colspan="1"><p>4,84</p></td><td rowspan="1" colspan="1"><p>0</p></td><td rowspan="1" colspan="1"><p>0</p></td></tr><tr><td rowspan="1" colspan="1"><p>FCE 1.03</p></td><td rowspan="1" colspan="1"><p>0,37</p></td><td rowspan="1" colspan="1"><p>8</p></td><td rowspan="1" colspan="1"><p>2,96</p></td><td rowspan="1" colspan="1"><p>4</p></td><td rowspan="1" colspan="1"><p>1,48</p></td></tr><tr><td rowspan="1" colspan="1"><p>FCE 2.14</p></td><td rowspan="1" colspan="1"><p>2,78</p></td><td rowspan="1" colspan="1"><p>0</p></td><td rowspan="1" colspan="1"><p>0</p></td><td rowspan="1" colspan="1"><p>6</p></td><td rowspan="1" colspan="1"><p>16,68</p></td></tr><tr><td rowspan="1" colspan="1"><p>FCE 2.08</p></td><td rowspan="1" colspan="1"><p>0,96</p></td><td rowspan="1" colspan="1"><p>0</p></td><td rowspan="1" colspan="1"><p>0</p></td><td rowspan="1" colspan="1"><p>15</p></td><td rowspan="1" colspan="1"><p>14,4</p></td></tr><tr><td rowspan="1" colspan="1"><p>FCE 2.06</p></td><td rowspan="1" colspan="1"><p>0,7</p></td><td rowspan="1" colspan="1"><p>0</p></td><td rowspan="1" colspan="1"><p>0</p></td><td rowspan="1" colspan="1"><p>7</p></td><td rowspan="1" colspan="1"><p>4,9</p></td></tr><tr><td rowspan="1" colspan="1"><p>FCE 2.05</p></td><td rowspan="1" colspan="1"><p>0,6</p></td><td rowspan="1" colspan="1"><p>0</p></td><td rowspan="1" colspan="1"><p>0</p></td><td rowspan="1" colspan="1"><p>2</p></td><td rowspan="1" colspan="1"><p>1,2</p></td></tr><tr><td rowspan="1" colspan="1"><p>FCE 2.04</p></td><td rowspan="1" colspan="1"><p>0,44</p></td><td rowspan="1" colspan="1"><p>0</p></td><td rowspan="1" colspan="1"><p>0</p></td><td rowspan="1" colspan="1"><p>5</p></td><td rowspan="1" colspan="1"><p>2,2</p></td></tr><tr><td rowspan="1" colspan="1"><p>FCE 2.03</p></td><td rowspan="1" colspan="1"><p>0,37</p></td><td rowspan="1" colspan="1"><p>0</p></td><td rowspan="1" colspan="1"><p>0</p></td><td rowspan="1" colspan="1"><p>3</p></td><td rowspan="1" colspan="1"><p>1,11</p></td></tr><tr><td rowspan="1" colspan="2"><p>SUBTOTAL 3</p></td><td rowspan="1" colspan="1"><p>298</p></td><td rowspan="1" colspan="1"><p>394</p></td><td rowspan="1" colspan="1"><p>295</p></td><td rowspan="1" colspan="1"><p>370,85</p></td></tr><tr><td rowspan="1" colspan="2"><p>TOTAL</p></td><td rowspan="1" colspan="1"><p>318</p></td><td rowspan="1" colspan="1"><p>478,15</p></td><td rowspan="1" colspan="1"><p>322</p></td><td rowspan="1" colspan="1"><p>478,09</p></td></tr></table><p>Art. 8º Esta Resolução entra em vigor em 12 de agosto de 2025.</p><p class="assina">MAURO HENRIQUE MOREIRA SOUSA</p><p class="cargo">Diretor-Geral</p>]]></Texto>
  </body>
  <Midias />
</article></xml>