﻿<xml><article id="44736530" name="Portaria GMMPO NA 231 -2025 + an" idOficio="11191506" pubName="DO1" artType="Portaria" pubDate="01/08/2025" artClass="00040:00001:00000:00000:00000:00000:00000:00000:00000:00000:00054:00000" artCategory="Ministério do Planejamento e Orçamento/Gabinete da Ministra" artSize="24" artNotes="" numberPage="95" pdfPage="http://pesquisa.in.gov.br/imprensa/jsp/visualiza/index.jsp?data=01/08/2025&amp;jornal=515&amp;pagina=95" editionNumber="144" highlightType="" highlightPriority="" highlight="" highlightimage="" highlightimagename="" idMateria="22948881">
  <body>
    <Identifica />
    <Data><![CDATA[]]></Data>
    <Ementa />
    <Titulo />
    <SubTitulo />
    <Texto><![CDATA[<p /><p></p><table><tr><td rowspan="1" colspan="9" /><td rowspan="1" colspan="1" /></tr><tr><td rowspan="1" colspan="10"><p>ÓRGÃO: 56000 - Ministério das Cidades</p></td></tr><tr><td rowspan="1" colspan="3"><p>UNIDADE: 56101 - Ministério das Cidades - Administração Direta</p></td><td rowspan="1" colspan="7" /></tr><tr><td rowspan="1" colspan="3"><p>ANEXO II</p></td><td rowspan="1" colspan="7"><p>Crédito Suplementar</p></td></tr><tr><td rowspan="1" colspan="3"><p>PROGRAMA DE TRABALHO ( CANCELAMENTO )</p></td><td rowspan="1" colspan="7"><p>Recurso de Todas as Fontes R$ 1,00</p></td></tr><tr><td rowspan="1" colspan="1"><p>PROGRAMÁTICA</p></td><td rowspan="1" colspan="1"><p>PROGRAMA/AÇÃO/LOCALIZADOR/PRODUTO</p></td><td rowspan="1" colspan="1"><p>FUNCIONAL</p></td><td rowspan="1" colspan="1"><p>E</p><p>S</p><p>F</p></td><td rowspan="1" colspan="1"><p>G</p><p>N</p><p>D</p></td><td rowspan="1" colspan="1"><p>R</p><p>P</p></td><td rowspan="1" colspan="1"><p>M</p><p>O</p><p>D</p></td><td rowspan="1" colspan="1"><p>I</p><p>U</p></td><td rowspan="1" colspan="1"><p>F</p><p>T</p><p>E</p></td><td rowspan="1" colspan="1"><p>VALOR</p></td></tr><tr><td rowspan="1" colspan="1"><p>2319</p></td><td rowspan="1" colspan="1"><p>Mobilidade Urbana</p></td><td rowspan="1" colspan="7" /><td rowspan="1" colspan="1"><p>49.861.504</p></td></tr><tr><td rowspan="1" colspan="1" /><td rowspan="1" colspan="1"><p>Operações Especiais</p></td><td rowspan="1" colspan="1" /><td rowspan="1" colspan="1" /><td rowspan="1" colspan="1" /><td rowspan="1" colspan="1" /><td rowspan="1" colspan="1" /><td rowspan="1" colspan="1" /><td rowspan="1" colspan="1" /><td rowspan="1" colspan="1" /></tr><tr><td rowspan="1" colspan="1"><p>2319 00T1</p></td><td rowspan="1" colspan="1"><p>Apoio à Política Nacional de Desenvolvimento Urbano Voltado à Implantação e Qualificação Viária</p></td><td rowspan="1" colspan="1"><p>15 451</p></td><td rowspan="1" colspan="1" /><td rowspan="1" colspan="1" /><td rowspan="1" colspan="1" /><td rowspan="1" colspan="1" /><td rowspan="1" colspan="1" /><td rowspan="1" colspan="1" /><td rowspan="1" colspan="1"><p>49.861.504</p></td></tr><tr><td rowspan="1" colspan="1"><p>2319 00T1 0238</p></td><td rowspan="1" colspan="1"><p>Apoio à Política Nacional de Desenvolvimento Urbano Voltado à Implantação e Qualificação Viária - No Município de Boa Vista - RR</p></td><td rowspan="1" colspan="1"><p>15 451</p></td><td rowspan="1" colspan="1" /><td rowspan="1" colspan="1" /><td rowspan="1" colspan="1" /><td rowspan="1" colspan="1" /><td rowspan="1" colspan="1" /><td rowspan="1" colspan="1" /><td rowspan="1" colspan="1"><p>5.000.000</p></td></tr><tr><td rowspan="1" colspan="1" /><td rowspan="1" colspan="1" /><td rowspan="1" colspan="1" /><td rowspan="1" colspan="1"><p>F</p></td><td rowspan="1" colspan="1"><p>4-INV</p></td><td rowspan="1" colspan="1"><p>7</p></td><td rowspan="1" colspan="1"><p>40</p></td><td rowspan="1" colspan="1"><p>0</p></td><td rowspan="1" colspan="1"><p>1000</p></td><td rowspan="1" colspan="1"><p>5.000.000</p></td></tr><tr><td rowspan="1" colspan="1"><p>2319 00T1 7017</p></td><td rowspan="1" colspan="1"><p>Apoio à Política Nacional de Desenvolvimento Urbano Voltado à Implantação e Qualificação Viária - Pavimentação Asfáltica - No Município de Gurupi - TO</p></td><td rowspan="1" colspan="1"><p>15 451</p></td><td rowspan="1" colspan="1" /><td rowspan="1" colspan="1" /><td rowspan="1" colspan="1" /><td rowspan="1" colspan="1" /><td rowspan="1" colspan="1" /><td rowspan="1" colspan="1" /><td rowspan="1" colspan="1"><p>7.380.877</p></td></tr><tr><td rowspan="1" colspan="1" /><td rowspan="1" colspan="1" /><td rowspan="1" colspan="1" /><td rowspan="1" colspan="1"><p>F</p></td><td rowspan="1" colspan="1"><p>4-INV</p></td><td rowspan="1" colspan="1"><p>7</p></td><td rowspan="1" colspan="1"><p>40</p></td><td rowspan="1" colspan="1"><p>0</p></td><td rowspan="1" colspan="1"><p>1000</p></td><td rowspan="1" colspan="1"><p>7.380.877</p></td></tr><tr><td rowspan="1" colspan="1"><p>2319 00T1 7018</p></td><td rowspan="1" colspan="1"><p>Apoio à Política Nacional de Desenvolvimento Urbano Voltado à Implantação e Qualificação Viária - Pavimentação de Vias - No Município de Rio Branco - AC</p></td><td rowspan="1" colspan="1"><p>15 451</p></td><td rowspan="1" colspan="1" /><td rowspan="1" colspan="1" /><td rowspan="1" colspan="1" /><td rowspan="1" colspan="1" /><td rowspan="1" colspan="1" /><td rowspan="1" colspan="1" /><td rowspan="1" colspan="1"><p>1.080.877</p></td></tr><tr><td rowspan="1" colspan="1" /><td rowspan="1" colspan="1" /><td rowspan="1" colspan="1" /><td rowspan="1" colspan="1"><p>F</p></td><td rowspan="1" colspan="1"><p>4-INV</p></td><td rowspan="1" colspan="1"><p>7</p></td><td rowspan="1" colspan="1"><p>30</p></td><td rowspan="1" colspan="1"><p>0</p></td><td rowspan="1" colspan="1"><p>1000</p></td><td rowspan="1" colspan="1"><p>1.080.877</p></td></tr><tr><td rowspan="1" colspan="1"><p>2319 00T1 7019</p></td><td rowspan="1" colspan="1"><p>Apoio à Política Nacional de Desenvolvimento Urbano Voltado à Implantação e Qualificação Viária - Pavimentação de Vias - No Município de Sena Madureira - AC</p></td><td rowspan="1" colspan="1"><p>15 451</p></td><td rowspan="1" colspan="1" /><td rowspan="1" colspan="1" /><td rowspan="1" colspan="1" /><td rowspan="1" colspan="1" /><td rowspan="1" colspan="1" /><td rowspan="1" colspan="1" /><td rowspan="1" colspan="1"><p>800.000</p></td></tr><tr><td rowspan="1" colspan="1" /><td rowspan="1" colspan="1" /><td rowspan="1" colspan="1" /><td rowspan="1" colspan="1"><p>F</p></td><td rowspan="1" colspan="1"><p>4-INV</p></td><td rowspan="1" colspan="1"><p>7</p></td><td rowspan="1" colspan="1"><p>40</p></td><td rowspan="1" colspan="1"><p>0</p></td><td rowspan="1" colspan="1"><p>1000</p></td><td rowspan="1" colspan="1"><p>800.000</p></td></tr><tr><td rowspan="1" colspan="1"><p>2319 00T1 7022</p></td><td rowspan="1" colspan="1"><p>Apoio à Política Nacional de Desenvolvimento Urbano Voltado à Implantação e Qualificação Viária - Pavimentação Asfáltica - No Município de Araguaína - TO</p></td><td rowspan="1" colspan="1"><p>15 451</p></td><td rowspan="1" colspan="1" /><td rowspan="1" colspan="1" /><td rowspan="1" colspan="1" /><td rowspan="1" colspan="1" /><td rowspan="1" colspan="1" /><td rowspan="1" colspan="1" /><td rowspan="1" colspan="1"><p>10.000.000</p></td></tr><tr><td rowspan="1" colspan="1" /><td rowspan="1" colspan="1" /><td rowspan="1" colspan="1" /><td rowspan="1" colspan="1"><p>F</p></td><td rowspan="1" colspan="1"><p>4-INV</p></td><td rowspan="1" colspan="1"><p>7</p></td><td rowspan="1" colspan="1"><p>40</p></td><td rowspan="1" colspan="1"><p>0</p></td><td rowspan="1" colspan="1"><p>1000</p></td><td rowspan="1" colspan="1"><p>10.000.000</p></td></tr><tr><td rowspan="1" colspan="1"><p>2319 00T1 7025</p></td><td rowspan="1" colspan="1"><p>Apoio à Política Nacional de Desenvolvimento Urbano Voltado à Implantação e Qualificação Viária - Plano integrado de ação de pavimentação na Região Metropolitana de Natal - RN</p></td><td rowspan="1" colspan="1"><p>15 451</p></td><td rowspan="1" colspan="1" /><td rowspan="1" colspan="1" /><td rowspan="1" colspan="1" /><td rowspan="1" colspan="1" /><td rowspan="1" colspan="1" /><td rowspan="1" colspan="1" /><td rowspan="1" colspan="1"><p>25.599.750</p></td></tr><tr><td rowspan="1" colspan="1" /><td rowspan="1" colspan="1" /><td rowspan="1" colspan="1" /><td rowspan="1" colspan="1"><p>F</p></td><td rowspan="1" colspan="1"><p>4-INV</p></td><td rowspan="1" colspan="1"><p>7</p></td><td rowspan="1" colspan="1"><p>30</p></td><td rowspan="1" colspan="1"><p>0</p></td><td rowspan="1" colspan="1"><p>1000</p></td><td rowspan="1" colspan="1"><p>25.599.750</p></td></tr><tr><td rowspan="1" colspan="1"><p>2320</p></td><td rowspan="1" colspan="1"><p>Moradia Digna</p></td><td rowspan="1" colspan="7" /><td rowspan="1" colspan="1"><p>25.219.123</p></td></tr><tr><td rowspan="1" colspan="1" /><td rowspan="1" colspan="1"><p>Operações Especiais</p></td><td rowspan="1" colspan="1" /><td rowspan="1" colspan="1" /><td rowspan="1" colspan="1" /><td rowspan="1" colspan="1" /><td rowspan="1" colspan="1" /><td rowspan="1" colspan="1" /><td rowspan="1" colspan="1" /><td rowspan="1" colspan="1" /></tr><tr><td rowspan="1" colspan="1"><p>2320 00CW</p></td><td rowspan="1" colspan="1"><p>Subvenção econômica destinada à ampliação do acesso ao financiamento habitacional</p></td><td rowspan="1" colspan="1"><p>28 846</p></td><td rowspan="1" colspan="1" /><td rowspan="1" colspan="1" /><td rowspan="1" colspan="1" /><td rowspan="1" colspan="1" /><td rowspan="1" colspan="1" /><td rowspan="1" colspan="1" /><td rowspan="1" colspan="1"><p>25.219.123</p></td></tr><tr><td rowspan="1" colspan="1"><p>2320 00CW 0028</p></td><td rowspan="1" colspan="1"><p>Subvenção econômica destinada à ampliação do acesso ao financiamento habitacional - No Estado de Sergipe</p></td><td rowspan="1" colspan="1"><p>28 846</p></td><td rowspan="1" colspan="1" /><td rowspan="1" colspan="1" /><td rowspan="1" colspan="1" /><td rowspan="1" colspan="1" /><td rowspan="1" colspan="1" /><td rowspan="1" colspan="1" /><td rowspan="1" colspan="1"><p>20.219.123</p></td></tr><tr><td rowspan="1" colspan="1" /><td rowspan="1" colspan="1" /><td rowspan="1" colspan="1" /><td rowspan="1" colspan="1"><p>F</p></td><td rowspan="1" colspan="1"><p>3-ODC</p></td><td rowspan="1" colspan="1"><p>7</p></td><td rowspan="1" colspan="1"><p>90</p></td><td rowspan="1" colspan="1"><p>0</p></td><td rowspan="1" colspan="1"><p>1000</p></td><td rowspan="1" colspan="1"><p>20.219.123</p></td></tr><tr><td rowspan="1" colspan="1"><p>2320 00CW 0042</p></td><td rowspan="1" colspan="1"><p>Subvenção econômica destinada à ampliação do acesso ao financiamento habitacional - No Estado de Santa Catarina</p></td><td rowspan="1" colspan="1"><p>28 846</p></td><td rowspan="1" colspan="1" /><td rowspan="1" colspan="1" /><td rowspan="1" colspan="1" /><td rowspan="1" colspan="1" /><td rowspan="1" colspan="1" /><td rowspan="1" colspan="1" /><td rowspan="1" colspan="1"><p>5.000.000</p></td></tr><tr><td rowspan="1" colspan="1" /><td rowspan="1" colspan="1" /><td rowspan="1" colspan="1" /><td rowspan="1" colspan="1"><p>F</p></td><td rowspan="1" colspan="1"><p>3-ODC</p></td><td rowspan="1" colspan="1"><p>7</p></td><td rowspan="1" colspan="1"><p>90</p></td><td rowspan="1" colspan="1"><p>0</p></td><td rowspan="1" colspan="1"><p>1000</p></td><td rowspan="1" colspan="1"><p>5.000.000</p></td></tr><tr><td rowspan="1" colspan="1"><p>2322</p></td><td rowspan="1" colspan="1"><p>Saneamento Básico</p></td><td rowspan="1" colspan="7" /><td rowspan="1" colspan="1"><p>13.424.861</p></td></tr><tr><td rowspan="1" colspan="1" /><td rowspan="1" colspan="1"><p>Projetos</p></td><td rowspan="1" colspan="1" /><td rowspan="1" colspan="1" /><td rowspan="1" colspan="1" /><td rowspan="1" colspan="1" /><td rowspan="1" colspan="1" /><td rowspan="1" colspan="1" /><td rowspan="1" colspan="1" /><td rowspan="1" colspan="1" /></tr><tr><td rowspan="1" colspan="1"><p>2322 7Y06</p></td><td rowspan="1" colspan="1"><p>Reconstrução e Reabilitação de Sistema de Drenagem</p></td><td rowspan="1" colspan="1"><p>17 512</p></td><td rowspan="1" colspan="1" /><td rowspan="1" colspan="1" /><td rowspan="1" colspan="1" /><td rowspan="1" colspan="1" /><td rowspan="1" colspan="1" /><td rowspan="1" colspan="1" /><td rowspan="1" colspan="1"><p>13.424.861</p></td></tr><tr><td rowspan="1" colspan="1"><p>2322 7Y06 7000</p></td><td rowspan="1" colspan="1"><p>Reconstrução e Reabilitação de Sistema de Drenagem - Região Metropolitana de Goiânia - GO</p></td><td rowspan="1" colspan="1"><p>17 512</p></td><td rowspan="1" colspan="1" /><td rowspan="1" colspan="1" /><td rowspan="1" colspan="1" /><td rowspan="1" colspan="1" /><td rowspan="1" colspan="1" /><td rowspan="1" colspan="1" /><td rowspan="1" colspan="1"><p>13.424.861</p></td></tr><tr><td rowspan="1" colspan="1" /><td rowspan="1" colspan="1" /><td rowspan="1" colspan="1" /><td rowspan="1" colspan="1"><p>F</p></td><td rowspan="1" colspan="1"><p>4-INV</p></td><td rowspan="1" colspan="1"><p>7</p></td><td rowspan="1" colspan="1"><p>90</p></td><td rowspan="1" colspan="1"><p>0</p></td><td rowspan="1" colspan="1"><p>1000</p></td><td rowspan="1" colspan="1"><p>13.424.861</p></td></tr><tr><td rowspan="1" colspan="1"><p>5601</p></td><td rowspan="1" colspan="1"><p>Cidades Melhores</p></td><td rowspan="1" colspan="7" /><td rowspan="1" colspan="1"><p>11.162.696</p></td></tr><tr><td rowspan="1" colspan="1" /><td rowspan="1" colspan="1"><p>Operações Especiais</p></td><td rowspan="1" colspan="1" /><td rowspan="1" colspan="1" /><td rowspan="1" colspan="1" /><td rowspan="1" colspan="1" /><td rowspan="1" colspan="1" /><td rowspan="1" colspan="1" /><td rowspan="1" colspan="1" /><td rowspan="1" colspan="1" /></tr><tr><td rowspan="1" colspan="1"><p>5601 00SY</p></td><td rowspan="1" colspan="1"><p>Apoio a Projetos e Obras de Reabilitação, de Acessibilidade e Modernização Tecnológica em Áreas Urbanas</p></td><td rowspan="1" colspan="1"><p>15 451</p></td><td rowspan="1" colspan="1" /><td rowspan="1" colspan="1" /><td rowspan="1" colspan="1" /><td rowspan="1" colspan="1" /><td rowspan="1" colspan="1" /><td rowspan="1" colspan="1" /><td rowspan="1" colspan="1"><p>11.162.696</p></td></tr><tr><td rowspan="1" colspan="1"><p>5601 00SY 7004</p></td><td rowspan="1" colspan="1"><p>Apoio a Projetos e Obras de Reabilitação, de Acessibilidade e Modernização Tecnológica em Áreas Urbanas - Aquisição de Equipamentos e/ou Material Permanente - Na Região Metropolitana de Palmas - TO</p></td><td rowspan="1" colspan="1"><p>15 451</p></td><td rowspan="1" colspan="1" /><td rowspan="1" colspan="1" /><td rowspan="1" colspan="1" /><td rowspan="1" colspan="1" /><td rowspan="1" colspan="1" /><td rowspan="1" colspan="1" /><td rowspan="1" colspan="1"><p>6.162.696</p></td></tr><tr><td rowspan="1" colspan="1" /><td rowspan="1" colspan="1" /><td rowspan="1" colspan="1" /><td rowspan="1" colspan="1"><p>F</p></td><td rowspan="1" colspan="1"><p>4-INV</p></td><td rowspan="1" colspan="1"><p>7</p></td><td rowspan="1" colspan="1"><p>90</p></td><td rowspan="1" colspan="1"><p>0</p></td><td rowspan="1" colspan="1"><p>1000</p></td><td rowspan="1" colspan="1"><p>6.162.696</p></td></tr><tr><td rowspan="1" colspan="1"><p>5601 00SY 7006</p></td><td rowspan="1" colspan="1"><p>Apoio a Projetos e Obras de Reabilitação, de Acessibilidade e Modernização Tecnológica em Áreas Urbanas - Plano integrado de ações na Região Metropolitana de Aracaju - SE</p></td><td rowspan="1" colspan="1"><p>15 451</p></td><td rowspan="1" colspan="1" /><td rowspan="1" colspan="1" /><td rowspan="1" colspan="1" /><td rowspan="1" colspan="1" /><td rowspan="1" colspan="1" /><td rowspan="1" colspan="1" /><td rowspan="1" colspan="1"><p>5.000.000</p></td></tr><tr><td rowspan="1" colspan="1" /><td rowspan="1" colspan="1" /><td rowspan="1" colspan="1" /><td rowspan="1" colspan="1"><p>F</p></td><td rowspan="1" colspan="1"><p>4-INV</p></td><td rowspan="1" colspan="1"><p>7</p></td><td rowspan="1" colspan="1"><p>40</p></td><td rowspan="1" colspan="1"><p>0</p></td><td rowspan="1" colspan="1"><p>1000</p></td><td rowspan="1" colspan="1"><p>5.000.000</p></td></tr><tr><td rowspan="1" colspan="9"><p>TOTAL - FISCAL</p></td><td rowspan="1" colspan="1"><p>99.668.184</p></td></tr><tr><td rowspan="1" colspan="9"><p>TOTAL - SEGURIDADE</p></td><td rowspan="1" colspan="1"><p>0</p></td></tr><tr><td rowspan="1" colspan="9"><p>TOTAL - GERAL</p></td><td rowspan="1" colspan="1"><p>99.668.184</p></td></tr><tr><td rowspan="1" colspan="9" /><td rowspan="1" colspan="1" /></tr><tr><td rowspan="1" colspan="10"><p>ÓRGÃO: 56000 - Ministério das Cidades</p></td></tr><tr><td rowspan="1" colspan="3"><p>UNIDADE: 56902 - Fundo Nacional de Habitação de Interesse Social - FNHIS</p></td><td rowspan="1" colspan="7" /></tr><tr><td rowspan="1" colspan="3"><p>ANEXO II</p></td><td rowspan="1" colspan="7"><p>Crédito Suplementar</p></td></tr><tr><td rowspan="1" colspan="3"><p>PROGRAMA DE TRABALHO ( CANCELAMENTO )</p></td><td rowspan="1" colspan="7"><p>Recurso de Todas as Fontes R$ 1,00</p></td></tr><tr><td rowspan="1" colspan="1"><p>PROGRAMÁTICA</p></td><td rowspan="1" colspan="1"><p>PROGRAMA/AÇÃO/LOCALIZADOR/PRODUTO</p></td><td rowspan="1" colspan="1"><p>FUNCIONAL</p></td><td rowspan="1" colspan="1"><p>E</p><p>S</p><p>F</p></td><td rowspan="1" colspan="1"><p>G</p><p>N</p><p>D</p></td><td rowspan="1" colspan="1"><p>R</p><p>P</p></td><td rowspan="1" colspan="1"><p>M</p><p>O</p><p>D</p></td><td rowspan="1" colspan="1"><p>I</p><p>U</p></td><td rowspan="1" colspan="1"><p>F</p><p>T</p><p>E</p></td><td rowspan="1" colspan="1"><p>VALOR</p></td></tr><tr><td rowspan="1" colspan="1"><p>2320</p></td><td rowspan="1" colspan="1"><p>Moradia Digna</p></td><td rowspan="1" colspan="7" /><td rowspan="1" colspan="1"><p>44.074.138</p></td></tr><tr><td rowspan="1" colspan="1" /><td rowspan="1" colspan="1"><p>Operações Especiais</p></td><td rowspan="1" colspan="1" /><td rowspan="1" colspan="1" /><td rowspan="1" colspan="1" /><td rowspan="1" colspan="1" /><td rowspan="1" colspan="1" /><td rowspan="1" colspan="1" /><td rowspan="1" colspan="1" /><td rowspan="1" colspan="1" /></tr><tr><td rowspan="1" colspan="1"><p>2320 00TI</p></td><td rowspan="1" colspan="1"><p>Apoio à produção habitacional de interesse social</p></td><td rowspan="1" colspan="1"><p>16 482</p></td><td rowspan="1" colspan="1" /><td rowspan="1" colspan="1" /><td rowspan="1" colspan="1" /><td rowspan="1" colspan="1" /><td rowspan="1" colspan="1" /><td rowspan="1" colspan="1" /><td rowspan="1" colspan="1"><p>44.074.138</p></td></tr><tr><td rowspan="1" colspan="1"><p>2320 00TI 0027</p></td><td rowspan="1" colspan="1"><p>Apoio à produção habitacional de interesse social - No Estado de Alagoas</p></td><td rowspan="1" colspan="1"><p>16 482</p></td><td rowspan="1" colspan="1" /><td rowspan="1" colspan="1" /><td rowspan="1" colspan="1" /><td rowspan="1" colspan="1" /><td rowspan="1" colspan="1" /><td rowspan="1" colspan="1" /><td rowspan="1" colspan="1"><p>44.074.138</p></td></tr><tr><td rowspan="1" colspan="1" /><td rowspan="1" colspan="1" /><td rowspan="1" colspan="1" /><td rowspan="1" colspan="1"><p>F</p></td><td rowspan="1" colspan="1"><p>4-INV</p></td><td rowspan="1" colspan="1"><p>7</p></td><td rowspan="1" colspan="1"><p>30</p></td><td rowspan="1" colspan="1"><p>0</p></td><td rowspan="1" colspan="1"><p>1000</p></td><td rowspan="1" colspan="1"><p>44.074.138</p></td></tr><tr><td rowspan="1" colspan="9"><p>TOTAL - FISCAL</p></td><td rowspan="1" colspan="1"><p>44.074.138</p></td></tr><tr><td rowspan="1" colspan="9"><p>TOTAL - SEGURIDADE</p></td><td rowspan="1" colspan="1"><p>0</p></td></tr><tr><td rowspan="1" colspan="9"><p>TOTAL - GERAL</p></td><td rowspan="1" colspan="1"><p>44.074.138</p></td></tr></table>]]></Texto>
  </body>
  <Midias />
</article></xml>