﻿<xml><article id="44732150" name="resolucao_2896_2025 COAFE_005" idOficio="11191160" pubName="DO1" artType="Resolução" pubDate="01/08/2025" artClass="00047:00048:00016:00006:00002:00000:00000:00000:00000:00000:00064:32896" artCategory="Ministério da Saúde/Agência Nacional de Vigilância Sanitária/4ª Diretoria/Gerência-Geral de Inspeção e Fiscalização Sanitária/Coordenação de Autorização de Funcionamento de Empresas" artSize="12" artNotes="" numberPage="182" pdfPage="http://pesquisa.in.gov.br/imprensa/jsp/visualiza/index.jsp?data=01/08/2025&amp;jornal=515&amp;pagina=182" editionNumber="144" highlightType="" highlightPriority="" highlight="" highlightimage="" highlightimagename="" idMateria="22948397">
  <body>
    <Identifica />
    <Data><![CDATA[]]></Data>
    <Ementa />
    <Titulo />
    <SubTitulo />
    <Texto><![CDATA[<p>ARMAZENAR: PRODUTOS PARA SAÚDE (DISPOSITIVOS MÉDICOS)</p><p>DISTRIBUIR: PRODUTOS PARA SAÚDE (DISPOSITIVOS MÉDICOS)</p><p>EXPEDIR: PRODUTOS PARA SAÚDE (DISPOSITIVOS MÉDICOS)</p><p>856 - AFE - CONCESSÃO - PRODUTOS PARA SAÚDE - DISTRIBUIR / 0900281251</p><p>--------------------------------------</p><p>TRUST MEDICAL COMERCIO E SERVICOS DE PRODUTOS PARA SAUDE LTDA / 59.774.373/0001-62</p><p>25351.117381/2025-72 / 8321240</p><p>ARMAZENAR: PRODUTOS PARA SAÚDE (DISPOSITIVOS MÉDICOS)</p><p>DISTRIBUIR: PRODUTOS PARA SAÚDE (DISPOSITIVOS MÉDICOS)</p><p>EXPEDIR: PRODUTOS PARA SAÚDE (DISPOSITIVOS MÉDICOS)</p><p>856 - AFE - CONCESSÃO - PRODUTOS PARA SAÚDE - DISTRIBUIR / 0909485259</p><p>--------------------------------------</p><p>SUDOESTE HOSPITALAR DISTRIBUIDORA DE PRODUTOS E SERVICOS LTDA / 59.998.794/0001-77</p><p>25351.118145/2025-73 / 1410629</p><p>ARMAZENAR: MEDICAMENTO</p><p>DISTRIBUIR: MEDICAMENTO</p><p>EXPEDIR: MEDICAMENTO</p><p>702 - AFE - CONCESSÃO - MEDICAMENTOS E INSUMOS FARMACÊUTICOS - DISTRIBUIR (SOMENTE MATRIZ) / 0913636258</p><p>--------------------------------------</p><p>JCR MEDICAMENTOS LTDA / 40.924.640/0004-55</p><p>25351.131591/2025-73 / 5201751</p><p>COMÉRCIO</p><p>DISPENSAÇÃO DE MEDICAMENTOS CONTENDO SUBSTÂNCIAS SUJEITAS AO CONTROLE ESPECIAL</p><p>DISPENSAÇÃO DE MEDICAMENTOS NÃO SUJEITOS AO CONTROLE ESPECIAL</p><p>PRESTAÇÃO DE SERVIÇOS FARMACÊUTICOS</p><p>733 - AFE - CONCESSÃO - FARMÁCIAS E DROGARIAS / 0986738255</p><p>--------------------------------------</p><p>ECO SYSTEM SERVICOS INTEGRADOS LTDA / 58.454.588/0001-33</p><p>25351.113806/2025-74 / 3143967</p><p>ARMAZENAR: SANEANTE DOMIS.</p><p>DISTRIBUIR: SANEANTE DOMIS.</p><p>EXPEDIR: SANEANTE DOMIS.</p><p>740 - AFE - CONCESSÃO - SANEANTES - DISTRIBUIR (SOMENTE MATRIZ) / 0889011257</p><p>--------------------------------------</p><p>CONCEICAO MARIA SILVA MURICY / 34.887.035/0002-97</p><p>25351.132147/2025-75 / 5201995</p><p>COMÉRCIO</p><p>DISPENSAÇÃO DE MEDICAMENTOS CONTENDO SUBSTÂNCIAS SUJEITAS AO CONTROLE ESPECIAL</p><p>DISPENSAÇÃO DE MEDICAMENTOS NÃO SUJEITOS AO CONTROLE ESPECIAL</p><p>733 - AFE - CONCESSÃO - FARMÁCIAS E DROGARIAS / 0989260259</p><p>--------------------------------------</p><p>DROGARIA MEDIFARMA DO GUARUJA LTDA / 58.175.466/0001-08</p><p>25351.121462/2025-77 / 5202115</p><p>COMÉRCIO</p><p>DISPENSAÇÃO DE MEDICAMENTOS CONTENDO SUBSTÂNCIAS SUJEITAS AO CONTROLE ESPECIAL</p><p>DISPENSAÇÃO DE MEDICAMENTOS NÃO SUJEITOS AO CONTROLE ESPECIAL</p><p>PRESTAÇÃO DE SERVIÇOS FARMACÊUTICOS</p><p>733 - AFE - CONCESSÃO - FARMÁCIAS E DROGARIAS / 0928388255</p><p>--------------------------------------</p><p>DROGARIA LEITE ANGELO / 60.285.389/0001-90</p><p>25351.096093/2025-77 / 5201717</p><p>COMÉRCIO</p><p>DISPENSAÇÃO DE MEDICAMENTOS CONTENDO SUBSTÂNCIAS SUJEITAS AO CONTROLE ESPECIAL</p><p>DISPENSAÇÃO DE MEDICAMENTOS NÃO SUJEITOS AO CONTROLE ESPECIAL</p><p>PRESTAÇÃO DE SERVIÇOS FARMACÊUTICOS</p><p>733 - AFE - CONCESSÃO - FARMÁCIAS E DROGARIAS / 0778230252</p><p>--------------------------------------</p><p>LIKAPE COMERCIAL LTDA / 56.878.414/0001-72</p><p>25351.114091/2025-77 / 8320946</p><p>ARMAZENAR: PRODUTOS PARA SAÚDE (DISPOSITIVOS MÉDICOS)</p><p>DISTRIBUIR: PRODUTOS PARA SAÚDE (DISPOSITIVOS MÉDICOS)</p><p>EXPEDIR: PRODUTOS PARA SAÚDE (DISPOSITIVOS MÉDICOS)</p><p>856 - AFE - CONCESSÃO - PRODUTOS PARA SAÚDE - DISTRIBUIR / 0891454250</p><p>--------------------------------------</p><p>DROGARIA IMPACTO DA VILA LTDA / 55.411.408/0001-48</p><p>25351.120571/2025-77 / 5201630</p><p>COMÉRCIO</p><p>DISPENSAÇÃO DE MEDICAMENTOS CONTENDO SUBSTÂNCIAS SUJEITAS AO CONTROLE ESPECIAL</p><p>DISPENSAÇÃO DE MEDICAMENTOS NÃO SUJEITOS AO CONTROLE ESPECIAL</p><p>PRESTAÇÃO DE SERVIÇOS FARMACÊUTICOS</p><p>733 - AFE - CONCESSÃO - FARMÁCIAS E DROGARIAS / 0924628251</p><p>--------------------------------------</p><p>AMELIA DE BARROS TUPINIQUIM BINA LTDA / 55.164.204/0001-50</p><p>25351.131511/2025-80 / 5201721</p><p>COMÉRCIO</p><p>DISPENSAÇÃO DE MEDICAMENTOS CONTENDO SUBSTÂNCIAS SUJEITAS AO CONTROLE ESPECIAL</p><p>DISPENSAÇÃO DE MEDICAMENTOS NÃO SUJEITOS AO CONTROLE ESPECIAL</p><p>PRESTAÇÃO DE SERVIÇOS FARMACÊUTICOS</p><p>733 - AFE - CONCESSÃO - FARMÁCIAS E DROGARIAS / 0986612251</p><p>--------------------------------------</p><p>SS MEDICAMENTAL PHARMA LTDA / 04.916.468/0001-81</p><p>25351.091463/2025-80 / 8322947</p><p>DISTRIBUIR: PRODUTOS PARA SAÚDE (DISPOSITIVOS MÉDICOS)</p><p>856 - AFE - CONCESSÃO - PRODUTOS PARA SAÚDE - DISTRIBUIR / 0749067250</p><p>--------------------------------------</p><p>L K HOSPITALAR LTDA / 61.219.262/0001-36</p><p>25351.117580/2025-81 / 1411959</p><p>ARMAZENAR: MEDICAMENTO</p><p>DISTRIBUIR: MEDICAMENTO</p><p>EXPEDIR: MEDICAMENTO</p><p>702 - AFE - CONCESSÃO - MEDICAMENTOS E INSUMOS FARMACÊUTICOS - DISTRIBUIR (SOMENTE MATRIZ) / 0910398259</p><p>--------------------------------------</p><p>BEAUTY COMERCIO DE PRODUTOS PARA SAUDE LTDA / 49.256.714/0001-54</p><p>25351.113843/2025-82 / 2110167</p><p>ARMAZENAR: COSMÉTICOS / PERFUMES / PRODUTOS DE HIGIENE</p><p>DISTRIBUIR: COSMÉTICOS / PERFUMES / PRODUTOS DE HIGIENE</p><p>EXPEDIR: COSMÉTICOS / PERFUMES / PRODUTOS DE HIGIENE</p><p>723 - AFE - CONCESSÃO - COSMÉTICOS, PERFUMES E PRODUTOS DE HIGIENE - DISTRIBUIR (SOMENTE MATRIZ) / 0889085251</p><p>--------------------------------------</p><p>MEDMAISVALE LTDA / 58.176.877/0001-18</p><p>25351.117164/2025-82 / 1411914</p><p>ARMAZENAR: MEDICAMENTO</p><p>DISTRIBUIR: MEDICAMENTO</p><p>EXPEDIR: MEDICAMENTO</p><p>702 - AFE - CONCESSÃO - MEDICAMENTOS E INSUMOS FARMACÊUTICOS - DISTRIBUIR (SOMENTE MATRIZ) / 0908650256</p><p>--------------------------------------</p><p>GALINDO PHARMACY LTDA / 61.793.850/0001-89</p><p>25351.132201/2025-82 / 5202072</p><p>COMÉRCIO</p><p>DISPENSAÇÃO DE MEDICAMENTOS CONTENDO SUBSTÂNCIAS SUJEITAS AO CONTROLE ESPECIAL</p><p>DISPENSAÇÃO DE MEDICAMENTOS NÃO SUJEITOS AO CONTROLE ESPECIAL</p><p>PRESTAÇÃO DE SERVIÇOS FARMACÊUTICOS</p><p>733 - AFE - CONCESSÃO - FARMÁCIAS E DROGARIAS / 0989773256</p><p>--------------------------------------</p><p>JIREH MATERIAL CIRURGICO E DENTAL LTDA / 60.572.024/0001-47</p><p>25351.113716/2025-83 / 8320929</p><p>ARMAZENAR: PRODUTOS PARA SAÚDE (DISPOSITIVOS MÉDICOS)</p><p>DISTRIBUIR: PRODUTOS PARA SAÚDE (DISPOSITIVOS MÉDICOS)</p><p>EXPEDIR: PRODUTOS PARA SAÚDE (DISPOSITIVOS MÉDICOS)</p><p>856 - AFE - CONCESSÃO - PRODUTOS PARA SAÚDE - DISTRIBUIR / 0888831251</p><p>--------------------------------------</p><p>DENTAL OTIMA LTDA / 59.243.026/0001-03</p><p>25351.118270/2025-83 / 2111300</p><p>ARMAZENAR: COSMÉTICOS / PERFUMES / PRODUTOS DE HIGIENE</p><p>DISTRIBUIR: COSMÉTICOS / PERFUMES / PRODUTOS DE HIGIENE</p><p>EXPEDIR: COSMÉTICOS / PERFUMES / PRODUTOS DE HIGIENE</p><p>723 - AFE - CONCESSÃO - COSMÉTICOS, PERFUMES E PRODUTOS DE HIGIENE - DISTRIBUIR (SOMENTE MATRIZ) / 0914047256</p><p>--------------------------------------</p><p>BRASILPORT TRANSPORTES URGENTES LTDA / 49.588.962/0001-00</p><p>25351.113635/2025-83 / 8322891</p><p>TRANSPORTAR: PRODUTOS PARA SAÚDE (DISPOSITIVOS MÉDICOS)</p><p>862 - AFE - CONCESSÃO - PRODUTOS PARA SAÚDE - TRANSPORTAR / 0888628251</p><p>--------------------------------------</p><p>PHARMA SILVA E LIMA LTDA / 57.690.028/0001-15</p><p>25351.061732/2025-83 / 5201674</p><p>COMÉRCIO</p><p>DISPENSAÇÃO DE MEDICAMENTOS CONTENDO SUBSTÂNCIAS SUJEITAS AO CONTROLE ESPECIAL</p><p>DISPENSAÇÃO DE MEDICAMENTOS NÃO SUJEITOS AO CONTROLE ESPECIAL</p><p>PRESTAÇÃO DE SERVIÇOS FARMACÊUTICOS</p><p>733 - AFE - CONCESSÃO - FARMÁCIAS E DROGARIAS / 0544981251</p><p>--------------------------------------</p><p>DROGARIA FARMAVIDA DE RANCHARIA LTDA - ME / 04.617.522/0001-98</p><p>25351.122418/2025-84 / 5201887</p><p>COMÉRCIO: ALIMENTOS PERMITIDOS / COSMÉTICOS / PERFUMES / PRODUTOS DE HIGIENE / PRODUTOS PARA SAÚDE (DISPOSITIVOS MÉDICOS)</p><p>DISPENSAÇÃO DE MEDICAMENTOS NÃO SUJEITOS AO CONTROLE ESPECIAL</p><p>DISPENSAÇÃO DE PLANTAS MEDICINAIS</p><p>PRESTAÇÃO DE SERVIÇOS FARMACÊUTICOS</p><p>733 - AFE - CONCESSÃO - FARMÁCIAS E DROGARIAS / 0933303254</p><p>--------------------------------------</p><p>farmacia popular preco bom ltda / 46.234.044/0001-87</p><p>25351.123443/2025-85 / 5202024</p><p>COMÉRCIO</p><p>DISPENSAÇÃO DE MEDICAMENTOS CONTENDO SUBSTÂNCIAS SUJEITAS AO CONTROLE ESPECIAL</p><p>DISPENSAÇÃO DE MEDICAMENTOS NÃO SUJEITOS AO CONTROLE ESPECIAL</p><p>PRESTAÇÃO DE SERVIÇOS FARMACÊUTICOS</p><p>733 - AFE - CONCESSÃO - FARMÁCIAS E DROGARIAS / 0938146254</p><p>--------------------------------------</p><p>DROGARIAS FARMACEDO LTDA / 30.185.970/0001-70</p><p>25351.131769/2025-86 / 5201811</p><p>COMÉRCIO</p><p>DISPENSAÇÃO DE MEDICAMENTOS CONTENDO SUBSTÂNCIAS SUJEITAS AO CONTROLE ESPECIAL</p><p>DISPENSAÇÃO DE MEDICAMENTOS NÃO SUJEITOS AO CONTROLE ESPECIAL</p><p>733 - AFE - CONCESSÃO - FARMÁCIAS E DROGARIAS / 0987716255</p><p>--------------------------------------</p><p>TRANS FL-TRANSPORTES E LOGISTICA DE CARGAS LTDA ME / 06.226.226/0001-91</p><p>25351.118168/2025-88 / 3144763</p><p>ARMAZENAR: SANEANTE DOMIS.</p><p>EXPEDIR: SANEANTE DOMIS.</p>]]></Texto>
  </body>
  <Midias />
</article></xml>