﻿<xml><article id="44745513" name="2025-08-01/11191591/ANMWS_229490" idOficio="11191591" pubName="DO1" artType="Despacho" pubDate="04/08/2025" artClass="00035:00044:00027:00000:00000:00000:00000:00000:00000:00000:00024:00113" artCategory="Ministério de Minas e Energia/Agência Nacional de Mineração/Gerência da ANM no Estado de São Paulo" artSize="12" artNotes="" numberPage="55" pdfPage="http://pesquisa.in.gov.br/imprensa/jsp/visualiza/index.jsp?data=04/08/2025&amp;jornal=515&amp;pagina=55" editionNumber="145" highlightType="" highlightPriority="" highlight="" highlightimage="" highlightimagename="" idMateria="22949007">
  <body>
    <Identifica><![CDATA[Despacho]]></Identifica>
    <Data><![CDATA[]]></Data>
    <Ementa />
    <Titulo />
    <SubTitulo />
    <Texto><![CDATA[<p class="identifica">Despacho</p><p>Relação nº 113/2025</p><p>Fase de Requerimento de Licenciamento</p><p>O GERENTE REGIONAL DA AGÊNCIA NACIONAL DE MINERAÇÃO, no uso da competência delegada de que trata o Art. 1°, IV da Portaria ANM nº 1.712, de 08 de novembro de 2024, publicada no Diário Oficial da União de 12/11/2024, outorga o(s) seguinte(s) Registro(s) de Licença com vigência a partir da data de publicação:(730)</p><p>Registro de Licença n°: 595/2025 - GERÊNCIA REGIONAL/SP - Processo nº: 820.319/2022 - Titular: AGROPECUARIA NOVA EUROPA S/A - Vencimento: 27/05/2030 - Substância(s): BASALTO - Município(s): NOVA EUROPA/SP</p><p>Registro de Licença n°: 600/2025 - GERÊNCIA REGIONAL/SP - Processo nº: 820.165/2017 - Titular: MAURICIO BRAMBILLA FILHO LTDA - Vencimento: 07/03/2030 - Substância(s): AREIA - Município(s): ITAPURA/SP</p><p class="assina">MARCUS VINICIUS DE OLIVEIRA</p>]]></Texto>
  </body>
  <Midias />
</article></xml>