﻿<xml><article id="44730589" name="ATO DECISAO COREN-GO NA 1658 DE " idOficio="11177920" pubName="DO1" artType="Decisão" pubDate="01/08/2025" artClass="00071:00248:00000:00000:00000:00000:00000:00000:00000:00000:00018:00000" artCategory="Entidades de Fiscalização do Exercício das Profissões Liberais/Conselho Regional de Enfermagem de Goiás" artSize="12" artNotes="OK" numberPage="196" pdfPage="http://pesquisa.in.gov.br/imprensa/jsp/visualiza/index.jsp?data=01/08/2025&amp;jornal=515&amp;pagina=196" editionNumber="144" highlightType="" highlightPriority="" highlight="" highlightimage="" highlightimagename="" idMateria="22925958">
  <body>
    <Identifica><![CDATA[ DECISÃO COREN-GO Nº 1.658, de 8 de JULHO DE 2025]]></Identifica>
    <Data><![CDATA[]]></Data>
    <Ementa><![CDATA[  Dispõe sobre a aprovação da 2ª Reformulação Orçamentária para o exercício financeiro de 2025 e dá outras providências.]]></Ementa>
    <Titulo />
    <SubTitulo />
    <Texto><![CDATA[<p class="identifica">DECISÃO COREN-GO Nº 1.658, de 8 de JULHO DE 2025</p><p class="ementa">Dispõe sobre a aprovação da 2ª Reformulação Orçamentária para o exercício financeiro de 2025 e dá outras providências.</p><p>A presidente do Conselho Regional de Enfermagem de Goiás no uso de suas atribuições legais e regimentais e;</p><p>Considerando, a necessidade de reajustar as dotações que se apresentam insuficientes no Orçamento do exercício de 2025;</p><p>Considerando, o artigo 43 da Lei n. 4320/1964, onde pondera a utilização de recursos provenientes de superávit financeiro comprovado no Balanço do exercício anterior, tendência de excesso de arrecadação, produto de operação de crédito, bem como por anulação parcial de dotações orçamentárias.</p><p>Considerando,o que dispõe a Lei nº 4.320/64, de 17 de março de 1964, nos seus artigos nº 40 a 46;</p><p>Considerando, ainda, o constante dos demonstrativos anexos que apresentam a situação do Orçamento em razão da execução orçamentária no decorrer do exercício;</p><p>Considerando a deliberação do plenário em sua 779ª Reunião Ordinária de Plenário realizada no dia 08 de julho de 2025, decide:</p><p>Art. 1º - Aprovar a 2ª Reformulação Orçamentária de 2025, elaborada pela Assessoria Contábil e apresentada pela Controladoria Interna do Conselho Regional de Enfermagem de Goiás ao Plenário.</p><p>Art. 2º - A reformulação tem como origem de recurso o crédito adicional correspondente ao superávit financeiro dos exercícios anteriores, no qual o valor proposto a ser utilizado é de R$ 3.417.000,00 (três milhões, quatrocentos e dezessete mil reais).</p><p>Art. 3º - Em face da Reformulação com utilização do superávit, o Regional propõe alteração que majora o valor global do orçamento de R$ 26.813.320,00 (vinte e seis milhões, oitocentos e treze mil, trezentos e vinte reais) para R$ 30.230.320,00 (trinta milhões, duzentos e trinta mil, trezentos e vinte reais).</p><p>Art. 4º - O Regional propõe ainda a reformulação na conta salário (6.2.2.1.1.01.31.90.011.001), utilizando para tanto, a conta de capital (Reserva de Contingência) no valor de R$ 700.000,00 (setecentos mil reais), na qual não altera o valor global do orçamento.</p><p>Art. 5º Esta decisão entra em vigor após homologação do Conselho Federal de Enfermagem - Cofen.</p><p class="assina">Thais Luane Pereira de Almeida Prado</p><p class="cargo">Presidente do Conselho</p><p class="assina">Weverton Teodoro de Jesus</p><p class="cargo">Secretário</p><p class="assina">Limênia Fernandes Ribeiro de Souza</p><p class="cargo">Tesoureira</p>]]></Texto>
  </body>
  <Midias />
</article></xml>