﻿<xml><article id="44735843" name="Portaria FP 31 07 2025 Descreden" idOficio="11191432" pubName="DO1" artType="Despacho" pubDate="01/08/2025" artClass="00047:00039:00000:00000:00000:00000:00000:00000:00000:00000:00024:00000" artCategory="Ministério da Saúde/Secretaria de Ciência, Tecnologia e Inovação e do Complexo Econômico-Industrial da Saúde" artSize="24" artNotes="" numberPage="149" pdfPage="http://pesquisa.in.gov.br/imprensa/jsp/visualiza/index.jsp?data=01/08/2025&amp;jornal=515&amp;pagina=149" editionNumber="144" highlightType="" highlightPriority="" highlight="" highlightimage="" highlightimagename="" idMateria="22948776">
  <body>
    <Identifica />
    <Data><![CDATA[]]></Data>
    <Ementa />
    <Titulo />
    <SubTitulo />
    <Texto><![CDATA[<p /><p></p><table><tr /><tr><td rowspan="1" colspan="1"><p>2434</p></td><td rowspan="1" colspan="1"><p>13405049000176</p></td><td rowspan="1" colspan="1"><p>NELI TEREZINHA KARASEK</p></td><td rowspan="1" colspan="1"><p>RS</p></td><td rowspan="1" colspan="1"><p>CATUIPE</p></td><td rowspan="1" colspan="1"><p>25000012214201200</p></td></tr><tr><td rowspan="1" colspan="1"><p>2435</p></td><td rowspan="1" colspan="1"><p>88645403004630</p></td><td rowspan="1" colspan="1"><p>CIRCULO OPERARIO CAXIENSE</p></td><td rowspan="1" colspan="1"><p>RS</p></td><td rowspan="1" colspan="1"><p>CAXIAS DO SUL</p></td><td rowspan="1" colspan="1"><p>25000130455201141</p></td></tr><tr><td rowspan="1" colspan="1"><p>2436</p></td><td rowspan="1" colspan="1"><p>88645403004550</p></td><td rowspan="1" colspan="1"><p>CIRCULO OPERARIO CAXIENSE</p></td><td rowspan="1" colspan="1"><p>RS</p></td><td rowspan="1" colspan="1"><p>CAXIAS DO SUL</p></td><td rowspan="1" colspan="1"><p>25000130455201141</p></td></tr><tr><td rowspan="1" colspan="1"><p>2437</p></td><td rowspan="1" colspan="1"><p>88645403004479</p></td><td rowspan="1" colspan="1"><p>CIRCULO OPERARIO CAXIENSE</p></td><td rowspan="1" colspan="1"><p>RS</p></td><td rowspan="1" colspan="1"><p>CAXIAS DO SUL</p></td><td rowspan="1" colspan="1"><p>25000130455201141</p></td></tr><tr><td rowspan="1" colspan="1"><p>2438</p></td><td rowspan="1" colspan="1"><p>88645403002000</p></td><td rowspan="1" colspan="1"><p>CIRCULO OPERARIO CAXIENSE</p></td><td rowspan="1" colspan="1"><p>RS</p></td><td rowspan="1" colspan="1"><p>CAXIAS DO SUL</p></td><td rowspan="1" colspan="1"><p>25000130455201141</p></td></tr><tr><td rowspan="1" colspan="1"><p>2439</p></td><td rowspan="1" colspan="1"><p>05842748000155</p></td><td rowspan="1" colspan="1"><p>DANFAR DROGARIA LTDA</p></td><td rowspan="1" colspan="1"><p>RS</p></td><td rowspan="1" colspan="1"><p>CAXIAS DO SUL</p></td><td rowspan="1" colspan="1"><p>25000008422201115</p></td></tr><tr><td rowspan="1" colspan="1"><p>2440</p></td><td rowspan="1" colspan="1"><p>07575312000172</p></td><td rowspan="1" colspan="1"><p>DROGARIA BERTOLUCCI LTDA</p></td><td rowspan="1" colspan="1"><p>RS</p></td><td rowspan="1" colspan="1"><p>CAXIAS DO SUL</p></td><td rowspan="1" colspan="1"><p>25000040172200993</p></td></tr><tr><td rowspan="1" colspan="1"><p>2441</p></td><td rowspan="1" colspan="1"><p>94865540000181</p></td><td rowspan="1" colspan="1"><p>DROGARIA DALFARMA LTDA</p></td><td rowspan="1" colspan="1"><p>RS</p></td><td rowspan="1" colspan="1"><p>CAXIAS DO SUL</p></td><td rowspan="1" colspan="1"><p>25000159541201135</p></td></tr><tr><td rowspan="1" colspan="1"><p>2442</p></td><td rowspan="1" colspan="1"><p>02948264000105</p></td><td rowspan="1" colspan="1"><p>DROGARIA DU &amp; JA LTDA.</p></td><td rowspan="1" colspan="1"><p>RS</p></td><td rowspan="1" colspan="1"><p>CAXIAS DO SUL</p></td><td rowspan="1" colspan="1"><p>25000133081201387</p></td></tr><tr><td rowspan="1" colspan="1"><p>2443</p></td><td rowspan="1" colspan="1"><p>05899227000134</p></td><td rowspan="1" colspan="1"><p>DROGARIA KAMILLA LTDA</p></td><td rowspan="1" colspan="1"><p>RS</p></td><td rowspan="1" colspan="1"><p>CAXIAS DO SUL</p></td><td rowspan="1" colspan="1"><p>25000001419201171</p></td></tr><tr><td rowspan="1" colspan="1"><p>2444</p></td><td rowspan="1" colspan="1"><p>94296175013896</p></td><td rowspan="1" colspan="1"><p>DROGARIA MAIS ECONOMICA S.A. FALIDO</p></td><td rowspan="1" colspan="1"><p>RS</p></td><td rowspan="1" colspan="1"><p>CAXIAS DO SUL</p></td><td rowspan="1" colspan="1"><p>25000051632200666</p></td></tr><tr><td rowspan="1" colspan="1"><p>2445</p></td><td rowspan="1" colspan="1"><p>17502518001360</p></td><td rowspan="1" colspan="1"><p>FARMACIA CIRCULO OPERARIO CAXIENSE LTDA</p></td><td rowspan="1" colspan="1"><p>RS</p></td><td rowspan="1" colspan="1"><p>CAXIAS DO SUL</p></td><td rowspan="1" colspan="1"><p>25000197133201424</p></td></tr><tr><td rowspan="1" colspan="1"><p>2446</p></td><td rowspan="1" colspan="1"><p>17502518000126</p></td><td rowspan="1" colspan="1"><p>FARMACIA CIRCULO OPERARIO CAXIENSE LTDA</p></td><td rowspan="1" colspan="1"><p>RS</p></td><td rowspan="1" colspan="1"><p>CAXIAS DO SUL</p></td><td rowspan="1" colspan="1"><p>25000197133201424</p></td></tr><tr><td rowspan="1" colspan="1"><p>2447</p></td><td rowspan="1" colspan="1"><p>17502518001440</p></td><td rowspan="1" colspan="1"><p>FARMACIA CIRCULO OPERARIO CAXIENSE LTDA</p></td><td rowspan="1" colspan="1"><p>RS</p></td><td rowspan="1" colspan="1"><p>CAXIAS DO SUL</p></td><td rowspan="1" colspan="1"><p>25000197133201424</p></td></tr><tr><td rowspan="1" colspan="1"><p>2448</p></td><td rowspan="1" colspan="1"><p>17502518002846</p></td><td rowspan="1" colspan="1"><p>FARMACIA CIRCULO OPERARIO CAXIENSE LTDA</p></td><td rowspan="1" colspan="1"><p>RS</p></td><td rowspan="1" colspan="1"><p>CAXIAS DO SUL</p></td><td rowspan="1" colspan="1"><p>25000197133201424</p></td></tr><tr><td rowspan="1" colspan="1"><p>2449</p></td><td rowspan="1" colspan="1"><p>17502518002412</p></td><td rowspan="1" colspan="1"><p>FARMACIA CIRCULO OPERARIO CAXIENSE LTDA</p></td><td rowspan="1" colspan="1"><p>RS</p></td><td rowspan="1" colspan="1"><p>CAXIAS DO SUL</p></td><td rowspan="1" colspan="1"><p>25000197133201424</p></td></tr><tr><td rowspan="1" colspan="1"><p>2450</p></td><td rowspan="1" colspan="1"><p>17502518001017</p></td><td rowspan="1" colspan="1"><p>FARMACIA CIRCULO OPERARIO CAXIENSE LTDA</p></td><td rowspan="1" colspan="1"><p>RS</p></td><td rowspan="1" colspan="1"><p>CAXIAS DO SUL</p></td><td rowspan="1" colspan="1"><p>25000197133201424</p></td></tr><tr><td rowspan="1" colspan="1"><p>2451</p></td><td rowspan="1" colspan="1"><p>17502518001874</p></td><td rowspan="1" colspan="1"><p>FARMACIA CIRCULO OPERARIO CAXIENSE LTDA</p></td><td rowspan="1" colspan="1"><p>RS</p></td><td rowspan="1" colspan="1"><p>CAXIAS DO SUL</p></td><td rowspan="1" colspan="1"><p>25000197133201424</p></td></tr><tr><td rowspan="1" colspan="1"><p>2452</p></td><td rowspan="1" colspan="1"><p>17502518001289</p></td><td rowspan="1" colspan="1"><p>FARMACIA CIRCULO OPERARIO CAXIENSE LTDA</p></td><td rowspan="1" colspan="1"><p>RS</p></td><td rowspan="1" colspan="1"><p>CAXIAS DO SUL</p></td><td rowspan="1" colspan="1"><p>25000197133201424</p></td></tr><tr><td rowspan="1" colspan="1"><p>2453</p></td><td rowspan="1" colspan="1"><p>17502518000398</p></td><td rowspan="1" colspan="1"><p>FARMACIA CIRCULO OPERARIO CAXIENSE LTDA</p></td><td rowspan="1" colspan="1"><p>RS</p></td><td rowspan="1" colspan="1"><p>CAXIAS DO SUL</p></td><td rowspan="1" colspan="1"><p>25000197133201424</p></td></tr><tr><td rowspan="1" colspan="1"><p>2454</p></td><td rowspan="1" colspan="1"><p>17502518000550</p></td><td rowspan="1" colspan="1"><p>FARMACIA CIRCULO OPERARIO CAXIENSE LTDA</p></td><td rowspan="1" colspan="1"><p>RS</p></td><td rowspan="1" colspan="1"><p>CAXIAS DO SUL</p></td><td rowspan="1" colspan="1"><p>25000197133201424</p></td></tr><tr><td rowspan="1" colspan="1"><p>2455</p></td><td rowspan="1" colspan="1"><p>17502518000207</p></td><td rowspan="1" colspan="1"><p>FARMACIA CIRCULO OPERARIO CAXIENSE LTDA</p></td><td rowspan="1" colspan="1"><p>RS</p></td><td rowspan="1" colspan="1"><p>CAXIAS DO SUL</p></td><td rowspan="1" colspan="1"><p>25000197133201424</p></td></tr><tr><td rowspan="1" colspan="1"><p>2456</p></td><td rowspan="1" colspan="1"><p>17502518000983</p></td><td rowspan="1" colspan="1"><p>FARMACIA CIRCULO OPERARIO CAXIENSE LTDA</p></td><td rowspan="1" colspan="1"><p>RS</p></td><td rowspan="1" colspan="1"><p>CAXIAS DO SUL</p></td><td rowspan="1" colspan="1"><p>25000197133201424</p></td></tr><tr><td rowspan="1" colspan="1"><p>2457</p></td><td rowspan="1" colspan="1"><p>17502518000800</p></td><td rowspan="1" colspan="1"><p>FARMACIA CIRCULO OPERARIO CAXIENSE LTDA</p></td><td rowspan="1" colspan="1"><p>RS</p></td><td rowspan="1" colspan="1"><p>CAXIAS DO SUL</p></td><td rowspan="1" colspan="1"><p>25000197133201424</p></td></tr><tr><td rowspan="1" colspan="1"><p>2458</p></td><td rowspan="1" colspan="1"><p>17502518000630</p></td><td rowspan="1" colspan="1"><p>FARMACIA CIRCULO OPERARIO CAXIENSE LTDA</p></td><td rowspan="1" colspan="1"><p>RS</p></td><td rowspan="1" colspan="1"><p>CAXIAS DO SUL</p></td><td rowspan="1" colspan="1"><p>25000197133201424</p></td></tr><tr><td rowspan="1" colspan="1"><p>2459</p></td><td rowspan="1" colspan="1"><p>17502518000479</p></td><td rowspan="1" colspan="1"><p>FARMACIA CIRCULO OPERARIO CAXIENSE LTDA</p></td><td rowspan="1" colspan="1"><p>RS</p></td><td rowspan="1" colspan="1"><p>CAXIAS DO SUL</p></td><td rowspan="1" colspan="1"><p>25000197133201424</p></td></tr><tr><td rowspan="1" colspan="1"><p>2460</p></td><td rowspan="1" colspan="1"><p>17502518002250</p></td><td rowspan="1" colspan="1"><p>FARMACIA CIRCULO OPERARIO CAXIENSE LTDA</p></td><td rowspan="1" colspan="1"><p>RS</p></td><td rowspan="1" colspan="1"><p>CAXIAS DO SUL</p></td><td rowspan="1" colspan="1"><p>25000197133201424</p></td></tr><tr><td rowspan="1" colspan="1"><p>2461</p></td><td rowspan="1" colspan="1"><p>88635305000544</p></td><td rowspan="1" colspan="1"><p>FARMACIA DO IPAM S.A.</p></td><td rowspan="1" colspan="1"><p>RS</p></td><td rowspan="1" colspan="1"><p>CAXIAS DO SUL</p></td><td rowspan="1" colspan="1"><p>25000025056201169</p></td></tr><tr><td rowspan="1" colspan="1"><p>2462</p></td><td rowspan="1" colspan="1"><p>04598527000110</p></td><td rowspan="1" colspan="1"><p>L S CENTRO ESTETICO LTDA</p></td><td rowspan="1" colspan="1"><p>RS</p></td><td rowspan="1" colspan="1"><p>CAXIAS DO SUL</p></td><td rowspan="1" colspan="1"><p>25000219566200808</p></td></tr><tr><td rowspan="1" colspan="1"><p>2463</p></td><td rowspan="1" colspan="1"><p>01818405000366</p></td><td rowspan="1" colspan="1"><p>MED EXPRESS COMERCIO DE MEDICAMENTOS E MATERIAL MEDICO HOSPITALAR LTDA</p></td><td rowspan="1" colspan="1"><p>RS</p></td><td rowspan="1" colspan="1"><p>CAXIAS DO SUL</p></td><td rowspan="1" colspan="1"><p>25000117155200790</p></td></tr><tr><td rowspan="1" colspan="1"><p>2464</p></td><td rowspan="1" colspan="1"><p>10894255000280</p></td><td rowspan="1" colspan="1"><p>RUCHTER &amp; PIERINI LTDA</p></td><td rowspan="1" colspan="1"><p>RS</p></td><td rowspan="1" colspan="1"><p>CAXIAS DO SUL</p></td><td rowspan="1" colspan="1"><p>25000601130200931</p></td></tr><tr><td rowspan="1" colspan="1"><p>2465</p></td><td rowspan="1" colspan="1"><p>07401389000126</p></td><td rowspan="1" colspan="1"><p>VIDA BELLA PHARMA LTDA</p></td><td rowspan="1" colspan="1"><p>RS</p></td><td rowspan="1" colspan="1"><p>CAXIAS DO SUL</p></td><td rowspan="1" colspan="1"><p>25000085418200611</p></td></tr><tr><td rowspan="1" colspan="1"><p>2466</p></td><td rowspan="1" colspan="1"><p>00063960018814</p></td><td rowspan="1" colspan="1"><p>WMB SUPERMERCADOS DO BRASIL LTDA.</p></td><td rowspan="1" colspan="1"><p>RS</p></td><td rowspan="1" colspan="1"><p>CAXIAS DO SUL</p></td><td rowspan="1" colspan="1"><p>25000086421201292</p></td></tr><tr><td rowspan="1" colspan="1"><p>2467</p></td><td rowspan="1" colspan="1"><p>91683987000141</p></td><td rowspan="1" colspan="1"><p>JOSE ORLANDO KONZEN M E</p></td><td rowspan="1" colspan="1"><p>RS</p></td><td rowspan="1" colspan="1"><p>CERRO BRANCO</p></td><td rowspan="1" colspan="1"><p>25000114714200629</p></td></tr><tr><td rowspan="1" colspan="1"><p>2468</p></td><td rowspan="1" colspan="1"><p>12099062000181</p></td><td rowspan="1" colspan="1"><p>CAROLINE SCHER DROGARIA</p></td><td rowspan="1" colspan="1"><p>RS</p></td><td rowspan="1" colspan="1"><p>CERRO LARGO</p></td><td rowspan="1" colspan="1"><p>25000035894201141</p></td></tr><tr><td rowspan="1" colspan="1"><p>2469</p></td><td rowspan="1" colspan="1"><p>11259209000271</p></td><td rowspan="1" colspan="1"><p>A. DE ARAUJO - FARMACIA</p></td><td rowspan="1" colspan="1"><p>RS</p></td><td rowspan="1" colspan="1"><p>CHARQUEADAS</p></td><td rowspan="1" colspan="1"><p>25000147927201285</p></td></tr><tr><td rowspan="1" colspan="1"><p>2470</p></td><td rowspan="1" colspan="1"><p>14511807000284</p></td><td rowspan="1" colspan="1"><p>COMERCIO DE MEDICAMENTOS FARMASUL LTDA</p></td><td rowspan="1" colspan="1"><p>RS</p></td><td rowspan="1" colspan="1"><p>CONSTANTINA</p></td><td rowspan="1" colspan="1"><p>25000084361201273</p></td></tr><tr><td rowspan="1" colspan="1"><p>2471</p></td><td rowspan="1" colspan="1"><p>03874166000206</p></td><td rowspan="1" colspan="1"><p>JK DROGARIA LTDA</p></td><td rowspan="1" colspan="1"><p>RS</p></td><td rowspan="1" colspan="1"><p>CRISSIUMAL</p></td><td rowspan="1" colspan="1"><p>25000220072200868</p></td></tr><tr><td rowspan="1" colspan="1"><p>2472</p></td><td rowspan="1" colspan="1"><p>04923717000166</p></td><td rowspan="1" colspan="1"><p>CERETTAMED PRODUTOS HOSPITALARES LTDA</p></td><td rowspan="1" colspan="1"><p>RS</p></td><td rowspan="1" colspan="1"><p>CRUZ ALTA</p></td><td rowspan="1" colspan="1"><p>25000002800200932</p></td></tr><tr><td rowspan="1" colspan="1"><p>2473</p></td><td rowspan="1" colspan="1"><p>00686696000151</p></td><td rowspan="1" colspan="1"><p>DROGARIA CRUZ ALTA LTDA</p></td><td rowspan="1" colspan="1"><p>RS</p></td><td rowspan="1" colspan="1"><p>CRUZ ALTA</p></td><td rowspan="1" colspan="1"><p>25000233293201363</p></td></tr><tr><td rowspan="1" colspan="1"><p>2474</p></td><td rowspan="1" colspan="1"><p>94296175005524</p></td><td rowspan="1" colspan="1"><p>DROGARIA MAIS ECONOMICA S.A. FALIDO</p></td><td rowspan="1" colspan="1"><p>RS</p></td><td rowspan="1" colspan="1"><p>CRUZ ALTA</p></td><td rowspan="1" colspan="1"><p>25000051632200666</p></td></tr><tr><td rowspan="1" colspan="1"><p>2475</p></td><td rowspan="1" colspan="1"><p>88775093000177</p></td><td rowspan="1" colspan="1"><p>INEIDA MARIA DALL OLIVO</p></td><td rowspan="1" colspan="1"><p>RS</p></td><td rowspan="1" colspan="1"><p>CRUZ ALTA</p></td><td rowspan="1" colspan="1"><p>25000092702201101</p></td></tr><tr><td rowspan="1" colspan="1"><p>2476</p></td><td rowspan="1" colspan="1"><p>05899859000106</p></td><td rowspan="1" colspan="1"><p>GISELA PINHEIRO OLIVEIRA</p></td><td rowspan="1" colspan="1"><p>RS</p></td><td rowspan="1" colspan="1"><p>DOM PEDRITO</p></td><td rowspan="1" colspan="1"><p>25000070756201116</p></td></tr><tr><td rowspan="1" colspan="1"><p>2477</p></td><td rowspan="1" colspan="1"><p>87367165000427</p></td><td rowspan="1" colspan="1"><p>2A FARMACEUTICA LTDA</p></td><td rowspan="1" colspan="1"><p>RS</p></td><td rowspan="1" colspan="1"><p>ENCANTADO</p></td><td rowspan="1" colspan="1"><p>25000193273200885</p></td></tr><tr><td rowspan="1" colspan="1"><p>2478</p></td><td rowspan="1" colspan="1"><p>89305239000850</p></td><td rowspan="1" colspan="1"><p>COOPERATIVA DALIA ALIMENTOS LTDA</p></td><td rowspan="1" colspan="1"><p>RS</p></td><td rowspan="1" colspan="1"><p>ENCANTADO</p></td><td rowspan="1" colspan="1"><p>25000137357201304</p></td></tr><tr><td rowspan="1" colspan="1"><p>2479</p></td><td rowspan="1" colspan="1"><p>07435115000409</p></td><td rowspan="1" colspan="1"><p>COMERCIAL E DISTRIBUIDORA VARGAS LTDA</p></td><td rowspan="1" colspan="1"><p>RS</p></td><td rowspan="1" colspan="1"><p>ENCRUZILHADA DO SUL</p></td><td rowspan="1" colspan="1"><p>25000119998201026</p></td></tr><tr><td rowspan="1" colspan="1"><p>2480</p></td><td rowspan="1" colspan="1"><p>05764137000136</p></td><td rowspan="1" colspan="1"><p>IRENE BORGES GUTERRES</p></td><td rowspan="1" colspan="1"><p>RS</p></td><td rowspan="1" colspan="1"><p>ENCRUZILHADA DO SUL</p></td><td rowspan="1" colspan="1"><p>25000535377200952</p></td></tr><tr><td rowspan="1" colspan="1"><p>2481</p></td><td rowspan="1" colspan="1"><p>05197489000238</p></td><td rowspan="1" colspan="1"><p>RK MEDICAMENTOS LTDA</p></td><td rowspan="1" colspan="1"><p>RS</p></td><td rowspan="1" colspan="1"><p>ENCRUZILHADA DO SUL</p></td><td rowspan="1" colspan="1"><p>25000179543201060</p></td></tr><tr><td rowspan="1" colspan="1"><p>2482</p></td><td rowspan="1" colspan="1"><p>02746182000170</p></td><td rowspan="1" colspan="1"><p>SITJA &amp; GUTERRES LTDA</p></td><td rowspan="1" colspan="1"><p>RS</p></td><td rowspan="1" colspan="1"><p>ENCRUZILHADA DO SUL</p></td><td rowspan="1" colspan="1"><p>25000496810200927</p></td></tr><tr><td rowspan="1" colspan="1"><p>2483</p></td><td rowspan="1" colspan="1"><p>09108691000116</p></td><td rowspan="1" colspan="1"><p>DIRLEX COMERCIO DE MEDICAMENTOS LTDA</p></td><td rowspan="1" colspan="1"><p>RS</p></td><td rowspan="1" colspan="1"><p>ERECHIM</p></td><td rowspan="1" colspan="1"><p>25000139937201417</p></td></tr><tr><td rowspan="1" colspan="1"><p>2484</p></td><td rowspan="1" colspan="1"><p>94296175009783</p></td><td rowspan="1" colspan="1"><p>DROGARIA MAIS ECONOMICA S.A. FALIDO</p></td><td rowspan="1" colspan="1"><p>RS</p></td><td rowspan="1" colspan="1"><p>ERECHIM</p></td><td rowspan="1" colspan="1"><p>25000051632200666</p></td></tr><tr><td rowspan="1" colspan="1"><p>2485</p></td><td rowspan="1" colspan="1"><p>13829196000173</p></td><td rowspan="1" colspan="1"><p>FRANCIELE CARINE PERIN</p></td><td rowspan="1" colspan="1"><p>RS</p></td><td rowspan="1" colspan="1"><p>ERECHIM</p></td><td rowspan="1" colspan="1"><p>25000165030201233</p></td></tr><tr><td rowspan="1" colspan="1"><p>2486</p></td><td rowspan="1" colspan="1"><p>07815671000150</p></td><td rowspan="1" colspan="1"><p>S.F. PERIN COMERCIO DE MEDICAMENTOS LTDA</p></td><td rowspan="1" colspan="1"><p>RS</p></td><td rowspan="1" colspan="1"><p>ERECHIM</p></td><td rowspan="1" colspan="1"><p>25000150707201310</p></td></tr><tr><td rowspan="1" colspan="1"><p>2487</p></td><td rowspan="1" colspan="1"><p>08753677000102</p></td><td rowspan="1" colspan="1"><p>SILVA E DARIVA COMERCIO DE COSMETICOS LTDA</p></td><td rowspan="1" colspan="1"><p>RS</p></td><td rowspan="1" colspan="1"><p>ERECHIM</p></td><td rowspan="1" colspan="1"><p>25000604049200911</p></td></tr><tr><td rowspan="1" colspan="1"><p>2488</p></td><td rowspan="1" colspan="1"><p>94296175002509</p></td><td rowspan="1" colspan="1"><p>DROGARIA MAIS ECONOMICA S.A. FALIDO</p></td><td rowspan="1" colspan="1"><p>RS</p></td><td rowspan="1" colspan="1"><p>ESTEIO</p></td><td rowspan="1" colspan="1"><p>25000051632200666</p></td></tr><tr><td rowspan="1" colspan="1"><p>2489</p></td><td rowspan="1" colspan="1"><p>92520865000105</p></td><td rowspan="1" colspan="1"><p>DROGARIA UNIDA LTDA</p></td><td rowspan="1" colspan="1"><p>RS</p></td><td rowspan="1" colspan="1"><p>ESTRELA</p></td><td rowspan="1" colspan="1"><p>25000117088201017</p></td></tr><tr><td rowspan="1" colspan="1"><p>2490</p></td><td rowspan="1" colspan="1"><p>07110556000260</p></td><td rowspan="1" colspan="1"><p>M. C. K. DIERSMANN</p></td><td rowspan="1" colspan="1"><p>RS</p></td><td rowspan="1" colspan="1"><p>ESTRELA</p></td><td rowspan="1" colspan="1"><p>25000586333200991</p></td></tr><tr><td rowspan="1" colspan="1"><p>2491</p></td><td rowspan="1" colspan="1"><p>90026832000170</p></td><td rowspan="1" colspan="1"><p>RFM DROGARIA E FARMACIA LTDA</p></td><td rowspan="1" colspan="1"><p>RS</p></td><td rowspan="1" colspan="1"><p>ESTRELA</p></td><td rowspan="1" colspan="1"><p>25000213461200837</p></td></tr><tr><td rowspan="1" colspan="1"><p>2492</p></td><td rowspan="1" colspan="1"><p>13603067000162</p></td><td rowspan="1" colspan="1"><p>DROGARIA FARROUPILHENSE LTDA.</p></td><td rowspan="1" colspan="1"><p>RS</p></td><td rowspan="1" colspan="1"><p>FARROUPILHA</p></td><td rowspan="1" colspan="1"><p>25000000388201211</p></td></tr><tr><td rowspan="1" colspan="1"><p>2493</p></td><td rowspan="1" colspan="1"><p>17502518001106</p></td><td rowspan="1" colspan="1"><p>FARMACIA CIRCULO OPERARIO CAXIENSE LTDA</p></td><td rowspan="1" colspan="1"><p>RS</p></td><td rowspan="1" colspan="1"><p>FARROUPILHA</p></td><td rowspan="1" colspan="1"><p>25000197133201424</p></td></tr><tr><td rowspan="1" colspan="1"><p>2494</p></td><td rowspan="1" colspan="1"><p>01765699000143</p></td><td rowspan="1" colspan="1"><p>DROGARIA FAZENDA VILANOVA LTDA</p></td><td rowspan="1" colspan="1"><p>RS</p></td><td rowspan="1" colspan="1"><p>FAZENDA VILANOVA</p></td><td rowspan="1" colspan="1"><p>25000071154200719</p></td></tr><tr><td rowspan="1" colspan="1"><p>2495</p></td><td rowspan="1" colspan="1"><p>87333423000101</p></td><td rowspan="1" colspan="1"><p>DROGARIA FELIZ LTDA</p></td><td rowspan="1" colspan="1"><p>RS</p></td><td rowspan="1" colspan="1"><p>FELIZ</p></td><td rowspan="1" colspan="1"><p>25000131075201395</p></td></tr><tr><td rowspan="1" colspan="1"><p>2496</p></td><td rowspan="1" colspan="1"><p>06271093000760</p></td><td rowspan="1" colspan="1"><p>DMTOP COMERCIO DE MEDICAMENTOS E COSMETICOS LTDA</p></td><td rowspan="1" colspan="1"><p>RS</p></td><td rowspan="1" colspan="1"><p>FLORES DA CUNHA</p></td><td rowspan="1" colspan="1"><p>25000173363201155</p></td></tr></table>]]></Texto>
  </body>
  <Midias />
</article></xml>