﻿<xml><article id="44726972" name="31.07.2025 Portaria Previc NA 69" idOficio="11190336" pubName="DO1" artType="Portaria" pubDate="01/08/2025" artClass="00044:00019:00013:00000:00000:00000:00000:00000:00000:00000:00054:00000" artCategory="Ministério da Previdência Social/Superintendência Nacional de Previdência Complementar/Diretoria de Licenciamento" artSize="12" artNotes="" numberPage="101" pdfPage="http://pesquisa.in.gov.br/imprensa/jsp/visualiza/index.jsp?data=01/08/2025&amp;jornal=515&amp;pagina=101" editionNumber="144" highlightType="" highlightPriority="" highlight="" highlightimage="" highlightimagename="" idMateria="22946831">
  <body>
    <Identifica><![CDATA[ Portaria Previc Nº 694, DE 22 DE julho DE 2025]]></Identifica>
    <Data><![CDATA[]]></Data>
    <Ementa />
    <Titulo />
    <SubTitulo />
    <Texto><![CDATA[<p class="identifica">Portaria Previc Nº 694, DE 22 DE julho DE 2025</p><p>O DIRETOR DE LICENCIAMENTO, no uso das atribuições que lhe confere as alíneas "c" e "d" do inciso I do art. 66 da Portaria nº 861, de 09 de Outubro de 2024 (Regimento Interno da Superintendência Nacional de Previdência Complementar - Previc), e considerando as manifestações técnicas exaradas no Processo nº 44011.009294/2024-67, resolve:</p><p>Art. 1º Aprovar o Regulamento do Plano de Benefícios Plano de Benefícios ALERNPrev, sob o CNPB nº 2025.0003-83, a ser administrado pela BB PREVIDÊNCIA - Fundo de Pensão Banco do Brasil, CNPJ nº 00.544.659/0001-09, e fixar o prazo de 180 (cento e oitenta) dias para que a entidade fechada de previdência complementar comunique o início de funcionamento do plano à Previc.</p><p>Art. 2 º Aprovar o Convênio de Adesão da ALERN - Assembleia Legislativa do Estado do Rio Grande do Norte ao Plano de Benefícios ALERNPrev.</p><p>Art. 3º Esta Portaria entra em vigor na data de sua publicação.</p><p class="assina">GUILHERME CAPRIATA VACCARO CAMPELO BEZERRA</p>]]></Texto>
  </body>
  <Midias />
</article></xml>