﻿<xml><article id="44736473" name="Portaria GMMPO NA 231 -2025 + an" idOficio="11191506" pubName="DO1" artType="Portaria" pubDate="01/08/2025" artClass="00040:00001:00000:00000:00000:00000:00000:00000:00000:00000:00054:00000" artCategory="Ministério do Planejamento e Orçamento/Gabinete da Ministra" artSize="24" artNotes="" numberPage="86" pdfPage="http://pesquisa.in.gov.br/imprensa/jsp/visualiza/index.jsp?data=01/08/2025&amp;jornal=515&amp;pagina=86" editionNumber="144" highlightType="" highlightPriority="" highlight="" highlightimage="" highlightimagename="" idMateria="22948881">
  <body>
    <Identifica><![CDATA[ PORTARIA GM/MPO Nº 231, DE 31 DE JULHO DE 2025]]></Identifica>
    <Data><![CDATA[]]></Data>
    <Ementa><![CDATA[ Abre aos Orçamentos Fiscal e da Seguridade Social da União, em favor de diversos Órgãos do Poder Executivo Federal, crédito suplementar no valor de R$ 590.299.547,00, para reforço de dotações constantes da Lei Orçamentária vigente.]]></Ementa>
    <Titulo />
    <SubTitulo />
    <Texto><![CDATA[<p class="identifica">PORTARIA GM/MPO Nº 231, DE 31 DE JULHO DE 2025</p><p class="ementa">Abre aos Orçamentos Fiscal e da Seguridade Social da União, em favor de diversos Órgãos do Poder Executivo Federal, crédito suplementar no valor de R$ 590.299.547,00, para reforço de dotações constantes da Lei Orçamentária vigente.</p><p>A MINISTRA DE ESTADO DO PLANEJAMENTO E ORÇAMENTO, no uso da competência que lhe foi delegada pelo art. 1º, inciso II, do Decreto nº 12.369, de 17 de janeiro de 2025, e tendo em vista a autorização contida no art. 4º, § 9º, da Lei nº 15.121, de 10 de abril de 2025, resolve:</p><p>Art. 1º Abrir aos Orçamentos Fiscal e da Seguridade Social da União (Lei nº 15.121, de 10 de abril de 2025), em favor de diversos Órgãos do Poder Executivo Federal, crédito suplementar no valor de R$ 590.299.547,00 (quinhentos e noventa milhões, duzentos e noventa e nove mil, quinhentos e quarenta e sete reais), referente a emendas de bancadas estaduais, para atender às programações constantes do Anexo I.</p><p>Art. 2º Os recursos necessários à abertura do crédito de que trata o art. 1º decorrem de anulação de dotações orçamentárias conforme indicado no Anexo II.</p><p>Art. 3º Esta Portaria entra em vigor na data de sua publicação.</p><p class="assina">SIMONE TEBET</p><p class="anexo">ANEXOS</p><p /><p></p><table><tr><td rowspan="1" colspan="10"><p>ÓRGÃO: 22000 - Ministério da Agricultura e Pecuária</p></td></tr><tr><td rowspan="1" colspan="3"><p>UNIDADE: 22101 - Ministério da Agricultura e Pecuária - Administração Direta</p></td><td rowspan="1" colspan="7" /></tr><tr><td rowspan="1" colspan="3"><p>ANEXO I</p></td><td rowspan="1" colspan="7"><p>Crédito Suplementar</p></td></tr><tr><td rowspan="1" colspan="3"><p>PROGRAMA DE TRABALHO ( SUPLEMENTAÇÃO )</p></td><td rowspan="1" colspan="7"><p>Recurso de Todas as Fontes R$ 1,00</p></td></tr><tr><td rowspan="1" colspan="1"><p>PROGRAMÁTICA</p></td><td rowspan="1" colspan="1"><p>PROGRAMA/AÇÃO/LOCALIZADOR/PRODUTO</p></td><td rowspan="1" colspan="1"><p>FUNCIONAL</p></td><td rowspan="1" colspan="1"><p>E</p><p>S</p><p>F</p></td><td rowspan="1" colspan="1"><p>G</p><p>N</p><p>D</p></td><td rowspan="1" colspan="1"><p>R</p><p>P</p></td><td rowspan="1" colspan="1"><p>M</p><p>O</p><p>D</p></td><td rowspan="1" colspan="1"><p>I</p><p>U</p></td><td rowspan="1" colspan="1"><p>F</p><p>T</p><p>E</p></td><td rowspan="1" colspan="1"><p>VALOR</p></td></tr><tr><td rowspan="1" colspan="1"><p>1144</p></td><td rowspan="1" colspan="1"><p>Agropecuária Sustentável</p></td><td rowspan="1" colspan="7" /><td rowspan="1" colspan="1"><p>47.930.877</p></td></tr><tr><td rowspan="1" colspan="1" /><td rowspan="1" colspan="1"><p>Atividades</p></td><td rowspan="1" colspan="1" /><td rowspan="1" colspan="1" /><td rowspan="1" colspan="1" /><td rowspan="1" colspan="1" /><td rowspan="1" colspan="1" /><td rowspan="1" colspan="1" /><td rowspan="1" colspan="1" /><td rowspan="1" colspan="1" /></tr><tr><td rowspan="1" colspan="1"><p>1144 20ZV</p></td><td rowspan="1" colspan="1"><p>Fomento ao Setor Agropecuário</p></td><td rowspan="1" colspan="1"><p>20 608</p></td><td rowspan="1" colspan="1" /><td rowspan="1" colspan="1" /><td rowspan="1" colspan="1" /><td rowspan="1" colspan="1" /><td rowspan="1" colspan="1" /><td rowspan="1" colspan="1" /><td rowspan="1" colspan="1"><p>47.930.877</p></td></tr><tr><td rowspan="1" colspan="1"><p>1144 20ZV 7016</p></td><td rowspan="1" colspan="1"><p>Fomento ao Setor Agropecuário - Aquisição de Máquinas e Equipamentos - No Estado da Bahia</p></td><td rowspan="1" colspan="1"><p>20 608</p></td><td rowspan="1" colspan="1" /><td rowspan="1" colspan="1" /><td rowspan="1" colspan="1" /><td rowspan="1" colspan="1" /><td rowspan="1" colspan="1" /><td rowspan="1" colspan="1" /><td rowspan="1" colspan="1"><p>11.700.000</p></td></tr><tr><td rowspan="1" colspan="1" /><td rowspan="1" colspan="1"><p>Projeto apoiado (unidade): 18 (Acréscimo)</p></td><td rowspan="1" colspan="1" /><td rowspan="1" colspan="1"><p>F</p></td><td rowspan="1" colspan="1"><p>4-INV</p></td><td rowspan="1" colspan="1"><p>7</p></td><td rowspan="1" colspan="1"><p>90</p></td><td rowspan="1" colspan="1"><p>0</p></td><td rowspan="1" colspan="1"><p>1000</p></td><td rowspan="1" colspan="1"><p>11.700.000</p></td></tr><tr><td rowspan="1" colspan="1"><p>1144 20ZV 7234</p></td><td rowspan="1" colspan="1"><p>Fomento ao Setor Agropecuário - Aquisição de Máquinas e Equipamento Agrícolas - No Estado do Rio Grande do Sul</p></td><td rowspan="1" colspan="1"><p>20 608</p></td><td rowspan="1" colspan="1" /><td rowspan="1" colspan="1" /><td rowspan="1" colspan="1" /><td rowspan="1" colspan="1" /><td rowspan="1" colspan="1" /><td rowspan="1" colspan="1" /><td rowspan="1" colspan="1"><p>3.350.000</p></td></tr><tr><td rowspan="1" colspan="1" /><td rowspan="1" colspan="1"><p>Projeto apoiado (unidade): 3 (Acréscimo)</p></td><td rowspan="1" colspan="1" /><td rowspan="1" colspan="1"><p>F</p></td><td rowspan="1" colspan="1"><p>4-INV</p></td><td rowspan="1" colspan="1"><p>7</p></td><td rowspan="1" colspan="1"><p>90</p></td><td rowspan="1" colspan="1"><p>0</p></td><td rowspan="1" colspan="1"><p>1000</p></td><td rowspan="1" colspan="1"><p>3.350.000</p></td></tr><tr><td rowspan="1" colspan="1"><p>1144 20ZV 7532</p></td><td rowspan="1" colspan="1"><p>Fomento ao Setor Agropecuário - Aquisição de Veículos, Máquinas, Equipamentos e Custeio - No Estado do Acre</p></td><td rowspan="1" colspan="1"><p>20 608</p></td><td rowspan="1" colspan="1" /><td rowspan="1" colspan="1" /><td rowspan="1" colspan="1" /><td rowspan="1" colspan="1" /><td rowspan="1" colspan="1" /><td rowspan="1" colspan="1" /><td rowspan="1" colspan="1"><p>11.880.877</p></td></tr><tr><td rowspan="1" colspan="1" /><td rowspan="1" colspan="1"><p>Projeto apoiado (unidade): 6 (Acréscimo)</p></td><td rowspan="1" colspan="1" /><td rowspan="1" colspan="1"><p>F</p></td><td rowspan="1" colspan="1"><p>3-ODC</p></td><td rowspan="1" colspan="1"><p>7</p></td><td rowspan="1" colspan="1"><p>30</p></td><td rowspan="1" colspan="1"><p>0</p></td><td rowspan="1" colspan="1"><p>1000</p></td><td rowspan="1" colspan="1"><p>11.880.877</p></td></tr><tr><td rowspan="1" colspan="1"><p>1144 20ZV 7533</p></td><td rowspan="1" colspan="1"><p>Fomento ao Setor Agropecuário - Aquisição de Máquinas e Equipamentos Agrícolas - No Estado de Mato Grosso</p></td><td rowspan="1" colspan="1"><p>20 608</p></td><td rowspan="1" colspan="1" /><td rowspan="1" colspan="1" /><td rowspan="1" colspan="1" /><td rowspan="1" colspan="1" /><td rowspan="1" colspan="1" /><td rowspan="1" colspan="1" /><td rowspan="1" colspan="1"><p>10.000.000</p></td></tr><tr><td rowspan="1" colspan="1" /><td rowspan="1" colspan="1"><p>Projeto apoiado (unidade): 9 (Acréscimo)</p></td><td rowspan="1" colspan="1" /><td rowspan="1" colspan="1"><p>F</p></td><td rowspan="1" colspan="1"><p>4-INV</p></td><td rowspan="1" colspan="1"><p>7</p></td><td rowspan="1" colspan="1"><p>90</p></td><td rowspan="1" colspan="1"><p>0</p></td><td rowspan="1" colspan="1"><p>1000</p></td><td rowspan="1" colspan="1"><p>10.000.000</p></td></tr><tr><td rowspan="1" colspan="1"><p>1144 20ZV 7534</p></td><td rowspan="1" colspan="1"><p>Fomento ao Setor Agropecuário - Equipamentos e Serviços - No Estado de Sergipe</p></td><td rowspan="1" colspan="1"><p>20 608</p></td><td rowspan="1" colspan="1" /><td rowspan="1" colspan="1" /><td rowspan="1" colspan="1" /><td rowspan="1" colspan="1" /><td rowspan="1" colspan="1" /><td rowspan="1" colspan="1" /><td rowspan="1" colspan="1"><p>11.000.000</p></td></tr><tr><td rowspan="1" colspan="1" /><td rowspan="1" colspan="1" /><td rowspan="1" colspan="1" /><td rowspan="1" colspan="1"><p>F</p></td><td rowspan="1" colspan="1"><p>4-INV</p></td><td rowspan="1" colspan="1"><p>7</p></td><td rowspan="1" colspan="1"><p>90</p></td><td rowspan="1" colspan="1"><p>0</p></td><td rowspan="1" colspan="1"><p>1000</p></td><td rowspan="1" colspan="1"><p>11.000.000</p></td></tr><tr><td rowspan="1" colspan="9"><p>TOTAL - FISCAL</p></td><td rowspan="1" colspan="1"><p>47.930.877</p></td></tr><tr><td rowspan="1" colspan="9"><p>TOTAL - SEGURIDADE</p></td><td rowspan="1" colspan="1"><p>0</p></td></tr><tr><td rowspan="1" colspan="9"><p>TOTAL - GERAL</p></td><td rowspan="1" colspan="1"><p>47.930.877</p></td></tr><tr><td rowspan="1" colspan="9" /><td rowspan="1" colspan="1" /></tr><tr><td rowspan="1" colspan="10"><p>ÓRGÃO: 24000 - Ministério da Ciência, Tecnologia e Inovação</p></td></tr><tr><td rowspan="1" colspan="3"><p>UNIDADE: 24101 - Ministério da Ciência, Tecnologia e Inovação - Administração Direta</p></td><td rowspan="1" colspan="7" /></tr><tr><td rowspan="1" colspan="3"><p>ANEXO I</p></td><td rowspan="1" colspan="7"><p>Crédito Suplementar</p></td></tr><tr><td rowspan="1" colspan="3"><p>PROGRAMA DE TRABALHO ( SUPLEMENTAÇÃO )</p></td><td rowspan="1" colspan="7"><p>Recurso de Todas as Fontes R$ 1,00</p></td></tr><tr><td rowspan="1" colspan="1"><p>PROGRAMÁTICA</p></td><td rowspan="1" colspan="1"><p>PROGRAMA/AÇÃO/LOCALIZADOR/PRODUTO</p></td><td rowspan="1" colspan="1"><p>FUNCIONAL</p></td><td rowspan="1" colspan="1"><p>E</p><p>S</p><p>F</p></td><td rowspan="1" colspan="1"><p>G</p><p>N</p><p>D</p></td><td rowspan="1" colspan="1"><p>R</p><p>P</p></td><td rowspan="1" colspan="1"><p>M</p><p>O</p><p>D</p></td><td rowspan="1" colspan="1"><p>I</p><p>U</p></td><td rowspan="1" colspan="1"><p>F</p><p>T</p><p>E</p></td><td rowspan="1" colspan="1"><p>VALOR</p></td></tr><tr><td rowspan="1" colspan="1"><p>2304</p></td><td rowspan="1" colspan="1"><p>Ciência, Tecnologia e Inovação para o Desenvolvimento Social</p></td><td rowspan="1" colspan="7" /><td rowspan="1" colspan="1"><p>11.900.000</p></td></tr><tr><td rowspan="1" colspan="1" /><td rowspan="1" colspan="1"><p>Atividades</p></td><td rowspan="1" colspan="1" /><td rowspan="1" colspan="1" /><td rowspan="1" colspan="1" /><td rowspan="1" colspan="1" /><td rowspan="1" colspan="1" /><td rowspan="1" colspan="1" /><td rowspan="1" colspan="1" /><td rowspan="1" colspan="1" /></tr><tr><td rowspan="1" colspan="1"><p>2304 20UP</p></td><td rowspan="1" colspan="1"><p>Apoio a Projetos de Tecnologia Social e Assistiva</p></td><td rowspan="1" colspan="1"><p>19 572</p></td><td rowspan="1" colspan="1" /><td rowspan="1" colspan="1" /><td rowspan="1" colspan="1" /><td rowspan="1" colspan="1" /><td rowspan="1" colspan="1" /><td rowspan="1" colspan="1" /><td rowspan="1" colspan="1"><p>11.900.000</p></td></tr><tr><td rowspan="1" colspan="1"><p>2304 20UP 7000</p></td><td rowspan="1" colspan="1"><p>Apoio a Projetos de Tecnologia Social e Assistiva - Na Região Integrada de Desenvolvimento do Distrito Federal e Entorno - RIDE - No Distrito Federal</p></td><td rowspan="1" colspan="1"><p>19 572</p></td><td rowspan="1" colspan="1" /><td rowspan="1" colspan="1" /><td rowspan="1" colspan="1" /><td rowspan="1" colspan="1" /><td rowspan="1" colspan="1" /><td rowspan="1" colspan="1" /><td rowspan="1" colspan="1"><p>11.900.000</p></td></tr><tr><td rowspan="1" colspan="1" /><td rowspan="1" colspan="1" /><td rowspan="1" colspan="1" /><td rowspan="1" colspan="1"><p>F</p></td><td rowspan="1" colspan="1"><p>3-ODC</p></td><td rowspan="1" colspan="1"><p>7</p></td><td rowspan="1" colspan="1"><p>90</p></td><td rowspan="1" colspan="1"><p>0</p></td><td rowspan="1" colspan="1"><p>1000</p></td><td rowspan="1" colspan="1"><p>2.900.000</p></td></tr><tr><td rowspan="1" colspan="1" /><td rowspan="1" colspan="1" /><td rowspan="1" colspan="1" /><td rowspan="1" colspan="1"><p>F</p></td><td rowspan="1" colspan="1"><p>4-INV</p></td><td rowspan="1" colspan="1"><p>7</p></td><td rowspan="1" colspan="1"><p>90</p></td><td rowspan="1" colspan="1"><p>0</p></td><td rowspan="1" colspan="1"><p>1000</p></td><td rowspan="1" colspan="1"><p>9.000.000</p></td></tr><tr><td rowspan="1" colspan="9"><p>TOTAL - FISCAL</p></td><td rowspan="1" colspan="1"><p>11.900.000</p></td></tr><tr><td rowspan="1" colspan="9"><p>TOTAL - SEGURIDADE</p></td><td rowspan="1" colspan="1"><p>0</p></td></tr><tr><td rowspan="1" colspan="9"><p>TOTAL - GERAL</p></td><td rowspan="1" colspan="1"><p>11.900.000</p></td></tr></table>]]></Texto>
  </body>
  <Midias />
</article></xml>