﻿<xml><article id="44716891" name="2025-07-31/11188327/ANMWS_229441" idOficio="11188327" pubName="DO1" artType="Despacho" pubDate="01/08/2025" artClass="00035:00044:00023:00000:00000:00000:00000:00000:00000:00000:00024:00117" artCategory="Ministério de Minas e Energia/Agência Nacional de Mineração/Gerência da ANM no Estado de Pernambuco" artSize="12" artNotes="" numberPage="81" pdfPage="http://pesquisa.in.gov.br/imprensa/jsp/visualiza/index.jsp?data=01/08/2025&amp;jornal=515&amp;pagina=81" editionNumber="144" highlightType="" highlightPriority="" highlight="" highlightimage="" highlightimagename="" idMateria="22944140">
  <body>
    <Identifica><![CDATA[Despacho]]></Identifica>
    <Data><![CDATA[]]></Data>
    <Ementa />
    <Titulo />
    <SubTitulo />
    <Texto><![CDATA[<p class="identifica">Despacho</p><p>Relação nº 117/2025</p><p>Fase de Requerimento de Pesquisa</p><p>O GERENTE REGIONAL DA AGÊNCIA NACIONAL DE MINERAÇÃO, no uso da competência delegada de que trata o Art. 1°, inciso I, alínea "a" da Portaria nº 1712, de 8 de novembro de 2024, e com fundamento no art. 15, do Decreto-lei n° 227, de 28 de fevereiro de 1967, (Código de Mineração), e no art. 2°, inciso XVII da Lei 13.575/2017, outorga o(s) seguinte(s) Alvará(s) de Pesquisa, pelo prazo de 03 anos, com vigência a partir dessa publicação:(323)</p><p>5205/2025-840.102/2024-ALPHA MINERALS BRAZIL PARTICIPACOES LTDA.-</p><p>5208/2025-840.140/2024-BR CONSTRUCOES E SERVICOS LTDA-</p><p>5206/2025-840.105/2024-ALPHA MINERALS BRAZIL PARTICIPACOES LTDA.-</p><p>5204/2025-840.078/2024-ALPHA MINERALS BRAZIL PARTICIPACOES LTDA.-</p><p>5207/2025-840.107/2024-ALPHA MINERALS BRAZIL PARTICIPACOES LTDA.-</p><p>O GERENTE REGIONAL DA AGÊNCIA NACIONAL DE MINERAÇÃO, no uso da competência delegada de que trata o Art. 1°, inciso I, alínea "a" da Portaria nº 1712, de 8 de novembro de 2024, e com fundamento no art. 15, do Decreto-lei n° 227, de 28 de fevereiro de 1967, (Código de Mineração), e no art. 2°, inciso XVII da Lei 13.575/2017, outorga o(s) seguinte(s) Alvará(s) de Pesquisa, pelo prazo de 02 anos, com vigência a partir dessa publicação:(322)</p><p>5203/2025-840.130/2025-R. R. DOMINGUES MINERIOS-</p><p class="assina">WERTHER LARRAZABAL DA SILVA JÚNIOR</p>]]></Texto>
  </body>
  <Midias />
</article></xml>