﻿<xml><article id="44735792" name="Portaria FP 31 07 2025 Descreden" idOficio="11191432" pubName="DO1" artType="Despacho" pubDate="01/08/2025" artClass="00047:00039:00000:00000:00000:00000:00000:00000:00000:00000:00024:00000" artCategory="Ministério da Saúde/Secretaria de Ciência, Tecnologia e Inovação e do Complexo Econômico-Industrial da Saúde" artSize="24" artNotes="" numberPage="137" pdfPage="http://pesquisa.in.gov.br/imprensa/jsp/visualiza/index.jsp?data=01/08/2025&amp;jornal=515&amp;pagina=137" editionNumber="144" highlightType="" highlightPriority="" highlight="" highlightimage="" highlightimagename="" idMateria="22948776">
  <body>
    <Identifica />
    <Data><![CDATA[]]></Data>
    <Ementa />
    <Titulo />
    <SubTitulo />
    <Texto><![CDATA[<p /><p></p><table><tr /><tr><td rowspan="1" colspan="1"><p>1412</p></td><td rowspan="1" colspan="1"><p>04693093000138</p></td><td rowspan="1" colspan="1"><p>TARF COMERCIO DE MEDICAMENTOS LTDA</p></td><td rowspan="1" colspan="1"><p>MT</p></td><td rowspan="1" colspan="1"><p>RONDONOPOLIS</p></td><td rowspan="1" colspan="1"><p>25000021194200954</p></td></tr><tr><td rowspan="1" colspan="1"><p>1413</p></td><td rowspan="1" colspan="1"><p>10720510000278</p></td><td rowspan="1" colspan="1"><p>BONI COMERCIO DE MEDICAMENTOS LTDA</p></td><td rowspan="1" colspan="1"><p>MT</p></td><td rowspan="1" colspan="1"><p>SANTO AFONSO</p></td><td rowspan="1" colspan="1"><p>25000072097201063</p></td></tr><tr><td rowspan="1" colspan="1"><p>1414</p></td><td rowspan="1" colspan="1"><p>03850127000198</p></td><td rowspan="1" colspan="1"><p>FARMACIA FACIFARMA LTDA</p></td><td rowspan="1" colspan="1"><p>MT</p></td><td rowspan="1" colspan="1"><p>SAPEZAL</p></td><td rowspan="1" colspan="1"><p>25000042709201506</p></td></tr><tr><td rowspan="1" colspan="1"><p>1415</p></td><td rowspan="1" colspan="1"><p>04553121000111</p></td><td rowspan="1" colspan="1"><p>DROGARIA VIVER BEM LTDA</p></td><td rowspan="1" colspan="1"><p>MT</p></td><td rowspan="1" colspan="1"><p>SINOP</p></td><td rowspan="1" colspan="1"><p>25000018296201115</p></td></tr><tr><td rowspan="1" colspan="1"><p>1416</p></td><td rowspan="1" colspan="1"><p>12020493000100</p></td><td rowspan="1" colspan="1"><p>FARMACIA FIGUEIRA LTDA</p></td><td rowspan="1" colspan="1"><p>MT</p></td><td rowspan="1" colspan="1"><p>SINOP</p></td><td rowspan="1" colspan="1"><p>25000195940201089</p></td></tr><tr><td rowspan="1" colspan="1"><p>1417</p></td><td rowspan="1" colspan="1"><p>10905510000161</p></td><td rowspan="1" colspan="1"><p>FARMACIA ITAUBAS LTDA</p></td><td rowspan="1" colspan="1"><p>MT</p></td><td rowspan="1" colspan="1"><p>SINOP</p></td><td rowspan="1" colspan="1"><p>25000007647201154</p></td></tr><tr><td rowspan="1" colspan="1"><p>1418</p></td><td rowspan="1" colspan="1"><p>13398157000169</p></td><td rowspan="1" colspan="1"><p>FARMACIA MALU LTDA</p></td><td rowspan="1" colspan="1"><p>MT</p></td><td rowspan="1" colspan="1"><p>SINOP</p></td><td rowspan="1" colspan="1"><p>25000141447201120</p></td></tr><tr><td rowspan="1" colspan="1"><p>1419</p></td><td rowspan="1" colspan="1"><p>10696606000167</p></td><td rowspan="1" colspan="1"><p>ILDON DE ASSIS</p></td><td rowspan="1" colspan="1"><p>MT</p></td><td rowspan="1" colspan="1"><p>SINOP</p></td><td rowspan="1" colspan="1"><p>25000210193201016</p></td></tr><tr><td rowspan="1" colspan="1"><p>1420</p></td><td rowspan="1" colspan="1"><p>08816323000160</p></td><td rowspan="1" colspan="1"><p>JOELMA SCHNEIDER &amp; CIA LTDA</p></td><td rowspan="1" colspan="1"><p>MT</p></td><td rowspan="1" colspan="1"><p>SINOP</p></td><td rowspan="1" colspan="1"><p>25000049236201136</p></td></tr><tr><td rowspan="1" colspan="1"><p>1421</p></td><td rowspan="1" colspan="1"><p>07538024000148</p></td><td rowspan="1" colspan="1"><p>PATRICIA COLLA DE ANDRADE</p></td><td rowspan="1" colspan="1"><p>MT</p></td><td rowspan="1" colspan="1"><p>SINOP</p></td><td rowspan="1" colspan="1"><p>25000498055200915</p></td></tr><tr><td rowspan="1" colspan="1"><p>1422</p></td><td rowspan="1" colspan="1"><p>04743637000129</p></td><td rowspan="1" colspan="1"><p>DROGARIA MORADA DO SOL LTDA</p></td><td rowspan="1" colspan="1"><p>MT</p></td><td rowspan="1" colspan="1"><p>SORRISO</p></td><td rowspan="1" colspan="1"><p>25000048426200911</p></td></tr><tr><td rowspan="1" colspan="1"><p>1423</p></td><td rowspan="1" colspan="1"><p>19049150000118</p></td><td rowspan="1" colspan="1"><p>DROGARIA VIDA FARMA LTDA</p></td><td rowspan="1" colspan="1"><p>MT</p></td><td rowspan="1" colspan="1"><p>SORRISO</p></td><td rowspan="1" colspan="1"><p>25000026918201502</p></td></tr><tr><td rowspan="1" colspan="1"><p>1424</p></td><td rowspan="1" colspan="1"><p>08252087000104</p></td><td rowspan="1" colspan="1"><p>F. F. BOTINI</p></td><td rowspan="1" colspan="1"><p>MT</p></td><td rowspan="1" colspan="1"><p>TANGARA DA SERRA</p></td><td rowspan="1" colspan="1"><p>25000108623201201</p></td></tr><tr><td rowspan="1" colspan="1"><p>1425</p></td><td rowspan="1" colspan="1"><p>07680145000391</p></td><td rowspan="1" colspan="1"><p>FARMAVIP COMERCIO DE MEDICAMENTOS E PERFUMARIA LTDA</p></td><td rowspan="1" colspan="1"><p>MT</p></td><td rowspan="1" colspan="1"><p>TANGARA DA SERRA</p></td><td rowspan="1" colspan="1"><p>25000046625201291</p></td></tr><tr><td rowspan="1" colspan="1"><p>1426</p></td><td rowspan="1" colspan="1"><p>08359099000124</p></td><td rowspan="1" colspan="1"><p>FABIANA C ROCHA</p></td><td rowspan="1" colspan="1"><p>MT</p></td><td rowspan="1" colspan="1"><p>TORIXOREU</p></td><td rowspan="1" colspan="1"><p>25000036804201139</p></td></tr><tr><td rowspan="1" colspan="1"><p>1427</p></td><td rowspan="1" colspan="1"><p>00447821005130</p></td><td rowspan="1" colspan="1"><p>DROGARIA ROSARIO S/A</p></td><td rowspan="1" colspan="1"><p>MT</p></td><td rowspan="1" colspan="1"><p>VARZEA GRANDE</p></td><td rowspan="1" colspan="1"><p>25000044104200651</p></td></tr><tr><td rowspan="1" colspan="1"><p>1428</p></td><td rowspan="1" colspan="1"><p>36885044000193</p></td><td rowspan="1" colspan="1"><p>JESUS ROBERTO ROCHA</p></td><td rowspan="1" colspan="1"><p>MT</p></td><td rowspan="1" colspan="1"><p>VARZEA GRANDE</p></td><td rowspan="1" colspan="1"><p>25000046601201231</p></td></tr><tr><td rowspan="1" colspan="1"><p>1429</p></td><td rowspan="1" colspan="1"><p>03459833000537</p></td><td rowspan="1" colspan="1"><p>M.C.G COMERCIO DE MEDICAMENTOS LTDA</p></td><td rowspan="1" colspan="1"><p>MT</p></td><td rowspan="1" colspan="1"><p>VARZEA GRANDE</p></td><td rowspan="1" colspan="1"><p>25000166477201149</p></td></tr><tr><td rowspan="1" colspan="1"><p>1430</p></td><td rowspan="1" colspan="1"><p>15418205005802</p></td><td rowspan="1" colspan="1"><p>SAO BENTO COMERCIO DE MEDICAMENTOS E PERFUMARIA LTDA EM RECUPERACAO JUDICIAL</p></td><td rowspan="1" colspan="1"><p>MT</p></td><td rowspan="1" colspan="1"><p>VARZEA GRANDE</p></td><td rowspan="1" colspan="1"><p>25000097975200677</p></td></tr><tr><td rowspan="1" colspan="1"><p>1431</p></td><td rowspan="1" colspan="1"><p>06168851000124</p></td><td rowspan="1" colspan="1"><p>DROGARIA POPULAR TOLLEDO LTDA</p></td><td rowspan="1" colspan="1"><p>MT</p></td><td rowspan="1" colspan="1"><p>VILA BELA DA SANTISSIMA TRINDADE</p></td><td rowspan="1" colspan="1"><p>25000058461201597</p></td></tr><tr><td rowspan="1" colspan="1"><p>1432</p></td><td rowspan="1" colspan="1"><p>83754234002103</p></td><td rowspan="1" colspan="1"><p>DISTRIBUIDORA BIG BENN SA FALIDO</p></td><td rowspan="1" colspan="1"><p>PA</p></td><td rowspan="1" colspan="1"><p>ABAETETUBA</p></td><td rowspan="1" colspan="1"><p>25000527834200935</p></td></tr><tr><td rowspan="1" colspan="1"><p>1433</p></td><td rowspan="1" colspan="1"><p>10266164000119</p></td><td rowspan="1" colspan="1"><p>L T DOS SANTOS COMERCIO</p></td><td rowspan="1" colspan="1"><p>PA</p></td><td rowspan="1" colspan="1"><p>ABEL FIGUEIREDO</p></td><td rowspan="1" colspan="1"><p>25000170177201245</p></td></tr><tr><td rowspan="1" colspan="1"><p>1434</p></td><td rowspan="1" colspan="1"><p>14717136000121</p></td><td rowspan="1" colspan="1"><p>ANTONIO MARQUES DA COSTA</p></td><td rowspan="1" colspan="1"><p>PA</p></td><td rowspan="1" colspan="1"><p>AGUA AZUL DO NORTE</p></td><td rowspan="1" colspan="1"><p>25000160207201396</p></td></tr><tr><td rowspan="1" colspan="1"><p>1435</p></td><td rowspan="1" colspan="1"><p>03209485000116</p></td><td rowspan="1" colspan="1"><p>DROGA SOMA COMERCIO DE MEDICAMENTOS LTDA</p></td><td rowspan="1" colspan="1"><p>PA</p></td><td rowspan="1" colspan="1"><p>AGUA AZUL DO NORTE</p></td><td rowspan="1" colspan="1"><p>25000115814201059</p></td></tr><tr><td rowspan="1" colspan="1"><p>1436</p></td><td rowspan="1" colspan="1"><p>16622368000121</p></td><td rowspan="1" colspan="1"><p>SANTA MARIA EMPREENDIMENTOS LTDA</p></td><td rowspan="1" colspan="1"><p>PA</p></td><td rowspan="1" colspan="1"><p>ALENQUER</p></td><td rowspan="1" colspan="1"><p>25000077545201368</p></td></tr><tr><td rowspan="1" colspan="1"><p>1437</p></td><td rowspan="1" colspan="1"><p>83754234007164</p></td><td rowspan="1" colspan="1"><p>DISTRIBUIDORA BIG BENN SA FALIDO</p></td><td rowspan="1" colspan="1"><p>PA</p></td><td rowspan="1" colspan="1"><p>ALTAMIRA</p></td><td rowspan="1" colspan="1"><p>25000527834200935</p></td></tr><tr><td rowspan="1" colspan="1"><p>1438</p></td><td rowspan="1" colspan="1"><p>83754234008306</p></td><td rowspan="1" colspan="1"><p>DISTRIBUIDORA BIG BENN SA FALIDO</p></td><td rowspan="1" colspan="1"><p>PA</p></td><td rowspan="1" colspan="1"><p>ALTAMIRA</p></td><td rowspan="1" colspan="1"><p>25000527834200935</p></td></tr><tr><td rowspan="1" colspan="1"><p>1439</p></td><td rowspan="1" colspan="1"><p>13041340000102</p></td><td rowspan="1" colspan="1"><p>PRIMAVERA COMERCIO DE MEDICAMENTOS LTDA</p></td><td rowspan="1" colspan="1"><p>PA</p></td><td rowspan="1" colspan="1"><p>ALTAMIRA</p></td><td rowspan="1" colspan="1"><p>25000111096201122</p></td></tr><tr><td rowspan="1" colspan="1"><p>1440</p></td><td rowspan="1" colspan="1"><p>83754234002286</p></td><td rowspan="1" colspan="1"><p>DISTRIBUIDORA BIG BENN SA FALIDO</p></td><td rowspan="1" colspan="1"><p>PA</p></td><td rowspan="1" colspan="1"><p>ANANINDEUA</p></td><td rowspan="1" colspan="1"><p>25000527834200935</p></td></tr><tr><td rowspan="1" colspan="1"><p>1441</p></td><td rowspan="1" colspan="1"><p>83754234008489</p></td><td rowspan="1" colspan="1"><p>DISTRIBUIDORA BIG BENN SA FALIDO</p></td><td rowspan="1" colspan="1"><p>PA</p></td><td rowspan="1" colspan="1"><p>ANANINDEUA</p></td><td rowspan="1" colspan="1"><p>25000527834200935</p></td></tr><tr><td rowspan="1" colspan="1"><p>1442</p></td><td rowspan="1" colspan="1"><p>83754234001557</p></td><td rowspan="1" colspan="1"><p>DISTRIBUIDORA BIG BENN SA FALIDO</p></td><td rowspan="1" colspan="1"><p>PA</p></td><td rowspan="1" colspan="1"><p>ANANINDEUA</p></td><td rowspan="1" colspan="1"><p>25000527834200935</p></td></tr><tr><td rowspan="1" colspan="1"><p>1443</p></td><td rowspan="1" colspan="1"><p>83754234001476</p></td><td rowspan="1" colspan="1"><p>DISTRIBUIDORA BIG BENN SA FALIDO</p></td><td rowspan="1" colspan="1"><p>PA</p></td><td rowspan="1" colspan="1"><p>ANANINDEUA</p></td><td rowspan="1" colspan="1"><p>25000527834200935</p></td></tr><tr><td rowspan="1" colspan="1"><p>1444</p></td><td rowspan="1" colspan="1"><p>83754234016406</p></td><td rowspan="1" colspan="1"><p>DISTRIBUIDORA BIG BENN SA FALIDO</p></td><td rowspan="1" colspan="1"><p>PA</p></td><td rowspan="1" colspan="1"><p>ANANINDEUA</p></td><td rowspan="1" colspan="1"><p>25000527834200935</p></td></tr><tr><td rowspan="1" colspan="1"><p>1445</p></td><td rowspan="1" colspan="1"><p>83754234015698</p></td><td rowspan="1" colspan="1"><p>DISTRIBUIDORA BIG BENN SA FALIDO</p></td><td rowspan="1" colspan="1"><p>PA</p></td><td rowspan="1" colspan="1"><p>ANANINDEUA</p></td><td rowspan="1" colspan="1"><p>25000527834200935</p></td></tr><tr><td rowspan="1" colspan="1"><p>1446</p></td><td rowspan="1" colspan="1"><p>83754234000909</p></td><td rowspan="1" colspan="1"><p>DISTRIBUIDORA BIG BENN SA FALIDO</p></td><td rowspan="1" colspan="1"><p>PA</p></td><td rowspan="1" colspan="1"><p>ANANINDEUA</p></td><td rowspan="1" colspan="1"><p>25000527834200935</p></td></tr><tr><td rowspan="1" colspan="1"><p>1447</p></td><td rowspan="1" colspan="1"><p>83754234001123</p></td><td rowspan="1" colspan="1"><p>DISTRIBUIDORA BIG BENN SA FALIDO</p></td><td rowspan="1" colspan="1"><p>PA</p></td><td rowspan="1" colspan="1"><p>ANANINDEUA</p></td><td rowspan="1" colspan="1"><p>25000527834200935</p></td></tr><tr><td rowspan="1" colspan="1"><p>1448</p></td><td rowspan="1" colspan="1"><p>83754234009965</p></td><td rowspan="1" colspan="1"><p>DISTRIBUIDORA BIG BENN SA FALIDO</p></td><td rowspan="1" colspan="1"><p>PA</p></td><td rowspan="1" colspan="1"><p>ANANINDEUA</p></td><td rowspan="1" colspan="1"><p>25000527834200935</p></td></tr><tr><td rowspan="1" colspan="1"><p>1449</p></td><td rowspan="1" colspan="1"><p>83754234021825</p></td><td rowspan="1" colspan="1"><p>DISTRIBUIDORA BIG BENN SA FALIDO</p></td><td rowspan="1" colspan="1"><p>PA</p></td><td rowspan="1" colspan="1"><p>ANANINDEUA</p></td><td rowspan="1" colspan="1"><p>25000527834200935</p></td></tr><tr><td rowspan="1" colspan="1"><p>1450</p></td><td rowspan="1" colspan="1"><p>83754234016317</p></td><td rowspan="1" colspan="1"><p>DISTRIBUIDORA BIG BENN SA FALIDO</p></td><td rowspan="1" colspan="1"><p>PA</p></td><td rowspan="1" colspan="1"><p>ANANINDEUA</p></td><td rowspan="1" colspan="1"><p>25000527834200935</p></td></tr><tr><td rowspan="1" colspan="1"><p>1451</p></td><td rowspan="1" colspan="1"><p>83754234013059</p></td><td rowspan="1" colspan="1"><p>DISTRIBUIDORA BIG BENN SA FALIDO</p></td><td rowspan="1" colspan="1"><p>PA</p></td><td rowspan="1" colspan="1"><p>ANANINDEUA</p></td><td rowspan="1" colspan="1"><p>25000527834200935</p></td></tr><tr><td rowspan="1" colspan="1"><p>1452</p></td><td rowspan="1" colspan="1"><p>07180172000133</p></td><td rowspan="1" colspan="1"><p>C A DE SOUSA COMERCIO VAREJISTA DE PRODUTOS FARMACEUTICOS</p></td><td rowspan="1" colspan="1"><p>PA</p></td><td rowspan="1" colspan="1"><p>ANAPU</p></td><td rowspan="1" colspan="1"><p>25000158188201338</p></td></tr><tr><td rowspan="1" colspan="1"><p>1453</p></td><td rowspan="1" colspan="1"><p>83754234013644</p></td><td rowspan="1" colspan="1"><p>DISTRIBUIDORA BIG BENN SA FALIDO</p></td><td rowspan="1" colspan="1"><p>PA</p></td><td rowspan="1" colspan="1"><p>BARCARENA</p></td><td rowspan="1" colspan="1"><p>25000527834200935</p></td></tr><tr><td rowspan="1" colspan="1"><p>1454</p></td><td rowspan="1" colspan="1"><p>83754234008721</p></td><td rowspan="1" colspan="1"><p>DISTRIBUIDORA BIG BENN SA FALIDO</p></td><td rowspan="1" colspan="1"><p>PA</p></td><td rowspan="1" colspan="1"><p>BELEM</p></td><td rowspan="1" colspan="1"><p>25000527834200935</p></td></tr><tr><td rowspan="1" colspan="1"><p>1455</p></td><td rowspan="1" colspan="1"><p>83754234003177</p></td><td rowspan="1" colspan="1"><p>DISTRIBUIDORA BIG BENN SA FALIDO</p></td><td rowspan="1" colspan="1"><p>PA</p></td><td rowspan="1" colspan="1"><p>BELEM</p></td><td rowspan="1" colspan="1"><p>25000527834200935</p></td></tr><tr><td rowspan="1" colspan="1"><p>1456</p></td><td rowspan="1" colspan="1"><p>83754234004653</p></td><td rowspan="1" colspan="1"><p>DISTRIBUIDORA BIG BENN SA FALIDO</p></td><td rowspan="1" colspan="1"><p>PA</p></td><td rowspan="1" colspan="1"><p>BELEM</p></td><td rowspan="1" colspan="1"><p>25000527834200935</p></td></tr><tr><td rowspan="1" colspan="1"><p>1457</p></td><td rowspan="1" colspan="1"><p>83754234004815</p></td><td rowspan="1" colspan="1"><p>DISTRIBUIDORA BIG BENN SA FALIDO</p></td><td rowspan="1" colspan="1"><p>PA</p></td><td rowspan="1" colspan="1"><p>BELEM</p></td><td rowspan="1" colspan="1"><p>25000527834200935</p></td></tr><tr><td rowspan="1" colspan="1"><p>1458</p></td><td rowspan="1" colspan="1"><p>83754234007083</p></td><td rowspan="1" colspan="1"><p>DISTRIBUIDORA BIG BENN SA FALIDO</p></td><td rowspan="1" colspan="1"><p>PA</p></td><td rowspan="1" colspan="1"><p>BELEM</p></td><td rowspan="1" colspan="1"><p>25000527834200935</p></td></tr><tr><td rowspan="1" colspan="1"><p>1459</p></td><td rowspan="1" colspan="1"><p>83754234012753</p></td><td rowspan="1" colspan="1"><p>DISTRIBUIDORA BIG BENN SA FALIDO</p></td><td rowspan="1" colspan="1"><p>PA</p></td><td rowspan="1" colspan="1"><p>BELEM</p></td><td rowspan="1" colspan="1"><p>25000527834200935</p></td></tr><tr><td rowspan="1" colspan="1"><p>1460</p></td><td rowspan="1" colspan="1"><p>83754234000402</p></td><td rowspan="1" colspan="1"><p>DISTRIBUIDORA BIG BENN SA FALIDO</p></td><td rowspan="1" colspan="1"><p>PA</p></td><td rowspan="1" colspan="1"><p>BELEM</p></td><td rowspan="1" colspan="1"><p>25000527834200935</p></td></tr><tr><td rowspan="1" colspan="1"><p>1461</p></td><td rowspan="1" colspan="1"><p>83754234001808</p></td><td rowspan="1" colspan="1"><p>DISTRIBUIDORA BIG BENN SA FALIDO</p></td><td rowspan="1" colspan="1"><p>PA</p></td><td rowspan="1" colspan="1"><p>BELEM</p></td><td rowspan="1" colspan="1"><p>25000527834200935</p></td></tr><tr><td rowspan="1" colspan="1"><p>1462</p></td><td rowspan="1" colspan="1"><p>83754234003339</p></td><td rowspan="1" colspan="1"><p>DISTRIBUIDORA BIG BENN SA FALIDO</p></td><td rowspan="1" colspan="1"><p>PA</p></td><td rowspan="1" colspan="1"><p>BELEM</p></td><td rowspan="1" colspan="1"><p>25000527834200935</p></td></tr><tr><td rowspan="1" colspan="1"><p>1463</p></td><td rowspan="1" colspan="1"><p>83754234008640</p></td><td rowspan="1" colspan="1"><p>DISTRIBUIDORA BIG BENN SA FALIDO</p></td><td rowspan="1" colspan="1"><p>PA</p></td><td rowspan="1" colspan="1"><p>BELEM</p></td><td rowspan="1" colspan="1"><p>25000527834200935</p></td></tr><tr><td rowspan="1" colspan="1"><p>1464</p></td><td rowspan="1" colspan="1"><p>83754234002448</p></td><td rowspan="1" colspan="1"><p>DISTRIBUIDORA BIG BENN SA FALIDO</p></td><td rowspan="1" colspan="1"><p>PA</p></td><td rowspan="1" colspan="1"><p>BELEM</p></td><td rowspan="1" colspan="1"><p>25000527834200935</p></td></tr><tr><td rowspan="1" colspan="1"><p>1465</p></td><td rowspan="1" colspan="1"><p>83754234003509</p></td><td rowspan="1" colspan="1"><p>DISTRIBUIDORA BIG BENN SA FALIDO</p></td><td rowspan="1" colspan="1"><p>PA</p></td><td rowspan="1" colspan="1"><p>BELEM</p></td><td rowspan="1" colspan="1"><p>25000527834200935</p></td></tr><tr><td rowspan="1" colspan="1"><p>1466</p></td><td rowspan="1" colspan="1"><p>83754234002790</p></td><td rowspan="1" colspan="1"><p>DISTRIBUIDORA BIG BENN SA FALIDO</p></td><td rowspan="1" colspan="1"><p>PA</p></td><td rowspan="1" colspan="1"><p>BELEM</p></td><td rowspan="1" colspan="1"><p>25000527834200935</p></td></tr><tr><td rowspan="1" colspan="1"><p>1467</p></td><td rowspan="1" colspan="1"><p>83754234023011</p></td><td rowspan="1" colspan="1"><p>DISTRIBUIDORA BIG BENN SA FALIDO</p></td><td rowspan="1" colspan="1"><p>PA</p></td><td rowspan="1" colspan="1"><p>BELEM</p></td><td rowspan="1" colspan="1"><p>25000527834200935</p></td></tr><tr><td rowspan="1" colspan="1"><p>1468</p></td><td rowspan="1" colspan="1"><p>83754234002871</p></td><td rowspan="1" colspan="1"><p>DISTRIBUIDORA BIG BENN SA FALIDO</p></td><td rowspan="1" colspan="1"><p>PA</p></td><td rowspan="1" colspan="1"><p>BELEM</p></td><td rowspan="1" colspan="1"><p>25000527834200935</p></td></tr><tr><td rowspan="1" colspan="1"><p>1469</p></td><td rowspan="1" colspan="1"><p>83754234013130</p></td><td rowspan="1" colspan="1"><p>DISTRIBUIDORA BIG BENN SA FALIDO</p></td><td rowspan="1" colspan="1"><p>PA</p></td><td rowspan="1" colspan="1"><p>BELEM</p></td><td rowspan="1" colspan="1"><p>25000527834200935</p></td></tr><tr><td rowspan="1" colspan="1"><p>1470</p></td><td rowspan="1" colspan="1"><p>83754234004068</p></td><td rowspan="1" colspan="1"><p>DISTRIBUIDORA BIG BENN SA FALIDO</p></td><td rowspan="1" colspan="1"><p>PA</p></td><td rowspan="1" colspan="1"><p>BELEM</p></td><td rowspan="1" colspan="1"><p>25000527834200935</p></td></tr><tr><td rowspan="1" colspan="1"><p>1471</p></td><td rowspan="1" colspan="1"><p>83754234004220</p></td><td rowspan="1" colspan="1"><p>DISTRIBUIDORA BIG BENN SA FALIDO</p></td><td rowspan="1" colspan="1"><p>PA</p></td><td rowspan="1" colspan="1"><p>BELEM</p></td><td rowspan="1" colspan="1"><p>25000527834200935</p></td></tr><tr><td rowspan="1" colspan="1"><p>1472</p></td><td rowspan="1" colspan="1"><p>83754234002952</p></td><td rowspan="1" colspan="1"><p>DISTRIBUIDORA BIG BENN SA FALIDO</p></td><td rowspan="1" colspan="1"><p>PA</p></td><td rowspan="1" colspan="1"><p>BELEM</p></td><td rowspan="1" colspan="1"><p>25000527834200935</p></td></tr><tr><td rowspan="1" colspan="1"><p>1473</p></td><td rowspan="1" colspan="1"><p>83754234014969</p></td><td rowspan="1" colspan="1"><p>DISTRIBUIDORA BIG BENN SA FALIDO</p></td><td rowspan="1" colspan="1"><p>PA</p></td><td rowspan="1" colspan="1"><p>BELEM</p></td><td rowspan="1" colspan="1"><p>25000527834200935</p></td></tr><tr><td rowspan="1" colspan="1"><p>1474</p></td><td rowspan="1" colspan="1"><p>83754234008993</p></td><td rowspan="1" colspan="1"><p>DISTRIBUIDORA BIG BENN SA FALIDO</p></td><td rowspan="1" colspan="1"><p>PA</p></td><td rowspan="1" colspan="1"><p>BELEM</p></td><td rowspan="1" colspan="1"><p>25000527834200935</p></td></tr></table>]]></Texto>
  </body>
  <Midias />
</article></xml>