﻿<xml><article id="44745456" name="2025-08-01/11191596/ANMWS_229490" idOficio="11191596" pubName="DO1" artType="Despacho" pubDate="04/08/2025" artClass="00035:00044:00023:00000:00000:00000:00000:00000:00000:00000:00024:00122" artCategory="Ministério de Minas e Energia/Agência Nacional de Mineração/Gerência da ANM no Estado de Pernambuco" artSize="12" artNotes="" numberPage="55" pdfPage="http://pesquisa.in.gov.br/imprensa/jsp/visualiza/index.jsp?data=04/08/2025&amp;jornal=515&amp;pagina=55" editionNumber="145" highlightType="" highlightPriority="" highlight="" highlightimage="" highlightimagename="" idMateria="22949072">
  <body>
    <Identifica><![CDATA[Despacho]]></Identifica>
    <Data><![CDATA[]]></Data>
    <Ementa />
    <Titulo />
    <SubTitulo />
    <Texto><![CDATA[<p class="identifica">Despacho</p><p>Relação nº 122/2025</p><p>Fase de Requerimento de Pesquisa</p><p>O GERENTE REGIONAL DA AGÊNCIA NACIONAL DE MINERAÇÃO, no uso da competência delegada de que trata o Art. 1°, inciso I, alínea "a" da Portaria nº 1712, de 8 de novembro de 2024, e com fundamento no art. 15, do Decreto-lei n° 227, de 28 de fevereiro de 1967, (Código de Mineração), e no art. 2°, inciso XVII da Lei 13.575/2017, outorga o(s) seguinte(s) Alvará(s) de Pesquisa, pelo prazo de 02 anos, com vigência a partir dessa publicação:(322)</p><p>5252/2025-840.285/2024-JOSE AMARO SERENO FILHO-</p><p>5253/2025-840.336/2024-KLEITON DELLEHON ARCOVERDE DOS SANTOS-</p><p>5249/2025-840.238/2024-REGINALDO DE AMORIM VIANA-</p><p>5255/2025-840.112/2025-ARENITO MINERACAO LTDA-</p><p>5251/2025-840.245/2024-AGRO INDUSTRIAL SANTA CECILIA LTDA-</p><p>5254/2025-840.031/2025-MONTE SINAI MINERACAO E RECICLAGEM LTDA-</p><p>5250/2025-840.239/2024-ARAUJO GALVÃO MINERAÇÃO EIRELI ME-</p><p>O GERENTE REGIONAL DA AGÊNCIA NACIONAL DE MINERAÇÃO, no uso da competência delegada de que trata o Art. 1°, inciso I, alínea "a" da Portaria nº 1712, de 8 de novembro de 2024, e com fundamento no art. 15, do Decreto-lei n° 227, de 28 de fevereiro de 1967, (Código de Mineração), e no art. 2°, inciso XVII da Lei 13.575/2017, outorga o(s) seguinte(s) Alvará(s) de Pesquisa, pelo prazo de 03 anos, com vigência a partir dessa publicação:(323)</p><p>5256/2025-840.232/2024-GLENCORE MINERACAO COMERCIO EXPORTACAO E IMPORTACAO LTDA-</p><p class="assina">WERTHER LARRAZABAL DA SILVA JÚNIOR</p>]]></Texto>
  </body>
  <Midias />
</article></xml>