﻿<xml><article id="44726318" name="Port. nA 1097 - Estrutura" idOficio="11190210" pubName="DO1" artType="Portaria" pubDate="01/08/2025" artClass="00025:00056:00001:00000:00000:00000:00000:00000:00000:00000:00054:00000" artCategory="Ministério da Educação/Instituto Federal de Educação, Ciência e Tecnologia do Amazonas/Reitoria" artSize="12" artNotes="" numberPage="24" pdfPage="http://pesquisa.in.gov.br/imprensa/jsp/visualiza/index.jsp?data=01/08/2025&amp;jornal=515&amp;pagina=24" editionNumber="144" highlightType="" highlightPriority="" highlight="" highlightimage="" highlightimagename="" idMateria="22946660">
  <body>
    <Identifica><![CDATA[ PORTARIA Nº 1.097/GR/IFAM, DE 24 DE JULHO DE 2025]]></Identifica>
    <Data><![CDATA[]]></Data>
    <Ementa />
    <Titulo />
    <SubTitulo />
    <Texto><![CDATA[<p class="identifica">PORTARIA Nº 1.097/GR/IFAM, DE 24 DE JULHO DE 2025</p><p>A REITORA SUBSTITUTA DO INSTITUTO FEDERAL DE EDUCAÇÃO, CIÊNCIA E TECNOLOGIA DO AMAZONAS - IFAM, no uso de suas atribuições legais e estatutárias que lhe confere a Portaria nº 532/GR/IFAM, de 31/03/2022, publicada no Diário Oficial da União - DOU Nº 63, de 1º/04/2022, Seção 2, pág. 32, e, de acordo com a documentação contida no Processo nº 23443.003215/2025-35, resolve:</p><p>Art. 1º EXTINGUIR da estrutura organizacional do Instituto Federal de Educação, Ciência e Tecnologia do Amazonas - IFAM/Campus Manaus Centro, a Coordenação conforme abaixo:</p><p /><p></p><table><tr /><tr><td rowspan="1" colspan="1"><p>NOMENCLATURA</p></td><td rowspan="1" colspan="1"><p>VINCULAÇÃO</p></td><td rowspan="1" colspan="1"><p>CÓDIGO</p></td></tr><tr><td rowspan="1" colspan="1"><p>Coordenação do Curso Superior de Tecnologia em Construção de Edifícios</p></td><td rowspan="1" colspan="1"><p>Departamento Acadêmico</p><p>de Infraestrutura</p></td><td rowspan="1" colspan="1"><p>FCC</p></td></tr></table><p>Art. 2º CRIAR na estrutura organizacional do Instituto Federal de Educação, Ciência e Tecnologia do Amazonas - IFAM/Campus Manaus Centro, a Coordenação conforme abaixo:</p><p /><p></p><table><tr /><tr><td rowspan="1" colspan="1"><p>NOMENCLATURA</p></td><td rowspan="1" colspan="1"><p>VINCULAÇÃO</p></td><td rowspan="1" colspan="1"><p>CÓDIGO</p></td></tr><tr><td rowspan="1" colspan="1"><p>Coordenação do Curso Superior</p><p>de Ciência da Computação</p></td><td rowspan="1" colspan="1"><p>Departamento Acadêmico de Informação e Comunicação</p></td><td rowspan="1" colspan="1"><p>FCC</p></td></tr></table><p>Art. 3º Esta Portaria entra em vigor na data de sua publicação.</p><p class="assina">MARIA FRANCISCA MORAIS DE LIMA</p>]]></Texto>
  </body>
  <Midias />
</article></xml>