﻿<xml><article id="44722547" name="RESOLUCAO CGPISF NA 06 2025_001" idOficio="11189017" pubName="DO1" artType="Resolução" pubDate="01/08/2025" artClass="00032:00032:00000:00000:00000:00000:00000:00000:00000:00000:00064:00000" artCategory="Ministério da Integração e do Desenvolvimento Regional/Secretaria Nacional de Segurança Hídrica" artSize="24" artNotes="" numberPage="62" pdfPage="http://pesquisa.in.gov.br/imprensa/jsp/visualiza/index.jsp?data=01/08/2025&amp;jornal=515&amp;pagina=62" editionNumber="144" highlightType="" highlightPriority="" highlight="" highlightimage="" highlightimagename="" idMateria="22944955">
  <body>
    <Identifica><![CDATA[ RESOLUÇÃO CGPISF Nº 6, de 18 de julho de 2025]]></Identifica>
    <Data><![CDATA[]]></Data>
    <Ementa><![CDATA[Estabelece as diretrizes básicas para elaboração do Plano de Gestão Anual - PGA, exercício 2026, do Projeto de Integração do Rio São Francisco com Bacias Hidrográficas do Nordeste Setentrional - PISF.]]></Ementa>
    <Titulo />
    <SubTitulo />
    <Texto><![CDATA[<p class="identifica">RESOLUÇÃO CGPISF Nº 6, de 18 de julho de 2025</p><p class="ementa">Estabelece as diretrizes básicas para elaboração do Plano de Gestão Anual - PGA, exercício 2026, do Projeto de Integração do Rio São Francisco com Bacias Hidrográficas do Nordeste Setentrional - PISF.</p><p>O PRESIDENTE DO CONSELHO GESTOR DO PROJETO DE INTEGRAÇÃO DO RIO SÃO FRANCISCO COM BACIAS HIDROGRÁFICAS DO NORDESTE SETENTRIONAL - CGPISF, tendo em vista o disposto no inciso I, do art. 6º do Decreto nº 5.995, de 19 de dezembro de 2006, resolve:</p><p>Art. 1º Ficam estabelecidas as diretrizes básicas para elaboração do Plano de Gestão Anual - PGA, exercício 2026, do Projeto de Integração do Rio São Francisco com Bacias Hidrográficas do Nordeste Setentrional - PISF na forma desta Resolução.</p><p>Art. 2º O Operador Federal terá disponível para operação toda infraestrutura dos Eixos Norte - EN e Leste - EL, sendo que as entregas das águas poderão ocorrer durante todo o ano nos pontos de entrega elencados no anexo desta Resolução.</p><p>Parágrafo único. As estruturas poderão ter suas operações paralisadas para viabilizar as manutenções previstas nos Canais de ambos os Eixos.</p><p>Art. 3º A repartição de vazões deverá ser compatível com a capacidade de entrega do Operador Federal e com a vazão firme outorgada para o PISF.</p><p>Art. 4º O Operador Federal deverá considerar no planejamento da operação o histórico de paradas de bombeamento não programadas.</p><p>Art. 5º Para a programação do PGA do ano de 2026, o Operador Federal deverá considerar as seguintes intervenções pretendidas para o Sistema PISF, cujas contratações estão previstas para serem iniciadas em 2025:</p><p>I - ampliação da capacidade de bombeamento do Eixo Norte, com previsão de interrupção de:</p><p>a) 2 (dois) dias em julho/2026;</p><p>b) 21 (vinte e um) dias em outubro/2026; e</p><p>c) 3 (três) dias em novembro/2026.</p><p>II - recuperação do Dique Negreiros;</p><p>III - recuperação do Conduto de Baixa Pressão em Concreto Armado do Complexo de Jati;</p><p>IV - substituição da válvula esférica do circuito de adução de Jati;</p><p>V - recuperação dos Poços de Visita da Galeria Monteiro;</p><p>VI - execução de Estruturas dos Medidores de Vazão do Rio Piranhas-Açu; e</p><p>VII - execução do reforço e das lajes para apoio das bombas das Estações EBI-2 e EBI-3 no Eixo Norte.</p><p>§ 1º Para o Eixo Norte, estão previstos serviços de manutenções preventivas que são planejados para ocorrer sem impactar nas entregas e podem consumir parte da disponibilidade nos reservatórios, sendo recomendado prever 30 (trinta) dias de indisponibilidade de bombeamento por ano para essa finalidade.</p><p>§ 2º Para o Eixo Leste, estão previstos serviços de manutenções preventivas e corretivas para reposição e substituição de placas danificadas em canais, com previsão de interrupção de:</p><p>I - 20 (vinte) dias em maio/2026; e</p><p>II - 20 (vinte) dias em setembro/2026.</p><p>§ 3º A metodologia de execução das intervenções deverá priorizar a não interrupção das operações, devendo as datas de execução serem informadas pelo Operador Federal aos Estados Beneficiados e à Agência Nacional de Águas e Saneamento Básico - ANA com antecedência mínima de 60 (sessenta) dias.</p><p>Art. 6º As estruturas referentes aos Sistemas de Abastecimento de Água ao Longo dos Canais, implementados no âmbito do PBA 15 - Programa de Apoio Técnico para Implantação de Infraestrutura de Abastecimento de Água ao Longo dos Canais e aos Sistemas de Irrigação nas Vilas Produtivas Rurais - VPRs, destinados ao atendimento do PBA 16 - Programa de Fornecimento de Água e Apoio Técnico as Pequenas Atividades de Irrigação ao Longo dos Canais para Comunidades Agrícolas, estarão disponíveis para operação em 2026 e deverão ter seus volumes informados nos Planos Operativos Anuais - POAs de seus respectivos Estados, conforme previsto no art. 19 da Resolução ANA nº 168, de 28 de novembro de 2023, ou norma sucedânea.</p><p>Parágrafo único. A relação das estruturas a que se refere o caput está em anexo a esta Resolução.</p><p>Art. 7º O Operador Federal acompanhará a instalação dos medidores de vazão, bem como o cronograma de aferição e calibração dos demais equipamentos de medição, quando estes forem divulgados.</p><p>Parágrafo único. A relação dos medidores de vazão nos pontos de entrega dos Eixos Norte e Leste, bem como sua situação atual, encontra-se em anexo a esta Resolução.</p><p>Art. 8º A solicitação de volumes de água se dará por meio de mensagem de correio eletrônico da Operadora Estadual ao Operador Federal, o qual terá até 15 (quinze) dias para atendimento à solicitação.</p><p>§ 1º A mensagem de correio eletrônico a que se refere o caput deverá indicar o volume mensal a ser disponibilizado, o qual deverá estar compatível com o PGA aprovado, e o respectivo ponto de entrega.</p><p>§ 2º O atendimento à solicitação de volumes de água dependerá da capacidade operacional do sistema.</p><p>§ 3º Deverá haver um interstício mínimo de 30 (trinta) dias entre as solicitações de volumes de água pelas Operadoras Estaduais.</p><p>Art. 9º As alterações no PGA deverão ser solicitadas ao Conselho Gestor do PISF - CGPISF, com interstícios mínimos de 30 (trinta) dias, ressalvadas situações extraordinárias previstas no art. 16, §2º, da Resolução ANA nº 168, de 28 de novembro de 2023, ou norma sucedânea.</p><p>§ 1º Havendo pedidos de revisão do PGA a serem avaliados, o CGPISF convocará reunião para o décimo quinto dia do mês para apreciação, ou em data subsequente, desde que justificada a alteração pelo presidente do Conselho.</p><p>§ 2º Pedidos submetidos à análise do CGPISF, após ocorrida a reunião do mês do pedido, serão avaliadas no mês subsequente.</p><p>Art. 10º Quando da elaboração do PGA, o Operador Federal deverá apresentar as informações elencadas no art. 18 do Decreto nº 5.995, de 19 de dezembro de 2006, e no art. 10 da Resolução ANA nº 168, de 28 de novembro de 2023, ou norma sucedânea.</p><p>Parágrafo único. O Operador Federal poderá justificar a ausência de informação no PGA para os itens que forem dependentes do início da operação comercial.</p><p>Art. 11. Esta Resolução entra em vigor na data de sua publicação.</p><p class="assina">GIUSEPPE SERRA SECA VIEIRA</p><p class="cargo">Secretário Nacional de Segurança Hídrica</p><p>ANEXO</p><p /><p></p><table><tr /><tr><td rowspan="1" colspan="2"><p>Tabela 1. Pontos de Entregas em Operação no Eixo Norte.</p></td></tr><tr><td rowspan="1" colspan="1"><p>Estado</p></td><td rowspan="1" colspan="1"><p>Ponto de Entrega</p></td></tr><tr><td rowspan="1" colspan="1"><p>Ceará</p></td><td rowspan="1" colspan="1"><p>CE01N - Res. Jati - Derivação para o CAC - EC CAC</p></td></tr><tr><td rowspan="1" colspan="1" /><td rowspan="1" colspan="1"><p>CE02N - Reservatório Porcos (água endógena) - TUD PORCOS</p></td></tr><tr><td rowspan="1" colspan="1" /><td rowspan="1" colspan="1"><p>CE03N - Derivação Riacho Cuncas e Rio Salgado - TUD BOA VISTA (DIQUE CUNCAS)</p></td></tr><tr><td rowspan="1" colspan="1" /><td rowspan="1" colspan="1"><p>SAA - Barra de Santana (CAGECE/SISAR) Jati (CE) Canal WBS-1225</p></td></tr><tr><td rowspan="1" colspan="1" /><td rowspan="1" colspan="1"><p>SAA - Complexo Beleza (CAGECE/SISAR) Brejo Santo (CE) Res. Atalho</p></td></tr><tr><td rowspan="1" colspan="1" /><td rowspan="1" colspan="1"><p>SAA - Cipó (CAGECE/SISAR) Mauriti (CE) Canal WBS-1229</p></td></tr><tr><td rowspan="1" colspan="1" /><td rowspan="1" colspan="1"><p>SAA - Gentil (CAGECE/SISAR) Penaforte (CE) Canal WBS-1221</p></td></tr><tr><td rowspan="1" colspan="1" /><td rowspan="1" colspan="1"><p>Joaquim Pequeno da Silva-ENTII-121 Mauriti (CE) Canal WBS - 1233</p></td></tr><tr><td rowspan="1" colspan="1" /><td rowspan="1" colspan="1"><p>Cícero Benedito dos Santos-ENTII-124 Mauriti (CE) Canal WBS - 1233</p></td></tr><tr><td rowspan="1" colspan="1" /><td rowspan="1" colspan="1"><p>Dionísio Maranhão de Figueiredo-ENTII-128 Mauriti (CE) Galeria Sobradinho WBS - 1370</p></td></tr><tr><td rowspan="1" colspan="1" /><td rowspan="1" colspan="1"><p>Dionísio Maranhão de Figueiredo-ENTII-128 Mauriti (CE) Canal WBS - 1234</p></td></tr><tr><td rowspan="1" colspan="1" /><td rowspan="1" colspan="1"><p>Maria Lírio Maranhão de O. Castro-ENTII-128-2 Mauriti (CE) Canal WBS - 1234</p></td></tr><tr><td rowspan="1" colspan="1" /><td rowspan="1" colspan="1"><p>Hortência Maria Maranhão de Brito Bezerra-ENTII-128-3Mauriti (CE) Canal WBS - 1234</p></td></tr><tr><td rowspan="1" colspan="1" /><td rowspan="1" colspan="1"><p>Manoel Raimundo de Lima-ENTII-129 Mauriti (CE) Canal WBS - 1234</p></td></tr><tr><td rowspan="1" colspan="1"><p>Paraíba</p></td><td rowspan="1" colspan="1"><p>PB01N - Res. Morros - TUD MORROS</p></td></tr><tr><td rowspan="1" colspan="1" /><td rowspan="1" colspan="1"><p>PB02N - Res. Boa Vista - TUD BOA VISTA</p></td></tr><tr><td rowspan="1" colspan="1" /><td rowspan="1" colspan="1"><p>PB03N - Res. Caiçara - TUD CAIÇARA</p></td></tr><tr><td rowspan="1" colspan="1" /><td rowspan="1" colspan="1"><p>PB04N - Canal Caiçara / Eng. Ávidos (compensação) - EC CAIÇARA</p></td></tr><tr><td rowspan="1" colspan="1" /><td rowspan="1" colspan="1"><p>RN02N - Rio Piranhas - Divisa PB/RN - RIO PIRANHAS DIVISA PB/RN</p></td></tr><tr><td rowspan="1" colspan="1" /><td rowspan="1" colspan="1"><p>VPR - Irapuá (01) São José de Piranhas (PB) Res. Boa Vista</p></td></tr><tr><td rowspan="1" colspan="1" /><td rowspan="1" colspan="1"><p>VPR - Irapuá (02) São José de Piranhas (PB) Res. Boa Vista</p></td></tr><tr><td rowspan="1" colspan="1" /><td rowspan="1" colspan="1"><p>VPR - Cacaré São José de Piranhas (PB) Res. Boa Vista</p></td></tr><tr><td rowspan="1" colspan="1" /><td rowspan="1" colspan="1"><p>VPR - Bartolomeu Cajazeiras (PB) Res. Caiçara</p></td></tr><tr><td rowspan="1" colspan="1"><p>Pernambuco</p></td><td rowspan="1" colspan="1"><p>PE01N - Res. Tucutu - TUD TUCUTU</p></td></tr><tr><td rowspan="1" colspan="1" /><td rowspan="1" colspan="1"><p>PE02N - Res. Terra Nova - TUD TERRA NOVA</p></td></tr><tr><td rowspan="1" colspan="1" /><td rowspan="1" colspan="1"><p>PE03N - Res. Serra do Livramento - TUD SERRA DO LIVRAMENTO</p></td></tr><tr><td rowspan="1" colspan="1" /><td rowspan="1" colspan="1"><p>PE05N - Res. Mangueira - TUD MANGUEIRA</p></td></tr><tr><td rowspan="1" colspan="1" /><td rowspan="1" colspan="1"><p>PE06N - Res. Negreiros - TUD NEGREIROS</p></td></tr><tr><td rowspan="1" colspan="1" /><td rowspan="1" colspan="1"><p>PE07N - Res. Milagres - Espelho d'água - TUD MILAGRES</p></td></tr><tr><td rowspan="1" colspan="1" /><td rowspan="1" colspan="1"><p>PE03N CAP - Res. Serra do Livramento Espelho d'água - EEAB TERRA NOVA</p></td></tr><tr><td rowspan="1" colspan="1" /><td rowspan="1" colspan="1"><p>EEAB SALGUEIRO</p></td></tr><tr><td rowspan="1" colspan="1" /><td rowspan="1" colspan="1"><p>EEAB SERRITA</p></td></tr><tr><td rowspan="1" colspan="1" /><td rowspan="1" colspan="1"><p>VPR - Captação Cabrobó (PE) Canal WBS-1205</p></td></tr><tr><td rowspan="1" colspan="1" /><td rowspan="1" colspan="1"><p>VPR - Baixio dos Grandes Cabrobó (PE) Canal WBS-1213</p></td></tr><tr><td rowspan="1" colspan="1" /><td rowspan="1" colspan="1"><p>Maria Benvinda Dantas Salmento (Lado Direito) Salgueiro (PE) Canal WBS-1219</p></td></tr><tr><td rowspan="1" colspan="1" /><td rowspan="1" colspan="1"><p>Maria Benvinda Dantas Salmento (Lado Esquerdo) Salgueiro (PE) Canal WBS-1219</p></td></tr></table><p /><p></p><table><tr /><tr><td rowspan="1" colspan="2"><p>Tabela 2. Pontos de Entregas em Operação no Eixo Leste.</p></td></tr><tr><td rowspan="1" colspan="1"><p>Estado</p></td><td rowspan="1" colspan="1"><p>Ponto de Entrega</p></td></tr><tr><td rowspan="1" colspan="1"><p>Paraíba</p></td><td rowspan="1" colspan="1"><p>PB01L - Divisa PE/PB até galeria Monteiro</p></td></tr><tr><td rowspan="1" colspan="1" /><td rowspan="1" colspan="1"><p>VPR Lafayette</p></td></tr><tr><td rowspan="1" colspan="1"><p>Pernambuco</p></td><td rowspan="1" colspan="1"><p>Entre EBV1 e Res. Areias (Sisar Agrovilas)</p></td></tr><tr><td rowspan="1" colspan="1" /><td rowspan="1" colspan="1"><p>PE01L - Reservatório Areias - TUD</p></td></tr><tr><td rowspan="1" colspan="1" /><td rowspan="1" colspan="1"><p>PE03L - Res. Mandantes - TUD</p></td></tr><tr><td rowspan="1" colspan="1" /><td rowspan="1" colspan="1"><p>PE05L - Res. Muquém - TUD</p></td></tr><tr><td rowspan="1" colspan="1" /><td rowspan="1" colspan="1"><p>PE08L - Reservatório Copiti - TUD</p></td></tr><tr><td rowspan="1" colspan="1" /><td rowspan="1" colspan="1"><p>Entre Res. Copiti e Res. Moxotó (Sisar Carvalho/Lagoa da Onça e Sisar Rio da Barra)</p></td></tr><tr><td rowspan="1" colspan="1" /><td rowspan="1" colspan="1"><p>PE09L-CAP - Res. Moxotó - Espelho d'água (Adutora Moxotó)</p></td></tr><tr><td rowspan="1" colspan="1" /><td rowspan="1" colspan="1"><p>PE11L - Res. Campos - TUD</p></td></tr><tr><td rowspan="1" colspan="1" /><td rowspan="1" colspan="1"><p>PE11L-CAP - Res. Campos - Espelho d'água (Adutora Pajeú)</p></td></tr><tr><td rowspan="1" colspan="1" /><td rowspan="1" colspan="1"><p>PE13L - Res. Barro Branco - derivação para ramal do Agreste</p></td></tr></table><p /><p></p><table><tr /><tr><td rowspan="1" colspan="2"><p>Tabela 3. Pontos de Entrega construídos e aptos para entrar em operação no Eixo Norte.</p></td></tr><tr><td rowspan="1" colspan="1"><p>Estado</p></td><td rowspan="1" colspan="1"><p>Ponto de Entrega</p></td></tr><tr><td rowspan="1" colspan="1"><p>Pernambuco</p></td><td rowspan="1" colspan="1"><p>VPR - Captação Cabrobó (PE) Canal WBS-1205</p></td></tr><tr><td rowspan="1" colspan="1" /><td rowspan="1" colspan="1"><p>VPR - Baixio dos Grandes Cabrobó (PE) Canal WBS-1213</p></td></tr><tr><td rowspan="1" colspan="1" /><td rowspan="1" colspan="1"><p>VPR - Negreiros Salgueiro (PE) Dique Negreiros - WBS 1217</p></td></tr><tr><td rowspan="1" colspan="1" /><td rowspan="1" colspan="1"><p>VPR - Uri Salgueiro (PE) Canal WBS-1218</p></td></tr><tr><td rowspan="1" colspan="1" /><td rowspan="1" colspan="1"><p>VPR - Queimada Grande Salgueiro (PE) Canal WBS-1218</p></td></tr><tr><td rowspan="1" colspan="1" /><td rowspan="1" colspan="1"><p>VPR - Pilões Verdejante (PE) Res. Milagres</p></td></tr><tr><td rowspan="1" colspan="1" /><td rowspan="1" colspan="1"><p>VPR - Malícia Salgueiro (PE) Res. Milagres</p></td></tr><tr><td rowspan="1" colspan="1"><p>Ceará</p></td><td rowspan="1" colspan="1"><p>VPR - Ipê Jati (CE) Canal WBS-1223</p></td></tr><tr><td rowspan="1" colspan="1" /><td rowspan="1" colspan="1"><p>VPR - Vassouras Brejo Santo (CE) Res. Porcos</p></td></tr><tr><td rowspan="1" colspan="1" /><td rowspan="1" colspan="1"><p>VPR - Descanso Mauriti (CE) Canal WBS-1231</p></td></tr><tr><td rowspan="1" colspan="1" /><td rowspan="1" colspan="1"><p>VPR - Retiro Penaforte (CE) Canal WBS-1223</p></td></tr><tr><td rowspan="1" colspan="1"><p>Paraíba</p></td><td rowspan="1" colspan="1"><p>Cagepa/São José Piranhas São José de Piranhas (PB) Res. Boa Vista</p></td></tr><tr><td rowspan="1" colspan="1" /><td rowspan="1" colspan="1"><p>VPR - Quixeramobim São José de Piranhas (PB) Res. Boa Vista</p></td></tr></table>]]></Texto>
  </body>
  <Midias />
</article></xml>