﻿<xml><article id="44732204" name="resolucao_2897_2025 COAFE_002" idOficio="11191160" pubName="DO1" artType="Resolução" pubDate="01/08/2025" artClass="00047:00048:00016:00006:00002:00000:00000:00000:00000:00000:00064:32897" artCategory="Ministério da Saúde/Agência Nacional de Vigilância Sanitária/4ª Diretoria/Gerência-Geral de Inspeção e Fiscalização Sanitária/Coordenação de Autorização de Funcionamento de Empresas" artSize="12" artNotes="" numberPage="184" pdfPage="http://pesquisa.in.gov.br/imprensa/jsp/visualiza/index.jsp?data=01/08/2025&amp;jornal=515&amp;pagina=184" editionNumber="144" highlightType="" highlightPriority="" highlight="" highlightimage="" highlightimagename="" idMateria="22948398">
  <body>
    <Identifica />
    <Data><![CDATA[]]></Data>
    <Ementa />
    <Titulo />
    <SubTitulo />
    <Texto><![CDATA[<p>PRESTAÇÃO DE SERVIÇOS FARMACÊUTICOS: -</p><p>7113 - AFE - ALTERAÇÃO - FARMÁCIAS E DROGARIAS - ENDEREÇO / 0879790253</p><p>--------------------------------------</p><p>BRUNO CHAMAS ALVES / 10.627.857/0001-90</p><p>25351.079422/2025-15 / 8317704</p><p>ARMAZENAR: PRODUTOS PARA SAÚDE (DISPOSITIVOS MÉDICOS)</p><p>DISTRIBUIR: PRODUTOS PARA SAÚDE (DISPOSITIVOS MÉDICOS)</p><p>EXPEDIR: PRODUTOS PARA SAÚDE (DISPOSITIVOS MÉDICOS)</p><p>TRANSPORTAR: PRODUTOS PARA SAÚDE (DISPOSITIVOS MÉDICOS)</p><p>70933 - AFE - ALTERAÇÃO - PRODUTOS PARA SAÚDE - AMPLIAÇÃO DE ATIVIDADES / 0828321256</p><p>--------------------------------------</p><p>NOVA MEDICAL COMÉRCIO DE PRODUTOS MÉDICOS LTDA / 07.833.753/0001-27</p><p>25351.449909/2006-15 / 8034649</p><p>ARMAZENAR: PRODUTOS PARA SAÚDE (DISPOSITIVOS MÉDICOS)</p><p>DISTRIBUIR: PRODUTOS PARA SAÚDE (DISPOSITIVOS MÉDICOS)</p><p>EXPEDIR: PRODUTOS PARA SAÚDE (DISPOSITIVOS MÉDICOS)</p><p>IMPORTAR: PRODUTOS PARA SAÚDE (DISPOSITIVOS MÉDICOS)</p><p>866 - AFE - ALTERAÇÃO - PRODUTOS PARA SAÚDE - ENDEREÇO / 0474247252</p><p>--------------------------------------</p><p>GENTELL LTDA / 44.253.776/0001-99</p><p>25351.065547/2022-15 / 4043040</p><p>ARMAZENAR: COSMÉTICOS / PERFUMES / PRODUTOS DE HIGIENE</p><p>DISTRIBUIR: COSMÉTICOS / PERFUMES / PRODUTOS DE HIGIENE</p><p>EXPEDIR: COSMÉTICOS / PERFUMES / PRODUTOS DE HIGIENE</p><p>EXPORTAR: COSMÉTICOS / PERFUMES / PRODUTOS DE HIGIENE</p><p>IMPORTAR: COSMÉTICOS / PERFUMES / PRODUTOS DE HIGIENE</p><p>724 - AFE - ALTERAÇÃO - COSMÉTICOS, PERFUMES E PRODUTOS DE HIGIENE - RAZÃO SOCIAL / 0989553256</p><p>--------------------------------------</p><p>DROGARIA SANTA HELENA LTDA / 12.958.823/0001-03</p><p>25351.658223/2014-15 / 7327105</p><p>COMÉRCIO: ALIMENTOS PERMITIDOS / COSMÉTICOS / PERFUMES / PRODUTOS DE HIGIENE / PRODUTOS PARA SAÚDE (DISPOSITIVOS MÉDICOS)</p><p>DISPENSAÇÃO DE MEDICAMENTOS NÃO SUJEITOS AO CONTROLE ESPECIAL</p><p>PRESTAÇÃO DE SERVIÇOS FARMACÊUTICOS: -</p><p>7111 - AFE - ALTERAÇÃO - FARMÁCIAS E DROGARIAS - AMPLIAÇÃO DE ATIVIDADES / 0989679250</p><p>--------------------------------------</p><p>SPVITTA DISTRIBUIDORA DE EMBALAGENS E INSUMOS FARMACEUTICOS LTDA / 32.011.063/0001-30</p><p>25351.101678/2025-16 / 1409285</p><p>ARMAZENAR: INSUMOS FARMACÊUTICOS</p><p>DISTRIBUIR: INSUMOS FARMACÊUTICOS</p><p>EXPEDIR: INSUMOS FARMACÊUTICOS</p><p>IMPORTAR: INSUMOS FARMACÊUTICOS</p><p>70792 - AFE - ALTERAÇÃO - MEDICAMENTOS E/OU INSUMOS FARMACÊUTICOS - AMPLIAÇÃO DE ATIVIDADES / 0823878252</p><p>--------------------------------------</p><p>F. DUTRA SOLUCOES EM SAUDE LTDA. / 44.982.273/0001-54</p><p>25351.135130/2023-16 / 3120772</p><p>ARMAZENAR: SANEANTE DOMIS.</p><p>DISTRIBUIR: SANEANTE DOMIS.</p><p>EXPEDIR: SANEANTE DOMIS.</p><p>714 - AFE - ALTERAÇÃO - SANEANTES DOMISSANITÁRIOS - ENDEREÇO MATRIZ / 0515734250</p><p>--------------------------------------</p><p>J MARQUES LEITAO / 09.257.533/0002-09</p><p>25351.754197/2009-17 / 0640810</p><p>COMÉRCIO: ALIMENTOS PERMITIDOS / COSMÉTICOS / PERFUMES / PRODUTOS DE HIGIENE / PRODUTOS PARA SAÚDE (DISPOSITIVOS MÉDICOS)</p><p>DISPENSAÇÃO DE MEDICAMENTOS, INCLUSIVE SUJEITOS A CONTROLE ESPECIAL</p><p>7110 - AFE - ALTERAÇÃO - FARMÁCIAS E DROGARIAS - RAZÃO SOCIAL / 0987609254</p><p>--------------------------------------</p><p>KAVOD BRASIL COMERCIO E IMPORTACAO DE PRODUTOS DE USO DOMESTICO LTDA / 12.389.993/0001-14</p><p>25351.097926/2025-17 / 8319446</p><p>ARMAZENAR: PRODUTOS PARA SAÚDE (DISPOSITIVOS MÉDICOS)</p><p>DISTRIBUIR: PRODUTOS PARA SAÚDE (DISPOSITIVOS MÉDICOS)</p><p>EXPEDIR: PRODUTOS PARA SAÚDE (DISPOSITIVOS MÉDICOS)</p><p>IMPORTAR: PRODUTOS PARA SAÚDE (DISPOSITIVOS MÉDICOS)</p><p>70933 - AFE - ALTERAÇÃO - PRODUTOS PARA SAÚDE - AMPLIAÇÃO DE ATIVIDADES / 0823622258</p><p>--------------------------------------</p><p>NOVA LINEA COMERCIO DE PRODUTOS FARMACEUTICOS LTDA EPP / 32.350.180/0001-28</p><p>25351.065071/2019-17 / 4007782</p><p>ARMAZENAR: PRODUTOS DE HIGIENE</p><p>DISTRIBUIR: PRODUTOS DE HIGIENE</p><p>EXPEDIR: PRODUTOS DE HIGIENE</p><p>TRANSPORTAR: PRODUTOS DE HIGIENE</p><p>70935 - AFE - ALTERAÇÃO - COSMÉTICOS, PERFUMES E PRODUTOS DE HIGIENE - AMPLIAÇÃO DE ATIVIDADES / 0824002253</p><p>--------------------------------------</p><p>BEF COMERCIO DE MEDICAMENTOS LTDA / 81.696.304/0001-37</p><p>25351.188334/2002-17 / 0067942</p><p>COMÉRCIO: ALIMENTOS PERMITIDOS / COSMÉTICOS / PERFUMES / PRODUTOS DE HIGIENE / PRODUTOS PARA SAÚDE (DISPOSITIVOS MÉDICOS)</p><p>DISPENSAÇÃO DE MEDICAMENTOS, INCLUSIVE SUJEITOS A CONTROLE ESPECIAL</p><p>PRESTAÇÃO DE SERVIÇOS FARMACÊUTICOS: -</p><p>7113 - AFE - ALTERAÇÃO - FARMÁCIAS E DROGARIAS - ENDEREÇO / 0873808258</p><p>--------------------------------------</p><p>drogaria inouye &amp; cia ltda me / 13.950.501/0001-80</p><p>25351.569834/2013-17 / 0948388</p><p>COMÉRCIO: ALIMENTOS PERMITIDOS / COSMÉTICOS / PERFUMES / PRODUTOS DE HIGIENE / PRODUTOS PARA SAÚDE (DISPOSITIVOS MÉDICOS)</p><p>DISPENSAÇÃO DE MEDICAMENTOS, INCLUSIVE SUJEITOS A CONTROLE ESPECIAL</p><p>PRESTAÇÃO DE SERVIÇOS FARMACÊUTICOS: -</p><p>70892 - AFE - ALTERAÇÃO - FARMÁCIAS E DROGARIAS - ENDEREÇO, POR ATO PÚBLICO / 0875014259</p><p>--------------------------------------</p><p>FPB ECOPORANGA COMERCIO DE MEDICAMENTOS LTDA / 18.290.958/0001-20</p><p>25351.511113/2013-18 / 7010174</p><p>COMÉRCIO: ALIMENTOS PERMITIDOS / COSMÉTICOS / PERFUMES / PRODUTOS DE HIGIENE / PRODUTOS PARA SAÚDE (DISPOSITIVOS MÉDICOS)</p><p>DISPENSAÇÃO DE MEDICAMENTOS, INCLUSIVE SUJEITOS A CONTROLE ESPECIAL</p><p>FRACIONAMENTO: -</p><p>PRESTAÇÃO DE SERVIÇOS FARMACÊUTICOS: -</p><p>7110 - AFE - ALTERAÇÃO - FARMÁCIAS E DROGARIAS - RAZÃO SOCIAL / 0989790258</p><p>--------------------------------------</p><p>TREE COMERCIO INTERNACIONAL LTDA / 27.055.956/0001-47</p><p>25351.079167/2025-19 / 3142424</p><p>ARMAZENAR: SANEANTE DOMIS.</p><p>DISTRIBUIR: SANEANTE DOMIS.</p><p>EXPEDIR: SANEANTE DOMIS.</p><p>IMPORTAR: SANEANTE DOMIS.</p><p>70931 - AFE - ALTERAÇÃO - SANEANTES DOMISSANITÁRIOS - AMPLIAÇÃO DE ATIVIDADES / 0828743258</p><p>--------------------------------------</p><p>FARMACIA NOSSA SENHORA DOS CAMPOS LTDA / 81.874.380/0001-95</p><p>25351.651520/2007-19 / 0520899</p><p>COMÉRCIO: ALIMENTOS PERMITIDOS / COSMÉTICOS / PERFUMES / PRODUTOS DE HIGIENE / PRODUTOS PARA SAÚDE (DISPOSITIVOS MÉDICOS)</p><p>DISPENSAÇÃO DE MEDICAMENTOS, INCLUSIVE SUJEITOS A CONTROLE ESPECIAL</p><p>PRESTAÇÃO DE SERVIÇOS FARMACÊUTICOS: -</p><p>7113 - AFE - ALTERAÇÃO - FARMÁCIAS E DROGARIAS - ENDEREÇO / 0873080254</p><p>--------------------------------------</p><p>comercial de medicamentos sampaio ltda / 14.492.146/0008-82</p><p>25351.074048/2022-19 / 7879672</p><p>COMÉRCIO: ALIMENTOS PERMITIDOS / COSMÉTICOS / PERFUMES / PRODUTOS DE HIGIENE / PRODUTOS PARA SAÚDE (DISPOSITIVOS MÉDICOS)</p><p>DISPENSAÇÃO DE MEDICAMENTOS, INCLUSIVE SUJEITOS A CONTROLE ESPECIAL</p><p>PRESTAÇÃO DE SERVIÇOS FARMACÊUTICOS: -</p><p>7113 - AFE - ALTERAÇÃO - FARMÁCIAS E DROGARIAS - ENDEREÇO / 0873309251</p><p>--------------------------------------</p><p>FARMACIA NOSSA SENHORA DOS CAMPOS LTDA / 81.874.380/0001-95</p><p>25351.651520/2007-19 / 0520899</p><p>COMÉRCIO: ALIMENTOS PERMITIDOS / COSMÉTICOS / PERFUMES / PRODUTOS DE HIGIENE / PRODUTOS PARA SAÚDE (DISPOSITIVOS MÉDICOS)</p><p>DISPENSAÇÃO DE MEDICAMENTOS, INCLUSIVE SUJEITOS A CONTROLE ESPECIAL</p><p>PRESTAÇÃO DE SERVIÇOS FARMACÊUTICOS: -</p><p>7111 - AFE - ALTERAÇÃO - FARMÁCIAS E DROGARIAS - AMPLIAÇÃO DE ATIVIDADES / 0873655257</p><p>--------------------------------------</p><p>farmacia ultra popular ltda epp / 25.242.258/0001-25</p><p>25351.096159/2017-19 / 7503349</p><p>COMÉRCIO: COSMÉTICOS / PERFUMES / PRODUTOS DE HIGIENE / PRODUTOS PARA SAÚDE (DISPOSITIVOS MÉDICOS)</p><p>DISPENSAÇÃO DE MEDICAMENTOS, INCLUSIVE SUJEITOS A CONTROLE ESPECIAL</p><p>70892 - AFE - ALTERAÇÃO - FARMÁCIAS E DROGARIAS - ENDEREÇO, POR ATO PÚBLICO / 0877239258</p><p>--------------------------------------</p><p>GENTELL LTDA / 44.253.776/0001-99</p><p>25351.059206/2022-19 / 3111373</p><p>DISTRIBUIR: SANEANTE DOMIS.</p><p>EXPORTAR: SANEANTE DOMIS.</p><p>IMPORTAR: SANEANTE DOMIS.</p><p>732 - AFE - ALTERAÇÃO - SANEANTES DOMISSANITÁRIOS - RAZÃO SOCIAL / 0989552250</p><p>--------------------------------------</p><p>DROGARIA ABRAZI LTDA / 43.741.123/0001-96</p><p>25351.203162/2002-19 / 0086157</p><p>COMÉRCIO: ALIMENTOS PERMITIDOS / COSMÉTICOS / PERFUMES / PRODUTOS DE HIGIENE / PRODUTOS PARA SAÚDE (DISPOSITIVOS MÉDICOS)</p><p>DISPENSAÇÃO DE MEDICAMENTOS, INCLUSIVE SUJEITOS A CONTROLE ESPECIAL</p><p>DISPENSAÇÃO DE PLANTAS MEDICINAIS: -</p><p>MANIPULAÇÃO DE PRODUTOS MAGISTRAIS: -</p><p>MANIPULAÇÃO DE PRODUTOS OFICINAIS: -</p><p>PRESTAÇÃO DE SERVIÇOS FARMACÊUTICOS: -</p><p>7110 - AFE - ALTERAÇÃO - FARMÁCIAS E DROGARIAS - RAZÃO SOCIAL / 0989050254</p><p>--------------------------------------</p><p>OXIMASTER GASES E EQUIPAMENTOS LTDA / 03.935.631/0001-90</p><p>25351.089912/2025-20 / 1408384</p><p>ARMAZENAR: MEDICAMENTO</p><p>DISTRIBUIR: MEDICAMENTO</p><p>EXPEDIR: MEDICAMENTO</p><p>TRANSPORTAR: MEDICAMENTO</p><p>70792 - AFE - ALTERAÇÃO - MEDICAMENTOS E/OU INSUMOS FARMACÊUTICOS - AMPLIAÇÃO DE ATIVIDADES / 0752051253</p><p>--------------------------------------</p><p>COMERCIO DE MEDICAMENTOS JOSE WALTER LTDA / 12.446.824/0001-79</p><p>25351.125300/2012-21 / 0830545</p><p>COMÉRCIO: ALIMENTOS PERMITIDOS / COSMÉTICOS / PERFUMES / PRODUTOS DE HIGIENE / PRODUTOS PARA SAÚDE (DISPOSITIVOS MÉDICOS)</p><p>DISPENSAÇÃO DE MEDICAMENTOS, INCLUSIVE SUJEITOS A CONTROLE ESPECIAL</p><p>PRESTAÇÃO DE SERVIÇOS FARMACÊUTICOS: -</p><p>7113 - AFE - ALTERAÇÃO - FARMÁCIAS E DROGARIAS - ENDEREÇO / 0879919256</p><p>--------------------------------------</p><p>DROGARIA PLE LTDA / 22.455.864/0013-74</p><p>25351.362755/2024-21 / 5106808</p><p>COMÉRCIO: ALIMENTOS PERMITIDOS / COSMÉTICOS / PERFUMES / PRODUTOS DE HIGIENE / PRODUTOS PARA SAÚDE (DISPOSITIVOS MÉDICOS)</p><p>DISPENSAÇÃO DE MEDICAMENTOS, INCLUSIVE SUJEITOS A CONTROLE ESPECIAL</p><p>PRESTAÇÃO DE SERVIÇOS FARMACÊUTICOS: -</p><p>7113 - AFE - ALTERAÇÃO - FARMÁCIAS E DROGARIAS - ENDEREÇO / 0880229250</p><p>--------------------------------------</p>]]></Texto>
  </body>
  <Midias />
</article></xml>