﻿<xml><article id="44735434" name="7648 Bancos de Leite Humano - BL" idOficio="11191341" pubName="DO1" artType="Portaria" pubDate="01/08/2025" artClass="00047:00001:00000:00000:00000:00000:00000:00000:00000:00000:00054:00000" artCategory="Ministério da Saúde/Gabinete do Ministro" artSize="24" artNotes="" numberPage="108" pdfPage="http://pesquisa.in.gov.br/imprensa/jsp/visualiza/index.jsp?data=01/08/2025&amp;jornal=515&amp;pagina=108" editionNumber="144" highlightType="" highlightPriority="" highlight="" highlightimage="" highlightimagename="" idMateria="22948682">
  <body>
    <Identifica />
    <Data><![CDATA[]]></Data>
    <Ementa />
    <Titulo />
    <SubTitulo />
    <Texto><![CDATA[<p /><p></p><table><tr><td rowspan="1" colspan="1"><p>SP</p></td><td rowspan="1" colspan="1"><p>Jundiaí</p></td><td rowspan="1" colspan="1"><p>352590</p></td><td rowspan="1" colspan="1"><p>JUNDIAI</p></td><td rowspan="1" colspan="1"><p>FUNDO MUNICIPAL DE SAUDE</p></td><td rowspan="1" colspan="1"><p>Municipal</p></td><td rowspan="1" colspan="1"><p>3012212</p></td><td rowspan="1" colspan="1"><p>Banco de Leite Humano de Jundiaí</p></td><td rowspan="1" colspan="1"><p>15.000,00</p></td><td rowspan="1" colspan="1"><p>180.000,00</p></td></tr><tr><td rowspan="1" colspan="1"><p>SP</p></td><td rowspan="1" colspan="1"><p>Limeira</p></td><td rowspan="1" colspan="1"><p>352690</p></td><td rowspan="1" colspan="1"><p>LIMEIRA</p></td><td rowspan="1" colspan="1"><p>FUNDO MUNICIPAL DE SAUDE</p></td><td rowspan="1" colspan="1"><p>Municipal</p></td><td rowspan="1" colspan="1"><p>2081458</p></td><td rowspan="1" colspan="1"><p>Banco de Leite Humano Dr. Olindo de Luca</p></td><td rowspan="1" colspan="1"><p>15.000,00</p></td><td rowspan="1" colspan="1"><p>180.000,00</p></td></tr><tr><td rowspan="1" colspan="1"><p>SP</p></td><td rowspan="1" colspan="1"><p>Lins</p></td><td rowspan="1" colspan="1"><p>352710</p></td><td rowspan="1" colspan="1"><p>LINS</p></td><td rowspan="1" colspan="1"><p>FUNDO MUNICIPAL DE SAUDE - LINS</p></td><td rowspan="1" colspan="1"><p>Municipal</p></td><td rowspan="1" colspan="1"><p>4844637</p></td><td rowspan="1" colspan="1"><p>Banco de Leite Humano de Lins Maria Leosina D Atanasio</p></td><td rowspan="1" colspan="1"><p>15.000,00</p></td><td rowspan="1" colspan="1"><p>180.000,00</p></td></tr><tr><td rowspan="1" colspan="1"><p>SP</p></td><td rowspan="1" colspan="1"><p>Marília</p></td><td rowspan="1" colspan="1"><p>352900</p></td><td rowspan="1" colspan="1"><p>MARILIA</p></td><td rowspan="1" colspan="1"><p>FUNDO MUNICIPAL DE SAUDE DE MARILIA</p></td><td rowspan="1" colspan="1"><p>Municipal</p></td><td rowspan="1" colspan="1"><p>2086050</p></td><td rowspan="1" colspan="1"><p>Banco de Leite Humano de Marília - Dr. Cleyde Moerbeck Casadei</p></td><td rowspan="1" colspan="1"><p>15.000,00</p></td><td rowspan="1" colspan="1"><p>180.000,00</p></td></tr><tr><td rowspan="1" colspan="1"><p>SP</p></td><td rowspan="1" colspan="1"><p>Mogi das Cruzes</p></td><td rowspan="1" colspan="1"><p>353060</p></td><td rowspan="1" colspan="1"><p>MOGI DAS CRUZES</p></td><td rowspan="1" colspan="1"><p>FUNDO MUNICIPAL DE SAUDE DO MUNICIPIO DE MOGI DAS CRUZES</p></td><td rowspan="1" colspan="1"><p>Municipal</p></td><td rowspan="1" colspan="1"><p>2080052</p></td><td rowspan="1" colspan="1"><p>Banco de Leite Humano de Mogi das Cruzes</p></td><td rowspan="1" colspan="1"><p>15.000,00</p></td><td rowspan="1" colspan="1"><p>180.000,00</p></td></tr><tr><td rowspan="1" colspan="1"><p>SP</p></td><td rowspan="1" colspan="1"><p>Osasco</p></td><td rowspan="1" colspan="1"><p>353440</p></td><td rowspan="1" colspan="1"><p>OSASCO</p></td><td rowspan="1" colspan="1"><p>FUNDO MUNICIPAL DE SAUDE DE OSASCO</p></td><td rowspan="1" colspan="1"><p>Municipal</p></td><td rowspan="1" colspan="1"><p>0008036</p></td><td rowspan="1" colspan="1"><p>Banco de Leite Humano do Hospital Municipal e Maternidade Amador Aguiar</p></td><td rowspan="1" colspan="1"><p>15.000,00</p></td><td rowspan="1" colspan="1"><p>180.000,00</p></td></tr><tr><td rowspan="1" colspan="1"><p>SP</p></td><td rowspan="1" colspan="1"><p>Ourinhos</p></td><td rowspan="1" colspan="1"><p>353470</p></td><td rowspan="1" colspan="1"><p>OURINHOS</p></td><td rowspan="1" colspan="1"><p>FUNDO MUNICIPAL DE SAUDE</p></td><td rowspan="1" colspan="1"><p>Municipal</p></td><td rowspan="1" colspan="1"><p>2038668</p></td><td rowspan="1" colspan="1"><p>Banco de Leite Humano de Ourinhos</p></td><td rowspan="1" colspan="1"><p>15.000,00</p></td><td rowspan="1" colspan="1"><p>180.000,00</p></td></tr><tr><td rowspan="1" colspan="1"><p>SP</p></td><td rowspan="1" colspan="1"><p>Penápolis</p></td><td rowspan="1" colspan="1"><p>353730</p></td><td rowspan="1" colspan="1"><p>PENAPOLIS</p></td><td rowspan="1" colspan="1"><p>FUNDO MUNICIPAL DE SAUDE DE PENAPOLIS</p></td><td rowspan="1" colspan="1"><p>Municipal</p></td><td rowspan="1" colspan="1"><p>2078503</p></td><td rowspan="1" colspan="1"><p>Banco de Leite Humano da Santa Casa de Penapolis</p></td><td rowspan="1" colspan="1"><p>15.000,00</p></td><td rowspan="1" colspan="1"><p>180.000,00</p></td></tr><tr><td rowspan="1" colspan="1"><p>SP</p></td><td rowspan="1" colspan="1"><p>Peruibe</p></td><td rowspan="1" colspan="1"><p>353760</p></td><td rowspan="1" colspan="1"><p>PERUIBE</p></td><td rowspan="1" colspan="1"><p>FUNDO MUNICIPAL DE SAÚDE DE PERUÍBE</p></td><td rowspan="1" colspan="1"><p>Municipal</p></td><td rowspan="1" colspan="1"><p>9297715</p></td><td rowspan="1" colspan="1"><p>Banco de Leite Humano do Hospital Municipal de Peruíbe</p></td><td rowspan="1" colspan="1"><p>15.000,00</p></td><td rowspan="1" colspan="1"><p>180.000,00</p></td></tr><tr><td rowspan="1" colspan="1"><p>SP</p></td><td rowspan="1" colspan="1"><p>Piracicaba</p></td><td rowspan="1" colspan="1"><p>353870</p></td><td rowspan="1" colspan="1"><p>PIRACICABA</p></td><td rowspan="1" colspan="1"><p>FUNDO MUNICIPAL DE SAUDE</p></td><td rowspan="1" colspan="1"><p>Municipal</p></td><td rowspan="1" colspan="1"><p>2087057</p></td><td rowspan="1" colspan="1"><p>Banco de Leite Humano Maria Gessy Cardoso Ribeiro</p></td><td rowspan="1" colspan="1"><p>15.000,00</p></td><td rowspan="1" colspan="1"><p>180.000,00</p></td></tr><tr><td rowspan="1" colspan="1"><p>SP</p></td><td rowspan="1" colspan="1"><p>Presidente Prudente</p></td><td rowspan="1" colspan="1"><p>354140</p></td><td rowspan="1" colspan="1"><p>PRESIDENTE PRUDENTE</p></td><td rowspan="1" colspan="1"><p>FUNDO MUNICIPAL DE SAUDE</p></td><td rowspan="1" colspan="1"><p>Municipal</p></td><td rowspan="1" colspan="1"><p>7247141</p></td><td rowspan="1" colspan="1"><p>Banco de Leite Humano de Presidente Prudente</p></td><td rowspan="1" colspan="1"><p>15.000,00</p></td><td rowspan="1" colspan="1"><p>180.000,00</p></td></tr><tr><td rowspan="1" colspan="1"><p>SP</p></td><td rowspan="1" colspan="1"><p>São Paulo</p></td><td rowspan="1" colspan="1"><p>355030</p></td><td rowspan="1" colspan="1"><p>RIBEIRAO PRETO</p></td><td rowspan="1" colspan="1"><p>FUNDO ESTADUAL DE SAUDE - FUNDES</p></td><td rowspan="1" colspan="1"><p>Estadual</p></td><td rowspan="1" colspan="1"><p>2082187</p></td><td rowspan="1" colspan="1"><p>Banco de Leite Humano Enfa. Anália Heck - HC Ribeirão Preto - USP</p></td><td rowspan="1" colspan="1"><p>15.000,00</p></td><td rowspan="1" colspan="1"><p>180.000,00</p></td></tr><tr><td rowspan="1" colspan="1"><p>SP</p></td><td rowspan="1" colspan="1"><p>Rio Claro</p></td><td rowspan="1" colspan="1"><p>354390</p></td><td rowspan="1" colspan="1"><p>RIO CLARO</p></td><td rowspan="1" colspan="1"><p>FUNDO MUNICIPAL DE SAUDE DE RIO CLARO</p></td><td rowspan="1" colspan="1"><p>Municipal</p></td><td rowspan="1" colspan="1"><p>2082888</p></td><td rowspan="1" colspan="1"><p>Banco de Leite Humano Maria Aparecida Polastri Hartung</p></td><td rowspan="1" colspan="1"><p>15.000,00</p></td><td rowspan="1" colspan="1"><p>180.000,00</p></td></tr><tr><td rowspan="1" colspan="1"><p>SP</p></td><td rowspan="1" colspan="1"><p>São Paulo</p></td><td rowspan="1" colspan="1"><p>355030</p></td><td rowspan="1" colspan="1"><p>SANTO ANDRE</p></td><td rowspan="1" colspan="1"><p>FUNDO ESTADUAL DE SAUDE - FUNDES</p></td><td rowspan="1" colspan="1"><p>Estadual</p></td><td rowspan="1" colspan="1"><p>2080273</p></td><td rowspan="1" colspan="1"><p>Banco de Leite Humano Dona Maria Lucia Alckimin</p></td><td rowspan="1" colspan="1"><p>15.000,00</p></td><td rowspan="1" colspan="1"><p>180.000,00</p></td></tr><tr><td rowspan="1" colspan="1"><p>SP</p></td><td rowspan="1" colspan="1"><p>Santo André</p></td><td rowspan="1" colspan="1"><p>354780</p></td><td rowspan="1" colspan="1"><p>SANTO ANDRE</p></td><td rowspan="1" colspan="1"><p>FUNDO MUNICIPAL - SAUDE</p></td><td rowspan="1" colspan="1"><p>Municipal</p></td><td rowspan="1" colspan="1"><p>6020917</p></td><td rowspan="1" colspan="1"><p>Banco de Leite Humano Maria Aparecida Pinheiro</p></td><td rowspan="1" colspan="1"><p>15.000,00</p></td><td rowspan="1" colspan="1"><p>180.000,00</p></td></tr><tr><td rowspan="1" colspan="1"><p>SP</p></td><td rowspan="1" colspan="1"><p>São Paulo</p></td><td rowspan="1" colspan="1"><p>355030</p></td><td rowspan="1" colspan="1"><p>SANTOS</p></td><td rowspan="1" colspan="1"><p>FUNDO ESTADUAL DE SAUDE - FUNDES</p></td><td rowspan="1" colspan="1"><p>Estadual</p></td><td rowspan="1" colspan="1"><p>2079720</p></td><td rowspan="1" colspan="1"><p>Banco de Leite Humano Keiko Miyasaki Teruya</p></td><td rowspan="1" colspan="1"><p>15.000,00</p></td><td rowspan="1" colspan="1"><p>180.000,00</p></td></tr><tr><td rowspan="1" colspan="1"><p>SP</p></td><td rowspan="1" colspan="1"><p>São Bernardo do Campo</p></td><td rowspan="1" colspan="1"><p>354870</p></td><td rowspan="1" colspan="1"><p>SAO BERNARDO DO CAMPO</p></td><td rowspan="1" colspan="1"><p>FUNDO MUNICIPAL DE SAUDE</p></td><td rowspan="1" colspan="1"><p>Municipal</p></td><td rowspan="1" colspan="1"><p>2027356</p></td><td rowspan="1" colspan="1"><p>Banco de Leite Humano do Hospital da Mulher em São Bernardo do Campo</p></td><td rowspan="1" colspan="1"><p>15.000,00</p></td><td rowspan="1" colspan="1"><p>180.000,00</p></td></tr><tr><td rowspan="1" colspan="1"><p>SP</p></td><td rowspan="1" colspan="1"><p>São Carlos</p></td><td rowspan="1" colspan="1"><p>354890</p></td><td rowspan="1" colspan="1"><p>SAO CARLOS</p></td><td rowspan="1" colspan="1"><p>FUNDO MUNICIPAL DE SAUDE</p></td><td rowspan="1" colspan="1"><p>Municipal</p></td><td rowspan="1" colspan="1"><p>2080931</p></td><td rowspan="1" colspan="1"><p>Banco de Leite Humano Dr José Eduardo Ungari</p></td><td rowspan="1" colspan="1"><p>15.000,00</p></td><td rowspan="1" colspan="1"><p>180.000,00</p></td></tr><tr><td rowspan="1" colspan="1"><p>SP</p></td><td rowspan="1" colspan="1"><p>São José do Rio Preto</p></td><td rowspan="1" colspan="1"><p>354980</p></td><td rowspan="1" colspan="1"><p>SAO JOSE DO RIO PRETO</p></td><td rowspan="1" colspan="1"><p>FUNDO MUNICIPAL DE SAUDE DE SAO JOSE DO RIO PRETO</p></td><td rowspan="1" colspan="1"><p>Municipal</p></td><td rowspan="1" colspan="1"><p>2705648</p></td><td rowspan="1" colspan="1"><p>Banco de Leite Humano de São José do Rio Preto</p></td><td rowspan="1" colspan="1"><p>15.000,00</p></td><td rowspan="1" colspan="1"><p>180.000,00</p></td></tr><tr><td rowspan="1" colspan="1"><p>SP</p></td><td rowspan="1" colspan="1"><p>São José dos Campos</p></td><td rowspan="1" colspan="1"><p>354990</p></td><td rowspan="1" colspan="1"><p>SAO JOSE DOS CAMPOS</p></td><td rowspan="1" colspan="1"><p>FUNDO MUNICIPAL DE SAUDE DE SAO JOSE DOS CAMPOS</p></td><td rowspan="1" colspan="1"><p>Municipal</p></td><td rowspan="1" colspan="1"><p>0009628</p></td><td rowspan="1" colspan="1"><p>Banco de Leite Humano do Hospital Municipal Dr. José de Carvalho Florence</p></td><td rowspan="1" colspan="1"><p>15.000,00</p></td><td rowspan="1" colspan="1"><p>180.000,00</p></td></tr><tr><td rowspan="1" colspan="1"><p>SP</p></td><td rowspan="1" colspan="1"><p>São Paulo</p></td><td rowspan="1" colspan="1"><p>355030</p></td><td rowspan="1" colspan="1"><p>SAO PAULO</p></td><td rowspan="1" colspan="1"><p>FUNDO ESTADUAL DE SAUDE - FUNDES</p></td><td rowspan="1" colspan="1"><p>Estadual</p></td><td rowspan="1" colspan="1"><p>2058502</p></td><td rowspan="1" colspan="1"><p>Banco de Leite Humano do Hospital do Servidor Público Estadual</p></td><td rowspan="1" colspan="1"><p>15.000,00</p></td><td rowspan="1" colspan="1"><p>180.000,00</p></td></tr></table>]]></Texto>
  </body>
  <Midias />
</article></xml>