﻿<xml><article id="44716903" name="ato_30072025" idOficio="11188196" pubName="DO1" artType="Ato" pubDate="01/08/2025" artClass="00014:00019:00014:00162:00000:00000:00000:00000:00000:00000:00006:00000" artCategory="Ministério das Comunicações/Agência Nacional de Telecomunicações/Superintendência de Fiscalização/Gerência Regional nos Estados do Amazonas, Acre, Rondônia e Roraima" artSize="12" artNotes="" numberPage="6" pdfPage="http://pesquisa.in.gov.br/imprensa/jsp/visualiza/index.jsp?data=01/08/2025&amp;jornal=515&amp;pagina=6" editionNumber="144" highlightType="" highlightPriority="" highlight="" highlightimage="" highlightimagename="" idMateria="22943973">
  <body>
    <Identifica><![CDATA[ ATOS DE 30 DE JULHO DE 2025]]></Identifica>
    <Data><![CDATA[]]></Data>
    <Ementa />
    <Titulo />
    <SubTitulo />
    <Texto><![CDATA[<p class="identifica">ATOS DE 30 DE JULHO DE 2025</p><p>Expede autorização para explorar Serviços de Telecomunicações de Interesse Restrito, por prazo indeterminado, sem caráter de exclusividade, e tendo como área de prestação de serviço todo o território nacional as entidades a seguir relacionadas:</p><p>Nº 8.995. Processo: 53578.000847/2025-82. SILVA PARTICIPACOES LTDA, CNPJ nº 58.510.265/0001-10.</p><p>Nº 8.999. Processo: 53578.000958/2025-99. A R GARCIA, CNPJ nº 48.417.106/0001-11.</p><p class="assina">Celso Henrique Heredias Ribas</p><p class="cargo">Gerente</p>]]></Texto>
  </body>
  <Midias />
</article></xml>