﻿<xml><article id="44721797" name="Resolucao 145" idOficio="11188702" pubName="DO1" artType="Resolução" pubDate="01/08/2025" artClass="00071:00234:00000:00000:00000:00000:00000:00000:00000:00000:00064:00000" artCategory="Entidades de Fiscalização do Exercício das Profissões Liberais/Conselho Regional de Educação Física da 5ª Região" artSize="12" artNotes="" numberPage="195" pdfPage="http://pesquisa.in.gov.br/imprensa/jsp/visualiza/index.jsp?data=01/08/2025&amp;jornal=515&amp;pagina=195" editionNumber="144" highlightType="" highlightPriority="" highlight="" highlightimage="" highlightimagename="" idMateria="22944522">
  <body>
    <Identifica><![CDATA[ RESOLUÇÃO CREF5 Nº 145, de 31 de julho de 2025]]></Identifica>
    <Data><![CDATA[]]></Data>
    <Ementa><![CDATA[ Dispõe sobre a 1ª Reformulação Orçamentária do Conselho Regional de Educação Física da Quinta Região -CREF5/CE, do exercício de 2025.]]></Ementa>
    <Titulo />
    <SubTitulo />
    <Texto><![CDATA[<p class="identifica">RESOLUÇÃO CREF5 Nº 145, de 31 de julho de 2025</p><p class="ementa">Dispõe sobre a 1ª Reformulação Orçamentária do Conselho Regional de Educação Física da Quinta Região -CREF5/CE, do exercício de 2025.</p><p>O CONSELHO REGIONAL DE EDUCAÇÃO FÍSICA DA QUINTA REGIÃO - CREF5/CE, no uso das atribuições que lhe confere a Lei nº 9.696, de 01 de setembro de 1998 e alterações regulamentadas pela Lei nº 14.386, de 27 de junho de 2022:</p><p>CONSIDERANDO a Lei nº 4.320, de 17 de março de 1.964;</p><p>CONSIDERANDO o artigo 22, inciso XV da Resolução CREF5 N.º126/2023 (Regimento Interno), que assim prevê, "Art. 22 - Compete ao Plenário do CREF5, com a presença da maioria absoluta de seus Membros: XV - aprovar orçamento e respectivas modificações, bem como operações referentes às mutações patrimoniais;"</p><p>CONSIDERANDO a aprovação da Comissão de Tomada de Contas do Conselho Regional de Educação Física da Quinta Região - CREF5/CE, referendada em Sessão Plenária Extraordinária, realizada no dia 28/07/2025. resolve:</p><p>Art. 1º Aprovar a 1ª Reformulação Orçamentária do Conselho Regional de Educação Física da Quinta Região para o exercício de 2025, na forma do anexo desta resolução.</p><p>Art. 2º Para a abertura de créditos adicionais será exigido, obrigatoriamente, a indicação das fontes de recursos, ficando o Presidente autorizado a abrir créditos suplementares, até o limite de 50% (cinquenta por cento) do total deste orçamento.</p><p>Art. 3º - Dar publicidade a proposta orçamentária do Conselho Regional de Educação Física-CREF5-CE, devidamente aprovada, para o exercício financeiro de 2025, que estima a receita em R$ 8.199.764,50 (oito milhões cento e noventa e nove mil setecentos e sessenta e quatro reais e cinquenta centavos) e fixa sua despesa em igual importância, conforme a Lei nº 4.320/1964.</p><p>Art. 4º - Esta Resolução entra em vigor na data de sua publicação, com efeito, a partir de 01 de agosto de 2025.</p><p class="assina">Renne Mazza Cruz</p><p>Anexo I</p><p /><p></p><table><tr /><tr><td rowspan="1" colspan="1"><p>Rubrica</p></td><td rowspan="1" colspan="1"><p>Receitas</p></td><td rowspan="1" colspan="1"><p>Vr.(R$)</p></td></tr><tr><td rowspan="1" colspan="1"><p>6.2.1.1.01.01</p></td><td rowspan="1" colspan="1"><p>Contribuições</p></td><td rowspan="1" colspan="1"><p>R$ 5.308.874,50</p></td></tr><tr><td rowspan="1" colspan="1"><p>6.2.1.1.01.04</p></td><td rowspan="1" colspan="1"><p>Exploração de Serviços</p></td><td rowspan="1" colspan="1"><p>R$ 1.000,00</p></td></tr><tr><td rowspan="1" colspan="1"><p>6.2.1.1.01.05</p></td><td rowspan="1" colspan="1"><p>Financeira</p></td><td rowspan="1" colspan="1"><p>R$ 560.000,00</p></td></tr><tr><td rowspan="1" colspan="1"><p>6.2.1.1.01.07</p></td><td rowspan="1" colspan="1"><p>Outras Receitas Correntes</p></td><td rowspan="1" colspan="1"><p>R$ 29.000,00</p></td></tr><tr><td rowspan="1" colspan="1"><p>6.2.1.1.01.06.002</p></td><td rowspan="1" colspan="1"><p>Tranferências/Auxílio</p></td><td rowspan="1" colspan="1"><p>R$ 320.900,00</p></td></tr><tr><td rowspan="1" colspan="1"><p>6.2.1.1.02.05.001</p></td><td rowspan="1" colspan="1"><p>Tranferência de capital/auxílio</p></td><td rowspan="1" colspan="1"><p>R$ 479.990,00</p></td></tr><tr><td rowspan="1" colspan="1"><p>6.2.1.4.01.01.001</p></td><td rowspan="1" colspan="1"><p>Superavit financeiro</p></td><td rowspan="1" colspan="1"><p>R$ 1500.000,00</p></td></tr><tr><td rowspan="1" colspan="1"><p>Total da Receita Orçada</p></td><td rowspan="1" colspan="1" /><td rowspan="1" colspan="1"><p>R$ 8.199.764,50</p></td></tr></table><p /><p></p><table><tr /><tr><td rowspan="1" colspan="1"><p>Rubrica</p></td><td rowspan="1" colspan="1"><p>Despesas corrente e capital</p></td><td rowspan="1" colspan="1"><p>Vr.(R$)</p></td></tr><tr><td rowspan="1" colspan="1"><p>6.2.2.1.01.01</p></td><td rowspan="1" colspan="1"><p>Despesa Corrente</p></td><td rowspan="1" colspan="1"><p>R$ 7.331.139,38</p></td></tr><tr><td rowspan="1" colspan="1"><p>6.2.2.1.02.02</p></td><td rowspan="1" colspan="1"><p>Despesa de Capital</p></td><td rowspan="1" colspan="1"><p>R$ 868.625,12</p></td></tr><tr><td rowspan="1" colspan="1"><p>Total de Despesa Orçada</p></td><td rowspan="1" colspan="1" /><td rowspan="1" colspan="1"><p>R$ 8.199.764,50</p></td></tr></table>]]></Texto>
  </body>
  <Midias />
</article></xml>