﻿<xml><article id="44716966" name="2025-07-31/11188330/ANMWS_229441" idOficio="11188330" pubName="DO1" artType="Despacho" pubDate="01/08/2025" artClass="00035:00044:00026:00000:00000:00000:00000:00000:00000:00000:00024:00178" artCategory="Ministério de Minas e Energia/Agência Nacional de Mineração/Gerência da ANM no Estado de Santa Catarina" artSize="12" artNotes="OK&#xA;" numberPage="81" pdfPage="http://pesquisa.in.gov.br/imprensa/jsp/visualiza/index.jsp?data=01/08/2025&amp;jornal=515&amp;pagina=81" editionNumber="144" highlightType="" highlightPriority="" highlight="" highlightimage="" highlightimagename="" idMateria="22944143">
  <body>
    <Identifica><![CDATA[Despacho]]></Identifica>
    <Data><![CDATA[]]></Data>
    <Ementa />
    <Titulo />
    <SubTitulo />
    <Texto><![CDATA[<p class="identifica">Despacho</p><p>Relação nº 178/2025</p><p>Fase de Requerimento de Pesquisa</p><p>O GERENTE REGIONAL DA AGÊNCIA NACIONAL DE MINERAÇÃO, no uso da competência delegada de que trata o Art. 1°, inciso I, alínea "a" da Portaria nº 1712, de 8 de novembro de 2024, e com fundamento no art. 15, do Decreto-lei n° 227, de 28 de fevereiro de 1967, (Código de Mineração), e no art. 2°, inciso XVII da Lei 13.575/2017, outorga o(s) seguinte(s) Alvará(s) de Pesquisa, pelo prazo de 02 anos, com vigência a partir dessa publicação:(322)</p><p>5202/2025-815.181/2024-ANATORIO COMERCIO DE AREIA EIRELI-</p><p class="assina">JOSE AUGUSTO SIMOES NETO</p><p></p>]]></Texto>
  </body>
  <Midias />
</article></xml>