﻿<xml><article id="44728229" name="RESOLUCAO 212 2025_004" idOficio="11190578" pubName="DO1" artType="Resolução" pubDate="01/08/2025" artClass="00035:00044:00000:00000:00000:00000:00000:00000:00000:00000:00064:00000" artCategory="Ministério de Minas e Energia/Agência Nacional de Mineração" artSize="24" artNotes="" numberPage="78" pdfPage="http://pesquisa.in.gov.br/imprensa/jsp/visualiza/index.jsp?data=01/08/2025&amp;jornal=515&amp;pagina=78" editionNumber="144" highlightType="" highlightPriority="" highlight="" highlightimage="" highlightimagename="" idMateria="22947223">
  <body>
    <Identifica />
    <Data><![CDATA[]]></Data>
    <Ementa />
    <Titulo />
    <SubTitulo />
    <Texto><![CDATA[<p /><p></p><table><tr /><tr><td rowspan="1" colspan="1"><p>Órgãos Específicos - Eixo Temático Segurança da Atividade de Mineração</p></td><td rowspan="1" colspan="1"><p>SUPERINTENDÊNCIA DE FISCALIZAÇÃO</p></td><td rowspan="1" colspan="1"><p>SFI</p></td><td rowspan="1" colspan="1"><p>FCE 1.16</p></td></tr><tr><td rowspan="1" colspan="1" /><td rowspan="1" colspan="1"><p>Assistente</p></td><td rowspan="1" colspan="1"><p></p></td><td rowspan="1" colspan="1"><p>FCE 2.08</p></td></tr><tr><td rowspan="1" colspan="1" /><td rowspan="1" colspan="1"><p>Assistente</p></td><td rowspan="1" colspan="1"><p></p></td><td rowspan="1" colspan="1"><p>FCE 2.08</p></td></tr><tr><td rowspan="1" colspan="1" /><td rowspan="1" colspan="1"><p>Gerência de Fiscalização da Atividade Mineral</p></td><td rowspan="1" colspan="1"><p>GEFAM</p></td><td rowspan="1" colspan="1"><p>FCE 1.11</p></td></tr><tr><td rowspan="1" colspan="1" /><td rowspan="1" colspan="1"><p>Coordenação de Fiscalização da Atividade Mineral</p></td><td rowspan="1" colspan="1"><p>CORFAM</p></td><td rowspan="1" colspan="1"><p>FCE 1.10</p></td></tr><tr><td rowspan="1" colspan="1" /><td rowspan="1" colspan="1"><p>Divisão do Certificado do Processo de Kimberley</p></td><td rowspan="1" colspan="1"><p>DIVCPK</p></td><td rowspan="1" colspan="1"><p>FCE 1.09</p></td></tr><tr><td rowspan="1" colspan="1" /><td rowspan="1" colspan="1"><p>Divisão de Fiscalização de Água Mineral</p></td><td rowspan="1" colspan="1"><p>DIVFAM</p></td><td rowspan="1" colspan="1"><p>FCE 1.09</p></td></tr><tr><td rowspan="1" colspan="1" /><td rowspan="1" colspan="1"><p>Divisão de Paleontologia</p></td><td rowspan="1" colspan="1"><p>DIVPAE</p></td><td rowspan="1" colspan="1"><p>FCE 1.09</p></td></tr><tr><td rowspan="1" colspan="1" /><td rowspan="1" colspan="1"><p>Divisão Regional de Fiscalização - Bahia</p></td><td rowspan="1" colspan="1"><p>DIVFIS-BA</p></td><td rowspan="1" colspan="1"><p>FCE 1.09</p></td></tr><tr><td rowspan="1" colspan="1" /><td rowspan="1" colspan="1"><p>Divisão Regional de Fiscalização - Goiás</p></td><td rowspan="1" colspan="1"><p>DIVFIS-GO</p></td><td rowspan="1" colspan="1"><p>FCE 1.09</p></td></tr><tr><td rowspan="1" colspan="1" /><td rowspan="1" colspan="1"><p>Divisão Regional de Fiscalização - Minas Gerais</p></td><td rowspan="1" colspan="1"><p>DIVFIS-MG</p></td><td rowspan="1" colspan="1"><p>FCE 1.09</p></td></tr><tr><td rowspan="1" colspan="1" /><td rowspan="1" colspan="1"><p>Divisão Regional de Fiscalização - Mato Grosso</p></td><td rowspan="1" colspan="1"><p>DIVFIS-MT</p></td><td rowspan="1" colspan="1"><p>FCE 1.09</p></td></tr><tr><td rowspan="1" colspan="1" /><td rowspan="1" colspan="1"><p>Divisão Regional de Fiscalização - Pará/Amapá</p></td><td rowspan="1" colspan="1"><p>DIVFIS-PA/AP</p></td><td rowspan="1" colspan="1"><p>FCE 1.09</p></td></tr><tr><td rowspan="1" colspan="1" /><td rowspan="1" colspan="1"><p>Divisão Regional de Fiscalização - Paraná</p></td><td rowspan="1" colspan="1"><p>DIVFIS-PR</p></td><td rowspan="1" colspan="1"><p>FCE 1.09</p></td></tr><tr><td rowspan="1" colspan="1" /><td rowspan="1" colspan="1"><p>Divisão Regional de Fiscalização - Região do Tapajós - Oeste do Pará, Amazonas e Roraima</p></td><td rowspan="1" colspan="1"><p>DIVFIS-TA/AM/RR</p></td><td rowspan="1" colspan="1"><p>FCE 1.09</p></td></tr><tr><td rowspan="1" colspan="1" /><td rowspan="1" colspan="1"><p>Divisão Regional de Fiscalização - Rondônia/Acre</p></td><td rowspan="1" colspan="1"><p>DIVFIS-RO/AC</p></td><td rowspan="1" colspan="1"><p>FCE 1.09</p></td></tr><tr><td rowspan="1" colspan="1" /><td rowspan="1" colspan="1"><p>Divisão Regional de Fiscalização - Rio Grande do Sul</p></td><td rowspan="1" colspan="1"><p>DIVFIS-RS</p></td><td rowspan="1" colspan="1"><p>FCE 1.09</p></td></tr><tr><td rowspan="1" colspan="1" /><td rowspan="1" colspan="1"><p>Divisão Regional de Fiscalização - Santa Catarina</p></td><td rowspan="1" colspan="1"><p>DIVFIS-SC</p></td><td rowspan="1" colspan="1"><p>FCE 1.09</p></td></tr><tr><td rowspan="1" colspan="1" /><td rowspan="1" colspan="1"><p>Divisão Regional de Fiscalização - São Paulo</p></td><td rowspan="1" colspan="1"><p>DIVFIS-SP</p></td><td rowspan="1" colspan="1"><p>FCE 1.09</p></td></tr><tr><td rowspan="1" colspan="1" /><td rowspan="1" colspan="1"><p>Serviço Regional de Fiscalização - Ceará</p></td><td rowspan="1" colspan="1"><p>SERFIS-CE</p></td><td rowspan="1" colspan="1"><p>FCE 1.06</p></td></tr><tr><td rowspan="1" colspan="1" /><td rowspan="1" colspan="1"><p>Serviço Regional de Fiscalização - Espírito Santo</p></td><td rowspan="1" colspan="1"><p>SERFIS-ES</p></td><td rowspan="1" colspan="1"><p>FCE 1.06</p></td></tr><tr><td rowspan="1" colspan="1" /><td rowspan="1" colspan="1"><p>Serviço Regional de Fiscalização - Maranhão/Piauí</p></td><td rowspan="1" colspan="1"><p>SERFIS-MA/PI</p></td><td rowspan="1" colspan="1"><p>FCE 1.06</p></td></tr><tr><td rowspan="1" colspan="1" /><td rowspan="1" colspan="1"><p>Serviço Regional de Fiscalização - Mato Grosso do Sul</p></td><td rowspan="1" colspan="1"><p>SERFIS-MS</p></td><td rowspan="1" colspan="1"><p>FCE 1.06</p></td></tr><tr><td rowspan="1" colspan="1" /><td rowspan="1" colspan="1"><p>Serviço Regional de Fiscalização - Paraíba/Rio Grande do Norte</p></td><td rowspan="1" colspan="1"><p>SERFIS-PB/RN</p></td><td rowspan="1" colspan="1"><p>FCE 1.06</p></td></tr><tr><td rowspan="1" colspan="1" /><td rowspan="1" colspan="1"><p>Serviço Regional de Fiscalização - Pernambuco</p></td><td rowspan="1" colspan="1"><p>SERFIS-PE</p></td><td rowspan="1" colspan="1"><p>FCE 1.06</p></td></tr><tr><td rowspan="1" colspan="1" /><td rowspan="1" colspan="1"><p>Serviço Regional de Fiscalização - Rio de Janeiro</p></td><td rowspan="1" colspan="1"><p>SERFIS-RJ</p></td><td rowspan="1" colspan="1"><p>FCE 1.06</p></td></tr><tr><td rowspan="1" colspan="1" /><td rowspan="1" colspan="1"><p>Serviço Regional de Fiscalização - Sergipe/Alagoas</p></td><td rowspan="1" colspan="1"><p>SERFIS-SE/AL</p></td><td rowspan="1" colspan="1"><p>FCE 1.06</p></td></tr><tr><td rowspan="1" colspan="1" /><td rowspan="1" colspan="1"><p>Serviço Regional de Fiscalização - Tocantins</p></td><td rowspan="1" colspan="1"><p>SERFIS-TO</p></td><td rowspan="1" colspan="1"><p>FCE 1.06</p></td></tr><tr><td rowspan="1" colspan="1" /><td rowspan="1" colspan="1"><p>Coordenação de Fiscalização de Lavra Autorizada Subterrânea</p></td><td rowspan="1" colspan="1"><p>CORSUB</p></td><td rowspan="1" colspan="1"><p>FCE 1.10</p></td></tr><tr><td rowspan="1" colspan="1" /><td rowspan="1" colspan="1"><p>Gerência de Sustentabilidade e Fechamento de Mina</p></td><td rowspan="1" colspan="1"><p>GEFEM</p></td><td rowspan="1" colspan="1"><p>FCE 1.11</p></td></tr><tr><td rowspan="1" colspan="1" /><td rowspan="1" colspan="1"><p>Divisão de Fechamento de Mina e Uso Futuro</p></td><td rowspan="1" colspan="1"><p>DIVFEM</p></td><td rowspan="1" colspan="1"><p>FCE 1.09</p></td></tr><tr><td rowspan="1" colspan="1" /><td rowspan="1" colspan="1"><p>Divisão de Gestão de Minas Abandonadas e Suspensas</p></td><td rowspan="1" colspan="1"><p>DIVMAB</p></td><td rowspan="1" colspan="1"><p>FCE 1.09</p></td></tr><tr><td rowspan="1" colspan="1" /><td rowspan="1" colspan="1"><p>Gerência de Combate à Atividade Mineral Não Autorizada</p></td><td rowspan="1" colspan="1"><p>GECAM</p></td><td rowspan="1" colspan="1"><p>FCE 1.11</p></td></tr><tr><td rowspan="1" colspan="1" /><td rowspan="1" colspan="1"><p>Divisão de Fiscalização da Lavra Não Autorizada</p></td><td rowspan="1" colspan="1"><p>DIVNAU</p></td><td rowspan="1" colspan="1"><p>FCE 1.09</p></td></tr><tr><td rowspan="1" colspan="1" /><td rowspan="1" colspan="1"><p>Divisão de Gestão de Bens Apreendidos</p></td><td rowspan="1" colspan="1"><p>DIVBEM</p></td><td rowspan="1" colspan="1"><p>FCE 1.09</p></td></tr><tr><td rowspan="1" colspan="1" /><td rowspan="1" colspan="1"><p>Gerência Fiscalizatória</p></td><td rowspan="1" colspan="1"><p>GEFIS</p></td><td rowspan="1" colspan="1"><p>FCE 1.11</p></td></tr><tr><td rowspan="1" colspan="1" /><td rowspan="1" colspan="1"><p>Divisão de Contencioso na Fiscalização Minerária</p></td><td rowspan="1" colspan="1"><p>DIVCOF</p></td><td rowspan="1" colspan="1"><p>FCE 1.09</p></td></tr><tr><td rowspan="1" colspan="1" /><td rowspan="1" colspan="1"><p>Divisão de Regulação e Padronização de Procedimentos Fiscalizatórios</p></td><td rowspan="1" colspan="1"><p>DIVPFI</p></td><td rowspan="1" colspan="1"><p>FCE 1.09</p></td></tr><tr><td rowspan="1" colspan="1" /><td rowspan="1" colspan="1"><p>Divisão de Atendimento a Demandas Externas da Fiscalização</p></td><td rowspan="1" colspan="1"><p>DIVDEF</p></td><td rowspan="1" colspan="1"><p>FCE 1.09</p></td></tr><tr><td rowspan="1" colspan="1" /><td rowspan="1" colspan="1"><p>Gerência de Inteligência Fiscalizatória</p></td><td rowspan="1" colspan="1"><p>GEINF</p></td><td rowspan="1" colspan="1"><p>FCE 1.11</p></td></tr><tr><td rowspan="1" colspan="1" /><td rowspan="1" colspan="1"><p>Divisão de Inovação e Projetos de Ações Fiscalizatórias</p></td><td rowspan="1" colspan="1"><p>DIVPAF</p></td><td rowspan="1" colspan="1"><p>FCE 1.09</p></td></tr><tr><td rowspan="1" colspan="1" /><td rowspan="1" colspan="1"><p>Divisão de Monitoramento Remoto da Fiscalização</p></td><td rowspan="1" colspan="1"><p>DIVMOR</p></td><td rowspan="1" colspan="1"><p>FCE 1.09</p></td></tr><tr><td rowspan="1" colspan="1" /><td rowspan="1" colspan="1"><p>SUPERINTENDÊNCIA DE SEGURANÇA DE BARRAGENS E PILHAS DE MINERAÇÃO</p></td><td rowspan="1" colspan="1"><p>SBP</p></td><td rowspan="1" colspan="1"><p>FCE 1.16</p></td></tr><tr><td rowspan="1" colspan="1" /><td rowspan="1" colspan="1"><p>Assistente</p></td><td rowspan="1" colspan="1"><p></p></td><td rowspan="1" colspan="1"><p>FCE 2.08</p></td></tr><tr><td rowspan="1" colspan="1" /><td rowspan="1" colspan="1"><p>Gerência de Fiscalização Remota de Barragens e Pilhas</p></td><td rowspan="1" colspan="1"><p>GEFRE</p></td><td rowspan="1" colspan="1"><p>FCE 1.11</p></td></tr><tr><td rowspan="1" colspan="1" /><td rowspan="1" colspan="1"><p>Assistente Técnico</p></td><td rowspan="1" colspan="1"><p></p></td><td rowspan="1" colspan="1"><p>FCE 2.04</p></td></tr><tr><td rowspan="1" colspan="1" /><td rowspan="1" colspan="1"><p>Coordenação de Fiscalização Remota de Barragens e Pilhas</p></td><td rowspan="1" colspan="1"><p>CORFRE</p></td><td rowspan="1" colspan="1"><p>FCE 1.10</p></td></tr><tr><td rowspan="1" colspan="1" /><td rowspan="1" colspan="1"><p>Gerência de Barragens de Mineração</p></td><td rowspan="1" colspan="1"><p>GEBM</p></td><td rowspan="1" colspan="1"><p>FCE 1.11</p></td></tr><tr><td rowspan="1" colspan="1" /><td rowspan="1" colspan="1"><p>Assistente Técnico</p></td><td rowspan="1" colspan="1"><p></p></td><td rowspan="1" colspan="1"><p>FCE 2.04</p></td></tr><tr><td rowspan="1" colspan="1" /><td rowspan="1" colspan="1"><p>Coordenação de Fiscalização de Barragens - Eixo Norte</p></td><td rowspan="1" colspan="1"><p>CORBN</p></td><td rowspan="1" colspan="1"><p>FCE 1.10</p></td></tr><tr><td rowspan="1" colspan="1" /><td rowspan="1" colspan="1"><p>Coordenação de Fiscalização de Barragens - Eixo Sul</p></td><td rowspan="1" colspan="1"><p>CORBS</p></td><td rowspan="1" colspan="1"><p>CCE 1.10</p></td></tr><tr><td rowspan="1" colspan="1" /><td rowspan="1" colspan="1"><p>Coordenação de Fiscalização de Barragens - Eixo Leste</p></td><td rowspan="1" colspan="1"><p>CORBL</p></td><td rowspan="1" colspan="1"><p>FCE 1.10</p></td></tr><tr><td rowspan="1" colspan="1" /><td rowspan="1" colspan="1"><p>Coordenação de Fiscalização de Barragens - Eixo Oeste</p></td><td rowspan="1" colspan="1"><p>CORBO</p></td><td rowspan="1" colspan="1"><p>FCE 1.10</p></td></tr><tr><td rowspan="1" colspan="1" /><td rowspan="1" colspan="1"><p>Gerência de Riscos Geotécnicos em Barragens</p></td><td rowspan="1" colspan="1"><p>GERG</p></td><td rowspan="1" colspan="1"><p>FCE 1.11</p></td></tr><tr><td rowspan="1" colspan="1" /><td rowspan="1" colspan="1"><p>Assistente Técnico</p></td><td rowspan="1" colspan="1"><p></p></td><td rowspan="1" colspan="1"><p>FCE 2.04</p></td></tr><tr><td rowspan="1" colspan="1" /><td rowspan="1" colspan="1"><p>Coordenação de Barragens em Construção e a Montante</p></td><td rowspan="1" colspan="1"><p>CORBCM</p></td><td rowspan="1" colspan="1"><p>FCE 1.10</p></td></tr><tr><td rowspan="1" colspan="1" /><td rowspan="1" colspan="1"><p>Gerência de Pilhas de Mineração</p></td><td rowspan="1" colspan="1"><p>GEPM</p></td><td rowspan="1" colspan="1"><p>FCE 1.11</p></td></tr><tr><td rowspan="1" colspan="1" /><td rowspan="1" colspan="1"><p>Assistente Técnico</p></td><td rowspan="1" colspan="1"><p></p></td><td rowspan="1" colspan="1"><p>FCE 2.04</p></td></tr><tr><td rowspan="1" colspan="1" /><td rowspan="1" colspan="1"><p>Coordenação de Fiscalização de Pilhas - Eixo Central</p></td><td rowspan="1" colspan="1"><p>CORPIC</p></td><td rowspan="1" colspan="1"><p>FCE 1.10</p></td></tr><tr><td rowspan="1" colspan="1" /><td rowspan="1" colspan="1"><p>Coordenação de Fiscalização de Pilhas - Eixo Norte-Sul</p></td><td rowspan="1" colspan="1"><p>CORPINS</p></td><td rowspan="1" colspan="1"><p>FCE 1.10</p></td></tr><tr><td rowspan="1" colspan="1" /><td rowspan="1" colspan="1"><p>Gerência Interinstitucional e Contencioso de Barragens e Pilhas</p></td><td rowspan="1" colspan="1"><p>GEICON</p></td><td rowspan="1" colspan="1"><p>FCE 1.11</p></td></tr><tr><td rowspan="1" colspan="1" /><td rowspan="1" colspan="1"><p>Coordenação de Assuntos Interinstitucionais de Barragens e Pilhas</p></td><td rowspan="1" colspan="1"><p>CORABP</p></td><td rowspan="1" colspan="1"><p>FCE 1.10</p></td></tr><tr><td rowspan="1" colspan="1" /><td rowspan="1" colspan="1"><p>Coordenação de Contencioso de Barragens e Pilhas</p></td><td rowspan="1" colspan="1"><p>CORCBP</p></td><td rowspan="1" colspan="1"><p>FCE 1.10</p></td></tr><tr><td rowspan="1" colspan="1"><p>Diretiva Regional Minas Gerais</p></td><td rowspan="1" colspan="1"><p>GERÊNCIA REGIONAL DA ANM NO ESTADO DE MINAS GERAIS</p></td><td rowspan="1" colspan="1"><p>GER-MG</p></td><td rowspan="1" colspan="1"><p>FCE 1.13</p></td></tr><tr><td rowspan="1" colspan="1" /><td rowspan="1" colspan="1"><p>Assistente Técnico</p></td><td rowspan="1" colspan="1"><p></p></td><td rowspan="1" colspan="1"><p>FCE 2.06</p></td></tr><tr><td rowspan="1" colspan="1" /><td rowspan="1" colspan="1"><p>Unidade Avançada do Leste de MG (Governador Valadares)</p></td><td rowspan="1" colspan="1"><p>UAGV-MG</p></td><td rowspan="1" colspan="1"><p>FCE 1.07</p></td></tr><tr><td rowspan="1" colspan="1" /><td rowspan="1" colspan="1"><p>Unidade Avançada do Norte de MG (Montes Claros)</p></td><td rowspan="1" colspan="1"><p>UAMC-MG</p></td><td rowspan="1" colspan="1"><p>FCE 1.07</p></td></tr><tr><td rowspan="1" colspan="1" /><td rowspan="1" colspan="1"><p>Unidade Avançada do Sul, Centro-Oeste e Triângulo de MG (Poços de Caldas)</p></td><td rowspan="1" colspan="1"><p>UAPC-MG</p></td><td rowspan="1" colspan="1"><p>FCE 1.07</p></td></tr><tr><td rowspan="1" colspan="1"><p>Diretiva Regional Norte</p></td><td rowspan="1" colspan="1"><p>GERÊNCIA REGIONAL DA ANM NO ESTADO DO PARÁ</p></td><td rowspan="1" colspan="1"><p>GER-PA</p></td><td rowspan="1" colspan="1"><p>CCE 1.13</p></td></tr><tr><td rowspan="1" colspan="1" /><td rowspan="1" colspan="1"><p>Assistente Técnico</p></td><td rowspan="1" colspan="1"><p></p></td><td rowspan="1" colspan="1"><p>FCE 2.06</p></td></tr><tr><td rowspan="1" colspan="1" /><td rowspan="1" colspan="1"><p>Unidade Avançada de Itaituba</p></td><td rowspan="1" colspan="1"><p>UAI-PA</p></td><td rowspan="1" colspan="1"><p>FCE 1.07</p></td></tr><tr><td rowspan="1" colspan="1" /><td rowspan="1" colspan="1"><p>GERÊNCIA REGIONAL DA ANM NO ESTADO DO AMAZONAS</p></td><td rowspan="1" colspan="1"><p>GER-AM</p></td><td rowspan="1" colspan="1"><p>FCE 1.11</p></td></tr><tr><td rowspan="1" colspan="1" /><td rowspan="1" colspan="1"><p>GERÊNCIA REGIONAL DA ANM NO ESTADO DE RORAIMA</p></td><td rowspan="1" colspan="1"><p>GER-RR</p></td><td rowspan="1" colspan="1"><p>FCE 1.11</p></td></tr><tr><td rowspan="1" colspan="1" /><td rowspan="1" colspan="1"><p>GERÊNCIA REGIONAL DA ANM NO ESTADO DO AMAPÁ</p></td><td rowspan="1" colspan="1"><p>GER-AP</p></td><td rowspan="1" colspan="1"><p>FCE 1.11</p></td></tr><tr><td rowspan="1" colspan="1"><p>Diretiva Regional Sul-Sudeste</p></td><td rowspan="1" colspan="1"><p>GERÊNCIA REGIONAL DA ANM NO ESTADO DE SÃO PAULO</p></td><td rowspan="1" colspan="1"><p>GER-SP</p></td><td rowspan="1" colspan="1"><p>FCE 1.12</p></td></tr><tr><td rowspan="1" colspan="1" /><td rowspan="1" colspan="1"><p>Assistente Técnico</p></td><td rowspan="1" colspan="1"><p></p></td><td rowspan="1" colspan="1"><p>FCE 2.06</p></td></tr><tr><td rowspan="1" colspan="1" /><td rowspan="1" colspan="1"><p>GERÊNCIA REGIONAL DA ANM NO ESTADO DO ESPÍRITO SANTO</p></td><td rowspan="1" colspan="1"><p>GER-ES</p></td><td rowspan="1" colspan="1"><p>FCE 1.11</p></td></tr><tr><td rowspan="1" colspan="1" /><td rowspan="1" colspan="1"><p>GERÊNCIA REGIONAL DA ANM NO ESTADO DO RIO DE JANEIRO</p></td><td rowspan="1" colspan="1"><p>GER-RJ</p></td><td rowspan="1" colspan="1"><p>FCE 1.11</p></td></tr><tr><td rowspan="1" colspan="1" /><td rowspan="1" colspan="1"><p>GERÊNCIA REGIONAL DA ANM NO ESTADO DE SANTA CATARINA</p></td><td rowspan="1" colspan="1"><p>GER-SC</p></td><td rowspan="1" colspan="1"><p>FCE 1.11</p></td></tr><tr><td rowspan="1" colspan="1" /><td rowspan="1" colspan="1"><p>Assistente Técnico</p></td><td rowspan="1" colspan="1"><p></p></td><td rowspan="1" colspan="1"><p>FCE 2.06</p></td></tr><tr><td rowspan="1" colspan="1" /><td rowspan="1" colspan="1"><p>Unidade Avançada de Criciúma</p></td><td rowspan="1" colspan="1"><p>UAC-SC</p></td><td rowspan="1" colspan="1"><p>FCE 1.07</p></td></tr><tr><td rowspan="1" colspan="1" /><td rowspan="1" colspan="1"><p>GERÊNCIA REGIONAL DA ANM NO ESTADO DO PARANÁ</p></td><td rowspan="1" colspan="1"><p>GER-PR</p></td><td rowspan="1" colspan="1"><p>FCE 1.11</p></td></tr><tr><td rowspan="1" colspan="1" /><td rowspan="1" colspan="1"><p>GERÊNCIA REGIONAL DA ANM NO ESTADO DO RIO GRANDE DO SUL</p></td><td rowspan="1" colspan="1"><p>GER-RS</p></td><td rowspan="1" colspan="1"><p>FCE 1.11</p></td></tr><tr><td rowspan="1" colspan="1"><p>Diretiva Regional Centro-Oeste e Área Setentrional da Região Norte</p></td><td rowspan="1" colspan="1"><p>GERÊNCIA REGIONAL DA ANM NO ESTADO DE GOIÁS</p></td><td rowspan="1" colspan="1"><p>GER-GO</p></td><td rowspan="1" colspan="1"><p>CCE 1.13</p></td></tr><tr><td rowspan="1" colspan="1" /><td rowspan="1" colspan="1"><p>Assistente Técnico</p></td><td rowspan="1" colspan="1"><p></p></td><td rowspan="1" colspan="1"><p>FCE 2.06</p></td></tr><tr><td rowspan="1" colspan="1" /><td rowspan="1" colspan="1"><p>GERÊNCIA REGIONAL DA ANM NO ESTADO DO MATO GROSSO</p></td><td rowspan="1" colspan="1"><p>GER-MT</p></td><td rowspan="1" colspan="1"><p>CCE 1.13</p></td></tr><tr><td rowspan="1" colspan="1" /><td rowspan="1" colspan="1"><p>Assistente Técnico</p></td><td rowspan="1" colspan="1"><p></p></td><td rowspan="1" colspan="1"><p>FCE 2.06</p></td></tr><tr><td rowspan="1" colspan="1" /><td rowspan="1" colspan="1"><p>GERÊNCIA REGIONAL DA ANM NO ESTADO DO MATO GROSSO DO SUL</p></td><td rowspan="1" colspan="1"><p>GER-MS</p></td><td rowspan="1" colspan="1"><p>FCE 1.11</p></td></tr><tr><td rowspan="1" colspan="1" /><td rowspan="1" colspan="1"><p>GERÊNCIA REGIONAL DA ANM NO ESTADO DO TOCANTINS</p></td><td rowspan="1" colspan="1"><p>GER-TO</p></td><td rowspan="1" colspan="1"><p>FCE 1.11</p></td></tr><tr><td rowspan="1" colspan="1" /><td rowspan="1" colspan="1"><p>GERÊNCIA REGIONAL DA ANM NO ESTADO DE RONDÔNIA</p></td><td rowspan="1" colspan="1"><p>GER-RO</p></td><td rowspan="1" colspan="1"><p>FCE 1.11</p></td></tr><tr><td rowspan="1" colspan="1"><p>Diretiva Regional Nordeste</p></td><td rowspan="1" colspan="1"><p>GERÊNCIA REGIONAL DA ANM NO ESTADO DA BAHIA</p></td><td rowspan="1" colspan="1"><p>GER-BA</p></td><td rowspan="1" colspan="1"><p>FCE 1.13</p></td></tr><tr><td rowspan="1" colspan="1" /><td rowspan="1" colspan="1"><p>Assistente Técnico</p></td><td rowspan="1" colspan="1"><p></p></td><td rowspan="1" colspan="1"><p>FCE 2.06</p></td></tr><tr><td rowspan="1" colspan="1" /><td rowspan="1" colspan="1"><p>GERÊNCIA REGIONAL DA ANM NO ESTADO DE PERNAMBUCO</p></td><td rowspan="1" colspan="1"><p>GER-PE</p></td><td rowspan="1" colspan="1"><p>FCE 1.11</p></td></tr><tr><td rowspan="1" colspan="1" /><td rowspan="1" colspan="1"><p>GERÊNCIA REGIONAL DA ANM NO ESTADO DE ALAGOAS</p></td><td rowspan="1" colspan="1"><p>GER-AL</p></td><td rowspan="1" colspan="1"><p>FCE 1.11</p></td></tr><tr><td rowspan="1" colspan="1" /><td rowspan="1" colspan="1"><p>GERÊNCIA REGIONAL DA ANM NO ESTADO DA PARAÍBA</p></td><td rowspan="1" colspan="1"><p>GER-PB</p></td><td rowspan="1" colspan="1"><p>FCE 1.11</p></td></tr><tr><td rowspan="1" colspan="1" /><td rowspan="1" colspan="1"><p>GERÊNCIA REGIONAL DA ANM NO ESTADO DO RIO GRANDE DO NORTE</p></td><td rowspan="1" colspan="1"><p>GER-RN</p></td><td rowspan="1" colspan="1"><p>FCE 1.11</p></td></tr><tr><td rowspan="1" colspan="1" /><td rowspan="1" colspan="1"><p>GERÊNCIA REGIONAL DA ANM NO ESTADO DO CEARÁ</p></td><td rowspan="1" colspan="1"><p>GER-CE</p></td><td rowspan="1" colspan="1"><p>FCE 1.12</p></td></tr><tr><td rowspan="1" colspan="1" /><td rowspan="1" colspan="1"><p>GERÊNCIA REGIONAL DA ANM NO ESTADO DO PIAUÍ</p></td><td rowspan="1" colspan="1"><p>GER-PI</p></td><td rowspan="1" colspan="1"><p>FCE 1.11</p></td></tr><tr><td rowspan="1" colspan="1" /><td rowspan="1" colspan="1"><p>GERÊNCIA REGIONAL DA ANM NO ESTADO DO MARANHÃO</p></td><td rowspan="1" colspan="1"><p>GER-MA</p></td><td rowspan="1" colspan="1"><p>FCE 1.11</p></td></tr><tr><td rowspan="1" colspan="1" /><td rowspan="1" colspan="1"><p>GERÊNCIA REGIONAL DA ANM NO ESTADO DE SERGIPE</p></td><td rowspan="1" colspan="1"><p>GER-SE</p></td><td rowspan="1" colspan="1"><p>FCE 1.11</p></td></tr></table><p>Art.7º Ficam instituídos os Anexos II, III e IV:</p><p>ANEXO II</p><p>DEMONSTRATIVO DAS ALTERAÇÕES DOS QUANTITATIVOS DOS CARGOS COMISSIONADOS EXECUTIVOS - CCE E FUNÇÕES COMISSIONADAS EXECUTIVAS - FCE, NOS TERMOS DO ANEXO II DO DECRETO N° 9.587, DE 2018, COM REDAÇÃO DADA PELO ANEXO III DO DECRETO N° 12.505, DE 2025, E COM BASE NA COMPETÊNCIA DO INCISO IV DO ART. 9°, DO ANEXO I, DO DECRETO N° 9.587, DE 2018</p><p /><p></p><table><tr /><tr><td rowspan="1" colspan="1"><p>CÓDIGO</p></td><td rowspan="1" colspan="1"><p>CCE-UNITÁRIO*</p></td><td rowspan="1" colspan="2"><p>SITUAÇÃO ATUAL (a)</p></td><td rowspan="1" colspan="2"><p>SITUAÇÃO NOVA (b)</p></td><td rowspan="1" colspan="2"><p>DIFERENÇA</p></td></tr><tr><td rowspan="1" colspan="1" /><td rowspan="1" colspan="1" /><td rowspan="1" colspan="2" /><td rowspan="1" colspan="2" /><td rowspan="1" colspan="2"><p>(c = b - a)</p></td></tr><tr><td rowspan="1" colspan="1" /><td rowspan="1" colspan="1" /><td rowspan="1" colspan="1"><p>QTD.</p></td><td rowspan="1" colspan="1"><p>VALOR TOTAL</p></td><td rowspan="1" colspan="1"><p>QTD.</p></td><td rowspan="1" colspan="1"><p>VALOR TOTAL</p></td><td rowspan="1" colspan="1"><p>QTD.</p></td><td rowspan="1" colspan="1"><p>VALOR TOTAL</p></td></tr><tr><td rowspan="1" colspan="1"><p>CCE-18</p></td><td rowspan="1" colspan="1"><p>7,65</p></td><td rowspan="1" colspan="1"><p>1</p></td><td rowspan="1" colspan="1"><p>7,65</p></td><td rowspan="1" colspan="1"><p>1</p></td><td rowspan="1" colspan="1"><p>7,65</p></td><td rowspan="1" colspan="1"><p>0</p></td><td rowspan="1" colspan="1"><p>0</p></td></tr><tr><td rowspan="1" colspan="1"><p>CCE-17</p></td><td rowspan="1" colspan="1"><p>7,08</p></td><td rowspan="1" colspan="1"><p>4</p></td><td rowspan="1" colspan="1"><p>28,32</p></td><td rowspan="1" colspan="1"><p>4</p></td><td rowspan="1" colspan="1"><p>28,32</p></td><td rowspan="1" colspan="1"><p>0</p></td><td rowspan="1" colspan="1"><p>0</p></td></tr><tr><td rowspan="1" colspan="1"><p>CCE-16</p></td><td rowspan="1" colspan="1"><p>6,23</p></td><td rowspan="1" colspan="1"><p>1</p></td><td rowspan="1" colspan="1"><p>6,23</p></td><td rowspan="1" colspan="1"><p>1</p></td><td rowspan="1" colspan="1"><p>6,23</p></td><td rowspan="1" colspan="1"><p>0</p></td><td rowspan="1" colspan="1"><p>0</p></td></tr><tr><td rowspan="1" colspan="1"><p>CCE-15</p></td><td rowspan="1" colspan="1"><p>5,41</p></td><td rowspan="1" colspan="1"><p>5</p></td><td rowspan="1" colspan="1"><p>27,05</p></td><td rowspan="1" colspan="1"><p>3</p></td><td rowspan="1" colspan="1"><p>16,23</p></td><td rowspan="1" colspan="1"><p>-2</p></td><td rowspan="1" colspan="1"><p>-10,82</p></td></tr><tr><td rowspan="1" colspan="1"><p>CCE-14</p></td><td rowspan="1" colspan="1"><p>4,63</p></td><td rowspan="1" colspan="1"><p>0</p></td><td rowspan="1" colspan="1"><p>0</p></td><td rowspan="1" colspan="1"><p>4</p></td><td rowspan="1" colspan="1"><p>18,52</p></td><td rowspan="1" colspan="1"><p>4</p></td><td rowspan="1" colspan="1"><p>18,52</p></td></tr><tr><td rowspan="1" colspan="1"><p>CCE-13</p></td><td rowspan="1" colspan="1"><p>4,12</p></td><td rowspan="1" colspan="1"><p>0</p></td><td rowspan="1" colspan="1"><p>0</p></td><td rowspan="1" colspan="1"><p>3</p></td><td rowspan="1" colspan="1"><p>12,36</p></td><td rowspan="1" colspan="1"><p>3</p></td><td rowspan="1" colspan="1"><p>12,36</p></td></tr><tr><td rowspan="1" colspan="1"><p>CCE-12</p></td><td rowspan="1" colspan="1"><p>3,1</p></td><td rowspan="1" colspan="1"><p>0</p></td><td rowspan="1" colspan="1"><p>0</p></td><td rowspan="1" colspan="1"><p>1</p></td><td rowspan="1" colspan="1"><p>3,1</p></td><td rowspan="1" colspan="1"><p>1</p></td><td rowspan="1" colspan="1"><p>3,1</p></td></tr><tr><td rowspan="1" colspan="1"><p>CCE-11</p></td><td rowspan="1" colspan="1"><p>2,47</p></td><td rowspan="1" colspan="1"><p>1</p></td><td rowspan="1" colspan="1"><p>2,47</p></td><td rowspan="1" colspan="1"><p>1</p></td><td rowspan="1" colspan="1"><p>2,47</p></td><td rowspan="1" colspan="1"><p>0</p></td><td rowspan="1" colspan="1"><p>0</p></td></tr><tr><td rowspan="1" colspan="1"><p>CCE-10</p></td><td rowspan="1" colspan="1"><p>2,12</p></td><td rowspan="1" colspan="1"><p>1</p></td><td rowspan="1" colspan="1"><p>2,12</p></td><td rowspan="1" colspan="1"><p>2</p></td><td rowspan="1" colspan="1"><p>4,24</p></td><td rowspan="1" colspan="1"><p>1</p></td><td rowspan="1" colspan="1"><p>2,12</p></td></tr><tr><td rowspan="1" colspan="1"><p>CCE-09</p></td><td rowspan="1" colspan="1"><p>1,67</p></td><td rowspan="1" colspan="1"><p>2</p></td><td rowspan="1" colspan="1"><p>3,34</p></td><td rowspan="1" colspan="1"><p>0</p></td><td rowspan="1" colspan="1"><p>0</p></td><td rowspan="1" colspan="1"><p>-2</p></td><td rowspan="1" colspan="1"><p>-3,34</p></td></tr><tr><td rowspan="1" colspan="1"><p>CCE-08</p></td><td rowspan="1" colspan="1"><p>1,6</p></td><td rowspan="1" colspan="1"><p>3</p></td><td rowspan="1" colspan="1"><p>4,8</p></td><td rowspan="1" colspan="1"><p>0</p></td><td rowspan="1" colspan="1"><p>0</p></td><td rowspan="1" colspan="1"><p>-3</p></td><td rowspan="1" colspan="1"><p>-4,8</p></td></tr><tr><td rowspan="1" colspan="1"><p>CCE-07</p></td><td rowspan="1" colspan="1"><p>1,39</p></td><td rowspan="1" colspan="1"><p>0</p></td><td rowspan="1" colspan="1"><p>0</p></td><td rowspan="1" colspan="1"><p>2</p></td><td rowspan="1" colspan="1"><p>2,78</p></td><td rowspan="1" colspan="1"><p>2</p></td><td rowspan="1" colspan="1"><p>2,78</p></td></tr><tr><td rowspan="1" colspan="1"><p>CCE-06</p></td><td rowspan="1" colspan="1"><p>1,17</p></td><td rowspan="1" colspan="1"><p>1</p></td><td rowspan="1" colspan="1"><p>1,17</p></td><td rowspan="1" colspan="1"><p>2</p></td><td rowspan="1" colspan="1"><p>2,34</p></td><td rowspan="1" colspan="1"><p>1</p></td><td rowspan="1" colspan="1"><p>1,17</p></td></tr><tr><td rowspan="1" colspan="1"><p>CCE-05</p></td><td rowspan="1" colspan="1"><p>1</p></td><td rowspan="1" colspan="1"><p>1</p></td><td rowspan="1" colspan="1"><p>1</p></td><td rowspan="1" colspan="1"><p>3</p></td><td rowspan="1" colspan="1"><p>3</p></td><td rowspan="1" colspan="1"><p>2</p></td><td rowspan="1" colspan="1"><p>2</p></td></tr><tr><td rowspan="1" colspan="1"><p>FCE-16</p></td><td rowspan="1" colspan="1"><p>3,74</p></td><td rowspan="1" colspan="1"><p>8</p></td><td rowspan="1" colspan="1"><p>29,92</p></td><td rowspan="1" colspan="1"><p>9</p></td><td rowspan="1" colspan="1"><p>33,66</p></td><td rowspan="1" colspan="1"><p>1</p></td><td rowspan="1" colspan="1"><p>3,74</p></td></tr><tr><td rowspan="1" colspan="1"><p>FCE-15</p></td><td rowspan="1" colspan="1"><p>3,25</p></td><td rowspan="1" colspan="1"><p>22</p></td><td rowspan="1" colspan="1"><p>71,5</p></td><td rowspan="1" colspan="1"><p>6</p></td><td rowspan="1" colspan="1"><p>19,5</p></td><td rowspan="1" colspan="1"><p>-16</p></td><td rowspan="1" colspan="1"><p>-52</p></td></tr><tr><td rowspan="1" colspan="1"><p>FCE-14</p></td><td rowspan="1" colspan="1"><p>2,78</p></td><td rowspan="1" colspan="1"><p>0</p></td><td rowspan="1" colspan="1"><p>0</p></td><td rowspan="1" colspan="1"><p>6</p></td><td rowspan="1" colspan="1"><p>16,68</p></td><td rowspan="1" colspan="1"><p>6</p></td><td rowspan="1" colspan="1"><p>16,68</p></td></tr><tr><td rowspan="1" colspan="1"><p>FCE-13</p></td><td rowspan="1" colspan="1"><p>2,47</p></td><td rowspan="1" colspan="1"><p>7</p></td><td rowspan="1" colspan="1"><p>17,29</p></td><td rowspan="1" colspan="1"><p>2</p></td><td rowspan="1" colspan="1"><p>4,94</p></td><td rowspan="1" colspan="1"><p>-5</p></td><td rowspan="1" colspan="1"><p>-12,35</p></td></tr><tr><td rowspan="1" colspan="1"><p>FCE-12</p></td><td rowspan="1" colspan="1"><p>1,86</p></td><td rowspan="1" colspan="1"><p>50</p></td><td rowspan="1" colspan="1"><p>93</p></td><td rowspan="1" colspan="1"><p>5</p></td><td rowspan="1" colspan="1"><p>9,3</p></td><td rowspan="1" colspan="1"><p>-45</p></td><td rowspan="1" colspan="1"><p>-83,7</p></td></tr><tr><td rowspan="1" colspan="1"><p>FCE-11</p></td><td rowspan="1" colspan="1"><p>1,48</p></td><td rowspan="1" colspan="1"><p>1</p></td><td rowspan="1" colspan="1"><p>1,48</p></td><td rowspan="1" colspan="1"><p>58</p></td><td rowspan="1" colspan="1"><p>85,84</p></td><td rowspan="1" colspan="1"><p>57</p></td><td rowspan="1" colspan="1"><p>84,36</p></td></tr><tr><td rowspan="1" colspan="1"><p>FCE-10</p></td><td rowspan="1" colspan="1"><p>1,27</p></td><td rowspan="1" colspan="1"><p>49</p></td><td rowspan="1" colspan="1"><p>62,23</p></td><td rowspan="1" colspan="1"><p>53</p></td><td rowspan="1" colspan="1"><p>67,31</p></td><td rowspan="1" colspan="1"><p>4</p></td><td rowspan="1" colspan="1"><p>5,08</p></td></tr><tr><td rowspan="1" colspan="1"><p>FCE-09</p></td><td rowspan="1" colspan="1"><p>1</p></td><td rowspan="1" colspan="1"><p>4</p></td><td rowspan="1" colspan="1"><p>4</p></td><td rowspan="1" colspan="1"><p>83</p></td><td rowspan="1" colspan="1"><p>83</p></td><td rowspan="1" colspan="1"><p>79</p></td><td rowspan="1" colspan="1"><p>79</p></td></tr><tr><td rowspan="1" colspan="1"><p>FCE-08</p></td><td rowspan="1" colspan="1"><p>0,96</p></td><td rowspan="1" colspan="1"><p>58</p></td><td rowspan="1" colspan="1"><p>55,68</p></td><td rowspan="1" colspan="1"><p>18</p></td><td rowspan="1" colspan="1"><p>17,28</p></td><td rowspan="1" colspan="1"><p>-40</p></td><td rowspan="1" colspan="1"><p>-38,4</p></td></tr><tr><td rowspan="1" colspan="1"><p>FCE-07</p></td><td rowspan="1" colspan="1"><p>0,83</p></td><td rowspan="1" colspan="1"><p>0</p></td><td rowspan="1" colspan="1"><p>0</p></td><td rowspan="1" colspan="1"><p>5</p></td><td rowspan="1" colspan="1"><p>4,15</p></td><td rowspan="1" colspan="1"><p>5</p></td><td rowspan="1" colspan="1"><p>4,15</p></td></tr><tr><td rowspan="1" colspan="1"><p>FCE-06</p></td><td rowspan="1" colspan="1"><p>0,7</p></td><td rowspan="1" colspan="1"><p>31</p></td><td rowspan="1" colspan="1"><p>21,7</p></td><td rowspan="1" colspan="1"><p>16</p></td><td rowspan="1" colspan="1"><p>11,2</p></td><td rowspan="1" colspan="1"><p>-15</p></td><td rowspan="1" colspan="1"><p>-10,5</p></td></tr><tr><td rowspan="1" colspan="1"><p>FCE-05</p></td><td rowspan="1" colspan="1"><p>0,6</p></td><td rowspan="1" colspan="1"><p>49</p></td><td rowspan="1" colspan="1"><p>29,4</p></td><td rowspan="1" colspan="1"><p>22</p></td><td rowspan="1" colspan="1"><p>13,2</p></td><td rowspan="1" colspan="1"><p>-27</p></td><td rowspan="1" colspan="1"><p>-16,2</p></td></tr><tr><td rowspan="1" colspan="1"><p>FCE-04</p></td><td rowspan="1" colspan="1"><p>0,44</p></td><td rowspan="1" colspan="1"><p>11</p></td><td rowspan="1" colspan="1"><p>4,84</p></td><td rowspan="1" colspan="1"><p>5</p></td><td rowspan="1" colspan="1"><p>2,2</p></td><td rowspan="1" colspan="1"><p>-6</p></td><td rowspan="1" colspan="1"><p>-2,64</p></td></tr><tr><td rowspan="1" colspan="1"><p>FCE-03</p></td><td rowspan="1" colspan="1"><p>0,37</p></td><td rowspan="1" colspan="1"><p>8</p></td><td rowspan="1" colspan="1"><p>2,96</p></td><td rowspan="1" colspan="1"><p>7</p></td><td rowspan="1" colspan="1"><p>2,59</p></td><td rowspan="1" colspan="1"><p>-1</p></td><td rowspan="1" colspan="1"><p>-0,37</p></td></tr><tr><td rowspan="1" colspan="2"><p>TOTAL</p></td><td rowspan="1" colspan="1"><p>318</p></td><td rowspan="1" colspan="1"><p>478,15</p></td><td rowspan="1" colspan="1"><p>322</p></td><td rowspan="1" colspan="1"><p>478,09</p></td><td rowspan="1" colspan="1"><p>4</p></td><td rowspan="1" colspan="1"><p>-0,06</p></td></tr></table><p>ANEXO III</p><p>QUADRO DEMONSTRATIVO DOS CARGOS EM COMISSÃO E DAS FUNÇÕES DE CONFIANÇA DA ANM:</p><p /><p></p><table><tr /><tr><td rowspan="1" colspan="1"><p>UNIDADE</p></td><td rowspan="1" colspan="1"><p>CARGO/FUNÇÃO Nº</p></td><td rowspan="1" colspan="1"><p>DENOMINAÇÃO CARGO/FUNÇÃO</p></td><td rowspan="1" colspan="1"><p>CÓDIGO</p></td></tr><tr><td rowspan="1" colspan="1"><p>DIRETORIA</p></td><td rowspan="1" colspan="1"><p>1</p></td><td rowspan="1" colspan="1"><p>Diretor-Geral</p></td><td rowspan="1" colspan="1"><p>CCE 1.18</p></td></tr><tr><td rowspan="1" colspan="1"><p></p></td><td rowspan="1" colspan="1"><p>4</p></td><td rowspan="1" colspan="1"><p>Diretor</p></td><td rowspan="1" colspan="1"><p>CCE 1.17</p></td></tr><tr><td rowspan="1" colspan="1"><p></p></td><td rowspan="1" colspan="1"><p></p></td><td rowspan="1" colspan="1"><p></p></td><td rowspan="1" colspan="1"><p></p></td></tr><tr><td rowspan="1" colspan="1"><p>OUVIDORIA</p></td><td rowspan="1" colspan="1"><p>1</p></td><td rowspan="1" colspan="1"><p>Ouvidor</p></td><td rowspan="1" colspan="1"><p>FCE 1.15</p></td></tr><tr><td rowspan="1" colspan="1"><p></p></td><td rowspan="1" colspan="1"><p>1</p></td><td rowspan="1" colspan="1"><p></p></td><td rowspan="1" colspan="1"><p>CCE 1.16</p></td></tr><tr><td rowspan="1" colspan="1"><p></p></td><td rowspan="1" colspan="1"><p>3</p></td><td rowspan="1" colspan="1"><p></p></td><td rowspan="1" colspan="1"><p>CCE 1.15</p></td></tr><tr><td rowspan="1" colspan="1"><p></p></td><td rowspan="1" colspan="1"><p>4</p></td><td rowspan="1" colspan="1"><p></p></td><td rowspan="1" colspan="1"><p>CCE 2.14</p></td></tr><tr><td rowspan="1" colspan="1"><p></p></td><td rowspan="1" colspan="1"><p>3</p></td><td rowspan="1" colspan="1"><p></p></td><td rowspan="1" colspan="1"><p>CCE 1.13</p></td></tr><tr><td rowspan="1" colspan="1"><p></p></td><td rowspan="1" colspan="1"><p>1</p></td><td rowspan="1" colspan="1"><p></p></td><td rowspan="1" colspan="1"><p>CCE 2.12</p></td></tr><tr><td rowspan="1" colspan="1"><p></p></td><td rowspan="1" colspan="1"><p>1</p></td><td rowspan="1" colspan="1"><p></p></td><td rowspan="1" colspan="1"><p>CCE 1.11</p></td></tr><tr><td rowspan="1" colspan="1"><p></p></td><td rowspan="1" colspan="1"><p>1</p></td><td rowspan="1" colspan="1"><p></p></td><td rowspan="1" colspan="1"><p>CCE 1.10</p></td></tr><tr><td rowspan="1" colspan="1"><p></p></td><td rowspan="1" colspan="1"><p>1</p></td><td rowspan="1" colspan="1"><p></p></td><td rowspan="1" colspan="1"><p>CCE 2.10</p></td></tr><tr><td rowspan="1" colspan="1"><p></p></td><td rowspan="1" colspan="1"><p>2</p></td><td rowspan="1" colspan="1"><p></p></td><td rowspan="1" colspan="1"><p>CCE 2.07</p></td></tr><tr><td rowspan="1" colspan="1"><p></p></td><td rowspan="1" colspan="1"><p>2</p></td><td rowspan="1" colspan="1"><p></p></td><td rowspan="1" colspan="1"><p>CCE 2.06</p></td></tr><tr><td rowspan="1" colspan="1"><p></p></td><td rowspan="1" colspan="1"><p>3</p></td><td rowspan="1" colspan="1"><p></p></td><td rowspan="1" colspan="1"><p>CCE 1.05</p></td></tr><tr><td rowspan="1" colspan="1"><p></p></td><td rowspan="1" colspan="1"><p>9</p></td><td rowspan="1" colspan="1"><p></p></td><td rowspan="1" colspan="1"><p>FCE 1.16</p></td></tr><tr><td rowspan="1" colspan="1"><p></p></td><td rowspan="1" colspan="1"><p>5</p></td><td rowspan="1" colspan="1"><p></p></td><td rowspan="1" colspan="1"><p>FCE 1.15</p></td></tr><tr><td rowspan="1" colspan="1"><p></p></td><td rowspan="1" colspan="1"><p>6</p></td><td rowspan="1" colspan="1"><p></p></td><td rowspan="1" colspan="1"><p>FCE 2.14</p></td></tr><tr><td rowspan="1" colspan="1"><p></p></td><td rowspan="1" colspan="1"><p>2</p></td><td rowspan="1" colspan="1"><p></p></td><td rowspan="1" colspan="1"><p>FCE 1.13</p></td></tr><tr><td rowspan="1" colspan="1"><p></p></td><td rowspan="1" colspan="1"><p>5</p></td><td rowspan="1" colspan="1"><p></p></td><td rowspan="1" colspan="1"><p>FCE 1.12</p></td></tr><tr><td rowspan="1" colspan="1"><p></p></td><td rowspan="1" colspan="1"><p>58</p></td><td rowspan="1" colspan="1"><p></p></td><td rowspan="1" colspan="1"><p>FCE 1.11</p></td></tr><tr><td rowspan="1" colspan="1"><p></p></td><td rowspan="1" colspan="1"><p>53</p></td><td rowspan="1" colspan="1"><p></p></td><td rowspan="1" colspan="1"><p>FCE 1.10</p></td></tr><tr><td rowspan="1" colspan="1"><p></p></td><td rowspan="1" colspan="1"><p>83</p></td><td rowspan="1" colspan="1"><p></p></td><td rowspan="1" colspan="1"><p>FCE 1.09</p></td></tr><tr><td rowspan="1" colspan="1"><p></p></td><td rowspan="1" colspan="1"><p>15</p></td><td rowspan="1" colspan="1"><p></p></td><td rowspan="1" colspan="1"><p>FCE 2.08</p></td></tr><tr><td rowspan="1" colspan="1"><p></p></td><td rowspan="1" colspan="1"><p>3</p></td><td rowspan="1" colspan="1"><p></p></td><td rowspan="1" colspan="1"><p>FCE 1.08</p></td></tr><tr><td rowspan="1" colspan="1"><p></p></td><td rowspan="1" colspan="1"><p>5</p></td><td rowspan="1" colspan="1"><p></p></td><td rowspan="1" colspan="1"><p>FCE 1.07</p></td></tr><tr><td rowspan="1" colspan="1"><p></p></td><td rowspan="1" colspan="1"><p>9</p></td><td rowspan="1" colspan="1"><p></p></td><td rowspan="1" colspan="1"><p>FCE 1.06</p></td></tr><tr><td rowspan="1" colspan="1"><p></p></td><td rowspan="1" colspan="1"><p>7</p></td><td rowspan="1" colspan="1"><p></p></td><td rowspan="1" colspan="1"><p>FCE 2.06</p></td></tr><tr><td rowspan="1" colspan="1"><p></p></td><td rowspan="1" colspan="1"><p>20</p></td><td rowspan="1" colspan="1"><p></p></td><td rowspan="1" colspan="1"><p>FCE 1.05</p></td></tr><tr><td rowspan="1" colspan="1"><p></p></td><td rowspan="1" colspan="1"><p>2</p></td><td rowspan="1" colspan="1"><p></p></td><td rowspan="1" colspan="1"><p>FCE 2.05</p></td></tr><tr><td rowspan="1" colspan="1"><p></p></td><td rowspan="1" colspan="1"><p>5</p></td><td rowspan="1" colspan="1"><p></p></td><td rowspan="1" colspan="1"><p>FCE 2.04</p></td></tr><tr><td rowspan="1" colspan="1"><p></p></td><td rowspan="1" colspan="1"><p>4</p></td><td rowspan="1" colspan="1"><p></p></td><td rowspan="1" colspan="1"><p>FCE 1.03</p></td></tr><tr><td rowspan="1" colspan="1"><p></p></td><td rowspan="1" colspan="1"><p>3</p></td><td rowspan="1" colspan="1"><p></p></td><td rowspan="1" colspan="1"><p>FCE 2.03</p></td></tr></table>]]></Texto>
  </body>
  <Midias />
</article></xml>