﻿<xml><article id="44730532" name="Deliberacao PAS 11 GRERE" idOficio="11190991" pubName="DO1" artType="Deliberação" pubDate="01/08/2025" artClass="00041:00020:00025:00009:00000:00000:00000:00000:00000:00000:00022:00000" artCategory="Ministério de Portos e Aeroportos/Agência Nacional de Transportes Aquaviários/Superintendência de Fiscalização e Coordenação das Unidades Regionais/Gerência Regional de Recife" artSize="12" artNotes="" numberPage="100" pdfPage="http://pesquisa.in.gov.br/imprensa/jsp/visualiza/index.jsp?data=01/08/2025&amp;jornal=515&amp;pagina=100" editionNumber="144" highlightType="" highlightPriority="" highlight="" highlightimage="" highlightimagename="" idMateria="22947919">
  <body>
    <Identifica><![CDATA[ Deliberação PAS nº 11/GRERE/SFC, DE 18 DE JUNHO DE 2025]]></Identifica>
    <Data><![CDATA[]]></Data>
    <Ementa />
    <Titulo />
    <SubTitulo />
    <Texto><![CDATA[<p class="identifica">Deliberação PAS nº 11/GRERE/SFC, DE 18 DE JUNHO DE 2025</p><p>Processo nº 50300.000540/2025-43</p><p>Empresa penalizada: SINDICATO DA INDUSTRIA DO ACUCAR E DO ALCOOL NO EST PE, CNPJ: 11.012.986/0001-36. Objeto e Fundamento Legal: O Gerente Regional do Recife da Agência Nacional de Transportes Aquaviários - ANTAQ, no uso das atribuições que lhe são conferidas pelo Regimento Interno, após análise dos fatos apurados no Processo Administrativo Sancionador nº 50300.000540/2025-43 e com fundamento no art. 34 da Resolução nº 3.259/2014-ANTAQ, decide pela SUBSISTÊNCIA do Auto de Infração nº 006932-9 (SEI nº 2511297) e pela aplicação da penalidade de multa pecuniária no valor de R$ 12.600,00 (doze mil e seiscentos reais), pelo cometimento da infração tipificada no art. 35, inciso IV, da Resolução n° 75/2022-ANTAQ, por ter demolido e descartado parte dos componentes de equipamento portuário do tipo shiploader - bem da União, que se encontrava sob sua guarda e responsabilidade no terminal arrendado - sem submeter tal procedimento à prévia análise da ANTAQ.</p><p class="assina">Rafael Duarte Ferreira da Silva</p><p class="cargo">Gerente</p>]]></Texto>
  </body>
  <Midias />
</article></xml>