﻿<xml><article id="44716834" name="2025-07-31/11188332/ANMWS_229441" idOficio="11188332" pubName="DO1" artType="Retificação" pubDate="01/08/2025" artClass="00035:00044:00018:00000:00000:00000:00000:00000:00000:00000:00066:00116" artCategory="Ministério de Minas e Energia/Agência Nacional de Mineração/Gerência da ANM no Estado de Goiás" artSize="12" artNotes="" numberPage="81" pdfPage="http://pesquisa.in.gov.br/imprensa/jsp/visualiza/index.jsp?data=01/08/2025&amp;jornal=515&amp;pagina=81" editionNumber="144" highlightType="" highlightPriority="" highlight="" highlightimage="" highlightimagename="" idMateria="22944145">
  <body>
    <Identifica><![CDATA[Despacho]]></Identifica>
    <Data><![CDATA[]]></Data>
    <Ementa />
    <Titulo />
    <SubTitulo />
    <Texto><![CDATA[<p class="identifica">Despacho</p><p>Relação nº 116/2025</p><p>Fase de Licenciamento</p><p>Despacho de retificação do Registro de Licença(741)</p><p>860.131/2019-IVAN VIEIRA DO NASCIMENTO- Registro de Licença N° 11/2022-Onde se lê: Vencimento 27/02/2023 Leia-se: Vencimento 06/04/2026</p><p class="assina">WENDELL MONTANARO CARDOSO MESQUITA</p><p class="cargo">Gerente</p>]]></Texto>
  </body>
  <Midias />
</article></xml>