﻿<xml><article id="44735212" name="PortMB-MD-51-2025_005" idOficio="11191346" pubName="DO1" artType="Portaria" pubDate="01/08/2025" artClass="00016:00012:00001:00000:00000:00000:00000:00000:00000:00000:00054:00005" artCategory="Ministério da Defesa/Comando da Marinha/Gabinete do Comandante" artSize="12" artNotes="" numberPage="12" pdfPage="http://pesquisa.in.gov.br/imprensa/jsp/visualiza/index.jsp?data=01/08/2025&amp;jornal=515&amp;pagina=12" editionNumber="144" highlightType="" highlightPriority="" highlight="" highlightimage="" highlightimagename="" idMateria="22948606">
  <body>
    <Identifica />
    <Data><![CDATA[]]></Data>
    <Ementa />
    <Titulo />
    <SubTitulo />
    <Texto><![CDATA[<p>4.1.4. Franjas podem ser usadas, sendo que seu comprimento não deve ultrapassar a linha das sobrancelhas, bem como não deverão estar visíveis com o uso da cobertura.</p><p>4.1.5. Quando utilizando cobertura, as orelhas devem permanecer sempre à mostra, independente da arrumação ou do tipo do cabelo.</p><p>4.1.6. A tintura dos cabelos deverá ser da mesma cor do cabelo apresentado na identificação da militar e restringir-se-á às cores naturais do cabelo humano (loiro, loiro escuro, ruivo, castanho, castanho escuro, preto, grisalho e branco), sendo vedada a alternância de cores na coloração artificial, exceto nas técnicas conhecidas como luzes, balaiagem ou reflexos. A coloração artificial do cabelo deve ser em tonalidades discretas e compatíveis com o uso do uniforme militar.</p><p>4.1.7. É autorizado o uso do cabelo enfeitado com acessórios discretos, como strass, nas seguintes situações:</p><p>a) nubente em sua cerimônia de casamento, com os uniformes de gala; e</p><p>b) em bailes de gala.</p><p>4.1.8. É vedado raspar a cabeça ou adotar corte de cabelo com máquina inferior a nº 5, exceção feita à recomendação médica, durante a realização de curso ou estágio de caráter voluntário ou calvície.</p><p>4.1.9. É vedado o uso de corte de cabelo tipo "moicano" ou "topete", além do penteado com o cabelo levantado na parte anterior da cabeça, com ou sem gel fixador.</p><p>4.1.10. É vedado o corte de cabelo que apresente desenhos, figuras ou linhas artificialmente produzidas por navalhas ou instrumentos afins.</p><p>4.2. CLASSIFICAÇÃO DE CABELOS QUANTO À ARRUMAÇÃO</p><p>4.2.1. As arrumações de cabelos autorizadas são: soltos, presos em coque, presos em "rabo de cavalo", presos em trança única (simples ou embutida) e preso em tranças múltiplas.</p><p>4.2.2. Os cabelos soltos são aqueles que se encontram em suas condições naturais, sem arrumações, presilhas, elásticos, penteados e acessórios.</p><p>4.2.3. Os cabelos presos em coque devem possuir as seguintes características:</p><p>a) o cabelo deve ser preso firmemente, sem pontas soltas, devendo ser fixado por elásticos, grampos ou presilhas, bem como redes para cabelos, mantendo a tonalidade da cor do cabelo e a discrição;</p><p>b) o coque não deve ultrapassar os limites do rosto e do pescoço na vista frontal;</p><p>c) o coque deve ser centralizado, em altura que atenda ao preconizado no inciso 4.1.3;</p><p>d) é vedada a utilização de coque no topo da cabeça ou lateralizado; e</p><p>e) o volume do coque não deve ser maior que 50% da dimensão do crânio.</p><img name="1_MD_1_005" />]]></Texto>
  </body>
  <Midias>
    <Midia></Midia>
  </Midias>
</article></xml>