﻿<xml><article id="44735419" name="7648 Bancos de Leite Humano - BL" idOficio="11191341" pubName="DO1" artType="Portaria" pubDate="01/08/2025" artClass="00047:00001:00000:00000:00000:00000:00000:00000:00000:00000:00054:00000" artCategory="Ministério da Saúde/Gabinete do Ministro" artSize="24" artNotes="" numberPage="105" pdfPage="http://pesquisa.in.gov.br/imprensa/jsp/visualiza/index.jsp?data=01/08/2025&amp;jornal=515&amp;pagina=105" editionNumber="144" highlightType="" highlightPriority="" highlight="" highlightimage="" highlightimagename="" idMateria="22948682">
  <body>
    <Identifica />
    <Data><![CDATA[]]></Data>
    <Ementa />
    <Titulo />
    <SubTitulo />
    <Texto><![CDATA[<p /><p></p><table><tr><td rowspan="1" colspan="1"><p>PR</p></td><td rowspan="1" colspan="1"><p>Curitiba</p></td><td rowspan="1" colspan="1"><p>410690</p></td><td rowspan="1" colspan="1"><p>PONTA GROSSA</p></td><td rowspan="1" colspan="1"><p>FUNDO ESTADUAL DE SAUDE DO PARANA - FUNSAUDE</p></td><td rowspan="1" colspan="1"><p>Estadual</p></td><td rowspan="1" colspan="1"><p>6542638</p></td><td rowspan="1" colspan="1"><p>Banco de Leite Humano do Hospital Universitário Materno Infantil - Ponta Grossa</p></td><td rowspan="1" colspan="1"><p>15.000,00</p></td><td rowspan="1" colspan="1"><p>180.000,00</p></td></tr><tr><td rowspan="1" colspan="1"><p>PR</p></td><td rowspan="1" colspan="1"><p>São José dos Pinhais</p></td><td rowspan="1" colspan="1"><p>412550</p></td><td rowspan="1" colspan="1"><p>SAO JOSE DOS PINHAIS</p></td><td rowspan="1" colspan="1"><p>FUNDO MUNICIPAL DE SAUDE</p></td><td rowspan="1" colspan="1"><p>Municipal</p></td><td rowspan="1" colspan="1"><p>2753278</p></td><td rowspan="1" colspan="1"><p>Banco de Leite Humano do Hospital e Maternidade São José dos Pinhais</p></td><td rowspan="1" colspan="1"><p>15.000,00</p></td><td rowspan="1" colspan="1"><p>180.000,00</p></td></tr><tr><td rowspan="1" colspan="1"><p>PR</p></td><td rowspan="1" colspan="1"><p>Curitiba</p></td><td rowspan="1" colspan="1"><p>410690</p></td><td rowspan="1" colspan="1"><p>TOLEDO</p></td><td rowspan="1" colspan="1"><p>FUNDO ESTADUAL DE SAUDE DO PARANA - FUNSAUDE</p></td><td rowspan="1" colspan="1"><p>Estadual</p></td><td rowspan="1" colspan="1"><p>4056752</p></td><td rowspan="1" colspan="1"><p>Banco de Leite Humano Dr. Jorge Nisiide</p></td><td rowspan="1" colspan="1"><p>15.000,00</p></td><td rowspan="1" colspan="1"><p>180.000,00</p></td></tr><tr><td rowspan="1" colspan="1"><p>PR</p></td><td rowspan="1" colspan="1"><p>Umuarama</p></td><td rowspan="1" colspan="1"><p>412810</p></td><td rowspan="1" colspan="1"><p>UMUARAMA</p></td><td rowspan="1" colspan="1"><p>FUNDO MUNICIPAL DE SAUDE DE UMUARAMA</p></td><td rowspan="1" colspan="1"><p>Municipal</p></td><td rowspan="1" colspan="1"><p>3005011</p></td><td rowspan="1" colspan="1"><p>Banco de Leite Humano Norospar</p></td><td rowspan="1" colspan="1"><p>15.000,00</p></td><td rowspan="1" colspan="1"><p>180.000,00</p></td></tr><tr><td rowspan="1" colspan="1"><p>RJ</p></td><td rowspan="1" colspan="1"><p>Campos dos Goytacazes</p></td><td rowspan="1" colspan="1"><p>330100</p></td><td rowspan="1" colspan="1"><p>CAMPOS DOS GOYTACAZES</p></td><td rowspan="1" colspan="1"><p>FUNDO MUNICIPAL DE SAUDE</p></td><td rowspan="1" colspan="1"><p>Municipal</p></td><td rowspan="1" colspan="1"><p>2298317</p></td><td rowspan="1" colspan="1"><p>Banco de Leite Humano do Hospital dos Plantadores de Cana</p></td><td rowspan="1" colspan="1"><p>15.000,00</p></td><td rowspan="1" colspan="1"><p>180.000,00</p></td></tr><tr><td rowspan="1" colspan="1"><p>RJ</p></td><td rowspan="1" colspan="1"><p>Duque de Caxias</p></td><td rowspan="1" colspan="1"><p>330170</p></td><td rowspan="1" colspan="1"><p>DUQUE DE CAXIAS</p></td><td rowspan="1" colspan="1"><p>FUNDO MUNICIPAL DE SAUDE DE DUQUE DE CAXIAS</p></td><td rowspan="1" colspan="1"><p>Municipal</p></td><td rowspan="1" colspan="1"><p>2290227</p></td><td rowspan="1" colspan="1"><p>Banco de Leite Humano enfermeira Margareth Magalhães Costa e Silva</p></td><td rowspan="1" colspan="1"><p>15.000,00</p></td><td rowspan="1" colspan="1"><p>180.000,00</p></td></tr><tr><td rowspan="1" colspan="1"><p>RJ</p></td><td rowspan="1" colspan="1"><p>Niterói</p></td><td rowspan="1" colspan="1"><p>330330</p></td><td rowspan="1" colspan="1"><p>NITEROI</p></td><td rowspan="1" colspan="1"><p>FUNDO MUNICIPAL DE SAUDE DE NITEROI</p></td><td rowspan="1" colspan="1"><p>Municipal</p></td><td rowspan="1" colspan="1"><p>0012505</p></td><td rowspan="1" colspan="1"><p>Banco de Leite Humano Profa. Heloísa Helena Laxe de Paula</p></td><td rowspan="1" colspan="1"><p>15.000,00</p></td><td rowspan="1" colspan="1"><p>180.000,00</p></td></tr><tr><td rowspan="1" colspan="1"><p>RJ</p></td><td rowspan="1" colspan="1"><p>Nova Friburgo</p></td><td rowspan="1" colspan="1"><p>330340</p></td><td rowspan="1" colspan="1"><p>NOVA FRIBURGO</p></td><td rowspan="1" colspan="1"><p>FUNDO MUNICIPAL DE SAUDE DE NOVA FRIBURGO</p></td><td rowspan="1" colspan="1"><p>Municipal</p></td><td rowspan="1" colspan="1"><p>2271826</p></td><td rowspan="1" colspan="1"><p>Banco de Leite Humano do Hospital Maternidade Dr Mário Dutra de Castro</p></td><td rowspan="1" colspan="1"><p>15.000,00</p></td><td rowspan="1" colspan="1"><p>180.000,00</p></td></tr><tr><td rowspan="1" colspan="1"><p>RJ</p></td><td rowspan="1" colspan="1"><p>Petrópolis</p></td><td rowspan="1" colspan="1"><p>330390</p></td><td rowspan="1" colspan="1"><p>PETROPOLIS</p></td><td rowspan="1" colspan="1"><p>FUNDO MUNICIPAL DE SAUDE</p></td><td rowspan="1" colspan="1"><p>Municipal</p></td><td rowspan="1" colspan="1"><p>2275562</p></td><td rowspan="1" colspan="1"><p>Banco de Leite Humano do Hospital Municipal Alcides Carneiro- Petrópolis</p></td><td rowspan="1" colspan="1"><p>15.000,00</p></td><td rowspan="1" colspan="1"><p>180.000,00</p></td></tr><tr><td rowspan="1" colspan="1"><p>RJ</p></td><td rowspan="1" colspan="1"><p>Rio de Janeiro</p></td><td rowspan="1" colspan="1"><p>330455</p></td><td rowspan="1" colspan="1"><p>RIO DE JANEIRO</p></td><td rowspan="1" colspan="1"><p>FUNDO ESTADUAL DE SAUDE FES</p></td><td rowspan="1" colspan="1"><p>Estadual</p></td><td rowspan="1" colspan="1"><p>2269783</p></td><td rowspan="1" colspan="1"><p>Banco de Leite Humano do Núcleo Perinatal</p></td><td rowspan="1" colspan="1"><p>15.000,00</p></td><td rowspan="1" colspan="1"><p>180.000,00</p></td></tr><tr><td rowspan="1" colspan="1"><p>RJ</p></td><td rowspan="1" colspan="1"><p>Rio de Janeiro</p></td><td rowspan="1" colspan="1"><p>330455</p></td><td rowspan="1" colspan="1"><p>RIO DE JANEIRO</p></td><td rowspan="1" colspan="1"><p>FUNDO MUNICIPAL DE SAUDE DA CIDADE DO RIO DE JANEIRO</p></td><td rowspan="1" colspan="1"><p>Municipal</p></td><td rowspan="1" colspan="1"><p>2269945</p></td><td rowspan="1" colspan="1"><p>Banco de Leite Humano do Hospital Maternidade Alexander Fleming</p></td><td rowspan="1" colspan="1"><p>15.000,00</p></td><td rowspan="1" colspan="1"><p>180.000,00</p></td></tr><tr><td rowspan="1" colspan="1"><p>RJ</p></td><td rowspan="1" colspan="1"><p>Rio de Janeiro</p></td><td rowspan="1" colspan="1"><p>330455</p></td><td rowspan="1" colspan="1"><p>RIO DE JANEIRO</p></td><td rowspan="1" colspan="1"><p>FUNDO MUNICIPAL DE SAUDE DA CIDADE DO RIO DE JANEIRO</p></td><td rowspan="1" colspan="1"><p>Municipal</p></td><td rowspan="1" colspan="1"><p>2269988</p></td><td rowspan="1" colspan="1"><p>Banco de Leite Humano do Hospital Federal dos Servidores do Estado</p></td><td rowspan="1" colspan="1"><p>15.000,00</p></td><td rowspan="1" colspan="1"><p>180.000,00</p></td></tr><tr><td rowspan="1" colspan="1"><p>RJ</p></td><td rowspan="1" colspan="1"><p>Rio de Janeiro</p></td><td rowspan="1" colspan="1"><p>330455</p></td><td rowspan="1" colspan="1"><p>RIO DE JANEIRO</p></td><td rowspan="1" colspan="1"><p>FUNDO MUNICIPAL DE SAUDE DA CIDADE DO RIO DE JANEIRO</p></td><td rowspan="1" colspan="1"><p>Municipal</p></td><td rowspan="1" colspan="1"><p>2270390</p></td><td rowspan="1" colspan="1"><p>Banco de Leite Humano do Hospital Maternidade Herculano Pinheiro</p></td><td rowspan="1" colspan="1"><p>15.000,00</p></td><td rowspan="1" colspan="1"><p>180.000,00</p></td></tr><tr><td rowspan="1" colspan="1"><p>RJ</p></td><td rowspan="1" colspan="1"><p>Rio de Janeiro</p></td><td rowspan="1" colspan="1"><p>330455</p></td><td rowspan="1" colspan="1"><p>RIO DE JANEIRO</p></td><td rowspan="1" colspan="1"><p>FUNDO MUNICIPAL DE SAUDE DA CIDADE DO RIO DE JANEIRO</p></td><td rowspan="1" colspan="1"><p>Municipal</p></td><td rowspan="1" colspan="1"><p>2270609</p></td><td rowspan="1" colspan="1"><p>Banco de Leite Humano da Maternidade Leila Diniz</p></td><td rowspan="1" colspan="1"><p>15.000,00</p></td><td rowspan="1" colspan="1"><p>180.000,00</p></td></tr><tr><td rowspan="1" colspan="1"><p>RJ</p></td><td rowspan="1" colspan="1"><p>Rio de Janeiro</p></td><td rowspan="1" colspan="1"><p>330455</p></td><td rowspan="1" colspan="1"><p>RIO DE JANEIRO</p></td><td rowspan="1" colspan="1"><p>FUNDO MUNICIPAL DE SAUDE DA CIDADE DO RIO DE JANEIRO</p></td><td rowspan="1" colspan="1"><p>Municipal</p></td><td rowspan="1" colspan="1"><p>2270714</p></td><td rowspan="1" colspan="1"><p>Banco de Leite Humano Zuleika Nunes de Alencar</p></td><td rowspan="1" colspan="1"><p>15.000,00</p></td><td rowspan="1" colspan="1"><p>180.000,00</p></td></tr><tr><td rowspan="1" colspan="1"><p>RJ</p></td><td rowspan="1" colspan="1"><p>Rio de Janeiro</p></td><td rowspan="1" colspan="1"><p>330455</p></td><td rowspan="1" colspan="1"><p>RIO DE JANEIRO</p></td><td rowspan="1" colspan="1"><p>FUNDO MUNICIPAL DE SAUDE DA CIDADE DO RIO DE JANEIRO</p></td><td rowspan="1" colspan="1"><p>Municipal</p></td><td rowspan="1" colspan="1"><p>2280248</p></td><td rowspan="1" colspan="1"><p>Banco de Leite Humano do Hospital Maternidade Carmela Dutra</p></td><td rowspan="1" colspan="1"><p>15.000,00</p></td><td rowspan="1" colspan="1"><p>180.000,00</p></td></tr><tr><td rowspan="1" colspan="1"><p>RJ</p></td><td rowspan="1" colspan="1"><p>Rio de Janeiro</p></td><td rowspan="1" colspan="1"><p>330455</p></td><td rowspan="1" colspan="1"><p>RIO DE JANEIRO</p></td><td rowspan="1" colspan="1"><p>FUNDO MUNICIPAL DE SAUDE DA CIDADE DO RIO DE JANEIRO</p></td><td rowspan="1" colspan="1"><p>Municipal</p></td><td rowspan="1" colspan="1"><p>2295407</p></td><td rowspan="1" colspan="1"><p>Banco de Leite Humano Maria Leonor Inocêncio Soares</p></td><td rowspan="1" colspan="1"><p>15.000,00</p></td><td rowspan="1" colspan="1"><p>180.000,00</p></td></tr><tr><td rowspan="1" colspan="1"><p>RJ</p></td><td rowspan="1" colspan="1"><p>Rio de Janeiro</p></td><td rowspan="1" colspan="1"><p>330455</p></td><td rowspan="1" colspan="1"><p>RIO DE JANEIRO</p></td><td rowspan="1" colspan="1"><p>FUNDO MUNICIPAL DE SAUDE DA CIDADE DO RIO DE JANEIRO</p></td><td rowspan="1" colspan="1"><p>Municipal</p></td><td rowspan="1" colspan="1"><p>2708353</p></td><td rowspan="1" colspan="1"><p>Banco de Leite Humano do Instituto Fernandes Figueira</p></td><td rowspan="1" colspan="1"><p>15.000,00</p></td><td rowspan="1" colspan="1"><p>180.000,00</p></td></tr><tr><td rowspan="1" colspan="1"><p>RJ</p></td><td rowspan="1" colspan="1"><p>Rio de Janeiro</p></td><td rowspan="1" colspan="1"><p>330455</p></td><td rowspan="1" colspan="1"><p>RIO DE JANEIRO</p></td><td rowspan="1" colspan="1"><p>FUNDO MUNICIPAL DE SAUDE DA CIDADE DO RIO DE JANEIRO</p></td><td rowspan="1" colspan="1"><p>Municipal</p></td><td rowspan="1" colspan="1"><p>7041624</p></td><td rowspan="1" colspan="1"><p>Banco de Leite Humano Hospital da Mulher Mariska Ribeiro</p></td><td rowspan="1" colspan="1"><p>15.000,00</p></td><td rowspan="1" colspan="1"><p>180.000,00</p></td></tr></table>]]></Texto>
  </body>
  <Midias />
</article></xml>