﻿<xml><article id="44729397" name="Portaria DEIRF 18.11.24 pub em 0" idOficio="11190791" pubName="DO1" artType="Portaria" pubDate="01/08/2025" artClass="00014:00016:00002:00000:00000:00000:00000:00000:00000:00000:00054:00000" artCategory="Ministério das Comunicações/Secretaria de Radiodifusão/Departamento de Inovação, Regulamentação e Fiscalização" artSize="12" artNotes="" numberPage="5" pdfPage="http://pesquisa.in.gov.br/imprensa/jsp/visualiza/index.jsp?data=01/08/2025&amp;jornal=515&amp;pagina=5" editionNumber="144" highlightType="" highlightPriority="" highlight="" highlightimage="" highlightimagename="" idMateria="22947554">
  <body>
    <Identifica><![CDATA[ PORTARIA Nº 14.756, DE 18 DE NOVEMBRO DE 2024]]></Identifica>
    <Data><![CDATA[]]></Data>
    <Ementa />
    <Titulo />
    <SubTitulo />
    <Texto><![CDATA[<p class="identifica">PORTARIA Nº 14.756, DE 18 DE NOVEMBRO DE 2024</p><p>O DIRETOR DO DEPARTAMENTO DE INOVAÇÃO, REGULAMENTAÇÃO E FISCALIZAÇÃO, no uso de suas atribuições, e tendo em vista o que consta da Nota Técnica nº 17084/2024/SEI-MCOM, que integra o Processo nº 53900.039791/2015-75, cujos fundamentos encontram-se motivados na forma prevista no art. 50, § 1º, da Lei nº 9.784, de 29/1/1999, resolve:</p><p>Art.1º Tornar sem efeito a decisão exarada pela Portaria nº 1987/2019/SEI-MCTIC, de 11/9/2019, publicada no Diário Oficial da União de 4/10/2019, que aplicou sanção à ASSOCIAÇÃO DE CULTURA E COMUNICAÇÃO DE SALINÓPOLIS, Fistel nº 50406232679, inscrita no CNPJ nº 04.829.212/0001-37, outorgada para executar o Serviço de Radiodifusão Comunitária, no Município de Salinópolis, Estado do Pará.</p><p>Art. 2º ARQUIVAR o processo sem aplicação de sanção.</p><p>Art. 3º Esta Portaria entra em vigor na data de sua publicação.</p><p class="assina">TAWFIC AWWAD JUNIOR</p>]]></Texto>
  </body>
  <Midias />
</article></xml>