﻿<xml><article id="44722262" name="PORTARIA MPA NA 483 DE 26 DE JUN" idOficio="11189270" pubName="DO1" artType="Portaria" pubDate="01/08/2025" artClass="00038:00016:00000:00000:00000:00000:00000:00000:00000:00000:00054:00000" artCategory="Ministério da Pesca e Aquicultura/Secretaria Nacional de Registro, Monitoramento e Pesquisa da Pesca e Aquicultura" artSize="24" artNotes="" numberPage="85" pdfPage="http://pesquisa.in.gov.br/imprensa/jsp/visualiza/index.jsp?data=01/08/2025&amp;jornal=515&amp;pagina=85" editionNumber="144" highlightType="" highlightPriority="" highlight="" highlightimage="" highlightimagename="" idMateria="22945253">
  <body>
    <Identifica><![CDATA[ PORTARIA MPA Nº 483, DE 26 DE JUNHO DE 2025]]></Identifica>
    <Data><![CDATA[]]></Data>
    <Ementa><![CDATA[ Cancela a pedido as inscrições no Registro Geral da Atividade Pesqueira - RGP e as Licenças de Pescadores e Pescadoras Profissionais, de acordo com o disposto no inciso IV do artigo 26 da Portaria nº 127, de 29 de agosto de 2023, do Ministério da Pesca e Aquicultura.]]></Ementa>
    <Titulo />
    <SubTitulo />
    <Texto><![CDATA[<p class="identifica">PORTARIA MPA Nº 483, DE 26 DE JUNHO DE 2025</p><p class="ementa">Cancela a pedido as inscrições no Registro Geral da Atividade Pesqueira - RGP e as Licenças de Pescadores e Pescadoras Profissionais, de acordo com o disposto no inciso IV do artigo 26 da Portaria nº 127, de 29 de agosto de 2023, do Ministério da Pesca e Aquicultura.</p><p>O MINISTRO DE ESTADO DA PESCA E AQUICULTURA, no uso das atribuições que lhe confere o inciso II do parágrafo único do artigo 87 da Constituição e em vista do disposto na Lei nº 14.600, de 19 de junho de 2023, no Decreto nº 11.624, de 1º de agosto de 2023, na Lei nº 11.959, de 29 de junho de 2009, no Decreto nº 8.425, de 31 de março de 2015, na Portaria nº 127, de 29 de agosto de 2023, do Ministério da Pesca e Aquicultura, e o constante no Processo 00350.005933/2025-80, resolve:</p><p>Art. 1º Ficam cancelados a pedido, as inscrições no Registro Geral da Atividade Pesqueira - RGP e as Licenças de Pescadores e Pescadoras Profissionais efetivadas nos estados do Espírito Santo, Paraíba, Rio de Janeiro, Rio Grande do Sul, Sergipe e São Paulo, de acordo com o disposto no inciso IV do artigo 26 da Portaria nº 127, de 29 de agosto de 2023, do Ministério da Pesca e Aquicultura, na forma do Anexo desta Portaria.</p><p>Art. 2º Esta portaria deverá ser afixada em lugar visível e de fácil acesso na sede das Superintendências Federais de Pesca e Aquicultura nas Unidades da Federação - SFPA's descritas no art. 1º desta Portaria.</p><p>Art. 3º Esta Portaria entra em vigor na data de sua publicação.</p><p class="assina">ANDRÉ DE PAULA</p><p class="anexo">ANEXO</p><p /><p></p><table><tr /><tr><td rowspan="1" colspan="1"><p>Nº</p></td><td rowspan="1" colspan="1"><p>NOME</p></td><td rowspan="1" colspan="1"><p>CPF</p></td><td rowspan="1" colspan="1"><p>RGP</p></td><td rowspan="1" colspan="1"><p>ESTADO</p></td><td rowspan="1" colspan="1"><p>MOTIVO DO CANCELAMENTO</p></td></tr><tr><td rowspan="1" colspan="1"><p>1</p></td><td rowspan="1" colspan="1"><p>LIDIA SILVA SOARES</p></td><td rowspan="1" colspan="1"><p>XXX.364.387-XX</p></td><td rowspan="1" colspan="1"><p>ESPAXXX.364.387-XX</p></td><td rowspan="1" colspan="1"><p>ESPÍRITO SANTO</p></td><td rowspan="1" colspan="1"><p>A PEDIDO DO INTERESSADO, COM BASE NO INCISO IV DO ARTIGO 26 DA PORTARIA Nº 127, DE 29 DE AGOSTO DE 2023</p></td></tr><tr><td rowspan="1" colspan="1"><p>2</p></td><td rowspan="1" colspan="1"><p>AFREIMAR ALVES DE ANDRADE</p></td><td rowspan="1" colspan="1"><p>XXX.931.354-XX</p></td><td rowspan="1" colspan="1"><p>PBPAXXX.931.354-XX</p></td><td rowspan="1" colspan="1"><p>PARAÍBA</p></td><td rowspan="1" colspan="1"><p>A PEDIDO DO INTERESSADO, COM BASE NO INCISO IV DO ARTIGO 26 DA PORTARIA Nº 127, DE 29 DE AGOSTO DE 2023</p></td></tr><tr><td rowspan="1" colspan="1"><p>3</p></td><td rowspan="1" colspan="1"><p>JOSE MARCOS LOPES FABRÍCIO</p></td><td rowspan="1" colspan="1"><p>XXX.782.737-XX</p></td><td rowspan="1" colspan="1"><p>RJPAXXX.782.737-XX</p></td><td rowspan="1" colspan="1"><p>RIO DE JANEIRO</p></td><td rowspan="1" colspan="1"><p>A PEDIDO DO INTERESSADO, COM BASE NO INCISO IV DO ARTIGO 26 DA PORTARIA Nº 127, DE 29 DE AGOSTO DE 2023</p></td></tr><tr><td rowspan="1" colspan="1"><p>4</p></td><td rowspan="1" colspan="1"><p>INGRID ANSELMO RAMOS</p></td><td rowspan="1" colspan="1"><p>XXX.047.340-XX</p></td><td rowspan="1" colspan="1"><p>RSPAXXX.047.340-XX</p></td><td rowspan="1" colspan="1"><p>RIO GRANDE DO SUL</p></td><td rowspan="1" colspan="1"><p>A PEDIDO DO INTERESSADO, COM BASE NO INCISO IV DO ARTIGO 26 DA PORTARIA Nº 127, DE 29 DE AGOSTO DE 2023</p></td></tr><tr><td rowspan="1" colspan="1"><p>5</p></td><td rowspan="1" colspan="1"><p>GRAZIELE BRIÃO CRUZ</p></td><td rowspan="1" colspan="1"><p>XXX.284.130-XX</p></td><td rowspan="1" colspan="1"><p>RSPAXXX.284.130-XX</p></td><td rowspan="1" colspan="1"><p>RIO GRANDE DO SUL</p></td><td rowspan="1" colspan="1"><p>A PEDIDO DO INTERESSADO, COM BASE NO INCISO IV DO ARTIGO 26 DA PORTARIA Nº 127, DE 29 DE AGOSTO DE 2023</p></td></tr><tr><td rowspan="1" colspan="1"><p>6</p></td><td rowspan="1" colspan="1"><p>NEY ANDERSON SILVA ANDRADE</p></td><td rowspan="1" colspan="1"><p>XXX.469.685-XX</p></td><td rowspan="1" colspan="1"><p>SEPAXXX.469.685-XX</p></td><td rowspan="1" colspan="1"><p>SERGIPE</p></td><td rowspan="1" colspan="1"><p>A PEDIDO DO INTERESSADO, COM BASE NO INCISO IV DO ARTIGO 26 DA PORTARIA Nº 127, DE 29 DE AGOSTO DE 2023</p></td></tr><tr><td rowspan="1" colspan="1"><p>7</p></td><td rowspan="1" colspan="1"><p>MARIA DAIANE DA SILVA</p></td><td rowspan="1" colspan="1"><p>XXX.848.935-XX</p></td><td rowspan="1" colspan="1"><p>SEPAXXX.848.935-XX</p></td><td rowspan="1" colspan="1"><p>SERGIPE</p></td><td rowspan="1" colspan="1"><p>A PEDIDO DO INTERESSADO, COM BASE NO INCISO IV DO ARTIGO 26 DA PORTARIA Nº 127, DE 29 DE AGOSTO DE 2023</p></td></tr><tr><td rowspan="1" colspan="1"><p>8</p></td><td rowspan="1" colspan="1"><p>ANDREIA BEZERRA DA SILVA</p></td><td rowspan="1" colspan="1"><p>XXX.467.908-XX</p></td><td rowspan="1" colspan="1"><p>SPPAXXX.467.908-XX</p></td><td rowspan="1" colspan="1"><p>SÃO PAULO</p></td><td rowspan="1" colspan="1"><p>A PEDIDO DO INTERESSADO, COM BASE NO INCISO IV DO ARTIGO 26 DA PORTARIA Nº 127, DE 29 DE AGOSTO DE 2023</p></td></tr><tr><td rowspan="1" colspan="1"><p>9</p></td><td rowspan="1" colspan="1"><p>VALDIRENE GOMES AMORE</p></td><td rowspan="1" colspan="1"><p>XXX..663.368XX</p></td><td rowspan="1" colspan="1"><p>SPPAXXX..663.368XX</p></td><td rowspan="1" colspan="1"><p>SÃO PAULO</p></td><td rowspan="1" colspan="1"><p>A PEDIDO DO INTERESSADO, COM BASE NO INCISO IV DO ARTIGO 26 DA PORTARIA Nº 127, DE 29 DE AGOSTO DE 2023</p></td></tr><tr><td rowspan="1" colspan="1"><p>10</p></td><td rowspan="1" colspan="1"><p>EMERSON DE JESUS DOS SANTOS</p></td><td rowspan="1" colspan="1"><p>XXX.851.885-XX</p></td><td rowspan="1" colspan="1"><p>SPPAXXX.851.885-XX</p></td><td rowspan="1" colspan="1"><p>SÃO PAULO</p></td><td rowspan="1" colspan="1"><p>A PEDIDO DO INTERESSADO, COM BASE NO INCISO IV DO ARTIGO 26 DA PORTARIA Nº 127, DE 29 DE AGOSTO DE 2023</p></td></tr></table>]]></Texto>
  </body>
  <Midias />
</article></xml>