﻿<xml><article id="44727413" name="Acordao 504" idOficio="11190417" pubName="DO1" artType="Acórdão" pubDate="01/08/2025" artClass="00041:00020:00000:00000:00000:00000:00000:00000:00000:00000:00002:00000" artCategory="Ministério de Portos e Aeroportos/Agência Nacional de Transportes Aquaviários" artSize="12" artNotes="" numberPage="99" pdfPage="http://pesquisa.in.gov.br/imprensa/jsp/visualiza/index.jsp?data=01/08/2025&amp;jornal=515&amp;pagina=99" editionNumber="144" highlightType="" highlightPriority="" highlight="" highlightimage="" highlightimagename="" idMateria="22946978">
  <body>
    <Identifica><![CDATA[ ACÓRDÃO Nº 504-2025-ANTAQ]]></Identifica>
    <Data><![CDATA[]]></Data>
    <Ementa />
    <Titulo />
    <SubTitulo />
    <Texto><![CDATA[<p class="identifica">ACÓRDÃO Nº 504-2025-ANTAQ</p><p>1. Processo: 50300.000637/2014-11</p><p>2. Interessados: Agência Nacional de Transportes Aquaviários e Banco do Brasil S.A.</p><p>3. Relator: Caio Farias</p><p>4. Unidade Técnica: Superintendência de Administração e Finanças</p><p>5. Acórdão:</p><p>VISTOS, relatados e discutidos os presentes autos que tratam da proposta de celebração de Termo de Adesão ao Termo de Cooperação Técnica nº 42/2025, celebrado entre o Ministério da Gestão e da Inovação em Serviços Públicos - MGI e o Banco do Brasil S.A.,</p><p>ACORDAM os Diretores da Agência Nacional de Transportes Aquaviários, reunidos para a Reunião Ordinária de Diretoria Colegiada de nº 591, ante as razões expostas pelo Relator, em:</p><p>5.1. aprovar a proposta de adesão ao Acordo de Cooperação Técnica nº 42/2025, celebrado entre a União, por intermédio da Secretaria de Gestão e Inovação do Ministério da Gestão e da Inovação em Serviços Públicos e o Banco do Brasil S.A., visando a operacionalização do "depósito em garantia", vinculado a obrigações, nos termos da Instrução Normativa SG/MP nº 05, de 26 de maio de 2017 e alterações posteriores, conforme Termo de Adesão-MINUTA (SEI nº 2605465); e</p><p>5.2. cientificar o Banco do Brasil S.A. acerca da presente decisão.</p><p>6. Data da Reunião: 31/07/2025 - Telepresencial.</p><p>7. Especificação do quórum:</p><p>7.1. Diretores presentes: Caio Farias (Presidente e Relator), Flávia Takafashi e Alber Vasconcelos.</p><p class="assina">Caio Farias</p><p class="cargo">Diretor-Geral</p><p class="cargo">Substituto</p>]]></Texto>
  </body>
  <Midias />
</article></xml>