﻿<xml><article id="44750740" name="Resolucao Cofen nA 784-2025" idOficio="11189557" pubName="DO1" artType="Resolução" pubDate="04/08/2025" artClass="00071:00040:00000:00000:00000:00000:00000:00000:00000:00000:00064:00000" artCategory="Entidades de Fiscalização do Exercício das Profissões Liberais/Conselho Federal de Enfermagem" artSize="12" artNotes="" numberPage="212" pdfPage="http://pesquisa.in.gov.br/imprensa/jsp/visualiza/index.jsp?data=04/08/2025&amp;jornal=515&amp;pagina=212" editionNumber="145" highlightType="" highlightPriority="" highlight="" highlightimage="" highlightimagename="" idMateria="22945731">
  <body>
    <Identifica><![CDATA[ RESOLUÇÃO COFEN Nº 784, DE 30 DE JULHO DE 2025]]></Identifica>
    <Data><![CDATA[]]></Data>
    <Ementa><![CDATA[ Altera o prazo de vigência da Resolução Cofen nº 782, de 2 de julho de 2025, que institui os procedimentos necessários para concessão, renovação e cancelamento do registro da Anotação de Responsabilidade Técnica de Enfermagem e define as atribuições do Enfermeiro Responsável Técnico.]]></Ementa>
    <Titulo />
    <SubTitulo />
    <Texto><![CDATA[<p class="identifica">RESOLUÇÃO COFEN Nº 784, DE 30 DE JULHO DE 2025</p><p class="ementa">Altera o prazo de vigência da Resolução Cofen nº 782, de 2 de julho de 2025, que institui os procedimentos necessários para concessão, renovação e cancelamento do registro da Anotação de Responsabilidade Técnica de Enfermagem e define as atribuições do Enfermeiro Responsável Técnico.</p><p>O CONSELHO FEDERAL DE ENFERMAGEM - Cofen, no uso das atribuições que lhe são conferidas pela Lei nº 5.905, de 12 de julho de 1973, Resolução Cofen nº 726, de 15 de setembro de 2023, ou outra que sobrevir, e</p><p>CONSIDERANDO a competência do Cofen descrita no art. 8º, inciso IX e art. 15, inciso XII, da Lei n° 5.905, de 12 de julho de 1973;</p><p>CONSIDERANDO o disposto no art. 21, inciso XII, do Regimento Interno do Cofen, aprovado pela Resolução Cofen nº 726/2023, ou outra que sobrevir, que autoriza o Conselho Federal de Enfermagem baixar Resoluções, Decisões e demais instrumentos legais no âmbito do Sistema Cofen/Conselhos Regionais de Enfermagem;</p><p>CONSIDERANDO a necessidade de se proceder alteração no prazo de vigência da Resolução Cofen nº 782/2025, visando a adequação das regras nela constantes aos sistemas de tecnologia da informação atualmente em operação;</p><p>CONSIDERANDO a decisão do Cofen em sua 579ª Reunião Ordinária de Plenário, realizada no dia 23 de julho de 2025, e tudo o mais que consta no PAD nº 00196.008196/2024-16; resolve:</p><p>Art. 1º O art. 15 da Resolução Cofen nº 782, de 2 de julho de 2025, publicada no Diário Oficial da União nº 127, Seção 1, de 9 de julho de 2025, passa a vigorar com a seguinte redação:</p><p>"Art. 15 Esta Resolução entrará em vigor 60 (sessenta) dias após sua publicação no Diário Oficial da União, revogando-se a Resolução Cofen nº 685/2022, publicada no Diário Oficial da União nº 23, Seção 1, de 2 de fevereiro de 2022, e a Resolução Cofen nº 727/2023, publicada no Diário Oficial da União nº 188, Seção 1, de 2 de outubro de 2023."</p><p>Art. 2º Esta Resolução entra em vigor na data de sua publicação.</p><p class="assina">MANOEL CARLOS NERI DA SILVA</p><p class="cargo">Presidente do Conselho</p><p class="assina">VENCELAU JACKSON DA CONCEIÇÃO PANTOJA</p><p class="cargo">Primeiro-Secretário</p>]]></Texto>
  </body>
  <Midias />
</article></xml>