﻿<xml><article id="44727269" name="Desp-1026_2025." idOficio="11190406" pubName="DO1" artType="Despacho" pubDate="01/08/2025" artClass="00035:00045:00048:00000:00000:00000:00000:00000:00000:00000:00024:00000" artCategory="Ministério de Minas e Energia/Agência Nacional do Petróleo, Gás Natural e Biocombustíveis/Superintendência de Distribuição e Logística" artSize="12" artNotes="" numberPage="83" pdfPage="http://pesquisa.in.gov.br/imprensa/jsp/visualiza/index.jsp?data=01/08/2025&amp;jornal=515&amp;pagina=83" editionNumber="144" highlightType="" highlightPriority="" highlight="" highlightimage="" highlightimagename="" idMateria="22946917">
  <body>
    <Identifica><![CDATA[ DESPACHO SDL-ANP Nº 1.026, DE 31 DE JULHO DE 2025]]></Identifica>
    <Data><![CDATA[]]></Data>
    <Ementa />
    <Titulo />
    <SubTitulo />
    <Texto><![CDATA[<p class="identifica">DESPACHO SDL-ANP Nº 1.026, DE 31 DE JULHO DE 2025</p><p>O SUPERINTENDENTE ADJUNTO EM EXERCÍCIO DE DISTRIBUIÇÃO E LOGÍSTICA DA AGÊNCIA NACIONAL DO PETRÓLEO, GÁS NATURAL E BIOCOMBUSTÍVEIS - ANP, no uso das atribuições que lhe foram conferidas pela Portaria ANP nº 265, de 10 de setembro de 2020, com base na Resolução ANP nº 948 de 5 de outubro de 2023, torna pública a outorga das seguintes autorizações para o exercício da atividade de revenda varejista de combustíveis automotivos:</p><p /><p></p><table><tr /><tr><td rowspan="1" colspan="1"><p>Nº de Registro</p></td><td rowspan="1" colspan="1"><p>Razão Social</p></td><td rowspan="1" colspan="1"><p>CNPJ</p></td><td rowspan="1" colspan="1"><p>Processo</p></td></tr><tr><td rowspan="1" colspan="1"><p>PR/SP0250434</p></td><td rowspan="1" colspan="1"><p>AUTO POSTO ALVORADA II LTDA</p></td><td rowspan="1" colspan="1"><p>59.268.836/0001-14</p></td><td rowspan="1" colspan="1"><p>48610.217543/2025-79</p></td></tr><tr><td rowspan="1" colspan="1"><p>PR/PR0250433</p></td><td rowspan="1" colspan="1"><p>AUTO POSTO SENSACAO LTDA</p></td><td rowspan="1" colspan="1"><p>51.333.064/0001-45</p></td><td rowspan="1" colspan="1"><p>48610.220153/2025-86</p></td></tr><tr><td rowspan="1" colspan="1"><p>PR/PE0250432</p></td><td rowspan="1" colspan="1"><p>FIBRA COMERCIO DE COMBUSTIVEIS LTDA</p></td><td rowspan="1" colspan="1"><p>52.911.859/0002-37</p></td><td rowspan="1" colspan="1"><p>48610.219955/2025-43</p></td></tr><tr><td rowspan="1" colspan="1"><p>PR/AL0250426</p></td><td rowspan="1" colspan="1"><p>J M COMERCIO DE COMBUSTIVEIS LTDA</p></td><td rowspan="1" colspan="1"><p>58.591.986/0001-00</p></td><td rowspan="1" colspan="1"><p>48610.210142/2025-98</p></td></tr><tr><td rowspan="1" colspan="1"><p>PR/PA0250429</p></td><td rowspan="1" colspan="1"><p>M R CARDOSO &amp; CIA LTDA</p></td><td rowspan="1" colspan="1"><p>34.786.366/0002-30</p></td><td rowspan="1" colspan="1"><p>48610.220011/2025-19</p></td></tr><tr><td rowspan="1" colspan="1"><p>PR/MG0250427</p></td><td rowspan="1" colspan="1"><p>POSTO BRAGA MONTE BELO LTDA</p></td><td rowspan="1" colspan="1"><p>56.057.044/0001-02</p></td><td rowspan="1" colspan="1"><p>48610.219488/2025-51</p></td></tr><tr><td rowspan="1" colspan="1"><p>PR/MA0250431</p></td><td rowspan="1" colspan="1"><p>POSTO EVOLUCAO LTDA</p></td><td rowspan="1" colspan="1"><p>50.724.248/0001-73</p></td><td rowspan="1" colspan="1"><p>48610.219661/2025-11</p></td></tr><tr><td rowspan="1" colspan="1"><p>PR/BA0250428</p></td><td rowspan="1" colspan="1"><p>POSTO NOVA ALIANCA COMERCIO VAREJISTA DE COMBUSTIVEL LTDA</p></td><td rowspan="1" colspan="1"><p>58.302.813/0001-16</p></td><td rowspan="1" colspan="1"><p>48610.219025/2025-90</p></td></tr><tr><td rowspan="1" colspan="1"><p>PR/SP0250430</p></td><td rowspan="1" colspan="1"><p>RS - AUTO POSTO LTDA</p></td><td rowspan="1" colspan="1"><p>56.008.468/0001-87</p></td><td rowspan="1" colspan="1"><p>48610.219540/2025-70</p></td></tr></table><p>JADER PIRES VIEIRA DE SOUZA</p>]]></Texto>
  </body>
  <Midias />
</article></xml>