﻿<xml><article id="44735771" name="Portaria FP 31 07 2025 Descreden" idOficio="11191432" pubName="DO1" artType="Despacho" pubDate="01/08/2025" artClass="00047:00039:00000:00000:00000:00000:00000:00000:00000:00000:00024:00000" artCategory="Ministério da Saúde/Secretaria de Ciência, Tecnologia e Inovação e do Complexo Econômico-Industrial da Saúde" artSize="24" artNotes="" numberPage="132" pdfPage="http://pesquisa.in.gov.br/imprensa/jsp/visualiza/index.jsp?data=01/08/2025&amp;jornal=515&amp;pagina=132" editionNumber="144" highlightType="" highlightPriority="" highlight="" highlightimage="" highlightimagename="" idMateria="22948776">
  <body>
    <Identifica />
    <Data><![CDATA[]]></Data>
    <Ementa />
    <Titulo />
    <SubTitulo />
    <Texto><![CDATA[<p /><p></p><table><tr /><tr><td rowspan="1" colspan="1"><p>1063</p></td><td rowspan="1" colspan="1"><p>17742917000164</p></td><td rowspan="1" colspan="1"><p>GERALDO MAGELA RIBEIRO - CPF - 357.936.356-53</p></td><td rowspan="1" colspan="1"><p>MG</p></td><td rowspan="1" colspan="1"><p>PERDIGAO</p></td><td rowspan="1" colspan="1"><p>25000056909200728</p></td></tr><tr><td rowspan="1" colspan="1"><p>1064</p></td><td rowspan="1" colspan="1"><p>17742917000245</p></td><td rowspan="1" colspan="1"><p>GERALDO MAGELA RIBEIRO - CPF - 357.936.356-53</p></td><td rowspan="1" colspan="1"><p>MG</p></td><td rowspan="1" colspan="1"><p>PERDIGAO</p></td><td rowspan="1" colspan="1"><p>25000056909200728</p></td></tr><tr><td rowspan="1" colspan="1"><p>1065</p></td><td rowspan="1" colspan="1"><p>02186491000132</p></td><td rowspan="1" colspan="1"><p>FARMACIA CARVALHO E FERREIRA LTDA</p></td><td rowspan="1" colspan="1"><p>MG</p></td><td rowspan="1" colspan="1"><p>PERDOES</p></td><td rowspan="1" colspan="1"><p>25000132488201478</p></td></tr><tr><td rowspan="1" colspan="1"><p>1066</p></td><td rowspan="1" colspan="1"><p>20498499000540</p></td><td rowspan="1" colspan="1"><p>DROGARIA E PERFUMARIA CRISTINA LTDA</p></td><td rowspan="1" colspan="1"><p>MG</p></td><td rowspan="1" colspan="1"><p>PIRAPORA</p></td><td rowspan="1" colspan="1"><p>25000057991200627</p></td></tr><tr><td rowspan="1" colspan="1"><p>1067</p></td><td rowspan="1" colspan="1"><p>20498499000973</p></td><td rowspan="1" colspan="1"><p>DROGARIA E PERFUMARIA CRISTINA LTDA</p></td><td rowspan="1" colspan="1"><p>MG</p></td><td rowspan="1" colspan="1"><p>PIRAPORA</p></td><td rowspan="1" colspan="1"><p>25000057991200627</p></td></tr><tr><td rowspan="1" colspan="1"><p>1068</p></td><td rowspan="1" colspan="1"><p>20498499001350</p></td><td rowspan="1" colspan="1"><p>DROGARIA E PERFUMARIA CRISTINA LTDA</p></td><td rowspan="1" colspan="1"><p>MG</p></td><td rowspan="1" colspan="1"><p>PIRAPORA</p></td><td rowspan="1" colspan="1"><p>25000057991200627</p></td></tr><tr><td rowspan="1" colspan="1"><p>1069</p></td><td rowspan="1" colspan="1"><p>03713566000159</p></td><td rowspan="1" colspan="1"><p>FREDERICO LIMA ROCHA</p></td><td rowspan="1" colspan="1"><p>MG</p></td><td rowspan="1" colspan="1"><p>PIRAPORA</p></td><td rowspan="1" colspan="1"><p>25000148508201007</p></td></tr><tr><td rowspan="1" colspan="1"><p>1070</p></td><td rowspan="1" colspan="1"><p>20112563000189</p></td><td rowspan="1" colspan="1"><p>MAGALHAES BARBOSA &amp; CIA LTDA</p></td><td rowspan="1" colspan="1"><p>MG</p></td><td rowspan="1" colspan="1"><p>PIRAPORA</p></td><td rowspan="1" colspan="1"><p>25000025330201523</p></td></tr><tr><td rowspan="1" colspan="1"><p>1071</p></td><td rowspan="1" colspan="1"><p>07918103000184</p></td><td rowspan="1" colspan="1"><p>AIDA MECIA ANDRADE LIMA E CASTRO CPF 268.979.706/20</p></td><td rowspan="1" colspan="1"><p>MG</p></td><td rowspan="1" colspan="1"><p>PIUMHI</p></td><td rowspan="1" colspan="1"><p>25000117183200715</p></td></tr><tr><td rowspan="1" colspan="1"><p>1072</p></td><td rowspan="1" colspan="1"><p>07352761000151</p></td><td rowspan="1" colspan="1"><p>DROGARIA VARGEM BONITA LTDA</p></td><td rowspan="1" colspan="1"><p>MG</p></td><td rowspan="1" colspan="1"><p>PIUMHI</p></td><td rowspan="1" colspan="1"><p>25000030354200956</p></td></tr><tr><td rowspan="1" colspan="1"><p>1073</p></td><td rowspan="1" colspan="1"><p>22644512000980</p></td><td rowspan="1" colspan="1"><p>CAIXA DE ASSISTENCIA DOS ADVOGADOS DE MINAS GERAIS</p></td><td rowspan="1" colspan="1"><p>MG</p></td><td rowspan="1" colspan="1"><p>POCOS DE CALDAS</p></td><td rowspan="1" colspan="1"><p>25000135429201451</p></td></tr><tr><td rowspan="1" colspan="1"><p>1074</p></td><td rowspan="1" colspan="1"><p>00619293000190</p></td><td rowspan="1" colspan="1"><p>CIRILLO, OLIVEIRA &amp; CIA LTDA</p></td><td rowspan="1" colspan="1"><p>MG</p></td><td rowspan="1" colspan="1"><p>POCOS DE CALDAS</p></td><td rowspan="1" colspan="1"><p>25000225461200880</p></td></tr><tr><td rowspan="1" colspan="1"><p>1075</p></td><td rowspan="1" colspan="1"><p>00679793000117</p></td><td rowspan="1" colspan="1"><p>COMERCIAL MPO LTDA</p></td><td rowspan="1" colspan="1"><p>MG</p></td><td rowspan="1" colspan="1"><p>POCOS DE CALDAS</p></td><td rowspan="1" colspan="1"><p>25000158458200681</p></td></tr><tr><td rowspan="1" colspan="1"><p>1076</p></td><td rowspan="1" colspan="1"><p>21035860000130</p></td><td rowspan="1" colspan="1"><p>DISQUEFARMA LTDA</p></td><td rowspan="1" colspan="1"><p>MG</p></td><td rowspan="1" colspan="1"><p>POCOS DE CALDAS</p></td><td rowspan="1" colspan="1"><p>25000097039200666</p></td></tr><tr><td rowspan="1" colspan="1"><p>1077</p></td><td rowspan="1" colspan="1"><p>71185177000409</p></td><td rowspan="1" colspan="1"><p>DROGARIA DROGACENTRO DE POCOS DE CALDAS LTDA</p></td><td rowspan="1" colspan="1"><p>MG</p></td><td rowspan="1" colspan="1"><p>POCOS DE CALDAS</p></td><td rowspan="1" colspan="1"><p>25000097268200681</p></td></tr><tr><td rowspan="1" colspan="1"><p>1078</p></td><td rowspan="1" colspan="1"><p>23645179000130</p></td><td rowspan="1" colspan="1"><p>DROGARIA E FARMACIA ROSARIO LTDA</p></td><td rowspan="1" colspan="1"><p>MG</p></td><td rowspan="1" colspan="1"><p>POCOS DE CALDAS</p></td><td rowspan="1" colspan="1"><p>25000165010200614</p></td></tr><tr><td rowspan="1" colspan="1"><p>1079</p></td><td rowspan="1" colspan="1"><p>23645179000563</p></td><td rowspan="1" colspan="1"><p>DROGARIA E FARMACIA ROSARIO LTDA</p></td><td rowspan="1" colspan="1"><p>MG</p></td><td rowspan="1" colspan="1"><p>POCOS DE CALDAS</p></td><td rowspan="1" colspan="1"><p>25000165010200614</p></td></tr><tr><td rowspan="1" colspan="1"><p>1080</p></td><td rowspan="1" colspan="1"><p>23645179000482</p></td><td rowspan="1" colspan="1"><p>DROGARIA E FARMACIA ROSARIO LTDA</p></td><td rowspan="1" colspan="1"><p>MG</p></td><td rowspan="1" colspan="1"><p>POCOS DE CALDAS</p></td><td rowspan="1" colspan="1"><p>25000165010200614</p></td></tr><tr><td rowspan="1" colspan="1"><p>1081</p></td><td rowspan="1" colspan="1"><p>23645179000644</p></td><td rowspan="1" colspan="1"><p>DROGARIA E FARMACIA ROSARIO LTDA</p></td><td rowspan="1" colspan="1"><p>MG</p></td><td rowspan="1" colspan="1"><p>POCOS DE CALDAS</p></td><td rowspan="1" colspan="1"><p>25000165010200614</p></td></tr><tr><td rowspan="1" colspan="1"><p>1082</p></td><td rowspan="1" colspan="1"><p>17852690000100</p></td><td rowspan="1" colspan="1"><p>DROGARIA SANTA CRUZ DE POCOS DE CALDAS LTDA</p></td><td rowspan="1" colspan="1"><p>MG</p></td><td rowspan="1" colspan="1"><p>POCOS DE CALDAS</p></td><td rowspan="1" colspan="1"><p>25000105367201020</p></td></tr><tr><td rowspan="1" colspan="1"><p>1083</p></td><td rowspan="1" colspan="1"><p>10530626000163</p></td><td rowspan="1" colspan="1"><p>DROGARIAS FARMA PLUS LTDA.</p></td><td rowspan="1" colspan="1"><p>MG</p></td><td rowspan="1" colspan="1"><p>POCOS DE CALDAS</p></td><td rowspan="1" colspan="1"><p>25000528866200958</p></td></tr><tr><td rowspan="1" colspan="1"><p>1084</p></td><td rowspan="1" colspan="1"><p>12564261000202</p></td><td rowspan="1" colspan="1"><p>DROGAVILA LTDA</p></td><td rowspan="1" colspan="1"><p>MG</p></td><td rowspan="1" colspan="1"><p>POCOS DE CALDAS</p></td><td rowspan="1" colspan="1"><p>25000018307201159</p></td></tr><tr><td rowspan="1" colspan="1"><p>1085</p></td><td rowspan="1" colspan="1"><p>42798025000122</p></td><td rowspan="1" colspan="1"><p>MILTON CIRILO DE OLIVEIRA &amp; CIA LTDA</p></td><td rowspan="1" colspan="1"><p>MG</p></td><td rowspan="1" colspan="1"><p>POCOS DE CALDAS</p></td><td rowspan="1" colspan="1"><p>25000158428200675</p></td></tr><tr><td rowspan="1" colspan="1"><p>1086</p></td><td rowspan="1" colspan="1"><p>71345441000173</p></td><td rowspan="1" colspan="1"><p>PRESTADORA DE SERVICOS ADM EIRELI</p></td><td rowspan="1" colspan="1"><p>MG</p></td><td rowspan="1" colspan="1"><p>POCOS DE CALDAS</p></td><td rowspan="1" colspan="1"><p>25000048057200703</p></td></tr><tr><td rowspan="1" colspan="1"><p>1087</p></td><td rowspan="1" colspan="1"><p>71345441000254</p></td><td rowspan="1" colspan="1"><p>PRESTADORA DE SERVICOS ADM EIRELI</p></td><td rowspan="1" colspan="1"><p>MG</p></td><td rowspan="1" colspan="1"><p>POCOS DE CALDAS</p></td><td rowspan="1" colspan="1"><p>25000048057200703</p></td></tr><tr><td rowspan="1" colspan="1"><p>1088</p></td><td rowspan="1" colspan="1"><p>18166275000165</p></td><td rowspan="1" colspan="1"><p>DROGARIA POMPEANA DROGSTORE &amp; CIA LTDA</p></td><td rowspan="1" colspan="1"><p>MG</p></td><td rowspan="1" colspan="1"><p>POMPEU</p></td><td rowspan="1" colspan="1"><p>25000021729201535</p></td></tr><tr><td rowspan="1" colspan="1"><p>1089</p></td><td rowspan="1" colspan="1"><p>07910125000106</p></td><td rowspan="1" colspan="1"><p>TSC DROGARIA LTDA</p></td><td rowspan="1" colspan="1"><p>MG</p></td><td rowspan="1" colspan="1"><p>POMPEU</p></td><td rowspan="1" colspan="1"><p>25000019727201233</p></td></tr><tr><td rowspan="1" colspan="1"><p>1090</p></td><td rowspan="1" colspan="1"><p>16677390000250</p></td><td rowspan="1" colspan="1"><p>COSTA E VIEIRA MEDICAMENTOS LTDA</p></td><td rowspan="1" colspan="1"><p>MG</p></td><td rowspan="1" colspan="1"><p>PONTE NOVA</p></td><td rowspan="1" colspan="1"><p>25000043676201341</p></td></tr><tr><td rowspan="1" colspan="1"><p>1091</p></td><td rowspan="1" colspan="1"><p>41715004000214</p></td><td rowspan="1" colspan="1"><p>GUARAPIRANGA MEDICAMENTOS LTDA</p></td><td rowspan="1" colspan="1"><p>MG</p></td><td rowspan="1" colspan="1"><p>PONTE NOVA</p></td><td rowspan="1" colspan="1"><p>25000080008201133</p></td></tr><tr><td rowspan="1" colspan="1"><p>1092</p></td><td rowspan="1" colspan="1"><p>10233683000180</p></td><td rowspan="1" colspan="1"><p>MARLON ADRIANO ALVES SAMPAIO</p></td><td rowspan="1" colspan="1"><p>MG</p></td><td rowspan="1" colspan="1"><p>POTE</p></td><td rowspan="1" colspan="1"><p>25000079044201235</p></td></tr><tr><td rowspan="1" colspan="1"><p>1093</p></td><td rowspan="1" colspan="1"><p>02926296000100</p></td><td rowspan="1" colspan="1"><p>D&amp;D DROGARIA DO DIABETICO LTDA</p></td><td rowspan="1" colspan="1"><p>MG</p></td><td rowspan="1" colspan="1"><p>POUSO ALEGRE</p></td><td rowspan="1" colspan="1"><p>25000121823201321</p></td></tr><tr><td rowspan="1" colspan="1"><p>1094</p></td><td rowspan="1" colspan="1"><p>02806415000182</p></td><td rowspan="1" colspan="1"><p>DROGARIA FRAGA &amp; BARROS LTDA</p></td><td rowspan="1" colspan="1"><p>MG</p></td><td rowspan="1" colspan="1"><p>POUSO ALEGRE</p></td><td rowspan="1" colspan="1"><p>25000637636200989</p></td></tr><tr><td rowspan="1" colspan="1"><p>1095</p></td><td rowspan="1" colspan="1"><p>05229666000130</p></td><td rowspan="1" colspan="1"><p>DROGARIA J. L. SAOJOANENSE LTDA</p></td><td rowspan="1" colspan="1"><p>MG</p></td><td rowspan="1" colspan="1"><p>PRADOS</p></td><td rowspan="1" colspan="1"><p>25000219498200879</p></td></tr><tr><td rowspan="1" colspan="1"><p>1096</p></td><td rowspan="1" colspan="1"><p>23956147000155</p></td><td rowspan="1" colspan="1"><p>LAMARTINE LARA DE CARVALHO</p></td><td rowspan="1" colspan="1"><p>MG</p></td><td rowspan="1" colspan="1"><p>PRADOS</p></td><td rowspan="1" colspan="1"><p>25000133842201481</p></td></tr><tr><td rowspan="1" colspan="1"><p>1097</p></td><td rowspan="1" colspan="1"><p>07176941000120</p></td><td rowspan="1" colspan="1"><p>SOARES &amp; SOARES MEDICAMENTOS LTDA</p></td><td rowspan="1" colspan="1"><p>MG</p></td><td rowspan="1" colspan="1"><p>PRESIDENTE OLEGARIO</p></td><td rowspan="1" colspan="1"><p>25000064520200756</p></td></tr><tr><td rowspan="1" colspan="1"><p>1098</p></td><td rowspan="1" colspan="1"><p>24134892000181</p></td><td rowspan="1" colspan="1"><p>DROGARIA DUTRA LTDA</p></td><td rowspan="1" colspan="1"><p>MG</p></td><td rowspan="1" colspan="1"><p>RESPLENDOR</p></td><td rowspan="1" colspan="1"><p>25000042710200712</p></td></tr><tr><td rowspan="1" colspan="1"><p>1099</p></td><td rowspan="1" colspan="1"><p>17381609000150</p></td><td rowspan="1" colspan="1"><p>CAMPOS E DOMINGOS LTDA</p></td><td rowspan="1" colspan="1"><p>MG</p></td><td rowspan="1" colspan="1"><p>RIBEIRAO DAS NEVES</p></td><td rowspan="1" colspan="1"><p>25000048212200601</p></td></tr><tr><td rowspan="1" colspan="1"><p>1100</p></td><td rowspan="1" colspan="1"><p>13563797000187</p></td><td rowspan="1" colspan="1"><p>CARMELIA GUILHERMINA</p></td><td rowspan="1" colspan="1"><p>MG</p></td><td rowspan="1" colspan="1"><p>RIBEIRAO DAS NEVES</p></td><td rowspan="1" colspan="1"><p>25000014100201377</p></td></tr><tr><td rowspan="1" colspan="1"><p>1101</p></td><td rowspan="1" colspan="1"><p>64464910000108</p></td><td rowspan="1" colspan="1"><p>DROGARIA CARMO MACHADO LTDA</p></td><td rowspan="1" colspan="1"><p>MG</p></td><td rowspan="1" colspan="1"><p>RIBEIRAO DAS NEVES</p></td><td rowspan="1" colspan="1"><p>25000101058201242</p></td></tr><tr><td rowspan="1" colspan="1"><p>1102</p></td><td rowspan="1" colspan="1"><p>03491657000197</p></td><td rowspan="1" colspan="1"><p>DROGARIA MINASDROGA LTDA</p></td><td rowspan="1" colspan="1"><p>MG</p></td><td rowspan="1" colspan="1"><p>RIBEIRAO DAS NEVES</p></td><td rowspan="1" colspan="1"><p>25000048231200629</p></td></tr><tr><td rowspan="1" colspan="1"><p>1103</p></td><td rowspan="1" colspan="1"><p>08255574000112</p></td><td rowspan="1" colspan="1"><p>V BARROS DRUGSTORE</p></td><td rowspan="1" colspan="1"><p>MG</p></td><td rowspan="1" colspan="1"><p>RIBEIRAO DAS NEVES</p></td><td rowspan="1" colspan="1"><p>25000037790200956</p></td></tr><tr><td rowspan="1" colspan="1"><p>1104</p></td><td rowspan="1" colspan="1"><p>03853278000108</p></td><td rowspan="1" colspan="1"><p>VALTEIR GONCALVES OLIVEIRA</p></td><td rowspan="1" colspan="1"><p>MG</p></td><td rowspan="1" colspan="1"><p>RIBEIRAO DAS NEVES</p></td><td rowspan="1" colspan="1"><p>25000119490201371</p></td></tr><tr><td rowspan="1" colspan="1"><p>1105</p></td><td rowspan="1" colspan="1"><p>04829246000121</p></td><td rowspan="1" colspan="1"><p>DIAS E ALKMIM LTDA</p></td><td rowspan="1" colspan="1"><p>MG</p></td><td rowspan="1" colspan="1"><p>RIO PARDO DE MINAS</p></td><td rowspan="1" colspan="1"><p>25000199372200871</p></td></tr><tr><td rowspan="1" colspan="1"><p>1106</p></td><td rowspan="1" colspan="1"><p>09276626000108</p></td><td rowspan="1" colspan="1"><p>GERALDO CARLOS TELES DA SILVA</p></td><td rowspan="1" colspan="1"><p>MG</p></td><td rowspan="1" colspan="1"><p>RIO PARDO DE MINAS</p></td><td rowspan="1" colspan="1"><p>25000536647200942</p></td></tr><tr><td rowspan="1" colspan="1"><p>1107</p></td><td rowspan="1" colspan="1"><p>09515389000263</p></td><td rowspan="1" colspan="1"><p>NEWTON JOAO CARDOSO</p></td><td rowspan="1" colspan="1"><p>MG</p></td><td rowspan="1" colspan="1"><p>RIO VERMELHO</p></td><td rowspan="1" colspan="1"><p>25000152005201028</p></td></tr><tr><td rowspan="1" colspan="1"><p>1108</p></td><td rowspan="1" colspan="1"><p>01187419000167</p></td><td rowspan="1" colspan="1"><p>DROGARIA INTENDENCIA LTDA</p></td><td rowspan="1" colspan="1"><p>MG</p></td><td rowspan="1" colspan="1"><p>SABARA</p></td><td rowspan="1" colspan="1"><p>25000201289200879</p></td></tr><tr><td rowspan="1" colspan="1"><p>1109</p></td><td rowspan="1" colspan="1"><p>38582581000270</p></td><td rowspan="1" colspan="1"><p>MAXFARM LTDA</p></td><td rowspan="1" colspan="1"><p>MG</p></td><td rowspan="1" colspan="1"><p>SABARA</p></td><td rowspan="1" colspan="1"><p>25000014475200951</p></td></tr><tr><td rowspan="1" colspan="1"><p>1110</p></td><td rowspan="1" colspan="1"><p>18867317000195</p></td><td rowspan="1" colspan="1"><p>INACIO BARROSO JUNIOR E FILHOS LTDA</p></td><td rowspan="1" colspan="1"><p>MG</p></td><td rowspan="1" colspan="1"><p>SABINOPOLIS</p></td><td rowspan="1" colspan="1"><p>25000218393200801</p></td></tr><tr><td rowspan="1" colspan="1"><p>1111</p></td><td rowspan="1" colspan="1"><p>04876455000126</p></td><td rowspan="1" colspan="1"><p>DROGARIA MIRANDA E MIRANDA LTDA</p></td><td rowspan="1" colspan="1"><p>MG</p></td><td rowspan="1" colspan="1"><p>SALINAS</p></td><td rowspan="1" colspan="1"><p>25000104632201133</p></td></tr><tr><td rowspan="1" colspan="1"><p>1112</p></td><td rowspan="1" colspan="1"><p>10448556000107</p></td><td rowspan="1" colspan="1"><p>F &amp; F PRODUTOS FARMACEUTICOS LTDA</p></td><td rowspan="1" colspan="1"><p>MG</p></td><td rowspan="1" colspan="1"><p>SALINAS</p></td><td rowspan="1" colspan="1"><p>25000120129201478</p></td></tr><tr><td rowspan="1" colspan="1"><p>1113</p></td><td rowspan="1" colspan="1"><p>16808703000180</p></td><td rowspan="1" colspan="1"><p>DMG DROGARIA LTDA</p></td><td rowspan="1" colspan="1"><p>MG</p></td><td rowspan="1" colspan="1"><p>SANTA LUZIA</p></td><td rowspan="1" colspan="1"><p>25000118970201314</p></td></tr><tr><td rowspan="1" colspan="1"><p>1114</p></td><td rowspan="1" colspan="1"><p>71055974000110</p></td><td rowspan="1" colspan="1"><p>DROGARIA CRIVELLARI LTDA</p></td><td rowspan="1" colspan="1"><p>MG</p></td><td rowspan="1" colspan="1"><p>SANTA LUZIA</p></td><td rowspan="1" colspan="1"><p>25000032591200951</p></td></tr><tr><td rowspan="1" colspan="1"><p>1115</p></td><td rowspan="1" colspan="1"><p>02542725000218</p></td><td rowspan="1" colspan="1"><p>DROGARIA E PERFUMARIA VILA OLGA LTDA</p></td><td rowspan="1" colspan="1"><p>MG</p></td><td rowspan="1" colspan="1"><p>SANTA LUZIA</p></td><td rowspan="1" colspan="1"><p>25000054322200601</p></td></tr><tr><td rowspan="1" colspan="1"><p>1116</p></td><td rowspan="1" colspan="1"><p>12371000000187</p></td><td rowspan="1" colspan="1"><p>DROGARIA FARMA EIRELI</p></td><td rowspan="1" colspan="1"><p>MG</p></td><td rowspan="1" colspan="1"><p>SANTA LUZIA</p></td><td rowspan="1" colspan="1"><p>25000079272201213</p></td></tr><tr><td rowspan="1" colspan="1"><p>1117</p></td><td rowspan="1" colspan="1"><p>21168661000109</p></td><td rowspan="1" colspan="1"><p>DROGARIA ITATIAIA LTDA</p></td><td rowspan="1" colspan="1"><p>MG</p></td><td rowspan="1" colspan="1"><p>SANTA LUZIA</p></td><td rowspan="1" colspan="1"><p>25000525974200979</p></td></tr><tr><td rowspan="1" colspan="1"><p>1118</p></td><td rowspan="1" colspan="1"><p>03491657000278</p></td><td rowspan="1" colspan="1"><p>DROGARIA MINASDROGA LTDA</p></td><td rowspan="1" colspan="1"><p>MG</p></td><td rowspan="1" colspan="1"><p>SANTA LUZIA</p></td><td rowspan="1" colspan="1"><p>25000048231200629</p></td></tr></table>]]></Texto>
  </body>
  <Midias />
</article></xml>