﻿<xml><article id="44730496" name="ADE7DECEX135" idOficio="11190987" pubName="DO1" artType="Ato Declaratório" pubDate="01/08/2025" artClass="00028:00032:00435:00099:00006:00000:00000:00000:00000:00000:00007:00000" artCategory="Ministério da Fazenda/Secretaria Especial da Receita Federal do Brasil/Secretaria-Adjunta/Superintendência Regional da Receita Federal do Brasil 7ª Região Fiscal/Delegacia de Fiscalização de Comércio Exterior da Receita Federal do Brasil no Rio de Janeiro" artSize="12" artNotes="" numberPage="28" pdfPage="http://pesquisa.in.gov.br/imprensa/jsp/visualiza/index.jsp?data=01/08/2025&amp;jornal=515&amp;pagina=28" editionNumber="144" highlightType="" highlightPriority="" highlight="" highlightimage="" highlightimagename="" idMateria="22947887">
  <body>
    <Identifica><![CDATA[ ATO DECLARATÓRIO EXECUTIVO DECEX/RJO Nº 135, DE 31 DE JULHO DE 2025]]></Identifica>
    <Data><![CDATA[]]></Data>
    <Ementa><![CDATA[ Declara a inaptidão de empresa perante o Cadastro Nacional de Pessoas Jurídicas e a inidoneidade de documentos fiscais por ela emitidos.]]></Ementa>
    <Titulo />
    <SubTitulo />
    <Texto><![CDATA[<p class="identifica">ATO DECLARATÓRIO EXECUTIVO DECEX/RJO Nº 135, DE 31 DE JULHO DE 2025</p><p class="ementa">Declara a inaptidão de empresa perante o Cadastro Nacional de Pessoas Jurídicas e a inidoneidade de documentos fiscais por ela emitidos.</p><p>O AUDITOR-FISCAL DA RECEITA FEDERAL DO BRASIL, no uso das atribuições que lhe foram conferidas pelo art. 6º, I, alínea "b", da Lei 10.593/2002, com redação dada pela Lei nº 11.457/2007 e tendo em vista o disposto no artigo 40, § 2º da IN RFB nº 2.119/2022, declara:</p><p>Art. 1º - Considerando que a pessoa jurídica abaixo identificada não comprovou a origem, a disponibilidade e a efetiva transferência de recursos empregados em operações de comércio exterior, nos termos do artigo 81, II, da Lei 9.430/96, incluído pela Lei nº 14.195/21, e do artigo 38, II. da IN RFB nº 2.119/2022, conforme Representação Fiscal acostada ao Processo Administrativo abaixo citado, INAPTA a sua inscrição no Cadastro Nacional de Pessoa Jurídica do Ministério da Fazenda - CNPJ/MF, não produzindo efeitos tributários em favor de terceiros interessados os documentos por ela emitidos, a partir de 14/01/2021.</p><p>Pessoa Jurídica: MANGOS INTERNATIONAL BUSINNES LTDA.</p><p>CNPJ: 40.394.027/0001-20</p><p>Processo: 10711.720856/2024-18</p><p>Art. 2º - Este Ato Declaratório Executivo terá validade a partir de sua publicação no DOU.</p><p class="assina">RUY AFONSO LOPES SALDANHA</p>]]></Texto>
  </body>
  <Midias />
</article></xml>