﻿<xml><article id="44732147" name="resolucao_2896_2025 COAFE_004" idOficio="11191160" pubName="DO1" artType="Resolução" pubDate="01/08/2025" artClass="00047:00048:00016:00006:00002:00000:00000:00000:00000:00000:00064:32896" artCategory="Ministério da Saúde/Agência Nacional de Vigilância Sanitária/4ª Diretoria/Gerência-Geral de Inspeção e Fiscalização Sanitária/Coordenação de Autorização de Funcionamento de Empresas" artSize="12" artNotes="" numberPage="181" pdfPage="http://pesquisa.in.gov.br/imprensa/jsp/visualiza/index.jsp?data=01/08/2025&amp;jornal=515&amp;pagina=181" editionNumber="144" highlightType="" highlightPriority="" highlight="" highlightimage="" highlightimagename="" idMateria="22948397">
  <body>
    <Identifica />
    <Data><![CDATA[]]></Data>
    <Ementa />
    <Titulo />
    <SubTitulo />
    <Texto><![CDATA[<p>DISPENSAÇÃO DE MEDICAMENTOS CONTENDO SUBSTÂNCIAS SUJEITAS AO CONTROLE ESPECIAL</p><p>DISPENSAÇÃO DE MEDICAMENTOS NÃO SUJEITOS AO CONTROLE ESPECIAL</p><p>733 - AFE - CONCESSÃO - FARMÁCIAS E DROGARIAS / 0929090250</p><p>--------------------------------------</p><p>EPICK SOLUTIONS LTDA / 53.073.263/0001-97</p><p>25351.113706/2025-48 / 8322920</p><p>ARMAZENAR: PRODUTOS PARA SAÚDE (DISPOSITIVOS MÉDICOS)</p><p>EXPEDIR: PRODUTOS PARA SAÚDE (DISPOSITIVOS MÉDICOS)</p><p>855 - AFE - CONCESSÃO - PRODUTOS PARA SAÚDE - ARMAZENAR / 0888796251</p><p>--------------------------------------</p><p>SILVA COIMBRA LTDA / 61.662.752/0001-02</p><p>25351.131526/2025-48 / 5201734</p><p>COMÉRCIO</p><p>DISPENSAÇÃO DE MEDICAMENTOS CONTENDO SUBSTÂNCIAS SUJEITAS AO CONTROLE ESPECIAL</p><p>DISPENSAÇÃO DE MEDICAMENTOS NÃO SUJEITOS AO CONTROLE ESPECIAL</p><p>PRESTAÇÃO DE SERVIÇOS FARMACÊUTICOS</p><p>733 - AFE - CONCESSÃO - FARMÁCIAS E DROGARIAS / 0986638251</p><p>--------------------------------------</p><p>JCR DROGARIAS LTDA / 55.326.867/0001-23</p><p>25351.120464/2025-49 / 5201609</p><p>COMÉRCIO</p><p>DISPENSAÇÃO DE MEDICAMENTOS CONTENDO SUBSTÂNCIAS SUJEITAS AO CONTROLE ESPECIAL</p><p>DISPENSAÇÃO DE MEDICAMENTOS NÃO SUJEITOS AO CONTROLE ESPECIAL</p><p>PRESTAÇÃO DE SERVIÇOS FARMACÊUTICOS</p><p>733 - AFE - CONCESSÃO - FARMÁCIAS E DROGARIAS / 0924394251</p><p>--------------------------------------</p><p>FARMACIA SAUDE DO POVO LTDA / 60.049.567/0001-84</p><p>25351.131741/2025-49 / 5201796</p><p>COMÉRCIO</p><p>DISPENSAÇÃO DE MEDICAMENTOS CONTENDO SUBSTÂNCIAS SUJEITAS AO CONTROLE ESPECIAL</p><p>DISPENSAÇÃO DE MEDICAMENTOS NÃO SUJEITOS AO CONTROLE ESPECIAL</p><p>PRESTAÇÃO DE SERVIÇOS FARMACÊUTICOS</p><p>733 - AFE - CONCESSÃO - FARMÁCIAS E DROGARIAS / 0987661256</p><p>--------------------------------------</p><p>HEADLINE COMERCIO E SERVICOS LTDA / 53.162.701/0001-93</p><p>25351.117177/2025-51 / 3144092</p><p>ARMAZENAR: SANEANTE DOMIS.</p><p>DISTRIBUIR: SANEANTE DOMIS.</p><p>EXPEDIR: SANEANTE DOMIS.</p><p>740 - AFE - CONCESSÃO - SANEANTES - DISTRIBUIR (SOMENTE MATRIZ) / 0908680252</p><p>--------------------------------------</p><p>FPB NOVA VILHENA 3 LTDA / 61.753.396/0001-32</p><p>25351.131838/2025-51 / 5201856</p><p>COMÉRCIO</p><p>DISPENSAÇÃO DE MEDICAMENTOS CONTENDO SUBSTÂNCIAS SUJEITAS AO CONTROLE ESPECIAL</p><p>DISPENSAÇÃO DE MEDICAMENTOS NÃO SUJEITOS AO CONTROLE ESPECIAL</p><p>PRESTAÇÃO DE SERVIÇOS FARMACÊUTICOS</p><p>733 - AFE - CONCESSÃO - FARMÁCIAS E DROGARIAS / 0987864254</p><p>--------------------------------------</p><p>KODA MEDITEC BRASIL LTDA / 57.516.989/0001-08</p><p>25351.114539/2025-52 / 8321006</p><p>ARMAZENAR: PRODUTOS PARA SAÚDE (DISPOSITIVOS MÉDICOS)</p><p>DISTRIBUIR: PRODUTOS PARA SAÚDE (DISPOSITIVOS MÉDICOS)</p><p>EXPEDIR: PRODUTOS PARA SAÚDE (DISPOSITIVOS MÉDICOS)</p><p>EXPORTAR: PRODUTOS PARA SAÚDE (DISPOSITIVOS MÉDICOS)</p><p>IMPORTAR: PRODUTOS PARA SAÚDE (DISPOSITIVOS MÉDICOS)</p><p>858 - AFE - CONCESSÃO - PRODUTOS PARA SAÚDE - EXPORTAR / 0894109251</p><p>25351.114539/2025-52 / 8321006</p><p>ARMAZENAR: PRODUTOS PARA SAÚDE (DISPOSITIVOS MÉDICOS)</p><p>DISTRIBUIR: PRODUTOS PARA SAÚDE (DISPOSITIVOS MÉDICOS)</p><p>EXPEDIR: PRODUTOS PARA SAÚDE (DISPOSITIVOS MÉDICOS)</p><p>EXPORTAR: PRODUTOS PARA SAÚDE (DISPOSITIVOS MÉDICOS)</p><p>IMPORTAR: PRODUTOS PARA SAÚDE (DISPOSITIVOS MÉDICOS)</p><p>859 - AFE - CONCESSÃO - PRODUTOS PARA SAÚDE - IMPORTAR / 0894073257</p><p>--------------------------------------</p><p>FARMACIA DE MANIPULACAO JOAO FALCAO LTDA / 37.758.913/0002-62</p><p>25351.117427/2025-53 / 5202181</p><p>COMÉRCIO</p><p>DISPENSAÇÃO DE MEDICAMENTOS NÃO SUJEITOS AO CONTROLE ESPECIAL</p><p>MANIPULAÇÃO DE PRODUTOS MAGISTRAIS</p><p>MANIPULAÇÃO DE PRODUTOS OFICINAIS</p><p>733 - AFE - CONCESSÃO - FARMÁCIAS E DROGARIAS / 0909564256</p><p>--------------------------------------</p><p>L K HOSPITALAR LTDA / 61.219.262/0001-36</p><p>25351.117579/2025-56 / 2111253</p><p>ARMAZENAR: COSMÉTICOS / PERFUMES / PRODUTOS DE HIGIENE</p><p>DISTRIBUIR: COSMÉTICOS / PERFUMES / PRODUTOS DE HIGIENE</p><p>EXPEDIR: COSMÉTICOS / PERFUMES / PRODUTOS DE HIGIENE</p><p>723 - AFE - CONCESSÃO - COSMÉTICOS, PERFUMES E PRODUTOS DE HIGIENE - DISTRIBUIR (SOMENTE MATRIZ) / 0910396256</p><p>--------------------------------------</p><p>LUIZ ANTONIO BALDO / 00.754.828/0001-35</p><p>25351.114715/2025-56 / 1411885</p><p>TRANSPORTAR: MEDICAMENTO</p><p>701 - AFE - CONCESSÃO - MEDICAMENTOS E INSUMOS FARMACÊUTICOS - TRANSPORTAR (SOMENTE MATRIZ) / 0894242253</p><p>--------------------------------------</p><p>TRANS FL-TRANSPORTES E LOGISTICA DE CARGAS LTDA ME / 06.226.226/0001-91</p><p>25351.118170/2025-57 / 1411993</p><p>ARMAZENAR: INSUMOS FARMACÊUTICOS / MEDICAMENTO</p><p>EXPEDIR: INSUMOS FARMACÊUTICOS / MEDICAMENTO</p><p>7216 - AFE - CONCESSÃO - MEDICAMENTOS E INSUMOS FARMACÊUTICOS - ARMAZENAR (SOMENTE MATRIZ) / 0913768251</p><p>--------------------------------------</p><p>MEDSHOP HOSPITALAR LTDA / 54.541.915/0001-33</p><p>25351.117441/2025-57 / 2110304</p><p>ARMAZENAR: COSMÉTICOS / PERFUMES / PRODUTOS DE HIGIENE</p><p>DISTRIBUIR: COSMÉTICOS / PERFUMES / PRODUTOS DE HIGIENE</p><p>EXPEDIR: COSMÉTICOS / PERFUMES / PRODUTOS DE HIGIENE</p><p>723 - AFE - CONCESSÃO - COSMÉTICOS, PERFUMES E PRODUTOS DE HIGIENE - DISTRIBUIR (SOMENTE MATRIZ) / 0909581258</p><p>--------------------------------------</p><p>RAPIDO PANAMERICANO LTDA / 86.479.268/0001-73</p><p>25351.115548/2025-61 / 1411931</p><p>TRANSPORTAR: MEDICAMENTO</p><p>701 - AFE - CONCESSÃO - MEDICAMENTOS E INSUMOS FARMACÊUTICOS - TRANSPORTAR (SOMENTE MATRIZ) / 0900173254</p><p>--------------------------------------</p><p>BRASPRESS TRANSPORTES URGENTES LTDA / 48.740.351/0033-42</p><p>25351.117256/2025-62 / 8322856</p><p>TRANSPORTAR: PRODUTOS PARA SAÚDE (DISPOSITIVOS MÉDICOS)</p><p>862 - AFE - CONCESSÃO - PRODUTOS PARA SAÚDE - TRANSPORTAR / 0908942257</p><p>--------------------------------------</p><p>AS COMERCIO DE MEDICAMENTOS ESPECIAIS LTDA - ME / 28.496.951/0001-12</p><p>25351.077539/2025-64 / 1412053</p><p>ARMAZENAR: MEDICAMENTO</p><p>DISTRIBUIR: MEDICAMENTO</p><p>EXPEDIR: MEDICAMENTO</p><p>702 - AFE - CONCESSÃO - MEDICAMENTOS E INSUMOS FARMACÊUTICOS - DISTRIBUIR (SOMENTE MATRIZ) / 0651205255</p><p>--------------------------------------</p><p>trinexus farma limitada / 57.189.341/0001-74</p><p>25351.123158/2025-64 / 5202007</p><p>COMÉRCIO</p><p>DISPENSAÇÃO DE MEDICAMENTOS CONTENDO SUBSTÂNCIAS SUJEITAS AO CONTROLE ESPECIAL</p><p>DISPENSAÇÃO DE MEDICAMENTOS NÃO SUJEITOS AO CONTROLE ESPECIAL</p><p>PRESTAÇÃO DE SERVIÇOS FARMACÊUTICOS</p><p>733 - AFE - CONCESSÃO - FARMÁCIAS E DROGARIAS / 0936624256</p><p>--------------------------------------</p><p>TRANS FL-TRANSPORTES E LOGISTICA DE CARGAS LTDA ME / 06.226.226/0001-91</p><p>25351.118161/2025-66 / 2111271</p><p>ARMAZENAR: COSMÉTICOS / PERFUMES / PRODUTOS DE HIGIENE</p><p>EXPEDIR: COSMÉTICOS / PERFUMES / PRODUTOS DE HIGIENE</p><p>746 - AFE - CONCESSÃO - COSMÉTICOS, PERFUMES E PRODUTOS DE HIGIENE - ARMAZENAR (SOMENTE MATRIZ) / 0913744255</p><p>--------------------------------------</p><p>NUTRIVIDA LTDA / 02.433.598/0001-38</p><p>25351.120608/2025-67 / 5201657</p><p>DISPENSAÇÃO DE MEDICAMENTOS NÃO SUJEITOS AO CONTROLE ESPECIAL</p><p>MANIPULAÇÃO DE PRODUTOS MAGISTRAIS</p><p>MANIPULAÇÃO DE PRODUTOS OFICINAIS</p><p>PRESTAÇÃO DE SERVIÇOS FARMACÊUTICOS</p><p>733 - AFE - CONCESSÃO - FARMÁCIAS E DROGARIAS / 0924722258</p><p>--------------------------------------</p><p>COOPERATIVA DE PRODUCAO E ABASTECIMENTO DO VALE DO ITAJAI / 82.647.165/0060-74</p><p>25351.131353/2025-68 / 5201643</p><p>COMÉRCIO</p><p>DISPENSAÇÃO DE MEDICAMENTOS CONTENDO SUBSTÂNCIAS SUJEITAS AO CONTROLE ESPECIAL</p><p>DISPENSAÇÃO DE MEDICAMENTOS NÃO SUJEITOS AO CONTROLE ESPECIAL</p><p>PRESTAÇÃO DE SERVIÇOS FARMACÊUTICOS</p><p>733 - AFE - CONCESSÃO - FARMÁCIAS E DROGARIAS / 0985333251</p><p>--------------------------------------</p><p>FARMACIA AGUA VIVA / 54.381.708/0001-69</p><p>25351.121390/2025-68 / 5202101</p><p>COMÉRCIO</p><p>DISPENSAÇÃO DE MEDICAMENTOS CONTENDO SUBSTÂNCIAS SUJEITAS AO CONTROLE ESPECIAL</p><p>DISPENSAÇÃO DE MEDICAMENTOS NÃO SUJEITOS AO CONTROLE ESPECIAL</p><p>PRESTAÇÃO DE SERVIÇOS FARMACÊUTICOS</p><p>733 - AFE - CONCESSÃO - FARMÁCIAS E DROGARIAS / 0928172252</p><p>--------------------------------------</p><p>VITAL SUPPLY IMPORTADORA E EXPORTADORA LTDA / 60.926.064/0001-40</p><p>25351.113678/2025-69 / 8320915</p><p>ARMAZENAR: PRODUTOS PARA SAÚDE (DISPOSITIVOS MÉDICOS)</p><p>DISTRIBUIR: PRODUTOS PARA SAÚDE (DISPOSITIVOS MÉDICOS)</p><p>EXPEDIR: PRODUTOS PARA SAÚDE (DISPOSITIVOS MÉDICOS)</p><p>856 - AFE - CONCESSÃO - PRODUTOS PARA SAÚDE - DISTRIBUIR / 0888728255</p><p>--------------------------------------</p><p>EIGHT MATERIAIS E INSUMOS HOSPITALARES LTDA / 03.082.036/0001-50</p><p>25351.115458/2025-70 / 8322779</p><p>ARMAZENAR: PRODUTOS PARA SAÚDE (DISPOSITIVOS MÉDICOS)</p><p>EXPEDIR: PRODUTOS PARA SAÚDE (DISPOSITIVOS MÉDICOS)</p><p>855 - AFE - CONCESSÃO - PRODUTOS PARA SAÚDE - ARMAZENAR / 0899930255</p><p>--------------------------------------</p><p>TENCOS SOLUCOES TECNICAS LTDA / 60.734.271/0001-00</p><p>25351.115592/2025-71 / 8321071</p>]]></Texto>
  </body>
  <Midias />
</article></xml>