﻿<xml><article id="44716888" name="2025-07-31/11188329/ANMWS_229441" idOficio="11188329" pubName="DO1" artType="Despacho" pubDate="01/08/2025" artClass="00035:00044:00026:00000:00000:00000:00000:00000:00000:00000:00024:00177" artCategory="Ministério de Minas e Energia/Agência Nacional de Mineração/Gerência da ANM no Estado de Santa Catarina" artSize="12" artNotes="" numberPage="81" pdfPage="http://pesquisa.in.gov.br/imprensa/jsp/visualiza/index.jsp?data=01/08/2025&amp;jornal=515&amp;pagina=81" editionNumber="144" highlightType="" highlightPriority="" highlight="" highlightimage="" highlightimagename="" idMateria="22944142">
  <body>
    <Identifica><![CDATA[Despacho]]></Identifica>
    <Data><![CDATA[]]></Data>
    <Ementa />
    <Titulo />
    <SubTitulo />
    <Texto><![CDATA[<p class="identifica">Despacho</p><p>Relação nº 177/2025</p><p>Fase de Autorização de Pesquisa</p><p>Determina cumprimento de exigência - Prazo 60 dias(250)</p><p>815.636/2021-SRF ADMINISTRAÇÃO E COMÉRCIO LTDA-OF. N°29342/2025/DIFIS-SC/ANM</p><p>815.645/2021-SEBASTIÃO FRANCISCO RAMOS FILHO-OF. N°29345/2025/DIFIS-SC/ANM</p><p>Aprova o relatório de Pesquisa(317)</p><p>815.367/2019-MINERAÇÃO E PESQUISA BRASILEIRA LTDA.-Sienito-Braço do Norte,/Santa Catarina</p><p>815.645/2016-HOBI S/A - MINERACAO DE AREIA E CONCRETO-Areia-Irineópolis/Santa Catarina</p><p>Fase de Licenciamento</p><p>Determina cumprimento de exigência - Prazo 30 dias(718)</p><p>815.258/2015-RIO CLARO EXTRAÇÃO DE AREIA LTDA-OF. N°29611/2025/DIOUT-SC/ANM</p><p>Fase de Registro de Extração</p><p>Autoriza prorrogação do prazo do Registro de Extração por 05 anos(927)</p><p>815.027/2013-MUNICIPIO DE RIO FORTUNA-Registro de Extração N°85/2018/ de 29/07/2025</p><p>Determina cumprimento de exigência - Prazo 30 dias(954)</p><p>815.027/2013-MUNICIPIO DE RIO FORTUNA-OF. N°29559/2025/DIOUT-SC/ANM</p><p>Fase de Requerimento de Licenciamento</p><p>Determina arquivamento definitivo do processo(1147)</p><p>815.242/2019-BRITAGEM BALTAZAR SOMBRIO LTDA</p><p>Determina o cumprimento de exigência - Prazo 30 dias(1155)</p><p>Processo nº: 815.302/2024</p><p>Titular: JA EXTRACAO E COMERCIO DE ARGILA LTDA</p><p>Ofício nº: 29376/2025/DIOUT-SC/ANM</p><p>Fase de Requerimento de Pesquisa</p><p>Determina cumprimento de exigência - Prazo 60 dias(131)</p><p>815.083/2023-ADEMIR JUVENCIO DA SILVA-OF. N°29349/2025/DIFIS-SC/ANM</p><p class="assina">JOSE AUGUSTO SIMOES NETO</p><p class="cargo">Especialista Em Recursos Minerais</p>]]></Texto>
  </body>
  <Midias />
</article></xml>