﻿<xml><article id="44735407" name="7648 Bancos de Leite Humano - BL" idOficio="11191341" pubName="DO1" artType="Portaria" pubDate="01/08/2025" artClass="00047:00001:00000:00000:00000:00000:00000:00000:00000:00000:00054:00000" artCategory="Ministério da Saúde/Gabinete do Ministro" artSize="24" artNotes="" numberPage="104" pdfPage="http://pesquisa.in.gov.br/imprensa/jsp/visualiza/index.jsp?data=01/08/2025&amp;jornal=515&amp;pagina=104" editionNumber="144" highlightType="" highlightPriority="" highlight="" highlightimage="" highlightimagename="" idMateria="22948682">
  <body>
    <Identifica />
    <Data><![CDATA[]]></Data>
    <Ementa />
    <Titulo />
    <SubTitulo />
    <Texto><![CDATA[<p /><p></p><table><tr><td rowspan="1" colspan="1"><p>MA</p></td><td rowspan="1" colspan="1"><p>São Luís</p></td><td rowspan="1" colspan="1"><p>211130</p></td><td rowspan="1" colspan="1"><p>SAO LUIS</p></td><td rowspan="1" colspan="1"><p>FUNDO MUNICIPAL DE SAUDE DE SAO LUIS MARANHAO</p></td><td rowspan="1" colspan="1"><p>Municipal</p></td><td rowspan="1" colspan="1"><p>2726653</p></td><td rowspan="1" colspan="1"><p>Banco de Leite Humano do HUUFMA</p></td><td rowspan="1" colspan="1"><p>15.000,00</p></td><td rowspan="1" colspan="1"><p>180.000,00</p></td></tr><tr><td rowspan="1" colspan="1"><p>MG</p></td><td rowspan="1" colspan="1"><p>Belo Horizonte</p></td><td rowspan="1" colspan="1"><p>310620</p></td><td rowspan="1" colspan="1"><p>BELO HORIZONTE</p></td><td rowspan="1" colspan="1"><p>FUNDO MUNICIPAL DE SAUDE</p></td><td rowspan="1" colspan="1"><p>Municipal</p></td><td rowspan="1" colspan="1"><p>0026794</p></td><td rowspan="1" colspan="1"><p>Banco de Leite Humano Hospital Sofia Feldman.</p></td><td rowspan="1" colspan="1"><p>15.000,00</p></td><td rowspan="1" colspan="1"><p>180.000,00</p></td></tr><tr><td rowspan="1" colspan="1"><p>MG</p></td><td rowspan="1" colspan="1"><p>Belo Horizonte</p></td><td rowspan="1" colspan="1"><p>310620</p></td><td rowspan="1" colspan="1"><p>BELO HORIZONTE</p></td><td rowspan="1" colspan="1"><p>FUNDO MUNICIPAL DE SAUDE</p></td><td rowspan="1" colspan="1"><p>Municipal</p></td><td rowspan="1" colspan="1"><p>0026972</p></td><td rowspan="1" colspan="1"><p>Banco de Leite Humano da Maternidade Odete Valadares</p></td><td rowspan="1" colspan="1"><p>15.000,00</p></td><td rowspan="1" colspan="1"><p>180.000,00</p></td></tr><tr><td rowspan="1" colspan="1"><p>MG</p></td><td rowspan="1" colspan="1"><p>Belo Horizonte</p></td><td rowspan="1" colspan="1"><p>310620</p></td><td rowspan="1" colspan="1"><p>BELO HORIZONTE</p></td><td rowspan="1" colspan="1"><p>FUNDO MUNICIPAL DE SAUDE</p></td><td rowspan="1" colspan="1"><p>Municipal</p></td><td rowspan="1" colspan="1"><p>0027049</p></td><td rowspan="1" colspan="1"><p>Banco de Leite Humano do Hospital das Clinicas da UFMG</p></td><td rowspan="1" colspan="1"><p>15.000,00</p></td><td rowspan="1" colspan="1"><p>180.000,00</p></td></tr><tr><td rowspan="1" colspan="1"><p>MG</p></td><td rowspan="1" colspan="1"><p>Betim</p></td><td rowspan="1" colspan="1"><p>310670</p></td><td rowspan="1" colspan="1"><p>BETIM</p></td><td rowspan="1" colspan="1"><p>FUNDO MUNICIPAL DE SAUDE DE BETIM</p></td><td rowspan="1" colspan="1"><p>Municipal</p></td><td rowspan="1" colspan="1"><p>2126494</p></td><td rowspan="1" colspan="1"><p>Banco de Leite Humano Maria Augusta Resende Barbosa</p></td><td rowspan="1" colspan="1"><p>15.000,00</p></td><td rowspan="1" colspan="1"><p>180.000,00</p></td></tr><tr><td rowspan="1" colspan="1"><p>MG</p></td><td rowspan="1" colspan="1"><p>Brasília de Minas</p></td><td rowspan="1" colspan="1"><p>310860</p></td><td rowspan="1" colspan="1"><p>BRASILIA DE MINAS</p></td><td rowspan="1" colspan="1"><p>FUNDO MUNICIPAL DE SAUDE</p></td><td rowspan="1" colspan="1"><p>Municipal</p></td><td rowspan="1" colspan="1"><p>2119420</p></td><td rowspan="1" colspan="1"><p>Banco de Leite Humano do Hospital Municipal Senhora Santana</p></td><td rowspan="1" colspan="1"><p>15.000,00</p></td><td rowspan="1" colspan="1"><p>180.000,00</p></td></tr><tr><td rowspan="1" colspan="1"><p>MG</p></td><td rowspan="1" colspan="1"><p>Juiz de Fora</p></td><td rowspan="1" colspan="1"><p>313670</p></td><td rowspan="1" colspan="1"><p>JUIZ DE FORA</p></td><td rowspan="1" colspan="1"><p>FUNDO MUNICIPAL DE SAUDE DE JUIZ DE FORA</p></td><td rowspan="1" colspan="1"><p>Municipal</p></td><td rowspan="1" colspan="1"><p>2153351</p></td><td rowspan="1" colspan="1"><p>Banco de Leite Humano de Juiz de Fora</p></td><td rowspan="1" colspan="1"><p>15.000,00</p></td><td rowspan="1" colspan="1"><p>180.000,00</p></td></tr><tr><td rowspan="1" colspan="1"><p>MG</p></td><td rowspan="1" colspan="1"><p>Montes Claros</p></td><td rowspan="1" colspan="1"><p>314330</p></td><td rowspan="1" colspan="1"><p>MONTES CLAROS</p></td><td rowspan="1" colspan="1"><p>FUNDO MUNICIPAL DE SAUDE</p></td><td rowspan="1" colspan="1"><p>Municipal</p></td><td rowspan="1" colspan="1"><p>2219638</p></td><td rowspan="1" colspan="1"><p>Banco de Leite Humano do Hospital Aroldo Tourinho</p></td><td rowspan="1" colspan="1"><p>15.000,00</p></td><td rowspan="1" colspan="1"><p>180.000,00</p></td></tr><tr><td rowspan="1" colspan="1"><p>MG</p></td><td rowspan="1" colspan="1"><p>Passos</p></td><td rowspan="1" colspan="1"><p>314790</p></td><td rowspan="1" colspan="1"><p>PASSOS</p></td><td rowspan="1" colspan="1"><p>FUNDO MUNICIPAL DE SAUDE DE PASSOS (MG)</p></td><td rowspan="1" colspan="1"><p>Municipal</p></td><td rowspan="1" colspan="1"><p>2775999</p></td><td rowspan="1" colspan="1"><p>Banco de Leite Humano da Santa Casa de Misericordia de Passos</p></td><td rowspan="1" colspan="1"><p>15.000,00</p></td><td rowspan="1" colspan="1"><p>180.000,00</p></td></tr><tr><td rowspan="1" colspan="1"><p>MG</p></td><td rowspan="1" colspan="1"><p>Uba</p></td><td rowspan="1" colspan="1"><p>316990</p></td><td rowspan="1" colspan="1"><p>UBA</p></td><td rowspan="1" colspan="1"><p>FUNDO MUNICIPAL DE SAUDE DE UBA</p></td><td rowspan="1" colspan="1"><p>Municipal</p></td><td rowspan="1" colspan="1"><p>2195437</p></td><td rowspan="1" colspan="1"><p>Banco de Leite Humano do Hospital Santa Isabel</p></td><td rowspan="1" colspan="1"><p>15.000,00</p></td><td rowspan="1" colspan="1"><p>180.000,00</p></td></tr><tr><td rowspan="1" colspan="1"><p>MG</p></td><td rowspan="1" colspan="1"><p>Uberaba</p></td><td rowspan="1" colspan="1"><p>317010</p></td><td rowspan="1" colspan="1"><p>UBERABA</p></td><td rowspan="1" colspan="1"><p>FUNDO MUNICIPAL DE SAUDE DE UBERABA</p></td><td rowspan="1" colspan="1"><p>Municipal</p></td><td rowspan="1" colspan="1"><p>2201666</p></td><td rowspan="1" colspan="1"><p>Banco de Leite Humano de Uberaba - CAISM</p></td><td rowspan="1" colspan="1"><p>15.000,00</p></td><td rowspan="1" colspan="1"><p>180.000,00</p></td></tr><tr><td rowspan="1" colspan="1"><p>MG</p></td><td rowspan="1" colspan="1"><p>Uberlândia</p></td><td rowspan="1" colspan="1"><p>317020</p></td><td rowspan="1" colspan="1"><p>UBERLANDIA</p></td><td rowspan="1" colspan="1"><p>FUNDO MUNICIPAL DE SAUDE</p></td><td rowspan="1" colspan="1"><p>Municipal</p></td><td rowspan="1" colspan="1"><p>2146355</p></td><td rowspan="1" colspan="1"><p>Banco de Leite Humano do Hospital de Clínicas de Uberlândia</p></td><td rowspan="1" colspan="1"><p>15.000,00</p></td><td rowspan="1" colspan="1"><p>180.000,00</p></td></tr><tr><td rowspan="1" colspan="1"><p>MG</p></td><td rowspan="1" colspan="1"><p>Varginha</p></td><td rowspan="1" colspan="1"><p>317070</p></td><td rowspan="1" colspan="1"><p>VARGINHA</p></td><td rowspan="1" colspan="1"><p>FUNDO MUNICIPAL DE SAUDE</p></td><td rowspan="1" colspan="1"><p>Municipal</p></td><td rowspan="1" colspan="1"><p>2761041</p></td><td rowspan="1" colspan="1"><p>Banco de Leite Humano de Varginha</p></td><td rowspan="1" colspan="1"><p>15.000,00</p></td><td rowspan="1" colspan="1"><p>180.000,00</p></td></tr><tr><td rowspan="1" colspan="1"><p>MG</p></td><td rowspan="1" colspan="1"><p>Viçosa</p></td><td rowspan="1" colspan="1"><p>317130</p></td><td rowspan="1" colspan="1"><p>VICOSA</p></td><td rowspan="1" colspan="1"><p>FUNDO MUNICIPAL DE SAUDE</p></td><td rowspan="1" colspan="1"><p>Municipal</p></td><td rowspan="1" colspan="1"><p>2099454</p></td><td rowspan="1" colspan="1"><p>Banco de Leite Humano do Hospital São Sebastião</p></td><td rowspan="1" colspan="1"><p>15.000,00</p></td><td rowspan="1" colspan="1"><p>180.000,00</p></td></tr><tr><td rowspan="1" colspan="1"><p>MS</p></td><td rowspan="1" colspan="1"><p>Campo Grande</p></td><td rowspan="1" colspan="1"><p>500270</p></td><td rowspan="1" colspan="1"><p>CAMPO GRANDE</p></td><td rowspan="1" colspan="1"><p>FUNDO MUNICIPAL DE SAUDE</p></td><td rowspan="1" colspan="1"><p>Municipal</p></td><td rowspan="1" colspan="1"><p>0009709</p></td><td rowspan="1" colspan="1"><p>Banco de Leite Humano do Hospital Universitário Maria Aparecida Pedrossian</p></td><td rowspan="1" colspan="1"><p>15.000,00</p></td><td rowspan="1" colspan="1"><p>180.000,00</p></td></tr><tr><td rowspan="1" colspan="1"><p>MS</p></td><td rowspan="1" colspan="1"><p>Campo Grande</p></td><td rowspan="1" colspan="1"><p>500270</p></td><td rowspan="1" colspan="1"><p>CAMPO GRANDE</p></td><td rowspan="1" colspan="1"><p>FUNDO MUNICIPAL DE SAUDE</p></td><td rowspan="1" colspan="1"><p>Municipal</p></td><td rowspan="1" colspan="1"><p>0009717</p></td><td rowspan="1" colspan="1"><p>Banco de Leite Humano Irmã Maria José Machado - Santa Casa Campo Grande - MS</p></td><td rowspan="1" colspan="1"><p>15.000,00</p></td><td rowspan="1" colspan="1"><p>180.000,00</p></td></tr><tr><td rowspan="1" colspan="1"><p>MS</p></td><td rowspan="1" colspan="1"><p>Campo Grande</p></td><td rowspan="1" colspan="1"><p>500270</p></td><td rowspan="1" colspan="1"><p>CAMPO GRANDE</p></td><td rowspan="1" colspan="1"><p>FUNDO ESPECIAL DE SAUDE</p></td><td rowspan="1" colspan="1"><p>Estadual</p></td><td rowspan="1" colspan="1"><p>0009725</p></td><td rowspan="1" colspan="1"><p>Banco de Leite Humano do Hospital Regional de Mato Grosso do Sul</p></td><td rowspan="1" colspan="1"><p>15.000,00</p></td><td rowspan="1" colspan="1"><p>180.000,00</p></td></tr><tr><td rowspan="1" colspan="1"><p>MS</p></td><td rowspan="1" colspan="1"><p>Campo Grande</p></td><td rowspan="1" colspan="1"><p>500270</p></td><td rowspan="1" colspan="1"><p>CAMPO GRANDE</p></td><td rowspan="1" colspan="1"><p>FUNDO MUNICIPAL DE SAUDE</p></td><td rowspan="1" colspan="1"><p>Municipal</p></td><td rowspan="1" colspan="1"><p>0009768</p></td><td rowspan="1" colspan="1"><p>Banco de Leite Humano Dr. João Aprígio</p></td><td rowspan="1" colspan="1"><p>15.000,00</p></td><td rowspan="1" colspan="1"><p>180.000,00</p></td></tr><tr><td rowspan="1" colspan="1"><p>MS</p></td><td rowspan="1" colspan="1"><p>Dourados</p></td><td rowspan="1" colspan="1"><p>500370</p></td><td rowspan="1" colspan="1"><p>DOURADOS</p></td><td rowspan="1" colspan="1"><p>FUNDO MUNICIPAL DE SAUDE DE DOURADOS</p></td><td rowspan="1" colspan="1"><p>Municipal</p></td><td rowspan="1" colspan="1"><p>2710935</p></td><td rowspan="1" colspan="1"><p>Banco de Leite Humano Hilda Bergo Duarte</p></td><td rowspan="1" colspan="1"><p>15.000,00</p></td><td rowspan="1" colspan="1"><p>180.000,00</p></td></tr><tr><td rowspan="1" colspan="1"><p>MT</p></td><td rowspan="1" colspan="1"><p>Cuiabá</p></td><td rowspan="1" colspan="1"><p>510340</p></td><td rowspan="1" colspan="1"><p>CUIABA</p></td><td rowspan="1" colspan="1"><p>FUNDO MUNICIPAL UNICO DE SAUDE DE CUIABA</p></td><td rowspan="1" colspan="1"><p>Municipal</p></td><td rowspan="1" colspan="1"><p>2655411</p></td><td rowspan="1" colspan="1"><p>Banco de Leite Humano do Hospital Universitário Júlio Muller</p></td><td rowspan="1" colspan="1"><p>15.000,00</p></td><td rowspan="1" colspan="1"><p>180.000,00</p></td></tr><tr><td rowspan="1" colspan="1"><p>MT</p></td><td rowspan="1" colspan="1"><p>Cuiabá</p></td><td rowspan="1" colspan="1"><p>510340</p></td><td rowspan="1" colspan="1"><p>CUIABA</p></td><td rowspan="1" colspan="1"><p>FUNDO ESTADUAL DE SAÚDE</p></td><td rowspan="1" colspan="1"><p>Municipal</p></td><td rowspan="1" colspan="1"><p>2659107</p></td><td rowspan="1" colspan="1"><p>Banco de Leite Humano Dr. José de Faria Vinagre</p></td><td rowspan="1" colspan="1"><p>15.000,00</p></td><td rowspan="1" colspan="1"><p>180.000,00</p></td></tr><tr><td rowspan="1" colspan="1"><p>MT</p></td><td rowspan="1" colspan="1"><p>Lucas do Rio Verde</p></td><td rowspan="1" colspan="1"><p>510525</p></td><td rowspan="1" colspan="1"><p>LUCAS DO RIO VERDE</p></td><td rowspan="1" colspan="1"><p>FUNDO MUNICIPAL DE SAUDE</p></td><td rowspan="1" colspan="1"><p>Municipal</p></td><td rowspan="1" colspan="1"><p>2767953</p></td><td rowspan="1" colspan="1"><p>Banco de Leite Humano do Hospital São Lucas</p></td><td rowspan="1" colspan="1"><p>15.000,00</p></td><td rowspan="1" colspan="1"><p>180.000,00</p></td></tr></table>]]></Texto>
  </body>
  <Midias />
</article></xml>