﻿<xml><article id="44732048" name="44 julho 2025" idOficio="11191179" pubName="DO1" artType="Retificação" pubDate="01/08/2025" artClass="00015:00027:00014:00001:00000:00000:00000:00000:00000:00000:00066:00000" artCategory="Ministério da Cultura/Instituto do Patrimônio Histórico e Artístico Nacional/Departamento de Ações Estratégicas e Intersetoriais/Centro Nacional de Arqueologia" artSize="12" artNotes="" numberPage="10" pdfPage="http://pesquisa.in.gov.br/imprensa/jsp/visualiza/index.jsp?data=01/08/2025&amp;jornal=515&amp;pagina=10" editionNumber="144" highlightType="" highlightPriority="" highlight="" highlightimage="" highlightimagename="" idMateria="22948424">
  <body>
    <Identifica><![CDATA[ RetificaçÕES]]></Identifica>
    <Data><![CDATA[]]></Data>
    <Ementa />
    <Titulo />
    <SubTitulo />
    <Texto><![CDATA[<p class="identifica">RetificaçÕES</p><p>Na Portaria nº 107, de 19 de dezembro de 2024, Seção 1, Anexo IV, Página 28, Autorização nº 01, processo nº 01506.001563/2021-20, publicada em 23/12/2024, onde se lê "Arqueólogo Coordenador de Campo: Nicollas Michell Bandim Fernandes", leia-se "Arqueólogo Coordenador de Campo: Gabriel Interaminense de Lucena".</p><p>Na Portaria nº 44, de 27 de maio de 2025, Seção 1, Anexo I, Página 12, Renovação nº 02, processo nº 01514.001983/2024-50, publicada em 28/05/2025, onde se lê "Arqueólogos Coordenadores: Adriano Batista de Carvalho e Maira Mendes Ferreira", leia-se "Arqueólogos Coordenadores: Adriano Batista de Carvalho, Maira Mendes Ferreira e Thaíse Sá Freire Rocha".</p><p>Na Portaria nº 53, de 23 de junho de 2025, Seção 1, Anexo III, Página 34, Autorização nº 15, processo nº 01450.010516/2024-11, publicada em 24/06/2025, onde se lê "Arqueólogo Coordenador de Campo: Edenir Bagio Perin", leia-se "Arqueólogos Coordenadores de Campo: Edenir Bagio Perine Francisco das Chagas Lopes Santos".</p><p>Na Portaria nº 23, de 20 de março de 2025, Seção I, Anexo V, Página 19, Autorização nº 24, processo nº 01425.000374/2022-11, publicada em 24/03/2025, onde se lê "Arqueóloga de Campo: Michelle Leão Pinheiro Bastos Dantas", leia-se "Arqueóloga de Campo: Michelle Leão Pinheiro Bastos Dantas e Rosângela Bezerra Alves".</p><p>Na Portaria nº 40, de 15 de maio de 2025, Seção I, Anexo IV, Página 27, Autorização nº 19, processo nº 01401.000286/2022-97, publicada em 16/05/2025, onde se lê "Arqueólogas coordenadoras de Campo: Márcia Rodrigues Santos e Daniela Alves de Araújo", leia-se "Arqueólogos coordenadores de Campo: Márcia Rodrigues Santos e Alex Teles dos Santos Silva".</p><p class="assina">Jeanne Cristina Menezes Crespo</p><p class="cargo">Diretora</p>]]></Texto>
  </body>
  <Midias />
</article></xml>