﻿<xml><article id="44716912" name="PIN 34022025081214h (Extraordina" idOficio="11188386" pubName="DO1" artType="Pauta" pubDate="01/08/2025" artClass="00028:00015:00003:00007:00003:00000:00000:00000:00000:00000:00053:00000" artCategory="Ministério da Fazenda/Conselho Administrativo de Recursos Fiscais/3ª Seção/4ª Câmara/2ª Turma Ordinária" artSize="12" artNotes="" numberPage="27" pdfPage="http://pesquisa.in.gov.br/imprensa/jsp/visualiza/index.jsp?data=01/08/2025&amp;jornal=515&amp;pagina=27" editionNumber="144" highlightType="" highlightPriority="" highlight="" highlightimage="" highlightimagename="" idMateria="22944175">
  <body>
    <Identifica><![CDATA[ PAUTA DE JULGAMENTO]]></Identifica>
    <Data><![CDATA[]]></Data>
    <Ementa />
    <Titulo />
    <SubTitulo />
    <Texto><![CDATA[<p class="identifica">PAUTA DE JULGAMENTO</p><p>Data da Reunião: 12/08/2025</p><p>Pauta extraordinária de julgamento dos recursos da 2ª Turma Ordinária da 4ª Câmara da 3ª Seção, em sessão síncrona não presencial a ser realizada na data a seguir mencionada.</p><p>OBSERVAÇÕES:</p><p>1) Solicitações ou envios de sustentação oral e memorial devem ser feitos até 2 (dois) dias úteis antes do início da reunião mensal de julgamento da turma, independentemente da sessão em que o processo tenha sido agendado;</p><p>1.1) É permitido realizar sustentação oral;</p><p>a) em tempo real por meio de videoconferência ou tecnologia similar; ou</p><p>b) por meio de postagem de vídeo ou áudio no Centro de Atendimento Virtual da Receita Federal - e-CAC.</p><p>1.2) Serão desconsiderados a sustentação oral e o memorial cujos arquivos transmitidos não atendam à duração e aos requisitos previstos, respectivamente, no art. 11, e no art. 12 da Portaria CARF/MF nº 1.240, de 2 de agosto de 2024;</p><p>2) Solicitações de transferência ou retirada de pauta devem ser enviadas até 4 (quatro) dias úteis antes do início da reunião mensal de julgamento da turma, independentemente da sessão em que o processo tenha sido agendado;</p><p>3) As sessões de julgamento serão transmitidas ao vivo no canal do CARF na internet no seguinte endereço: https://www.youtube.com/channel/UCXuwg-xPYjmdGcqCk4rdvRg;e</p><p>4) Os julgamentos adiados, dentro da mesma reunião, serão realizados independentemente de nova publicação.</p><p>DIA 12 de Agosto de 2025, ÀS 14:00 HORAS</p><p>Relator(a): CYNTHIA ELENA DE CAMPOS</p><p>1 - Processo nº: 10283.722199/2021-98 - Recorrente: PANIMEX COMERCIAL LTDA e Interessado: FAZENDA NACIONAL</p><p>2 - Processo nº: 10073.002671/2008-71 - Recorrente: PEUGEOT-CITROEN DO BRASIL AUTOMOVEIS LTDA e Interessado: FAZENDA NACIONAL</p><p class="assina">Arnaldo Diefenthaeler Dornelles</p><p class="cargo">Presidente da 2ª Turma Ordinária</p>]]></Texto>
  </body>
  <Midias />
</article></xml>