﻿<xml><article id="44734924" name="7610 RET IFICACAO 25000.09424920" idOficio="11191335" pubName="DO1" artType="Retificação" pubDate="01/08/2025" artClass="00047:00001:00000:00000:00000:00000:00000:00000:00000:00000:00066:00000" artCategory="Ministério da Saúde/Gabinete do Ministro" artSize="24" artNotes="" numberPage="118" pdfPage="http://pesquisa.in.gov.br/imprensa/jsp/visualiza/index.jsp?data=01/08/2025&amp;jornal=515&amp;pagina=118" editionNumber="144" highlightType="" highlightPriority="" highlight="" highlightimage="" highlightimagename="" idMateria="22948674">
  <body>
    <Identifica><![CDATA[ Retificação]]></Identifica>
    <Data><![CDATA[]]></Data>
    <Ementa />
    <Titulo />
    <SubTitulo />
    <Texto><![CDATA[<p class="identifica">Retificação</p><p>Na Portaria GM/MS nº 7.610, de 25 de julho de 2025, publicada no Diário Oficial da União nº 140, de 28 de julho de 2024,Seção 1, Pág. 145.</p><p>ANEXO</p><p>Onde se lê:</p><p /><p></p><table><tr /><tr><td rowspan="1" colspan="1"><p>UF</p></td><td rowspan="1" colspan="1"><p>IBGE</p></td><td rowspan="1" colspan="1"><p>MUNICÍPIO</p></td><td rowspan="1" colspan="3"><p>PROGRAMA DE TRABALHO</p></td></tr><tr><td rowspan="1" colspan="1"><p></p></td><td rowspan="1" colspan="1"><p></p></td><td rowspan="1" colspan="1"><p></p></td><td rowspan="1" colspan="1"><p>10.305.5123.20AL</p></td><td rowspan="1" colspan="1"><p>10.301.5119.219A</p></td><td rowspan="1" colspan="1"><p>10.302.5118.8585</p></td></tr><tr><td rowspan="1" colspan="1"><p>MG</p></td><td rowspan="1" colspan="1"><p>350160</p></td><td rowspan="1" colspan="1"><p>ITAMONTE</p></td><td rowspan="1" colspan="1"><p>R$ 6.458,61</p></td><td rowspan="1" colspan="1"><p>R$ 25.459,00</p></td><td rowspan="1" colspan="1"><p>R$ 1.720,00</p></td></tr><tr><td rowspan="1" colspan="3"><p>TOTAL GERAL</p></td><td rowspan="1" colspan="3"><p>R$ 33.637,61</p></td></tr></table><p>Leia-se:</p><p /><p></p><table><tr /><tr><td rowspan="1" colspan="1"><p>UF</p></td><td rowspan="1" colspan="1"><p>IBGE</p></td><td rowspan="1" colspan="1"><p>MUNICÍPIO</p></td><td rowspan="1" colspan="3"><p>PROGRAMA DE TRABALHO</p></td></tr><tr><td rowspan="1" colspan="1"><p></p></td><td rowspan="1" colspan="1"><p></p></td><td rowspan="1" colspan="1"><p></p></td><td rowspan="1" colspan="1"><p>10.305.5123.20AL</p></td><td rowspan="1" colspan="1"><p>10.301.5119.219A</p></td><td rowspan="1" colspan="1"><p>10.302.5118.8585</p></td></tr><tr><td rowspan="1" colspan="1"><p>MG</p></td><td rowspan="1" colspan="1"><p>313300</p></td><td rowspan="1" colspan="1"><p>ITAMONTE</p></td><td rowspan="1" colspan="1"><p>R$ 6.458,61</p></td><td rowspan="1" colspan="1"><p>R$ 25.459,00</p></td><td rowspan="1" colspan="1"><p>R$ 1.720,00</p></td></tr><tr><td rowspan="1" colspan="3"><p>TOTAL GERAL</p></td><td rowspan="1" colspan="3"><p>R$ 33.637,61</p></td></tr></table>]]></Texto>
  </body>
  <Midias />
</article></xml>