﻿<xml><article id="44730265" name="Res_Desp_2.171_2025_STE__02BATR" idOficio="11190983" pubName="DO1" artType="Despacho" pubDate="01/08/2025" artClass="00035:00043:00026:00000:00000:00000:00000:00000:00000:00000:00024:00000" artCategory="Ministério de Minas e Energia/Agência Nacional de Energia Elétrica/Superintendência de Inovação e Transição Energética" artSize="12" artNotes="" numberPage="71" pdfPage="http://pesquisa.in.gov.br/imprensa/jsp/visualiza/index.jsp?data=01/08/2025&amp;jornal=515&amp;pagina=71" editionNumber="144" highlightType="" highlightPriority="" highlight="" highlightimage="" highlightimagename="" idMateria="22947875">
  <body>
    <Identifica><![CDATA[ DESPACHO Nº 2.171, DE 21 DE JULHO DE 2025]]></Identifica>
    <Data><![CDATA[]]></Data>
    <Ementa />
    <Titulo />
    <SubTitulo />
    <Texto><![CDATA[<p class="identifica">DESPACHO Nº 2.171, DE 21 DE JULHO DE 2025</p><p>Processo n.º: 48500.023132/2025-61. Interessado: Enel Distribuição São Paulo S.A. , CNPJ: 61.695.227/0001-93, Decisão: (i) reconhecer o total de R$ 1.984.117,62 (um milhão, novecentos e oitenta e quatro mil, cento e dezessete reais e sessenta e dois centavos); referente à realização do Projeto de Eficiência Energética, PE-00390- 1056/2017; e (ii) declarar o encerramento deste projeto. A íntegra deste Despacho consta dos autos e estará disponível em http://biblioteca.aneel.gov.br.</p><p class="assina">PAULO LUCIANO DE CARVALHO</p><p class="cargo">Superintendente</p>]]></Texto>
  </body>
  <Midias />
</article></xml>