﻿<xml><article id="44727404" name="Acordao 506" idOficio="11190417" pubName="DO1" artType="Acórdão" pubDate="01/08/2025" artClass="00041:00020:00000:00000:00000:00000:00000:00000:00000:00000:00002:00000" artCategory="Ministério de Portos e Aeroportos/Agência Nacional de Transportes Aquaviários" artSize="12" artNotes="" numberPage="99" pdfPage="http://pesquisa.in.gov.br/imprensa/jsp/visualiza/index.jsp?data=01/08/2025&amp;jornal=515&amp;pagina=99" editionNumber="144" highlightType="" highlightPriority="" highlight="" highlightimage="" highlightimagename="" idMateria="22946980">
  <body>
    <Identifica><![CDATA[ ACÓRDÃO Nº 506-2025-ANTAQ]]></Identifica>
    <Data><![CDATA[]]></Data>
    <Ementa />
    <Titulo />
    <SubTitulo />
    <Texto><![CDATA[<p class="identifica">ACÓRDÃO Nº 506-2025-ANTAQ</p><p>1. Processo: 50300.004747/2025-97</p><p>2. Interessados: Agência Nacional de Transportes Aquaviários e Fundação Universidade Federal do Maranhão</p><p>3. Relator: Caio Farias</p><p>4. Unidade Técnica: Superintendência de ESG e Inovação</p><p>5. Acórdão:</p><p>VISTOS, relatados e discutidos os presentes autos que tratam da proposta de celebração de Acordo de Cooperação Técnica junto à Fundação Universidade Federal do Maranhão, com o objetivo de elaborar o relatório de Riscos Globais Portuário - Brasil edição 2025,</p><p>ACORDAM os Diretores da Agência Nacional de Transportes Aquaviários, reunidos para a Reunião Ordinária de Diretoria Colegiada de nº 591, ante as razões expostas pelo Relator, em:</p><p>5.1. aprovar a proposta de celebração de Acordo de Cooperação Técnica entre a ANTAQ e a Fundação Universidade Federal do Maranhão, nos termos do documento SEI nº 2621576; e</p><p>5.2. cientificar a Fundação Universidade Federal do Maranhão acerca da presente decisão.</p><p>6. Data da Reunião: 31/07/2025 - Telepresencial.</p><p>7. Especificação do quórum:</p><p>7.1. Diretores presentes: Caio Farias (Presidente e Relator), Flávia Takafashi e Alber Vasconcelos.</p><p class="assina">Caio Farias</p><p class="cargo">Diretor-Geral</p><p class="cargo">Substituto</p>]]></Texto>
  </body>
  <Midias />
</article></xml>