﻿<xml><article id="44725250" name="PORTARIA MPA NA 496 DE 29 DE JUL" idOficio="11189950" pubName="DO1" artType="Portaria" pubDate="01/08/2025" artClass="00038:00001:00000:00000:00000:00000:00000:00000:00000:00000:00054:00000" artCategory="Ministério da Pesca e Aquicultura/Gabinete do Ministro" artSize="12" artNotes="" numberPage="85" pdfPage="http://pesquisa.in.gov.br/imprensa/jsp/visualiza/index.jsp?data=01/08/2025&amp;jornal=515&amp;pagina=85" editionNumber="144" highlightType="" highlightPriority="" highlight="" highlightimage="" highlightimagename="" idMateria="22946210">
  <body>
    <Identifica><![CDATA[ PORTARIA MPA Nº 496, DE 29 DE JULHO DE 2025 (*)]]></Identifica>
    <Data><![CDATA[]]></Data>
    <Ementa><![CDATA[ Altera a Portaria nº 397, de 26 de dezembro de 2024, do Ministério da Pesca e Aquicultura que estabelece os procedimentos, os critérios e o cronograma para a execução do Programa Nacional de Regularização de Embarcação de Pesca - PROPESC.]]></Ementa>
    <Titulo />
    <SubTitulo />
    <Texto><![CDATA[<p class="identifica">PORTARIA MPA Nº 496, DE 29 DE JULHO DE 2025 (*)</p><p class="ementa">Altera a Portaria nº 397, de 26 de dezembro de 2024, do Ministério da Pesca e Aquicultura que estabelece os procedimentos, os critérios e o cronograma para a execução do Programa Nacional de Regularização de Embarcação de Pesca - PROPESC.</p><p>O MINISTRO DE ESTADO DA PESCA E AQUICULTURA, no uso das atribuições que lhe confere o art. 87, parágrafo único, inciso II, da Constituição e em vista do disposto na Lei nº 11.959, de 29 de junho de 2009, no Decreto nº 8.425, de 31 de março de 2015, no Decreto nº 12.336, de 20 de dezembro de 2024, na Portaria nº 1.239, de 1º de setembro de 2022, da Secretaria de Aquicultura e Pesca do Ministério da Agricultura, Pecuária e Abastecimento, e o que consta do processo nº 00350.064043/2024-29, resolve:</p><p>Art. 1º A Portaria nº 397, de 26 de dezembro de 2024 do Ministério da Pesca e Aquicultura, passa a vigorar com as seguintes alterações:</p><p>"Art. 8º .................................................................................................................</p><p>Parágrafo único. O NGE terá a seguinte estrutura:</p><p>I - Gerência Administrativa:</p><p>a) Coordenação técnica; e</p><p>b) Coordenação administrativa.</p><p>II - Gerência de análise:</p><p>a) Coordenação de análise de Registro;</p><p>b) Coordenação de análise de Monitoramento;</p><p>c) Coordenação de análise de Ordenamento da pesca Artesanal; e</p><p>d) Coordenação de análise de Ordenamento da pesca Industrial; e</p><p>III - Gerência de vistoria:</p><p>a) Coordenação de Norte e Nordeste; e</p><p>b) Coordenação Sudeste e Sul.</p><p>...................................................................................................................." (NR)</p><p>"Art. 32. No âmbito do PROPESC, a primeira instância será representada pelo Diretor do Departamento de Registro e Monitoramento da Pesca e Aquicultura e a segunda instância, caberá ao Secretário da Secretaria Nacional de Registro, Monitoramento e Pesquisa da Pesca e Aquicultura." (NR)</p><p>" ANEXO I</p><p>CRONOGRAMA DA REALIZAÇÃO DAS VISTORIAS PÚBLICAS a ser realizada por agente vistoriador público do Ministério da Pesca e Aquicultura</p><p /><p></p><table><tr /><tr><td rowspan="1" colspan="1"><p>ITEM</p></td><td rowspan="1" colspan="1"><p>ESTADOS</p></td><td rowspan="1" colspan="1"><p>MODALIDADE DE PERMISSIONAMENTO</p></td><td rowspan="1" colspan="1"><p>PERÍODO DE REALIZAÇÃO DA VISTORIA PÚBLICA</p></td></tr><tr><td rowspan="1" colspan="1"><p>1</p></td><td rowspan="1" colspan="1"><p>SANTA CATARINA</p></td><td rowspan="1" colspan="1"><p>TODAS</p></td><td rowspan="1" colspan="1"><p>02/06/2025 a 23/08/2025</p></td></tr><tr><td rowspan="1" colspan="1"><p>2</p></td><td rowspan="1" colspan="1"><p>PARANÁ</p></td><td rowspan="1" colspan="1"><p>TODAS</p></td><td rowspan="1" colspan="1"><p>06/10/2025 a 31/10/2025</p></td></tr><tr><td rowspan="1" colspan="1"><p>3</p></td><td rowspan="1" colspan="1"><p>RIO GRANDE DO NORTE</p></td><td rowspan="1" colspan="1"><p>TODAS</p></td><td rowspan="1" colspan="1"><p>01/12/2025 a 05/12/2025</p></td></tr><tr><td rowspan="1" colspan="1"><p>4</p></td><td rowspan="1" colspan="1"><p>PERNAMBUCO</p></td><td rowspan="1" colspan="1"><p>TODAS</p></td><td rowspan="1" colspan="1"><p>01/12/2025 a 05/12/2025</p></td></tr><tr><td rowspan="1" colspan="1"><p>5</p></td><td rowspan="1" colspan="1"><p>PARAÍBA</p></td><td rowspan="1" colspan="1"><p>TODAS</p></td><td rowspan="1" colspan="1"><p>01/12/2025 a 03/12/2025</p></td></tr><tr><td rowspan="1" colspan="1"><p>6</p></td><td rowspan="1" colspan="1"><p>PARÁ</p></td><td rowspan="1" colspan="1"><p>TODAS</p></td><td rowspan="1" colspan="1"><p>01/12/2025 a 12/12/2025</p></td></tr><tr><td rowspan="1" colspan="1"><p>7</p></td><td rowspan="1" colspan="1"><p>PIAUÍ</p></td><td rowspan="1" colspan="1"><p>TODAS</p></td><td rowspan="1" colspan="1"><p>01/12/2025 a 12/12/2025</p></td></tr><tr><td rowspan="1" colspan="1"><p>8</p></td><td rowspan="1" colspan="1"><p>SERGIPE</p></td><td rowspan="1" colspan="1"><p>TODAS</p></td><td rowspan="1" colspan="1"><p>01/12/2025 a 19/12/2025</p></td></tr><tr><td rowspan="1" colspan="1"><p>9</p></td><td rowspan="1" colspan="1"><p>BAHIA</p></td><td rowspan="1" colspan="1"><p>TODAS</p></td><td rowspan="1" colspan="1"><p>01/12/2025 a 19/12/2025</p></td></tr><tr><td rowspan="1" colspan="1"><p>10</p></td><td rowspan="1" colspan="1"><p>AMAPÁ</p></td><td rowspan="1" colspan="1"><p>TODAS</p></td><td rowspan="1" colspan="1"><p>15/12/2025 a 16/12/2025</p></td></tr><tr><td rowspan="1" colspan="4"><p></p></td></tr><tr><td rowspan="1" colspan="1"><p>11</p></td><td rowspan="1" colspan="1"><p>CEARÁ</p></td><td rowspan="1" colspan="1"><p>TODAS</p></td><td rowspan="1" colspan="1"><p>13/04/2026 a 24/04/2026</p></td></tr><tr><td rowspan="1" colspan="1"><p>12</p></td><td rowspan="1" colspan="1"><p>ALAGOAS</p></td><td rowspan="1" colspan="1"><p>TODAS</p></td><td rowspan="1" colspan="1"><p>13/04/2026 a 24/04/2026</p></td></tr><tr><td rowspan="1" colspan="1"><p>13</p></td><td rowspan="1" colspan="1"><p>ESPÍRITO SANTO</p></td><td rowspan="1" colspan="1"><p>TODAS</p></td><td rowspan="1" colspan="1"><p>18/05/2026 a 29/05/2026</p></td></tr><tr><td rowspan="1" colspan="1"><p>14</p></td><td rowspan="1" colspan="1"><p>SÃO PAULO</p></td><td rowspan="1" colspan="1"><p>TODAS</p></td><td rowspan="1" colspan="1"><p>22/06/2026 a 17/07/2026</p></td></tr><tr><td rowspan="1" colspan="1"><p>15</p></td><td rowspan="1" colspan="1"><p>RIO DE JANEIRO</p></td><td rowspan="1" colspan="1"><p>TODAS</p></td><td rowspan="1" colspan="1"><p>03/08/2026 a 21/08/2026</p></td></tr><tr><td rowspan="1" colspan="1"><p>16</p></td><td rowspan="1" colspan="1"><p>RIO GRANDE DO SUL</p></td><td rowspan="1" colspan="1"><p>TODAS</p></td><td rowspan="1" colspan="1"><p>14/09/2026 a 25/09/2026</p></td></tr></table><p>ANEXO II</p><p>CRONOGRAMA DA REALIZAÇÃO DAS CAPACITAÇÕES</p><p /><p></p><table><tr /><tr><td rowspan="1" colspan="1"><p>ITEM</p></td><td rowspan="1" colspan="1"><p>ESTADOS</p></td><td rowspan="1" colspan="1"><p>MODALIDADE DE PERMISSIONAMENTO</p></td><td rowspan="1" colspan="1"><p>PERÍODO DE REALIZAÇÃO DA CAPACITAÇÃO</p></td></tr><tr><td rowspan="1" colspan="1"><p>1</p></td><td rowspan="1" colspan="1"><p>SANTA CATARINA</p></td><td rowspan="1" colspan="1"><p>TODAS</p></td><td rowspan="1" colspan="1"><p>06/04/2026 a 10/04/2026</p></td></tr><tr><td rowspan="1" colspan="1"><p>2</p></td><td rowspan="1" colspan="1"><p>RIO DE JANEIRO</p></td><td rowspan="1" colspan="1"><p>TODAS</p></td><td rowspan="1" colspan="1"><p>13/04/2026 a 17/04/2026</p></td></tr><tr><td rowspan="1" colspan="1"><p>3</p></td><td rowspan="1" colspan="1"><p>PARÁ</p></td><td rowspan="1" colspan="1"><p>TODAS</p></td><td rowspan="1" colspan="1"><p>20/04/2026 a 24/04/2026</p></td></tr><tr><td rowspan="1" colspan="1"><p>4</p></td><td rowspan="1" colspan="1"><p>SERGIPE</p></td><td rowspan="1" colspan="1"><p>TODAS</p></td><td rowspan="1" colspan="1"><p>27/04/2026 a 01/05/2026</p></td></tr><tr><td rowspan="1" colspan="1"><p>5</p></td><td rowspan="1" colspan="1"><p>PIAUÍ</p></td><td rowspan="1" colspan="1"><p>TODAS</p></td><td rowspan="1" colspan="1"><p>04/05/2026 a 08/05/2026</p></td></tr><tr><td rowspan="1" colspan="1"><p>6</p></td><td rowspan="1" colspan="1"><p>PARAÍBA</p></td><td rowspan="1" colspan="1"><p>TODAS</p></td><td rowspan="1" colspan="1"><p>11/05/2026 a 15/05/2026</p></td></tr><tr><td rowspan="1" colspan="1"><p>7</p></td><td rowspan="1" colspan="1"><p>PERNAMBUCO</p></td><td rowspan="1" colspan="1"><p>TODAS</p></td><td rowspan="1" colspan="1"><p>18/05/2026 a 22/05/2026</p></td></tr><tr><td rowspan="1" colspan="1"><p>8</p></td><td rowspan="1" colspan="1"><p>MARANHÃO</p></td><td rowspan="1" colspan="1"><p>TODAS</p></td><td rowspan="1" colspan="1"><p>25/05/2026 a 29/05/2026</p></td></tr><tr><td rowspan="1" colspan="1"><p>9</p></td><td rowspan="1" colspan="1"><p>AMAPÁ</p></td><td rowspan="1" colspan="1"><p>TODAS</p></td><td rowspan="1" colspan="1"><p>01/06/2026 a 05/06/2026</p></td></tr><tr><td rowspan="1" colspan="1"><p>10</p></td><td rowspan="1" colspan="1"><p>RIO GRANDE DO NORTE</p></td><td rowspan="1" colspan="1"><p>TODAS</p></td><td rowspan="1" colspan="1"><p>08/06/2026 a 12/06/2026</p></td></tr><tr><td rowspan="1" colspan="1"><p>11</p></td><td rowspan="1" colspan="1"><p>BAHIA</p></td><td rowspan="1" colspan="1"><p>TODAS</p></td><td rowspan="1" colspan="1"><p>15/06/2026 a 19/06/2026</p></td></tr><tr><td rowspan="1" colspan="1"><p>12</p></td><td rowspan="1" colspan="1"><p>CEARÁ</p></td><td rowspan="1" colspan="1"><p>TODAS</p></td><td rowspan="1" colspan="1"><p>22/06/2026 a 26/06/2026</p></td></tr><tr><td rowspan="1" colspan="1"><p>13</p></td><td rowspan="1" colspan="1"><p>ALAGOAS</p></td><td rowspan="1" colspan="1"><p>TODAS</p></td><td rowspan="1" colspan="1"><p>29/06/2026 a 03/07/2026</p></td></tr><tr><td rowspan="1" colspan="1"><p>14</p></td><td rowspan="1" colspan="1"><p>ESPÍRITO SANTO</p></td><td rowspan="1" colspan="1"><p>TODAS</p></td><td rowspan="1" colspan="1"><p>06/07/2026 a 10/07/2026</p></td></tr><tr><td rowspan="1" colspan="1"><p>15</p></td><td rowspan="1" colspan="1"><p>SÃO PAULO</p></td><td rowspan="1" colspan="1"><p>TODAS</p></td><td rowspan="1" colspan="1"><p>13/07/2026 a 17/07/2026</p></td></tr><tr><td rowspan="1" colspan="1"><p>16</p></td><td rowspan="1" colspan="1"><p>PARANÁ</p></td><td rowspan="1" colspan="1"><p>TODAS</p></td><td rowspan="1" colspan="1"><p>20/07/2026 a 24/07/2026</p></td></tr><tr><td rowspan="1" colspan="1"><p>17</p></td><td rowspan="1" colspan="1"><p>RIO GRANDE DO SUL</p></td><td rowspan="1" colspan="1"><p>TODAS</p></td><td rowspan="1" colspan="1"><p>27/07/2026 a 31/07/2026</p></td></tr></table><p>...(NR)</p><p>Art. 2º Os Anexos II e III da Portaria nº 397, de 26 de dezembro de 2024 do Ministério da Pesca e Aquicultura, passam a vigorar na forma dos Anexos I e II desta Portaria.</p><p>Art. 3º Esta Portaria entra em vigor na data de sua publicação.</p><p class="assina">ANDRÉ DE PAULA</p><p class="nota">Republicada por ter saído, no DOU nº 142, de 30-7-2025, Seção 1, pág. 221, com incorreção do original.</p>]]></Texto>
  </body>
  <Midias />
</article></xml>