﻿<xml><article id="44735819" name="Portaria FP 31 07 2025 Descreden" idOficio="11191432" pubName="DO1" artType="Despacho" pubDate="01/08/2025" artClass="00047:00039:00000:00000:00000:00000:00000:00000:00000:00000:00024:00000" artCategory="Ministério da Saúde/Secretaria de Ciência, Tecnologia e Inovação e do Complexo Econômico-Industrial da Saúde" artSize="24" artNotes="" numberPage="143" pdfPage="http://pesquisa.in.gov.br/imprensa/jsp/visualiza/index.jsp?data=01/08/2025&amp;jornal=515&amp;pagina=143" editionNumber="144" highlightType="" highlightPriority="" highlight="" highlightimage="" highlightimagename="" idMateria="22948776">
  <body>
    <Identifica />
    <Data><![CDATA[]]></Data>
    <Ementa />
    <Titulo />
    <SubTitulo />
    <Texto><![CDATA[<p /><p></p><table><tr /><tr><td rowspan="1" colspan="1"><p>1947</p></td><td rowspan="1" colspan="1"><p>02727678000104</p></td><td rowspan="1" colspan="1"><p>FARMACIA BEM VIVER LTDA</p></td><td rowspan="1" colspan="1"><p>PR</p></td><td rowspan="1" colspan="1"><p>PONTA GROSSA</p></td><td rowspan="1" colspan="1"><p>25000185502200626</p></td></tr><tr><td rowspan="1" colspan="1"><p>1948</p></td><td rowspan="1" colspan="1"><p>11916650000289</p></td><td rowspan="1" colspan="1"><p>FARMACIA SANTOLAIA LTDA</p></td><td rowspan="1" colspan="1"><p>PR</p></td><td rowspan="1" colspan="1"><p>PONTA GROSSA</p></td><td rowspan="1" colspan="1"><p>25000128513201095</p></td></tr><tr><td rowspan="1" colspan="1"><p>1949</p></td><td rowspan="1" colspan="1"><p>09148908000111</p></td><td rowspan="1" colspan="1"><p>GLAPINSKI &amp; MORAES - COMERCIO DE MEDICAMENTOS LTDA</p></td><td rowspan="1" colspan="1"><p>PR</p></td><td rowspan="1" colspan="1"><p>PONTA GROSSA</p></td><td rowspan="1" colspan="1"><p>25000006395200921</p></td></tr><tr><td rowspan="1" colspan="1"><p>1950</p></td><td rowspan="1" colspan="1"><p>10404496000201</p></td><td rowspan="1" colspan="1"><p>JRBV COMERCIO DE MEDICAMENTOS LTDA</p></td><td rowspan="1" colspan="1"><p>PR</p></td><td rowspan="1" colspan="1"><p>PONTA GROSSA</p></td><td rowspan="1" colspan="1"><p>25000034336200943</p></td></tr><tr><td rowspan="1" colspan="1"><p>1951</p></td><td rowspan="1" colspan="1"><p>81257057000172</p></td><td rowspan="1" colspan="1"><p>MAGISTRALIS DISPENSACAO FARMACEUTICA LTDA</p></td><td rowspan="1" colspan="1"><p>PR</p></td><td rowspan="1" colspan="1"><p>PONTA GROSSA</p></td><td rowspan="1" colspan="1"><p>25000103075201303</p></td></tr><tr><td rowspan="1" colspan="1"><p>1952</p></td><td rowspan="1" colspan="1"><p>04428040000190</p></td><td rowspan="1" colspan="1"><p>PONTA GROSSA COMERCIAL FARMACEUTICA LTDA</p></td><td rowspan="1" colspan="1"><p>PR</p></td><td rowspan="1" colspan="1"><p>PONTA GROSSA</p></td><td rowspan="1" colspan="1"><p>25000088145201035</p></td></tr><tr><td rowspan="1" colspan="1"><p>1953</p></td><td rowspan="1" colspan="1"><p>10651299000106</p></td><td rowspan="1" colspan="1"><p>V J RODACKI &amp; CIA LTDA</p></td><td rowspan="1" colspan="1"><p>PR</p></td><td rowspan="1" colspan="1"><p>PORTO BARREIRO</p></td><td rowspan="1" colspan="1"><p>25000212941201003</p></td></tr><tr><td rowspan="1" colspan="1"><p>1954</p></td><td rowspan="1" colspan="1"><p>80637044000166</p></td><td rowspan="1" colspan="1"><p>E. G. BOBATO &amp; CIA LTDA</p></td><td rowspan="1" colspan="1"><p>PR</p></td><td rowspan="1" colspan="1"><p>PRUDENTOPOLIS</p></td><td rowspan="1" colspan="1"><p>25000009916201117</p></td></tr><tr><td rowspan="1" colspan="1"><p>1955</p></td><td rowspan="1" colspan="1"><p>05580860000327</p></td><td rowspan="1" colspan="1"><p>LEOMAR KACZAROUSKI &amp; CIA LTDA</p></td><td rowspan="1" colspan="1"><p>PR</p></td><td rowspan="1" colspan="1"><p>PRUDENTOPOLIS</p></td><td rowspan="1" colspan="1"><p>25000115994201079</p></td></tr><tr><td rowspan="1" colspan="1"><p>1956</p></td><td rowspan="1" colspan="1"><p>14316101000180</p></td><td rowspan="1" colspan="1"><p>CESAR AUGUSTO FABRIS</p></td><td rowspan="1" colspan="1"><p>PR</p></td><td rowspan="1" colspan="1"><p>REBOUCAS</p></td><td rowspan="1" colspan="1"><p>25000039431201239</p></td></tr><tr><td rowspan="1" colspan="1"><p>1957</p></td><td rowspan="1" colspan="1"><p>03650053000308</p></td><td rowspan="1" colspan="1"><p>FARMACIA SUPRA FARMA LTDA.</p></td><td rowspan="1" colspan="1"><p>PR</p></td><td rowspan="1" colspan="1"><p>RESERVA DO IGUACU</p></td><td rowspan="1" colspan="1"><p>25000132784201398</p></td></tr><tr><td rowspan="1" colspan="1"><p>1958</p></td><td rowspan="1" colspan="1"><p>76651744000138</p></td><td rowspan="1" colspan="1"><p>FARMACIA RIBEIRAO CLARO LTDA</p></td><td rowspan="1" colspan="1"><p>PR</p></td><td rowspan="1" colspan="1"><p>RIBEIRAO CLARO</p></td><td rowspan="1" colspan="1"><p>25000077713200696</p></td></tr><tr><td rowspan="1" colspan="1"><p>1959</p></td><td rowspan="1" colspan="1"><p>81204877000104</p></td><td rowspan="1" colspan="1"><p>MARIA JOANA DA COSTA &amp; CIA LTDA</p></td><td rowspan="1" colspan="1"><p>PR</p></td><td rowspan="1" colspan="1"><p>RIBEIRAO DO PINHAL</p></td><td rowspan="1" colspan="1"><p>25000022623200919</p></td></tr><tr><td rowspan="1" colspan="1"><p>1960</p></td><td rowspan="1" colspan="1"><p>10657853000154</p></td><td rowspan="1" colspan="1"><p>CINTIA DOMINO SANTOS - FARMACIA</p></td><td rowspan="1" colspan="1"><p>PR</p></td><td rowspan="1" colspan="1"><p>RIO AZUL</p></td><td rowspan="1" colspan="1"><p>25000059906201394</p></td></tr><tr><td rowspan="1" colspan="1"><p>1961</p></td><td rowspan="1" colspan="1"><p>02596267000380</p></td><td rowspan="1" colspan="1"><p>FARMACIA E DROGARIA VITAL DE RIO NEGRO LTDA</p></td><td rowspan="1" colspan="1"><p>PR</p></td><td rowspan="1" colspan="1"><p>RIO NEGRO</p></td><td rowspan="1" colspan="1"><p>25000214771200879</p></td></tr><tr><td rowspan="1" colspan="1"><p>1962</p></td><td rowspan="1" colspan="1"><p>17331025000170</p></td><td rowspan="1" colspan="1"><p>C. FALCE - FARMACIA</p></td><td rowspan="1" colspan="1"><p>PR</p></td><td rowspan="1" colspan="1"><p>ROLANDIA</p></td><td rowspan="1" colspan="1"><p>25000107873201304</p></td></tr><tr><td rowspan="1" colspan="1"><p>1963</p></td><td rowspan="1" colspan="1"><p>07594372000132</p></td><td rowspan="1" colspan="1"><p>CARREIRA &amp; PIRES LTDA</p></td><td rowspan="1" colspan="1"><p>PR</p></td><td rowspan="1" colspan="1"><p>ROLANDIA</p></td><td rowspan="1" colspan="1"><p>25000023686200984</p></td></tr><tr><td rowspan="1" colspan="1"><p>1964</p></td><td rowspan="1" colspan="1"><p>04424235000242</p></td><td rowspan="1" colspan="1"><p>PRIMAFLORA -COMERCIO DE PRODUTOS FARMACEUTICOS LTDA</p></td><td rowspan="1" colspan="1"><p>PR</p></td><td rowspan="1" colspan="1"><p>ROLANDIA</p></td><td rowspan="1" colspan="1"><p>25000077660200611</p></td></tr><tr><td rowspan="1" colspan="1"><p>1965</p></td><td rowspan="1" colspan="1"><p>79159513000108</p></td><td rowspan="1" colspan="1"><p>FABRICIO M. DE SOUZA - FARMACIA LTDA</p></td><td rowspan="1" colspan="1"><p>PR</p></td><td rowspan="1" colspan="1"><p>SANTA INES</p></td><td rowspan="1" colspan="1"><p>25000218342201095</p></td></tr><tr><td rowspan="1" colspan="1"><p>1966</p></td><td rowspan="1" colspan="1"><p>80314404000199</p></td><td rowspan="1" colspan="1"><p>FARMACIA PEDROSO LTDA</p></td><td rowspan="1" colspan="1"><p>PR</p></td><td rowspan="1" colspan="1"><p>SANTA IZABEL DO OESTE</p></td><td rowspan="1" colspan="1"><p>25000198235201386</p></td></tr><tr><td rowspan="1" colspan="1"><p>1967</p></td><td rowspan="1" colspan="1"><p>76642875000159</p></td><td rowspan="1" colspan="1"><p>CLEUSELI APARECIDA RODRIGUES DA SILVA &amp; CIA LTDA</p></td><td rowspan="1" colspan="1"><p>PR</p></td><td rowspan="1" colspan="1"><p>SANTA MONICA</p></td><td rowspan="1" colspan="1"><p>25000219265201091</p></td></tr><tr><td rowspan="1" colspan="1"><p>1968</p></td><td rowspan="1" colspan="1"><p>10643289000110</p></td><td rowspan="1" colspan="1"><p>ANACLETO &amp; DOS SANTOS LTDA</p></td><td rowspan="1" colspan="1"><p>PR</p></td><td rowspan="1" colspan="1"><p>SANTA TEREZINHA DE ITAIPU</p></td><td rowspan="1" colspan="1"><p>25000161310201191</p></td></tr><tr><td rowspan="1" colspan="1"><p>1969</p></td><td rowspan="1" colspan="1"><p>08845751000110</p></td><td rowspan="1" colspan="1"><p>L. T. DA SILVA &amp; CHAVES LTDA</p></td><td rowspan="1" colspan="1"><p>PR</p></td><td rowspan="1" colspan="1"><p>SANTA TEREZINHA DE ITAIPU</p></td><td rowspan="1" colspan="1"><p>25000535194200937</p></td></tr><tr><td rowspan="1" colspan="1"><p>1970</p></td><td rowspan="1" colspan="1"><p>76626449000121</p></td><td rowspan="1" colspan="1"><p>FARMACIA RUBENS DE OLIVEIRA LTDA</p></td><td rowspan="1" colspan="1"><p>PR</p></td><td rowspan="1" colspan="1"><p>SANTO ANTONIO DA PLATINA</p></td><td rowspan="1" colspan="1"><p>25000173212200630</p></td></tr><tr><td rowspan="1" colspan="1"><p>1971</p></td><td rowspan="1" colspan="1"><p>01043675000180</p></td><td rowspan="1" colspan="1"><p>GANDARA &amp; BORGES LTDA</p></td><td rowspan="1" colspan="1"><p>PR</p></td><td rowspan="1" colspan="1"><p>SANTO ANTONIO DA PLATINA</p></td><td rowspan="1" colspan="1"><p>25000017603200918</p></td></tr><tr><td rowspan="1" colspan="1"><p>1972</p></td><td rowspan="1" colspan="1"><p>08002637000129</p></td><td rowspan="1" colspan="1"><p>MEDICAMENTOS PRO VIDA LTDA</p></td><td rowspan="1" colspan="1"><p>PR</p></td><td rowspan="1" colspan="1"><p>SANTO ANTONIO DA PLATINA</p></td><td rowspan="1" colspan="1"><p>25000059123201149</p></td></tr><tr><td rowspan="1" colspan="1"><p>1973</p></td><td rowspan="1" colspan="1"><p>03650053000227</p></td><td rowspan="1" colspan="1"><p>FARMACIA SUPRA FARMA LTDA.</p></td><td rowspan="1" colspan="1"><p>PR</p></td><td rowspan="1" colspan="1"><p>SAO JOAO</p></td><td rowspan="1" colspan="1"><p>25000132784201398</p></td></tr><tr><td rowspan="1" colspan="1"><p>1974</p></td><td rowspan="1" colspan="1"><p>08491061000100</p></td><td rowspan="1" colspan="1"><p>CLAUDINIS SCHIOCHET DROGARIA</p></td><td rowspan="1" colspan="1"><p>PR</p></td><td rowspan="1" colspan="1"><p>SAO JOSE DOS PINHAIS</p></td><td rowspan="1" colspan="1"><p>25000129138200703</p></td></tr><tr><td rowspan="1" colspan="1"><p>1975</p></td><td rowspan="1" colspan="1"><p>06540910000143</p></td><td rowspan="1" colspan="1"><p>FARMACIA DO CLOVISLTDA</p></td><td rowspan="1" colspan="1"><p>PR</p></td><td rowspan="1" colspan="1"><p>SAO JOSE DOS PINHAIS</p></td><td rowspan="1" colspan="1"><p>25000160037201421</p></td></tr><tr><td rowspan="1" colspan="1"><p>1976</p></td><td rowspan="1" colspan="1"><p>09537230000169</p></td><td rowspan="1" colspan="1"><p>FARMA MACIEL CEZAR FARMACIA LTDA.</p></td><td rowspan="1" colspan="1"><p>PR</p></td><td rowspan="1" colspan="1"><p>SERRANOPOLIS DO IGUACU</p></td><td rowspan="1" colspan="1"><p>25000211018200821</p></td></tr><tr><td rowspan="1" colspan="1"><p>1977</p></td><td rowspan="1" colspan="1"><p>04255449000151</p></td><td rowspan="1" colspan="1"><p>B &amp; C FARMACIA LTDA</p></td><td rowspan="1" colspan="1"><p>PR</p></td><td rowspan="1" colspan="1"><p>SERTANOPOLIS</p></td><td rowspan="1" colspan="1"><p>25000210873200815</p></td></tr><tr><td rowspan="1" colspan="1"><p>1978</p></td><td rowspan="1" colspan="1"><p>09663965000139</p></td><td rowspan="1" colspan="1"><p>J &amp; M MEDICAMENTOS LTDA</p></td><td rowspan="1" colspan="1"><p>PR</p></td><td rowspan="1" colspan="1"><p>SERTANOPOLIS</p></td><td rowspan="1" colspan="1"><p>25000041535200916</p></td></tr><tr><td rowspan="1" colspan="1"><p>1979</p></td><td rowspan="1" colspan="1"><p>14237273000169</p></td><td rowspan="1" colspan="1"><p>R. LONGHI &amp; CIA LTDA</p></td><td rowspan="1" colspan="1"><p>PR</p></td><td rowspan="1" colspan="1"><p>SERTANOPOLIS</p></td><td rowspan="1" colspan="1"><p>25000037899201370</p></td></tr><tr><td rowspan="1" colspan="1"><p>1980</p></td><td rowspan="1" colspan="1"><p>05476760000193</p></td><td rowspan="1" colspan="1"><p>CRISTIANO GARANHANI</p></td><td rowspan="1" colspan="1"><p>PR</p></td><td rowspan="1" colspan="1"><p>SIQUEIRA CAMPOS</p></td><td rowspan="1" colspan="1"><p>25000155058201262</p></td></tr><tr><td rowspan="1" colspan="1"><p>1981</p></td><td rowspan="1" colspan="1"><p>15500968000154</p></td><td rowspan="1" colspan="1"><p>FARMACIA SIQUEIRENSE LTDA ME</p></td><td rowspan="1" colspan="1"><p>PR</p></td><td rowspan="1" colspan="1"><p>SIQUEIRA CAMPOS</p></td><td rowspan="1" colspan="1"><p>25000144806201281</p></td></tr><tr><td rowspan="1" colspan="1"><p>1982</p></td><td rowspan="1" colspan="1"><p>14200906000164</p></td><td rowspan="1" colspan="1"><p>J. ALVES DE OLIVEIRA &amp; CIA LTDA</p></td><td rowspan="1" colspan="1"><p>PR</p></td><td rowspan="1" colspan="1"><p>SIQUEIRA CAMPOS</p></td><td rowspan="1" colspan="1"><p>25000041296201291</p></td></tr><tr><td rowspan="1" colspan="1"><p>1983</p></td><td rowspan="1" colspan="1"><p>02758347000123</p></td><td rowspan="1" colspan="1"><p>DIVAN BARBOSA FARMACIA - EIRELI</p></td><td rowspan="1" colspan="1"><p>PR</p></td><td rowspan="1" colspan="1"><p>TELEMACO BORBA</p></td><td rowspan="1" colspan="1"><p>25000162977201021</p></td></tr><tr><td rowspan="1" colspan="1"><p>1984</p></td><td rowspan="1" colspan="1"><p>11149766000230</p></td><td rowspan="1" colspan="1"><p>SOVINSKI &amp; LAZARINI LTDA</p></td><td rowspan="1" colspan="1"><p>PR</p></td><td rowspan="1" colspan="1"><p>TIBAGI</p></td><td rowspan="1" colspan="1"><p>25000031815201122</p></td></tr><tr><td rowspan="1" colspan="1"><p>1985</p></td><td rowspan="1" colspan="1"><p>07234542000259</p></td><td rowspan="1" colspan="1"><p>FARMACIA BERTOLDO LTDA</p></td><td rowspan="1" colspan="1"><p>PR</p></td><td rowspan="1" colspan="1"><p>TOLEDO</p></td><td rowspan="1" colspan="1"><p>25000051380201302</p></td></tr><tr><td rowspan="1" colspan="1"><p>1986</p></td><td rowspan="1" colspan="1"><p>19312031000106</p></td><td rowspan="1" colspan="1"><p>FARMACIA MENOR PRECO LTDA</p></td><td rowspan="1" colspan="1"><p>PR</p></td><td rowspan="1" colspan="1"><p>TOLEDO</p></td><td rowspan="1" colspan="1"><p>25000136387201476</p></td></tr><tr><td rowspan="1" colspan="1"><p>1987</p></td><td rowspan="1" colspan="1"><p>00063960038335</p></td><td rowspan="1" colspan="1"><p>WMB SUPERMERCADOS DO BRASIL LTDA.</p></td><td rowspan="1" colspan="1"><p>PR</p></td><td rowspan="1" colspan="1"><p>TOLEDO</p></td><td rowspan="1" colspan="1"><p>25000086421201292</p></td></tr><tr><td rowspan="1" colspan="1"><p>1988</p></td><td rowspan="1" colspan="1"><p>07099061000105</p></td><td rowspan="1" colspan="1"><p>V OLIVEIRA - MEDICAMENTOS</p></td><td rowspan="1" colspan="1"><p>PR</p></td><td rowspan="1" colspan="1"><p>UBIRATA</p></td><td rowspan="1" colspan="1"><p>25000114719200651</p></td></tr><tr><td rowspan="1" colspan="1"><p>1989</p></td><td rowspan="1" colspan="1"><p>10740341000157</p></td><td rowspan="1" colspan="1"><p>CORREA E MACHADO COMERCIO DE PRODUTOS FARMACEUTICOS LTDA</p></td><td rowspan="1" colspan="1"><p>PR</p></td><td rowspan="1" colspan="1"><p>UMUARAMA</p></td><td rowspan="1" colspan="1"><p>25000114417201311</p></td></tr><tr><td rowspan="1" colspan="1"><p>1990</p></td><td rowspan="1" colspan="1"><p>78052420000109</p></td><td rowspan="1" colspan="1"><p>DISTRIBUIDORA NJ LTDA</p></td><td rowspan="1" colspan="1"><p>PR</p></td><td rowspan="1" colspan="1"><p>UMUARAMA</p></td><td rowspan="1" colspan="1"><p>25000170208200709</p></td></tr><tr><td rowspan="1" colspan="1"><p>1991</p></td><td rowspan="1" colspan="1"><p>79133724000163</p></td><td rowspan="1" colspan="1"><p>DK DISTRIBUIDORA DE MEDICAMENTOS LTDA</p></td><td rowspan="1" colspan="1"><p>PR</p></td><td rowspan="1" colspan="1"><p>UMUARAMA</p></td><td rowspan="1" colspan="1"><p>25000058494200727</p></td></tr><tr><td rowspan="1" colspan="1"><p>1992</p></td><td rowspan="1" colspan="1"><p>60605664036054</p></td><td rowspan="1" colspan="1"><p>RAIA S.A.</p></td><td rowspan="1" colspan="1"><p>PR</p></td><td rowspan="1" colspan="1"><p>UMUARAMA</p></td><td rowspan="1" colspan="1"><p>25000044144200696</p></td></tr><tr><td rowspan="1" colspan="1"><p>1993</p></td><td rowspan="1" colspan="1"><p>00673273000105</p></td><td rowspan="1" colspan="1"><p>FARMACIA RODOCENTRO LTDA</p></td><td rowspan="1" colspan="1"><p>PR</p></td><td rowspan="1" colspan="1"><p>UNIAO DA VITORIA</p></td><td rowspan="1" colspan="1"><p>25000143290201177</p></td></tr><tr><td rowspan="1" colspan="1"><p>1994</p></td><td rowspan="1" colspan="1"><p>08369804000174</p></td><td rowspan="1" colspan="1"><p>FARMACIA UNIVALE LTDA</p></td><td rowspan="1" colspan="1"><p>PR</p></td><td rowspan="1" colspan="1"><p>UNIAO DA VITORIA</p></td><td rowspan="1" colspan="1"><p>25000560276200910</p></td></tr><tr><td rowspan="1" colspan="1"><p>1995</p></td><td rowspan="1" colspan="1"><p>30328736000154</p></td><td rowspan="1" colspan="1"><p>DROGARIA DOCE BAIRRO LTDA</p></td><td rowspan="1" colspan="1"><p>RJ</p></td><td rowspan="1" colspan="1"><p>ANGRA DOS REIS</p></td><td rowspan="1" colspan="1"><p>25000193551200802</p></td></tr><tr><td rowspan="1" colspan="1"><p>1996</p></td><td rowspan="1" colspan="1"><p>05970739000140</p></td><td rowspan="1" colspan="1"><p>DROGARIA DROGAMISS DE ANGRA LTDA</p></td><td rowspan="1" colspan="1"><p>RJ</p></td><td rowspan="1" colspan="1"><p>ANGRA DOS REIS</p></td><td rowspan="1" colspan="1"><p>25000199439200877</p></td></tr><tr><td rowspan="1" colspan="1"><p>1997</p></td><td rowspan="1" colspan="1"><p>00932911000319</p></td><td rowspan="1" colspan="1"><p>DROGARIA ENCRUZO ANGRA ME LTDA</p></td><td rowspan="1" colspan="1"><p>RJ</p></td><td rowspan="1" colspan="1"><p>ANGRA DOS REIS</p></td><td rowspan="1" colspan="1"><p>25000154959201407</p></td></tr><tr><td rowspan="1" colspan="1"><p>1998</p></td><td rowspan="1" colspan="1"><p>00932911000238</p></td><td rowspan="1" colspan="1"><p>DROGARIA ENCRUZO ANGRA ME LTDA</p></td><td rowspan="1" colspan="1"><p>RJ</p></td><td rowspan="1" colspan="1"><p>ANGRA DOS REIS</p></td><td rowspan="1" colspan="1"><p>25000154959201407</p></td></tr><tr><td rowspan="1" colspan="1"><p>1999</p></td><td rowspan="1" colspan="1"><p>03456711000163</p></td><td rowspan="1" colspan="1"><p>NAMAR FARMACIA E PERFUMARIA LTDA</p></td><td rowspan="1" colspan="1"><p>RJ</p></td><td rowspan="1" colspan="1"><p>ANGRA DOS REIS</p></td><td rowspan="1" colspan="1"><p>25000135401201414</p></td></tr><tr><td rowspan="1" colspan="1"><p>2000</p></td><td rowspan="1" colspan="1"><p>29288115000105</p></td><td rowspan="1" colspan="1"><p>ROVEN DROGARIA LTDA</p></td><td rowspan="1" colspan="1"><p>RJ</p></td><td rowspan="1" colspan="1"><p>ANGRA DOS REIS</p></td><td rowspan="1" colspan="1"><p>25000091265200714</p></td></tr><tr><td rowspan="1" colspan="1"><p>2001</p></td><td rowspan="1" colspan="1"><p>02092972000189</p></td><td rowspan="1" colspan="1"><p>DROGARIA VIA LAGOS LTDA -</p></td><td rowspan="1" colspan="1"><p>RJ</p></td><td rowspan="1" colspan="1"><p>ARARUAMA</p></td><td rowspan="1" colspan="1"><p>25000192899201412</p></td></tr><tr><td rowspan="1" colspan="1"><p>2002</p></td><td rowspan="1" colspan="1"><p>32508491000253</p></td><td rowspan="1" colspan="1"><p>DROGARIA ULTRAPOPULAR PINHEIRAL LTDA</p></td><td rowspan="1" colspan="1"><p>RJ</p></td><td rowspan="1" colspan="1"><p>BARRA DO PIRAI</p></td><td rowspan="1" colspan="1"><p>25000113822200684</p></td></tr><tr><td rowspan="1" colspan="1"><p>2003</p></td><td rowspan="1" colspan="1"><p>04722644000225</p></td><td rowspan="1" colspan="1"><p>2MB DROGARIA LTDA</p></td><td rowspan="1" colspan="1"><p>RJ</p></td><td rowspan="1" colspan="1"><p>BARRA MANSA</p></td><td rowspan="1" colspan="1"><p>25000057933200784</p></td></tr></table>]]></Texto>
  </body>
  <Midias />
</article></xml>