﻿<xml><article id="44730057" name="Resolucao CDR nA34 SR(09)PR" idOficio="11190940" pubName="DO1" artType="Resolução" pubDate="01/08/2025" artClass="00017:00028:00049:00002:00000:00000:00000:00000:00000:00000:00064:00000" artCategory="Ministério do Desenvolvimento Agrário e Agricultura Familiar/Instituto Nacional de Colonização e Reforma Agrária/Superintendência Regional no Paraná/Comitê de Decisão Regional  do Paraná" artSize="12" artNotes="" numberPage="15" pdfPage="http://pesquisa.in.gov.br/imprensa/jsp/visualiza/index.jsp?data=01/08/2025&amp;jornal=515&amp;pagina=15" editionNumber="144" highlightType="" highlightPriority="" highlight="" highlightimage="" highlightimagename="" idMateria="22947763">
  <body>
    <Identifica><![CDATA[ Resolução CDR Nº 34, DE 31 DE JULHO DE 2025]]></Identifica>
    <Data><![CDATA[]]></Data>
    <Ementa><![CDATA[ Aprova a Cessão de Uso ao município de Nova Londrina/PR, de uma área com 2,1655 hectares, no Centro Comunitário do Projeto de Assentamento Brizanta, localizado no município de Nova Londrina/PR.]]></Ementa>
    <Titulo />
    <SubTitulo />
    <Texto><![CDATA[<p class="identifica">Resolução CDR Nº 34, DE 31 DE JULHO DE 2025</p><p class="ementa">Aprova a Cessão de Uso ao município de Nova Londrina/PR, de uma área com 2,1655 hectares, no Centro Comunitário do Projeto de Assentamento Brizanta, localizado no município de Nova Londrina/PR.</p><p>O COMITÊ DE DECISÃO REGIONAL DA SUPERINTENDÊNCIA DO INCRA NO ESTADO DO PARANÁ - SR(09)PR-CDR, órgão colegiado definido na estrutura organizacional do Incra, por seu Coordenador, no uso das atribuições que lhe são conferidas pelo art. 21 da Estrutura Regimental do Incra, aprovada pelo Decreto nº 11.232, de 10 de outubro de 2022, com a redação dada pelo Decreto nº 12.171, de 09 de setembro de 2024, combinado com o art. 142 do Regimento Interno do Incra, aprovado pela Portaria nº 925, de 30 de dezembro de 2024, tendo em vista a decisão adotada em sua 8ª reunião do ano de 2025, realizada em 31 de julho de 2025; e</p><p>Considerando os critérios e procedimentos administrativos para destinação de bens públicos imóveis, existentes em projetos de assentamento de reforma agrária, sob o domínio do Incra ou da União, definidos pela Instrução Normativa nº 107, de 18 de outubro de 2021;</p><p>Considerando os termos da Análise nº 62610/2025/SR(09)pr-D3/SR(09)pr-D/SR(09)pr/INCRA (SEI 24810324), que é parte integrante do Processo Administrativo nº 54000.152713/2024-62; resolve:</p><p>Art. 1º Aprovar a Cessão de Uso ao município de Nova Londrina/PR, de uma área de terra com 2,1655 hectares, no Centro Comunitário do Projeto de Assentamento Brizanta, localizado no município de Nova Londrina/PR, requerida nos autos do Processo Administrativo nº 54000.152713/2024-62.</p><p>Art. 2º. Esta Resolução entra em vigor a partir da data de sua publicação.</p><p class="assina">NILTON BEZERRA GUEDES</p><p class="cargo">Coordenador do Comitê</p>]]></Texto>
  </body>
  <Midias />
</article></xml>