﻿<xml><article id="44723072" name="2025.08.01 - Secao 1_Portaria 23" idOficio="11189446" pubName="DO1" artType="Portaria" pubDate="01/08/2025" artClass="00025:00084:00001:00000:00000:00000:00000:00000:00000:00000:00054:00000" artCategory="Ministério da Educação/Instituto Federal de Educação, Ciência e Tecnologia de Sergipe/Reitoria" artSize="12" artNotes="" numberPage="24" pdfPage="http://pesquisa.in.gov.br/imprensa/jsp/visualiza/index.jsp?data=01/08/2025&amp;jornal=515&amp;pagina=24" editionNumber="144" highlightType="" highlightPriority="" highlight="" highlightimage="" highlightimagename="" idMateria="22945541">
  <body>
    <Identifica><![CDATA[ PORTARIA Nº 2.384, DE 30 DE JULHO DE 2025]]></Identifica>
    <Data><![CDATA[]]></Data>
    <Ementa />
    <Titulo />
    <SubTitulo />
    <Texto><![CDATA[<p class="identifica">PORTARIA Nº 2.384, DE 30 DE JULHO DE 2025</p><p>A REITORA DO INSTITUTO FEDERAL DE SERGIPE, nomeada pelo Decreto de 03/10/2018, publicado no DOU de 04 subsequente, e reconduzida pelo Decreto de 29/09/2022, publicado no DOU de 30 subsequente, no uso das atribuições que lhe confere a Lei nº 11.892/2008, e considerando as informações presentes no Processo Administrativo nº 23060.002099/2023-70, resolve:</p><p>Art. 1º Prorrogar, pelo período de 1 (um) ano, o prazo de validade do Processo Seletivo Simplificado, com vistas à contratação temporária de Profissional Especializado de nível superior, para atender às necessidades de excepcional interesse público do IFS, objeto do Edital PROGEP/REITORIA/IFS nº 04, de 26/10/2023, publicado no DOU em 27/10/2023, Seção 3, pg. 70, cujo primeiro contrato assinado foi em 02/08/2024.</p><p>Art. 2º Esta Portaria entra em vigor nesta data.</p><p class="assina">RUTH SALES GAMA DE ANDRADE</p>]]></Texto>
  </body>
  <Midias />
</article></xml>