﻿<xml><article id="44724365" name="1A REFORMULACAO 2025 CE SEI 00.0" idOficio="11189294" pubName="DO1" artType="Decisão" pubDate="01/08/2025" artClass="00071:00041:00000:00000:00000:00000:00000:00000:00000:00000:00018:00004" artCategory="Entidades de Fiscalização do Exercício das Profissões Liberais/Conselho Federal de Engenharia e Agronomia" artSize="12" artNotes="" numberPage="194" pdfPage="http://pesquisa.in.gov.br/imprensa/jsp/visualiza/index.jsp?data=01/08/2025&amp;jornal=515&amp;pagina=194" editionNumber="144" highlightType="" highlightPriority="" highlight="" highlightimage="" highlightimagename="" idMateria="22945350">
  <body>
    <Identifica><![CDATA[ DECISÃO PLENÁRIA Nº 1.093, DE 23 DE JULHO DE 2025]]></Identifica>
    <Data><![CDATA[]]></Data>
    <Ementa />
    <Titulo />
    <SubTitulo />
    <Texto><![CDATA[<p class="identifica">DECISÃO PLENÁRIA Nº 1.093, DE 23 DE JULHO DE 2025</p><p>O Plenário do Confea, reunido em Brasília-DF, no dia 23 de julho de 2025, apreciando a Deliberação nº 128/2025-CCSS, que trata da 1ª Reformulação Orçamentária do CREA-CE para o exercício de 2025, considerando a Resolução nº 1138/2023, decidiu aprovar a 1ª Reformulação Orçamentária por unidade de centro de custos para o exercício de 2025, com a suplementação do valor de R$ 10.010.719,00 (dez milhões, dez mil, setecentos e dezenove reais), passando para o valor total de R$ 54.097.621,00 (cinquenta e quatro milhões, noventa e sete mil, seiscentos e vinte e um reais), Processo Sei nº 00.005466/2024-87, conforme demonstrado abaixo:</p><p>- Receitas correntes R$ 43.178.902,00, R. de Capital R$ 10.918.719,00; totalizando em R$ 54.097.621,00.</p><p>- Despesas correntes R$ 51.115.471,00, D. de Capital R$ 2.982.150,00; totalizando em R$ 54.097.621,00.</p><p class="assina">VINICIUS MARCHESE Marinelli</p><p class="cargo">Presidente do Conselho</p>]]></Texto>
  </body>
  <Midias />
</article></xml>