﻿<xml><article id="44716969" name="2025-07-31/11188334/ANMWS_229441" idOficio="11188334" pubName="DO1" artType="Despacho" pubDate="01/08/2025" artClass="00035:00044:00050:00000:00000:00000:00000:00000:00000:00000:00024:00125" artCategory="Ministério de Minas e Energia/Agência Nacional de Mineração/Superintendência de Outorga de Títulos Minerários" artSize="12" artNotes="" numberPage="82" pdfPage="http://pesquisa.in.gov.br/imprensa/jsp/visualiza/index.jsp?data=01/08/2025&amp;jornal=515&amp;pagina=82" editionNumber="144" highlightType="" highlightPriority="" highlight="" highlightimage="" highlightimagename="" idMateria="22944147">
  <body>
    <Identifica><![CDATA[Despacho]]></Identifica>
    <Data><![CDATA[]]></Data>
    <Ementa />
    <Titulo />
    <SubTitulo />
    <Texto><![CDATA[<p class="identifica">Despacho</p><p>Relação nº 125/2025</p><p>Fase de Requerimento de Pesquisa</p><p>Nega provimento ao recurso interposto(2847)</p><p>830.930/2017 - MINERAÇÃO PONTES LTDA</p><p class="assina">WAGNER DA SILVA SIQUEIRA</p><p class="cargo">Superintendente</p><p class="cargo">Substituto</p>]]></Texto>
  </body>
  <Midias />
</article></xml>