﻿<xml><article id="44735518" name="instrucao_normativa_388_2025 DIR" idOficio="11191434" pubName="DO1" artType="Instrução Normativa" pubDate="01/08/2025" artClass="00047:00048:00008:00000:00000:00000:00000:00000:00000:00000:00024:00001" artCategory="Ministério da Saúde/Agência Nacional de Vigilância Sanitária/Diretoria Colegiada" artSize="24" artNotes="" numberPage="171" pdfPage="http://pesquisa.in.gov.br/imprensa/jsp/visualiza/index.jsp?data=01/08/2025&amp;jornal=515&amp;pagina=171" editionNumber="144" highlightType="" highlightPriority="" highlight="" highlightimage="" highlightimagename="" idMateria="22948778">
  <body>
    <Identifica><![CDATA[ INSTRUÇÃO NORMATIVA ANVISA Nº 388, DE 29 DE JULHO DE 2025]]></Identifica>
    <Data><![CDATA[]]></Data>
    <Ementa><![CDATA[ Altera a Lista de Medicamentos Isentos de Prescrição e apresenta negativas de inclusões solicitadas]]></Ementa>
    <Titulo />
    <SubTitulo />
    <Texto><![CDATA[<p class="identifica">INSTRUÇÃO NORMATIVA ANVISA Nº 388, DE 29 DE JULHO DE 2025</p><p class="ementa">Altera a Lista de Medicamentos Isentos de Prescrição e apresenta negativas de inclusões solicitadas</p><p>A DIRETORIA COLEGIADA DA AGÊNCIA NACIONAL DE VIGILÂNCIA SANITÁRIA, no uso das atribuições que lhe confere o art. 15, III e IV, aliado ao art. 7º, III e IV da Lei nº 9.782, de 26 de janeiro de 1999, e ao art. 187, VII, § 1º do Regimento Interno aprovado pela Resolução da Diretoria Colegiada - RDC nº 585, de 10 de dezembro de 2021, resolve adotar a seguinte Resolução, conforme deliberado em reunião realizada em 28 de julho de 2025, e eu, Diretor-Presidente Substituto, determino a sua publicação.</p><p>Art. 1º A Instrução Normativa - IN N° 285, de 7 de março de 2024, publicada no Diário Oficial da União nº 49, de 12 de março de 2024, Seção 1, pág. 110, passa a vigorar com a seguinte alteração:</p><p>"Art. 1º Ficam instituídas as Listas de Medicamentos Isentos de Prescrição (LMIP) na forma dos Anexos I e II desta Instrução Normativa, e em atendimento à Resolução da Diretoria Colegiada - RDC nº 882, de 14 de julho de 2024.</p><p>........................................................................................" NR</p><p>Art. 2º Ficam aprovadas as seguintes alterações no Anexo I da Instrução Normativa - IN N° 285, de 7 de março de 2024:</p><p>I- inclusão do produto ciclopirox esmalte 80 mg/g;</p><p>II- inclusão do produto ciclopirox olamina, nas formas farmacêuticas creme 10mg/g e solução spray 10 mg/ml;</p><p>III- aumento da concentração máxima da combinação Alginato de sódio + bicarbonato de sódio + carbonato de cálcio na forma farmacêutica comprimido mastigável para 250 + 106,5 + 187,5 mg; e</p><p>IV- aumento da concentração máxima da combinação Alginato de sódio + bicarbonato de sódio + carbonato de cálcio na forma farmacêutica suspensão oral para 50 + 21,3 + 32,5 mg/mL.</p><p>Art. 3º Ficam aprovadas as seguintes alterações no Anexo II da Instrução Normativa - IN N° 285, de 7 de março de 2024:</p><p>I- indicação terapêutica simplificada do fármaco lactulose, excluindo encefalopatia hepática; e</p><p>II- inclusão de Raiz de Althaea officinalis.</p><p>Art. 4º Reprova-se a solicitação de inclusão em LMIP dos seguintes produtos:</p><p>I- minoxidil, Solução capilar, 50 mg/mL;</p><p>II- triancinolona acetonida, suspensão nasal, 550 mcg/mL; e</p><p>III- propionato de fluticasona, suspensão tópica, 50 mcg/dose.</p><p>Art. 5º O Anexo I da Instrução Normativa - IN N° 285, de 7 de março de 2024, passa a vigorar conforme Anexo I desta Instrução Normativa.</p><p>Art. 6º O Anexo II da Instrução Normativa - IN N° 285, de 7 de março de 2024, passa a vigorar conforme Anexo II desta Instrução Normativa.</p><p>Art. 7º Esta Instrução Normativa entra em vigor 7 (sete) dias após sua publicação.</p><p class="assina">RÔMISON RODRIGUES MOTA</p><p class="cargo">Diretor-Presidente Substituto</p><p>ANEXO I</p><p>LISTA DE MEDICAMENTOS ISENTOS DE PRESCRIÇÃO (LMIP)</p><p>Medicamentos Sintéticos, Específicos e Biológicos</p><p /><p></p><table><tr /><tr><td rowspan="1" colspan="1"><p>Fármaco</p></td><td rowspan="1" colspan="1"><p>Subgrupo terapêutico ou farmacológico</p></td><td rowspan="1" colspan="1"><p>Forma farmacêutica</p></td><td rowspan="1" colspan="1"><p>Concentração máxima</p></td><td rowspan="1" colspan="1"><p>Indicação terapêutica simplificada</p></td></tr><tr><td rowspan="1" colspan="1"><p>Aceclofenaco</p></td><td rowspan="1" colspan="1"><p>M02A - Produtos para dor articular e muscular de uso local</p></td><td rowspan="1" colspan="1"><p>Creme dermatológico</p></td><td rowspan="1" colspan="1"><p>15 mg/g</p></td><td rowspan="1" colspan="1"><p>Dor e inflamação do sistema musculoesquelético.</p></td></tr><tr><td rowspan="1" colspan="1"><p>Acetato de hidrocortisona</p></td><td rowspan="1" colspan="1"><p>D07A - Corticosteroides (isolados) de uso local</p></td><td rowspan="1" colspan="1"><p>Creme dermatológico, pomada dermatológica</p></td><td rowspan="1" colspan="1"><p>10 mg/g</p></td><td rowspan="1" colspan="1"><p>Dermatites, eczemas, eritema solar, queimadura de primeiro grau e picadas de inseto.</p></td></tr><tr><td rowspan="1" colspan="1"><p>Acetilcisteína</p></td><td rowspan="1" colspan="1"><p>R05C - Expectorantes, excluindo associações com antitussígenos</p></td><td rowspan="1" colspan="1"><p>Comprimido efervescente, granulado</p></td><td rowspan="1" colspan="1"><p>600 mg</p></td><td rowspan="1" colspan="1"><p>Secreções mucosas densas e viscosas nas vias respiratórias, decorrentes ou associadas a doenças broncopulmonares.</p></td></tr><tr><td rowspan="1" colspan="1"><p>Acetilcisteína</p></td><td rowspan="1" colspan="1"><p>R01A - Descongestionantes e outras preparações nasais de uso local</p></td><td rowspan="1" colspan="1"><p>Solução nasal</p></td><td rowspan="1" colspan="1"><p>11,5 mg/mL</p></td><td rowspan="1" colspan="1"><p>Congestão nasal associada a rinites ou após procedimentos cirúrgicos no nariz.</p></td></tr><tr><td rowspan="1" colspan="1"><p>Acetilcisteína</p></td><td rowspan="1" colspan="1"><p>R05C - Expectorantes, excluindo associações com antitussígenos</p></td><td rowspan="1" colspan="1"><p>Solução oral</p></td><td rowspan="1" colspan="1"><p>40 mg/mL</p></td><td rowspan="1" colspan="1"><p>Secreções mucosas densas e viscosas nas vias respiratórias, decorrentes ou associadas a doenças broncopulmonares.</p></td></tr><tr><td rowspan="1" colspan="1"><p>Acetilracemetionina + citrato de colina + betaína</p></td><td rowspan="1" colspan="1"><p>A05B - Terapia biliar, lipotrópicos</p></td><td rowspan="1" colspan="1"><p>Solução oral</p></td><td rowspan="1" colspan="1"><p>40 + 53 + 50 mg/mL</p></td><td rowspan="1" colspan="1"><p>Auxiliar no tratamento dos distúrbios do fígado</p></td></tr><tr><td rowspan="1" colspan="1"><p>Ácido acetilsalicílico</p></td><td rowspan="1" colspan="1"><p>N02B - Analgésicos e antipiréticos</p></td><td rowspan="1" colspan="1"><p>Comprimido</p></td><td rowspan="1" colspan="1"><p>500 mg</p></td><td rowspan="1" colspan="1"><p>Febre. Dores leves a moderadas, incluindo as associadas com cólicas menstruais e a gripes e resfriados comuns.</p></td></tr><tr><td rowspan="1" colspan="1"><p>Ácido acetilsalicílico</p></td><td rowspan="1" colspan="1"><p>N02B - Analgésicos e antipiréticos</p></td><td rowspan="1" colspan="1"><p>Comprimido revestido de liberação prolongada</p></td><td rowspan="1" colspan="1"><p>500 mg</p></td><td rowspan="1" colspan="1"><p>Febre. Dores leves a moderadas, incluindo as associadas com cólicas menstruais e a gripes e resfriados comuns.</p></td></tr><tr><td rowspan="1" colspan="1"><p>Ácido acetilsalicílico + ácido ascórbico (Vit. C)</p></td><td rowspan="1" colspan="1"><p>N02B - Analgésicos e antipiréticos</p></td><td rowspan="1" colspan="1"><p>Comprimido</p></td><td rowspan="1" colspan="1"><p>400 + 200 mg</p></td><td rowspan="1" colspan="1"><p>Sintomas da gripe e resfriado comuns, como febre e cefaleia.</p></td></tr><tr><td rowspan="1" colspan="1"><p>Ácido acetilsalicílico + ácido ascórbico (Vit. C)</p></td><td rowspan="1" colspan="1"><p>N02B - Analgésicos e antipiréticos</p></td><td rowspan="1" colspan="1"><p>Comprimido efervescente</p></td><td rowspan="1" colspan="1"><p>400 + 240 mg</p></td><td rowspan="1" colspan="1"><p>Sintomas da gripe e resfriado comuns, como febre e cefaleia.</p></td></tr><tr><td rowspan="1" colspan="1"><p>Ácido acetilsalicílico + cafeína</p></td><td rowspan="1" colspan="1"><p>N02B - Analgésicos e antipiréticos</p></td><td rowspan="1" colspan="1"><p>Comprimido</p></td><td rowspan="1" colspan="1"><p>650 + 65 mg</p></td><td rowspan="1" colspan="1"><p>Dores moderadas a fortes.</p></td></tr><tr><td rowspan="1" colspan="1"><p>Ácido acetilsalicílico + maleato de clorfeniramina + cafeína</p></td><td rowspan="1" colspan="1"><p>N02B - Analgésicos e antipiréticos</p></td><td rowspan="1" colspan="1"><p>Cápsula dura</p></td><td rowspan="1" colspan="1"><p>324 + 2 + 32,4 mg</p></td><td rowspan="1" colspan="1"><p>Sintomas da gripe e resfriado comuns, como febre, dor, coriza e congestão nasal.</p></td></tr><tr><td rowspan="1" colspan="1"><p>Ácido acetilsalicílico + maleato de dexclorfeniramina + cloridrato de fenilefrina + cafeína</p></td><td rowspan="1" colspan="1"><p>N02B - Analgésicos e antipiréticos</p></td><td rowspan="1" colspan="1"><p>Comprimido</p></td><td rowspan="1" colspan="1"><p>400 + 1 + 10 + 30 mg</p></td><td rowspan="1" colspan="1"><p>Sintomas da gripe e resfriado comuns, como febre, dor, coriza e congestão nasal.</p></td></tr><tr><td rowspan="1" colspan="1"><p>Ácido acetilsalicílico + paracetamol + cafeína</p></td><td rowspan="1" colspan="1"><p>N02B - Analgésicos e antipiréticos</p></td><td rowspan="1" colspan="1"><p>Comprimido revestido</p></td><td rowspan="1" colspan="1"><p>250 + 250 + 65 mg</p></td><td rowspan="1" colspan="1"><p>Dores leves a moderadas, incluindo as associadas com cólicas menstruais e a gripes e resfriados comuns.</p></td></tr><tr><td rowspan="1" colspan="1"><p>Ácido azeláico</p></td><td rowspan="1" colspan="1"><p>D10A - Preparações antiacne de uso local</p></td><td rowspan="1" colspan="1"><p>Creme dermatológico</p></td><td rowspan="1" colspan="1"><p>200 mg/g</p></td><td rowspan="1" colspan="1"><p>Acne vulgar.</p></td></tr><tr><td rowspan="1" colspan="1"><p>Ácido azeláico</p></td><td rowspan="1" colspan="1"><p>D10A - Preparações antiacne de uso local</p></td><td rowspan="1" colspan="1"><p>Gel dermatológico</p></td><td rowspan="1" colspan="1"><p>150 mg/g</p></td><td rowspan="1" colspan="1"><p>Acne vulgar. Rosácea papulopustulosa.</p></td></tr><tr><td rowspan="1" colspan="1"><p>Ácido benzóico + ácido salicílico + iodo metálico</p></td><td rowspan="1" colspan="1"><p>D01A - Antifúngicos de uso local</p></td><td rowspan="1" colspan="1"><p>Solução dermatológica</p></td><td rowspan="1" colspan="1"><p>20 + 20 + 2,5 mg/mL</p></td><td rowspan="1" colspan="1"><p>Micoses superficiais da pele.</p></td></tr><tr><td rowspan="1" colspan="1"><p>Ácido bórico + ácido salicílico + enxofre + óxido de zinco</p></td><td rowspan="1" colspan="1"><p>D01A - Antifúngicos de uso local</p></td><td rowspan="1" colspan="1"><p>Pó dermatológico</p></td><td rowspan="1" colspan="1"><p>3,0 + 0,352 + 17,602 + 11,735 g</p></td><td rowspan="1" colspan="1"><p>Dermatite de fraldas. Brotoeja. Desodorante e antiperspirante de pés e axilas. Prevenção de frieiras e pruridos na pele.</p></td></tr><tr><td rowspan="1" colspan="1"><p>Ácido salicílico</p></td><td rowspan="1" colspan="1"><p>D11A - Outras preparações dermatológicas</p></td><td rowspan="1" colspan="1"><p>Gel dermatológico</p></td><td rowspan="1" colspan="1"><p>270 mg/g</p></td><td rowspan="1" colspan="1"><p>Tratamento e remoção das verrugas comuns.</p></td></tr><tr><td rowspan="1" colspan="1"><p>Ácido undecilênico + undecilenato de sódio + ácido propiônico + propionato de sódio + hexilresorcinol</p></td><td rowspan="1" colspan="1"><p>D01A - Antifúngicos de uso local</p></td><td rowspan="1" colspan="1"><p>Solução dermatológica</p></td><td rowspan="1" colspan="1"><p>40 + 150 + 30 + 50 + 0,5 mg/mL</p></td><td rowspan="1" colspan="1"><p>Micoses superficiais de pele e unha.</p></td></tr><tr><td rowspan="1" colspan="1"><p>Ácido undecilênico + undecilenato de zinco + propionato de cálcio + hexilresorcinol</p></td><td rowspan="1" colspan="1"><p>D01A - Antifúngicos de uso local</p></td><td rowspan="1" colspan="1"><p>Pó dermatológico</p></td><td rowspan="1" colspan="1"><p>2 + 150 + 60 + 0,5 mg/g</p></td><td rowspan="1" colspan="1"><p>Micoses de pele, frieira, de unha, vulvar e peniana, dermatite seborreica, pitiríase versicolor.</p></td></tr><tr><td rowspan="1" colspan="1"><p>Alantoína + triclosana + óxido de zinco</p></td><td rowspan="1" colspan="1"><p>D01A - Antifúngicos de uso local</p></td><td rowspan="1" colspan="1"><p>Pó dermatológico</p></td><td rowspan="1" colspan="1"><p>5 + 1 + 100 mg/g</p></td><td rowspan="1" colspan="1"><p>Dermatite de fraldas. Eczemas, brotoejas, queimaduras e outras irritações superficiais da pele.</p></td></tr><tr><td rowspan="1" colspan="1"><p>Álcool polivinílico</p></td><td rowspan="1" colspan="1"><p>S01X - Outros produtos oftalmológicos</p></td><td rowspan="1" colspan="1"><p>Solução oftálmica</p></td><td rowspan="1" colspan="1"><p>14 mg/mL</p></td><td rowspan="1" colspan="1"><p>Lubrificante oftálmico / lágrima artificial.</p></td></tr><tr><td rowspan="1" colspan="1"><p>Alfaestradiol</p></td><td rowspan="1" colspan="1"><p>G03C - estrógenos</p></td><td rowspan="1" colspan="1"><p>Solução capilar</p></td><td rowspan="1" colspan="1"><p>0,25 mg/ml</p></td><td rowspan="1" colspan="1"><p>Tratamento e prevenção da alopecia androgenética.</p></td></tr><tr><td rowspan="1" colspan="1"><p>Alginato de sódio + bicarbonato de potássio</p></td><td rowspan="1" colspan="1"><p>A02A - Antiácidos</p></td><td rowspan="1" colspan="1"><p>Suspensão oral</p></td><td rowspan="1" colspan="1"><p>100 + 20 mg/mL</p></td><td rowspan="1" colspan="1"><p>Alívio da regurgitação ácida, azia e dor de estômago devido à má digestão.</p></td></tr><tr><td rowspan="1" colspan="1"><p>Alginato de sódio + bicarbonato de sódio + carbonato de cálcio</p></td><td rowspan="1" colspan="1"><p>A02A - Antiácidos</p></td><td rowspan="1" colspan="1"><p>Comprimido mastigável</p></td><td rowspan="1" colspan="1"><p>250 + 106,5 + 187,5 mg</p></td><td rowspan="1" colspan="1"><p>Alívio da azia, dor de estômago devido à má digestão, enjoo e vômito.</p></td></tr><tr><td rowspan="1" colspan="1"><p>Alginato de sódio + bicarbonato de sódio + carbonato de cálcio</p></td><td rowspan="1" colspan="1"><p>A02A - Antiácidos</p></td><td rowspan="1" colspan="1"><p>Suspensão oral</p></td><td rowspan="1" colspan="1"><p>50 + 21,3 + 32,5 mg/mL</p></td><td rowspan="1" colspan="1"><p>Alívio da azia, dor de estômago devido à má digestão, enjoo e vômito.</p></td></tr><tr><td rowspan="1" colspan="1"><p>Bacillus cereus</p></td><td rowspan="1" colspan="1"><p>A07F - Microrganismos antidiarreicos</p></td><td rowspan="1" colspan="1"><p>Suspensão oral</p></td><td rowspan="1" colspan="1"><p>1 X 10^6 end/mL</p></td><td rowspan="1" colspan="1"><p>Coadjuvante no tratamento da diarreia; coadjuvante em enterocolites crônicas e agudas.</p></td></tr><tr><td rowspan="1" colspan="1"><p>Bicarbonato de sódio + carbonato de magnésio + carbonato de cálcio + carbonato básico de bismuto</p></td><td rowspan="1" colspan="1"><p>A02A - Antiácidos</p></td><td rowspan="1" colspan="1"><p>Granulado</p></td><td rowspan="1" colspan="1"><p>586,742 + 134,34 + 134,34 + 32,495 mg/g</p></td><td rowspan="1" colspan="1"><p>Alívio da azia e dor de estômago devido à má digestão.</p></td></tr><tr><td rowspan="1" colspan="1"><p>Bicarbonato de sódio + carbonato de magnésio + carbonato de cálcio + carbonato básico de bismuto</p></td><td rowspan="1" colspan="1"><p>A02A - Antiácidos</p></td><td rowspan="1" colspan="1"><p>Pastilha</p></td><td rowspan="1" colspan="1"><p>63,7 + 67 + 521 + 3,3 mg</p></td><td rowspan="1" colspan="1"><p>Alívio da azia e dor de estômago devido à má digestão.</p></td></tr><tr><td rowspan="1" colspan="1"><p>Bicarbonato de sódio + carbonato de magnésio + carbonato de cálcio + carbonato básico de bismuto</p></td><td rowspan="1" colspan="1"><p>A02A - Antiácidos</p></td><td rowspan="1" colspan="1"><p>Pó para solução oral</p></td><td rowspan="1" colspan="1"><p>649 + 146,67 + 146,67 + 35,8 mg/g</p></td><td rowspan="1" colspan="1"><p>Alívio da azia e dor de estômago devido à má digestão.</p></td></tr><tr><td rowspan="1" colspan="1"><p>Bicarbonato de sódio + carbonato de sódio</p></td><td rowspan="1" colspan="1"><p>A02A - Antiácidos</p></td><td rowspan="1" colspan="1"><p>Granulado efervescente</p></td><td rowspan="1" colspan="1"><p>462 + 90 mg/g</p></td><td rowspan="1" colspan="1"><p>Alívio da azia e dor de estômago devido à má digestão.</p></td></tr><tr><td rowspan="1" colspan="1"><p>Bicarbonato de sódio + carbonato de sódio + ácido acetilsalicílico + ácido cítrico</p></td><td rowspan="1" colspan="1"><p>A02A - Antiácidos</p></td><td rowspan="1" colspan="1"><p>Comprimido efervescente</p></td><td rowspan="1" colspan="1"><p>1854 + 400 + 325 + 1413 mg</p></td><td rowspan="1" colspan="1"><p>Alívio da azia, dor de estômago e cefaleia devido à má digestão.</p></td></tr><tr><td rowspan="1" colspan="1"><p>Bicarbonato de sódio + carbonato de sódio + ácido cítrico</p></td><td rowspan="1" colspan="1"><p>A02A - Antiácidos</p></td><td rowspan="1" colspan="1"><p>Granulado efervescente, pó efervescente</p></td><td rowspan="1" colspan="1"><p>462,15 + 100 + 440 mg/g</p></td><td rowspan="1" colspan="1"><p>Alívio da azia e dor de estômago devido à má digestão.</p></td></tr><tr><td rowspan="1" colspan="1"><p>Bisacodil</p></td><td rowspan="1" colspan="1"><p>A06A - Laxantes</p></td><td rowspan="1" colspan="1"><p>Comprimido revestido, comprimido revestido de liberação retardada</p></td><td rowspan="1" colspan="1"><p>5 mg</p></td><td rowspan="1" colspan="1"><p>Laxativo. Prisão de ventre. Sob orientação de profissional de saúde: preparo diagnóstico ou cirúrgico.</p></td></tr><tr><td rowspan="1" colspan="1"><p>Bromidrato de dextrometorfano</p></td><td rowspan="1" colspan="1"><p>R05D - Antitussígenos, excluindo associações com expectorantes</p></td><td rowspan="1" colspan="1"><p>Solução oral</p></td><td rowspan="1" colspan="1"><p>3 mg/mL</p></td><td rowspan="1" colspan="1"><p>Tosse seca, sem catarro associada a gripes e resfriados ou à inalação de agentes irritantes.</p></td></tr><tr><td rowspan="1" colspan="1"><p>Butilbrometo de escopolamina</p></td><td rowspan="1" colspan="1"><p>A03B - Belladonna e derivados (isolados)</p></td><td rowspan="1" colspan="1"><p>Comprimido revestido</p></td><td rowspan="1" colspan="1"><p>10 mg</p></td><td rowspan="1" colspan="1"><p>Alívio de cólicas gastrintestinais, das vias biliares, dos órgãos sexuais e das vias urinárias.</p></td></tr><tr><td rowspan="1" colspan="1"><p>Butilbrometo de escopolamina</p></td><td rowspan="1" colspan="1"><p>A03B - Belladonna e derivados (isolados)</p></td><td rowspan="1" colspan="1"><p>Solução oral</p></td><td rowspan="1" colspan="1"><p>10 mg/mL</p></td><td rowspan="1" colspan="1"><p>Alívio de cólicas gastrintestinais, das vias biliares, dos órgãos sexuais e das vias urinárias.</p></td></tr><tr><td rowspan="1" colspan="1"><p>Butilbrometo de escopolamina + dipirona</p></td><td rowspan="1" colspan="1"><p>A03D - Antiespasmódicos em associação com analgésicos</p></td><td rowspan="1" colspan="1"><p>Comprimido revestido</p></td><td rowspan="1" colspan="1"><p>10 + 250 mg</p></td><td rowspan="1" colspan="1"><p>Alívio de cólicas gastrintestinais, das vias biliares, dos órgãos sexuais e das vias urinárias.</p></td></tr><tr><td rowspan="1" colspan="1"><p>Butilbrometo de escopolamina + dipirona</p></td><td rowspan="1" colspan="1"><p>A03D - Antiespasmódicos em associação com analgésicos</p></td><td rowspan="1" colspan="1"><p>Solução oral</p></td><td rowspan="1" colspan="1"><p>6,667 + 333,4 mg/mL</p></td><td rowspan="1" colspan="1"><p>Alívio de cólicas gastrintestinais, das vias biliares, dos órgãos sexuais e das vias urinárias.</p></td></tr><tr><td rowspan="1" colspan="1"><p>Butilbrometo de escopolamina + paracetamol</p></td><td rowspan="1" colspan="1"><p>A03D - Antiespasmódicos em associação com analgésicos</p></td><td rowspan="1" colspan="1"><p>Comprimido revestido</p></td><td rowspan="1" colspan="1"><p>10 + 500 mg</p></td><td rowspan="1" colspan="1"><p>Alívio de cólicas gastrintestinais, das vias biliares, dos órgãos sexuais e das vias urinárias.</p></td></tr><tr><td rowspan="1" colspan="1"><p>Cânfora</p></td><td rowspan="1" colspan="1"><p>D04A - Antipruriginosos, incluindo anti-histamínicos, anestésicos e outros de uso local</p></td><td rowspan="1" colspan="1"><p>Tablete dermatológico</p></td><td rowspan="1" colspan="1"><p>712 mg</p></td><td rowspan="1" colspan="1"><p>Irritações da pele.</p></td></tr><tr><td rowspan="1" colspan="1"><p>Cânfora + eucaliptol + mentol + guaiacol</p></td><td rowspan="1" colspan="1"><p>R05X - Outros produtos para gripe e resfriados</p></td><td rowspan="1" colspan="1"><p>Pomada dermatológica</p></td><td rowspan="1" colspan="1"><p>25 + 100 + 50 + 10 mg/g</p></td><td rowspan="1" colspan="1"><p>Congestão nasal e tosse associadas a gripes e resfriados.</p></td></tr><tr><td rowspan="1" colspan="1"><p>Carbocisteína</p></td><td rowspan="1" colspan="1"><p>R05C - Expectorantes, excluindo associações com antitussígenos</p></td><td rowspan="1" colspan="1"><p>Solução oral</p></td><td rowspan="1" colspan="1"><p>50 mg/mL</p></td><td rowspan="1" colspan="1"><p>Secreções mucosas densas e viscosas nas vias respiratórias, decorrentes ou associadas a doenças broncopulmonares.</p></td></tr><tr><td rowspan="1" colspan="1"><p>Carbômer + sorbitol</p></td><td rowspan="1" colspan="1"><p>S01X - Outros produtos oftalmológicos</p></td><td rowspan="1" colspan="1"><p>Gel oftálmico</p></td><td rowspan="1" colspan="1"><p>2 + 48,5 mg/g</p></td><td rowspan="1" colspan="1"><p>Lubrificante oftálmico / lágrima artificial.</p></td></tr><tr><td rowspan="1" colspan="1"><p>Carbômer 940</p></td><td rowspan="1" colspan="1"><p>S01X - Outros produtos oftalmológicos</p></td><td rowspan="1" colspan="1"><p>Gel Oftálmico</p></td><td rowspan="1" colspan="1"><p>2,0 mg/g</p></td><td rowspan="1" colspan="1"><p>Lubrificante oftálmico / lágrima artificial.</p></td></tr><tr><td rowspan="1" colspan="1"><p>Carbonato de cálcio + hidróxido de alumínio + hidróxido de magnésio</p></td><td rowspan="1" colspan="1"><p>A02A - Antiácidos</p></td><td rowspan="1" colspan="1"><p>Comprimido mastigável</p></td><td rowspan="1" colspan="1"><p>230 + 178 + 185 mg; ou</p><p>231,5 + 159,9 + 208,9 mg</p></td><td rowspan="1" colspan="1"><p>Alívio da azia e dor de estômago devido à má digestão, enjôo e vômito.</p></td></tr><tr><td rowspan="1" colspan="1"><p>Carbonato de cálcio + hidróxido de alumínio + hidróxido de magnésio</p></td><td rowspan="1" colspan="1"><p>A02A - Antiácidos</p></td><td rowspan="1" colspan="1"><p>Pastilha</p></td><td rowspan="1" colspan="1"><p>231,5 + 178 + 185 mg</p></td><td rowspan="1" colspan="1"><p>Alívio da azia e dor de estômago devido à má digestão, enjôo e vômito.</p></td></tr><tr><td rowspan="1" colspan="1"><p>Carmelose sódica</p></td><td rowspan="1" colspan="1"><p>S01X - Outros produtos oftalmológicos</p></td><td rowspan="1" colspan="1"><p>Solução oftálmica</p></td><td rowspan="1" colspan="1"><p>10 mg/mL</p></td><td rowspan="1" colspan="1"><p>Lubrificante oftálmico / lágrima artificial.</p></td></tr><tr><td rowspan="1" colspan="1"><p>Carmelose sódica + glicerol</p></td><td rowspan="1" colspan="1"><p>S01X - Outros produtos oftalmológicos</p></td><td rowspan="1" colspan="1"><p>Solução oftálmica</p></td><td rowspan="1" colspan="1"><p>5 mg/ml + 9 mg/ml</p></td><td rowspan="1" colspan="1"><p>Lubrificante oftálmico / lágrima artificial.</p></td></tr><tr><td rowspan="1" colspan="1"><p>Cetoconazol</p></td><td rowspan="1" colspan="1"><p>D01A - Antifúngicos de uso local</p></td><td rowspan="1" colspan="1"><p>Creme dermatológico</p></td><td rowspan="1" colspan="1"><p>20 mg/g</p></td><td rowspan="1" colspan="1"><p>Micoses superficiais de pele.</p></td></tr><tr><td rowspan="1" colspan="1"><p>Cetoconazol</p></td><td rowspan="1" colspan="1"><p>D01A - Antifúngicos de uso local</p></td><td rowspan="1" colspan="1"><p>Xampu</p></td><td rowspan="1" colspan="1"><p>20 mg/mL</p></td><td rowspan="1" colspan="1"><p>Dermatite seborreica.</p></td></tr><tr><td rowspan="1" colspan="1"><p>ciclopirox</p></td><td rowspan="1" colspan="1"><p>D01A - Antifúngicos de uso local</p></td><td rowspan="1" colspan="1"><p>Esmalte</p></td><td rowspan="1" colspan="1"><p>80mg/mL</p></td><td rowspan="1" colspan="1"><p>Tratamento de infecções fúngicas das unhas.</p></td></tr><tr><td rowspan="1" colspan="1"><p>ciclopirox olamina</p></td><td rowspan="1" colspan="1"><p>D01A - Antifúngicos de uso local</p></td><td rowspan="1" colspan="1"><p>Creme</p></td><td rowspan="1" colspan="1"><p>10mg/mL</p></td><td rowspan="1" colspan="1"><p>Tratamento de infecções fúngicas das unhas.</p></td></tr><tr><td rowspan="1" colspan="1"><p>ciclopirox olamina</p></td><td rowspan="1" colspan="1"><p>D01A - Antifúngicos de uso local</p></td><td rowspan="1" colspan="1"><p>Solução Spray</p></td><td rowspan="1" colspan="1"><p>10mg/mL</p></td><td rowspan="1" colspan="1"><p>Tratamento de infecções fúngicas das unhas.</p></td></tr></table>]]></Texto>
  </body>
  <Midias />
</article></xml>