﻿<xml><article id="44716978" name="7741 Credencia o municipio de Be" idOficio="11187103" pubName="DO1" artType="Portaria" pubDate="01/08/2025" artClass="00047:00001:00000:00000:00000:00000:00000:00000:00000:00000:00054:00000" artCategory="Ministério da Saúde/Gabinete do Ministro" artSize="12" artNotes="" numberPage="110" pdfPage="http://pesquisa.in.gov.br/imprensa/jsp/visualiza/index.jsp?data=01/08/2025&amp;jornal=515&amp;pagina=110" editionNumber="144" highlightType="" highlightPriority="" highlight="" highlightimage="" highlightimagename="" idMateria="22941770">
  <body>
    <Identifica><![CDATA[ Portaria GM/MS Nº 7.741, DE 30 DE julho DE 2025]]></Identifica>
    <Data><![CDATA[]]></Data>
    <Ementa><![CDATA[ Credencia o município de Belém/PA a fazer jus a transferência dos incentivos financeiros federais de custeio referentes aos Agentes Comunitários de Saúde - ACS, no âmbito da Atenção Primária à Saúde.  ]]></Ementa>
    <Titulo />
    <SubTitulo />
    <Texto><![CDATA[<p class="identifica">Portaria GM/MS Nº 7.741, DE 30 DE julho DE 2025</p><p class="ementa">Credencia o município de Belém/PA a fazer jus a transferência dos incentivos financeiros federais de custeio referentes aos Agentes Comunitários de Saúde - ACS, no âmbito da Atenção Primária à Saúde.</p><p>O MINISTRO DE ESTADO DA SAÚDE, no uso das atribuições que lhe conferem os incisos I e II do parágrafo único do art. 87 da Constituição, resolve:</p><p>Art. 1º Esta Portaria dispõe sobre o credenciamento do município de Belém/PA a fazer jus a transferência dos incentivos financeiros federais de custeio referentes aos Agentes Comunitários de Saúde - ACS, com periodicidade da transferência mensal, caso não exista nenhuma irregularidade que motive a suspensão.</p><p>Parágrafo único. As transferências dos incentivos de custeio federal referentes aos ACS credenciados ocorrerão de acordo com o estabelecido nas Portaria de Consolidação GM/MS nº 2 e 6, de 28 de setembro de 2017, e na Portaria de Consolidação SAPS/MS nº 1, de 2 de junho de 2021.</p><p>Art. 2º Fica credenciado o quantitativo de ACS do município de Belém/PA, listado no Anexo a esta Portaria.</p><p>Art. 3º Os créditos orçamentários, objeto desta Portaria, totalizam o valor de R$ 6.727.776,00 (seis milhões, setecentos e vinte e sete mil, setecentos e setenta e seis reais) para o ano de 2025 e de R$ 23.478.520,00 (vinte e três milhões quatrocentos e setenta e oito mil quinhentos e vinte reais) para o ano de 2026, onerando o Programa de Trabalho 20.36901.10.301.5119.00UC - Transferência aos Entes Federativos para o Pagamento dos Vencimentos dos Agentes Comunitários de Saúde, no Plano Orçamentário 0000 - Transferência aos Entes Federativos para o Pagamento dos Vencimentos dos Agentes Comunitários de Saúde.</p><p>Art. 4º Esta Portaria entra em vigor na data de sua publicação.</p><p class="assina">ALEXANDRE ROCHA SANTOS PADILHA</p><p class="anexo">ANEXO</p><p>QUANTIDADE DE AGENTES COMUNITÁRIOS DE SAÚDE - ACS CREDENCIADOS</p><p /><p></p><table><tr /><tr><td rowspan="1" colspan="1"><p>UF</p></td><td rowspan="1" colspan="1"><p>IBGE</p></td><td rowspan="1" colspan="1"><p>Município</p></td><td rowspan="1" colspan="1"><p>Quantidade</p></td></tr><tr><td rowspan="1" colspan="1"><p>PA</p></td><td rowspan="1" colspan="1"><p>150140</p></td><td rowspan="1" colspan="1"><p>Belém</p></td><td rowspan="1" colspan="1"><p>554</p></td></tr></table>]]></Texto>
  </body>
  <Midias />
</article></xml>