﻿<xml><article id="44732141" name="resolucao_2896_2025 COAFE_002" idOficio="11191160" pubName="DO1" artType="Resolução" pubDate="01/08/2025" artClass="00047:00048:00016:00006:00002:00000:00000:00000:00000:00000:00064:32896" artCategory="Ministério da Saúde/Agência Nacional de Vigilância Sanitária/4ª Diretoria/Gerência-Geral de Inspeção e Fiscalização Sanitária/Coordenação de Autorização de Funcionamento de Empresas" artSize="12" artNotes="" numberPage="179" pdfPage="http://pesquisa.in.gov.br/imprensa/jsp/visualiza/index.jsp?data=01/08/2025&amp;jornal=515&amp;pagina=179" editionNumber="144" highlightType="" highlightPriority="" highlight="" highlightimage="" highlightimagename="" idMateria="22948397">
  <body>
    <Identifica />
    <Data><![CDATA[]]></Data>
    <Ementa />
    <Titulo />
    <SubTitulo />
    <Texto><![CDATA[<p>--------------------------------------</p><p>LUXMED COMERCIO E SERVICOS LTDA / 59.897.961/0001-93</p><p>25351.113839/2025-14 / 8320932</p><p>ARMAZENAR: PRODUTOS PARA SAÚDE (DISPOSITIVOS MÉDICOS)</p><p>DISTRIBUIR: PRODUTOS PARA SAÚDE (DISPOSITIVOS MÉDICOS)</p><p>EXPEDIR: PRODUTOS PARA SAÚDE (DISPOSITIVOS MÉDICOS)</p><p>856 - AFE - CONCESSÃO - PRODUTOS PARA SAÚDE - DISTRIBUIR / 0889080259</p><p>--------------------------------------</p><p>UNITY PHARMA COMERCIO DE PRODUTOS MEDICO E HOSPITALAR LTDA / 48.226.110/0001-00</p><p>25351.114369/2025-14 / 1412022</p><p>ARMAZENAR: INSUMOS FARMACÊUTICOS / MEDICAMENTO</p><p>DISTRIBUIR: INSUMOS FARMACÊUTICOS / MEDICAMENTO</p><p>EXPEDIR: INSUMOS FARMACÊUTICOS / MEDICAMENTO</p><p>702 - AFE - CONCESSÃO - MEDICAMENTOS E INSUMOS FARMACÊUTICOS - DISTRIBUIR (SOMENTE MATRIZ) / 0893225258</p><p>--------------------------------------</p><p>MEDSHOP HOSPITALAR LTDA / 54.541.915/0001-33</p><p>25351.117465/2025-14 / 1410586</p><p>ARMAZENAR: MEDICAMENTO</p><p>DISTRIBUIR: MEDICAMENTO</p><p>EXPEDIR: MEDICAMENTO</p><p>702 - AFE - CONCESSÃO - MEDICAMENTOS E INSUMOS FARMACÊUTICOS - DISTRIBUIR (SOMENTE MATRIZ) / 0909624259</p><p>--------------------------------------</p><p>DROGARIA LIVIA ALANA LTDA / 12.564.208/0002-01</p><p>25351.132116/2025-14 / 5201981</p><p>COMÉRCIO</p><p>DISPENSAÇÃO DE MEDICAMENTOS CONTENDO SUBSTÂNCIAS SUJEITAS AO CONTROLE ESPECIAL</p><p>DISPENSAÇÃO DE MEDICAMENTOS NÃO SUJEITOS AO CONTROLE ESPECIAL</p><p>733 - AFE - CONCESSÃO - FARMÁCIAS E DROGARIAS / 0989114252</p><p>--------------------------------------</p><p>DFLOG - TRANSPORTE DE CARGAS LTDA - ME / 12.506.375/0001-07</p><p>25351.118275/2025-14 / 2111313</p><p>TRANSPORTAR: COSMÉTICOS</p><p>728 - AFE - CONCESSÃO - COSMÉTICOS, PERFUMES E PRODUTOS DE HIGIENE - TRANSPORTAR (SOMENTE MATRIZ) / 0914076256</p><p>--------------------------------------</p><p>FARMACIA INCONFIDENCIA LTDA / 60.028.553/0001-84</p><p>25351.122412/2025-15 / 5201873</p><p>COMÉRCIO</p><p>DISPENSAÇÃO DE MEDICAMENTOS CONTENDO SUBSTÂNCIAS SUJEITAS AO CONTROLE ESPECIAL</p><p>DISPENSAÇÃO DE MEDICAMENTOS NÃO SUJEITOS AO CONTROLE ESPECIAL</p><p>733 - AFE - CONCESSÃO - FARMÁCIAS E DROGARIAS / 0933288255</p><p>--------------------------------------</p><p>DROGARIA NOSSA UNIÃO NOVA BRASILIA LTDA / 60.626.000/0001-23</p><p>25351.120479/2025-15 / 5201612</p><p>COMÉRCIO</p><p>DISPENSAÇÃO DE MEDICAMENTOS CONTENDO SUBSTÂNCIAS SUJEITAS AO CONTROLE ESPECIAL</p><p>DISPENSAÇÃO DE MEDICAMENTOS NÃO SUJEITOS AO CONTROLE ESPECIAL</p><p>PRESTAÇÃO DE SERVIÇOS FARMACÊUTICOS</p><p>733 - AFE - CONCESSÃO - FARMÁCIAS E DROGARIAS / 0924412259</p><p>--------------------------------------</p><p>CRB MAGALHÃES FARMÁCIA LTDA / 61.487.162/0001-90</p><p>25351.120341/2025-16 / 5201597</p><p>COMÉRCIO</p><p>DISPENSAÇÃO DE MEDICAMENTOS CONTENDO SUBSTÂNCIAS SUJEITAS AO CONTROLE ESPECIAL</p><p>DISPENSAÇÃO DE MEDICAMENTOS NÃO SUJEITOS AO CONTROLE ESPECIAL</p><p>PRESTAÇÃO DE SERVIÇOS FARMACÊUTICOS</p><p>733 - AFE - CONCESSÃO - FARMÁCIAS E DROGARIAS / 0923566252</p><p>--------------------------------------</p><p>VITAL SUPPLY IMPORTADORA E EXPORTADORA LTDA / 60.926.064/0001-40</p><p>25351.113809/2025-16 / 2110153</p><p>ARMAZENAR: COSMÉTICOS / PERFUMES / PRODUTOS DE HIGIENE</p><p>DISTRIBUIR: COSMÉTICOS</p><p>EXPEDIR: COSMÉTICOS / PERFUMES / PRODUTOS DE HIGIENE</p><p>723 - AFE - CONCESSÃO - COSMÉTICOS, PERFUMES E PRODUTOS DE HIGIENE - DISTRIBUIR (SOMENTE MATRIZ) / 0889023255</p><p>--------------------------------------</p><p>MEDSHOP HOSPITALAR LTDA / 54.541.915/0001-33</p><p>25351.117391/2025-16 / 8321253</p><p>ARMAZENAR: PRODUTOS PARA SAÚDE (DISPOSITIVOS MÉDICOS)</p><p>DISTRIBUIR: PRODUTOS PARA SAÚDE (DISPOSITIVOS MÉDICOS)</p><p>EXPEDIR: PRODUTOS PARA SAÚDE (DISPOSITIVOS MÉDICOS)</p><p>856 - AFE - CONCESSÃO - PRODUTOS PARA SAÚDE - DISTRIBUIR / 0909515255</p><p>--------------------------------------</p><p>RODRIGUES PRODUTOS FARMACEUTICOS LIMITADA / 61.541.020/0001-64</p><p>25351.122934/2025-17 / 5201916</p><p>COMÉRCIO</p><p>DISPENSAÇÃO DE MEDICAMENTOS CONTENDO SUBSTÂNCIAS SUJEITAS AO CONTROLE ESPECIAL</p><p>DISPENSAÇÃO DE MEDICAMENTOS NÃO SUJEITOS AO CONTROLE ESPECIAL</p><p>PRESTAÇÃO DE SERVIÇOS FARMACÊUTICOS</p><p>733 - AFE - CONCESSÃO - FARMÁCIAS E DROGARIAS / 0935160256</p><p>--------------------------------------</p><p>LG FARMACIA LTDA / 60.773.316/0001-48</p><p>25351.121576/2025-17 / 5202150</p><p>COMÉRCIO</p><p>DISPENSAÇÃO DE MEDICAMENTOS CONTENDO SUBSTÂNCIAS SUJEITAS AO CONTROLE ESPECIAL</p><p>DISPENSAÇÃO DE MEDICAMENTOS NÃO SUJEITOS AO CONTROLE ESPECIAL</p><p>PRESTAÇÃO DE SERVIÇOS FARMACÊUTICOS</p><p>733 - AFE - CONCESSÃO - FARMÁCIAS E DROGARIAS / 0928764257</p><p>--------------------------------------</p><p>KAVOD BRASIL COMERCIO E IMPORTACAO DE PRODUTOS DE USO DOMESTICO LTDA / 12.389.993/0001-14</p><p>25351.097926/2025-17 / 8319446</p><p>ARMAZENAR: PRODUTOS PARA SAÚDE (DISPOSITIVOS MÉDICOS)</p><p>DISTRIBUIR: PRODUTOS PARA SAÚDE (DISPOSITIVOS MÉDICOS)</p><p>EXPEDIR: PRODUTOS PARA SAÚDE (DISPOSITIVOS MÉDICOS)</p><p>IMPORTAR: PRODUTOS PARA SAÚDE (DISPOSITIVOS MÉDICOS)</p><p>859 - AFE - CONCESSÃO - PRODUTOS PARA SAÚDE - IMPORTAR / 0791490254</p><p>--------------------------------------</p><p>MARIA MADALENA COSMO VICENTE / 60.869.176/0001-06</p><p>25351.132187/2025-17 / 5202069</p><p>COMÉRCIO</p><p>DISPENSAÇÃO DE MEDICAMENTOS CONTENDO SUBSTÂNCIAS SUJEITAS AO CONTROLE ESPECIAL</p><p>DISPENSAÇÃO DE MEDICAMENTOS NÃO SUJEITOS AO CONTROLE ESPECIAL</p><p>733 - AFE - CONCESSÃO - FARMÁCIAS E DROGARIAS / 0989716252</p><p>--------------------------------------</p><p>elevate dental produtos odontologicos ltda / 61.160.645/0001-86</p><p>25351.113691/2025-18 / 8322916</p><p>COMÉRCIO VAREJISTA: PRODUTOS PARA SAÚDE (DISPOSITIVOS MÉDICOS)</p><p>860 - AFE - CONCESSÃO - PRODUTOS PARA SAÚDE - COMÉRCIO VAREJISTA / 0888754256</p><p>--------------------------------------</p><p>j w t de adelia / 43.550.137/0001-22</p><p>25351.097718/2025-18 / 5201703</p><p>COMÉRCIO</p><p>DISPENSAÇÃO DE MEDICAMENTOS CONTENDO SUBSTÂNCIAS SUJEITAS AO CONTROLE ESPECIAL</p><p>DISPENSAÇÃO DE MEDICAMENTOS NÃO SUJEITOS AO CONTROLE ESPECIAL</p><p>PRESTAÇÃO DE SERVIÇOS FARMACÊUTICOS</p><p>733 - AFE - CONCESSÃO - FARMÁCIAS E DROGARIAS / 0790883252</p><p>--------------------------------------</p><p>H ALVES TOLEDO LTDA / 48.630.970/0001-05</p><p>25351.131754/2025-18 / 5201808</p><p>COMÉRCIO</p><p>DISPENSAÇÃO DE MEDICAMENTOS CONTENDO SUBSTÂNCIAS SUJEITAS AO CONTROLE ESPECIAL</p><p>DISPENSAÇÃO DE MEDICAMENTOS NÃO SUJEITOS AO CONTROLE ESPECIAL</p><p>PRESTAÇÃO DE SERVIÇOS FARMACÊUTICOS</p><p>733 - AFE - CONCESSÃO - FARMÁCIAS E DROGARIAS / 0987686259</p><p>--------------------------------------</p><p>MAURO SERETNI TRANSPORTES LTDA / 58.896.245/0001-29</p><p>25351.118162/2025-19 / 2111284</p><p>TRANSPORTAR: PRODUTOS DE HIGIENE</p><p>728 - AFE - CONCESSÃO - COSMÉTICOS, PERFUMES E PRODUTOS DE HIGIENE - TRANSPORTAR (SOMENTE MATRIZ) / 0913750255</p><p>--------------------------------------</p><p>OXIMASTER GASES E EQUIPAMENTOS LTDA / 03.935.631/0001-90</p><p>25351.089912/2025-20 / 1408384</p><p>ARMAZENAR: MEDICAMENTO</p><p>DISTRIBUIR: MEDICAMENTO</p><p>EXPEDIR: MEDICAMENTO</p><p>TRANSPORTAR: MEDICAMENTO</p><p>702 - AFE - CONCESSÃO - MEDICAMENTOS E INSUMOS FARMACÊUTICOS - DISTRIBUIR (SOMENTE MATRIZ) / 0738204251</p><p>--------------------------------------</p><p>M.H.L DROGARIA S.A / 09.396.401/0001-87</p><p>25351.113643/2025-20 / 2110140</p><p>ARMAZENAR: COSMÉTICOS / PERFUMES / PRODUTOS DE HIGIENE</p><p>DISTRIBUIR: COSMÉTICOS / PERFUMES / PRODUTOS DE HIGIENE</p><p>EXPEDIR: COSMÉTICOS / PERFUMES / PRODUTOS DE HIGIENE</p><p>723 - AFE - CONCESSÃO - COSMÉTICOS, PERFUMES E PRODUTOS DE HIGIENE - DISTRIBUIR (SOMENTE MATRIZ) / 0888644256</p><p>--------------------------------------</p><p>K. R. L. SANTOS LTDA / 30.281.603/0001-70</p><p>25351.115513/2025-21 / 8321068</p><p>ARMAZENAR: PRODUTOS PARA SAÚDE (DISPOSITIVOS MÉDICOS)</p><p>DISTRIBUIR: PRODUTOS PARA SAÚDE (DISPOSITIVOS MÉDICOS)</p><p>EXPEDIR: PRODUTOS PARA SAÚDE (DISPOSITIVOS MÉDICOS)</p><p>856 - AFE - CONCESSÃO - PRODUTOS PARA SAÚDE - DISTRIBUIR / 0900091258</p><p>--------------------------------------</p><p>RAFAEL DA SILVA NASCIMENTO FARMACIA LTDA / 60.697.995/0001-13</p><p>25351.132241/2025-24 / 5202268</p><p>COMÉRCIO</p><p>DISPENSAÇÃO DE MEDICAMENTOS CONTENDO SUBSTÂNCIAS SUJEITAS AO CONTROLE ESPECIAL</p><p>DISPENSAÇÃO DE MEDICAMENTOS NÃO SUJEITOS AO CONTROLE ESPECIAL</p><p>733 - AFE - CONCESSÃO - FARMÁCIAS E DROGARIAS / 0990223256</p><p>--------------------------------------</p><p>2 BRASIL FARMA LTDA / 58.185.480/0001-92</p><p>25351.062293/2025-26 / 5201688</p><p>COMÉRCIO</p><p>DISPENSAÇÃO DE MEDICAMENTOS NÃO SUJEITOS AO CONTROLE ESPECIAL</p><p>733 - AFE - CONCESSÃO - FARMÁCIAS E DROGARIAS / 0549385258</p><p>--------------------------------------</p><p>COMERCIO DE MEDICAMENTO MODENA E SILVA LTDA / 50.292.798/0001-60</p><p>25351.118183/2025-26 / 1412005</p><p>ARMAZENAR: MEDICAMENTO</p><p>DISTRIBUIR: MEDICAMENTO</p><p>EXPEDIR: MEDICAMENTO</p>]]></Texto>
  </body>
  <Midias />
</article></xml>