﻿<xml><article id="44735527" name="instrucao_normativa_388_2025 DIR" idOficio="11191434" pubName="DO1" artType="Instrução Normativa" pubDate="01/08/2025" artClass="00047:00048:00008:00000:00000:00000:00000:00000:00000:00000:00024:00004" artCategory="Ministério da Saúde/Agência Nacional de Vigilância Sanitária/Diretoria Colegiada" artSize="24" artNotes="" numberPage="175" pdfPage="http://pesquisa.in.gov.br/imprensa/jsp/visualiza/index.jsp?data=01/08/2025&amp;jornal=515&amp;pagina=175" editionNumber="144" highlightType="" highlightPriority="" highlight="" highlightimage="" highlightimagename="" idMateria="22948778">
  <body>
    <Identifica />
    <Data><![CDATA[]]></Data>
    <Ementa />
    <Titulo />
    <SubTitulo />
    <Texto><![CDATA[<p /><p></p><table><tr /><tr><td rowspan="1" colspan="1"><p>Menaeptenona</p></td><td rowspan="1" colspan="1"><p>M05B - Medicamentos afetando a estrutura óssea e mineralização</p></td><td rowspan="1" colspan="1"><p>Comprimido</p></td><td rowspan="1" colspan="1"><p>180 mcg</p></td><td rowspan="1" colspan="1"><p>Auxiliar no processo de mineralização óssea.</p></td></tr><tr><td rowspan="1" colspan="1"><p>Metronidazol</p></td><td rowspan="1" colspan="1"><p>D06B - Quimioterápicos de uso local</p></td><td rowspan="1" colspan="1"><p>Creme dermatológico, gel dermatológico</p></td><td rowspan="1" colspan="1"><p>7,5 mg/g</p></td><td rowspan="1" colspan="1"><p>Rosácea.</p></td></tr><tr><td rowspan="1" colspan="1"><p>Naproxeno</p></td><td rowspan="1" colspan="1"><p>M01A - Antiinflamatórios e antirreumáticos não esteroidais</p></td><td rowspan="1" colspan="1"><p>Comprimido</p></td><td rowspan="1" colspan="1"><p>500 mg</p></td><td rowspan="1" colspan="1"><p>Dores agudas causadas por inflamação; dor e febre, incluindo às associadas a sintomas de gripe e resfriado; dores musculares e articulares; dor após traumas.</p></td></tr><tr><td rowspan="1" colspan="1"><p>Naproxeno sódico</p></td><td rowspan="1" colspan="1"><p>M01A - Antiinflamatórios e antirreumáticos não esteroidais</p></td><td rowspan="1" colspan="1"><p>Comprimido revestido</p></td><td rowspan="1" colspan="1"><p>550 mg</p></td><td rowspan="1" colspan="1"><p>Dores agudas causadas por inflamação; dor e febre, incluindo às associadas a sintomas de gripe e resfriado; dores musculares e articulares; dor após traumas.</p></td></tr><tr><td rowspan="1" colspan="1"><p>Nicotina</p></td><td rowspan="1" colspan="1"><p>N07B - Transtornos de dependência (vício)</p></td><td rowspan="1" colspan="1"><p>Adesivo transdérmico</p></td><td rowspan="1" colspan="1"><p>21 mg</p></td><td rowspan="1" colspan="1"><p>Dependência do tabaco. Sintomas da síndrome de abstinência de nicotina.</p></td></tr><tr><td rowspan="1" colspan="1"><p>Nicotina</p></td><td rowspan="1" colspan="1"><p>N07B - Transtornos de dependência (vício)</p></td><td rowspan="1" colspan="1"><p>Pastilha, goma de mascar</p></td><td rowspan="1" colspan="1"><p>4 mg</p></td><td rowspan="1" colspan="1"><p>Dependência do tabaco. Sintomas da síndrome de abstinência de nicotina.</p></td></tr><tr><td rowspan="1" colspan="1"><p>Nimesulida</p></td><td rowspan="1" colspan="1"><p>M02A - Produtos para dor articular e muscular de uso local</p></td><td rowspan="1" colspan="1"><p>Gel dermatológico</p></td><td rowspan="1" colspan="1"><p>20mg/g</p></td><td rowspan="1" colspan="1"><p>Dor e inflamação do sistema musculoesquelético.</p></td></tr><tr><td rowspan="1" colspan="1"><p>Nistatina + óxido de zinco</p></td><td rowspan="1" colspan="1"><p>D01A - Antifúngicos de uso local</p></td><td rowspan="1" colspan="1"><p>Pomada dermatológica</p></td><td rowspan="1" colspan="1"><p>100.000U.I./g + 200mg/g</p></td><td rowspan="1" colspan="1"><p>Dermatite de fraldas. Irritações na região dos órgãos genitais e das nádegas, entre os dedos, nas axilas, sob os seios ou em outras áreas da pele que sofrem atrito em crianças e adultos.</p></td></tr><tr><td rowspan="1" colspan="1"><p>Nitrato de miconazol</p></td><td rowspan="1" colspan="1"><p>D01A - Antifúngicos de uso local</p></td><td rowspan="1" colspan="1"><p>Creme dermatológico, pó dermatológico</p></td><td rowspan="1" colspan="1"><p>20 mg/g</p></td><td rowspan="1" colspan="1"><p>Micoses superficiais de pele e unha.</p></td></tr><tr><td rowspan="1" colspan="1"><p>Nitrato de miconazol</p></td><td rowspan="1" colspan="1"><p>D01A - Antifúngicos de uso local</p></td><td rowspan="1" colspan="1"><p>Emulsão dermatológica, suspensão dermatológica</p></td><td rowspan="1" colspan="1"><p>20 mg/mL</p></td><td rowspan="1" colspan="1"><p>Dermatite de fraldas. Micoses superficiais de pele e unha.</p></td></tr><tr><td rowspan="1" colspan="1"><p>Nitrato de miconazol</p></td><td rowspan="1" colspan="1"><p>G01A - Anti-infecciosos e antissépticos ginecológicos, excluindo associações com corticosteroides</p></td><td rowspan="1" colspan="1"><p>Creme vaginal</p></td><td rowspan="1" colspan="1"><p>20 mg/g</p></td><td rowspan="1" colspan="1"><p>Candidíase vaginal e perianal.</p></td></tr><tr><td rowspan="1" colspan="1"><p>Nitrato de oxiconazol</p></td><td rowspan="1" colspan="1"><p>D01A - Antifúngicos de uso local</p></td><td rowspan="1" colspan="1"><p>Creme dermatológico</p></td><td rowspan="1" colspan="1"><p>10,0 mg/g</p></td><td rowspan="1" colspan="1"><p>Micoses superficiais de pele, dermatite seborreica, candidíase vulvar e peniana e infecções mistas por fungos e bactérias.</p></td></tr><tr><td rowspan="1" colspan="1"><p>Nitrato de oxiconazol</p></td><td rowspan="1" colspan="1"><p>D01A - Antifúngicos de uso local</p></td><td rowspan="1" colspan="1"><p>Solução dermatológica</p></td><td rowspan="1" colspan="1"><p>10,0 mg/mL</p></td><td rowspan="1" colspan="1"><p>Micoses superficiais de pele, dermatite seborreica, candidíase vulvar e peniana e infecções mistas por fungos e bactérias.</p></td></tr><tr><td rowspan="1" colspan="1"><p>Óxido de zinco + salicilato de fenila + ácido bórico + enxofre + mentol + cânfora</p></td><td rowspan="1" colspan="1"><p>D01A - Antifúngicos de uso local</p></td><td rowspan="1" colspan="1"><p>Pó dermatológico</p></td><td rowspan="1" colspan="1"><p>10 + 2,0 + 5,0 + 5,0 + 0,2 + 1,0 mg/g</p></td><td rowspan="1" colspan="1"><p>Dermatite de fraldas. Brotoeja. Desodorante e antiperspirante de pés e axilas. Prevenção de frieiras e pruridos na pele.</p></td></tr><tr><td rowspan="1" colspan="1"><p>Palmitato de retinol (Vit. A) + colecalciferol (Vit. D3) + acetato de racealfatocoferol (Vit. E) + alantoína</p></td><td rowspan="1" colspan="1"><p>D02A - Emolientes e protetores de uso local</p></td><td rowspan="1" colspan="1"><p>Creme dermatológico</p></td><td rowspan="1" colspan="1"><p>5000 + 1000 + 20 UI/g + 2 mg/g</p></td><td rowspan="1" colspan="1"><p>Pele seca e áspera. Irritações da pele de pequena intensidade provocadas pela exposição ao sol.</p></td></tr><tr><td rowspan="1" colspan="1"><p>Paracetamol</p></td><td rowspan="1" colspan="1"><p>N02B - Analgésicos e antipiréticos</p></td><td rowspan="1" colspan="1"><p>Comprimido efervescente</p></td><td rowspan="1" colspan="1"><p>500 mg</p></td><td rowspan="1" colspan="1"><p>Febre. Dores leves a moderadas, incluindo as associadas a gripes e resfriados comuns.</p></td></tr><tr><td rowspan="1" colspan="1"><p>Paracetamol</p></td><td rowspan="1" colspan="1"><p>N02B - Analgésicos e antipiréticos</p></td><td rowspan="1" colspan="1"><p>Comprimido mastigável</p></td><td rowspan="1" colspan="1"><p>160 mg</p></td><td rowspan="1" colspan="1"><p>Febre. Dores leves a moderadas, incluindo as associadas a gripes e resfriados comuns.</p></td></tr><tr><td rowspan="1" colspan="1"><p>Paracetamol</p></td><td rowspan="1" colspan="1"><p>N02B - Analgésicos e antipiréticos</p></td><td rowspan="1" colspan="1"><p>Comprimido revestido</p></td><td rowspan="1" colspan="1"><p>750 mg</p></td><td rowspan="1" colspan="1"><p>Febre. Dores leves a moderadas, incluindo as associadas a gripes e resfriados comuns.</p></td></tr><tr><td rowspan="1" colspan="1"><p>Paracetamol</p></td><td rowspan="1" colspan="1"><p>N02B - Analgésicos e antipiréticos</p></td><td rowspan="1" colspan="1"><p>Comprimido revestido de liberação prolongada</p></td><td rowspan="1" colspan="1"><p>650 mg</p></td><td rowspan="1" colspan="1"><p>Febre. Dores leves a moderadas, incluindo as associadas a gripes e resfriados comuns.</p></td></tr><tr><td rowspan="1" colspan="1"><p>Paracetamol</p></td><td rowspan="1" colspan="1"><p>N02B - Analgésicos e antipiréticos</p></td><td rowspan="1" colspan="1"><p>Pó</p></td><td rowspan="1" colspan="1"><p>100 mg/g</p></td><td rowspan="1" colspan="1"><p>Febre. Dores leves a moderadas, incluindo as associadas a gripes e resfriados comuns.</p></td></tr><tr><td rowspan="1" colspan="1"><p>Paracetamol + cafeína</p></td><td rowspan="1" colspan="1"><p>N02B - Analgésicos e antipiréticos</p></td><td rowspan="1" colspan="1"><p>Comprimido efervescente</p></td><td rowspan="1" colspan="1"><p>500 + 65 mg</p></td><td rowspan="1" colspan="1"><p>Febre. Dores leves a moderadas, incluindo as associadas a gripes e resfriados comuns.</p></td></tr><tr><td rowspan="1" colspan="1"><p>Paracetamol + carisoprodol + cafeína</p></td><td rowspan="1" colspan="1"><p>N02B - Analgésicos e antipiréticos</p></td><td rowspan="1" colspan="1"><p>Comprimido</p></td><td rowspan="1" colspan="1"><p>350 + 150 + 50 mg</p></td><td rowspan="1" colspan="1"><p>Dores musculares leves a moderadas.</p></td></tr><tr><td rowspan="1" colspan="1"><p>Paracetamol + citrato de orfenadrina + cafeína</p></td><td rowspan="1" colspan="1"><p>M03B - Relaxantes musculares de ação central</p></td><td rowspan="1" colspan="1"><p>Comprimido</p></td><td rowspan="1" colspan="1"><p>450 + 35 + 50 mg</p></td><td rowspan="1" colspan="1"><p>Dores leves a moderadas associadas a contraturas musculares, incluindo cefaleia tensional.</p></td></tr><tr><td rowspan="1" colspan="1"><p>Paracetamol + cloridrato de fenilefrina</p></td><td rowspan="1" colspan="1"><p>N02B - Analgésicos e antipiréticos</p></td><td rowspan="1" colspan="1"><p>Comprimido</p></td><td rowspan="1" colspan="1"><p>800 + 20 mg</p></td><td rowspan="1" colspan="1"><p>Sintomas da gripe e resfriado comuns, como febre, dor, coriza e congestão nasal.</p></td></tr><tr><td rowspan="1" colspan="1"><p>Paracetamol + cloridrato de fenilefrina + maleato de carbinoxamina</p></td><td rowspan="1" colspan="1"><p>N02B - Analgésicos e antipiréticos</p></td><td rowspan="1" colspan="1"><p>Comprimido</p></td><td rowspan="1" colspan="1"><p>800 + 20 + 4 mg</p></td><td rowspan="1" colspan="1"><p>Sintomas da gripe e resfriado comuns, como febre, dor, coriza e congestão nasal.</p></td></tr><tr><td rowspan="1" colspan="1"><p>Paracetamol + cloridrato de fenilefrina + maleato de carbinoxamina</p></td><td rowspan="1" colspan="1"><p>N02B - Analgésicos e antipiréticos</p></td><td rowspan="1" colspan="1"><p>Solução oral</p></td><td rowspan="1" colspan="1"><p>40 + 1 + 0,4 mg/mL</p></td><td rowspan="1" colspan="1"><p>Sintomas da gripe e resfriado comuns, como febre, dor, coriza e congestão nasal.</p></td></tr><tr><td rowspan="1" colspan="1"><p>Paracetamol + cloridrato de fenilefrina + maleato de carbinoxamina + citrato de pentoxiverina</p></td><td rowspan="1" colspan="1"><p>N02B - Analgésicos e antipiréticos</p></td><td rowspan="1" colspan="1"><p>Comprimido</p></td><td rowspan="1" colspan="1"><p>400 + 10 + 2 + 10 mg</p></td><td rowspan="1" colspan="1"><p>Sintomas da gripe e resfriado comuns, como febre, dor, coriza e congestão nasal.</p></td></tr><tr><td rowspan="1" colspan="1"><p>Paracetamol + cloridrato de fenilefrina + maleato de clorfeniramina</p></td><td rowspan="1" colspan="1"><p>N02B - Analgésicos e antipiréticos</p></td><td rowspan="1" colspan="1"><p>Cápsula dura, comprimido</p></td><td rowspan="1" colspan="1"><p>400 + 4 + 4 mg</p></td><td rowspan="1" colspan="1"><p>Sintomas da gripe e resfriado comuns, como febre, dor, coriza e congestão nasal.</p></td></tr><tr><td rowspan="1" colspan="1"><p>Paracetamol + cloridrato de fenilefrina + maleato de clorfeniramina</p></td><td rowspan="1" colspan="1"><p>N02B - Analgésicos e antipiréticos</p></td><td rowspan="1" colspan="1"><p>Pó para solução oral</p></td><td rowspan="1" colspan="1"><p>80 + 0,8 + 0,8 mg/g</p></td><td rowspan="1" colspan="1"><p>Sintomas da gripe e resfriado comuns, como febre, dor, coriza e congestão nasal.</p></td></tr><tr><td rowspan="1" colspan="1"><p>Paracetamol + cloridrato de fenilefrina + maleato de clorfeniramina</p></td><td rowspan="1" colspan="1"><p>N02B - Analgésicos e antipiréticos</p></td><td rowspan="1" colspan="1"><p>Solução oral</p></td><td rowspan="1" colspan="1"><p>40 + 0,6 + 0,6 mg/mL</p></td><td rowspan="1" colspan="1"><p>Sintomas da gripe e resfriado comuns, como febre, dor, coriza e congestão nasal.</p></td></tr><tr><td rowspan="1" colspan="1"><p>Paracetamol + maleato de carbinoxamina</p></td><td rowspan="1" colspan="1"><p>N02B - Analgésicos e antipiréticos</p></td><td rowspan="1" colspan="1"><p>Solução oral</p></td><td rowspan="1" colspan="1"><p>120 + 2 mg/mL</p></td><td rowspan="1" colspan="1"><p>Sintomas da gripe e resfriado comuns, como febre, dor, coriza e congestão nasal.</p></td></tr><tr><td rowspan="1" colspan="1"><p>Paracetamol + propifenazona + cafeína</p></td><td rowspan="1" colspan="1"><p>N02B - Analgésicos e antipiréticos</p></td><td rowspan="1" colspan="1"><p>Comprimido</p></td><td rowspan="1" colspan="1"><p>250 + 150 + 50 mg</p></td><td rowspan="1" colspan="1"><p>Febre. Dores leves a moderadas, incluindo as associadas com gripes e resfriados comuns.</p></td></tr><tr><td rowspan="1" colspan="1"><p>Penciclovir</p></td><td rowspan="1" colspan="1"><p>D06B - Quimioterápicos para uso local</p></td><td rowspan="1" colspan="1"><p>Creme</p></td><td rowspan="1" colspan="1"><p>10 mg/g</p></td><td rowspan="1" colspan="1"><p>Tratamento tópico de herpes labial.</p></td></tr><tr><td rowspan="1" colspan="1"><p>Permetrina</p></td><td rowspan="1" colspan="1"><p>P03A - Ectoparasiticidas, incluindo escabicidas</p></td><td rowspan="1" colspan="1"><p>Emulsão dermatológica, suspensão dermatológica</p></td><td rowspan="1" colspan="1"><p>10 mg/mL</p></td><td rowspan="1" colspan="1"><p>Pediculose.</p></td></tr><tr><td rowspan="1" colspan="1"><p>Permetrina</p></td><td rowspan="1" colspan="1"><p>P03A - Ectoparasiticidas, incluindo escabicidas</p></td><td rowspan="1" colspan="1"><p>Emulsão dermatológica, suspensão dermatológica</p></td><td rowspan="1" colspan="1"><p>50 mg/mL</p></td><td rowspan="1" colspan="1"><p>Escabiose.</p></td></tr><tr><td rowspan="1" colspan="1"><p>Picossulfato de sódio</p></td><td rowspan="1" colspan="1"><p>A06A - Laxantes</p></td><td rowspan="1" colspan="1"><p>Solução oral</p></td><td rowspan="1" colspan="1"><p>7,5 mg/mL</p></td><td rowspan="1" colspan="1"><p>Laxativo. Prisão de ventre. Sob orientação de profissional de saúde: preparo diagnóstico ou cirúrgico.</p></td></tr><tr><td rowspan="1" colspan="1"><p>Picossulfato de sódio + Cássia senna 1DH + Polygonum punctatum 1CH + Collinsonia canadensis 1CH</p></td><td rowspan="1" colspan="1"><p>A06A - Laxantes</p></td><td rowspan="1" colspan="1"><p>Comprimido</p></td><td rowspan="1" colspan="1"><p>0,005g+ 0,020 + 0,015 + 0,015 g</p></td><td rowspan="1" colspan="1"><p>Laxativo. Prisão de ventre.</p></td></tr><tr><td rowspan="1" colspan="1"><p>Picossulfato de sódio + óleo mineral leve + ágarágar</p></td><td rowspan="1" colspan="1"><p>A06A - Laxantes</p></td><td rowspan="1" colspan="1"><p>Emulsão oral</p></td><td rowspan="1" colspan="1"><p>0,334 + 282,25 + 2,72 mg/mL</p></td><td rowspan="1" colspan="1"><p>Laxativo. Prisão de ventre.</p></td></tr><tr><td rowspan="1" colspan="1"><p>Policarbofila cálcica</p></td><td rowspan="1" colspan="1"><p>A06A - Laxantes</p></td><td rowspan="1" colspan="1"><p>Comprimido revestido</p></td><td rowspan="1" colspan="1"><p>625 mg</p></td><td rowspan="1" colspan="1"><p>Regularização do hábito intestinal. Constipação intestinal ou diarreia associadas a condições como diverticulose e síndrome do intestino irritável.</p></td></tr><tr><td rowspan="1" colspan="1"><p>Policresuleno + cloridrato de cinchocaína</p></td><td rowspan="1" colspan="1"><p>C05A - Agentes para tratamento de hemorroidas e fissuras anais de uso local</p></td><td rowspan="1" colspan="1"><p>Pomada retal</p></td><td rowspan="1" colspan="1"><p>50 + 10 mg/g</p></td><td rowspan="1" colspan="1"><p>Hemorroidas. Fissuras, prurido e eczemas da região do ânus. Curativo após cirurgias proctológicas.</p></td></tr><tr><td rowspan="1" colspan="1"><p>Policresuleno + cloridrato de cinchocaína</p></td><td rowspan="1" colspan="1"><p>C05A - Agentes para tratamento de hemorroidas e fissuras anais de uso local</p></td><td rowspan="1" colspan="1"><p>Supositório</p></td><td rowspan="1" colspan="1"><p>100 + 27 mg</p></td><td rowspan="1" colspan="1"><p>Hemorroidas. Fissuras, prurido e eczemas da região do ânus. Curativo após cirurgias proctológicas.</p></td></tr><tr><td rowspan="1" colspan="1"><p>Polissulfato de mucopolissacarídeo</p></td><td rowspan="1" colspan="1"><p>C05B - Terapia antivaricosa</p></td><td rowspan="1" colspan="1"><p>Gel dermatológico, pomada dermatológica</p></td><td rowspan="1" colspan="1"><p>5 mg/g</p></td><td rowspan="1" colspan="1"><p>Hematomas e inflamação provocada por varizes e em processos inflamatórios localizados.</p></td></tr><tr><td rowspan="1" colspan="1"><p>Prometazina</p></td><td rowspan="1" colspan="1"><p>D04A - Antipruriginosos, incluindo antihistamínicos, anestésicos e outros de uso local</p></td><td rowspan="1" colspan="1"><p>Creme dermatológico</p></td><td rowspan="1" colspan="1"><p>20 mg/g</p></td><td rowspan="1" colspan="1"><p>Prurido. Picada de insetos.</p></td></tr><tr><td rowspan="1" colspan="1"><p>Racemetionina + cloreto de colina</p></td><td rowspan="1" colspan="1"><p>A05B - Terapia biliar, lipotrópicos</p></td><td rowspan="1" colspan="1"><p>Comprimido revestido</p></td><td rowspan="1" colspan="1"><p>100 + 20 mg</p></td><td rowspan="1" colspan="1"><p>Auxiliar no tratamento dos distúrbios do fígado</p></td></tr><tr><td rowspan="1" colspan="1"><p>Saccharomyces boulardii</p></td><td rowspan="1" colspan="1"><p>A07F - Microrganismos antidiarreicos</p></td><td rowspan="1" colspan="1"><p>Cápsula dura, pó oral</p></td><td rowspan="1" colspan="1"><p>250 mg</p></td><td rowspan="1" colspan="1"><p>Diarreias de diferentes causas. Restauração da flora intestinal.</p></td></tr><tr><td rowspan="1" colspan="1"><p>Salicilato de etilenoglicol + levomentol + acetato de racealfatocoferol + cânfora</p></td><td rowspan="1" colspan="1"><p>M02A - Produtos para dor articular e muscular de uso local</p></td><td rowspan="1" colspan="1"><p>Emplasto</p></td><td rowspan="1" colspan="1"><p>175 + 140 + 140 + 42 mg</p></td><td rowspan="1" colspan="1"><p>Dor e inflamação do sistema musculoesquelético.</p></td></tr><tr><td rowspan="1" colspan="1"><p>Salicilato de etilenoglicol + levomentol + acetato de racealfatocoferol+ cânfora</p></td><td rowspan="1" colspan="1"><p>M02A - Produtos para dor articular e muscular de uso local</p></td><td rowspan="1" colspan="1"><p>Adesivo dermatológico</p></td><td rowspan="1" colspan="1"><p>12,5 mg+ 10 mg + 10 mg + 3 mg</p></td><td rowspan="1" colspan="1"><p>Dor e inflamação do sistema musculoesquelético.</p></td></tr><tr><td rowspan="1" colspan="1"><p>Salicilato de metila + cânfora + levomentol</p></td><td rowspan="1" colspan="1"><p>M02A - Produtos para dor articular e muscular de uso local</p></td><td rowspan="1" colspan="1"><p>Adesivo dermatológico</p></td><td rowspan="1" colspan="1"><p>144 + 28,4 + 131 mg</p></td><td rowspan="1" colspan="1"><p>Dor e inflamação do sistema musculoesquelético.</p></td></tr><tr><td rowspan="1" colspan="1"><p>Salicilato de metila + cânfora + levomentol</p></td><td rowspan="1" colspan="1"><p>M02A - Produtos para dor articular e muscular de uso local</p></td><td rowspan="1" colspan="1"><p>Pomada dermatológica</p></td><td rowspan="1" colspan="1"><p>52,5 + 44,4 + 20 mg/g</p></td><td rowspan="1" colspan="1"><p>Dor e inflamação do sistema musculoesquelético.</p></td></tr><tr><td rowspan="1" colspan="1"><p>Salicilato de metila + cânfora + levomentol</p></td><td rowspan="1" colspan="1"><p>M02A - Produtos para dor articular e muscular de uso local</p></td><td rowspan="1" colspan="1"><p>Solução dermatológica</p></td><td rowspan="1" colspan="1"><p>0,0333 mL/mL + 33,3 + 8,3 mg/mL</p></td><td rowspan="1" colspan="1"><p>Dor e inflamação do sistema musculoesquelético.</p></td></tr><tr><td rowspan="1" colspan="1"><p>Salicilato de metila + cânfora + mentol</p></td><td rowspan="1" colspan="1"><p>M02A - Produtos para dor articular e muscular de uso local</p></td><td rowspan="1" colspan="1"><p>Pomada dermatológica</p></td><td rowspan="1" colspan="1"><p>52,5 + 44,4 + 20 mg/g</p></td><td rowspan="1" colspan="1"><p>Dor e inflamação do sistema musculoesquelético.</p></td></tr></table>]]></Texto>
  </body>
  <Midias />
</article></xml>