﻿<xml><article id="44717005" name="20250724-Extr-atos-mult-Otavio__" idOficio="11188273" pubName="DO1" artType="Ato" pubDate="01/08/2025" artClass="00014:00019:00014:00155:00000:00000:00000:00000:00000:00000:00006:00000" artCategory="Ministério das Comunicações/Agência Nacional de Telecomunicações/Superintendência de Fiscalização/Gerência Regional no Estado de Minas Gerais" artSize="12" artNotes="" numberPage="5" pdfPage="http://pesquisa.in.gov.br/imprensa/jsp/visualiza/index.jsp?data=01/08/2025&amp;jornal=515&amp;pagina=5" editionNumber="144" highlightType="" highlightPriority="" highlight="" highlightimage="" highlightimagename="" idMateria="22944086">
  <body>
    <Identifica><![CDATA[ ATOS DE 24 DE JULHO DE 2025]]></Identifica>
    <Data><![CDATA[]]></Data>
    <Ementa />
    <Titulo />
    <SubTitulo />
    <Texto><![CDATA[<p class="identifica">ATOS DE 24 DE JULHO DE 2025</p><p>Nº 8.663 - Expede autorização a RADIO AIMORES LTDA, CNPJ nº 16.979.031/0001-76, para explorar Serviços de Telecomunicações de Interesse Restrito, por prazo indeterminado, sem caráter de exclusividade, e tendo como área de prestação de serviço todo o território nacional.</p><p>Nº 8.664 - Expede autorização a CLAUDINEI PEREIRA MEIRA, CPF nº ***.653.686-**, para explorar Serviços de Telecomunicações de Interesse Restrito, por prazo indeterminado, sem caráter de exclusividade, e tendo como área de prestação de serviço todo o território nacional.</p><p>Nº 8.665 - Expede autorização a SOCIEDADE MINEIRA DE COMUNICACAO LTDA, CNPJ nº 11.363.099/0001-02, para explorar Serviços de Telecomunicações de Interesse Restrito, por prazo indeterminado, sem caráter de exclusividade, e tendo como área de prestação de serviço todo o território nacional.</p><p>Nº 8.666 - Expede autorização a CASSIO JOSE MACHADO FERREIRA, CPF nº ***.407.966-**, para explorar Serviços de Telecomunicações de Interesse Restrito, por prazo indeterminado, sem caráter de exclusividade, e tendo como área de prestação de serviço todo o território nacional.</p><p class="assina">Otávio Barbosa da Silva Soares</p><p class="cargo">Gerente</p>]]></Texto>
  </body>
  <Midias />
</article></xml>