﻿<xml><article id="44735801" name="Portaria FP 31 07 2025 Descreden" idOficio="11191432" pubName="DO1" artType="Despacho" pubDate="01/08/2025" artClass="00047:00039:00000:00000:00000:00000:00000:00000:00000:00000:00024:00000" artCategory="Ministério da Saúde/Secretaria de Ciência, Tecnologia e Inovação e do Complexo Econômico-Industrial da Saúde" artSize="24" artNotes="" numberPage="139" pdfPage="http://pesquisa.in.gov.br/imprensa/jsp/visualiza/index.jsp?data=01/08/2025&amp;jornal=515&amp;pagina=139" editionNumber="144" highlightType="" highlightPriority="" highlight="" highlightimage="" highlightimagename="" idMateria="22948776">
  <body>
    <Identifica />
    <Data><![CDATA[]]></Data>
    <Ementa />
    <Titulo />
    <SubTitulo />
    <Texto><![CDATA[<p /><p></p><table><tr /><tr><td rowspan="1" colspan="1"><p>1603</p></td><td rowspan="1" colspan="1"><p>47508411159856</p></td><td rowspan="1" colspan="1"><p>COMPANHIA BRASILEIRA DE DISTRIBUICAO</p></td><td rowspan="1" colspan="1"><p>PB</p></td><td rowspan="1" colspan="1"><p>CAMPINA GRANDE</p></td><td rowspan="1" colspan="1"><p>25000078311200617</p></td></tr><tr><td rowspan="1" colspan="1"><p>1604</p></td><td rowspan="1" colspan="1"><p>41133786000445</p></td><td rowspan="1" colspan="1"><p>LOTERIA AMULETO LTDA</p></td><td rowspan="1" colspan="1"><p>PB</p></td><td rowspan="1" colspan="1"><p>CAMPINA GRANDE</p></td><td rowspan="1" colspan="1"><p>25000019365200713</p></td></tr><tr><td rowspan="1" colspan="1"><p>1605</p></td><td rowspan="1" colspan="1"><p>03166242000148</p></td><td rowspan="1" colspan="1"><p>CHAVES E LOPES LTDA</p></td><td rowspan="1" colspan="1"><p>PB</p></td><td rowspan="1" colspan="1"><p>CATOLE DO ROCHA</p></td><td rowspan="1" colspan="1"><p>25000152124201412</p></td></tr><tr><td rowspan="1" colspan="1"><p>1606</p></td><td rowspan="1" colspan="1"><p>05244006000128</p></td><td rowspan="1" colspan="1"><p>JOSE ALVES PEREIRA - PRODUTOS FARMACEUTICOS</p></td><td rowspan="1" colspan="1"><p>PB</p></td><td rowspan="1" colspan="1"><p>CONCEICAO</p></td><td rowspan="1" colspan="1"><p>25000086783201364</p></td></tr><tr><td rowspan="1" colspan="1"><p>1607</p></td><td rowspan="1" colspan="1"><p>10948375002002</p></td><td rowspan="1" colspan="1"><p>CAMPINA COMERCIO DE MEDICAMENTOS LTDA - FALIDO</p></td><td rowspan="1" colspan="1"><p>PB</p></td><td rowspan="1" colspan="1"><p>ESPERANCA</p></td><td rowspan="1" colspan="1"><p>25000155421201410</p></td></tr><tr><td rowspan="1" colspan="1"><p>1608</p></td><td rowspan="1" colspan="1"><p>04518595000122</p></td><td rowspan="1" colspan="1"><p>VAREJAO POPULAR DOS MEDICAMENTOS LTDA</p></td><td rowspan="1" colspan="1"><p>PB</p></td><td rowspan="1" colspan="1"><p>GUARABIRA</p></td><td rowspan="1" colspan="1"><p>25000024895201160</p></td></tr><tr><td rowspan="1" colspan="1"><p>1609</p></td><td rowspan="1" colspan="1"><p>13174519000138</p></td><td rowspan="1" colspan="1"><p>ARRUDA ANDRADE COMERCIO DE MEDICAMENTOS LTDA</p></td><td rowspan="1" colspan="1"><p>PB</p></td><td rowspan="1" colspan="1"><p>JOAO PESSOA</p></td><td rowspan="1" colspan="1"><p>25000004471201260</p></td></tr><tr><td rowspan="1" colspan="1"><p>1610</p></td><td rowspan="1" colspan="1"><p>47508411138344</p></td><td rowspan="1" colspan="1"><p>COMPANHIA BRASILEIRA DE DISTRIBUICAO</p></td><td rowspan="1" colspan="1"><p>PB</p></td><td rowspan="1" colspan="1"><p>JOAO PESSOA</p></td><td rowspan="1" colspan="1"><p>25000078311200617</p></td></tr><tr><td rowspan="1" colspan="1"><p>1611</p></td><td rowspan="1" colspan="1"><p>11828725000946</p></td><td rowspan="1" colspan="1"><p>EMPREENDIMENTOS GLOBO LTDA</p></td><td rowspan="1" colspan="1"><p>PB</p></td><td rowspan="1" colspan="1"><p>JOAO PESSOA</p></td><td rowspan="1" colspan="1"><p>25000189529201074</p></td></tr><tr><td rowspan="1" colspan="1"><p>1612</p></td><td rowspan="1" colspan="1"><p>16837743000150</p></td><td rowspan="1" colspan="1"><p>ERICK FARMA PRODUTOS FARMACEUTICOS LTDA</p></td><td rowspan="1" colspan="1"><p>PB</p></td><td rowspan="1" colspan="1"><p>JOAO PESSOA</p></td><td rowspan="1" colspan="1"><p>25000153095201406</p></td></tr><tr><td rowspan="1" colspan="1"><p>1613</p></td><td rowspan="1" colspan="1"><p>09358797000259</p></td><td rowspan="1" colspan="1"><p>FARMACIA BEIRA RIO LTDA</p></td><td rowspan="1" colspan="1"><p>PB</p></td><td rowspan="1" colspan="1"><p>JOAO PESSOA</p></td><td rowspan="1" colspan="1"><p>25000098838200650</p></td></tr><tr><td rowspan="1" colspan="1"><p>1614</p></td><td rowspan="1" colspan="1"><p>41143405000166</p></td><td rowspan="1" colspan="1"><p>FARMACIA RETAO MANAIRA LTDA</p></td><td rowspan="1" colspan="1"><p>PB</p></td><td rowspan="1" colspan="1"><p>JOAO PESSOA</p></td><td rowspan="1" colspan="1"><p>25000165044200617</p></td></tr><tr><td rowspan="1" colspan="1"><p>1615</p></td><td rowspan="1" colspan="1"><p>01486101001159</p></td><td rowspan="1" colspan="1"><p>REDEPHARMA LTDA</p></td><td rowspan="1" colspan="1"><p>PB</p></td><td rowspan="1" colspan="1"><p>JOAO PESSOA</p></td><td rowspan="1" colspan="1"><p>25000098865200711</p></td></tr><tr><td rowspan="1" colspan="1"><p>1616</p></td><td rowspan="1" colspan="1"><p>01486101001078</p></td><td rowspan="1" colspan="1"><p>REDEPHARMA LTDA</p></td><td rowspan="1" colspan="1"><p>PB</p></td><td rowspan="1" colspan="1"><p>JOAO PESSOA</p></td><td rowspan="1" colspan="1"><p>25000098865200711</p></td></tr><tr><td rowspan="1" colspan="1"><p>1617</p></td><td rowspan="1" colspan="1"><p>02107834000126</p></td><td rowspan="1" colspan="1"><p>SOUZA LEITAO &amp; CIA LTDA</p></td><td rowspan="1" colspan="1"><p>PB</p></td><td rowspan="1" colspan="1"><p>JOAO PESSOA</p></td><td rowspan="1" colspan="1"><p>25000098843200662</p></td></tr><tr><td rowspan="1" colspan="1"><p>1618</p></td><td rowspan="1" colspan="1"><p>11186328000241</p></td><td rowspan="1" colspan="1"><p>VAREJAO EPITACIO MEDICAMENTOS GENERICOS LTDA</p></td><td rowspan="1" colspan="1"><p>PB</p></td><td rowspan="1" colspan="1"><p>JOAO PESSOA</p></td><td rowspan="1" colspan="1"><p>25000058585201491</p></td></tr><tr><td rowspan="1" colspan="1"><p>1619</p></td><td rowspan="1" colspan="1"><p>18393724000108</p></td><td rowspan="1" colspan="1"><p>GILBERTO CABRAL CAMPOS JUNIOR</p></td><td rowspan="1" colspan="1"><p>PB</p></td><td rowspan="1" colspan="1"><p>JUAREZ TAVORA</p></td><td rowspan="1" colspan="1"><p>25000008184201571</p></td></tr><tr><td rowspan="1" colspan="1"><p>1620</p></td><td rowspan="1" colspan="1"><p>08944346000230</p></td><td rowspan="1" colspan="1"><p>FARMACIA DROGA CENTRO DRUGSTORES LTDA</p></td><td rowspan="1" colspan="1"><p>PB</p></td><td rowspan="1" colspan="1"><p>MARI</p></td><td rowspan="1" colspan="1"><p>25000219774200807</p></td></tr><tr><td rowspan="1" colspan="1"><p>1621</p></td><td rowspan="1" colspan="1"><p>11269468000100</p></td><td rowspan="1" colspan="1"><p>JOSINALDO LIRA FREIRE</p></td><td rowspan="1" colspan="1"><p>PB</p></td><td rowspan="1" colspan="1"><p>MARI</p></td><td rowspan="1" colspan="1"><p>25000222429201318</p></td></tr><tr><td rowspan="1" colspan="1"><p>1622</p></td><td rowspan="1" colspan="1"><p>15234785000134</p></td><td rowspan="1" colspan="1"><p>RAISSA DA SILVA ANDRADE</p></td><td rowspan="1" colspan="1"><p>PB</p></td><td rowspan="1" colspan="1"><p>PASSAGEM</p></td><td rowspan="1" colspan="1"><p>25000208414201339</p></td></tr><tr><td rowspan="1" colspan="1"><p>1623</p></td><td rowspan="1" colspan="1"><p>10948375001103</p></td><td rowspan="1" colspan="1"><p>CAMPINA COMERCIO DE MEDICAMENTOS LTDA - FALIDO</p></td><td rowspan="1" colspan="1"><p>PB</p></td><td rowspan="1" colspan="1"><p>PATOS</p></td><td rowspan="1" colspan="1"><p>25000155421201410</p></td></tr><tr><td rowspan="1" colspan="1"><p>1624</p></td><td rowspan="1" colspan="1"><p>10948375001294</p></td><td rowspan="1" colspan="1"><p>CAMPINA COMERCIO DE MEDICAMENTOS LTDA - FALIDO</p></td><td rowspan="1" colspan="1"><p>PB</p></td><td rowspan="1" colspan="1"><p>PATOS</p></td><td rowspan="1" colspan="1"><p>25000155421201410</p></td></tr><tr><td rowspan="1" colspan="1"><p>1625</p></td><td rowspan="1" colspan="1"><p>04612555000145</p></td><td rowspan="1" colspan="1"><p>DANYLLO FIGUEIREDO DE ANDRADE</p></td><td rowspan="1" colspan="1"><p>PB</p></td><td rowspan="1" colspan="1"><p>PATOS</p></td><td rowspan="1" colspan="1"><p>25000006491201275</p></td></tr><tr><td rowspan="1" colspan="1"><p>1626</p></td><td rowspan="1" colspan="1"><p>41117888000124</p></td><td rowspan="1" colspan="1"><p>JOSEFA OLIVEIRA DE FARIAS</p></td><td rowspan="1" colspan="1"><p>PB</p></td><td rowspan="1" colspan="1"><p>PATOS</p></td><td rowspan="1" colspan="1"><p>25000156135201111</p></td></tr><tr><td rowspan="1" colspan="1"><p>1627</p></td><td rowspan="1" colspan="1"><p>12136399000111</p></td><td rowspan="1" colspan="1"><p>CLINAPSINE CLINICA DE AVALIACAO PSICOLOGICA LTDA</p></td><td rowspan="1" colspan="1"><p>PB</p></td><td rowspan="1" colspan="1"><p>POMBAL</p></td><td rowspan="1" colspan="1"><p>25000156755201150</p></td></tr><tr><td rowspan="1" colspan="1"><p>1628</p></td><td rowspan="1" colspan="1"><p>40942997000113</p></td><td rowspan="1" colspan="1"><p>EDNALDO BARBOZA RUDRIGUES</p></td><td rowspan="1" colspan="1"><p>PB</p></td><td rowspan="1" colspan="1"><p>QUEIMADAS</p></td><td rowspan="1" colspan="1"><p>25000203442200801</p></td></tr><tr><td rowspan="1" colspan="1"><p>1629</p></td><td rowspan="1" colspan="1"><p>10798410000345</p></td><td rowspan="1" colspan="1"><p>ARLINDO ALVES DE VASCONCELOS NETTO</p></td><td rowspan="1" colspan="1"><p>PB</p></td><td rowspan="1" colspan="1"><p>RIO TINTO</p></td><td rowspan="1" colspan="1"><p>25000113662201131</p></td></tr><tr><td rowspan="1" colspan="1"><p>1630</p></td><td rowspan="1" colspan="1"><p>05955155000103</p></td><td rowspan="1" colspan="1"><p>GILMAR CAVALCANTE DE AZEVEDO JUNIOR</p></td><td rowspan="1" colspan="1"><p>PB</p></td><td rowspan="1" colspan="1"><p>RIO TINTO</p></td><td rowspan="1" colspan="1"><p>25000047310201261</p></td></tr><tr><td rowspan="1" colspan="1"><p>1631</p></td><td rowspan="1" colspan="1"><p>10948375002770</p></td><td rowspan="1" colspan="1"><p>CAMPINA COMERCIO DE MEDICAMENTOS LTDA - FALIDO</p></td><td rowspan="1" colspan="1"><p>PB</p></td><td rowspan="1" colspan="1"><p>SAO BENTO</p></td><td rowspan="1" colspan="1"><p>25000155421201410</p></td></tr><tr><td rowspan="1" colspan="1"><p>1632</p></td><td rowspan="1" colspan="1"><p>08310021000204</p></td><td rowspan="1" colspan="1"><p>EDSON PEREIRA</p></td><td rowspan="1" colspan="1"><p>PB</p></td><td rowspan="1" colspan="1"><p>SAO JOSE DE PIRANHAS</p></td><td rowspan="1" colspan="1"><p>25000035921201185</p></td></tr><tr><td rowspan="1" colspan="1"><p>1633</p></td><td rowspan="1" colspan="1"><p>08944346000150</p></td><td rowspan="1" colspan="1"><p>FARMACIA DROGA CENTRO DRUGSTORES LTDA</p></td><td rowspan="1" colspan="1"><p>PB</p></td><td rowspan="1" colspan="1"><p>SAPE</p></td><td rowspan="1" colspan="1"><p>25000219774200807</p></td></tr><tr><td rowspan="1" colspan="1"><p>1634</p></td><td rowspan="1" colspan="1"><p>11699964000196</p></td><td rowspan="1" colspan="1"><p>MARCIA SOARES DE MOURA</p></td><td rowspan="1" colspan="1"><p>PE</p></td><td rowspan="1" colspan="1"><p>AFOGADOS DA INGAZEIRA</p></td><td rowspan="1" colspan="1"><p>25000197105201415</p></td></tr><tr><td rowspan="1" colspan="1"><p>1635</p></td><td rowspan="1" colspan="1"><p>03730442000181</p></td><td rowspan="1" colspan="1"><p>MARIA DA CONCEICAO DE LIMA RODRIGUES</p></td><td rowspan="1" colspan="1"><p>PE</p></td><td rowspan="1" colspan="1"><p>AFRANIO</p></td><td rowspan="1" colspan="1"><p>25000166453201190</p></td></tr><tr><td rowspan="1" colspan="1"><p>1636</p></td><td rowspan="1" colspan="1"><p>03272821000175</p></td><td rowspan="1" colspan="1"><p>DROGARIA JACOB LTDA</p></td><td rowspan="1" colspan="1"><p>PE</p></td><td rowspan="1" colspan="1"><p>ARARIPINA</p></td><td rowspan="1" colspan="1"><p>25000154510201015</p></td></tr><tr><td rowspan="1" colspan="1"><p>1637</p></td><td rowspan="1" colspan="1"><p>05233635000152</p></td><td rowspan="1" colspan="1"><p>FARMACIA DE MANIPULACAO GUERRA E BRITO LTDA</p></td><td rowspan="1" colspan="1"><p>PE</p></td><td rowspan="1" colspan="1"><p>ARCOVERDE</p></td><td rowspan="1" colspan="1"><p>25000116075201446</p></td></tr><tr><td rowspan="1" colspan="1"><p>1638</p></td><td rowspan="1" colspan="1"><p>10995019000179</p></td><td rowspan="1" colspan="1"><p>YARA &amp; MAX MILIANO LTDA</p></td><td rowspan="1" colspan="1"><p>PE</p></td><td rowspan="1" colspan="1"><p>ARCOVERDE</p></td><td rowspan="1" colspan="1"><p>25000162143201104</p></td></tr><tr><td rowspan="1" colspan="1"><p>1639</p></td><td rowspan="1" colspan="1"><p>13222144000134</p></td><td rowspan="1" colspan="1"><p>JOSE SEVERINO DA SILVA FARMACIA</p></td><td rowspan="1" colspan="1"><p>PE</p></td><td rowspan="1" colspan="1"><p>BEZERROS</p></td><td rowspan="1" colspan="1"><p>25000129018201265</p></td></tr><tr><td rowspan="1" colspan="1"><p>1640</p></td><td rowspan="1" colspan="1"><p>17811808000151</p></td><td rowspan="1" colspan="1"><p>FARMACIA TEM QUE TER EIRELI</p></td><td rowspan="1" colspan="1"><p>PE</p></td><td rowspan="1" colspan="1"><p>BOM CONSELHO</p></td><td rowspan="1" colspan="1"><p>25000003470201541</p></td></tr><tr><td rowspan="1" colspan="1"><p>1641</p></td><td rowspan="1" colspan="1"><p>18146937000135</p></td><td rowspan="1" colspan="1"><p>AZEVEDO E MONTEIRO MEDICAMENTOS LTDA</p></td><td rowspan="1" colspan="1"><p>PE</p></td><td rowspan="1" colspan="1"><p>BREJO DA MADRE DE DEUS</p></td><td rowspan="1" colspan="1"><p>25000000932201578</p></td></tr><tr><td rowspan="1" colspan="1"><p>1642</p></td><td rowspan="1" colspan="1"><p>07630659000170</p></td><td rowspan="1" colspan="1"><p>AMANDA &amp; WILZA - FARMACIA LTDA</p></td><td rowspan="1" colspan="1"><p>PE</p></td><td rowspan="1" colspan="1"><p>CAMOCIM DE SAO FELIX</p></td><td rowspan="1" colspan="1"><p>25000125001201158</p></td></tr><tr><td rowspan="1" colspan="1"><p>1643</p></td><td rowspan="1" colspan="1"><p>05230009001850</p></td><td rowspan="1" colspan="1"><p>COMERCIAL DRUGSTORE LTDA</p></td><td rowspan="1" colspan="1"><p>PE</p></td><td rowspan="1" colspan="1"><p>CARUARU</p></td><td rowspan="1" colspan="1"><p>25000088539200615</p></td></tr><tr><td rowspan="1" colspan="1"><p>1644</p></td><td rowspan="1" colspan="1"><p>12970751000209</p></td><td rowspan="1" colspan="1"><p>FARMACIA DO TRABALHADOR DO JOAO MOTA LTDA</p></td><td rowspan="1" colspan="1"><p>PE</p></td><td rowspan="1" colspan="1"><p>CARUARU</p></td><td rowspan="1" colspan="1"><p>25000007534201311</p></td></tr><tr><td rowspan="1" colspan="1"><p>1645</p></td><td rowspan="1" colspan="1"><p>14729019000188</p></td><td rowspan="1" colspan="1"><p>ITALO J R R DE FARIAS</p></td><td rowspan="1" colspan="1"><p>PE</p></td><td rowspan="1" colspan="1"><p>CARUARU</p></td><td rowspan="1" colspan="1"><p>25000003882201581</p></td></tr><tr><td rowspan="1" colspan="1"><p>1646</p></td><td rowspan="1" colspan="1"><p>08046176000196</p></td><td rowspan="1" colspan="1"><p>KARLOS ALEXANDRE CAVALCANTI RODRIGUES</p></td><td rowspan="1" colspan="1"><p>PE</p></td><td rowspan="1" colspan="1"><p>CARUARU</p></td><td rowspan="1" colspan="1"><p>25000052257201309</p></td></tr><tr><td rowspan="1" colspan="1"><p>1647</p></td><td rowspan="1" colspan="1"><p>15481695000148</p></td><td rowspan="1" colspan="1"><p>I DE SOUSA MOREIRA FARMACIA</p></td><td rowspan="1" colspan="1"><p>PE</p></td><td rowspan="1" colspan="1"><p>CONDADO</p></td><td rowspan="1" colspan="1"><p>25000135234201410</p></td></tr><tr><td rowspan="1" colspan="1"><p>1648</p></td><td rowspan="1" colspan="1"><p>10648949000156</p></td><td rowspan="1" colspan="1"><p>ANA PAULA DE MELO SANTOS</p></td><td rowspan="1" colspan="1"><p>PE</p></td><td rowspan="1" colspan="1"><p>CUPIRA</p></td><td rowspan="1" colspan="1"><p>25000023744201356</p></td></tr><tr><td rowspan="1" colspan="1"><p>1649</p></td><td rowspan="1" colspan="1"><p>05662560000125</p></td><td rowspan="1" colspan="1"><p>EDNALDO FERREIRA DA COSTA</p></td><td rowspan="1" colspan="1"><p>PE</p></td><td rowspan="1" colspan="1"><p>GRAVATA</p></td><td rowspan="1" colspan="1"><p>25000218614201219</p></td></tr><tr><td rowspan="1" colspan="1"><p>1650</p></td><td rowspan="1" colspan="1"><p>01833321000482</p></td><td rowspan="1" colspan="1"><p>COUTINHO E PIMENTEL COMERCIO DE MEDICAMENTOS LTDA</p></td><td rowspan="1" colspan="1"><p>PE</p></td><td rowspan="1" colspan="1"><p>JABOATAO DOS GUARARAPES</p></td><td rowspan="1" colspan="1"><p>25000097332200686</p></td></tr><tr><td rowspan="1" colspan="1"><p>1651</p></td><td rowspan="1" colspan="1"><p>02866502000206</p></td><td rowspan="1" colspan="1"><p>MARIA F C CARVALHO</p></td><td rowspan="1" colspan="1"><p>PE</p></td><td rowspan="1" colspan="1"><p>LAGOA DO OURO</p></td><td rowspan="1" colspan="1"><p>25000013898201259</p></td></tr><tr><td rowspan="1" colspan="1"><p>1652</p></td><td rowspan="1" colspan="1"><p>13054582000130</p></td><td rowspan="1" colspan="1"><p>K M DE ALBUQUERQUE SERVICOS DE ACABAMENTO E CONSTRUCAO CIVIL EIRELI</p></td><td rowspan="1" colspan="1"><p>PE</p></td><td rowspan="1" colspan="1"><p>OLINDA</p></td><td rowspan="1" colspan="1"><p>25000230206201316</p></td></tr><tr><td rowspan="1" colspan="1"><p>1653</p></td><td rowspan="1" colspan="1"><p>02108800000156</p></td><td rowspan="1" colspan="1"><p>SANTOS AQUINO LTDA</p></td><td rowspan="1" colspan="1"><p>PE</p></td><td rowspan="1" colspan="1"><p>OLINDA</p></td><td rowspan="1" colspan="1"><p>25000011262201272</p></td></tr><tr><td rowspan="1" colspan="1"><p>1654</p></td><td rowspan="1" colspan="1"><p>04361505000132</p></td><td rowspan="1" colspan="1"><p>MARIA DE LOURDES E LUZIA LTDA</p></td><td rowspan="1" colspan="1"><p>PE</p></td><td rowspan="1" colspan="1"><p>PALMARES</p></td><td rowspan="1" colspan="1"><p>25000097365200673</p></td></tr><tr><td rowspan="1" colspan="1"><p>1655</p></td><td rowspan="1" colspan="1"><p>09520782000164</p></td><td rowspan="1" colspan="1"><p>ARAUJO &amp; CRUZ FARMACIA LTDA</p></td><td rowspan="1" colspan="1"><p>PE</p></td><td rowspan="1" colspan="1"><p>PETROLINA</p></td><td rowspan="1" colspan="1"><p>25000152753201019</p></td></tr><tr><td rowspan="1" colspan="1"><p>1656</p></td><td rowspan="1" colspan="1"><p>11229509000127</p></td><td rowspan="1" colspan="1"><p>ROBERTO FOGACA</p></td><td rowspan="1" colspan="1"><p>PE</p></td><td rowspan="1" colspan="1"><p>POMBOS</p></td><td rowspan="1" colspan="1"><p>25000157501201078</p></td></tr><tr><td rowspan="1" colspan="1"><p>1657</p></td><td rowspan="1" colspan="1"><p>47508411122936</p></td><td rowspan="1" colspan="1"><p>COMPANHIA BRASILEIRA DE DISTRIBUICAO</p></td><td rowspan="1" colspan="1"><p>PE</p></td><td rowspan="1" colspan="1"><p>RECIFE</p></td><td rowspan="1" colspan="1"><p>25000078311200617</p></td></tr><tr><td rowspan="1" colspan="1"><p>1658</p></td><td rowspan="1" colspan="1"><p>47508411122260</p></td><td rowspan="1" colspan="1"><p>COMPANHIA BRASILEIRA DE DISTRIBUICAO</p></td><td rowspan="1" colspan="1"><p>PE</p></td><td rowspan="1" colspan="1"><p>RECIFE</p></td><td rowspan="1" colspan="1"><p>25000078311200617</p></td></tr><tr><td rowspan="1" colspan="1"><p>1659</p></td><td rowspan="1" colspan="1"><p>01833321000725</p></td><td rowspan="1" colspan="1"><p>COUTINHO E PIMENTEL COMERCIO DE MEDICAMENTOS LTDA</p></td><td rowspan="1" colspan="1"><p>PE</p></td><td rowspan="1" colspan="1"><p>RECIFE</p></td><td rowspan="1" colspan="1"><p>25000097332200686</p></td></tr><tr><td rowspan="1" colspan="1"><p>1660</p></td><td rowspan="1" colspan="1"><p>01833321000563</p></td><td rowspan="1" colspan="1"><p>COUTINHO E PIMENTEL COMERCIO DE MEDICAMENTOS LTDA</p></td><td rowspan="1" colspan="1"><p>PE</p></td><td rowspan="1" colspan="1"><p>RECIFE</p></td><td rowspan="1" colspan="1"><p>25000097332200686</p></td></tr><tr><td rowspan="1" colspan="1"><p>1661</p></td><td rowspan="1" colspan="1"><p>01833321000130</p></td><td rowspan="1" colspan="1"><p>COUTINHO E PIMENTEL COMERCIO DE MEDICAMENTOS LTDA</p></td><td rowspan="1" colspan="1"><p>PE</p></td><td rowspan="1" colspan="1"><p>RECIFE</p></td><td rowspan="1" colspan="1"><p>25000097332200686</p></td></tr><tr><td rowspan="1" colspan="1"><p>1662</p></td><td rowspan="1" colspan="1"><p>01833321000644</p></td><td rowspan="1" colspan="1"><p>COUTINHO E PIMENTEL COMERCIO DE MEDICAMENTOS LTDA</p></td><td rowspan="1" colspan="1"><p>PE</p></td><td rowspan="1" colspan="1"><p>RECIFE</p></td><td rowspan="1" colspan="1"><p>25000097332200686</p></td></tr><tr><td rowspan="1" colspan="1"><p>1663</p></td><td rowspan="1" colspan="1"><p>06893470000108</p></td><td rowspan="1" colspan="1"><p>FARMATIP COMERCIO DE MEDICAMENTOS LTDA</p></td><td rowspan="1" colspan="1"><p>PE</p></td><td rowspan="1" colspan="1"><p>RECIFE</p></td><td rowspan="1" colspan="1"><p>25000028613201284</p></td></tr><tr><td rowspan="1" colspan="1"><p>1664</p></td><td rowspan="1" colspan="1"><p>07608986000207</p></td><td rowspan="1" colspan="1"><p>M. RIBEIRO DOS SANTOS</p></td><td rowspan="1" colspan="1"><p>PE</p></td><td rowspan="1" colspan="1"><p>RECIFE</p></td><td rowspan="1" colspan="1"><p>25000120869201161</p></td></tr><tr><td rowspan="1" colspan="1"><p>1665</p></td><td rowspan="1" colspan="1"><p>08768749000195</p></td><td rowspan="1" colspan="1"><p>MENEZES MEDICAMENTOS LTDA</p></td><td rowspan="1" colspan="1"><p>PE</p></td><td rowspan="1" colspan="1"><p>RIBEIRAO</p></td><td rowspan="1" colspan="1"><p>25000138761201125</p></td></tr></table>]]></Texto>
  </body>
  <Midias />
</article></xml>