﻿<xml><article id="44728226" name="RESOLUCAO 212 2025_003" idOficio="11190578" pubName="DO1" artType="Resolução" pubDate="01/08/2025" artClass="00035:00044:00000:00000:00000:00000:00000:00000:00000:00000:00064:00000" artCategory="Ministério de Minas e Energia/Agência Nacional de Mineração" artSize="24" artNotes="" numberPage="76" pdfPage="http://pesquisa.in.gov.br/imprensa/jsp/visualiza/index.jsp?data=01/08/2025&amp;jornal=515&amp;pagina=76" editionNumber="144" highlightType="" highlightPriority="" highlight="" highlightimage="" highlightimagename="" idMateria="22947223">
  <body>
    <Identifica />
    <Data><![CDATA[]]></Data>
    <Ementa />
    <Titulo />
    <SubTitulo />
    <Texto><![CDATA[<p /><p></p><table><tr><td rowspan="1" colspan="1"><p>Órgãos Específicos - Eixo Temático Gestão Institucional</p></td><td rowspan="1" colspan="1"><p>SUPERINTENDÊNCIA DE PLANEJAMENTO E ESTRATÉGIA</p></td><td rowspan="1" colspan="1"><p>SPE</p></td><td rowspan="1" colspan="1"><p>FCE 1.16</p></td></tr><tr><td rowspan="1" colspan="1" /><td rowspan="1" colspan="1"><p>Assistente</p></td><td rowspan="1" colspan="1"><p></p></td><td rowspan="1" colspan="1"><p>FCE 2.08</p></td></tr><tr><td rowspan="1" colspan="1" /><td rowspan="1" colspan="1"><p>Gerência de Governança e Gestão Estratégica</p></td><td rowspan="1" colspan="1"><p>GEGEST</p></td><td rowspan="1" colspan="1"><p>FCE 1.11</p></td></tr><tr><td rowspan="1" colspan="1" /><td rowspan="1" colspan="1"><p>Divisão de Governança e Planejamento Estratégico</p></td><td rowspan="1" colspan="1"><p>DIVPES</p></td><td rowspan="1" colspan="1"><p>FCE 1.09</p></td></tr><tr><td rowspan="1" colspan="1" /><td rowspan="1" colspan="1"><p>Divisão de Gestão de Processos Institucionais</p></td><td rowspan="1" colspan="1"><p>DIVPOR</p></td><td rowspan="1" colspan="1"><p>FCE 1.09</p></td></tr><tr><td rowspan="1" colspan="1" /><td rowspan="1" colspan="1"><p>Gerência de Projetos Institucionais e Gestão de Portfólio</p></td><td rowspan="1" colspan="1"><p>GEPROJ</p></td><td rowspan="1" colspan="1"><p>FCE 1.11</p></td></tr><tr><td rowspan="1" colspan="1" /><td rowspan="1" colspan="1"><p>Divisão de Gestão de Operações e Curadoria de IA</p></td><td rowspan="1" colspan="1"><p>DIVOP</p></td><td rowspan="1" colspan="1"><p>FCE 1.09</p></td></tr><tr><td rowspan="1" colspan="1" /><td rowspan="1" colspan="1"><p>Divisão de Monitoramento e Integração de Projetos</p></td><td rowspan="1" colspan="1"><p>DIVPRO</p></td><td rowspan="1" colspan="1"><p>FCE 1.09</p></td></tr><tr><td rowspan="1" colspan="1" /><td rowspan="1" colspan="1"><p>Gerência de Conformidade e Riscos Institucionais</p></td><td rowspan="1" colspan="1"><p>GECONF</p></td><td rowspan="1" colspan="1"><p>FCE 1.11</p></td></tr><tr><td rowspan="1" colspan="1" /><td rowspan="1" colspan="1"><p>Divisão de Gestão de Integridade, Riscos e Controles Internos</p></td><td rowspan="1" colspan="1"><p>DIVGIR</p></td><td rowspan="1" colspan="1"><p>FCE 1.09</p></td></tr><tr><td rowspan="1" colspan="1" /><td rowspan="1" colspan="1"><p>Gerência de Governança de Dados, Gestão Documental e Memória</p></td><td rowspan="1" colspan="1"><p>GEDOC</p></td><td rowspan="1" colspan="1"><p>FCE 1.11</p></td></tr><tr><td rowspan="1" colspan="1" /><td rowspan="1" colspan="1"><p>Assistente</p></td><td rowspan="1" colspan="1"><p></p></td><td rowspan="1" colspan="1"><p>CCE 2.07</p></td></tr><tr><td rowspan="1" colspan="1" /><td rowspan="1" colspan="1"><p>Divisão de Gestão Documental e Arquivos Digitais</p></td><td rowspan="1" colspan="1"><p>DIVGAD</p></td><td rowspan="1" colspan="1"><p>FCE 1.09</p></td></tr><tr><td rowspan="1" colspan="1" /><td rowspan="1" colspan="1"><p>Serviço de Contratações e Logística de Gestão Documental</p></td><td rowspan="1" colspan="1"><p>SERCOL</p></td><td rowspan="1" colspan="1"><p>FCE 1.05</p></td></tr><tr><td rowspan="1" colspan="1" /><td rowspan="1" colspan="1"><p>Serviço de Sistemas e Atendimento de Gestão Documental</p></td><td rowspan="1" colspan="1"><p>SERSAD</p></td><td rowspan="1" colspan="1"><p>FCE 1.05</p></td></tr><tr><td rowspan="1" colspan="1" /><td rowspan="1" colspan="1"><p>Divisão de Gestão de Fluxo de Informações</p></td><td rowspan="1" colspan="1"><p>DIVINF</p></td><td rowspan="1" colspan="1"><p>FCE 1.09</p></td></tr><tr><td rowspan="1" colspan="1" /><td rowspan="1" colspan="1"><p>Serviço de Distribuição Estratégica de Informações</p></td><td rowspan="1" colspan="1"><p>SERDET</p></td><td rowspan="1" colspan="1"><p>FCE 1.05</p></td></tr><tr><td rowspan="1" colspan="1" /><td rowspan="1" colspan="1"><p>Serviço de Protocolo e Tramitação Digital</p></td><td rowspan="1" colspan="1"><p>SERPRO</p></td><td rowspan="1" colspan="1"><p>FCE 1.05</p></td></tr><tr><td rowspan="1" colspan="1" /><td rowspan="1" colspan="1"><p>Divisão de Bibliotecas e Memória Institucional</p></td><td rowspan="1" colspan="1"><p>DIVBIB</p></td><td rowspan="1" colspan="1"><p>FCE 1.09</p></td></tr><tr><td rowspan="1" colspan="1" /><td rowspan="1" colspan="1"><p>Serviço de Normalização de Publicações Institucionais</p></td><td rowspan="1" colspan="1"><p>SERNPI</p></td><td rowspan="1" colspan="1"><p>FCE 1.05</p></td></tr><tr><td rowspan="1" colspan="1" /><td rowspan="1" colspan="1"><p>SUPERINTENDÊNCIA DE TECNOLOGIA DA INFORMAÇÃO E INOVAÇÃO</p></td><td rowspan="1" colspan="1"><p>STI</p></td><td rowspan="1" colspan="1"><p>FCE 1.16</p></td></tr><tr><td rowspan="1" colspan="1" /><td rowspan="1" colspan="1"><p>Assistente</p></td><td rowspan="1" colspan="1"><p></p></td><td rowspan="1" colspan="1"><p>FCE 2.08</p></td></tr><tr><td rowspan="1" colspan="1" /><td rowspan="1" colspan="1"><p>Gerência de Operação de Tecnologia da Informação</p></td><td rowspan="1" colspan="1"><p>GEOPE</p></td><td rowspan="1" colspan="1"><p>FCE 1.11</p></td></tr><tr><td rowspan="1" colspan="1" /><td rowspan="1" colspan="1"><p>Coordenação de Infraestrutura e Suporte em Tecnologia da Informação</p></td><td rowspan="1" colspan="1"><p>COISTI</p></td><td rowspan="1" colspan="1"><p>FCE 1.10</p></td></tr><tr><td rowspan="1" colspan="1" /><td rowspan="1" colspan="1"><p>Coordenação de Desenvolvimento e Manutenção de Sistemas da Informação</p></td><td rowspan="1" colspan="1"><p>CODESI</p></td><td rowspan="1" colspan="1"><p>FCE 1.10</p></td></tr><tr><td rowspan="1" colspan="1" /><td rowspan="1" colspan="1"><p>Coordenação de Segurança da Informação e Comunicação</p></td><td rowspan="1" colspan="1"><p>COSIC</p></td><td rowspan="1" colspan="1"><p>FCE 1.10</p></td></tr><tr><td rowspan="1" colspan="1" /><td rowspan="1" colspan="1"><p>Gerência de Projetos e Inovação em Tecnologia da Informação</p></td><td rowspan="1" colspan="1"><p>GEPTI</p></td><td rowspan="1" colspan="1"><p>FCE 1.11</p></td></tr><tr><td rowspan="1" colspan="1" /><td rowspan="1" colspan="1"><p>Coordenação de Inovação em Tecnologia da Informação</p></td><td rowspan="1" colspan="1"><p>COINTI</p></td><td rowspan="1" colspan="1"><p>FCE 1.10</p></td></tr><tr><td rowspan="1" colspan="1" /><td rowspan="1" colspan="1"><p>Coordenação de Contratações, Aquisições e Gestão de Contratos de Tecnologia da Informação</p></td><td rowspan="1" colspan="1"><p>COGTI</p></td><td rowspan="1" colspan="1"><p>FCE 1.10</p></td></tr><tr><td rowspan="1" colspan="1" /><td rowspan="1" colspan="1"><p>SUPERINTENDÊNCIA DE GESTÃO DE PESSOAS</p></td><td rowspan="1" colspan="1"><p>SGP</p></td><td rowspan="1" colspan="1"><p>FCE 1.16</p></td></tr><tr><td rowspan="1" colspan="1" /><td rowspan="1" colspan="1"><p>Assistente</p></td><td rowspan="1" colspan="1"><p></p></td><td rowspan="1" colspan="1"><p>FCE 2.08</p></td></tr><tr><td rowspan="1" colspan="1" /><td rowspan="1" colspan="1"><p>Gerência de Desenvolvimento de Pessoas</p></td><td rowspan="1" colspan="1"><p>GEDEP</p></td><td rowspan="1" colspan="1"><p>FCE 1.11</p></td></tr><tr><td rowspan="1" colspan="1" /><td rowspan="1" colspan="1"><p>Divisão de Gestão do Desempenho e Teletrabalho</p></td><td rowspan="1" colspan="1"><p>DIVGDT</p></td><td rowspan="1" colspan="1"><p>FCE 1.09</p></td></tr><tr><td rowspan="1" colspan="1" /><td rowspan="1" colspan="1"><p>Divisão de Educação, Capacitação e Movimentação</p></td><td rowspan="1" colspan="1"><p>DIVCAM</p></td><td rowspan="1" colspan="1"><p>FCE 1.09</p></td></tr><tr><td rowspan="1" colspan="1" /><td rowspan="1" colspan="1"><p>Gerência de Administração de Pessoal</p></td><td rowspan="1" colspan="1"><p>GEPES</p></td><td rowspan="1" colspan="1"><p>FCE 1.11</p></td></tr><tr><td rowspan="1" colspan="1" /><td rowspan="1" colspan="1"><p>Divisão de Aposentadorias e Pensões</p></td><td rowspan="1" colspan="1"><p>DIVAPE</p></td><td rowspan="1" colspan="1"><p>FCE 1.09</p></td></tr><tr><td rowspan="1" colspan="1" /><td rowspan="1" colspan="1"><p>Divisão de Folha de Pagamento de Pessoal</p></td><td rowspan="1" colspan="1"><p>DIVPAG</p></td><td rowspan="1" colspan="1"><p>FCE 1.09</p></td></tr><tr><td rowspan="1" colspan="1" /><td rowspan="1" colspan="1"><p>Serviço de Folha de Pagamento de Pessoal</p></td><td rowspan="1" colspan="1"><p>SERPAG</p></td><td rowspan="1" colspan="1"><p>FCE 1.05</p></td></tr><tr><td rowspan="1" colspan="1" /><td rowspan="1" colspan="1"><p>Divisão de Assessoramento Jurídico em Matéria de Pessoal</p></td><td rowspan="1" colspan="1"><p>DIVJUR</p></td><td rowspan="1" colspan="1"><p>FCE 1.09</p></td></tr><tr><td rowspan="1" colspan="1" /><td rowspan="1" colspan="1"><p>Divisão de Cadastro e Portarias</p></td><td rowspan="1" colspan="1"><p>DIVCAP</p></td><td rowspan="1" colspan="1"><p>FCE 1.09</p></td></tr><tr><td rowspan="1" colspan="1" /><td rowspan="1" colspan="1"><p>Serviço de Cadastro</p></td><td rowspan="1" colspan="1"><p>SERCAD</p></td><td rowspan="1" colspan="1"><p>FCE 1.05</p></td></tr><tr><td rowspan="1" colspan="1" /><td rowspan="1" colspan="1"><p>Divisão de Suporte Jurídico em Matéria de Pessoal</p></td><td rowspan="1" colspan="1"><p>DIVSUP</p></td><td rowspan="1" colspan="1"><p>FCE 1.09</p></td></tr><tr><td rowspan="1" colspan="1" /><td rowspan="1" colspan="1"><p>Gerência de Saúde e Qualidade de Vida no Trabalho</p></td><td rowspan="1" colspan="1"><p>GESQV</p></td><td rowspan="1" colspan="1"><p>FCE 1.11</p></td></tr><tr><td rowspan="1" colspan="1" /><td rowspan="1" colspan="1"><p>Divisão de Gestão e Parcerias em Saúde</p></td><td rowspan="1" colspan="1"><p>DIVGPS</p></td><td rowspan="1" colspan="1"><p>CCE 1.05</p></td></tr><tr><td rowspan="1" colspan="1" /><td rowspan="1" colspan="1"><p>SUPERINTENDÊNCIA DE ADMINISTRAÇÃO E FINANÇAS</p></td><td rowspan="1" colspan="1"><p>SAF</p></td><td rowspan="1" colspan="1"><p>FCE 1.16</p></td></tr><tr><td rowspan="1" colspan="1" /><td rowspan="1" colspan="1"><p>Assistente</p></td><td rowspan="1" colspan="1"><p></p></td><td rowspan="1" colspan="1"><p>FCE 2.08</p></td></tr><tr><td rowspan="1" colspan="1" /><td rowspan="1" colspan="1"><p>GERÊNCIA EXECUTIVA DE LOGÍSTICA</p></td><td rowspan="1" colspan="1"><p>GLOGI</p></td><td rowspan="1" colspan="1"><p>FCE 1.12</p></td></tr><tr><td rowspan="1" colspan="1" /><td rowspan="1" colspan="1"><p>Assistente Técnico</p></td><td rowspan="1" colspan="1"><p></p></td><td rowspan="1" colspan="1"><p>CCE 2.06</p></td></tr><tr><td rowspan="1" colspan="1" /><td rowspan="1" colspan="1"><p>Gerência de Infraestrutura</p></td><td rowspan="1" colspan="1"><p>GEINFRA</p></td><td rowspan="1" colspan="1"><p>FCE 1.11</p></td></tr><tr><td rowspan="1" colspan="1" /><td rowspan="1" colspan="1"><p>Divisão de Projetos e Reformas</p></td><td rowspan="1" colspan="1"><p>DIVPROR</p></td><td rowspan="1" colspan="1"><p>FCE 1.09</p></td></tr><tr><td rowspan="1" colspan="1" /><td rowspan="1" colspan="1"><p>Divisão de Gestão Predial</p></td><td rowspan="1" colspan="1"><p>DIVPRED</p></td><td rowspan="1" colspan="1"><p>FCE 1.09</p></td></tr><tr><td rowspan="1" colspan="1" /><td rowspan="1" colspan="1"><p>Gerência de Logística</p></td><td rowspan="1" colspan="1"><p>GELOG</p></td><td rowspan="1" colspan="1"><p>FCE 1.11</p></td></tr><tr><td rowspan="1" colspan="1" /><td rowspan="1" colspan="1"><p>Coordenação de Almoxarifado, Patrimônio e Aquisições</p></td><td rowspan="1" colspan="1"><p>CORAPA</p></td><td rowspan="1" colspan="1"><p>FCE 1.10</p></td></tr><tr><td rowspan="1" colspan="1" /><td rowspan="1" colspan="1"><p>Divisão de Planejamento de Aquisições</p></td><td rowspan="1" colspan="1"><p>DIVPAQ</p></td><td rowspan="1" colspan="1"><p>FCE 1.09</p></td></tr><tr><td rowspan="1" colspan="1" /><td rowspan="1" colspan="1"><p>Divisão de Controle de Patrimônio e Almoxarifado</p></td><td rowspan="1" colspan="1"><p>DIVPAT</p></td><td rowspan="1" colspan="1"><p>FCE 1.09</p></td></tr><tr><td rowspan="1" colspan="1" /><td rowspan="1" colspan="1"><p>Coordenação de Apoio ao Transporte de Servidores</p></td><td rowspan="1" colspan="1"><p>CORTRAN</p></td><td rowspan="1" colspan="1"><p>FCE 1.10</p></td></tr><tr><td rowspan="1" colspan="1" /><td rowspan="1" colspan="1"><p>Divisão de Gestão de Diárias, Passagens e Agenciamento</p></td><td rowspan="1" colspan="1"><p>DIVDIPAS</p></td><td rowspan="1" colspan="1"><p>FCE 1.09</p></td></tr><tr><td rowspan="1" colspan="1" /><td rowspan="1" colspan="1"><p>Divisão de Gestão de Frota</p></td><td rowspan="1" colspan="1"><p>DIVFRO</p></td><td rowspan="1" colspan="1"><p>FCE 1.09</p></td></tr><tr><td rowspan="1" colspan="1" /><td rowspan="1" colspan="1"><p>Coordenação de Logística</p></td><td rowspan="1" colspan="1"><p>CORLOG</p></td><td rowspan="1" colspan="1"><p>FCE 1.10</p></td></tr><tr><td rowspan="1" colspan="1" /><td rowspan="1" colspan="1"><p>Divisão de Gestão de Serviços Gerais e Apoio Administrativo</p></td><td rowspan="1" colspan="1"><p>DIVSGA</p></td><td rowspan="1" colspan="1"><p>FCE 1.09</p></td></tr><tr><td rowspan="1" colspan="1" /><td rowspan="1" colspan="1"><p>Divisão de Apoio Logístico - SEDE</p></td><td rowspan="1" colspan="1"><p>DIVLOG</p></td><td rowspan="1" colspan="1"><p>FCE 1.09</p></td></tr><tr><td rowspan="1" colspan="1" /><td rowspan="1" colspan="1"><p>Serviço de Patrimônio e Almoxarifado - SEDE</p></td><td rowspan="1" colspan="1"><p>SERPAM</p></td><td rowspan="1" colspan="1"><p>FCE 1.05</p></td></tr><tr><td rowspan="1" colspan="1" /><td rowspan="1" colspan="1"><p>Serviço de Apoio Logístico - Sudeste</p></td><td rowspan="1" colspan="1"><p>SERLOG-SE</p></td><td rowspan="1" colspan="1"><p>FCE 1.05</p></td></tr><tr><td rowspan="1" colspan="1" /><td rowspan="1" colspan="1"><p>Serviço de Apoio Logístico - Minas Gerais</p></td><td rowspan="1" colspan="1"><p>SERLOG-MG</p></td><td rowspan="1" colspan="1"><p>CCE 1.05</p></td></tr><tr><td rowspan="1" colspan="1" /><td rowspan="1" colspan="1"><p>Serviço de Apoio Logístico - Nordeste Meridional</p></td><td rowspan="1" colspan="1"><p>SERLOG-NM</p></td><td rowspan="1" colspan="1"><p>FCE 1.05</p></td></tr><tr><td rowspan="1" colspan="1" /><td rowspan="1" colspan="1"><p>Serviço de Apoio Logístico - Nordeste Setentrional</p></td><td rowspan="1" colspan="1"><p>SERLOG-NS</p></td><td rowspan="1" colspan="1"><p>FCE 1.05</p></td></tr><tr><td rowspan="1" colspan="1" /><td rowspan="1" colspan="1"><p>Serviço de Apoio Logístico - Bahia</p></td><td rowspan="1" colspan="1"><p>SERLOG-BA</p></td><td rowspan="1" colspan="1"><p>FCE 1.05</p></td></tr><tr><td rowspan="1" colspan="1" /><td rowspan="1" colspan="1"><p>Serviço de Apoio Logístico - Norte</p></td><td rowspan="1" colspan="1"><p>SERLOG-N</p></td><td rowspan="1" colspan="1"><p>FCE 1.05</p></td></tr><tr><td rowspan="1" colspan="1" /><td rowspan="1" colspan="1"><p>Serviço de Apoio Logístico - Pará</p></td><td rowspan="1" colspan="1"><p>SERLOG-PA</p></td><td rowspan="1" colspan="1"><p>FCE 1.05</p></td></tr><tr><td rowspan="1" colspan="1" /><td rowspan="1" colspan="1"><p>Serviço de Apoio Logístico - Centro-Oeste</p></td><td rowspan="1" colspan="1"><p>SERLOG-CO</p></td><td rowspan="1" colspan="1"><p>CCE 1.05</p></td></tr><tr><td rowspan="1" colspan="1" /><td rowspan="1" colspan="1"><p>Serviço de Apoio Logístico - Sul</p></td><td rowspan="1" colspan="1"><p>SERLOG-S</p></td><td rowspan="1" colspan="1"><p>FCE 1.05</p></td></tr><tr><td rowspan="1" colspan="1" /><td rowspan="1" colspan="1"><p>Serviço de Apoio Logístico - Santa Catarina</p></td><td rowspan="1" colspan="1"><p>SERLOG-SC</p></td><td rowspan="1" colspan="1"><p>FCE 1.05</p></td></tr><tr><td rowspan="1" colspan="1" /><td rowspan="1" colspan="1"><p>GERÊNCIA EXECUTIVA DE ADMINISTRAÇÃO E FINANÇAS</p></td><td rowspan="1" colspan="1"><p>GADFI</p></td><td rowspan="1" colspan="1"><p>FCE 1.12</p></td></tr><tr><td rowspan="1" colspan="1" /><td rowspan="1" colspan="1"><p>Assistente Técnico</p></td><td rowspan="1" colspan="1"><p></p></td><td rowspan="1" colspan="1"><p>CCE 2.06</p></td></tr><tr><td rowspan="1" colspan="1" /><td rowspan="1" colspan="1"><p>Divisão de Planejamento Orçamentário</p></td><td rowspan="1" colspan="1"><p>DIVPLO</p></td><td rowspan="1" colspan="1"><p>FCE 1.09</p></td></tr><tr><td rowspan="1" colspan="1" /><td rowspan="1" colspan="1"><p>Gerência de Licitações e Contratos</p></td><td rowspan="1" colspan="1"><p>GELICS</p></td><td rowspan="1" colspan="1"><p>FCE 1.11</p></td></tr><tr><td rowspan="1" colspan="1" /><td rowspan="1" colspan="1"><p>Divisão de Planejamento de Contratações</p></td><td rowspan="1" colspan="1"><p>DIVPLA</p></td><td rowspan="1" colspan="1"><p>FCE 1.09</p></td></tr><tr><td rowspan="1" colspan="1" /><td rowspan="1" colspan="1"><p>Divisão de Licitações e Contratações Diretas</p></td><td rowspan="1" colspan="1"><p>DIVLIC</p></td><td rowspan="1" colspan="1"><p>FCE 1.09</p></td></tr><tr><td rowspan="1" colspan="1" /><td rowspan="1" colspan="1"><p>Divisão de Agentes de Contratação</p></td><td rowspan="1" colspan="1"><p>DIVAGC</p></td><td rowspan="1" colspan="1"><p>FCE 1.09</p></td></tr><tr><td rowspan="1" colspan="1" /><td rowspan="1" colspan="1"><p>Divisão de Gestão Administrativa de Contratos</p></td><td rowspan="1" colspan="1"><p>DIVGAC</p></td><td rowspan="1" colspan="1"><p>FCE 1.09</p></td></tr><tr><td rowspan="1" colspan="1" /><td rowspan="1" colspan="1"><p>Divisão de Procedimentos Administrativos e Sanções</p></td><td rowspan="1" colspan="1"><p>DIVPAR</p></td><td rowspan="1" colspan="1"><p>FCE 1.09</p></td></tr><tr><td rowspan="1" colspan="1" /><td rowspan="1" colspan="1"><p>Divisão de Análise e Repactuação Contratual</p></td><td rowspan="1" colspan="1"><p>DIVARC</p></td><td rowspan="1" colspan="1"><p>FCE 1.09</p></td></tr><tr><td rowspan="1" colspan="1" /><td rowspan="1" colspan="1"><p>Gerência de Contabilidade e Custos</p></td><td rowspan="1" colspan="1"><p>GECONT</p></td><td rowspan="1" colspan="1"><p>FCE 1.11</p></td></tr><tr><td rowspan="1" colspan="1" /><td rowspan="1" colspan="1"><p>Divisão de Conformidade e Registro de Gestão</p></td><td rowspan="1" colspan="1"><p>DIVCORG</p></td><td rowspan="1" colspan="1"><p>FCE 1.09</p></td></tr><tr><td rowspan="1" colspan="1" /><td rowspan="1" colspan="1"><p>Divisão de Conformidade Contábil</p></td><td rowspan="1" colspan="1"><p>DIVCONC</p></td><td rowspan="1" colspan="1"><p>FCE 1.09</p></td></tr><tr><td rowspan="1" colspan="1" /><td rowspan="1" colspan="1"><p>Divisão de Informações e Centros de Custo</p></td><td rowspan="1" colspan="1"><p>DIVCUST</p></td><td rowspan="1" colspan="1"><p>FCE 1.09</p></td></tr><tr><td rowspan="1" colspan="1" /><td rowspan="1" colspan="1"><p>Divisão de Informações de Retenções Tributárias</p></td><td rowspan="1" colspan="1"><p>DIVTRIB</p></td><td rowspan="1" colspan="1"><p>FCE 1.09</p></td></tr><tr><td rowspan="1" colspan="1" /><td rowspan="1" colspan="1"><p>Gerência de Execução Orçamentária e Financeira</p></td><td rowspan="1" colspan="1"><p>GEOFI</p></td><td rowspan="1" colspan="1"><p>FCE 1.11</p></td></tr><tr><td rowspan="1" colspan="1" /><td rowspan="1" colspan="1"><p>Divisão de Execução de Despesas de Pessoal</p></td><td rowspan="1" colspan="1"><p>DIVEDP</p></td><td rowspan="1" colspan="1"><p>FCE 1.09</p></td></tr><tr><td rowspan="1" colspan="1" /><td rowspan="1" colspan="1"><p>Divisão de Execução Orçamentária</p></td><td rowspan="1" colspan="1"><p>DIVEO</p></td><td rowspan="1" colspan="1"><p>FCE 1.09</p></td></tr><tr><td rowspan="1" colspan="1" /><td rowspan="1" colspan="1"><p>Serviço de Execução Orçamentária</p></td><td rowspan="1" colspan="1"><p>SEREO</p></td><td rowspan="1" colspan="1"><p>FCE 1.05</p></td></tr><tr><td rowspan="1" colspan="1" /><td rowspan="1" colspan="1"><p>Divisão de Execução Financeira</p></td><td rowspan="1" colspan="1"><p>DIVEFI</p></td><td rowspan="1" colspan="1"><p>FCE 1.09</p></td></tr><tr><td rowspan="1" colspan="1" /><td rowspan="1" colspan="1"><p>Serviço de Ajustes e Registros Financeiros</p></td><td rowspan="1" colspan="1"><p>SERARF</p></td><td rowspan="1" colspan="1"><p>FCE 1.05</p></td></tr><tr><td rowspan="1" colspan="1" /><td rowspan="1" colspan="1"><p>Serviço de Execução Financeira</p></td><td rowspan="1" colspan="1"><p>SEREF</p></td><td rowspan="1" colspan="1"><p>FCE 1.05</p></td></tr><tr><td rowspan="1" colspan="1" /><td rowspan="1" colspan="1"><p>Serviço de Apoio à Execução Financeira</p></td><td rowspan="1" colspan="1"><p>SERAEF</p></td><td rowspan="1" colspan="1"><p>FCE 1.05</p></td></tr><tr><td rowspan="1" colspan="1"><p>Órgãos Específicos - Eixo Temático Política Regulatória e Inteligência Mineral</p></td><td rowspan="1" colspan="1"><p>SUPERINTENDÊNCIA DE POLÍTICA REGULATÓRIA</p></td><td rowspan="1" colspan="1"><p>SPR</p></td><td rowspan="1" colspan="1"><p>FCE 1.16</p></td></tr><tr><td rowspan="1" colspan="1" /><td rowspan="1" colspan="1"><p>Assistente</p></td><td rowspan="1" colspan="1"><p></p></td><td rowspan="1" colspan="1"><p>FCE 2.08</p></td></tr><tr><td rowspan="1" colspan="1" /><td rowspan="1" colspan="1"><p>Assistente de Política e Qualidade Regulatória</p></td><td rowspan="1" colspan="1"><p></p></td><td rowspan="1" colspan="1"><p>FCE 2.08</p></td></tr><tr><td rowspan="1" colspan="1" /><td rowspan="1" colspan="1"><p>Gerência de Planejamento e Análise Regulatória</p></td><td rowspan="1" colspan="1"><p>GEPAR</p></td><td rowspan="1" colspan="1"><p>FCE 1.11</p></td></tr><tr><td rowspan="1" colspan="1" /><td rowspan="1" colspan="1"><p>Assistente Técnico de Projeto de Agenda Regulatória</p></td><td rowspan="1" colspan="1"><p></p></td><td rowspan="1" colspan="1"><p>FCE 2.05</p></td></tr><tr><td rowspan="1" colspan="1" /><td rowspan="1" colspan="1"><p>Assistente Técnico de Projeto de Agenda Regulatória</p></td><td rowspan="1" colspan="1"><p></p></td><td rowspan="1" colspan="1"><p>FCE 2.05</p></td></tr><tr><td rowspan="1" colspan="1" /><td rowspan="1" colspan="1"><p>Coordenação da Agenda Regulatória</p></td><td rowspan="1" colspan="1"><p>CORARE</p></td><td rowspan="1" colspan="1"><p>FCE 1.10</p></td></tr><tr><td rowspan="1" colspan="1" /><td rowspan="1" colspan="1"><p>Coordenação de Análise de Impacto Regulatório</p></td><td rowspan="1" colspan="1"><p>CORAIR</p></td><td rowspan="1" colspan="1"><p>FCE 1.10</p></td></tr><tr><td rowspan="1" colspan="1" /><td rowspan="1" colspan="1"><p>Gerência de Avaliação Regulatória</p></td><td rowspan="1" colspan="1"><p>GEAR</p></td><td rowspan="1" colspan="1"><p>FCE 1.11</p></td></tr><tr><td rowspan="1" colspan="1" /><td rowspan="1" colspan="1"><p>Divisão de Gestão de Estoque e ARR</p></td><td rowspan="1" colspan="1"><p>DIVEARR</p></td><td rowspan="1" colspan="1"><p>FCE 1.09</p></td></tr><tr><td rowspan="1" colspan="1" /><td rowspan="1" colspan="1"><p>SUPERINTENDÊNCIA DE ECONOMIA MINERAL E GEOINFORMAÇÃO</p></td><td rowspan="1" colspan="1"><p>SEG</p></td><td rowspan="1" colspan="1"><p>FCE 1.16</p></td></tr><tr><td rowspan="1" colspan="1" /><td rowspan="1" colspan="1"><p>Assistente</p></td><td rowspan="1" colspan="1"><p></p></td><td rowspan="1" colspan="1"><p>FCE 2.08</p></td></tr><tr><td rowspan="1" colspan="1" /><td rowspan="1" colspan="1"><p>Gerência de Economia Mineral</p></td><td rowspan="1" colspan="1"><p>GEMIN</p></td><td rowspan="1" colspan="1"><p>FCE 1.11</p></td></tr><tr><td rowspan="1" colspan="1" /><td rowspan="1" colspan="1"><p>Coordenação de Estudos Econômicos</p></td><td rowspan="1" colspan="1"><p>COREC</p></td><td rowspan="1" colspan="1"><p>FCE 1.10</p></td></tr><tr><td rowspan="1" colspan="1" /><td rowspan="1" colspan="1"><p>Divisão de Minerais Críticos e Estratégicos</p></td><td rowspan="1" colspan="1"><p>DIVMCE</p></td><td rowspan="1" colspan="1"><p>FCE 1.09</p></td></tr><tr><td rowspan="1" colspan="1" /><td rowspan="1" colspan="1"><p>Coordenação de Inteligência de Dados</p></td><td rowspan="1" colspan="1"><p>CORIDA</p></td><td rowspan="1" colspan="1"><p>FCE 1.10</p></td></tr><tr><td rowspan="1" colspan="1" /><td rowspan="1" colspan="1"><p>Gerência de Geoinformação</p></td><td rowspan="1" colspan="1"><p>GEGEO</p></td><td rowspan="1" colspan="1"><p>FCE 1.11</p></td></tr><tr><td rowspan="1" colspan="1" /><td rowspan="1" colspan="1"><p>Coordenação de Infraestrutura de Dados Geoespaciais</p></td><td rowspan="1" colspan="1"><p>CORING</p></td><td rowspan="1" colspan="1"><p>FCE 1.10</p></td></tr><tr><td rowspan="1" colspan="1" /><td rowspan="1" colspan="1"><p>Coordenação de Inovações de Soluções Geoespaciais</p></td><td rowspan="1" colspan="1"><p>CORINV</p></td><td rowspan="1" colspan="1"><p>FCE 1.10</p></td></tr><tr><td rowspan="1" colspan="1" /><td rowspan="1" colspan="1"><p>Divisão de Estudos Técnicos e Análise Remota da Mineração</p></td><td rowspan="1" colspan="1"><p>DIVER</p></td><td rowspan="1" colspan="1"><p>FCE 1.09</p></td></tr><tr><td rowspan="1" colspan="1" /><td rowspan="1" colspan="1"><p>Gerência de Estudos de Áreas</p></td><td rowspan="1" colspan="1"><p>GEAREA</p></td><td rowspan="1" colspan="1"><p>FCE 1.11</p></td></tr><tr><td rowspan="1" colspan="1" /><td rowspan="1" colspan="1"><p>Divisão de Análises de Áreas</p></td><td rowspan="1" colspan="1"><p>DIVANA</p></td><td rowspan="1" colspan="1"><p>FCE 1.09</p></td></tr><tr><td rowspan="1" colspan="1"><p>Órgãos Específicos - Eixo Temático Gestão de Títulos</p></td><td rowspan="1" colspan="1"><p>SUPERINTENDÊNCIA DE OUTORGA DE TÍTULOS MINERÁRIOS</p></td><td rowspan="1" colspan="1"><p>SOT</p></td><td rowspan="1" colspan="1"><p>CCE 1.16</p></td></tr><tr><td rowspan="1" colspan="1" /><td rowspan="1" colspan="1"><p>Assistente</p></td><td rowspan="1" colspan="1"><p></p></td><td rowspan="1" colspan="1"><p>FCE 2.08</p></td></tr><tr><td rowspan="1" colspan="1" /><td rowspan="1" colspan="1"><p>Assistente</p></td><td rowspan="1" colspan="1"><p></p></td><td rowspan="1" colspan="1"><p>FCE 2.08</p></td></tr><tr><td rowspan="1" colspan="1" /><td rowspan="1" colspan="1"><p>Gerência de Disponibilidade de Áreas</p></td><td rowspan="1" colspan="1"><p>GEDIS</p></td><td rowspan="1" colspan="1"><p>FCE 1.11</p></td></tr><tr><td rowspan="1" colspan="1" /><td rowspan="1" colspan="1"><p>Divisão de Oferta Pública e Leilão</p></td><td rowspan="1" colspan="1"><p>DIVOPL</p></td><td rowspan="1" colspan="1"><p>FCE 1.09</p></td></tr><tr><td rowspan="1" colspan="1" /><td rowspan="1" colspan="1"><p>Divisão de Proposta Técnica</p></td><td rowspan="1" colspan="1"><p>DIVPTE</p></td><td rowspan="1" colspan="1"><p>FCE 1.09</p></td></tr><tr><td rowspan="1" colspan="1" /><td rowspan="1" colspan="1"><p>Gerência de Autorização de Pesquisa</p></td><td rowspan="1" colspan="1"><p>GEPEM</p></td><td rowspan="1" colspan="1"><p>FCE 1.11</p></td></tr><tr><td rowspan="1" colspan="1" /><td rowspan="1" colspan="1"><p>Divisão de Gestão de Requerimentos de Pesquisa Mineral</p></td><td rowspan="1" colspan="1"><p>DIVPEM</p></td><td rowspan="1" colspan="1"><p>FCE 1.09</p></td></tr><tr><td rowspan="1" colspan="1" /><td rowspan="1" colspan="1"><p>Divisão de Guia de Utilização</p></td><td rowspan="1" colspan="1"><p>DIVGUT</p></td><td rowspan="1" colspan="1"><p>FCE 1.09</p></td></tr><tr><td rowspan="1" colspan="1" /><td rowspan="1" colspan="1"><p>Gerência de Títulos de Lavra</p></td><td rowspan="1" colspan="1"><p>GETIL</p></td><td rowspan="1" colspan="1"><p>FCE 1.11</p></td></tr><tr><td rowspan="1" colspan="1" /><td rowspan="1" colspan="1"><p>Divisão de Concessão de Lavra</p></td><td rowspan="1" colspan="1"><p>DIVCON</p></td><td rowspan="1" colspan="1"><p>FCE 1.09</p></td></tr><tr><td rowspan="1" colspan="1" /><td rowspan="1" colspan="1"><p>Divisão de Permissão de Lavra Garimpeira</p></td><td rowspan="1" colspan="1"><p>DIVPLG</p></td><td rowspan="1" colspan="1"><p>FCE 1.09</p></td></tr><tr><td rowspan="1" colspan="1" /><td rowspan="1" colspan="1"><p>Divisão de Licenciamento, Registro de Extração e DDTM</p></td><td rowspan="1" colspan="1"><p>DIVLEX</p></td><td rowspan="1" colspan="1"><p>FCE 1.09</p></td></tr><tr><td rowspan="1" colspan="1" /><td rowspan="1" colspan="1"><p>Gerência de Títulos Minerários</p></td><td rowspan="1" colspan="1"><p>GETIM</p></td><td rowspan="1" colspan="1"><p>FCE 1.11</p></td></tr><tr><td rowspan="1" colspan="1" /><td rowspan="1" colspan="1"><p>Divisão de Transferências de Direitos</p></td><td rowspan="1" colspan="1"><p>DIVDIR</p></td><td rowspan="1" colspan="1"><p>FCE 1.09</p></td></tr><tr><td rowspan="1" colspan="1" /><td rowspan="1" colspan="1"><p>Divisão de Faixa de Fronteira</p></td><td rowspan="1" colspan="1"><p>DIVFFO</p></td><td rowspan="1" colspan="1"><p>FCE 1.09</p></td></tr><tr><td rowspan="1" colspan="1" /><td rowspan="1" colspan="1"><p>Divisão de Demandas Judiciais de Transferência de Direitos</p></td><td rowspan="1" colspan="1"><p>DIVJUD</p></td><td rowspan="1" colspan="1"><p>FCE 1.09</p></td></tr><tr><td rowspan="1" colspan="1" /><td rowspan="1" colspan="1"><p>Gerência de Contencioso Minerário</p></td><td rowspan="1" colspan="1"><p>GECMI</p></td><td rowspan="1" colspan="1"><p>FCE 1.11</p></td></tr><tr><td rowspan="1" colspan="1" /><td rowspan="1" colspan="1"><p>Divisão do Contencioso de Autorização e Concessão</p></td><td rowspan="1" colspan="1"><p>DIVCAC</p></td><td rowspan="1" colspan="1"><p>FCE 1.09</p></td></tr><tr><td rowspan="1" colspan="1" /><td rowspan="1" colspan="1"><p>Divisão do Contencioso de Permissão de Lavra Garimpeira</p></td><td rowspan="1" colspan="1"><p>DIVCLG</p></td><td rowspan="1" colspan="1"><p>FCE 1.09</p></td></tr><tr><td rowspan="1" colspan="1" /><td rowspan="1" colspan="1"><p>Divisão do Contencioso de Licenciamento, Extração e DDTM</p></td><td rowspan="1" colspan="1"><p>DIVCLI</p></td><td rowspan="1" colspan="1"><p>FCE 1.09</p></td></tr><tr><td rowspan="1" colspan="1" /><td rowspan="1" colspan="1"><p>Coordenação Regional de Outorga - Minas Gerais</p></td><td rowspan="1" colspan="1"><p>COROUT-MG</p></td><td rowspan="1" colspan="1"><p>FCE 1.10</p></td></tr><tr><td rowspan="1" colspan="1" /><td rowspan="1" colspan="1"><p>Coordenação Regional de Outorga - Bahia</p></td><td rowspan="1" colspan="1"><p>COROUT-BA</p></td><td rowspan="1" colspan="1"><p>FCE 1.10</p></td></tr><tr><td rowspan="1" colspan="1" /><td rowspan="1" colspan="1"><p>Coordenação Regional de Outorga - Pará/Amapá</p></td><td rowspan="1" colspan="1"><p>COROUT-PA/AP</p></td><td rowspan="1" colspan="1"><p>FCE 1.10</p></td></tr><tr><td rowspan="1" colspan="1" /><td rowspan="1" colspan="1"><p>Coordenação Regional de Outorga - São Paulo</p></td><td rowspan="1" colspan="1"><p>COROUT-SP</p></td><td rowspan="1" colspan="1"><p>FCE 1.10</p></td></tr><tr><td rowspan="1" colspan="1" /><td rowspan="1" colspan="1"><p>Coordenação Regional de Outorga - Goiás/Distrito Federal</p></td><td rowspan="1" colspan="1"><p>COROUT-GO/DF</p></td><td rowspan="1" colspan="1"><p>FCE 1.10</p></td></tr><tr><td rowspan="1" colspan="1" /><td rowspan="1" colspan="1"><p>Coordenação Regional de Outorga - Rio Grande do Sul</p></td><td rowspan="1" colspan="1"><p>COROUT-RS</p></td><td rowspan="1" colspan="1"><p>FCE 1.10</p></td></tr><tr><td rowspan="1" colspan="1" /><td rowspan="1" colspan="1"><p>Coordenação Regional de Outorga - Mato Grosso</p></td><td rowspan="1" colspan="1"><p>COROUT-MT</p></td><td rowspan="1" colspan="1"><p>FCE 1.10</p></td></tr><tr><td rowspan="1" colspan="1" /><td rowspan="1" colspan="1"><p>Coordenação Regional de Outorga - Paraná/Mato Grosso do Sul</p></td><td rowspan="1" colspan="1"><p>COROUT-PR/MS</p></td><td rowspan="1" colspan="1"><p>FCE 1.10</p></td></tr><tr><td rowspan="1" colspan="1" /><td rowspan="1" colspan="1"><p>Coordenação Regional de Outorga - Espírito Santo/Rio de Janeiro</p></td><td rowspan="1" colspan="1"><p>COROUT-ES/RJ</p></td><td rowspan="1" colspan="1"><p>FCE 1.10</p></td></tr><tr><td rowspan="1" colspan="1" /><td rowspan="1" colspan="1"><p>Coordenação Regional de Outorga - Ceará/Pernambuco</p></td><td rowspan="1" colspan="1"><p>COROUT-CE/PB</p></td><td rowspan="1" colspan="1"><p>FCE 1.10</p></td></tr><tr><td rowspan="1" colspan="1" /><td rowspan="1" colspan="1"><p>Coordenação Regional de Outorga - Amazonas/Roraima/Rondônia/Acre</p></td><td rowspan="1" colspan="1"><p>COROUT-AM/RR/RO/AC</p></td><td rowspan="1" colspan="1"><p>FCE 1.10</p></td></tr><tr><td rowspan="1" colspan="1" /><td rowspan="1" colspan="1"><p>Coordenação Regional de Outorga - Santa Catarina</p></td><td rowspan="1" colspan="1"><p>COROUT-SC</p></td><td rowspan="1" colspan="1"><p>FCE 1.10</p></td></tr><tr><td rowspan="1" colspan="1" /><td rowspan="1" colspan="1"><p>Coordenação Regional de Outorga - Rio Grande do Norte/Paraíba/Sergipe/Alagoas</p></td><td rowspan="1" colspan="1"><p>COROUT-RN/PB/SE/AL</p></td><td rowspan="1" colspan="1"><p>FCE 1.10</p></td></tr><tr><td rowspan="1" colspan="1" /><td rowspan="1" colspan="1"><p>Coordenação Regional de Outorga - Tocantins/Piauí/Maranhão</p></td><td rowspan="1" colspan="1"><p>COROUT-TO/PI/MA</p></td><td rowspan="1" colspan="1"><p>FCE 1.10</p></td></tr><tr><td rowspan="1" colspan="1"><p>Órgãos Específicos - Eixo Temático Eficiência Arrecadatória e Distributiva</p></td><td rowspan="1" colspan="1"><p>SUPERINTENDÊNCIA DE ARRECADAÇÃO E FISCALIZAÇÃO DE RECEITAS</p></td><td rowspan="1" colspan="1"><p>SAR</p></td><td rowspan="1" colspan="1"><p>FCE 1.16</p></td></tr><tr><td rowspan="1" colspan="1" /><td rowspan="1" colspan="1"><p>Assistente</p></td><td rowspan="1" colspan="1"><p></p></td><td rowspan="1" colspan="1"><p>FCE 2.08</p></td></tr><tr><td rowspan="1" colspan="1" /><td rowspan="1" colspan="1"><p>Gerência de Projetos, Regulação e Estratégias Arrecadatórias</p></td><td rowspan="1" colspan="1"><p>GEPRE</p></td><td rowspan="1" colspan="1"><p>FCE 1.11</p></td></tr><tr><td rowspan="1" colspan="1" /><td rowspan="1" colspan="1"><p>Coordenação de Projetos e Estratégias Arrecadatórias</p></td><td rowspan="1" colspan="1"><p>CORPED</p></td><td rowspan="1" colspan="1"><p>FCE 1.10</p></td></tr><tr><td rowspan="1" colspan="1" /><td rowspan="1" colspan="1"><p>Coordenação de Regulação e Articulação Institucional</p></td><td rowspan="1" colspan="1"><p>COREAI</p></td><td rowspan="1" colspan="1"><p>FCE 1.10</p></td></tr><tr><td rowspan="1" colspan="1" /><td rowspan="1" colspan="1"><p>Gerência de Fiscalização da CFEM</p></td><td rowspan="1" colspan="1"><p>GEFIC</p></td><td rowspan="1" colspan="1"><p>FCE 1.11</p></td></tr><tr><td rowspan="1" colspan="1" /><td rowspan="1" colspan="1"><p>Assistente Técnico</p></td><td rowspan="1" colspan="1"><p></p></td><td rowspan="1" colspan="1"><p>FCE 2.04</p></td></tr><tr><td rowspan="1" colspan="1" /><td rowspan="1" colspan="1"><p>Coordenação Nacional de Fiscalização da CFEM</p></td><td rowspan="1" colspan="1"><p>CORFIS</p></td><td rowspan="1" colspan="1"><p>FCE 1.10</p></td></tr><tr><td rowspan="1" colspan="1" /><td rowspan="1" colspan="1"><p>Coordenação de Fiscalização Remota da CFEM</p></td><td rowspan="1" colspan="1"><p>CORFEM</p></td><td rowspan="1" colspan="1"><p>FCE 1.10</p></td></tr><tr><td rowspan="1" colspan="1" /><td rowspan="1" colspan="1"><p>Gerência de Contencioso Administrativo e Judicial da CFEM</p></td><td rowspan="1" colspan="1"><p>GECON</p></td><td rowspan="1" colspan="1"><p>FCE 1.11</p></td></tr><tr><td rowspan="1" colspan="1" /><td rowspan="1" colspan="1"><p>Coordenação de Análise de Recursos da CFEM</p></td><td rowspan="1" colspan="1"><p>COARC</p></td><td rowspan="1" colspan="1"><p>FCE 1.10</p></td></tr><tr><td rowspan="1" colspan="1" /><td rowspan="1" colspan="1"><p>Coordenação de Perícias e Atendimento Judiciais</p></td><td rowspan="1" colspan="1"><p>CORPAJ</p></td><td rowspan="1" colspan="1"><p>FCE 1.10</p></td></tr><tr><td rowspan="1" colspan="1" /><td rowspan="1" colspan="1"><p>Gerência de Distribuição, Inovação e Transparência</p></td><td rowspan="1" colspan="1"><p>GEDIT</p></td><td rowspan="1" colspan="1"><p>FCE 1.11</p></td></tr><tr><td rowspan="1" colspan="1" /><td rowspan="1" colspan="1"><p>Coordenação de Inovação e Transparência</p></td><td rowspan="1" colspan="1"><p>CORDIT</p></td><td rowspan="1" colspan="1"><p>FCE 1.10</p></td></tr><tr><td rowspan="1" colspan="1" /><td rowspan="1" colspan="1"><p>Gerência de Receitas</p></td><td rowspan="1" colspan="1"><p>GEREC</p></td><td rowspan="1" colspan="1"><p>FCE 1.11</p></td></tr><tr><td rowspan="1" colspan="1" /><td rowspan="1" colspan="1"><p>Coordenação de Controle de Créditos</p></td><td rowspan="1" colspan="1"><p>CORCOC</p></td><td rowspan="1" colspan="1"><p>FCE 1.10</p></td></tr><tr><td rowspan="1" colspan="1" /><td rowspan="1" colspan="1"><p>Coordenação de Pendências Fiscais</p></td><td rowspan="1" colspan="1"><p>CORPEF</p></td><td rowspan="1" colspan="1"><p>FCE 1.10</p></td></tr><tr><td rowspan="1" colspan="1" /><td rowspan="1" colspan="1"><p>Gerência de Cobrança das Demais Receitas</p></td><td rowspan="1" colspan="1"><p>GECOR</p></td><td rowspan="1" colspan="1"><p>FCE 1.11</p></td></tr><tr><td rowspan="1" colspan="1" /><td rowspan="1" colspan="1"><p>Coordenação de Autuação e Fiscalização da TAH</p></td><td rowspan="1" colspan="1"><p>CORAUF</p></td><td rowspan="1" colspan="1"><p>FCE 1.10</p></td></tr><tr><td rowspan="1" colspan="1" /><td rowspan="1" colspan="1"><p>Coordenação de Contencioso Administrativo e Judicial da TAH</p></td><td rowspan="1" colspan="1"><p>CORCAJ</p></td><td rowspan="1" colspan="1"><p>FCE 1.10</p></td></tr></table>]]></Texto>
  </body>
  <Midias />
</article></xml>