﻿<xml><article id="44735774" name="Portaria FP 31 07 2025 Descreden" idOficio="11191432" pubName="DO1" artType="Despacho" pubDate="01/08/2025" artClass="00047:00039:00000:00000:00000:00000:00000:00000:00000:00000:00024:00000" artCategory="Ministério da Saúde/Secretaria de Ciência, Tecnologia e Inovação e do Complexo Econômico-Industrial da Saúde" artSize="24" artNotes="" numberPage="133" pdfPage="http://pesquisa.in.gov.br/imprensa/jsp/visualiza/index.jsp?data=01/08/2025&amp;jornal=515&amp;pagina=133" editionNumber="144" highlightType="" highlightPriority="" highlight="" highlightimage="" highlightimagename="" idMateria="22948776">
  <body>
    <Identifica />
    <Data><![CDATA[]]></Data>
    <Ementa />
    <Titulo />
    <SubTitulo />
    <Texto><![CDATA[<p /><p></p><table><tr /><tr><td rowspan="1" colspan="1"><p>1119</p></td><td rowspan="1" colspan="1"><p>05130388000169</p></td><td rowspan="1" colspan="1"><p>FARMACIA DE MANIPULACAO E HOMEOPATIA AZEVEDO &amp; MOREIRA LTDA</p></td><td rowspan="1" colspan="1"><p>MG</p></td><td rowspan="1" colspan="1"><p>SANTA LUZIA</p></td><td rowspan="1" colspan="1"><p>25000077794200624</p></td></tr><tr><td rowspan="1" colspan="1"><p>1120</p></td><td rowspan="1" colspan="1"><p>17186115003998</p></td><td rowspan="1" colspan="1"><p>FARMACIA SANTA MARTA LTDA</p></td><td rowspan="1" colspan="1"><p>MG</p></td><td rowspan="1" colspan="1"><p>SANTA LUZIA</p></td><td rowspan="1" colspan="1"><p>25000167138200612</p></td></tr><tr><td rowspan="1" colspan="1"><p>1121</p></td><td rowspan="1" colspan="1"><p>22567200000163</p></td><td rowspan="1" colspan="1"><p>PAULA CAMPOS DOMINGOS E CIA LTDA</p></td><td rowspan="1" colspan="1"><p>MG</p></td><td rowspan="1" colspan="1"><p>SANTA LUZIA</p></td><td rowspan="1" colspan="1"><p>25000048233200618</p></td></tr><tr><td rowspan="1" colspan="1"><p>1122</p></td><td rowspan="1" colspan="1"><p>22567200000244</p></td><td rowspan="1" colspan="1"><p>PAULA CAMPOS DOMINGOS E CIA LTDA</p></td><td rowspan="1" colspan="1"><p>MG</p></td><td rowspan="1" colspan="1"><p>SANTA LUZIA</p></td><td rowspan="1" colspan="1"><p>25000048234200662</p></td></tr><tr><td rowspan="1" colspan="1"><p>1123</p></td><td rowspan="1" colspan="1"><p>06157825000109</p></td><td rowspan="1" colspan="1"><p>DROGARIA M.F. FRUGOLI LTDA</p></td><td rowspan="1" colspan="1"><p>MG</p></td><td rowspan="1" colspan="1"><p>SANTA RITA DO SAPUCAI</p></td><td rowspan="1" colspan="1"><p>25000226828200882</p></td></tr><tr><td rowspan="1" colspan="1"><p>1124</p></td><td rowspan="1" colspan="1"><p>71367189000101</p></td><td rowspan="1" colspan="1"><p>OTAVIO ALVARENGA DO VALLE</p></td><td rowspan="1" colspan="1"><p>MG</p></td><td rowspan="1" colspan="1"><p>SANTA RITA DO SAPUCAI</p></td><td rowspan="1" colspan="1"><p>25000128861200767</p></td></tr><tr><td rowspan="1" colspan="1"><p>1125</p></td><td rowspan="1" colspan="1"><p>05935935000345</p></td><td rowspan="1" colspan="1"><p>PEDRO TIAGO RIBEIRO DE FARIA</p></td><td rowspan="1" colspan="1"><p>MG</p></td><td rowspan="1" colspan="1"><p>SANTA RITA DO SAPUCAI</p></td><td rowspan="1" colspan="1"><p>25000220945200832</p></td></tr><tr><td rowspan="1" colspan="1"><p>1126</p></td><td rowspan="1" colspan="1"><p>05935935000183</p></td><td rowspan="1" colspan="1"><p>PEDRO TIAGO RIBEIRO DE FARIA</p></td><td rowspan="1" colspan="1"><p>MG</p></td><td rowspan="1" colspan="1"><p>SANTA RITA DO SAPUCAI</p></td><td rowspan="1" colspan="1"><p>25000220945200832</p></td></tr><tr><td rowspan="1" colspan="1"><p>1127</p></td><td rowspan="1" colspan="1"><p>08278649000261</p></td><td rowspan="1" colspan="1"><p>DROGARIA MATHIAS LTDA</p></td><td rowspan="1" colspan="1"><p>MG</p></td><td rowspan="1" colspan="1"><p>SANTANA DE CATAGUASES</p></td><td rowspan="1" colspan="1"><p>25000096810201145</p></td></tr><tr><td rowspan="1" colspan="1"><p>1128</p></td><td rowspan="1" colspan="1"><p>07224569000180</p></td><td rowspan="1" colspan="1"><p>ROGERIO PACHECO VIEIRA SANTOS</p></td><td rowspan="1" colspan="1"><p>MG</p></td><td rowspan="1" colspan="1"><p>SANTANA DO PARAISO</p></td><td rowspan="1" colspan="1"><p>25000057294201133</p></td></tr><tr><td rowspan="1" colspan="1"><p>1129</p></td><td rowspan="1" colspan="1"><p>24163941000295</p></td><td rowspan="1" colspan="1"><p>FARMACIA PINTO COELHO LTDA</p></td><td rowspan="1" colspan="1"><p>MG</p></td><td rowspan="1" colspan="1"><p>SANTO ANTONIO DO GRAMA</p></td><td rowspan="1" colspan="1"><p>25000226177200821</p></td></tr><tr><td rowspan="1" colspan="1"><p>1130</p></td><td rowspan="1" colspan="1"><p>05324658000172</p></td><td rowspan="1" colspan="1"><p>D &amp; C- DROGARIA LTDA</p></td><td rowspan="1" colspan="1"><p>MG</p></td><td rowspan="1" colspan="1"><p>SANTO ANTONIO DO MONTE</p></td><td rowspan="1" colspan="1"><p>25000211311200899</p></td></tr><tr><td rowspan="1" colspan="1"><p>1131</p></td><td rowspan="1" colspan="1"><p>05527028000103</p></td><td rowspan="1" colspan="1"><p>GERSIKA BITENCOURT SANTOS</p></td><td rowspan="1" colspan="1"><p>MG</p></td><td rowspan="1" colspan="1"><p>SAO FRANCISCO</p></td><td rowspan="1" colspan="1"><p>25000160844201109</p></td></tr><tr><td rowspan="1" colspan="1"><p>1132</p></td><td rowspan="1" colspan="1"><p>07554228000172</p></td><td rowspan="1" colspan="1"><p>DROGARIA NERY &amp; SILVA LTDA</p></td><td rowspan="1" colspan="1"><p>MG</p></td><td rowspan="1" colspan="1"><p>SAO JOAO DEL REI</p></td><td rowspan="1" colspan="1"><p>25000081792200711</p></td></tr><tr><td rowspan="1" colspan="1"><p>1133</p></td><td rowspan="1" colspan="1"><p>65276032000160</p></td><td rowspan="1" colspan="1"><p>DROGARIA TSM LTDA</p></td><td rowspan="1" colspan="1"><p>MG</p></td><td rowspan="1" colspan="1"><p>SAO JOAO DEL REI</p></td><td rowspan="1" colspan="1"><p>25000071483201119</p></td></tr><tr><td rowspan="1" colspan="1"><p>1134</p></td><td rowspan="1" colspan="1"><p>02092553000147</p></td><td rowspan="1" colspan="1"><p>FABIO MARCIO NERY</p></td><td rowspan="1" colspan="1"><p>MG</p></td><td rowspan="1" colspan="1"><p>SAO JOAO DEL REI</p></td><td rowspan="1" colspan="1"><p>25000081639200793</p></td></tr><tr><td rowspan="1" colspan="1"><p>1135</p></td><td rowspan="1" colspan="1"><p>10703620000221</p></td><td rowspan="1" colspan="1"><p>WALTER LUCIO MACIEL</p></td><td rowspan="1" colspan="1"><p>MG</p></td><td rowspan="1" colspan="1"><p>SAO JOAO DO MANHUACU</p></td><td rowspan="1" colspan="1"><p>25000112978201024</p></td></tr><tr><td rowspan="1" colspan="1"><p>1136</p></td><td rowspan="1" colspan="1"><p>17381609000401</p></td><td rowspan="1" colspan="1"><p>CAMPOS E DOMINGOS LTDA</p></td><td rowspan="1" colspan="1"><p>MG</p></td><td rowspan="1" colspan="1"><p>SAO JOSE DA LAPA</p></td><td rowspan="1" colspan="1"><p>25000048212200601</p></td></tr><tr><td rowspan="1" colspan="1"><p>1137</p></td><td rowspan="1" colspan="1"><p>19694444000100</p></td><td rowspan="1" colspan="1"><p>IARA DE OLIVEIRA SILVA 08579855667</p></td><td rowspan="1" colspan="1"><p>MG</p></td><td rowspan="1" colspan="1"><p>SAO JOSE DO JACURI</p></td><td rowspan="1" colspan="1"><p>25000148637201411</p></td></tr><tr><td rowspan="1" colspan="1"><p>1138</p></td><td rowspan="1" colspan="1"><p>03077938000106</p></td><td rowspan="1" colspan="1"><p>DROGARIA MIRANDA &amp; FIALHO LTDA</p></td><td rowspan="1" colspan="1"><p>MG</p></td><td rowspan="1" colspan="1"><p>SAO MIGUEL DO ANTA</p></td><td rowspan="1" colspan="1"><p>25000197889200825</p></td></tr><tr><td rowspan="1" colspan="1"><p>1139</p></td><td rowspan="1" colspan="1"><p>42791913000113</p></td><td rowspan="1" colspan="1"><p>WALMATE DROGARIA E PERFUMARIA LTDA</p></td><td rowspan="1" colspan="1"><p>MG</p></td><td rowspan="1" colspan="1"><p>SAO PEDRO DOS FERROS</p></td><td rowspan="1" colspan="1"><p>25000021246201379</p></td></tr><tr><td rowspan="1" colspan="1"><p>1140</p></td><td rowspan="1" colspan="1"><p>05039127000138</p></td><td rowspan="1" colspan="1"><p>IRMAOS LAFETA MEDICAMENTOS LTDA</p></td><td rowspan="1" colspan="1"><p>MG</p></td><td rowspan="1" colspan="1"><p>SAO ROMAO</p></td><td rowspan="1" colspan="1"><p>25000608177200926</p></td></tr><tr><td rowspan="1" colspan="1"><p>1141</p></td><td rowspan="1" colspan="1"><p>02509654000332</p></td><td rowspan="1" colspan="1"><p>MATHEUS SANTOS SOARES LTDA</p></td><td rowspan="1" colspan="1"><p>MG</p></td><td rowspan="1" colspan="1"><p>SAO ROQUE DE MINAS</p></td><td rowspan="1" colspan="1"><p>25000080839200729</p></td></tr><tr><td rowspan="1" colspan="1"><p>1142</p></td><td rowspan="1" colspan="1"><p>10195011000128</p></td><td rowspan="1" colspan="1"><p>DROGARIA ROCHA E CARMO LTDA</p></td><td rowspan="1" colspan="1"><p>MG</p></td><td rowspan="1" colspan="1"><p>SAO SEBASTIAO DO OESTE</p></td><td rowspan="1" colspan="1"><p>25000007683200901</p></td></tr><tr><td rowspan="1" colspan="1"><p>1143</p></td><td rowspan="1" colspan="1"><p>08079462000239</p></td><td rowspan="1" colspan="1"><p>DROGARIA ALEANA LTDA</p></td><td rowspan="1" colspan="1"><p>MG</p></td><td rowspan="1" colspan="1"><p>SAO SEBASTIAO DO PARAISO</p></td><td rowspan="1" colspan="1"><p>25000022639200913</p></td></tr><tr><td rowspan="1" colspan="1"><p>1144</p></td><td rowspan="1" colspan="1"><p>86384344000329</p></td><td rowspan="1" colspan="1"><p>FARMACIA ANA TERRA LTDA</p></td><td rowspan="1" colspan="1"><p>MG</p></td><td rowspan="1" colspan="1"><p>SAO SEBASTIAO DO PARAISO</p></td><td rowspan="1" colspan="1"><p>25000039346200894</p></td></tr><tr><td rowspan="1" colspan="1"><p>1145</p></td><td rowspan="1" colspan="1"><p>07208661000156</p></td><td rowspan="1" colspan="1"><p>LUCIANO PAULINO - 028.100.336-09</p></td><td rowspan="1" colspan="1"><p>MG</p></td><td rowspan="1" colspan="1"><p>SAO SEBASTIAO DO PARAISO</p></td><td rowspan="1" colspan="1"><p>25000122246201395</p></td></tr><tr><td rowspan="1" colspan="1"><p>1146</p></td><td rowspan="1" colspan="1"><p>66453168000322</p></td><td rowspan="1" colspan="1"><p>UNIMED SAO SEBASTIAO DO PARAISO COOPERATIVA DE TRABALHO MEDICO</p></td><td rowspan="1" colspan="1"><p>MG</p></td><td rowspan="1" colspan="1"><p>SAO SEBASTIAO DO PARAISO</p></td><td rowspan="1" colspan="1"><p>25000093035201176</p></td></tr><tr><td rowspan="1" colspan="1"><p>1147</p></td><td rowspan="1" colspan="1"><p>03768779000188</p></td><td rowspan="1" colspan="1"><p>DROGARIA CARVALHO E CANAAN LTDA</p></td><td rowspan="1" colspan="1"><p>MG</p></td><td rowspan="1" colspan="1"><p>SAO TIAGO</p></td><td rowspan="1" colspan="1"><p>25000145705201317</p></td></tr><tr><td rowspan="1" colspan="1"><p>1148</p></td><td rowspan="1" colspan="1"><p>01063431000160</p></td><td rowspan="1" colspan="1"><p>ORGANIZACOES FARMACEUTICAS FITARVIDA LTDA</p></td><td rowspan="1" colspan="1"><p>MG</p></td><td rowspan="1" colspan="1"><p>SARZEDO</p></td><td rowspan="1" colspan="1"><p>25000059557200762</p></td></tr><tr><td rowspan="1" colspan="1"><p>1149</p></td><td rowspan="1" colspan="1"><p>03644842000174</p></td><td rowspan="1" colspan="1"><p>DROGARIA VASCONCELLOS DO SERRO LTDA</p></td><td rowspan="1" colspan="1"><p>MG</p></td><td rowspan="1" colspan="1"><p>SERRO</p></td><td rowspan="1" colspan="1"><p>25000224934200821</p></td></tr><tr><td rowspan="1" colspan="1"><p>1150</p></td><td rowspan="1" colspan="1"><p>07893436000104</p></td><td rowspan="1" colspan="1"><p>CENTRAL DO GENERICO LTDA</p></td><td rowspan="1" colspan="1"><p>MG</p></td><td rowspan="1" colspan="1"><p>SETE LAGOAS</p></td><td rowspan="1" colspan="1"><p>25000221547200833</p></td></tr><tr><td rowspan="1" colspan="1"><p>1151</p></td><td rowspan="1" colspan="1"><p>02477908000116</p></td><td rowspan="1" colspan="1"><p>DROGARIA BITTENCOURT LTDA</p></td><td rowspan="1" colspan="1"><p>MG</p></td><td rowspan="1" colspan="1"><p>SETE LAGOAS</p></td><td rowspan="1" colspan="1"><p>25000220114200861</p></td></tr><tr><td rowspan="1" colspan="1"><p>1152</p></td><td rowspan="1" colspan="1"><p>22266365000286</p></td><td rowspan="1" colspan="1"><p>TORRES &amp; NOGUEIRA LTDA</p></td><td rowspan="1" colspan="1"><p>MG</p></td><td rowspan="1" colspan="1"><p>SETE LAGOAS</p></td><td rowspan="1" colspan="1"><p>25000235824201352</p></td></tr><tr><td rowspan="1" colspan="1"><p>1153</p></td><td rowspan="1" colspan="1"><p>18042066000100</p></td><td rowspan="1" colspan="1"><p>DROGARIA TAIOBEIRAS LTDA</p></td><td rowspan="1" colspan="1"><p>MG</p></td><td rowspan="1" colspan="1"><p>TAIOBEIRAS</p></td><td rowspan="1" colspan="1"><p>25000165709201494</p></td></tr><tr><td rowspan="1" colspan="1"><p>1154</p></td><td rowspan="1" colspan="1"><p>22644512000638</p></td><td rowspan="1" colspan="1"><p>CAIXA DE ASSISTENCIA DOS ADVOGADOS DE MINAS GERAIS</p></td><td rowspan="1" colspan="1"><p>MG</p></td><td rowspan="1" colspan="1"><p>TEOFILO OTONI</p></td><td rowspan="1" colspan="1"><p>25000135429201451</p></td></tr><tr><td rowspan="1" colspan="1"><p>1155</p></td><td rowspan="1" colspan="1"><p>04840729000127</p></td><td rowspan="1" colspan="1"><p>MR PHARMA LTDA</p></td><td rowspan="1" colspan="1"><p>MG</p></td><td rowspan="1" colspan="1"><p>TEOFILO OTONI</p></td><td rowspan="1" colspan="1"><p>25000059808200717</p></td></tr><tr><td rowspan="1" colspan="1"><p>1156</p></td><td rowspan="1" colspan="1"><p>08702491000124</p></td><td rowspan="1" colspan="1"><p>PROFAR FARMACEUTICA LTDA</p></td><td rowspan="1" colspan="1"><p>MG</p></td><td rowspan="1" colspan="1"><p>TEOFILO OTONI</p></td><td rowspan="1" colspan="1"><p>25000059658201209</p></td></tr><tr><td rowspan="1" colspan="1"><p>1157</p></td><td rowspan="1" colspan="1"><p>21683362000285</p></td><td rowspan="1" colspan="1"><p>DROGARIA PONTUAL GUANHAES - HUM LTDA</p></td><td rowspan="1" colspan="1"><p>MG</p></td><td rowspan="1" colspan="1"><p>TIMOTEO</p></td><td rowspan="1" colspan="1"><p>25000228803200732</p></td></tr><tr><td rowspan="1" colspan="1"><p>1158</p></td><td rowspan="1" colspan="1"><p>86666237000121</p></td><td rowspan="1" colspan="1"><p>DROGARIA SMMS SILVEIRA &amp; CIA LTDA</p></td><td rowspan="1" colspan="1"><p>MG</p></td><td rowspan="1" colspan="1"><p>TIMOTEO</p></td><td rowspan="1" colspan="1"><p>25000121848200787</p></td></tr><tr><td rowspan="1" colspan="1"><p>1159</p></td><td rowspan="1" colspan="1"><p>09022284000272</p></td><td rowspan="1" colspan="1"><p>DROGARIA WL COSTA LTDA</p></td><td rowspan="1" colspan="1"><p>MG</p></td><td rowspan="1" colspan="1"><p>TIMOTEO</p></td><td rowspan="1" colspan="1"><p>25000197075200891</p></td></tr><tr><td rowspan="1" colspan="1"><p>1160</p></td><td rowspan="1" colspan="1"><p>00652402000170</p></td><td rowspan="1" colspan="1"><p>JOSE LUCAS FERREIRA</p></td><td rowspan="1" colspan="1"><p>MG</p></td><td rowspan="1" colspan="1"><p>TIMOTEO</p></td><td rowspan="1" colspan="1"><p>25000149868201280</p></td></tr><tr><td rowspan="1" colspan="1"><p>1161</p></td><td rowspan="1" colspan="1"><p>13107507000190</p></td><td rowspan="1" colspan="1"><p>PATRICIA DE ALMEIDA MONTE MOR</p></td><td rowspan="1" colspan="1"><p>MG</p></td><td rowspan="1" colspan="1"><p>TIMOTEO</p></td><td rowspan="1" colspan="1"><p>25000073224201211</p></td></tr><tr><td rowspan="1" colspan="1"><p>1162</p></td><td rowspan="1" colspan="1"><p>12498377000282</p></td><td rowspan="1" colspan="1"><p>FLAVIA CRISTINA AMARAL ARAUJO</p></td><td rowspan="1" colspan="1"><p>MG</p></td><td rowspan="1" colspan="1"><p>TIROS</p></td><td rowspan="1" colspan="1"><p>25000148305201274</p></td></tr><tr><td rowspan="1" colspan="1"><p>1163</p></td><td rowspan="1" colspan="1"><p>16530041000120</p></td><td rowspan="1" colspan="1"><p>DROGARIA TEMPONI &amp; CUNHA LTDA ME</p></td><td rowspan="1" colspan="1"><p>MG</p></td><td rowspan="1" colspan="1"><p>TRES CORACOES</p></td><td rowspan="1" colspan="1"><p>25000061085201437</p></td></tr><tr><td rowspan="1" colspan="1"><p>1164</p></td><td rowspan="1" colspan="1"><p>08546554000109</p></td><td rowspan="1" colspan="1"><p>FARMACIA MUSA LTDA</p></td><td rowspan="1" colspan="1"><p>MG</p></td><td rowspan="1" colspan="1"><p>TRES CORACOES</p></td><td rowspan="1" colspan="1"><p>25000201526200800</p></td></tr><tr><td rowspan="1" colspan="1"><p>1165</p></td><td rowspan="1" colspan="1"><p>08981122000207</p></td><td rowspan="1" colspan="1"><p>ROUPAS E CIA LTDA</p></td><td rowspan="1" colspan="1"><p>MG</p></td><td rowspan="1" colspan="1"><p>TRES CORACOES</p></td><td rowspan="1" colspan="1"><p>25000024211200913</p></td></tr><tr><td rowspan="1" colspan="1"><p>1166</p></td><td rowspan="1" colspan="1"><p>11944826000125</p></td><td rowspan="1" colspan="1"><p>DROGARIA BOTREL ARAUJO &amp; MACHADO LTDA</p></td><td rowspan="1" colspan="1"><p>MG</p></td><td rowspan="1" colspan="1"><p>TRES PONTAS</p></td><td rowspan="1" colspan="1"><p>25000032086201121</p></td></tr><tr><td rowspan="1" colspan="1"><p>1167</p></td><td rowspan="1" colspan="1"><p>06996542000223</p></td><td rowspan="1" colspan="1"><p>DROGARIA LOPES E CASTRO LTDA</p></td><td rowspan="1" colspan="1"><p>MG</p></td><td rowspan="1" colspan="1"><p>TURMALINA</p></td><td rowspan="1" colspan="1"><p>25000095126201146</p></td></tr><tr><td rowspan="1" colspan="1"><p>1168</p></td><td rowspan="1" colspan="1"><p>09281265000260</p></td><td rowspan="1" colspan="1"><p>RODRIGO ROSARIO DE SOUZA &amp; CIA LTDA</p></td><td rowspan="1" colspan="1"><p>MG</p></td><td rowspan="1" colspan="1"><p>UBA</p></td><td rowspan="1" colspan="1"><p>25000526917200915</p></td></tr><tr><td rowspan="1" colspan="1"><p>1169</p></td><td rowspan="1" colspan="1"><p>04635631000138</p></td><td rowspan="1" colspan="1"><p>DROGARIA UNIVERSITARIA LTDA</p></td><td rowspan="1" colspan="1"><p>MG</p></td><td rowspan="1" colspan="1"><p>UBERABA</p></td><td rowspan="1" colspan="1"><p>25000013827201175</p></td></tr><tr><td rowspan="1" colspan="1"><p>1170</p></td><td rowspan="1" colspan="1"><p>08262779000125</p></td><td rowspan="1" colspan="1"><p>ESPECIALE FARMACIA INTEGRADA LTDA</p></td><td rowspan="1" colspan="1"><p>MG</p></td><td rowspan="1" colspan="1"><p>UBERABA</p></td><td rowspan="1" colspan="1"><p>25000062046200728</p></td></tr><tr><td rowspan="1" colspan="1"><p>1171</p></td><td rowspan="1" colspan="1"><p>25441288000160</p></td><td rowspan="1" colspan="1"><p>FARMACIA MODERNA LTDA</p></td><td rowspan="1" colspan="1"><p>MG</p></td><td rowspan="1" colspan="1"><p>UBERABA</p></td><td rowspan="1" colspan="1"><p>25000063324200683</p></td></tr><tr><td rowspan="1" colspan="1"><p>1172</p></td><td rowspan="1" colspan="1"><p>00063960022765</p></td><td rowspan="1" colspan="1"><p>WMB SUPERMERCADOS DO BRASIL LTDA.</p></td><td rowspan="1" colspan="1"><p>MG</p></td><td rowspan="1" colspan="1"><p>UBERABA</p></td><td rowspan="1" colspan="1"><p>25000086421201292</p></td></tr><tr><td rowspan="1" colspan="1"><p>1173</p></td><td rowspan="1" colspan="1"><p>22644512000719</p></td><td rowspan="1" colspan="1"><p>CAIXA DE ASSISTENCIA DOS ADVOGADOS DE MINAS GERAIS</p></td><td rowspan="1" colspan="1"><p>MG</p></td><td rowspan="1" colspan="1"><p>UBERLANDIA</p></td><td rowspan="1" colspan="1"><p>25000135429201451</p></td></tr><tr><td rowspan="1" colspan="1"><p>1174</p></td><td rowspan="1" colspan="1"><p>58195413001392</p></td><td rowspan="1" colspan="1"><p>DROGAN DROGARIAS LTDA</p></td><td rowspan="1" colspan="1"><p>MG</p></td><td rowspan="1" colspan="1"><p>UBERLANDIA</p></td><td rowspan="1" colspan="1"><p>25000027030200931</p></td></tr><tr><td rowspan="1" colspan="1"><p>1175</p></td><td rowspan="1" colspan="1"><p>58195413004731</p></td><td rowspan="1" colspan="1"><p>DROGAN DROGARIAS LTDA</p></td><td rowspan="1" colspan="1"><p>MG</p></td><td rowspan="1" colspan="1"><p>UBERLANDIA</p></td><td rowspan="1" colspan="1"><p>25000027030200931</p></td></tr></table>]]></Texto>
  </body>
  <Midias />
</article></xml>