﻿<xml><article id="44725547" name="Resolucao 2435-2025" idOficio="11187422" pubName="DO1" artType="Resolução" pubDate="01/08/2025" artClass="00071:00047:00000:00000:00000:00000:00000:00000:00000:00000:00064:00000" artCategory="Entidades de Fiscalização do Exercício das Profissões Liberais/Conselho Federal de Medicina" artSize="12" artNotes="" numberPage="195" pdfPage="http://pesquisa.in.gov.br/imprensa/jsp/visualiza/index.jsp?data=01/08/2025&amp;jornal=515&amp;pagina=195" editionNumber="144" highlightType="" highlightPriority="" highlight="" highlightimage="" highlightimagename="" idMateria="22942272">
  <body>
    <Identifica><![CDATA[ RESOLUÇÃO CFM Nº 2.435, DE 3 DE JULHO DE 2025]]></Identifica>
    <Data><![CDATA[]]></Data>
    <Ementa><![CDATA[ Regulamenta, em âmbito nacional, a abertura, a manutenção e o fechamento de delegacias dos CRMs e a designação de delegados.]]></Ementa>
    <Titulo />
    <SubTitulo />
    <Texto><![CDATA[<p class="identifica">RESOLUÇÃO CFM Nº 2.435, DE 3 DE JULHO DE 2025</p><p class="ementa">Regulamenta, em âmbito nacional, a abertura, a manutenção e o fechamento de delegacias dos CRMs e a designação de delegados.</p><p>O CONSELHO FEDERAL DE MEDICINA, no uso das atribuições conferidas pela Lei nº 3.268, de 30 de setembro de 1957, regulamentada pelo Decreto nº 44.045, de 19 de julho de 1958, considerando as deliberações tomadas na 21ª Sessão Plenária Extraordinária, realizada em 3 de julho de 2025, resolve:</p><p>Art. 1º Os Conselhos Regionais de Medicina (CRMs) poderão criar e extinguir delegacias, no exercício de sua autonomia administrativa, desde que comprovada a necessidade e a capacidade financeira para sua instalação e manutenção.</p><p>Art. 2º A decisão sobre a abertura ou o fechamento das delegacias é de competência do Pleno dos CRMs, sendo essa decisão passível de revisão pelo pleno do Conselho Federal de Medicina (CFM).</p><p>Parágrafo único. O Conselho Regional deverá encaminhar ao Conselho Federal, sempre que solicitado, os dados e documentos comprobatórios que embasem a decisão pela abertura, manutenção ou fechamento da delegacia.</p><p>Art. 3º As delegacias terão como função auxiliar o funcionamento dos CRMs nas localidades onde houver demanda justificada, dispondo de estrutura para atendimento cartorial a médicos e ao público em geral, fiscalização do exercício profissional em sua área de circunscrição e atuação dos delegados designados em caráter honorífico.</p><p>Parágrafo único. O Conselho Regional deverá designar um ou mais conselheiros para supervisionar o funcionamento das delegacias conforme regimento interno.</p><p>Art. 4º Os delegados serão médicos designados temporariamente pelos CRMs, de forma honorífica e sem vínculo empregatício ou estatutário, para desempenhar funções específicas delegadas pela presidência do CRM, sendo dispensada a exigência de concurso público, nos termos da autonomia conferida pela Lei nº 3.268/1957.</p><p>§ 1º Os delegados exercerão funções auxiliares às atividades representativas, judicantes e fiscalizatórias dos CRMs, conforme designação específica.</p><p>§ 2º Os CRMs não terão representações regionais, exceto as exercidas pelos conselheiros eleitos ou delegados, conforme definidos por lei e nos termos desta resolução.</p><p>Art. 5º As delegacias deverão dispor de espaço físico adequado, próprio ou locado, para o cumprimento de suas atribuições administrativas, fiscalizatórias e judicantes, sendo vedada a criação de delegacias sem essa estrutura.</p><p>Parágrafo único. Fica vedada a criação ou manutenção de delegacias virtuais.</p><p>Art. 6º Os CRMs regulamentarão, por meio de resolução específica, os procedimentos para designação e destituição dos delegados, a indenização dos atos por eles praticados e o funcionamento das delegacias, respeitando os princípios da Lei nº 3.268/1957 e as diretrizes desta resolução.</p><p>Parágrafo único. A indenização dos atos dos delegados não se configura em remuneração fixa ou relação de emprego.</p><p>Art. 7 º Os CRMs deverão, no prazo de 90 (noventa) dias, contados da data da publicação desta resolução, promover a adequação da estrutura de suas delegacias às disposições aqui estabelecidas.</p><p>Parágrafo único. As representações atualmente existentes deverão ser extintas.</p><p>Art. 8º Revoga-se a Resolução CFM nº 1.367/1993, publicada no D.O.U. de 14 de maio de 1993, Seção I, p 6517.</p><p>Art. 9º Esta resolução entra em vigor na data da publicação.</p><p class="assina">JOSÉ HIRAN DA SILVA GALLO</p><p class="cargo">Presidente do Conselho</p><p class="assina">ALEXANDRE DE MENEZES RODRIGUES</p><p class="cargo">Secretário-Geral</p>]]></Texto>
  </body>
  <Midias />
</article></xml>