﻿<xml><article id="44745834" name="ATA 26 - 2C_010" idOficio="11191910" pubName="DO1" artType="Ata" pubDate="04/08/2025" artClass="00067:00013:00000:00000:00000:00000:00000:00000:00000:00000:00005:00000" artCategory="Tribunal de Contas da União/2ª Câmara" artSize="12" artNotes="" numberPage="203" pdfPage="http://pesquisa.in.gov.br/imprensa/jsp/visualiza/index.jsp?data=04/08/2025&amp;jornal=515&amp;pagina=203" editionNumber="145" highlightType="" highlightPriority="" highlight="" highlightimage="" highlightimagename="" idMateria="22949380">
  <body>
    <Identifica />
    <Data><![CDATA[]]></Data>
    <Ementa />
    <Titulo />
    <SubTitulo />
    <Texto><![CDATA[<p>1.2. Unidade: Diretoria de Inativos e Pensionistas - Comando do Exército.</p><p>1.3. Relator: Ministro Jorge Oliveira.</p><p>1.4. Representante do Ministério Público: Procurador Sergio Ricardo Costa Caribé.</p><p>1.5. Unidade Técnica: Unidade de Auditoria Especializada em Pessoal (AudPessoal).</p><p>1.6. Representação legal: não há.</p><p>1.7. Determinações/Recomendações/Orientações: não há.</p><p>ACÓRDÃO Nº 4726/2025 - TCU - 2ª Câmara</p><p>Trata-se tomada de contas especial instaurada pelo Ministério do Desenvolvimento e Assistência Social, Família e Combate à Fome, em desfavor de Iron Marques Parreira, em razão de não comprovação da regular aplicação dos recursos repassados pela União por meio do Fundo Nacional de Assistência Social. O valor do débito apurado pelo tomador de contas foi de R$ 9.166,99.</p><p>Considerando que foi editada a Resolução-TCU 344, de 11 de outubro de 2022, que regulamenta, no âmbito do Tribunal de Contas da União, a prescrição para o exercício das pretensões punitiva e de ressarcimento;</p><p>considerando que, nos termos da Resolução-TCU 344/2022, a pretensão punitiva e ressarcitória deste Tribunal prescreve em cinco anos (art. 2º) ou em três, se o processo ficar paralisado, pendente de julgamento ou despacho (art. 8º);</p><p>considerando que o exame efetuado pela Unidade de Auditoria Especializada em Tomada de Contas Especial (AudTCE) confirma a ocorrência da prescrição, tendo o processo ficado paralisado por mais de: (i) três anos na fase interna, configurando a prescrição intercorrente entre o Relatório do tomador de contas especial (peça 44), de 13/04/2020, e o Relatório do controle interno (peça 47), de 20/02/2025; (ii) cinco anos entre o Relatório da Coordenação de Contabilidade/SPO/MDS (peça 39), de 9/10/2013, e a NOTA TÉCNICA Nº 2/2019 (peça 42), de 8/01/2019;</p><p>considerando os pareceres uniformes emitidos nos autos (peças 53-56).</p><p>ACORDAM os Ministros do Tribunal de Contas da União, reunidos em sessão da 2ª Câmara, com fundamento nos arts. 1º, caput e § 1º, da Lei 9.873/1999, 8º e 11 da Resolução-TCU 344/2022 e 143, inciso V, alínea "a", do Regimento Interno, em:</p><p>a) reconhecer a ocorrência da prescrição da pretensão punitiva e de ressarcimento;</p><p>b) encaminhar cópia desta deliberação à unidade jurisdicionada e ao responsável;</p><p>c) arquivar o processo.</p><p>1. Processo TC-003.989/2025-9 (TOMADA DE CONTAS ESPECIAL)</p><p>1.1. Responsável: Iron Marques Parreira (180.530.501-82).</p><p>1.2. Unidade: Município de Confresa - MT.</p><p>1.3. Relator: Ministro Jorge Oliveira.</p><p>1.4. Representante do Ministério Público: Procurador Marinus Eduardo De Vries Marsico.</p><p>1.5. Unidade Técnica: Unidade de Auditoria Especializada em Tomada de Contas Especial (AudTCE).</p><p>1.6. Representação legal: não há.</p><p>1.7. Determinações/Recomendações/Orientações: não há.</p><p>ACÓRDÃO Nº 4727/2025 - TCU - 2ª Câmara</p><p>Trata-se de tomada de contas especial, instaurada pelo Ministério do Trabalho e Emprego em desfavor da Sra. Maria Aparecida Gomes Lima, por conta da não comprovação da regular aplicação dos recursos repassados pela União, por meio do Termo de Adesão ao Projovem Trabalhador - Juventude Cidadã - Siafi 299742, firmado entre referido ministério e o Município de Alexânia/GO, cujo objeto consistiu na"execução do Projeto Projovem Trabalhador, integrante do Programa Nacional de Inclusão de Jovens, no Município de Alexânia/GO, de forma a qualificar social e profissionalmente os jovens do Munícipio, com vista de, no mínimo, 30% de jovens inseridos no mundo do trabalho", no valor de R$ 794.937,38. O valor do débito apurado pelo tomador de contas foi de R$ 130.474,48.</p><p>Considerando que foi editada a Resolução-TCU 344, de 11 de outubro de 2022, a fim de regulamentar, no âmbito do Tribunal de Contas da União, a prescrição para o exercício da pretensão punitiva e de ressarcimento;</p><p>considerando que, nos termos dessa norma, "(...) incide a prescrição intercorrente se o processo ficar paralisado por mais de três anos, pendente de julgamento ou despacho, sem prejuízo da responsabilidade funcional decorrente da paralisação, se for o caso" (art. 8º);</p><p>considerando que o primeiro ato interruptivo da prescrição ordinária ocorreu em 29/1/2013, sendo este o marco inicial da fluição da prescrição intercorrente, conforme entendimento fixado no Acórdão 534/2023-Plenário (relator: Ministro Benjamin Zymler);</p><p>considerando que o exame efetuado pela Unidade de Auditoria Especializada em Tomada de Contas Especial (AudTCE) confirma a ocorrência dessa espécie prescricional, tendo o processo ficado paralisado por mais de três anos na fase interna entre o ofício 1974/2018/CAF/CGPC/SPPE/MTb, que notificou a responsável acerca da reprovação da prestação de contas do ajuste e da possibilidade de instauração de TCE (peças 186 e 188), em 8/8/2018, e o checklist de tiragem processual 943/2022, em que se examinou a situação de constituição dos autos, com vistas à análise da prestação de contas final do ajuste (peça 206), em 28/4/2022;</p><p>considerando que os pareceres emitidos nos autos foram uniformes pelo reconhecimento da prescrição (peças 247-250);</p><p>ACORDAM os ministros do Tribunal de Contas da União, reunidos em sessão da 2ª Câmara, com fundamento nos arts. 1º, caput e § 1º, da Lei 9.873/1999, 8º e 11 da Resolução-TCU 344/2022 e 143, inciso V, alínea "a", do Regimento Interno do TCU, em:</p><p>a) reconhecer a ocorrência da prescrição da pretensão punitiva e de ressarcimento;</p><p>b) encaminhar cópia desta deliberação à unidade jurisdicionada e à responsável;</p><p>c) arquivar o processo.</p><p>1. PROCESSO TC-005.135/2025-7 (TOMADA DE CONTAS ESPECIAL)</p><p>1.1. Responsável: Maria Aparecida Gomes Lima (330.259.081-49).</p><p>1.2. Unidade: Ministério do Trabalho e Emprego.</p><p>1.3. Relator: Ministro Jorge Oliveira.</p><p>1.4. Representante do Ministério Público: Procurador Marinus Eduardo de Vries Marsico.</p><p>1.5. Unidade Técnica: Unidade de Auditoria Especializada em Tomada de Contas Especial (AudTCE).</p><p>1.6. Representação legal: não há.</p><p>1.7. Determinações/Recomendações/Orientações: não há.</p><p>ACÓRDÃO Nº 4728/2025 - TCU - 2ª Câmara</p><p>Trata-se de tomada de contas especial, instaurada pelo então Ministério do Desenvolvimento Social (peça 56) em desfavor de Helionaldo Lustosa de Carvalho, ex-prefeito do Município de Belém de São Francisco/PE (gestão 2005-2008), em razão da não comprovação da regular aplicação dos recursos repassados ao referido ente federado por meio do Convênio 287/2007. O ajuste tinha por objeto o "apoio à instalação de unidades produtivas de caprino/ovinocultura orgânica no Município de Belém do São Francisco/PE", no valor de R$ 17.889,94. O valor do débito apurado pelo tomador de contas foi de R$ 13.731,16.</p><p>Considerando que foi editada a Resolução-TCU 344, de 11 de outubro de 2022, a fim de regulamentar, no âmbito do Tribunal de Contas da União, a prescrição para o exercício da pretensão punitiva e de ressarcimento;</p><p>considerando que, nos termos dessa norma, a prescrição se interrompe por qualquer ato inequívoco de apuração do fato, com a possibilidade de se interromper mais de uma vez por uma mesma causa, desde que, por sua natureza, seja repetível no curso do processo (art. 5º, inciso II, c/c o § 1°);</p><p>considerando que o exame efetuado pela Unidade de Auditoria Especializada em Tomada de Contas Especial (AudTCE) confirma a ocorrência da prescrição quinquenal entre o Relatório do Tomador de Contas (peça 62), de 11/1/2019, e o Relatório do Controle Interno (peça 64), de 28/2/2025;</p><p>considerando que os pareceres emitidos nos autos foram uniformes pelo reconhecimento da prescrição (peças 70-73);</p><p>ACORDAM os ministros do Tribunal de Contas da União, reunidos em sessão da 2ª Câmara, com fundamento nos arts. 1º, caput e § 1º, da Lei 9.873/1999, 4º, 5º e 11 da Resolução-TCU 344/2022 e 143, inciso V, alínea "a", do Regimento Interno do TCU, em:</p><p>a) reconhecer a ocorrência da prescrição da pretensão punitiva e de ressarcimento;</p><p>b) encaminhar cópia desta deliberação à unidade jurisdicionada e ao responsável;</p><p>c) arquivar o processo.</p><p>1. PROCESSO TC-005.520/2025-8 (TOMADA DE CONTAS ESPECIAL)</p><p>1.1. Responsável: Helionaldo Lustosa de Carvalho (146.977.854-87).</p><p>1.2. Unidade: Prefeitura Municipal de Belém de São Francisco/PE.</p><p>1.3. Relator: Ministro Jorge Oliveira.</p><p>1.4. Representante do Ministério Público: Procurador Sérgio Ricardo Costa Caribé.</p><p>1.5. Unidade Técnica: Unidade de Auditoria Especializada em Tomada de Contas Especial (AudTCE).</p><p>1.6. Representação legal: não há.</p><p>1.7. Determinações/Recomendações/Orientações: não há.</p><p>ACÓRDÃO Nº 4729/2025 - TCU - 2ª Câmara</p><p>Os ministros do Tribunal de Contas da União, reunidos em sessão da 2ª Câmara, com fundamento no art. 143, inciso V, alínea "d", do Regimento Interno do TCU, c/c o Enunciado 145 da Súmula da Jurisprudência deste Tribunal, bem como nos pareceres emitidos, ACORDAM, por unanimidade, em retificar, por inexatidão material, os Acórdãos 1.023/2025-TCU-2ª Câmara e 2.716/2025-TCU-2ª Câmara, de forma que:</p><p>No Acórdão 1.023/2025-TCU-2ª Câmara:</p><p>a) onde se lê:</p><p>"recolhimento das quantias abaixo especificadas aos cofres Fundo Nacional de Cultura, atualizadas"</p><p>b) leia-se:</p><p>"recolhimento das quantias abaixo especificadas aos cofres do Tesouro Nacional, atualizadas"</p><p>E, no Acórdão 2.716/2025-TCU-2ª Câmara:</p><p>a) onde se lê:</p><p>"9.3. excluir as menções a Teresa Vital Brasil Lampreia Matarazzo dos itens 9.1 e 9.3 do Acórdão 1.023/2025-2ª Câmara;" e "9.4. julgar regulares as contas de Teresa Vital Brasil Lampreia Matarazzo; e"</p><p>b) leia-se:</p><p>"9.3. excluir as menções a Teresa Vital Brasil Lampreia Matarazzo dos itens 9.1 e 9.2 do Acórdão 1.023/2025-2ª Câmara;" e "9.4. julgar regulares as contas de Teresa Vital Brasil Lampreia Matarazzo, com fundamento nos arts. 1º, inciso I, 16, inciso I, 17 e 23, inciso I, da Lei 8.443/1992, dando-lhe quitação plena; e"</p><p>1. PROCESSO TC-019.494/2023-8 (TOMADA DE CONTAS ESPECIAL)</p><p>1.1. Responsáveis: Ally-Wii Artes Ltda. (03.619.162/0001-09); Ines Vital Brasil Lampreia (398.721.571-20); Teresa Vital Brasil Lampreia Matarazzo (053.443.557-26).</p><p>1.2. Unidade: Agência Nacional do Cinema.</p><p>1.3. Relator: Ministro Jorge Oliveira.</p><p>1.4. Representante do Ministério Público: Procurador Sérgio Ricardo Costa Caribé.</p><p>1.5. Unidade Técnica: Unidade de Auditoria Especializada em Tomada de Contas Especial (AudTCE).</p><p>1.6. Representação legal: Frederico de Moura Leite Estefan (OAB/RJ 079.995)</p><p>1.7. Determinações/Recomendações/Orientações: não há.</p><p>ACÓRDÃO Nº 4730/2025 - TCU - 2ª Câmara</p><p>VISTO e relacionado este recurso de reconsideração, interposto por Jucimar de Oliveira Veloso contra o Acórdão 2.725/2024-TCU-2ª Câmara, alterado por inexatidão material pelo Acórdão 6.992/2024-TCU-2ª Câmara, nestes autos de tomada de contas especial, instaurada pelo então Ministério do Desenvolvimento Regional (MDR) em desfavor de Jucimar de Oliveira Veloso, ex-prefeito de Tefé/AM, em razão de não comprovação da regular aplicação dos recursos repassados pela União por meio do Termo de Compromisso de registro Siafi 672633, autorizado pela Portaria nº 401/2012 do extinto Ministério da Integração Nacional (MI), que tinha por objeto a "Aquisição de combustíveis, lubrificantes, cestas básicas, e locações de embarcações".</p><p>Considerando que, de acordo com a unidade instrutora, o procurador do recorrente foi, devidamente, notificado acerca do acórdão original por meio do Ofício 19.773/2024-TCU/Seproc (peças 110 e 117) em seu endereço constante da base da Receita Federal (peça 109) e no da procuração (peça 104), nos termos do art. 179, V, do Regimento Interno do TCU;</p><p>considerando que "os prazos para atendimento das comunicações de que trata esta Resolução contam-se dia a dia, sempre a partir de dia útil, excluindo-se o dia de início e incluindo-se o do vencimento, na forma estabelecida pelo Regimento Interno do TCU", conforme o art. 36, caput, da Resolução-TCU 360/2023;</p><p>considerando, a partir disso, que o termo a quo para a aferição da tempestividade do recurso ora em análise foi o dia 1/8/2024, recaindo o termo final no dia 15/8/2024, o que permite concluir pela intempestividade da peça recursal, apresentada em 7/4/2025;</p><p>considerando que a retificação de erro material que apenas corrige o fundo credor dos recursos não afeta a esfera do responsável e não reabre prazo recursal (Acórdão 226/2023- Plenário, relator: Vital do Rêgo);</p><p>considerando que, em face da intempestividade, a unidade propôs não conhecer do recurso interposto (peça 138), no que foi acompanhada pelo Ministério Público junto ao Tribunal de Contas da União (MPTCU) (peça 142);</p><p>ACORDAM os ministros do Tribunal de Contas da União, reunidos em sessão da 2ª Câmara, com fundamento no art. 33, parágrafo único, da Lei 8.443/92 c/c o art. 285, caput e §2º, do Regimento Interno do TCU, em:</p><p>a) não conhecer do recurso de reconsideração interposto por Jucimar de Oliveira Veloso, por restar intempestivo em mais de cento e oitenta dias;</p><p>b) comunicar a presente deliberação ao recorrente e aos demais interessados.</p><p>1. PROCESSO TC-029.446/2020-1 (TOMADA DE CONTAS ESPECIAL)</p><p>1.1. Apenso: 005.459/2025-7 (Cobrança Executiva).</p><p>1.2. Responsável: Jucimar de Oliveira Veloso (161.509.452-00).</p><p>1.3. Recorrente: Jucimar de Oliveira Veloso (161.509.452-00).</p><p>1.4. Unidade: Ministério do Desenvolvimento Regional (MDR) (extinto).</p><p>1.5. Relator: Ministro Jorge Oliveira.</p><p>1.6. Representante do Ministério Público: Procurador Sérgio Ricardo Costa Caribé.</p><p>1.7. Relator da deliberação recorrida: Ministro Aroldo Cedraz.</p><p>1.8. Unidades Técnicas: Unidade de Auditoria Especializada em Recursos (AudRecursos); Unidade de Auditoria Especializada em Tomada de Contas Especial (AudTCE).</p><p>1.9. Representação legal: Fabricio de Melo Parente (OAB/AM 5.772) e Francisco Rodrigues Balieiro (OAB/AM 2.241), representando Jucimar de Oliveira Veloso.</p><p>1.10. Determinações/Recomendações/Orientações: não há.</p><p>ACÓRDÃO Nº 4731/2025 - TCU - 2ª Câmara</p><p>Trata-se de tomada de contas especial, instaurada em cumprimento ao Acórdão 2356/2009-TCU-Plenário, em face da rejeição parcial da prestação de contas relativa ao Convênio 1/1998, cujo objeto cuidou da implantação de sistema unificado de atenção à saúde animal e vegetal no Estado de Rondônia.</p><p>Considerando que houve o recolhimento integral do débito por parte do Estado de Rondônia, cominado por meio do Acórdão 6258/2016-TCU-2ª Câmara;</p><p>ACORDAM os ministros do Tribunal de Contas da União, reunidos em sessão da 2ª Câmara, por unanimidade, de acordo com os pareceres emitidos e com fundamento no art. 27 da Lei 8.443/1992, c/c o art. 218 do Regimento Interno do TCU, em expedir quitação ao Estado de Rondônia, ante o recolhimento integral da dívida que lhe foi cominada pelo Tribunal, por meio do subitem 9.2.2 do Acórdão 6258/2016-TCU-2ª Câmara, e arquivar os presentes autos.</p><p>1. PROCESSO TC-031.605/2012-5 (TOMADA DE CONTAS ESPECIAL)</p><p>1.1. Apensos: 023.257/2017-2 (Cobrança Executiva); 006.290/2022-1 (Cobrança Executiva).</p><p>1.2. Responsáveis: Governo do Estado de Rondônia (00.394.585/0001-71); Sebastião Marcelo de Oliveira (103.273.552-04).</p><p>1.3. Unidade: entidades/órgãos do Governo do Estado de Rondônia.</p><p>1.4. Relator: Ministro Jorge Oliveira.</p><p>1.5. Representante do Ministério Público: Procurador Júlio Marcelo de Oliveira.</p><p>1.6. Unidade Técnica: Unidade de Auditoria Especializada em Tomada de Contas Especial (AudTCE).</p><p>1.7. Representação legal: não há.</p><p>1.8. Determinações/Recomendações/Orientações: não há.</p><p>ACÓRDÃO Nº 4732/2025 - TCU - 2ª Câmara</p><p>Trata-se de tomada de contas especial, instaurada em cumprimento ao Acórdão 11.841/2016-TCU-2ª Câmara, decorrente de representação da então Secretaria de Controle Externo no Estado do Amazonas (Secex/AM) acerca de irregularidades na comprovação de despesas de convênios firmados entre a Fundação Universidade do Amazonas (Ufam) e a Fundação de Apoio Institucional Rio Solimões (Unisol).</p><p>Considerando que houve o recolhimento integral do débito e multa por parte de alguns responsáveis, imputados por meio do Acórdão 7.182/2018-TCU-2ª Câmara;</p><p>ACORDAM os ministros do Tribunal de Contas da União, reunidos em sessão da 2ª Câmara, por unanimidade, de acordo com os pareceres emitidos e com fundamento no art. 27 da Lei 8.443/1992, c/c o art. 218 do Regimento Interno do TCU, em:</p><p>a) expedir quitação a José de Castro Correia, ante o recolhimento da multa individual a ele aplicada pelo item 9.6 do Acórdão 7.182/2018-TCU-2ª Câmara (peça 63), consoante pesquisas no Sistema SISGRU (peça 302) e análise de demonstrativo de multa à peça 301;</p><p>b) expedir quitação a José de Castro Correia e à Fundação de Apoio Institucional Rio Solimões, ante o recolhimento do débito solidário a eles imputado pelo item 9.5 do Acórdão 7.182/2018-TCU-2ª Câmara (peça 63), consoante pesquisa realizada junto à Plataforma de Gestão de Dívida desta Corte, pesquisas empreendidas junto ao Sistema SISGRU (peça 299) e análise de demonstrativo de crédito à peça 300;</p><p>c) reconhecer a existência de crédito perante a Fazenda Pública Federal em favor de José de Castro Correia, consoante pesquisa realizada junto à Plataforma de Gestão de Dívida desta Corte, pesquisas empreendidas junto ao Sistema SISGRU (peça 299) e análise de demonstrativo de crédito à peça 300, no valor de R$ R$ 587,11 (data de referência: 10/04/2024), em face do recolhimento a maior do débito solidário a ele imputado pelo item 9.5 do Acórdão 7.182/2018-TCU-2ª Câmara (peça 63);</p><p>d) informar a José de Castro Correia que a devolução deverá ser formalizada, oportunamente, por meio de requerimento indicando a deliberação que reconheceu a restituição devida, devendo conter, entre outros elementos, CPF, endereços físico e eletrônico e dados bancários para crédito do valor devido, sendo necessário encaminhar cópia legível do documento de identidade.</p><p>1. PROCESSO TC-033.513/2016-3 (TOMADA DE CONTAS ESPECIAL)</p><p>1.1. Apensos: 044.699/2021-2 (Cobrança Executiva); 011.161/2015-9 (Representação); 044.688/2021-0 (Cobrança Executiva); 044.713/2021-5 (Cobrança Executiva); 044.714/2021-1 (Cobrança Executiva); 044.679/2021-1 (Cobrança Executiva).</p><p>1.2. Responsáveis: Almir Liberato da Silva (034.255.092-68); Fundação de Apoio Institucional Rio Solimões (02.806.229/0001-43); José de Castro Correia (052.444.712-87); Luiz Irapuan Pinheiro (000.896.722-91); Miguel Angelo da Silva (024.687.002-87); Márcia Perales Mendes Silva (214.861.902-00).</p><p>1.3. Unidade: Fundação Universidade do Amazonas.</p><p>1.4. Relator: Ministro Jorge Oliveira.</p><p>1.5. Representante do Ministério Público: Procurador Júlio Marcelo de Oliveira.</p><p>1.6. Unidade Técnica: Unidade de Auditoria Especializada em Tomada de Contas Especial (AudTCE).</p><p>1.7. Representação legal: Rubenito Cardoso da Silva Junior (OAB/AM 4.947), Henrique França Ribeiro (OAB/AM 7.080), Ana Luiza Moraes Rebouças (OAB/AM 5.891), Leandro Souza Benevides (OAB/AM 123.979), Gabriel Simonetti Guimaraes (OAB/AM 15.710), Laiz Araujo Russo de Melo (OAB/AM 6.897), Dinair Faria Albernaz (OAB/AM 5.077), Marco Lúcio Souto-Maior de Athayde (OAB/AM 4.522) e outros.</p><p>1.8. Determinações/Recomendações/Orientações: não há.</p><p>ACÓRDÃO Nº 4733/2025 - TCU - 2ª Câmara</p><p>Trata-se de monitoramento autuado para aferir o cumprimento das determinações contidas no Acórdão 813/2025-2ª Câmara, proferido no âmbito do TC 012.170/2022-4.</p><p>Considerando que a referida decisão determinou à Caixa Econômica Federal que fizesse tratativas com o Município de Pombal/PB, com vistas à conclusão do objeto do Termo de Compromisso 0352362-18/2011, assegurando a funcionalidade plena das obras e o alcance integral do benefício social, considerando, se aplicável, os parâmetros estabelecidos pela Lei 14.719/2023;</p><p>considerando que o termo de compromisso celebrado com o município tinha, por objeto, a execução de obras de infraestrutura e a construção de 34 unidades habitacionais, além de recuperação de área degradada;</p><p>considerando que as informações fornecidas, inicialmente, pela Caixa Econômica Federal, no processo original, revelaram que apenas duas parcelas do projeto, correspondente a, aproximadamente, 6% do total, não foram concluídas: a Praça de Integração (R$ 79.007,30) e o Sistema de Coleta e Tratamento de Esgotos (R$ 47.064,52). As demais metas foram, integralmente, executadas, beneficiando a população local;</p><p>considerando que, em resposta ao decidido pelo Tribunal, a Caixa Econômica Federal encaminhou a documentação constante das peças 12-14, nestes termos:</p><p>"Em 25.04.2025, foi realizada nova vistoria conjunta entre equipes técnicas da Gigov/JP e Prefeitura de Pombal. Nesta vistoria, ficou constatado que o tomador concluiu com recursos próprios as seguintes submetas: 2.4. Iluminação Pública (Etapa 2) e 2.5. Sistema de Coleta e Tratamento de Esgoto Sanitário (Etapa 2).</p><p>Considerando que os serviços pagos relacionados [ao item] 1.1. 'Praça da Integração' estão preservados e o Município apresentou o Ofício153/2025/GP/PMP (em anexo) que busca recursos para conclusão da praça, entendemos que fica caracterizada a fruição dos valores investidos nesta submeta, chegando ao objetivo pleno quando da implantação de equipamentos pelo município.";</p><p>considerando que, em face dessas informações, a unidade instrutora propôs considerar cumpridas as determinações contidas nos itens 9.1.1, 9.1.2 e 9.1.3 do Acórdão 813/2025-2ª Câmara e encerrar o presente processo;</p><p>ACORDAM os ministros do Tribunal de Contas da União, reunidos em sessão da 2ª Câmara, por unanimidade, com fundamento nos arts. 143, inciso V, alínea "a"; 169, inciso V; 243; 250, incisos II e III; e 254 do Regimento Interno do TCU, em considerar cumpridas as determinações contidas nos itens 9.1.1, 9.1.2 e 9.1.3 do Acórdão 813/2025-2ª Câmara e encerrar o presente monitoramento, de acordo com os pareceres emitidos nos autos.</p><p>1. PROCESSO TC-003.519/2025-2 (MONITORAMENTO)</p><p>1.1. Unidade: Município de Pombal/PB.</p><p>1.2. Interessado: Tribunal de Contas da União.</p><p>1.3. Relator: Ministro Jorge Oliveira.</p><p>1.4. Representante do Ministério Público: não atuou.</p><p>1.5. Unidade Técnica: Unidade de Auditoria Especializada em Tomada de Contas Especial (AudTCE).</p><p>1.6. Representação legal: não há.</p><p>1.7. Determinações/Recomendações/Orientações: não há.</p><p>ACÓRDÃO Nº 4734/2025 - TCU - 2ª Câmara</p><p>Os Ministros do Tribunal de Contas da União, com fundamento nos arts. 1º, inciso V, e 39, inciso II, da Lei nº 8.443/92, c/c os arts. 1º, inciso VIII; 17, inciso III; 143, inciso II, e 260, §§ 1º e 2º, do Regimento Interno/TCU, ACORDAM em considerar legal para fins de registro o ato de concessão de aposentadoria a seguir relacionado, conforme os pareceres emitidos nos autos pela AudPessoal e pelo Ministério Público junto a este Tribunal, e informar aos interessados que o presente Acórdão pode ser acessado por meio do endereço eletrônico www.tcu.gov.br/acordaos.</p><p>1. Processo TC-009.622/2025-0 (APOSENTADORIA)</p><p>1.1. Interessado: Belinda Barone (766.850.127-49).</p><p>1.2. Órgão/Entidade: Comissão Nacional de Energia Nuclear.</p><p>1.3. Relator: Ministro Antônio Anastasia.</p><p>1.4. Representante do Ministério Público: Procurador Marinus Eduardo De Vries Marsico.</p><p>1.5. Unidade Técnica: Unidade de Auditoria Especializada em Pessoal (AudPessoal).</p><p>1.6. Representação legal: não há.</p><p>1.7. Determinações/Recomendações/Orientações: não há.</p><p>ACÓRDÃO Nº 4735/2025 - TCU - 2ª Câmara</p><p>Os Ministros do Tribunal de Contas da União, com fundamento nos arts. 1º, inciso V, e 39, inciso II, da Lei nº 8.443/92, c/c os arts. 1º, inciso VIII; 17, inciso III; 143, inciso II, e 260, §§ 1º e 2º, do Regimento Interno/TCU, ACORDAM em considerar legais para fins de registro os atos de concessão de aposentadoria a seguir relacionados, conforme os pareceres emitidos nos autos pela AudPessoal e pelo Ministério Público junto a este Tribunal, e informar aos interessados que o presente Acórdão pode ser acessado por meio do endereço eletrônico www.tcu.gov.br/acordaos.</p><p>1. Processo TC-009.897/2025-9 (APOSENTADORIA)</p><p>1.1. Interessados: Bluma Linkowski Faintuch (004.173.408-42); Edison Ribeiro (101.450.601-87); Franco Brancaccio (035.378.798-14); Ivonilda Carneiro dos Santos (729.037.917-91); Maria Fatima Alves Xavier (838.328.747-04).</p><p>1.2. Órgão/Entidade: Comissão Nacional de Energia Nuclear.</p><p>1.3. Relator: Ministro Antônio Anastasia.</p><p>1.4. Representante do Ministério Público: Procurador Marinus Eduardo De Vries Marsico.</p><p>1.5. Unidade Técnica: Unidade de Auditoria Especializada em Pessoal (AudPessoal).</p><p>1.6. Representação legal: não há.</p><p>1.7. Determinações/Recomendações/Orientações: não há.</p><p>ACÓRDÃO Nº 4736/2025 - TCU - 2ª Câmara</p><p>Os Ministros do Tribunal de Contas da União, com fundamento nos arts. 1º, inciso V, e 39, inciso II, da Lei nº 8.443/92, c/c os arts. 1º, inciso VIII; 17, inciso III; 143, inciso II, e 260, §§ 1º e 2º, do Regimento Interno/TCU, ACORDAM em considerar legal para fins de registro o ato de concessão de aposentadoria a seguir relacionado, conforme os pareceres emitidos nos autos pela AudPessoal e pelo Ministério Público junto a este Tribunal, e informar aos interessados que o presente Acórdão pode ser acessado por meio do endereço eletrônico www.tcu.gov.br/acordaos.</p><p>1. Processo TC-009.902/2025-2 (APOSENTADORIA)</p><p>1.1. Interessado: Paulo Antonio Goncalves (223.110.331-15).</p><p>1.2. Órgão/Entidade: Supremo Tribunal Federal.</p><p>1.3. Relator: Ministro Antônio Anastasia.</p><p>1.4. Representante do Ministério Público: Procurador Marinus Eduardo De Vries Marsico.</p><p>1.5. Unidade Técnica: Unidade de Auditoria Especializada em Pessoal (AudPessoal).</p><p>1.6. Representação legal: não há.</p><p>1.7. Determinações/Recomendações/Orientações: não há.</p><p>ACÓRDÃO Nº 4737/2025 - TCU - 2ª Câmara</p><p>Os Ministros do Tribunal de Contas da União, com fundamento nos arts. 1º, inciso V, e 39, inciso II, da Lei nº 8.443/92, c/c os arts. 1º, inciso VIII; 17, inciso III; 143, inciso II, e 260, §§ 1º e 2º, do Regimento Interno/TCU, ACORDAM em considerar legal para fins de registro o ato de concessão de aposentadoria a seguir relacionado, conforme os pareceres emitidos nos autos pela AudPessoal e pelo Ministério Público junto a este Tribunal, e informar aos interessados que o presente Acórdão pode ser acessado por meio do endereço eletrônico www.tcu.gov.br/acordaos.</p><p>1. Processo TC-012.513/2025-3 (APOSENTADORIA)</p><p>1.1. Interessado: Marucia Herculano de Sousa (290.969.102-06).</p><p>1.2. Órgão/Entidade: Fundação Universidade do Amazonas.</p><p>1.3. Relator: Ministro Antônio Anastasia.</p><p>1.4. Representante do Ministério Público: Procurador Marinus Eduardo De Vries Marsico.</p><p>1.5. Unidade Técnica: Unidade de Auditoria Especializada em Pessoal (AudPessoal).</p><p>1.6. Representação legal: não há.</p><p>1.7. Determinações/Recomendações/Orientações: não há.</p><p>ACÓRDÃO Nº 4738/2025 - TCU - 2ª Câmara</p><p>Os Ministros do Tribunal de Contas da União, com fundamento nos arts. 1º, inciso V, e 39, inciso II, da Lei nº 8.443/92, c/c os arts. 1º, inciso VIII; 17, inciso III; 143, inciso II, e 260, §§ 1º e 2º, do Regimento Interno/TCU, ACORDAM em considerar legais para fins de registro os atos de concessão de aposentadoria a seguir relacionados, conforme os pareceres emitidos nos autos pela AudPessoal e pelo Ministério Público junto a este Tribunal, e informar aos interessados que o presente Acórdão pode ser acessado por meio do endereço eletrônico www.tcu.gov.br/acordaos.</p><p>1. Processo TC-012.606/2025-1 (APOSENTADORIA)</p><p>1.1. Interessados: Jocelio Loureiro Celino (012.997.194-49); Jose Joaquim Ferreira (338.487.694-68); Jose Olavo de Carvalho (122.968.644-49); Luiz Carlos de Araujo (218.804.174-72); Walquiria Bastos de Souza (441.706.534-91).</p><p>1.2. Órgão/Entidade: Ministério da Saúde.</p><p>1.3. Relator: Ministro Antônio Anastasia.</p><p>1.4. Representante do Ministério Público: Procurador Sergio Ricardo Costa Caribé.</p><p>1.5. Unidade Técnica: Unidade de Auditoria Especializada em Pessoal (AudPessoal).</p><p>1.6. Representação legal: não há.</p><p>1.7. Determinações/Recomendações/Orientações: não há.</p><p>ACÓRDÃO Nº 4739/2025 - TCU - 2ª Câmara</p><p>Os Ministros do Tribunal de Contas da União, com fundamento nos arts. 1º, inciso V, e 39, inciso II, da Lei nº 8.443/92, c/c os arts. 1º, inciso VIII; 17, inciso III; 143, inciso II, e 260, §§ 1º e 2º, do Regimento Interno/TCU, ACORDAM em considerar legais para fins de registro os atos de concessão de aposentadoria a seguir relacionados, conforme os pareceres emitidos nos autos pela AudPessoal e pelo Ministério Público junto a este Tribunal, e informar aos interessados que o presente Acórdão pode ser acessado por meio do endereço eletrônico www.tcu.gov.br/acordaos.</p><p>1. Processo TC-012.632/2025-2 (APOSENTADORIA)</p><p>1.1. Interessados: Eunice Pereira da Silva (088.635.471-49); Iranilda Maria Henrique (277.701.171-00); Joao Alberto Rocha (251.937.831-04); Nilza Aparecida Ferreira do Vale (060.129.428-93); Rosiclea Brito Conceicao (226.551.232-04).</p><p>1.2. Órgão/Entidade: Instituto Nacional do Seguro Social.</p><p>1.3. Relator: Ministro Antônio Anastasia.</p><p>1.4. Representante do Ministério Público: Procurador Marinus Eduardo De Vries Marsico.</p><p>1.5. Unidade Técnica: Unidade de Auditoria Especializada em Pessoal (AudPessoal).</p><p>1.6. Representação legal: não há.</p><p>1.7. Determinações/Recomendações/Orientações: não há.</p><p>ACÓRDÃO Nº 4740/2025 - TCU - 2ª Câmara</p><p>Os Ministros do Tribunal de Contas da União, com fundamento nos arts. 1º, inciso V, e 39, inciso II, da Lei nº 8.443/92, c/c os arts. 1º, inciso VIII; 17, inciso III; 143, inciso II, e 260, §§ 1º e 2º, do Regimento Interno/TCU, ACORDAM em considerar legal para fins de registro o ato de concessão de aposentadoria a seguir relacionado, conforme os pareceres emitidos nos autos pela AudPessoal e pelo Ministério Público junto a este Tribunal, e informar aos interessados que o presente Acórdão pode ser acessado por meio do endereço eletrônico www.tcu.gov.br/acordaos.</p><p>1. Processo TC-012.635/2025-1 (APOSENTADORIA)</p><p>1.1. Interessado: Nazare de Fatima Flora dos Santos (092.587.522-87).</p><p>1.2. Órgão/Entidade: Universidade Federal do Pará.</p><p>1.3. Relator: Ministro Antônio Anastasia.</p><p>1.4. Representante do Ministério Público: Procurador Marinus Eduardo De Vries Marsico.</p><p>1.5. Unidade Técnica: Unidade de Auditoria Especializada em Pessoal (AudPessoal).</p><p>1.6. Representação legal: não há.</p><p>1.7. Determinações/Recomendações/Orientações: não há.</p><p>ACÓRDÃO Nº 4741/2025 - TCU - 2ª Câmara</p><p>Os Ministros do Tribunal de Contas da União, com fundamento nos arts. 1º, inciso V, e 39, inciso II, da Lei nº 8.443/92, c/c os arts. 1º, inciso VIII; 17, inciso III; 143, inciso II, e 260, §§ 1º e 2º, do Regimento Interno/TCU, ACORDAM em considerar legais para fins de registro os atos de concessão de aposentadoria a seguir relacionados, conforme os pareceres emitidos nos autos pela AudPessoal e pelo Ministério Público junto a este Tribunal, e informar aos interessados que o presente Acórdão pode ser acessado por meio do endereço eletrônico www.tcu.gov.br/acordaos.</p><p>1. Processo TC-012.662/2025-9 (APOSENTADORIA)</p><p>1.1. Interessados: Azely Teixeira Aguiar de Pinho (162.960.952-87); Claudio Degrazia Ribeiro (824.680.877-04); Inez Irma Lazarin da Silva (277.040.502-06); Jose Ernesto Casanovas Suarez (425.469.827-53); Maria Leny da Silva Souza (149.560.552-34).</p><p>1.2. Órgão/Entidade: Departamento de Centralização de Serviços de Inativos e Pensionistas.</p><p>1.3. Relator: Ministro Antônio Anastasia.</p><p>1.4. Representante do Ministério Público: Procurador Marinus Eduardo De Vries Marsico.</p><p>1.5. Unidade Técnica: Unidade de Auditoria Especializada em Pessoal (AudPessoal).</p><p>1.6. Representação legal: não há.</p><p>1.7. Determinações/Recomendações/Orientações: não há.</p><p>ACÓRDÃO Nº 4742/2025 - TCU - 2ª Câmara</p><p>Os Ministros do Tribunal de Contas da União, com fundamento nos arts. 1º, inciso V, e 39, inciso II, da Lei nº 8.443/92, c/c os arts. 1º, inciso VIII; 17, inciso III; 143, inciso II, e 260, §§ 1º e 2º, do Regimento Interno/TCU, ACORDAM em considerar legal para fins de registro o ato de concessão de aposentadoria a seguir relacionado, conforme os pareceres emitidos nos autos pela AudPessoal e pelo Ministério Público junto a este Tribunal, e informar aos interessados que o presente Acórdão pode ser acessado por meio do endereço eletrônico www.tcu.gov.br/acordaos.</p><p>1. Processo TC-012.676/2025-0 (APOSENTADORIA)</p><p>1.1. Interessado: Mario Machado Vieira Netto (125.931.687-49).</p><p>1.2. Órgão/Entidade: Tribunal de Justiça do Distrito Federal e dos Territórios.</p><p>1.3. Relator: Ministro Antônio Anastasia.</p><p>1.4. Representante do Ministério Público: Procurador Sergio Ricardo Costa Caribé.</p><p>1.5. Unidade Técnica: Unidade de Auditoria Especializada em Pessoal (AudPessoal).</p><p>1.6. Representação legal: não há.</p><p>1.7. Determinações/Recomendações/Orientações: não há.</p><p>ACÓRDÃO Nº 4743/2025 - TCU - 2ª Câmara</p><p>Os Ministros do Tribunal de Contas da União, com fundamento nos arts. 1º, inciso V, e 39, inciso II, da Lei nº 8.443/92, c/c os arts. 1º, inciso VIII; 17, inciso III; 143, inciso II, e 260, §§ 1º e 2º, do Regimento Interno/TCU, ACORDAM em considerar legal para fins de registro o ato de concessão de aposentadoria a seguir relacionado, conforme os pareceres emitidos nos autos pela AudPessoal e pelo Ministério Público junto a este Tribunal, e informar aos interessados que o presente Acórdão pode ser acessado por meio do endereço eletrônico www.tcu.gov.br/acordaos.</p><p>1. Processo TC-012.698/2025-3 (APOSENTADORIA)</p><p>1.1. Interessado: Osvaldir Ferreira (561.783.369-34).</p><p>1.2. Órgão/Entidade: Tribunal Regional do Trabalho da 12ª Região/sc.</p><p>1.3. Relator: Ministro Antônio Anastasia.</p><p>1.4. Representante do Ministério Público: Procurador Marinus Eduardo De Vries Marsico.</p><p>1.5. Unidade Técnica: Unidade de Auditoria Especializada em Pessoal (AudPessoal).</p><p>1.6. Representação legal: não há.</p><p>1.7. Determinações/Recomendações/Orientações: não há.</p><p>ACÓRDÃO Nº 4744/2025 - TCU - 2ª Câmara</p><p>Os Ministros do Tribunal de Contas da União, com fundamento nos arts. 1º, inciso V, e 39, inciso II, da Lei nº 8.443/92, c/c os arts. 1º, inciso VIII; 17, inciso III; 143, inciso II, e 260, §§ 1º e 2º, do Regimento Interno/TCU, ACORDAM em considerar legais para fins de registro os atos de concessão de aposentadoria a seguir relacionados, conforme os pareceres emitidos nos autos pela AudPessoal e pelo Ministério Público junto a este Tribunal, e informar aos interessados que o presente Acórdão pode ser acessado por meio do endereço eletrônico www.tcu.gov.br/acordaos.</p><p>1. Processo TC-012.718/2025-4 (APOSENTADORIA)</p><p>1.1. Interessados: Claudio dos Santos Pinto (905.337.557-00); Elton Nascimento Marinho (827.100.157-49); Jose Carlos dos Santos Calvo (954.944.568-20); Marcia Vilas Boas de Moura (061.795.568-90); Paula Lucia Andersen (654.330.177-53).</p><p>1.2. Órgão/Entidade: Instituto Nacional do Seguro Social.</p><p>1.3. Relator: Ministro Antônio Anastasia.</p><p>1.4. Representante do Ministério Público: Procurador Sergio Ricardo Costa Caribé.</p><p>1.5. Unidade Técnica: Unidade de Auditoria Especializada em Pessoal (AudPessoal).</p><p>1.6. Representação legal: não há.</p><p>1.7. Determinações/Recomendações/Orientações: não há.</p><p>ACÓRDÃO Nº 4745/2025 - TCU - 2ª Câmara</p><p>Os Ministros do Tribunal de Contas da União, com fundamento nos arts. 1º, inciso V, e 39, inciso II, da Lei nº 8.443/92, c/c os arts. 1º, inciso VIII; 17, inciso III; 143, inciso II, e 260, §§ 1º e 2º, do Regimento Interno/TCU, ACORDAM em considerar legais para fins de registro os atos de concessão de aposentadoria a seguir relacionados, conforme os pareceres emitidos nos autos pela AudPessoal e pelo Ministério Público junto a este Tribunal, e informar aos interessados que o presente Acórdão pode ser acessado por meio do endereço eletrônico www.tcu.gov.br/acordaos.</p><p>1. Processo TC-012.727/2025-3 (APOSENTADORIA)</p><p>1.1. Interessados: Lucia Helena Alves Ribeiro Ferreira (650.724.057-53); Mario Rodrigues da Silva (749.160.847-72); Yuri Carvalho da Costa (768.507.907-06).</p><p>1.2. Órgão/Entidade: Ministério da Gestão e da Inovação Em Serviços Públicos.</p><p>1.3. Relator: Ministro Antônio Anastasia.</p><p>1.4. Representante do Ministério Público: Procurador Marinus Eduardo De Vries Marsico.</p><p>1.5. Unidade Técnica: Unidade de Auditoria Especializada em Pessoal (AudPessoal).</p><p>1.6. Representação legal: não há.</p><p>1.7. Determinações/Recomendações/Orientações: não há.</p><p>ACÓRDÃO Nº 4746/2025 - TCU - 2ª Câmara</p><p>Os Ministros do Tribunal de Contas da União, com fundamento nos arts. 1º, inciso V, e 39, inciso II, da Lei nº 8.443/92, c/c os arts. 1º, inciso VIII; 17, inciso III; 143, inciso II, e 260, §§ 1º e 2º, do Regimento Interno/TCU, ACORDAM em considerar legais para fins de registro os atos de concessão de aposentadoria a seguir relacionados, conforme os pareceres emitidos nos autos pela AudPessoal e pelo Ministério Público junto a este Tribunal, e informar aos interessados que o presente Acórdão pode ser acessado por meio do endereço eletrônico www.tcu.gov.br/acordaos.</p><p>1. Processo TC-012.739/2025-1 (APOSENTADORIA)</p><p>1.1. Interessados: Celi Arruda Lisboa (138.699.901-63); Claudio Aparecido Contriciani (203.267.342-87); Idair Vimercate Curti (085.052.502-06); Juarez Carlos Pansini (243.832.796-00); Maria Dias Rodrigues (142.260.221-49).</p><p>1.2. Órgão/Entidade: Departamento de Centralização de Serviços de Inativos e Pensionistas.</p><p>1.3. Relator: Ministro Antônio Anastasia.</p><p>1.4. Representante do Ministério Público: Procurador Sergio Ricardo Costa Caribé.</p><p>1.5. Unidade Técnica: Unidade de Auditoria Especializada em Pessoal (AudPessoal).</p><p>1.6. Representação legal: não há.</p><p>1.7. Determinações/Recomendações/Orientações: não há.</p><p>ACÓRDÃO Nº 4747/2025 - TCU - 2ª Câmara</p>]]></Texto>
  </body>
  <Midias />
</article></xml>