﻿<xml><article id="44731970" name="2025-07-31/11191157/ANMWS_229483" idOficio="11191157" pubName="DO1" artType="Despacho" pubDate="01/08/2025" artClass="00035:00044:00052:00001:00001:00000:00000:00000:00000:00000:00024:00016" artCategory="Ministério de Minas e Energia/Agência Nacional de Mineração/Superintendência de Segurança de Barragens de Mineração/Coordenação de Barragens de Mineração/Divisão de Fiscalização de Barragens de Mineração - Eixo Norte" artSize="12" artNotes="" numberPage="82" pdfPage="http://pesquisa.in.gov.br/imprensa/jsp/visualiza/index.jsp?data=01/08/2025&amp;jornal=515&amp;pagina=82" editionNumber="144" highlightType="" highlightPriority="" highlight="" highlightimage="" highlightimagename="" idMateria="22948394">
  <body>
    <Identifica><![CDATA[Despacho]]></Identifica>
    <Data><![CDATA[]]></Data>
    <Ementa />
    <Titulo />
    <SubTitulo />
    <Texto><![CDATA[<p class="identifica">Despacho</p><p>Relação nº 16/2025</p><p>Fase de Concessão de Lavra</p><p>Determina cumprimento de exigência técnica de barragem - Prazos estabelecidos em ofício:(2890)</p><p>SAMACA-MINERAÇÃO VILA NOVA LTDA-851.211/1980-OF. N°29755/2025/DFBM-N/ANM</p><p>BARRAGEM DE CONTENÇÃO DE REJEITOS-ITAFOS ARRAIAS MINERACAO E FERTILIZANTES S.A.-864.113/2003-OF. N°10851/2025/DFBM-N/ANM</p><p>Barragem LD6 - Lagoa de Disposição 6-ALCOA WORLD ALUMINA BRASIL LTDA.-850.011/1991-OF. N°30139/2025/DFBM-N/ANM</p><p>Fase de Genérico</p><p>Indefere requerimento - Barragens(2810)</p><p>Barragem: Barragem LD6 - Lagoa de Disposição 6 - ALCOA WORLD ALUMINA BRASIL LTDA. - 850.011/1991 - Requerimento de Alteração de Campos Não Editáveis SIGBM</p><p class="assina">TIAGO XAVIER</p><p class="cargo">Chefe da Divisão</p>]]></Texto>
  </body>
  <Midias />
</article></xml>