﻿<xml><article id="44745447" name="2025-08-01/11191607/ANMWS_229490" idOficio="11191607" pubName="DO1" artType="Retificação" pubDate="04/08/2025" artClass="00035:00044:00016:00000:00000:00000:00000:00000:00000:00000:00066:00129" artCategory="Ministério de Minas e Energia/Agência Nacional de Mineração/Gerência da ANM no Estado da Bahia" artSize="12" artNotes="" numberPage="54" pdfPage="http://pesquisa.in.gov.br/imprensa/jsp/visualiza/index.jsp?data=04/08/2025&amp;jornal=515&amp;pagina=54" editionNumber="145" highlightType="" highlightPriority="" highlight="" highlightimage="" highlightimagename="" idMateria="22949056">
  <body>
    <Identifica><![CDATA[Despacho]]></Identifica>
    <Data><![CDATA[]]></Data>
    <Ementa />
    <Titulo />
    <SubTitulo />
    <Texto><![CDATA[<p class="identifica">Despacho</p><p>Relação nº 129/2025</p><p>Fase de Disponibilidade</p><p>Torna sem efeito o arquivamento do processo(1858)</p><p>874.835/2008-ATACAMA DO BRASIL LTDA- DOU de 30/07/2025</p><p class="assina">ARTUR CÉSAR DE OLIVEIRA</p><p class="cargo">Gerente</p><p class="cargo">Substituto</p>]]></Texto>
  </body>
  <Midias />
</article></xml>