﻿<xml><article id="44747908" name="Decisao Coren-RO N. 68 09.07.25" idOficio="11171528" pubName="DO1" artType="Decisão" pubDate="04/08/2025" artClass="00071:00262:00000:00000:00000:00000:00000:00000:00000:00000:00018:00000" artCategory="Entidades de Fiscalização do Exercício das Profissões Liberais/Conselho Regional de Enfermagem de Rondônia" artSize="12" artNotes="" numberPage="214" pdfPage="http://pesquisa.in.gov.br/imprensa/jsp/visualiza/index.jsp?data=04/08/2025&amp;jornal=515&amp;pagina=214" editionNumber="145" highlightType="" highlightPriority="" highlight="" highlightimage="" highlightimagename="" idMateria="22916272">
  <body>
    <Identifica><![CDATA[ DECISÃO COREN-RO Nº 68, DE 9 DE JULHO DE 2025]]></Identifica>
    <Data><![CDATA[]]></Data>
    <Ementa><![CDATA[ Autoriza Abertura de Créditos Adicionais Suplementares e Especiais ao Orçamento do COREN-RO para o exercício de 2025, no valor de R$ 543.439,13 (4ª Reformulação).]]></Ementa>
    <Titulo />
    <SubTitulo />
    <Texto><![CDATA[<p class="identifica">DECISÃO COREN-RO Nº 68, DE 9 DE JULHO DE 2025</p><p class="ementa">Autoriza Abertura de Créditos Adicionais Suplementares e Especiais ao Orçamento do COREN-RO para o exercício de 2025, no valor de R$ 543.439,13 (4ª Reformulação).</p><p>A Presidente do Conselho Regional de Enfermagem de Rondônia - COREN-RO, em conjunto com a Primeira-Secretária da Autarquia, no uso de suas atribuições legais e regimentais conferidas na Lei nº 5.905 de 12 de julho de 1973, bem como pelo Regimento Interno da Autarquia, aprovado pela Resolução Cofen nº 421, de 15 de fevereiro de 2012; e nos termos da Decisão Cofen nº 72/2021;</p><p>CONSIDERANDO a Lei 5.905 de 12 de julho de 1.973;</p><p>CONSIDERANDO o constante do capítulo V - Dos Créditos Adicionais - artigos 40 a 46, e seus parágrafos e incisos, da Lei 4.320/64;</p><p>CONSIDERANDO a necessidade de adequar o Orçamento para o corrente exercício às novas políticas da administração, suplementando algumas dotações orçamentárias, para suporte das despesas que serão ordenadas;</p><p>CONSIDERANDO a urgência na adoção de providências na esfera orçamentária e financeira;</p><p>CONSIDERANDO o inciso I, do art. 4º, da Decisão Coren-RO n. 66, de 10 de outubro de 2023, decide:</p><p>"AD REFERENDUM" DO PLENÁRIO</p><p>Art. 1º Autorizar a Abertura de Créditos Adicionais Suplementares e Especiais no valor de R$ 543.439,13 (quinhentos e quarenta e três mil quatrocentos e trinta e nove reais e treze centavos)</p><p>Art. 2º Os recursos existentes disponíveis para ocorrer à cobertura dos créditos alterados são os provenientes de:</p><p>a) Anulação parcial de despesas no valor R$ 162.170,76 (cento e sessenta e dois mil cento e setenta reais e setenta e seis centavos), nos termos preceituados no art. 43, parágrafo 1º, inciso III da Lei n. 4.320/1964.</p><p>b) Excesso de arrecadação por convênios firmados junto ao COFEN (II Encontro Comissão de Ética de Rondônia), no valor de R$ 169.750,25 (cento e sessenta e nove mil setecentos e cinquenta reais e vinte e cinco centavos) e (I Encontro de Empreendedores da Enfermagem de RO), no valor de R$ 211.518,12</p><p>(duzentos e onze mil quinhentos e dezoito reais e doze centavos), nos termos preceituados no artigo 43, parágrafo 1º inciso II da Lei 4.320/1964.</p><p>Art. 3º Ficam fazendo parte integrante da presente Decisão o quadro demonstrativo da despesa modificada em face da presente decisão.</p><p>Art. 4º O valor do orçamento para o exercício corrente, em face da alteração ora aprovada, alterará para o valor de R$ 7.132.174,58 (sete milhões, cento e trinta e dois mil cento e setenta e quatro reais e cinquenta e oito centavos).</p><p>Art. 5º A despesa será realizada consoante as especificações integrantes da Decisão Coren/RO nº 68/2025 (SEI 0906890), observada a seguinte classificação:</p><p>I - Despesa Corrente: R$ 7.107.174,58</p><p>1. Pessoal e Encargos Sociais: R$ 2.648.583,75</p><p>2. Outras Despesas Correntes: R$ 4.458.590,83</p><p>II - Despesa Capital: R$ 25.000,00</p><p>1. Investimentos: R$ 25.000,00</p><p>2. Inversões Financeiras: R$ 0,00</p><p>3. Amortização da Dívida: R$ 0,00</p><p>III - Total da Despesa: R$ 7.132.174,58</p><p>Art. 6º Esta Decisão entra em vigor na data de sua assinatura e posterior publicação no Diário Oficial da União.</p><p class="assina">Josué da Silva Sicsu</p><p class="cargo">Presidente do Conselho</p><p class="assina">Taciana Alessandra Holtz</p><p class="cargo">Secretária</p>]]></Texto>
  </body>
  <Midias />
</article></xml>