﻿<xml><article id="44716972" name="PORT_2360_PRORROGACAO_IPATINGA" idOficio="11188320" pubName="DO1" artType="Portaria" pubDate="01/08/2025" artClass="00032:00031:00000:00000:00000:00000:00000:00000:00000:00000:00054:00000" artCategory="Ministério da Integração e do Desenvolvimento Regional/Secretaria Nacional de Proteção e Defesa Civil" artSize="12" artNotes="" numberPage="61" pdfPage="http://pesquisa.in.gov.br/imprensa/jsp/visualiza/index.jsp?data=01/08/2025&amp;jornal=515&amp;pagina=61" editionNumber="144" highlightType="" highlightPriority="" highlight="" highlightimage="" highlightimagename="" idMateria="22944168">
  <body>
    <Identifica><![CDATA[ PORTARIA Nº 2.360, DE 30 DE JULHO DE 2025]]></Identifica>
    <Data><![CDATA[]]></Data>
    <Ementa />
    <Titulo />
    <SubTitulo />
    <Texto><![CDATA[<p class="identifica">PORTARIA Nº 2.360, DE 30 DE JULHO DE 2025</p><p>A UNIÃO, por intermédio do MINISTÉRIO DA INTEGRAÇÃO E DO DESENVOLVIMENTO REGIONAL, neste ato representado pelo SECRETÁRIO NACIONAL DE PROTEÇÃO E DEFESA CIVIL, nomeado pela Portaria n. 190, de 1º de janeiro de 2023, publicada no D.O.U, de 2 de janeiro de 2023, Seção 2, Edição Extra B, consoante delegação de competência conferida pela Portaria n. 1.184, de 15 de abril de 2024, publicada no DOU, de 16 de abril de 2024, Seção 1, e tendo em vista o disposto na Lei nº 12.340, de 01 de dezembro de 2010, na Lei nº 12.608, de 10 de abril de 2012 e no Decreto nº 11.219, de 5 de outubro de 2022 e no Decreto nº 11.655, de 23 de agosto de 2023, resolve:</p><p>Art. 1° Prorrogar o prazo de execução das ações de resposta no Município de Ipatinga - MG até 29/11/2025.</p><p>Art. 2° Para tanto, altera-se o art. 3° da Portaria n.º 498, de 20 de fevereiro de 2025, que autorizou o empenho e a transferência de recursos ao município e está contida no processo administrativo n.º 59052.032904/2025-06.</p><p>Art. 3° Ficam ratificados os demais dispositivos da Portaria acima citada, não alterados por esta.</p><p>Art. 4º Esta Portaria entra em vigor na data de sua publicação.</p><p class="assina">WOLNEI WOLFF BARREIROS</p>]]></Texto>
  </body>
  <Midias />
</article></xml>