﻿<xml><article id="44722715" name="Aut-470_2025" idOficio="11189357" pubName="DO1" artType="Autorização" pubDate="01/08/2025" artClass="00035:00045:00048:00000:00000:00000:00000:00000:00000:00000:00012:00000" artCategory="Ministério de Minas e Energia/Agência Nacional do Petróleo, Gás Natural e Biocombustíveis/Superintendência de Distribuição e Logística" artSize="12" artNotes="" numberPage="83" pdfPage="http://pesquisa.in.gov.br/imprensa/jsp/visualiza/index.jsp?data=01/08/2025&amp;jornal=515&amp;pagina=83" editionNumber="144" highlightType="" highlightPriority="" highlight="" highlightimage="" highlightimagename="" idMateria="22945415">
  <body>
    <Identifica><![CDATA[ AUTORIZAÇÃO SDL-ANP Nº 470, DE 31 DE JULHO DE 2025]]></Identifica>
    <Data><![CDATA[]]></Data>
    <Ementa />
    <Titulo />
    <SubTitulo />
    <Texto><![CDATA[<p class="identifica">AUTORIZAÇÃO SDL-ANP Nº 470, DE 31 DE JULHO DE 2025</p><p>O SUPERINTENDENTE DE DISTRIBUIÇÃO E LOGÍSTICA da AGÊNCIA NACIONAL DO PETRÓLEO, GÁS NATURAL E BIOCOMBUSTÍVEIS - ANP, no uso das atribuições que lhe foram conferidas pela Portaria ANP nº 265, de 10 de setembro de 2020, tendo em vista o disposto na Lei nº 9.478, de 6 de agosto de 1997, considerando as disposições da Resolução ANP nº 950, de 5 de outubro de 2023, e considerando o que consta no Processo nº 48610.207448/2025-67, resolve: autorizar a empresa SMART OIL - LOGISTICA, ARMAZENS E DISTRIBUICAO LTDA, CNPJ nº 33.923.421/0001-43, a exercer a atividade de distribuição de combustíveis líquidos, exceto combustíveis de aviação (AEA PJ).</p><p class="assina">DIOGO VALERIO</p>]]></Texto>
  </body>
  <Midias />
</article></xml>