﻿<xml><article id="44728602" name="retificacao_1582_2025 COAFE" idOficio="11190680" pubName="DO1" artType="Retificação" pubDate="01/08/2025" artClass="00047:00048:00016:00006:00002:00000:00000:00000:00000:00000:00066:91582" artCategory="Ministério da Saúde/Agência Nacional de Vigilância Sanitária/4ª Diretoria/Gerência-Geral de Inspeção e Fiscalização Sanitária/Coordenação de Autorização de Funcionamento de Empresas" artSize="12" artNotes="" numberPage="189" pdfPage="http://pesquisa.in.gov.br/imprensa/jsp/visualiza/index.jsp?data=01/08/2025&amp;jornal=515&amp;pagina=189" editionNumber="144" highlightType="" highlightPriority="" highlight="" highlightimage="" highlightimagename="" idMateria="22947413">
  <body>
    <Identifica><![CDATA[ ReTIFICAÇÃO]]></Identifica>
    <Data><![CDATA[]]></Data>
    <Ementa />
    <Titulo />
    <SubTitulo />
    <Texto><![CDATA[<p class="identifica">ReTIFICAÇÃO</p><p>Na Resolução - RE n° 1.582, de 24 de abril de 2025, publicada no Diário Oficial da União n° 78, de 25 de abril de 2025, Seção 1, pág. 357 e 358.</p><p>Onde se lê:</p><p>DROGARIA HIPER GUARUJA LTDA / 57.594.148/0001-19</p><p>25351.058241/2025-55 / 5179232</p><p>COMÉRCIO: ALIMENTOS PERMITIDOS / COSMÉTICOS / PERFUMES / PRODUTOS DE</p><p>HIGIENE / PRODUTOS PARA SAÚDE (DISPOSITIVOS MÉDICOS)</p><p>DISPENSAÇÃO DE MEDICAMENTOS NÃO SUJEITOS AO CONTROLE ESPECIAL</p><p>DISPENSAÇÃO DE PLANTAS MEDICINAIS</p><p>733 - AFE - CONCESSÃO - FARMÁCIAS E DROGARIAS / 0520211251</p><p>Leia-se:</p><p>DROGARIA HIPER GUARUJA LTDA / 57.594.148/0001-19</p><p>25351.058241/2025-55 / 5179232</p><p>COMÉRCIO: ALIMENTOS PERMITIDOS / COSMÉTICOS / PERFUMES / PRODUTOS DE</p><p>HIGIENE / PRODUTOS PARA SAÚDE (DISPOSITIVOS MÉDICOS)</p><p>DISPENSAÇÃO DE MEDICAMENTOS CONTENDO SUBSTÂNCIAS SUJEITAS AO CONTROLE</p><p>ES P EC I A L</p><p>DISPENSAÇÃO DE MEDICAMENTOS NÃO SUJEITOS AO CONTROLE ESPECIAL</p><p>DISPENSAÇÃO DE PLANTAS MEDICINAIS</p><p>PRESTAÇÃO DE SERVIÇOS FARMACÊUTICOS</p><p>733 - AFE - CONCESSÃO - FARMÁCIAS E DROGARIAS / 0520211251</p>]]></Texto>
  </body>
  <Midias />
</article></xml>