﻿<xml><article id="44735852" name="Portaria FP 31 07 2025 Descreden" idOficio="11191432" pubName="DO1" artType="Despacho" pubDate="01/08/2025" artClass="00047:00039:00000:00000:00000:00000:00000:00000:00000:00000:00024:00000" artCategory="Ministério da Saúde/Secretaria de Ciência, Tecnologia e Inovação e do Complexo Econômico-Industrial da Saúde" artSize="24" artNotes="" numberPage="151" pdfPage="http://pesquisa.in.gov.br/imprensa/jsp/visualiza/index.jsp?data=01/08/2025&amp;jornal=515&amp;pagina=151" editionNumber="144" highlightType="" highlightPriority="" highlight="" highlightimage="" highlightimagename="" idMateria="22948776">
  <body>
    <Identifica />
    <Data><![CDATA[]]></Data>
    <Ementa />
    <Titulo />
    <SubTitulo />
    <Texto><![CDATA[<p /><p></p><table><tr /><tr><td rowspan="1" colspan="1"><p>2587</p></td><td rowspan="1" colspan="1"><p>94296175009864</p></td><td rowspan="1" colspan="1"><p>DROGARIA MAIS ECONOMICA S.A. FALIDO</p></td><td rowspan="1" colspan="1"><p>RS</p></td><td rowspan="1" colspan="1"><p>PASSO FUNDO</p></td><td rowspan="1" colspan="1"><p>25000051632200666</p></td></tr><tr><td rowspan="1" colspan="1"><p>2588</p></td><td rowspan="1" colspan="1"><p>94296175007900</p></td><td rowspan="1" colspan="1"><p>DROGARIA MAIS ECONOMICA S.A. FALIDO</p></td><td rowspan="1" colspan="1"><p>RS</p></td><td rowspan="1" colspan="1"><p>PASSO FUNDO</p></td><td rowspan="1" colspan="1"><p>25000051632200666</p></td></tr><tr><td rowspan="1" colspan="1"><p>2589</p></td><td rowspan="1" colspan="1"><p>09249817000172</p></td><td rowspan="1" colspan="1"><p>S DE A REIMANN - DROGARIA</p></td><td rowspan="1" colspan="1"><p>RS</p></td><td rowspan="1" colspan="1"><p>PASSO FUNDO</p></td><td rowspan="1" colspan="1"><p>25000218814200895</p></td></tr><tr><td rowspan="1" colspan="1"><p>2590</p></td><td rowspan="1" colspan="1"><p>91151969000119</p></td><td rowspan="1" colspan="1"><p>ALVES, IGNACIO &amp; CIA LTDA</p></td><td rowspan="1" colspan="1"><p>RS</p></td><td rowspan="1" colspan="1"><p>PELOTAS</p></td><td rowspan="1" colspan="1"><p>25000107336201275</p></td></tr><tr><td rowspan="1" colspan="1"><p>2591</p></td><td rowspan="1" colspan="1"><p>10953839000106</p></td><td rowspan="1" colspan="1"><p>DROGARIA ROTAFARMA LTDA</p></td><td rowspan="1" colspan="1"><p>RS</p></td><td rowspan="1" colspan="1"><p>PELOTAS</p></td><td rowspan="1" colspan="1"><p>25000152428201048</p></td></tr><tr><td rowspan="1" colspan="1"><p>2592</p></td><td rowspan="1" colspan="1"><p>01185315000113</p></td><td rowspan="1" colspan="1"><p>GEISI L RODRIGUES</p></td><td rowspan="1" colspan="1"><p>RS</p></td><td rowspan="1" colspan="1"><p>PELOTAS</p></td><td rowspan="1" colspan="1"><p>25000199824200814</p></td></tr><tr><td rowspan="1" colspan="1"><p>2593</p></td><td rowspan="1" colspan="1"><p>09570431000168</p></td><td rowspan="1" colspan="1"><p>IVONIR BERTOLINI</p></td><td rowspan="1" colspan="1"><p>RS</p></td><td rowspan="1" colspan="1"><p>PELOTAS</p></td><td rowspan="1" colspan="1"><p>25000044012200913</p></td></tr><tr><td rowspan="1" colspan="1"><p>2594</p></td><td rowspan="1" colspan="1"><p>08375766000162</p></td><td rowspan="1" colspan="1"><p>RUY ARAUJO NETO</p></td><td rowspan="1" colspan="1"><p>RS</p></td><td rowspan="1" colspan="1"><p>PELOTAS</p></td><td rowspan="1" colspan="1"><p>25000123747201399</p></td></tr><tr><td rowspan="1" colspan="1"><p>2595</p></td><td rowspan="1" colspan="1"><p>08900161000143</p></td><td rowspan="1" colspan="1"><p>S. B. CABRERA</p></td><td rowspan="1" colspan="1"><p>RS</p></td><td rowspan="1" colspan="1"><p>PELOTAS</p></td><td rowspan="1" colspan="1"><p>25000202203200825</p></td></tr><tr><td rowspan="1" colspan="1"><p>2596</p></td><td rowspan="1" colspan="1"><p>01902706000101</p></td><td rowspan="1" colspan="1"><p>USO.UNI MANIPULACAO E DROGARIA LTDA</p></td><td rowspan="1" colspan="1"><p>RS</p></td><td rowspan="1" colspan="1"><p>PELOTAS</p></td><td rowspan="1" colspan="1"><p>25000069364201287</p></td></tr><tr><td rowspan="1" colspan="1"><p>2597</p></td><td rowspan="1" colspan="1"><p>72462245000141</p></td><td rowspan="1" colspan="1"><p>VOTTO &amp; VON HAUSEN LTDA</p></td><td rowspan="1" colspan="1"><p>RS</p></td><td rowspan="1" colspan="1"><p>PELOTAS</p></td><td rowspan="1" colspan="1"><p>25000194042200899</p></td></tr><tr><td rowspan="1" colspan="1"><p>2598</p></td><td rowspan="1" colspan="1"><p>09099741000146</p></td><td rowspan="1" colspan="1"><p>LARROZA D'AVILA &amp; CIA LTDA</p></td><td rowspan="1" colspan="1"><p>RS</p></td><td rowspan="1" colspan="1"><p>PINHEIRO MACHADO</p></td><td rowspan="1" colspan="1"><p>25000020736200971</p></td></tr><tr><td rowspan="1" colspan="1"><p>2599</p></td><td rowspan="1" colspan="1"><p>93515484000192</p></td><td rowspan="1" colspan="1"><p>LIA MARA CASAGRANDE</p></td><td rowspan="1" colspan="1"><p>RS</p></td><td rowspan="1" colspan="1"><p>PINHEIRO MACHADO</p></td><td rowspan="1" colspan="1"><p>25000152048201194</p></td></tr><tr><td rowspan="1" colspan="1"><p>2600</p></td><td rowspan="1" colspan="1"><p>08092651000322</p></td><td rowspan="1" colspan="1"><p>VF COMERCIO DE MEDICAMENTOS LTDA</p></td><td rowspan="1" colspan="1"><p>RS</p></td><td rowspan="1" colspan="1"><p>PORTAO</p></td><td rowspan="1" colspan="1"><p>25000159518201060</p></td></tr><tr><td rowspan="1" colspan="1"><p>2601</p></td><td rowspan="1" colspan="1"><p>01978869000259</p></td><td rowspan="1" colspan="1"><p>A. SOUZA TREVISOL LTDA</p></td><td rowspan="1" colspan="1"><p>RS</p></td><td rowspan="1" colspan="1"><p>PORTO ALEGRE</p></td><td rowspan="1" colspan="1"><p>25000091153200763</p></td></tr><tr><td rowspan="1" colspan="1"><p>2602</p></td><td rowspan="1" colspan="1"><p>08600146000180</p></td><td rowspan="1" colspan="1"><p>ADRIANO SCHOLLIS DA FONSECA &amp; CIA. LTDA.</p></td><td rowspan="1" colspan="1"><p>RS</p></td><td rowspan="1" colspan="1"><p>PORTO ALEGRE</p></td><td rowspan="1" colspan="1"><p>25000012641201018</p></td></tr><tr><td rowspan="1" colspan="1"><p>2603</p></td><td rowspan="1" colspan="1"><p>04825905000313</p></td><td rowspan="1" colspan="1"><p>BIG FARMA FARMACIA - EIRELI</p></td><td rowspan="1" colspan="1"><p>RS</p></td><td rowspan="1" colspan="1"><p>PORTO ALEGRE</p></td><td rowspan="1" colspan="1"><p>25000197833200871</p></td></tr><tr><td rowspan="1" colspan="1"><p>2604</p></td><td rowspan="1" colspan="1"><p>04825905000151</p></td><td rowspan="1" colspan="1"><p>BIG FARMA FARMACIA - EIRELI</p></td><td rowspan="1" colspan="1"><p>RS</p></td><td rowspan="1" colspan="1"><p>PORTO ALEGRE</p></td><td rowspan="1" colspan="1"><p>25000197833200871</p></td></tr><tr><td rowspan="1" colspan="1"><p>2605</p></td><td rowspan="1" colspan="1"><p>93440279000105</p></td><td rowspan="1" colspan="1"><p>CAMPO NOVO COMERCIO DE PRODUTOS FARMACEUTICOS LTDA</p></td><td rowspan="1" colspan="1"><p>RS</p></td><td rowspan="1" colspan="1"><p>PORTO ALEGRE</p></td><td rowspan="1" colspan="1"><p>25000069235201116</p></td></tr><tr><td rowspan="1" colspan="1"><p>2606</p></td><td rowspan="1" colspan="1"><p>17662469000199</p></td><td rowspan="1" colspan="1"><p>COMERCIO DE MEDICAMENTOS RIZZARDO LTDA</p></td><td rowspan="1" colspan="1"><p>RS</p></td><td rowspan="1" colspan="1"><p>PORTO ALEGRE</p></td><td rowspan="1" colspan="1"><p>25000147796201406</p></td></tr><tr><td rowspan="1" colspan="1"><p>2607</p></td><td rowspan="1" colspan="1"><p>19093850000100</p></td><td rowspan="1" colspan="1"><p>DA POIAN FARMACIA LTDA</p></td><td rowspan="1" colspan="1"><p>RS</p></td><td rowspan="1" colspan="1"><p>PORTO ALEGRE</p></td><td rowspan="1" colspan="1"><p>25000146897201451</p></td></tr><tr><td rowspan="1" colspan="1"><p>2608</p></td><td rowspan="1" colspan="1"><p>07420150000101</p></td><td rowspan="1" colspan="1"><p>DMELLO DROGARIA LTDA</p></td><td rowspan="1" colspan="1"><p>RS</p></td><td rowspan="1" colspan="1"><p>PORTO ALEGRE</p></td><td rowspan="1" colspan="1"><p>25000206943200831</p></td></tr><tr><td rowspan="1" colspan="1"><p>2609</p></td><td rowspan="1" colspan="1"><p>06271093002704</p></td><td rowspan="1" colspan="1"><p>DMTOP COMERCIO DE MEDICAMENTOS E COSMETICOS LTDA</p></td><td rowspan="1" colspan="1"><p>RS</p></td><td rowspan="1" colspan="1"><p>PORTO ALEGRE</p></td><td rowspan="1" colspan="1"><p>25000173363201155</p></td></tr><tr><td rowspan="1" colspan="1"><p>2610</p></td><td rowspan="1" colspan="1"><p>11162854000190</p></td><td rowspan="1" colspan="1"><p>DROGABENS COMERCIO DE PRODUTOS FARMACEUTICOS LTDA</p></td><td rowspan="1" colspan="1"><p>RS</p></td><td rowspan="1" colspan="1"><p>PORTO ALEGRE</p></td><td rowspan="1" colspan="1"><p>25000014015201147</p></td></tr><tr><td rowspan="1" colspan="1"><p>2611</p></td><td rowspan="1" colspan="1"><p>06223180000157</p></td><td rowspan="1" colspan="1"><p>DROGADEZ COMERCIO DE MEDICAMENTOS EIRELI</p></td><td rowspan="1" colspan="1"><p>RS</p></td><td rowspan="1" colspan="1"><p>PORTO ALEGRE</p></td><td rowspan="1" colspan="1"><p>25000008027200918</p></td></tr><tr><td rowspan="1" colspan="1"><p>2612</p></td><td rowspan="1" colspan="1"><p>89616742000230</p></td><td rowspan="1" colspan="1"><p>DROGARIA ACHUTTI LTDA</p></td><td rowspan="1" colspan="1"><p>RS</p></td><td rowspan="1" colspan="1"><p>PORTO ALEGRE</p></td><td rowspan="1" colspan="1"><p>25000107524201201</p></td></tr><tr><td rowspan="1" colspan="1"><p>2613</p></td><td rowspan="1" colspan="1"><p>19295491000173</p></td><td rowspan="1" colspan="1"><p>DROGARIA CENTRAL PARQUE LTDA</p></td><td rowspan="1" colspan="1"><p>RS</p></td><td rowspan="1" colspan="1"><p>PORTO ALEGRE</p></td><td rowspan="1" colspan="1"><p>25000009811201591</p></td></tr><tr><td rowspan="1" colspan="1"><p>2614</p></td><td rowspan="1" colspan="1"><p>04567969000108</p></td><td rowspan="1" colspan="1"><p>DROGARIA DROGANETO LTDA</p></td><td rowspan="1" colspan="1"><p>RS</p></td><td rowspan="1" colspan="1"><p>PORTO ALEGRE</p></td><td rowspan="1" colspan="1"><p>25000095171201109</p></td></tr><tr><td rowspan="1" colspan="1"><p>2615</p></td><td rowspan="1" colspan="1"><p>88315510000107</p></td><td rowspan="1" colspan="1"><p>DROGARIA DROMED LTDA</p></td><td rowspan="1" colspan="1"><p>RS</p></td><td rowspan="1" colspan="1"><p>PORTO ALEGRE</p></td><td rowspan="1" colspan="1"><p>25000142072200739</p></td></tr><tr><td rowspan="1" colspan="1"><p>2616</p></td><td rowspan="1" colspan="1"><p>14285983000164</p></td><td rowspan="1" colspan="1"><p>DROGARIA FARMA10 LTDA</p></td><td rowspan="1" colspan="1"><p>RS</p></td><td rowspan="1" colspan="1"><p>PORTO ALEGRE</p></td><td rowspan="1" colspan="1"><p>25000219060201277</p></td></tr><tr><td rowspan="1" colspan="1"><p>2617</p></td><td rowspan="1" colspan="1"><p>94296175000999</p></td><td rowspan="1" colspan="1"><p>DROGARIA MAIS ECONOMICA S.A. FALIDO</p></td><td rowspan="1" colspan="1"><p>RS</p></td><td rowspan="1" colspan="1"><p>PORTO ALEGRE</p></td><td rowspan="1" colspan="1"><p>25000051632200666</p></td></tr><tr><td rowspan="1" colspan="1"><p>2618</p></td><td rowspan="1" colspan="1"><p>73607509000332</p></td><td rowspan="1" colspan="1"><p>DROGARIA MENINO DEUS LTDA</p></td><td rowspan="1" colspan="1"><p>RS</p></td><td rowspan="1" colspan="1"><p>PORTO ALEGRE</p></td><td rowspan="1" colspan="1"><p>25000081886200790</p></td></tr><tr><td rowspan="1" colspan="1"><p>2619</p></td><td rowspan="1" colspan="1"><p>07580093000110</p></td><td rowspan="1" colspan="1"><p>DROGARIA ORIEBIR LTDA</p></td><td rowspan="1" colspan="1"><p>RS</p></td><td rowspan="1" colspan="1"><p>PORTO ALEGRE</p></td><td rowspan="1" colspan="1"><p>25000113093201123</p></td></tr><tr><td rowspan="1" colspan="1"><p>2620</p></td><td rowspan="1" colspan="1"><p>12335300000100</p></td><td rowspan="1" colspan="1"><p>DROGARIA PARQUE HUMAITA LTDA.</p></td><td rowspan="1" colspan="1"><p>RS</p></td><td rowspan="1" colspan="1"><p>PORTO ALEGRE</p></td><td rowspan="1" colspan="1"><p>25000139502201111</p></td></tr><tr><td rowspan="1" colspan="1"><p>2621</p></td><td rowspan="1" colspan="1"><p>12060188000142</p></td><td rowspan="1" colspan="1"><p>DROGARIA RVIANA LTDA</p></td><td rowspan="1" colspan="1"><p>RS</p></td><td rowspan="1" colspan="1"><p>PORTO ALEGRE</p></td><td rowspan="1" colspan="1"><p>25000107799201318</p></td></tr><tr><td rowspan="1" colspan="1"><p>2622</p></td><td rowspan="1" colspan="1"><p>04742545000124</p></td><td rowspan="1" colspan="1"><p>DROGARIA SASTRE LTDA</p></td><td rowspan="1" colspan="1"><p>RS</p></td><td rowspan="1" colspan="1"><p>PORTO ALEGRE</p></td><td rowspan="1" colspan="1"><p>25000535293200919</p></td></tr><tr><td rowspan="1" colspan="1"><p>2623</p></td><td rowspan="1" colspan="1"><p>07046250000101</p></td><td rowspan="1" colspan="1"><p>DROGARIA SOLECRAB LTDA</p></td><td rowspan="1" colspan="1"><p>RS</p></td><td rowspan="1" colspan="1"><p>PORTO ALEGRE</p></td><td rowspan="1" colspan="1"><p>25000107665201135</p></td></tr><tr><td rowspan="1" colspan="1"><p>2624</p></td><td rowspan="1" colspan="1"><p>07492485000399</p></td><td rowspan="1" colspan="1"><p>DROGARIA TULIO DE ROSE LTDA</p></td><td rowspan="1" colspan="1"><p>RS</p></td><td rowspan="1" colspan="1"><p>PORTO ALEGRE</p></td><td rowspan="1" colspan="1"><p>25000125360200729</p></td></tr><tr><td rowspan="1" colspan="1"><p>2625</p></td><td rowspan="1" colspan="1"><p>01193255000180</p></td><td rowspan="1" colspan="1"><p>ESF FARMACIA LTDA</p></td><td rowspan="1" colspan="1"><p>RS</p></td><td rowspan="1" colspan="1"><p>PORTO ALEGRE</p></td><td rowspan="1" colspan="1"><p>25000005310201111</p></td></tr><tr><td rowspan="1" colspan="1"><p>2626</p></td><td rowspan="1" colspan="1"><p>92210749000181</p></td><td rowspan="1" colspan="1"><p>FARMACIA FARMABEM LTDA</p></td><td rowspan="1" colspan="1"><p>RS</p></td><td rowspan="1" colspan="1"><p>PORTO ALEGRE</p></td><td rowspan="1" colspan="1"><p>25000556618200905</p></td></tr><tr><td rowspan="1" colspan="1"><p>2627</p></td><td rowspan="1" colspan="1"><p>08598935000204</p></td><td rowspan="1" colspan="1"><p>FERNANDA KRUMEL DE MAMAN</p></td><td rowspan="1" colspan="1"><p>RS</p></td><td rowspan="1" colspan="1"><p>PORTO ALEGRE</p></td><td rowspan="1" colspan="1"><p>25000589468200916</p></td></tr><tr><td rowspan="1" colspan="1"><p>2628</p></td><td rowspan="1" colspan="1"><p>02955273000387</p></td><td rowspan="1" colspan="1"><p>GENERICOS PHARMA LTDA</p></td><td rowspan="1" colspan="1"><p>RS</p></td><td rowspan="1" colspan="1"><p>PORTO ALEGRE</p></td><td rowspan="1" colspan="1"><p>25000042684200722</p></td></tr><tr><td rowspan="1" colspan="1"><p>2629</p></td><td rowspan="1" colspan="1"><p>04516172000173</p></td><td rowspan="1" colspan="1"><p>IEDA TREVISOL &amp; FILHA LTDA</p></td><td rowspan="1" colspan="1"><p>RS</p></td><td rowspan="1" colspan="1"><p>PORTO ALEGRE</p></td><td rowspan="1" colspan="1"><p>25000597045200961</p></td></tr><tr><td rowspan="1" colspan="1"><p>2630</p></td><td rowspan="1" colspan="1"><p>11383617000150</p></td><td rowspan="1" colspan="1"><p>LISIANE MARIA PULZ CONZATTI</p></td><td rowspan="1" colspan="1"><p>RS</p></td><td rowspan="1" colspan="1"><p>PORTO ALEGRE</p></td><td rowspan="1" colspan="1"><p>25000145577201051</p></td></tr><tr><td rowspan="1" colspan="1"><p>2631</p></td><td rowspan="1" colspan="1"><p>89032429001146</p></td><td rowspan="1" colspan="1"><p>MARIN INCORPORADORA LTDA</p></td><td rowspan="1" colspan="1"><p>RS</p></td><td rowspan="1" colspan="1"><p>PORTO ALEGRE</p></td><td rowspan="1" colspan="1"><p>25000223269200859</p></td></tr><tr><td rowspan="1" colspan="1"><p>2632</p></td><td rowspan="1" colspan="1"><p>60605664024200</p></td><td rowspan="1" colspan="1"><p>RAIA S.A.</p></td><td rowspan="1" colspan="1"><p>RS</p></td><td rowspan="1" colspan="1"><p>PORTO ALEGRE</p></td><td rowspan="1" colspan="1"><p>25000044144200696</p></td></tr><tr><td rowspan="1" colspan="1"><p>2633</p></td><td rowspan="1" colspan="1"><p>60605664025877</p></td><td rowspan="1" colspan="1"><p>RAIA S.A.</p></td><td rowspan="1" colspan="1"><p>RS</p></td><td rowspan="1" colspan="1"><p>PORTO ALEGRE</p></td><td rowspan="1" colspan="1"><p>25000044144200696</p></td></tr><tr><td rowspan="1" colspan="1"><p>2634</p></td><td rowspan="1" colspan="1"><p>60605664038502</p></td><td rowspan="1" colspan="1"><p>RAIA S.A.</p></td><td rowspan="1" colspan="1"><p>RS</p></td><td rowspan="1" colspan="1"><p>PORTO ALEGRE</p></td><td rowspan="1" colspan="1"><p>25000044144200696</p></td></tr><tr><td rowspan="1" colspan="1"><p>2635</p></td><td rowspan="1" colspan="1"><p>60605664024471</p></td><td rowspan="1" colspan="1"><p>RAIA S.A.</p></td><td rowspan="1" colspan="1"><p>RS</p></td><td rowspan="1" colspan="1"><p>PORTO ALEGRE</p></td><td rowspan="1" colspan="1"><p>25000044144200696</p></td></tr><tr><td rowspan="1" colspan="1"><p>2636</p></td><td rowspan="1" colspan="1"><p>60605664027730</p></td><td rowspan="1" colspan="1"><p>RAIA S.A.</p></td><td rowspan="1" colspan="1"><p>RS</p></td><td rowspan="1" colspan="1"><p>PORTO ALEGRE</p></td><td rowspan="1" colspan="1"><p>25000044144200696</p></td></tr><tr><td rowspan="1" colspan="1"><p>2637</p></td><td rowspan="1" colspan="1"><p>60605664034434</p></td><td rowspan="1" colspan="1"><p>RAIA S.A.</p></td><td rowspan="1" colspan="1"><p>RS</p></td><td rowspan="1" colspan="1"><p>PORTO ALEGRE</p></td><td rowspan="1" colspan="1"><p>25000044144200696</p></td></tr><tr><td rowspan="1" colspan="1"><p>2638</p></td><td rowspan="1" colspan="1"><p>60605664024390</p></td><td rowspan="1" colspan="1"><p>RAIA S.A.</p></td><td rowspan="1" colspan="1"><p>RS</p></td><td rowspan="1" colspan="1"><p>PORTO ALEGRE</p></td><td rowspan="1" colspan="1"><p>25000044144200696</p></td></tr><tr><td rowspan="1" colspan="1"><p>2639</p></td><td rowspan="1" colspan="1"><p>60605664034353</p></td><td rowspan="1" colspan="1"><p>RAIA S.A.</p></td><td rowspan="1" colspan="1"><p>RS</p></td><td rowspan="1" colspan="1"><p>PORTO ALEGRE</p></td><td rowspan="1" colspan="1"><p>25000044144200696</p></td></tr><tr><td rowspan="1" colspan="1"><p>2640</p></td><td rowspan="1" colspan="1"><p>11089187000168</p></td><td rowspan="1" colspan="1"><p>RAUPP &amp; CECHINEL LTDA.</p></td><td rowspan="1" colspan="1"><p>RS</p></td><td rowspan="1" colspan="1"><p>PORTO ALEGRE</p></td><td rowspan="1" colspan="1"><p>25000145248201271</p></td></tr><tr><td rowspan="1" colspan="1"><p>2641</p></td><td rowspan="1" colspan="1"><p>11635535000155</p></td><td rowspan="1" colspan="1"><p>SALVADOR &amp; SOUZA LTDA</p></td><td rowspan="1" colspan="1"><p>RS</p></td><td rowspan="1" colspan="1"><p>PORTO ALEGRE</p></td><td rowspan="1" colspan="1"><p>25000158650201216</p></td></tr><tr><td rowspan="1" colspan="1"><p>2642</p></td><td rowspan="1" colspan="1"><p>08875188000123</p></td><td rowspan="1" colspan="1"><p>SCHOLLES MANGONI E CIA. LTDA.</p></td><td rowspan="1" colspan="1"><p>RS</p></td><td rowspan="1" colspan="1"><p>PORTO ALEGRE</p></td><td rowspan="1" colspan="1"><p>25000581770200918</p></td></tr><tr><td rowspan="1" colspan="1"><p>2643</p></td><td rowspan="1" colspan="1"><p>88929856000197</p></td><td rowspan="1" colspan="1"><p>TAGES AUGUSTO PEREIRA &amp; CIA LTDA</p></td><td rowspan="1" colspan="1"><p>RS</p></td><td rowspan="1" colspan="1"><p>PORTO ALEGRE</p></td><td rowspan="1" colspan="1"><p>25000003100201511</p></td></tr><tr><td rowspan="1" colspan="1"><p>2644</p></td><td rowspan="1" colspan="1"><p>00063960021874</p></td><td rowspan="1" colspan="1"><p>WMB SUPERMERCADOS DO BRASIL LTDA.</p></td><td rowspan="1" colspan="1"><p>RS</p></td><td rowspan="1" colspan="1"><p>PORTO ALEGRE</p></td><td rowspan="1" colspan="1"><p>25000086421201292</p></td></tr><tr><td rowspan="1" colspan="1"><p>2645</p></td><td rowspan="1" colspan="1"><p>00063960018652</p></td><td rowspan="1" colspan="1"><p>WMB SUPERMERCADOS DO BRASIL LTDA.</p></td><td rowspan="1" colspan="1"><p>RS</p></td><td rowspan="1" colspan="1"><p>PORTO ALEGRE</p></td><td rowspan="1" colspan="1"><p>25000086421201292</p></td></tr><tr><td rowspan="1" colspan="1"><p>2646</p></td><td rowspan="1" colspan="1"><p>07316728000257</p></td><td rowspan="1" colspan="1"><p>ZONA SUL FARMACIAS LTDA</p></td><td rowspan="1" colspan="1"><p>RS</p></td><td rowspan="1" colspan="1"><p>PORTO ALEGRE</p></td><td rowspan="1" colspan="1"><p>25000228087200793</p></td></tr><tr><td rowspan="1" colspan="1"><p>2647</p></td><td rowspan="1" colspan="1"><p>89253074000143</p></td><td rowspan="1" colspan="1"><p>J SOUZA DOS SANTOS</p></td><td rowspan="1" colspan="1"><p>RS</p></td><td rowspan="1" colspan="1"><p>PORTO XAVIER</p></td><td rowspan="1" colspan="1"><p>25000202240200833</p></td></tr><tr><td rowspan="1" colspan="1"><p>2648</p></td><td rowspan="1" colspan="1"><p>08673678000147</p></td><td rowspan="1" colspan="1"><p>JOSEANE GODOIS TAUBE BORRE &amp; CIA LTDA</p></td><td rowspan="1" colspan="1"><p>RS</p></td><td rowspan="1" colspan="1"><p>PORTO XAVIER</p></td><td rowspan="1" colspan="1"><p>25000038402200954</p></td></tr><tr><td rowspan="1" colspan="1"><p>2649</p></td><td rowspan="1" colspan="1"><p>18450964000105</p></td><td rowspan="1" colspan="1"><p>MARCELA PEIXOTO TURA</p></td><td rowspan="1" colspan="1"><p>RS</p></td><td rowspan="1" colspan="1"><p>QUEVEDOS</p></td><td rowspan="1" colspan="1"><p>25000044595201521</p></td></tr><tr><td rowspan="1" colspan="1"><p>2650</p></td><td rowspan="1" colspan="1"><p>94296175003319</p></td><td rowspan="1" colspan="1"><p>DROGARIA MAIS ECONOMICA S.A. FALIDO</p></td><td rowspan="1" colspan="1"><p>RS</p></td><td rowspan="1" colspan="1"><p>RIO GRANDE</p></td><td rowspan="1" colspan="1"><p>25000051632200666</p></td></tr><tr><td rowspan="1" colspan="1"><p>2651</p></td><td rowspan="1" colspan="1"><p>93375954000160</p></td><td rowspan="1" colspan="1"><p>WALDA RUTH DA SILVEIRA BRIAO</p></td><td rowspan="1" colspan="1"><p>RS</p></td><td rowspan="1" colspan="1"><p>RIO GRANDE</p></td><td rowspan="1" colspan="1"><p>25000144087201461</p></td></tr><tr><td rowspan="1" colspan="1"><p>2652</p></td><td rowspan="1" colspan="1"><p>11766552000121</p></td><td rowspan="1" colspan="1"><p>VALERIA CONSALTER</p></td><td rowspan="1" colspan="1"><p>RS</p></td><td rowspan="1" colspan="1"><p>RODEIO BONITO</p></td><td rowspan="1" colspan="1"><p>25000219426201046</p></td></tr></table>]]></Texto>
  </body>
  <Midias />
</article></xml>