﻿<xml><article id="44735687" name="P10RF744 secao1" idOficio="11191439" pubName="DO1" artType="Portaria" pubDate="01/08/2025" artClass="00028:00032:00435:00102:00000:00000:00000:00000:00000:00000:00054:00000" artCategory="Ministério da Fazenda/Secretaria Especial da Receita Federal do Brasil/Secretaria-Adjunta/Superintendência Regional da Receita Federal do Brasil 10ª Região Fiscal" artSize="12" artNotes="" numberPage="29" pdfPage="http://pesquisa.in.gov.br/imprensa/jsp/visualiza/index.jsp?data=01/08/2025&amp;jornal=515&amp;pagina=29" editionNumber="144" highlightType="" highlightPriority="" highlight="" highlightimage="" highlightimagename="" idMateria="22948787">
  <body>
    <Identifica><![CDATA[ PORTARIA SRRF10 Nº 744, DE 31 DE JULHO DE 2025]]></Identifica>
    <Data><![CDATA[]]></Data>
    <Ementa><![CDATA[ Delega competência para celebração de Acordos de Cooperação Técnica para implantação de Pontos de Atendimento Virtual - PAV e de Núcleos de Apoio Contábil e Fiscal - NAF.]]></Ementa>
    <Titulo />
    <SubTitulo />
    <Texto><![CDATA[<p class="identifica">PORTARIA SRRF10 Nº 744, DE 31 DE JULHO DE 2025</p><p class="ementa">Delega competência para celebração de Acordos de Cooperação Técnica para implantação de Pontos de Atendimento Virtual - PAV e de Núcleos de Apoio Contábil e Fiscal - NAF.</p><p>O SUPERINTENDENTE DA RECEITA FEDERAL DO BRASIL DA 10ª REGIÃO FISCAL, no uso das atribuições que lhe conferem os arts. 359 e 364 do Regimento Interno da Secretaria Especial da Receita Federal do Brasil (RFB), aprovado pela Portaria ME nº 284, de 27 de julho de 2020, e tendo em vista o disposto na Portaria RFB nº 29, de 16 de abril de 2021, e na Portaria RFB nº 404, de 18 de março de 2024, resolve:</p><p>Art. 1º Fica delegada competência, aos Delegados das Delegacias e Alfândegas da Receita Federal do Brasil que sejam Unidades Administrativas vinculadas à Unidade Gestora Superintendência Regional da Receita Federal do Brasil da 10ª Região Fiscal (SRRF10), para celebrar, no âmbito da sua respectiva jurisdição fiscal, os Acordos de Cooperação Técnica de que tratam a Portaria RFB nº 29, de 16 de abril de 2021, e a Portaria RFB nº 404, de 18 de março de 2024, haja vista tratar-se de instrumentos não onerosos.</p><p>Parágrafo único. Ficam convalidados os atos praticados pelos Delegados das Unidades Administrativas vinculadas à Unidade Gestora SRRF10, relativos aos Acordos de Cooperação Técnica a que se refere o caput, até a data de publicação desta Portaria.</p><p>Art. 2º Esta Portaria entra em vigor na data de sua publicação no Diário Oficial da União.</p><p class="assina">ALTEMIR LINHARES DE MELO</p>]]></Texto>
  </body>
  <Midias />
</article></xml>