﻿<xml><article id="44724374" name="1A Reformulacao 2025 DF SEI 00.0" idOficio="11189294" pubName="DO1" artType="Decisão" pubDate="01/08/2025" artClass="00071:00041:00000:00000:00000:00000:00000:00000:00000:00000:00018:00001" artCategory="Entidades de Fiscalização do Exercício das Profissões Liberais/Conselho Federal de Engenharia e Agronomia" artSize="12" artNotes="" numberPage="193" pdfPage="http://pesquisa.in.gov.br/imprensa/jsp/visualiza/index.jsp?data=01/08/2025&amp;jornal=515&amp;pagina=193" editionNumber="144" highlightType="" highlightPriority="" highlight="" highlightimage="" highlightimagename="" idMateria="22945351">
  <body>
    <Identifica><![CDATA[ DECISÃO PLENÁRIA Nº 1.090, DE 23 DE JULHO DE 2025]]></Identifica>
    <Data><![CDATA[]]></Data>
    <Ementa />
    <Titulo />
    <SubTitulo />
    <Texto><![CDATA[<p class="identifica">DECISÃO PLENÁRIA Nº 1.090, DE 23 DE JULHO DE 2025</p><p>O Plenário do Confea, reunido em Brasília-DF, no dia 23 de julho de 2025, apreciando a Deliberação nº 107/2025-CCSS, que trata da 1ª Reformulação Orçamentária do CREA-DF para o exercício de 2025, considerando a Resolução nº 1138/2023, decidiu aprovar a 1ª Reformulação Orçamentária por unidade de centro de custos para o exercício de 2025, com a suplementação no valor de R$ 10.927.353,00 (dez milhões, novecentos e vinte e sete mil, trezentos e cinquenta e três reais), passando para o valor total de R$ 43.838.108,00 (quarenta e três milhões, oitocentos e trinta e oito mil, cento e oito reais), Processo Sei nº 00.005543/2024-07, conforme demonstrado abaixo:</p><p>- Receitas correntes R$ 34.206.008,00, R. de Capital R$ 717.000,00, Superávit Financeiro R$ 8.915.100,00; totalizando em R$ 43.838.108,00.</p><p>- Despesas correntes R$ 40.842.970,00, D. de Capital R$ 2.995.138,00; totalizando em R$ 43.838.108,00.</p><p class="assina">VINICIUS MARCHESE Marinelli</p><p class="cargo">Presidente do Conselho</p>]]></Texto>
  </body>
  <Midias />
</article></xml>