﻿<xml><article id="44735891" name="Portaria FP 31 07 2025 Descreden" idOficio="11191432" pubName="DO1" artType="Despacho" pubDate="01/08/2025" artClass="00047:00039:00000:00000:00000:00000:00000:00000:00000:00000:00024:00000" artCategory="Ministério da Saúde/Secretaria de Ciência, Tecnologia e Inovação e do Complexo Econômico-Industrial da Saúde" artSize="24" artNotes="" numberPage="161" pdfPage="http://pesquisa.in.gov.br/imprensa/jsp/visualiza/index.jsp?data=01/08/2025&amp;jornal=515&amp;pagina=161" editionNumber="144" highlightType="" highlightPriority="" highlight="" highlightimage="" highlightimagename="" idMateria="22948776">
  <body>
    <Identifica />
    <Data><![CDATA[]]></Data>
    <Ementa />
    <Titulo />
    <SubTitulo />
    <Texto><![CDATA[<p /><p></p><table><tr /><tr><td rowspan="1" colspan="1"><p>3367</p></td><td rowspan="1" colspan="1"><p>11476155000115</p></td><td rowspan="1" colspan="1"><p>LUCIANA CRISTINA PURCINO DA SILVA DROGARIA</p></td><td rowspan="1" colspan="1"><p>SP</p></td><td rowspan="1" colspan="1"><p>IGARAPAVA</p></td><td rowspan="1" colspan="1"><p>25000093170201111</p></td></tr><tr><td rowspan="1" colspan="1"><p>3368</p></td><td rowspan="1" colspan="1"><p>08326552000104</p></td><td rowspan="1" colspan="1"><p>TAWANE PEREIRA BARBOSA DROGARIA</p></td><td rowspan="1" colspan="1"><p>SP</p></td><td rowspan="1" colspan="1"><p>IGARAPAVA</p></td><td rowspan="1" colspan="1"><p>25000129151200754</p></td></tr><tr><td rowspan="1" colspan="1"><p>3369</p></td><td rowspan="1" colspan="1"><p>18611599000165</p></td><td rowspan="1" colspan="1"><p>SILVIO DONIZETTI AZEVEDO BORGES</p></td><td rowspan="1" colspan="1"><p>SP</p></td><td rowspan="1" colspan="1"><p>IGUAPE</p></td><td rowspan="1" colspan="1"><p>25000057716201502</p></td></tr><tr><td rowspan="1" colspan="1"><p>3370</p></td><td rowspan="1" colspan="1"><p>06048676000131</p></td><td rowspan="1" colspan="1"><p>DROGARIA PHORMULARIUM LTDA</p></td><td rowspan="1" colspan="1"><p>SP</p></td><td rowspan="1" colspan="1"><p>ILHA SOLTEIRA</p></td><td rowspan="1" colspan="1"><p>25000164326200669</p></td></tr><tr><td rowspan="1" colspan="1"><p>3371</p></td><td rowspan="1" colspan="1"><p>10477634000193</p></td><td rowspan="1" colspan="1"><p>GIOVANA LOPES OKAJIMA</p></td><td rowspan="1" colspan="1"><p>SP</p></td><td rowspan="1" colspan="1"><p>ILHA SOLTEIRA</p></td><td rowspan="1" colspan="1"><p>25000661348200945</p></td></tr><tr><td rowspan="1" colspan="1"><p>3372</p></td><td rowspan="1" colspan="1"><p>55993612000114</p></td><td rowspan="1" colspan="1"><p>ROSANA COLLUS DE PAULA AZANHA</p></td><td rowspan="1" colspan="1"><p>SP</p></td><td rowspan="1" colspan="1"><p>ILHA SOLTEIRA</p></td><td rowspan="1" colspan="1"><p>25000226184200822</p></td></tr><tr><td rowspan="1" colspan="1"><p>3373</p></td><td rowspan="1" colspan="1"><p>02037294000151</p></td><td rowspan="1" colspan="1"><p>ROSSANA PASCOAL DE LOLLO</p></td><td rowspan="1" colspan="1"><p>SP</p></td><td rowspan="1" colspan="1"><p>ILHA SOLTEIRA</p></td><td rowspan="1" colspan="1"><p>25000092256201127</p></td></tr><tr><td rowspan="1" colspan="1"><p>3374</p></td><td rowspan="1" colspan="1"><p>14411428000131</p></td><td rowspan="1" colspan="1"><p>MATEUS DE OLIVEIRA PESTANA</p></td><td rowspan="1" colspan="1"><p>SP</p></td><td rowspan="1" colspan="1"><p>ILHABELA</p></td><td rowspan="1" colspan="1"><p>25000187155201486</p></td></tr><tr><td rowspan="1" colspan="1"><p>3375</p></td><td rowspan="1" colspan="1"><p>02463188000130</p></td><td rowspan="1" colspan="1"><p>ELAINE CRISTINA MARIN DROGARIA</p></td><td rowspan="1" colspan="1"><p>SP</p></td><td rowspan="1" colspan="1"><p>INDAIATUBA</p></td><td rowspan="1" colspan="1"><p>25000184309201216</p></td></tr><tr><td rowspan="1" colspan="1"><p>3376</p></td><td rowspan="1" colspan="1"><p>60605664017696</p></td><td rowspan="1" colspan="1"><p>RAIA S.A.</p></td><td rowspan="1" colspan="1"><p>SP</p></td><td rowspan="1" colspan="1"><p>INDAIATUBA</p></td><td rowspan="1" colspan="1"><p>25000044144200696</p></td></tr><tr><td rowspan="1" colspan="1"><p>3377</p></td><td rowspan="1" colspan="1"><p>01091789000104</p></td><td rowspan="1" colspan="1"><p>DROGARIA NOSSA SENHORA APARECIDA DE IPERO LTDA</p></td><td rowspan="1" colspan="1"><p>SP</p></td><td rowspan="1" colspan="1"><p>IPERO</p></td><td rowspan="1" colspan="1"><p>25000111499200795</p></td></tr><tr><td rowspan="1" colspan="1"><p>3378</p></td><td rowspan="1" colspan="1"><p>09539393000261</p></td><td rowspan="1" colspan="1"><p>AZFARMA - PRODUTOS FARMACEUTICOS EIRELI</p></td><td rowspan="1" colspan="1"><p>SP</p></td><td rowspan="1" colspan="1"><p>IPEUNA</p></td><td rowspan="1" colspan="1"><p>25000205950200815</p></td></tr><tr><td rowspan="1" colspan="1"><p>3379</p></td><td rowspan="1" colspan="1"><p>17028585000150</p></td><td rowspan="1" colspan="1"><p>DORIVAL DE JESUS SPEGO</p></td><td rowspan="1" colspan="1"><p>SP</p></td><td rowspan="1" colspan="1"><p>IPEUNA</p></td><td rowspan="1" colspan="1"><p>25000106945201398</p></td></tr><tr><td rowspan="1" colspan="1"><p>3380</p></td><td rowspan="1" colspan="1"><p>15419091000171</p></td><td rowspan="1" colspan="1"><p>OSVALDO LUIZ ESTEVES</p></td><td rowspan="1" colspan="1"><p>SP</p></td><td rowspan="1" colspan="1"><p>IPEUNA</p></td><td rowspan="1" colspan="1"><p>25000107281201384</p></td></tr><tr><td rowspan="1" colspan="1"><p>3381</p></td><td rowspan="1" colspan="1"><p>11402951000294</p></td><td rowspan="1" colspan="1"><p>SAO LOURENCO COMERCIO VAREJISTA DE MEDICAMENTOS LTDA</p></td><td rowspan="1" colspan="1"><p>SP</p></td><td rowspan="1" colspan="1"><p>IRAPUA</p></td><td rowspan="1" colspan="1"><p>25000019717201206</p></td></tr><tr><td rowspan="1" colspan="1"><p>3382</p></td><td rowspan="1" colspan="1"><p>10622391000130</p></td><td rowspan="1" colspan="1"><p>DROGARIA E PERFUMARIA DROGAFARMA DE ITABERA LTDA</p></td><td rowspan="1" colspan="1"><p>SP</p></td><td rowspan="1" colspan="1"><p>ITABERA</p></td><td rowspan="1" colspan="1"><p>25000019582201271</p></td></tr><tr><td rowspan="1" colspan="1"><p>3383</p></td><td rowspan="1" colspan="1"><p>03862278000166</p></td><td rowspan="1" colspan="1"><p>FARIA &amp; SOUZA DROGARIA LTDA</p></td><td rowspan="1" colspan="1"><p>SP</p></td><td rowspan="1" colspan="1"><p>ITAI</p></td><td rowspan="1" colspan="1"><p>25000002097200962</p></td></tr><tr><td rowspan="1" colspan="1"><p>3384</p></td><td rowspan="1" colspan="1"><p>05009989000118</p></td><td rowspan="1" colspan="1"><p>MIRANDA &amp; GURGEL LTDA</p></td><td rowspan="1" colspan="1"><p>SP</p></td><td rowspan="1" colspan="1"><p>ITAI</p></td><td rowspan="1" colspan="1"><p>25000107594200794</p></td></tr><tr><td rowspan="1" colspan="1"><p>3385</p></td><td rowspan="1" colspan="1"><p>02813891000392</p></td><td rowspan="1" colspan="1"><p>REDE MIL SERVICOS ADMINISTRATIVOS LTDA</p></td><td rowspan="1" colspan="1"><p>SP</p></td><td rowspan="1" colspan="1"><p>ITAJOBI</p></td><td rowspan="1" colspan="1"><p>25000036556200910</p></td></tr><tr><td rowspan="1" colspan="1"><p>3386</p></td><td rowspan="1" colspan="1"><p>03995689000120</p></td><td rowspan="1" colspan="1"><p>DROGARIA AVANTE LTDA</p></td><td rowspan="1" colspan="1"><p>SP</p></td><td rowspan="1" colspan="1"><p>ITANHAEM</p></td><td rowspan="1" colspan="1"><p>25000081782200785</p></td></tr><tr><td rowspan="1" colspan="1"><p>3387</p></td><td rowspan="1" colspan="1"><p>10692128000117</p></td><td rowspan="1" colspan="1"><p>DROGARIA DTF LTDA</p></td><td rowspan="1" colspan="1"><p>SP</p></td><td rowspan="1" colspan="1"><p>ITANHAEM</p></td><td rowspan="1" colspan="1"><p>25000106715201086</p></td></tr><tr><td rowspan="1" colspan="1"><p>3388</p></td><td rowspan="1" colspan="1"><p>60605664024129</p></td><td rowspan="1" colspan="1"><p>RAIA S.A.</p></td><td rowspan="1" colspan="1"><p>SP</p></td><td rowspan="1" colspan="1"><p>ITANHAEM</p></td><td rowspan="1" colspan="1"><p>25000044144200696</p></td></tr><tr><td rowspan="1" colspan="1"><p>3389</p></td><td rowspan="1" colspan="1"><p>02371000000123</p></td><td rowspan="1" colspan="1"><p>DALULY COMERCIO DE ORTOPEDICOS E CIRURGICOS LTDA</p></td><td rowspan="1" colspan="1"><p>SP</p></td><td rowspan="1" colspan="1"><p>ITAPECERICA DA SERRA</p></td><td rowspan="1" colspan="1"><p>25000023703200983</p></td></tr><tr><td rowspan="1" colspan="1"><p>3390</p></td><td rowspan="1" colspan="1"><p>47508411139316</p></td><td rowspan="1" colspan="1"><p>COMPANHIA BRASILEIRA DE DISTRIBUICAO</p></td><td rowspan="1" colspan="1"><p>SP</p></td><td rowspan="1" colspan="1"><p>ITAPETININGA</p></td><td rowspan="1" colspan="1"><p>25000078311200617</p></td></tr><tr><td rowspan="1" colspan="1"><p>3391</p></td><td rowspan="1" colspan="1"><p>68090646000140</p></td><td rowspan="1" colspan="1"><p>RITA DE CASSIA LARIZZATE MACHADO</p></td><td rowspan="1" colspan="1"><p>SP</p></td><td rowspan="1" colspan="1"><p>ITAPETININGA</p></td><td rowspan="1" colspan="1"><p>25000092056200615</p></td></tr><tr><td rowspan="1" colspan="1"><p>3392</p></td><td rowspan="1" colspan="1"><p>03394819000330</p></td><td rowspan="1" colspan="1"><p>OVS IMPORTADORA LTDA.</p></td><td rowspan="1" colspan="1"><p>SP</p></td><td rowspan="1" colspan="1"><p>ITAPEVI</p></td><td rowspan="1" colspan="1"><p>25000055489200681</p></td></tr><tr><td rowspan="1" colspan="1"><p>3393</p></td><td rowspan="1" colspan="1"><p>71587216000224</p></td><td rowspan="1" colspan="1"><p>DROGARIA VINTE QUATRO HORAS DE MOGI MIRIM LTDA</p></td><td rowspan="1" colspan="1"><p>SP</p></td><td rowspan="1" colspan="1"><p>ITAPIRA</p></td><td rowspan="1" colspan="1"><p>25000187741200700</p></td></tr><tr><td rowspan="1" colspan="1"><p>3394</p></td><td rowspan="1" colspan="1"><p>49916158000286</p></td><td rowspan="1" colspan="1"><p>FARMACIA SANTA CRUZ DE ITAPIRA LTDA</p></td><td rowspan="1" colspan="1"><p>SP</p></td><td rowspan="1" colspan="1"><p>ITAPIRA</p></td><td rowspan="1" colspan="1"><p>25000221407200865</p></td></tr><tr><td rowspan="1" colspan="1"><p>3395</p></td><td rowspan="1" colspan="1"><p>60605664028892</p></td><td rowspan="1" colspan="1"><p>RAIA S.A.</p></td><td rowspan="1" colspan="1"><p>SP</p></td><td rowspan="1" colspan="1"><p>ITAPIRA</p></td><td rowspan="1" colspan="1"><p>25000044144200696</p></td></tr><tr><td rowspan="1" colspan="1"><p>3396</p></td><td rowspan="1" colspan="1"><p>07968441000120</p></td><td rowspan="1" colspan="1"><p>D. A. BORTOLOTTI DROGARIA</p></td><td rowspan="1" colspan="1"><p>SP</p></td><td rowspan="1" colspan="1"><p>ITAPOLIS</p></td><td rowspan="1" colspan="1"><p>25000093237201118</p></td></tr><tr><td rowspan="1" colspan="1"><p>3397</p></td><td rowspan="1" colspan="1"><p>13121605000182</p></td><td rowspan="1" colspan="1"><p>DROGARIA E PERFUMARIA ITAPOLIS LTDA</p></td><td rowspan="1" colspan="1"><p>SP</p></td><td rowspan="1" colspan="1"><p>ITAPOLIS</p></td><td rowspan="1" colspan="1"><p>25000158219201199</p></td></tr><tr><td rowspan="1" colspan="1"><p>3398</p></td><td rowspan="1" colspan="1"><p>45838547000107</p></td><td rowspan="1" colspan="1"><p>DROGARIA SANTA MONICA DE ITAPOLIS EIRELI</p></td><td rowspan="1" colspan="1"><p>SP</p></td><td rowspan="1" colspan="1"><p>ITAPOLIS</p></td><td rowspan="1" colspan="1"><p>25000133111201355</p></td></tr><tr><td rowspan="1" colspan="1"><p>3399</p></td><td rowspan="1" colspan="1"><p>02033487000134</p></td><td rowspan="1" colspan="1"><p>ROMULO RICARDO DE OLIVEIRA EIRELI</p></td><td rowspan="1" colspan="1"><p>SP</p></td><td rowspan="1" colspan="1"><p>ITAPOLIS</p></td><td rowspan="1" colspan="1"><p>25000135296201090</p></td></tr><tr><td rowspan="1" colspan="1"><p>3400</p></td><td rowspan="1" colspan="1"><p>08633061000793</p></td><td rowspan="1" colspan="1"><p>ALTO TIETE PROMOCAO DE VENDAS LTDA</p></td><td rowspan="1" colspan="1"><p>SP</p></td><td rowspan="1" colspan="1"><p>ITAQUAQUECETUBA</p></td><td rowspan="1" colspan="1"><p>25000000750200959</p></td></tr><tr><td rowspan="1" colspan="1"><p>3401</p></td><td rowspan="1" colspan="1"><p>09243914000158</p></td><td rowspan="1" colspan="1"><p>IRMAOS ALENCAR SARAIVA EQUIPAMENTOS DE INFORMATICA LTDA</p></td><td rowspan="1" colspan="1"><p>SP</p></td><td rowspan="1" colspan="1"><p>ITAQUAQUECETUBA</p></td><td rowspan="1" colspan="1"><p>25000145105201260</p></td></tr><tr><td rowspan="1" colspan="1"><p>3402</p></td><td rowspan="1" colspan="1"><p>03837939000101</p></td><td rowspan="1" colspan="1"><p>SOLANGE MIDORI KOBAYASHI</p></td><td rowspan="1" colspan="1"><p>SP</p></td><td rowspan="1" colspan="1"><p>ITAQUAQUECETUBA</p></td><td rowspan="1" colspan="1"><p>25000496053200991</p></td></tr><tr><td rowspan="1" colspan="1"><p>3403</p></td><td rowspan="1" colspan="1"><p>47508411148730</p></td><td rowspan="1" colspan="1"><p>COMPANHIA BRASILEIRA DE DISTRIBUICAO</p></td><td rowspan="1" colspan="1"><p>SP</p></td><td rowspan="1" colspan="1"><p>ITATIBA</p></td><td rowspan="1" colspan="1"><p>25000078311200617</p></td></tr><tr><td rowspan="1" colspan="1"><p>3404</p></td><td rowspan="1" colspan="1"><p>68224989000150</p></td><td rowspan="1" colspan="1"><p>DROGARIA MARCELO LTDA</p></td><td rowspan="1" colspan="1"><p>SP</p></td><td rowspan="1" colspan="1"><p>ITATIBA</p></td><td rowspan="1" colspan="1"><p>25000052728200641</p></td></tr><tr><td rowspan="1" colspan="1"><p>3405</p></td><td rowspan="1" colspan="1"><p>08444322000131</p></td><td rowspan="1" colspan="1"><p>PATRICIA POLETINI FONSECA</p></td><td rowspan="1" colspan="1"><p>SP</p></td><td rowspan="1" colspan="1"><p>ITATIBA</p></td><td rowspan="1" colspan="1"><p>25000078669200712</p></td></tr><tr><td rowspan="1" colspan="1"><p>3406</p></td><td rowspan="1" colspan="1"><p>10676607000140</p></td><td rowspan="1" colspan="1"><p>CORREA &amp; ARAUJO LTDA</p></td><td rowspan="1" colspan="1"><p>SP</p></td><td rowspan="1" colspan="1"><p>ITATINGA</p></td><td rowspan="1" colspan="1"><p>25000144136201384</p></td></tr><tr><td rowspan="1" colspan="1"><p>3407</p></td><td rowspan="1" colspan="1"><p>59603977002270</p></td><td rowspan="1" colspan="1"><p>FARMACIA NOSSA SENHORA DO ROSARIO LTDA - EM RECUPERACAO JUDICIAL EM RECUPERACAO JUDICIAL</p></td><td rowspan="1" colspan="1"><p>SP</p></td><td rowspan="1" colspan="1"><p>ITIRAPINA</p></td><td rowspan="1" colspan="1"><p>25000092394200649</p></td></tr><tr><td rowspan="1" colspan="1"><p>3408</p></td><td rowspan="1" colspan="1"><p>17785206000177</p></td><td rowspan="1" colspan="1"><p>NFN COMERCIO DE MEDICAMENTOS EIRELI</p></td><td rowspan="1" colspan="1"><p>SP</p></td><td rowspan="1" colspan="1"><p>ITIRAPUA</p></td><td rowspan="1" colspan="1"><p>25000077400201367</p></td></tr><tr><td rowspan="1" colspan="1"><p>3409</p></td><td rowspan="1" colspan="1"><p>47508411131099</p></td><td rowspan="1" colspan="1"><p>COMPANHIA BRASILEIRA DE DISTRIBUICAO</p></td><td rowspan="1" colspan="1"><p>SP</p></td><td rowspan="1" colspan="1"><p>ITU</p></td><td rowspan="1" colspan="1"><p>25000078311200617</p></td></tr><tr><td rowspan="1" colspan="1"><p>3410</p></td><td rowspan="1" colspan="1"><p>12862030000196</p></td><td rowspan="1" colspan="1"><p>DROGARIA MIG ITU LTDA</p></td><td rowspan="1" colspan="1"><p>SP</p></td><td rowspan="1" colspan="1"><p>ITU</p></td><td rowspan="1" colspan="1"><p>25000222741201212</p></td></tr><tr><td rowspan="1" colspan="1"><p>3411</p></td><td rowspan="1" colspan="1"><p>74301615000194</p></td><td rowspan="1" colspan="1"><p>DROGARIA VIDAL DE ITU LTDA</p></td><td rowspan="1" colspan="1"><p>SP</p></td><td rowspan="1" colspan="1"><p>ITU</p></td><td rowspan="1" colspan="1"><p>25000129149200785</p></td></tr><tr><td rowspan="1" colspan="1"><p>3412</p></td><td rowspan="1" colspan="1"><p>60605664002311</p></td><td rowspan="1" colspan="1"><p>RAIA S.A.</p></td><td rowspan="1" colspan="1"><p>SP</p></td><td rowspan="1" colspan="1"><p>ITU</p></td><td rowspan="1" colspan="1"><p>25000044144200696</p></td></tr><tr><td rowspan="1" colspan="1"><p>3413</p></td><td rowspan="1" colspan="1"><p>60605664022185</p></td><td rowspan="1" colspan="1"><p>RAIA S.A.</p></td><td rowspan="1" colspan="1"><p>SP</p></td><td rowspan="1" colspan="1"><p>ITU</p></td><td rowspan="1" colspan="1"><p>25000044144200696</p></td></tr><tr><td rowspan="1" colspan="1"><p>3414</p></td><td rowspan="1" colspan="1"><p>00063960021521</p></td><td rowspan="1" colspan="1"><p>WMB SUPERMERCADOS DO BRASIL LTDA.</p></td><td rowspan="1" colspan="1"><p>SP</p></td><td rowspan="1" colspan="1"><p>ITU</p></td><td rowspan="1" colspan="1"><p>25000086421201292</p></td></tr><tr><td rowspan="1" colspan="1"><p>3415</p></td><td rowspan="1" colspan="1"><p>07468944000137</p></td><td rowspan="1" colspan="1"><p>FABIANA ANDRADE DE BRANCO MACEDO</p></td><td rowspan="1" colspan="1"><p>SP</p></td><td rowspan="1" colspan="1"><p>ITUVERAVA</p></td><td rowspan="1" colspan="1"><p>25000158371200612</p></td></tr><tr><td rowspan="1" colspan="1"><p>3416</p></td><td rowspan="1" colspan="1"><p>00943452000107</p></td><td rowspan="1" colspan="1"><p>ANTONINHO GOMES</p></td><td rowspan="1" colspan="1"><p>SP</p></td><td rowspan="1" colspan="1"><p>JABOTICABAL</p></td><td rowspan="1" colspan="1"><p>25000186811201008</p></td></tr><tr><td rowspan="1" colspan="1"><p>3417</p></td><td rowspan="1" colspan="1"><p>60605664019982</p></td><td rowspan="1" colspan="1"><p>RAIA S.A.</p></td><td rowspan="1" colspan="1"><p>SP</p></td><td rowspan="1" colspan="1"><p>JABOTICABAL</p></td><td rowspan="1" colspan="1"><p>25000044144200696</p></td></tr><tr><td rowspan="1" colspan="1"><p>3418</p></td><td rowspan="1" colspan="1"><p>09036637000102</p></td><td rowspan="1" colspan="1"><p>ROSANGELA SAMPAIO DA SILVA XAVIER DROGARIA</p></td><td rowspan="1" colspan="1"><p>SP</p></td><td rowspan="1" colspan="1"><p>JABOTICABAL</p></td><td rowspan="1" colspan="1"><p>25000604058200902</p></td></tr><tr><td rowspan="1" colspan="1"><p>3419</p></td><td rowspan="1" colspan="1"><p>13782245000836</p></td><td rowspan="1" colspan="1"><p>BR FARMACEUTICA LTDA</p></td><td rowspan="1" colspan="1"><p>SP</p></td><td rowspan="1" colspan="1"><p>JACAREI</p></td><td rowspan="1" colspan="1"><p>25000144754201243</p></td></tr><tr><td rowspan="1" colspan="1"><p>3420</p></td><td rowspan="1" colspan="1"><p>08956977000199</p></td><td rowspan="1" colspan="1"><p>CRISTIANE M.M.MENDES DROGARIA</p></td><td rowspan="1" colspan="1"><p>SP</p></td><td rowspan="1" colspan="1"><p>JACAREI</p></td><td rowspan="1" colspan="1"><p>25000024612201180</p></td></tr><tr><td rowspan="1" colspan="1"><p>3421</p></td><td rowspan="1" colspan="1"><p>04515307000186</p></td><td rowspan="1" colspan="1"><p>DROGARIA SANTA BARBARA DO SOL LTDA</p></td><td rowspan="1" colspan="1"><p>SP</p></td><td rowspan="1" colspan="1"><p>JACAREI</p></td><td rowspan="1" colspan="1"><p>25000093110201280</p></td></tr><tr><td rowspan="1" colspan="1"><p>3422</p></td><td rowspan="1" colspan="1"><p>07388461000122</p></td><td rowspan="1" colspan="1"><p>HELBA CRISTINA NAVES PANUCCI</p></td><td rowspan="1" colspan="1"><p>SP</p></td><td rowspan="1" colspan="1"><p>JACAREI</p></td><td rowspan="1" colspan="1"><p>25000009450200935</p></td></tr><tr><td rowspan="1" colspan="1"><p>3423</p></td><td rowspan="1" colspan="1"><p>12459264000197</p></td><td rowspan="1" colspan="1"><p>KELLY C. DINIZ FAGUNDES-DROGARIA</p></td><td rowspan="1" colspan="1"><p>SP</p></td><td rowspan="1" colspan="1"><p>JACAREI</p></td><td rowspan="1" colspan="1"><p>25000159235201280</p></td></tr><tr><td rowspan="1" colspan="1"><p>3424</p></td><td rowspan="1" colspan="1"><p>60605664027306</p></td><td rowspan="1" colspan="1"><p>RAIA S.A.</p></td><td rowspan="1" colspan="1"><p>SP</p></td><td rowspan="1" colspan="1"><p>JACAREI</p></td><td rowspan="1" colspan="1"><p>25000044144200696</p></td></tr><tr><td rowspan="1" colspan="1"><p>3425</p></td><td rowspan="1" colspan="1"><p>12426600000103</p></td><td rowspan="1" colspan="1"><p>S. M. S. ROCHA</p></td><td rowspan="1" colspan="1"><p>SP</p></td><td rowspan="1" colspan="1"><p>JACAREI</p></td><td rowspan="1" colspan="1"><p>25000091613201130</p></td></tr><tr><td rowspan="1" colspan="1"><p>3426</p></td><td rowspan="1" colspan="1"><p>00063960031837</p></td><td rowspan="1" colspan="1"><p>WMB SUPERMERCADOS DO BRASIL LTDA.</p></td><td rowspan="1" colspan="1"><p>SP</p></td><td rowspan="1" colspan="1"><p>JACAREI</p></td><td rowspan="1" colspan="1"><p>25000086421201292</p></td></tr><tr><td rowspan="1" colspan="1"><p>3427</p></td><td rowspan="1" colspan="1"><p>00019542000106</p></td><td rowspan="1" colspan="1"><p>FARMACIA MARIANO LTDA</p></td><td rowspan="1" colspan="1"><p>SP</p></td><td rowspan="1" colspan="1"><p>JACUPIRANGA</p></td><td rowspan="1" colspan="1"><p>25000104438201310</p></td></tr><tr><td rowspan="1" colspan="1"><p>3428</p></td><td rowspan="1" colspan="1"><p>05239284000359</p></td><td rowspan="1" colspan="1"><p>ANJOFARMA FARMACEUTICA LTDA</p></td><td rowspan="1" colspan="1"><p>SP</p></td><td rowspan="1" colspan="1"><p>JAGUARIUNA</p></td><td rowspan="1" colspan="1"><p>25000215759200881</p></td></tr><tr><td rowspan="1" colspan="1"><p>3429</p></td><td rowspan="1" colspan="1"><p>43861319000114</p></td><td rowspan="1" colspan="1"><p>DROGARIA POPULAR DE JAGUARIUNA LTDA</p></td><td rowspan="1" colspan="1"><p>SP</p></td><td rowspan="1" colspan="1"><p>JAGUARIUNA</p></td><td rowspan="1" colspan="1"><p>25000222205200831</p></td></tr><tr><td rowspan="1" colspan="1"><p>3430</p></td><td rowspan="1" colspan="1"><p>71587216001700</p></td><td rowspan="1" colspan="1"><p>DROGARIA VINTE QUATRO HORAS DE MOGI MIRIM LTDA</p></td><td rowspan="1" colspan="1"><p>SP</p></td><td rowspan="1" colspan="1"><p>JAGUARIUNA</p></td><td rowspan="1" colspan="1"><p>25000187741200700</p></td></tr></table>]]></Texto>
  </body>
  <Midias />
</article></xml>