﻿<xml><article id="44730286" name="Res_REA_16.330_2025_SCE" idOficio="11190983" pubName="DO1" artType="Resolução" pubDate="01/08/2025" artClass="00035:00043:00021:00000:00000:00000:00000:00000:00000:00000:00024:00005" artCategory="Ministério de Minas e Energia/Agência Nacional de Energia Elétrica/Diretoria Colegiada" artSize="12" artNotes="" numberPage="70" pdfPage="http://pesquisa.in.gov.br/imprensa/jsp/visualiza/index.jsp?data=01/08/2025&amp;jornal=515&amp;pagina=70" editionNumber="144" highlightType="" highlightPriority="" highlight="" highlightimage="" highlightimagename="" idMateria="22947784">
  <body>
    <Identifica><![CDATA[ RESOLUÇÃO AUTORIZATIVA Nº 16.330, DE 29 DE JULHO DE 2025]]></Identifica>
    <Data><![CDATA[]]></Data>
    <Ementa />
    <Titulo />
    <SubTitulo />
    <Texto><![CDATA[<p class="identifica">RESOLUÇÃO AUTORIZATIVA Nº 16.330, DE 29 DE JULHO DE 2025</p><p>O DIRETOR-GERAL DA AGÊNCIA NACIONAL DE ENERGIA ELÉTRICA - ANEEL, com base no art. 16, IV, do Regimento Interno da ANEEL, resolve:</p><p>Processo nº: 48500.014976/2025-11 e 48500.904835/1999-92 Interessados: Vale S.A (CNPJ nº 33.592.510/0001-54) e Aliança Geração de Energia S.A (CNPJ nº 12.009.135/0001-05). Objeto: Transfere para Aliança Geração de Energia S.A. a titularidade da concessão da Usina Hidrelétrica Risoleta Neves, cadastrada sob o CEG UHE.PH.MG.000641-6.01. A íntegra desta Resolução consta dos autos e estará disponível em https://biblioteca.aneel.gov.br .</p><p class="assina">SANDOVAL DE ARAUJO FEITOSA NETO</p>]]></Texto>
  </body>
  <Midias />
</article></xml>