﻿<xml><article id="44735828" name="Portaria FP 31 07 2025 Descreden" idOficio="11191432" pubName="DO1" artType="Despacho" pubDate="01/08/2025" artClass="00047:00039:00000:00000:00000:00000:00000:00000:00000:00000:00024:00000" artCategory="Ministério da Saúde/Secretaria de Ciência, Tecnologia e Inovação e do Complexo Econômico-Industrial da Saúde" artSize="24" artNotes="" numberPage="145" pdfPage="http://pesquisa.in.gov.br/imprensa/jsp/visualiza/index.jsp?data=01/08/2025&amp;jornal=515&amp;pagina=145" editionNumber="144" highlightType="" highlightPriority="" highlight="" highlightimage="" highlightimagename="" idMateria="22948776">
  <body>
    <Identifica />
    <Data><![CDATA[]]></Data>
    <Ementa />
    <Titulo />
    <SubTitulo />
    <Texto><![CDATA[<p /><p></p><table><tr /><tr><td rowspan="1" colspan="1"><p>2126</p></td><td rowspan="1" colspan="1"><p>34126458000103</p></td><td rowspan="1" colspan="1"><p>FARMACIA DROGA FEM LTDA</p></td><td rowspan="1" colspan="1"><p>RJ</p></td><td rowspan="1" colspan="1"><p>RIO DE JANEIRO</p></td><td rowspan="1" colspan="1"><p>25000213530200811</p></td></tr><tr><td rowspan="1" colspan="1"><p>2127</p></td><td rowspan="1" colspan="1"><p>05623960000121</p></td><td rowspan="1" colspan="1"><p>FARMACIA GUSTAVO DA PIRAQUARA EIRELI</p></td><td rowspan="1" colspan="1"><p>RJ</p></td><td rowspan="1" colspan="1"><p>RIO DE JANEIRO</p></td><td rowspan="1" colspan="1"><p>25000227017201285</p></td></tr><tr><td rowspan="1" colspan="1"><p>2128</p></td><td rowspan="1" colspan="1"><p>29704194000198</p></td><td rowspan="1" colspan="1"><p>FARMACIA HOMEOPATICA ANASTACIA LTDA</p></td><td rowspan="1" colspan="1"><p>RJ</p></td><td rowspan="1" colspan="1"><p>RIO DE JANEIRO</p></td><td rowspan="1" colspan="1"><p>25000149323201192</p></td></tr><tr><td rowspan="1" colspan="1"><p>2129</p></td><td rowspan="1" colspan="1"><p>05262364000163</p></td><td rowspan="1" colspan="1"><p>FARMACIA M R SIMAS LTDA</p></td><td rowspan="1" colspan="1"><p>RJ</p></td><td rowspan="1" colspan="1"><p>RIO DE JANEIRO</p></td><td rowspan="1" colspan="1"><p>25000073786201176</p></td></tr><tr><td rowspan="1" colspan="1"><p>2130</p></td><td rowspan="1" colspan="1"><p>07279324000150</p></td><td rowspan="1" colspan="1"><p>FARMACIA RAINHA DA GARDENIA LTDA</p></td><td rowspan="1" colspan="1"><p>RJ</p></td><td rowspan="1" colspan="1"><p>RIO DE JANEIRO</p></td><td rowspan="1" colspan="1"><p>25000015867201402</p></td></tr><tr><td rowspan="1" colspan="1"><p>2131</p></td><td rowspan="1" colspan="1"><p>11264211000158</p></td><td rowspan="1" colspan="1"><p>FARMACIA SAUDE DE ACARI LTDA</p></td><td rowspan="1" colspan="1"><p>RJ</p></td><td rowspan="1" colspan="1"><p>RIO DE JANEIRO</p></td><td rowspan="1" colspan="1"><p>25000071116201204</p></td></tr><tr><td rowspan="1" colspan="1"><p>2132</p></td><td rowspan="1" colspan="1"><p>07692423000169</p></td><td rowspan="1" colspan="1"><p>FARMAPRE FARMACIA LTDA</p></td><td rowspan="1" colspan="1"><p>RJ</p></td><td rowspan="1" colspan="1"><p>RIO DE JANEIRO</p></td><td rowspan="1" colspan="1"><p>25000016008201422</p></td></tr><tr><td rowspan="1" colspan="1"><p>2133</p></td><td rowspan="1" colspan="1"><p>03568952000102</p></td><td rowspan="1" colspan="1"><p>M.J. DE PACIENCIA FARMACIA LTDA</p></td><td rowspan="1" colspan="1"><p>RJ</p></td><td rowspan="1" colspan="1"><p>RIO DE JANEIRO</p></td><td rowspan="1" colspan="1"><p>25000092955201258</p></td></tr><tr><td rowspan="1" colspan="1"><p>2134</p></td><td rowspan="1" colspan="1"><p>60605664012708</p></td><td rowspan="1" colspan="1"><p>RAIA S.A.</p></td><td rowspan="1" colspan="1"><p>RJ</p></td><td rowspan="1" colspan="1"><p>RIO DE JANEIRO</p></td><td rowspan="1" colspan="1"><p>25000044144200696</p></td></tr><tr><td rowspan="1" colspan="1"><p>2135</p></td><td rowspan="1" colspan="1"><p>60605664013437</p></td><td rowspan="1" colspan="1"><p>RAIA S.A.</p></td><td rowspan="1" colspan="1"><p>RJ</p></td><td rowspan="1" colspan="1"><p>RIO DE JANEIRO</p></td><td rowspan="1" colspan="1"><p>25000044144200696</p></td></tr><tr><td rowspan="1" colspan="1"><p>2136</p></td><td rowspan="1" colspan="1"><p>60605664013518</p></td><td rowspan="1" colspan="1"><p>RAIA S.A.</p></td><td rowspan="1" colspan="1"><p>RJ</p></td><td rowspan="1" colspan="1"><p>RIO DE JANEIRO</p></td><td rowspan="1" colspan="1"><p>25000044144200696</p></td></tr><tr><td rowspan="1" colspan="1"><p>2137</p></td><td rowspan="1" colspan="1"><p>60605664010411</p></td><td rowspan="1" colspan="1"><p>RAIA S.A.</p></td><td rowspan="1" colspan="1"><p>RJ</p></td><td rowspan="1" colspan="1"><p>RIO DE JANEIRO</p></td><td rowspan="1" colspan="1"><p>25000044144200696</p></td></tr><tr><td rowspan="1" colspan="1"><p>2138</p></td><td rowspan="1" colspan="1"><p>60605664011817</p></td><td rowspan="1" colspan="1"><p>RAIA S.A.</p></td><td rowspan="1" colspan="1"><p>RJ</p></td><td rowspan="1" colspan="1"><p>RIO DE JANEIRO</p></td><td rowspan="1" colspan="1"><p>25000044144200696</p></td></tr><tr><td rowspan="1" colspan="1"><p>2139</p></td><td rowspan="1" colspan="1"><p>60605664010764</p></td><td rowspan="1" colspan="1"><p>RAIA S.A.</p></td><td rowspan="1" colspan="1"><p>RJ</p></td><td rowspan="1" colspan="1"><p>RIO DE JANEIRO</p></td><td rowspan="1" colspan="1"><p>25000044144200696</p></td></tr><tr><td rowspan="1" colspan="1"><p>2140</p></td><td rowspan="1" colspan="1"><p>60605664013275</p></td><td rowspan="1" colspan="1"><p>RAIA S.A.</p></td><td rowspan="1" colspan="1"><p>RJ</p></td><td rowspan="1" colspan="1"><p>RIO DE JANEIRO</p></td><td rowspan="1" colspan="1"><p>25000044144200696</p></td></tr><tr><td rowspan="1" colspan="1"><p>2141</p></td><td rowspan="1" colspan="1"><p>60605664010926</p></td><td rowspan="1" colspan="1"><p>RAIA S.A.</p></td><td rowspan="1" colspan="1"><p>RJ</p></td><td rowspan="1" colspan="1"><p>RIO DE JANEIRO</p></td><td rowspan="1" colspan="1"><p>25000044144200696</p></td></tr><tr><td rowspan="1" colspan="1"><p>2142</p></td><td rowspan="1" colspan="1"><p>60605664012031</p></td><td rowspan="1" colspan="1"><p>RAIA S.A.</p></td><td rowspan="1" colspan="1"><p>RJ</p></td><td rowspan="1" colspan="1"><p>RIO DE JANEIRO</p></td><td rowspan="1" colspan="1"><p>25000044144200696</p></td></tr><tr><td rowspan="1" colspan="1"><p>2143</p></td><td rowspan="1" colspan="1"><p>60605664000700</p></td><td rowspan="1" colspan="1"><p>RAIA S.A.</p></td><td rowspan="1" colspan="1"><p>RJ</p></td><td rowspan="1" colspan="1"><p>RIO DE JANEIRO</p></td><td rowspan="1" colspan="1"><p>25000044144200696</p></td></tr><tr><td rowspan="1" colspan="1"><p>2144</p></td><td rowspan="1" colspan="1"><p>60605664011060</p></td><td rowspan="1" colspan="1"><p>RAIA S.A.</p></td><td rowspan="1" colspan="1"><p>RJ</p></td><td rowspan="1" colspan="1"><p>RIO DE JANEIRO</p></td><td rowspan="1" colspan="1"><p>25000044144200696</p></td></tr><tr><td rowspan="1" colspan="1"><p>2145</p></td><td rowspan="1" colspan="1"><p>60605664010845</p></td><td rowspan="1" colspan="1"><p>RAIA S.A.</p></td><td rowspan="1" colspan="1"><p>RJ</p></td><td rowspan="1" colspan="1"><p>RIO DE JANEIRO</p></td><td rowspan="1" colspan="1"><p>25000044144200696</p></td></tr><tr><td rowspan="1" colspan="1"><p>2146</p></td><td rowspan="1" colspan="1"><p>60605664011655</p></td><td rowspan="1" colspan="1"><p>RAIA S.A.</p></td><td rowspan="1" colspan="1"><p>RJ</p></td><td rowspan="1" colspan="1"><p>RIO DE JANEIRO</p></td><td rowspan="1" colspan="1"><p>25000044144200696</p></td></tr><tr><td rowspan="1" colspan="1"><p>2147</p></td><td rowspan="1" colspan="1"><p>60605664010500</p></td><td rowspan="1" colspan="1"><p>RAIA S.A.</p></td><td rowspan="1" colspan="1"><p>RJ</p></td><td rowspan="1" colspan="1"><p>RIO DE JANEIRO</p></td><td rowspan="1" colspan="1"><p>25000044144200696</p></td></tr><tr><td rowspan="1" colspan="1"><p>2148</p></td><td rowspan="1" colspan="1"><p>60605664010330</p></td><td rowspan="1" colspan="1"><p>RAIA S.A.</p></td><td rowspan="1" colspan="1"><p>RJ</p></td><td rowspan="1" colspan="1"><p>RIO DE JANEIRO</p></td><td rowspan="1" colspan="1"><p>25000044144200696</p></td></tr><tr><td rowspan="1" colspan="1"><p>2149</p></td><td rowspan="1" colspan="1"><p>60605664025443</p></td><td rowspan="1" colspan="1"><p>RAIA S.A.</p></td><td rowspan="1" colspan="1"><p>RJ</p></td><td rowspan="1" colspan="1"><p>RIO DE JANEIRO</p></td><td rowspan="1" colspan="1"><p>25000044144200696</p></td></tr><tr><td rowspan="1" colspan="1"><p>2150</p></td><td rowspan="1" colspan="1"><p>60605664021103</p></td><td rowspan="1" colspan="1"><p>RAIA S.A.</p></td><td rowspan="1" colspan="1"><p>RJ</p></td><td rowspan="1" colspan="1"><p>RIO DE JANEIRO</p></td><td rowspan="1" colspan="1"><p>25000044144200696</p></td></tr><tr><td rowspan="1" colspan="1"><p>2151</p></td><td rowspan="1" colspan="1"><p>60605664022690</p></td><td rowspan="1" colspan="1"><p>RAIA S.A.</p></td><td rowspan="1" colspan="1"><p>RJ</p></td><td rowspan="1" colspan="1"><p>RIO DE JANEIRO</p></td><td rowspan="1" colspan="1"><p>25000044144200696</p></td></tr><tr><td rowspan="1" colspan="1"><p>2152</p></td><td rowspan="1" colspan="1"><p>60605664013194</p></td><td rowspan="1" colspan="1"><p>RAIA S.A.</p></td><td rowspan="1" colspan="1"><p>RJ</p></td><td rowspan="1" colspan="1"><p>RIO DE JANEIRO</p></td><td rowspan="1" colspan="1"><p>25000044144200696</p></td></tr><tr><td rowspan="1" colspan="1"><p>2153</p></td><td rowspan="1" colspan="1"><p>60605664024633</p></td><td rowspan="1" colspan="1"><p>RAIA S.A.</p></td><td rowspan="1" colspan="1"><p>RJ</p></td><td rowspan="1" colspan="1"><p>RIO DE JANEIRO</p></td><td rowspan="1" colspan="1"><p>25000044144200696</p></td></tr><tr><td rowspan="1" colspan="1"><p>2154</p></td><td rowspan="1" colspan="1"><p>60605664028116</p></td><td rowspan="1" colspan="1"><p>RAIA S.A.</p></td><td rowspan="1" colspan="1"><p>RJ</p></td><td rowspan="1" colspan="1"><p>RIO DE JANEIRO</p></td><td rowspan="1" colspan="1"><p>25000044144200696</p></td></tr><tr><td rowspan="1" colspan="1"><p>2155</p></td><td rowspan="1" colspan="1"><p>60605664012899</p></td><td rowspan="1" colspan="1"><p>RAIA S.A.</p></td><td rowspan="1" colspan="1"><p>RJ</p></td><td rowspan="1" colspan="1"><p>RIO DE JANEIRO</p></td><td rowspan="1" colspan="1"><p>25000044144200696</p></td></tr><tr><td rowspan="1" colspan="1"><p>2156</p></td><td rowspan="1" colspan="1"><p>60605664015138</p></td><td rowspan="1" colspan="1"><p>RAIA S.A.</p></td><td rowspan="1" colspan="1"><p>RJ</p></td><td rowspan="1" colspan="1"><p>RIO DE JANEIRO</p></td><td rowspan="1" colspan="1"><p>25000044144200696</p></td></tr><tr><td rowspan="1" colspan="1"><p>2157</p></td><td rowspan="1" colspan="1"><p>60605664022770</p></td><td rowspan="1" colspan="1"><p>RAIA S.A.</p></td><td rowspan="1" colspan="1"><p>RJ</p></td><td rowspan="1" colspan="1"><p>RIO DE JANEIRO</p></td><td rowspan="1" colspan="1"><p>25000044144200696</p></td></tr><tr><td rowspan="1" colspan="1"><p>2158</p></td><td rowspan="1" colspan="1"><p>60605664025362</p></td><td rowspan="1" colspan="1"><p>RAIA S.A.</p></td><td rowspan="1" colspan="1"><p>RJ</p></td><td rowspan="1" colspan="1"><p>RIO DE JANEIRO</p></td><td rowspan="1" colspan="1"><p>25000044144200696</p></td></tr><tr><td rowspan="1" colspan="1"><p>2159</p></td><td rowspan="1" colspan="1"><p>60605664023823</p></td><td rowspan="1" colspan="1"><p>RAIA S.A.</p></td><td rowspan="1" colspan="1"><p>RJ</p></td><td rowspan="1" colspan="1"><p>RIO DE JANEIRO</p></td><td rowspan="1" colspan="1"><p>25000044144200696</p></td></tr><tr><td rowspan="1" colspan="1"><p>2160</p></td><td rowspan="1" colspan="1"><p>60605664022002</p></td><td rowspan="1" colspan="1"><p>RAIA S.A.</p></td><td rowspan="1" colspan="1"><p>RJ</p></td><td rowspan="1" colspan="1"><p>RIO DE JANEIRO</p></td><td rowspan="1" colspan="1"><p>25000044144200696</p></td></tr><tr><td rowspan="1" colspan="1"><p>2161</p></td><td rowspan="1" colspan="1"><p>60605664015308</p></td><td rowspan="1" colspan="1"><p>RAIA S.A.</p></td><td rowspan="1" colspan="1"><p>RJ</p></td><td rowspan="1" colspan="1"><p>RIO DE JANEIRO</p></td><td rowspan="1" colspan="1"><p>25000044144200696</p></td></tr><tr><td rowspan="1" colspan="1"><p>2162</p></td><td rowspan="1" colspan="1"><p>60605664000530</p></td><td rowspan="1" colspan="1"><p>RAIA S.A.</p></td><td rowspan="1" colspan="1"><p>RJ</p></td><td rowspan="1" colspan="1"><p>RIO DE JANEIRO</p></td><td rowspan="1" colspan="1"><p>25000044144200696</p></td></tr><tr><td rowspan="1" colspan="1"><p>2163</p></td><td rowspan="1" colspan="1"><p>60605664010683</p></td><td rowspan="1" colspan="1"><p>RAIA S.A.</p></td><td rowspan="1" colspan="1"><p>RJ</p></td><td rowspan="1" colspan="1"><p>RIO DE JANEIRO</p></td><td rowspan="1" colspan="1"><p>25000044144200696</p></td></tr><tr><td rowspan="1" colspan="1"><p>2164</p></td><td rowspan="1" colspan="1"><p>60605664023076</p></td><td rowspan="1" colspan="1"><p>RAIA S.A.</p></td><td rowspan="1" colspan="1"><p>RJ</p></td><td rowspan="1" colspan="1"><p>RIO DE JANEIRO</p></td><td rowspan="1" colspan="1"><p>25000044144200696</p></td></tr><tr><td rowspan="1" colspan="1"><p>2165</p></td><td rowspan="1" colspan="1"><p>60605664012201</p></td><td rowspan="1" colspan="1"><p>RAIA S.A.</p></td><td rowspan="1" colspan="1"><p>RJ</p></td><td rowspan="1" colspan="1"><p>RIO DE JANEIRO</p></td><td rowspan="1" colspan="1"><p>25000044144200696</p></td></tr><tr><td rowspan="1" colspan="1"><p>2166</p></td><td rowspan="1" colspan="1"><p>06057223016922</p></td><td rowspan="1" colspan="1"><p>SENDAS DISTRIBUIDORA S/A</p></td><td rowspan="1" colspan="1"><p>RJ</p></td><td rowspan="1" colspan="1"><p>RIO DE JANEIRO</p></td><td rowspan="1" colspan="1"><p>25000600661200915</p></td></tr><tr><td rowspan="1" colspan="1"><p>2167</p></td><td rowspan="1" colspan="1"><p>06057223008822</p></td><td rowspan="1" colspan="1"><p>SENDAS DISTRIBUIDORA S/A</p></td><td rowspan="1" colspan="1"><p>RJ</p></td><td rowspan="1" colspan="1"><p>RIO DE JANEIRO</p></td><td rowspan="1" colspan="1"><p>25000600661200915</p></td></tr><tr><td rowspan="1" colspan="1"><p>2168</p></td><td rowspan="1" colspan="1"><p>06057223016507</p></td><td rowspan="1" colspan="1"><p>SENDAS DISTRIBUIDORA S/A</p></td><td rowspan="1" colspan="1"><p>RJ</p></td><td rowspan="1" colspan="1"><p>RIO DE JANEIRO</p></td><td rowspan="1" colspan="1"><p>25000600661200915</p></td></tr><tr><td rowspan="1" colspan="1"><p>2169</p></td><td rowspan="1" colspan="1"><p>06057223008903</p></td><td rowspan="1" colspan="1"><p>SENDAS DISTRIBUIDORA S/A</p></td><td rowspan="1" colspan="1"><p>RJ</p></td><td rowspan="1" colspan="1"><p>RIO DE JANEIRO</p></td><td rowspan="1" colspan="1"><p>25000600661200915</p></td></tr><tr><td rowspan="1" colspan="1"><p>2170</p></td><td rowspan="1" colspan="1"><p>06057223015527</p></td><td rowspan="1" colspan="1"><p>SENDAS DISTRIBUIDORA S/A</p></td><td rowspan="1" colspan="1"><p>RJ</p></td><td rowspan="1" colspan="1"><p>RIO DE JANEIRO</p></td><td rowspan="1" colspan="1"><p>25000600661200915</p></td></tr><tr><td rowspan="1" colspan="1"><p>2171</p></td><td rowspan="1" colspan="1"><p>06057223006889</p></td><td rowspan="1" colspan="1"><p>SENDAS DISTRIBUIDORA S/A</p></td><td rowspan="1" colspan="1"><p>RJ</p></td><td rowspan="1" colspan="1"><p>RIO DE JANEIRO</p></td><td rowspan="1" colspan="1"><p>25000600661200915</p></td></tr><tr><td rowspan="1" colspan="1"><p>2172</p></td><td rowspan="1" colspan="1"><p>06057223017066</p></td><td rowspan="1" colspan="1"><p>SENDAS DISTRIBUIDORA S/A</p></td><td rowspan="1" colspan="1"><p>RJ</p></td><td rowspan="1" colspan="1"><p>RIO DE JANEIRO</p></td><td rowspan="1" colspan="1"><p>25000600661200915</p></td></tr><tr><td rowspan="1" colspan="1"><p>2173</p></td><td rowspan="1" colspan="1"><p>06057223009128</p></td><td rowspan="1" colspan="1"><p>SENDAS DISTRIBUIDORA S/A</p></td><td rowspan="1" colspan="1"><p>RJ</p></td><td rowspan="1" colspan="1"><p>RIO DE JANEIRO</p></td><td rowspan="1" colspan="1"><p>25000600661200915</p></td></tr><tr><td rowspan="1" colspan="1"><p>2174</p></td><td rowspan="1" colspan="1"><p>06057223020288</p></td><td rowspan="1" colspan="1"><p>SENDAS DISTRIBUIDORA S/A</p></td><td rowspan="1" colspan="1"><p>RJ</p></td><td rowspan="1" colspan="1"><p>RIO DE JANEIRO</p></td><td rowspan="1" colspan="1"><p>25000600661200915</p></td></tr><tr><td rowspan="1" colspan="1"><p>2175</p></td><td rowspan="1" colspan="1"><p>06057223016418</p></td><td rowspan="1" colspan="1"><p>SENDAS DISTRIBUIDORA S/A</p></td><td rowspan="1" colspan="1"><p>RJ</p></td><td rowspan="1" colspan="1"><p>RIO DE JANEIRO</p></td><td rowspan="1" colspan="1"><p>25000600661200915</p></td></tr><tr><td rowspan="1" colspan="1"><p>2176</p></td><td rowspan="1" colspan="1"><p>06057223020369</p></td><td rowspan="1" colspan="1"><p>SENDAS DISTRIBUIDORA S/A</p></td><td rowspan="1" colspan="1"><p>RJ</p></td><td rowspan="1" colspan="1"><p>RIO DE JANEIRO</p></td><td rowspan="1" colspan="1"><p>25000600661200915</p></td></tr><tr><td rowspan="1" colspan="1"><p>2177</p></td><td rowspan="1" colspan="1"><p>06057223016760</p></td><td rowspan="1" colspan="1"><p>SENDAS DISTRIBUIDORA S/A</p></td><td rowspan="1" colspan="1"><p>RJ</p></td><td rowspan="1" colspan="1"><p>RIO DE JANEIRO</p></td><td rowspan="1" colspan="1"><p>25000600661200915</p></td></tr><tr><td rowspan="1" colspan="1"><p>2178</p></td><td rowspan="1" colspan="1"><p>06057223016175</p></td><td rowspan="1" colspan="1"><p>SENDAS DISTRIBUIDORA S/A</p></td><td rowspan="1" colspan="1"><p>RJ</p></td><td rowspan="1" colspan="1"><p>RIO DE JANEIRO</p></td><td rowspan="1" colspan="1"><p>25000600661200915</p></td></tr><tr><td rowspan="1" colspan="1"><p>2179</p></td><td rowspan="1" colspan="1"><p>06057223015365</p></td><td rowspan="1" colspan="1"><p>SENDAS DISTRIBUIDORA S/A</p></td><td rowspan="1" colspan="1"><p>RJ</p></td><td rowspan="1" colspan="1"><p>RIO DE JANEIRO</p></td><td rowspan="1" colspan="1"><p>25000600661200915</p></td></tr><tr><td rowspan="1" colspan="1"><p>2180</p></td><td rowspan="1" colspan="1"><p>06057223008741</p></td><td rowspan="1" colspan="1"><p>SENDAS DISTRIBUIDORA S/A</p></td><td rowspan="1" colspan="1"><p>RJ</p></td><td rowspan="1" colspan="1"><p>RIO DE JANEIRO</p></td><td rowspan="1" colspan="1"><p>25000600661200915</p></td></tr><tr><td rowspan="1" colspan="1"><p>2181</p></td><td rowspan="1" colspan="1"><p>06057223016680</p></td><td rowspan="1" colspan="1"><p>SENDAS DISTRIBUIDORA S/A</p></td><td rowspan="1" colspan="1"><p>RJ</p></td><td rowspan="1" colspan="1"><p>RIO DE JANEIRO</p></td><td rowspan="1" colspan="1"><p>25000600661200915</p></td></tr><tr><td rowspan="1" colspan="1"><p>2182</p></td><td rowspan="1" colspan="1"><p>06057223020520</p></td><td rowspan="1" colspan="1"><p>SENDAS DISTRIBUIDORA S/A</p></td><td rowspan="1" colspan="1"><p>RJ</p></td><td rowspan="1" colspan="1"><p>RIO DE JANEIRO</p></td><td rowspan="1" colspan="1"><p>25000600661200915</p></td></tr><tr><td rowspan="1" colspan="1"><p>2183</p></td><td rowspan="1" colspan="1"><p>42225938010465</p></td><td rowspan="1" colspan="1"><p>CSB DROGARIAS S/A</p></td><td rowspan="1" colspan="1"><p>RJ</p></td><td rowspan="1" colspan="1"><p>SAO GONCALO</p></td><td rowspan="1" colspan="1"><p>25000055287200630</p></td></tr><tr><td rowspan="1" colspan="1"><p>2184</p></td><td rowspan="1" colspan="1"><p>42225938005895</p></td><td rowspan="1" colspan="1"><p>CSB DROGARIAS S/A</p></td><td rowspan="1" colspan="1"><p>RJ</p></td><td rowspan="1" colspan="1"><p>SAO GONCALO</p></td><td rowspan="1" colspan="1"><p>25000055287200630</p></td></tr><tr><td rowspan="1" colspan="1"><p>2185</p></td><td rowspan="1" colspan="1"><p>42225938005976</p></td><td rowspan="1" colspan="1"><p>CSB DROGARIAS S/A</p></td><td rowspan="1" colspan="1"><p>RJ</p></td><td rowspan="1" colspan="1"><p>SAO GONCALO</p></td><td rowspan="1" colspan="1"><p>25000055287200630</p></td></tr><tr><td rowspan="1" colspan="1"><p>2186</p></td><td rowspan="1" colspan="1"><p>00321280000130</p></td><td rowspan="1" colspan="1"><p>DROGARIA BACKER LTDA</p></td><td rowspan="1" colspan="1"><p>RJ</p></td><td rowspan="1" colspan="1"><p>SAO GONCALO</p></td><td rowspan="1" colspan="1"><p>25000163170201277</p></td></tr><tr><td rowspan="1" colspan="1"><p>2187</p></td><td rowspan="1" colspan="1"><p>18304700000135</p></td><td rowspan="1" colspan="1"><p>F C DE MATOS - PRESTADORA DE SERVICOS DE INFORMATICA</p></td><td rowspan="1" colspan="1"><p>RJ</p></td><td rowspan="1" colspan="1"><p>SAO GONCALO</p></td><td rowspan="1" colspan="1"><p>25000025177201534</p></td></tr><tr><td rowspan="1" colspan="1"><p>2188</p></td><td rowspan="1" colspan="1"><p>06057223018895</p></td><td rowspan="1" colspan="1"><p>SENDAS DISTRIBUIDORA S/A</p></td><td rowspan="1" colspan="1"><p>RJ</p></td><td rowspan="1" colspan="1"><p>SAO GONCALO</p></td><td rowspan="1" colspan="1"><p>25000600661200915</p></td></tr><tr><td rowspan="1" colspan="1"><p>2189</p></td><td rowspan="1" colspan="1"><p>06057223020873</p></td><td rowspan="1" colspan="1"><p>SENDAS DISTRIBUIDORA S/A</p></td><td rowspan="1" colspan="1"><p>RJ</p></td><td rowspan="1" colspan="1"><p>SAO GONCALO</p></td><td rowspan="1" colspan="1"><p>25000600661200915</p></td></tr><tr><td rowspan="1" colspan="1"><p>2190</p></td><td rowspan="1" colspan="1"><p>06057223018704</p></td><td rowspan="1" colspan="1"><p>SENDAS DISTRIBUIDORA S/A</p></td><td rowspan="1" colspan="1"><p>RJ</p></td><td rowspan="1" colspan="1"><p>SAO GONCALO</p></td><td rowspan="1" colspan="1"><p>25000600661200915</p></td></tr><tr><td rowspan="1" colspan="1"><p>2191</p></td><td rowspan="1" colspan="1"><p>06057223018976</p></td><td rowspan="1" colspan="1"><p>SENDAS DISTRIBUIDORA S/A</p></td><td rowspan="1" colspan="1"><p>RJ</p></td><td rowspan="1" colspan="1"><p>SAO GONCALO</p></td><td rowspan="1" colspan="1"><p>25000600661200915</p></td></tr><tr><td rowspan="1" colspan="1"><p>2192</p></td><td rowspan="1" colspan="1"><p>28935534001109</p></td><td rowspan="1" colspan="1"><p>DIL - SIQUEIRA DROGARIAS LTDA</p></td><td rowspan="1" colspan="1"><p>RJ</p></td><td rowspan="1" colspan="1"><p>SAO JOAO DA BARRA</p></td><td rowspan="1" colspan="1"><p>25000664145200919</p></td></tr></table>]]></Texto>
  </body>
  <Midias />
</article></xml>