﻿<xml><article id="44720920" name="Aut-465_2025" idOficio="11188895" pubName="DO1" artType="Autorização" pubDate="01/08/2025" artClass="00035:00045:00048:00000:00000:00000:00000:00000:00000:00000:00012:00000" artCategory="Ministério de Minas e Energia/Agência Nacional do Petróleo, Gás Natural e Biocombustíveis/Superintendência de Distribuição e Logística" artSize="12" artNotes="" numberPage="83" pdfPage="http://pesquisa.in.gov.br/imprensa/jsp/visualiza/index.jsp?data=01/08/2025&amp;jornal=515&amp;pagina=83" editionNumber="144" highlightType="" highlightPriority="" highlight="" highlightimage="" highlightimagename="" idMateria="22944828">
  <body>
    <Identifica><![CDATA[ AUTORIZAÇÃO SDL-ANP Nº 465, DE 31 DE JULHO DE 2025]]></Identifica>
    <Data><![CDATA[]]></Data>
    <Ementa />
    <Titulo />
    <SubTitulo />
    <Texto><![CDATA[<p class="identifica">AUTORIZAÇÃO SDL-ANP Nº 465, DE 31 DE JULHO DE 2025</p><p>O SUPERINTENDENTE DE DISTRIBUIÇÃO E LOGÍSTICA da AGÊNCIA NACIONAL DO PETRÓLEO, GÁS NATURAL E BIOCOMBUSTÍVEIS - ANP, no uso das atribuições que lhe foram conferidas pela Portaria ANP nº 265, de 10 de setembro de 2020, tendo em vista o disposto na Lei nº 9.478, de 6 de agosto de 1997, considerando as disposições da Resolução ANP nº 959, de 5 de outubro de 2023, e considerando o que consta no Processo nº 48610.219328/2025-11, resolve: autorizar a empresa SUPER NOVA TRADING LTDA a exercer a atividade de agente de comércio exterior no(s) CNPJ(s) listado(s) abaixo.</p><p /><p></p><table><tr /><tr><td rowspan="1" colspan="1"><p>CNPJ</p></td></tr><tr><td rowspan="1" colspan="1"><p>01.026.604/0001-70</p></td></tr></table><p>DIOGO VALERIO</p>]]></Texto>
  </body>
  <Midias />
</article></xml>