﻿<xml><article id="44730310" name="Int_Desp_2.264_2025_DIR" idOficio="11190983" pubName="DO1" artType="Despacho" pubDate="01/08/2025" artClass="00035:00043:00021:00000:00000:00000:00000:00000:00000:00000:00024:00015" artCategory="Ministério de Minas e Energia/Agência Nacional de Energia Elétrica/Diretoria Colegiada" artSize="12" artNotes="" numberPage="71" pdfPage="http://pesquisa.in.gov.br/imprensa/jsp/visualiza/index.jsp?data=01/08/2025&amp;jornal=515&amp;pagina=71" editionNumber="144" highlightType="" highlightPriority="" highlight="" highlightimage="" highlightimagename="" idMateria="22947873">
  <body>
    <Identifica><![CDATA[ DESPACHO Nº 2.264, DE 29 DE JULHO DE 2025]]></Identifica>
    <Data><![CDATA[]]></Data>
    <Ementa />
    <Titulo />
    <SubTitulo />
    <Texto><![CDATA[<p class="identifica">DESPACHO Nº 2.264, DE 29 DE JULHO DE 2025</p><p>O DIRETOR-GERAL DA AGÊNCIA NACIONAL DE ENERGIA ELÉTRICA - ANEEL, no uso de suas atribuições regimentais, tendo em vista deliberação da Diretoria e o que consta do Processo nº 48500.022589/2025-59, decide:</p><p>conhecer e, no mérito, negar provimento ao Pedido de Medida Cautelar protocolado pela REC Bandeirantes 41 Participações S.A., cadastrada sob o CNPJ 26.166.023/0001-64 com vistas a garantir a revalidação do parecer de acesso da Unidade Consumidora da Requerente e tornar sem efeito o cancelamento do parecer de acesso emitido pelo Operador Nacional do Sistema Elétrico - ONS.</p><p class="assina">SANDOVAL DE ARAÚJO FEITOSA NETO</p>]]></Texto>
  </body>
  <Midias />
</article></xml>