﻿<xml><article id="44726060" name="16 - ATO NA 9003 DE 30 DE JULHO " idOficio="11190163" pubName="DO1" artType="Ato" pubDate="01/08/2025" artClass="00014:00019:00014:00163:00000:00000:00000:00000:00000:00000:00006:00016" artCategory="Ministério das Comunicações/Agência Nacional de Telecomunicações/Superintendência de Fiscalização/Gerência Regional nos Estados do Pará, Maranhão e Amapá" artSize="12" artNotes="" numberPage="7" pdfPage="http://pesquisa.in.gov.br/imprensa/jsp/visualiza/index.jsp?data=01/08/2025&amp;jornal=515&amp;pagina=7" editionNumber="144" highlightType="" highlightPriority="" highlight="" highlightimage="" highlightimagename="" idMateria="22946530">
  <body>
    <Identifica><![CDATA[ ATO Nº 9.003, DE 30 DE JULHO DE 2025]]></Identifica>
    <Data><![CDATA[]]></Data>
    <Ementa />
    <Titulo />
    <SubTitulo />
    <Texto><![CDATA[<p class="identifica">ATO Nº 9.003, DE 30 DE JULHO DE 2025</p><p>Processo nº 53569.001747/2025-82. Expede autorização à J P Agricola Ltda, CNPJ nº 22437853000128, para explorar o Serviço de Interesse Restrito, por prazo indeterminado, sem caráter de exclusividade, em âmbito nacional e internacional e tendo como área de prestação de serviço todo o território nacional.</p><p class="assina">Amiraldo Salgado do Amaral</p><p class="cargo">Gerente</p><p class="cargo">Substituto(a)</p>]]></Texto>
  </body>
  <Midias />
</article></xml>