﻿<xml><article id="44735915" name="Portaria FP 31 07 2025 Descreden" idOficio="11191432" pubName="DO1" artType="Despacho" pubDate="01/08/2025" artClass="00047:00039:00000:00000:00000:00000:00000:00000:00000:00000:00024:00000" artCategory="Ministério da Saúde/Secretaria de Ciência, Tecnologia e Inovação e do Complexo Econômico-Industrial da Saúde" artSize="24" artNotes="" numberPage="167" pdfPage="http://pesquisa.in.gov.br/imprensa/jsp/visualiza/index.jsp?data=01/08/2025&amp;jornal=515&amp;pagina=167" editionNumber="144" highlightType="" highlightPriority="" highlight="" highlightimage="" highlightimagename="" idMateria="22948776">
  <body>
    <Identifica />
    <Data><![CDATA[]]></Data>
    <Ementa />
    <Titulo />
    <SubTitulo />
    <Texto><![CDATA[<p /><p></p><table><tr /><tr><td rowspan="1" colspan="1"><p>3806</p></td><td rowspan="1" colspan="1"><p>04678760000456</p></td><td rowspan="1" colspan="1"><p>F T R PHARMA LTDA</p></td><td rowspan="1" colspan="1"><p>SP</p></td><td rowspan="1" colspan="1"><p>SAO JOSE DOS CAMPOS</p></td><td rowspan="1" colspan="1"><p>25000220533200801</p></td></tr><tr><td rowspan="1" colspan="1"><p>3807</p></td><td rowspan="1" colspan="1"><p>03923839000351</p></td><td rowspan="1" colspan="1"><p>FARMAVIVER EIRELI</p></td><td rowspan="1" colspan="1"><p>SP</p></td><td rowspan="1" colspan="1"><p>SAO JOSE DOS CAMPOS</p></td><td rowspan="1" colspan="1"><p>25000128890200729</p></td></tr><tr><td rowspan="1" colspan="1"><p>3808</p></td><td rowspan="1" colspan="1"><p>03923839000190</p></td><td rowspan="1" colspan="1"><p>FARMAVIVER EIRELI</p></td><td rowspan="1" colspan="1"><p>SP</p></td><td rowspan="1" colspan="1"><p>SAO JOSE DOS CAMPOS</p></td><td rowspan="1" colspan="1"><p>25000128890200729</p></td></tr><tr><td rowspan="1" colspan="1"><p>3809</p></td><td rowspan="1" colspan="1"><p>60605664010098</p></td><td rowspan="1" colspan="1"><p>RAIA S.A.</p></td><td rowspan="1" colspan="1"><p>SP</p></td><td rowspan="1" colspan="1"><p>SAO JOSE DOS CAMPOS</p></td><td rowspan="1" colspan="1"><p>25000044144200696</p></td></tr><tr><td rowspan="1" colspan="1"><p>3810</p></td><td rowspan="1" colspan="1"><p>60605664022851</p></td><td rowspan="1" colspan="1"><p>RAIA S.A.</p></td><td rowspan="1" colspan="1"><p>SP</p></td><td rowspan="1" colspan="1"><p>SAO JOSE DOS CAMPOS</p></td><td rowspan="1" colspan="1"><p>25000044144200696</p></td></tr><tr><td rowspan="1" colspan="1"><p>3811</p></td><td rowspan="1" colspan="1"><p>60605664021707</p></td><td rowspan="1" colspan="1"><p>RAIA S.A.</p></td><td rowspan="1" colspan="1"><p>SP</p></td><td rowspan="1" colspan="1"><p>SAO JOSE DOS CAMPOS</p></td><td rowspan="1" colspan="1"><p>25000044144200696</p></td></tr><tr><td rowspan="1" colspan="1"><p>3812</p></td><td rowspan="1" colspan="1"><p>60605664037379</p></td><td rowspan="1" colspan="1"><p>RAIA S.A.</p></td><td rowspan="1" colspan="1"><p>SP</p></td><td rowspan="1" colspan="1"><p>SAO JOSE DOS CAMPOS</p></td><td rowspan="1" colspan="1"><p>25000044144200696</p></td></tr><tr><td rowspan="1" colspan="1"><p>3813</p></td><td rowspan="1" colspan="1"><p>60605664014670</p></td><td rowspan="1" colspan="1"><p>RAIA S.A.</p></td><td rowspan="1" colspan="1"><p>SP</p></td><td rowspan="1" colspan="1"><p>SAO JOSE DOS CAMPOS</p></td><td rowspan="1" colspan="1"><p>25000044144200696</p></td></tr><tr><td rowspan="1" colspan="1"><p>3814</p></td><td rowspan="1" colspan="1"><p>13138181000169</p></td><td rowspan="1" colspan="1"><p>VECRYSTY PHARMA LTDA</p></td><td rowspan="1" colspan="1"><p>SP</p></td><td rowspan="1" colspan="1"><p>SAO JOSE DOS CAMPOS</p></td><td rowspan="1" colspan="1"><p>25000142913201194</p></td></tr><tr><td rowspan="1" colspan="1"><p>3815</p></td><td rowspan="1" colspan="1"><p>00063960021440</p></td><td rowspan="1" colspan="1"><p>WMB SUPERMERCADOS DO BRASIL LTDA.</p></td><td rowspan="1" colspan="1"><p>SP</p></td><td rowspan="1" colspan="1"><p>SAO JOSE DOS CAMPOS</p></td><td rowspan="1" colspan="1"><p>25000086421201292</p></td></tr><tr><td rowspan="1" colspan="1"><p>3816</p></td><td rowspan="1" colspan="1"><p>51030203000161</p></td><td rowspan="1" colspan="1"><p>ADRIANE MARIA ZANATEL RIBEIRO MASSARICO &amp; CIA LTDA</p></td><td rowspan="1" colspan="1"><p>SP</p></td><td rowspan="1" colspan="1"><p>SAO MANUEL</p></td><td rowspan="1" colspan="1"><p>25000112627201013</p></td></tr><tr><td rowspan="1" colspan="1"><p>3817</p></td><td rowspan="1" colspan="1"><p>17229672000176</p></td><td rowspan="1" colspan="1"><p>BRIGIDA CAROLINA RIBEIRO DE BARROS</p></td><td rowspan="1" colspan="1"><p>SP</p></td><td rowspan="1" colspan="1"><p>SAO MANUEL</p></td><td rowspan="1" colspan="1"><p>25000025602201323</p></td></tr><tr><td rowspan="1" colspan="1"><p>3818</p></td><td rowspan="1" colspan="1"><p>08877465000307</p></td><td rowspan="1" colspan="1"><p>DROGARIA FRANCHIN &amp; CHRISTOFARO LTDA</p></td><td rowspan="1" colspan="1"><p>SP</p></td><td rowspan="1" colspan="1"><p>SAO MANUEL</p></td><td rowspan="1" colspan="1"><p>25000202420200815</p></td></tr><tr><td rowspan="1" colspan="1"><p>3819</p></td><td rowspan="1" colspan="1"><p>03648439000113</p></td><td rowspan="1" colspan="1"><p>A2Z COMERCIO E SERVICOS LTDA</p></td><td rowspan="1" colspan="1"><p>SP</p></td><td rowspan="1" colspan="1"><p>SAO PAULO</p></td><td rowspan="1" colspan="1"><p>25000066800200618</p></td></tr><tr><td rowspan="1" colspan="1"><p>3820</p></td><td rowspan="1" colspan="1"><p>06266262000189</p></td><td rowspan="1" colspan="1"><p>AGUIA FARMA FARMACEUTICA EIRELI</p></td><td rowspan="1" colspan="1"><p>SP</p></td><td rowspan="1" colspan="1"><p>SAO PAULO</p></td><td rowspan="1" colspan="1"><p>25000013893201145</p></td></tr><tr><td rowspan="1" colspan="1"><p>3821</p></td><td rowspan="1" colspan="1"><p>08633061000440</p></td><td rowspan="1" colspan="1"><p>ALTO TIETE PROMOCAO DE VENDAS LTDA</p></td><td rowspan="1" colspan="1"><p>SP</p></td><td rowspan="1" colspan="1"><p>SAO PAULO</p></td><td rowspan="1" colspan="1"><p>25000000750200959</p></td></tr><tr><td rowspan="1" colspan="1"><p>3822</p></td><td rowspan="1" colspan="1"><p>08633061000289</p></td><td rowspan="1" colspan="1"><p>ALTO TIETE PROMOCAO DE VENDAS LTDA</p></td><td rowspan="1" colspan="1"><p>SP</p></td><td rowspan="1" colspan="1"><p>SAO PAULO</p></td><td rowspan="1" colspan="1"><p>25000000750200959</p></td></tr><tr><td rowspan="1" colspan="1"><p>3823</p></td><td rowspan="1" colspan="1"><p>02391701000124</p></td><td rowspan="1" colspan="1"><p>ARP MED S.A.</p></td><td rowspan="1" colspan="1"><p>SP</p></td><td rowspan="1" colspan="1"><p>SAO PAULO</p></td><td rowspan="1" colspan="1"><p>25000066671200668</p></td></tr><tr><td rowspan="1" colspan="1"><p>3824</p></td><td rowspan="1" colspan="1"><p>12846956001836</p></td><td rowspan="1" colspan="1"><p>ASSOCIACAO AFAM DE ASSISTENCIA FARMACEUTICA</p></td><td rowspan="1" colspan="1"><p>SP</p></td><td rowspan="1" colspan="1"><p>SAO PAULO</p></td><td rowspan="1" colspan="1"><p>25000226467201331</p></td></tr><tr><td rowspan="1" colspan="1"><p>3825</p></td><td rowspan="1" colspan="1"><p>13782245001565</p></td><td rowspan="1" colspan="1"><p>BR FARMACEUTICA LTDA</p></td><td rowspan="1" colspan="1"><p>SP</p></td><td rowspan="1" colspan="1"><p>SAO PAULO</p></td><td rowspan="1" colspan="1"><p>25000144754201243</p></td></tr><tr><td rowspan="1" colspan="1"><p>3826</p></td><td rowspan="1" colspan="1"><p>47508411119129</p></td><td rowspan="1" colspan="1"><p>COMPANHIA BRASILEIRA DE DISTRIBUICAO</p></td><td rowspan="1" colspan="1"><p>SP</p></td><td rowspan="1" colspan="1"><p>SAO PAULO</p></td><td rowspan="1" colspan="1"><p>25000078311200617</p></td></tr><tr><td rowspan="1" colspan="1"><p>3827</p></td><td rowspan="1" colspan="1"><p>47508411118408</p></td><td rowspan="1" colspan="1"><p>COMPANHIA BRASILEIRA DE DISTRIBUICAO</p></td><td rowspan="1" colspan="1"><p>SP</p></td><td rowspan="1" colspan="1"><p>SAO PAULO</p></td><td rowspan="1" colspan="1"><p>25000078311200617</p></td></tr><tr><td rowspan="1" colspan="1"><p>3828</p></td><td rowspan="1" colspan="1"><p>47508411127067</p></td><td rowspan="1" colspan="1"><p>COMPANHIA BRASILEIRA DE DISTRIBUICAO</p></td><td rowspan="1" colspan="1"><p>SP</p></td><td rowspan="1" colspan="1"><p>SAO PAULO</p></td><td rowspan="1" colspan="1"><p>25000078311200617</p></td></tr><tr><td rowspan="1" colspan="1"><p>3829</p></td><td rowspan="1" colspan="1"><p>47508411119048</p></td><td rowspan="1" colspan="1"><p>COMPANHIA BRASILEIRA DE DISTRIBUICAO</p></td><td rowspan="1" colspan="1"><p>SP</p></td><td rowspan="1" colspan="1"><p>SAO PAULO</p></td><td rowspan="1" colspan="1"><p>25000078311200617</p></td></tr><tr><td rowspan="1" colspan="1"><p>3830</p></td><td rowspan="1" colspan="1"><p>47508411122693</p></td><td rowspan="1" colspan="1"><p>COMPANHIA BRASILEIRA DE DISTRIBUICAO</p></td><td rowspan="1" colspan="1"><p>SP</p></td><td rowspan="1" colspan="1"><p>SAO PAULO</p></td><td rowspan="1" colspan="1"><p>25000078311200617</p></td></tr><tr><td rowspan="1" colspan="1"><p>3831</p></td><td rowspan="1" colspan="1"><p>47508411142457</p></td><td rowspan="1" colspan="1"><p>COMPANHIA BRASILEIRA DE DISTRIBUICAO</p></td><td rowspan="1" colspan="1"><p>SP</p></td><td rowspan="1" colspan="1"><p>SAO PAULO</p></td><td rowspan="1" colspan="1"><p>25000078311200617</p></td></tr><tr><td rowspan="1" colspan="1"><p>3832</p></td><td rowspan="1" colspan="1"><p>47508411120640</p></td><td rowspan="1" colspan="1"><p>COMPANHIA BRASILEIRA DE DISTRIBUICAO</p></td><td rowspan="1" colspan="1"><p>SP</p></td><td rowspan="1" colspan="1"><p>SAO PAULO</p></td><td rowspan="1" colspan="1"><p>25000078311200617</p></td></tr><tr><td rowspan="1" colspan="1"><p>3833</p></td><td rowspan="1" colspan="1"><p>47508411138425</p></td><td rowspan="1" colspan="1"><p>COMPANHIA BRASILEIRA DE DISTRIBUICAO</p></td><td rowspan="1" colspan="1"><p>SP</p></td><td rowspan="1" colspan="1"><p>SAO PAULO</p></td><td rowspan="1" colspan="1"><p>25000078311200617</p></td></tr><tr><td rowspan="1" colspan="1"><p>3834</p></td><td rowspan="1" colspan="1"><p>47508411117690</p></td><td rowspan="1" colspan="1"><p>COMPANHIA BRASILEIRA DE DISTRIBUICAO</p></td><td rowspan="1" colspan="1"><p>SP</p></td><td rowspan="1" colspan="1"><p>SAO PAULO</p></td><td rowspan="1" colspan="1"><p>25000078311200617</p></td></tr><tr><td rowspan="1" colspan="1"><p>3835</p></td><td rowspan="1" colspan="1"><p>47508411133628</p></td><td rowspan="1" colspan="1"><p>COMPANHIA BRASILEIRA DE DISTRIBUICAO</p></td><td rowspan="1" colspan="1"><p>SP</p></td><td rowspan="1" colspan="1"><p>SAO PAULO</p></td><td rowspan="1" colspan="1"><p>25000078311200617</p></td></tr><tr><td rowspan="1" colspan="1"><p>3836</p></td><td rowspan="1" colspan="1"><p>47508411148307</p></td><td rowspan="1" colspan="1"><p>COMPANHIA BRASILEIRA DE DISTRIBUICAO</p></td><td rowspan="1" colspan="1"><p>SP</p></td><td rowspan="1" colspan="1"><p>SAO PAULO</p></td><td rowspan="1" colspan="1"><p>25000078311200617</p></td></tr><tr><td rowspan="1" colspan="1"><p>3837</p></td><td rowspan="1" colspan="1"><p>47508411120488</p></td><td rowspan="1" colspan="1"><p>COMPANHIA BRASILEIRA DE DISTRIBUICAO</p></td><td rowspan="1" colspan="1"><p>SP</p></td><td rowspan="1" colspan="1"><p>SAO PAULO</p></td><td rowspan="1" colspan="1"><p>25000078311200617</p></td></tr><tr><td rowspan="1" colspan="1"><p>3838</p></td><td rowspan="1" colspan="1"><p>47508411123908</p></td><td rowspan="1" colspan="1"><p>COMPANHIA BRASILEIRA DE DISTRIBUICAO</p></td><td rowspan="1" colspan="1"><p>SP</p></td><td rowspan="1" colspan="1"><p>SAO PAULO</p></td><td rowspan="1" colspan="1"><p>25000078311200617</p></td></tr><tr><td rowspan="1" colspan="1"><p>3839</p></td><td rowspan="1" colspan="1"><p>47508411124122</p></td><td rowspan="1" colspan="1"><p>COMPANHIA BRASILEIRA DE DISTRIBUICAO</p></td><td rowspan="1" colspan="1"><p>SP</p></td><td rowspan="1" colspan="1"><p>SAO PAULO</p></td><td rowspan="1" colspan="1"><p>25000078311200617</p></td></tr><tr><td rowspan="1" colspan="1"><p>3840</p></td><td rowspan="1" colspan="1"><p>47508411121964</p></td><td rowspan="1" colspan="1"><p>COMPANHIA BRASILEIRA DE DISTRIBUICAO</p></td><td rowspan="1" colspan="1"><p>SP</p></td><td rowspan="1" colspan="1"><p>SAO PAULO</p></td><td rowspan="1" colspan="1"><p>25000078311200617</p></td></tr><tr><td rowspan="1" colspan="1"><p>3841</p></td><td rowspan="1" colspan="1"><p>42225938008568</p></td><td rowspan="1" colspan="1"><p>CSB DROGARIAS S/A</p></td><td rowspan="1" colspan="1"><p>SP</p></td><td rowspan="1" colspan="1"><p>SAO PAULO</p></td><td rowspan="1" colspan="1"><p>25000055287200630</p></td></tr><tr><td rowspan="1" colspan="1"><p>3842</p></td><td rowspan="1" colspan="1"><p>42225938008649</p></td><td rowspan="1" colspan="1"><p>CSB DROGARIAS S/A</p></td><td rowspan="1" colspan="1"><p>SP</p></td><td rowspan="1" colspan="1"><p>SAO PAULO</p></td><td rowspan="1" colspan="1"><p>25000055287200630</p></td></tr><tr><td rowspan="1" colspan="1"><p>3843</p></td><td rowspan="1" colspan="1"><p>42225938009700</p></td><td rowspan="1" colspan="1"><p>CSB DROGARIAS S/A</p></td><td rowspan="1" colspan="1"><p>SP</p></td><td rowspan="1" colspan="1"><p>SAO PAULO</p></td><td rowspan="1" colspan="1"><p>25000055287200630</p></td></tr><tr><td rowspan="1" colspan="1"><p>3844</p></td><td rowspan="1" colspan="1"><p>02743218000676</p></td><td rowspan="1" colspan="1"><p>DROGA EX LTDA FALIDO</p></td><td rowspan="1" colspan="1"><p>SP</p></td><td rowspan="1" colspan="1"><p>SAO PAULO</p></td><td rowspan="1" colspan="1"><p>25000564771200906</p></td></tr><tr><td rowspan="1" colspan="1"><p>3845</p></td><td rowspan="1" colspan="1"><p>02743218005392</p></td><td rowspan="1" colspan="1"><p>DROGA EX LTDA FALIDO</p></td><td rowspan="1" colspan="1"><p>SP</p></td><td rowspan="1" colspan="1"><p>SAO PAULO</p></td><td rowspan="1" colspan="1"><p>25000564771200906</p></td></tr><tr><td rowspan="1" colspan="1"><p>3846</p></td><td rowspan="1" colspan="1"><p>02743218000242</p></td><td rowspan="1" colspan="1"><p>DROGA EX LTDA FALIDO</p></td><td rowspan="1" colspan="1"><p>SP</p></td><td rowspan="1" colspan="1"><p>SAO PAULO</p></td><td rowspan="1" colspan="1"><p>25000564771200906</p></td></tr><tr><td rowspan="1" colspan="1"><p>3847</p></td><td rowspan="1" colspan="1"><p>02743218001214</p></td><td rowspan="1" colspan="1"><p>DROGA EX LTDA FALIDO</p></td><td rowspan="1" colspan="1"><p>SP</p></td><td rowspan="1" colspan="1"><p>SAO PAULO</p></td><td rowspan="1" colspan="1"><p>25000564771200906</p></td></tr><tr><td rowspan="1" colspan="1"><p>3848</p></td><td rowspan="1" colspan="1"><p>02743218004582</p></td><td rowspan="1" colspan="1"><p>DROGA EX LTDA FALIDO</p></td><td rowspan="1" colspan="1"><p>SP</p></td><td rowspan="1" colspan="1"><p>SAO PAULO</p></td><td rowspan="1" colspan="1"><p>25000564771200906</p></td></tr><tr><td rowspan="1" colspan="1"><p>3849</p></td><td rowspan="1" colspan="1"><p>02743218001486</p></td><td rowspan="1" colspan="1"><p>DROGA EX LTDA FALIDO</p></td><td rowspan="1" colspan="1"><p>SP</p></td><td rowspan="1" colspan="1"><p>SAO PAULO</p></td><td rowspan="1" colspan="1"><p>25000564771200906</p></td></tr><tr><td rowspan="1" colspan="1"><p>3850</p></td><td rowspan="1" colspan="1"><p>61366548000144</p></td><td rowspan="1" colspan="1"><p>DROGA NOVA ATALIBA LTDA</p></td><td rowspan="1" colspan="1"><p>SP</p></td><td rowspan="1" colspan="1"><p>SAO PAULO</p></td><td rowspan="1" colspan="1"><p>25000128556201232</p></td></tr><tr><td rowspan="1" colspan="1"><p>3851</p></td><td rowspan="1" colspan="1"><p>60988128000137</p></td><td rowspan="1" colspan="1"><p>DROGABIA LTDA</p></td><td rowspan="1" colspan="1"><p>SP</p></td><td rowspan="1" colspan="1"><p>SAO PAULO</p></td><td rowspan="1" colspan="1"><p>25000143934201399</p></td></tr><tr><td rowspan="1" colspan="1"><p>3852</p></td><td rowspan="1" colspan="1"><p>61619250000107</p></td><td rowspan="1" colspan="1"><p>DROGARIA BIGFARMA LTDA</p></td><td rowspan="1" colspan="1"><p>SP</p></td><td rowspan="1" colspan="1"><p>SAO PAULO</p></td><td rowspan="1" colspan="1"><p>25000091987200698</p></td></tr><tr><td rowspan="1" colspan="1"><p>3853</p></td><td rowspan="1" colspan="1"><p>05239590000123</p></td><td rowspan="1" colspan="1"><p>DROGARIA E PERFUMARIA BOLA LTDA</p></td><td rowspan="1" colspan="1"><p>SP</p></td><td rowspan="1" colspan="1"><p>SAO PAULO</p></td><td rowspan="1" colspan="1"><p>25000023759200938</p></td></tr><tr><td rowspan="1" colspan="1"><p>3854</p></td><td rowspan="1" colspan="1"><p>05366860000167</p></td><td rowspan="1" colspan="1"><p>DROGARIA E PERFUMARIA ITAIM LTDA</p></td><td rowspan="1" colspan="1"><p>SP</p></td><td rowspan="1" colspan="1"><p>SAO PAULO</p></td><td rowspan="1" colspan="1"><p>25000186263200621</p></td></tr><tr><td rowspan="1" colspan="1"><p>3855</p></td><td rowspan="1" colspan="1"><p>08015531000160</p></td><td rowspan="1" colspan="1"><p>DROGARIA E PERFUMARIA LAET LTDA</p></td><td rowspan="1" colspan="1"><p>SP</p></td><td rowspan="1" colspan="1"><p>SAO PAULO</p></td><td rowspan="1" colspan="1"><p>25000138269201150</p></td></tr><tr><td rowspan="1" colspan="1"><p>3856</p></td><td rowspan="1" colspan="1"><p>05312416000169</p></td><td rowspan="1" colspan="1"><p>DROGARIA E PERFUMARIA LUA LTDA</p></td><td rowspan="1" colspan="1"><p>SP</p></td><td rowspan="1" colspan="1"><p>SAO PAULO</p></td><td rowspan="1" colspan="1"><p>25000186050200608</p></td></tr><tr><td rowspan="1" colspan="1"><p>3857</p></td><td rowspan="1" colspan="1"><p>05117289000147</p></td><td rowspan="1" colspan="1"><p>DROGARIA E PERFUMARIA SMEL LTDA</p></td><td rowspan="1" colspan="1"><p>SP</p></td><td rowspan="1" colspan="1"><p>SAO PAULO</p></td><td rowspan="1" colspan="1"><p>25000097698200601</p></td></tr><tr><td rowspan="1" colspan="1"><p>3858</p></td><td rowspan="1" colspan="1"><p>05780280000111</p></td><td rowspan="1" colspan="1"><p>DROGARIA E PERFUMARIA UNIVERSO LTDA</p></td><td rowspan="1" colspan="1"><p>SP</p></td><td rowspan="1" colspan="1"><p>SAO PAULO</p></td><td rowspan="1" colspan="1"><p>25000186138200611</p></td></tr><tr><td rowspan="1" colspan="1"><p>3859</p></td><td rowspan="1" colspan="1"><p>17188584000173</p></td><td rowspan="1" colspan="1"><p>DROGARIA ECONOMICA POPULAR LESTE EIRELI</p></td><td rowspan="1" colspan="1"><p>SP</p></td><td rowspan="1" colspan="1"><p>SAO PAULO</p></td><td rowspan="1" colspan="1"><p>25000085193201586</p></td></tr><tr><td rowspan="1" colspan="1"><p>3860</p></td><td rowspan="1" colspan="1"><p>00560126000110</p></td><td rowspan="1" colspan="1"><p>DROGARIA JARDIM ANTARTICA LTDA</p></td><td rowspan="1" colspan="1"><p>SP</p></td><td rowspan="1" colspan="1"><p>SAO PAULO</p></td><td rowspan="1" colspan="1"><p>25000055648200648</p></td></tr><tr><td rowspan="1" colspan="1"><p>3861</p></td><td rowspan="1" colspan="1"><p>04290372000150</p></td><td rowspan="1" colspan="1"><p>DROGARIA JONAS LTDA</p></td><td rowspan="1" colspan="1"><p>SP</p></td><td rowspan="1" colspan="1"><p>SAO PAULO</p></td><td rowspan="1" colspan="1"><p>25000217842201018</p></td></tr><tr><td rowspan="1" colspan="1"><p>3862</p></td><td rowspan="1" colspan="1"><p>04916123000128</p></td><td rowspan="1" colspan="1"><p>DROGARIA LARGO ANA ROSA LTDA</p></td><td rowspan="1" colspan="1"><p>SP</p></td><td rowspan="1" colspan="1"><p>SAO PAULO</p></td><td rowspan="1" colspan="1"><p>25000221144200894</p></td></tr><tr><td rowspan="1" colspan="1"><p>3863</p></td><td rowspan="1" colspan="1"><p>64667470000196</p></td><td rowspan="1" colspan="1"><p>DROGARIA LEV MAIS LTDA</p></td><td rowspan="1" colspan="1"><p>SP</p></td><td rowspan="1" colspan="1"><p>SAO PAULO</p></td><td rowspan="1" colspan="1"><p>25000037904200968</p></td></tr><tr><td rowspan="1" colspan="1"><p>3864</p></td><td rowspan="1" colspan="1"><p>09608890000193</p></td><td rowspan="1" colspan="1"><p>DROGARIA MAGNATA LTDA</p></td><td rowspan="1" colspan="1"><p>SP</p></td><td rowspan="1" colspan="1"><p>SAO PAULO</p></td><td rowspan="1" colspan="1"><p>25000049144200931</p></td></tr><tr><td rowspan="1" colspan="1"><p>3865</p></td><td rowspan="1" colspan="1"><p>02277152000161</p></td><td rowspan="1" colspan="1"><p>DROGARIA MESSIANO LTDA</p></td><td rowspan="1" colspan="1"><p>SP</p></td><td rowspan="1" colspan="1"><p>SAO PAULO</p></td><td rowspan="1" colspan="1"><p>25000041271201115</p></td></tr><tr><td rowspan="1" colspan="1"><p>3866</p></td><td rowspan="1" colspan="1"><p>68219294000180</p></td><td rowspan="1" colspan="1"><p>DROGARIA MILLE LTDA</p></td><td rowspan="1" colspan="1"><p>SP</p></td><td rowspan="1" colspan="1"><p>SAO PAULO</p></td><td rowspan="1" colspan="1"><p>25000163403201231</p></td></tr><tr><td rowspan="1" colspan="1"><p>3867</p></td><td rowspan="1" colspan="1"><p>43375971000129</p></td><td rowspan="1" colspan="1"><p>DROGARIA NOVA CANTAREIRA LTDA</p></td><td rowspan="1" colspan="1"><p>SP</p></td><td rowspan="1" colspan="1"><p>SAO PAULO</p></td><td rowspan="1" colspan="1"><p>25000052595200611</p></td></tr></table>]]></Texto>
  </body>
  <Midias />
</article></xml>