﻿<xml><article id="44730292" name="Res_REA_16.328_2025_SCE" idOficio="11190983" pubName="DO1" artType="Resolução" pubDate="01/08/2025" artClass="00035:00043:00021:00000:00000:00000:00000:00000:00000:00000:00024:00003" artCategory="Ministério de Minas e Energia/Agência Nacional de Energia Elétrica/Diretoria Colegiada" artSize="12" artNotes="" numberPage="70" pdfPage="http://pesquisa.in.gov.br/imprensa/jsp/visualiza/index.jsp?data=01/08/2025&amp;jornal=515&amp;pagina=70" editionNumber="144" highlightType="" highlightPriority="" highlight="" highlightimage="" highlightimagename="" idMateria="22947782">
  <body>
    <Identifica><![CDATA[ RESOLUÇÃO AUTORIZATIVA Nº 16.328, DE 29 DE JULHO DE 2025]]></Identifica>
    <Data><![CDATA[]]></Data>
    <Ementa />
    <Titulo />
    <SubTitulo />
    <Texto><![CDATA[<p class="identifica">RESOLUÇÃO AUTORIZATIVA Nº 16.328, DE 29 DE JULHO DE 2025</p><p>O DIRETOR-GERAL DA AGÊNCIA NACIONAL DE ENERGIA ELÉTRICA - ANEEL, com base no art. 16, IV, do Regimento Interno da ANEEL, resolve:</p><p>Processo nº: 48500.021684/2025-35. Interessado: Light Serviços de Eletricidade S.A., CNPJ nº 60.444.437/0001-46. Objeto: Declarar de utilidade pública, para instituição de servidão administrativa, em favor da interessada, as áreas de terra de 25 (vinte e cinco) metros de largura, cada, necessárias à passagem da Linha de Distribuição GLP Duque de Caxias C1/C2, circuito duplo, 138 kV, com aproximadamente 1,9 (um vírgula nove) quilômetros e 103 (cento e três) metros de extensão, que interligará a Linha de Distribuição Vilar dos Teles - São José - Rio da Cidade e a Linha de Distribuição Ilha dos Pombos - São José à Subestação GLP Duque de Caxias, localizadas no município de Duque de Caxias, estado do Rio de Janeiro. A íntegra desta Resolução consta dos autos e encontra-se disponível no endereço eletrônico http://biblioteca.aneel.gov.br.</p><p class="assina">SANDOVAL DE ARAÚJO FEITOSA NETO</p>]]></Texto>
  </body>
  <Midias />
</article></xml>