﻿<xml><article id="44722082" name="DECISAO SUPAS 1117" idOficio="11189139" pubName="DO1" artType="Decisão" pubDate="01/08/2025" artClass="00050:00019:00052:00000:00000:00000:00000:00000:00000:00000:00018:00000" artCategory="Ministério dos Transportes/Agência Nacional de Transportes Terrestres/Superintendência de Serviços de Transporte Rodoviário de Passageiros" artSize="24" artNotes="" numberPage="191" pdfPage="http://pesquisa.in.gov.br/imprensa/jsp/visualiza/index.jsp?data=01/08/2025&amp;jornal=515&amp;pagina=191" editionNumber="144" highlightType="" highlightPriority="" highlight="" highlightimage="" highlightimagename="" idMateria="22945103">
  <body>
    <Identifica><![CDATA[ DECISÃO SUPAS Nº 1.117, DE 25 DE JULHO DE 2025]]></Identifica>
    <Data><![CDATA[]]></Data>
    <Ementa />
    <Titulo />
    <SubTitulo />
    <Texto><![CDATA[<p class="identifica">DECISÃO SUPAS Nº 1.117, DE 25 DE JULHO DE 2025</p><p>O Superintendente de Serviços de Transporte Rodoviário de Passageiros da Agência Nacional de Transportes Terrestres - ANTT, no uso de suas atribuições, em conformidade com o art. 3º e o inciso XII do art. 8º, ambos do Anexo da Resolução nº 5.818, de 3 de maio de 2018, e considerando o que consta no processo nº 50500.038261/2025-04, decide:</p><p>Art. 1º Autorizar as empresas relacionadas no Anexo desta Decisão para a prestação do serviço de transporte rodoviário coletivo interestadual e internacional de passageiros realizado em regime de fretamento.</p><p>Art. 2º As autorizatárias deverão observar as condições previstas na Resolução ANTT nº 4.777, de 6 de julho de 2015, e demais normativos relacionados à prestação dos serviços de transporte rodoviário coletivo interestadual e internacional de passageiros realizado em regime de fretamento.</p><p>Art. 3º A não observância do art. 9º da Resolução ANTT nº 4.777, de 2015, implica renúncia da autorização delegada pela ANTT.</p><p>Art. 4º Será declarada a nulidade do Termo de Autorização, quando verificada a ilegalidade do ato, impedindo os efeitos jurídicos que ordinariamente deveriam produzir, além de desconstituir os já produzidos, respeitados o princípio da ampla defesa e do contraditório.</p><p>Art. 5º A autorização poderá ser extinta mediante cassação, em caso de perda das condições indispensáveis ao cumprimento do objeto da autorização ou infração grave, apuradas em processo regular instaurado conforme disposto em resolução.</p><p>Art. 6º A não observância do disposto nesta Decisão implicará a aplicação das sanções previstas em resolução específica.</p><p>Art. 7º Será disponibilizado às autorizatárias o acesso ao sistema para a emissão das licenças de viagem a partir da data de publicação desta Decisão.</p><p>Art. 8º Esta Decisão entra em vigor na data de sua publicação.</p><p class="assina">JULIANO DE BARROS SAMÔR</p><p class="anexo">ANEXO</p><p /><p></p><table><tr /><tr><td rowspan="1" colspan="1"><p>RAZÃO SOCIAL</p></td><td rowspan="1" colspan="1"><p>TAF</p></td><td rowspan="1" colspan="1"><p>CNPJ</p></td></tr><tr><td rowspan="1" colspan="1"><p>CEZAR TRANSPORTE E TURISMO LTDA</p></td><td rowspan="1" colspan="1"><p>429707</p></td><td rowspan="1" colspan="1"><p>23.471.922/0001-82</p></td></tr><tr><td rowspan="1" colspan="1"><p>COLMEIA TURISMO LTDA</p></td><td rowspan="1" colspan="1"><p>010391</p></td><td rowspan="1" colspan="1"><p>60.672.459/0001-63</p></td></tr><tr><td rowspan="1" colspan="1"><p>COOPERVANS COOPERATIVA DOS CONDUTORES AUTONOMOS DE TRANSPORTE COLETIVO DE PASSAGEIROS DO ESTADO DA PARAIBA</p></td><td rowspan="1" colspan="1"><p>002202</p></td><td rowspan="1" colspan="1"><p>04.429.652/0001-05</p></td></tr><tr><td rowspan="1" colspan="1"><p>DILSON DONIZETI DE PAULA NETO LTDA</p></td><td rowspan="1" colspan="1"><p>010392</p></td><td rowspan="1" colspan="1"><p>60.684.648/0001-56</p></td></tr><tr><td rowspan="1" colspan="1"><p>DM TRANSPORTE LTDA</p></td><td rowspan="1" colspan="1"><p>010393</p></td><td rowspan="1" colspan="1"><p>33.831.688/0001-00</p></td></tr><tr><td rowspan="1" colspan="1"><p>LIDERTUR TRANSPORTES ITARARE LTDA</p></td><td rowspan="1" colspan="1"><p>005986</p></td><td rowspan="1" colspan="1"><p>22.087.403/0001-52</p></td></tr><tr><td rowspan="1" colspan="1"><p>MARCIA MARCELINO REDIVO LTDA</p></td><td rowspan="1" colspan="1"><p>010394</p></td><td rowspan="1" colspan="1"><p>23.605.817/0001-99</p></td></tr><tr><td rowspan="1" colspan="1"><p>MD TURISMO E FRETAMENTO LTDA</p></td><td rowspan="1" colspan="1"><p>010395</p></td><td rowspan="1" colspan="1"><p>61.473.132/0001-25</p></td></tr><tr><td rowspan="1" colspan="1"><p>R DE C DOS SANTOS TRANSPORTES LTDA</p></td><td rowspan="1" colspan="1"><p>010396</p></td><td rowspan="1" colspan="1"><p>12.696.965/0001-40</p></td></tr><tr><td rowspan="1" colspan="1"><p>ROTAMAR TRANSPORTE E TURISMO LTDA</p></td><td rowspan="1" colspan="1"><p>010397</p></td><td rowspan="1" colspan="1"><p>61.288.576/0001-90</p></td></tr><tr><td rowspan="1" colspan="1"><p>S. S. COSTA &amp; CIA LTDA</p></td><td rowspan="1" colspan="1"><p>010398</p></td><td rowspan="1" colspan="1"><p>11.845.902/0001-45</p></td></tr><tr><td rowspan="1" colspan="1"><p>SARAIVA CASA VERDE LTDA</p></td><td rowspan="1" colspan="1"><p>010399</p></td><td rowspan="1" colspan="1"><p>51.074.929/0001-04</p></td></tr><tr><td rowspan="1" colspan="1"><p>TAIP TUR LTDA</p></td><td rowspan="1" colspan="1"><p>010400</p></td><td rowspan="1" colspan="1"><p>61.591.963/0001-00</p></td></tr></table>]]></Texto>
  </body>
  <Midias />
</article></xml>