﻿<xml><article id="44732790" name="resolucao_2887_2025 COAFE" idOficio="11191268" pubName="DO1" artType="Resolução" pubDate="01/08/2025" artClass="00047:00048:00016:00006:00002:00000:00000:00000:00000:00000:00064:32887" artCategory="Ministério da Saúde/Agência Nacional de Vigilância Sanitária/4ª Diretoria/Gerência-Geral de Inspeção e Fiscalização Sanitária/Coordenação de Autorização de Funcionamento de Empresas" artSize="12" artNotes="" numberPage="178" pdfPage="http://pesquisa.in.gov.br/imprensa/jsp/visualiza/index.jsp?data=01/08/2025&amp;jornal=515&amp;pagina=178" editionNumber="144" highlightType="" highlightPriority="" highlight="" highlightimage="" highlightimagename="" idMateria="22948506">
  <body>
    <Identifica><![CDATA[ RESOLUÇÃO-RE Nº 2.887, DE 31 de julho DE 2025]]></Identifica>
    <Data><![CDATA[]]></Data>
    <Ementa />
    <Titulo />
    <SubTitulo />
    <Texto><![CDATA[<p class="identifica">RESOLUÇÃO-RE Nº 2.887, DE 31 de julho DE 2025</p><p>O COORDENADOR DE AUTORIZAÇÃO DE FUNCIONAMENTO DE EMPRESAS DA AGÊNCIA NACIONAL DE VIGILÂNCIA SANITÁRIA, no uso das atribuições que lhe confere o art. 144, aliado ao art. 203, I, §1° do Regimento Interno aprovado pela Resolução da Diretoria Colegiada - RDC n° 585, de 10 de dezembro de 2021, resolve:</p><p>Art. 1º. Cancelar as Autorizações de Funcionamento e Autorizações Especiais constantes no anexo desta Resolução.</p><p>Art. 2º Esta Resolução entra em vigor na data de sua publicação.</p><p class="assina">DANIEL MARCOS PEREIRA DOURADO</p><p class="anexo">ANEXO</p><p>FRANSUL INDÚSTRIA E COMÉRCIO DE QUÍMICAS LTDA EPP / 80.661.580/0001-05</p><p>25351.655118/2015-14 / 3066331</p><p>70574 - AFE/AE - Cancelamento de Ofício / 0274889244</p><p>MOTIVO DO CANCELAMENTO:</p><p>Ofício nº 24/2024/SES/GEIMP/DICOS, emitido pela Secretaria Estadual de Santa Catarina, e não cumprimento da Notificação de Exigência nº 0274904/24-1.</p><p>--------------------------------------</p><p>SS MEDICAMENTAL PHARMA LTDA / 04.916.468/0001-81</p><p>25351.294257/2013-96 / 0953161</p><p>7044 - AFE - CANCELAMENTO - FARMÁCIAS E DROGARIAS / 0981520251</p><p>MOTIVO DO CANCELAMENTO:</p><p>Cancelamento a pedido da empresa.</p><p>--------------------------------------</p><p>JOFADEL IND FTCA SA / 17.843.582/0001-70</p><p>250000491877 / 1000529</p><p>70574 - AFE/AE - Cancelamento de Ofício / 0270262242</p><p>MOTIVO DO CANCELAMENTO:</p><p>Ofício SES/SUBVS-SVS-DVMC nº 174/2024, emitido pela Secretaria Estadual de Saúde de Minas Gerais, e não cumprimento da Notificação de Exigência nº 0270265/24-7.</p><p>250000616377 / 2001138</p><p>70574 - AFE/AE - Cancelamento de Ofício / 0270328249</p><p>MOTIVO DO CANCELAMENTO:</p><p>Ofício SES/SUBVS-SVS-DVMC nº 174/2024, emitido pela Secretaria Estadual de Saúde de Minas Gerais, e não cumprimento da Notificação de Exigência nº 0270331/24-9.</p>]]></Texto>
  </body>
  <Midias />
</article></xml>