﻿<xml><article id="44728554" name="Portaria-SISA-33-2025" idOficio="11190711" pubName="DO1" artType="Portaria" pubDate="01/08/2025" artClass="00008:00002:00011:00000:00000:00000:00000:00000:00000:00000:00054:00000" artCategory="Ministério da Agricultura e Pecuária/Secretaria Executiva/Superintendência de Agricultura e Pecuária do Estado de Alagoas" artSize="12" artNotes="" numberPage="1" pdfPage="http://pesquisa.in.gov.br/imprensa/jsp/visualiza/index.jsp?data=01/08/2025&amp;jornal=515&amp;pagina=1" editionNumber="144" highlightType="" highlightPriority="" highlight="" highlightimage="" highlightimagename="" idMateria="22947366">
  <body>
    <Identifica><![CDATA[ PORTARIA SISA-AL/MAPA Nº 33, DE 31 DE JULHO DE 2025]]></Identifica>
    <Data><![CDATA[]]></Data>
    <Ementa />
    <Titulo />
    <SubTitulo />
    <Texto><![CDATA[<p class="identifica">PORTARIA SISA-AL/MAPA Nº 33, DE 31 DE JULHO DE 2025</p><p>O Superintendente de Agricultura e Pecuária no estado de Alagoas nomeado pela Portaria SE nº 1.7195, publicada no Diário Oficial da União, de 13 de julho de 2023, no uso de suas atribuições que lhe confere o inciso VII, artigo 292, do Regimento Interno da Secretaria Executiva, aprovado pela Portaria Ministerial nº 561, de 11 de abril de 2018, publicado na seção 1 do Diário Oficial da União, de 13 de abril de 2018,</p><p>CONSIDERANDO os Artigos 4º e 5º da Instrução Normativa nº 6, de 16 de janeiro de 2018;</p><p>CONSIDERANDO o constante dos autos do processo nº 21006.000711/2025-61; resolve:</p><p>Art. 1º Habilitar o(a) médico(a) veterinário (a) NICOLE PAULO DO NASCIMENTO TENÓRIO CRMV-AL nº 01943 VP, para colher material para exame de MORMO.</p><p>Art. 2º. Esta Portaria entra em vigor na data de sua publicação.</p><p class="assina">JORGE MARQUES DA SILVA</p>]]></Texto>
  </body>
  <Midias />
</article></xml>