﻿<xml><article id="44734034" name="7792.PortariaPropostaFAF_2025073" idOficio="11191342" pubName="DO1" artType="Portaria" pubDate="01/08/2025" artClass="00047:00001:00000:00000:00000:00000:00000:00000:00000:00000:00054:00000" artCategory="Ministério da Saúde/Gabinete do Ministro" artSize="24" artNotes="" numberPage="116" pdfPage="http://pesquisa.in.gov.br/imprensa/jsp/visualiza/index.jsp?data=01/08/2025&amp;jornal=515&amp;pagina=116" editionNumber="144" highlightType="" highlightPriority="" highlight="" highlightimage="" highlightimagename="" idMateria="22948602">
  <body>
    <Identifica><![CDATA[ PORTARIA GM/MS Nº 7.792, DE 31 DE JULHO DE 2025]]></Identifica>
    <Data><![CDATA[]]></Data>
    <Ementa><![CDATA[ Autoriza o Estado, Município ou Distrito Federal a receber recursos referentes ao incremento temporário ao custeio dos serviços de Atenção Especializada à Saúde.]]></Ementa>
    <Titulo />
    <SubTitulo />
    <Texto><![CDATA[<p class="identifica">PORTARIA GM/MS Nº 7.792, DE 31 DE JULHO DE 2025</p><p class="ementa">Autoriza o Estado, Município ou Distrito Federal a receber recursos referentes ao incremento temporário ao custeio dos serviços de Atenção Especializada à Saúde.</p><p>O MINISTRO DE ESTADO DA SAÚDE, no uso das atribuições que lhe conferem os incisos I e II do parágrafo único do art. 87 da Constituição, em observância a Lei nº 15.121, de 10 de abril de 2025, Lei Complementar nº 141, de 13 de janeiro de 2012, Lei nº 8.080, de 19 de setembro de 1990, resolve:</p><p>Art. 1º Ficam autorizados os Estados, o Distrito Federal e os Municípios descritos no anexo desta Portaria a receberem recursos financeiros referentes ao incremento temporário para o custeio dos serviços de Atenção Especializada à Saúde.</p><p>Art. 2º Os recursos financeiros tratados nesta Portaria referem-se à aplicação das emendas parlamentares para incremento temporário ao custeio dos serviços de Atenção Especializada à Saúde.</p><p>Art. 3º As propostas de que tratam esta portaria serão processadas no InvestSUS, disponível no portalfns.saude.gov.br.</p><p>Art. 4º O Fundo Nacional de Saúde adotará as medidas necessárias para as transferências de recursos financeiros estabelecidas nesta Portaria aos respectivos Fundos de Saúde, em parcela única, em conformidade com os processos de pagamento instruídos pela Secretaria Finalística, após atendidas as condições previstas para essa modalidade de transferência.</p><p>Art. 5º A prestação de contas sobre a aplicação dos recursos financeiros será realizada por meio do Relatório Anual de Gestão - RAG, aprovado pelo respectivo Conselho local de saúde, nos termos dos artigos 34 a 36 da Lei Complementar nº 141, de 14 de janeiro de 2012.</p><p>Art. 6º Esta Portaria entra em vigor na data de sua publicação.</p><p class="assina">ALEXANDRE ROCHA SANTOS PADILHA</p><p class="anexo">ANEXO</p><p>Entes federados autorizados a receberem recursos financeiros federais de emendas destinados ao incremento temporário ao custeio dos serviços de Atenção Especializada à Saúde.</p><p /><p></p><table><tr /><tr><td rowspan="1" colspan="1"><p>UF</p></td><td rowspan="1" colspan="1"><p>MUNICÍPIO</p></td><td rowspan="1" colspan="1"><p>ENTIDADE</p></td><td rowspan="1" colspan="1"><p>Nº DA PROPOSTA</p></td><td rowspan="1" colspan="1"><p>VALOR TOTAL DA PROPOSTA (R$)</p></td><td rowspan="1" colspan="1"><p>CÓD. EMENDA</p></td><td rowspan="1" colspan="1"><p>VALOR POR EMENDA (R$)</p></td><td rowspan="1" colspan="1"><p>FUNCIONAL PROGRAMÁTICA</p></td><td rowspan="1" colspan="1"><p>CNES</p></td><td rowspan="1" colspan="1"><p>VALOR (R$)</p></td></tr><tr><td rowspan="1" colspan="1"><p>AL</p></td><td rowspan="1" colspan="1"><p>ARAPIRACA</p></td><td rowspan="1" colspan="1"><p>FUNDO MUNICIPAL DE SAUDE DE ARAPIRACA</p></td><td rowspan="1" colspan="1"><p>36000678323202500</p></td><td rowspan="1" colspan="1"><p>1.500.000,00</p></td><td rowspan="1" colspan="1"><p>42960008</p></td><td rowspan="1" colspan="1"><p>1.500.000,00</p></td><td rowspan="1" colspan="1"><p>1030251182E900027</p></td><td rowspan="1" colspan="1"><p>2005425</p></td><td rowspan="1" colspan="1"><p>1.500.000,00</p></td></tr><tr><td rowspan="1" colspan="1"><p>ES</p></td><td rowspan="1" colspan="1"><p>SANTA TERESA</p></td><td rowspan="1" colspan="1"><p>FUNDO MUNICIPAL DE SAUDE DE SANTA TERESA</p></td><td rowspan="1" colspan="1"><p>36000670925202500</p></td><td rowspan="1" colspan="1"><p>500.000,00</p></td><td rowspan="1" colspan="1"><p>44330006</p></td><td rowspan="1" colspan="1"><p>500.000,00</p></td><td rowspan="1" colspan="1"><p>1030251182E900032</p></td><td rowspan="1" colspan="1"><p>2466007</p></td><td rowspan="1" colspan="1"><p>500.000,00</p></td></tr><tr><td rowspan="1" colspan="1"><p>GO</p></td><td rowspan="1" colspan="1"><p>SANTA BARBARA DE GOIAS</p></td><td rowspan="1" colspan="1"><p>FUNDO MUNICIPAL DE SAUDE DE SANTA BARBARA DE GOIAS</p></td><td rowspan="1" colspan="1"><p>36000651508202500</p></td><td rowspan="1" colspan="1"><p>90.119,00</p></td><td rowspan="1" colspan="1"><p>28330001</p></td><td rowspan="1" colspan="1"><p>90.119,00</p></td><td rowspan="1" colspan="1"><p>1030251182E900052</p></td><td rowspan="1" colspan="1"><p>2768917</p></td><td rowspan="1" colspan="1"><p>90.119,00</p></td></tr><tr><td rowspan="1" colspan="1"><p>MG</p></td><td rowspan="1" colspan="1"><p>AREADO</p></td><td rowspan="1" colspan="1"><p>FUNDO MUNICIPAL DE SAUDE DE AREADO</p></td><td rowspan="1" colspan="1"><p>36000675021202500</p></td><td rowspan="1" colspan="1"><p>183.664,00</p></td><td rowspan="1" colspan="1"><p>27550003</p></td><td rowspan="1" colspan="1"><p>183.664,00</p></td><td rowspan="1" colspan="1"><p>1030251182E900001</p></td><td rowspan="1" colspan="1"><p>2168421</p></td><td rowspan="1" colspan="1"><p>183.664,00</p></td></tr><tr><td rowspan="1" colspan="1"><p>MG</p></td><td rowspan="1" colspan="1"><p>CONTAGEM</p></td><td rowspan="1" colspan="1"><p>FUNDO MUNICIPAL DE SAUDE</p></td><td rowspan="1" colspan="1"><p>36000677836202500</p></td><td rowspan="1" colspan="1"><p>2.000.000,00</p></td><td rowspan="1" colspan="1"><p>44340001</p></td><td rowspan="1" colspan="1"><p>2.000.000,00</p></td><td rowspan="1" colspan="1"><p>1030251182E900031</p></td><td rowspan="1" colspan="1"><p>6374794</p></td><td rowspan="1" colspan="1"><p>2.000.000,00</p></td></tr><tr><td rowspan="1" colspan="1"><p>MG</p></td><td rowspan="1" colspan="1"><p>CONTAGEM</p></td><td rowspan="1" colspan="1"><p>FUNDO MUNICIPAL DE SAUDE</p></td><td rowspan="1" colspan="1"><p>36000680787202500</p></td><td rowspan="1" colspan="1"><p>150.000,00</p></td><td rowspan="1" colspan="1"><p>44340001</p></td><td rowspan="1" colspan="1"><p>150.000,00</p></td><td rowspan="1" colspan="1"><p>1030251182E900031</p></td><td rowspan="1" colspan="1"><p>6374794</p></td><td rowspan="1" colspan="1"><p>150.000,00</p></td></tr><tr><td rowspan="1" colspan="1"><p>MG</p></td><td rowspan="1" colspan="1"><p>SETE LAGOAS</p></td><td rowspan="1" colspan="1"><p>FUNDO MUNICIPAL DE SAUDE</p></td><td rowspan="1" colspan="1"><p>36000679351202500</p></td><td rowspan="1" colspan="1"><p>100.000,00</p></td><td rowspan="1" colspan="1"><p>44460002</p></td><td rowspan="1" colspan="1"><p>100.000,00</p></td><td rowspan="1" colspan="1"><p>1030251182E900031</p></td><td rowspan="1" colspan="1"><p>2127636</p></td><td rowspan="1" colspan="1"><p>100.000,00</p></td></tr><tr><td rowspan="1" colspan="1"><p>MS</p></td><td rowspan="1" colspan="1"><p>BELA VISTA</p></td><td rowspan="1" colspan="1"><p>FUNDO MUNICIPAL DE SAUDE DE BELA VISTA - MS</p></td><td rowspan="1" colspan="1"><p>36000651799202500</p></td><td rowspan="1" colspan="1"><p>260.000,00</p></td><td rowspan="1" colspan="1"><p>41810002</p></td><td rowspan="1" colspan="1"><p>260.000,00</p></td><td rowspan="1" colspan="1"><p>1030251182E900054</p></td><td rowspan="1" colspan="1"><p>5541956</p></td><td rowspan="1" colspan="1"><p>260.000,00</p></td></tr><tr><td rowspan="1" colspan="1"><p>PA</p></td><td rowspan="1" colspan="1"><p>OURILANDIA DO NORTE</p></td><td rowspan="1" colspan="1"><p>FUNDO MUNICIPAL DE SAUDE DE OURILANDIA DO NORTE</p></td><td rowspan="1" colspan="1"><p>36000649723202500</p></td><td rowspan="1" colspan="1"><p>660.000,00</p></td><td rowspan="1" colspan="1"><p>36920009</p></td><td rowspan="1" colspan="1"><p>660.000,00</p></td><td rowspan="1" colspan="1"><p>1030251182E900015</p></td><td rowspan="1" colspan="1"><p>7813104</p></td><td rowspan="1" colspan="1"><p>660.000,00</p></td></tr><tr><td rowspan="1" colspan="1"><p>PB</p></td><td rowspan="1" colspan="1"><p>ALAGOINHA</p></td><td rowspan="1" colspan="1"><p>FUNDO MUNICIPAL DE SAUDE DE ALAGOINHA</p></td><td rowspan="1" colspan="1"><p>36000670501202500</p></td><td rowspan="1" colspan="1"><p>200.000,00</p></td><td rowspan="1" colspan="1"><p>40880008</p></td><td rowspan="1" colspan="1"><p>200.000,00</p></td><td rowspan="1" colspan="1"><p>1030251182E900025</p></td><td rowspan="1" colspan="1"><p>6427375</p></td><td rowspan="1" colspan="1"><p>200.000,00</p></td></tr><tr><td rowspan="1" colspan="1"><p>PB</p></td><td rowspan="1" colspan="1"><p>JOAO PESSOA</p></td><td rowspan="1" colspan="1"><p>FUNDO MUNICIPAL DE SAUDE</p></td><td rowspan="1" colspan="1"><p>36000675149202500</p></td><td rowspan="1" colspan="1"><p>100.000,00</p></td><td rowspan="1" colspan="1"><p>44360003</p></td><td rowspan="1" colspan="1"><p>100.000,00</p></td><td rowspan="1" colspan="1"><p>1030251182E900025</p></td><td rowspan="1" colspan="1"><p>3313050</p></td><td rowspan="1" colspan="1"><p>100.000,00</p></td></tr><tr><td rowspan="1" colspan="1"><p>PB</p></td><td rowspan="1" colspan="1"><p>JOAO PESSOA</p></td><td rowspan="1" colspan="1"><p>FUNDO MUNICIPAL DE SAUDE</p></td><td rowspan="1" colspan="1"><p>36000675152202500</p></td><td rowspan="1" colspan="1"><p>400.000,00</p></td><td rowspan="1" colspan="1"><p>44360003</p></td><td rowspan="1" colspan="1"><p>400.000,00</p></td><td rowspan="1" colspan="1"><p>1030251182E900025</p></td><td rowspan="1" colspan="1"><p>2399741</p></td><td rowspan="1" colspan="1"><p>400.000,00</p></td></tr><tr><td rowspan="1" colspan="1"><p>PB</p></td><td rowspan="1" colspan="1"><p>JOAO PESSOA</p></td><td rowspan="1" colspan="1"><p>FUNDO MUNICIPAL DE SAUDE</p></td><td rowspan="1" colspan="1"><p>36000675156202500</p></td><td rowspan="1" colspan="1"><p>300.000,00</p></td><td rowspan="1" colspan="1"><p>27110004</p></td><td rowspan="1" colspan="1"><p>300.000,00</p></td><td rowspan="1" colspan="1"><p>1030251182E901436</p></td><td rowspan="1" colspan="1"><p>2399741</p></td><td rowspan="1" colspan="1"><p>300.000,00</p></td></tr><tr><td rowspan="1" colspan="1"><p>PB</p></td><td rowspan="1" colspan="1"><p>SERRA BRANCA</p></td><td rowspan="1" colspan="1"><p>FUNDO MUNICIPAL DE SAUDE</p></td><td rowspan="1" colspan="1"><p>36000672637202500</p></td><td rowspan="1" colspan="1"><p>200.000,00</p></td><td rowspan="1" colspan="1"><p>40880008</p></td><td rowspan="1" colspan="1"><p>200.000,00</p></td><td rowspan="1" colspan="1"><p>1030251182E900025</p></td><td rowspan="1" colspan="1"><p>5410282</p></td><td rowspan="1" colspan="1"><p>200.000,00</p></td></tr><tr><td rowspan="1" colspan="1"><p>PI</p></td><td rowspan="1" colspan="1"><p>TERESINA</p></td><td rowspan="1" colspan="1"><p>FUNDO MUNICIPAL DE SAUDE DE TERESINA</p></td><td rowspan="1" colspan="1"><p>36000678798202500</p></td><td rowspan="1" colspan="1"><p>650.000,00</p></td><td rowspan="1" colspan="1"><p>38220002</p></td><td rowspan="1" colspan="1"><p>650.000,00</p></td><td rowspan="1" colspan="1"><p>1030251182E900022</p></td><td rowspan="1" colspan="1"><p>2726998</p></td><td rowspan="1" colspan="1"><p>650.000,00</p></td></tr><tr><td rowspan="1" colspan="1"><p>PR</p></td><td rowspan="1" colspan="1"><p>DOIS VIZINHOS</p></td><td rowspan="1" colspan="1"><p>FUNDO MUNICIPAL DE SAUDE DE DOIS VIZINHOS</p></td><td rowspan="1" colspan="1"><p>36000678814202500</p></td><td rowspan="1" colspan="1"><p>100.000,00</p></td><td rowspan="1" colspan="1"><p>40740001</p></td><td rowspan="1" colspan="1"><p>100.000,00</p></td><td rowspan="1" colspan="1"><p>1030251182E900041</p></td><td rowspan="1" colspan="1"><p>3438066</p></td><td rowspan="1" colspan="1"><p>100.000,00</p></td></tr><tr><td rowspan="1" colspan="1"><p>RJ</p></td><td rowspan="1" colspan="1"><p>NITEROI</p></td><td rowspan="1" colspan="1"><p>FUNDO MUNICIPAL DE SAUDE DE NITEROI</p></td><td rowspan="1" colspan="1"><p>36000679305202500</p></td><td rowspan="1" colspan="1"><p>500.000,00</p></td><td rowspan="1" colspan="1"><p>40700001</p></td><td rowspan="1" colspan="1"><p>500.000,00</p></td><td rowspan="1" colspan="1"><p>1030251182E900033</p></td><td rowspan="1" colspan="1"><p>2272997</p></td><td rowspan="1" colspan="1"><p>500.000,00</p></td></tr><tr><td rowspan="1" colspan="1"><p>RJ</p></td><td rowspan="1" colspan="1"><p>SILVA JARDIM</p></td><td rowspan="1" colspan="1"><p>FUNDO MUNICIPAL DE SAUDE DE SILVA JARDIM</p></td><td rowspan="1" colspan="1"><p>36000650942202500</p></td><td rowspan="1" colspan="1"><p>2.500.000,00</p></td><td rowspan="1" colspan="1"><p>44560019</p></td><td rowspan="1" colspan="1"><p>2.500.000,00</p></td><td rowspan="1" colspan="1"><p>1030251182E900033</p></td><td rowspan="1" colspan="1"><p>6373518</p></td><td rowspan="1" colspan="1"><p>2.500.000,00</p></td></tr><tr><td rowspan="1" colspan="1"><p>RS</p></td><td rowspan="1" colspan="1"><p>CAXIAS DO SUL</p></td><td rowspan="1" colspan="1"><p>FUNDO MUNICIPAL DE SAUDE DE CAXIAS DO SUL</p></td><td rowspan="1" colspan="1"><p>36000679013202500</p></td><td rowspan="1" colspan="1"><p>500.000,00</p></td><td rowspan="1" colspan="1"><p>42710001</p></td><td rowspan="1" colspan="1"><p>500.000,00</p></td><td rowspan="1" colspan="1"><p>1030251182E900043</p></td><td rowspan="1" colspan="1"><p>2223538</p></td><td rowspan="1" colspan="1"><p>500.000,00</p></td></tr><tr><td rowspan="1" colspan="1"><p>RS</p></td><td rowspan="1" colspan="1"><p>CAXIAS DO SUL</p></td><td rowspan="1" colspan="1"><p>FUNDO MUNICIPAL DE SAUDE DE CAXIAS DO SUL</p></td><td rowspan="1" colspan="1"><p>36000679295202500</p></td><td rowspan="1" colspan="1"><p>166.000,00</p></td><td rowspan="1" colspan="1"><p>20230011</p></td><td rowspan="1" colspan="1"><p>166.000,00</p></td><td rowspan="1" colspan="1"><p>1030251182E900043</p></td><td rowspan="1" colspan="1"><p>2223562</p></td><td rowspan="1" colspan="1"><p>166.000,00</p></td></tr><tr><td rowspan="1" colspan="1"><p>SC</p></td><td rowspan="1" colspan="1"><p>BLUMENAU</p></td><td rowspan="1" colspan="1"><p>FUNDO MUNICIPAL DE SAUDE DE BLUMENAU</p></td><td rowspan="1" colspan="1"><p>36000669410202500</p></td><td rowspan="1" colspan="1"><p>1.000.000,00</p></td><td rowspan="1" colspan="1"><p>22100015</p><p>22100015</p></td><td rowspan="1" colspan="1"><p>500.000,00</p><p>500.000,00</p></td><td rowspan="1" colspan="1"><p>1030251182E900042</p><p>1030251182E900042</p></td><td rowspan="1" colspan="1"><p>2522209</p><p>2558254</p></td><td rowspan="1" colspan="1"><p>500.000,00</p><p>500.000,00</p></td></tr><tr><td rowspan="1" colspan="1"><p>SC</p></td><td rowspan="1" colspan="1"><p>XANXERE</p></td><td rowspan="1" colspan="1"><p>FUNDO MUNICIPAL DE SAUDE DE XANXERE</p></td><td rowspan="1" colspan="1"><p>36000675205202500</p></td><td rowspan="1" colspan="1"><p>250.000,00</p></td><td rowspan="1" colspan="1"><p>42510002</p></td><td rowspan="1" colspan="1"><p>250.000,00</p></td><td rowspan="1" colspan="1"><p>1030251182E900042</p></td><td rowspan="1" colspan="1"><p>6384668</p></td><td rowspan="1" colspan="1"><p>250.000,00</p></td></tr><tr><td rowspan="1" colspan="1"><p>SP</p></td><td rowspan="1" colspan="1"><p>CAJATI</p></td><td rowspan="1" colspan="1"><p>FUNDO MUNICIPAL DE SAUDE</p></td><td rowspan="1" colspan="1"><p>36000664059202500</p></td><td rowspan="1" colspan="1"><p>150.000,00</p></td><td rowspan="1" colspan="1"><p>44440002</p></td><td rowspan="1" colspan="1"><p>150.000,00</p></td><td rowspan="1" colspan="1"><p>1030251182E900035</p></td><td rowspan="1" colspan="1"><p>6373143</p></td><td rowspan="1" colspan="1"><p>150.000,00</p></td></tr><tr><td rowspan="1" colspan="1"><p>SP</p></td><td rowspan="1" colspan="1"><p>MONGAGUA</p></td><td rowspan="1" colspan="1"><p>FUNDO MUNICIPAL DE SAUDE DE MONGAGUA</p></td><td rowspan="1" colspan="1"><p>36000679631202500</p></td><td rowspan="1" colspan="1"><p>200.000,00</p></td><td rowspan="1" colspan="1"><p>44440002</p></td><td rowspan="1" colspan="1"><p>200.000,00</p></td><td rowspan="1" colspan="1"><p>1030251182E900035</p></td><td rowspan="1" colspan="1"><p>9316264</p></td><td rowspan="1" colspan="1"><p>200.000,00</p></td></tr><tr><td rowspan="1" colspan="1"><p>SP</p></td><td rowspan="1" colspan="1"><p>SAO PAULO</p></td><td rowspan="1" colspan="1"><p>FUNDO ESTADUAL DE SAUDE - FUNDES</p></td><td rowspan="1" colspan="1"><p>36000678194202500</p></td><td rowspan="1" colspan="1"><p>300.000,00</p></td><td rowspan="1" colspan="1"><p>44230001</p></td><td rowspan="1" colspan="1"><p>300.000,00</p></td><td rowspan="1" colspan="1"><p>1030251182E900035</p></td><td rowspan="1" colspan="1"><p>2077396</p></td><td rowspan="1" colspan="1"><p>300.000,00</p></td></tr><tr><td rowspan="1" colspan="1"><p>SP</p></td><td rowspan="1" colspan="1"><p>SAO PAULO</p></td><td rowspan="1" colspan="1"><p>FUNDO ESTADUAL DE SAUDE - FUNDES</p></td><td rowspan="1" colspan="1"><p>36000678608202500</p></td><td rowspan="1" colspan="1"><p>500.000,00</p></td><td rowspan="1" colspan="1"><p>38990017</p></td><td rowspan="1" colspan="1"><p>500.000,00</p></td><td rowspan="1" colspan="1"><p>1030251182E900035</p></td><td rowspan="1" colspan="1"><p>2071568</p></td><td rowspan="1" colspan="1"><p>500.000,00</p></td></tr><tr><td rowspan="1" colspan="1"><p>SP</p></td><td rowspan="1" colspan="1"><p>SAO PAULO</p></td><td rowspan="1" colspan="1"><p>FUNDO ESTADUAL DE SAUDE - FUNDES</p></td><td rowspan="1" colspan="1"><p>36000679124202500</p></td><td rowspan="1" colspan="1"><p>200.000,00</p></td><td rowspan="1" colspan="1"><p>25280004</p></td><td rowspan="1" colspan="1"><p>200.000,00</p></td><td rowspan="1" colspan="1"><p>1030251182E900035</p></td><td rowspan="1" colspan="1"><p>2089335</p></td><td rowspan="1" colspan="1"><p>200.000,00</p></td></tr><tr><td rowspan="1" colspan="1"><p>SP</p></td><td rowspan="1" colspan="1"><p>SAO PAULO</p></td><td rowspan="1" colspan="1"><p>FUNDO ESTADUAL DE SAUDE - FUNDES</p></td><td rowspan="1" colspan="1"><p>36000679132202500</p></td><td rowspan="1" colspan="1"><p>200.000,00</p></td><td rowspan="1" colspan="1"><p>19970003</p></td><td rowspan="1" colspan="1"><p>200.000,00</p></td><td rowspan="1" colspan="1"><p>1030251182E900035</p></td><td rowspan="1" colspan="1"><p>2089335</p></td><td rowspan="1" colspan="1"><p>200.000,00</p></td></tr><tr><td rowspan="1" colspan="1"><p>SP</p></td><td rowspan="1" colspan="1"><p>SAO PAULO</p></td><td rowspan="1" colspan="1"><p>FUNDO ESTADUAL DE SAUDE - FUNDES</p></td><td rowspan="1" colspan="1"><p>36000680872202500</p></td><td rowspan="1" colspan="1"><p>500.000,00</p></td><td rowspan="1" colspan="1"><p>44710015</p></td><td rowspan="1" colspan="1"><p>500.000,00</p></td><td rowspan="1" colspan="1"><p>1030251182E900035</p></td><td rowspan="1" colspan="1"><p>0052124</p></td><td rowspan="1" colspan="1"><p>500.000,00</p></td></tr><tr><td rowspan="1" colspan="1"><p>SP</p></td><td rowspan="1" colspan="1"><p>SAO PAULO</p></td><td rowspan="1" colspan="1"><p>FUNDO ESTADUAL DE SAUDE - FUNDES</p></td><td rowspan="1" colspan="1"><p>36000681020202500</p></td><td rowspan="1" colspan="1"><p>200.000,00</p></td><td rowspan="1" colspan="1"><p>44020016</p></td><td rowspan="1" colspan="1"><p>200.000,00</p></td><td rowspan="1" colspan="1"><p>1030251182E900035</p></td><td rowspan="1" colspan="1"><p>2088495</p></td><td rowspan="1" colspan="1"><p>200.000,00</p></td></tr><tr><td rowspan="1" colspan="1"><p>SP</p></td><td rowspan="1" colspan="1"><p>SAO PAULO</p></td><td rowspan="1" colspan="1"><p>FUNDO ESTADUAL DE SAUDE - FUNDES</p></td><td rowspan="1" colspan="1"><p>36000681025202500</p></td><td rowspan="1" colspan="1"><p>300.000,00</p></td><td rowspan="1" colspan="1"><p>41550002</p></td><td rowspan="1" colspan="1"><p>300.000,00</p></td><td rowspan="1" colspan="1"><p>1030251182E900035</p></td><td rowspan="1" colspan="1"><p>2088495</p></td><td rowspan="1" colspan="1"><p>300.000,00</p></td></tr><tr><td rowspan="1" colspan="1"><p>SP</p></td><td rowspan="1" colspan="1"><p>SAO PAULO</p></td><td rowspan="1" colspan="1"><p>FUNDO MUNICIPAL DE SAUDE - FMS</p></td><td rowspan="1" colspan="1"><p>36000680909202500</p></td><td rowspan="1" colspan="1"><p>50.000,00</p></td><td rowspan="1" colspan="1"><p>43500002</p></td><td rowspan="1" colspan="1"><p>50.000,00</p></td><td rowspan="1" colspan="1"><p>1030251182E900035</p></td><td rowspan="1" colspan="1"><p>2688638</p></td><td rowspan="1" colspan="1"><p>50.000,00</p></td></tr><tr><td rowspan="1" colspan="1"><p>SP</p></td><td rowspan="1" colspan="1"><p>VALINHOS</p></td><td rowspan="1" colspan="1"><p>FUNDO MUNICIPAL DE SAUDE</p></td><td rowspan="1" colspan="1"><p>36000680329202500</p></td><td rowspan="1" colspan="1"><p>348.667,00</p></td><td rowspan="1" colspan="1"><p>38990017</p></td><td rowspan="1" colspan="1"><p>348.667,00</p></td><td rowspan="1" colspan="1"><p>1030251182E900035</p></td><td rowspan="1" colspan="1"><p>2097877</p></td><td rowspan="1" colspan="1"><p>348.667,00</p></td></tr><tr><td rowspan="1" colspan="3"><p>TOTAL</p></td><td rowspan="1" colspan="1"><p>33 PROPOSTAS</p></td><td rowspan="1" colspan="1"><p>15.258.450,00</p></td><td rowspan="1" colspan="1" /><td rowspan="1" colspan="1" /><td rowspan="1" colspan="1" /><td rowspan="1" colspan="1" /><td rowspan="1" colspan="1" /></tr></table>]]></Texto>
  </body>
  <Midias />
</article></xml>