﻿<xml><article id="44727422" name="Acordao 505" idOficio="11190417" pubName="DO1" artType="Acórdão" pubDate="01/08/2025" artClass="00041:00020:00000:00000:00000:00000:00000:00000:00000:00000:00002:00000" artCategory="Ministério de Portos e Aeroportos/Agência Nacional de Transportes Aquaviários" artSize="12" artNotes="" numberPage="99" pdfPage="http://pesquisa.in.gov.br/imprensa/jsp/visualiza/index.jsp?data=01/08/2025&amp;jornal=515&amp;pagina=99" editionNumber="144" highlightType="" highlightPriority="" highlight="" highlightimage="" highlightimagename="" idMateria="22946979">
  <body>
    <Identifica><![CDATA[ ACÓRDÃO Nº 505-2025-ANTAQ]]></Identifica>
    <Data><![CDATA[]]></Data>
    <Ementa />
    <Titulo />
    <SubTitulo />
    <Texto><![CDATA[<p class="identifica">ACÓRDÃO Nº 505-2025-ANTAQ</p><p>1. Processo: 50300.001288/2022-47</p><p>2. Interessado: Agência Nacional de Transportes Aquaviários</p><p>3. Relator: Caio Farias</p><p>4. Unidade Técnica: Superintendência de Administração e Finanças</p><p>5. Acórdão:</p><p>VISTOS, relatados e discutidos os presentes autos que tratam de proposta de prorrogação do contrato CONT-SAF-ANTAQ/Nº 16/2022, por mais 12 (doze) meses, com início em 10/08/2025 e término em 10/08/2026, tendo por objetivo a continuidade da contratação de empresa para a execução indireta de serviços de Assistente Técnico Administrativo de nível superior, sem emprego de material, de forma contínua, conforme condições, quantidades e exigências para atendimento das necessidades da ANTAQ, em Brasília/DF,</p><p>ACORDAM os Diretores da Agência Nacional de Transportes Aquaviários, reunidos para a Reunião Ordinária de Diretoria Colegiada de nº 591, ante as razões expostas pelo Relator, em:</p><p>5.1. aprovar a prorrogação do CONT-SAF-ANTAQ/Nº 16/2022, nos termos do Termo Aditivo-MINUTA DICON (SEI nº 2622166);</p><p>5.2. autorizar a despesa no valor total anual de R$ 8.158.668,00 (oito milhões, cento e cinquenta e oito mil seiscentos e sessenta e oito reais), a favor da empresa Esplanada Serviços Terceirizados Ltda., referente à prorrogação do CONT-SAF-ANTAQ/Nº 16/2022; e</p><p>5.3. cientificar a Superintendência de Administração e Finanças acerca da presente decisão.</p><p>6. Data da Reunião: 31/07/2025 - Telepresencial.</p><p>7. Especificação do quórum:</p><p>7.1. Diretores presentes: Caio Farias (Presidente e Relator), Flávia Takafashi e Alber Vasconcelos.</p><p class="assina">Caio Farias</p><p class="cargo">Diretor-Geral</p><p class="cargo">Substituto</p>]]></Texto>
  </body>
  <Midias />
</article></xml>