﻿<xml><article id="44735398" name="7648 Bancos de Leite Humano - BL" idOficio="11191341" pubName="DO1" artType="Portaria" pubDate="01/08/2025" artClass="00047:00001:00000:00000:00000:00000:00000:00000:00000:00000:00054:00000" artCategory="Ministério da Saúde/Gabinete do Ministro" artSize="24" artNotes="" numberPage="103" pdfPage="http://pesquisa.in.gov.br/imprensa/jsp/visualiza/index.jsp?data=01/08/2025&amp;jornal=515&amp;pagina=103" editionNumber="144" highlightType="" highlightPriority="" highlight="" highlightimage="" highlightimagename="" idMateria="22948682">
  <body>
    <Identifica />
    <Data><![CDATA[]]></Data>
    <Ementa />
    <Titulo />
    <SubTitulo />
    <Texto><![CDATA[<p /><p></p><table><tr><td rowspan="1" colspan="1"><p>BA</p></td><td rowspan="1" colspan="1"><p>Salvador</p></td><td rowspan="1" colspan="1"><p>292740</p></td><td rowspan="1" colspan="1"><p>FEIRA DE SANTANA</p></td><td rowspan="1" colspan="1"><p>FUNDO ESTADUAL DE SAUDE DO ESTADO DA BAHIA</p></td><td rowspan="1" colspan="1"><p>Estadual</p></td><td rowspan="1" colspan="1"><p>6602533</p></td><td rowspan="1" colspan="1"><p>Banco de Leite do Hospital Estadual da Criança</p></td><td rowspan="1" colspan="1"><p>15.000,00</p></td><td rowspan="1" colspan="1"><p>180.000,00</p></td></tr><tr><td rowspan="1" colspan="1"><p>BA</p></td><td rowspan="1" colspan="1"><p>Itabuna</p></td><td rowspan="1" colspan="1"><p>291480</p></td><td rowspan="1" colspan="1"><p>ITABUNA</p></td><td rowspan="1" colspan="1"><p>FUNDO MUNICIPAL DE SAUDE DE ITABUNA - SMS</p></td><td rowspan="1" colspan="1"><p>Municipal</p></td><td rowspan="1" colspan="1"><p>2525569</p></td><td rowspan="1" colspan="1"><p>Banco de Leite Humano do Hospital Manoel Novaes</p></td><td rowspan="1" colspan="1"><p>15.000,00</p></td><td rowspan="1" colspan="1"><p>180.000,00</p></td></tr><tr><td rowspan="1" colspan="1"><p>BA</p></td><td rowspan="1" colspan="1"><p>Salvador</p></td><td rowspan="1" colspan="1"><p>292741</p></td><td rowspan="1" colspan="1"><p>JEQUIE</p></td><td rowspan="1" colspan="1"><p>FUNDO ESTADUAL DE SAUDE DO ESTADO DA BAHIA</p></td><td rowspan="1" colspan="1"><p>Estadual</p></td><td rowspan="1" colspan="1"><p>6923356</p></td><td rowspan="1" colspan="1"><p>Banco de Leite Humano Santa Casa de Misericordia São Judas Tadeu</p></td><td rowspan="1" colspan="1"><p>15.000,00</p></td><td rowspan="1" colspan="1"><p>180.000,00</p></td></tr><tr><td rowspan="1" colspan="1"><p>BA</p></td><td rowspan="1" colspan="1"><p>Salvador</p></td><td rowspan="1" colspan="1"><p>292740</p></td><td rowspan="1" colspan="1"><p>SALVADOR</p></td><td rowspan="1" colspan="1"><p>FUNDO ESTADUAL DE SAUDE DO ESTADO DA BAHIA</p></td><td rowspan="1" colspan="1"><p>Estadual</p></td><td rowspan="1" colspan="1"><p>0003794</p></td><td rowspan="1" colspan="1"><p>Banco de Leite Humano do IPERBA</p></td><td rowspan="1" colspan="1"><p>15.000,00</p></td><td rowspan="1" colspan="1"><p>180.000,00</p></td></tr><tr><td rowspan="1" colspan="1"><p>BA</p></td><td rowspan="1" colspan="1"><p>Salvador</p></td><td rowspan="1" colspan="1"><p>292740</p></td><td rowspan="1" colspan="1"><p>SALVADOR</p></td><td rowspan="1" colspan="1"><p>FUNDO ESTADUAL DE SAUDE DO ESTADO DA BAHIA</p></td><td rowspan="1" colspan="1"><p>Estadual</p></td><td rowspan="1" colspan="1"><p>0003859</p></td><td rowspan="1" colspan="1"><p>Banco de Leite do Hospital Geral Roberto Santos</p></td><td rowspan="1" colspan="1"><p>15.000,00</p></td><td rowspan="1" colspan="1"><p>180.000,00</p></td></tr><tr><td rowspan="1" colspan="1"><p>BA</p></td><td rowspan="1" colspan="1"><p>Salvador</p></td><td rowspan="1" colspan="1"><p>292740</p></td><td rowspan="1" colspan="1"><p>SALVADOR</p></td><td rowspan="1" colspan="1"><p>FUNDO ESTADUAL DE SAUDE DO ESTADO DA BAHIA</p></td><td rowspan="1" colspan="1"><p>Estadual</p></td><td rowspan="1" colspan="1"><p>0004731</p></td><td rowspan="1" colspan="1"><p>Banco de Leite Humano da Maternidade Climério de Oliveira</p></td><td rowspan="1" colspan="1"><p>15.000,00</p></td><td rowspan="1" colspan="1"><p>180.000,00</p></td></tr><tr><td rowspan="1" colspan="1"><p>BA</p></td><td rowspan="1" colspan="1"><p>Salvador</p></td><td rowspan="1" colspan="1"><p>292740</p></td><td rowspan="1" colspan="1"><p>SALVADOR</p></td><td rowspan="1" colspan="1"><p>FUNDO ESTADUAL DE SAUDE DO ESTADO DA BAHIA</p></td><td rowspan="1" colspan="1"><p>Estadual</p></td><td rowspan="1" colspan="1"><p>3956369</p></td><td rowspan="1" colspan="1"><p>Banco de Leite Humano da Maternidade Professor José Maria de Magalhães Neto</p></td><td rowspan="1" colspan="1"><p>15.000,00</p></td><td rowspan="1" colspan="1"><p>180.000,00</p></td></tr><tr><td rowspan="1" colspan="1"><p>BA</p></td><td rowspan="1" colspan="1"><p>Vitória da Conquista</p></td><td rowspan="1" colspan="1"><p>293330</p></td><td rowspan="1" colspan="1"><p>VITORIA DA CONQUISTA</p></td><td rowspan="1" colspan="1"><p>FUNDO MUNICIPAL DE SAUDE</p></td><td rowspan="1" colspan="1"><p>Municipal</p></td><td rowspan="1" colspan="1"><p>2402564</p></td><td rowspan="1" colspan="1"><p>Banco de Leite Humano do Hospital Municipal Esaú Matos</p></td><td rowspan="1" colspan="1"><p>15.000,00</p></td><td rowspan="1" colspan="1"><p>180.000,00</p></td></tr><tr><td rowspan="1" colspan="1"><p>CE</p></td><td rowspan="1" colspan="1"><p>Barbalha</p></td><td rowspan="1" colspan="1"><p>230190</p></td><td rowspan="1" colspan="1"><p>BARBALHA</p></td><td rowspan="1" colspan="1"><p>FUNDO MUNICIPAL DE SAUDE DE BARBALHA</p></td><td rowspan="1" colspan="1"><p>Municipal</p></td><td rowspan="1" colspan="1"><p>2564211</p></td><td rowspan="1" colspan="1"><p>Banco de Leite Humano do Hospital Maternidade São Vicente de Paulo</p></td><td rowspan="1" colspan="1"><p>15.000,00</p></td><td rowspan="1" colspan="1"><p>180.000,00</p></td></tr><tr><td rowspan="1" colspan="1"><p>CE</p></td><td rowspan="1" colspan="1"><p>Fortaleza</p></td><td rowspan="1" colspan="1"><p>230440</p></td><td rowspan="1" colspan="1"><p>FORTALEZA</p></td><td rowspan="1" colspan="1"><p>FUNDO MUNICIPAL DE SAUDE</p></td><td rowspan="1" colspan="1"><p>Municipal</p></td><td rowspan="1" colspan="1"><p>2481286</p></td><td rowspan="1" colspan="1"><p>Banco de Leite Humano da Maternidade Escola Assis Chateaubriand</p></td><td rowspan="1" colspan="1"><p>15.000,00</p></td><td rowspan="1" colspan="1"><p>180.000,00</p></td></tr><tr><td rowspan="1" colspan="1"><p>CE</p></td><td rowspan="1" colspan="1"><p>Fortaleza</p></td><td rowspan="1" colspan="1"><p>230440</p></td><td rowspan="1" colspan="1"><p>FORTALEZA</p></td><td rowspan="1" colspan="1"><p>FUNDO ESTADUAL DE SAUDE</p></td><td rowspan="1" colspan="1"><p>Estadual</p></td><td rowspan="1" colspan="1"><p>2497654</p></td><td rowspan="1" colspan="1"><p>Banco de Leite Humano do Hospital Geral de Fortaleza</p></td><td rowspan="1" colspan="1"><p>15.000,00</p></td><td rowspan="1" colspan="1"><p>180.000,00</p></td></tr><tr><td rowspan="1" colspan="1"><p>CE</p></td><td rowspan="1" colspan="1"><p>Fortaleza</p></td><td rowspan="1" colspan="1"><p>230440</p></td><td rowspan="1" colspan="1"><p>FORTALEZA</p></td><td rowspan="1" colspan="1"><p>FUNDO ESTADUAL DE SAUDE</p></td><td rowspan="1" colspan="1"><p>Estadual</p></td><td rowspan="1" colspan="1"><p>2499363</p></td><td rowspan="1" colspan="1"><p>Banco de Leite Humano do Hospital Geral Dr. Cesar Cals</p></td><td rowspan="1" colspan="1"><p>15.000,00</p></td><td rowspan="1" colspan="1"><p>180.000,00</p></td></tr><tr><td rowspan="1" colspan="1"><p>CE</p></td><td rowspan="1" colspan="1"><p>Fortaleza</p></td><td rowspan="1" colspan="1"><p>230440</p></td><td rowspan="1" colspan="1"><p>FORTALEZA</p></td><td rowspan="1" colspan="1"><p>FUNDO ESTADUAL DE SAUDE</p></td><td rowspan="1" colspan="1"><p>Estadual</p></td><td rowspan="1" colspan="1"><p>2563681</p></td><td rowspan="1" colspan="1"><p>Banco de Leite Humano do Hospital Infantil Albert Sabin</p></td><td rowspan="1" colspan="1"><p>15.000,00</p></td><td rowspan="1" colspan="1"><p>180.000,00</p></td></tr><tr><td rowspan="1" colspan="1"><p>CE</p></td><td rowspan="1" colspan="1"><p>Juazeiro do Norte</p></td><td rowspan="1" colspan="1"><p>230730</p></td><td rowspan="1" colspan="1"><p>JUAZEIRO DO NORTE</p></td><td rowspan="1" colspan="1"><p>FUNDO MUNICIPAL DE SAUDE DE JUAZEIRO DO NORTE</p></td><td rowspan="1" colspan="1"><p>Municipal</p></td><td rowspan="1" colspan="1"><p>7280416</p></td><td rowspan="1" colspan="1"><p>Banco de Leite Humano de Juazeiro do Norte</p></td><td rowspan="1" colspan="1"><p>15.000,00</p></td><td rowspan="1" colspan="1"><p>180.000,00</p></td></tr><tr><td rowspan="1" colspan="1"><p>CE</p></td><td rowspan="1" colspan="1"><p>Maracanaú</p></td><td rowspan="1" colspan="1"><p>230765</p></td><td rowspan="1" colspan="1"><p>MARACANAU</p></td><td rowspan="1" colspan="1"><p>FUNDO MUNICIPAL DE SAUDE</p></td><td rowspan="1" colspan="1"><p>Municipal</p></td><td rowspan="1" colspan="1"><p>2806215</p></td><td rowspan="1" colspan="1"><p>Banco de Leite Humano do Hospital Municipal Dr. João Elísio de Holanda</p></td><td rowspan="1" colspan="1"><p>15.000,00</p></td><td rowspan="1" colspan="1"><p>180.000,00</p></td></tr><tr><td rowspan="1" colspan="1"><p>CE</p></td><td rowspan="1" colspan="1"><p>Quixadá</p></td><td rowspan="1" colspan="1"><p>231130</p></td><td rowspan="1" colspan="1"><p>QUIXADA</p></td><td rowspan="1" colspan="1"><p>FUNDO MUNICIPAL DA SAUDE DE QUIXADA</p></td><td rowspan="1" colspan="1"><p>Municipal</p></td><td rowspan="1" colspan="1"><p>2328399</p></td><td rowspan="1" colspan="1"><p>Banco de Leite Humano do Hospital e Maternidade Jesus Maria José</p></td><td rowspan="1" colspan="1"><p>15.000,00</p></td><td rowspan="1" colspan="1"><p>180.000,00</p></td></tr><tr><td rowspan="1" colspan="1"><p>CE</p></td><td rowspan="1" colspan="1"><p>Fortaleza</p></td><td rowspan="1" colspan="1"><p>230440</p></td><td rowspan="1" colspan="1"><p>SOBRAL</p></td><td rowspan="1" colspan="1"><p>FUNDO ESTADUAL DE SAUDE</p></td><td rowspan="1" colspan="1"><p>Estadual</p></td><td rowspan="1" colspan="1"><p>6848710</p></td><td rowspan="1" colspan="1"><p>Banco de Leite Humano do Hospital Regional Norte</p></td><td rowspan="1" colspan="1"><p>15.000,00</p></td><td rowspan="1" colspan="1"><p>180.000,00</p></td></tr><tr><td rowspan="1" colspan="1"><p>DF</p></td><td rowspan="1" colspan="1"><p>Brasília</p></td><td rowspan="1" colspan="1"><p>530010</p></td><td rowspan="1" colspan="1"><p>BRASILIA</p></td><td rowspan="1" colspan="1"><p>FUNDO DE SAUDE DO DISTRITO FEDERAL</p></td><td rowspan="1" colspan="1"><p>Estadual</p></td><td rowspan="1" colspan="1"><p>0010464</p></td><td rowspan="1" colspan="1"><p>Banco de Leite Humano do Hospital Regional da Asa Norte</p></td><td rowspan="1" colspan="1"><p>15.000,00</p></td><td rowspan="1" colspan="1"><p>180.000,00</p></td></tr><tr><td rowspan="1" colspan="1"><p>DF</p></td><td rowspan="1" colspan="1"><p>Brasília</p></td><td rowspan="1" colspan="1"><p>530010</p></td><td rowspan="1" colspan="1"><p>BRASILIA</p></td><td rowspan="1" colspan="1"><p>FUNDO DE SAUDE DO DISTRITO FEDERAL</p></td><td rowspan="1" colspan="1"><p>Estadual</p></td><td rowspan="1" colspan="1"><p>0010472</p></td><td rowspan="1" colspan="1"><p>Banco de Leite Humano do Hosp. R. do Gama</p></td><td rowspan="1" colspan="1"><p>15.000,00</p></td><td rowspan="1" colspan="1"><p>180.000,00</p></td></tr><tr><td rowspan="1" colspan="1"><p>DF</p></td><td rowspan="1" colspan="1"><p>Brasília</p></td><td rowspan="1" colspan="1"><p>530010</p></td><td rowspan="1" colspan="1"><p>BRASILIA</p></td><td rowspan="1" colspan="1"><p>FUNDO DE SAUDE DO DISTRITO FEDERAL</p></td><td rowspan="1" colspan="1"><p>Estadual</p></td><td rowspan="1" colspan="1"><p>0010480</p></td><td rowspan="1" colspan="1"><p>Banco de Leite Humano do Hospital Regional de Ceilândia</p></td><td rowspan="1" colspan="1"><p>15.000,00</p></td><td rowspan="1" colspan="1"><p>180.000,00</p></td></tr><tr><td rowspan="1" colspan="1"><p>DF</p></td><td rowspan="1" colspan="1"><p>Brasília</p></td><td rowspan="1" colspan="1"><p>530010</p></td><td rowspan="1" colspan="1"><p>BRASILIA</p></td><td rowspan="1" colspan="1"><p>FUNDO DE SAUDE DO DISTRITO FEDERAL</p></td><td rowspan="1" colspan="1"><p>Estadual</p></td><td rowspan="1" colspan="1"><p>0010499</p></td><td rowspan="1" colspan="1"><p>Banco de Leite Humano do Hospital Regional de Taguatinga</p></td><td rowspan="1" colspan="1"><p>15.000,00</p></td><td rowspan="1" colspan="1"><p>180.000,00</p></td></tr></table>]]></Texto>
  </body>
  <Midias />
</article></xml>