﻿<xml><article id="44735879" name="Portaria FP 31 07 2025 Descreden" idOficio="11191432" pubName="DO1" artType="Despacho" pubDate="01/08/2025" artClass="00047:00039:00000:00000:00000:00000:00000:00000:00000:00000:00024:00000" artCategory="Ministério da Saúde/Secretaria de Ciência, Tecnologia e Inovação e do Complexo Econômico-Industrial da Saúde" artSize="24" artNotes="" numberPage="158" pdfPage="http://pesquisa.in.gov.br/imprensa/jsp/visualiza/index.jsp?data=01/08/2025&amp;jornal=515&amp;pagina=158" editionNumber="144" highlightType="" highlightPriority="" highlight="" highlightimage="" highlightimagename="" idMateria="22948776">
  <body>
    <Identifica />
    <Data><![CDATA[]]></Data>
    <Ementa />
    <Titulo />
    <SubTitulo />
    <Texto><![CDATA[<p /><p></p><table><tr /><tr><td rowspan="1" colspan="1"><p>3150</p></td><td rowspan="1" colspan="1"><p>03238872000180</p></td><td rowspan="1" colspan="1"><p>VIMAR COMERCIO FARMACEUTICO DE BILAC LTDA</p></td><td rowspan="1" colspan="1"><p>SP</p></td><td rowspan="1" colspan="1"><p>BILAC</p></td><td rowspan="1" colspan="1"><p>25000083708201180</p></td></tr><tr><td rowspan="1" colspan="1"><p>3151</p></td><td rowspan="1" colspan="1"><p>02743218002539</p></td><td rowspan="1" colspan="1"><p>DROGA EX LTDA FALIDO</p></td><td rowspan="1" colspan="1"><p>SP</p></td><td rowspan="1" colspan="1"><p>BIRIGUI</p></td><td rowspan="1" colspan="1"><p>25000564771200906</p></td></tr><tr><td rowspan="1" colspan="1"><p>3152</p></td><td rowspan="1" colspan="1"><p>04095241000201</p></td><td rowspan="1" colspan="1"><p>DROGARIA MODERNA II DE BIRIGUI LTDA</p></td><td rowspan="1" colspan="1"><p>SP</p></td><td rowspan="1" colspan="1"><p>BIRIGUI</p></td><td rowspan="1" colspan="1"><p>25000007156200999</p></td></tr><tr><td rowspan="1" colspan="1"><p>3153</p></td><td rowspan="1" colspan="1"><p>60605664021022</p></td><td rowspan="1" colspan="1"><p>RAIA S.A.</p></td><td rowspan="1" colspan="1"><p>SP</p></td><td rowspan="1" colspan="1"><p>BIRIGUI</p></td><td rowspan="1" colspan="1"><p>25000044144200696</p></td></tr><tr><td rowspan="1" colspan="1"><p>3154</p></td><td rowspan="1" colspan="1"><p>08091511000178</p></td><td rowspan="1" colspan="1"><p>MARIA FELISBINA FERREIRA</p></td><td rowspan="1" colspan="1"><p>SP</p></td><td rowspan="1" colspan="1"><p>BIRITIBA-MIRIM</p></td><td rowspan="1" colspan="1"><p>25000043685200991</p></td></tr><tr><td rowspan="1" colspan="1"><p>3155</p></td><td rowspan="1" colspan="1"><p>13281579000150</p></td><td rowspan="1" colspan="1"><p>LUIS HENRIQUE FERNANDES</p></td><td rowspan="1" colspan="1"><p>SP</p></td><td rowspan="1" colspan="1"><p>BOCAINA</p></td><td rowspan="1" colspan="1"><p>25000129349201114</p></td></tr><tr><td rowspan="1" colspan="1"><p>3156</p></td><td rowspan="1" colspan="1"><p>03515658000124</p></td><td rowspan="1" colspan="1"><p>DROGARIA 9 DE JULHO LTDA</p></td><td rowspan="1" colspan="1"><p>SP</p></td><td rowspan="1" colspan="1"><p>BOITUVA</p></td><td rowspan="1" colspan="1"><p>25000107160201090</p></td></tr><tr><td rowspan="1" colspan="1"><p>3157</p></td><td rowspan="1" colspan="1"><p>02126196000190</p></td><td rowspan="1" colspan="1"><p>DROGARIA JORGE PEREIRA LTDA</p></td><td rowspan="1" colspan="1"><p>SP</p></td><td rowspan="1" colspan="1"><p>BOITUVA</p></td><td rowspan="1" colspan="1"><p>25000008324200963</p></td></tr><tr><td rowspan="1" colspan="1"><p>3158</p></td><td rowspan="1" colspan="1"><p>59751842000128</p></td><td rowspan="1" colspan="1"><p>DROGARIA MONICA ELEN LTDA</p></td><td rowspan="1" colspan="1"><p>SP</p></td><td rowspan="1" colspan="1"><p>BOITUVA</p></td><td rowspan="1" colspan="1"><p>25000052440201215</p></td></tr><tr><td rowspan="1" colspan="1"><p>3159</p></td><td rowspan="1" colspan="1"><p>11064224000183</p></td><td rowspan="1" colspan="1"><p>GILSIMARA H CRISTO &amp; CIA LTDA</p></td><td rowspan="1" colspan="1"><p>SP</p></td><td rowspan="1" colspan="1"><p>BOITUVA</p></td><td rowspan="1" colspan="1"><p>25000116359201017</p></td></tr><tr><td rowspan="1" colspan="1"><p>3160</p></td><td rowspan="1" colspan="1"><p>16878675000844</p></td><td rowspan="1" colspan="1"><p>CGM - DROGARIA LTDA</p></td><td rowspan="1" colspan="1"><p>SP</p></td><td rowspan="1" colspan="1"><p>BOM JESUS DOS PERDOES</p></td><td rowspan="1" colspan="1"><p>25000204154201322</p></td></tr><tr><td rowspan="1" colspan="1"><p>3161</p></td><td rowspan="1" colspan="1"><p>11298557000177</p></td><td rowspan="1" colspan="1"><p>JULIANA APARECIDA FERREIRA LIMA FERNANDES DA SILVEIRA</p></td><td rowspan="1" colspan="1"><p>SP</p></td><td rowspan="1" colspan="1"><p>BOM JESUS DOS PERDOES</p></td><td rowspan="1" colspan="1"><p>25000068735201538</p></td></tr><tr><td rowspan="1" colspan="1"><p>3162</p></td><td rowspan="1" colspan="1"><p>02743218002881</p></td><td rowspan="1" colspan="1"><p>DROGA EX LTDA FALIDO</p></td><td rowspan="1" colspan="1"><p>SP</p></td><td rowspan="1" colspan="1"><p>BOTUCATU</p></td><td rowspan="1" colspan="1"><p>25000564771200906</p></td></tr><tr><td rowspan="1" colspan="1"><p>3163</p></td><td rowspan="1" colspan="1"><p>04970861000153</p></td><td rowspan="1" colspan="1"><p>PAULISTA VIP COMERCIO DE MEDICAMENTOS LTDA</p></td><td rowspan="1" colspan="1"><p>SP</p></td><td rowspan="1" colspan="1"><p>BOTUCATU</p></td><td rowspan="1" colspan="1"><p>25000142350201215</p></td></tr><tr><td rowspan="1" colspan="1"><p>3164</p></td><td rowspan="1" colspan="1"><p>15157224000189</p></td><td rowspan="1" colspan="1"><p>EGK DROGARIA LTDA</p></td><td rowspan="1" colspan="1"><p>SP</p></td><td rowspan="1" colspan="1"><p>BRAGANCA PAULISTA</p></td><td rowspan="1" colspan="1"><p>25000092868201462</p></td></tr><tr><td rowspan="1" colspan="1"><p>3165</p></td><td rowspan="1" colspan="1"><p>18424368000142</p></td><td rowspan="1" colspan="1"><p>FARMA TURELA LTDA.</p></td><td rowspan="1" colspan="1"><p>SP</p></td><td rowspan="1" colspan="1"><p>BRAGANCA PAULISTA</p></td><td rowspan="1" colspan="1"><p>25000223679201367</p></td></tr><tr><td rowspan="1" colspan="1"><p>3166</p></td><td rowspan="1" colspan="1"><p>16758545000606</p></td><td rowspan="1" colspan="1"><p>MA CONDE DROGARIA LTDA</p></td><td rowspan="1" colspan="1"><p>SP</p></td><td rowspan="1" colspan="1"><p>BRAGANCA PAULISTA</p></td><td rowspan="1" colspan="1"><p>25000158000200622</p></td></tr><tr><td rowspan="1" colspan="1"><p>3167</p></td><td rowspan="1" colspan="1"><p>60605664018153</p></td><td rowspan="1" colspan="1"><p>RAIA S.A.</p></td><td rowspan="1" colspan="1"><p>SP</p></td><td rowspan="1" colspan="1"><p>BRAGANCA PAULISTA</p></td><td rowspan="1" colspan="1"><p>25000044144200696</p></td></tr><tr><td rowspan="1" colspan="1"><p>3168</p></td><td rowspan="1" colspan="1"><p>17105365000183</p></td><td rowspan="1" colspan="1"><p>SANDRA CRISTINA FRENHAN</p></td><td rowspan="1" colspan="1"><p>SP</p></td><td rowspan="1" colspan="1"><p>BRAGANCA PAULISTA</p></td><td rowspan="1" colspan="1"><p>25000213210201409</p></td></tr><tr><td rowspan="1" colspan="1"><p>3169</p></td><td rowspan="1" colspan="1"><p>06347709000144</p></td><td rowspan="1" colspan="1"><p>JULIANA MARINZECK ABRAHAO PIRES CASSIANO</p></td><td rowspan="1" colspan="1"><p>SP</p></td><td rowspan="1" colspan="1"><p>BRODOWSKI</p></td><td rowspan="1" colspan="1"><p>25000219540200851</p></td></tr><tr><td rowspan="1" colspan="1"><p>3170</p></td><td rowspan="1" colspan="1"><p>12452782000189</p></td><td rowspan="1" colspan="1"><p>ELISANGELA M.DE O. DOS SANTOS</p></td><td rowspan="1" colspan="1"><p>SP</p></td><td rowspan="1" colspan="1"><p>BROTAS</p></td><td rowspan="1" colspan="1"><p>25000108451201186</p></td></tr><tr><td rowspan="1" colspan="1"><p>3171</p></td><td rowspan="1" colspan="1"><p>59603977002190</p></td><td rowspan="1" colspan="1"><p>FARMACIA NOSSA SENHORA DO ROSARIO LTDA - EM RECUPERACAO JUDICIAL EM RECUPERACAO JUDICIAL</p></td><td rowspan="1" colspan="1"><p>SP</p></td><td rowspan="1" colspan="1"><p>BROTAS</p></td><td rowspan="1" colspan="1"><p>25000092394200649</p></td></tr><tr><td rowspan="1" colspan="1"><p>3172</p></td><td rowspan="1" colspan="1"><p>05091810000114</p></td><td rowspan="1" colspan="1"><p>COMERCIAL BURIENSE LTDA</p></td><td rowspan="1" colspan="1"><p>SP</p></td><td rowspan="1" colspan="1"><p>BURI</p></td><td rowspan="1" colspan="1"><p>25000227696200725</p></td></tr><tr><td rowspan="1" colspan="1"><p>3173</p></td><td rowspan="1" colspan="1"><p>09398741000147</p></td><td rowspan="1" colspan="1"><p>EMERSON SILVA DE GODOY</p></td><td rowspan="1" colspan="1"><p>SP</p></td><td rowspan="1" colspan="1"><p>BURITAMA</p></td><td rowspan="1" colspan="1"><p>25000156308201362</p></td></tr><tr><td rowspan="1" colspan="1"><p>3174</p></td><td rowspan="1" colspan="1"><p>54567144000153</p></td><td rowspan="1" colspan="1"><p>ELISABETE LIMA CARA DE OLIVEIRA</p></td><td rowspan="1" colspan="1"><p>SP</p></td><td rowspan="1" colspan="1"><p>CABREUVA</p></td><td rowspan="1" colspan="1"><p>25000079925200799</p></td></tr><tr><td rowspan="1" colspan="1"><p>3175</p></td><td rowspan="1" colspan="1"><p>65461857000154</p></td><td rowspan="1" colspan="1"><p>HELOISA T.M.LOUREIRO</p></td><td rowspan="1" colspan="1"><p>SP</p></td><td rowspan="1" colspan="1"><p>CACAPAVA</p></td><td rowspan="1" colspan="1"><p>25000005147201188</p></td></tr><tr><td rowspan="1" colspan="1"><p>3176</p></td><td rowspan="1" colspan="1"><p>60605664027225</p></td><td rowspan="1" colspan="1"><p>RAIA S.A.</p></td><td rowspan="1" colspan="1"><p>SP</p></td><td rowspan="1" colspan="1"><p>CACAPAVA</p></td><td rowspan="1" colspan="1"><p>25000044144200696</p></td></tr><tr><td rowspan="1" colspan="1"><p>3177</p></td><td rowspan="1" colspan="1"><p>11910537000105</p></td><td rowspan="1" colspan="1"><p>NOVAFARMA COMERCIAL DE MEDICAMENTOS EIRELI</p></td><td rowspan="1" colspan="1"><p>SP</p></td><td rowspan="1" colspan="1"><p>CACHOEIRA PAULISTA</p></td><td rowspan="1" colspan="1"><p>25000048081201111</p></td></tr><tr><td rowspan="1" colspan="1"><p>3178</p></td><td rowspan="1" colspan="1"><p>04258156000128</p></td><td rowspan="1" colspan="1"><p>CARINA DE MORAES FREITAS - CAIEIRAS</p></td><td rowspan="1" colspan="1"><p>SP</p></td><td rowspan="1" colspan="1"><p>CAIEIRAS</p></td><td rowspan="1" colspan="1"><p>25000060216201469</p></td></tr><tr><td rowspan="1" colspan="1"><p>3179</p></td><td rowspan="1" colspan="1"><p>65837916000812</p></td><td rowspan="1" colspan="1"><p>DEMAC PRODUTOS FARMACEUTICOS LTDA FALIDO</p></td><td rowspan="1" colspan="1"><p>SP</p></td><td rowspan="1" colspan="1"><p>CAJAMAR</p></td><td rowspan="1" colspan="1"><p>25000129811200616</p></td></tr><tr><td rowspan="1" colspan="1"><p>3180</p></td><td rowspan="1" colspan="1"><p>50103316000187</p></td><td rowspan="1" colspan="1"><p>DROGA FARMA LAFAYETE LTDA</p></td><td rowspan="1" colspan="1"><p>SP</p></td><td rowspan="1" colspan="1"><p>CAMPINAS</p></td><td rowspan="1" colspan="1"><p>25000147058201116</p></td></tr><tr><td rowspan="1" colspan="1"><p>3181</p></td><td rowspan="1" colspan="1"><p>58195413002879</p></td><td rowspan="1" colspan="1"><p>DROGAN DROGARIAS LTDA</p></td><td rowspan="1" colspan="1"><p>SP</p></td><td rowspan="1" colspan="1"><p>CAMPINAS</p></td><td rowspan="1" colspan="1"><p>25000027030200931</p></td></tr><tr><td rowspan="1" colspan="1"><p>3182</p></td><td rowspan="1" colspan="1"><p>03827343000112</p></td><td rowspan="1" colspan="1"><p>DROGARIA FARMASHOPPING LTDA</p></td><td rowspan="1" colspan="1"><p>SP</p></td><td rowspan="1" colspan="1"><p>CAMPINAS</p></td><td rowspan="1" colspan="1"><p>25000162827200631</p></td></tr><tr><td rowspan="1" colspan="1"><p>3183</p></td><td rowspan="1" colspan="1"><p>11456271000172</p></td><td rowspan="1" colspan="1"><p>DROGARIA MIG ALVARES MACHADO LTDA</p></td><td rowspan="1" colspan="1"><p>SP</p></td><td rowspan="1" colspan="1"><p>CAMPINAS</p></td><td rowspan="1" colspan="1"><p>25000122608201348</p></td></tr><tr><td rowspan="1" colspan="1"><p>3184</p></td><td rowspan="1" colspan="1"><p>11351255000115</p></td><td rowspan="1" colspan="1"><p>DROGARIA MIG GLICERIO LTDA</p></td><td rowspan="1" colspan="1"><p>SP</p></td><td rowspan="1" colspan="1"><p>CAMPINAS</p></td><td rowspan="1" colspan="1"><p>25000185611201020</p></td></tr><tr><td rowspan="1" colspan="1"><p>3185</p></td><td rowspan="1" colspan="1"><p>53119806000160</p></td><td rowspan="1" colspan="1"><p>DROGARIA PAULISTA DE CAMPINAS LTDA</p></td><td rowspan="1" colspan="1"><p>SP</p></td><td rowspan="1" colspan="1"><p>CAMPINAS</p></td><td rowspan="1" colspan="1"><p>25000580648200924</p></td></tr><tr><td rowspan="1" colspan="1"><p>3186</p></td><td rowspan="1" colspan="1"><p>02613492000116</p></td><td rowspan="1" colspan="1"><p>DROGARIA PRINCESA DE CAMPINAS LTDA</p></td><td rowspan="1" colspan="1"><p>SP</p></td><td rowspan="1" colspan="1"><p>CAMPINAS</p></td><td rowspan="1" colspan="1"><p>25000048183201217</p></td></tr><tr><td rowspan="1" colspan="1"><p>3187</p></td><td rowspan="1" colspan="1"><p>49799786000229</p></td><td rowspan="1" colspan="1"><p>DROGARIA TAMAVY LTDA</p></td><td rowspan="1" colspan="1"><p>SP</p></td><td rowspan="1" colspan="1"><p>CAMPINAS</p></td><td rowspan="1" colspan="1"><p>25000547918200995</p></td></tr><tr><td rowspan="1" colspan="1"><p>3188</p></td><td rowspan="1" colspan="1"><p>00532711000298</p></td><td rowspan="1" colspan="1"><p>DROGARIA TIBIRICA CAMPINAS LTDA</p></td><td rowspan="1" colspan="1"><p>SP</p></td><td rowspan="1" colspan="1"><p>CAMPINAS</p></td><td rowspan="1" colspan="1"><p>25000199006201206</p></td></tr><tr><td rowspan="1" colspan="1"><p>3189</p></td><td rowspan="1" colspan="1"><p>55992358002426</p></td><td rowspan="1" colspan="1"><p>DROGAVIDA COMERCIAL DE DROGAS LTDA.</p></td><td rowspan="1" colspan="1"><p>SP</p></td><td rowspan="1" colspan="1"><p>CAMPINAS</p></td><td rowspan="1" colspan="1"><p>25000044368200612</p></td></tr><tr><td rowspan="1" colspan="1"><p>3190</p></td><td rowspan="1" colspan="1"><p>06351725000100</p></td><td rowspan="1" colspan="1"><p>DUDA FARMA DROGARIA LTDA</p></td><td rowspan="1" colspan="1"><p>SP</p></td><td rowspan="1" colspan="1"><p>CAMPINAS</p></td><td rowspan="1" colspan="1"><p>25000165098200674</p></td></tr><tr><td rowspan="1" colspan="1"><p>3191</p></td><td rowspan="1" colspan="1"><p>51048650000148</p></td><td rowspan="1" colspan="1"><p>FARMA - DROGANOVA DE CAMPINAS LTDA</p></td><td rowspan="1" colspan="1"><p>SP</p></td><td rowspan="1" colspan="1"><p>CAMPINAS</p></td><td rowspan="1" colspan="1"><p>25000580686200987</p></td></tr><tr><td rowspan="1" colspan="1"><p>3192</p></td><td rowspan="1" colspan="1"><p>00856551000151</p></td><td rowspan="1" colspan="1"><p>FARMAHELP DROGARIA LTDA</p></td><td rowspan="1" colspan="1"><p>SP</p></td><td rowspan="1" colspan="1"><p>CAMPINAS</p></td><td rowspan="1" colspan="1"><p>25000166899200657</p></td></tr><tr><td rowspan="1" colspan="1"><p>3193</p></td><td rowspan="1" colspan="1"><p>08401510000182</p></td><td rowspan="1" colspan="1"><p>FARMAXIMUS DROGARIA LTDA</p></td><td rowspan="1" colspan="1"><p>SP</p></td><td rowspan="1" colspan="1"><p>CAMPINAS</p></td><td rowspan="1" colspan="1"><p>25000038818200972</p></td></tr><tr><td rowspan="1" colspan="1"><p>3194</p></td><td rowspan="1" colspan="1"><p>06885605000193</p></td><td rowspan="1" colspan="1"><p>GIGA FARMA DROGARIA LTDA</p></td><td rowspan="1" colspan="1"><p>SP</p></td><td rowspan="1" colspan="1"><p>CAMPINAS</p></td><td rowspan="1" colspan="1"><p>25000112460201333</p></td></tr><tr><td rowspan="1" colspan="1"><p>3195</p></td><td rowspan="1" colspan="1"><p>12409360000120</p></td><td rowspan="1" colspan="1"><p>GIOVANNI PAULINO DROGARIA</p></td><td rowspan="1" colspan="1"><p>SP</p></td><td rowspan="1" colspan="1"><p>CAMPINAS</p></td><td rowspan="1" colspan="1"><p>25000112163201215</p></td></tr><tr><td rowspan="1" colspan="1"><p>3196</p></td><td rowspan="1" colspan="1"><p>08455049000140</p></td><td rowspan="1" colspan="1"><p>GONCALVES DE FARIA DROGARIA LTDA</p></td><td rowspan="1" colspan="1"><p>SP</p></td><td rowspan="1" colspan="1"><p>CAMPINAS</p></td><td rowspan="1" colspan="1"><p>25000012065201432</p></td></tr><tr><td rowspan="1" colspan="1"><p>3197</p></td><td rowspan="1" colspan="1"><p>15623874000172</p></td><td rowspan="1" colspan="1"><p>LUCIMARA DIAS RODRIGUES CARDOSO &amp; CIA LTDA</p></td><td rowspan="1" colspan="1"><p>SP</p></td><td rowspan="1" colspan="1"><p>CAMPINAS</p></td><td rowspan="1" colspan="1"><p>25000213597201495</p></td></tr><tr><td rowspan="1" colspan="1"><p>3198</p></td><td rowspan="1" colspan="1"><p>05630377000148</p></td><td rowspan="1" colspan="1"><p>MARCOS ALBERTO MARCHIORI &amp; CIA LTDA</p></td><td rowspan="1" colspan="1"><p>SP</p></td><td rowspan="1" colspan="1"><p>CAMPINAS</p></td><td rowspan="1" colspan="1"><p>25000044055200656</p></td></tr><tr><td rowspan="1" colspan="1"><p>3199</p></td><td rowspan="1" colspan="1"><p>61585865077707</p></td><td rowspan="1" colspan="1"><p>RAIA DROGASIL S/A</p></td><td rowspan="1" colspan="1"><p>SP</p></td><td rowspan="1" colspan="1"><p>CAMPINAS</p></td><td rowspan="1" colspan="1"><p>25000044118200674</p></td></tr><tr><td rowspan="1" colspan="1"><p>3200</p></td><td rowspan="1" colspan="1"><p>60605664019125</p></td><td rowspan="1" colspan="1"><p>RAIA S.A.</p></td><td rowspan="1" colspan="1"><p>SP</p></td><td rowspan="1" colspan="1"><p>CAMPINAS</p></td><td rowspan="1" colspan="1"><p>25000044144200696</p></td></tr><tr><td rowspan="1" colspan="1"><p>3201</p></td><td rowspan="1" colspan="1"><p>60605664004012</p></td><td rowspan="1" colspan="1"><p>RAIA S.A.</p></td><td rowspan="1" colspan="1"><p>SP</p></td><td rowspan="1" colspan="1"><p>CAMPINAS</p></td><td rowspan="1" colspan="1"><p>25000044144200696</p></td></tr><tr><td rowspan="1" colspan="1"><p>3202</p></td><td rowspan="1" colspan="1"><p>60605664019044</p></td><td rowspan="1" colspan="1"><p>RAIA S.A.</p></td><td rowspan="1" colspan="1"><p>SP</p></td><td rowspan="1" colspan="1"><p>CAMPINAS</p></td><td rowspan="1" colspan="1"><p>25000044144200696</p></td></tr><tr><td rowspan="1" colspan="1"><p>3203</p></td><td rowspan="1" colspan="1"><p>60605664018749</p></td><td rowspan="1" colspan="1"><p>RAIA S.A.</p></td><td rowspan="1" colspan="1"><p>SP</p></td><td rowspan="1" colspan="1"><p>CAMPINAS</p></td><td rowspan="1" colspan="1"><p>25000044144200696</p></td></tr><tr><td rowspan="1" colspan="1"><p>3204</p></td><td rowspan="1" colspan="1"><p>60605664000297</p></td><td rowspan="1" colspan="1"><p>RAIA S.A.</p></td><td rowspan="1" colspan="1"><p>SP</p></td><td rowspan="1" colspan="1"><p>CAMPINAS</p></td><td rowspan="1" colspan="1"><p>25000044144200696</p></td></tr><tr><td rowspan="1" colspan="1"><p>3205</p></td><td rowspan="1" colspan="1"><p>60605664008433</p></td><td rowspan="1" colspan="1"><p>RAIA S.A.</p></td><td rowspan="1" colspan="1"><p>SP</p></td><td rowspan="1" colspan="1"><p>CAMPINAS</p></td><td rowspan="1" colspan="1"><p>25000044144200696</p></td></tr><tr><td rowspan="1" colspan="1"><p>3206</p></td><td rowspan="1" colspan="1"><p>60605664005922</p></td><td rowspan="1" colspan="1"><p>RAIA S.A.</p></td><td rowspan="1" colspan="1"><p>SP</p></td><td rowspan="1" colspan="1"><p>CAMPINAS</p></td><td rowspan="1" colspan="1"><p>25000044144200696</p></td></tr><tr><td rowspan="1" colspan="1"><p>3207</p></td><td rowspan="1" colspan="1"><p>04735455001340</p></td><td rowspan="1" colspan="1"><p>REDE NACIONAL DE DROGARIAS S.A. EM RECUPERACAO JUDICIAL</p></td><td rowspan="1" colspan="1"><p>SP</p></td><td rowspan="1" colspan="1"><p>CAMPINAS</p></td><td rowspan="1" colspan="1"><p>25000066770200640</p></td></tr><tr><td rowspan="1" colspan="1"><p>3208</p></td><td rowspan="1" colspan="1"><p>04735455002230</p></td><td rowspan="1" colspan="1"><p>REDE NACIONAL DE DROGARIAS S.A. EM RECUPERACAO JUDICIAL</p></td><td rowspan="1" colspan="1"><p>SP</p></td><td rowspan="1" colspan="1"><p>CAMPINAS</p></td><td rowspan="1" colspan="1"><p>25000066770200640</p></td></tr><tr><td rowspan="1" colspan="1"><p>3209</p></td><td rowspan="1" colspan="1"><p>08891234000188</p></td><td rowspan="1" colspan="1"><p>REDE SUPER FARMA DE DROGARIAS EIRELI</p></td><td rowspan="1" colspan="1"><p>SP</p></td><td rowspan="1" colspan="1"><p>CAMPINAS</p></td><td rowspan="1" colspan="1"><p>25000174401201014</p></td></tr><tr><td rowspan="1" colspan="1"><p>3210</p></td><td rowspan="1" colspan="1"><p>00063960034852</p></td><td rowspan="1" colspan="1"><p>WMB SUPERMERCADOS DO BRASIL LTDA.</p></td><td rowspan="1" colspan="1"><p>SP</p></td><td rowspan="1" colspan="1"><p>CAMPINAS</p></td><td rowspan="1" colspan="1"><p>25000086421201292</p></td></tr><tr><td rowspan="1" colspan="1"><p>3211</p></td><td rowspan="1" colspan="1"><p>65837916001207</p></td><td rowspan="1" colspan="1"><p>DEMAC PRODUTOS FARMACEUTICOS LTDA FALIDO</p></td><td rowspan="1" colspan="1"><p>SP</p></td><td rowspan="1" colspan="1"><p>CAMPO LIMPO PAULISTA</p></td><td rowspan="1" colspan="1"><p>25000129811200616</p></td></tr></table>]]></Texto>
  </body>
  <Midias />
</article></xml>