﻿<xml><article id="44734031" name="7787PortariaPropostaFAF_20250731" idOficio="11191342" pubName="DO1" artType="Portaria" pubDate="01/08/2025" artClass="00047:00001:00000:00000:00000:00000:00000:00000:00000:00000:00054:00000" artCategory="Ministério da Saúde/Gabinete do Ministro" artSize="24" artNotes="" numberPage="113" pdfPage="http://pesquisa.in.gov.br/imprensa/jsp/visualiza/index.jsp?data=01/08/2025&amp;jornal=515&amp;pagina=113" editionNumber="144" highlightType="" highlightPriority="" highlight="" highlightimage="" highlightimagename="" idMateria="22948599">
  <body>
    <Identifica><![CDATA[ PORTARIA GM/MS Nº 7.787, DE 31 DE JULHO DE 2025]]></Identifica>
    <Data><![CDATA[]]></Data>
    <Ementa><![CDATA[ Autoriza o Município ou Distrito Federal a receber recursos financeiros destinados à execução de obras de reforma de Unidade Básica de Saúde.]]></Ementa>
    <Titulo />
    <SubTitulo />
    <Texto><![CDATA[<p class="identifica">PORTARIA GM/MS Nº 7.787, DE 31 DE JULHO DE 2025</p><p class="ementa">Autoriza o Município ou Distrito Federal a receber recursos financeiros destinados à execução de obras de reforma de Unidade Básica de Saúde.</p><p>O MINISTRO DE ESTADO DA SAÚDE, no uso das atribuições que lhe conferem os incisos I e II do parágrafo único do art. 87 da Constituição, em observância a Lei nº 15.121, de 10 de abril de 2025, Lei Complementar nº 141, de 13 de janeiro de 2012, Lei nº 8.080, de 19 de setembro de 1990, resolve:</p><p>Art. 1º Ficam autorizados os Municípios ou Distrito Federal, descritos no anexo desta Portaria a receberem recursos financeiros destinado à execução de obras de reforma.</p><p>Art. 2º As propostas de que tratam essa Portaria serão processadas no Sistema de Monitoramento de Obras Fundo a Fundo (SISMOB), por meio do InvestSUS Gestão, disponível no portalfns.saude.gov.br.</p><p>Art. 3º O Fundo Nacional de Saúde adotará as medidas necessárias para as transferências de recursos financeiros estabelecidas nesta Portaria aos respectivos Fundos de Saúde, em parcela única, em conformidade com os processos de pagamento instruídos pela Secretaria de Atenção Primária à Saúde - SAPS, após atendidas as condições previstas para essa modalidade de transferência.</p><p>Art. 4º O Município ou Distrito Federal habilitado deverá informar periodicamente a situação de execução da proposta habilitada no SISMOB, nos termos da Portaria de Consolidação GM/MS nº 06, de 03 de outubro de 2017, TITULO IX, DO FINACIAMENTO FUNDO A FUNDO PARA EXECUÇÃO DE OBRAS, artigos 1104 a 1120.</p><p>Art. 5º A prestação de contas sobre a aplicação dos recursos financeiros será realizada por meio do Relatório Anual de Gestão - RAG, aprovado pelo respectivo Conselho local de saúde, nos termos dos artigos 34 a 36 da Lei Complementar nº 141, de 14 de janeiro de 2012.</p><p>Art. 6º. Esta Portaria entra em vigor na data de sua publicação.</p><p class="assina">ALEXANDRE ROCHA SANTOS PADILHA</p><p class="anexo">ANEXO</p><p>Entes federados autorizados a receberem recursos financeiros federais de emendas destinados a execução de obras Fundo a Fundo de reforma.</p><p /><p></p><table><tr /><tr><td rowspan="1" colspan="1"><p>UF</p></td><td rowspan="1" colspan="1"><p>MUNICÍPIO</p></td><td rowspan="1" colspan="1"><p>ENTIDADE</p></td><td rowspan="1" colspan="1"><p>Nº DA PROPOSTA</p></td><td rowspan="1" colspan="1"><p>CÓD. EMENDA</p></td><td rowspan="1" colspan="1"><p>VALOR POR PARLAMENTAR (R$)</p></td><td rowspan="1" colspan="1"><p>VALOR TOTAL DA PROPOSTA (R$)</p></td><td rowspan="1" colspan="1"><p>FUNCIONAL PROGRAMÁTICA</p></td></tr><tr><td rowspan="1" colspan="1"><p>RO</p></td><td rowspan="1" colspan="1"><p>CUJUBIM</p></td><td rowspan="1" colspan="1"><p>FUNDO MUNICIPAL DE SAUDE DE CUJUBIM</p></td><td rowspan="1" colspan="1"><p>11485023000125004</p></td><td rowspan="1" colspan="1"><p>37060001</p></td><td rowspan="1" colspan="1"><p>499.966,00</p></td><td rowspan="1" colspan="1"><p>499.966,00</p></td><td rowspan="1" colspan="1"><p>10301511985810011</p></td></tr><tr><td rowspan="1" colspan="1"><p>RR</p></td><td rowspan="1" colspan="1"><p>RORAINOPOLIS</p></td><td rowspan="1" colspan="1"><p>FUNDO MUNICIPAL DE SAUDE DO MUNICIPIO DE RORAINOPOLIS</p></td><td rowspan="1" colspan="1"><p>12236981000125002</p></td><td rowspan="1" colspan="1"><p>42930005</p></td><td rowspan="1" colspan="1"><p>991.206,00</p></td><td rowspan="1" colspan="1"><p>991.206,00</p></td><td rowspan="1" colspan="1"><p>10301511985810014</p></td></tr><tr><td rowspan="1" colspan="1"><p>RR</p></td><td rowspan="1" colspan="1"><p>RORAINOPOLIS</p></td><td rowspan="1" colspan="1"><p>FUNDO MUNICIPAL DE SAUDE DO MUNICIPIO DE RORAINOPOLIS</p></td><td rowspan="1" colspan="1"><p>12236981000125003</p></td><td rowspan="1" colspan="1"><p>44410007</p></td><td rowspan="1" colspan="1"><p>996.193,00</p></td><td rowspan="1" colspan="1"><p>996.193,00</p></td><td rowspan="1" colspan="1"><p>10301511985810014</p></td></tr><tr><td rowspan="1" colspan="1"><p>RS</p></td><td rowspan="1" colspan="1"><p>RIO GRANDE</p></td><td rowspan="1" colspan="1"><p>FUNDO MUNICIPAL DE SAUDE DE RIO GRANDE</p></td><td rowspan="1" colspan="1"><p>12094476000125020</p></td><td rowspan="1" colspan="1"><p>42950001</p></td><td rowspan="1" colspan="1"><p>664.350,00</p></td><td rowspan="1" colspan="1"><p>664.350,00</p></td><td rowspan="1" colspan="1"><p>10301511985810043</p></td></tr><tr><td rowspan="1" colspan="3"><p>TOTAL</p></td><td rowspan="1" colspan="1"><p>4 PROPOSTAS</p></td><td rowspan="1" colspan="2" /><td rowspan="1" colspan="1"><p>3.151.715,00</p></td><td rowspan="1" colspan="1" /></tr></table>]]></Texto>
  </body>
  <Midias />
</article></xml>