﻿<xml><article id="44735756" name="Portaria FP 31 07 2025 Descreden" idOficio="11191432" pubName="DO1" artType="Despacho" pubDate="01/08/2025" artClass="00047:00039:00000:00000:00000:00000:00000:00000:00000:00000:00024:00000" artCategory="Ministério da Saúde/Secretaria de Ciência, Tecnologia e Inovação e do Complexo Econômico-Industrial da Saúde" artSize="24" artNotes="" numberPage="128" pdfPage="http://pesquisa.in.gov.br/imprensa/jsp/visualiza/index.jsp?data=01/08/2025&amp;jornal=515&amp;pagina=128" editionNumber="144" highlightType="" highlightPriority="" highlight="" highlightimage="" highlightimagename="" idMateria="22948776">
  <body>
    <Identifica />
    <Data><![CDATA[]]></Data>
    <Ementa />
    <Titulo />
    <SubTitulo />
    <Texto><![CDATA[<p /><p></p><table><tr /><tr><td rowspan="1" colspan="1"><p>772</p></td><td rowspan="1" colspan="1"><p>17186115000891</p></td><td rowspan="1" colspan="1"><p>FARMACIA SANTA MARTA LTDA</p></td><td rowspan="1" colspan="1"><p>MG</p></td><td rowspan="1" colspan="1"><p>BELO HORIZONTE</p></td><td rowspan="1" colspan="1"><p>25000167138200612</p></td></tr><tr><td rowspan="1" colspan="1"><p>773</p></td><td rowspan="1" colspan="1"><p>17186115002673</p></td><td rowspan="1" colspan="1"><p>FARMACIA SANTA MARTA LTDA</p></td><td rowspan="1" colspan="1"><p>MG</p></td><td rowspan="1" colspan="1"><p>BELO HORIZONTE</p></td><td rowspan="1" colspan="1"><p>25000167138200612</p></td></tr><tr><td rowspan="1" colspan="1"><p>774</p></td><td rowspan="1" colspan="1"><p>17186115004293</p></td><td rowspan="1" colspan="1"><p>FARMACIA SANTA MARTA LTDA</p></td><td rowspan="1" colspan="1"><p>MG</p></td><td rowspan="1" colspan="1"><p>BELO HORIZONTE</p></td><td rowspan="1" colspan="1"><p>25000167138200612</p></td></tr><tr><td rowspan="1" colspan="1"><p>775</p></td><td rowspan="1" colspan="1"><p>17186115002401</p></td><td rowspan="1" colspan="1"><p>FARMACIA SANTA MARTA LTDA</p></td><td rowspan="1" colspan="1"><p>MG</p></td><td rowspan="1" colspan="1"><p>BELO HORIZONTE</p></td><td rowspan="1" colspan="1"><p>25000167138200612</p></td></tr><tr><td rowspan="1" colspan="1"><p>776</p></td><td rowspan="1" colspan="1"><p>17186115002835</p></td><td rowspan="1" colspan="1"><p>FARMACIA SANTA MARTA LTDA</p></td><td rowspan="1" colspan="1"><p>MG</p></td><td rowspan="1" colspan="1"><p>BELO HORIZONTE</p></td><td rowspan="1" colspan="1"><p>25000167138200612</p></td></tr><tr><td rowspan="1" colspan="1"><p>777</p></td><td rowspan="1" colspan="1"><p>17186115002754</p></td><td rowspan="1" colspan="1"><p>FARMACIA SANTA MARTA LTDA</p></td><td rowspan="1" colspan="1"><p>MG</p></td><td rowspan="1" colspan="1"><p>BELO HORIZONTE</p></td><td rowspan="1" colspan="1"><p>25000167138200612</p></td></tr><tr><td rowspan="1" colspan="1"><p>778</p></td><td rowspan="1" colspan="1"><p>17186115003050</p></td><td rowspan="1" colspan="1"><p>FARMACIA SANTA MARTA LTDA</p></td><td rowspan="1" colspan="1"><p>MG</p></td><td rowspan="1" colspan="1"><p>BELO HORIZONTE</p></td><td rowspan="1" colspan="1"><p>25000167138200612</p></td></tr><tr><td rowspan="1" colspan="1"><p>779</p></td><td rowspan="1" colspan="1"><p>17186115000972</p></td><td rowspan="1" colspan="1"><p>FARMACIA SANTA MARTA LTDA</p></td><td rowspan="1" colspan="1"><p>MG</p></td><td rowspan="1" colspan="1"><p>BELO HORIZONTE</p></td><td rowspan="1" colspan="1"><p>25000167138200612</p></td></tr><tr><td rowspan="1" colspan="1"><p>780</p></td><td rowspan="1" colspan="1"><p>17186115003211</p></td><td rowspan="1" colspan="1"><p>FARMACIA SANTA MARTA LTDA</p></td><td rowspan="1" colspan="1"><p>MG</p></td><td rowspan="1" colspan="1"><p>BELO HORIZONTE</p></td><td rowspan="1" colspan="1"><p>25000167138200612</p></td></tr><tr><td rowspan="1" colspan="1"><p>781</p></td><td rowspan="1" colspan="1"><p>17186115000549</p></td><td rowspan="1" colspan="1"><p>FARMACIA SANTA MARTA LTDA</p></td><td rowspan="1" colspan="1"><p>MG</p></td><td rowspan="1" colspan="1"><p>BELO HORIZONTE</p></td><td rowspan="1" colspan="1"><p>25000167138200612</p></td></tr><tr><td rowspan="1" colspan="1"><p>782</p></td><td rowspan="1" colspan="1"><p>17186115001006</p></td><td rowspan="1" colspan="1"><p>FARMACIA SANTA MARTA LTDA</p></td><td rowspan="1" colspan="1"><p>MG</p></td><td rowspan="1" colspan="1"><p>BELO HORIZONTE</p></td><td rowspan="1" colspan="1"><p>25000167138200612</p></td></tr><tr><td rowspan="1" colspan="1"><p>783</p></td><td rowspan="1" colspan="1"><p>17186115001430</p></td><td rowspan="1" colspan="1"><p>FARMACIA SANTA MARTA LTDA</p></td><td rowspan="1" colspan="1"><p>MG</p></td><td rowspan="1" colspan="1"><p>BELO HORIZONTE</p></td><td rowspan="1" colspan="1"><p>25000167138200612</p></td></tr><tr><td rowspan="1" colspan="1"><p>784</p></td><td rowspan="1" colspan="1"><p>17186115004374</p></td><td rowspan="1" colspan="1"><p>FARMACIA SANTA MARTA LTDA</p></td><td rowspan="1" colspan="1"><p>MG</p></td><td rowspan="1" colspan="1"><p>BELO HORIZONTE</p></td><td rowspan="1" colspan="1"><p>25000167138200612</p></td></tr><tr><td rowspan="1" colspan="1"><p>785</p></td><td rowspan="1" colspan="1"><p>17186115001863</p></td><td rowspan="1" colspan="1"><p>FARMACIA SANTA MARTA LTDA</p></td><td rowspan="1" colspan="1"><p>MG</p></td><td rowspan="1" colspan="1"><p>BELO HORIZONTE</p></td><td rowspan="1" colspan="1"><p>25000167138200612</p></td></tr><tr><td rowspan="1" colspan="1"><p>786</p></td><td rowspan="1" colspan="1"><p>17186115001782</p></td><td rowspan="1" colspan="1"><p>FARMACIA SANTA MARTA LTDA</p></td><td rowspan="1" colspan="1"><p>MG</p></td><td rowspan="1" colspan="1"><p>BELO HORIZONTE</p></td><td rowspan="1" colspan="1"><p>25000167138200612</p></td></tr><tr><td rowspan="1" colspan="1"><p>787</p></td><td rowspan="1" colspan="1"><p>17186115000115</p></td><td rowspan="1" colspan="1"><p>FARMACIA SANTA MARTA LTDA</p></td><td rowspan="1" colspan="1"><p>MG</p></td><td rowspan="1" colspan="1"><p>BELO HORIZONTE</p></td><td rowspan="1" colspan="1"><p>25000167138200612</p></td></tr><tr><td rowspan="1" colspan="1"><p>788</p></td><td rowspan="1" colspan="1"><p>17186115001278</p></td><td rowspan="1" colspan="1"><p>FARMACIA SANTA MARTA LTDA</p></td><td rowspan="1" colspan="1"><p>MG</p></td><td rowspan="1" colspan="1"><p>BELO HORIZONTE</p></td><td rowspan="1" colspan="1"><p>25000167138200612</p></td></tr><tr><td rowspan="1" colspan="1"><p>789</p></td><td rowspan="1" colspan="1"><p>17186115001510</p></td><td rowspan="1" colspan="1"><p>FARMACIA SANTA MARTA LTDA</p></td><td rowspan="1" colspan="1"><p>MG</p></td><td rowspan="1" colspan="1"><p>BELO HORIZONTE</p></td><td rowspan="1" colspan="1"><p>25000167138200612</p></td></tr><tr><td rowspan="1" colspan="1"><p>790</p></td><td rowspan="1" colspan="1"><p>17186115000204</p></td><td rowspan="1" colspan="1"><p>FARMACIA SANTA MARTA LTDA</p></td><td rowspan="1" colspan="1"><p>MG</p></td><td rowspan="1" colspan="1"><p>BELO HORIZONTE</p></td><td rowspan="1" colspan="1"><p>25000167138200612</p></td></tr><tr><td rowspan="1" colspan="1"><p>791</p></td><td rowspan="1" colspan="1"><p>17186115000620</p></td><td rowspan="1" colspan="1"><p>FARMACIA SANTA MARTA LTDA</p></td><td rowspan="1" colspan="1"><p>MG</p></td><td rowspan="1" colspan="1"><p>BELO HORIZONTE</p></td><td rowspan="1" colspan="1"><p>25000167138200612</p></td></tr><tr><td rowspan="1" colspan="1"><p>792</p></td><td rowspan="1" colspan="1"><p>17186115002592</p></td><td rowspan="1" colspan="1"><p>FARMACIA SANTA MARTA LTDA</p></td><td rowspan="1" colspan="1"><p>MG</p></td><td rowspan="1" colspan="1"><p>BELO HORIZONTE</p></td><td rowspan="1" colspan="1"><p>25000167138200612</p></td></tr><tr><td rowspan="1" colspan="1"><p>793</p></td><td rowspan="1" colspan="1"><p>19420687000142</p></td><td rowspan="1" colspan="1"><p>NIVIA DO SOCORRO GONCALVES SILVA &amp; CIA LTDA</p></td><td rowspan="1" colspan="1"><p>MG</p></td><td rowspan="1" colspan="1"><p>BELO HORIZONTE</p></td><td rowspan="1" colspan="1"><p>25000168890201491</p></td></tr><tr><td rowspan="1" colspan="1"><p>794</p></td><td rowspan="1" colspan="1"><p>01332827000165</p></td><td rowspan="1" colspan="1"><p>OLINDA FARMACIA E PERFUMARIA LTDA</p></td><td rowspan="1" colspan="1"><p>MG</p></td><td rowspan="1" colspan="1"><p>BELO HORIZONTE</p></td><td rowspan="1" colspan="1"><p>25000201517200819</p></td></tr><tr><td rowspan="1" colspan="1"><p>795</p></td><td rowspan="1" colspan="1"><p>00226706000176</p></td><td rowspan="1" colspan="1"><p>PHARMACIA HOMEOPATICA SENNE LTDA</p></td><td rowspan="1" colspan="1"><p>MG</p></td><td rowspan="1" colspan="1"><p>BELO HORIZONTE</p></td><td rowspan="1" colspan="1"><p>25000220484200806</p></td></tr><tr><td rowspan="1" colspan="1"><p>796</p></td><td rowspan="1" colspan="1"><p>04410422000196</p></td><td rowspan="1" colspan="1"><p>POLIGERAIS COMERCIAL LTDA</p></td><td rowspan="1" colspan="1"><p>MG</p></td><td rowspan="1" colspan="1"><p>BELO HORIZONTE</p></td><td rowspan="1" colspan="1"><p>25000113803200658</p></td></tr><tr><td rowspan="1" colspan="1"><p>797</p></td><td rowspan="1" colspan="1"><p>04410422000277</p></td><td rowspan="1" colspan="1"><p>POLIGERAIS COMERCIAL LTDA</p></td><td rowspan="1" colspan="1"><p>MG</p></td><td rowspan="1" colspan="1"><p>BELO HORIZONTE</p></td><td rowspan="1" colspan="1"><p>25000113803200658</p></td></tr><tr><td rowspan="1" colspan="1"><p>798</p></td><td rowspan="1" colspan="1"><p>61585865096167</p></td><td rowspan="1" colspan="1"><p>RAIA DROGASIL S/A</p></td><td rowspan="1" colspan="1"><p>MG</p></td><td rowspan="1" colspan="1"><p>BELO HORIZONTE</p></td><td rowspan="1" colspan="1"><p>25000044118200674</p></td></tr><tr><td rowspan="1" colspan="1"><p>799</p></td><td rowspan="1" colspan="1"><p>60605664014247</p></td><td rowspan="1" colspan="1"><p>RAIA S.A.</p></td><td rowspan="1" colspan="1"><p>MG</p></td><td rowspan="1" colspan="1"><p>BELO HORIZONTE</p></td><td rowspan="1" colspan="1"><p>25000044144200696</p></td></tr><tr><td rowspan="1" colspan="1"><p>800</p></td><td rowspan="1" colspan="1"><p>60605664013941</p></td><td rowspan="1" colspan="1"><p>RAIA S.A.</p></td><td rowspan="1" colspan="1"><p>MG</p></td><td rowspan="1" colspan="1"><p>BELO HORIZONTE</p></td><td rowspan="1" colspan="1"><p>25000044144200696</p></td></tr><tr><td rowspan="1" colspan="1"><p>801</p></td><td rowspan="1" colspan="1"><p>60605664027900</p></td><td rowspan="1" colspan="1"><p>RAIA S.A.</p></td><td rowspan="1" colspan="1"><p>MG</p></td><td rowspan="1" colspan="1"><p>BELO HORIZONTE</p></td><td rowspan="1" colspan="1"><p>25000044144200696</p></td></tr><tr><td rowspan="1" colspan="1"><p>802</p></td><td rowspan="1" colspan="1"><p>60605664021294</p></td><td rowspan="1" colspan="1"><p>RAIA S.A.</p></td><td rowspan="1" colspan="1"><p>MG</p></td><td rowspan="1" colspan="1"><p>BELO HORIZONTE</p></td><td rowspan="1" colspan="1"><p>25000044144200696</p></td></tr><tr><td rowspan="1" colspan="1"><p>803</p></td><td rowspan="1" colspan="1"><p>60605664021375</p></td><td rowspan="1" colspan="1"><p>RAIA S.A.</p></td><td rowspan="1" colspan="1"><p>MG</p></td><td rowspan="1" colspan="1"><p>BELO HORIZONTE</p></td><td rowspan="1" colspan="1"><p>25000044144200696</p></td></tr><tr><td rowspan="1" colspan="1"><p>804</p></td><td rowspan="1" colspan="1"><p>60605664023904</p></td><td rowspan="1" colspan="1"><p>RAIA S.A.</p></td><td rowspan="1" colspan="1"><p>MG</p></td><td rowspan="1" colspan="1"><p>BELO HORIZONTE</p></td><td rowspan="1" colspan="1"><p>25000044144200696</p></td></tr><tr><td rowspan="1" colspan="1"><p>805</p></td><td rowspan="1" colspan="1"><p>60605664018668</p></td><td rowspan="1" colspan="1"><p>RAIA S.A.</p></td><td rowspan="1" colspan="1"><p>MG</p></td><td rowspan="1" colspan="1"><p>BELO HORIZONTE</p></td><td rowspan="1" colspan="1"><p>25000044144200696</p></td></tr><tr><td rowspan="1" colspan="1"><p>806</p></td><td rowspan="1" colspan="1"><p>60605664017181</p></td><td rowspan="1" colspan="1"><p>RAIA S.A.</p></td><td rowspan="1" colspan="1"><p>MG</p></td><td rowspan="1" colspan="1"><p>BELO HORIZONTE</p></td><td rowspan="1" colspan="1"><p>25000044144200696</p></td></tr><tr><td rowspan="1" colspan="1"><p>807</p></td><td rowspan="1" colspan="1"><p>60605664014085</p></td><td rowspan="1" colspan="1"><p>RAIA S.A.</p></td><td rowspan="1" colspan="1"><p>MG</p></td><td rowspan="1" colspan="1"><p>BELO HORIZONTE</p></td><td rowspan="1" colspan="1"><p>25000044144200696</p></td></tr><tr><td rowspan="1" colspan="1"><p>808</p></td><td rowspan="1" colspan="1"><p>60605664023661</p></td><td rowspan="1" colspan="1"><p>RAIA S.A.</p></td><td rowspan="1" colspan="1"><p>MG</p></td><td rowspan="1" colspan="1"><p>BELO HORIZONTE</p></td><td rowspan="1" colspan="1"><p>25000044144200696</p></td></tr><tr><td rowspan="1" colspan="1"><p>809</p></td><td rowspan="1" colspan="1"><p>60605664018587</p></td><td rowspan="1" colspan="1"><p>RAIA S.A.</p></td><td rowspan="1" colspan="1"><p>MG</p></td><td rowspan="1" colspan="1"><p>BELO HORIZONTE</p></td><td rowspan="1" colspan="1"><p>25000044144200696</p></td></tr><tr><td rowspan="1" colspan="1"><p>810</p></td><td rowspan="1" colspan="1"><p>60605664014751</p></td><td rowspan="1" colspan="1"><p>RAIA S.A.</p></td><td rowspan="1" colspan="1"><p>MG</p></td><td rowspan="1" colspan="1"><p>BELO HORIZONTE</p></td><td rowspan="1" colspan="1"><p>25000044144200696</p></td></tr><tr><td rowspan="1" colspan="1"><p>811</p></td><td rowspan="1" colspan="1"><p>60605664037107</p></td><td rowspan="1" colspan="1"><p>RAIA S.A.</p></td><td rowspan="1" colspan="1"><p>MG</p></td><td rowspan="1" colspan="1"><p>BELO HORIZONTE</p></td><td rowspan="1" colspan="1"><p>25000044144200696</p></td></tr><tr><td rowspan="1" colspan="1"><p>812</p></td><td rowspan="1" colspan="1"><p>60605664014328</p></td><td rowspan="1" colspan="1"><p>RAIA S.A.</p></td><td rowspan="1" colspan="1"><p>MG</p></td><td rowspan="1" colspan="1"><p>BELO HORIZONTE</p></td><td rowspan="1" colspan="1"><p>25000044144200696</p></td></tr><tr><td rowspan="1" colspan="1"><p>813</p></td><td rowspan="1" colspan="1"><p>60605664015995</p></td><td rowspan="1" colspan="1"><p>RAIA S.A.</p></td><td rowspan="1" colspan="1"><p>MG</p></td><td rowspan="1" colspan="1"><p>BELO HORIZONTE</p></td><td rowspan="1" colspan="1"><p>25000044144200696</p></td></tr><tr><td rowspan="1" colspan="1"><p>814</p></td><td rowspan="1" colspan="1"><p>60605664013780</p></td><td rowspan="1" colspan="1"><p>RAIA S.A.</p></td><td rowspan="1" colspan="1"><p>MG</p></td><td rowspan="1" colspan="1"><p>BELO HORIZONTE</p></td><td rowspan="1" colspan="1"><p>25000044144200696</p></td></tr><tr><td rowspan="1" colspan="1"><p>815</p></td><td rowspan="1" colspan="1"><p>60605664024048</p></td><td rowspan="1" colspan="1"><p>RAIA S.A.</p></td><td rowspan="1" colspan="1"><p>MG</p></td><td rowspan="1" colspan="1"><p>BELO HORIZONTE</p></td><td rowspan="1" colspan="1"><p>25000044144200696</p></td></tr><tr><td rowspan="1" colspan="1"><p>816</p></td><td rowspan="1" colspan="1"><p>60605664027810</p></td><td rowspan="1" colspan="1"><p>RAIA S.A.</p></td><td rowspan="1" colspan="1"><p>MG</p></td><td rowspan="1" colspan="1"><p>BELO HORIZONTE</p></td><td rowspan="1" colspan="1"><p>25000044144200696</p></td></tr><tr><td rowspan="1" colspan="1"><p>817</p></td><td rowspan="1" colspan="1"><p>60605664018315</p></td><td rowspan="1" colspan="1"><p>RAIA S.A.</p></td><td rowspan="1" colspan="1"><p>MG</p></td><td rowspan="1" colspan="1"><p>BELO HORIZONTE</p></td><td rowspan="1" colspan="1"><p>25000044144200696</p></td></tr></table>]]></Texto>
  </body>
  <Midias />
</article></xml>