﻿<xml><article id="44745819" name="ATA 26 - 2C_005" idOficio="11191910" pubName="DO1" artType="Ata" pubDate="04/08/2025" artClass="00067:00013:00000:00000:00000:00000:00000:00000:00000:00000:00005:00000" artCategory="Tribunal de Contas da União/2ª Câmara" artSize="12" artNotes="" numberPage="190" pdfPage="http://pesquisa.in.gov.br/imprensa/jsp/visualiza/index.jsp?data=04/08/2025&amp;jornal=515&amp;pagina=190" editionNumber="145" highlightType="" highlightPriority="" highlight="" highlightimage="" highlightimagename="" idMateria="22949380">
  <body>
    <Identifica />
    <Data><![CDATA[]]></Data>
    <Ementa />
    <Titulo />
    <SubTitulo />
    <Texto><![CDATA[<p>VISTOS, relatados e discutidos estes autos da Tomada de Contas Especial instaurada pelo Colégio Militar de Brasília (CMB), em função de dano ao erário decorrente do recebimento indevido de gratificações referente ao regime de trabalho de dedicação exclusiva por funcionária daquela instituição militar, por estar exercendo atividade remunerada em outro estabelecimento de ensino privado.</p><p>ACORDAM os Ministros do Tribunal de Contas da União, reunidos em Sessão da Segunda Câmara, ante as razões expostas pelo Relator, em:</p><p>9.1. com fundamento nos arts. 1º, inciso I, 16, inciso III, alínea "c", 19, caput, e 23, inciso III, da Lei 8.443/1992, julgar irregulares as contas da Sra. Tatiane Silva de Oliveira, condenando-a ao pagamento das quantias originais abaixo discriminadas, atualizadas monetariamente e acrescidas dos juros de mora, calculados a partir das datas indicadas até a do efetivo recolhimento, com a fixação do prazo de 15 (quinze) dias a contar da notificação, para que comprove, perante o Tribunal (artigo 214, inciso III, alínea "a" do Regimento Interno/TCU), o recolhimento da dívida ao Tesouro Nacional, na forma prevista na legislação em vigor:</p><p /><p></p><table><tr /><tr><td rowspan="1" colspan="1"><p>Data</p></td><td rowspan="1" colspan="1"><p>Valor (R$)</p></td></tr><tr><td rowspan="1" colspan="1"><p>1º/4/2011</p></td><td rowspan="1" colspan="1"><p>1.070,50</p></td></tr><tr><td rowspan="1" colspan="1"><p>1º/5/2011</p></td><td rowspan="1" colspan="1"><p>1.070,50</p></td></tr><tr><td rowspan="1" colspan="1"><p>1º/6/2011</p></td><td rowspan="1" colspan="1"><p>1.070,50</p></td></tr><tr><td rowspan="1" colspan="1"><p>1º/7/2011</p></td><td rowspan="1" colspan="1"><p>1.070,50</p></td></tr><tr><td rowspan="1" colspan="1"><p>1º/8/2011</p></td><td rowspan="1" colspan="1"><p>1.070,50</p></td></tr><tr><td rowspan="1" colspan="1"><p>1º/9/2011</p></td><td rowspan="1" colspan="1"><p>1.070,50</p></td></tr><tr><td rowspan="1" colspan="1"><p>1º/10/2011</p></td><td rowspan="1" colspan="1"><p>1.070,50</p></td></tr><tr><td rowspan="1" colspan="1"><p>1º/11/2011</p></td><td rowspan="1" colspan="1"><p>1.070,50</p></td></tr><tr><td rowspan="1" colspan="1"><p>1º/12/2011</p></td><td rowspan="1" colspan="1"><p>1.070,50</p></td></tr><tr><td rowspan="1" colspan="1"><p>1º/1/2012</p></td><td rowspan="1" colspan="1"><p>1.070,50</p></td></tr><tr><td rowspan="1" colspan="1"><p>1º/1/2012</p></td><td rowspan="1" colspan="1"><p>1.043,25</p></td></tr><tr><td rowspan="1" colspan="1"><p>1º/1/2012</p></td><td rowspan="1" colspan="1"><p>1.070,50</p></td></tr><tr><td rowspan="1" colspan="1"><p>1º/2/2012</p></td><td rowspan="1" colspan="1"><p>1.019,32</p></td></tr><tr><td rowspan="1" colspan="1"><p>1º/3/2012</p></td><td rowspan="1" colspan="1"><p>1.078,18</p></td></tr><tr><td rowspan="1" colspan="1"><p>1º/4/2012</p></td><td rowspan="1" colspan="1"><p>930,28</p></td></tr><tr><td rowspan="1" colspan="1"><p>1º/5/2012</p></td><td rowspan="1" colspan="1"><p>930,28</p></td></tr><tr><td rowspan="1" colspan="1"><p>1º/6/2012</p></td><td rowspan="1" colspan="1"><p>1.070,15</p></td></tr><tr><td rowspan="1" colspan="1"><p>1º/7/2012</p></td><td rowspan="1" colspan="1"><p>3.648,95</p></td></tr><tr><td rowspan="1" colspan="1"><p>1º/8/2012</p></td><td rowspan="1" colspan="1"><p>1.090,67</p></td></tr><tr><td rowspan="1" colspan="1"><p>1º/9/2012</p></td><td rowspan="1" colspan="1"><p>1.090,67</p></td></tr><tr><td rowspan="1" colspan="1"><p>1º/10/2012</p></td><td rowspan="1" colspan="1"><p>1.090,67</p></td></tr><tr><td rowspan="1" colspan="1"><p>1º/11/2012</p></td><td rowspan="1" colspan="1"><p>1.090,67</p></td></tr><tr><td rowspan="1" colspan="1"><p>1º/12/2012</p></td><td rowspan="1" colspan="1"><p>1.090,67</p></td></tr><tr><td rowspan="1" colspan="1"><p>1º/1/2013</p></td><td rowspan="1" colspan="1"><p>1.090,67</p></td></tr><tr><td rowspan="1" colspan="1"><p>1º/1/2013</p></td><td rowspan="1" colspan="1"><p>335,95</p></td></tr><tr><td rowspan="1" colspan="1"><p>1º/1/2013</p></td><td rowspan="1" colspan="1"><p>1.110,41</p></td></tr><tr><td rowspan="1" colspan="1"><p>1º/2/2013</p></td><td rowspan="1" colspan="1"><p>1.090,67</p></td></tr><tr><td rowspan="1" colspan="1"><p>1º/3/2013</p></td><td rowspan="1" colspan="1"><p>1.090,67</p></td></tr><tr><td rowspan="1" colspan="1"><p>1º/4/2013</p></td><td rowspan="1" colspan="1"><p>1.211,55</p></td></tr><tr><td rowspan="1" colspan="1"><p>1º/5/2013</p></td><td rowspan="1" colspan="1"><p>1.211,55</p></td></tr><tr><td rowspan="1" colspan="1"><p>1º/6/2013</p></td><td rowspan="1" colspan="1"><p>1.211,55</p></td></tr><tr><td rowspan="1" colspan="1"><p>1º/7/2013</p></td><td rowspan="1" colspan="1"><p>1.211,55</p></td></tr><tr><td rowspan="1" colspan="1"><p>1º/8/2013</p></td><td rowspan="1" colspan="1"><p>1.211,55</p></td></tr><tr><td rowspan="1" colspan="1"><p>1º/9/2013</p></td><td rowspan="1" colspan="1"><p>1.211,55</p></td></tr><tr><td rowspan="1" colspan="1"><p>1º/10/2013</p></td><td rowspan="1" colspan="1"><p>1.540,45</p></td></tr><tr><td rowspan="1" colspan="1"><p>1º/11/2013</p></td><td rowspan="1" colspan="1"><p>1.270,45</p></td></tr><tr><td rowspan="1" colspan="1"><p>1º/12/2013</p></td><td rowspan="1" colspan="1"><p>1.270,45</p></td></tr><tr><td rowspan="1" colspan="1"><p>1º/1/2014</p></td><td rowspan="1" colspan="1"><p>1.307,62</p></td></tr><tr><td rowspan="1" colspan="1"><p>1º/1/2014</p></td><td rowspan="1" colspan="1"><p>1.391,39</p></td></tr><tr><td rowspan="1" colspan="1"><p>1º/2/2014</p></td><td rowspan="1" colspan="1"><p>1.270,45</p></td></tr><tr><td rowspan="1" colspan="1"><p>1º/3/2014</p></td><td rowspan="1" colspan="1"><p>1.270,45</p></td></tr><tr><td rowspan="1" colspan="1"><p>1º/4/2014</p></td><td rowspan="1" colspan="1"><p>1.641,04</p></td></tr><tr><td rowspan="1" colspan="1"><p>1º/5/2014</p></td><td rowspan="1" colspan="1"><p>1.641,04</p></td></tr><tr><td rowspan="1" colspan="1"><p>1º/6/2014</p></td><td rowspan="1" colspan="1"><p>1.641,04</p></td></tr><tr><td rowspan="1" colspan="1"><p>1º/7/2014</p></td><td rowspan="1" colspan="1"><p>1.641,04</p></td></tr><tr><td rowspan="1" colspan="1"><p>1º/8/2014</p></td><td rowspan="1" colspan="1"><p>1.641,04</p></td></tr><tr><td rowspan="1" colspan="1"><p>1º/9/2014</p></td><td rowspan="1" colspan="1"><p>1.641,04</p></td></tr><tr><td rowspan="1" colspan="1"><p>1º/10/2014</p></td><td rowspan="1" colspan="1"><p>1.641,04</p></td></tr><tr><td rowspan="1" colspan="1"><p>1º/11/2014</p></td><td rowspan="1" colspan="1"><p>1.641,04</p></td></tr><tr><td rowspan="1" colspan="1"><p>1º/12/2014</p></td><td rowspan="1" colspan="1"><p>1.641,04</p></td></tr><tr><td rowspan="1" colspan="1"><p>1º/1/2015</p></td><td rowspan="1" colspan="1"><p>1.641,04</p></td></tr><tr><td rowspan="1" colspan="1"><p>1º/1/2015</p></td><td rowspan="1" colspan="1"><p>1.493,97</p></td></tr><tr><td rowspan="1" colspan="1"><p>1º/1/2015</p></td><td rowspan="1" colspan="1"><p>1.671,59</p></td></tr><tr><td rowspan="1" colspan="1"><p>1º/2/2015</p></td><td rowspan="1" colspan="1"><p>1.641,04</p></td></tr><tr><td rowspan="1" colspan="1"><p>1º/3/2015</p></td><td rowspan="1" colspan="1"><p>1.641,04</p></td></tr><tr><td rowspan="1" colspan="1"><p>1º/4/2015</p></td><td rowspan="1" colspan="1"><p>1.891,77</p></td></tr><tr><td rowspan="1" colspan="1"><p>1º/5/2015</p></td><td rowspan="1" colspan="1"><p>1.086,47</p></td></tr><tr><td rowspan="1" colspan="1"><p>1º/6/2015</p></td><td rowspan="1" colspan="1"><p>1.086,47</p></td></tr><tr><td rowspan="1" colspan="1"><p>1º/7/2015</p></td><td rowspan="1" colspan="1"><p>1.086,47</p></td></tr><tr><td rowspan="1" colspan="1"><p>1º/8/2015</p></td><td rowspan="1" colspan="1"><p>1.051,70</p></td></tr><tr><td rowspan="1" colspan="1"><p>1º/9/2015</p></td><td rowspan="1" colspan="1"><p>1.134,10</p></td></tr><tr><td rowspan="1" colspan="1"><p>1º/10/2015</p></td><td rowspan="1" colspan="1"><p>2.822,47</p></td></tr><tr><td rowspan="1" colspan="1"><p>1º/11/2015</p></td><td rowspan="1" colspan="1"><p>15.983,85</p></td></tr><tr><td rowspan="1" colspan="1"><p>1º/12/2015</p></td><td rowspan="1" colspan="1"><p>2.822,47</p></td></tr><tr><td rowspan="1" colspan="1"><p>1º/1/2016</p></td><td rowspan="1" colspan="1"><p>2.822,47</p></td></tr><tr><td rowspan="1" colspan="1"><p>1º/1/2016</p></td><td rowspan="1" colspan="1"><p>2.328,79</p></td></tr><tr><td rowspan="1" colspan="1"><p>1º/1/2016</p></td><td rowspan="1" colspan="1"><p>3.071,73</p></td></tr><tr><td rowspan="1" colspan="1"><p>1º/2/2016</p></td><td rowspan="1" colspan="1"><p>2.822,47</p></td></tr><tr><td rowspan="1" colspan="1"><p>1º/3/2016</p></td><td rowspan="1" colspan="1"><p>2.822,47</p></td></tr><tr><td rowspan="1" colspan="1"><p>1º/4/2016</p></td><td rowspan="1" colspan="1"><p>2.822,47</p></td></tr><tr><td rowspan="1" colspan="1"><p>1º/5/2016</p></td><td rowspan="1" colspan="1"><p>2.822,47</p></td></tr><tr><td rowspan="1" colspan="1"><p>1º/6/2016</p></td><td rowspan="1" colspan="1"><p>2.822,47</p></td></tr><tr><td rowspan="1" colspan="1"><p>1º/7/2016</p></td><td rowspan="1" colspan="1"><p>2.822,47</p></td></tr><tr><td rowspan="1" colspan="1"><p>1º/8/2016</p></td><td rowspan="1" colspan="1"><p>2.822,47</p></td></tr><tr><td rowspan="1" colspan="1"><p>1º/9/2016</p></td><td rowspan="1" colspan="1"><p>2.997,00</p></td></tr><tr><td rowspan="1" colspan="1"><p>1º/10/2016</p></td><td rowspan="1" colspan="1"><p>2.997,00</p></td></tr><tr><td rowspan="1" colspan="1"><p>1º/11/2016</p></td><td rowspan="1" colspan="1"><p>2.997,00</p></td></tr><tr><td rowspan="1" colspan="1"><p>1º/12/2016</p></td><td rowspan="1" colspan="1"><p>2.997,00</p></td></tr><tr><td rowspan="1" colspan="1"><p>1º/1/2017</p></td><td rowspan="1" colspan="1"><p>2.997,00</p></td></tr><tr><td rowspan="1" colspan="1"><p>1º/1/2017</p></td><td rowspan="1" colspan="1"><p>2.424,47</p></td></tr><tr><td rowspan="1" colspan="1"><p>1º/1/2017</p></td><td rowspan="1" colspan="1"><p>3.143,46</p></td></tr><tr><td rowspan="1" colspan="1"><p>1º/2/2017</p></td><td rowspan="1" colspan="1"><p>3.126,59</p></td></tr><tr><td rowspan="1" colspan="1"><p>1º/3/2017</p></td><td rowspan="1" colspan="1"><p>3.126,59</p></td></tr><tr><td rowspan="1" colspan="1"><p>1º/4/2017</p></td><td rowspan="1" colspan="1"><p>3.126,59</p></td></tr><tr><td rowspan="1" colspan="1"><p>1º/5/2017</p></td><td rowspan="1" colspan="1"><p>3.126,59</p></td></tr><tr><td rowspan="1" colspan="1"><p>1º/6/2017</p></td><td rowspan="1" colspan="1"><p>3.126,59</p></td></tr><tr><td rowspan="1" colspan="1"><p>1º/7/2017</p></td><td rowspan="1" colspan="1"><p>3.126,59</p></td></tr><tr><td rowspan="1" colspan="1"><p>1º/8/2017</p></td><td rowspan="1" colspan="1"><p>3.126,59</p></td></tr><tr><td rowspan="1" colspan="1"><p>1º/9/2017</p></td><td rowspan="1" colspan="1"><p>4.403,60</p></td></tr><tr><td rowspan="1" colspan="1"><p>1º/10/2017</p></td><td rowspan="1" colspan="1"><p>4.403,60</p></td></tr><tr><td rowspan="1" colspan="1"><p>1º/11/2017</p></td><td rowspan="1" colspan="1"><p>6.362,01</p></td></tr><tr><td rowspan="1" colspan="1"><p>1º/12/2017</p></td><td rowspan="1" colspan="1"><p>4.403,60</p></td></tr><tr><td rowspan="1" colspan="1"><p>1º/1/2018</p></td><td rowspan="1" colspan="1"><p>4.403,60</p></td></tr><tr><td rowspan="1" colspan="1"><p>1º/1/2018</p></td><td rowspan="1" colspan="1"><p>3.722,20</p></td></tr><tr><td rowspan="1" colspan="1"><p>1º/1/2018</p></td><td rowspan="1" colspan="1"><p>5.032,83</p></td></tr><tr><td rowspan="1" colspan="1"><p>1º/2/2018</p></td><td rowspan="1" colspan="1"><p>4.403,60</p></td></tr><tr><td rowspan="1" colspan="1"><p>1º/3/2018</p></td><td rowspan="1" colspan="1"><p>4.403,60</p></td></tr><tr><td rowspan="1" colspan="1"><p>1º/4/2018</p></td><td rowspan="1" colspan="1"><p>4.403,60</p></td></tr><tr><td rowspan="1" colspan="1"><p>1º/5/2018</p></td><td rowspan="1" colspan="1"><p>4.403,60</p></td></tr><tr><td rowspan="1" colspan="1"><p>1º/6/2018</p></td><td rowspan="1" colspan="1"><p>4.403,60</p></td></tr><tr><td rowspan="1" colspan="1"><p>1º/7/2018</p></td><td rowspan="1" colspan="1"><p>4.403,60</p></td></tr><tr><td rowspan="1" colspan="1"><p>1º/8/2018</p></td><td rowspan="1" colspan="1"><p>4.403,60</p></td></tr><tr><td rowspan="1" colspan="1"><p>1º/9/2018</p></td><td rowspan="1" colspan="1"><p>4.275,78</p></td></tr><tr><td rowspan="1" colspan="1"><p>1º/10/2018</p></td><td rowspan="1" colspan="1"><p>4.275,78</p></td></tr><tr><td rowspan="1" colspan="1"><p>1º/11/2018</p></td><td rowspan="1" colspan="1"><p>4.275,78</p></td></tr><tr><td rowspan="1" colspan="1"><p>1º/12/2018</p></td><td rowspan="1" colspan="1"><p>4.275,78</p></td></tr><tr><td rowspan="1" colspan="1"><p>1º/1/2019</p></td><td rowspan="1" colspan="1"><p>1.567,79</p></td></tr><tr><td rowspan="1" colspan="1"><p>1º/1/2019</p></td><td rowspan="1" colspan="1"><p>3.529,30</p></td></tr><tr><td rowspan="1" colspan="1"><p>1º/1/2019</p></td><td rowspan="1" colspan="1"><p>4.609,94</p></td></tr></table><p>9.2. aplicar à Sra. Tatiane Silva de Oliveira a multa capitulada nos arts. 19, caput, e 57 da Lei 8.443/1992, no valor de R$ 40.000,00 (quarenta mil reais), fixando-lhe o prazo de 15 (quinze) dias a contar da notificação, para que comprove, perante o Tribunal (artigo 214, inciso III, alínea "a", do Regimento Interno/TCU), o recolhimento da dívida ao Tesouro Nacional, atualizada monetariamente desde a data do presente Acórdão até a do efetivo recolhimento, se for paga após o vencimento, na forma da legislação em vigor;</p><p>9.3. autorizar, caso requerido, nos termos do art. 26 da Lei 8.443/1992, c/c o art. 217 do Regimento Interno/TCU, o parcelamento das dívidas em até 36 (trinta e seis) parcelas mensais e sucessivas, sobre as quais incidirão os correspondentes acréscimos legais (débito: atualização monetária e juros de mora; multa: atualização monetária), esclarecendo à responsável que a falta de pagamento de qualquer parcela importará no vencimento antecipado do saldo devedor, sem prejuízo das demais medidas legais;</p><p>9.4. autorizar, desde logo, o desconto das dívidas na remuneração da responsável, com fundamento no art. 28, inciso I, da Lei 8.443/1992 c/c o art. 46 da Lei 8.112/1990;</p><p>9.5. autorizar, desde já, a cobrança judicial das dívidas, na forma do disposto no art. 28, inciso II, da Lei 8.443/1992, caso não atendida a notificação e não seja viável o desconto em folha de que trata o subitem 9.4 acima; e</p><p>9.6. enviar cópia deste Acórdão à Procuradoria da República no Distrito Federal, nos termos do § 7° do art. 209 do Regimento Interno/TCU, para a adoção das medidas que entender cabíveis.</p><p>10. Ata n° 26/2025 - 2ª Câmara.</p><p>11. Data da Sessão: 29/7/2025 - Ordinária.</p><p>12. Código eletrônico para localização na página do TCU na Internet: AC-4636-26/25-2.</p><p>13. Especificação do quórum:</p><p>13.1. Ministros presentes: Augusto Nardes (na Presidência), Aroldo Cedraz, Jorge Oliveira e Antônio Anastasia.</p><p>13.2. Ministro-Substituto presente: Marcos Bemquerer Costa (Relator).</p><p>ACÓRDÃO Nº 4637/2025 - TCU - 2ª Câmara</p><p>1. Processo nº TC 009.331/2025-0</p><p>2. Grupo II - Classe de Assunto: V - Aposentadoria.</p><p>3. Interessada: Valéria Tadeu dos Reis Lobão (926.428.967-49).</p><p>4. Entidade: Universidade Federal do Estado do Rio de Janeiro.</p><p>5. Relator: Ministro-Substituto Marcos Bemquerer Costa.</p><p>6. Representante do Ministério Público: Procurador Júlio Marcelo de Oliveira.</p><p>7. Unidade Técnica: Unidade de Auditoria Especializada em Pessoal (AudPessoal).</p><p>8. Representação legal: não há</p><p>9. Acórdão:</p><p>VISTOS, relatados e discutidos estes autos em que se analisa ato de concessão inicial de aposentadoria emitido pela Universidade Federal do Estado do Rio de Janeiro em benefício da Sra. Valéria Tadeu dos Reis Lobão.</p><p>ACORDAM os Ministros do Tribunal de Contas da União, reunidos em Sessão da 2ª Câmara, ante as razões expostas pelo Relator e com fulcro nos incisos III e IX do art. 71 da Constituição Federal e nos arts. 1º, inciso V, e 39, inciso II, da Lei 8.443/1992, c/c os arts. 259, inciso II, e 260 do Regimento Interno/TCU, em considerar legal a concessão de aposentadoria em favor da Sra. Valéria Tadeu dos Reis Lobão e conceder registro ao correspondente ato.</p><p>10. Ata n° 26/2025 - 2ª Câmara.</p><p>11. Data da Sessão: 29/7/2025 - Ordinária.</p><p>12. Código eletrônico para localização na página do TCU na Internet: AC-4637-26/25-2.</p><p>13. Especificação do quórum:</p><p>13.1. Ministros presentes: Augusto Nardes (na Presidência), Aroldo Cedraz, Jorge Oliveira e Antônio Anastasia.</p><p>13.2. Ministro-Substituto presente: Marcos Bemquerer Costa (Relator).</p><p>ACÓRDÃO Nº 4638/2025 - TCU - 2ª Câmara</p><p>1. Processo: TC 040.316/2023-8.</p><p>2. Grupo II - Classe de Assunto: I - Embargos de Declaração (Tomada de Contas Especial).</p><p>3. Embargantes: Antônio José Martins (047.224.468-06) e João Batista Martins (329.267.743-20).</p><p>4. Entidade: Município de Bequimão/MA.</p><p>5. Relator: Ministro-Substituto Marcos Bemquerer Costa.</p><p>5.1. Relator da deliberação recorrida: Ministro-Substituto Marcos Bemquerer Costa.</p><p>6. Representante do Ministério Público: não atuou.</p><p>7. Unidade Técnica: não atuou.</p><p>8. Representação legal: Representação legal: Abdon Clementino de Marinho (OAB/MA 4.980), Welger Freire dos Santos (OAB/MA 4.534) e Raimundo Nonato Ribeiro Neto (OAB/MA 4.921).</p><p>9. Acórdão:</p><p>VISTOS, relatados e discutidos os Embargos de Declaração opostos pelos Srs. Antônio José Martins e João Batista Martins ao Acórdão 2.235/2025 - 2ª Câmara, proferido nos autos desta Tomada de Contas Especial instaurada pelo Ministério da Integração e do Desenvolvimento Regional, em desfavor do Município de Bequimão/MA e de seus ex-Prefeitos, os Srs. Antônio José Martins e João Batista Martins (gestões, respectivamente, de 2017 a 2020 e de 2021 a 2024), diante da não comprovação da regular aplicação dos recursos do Termo de Compromisso 752/2017 (Siafi 694164).</p><p>ACORDAM os Ministros do Tribunal de Contas da União, reunidos em sessão da 2ª Câmara, ante as razões expostas pelo Relator, em:</p><p>9.1. com fundamento nos arts. 32, inciso II, e 34 da Lei 8.443/1992, conhecer dos presentes Embargos de Declaração, para, no mérito, rejeitá-los; e</p><p>9.2. enviar cópia deste Acórdão aos embargantes e aos seus representante legalmente constituídos nos autos.</p><p>10. Ata n° 26/2025 - 2ª Câmara.</p><p>11. Data da Sessão: 29/7/2025 - Ordinária.</p><p>12. Código eletrônico para localização na página do TCU na Internet: AC-4638-26/25-2.</p><p>13. Especificação do quórum:</p><p>13.1. Ministros presentes: Augusto Nardes (na Presidência), Aroldo Cedraz, Jorge Oliveira e Antônio Anastasia.</p><p>13.2. Ministro-Substituto presente: Marcos Bemquerer Costa (Relator).</p><p>ACÓRDÃO Nº 4639/2025 - TCU - 2ª Câmara</p><p>1. Processo nº TC 002.440/2022-9.</p><p>2. Grupo I - Classe de Assunto: I - Embargos de declaração (Tomada de Contas Especial).</p><p>3. Embargante: Raimundo Neiva Moreira Neto (397.841.343-49).</p><p>4. Unidade Jurisdicionada: Município de Timon-MA.</p><p>5. Relator: Ministro João Augusto Ribeiro Nardes.</p><p>5.1. Relator da deliberação recorrida: Ministro João Augusto Ribeiro Nardes.</p><p>6. Representante do Ministério Público: Subprocurador-Geral Lucas Rocha Furtado.</p><p>7. Unidade Técnica: Unidade de Auditoria Especializada em Recursos (AudRecursos).</p><p>8. Representação legal: Sâmara Santos Noleto (12996/OAB-MA) e Lucas Antonioni Coelho Aguiar (12822/OAB-MA), representando Raimundo Neiva Moreira Neto.</p><p>9. Acórdão:</p><p>VISTOS, relatados e discutidos estes autos de tomada de contas especial em que são apreciados, nesta fase processual, embargos de declaração opostos contra o Acórdão 3/2025-TCU-2ª Câmara,</p><p>ACORDAM os Ministros do Tribunal de Contas da União, reunidos em Sessão da Segunda Câmara, ante as razões expostas pelo Relator, em:</p><p>9.1. conhecer dos presentes embargos de declaração, com fundamento nos arts. 32, inciso II, e 34 da Lei 8.443/1992, para, no mérito, rejeitá-los; e</p><p>9.2. dar ciência desta deliberação ao embargante.</p><p>10. Ata n° 26/2025 - 2ª Câmara.</p><p>11. Data da Sessão: 29/7/2025 - Ordinária.</p><p>12. Código eletrônico para localização na página do TCU na Internet: AC-4639-26/25-2.</p><p>13. Especificação do quórum:</p><p>13.1. Ministros presentes: Antônio Anastasia (na Presidência), Augusto Nardes (Relator), Aroldo Cedraz e Jorge Oliveira.</p><p>13.2. Ministro-Substituto presente: Marcos Bemquerer Costa.</p><p>ACÓRDÃO Nº 4640/2025 - TCU - 2ª Câmara</p><p>1. Processo nº TC 005.170/2021-4.</p><p>2. Grupo I - Classe de Assunto: I - Recurso de Reconsideração (Tomada de Contas Especial).</p><p>3. Recorrente: Ari Basso (058.019.820-00).</p><p>4. Unidade jurisdicionada: Município de Sidrolândia-MS.</p><p>5. Relator: Ministro Augusto Nardes.</p><p>5.1. Relator da deliberação recorrida: Ministro Antônio Anastasia.</p><p>6. Representante do Ministério Público: Procurador Sérgio Ricardo Costa Caribé.</p><p>7. Unidade: Unidade de Auditoria Especializada em Recursos (AudRecursos).</p><p>8. Representação legal: João Paes Monteiro da Silva (OAB/MS 10.849) e Meyrivan Gomes Viana (OAB/MS 17.577), representando Ari Basso.</p><p>9. Acórdão:</p><p>VISTOS, relatados e discutidos estes autos em que se aprecia recurso de reconsideração interposto por Ari Basso contra o Acórdão 1.768/2024-TCU-2ª Câmara,</p><p>ACORDAM os Ministros do Tribunal de Contas da União, reunidos em Sessão da Segunda Câmara, ante as razões expostas pelo Relator, em:</p><p>9.1. conhecer do presente recurso de reconsideração, com fulcro nos arts. 32, inciso I, e 33 da Lei nº 8.443/1992, para, no mérito, negar-lhe provimento; e</p><p>9.2. comunicar esta decisão ao recorrente.</p><p>10. Ata n° 26/2025 - 2ª Câmara.</p><p>11. Data da Sessão: 29/7/2025 - Ordinária.</p><p>12. Código eletrônico para localização na página do TCU na Internet: AC-4640-26/25-2.</p><p>13. Especificação do quórum:</p><p>13.1. Ministros presentes: Antônio Anastasia (na Presidência), Augusto Nardes (Relator), Aroldo Cedraz e Jorge Oliveira.</p><p>13.2. Ministro-Substituto presente: Marcos Bemquerer Costa.</p><p>ACÓRDÃO Nº 4641/2025 - TCU - 2ª Câmara</p><p>1. Processo nº TC 017.412/2024-2.</p><p>2. Grupo I - Classe de Assunto: II - Tomada de Contas Especial.</p><p>3. Responsáveis: Sebastião Soares de Melo (04.715.718/0001-15); Sebastião Soares de Melo (269.512.666-20).</p><p>4. Unidade jurisdicionada: Fundo Nacional de Saúde (FNS).</p><p>5. Relator: Ministro Augusto Nardes.</p><p>6. Representante do Ministério Público: Subprocurador-Geral Lucas Rocha Furtado.</p><p>7. Unidade Técnica: Unidade de Auditoria Especializada em Tomada de Contas Especial (AudTCE).</p><p>8. Representação legal: Altivo Bernardes de Abreu Oliveira (110033/OAB-MG), representando Sebastiao Soares de Melo.</p><p>9. Acórdão:</p><p>VISTOS, relatados e discutidos estes autos da Tomada de Contas Especial (TCE) instaurada pelo Fundo Nacional de Saúde, em razão da não comprovação da regular aplicação dos recursos repassados pela União, originários do Sistema Único de Saúde (SUS), no âmbito do Programa Farmácia Popular do Brasil - Aqui Tem Farmácia Popular (PFPB);</p><p>ACORDAM os ministros do Tribunal de Contas da União, reunidos em sessão da Segunda Câmara, ante as razões expostas pelo relator, em:</p><p>9.1. rejeitar parcialmente as alegações de defesa apresentadas pelo estabelecimento farmacêutico Sebastião Soares de Melo - Empresa Individual e por Sebastião Soares de Melo, Empresário Individual;</p><p>9.2. julgar irregulares, nos termos dos arts. 1º, inciso I; 16, inciso III, alíneas "b" e "c", da Lei 8.443/1992, c/c os arts. 19 e 23, inciso III, da mesma lei, as contas do estabelecimento farmacêutico Sebastião Soares de Melo - Empresa Individual e do Sr. Sebastião Soares de Melo, condenando-os, solidariamente, ao pagamento das quantias a seguir especificadas, com a fixação do prazo de 15 (quinze) dias, a contar das notificações, para comprovar, perante o Tribunal (art. 214, inciso III, alínea "a", do Regimento Interno), o recolhimento das dívidas aos cofres do Fundo Nacional de Saúde, atualizadas monetariamente e acrescidas dos juros de mora, calculados a partir das datas discriminadas, até a data dos recolhimentos, na forma prevista na legislação em vigor, abatendo-se, na oportunidade, os valores já ressarcidos:</p><p /><p></p><table><tr /><tr><td rowspan="1" colspan="1"><p>Data da ocorrência</p></td><td rowspan="1" colspan="1"><p>Valor original</p><p>(R$)</p></td><td rowspan="1" colspan="1"><p>Tipo de parcela</p></td></tr><tr><td rowspan="1" colspan="1"><p>28/02/2014</p></td><td rowspan="1" colspan="1"><p>4.597,56</p></td><td rowspan="1" colspan="1"><p>D</p></td></tr><tr><td rowspan="1" colspan="1"><p>28/02/2014</p></td><td rowspan="1" colspan="1"><p>4.061,86</p></td><td rowspan="1" colspan="1"><p>D</p></td></tr><tr><td rowspan="1" colspan="1"><p>28/02/2014</p></td><td rowspan="1" colspan="1"><p>116,27</p></td><td rowspan="1" colspan="1"><p>D</p></td></tr><tr><td rowspan="1" colspan="1"><p>16/04/2014</p></td><td rowspan="1" colspan="1"><p>3.389,49</p></td><td rowspan="1" colspan="1"><p>D</p></td></tr><tr><td rowspan="1" colspan="1"><p>16/04/2014</p></td><td rowspan="1" colspan="1"><p>3.742,20</p></td><td rowspan="1" colspan="1"><p>D</p></td></tr><tr><td rowspan="1" colspan="1"><p>16/04/2014</p></td><td rowspan="1" colspan="1"><p>38,67</p></td><td rowspan="1" colspan="1"><p>D</p></td></tr><tr><td rowspan="1" colspan="1"><p>16/04/2014</p></td><td rowspan="1" colspan="1"><p>13,77</p></td><td rowspan="1" colspan="1"><p>D</p></td></tr><tr><td rowspan="1" colspan="1"><p>16/04/2014</p></td><td rowspan="1" colspan="1"><p>19,2</p></td><td rowspan="1" colspan="1"><p>D</p></td></tr><tr><td rowspan="1" colspan="1"><p>12/05/2014</p></td><td rowspan="1" colspan="1"><p>6.690,92</p></td><td rowspan="1" colspan="1"><p>D</p></td></tr><tr><td rowspan="1" colspan="1"><p>12/05/2014</p></td><td rowspan="1" colspan="1"><p>1.951,29</p></td><td rowspan="1" colspan="1"><p>D</p></td></tr><tr><td rowspan="1" colspan="1"><p>12/05/2014</p></td><td rowspan="1" colspan="1"><p>13,78</p></td><td rowspan="1" colspan="1"><p>D</p></td></tr><tr><td rowspan="1" colspan="1"><p>12/05/2014</p></td><td rowspan="1" colspan="1"><p>26,73</p></td><td rowspan="1" colspan="1"><p>D</p></td></tr><tr><td rowspan="1" colspan="1"><p>30/05/2014</p></td><td rowspan="1" colspan="1"><p>5.490,49</p></td><td rowspan="1" colspan="1"><p>D</p></td></tr><tr><td rowspan="1" colspan="1"><p>30/05/2014</p></td><td rowspan="1" colspan="1"><p>4.490,64</p></td><td rowspan="1" colspan="1"><p>D</p></td></tr><tr><td rowspan="1" colspan="1"><p>30/05/2014</p></td><td rowspan="1" colspan="1"><p>38,67</p></td><td rowspan="1" colspan="1"><p>D</p></td></tr><tr><td rowspan="1" colspan="1"><p>07/07/2014</p></td><td rowspan="1" colspan="1"><p>5.660,82</p></td><td rowspan="1" colspan="1"><p>D</p></td></tr><tr><td rowspan="1" colspan="1"><p>07/07/2014</p></td><td rowspan="1" colspan="1"><p>21,6</p></td><td rowspan="1" colspan="1"><p>D</p></td></tr><tr><td rowspan="1" colspan="1"><p>07/07/2014</p></td><td rowspan="1" colspan="1"><p>19,2</p></td><td rowspan="1" colspan="1"><p>D</p></td></tr><tr><td rowspan="1" colspan="1"><p>08/07/2014</p></td><td rowspan="1" colspan="1"><p>5.426,19</p></td><td rowspan="1" colspan="1"><p>D</p></td></tr><tr><td rowspan="1" colspan="1"><p>31/07/2014</p></td><td rowspan="1" colspan="1"><p>7.711,96</p></td><td rowspan="1" colspan="1"><p>D</p></td></tr><tr><td rowspan="1" colspan="1"><p>31/07/2014</p></td><td rowspan="1" colspan="1"><p>21,6</p></td><td rowspan="1" colspan="1"><p>D</p></td></tr><tr><td rowspan="1" colspan="1"><p>31/07/2014</p></td><td rowspan="1" colspan="1"><p>19,2</p></td><td rowspan="1" colspan="1"><p>D</p></td></tr><tr><td rowspan="1" colspan="1"><p>01/08/2014</p></td><td rowspan="1" colspan="1"><p>5.693,49</p></td><td rowspan="1" colspan="1"><p>D</p></td></tr><tr><td rowspan="1" colspan="1"><p>01/09/2014</p></td><td rowspan="1" colspan="1"><p>7.851,00</p></td><td rowspan="1" colspan="1"><p>D</p></td></tr><tr><td rowspan="1" colspan="1"><p>01/09/2014</p></td><td rowspan="1" colspan="1"><p>106,79</p></td><td rowspan="1" colspan="1"><p>D</p></td></tr><tr><td rowspan="1" colspan="1"><p>09/09/2014</p></td><td rowspan="1" colspan="1"><p>5.934,06</p></td><td rowspan="1" colspan="1"><p>D</p></td></tr><tr><td rowspan="1" colspan="1"><p>09/09/2014</p></td><td rowspan="1" colspan="1"><p>13,77</p></td><td rowspan="1" colspan="1"><p>D</p></td></tr><tr><td rowspan="1" colspan="1"><p>01/10/2014</p></td><td rowspan="1" colspan="1"><p>8.651,39</p></td><td rowspan="1" colspan="1"><p>D</p></td></tr><tr><td rowspan="1" colspan="1"><p>02/10/2014</p></td><td rowspan="1" colspan="1"><p>6.361,74</p></td><td rowspan="1" colspan="1"><p>D</p></td></tr><tr><td rowspan="1" colspan="1"><p>03/11/2014</p></td><td rowspan="1" colspan="1"><p>9.766,02</p></td><td rowspan="1" colspan="1"><p>D</p></td></tr><tr><td rowspan="1" colspan="1"><p>03/11/2014</p></td><td rowspan="1" colspan="1"><p>6.789,42</p></td><td rowspan="1" colspan="1"><p>D</p></td></tr><tr><td rowspan="1" colspan="1"><p>03/11/2014</p></td><td rowspan="1" colspan="1"><p>68,37</p></td><td rowspan="1" colspan="1"><p>D</p></td></tr><tr><td rowspan="1" colspan="1"><p>28/11/2014</p></td><td rowspan="1" colspan="1"><p>6.789,42</p></td><td rowspan="1" colspan="1"><p>D</p></td></tr><tr><td rowspan="1" colspan="1"><p>01/12/2014</p></td><td rowspan="1" colspan="1"><p>9.655,26</p></td><td rowspan="1" colspan="1"><p>D</p></td></tr><tr><td rowspan="1" colspan="1"><p>01/12/2014</p></td><td rowspan="1" colspan="1"><p>58,77</p></td><td rowspan="1" colspan="1"><p>D</p></td></tr><tr><td rowspan="1" colspan="1"><p>14/01/2015</p></td><td rowspan="1" colspan="1"><p>9.163,41</p></td><td rowspan="1" colspan="1"><p>D</p></td></tr><tr><td rowspan="1" colspan="1"><p>14/01/2015</p></td><td rowspan="1" colspan="1"><p>5.399,46</p></td><td rowspan="1" colspan="1"><p>D</p></td></tr><tr><td rowspan="1" colspan="1"><p>09/02/2015</p></td><td rowspan="1" colspan="1"><p>10.286,87</p></td><td rowspan="1" colspan="1"><p>D</p></td></tr><tr><td rowspan="1" colspan="1"><p>09/02/2015</p></td><td rowspan="1" colspan="1"><p>12</p></td><td rowspan="1" colspan="1"><p>D</p></td></tr><tr><td rowspan="1" colspan="1"><p>10/02/2015</p></td><td rowspan="1" colspan="1"><p>6.308,28</p></td><td rowspan="1" colspan="1"><p>D</p></td></tr><tr><td rowspan="1" colspan="1"><p>10/02/2015</p></td><td rowspan="1" colspan="1"><p>25,56</p></td><td rowspan="1" colspan="1"><p>D</p></td></tr><tr><td rowspan="1" colspan="1"><p>03/03/2015</p></td><td rowspan="1" colspan="1"><p>9.861,44</p></td><td rowspan="1" colspan="1"><p>D</p></td></tr><tr><td rowspan="1" colspan="1"><p>03/03/2015</p></td><td rowspan="1" colspan="1"><p>6.228,09</p></td><td rowspan="1" colspan="1"><p>D</p></td></tr><tr><td rowspan="1" colspan="1"><p>03/03/2015</p></td><td rowspan="1" colspan="1"><p>76,94</p></td><td rowspan="1" colspan="1"><p>D</p></td></tr><tr><td rowspan="1" colspan="1"><p>03/03/2015</p></td><td rowspan="1" colspan="1"><p>13,77</p></td><td rowspan="1" colspan="1"><p>D</p></td></tr><tr><td rowspan="1" colspan="1"><p>02/04/2015</p></td><td rowspan="1" colspan="1"><p>8.144,36</p></td><td rowspan="1" colspan="1"><p>D</p></td></tr><tr><td rowspan="1" colspan="1"><p>02/04/2015</p></td><td rowspan="1" colspan="1"><p>4.971,78</p></td><td rowspan="1" colspan="1"><p>D</p></td></tr><tr><td rowspan="1" colspan="1"><p>05/05/2015</p></td><td rowspan="1" colspan="1"><p>10.208,82</p></td><td rowspan="1" colspan="1"><p>D</p></td></tr><tr><td rowspan="1" colspan="1"><p>05/05/2015</p></td><td rowspan="1" colspan="1"><p>6.522,12</p></td><td rowspan="1" colspan="1"><p>D</p></td></tr><tr><td rowspan="1" colspan="1"><p>12/06/2015</p></td><td rowspan="1" colspan="1"><p>9.742,10</p></td><td rowspan="1" colspan="1"><p>D</p></td></tr><tr><td rowspan="1" colspan="1"><p>15/06/2015</p></td><td rowspan="1" colspan="1"><p>7.110,18</p></td><td rowspan="1" colspan="1"><p>D</p></td></tr><tr><td rowspan="1" colspan="1"><p>03/07/2015</p></td><td rowspan="1" colspan="1"><p>9.062,00</p></td><td rowspan="1" colspan="1"><p>D</p></td></tr><tr><td rowspan="1" colspan="1"><p>03/07/2015</p></td><td rowspan="1" colspan="1"><p>44,4</p></td><td rowspan="1" colspan="1"><p>D</p></td></tr><tr><td rowspan="1" colspan="1"><p>06/07/2015</p></td><td rowspan="1" colspan="1"><p>6.709,23</p></td><td rowspan="1" colspan="1"><p>D</p></td></tr><tr><td rowspan="1" colspan="1"><p>05/08/2015</p></td><td rowspan="1" colspan="1"><p>9.394,10</p></td><td rowspan="1" colspan="1"><p>D</p></td></tr><tr><td rowspan="1" colspan="1"><p>05/08/2015</p></td><td rowspan="1" colspan="1"><p>179,85</p></td><td rowspan="1" colspan="1"><p>D</p></td></tr><tr><td rowspan="1" colspan="1"><p>06/08/2015</p></td><td rowspan="1" colspan="1"><p>6.789,42</p></td><td rowspan="1" colspan="1"><p>D</p></td></tr><tr><td rowspan="1" colspan="1"><p>06/08/2015</p></td><td rowspan="1" colspan="1"><p>27,54</p></td><td rowspan="1" colspan="1"><p>D</p></td></tr><tr><td rowspan="1" colspan="1"><p>31/08/2015</p></td><td rowspan="1" colspan="1"><p>9.871,20</p></td><td rowspan="1" colspan="1"><p>D</p></td></tr><tr><td rowspan="1" colspan="1"><p>31/08/2015</p></td><td rowspan="1" colspan="1"><p>6.602,31</p></td><td rowspan="1" colspan="1"><p>D</p></td></tr><tr><td rowspan="1" colspan="1"><p>14/10/2015</p></td><td rowspan="1" colspan="1"><p>9.166,70</p></td><td rowspan="1" colspan="1"><p>D</p></td></tr><tr><td rowspan="1" colspan="1"><p>14/10/2015</p></td><td rowspan="1" colspan="1"><p>5.319,27</p></td><td rowspan="1" colspan="1"><p>D</p></td></tr><tr><td rowspan="1" colspan="1"><p>14/10/2015</p></td><td rowspan="1" colspan="1"><p>40,5</p></td><td rowspan="1" colspan="1"><p>D</p></td></tr><tr><td rowspan="1" colspan="1"><p>14/10/2015</p></td><td rowspan="1" colspan="1"><p>78,75</p></td><td rowspan="1" colspan="1"><p>D</p></td></tr><tr><td rowspan="1" colspan="1"><p>14/10/2015</p></td><td rowspan="1" colspan="1"><p>33,6</p></td><td rowspan="1" colspan="1"><p>D</p></td></tr><tr><td rowspan="1" colspan="1"><p>30/10/2015</p></td><td rowspan="1" colspan="1"><p>10.726,70</p></td><td rowspan="1" colspan="1"><p>D</p></td></tr><tr><td rowspan="1" colspan="1"><p>30/10/2015</p></td><td rowspan="1" colspan="1"><p>5.693,49</p></td><td rowspan="1" colspan="1"><p>D</p></td></tr><tr><td rowspan="1" colspan="1"><p>30/10/2015</p></td><td rowspan="1" colspan="1"><p>13,77</p></td><td rowspan="1" colspan="1"><p>D</p></td></tr><tr><td rowspan="1" colspan="1"><p>18/12/2015</p></td><td rowspan="1" colspan="1"><p>10.924,00</p></td><td rowspan="1" colspan="1"><p>D</p></td></tr><tr><td rowspan="1" colspan="1"><p>18/12/2015</p></td><td rowspan="1" colspan="1"><p>6.308,28</p></td><td rowspan="1" colspan="1"><p>D</p></td></tr><tr><td rowspan="1" colspan="1"><p>21/01/2016</p></td><td rowspan="1" colspan="1"><p>400,95</p></td><td rowspan="1" colspan="1"><p>D</p></td></tr><tr><td rowspan="1" colspan="1"><p>21/01/2016</p></td><td rowspan="1" colspan="1"><p>509,2</p></td><td rowspan="1" colspan="1"><p>D</p></td></tr><tr><td rowspan="1" colspan="1"><p>01/10/2017</p></td><td rowspan="1" colspan="1"><p>1.524,93</p></td><td rowspan="1" colspan="1"><p>C</p></td></tr></table><p>9.3. aplicar ao estabelecimento farmacêutico Sebastião Soares de Melo - Empresa Individual a multa prevista no art. 57 da Lei 8.443/1992, no valor de R$ 40.000,00 (quarenta mil reais), com a fixação do prazo de 15 (quinze) dias, a contar das notificações, para comprovar, perante o Tribunal (art. 214, inciso III, alínea "a", do Regimento Interno), o recolhimento da dívida aos cofres do Tesouro Nacional, atualizada monetariamente desde a data do Acórdão até a do efetivo recolhimento, se for paga após o vencimento, na forma da legislação em vigor;</p><p>9.4. autorizar, desde logo, com amparo no art. 28, inciso II, da Lei 8.443/1992, a cobrança judicial da dívida, caso não atendida a notificação;</p><p>9.5. autorizar, excepcionalmente, conforme requerido, e nos termos do art. 26 da Lei 8.443/1992, c/c o art. 217, do Regimento Interno do TCU, o parcelamento das dívidas em até 140 (cento e quarenta) parcelas mensais e sucessivas, atualizadas monetariamente até a data do pagamento, esclarecendo aos responsáveis que a falta de pagamento de qualquer parcela importará no vencimento antecipado do saldo devedor (art. 217, § 2º, do Regimento Interno do TCU), sem prejuízo das demais medidas legais cabíveis;</p><p>9.6. comunicar esta decisão aos responsáveis e ao Fundo Nacional de Saúde (FNS), bem como à Procuradoria da República no Estado de Minas Gerais, para adoção das providências cabíveis, nos termos do art. 16, § 3º, da Lei 8.443/1992 c/c o art. 209, § 7º, do Regimento Interno deste Tribunal.</p><p>10. Ata n° 26/2025 - 2ª Câmara.</p><p>11. Data da Sessão: 29/7/2025 - Ordinária.</p><p>12. Código eletrônico para localização na página do TCU na Internet: AC-4641-26/25-2.</p><p>13. Especificação do quórum:</p><p>13.1. Ministros presentes: Antônio Anastasia (na Presidência), Augusto Nardes (Relator), Aroldo Cedraz e Jorge Oliveira.</p><p>13.2. Ministro-Substituto presente: Marcos Bemquerer Costa.</p><p>ACÓRDÃO Nº 4642/2025 - TCU - 2ª Câmara</p><p>1. Processo nº TC 017.414/2017-2.</p><p>1.1. Apenso: 019.817/2022-3</p><p>2. Grupo I - Classe de Assunto: I - Recurso de reconsideração (Tomada de Contas Especial).</p><p>3. Recorrentes: Maria Izabel Barros da Costa (802.879.054-20); Renilde Silva Bulhões Barros (470.168.504-63).</p><p>4. Unidade Jurisdicionada: Município de Santana do Ipanema-AL.</p><p>5. Relator: Ministro João Augusto Ribeiro Nardes.</p><p>5.1. Relator da deliberação recorrida: Ministro Aroldo Cedraz.</p><p>6. Representante do Ministério Público: Procurador Júlio Marcelo de Oliveira.</p><p>7. Unidades Técnicas: Unidade de Auditoria Especializada em Recursos (AudRecursos).</p><p>8. Representação legal: Jamile Duarte Coelho Vieira (5868/OAB-AL), entre outros, representando Maria Izabel Barros da Costa e Renilde Silva Bulhões Barros.</p><p>9. Acórdão:</p><p>VISTOS, relatados e discutidos estes autos de tomada de contas especial em que, nesta fase processual, é apreciado recursos de reconsideração contra o Acórdão 2.265/2022-TCU-2ª Câmara;</p><p>ACORDAM os ministros do Tribunal de Contas da União, reunidos em Sessão de Segunda Câmara, ante as razões expostas pelo relator, com base nos 32, I e 33, da Lei 8.443/92 c/c o art. 285 do RITCU, em:</p><p>9.1. conhecer do presente recurso de reconsideração, para, no mérito, negar-lhe provimento; e</p><p>9.2. dar ciência desta deliberação às recorrentes.</p><p>10. Ata n° 26/2025 - 2ª Câmara.</p><p>11. Data da Sessão: 29/7/2025 - Ordinária.</p><p>12. Código eletrônico para localização na página do TCU na Internet: AC-4642-26/25-2.</p><p>13. Especificação do quórum:</p><p>13.1. Ministros presentes: Antônio Anastasia (na Presidência), Augusto Nardes (Relator), Aroldo Cedraz e Jorge Oliveira.</p><p>13.2. Ministro-Substituto presente: Marcos Bemquerer Costa.</p><p>ACÓRDÃO Nº 4643/2025 - TCU - 2ª Câmara</p><p>1. Processo nº TC 024.236/2020-9.</p><p>2. Grupo I - Classe de Assunto: I - Embargos de declaração (Tomada de Contas Especial).</p><p>3. Embargantes: Antônio Gomes de Morais (255.649.433-68); Centro dos Direitos das Populações da Região de Carajás (04.381.717/0001-81); e Edmilson Carlos Pereira de Abreu Pinheiro (493.945.843-15).</p><p>4. Unidade Jurisdicionada: Caixa Econômica Federal.</p><p>5. Relator: Ministro João Augusto Ribeiro Nardes.</p><p>5.1. Relator da deliberação recorrida: Ministro João Augusto Ribeiro Nardes.</p><p>6. Representante do Ministério Público: Procurador Sergio Ricardo Costa Caribé.</p><p>7. Unidade Técnica: Unidade de Auditoria Especializada em Recursos (AudRecursos).</p><p>8. Representação legal: José Carlos de Matos (10446/OAB-DF), representando Antônio Gomes de Morais; Diogo Diniz Ribeiro Cabral (9355/OAB-MA) e José Carlos de Matos (10446/OAB-DF), representando o Centro dos Direitos das Populações da Região de Carajás; José Carlos de Matos (10446/OAB-DF), representando Edmilson Carlos Pereira de Abreu Pinheiro.</p><p>9. Acórdão:</p><p>VISTOS, relatados e discutidos estes autos de tomada de contas especial em que são apreciados, nesta fase processual, embargos de declaração opostos contra o Acórdão 9.503/2023-TCU-2ª Câmara,</p><p>ACORDAM os Ministros do Tribunal de Contas da União, reunidos em Sessão da Segunda Câmara, ante as razões expostas pelo Relator, em:</p><p>9.1. conhecer dos presentes embargos de declaração, com fundamento nos arts. 32, inciso II, e 34 da Lei 8.443/1992, para, no mérito, rejeitá-los; e</p><p>9.2. dar ciência desta deliberação aos embargantes.</p><p>10. Ata n° 26/2025 - 2ª Câmara.</p>]]></Texto>
  </body>
  <Midias />
</article></xml>