﻿<xml><article id="44732201" name="resolucao_2897_2025 COAFE_001" idOficio="11191160" pubName="DO1" artType="Resolução" pubDate="01/08/2025" artClass="00047:00048:00016:00006:00002:00000:00000:00000:00000:00000:00064:32897" artCategory="Ministério da Saúde/Agência Nacional de Vigilância Sanitária/4ª Diretoria/Gerência-Geral de Inspeção e Fiscalização Sanitária/Coordenação de Autorização de Funcionamento de Empresas" artSize="12" artNotes="" numberPage="183" pdfPage="http://pesquisa.in.gov.br/imprensa/jsp/visualiza/index.jsp?data=01/08/2025&amp;jornal=515&amp;pagina=183" editionNumber="144" highlightType="" highlightPriority="" highlight="" highlightimage="" highlightimagename="" idMateria="22948398">
  <body>
    <Identifica><![CDATA[ RESOLUÇÃO-RE nº 2.897, DE 31 DE JULHO DE 2025]]></Identifica>
    <Data><![CDATA[]]></Data>
    <Ementa />
    <Titulo />
    <SubTitulo />
    <Texto><![CDATA[<p class="identifica">RESOLUÇÃO-RE nº 2.897, DE 31 DE JULHO DE 2025</p><p>O COORDENADOR DE AUTORIZAÇÃO DE FUNCIONAMENTO DE EMPRESAS DA AGÊNCIA NACIONAL DE VIGILÂNCIA SANITÁRIA, no uso das atribuições que lhe confere o art. 144, aliado ao art. 203, I, §1° do Regimento Interno aprovado pela Resolução da Diretoria Colegiada - RDC n° 585, de 10 de dezembro de 2021, resolve:</p><p>Art. 1º. Alterar a Autorização de Funcionamento das Empresas constantes no anexo desta Resolução.</p><p>Art. 2º Esta Resolução entra em vigor na data de sua publicação.</p><p class="assina">DANIEL MARCOS PEREIRA DOURADO</p><p class="anexo">ANEXO</p><p>ALVIMED COMERCIO DE MATERIAL HOSPITALAR LTDA / 02.039.748/0001-23</p><p>25351.713556/2012-01 / 2069541</p><p>ARMAZENAR: COSMÉTICO / PERFUMES</p><p>DISTRIBUIR: COSMÉTICO / PERFUMES / PRODUTOS DE HIGIENE</p><p>EXPEDIR: COSMÉTICO / PERFUMES / PRODUTOS DE HIGIENE</p><p>751 - AFE - ALTERAÇÃO - COSMÉTICOS, PERFUMES E PRODUTOS DE HIGIENE - ENDEREÇO MATRIZ / 0828697256</p><p>--------------------------------------</p><p>FARMACIA KALUG LTDA / 07.297.966/0009-39</p><p>25351.106462/2022-02 / 7885373</p><p>COMÉRCIO: ALIMENTOS PERMITIDOS / COSMÉTICOS / PERFUMES / PRODUTOS DE HIGIENE / PRODUTOS PARA SAÚDE (DISPOSITIVOS MÉDICOS)</p><p>DISPENSAÇÃO DE MEDICAMENTOS, INCLUSIVE SUJEITOS A CONTROLE ESPECIAL</p><p>DISPENSAÇÃO DE PLANTAS MEDICINAIS: -</p><p>FRACIONAMENTO: -</p><p>PRESTAÇÃO DE SERVIÇOS FARMACÊUTICOS: -</p><p>70892 - AFE - ALTERAÇÃO - FARMÁCIAS E DROGARIAS - ENDEREÇO, POR ATO PÚBLICO / 0875309259</p><p>--------------------------------------</p><p>DROGARIA PRECO BAIXO LTDA / 49.687.748/0001-01</p><p>25351.909314/2024-04 / 5062807</p><p>COMÉRCIO: ALIMENTOS PERMITIDOS / COSMÉTICOS / PERFUMES / PRODUTOS DE HIGIENE / PRODUTOS PARA SAÚDE (DISPOSITIVOS MÉDICOS)</p><p>DISPENSAÇÃO DE MEDICAMENTOS, INCLUSIVE SUJEITOS A CONTROLE ESPECIAL</p><p>PRESTAÇÃO DE SERVIÇOS FARMACÊUTICOS: -</p><p>7110 - AFE - ALTERAÇÃO - FARMÁCIAS E DROGARIAS - RAZÃO SOCIAL / 0989326250</p><p>--------------------------------------</p><p>KONIMAGEM COMERCIAL LTDA / 58.598.368/0003-45</p><p>25351.161442/2017-05 / 8149315</p><p>ARMAZENAR: PRODUTOS PARA SAÚDE (DISPOSITIVOS MÉDICOS)</p><p>DISTRIBUIR: PRODUTOS PARA SAÚDE (DISPOSITIVOS MÉDICOS)</p><p>EXPEDIR: PRODUTOS PARA SAÚDE (DISPOSITIVOS MÉDICOS)</p><p>IMPORTAR: PRODUTOS PARA SAÚDE (DISPOSITIVOS MÉDICOS)</p><p>866 - AFE - ALTERAÇÃO - PRODUTOS PARA SAÚDE - ENDEREÇO / 0828707251</p><p>--------------------------------------</p><p>TOUCHE COSMETICOS LTDA / 58.314.562/0001-90</p><p>25351.054921/2025-08 / 2107323</p><p>DISTRIBUIR: COSMÉTICOS / PERFUMES / PRODUTOS DE HIGIENE</p><p>IMPORTAR: COSMÉTICOS / PERFUMES / PRODUTOS DE HIGIENE</p><p>70935 - AFE - ALTERAÇÃO - COSMÉTICOS, PERFUMES E PRODUTOS DE HIGIENE - AMPLIAÇÃO DE ATIVIDADES / 0495414255</p><p>--------------------------------------</p><p>RODRIGO ROGER PEREIRA / 04.578.510/0001-00</p><p>25351.291109/2014-09 / 7172304</p><p>COMÉRCIO: ALIMENTOS PERMITIDOS / COSMÉTICOS / PERFUMES / PRODUTOS DE HIGIENE / PRODUTOS PARA SAÚDE (DISPOSITIVOS MÉDICOS)</p><p>DISPENSAÇÃO DE MEDICAMENTOS, INCLUSIVE SUJEITOS A CONTROLE ESPECIAL</p><p>PRESTAÇÃO DE SERVIÇOS FARMACÊUTICOS: -</p><p>7110 - AFE - ALTERAÇÃO - FARMÁCIAS E DROGARIAS - RAZÃO SOCIAL / 0986669253</p><p>--------------------------------------</p><p>LS FARMACIAS - COMÉRCIO DE MEDICAMENTOS SEM MANIPULAÇÃO DE FORMULAS LTDA / 24.802.005/0001-04</p><p>25351.353242/2016-10 / 7478100</p><p>COMÉRCIO: ALIMENTOS PERMITIDOS / COSMÉTICOS / PERFUMES / PRODUTOS DE HIGIENE / PRODUTOS PARA SAÚDE (DISPOSITIVOS MÉDICOS)</p><p>DISPENSAÇÃO DE MEDICAMENTOS, INCLUSIVE SUJEITOS A CONTROLE ESPECIAL</p><p>DISPENSAÇÃO DE PLANTAS MEDICINAIS: -</p><p>PRESTAÇÃO DE SERVIÇOS FARMACÊUTICOS: -</p><p>7111 - AFE - ALTERAÇÃO - FARMÁCIAS E DROGARIAS - AMPLIAÇÃO DE ATIVIDADES / 0865337250</p><p>--------------------------------------</p><p>DROGARIA IRMAOS TEIXEIRA LTDA / 59.298.168/0001-78</p><p>25351.035886/2025-10 / 5170753</p><p>COMÉRCIO: ALIMENTOS PERMITIDOS / COSMÉTICOS / PERFUMES / PRODUTOS DE HIGIENE / PRODUTOS PARA SAÚDE (DISPOSITIVOS MÉDICOS)</p><p>DISPENSAÇÃO DE MEDICAMENTOS CONTENDO SUBSTÂNCIAS SUJEITAS AO CONTROLE ESPECIAL</p><p>PRESTAÇÃO DE SERVIÇOS FARMACÊUTICOS: -</p><p>7111 - AFE - ALTERAÇÃO - FARMÁCIAS E DROGARIAS - AMPLIAÇÃO DE ATIVIDADES / 0873897251</p><p>--------------------------------------</p><p>SILVIA CRISTINA FONSECA - ME / 09.325.629/0001-86</p><p>25351.815394/2016-10 / 7432527</p><p>COMÉRCIO: ALIMENTOS PERMITIDOS / COSMÉTICOS / PERFUMES / PRODUTOS DE HIGIENE / PRODUTOS PARA SAÚDE (DISPOSITIVOS MÉDICOS)</p><p>DISPENSAÇÃO DE MEDICAMENTOS, INCLUSIVE SUJEITOS A CONTROLE ESPECIAL</p><p>DISPENSAÇÃO DE PLANTAS MEDICINAIS: -</p><p>PRESTAÇÃO DE SERVIÇOS FARMACÊUTICOS: -</p><p>7111 - AFE - ALTERAÇÃO - FARMÁCIAS E DROGARIAS - AMPLIAÇÃO DE ATIVIDADES / 1547267241</p><p>25351.815394/2016-10 / 7432527</p><p>COMÉRCIO: ALIMENTOS PERMITIDOS / COSMÉTICOS / PERFUMES / PRODUTOS DE HIGIENE / PRODUTOS PARA SAÚDE (DISPOSITIVOS MÉDICOS)</p><p>DISPENSAÇÃO DE MEDICAMENTOS, INCLUSIVE SUJEITOS A CONTROLE ESPECIAL</p><p>DISPENSAÇÃO DE PLANTAS MEDICINAIS: -</p><p>PRESTAÇÃO DE SERVIÇOS FARMACÊUTICOS: -</p><p>7113 - AFE - ALTERAÇÃO - FARMÁCIAS E DROGARIAS - ENDEREÇO / 0872876250</p><p>--------------------------------------</p><p>DROGARIA SANTA CRUZ BURITIS LTDA / 18.804.963/0001-03</p><p>25351.645150/2013-11 / 7011607</p><p>COMÉRCIO: ALIMENTOS PERMITIDOS / COSMÉTICOS / PERFUMES / PRODUTOS DE HIGIENE / PRODUTOS PARA SAÚDE (DISPOSITIVOS MÉDICOS)</p><p>DISPENSAÇÃO DE MEDICAMENTOS, INCLUSIVE SUJEITOS A CONTROLE ESPECIAL</p><p>7110 - AFE - ALTERAÇÃO - FARMÁCIAS E DROGARIAS - RAZÃO SOCIAL / 0987813251</p><p>--------------------------------------</p><p>l. c. cavalcante - me / 03.297.946/0001-50</p><p>25351.460377/2013-11 / 3055601</p><p>ARMAZENAR: SANEANTE DOMIS.</p><p>DISTRIBUIR: SANEANTE DOMIS.</p><p>EMBALAR: SANEANTE DOMIS.</p><p>EXPEDIR: SANEANTE DOMIS.</p><p>FABRICAR: SANEANTE DOMIS.</p><p>FRACIONAR: SANEANTE DOMIS.</p><p>REEMBALAR: SANEANTE DOMIS.</p><p>714 - AFE - ALTERAÇÃO - SANEANTES DOMISSANITÁRIOS - ENDEREÇO MATRIZ / 0828238251</p><p>--------------------------------------</p><p>CML- Centro Médico Logístico Ltda / 23.378.089/0001-20</p><p>25351.936004/2016-11 / 8134650</p><p>ARMAZENAR: PRODUTOS PARA SAÚDE (DISPOSITIVOS MÉDICOS)</p><p>DISTRIBUIR: PRODUTOS PARA SAÚDE (DISPOSITIVOS MÉDICOS)</p><p>EXPEDIR: PRODUTOS PARA SAÚDE (DISPOSITIVOS MÉDICOS)</p><p>EXPORTAR: PRODUTOS PARA SAÚDE (DISPOSITIVOS MÉDICOS)</p><p>IMPORTAR: PRODUTOS PARA SAÚDE (DISPOSITIVOS MÉDICOS)</p><p>TRANSPORTAR: PRODUTOS PARA SAÚDE (DISPOSITIVOS MÉDICOS)</p><p>866 - AFE - ALTERAÇÃO - PRODUTOS PARA SAÚDE - ENDEREÇO / 0828489254</p><p>--------------------------------------</p><p>T.R.D.L. TRANSPORTES LTDA - EPP / 05.305.623/0001-96</p><p>25351.672984/2018-11 / 1181431</p><p>TRANSPORTAR: INSUMOS FARMACÊUTICOS / MEDICAMENTO</p><p>70798 - AFE - ALTERAÇÃO - MEDICAMENTOS E/OU INSUMOS FARMACÊUTICOS - ENDEREÇO MATRIZ / 0828750254</p><p>--------------------------------------</p><p>CML- Centro Médico Logístico Ltda / 23.378.089/0001-20</p><p>25351.034042/2019-11 / 1184211</p><p>ARMAZENAR: MEDICAMENTO</p><p>EXPEDIR: MEDICAMENTO</p><p>TRANSPORTAR: MEDICAMENTO</p><p>70798 - AFE - ALTERAÇÃO - MEDICAMENTOS E/OU INSUMOS FARMACÊUTICOS - ENDEREÇO MATRIZ / 0829879251</p><p>25351.935974/2016-11 / 2085832</p><p>ARMAZENAR: COSMÉTICOS / PERFUMES / PRODUTOS DE HIGIENE</p><p>DISTRIBUIR: COSMÉTICOS / PERFUMES / PRODUTOS DE HIGIENE</p><p>EXPEDIR: COSMÉTICOS / PERFUMES / PRODUTOS DE HIGIENE</p><p>EXPORTAR: COSMÉTICOS / PERFUMES / PRODUTOS DE HIGIENE</p><p>IMPORTAR: COSMÉTICOS / PERFUMES / PRODUTOS DE HIGIENE</p><p>TRANSPORTAR: COSMÉTICOS / PERFUMES / PRODUTOS DE HIGIENE</p><p>751 - AFE - ALTERAÇÃO - COSMÉTICOS, PERFUMES E PRODUTOS DE HIGIENE - ENDEREÇO MATRIZ / 0829880259</p><p>--------------------------------------</p><p>GENTELL LTDA / 44.253.776/0001-99</p><p>25351.059213/2022-11 / 1270195</p><p>ARMAZENAR: INSUMOS FARMACÊUTICOS / MEDICAMENTO</p><p>DISTRIBUIR: INSUMOS FARMACÊUTICOS / MEDICAMENTO</p><p>EXPEDIR: INSUMOS FARMACÊUTICOS / MEDICAMENTO</p><p>EXPORTAR: INSUMOS FARMACÊUTICOS / MEDICAMENTO</p><p>IMPORTAR: INSUMOS FARMACÊUTICOS / MEDICAMENTO</p><p>70800 - AFE - ALTERAÇÃO - MEDICAMENTOS E/OU INSUMOS FARMACÊUTICOS - RAZÃO SOCIAL / 0989551253</p><p>--------------------------------------</p><p>WAVE PRODUTOS MEDICOS LTDA / 05.146.498/0003-80</p><p>25351.021183/2025-12 / 8311491</p><p>ARMAZENAR: PRODUTOS PARA SAÚDE (DISPOSITIVOS MÉDICOS)</p><p>DISTRIBUIR: PRODUTOS PARA SAÚDE (DISPOSITIVOS MÉDICOS)</p><p>EXPEDIR: PRODUTOS PARA SAÚDE (DISPOSITIVOS MÉDICOS)</p><p>TRANSPORTAR: PRODUTOS PARA SAÚDE (DISPOSITIVOS MÉDICOS)</p><p>70933 - AFE - ALTERAÇÃO - PRODUTOS PARA SAÚDE - AMPLIAÇÃO DE ATIVIDADES / 0828450251</p><p>--------------------------------------</p><p>ZANONI &amp; ZANONI MATAO LTDA - ME / 05.744.902/0001-56</p><p>25351.678638/2014-13 / 7343081</p><p>COMÉRCIO: COSMÉTICOS, PERFUMES, PRODUTOS DE HIGIENE, CORRELATOS, ALIMENTOS E PLANTAS MEDICINAIS (IN Nº 9/2009)</p><p>DISPENSAÇÃO DE MEDICAMENTOS, INCLUSIVE SUJEITOS A CONTROLE ESPECIAL</p><p>PRESTAÇÃO DE SERVIÇOS FARMACÊUTICOS: -</p><p>7111 - AFE - ALTERAÇÃO - FARMÁCIAS E DROGARIAS - AMPLIAÇÃO DE ATIVIDADES / 0873667255</p><p>--------------------------------------</p><p>FUTURE CLINIC - CLINICA DE ESTETICA, CURSOS, IMPORTADORA E DISTRIBUIDORA DE PRODUTOS E EQUIPAMENTOS MEDICOS LTDA / 04.868.867/0001-14</p><p>25351.494759/2022-14 / 8248197</p><p>ARMAZENAR: PRODUTOS PARA SAÚDE (DISPOSITIVOS MÉDICOS)</p><p>DISTRIBUIR: PRODUTOS PARA SAÚDE (DISPOSITIVOS MÉDICOS)</p><p>EXPEDIR: PRODUTOS PARA SAÚDE (DISPOSITIVOS MÉDICOS)</p><p>829 - AFE - ALTERAÇÃO - PRODUTOS PARA SAÚDE - RAZÃO SOCIAL / 0989563251</p><p>--------------------------------------</p><p>TAMIANE KOHL DORS LTDA / 10.488.574/0001-04</p><p>25351.241233/2014-15 / 7176431</p><p>COMÉRCIO: ALIMENTOS PERMITIDOS / COSMÉTICOS / PERFUMES / PRODUTOS DE HIGIENE / PRODUTOS PARA SAÚDE (DISPOSITIVOS MÉDICOS)</p><p>DISPENSAÇÃO DE MEDICAMENTOS, INCLUSIVE SUJEITOS A CONTROLE ESPECIAL</p><p>PRESTAÇÃO DE SERVIÇOS FARMACÊUTICOS: -</p><p>7113 - AFE - ALTERAÇÃO - FARMÁCIAS E DROGARIAS - ENDEREÇO / 0865442258</p><p>--------------------------------------</p><p>M BRAGA COMERCIO / 04.616.569/0001-37</p><p>25351.048022/2022-15 / 7910442</p><p>COMÉRCIO: ALIMENTOS PERMITIDOS / COSMÉTICOS / PERFUMES / PRODUTOS DE HIGIENE / PRODUTOS PARA SAÚDE (DISPOSITIVOS MÉDICOS)</p><p>DISPENSAÇÃO DE MEDICAMENTOS, INCLUSIVE SUJEITOS A CONTROLE ESPECIAL</p>]]></Texto>
  </body>
  <Midias />
</article></xml>