﻿<xml><article id="44716804" name="PIN 340220250813a14 (Extraodinar" idOficio="11188386" pubName="DO1" artType="Pauta" pubDate="01/08/2025" artClass="00028:00015:00003:00007:00003:00000:00000:00000:00000:00000:00053:00000" artCategory="Ministério da Fazenda/Conselho Administrativo de Recursos Fiscais/3ª Seção/4ª Câmara/2ª Turma Ordinária" artSize="12" artNotes="" numberPage="27" pdfPage="http://pesquisa.in.gov.br/imprensa/jsp/visualiza/index.jsp?data=01/08/2025&amp;jornal=515&amp;pagina=27" editionNumber="144" highlightType="" highlightPriority="" highlight="" highlightimage="" highlightimagename="" idMateria="22944174">
  <body>
    <Identifica><![CDATA[ PAUTA DE JULGAMENTO]]></Identifica>
    <Data><![CDATA[]]></Data>
    <Ementa />
    <Titulo />
    <SubTitulo />
    <Texto><![CDATA[<p class="identifica">PAUTA DE JULGAMENTO</p><p>Período da Reunião: de 13 a 14/08/2025.</p><p>Pauta extraordinária de julgamento dos recursos da 2ª Turma Ordinária da 4ª Câmara da 3ª Seção, em reunião assíncrona, realizada por meio do Plenário Virtual, com duração de 2 (dois) dias, tendo início às 9h do dia 13/08/2025 e fim às 23h59min do dia 14/08/2025.</p><p>OBSERVAÇÕES:</p><p>1) Arquivos de sustentação oral e memoriais devem ser postados até cinco dias após a publicação da pauta;</p><p>2) Pedidos de retirada de pauta devem ser enviados até cinco dias após a publicação da pauta;</p><p>3) Serão desconsiderados a sustentação oral e o memorial cujos arquivos transmitidos não atendam à duração e aos requisitos previstos, respectivamente, no art. 11, e no art. 12 da Portaria CARF/MF nº 1.240, de 2 de agosto de 2024; e</p><p>4) A publicidade da reunião será garantida por meio do Sistema de Acompanhamento do Plenário Virtual - SAPVI, com acesso pelo endereço https://sapvi.carf.economia.gov.br/home.</p><p>DIA 13 de Agosto de 2025, ÀS 09:00 HORAS</p><p>Relator(a): MARIEL ORSI GAMEIRO</p><p>1 - Processo nº: 11131.720239/2016-04 - Recorrente: CONSORCIO QGFG e Interessado: FAZENDA NACIONAL</p><p>2 - Processo nº: 10314.001460/2009-11 - Recorrente: COOP. CENTRAL DE PROD. INDL. DE TRAB. EM METALURGIA - UNIFORJA e Interessado: FAZENDA NACIONAL</p><p>3 - Processo nº: 11128.721923/2015-73 - Recorrente: COOP. CENTRAL DE PROD. INDL. DE TRAB. EM METALURGIA - UNIFORJA e Interessado: FAZENDA NACIONAL</p><p>4 - Processo nº: 11992.720004/2019-17 - Recorrente: EDUARDO WELBERT NOGUEIRA DE CARVALHO e Interessado: FAZENDA NACIONAL</p><p>Relator(a): ANNA DOLORES BARROS DE OLIVEIRA SA MALTA</p><p>5 - Processo nº: 11128.004004/2009-93 - Recorrente: DSM PRODUTOS NUTRICIONAIS BRASIL LTDA. e Interessado: FAZENDA NACIONAL</p><p>6 - Processo nº: 11128.004511/2009-27 - Recorrente: DSM PRODUTOS NUTRICIONAIS BRASIL LTDA. e Interessado: FAZENDA NACIONAL</p><p>7 - Processo nº: 12266.724154/2013-81 - Recorrente: PROCOMP AMAZONIA INDUSTRIA ELETRONICA LTDA e Interessado: FAZENDA NACIONAL</p><p>Relator(a): CYNTHIA ELENA DE CAMPOS</p><p>8 - Processo nº: 11128.007610/2009-61 - Recorrente: IMPORTADORA DE FRUTAS LA VIOLETERA LTDA e Interessado: FAZENDA NACIONAL</p><p>9 - Processo nº: 11128.007703/2009-95 - Recorrente: IMPORTADORA DE FRUTAS LA VIOLETERA LTDA e Interessado: FAZENDA NACIONAL</p><p>10 - Processo nº: 15165.000680/2009-01 - Recorrente: IMPORTADORA DE FRUTAS LA VIOLETERA LTDA e Interessado: FAZENDA NACIONAL</p><p>Relator(a): LEONARDO HONORIO DOS SANTOS</p><p>11 - Processo nº: 10830.720381/2010-16 - Recorrente: ABSA AEROLINHAS BRASILEIRAS S.A. e Interessado: FAZENDA NACIONAL</p><p>12 - Processo nº: 11829.720054/2017-24 - Recorrente: ALEXSANDRO B. DE GODOY FLORES e Interessado: FAZENDA NACIONAL</p><p>13 - Processo nº: 10314.722181/2017-03 - Recorrente: CENTURY DISTRIBUICAO E SERVICOS LTDA e Interessado: FAZENDA NACIONAL</p><p>14 - Processo nº: 10611.720004/2019-91 - Recorrente: MULTILASER INDUSTRIAL S.A. e Interessado: FAZENDA NACIONAL</p><p>15 - Processo nº: 10821.720032/2018-52 - Recorrente: FAZENDA NACIONAL e Interessado: PETROLEO BRASILEIRO S A PETROBRAS</p><p>16 - Processo nº: 10821.720033/2018-05 - Recorrente: FAZENDA NACIONAL e Interessado: PETROLEO BRASILEIRO S A PETROBRAS</p><p>17 - Processo nº: 10821.720034/2018-41 - Recorrente: PETROLEO BRASILEIRO S A PETROBRAS e Interessado: FAZENDA NACIONAL</p><p>18 - Processo nº: 10821.720035/2018-96 - Recorrente: PETROLEO BRASILEIRO S A PETROBRAS e Interessado: FAZENDA NACIONAL</p><p>19 - Processo nº: 10821.720118/2017-02 - Recorrente: PETROLEO BRASILEIRO S A PETROBRAS e Interessado: FAZENDA NACIONAL</p><p>20 - Processo nº: 10821.720119/2017-49 - Recorrente: PETROLEO BRASILEIRO S A PETROBRAS e Interessado: FAZENDA NACIONAL</p><p>21 - Processo nº: 10183.724690/2018-86 - Recorrentes: FAZENDA NACIONAL e STHYRMER &amp; TINTI LTDA</p><p>Relator(a): ARNALDO DIEFENTHAELER DORNELLES</p><p>22 - Processo nº: 10909.720366/2020-81 - Recorrente: MAERSK BRASIL BRASMAR LTDA e Interessado: FAZENDA NACIONAL</p><p class="assina">Arnaldo Diefenthaeler Dornelles</p><p class="cargo">Presidente da 2ª Turma Ordinária</p>]]></Texto>
  </body>
  <Midias />
</article></xml>