﻿<xml><article id="44735768" name="Portaria FP 31 07 2025 Descreden" idOficio="11191432" pubName="DO1" artType="Despacho" pubDate="01/08/2025" artClass="00047:00039:00000:00000:00000:00000:00000:00000:00000:00000:00024:00000" artCategory="Ministério da Saúde/Secretaria de Ciência, Tecnologia e Inovação e do Complexo Econômico-Industrial da Saúde" artSize="24" artNotes="" numberPage="131" pdfPage="http://pesquisa.in.gov.br/imprensa/jsp/visualiza/index.jsp?data=01/08/2025&amp;jornal=515&amp;pagina=131" editionNumber="144" highlightType="" highlightPriority="" highlight="" highlightimage="" highlightimagename="" idMateria="22948776">
  <body>
    <Identifica />
    <Data><![CDATA[]]></Data>
    <Ementa />
    <Titulo />
    <SubTitulo />
    <Texto><![CDATA[<p /><p></p><table><tr /><tr><td rowspan="1" colspan="1"><p>1001</p></td><td rowspan="1" colspan="1"><p>15716245000197</p></td><td rowspan="1" colspan="1"><p>FARMACIA DO POVO REDE MINEIRA LAVRAS II LTDA</p></td><td rowspan="1" colspan="1"><p>MG</p></td><td rowspan="1" colspan="1"><p>LAVRAS</p></td><td rowspan="1" colspan="1"><p>25000102779201431</p></td></tr><tr><td rowspan="1" colspan="1"><p>1002</p></td><td rowspan="1" colspan="1"><p>07932028000106</p></td><td rowspan="1" colspan="1"><p>EVERLI PERPETUO BERTINI MORIKAWA</p></td><td rowspan="1" colspan="1"><p>MG</p></td><td rowspan="1" colspan="1"><p>LIMEIRA DO OESTE</p></td><td rowspan="1" colspan="1"><p>25000133597201089</p></td></tr><tr><td rowspan="1" colspan="1"><p>1003</p></td><td rowspan="1" colspan="1"><p>11831065000103</p></td><td rowspan="1" colspan="1"><p>DROGARIA BASTOS E REZENDE LTDA</p></td><td rowspan="1" colspan="1"><p>MG</p></td><td rowspan="1" colspan="1"><p>LUMINARIAS</p></td><td rowspan="1" colspan="1"><p>25000188006201019</p></td></tr><tr><td rowspan="1" colspan="1"><p>1004</p></td><td rowspan="1" colspan="1"><p>13069839000128</p></td><td rowspan="1" colspan="1"><p>DROGARIA CIANITA DE MINAS LTDA</p></td><td rowspan="1" colspan="1"><p>MG</p></td><td rowspan="1" colspan="1"><p>MADRE DE DEUS DE MINAS</p></td><td rowspan="1" colspan="1"><p>25000198799201319</p></td></tr><tr><td rowspan="1" colspan="1"><p>1005</p></td><td rowspan="1" colspan="1"><p>01126797000130</p></td><td rowspan="1" colspan="1"><p>CELIO SOARES DA ROCHA</p></td><td rowspan="1" colspan="1"><p>MG</p></td><td rowspan="1" colspan="1"><p>MANHUACU</p></td><td rowspan="1" colspan="1"><p>25000133563201175</p></td></tr><tr><td rowspan="1" colspan="1"><p>1006</p></td><td rowspan="1" colspan="1"><p>13401185000198</p></td><td rowspan="1" colspan="1"><p>DROGARIA ESSENCIAL MARIANA LTDA</p></td><td rowspan="1" colspan="1"><p>MG</p></td><td rowspan="1" colspan="1"><p>MANHUACU</p></td><td rowspan="1" colspan="1"><p>25000134088201316</p></td></tr><tr><td rowspan="1" colspan="1"><p>1007</p></td><td rowspan="1" colspan="1"><p>22010698000169</p></td><td rowspan="1" colspan="1"><p>FARMACIA SAO MATHEUS DE MANTENA LTDA</p></td><td rowspan="1" colspan="1"><p>MG</p></td><td rowspan="1" colspan="1"><p>MANTENA</p></td><td rowspan="1" colspan="1"><p>25000055353200671</p></td></tr><tr><td rowspan="1" colspan="1"><p>1008</p></td><td rowspan="1" colspan="1"><p>18426884000297</p></td><td rowspan="1" colspan="1"><p>SOCIEDADE FARMACEUTICA SILVA SEVERINO LTDA</p></td><td rowspan="1" colspan="1"><p>MG</p></td><td rowspan="1" colspan="1"><p>MARAVILHAS</p></td><td rowspan="1" colspan="1"><p>25000166164201433</p></td></tr><tr><td rowspan="1" colspan="1"><p>1009</p></td><td rowspan="1" colspan="1"><p>00886228000120</p></td><td rowspan="1" colspan="1"><p>DROGARIA SABIN LTDA</p></td><td rowspan="1" colspan="1"><p>MG</p></td><td rowspan="1" colspan="1"><p>MARIANA</p></td><td rowspan="1" colspan="1"><p>25000525501200971</p></td></tr><tr><td rowspan="1" colspan="1"><p>1010</p></td><td rowspan="1" colspan="1"><p>08388935000280</p></td><td rowspan="1" colspan="1"><p>DROGARIA E PERFUMARIA CAMARGO LTDA</p></td><td rowspan="1" colspan="1"><p>MG</p></td><td rowspan="1" colspan="1"><p>MARLIERIA</p></td><td rowspan="1" colspan="1"><p>25000208984200861</p></td></tr><tr><td rowspan="1" colspan="1"><p>1011</p></td><td rowspan="1" colspan="1"><p>14387181000165</p></td><td rowspan="1" colspan="1"><p>EVANDRO CUNHA COUTINHO</p></td><td rowspan="1" colspan="1"><p>MG</p></td><td rowspan="1" colspan="1"><p>MONTE ALEGRE DE MINAS</p></td><td rowspan="1" colspan="1"><p>25000142030201265</p></td></tr><tr><td rowspan="1" colspan="1"><p>1012</p></td><td rowspan="1" colspan="1"><p>07138286000115</p></td><td rowspan="1" colspan="1"><p>DROGARIA SUPER SEU LTDA</p></td><td rowspan="1" colspan="1"><p>MG</p></td><td rowspan="1" colspan="1"><p>MONTE CARMELO</p></td><td rowspan="1" colspan="1"><p>25000084988201143</p></td></tr><tr><td rowspan="1" colspan="1"><p>1013</p></td><td rowspan="1" colspan="1"><p>25848011000408</p></td><td rowspan="1" colspan="1"><p>DROGARIA MARCAL FILHO LTDA</p></td><td rowspan="1" colspan="1"><p>MG</p></td><td rowspan="1" colspan="1"><p>MONTE SANTO DE MINAS</p></td><td rowspan="1" colspan="1"><p>25000029515200705</p></td></tr><tr><td rowspan="1" colspan="1"><p>1014</p></td><td rowspan="1" colspan="1"><p>41847922000116</p></td><td rowspan="1" colspan="1"><p>EASY FARMA LTDA</p></td><td rowspan="1" colspan="1"><p>MG</p></td><td rowspan="1" colspan="1"><p>MONTE SIAO</p></td><td rowspan="1" colspan="1"><p>25000204982200801</p></td></tr><tr><td rowspan="1" colspan="1"><p>1015</p></td><td rowspan="1" colspan="1"><p>22644512001014</p></td><td rowspan="1" colspan="1"><p>CAIXA DE ASSISTENCIA DOS ADVOGADOS DE MINAS GERAIS</p></td><td rowspan="1" colspan="1"><p>MG</p></td><td rowspan="1" colspan="1"><p>MONTES CLAROS</p></td><td rowspan="1" colspan="1"><p>25000135429201451</p></td></tr><tr><td rowspan="1" colspan="1"><p>1016</p></td><td rowspan="1" colspan="1"><p>23932577000137</p></td><td rowspan="1" colspan="1"><p>CENTER DROGAS MOC LTDA</p></td><td rowspan="1" colspan="1"><p>MG</p></td><td rowspan="1" colspan="1"><p>MONTES CLAROS</p></td><td rowspan="1" colspan="1"><p>25000079421200698</p></td></tr><tr><td rowspan="1" colspan="1"><p>1017</p></td><td rowspan="1" colspan="1"><p>07661178000122</p></td><td rowspan="1" colspan="1"><p>DROGARIA FARMA CENTER DE MONTES CLAROS LTDA</p></td><td rowspan="1" colspan="1"><p>MG</p></td><td rowspan="1" colspan="1"><p>MONTES CLAROS</p></td><td rowspan="1" colspan="1"><p>25000226852200811</p></td></tr><tr><td rowspan="1" colspan="1"><p>1018</p></td><td rowspan="1" colspan="1"><p>07261077000164</p></td><td rowspan="1" colspan="1"><p>DROGARIA MENDES &amp; VIEIRA LTDA</p></td><td rowspan="1" colspan="1"><p>MG</p></td><td rowspan="1" colspan="1"><p>MONTES CLAROS</p></td><td rowspan="1" colspan="1"><p>25000149216200869</p></td></tr><tr><td rowspan="1" colspan="1"><p>1019</p></td><td rowspan="1" colspan="1"><p>04357912000257</p></td><td rowspan="1" colspan="1"><p>DROGASUL M. CLAROS LTDA</p></td><td rowspan="1" colspan="1"><p>MG</p></td><td rowspan="1" colspan="1"><p>MONTES CLAROS</p></td><td rowspan="1" colspan="1"><p>25000092638200774</p></td></tr><tr><td rowspan="1" colspan="1"><p>1020</p></td><td rowspan="1" colspan="1"><p>04357912000338</p></td><td rowspan="1" colspan="1"><p>DROGASUL M. CLAROS LTDA</p></td><td rowspan="1" colspan="1"><p>MG</p></td><td rowspan="1" colspan="1"><p>MONTES CLAROS</p></td><td rowspan="1" colspan="1"><p>25000092638200774</p></td></tr><tr><td rowspan="1" colspan="1"><p>1021</p></td><td rowspan="1" colspan="1"><p>04684482000369</p></td><td rowspan="1" colspan="1"><p>SANTO EXPEDITO DROGARIA E PERFUMARIA LTDA</p></td><td rowspan="1" colspan="1"><p>MG</p></td><td rowspan="1" colspan="1"><p>MONTES CLAROS</p></td><td rowspan="1" colspan="1"><p>25000069014201211</p></td></tr><tr><td rowspan="1" colspan="1"><p>1022</p></td><td rowspan="1" colspan="1"><p>00063960022846</p></td><td rowspan="1" colspan="1"><p>WMB SUPERMERCADOS DO BRASIL LTDA.</p></td><td rowspan="1" colspan="1"><p>MG</p></td><td rowspan="1" colspan="1"><p>MONTES CLAROS</p></td><td rowspan="1" colspan="1"><p>25000086421201292</p></td></tr><tr><td rowspan="1" colspan="1"><p>1023</p></td><td rowspan="1" colspan="1"><p>04205273000204</p></td><td rowspan="1" colspan="1"><p>ANA CAROLINA MESQUITA DE FIGUEIREDO ROCHA</p></td><td rowspan="1" colspan="1"><p>MG</p></td><td rowspan="1" colspan="1"><p>NAZARENO</p></td><td rowspan="1" colspan="1"><p>25000212942201040</p></td></tr><tr><td rowspan="1" colspan="1"><p>1024</p></td><td rowspan="1" colspan="1"><p>01952247000170</p></td><td rowspan="1" colspan="1"><p>ALVES COSTA DOS SANTOS DROGARIA LTDA</p></td><td rowspan="1" colspan="1"><p>MG</p></td><td rowspan="1" colspan="1"><p>NOVA LIMA</p></td><td rowspan="1" colspan="1"><p>25000201909200870</p></td></tr><tr><td rowspan="1" colspan="1"><p>1025</p></td><td rowspan="1" colspan="1"><p>18909341000140</p></td><td rowspan="1" colspan="1"><p>DROGAFLORA REGINA LTDA</p></td><td rowspan="1" colspan="1"><p>MG</p></td><td rowspan="1" colspan="1"><p>NOVA LIMA</p></td><td rowspan="1" colspan="1"><p>25000612029200914</p></td></tr><tr><td rowspan="1" colspan="1"><p>1026</p></td><td rowspan="1" colspan="1"><p>19864400000173</p></td><td rowspan="1" colspan="1"><p>DROGARIA SANTAFE LTDA</p></td><td rowspan="1" colspan="1"><p>MG</p></td><td rowspan="1" colspan="1"><p>NOVA LIMA</p></td><td rowspan="1" colspan="1"><p>25000046638201511</p></td></tr><tr><td rowspan="1" colspan="1"><p>1027</p></td><td rowspan="1" colspan="1"><p>09278160000252</p></td><td rowspan="1" colspan="1"><p>BIOFARMA S.S LTDA</p></td><td rowspan="1" colspan="1"><p>MG</p></td><td rowspan="1" colspan="1"><p>NOVA RESENDE</p></td><td rowspan="1" colspan="1"><p>25000033563200951</p></td></tr><tr><td rowspan="1" colspan="1"><p>1028</p></td><td rowspan="1" colspan="1"><p>03325104000326</p></td><td rowspan="1" colspan="1"><p>DROGARIA RIBEIRO COSTA LTDA</p></td><td rowspan="1" colspan="1"><p>MG</p></td><td rowspan="1" colspan="1"><p>NOVA SERRANA</p></td><td rowspan="1" colspan="1"><p>25000093905201115</p></td></tr><tr><td rowspan="1" colspan="1"><p>1029</p></td><td rowspan="1" colspan="1"><p>03325104000164</p></td><td rowspan="1" colspan="1"><p>DROGARIA RIBEIRO COSTA LTDA</p></td><td rowspan="1" colspan="1"><p>MG</p></td><td rowspan="1" colspan="1"><p>NOVA SERRANA</p></td><td rowspan="1" colspan="1"><p>25000093905201115</p></td></tr><tr><td rowspan="1" colspan="1"><p>1030</p></td><td rowspan="1" colspan="1"><p>03009108000133</p></td><td rowspan="1" colspan="1"><p>DROGARIA OLARIA LTDA</p></td><td rowspan="1" colspan="1"><p>MG</p></td><td rowspan="1" colspan="1"><p>OLARIA</p></td><td rowspan="1" colspan="1"><p>25000092717201161</p></td></tr><tr><td rowspan="1" colspan="1"><p>1031</p></td><td rowspan="1" colspan="1"><p>06026423000167</p></td><td rowspan="1" colspan="1"><p>RAJOM LTDA</p></td><td rowspan="1" colspan="1"><p>MG</p></td><td rowspan="1" colspan="1"><p>OURO FINO</p></td><td rowspan="1" colspan="1"><p>25000110147200712</p></td></tr><tr><td rowspan="1" colspan="1"><p>1032</p></td><td rowspan="1" colspan="1"><p>18514217000185</p></td><td rowspan="1" colspan="1"><p>LUIS ANTONIO FERRAO E SILVA &amp; CIA. LTDA.</p></td><td rowspan="1" colspan="1"><p>MG</p></td><td rowspan="1" colspan="1"><p>PAINEIRAS</p></td><td rowspan="1" colspan="1"><p>25000227365201333</p></td></tr><tr><td rowspan="1" colspan="1"><p>1033</p></td><td rowspan="1" colspan="1"><p>26026054000209</p></td><td rowspan="1" colspan="1"><p>CARLOS ALBERTO PEREIRA AYRES BEZERRA LTDA</p></td><td rowspan="1" colspan="1"><p>MG</p></td><td rowspan="1" colspan="1"><p>PARA DE MINAS</p></td><td rowspan="1" colspan="1"><p>25000186316200612</p></td></tr><tr><td rowspan="1" colspan="1"><p>1034</p></td><td rowspan="1" colspan="1"><p>23117989000113</p></td><td rowspan="1" colspan="1"><p>DROGAFLORA NOSSA SENHORA DA PIEDADE LTDA</p></td><td rowspan="1" colspan="1"><p>MG</p></td><td rowspan="1" colspan="1"><p>PARA DE MINAS</p></td><td rowspan="1" colspan="1"><p>25000105177200715</p></td></tr><tr><td rowspan="1" colspan="1"><p>1035</p></td><td rowspan="1" colspan="1"><p>23117252000109</p></td><td rowspan="1" colspan="1"><p>DROGARIA SANTA MARIA LTDA</p></td><td rowspan="1" colspan="1"><p>MG</p></td><td rowspan="1" colspan="1"><p>PARA DE MINAS</p></td><td rowspan="1" colspan="1"><p>25000217114200883</p></td></tr><tr><td rowspan="1" colspan="1"><p>1036</p></td><td rowspan="1" colspan="1"><p>23116379000286</p></td><td rowspan="1" colspan="1"><p>FARMACIA CRUZEIRO LTDA</p></td><td rowspan="1" colspan="1"><p>MG</p></td><td rowspan="1" colspan="1"><p>PARA DE MINAS</p></td><td rowspan="1" colspan="1"><p>25000176641200669</p></td></tr><tr><td rowspan="1" colspan="1"><p>1037</p></td><td rowspan="1" colspan="1"><p>20498499001430</p></td><td rowspan="1" colspan="1"><p>DROGARIA E PERFUMARIA CRISTINA LTDA</p></td><td rowspan="1" colspan="1"><p>MG</p></td><td rowspan="1" colspan="1"><p>PARACATU</p></td><td rowspan="1" colspan="1"><p>25000057991200627</p></td></tr><tr><td rowspan="1" colspan="1"><p>1038</p></td><td rowspan="1" colspan="1"><p>08864154000133</p></td><td rowspan="1" colspan="1"><p>DROGARIA POPULAR PARACATU LTDA</p></td><td rowspan="1" colspan="1"><p>MG</p></td><td rowspan="1" colspan="1"><p>PARACATU</p></td><td rowspan="1" colspan="1"><p>25000023029200937</p></td></tr><tr><td rowspan="1" colspan="1"><p>1039</p></td><td rowspan="1" colspan="1"><p>18200899000232</p></td><td rowspan="1" colspan="1"><p>PEDRO ALVES DE MELO LTDA</p></td><td rowspan="1" colspan="1"><p>MG</p></td><td rowspan="1" colspan="1"><p>PARACATU</p></td><td rowspan="1" colspan="1"><p>25000158395200744</p></td></tr><tr><td rowspan="1" colspan="1"><p>1040</p></td><td rowspan="1" colspan="1"><p>19922007000199</p></td><td rowspan="1" colspan="1"><p>BONA FARMA LTDA</p></td><td rowspan="1" colspan="1"><p>MG</p></td><td rowspan="1" colspan="1"><p>PARAISOPOLIS</p></td><td rowspan="1" colspan="1"><p>25000232530201450</p></td></tr><tr><td rowspan="1" colspan="1"><p>1041</p></td><td rowspan="1" colspan="1"><p>10966603000104</p></td><td rowspan="1" colspan="1"><p>CLARICE BERNARDES DA ROCHA CORREA</p></td><td rowspan="1" colspan="1"><p>MG</p></td><td rowspan="1" colspan="1"><p>PARAISOPOLIS</p></td><td rowspan="1" colspan="1"><p>25000143447201326</p></td></tr><tr><td rowspan="1" colspan="1"><p>1042</p></td><td rowspan="1" colspan="1"><p>12777699000180</p></td><td rowspan="1" colspan="1"><p>DROGA REDE PASSA QUATRO LTDA</p></td><td rowspan="1" colspan="1"><p>MG</p></td><td rowspan="1" colspan="1"><p>PASSA QUATRO</p></td><td rowspan="1" colspan="1"><p>25000108291201175</p></td></tr><tr><td rowspan="1" colspan="1"><p>1043</p></td><td rowspan="1" colspan="1"><p>23243868000118</p></td><td rowspan="1" colspan="1"><p>J MOTTA &amp; CIA LTDA</p></td><td rowspan="1" colspan="1"><p>MG</p></td><td rowspan="1" colspan="1"><p>PASSA QUATRO</p></td><td rowspan="1" colspan="1"><p>25000022222200841</p></td></tr><tr><td rowspan="1" colspan="1"><p>1044</p></td><td rowspan="1" colspan="1"><p>04062184000175</p></td><td rowspan="1" colspan="1"><p>WALLACE WAGNER SOARES DE SOUZA E CIA LTDA</p></td><td rowspan="1" colspan="1"><p>MG</p></td><td rowspan="1" colspan="1"><p>PASSA QUATRO</p></td><td rowspan="1" colspan="1"><p>25000211122200816</p></td></tr><tr><td rowspan="1" colspan="1"><p>1045</p></td><td rowspan="1" colspan="1"><p>06145810000201</p></td><td rowspan="1" colspan="1"><p>JOSE ROBERTO DA SILVA CPF: 749.426.466-34</p></td><td rowspan="1" colspan="1"><p>MG</p></td><td rowspan="1" colspan="1"><p>PASSOS</p></td><td rowspan="1" colspan="1"><p>25000168385201012</p></td></tr><tr><td rowspan="1" colspan="1"><p>1046</p></td><td rowspan="1" colspan="1"><p>00063960041719</p></td><td rowspan="1" colspan="1"><p>WMB SUPERMERCADOS DO BRASIL LTDA.</p></td><td rowspan="1" colspan="1"><p>MG</p></td><td rowspan="1" colspan="1"><p>PASSOS</p></td><td rowspan="1" colspan="1"><p>25000086421201292</p></td></tr><tr><td rowspan="1" colspan="1"><p>1047</p></td><td rowspan="1" colspan="1"><p>09476476000178</p></td><td rowspan="1" colspan="1"><p>EDMILSON MOREIRA PINTO</p></td><td rowspan="1" colspan="1"><p>MG</p></td><td rowspan="1" colspan="1"><p>PATIS</p></td><td rowspan="1" colspan="1"><p>25000033788201122</p></td></tr><tr><td rowspan="1" colspan="1"><p>1048</p></td><td rowspan="1" colspan="1"><p>20498499001600</p></td><td rowspan="1" colspan="1"><p>DROGARIA E PERFUMARIA CRISTINA LTDA</p></td><td rowspan="1" colspan="1"><p>MG</p></td><td rowspan="1" colspan="1"><p>PATOS DE MINAS</p></td><td rowspan="1" colspan="1"><p>25000057991200627</p></td></tr><tr><td rowspan="1" colspan="1"><p>1049</p></td><td rowspan="1" colspan="1"><p>71250401000300</p></td><td rowspan="1" colspan="1"><p>FARMACIA MINEIRA LTDA</p></td><td rowspan="1" colspan="1"><p>MG</p></td><td rowspan="1" colspan="1"><p>PATOS DE MINAS</p></td><td rowspan="1" colspan="1"><p>25000144353201374</p></td></tr><tr><td rowspan="1" colspan="1"><p>1050</p></td><td rowspan="1" colspan="1"><p>71250401000148</p></td><td rowspan="1" colspan="1"><p>FARMACIA MINEIRA LTDA</p></td><td rowspan="1" colspan="1"><p>MG</p></td><td rowspan="1" colspan="1"><p>PATOS DE MINAS</p></td><td rowspan="1" colspan="1"><p>25000144353201374</p></td></tr><tr><td rowspan="1" colspan="1"><p>1051</p></td><td rowspan="1" colspan="1"><p>02736132000101</p></td><td rowspan="1" colspan="1"><p>CAIXETA MEDICAMENTOS LTDA</p></td><td rowspan="1" colspan="1"><p>MG</p></td><td rowspan="1" colspan="1"><p>PATROCINIO</p></td><td rowspan="1" colspan="1"><p>25000129086200767</p></td></tr><tr><td rowspan="1" colspan="1"><p>1052</p></td><td rowspan="1" colspan="1"><p>13609447000295</p></td><td rowspan="1" colspan="1"><p>DROGARIA CENTRO LTDA</p></td><td rowspan="1" colspan="1"><p>MG</p></td><td rowspan="1" colspan="1"><p>PATROCINIO</p></td><td rowspan="1" colspan="1"><p>25000017987201274</p></td></tr><tr><td rowspan="1" colspan="1"><p>1053</p></td><td rowspan="1" colspan="1"><p>04659294000119</p></td><td rowspan="1" colspan="1"><p>DROGARIA E MANIPULACAO CAIXETA LTDA</p></td><td rowspan="1" colspan="1"><p>MG</p></td><td rowspan="1" colspan="1"><p>PATROCINIO</p></td><td rowspan="1" colspan="1"><p>25000160535201040</p></td></tr><tr><td rowspan="1" colspan="1"><p>1054</p></td><td rowspan="1" colspan="1"><p>09638807000129</p></td><td rowspan="1" colspan="1"><p>DROGARIA VAZ LTDA</p></td><td rowspan="1" colspan="1"><p>MG</p></td><td rowspan="1" colspan="1"><p>PATROCINIO</p></td><td rowspan="1" colspan="1"><p>25000012213200951</p></td></tr><tr><td rowspan="1" colspan="1"><p>1055</p></td><td rowspan="1" colspan="1"><p>09152587000129</p></td><td rowspan="1" colspan="1"><p>ANDRESSA DE CASTRO PONCIANO</p></td><td rowspan="1" colspan="1"><p>MG</p></td><td rowspan="1" colspan="1"><p>PAVAO</p></td><td rowspan="1" colspan="1"><p>25000213569201478</p></td></tr><tr><td rowspan="1" colspan="1"><p>1056</p></td><td rowspan="1" colspan="1"><p>23881972000138</p></td><td rowspan="1" colspan="1"><p>DROGARIA NERY COSTA LTDA</p></td><td rowspan="1" colspan="1"><p>MG</p></td><td rowspan="1" colspan="1"><p>PEDRO LEOPOLDO</p></td><td rowspan="1" colspan="1"><p>25000005237200954</p></td></tr><tr><td rowspan="1" colspan="1"><p>1057</p></td><td rowspan="1" colspan="1"><p>23451867000169</p></td><td rowspan="1" colspan="1"><p>FARMACIA SANTO ANTONIO LTDA</p></td><td rowspan="1" colspan="1"><p>MG</p></td><td rowspan="1" colspan="1"><p>PEDRO LEOPOLDO</p></td><td rowspan="1" colspan="1"><p>25000077517200611</p></td></tr><tr><td rowspan="1" colspan="1"><p>1058</p></td><td rowspan="1" colspan="1"><p>41855719000515</p></td><td rowspan="1" colspan="1"><p>MAIS MANIPULACAO LTDA</p></td><td rowspan="1" colspan="1"><p>MG</p></td><td rowspan="1" colspan="1"><p>PEDRO LEOPOLDO</p></td><td rowspan="1" colspan="1"><p>25000599930200985</p></td></tr><tr><td rowspan="1" colspan="1"><p>1059</p></td><td rowspan="1" colspan="1"><p>41855719000191</p></td><td rowspan="1" colspan="1"><p>MAIS MANIPULACAO LTDA</p></td><td rowspan="1" colspan="1"><p>MG</p></td><td rowspan="1" colspan="1"><p>PEDRO LEOPOLDO</p></td><td rowspan="1" colspan="1"><p>25000599930200985</p></td></tr><tr><td rowspan="1" colspan="1"><p>1060</p></td><td rowspan="1" colspan="1"><p>41855719000434</p></td><td rowspan="1" colspan="1"><p>MAIS MANIPULACAO LTDA</p></td><td rowspan="1" colspan="1"><p>MG</p></td><td rowspan="1" colspan="1"><p>PEDRO LEOPOLDO</p></td><td rowspan="1" colspan="1"><p>25000599930200985</p></td></tr><tr><td rowspan="1" colspan="1"><p>1061</p></td><td rowspan="1" colspan="1"><p>23451941000228</p></td><td rowspan="1" colspan="1"><p>MLM FARMA LTDA</p></td><td rowspan="1" colspan="1"><p>MG</p></td><td rowspan="1" colspan="1"><p>PEDRO LEOPOLDO</p></td><td rowspan="1" colspan="1"><p>25000132337200618</p></td></tr><tr><td rowspan="1" colspan="1"><p>1062</p></td><td rowspan="1" colspan="1"><p>14444283000175</p></td><td rowspan="1" colspan="1"><p>DROGARIA E PERFUMARIA EFRAIM LTDA</p></td><td rowspan="1" colspan="1"><p>MG</p></td><td rowspan="1" colspan="1"><p>PERDIGAO</p></td><td rowspan="1" colspan="1"><p>25000143567201242</p></td></tr></table>]]></Texto>
  </body>
  <Midias />
</article></xml>