﻿<xml><article id="44730316" name="Res_REA_16.336_2025_SCE" idOficio="11190983" pubName="DO1" artType="Resolução" pubDate="01/08/2025" artClass="00035:00043:00021:00000:00000:00000:00000:00000:00000:00000:00024:00010" artCategory="Ministério de Minas e Energia/Agência Nacional de Energia Elétrica/Diretoria Colegiada" artSize="12" artNotes="" numberPage="71" pdfPage="http://pesquisa.in.gov.br/imprensa/jsp/visualiza/index.jsp?data=01/08/2025&amp;jornal=515&amp;pagina=71" editionNumber="144" highlightType="" highlightPriority="" highlight="" highlightimage="" highlightimagename="" idMateria="22947869">
  <body>
    <Identifica><![CDATA[ RESOLUÇÃO AUTORIZATIVA Nº 16.336, DE 29 DE JULHO DE 2025]]></Identifica>
    <Data><![CDATA[]]></Data>
    <Ementa />
    <Titulo />
    <SubTitulo />
    <Texto><![CDATA[<p class="identifica">RESOLUÇÃO AUTORIZATIVA Nº 16.336, DE 29 DE JULHO DE 2025</p><p>O DIRETOR-GERAL DA AGÊNCIA NACIONAL DE ENERGIA ELÉTRICA - ANEEL, com base no art. 16, IV, do Regimento Interno da ANEEL, resolve:</p><p>Processo nº: 48500.021847/2025-80. Interessado: Equatorial Goiás Distribuidora de Energia S.A., CNPJ nº 01.543.032/0001-04. Objeto: Declarar de utilidade pública, para instituição de servidão administrativa, em favor da interessada, a área de terra de 24 (vinte e quatro) metros de largura, necessária à passagem da Linha de Distribuição Palmeiras de Goiás - Comigo, circuito simples, 138 kV, com aproximadamente 1,68 km (um quilômetro e seiscentos e oitenta metros) de extensão, que interligará a Subestação Palmeiras de Goiás à Subestação Comigo, localizada no município de Palmeiras de Goiás, no estado de Goiás. A íntegra desta Resolução consta dos autos e encontra-se disponível no endereço eletrônico http://biblioteca.aneel.gov.br.</p><p class="assina">SANDOVAL DE ARAÚJO FEITOSA NETO</p>]]></Texto>
  </body>
  <Midias />
</article></xml>