﻿<xml><article id="44735440" name="7648 Bancos de Leite Humano - BL" idOficio="11191341" pubName="DO1" artType="Portaria" pubDate="01/08/2025" artClass="00047:00001:00000:00000:00000:00000:00000:00000:00000:00000:00054:00000" artCategory="Ministério da Saúde/Gabinete do Ministro" artSize="24" artNotes="" numberPage="108" pdfPage="http://pesquisa.in.gov.br/imprensa/jsp/visualiza/index.jsp?data=01/08/2025&amp;jornal=515&amp;pagina=108" editionNumber="144" highlightType="" highlightPriority="" highlight="" highlightimage="" highlightimagename="" idMateria="22948682">
  <body>
    <Identifica />
    <Data><![CDATA[]]></Data>
    <Ementa />
    <Titulo />
    <SubTitulo />
    <Texto><![CDATA[<p /><p></p><table><tr><td rowspan="1" colspan="1"><p>SP</p></td><td rowspan="1" colspan="1"><p>São Paulo</p></td><td rowspan="1" colspan="1"><p>355030</p></td><td rowspan="1" colspan="1"><p>SAO PAULO</p></td><td rowspan="1" colspan="1"><p>FUNDO ESTADUAL DE SAUDE - FUNDES</p></td><td rowspan="1" colspan="1"><p>Estadual</p></td><td rowspan="1" colspan="1"><p>2688689</p></td><td rowspan="1" colspan="1"><p>Banco de Leite Humano da Santa Casa de São Paulo Hospital Central São Paulo</p></td><td rowspan="1" colspan="1"><p>15.000,00</p></td><td rowspan="1" colspan="1"><p>180.000,00</p></td></tr><tr><td rowspan="1" colspan="1"><p>SP</p></td><td rowspan="1" colspan="1"><p>São Paulo</p></td><td rowspan="1" colspan="1"><p>355030</p></td><td rowspan="1" colspan="1"><p>SAO PAULO</p></td><td rowspan="1" colspan="1"><p>FUNDO MUNICIPAL DE SAUDE - FMS</p></td><td rowspan="1" colspan="1"><p>Municipal</p></td><td rowspan="1" colspan="1"><p>2786680</p></td><td rowspan="1" colspan="1"><p>Banco de Leite Humano do Hospital Municipal do Campo Limpo</p></td><td rowspan="1" colspan="1"><p>15.000,00</p></td><td rowspan="1" colspan="1"><p>180.000,00</p></td></tr><tr><td rowspan="1" colspan="1"><p>SP</p></td><td rowspan="1" colspan="1"><p>São Paulo</p></td><td rowspan="1" colspan="1"><p>355030</p></td><td rowspan="1" colspan="1"><p>SAO PAULO</p></td><td rowspan="1" colspan="1"><p>FUNDO MUNICIPAL DE SAUDE - FMS</p></td><td rowspan="1" colspan="1"><p>Municipal</p></td><td rowspan="1" colspan="1"><p>6095666</p></td><td rowspan="1" colspan="1"><p>Banco de Leite Humano de Barueri</p></td><td rowspan="1" colspan="1"><p>15.000,00</p></td><td rowspan="1" colspan="1"><p>180.000,00</p></td></tr><tr><td rowspan="1" colspan="1"><p>SP</p></td><td rowspan="1" colspan="1"><p>São Sebastião</p></td><td rowspan="1" colspan="1"><p>355070</p></td><td rowspan="1" colspan="1"><p>SAO SEBASTIAO</p></td><td rowspan="1" colspan="1"><p>FUNDO MUNICIPAL DE SAUDE DE SAO SEBASTIAO</p></td><td rowspan="1" colspan="1"><p>Municipal</p></td><td rowspan="1" colspan="1"><p>3255603</p></td><td rowspan="1" colspan="1"><p>Banco de Leite Humano de São Sebastião</p></td><td rowspan="1" colspan="1"><p>15.000,00</p></td><td rowspan="1" colspan="1"><p>180.000,00</p></td></tr><tr><td rowspan="1" colspan="1"><p>SP</p></td><td rowspan="1" colspan="1"><p>São Paulo</p></td><td rowspan="1" colspan="1"><p>355030</p></td><td rowspan="1" colspan="1"><p>SOROCABA</p></td><td rowspan="1" colspan="1"><p>FUNDO ESTADUAL DE SAUDE - FUNDES</p></td><td rowspan="1" colspan="1"><p>Estadual</p></td><td rowspan="1" colspan="1"><p>2081695</p></td><td rowspan="1" colspan="1"><p>Banco de Leite Humano do Conjunto Hospitalar de Sorocaba</p></td><td rowspan="1" colspan="1"><p>15.000,00</p></td><td rowspan="1" colspan="1"><p>180.000,00</p></td></tr><tr><td rowspan="1" colspan="1"><p>SP</p></td><td rowspan="1" colspan="1"><p>Taubaté</p></td><td rowspan="1" colspan="1"><p>355410</p></td><td rowspan="1" colspan="1"><p>TAUBATE</p></td><td rowspan="1" colspan="1"><p>FUNDO MUNICIPAL DE SAUDE</p></td><td rowspan="1" colspan="1"><p>Municipal</p></td><td rowspan="1" colspan="1"><p>6512089</p></td><td rowspan="1" colspan="1"><p>Banco de Leite Humano de Taubaté</p></td><td rowspan="1" colspan="1"><p>15.000,00</p></td><td rowspan="1" colspan="1"><p>180.000,00</p></td></tr><tr><td rowspan="1" colspan="1"><p>SP</p></td><td rowspan="1" colspan="1"><p>São Paulo</p></td><td rowspan="1" colspan="1"><p>355030</p></td><td rowspan="1" colspan="1"><p>TUPA</p></td><td rowspan="1" colspan="1"><p>FUNDO ESTADUAL DE SAUDE - FUNDES</p></td><td rowspan="1" colspan="1"><p>Estadual</p></td><td rowspan="1" colspan="1"><p>2080664</p></td><td rowspan="1" colspan="1"><p>Banco de Leite Humano Nossa Senhora de Chartres</p></td><td rowspan="1" colspan="1"><p>15.000,00</p></td><td rowspan="1" colspan="1"><p>180.000,00</p></td></tr><tr><td rowspan="1" colspan="1"><p>SP</p></td><td rowspan="1" colspan="1"><p>Votuporanga</p></td><td rowspan="1" colspan="1"><p>355710</p></td><td rowspan="1" colspan="1"><p>VOTUPORANGA</p></td><td rowspan="1" colspan="1"><p>FUNDO MUNICIPAL DE SAUDE DE VOTUPORANGA</p></td><td rowspan="1" colspan="1"><p>Municipal</p></td><td rowspan="1" colspan="1"><p>2716119</p></td><td rowspan="1" colspan="1"><p>Banco de Leite Humano de Votuporanga</p></td><td rowspan="1" colspan="1"><p>15.000,00</p></td><td rowspan="1" colspan="1"><p>180.000,00</p></td></tr><tr><td rowspan="1" colspan="1"><p>TO</p></td><td rowspan="1" colspan="1"><p>Palmas</p></td><td rowspan="1" colspan="1"><p>172100</p></td><td rowspan="1" colspan="1"><p>ARAGUAINA</p></td><td rowspan="1" colspan="1"><p>FUNDO ESTADUAL DE SAUDE DO TOCANTINS</p></td><td rowspan="1" colspan="1"><p>Estadual</p></td><td rowspan="1" colspan="1"><p>2755165</p></td><td rowspan="1" colspan="1"><p>Banco de leite Humano do Hospital Dom Orione</p></td><td rowspan="1" colspan="1"><p>15.000,00</p></td><td rowspan="1" colspan="1"><p>180.000,00</p></td></tr><tr><td rowspan="1" colspan="1"><p>TO</p></td><td rowspan="1" colspan="1"><p>Palmas</p></td><td rowspan="1" colspan="1"><p>172100</p></td><td rowspan="1" colspan="1"><p>GURUPI</p></td><td rowspan="1" colspan="1"><p>FUNDO ESTADUAL DE SAUDE DO TOCANTINS</p></td><td rowspan="1" colspan="1"><p>Estadual</p></td><td rowspan="1" colspan="1"><p>2786109</p></td><td rowspan="1" colspan="1"><p>Banco de Leite Humano do Hospital Regional Público de Gurupi</p></td><td rowspan="1" colspan="1"><p>15.000,00</p></td><td rowspan="1" colspan="1"><p>180.000,00</p></td></tr><tr><td rowspan="1" colspan="1"><p>TO</p></td><td rowspan="1" colspan="1"><p>Palmas</p></td><td rowspan="1" colspan="1"><p>172100</p></td><td rowspan="1" colspan="1"><p>PALMAS</p></td><td rowspan="1" colspan="1"><p>FUNDO ESTADUAL DE SAUDE DO TOCANTINS</p></td><td rowspan="1" colspan="1"><p>Estadual</p></td><td rowspan="1" colspan="1"><p>2755157</p></td><td rowspan="1" colspan="1"><p>Banco de Leite Humano do Hospital e Maternidade Pública Dona Regina</p></td><td rowspan="1" colspan="1"><p>15.000,00</p></td><td rowspan="1" colspan="1"><p>180.000,00</p></td></tr><tr><td rowspan="1" colspan="8"><p></p></td><td rowspan="1" colspan="1"><p>TOTAL GERAL</p></td><td rowspan="1" colspan="1"><p>40.680.000,00</p></td></tr></table>]]></Texto>
  </body>
  <Midias />
</article></xml>