﻿<xml><article id="44722154" name="DECISAO SUROD 873" idOficio="11189212" pubName="DO1" artType="Decisão" pubDate="01/08/2025" artClass="00050:00019:00051:00000:00000:00000:00000:00000:00000:00000:00018:00000" artCategory="Ministério dos Transportes/Agência Nacional de Transportes Terrestres/Superintendência de Infraestrutura Rodoviária" artSize="12" artNotes="" numberPage="191" pdfPage="http://pesquisa.in.gov.br/imprensa/jsp/visualiza/index.jsp?data=01/08/2025&amp;jornal=515&amp;pagina=191" editionNumber="144" highlightType="" highlightPriority="" highlight="" highlightimage="" highlightimagename="" idMateria="22945234">
  <body>
    <Identifica><![CDATA[ DECISÃO SUROD Nº 873, DE 23 DE JULHO DE 2025]]></Identifica>
    <Data><![CDATA[]]></Data>
    <Ementa><![CDATA[ Autoriza o Projeto de Interesse de Terceiro - PIT relativo a implantação de acesso na faixa de domínio da BR-101/RJ, no km 555+600m, no município de Paraty/RJ, sob a concessão a Concessionária do Sistema Rodoviário Rio - São Paulo S.A. - RioSP conforme Contrato de Concessão do Edital Nº 003/2021, de interesse da RTS Administração de Bens e Negócios Ltda.]]></Ementa>
    <Titulo />
    <SubTitulo />
    <Texto><![CDATA[<p class="identifica">DECISÃO SUROD Nº 873, DE 23 DE JULHO DE 2025</p><p class="ementa">Autoriza o Projeto de Interesse de Terceiro - PIT relativo a implantação de acesso na faixa de domínio da BR-101/RJ, no km 555+600m, no município de Paraty/RJ, sob a concessão a Concessionária do Sistema Rodoviário Rio - São Paulo S.A. - RioSP conforme Contrato de Concessão do Edital Nº 003/2021, de interesse da RTS Administração de Bens e Negócios Ltda.</p><p>O Superintendente de Infraestrutura Rodoviária, da Agência Nacional de Transportes Terrestres - ANTT, no uso de suas atribuições e em conformidade com a Resolução ANTT nº 5.818, de 03 de maio de 2018, complementada pela Resolução ANTT nº 5.963, de 10 de março de 2022 e Resolução ANTT nº 6.000, de 01 de dezembro de 2022, e com fundamento no que consta do Processo nº 50505.034197/2025-34, decide:</p><p>Art. 1º Autorizar o Projeto de Interesse de Terceiro - PIT relativo à implantação de acesso na faixa de domínio da BR-101/RJ, no km 555+600m, no município de Paraty/RJ, sob a concessão a Concessionária do Sistema Rodoviário Rio - São Paulo S.A. - RioSP conforme Contrato de Concessão do Edital Nº 003/2021, de interesse da RTS Administração de Bens e Negócios Ltda.</p><p>Art. 2º O início das obras está condicionado à assinatura prévia do Contrato de Permissão Especial de Uso (CPEU) entre a RTS Administração de Bens e Negócios Ltda. e a Concessionária do Sistema Rodoviário Rio - São Paulo S.A. - RioSP, e que deve disciplinar as obrigações e responsabilidades recíprocas das partes.</p><p>Art. 3º A presente autorização não exime a interessada da obtenção dos licenciamentos ambientais e do cumprimento das obrigações adicionais junto aos demais órgãos da administração pública.</p><p>Art. 4º A autorização concedida por meio desta Decisão possui caráter precário, podendo ser revogada a qualquer tempo, por conveniência ou necessidade da ANTT.</p><p>Art. 5º Esta Decisão entra em vigor na data de sua publicação.</p><p class="assina">FERNANDO DE FREITAS BEZERRA</p>]]></Texto>
  </body>
  <Midias />
</article></xml>