﻿<xml><article id="44727830" name="14A Sessao Plenaria a ser realiz" idOficio="11190541" pubName="DO1" artType="Pauta" pubDate="01/08/2025" artClass="00021:00007:00001:00000:00000:00000:00000:00000:00000:00000:00053:00000" artCategory="Ministério dos Direitos Humanos e da Cidadania/Assessoria Especial de Defesa da Democracia, Memória e Verdade/Coordenação-Geral da Comissão de Anistia" artSize="24" artNotes="" numberPage="23" pdfPage="http://pesquisa.in.gov.br/imprensa/jsp/visualiza/index.jsp?data=01/08/2025&amp;jornal=515&amp;pagina=23" editionNumber="144" highlightType="" highlightPriority="" highlight="" highlightimage="" highlightimagename="" idMateria="22947199">
  <body>
    <Identifica><![CDATA[ PAUTA DA 14ª SESSÃO PLENÁRIA]]></Identifica>
    <Data><![CDATA[]]></Data>
    <Ementa />
    <Titulo />
    <SubTitulo />
    <Texto><![CDATA[<p class="identifica">PAUTA DA 14ª SESSÃO PLENÁRIA</p><p class="identifica">a ser realizada em 28 de agosto de 2025</p><p>A COMISSÃO DE ANISTIA do Ministério dos Direitos Humanos e da Cidadania, instituída pelo art. 12 da Lei nº 10.559, de 13 de novembro de 2002, por meio da sua PRESIDENTA, nos termos do inc. II do art. 4º e do art. 14 da Portaria nº 177, de 22 de março de 2023, torna pública a PAUTA a todos os interessados e informa que no dia 28 de agosto de 2025, a partir das 09h, no Edifício Multi Brasil, SAUS quadra 5, Bloco A, Lotes 09/10 - Asa Sul - Brasília, Térreo, Sala de Reuniões Plenária, realizar-se-á a Sessão Plenária de análise de requerimentos de anistia.</p><p>Nos termos do art. 13 da Portaria nº 177/2023, será garantido o direito de manifestação do requerente e/ou do seu representante legal, pelo prazo de 10 (dez) minutos.</p><p>Processos da Sessão Plenária do dia 28/08/2025:</p><p /><p></p><table><tr /><tr><td rowspan="1" colspan="1"><p>N°</p></td><td rowspan="1" colspan="1"><p>REQUERIMENTO</p></td><td rowspan="1" colspan="1"><p>TIPO</p></td><td rowspan="1" colspan="1"><p>NOME</p></td><td rowspan="1" colspan="1"><p>CONSELHEIRA (O) RELATORA (O)</p></td><td rowspan="1" colspan="1"><p>MOTIVAÇÃO</p></td></tr><tr><td rowspan="1" colspan="1"><p>1</p></td><td rowspan="1" colspan="1"><p>2011.01.68558</p></td><td rowspan="1" colspan="1"><p>A</p></td><td rowspan="1" colspan="1"><p>Jair Valério Júnior</p></td><td rowspan="1" colspan="1"><p>Renan Honório Quinalha</p></td><td rowspan="1" colspan="1"><p>Cumprimento de decisão judicial</p></td></tr></table><p>A - Anistiando</p><p class="assina">ANA MARIA LIMA DE OLIVEIRA</p><p class="cargo">Presidenta da Comissão</p>]]></Texto>
  </body>
  <Midias />
</article></xml>