﻿<xml><article id="44730517" name="DECISAOCOGER21" idOficio="11190987" pubName="DO1" artType="Decisão" pubDate="01/08/2025" artClass="00028:00032:00435:00011:00000:00000:00000:00000:00000:00000:00018:00000" artCategory="Ministério da Fazenda/Secretaria Especial da Receita Federal do Brasil/Secretaria-Adjunta/Corregedoria" artSize="12" artNotes="" numberPage="27" pdfPage="http://pesquisa.in.gov.br/imprensa/jsp/visualiza/index.jsp?data=01/08/2025&amp;jornal=515&amp;pagina=27" editionNumber="144" highlightType="" highlightPriority="" highlight="" highlightimage="" highlightimagename="" idMateria="22947914">
  <body>
    <Identifica><![CDATA[ DECISÃO Nº 21, DE 29 DE JULHO DE 2025]]></Identifica>
    <Data><![CDATA[]]></Data>
    <Ementa />
    <Titulo />
    <SubTitulo />
    <Texto><![CDATA[<p class="identifica">DECISÃO Nº 21, DE 29 DE JULHO DE 2025</p><p>Processo nº 14044.720288/2022-54</p><p>Empresa: CLEAN INDÚSTRIA E COMÉRCIO DE CIGARROS LTDA (CNPJ 18.804.581/0001-80).</p><p>No exercício das atribuições conferidas pelo art. 8º da Lei nº 12.846, de 1º de agosto de 2013, e do inciso III do artigo 32 da Portaria MF nº 267, de 26 de abril de 2023, e tendo em vista o disposto no art. 14 do Decreto nº 11.129, de 11 de julho de 2022, acato o Parecer SEI nº 2053/2025/MF, emitido na forma do § 3º do art. 32 da Portaria MF nº 267, de 2023, e adoto seus fundamentos para determinar o arquivamento do Processo Administrativo de Responsabilização (PAR) nº 14044.720288/2022-54, instaurado em face da pessoa jurídica Clean Indústria e Comércio de Cigarros Ltda, inscrita no CNPJ nº 18.804.581/0001-80, em decorrência do reconhecimento da prescrição da pretensão punitiva, com fundamento no caput do art. 25 da Lei nº 12.846, de 2013, e em consonância com o PARECER nº 00063/2022/DECOR/CGU/AGU, aprovado pelo Advogado-Geral da União.</p><p class="assina">GUILHERME BIBIANI NETO</p><p class="cargo">Corregedor</p>]]></Texto>
  </body>
  <Midias />
</article></xml>