﻿<xml><article id="44733102" name="7791 PortariaPropostaFAF_2025073" idOficio="11191251" pubName="DO1" artType="Portaria" pubDate="01/08/2025" artClass="00047:00001:00000:00000:00000:00000:00000:00000:00000:00000:00054:00000" artCategory="Ministério da Saúde/Gabinete do Ministro" artSize="24" artNotes="" numberPage="116" pdfPage="http://pesquisa.in.gov.br/imprensa/jsp/visualiza/index.jsp?data=01/08/2025&amp;jornal=515&amp;pagina=116" editionNumber="144" highlightType="" highlightPriority="" highlight="" highlightimage="" highlightimagename="" idMateria="22948520">
  <body>
    <Identifica><![CDATA[ PORTARIA GM/MS Nº 7.791, DE 31 DE JULHO DE 2025]]></Identifica>
    <Data><![CDATA[]]></Data>
    <Ementa><![CDATA[ Autoriza o Estado, Município ou Distrito Federal a receber recursos financeiros destinados à aquisição de equipamentos e materiais permanentes para estabelecimentos de saúde. ]]></Ementa>
    <Titulo />
    <SubTitulo />
    <Texto><![CDATA[<p class="identifica">PORTARIA GM/MS Nº 7.791, DE 31 DE JULHO DE 2025</p><p class="ementa">Autoriza o Estado, Município ou Distrito Federal a receber recursos financeiros destinados à aquisição de equipamentos e materiais permanentes para estabelecimentos de saúde.</p><p>O MINISTRO DE ESTADO DA SAÚDE, no uso das atribuições que lhe conferem os incisos I e II do parágrafo único do art. 87 da Constituição, em observância a Lei nº 15.121, de 10 de abril de 2025, Lei Complementar nº 141, de 13 de janeiro de 2012, Lei nº 8.080, de 19 de setembro de 1990, resolve:</p><p>Art. 1º Ficam autorizados os Estados, os Municípios ou Distrito Federal no anexo desta Portaria a receberem recursos financeiros destinados à aquisição de equipamentos e materiais permanentes para estabelecimentos de saúde.</p><p>Art. 2º As propostas de que tratam esta portaria serão processadas no InvestSUS, disponível no portalfns.saude.gov.br.</p><p>Art. 3º O Fundo Nacional de Saúde adotará as medidas necessárias para as transferências de recursos financeiros estabelecidos nesta Portaria aos respectivos Fundos de Saúde, em parcela única, em conformidade com os processos de pagamento instruídos pelas Secretarias Finalísticas, após atendidas as condições previstas para essa modalidade de transferência.</p><p>Art. 4º A prestação de contas sobre a aplicação dos recursos financeiros será realizada por meio do Relatório Anual de Gestão - RAG, aprovado pelo respectivo Conselho local de saúde, nos termos dos artigos 34 a 36 da Lei Complementar nº 141, de 14 de janeiro de 2012.</p><p>Art. 5º Esta Portaria entra em vigor na data de sua publicação.</p><p class="assina">ALEXANDRE ROCHA SANTOS PADILHA</p><p class="anexo">ANEXO</p><p>Entes federados autorizados a receberem recursos financeiros federais destinados à aquisição de equipamentos e materiais permanentes.</p><p /><p></p><table><tr /><tr><td rowspan="1" colspan="1"><p>UF</p></td><td rowspan="1" colspan="1"><p>MUNICÍPIO</p></td><td rowspan="1" colspan="1"><p>ENTIDADE</p></td><td rowspan="1" colspan="1"><p>Nº DA PROPOSTA</p></td><td rowspan="1" colspan="1"><p>CÓD. EMENDA</p></td><td rowspan="1" colspan="1"><p>VALOR POR PARLAMENTAR (R$)</p></td><td rowspan="1" colspan="1"><p>VALOR TOTAL DA PROPOSTA (R$)</p></td><td rowspan="1" colspan="1"><p>FUNCIONAL PROGRAMÁTICA</p></td></tr><tr><td rowspan="1" colspan="1"><p>RS</p></td><td rowspan="1" colspan="1"><p>PORTO LUCENA</p></td><td rowspan="1" colspan="1"><p>FUNDO MUNICIPAL DE SAUDE - PORTO LUCENA</p></td><td rowspan="1" colspan="1"><p>14018902000125003</p></td><td rowspan="1" colspan="1"><p>20230005</p></td><td rowspan="1" colspan="1"><p>200.000,00</p></td><td rowspan="1" colspan="1"><p>200.000,00</p></td><td rowspan="1" colspan="1"><p>10301511985810043</p></td></tr><tr><td rowspan="1" colspan="1"><p>RS</p></td><td rowspan="1" colspan="1"><p>TRES FORQUILHAS</p></td><td rowspan="1" colspan="1"><p>FUNDO MUNICIPAL DA SAUDE DE TRES FORQUILHAS/ RS</p></td><td rowspan="1" colspan="1"><p>11943264000125002</p></td><td rowspan="1" colspan="1"><p>41840006</p></td><td rowspan="1" colspan="1"><p>230.512,00</p></td><td rowspan="1" colspan="1"><p>230.512,00</p></td><td rowspan="1" colspan="1"><p>10301511985810043</p></td></tr><tr><td rowspan="1" colspan="3"><p>TOTAL</p></td><td rowspan="1" colspan="1"><p>2 PROPOSTAS</p></td><td rowspan="1" colspan="2" /><td rowspan="1" colspan="1"><p>430.512,00</p></td><td rowspan="1" colspan="1" /></tr></table>]]></Texto>
  </body>
  <Midias />
</article></xml>