﻿<xml><article id="44732153" name="resolucao_2896_2025 COAFE_006" idOficio="11191160" pubName="DO1" artType="Resolução" pubDate="01/08/2025" artClass="00047:00048:00016:00006:00002:00000:00000:00000:00000:00000:00064:32896" artCategory="Ministério da Saúde/Agência Nacional de Vigilância Sanitária/4ª Diretoria/Gerência-Geral de Inspeção e Fiscalização Sanitária/Coordenação de Autorização de Funcionamento de Empresas" artSize="12" artNotes="" numberPage="183" pdfPage="http://pesquisa.in.gov.br/imprensa/jsp/visualiza/index.jsp?data=01/08/2025&amp;jornal=515&amp;pagina=183" editionNumber="144" highlightType="" highlightPriority="" highlight="" highlightimage="" highlightimagename="" idMateria="22948397">
  <body>
    <Identifica />
    <Data><![CDATA[]]></Data>
    <Ementa />
    <Titulo />
    <SubTitulo />
    <Texto><![CDATA[<p>734 - AFE - CONCESSÃO - SANEANTES - ARMAZENAR (SOMENTE MATRIZ) / 0913765252</p><p>--------------------------------------</p><p>J. B. ANDRADE RIGONATO LTDA / 59.509.255/0001-27</p><p>25351.123034/2025-89 / 5201933</p><p>COMÉRCIO</p><p>DISPENSAÇÃO DE MEDICAMENTOS CONTENDO SUBSTÂNCIAS SUJEITAS AO CONTROLE ESPECIAL</p><p>DISPENSAÇÃO DE MEDICAMENTOS NÃO SUJEITOS AO CONTROLE ESPECIAL</p><p>PRESTAÇÃO DE SERVIÇOS FARMACÊUTICOS</p><p>733 - AFE - CONCESSÃO - FARMÁCIAS E DROGARIAS / 0935830251</p><p>--------------------------------------</p><p>PROBRAIN SOLUCOES NEUROTECNOLOGICAS PARA SAUDE E EDUCACAO LTDA / 32.841.596/0001-49</p><p>25351.114043/2025-89 / 8322933</p><p>ARMAZENAR: PRODUTOS PARA SAÚDE (DISPOSITIVOS MÉDICOS)</p><p>DISTRIBUIR: PRODUTOS PARA SAÚDE (DISPOSITIVOS MÉDICOS)</p><p>EMBALAR: PRODUTOS PARA SAÚDE (DISPOSITIVOS MÉDICOS)</p><p>EXPEDIR: PRODUTOS PARA SAÚDE (DISPOSITIVOS MÉDICOS)</p><p>FABRICAR: PRODUTOS PARA SAÚDE (DISPOSITIVOS MÉDICOS)</p><p>REEMBALAR: PRODUTOS PARA SAÚDE (DISPOSITIVOS MÉDICOS)</p><p>861 - AFE - CONCESSÃO - PRODUTOS PARA SAÚDE - FABRICAR / 0890913251</p><p>--------------------------------------</p><p>TUCUMANTEL E TUCUMANTEL LTDA / 07.095.372/0015-93</p><p>25351.131809/2025-90 / 5201842</p><p>COMÉRCIO</p><p>DISPENSAÇÃO DE MEDICAMENTOS CONTENDO SUBSTÂNCIAS SUJEITAS AO CONTROLE ESPECIAL</p><p>DISPENSAÇÃO DE MEDICAMENTOS NÃO SUJEITOS AO CONTROLE ESPECIAL</p><p>PRESTAÇÃO DE SERVIÇOS FARMACÊUTICOS</p><p>733 - AFE - CONCESSÃO - FARMÁCIAS E DROGARIAS / 0987792253</p><p>--------------------------------------</p><p>NEUROPHARMA FARMACEUTICA E BIOTECNOLOGIA LTDA / 14.141.981/0001-00</p><p>25351.084044/2025-91 / 8322951</p><p>ARMAZENAR: PRODUTOS PARA SAÚDE (DISPOSITIVOS MÉDICOS)</p><p>DISTRIBUIR: PRODUTOS PARA SAÚDE (DISPOSITIVOS MÉDICOS)</p><p>EXPEDIR: PRODUTOS PARA SAÚDE (DISPOSITIVOS MÉDICOS)</p><p>856 - AFE - CONCESSÃO - PRODUTOS PARA SAÚDE - DISTRIBUIR / 0701348259</p><p>--------------------------------------</p><p>V F MEDEIROS DROGARIA SANTA ESPERANCA II LTDA / 57.504.221/0001-14</p><p>25351.131799/2025-92 / 5201839</p><p>COMÉRCIO</p><p>DISPENSAÇÃO DE MEDICAMENTOS CONTENDO SUBSTÂNCIAS SUJEITAS AO CONTROLE ESPECIAL</p><p>DISPENSAÇÃO DE MEDICAMENTOS NÃO SUJEITOS AO CONTROLE ESPECIAL</p><p>733 - AFE - CONCESSÃO - FARMÁCIAS E DROGARIAS / 0987775251</p><p>--------------------------------------</p><p>AREZES INTERNATIONAL LOGISTICS LTDA / 47.104.353/0001-03</p><p>25351.115599/2025-92 / 8321085</p><p>ARMAZENAR: PRODUTOS PARA SAÚDE (DISPOSITIVOS MÉDICOS)</p><p>EXPEDIR: PRODUTOS PARA SAÚDE (DISPOSITIVOS MÉDICOS)</p><p>855 - AFE - CONCESSÃO - PRODUTOS PARA SAÚDE - ARMAZENAR / 0900297255</p><p>--------------------------------------</p><p>DROGARIA NYCFARMA LTDA. / 46.847.336/0001-95</p><p>25351.120507/2025-96 / 5201626</p><p>COMÉRCIO</p><p>DISPENSAÇÃO DE MEDICAMENTOS CONTENDO SUBSTÂNCIAS SUJEITAS AO CONTROLE ESPECIAL</p><p>DISPENSAÇÃO DE MEDICAMENTOS NÃO SUJEITOS AO CONTROLE ESPECIAL</p><p>733 - AFE - CONCESSÃO - FARMÁCIAS E DROGARIAS / 0924449250</p><p>--------------------------------------</p><p>PB FARMA LTDA / 26.644.730/0010-00</p><p>25351.131541/2025-96 / 5201748</p><p>COMÉRCIO</p><p>DISPENSAÇÃO DE MEDICAMENTOS CONTENDO SUBSTÂNCIAS SUJEITAS AO CONTROLE ESPECIAL</p><p>DISPENSAÇÃO DE MEDICAMENTOS NÃO SUJEITOS AO CONTROLE ESPECIAL</p><p>PRESTAÇÃO DE SERVIÇOS FARMACÊUTICOS</p><p>733 - AFE - CONCESSÃO - FARMÁCIAS E DROGARIAS / 0986656259</p><p>--------------------------------------</p><p>INTERLINEA COMERCIAL IMPORTADORA LTDA / 42.110.327/0001-66</p><p>25351.117772/2025-97 / 2111267</p><p>ARMAZENAR: COSMÉTICOS / PERFUMES</p><p>EXPEDIR: COSMÉTICOS / PERFUMES</p><p>IMPORTAR: COSMÉTICOS / PERFUMES</p><p>722 - AFE - CONCESSÃO - COSMÉTICOS, PERFUMES E PRODUTOS DE HIGIENE - IMPORTAR (SOMENTE MATRIZ) / 0911780254</p><p>--------------------------------------</p><p>VIA SERVIÇOS ESPECIALIZADOS LTDA / 08.348.687/0001-62</p><p>25351.118293/2025-98 / 8322902</p><p>COMÉRCIO VAREJISTA: PRODUTOS PARA SAÚDE (DISPOSITIVOS MÉDICOS)</p><p>860 - AFE - CONCESSÃO - PRODUTOS PARA SAÚDE - COMÉRCIO VAREJISTA / 0914123254</p><p>--------------------------------------</p><p>EPICK SOLUTIONS LTDA / 53.073.263/0001-97</p><p>25351.113658/2025-98 / 2111327</p><p>ARMAZENAR: COSMÉTICOS / PERFUMES / PRODUTOS DE HIGIENE</p><p>EXPEDIR: COSMÉTICOS / PERFUMES / PRODUTOS DE HIGIENE</p><p>746 - AFE - CONCESSÃO - COSMÉTICOS, PERFUMES E PRODUTOS DE HIGIENE - ARMAZENAR (SOMENTE MATRIZ) / 0888673256</p><p>--------------------------------------</p><p>HEADLINE COMERCIO E SERVICOS LTDA / 53.162.701/0001-93</p><p>25351.117211/2025-98 / 2110292</p><p>ARMAZENAR: COSMÉTICOS / PERFUMES / PRODUTOS DE HIGIENE</p><p>DISTRIBUIR: COSMÉTICOS / PERFUMES / PRODUTOS DE HIGIENE</p><p>EXPEDIR: COSMÉTICOS / PERFUMES / PRODUTOS DE HIGIENE</p><p>723 - AFE - CONCESSÃO - COSMÉTICOS, PERFUMES E PRODUTOS DE HIGIENE - DISTRIBUIR (SOMENTE MATRIZ) / 0908781253</p><p>--------------------------------------</p><p>AMAZON SERVICOS DE VAREJO DO BRASIL LTDA. / 15.436.940/0014-10</p><p>25351.117194/2025-99 / 8321222</p><p>ARMAZENAR: PRODUTOS PARA SAÚDE (DISPOSITIVOS MÉDICOS)</p><p>DISTRIBUIR: PRODUTOS PARA SAÚDE (DISPOSITIVOS MÉDICOS)</p><p>EXPEDIR: PRODUTOS PARA SAÚDE (DISPOSITIVOS MÉDICOS)</p><p>856 - AFE - CONCESSÃO - PRODUTOS PARA SAÚDE - DISTRIBUIR / 0908740255</p><p>--------------------------------------</p><p>AS COMERCIO DE MEDICAMENTOS ESPECIAIS LTDA - ME / 28.496.951/0001-12</p><p>25351.077540/2025-99 / 2111344</p><p>ARMAZENAR: COSMÉTICOS / PERFUMES / PRODUTOS DE HIGIENE</p><p>DISTRIBUIR: COSMÉTICOS / PERFUMES / PRODUTOS DE HIGIENE</p><p>EXPEDIR: COSMÉTICOS / PERFUMES / PRODUTOS DE HIGIENE</p><p>723 - AFE - CONCESSÃO - COSMÉTICOS, PERFUMES E PRODUTOS DE HIGIENE - DISTRIBUIR (SOMENTE MATRIZ) / 0651216257</p>]]></Texto>
  </body>
  <Midias />
</article></xml>