﻿<xml><article id="44735152" name="2Atos31jul" idOficio="11191370" pubName="DO1" artType="Ato" pubDate="01/08/2025" artClass="00014:00019:00016:00057:00000:00000:00000:00000:00000:00000:00006:00000" artCategory="Ministério das Comunicações/Agência Nacional de Telecomunicações/Superintendência de Outorga e Recursos à Prestação/Gerência de Outorga e Licenciamento de Estações" artSize="12" artNotes="" numberPage="7" pdfPage="http://pesquisa.in.gov.br/imprensa/jsp/visualiza/index.jsp?data=01/08/2025&amp;jornal=515&amp;pagina=7" editionNumber="144" highlightType="" highlightPriority="" highlight="" highlightimage="" highlightimagename="" idMateria="22948708">
  <body>
    <Identifica><![CDATA[ ATO Nº 9.081, DE 31 DE JULHO DE 2025]]></Identifica>
    <Data><![CDATA[]]></Data>
    <Ementa />
    <Titulo />
    <SubTitulo />
    <Texto><![CDATA[<p class="identifica">ATO Nº 9.081, DE 31 DE JULHO DE 2025</p><p>Autoriza FABIO MORENO FERREIRA, CPF nº ***055638**, a realizar operação temporária de equipamentos de radiocomunicação, na cidade de Cascavel/PR, no período de 08/08/2025 a 08/09/2025.</p><p class="assina">Renato Sales Bizerra Aguiar</p><p class="cargo">Gerente</p>]]></Texto>
  </body>
  <Midias />
</article></xml>