﻿<xml><article id="44735930" name="Portaria FP 31 07 2025 Descreden" idOficio="11191432" pubName="DO1" artType="Despacho" pubDate="01/08/2025" artClass="00047:00039:00000:00000:00000:00000:00000:00000:00000:00000:00024:00000" artCategory="Ministério da Saúde/Secretaria de Ciência, Tecnologia e Inovação e do Complexo Econômico-Industrial da Saúde" artSize="24" artNotes="" numberPage="170" pdfPage="http://pesquisa.in.gov.br/imprensa/jsp/visualiza/index.jsp?data=01/08/2025&amp;jornal=515&amp;pagina=170" editionNumber="144" highlightType="" highlightPriority="" highlight="" highlightimage="" highlightimagename="" idMateria="22948776">
  <body>
    <Identifica />
    <Data><![CDATA[]]></Data>
    <Ementa />
    <Titulo />
    <SubTitulo />
    <Texto><![CDATA[<p /><p></p><table><tr /><tr><td rowspan="1" colspan="1"><p>4135</p></td><td rowspan="1" colspan="1"><p>33010572000372</p></td><td rowspan="1" colspan="1"><p>SAMARA DE O. PEREIRA - FARMACIA</p></td><td rowspan="1" colspan="1"><p>TO</p></td><td rowspan="1" colspan="1"><p>DARCINOPOLIS</p></td><td rowspan="1" colspan="1"><p>25000112246202359</p></td></tr><tr><td rowspan="1" colspan="1"><p>4136</p></td><td rowspan="1" colspan="1"><p>13217119000162</p></td><td rowspan="1" colspan="1"><p>CAMILO &amp; ALMEIDA LTDA</p></td><td rowspan="1" colspan="1"><p>TO</p></td><td rowspan="1" colspan="1"><p>GUARAI</p></td><td rowspan="1" colspan="1"><p>25000205165201320</p></td></tr><tr><td rowspan="1" colspan="1"><p>4137</p></td><td rowspan="1" colspan="1"><p>02579051000145</p></td><td rowspan="1" colspan="1"><p>SIDICLEYA PEREIRA DIAS DE CASTRO</p></td><td rowspan="1" colspan="1"><p>TO</p></td><td rowspan="1" colspan="1"><p>GUARAI</p></td><td rowspan="1" colspan="1"><p>25000158607201099</p></td></tr><tr><td rowspan="1" colspan="1"><p>4138</p></td><td rowspan="1" colspan="1"><p>03666540000105</p></td><td rowspan="1" colspan="1"><p>DROGARIA SANTA BARBARA LTDA</p></td><td rowspan="1" colspan="1"><p>TO</p></td><td rowspan="1" colspan="1"><p>GURUPI</p></td><td rowspan="1" colspan="1"><p>25000125771201010</p></td></tr><tr><td rowspan="1" colspan="1"><p>4139</p></td><td rowspan="1" colspan="1"><p>37426269000144</p></td><td rowspan="1" colspan="1"><p>DROGARIA VISAO LTDA</p></td><td rowspan="1" colspan="1"><p>TO</p></td><td rowspan="1" colspan="1"><p>GURUPI</p></td><td rowspan="1" colspan="1"><p>25000116202201083</p></td></tr><tr><td rowspan="1" colspan="1"><p>4140</p></td><td rowspan="1" colspan="1"><p>18039423000180</p></td><td rowspan="1" colspan="1"><p>TARCYO MARINHO COSTA</p></td><td rowspan="1" colspan="1"><p>TO</p></td><td rowspan="1" colspan="1"><p>ITAPIRATINS</p></td><td rowspan="1" colspan="1"><p>25000237202201369</p></td></tr><tr><td rowspan="1" colspan="1"><p>4141</p></td><td rowspan="1" colspan="1"><p>05521712000170</p></td><td rowspan="1" colspan="1"><p>FARMACIA ANA DORES LTDA</p></td><td rowspan="1" colspan="1"><p>TO</p></td><td rowspan="1" colspan="1"><p>LAGOA DA CONFUSAO</p></td><td rowspan="1" colspan="1"><p>25000185164201190</p></td></tr><tr><td rowspan="1" colspan="1"><p>4142</p></td><td rowspan="1" colspan="1"><p>20394179000116</p></td><td rowspan="1" colspan="1"><p>DU VALLI FARMA LTDA</p></td><td rowspan="1" colspan="1"><p>TO</p></td><td rowspan="1" colspan="1"><p>MIRACEMA DO TOCANTINS</p></td><td rowspan="1" colspan="1"><p>25000230701201414</p></td></tr><tr><td rowspan="1" colspan="1"><p>4143</p></td><td rowspan="1" colspan="1"><p>03314543000171</p></td><td rowspan="1" colspan="1"><p>C G T SANTOS &amp; CIA LTDA</p></td><td rowspan="1" colspan="1"><p>TO</p></td><td rowspan="1" colspan="1"><p>PALMAS</p></td><td rowspan="1" colspan="1"><p>25000090930201139</p></td></tr><tr><td rowspan="1" colspan="1"><p>4144</p></td><td rowspan="1" colspan="1"><p>19570909000103</p></td><td rowspan="1" colspan="1"><p>F S DE JESUS FARMA EIRELI</p></td><td rowspan="1" colspan="1"><p>TO</p></td><td rowspan="1" colspan="1"><p>PALMAS</p></td><td rowspan="1" colspan="1"><p>25000148952201448</p></td></tr><tr><td rowspan="1" colspan="1"><p>4145</p></td><td rowspan="1" colspan="1"><p>12712813000274</p></td><td rowspan="1" colspan="1"><p>ROMA &amp; SALES LTDA</p></td><td rowspan="1" colspan="1"><p>TO</p></td><td rowspan="1" colspan="1"><p>PALMAS</p></td><td rowspan="1" colspan="1"><p>25000143326201384</p></td></tr><tr><td rowspan="1" colspan="1"><p>4146</p></td><td rowspan="1" colspan="1"><p>03819661000131</p></td><td rowspan="1" colspan="1"><p>DROGARIA DROGACY LTDA</p></td><td rowspan="1" colspan="1"><p>TO</p></td><td rowspan="1" colspan="1"><p>PARAISO DO TOCANTINS</p></td><td rowspan="1" colspan="1"><p>25000118270201168</p></td></tr><tr><td rowspan="1" colspan="1"><p>4147</p></td><td rowspan="1" colspan="1"><p>00447821014635</p></td><td rowspan="1" colspan="1"><p>DROGARIA ROSARIO S/A</p></td><td rowspan="1" colspan="1"><p>TO</p></td><td rowspan="1" colspan="1"><p>PARAISO DO TOCANTINS</p></td><td rowspan="1" colspan="1"><p>25000044104200651</p></td></tr><tr><td rowspan="1" colspan="1"><p>4148</p></td><td rowspan="1" colspan="1"><p>04369473000111</p></td><td rowspan="1" colspan="1"><p>MEDCOM PRODUTOS FARMACEUTICOS LTDA</p></td><td rowspan="1" colspan="1"><p>TO</p></td><td rowspan="1" colspan="1"><p>PARAISO DO TOCANTINS</p></td><td rowspan="1" colspan="1"><p>25000121320201356</p></td></tr><tr><td rowspan="1" colspan="1"><p>4149</p></td><td rowspan="1" colspan="1"><p>09552114000119</p></td><td rowspan="1" colspan="1"><p>RODRIGO JOSE DE SOUZA</p></td><td rowspan="1" colspan="1"><p>TO</p></td><td rowspan="1" colspan="1"><p>PARAISO DO TOCANTINS</p></td><td rowspan="1" colspan="1"><p>25000085670201007</p></td></tr><tr><td rowspan="1" colspan="1"><p>4150</p></td><td rowspan="1" colspan="1"><p>17129309000189</p></td><td rowspan="1" colspan="1"><p>BESERRA &amp; MARTINS LTDA</p></td><td rowspan="1" colspan="1"><p>TO</p></td><td rowspan="1" colspan="1"><p>PIUM</p></td><td rowspan="1" colspan="1"><p>25000005589201558</p></td></tr><tr><td rowspan="1" colspan="1"><p>4151</p></td><td rowspan="1" colspan="1"><p>08683794000147</p></td><td rowspan="1" colspan="1"><p>RAFAEL FERREIRA DOS SANTOS</p></td><td rowspan="1" colspan="1"><p>TO</p></td><td rowspan="1" colspan="1"><p>PORTO NACIONAL</p></td><td rowspan="1" colspan="1"><p>25000004631201190</p></td></tr></table><p class="assina">FERNANDA DE NEGRI</p>]]></Texto>
  </body>
  <Midias />
</article></xml>