﻿<xml><article id="44725586" name="INSTRUCAO NORMATIVA MCID 24" idOficio="11190050" pubName="DO1" artType="Instrução Normativa" pubDate="01/08/2025" artClass="00011:00001:00000:00000:00000:00000:00000:00000:00000:00000:00037:00000" artCategory="Ministério das Cidades/Gabinete do Ministro" artSize="24" artNotes="" numberPage="2" pdfPage="http://pesquisa.in.gov.br/imprensa/jsp/visualiza/index.jsp?data=01/08/2025&amp;jornal=515&amp;pagina=2" editionNumber="144" highlightType="" highlightPriority="" highlight="" highlightimage="" highlightimagename="" idMateria="22946340">
  <body>
    <Identifica><![CDATA[ INSTRUÇÃO NORMATIVA Nº 24, DE 29 DE JULHO DE 2025]]></Identifica>
    <Data><![CDATA[]]></Data>
    <Ementa><![CDATA[ Altera a Instrução Normativa nº 30, de 6 de dezembro de 2024, do Ministério das Cidades, que dispõe sobre o Orçamento Operacional do Fundo de Garantia do Tempo de Serviço - FGTS, referente à área de Habitação, para o exercício de 2025.]]></Ementa>
    <Titulo />
    <SubTitulo />
    <Texto><![CDATA[<p class="identifica">INSTRUÇÃO NORMATIVA Nº 24, DE 29 DE JULHO DE 2025</p><p class="ementa">Altera a Instrução Normativa nº 30, de 6 de dezembro de 2024, do Ministério das Cidades, que dispõe sobre o Orçamento Operacional do Fundo de Garantia do Tempo de Serviço - FGTS, referente à área de Habitação, para o exercício de 2025.</p><p>O MINISTRO DE ESTADO DAS CIDADES, no uso das atribuições que lhe confere o art. 87, parágrafo único, incisos I e II, da Constituição Federal, e tendo em vista o disposto nos artigos 4º e 6º da Lei nº 8.036, de 11 de maio de 1990, no art. 66 do Decreto nº 99.684, de 8 novembro de 1990, no art. 20 da Lei nº 14.600, de 19 de junho de 2023, no art. 1º do Anexo I do Decreto nº 11.468, de 5 de abril de 2023, e nas Resoluções nº 702, de 4 de outubro de 2012, e nº 1.124, de 24 de julho de 2025, ambas do Conselho Curador do Fundo de Garantia do Tempo de Serviço - FGTS, resolve:</p><p>Art. 1º A Instrução Normativa nº 30, de 6 de dezembro de 2024, do Ministério das Cidades, passa a vigorar com as seguintes alterações:</p><p>"ANEXO I</p><p>DISTRIBUIÇÃO ORÇAMENTO OPERACIONAL</p><p>(R$ mil)</p><p>1. Por Regiões Geográficas:</p><p /><p></p><table><tr /><tr><td rowspan="1" colspan="1"><p>Região Geográfica</p></td><td rowspan="1" colspan="1"><p>Orçamento Oneroso*</p></td><td rowspan="1" colspan="1"><p>Pró-Moradia</p></td><td rowspan="1" colspan="1"><p>Descontos</p></td></tr><tr><td rowspan="1" colspan="1"><p>Norte</p></td><td rowspan="1" colspan="1"><p>13.079.558</p></td><td rowspan="1" colspan="1"><p>308.477</p></td><td rowspan="1" colspan="1"><p>1.236.000</p></td></tr><tr><td rowspan="1" colspan="1"><p>Nordeste</p></td><td rowspan="1" colspan="1"><p>22.079.312</p></td><td rowspan="1" colspan="1"><p>788.708</p></td><td rowspan="1" colspan="1"><p>3.968.000</p></td></tr><tr><td rowspan="1" colspan="1"><p>Sudeste</p></td><td rowspan="1" colspan="1"><p>66.383.045</p></td><td rowspan="1" colspan="1"><p>731.798</p></td><td rowspan="1" colspan="1"><p>3.544.000</p></td></tr><tr><td rowspan="1" colspan="1"><p>Sul</p></td><td rowspan="1" colspan="1"><p>20.495.396</p></td><td rowspan="1" colspan="1"><p>376.335</p></td><td rowspan="1" colspan="1"><p>1.848.000</p></td></tr><tr><td rowspan="1" colspan="1"><p>Centro-Oeste</p></td><td rowspan="1" colspan="1"><p>12.362.689</p></td><td rowspan="1" colspan="1"><p>194.682</p></td><td rowspan="1" colspan="1"><p>1.404.000</p></td></tr><tr><td rowspan="1" colspan="1"><p>TOTAL</p></td><td rowspan="1" colspan="1"><p>134.400.000</p></td><td rowspan="1" colspan="1"><p>2.400.000</p></td><td rowspan="1" colspan="1"><p>12.000.000</p></td></tr></table><p>*Programas: Apoio à Produção de Habitações, Carta de Crédito Individual, Carta de Crédito Associativo, Pró-Cotista e Classe Média.</p><p>..........</p><p>2. Por programas:</p><p /><p></p><table><tr /><tr><td rowspan="1" colspan="1"><p>Programa</p></td><td rowspan="1" colspan="1"><p>Orçamento</p></td></tr><tr><td rowspan="1" colspan="1"><p>Apoio à Produção de Habitações</p></td><td rowspan="1" colspan="1"><p>84.500.000</p></td></tr><tr><td rowspan="1" colspan="1"><p>Carta de Crédito Individual</p></td><td rowspan="1" colspan="1"><p>31.500.000</p></td></tr><tr><td rowspan="1" colspan="1"><p>Carta de Crédito Associativo</p></td><td rowspan="1" colspan="1"><p>100.000</p></td></tr><tr><td rowspan="1" colspan="1"><p>Pró-Moradia</p></td><td rowspan="1" colspan="1"><p>2.400.000</p></td></tr><tr><td rowspan="1" colspan="1"><p>Pró-Cotista</p></td><td rowspan="1" colspan="1"><p>3.300.000</p></td></tr><tr><td rowspan="1" colspan="1"><p>Classe Média</p></td><td rowspan="1" colspan="1"><p>15.000.000</p></td></tr><tr><td rowspan="1" colspan="1"><p>TOTAL</p></td><td rowspan="1" colspan="1"><p>136.800.000</p></td></tr></table><p>" (NR)</p><p>"ANEXO II</p><p>METAS FÍSICAS</p><p>Unidades Habitacionais (UH) financiadas/Famílias Atendidas e Postos de Emprego gerados</p><p>(quantidade)</p><p /><p></p><table><tr /><tr><td rowspan="1" colspan="1"><p>UH financiadas/Famílias atendidas</p></td><td rowspan="1" colspan="1"><p>723.743</p></td></tr><tr><td rowspan="1" colspan="1"><p>Postos de emprego gerados</p></td><td rowspan="1" colspan="1"><p>3.160.080</p></td></tr></table><p>.........." (NR)</p><p>Art. 2º O Agente Operador deverá regulamentar os procedimentos operacionais no prazo de até 5 (cinco) dias após a publicação desta Instrução Normativa.</p><p>Art. 3º Esta Instrução Normativa entra em vigor na data de sua publicação.</p><p class="assina">JADER FONTENELLE BARBALHO FILHO</p>]]></Texto>
  </body>
  <Midias />
</article></xml>