﻿<xml><article id="44730289" name="Int_Desp_2.258_2025_DIR" idOficio="11190983" pubName="DO1" artType="Despacho" pubDate="01/08/2025" artClass="00035:00043:00021:00000:00000:00000:00000:00000:00000:00000:00024:00014" artCategory="Ministério de Minas e Energia/Agência Nacional de Energia Elétrica/Diretoria Colegiada" artSize="12" artNotes="" numberPage="71" pdfPage="http://pesquisa.in.gov.br/imprensa/jsp/visualiza/index.jsp?data=01/08/2025&amp;jornal=515&amp;pagina=71" editionNumber="144" highlightType="" highlightPriority="" highlight="" highlightimage="" highlightimagename="" idMateria="22947872">
  <body>
    <Identifica><![CDATA[ DESPACHO Nº 2.258, DE 29 DE JULHO DE 2025]]></Identifica>
    <Data><![CDATA[]]></Data>
    <Ementa />
    <Titulo />
    <SubTitulo />
    <Texto><![CDATA[<p class="identifica">DESPACHO Nº 2.258, DE 29 DE JULHO DE 2025</p><p>O DIRETOR-GERAL DA AGÊNCIA NACIONAL DE ENERGIA ELÉTRICA - ANEEL, no uso das suas atribuições regimentais, tendo em vista deliberação da Diretoria e o que consta do Processo nº 48000.900457/1992-98, decide</p><p>(i) encaminhar os autos ao Ministério de Minas e Energia - MME com a recomendação de deferimento do pedido de prorrogação da outorga de concessão da Usina Hidrelétrica - UHE Sá Carvalho, cadastrada sob o Código Único de Empreendimentos de Geração CEG UHE.PH.MG.002563-1.01, outorgada à Sá Carvalho S.A., inscrita no CNPJ sob o nº 03.907.799/0001-92, nos termos do art. 1º da Lei nº 12.783, de 11 de janeiro de 2013.</p><p class="assina">SANDOVAL DE ARAÚJO FEITOSA NETO</p>]]></Texto>
  </body>
  <Midias />
</article></xml>