﻿<xml><article id="44729058" name="RETIFICACAO-GCOP-SIA" idOficio="11190736" pubName="DO1" artType="Retificação" pubDate="01/08/2025" artClass="00041:00019:00033:00009:00000:00000:00000:00000:00000:00000:00066:00000" artCategory="Ministério de Portos e Aeroportos/Agência Nacional de Aviação Civil/Superintendência de Infraestrutura Aeroportuária/Gerência de Certificação e Segurança Operacional" artSize="12" artNotes="" numberPage="99" pdfPage="http://pesquisa.in.gov.br/imprensa/jsp/visualiza/index.jsp?data=01/08/2025&amp;jornal=515&amp;pagina=99" editionNumber="144" highlightType="" highlightPriority="" highlight="" highlightimage="" highlightimagename="" idMateria="22947478">
  <body>
    <Identifica><![CDATA[ RETIFICAÇÃO]]></Identifica>
    <Data><![CDATA[]]></Data>
    <Ementa />
    <Titulo />
    <SubTitulo />
    <Texto><![CDATA[<p class="identifica">RETIFICAÇÃO</p><p>Na ementa e no art. 1º da Portaria nº 17.429/SIA, de 13 de julho de 2025, publicada no Diário Oficial da União de 25 de julho de 2025, Seção 1, página 819, onde se lê: "...Aeródromo de uso privativo CIAD...", leia-se: "...Aeródromo de uso privativo CIAD MG0649...".</p>]]></Texto>
  </body>
  <Midias />
</article></xml>