﻿<xml><article id="44735837" name="Portaria FP 31 07 2025 Descreden" idOficio="11191432" pubName="DO1" artType="Despacho" pubDate="01/08/2025" artClass="00047:00039:00000:00000:00000:00000:00000:00000:00000:00000:00024:00000" artCategory="Ministério da Saúde/Secretaria de Ciência, Tecnologia e Inovação e do Complexo Econômico-Industrial da Saúde" artSize="24" artNotes="" numberPage="147" pdfPage="http://pesquisa.in.gov.br/imprensa/jsp/visualiza/index.jsp?data=01/08/2025&amp;jornal=515&amp;pagina=147" editionNumber="144" highlightType="" highlightPriority="" highlight="" highlightimage="" highlightimagename="" idMateria="22948776">
  <body>
    <Identifica />
    <Data><![CDATA[]]></Data>
    <Ementa />
    <Titulo />
    <SubTitulo />
    <Texto><![CDATA[<p /><p></p><table><tr /><tr><td rowspan="1" colspan="1"><p>2318</p></td><td rowspan="1" colspan="1"><p>10708305000106</p></td><td rowspan="1" colspan="1"><p>SIMAO &amp; CARVALHO LTDA</p></td><td rowspan="1" colspan="1"><p>RO</p></td><td rowspan="1" colspan="1"><p>CACOAL</p></td><td rowspan="1" colspan="1"><p>25000002704201532</p></td></tr><tr><td rowspan="1" colspan="1"><p>2319</p></td><td rowspan="1" colspan="1"><p>22874622000181</p></td><td rowspan="1" colspan="1"><p>EDISON CARLOS FELICIO &amp; CIA LTDA</p></td><td rowspan="1" colspan="1"><p>RO</p></td><td rowspan="1" colspan="1"><p>CEREJEIRAS</p></td><td rowspan="1" colspan="1"><p>25000047302201303</p></td></tr><tr><td rowspan="1" colspan="1"><p>2320</p></td><td rowspan="1" colspan="1"><p>84579978000140</p></td><td rowspan="1" colspan="1"><p>FARMASOUZA FARMACIA SOUZA LTDA</p></td><td rowspan="1" colspan="1"><p>RO</p></td><td rowspan="1" colspan="1"><p>COLORADO DO OESTE</p></td><td rowspan="1" colspan="1"><p>25000223384201129</p></td></tr><tr><td rowspan="1" colspan="1"><p>2321</p></td><td rowspan="1" colspan="1"><p>10533821000147</p></td><td rowspan="1" colspan="1"><p>G K NERES NASCIMENTO COMERCIO DE PRODUTOS FARMACEUTICOS LTDA</p></td><td rowspan="1" colspan="1"><p>RO</p></td><td rowspan="1" colspan="1"><p>ESPIGAO D'OESTE</p></td><td rowspan="1" colspan="1"><p>25000144092201121</p></td></tr><tr><td rowspan="1" colspan="1"><p>2322</p></td><td rowspan="1" colspan="1"><p>15888647000179</p></td><td rowspan="1" colspan="1"><p>ADRIANE A. C. SCHMITT E CIA LTDA</p></td><td rowspan="1" colspan="1"><p>RO</p></td><td rowspan="1" colspan="1"><p>JARU</p></td><td rowspan="1" colspan="1"><p>25000023177200951</p></td></tr><tr><td rowspan="1" colspan="1"><p>2323</p></td><td rowspan="1" colspan="1"><p>63624324000110</p></td><td rowspan="1" colspan="1"><p>ANDRADE E PILOTTI COMERCIO DE MEDICAMENTOS LTDA</p></td><td rowspan="1" colspan="1"><p>RO</p></td><td rowspan="1" colspan="1"><p>JARU</p></td><td rowspan="1" colspan="1"><p>25000118108201140</p></td></tr><tr><td rowspan="1" colspan="1"><p>2324</p></td><td rowspan="1" colspan="1"><p>05904248000109</p></td><td rowspan="1" colspan="1"><p>FARMACIA VIVA BEM LTDA</p></td><td rowspan="1" colspan="1"><p>RO</p></td><td rowspan="1" colspan="1"><p>JARU</p></td><td rowspan="1" colspan="1"><p>25000165067201008</p></td></tr><tr><td rowspan="1" colspan="1"><p>2325</p></td><td rowspan="1" colspan="1"><p>10554703000115</p></td><td rowspan="1" colspan="1"><p>CAMILO E SOUSA LTDA</p></td><td rowspan="1" colspan="1"><p>RO</p></td><td rowspan="1" colspan="1"><p>JI-PARANA</p></td><td rowspan="1" colspan="1"><p>25000070580201194</p></td></tr><tr><td rowspan="1" colspan="1"><p>2326</p></td><td rowspan="1" colspan="1"><p>34774158000130</p></td><td rowspan="1" colspan="1"><p>CASTELO MEDICAMENTOS LTDA</p></td><td rowspan="1" colspan="1"><p>RO</p></td><td rowspan="1" colspan="1"><p>JI-PARANA</p></td><td rowspan="1" colspan="1"><p>25000062324201395</p></td></tr><tr><td rowspan="1" colspan="1"><p>2327</p></td><td rowspan="1" colspan="1"><p>10815839000131</p></td><td rowspan="1" colspan="1"><p>GELSON SCHMITT E CIA LTDA</p></td><td rowspan="1" colspan="1"><p>RO</p></td><td rowspan="1" colspan="1"><p>JI-PARANA</p></td><td rowspan="1" colspan="1"><p>25000120027201029</p></td></tr><tr><td rowspan="1" colspan="1"><p>2328</p></td><td rowspan="1" colspan="1"><p>10815839000212</p></td><td rowspan="1" colspan="1"><p>GELSON SCHMITT E CIA LTDA</p></td><td rowspan="1" colspan="1"><p>RO</p></td><td rowspan="1" colspan="1"><p>JI-PARANA</p></td><td rowspan="1" colspan="1"><p>25000120027201029</p></td></tr><tr><td rowspan="1" colspan="1"><p>2329</p></td><td rowspan="1" colspan="1"><p>18946390000152</p></td><td rowspan="1" colspan="1"><p>A. B. FRIZZO &amp; CIA LTDA</p></td><td rowspan="1" colspan="1"><p>RO</p></td><td rowspan="1" colspan="1"><p>MACHADINHO D'OESTE</p></td><td rowspan="1" colspan="1"><p>25000148770201477</p></td></tr><tr><td rowspan="1" colspan="1"><p>2330</p></td><td rowspan="1" colspan="1"><p>10329369000104</p></td><td rowspan="1" colspan="1"><p>FARMOESTE COMERCIO DE MEDICAMENTOS LTDA</p></td><td rowspan="1" colspan="1"><p>RO</p></td><td rowspan="1" colspan="1"><p>MACHADINHO D'OESTE</p></td><td rowspan="1" colspan="1"><p>25000096586201191</p></td></tr><tr><td rowspan="1" colspan="1"><p>2331</p></td><td rowspan="1" colspan="1"><p>19810847000160</p></td><td rowspan="1" colspan="1"><p>RIGOLON &amp; MEIRA LTDA</p></td><td rowspan="1" colspan="1"><p>RO</p></td><td rowspan="1" colspan="1"><p>MACHADINHO D'OESTE</p></td><td rowspan="1" colspan="1"><p>25000186772201464</p></td></tr><tr><td rowspan="1" colspan="1"><p>2332</p></td><td rowspan="1" colspan="1"><p>06132019000178</p></td><td rowspan="1" colspan="1"><p>FARMACIA E DROGARIA SANTA TEREZINHA II LTDA</p></td><td rowspan="1" colspan="1"><p>RO</p></td><td rowspan="1" colspan="1"><p>OURO PRETO DO OESTE</p></td><td rowspan="1" colspan="1"><p>25000093050201114</p></td></tr><tr><td rowspan="1" colspan="1"><p>2333</p></td><td rowspan="1" colspan="1"><p>05564026000186</p></td><td rowspan="1" colspan="1"><p>J DIAS &amp; CIA LTDA</p></td><td rowspan="1" colspan="1"><p>RO</p></td><td rowspan="1" colspan="1"><p>OURO PRETO DO OESTE</p></td><td rowspan="1" colspan="1"><p>25000014373201231</p></td></tr><tr><td rowspan="1" colspan="1"><p>2334</p></td><td rowspan="1" colspan="1"><p>34758300000156</p></td><td rowspan="1" colspan="1"><p>VALENCA MEDICAMENTOS EIRELI</p></td><td rowspan="1" colspan="1"><p>RO</p></td><td rowspan="1" colspan="1"><p>OURO PRETO DO OESTE</p></td><td rowspan="1" colspan="1"><p>25000007636200950</p></td></tr><tr><td rowspan="1" colspan="1"><p>2335</p></td><td rowspan="1" colspan="1"><p>34464719000103</p></td><td rowspan="1" colspan="1"><p>VITAL FARMACIA E DROGARIA LTDA EPP</p></td><td rowspan="1" colspan="1"><p>RO</p></td><td rowspan="1" colspan="1"><p>OURO PRETO DO OESTE</p></td><td rowspan="1" colspan="1"><p>25000030163200994</p></td></tr><tr><td rowspan="1" colspan="1"><p>2336</p></td><td rowspan="1" colspan="1"><p>84739283000188</p></td><td rowspan="1" colspan="1"><p>DROGARIA SAO PAULO LTDA</p></td><td rowspan="1" colspan="1"><p>RO</p></td><td rowspan="1" colspan="1"><p>PIMENTA BUENO</p></td><td rowspan="1" colspan="1"><p>25000143281201186</p></td></tr><tr><td rowspan="1" colspan="1"><p>2337</p></td><td rowspan="1" colspan="1"><p>17034402000100</p></td><td rowspan="1" colspan="1"><p>J. GONZAGA DOS SANTOS EIRELI</p></td><td rowspan="1" colspan="1"><p>RO</p></td><td rowspan="1" colspan="1"><p>PIMENTA BUENO</p></td><td rowspan="1" colspan="1"><p>25000222533201302</p></td></tr><tr><td rowspan="1" colspan="1"><p>2338</p></td><td rowspan="1" colspan="1"><p>04903009000163</p></td><td rowspan="1" colspan="1"><p>E. R. DAS CHAGAS REGIS</p></td><td rowspan="1" colspan="1"><p>RO</p></td><td rowspan="1" colspan="1"><p>PORTO VELHO</p></td><td rowspan="1" colspan="1"><p>25000028368201558</p></td></tr><tr><td rowspan="1" colspan="1"><p>2339</p></td><td rowspan="1" colspan="1"><p>84603299000169</p></td><td rowspan="1" colspan="1"><p>REGINALDO MACIEL DA SILVA</p></td><td rowspan="1" colspan="1"><p>RO</p></td><td rowspan="1" colspan="1"><p>PORTO VELHO</p></td><td rowspan="1" colspan="1"><p>25000172917200630</p></td></tr><tr><td rowspan="1" colspan="1"><p>2340</p></td><td rowspan="1" colspan="1"><p>04429478015467</p></td><td rowspan="1" colspan="1"><p>SB COMERCIO LTDA</p></td><td rowspan="1" colspan="1"><p>RO</p></td><td rowspan="1" colspan="1"><p>PORTO VELHO</p></td><td rowspan="1" colspan="1"><p>25000142050200779</p></td></tr><tr><td rowspan="1" colspan="1"><p>2341</p></td><td rowspan="1" colspan="1"><p>15837669000100</p></td><td rowspan="1" colspan="1"><p>COMERCIO DE PRODUTOS FARMACEUTICOS AMAZONAS LTDA</p></td><td rowspan="1" colspan="1"><p>RO</p></td><td rowspan="1" colspan="1"><p>PRESIDENTE MEDICI</p></td><td rowspan="1" colspan="1"><p>25000057773201311</p></td></tr><tr><td rowspan="1" colspan="1"><p>2342</p></td><td rowspan="1" colspan="1"><p>11589067000120</p></td><td rowspan="1" colspan="1"><p>LOURO &amp; CIA LTDA</p></td><td rowspan="1" colspan="1"><p>RO</p></td><td rowspan="1" colspan="1"><p>PRESIDENTE MEDICI</p></td><td rowspan="1" colspan="1"><p>25000151242201152</p></td></tr><tr><td rowspan="1" colspan="1"><p>2343</p></td><td rowspan="1" colspan="1"><p>15253801000136</p></td><td rowspan="1" colspan="1"><p>LOPES &amp; BETTIOL LTDA</p></td><td rowspan="1" colspan="1"><p>RO</p></td><td rowspan="1" colspan="1"><p>ROLIM DE MOURA</p></td><td rowspan="1" colspan="1"><p>25000223754201390</p></td></tr><tr><td rowspan="1" colspan="1"><p>2344</p></td><td rowspan="1" colspan="1"><p>05074702000133</p></td><td rowspan="1" colspan="1"><p>NORTE FARMACENTRO EIRELI</p></td><td rowspan="1" colspan="1"><p>RO</p></td><td rowspan="1" colspan="1"><p>ROLIM DE MOURA</p></td><td rowspan="1" colspan="1"><p>25000115949201014</p></td></tr><tr><td rowspan="1" colspan="1"><p>2345</p></td><td rowspan="1" colspan="1"><p>03184930000130</p></td><td rowspan="1" colspan="1"><p>FARMACIA SANTA LUZIA D'OESTE LTDA</p></td><td rowspan="1" colspan="1"><p>RO</p></td><td rowspan="1" colspan="1"><p>SANTA LUZIA D'OESTE</p></td><td rowspan="1" colspan="1"><p>25000123861201157</p></td></tr><tr><td rowspan="1" colspan="1"><p>2346</p></td><td rowspan="1" colspan="1"><p>63785513000175</p></td><td rowspan="1" colspan="1"><p>BALTAZAR &amp; CANALE LTDA</p></td><td rowspan="1" colspan="1"><p>RO</p></td><td rowspan="1" colspan="1"><p>VILHENA</p></td><td rowspan="1" colspan="1"><p>25000204175201003</p></td></tr><tr><td rowspan="1" colspan="1"><p>2347</p></td><td rowspan="1" colspan="1"><p>10712030000184</p></td><td rowspan="1" colspan="1"><p>C.V.P. STRANIERI &amp; CIA LTDA</p></td><td rowspan="1" colspan="1"><p>RO</p></td><td rowspan="1" colspan="1"><p>VILHENA</p></td><td rowspan="1" colspan="1"><p>25000055219201308</p></td></tr><tr><td rowspan="1" colspan="1"><p>2348</p></td><td rowspan="1" colspan="1"><p>22881007000100</p></td><td rowspan="1" colspan="1"><p>CANALE E SCHMITT LTDA</p></td><td rowspan="1" colspan="1"><p>RO</p></td><td rowspan="1" colspan="1"><p>VILHENA</p></td><td rowspan="1" colspan="1"><p>25000066124201140</p></td></tr><tr><td rowspan="1" colspan="1"><p>2349</p></td><td rowspan="1" colspan="1"><p>34789008000109</p></td><td rowspan="1" colspan="1"><p>E M DA S CONCI LTDA</p></td><td rowspan="1" colspan="1"><p>RO</p></td><td rowspan="1" colspan="1"><p>VILHENA</p></td><td rowspan="1" colspan="1"><p>25000036598201167</p></td></tr><tr><td rowspan="1" colspan="1"><p>2350</p></td><td rowspan="1" colspan="1"><p>10930175000151</p></td><td rowspan="1" colspan="1"><p>LIGIFARMA FARMACIA E DROGARIA LTDA</p></td><td rowspan="1" colspan="1"><p>RO</p></td><td rowspan="1" colspan="1"><p>VILHENA</p></td><td rowspan="1" colspan="1"><p>25000151678201141</p></td></tr><tr><td rowspan="1" colspan="1"><p>2351</p></td><td rowspan="1" colspan="1"><p>10686505000105</p></td><td rowspan="1" colspan="1"><p>SCHMITT &amp; OLIVEIRA LTDA</p></td><td rowspan="1" colspan="1"><p>RO</p></td><td rowspan="1" colspan="1"><p>VILHENA</p></td><td rowspan="1" colspan="1"><p>25000179488201016</p></td></tr><tr><td rowspan="1" colspan="1"><p>2352</p></td><td rowspan="1" colspan="1"><p>11449426000143</p></td><td rowspan="1" colspan="1"><p>VITORIA MEDICAMENTOS LTDA</p></td><td rowspan="1" colspan="1"><p>RO</p></td><td rowspan="1" colspan="1"><p>VILHENA</p></td><td rowspan="1" colspan="1"><p>25000048619201511</p></td></tr><tr><td rowspan="1" colspan="1"><p>2353</p></td><td rowspan="1" colspan="1"><p>07019525000118</p></td><td rowspan="1" colspan="1"><p>B V MEDICAMENTOS LTDA</p></td><td rowspan="1" colspan="1"><p>RR</p></td><td rowspan="1" colspan="1"><p>BOA VISTA</p></td><td rowspan="1" colspan="1"><p>25000100875201101</p></td></tr><tr><td rowspan="1" colspan="1"><p>2354</p></td><td rowspan="1" colspan="1"><p>84042027000307</p></td><td rowspan="1" colspan="1"><p>DROGARIA MEGAFARMA LTDA</p></td><td rowspan="1" colspan="1"><p>RR</p></td><td rowspan="1" colspan="1"><p>BOA VISTA</p></td><td rowspan="1" colspan="1"><p>25000112670201089</p></td></tr><tr><td rowspan="1" colspan="1"><p>2355</p></td><td rowspan="1" colspan="1"><p>84042027000218</p></td><td rowspan="1" colspan="1"><p>DROGARIA MEGAFARMA LTDA</p></td><td rowspan="1" colspan="1"><p>RR</p></td><td rowspan="1" colspan="1"><p>BOA VISTA</p></td><td rowspan="1" colspan="1"><p>25000112670201089</p></td></tr><tr><td rowspan="1" colspan="1"><p>2356</p></td><td rowspan="1" colspan="1"><p>07099640000301</p></td><td rowspan="1" colspan="1"><p>GOMES E SANTANA LTDA</p></td><td rowspan="1" colspan="1"><p>RR</p></td><td rowspan="1" colspan="1"><p>BOA VISTA</p></td><td rowspan="1" colspan="1"><p>25000195945201010</p></td></tr><tr><td rowspan="1" colspan="1"><p>2357</p></td><td rowspan="1" colspan="1"><p>04725957000156</p></td><td rowspan="1" colspan="1"><p>M. CUNHA DE SOUZA</p></td><td rowspan="1" colspan="1"><p>RR</p></td><td rowspan="1" colspan="1"><p>BOA VISTA</p></td><td rowspan="1" colspan="1"><p>25000138339201412</p></td></tr><tr><td rowspan="1" colspan="1"><p>2358</p></td><td rowspan="1" colspan="1"><p>06175274000106</p></td><td rowspan="1" colspan="1"><p>UROFARMA LTDA</p></td><td rowspan="1" colspan="1"><p>RR</p></td><td rowspan="1" colspan="1"><p>BOA VISTA</p></td><td rowspan="1" colspan="1"><p>25000129036201328</p></td></tr><tr><td rowspan="1" colspan="1"><p>2359</p></td><td rowspan="1" colspan="1"><p>06980301000296</p></td><td rowspan="1" colspan="1"><p>BEVIFARMA DROGARIA LTDA</p></td><td rowspan="1" colspan="1"><p>RS</p></td><td rowspan="1" colspan="1"><p>AGUDO</p></td><td rowspan="1" colspan="1"><p>25000195292200846</p></td></tr><tr><td rowspan="1" colspan="1"><p>2360</p></td><td rowspan="1" colspan="1"><p>06980301000458</p></td><td rowspan="1" colspan="1"><p>BEVIFARMA DROGARIA LTDA</p></td><td rowspan="1" colspan="1"><p>RS</p></td><td rowspan="1" colspan="1"><p>AGUDO</p></td><td rowspan="1" colspan="1"><p>25000195292200846</p></td></tr><tr><td rowspan="1" colspan="1"><p>2361</p></td><td rowspan="1" colspan="1"><p>07993347000121</p></td><td rowspan="1" colspan="1"><p>DROGARIA JAEGER LTDA.</p></td><td rowspan="1" colspan="1"><p>RS</p></td><td rowspan="1" colspan="1"><p>AGUDO</p></td><td rowspan="1" colspan="1"><p>25000514251200944</p></td></tr><tr><td rowspan="1" colspan="1"><p>2362</p></td><td rowspan="1" colspan="1"><p>10512875000126</p></td><td rowspan="1" colspan="1"><p>DARLISE RAQUEL SAVARIZ DE SOUZA</p></td><td rowspan="1" colspan="1"><p>RS</p></td><td rowspan="1" colspan="1"><p>ALEGRIA</p></td><td rowspan="1" colspan="1"><p>25000196943201030</p></td></tr><tr><td rowspan="1" colspan="1"><p>2363</p></td><td rowspan="1" colspan="1"><p>13806618000195</p></td><td rowspan="1" colspan="1"><p>DROGARIA EFAV LTDA</p></td><td rowspan="1" colspan="1"><p>RS</p></td><td rowspan="1" colspan="1"><p>ALVORADA</p></td><td rowspan="1" colspan="1"><p>25000192870201279</p></td></tr><tr><td rowspan="1" colspan="1"><p>2364</p></td><td rowspan="1" colspan="1"><p>13169505000126</p></td><td rowspan="1" colspan="1"><p>THIEGO GIOVANI DOS SANTOS NUNES</p></td><td rowspan="1" colspan="1"><p>RS</p></td><td rowspan="1" colspan="1"><p>ALVORADA</p></td><td rowspan="1" colspan="1"><p>25000093199201101</p></td></tr><tr><td rowspan="1" colspan="1"><p>2365</p></td><td rowspan="1" colspan="1"><p>04363427000105</p></td><td rowspan="1" colspan="1"><p>CASSIANI DE MORAES FONTANA</p></td><td rowspan="1" colspan="1"><p>RS</p></td><td rowspan="1" colspan="1"><p>AMETISTA DO SUL</p></td><td rowspan="1" colspan="1"><p>25000102057201053</p></td></tr><tr><td rowspan="1" colspan="1"><p>2366</p></td><td rowspan="1" colspan="1"><p>06343629000110</p></td><td rowspan="1" colspan="1"><p>DROGARIA PRADENSE LTDA</p></td><td rowspan="1" colspan="1"><p>RS</p></td><td rowspan="1" colspan="1"><p>ANTONIO PRADO</p></td><td rowspan="1" colspan="1"><p>25000219003200810</p></td></tr><tr><td rowspan="1" colspan="1"><p>2367</p></td><td rowspan="1" colspan="1"><p>90868449000240</p></td><td rowspan="1" colspan="1"><p>ASSOCIACAO COMUNITARIA HOSPITALAR DE ARATIBA</p></td><td rowspan="1" colspan="1"><p>RS</p></td><td rowspan="1" colspan="1"><p>ARATIBA</p></td><td rowspan="1" colspan="1"><p>25000087804201105</p></td></tr><tr><td rowspan="1" colspan="1"><p>2368</p></td><td rowspan="1" colspan="1"><p>89305239001317</p></td><td rowspan="1" colspan="1"><p>COOPERATIVA DALIA ALIMENTOS LTDA</p></td><td rowspan="1" colspan="1"><p>RS</p></td><td rowspan="1" colspan="1"><p>ARROIO DO MEIO</p></td><td rowspan="1" colspan="1"><p>25000137357201304</p></td></tr><tr><td rowspan="1" colspan="1"><p>2369</p></td><td rowspan="1" colspan="1"><p>16876597000172</p></td><td rowspan="1" colspan="1"><p>FERNANDO TRASEL - FARMACIA</p></td><td rowspan="1" colspan="1"><p>RS</p></td><td rowspan="1" colspan="1"><p>ARROIO DO MEIO</p></td><td rowspan="1" colspan="1"><p>25000129760201432</p></td></tr><tr><td rowspan="1" colspan="1"><p>2370</p></td><td rowspan="1" colspan="1"><p>17502518002331</p></td><td rowspan="1" colspan="1"><p>FARMACIA CIRCULO OPERARIO CAXIENSE LTDA</p></td><td rowspan="1" colspan="1"><p>RS</p></td><td rowspan="1" colspan="1"><p>ARROIO DO SAL</p></td><td rowspan="1" colspan="1"><p>25000197133201424</p></td></tr><tr><td rowspan="1" colspan="1"><p>2371</p></td><td rowspan="1" colspan="1"><p>97450415000107</p></td><td rowspan="1" colspan="1"><p>GAM COMERCIO DE MEDICAMENTOS LTDA</p></td><td rowspan="1" colspan="1"><p>RS</p></td><td rowspan="1" colspan="1"><p>ARROIO DO TIGRE</p></td><td rowspan="1" colspan="1"><p>25000218047201209</p></td></tr><tr><td rowspan="1" colspan="1"><p>2372</p></td><td rowspan="1" colspan="1"><p>09095632000150</p></td><td rowspan="1" colspan="1"><p>A. S. ZULIANI</p></td><td rowspan="1" colspan="1"><p>RS</p></td><td rowspan="1" colspan="1"><p>BAGE</p></td><td rowspan="1" colspan="1"><p>25000096772201121</p></td></tr><tr><td rowspan="1" colspan="1"><p>2373</p></td><td rowspan="1" colspan="1"><p>10342586000207</p></td><td rowspan="1" colspan="1"><p>RENATA MEDICI DA SILVA ALVES COSMETICOS E MEDICAMENTOS LTDA</p></td><td rowspan="1" colspan="1"><p>RS</p></td><td rowspan="1" colspan="1"><p>BAGE</p></td><td rowspan="1" colspan="1"><p>25000214552200890</p></td></tr><tr><td rowspan="1" colspan="1"><p>2374</p></td><td rowspan="1" colspan="1"><p>04989391000170</p></td><td rowspan="1" colspan="1"><p>ROGERIO MEIRELLES &amp; CIA. LTDA</p></td><td rowspan="1" colspan="1"><p>RS</p></td><td rowspan="1" colspan="1"><p>BAGE</p></td><td rowspan="1" colspan="1"><p>25000179652200781</p></td></tr><tr><td rowspan="1" colspan="1"><p>2375</p></td><td rowspan="1" colspan="1"><p>10256773000197</p></td><td rowspan="1" colspan="1"><p>ZULIANI COMERCIO DE MEDICAMENTOS LTDA.</p></td><td rowspan="1" colspan="1"><p>RS</p></td><td rowspan="1" colspan="1"><p>BAGE</p></td><td rowspan="1" colspan="1"><p>25000574842200971</p></td></tr><tr><td rowspan="1" colspan="1"><p>2376</p></td><td rowspan="1" colspan="1"><p>02567889000208</p></td><td rowspan="1" colspan="1"><p>SANSON &amp; SANSON MEDICAMENTOS LTDA</p></td><td rowspan="1" colspan="1"><p>RS</p></td><td rowspan="1" colspan="1"><p>BARROS CASSAL</p></td><td rowspan="1" colspan="1"><p>25000220252200940</p></td></tr></table>]]></Texto>
  </body>
  <Midias />
</article></xml>