﻿<xml><article id="44745366" name="Portaria 682" idOficio="11191716" pubName="DO1" artType="Portaria" pubDate="04/08/2025" artClass="00008:00002:00009:00000:00000:00000:00000:00000:00000:00000:00054:00000" artCategory="Ministério da Agricultura e Pecuária/Secretaria Executiva/Superintendência de Agricultura e Pecuária do Estado da Bahia" artSize="12" artNotes="" numberPage="2" pdfPage="http://pesquisa.in.gov.br/imprensa/jsp/visualiza/index.jsp?data=04/08/2025&amp;jornal=515&amp;pagina=2" editionNumber="145" highlightType="" highlightPriority="" highlight="" highlightimage="" highlightimagename="" idMateria="22949195">
  <body>
    <Identifica><![CDATA[ PORTARIA SFA-BA/MAPA Nº 682, DE 31 DE JULHO DE 2025]]></Identifica>
    <Data><![CDATA[]]></Data>
    <Ementa />
    <Titulo />
    <SubTitulo />
    <Texto><![CDATA[<p class="identifica">PORTARIA SFA-BA/MAPA Nº 682, DE 31 DE JULHO DE 2025</p><p>O SUPERINTENDENTE FEDERAL DE AGRICULTURA E PECUÁRIA NO ESTADO DA BAHIA no uso das atribuições que lhe confere o art. 262 do Regimento Interno da Secretaria Executiva do Ministério da Agricultura e Pecuária, aprovado pela Portaria Ministerial nº 561, de 11 de abril de 2018, os arts. 41 e 50 do Anexo I ao Decreto nº 11.332, de 1º de janeiro de 2023, e tendo em vista o disposto no art. 3º, § 3º, da Instrução Normativa nº 6, de 16 de janeiro de 2018, alterada pela Portaria nº 593, de 30 de junho de 2023, e o que consta do processo nº 21012.004021/2025-00, resolve:</p><p>Art. 1º Habilitar o Médico Veterinário JOÃO ANDRÉ LIMA DE ALMEIDA, inscrito no CRMV-BA sob o nº 08927-VP, para fins de colheita e envio de amostras aos laboratórios credenciados para diagnóstico de mormo, conforme diretrizes gerais para prevenção, controle e erradicação do mormo, no âmbito do Programa Nacional de Sanidade dos Equídeos - PNSE, no estado da Bahia;</p><p>Art. 2º Esta Portaria entra em vigor na data de sua publicação</p><p class="assina">FABIO ALEXANDRE ROSA RODRIGUES</p>]]></Texto>
  </body>
  <Midias />
</article></xml>