﻿<xml><article id="44735834" name="Portaria FP 31 07 2025 Descreden" idOficio="11191432" pubName="DO1" artType="Despacho" pubDate="01/08/2025" artClass="00047:00039:00000:00000:00000:00000:00000:00000:00000:00000:00024:00000" artCategory="Ministério da Saúde/Secretaria de Ciência, Tecnologia e Inovação e do Complexo Econômico-Industrial da Saúde" artSize="24" artNotes="" numberPage="147" pdfPage="http://pesquisa.in.gov.br/imprensa/jsp/visualiza/index.jsp?data=01/08/2025&amp;jornal=515&amp;pagina=147" editionNumber="144" highlightType="" highlightPriority="" highlight="" highlightimage="" highlightimagename="" idMateria="22948776">
  <body>
    <Identifica />
    <Data><![CDATA[]]></Data>
    <Ementa />
    <Titulo />
    <SubTitulo />
    <Texto><![CDATA[<p /><p></p><table><tr /><tr><td rowspan="1" colspan="1"><p>2252</p></td><td rowspan="1" colspan="1"><p>07988993000605</p></td><td rowspan="1" colspan="1"><p>DROGARIA DA FABRICA LTDA.</p></td><td rowspan="1" colspan="1"><p>RN</p></td><td rowspan="1" colspan="1"><p>NATAL</p></td><td rowspan="1" colspan="1"><p>25000148275201204</p></td></tr><tr><td rowspan="1" colspan="1"><p>2253</p></td><td rowspan="1" colspan="1"><p>08415804000678</p></td><td rowspan="1" colspan="1"><p>DROGARIA GLOBO LTDA</p></td><td rowspan="1" colspan="1"><p>RN</p></td><td rowspan="1" colspan="1"><p>NATAL</p></td><td rowspan="1" colspan="1"><p>25000158179200618</p></td></tr><tr><td rowspan="1" colspan="1"><p>2254</p></td><td rowspan="1" colspan="1"><p>08415804002611</p></td><td rowspan="1" colspan="1"><p>DROGARIA GLOBO LTDA</p></td><td rowspan="1" colspan="1"><p>RN</p></td><td rowspan="1" colspan="1"><p>NATAL</p></td><td rowspan="1" colspan="1"><p>25000158179200618</p></td></tr><tr><td rowspan="1" colspan="1"><p>2255</p></td><td rowspan="1" colspan="1"><p>08415804003693</p></td><td rowspan="1" colspan="1"><p>DROGARIA GLOBO LTDA</p></td><td rowspan="1" colspan="1"><p>RN</p></td><td rowspan="1" colspan="1"><p>NATAL</p></td><td rowspan="1" colspan="1"><p>25000158179200618</p></td></tr><tr><td rowspan="1" colspan="1"><p>2256</p></td><td rowspan="1" colspan="1"><p>08415804001720</p></td><td rowspan="1" colspan="1"><p>DROGARIA GLOBO LTDA</p></td><td rowspan="1" colspan="1"><p>RN</p></td><td rowspan="1" colspan="1"><p>NATAL</p></td><td rowspan="1" colspan="1"><p>25000158179200618</p></td></tr><tr><td rowspan="1" colspan="1"><p>2257</p></td><td rowspan="1" colspan="1"><p>11828725000199</p></td><td rowspan="1" colspan="1"><p>EMPREENDIMENTOS GLOBO LTDA</p></td><td rowspan="1" colspan="1"><p>RN</p></td><td rowspan="1" colspan="1"><p>NATAL</p></td><td rowspan="1" colspan="1"><p>25000189529201074</p></td></tr><tr><td rowspan="1" colspan="1"><p>2258</p></td><td rowspan="1" colspan="1"><p>11828725001160</p></td><td rowspan="1" colspan="1"><p>EMPREENDIMENTOS GLOBO LTDA</p></td><td rowspan="1" colspan="1"><p>RN</p></td><td rowspan="1" colspan="1"><p>NATAL</p></td><td rowspan="1" colspan="1"><p>25000189529201074</p></td></tr><tr><td rowspan="1" colspan="1"><p>2259</p></td><td rowspan="1" colspan="1"><p>11828725003295</p></td><td rowspan="1" colspan="1"><p>EMPREENDIMENTOS GLOBO LTDA</p></td><td rowspan="1" colspan="1"><p>RN</p></td><td rowspan="1" colspan="1"><p>NATAL</p></td><td rowspan="1" colspan="1"><p>25000189529201074</p></td></tr><tr><td rowspan="1" colspan="1"><p>2260</p></td><td rowspan="1" colspan="1"><p>11828725003457</p></td><td rowspan="1" colspan="1"><p>EMPREENDIMENTOS GLOBO LTDA</p></td><td rowspan="1" colspan="1"><p>RN</p></td><td rowspan="1" colspan="1"><p>NATAL</p></td><td rowspan="1" colspan="1"><p>25000189529201074</p></td></tr><tr><td rowspan="1" colspan="1"><p>2261</p></td><td rowspan="1" colspan="1"><p>11828725000270</p></td><td rowspan="1" colspan="1"><p>EMPREENDIMENTOS GLOBO LTDA</p></td><td rowspan="1" colspan="1"><p>RN</p></td><td rowspan="1" colspan="1"><p>NATAL</p></td><td rowspan="1" colspan="1"><p>25000189529201074</p></td></tr><tr><td rowspan="1" colspan="1"><p>2262</p></td><td rowspan="1" colspan="1"><p>11828725001918</p></td><td rowspan="1" colspan="1"><p>EMPREENDIMENTOS GLOBO LTDA</p></td><td rowspan="1" colspan="1"><p>RN</p></td><td rowspan="1" colspan="1"><p>NATAL</p></td><td rowspan="1" colspan="1"><p>25000189529201074</p></td></tr><tr><td rowspan="1" colspan="1"><p>2263</p></td><td rowspan="1" colspan="1"><p>11828725001837</p></td><td rowspan="1" colspan="1"><p>EMPREENDIMENTOS GLOBO LTDA</p></td><td rowspan="1" colspan="1"><p>RN</p></td><td rowspan="1" colspan="1"><p>NATAL</p></td><td rowspan="1" colspan="1"><p>25000189529201074</p></td></tr><tr><td rowspan="1" colspan="1"><p>2264</p></td><td rowspan="1" colspan="1"><p>11828725003376</p></td><td rowspan="1" colspan="1"><p>EMPREENDIMENTOS GLOBO LTDA</p></td><td rowspan="1" colspan="1"><p>RN</p></td><td rowspan="1" colspan="1"><p>NATAL</p></td><td rowspan="1" colspan="1"><p>25000189529201074</p></td></tr><tr><td rowspan="1" colspan="1"><p>2265</p></td><td rowspan="1" colspan="1"><p>11828725001756</p></td><td rowspan="1" colspan="1"><p>EMPREENDIMENTOS GLOBO LTDA</p></td><td rowspan="1" colspan="1"><p>RN</p></td><td rowspan="1" colspan="1"><p>NATAL</p></td><td rowspan="1" colspan="1"><p>25000189529201074</p></td></tr><tr><td rowspan="1" colspan="1"><p>2266</p></td><td rowspan="1" colspan="1"><p>11828725001241</p></td><td rowspan="1" colspan="1"><p>EMPREENDIMENTOS GLOBO LTDA</p></td><td rowspan="1" colspan="1"><p>RN</p></td><td rowspan="1" colspan="1"><p>NATAL</p></td><td rowspan="1" colspan="1"><p>25000189529201074</p></td></tr><tr><td rowspan="1" colspan="1"><p>2267</p></td><td rowspan="1" colspan="1"><p>11828725000601</p></td><td rowspan="1" colspan="1"><p>EMPREENDIMENTOS GLOBO LTDA</p></td><td rowspan="1" colspan="1"><p>RN</p></td><td rowspan="1" colspan="1"><p>NATAL</p></td><td rowspan="1" colspan="1"><p>25000189529201074</p></td></tr><tr><td rowspan="1" colspan="1"><p>2268</p></td><td rowspan="1" colspan="1"><p>11828725000512</p></td><td rowspan="1" colspan="1"><p>EMPREENDIMENTOS GLOBO LTDA</p></td><td rowspan="1" colspan="1"><p>RN</p></td><td rowspan="1" colspan="1"><p>NATAL</p></td><td rowspan="1" colspan="1"><p>25000189529201074</p></td></tr><tr><td rowspan="1" colspan="1"><p>2269</p></td><td rowspan="1" colspan="1"><p>11828725002132</p></td><td rowspan="1" colspan="1"><p>EMPREENDIMENTOS GLOBO LTDA</p></td><td rowspan="1" colspan="1"><p>RN</p></td><td rowspan="1" colspan="1"><p>NATAL</p></td><td rowspan="1" colspan="1"><p>25000189529201074</p></td></tr><tr><td rowspan="1" colspan="1"><p>2270</p></td><td rowspan="1" colspan="1"><p>11828725001080</p></td><td rowspan="1" colspan="1"><p>EMPREENDIMENTOS GLOBO LTDA</p></td><td rowspan="1" colspan="1"><p>RN</p></td><td rowspan="1" colspan="1"><p>NATAL</p></td><td rowspan="1" colspan="1"><p>25000189529201074</p></td></tr><tr><td rowspan="1" colspan="1"><p>2271</p></td><td rowspan="1" colspan="1"><p>11828725002647</p></td><td rowspan="1" colspan="1"><p>EMPREENDIMENTOS GLOBO LTDA</p></td><td rowspan="1" colspan="1"><p>RN</p></td><td rowspan="1" colspan="1"><p>NATAL</p></td><td rowspan="1" colspan="1"><p>25000189529201074</p></td></tr><tr><td rowspan="1" colspan="1"><p>2272</p></td><td rowspan="1" colspan="1"><p>11828725002485</p></td><td rowspan="1" colspan="1"><p>EMPREENDIMENTOS GLOBO LTDA</p></td><td rowspan="1" colspan="1"><p>RN</p></td><td rowspan="1" colspan="1"><p>NATAL</p></td><td rowspan="1" colspan="1"><p>25000189529201074</p></td></tr><tr><td rowspan="1" colspan="1"><p>2273</p></td><td rowspan="1" colspan="1"><p>11828725003708</p></td><td rowspan="1" colspan="1"><p>EMPREENDIMENTOS GLOBO LTDA</p></td><td rowspan="1" colspan="1"><p>RN</p></td><td rowspan="1" colspan="1"><p>NATAL</p></td><td rowspan="1" colspan="1"><p>25000124652201121</p></td></tr><tr><td rowspan="1" colspan="1"><p>2274</p></td><td rowspan="1" colspan="1"><p>11828725002302</p></td><td rowspan="1" colspan="1"><p>EMPREENDIMENTOS GLOBO LTDA</p></td><td rowspan="1" colspan="1"><p>RN</p></td><td rowspan="1" colspan="1"><p>NATAL</p></td><td rowspan="1" colspan="1"><p>25000189529201074</p></td></tr><tr><td rowspan="1" colspan="1"><p>2275</p></td><td rowspan="1" colspan="1"><p>15563284000100</p></td><td rowspan="1" colspan="1"><p>FARMACIA DOS TRABALHADORES LTDA</p></td><td rowspan="1" colspan="1"><p>RN</p></td><td rowspan="1" colspan="1"><p>NATAL</p></td><td rowspan="1" colspan="1"><p>25000197815201275</p></td></tr><tr><td rowspan="1" colspan="1"><p>2276</p></td><td rowspan="1" colspan="1"><p>24363020000276</p></td><td rowspan="1" colspan="1"><p>J BEZERRA E FERNANDES LTDA</p></td><td rowspan="1" colspan="1"><p>RN</p></td><td rowspan="1" colspan="1"><p>NATAL</p></td><td rowspan="1" colspan="1"><p>25000036931200913</p></td></tr><tr><td rowspan="1" colspan="1"><p>2277</p></td><td rowspan="1" colspan="1"><p>08263762000192</p></td><td rowspan="1" colspan="1"><p>M. C. F. COMERCIO DE PRODUTOS DIETETICOS LTDA</p></td><td rowspan="1" colspan="1"><p>RN</p></td><td rowspan="1" colspan="1"><p>NATAL</p></td><td rowspan="1" colspan="1"><p>25000226119200805</p></td></tr><tr><td rowspan="1" colspan="1"><p>2278</p></td><td rowspan="1" colspan="1"><p>12039154000508</p></td><td rowspan="1" colspan="1"><p>ORGANIZACAO FARMACEUTICA RN LTDA</p></td><td rowspan="1" colspan="1"><p>RN</p></td><td rowspan="1" colspan="1"><p>NATAL</p></td><td rowspan="1" colspan="1"><p>25000212796201052</p></td></tr><tr><td rowspan="1" colspan="1"><p>2279</p></td><td rowspan="1" colspan="1"><p>12039154000419</p></td><td rowspan="1" colspan="1"><p>ORGANIZACAO FARMACEUTICA RN LTDA</p></td><td rowspan="1" colspan="1"><p>RN</p></td><td rowspan="1" colspan="1"><p>NATAL</p></td><td rowspan="1" colspan="1"><p>25000212796201052</p></td></tr><tr><td rowspan="1" colspan="1"><p>2280</p></td><td rowspan="1" colspan="1"><p>12039154000338</p></td><td rowspan="1" colspan="1"><p>ORGANIZACAO FARMACEUTICA RN LTDA</p></td><td rowspan="1" colspan="1"><p>RN</p></td><td rowspan="1" colspan="1"><p>NATAL</p></td><td rowspan="1" colspan="1"><p>25000212796201052</p></td></tr><tr><td rowspan="1" colspan="1"><p>2281</p></td><td rowspan="1" colspan="1"><p>07675304000521</p></td><td rowspan="1" colspan="1"><p>ORGANIZACOES FARMACEUTICAS NOBRE LTDA</p></td><td rowspan="1" colspan="1"><p>RN</p></td><td rowspan="1" colspan="1"><p>NATAL</p></td><td rowspan="1" colspan="1"><p>25000086043201166</p></td></tr><tr><td rowspan="1" colspan="1"><p>2282</p></td><td rowspan="1" colspan="1"><p>07178834000998</p></td><td rowspan="1" colspan="1"><p>SOCIEDADE FARMACEUTICA RIOGRANDENSE LTDA</p></td><td rowspan="1" colspan="1"><p>RN</p></td><td rowspan="1" colspan="1"><p>NATAL</p></td><td rowspan="1" colspan="1"><p>25000187300200619</p></td></tr><tr><td rowspan="1" colspan="1"><p>2283</p></td><td rowspan="1" colspan="1"><p>07178834000130</p></td><td rowspan="1" colspan="1"><p>SOCIEDADE FARMACEUTICA RIOGRANDENSE LTDA</p></td><td rowspan="1" colspan="1"><p>RN</p></td><td rowspan="1" colspan="1"><p>NATAL</p></td><td rowspan="1" colspan="1"><p>25000187300200619</p></td></tr><tr><td rowspan="1" colspan="1"><p>2284</p></td><td rowspan="1" colspan="1"><p>07178834000483</p></td><td rowspan="1" colspan="1"><p>SOCIEDADE FARMACEUTICA RIOGRANDENSE LTDA</p></td><td rowspan="1" colspan="1"><p>RN</p></td><td rowspan="1" colspan="1"><p>NATAL</p></td><td rowspan="1" colspan="1"><p>25000187300200619</p></td></tr><tr><td rowspan="1" colspan="1"><p>2285</p></td><td rowspan="1" colspan="1"><p>07178834000211</p></td><td rowspan="1" colspan="1"><p>SOCIEDADE FARMACEUTICA RIOGRANDENSE LTDA</p></td><td rowspan="1" colspan="1"><p>RN</p></td><td rowspan="1" colspan="1"><p>NATAL</p></td><td rowspan="1" colspan="1"><p>25000187300200619</p></td></tr><tr><td rowspan="1" colspan="1"><p>2286</p></td><td rowspan="1" colspan="1"><p>07178834000564</p></td><td rowspan="1" colspan="1"><p>SOCIEDADE FARMACEUTICA RIOGRANDENSE LTDA</p></td><td rowspan="1" colspan="1"><p>RN</p></td><td rowspan="1" colspan="1"><p>NATAL</p></td><td rowspan="1" colspan="1"><p>25000187300200619</p></td></tr><tr><td rowspan="1" colspan="1"><p>2287</p></td><td rowspan="1" colspan="1"><p>07178834000726</p></td><td rowspan="1" colspan="1"><p>SOCIEDADE FARMACEUTICA RIOGRANDENSE LTDA</p></td><td rowspan="1" colspan="1"><p>RN</p></td><td rowspan="1" colspan="1"><p>NATAL</p></td><td rowspan="1" colspan="1"><p>25000187300200619</p></td></tr><tr><td rowspan="1" colspan="1"><p>2288</p></td><td rowspan="1" colspan="1"><p>07178804000124</p></td><td rowspan="1" colspan="1"><p>UNIAO FARMACEUTICA POTIGUAR LTDA</p></td><td rowspan="1" colspan="1"><p>RN</p></td><td rowspan="1" colspan="1"><p>NATAL</p></td><td rowspan="1" colspan="1"><p>25000025760200905</p></td></tr><tr><td rowspan="1" colspan="1"><p>2289</p></td><td rowspan="1" colspan="1"><p>07178804000558</p></td><td rowspan="1" colspan="1"><p>UNIAO FARMACEUTICA POTIGUAR LTDA</p></td><td rowspan="1" colspan="1"><p>RN</p></td><td rowspan="1" colspan="1"><p>NATAL</p></td><td rowspan="1" colspan="1"><p>25000025760200905</p></td></tr><tr><td rowspan="1" colspan="1"><p>2290</p></td><td rowspan="1" colspan="1"><p>07178804000205</p></td><td rowspan="1" colspan="1"><p>UNIAO FARMACEUTICA POTIGUAR LTDA</p></td><td rowspan="1" colspan="1"><p>RN</p></td><td rowspan="1" colspan="1"><p>NATAL</p></td><td rowspan="1" colspan="1"><p>25000025760200905</p></td></tr><tr><td rowspan="1" colspan="1"><p>2291</p></td><td rowspan="1" colspan="1"><p>07178804000477</p></td><td rowspan="1" colspan="1"><p>UNIAO FARMACEUTICA POTIGUAR LTDA</p></td><td rowspan="1" colspan="1"><p>RN</p></td><td rowspan="1" colspan="1"><p>NATAL</p></td><td rowspan="1" colspan="1"><p>25000025760200905</p></td></tr><tr><td rowspan="1" colspan="1"><p>2292</p></td><td rowspan="1" colspan="1"><p>08380701000709</p></td><td rowspan="1" colspan="1"><p>UNIMED NATAL SOCIEDADE COOPERATIVA DE TRABALHO MEDICO</p></td><td rowspan="1" colspan="1"><p>RN</p></td><td rowspan="1" colspan="1"><p>NATAL</p></td><td rowspan="1" colspan="1"><p>25000163800201211</p></td></tr><tr><td rowspan="1" colspan="1"><p>2293</p></td><td rowspan="1" colspan="1"><p>07178804000809</p></td><td rowspan="1" colspan="1"><p>UNIAO FARMACEUTICA POTIGUAR LTDA</p></td><td rowspan="1" colspan="1"><p>RN</p></td><td rowspan="1" colspan="1"><p>NOVA CRUZ</p></td><td rowspan="1" colspan="1"><p>25000025760200905</p></td></tr><tr><td rowspan="1" colspan="1"><p>2294</p></td><td rowspan="1" colspan="1"><p>12751095000245</p></td><td rowspan="1" colspan="1"><p>DROGARIA &amp; CONVENIENCIA ESPIRITO SANTO LTDA ME</p></td><td rowspan="1" colspan="1"><p>RN</p></td><td rowspan="1" colspan="1"><p>PARNAMIRIM</p></td><td rowspan="1" colspan="1"><p>25000131243200885</p></td></tr><tr><td rowspan="1" colspan="1"><p>2295</p></td><td rowspan="1" colspan="1"><p>24362493000410</p></td><td rowspan="1" colspan="1"><p>DROGARIA AMADEUS LTDA</p></td><td rowspan="1" colspan="1"><p>RN</p></td><td rowspan="1" colspan="1"><p>PARNAMIRIM</p></td><td rowspan="1" colspan="1"><p>25000057032200873</p></td></tr><tr><td rowspan="1" colspan="1"><p>2296</p></td><td rowspan="1" colspan="1"><p>24362493000925</p></td><td rowspan="1" colspan="1"><p>DROGARIA AMADEUS LTDA</p></td><td rowspan="1" colspan="1"><p>RN</p></td><td rowspan="1" colspan="1"><p>PARNAMIRIM</p></td><td rowspan="1" colspan="1"><p>25000057032200873</p></td></tr><tr><td rowspan="1" colspan="1"><p>2297</p></td><td rowspan="1" colspan="1"><p>07988993000796</p></td><td rowspan="1" colspan="1"><p>DROGARIA DA FABRICA LTDA.</p></td><td rowspan="1" colspan="1"><p>RN</p></td><td rowspan="1" colspan="1"><p>PARNAMIRIM</p></td><td rowspan="1" colspan="1"><p>25000148275201204</p></td></tr><tr><td rowspan="1" colspan="1"><p>2298</p></td><td rowspan="1" colspan="1"><p>11828725002213</p></td><td rowspan="1" colspan="1"><p>EMPREENDIMENTOS GLOBO LTDA</p></td><td rowspan="1" colspan="1"><p>RN</p></td><td rowspan="1" colspan="1"><p>PARNAMIRIM</p></td><td rowspan="1" colspan="1"><p>25000189529201074</p></td></tr><tr><td rowspan="1" colspan="1"><p>2299</p></td><td rowspan="1" colspan="1"><p>11828725002728</p></td><td rowspan="1" colspan="1"><p>EMPREENDIMENTOS GLOBO LTDA</p></td><td rowspan="1" colspan="1"><p>RN</p></td><td rowspan="1" colspan="1"><p>PARNAMIRIM</p></td><td rowspan="1" colspan="1"><p>25000189529201074</p></td></tr><tr><td rowspan="1" colspan="1"><p>2300</p></td><td rowspan="1" colspan="1"><p>10716983000200</p></td><td rowspan="1" colspan="1"><p>FARMACIA SAEDI LTDA</p></td><td rowspan="1" colspan="1"><p>RN</p></td><td rowspan="1" colspan="1"><p>PARNAMIRIM</p></td><td rowspan="1" colspan="1"><p>25000097585200605</p></td></tr><tr><td rowspan="1" colspan="1"><p>2301</p></td><td rowspan="1" colspan="1"><p>10716983000382</p></td><td rowspan="1" colspan="1"><p>FARMACIA SAEDI LTDA</p></td><td rowspan="1" colspan="1"><p>RN</p></td><td rowspan="1" colspan="1"><p>PARNAMIRIM</p></td><td rowspan="1" colspan="1"><p>25000097585200605</p></td></tr><tr><td rowspan="1" colspan="1"><p>2302</p></td><td rowspan="1" colspan="1"><p>07178834000807</p></td><td rowspan="1" colspan="1"><p>SOCIEDADE FARMACEUTICA RIOGRANDENSE LTDA</p></td><td rowspan="1" colspan="1"><p>RN</p></td><td rowspan="1" colspan="1"><p>PARNAMIRIM</p></td><td rowspan="1" colspan="1"><p>25000187300200619</p></td></tr><tr><td rowspan="1" colspan="1"><p>2303</p></td><td rowspan="1" colspan="1"><p>08711928000196</p></td><td rowspan="1" colspan="1"><p>DROGARIA BOAS NOVAS LTDA</p></td><td rowspan="1" colspan="1"><p>RN</p></td><td rowspan="1" colspan="1"><p>RAFAEL FERNANDES</p></td><td rowspan="1" colspan="1"><p>25000119747201475</p></td></tr><tr><td rowspan="1" colspan="1"><p>2304</p></td><td rowspan="1" colspan="1"><p>06134459000830</p></td><td rowspan="1" colspan="1"><p>EMPREENDIMENTOS FARMACEUTICOS IRMA DULCE LTDA</p></td><td rowspan="1" colspan="1"><p>RN</p></td><td rowspan="1" colspan="1"><p>SANTA CRUZ</p></td><td rowspan="1" colspan="1"><p>25000025771200987</p></td></tr><tr><td rowspan="1" colspan="1"><p>2305</p></td><td rowspan="1" colspan="1"><p>07178804000710</p></td><td rowspan="1" colspan="1"><p>UNIAO FARMACEUTICA POTIGUAR LTDA</p></td><td rowspan="1" colspan="1"><p>RN</p></td><td rowspan="1" colspan="1"><p>SANTO ANTONIO</p></td><td rowspan="1" colspan="1"><p>25000025760200905</p></td></tr><tr><td rowspan="1" colspan="1"><p>2306</p></td><td rowspan="1" colspan="1"><p>07178834000300</p></td><td rowspan="1" colspan="1"><p>SOCIEDADE FARMACEUTICA RIOGRANDENSE LTDA</p></td><td rowspan="1" colspan="1"><p>RN</p></td><td rowspan="1" colspan="1"><p>SAO GONCALO DO AMARANTE</p></td><td rowspan="1" colspan="1"><p>25000187300200619</p></td></tr><tr><td rowspan="1" colspan="1"><p>2307</p></td><td rowspan="1" colspan="1"><p>18288333000123</p></td><td rowspan="1" colspan="1"><p>FARMACIA SAO MIGUEL LTDA</p></td><td rowspan="1" colspan="1"><p>RN</p></td><td rowspan="1" colspan="1"><p>SAO MIGUEL</p></td><td rowspan="1" colspan="1"><p>25000137109201436</p></td></tr><tr><td rowspan="1" colspan="1"><p>2308</p></td><td rowspan="1" colspan="1"><p>10526331000202</p></td><td rowspan="1" colspan="1"><p>FIRMINA MARIA DA CONCEICAO</p></td><td rowspan="1" colspan="1"><p>RN</p></td><td rowspan="1" colspan="1"><p>SAO MIGUEL</p></td><td rowspan="1" colspan="1"><p>25000005333201117</p></td></tr><tr><td rowspan="1" colspan="1"><p>2309</p></td><td rowspan="1" colspan="1"><p>02649933000130</p></td><td rowspan="1" colspan="1"><p>GERALDO BEZERRA NUNES</p></td><td rowspan="1" colspan="1"><p>RN</p></td><td rowspan="1" colspan="1"><p>SAO MIGUEL</p></td><td rowspan="1" colspan="1"><p>25000119818201359</p></td></tr><tr><td rowspan="1" colspan="1"><p>2310</p></td><td rowspan="1" colspan="1"><p>05369766000161</p></td><td rowspan="1" colspan="1"><p>FARMASERRA COMERCIO DE PRODUTOS FARMACEUTICOS LTDA</p></td><td rowspan="1" colspan="1"><p>RN</p></td><td rowspan="1" colspan="1"><p>SERRA NEGRA DO NORTE</p></td><td rowspan="1" colspan="1"><p>25000127199201376</p></td></tr><tr><td rowspan="1" colspan="1"><p>2311</p></td><td rowspan="1" colspan="1"><p>04230271000194</p></td><td rowspan="1" colspan="1"><p>ABRANTES &amp; FERNANDES LTDA</p></td><td rowspan="1" colspan="1"><p>RO</p></td><td rowspan="1" colspan="1"><p>ARIQUEMES</p></td><td rowspan="1" colspan="1"><p>25000170131201226</p></td></tr><tr><td rowspan="1" colspan="1"><p>2312</p></td><td rowspan="1" colspan="1"><p>08068518000411</p></td><td rowspan="1" colspan="1"><p>DROGARIA DA ECONOMIA LTDA</p></td><td rowspan="1" colspan="1"><p>RO</p></td><td rowspan="1" colspan="1"><p>ARIQUEMES</p></td><td rowspan="1" colspan="1"><p>25000138798201153</p></td></tr><tr><td rowspan="1" colspan="1"><p>2313</p></td><td rowspan="1" colspan="1"><p>08068518000330</p></td><td rowspan="1" colspan="1"><p>DROGARIA DA ECONOMIA LTDA</p></td><td rowspan="1" colspan="1"><p>RO</p></td><td rowspan="1" colspan="1"><p>ARIQUEMES</p></td><td rowspan="1" colspan="1"><p>25000138798201153</p></td></tr><tr><td rowspan="1" colspan="1"><p>2314</p></td><td rowspan="1" colspan="1"><p>08068518000250</p></td><td rowspan="1" colspan="1"><p>DROGARIA DA ECONOMIA LTDA</p></td><td rowspan="1" colspan="1"><p>RO</p></td><td rowspan="1" colspan="1"><p>ARIQUEMES</p></td><td rowspan="1" colspan="1"><p>25000138798201153</p></td></tr><tr><td rowspan="1" colspan="1"><p>2315</p></td><td rowspan="1" colspan="1"><p>05782693000216</p></td><td rowspan="1" colspan="1"><p>FARMACIA E DROGARIA PARANA LTDA</p></td><td rowspan="1" colspan="1"><p>RO</p></td><td rowspan="1" colspan="1"><p>ARIQUEMES</p></td><td rowspan="1" colspan="1"><p>25000134618200605</p></td></tr><tr><td rowspan="1" colspan="1"><p>2316</p></td><td rowspan="1" colspan="1"><p>04592575000100</p></td><td rowspan="1" colspan="1"><p>PAULISTA COMERCIO DE MEDICAMENTOS LTDA</p></td><td rowspan="1" colspan="1"><p>RO</p></td><td rowspan="1" colspan="1"><p>ARIQUEMES</p></td><td rowspan="1" colspan="1"><p>25000171398201231</p></td></tr><tr><td rowspan="1" colspan="1"><p>2317</p></td><td rowspan="1" colspan="1"><p>17978367000187</p></td><td rowspan="1" colspan="1"><p>R S DE OLIVEIRA MEDICAMENTOS</p></td><td rowspan="1" colspan="1"><p>RO</p></td><td rowspan="1" colspan="1"><p>CACOAL</p></td><td rowspan="1" colspan="1"><p>25000151808201499</p></td></tr></table>]]></Texto>
  </body>
  <Midias />
</article></xml>