﻿<xml><article id="44735903" name="Portaria FP 31 07 2025 Descreden" idOficio="11191432" pubName="DO1" artType="Despacho" pubDate="01/08/2025" artClass="00047:00039:00000:00000:00000:00000:00000:00000:00000:00000:00024:00000" artCategory="Ministério da Saúde/Secretaria de Ciência, Tecnologia e Inovação e do Complexo Econômico-Industrial da Saúde" artSize="24" artNotes="" numberPage="164" pdfPage="http://pesquisa.in.gov.br/imprensa/jsp/visualiza/index.jsp?data=01/08/2025&amp;jornal=515&amp;pagina=164" editionNumber="144" highlightType="" highlightPriority="" highlight="" highlightimage="" highlightimagename="" idMateria="22948776">
  <body>
    <Identifica />
    <Data><![CDATA[]]></Data>
    <Ementa />
    <Titulo />
    <SubTitulo />
    <Texto><![CDATA[<p /><p></p><table><tr /><tr><td rowspan="1" colspan="1"><p>3617</p></td><td rowspan="1" colspan="1"><p>65851719000181</p></td><td rowspan="1" colspan="1"><p>RUFINO - CURSOS E TREINAMENTO PROFISSIONAL LTDA</p></td><td rowspan="1" colspan="1"><p>SP</p></td><td rowspan="1" colspan="1"><p>PRESIDENTE PRUDENTE</p></td><td rowspan="1" colspan="1"><p>25000085471200612</p></td></tr><tr><td rowspan="1" colspan="1"><p>3618</p></td><td rowspan="1" colspan="1"><p>05291972000104</p></td><td rowspan="1" colspan="1"><p>SANTA RITA MEDICAMENTOS LTDA</p></td><td rowspan="1" colspan="1"><p>SP</p></td><td rowspan="1" colspan="1"><p>PRESIDENTE PRUDENTE</p></td><td rowspan="1" colspan="1"><p>25000026150200911</p></td></tr><tr><td rowspan="1" colspan="1"><p>3619</p></td><td rowspan="1" colspan="1"><p>00063960023737</p></td><td rowspan="1" colspan="1"><p>WMB SUPERMERCADOS DO BRASIL LTDA.</p></td><td rowspan="1" colspan="1"><p>SP</p></td><td rowspan="1" colspan="1"><p>PRESIDENTE PRUDENTE</p></td><td rowspan="1" colspan="1"><p>25000086421201292</p></td></tr><tr><td rowspan="1" colspan="1"><p>3620</p></td><td rowspan="1" colspan="1"><p>11973689000157</p></td><td rowspan="1" colspan="1"><p>PETERSON FABIANO LOPES DROGARIA</p></td><td rowspan="1" colspan="1"><p>SP</p></td><td rowspan="1" colspan="1"><p>QUELUZ</p></td><td rowspan="1" colspan="1"><p>25000086032201186</p></td></tr><tr><td rowspan="1" colspan="1"><p>3621</p></td><td rowspan="1" colspan="1"><p>09291793000110</p></td><td rowspan="1" colspan="1"><p>DROGARIA MULTI FARMA REGENTE FEIJO LTDA</p></td><td rowspan="1" colspan="1"><p>SP</p></td><td rowspan="1" colspan="1"><p>REGENTE FEIJO</p></td><td rowspan="1" colspan="1"><p>25000067494201102</p></td></tr><tr><td rowspan="1" colspan="1"><p>3622</p></td><td rowspan="1" colspan="1"><p>20755177000105</p></td><td rowspan="1" colspan="1"><p>COLLACO &amp; RUA COMERCIO DE MEDICAMENTOS LTDA.</p></td><td rowspan="1" colspan="1"><p>SP</p></td><td rowspan="1" colspan="1"><p>REGISTRO</p></td><td rowspan="1" colspan="1"><p>25000006475201525</p></td></tr><tr><td rowspan="1" colspan="1"><p>3623</p></td><td rowspan="1" colspan="1"><p>12433291000190</p></td><td rowspan="1" colspan="1"><p>JOSE GIACOMO BRUNERI</p></td><td rowspan="1" colspan="1"><p>SP</p></td><td rowspan="1" colspan="1"><p>REGISTRO</p></td><td rowspan="1" colspan="1"><p>25000152211201461</p></td></tr><tr><td rowspan="1" colspan="1"><p>3624</p></td><td rowspan="1" colspan="1"><p>09248467000120</p></td><td rowspan="1" colspan="1"><p>MARCIA CRISTINA RIBEIRO RIBOSKI</p></td><td rowspan="1" colspan="1"><p>SP</p></td><td rowspan="1" colspan="1"><p>REGISTRO</p></td><td rowspan="1" colspan="1"><p>25000526427200919</p></td></tr><tr><td rowspan="1" colspan="1"><p>3625</p></td><td rowspan="1" colspan="1"><p>19363304000141</p></td><td rowspan="1" colspan="1"><p>DROGARIA FARMA10 RIBEIRAO BRANCO LTDA</p></td><td rowspan="1" colspan="1"><p>SP</p></td><td rowspan="1" colspan="1"><p>RIBEIRAO BRANCO</p></td><td rowspan="1" colspan="1"><p>25000141663201418</p></td></tr><tr><td rowspan="1" colspan="1"><p>3626</p></td><td rowspan="1" colspan="1"><p>47508411148650</p></td><td rowspan="1" colspan="1"><p>COMPANHIA BRASILEIRA DE DISTRIBUICAO</p></td><td rowspan="1" colspan="1"><p>SP</p></td><td rowspan="1" colspan="1"><p>RIBEIRAO PIRES</p></td><td rowspan="1" colspan="1"><p>25000078311200617</p></td></tr><tr><td rowspan="1" colspan="1"><p>3627</p></td><td rowspan="1" colspan="1"><p>10931824000139</p></td><td rowspan="1" colspan="1"><p>DROGARIA SANTIAGO MAUA LTDA</p></td><td rowspan="1" colspan="1"><p>SP</p></td><td rowspan="1" colspan="1"><p>RIBEIRAO PIRES</p></td><td rowspan="1" colspan="1"><p>25000182144201086</p></td></tr><tr><td rowspan="1" colspan="1"><p>3628</p></td><td rowspan="1" colspan="1"><p>10931824000210</p></td><td rowspan="1" colspan="1"><p>DROGARIA SANTIAGO MAUA LTDA</p></td><td rowspan="1" colspan="1"><p>SP</p></td><td rowspan="1" colspan="1"><p>RIBEIRAO PIRES</p></td><td rowspan="1" colspan="1"><p>25000182144201086</p></td></tr><tr><td rowspan="1" colspan="1"><p>3629</p></td><td rowspan="1" colspan="1"><p>60605664032571</p></td><td rowspan="1" colspan="1"><p>RAIA S.A.</p></td><td rowspan="1" colspan="1"><p>SP</p></td><td rowspan="1" colspan="1"><p>RIBEIRAO PIRES</p></td><td rowspan="1" colspan="1"><p>25000044144200696</p></td></tr><tr><td rowspan="1" colspan="1"><p>3630</p></td><td rowspan="1" colspan="1"><p>06266262000774</p></td><td rowspan="1" colspan="1"><p>AGUIA FARMA FARMACEUTICA EIRELI</p></td><td rowspan="1" colspan="1"><p>SP</p></td><td rowspan="1" colspan="1"><p>RIBEIRAO PRETO</p></td><td rowspan="1" colspan="1"><p>25000013893201145</p></td></tr><tr><td rowspan="1" colspan="1"><p>3631</p></td><td rowspan="1" colspan="1"><p>06266262000855</p></td><td rowspan="1" colspan="1"><p>AGUIA FARMA FARMACEUTICA EIRELI</p></td><td rowspan="1" colspan="1"><p>SP</p></td><td rowspan="1" colspan="1"><p>RIBEIRAO PRETO</p></td><td rowspan="1" colspan="1"><p>25000013893201145</p></td></tr><tr><td rowspan="1" colspan="1"><p>3632</p></td><td rowspan="1" colspan="1"><p>06266262000260</p></td><td rowspan="1" colspan="1"><p>AGUIA FARMA FARMACEUTICA EIRELI</p></td><td rowspan="1" colspan="1"><p>SP</p></td><td rowspan="1" colspan="1"><p>RIBEIRAO PRETO</p></td><td rowspan="1" colspan="1"><p>25000013893201145</p></td></tr><tr><td rowspan="1" colspan="1"><p>3633</p></td><td rowspan="1" colspan="1"><p>00326238000101</p></td><td rowspan="1" colspan="1"><p>BOTICA DA BELEZA PERFUMARIA E COSMETICOS LTDA</p></td><td rowspan="1" colspan="1"><p>SP</p></td><td rowspan="1" colspan="1"><p>RIBEIRAO PRETO</p></td><td rowspan="1" colspan="1"><p>25000197091201006</p></td></tr><tr><td rowspan="1" colspan="1"><p>3634</p></td><td rowspan="1" colspan="1"><p>01017703000195</p></td><td rowspan="1" colspan="1"><p>DROGA DIET DROGARIA EIRELI</p></td><td rowspan="1" colspan="1"><p>SP</p></td><td rowspan="1" colspan="1"><p>RIBEIRAO PRETO</p></td><td rowspan="1" colspan="1"><p>25000087169200771</p></td></tr><tr><td rowspan="1" colspan="1"><p>3635</p></td><td rowspan="1" colspan="1"><p>08711648000340</p></td><td rowspan="1" colspan="1"><p>DROGARIA DUFARMA LTDA</p></td><td rowspan="1" colspan="1"><p>SP</p></td><td rowspan="1" colspan="1"><p>RIBEIRAO PRETO</p></td><td rowspan="1" colspan="1"><p>25000161688201357</p></td></tr><tr><td rowspan="1" colspan="1"><p>3636</p></td><td rowspan="1" colspan="1"><p>07075875000100</p></td><td rowspan="1" colspan="1"><p>DROGARIA NOVA PAULISTA DE RIBEIRAO PRETO LTDA</p></td><td rowspan="1" colspan="1"><p>SP</p></td><td rowspan="1" colspan="1"><p>RIBEIRAO PRETO</p></td><td rowspan="1" colspan="1"><p>25000165073200671</p></td></tr><tr><td rowspan="1" colspan="1"><p>3637</p></td><td rowspan="1" colspan="1"><p>48461479000190</p></td><td rowspan="1" colspan="1"><p>DROGARIA ROBINI &amp; FORATO LTDA.</p></td><td rowspan="1" colspan="1"><p>SP</p></td><td rowspan="1" colspan="1"><p>RIBEIRAO PRETO</p></td><td rowspan="1" colspan="1"><p>25000012599200900</p></td></tr><tr><td rowspan="1" colspan="1"><p>3638</p></td><td rowspan="1" colspan="1"><p>55992358005360</p></td><td rowspan="1" colspan="1"><p>DROGAVIDA COMERCIAL DE DROGAS LTDA.</p></td><td rowspan="1" colspan="1"><p>SP</p></td><td rowspan="1" colspan="1"><p>RIBEIRAO PRETO</p></td><td rowspan="1" colspan="1"><p>25000044368200612</p></td></tr><tr><td rowspan="1" colspan="1"><p>3639</p></td><td rowspan="1" colspan="1"><p>02475070000121</p></td><td rowspan="1" colspan="1"><p>DRUGSTAR MEDICAMENTOS LTDA</p></td><td rowspan="1" colspan="1"><p>SP</p></td><td rowspan="1" colspan="1"><p>RIBEIRAO PRETO</p></td><td rowspan="1" colspan="1"><p>25000084742200612</p></td></tr><tr><td rowspan="1" colspan="1"><p>3640</p></td><td rowspan="1" colspan="1"><p>10853753000101</p></td><td rowspan="1" colspan="1"><p>EMIFRAN COMERCIO VAREJISTA DE PRODUTOS FARMACEUTICOS LTDA</p></td><td rowspan="1" colspan="1"><p>SP</p></td><td rowspan="1" colspan="1"><p>RIBEIRAO PRETO</p></td><td rowspan="1" colspan="1"><p>25000097571201060</p></td></tr><tr><td rowspan="1" colspan="1"><p>3641</p></td><td rowspan="1" colspan="1"><p>04122463000420</p></td><td rowspan="1" colspan="1"><p>GISELE MATIUSSE FURUZAWA</p></td><td rowspan="1" colspan="1"><p>SP</p></td><td rowspan="1" colspan="1"><p>RIBEIRAO PRETO</p></td><td rowspan="1" colspan="1"><p>25000079970201120</p></td></tr><tr><td rowspan="1" colspan="1"><p>3642</p></td><td rowspan="1" colspan="1"><p>04122463000691</p></td><td rowspan="1" colspan="1"><p>GISELE MATIUSSE FURUZAWA</p></td><td rowspan="1" colspan="1"><p>SP</p></td><td rowspan="1" colspan="1"><p>RIBEIRAO PRETO</p></td><td rowspan="1" colspan="1"><p>25000079970201120</p></td></tr><tr><td rowspan="1" colspan="1"><p>3643</p></td><td rowspan="1" colspan="1"><p>04122463000268</p></td><td rowspan="1" colspan="1"><p>GISELE MATIUSSE FURUZAWA</p></td><td rowspan="1" colspan="1"><p>SP</p></td><td rowspan="1" colspan="1"><p>RIBEIRAO PRETO</p></td><td rowspan="1" colspan="1"><p>25000079970201120</p></td></tr><tr><td rowspan="1" colspan="1"><p>3644</p></td><td rowspan="1" colspan="1"><p>04122463000500</p></td><td rowspan="1" colspan="1"><p>GISELE MATIUSSE FURUZAWA</p></td><td rowspan="1" colspan="1"><p>SP</p></td><td rowspan="1" colspan="1"><p>RIBEIRAO PRETO</p></td><td rowspan="1" colspan="1"><p>25000079970201120</p></td></tr><tr><td rowspan="1" colspan="1"><p>3645</p></td><td rowspan="1" colspan="1"><p>15184160000105</p></td><td rowspan="1" colspan="1"><p>J.G. FERREIRA DROGARIA LTDA</p></td><td rowspan="1" colspan="1"><p>SP</p></td><td rowspan="1" colspan="1"><p>RIBEIRAO PRETO</p></td><td rowspan="1" colspan="1"><p>25000127935201396</p></td></tr><tr><td rowspan="1" colspan="1"><p>3646</p></td><td rowspan="1" colspan="1"><p>02001328000158</p></td><td rowspan="1" colspan="1"><p>MARIA REGINA MAGAZONI GONCALVES LTDA</p></td><td rowspan="1" colspan="1"><p>SP</p></td><td rowspan="1" colspan="1"><p>RIBEIRAO PRETO</p></td><td rowspan="1" colspan="1"><p>25000025128200953</p></td></tr><tr><td rowspan="1" colspan="1"><p>3647</p></td><td rowspan="1" colspan="1"><p>13521226000180</p></td><td rowspan="1" colspan="1"><p>OLIVEIRA &amp; SILVA DROGARIA LTDA</p></td><td rowspan="1" colspan="1"><p>SP</p></td><td rowspan="1" colspan="1"><p>RIBEIRAO PRETO</p></td><td rowspan="1" colspan="1"><p>25000001035201239</p></td></tr><tr><td rowspan="1" colspan="1"><p>3648</p></td><td rowspan="1" colspan="1"><p>18827548000175</p></td><td rowspan="1" colspan="1"><p>PINHEIRO APOIO ADMINISTRATIVO LTDA</p></td><td rowspan="1" colspan="1"><p>SP</p></td><td rowspan="1" colspan="1"><p>RIBEIRAO PRETO</p></td><td rowspan="1" colspan="1"><p>25000148790201448</p></td></tr><tr><td rowspan="1" colspan="1"><p>3649</p></td><td rowspan="1" colspan="1"><p>61585865083936</p></td><td rowspan="1" colspan="1"><p>RAIA DROGASIL S/A</p></td><td rowspan="1" colspan="1"><p>SP</p></td><td rowspan="1" colspan="1"><p>RIBEIRAO PRETO</p></td><td rowspan="1" colspan="1"><p>25000044114200696</p></td></tr><tr><td rowspan="1" colspan="1"><p>3650</p></td><td rowspan="1" colspan="1"><p>60605664006147</p></td><td rowspan="1" colspan="1"><p>RAIA S.A.</p></td><td rowspan="1" colspan="1"><p>SP</p></td><td rowspan="1" colspan="1"><p>RIBEIRAO PRETO</p></td><td rowspan="1" colspan="1"><p>25000044144200696</p></td></tr><tr><td rowspan="1" colspan="1"><p>3651</p></td><td rowspan="1" colspan="1"><p>60605664019478</p></td><td rowspan="1" colspan="1"><p>RAIA S.A.</p></td><td rowspan="1" colspan="1"><p>SP</p></td><td rowspan="1" colspan="1"><p>RIBEIRAO PRETO</p></td><td rowspan="1" colspan="1"><p>25000044144200696</p></td></tr><tr><td rowspan="1" colspan="1"><p>3652</p></td><td rowspan="1" colspan="1"><p>60605664032490</p></td><td rowspan="1" colspan="1"><p>RAIA S.A.</p></td><td rowspan="1" colspan="1"><p>SP</p></td><td rowspan="1" colspan="1"><p>RIBEIRAO PRETO</p></td><td rowspan="1" colspan="1"><p>25000044144200696</p></td></tr><tr><td rowspan="1" colspan="1"><p>3653</p></td><td rowspan="1" colspan="1"><p>60605664003474</p></td><td rowspan="1" colspan="1"><p>RAIA S.A.</p></td><td rowspan="1" colspan="1"><p>SP</p></td><td rowspan="1" colspan="1"><p>RIBEIRAO PRETO</p></td><td rowspan="1" colspan="1"><p>25000044144200696</p></td></tr><tr><td rowspan="1" colspan="1"><p>3654</p></td><td rowspan="1" colspan="1"><p>60605664031508</p></td><td rowspan="1" colspan="1"><p>RAIA S.A.</p></td><td rowspan="1" colspan="1"><p>SP</p></td><td rowspan="1" colspan="1"><p>RIBEIRAO PRETO</p></td><td rowspan="1" colspan="1"><p>25000044144200696</p></td></tr><tr><td rowspan="1" colspan="1"><p>3655</p></td><td rowspan="1" colspan="1"><p>60605664029007</p></td><td rowspan="1" colspan="1"><p>RAIA S.A.</p></td><td rowspan="1" colspan="1"><p>SP</p></td><td rowspan="1" colspan="1"><p>RIBEIRAO PRETO</p></td><td rowspan="1" colspan="1"><p>25000044144200696</p></td></tr><tr><td rowspan="1" colspan="1"><p>3656</p></td><td rowspan="1" colspan="1"><p>01102049000541</p></td><td rowspan="1" colspan="1"><p>ROSELI MATIUSSE FURUZAWA APOIO ADMINISTRATIVO LTDA</p></td><td rowspan="1" colspan="1"><p>SP</p></td><td rowspan="1" colspan="1"><p>RIBEIRAO PRETO</p></td><td rowspan="1" colspan="1"><p>25000218356201017</p></td></tr><tr><td rowspan="1" colspan="1"><p>3657</p></td><td rowspan="1" colspan="1"><p>05307684000192</p></td><td rowspan="1" colspan="1"><p>WANDERSON CARREIRA DE ALMEIDA DROGARIA</p></td><td rowspan="1" colspan="1"><p>SP</p></td><td rowspan="1" colspan="1"><p>RIBEIRAO PRETO</p></td><td rowspan="1" colspan="1"><p>25000162135201311</p></td></tr><tr><td rowspan="1" colspan="1"><p>3658</p></td><td rowspan="1" colspan="1"><p>08803411000127</p></td><td rowspan="1" colspan="1"><p>CORSI &amp; MAZOLLA DROGARIA LTDA</p></td><td rowspan="1" colspan="1"><p>SP</p></td><td rowspan="1" colspan="1"><p>RINCAO</p></td><td rowspan="1" colspan="1"><p>25000008583200994</p></td></tr><tr><td rowspan="1" colspan="1"><p>3659</p></td><td rowspan="1" colspan="1"><p>58195413004146</p></td><td rowspan="1" colspan="1"><p>DROGAN DROGARIAS LTDA</p></td><td rowspan="1" colspan="1"><p>SP</p></td><td rowspan="1" colspan="1"><p>RIO CLARO</p></td><td rowspan="1" colspan="1"><p>25000027030200931</p></td></tr><tr><td rowspan="1" colspan="1"><p>3660</p></td><td rowspan="1" colspan="1"><p>09545281000132</p></td><td rowspan="1" colspan="1"><p>DROGARIA CERVEZAO LTDA</p></td><td rowspan="1" colspan="1"><p>SP</p></td><td rowspan="1" colspan="1"><p>RIO CLARO</p></td><td rowspan="1" colspan="1"><p>25000145054201195</p></td></tr><tr><td rowspan="1" colspan="1"><p>3661</p></td><td rowspan="1" colspan="1"><p>65001240000156</p></td><td rowspan="1" colspan="1"><p>FARMACIA E DROGARIA PASETO EIRELI</p></td><td rowspan="1" colspan="1"><p>SP</p></td><td rowspan="1" colspan="1"><p>RIO CLARO</p></td><td rowspan="1" colspan="1"><p>25000017979200922</p></td></tr><tr><td rowspan="1" colspan="1"><p>3662</p></td><td rowspan="1" colspan="1"><p>60605664002230</p></td><td rowspan="1" colspan="1"><p>RAIA S.A.</p></td><td rowspan="1" colspan="1"><p>SP</p></td><td rowspan="1" colspan="1"><p>RIO CLARO</p></td><td rowspan="1" colspan="1"><p>25000044144200696</p></td></tr><tr><td rowspan="1" colspan="1"><p>3663</p></td><td rowspan="1" colspan="1"><p>60605664032229</p></td><td rowspan="1" colspan="1"><p>RAIA S.A.</p></td><td rowspan="1" colspan="1"><p>SP</p></td><td rowspan="1" colspan="1"><p>RIO CLARO</p></td><td rowspan="1" colspan="1"><p>25000044144200696</p></td></tr><tr><td rowspan="1" colspan="1"><p>3664</p></td><td rowspan="1" colspan="1"><p>00063960033023</p></td><td rowspan="1" colspan="1"><p>WMB SUPERMERCADOS DO BRASIL LTDA.</p></td><td rowspan="1" colspan="1"><p>SP</p></td><td rowspan="1" colspan="1"><p>RIO CLARO</p></td><td rowspan="1" colspan="1"><p>25000086421201292</p></td></tr><tr><td rowspan="1" colspan="1"><p>3665</p></td><td rowspan="1" colspan="1"><p>03370933000169</p></td><td rowspan="1" colspan="1"><p>DROGARIA STANDERSKI LTDA</p></td><td rowspan="1" colspan="1"><p>SP</p></td><td rowspan="1" colspan="1"><p>RIO GRANDE DA SERRA</p></td><td rowspan="1" colspan="1"><p>25000054236200691</p></td></tr><tr><td rowspan="1" colspan="1"><p>3666</p></td><td rowspan="1" colspan="1"><p>46302733000181</p></td><td rowspan="1" colspan="1"><p>PERFUMARIA JARDIM VERA CRUZ LTDA</p></td><td rowspan="1" colspan="1"><p>SP</p></td><td rowspan="1" colspan="1"><p>RIO GRANDE DA SERRA</p></td><td rowspan="1" colspan="1"><p>25000005307200974</p></td></tr><tr><td rowspan="1" colspan="1"><p>3667</p></td><td rowspan="1" colspan="1"><p>14372715000180</p></td><td rowspan="1" colspan="1"><p>DROGARIA FERNANDES E FERNANDES RIVERSUL LTDA.</p></td><td rowspan="1" colspan="1"><p>SP</p></td><td rowspan="1" colspan="1"><p>RIVERSUL</p></td><td rowspan="1" colspan="1"><p>25000030920201225</p></td></tr><tr><td rowspan="1" colspan="1"><p>3668</p></td><td rowspan="1" colspan="1"><p>13782245001131</p></td><td rowspan="1" colspan="1"><p>BR FARMACEUTICA LTDA</p></td><td rowspan="1" colspan="1"><p>SP</p></td><td rowspan="1" colspan="1"><p>SALESOPOLIS</p></td><td rowspan="1" colspan="1"><p>25000144754201243</p></td></tr><tr><td rowspan="1" colspan="1"><p>3669</p></td><td rowspan="1" colspan="1"><p>02743218002610</p></td><td rowspan="1" colspan="1"><p>DROGA EX LTDA FALIDO</p></td><td rowspan="1" colspan="1"><p>SP</p></td><td rowspan="1" colspan="1"><p>SALTO</p></td><td rowspan="1" colspan="1"><p>25000564771200906</p></td></tr><tr><td rowspan="1" colspan="1"><p>3670</p></td><td rowspan="1" colspan="1"><p>50054196000175</p></td><td rowspan="1" colspan="1"><p>DROGARIA CORACAO DE JESUS DE SALTO LTDA</p></td><td rowspan="1" colspan="1"><p>SP</p></td><td rowspan="1" colspan="1"><p>SALTO</p></td><td rowspan="1" colspan="1"><p>25000041905201393</p></td></tr><tr><td rowspan="1" colspan="1"><p>3671</p></td><td rowspan="1" colspan="1"><p>09624302000105</p></td><td rowspan="1" colspan="1"><p>DROGARIA FARMAMED SALTO LTDA</p></td><td rowspan="1" colspan="1"><p>SP</p></td><td rowspan="1" colspan="1"><p>SALTO</p></td><td rowspan="1" colspan="1"><p>25000145854201114</p></td></tr><tr><td rowspan="1" colspan="1"><p>3672</p></td><td rowspan="1" colspan="1"><p>02493531000199</p></td><td rowspan="1" colspan="1"><p>MARINA BATISTA DE ALMEIDA LEAO</p></td><td rowspan="1" colspan="1"><p>SP</p></td><td rowspan="1" colspan="1"><p>SALTO</p></td><td rowspan="1" colspan="1"><p>25000079465200618</p></td></tr><tr><td rowspan="1" colspan="1"><p>3673</p></td><td rowspan="1" colspan="1"><p>60605664029864</p></td><td rowspan="1" colspan="1"><p>RAIA S.A.</p></td><td rowspan="1" colspan="1"><p>SP</p></td><td rowspan="1" colspan="1"><p>SALTO</p></td><td rowspan="1" colspan="1"><p>25000044114200696</p></td></tr><tr><td rowspan="1" colspan="1"><p>3674</p></td><td rowspan="1" colspan="1"><p>09377919000173</p></td><td rowspan="1" colspan="1"><p>CENTRAL CR COMERCIO DE MEDICAMENTOS LTDA</p></td><td rowspan="1" colspan="1"><p>SP</p></td><td rowspan="1" colspan="1"><p>SALTO DE PIRAPORA</p></td><td rowspan="1" colspan="1"><p>25000042386201119</p></td></tr><tr><td rowspan="1" colspan="1"><p>3675</p></td><td rowspan="1" colspan="1"><p>12834880000180</p></td><td rowspan="1" colspan="1"><p>VOLPI &amp; VOLPI LTDA</p></td><td rowspan="1" colspan="1"><p>SP</p></td><td rowspan="1" colspan="1"><p>SALTO DE PIRAPORA</p></td><td rowspan="1" colspan="1"><p>25000063599201346</p></td></tr><tr><td rowspan="1" colspan="1"><p>3676</p></td><td rowspan="1" colspan="1"><p>55763742000160</p></td><td rowspan="1" colspan="1"><p>DROGARIA E PERFUMARIA BACCHIN LTDA</p></td><td rowspan="1" colspan="1"><p>SP</p></td><td rowspan="1" colspan="1"><p>SANTA BARBARA D'OESTE</p></td><td rowspan="1" colspan="1"><p>25000204902200818</p></td></tr><tr><td rowspan="1" colspan="1"><p>3677</p></td><td rowspan="1" colspan="1"><p>56725617000129</p></td><td rowspan="1" colspan="1"><p>J B CLAUS &amp; CIA LTDA</p></td><td rowspan="1" colspan="1"><p>SP</p></td><td rowspan="1" colspan="1"><p>SANTA BARBARA D'OESTE</p></td><td rowspan="1" colspan="1"><p>25000097715200600</p></td></tr><tr><td rowspan="1" colspan="1"><p>3678</p></td><td rowspan="1" colspan="1"><p>60605664017009</p></td><td rowspan="1" colspan="1"><p>RAIA S.A.</p></td><td rowspan="1" colspan="1"><p>SP</p></td><td rowspan="1" colspan="1"><p>SANTA BARBARA D'OESTE</p></td><td rowspan="1" colspan="1"><p>25000044144200696</p></td></tr></table>]]></Texto>
  </body>
  <Midias />
</article></xml>