﻿<xml><article id="44745810" name="ATA 26 - 2C_002" idOficio="11191910" pubName="DO1" artType="Ata" pubDate="04/08/2025" artClass="00067:00013:00000:00000:00000:00000:00000:00000:00000:00000:00005:00000" artCategory="Tribunal de Contas da União/2ª Câmara" artSize="12" artNotes="" numberPage="184" pdfPage="http://pesquisa.in.gov.br/imprensa/jsp/visualiza/index.jsp?data=04/08/2025&amp;jornal=515&amp;pagina=184" editionNumber="145" highlightType="" highlightPriority="" highlight="" highlightimage="" highlightimagename="" idMateria="22949380">
  <body>
    <Identifica />
    <Data><![CDATA[]]></Data>
    <Ementa />
    <Titulo />
    <SubTitulo />
    <Texto><![CDATA[<p>13.2. Ministro-Substituto presente: Marcos Bemquerer Costa.</p><p>ACÓRDÃO Nº 4614/2025 - TCU - 2ª Câmara</p><p>1. Processo TC 008.936/2022-6.</p><p>2. Grupo I - Classe de Assunto: II - Tomada de Contas Especial.</p><p>3. Interessados/Responsáveis:</p><p>3.1. Responsáveis: Paola Morganti Serafim (005.604.500-01); Rudimar Adilio da Silva (760.905.660-04); Rudimar Adilio da Silva Comercio de Produtos Farmaceuticos Ltda. (07.694.652/0001-12).</p><p>4. Órgão/Entidade: Fundo Nacional de Saúde - MS.</p><p>5. Relator: Ministro Aroldo Cedraz.</p><p>6. Representante do Ministério Público: Subprocurador-Geral Paulo Soares Bugarin.</p><p>7. Unidade Técnica: Unidade de Auditoria Especializada em Tomada de Contas Especial (AudTCE).</p><p>8. Representação legal: Iane Maria Breda (62960/OAB-RS), representando Paola Morganti Serafim; Iane Maria Breda (62960/OAB-RS), representando Rudimar Adilio da Silva; Iane Maria Breda (62960/OAB-RS), representando Rudimar Adilio da Silva Comercio de Produtos Farmaceuticos Ltda.</p><p>9. Acórdão:</p><p>VISTOS, relatados e discutidos estes autos de tomada de contas especial (TCE) instaurada pelo Fundo Nacional de Saúde - MS, em desfavor do estabelecimento farmacêutico Rudimar Adilio da Silva Comércio de Produtos Farmacêuticos Ltda. - Drogaria Comunitária, solidariamente com Rudimar Adilio da Silva e Paola Morganti Serafim, em razão da não comprovação da regular aplicação dos recursos repassados pela União, originários do Sistema Único de Saúde (SUS), no âmbito do Programa Farmácia Popular do Brasil - Aqui Tem Farmácia Popular (PFPB) entre janeiro de 2012 e julho de 2014;</p><p>ACORDAM os Ministros do Tribunal de Contas da União, reunidos em Sessão de 2ª Câmara, diante das razões expostas pelo Relator, com fundamento nos arts. 1º, inciso I, 16, inciso III, alíneas "b" e "c", e § 2º da Lei 8.443/1992 c/c os arts. 19 e 23, inciso III, da mesma Lei, e com arts. 1º, inciso I, 209, inciso II e III, e § 5º, 210 e 214, inciso III, do Regimento Interno, em:</p><p>9.1. julgar irregulares as contas do estabelecimento farmacêutico Rudimar Adilio da Silva Comércio de Produtos Farmacêuticos Ltda. - Drogaria Comunitária, Rudimar Adilio da Silva e Paola Morganti Serafim, condenando-os ao pagamento das importâncias abaixo especificadas, fixando-lhes o prazo de 15 (quinze) dias, a contar da notificação, para que comprovem, perante o Tribunal (art. 214, III, a, do Regimento Interno), o recolhimento das referidas quantias aos cofres do Fundo Nacional de Saúde, atualizadas monetariamente e acrescidas dos juros de mora, calculados a contar das datas indicadas até o dia do efetivo recolhimento do débito, na forma prevista na legislação em vigor:</p><p /><p></p><table><tr /><tr><td rowspan="1" colspan="1"><p>Data de ocorrência</p></td><td rowspan="1" colspan="1"><p>Valor histórico (R$)</p></td></tr><tr><td rowspan="1" colspan="1"><p>12/3/2012</p></td><td rowspan="1" colspan="1"><p>6.967,32</p></td></tr><tr><td rowspan="1" colspan="1"><p>12/3/2012</p></td><td rowspan="1" colspan="1"><p>162,54</p></td></tr><tr><td rowspan="1" colspan="1"><p>27/3/2012</p></td><td rowspan="1" colspan="1"><p>6.295,20</p></td></tr><tr><td rowspan="1" colspan="1"><p>27/3/2012</p></td><td rowspan="1" colspan="1"><p>99,60</p></td></tr><tr><td rowspan="1" colspan="1"><p>27/4/2012</p></td><td rowspan="1" colspan="1"><p>8.437,59</p></td></tr><tr><td rowspan="1" colspan="1"><p>27/4/2012</p></td><td rowspan="1" colspan="1"><p>144,60</p></td></tr><tr><td rowspan="1" colspan="1"><p>12/6/2012</p></td><td rowspan="1" colspan="1"><p>8.534,40</p></td></tr><tr><td rowspan="1" colspan="1"><p>12/6/2012</p></td><td rowspan="1" colspan="1"><p>153,60</p></td></tr><tr><td rowspan="1" colspan="1"><p>14/6/2012</p></td><td rowspan="1" colspan="1"><p>1.136,49</p></td></tr><tr><td rowspan="1" colspan="1"><p>14/6/2012</p></td><td rowspan="1" colspan="1"><p>23,16</p></td></tr><tr><td rowspan="1" colspan="1"><p>26/7/2012</p></td><td rowspan="1" colspan="1"><p>9.210,00</p></td></tr><tr><td rowspan="1" colspan="1"><p>26/7/2012</p></td><td rowspan="1" colspan="1"><p>1.793,61</p></td></tr><tr><td rowspan="1" colspan="1"><p>26/7/2012</p></td><td rowspan="1" colspan="1"><p>52,20</p></td></tr><tr><td rowspan="1" colspan="1"><p>23/8/2012</p></td><td rowspan="1" colspan="1"><p>1.741,68</p></td></tr><tr><td rowspan="1" colspan="1"><p>23/8/2012</p></td><td rowspan="1" colspan="1"><p>10.280,70</p></td></tr><tr><td rowspan="1" colspan="1"><p>23/8/2012</p></td><td rowspan="1" colspan="1"><p>13,77</p></td></tr><tr><td rowspan="1" colspan="1"><p>10/9/2012</p></td><td rowspan="1" colspan="1"><p>180,00</p></td></tr><tr><td rowspan="1" colspan="1"><p>10/9/2012</p></td><td rowspan="1" colspan="1"><p>8.563,50</p></td></tr><tr><td rowspan="1" colspan="1"><p>10/9/2012</p></td><td rowspan="1" colspan="1"><p>908,49</p></td></tr><tr><td rowspan="1" colspan="1"><p>10/9/2012</p></td><td rowspan="1" colspan="1"><p>259,14</p></td></tr><tr><td rowspan="1" colspan="1"><p>8/10/2012</p></td><td rowspan="1" colspan="1"><p>27,54</p></td></tr><tr><td rowspan="1" colspan="1"><p>8/10/2012</p></td><td rowspan="1" colspan="1"><p>855,12</p></td></tr><tr><td rowspan="1" colspan="1"><p>8/10/2012</p></td><td rowspan="1" colspan="1"><p>7.878,60</p></td></tr><tr><td rowspan="1" colspan="1"><p>8/11/2012</p></td><td rowspan="1" colspan="1"><p>239,40</p></td></tr><tr><td rowspan="1" colspan="1"><p>8/11/2012</p></td><td rowspan="1" colspan="1"><p>126,00</p></td></tr><tr><td rowspan="1" colspan="1"><p>8/11/2012</p></td><td rowspan="1" colspan="1"><p>655,47</p></td></tr><tr><td rowspan="1" colspan="1"><p>8/11/2012</p></td><td rowspan="1" colspan="1"><p>8.375,55</p></td></tr><tr><td rowspan="1" colspan="1"><p>18/12/2012</p></td><td rowspan="1" colspan="1"><p>866,31</p></td></tr><tr><td rowspan="1" colspan="1"><p>18/12/2012</p></td><td rowspan="1" colspan="1"><p>7.399,05</p></td></tr><tr><td rowspan="1" colspan="1"><p>18/12/2012</p></td><td rowspan="1" colspan="1"><p>51,03</p></td></tr><tr><td rowspan="1" colspan="1"><p>18/12/2012</p></td><td rowspan="1" colspan="1"><p>59,70</p></td></tr><tr><td rowspan="1" colspan="1"><p>30/12/2012</p></td><td rowspan="1" colspan="1"><p>17,01</p></td></tr><tr><td rowspan="1" colspan="1"><p>30/12/2012</p></td><td rowspan="1" colspan="1"><p>13,77</p></td></tr><tr><td rowspan="1" colspan="1"><p>30/12/2012</p></td><td rowspan="1" colspan="1"><p>1.040,04</p></td></tr><tr><td rowspan="1" colspan="1"><p>30/12/2012</p></td><td rowspan="1" colspan="1"><p>7.844,40</p></td></tr><tr><td rowspan="1" colspan="1"><p>19/2/2013</p></td><td rowspan="1" colspan="1"><p>1.061,67</p></td></tr><tr><td rowspan="1" colspan="1"><p>19/2/2013</p></td><td rowspan="1" colspan="1"><p>285,90</p></td></tr><tr><td rowspan="1" colspan="1"><p>7/3/2013</p></td><td rowspan="1" colspan="1"><p>20,70</p></td></tr><tr><td rowspan="1" colspan="1"><p>7/3/2013</p></td><td rowspan="1" colspan="1"><p>11.896,65</p></td></tr><tr><td rowspan="1" colspan="1"><p>14/3/2013</p></td><td rowspan="1" colspan="1"><p>8.441,55</p></td></tr><tr><td rowspan="1" colspan="1"><p>14/3/2013</p></td><td rowspan="1" colspan="1"><p>285,60</p></td></tr><tr><td rowspan="1" colspan="1"><p>14/3/2013</p></td><td rowspan="1" colspan="1"><p>1.143,69</p></td></tr><tr><td rowspan="1" colspan="1"><p>8/4/2013</p></td><td rowspan="1" colspan="1"><p>57,60</p></td></tr><tr><td rowspan="1" colspan="1"><p>16/4/2013</p></td><td rowspan="1" colspan="1"><p>6.840,45</p></td></tr><tr><td rowspan="1" colspan="1"><p>31/5/2013</p></td><td rowspan="1" colspan="1"><p>1.098,21</p></td></tr><tr><td rowspan="1" colspan="1"><p>31/5/2013</p></td><td rowspan="1" colspan="1"><p>676,14</p></td></tr><tr><td rowspan="1" colspan="1"><p>4/6/2013</p></td><td rowspan="1" colspan="1"><p>8.280,75</p></td></tr><tr><td rowspan="1" colspan="1"><p>4/6/2013</p></td><td rowspan="1" colspan="1"><p>6.685,20</p></td></tr><tr><td rowspan="1" colspan="1"><p>2/7/2013</p></td><td rowspan="1" colspan="1"><p>1.084,41</p></td></tr><tr><td rowspan="1" colspan="1"><p>2/7/2013</p></td><td rowspan="1" colspan="1"><p>7.700,85</p></td></tr><tr><td rowspan="1" colspan="1"><p>25/7/2013</p></td><td rowspan="1" colspan="1"><p>633,09</p></td></tr><tr><td rowspan="1" colspan="1"><p>25/7/2013</p></td><td rowspan="1" colspan="1"><p>7.079,85</p></td></tr><tr><td rowspan="1" colspan="1"><p>25/7/2013</p></td><td rowspan="1" colspan="1"><p>839,10</p></td></tr><tr><td rowspan="1" colspan="1"><p>30/8/2013</p></td><td rowspan="1" colspan="1"><p>9,60</p></td></tr><tr><td rowspan="1" colspan="1"><p>30/8/2013</p></td><td rowspan="1" colspan="1"><p>9.174,00</p></td></tr><tr><td rowspan="1" colspan="1"><p>30/8/2013</p></td><td rowspan="1" colspan="1"><p>1.095,66</p></td></tr><tr><td rowspan="1" colspan="1"><p>1/10/2013</p></td><td rowspan="1" colspan="1"><p>9,60</p></td></tr><tr><td rowspan="1" colspan="1"><p>1/10/2013</p></td><td rowspan="1" colspan="1"><p>10.353,60</p></td></tr><tr><td rowspan="1" colspan="1"><p>2/10/2013</p></td><td rowspan="1" colspan="1"><p>9,60</p></td></tr><tr><td rowspan="1" colspan="1"><p>12/11/2013</p></td><td rowspan="1" colspan="1"><p>11.447,55</p></td></tr><tr><td rowspan="1" colspan="1"><p>12/11/2013</p></td><td rowspan="1" colspan="1"><p>1.384,38</p></td></tr><tr><td rowspan="1" colspan="1"><p>6/12/2013</p></td><td rowspan="1" colspan="1"><p>1.419,72</p></td></tr><tr><td rowspan="1" colspan="1"><p>6/12/2013</p></td><td rowspan="1" colspan="1"><p>1.419,60</p></td></tr><tr><td rowspan="1" colspan="1"><p>30/12/2013</p></td><td rowspan="1" colspan="1"><p>15.624,00</p></td></tr><tr><td rowspan="1" colspan="1"><p>30/12/2013</p></td><td rowspan="1" colspan="1"><p>1.454,04</p></td></tr><tr><td rowspan="1" colspan="1"><p>30/12/2013</p></td><td rowspan="1" colspan="1"><p>31,20</p></td></tr><tr><td rowspan="1" colspan="1"><p>30/12/2013</p></td><td rowspan="1" colspan="1"><p>14.719,80</p></td></tr><tr><td rowspan="1" colspan="1"><p>7/2/2014</p></td><td rowspan="1" colspan="1"><p>1.721,85</p></td></tr><tr><td rowspan="1" colspan="1"><p>7/2/2014</p></td><td rowspan="1" colspan="1"><p>26,73</p></td></tr><tr><td rowspan="1" colspan="1"><p>28/2/2014</p></td><td rowspan="1" colspan="1"><p>19,20</p></td></tr><tr><td rowspan="1" colspan="1"><p>28/2/2014</p></td><td rowspan="1" colspan="1"><p>507,51</p></td></tr><tr><td rowspan="1" colspan="1"><p>28/2/2014</p></td><td rowspan="1" colspan="1"><p>1.512,15</p></td></tr><tr><td rowspan="1" colspan="1"><p>16/4/2014</p></td><td rowspan="1" colspan="1"><p>1.350,15</p></td></tr><tr><td rowspan="1" colspan="1"><p>16/4/2014</p></td><td rowspan="1" colspan="1"><p>428,04</p></td></tr><tr><td rowspan="1" colspan="1"><p>16/4/2014</p></td><td rowspan="1" colspan="1"><p>82,80</p></td></tr><tr><td rowspan="1" colspan="1"><p>12/5/2014</p></td><td rowspan="1" colspan="1"><p>19,20</p></td></tr><tr><td rowspan="1" colspan="1"><p>12/5/2014</p></td><td rowspan="1" colspan="1"><p>1.480,80</p></td></tr><tr><td rowspan="1" colspan="1"><p>30/5/2014</p></td><td rowspan="1" colspan="1"><p>82,80</p></td></tr><tr><td rowspan="1" colspan="1"><p>2/6/2014</p></td><td rowspan="1" colspan="1"><p>1.424,85</p></td></tr><tr><td rowspan="1" colspan="1"><p>7/7/2014</p></td><td rowspan="1" colspan="1"><p>82,80</p></td></tr><tr><td rowspan="1" colspan="1"><p>7/7/2014</p></td><td rowspan="1" colspan="1"><p>33,57</p></td></tr><tr><td rowspan="1" colspan="1"><p>7/7/2014</p></td><td rowspan="1" colspan="1"><p>850,35</p></td></tr></table><p>9.2. aplicar, individualmente, aos responsáveis a multa prevista no art. 57 da Lei 8.443/1992, no valor de R$ 45.000,00 (quarenta e cinco mil reais) fixando-lhes o prazo de 15 (quinze) dias, a contar da notificação, para que comprovem, perante o Tribunal, o recolhimento da dívida ao Tesouro Nacional, atualizada monetariamente a contar da data deste acórdão até o dia do efetivo recolhimento, caso não seja paga no prazo ora fixado, na forma da legislação em vigor;</p><p>9.3. autorizar, desde logo, nos termos dos arts. 26 e 28, inciso II, da Lei 8.443/1992:</p><p>9.3.1. o pagamento das dívidas em até 36 (trinta e seis) parcelas mensais e consecutivas, se solicitado pelos responsáveis, fixando-se o vencimento da primeira em 15 (quinze) dias, a contar do recebimento da notificação, e o das demais a cada 30 (trinta) dias, devendo incidir sobre cada uma delas os encargos legais devidos, na forma prevista na legislação em vigor, sem prejuízo ao vencimento antecipado do saldo devedor em caso de não comprovação do recolhimento de qualquer parcela, conforme prevê o art. 217, § 2º, do Regimento Interno deste Tribunal;</p><p>9.3.2. a cobrança judicial das dívidas, caso não atendida a notificação;</p><p>9.4. dar ciência desta deliberação aos responsáveis e ao Procurador-Chefe da Procuradoria da República no Estado do Rio Grande do Sul para as providências que entender cabíveis.</p><p>10. Ata n° 26/2025 - 2ª Câmara.</p><p>11. Data da Sessão: 29/7/2025 - Ordinária.</p><p>12. Código eletrônico para localização na página do TCU na Internet: AC-4614-26/25-2.</p><p>13. Especificação do quórum:</p><p>13.1. Ministros presentes: Augusto Nardes (na Presidência), Aroldo Cedraz (Relator), Jorge Oliveira e Antônio Anastasia.</p><p>13.2. Ministro-Substituto presente: Marcos Bemquerer Costa.</p><p>ACÓRDÃO Nº 4615/2025 - TCU - 2ª Câmara</p><p>1. Processo TC 014.576/2021-0.</p><p>2. Grupo I - Classe de Assunto: II - Tomada de Contas Especial.</p><p>3. Interessados/Responsáveis:</p><p>3.1. Interessado: Comando da 2ª Região Militar (09.581.399/0001-16).</p><p>3.2. Responsável: Fortecom Comercial e Serviços Ltda (14.409.186/0001-41).</p><p>4. Órgão/Entidade: Comando da 2ª Região Militar.</p><p>5. Relator: Ministro Aroldo Cedraz.</p><p>6. Representante do Ministério Público: Procurador Júlio Marcelo de Oliveira.</p><p>7. Unidade Técnica: Unidade de Auditoria Especializada em Tomada de Contas Especial (AudTCE).</p><p>8. Representação legal: Philipe Godoy dos Reis (250827/OAB-RJ), representando Fortecom Comercial e Serviços Ltda.</p><p>9. Acórdão:</p><p>VISTOS, relatados e discutidos estes autos de Tomada de Contas Especial (TCE) instaurada pelo Comando da 2ª Região Militar, em desfavor da empresa Fortecom Comercial e Serviços Ltda., devido à entrega de gênero alimentício de qualidade inferior e incompatível ao previsto no Catálogo de Especificação de Artigos de Subsistência (CEAS), no âmbito do pregão 02/2018, ocorrido no período de 14 de fevereiro a 10 de abril de 2019;</p><p>ACORDAM os Ministros do Tribunal de Contas da União, reunidos em Sessão de 2ª Câmara, diante das razões expostas pelo Relator, com fundamento nos arts. 1º, inciso I; 12, § 3º; 16, inciso III, alínea "c"; 19; 23, inciso III; 26; 28, inciso II; e 57 da Lei 8.443/1992, c/c os arts. 209, 210, 214, inciso III, alínea "a", e 267 do Regimento Interno do Tribunal, em:</p><p>9.1. Julgar irregulares as contas da responsável Fortecom Comercial e Serviços Ltda., condenando-a ao pagamento da importância de R$ 126.600,00 (cento e vinte e seis mil e seiscentos reais), atualizada monetariamente e acrescida dos juros de mora, calculada a partir de 24/5/2019 até a data da efetiva quitação do débito, fixando-lhe o prazo de quinze dias, a contar da notificação, para comprovar, perante o Tribunal, o recolhimento da referida quantia aos cofres do Tesouro Nacional, nos termos do art. 23, inciso III, da Lei 8.443/1992;</p><p>9.2. Aplicar à responsável a multa prevista no art. 57 da Lei 8.443/1992, no valor de R$ 20.000,00 (vinte mil reais), fixando-lhe o prazo de 15 (quinze) dias, a contar da notificação, para que comprove, perante o Tribunal, o recolhimento das dívidas ao Tesouro Nacional, atualizadas monetariamente a contar da data deste Acórdão até o dia o efetivo recolhimento, caso não seja paga no prazo ora fixado, na forma da legislação em vigor;</p><p>9.3. autorizar, desde logo, nos termos dos arts. 26 e 28, inciso II, da Lei 8.443/1992:</p><p>9.3.1. o pagamento das dívidas em até 36 (trinta e seis) parcelas mensais e consecutivas, se solicitado pela responsável, fixando-se o vencimento da primeira em 15 (quinze) dias, a contar do recebimento da notificação, e o das demais a cada 30 (trinta) dias, devendo incidir sobre cada uma delas os encargos legais devidos, na forma prevista na legislação em vigor, sem prejuízo ao vencimento antecipado do saldo devedor em caso de não comprovação do recolhimento de qualquer parcela, conforme prevê o art. 217, § 2º, do Regimento Interno deste Tribunal;</p><p>9.3.2. a cobrança judicial das dívidas, caso não atendida a notificação;</p><p>9.4. dar ciência desta deliberação aos responsáveis e ao Procurador-Chefe da Procuradoria da República no Estado de São Paulo, para as providências que entender cabíveis.</p><p>10. Ata n° 26/2025 - 2ª Câmara.</p><p>11. Data da Sessão: 29/7/2025 - Ordinária.</p><p>12. Código eletrônico para localização na página do TCU na Internet: AC-4615-26/25-2.</p><p>13. Especificação do quórum:</p><p>13.1. Ministros presentes: Augusto Nardes (na Presidência), Aroldo Cedraz (Relator), Jorge Oliveira e Antônio Anastasia.</p><p>13.2. Ministro-Substituto presente: Marcos Bemquerer Costa.</p><p>ACÓRDÃO Nº 4616/2025 - TCU - 2ª Câmara</p><p>1. Processo TC 019.611/2022-6.</p><p>2. Grupo I - Classe de Assunto: II - Tomada de Contas Especial</p><p>3. Interessados/Responsáveis:</p><p>3.1. Interessado: Caixa Econômica Federal (CNPJ 00.360.305/0001-04).</p><p>3.2. Responsável: Thalyta Medeiros de Oliveira Resende (CPF 020.286.023-09).</p><p>4. Entidade: Prefeitura Municipal de Raposa - MA.</p><p>5. Relator: Ministro Aroldo Cedraz.</p><p>6. Representante do Ministério Público: Subprocurador-Geral Lucas Rocha Furtado.</p><p>7. Unidade Técnica: Unidade de Auditoria Especializada em Tomada de Contas Especial (AudTCE).</p><p>8. Representação legal: Paulo Humberto Freire Castelo Branco (7488-A/OAB-MA), representando Walter Pinho Lisboa Filho.</p><p>9. Acórdão:</p><p>VISTOS, relatados e discutidos estes autos de Tomada de Contas Especial instaurada pela Caixa Econômica Federal (mandatária na extinta Secretaria Executiva do Ministério das Cidades), em desfavor de Thalyta Medeiros de Oliveira Resende, em razão de não comprovação da regular aplicação dos recursos do Contrato de Repasse 787430/2013, de registro Siafi 787430, firmado entre então Ministério do Desenvolvimento Regional e Município de Raposa-MA. O objeto do contrato era a "pavimentação asfáltica de ruas, drenagem superficial com meio-fio, sarjeta, calçada e sinalização viária, interligação de áreas urbanas, acessibilidade e adequação de vias na sede daquele Município".</p><p>ACORDAM os Ministros do Tribunal de Contas da União, reunidos em Sessão de 2ª Câmara, diante das razões expostas pelo Relator, com fundamento nos arts. 1º, inciso I; 12, § 3º; 16, inciso III, alínea "c"; 19; 23, inciso III; 26; 28, inciso II; e 57 da Lei 8.443/1992, c/c os arts. 209, 210, 214, inciso III, alínea "a", e 267 do Regimento Interno do Tribunal, em:</p><p>9.1. considerar revel a responsável, Sra. Thalyta Medeiros de Oliveira Resende, para todos os efeitos, dando-se prosseguimento ao processo, com fulcro no art. 12, § 3º, da Lei 8.443/1992;</p><p>9.2. julgar irregulares as contas da Sra. Thalyta Medeiros de Oliveira Resende, condenando-a ao pagamento da importância de R$ 130.719,15. (cento e trinta mil setecentos e dezenove reais e quinze centavos), atualizada monetariamente e acrescida dos juros de mora, calculada a partir de 17/2/2017 até a data da efetiva quitação do débito, fixando-lhe o prazo de quinze dias, a contar da notificação, para comprovar, perante o Tribunal, o recolhimento da referida quantia aos cofres do Tesouro Nacional, nos termos do art. 23, inciso III, da Lei 8.443/1992;</p><p>9.3. aplicar à Sra. Thalyta Medeiros de Oliveira Resende a multa prevista no art. 57 da Lei 8.443/1992, no valor de R$ 20.000,00 (vinte mil reais), fixando-lhe o prazo de 15 (quinze) dias, a contar da notificação, para que comprove, perante o Tribunal, o recolhimento das dívidas ao Tesouro Nacional, atualizadas monetariamente a contar da data deste Acórdão até o dia o efetivo recolhimento, caso não seja paga no prazo ora fixado, na forma da legislação em vigor;</p><p>9.4. autorizar, desde logo, nos termos dos arts. 26 e 28, inciso II, da Lei 8.443/1992:</p><p>9.4.1. o pagamento das dívidas em até 36 (trinta e seis) parcelas mensais e consecutivas, se solicitado pela responsável, fixando-se o vencimento da primeira em 15 (quinze) dias, a contar do recebimento da notificação, e o das demais a cada 30 (trinta) dias, devendo incidir sobre cada uma delas os encargos legais devidos, na forma prevista na legislação em vigor, sem prejuízo ao vencimento antecipado do saldo devedor em caso de não comprovação do recolhimento de qualquer parcela, conforme prevê o art. 217, § 2º, do Regimento Interno deste Tribunal;</p><p>9.4.2. a cobrança judicial das dívidas, caso não atendida a notificação;</p><p>9.5. informar à Procuradoria da República no Estado do Maranhão, à Caixa Econômica Federal (mandatária na extinta Secretaria Executiva do Ministério das Cidades) e à responsável que a presente deliberação, acompanhada do Relatório e do Voto que a fundamentam, está disponível para a consulta no endereço eletrônico https://www.tcu.gov.br/acordaos;</p><p>9.6. informar à Procuradoria da República no Estado do Maranhão que, nos termos do § 1º do art. 62 da Resolução TCU 259/2014, os procuradores e membros do Ministério Público credenciados nesta Corte podem acessar os presentes autos de forma eletrônica e automática, ressalvados apenas os casos de eventuais peças classificadas como sigilosas, as quais requerem solicitação formal.</p><p>10. Ata n° 26/2025 - 2ª Câmara.</p><p>11. Data da Sessão: 29/7/2025 - Ordinária.</p><p>12. Código eletrônico para localização na página do TCU na Internet: AC-4616-26/25-2.</p><p>13. Especificação do quórum:</p><p>13.1. Ministros presentes: Augusto Nardes (na Presidência), Aroldo Cedraz (Relator), Jorge Oliveira e Antônio Anastasia.</p><p>13.2. Ministro-Substituto presente: Marcos Bemquerer Costa.</p><p>ACÓRDÃO Nº 4617/2025 - TCU - 2ª Câmara</p><p>1. Processo nº TC 022.038/2024-8.</p><p>2. Grupo I - Classe de Assunto: II - Tomada de Contas Especial.</p><p>3. Responsáveis: N&amp;C Comércio de Medicamentos Ltda. (CNPJ 08.165.493/0001-21), Nivia Maria da Silva Areal (CPF 035.413.976-24) e Cristiano Mendes Areal (CPF 040.687.026-83)</p><p>4. Órgão/Entidade: Fundo Nacional de Saúde.</p><p>5. Relator: Ministro Aroldo Cedraz.</p><p>6. Representante do Ministério Público: Procurador Sérgio Ricardo Costa Caribé.</p><p>7. Unidade Técnica: Unidade de Auditoria Especializada em Tomada de Contas Especial (AudTCE).</p><p>8. Representação legal: Cínthia Izabela Pina Fernandes, OAB/MG nº 160.429.</p><p>9. Acórdão:</p><p>VISTOS, relatados e discutidos estes autos de tomada de contas especial instaurada pelo Fundo Nacional de Saúde em desfavor do estabelecimento comercial N&amp;C Comércio de Medicamentos Ltda., solidariamente com a Sra. Nivia Maria da Silva Areal e o Sr. Cristiano Mendes Areal, em razão da aplicação irregular de recursos do Sistema Único de Saúde no âmbito do Programa Farmácia Popular do Brasil - Aqui Tem Farmácia Popular.</p><p>ACORDAM os ministros do Tribunal de Contas da União, reunidos em sessão da 2ª Câmara, ante as razões expostas pelo relator, em:</p><p>9.1. rejeitar as alegações de defesa apresentadas pelos responsáveis;</p><p>9.2. com fundamento nos arts. 1º, inciso I; 16, inciso III, "b" e "c"; arts. 19 e 23, inciso III, da Lei 8.443/1992, c/c os arts. 1º, inciso I; 209, inciso II e III; 210 e 214, inciso III, "a", do Regimento Interno/TCU, julgar irregulares as contas do estabelecimento comercial N&amp;C Comércio de Medicamentos Ltda., de Nívia Maria da Silva Areal (035.413.976-24) e de Cristiano Mendes Areal (040.687.026-83), e condená-los, solidariamente, ao pagamento das quantias a seguir especificadas, com a fixação do prazo de quinze dias, a contar das notificações, para que comprovem, perante o Tribunal, o recolhimento das dívidas aos cofres do Fundo Nacional de Saúde, atualizadas monetariamente e acrescidas dos juros de mora, calculados a partir das datas discriminadas, até a data dos recolhimentos, na forma prevista na legislação em vigor, abatendo-se, na oportunidade, os valores já ressarcidos:</p><p /><p></p><table><tr /><tr><td rowspan="1" colspan="1"><p>DATA DA OCORRÊNCIA</p></td><td rowspan="1" colspan="1"><p>VALOR ORIGINAL</p><p>(R$)</p></td></tr><tr><td rowspan="1" colspan="1"><p>09/03/2016</p></td><td rowspan="1" colspan="1"><p>1.207,80</p></td></tr><tr><td rowspan="1" colspan="1"><p>09/03/2016</p></td><td rowspan="1" colspan="1"><p>53,46</p></td></tr><tr><td rowspan="1" colspan="1"><p>09/03/2016</p></td><td rowspan="1" colspan="1"><p>69,00</p></td></tr><tr><td rowspan="1" colspan="1"><p>09/03/2016</p></td><td rowspan="1" colspan="1"><p>68,04</p></td></tr><tr><td rowspan="1" colspan="1"><p>09/03/2016</p></td><td rowspan="1" colspan="1"><p>13,77</p></td></tr><tr><td rowspan="1" colspan="1"><p>01/04/2016</p></td><td rowspan="1" colspan="1"><p>404,73</p></td></tr><tr><td rowspan="1" colspan="1"><p>01/04/2016</p></td><td rowspan="1" colspan="1"><p>3.750,00</p></td></tr><tr><td rowspan="1" colspan="1"><p>01/04/2016</p></td><td rowspan="1" colspan="1"><p>13,77</p></td></tr><tr><td rowspan="1" colspan="1"><p>01/04/2016</p></td><td rowspan="1" colspan="1"><p>27,60</p></td></tr><tr><td rowspan="1" colspan="1"><p>01/04/2016</p></td><td rowspan="1" colspan="1"><p>7,02</p></td></tr><tr><td rowspan="1" colspan="1"><p>29/04/2016</p></td><td rowspan="1" colspan="1"><p>4.514,70</p></td></tr><tr><td rowspan="1" colspan="1"><p>29/04/2016</p></td><td rowspan="1" colspan="1"><p>40,80</p></td></tr><tr><td rowspan="1" colspan="1"><p>03/05/2016</p></td><td rowspan="1" colspan="1"><p>796,50</p></td></tr><tr><td rowspan="1" colspan="1"><p>03/05/2016</p></td><td rowspan="1" colspan="1"><p>17,20</p></td></tr><tr><td rowspan="1" colspan="1"><p>03/05/2016</p></td><td rowspan="1" colspan="1"><p>7,02</p></td></tr><tr><td rowspan="1" colspan="1"><p>31/05/2016</p></td><td rowspan="1" colspan="1"><p>742,50</p></td></tr><tr><td rowspan="1" colspan="1"><p>31/05/2016</p></td><td rowspan="1" colspan="1"><p>7.608,15</p></td></tr><tr><td rowspan="1" colspan="1"><p>31/05/2016</p></td><td rowspan="1" colspan="1"><p>7,02</p></td></tr><tr><td rowspan="1" colspan="1"><p>31/05/2016</p></td><td rowspan="1" colspan="1"><p>79,80</p></td></tr><tr><td rowspan="1" colspan="1"><p>31/05/2016</p></td><td rowspan="1" colspan="1"><p>7,02</p></td></tr><tr><td rowspan="1" colspan="1"><p>30/06/2016</p></td><td rowspan="1" colspan="1"><p>7.770,45</p></td></tr><tr><td rowspan="1" colspan="1"><p>30/06/2016</p></td><td rowspan="1" colspan="1"><p>810,00</p></td></tr><tr><td rowspan="1" colspan="1"><p>30/06/2016</p></td><td rowspan="1" colspan="1"><p>6,60</p></td></tr><tr><td rowspan="1" colspan="1"><p>30/06/2016</p></td><td rowspan="1" colspan="1"><p>7,02</p></td></tr><tr><td rowspan="1" colspan="1"><p>30/06/2016</p></td><td rowspan="1" colspan="1"><p>3,51</p></td></tr><tr><td rowspan="1" colspan="1"><p>30/06/2016</p></td><td rowspan="1" colspan="1"><p>58,80</p></td></tr><tr><td rowspan="1" colspan="1"><p>30/06/2016</p></td><td rowspan="1" colspan="1"><p>7,02</p></td></tr><tr><td rowspan="1" colspan="1"><p>03/08/2016</p></td><td rowspan="1" colspan="1"><p>7.169,55</p></td></tr><tr><td rowspan="1" colspan="1"><p>03/08/2016</p></td><td rowspan="1" colspan="1"><p>945,00</p></td></tr><tr><td rowspan="1" colspan="1"><p>03/08/2016</p></td><td rowspan="1" colspan="1"><p>18,00</p></td></tr><tr><td rowspan="1" colspan="1"><p>03/08/2016</p></td><td rowspan="1" colspan="1"><p>7,02</p></td></tr><tr><td rowspan="1" colspan="1"><p>03/08/2016</p></td><td rowspan="1" colspan="1"><p>43,42</p></td></tr><tr><td rowspan="1" colspan="1"><p>03/08/2016</p></td><td rowspan="1" colspan="1"><p>81,60</p></td></tr><tr><td rowspan="1" colspan="1"><p>09/09/2016</p></td><td rowspan="1" colspan="1"><p>8.793,65</p></td></tr><tr><td rowspan="1" colspan="1"><p>09/09/2016</p></td><td rowspan="1" colspan="1"><p>918,00</p></td></tr><tr><td rowspan="1" colspan="1"><p>09/09/2016</p></td><td rowspan="1" colspan="1"><p>7,02</p></td></tr><tr><td rowspan="1" colspan="1"><p>09/09/2016</p></td><td rowspan="1" colspan="1"><p>18,60</p></td></tr><tr><td rowspan="1" colspan="1"><p>09/09/2016</p></td><td rowspan="1" colspan="1"><p>21,06</p></td></tr><tr><td rowspan="1" colspan="1"><p>30/09/2016</p></td><td rowspan="1" colspan="1"><p>985,50</p></td></tr><tr><td rowspan="1" colspan="1"><p>30/09/2016</p></td><td rowspan="1" colspan="1"><p>8.192,95</p></td></tr><tr><td rowspan="1" colspan="1"><p>30/09/2016</p></td><td rowspan="1" colspan="1"><p>64,17</p></td></tr><tr><td rowspan="1" colspan="1"><p>30/09/2016</p></td><td rowspan="1" colspan="1"><p>54,00</p></td></tr><tr><td rowspan="1" colspan="1"><p>30/09/2016</p></td><td rowspan="1" colspan="1"><p>7,02</p></td></tr><tr><td rowspan="1" colspan="1"><p>11/11/2016</p></td><td rowspan="1" colspan="1"><p>10.041,05</p></td></tr><tr><td rowspan="1" colspan="1"><p>11/11/2016</p></td><td rowspan="1" colspan="1"><p>918,00</p></td></tr><tr><td rowspan="1" colspan="1"><p>11/11/2016</p></td><td rowspan="1" colspan="1"><p>9,60</p></td></tr><tr><td rowspan="1" colspan="1"><p>11/11/2016</p></td><td rowspan="1" colspan="1"><p>31,59</p></td></tr><tr><td rowspan="1" colspan="1"><p>11/11/2016</p></td><td rowspan="1" colspan="1"><p>7,02</p></td></tr><tr><td rowspan="1" colspan="1"><p>29/11/2016</p></td><td rowspan="1" colspan="1"><p>958,50</p></td></tr><tr><td rowspan="1" colspan="1"><p>29/11/2016</p></td><td rowspan="1" colspan="1"><p>7,02</p></td></tr><tr><td rowspan="1" colspan="1"><p>29/11/2016</p></td><td rowspan="1" colspan="1"><p>7,02</p></td></tr><tr><td rowspan="1" colspan="1"><p>01/12/2016</p></td><td rowspan="1" colspan="1"><p>7.573,05</p></td></tr><tr><td rowspan="1" colspan="1"><p>01/12/2016</p></td><td rowspan="1" colspan="1"><p>27,00</p></td></tr><tr><td rowspan="1" colspan="1"><p>28/12/2016</p></td><td rowspan="1" colspan="1"><p>10.845,05</p></td></tr><tr><td rowspan="1" colspan="1"><p>28/12/2016</p></td><td rowspan="1" colspan="1"><p>1.242,00</p></td></tr><tr><td rowspan="1" colspan="1"><p>28/12/2016</p></td><td rowspan="1" colspan="1"><p>31,24</p></td></tr><tr><td rowspan="1" colspan="1"><p>28/12/2016</p></td><td rowspan="1" colspan="1"><p>4,20</p></td></tr><tr><td rowspan="1" colspan="1"><p>28/12/2016</p></td><td rowspan="1" colspan="1"><p>7,02</p></td></tr><tr><td rowspan="1" colspan="1"><p>20/02/2017</p></td><td rowspan="1" colspan="1"><p>1.458,00</p></td></tr><tr><td rowspan="1" colspan="1"><p>20/02/2017</p></td><td rowspan="1" colspan="1"><p>7.371,95</p></td></tr><tr><td rowspan="1" colspan="1"><p>20/02/2017</p></td><td rowspan="1" colspan="1"><p>14,04</p></td></tr><tr><td rowspan="1" colspan="1"><p>20/02/2017</p></td><td rowspan="1" colspan="1"><p>64,50</p></td></tr><tr><td rowspan="1" colspan="1"><p>20/02/2017</p></td><td rowspan="1" colspan="1"><p>7,02</p></td></tr><tr><td rowspan="1" colspan="1"><p>09/03/2017</p></td><td rowspan="1" colspan="1"><p>1.913,22</p></td></tr><tr><td rowspan="1" colspan="1"><p>09/03/2017</p></td><td rowspan="1" colspan="1"><p>7.942,05</p></td></tr><tr><td rowspan="1" colspan="1"><p>09/03/2017</p></td><td rowspan="1" colspan="1"><p>5,40</p></td></tr><tr><td rowspan="1" colspan="1"><p>09/03/2017</p></td><td rowspan="1" colspan="1"><p>25,56</p></td></tr><tr><td rowspan="1" colspan="1"><p>09/03/2017</p></td><td rowspan="1" colspan="1"><p>25,20</p></td></tr><tr><td rowspan="1" colspan="1"><p>04/04/2017</p></td><td rowspan="1" colspan="1"><p>10.908,00</p></td></tr><tr><td rowspan="1" colspan="1"><p>04/04/2017</p></td><td rowspan="1" colspan="1"><p>2.262,06</p></td></tr><tr><td rowspan="1" colspan="1"><p>04/04/2017</p></td><td rowspan="1" colspan="1"><p>7,56</p></td></tr><tr><td rowspan="1" colspan="1"><p>04/04/2017</p></td><td rowspan="1" colspan="1"><p>30,00</p></td></tr><tr><td rowspan="1" colspan="1"><p>04/04/2017</p></td><td rowspan="1" colspan="1"><p>29,40</p></td></tr><tr><td rowspan="1" colspan="1"><p>16/05/2017</p></td><td rowspan="1" colspan="1"><p>9.919,70</p></td></tr><tr><td rowspan="1" colspan="1"><p>16/05/2017</p></td><td rowspan="1" colspan="1"><p>2.720,52</p></td></tr><tr><td rowspan="1" colspan="1"><p>16/05/2017</p></td><td rowspan="1" colspan="1"><p>15,12</p></td></tr><tr><td rowspan="1" colspan="1"><p>16/05/2017</p></td><td rowspan="1" colspan="1"><p>88,50</p></td></tr><tr><td rowspan="1" colspan="1"><p>16/06/2017</p></td><td rowspan="1" colspan="1"><p>2.228,04</p></td></tr><tr><td rowspan="1" colspan="1"><p>16/06/2017</p></td><td rowspan="1" colspan="1"><p>10.930,50</p></td></tr><tr><td rowspan="1" colspan="1"><p>16/06/2017</p></td><td rowspan="1" colspan="1"><p>29,40</p></td></tr><tr><td rowspan="1" colspan="1"><p>16/06/2017</p></td><td rowspan="1" colspan="1"><p>20,40</p></td></tr><tr><td rowspan="1" colspan="1"><p>16/06/2017</p></td><td rowspan="1" colspan="1"><p>25,56</p></td></tr><tr><td rowspan="1" colspan="1"><p>29/06/2017</p></td><td rowspan="1" colspan="1"><p>14.872,95</p></td></tr><tr><td rowspan="1" colspan="1"><p>29/06/2017</p></td><td rowspan="1" colspan="1"><p>2.933,82</p></td></tr><tr><td rowspan="1" colspan="1"><p>27/07/2017</p></td><td rowspan="1" colspan="1"><p>2.879,82</p></td></tr><tr><td rowspan="1" colspan="1"><p>27/07/2017</p></td><td rowspan="1" colspan="1"><p>14.772,30</p></td></tr><tr><td rowspan="1" colspan="1"><p>27/07/2017</p></td><td rowspan="1" colspan="1"><p>25,56</p></td></tr><tr><td rowspan="1" colspan="1"><p>27/07/2017</p></td><td rowspan="1" colspan="1"><p>25,20</p></td></tr><tr><td rowspan="1" colspan="1"><p>27/07/2017</p></td><td rowspan="1" colspan="1"><p>5,40</p></td></tr><tr><td rowspan="1" colspan="1"><p>27/07/2017</p></td><td rowspan="1" colspan="1"><p>7,56</p></td></tr><tr><td rowspan="1" colspan="1"><p>21/08/2017</p></td><td rowspan="1" colspan="1"><p>2.826,90</p></td></tr><tr><td rowspan="1" colspan="1"><p>21/08/2017</p></td><td rowspan="1" colspan="1"><p>13.845,75</p></td></tr><tr><td rowspan="1" colspan="1"><p>21/08/2017</p></td><td rowspan="1" colspan="1"><p>29,70</p></td></tr><tr><td rowspan="1" colspan="1"><p>21/08/2017</p></td><td rowspan="1" colspan="1"><p>7,56</p></td></tr><tr><td rowspan="1" colspan="1"><p>22/09/2017</p></td><td rowspan="1" colspan="1"><p>15.889,90</p></td></tr><tr><td rowspan="1" colspan="1"><p>22/09/2017</p></td><td rowspan="1" colspan="1"><p>3.343,14</p></td></tr><tr><td rowspan="1" colspan="1"><p>22/09/2017</p></td><td rowspan="1" colspan="1"><p>25,56</p></td></tr><tr><td rowspan="1" colspan="1"><p>22/09/2017</p></td><td rowspan="1" colspan="1"><p>7,20</p></td></tr><tr><td rowspan="1" colspan="1"><p>20/10/2017</p></td><td rowspan="1" colspan="1"><p>2.959,74</p></td></tr><tr><td rowspan="1" colspan="1"><p>20/10/2017</p></td><td rowspan="1" colspan="1"><p>13.675,10</p></td></tr><tr><td rowspan="1" colspan="1"><p>20/10/2017</p></td><td rowspan="1" colspan="1"><p>6,73</p></td></tr><tr><td rowspan="1" colspan="1"><p>20/10/2017</p></td><td rowspan="1" colspan="1"><p>7,20</p></td></tr><tr><td rowspan="1" colspan="1"><p>15/12/2017</p></td><td rowspan="1" colspan="1"><p>2.908,98</p></td></tr><tr><td rowspan="1" colspan="1"><p>15/12/2017</p></td><td rowspan="1" colspan="1"><p>14.327,65</p></td></tr><tr><td rowspan="1" colspan="1"><p>16/12/2017</p></td><td rowspan="1" colspan="1"><p>3.412,80</p></td></tr><tr><td rowspan="1" colspan="1"><p>16/12/2017</p></td><td rowspan="1" colspan="1"><p>16,18</p></td></tr><tr><td rowspan="1" colspan="1"><p>18/12/2017</p></td><td rowspan="1" colspan="1"><p>16.856,45</p></td></tr><tr><td rowspan="1" colspan="1"><p>18/12/2017</p></td><td rowspan="1" colspan="1"><p>30,60</p></td></tr><tr><td rowspan="1" colspan="1"><p>06/02/2018</p></td><td rowspan="1" colspan="1"><p>3.419,28</p></td></tr><tr><td rowspan="1" colspan="1"><p>06/02/2018</p></td><td rowspan="1" colspan="1"><p>17.381,35</p></td></tr><tr><td rowspan="1" colspan="1"><p>02/03/2018</p></td><td rowspan="1" colspan="1"><p>2.358,18</p></td></tr><tr><td rowspan="1" colspan="1"><p>02/03/2018</p></td><td rowspan="1" colspan="1"><p>13.372,55</p></td></tr><tr><td rowspan="1" colspan="1"><p>02/03/2018</p></td><td rowspan="1" colspan="1"><p>28,80</p></td></tr><tr><td rowspan="1" colspan="1"><p>02/04/2018</p></td><td rowspan="1" colspan="1"><p>16.720,65</p></td></tr><tr><td rowspan="1" colspan="1"><p>02/04/2018</p></td><td rowspan="1" colspan="1"><p>2.682,72</p></td></tr><tr><td rowspan="1" colspan="1"><p>03/05/2018</p></td><td rowspan="1" colspan="1"><p>3.250,80</p></td></tr><tr><td rowspan="1" colspan="1"><p>04/05/2018</p></td><td rowspan="1" colspan="1"><p>17.309,25</p></td></tr><tr><td rowspan="1" colspan="1"><p>04/06/2018</p></td><td rowspan="1" colspan="1"><p>14.667,70</p></td></tr><tr><td rowspan="1" colspan="1"><p>04/06/2018</p></td><td rowspan="1" colspan="1"><p>2.638,98</p></td></tr><tr><td rowspan="1" colspan="1"><p>10/07/2018</p></td><td rowspan="1" colspan="1"><p>3.777,30</p></td></tr><tr><td rowspan="1" colspan="1"><p>10/07/2018</p></td><td rowspan="1" colspan="1"><p>16.438,00</p></td></tr><tr><td rowspan="1" colspan="1"><p>10/07/2018</p></td><td rowspan="1" colspan="1"><p>44,70</p></td></tr><tr><td rowspan="1" colspan="1"><p>01/08/2018</p></td><td rowspan="1" colspan="1"><p>2.998,62</p></td></tr><tr><td rowspan="1" colspan="1"><p>01/08/2018</p></td><td rowspan="1" colspan="1"><p>12.470,00</p></td></tr><tr><td rowspan="1" colspan="1"><p>01/08/2018</p></td><td rowspan="1" colspan="1"><p>17,40</p></td></tr><tr><td rowspan="1" colspan="1"><p>01/08/2018</p></td><td rowspan="1" colspan="1"><p>3,51</p></td></tr><tr><td rowspan="1" colspan="1"><p>17/09/2018</p></td><td rowspan="1" colspan="1"><p>3.806,46</p></td></tr><tr><td rowspan="1" colspan="1"><p>17/09/2018</p></td><td rowspan="1" colspan="1"><p>14.895,20</p></td></tr></table><p>9.3. aplicar ao estabelecimento comercial N&amp;C Comércio de Medicamentos Ltda. a multa prevista no art. 57 da Lei 8.443/1992, c/c o art. 267 do Regimento Interno/TCU, no valor de R$ 40.000,00 (quarenta mil reais), com a fixação do prazo de quinze dias, a contar da notificação, para que comprove, perante o Tribunal, o recolhimento da dívida aos cofres do Tesouro Nacional, atualizada monetariamente desde a data do presente acórdão até a do efetivo recolhimento, se paga após o vencimento, na forma da legislação em vigor;</p><p>9.4. autorizar, desde logo, com fundamento no art. 26 da Lei 8.443/1992, c/c o art. 217, do Regimento Interno/TCU, excepcionalmente, o parcelamento das dívidas em até 120 (cento e vinte) parcelas, devendo incidir sobre cada uma os encargos legais devidos, sem prejuízo de alertar os responsáveis de que, caso optem por essa forma de pagamento, a falta de comprovação do recolhimento de qualquer parcela implicará o vencimento antecipado do saldo devedor, nos termos do art. 26, parágrafo único, e 59, da Lei 8.443/1992, c/c o art. 217, § 2º, do Regimento Interno/TCU;</p><p>9.5. autorizar a cobrança judicial das dívidas, caso não atendidas as notificações, nos termos do art. 28, inciso II, da Lei 8.443/1992;</p><p>9.6. enviar cópia do presente acórdão ao Fundo Nacional de Saúde, aos responsáveis e à Procuradoria Regional da República no Estado de Minas Gerais, nos termos do § 3º do art. 16 da Lei 8.443/1992, c/c o § 7º do art. 209 do Regimento Interno/TCU, informando-lhes que a deliberação, acompanhada do Relatório e do Voto que a fundamentam, está disponível para consulta no endereço www.tcu.gov.br/acordaos.</p><p>10. Ata n° 26/2025 - 2ª Câmara.</p><p>11. Data da Sessão: 29/7/2025 - Ordinária.</p><p>12. Código eletrônico para localização na página do TCU na Internet: AC-4617-26/25-2.</p><p>13. Especificação do quórum:</p><p>13.1. Ministros presentes: Augusto Nardes (na Presidência), Aroldo Cedraz (Relator), Jorge Oliveira e Antônio Anastasia.</p><p>13.2. Ministro-Substituto presente: Marcos Bemquerer Costa.</p><p>ACÓRDÃO Nº 4618/2025 - TCU - 2ª Câmara</p><p>1. Processo TC 028.327/2020-9.</p>]]></Texto>
  </body>
  <Midias />
</article></xml>