﻿<xml><article id="44749465" name="Resolucao CREMEC NA 71_2025" idOficio="11190414" pubName="DO1" artType="Resolução" pubDate="04/08/2025" artClass="00071:00370:00000:00000:00000:00000:00000:00000:00000:00000:00064:00000" artCategory="Entidades de Fiscalização do Exercício das Profissões Liberais/Conselho Regional de Medicina do Estado do Ceará" artSize="12" artNotes="" numberPage="214" pdfPage="http://pesquisa.in.gov.br/imprensa/jsp/visualiza/index.jsp?data=04/08/2025&amp;jornal=515&amp;pagina=214" editionNumber="145" highlightType="" highlightPriority="" highlight="" highlightimage="" highlightimagename="" idMateria="22946971">
  <body>
    <Identifica><![CDATA[ Resolução CREMEC Nº 71, de 1º de julho de 2025]]></Identifica>
    <Data><![CDATA[]]></Data>
    <Ementa><![CDATA[Dispõe sobre a adequação da Resolução CREMEC  em conformidade com a Resolução CFM nº 2442/2025]]></Ementa>
    <Titulo />
    <SubTitulo />
    <Texto><![CDATA[<p class="identifica">Resolução CREMEC Nº 71, de 1º de julho de 2025</p><p class="ementa">Dispõe sobre a adequação da Resolução CREMEC em conformidade com a Resolução CFM nº 2442/2025</p><p>O CONSELHO REGIONAL DE MEDICINA DO ESTADO DO CEARÁ - CREMEC, no uso das atribuições conferidas pela Lei nº 3.268, de 30 de setembro de 1957, regulamentada pelo Decreto nº 44.045, de 19 de julho de 1958, e conforme deliberação da Plenária resolve:</p><p>Art. 1º A partir de 1º de agosto de 2025, o valor do auxílio de representação a ser pago em atividade por videoconferência/virtual, fora das dependências do CREMEC, sem necessidade de deslocamento do conselheiro, será de 50% (cinquenta por cento) do valor fixado para as atividades presenciais, conforme estabelecido na Resolução CFM n 2.442/2025, publicado no Diário Oficial da União em 24/07/2025.</p><p>Art. 2º Entende-se por período: matutino é o intervalo compreendido entre 6h e 11h59min; vespertino é o intervalo compreendido entre 12h e 17h59min; noturno é o intervalo compreendido entre 18h e 23h59min</p><p>Art. 3º Esta Resolução entra em vigor na data de sua publicação, com efeitos a partir de 01 de agosto de 2025.</p><p class="assina">INÊS TAVARES VALE E MELO</p><p class="cargo">Presidente do Conselho</p><p class="assina">REGINA LÚCIA PORTELA DINIZ</p><p class="cargo">Primeira-Tesoureira</p>]]></Texto>
  </body>
  <Midias />
</article></xml>