﻿<xml><article id="44722712" name="Aut-469_2025" idOficio="11189357" pubName="DO1" artType="Autorização" pubDate="01/08/2025" artClass="00035:00045:00001:00000:00000:00000:00000:00000:00000:00000:00012:00000" artCategory="Ministério de Minas e Energia/Agência Nacional do Petróleo, Gás Natural e Biocombustíveis/Superintendência de Infraestrutura e Movimentação" artSize="12" artNotes="" numberPage="83" pdfPage="http://pesquisa.in.gov.br/imprensa/jsp/visualiza/index.jsp?data=01/08/2025&amp;jornal=515&amp;pagina=83" editionNumber="144" highlightType="" highlightPriority="" highlight="" highlightimage="" highlightimagename="" idMateria="22945414">
  <body>
    <Identifica><![CDATA[ AUTORIZAÇÃO SIM-ANP Nº 469, DE 31 DE JULHO DE 2025]]></Identifica>
    <Data><![CDATA[]]></Data>
    <Ementa />
    <Titulo />
    <SubTitulo />
    <Texto><![CDATA[<p class="identifica">AUTORIZAÇÃO SIM-ANP Nº 469, DE 31 DE JULHO DE 2025</p><p>A SUPERINTENDENTE DE INFRAESTRUTURA E MOVIMENTAÇÃO da AGÊNCIA NACIONAL DO PETRÓLEO, GÁS NATURAL E BIOCOMBUSTÍVEIS - ANP, no uso das atribuições que lhe foram conferidas pela Portaria ANP nº 265, de 10 de setembro de 2020, tendo em vista o que consta do processo ANP nº 48610.226312/2024-75 e considerando o atendimento às exigências da Resolução ANP nº 52, de 2 de dezembro de 2015, torna público o seguinte ato:</p><p>Art.1º Fica a Nova Transportadora do Sudeste S.A. - NTS cujo registro no Cadastro Nacional de Pessoa Jurídica (CNPJ) é o de nº 04.992.714/0001-84, autorizada a reduzir a vazão mínima do ponto de entrega (PE) Suzano, localizado no Km 299 do GASPAL, Município de Suzano, Estado de São Paulo, descrita na tabela 11, alínea "j" da Autorização nº 720, de 24 de outubro de 2017, publicada no Diário Oficial da União em 25 de outubro de 2017; de 760.000 m <sup>3</sup> /dia para 350.000 m <sup>3</sup> /dia.</p><p>Art.2º Esta Autorização será cancelada no caso de não serem mantidas as condições técnicas previstas e comprovadas para a presente outorga.</p><p>Art.3º Esta Autorização entra em vigor na data de sua publicação.</p><p class="assina">PATRICIA HUGUENIN BARAN</p>]]></Texto>
  </body>
  <Midias />
</article></xml>