﻿<xml><article id="44734040" name="7609 Autoriza o repasse 25000.09" idOficio="11191363" pubName="DO1" artType="Portaria" pubDate="01/08/2025" artClass="00047:00001:00000:00000:00000:00000:00000:00000:00000:00000:00054:00000" artCategory="Ministério da Saúde/Gabinete do Ministro" artSize="12" artNotes="" numberPage="101" pdfPage="http://pesquisa.in.gov.br/imprensa/jsp/visualiza/index.jsp?data=01/08/2025&amp;jornal=515&amp;pagina=101" editionNumber="144" highlightType="" highlightPriority="" highlight="" highlightimage="" highlightimagename="" idMateria="22948639">
  <body>
    <Identifica><![CDATA[ Portaria GM/MS Nº 7.609, DE 17 DE julho DE 2025]]></Identifica>
    <Data><![CDATA[]]></Data>
    <Ementa><![CDATA[ Autoriza o repasse referente ao incremento financeiro emergencial de custeio de resposta às emergências em saúde pública no âmbito do Sistema Único de Saúde.]]></Ementa>
    <Titulo />
    <SubTitulo />
    <Texto><![CDATA[<p class="identifica">Portaria GM/MS Nº 7.609, DE 17 DE julho DE 2025</p><p class="ementa">Autoriza o repasse referente ao incremento financeiro emergencial de custeio de resposta às emergências em saúde pública no âmbito do Sistema Único de Saúde.</p><p>O MINISTRO DE ESTADO DA SAÚDE, no uso da atribuição que lhe confere o inciso I do parágrafo único do art. 87 da Constituição, e considerando a Portaria GM/MS nº 6.495 de 31 de dezembro de 2024, que alterou Portaria de Consolidação GM/MS nº 6, de 28 de setembro de 2017, para regulamentar o incremento financeiro de que trata o inciso II do art. 8º, no caso de custeio para preparação e resposta a emergências em saúde pública no âmbito do Sistema Único de Saúde - SUS, resolve:</p><p>Art. 1º Aprovar o repasse financeiro emergencial do Fundo Nacional de Saúde para o Fundo de Saúde Municipal, em parcela única, na forma do Anexo, para o custeio de resposta a emergências em saúde na forma do artigo 8º-C da Portaria GM/MS nº 6.495 de 31 de dezembro de 2024.</p><p>Art. 2º O Fundo Nacional de Saúde adotará as medidas necessárias às transferências dos recursos estabelecidos nesta Portaria ao respectivo Fundo de Saúde, em conformidade com o processo de pagamento instruído.</p><p>Art. 3º O repasse de eventuais parcelas subsequentes, ficará condicionado ao cumprimento dos requisitos estabelecidos no §7º do Art. 8-C, da Portaria GM/MS nº 6.495 de 31 de dezembro de 2024, pelo ente beneficiário.</p><p>Art. 4º O ente beneficiário deverá comprovar a aplicação dos recursos financeiros recebidos por meio do Relatório Anual de Gestão - RAG, nos termos do art. 660 da Portaria de Consolidação GM/MS nº 6, de 2017.</p><p>Art. 5º Os recursos financeiros para a execução das atividades de que trata esta Portaria são oriundos do orçamento do Ministério da Saúde, devendo onerar as seguintes Funcionais Programáticas:</p><p>I - Programa de Trabalho 10.305.5123.20AL - Apoio aos Estados, Distrito Federal e Municípios para a Vigilância em Saúde - Plano Orçamentário 0005;</p><p>II - Programa de Trabalho 10.301.5119.219A.0001 - Piso de Atenção Primária à Saúde - Plano Orçamentário 000G;</p><p>III - Programa de Trabalho 10.302.5118.8585 - Atenção à Saúde da População para procedimentos em Média e Alta Complexidade Plano Orçamentário - 0002;</p><p>Art. 6º. Esta Portaria entra em vigor na data de sua publicação.</p><p class="assina">ALEXANDRE ROCHA SANTOS PADILHA</p><p class="anexo">ANEXO</p><p /><p></p><table><tr /><tr><td rowspan="1" colspan="1"><p>UF</p></td><td rowspan="1" colspan="1"><p>IBGE</p></td><td rowspan="1" colspan="1"><p>MUNICÍPIO</p></td><td rowspan="1" colspan="3"><p>PROGRAMA DE TRABALHO</p></td></tr><tr><td rowspan="1" colspan="1"><p></p></td><td rowspan="1" colspan="1"><p></p></td><td rowspan="1" colspan="1"><p></p></td><td rowspan="1" colspan="1"><p>10.305.5123.20AL</p></td><td rowspan="1" colspan="1"><p>10.301.5119.219A</p></td><td rowspan="1" colspan="1"><p>10.302.5118.8585</p></td></tr><tr><td rowspan="1" colspan="1"><p>AM</p></td><td rowspan="1" colspan="1"><p>130230</p></td><td rowspan="1" colspan="1"><p>JUTAÍ</p></td><td rowspan="1" colspan="1"><p>R$ 46.225,07</p></td><td rowspan="1" colspan="1"><p>R$ 72.384,00</p></td><td rowspan="1" colspan="1"><p>R$ 454,00</p></td></tr><tr><td rowspan="1" colspan="3"><p>TOTAL GERAL</p></td><td rowspan="1" colspan="3"><p>R$ 119.063,07</p></td></tr></table>]]></Texto>
  </body>
  <Midias />
</article></xml>