﻿<xml><article id="44732229" name="290705_DF_FGTS_2025" idOficio="11185158" pubName="DO1" artType="Demonstração Contábil" pubDate="01/08/2025" artClass="00028:00044:00973:00000:00000:00000:00000:00000:00000:00000:00023:00000" artCategory="Ministério da Fazenda/Caixa Econômica Federal/Agente Operador do FGTS" artSize="24" artNotes="" numberPage="31" pdfPage="http://pesquisa.in.gov.br/imprensa/jsp/visualiza/index.jsp?data=01/08/2025&amp;jornal=515&amp;pagina=31" editionNumber="144" highlightType="" highlightPriority="" highlight="" highlightimage="" highlightimagename="" idMateria="22938883">
  <body>
    <Identifica><![CDATA[ DEMONSTRAÇÕES CONTÁBEIS]]></Identifica>
    <Data><![CDATA[]]></Data>
    <Ementa />
    <Titulo />
    <SubTitulo />
    <Texto><![CDATA[<p class="identifica">DEMONSTRAÇÕES CONTÁBEIS</p><img name="1_MF_1_001" /><img name="1_MF_1_002" /><img name="1_MF_1_003" /><img name="1_MF_1_004" /><img name="1_MF_1_005" /><img name="1_MF_1_006" /><img name="1_MF_1_007" /><img name="1_MF_1_008" /><img name="1_MF_1_009" /><img name="1_MF_1_010" /><img name="1_MF_1_011" /><img name="1_MF_1_012" /><img name="1_MF_1_013" /><img name="1_MF_1_014" /><img name="1_MF_1_015" /><img name="1_MF_1_016" /><img name="1_MF_1_017" /><img name="1_MF_1_018" /><img name="1_MF_1_019" /><img name="1_MF_1_020" /><img name="1_MF_1_021" /><img name="1_MF_1_022" /><img name="1_MF_1_023" /><img name="1_MF_1_024" /><img name="1_MF_1_025" /><img name="1_MF_1_026" /><img name="1_MF_1_027" /><img name="1_MF_1_028" />]]></Texto>
  </body>
  <Midias>
    <Midia></Midia>
    <Midia></Midia>
    <Midia></Midia>
    <Midia></Midia>
    <Midia></Midia>
    <Midia></Midia>
    <Midia></Midia>
    <Midia></Midia>
    <Midia></Midia>
    <Midia></Midia>
    <Midia></Midia>
    <Midia></Midia>
    <Midia></Midia>
    <Midia></Midia>
    <Midia></Midia>
    <Midia></Midia>
    <Midia></Midia>
    <Midia></Midia>
    <Midia></Midia>
    <Midia></Midia>
    <Midia></Midia>
    <Midia></Midia>
    <Midia></Midia>
    <Midia></Midia>
    <Midia></Midia>
    <Midia></Midia>
    <Midia></Midia>
    <Midia></Midia>
  </Midias>
</article></xml>