﻿<xml><article id="44727611" name="Deliberacao NA 1751 INCOM" idOficio="11190514" pubName="DO1" artType="Deliberação" pubDate="01/08/2025" artClass="00027:00017:00013:00002:00000:00000:00000:00000:00000:00000:00022:00000" artCategory="Ministério do Esporte/Secretaria Nacional de Esporte Amador, Educação, Lazer e Inclusão Social/Diretoria de Programas e Políticas de Incentivo ao Esporte/Coordenação-Geral de Gestão da Lei Federal de Incentivo ao Esporte" artSize="12" artNotes="" numberPage="26" pdfPage="http://pesquisa.in.gov.br/imprensa/jsp/visualiza/index.jsp?data=01/08/2025&amp;jornal=515&amp;pagina=26" editionNumber="144" highlightType="" highlightPriority="" highlight="" highlightimage="" highlightimagename="" idMateria="22947111">
  <body>
    <Identifica><![CDATA[ DELIBERAÇÃO Nº 1.751, DE 31 DE JULHO DE 2025]]></Identifica>
    <Data><![CDATA[]]></Data>
    <Ementa><![CDATA[Dá publicidade aos projetos desportivos, relacionados no anexo I, aprovados nas reuniões ordinárias e extraordinária realizadas em 26/02/2025, 19/03/2025, 15/05/2025, 12/06/2025 e 10/07/2025.]]></Ementa>
    <Titulo />
    <SubTitulo />
    <Texto><![CDATA[<p class="identifica">DELIBERAÇÃO Nº 1.751, DE 31 DE JULHO DE 2025</p><p class="ementa">Dá publicidade aos projetos desportivos, relacionados no anexo I, aprovados nas reuniões ordinárias e extraordinária realizadas em 26/02/2025, 19/03/2025, 15/05/2025, 12/06/2025 e 10/07/2025.</p><p>A COMISSÃO TÉCNICA VINCULADA AO MINISTÉRIO DO ESPORTE que trata a Lei nº 11.438 de 29 de dezembro de 2006, instituída pela Portaria nº 4, de 9 de janeiro de 2024, considerando:</p><p>a) a aprovação dos projetos desportivos, relacionados no anexo I, aprovados nas reuniões ordinárias e extraordinária realizadas em 26/02/2025, 19/03/2025, 15/05/2025, 12/06/2025 e 10/07/2025.</p><p>b) a comprovação pelo proponente de projeto desportivo aprovado, das respectivas regularidades fiscais e tributárias nas esferas federal, estadual e municipal, nos termos do parágrafo único do art. 27 do Decreto nº 6.180 de 03 de agosto de 2007 decide:</p><p>Art. 1º Tornar pública, para os efeitos da Lei nº 11.438 de 2006 e do Decreto nº 6.180 de 2007, a aprovação do projeto desportivo relacionado no anexo I.</p><p>Art. 2º Autorizar a captação de recursos, nos termos e prazos expressos, mediante doações ou patrocínios, para o projeto desportivo relacionado no anexo I.</p><p>Art. 3º Esta deliberação entra em vigor na data de sua publicação.</p><p class="assina">JOSEANE SALMITO DE ARAÚJO SITÔNIO</p><p class="cargo">Presidente da Comissão Técnica de Lei de Incentivo ao Esporte</p><p class="cargo">Substituta</p><p>ANEXO I</p><p>1 - Processo: 71000.045928/2025-28</p><p>Proponente: Associação de Pais e Amigos dos Excepcionais</p><p>Título: Multidesportivo 2</p><p>Registro: 2500877</p><p>Manifestação Desportiva: Desporto de Participação</p><p>CNPJ: 02.550.083/0001-18</p><p>Cidade: Crixás UF: GO</p><p>Valor autorizado para captação: R$ 225.801,32</p><p>Dados Bancários: Banco do Brasil Agência nº 2019 DV: 2 Conta Corrente (Captação) vinculada nº 18862-X</p><p>Período de Captação até: 10/07/2027</p><p>2 - Processo: 71000.044840/2025-99</p><p>Proponente: Associação Desportiva Belos Futsal</p><p>Título: Campeões da Vida</p><p>Registro: 2500839</p><p>Manifestação Desportiva: Desporto Educacional</p><p>CNPJ: 41.814.249/0001-18</p><p>Cidade: Teresina UF: PI</p><p>Valor autorizado para captação: R$ 501.273,90</p><p>Dados Bancários: Banco do Brasil Agência nº 5602 DV: 2 Conta Corrente (Captação) vinculada nº 90148-2</p><p>Período de Captação até: 10/07/2027</p><p>3 - Processo: 71000.083476/2024-00</p><p>Proponente: Associação Esportiva Master do Caxias</p><p>Título: Escolinha de Futebol de Campo da Associação Esportiva Master do Caxias</p><p>Registro: 2406601</p><p>Manifestação Desportiva: Desporto Educacional</p><p>CNPJ: 42.079.068/0001-58</p><p>Cidade: Palmas UF: TO</p><p>Valor autorizado para captação: R$ 408.018,50</p><p>Dados Bancários: Banco do Brasil Agência nº 0615 DV: X Conta Corrente (Captação) vinculada nº 50885-3</p><p>Período de Captação até: 10/07/2027</p><p>4 - Processo: 71000.043898/2025-15</p><p>Proponente: Associação Projeto Social Sementinhas - Semeando Um Novo Jardim</p><p>Título: Sementinhas do Esporte</p><p>Registro: 2500780</p><p>Manifestação Desportiva: Desporto Educacional</p><p>CNPJ: 21.015.936/0001-66</p><p>Cidade: Araranguá UF: SC</p><p>Valor autorizado para captação: R$ 334.100,00</p><p>Dados Bancários: Banco do Brasil Agência nº 0540 DV: 1 Conta Corrente (Captação) vinculada nº 57442-2</p><p>Período de Captação até: 10/07/2027</p><p>5 - Processo: 71000.073162/2024-91</p><p>Proponente: Associação Esportiva e Cultural Kefas</p><p>Título: Futsal para todos</p><p>Registro: 2405498</p><p>Manifestação Desportiva: Desporto Educacional</p><p>CNPJ: 21.298.922/0001-05</p><p>Cidade: Ipatinga UF: MG</p><p>Valor autorizado para captação: R$ 371.847,00</p><p>Dados Bancários: Banco do Brasil Agência nº 1009 DV: X Conta Corrente (Captação) vinculada nº 139970-5</p><p>Período de Captação até: 15/05/2027</p><p>6 - Processo: 71000.073166/2024-79</p><p>Proponente: Associação Buritis de Esporte e Cultura</p><p>Título: Handebol</p><p>Registro: 2405502</p><p>Manifestação Desportiva: Desporto Educacional</p><p>CNPJ: 12.382.472/0001-35</p><p>Cidade: Belo Horizonte UF: MG</p><p>Valor autorizado para captação: R$ 419.501,00</p><p>Dados Bancários: Banco do Brasil Agência nº 4403 DV: 2 Conta Corrente (Captação) vinculada nº 30050-0</p><p>Período de Captação até: 26/02/2027</p><p>7 - Processo: 71000.082275/2024-87</p><p>Proponente: Associação Tupy de Esportes</p><p>Título: Bom de Bola, Bom na Escola</p><p>Registro: 2406404</p><p>Manifestação Desportiva: Desporto Educacional</p><p>CNPJ: 04.313.675/0001-41</p><p>Cidade: Jussara UF: GO</p><p>Valor autorizado para captação: R$ 595.849,32</p><p>Dados Bancários: Banco do Brasil Agência nº 0639 DV: 4 Conta Corrente (Captação) vinculada nº 27658-8</p><p>Período de Captação até: 19/03/2027</p><p>8 - Processo: 71000.040141/2025-70</p><p>Proponente: Confederação Brasileira de Tiro de Combate - CBTC</p><p>Título: Introdução ao Tiro Desportivo - CBTC</p><p>Registro: 2500653</p><p>Manifestação Desportiva: Desporto de Rendimento</p><p>CNPJ: 53.763.477/0001-95</p><p>Cidade: Belo Horizonte UF: MG</p><p>Valor autorizado para captação: R$ 377.870,77</p><p>Dados Bancários: Banco do Brasil Agência nº 1626 DV: 8 Conta Corrente (Captação) vinculada nº 72761-X</p><p>Período de Captação até: 10/07/2027</p><p>9 - Processo: 71000.000503/2025-90</p><p>Proponente: Fundação Cutural Niponica Brasileira</p><p>Título: Sana E-Sports 2025</p><p>Registro: 2405243</p><p>Manifestação Desportiva: Desporto de Rendimento</p><p>CNPJ: 07.741.670/0001-08</p><p>Cidade: Eusébio UF: CE</p><p>Valor autorizado para captação: R$ 397.500,91</p><p>Dados Bancários: Banco do Brasil Agência nº 3589 DV: 0 Conta Corrente (Captação) vinculada nº 78023-5</p><p>Período de Captação até: 26/02/2027</p><p>10 - Processo: 71000.036218/2025-15</p><p>Proponente: Federação Baiana de Patinagem</p><p>Título: Patina Bahia</p><p>Registro: 2500502</p><p>Manifestação Desportiva: Desporto de Participação</p><p>CNPJ: 46.034.533/0001-95</p><p>Cidade: Salvador UF: BA</p><p>Valor autorizado para captação: R$ 125.153,75</p><p>Dados Bancários: Banco do Brasil Agência nº 1599 DV: 7 Conta Corrente (Captação) vinculada nº 87895-2</p><p>Período de Captação até: 12/06/2027</p><p>11 - Processo: 71000.083514/2024-16</p><p>Proponente: Instituto Catalise</p><p>Título: Favera Esporte em Ação</p><p>Registro: 2406641</p><p>Manifestação Desportiva: Desporto Educacional</p><p>CNPJ: 43.977.687/0001-22</p><p>Cidade: Goiânia UF: GO</p><p>Valor autorizado para captação: R$ 553.786,15</p><p>Dados Bancários: Banco do Brasil Agência nº 3689 DV: 7 Conta Corrente (Captação) vinculada nº 56037-5</p><p>Período de Captação até: 10/07/2027</p><p>12 - Processo: 71000.041201/2025-71</p><p>Proponente: Instituto Brasil Adentro</p><p>Título: Juninho Berlanda - Stock Car Light</p><p>Registro: 2500722</p><p>Manifestação Desportiva: Desporto de Rendimento</p><p>CNPJ: 07.590.297/0001-31</p><p>Cidade: Brasília UF: DF</p><p>Valor autorizado para captação: R$ 812.349,63</p><p>Dados Bancários: Banco do Brasil Agência nº 3129 DV: 1 Conta Corrente (Captação) vinculada nº 36310-3</p><p>Período de Captação até: 10/07/2027</p><p>13 - Processo: 71000.037523/2025-16</p><p>Proponente: Instituto Fernando Scheffer</p><p>Título: Muito Bom É Pouco! Ciclo de Palestras - Ano 01</p><p>Registro: 2500558</p><p>Manifestação Desportiva: Desporto de Rendimento</p><p>CNPJ: 53.301.145/0001-99</p><p>Cidade: São Caetano do Sul UF: SP</p><p>Valor autorizado para captação: R$ 1.310.008,66</p><p>Dados Bancários: Banco do Brasil Agência nº 0322 DV: 0 Conta Corrente (Captação) vinculada nº 82320-1</p><p>Período de Captação até: 12/06/2027</p><p>14 - Processo: 71000.032967/2025-65</p><p>Proponente: Instituto Fernando Scheffer</p><p>Título: Muito Bom É Pouco! Gerando Novos Talentos - Ano 01</p><p>Registro: 2500422</p><p>Manifestação Desportiva: Desporto de Rendimento</p><p>CNPJ: 53.301.145/0001-99</p><p>Cidade: São Caetano do Sul UF: SP</p><p>Valor autorizado para captação: R$ 1.266.322,47</p><p>Dados Bancários: Banco do Brasil Agência nº 0322 DV: 0 Conta Corrente (Captação) vinculada nº 82321-X</p><p>Período de Captação até: 12/06/2027.</p>]]></Texto>
  </body>
  <Midias />
</article></xml>