﻿<xml><article id="44733087" name="7788 PortariaPropostaFAF_2025073" idOficio="11191251" pubName="DO1" artType="Portaria" pubDate="01/08/2025" artClass="00047:00001:00000:00000:00000:00000:00000:00000:00000:00000:00054:00000" artCategory="Ministério da Saúde/Gabinete do Ministro" artSize="24" artNotes="" numberPage="113" pdfPage="http://pesquisa.in.gov.br/imprensa/jsp/visualiza/index.jsp?data=01/08/2025&amp;jornal=515&amp;pagina=113" editionNumber="144" highlightType="" highlightPriority="" highlight="" highlightimage="" highlightimagename="" idMateria="22948522">
  <body>
    <Identifica><![CDATA[ PORTARIA GM/MS Nº 7.788, DE 31 DE JULHO DE 2025]]></Identifica>
    <Data><![CDATA[]]></Data>
    <Ementa><![CDATA[ Autoriza o  Município ou Distrito Federal a receber recursos referentes ao incremento temporário ao custeio dos serviços de Atenção Primária à Saúde. ]]></Ementa>
    <Titulo />
    <SubTitulo />
    <Texto><![CDATA[<p class="identifica">PORTARIA GM/MS Nº 7.788, DE 31 DE JULHO DE 2025</p><p class="ementa">Autoriza o Município ou Distrito Federal a receber recursos referentes ao incremento temporário ao custeio dos serviços de Atenção Primária à Saúde.</p><p>O MINISTRO DE ESTADO DA SAÚDE, no uso das atribuições que lhe conferem os incisos I e II do parágrafo único do art. 87 da Constituição, em observância a Lei nº 15.121, de 10 de abril de 2025, Lei Complementar nº 141, de 13 de janeiro de 2012, Lei nº 8.080, de 19 de setembro de 1990, resolve:</p><p>Art. 1º Ficam autorizados os Municípios e o Distrito Federal descritos no anexo a esta Portaria a receberem recursos financeiros referentes ao incremento temporário para o custeio dos serviços de Atenção Primária à Saúde.</p><p>Art. 2º Os recursos financeiros tratados nesta Portaria referem-se à aplicação das emendas parlamentares para incremento temporário do Piso da Atenção Primária à Saúde.</p><p>Art. 3º As propostas de que tratam esta portaria serão processadas no InvestSUS, disponível no portalfns.saude.gov.br.</p><p>Art. 4º O Fundo Nacional de Saúde adotará as medidas necessárias para as transferências de recursos financeiros estabelecidas nesta Portaria aos respectivos Fundos de Saúde, em parcela única, em conformidade com os processos de pagamento instruídos pela Secretaria Finalística, após atendidas as condições previstas para essa modalidade de transferência.</p><p>Art. 5º A prestação de contas sobre a aplicação dos recursos financeiros será realizada por meio do Relatório Anual de Gestão - RAG aprovado pelo respectivo Conselho local de saúde, nos termos dos artigos 34 a 36 da Lei Complementar nº 141, de 14 de janeiro de 2012.</p><p>Art. 6º Esta Portaria entra em vigor na data de sua publicação.</p><p class="assina">ALEXANDRE ROCHA SANTOS PADILHA</p><p class="anexo">ANEXO</p><p>Entes federados autorizados a receberem recursos financeiros federais de emendas destinados ao incremento temporário ao custeio dos serviços de Atenção Primária à Saúde.</p><p /><p></p><table><tr /><tr><td rowspan="1" colspan="1"><p>UF</p></td><td rowspan="1" colspan="1"><p>MUNICÍPIO</p></td><td rowspan="1" colspan="1"><p>ENTIDADE</p></td><td rowspan="1" colspan="1"><p>Nº DA PROPOSTA</p></td><td rowspan="1" colspan="1"><p>CÓD. EMENDA</p></td><td rowspan="1" colspan="1"><p>VALOR POR EMENDA (R$)</p></td><td rowspan="1" colspan="1"><p>VALOR TOTAL DA PROPOSTA (R$)</p></td><td rowspan="1" colspan="1"><p>FUNCIONAL PROGRAMÁTICA</p></td></tr><tr><td rowspan="1" colspan="1"><p>AP</p></td><td rowspan="1" colspan="1"><p>MACAPA</p></td><td rowspan="1" colspan="1"><p>FUNDO MUNICIPAL DE SAUDE DO MUNICIPIO DE MACAPA</p></td><td rowspan="1" colspan="1"><p>36000678951202500</p></td><td rowspan="1" colspan="1"><p>44770001</p></td><td rowspan="1" colspan="1"><p>2.324.492,00</p></td><td rowspan="1" colspan="1"><p>2.324.492,00</p></td><td rowspan="1" colspan="1"><p>1030151192E890016</p></td></tr><tr><td rowspan="1" colspan="1"><p>AP</p></td><td rowspan="1" colspan="1"><p>MACAPA</p></td><td rowspan="1" colspan="1"><p>FUNDO MUNICIPAL DE SAUDE DO MUNICIPIO DE MACAPA</p></td><td rowspan="1" colspan="1"><p>36000678952202500</p></td><td rowspan="1" colspan="1"><p>44500001</p></td><td rowspan="1" colspan="1"><p>1.824.491,00</p></td><td rowspan="1" colspan="1"><p>1.824.491,00</p></td><td rowspan="1" colspan="1"><p>1030151192E890016</p></td></tr><tr><td rowspan="1" colspan="1"><p>BA</p></td><td rowspan="1" colspan="1"><p>ARATUIPE</p></td><td rowspan="1" colspan="1"><p>FUNDO MUNICIPAL DE SAUDE DE ARATUIPE</p></td><td rowspan="1" colspan="1"><p>36000677624202500</p></td><td rowspan="1" colspan="1"><p>13310002</p></td><td rowspan="1" colspan="1"><p>1.000.000,00</p></td><td rowspan="1" colspan="1"><p>1.000.000,00</p></td><td rowspan="1" colspan="1"><p>1030151192E890029</p></td></tr><tr><td rowspan="1" colspan="1"><p>BA</p></td><td rowspan="1" colspan="1"><p>LAJEDINHO</p></td><td rowspan="1" colspan="1"><p>FUNDO MUNICIPAL DE SAUDE</p></td><td rowspan="1" colspan="1"><p>36000650480202500</p></td><td rowspan="1" colspan="1"><p>37950001</p></td><td rowspan="1" colspan="1"><p>900.000,00</p></td><td rowspan="1" colspan="1"><p>900.000,00</p></td><td rowspan="1" colspan="1"><p>1030151192E890029</p></td></tr><tr><td rowspan="1" colspan="1"><p>BA</p></td><td rowspan="1" colspan="1"><p>LIVRAMENTO DE NOSSA SENHORA</p></td><td rowspan="1" colspan="1"><p>FUNDO MUNICIPAL DE SAUDE</p></td><td rowspan="1" colspan="1"><p>36000679613202500</p></td><td rowspan="1" colspan="1"><p>44620001</p></td><td rowspan="1" colspan="1"><p>450.000,00</p></td><td rowspan="1" colspan="1"><p>450.000,00</p></td><td rowspan="1" colspan="1"><p>1030151192E890029</p></td></tr><tr><td rowspan="1" colspan="1"><p>BA</p></td><td rowspan="1" colspan="1"><p>MIRANGABA</p></td><td rowspan="1" colspan="1"><p>FUNDO MUNICIPAL DE SAUDE</p></td><td rowspan="1" colspan="1"><p>36000646049202500</p></td><td rowspan="1" colspan="1"><p>43550002</p></td><td rowspan="1" colspan="1"><p>500.000,00</p></td><td rowspan="1" colspan="1"><p>500.000,00</p></td><td rowspan="1" colspan="1"><p>1030151192E890029</p></td></tr><tr><td rowspan="1" colspan="1"><p>BA</p></td><td rowspan="1" colspan="1"><p>MUNDO NOVO</p></td><td rowspan="1" colspan="1"><p>FUNDO MUNICIPAL DE SAUDE DE MUNDO NOVO-FUMSAUDE</p></td><td rowspan="1" colspan="1"><p>36000663826202500</p></td><td rowspan="1" colspan="1"><p>41230003</p></td><td rowspan="1" colspan="1"><p>1.000.000,00</p></td><td rowspan="1" colspan="1"><p>1.000.000,00</p></td><td rowspan="1" colspan="1"><p>1030151192E890029</p></td></tr><tr><td rowspan="1" colspan="1"><p>BA</p></td><td rowspan="1" colspan="1"><p>MUNDO NOVO</p></td><td rowspan="1" colspan="1"><p>FUNDO MUNICIPAL DE SAUDE DE MUNDO NOVO-FUMSAUDE</p></td><td rowspan="1" colspan="1"><p>36000664017202500</p></td><td rowspan="1" colspan="1"><p>37950001</p></td><td rowspan="1" colspan="1"><p>1.000.000,00</p></td><td rowspan="1" colspan="1"><p>1.000.000,00</p></td><td rowspan="1" colspan="1"><p>1030151192E890029</p></td></tr><tr><td rowspan="1" colspan="1"><p>BA</p></td><td rowspan="1" colspan="1"><p>SANTA LUZIA</p></td><td rowspan="1" colspan="1"><p>FUNDO MUNICIPAL DE SAUDE DE SANTA LUZIA</p></td><td rowspan="1" colspan="1"><p>36000678760202500</p></td><td rowspan="1" colspan="1"><p>36940012</p></td><td rowspan="1" colspan="1"><p>200.000,00</p></td><td rowspan="1" colspan="1"><p>200.000,00</p></td><td rowspan="1" colspan="1"><p>1030151192E890029</p></td></tr><tr><td rowspan="1" colspan="1"><p>BA</p></td><td rowspan="1" colspan="1"><p>SEABRA</p></td><td rowspan="1" colspan="1"><p>FUNDO MUNICIPAL DE SAUDE</p></td><td rowspan="1" colspan="1"><p>36000674547202500</p></td><td rowspan="1" colspan="1"><p>13390003</p></td><td rowspan="1" colspan="1"><p>500.000,00</p></td><td rowspan="1" colspan="1"><p>500.000,00</p></td><td rowspan="1" colspan="1"><p>1030151192E890029</p></td></tr><tr><td rowspan="1" colspan="1"><p>BA</p></td><td rowspan="1" colspan="1"><p>UBATA</p></td><td rowspan="1" colspan="1"><p>FUNDO MUNICIPAL DE SAUDE DE UBATA</p></td><td rowspan="1" colspan="1"><p>36000662242202500</p></td><td rowspan="1" colspan="1"><p>40310002</p></td><td rowspan="1" colspan="1"><p>300.000,00</p></td><td rowspan="1" colspan="1"><p>300.000,00</p></td><td rowspan="1" colspan="1"><p>1030151192E890029</p></td></tr><tr><td rowspan="1" colspan="1"><p>CE</p></td><td rowspan="1" colspan="1"><p>BARRO</p></td><td rowspan="1" colspan="1"><p>FUNDO MUNICIPAL DE SAUDE DE BARRO</p></td><td rowspan="1" colspan="1"><p>36000672726202500</p></td><td rowspan="1" colspan="1"><p>43400001</p></td><td rowspan="1" colspan="1"><p>200.000,00</p></td><td rowspan="1" colspan="1"><p>200.000,00</p></td><td rowspan="1" colspan="1"><p>1030151192E890023</p></td></tr><tr><td rowspan="1" colspan="1"><p>CE</p></td><td rowspan="1" colspan="1"><p>MILHA</p></td><td rowspan="1" colspan="1"><p>FUNDO MUNICIPAL DE SAUDE DO MUNICIPIO DE MILHA</p></td><td rowspan="1" colspan="1"><p>36000666084202500</p></td><td rowspan="1" colspan="1"><p>39360002</p></td><td rowspan="1" colspan="1"><p>500.000,00</p></td><td rowspan="1" colspan="1"><p>500.000,00</p></td><td rowspan="1" colspan="1"><p>1030151192E890023</p></td></tr><tr><td rowspan="1" colspan="1"><p>CE</p></td><td rowspan="1" colspan="1"><p>QUIXADA</p></td><td rowspan="1" colspan="1"><p>FUNDO MUNICIPAL DA SAUDE DE QUIXADA</p></td><td rowspan="1" colspan="1"><p>36000669252202500</p></td><td rowspan="1" colspan="1"><p>24410002</p></td><td rowspan="1" colspan="1"><p>2.037.406,00</p></td><td rowspan="1" colspan="1"><p>2.037.406,00</p></td><td rowspan="1" colspan="1"><p>1030151192E890023</p></td></tr><tr><td rowspan="1" colspan="1"><p>ES</p></td><td rowspan="1" colspan="1"><p>COLATINA</p></td><td rowspan="1" colspan="1"><p>FUNDO MUNICIPAL DE SAUDE DE COLATINA</p></td><td rowspan="1" colspan="1"><p>36000652284202500</p></td><td rowspan="1" colspan="1"><p>20290001</p></td><td rowspan="1" colspan="1"><p>500.000,00</p></td><td rowspan="1" colspan="1"><p>500.000,00</p></td><td rowspan="1" colspan="1"><p>1030151192E890032</p></td></tr><tr><td rowspan="1" colspan="1"><p>ES</p></td><td rowspan="1" colspan="1"><p>ITARANA</p></td><td rowspan="1" colspan="1"><p>FUNDO MUNICIPAL DE SAUDE DE ITARANA</p></td><td rowspan="1" colspan="1"><p>36000678035202500</p></td><td rowspan="1" colspan="1"><p>33120022</p></td><td rowspan="1" colspan="1"><p>200.000,00</p></td><td rowspan="1" colspan="1"><p>200.000,00</p></td><td rowspan="1" colspan="1"><p>1030151192E890032</p></td></tr><tr><td rowspan="1" colspan="1"><p>ES</p></td><td rowspan="1" colspan="1"><p>NOVA VENECIA</p></td><td rowspan="1" colspan="1"><p>FUNDO MUNICIPAL DE SAUDE</p></td><td rowspan="1" colspan="1"><p>36000678042202500</p></td><td rowspan="1" colspan="1"><p>27740001</p></td><td rowspan="1" colspan="1"><p>2.700.000,00</p></td><td rowspan="1" colspan="1"><p>2.700.000,00</p></td><td rowspan="1" colspan="1"><p>1030151192E890032</p></td></tr><tr><td rowspan="1" colspan="1"><p>GO</p></td><td rowspan="1" colspan="1"><p>PORTELANDIA</p></td><td rowspan="1" colspan="1"><p>FUNDO MUNICIPAL DE SAUDE</p></td><td rowspan="1" colspan="1"><p>36000673890202500</p></td><td rowspan="1" colspan="1"><p>29690001</p></td><td rowspan="1" colspan="1"><p>300.000,00</p></td><td rowspan="1" colspan="1"><p>300.000,00</p></td><td rowspan="1" colspan="1"><p>1030151192E890052</p></td></tr><tr><td rowspan="1" colspan="1"><p>MA</p></td><td rowspan="1" colspan="1"><p>PAULO RAMOS</p></td><td rowspan="1" colspan="1"><p>FUNDO MUNICIPAL DE SAUDE DE PAULO RAMOS</p></td><td rowspan="1" colspan="1"><p>36000645641202500</p></td><td rowspan="1" colspan="1"><p>38930005</p></td><td rowspan="1" colspan="1"><p>499.999,00</p></td><td rowspan="1" colspan="1"><p>499.999,00</p></td><td rowspan="1" colspan="1"><p>1030151192E890021</p></td></tr><tr><td rowspan="1" colspan="1"><p>MG</p></td><td rowspan="1" colspan="1"><p>ALVORADA DE MINAS</p></td><td rowspan="1" colspan="1"><p>FUNDO MUNICIPAL DE SAUDE DE ALVORADA DE MINAS</p></td><td rowspan="1" colspan="1"><p>36000678993202500</p></td><td rowspan="1" colspan="1"><p>43150003</p></td><td rowspan="1" colspan="1"><p>400.000,00</p></td><td rowspan="1" colspan="1"><p>400.000,00</p></td><td rowspan="1" colspan="1"><p>1030151192E890031</p></td></tr><tr><td rowspan="1" colspan="1"><p>MG</p></td><td rowspan="1" colspan="1"><p>BANDEIRA DO SUL</p></td><td rowspan="1" colspan="1"><p>FUNDO MUNICIPAL DE SAUDE</p></td><td rowspan="1" colspan="1"><p>36000655977202500</p></td><td rowspan="1" colspan="1"><p>24870001</p></td><td rowspan="1" colspan="1"><p>300.000,00</p></td><td rowspan="1" colspan="1"><p>300.000,00</p></td><td rowspan="1" colspan="1"><p>1030151192E890031</p></td></tr><tr><td rowspan="1" colspan="1"><p>MG</p></td><td rowspan="1" colspan="1"><p>BERILO</p></td><td rowspan="1" colspan="1"><p>FUNDO MUNICIPAL DE SAUDE/BERILO PREFEITURA</p></td><td rowspan="1" colspan="1"><p>36000678043202500</p></td><td rowspan="1" colspan="1"><p>40870002</p></td><td rowspan="1" colspan="1"><p>200.000,00</p></td><td rowspan="1" colspan="1"><p>200.000,00</p></td><td rowspan="1" colspan="1"><p>1030151192E890031</p></td></tr><tr><td rowspan="1" colspan="1"><p>MG</p></td><td rowspan="1" colspan="1"><p>CARVALHOPOLIS</p></td><td rowspan="1" colspan="1"><p>FUNDO MUNICIPAL DE SAUDE</p></td><td rowspan="1" colspan="1"><p>36000654000202500</p></td><td rowspan="1" colspan="1"><p>39600005</p></td><td rowspan="1" colspan="1"><p>457.869,00</p></td><td rowspan="1" colspan="1"><p>457.869,00</p></td><td rowspan="1" colspan="1"><p>1030151192E890031</p></td></tr><tr><td rowspan="1" colspan="1"><p>MG</p></td><td rowspan="1" colspan="1"><p>CENTRAL DE MINAS</p></td><td rowspan="1" colspan="1"><p>FUNDO MUNICIPAL DE SAUDE DE CENTRAL DE MINAS</p></td><td rowspan="1" colspan="1"><p>36000652550202500</p></td><td rowspan="1" colspan="1"><p>44270006</p></td><td rowspan="1" colspan="1"><p>1.300.000,00</p></td><td rowspan="1" colspan="1"><p>1.300.000,00</p></td><td rowspan="1" colspan="1"><p>1030151192E890031</p></td></tr><tr><td rowspan="1" colspan="1"><p>MG</p></td><td rowspan="1" colspan="1"><p>CHIADOR</p></td><td rowspan="1" colspan="1"><p>FUNDO MUNICIPAL DE SAUDE DE CHIADOR</p></td><td rowspan="1" colspan="1"><p>36000661310202500</p></td><td rowspan="1" colspan="1"><p>24880005</p></td><td rowspan="1" colspan="1"><p>200.000,00</p></td><td rowspan="1" colspan="1"><p>200.000,00</p></td><td rowspan="1" colspan="1"><p>1030151192E890031</p></td></tr><tr><td rowspan="1" colspan="1"><p>MG</p></td><td rowspan="1" colspan="1"><p>CONEGO MARINHO</p></td><td rowspan="1" colspan="1"><p>FUNDO MUNICIPAL DE SAUDE DE CONEGO MARINHO</p></td><td rowspan="1" colspan="1"><p>36000669434202500</p></td><td rowspan="1" colspan="1"><p>27620003</p></td><td rowspan="1" colspan="1"><p>150.000,00</p></td><td rowspan="1" colspan="1"><p>150.000,00</p></td><td rowspan="1" colspan="1"><p>1030151192E890031</p></td></tr><tr><td rowspan="1" colspan="1"><p>MG</p></td><td rowspan="1" colspan="1"><p>DONA EUSEBIA</p></td><td rowspan="1" colspan="1"><p>FUNDO MUNICIPAL DE SAUDE DE DONA EUZEBIA</p></td><td rowspan="1" colspan="1"><p>36000676888202500</p></td><td rowspan="1" colspan="1"><p>43430002</p></td><td rowspan="1" colspan="1"><p>200.000,00</p></td><td rowspan="1" colspan="1"><p>200.000,00</p></td><td rowspan="1" colspan="1"><p>1030151192E890031</p></td></tr><tr><td rowspan="1" colspan="1"><p>MG</p></td><td rowspan="1" colspan="1"><p>GRUPIARA</p></td><td rowspan="1" colspan="1"><p>FUNDO MUNICIPAL DE SAUDE DE GRUPIARA</p></td><td rowspan="1" colspan="1"><p>36000652146202500</p></td><td rowspan="1" colspan="1"><p>40770011</p></td><td rowspan="1" colspan="1"><p>300.000,00</p></td><td rowspan="1" colspan="1"><p>300.000,00</p></td><td rowspan="1" colspan="1"><p>1030151192E890031</p></td></tr><tr><td rowspan="1" colspan="1"><p>MG</p></td><td rowspan="1" colspan="1"><p>GUAXUPE</p></td><td rowspan="1" colspan="1"><p>FUNDO MUNICIPAL DE SAUDE</p></td><td rowspan="1" colspan="1"><p>36000655347202500</p></td><td rowspan="1" colspan="1"><p>40290002</p></td><td rowspan="1" colspan="1"><p>138.885,00</p></td><td rowspan="1" colspan="1"><p>138.885,00</p></td><td rowspan="1" colspan="1"><p>1030151192E890031</p></td></tr><tr><td rowspan="1" colspan="1"><p>MG</p></td><td rowspan="1" colspan="1"><p>ITAPECERICA</p></td><td rowspan="1" colspan="1"><p>FUNDO MUNICIPAL DE SAUDE</p></td><td rowspan="1" colspan="1"><p>36000667321202500</p></td><td rowspan="1" colspan="1"><p>43220024</p></td><td rowspan="1" colspan="1"><p>200.000,00</p></td><td rowspan="1" colspan="1"><p>200.000,00</p></td><td rowspan="1" colspan="1"><p>1030151192E890031</p></td></tr><tr><td rowspan="1" colspan="1"><p>MG</p></td><td rowspan="1" colspan="1"><p>PORTO FIRME</p></td><td rowspan="1" colspan="1"><p>FUNDO MUNICIPAL DE SAUDE</p></td><td rowspan="1" colspan="1"><p>36000679239202500</p></td><td rowspan="1" colspan="1"><p>41000007</p></td><td rowspan="1" colspan="1"><p>300.000,00</p></td><td rowspan="1" colspan="1"><p>300.000,00</p></td><td rowspan="1" colspan="1"><p>1030151192E890031</p></td></tr><tr><td rowspan="1" colspan="1"><p>MG</p></td><td rowspan="1" colspan="1"><p>PORTO FIRME</p></td><td rowspan="1" colspan="1"><p>FUNDO MUNICIPAL DE SAUDE</p></td><td rowspan="1" colspan="1"><p>36000679243202500</p></td><td rowspan="1" colspan="1"><p>41000007</p></td><td rowspan="1" colspan="1"><p>200.000,00</p></td><td rowspan="1" colspan="1"><p>200.000,00</p></td><td rowspan="1" colspan="1"><p>1030151192E890031</p></td></tr><tr><td rowspan="1" colspan="1"><p>MG</p></td><td rowspan="1" colspan="1"><p>PRADOS</p></td><td rowspan="1" colspan="1"><p>FUNDO MUNICIPAL DE SAUDE</p></td><td rowspan="1" colspan="1"><p>36000669385202500</p></td><td rowspan="1" colspan="1"><p>27560003</p></td><td rowspan="1" colspan="1"><p>200.000,00</p></td><td rowspan="1" colspan="1"><p>200.000,00</p></td><td rowspan="1" colspan="1"><p>1030151192E890031</p></td></tr><tr><td rowspan="1" colspan="1"><p>MG</p></td><td rowspan="1" colspan="1"><p>PRESIDENTE OLEGARIO</p></td><td rowspan="1" colspan="1"><p>FUNDO MUNICIPAL DE SAUDE DE PRESIDENTE OLEGARIO</p></td><td rowspan="1" colspan="1"><p>36000680925202500</p></td><td rowspan="1" colspan="1"><p>44460001</p></td><td rowspan="1" colspan="1"><p>70.000,00</p></td><td rowspan="1" colspan="1"><p>70.000,00</p></td><td rowspan="1" colspan="1"><p>1030151192E890031</p></td></tr><tr><td rowspan="1" colspan="1"><p>MG</p></td><td rowspan="1" colspan="1"><p>SANTA CRUZ DO ESCALVADO</p></td><td rowspan="1" colspan="1"><p>FUNDO MUNICIPAL DE SAUDE SANTA CRUZ DO ESCALVADO</p></td><td rowspan="1" colspan="1"><p>36000680594202500</p></td><td rowspan="1" colspan="1"><p>39910001</p></td><td rowspan="1" colspan="1"><p>100.000,00</p></td><td rowspan="1" colspan="1"><p>100.000,00</p></td><td rowspan="1" colspan="1"><p>1030151192E890031</p></td></tr><tr><td rowspan="1" colspan="1"><p>PA</p></td><td rowspan="1" colspan="1"><p>SANTANA DO ARAGUAIA</p></td><td rowspan="1" colspan="1"><p>FUNDO MUNICIPAL DE SAUDE</p></td><td rowspan="1" colspan="1"><p>36000651876202500</p></td><td rowspan="1" colspan="1"><p>33280004</p></td><td rowspan="1" colspan="1"><p>500.000,00</p></td><td rowspan="1" colspan="1"><p>500.000,00</p></td><td rowspan="1" colspan="1"><p>1030151192E890015</p></td></tr><tr><td rowspan="1" colspan="1"><p>PB</p></td><td rowspan="1" colspan="1"><p>AREIA</p></td><td rowspan="1" colspan="1"><p>FUNDO MUNICIPAL DE SAUDE</p></td><td rowspan="1" colspan="1"><p>36000657086202500</p></td><td rowspan="1" colspan="1"><p>41410007</p></td><td rowspan="1" colspan="1"><p>100.000,00</p></td><td rowspan="1" colspan="1"><p>100.000,00</p></td><td rowspan="1" colspan="1"><p>1030151192E890025</p></td></tr><tr><td rowspan="1" colspan="1"><p>PB</p></td><td rowspan="1" colspan="1"><p>AREIA DE BARAUNAS</p></td><td rowspan="1" colspan="1"><p>FUNDO MUNICIPAL DE SAUDE DO MUNICIPIO DE AREIA DE BARAUNAS</p></td><td rowspan="1" colspan="1"><p>36000651316202500</p></td><td rowspan="1" colspan="1"><p>27110001</p></td><td rowspan="1" colspan="1"><p>450.000,00</p></td><td rowspan="1" colspan="1"><p>450.000,00</p></td><td rowspan="1" colspan="1"><p>1030151192E890025</p></td></tr><tr><td rowspan="1" colspan="1"><p>PR</p></td><td rowspan="1" colspan="1"><p>ASSAI</p></td><td rowspan="1" colspan="1"><p>FUNDO MUNICIPAL DE SAUDE</p></td><td rowspan="1" colspan="1"><p>36000656562202500</p></td><td rowspan="1" colspan="1"><p>40560003</p></td><td rowspan="1" colspan="1"><p>200.000,00</p></td><td rowspan="1" colspan="1"><p>200.000,00</p></td><td rowspan="1" colspan="1"><p>1030151192E890041</p></td></tr><tr><td rowspan="1" colspan="1"><p>PR</p></td><td rowspan="1" colspan="1"><p>ASSAI</p></td><td rowspan="1" colspan="1"><p>FUNDO MUNICIPAL DE SAUDE</p></td><td rowspan="1" colspan="1"><p>36000670870202500</p></td><td rowspan="1" colspan="1"><p>40340002</p></td><td rowspan="1" colspan="1"><p>205.861,00</p></td><td rowspan="1" colspan="1"><p>205.861,00</p></td><td rowspan="1" colspan="1"><p>1030151192E890041</p></td></tr><tr><td rowspan="1" colspan="1"><p>PR</p></td><td rowspan="1" colspan="1"><p>CRUZEIRO DO SUL</p></td><td rowspan="1" colspan="1"><p>FUNDO MUNICIPAL DE SAUDE DE CRUZEIRO DO SUL</p></td><td rowspan="1" colspan="1"><p>36000672196202500</p></td><td rowspan="1" colspan="1"><p>20380010</p></td><td rowspan="1" colspan="1"><p>70.000,00</p></td><td rowspan="1" colspan="1"><p>70.000,00</p></td><td rowspan="1" colspan="1"><p>1030151192E890041</p></td></tr><tr><td rowspan="1" colspan="1"><p>PR</p></td><td rowspan="1" colspan="1"><p>CRUZEIRO DO SUL</p></td><td rowspan="1" colspan="1"><p>FUNDO MUNICIPAL DE SAUDE DE CRUZEIRO DO SUL</p></td><td rowspan="1" colspan="1"><p>36000672249202500</p></td><td rowspan="1" colspan="1"><p>40110001</p></td><td rowspan="1" colspan="1"><p>200.000,00</p></td><td rowspan="1" colspan="1"><p>200.000,00</p></td><td rowspan="1" colspan="1"><p>1030151192E890001</p></td></tr><tr><td rowspan="1" colspan="1"><p>PR</p></td><td rowspan="1" colspan="1"><p>DIAMANTE D'OESTE</p></td><td rowspan="1" colspan="1"><p>FUNDO MUNICIPAL DE SAUDE DO MUNICIPIO DE DIAMANTE D'OESTE</p></td><td rowspan="1" colspan="1"><p>36000678177202500</p></td><td rowspan="1" colspan="1"><p>38090001</p></td><td rowspan="1" colspan="1"><p>200.000,00</p></td><td rowspan="1" colspan="1"><p>200.000,00</p></td><td rowspan="1" colspan="1"><p>1030151192E890041</p></td></tr><tr><td rowspan="1" colspan="1"><p>PR</p></td><td rowspan="1" colspan="1"><p>FLORIDA</p></td><td rowspan="1" colspan="1"><p>FUNDO MUNICIPAL DE SAUDE DE FLORIDA</p></td><td rowspan="1" colspan="1"><p>36000655836202500</p></td><td rowspan="1" colspan="1"><p>44870007</p></td><td rowspan="1" colspan="1"><p>150.000,00</p></td><td rowspan="1" colspan="1"><p>150.000,00</p></td><td rowspan="1" colspan="1"><p>1030151192E890041</p></td></tr><tr><td rowspan="1" colspan="1"><p>PR</p></td><td rowspan="1" colspan="1"><p>FLORIDA</p></td><td rowspan="1" colspan="1"><p>FUNDO MUNICIPAL DE SAUDE DE FLORIDA</p></td><td rowspan="1" colspan="1"><p>36000658977202500</p></td><td rowspan="1" colspan="1"><p>28740007</p></td><td rowspan="1" colspan="1"><p>100.000,00</p></td><td rowspan="1" colspan="1"><p>100.000,00</p></td><td rowspan="1" colspan="1"><p>1030151192E890041</p></td></tr><tr><td rowspan="1" colspan="1"><p>PR</p></td><td rowspan="1" colspan="1"><p>GUAPOREMA</p></td><td rowspan="1" colspan="1"><p>FUNDO MUNICIPAL DE SAUDE</p></td><td rowspan="1" colspan="1"><p>36000677320202500</p></td><td rowspan="1" colspan="1"><p>28740007</p></td><td rowspan="1" colspan="1"><p>200.000,00</p></td><td rowspan="1" colspan="1"><p>200.000,00</p></td><td rowspan="1" colspan="1"><p>1030151192E890041</p></td></tr><tr><td rowspan="1" colspan="1"><p>PR</p></td><td rowspan="1" colspan="1"><p>IGUARACU</p></td><td rowspan="1" colspan="1"><p>FUNDO MUNICIPAL DE SAUDE</p></td><td rowspan="1" colspan="1"><p>36000667575202500</p></td><td rowspan="1" colspan="1"><p>40110001</p></td><td rowspan="1" colspan="1"><p>100.000,00</p></td><td rowspan="1" colspan="1"><p>100.000,00</p></td><td rowspan="1" colspan="1"><p>1030151192E890001</p></td></tr><tr><td rowspan="1" colspan="1"><p>PR</p></td><td rowspan="1" colspan="1"><p>ITAIPULANDIA</p></td><td rowspan="1" colspan="1"><p>FUNDO MUNICIPAL DE SAUDE DE ITAIPULANDIA</p></td><td rowspan="1" colspan="1"><p>36000678111202500</p></td><td rowspan="1" colspan="1"><p>44450003</p></td><td rowspan="1" colspan="1"><p>1.000.000,00</p></td><td rowspan="1" colspan="1"><p>1.000.000,00</p></td><td rowspan="1" colspan="1"><p>1030151192E890041</p></td></tr><tr><td rowspan="1" colspan="1"><p>PR</p></td><td rowspan="1" colspan="1"><p>ITAPERUCU</p></td><td rowspan="1" colspan="1"><p>FUNDO MUNICIPAL DE SAUDE DE ITAPERUCU</p></td><td rowspan="1" colspan="1"><p>36000647477202500</p></td><td rowspan="1" colspan="1"><p>40110001</p></td><td rowspan="1" colspan="1"><p>100.000,00</p></td><td rowspan="1" colspan="1"><p>100.000,00</p></td><td rowspan="1" colspan="1"><p>1030151192E890001</p></td></tr><tr><td rowspan="1" colspan="1"><p>PR</p></td><td rowspan="1" colspan="1"><p>LAPA</p></td><td rowspan="1" colspan="1"><p>FUNDO MUNICIPAL DE SAUDE</p></td><td rowspan="1" colspan="1"><p>36000648504202500</p></td><td rowspan="1" colspan="1"><p>40110001</p></td><td rowspan="1" colspan="1"><p>150.000,00</p></td><td rowspan="1" colspan="1"><p>150.000,00</p></td><td rowspan="1" colspan="1"><p>1030151192E890001</p></td></tr><tr><td rowspan="1" colspan="1"><p>PR</p></td><td rowspan="1" colspan="1"><p>MARILENA</p></td><td rowspan="1" colspan="1"><p>FUNDO MUNICIPAL DE SAUDE DE MARILENA</p></td><td rowspan="1" colspan="1"><p>36000672663202500</p></td><td rowspan="1" colspan="1"><p>40890004</p></td><td rowspan="1" colspan="1"><p>200.000,00</p></td><td rowspan="1" colspan="1"><p>200.000,00</p></td><td rowspan="1" colspan="1"><p>1030151192E890041</p></td></tr><tr><td rowspan="1" colspan="1"><p>PR</p></td><td rowspan="1" colspan="1"><p>PARANACITY</p></td><td rowspan="1" colspan="1"><p>FUNDO MUNICIPAL DE SAUDE DO MUNICIPIO DE PARANACITY</p></td><td rowspan="1" colspan="1"><p>36000651175202500</p></td><td rowspan="1" colspan="1"><p>44400001</p></td><td rowspan="1" colspan="1"><p>200.000,00</p></td><td rowspan="1" colspan="1"><p>200.000,00</p></td><td rowspan="1" colspan="1"><p>1030151192E890041</p></td></tr><tr><td rowspan="1" colspan="1"><p>PR</p></td><td rowspan="1" colspan="1"><p>PORTO BARREIRO</p></td><td rowspan="1" colspan="1"><p>FUNDO MUNICIPAL DE SAUDE DE PORTO BARREIRO</p></td><td rowspan="1" colspan="1"><p>36000662046202500</p></td><td rowspan="1" colspan="1"><p>30410014</p></td><td rowspan="1" colspan="1"><p>100.000,00</p></td><td rowspan="1" colspan="1"><p>100.000,00</p></td><td rowspan="1" colspan="1"><p>1030151192E890041</p></td></tr><tr><td rowspan="1" colspan="1"><p>PR</p></td><td rowspan="1" colspan="1"><p>PRADO FERREIRA</p></td><td rowspan="1" colspan="1"><p>FUNDO MUNICIPAL DE SAUDE DO MUNICIPIO DE PRADO FERREIRA</p></td><td rowspan="1" colspan="1"><p>36000672312202500</p></td><td rowspan="1" colspan="1"><p>18670015</p></td><td rowspan="1" colspan="1"><p>250.000,00</p></td><td rowspan="1" colspan="1"><p>250.000,00</p></td><td rowspan="1" colspan="1"><p>1030151192E890001</p></td></tr><tr><td rowspan="1" colspan="1"><p>PR</p></td><td rowspan="1" colspan="1"><p>PRADO FERREIRA</p></td><td rowspan="1" colspan="1"><p>FUNDO MUNICIPAL DE SAUDE DO MUNICIPIO DE PRADO FERREIRA</p></td><td rowspan="1" colspan="1"><p>36000672353202500</p></td><td rowspan="1" colspan="1"><p>20380010</p></td><td rowspan="1" colspan="1"><p>100.000,00</p></td><td rowspan="1" colspan="1"><p>100.000,00</p></td><td rowspan="1" colspan="1"><p>1030151192E890041</p></td></tr><tr><td rowspan="1" colspan="1"><p>RS</p></td><td rowspan="1" colspan="1"><p>ESTACAO</p></td><td rowspan="1" colspan="1"><p>FUNDO MUNICIPAL DE SAUDE - FMS</p></td><td rowspan="1" colspan="1"><p>36000675805202500</p></td><td rowspan="1" colspan="1"><p>39200001</p></td><td rowspan="1" colspan="1"><p>30.000,00</p></td><td rowspan="1" colspan="1"><p>30.000,00</p></td><td rowspan="1" colspan="1"><p>1030151192E890043</p></td></tr><tr><td rowspan="1" colspan="1"><p>RS</p></td><td rowspan="1" colspan="1"><p>HULHA NEGRA</p></td><td rowspan="1" colspan="1"><p>FUNDO MUNICIPAL DE SAUDE DE HULHA NEGRA</p></td><td rowspan="1" colspan="1"><p>36000678982202500</p></td><td rowspan="1" colspan="1"><p>44550020</p></td><td rowspan="1" colspan="1"><p>30.000,00</p></td><td rowspan="1" colspan="1"><p>30.000,00</p></td><td rowspan="1" colspan="1"><p>1030151192E890043</p></td></tr><tr><td rowspan="1" colspan="1"><p>RS</p></td><td rowspan="1" colspan="1"><p>TABAI</p></td><td rowspan="1" colspan="1"><p>FUNDO MUNICIPAL DE SAUDE DE TABAI</p></td><td rowspan="1" colspan="1"><p>36000661206202500</p></td><td rowspan="1" colspan="1"><p>42950015</p></td><td rowspan="1" colspan="1"><p>70.000,00</p></td><td rowspan="1" colspan="1"><p>70.000,00</p></td><td rowspan="1" colspan="1"><p>1030151192E890043</p></td></tr><tr><td rowspan="1" colspan="1"><p>RS</p></td><td rowspan="1" colspan="1"><p>TIO HUGO</p></td><td rowspan="1" colspan="1"><p>FUNDO MUNICIPAL DE SAUDE DO MUNICIPIO DE TIO HUGO</p></td><td rowspan="1" colspan="1"><p>36000659643202500</p></td><td rowspan="1" colspan="1"><p>36660001</p></td><td rowspan="1" colspan="1"><p>100.000,00</p></td><td rowspan="1" colspan="1"><p>100.000,00</p></td><td rowspan="1" colspan="1"><p>1030151192E890043</p></td></tr><tr><td rowspan="1" colspan="1"><p>RS</p></td><td rowspan="1" colspan="1"><p>TIO HUGO</p></td><td rowspan="1" colspan="1"><p>FUNDO MUNICIPAL DE SAUDE DO MUNICIPIO DE TIO HUGO</p></td><td rowspan="1" colspan="1"><p>36000659687202500</p></td><td rowspan="1" colspan="1"><p>36660001</p></td><td rowspan="1" colspan="1"><p>100.000,00</p></td><td rowspan="1" colspan="1"><p>100.000,00</p></td><td rowspan="1" colspan="1"><p>1030151192E890043</p></td></tr><tr><td rowspan="1" colspan="1"><p>SP</p></td><td rowspan="1" colspan="1"><p>AGUAS DE SANTA BARBARA</p></td><td rowspan="1" colspan="1"><p>FUNDO MUNICIPAL DE SAUDE</p></td><td rowspan="1" colspan="1"><p>36000672886202500</p></td><td rowspan="1" colspan="1"><p>31350014</p></td><td rowspan="1" colspan="1"><p>150.000,00</p></td><td rowspan="1" colspan="1"><p>150.000,00</p></td><td rowspan="1" colspan="1"><p>1030151192E890035</p></td></tr><tr><td rowspan="1" colspan="1"><p>SP</p></td><td rowspan="1" colspan="1"><p>AVARE</p></td><td rowspan="1" colspan="1"><p>FUNDO MUNICIPAL DE SAUDE DE AVARE</p></td><td rowspan="1" colspan="1"><p>36000672740202500</p></td><td rowspan="1" colspan="1"><p>43060002</p></td><td rowspan="1" colspan="1"><p>200.000,00</p></td><td rowspan="1" colspan="1"><p>200.000,00</p></td><td rowspan="1" colspan="1"><p>1030151192E890035</p></td></tr><tr><td rowspan="1" colspan="1"><p>SP</p></td><td rowspan="1" colspan="1"><p>AVARE</p></td><td rowspan="1" colspan="1"><p>FUNDO MUNICIPAL DE SAUDE DE AVARE</p></td><td rowspan="1" colspan="1"><p>36000672900202500</p></td><td rowspan="1" colspan="1"><p>37170019</p></td><td rowspan="1" colspan="1"><p>150.000,00</p></td><td rowspan="1" colspan="1"><p>150.000,00</p></td><td rowspan="1" colspan="1"><p>1030151192E890035</p></td></tr><tr><td rowspan="1" colspan="1"><p>SP</p></td><td rowspan="1" colspan="1"><p>BORBOREMA</p></td><td rowspan="1" colspan="1"><p>FUNDO MUNICIPAL DE SAUDE DE BORBOREMA</p></td><td rowspan="1" colspan="1"><p>36000663127202500</p></td><td rowspan="1" colspan="1"><p>37300004</p></td><td rowspan="1" colspan="1"><p>300.000,00</p></td><td rowspan="1" colspan="1"><p>300.000,00</p></td><td rowspan="1" colspan="1"><p>1030151192E890035</p></td></tr><tr><td rowspan="1" colspan="1"><p>SP</p></td><td rowspan="1" colspan="1"><p>FRANCO DA ROCHA</p></td><td rowspan="1" colspan="1"><p>FUNDO MUNICIPAL DE SAUDE DE FRANCO DA ROCHA</p></td><td rowspan="1" colspan="1"><p>36000651754202500</p></td><td rowspan="1" colspan="1"><p>25200003</p></td><td rowspan="1" colspan="1"><p>1.000.000,00</p></td><td rowspan="1" colspan="1"><p>1.000.000,00</p></td><td rowspan="1" colspan="1"><p>1030151192E890035</p></td></tr><tr><td rowspan="1" colspan="1"><p>SP</p></td><td rowspan="1" colspan="1"><p>FRANCO DA ROCHA</p></td><td rowspan="1" colspan="1"><p>FUNDO MUNICIPAL DE SAUDE DE FRANCO DA ROCHA</p></td><td rowspan="1" colspan="1"><p>36000669693202500</p></td><td rowspan="1" colspan="1"><p>90320007</p></td><td rowspan="1" colspan="1"><p>900.000,00</p></td><td rowspan="1" colspan="1"><p>900.000,00</p></td><td rowspan="1" colspan="1"><p>1030151192E890035</p></td></tr><tr><td rowspan="1" colspan="1"><p>SP</p></td><td rowspan="1" colspan="1"><p>IGUAPE</p></td><td rowspan="1" colspan="1"><p>FUNDO MUNICIPAL DE SAUDE</p></td><td rowspan="1" colspan="1"><p>36000667741202500</p></td><td rowspan="1" colspan="1"><p>41610002</p></td><td rowspan="1" colspan="1"><p>150.000,00</p></td><td rowspan="1" colspan="1"><p>150.000,00</p></td><td rowspan="1" colspan="1"><p>1030151192E890035</p></td></tr><tr><td rowspan="1" colspan="1"><p>SP</p></td><td rowspan="1" colspan="1"><p>ILHA COMPRIDA</p></td><td rowspan="1" colspan="1"><p>FUNDO MUNICIPAL DE SAUDE</p></td><td rowspan="1" colspan="1"><p>36000663915202500</p></td><td rowspan="1" colspan="1"><p>44440001</p></td><td rowspan="1" colspan="1"><p>250.000,00</p></td><td rowspan="1" colspan="1"><p>250.000,00</p></td><td rowspan="1" colspan="1"><p>1030151192E890035</p></td></tr><tr><td rowspan="1" colspan="1"><p>SP</p></td><td rowspan="1" colspan="1"><p>LUCELIA</p></td><td rowspan="1" colspan="1"><p>FUNDO MUNICIPAL DE SAUDE</p></td><td rowspan="1" colspan="1"><p>36000653811202500</p></td><td rowspan="1" colspan="1"><p>40940009</p></td><td rowspan="1" colspan="1"><p>250.000,00</p></td><td rowspan="1" colspan="1"><p>250.000,00</p></td><td rowspan="1" colspan="1"><p>1030151192E890035</p></td></tr><tr><td rowspan="1" colspan="1"><p>SP</p></td><td rowspan="1" colspan="1"><p>NOVA CAMPINA</p></td><td rowspan="1" colspan="1"><p>FUNDO MUNICIPAL DE SAUDE</p></td><td rowspan="1" colspan="1"><p>36000679321202500</p></td><td rowspan="1" colspan="1"><p>44050003</p></td><td rowspan="1" colspan="1"><p>300.000,00</p></td><td rowspan="1" colspan="1"><p>300.000,00</p></td><td rowspan="1" colspan="1"><p>1030151192E890035</p></td></tr><tr><td rowspan="1" colspan="1"><p>SP</p></td><td rowspan="1" colspan="1"><p>PARDINHO</p></td><td rowspan="1" colspan="1"><p>FUNDO MUNICIPAL DE SAUDE</p></td><td rowspan="1" colspan="1"><p>36000664989202500</p></td><td rowspan="1" colspan="1"><p>41610002</p></td><td rowspan="1" colspan="1"><p>150.000,00</p></td><td rowspan="1" colspan="1"><p>150.000,00</p></td><td rowspan="1" colspan="1"><p>1030151192E890035</p></td></tr><tr><td rowspan="1" colspan="1"><p>SP</p></td><td rowspan="1" colspan="1"><p>PONTAL</p></td><td rowspan="1" colspan="1"><p>FUNDO MUNICIPAL DE SAUDE DE PONTAL / SP</p></td><td rowspan="1" colspan="1"><p>36000669474202500</p></td><td rowspan="1" colspan="1"><p>23560002</p></td><td rowspan="1" colspan="1"><p>250.000,00</p></td><td rowspan="1" colspan="1"><p>250.000,00</p></td><td rowspan="1" colspan="1"><p>1030151192E890035</p></td></tr><tr><td rowspan="1" colspan="1"><p>SP</p></td><td rowspan="1" colspan="1"><p>SAO PAULO</p></td><td rowspan="1" colspan="1"><p>FUNDO MUNICIPAL DE SAUDE - FMS</p></td><td rowspan="1" colspan="1"><p>36000674932202500</p></td><td rowspan="1" colspan="1"><p>44510021</p></td><td rowspan="1" colspan="1"><p>500.000,00</p></td><td rowspan="1" colspan="1"><p>500.000,00</p></td><td rowspan="1" colspan="1"><p>1030151192E890035</p></td></tr><tr><td rowspan="1" colspan="1"><p>SP</p></td><td rowspan="1" colspan="1"><p>TAQUARITINGA</p></td><td rowspan="1" colspan="1"><p>FUNDO MUNICIPAL DE SAUDE</p></td><td rowspan="1" colspan="1"><p>36000679264202500</p></td><td rowspan="1" colspan="1"><p>25200003</p></td><td rowspan="1" colspan="1"><p>200.000,00</p></td><td rowspan="1" colspan="1"><p>200.000,00</p></td><td rowspan="1" colspan="1"><p>1030151192E890035</p></td></tr><tr><td rowspan="1" colspan="3"><p>TOTAL</p></td><td rowspan="1" colspan="1"><p>74 PROPOSTAS</p></td><td rowspan="1" colspan="2" /><td rowspan="1" colspan="1"><p>31.309.003,00</p></td><td rowspan="1" colspan="1" /></tr></table>]]></Texto>
  </body>
  <Midias />
</article></xml>