﻿<xml><article id="44745432" name="2025-08-01/11191623/ANMWS_229490" idOficio="11191623" pubName="DO1" artType="Despacho" pubDate="04/08/2025" artClass="00035:00044:00021:00000:00000:00000:00000:00000:00000:00000:00024:00002" artCategory="Ministério de Minas e Energia/Agência Nacional de Mineração/Gerência da ANM no Estado de Minas Gerais" artSize="12" artNotes="" numberPage="55" pdfPage="http://pesquisa.in.gov.br/imprensa/jsp/visualiza/index.jsp?data=04/08/2025&amp;jornal=515&amp;pagina=55" editionNumber="145" highlightType="" highlightPriority="" highlight="" highlightimage="" highlightimagename="" idMateria="22949037">
  <body>
    <Identifica><![CDATA[Despacho]]></Identifica>
    <Data><![CDATA[]]></Data>
    <Ementa />
    <Titulo />
    <SubTitulo />
    <Texto><![CDATA[<p class="identifica">Despacho</p><p>Relação nº 384/2025</p><p>Fase de Autorização de Pesquisa</p><p>Aprova o relatório de Pesquisa(317)</p><p>831.357/2014-MINERACAO BEIRA RIO - GARIMPINHO &amp; TRANSPORTES LTDA-Cascalho (construção civil).-Nova Ponte/MG</p><p>Prorroga por 03 (três) anos o prazo de validade da autorização de pesquisa(326)</p><p>830.230/2021-DANIEL PINHEIRO DE JESUS-ALVARÁ N°2416/2021</p><p>Prorroga por 02 (dois) anos o prazo de validade da autorização de pesquisa(325)</p><p>830.943/2023-SALPAR PARTICIPACOES LTDA-ALVARÁ N°4556/2023</p><p>831.714/2022-AVBN GOLD PROSPECCAO DE MINERACAO LTDA-ALVARÁ N°3055/2023</p><p>Determina cumprimento de exigência - Prazo 60 dias(250)</p><p>832.309/2024-TANNHAUSER EMPREENDIMENTOS E PARTICIPACOES LTDA-OF. N°29969/2025/DIFIP-MG/ANM.</p><p>Fase de Concessão de Lavra</p><p>Determina cumprimento de exigência - Prazo 60 dias(470)</p><p>007.262/1959-MINERACAO CANDONGA S/A-OF. N°29847/2025/DIFIL-MG/ANM</p><p>043.306/1956-CSN MINERACAO S.A.-OF. N°28429/2025/DIFIL-MG/ANM</p><p>801.869/1978-MINERACAO THOMAZINI LTDA-OF. N°30027/2025/UAGV-MG/ANM</p><p>Determina a interdição da lavra(442)</p><p>043.306/1956-CSN MINERACAO S.A.- N° do Termo de Interdição:41/2025/GER-MG/DIFIL-MG, de 21/07/2025- Lacre N°</p><p>Autoriza a suspensão temporária dos trabalhos de lavra(447)</p><p>831.436/1985-RHÉA SÍLVIA VALADARES BAHIA- Início:25/07/2025-Término:25/07/2026</p><p>Fase de Requerimento de Lavra Garimpeira</p><p>Determina cumprimento de exigência - Prazo 60 dias(2112)</p><p>830.683/2025-COOPERGADI - COOPERATIVA REGIONAL GARIMPEIRA DE DIAMANTINA LTDA-OF. N°28159/2025/CAREAS-MG/ANM</p><p>Indefere por Interferencia Total(1339)</p><p>830.682/2025-COOPERGADI - COOPERATIVA REGIONAL GARIMPEIRA DE DIAMANTINA LTDA</p><p>Fase de Requerimento de Licenciamento</p><p>Indefere requerimento de Licenciamento- área sem oneração(2096)</p><p>831.616/2024-NOVO VAREJAO DA CONSTRUCAO LTDA</p><p>Fase de Requerimento de Pesquisa</p><p>Determina cumprimento de exigência - Prazo 60 dias(131)</p><p>832.232/2024-RICARDO BIZZOTTO PESSOA DE MENDONCA-OF. N°29924/2025/CAREAS-MG/ANM</p><p class="assina">LUCIANA CABRAL DANESE</p><p class="cargo">Gerente</p>]]></Texto>
  </body>
  <Midias />
</article></xml>