﻿<xml><article id="44730307" name="Int_Desp_2.256_2025_DIR" idOficio="11190983" pubName="DO1" artType="Despacho" pubDate="01/08/2025" artClass="00035:00043:00021:00000:00000:00000:00000:00000:00000:00000:00024:00012" artCategory="Ministério de Minas e Energia/Agência Nacional de Energia Elétrica/Diretoria Colegiada" artSize="12" artNotes="" numberPage="71" pdfPage="http://pesquisa.in.gov.br/imprensa/jsp/visualiza/index.jsp?data=01/08/2025&amp;jornal=515&amp;pagina=71" editionNumber="144" highlightType="" highlightPriority="" highlight="" highlightimage="" highlightimagename="" idMateria="22947781">
  <body>
    <Identifica><![CDATA[ DESPACHO Nº 2.256, DE 29 DE JULHO DE 2025]]></Identifica>
    <Data><![CDATA[]]></Data>
    <Ementa />
    <Titulo />
    <SubTitulo />
    <Texto><![CDATA[<p class="identifica">DESPACHO Nº 2.256, DE 29 DE JULHO DE 2025</p><p>O DIRETOR-GERAL DA AGÊNCIA NACIONAL DE ENERGIA ELÉTRICA - ANEEL, no uso de suas atribuições regimentais, tendo em vista deliberação da Diretoria e o que consta do Processo nº 48500.903447/2024-10, decide:</p><p>conhecer e, no mérito, dar provimento ao Recurso Administrativo interposto pela DME Distribuição S.A. - DMED, no sentido de reformar o Despacho nº 317, de 2025 e negar provimento à reclamação interposta pela empresa Prado &amp; Braga Ltda., cadastrada sob o CNPJ nº 02.100.806/0001-87.</p><p class="assina">SANDOVAL DE ARAÚJO FEITOSA NETO</p>]]></Texto>
  </body>
  <Midias />
</article></xml>