﻿<xml><article id="44716981" name="20250728-Extr-atos-mult-Otavio" idOficio="11188273" pubName="DO1" artType="Ato" pubDate="01/08/2025" artClass="00014:00019:00014:00155:00000:00000:00000:00000:00000:00000:00006:00000" artCategory="Ministério das Comunicações/Agência Nacional de Telecomunicações/Superintendência de Fiscalização/Gerência Regional no Estado de Minas Gerais" artSize="12" artNotes="" numberPage="5" pdfPage="http://pesquisa.in.gov.br/imprensa/jsp/visualiza/index.jsp?data=01/08/2025&amp;jornal=515&amp;pagina=5" editionNumber="144" highlightType="" highlightPriority="" highlight="" highlightimage="" highlightimagename="" idMateria="22944087">
  <body>
    <Identifica><![CDATA[ ATOS DE 28 DE JULHO DE 2025]]></Identifica>
    <Data><![CDATA[]]></Data>
    <Ementa />
    <Titulo />
    <SubTitulo />
    <Texto><![CDATA[<p class="identifica">ATOS DE 28 DE JULHO DE 2025</p><p>Nº 8.791 - Expede autorização a OSMANI JOSE TARDIOLLI, CPF nº ***.555.206-**, para explorar Serviços de Telecomunicações de Interesse Restrito, por prazo indeterminado, sem caráter de exclusividade, e tendo como área de prestação de serviço todo o território nacional.</p><p>Nº 8.804 - Outorga autorização para uso de Radiofrequências a RADIO ITATIAIA S.A., executante do serviço Radiodifusão Sonora em Frequência Modulada, CNPJ nº 17.270.950/0001-39, no município de Belo Horizonte/MG, até 14/06/2035, visando execução do Serviço Auxiliar de Radiodifusão e Correlatos de Ligação para Transmissão de Programas, na referida cidade.</p><p>Nº 8.810 - Outorga autorização para uso de Radiofrequências a VALE VERDE COMUNICAÇÕES E SERVIÇOS LTDA, executante do serviço Radiodifusão Sonora em Frequência Modulada, CNPJ nº 03.863.245/0001-30, no município de Mendes Pimentel/MG, até 21/11/2033, visando execução do Serviço Auxiliar de Radiodifusão e Correlatos de Ligação para Transmissão de Programas, na referida cidade.</p><p>Nº 8.811 - Expede autorização a FUSAO LIGAS COM. E IND. LTDA, CNPJ nº 05.620.585/0001-66, para explorar Serviços de Telecomunicações de Interesse Restrito, por prazo indeterminado, sem caráter de exclusividade, e tendo como área de prestação de serviço todo o território nacional.</p><p>Nº 8.812 - Expede autorização a GOMES MAIA AIRCRAFT TRADING LTDA, CNPJ nº 60.568.785/0001-25, para explorar Serviços de Telecomunicações de Interesse Restrito, por prazo indeterminado, sem caráter de exclusividade, e tendo como área de prestação de serviço todo o território nacional.</p><p class="assina">Otávio Barbosa da Silva Soares</p><p class="cargo">Gerente</p>]]></Texto>
  </body>
  <Midias />
</article></xml>