﻿<xml><article id="44735233" name="PortMB-MD-51-2025_012" idOficio="11191346" pubName="DO1" artType="Portaria" pubDate="01/08/2025" artClass="00016:00012:00001:00000:00000:00000:00000:00000:00000:00000:00054:00012" artCategory="Ministério da Defesa/Comando da Marinha/Gabinete do Comandante" artSize="12" artNotes="" numberPage="13" pdfPage="http://pesquisa.in.gov.br/imprensa/jsp/visualiza/index.jsp?data=01/08/2025&amp;jornal=515&amp;pagina=13" editionNumber="144" highlightType="" highlightPriority="" highlight="" highlightimage="" highlightimagename="" idMateria="22948606">
  <body>
    <Identifica />
    <Data><![CDATA[]]></Data>
    <Ementa />
    <Titulo />
    <SubTitulo />
    <Texto><![CDATA[<p>4.5. CABELO MÉDIO</p><p>4.5.1. Cabelo médio é aquele que, em condições naturais, esteja compreendido entre o limite superior da gola do uniforme e o meio das escápulas.</p><p>4.5.2. O cabelo que em condições naturais tenha a dimensão lateral máxima entre 3,5 e 5 cm e dimensão vertical máxima entre 5 e 7 cm é considerado médio.</p><p>4.5.3. O cabelo médio deve ser arrumado em coque, nas seguintes circunstâncias:</p><p>a) nos uniformes básicos dos Grupos I a V (Gala, Desfiles Especiais, Alexandrino, Azul e Branco);</p><p>b) nos uniformes OP-1 e OP-3, em quaisquer fainas operativas;</p><p>c) no uniforme camuflado, em atividades operativas do Corpo de Fuzileiros Navais;</p><p>d) no uniforme especial EP4 (Grupo II - Atividade de Apoio); e</p><p>e) em cerimônias e desfiles.</p><p>4.5.4. É permitido o uso de "rabo de cavalo" em cabelos médios nas seguintes circunstâncias:</p><p>a) no uniforme do Grupo VI (Cinza, Bege, Mescla e Camuflado); e</p><p>b) no uniforme do grupo VII (Prática de Esporte).</p><p>4.5.5. Excepcionalmente, é autorizado o uso de cabelos médios com rabo de cavalo, trança única, múltiplas tranças soltas ou penteado com cabelos soltos no uniforme Básico do Grupo I (Gala - Jaqueta Azul), para as regentes, e Grupo III (Diversos - Musicista MU-1), exclusivamente para as musicistas e cantoras da Banda Sinfônica do Corpo de Fuzileiros Navais, durante as apresentações.</p><p>4.5.6. No cabelo médio é permitido penteado de múltiplas tranças, quando preso em coque.</p><img name="1_MD_1_013" />]]></Texto>
  </body>
  <Midias>
    <Midia></Midia>
  </Midias>
</article></xml>