﻿<xml><article id="44728220" name="RESOLUCAO 212 2025_001" idOficio="11190578" pubName="DO1" artType="Resolução" pubDate="01/08/2025" artClass="00035:00044:00000:00000:00000:00000:00000:00000:00000:00000:00064:00000" artCategory="Ministério de Minas e Energia/Agência Nacional de Mineração" artSize="24" artNotes="" numberPage="72" pdfPage="http://pesquisa.in.gov.br/imprensa/jsp/visualiza/index.jsp?data=01/08/2025&amp;jornal=515&amp;pagina=72" editionNumber="144" highlightType="" highlightPriority="" highlight="" highlightimage="" highlightimagename="" idMateria="22947223">
  <body>
    <Identifica><![CDATA[  Resolução ANM Nº 212, DE 30 DE julho DE 2025]]></Identifica>
    <Data><![CDATA[]]></Data>
    <Ementa><![CDATA[ Altera a Resolução ANM nº 211, de 9 de julho de 2025, que aprova o Regimento Interno da Agência Nacional de Mineração - ANM.]]></Ementa>
    <Titulo />
    <SubTitulo />
    <Texto><![CDATA[<p class="identifica">Resolução ANM Nº 212, DE 30 DE julho DE 2025</p><p class="ementa">Altera a Resolução ANM nº 211, de 9 de julho de 2025, que aprova o Regimento Interno da Agência Nacional de Mineração - ANM.</p><p>A DIRETORIA COLEGIADA DA AGÊNCIA NACIONAL DE MINERAÇÃO - ANM, no uso da competência que lhe é conferida pelo Inciso XXXVI, do Art. 2°, da Lei 13.575, de 26 de dezembro de 2017, considerando o que consta do Processo n° 48051.003977/2025-76 e os processos a este relacionados, e o que foi deliberado por ocasião da Decisão em Circuito Deliberativo nº 35 (SEI nº 17354353) e da Decisão em Circuito Deliberativo nº 36 (SEI nº 17375427) resolve:</p><p>Art. 1º Esta resolução altera a Resolução ANM nº 211, de 9 de julho de 2025, que aprova o Regimento Interno da Agência Nacional de Mineração.</p><p>Art. 2º O Art. 3º passa a vigorar com a seguinte redação:</p><p>"Estrutura regimental</p><p>I - Diretoria Colegiada:</p><p>a) DIRETOR-GERAL</p><p>1. Assessor do Diretor-Geral</p><p>2. Assessor do Diretor-Geral</p><p>b) DIRETOR 1</p><p>1. Assessor do Diretor</p><p>2. Assessor do Diretor</p><p>c) DIRETOR 2</p><p>1. Assessor do Diretor</p><p>2. Assessor do Diretor</p><p>d) DIRETOR 3</p><p>1. Assessor do Diretor</p><p>2. Assessor do Diretor</p><p>e) DIRETOR 4</p><p>1. Assessor do Diretor</p><p>2. Assessor do Diretor</p><p>II - Órgãos de Assistência Direta e Imediata à Diretoria Colegiada</p><p>a) Gabinete do Diretor-Geral</p><p>1. Assessor Técnico Administrativo do Gabinete</p><p>2. Coordenação de Proteção de Dados Pessoais</p><p>b) SECRETARIA GERAL</p><p>1. Assistente</p><p>2. Coordenação de Gestão de Processos e Deliberações</p><p>3. Seção de Publicação Oficial</p><p>c) OUVIDORIA</p><p>1. Assistente</p><p>2. Divisão de Transparência e Dados Abertos</p><p>3. Divisão de Atendimento aos Usuários</p><p>d) CORREGEDORIA</p><p>1. Divisão de Admissibilidade e Investigação</p><p>2. Divisão de Responsabilização e Acompanhamento Processual</p><p>e) AUDITORIA INTERNA GOVERNAMENTAL</p><p>1. Assistente</p><p>2. Divisão de Relacionamento com Órgãos de Controle</p><p>3. Divisão de Gestão das Atividades de Auditoria Interna</p><p>f) PROCURADORIA FEDERAL ESPECIALIZADA</p><p>1. Subprocuradoria Federal Especializada</p><p>2. Gerência de Apoio Administrativo da PFE</p><p>2.1 Assistente Técnico</p><p>2.2 Assistente Técnico</p><p>2.3 Assistente Técnico</p><p>3. Divisão de Assuntos Administrativos</p><p>3.1. Seção de Assuntos Administrativos</p><p>4. Divisão de Assuntos de Cobrança</p><p>4.1. Seção de Assuntos de Cobrança</p><p>5. Divisão de Assuntos Minerários</p><p>5.1. Seção de Assuntos Minerários</p><p>g) ASSESSORIA PARLAMENTAR</p><p>h) ASSESSORIA DE COMUNICAÇÃO</p><p>1. Assessor Técnico</p><p>i) ASSESSORIA DE PROJETOS ESPECIAIS</p><p>1. Coordenação de Gestão e Execução de Projetos Especiais</p><p>III - Órgãos Específicos - Eixo Temático Gestão Institucional</p><p>a) SUPERINTENDÊNCIA DE PLANEJAMENTO E ESTRATÉGIA</p><p>1. Assistente</p><p>2. Gerência de Governança e Gestão Estratégica</p><p>2.1. Divisão de Governança e Planejamento Estratégico</p><p>2.2. Divisão de Gestão de Processos Institucionais</p><p>3. Gerência de Projetos Institucionais e Gestão de Portfólio</p><p>3.1. Divisão de Gestão de Operações e Curadoria de IA</p><p>3.2. Divisão de Monitoramento e Integração de Projetos</p><p>4. Gerência de Conformidade e Riscos Institucionais</p><p>4.1. Divisão de Gestão de Integridade, Riscos e Controles Internos</p><p>5. Gerência de Governança de Dados, Gestão Documental e Memória</p><p>5.1. Assistente</p><p>5.2. Divisão de Gestão Documental e Arquivos Digitais</p><p>5.2.1. Serviço de Contratações e Logística de Gestão Documental</p><p>5.2.2. Serviço de Sistemas e Atendimento de Gestão Documental</p><p>5.3. Divisão de Gestão de Fluxo de Informações</p><p>5.3.1. Serviço de Distribuição Estratégica de Informações</p><p>5.3.2. Serviço de Protocolo e Tramitação Digital</p><p>5.4. Divisão de Bibliotecas e Memória Institucional</p><p>5.4.1. Serviço de Normalização de Publicações Institucionais</p><p>b) SUPERINTENDÊNCIA DE TECNOLOGIA DA INFORMAÇÃO E INOVAÇÃO</p><p>1. Assistente</p><p>2. Gerência de Operação de Tecnologia da Informação</p><p>2.1. Coordenação de Infraestrutura e Suporte em Tecnologia da Informação</p><p>2.2. Coordenação de Desenvolvimento e Manutenção de Sistemas da Informação</p><p>2.3. Coordenação de Segurança da Informação e Comunicação</p><p>3. Gerência de Projetos e Inovação em Tecnologia da Informação</p><p>3.1. Coordenação de Inovação em Tecnologia da Informação</p><p>3.2. Coordenação de Contratações, Aquisições e Gestão de Contratos de Tecnologia da Informação</p><p>c) SUPERINTENDÊNCIA DE GESTÃO DE PESSOAS</p><p>1. Assistente</p><p>2. Gerência de Desenvolvimento de Pessoas</p><p>2.1. Divisão de Gestão do Desempenho e Teletrabalho</p><p>2.2. Divisão de Educação, Capacitação e Movimentação</p><p>3. Gerência de Administração de Pessoal</p><p>3.1. Divisão de Aposentadorias e Pensões</p><p>3.2. Divisão de Folha de Pagamento de Pessoal</p><p>3.2.1. Serviço de Folha de Pagamento de Pessoal</p><p>3.3. Divisão de Assessoramento Jurídico em Matéria de Pessoal</p><p>3.4. Divisão de Cadastro e Portarias</p><p>3.4.1. Serviço de Cadastro</p><p>3.5. Divisão de Suporte Jurídico em Matéria de Pessoal</p><p>4. Gerência de Saúde e Qualidade de Vida no Trabalho</p><p>4.1. Divisão de Gestão e Parcerias em Saúde</p><p>d) SUPERINTENDÊNCIA DE ADMINISTRAÇÃO E FINANÇAS</p><p>1. Assistente</p><p>2. GERÊNCIA EXECUTIVA DE LOGÍSTICA</p><p>2.1. Assistente Técnico</p><p>2.2. Gerência de Infraestrutura</p><p>2.2.1. Divisão de Projetos e Reformas</p><p>2.2.2. Divisão de Gestão Predial</p><p>2.3. Gerência de Logística</p><p>2.3.1. Coordenação de Almoxarifado, Patrimônio e Aquisições</p><p>2.3.1.1. Divisão de Planejamento de Aquisições</p><p>2.3.1.2. Divisão de Controle de Patrimônio e Almoxarifado</p><p>2.3.2. Coordenação de Apoio ao Transporte de Servidores</p><p>2.3.2.1. Divisão de Gestão de Diárias, Passagens e Agenciamento</p><p>2.3.2.2. Divisão de Gestão de Frota</p><p>2.3.3. Coordenação de Logística</p><p>2.3.3.1. Divisão de Gestão de Serviços Gerais e Apoio Administrativo</p><p>2.3.3.2. Divisão de Apoio Logístico - SEDE</p><p>2.3.3.3. Serviço de Patrimônio e Almoxarifado - SEDE</p><p>2.3.3.4. Serviço de Apoio Logístico - Sudeste</p><p>2.3.3.5. Serviço de Apoio Logístico - Minas Gerais</p><p>2.3.3.6. Serviço de Apoio Logístico - Nordeste Meridional</p><p>2.3.3.7. Serviço de Apoio Logístico - Nordeste Setentrional</p><p>2.3.3.8. Serviço de Apoio Logístico - Bahia</p><p>2.3.3.9. Serviço de Apoio Logístico - Norte</p><p>2.3.3.10. Serviço de Apoio Logístico - Pará</p><p>2.3.3.11. Serviço de Apoio Logístico - Centro-Oeste</p><p>2.3.3.12. Serviço de Apoio Logístico - Sul</p><p>2.3.3.13. Serviço de Apoio Logístico - Santa Catarina</p><p>3. GERÊNCIA EXECUTIVA DE ADMINISTRAÇÃO E FINANÇAS</p><p>3.1. Assistente Técnico</p><p>3.2. Divisão de Planejamento Orçamentário</p><p>3.3. Gerência de Licitações e Contratos</p><p>3.3.1. Divisão de Planejamento de Contratações</p><p>3.3.2. Divisão de Licitações e Contratações Diretas</p><p>3.3.3. Divisão de Agentes de Contratação</p><p>3.3.4. Divisão de Gestão Administrativa de Contratos</p><p>3.3.5. Divisão de Procedimentos Administrativos e Sanções</p><p>3.3.6. Divisão de Análise e Repactuação Contratual</p><p>3.4. Gerência de Contabilidade e Custos</p><p>3.4.1. Divisão de Conformidade e Registro de Gestão</p><p>3.4.2. Divisão de Conformidade Contábil</p><p>3.4.3. Divisão de Informações e Centros de Custo</p><p>3.4.4. Divisão de Informações de Retenções Tributárias</p><p>3.5. Gerência de Execução Orçamentária e Financeira</p><p>3.5.1. Divisão de Execução de Despesas de Pessoal</p><p>3.5.2. Divisão de Execução Orçamentária</p><p>3.5.2.1 Serviço de Execução Orçamentária</p><p>3.5.3. Divisão de Execução Financeira</p><p>3.5.3.1. Serviço de Ajustes e Registros Financeiros</p><p>3.5.3.2. Serviço de Execução Financeira</p><p>3.5.3.3. Serviço de Apoio à Execução Financeira</p><p>IV - Órgãos Específicos - Eixo Temático Política Regulatória e Inteligência Mineral</p><p>a) SUPERINTENDÊNCIA DE POLÍTICA REGULATÓRIA</p><p>1. Assistente</p><p>2. Assistente de Política e Qualidade Regulatória</p><p>3. Gerência de Planejamento e Análise Regulatória</p><p>3.1. Assistente Técnico de Projeto de Agenda Regulatória</p><p>3.2. Assistente Técnico de Projeto de Agenda Regulatória</p><p>3.3. Coordenação da Agenda Regulatória</p><p>3.4. Coordenação de Análise de Impacto Regulatório</p><p>4. Gerência de Avaliação Regulatória</p><p>4.1. Divisão de Gestão de Estoque e ARR</p><p>b) SUPERINTENDÊNCIA DE ECONOMIA MINERAL E GEOINFORMAÇÃO</p><p>1. Assistente</p><p>2. Gerência de Economia Mineral</p><p>2.1. Coordenação de Estudos Econômicos</p><p>2.1.1. Divisão de Minerais Críticos e Estratégicos</p><p>2.2. Coordenação de Inteligência de Dados</p><p>3. Gerência de Geoinformação</p><p>3.1. Coordenação de Infraestrutura de Dados Geoespaciais</p><p>3.2. Coordenação de Inovações de Soluções Geoespaciais</p><p>3.2.1. Divisão de Estudos Técnicos e Análise Remota da Mineração</p><p>4. Gerência de Estudos de Áreas</p><p>4.1. Divisão de Análises de Áreas</p><p>V - Órgãos Específicos - Eixo Temático Gestão de Títulos</p><p>a) SUPERINTENDÊNCIA DE OUTORGA DE TÍTULOS MINERÁRIOS</p><p>1. Assistente</p><p>2. Assistente</p><p>3. Gerência de Disponibilidade de Áreas</p><p>3.1. Divisão de Oferta Pública e Leilão</p><p>3.2. Divisão de Proposta Técnica</p><p>4. Gerência de Autorização de Pesquisa</p><p>4.1. Divisão de Gestão de Requerimentos de Pesquisa Mineral</p><p>4.2. Divisão de Guia de Utilização</p><p>5. Gerência de Títulos de Lavra</p><p>5.1. Divisão de Concessão de Lavra</p><p>5.2. Divisão de Permissão de Lavra Garimpeira</p><p>5.3. Divisão de Licenciamento, Registro de Extração e DDTM</p><p>6. Gerência de Títulos Minerários</p><p>6.1. Divisão de Transferências de Direitos</p><p>6.2. Divisão de Faixa de Fronteira</p><p>6.3. Divisão de Demandas Judiciais de Transferência de Direitos</p><p>7. Gerência de Contencioso Minerário</p><p>7.1. Divisão do Contencioso de Autorização e Concessão</p><p>7.2. Divisão do Contencioso de Permissão de Lavra Garimpeira</p><p>7.3. Divisão do Contencioso de Licenciamento, Extração e DDTM</p><p>7.4. Coordenação Regional de Outorga - Minas Gerais</p><p>7.5. Coordenação Regional de Outorga - Bahia</p><p>7.6. Coordenação Regional de Outorga - Pará/Amapá</p><p>7.7. Coordenação Regional de Outorga - São Paulo</p><p>7.8. Coordenação Regional de Outorga - Goiás/Distrito Federal</p><p>7.9. Coordenação Regional de Outorga - Rio Grande do Sul</p><p>7.10. Coordenação Regional de Outorga - Mato Grosso</p><p>7.11. Coordenação Regional de Outorga - Paraná/Mato Grosso do Sul</p><p>7.12. Coordenação Regional de Outorga - Espírito Santo/Rio de Janeiro</p><p>7.13. Coordenação Regional de Outorga - Ceará/Pernambuco</p><p>7.14. Coordenação Regional de Outorga - Amazonas/Roraima/Rondônia/Acre</p><p>7.15. Coordenação Regional de Outorga - Santa Catarina</p><p>7.16. Coordenação Regional de Outorga - Rio Grande do Norte/Paraíba/Sergipe/Alagoas</p><p>7.17. Coordenação Regional de Outorga - Tocantins/Piauí/Maranhão</p><p>VI - Órgãos Específicos - Eixo Temático Eficiência Arrecadatória e Distributiva</p><p>a) SUPERINTENDÊNCIA DE ARRECADAÇÃO E FISCALIZAÇÃO DE RECEITAS</p><p>1. Assistente</p><p>2. Gerência de Projetos, Regulação e Estratégias Arrecadatórias</p><p>2.1. Coordenação de Projetos e Estratégias Arrecadatórias</p><p>2.2. Coordenação de Regulação e Articulação Institucional</p><p>3. Gerência de Fiscalização da CFEM</p><p>3.1. Assistente Técnico</p><p>3.2. Coordenação Nacional de Fiscalização da CFEM</p><p>3.3. Coordenação de Fiscalização Remota da CFEM</p><p>4. Gerência de Contencioso Administrativo e Judicial da CFEM</p><p>4.1. Coordenação de Análise de Recursos da CFEM</p><p>4.2. Coordenação de Perícias e Atendimento Judiciais</p><p>5. Gerência de Distribuição, Inovação e Transparência</p><p>5.1. Coordenação de Inovação e Transparência</p><p>6. Gerência de Receitas</p><p>6.1. Coordenação de Controle de Créditos</p><p>6.2. Coordenação de Pendências Fiscais</p><p>7. Gerência de Cobrança das Demais Receitas</p><p>7.1. Coordenação de Autuação e Fiscalização da TAH</p><p>7.2. Coordenação de Contencioso Administrativo e Judicial da TAH</p><p>VII - Órgãos Específicos - Eixo Temático Segurança da Atividade de Mineração</p><p>a) SUPERINTENDÊNCIA DE FISCALIZAÇÃO</p><p>1. Assistente</p><p>2. Assistente</p><p>3. Gerência de Fiscalização da Atividade Mineral</p><p>3.1. Coordenação de Fiscalização da Atividade Mineral</p><p>3.1.1. Divisão do Certificado do Processo de Kimberley</p><p>3.1.2. Divisão de Fiscalização de Água Mineral</p><p>3.1.3. Divisão de Paleontologia</p><p>3.1.4. Divisão Regional de Fiscalização - Bahia</p><p>3.1.5. Divisão Regional de Fiscalização - Goiás</p><p>3.1.6. Divisão Regional de Fiscalização - Minas Gerais</p><p>3.1.7. Divisão Regional de Fiscalização - Mato Grosso</p><p>3.1.8. Divisão Regional de Fiscalização - Pará/Amapá</p><p>3.1.9. Divisão Regional de Fiscalização - Paraná</p><p>3.1.10. Divisão Regional de Fiscalização - Região do Tapajós - Oeste do Pará, Amazonas e Roraima</p><p>3.1.11. Divisão Regional de Fiscalização - Rondônia/Acre</p><p>3.1.12. Divisão Regional de Fiscalização - Rio Grande do Sul</p><p>3.1.13. Divisão Regional de Fiscalização - Santa Catarina</p><p>3.1.14. Divisão Regional de Fiscalização - São Paulo</p><p>3.1.15. Serviço Regional de Fiscalização - Ceará</p><p>3.1.16. Serviço Regional de Fiscalização - Espírito Santo</p><p>3.1.17. Serviço Regional de Fiscalização - Maranhão/Piauí</p><p>3.1.18. Serviço Regional de Fiscalização - Mato Grosso do Sul</p><p>3.1.19. Serviço Regional de Fiscalização - Paraíba/Rio Grande do Norte</p><p>3.1.20. Serviço Regional de Fiscalização - Pernambuco</p><p>3.1.21. Serviço Regional de Fiscalização - Rio de Janeiro</p><p>3.1.22. Serviço Regional de Fiscalização - Sergipe/Alagoas</p><p>3.1.23. Serviço Regional de Fiscalização - Tocantins</p><p>3.2. Coordenação de Fiscalização de Lavra Autorizada Subterrânea</p><p>4. Gerência de Sustentabilidade e Fechamento de Mina</p><p>4.1. Divisão de Fechamento de Mina e Uso Futuro</p><p>4.2. Divisão de Gestão de Minas Abandonadas e Suspensas</p><p>5. Gerência de Combate à Atividade Mineral Não Autorizada</p><p>5.1. Divisão de Fiscalização da Lavra Não Autorizada</p><p>5.2. Divisão de Gestão de Bens Apreendidos</p><p>6. Gerência Fiscalizatória</p><p>6.1. Divisão de Contencioso na Fiscalização Minerária</p><p>6.2. Divisão de Regulação e Padronização de Procedimentos Fiscalizatórios</p><p>6.3. Divisão de Atendimento a Demandas Externas da Fiscalização</p><p>7. Gerência de Inteligência Fiscalizatória</p><p>7.1. Divisão de Inovação e Projetos de Ações Fiscalizatórias</p><p>7.2. Divisão de Monitoramento Remoto da Fiscalização</p><p>b) SUPERINTENDÊNCIA DE SEGURANÇA DE BARRAGENS E PILHAS DE MINERAÇÃO</p><p>1. Assistente</p><p>2. Gerência de Fiscalização Remota de Barragens e Pilhas</p><p>2.1. Assistente Técnico</p><p>2.2. Coordenação de Fiscalização Remota de Barragens e Pilhas</p><p>3. Gerência de Barragens de Mineração</p><p>3.1. Assistente Técnico</p><p>3.2. Coordenação de Fiscalização de Barragens - Eixo Norte</p><p>3.3. Coordenação de Fiscalização de Barragens - Eixo Sul</p><p>3.4. Coordenação de Fiscalização de Barragens - Eixo Leste</p><p>3.5. Coordenação de Fiscalização de Barragens - Eixo Oeste</p><p>4. Gerência de Riscos Geotécnicos em Barragens</p><p>4.1. Assistente Técnico</p><p>4.2. Coordenação de Barragens em Construção e a Montante</p><p>5. Gerência de Pilhas de Mineração</p><p>5.1. Assistente Técnico</p><p>5.2. Coordenação de Fiscalização de Pilhas - Eixo Central</p><p>5.3. Coordenação de Fiscalização de Pilhas - Eixo Norte-Sul</p><p>6. Gerência Interinstitucional e Contencioso de Barragens e Pilhas</p><p>6.1. Coordenação de Assuntos Interinstitucionais de Barragens e Pilhas</p><p>6.2. Coordenação de Contencioso de Barragens e Pilhas</p><p>VIII - Diretiva Regional Minas Gerais</p><p>a) GERÊNCIA REGIONAL DA ANM NO ESTADO DE MINAS GERAIS</p><p>1. Assistente Técnico</p><p>2. Unidade Avançada do Leste de MG (Governador Valadares)</p><p>3. Unidade Avançada do Norte de MG (Montes Claros)</p><p>4. Unidade Avançada do Sul, Centro-Oeste e Triângulo de MG (Poços de Caldas)</p><p>IX - Diretiva Regional Norte</p><p>a) GERÊNCIA REGIONAL DA ANM NO ESTADO DO PARÁ</p><p>1. Assistente Técnico</p><p>2. Unidade Avançada de Itaituba</p><p>b) GERÊNCIA REGIONAL DA ANM NO ESTADO DO AMAZONAS</p><p>c) GERÊNCIA REGIONAL DA ANM NO ESTADO DE RORAIMA</p><p>d) GERÊNCIA REGIONAL DA ANM NO ESTADO DO AMAPÁ</p><p>X - Diretiva Regional Sul-Sudeste</p><p>a) GERÊNCIA REGIONAL DA ANM NO ESTADO DE SÃO PAULO</p><p>1. Assistente Técnico</p><p>b) GERÊNCIA REGIONAL DA ANM NO ESTADO DO ESPÍRITO SANTO</p><p>c) GERÊNCIA REGIONAL DA ANM NO ESTADO DO RIO DE JANEIRO</p><p>d) GERÊNCIA REGIONAL DA ANM NO ESTADO DE SANTA CATARINA</p><p>1. Assistente Técnico</p><p>2. Unidade Avançada de Criciúma</p><p>e) GERÊNCIA REGIONAL DA ANM NO ESTADO DO PARANÁ</p><p>f) GERÊNCIA REGIONAL DA ANM NO ESTADO DO RIO GRANDE DO SUL</p><p>XI - Diretiva Regional Centro-Oeste e Área Setentrional da Região Norte</p><p>a) GERÊNCIA REGIONAL DA ANM NO ESTADO DE GOIÁS</p><p>1. Assistente Técnico</p><p>b) GERÊNCIA REGIONAL DA ANM NO ESTADO DO MATO GROSSO</p><p>1. Assistente Técnico</p><p>c) GERÊNCIA REGIONAL DA ANM NO ESTADO DO MATO GROSSO DO SUL</p><p>d) GERÊNCIA REGIONAL DA ANM NO ESTADO DO TOCANTINS</p><p>e) GERÊNCIA REGIONAL DA ANM NO ESTADO DE RONDÔNIA</p><p>XII - Diretiva Regional Nordeste</p><p>a) GERÊNCIA REGIONAL DA ANM NO ESTADO DA BAHIA</p><p>1. Assistente Técnico</p><p>b) GERÊNCIA REGIONAL DA ANM NO ESTADO DE PERNAMBUCO</p><p>c) GERÊNCIA REGIONAL DA ANM NO ESTADO DE ALAGOAS</p><p>d) GERÊNCIA REGIONAL DA ANM NO ESTADO DA PARAÍBA</p><p>e) GERÊNCIA REGIONAL DA ANM NO ESTADO DO RIO GRANDE DO NORTE</p><p>f) GERÊNCIA REGIONAL DA ANM NO ESTADO DO CEARÁ</p><p>g) GERÊNCIA REGIONAL DA ANM NO ESTADO DO PIAUÍ</p><p>h) GERÊNCIA REGIONAL DA ANM NO ESTADO DO MARANHÃO</p><p>i) GERÊNCIA REGIONAL DA ANM NO ESTADO DE SERGIPE"</p><p>Art. 3º O Art. 108 passa a vigorar com a seguinte redação:</p><p>"Art. 108. À Superintendência de Outorga de Títulos Minerários compete:</p><p>I - planejar, gerenciar e padronizar as atividades relacionadas à outorga de títulos minerários de exploração e aproveitamento de recursos minerais;</p><p>II - planejar, coordenar, padronizar e orientar as ações das Unidades Regionais da ANM em sua área de atuação, bem como a elaboração dos atos administrativos relacionados à outorga dos títulos de exploração e aproveitamento de recursos minerais;</p><p>III - organizar, supervisionar e orientar as atividades relacionadas à inserção e manutenção de informações nos sistemas da ANM relativas aos títulos minerários, promovendo sua modernização e racionalização;</p><p>IV - coordenar as atividades relativas à publicidade e divulgação de informações relativas à outorga e transferências dos títulos minerários;</p><p>V - atuar em conjunto com a Superintendência de Planejamento e Estratégia para padronização dos processos de trabalho no âmbito de sua competência;</p><p>VI - decidir sobre o requerimento e prorrogação de Licenciamento em todas as suas etapas;</p><p>VII - decidir sobre o requerimento e prorrogação de Permissão de Lavra Garimpeira em todas as suas etapas;</p><p>VIII - decidir sobre o requerimento e prorrogação de Registro de Extração em todas as suas etapas;</p><p>IX - padronizar e gerenciar os procedimentos para emitir declaração de dispensa de título minerário bem como decidir sobre assunto em todas as suas etapas;</p><p>X - decidir sobre o requerimento de Autorização de Pesquisa, sua prorrogação, renúncia, relatório final de pesquisa, eventuais sanções, retificações, decaimento e nulidade, à exceção da nulidade de que trata a alínea b, §3°, inciso II, do art. 20 do Código de Mineração;</p><p>XI - decidir sobre o requerimento de Guia de Utilização e sua prorrogação, observados os limites estabelecidos no Anexo IV da Consolidação Normativa da ANM;</p><p>XII - decidir sobre o requerimento de Concessão de Lavra das substâncias minerais de que trata o art. 1° da Lei n° 6.567, de 24 de setembro de 1978 c/c o art. 2° inciso XVIII, da Lei n° 13.575, de 26 de dezembro de 2017, até a emissão do título, bem como sua eventual retificação, decaimento e nulidade.</p><p>XIII - decidir sobre a anuência prévia e averbação de transferências, arrendamentos e onerações dos direitos minerários;</p><p>XIV - decidir sobre o requerimento e instituição de servidão, grupamento mineiro, englobamento e desmembramento de direitos minerários;</p><p>XV - decidir sobre os requerimentos de reconhecimento geológico em todas as suas etapas;</p><p>XVI - analisar e decidir propostas de declaração de utilidade pública necessária à execução de projetos e investimentos no âmbito das outorgas estabelecidas, nos termos da legislação pertinente e de acordo com resolução específica da ANM;</p><p>XVII - analisar e decidir sobre requisições técnicas que tratem da identificação e delimitação de áreas bloqueadas para fins de aproveitamento mineral, conforme os critérios legais e os instrumentos de planejamento da política mineral, excetuadas aquelas relativas ao controle geoespacial de áreas, cuja competência foi transferida à Superintendência de Geoinformação.</p><p>XVIII - nos processos das áreas desoneradas na forma dos arts. 26, 32 e 65, § 1°, do Decreto-Lei n° 227, de 28 de fevereiro de 1967, com editais em vigor até 01 de dezembro de 2016, de acordo com a Portaria n° 05, de 27 de janeiro de 2017, publicada no DOU de 30 de janeiro de 2017:</p><p>a) expedir ofícios aos proponentes interessados, convocando-os para reunião de abertura dos envelopes e ofícios comunicando a interposição de recursos contra a proposta declarada prioritária e, aos demais atos necessários ao certame;</p><p>b) encaminhar à Diretoria Colegiada a indicação dos nomes para a Comissão Julgadora Nacional, que irá proceder a análise das propostas com vistas à habilitação, avaliação e julgamento de acordo com a legislação minerária vigente na data de publicação do edital;</p><p>c) indeferir os requerimentos de habilitação pelo não cumprimento da intimação para a apresentação de novo requerimento;</p><p>d) decidir sobre pedido de sigilo requerido de acordo com os critérios da Resolução ANM n° 1, de 25 de janeiro de 2019, e atos normativos supervenientes sobre o tema, nos processos em fase de disponibilidade;</p><p>e) decidir sobre habilitação, inabilitação, classificação, desclassificação, revogação ou anulação de procedimento de disponibilidade, pedidos de desistência de habilitação de edital e propostas prioritárias de áreas colocadas em disponibilidade.</p><p>XIX - decidir sobre recursos interpostos contra decisões dos Chefes das Unidades Administrativas Regionais em matéria de disponibilidade;</p><p>XX - realizar a depuração processual das áreas a serem submetidas à oferta pública de disponibilidade, nos termos do art. 26 do Código de Mineração, competindo à Superintendência de Economia Mineral e Geoinformação a verificação quanto à conformidade geoespacial;</p><p>XXI - gerenciar os procedimentos de colocação de áreas em disponibilidade para pesquisa e lavra por meio de oferta pública seguida de critérios de desempate, selecionando e indicando as áreas para cada certame, conforme as diretrizes e planejamento aprovados pela Diretoria Colegiada;</p><p>XXII - gerenciar os procedimentos subsequentes ao resultado da oferta pública de áreas, inclusive propondo a realização de leilão eletrônico específico, a homologação do resultado e o trâmite processual visando a outorga do título de direito minerário;</p><p>XXIII - realizar o arquivamento do processo original colocado em edital de disponibilidade, quando couber;</p><p>XXIV - encaminhar à Diretoria Colegiada a indicação dos membros da Comissão de Edital de Disponibilidade - CED para os Editais de Oferta Pública e Leilão de Áreas;</p><p>XXV - decidir sobre o decaimento de títulos minerários e propor normas relativas à extinção não sancionatória de direitos minerários;</p><p>XXVI - decidir sobre as análises de manutenção e mudança de titularidade de títulos e a gestão das informações dos titulares de direitos minerários;</p><p>XXVII - gerenciar e executar as diretrizes emanadas pela Diretoria Colegiada.</p><p>Parágrafo único. As competências definidas nesse artigo poderão ser objeto de subdelegação."</p><p>Art. 4º O Art. 110 passa a vigorar com a seguinte redação:</p><p>"Art. 110. À Superintendência de Fiscalização compete exigir dos agentes regulados o cumprimento das obrigações relacionadas às atividades de lavra, decorrentes do aproveitamento das substâncias minerais, devendo:</p><p>I - estabelecer diretrizes e metas para as ações de fiscalização das atividades de lavra para as suas equipes regionais;</p><p>II - supervisionar, coordenar, gerir e executar as ações de fiscalização e a elaboração dos atos administrativos relacionados à sua área de atuação;</p><p>III - estabelecer protocolos e metodologias de fiscalização em sua área de competência;</p><p>IV - gerir as equipes regionais de fiscalização, coordenando suas ações e padronizando a aplicação das normas em todo o território nacional;</p><p>V - coordenar a fiscalização da atividade de lavra autorizada, verificando aspectos técnicos, de segurança, ambientais e de aproveitamento racional das jazidas;</p><p>VI - coordenar a análise de documentos técnicos para fins de fiscalização da atividade de lavra, incluindo Relatórios Anuais de Lavra (RAL) e documentos correlatos;</p><p>VII - gerir os processos de fechamento de mina, avaliando planos de fechamento e reabilitação das áreas mineradas e relatórios finais de execução, do início da validade do título autorizativo de lavra ao encerramento das atividades, incluindo o monitoramento pós fechamento;</p><p>VIII - coordenar ações para promover práticas sustentáveis no setor mineral;</p><p>IX - coordenar ações de combate à extração mineral ilegal ou clandestina;</p><p>X - gerir bens minerais e equipamentos apreendidos em operações de fiscalização, coordenando leilões, destruições e doações;</p><p>XI - gerir atividades relacionadas ao patrimônio fossilífero, com vistas a assegurar salvamento, destinação e preservação de fósseis encontrados na atividade minerária;</p><p>XII - gerir atividades de análise, fiscalização e emissão do Certificado do Processo de Kimberley;</p><p>XIII - analisar tecnicamente, emitir pareceres e decidir sobre:</p><p>a) início, prorrogação, suspensão e retomada de atividades de lavra;</p><p>b) alteração do Plano de Aproveitamento Econômico das Concessões de Lavra, de que trata o art. 35 do Decreto n° 9.406, de 2018;</p><p>c) renúncia de títulos de lavra, verificando o cumprimento das obrigações pendentes;</p><p>d) caducidade de títulos de lavra;</p><p>e) aplicação de sanções em títulos autorizativos de lavra resultantes do não atendimento às obrigações relacionadas ao aproveitamento mineral;</p><p>f) atendimento a determinações exaradas com base no Código de Águas Minerais;</p><p>g) autorização para extração e destinação de espécimes fósseis;</p><p>h) Plano de Fechamento de Mina, quando apresentado após a outorga do título;</p><p>i) relatório final de execução do Plano de Fechamento de Mina.</p><p>XIV - desenvolver e coordenar atividades de inteligência fiscalizatória, incluindo análise de dados, identificação de padrões e priorização de ações;</p><p>XV - coordenar o desenvolvimento e implementação de projetos de inovação tecnológica, modernização de processos e transparência das ações fiscalizatórias;</p><p>XVI - estabelecer indicadores de desempenho e monitorar a efetividade das ações de fiscalização, promovendo melhorias baseadas em evidências;</p><p>XVII - coordenar processos administrativos decorrentes da fiscalização de lavra, analisando defesas, provas, impugnações e recursos administrativos;</p><p>XVIII - articular ações com outros órgãos fiscalizadores, subsidiando acordos de cooperação técnica e promovendo ações coordenadas em sua área de atuação;</p><p>XIX - supervisionar o atendimento de demandas externas relativas à sua área de atuação, oriundas de órgãos de controle, Ministério Público e Poder Judiciário e demais órgãos públicos;</p><p>XX - desenvolver e implementar medidas para descentralização, desburocratização e modernização dos procedimentos de fiscalização;</p><p>XXI - representar a instituição em eventos externos em sua área de atuação e defender suas posições em questões relevantes para as partes envolvidas;</p><p>§ 1º As análises técnicas e competências previstas nesse artigo constituem subsídios para decisão da autoridade competente, podendo as decisões finais ser objeto de subdelegação mediante ato específico da SFI.</p><p>§ 2º O cumprimento de obrigações dos agentes regulados relacionadas à Política Nacional de Segurança de Barragens - PNSB ficarão a cargo da Superintendência de Segurança de Barragens e Pilhas de Mineração."</p>]]></Texto>
  </body>
  <Midias />
</article></xml>