﻿<xml><article id="44727473" name="PORTARIA FUNAI N 1341 DE 23 DE J" idOficio="11190468" pubName="DO1" artType="Portaria" pubDate="01/08/2025" artClass="00043:00020:00000:00000:00000:00000:00000:00000:00000:00000:00054:00000" artCategory="Ministério dos Povos Indígenas/Fundação Nacional dos Povos Indígenas" artSize="12" artNotes="" numberPage="100" pdfPage="http://pesquisa.in.gov.br/imprensa/jsp/visualiza/index.jsp?data=01/08/2025&amp;jornal=515&amp;pagina=100" editionNumber="144" highlightType="" highlightPriority="" highlight="" highlightimage="" highlightimagename="" idMateria="22947033">
  <body>
    <Identifica><![CDATA[ PORTARIA FUNAI Nº 1.341, DE 23 DE JULHO DE 2025]]></Identifica>
    <Data><![CDATA[]]></Data>
    <Ementa><![CDATA[ Tornar sem efeito a Portaria Funai nº 1.332, de 23 de junho de 2025.]]></Ementa>
    <Titulo />
    <SubTitulo />
    <Texto><![CDATA[<p class="identifica">PORTARIA FUNAI Nº 1.341, DE 23 DE JULHO DE 2025</p><p class="ementa">Tornar sem efeito a Portaria Funai nº 1.332, de 23 de junho de 2025.</p><p>A PRESIDENTA DA FUNDAÇÃO NACIONAL DOS POVOS INDÍGENAS - Funai, no uso das atribuições que lhe foram conferidas pelo Estatuto, aprovado pelo Decreto nº 11.226, de 7 de outubro de 2022, e tendo em vista o disposto no art. 12 do Decreto nº 10.829, de 5 de outubro de 2021, resolve:</p><p>Art. 1º Tornar sem efeito a Portaria Funai nº 1.332, de 23 de junho de 2025, publicada no Diário Oficial da União de 25 de junho de 2025, Seção 1, página 188.</p><p>Art. 2º Esta Portaria entra em vigor na data de sua publicação.</p><p class="assina">JOENIA WAPICHANA</p>]]></Texto>
  </body>
  <Midias />
</article></xml>