﻿<xml><article id="44716921" name="ato_28072025__DJPZW8" idOficio="11188243" pubName="DO1" artType="Ato" pubDate="01/08/2025" artClass="00014:00019:00014:00162:00000:00000:00000:00000:00000:00000:00006:00000" artCategory="Ministério das Comunicações/Agência Nacional de Telecomunicações/Superintendência de Fiscalização/Gerência Regional nos Estados do Amazonas, Acre, Rondônia e Roraima" artSize="12" artNotes="" numberPage="6" pdfPage="http://pesquisa.in.gov.br/imprensa/jsp/visualiza/index.jsp?data=01/08/2025&amp;jornal=515&amp;pagina=6" editionNumber="144" highlightType="" highlightPriority="" highlight="" highlightimage="" highlightimagename="" idMateria="22944029">
  <body>
    <Identifica><![CDATA[ ATO Nº 8.795, DE 28 DE JULHO DE 2025]]></Identifica>
    <Data><![CDATA[]]></Data>
    <Ementa />
    <Titulo />
    <SubTitulo />
    <Texto><![CDATA[<p class="identifica">ATO Nº 8.795, DE 28 DE JULHO DE 2025</p><p>Processo: 53578.000254/2025-16. Extingue, por cassação, a autorização do Serviço de Interesse Restrito outorgado às entidades a seguir relacionadas, tendo em vista o advento do termo final da outorga de autorização de uso de radiofrequência associada, com fulcro no art. 30 do Regulamento Geral de Outorgas, aprovado pela Resolução nº 720, de 10 de fevereiro de 2020, e no parágrafo único, do art. 139, da Lei n.º 9.472, de 16 de julho de 1997, desde o término da validade da licença indicada para cada entidade na relação. A extinção não implica isenção de eventuais débitos recorrentes da autorização anteriormente expedida.</p><p /><p></p><table><tr /><tr><td rowspan="1" colspan="1"><p>Entidade</p></td><td rowspan="1" colspan="1"><p>Serviço Notificado</p></td></tr><tr><td rowspan="1" colspan="1"><p>Aquidauana Radiodifusão LTDA</p></td><td rowspan="1" colspan="1"><p>Serviço Auxiliar de Radiodifusão e Correlatos (SARC) - Modalidade Ligação para Transmissão de Programas</p></td></tr><tr><td rowspan="1" colspan="1"><p>Editora Boa Vista LTDA</p></td><td rowspan="1" colspan="1"><p>Serviço Auxiliar de Radiodifusão e Correlatos (SARC) - Modalidade Ligação Reportagem Externa</p></td></tr><tr><td rowspan="1" colspan="1"><p>Fundação Educativa Padre Ezequiel Ramim</p></td><td rowspan="1" colspan="1"><p>Serviço Auxiliar de Radiodifusão e Correlatos (SARC) - Modalidade Ligação para Transmissão de Programas</p></td></tr><tr><td rowspan="1" colspan="1"><p>Fundação Evangelli Nuntiandi</p></td><td rowspan="1" colspan="1"><p>Serviço Auxiliar de Radiodifusão e Correlatos (SARC) - Modalidade Ligação Reportagem Externa</p></td></tr><tr><td rowspan="1" colspan="1"><p>Fundação Evangelli Nuntiandi</p></td><td rowspan="1" colspan="1"><p>Serviço Auxiliar de Radiodifusão e Correlatos (SARC) - Modalidade Ligação para Transmissão de Programas</p></td></tr><tr><td rowspan="1" colspan="1"><p>Fundação Santíssimo Redentor</p></td><td rowspan="1" colspan="1"><p>Serviço Auxiliar de Radiodifusão e Correlatos (SARC) - Modalidade Ligação para Transmissão de Programas</p></td></tr><tr><td rowspan="1" colspan="1"><p>Fundação Verdes e Floresta</p></td><td rowspan="1" colspan="1"><p>Serviço Auxiliar de Radiodifusão e Correlatos (SARC) - Modalidade Ligação Reportagem Externa</p></td></tr><tr><td rowspan="1" colspan="1"><p>Fundação Verdes e Floresta</p></td><td rowspan="1" colspan="1"><p>Serviço Auxiliar de Radiodifusão e Correlatos (SARC) - Modalidade Ligação para Transmissão de Programas</p></td></tr><tr><td rowspan="1" colspan="1"><p>Radio Amazonia LTDA</p></td><td rowspan="1" colspan="1"><p>Serviço Auxiliar de Radiodifusão e Correlatos (SARC) - Modalidade Ligação Reportagem Externa</p></td></tr><tr><td rowspan="1" colspan="1"><p>Rádio e Televisão Integração LTDA</p></td><td rowspan="1" colspan="1"><p>Serviço Auxiliar de Radiodifusão e Correlatos (SARC) - Modalidade Ligação Reportagem Externa</p></td></tr><tr><td rowspan="1" colspan="1"><p>Rádio e Televisão Integração LTDA</p></td><td rowspan="1" colspan="1"><p>Serviço Auxiliar de Radiodifusão e Correlatos (SARC) - Modalidade Ligação para Transmissão de Programas</p></td></tr><tr><td rowspan="1" colspan="1"><p>Radio Jutanopolis de Manacapuru LTDA</p></td><td rowspan="1" colspan="1"><p>Serviço Auxiliar de Radiodifusão e Correlatos (SARC) - Modalidade Ligação para Transmissão de Programas</p></td></tr></table><p>Celso Henrique Heredias Ribas</p><p class="cargo">Gerente</p>]]></Texto>
  </body>
  <Midias />
</article></xml>