﻿<xml><article id="44722811" name="Portaria_576_prorroga_EMUS_Educa" idOficio="11189444" pubName="DO1" artType="Portaria" pubDate="01/08/2025" artClass="00025:00095:00001:00029:00000:00000:00000:00000:00000:00000:00054:00000" artCategory="Ministério da Educação/Universidade Federal da Bahia/Reitoria/Pró-Reitoria de Desenvolvimento de Pessoas" artSize="12" artNotes="" numberPage="24" pdfPage="http://pesquisa.in.gov.br/imprensa/jsp/visualiza/index.jsp?data=01/08/2025&amp;jornal=515&amp;pagina=24" editionNumber="144" highlightType="" highlightPriority="" highlight="" highlightimage="" highlightimagename="" idMateria="22945530">
  <body>
    <Identifica><![CDATA[ PORTARIA Nº 576, DE 31 DE JULHO DE 2025]]></Identifica>
    <Data><![CDATA[]]></Data>
    <Ementa><![CDATA[Ato prorrogação do resultado final do concurso público para carreira de magistério superior]]></Ementa>
    <Titulo />
    <SubTitulo />
    <Texto><![CDATA[<p class="identifica">PORTARIA Nº 576, DE 31 DE JULHO DE 2025</p><p class="ementa">Ato prorrogação do resultado final do concurso público para carreira de magistério superior</p><p>O PRÓ-REITOR DE DESENVOLVIMENTO DE PESSOAS, no uso de suas atribuições previstas na Portaria de Delegação de Competência nº 50, de 11/02/2025, resolve:</p><p>Prorrogar por 01 (um) ano, a partir de 13/08/2025, o prazo legal do Concurso Público para Docente da Carreira do Magistério Superior, realizado por esta Universidade, objeto do Edital nº 01/2023, DOU de 04/07/2023, cuja homologação foi publicada, conforme Portaria nº 507, DOU de 13/08/2024.</p><p /><p></p><table><tr /><tr><td rowspan="1" colspan="1"><p>Campus: Salvador</p></td><td rowspan="1" colspan="1"><p>Unidade Universitária: Escola de Música</p></td></tr><tr><td rowspan="1" colspan="1"><p>Departamento: Música</p></td><td rowspan="1" colspan="1"><p>Área de Conhecimento: Educação Musical para as Relações Étnico-raciais</p></td></tr><tr><td rowspan="1" colspan="1"><p>Cargo: Professor do Magistério Superior</p></td><td rowspan="1" colspan="1"><p>Classe: A</p></td></tr><tr><td rowspan="1" colspan="1"><p>Denominação: Professor Assistente</p></td><td rowspan="1" colspan="1"><p>Regime de Trabalho: 40 horas semanais</p></td></tr></table><p>JEILSON BARRETO ANDRADE</p>]]></Texto>
  </body>
  <Midias />
</article></xml>