﻿<xml><article id="44736086" name="7779 PORTARIA T - Habilita leito" idOficio="11191452" pubName="DO1" artType="Portaria" pubDate="01/08/2025" artClass="00047:00001:00000:00000:00000:00000:00000:00000:00000:00000:00054:00000" artCategory="Ministério da Saúde/Gabinete do Ministro" artSize="24" artNotes="" numberPage="111" pdfPage="http://pesquisa.in.gov.br/imprensa/jsp/visualiza/index.jsp?data=01/08/2025&amp;jornal=515&amp;pagina=111" editionNumber="144" highlightType="" highlightPriority="" highlight="" highlightimage="" highlightimagename="" idMateria="22948797">
  <body>
    <Identifica><![CDATA[ Portaria GM/MS Nº 7.779, DE 31 DE julho DE 2025]]></Identifica>
    <Data><![CDATA[]]></Data>
    <Ementa><![CDATA[ Habilita leitos de Unidade de Terapia Intensiva (UTI) e estabelece recurso financeiro do Bloco de Manutenção das Ações e Serviços Públicos de Saúde - Grupo de Atenção Especializada, a ser incorporado ao limite financeiro de Média e Alta Complexidade (MAC) do Estado de São Paulo.]]></Ementa>
    <Titulo />
    <SubTitulo />
    <Texto><![CDATA[<p class="identifica">Portaria GM/MS Nº 7.779, DE 31 DE julho DE 2025</p><p class="ementa">Habilita leitos de Unidade de Terapia Intensiva (UTI) e estabelece recurso financeiro do Bloco de Manutenção das Ações e Serviços Públicos de Saúde - Grupo de Atenção Especializada, a ser incorporado ao limite financeiro de Média e Alta Complexidade (MAC) do Estado de São Paulo.</p><p>O MINISTRO DE ESTADO DA SAÚDE, no uso das atribuições que lhe conferem os incisos I e II do parágrafo único do art. 87 da Constituição, resolve:</p><p>Art. 1º Ficam habilitados leitos de Unidades de Terapia Intensiva (UTI) Pediátrica, no estabelecimento descrito no Anexo a esta Portaria.</p><p>Parágrafo único. Fica determinado que a referida unidade de saúde poderá ser submetida à avaliação por técnicos da Secretaria de Atenção Especializada à Saúde - SAES/MS, e, no caso de descumprimento dos requisitos estabelecidos no Título X, da Portaria de Consolidação GM/MS nº. 3, de 28 de setembro de 2017, ter suspenso os efeitos de sua habilitação.</p><p>Art. 2º Fica estabelecido recurso financeiro do Bloco de Manutenção das Ações e Serviços Públicos de Saúde - Grupo de Atenção Especializada, no montante anual de R$ 919.800,00 (novecentos e dezenove mil e oitocentos reais) a ser incorporado ao limite financeiro de Média e Alta Complexidade (MAC) do Estado de São Paulo.</p><p>Parágrafo único. O impacto financeiro no presente exercício será de R$ 383.250,00 (trezentos e oitenta e três mil duzentos e cinquenta reais) com parcelas mensais no valor de R$ 76.650,00 (setenta e seis mil seiscentos e cinquenta reais).</p><p>Art. 3º O Fundo Nacional de Saúde adotará as medidas necessárias para a transferência, regular e automática, do montante estabelecido no art. 2º, ao Fundo Estadual de Saúde de São Paulo, em parcelas mensais, mediante processo autorizativo encaminhado pela Secretaria de Atenção Especializada à Saúde.</p><p>Parágrafo único. O recurso relativo ao estabelecimento consignado ao programa de trabalho tem como finalidade o custeio de quaisquer ações e serviços de média e alta complexidade para atenção à saúde da população, desde que garantida a manutenção da unidade.</p><p>Art. 4º O recurso orçamentário objeto desta Portaria correrá por conta do orçamento do Ministério da Saúde, devendo onerar o Programa de Trabalho 10.302.5118.8585 - Atenção à Saúde da População para Procedimentos em Média e Alta Complexidade - Plano Orçamentário 0000.</p><p>Art. 5º Esta Portaria entra em vigor na data de sua publicação, com efeitos financeiros a partir da 8ª (oitava) parcela de 2025.</p><p class="assina">ALEXANDRE ROCHA SANTOS PADILHA</p><p class="anexo">ANEXO</p><p /><p></p><table><tr /><tr><td rowspan="1" colspan="1"><p>UF</p></td><td rowspan="1" colspan="1"><p>IBGE</p></td><td rowspan="1" colspan="1"><p>MUNICÍPIO</p></td><td rowspan="1" colspan="1"><p>ESTABELECIMENTO</p></td><td rowspan="1" colspan="1"><p>CNES</p></td><td rowspan="1" colspan="1"><p>GESTÃO</p></td><td rowspan="1" colspan="1"><p>PROPOSTA SAIPS Nº</p></td><td rowspan="1" colspan="1"><p>CÓDIGO E DESCRIÇÃO TIPO DE LEITO</p></td><td rowspan="1" colspan="1"><p>Nº DE LEITOS DE UTI NOVOS A SEREM HABILITADOS</p></td><td rowspan="1" colspan="1"><p>TOTAL DE LEITOS DE UTI HABILITADOS</p></td><td rowspan="1" colspan="1"><p>VALOR CUSTEIO ANUAL (R$)</p></td><td rowspan="1" colspan="1"><p>PROCESSO</p></td></tr><tr><td rowspan="1" colspan="1"><p>SP</p></td><td rowspan="1" colspan="1"><p>354340</p></td><td rowspan="1" colspan="1"><p>RIBEIRÃO PRETO</p></td><td rowspan="1" colspan="1"><p>HOSPITAL DAS CLINICAS FAEPA RIBEIRÃO PRETO</p></td><td rowspan="1" colspan="1"><p>2082187</p></td><td rowspan="1" colspan="1"><p>ESTADUAL</p></td><td rowspan="1" colspan="1"><p>212859</p></td><td rowspan="1" colspan="1"><p>26.06 - UTI PEDIÁTRICO - TIPO III</p></td><td rowspan="1" colspan="1"><p>4</p></td><td rowspan="1" colspan="1"><p>28</p></td><td rowspan="1" colspan="1"><p>R$ 919.800,00</p></td><td rowspan="1" colspan="1"><p>25000.091155/2025-34</p></td></tr></table>]]></Texto>
  </body>
  <Midias />
</article></xml>