﻿<xml><article id="44731961" name="2025-07-31/11191159/ANMWS_229483" idOficio="11191159" pubName="DO1" artType="Despacho" pubDate="01/08/2025" artClass="00035:00044:00017:00000:00000:00000:00000:00000:00000:00000:00024:00105" artCategory="Ministério de Minas e Energia/Agência Nacional de Mineração/Gerência da ANM no Estado de Alagoas" artSize="12" artNotes="" numberPage="80" pdfPage="http://pesquisa.in.gov.br/imprensa/jsp/visualiza/index.jsp?data=01/08/2025&amp;jornal=515&amp;pagina=80" editionNumber="144" highlightType="" highlightPriority="" highlight="" highlightimage="" highlightimagename="" idMateria="22948396">
  <body>
    <Identifica><![CDATA[Despacho]]></Identifica>
    <Data><![CDATA[]]></Data>
    <Ementa />
    <Titulo />
    <SubTitulo />
    <Texto><![CDATA[<p class="identifica">Despacho</p><p>Relação nº 105/2025</p><p>Fase de Requerimento de Licenciamento</p><p>O GERENTE REGIONAL DA AGÊNCIA NACIONAL DE MINERAÇÃO, no uso da competência delegada de que trata o Art. 1°, IV da Portaria ANM nº 1.712, de 08 de novembro de 2024, publicada no Diário Oficial da União de 12/11/2024, outorga o(s) seguinte(s) Registro(s) de Licença com vigência a partir da data de publicação:(730)</p><p>Registro de Licença n°: 598/2025 - Processo nº: 844.016/2025 - Titular: MARIA IANGRA INACIO SILVA SANTOS - Vencimento: 09/01/2035 - Substância(s): AREIA - Município(s): FEIRA GRANDE/AL, LAGOA DA CANOA/AL</p><p class="assina">FERNANDO JOSE DA COSTA BISPO</p>]]></Texto>
  </body>
  <Midias />
</article></xml>