﻿<xml><article id="44735810" name="Portaria FP 31 07 2025 Descreden" idOficio="11191432" pubName="DO1" artType="Despacho" pubDate="01/08/2025" artClass="00047:00039:00000:00000:00000:00000:00000:00000:00000:00000:00024:00000" artCategory="Ministério da Saúde/Secretaria de Ciência, Tecnologia e Inovação e do Complexo Econômico-Industrial da Saúde" artSize="24" artNotes="" numberPage="141" pdfPage="http://pesquisa.in.gov.br/imprensa/jsp/visualiza/index.jsp?data=01/08/2025&amp;jornal=515&amp;pagina=141" editionNumber="144" highlightType="" highlightPriority="" highlight="" highlightimage="" highlightimagename="" idMateria="22948776">
  <body>
    <Identifica />
    <Data><![CDATA[]]></Data>
    <Ementa />
    <Titulo />
    <SubTitulo />
    <Texto><![CDATA[<p /><p></p><table><tr /><tr><td rowspan="1" colspan="1"><p>1788</p></td><td rowspan="1" colspan="1"><p>09197998000130</p></td><td rowspan="1" colspan="1"><p>ALPHAFARMA PRODUTOS FARMACEUTICOS LTDA</p></td><td rowspan="1" colspan="1"><p>PR</p></td><td rowspan="1" colspan="1"><p>COLOMBO</p></td><td rowspan="1" colspan="1"><p>25000171917201422</p></td></tr><tr><td rowspan="1" colspan="1"><p>1789</p></td><td rowspan="1" colspan="1"><p>14188868000171</p></td><td rowspan="1" colspan="1"><p>J.B.STRAPASSON &amp; CIA LTDA</p></td><td rowspan="1" colspan="1"><p>PR</p></td><td rowspan="1" colspan="1"><p>COLOMBO</p></td><td rowspan="1" colspan="1"><p>25000223938201350</p></td></tr><tr><td rowspan="1" colspan="1"><p>1790</p></td><td rowspan="1" colspan="1"><p>07095372000945</p></td><td rowspan="1" colspan="1"><p>TUCUMANTEL E TUCUMANTEL LTDA</p></td><td rowspan="1" colspan="1"><p>PR</p></td><td rowspan="1" colspan="1"><p>COLOMBO</p></td><td rowspan="1" colspan="1"><p>25000117169201017</p></td></tr><tr><td rowspan="1" colspan="1"><p>1791</p></td><td rowspan="1" colspan="1"><p>00957383000190</p></td><td rowspan="1" colspan="1"><p>SERFLA - COMERCIO DE MEDICAMENTOS EIRELI</p></td><td rowspan="1" colspan="1"><p>PR</p></td><td rowspan="1" colspan="1"><p>CORBELIA</p></td><td rowspan="1" colspan="1"><p>25000120120201386</p></td></tr><tr><td rowspan="1" colspan="1"><p>1792</p></td><td rowspan="1" colspan="1"><p>10944855000124</p></td><td rowspan="1" colspan="1"><p>M.A. DE AMURIN DA COSTA - FARMACIA</p></td><td rowspan="1" colspan="1"><p>PR</p></td><td rowspan="1" colspan="1"><p>CORUMBATAI DO SUL</p></td><td rowspan="1" colspan="1"><p>25000192497201418</p></td></tr><tr><td rowspan="1" colspan="1"><p>1793</p></td><td rowspan="1" colspan="1"><p>18632200000122</p></td><td rowspan="1" colspan="1"><p>F. DOSSO - FARMACIA</p></td><td rowspan="1" colspan="1"><p>PR</p></td><td rowspan="1" colspan="1"><p>CRUZEIRO DO OESTE</p></td><td rowspan="1" colspan="1"><p>25000102422201453</p></td></tr><tr><td rowspan="1" colspan="1"><p>1794</p></td><td rowspan="1" colspan="1"><p>07327434000140</p></td><td rowspan="1" colspan="1"><p>A.P. COMERCIO DE MEDICAMENTOS LTDA</p></td><td rowspan="1" colspan="1"><p>PR</p></td><td rowspan="1" colspan="1"><p>CURITIBA</p></td><td rowspan="1" colspan="1"><p>25000166861200684</p></td></tr><tr><td rowspan="1" colspan="1"><p>1795</p></td><td rowspan="1" colspan="1"><p>07327434000220</p></td><td rowspan="1" colspan="1"><p>A.P. COMERCIO DE MEDICAMENTOS LTDA</p></td><td rowspan="1" colspan="1"><p>PR</p></td><td rowspan="1" colspan="1"><p>CURITIBA</p></td><td rowspan="1" colspan="1"><p>25000166861200684</p></td></tr><tr><td rowspan="1" colspan="1"><p>1796</p></td><td rowspan="1" colspan="1"><p>03689261000159</p></td><td rowspan="1" colspan="1"><p>ASSOCIACAO REDE DE BENEFICIOS SOLIDARIEDADE</p></td><td rowspan="1" colspan="1"><p>PR</p></td><td rowspan="1" colspan="1"><p>CURITIBA</p></td><td rowspan="1" colspan="1"><p>25000124420200796</p></td></tr><tr><td rowspan="1" colspan="1"><p>1797</p></td><td rowspan="1" colspan="1"><p>07425255000145</p></td><td rowspan="1" colspan="1"><p>BRAGAMED COMERCIO DE MEDICAMENTOS E PERFUMARIA LTDA</p></td><td rowspan="1" colspan="1"><p>PR</p></td><td rowspan="1" colspan="1"><p>CURITIBA</p></td><td rowspan="1" colspan="1"><p>25000024191200972</p></td></tr><tr><td rowspan="1" colspan="1"><p>1798</p></td><td rowspan="1" colspan="1"><p>77971679000190</p></td><td rowspan="1" colspan="1"><p>CAFETERIA SENHOR CAFE LTDA</p></td><td rowspan="1" colspan="1"><p>PR</p></td><td rowspan="1" colspan="1"><p>CURITIBA</p></td><td rowspan="1" colspan="1"><p>25000506506200903</p></td></tr><tr><td rowspan="1" colspan="1"><p>1799</p></td><td rowspan="1" colspan="1"><p>00751089002686</p></td><td rowspan="1" colspan="1"><p>COMERCIO DE MEDICAMENTOS MAEOKA LTDA.</p></td><td rowspan="1" colspan="1"><p>PR</p></td><td rowspan="1" colspan="1"><p>CURITIBA</p></td><td rowspan="1" colspan="1"><p>25000048320200918</p></td></tr><tr><td rowspan="1" colspan="1"><p>1800</p></td><td rowspan="1" colspan="1"><p>03945801000118</p></td><td rowspan="1" colspan="1"><p>CONSULNET SERVICOS E PROJETOS ELETRICOS LTDA</p></td><td rowspan="1" colspan="1"><p>PR</p></td><td rowspan="1" colspan="1"><p>CURITIBA</p></td><td rowspan="1" colspan="1"><p>25000083749201176</p></td></tr><tr><td rowspan="1" colspan="1"><p>1801</p></td><td rowspan="1" colspan="1"><p>77073435000190</p></td><td rowspan="1" colspan="1"><p>DROGARIA ATLANTICO LTDA</p></td><td rowspan="1" colspan="1"><p>PR</p></td><td rowspan="1" colspan="1"><p>CURITIBA</p></td><td rowspan="1" colspan="1"><p>25000020434200901</p></td></tr><tr><td rowspan="1" colspan="1"><p>1802</p></td><td rowspan="1" colspan="1"><p>04237771000158</p></td><td rowspan="1" colspan="1"><p>DROGAZEN - FARMACIA E DROGARIA LTDA</p></td><td rowspan="1" colspan="1"><p>PR</p></td><td rowspan="1" colspan="1"><p>CURITIBA</p></td><td rowspan="1" colspan="1"><p>25000022120200935</p></td></tr><tr><td rowspan="1" colspan="1"><p>1803</p></td><td rowspan="1" colspan="1"><p>79430682019907</p></td><td rowspan="1" colspan="1"><p>FARMACIA E DROGARIA NISSEI S.A</p></td><td rowspan="1" colspan="1"><p>PR</p></td><td rowspan="1" colspan="1"><p>CURITIBA</p></td><td rowspan="1" colspan="1"><p>25000216996200789</p></td></tr><tr><td rowspan="1" colspan="1"><p>1804</p></td><td rowspan="1" colspan="1"><p>78693488000177</p></td><td rowspan="1" colspan="1"><p>FARMACIA JANGO FARMA LTDA</p></td><td rowspan="1" colspan="1"><p>PR</p></td><td rowspan="1" colspan="1"><p>CURITIBA</p></td><td rowspan="1" colspan="1"><p>25000127918201197</p></td></tr><tr><td rowspan="1" colspan="1"><p>1805</p></td><td rowspan="1" colspan="1"><p>04730554000103</p></td><td rowspan="1" colspan="1"><p>FARMACIA STRAPASSON LTDA</p></td><td rowspan="1" colspan="1"><p>PR</p></td><td rowspan="1" colspan="1"><p>CURITIBA</p></td><td rowspan="1" colspan="1"><p>25000033576200921</p></td></tr><tr><td rowspan="1" colspan="1"><p>1806</p></td><td rowspan="1" colspan="1"><p>04426515000290</p></td><td rowspan="1" colspan="1"><p>GONCALVES COMERCIO DE MEDICAMENTOS LTDA</p></td><td rowspan="1" colspan="1"><p>PR</p></td><td rowspan="1" colspan="1"><p>CURITIBA</p></td><td rowspan="1" colspan="1"><p>25000012584200933</p></td></tr><tr><td rowspan="1" colspan="1"><p>1807</p></td><td rowspan="1" colspan="1"><p>11896722000192</p></td><td rowspan="1" colspan="1"><p>GUSTAVO KLOSS FRANCA</p></td><td rowspan="1" colspan="1"><p>PR</p></td><td rowspan="1" colspan="1"><p>CURITIBA</p></td><td rowspan="1" colspan="1"><p>25000149789201279</p></td></tr><tr><td rowspan="1" colspan="1"><p>1808</p></td><td rowspan="1" colspan="1"><p>78167046003021</p></td><td rowspan="1" colspan="1"><p>INKAFARMA COMERCIO FARMACEUTICO S.A.</p></td><td rowspan="1" colspan="1"><p>PR</p></td><td rowspan="1" colspan="1"><p>CURITIBA</p></td><td rowspan="1" colspan="1"><p>25000044101200617</p></td></tr><tr><td rowspan="1" colspan="1"><p>1809</p></td><td rowspan="1" colspan="1"><p>78167046000944</p></td><td rowspan="1" colspan="1"><p>INKAFARMA COMERCIO FARMACEUTICO S.A.</p></td><td rowspan="1" colspan="1"><p>PR</p></td><td rowspan="1" colspan="1"><p>CURITIBA</p></td><td rowspan="1" colspan="1"><p>25000044101200617</p></td></tr><tr><td rowspan="1" colspan="1"><p>1810</p></td><td rowspan="1" colspan="1"><p>78167046001401</p></td><td rowspan="1" colspan="1"><p>INKAFARMA COMERCIO FARMACEUTICO S.A.</p></td><td rowspan="1" colspan="1"><p>PR</p></td><td rowspan="1" colspan="1"><p>CURITIBA</p></td><td rowspan="1" colspan="1"><p>25000044101200617</p></td></tr><tr><td rowspan="1" colspan="1"><p>1811</p></td><td rowspan="1" colspan="1"><p>03419495000186</p></td><td rowspan="1" colspan="1"><p>LEFARMA PRINCIPE NUTRICAO E PRODUTOS PARA A SAUDE EIRELI</p></td><td rowspan="1" colspan="1"><p>PR</p></td><td rowspan="1" colspan="1"><p>CURITIBA</p></td><td rowspan="1" colspan="1"><p>25000141247201177</p></td></tr><tr><td rowspan="1" colspan="1"><p>1812</p></td><td rowspan="1" colspan="1"><p>02976568000178</p></td><td rowspan="1" colspan="1"><p>LIMA COMERCIO DE MEDICAMENTOS LTDA</p></td><td rowspan="1" colspan="1"><p>PR</p></td><td rowspan="1" colspan="1"><p>CURITIBA</p></td><td rowspan="1" colspan="1"><p>25000195890201382</p></td></tr><tr><td rowspan="1" colspan="1"><p>1813</p></td><td rowspan="1" colspan="1"><p>10234044000130</p></td><td rowspan="1" colspan="1"><p>MAZURKEVIC PREPARACAO DE DOCUMENTOS LTDA.</p></td><td rowspan="1" colspan="1"><p>PR</p></td><td rowspan="1" colspan="1"><p>CURITIBA</p></td><td rowspan="1" colspan="1"><p>25000127243201186</p></td></tr><tr><td rowspan="1" colspan="1"><p>1814</p></td><td rowspan="1" colspan="1"><p>10394739000189</p></td><td rowspan="1" colspan="1"><p>NEVES &amp; MORETO COMERCIO DE MEDICAMENTOS LTDA.</p></td><td rowspan="1" colspan="1"><p>PR</p></td><td rowspan="1" colspan="1"><p>CURITIBA</p></td><td rowspan="1" colspan="1"><p>25000231930201448</p></td></tr><tr><td rowspan="1" colspan="1"><p>1815</p></td><td rowspan="1" colspan="1"><p>01847140000162</p></td><td rowspan="1" colspan="1"><p>QSP FARMA FARMACIA DE MANIPULACAO LTDA</p></td><td rowspan="1" colspan="1"><p>PR</p></td><td rowspan="1" colspan="1"><p>CURITIBA</p></td><td rowspan="1" colspan="1"><p>25000016782201514</p></td></tr><tr><td rowspan="1" colspan="1"><p>1816</p></td><td rowspan="1" colspan="1"><p>60605664016703</p></td><td rowspan="1" colspan="1"><p>RAIA S.A.</p></td><td rowspan="1" colspan="1"><p>PR</p></td><td rowspan="1" colspan="1"><p>CURITIBA</p></td><td rowspan="1" colspan="1"><p>25000044144200696</p></td></tr><tr><td rowspan="1" colspan="1"><p>1817</p></td><td rowspan="1" colspan="1"><p>60605664016452</p></td><td rowspan="1" colspan="1"><p>RAIA S.A.</p></td><td rowspan="1" colspan="1"><p>PR</p></td><td rowspan="1" colspan="1"><p>CURITIBA</p></td><td rowspan="1" colspan="1"><p>25000044144200696</p></td></tr><tr><td rowspan="1" colspan="1"><p>1818</p></td><td rowspan="1" colspan="1"><p>60605664016371</p></td><td rowspan="1" colspan="1"><p>RAIA S.A.</p></td><td rowspan="1" colspan="1"><p>PR</p></td><td rowspan="1" colspan="1"><p>CURITIBA</p></td><td rowspan="1" colspan="1"><p>25000044144200696</p></td></tr><tr><td rowspan="1" colspan="1"><p>1819</p></td><td rowspan="1" colspan="1"><p>60605664019397</p></td><td rowspan="1" colspan="1"><p>RAIA S.A.</p></td><td rowspan="1" colspan="1"><p>PR</p></td><td rowspan="1" colspan="1"><p>CURITIBA</p></td><td rowspan="1" colspan="1"><p>25000044144200696</p></td></tr><tr><td rowspan="1" colspan="1"><p>1820</p></td><td rowspan="1" colspan="1"><p>60605664016614</p></td><td rowspan="1" colspan="1"><p>RAIA S.A.</p></td><td rowspan="1" colspan="1"><p>PR</p></td><td rowspan="1" colspan="1"><p>CURITIBA</p></td><td rowspan="1" colspan="1"><p>25000044144200696</p></td></tr><tr><td rowspan="1" colspan="1"><p>1821</p></td><td rowspan="1" colspan="1"><p>60605664016533</p></td><td rowspan="1" colspan="1"><p>RAIA S.A.</p></td><td rowspan="1" colspan="1"><p>PR</p></td><td rowspan="1" colspan="1"><p>CURITIBA</p></td><td rowspan="1" colspan="1"><p>25000044144200696</p></td></tr><tr><td rowspan="1" colspan="1"><p>1822</p></td><td rowspan="1" colspan="1"><p>60605664013003</p></td><td rowspan="1" colspan="1"><p>RAIA S.A.</p></td><td rowspan="1" colspan="1"><p>PR</p></td><td rowspan="1" colspan="1"><p>CURITIBA</p></td><td rowspan="1" colspan="1"><p>25000044144200696</p></td></tr><tr><td rowspan="1" colspan="1"><p>1823</p></td><td rowspan="1" colspan="1"><p>60605664021960</p></td><td rowspan="1" colspan="1"><p>RAIA S.A.</p></td><td rowspan="1" colspan="1"><p>PR</p></td><td rowspan="1" colspan="1"><p>CURITIBA</p></td><td rowspan="1" colspan="1"><p>25000044144200696</p></td></tr><tr><td rowspan="1" colspan="1"><p>1824</p></td><td rowspan="1" colspan="1"><p>60605664017343</p></td><td rowspan="1" colspan="1"><p>RAIA S.A.</p></td><td rowspan="1" colspan="1"><p>PR</p></td><td rowspan="1" colspan="1"><p>CURITIBA</p></td><td rowspan="1" colspan="1"><p>25000044144200696</p></td></tr><tr><td rowspan="1" colspan="1"><p>1825</p></td><td rowspan="1" colspan="1"><p>60605664015057</p></td><td rowspan="1" colspan="1"><p>RAIA S.A.</p></td><td rowspan="1" colspan="1"><p>PR</p></td><td rowspan="1" colspan="1"><p>CURITIBA</p></td><td rowspan="1" colspan="1"><p>25000044144200696</p></td></tr><tr><td rowspan="1" colspan="1"><p>1826</p></td><td rowspan="1" colspan="1"><p>60605664017777</p></td><td rowspan="1" colspan="1"><p>RAIA S.A.</p></td><td rowspan="1" colspan="1"><p>PR</p></td><td rowspan="1" colspan="1"><p>CURITIBA</p></td><td rowspan="1" colspan="1"><p>25000044144200696</p></td></tr><tr><td rowspan="1" colspan="1"><p>1827</p></td><td rowspan="1" colspan="1"><p>60605664013860</p></td><td rowspan="1" colspan="1"><p>RAIA S.A.</p></td><td rowspan="1" colspan="1"><p>PR</p></td><td rowspan="1" colspan="1"><p>CURITIBA</p></td><td rowspan="1" colspan="1"><p>25000044144200696</p></td></tr><tr><td rowspan="1" colspan="1"><p>1828</p></td><td rowspan="1" colspan="1"><p>60605664014409</p></td><td rowspan="1" colspan="1"><p>RAIA S.A.</p></td><td rowspan="1" colspan="1"><p>PR</p></td><td rowspan="1" colspan="1"><p>CURITIBA</p></td><td rowspan="1" colspan="1"><p>25000044144200696</p></td></tr><tr><td rowspan="1" colspan="1"><p>1829</p></td><td rowspan="1" colspan="1"><p>60605664014590</p></td><td rowspan="1" colspan="1"><p>RAIA S.A.</p></td><td rowspan="1" colspan="1"><p>PR</p></td><td rowspan="1" colspan="1"><p>CURITIBA</p></td><td rowspan="1" colspan="1"><p>25000044144200696</p></td></tr><tr><td rowspan="1" colspan="1"><p>1830</p></td><td rowspan="1" colspan="1"><p>60605664021880</p></td><td rowspan="1" colspan="1"><p>RAIA S.A.</p></td><td rowspan="1" colspan="1"><p>PR</p></td><td rowspan="1" colspan="1"><p>CURITIBA</p></td><td rowspan="1" colspan="1"><p>25000044144200696</p></td></tr><tr><td rowspan="1" colspan="1"><p>1831</p></td><td rowspan="1" colspan="1"><p>60605664029350</p></td><td rowspan="1" colspan="1"><p>RAIA S.A.</p></td><td rowspan="1" colspan="1"><p>PR</p></td><td rowspan="1" colspan="1"><p>CURITIBA</p></td><td rowspan="1" colspan="1"><p>25000044144200696</p></td></tr><tr><td rowspan="1" colspan="1"><p>1832</p></td><td rowspan="1" colspan="1"><p>60605664037298</p></td><td rowspan="1" colspan="1"><p>RAIA S.A.</p></td><td rowspan="1" colspan="1"><p>PR</p></td><td rowspan="1" colspan="1"><p>CURITIBA</p></td><td rowspan="1" colspan="1"><p>25000044144200696</p></td></tr><tr><td rowspan="1" colspan="1"><p>1833</p></td><td rowspan="1" colspan="1"><p>60605664038774</p></td><td rowspan="1" colspan="1"><p>RAIA S.A.</p></td><td rowspan="1" colspan="1"><p>PR</p></td><td rowspan="1" colspan="1"><p>CURITIBA</p></td><td rowspan="1" colspan="1"><p>25000044144200696</p></td></tr><tr><td rowspan="1" colspan="1"><p>1834</p></td><td rowspan="1" colspan="1"><p>60605664019206</p></td><td rowspan="1" colspan="1"><p>RAIA S.A.</p></td><td rowspan="1" colspan="1"><p>PR</p></td><td rowspan="1" colspan="1"><p>CURITIBA</p></td><td rowspan="1" colspan="1"><p>25000044144200696</p></td></tr><tr><td rowspan="1" colspan="1"><p>1835</p></td><td rowspan="1" colspan="1"><p>60605664030013</p></td><td rowspan="1" colspan="1"><p>RAIA S.A.</p></td><td rowspan="1" colspan="1"><p>PR</p></td><td rowspan="1" colspan="1"><p>CURITIBA</p></td><td rowspan="1" colspan="1"><p>25000044114200696</p></td></tr><tr><td rowspan="1" colspan="1"><p>1836</p></td><td rowspan="1" colspan="1"><p>81201113000157</p></td><td rowspan="1" colspan="1"><p>SAGRADO CORACAO DE JESUS DROGARIA LTDA</p></td><td rowspan="1" colspan="1"><p>PR</p></td><td rowspan="1" colspan="1"><p>CURITIBA</p></td><td rowspan="1" colspan="1"><p>25000062709201191</p></td></tr><tr><td rowspan="1" colspan="1"><p>1837</p></td><td rowspan="1" colspan="1"><p>07928605000196</p></td><td rowspan="1" colspan="1"><p>SODHEFARMA FARMACIA LTDA</p></td><td rowspan="1" colspan="1"><p>PR</p></td><td rowspan="1" colspan="1"><p>CURITIBA</p></td><td rowspan="1" colspan="1"><p>25000159605201017</p></td></tr><tr><td rowspan="1" colspan="1"><p>1838</p></td><td rowspan="1" colspan="1"><p>10939481000159</p></td><td rowspan="1" colspan="1"><p>SSGFARMA COMERCIO DE PRODUTOS FARMACEUTICOS LTDA</p></td><td rowspan="1" colspan="1"><p>PR</p></td><td rowspan="1" colspan="1"><p>CURITIBA</p></td><td rowspan="1" colspan="1"><p>25000217227201265</p></td></tr><tr><td rowspan="1" colspan="1"><p>1839</p></td><td rowspan="1" colspan="1"><p>01037132000150</p></td><td rowspan="1" colspan="1"><p>ST ADMINISTRACAO &amp; NEGOCIOS LTDA</p></td><td rowspan="1" colspan="1"><p>PR</p></td><td rowspan="1" colspan="1"><p>CURITIBA</p></td><td rowspan="1" colspan="1"><p>25000229034200790</p></td></tr><tr><td rowspan="1" colspan="1"><p>1840</p></td><td rowspan="1" colspan="1"><p>00450648000160</p></td><td rowspan="1" colspan="1"><p>SUNNY CURITIBA DROGARIA LTDA</p></td><td rowspan="1" colspan="1"><p>PR</p></td><td rowspan="1" colspan="1"><p>CURITIBA</p></td><td rowspan="1" colspan="1"><p>25000127507201100</p></td></tr><tr><td rowspan="1" colspan="1"><p>1841</p></td><td rowspan="1" colspan="1"><p>15630602000280</p></td><td rowspan="1" colspan="1"><p>C PRACONI PINZON LTDA</p></td><td rowspan="1" colspan="1"><p>PR</p></td><td rowspan="1" colspan="1"><p>DOIS VIZINHOS</p></td><td rowspan="1" colspan="1"><p>25000160350201388</p></td></tr><tr><td rowspan="1" colspan="1"><p>1842</p></td><td rowspan="1" colspan="1"><p>03155562000364</p></td><td rowspan="1" colspan="1"><p>GENERICO'S MEDICAMENTOS E PERFUMARIA LTDA</p></td><td rowspan="1" colspan="1"><p>PR</p></td><td rowspan="1" colspan="1"><p>DOIS VIZINHOS</p></td><td rowspan="1" colspan="1"><p>25000130233201471</p></td></tr><tr><td rowspan="1" colspan="1"><p>1843</p></td><td rowspan="1" colspan="1"><p>19488427000290</p></td><td rowspan="1" colspan="1"><p>GLAUCEA MULLER LTDA</p></td><td rowspan="1" colspan="1"><p>PR</p></td><td rowspan="1" colspan="1"><p>DOIS VIZINHOS</p></td><td rowspan="1" colspan="1"><p>25000130210201466</p></td></tr><tr><td rowspan="1" colspan="1"><p>1844</p></td><td rowspan="1" colspan="1"><p>08776407000117</p></td><td rowspan="1" colspan="1"><p>A. LIDUINO - MEDICAMENTOS</p></td><td rowspan="1" colspan="1"><p>PR</p></td><td rowspan="1" colspan="1"><p>FLORESTOPOLIS</p></td><td rowspan="1" colspan="1"><p>25000092600201421</p></td></tr><tr><td rowspan="1" colspan="1"><p>1845</p></td><td rowspan="1" colspan="1"><p>07093189000153</p></td><td rowspan="1" colspan="1"><p>A A GHOCHE ALIMENTOS</p></td><td rowspan="1" colspan="1"><p>PR</p></td><td rowspan="1" colspan="1"><p>FOZ DO IGUACU</p></td><td rowspan="1" colspan="1"><p>25000129837200664</p></td></tr><tr><td rowspan="1" colspan="1"><p>1846</p></td><td rowspan="1" colspan="1"><p>03727976000310</p></td><td rowspan="1" colspan="1"><p>DRUGSTORE GLOBAO LTDA</p></td><td rowspan="1" colspan="1"><p>PR</p></td><td rowspan="1" colspan="1"><p>FOZ DO IGUACU</p></td><td rowspan="1" colspan="1"><p>25000116973201071</p></td></tr><tr><td rowspan="1" colspan="1"><p>1847</p></td><td rowspan="1" colspan="1"><p>03727976000230</p></td><td rowspan="1" colspan="1"><p>DRUGSTORE GLOBAO LTDA</p></td><td rowspan="1" colspan="1"><p>PR</p></td><td rowspan="1" colspan="1"><p>FOZ DO IGUACU</p></td><td rowspan="1" colspan="1"><p>25000116973201071</p></td></tr><tr><td rowspan="1" colspan="1"><p>1848</p></td><td rowspan="1" colspan="1"><p>06192379000327</p></td><td rowspan="1" colspan="1"><p>FARMACIA DE MANIPULACAO GLOBAO LTDA.</p></td><td rowspan="1" colspan="1"><p>PR</p></td><td rowspan="1" colspan="1"><p>FOZ DO IGUACU</p></td><td rowspan="1" colspan="1"><p>25000164944200639</p></td></tr><tr><td rowspan="1" colspan="1"><p>1849</p></td><td rowspan="1" colspan="1"><p>12032438000130</p></td><td rowspan="1" colspan="1"><p>HS PHARMA LTDA</p></td><td rowspan="1" colspan="1"><p>PR</p></td><td rowspan="1" colspan="1"><p>FOZ DO IGUACU</p></td><td rowspan="1" colspan="1"><p>25000189794201214</p></td></tr><tr><td rowspan="1" colspan="1"><p>1850</p></td><td rowspan="1" colspan="1"><p>04439979000150</p></td><td rowspan="1" colspan="1"><p>VALDOMIRO CARDOSO &amp; CIA LTDA</p></td><td rowspan="1" colspan="1"><p>PR</p></td><td rowspan="1" colspan="1"><p>FOZ DO IGUACU</p></td><td rowspan="1" colspan="1"><p>25000118773200757</p></td></tr><tr><td rowspan="1" colspan="1"><p>1851</p></td><td rowspan="1" colspan="1"><p>07499969000106</p></td><td rowspan="1" colspan="1"><p>VL SHOPPING MEDICAMENTOS LTDA</p></td><td rowspan="1" colspan="1"><p>PR</p></td><td rowspan="1" colspan="1"><p>FOZ DO IGUACU</p></td><td rowspan="1" colspan="1"><p>25000196121200672</p></td></tr><tr><td rowspan="1" colspan="1"><p>1852</p></td><td rowspan="1" colspan="1"><p>00895424000161</p></td><td rowspan="1" colspan="1"><p>DROGARIA E FARMACIA BELTRAO LTDA</p></td><td rowspan="1" colspan="1"><p>PR</p></td><td rowspan="1" colspan="1"><p>FRANCISCO BELTRAO</p></td><td rowspan="1" colspan="1"><p>25000114534200647</p></td></tr></table>]]></Texto>
  </body>
  <Midias />
</article></xml>