﻿<xml><article id="44735888" name="Portaria FP 31 07 2025 Descreden" idOficio="11191432" pubName="DO1" artType="Despacho" pubDate="01/08/2025" artClass="00047:00039:00000:00000:00000:00000:00000:00000:00000:00000:00024:00000" artCategory="Ministério da Saúde/Secretaria de Ciência, Tecnologia e Inovação e do Complexo Econômico-Industrial da Saúde" artSize="24" artNotes="" numberPage="160" pdfPage="http://pesquisa.in.gov.br/imprensa/jsp/visualiza/index.jsp?data=01/08/2025&amp;jornal=515&amp;pagina=160" editionNumber="144" highlightType="" highlightPriority="" highlight="" highlightimage="" highlightimagename="" idMateria="22948776">
  <body>
    <Identifica />
    <Data><![CDATA[]]></Data>
    <Ementa />
    <Titulo />
    <SubTitulo />
    <Texto><![CDATA[<p /><p></p><table><tr /><tr><td rowspan="1" colspan="1"><p>3306</p></td><td rowspan="1" colspan="1"><p>60605664005094</p></td><td rowspan="1" colspan="1"><p>RAIA S.A.</p></td><td rowspan="1" colspan="1"><p>SP</p></td><td rowspan="1" colspan="1"><p>FRANCA</p></td><td rowspan="1" colspan="1"><p>25000044144200696</p></td></tr><tr><td rowspan="1" colspan="1"><p>3307</p></td><td rowspan="1" colspan="1"><p>07170815000168</p></td><td rowspan="1" colspan="1"><p>SM DROGARIA EIRELI</p></td><td rowspan="1" colspan="1"><p>SP</p></td><td rowspan="1" colspan="1"><p>FRANCA</p></td><td rowspan="1" colspan="1"><p>25000221041200824</p></td></tr><tr><td rowspan="1" colspan="1"><p>3308</p></td><td rowspan="1" colspan="1"><p>11045921000278</p></td><td rowspan="1" colspan="1"><p>STAR DISTRIBUIDORA DE PRODUTOS FARMACEUTICOS LTDA FALIDO</p></td><td rowspan="1" colspan="1"><p>SP</p></td><td rowspan="1" colspan="1"><p>FRANCA</p></td><td rowspan="1" colspan="1"><p>25000090131201081</p></td></tr><tr><td rowspan="1" colspan="1"><p>3309</p></td><td rowspan="1" colspan="1"><p>00063960018148</p></td><td rowspan="1" colspan="1"><p>WMB SUPERMERCADOS DO BRASIL LTDA.</p></td><td rowspan="1" colspan="1"><p>SP</p></td><td rowspan="1" colspan="1"><p>FRANCA</p></td><td rowspan="1" colspan="1"><p>25000086421201292</p></td></tr><tr><td rowspan="1" colspan="1"><p>3310</p></td><td rowspan="1" colspan="1"><p>61755641000140</p></td><td rowspan="1" colspan="1"><p>ZAINER RENATO DA SILVA LTDA</p></td><td rowspan="1" colspan="1"><p>SP</p></td><td rowspan="1" colspan="1"><p>FRANCA</p></td><td rowspan="1" colspan="1"><p>25000045866200917</p></td></tr><tr><td rowspan="1" colspan="1"><p>3311</p></td><td rowspan="1" colspan="1"><p>65837916002432</p></td><td rowspan="1" colspan="1"><p>DEMAC PRODUTOS FARMACEUTICOS LTDA FALIDO</p></td><td rowspan="1" colspan="1"><p>SP</p></td><td rowspan="1" colspan="1"><p>FRANCISCO MORATO</p></td><td rowspan="1" colspan="1"><p>25000129811200616</p></td></tr><tr><td rowspan="1" colspan="1"><p>3312</p></td><td rowspan="1" colspan="1"><p>02743218003349</p></td><td rowspan="1" colspan="1"><p>DROGA EX LTDA FALIDO</p></td><td rowspan="1" colspan="1"><p>SP</p></td><td rowspan="1" colspan="1"><p>FRANCO DA ROCHA</p></td><td rowspan="1" colspan="1"><p>25000564771200906</p></td></tr><tr><td rowspan="1" colspan="1"><p>3313</p></td><td rowspan="1" colspan="1"><p>48204341000296</p></td><td rowspan="1" colspan="1"><p>DROGARIA FLOR DE LOTUS IDEAL LTDA</p></td><td rowspan="1" colspan="1"><p>SP</p></td><td rowspan="1" colspan="1"><p>GARCA</p></td><td rowspan="1" colspan="1"><p>25000125153201151</p></td></tr><tr><td rowspan="1" colspan="1"><p>3314</p></td><td rowspan="1" colspan="1"><p>12012971000130</p></td><td rowspan="1" colspan="1"><p>CONVENIENCIA DA HORA LTDA.</p></td><td rowspan="1" colspan="1"><p>SP</p></td><td rowspan="1" colspan="1"><p>GAVIAO PEIXOTO</p></td><td rowspan="1" colspan="1"><p>25000087098201193</p></td></tr><tr><td rowspan="1" colspan="1"><p>3315</p></td><td rowspan="1" colspan="1"><p>01608218000196</p></td><td rowspan="1" colspan="1"><p>VAGNER LUIZ LONGHINI</p></td><td rowspan="1" colspan="1"><p>SP</p></td><td rowspan="1" colspan="1"><p>GENERAL SALGADO</p></td><td rowspan="1" colspan="1"><p>25000156908200782</p></td></tr><tr><td rowspan="1" colspan="1"><p>3316</p></td><td rowspan="1" colspan="1"><p>04124888000125</p></td><td rowspan="1" colspan="1"><p>MARCIA CRISTINA KAMEI LTDA</p></td><td rowspan="1" colspan="1"><p>SP</p></td><td rowspan="1" colspan="1"><p>GUAICARA</p></td><td rowspan="1" colspan="1"><p>25000087599200611</p></td></tr><tr><td rowspan="1" colspan="1"><p>3317</p></td><td rowspan="1" colspan="1"><p>04512673000181</p></td><td rowspan="1" colspan="1"><p>DROGAREMA II DROGARIA E PERFUMARIA LTDA</p></td><td rowspan="1" colspan="1"><p>SP</p></td><td rowspan="1" colspan="1"><p>GUARAREMA</p></td><td rowspan="1" colspan="1"><p>25000048129201191</p></td></tr><tr><td rowspan="1" colspan="1"><p>3318</p></td><td rowspan="1" colspan="1"><p>50687433000135</p></td><td rowspan="1" colspan="1"><p>DROGAREMA III DROGARIA E PERFUMARIA LTDA</p></td><td rowspan="1" colspan="1"><p>SP</p></td><td rowspan="1" colspan="1"><p>GUARAREMA</p></td><td rowspan="1" colspan="1"><p>25000156901200761</p></td></tr><tr><td rowspan="1" colspan="1"><p>3319</p></td><td rowspan="1" colspan="1"><p>48539969000161</p></td><td rowspan="1" colspan="1"><p>ANDRADE CIA LTDA</p></td><td rowspan="1" colspan="1"><p>SP</p></td><td rowspan="1" colspan="1"><p>GUARATINGUETA</p></td><td rowspan="1" colspan="1"><p>25000176735200719</p></td></tr><tr><td rowspan="1" colspan="1"><p>3320</p></td><td rowspan="1" colspan="1"><p>04861313000195</p></td><td rowspan="1" colspan="1"><p>SANFARMA SANTO ANTONIO MEDICAMENTOS LTDA.</p></td><td rowspan="1" colspan="1"><p>SP</p></td><td rowspan="1" colspan="1"><p>GUARATINGUETA</p></td><td rowspan="1" colspan="1"><p>25000135163200718</p></td></tr><tr><td rowspan="1" colspan="1"><p>3321</p></td><td rowspan="1" colspan="1"><p>07233142000148</p></td><td rowspan="1" colspan="1"><p>VALEMED COMERCIAL DE MEDICAMENTOS EIRELI</p></td><td rowspan="1" colspan="1"><p>SP</p></td><td rowspan="1" colspan="1"><p>GUARATINGUETA</p></td><td rowspan="1" colspan="1"><p>25000047769200616</p></td></tr><tr><td rowspan="1" colspan="1"><p>3322</p></td><td rowspan="1" colspan="1"><p>55246847000304</p></td><td rowspan="1" colspan="1"><p>FPS DROGARIA E PERFUMARIA LTDA</p></td><td rowspan="1" colspan="1"><p>SP</p></td><td rowspan="1" colspan="1"><p>GUARIBA</p></td><td rowspan="1" colspan="1"><p>25000119205201150</p></td></tr><tr><td rowspan="1" colspan="1"><p>3323</p></td><td rowspan="1" colspan="1"><p>52524311000153</p></td><td rowspan="1" colspan="1"><p>DROGARIA LUMAR LTDA</p></td><td rowspan="1" colspan="1"><p>SP</p></td><td rowspan="1" colspan="1"><p>GUARUJA</p></td><td rowspan="1" colspan="1"><p>25000105677200749</p></td></tr><tr><td rowspan="1" colspan="1"><p>3324</p></td><td rowspan="1" colspan="1"><p>05241596001298</p></td><td rowspan="1" colspan="1"><p>DROGARIA NOVA DM LTDA EM RECUPERACAO JUDICIAL</p></td><td rowspan="1" colspan="1"><p>SP</p></td><td rowspan="1" colspan="1"><p>GUARUJA</p></td><td rowspan="1" colspan="1"><p>25000049465200793</p></td></tr><tr><td rowspan="1" colspan="1"><p>3325</p></td><td rowspan="1" colspan="1"><p>05241596001379</p></td><td rowspan="1" colspan="1"><p>DROGARIA NOVA DM LTDA EM RECUPERACAO JUDICIAL</p></td><td rowspan="1" colspan="1"><p>SP</p></td><td rowspan="1" colspan="1"><p>GUARUJA</p></td><td rowspan="1" colspan="1"><p>25000049465200793</p></td></tr><tr><td rowspan="1" colspan="1"><p>3326</p></td><td rowspan="1" colspan="1"><p>55992358004631</p></td><td rowspan="1" colspan="1"><p>DROGAVIDA COMERCIAL DE DROGAS LTDA.</p></td><td rowspan="1" colspan="1"><p>SP</p></td><td rowspan="1" colspan="1"><p>GUARUJA</p></td><td rowspan="1" colspan="1"><p>25000044358200612</p></td></tr><tr><td rowspan="1" colspan="1"><p>3327</p></td><td rowspan="1" colspan="1"><p>55992358004712</p></td><td rowspan="1" colspan="1"><p>DROGAVIDA COMERCIAL DE DROGAS LTDA.</p></td><td rowspan="1" colspan="1"><p>SP</p></td><td rowspan="1" colspan="1"><p>GUARUJA</p></td><td rowspan="1" colspan="1"><p>25000044358200612</p></td></tr><tr><td rowspan="1" colspan="1"><p>3328</p></td><td rowspan="1" colspan="1"><p>60605664019710</p></td><td rowspan="1" colspan="1"><p>RAIA S.A.</p></td><td rowspan="1" colspan="1"><p>SP</p></td><td rowspan="1" colspan="1"><p>GUARUJA</p></td><td rowspan="1" colspan="1"><p>25000044144200696</p></td></tr><tr><td rowspan="1" colspan="1"><p>3329</p></td><td rowspan="1" colspan="1"><p>60605664023742</p></td><td rowspan="1" colspan="1"><p>RAIA S.A.</p></td><td rowspan="1" colspan="1"><p>SP</p></td><td rowspan="1" colspan="1"><p>GUARUJA</p></td><td rowspan="1" colspan="1"><p>25000044144200696</p></td></tr><tr><td rowspan="1" colspan="1"><p>3330</p></td><td rowspan="1" colspan="1"><p>60605664004527</p></td><td rowspan="1" colspan="1"><p>RAIA S.A.</p></td><td rowspan="1" colspan="1"><p>SP</p></td><td rowspan="1" colspan="1"><p>GUARUJA</p></td><td rowspan="1" colspan="1"><p>25000044144200696</p></td></tr><tr><td rowspan="1" colspan="1"><p>3331</p></td><td rowspan="1" colspan="1"><p>60605664002583</p></td><td rowspan="1" colspan="1"><p>RAIA S.A.</p></td><td rowspan="1" colspan="1"><p>SP</p></td><td rowspan="1" colspan="1"><p>GUARUJA</p></td><td rowspan="1" colspan="1"><p>25000044144200696</p></td></tr><tr><td rowspan="1" colspan="1"><p>3332</p></td><td rowspan="1" colspan="1"><p>04735455003202</p></td><td rowspan="1" colspan="1"><p>REDE NACIONAL DE DROGARIAS S.A. EM RECUPERACAO JUDICIAL</p></td><td rowspan="1" colspan="1"><p>SP</p></td><td rowspan="1" colspan="1"><p>GUARUJA</p></td><td rowspan="1" colspan="1"><p>25000066770200640</p></td></tr><tr><td rowspan="1" colspan="1"><p>3333</p></td><td rowspan="1" colspan="1"><p>47508411134942</p></td><td rowspan="1" colspan="1"><p>COMPANHIA BRASILEIRA DE DISTRIBUICAO</p></td><td rowspan="1" colspan="1"><p>SP</p></td><td rowspan="1" colspan="1"><p>GUARULHOS</p></td><td rowspan="1" colspan="1"><p>25000078311200617</p></td></tr><tr><td rowspan="1" colspan="1"><p>3334</p></td><td rowspan="1" colspan="1"><p>02743218003772</p></td><td rowspan="1" colspan="1"><p>DROGA EX LTDA FALIDO</p></td><td rowspan="1" colspan="1"><p>SP</p></td><td rowspan="1" colspan="1"><p>GUARULHOS</p></td><td rowspan="1" colspan="1"><p>25000564771200906</p></td></tr><tr><td rowspan="1" colspan="1"><p>3335</p></td><td rowspan="1" colspan="1"><p>05315318000185</p></td><td rowspan="1" colspan="1"><p>DROGARIA E PERFUMARIA GUARULHOS LTDA</p></td><td rowspan="1" colspan="1"><p>SP</p></td><td rowspan="1" colspan="1"><p>GUARULHOS</p></td><td rowspan="1" colspan="1"><p>25000186124200606</p></td></tr><tr><td rowspan="1" colspan="1"><p>3336</p></td><td rowspan="1" colspan="1"><p>49045131000184</p></td><td rowspan="1" colspan="1"><p>DROGARIA NOSSA FARMACIA LTDA</p></td><td rowspan="1" colspan="1"><p>SP</p></td><td rowspan="1" colspan="1"><p>GUARULHOS</p></td><td rowspan="1" colspan="1"><p>25000496624200998</p></td></tr><tr><td rowspan="1" colspan="1"><p>3337</p></td><td rowspan="1" colspan="1"><p>49045073000199</p></td><td rowspan="1" colspan="1"><p>DROGARIA SAO PEDRO DE VILA GALVAO LTDA</p></td><td rowspan="1" colspan="1"><p>SP</p></td><td rowspan="1" colspan="1"><p>GUARULHOS</p></td><td rowspan="1" colspan="1"><p>25000084684200619</p></td></tr><tr><td rowspan="1" colspan="1"><p>3338</p></td><td rowspan="1" colspan="1"><p>33438250042757</p></td><td rowspan="1" colspan="1"><p>DROGARIAS PACHECO S/A</p></td><td rowspan="1" colspan="1"><p>SP</p></td><td rowspan="1" colspan="1"><p>GUARULHOS</p></td><td rowspan="1" colspan="1"><p>25000100135200607</p></td></tr><tr><td rowspan="1" colspan="1"><p>3339</p></td><td rowspan="1" colspan="1"><p>11845301000213</p></td><td rowspan="1" colspan="1"><p>DROGARIAS POUPE MAIS LTDA</p></td><td rowspan="1" colspan="1"><p>SP</p></td><td rowspan="1" colspan="1"><p>GUARULHOS</p></td><td rowspan="1" colspan="1"><p>25000149651201431</p></td></tr><tr><td rowspan="1" colspan="1"><p>3340</p></td><td rowspan="1" colspan="1"><p>17680116000111</p></td><td rowspan="1" colspan="1"><p>FARMA COCAIA LTDA-EPP</p></td><td rowspan="1" colspan="1"><p>SP</p></td><td rowspan="1" colspan="1"><p>GUARULHOS</p></td><td rowspan="1" colspan="1"><p>25000215671201416</p></td></tr><tr><td rowspan="1" colspan="1"><p>3341</p></td><td rowspan="1" colspan="1"><p>60605664009405</p></td><td rowspan="1" colspan="1"><p>RAIA S.A.</p></td><td rowspan="1" colspan="1"><p>SP</p></td><td rowspan="1" colspan="1"><p>GUARULHOS</p></td><td rowspan="1" colspan="1"><p>25000044144200696</p></td></tr><tr><td rowspan="1" colspan="1"><p>3342</p></td><td rowspan="1" colspan="1"><p>60605664026504</p></td><td rowspan="1" colspan="1"><p>RAIA S.A.</p></td><td rowspan="1" colspan="1"><p>SP</p></td><td rowspan="1" colspan="1"><p>GUARULHOS</p></td><td rowspan="1" colspan="1"><p>25000044144200696</p></td></tr><tr><td rowspan="1" colspan="1"><p>3343</p></td><td rowspan="1" colspan="1"><p>60605664008603</p></td><td rowspan="1" colspan="1"><p>RAIA S.A.</p></td><td rowspan="1" colspan="1"><p>SP</p></td><td rowspan="1" colspan="1"><p>GUARULHOS</p></td><td rowspan="1" colspan="1"><p>25000044144200696</p></td></tr><tr><td rowspan="1" colspan="1"><p>3344</p></td><td rowspan="1" colspan="1"><p>60605664029198</p></td><td rowspan="1" colspan="1"><p>RAIA S.A.</p></td><td rowspan="1" colspan="1"><p>SP</p></td><td rowspan="1" colspan="1"><p>GUARULHOS</p></td><td rowspan="1" colspan="1"><p>25000044144200696</p></td></tr><tr><td rowspan="1" colspan="1"><p>3345</p></td><td rowspan="1" colspan="1"><p>12516131000296</p></td><td rowspan="1" colspan="1"><p>TRIUNFAR DROGARIA LTDA</p></td><td rowspan="1" colspan="1"><p>SP</p></td><td rowspan="1" colspan="1"><p>GUARULHOS</p></td><td rowspan="1" colspan="1"><p>25000208254201328</p></td></tr><tr><td rowspan="1" colspan="1"><p>3346</p></td><td rowspan="1" colspan="1"><p>00063960037444</p></td><td rowspan="1" colspan="1"><p>WMB SUPERMERCADOS DO BRASIL LTDA.</p></td><td rowspan="1" colspan="1"><p>SP</p></td><td rowspan="1" colspan="1"><p>GUARULHOS</p></td><td rowspan="1" colspan="1"><p>25000086421201292</p></td></tr><tr><td rowspan="1" colspan="1"><p>3347</p></td><td rowspan="1" colspan="1"><p>09611736000170</p></td><td rowspan="1" colspan="1"><p>YURI FARMA MEDICAMENTOS LTDA</p></td><td rowspan="1" colspan="1"><p>SP</p></td><td rowspan="1" colspan="1"><p>GUARULHOS</p></td><td rowspan="1" colspan="1"><p>25000605098200963</p></td></tr><tr><td rowspan="1" colspan="1"><p>3348</p></td><td rowspan="1" colspan="1"><p>05239284000278</p></td><td rowspan="1" colspan="1"><p>ANJOFARMA FARMACEUTICA LTDA</p></td><td rowspan="1" colspan="1"><p>SP</p></td><td rowspan="1" colspan="1"><p>HOLAMBRA</p></td><td rowspan="1" colspan="1"><p>25000215759200881</p></td></tr><tr><td rowspan="1" colspan="1"><p>3349</p></td><td rowspan="1" colspan="1"><p>64604317000462</p></td><td rowspan="1" colspan="1"><p>DRE GISAWA SERVICES LTDA</p></td><td rowspan="1" colspan="1"><p>SP</p></td><td rowspan="1" colspan="1"><p>HORTOLANDIA</p></td><td rowspan="1" colspan="1"><p>25000165724200622</p></td></tr><tr><td rowspan="1" colspan="1"><p>3350</p></td><td rowspan="1" colspan="1"><p>64604317000543</p></td><td rowspan="1" colspan="1"><p>DRE GISAWA SERVICES LTDA</p></td><td rowspan="1" colspan="1"><p>SP</p></td><td rowspan="1" colspan="1"><p>HORTOLANDIA</p></td><td rowspan="1" colspan="1"><p>25000165724200622</p></td></tr><tr><td rowspan="1" colspan="1"><p>3351</p></td><td rowspan="1" colspan="1"><p>64604317000381</p></td><td rowspan="1" colspan="1"><p>DRE GISAWA SERVICES LTDA</p></td><td rowspan="1" colspan="1"><p>SP</p></td><td rowspan="1" colspan="1"><p>HORTOLANDIA</p></td><td rowspan="1" colspan="1"><p>25000165724200622</p></td></tr><tr><td rowspan="1" colspan="1"><p>3352</p></td><td rowspan="1" colspan="1"><p>03618499000193</p></td><td rowspan="1" colspan="1"><p>DROGARIA IGUATEMY HORTOLANDIA LTDA</p></td><td rowspan="1" colspan="1"><p>SP</p></td><td rowspan="1" colspan="1"><p>HORTOLANDIA</p></td><td rowspan="1" colspan="1"><p>25000214727200869</p></td></tr><tr><td rowspan="1" colspan="1"><p>3353</p></td><td rowspan="1" colspan="1"><p>07169954000171</p></td><td rowspan="1" colspan="1"><p>G. VITAL DROGARIA</p></td><td rowspan="1" colspan="1"><p>SP</p></td><td rowspan="1" colspan="1"><p>HORTOLANDIA</p></td><td rowspan="1" colspan="1"><p>25000198939201278</p></td></tr><tr><td rowspan="1" colspan="1"><p>3354</p></td><td rowspan="1" colspan="1"><p>14755208000125</p></td><td rowspan="1" colspan="1"><p>JJ POPULAR DROGARIA LTDA</p></td><td rowspan="1" colspan="1"><p>SP</p></td><td rowspan="1" colspan="1"><p>HORTOLANDIA</p></td><td rowspan="1" colspan="1"><p>25000144415201267</p></td></tr><tr><td rowspan="1" colspan="1"><p>3355</p></td><td rowspan="1" colspan="1"><p>14948016000135</p></td><td rowspan="1" colspan="1"><p>PHARMA TOP LTDA</p></td><td rowspan="1" colspan="1"><p>SP</p></td><td rowspan="1" colspan="1"><p>HORTOLANDIA</p></td><td rowspan="1" colspan="1"><p>25000110021201396</p></td></tr><tr><td rowspan="1" colspan="1"><p>3356</p></td><td rowspan="1" colspan="1"><p>00063960028291</p></td><td rowspan="1" colspan="1"><p>WMB SUPERMERCADOS DO BRASIL LTDA.</p></td><td rowspan="1" colspan="1"><p>SP</p></td><td rowspan="1" colspan="1"><p>HORTOLANDIA</p></td><td rowspan="1" colspan="1"><p>25000086421201292</p></td></tr><tr><td rowspan="1" colspan="1"><p>3357</p></td><td rowspan="1" colspan="1"><p>10968383000140</p></td><td rowspan="1" colspan="1"><p>J.C.S. SERVICOS ADMINISTRATIVOS LTDA</p></td><td rowspan="1" colspan="1"><p>SP</p></td><td rowspan="1" colspan="1"><p>IACANGA</p></td><td rowspan="1" colspan="1"><p>25000042210201248</p></td></tr><tr><td rowspan="1" colspan="1"><p>3358</p></td><td rowspan="1" colspan="1"><p>49222052000100</p></td><td rowspan="1" colspan="1"><p>LOCACAO DE MOVEIS SAO JOSE IACANGA LTDA</p></td><td rowspan="1" colspan="1"><p>SP</p></td><td rowspan="1" colspan="1"><p>IACANGA</p></td><td rowspan="1" colspan="1"><p>25000018700201223</p></td></tr><tr><td rowspan="1" colspan="1"><p>3359</p></td><td rowspan="1" colspan="1"><p>59603977001975</p></td><td rowspan="1" colspan="1"><p>FARMACIA NOSSA SENHORA DO ROSARIO LTDA - EM RECUPERACAO JUDICIAL EM RECUPERACAO JUDICIAL</p></td><td rowspan="1" colspan="1"><p>SP</p></td><td rowspan="1" colspan="1"><p>IBATE</p></td><td rowspan="1" colspan="1"><p>25000092394200649</p></td></tr><tr><td rowspan="1" colspan="1"><p>3360</p></td><td rowspan="1" colspan="1"><p>09403683000100</p></td><td rowspan="1" colspan="1"><p>LUIZ ANTONIO DA ASSUNCAO &amp; CIA LTDA</p></td><td rowspan="1" colspan="1"><p>SP</p></td><td rowspan="1" colspan="1"><p>IBITINGA</p></td><td rowspan="1" colspan="1"><p>25000090655201153</p></td></tr><tr><td rowspan="1" colspan="1"><p>3361</p></td><td rowspan="1" colspan="1"><p>60605664034191</p></td><td rowspan="1" colspan="1"><p>RAIA S.A.</p></td><td rowspan="1" colspan="1"><p>SP</p></td><td rowspan="1" colspan="1"><p>IBITINGA</p></td><td rowspan="1" colspan="1"><p>25000044144200696</p></td></tr><tr><td rowspan="1" colspan="1"><p>3362</p></td><td rowspan="1" colspan="1"><p>00789072000160</p></td><td rowspan="1" colspan="1"><p>WALDIR JANCANTI</p></td><td rowspan="1" colspan="1"><p>SP</p></td><td rowspan="1" colspan="1"><p>IBITINGA</p></td><td rowspan="1" colspan="1"><p>25000051433200658</p></td></tr><tr><td rowspan="1" colspan="1"><p>3363</p></td><td rowspan="1" colspan="1"><p>44744589000884</p></td><td rowspan="1" colspan="1"><p>COOPERBARRA / COOPERATIVA DE CONSUMO BARRA-IGARACU</p></td><td rowspan="1" colspan="1"><p>SP</p></td><td rowspan="1" colspan="1"><p>IGARACU DO TIETE</p></td><td rowspan="1" colspan="1"><p>25000107028201088</p></td></tr><tr><td rowspan="1" colspan="1"><p>3364</p></td><td rowspan="1" colspan="1"><p>14570970000137</p></td><td rowspan="1" colspan="1"><p>DROGARIA SAO VALENTIM LTDA</p></td><td rowspan="1" colspan="1"><p>SP</p></td><td rowspan="1" colspan="1"><p>IGARACU DO TIETE</p></td><td rowspan="1" colspan="1"><p>25000004467201200</p></td></tr><tr><td rowspan="1" colspan="1"><p>3365</p></td><td rowspan="1" colspan="1"><p>07614252000150</p></td><td rowspan="1" colspan="1"><p>ROBERTA FERNANDA GONCALVES</p></td><td rowspan="1" colspan="1"><p>SP</p></td><td rowspan="1" colspan="1"><p>IGARACU DO TIETE</p></td><td rowspan="1" colspan="1"><p>25000204273201202</p></td></tr><tr><td rowspan="1" colspan="1"><p>3366</p></td><td rowspan="1" colspan="1"><p>10752147000191</p></td><td rowspan="1" colspan="1"><p>BRUNO RICARDO LACERDA BISINOTO DROGARIA</p></td><td rowspan="1" colspan="1"><p>SP</p></td><td rowspan="1" colspan="1"><p>IGARAPAVA</p></td><td rowspan="1" colspan="1"><p>25000129523201391</p></td></tr></table>]]></Texto>
  </body>
  <Midias />
</article></xml>