﻿<xml><article id="44735747" name="Portaria FP 31 07 2025 Descreden" idOficio="11191432" pubName="DO1" artType="Despacho" pubDate="01/08/2025" artClass="00047:00039:00000:00000:00000:00000:00000:00000:00000:00000:00024:00000" artCategory="Ministério da Saúde/Secretaria de Ciência, Tecnologia e Inovação e do Complexo Econômico-Industrial da Saúde" artSize="24" artNotes="" numberPage="126" pdfPage="http://pesquisa.in.gov.br/imprensa/jsp/visualiza/index.jsp?data=01/08/2025&amp;jornal=515&amp;pagina=126" editionNumber="144" highlightType="" highlightPriority="" highlight="" highlightimage="" highlightimagename="" idMateria="22948776">
  <body>
    <Identifica />
    <Data><![CDATA[]]></Data>
    <Ementa />
    <Titulo />
    <SubTitulo />
    <Texto><![CDATA[<p /><p></p><table><tr /><tr><td rowspan="1" colspan="1"><p>601</p></td><td rowspan="1" colspan="1"><p>07789610000165</p></td><td rowspan="1" colspan="1"><p>FARMACIA PRUDENTE TANUS LTDA</p></td><td rowspan="1" colspan="1"><p>GO</p></td><td rowspan="1" colspan="1"><p>ITAPURANGA</p></td><td rowspan="1" colspan="1"><p>25000152232201487</p></td></tr><tr><td rowspan="1" colspan="1"><p>602</p></td><td rowspan="1" colspan="1"><p>25100082000177</p></td><td rowspan="1" colspan="1"><p>DROGA NOVA LTDA</p></td><td rowspan="1" colspan="1"><p>GO</p></td><td rowspan="1" colspan="1"><p>ITUMBIARA</p></td><td rowspan="1" colspan="1"><p>25000011237201299</p></td></tr><tr><td rowspan="1" colspan="1"><p>603</p></td><td rowspan="1" colspan="1"><p>00420370000188</p></td><td rowspan="1" colspan="1"><p>FARMACIA LEAL LTDA</p></td><td rowspan="1" colspan="1"><p>GO</p></td><td rowspan="1" colspan="1"><p>ITUMBIARA</p></td><td rowspan="1" colspan="1"><p>25000093601201140</p></td></tr><tr><td rowspan="1" colspan="1"><p>604</p></td><td rowspan="1" colspan="1"><p>33546979000238</p></td><td rowspan="1" colspan="1"><p>UNIMED REGIONAL SUL GOIAS COOPERATIVA DE TRABALHO MEDICO</p></td><td rowspan="1" colspan="1"><p>GO</p></td><td rowspan="1" colspan="1"><p>ITUMBIARA</p></td><td rowspan="1" colspan="1"><p>25000114656201010</p></td></tr><tr><td rowspan="1" colspan="1"><p>605</p></td><td rowspan="1" colspan="1"><p>08883773000175</p></td><td rowspan="1" colspan="1"><p>MELO &amp; NERI COMERCIO DE PRODUTOS FARMACEUTICOS LTDA</p></td><td rowspan="1" colspan="1"><p>GO</p></td><td rowspan="1" colspan="1"><p>JARAGUA</p></td><td rowspan="1" colspan="1"><p>25000117813201391</p></td></tr><tr><td rowspan="1" colspan="1"><p>606</p></td><td rowspan="1" colspan="1"><p>00058190000106</p></td><td rowspan="1" colspan="1"><p>CABRAL E DAMASCENA LTDA</p></td><td rowspan="1" colspan="1"><p>GO</p></td><td rowspan="1" colspan="1"><p>JATAI</p></td><td rowspan="1" colspan="1"><p>25000036179200919</p></td></tr><tr><td rowspan="1" colspan="1"><p>607</p></td><td rowspan="1" colspan="1"><p>00447821015526</p></td><td rowspan="1" colspan="1"><p>DROGARIA ROSARIO S/A</p></td><td rowspan="1" colspan="1"><p>GO</p></td><td rowspan="1" colspan="1"><p>JATAI</p></td><td rowspan="1" colspan="1"><p>25000044104200651</p></td></tr><tr><td rowspan="1" colspan="1"><p>608</p></td><td rowspan="1" colspan="1"><p>16995776000129</p></td><td rowspan="1" colspan="1"><p>LACERDA E MENDES LTDA</p></td><td rowspan="1" colspan="1"><p>GO</p></td><td rowspan="1" colspan="1"><p>JATAI</p></td><td rowspan="1" colspan="1"><p>25000165753201402</p></td></tr><tr><td rowspan="1" colspan="1"><p>609</p></td><td rowspan="1" colspan="1"><p>13494951000106</p></td><td rowspan="1" colspan="1"><p>SAUDE CENTER FARMA LTDA</p></td><td rowspan="1" colspan="1"><p>GO</p></td><td rowspan="1" colspan="1"><p>JATAI</p></td><td rowspan="1" colspan="1"><p>25000177984201370</p></td></tr><tr><td rowspan="1" colspan="1"><p>610</p></td><td rowspan="1" colspan="1"><p>00447821010990</p></td><td rowspan="1" colspan="1"><p>DROGARIA ROSARIO S/A</p></td><td rowspan="1" colspan="1"><p>GO</p></td><td rowspan="1" colspan="1"><p>LUZIANIA</p></td><td rowspan="1" colspan="1"><p>25000044104200651</p></td></tr><tr><td rowspan="1" colspan="1"><p>611</p></td><td rowspan="1" colspan="1"><p>03339870003284</p></td><td rowspan="1" colspan="1"><p>FARMACLIN DROGARIA E PERFUMARIA LTDA</p></td><td rowspan="1" colspan="1"><p>GO</p></td><td rowspan="1" colspan="1"><p>LUZIANIA</p></td><td rowspan="1" colspan="1"><p>25000046423200609</p></td></tr><tr><td rowspan="1" colspan="1"><p>612</p></td><td rowspan="1" colspan="1"><p>13157512000108</p></td><td rowspan="1" colspan="1"><p>DANIEL ASSIS SILVA FARMAVIDA</p></td><td rowspan="1" colspan="1"><p>GO</p></td><td rowspan="1" colspan="1"><p>MINEIROS</p></td><td rowspan="1" colspan="1"><p>25000015673201237</p></td></tr><tr><td rowspan="1" colspan="1"><p>613</p></td><td rowspan="1" colspan="1"><p>09334308000148</p></td><td rowspan="1" colspan="1"><p>MARTINS E AIRES LTDA</p></td><td rowspan="1" colspan="1"><p>GO</p></td><td rowspan="1" colspan="1"><p>MINEIROS</p></td><td rowspan="1" colspan="1"><p>25000571443200958</p></td></tr><tr><td rowspan="1" colspan="1"><p>614</p></td><td rowspan="1" colspan="1"><p>16010431000250</p></td><td rowspan="1" colspan="1"><p>SANTA MARTA DISTRIBUIDORA DE DROGAS LTDA EM RECUPERACAO JUDICIAL</p></td><td rowspan="1" colspan="1"><p>GO</p></td><td rowspan="1" colspan="1"><p>MINEIROS</p></td><td rowspan="1" colspan="1"><p>25000045050200641</p></td></tr><tr><td rowspan="1" colspan="1"><p>615</p></td><td rowspan="1" colspan="1"><p>03281162000133</p></td><td rowspan="1" colspan="1"><p>USIMED DE MORRINHOS - COOPERATIVA DE USUARIOS DE ASSISTENCIA MEDICA</p></td><td rowspan="1" colspan="1"><p>GO</p></td><td rowspan="1" colspan="1"><p>MORRINHOS</p></td><td rowspan="1" colspan="1"><p>25000047640201175</p></td></tr><tr><td rowspan="1" colspan="1"><p>616</p></td><td rowspan="1" colspan="1"><p>00184469000128</p></td><td rowspan="1" colspan="1"><p>DROGARIA VITAL COMERCIO DE MEDICAMENTOS LTDA</p></td><td rowspan="1" colspan="1"><p>GO</p></td><td rowspan="1" colspan="1"><p>MOSSAMEDES</p></td><td rowspan="1" colspan="1"><p>25000060044201181</p></td></tr><tr><td rowspan="1" colspan="1"><p>617</p></td><td rowspan="1" colspan="1"><p>03389053000134</p></td><td rowspan="1" colspan="1"><p>PRICILA PRODUTOS FARMACEUTICOS LTDA</p></td><td rowspan="1" colspan="1"><p>GO</p></td><td rowspan="1" colspan="1"><p>NIQUELANDIA</p></td><td rowspan="1" colspan="1"><p>25000121814201250</p></td></tr><tr><td rowspan="1" colspan="1"><p>618</p></td><td rowspan="1" colspan="1"><p>00447821015445</p></td><td rowspan="1" colspan="1"><p>DROGARIA ROSARIO S/A</p></td><td rowspan="1" colspan="1"><p>GO</p></td><td rowspan="1" colspan="1"><p>NOVO GAMA</p></td><td rowspan="1" colspan="1"><p>25000044104200651</p></td></tr><tr><td rowspan="1" colspan="1"><p>619</p></td><td rowspan="1" colspan="1"><p>15636493000209</p></td><td rowspan="1" colspan="1"><p>DROGARIA DO POVO DE ORIZONA LTDA</p></td><td rowspan="1" colspan="1"><p>GO</p></td><td rowspan="1" colspan="1"><p>ORIZONA</p></td><td rowspan="1" colspan="1"><p>25000121471201312</p></td></tr><tr><td rowspan="1" colspan="1"><p>620</p></td><td rowspan="1" colspan="1"><p>15636493000128</p></td><td rowspan="1" colspan="1"><p>DROGARIA DO POVO DE ORIZONA LTDA</p></td><td rowspan="1" colspan="1"><p>GO</p></td><td rowspan="1" colspan="1"><p>ORIZONA</p></td><td rowspan="1" colspan="1"><p>25000121471201312</p></td></tr><tr><td rowspan="1" colspan="1"><p>621</p></td><td rowspan="1" colspan="1"><p>12260846000140</p></td><td rowspan="1" colspan="1"><p>SIRLENE SILVA BORGES DE MORAES</p></td><td rowspan="1" colspan="1"><p>GO</p></td><td rowspan="1" colspan="1"><p>PARAUNA</p></td><td rowspan="1" colspan="1"><p>25000159538201464</p></td></tr><tr><td rowspan="1" colspan="1"><p>622</p></td><td rowspan="1" colspan="1"><p>00295998000441</p></td><td rowspan="1" colspan="1"><p>COMERCIAL DROGANOVA DE PIRACANJUBA LTDA</p></td><td rowspan="1" colspan="1"><p>GO</p></td><td rowspan="1" colspan="1"><p>PIRACANJUBA</p></td><td rowspan="1" colspan="1"><p>25000564365200935</p></td></tr><tr><td rowspan="1" colspan="1"><p>623</p></td><td rowspan="1" colspan="1"><p>00447821013310</p></td><td rowspan="1" colspan="1"><p>DROGARIA ROSARIO S/A</p></td><td rowspan="1" colspan="1"><p>GO</p></td><td rowspan="1" colspan="1"><p>PORANGATU</p></td><td rowspan="1" colspan="1"><p>25000044104200651</p></td></tr><tr><td rowspan="1" colspan="1"><p>624</p></td><td rowspan="1" colspan="1"><p>02212828000139</p></td><td rowspan="1" colspan="1"><p>ALEX G DA SILVA &amp; CIA LTDA</p></td><td rowspan="1" colspan="1"><p>GO</p></td><td rowspan="1" colspan="1"><p>QUIRINOPOLIS</p></td><td rowspan="1" colspan="1"><p>25000129855200646</p></td></tr><tr><td rowspan="1" colspan="1"><p>625</p></td><td rowspan="1" colspan="1"><p>02865023000194</p></td><td rowspan="1" colspan="1"><p>FARMACIA ARTESAMED LTDA</p></td><td rowspan="1" colspan="1"><p>GO</p></td><td rowspan="1" colspan="1"><p>QUIRINOPOLIS</p></td><td rowspan="1" colspan="1"><p>25000187512201414</p></td></tr><tr><td rowspan="1" colspan="1"><p>626</p></td><td rowspan="1" colspan="1"><p>16010431001221</p></td><td rowspan="1" colspan="1"><p>SANTA MARTA DISTRIBUIDORA DE DROGAS LTDA EM RECUPERACAO JUDICIAL</p></td><td rowspan="1" colspan="1"><p>GO</p></td><td rowspan="1" colspan="1"><p>QUIRINOPOLIS</p></td><td rowspan="1" colspan="1"><p>25000045050200641</p></td></tr><tr><td rowspan="1" colspan="1"><p>627</p></td><td rowspan="1" colspan="1"><p>00135665000536</p></td><td rowspan="1" colspan="1"><p>AILTON LEAO DE MORAES</p></td><td rowspan="1" colspan="1"><p>GO</p></td><td rowspan="1" colspan="1"><p>RIO VERDE</p></td><td rowspan="1" colspan="1"><p>25000174319200603</p></td></tr><tr><td rowspan="1" colspan="1"><p>628</p></td><td rowspan="1" colspan="1"><p>00135665000960</p></td><td rowspan="1" colspan="1"><p>AILTON LEAO DE MORAES</p></td><td rowspan="1" colspan="1"><p>GO</p></td><td rowspan="1" colspan="1"><p>RIO VERDE</p></td><td rowspan="1" colspan="1"><p>25000174319200603</p></td></tr><tr><td rowspan="1" colspan="1"><p>629</p></td><td rowspan="1" colspan="1"><p>00135665001184</p></td><td rowspan="1" colspan="1"><p>AILTON LEAO DE MORAES</p></td><td rowspan="1" colspan="1"><p>GO</p></td><td rowspan="1" colspan="1"><p>RIO VERDE</p></td><td rowspan="1" colspan="1"><p>25000174319200603</p></td></tr><tr><td rowspan="1" colspan="1"><p>630</p></td><td rowspan="1" colspan="1"><p>00135665000102</p></td><td rowspan="1" colspan="1"><p>AILTON LEAO DE MORAES</p></td><td rowspan="1" colspan="1"><p>GO</p></td><td rowspan="1" colspan="1"><p>RIO VERDE</p></td><td rowspan="1" colspan="1"><p>25000174319200603</p></td></tr><tr><td rowspan="1" colspan="1"><p>631</p></td><td rowspan="1" colspan="1"><p>00135665000889</p></td><td rowspan="1" colspan="1"><p>AILTON LEAO DE MORAES</p></td><td rowspan="1" colspan="1"><p>GO</p></td><td rowspan="1" colspan="1"><p>RIO VERDE</p></td><td rowspan="1" colspan="1"><p>25000174319200603</p></td></tr><tr><td rowspan="1" colspan="1"><p>632</p></td><td rowspan="1" colspan="1"><p>00134940000173</p></td><td rowspan="1" colspan="1"><p>ANDRIFARMA DROGAS EIRELI</p></td><td rowspan="1" colspan="1"><p>GO</p></td><td rowspan="1" colspan="1"><p>RIO VERDE</p></td><td rowspan="1" colspan="1"><p>25000054265201381</p></td></tr><tr><td rowspan="1" colspan="1"><p>633</p></td><td rowspan="1" colspan="1"><p>15514308000122</p></td><td rowspan="1" colspan="1"><p>DROGARIA MEGA POPULAR LTDA</p></td><td rowspan="1" colspan="1"><p>GO</p></td><td rowspan="1" colspan="1"><p>RIO VERDE</p></td><td rowspan="1" colspan="1"><p>25000021481201511</p></td></tr><tr><td rowspan="1" colspan="1"><p>634</p></td><td rowspan="1" colspan="1"><p>09248320000130</p></td><td rowspan="1" colspan="1"><p>FARMABEM COMERCIO DE PRODUTOS FARMACEUTICOS LTDA</p></td><td rowspan="1" colspan="1"><p>GO</p></td><td rowspan="1" colspan="1"><p>RIO VERDE</p></td><td rowspan="1" colspan="1"><p>25000219838200861</p></td></tr><tr><td rowspan="1" colspan="1"><p>635</p></td><td rowspan="1" colspan="1"><p>01057501000177</p></td><td rowspan="1" colspan="1"><p>FARMACIA NOSSA SENHORA DA PENHA LTDA</p></td><td rowspan="1" colspan="1"><p>GO</p></td><td rowspan="1" colspan="1"><p>RIO VERDE</p></td><td rowspan="1" colspan="1"><p>25000530494200920</p></td></tr><tr><td rowspan="1" colspan="1"><p>636</p></td><td rowspan="1" colspan="1"><p>11506632000148</p></td><td rowspan="1" colspan="1"><p>G L DE MORAES MACEDO</p></td><td rowspan="1" colspan="1"><p>GO</p></td><td rowspan="1" colspan="1"><p>RIO VERDE</p></td><td rowspan="1" colspan="1"><p>25000182220201053</p></td></tr><tr><td rowspan="1" colspan="1"><p>637</p></td><td rowspan="1" colspan="1"><p>12939701000170</p></td><td rowspan="1" colspan="1"><p>R F C - COMERCIO DE PRODUTOS FARMACEUTICOS EIRELI</p></td><td rowspan="1" colspan="1"><p>GO</p></td><td rowspan="1" colspan="1"><p>RIO VERDE</p></td><td rowspan="1" colspan="1"><p>25000139419201142</p></td></tr><tr><td rowspan="1" colspan="1"><p>638</p></td><td rowspan="1" colspan="1"><p>16010431001817</p></td><td rowspan="1" colspan="1"><p>SANTA MARTA DISTRIBUIDORA DE DROGAS LTDA EM RECUPERACAO JUDICIAL</p></td><td rowspan="1" colspan="1"><p>GO</p></td><td rowspan="1" colspan="1"><p>RIO VERDE</p></td><td rowspan="1" colspan="1"><p>25000045050200641</p></td></tr><tr><td rowspan="1" colspan="1"><p>639</p></td><td rowspan="1" colspan="1"><p>09617289000167</p></td><td rowspan="1" colspan="1"><p>SILVA PRODUTOS FARMACEUTICOS LTDA</p></td><td rowspan="1" colspan="1"><p>GO</p></td><td rowspan="1" colspan="1"><p>RIO VERDE</p></td><td rowspan="1" colspan="1"><p>25000182212201015</p></td></tr><tr><td rowspan="1" colspan="1"><p>640</p></td><td rowspan="1" colspan="1"><p>09617289000329</p></td><td rowspan="1" colspan="1"><p>SILVA PRODUTOS FARMACEUTICOS LTDA</p></td><td rowspan="1" colspan="1"><p>GO</p></td><td rowspan="1" colspan="1"><p>RIO VERDE</p></td><td rowspan="1" colspan="1"><p>25000182212201015</p></td></tr><tr><td rowspan="1" colspan="1"><p>641</p></td><td rowspan="1" colspan="1"><p>13162538000144</p></td><td rowspan="1" colspan="1"><p>DROGASHOP SANTA HELENA EIRELI</p></td><td rowspan="1" colspan="1"><p>GO</p></td><td rowspan="1" colspan="1"><p>SANTA HELENA DE GOIAS</p></td><td rowspan="1" colspan="1"><p>25000044474201589</p></td></tr><tr><td rowspan="1" colspan="1"><p>642</p></td><td rowspan="1" colspan="1"><p>07906695000114</p></td><td rowspan="1" colspan="1"><p>L. DAM COMERCIO DE MEDICAMENTOS EIRELI</p></td><td rowspan="1" colspan="1"><p>GO</p></td><td rowspan="1" colspan="1"><p>SANTA HELENA DE GOIAS</p></td><td rowspan="1" colspan="1"><p>25000005281201189</p></td></tr><tr><td rowspan="1" colspan="1"><p>643</p></td><td rowspan="1" colspan="1"><p>07906695000203</p></td><td rowspan="1" colspan="1"><p>L. DAM COMERCIO DE MEDICAMENTOS EIRELI</p></td><td rowspan="1" colspan="1"><p>GO</p></td><td rowspan="1" colspan="1"><p>SANTA HELENA DE GOIAS</p></td><td rowspan="1" colspan="1"><p>25000005281201189</p></td></tr><tr><td rowspan="1" colspan="1"><p>644</p></td><td rowspan="1" colspan="1"><p>17393298000140</p></td><td rowspan="1" colspan="1"><p>LIVIO CESAR DE FREITAS SIA EIRELI</p></td><td rowspan="1" colspan="1"><p>GO</p></td><td rowspan="1" colspan="1"><p>SANTA HELENA DE GOIAS</p></td><td rowspan="1" colspan="1"><p>25000223113201335</p></td></tr><tr><td rowspan="1" colspan="1"><p>645</p></td><td rowspan="1" colspan="1"><p>25119496000148</p></td><td rowspan="1" colspan="1"><p>ALVORADA COMERCIAL DE MEDICAMENTOS LTDA</p></td><td rowspan="1" colspan="1"><p>GO</p></td><td rowspan="1" colspan="1"><p>SANTA TEREZINHA DE GOIAS</p></td><td rowspan="1" colspan="1"><p>25000129097201042</p></td></tr><tr><td rowspan="1" colspan="1"><p>646</p></td><td rowspan="1" colspan="1"><p>13379955000143</p></td><td rowspan="1" colspan="1"><p>DANIEL ALVES DE ALMEIDA</p></td><td rowspan="1" colspan="1"><p>GO</p></td><td rowspan="1" colspan="1"><p>SAO LUIS DE MONTES BELOS</p></td><td rowspan="1" colspan="1"><p>25000056989201360</p></td></tr><tr><td rowspan="1" colspan="1"><p>647</p></td><td rowspan="1" colspan="1"><p>03708196000161</p></td><td rowspan="1" colspan="1"><p>E. G. DE ALMEIDA</p></td><td rowspan="1" colspan="1"><p>GO</p></td><td rowspan="1" colspan="1"><p>SAO LUIZ DO NORTE</p></td><td rowspan="1" colspan="1"><p>25000154190201338</p></td></tr><tr><td rowspan="1" colspan="1"><p>648</p></td><td rowspan="1" colspan="1"><p>10847274000174</p></td><td rowspan="1" colspan="1"><p>E. D. PIMENTA NUNES E CIA LTDA</p></td><td rowspan="1" colspan="1"><p>GO</p></td><td rowspan="1" colspan="1"><p>SAO MIGUEL DO ARAGUAIA</p></td><td rowspan="1" colspan="1"><p>25000071275201110</p></td></tr><tr><td rowspan="1" colspan="1"><p>649</p></td><td rowspan="1" colspan="1"><p>11496492000255</p></td><td rowspan="1" colspan="1"><p>DISK-MED COMERCIAL FARMACEUTICA LTDA</p></td><td rowspan="1" colspan="1"><p>GO</p></td><td rowspan="1" colspan="1"><p>SENADOR CANEDO</p></td><td rowspan="1" colspan="1"><p>25000217781201081</p></td></tr><tr><td rowspan="1" colspan="1"><p>650</p></td><td rowspan="1" colspan="1"><p>16010431000683</p></td><td rowspan="1" colspan="1"><p>SANTA MARTA DISTRIBUIDORA DE DROGAS LTDA EM RECUPERACAO JUDICIAL</p></td><td rowspan="1" colspan="1"><p>GO</p></td><td rowspan="1" colspan="1"><p>SENADOR CANEDO</p></td><td rowspan="1" colspan="1"><p>25000045050200641</p></td></tr><tr><td rowspan="1" colspan="1"><p>651</p></td><td rowspan="1" colspan="1"><p>00447821014392</p></td><td rowspan="1" colspan="1"><p>DROGARIA ROSARIO S/A</p></td><td rowspan="1" colspan="1"><p>GO</p></td><td rowspan="1" colspan="1"><p>URUACU</p></td><td rowspan="1" colspan="1"><p>25000044104200651</p></td></tr><tr><td rowspan="1" colspan="1"><p>652</p></td><td rowspan="1" colspan="1"><p>33402371000159</p></td><td rowspan="1" colspan="1"><p>GILSON RAMOS DE ARAUJO</p></td><td rowspan="1" colspan="1"><p>GO</p></td><td rowspan="1" colspan="1"><p>URUACU</p></td><td rowspan="1" colspan="1"><p>25000168738201165</p></td></tr><tr><td rowspan="1" colspan="1"><p>653</p></td><td rowspan="1" colspan="1"><p>83754234006940</p></td><td rowspan="1" colspan="1"><p>DISTRIBUIDORA BIG BENN SA FALIDO</p></td><td rowspan="1" colspan="1"><p>MA</p></td><td rowspan="1" colspan="1"><p>ACAILANDIA</p></td><td rowspan="1" colspan="1"><p>25000527834200935</p></td></tr><tr><td rowspan="1" colspan="1"><p>654</p></td><td rowspan="1" colspan="1"><p>04588701000144</p></td><td rowspan="1" colspan="1"><p>N. DOS S. SOUSA FARMACIA</p></td><td rowspan="1" colspan="1"><p>MA</p></td><td rowspan="1" colspan="1"><p>ACAILANDIA</p></td><td rowspan="1" colspan="1"><p>25000033222201109</p></td></tr><tr><td rowspan="1" colspan="1"><p>655</p></td><td rowspan="1" colspan="1"><p>23672686000162</p></td><td rowspan="1" colspan="1"><p>S SILVEIRA DE ARAUJO</p></td><td rowspan="1" colspan="1"><p>MA</p></td><td rowspan="1" colspan="1"><p>ARAIOSES</p></td><td rowspan="1" colspan="1"><p>25000093609201459</p></td></tr><tr><td rowspan="1" colspan="1"><p>656</p></td><td rowspan="1" colspan="1"><p>83754234012320</p></td><td rowspan="1" colspan="1"><p>DISTRIBUIDORA BIG BENN SA FALIDO</p></td><td rowspan="1" colspan="1"><p>MA</p></td><td rowspan="1" colspan="1"><p>BACABAL</p></td><td rowspan="1" colspan="1"><p>25000527834200935</p></td></tr><tr><td rowspan="1" colspan="1"><p>657</p></td><td rowspan="1" colspan="1"><p>13017844000197</p></td><td rowspan="1" colspan="1"><p>L. V. RIBEIRO</p></td><td rowspan="1" colspan="1"><p>MA</p></td><td rowspan="1" colspan="1"><p>BACABAL</p></td><td rowspan="1" colspan="1"><p>25000223847201314</p></td></tr><tr><td rowspan="1" colspan="1"><p>658</p></td><td rowspan="1" colspan="1"><p>41497843000122</p></td><td rowspan="1" colspan="1"><p>M G S CORREIA &amp; CIA LTDA</p></td><td rowspan="1" colspan="1"><p>MA</p></td><td rowspan="1" colspan="1"><p>BACABAL</p></td><td rowspan="1" colspan="1"><p>25000075602201374</p></td></tr><tr><td rowspan="1" colspan="1"><p>659</p></td><td rowspan="1" colspan="1"><p>83754234010890</p></td><td rowspan="1" colspan="1"><p>DISTRIBUIDORA BIG BENN SA FALIDO</p></td><td rowspan="1" colspan="1"><p>MA</p></td><td rowspan="1" colspan="1"><p>CAXIAS</p></td><td rowspan="1" colspan="1"><p>25000527834200935</p></td></tr><tr><td rowspan="1" colspan="1"><p>660</p></td><td rowspan="1" colspan="1"><p>14415978000129</p></td><td rowspan="1" colspan="1"><p>R MARY BRAGA PINTO</p></td><td rowspan="1" colspan="1"><p>MA</p></td><td rowspan="1" colspan="1"><p>CEDRAL</p></td><td rowspan="1" colspan="1"><p>25000124061201315</p></td></tr><tr><td rowspan="1" colspan="1"><p>661</p></td><td rowspan="1" colspan="1"><p>02938760000170</p></td><td rowspan="1" colspan="1"><p>M. DOS M. DA SILVA CARDOSO</p></td><td rowspan="1" colspan="1"><p>MA</p></td><td rowspan="1" colspan="1"><p>CHAPADINHA</p></td><td rowspan="1" colspan="1"><p>25000229727201410</p></td></tr><tr><td rowspan="1" colspan="1"><p>662</p></td><td rowspan="1" colspan="1"><p>83754234024760</p></td><td rowspan="1" colspan="1"><p>DISTRIBUIDORA BIG BENN SA FALIDO</p></td><td rowspan="1" colspan="1"><p>MA</p></td><td rowspan="1" colspan="1"><p>CODO</p></td><td rowspan="1" colspan="1"><p>25000527834200935</p></td></tr></table>]]></Texto>
  </body>
  <Midias />
</article></xml>