﻿<xml><article id="44732033" name="RESOLUCAO NA 21 - GGPAA 31-07-20" idOficio="11191172" pubName="DO1" artType="Resolução" pubDate="01/08/2025" artClass="00018:00033:00020:00000:00000:00000:00000:00000:00000:00000:00064:00000" artCategory="Ministério do Desenvolvimento e Assistência Social, Família e Combate à Fome/Secretaria Nacional de Segurança Alimentar e Nutricional/Grupo Gestor do Programa de Aquisição de Alimentos" artSize="24" artNotes="" numberPage="18" pdfPage="http://pesquisa.in.gov.br/imprensa/jsp/visualiza/index.jsp?data=01/08/2025&amp;jornal=515&amp;pagina=18" editionNumber="144" highlightType="" highlightPriority="" highlight="" highlightimage="" highlightimagename="" idMateria="22948416">
  <body>
    <Identifica />
    <Data><![CDATA[]]></Data>
    <Ementa />
    <Titulo />
    <SubTitulo />
    <Texto><![CDATA[<p>c) verificar minuciosamente, no prazo fixado, a conformidade dos gêneros alimentícios recebidos provisoriamente com as especificações constantes do Edital e da proposta, para fins de aceitação e recebimento definitivo;</p><p>d) notificar a Contratada, por escrito, sobre imperfeições, falhas ou irregularidades verificadas no objeto fornecido, para que seja substituído, reparado ou corrigido; no total ou em parte, às suas expensas;</p><p>e) acompanhar e fiscalizar a execução do contrato e o cumprimento das obrigações pelo Contratado;</p><p>f) efetuar o pagamento ao Contratado do valor correspondente ao fornecimento do objeto, no prazo, forma e condições estabelecidos no presente Contrato e no Edital de Chamada Pública;</p><p>g) a Administração não responderá por quaisquer compromissos assumidos pela Contratada com terceiros, ainda que vinculados à execução do presente Termo de Contrato, bem como por qualquer dano causado a terceiros em decorrência de ato da Contratada, de seus empregados, prepostos ou subordinados;</p><p>h) aplicar ao Contratado as sanções previstas em lei e neste Contrato;</p><p>i) cientificar o órgão de representação judicial (da Advocacia-Geral da União ou outro do estado/município) para adoção das medidas cabíveis quando do descumprimento de obrigações pelo Contratado;</p><p>j) explicitamente emitir decisão sobre todas as solicitações e reclamações relacionadas à execução do presente Contrato, ressalvados os requerimentos manifestamente impertinentes, meramente protelatórios ou de nenhum interesse para a boa execução do ajuste;</p><p>k) arcar com o ônus decorrente de eventual equívoco no dimensionamento dos quantitativos de sua proposta, exceto quando ocorrer algum dos eventos arrolados no art. 124, II, d, da Lei nº 14.133, de 2021;</p><p>l) cumprir rigorosamente o cronograma de execução estabelecido, de acordo com as datas e prazos estipulados para a entrega dos gêneros alimentícios da agricultura familiar;</p><p>m) qualquer atraso ou descumprimento do cronograma por parte da CONTRATANTE deverá ser comunicado ao CONTRATADO com antecedência, por escrito, de forma a permitir negociações para ajustar as datas, desde que tal ajuste seja viável e não cause prejuízos excessivos ao CONTRATADO.</p><p>6.18 São obrigações da Contratada:</p><p>a) efetuar a entrega do objeto em perfeitas condições, conforme especificações, prazo e local constantes no Edital, acompanhado da respectiva nota fiscal;</p><p>b) substituir por objeto semelhante ou de mesmo gênero alimentício acordado com a contratante, às suas expensas, em prazo de 10 (dez) dias, a contar da sua notificação, o objeto com vícios ou defeitos;</p><p>c) comunicar à Contratante, no prazo máximo de 02 (dois) dias que antecedem a data da entrega, os motivos que impossibilitem o cumprimento do prazo previsto, com a devida comprovação;</p><p>d) manter, durante toda a execução do contrato, em compatibilidade com as obrigações assumidas, todas as condições de habilitação e qualificação exigidas na contratação;</p><p>e) indicar responsável para representá-la durante a execução do contrato;</p><p>f) cumprir os limites financeiros de participação por unidade familiar e por organização previstos na alínea b, inciso I, art. 6º do Decreto nº 11802, de 2023 e alínea b, inciso II, art. 6º do referido Decreto, quando for o caso;</p><p>g) cumprir todas as obrigações constantes deste Contrato e em seus anexos, assumindo como exclusivamente seus os riscos e as despesas decorrentes da boa e perfeita execução do objeto, observando, ainda, as obrigações a seguir dispostas;</p><p>h) responsabilizar-se pelos vícios e danos decorrentes da execução do objeto, bem como por todo e qualquer dano causado à Administração ou terceiros, não reduzindo essa responsabilidade a fiscalização ou o acompanhamento da execução contratual pelo contratante.</p><p>6.19 Comete infração administrativa, nos termos da Lei nº 14.133, de 2021, o contratado que:</p><p>a) der causa à inexecução parcial do contrato;</p><p>b) der causa à inexecução parcial do contrato que cause grave dano à Administração ou ao funcionamento dos serviços públicos ou ao interesse coletivo;</p><p>c) der causa à inexecução total do contrato;</p><p>d) ensejar o retardamento da execução ou da entrega do objeto da contratação sem motivo justificado;</p><p>e) apresentar documentação falsa ou prestar declaração falsa durante a execução do contrato;</p><p>f) praticar ato fraudulento na execução do contrato;</p><p>g) comportar-se de modo inidôneo ou cometer fraude de qualquer natureza;</p><p>h) praticar ato lesivo previsto no art. 5º da Lei nº 12.846, de 2013.</p><p>6.20 Serão aplicadas ao contratado que incorrer nas infrações acima descritas as seguintes sanções:</p><p>i. Advertência, quando o contratado der causa à inexecução parcial do contrato, sempre que não se justificar a imposição de penalidade mais grave (art. 156, §2º, da Lei nº 14.133, de 2021);</p><p>ii. Impedimento de licitar e contratar, quando praticadas as condutas descritas nas alíneas "b", "c" e "d" do subitem acima deste Contrato, sempre que não se justificar a imposição de penalidade mais grave (art. 156, § 4º, da Lei nº 14.133, de 2021);</p><p>iii. Declaração de inidoneidade para licitar e contratar, quando praticadas as condutas descritas nas alíneas "e", "f", "g" e "h" do subitem acima deste Contrato, bem como nas alíneas "b", "c"e"d", que justifiquem a imposição de penalidade mais grave (art. 156, §5º, da Lei nº 14.133, de 2021).</p><p>iv. Multa:</p><p>1. 1. Moratória de .....% (..... por cento) por dia de atraso injustificado sobre o valor da parcela inadimplida, até o limite de ...... (.......) dias;</p><p>1. 2. Moratória de .....% (..... por cento) por dia de atraso injustificado sobre o valor total do contrato, até o máximo de .....% (.... por cento), pela inobservância do prazo fixado para apresentação, suplementação ou reposição da garantia.</p><p>i. O atraso superior a XXXXXX dias autoriza a Administração a promover a extinção do contrato por descumprimento ou cumprimento irregular de suas cláusulas, conforme dispõe o inciso I do art. 137 da Lei n. 14.133, de 2021.</p><p>7. ADEQUAÇÃO ORÇAMENTÁRIA</p><p>7.1 As despesas decorrentes da presente contratação correrão à conta de recursos específicos consignados no Orçamento Geral da União.</p><p>7.2 A contratação será atendida pela seguinte dotação:</p><p>I) Gestão/unidade: [...];</p><p>II) Fonte de recursos: [...];</p><p>III) Programa de trabalho: [...];</p><p>IV) Elemento de despesa: [...]; e</p><p>V) Plano interno: [...].</p><p>7.3 A dotação relativa aos exercícios financeiros subsequentes será indicada após aprovação da Lei Orçamentária respectiva e liberação dos créditos correspondentes, mediante apostilamento.</p><p>8. FORMA E CRITÉRIOS DE SELEÇÃO DO FORNECEDOR</p><p>8.1 Com base no art. 18 da Resolução GGPAA nº XX, de 2025.</p><p>Município (UF), .... de ............de ................</p><p>ANEXO III</p><p>DECLARAÇÃO DE PRODUÇÃO PRÓPRIA DO AGRICULTOR FAMILIAR PARA BENEFICIÁRIOS FORNECEDORES (FORNECEDOR INDIVIDUAL)</p><p>CHAMADA PÚBLICA Nº ( )</p><p>Eu, _______, CPF nº __________ e CAF/NIS nº___________, declaro, para fins de participação na modalidade Compra Institucional, do Programa de Aquisição de Alimentos, que os gêneros alimentícios relacionados na proposta de venda em meu nome são oriundos de produção própria.</p><p>Local e assinatura</p><p>ANEXO IV</p><p>DECLARAÇÃO DE PRODUÇÃO PRÓPRIA DO AGRICULTOR FAMILIAR PARA ORGANIZAÇÕES FORMAIS FORNECEDORAS</p><p>CHAMADA PÚBLICA Nº ( )</p><p>Eu, ___________, representante da Cooperativa/Associação, com CNPJ nº e CAF Jurídica nº ____________, declaro, para fins de participação na modalidade Compra Institucional, do Programa de Aquisição de Alimentos, que os gêneros alimentícios relacionados na proposta de venda são oriundos de produção dos cooperados/associados que possuem CAF ou NIS e compõem esta cooperativa/associação.</p><p>Local e Assinatura</p><p>ANEXO V</p><p>DECLARAÇÃO DE PRODUÇÃO PRÓPRIA DO AGRICULTOR FAMILIAR PARA DEMAIS GRUPOS FORNECEDORES</p><p>CHAMADA PÚBLICA Nº ( )</p><p>Eu, ___________ representante do grupo fornecedor, com CPF nº e CAF n° ___________, declaro, para fins de participação na modalidade Compra Institucional, do Programa de Aquisição de Alimentos, que os gêneros alimentícios relacionados na proposta de venda são oriundos de produção dos agricultores listados na proposta de venda, que possuem CAF ou NIS.</p><p>Local e Assinatura</p><p>ANEXO VI</p><p>CONTRATO DE AQUISIÇÃO DE GÊNEROS ALIMENTÍCIOS DA AGRICULTURA FAMILIAR</p><p>CONTRATO ADMINISTRATIVO Nº ......../..., QUE FAZEM ENTRE SI (órgão), POR INTERMÉDIO DO (A)....................................................... E ......................................................</p><p>O (Órgão Federal, Estadual ou Municipal), pessoa jurídica de direito público ou privado, com sede à Rua , n.º , inscrita no CNPJ sob n.º , representada neste ato pelo (representante legal), o(a) Sr(a). , doravante denominado CONTRATANTE, e por outro lado (nome do grupo formal ou agricultor individual ou grupo coletivo) com sede à , n.º , em /UF, inscrita no CNPJ sob n.º , doravante denominado CONTRATADO(A), fundamentados nas disposições das Leis nº 14.628, de 2023 e nº 14.133, de 2021, da Resolução do Grupo Gestor do Programa de Aquisição de Alimentos Nº XX, de 2025, e tendo em vista o que consta na Chamada Pública nº xx, resolvem celebrar o presente contrato mediante as cláusulas que seguem:</p><p>CLÁUSULA PRIMEIRA - DO OBJETO</p><p>O objeto do presente instrumento é a aquisição de gêneros alimentícios (ou materiais propagativos) da agricultura familiar, na modalidade Compra Institucional, para atendimento da demanda dos órgãos da administração pública, (municipal, distrital, estadual ou federal), de acordo como edital da Chamada Pública nº / (ano), o qual é parte integrante do presente contrato, independentemente de anexação ou transcrição.</p><p>CLÁUSULA SEGUNDA - VIGÊNCIA</p><p>O prazo de vigência da contratação é de até XXX (prazo por extenso) dias, contados a partir da data de assinatura do contrato ou da data de recebimento de instrumento equivalente (Nota de Empenho), sendo prorrogável nos termos do artigo 105 da Lei n° 14.133, de 2021.</p><p>CLÁUSULA TERCEIRA</p><p>O CONTRATADO se compromete a fornecer os gêneros alimentícios da agricultura familiar ao CONTRATANTE conforme descrito na Proposta de Venda de gêneros alimentícios da agricultura familiar, parte integrante deste Instrumento. Discriminação do objeto:</p><p /><p></p><table><tr /><tr><td rowspan="1" colspan="1"><p>ITEM</p></td><td rowspan="1" colspan="1"><p>DESCRIÇÃO / ESPECIFICAÇÃO</p></td><td rowspan="1" colspan="1"><p>UNIDADE DE MEDIDA</p></td><td rowspan="1" colspan="1"><p>QUANTIDADE</p></td><td rowspan="1" colspan="1"><p>VALOR</p></td></tr><tr><td rowspan="1" colspan="1"><p>1</p></td><td rowspan="1" colspan="1"><p></p></td><td rowspan="1" colspan="1"><p></p></td><td rowspan="1" colspan="1"><p></p></td><td rowspan="1" colspan="1"><p></p></td></tr><tr><td rowspan="1" colspan="1"><p>2</p></td><td rowspan="1" colspan="1"><p></p></td><td rowspan="1" colspan="1"><p></p></td><td rowspan="1" colspan="1"><p></p></td><td rowspan="1" colspan="1"><p></p></td></tr><tr><td rowspan="1" colspan="1"><p>...</p></td><td rowspan="1" colspan="1"><p></p></td><td rowspan="1" colspan="1"><p></p></td><td rowspan="1" colspan="1"><p></p></td><td rowspan="1" colspan="1"><p></p></td></tr></table><p>CLÁUSULA QUARTA</p><p>O limite individual de venda de gêneros alimentícios da agricultura familiar é de até R$ 30.000,00 por Cadastro Nacional da Agricultura Familiar - CAF ou por Número de Identificação Social do Cadúnico - NIS, por ano civil, referente à sua produção, conforme a legislação do Programa de Aquisição de Alimentos - modalidade Compra Institucional.</p><p>O limite de venda da organização fornecedora por órgão comprador deverá respeitar o valor máximo de até R$ 6.000.000,00, por CAF/Pessoa Jurídica, respeitados os limites por unidade familiar.</p><p>CLÁUSULA QUINTA</p><p>As despesas decorrentes desta contratação estão programadas em dotação orçamentária própria, prevista no orçamento dos órgãos compradores (ou Estados, DF, Municípios), para o exercício de (ano), na classificação abaixo:</p><p>Gestão/Unidade:</p><p>Fonte:</p><p>Programa de Trabalho:</p><p>Elemento de Despesa:</p><p>PI:</p><p>CLÁUSULA SEXTA</p><p>O início da entrega dos gêneros alimentícios se dará no prazo previsto no Edital de Chamada Pública. A entrega dos gêneros alimentícios deverá ser feita nos locais, dias e quantidades de acordo com o Edital da Chamada Pública. O recebimento dos gêneros alimentícios dar-se-á mediante apresentação das Notas Fiscais de Venda pela pessoa responsável pela entrega daqueles, no local previamente acordado.</p><p>CLÁUSULA SÉTIMA</p><p>Pelo fornecimento, nos quantitativos descritos na Proposta de Venda de Gêneros Alimentícios da Agricultura Familiar, o CONTRATADO receberá o valor total de R$ (xxxxx).</p><p>CLÁUSULA OITAVA</p><p>No valor mencionado na cláusula sexta estão incluídas as despesas com frete, recursos humanos e materiais, assim como com os encargos fiscais, sociais, comerciais, trabalhistas e previdenciários e quaisquer outras despesas necessárias ao cumprimento das obrigações decorrentes do presente contrato.</p><p>CLÁUSULA NONA</p><p>O CONTRATANTE, após receber os documentos descritos na cláusula sexta, e após a tramitação do Processo para instrução e liquidação, efetuará o seu pagamento em até 5 (cinco) dias úteis após a última entrega do mês, por meio de documento fiscal correspondente ao fornecimento efetuado.</p><p>Não será efetuado qualquer pagamento ao CONTRATADO enquanto houver pendência de liquidação da obrigação financeira em virtude de penalidade ou inadimplência contratual.</p><p>CLÁUSULA DÉCIMA</p><p>1. Das obrigações da Contratante:</p><p>a) receber o objeto no prazo e condições estabelecidas no Edital de Chamada Pública;</p><p>b) exigir o cumprimento de todas as obrigações assumidas pelo Contratado, de acordo com o contrato e seus anexos;</p><p>c) verificar minuciosamente, no prazo fixado, a conformidade dos gêneros alimentícios recebidos provisoriamente com as especificações constantes do Edital e da proposta, para fins de aceitação e recebimento definitivo;</p><p>d) notificar a Contratada, por escrito, sobre imperfeições, falhas ou irregularidades verificadas no objeto fornecido, para que seja substituído, reparado ou corrigido; no total ou em parte, às suas expensas;</p><p>e) acompanhar e fiscalizar a execução do contrato e o cumprimento das obrigações pelo Contratado;</p><p>f) efetuar o pagamento ao Contratado do valor correspondente ao fornecimento do objeto, no prazo, forma e condições estabelecidos no presente Contrato e no Edital de Chamada Pública;</p><p>g) a Administração não responderá por quaisquer compromissos assumidos pela Contratada com terceiros, ainda que vinculados à execução do presente Termo de Contrato, bem como por qualquer dano causado a terceiros em decorrência de ato da Contratada, de seus empregados, prepostos ou subordinados;</p><p>h) aplicar ao Contratado as sanções previstas em lei e neste Contrato;</p><p>i) cientificar o órgão de representação judicial (da Advocacia-Geral da União ou outro do estado/município) para adoção das medidas cabíveis quando do descumprimento de obrigações pelo Contratado;</p><p>j) explicitamente emitir decisão sobre todas as solicitações e reclamações relacionadas à execução do presente Contrato, ressalvados os requerimentos manifestamente impertinentes, meramente protelatórios ou de nenhum interesse para a boa execução do ajuste;</p><p>k) arcar com o ônus decorrente de eventual equívoco no dimensionamento dos quantitativos de sua proposta, exceto quando ocorrer algum dos eventos arrolados no art. 124, II, d, da Lei nº 14.133, de 2021;</p><p>l) cumprir rigorosamente o cronograma de execução estabelecido, de acordo com as datas e prazos estipulados para a entrega dos gêneros alimentícios da agricultura familiar;</p><p>m) qualquer atraso ou descumprimento do cronograma por parte da CONTRATANTE deverá ser comunicado ao CONTRATADO com antecedência, por escrito, de forma a permitir negociações para ajustar as datas, desde que tal ajuste seja viável e não cause prejuízos excessivos ao CONTRATADO.</p><p>2. Das obrigações da Contratada:</p><p>A Contratada deve cumprir todas as obrigações constantes no Edital e na sua proposta, assumindo exclusivamente seus riscos e as despesas decorrentes da boa e perfeita execução do objeto e, ainda:</p><p>a) efetuar a entrega do objeto em perfeitas condições, conforme especificações, prazo e local constantes no Edital, acompanhado da respectiva nota fiscal;</p><p>b) substituir por objeto semelhante ou de mesmo gênero alimentício acordado com a contratante, às suas expensas, em prazo de 10 (dez) dias, a contar da sua notificação, o objeto com vícios ou defeitos;</p><p>c) comunicar à Contratante, no prazo máximo de 02 (dois) dias que antecedem a data da entrega, os motivos que impossibilitem o cumprimento do prazo previsto, com a devida comprovação;</p><p>d) manter, durante toda a execução do contrato, em compatibilidade com as obrigações assumidas, todas as condições de habilitação e qualificação exigidas na contratação;</p><p>e) indicar responsável para representá-la durante a execução do contrato;</p><p>f) cumprir os limites financeiros de participação por unidade familiar e por organização previstos na alínea b, inciso I, art. 6º do Decreto nº 11802, de 2023 e alínea b, inciso II, art. 6º do referido Decreto, quando for o caso;</p><p>g) cumprir todas as obrigações constantes deste Contrato e em seus anexos, assumindo como exclusivamente seus os riscos e as despesas decorrentes da boa e perfeita execução do objeto, observando, ainda, as obrigações a seguir dispostas;</p><p>h) responsabilizar-se pelos vícios e danos decorrentes da execução do objeto, bem como por todo e qualquer dano causado à Administração ou terceiros, não reduzindo essa responsabilidade a fiscalização ou o acompanhamento da execução contratual pelo contratante.</p><p>CLÁUSULA DÉCIMA PRIMEIRA</p><p>Comete infração administrativa, nos termos da Lei nº 14.133, de 2021, o contratado que:</p><p>a) der causa à inexecução parcial do contrato;</p><p>b) der causa à inexecução parcial do contrato que cause grave dano à Administração ou ao funcionamento dos serviços públicos ou ao interesse coletivo;</p><p>c) der causa à inexecução total do contrato;</p><p>d) ensejar o retardamento da execução ou da entrega do objeto da contratação sem motivo justificado;</p><p>e) apresentar documentação falsa ou prestar declaração falsa durante a execução do contrato;</p><p>f) praticar ato fraudulento na execução do contrato;</p><p>g) comportar-se de modo inidôneo ou cometer fraude de qualquer natureza;</p><p>h) praticar ato lesivo previsto no art. 5º da Lei nº 12.846, de 2013. Serão aplicadas ao contratado que incorrer nas infrações acima descritas as seguintes sanções:</p><p>i. Advertência, quando o contratado der causa à inexecução parcial do contrato, sempre que não se justificar a imposição de penalidade mais grave (art. 156, §2º, da Lei nº 14.133, de 2021);</p><p>ii. Impedimento de licitar e contratar, quando praticadas as condutas descritas nas alíneas "b", "c" e "d" do subitem acima deste Contrato, sempre que não se justificar a imposição de penalidade mais grave (art. 156, § 4º, da Lei nº 14.133, de 2021);</p><p>iii. Declaração de inidoneidade para licitar e contratar, quando praticadas as condutas descritas nas alíneas "e", "f", "g" e "h" do subitem acima deste Contrato, bem como nas alíneas "b", "c"e"d", que justifiquem a imposição de penalidade mais grave (art. 156, §5º, da Lei nº 14.133, de 2021).</p><p>iv. Multa:</p><p>1. 1. Moratória de .....% (..... por cento) por dia de atraso injustificado sobre o valor da parcela inadimplida, até o limite de ...... (.......) dias;</p><p>1. 2. Moratória de .....% (..... por cento) por dia de atraso injustificado sobre o valor total do contrato, até o máximo de .....% (.... por cento), pela inobservância do prazo fixado para apresentação, suplementação ou reposição da garantia.</p><p>i. O atraso superior a XXXXXX dias autoriza a Administração a promover a extinção do contrato por descumprimento ou cumprimento irregular de suas cláusulas, conforme dispõe o inciso I do art. 137 da Lei n. 14.133, de 2021.</p><p>Todas as sanções previstas neste Contrato poderão ser aplicadas cumulativamente com a multa (art. 156, §7º, da Lei nº 14.133, de 2021).</p><p>Antes da aplicação da multa será facultada a defesa do interessado no prazo de 15 (quinze) dias úteis, contado da data de sua intimação (art. 157, da Lei nº 14.133, de 2021).</p><p>Previamente ao encaminhamento à cobrança judicial, a multa poderá ser recolhida administrativamente no prazo máximo de XX (XXXX) dias, a contar da data do recebimento da comunicação enviada pela autoridade competente.</p><p>A aplicação das sanções realizar-se-á em processo administrativo que assegure o contraditório e a ampla defesa ao Contratado, observando-se o procedimento previsto no caput e parágrafos do art. 158 da Lei nº 14.133, de 2021, para as penalidades de impedimento de licitar e contratar e de declaração de inidoneidade para licitar ou contratar.</p><p>Na aplicação das sanções serão considerados (art. 156, §1º, da Lei nº 14.133, de 2021):</p><p>a) a natureza e a gravidade da infração cometida;</p><p>b) as peculiaridades do caso concreto;</p><p>c) as circunstâncias agravantes ou atenuantes;</p><p>d) os danos que dela provierem para o Contratante;</p><p>e) a implantação ou o aperfeiçoamento de programa de integridade, conforme normas e orientações dos órgãos de controle.</p><p>Os atos previstos como infrações administrativas na Lei nº 14.133, de 2021, ou em outras leis de licitações e contratos da Administração Pública que também sejam tipificados como atos lesivos na Lei nº 12.846, de 2013, serão apurados e julgados conjuntamente, nos mesmos autos, observados o rito procedimental e autoridade competente definidos na referida Lei (art. 159).</p><p>A personalidade jurídica do Contratado poderá ser desconsiderada sempre que utilizada com abuso do direito para facilitar, encobrir ou dissimular a prática dos atos ilícitos previstos neste Contrato ou para provocar confusão patrimonial, e, nesse caso, todos os efeitos das sanções aplicadas à pessoa jurídica serão estendidos aos seus administradores e sócios com poderes de administração, à pessoa jurídica sucessora ou à empresa do mesmo ramo com relação de coligação ou controle, de fato ou de direito, como Contratado, observados, em todos os casos, o contraditório, a ampla defesa e a obrigatoriedade de análise jurídica prévia (art. 160, da Lei nº 14.133, de 2021).</p><p>O Contratante deverá, no prazo máximo de 15 (quinze) dias úteis, contado da data de aplicação da sanção, informar e manter atualizados os dados relativos às sanções por ela aplicadas, para fins de publicidade no Cadastro Nacional de Empresas Inidôneas e Suspensas - CEIS e no Cadastro Nacional de Empresas Punidas - CNEP, instituídos no âmbito do Poder Executivo Federal. (art. 161, da Lei nº 14.133, de 2021).</p><p>As sanções de impedimento de licitar e contratar e declaração de inidoneidade para licitar ou contratar são passíveis de reabilitação na forma do art. 163 da Lei nº 14.133/21.</p><p>Os débitos do contratado para com a Administração contratante, resultantes de multa administrativa e/ou indenizações, não inscritos em dívida ativa, poderão ser compensados, total ou parcialmente, com os créditos devidos pelo referido órgão decorrentes deste mesmo contrato ou de outros contratos administrativos que o contratado possua com o mesmo órgão ora contratante, na forma da Instrução Normativa SEGES/ME nº 26, de 13 de abril de 2022.</p><p>CLÁUSULA DÉCIMA SEGUNDA</p><p>O CONTRATADO deverá guardar pelo prazo de 05 (cinco) anos, cópias das Notas Fiscais de Venda, ou congêneres, dos produtos participantes da Proposta de Venda de Gêneros Alimentícios da Agricultura Familiar, as quais ficarão à disposição para comprovação.</p><p>O CONTRATANTE se compromete em guardar pelo prazo de 05 (cinco) anos as Notas Fiscais de Compra apresentadas nas prestações de contas, bem como a Proposta de Venda de Gêneros Alimentícios da Agricultura Familiar, as quais ficarão à disposição para comprovação.</p><p>CLÁUSULA DÉCIMA TERCEIRA</p><p>É de exclusiva responsabilidade do CONTRATADO o ressarcimento de danos causados ao CONTRATANTE ou a terceiros, decorrentes de sua culpa ou dolo na execução do contrato, não excluindo ou reduzindo esta responsabilidade a fiscalização efetuada pelo CONTRATANTE.</p><p>CLÁUSULA DÉCIMA QUARTA</p><p>Em caso de descumprimento injustificado do cronograma de execução ou da periodicidade dos pedidos por parte da CONTRATANTE, o CONTRATADO terá o direito de notificar a CONTRATANTE por escrito, solicitando a regularização da situação. Caso a CONTRATANTE não tome as medidas necessárias para corrigir os atrasos ou não justifique adequadamente eventuais atrasos, fica a contratante sujeito às penalidades previstas na cláusula décima primeira.</p><p>CLÁUSULA DÉCIMA QUINTA</p><p>O presente contrato rege-se, ainda, pela Chamada Pública Nº /ANO, pela Resolução do Grupo Gestor do Programa de Aquisição de Alimentos n.º XX, de 2025, pela Lei n.º 14.628, de 2023, e pela Lei nº 14.133, de 2021, em todos os seus termos, a qual será aplicada, também, onde o contrato for omisso.</p><p>CLÁUSULA DÉCIMA SEXTA</p><p>Este Contrato poderá ser aditado a qualquer tempo, mediante acordo formal entre as partes, resguardadas as suas condições essenciais.</p><p>CLÁUSULA DÉCIMA SÉTIMA</p><p>O presente Termo de Contrato poderá ser rescindido nas hipóteses previstas no art. 78 da Lei nº 14.133, de 2021, com as consequências indicadas no art. 80 da mesma Lei, sem prejuízo das sanções aplicáveis. Os casos de rescisão contratual serão formalmente motivados, assegurando-se à CONTRATADA o direito à prévia e ampla defesa.</p><p>A CONTRATADA reconhece os direitos da CONTRATANTE em caso de rescisão administrativa prevista no art. 77 da Lei nº 14.133, de 2021.</p><p>CLÁUSULA DÉCIMA OITAVA</p><p>O prazo de vigência da contratação vigorará a partir da data de sua assinatura até a entrega total dos produtos adquiridos ou até de xx de xx de 20xx.</p><p>O contrato será extinto quando cumpridas as obrigações de ambas as partes, ainda que isso ocorra antes do prazo estipulado para tanto.</p><p>O contrato poderá ser extinto antes de cumpridas as obrigações nele estipuladas, ou antes do prazo nele fixado, por algum dos motivos previstos no art. 137 da Lei nº 14.133, de 2021, bem como amigavelmente, assegurados o contraditório e a ampla defesa.</p><p>CLÁUSULA DÉCIMA NONA</p><p>É competente o Foro da Comarca de xxxx para dirimir qualquer controvérsia que se originar deste contrato.</p><p>E, por estarem assim, justos e contratados, assinam o presente instrumento em três vias de igual teor e forma, na presença de duas testemunhas.</p><p>(Município), de xx de xx 20xx.</p><p>CONTRATANTE</p><p>CONTRATADO</p><p>TESTEMUNHAS:</p><p>ANEXO VII</p><p>PROPOSTA DE VENDA DE GÊNEROS ALIMENTÍCIOS DA AGRICULTURA FAMILIAR</p><p /><p></p><table><tr /><tr><td rowspan="1" colspan="8"><p></p></td></tr><tr><td rowspan="1" colspan="8"><p>Proposta de atendimento à Chamada Pública nº</p></td></tr><tr><td rowspan="1" colspan="8"><p>I - IDENTIFICAÇÃO DA ORGANIZAÇÃO FORNECEDORA</p></td></tr><tr><td rowspan="1" colspan="6"><p>1. Nome do Proponente</p></td><td rowspan="1" colspan="2"><p>2. CNPJ</p></td></tr><tr><td rowspan="1" colspan="6"><p></p></td><td rowspan="1" colspan="2"><p></p></td></tr><tr><td rowspan="1" colspan="5"><p>3. Endereço</p></td><td rowspan="1" colspan="1"><p>4. Município</p></td><td rowspan="1" colspan="2"><p>5. CEP</p></td></tr><tr><td rowspan="1" colspan="5"><p></p></td><td rowspan="1" colspan="1"><p></p></td><td rowspan="1" colspan="2"><p></p></td></tr><tr><td rowspan="1" colspan="4"><p>6. Nome do representante legal</p></td><td rowspan="1" colspan="2"><p>7. CPF</p></td><td rowspan="1" colspan="2"><p>8. DDD/Fone</p></td></tr><tr><td rowspan="1" colspan="4"><p></p></td><td rowspan="1" colspan="2"><p></p></td><td rowspan="1" colspan="2"><p></p></td></tr><tr><td rowspan="1" colspan="4"><p>9. Banco</p></td><td rowspan="1" colspan="2"><p>10. Nº da Agência</p></td><td rowspan="1" colspan="2"><p>11. Nº da Conta Corrente</p></td></tr><tr><td rowspan="1" colspan="8"><p>II - RELAÇÃO DE FORNECEDORES E PRODUTOS</p></td></tr><tr><td rowspan="1" colspan="2"><p>1. Identificação do agricultor</p><p>familiar</p></td><td rowspan="1" colspan="2"><p>2. Produto</p></td><td rowspan="1" colspan="1"><p>3.Unidade</p></td><td rowspan="1" colspan="1"><p>4.Quantidade</p></td><td rowspan="1" colspan="1"><p>5.</p><p>Preço/Unidade</p></td><td rowspan="1" colspan="1"><p>6. Preço</p><p>Total</p></td></tr><tr><td rowspan="1" colspan="2"><p>Nome</p></td><td rowspan="1" colspan="2"><p></p></td><td rowspan="1" colspan="1"><p></p></td><td rowspan="1" colspan="1"><p></p></td><td rowspan="1" colspan="1"><p></p></td><td rowspan="1" colspan="1"><p></p></td></tr><tr><td rowspan="1" colspan="2"><p>CPF</p></td><td rowspan="1" colspan="2"><p></p></td><td rowspan="1" colspan="1"><p></p></td><td rowspan="1" colspan="1"><p></p></td><td rowspan="1" colspan="1"><p></p></td><td rowspan="1" colspan="1"><p></p></td></tr><tr><td rowspan="1" colspan="2"><p>Nº CAF</p></td><td rowspan="1" colspan="2"><p></p></td><td rowspan="1" colspan="1"><p></p></td><td rowspan="1" colspan="1"><p></p></td><td rowspan="1" colspan="1"><p></p></td><td rowspan="1" colspan="1"><p>Total</p><p>agricultor</p></td></tr><tr><td rowspan="1" colspan="2"><p></p></td><td rowspan="1" colspan="2"><p></p></td><td rowspan="1" colspan="1"><p></p></td><td rowspan="1" colspan="1"><p></p></td><td rowspan="1" colspan="1"><p></p></td><td rowspan="1" colspan="1"><p></p></td></tr><tr><td rowspan="1" colspan="2"><p>Nome</p></td><td rowspan="1" colspan="2"><p></p></td><td rowspan="1" colspan="1"><p></p></td><td rowspan="1" colspan="1"><p></p></td><td rowspan="1" colspan="1"><p></p></td><td rowspan="1" colspan="1"><p></p></td></tr><tr><td rowspan="1" colspan="2"><p>CPF</p></td><td rowspan="1" colspan="2"><p></p></td><td rowspan="1" colspan="1"><p></p></td><td rowspan="1" colspan="1"><p></p></td><td rowspan="1" colspan="1"><p></p></td><td rowspan="1" colspan="1"><p></p></td></tr><tr><td rowspan="1" colspan="2"><p>Nº CAF</p></td><td rowspan="1" colspan="2"><p></p></td><td rowspan="1" colspan="1"><p></p></td><td rowspan="1" colspan="1"><p></p></td><td rowspan="1" colspan="1"><p></p></td><td rowspan="1" colspan="1"><p>Total</p><p>agricultor</p></td></tr><tr><td rowspan="1" colspan="2"><p></p></td><td rowspan="1" colspan="2"><p></p></td><td rowspan="1" colspan="1"><p></p></td><td rowspan="1" colspan="1"><p></p></td><td rowspan="1" colspan="1"><p></p></td><td rowspan="1" colspan="1"><p></p></td></tr><tr><td rowspan="1" colspan="2"><p>Nome</p></td><td rowspan="1" colspan="2"><p></p></td><td rowspan="1" colspan="1"><p></p></td><td rowspan="1" colspan="1"><p></p></td><td rowspan="1" colspan="1"><p></p></td><td rowspan="1" colspan="1"><p></p></td></tr><tr><td rowspan="1" colspan="1"><p>CPF</p></td><td rowspan="1" colspan="2"><p></p></td><td rowspan="1" colspan="2"><p></p></td><td rowspan="1" colspan="1"><p></p></td><td rowspan="1" colspan="1"><p></p></td><td rowspan="1" colspan="1"><p></p></td></tr><tr><td rowspan="1" colspan="1"><p>Nº CAF</p></td><td rowspan="1" colspan="2"><p></p></td><td rowspan="1" colspan="2"><p></p></td><td rowspan="1" colspan="1"><p></p></td><td rowspan="1" colspan="1"><p></p></td><td rowspan="1" colspan="1"><p>Total</p><p>agricultor</p></td></tr><tr><td rowspan="1" colspan="1"><p></p></td><td rowspan="1" colspan="2"><p></p></td><td rowspan="1" colspan="2"><p></p></td><td rowspan="1" colspan="1"><p></p></td><td rowspan="1" colspan="1"><p></p></td><td rowspan="1" colspan="1"><p></p></td></tr><tr><td rowspan="1" colspan="1"><p>Nome</p></td><td rowspan="1" colspan="2"><p></p></td><td rowspan="1" colspan="2"><p></p></td><td rowspan="1" colspan="1"><p></p></td><td rowspan="1" colspan="1"><p></p></td><td rowspan="1" colspan="1"><p></p></td></tr><tr><td rowspan="1" colspan="1"><p>CPF</p></td><td rowspan="1" colspan="2"><p></p></td><td rowspan="1" colspan="2"><p></p></td><td rowspan="1" colspan="1"><p></p></td><td rowspan="1" colspan="1"><p></p></td><td rowspan="1" colspan="1"><p></p></td></tr><tr><td rowspan="1" colspan="1"><p>Nº CAF</p></td><td rowspan="1" colspan="2"><p></p></td><td rowspan="1" colspan="2"><p></p></td><td rowspan="1" colspan="1"><p></p></td><td rowspan="1" colspan="1"><p></p></td><td rowspan="1" colspan="1"><p>Total</p><p>agricultor</p></td></tr><tr><td rowspan="1" colspan="1"><p></p></td><td rowspan="1" colspan="2"><p></p></td><td rowspan="1" colspan="2"><p></p></td><td rowspan="1" colspan="1"><p></p></td><td rowspan="1" colspan="1"><p></p></td><td rowspan="1" colspan="1"><p></p></td></tr><tr><td rowspan="1" colspan="1"><p>Nome</p></td><td rowspan="1" colspan="2"><p></p></td><td rowspan="1" colspan="2"><p></p></td><td rowspan="1" colspan="1"><p></p></td><td rowspan="1" colspan="1"><p></p></td><td rowspan="1" colspan="1"><p></p></td></tr><tr><td rowspan="1" colspan="1"><p>CPF</p></td><td rowspan="1" colspan="2"><p></p></td><td rowspan="1" colspan="2"><p></p></td><td rowspan="1" colspan="1"><p></p></td><td rowspan="1" colspan="1"><p></p></td><td rowspan="1" colspan="1"><p></p></td></tr><tr><td rowspan="1" colspan="1"><p>Nº CAF</p></td><td rowspan="1" colspan="2"><p></p></td><td rowspan="1" colspan="2"><p></p></td><td rowspan="1" colspan="1"><p></p></td><td rowspan="1" colspan="1"><p></p></td><td rowspan="1" colspan="1"><p>Total</p><p>agricultor</p></td></tr><tr><td rowspan="1" colspan="1"><p></p></td><td rowspan="1" colspan="2"><p></p></td><td rowspan="1" colspan="2"><p></p></td><td rowspan="1" colspan="1"><p></p></td><td rowspan="1" colspan="1"><p></p></td><td rowspan="1" colspan="1"><p></p></td></tr><tr><td rowspan="1" colspan="7"><p>Total da proposta</p></td><td rowspan="1" colspan="1"><p></p></td></tr><tr><td rowspan="1" colspan="8"><p></p></td></tr><tr><td rowspan="1" colspan="1"><p></p></td><td rowspan="1" colspan="1"><p></p></td><td rowspan="1" colspan="1"><p></p></td><td rowspan="1" colspan="1"><p></p></td><td rowspan="1" colspan="1"><p></p></td><td rowspan="1" colspan="1"><p></p></td><td rowspan="1" colspan="1"><p></p></td><td rowspan="1" colspan="1"><p></p></td></tr></table><p /><p></p><table><tr /><tr><td rowspan="1" colspan="7"><p>III - TOTALIZAÇÃO POR PRODUTO</p></td></tr><tr><td rowspan="1" colspan="1"><p>1. Produto</p></td><td rowspan="1" colspan="1"><p>2.Unidade</p></td><td rowspan="1" colspan="1"><p>3.Quantidade</p></td><td rowspan="1" colspan="1"><p>4.Preço/Unidade</p></td><td rowspan="1" colspan="3"><p>5.Valor Total por Produto</p></td></tr><tr><td rowspan="1" colspan="1"><p></p></td><td rowspan="1" colspan="1"><p></p></td><td rowspan="1" colspan="1"><p></p></td><td rowspan="1" colspan="1"><p></p></td><td rowspan="1" colspan="3"><p></p></td></tr><tr><td rowspan="1" colspan="1"><p></p></td><td rowspan="1" colspan="1"><p></p></td><td rowspan="1" colspan="1"><p></p></td><td rowspan="1" colspan="1"><p></p></td><td rowspan="1" colspan="3"><p></p></td></tr><tr><td rowspan="1" colspan="1"><p></p></td><td rowspan="1" colspan="1"><p></p></td><td rowspan="1" colspan="1"><p></p></td><td rowspan="1" colspan="1"><p></p></td><td rowspan="1" colspan="3"><p></p></td></tr><tr><td rowspan="1" colspan="6"><p>Total da proposta:</p></td><td rowspan="1" colspan="1"><p></p></td></tr><tr><td rowspan="1" colspan="7"><p>IV - DESCREVER OS MECANISMOS DE ACOMPANHAMENTO DAS ENTREGAS DOS PRODUTOS</p></td></tr><tr><td rowspan="1" colspan="7"><p></p></td></tr><tr><td rowspan="1" colspan="7"><p>V - CARACTERÍSTICAS DO FORNECEDOR PROPONENTE (breve histórico, número de sócios , missão, área</p><p>de abrangência)</p></td></tr><tr><td rowspan="1" colspan="7"><p></p></td></tr><tr><td rowspan="1" colspan="7"><p>Declaro estar de acordo com as condições estabelecidas nesta proposta e que as informações acima</p><p>conferem com as condições de fornecimento.</p></td></tr><tr><td rowspan="1" colspan="1"><p>Local e Data:</p></td><td rowspan="1" colspan="4"><p>Assinatura do Representante da Organização Fornecedora</p></td><td rowspan="1" colspan="2"><p>Fone/E-</p><p>mail:</p></td></tr><tr><td rowspan="1" colspan="1"><p></p></td><td rowspan="1" colspan="4"><p></p></td><td rowspan="1" colspan="2"><p></p></td></tr><tr><td rowspan="1" colspan="1"><p></p></td><td rowspan="1" colspan="4"><p></p></td><td rowspan="1" colspan="2"><p>CPF:</p></td></tr></table><p>ANEXO VIII</p><p>DECLARAÇÃO DE RESPONSABILIDADE PELO CONTROLE DO ATENDIMENTO DO LIMITE INDIVIDUAL DE VENDA DOS COOPERADOS/ASSOCIADOS</p><p>O (A) (nome do Grupo Formal) , CNPJ nº______ e CAF jurídica nº com sede____, neste ato representado(a) por (nome do representante legal de acordo com a Proposta de Venda), portador (a) da Cédula de Identidade RG nº_____, CPF nº______, nos termos do Estatuto Social, declara que se responsabilizará pelo controle do limite individual de venda de gêneros alimentícios dos Agricultores e Empreendedores de Base Familiar Rural que compõem o quadro social desta Entidade, no valor de R$ 30.000,00 (trinta mil reais) por CAF/ANO CIVIL/ ÓRGÃO COMPRADOR referente à sua produção, considerando os dispositivos da Lei nº 14 628, de 20 de 2023, regulamentada pelo Decreto n°11.802, de 2023, e suas alterações e da Resolução GGPAA n° XX, de XXX/XXX/2024, e demais documentos normativos, no que couber.</p><p>Local , / /</p><p>Assinatura (apresentar a lista dos CPF e CAF de cada agricultor participante).</p><p>ANEXO IX</p><p>TERMO DE RECEBIMENTO E ACEITABILIDADE COMPRA INSTITUCIONAL</p><p /><p></p><table><tr /><tr><td rowspan="1" colspan="6"><p>1. Atesto que o (Órgão Comprador) _________________________________________, CNPJ ___________________, localizado (endereço completo) _________________________________ ________________________________, representado (a) pelo(a) Sr(a). (nome do representante do Órgão Comprador) ________________________________________, CPF _______________, recebeu em ____/____/______ ou durante o período de ____/____/______ a ____/____/_______ da Organização</p><p>Fornecedora/Agricultor(a) Familiar/Grupo Informal __________________________________ referente a</p><p>"Edital de Chamada Pública nº XX Contrato nº XX ______ , os produtos abaixo relacionados:</p></td></tr><tr><td rowspan="1" colspan="1"><p>Produto/Item</p></td><td rowspan="1" colspan="2"><p>Unidade</p></td><td rowspan="1" colspan="1"><p>Quantidade</p></td><td rowspan="1" colspan="1"><p>Preço Unitário (R$)</p></td><td rowspan="1" colspan="1"><p>Preço Total (R$) (*)</p></td></tr><tr><td rowspan="1" colspan="1" /><td rowspan="1" colspan="2" /><td rowspan="1" colspan="1" /><td rowspan="1" colspan="1" /><td rowspan="1" colspan="1" /></tr><tr><td rowspan="1" colspan="1"><p></p></td><td rowspan="1" colspan="2"><p></p></td><td rowspan="1" colspan="1"><p></p></td><td rowspan="1" colspan="1"><p></p></td><td rowspan="1" colspan="1"><p></p></td></tr><tr><td rowspan="1" colspan="1"><p></p></td><td rowspan="1" colspan="2"><p></p></td><td rowspan="1" colspan="1"><p></p></td><td rowspan="1" colspan="1"><p></p></td><td rowspan="1" colspan="1"><p></p></td></tr><tr><td rowspan="1" colspan="1"><p></p></td><td rowspan="1" colspan="2"><p></p></td><td rowspan="1" colspan="1"><p></p></td><td rowspan="1" colspan="1"><p></p></td><td rowspan="1" colspan="1"><p></p></td></tr><tr><td rowspan="1" colspan="1"><p></p></td><td rowspan="1" colspan="2"><p></p></td><td rowspan="1" colspan="1"><p></p></td><td rowspan="1" colspan="1"><p></p></td><td rowspan="1" colspan="1"><p></p></td></tr><tr><td rowspan="1" colspan="1"><p></p></td><td rowspan="1" colspan="2"><p></p></td><td rowspan="1" colspan="1"><p></p></td><td rowspan="1" colspan="1"><p></p></td><td rowspan="1" colspan="1"><p></p></td></tr><tr><td rowspan="1" colspan="1"><p></p></td><td rowspan="1" colspan="2"><p></p></td><td rowspan="1" colspan="1"><p></p></td><td rowspan="1" colspan="1"><p></p></td><td rowspan="1" colspan="1"><p></p></td></tr><tr><td rowspan="1" colspan="1"><p></p></td><td rowspan="1" colspan="2"><p></p></td><td rowspan="1" colspan="1"><p></p></td><td rowspan="1" colspan="1"><p></p></td><td rowspan="1" colspan="1"><p></p></td></tr><tr><td rowspan="1" colspan="5"><p>Totais</p></td><td rowspan="1" colspan="1"><p></p></td></tr><tr><td rowspan="1" colspan="6"><p>(*) Anexar Notas Fiscais ou recibos válidos</p><p>8. Nestes termos, os itens/produtos entregues estão de acordo com o "Projeto de Venda" e totalizam o valor de R$_____ (___________________________________________).</p><p>Declaro, ainda, sob as penas da Lei (art. 299 do Código Penal), que o(s) produto(s) recebido(s) está(ão) de acordo com os padrões de qualidade aceitos por esta instituição, pelo(s) qual(is) concedemos a aceitabilidade, conforme estabelecido no "Projeto de Venda.</p><p>Durante o recebimento dos itens/produtos, ocorreram as seguintes situações que gostaríamos de registrar:_______________________________________________________</p></td></tr><tr><td rowspan="1" colspan="6"><p>Local e Data</p></td></tr><tr><td rowspan="1" colspan="6"><p>ASSINATURAS</p></td></tr><tr><td rowspan="1" colspan="2"><p>Representante do Órgão Comprador, Cargo e CPF</p><p></p></td><td rowspan="1" colspan="4"><p>Representante da organização fornecedora ou beneficiário fornecedor, Cargo e CPF</p><p></p></td></tr><tr><td rowspan="1" colspan="2"><p>Responsável pelo Órgão Comprador, Cargo e CPF</p><p></p></td><td rowspan="1" colspan="4"><p></p></td></tr></table>]]></Texto>
  </body>
  <Midias />
</article></xml>