﻿<xml><article id="44732000" name="Portaria nA 2368 - NORTE" idOficio="11191188" pubName="DO1" artType="Portaria" pubDate="01/08/2025" artClass="00032:00031:00000:00000:00000:00000:00000:00000:00000:00000:00054:00000" artCategory="Ministério da Integração e do Desenvolvimento Regional/Secretaria Nacional de Proteção e Defesa Civil" artSize="12" artNotes="" numberPage="61" pdfPage="http://pesquisa.in.gov.br/imprensa/jsp/visualiza/index.jsp?data=01/08/2025&amp;jornal=515&amp;pagina=61" editionNumber="144" highlightType="" highlightPriority="" highlight="" highlightimage="" highlightimagename="" idMateria="22948429">
  <body>
    <Identifica><![CDATA[ PORTARIA Nº 2.368, DE 31 DE JULHO DE 2025]]></Identifica>
    <Data><![CDATA[]]></Data>
    <Ementa />
    <Titulo />
    <SubTitulo />
    <Texto><![CDATA[<p class="identifica">PORTARIA Nº 2.368, DE 31 DE JULHO DE 2025</p><p>O SECRETÁRIO NACIONAL DE PROTEÇÃO E DEFESA CIVIL, no uso da competência que lhe foi delegada pela Portaria Ministerial nº 2.212, de 04 de julho de 2023, publicada no Diário Oficial da União, Seção 1, de 05 de julho de 2023, resolve:</p><p>Art. 1º Reconhecer a situação de emergência nas áreas descritas no Formulário de Informações do Desastre - FIDE, conforme as informações relacionadas abaixo.</p><p /><p></p><table><tr /><tr><td rowspan="1" colspan="1"><p>UF</p></td><td rowspan="1" colspan="1"><p>Município</p></td><td rowspan="1" colspan="1"><p>Desastre</p></td><td rowspan="1" colspan="1"><p>Decreto</p></td><td rowspan="1" colspan="1"><p>Data</p></td><td rowspan="1" colspan="1"><p>Processo</p></td></tr><tr><td rowspan="1" colspan="1"><p>PA</p></td><td rowspan="1" colspan="1"><p>Belém</p></td><td rowspan="1" colspan="1"><p>Chuvas Intensas - 1.3.2.1.4</p></td><td rowspan="1" colspan="1"><p>113.787</p></td><td rowspan="1" colspan="1"><p>25/07/2025</p></td><td rowspan="1" colspan="1"><p>59051.043865/2025-74</p></td></tr><tr><td rowspan="1" colspan="1"><p>PA</p></td><td rowspan="1" colspan="1"><p>Redenção</p></td><td rowspan="1" colspan="1"><p>Incêndio Florestal - 1.4.1.3.1</p></td><td rowspan="1" colspan="1"><p>155</p></td><td rowspan="1" colspan="1"><p>23/07/2025</p></td><td rowspan="1" colspan="1"><p>59051.043861/2025-96</p></td></tr><tr><td rowspan="1" colspan="1"><p>PA</p></td><td rowspan="1" colspan="1"><p>Terra Santa</p></td><td rowspan="1" colspan="1"><p>Chuvas Intensas - 1.3.2.1.4</p></td><td rowspan="1" colspan="1"><p>437</p></td><td rowspan="1" colspan="1"><p>26/06/2025</p></td><td rowspan="1" colspan="1"><p>59051.043691/2025-40</p></td></tr><tr><td rowspan="1" colspan="1"><p>RR</p></td><td rowspan="1" colspan="1"><p>Uiramutã</p></td><td rowspan="1" colspan="1"><p>Chuvas Intensas - 1.3.2.1.4</p></td><td rowspan="1" colspan="1"><p>024</p></td><td rowspan="1" colspan="1"><p>09/07/2025</p></td><td rowspan="1" colspan="1"><p>59051.043808/2025-95</p></td></tr></table><p>Art. 2º Esta portaria entra em vigor na data de sua publicação.</p><p class="assina">WOLNEI WOLFF BARREIROS</p>]]></Texto>
  </body>
  <Midias />
</article></xml>