﻿<xml><article id="44745825" name="ATA 26 - 2C_007" idOficio="11191910" pubName="DO1" artType="Ata" pubDate="04/08/2025" artClass="00067:00013:00000:00000:00000:00000:00000:00000:00000:00000:00005:00000" artCategory="Tribunal de Contas da União/2ª Câmara" artSize="12" artNotes="" numberPage="195" pdfPage="http://pesquisa.in.gov.br/imprensa/jsp/visualiza/index.jsp?data=04/08/2025&amp;jornal=515&amp;pagina=195" editionNumber="145" highlightType="" highlightPriority="" highlight="" highlightimage="" highlightimagename="" idMateria="22949380">
  <body>
    <Identifica />
    <Data><![CDATA[]]></Data>
    <Ementa />
    <Titulo />
    <SubTitulo />
    <Texto><![CDATA[<p>Considerando que, por intermédio do Acórdão 2.219/2023-TCU-Segunda Câmara (Relator Ministro Jhonatan de Jesus), firmou-se entendimento que o ato inequívoco de apuração dos fatos constitui causa objetiva de interrupção do prazo prescricional, que atinge todos os possíveis responsáveis indistintamente, pois possui natureza geral, de sorte a possibilitar a identificação dos responsáveis. Contudo, a oitiva, a notificação, a citação ou a audiência (art. 5º, inciso I, do mencionado normativo) constituem causas de interrupção de natureza pessoal, com efeitos somente em relação ao responsável destinatário da comunicação do TCU.</p><p>Considerando que, no presente caso concreto, o prazo de prescrição ordinária deve ser contado de 4/11/2011, data do último pagamento indevido realizado, nos termos do art. 4º, inciso V, da Resolução TCU 344/2022;</p><p>Considerando que, entre a data da análise inequívoca dos fatos pelo INSS (peça 12, p.1-4) com apontamento da irregularidade, em 22/11/2011, e o monitoramento realizado pelo INSS (peça 12, p.5-9), em 24/12/2015, ocorreu lapso temporal superior a três anos;</p><p>Considerando que não foram identificados atos ou documentos que pudessem evidenciar o andamento regular do processo nesse intervalo;</p><p>Considerando que se mostram adequados os pareceres uniformes da unidade técnica e do MPTCU;</p><p>Considerando, enfim, que, no presente caso concreto, restou evidenciada a ocorrência da prescrição intercorrente, nos termos do art. 8º da Resolução TCU 344/2022, conduzindo ao arquivamento do processo, nos termos do art. 11 da mesma resolução, sem o julgamento de mérito;</p><p>ACORDAM os Ministros do Tribunal de Contas da União, reunidos em Sessão da Segunda Câmara, com fundamento nos arts. 143, inciso V, alínea "a", 169, inciso VI, e 212, do Regimento Interno do TCU, no art. 1º, § 1º, da Lei 9.873/1999 e no art. 11 da Resolução TCU 344/2022, em reconhecer a ocorrência da prescrição para o exercício das pretensões punitiva e de ressarcimento do TCU e arquivar estes autos, sem prejuízo da adoção da providência fixada pelo item 1.7 deste Acórdão.</p><p>1. Processo TC-006.143/2025-3 (TOMADA DE CONTAS ESPECIAL)</p><p>1.1. Responsável: Wanderson Soares Herculano (055.182.357-71).</p><p>1.2. Unidade jurisdicionada: Gerência Executiva do INSS - Duque de Caxias/RJ.</p><p>1.3. Relator: Ministro Augusto Nardes.</p><p>1.4. Representante do Ministério Público: Subprocurador-Geral Paulo Soares Bugarin.</p><p>1.5. Unidade Técnica: Unidade de Auditoria Especializada em Tomada de Contas Especial (AudTCE).</p><p>1.6. Representação legal: não há.</p><p>1.7. Providência: enviar cópia desta deliberação ao responsável e à Gerência Executiva do INSS - Duque De Caxias/RJ, para ciência.</p><p>ACÓRDÃO Nº 4666/2025 - TCU - 2ª Câmara</p><p>Cuidam os autos de Tomada de Contas Especial (TCE) instaurada pelo Fundo Nacional de Saúde/Ministério da Saúde (FNS/MS), em desfavor da Associação Asas de Socorro (ASAS), solidariamente com o Sr. Rocindes José Correa, presidente dessa entidade, em razão da impugnação parcial de despesas do Convênio 4.654/2004, celebrado entre o Ministério da Saúde e a referida associação.</p><p>Considerando que, por meio do Acórdão 5.294/2019-TCU-2ª Câmara (peça 47), este Tribunal, dentre outras deliberações, julgou irregulares as contas da Associação Asas de Socorro, CNPJ 01.052.752/0001-69, e do Sr. Rocindes José Correa, CPF 866.327.608-72, na condição de presidente dessa entidade e os condenou, em solidariedade ao pagamento da dívida e de multa;</p><p>Considerando que foram feitos os lançamentos no Cadastro de Responsáveis por Contas Julgadas Irregulares - Cadirreg de que trata o art 1º, §3º, da Resolução - TCU 241/2011;</p><p>Considerando que, em cumprimento ao Acórdão 5.294/2019-TCU-2ª Câmara (peça 47), foram elaboradas e expedidas as comunicações processuais pertinentes, em conformidade com as disposições legais vigentes;</p><p>Considerando que, conhecido o teor das deliberações exaradas nestes autos até o presente momento, temos que tanto as multas individuais quanto o débito solidário imputados à Associação Asas de Socorro (01.052.752/0001-69) e ao Sr. Rocindes José Correa (866.327.608-72) foram adimplidas, consoante pesquisa empreendida junto a Plataforma de Gestão de Dívida desta Corte; ao Sistema SISGRU (peças 245, 246, 247 e 248) e, por intermédio da análise dos demonstrativos acostados aos autos às peças 242-244;</p><p>Considerando, ainda, os pareceres uniformes da unidade técnica e do Ministério Público junto ao TCU pugnando pela quitação das referidas dívidas;</p><p>Os Ministros do Tribunal de Contas da União, quanto ao processo a seguir relacionado, ACORDAM, por unanimidade, com fundamento no art. 27 da Lei nº 8.443, de 16 de julho de 1992, c/c o art. 218 do Regimento Interno do TCU, em:</p><p>a) expedir quitação à Associação Asas de Socorro (01.052.752/0001-69) e Rocindes José Correa (866.327.608-72), ante a quitação do débito solidário a eles aplicado pelo item 9.1 do Acórdão 3.018/2020-TCU-Plenário (peça 47), consoante pesquisas no Sistema SISGRU (peças 245 e 248) e análise de demonstrativo de débito à peça 242;</p><p>b) expedir quitação à Associação Asas de Socorro (01.052.752/0001-69) ante a quitação da multa a ela aplicada pelo item 9.2 do Acórdão 3.018/2020-TCU-Plenário (peça 47), consoante pesquisas no Sistema SISGRU (peça 246) e análise de demonstrativo de débito à peça 243; e</p><p>c) expedir quitação ao Sr. Rocindes José Correa (866.327.608-72), ante a quitação da multa a ela aplicada pelo item 9.2 do Acórdão 3.018/2020-TCU-Plenário (peça 47), consoante pesquisas no Sistema SISGRU (peça 247) e análise de demonstrativo de débito à peça 244;</p><p>d) arquivar os presentes autos, nos termos do art. 169 do Regimento Interno do TCU.</p><p>1. Processo TC-013.751/2015-8 (TOMADA DE CONTAS ESPECIAL)</p><p>1.1. Responsáveis: Asas de Socorro (01.052.752/0001-69); Rocindes José Correa (866.327.608-72).</p><p>1.2. Unidade Jurisdicionada: Entidades/Órgãos do Governo do Estado de Goiás.</p><p>1.3. Relator: Ministro Augusto Nardes.</p><p>1.4. Representante do Ministério Público: Procurador Marinus Eduardo De Vries Marsico.</p><p>1.5. Unidade Técnica: Unidade de Auditoria Especializada em Tomada de Contas Especial (AudTCE).</p><p>1.6. Representação legal: Bruno Alcântara Coloca (39134/OAB-GO) e Neves Teodoro Rezende de Sousa (28.373/OAB-GO), representando Asas de Socorro; Bruno Alcântara Coloca (39134/OAB-GO) e Neves Teodoro Rezende de Sousa (28.373/OAB-GO), representando Rocindes José Correa.</p><p>1.7. Determinações/Recomendações/Orientações: não há.</p><p>ACÓRDÃO Nº 4667/2025 - TCU - 2ª Câmara</p><p>Trata-se de tomada de contas especial instaurada pelo Conselho Nacional de Desenvolvimento Científico e Tecnológico em desfavor de Amabile Borges Dario, em razão de dano ao erário ocorrido no âmbito do termo de concessão e aceitação de bolsa no país/exterior 237447/2012-6 (peça 6), que tinha por objeto o instrumento descrito como "prevalência e fatores de risco para dor lombar em gêmeos".</p><p>Considerando que mediante o Acórdão 500/2025-TCU-2ª Câmara a responsável teve suas contas julgadas irregulares, com imputação de débito (peça 108);</p><p>Considerando que a responsável apresentou petição (peças 120-121) em que informa sua "impossibilidade financeira" para arcar com o débito a ela imputado, requerendo deste Tribunal autorização para quitar a dívida com "serviços prestados à ciência brasileira, nos moldes em que determina a Portaria 1594/2023 do Conselho Nacional de Desenvolvimento Científico e Tecnológico", ou, alternativamente, a "quitação de 50% do valor da dívida por meio de prestação de serviços à ciência brasileira, nos termos da portaria mencionada, e dos demais 50% por meio de parcelamento em até 120 vezes, em conformidade com a Instrução Normativa CNPq nº 5, de 13/09/2022";</p><p>Considerando que após exame da petição a AudTCE (instrução às peças 126-128) esclarece que as opções oferecidas pela responsável não podem ser acolhidas, por não se adequarem à legislação aplicável aos casos da espécie (cf. razões expostas com detalhes nos itens 41 a 48 da instrução de peça 128);</p><p>Considerando, entretanto, que a unidade técnica rememora que este Tribunal tem autorizado, excepcionalissimamente, o parcelamento em até 120 meses em situações nas quais o pagamento em prazos menores poderia comprometer a subsistência do responsável ou inviabilizar o ressarcimento ao erário, prática fundamentada nos princípios da razoabilidade e do interesse público, buscando viabilizar o pagamento sem os custos e delongas processuais de ações de execução, consoante a jurisprudência que colaciona (itens 49-50 da peça 128);</p><p>Considerando, ademais, que o parcelamento excepcional é acompanhado de condições como a atualização mensal do saldo devedor pela Taxa Selic e a necessidade de comprovação periódica dos pagamentos;</p><p>Considerando, finalmente, a proposta oferecida pela AudTCE, de que o expediente protocolado seja recebido como mera petição, e que seja autorizado, excepcionalmente, o pagamento do valor integral do débito imputado em 120 parcelas, proposta com a qual se manifestou de acordo o Ministério Público que atua junto ao TCU (peça 130);</p><p>Os Ministros do Tribunal de Contas da União, reunidos em Sessão da Segunda Câmara, ACORDAM, por unanimidade, quanto ao processo a seguir relacionado, de acordo com os pareceres emitidos nos autos, em:</p><p>a) receber os documentos de peças 120 e 121 como mera petição, nos termos do art. 50, §3º, da Resolução TCU 259/2014;</p><p>b) autorizar, excepcionalmente, com fundamento no art. 26 da Lei 8.443, de 1992, c/ o art. 267 do Regimento Interno do TCU, o parcelamento da dívida imposta pelo Acórdão 500/2025-TCU-2ª Câmara em até 120 parcelas, incidindo, sobre cada parcela, corrigida monetariamente, os correspondentes acréscimos legais, fixando-lhe o prazo de quinze dias, a contar do recebimento da notificação, para comprovar, perante o Tribunal, o recolhimento da primeira parcela, e de trinta dias, a contar da parcela anterior, para comprovar os recolhimentos das demais parcelas, devendo incidir, sobre cada valor mensal, atualizado monetariamente, os juros de mora devidos, no caso do débito, na forma prevista na legislação em vigor, alertando a responsável de que a falta de comprovação do recolhimento de qualquer parcela importará o vencimento antecipado do saldo devedor, nos termos do § 2º do art. 217 do Regimento Interno deste Tribunal;</p><p>c) comunicar esta decisão à responsável, ao Conselho Nacional de Desenvolvimento Científico e Tecnológico (CNPq) e à Procuradoria da República no Estado de Santa Catarina, para as providências cabíveis.</p><p>1. Processo TC-020.080/2022-0 (TOMADA DE CONTAS ESPECIAL)</p><p>1.1. Responsável: Amabile Borges Dario (040.138.499-33).</p><p>1.2. Unidade Jurisdicionada: Conselho Nacional de Desenvolvimento Científico e Tecnológico (CNPq).</p><p>1.3. Relator: Ministro João Augusto Ribeiro Nardes.</p><p>1.4. Representante do Ministério Público: Procuradora-Geral Cristina Machado da Costa e Silva.</p><p>1.5. Unidade Técnica: Unidade de Auditoria Especializada em Tomada de Contas Especial (AudTCE).</p><p>1.6. Representação legal: Nina Elizabeth Alvares (166071/OAB-MG), Gabriela Pinheiro (234785/OAB-MG) e outros, representando Amabile Borges Dario.</p><p>1.7. Determinações/Recomendações/Orientações: não há.</p><p>ACÓRDÃO Nº 4668/2025 - TCU - 2ª Câmara</p><p>Trata-se de acompanhamento do Acórdão 1.741/2021-TCU-2ª Câmara, que considerou ilegais atos de concessão de aposentadoria da Fundação Universidade Federal do Piauí, em razão da inclusão de parcela judicial concessiva do reajuste relativo a perdas decorrentes da implantação da URP (26,05%).</p><p>Considerando que o Acórdão 1.741/2021-TCU-2ª Câmara, dentre outras deliberações, decidiu considerar revel Lauro Oliveira Viana, superintendente de Recursos Humanos da Fundação Universidade Federal do Piauí, pelo descumprimento do Acórdão 8.328/2017-TCU-2ª Câmara; e aplicar-lhe a multa prevista no art. 58, inciso IV, da Lei 8.443/1992, no valor de R$ 5.000,00 (cinco mil reais);</p><p>Considerando que a sanção cominada ao Sr. Lauro Oliveira Viana, na forma do subitem 9.2 do Acórdão 1741/2021-TCU-2ª Câmara, no montante de R$ 5.000,00 (cinco mil reais), foi deduzida em folha de pagamento da remuneração do referido responsável, nos termos das informações constantes no Relatório de Fichas Financeiras (peças 11-13 e 15);</p><p>Considerando os pareceres uniformes da Unidade Técnica e do Ministério Público junto ao TCU (peças 17-19), pugnando pela quitação da referida dívida;</p><p>Os Ministros do Tribunal de Contas da União, reunidos em sessão da Segunda Câmara, ACORDAM, por unanimidade, com fundamento no art. 27 da Lei 8.443/1992, c/c o art. 218 do Regimento Interno do TCU, em expedir quitação ao Sr. Lauro Oliveira Viana, ante o recolhimento integral da multa que lhe foi cominada por meio do subitem 9.2 do Acórdão 1.741/2021-TCU-2ª Câmara, e apensar os presentes autos ao TC 021.715/2008-9.</p><p>1. Processo TC-010.773/2025-8 (RECOLHIMENTO ADMINISTRATIVO PARCELADO)</p><p>1.1. Responsável: Lauro Oliveira Viana (718.405.753-87).</p><p>1.2. Unidade Jurisdicionada: Fundação Universidade Federal do Piauí.</p><p>1.3. Relator: Ministro Augusto Nardes.</p><p>1.4. Representante do Ministério Público: Procurador Júlio Marcelo de Oliveira.</p><p>1.5. Unidade Técnica: Unidade de Auditoria Especializada em Pessoal (AudPessoal).</p><p>1.6. Representação legal: não há.</p><p>1.7. Determinações/Recomendações/Orientações: não há.</p><p>ACÓRDÃO Nº 4669/2025 - TCU - 2ª Câmara</p><p>Trata-se de representação, com pedido de medida cautelar, a respeito de possíveis irregularidades ocorridas no Pregão Eletrônico (PE) 90003/2025 sob a responsabilidade do Ministério da Saúde, Secretaria de Saúde Indígena, Distrito Sanitário Especial Indígena - Xingu (Dsei/Xingu), com valor estimado de R$ 13.102.336,32, cujo objeto é a contratação de empresa especializada na prestação de serviço continuado de locação de veículos do tipo Pick-Up 4x4 e Van com fornecimento de motoristas (peça 4, p. 1).</p><p>Considerando que a representação preenche os requisitos de admissibilidade constantes no art. 235 do Regimento Interno do TCU, haja vista a matéria ser de competência do Tribunal, referir-se a responsável sujeito a sua jurisdição, estar redigida em linguagem clara e objetiva, conter nome legível, qualificação e endereço do representante, bem como encontrar-se acompanhada de suficientes indícios concernentes à irregularidade ou ilegalidade;</p><p>Considerando que a representante alega, em suma, a violação dos critérios de desempate para Microempresa e da Empresa de Pequeno Porte (ME/EPP), previstos na Lei Complementar 123/2006, requerendo, liminarmente, que seja anulado o suposto ato viciado, e reagendada uma nova sessão pública para apresentação das propostas;</p><p>Considerando que, em relação aos pressupostos para a eventual adoção de medida cautelar, verifica-se que está configurado o perigo da demora, mas seria inconclusiva a análise sobre o perigo da demora reverso, de modo que se impõe seu indeferimento;</p><p>Considerando que não há plausibilidade jurídica das alegações da representante, tendo em vista que, no caso em análise, não deveriam ser aplicadas as disposições constantes nos arts. 42 a 49 da LC 123/2006, na medida em que o valor estimado era superior à receita bruta máxima admitida para fins de enquadramento como EPP, conforme decisão do Pregoeiro, de modo que, quanto ao mérito, a presente representação é improcedente;</p><p>Considerando as propostas uniformes da unidade técnica (peça 11);</p><p>Os Ministros do Tribunal de Contas da União, reunidos em sessão de 2ª Câmara, ACORDAM, por unanimidade, com fundamento no art. 170, § 4º, da Lei 14.133/2021, c/c os arts. 235 e 237, VII, do Regimento Interno deste Tribunal, no art. 103, § 1º, da Resolução - TCU 259/2014, em conhecer da presente representação, para, no mérito, considerá-la improcedente, indeferir o pedido de medida cautelar, ante a inexistência dos pressupostos necessários à sua concessão, sem prejuízo das providências descritas no subitem 1.7 desta deliberação.</p><p>1. Processo TC-006.878/2025-3 (REPRESENTAÇÃO)</p><p>1.1. Representante: Pantanal Locadora de Automóveis Ltda. (10.596.241/0001-07)</p><p>1.2. Unidade Jurisdicionada: Ministério do Turismo.</p><p>1.3. Relator: Ministro Augusto Nardes.</p><p>1.4. Representante do Ministério Público: não atuou.</p><p>1.5. Unidade Técnica: Unidade de Auditoria Especializada em Contratações (AudContratações).</p><p>1.6. Representação legal: Emerson Alves Pereira e Crislaine Calzavara Mesquita (25745/B/OAB-MT), representando Pantanal Locadora de Automoveis Ltda.</p><p>1.7. Providências:</p><p>1.7.1. dar ciência desta deliberação ao Distrito Sanitário Especial Indígena - Xingu (Dsei/Xingu) e à representante;</p><p>1.7.2. arquivar os presentes autos, nos termos do art. 250, I, c/c art. 169, V, do Regimento Interno/TCU.</p><p>ACÓRDÃO Nº 4670/2025 - TCU - 2ª Câmara</p><p>Trata-se de representação encaminhada pelo Ministério Público junto ao Tribunal de Contas da União (MPTCU), requerendo que esta Corte examine a regularidade, o cumprimento e a efetividade do contrato de gestão celebrado entre a União, por intermédio do Ministério do Turismo ( MTur) e a Agência Brasileira de Promoção Internacional do Turismo (Embratur), especialmente no que se refere à área de seleção de pessoal, quanto à observância dos princípios da legalidade, da impessoalidade, da moralidade, da publicidade, da eficiência e da economicidade, bem como à constitucionalidade do modelo adotado para a criação desse serviço social autônomo, nos termos da Lei 14.002/2020.</p><p>Considerando que os questionamentos do representante foram divididos em quatro temas: i) constitucionalidade do modelo da Embratur de serviço social; ii) recursos para o custeio da Embratur; iii) cumprimento das metas pactuadas no Contrato de Gestão; e iv) seleção de pessoal da Embratur.</p><p>Considerando que, em relação à primeira questão, a AudSustentabilidade verificou que a Embratur possui as características de serviço social atípico, conforme entendimento do STF (RE 789.874/DF, min. Teori Zavascki), assemelhando-se à Apex-Brasil (Agência de Promoção de Exportações do Brasil) e à ABDI (Agência Brasileira de Desenvolvimento Industrial), entendendo não existir irregularidade no modelo de criação e atuação da Embratur por intermédio da Lei 14.002/2020;</p><p>Considerando que, no que se refere ao segundo ponto, a unidade técnica concluiu que a Embratur dispõe de meios financeiros para garantir o seu funcionamento, não havendo, até o instante, risco imediato de descontinuidade, contudo, alertou que a situação pode mudar caso novas fontes, como a Lei das Superbets, não sejam confirmadas, destacando a elevada participação da União no custeio da Agência, estimada em cerca de 33% no presente exercício;</p><p>Considerando que, quanto ao cumprimento das metas pactuadas no Contrato de Gestão 1/2020, a AudSustentabilidade constatou que tanto a Embratur quanto o MTur elaboraram os relatórios de desempenho e avaliação previstos no ajuste, no entanto, o relatório de avaliação anual de 2023 e o de monitoramento relativo ao 1º semestre de 2024, de responsabilidade da Comissão de Orientação, Avaliação e Acompanhamento (COA), foram entregues fora do prazo pactuado, motivo pelo qual propôs dar ciência ao MTur da falha verificada;</p><p>Considerando o registro da análise técnica, que verificou, ainda, que a COA não emitiu parecer acerca do relatório global de avaliação apresentado pela Embratur em março/2024, ponderando, todavia, que essa situação decorreu de simples erro na formalização do 2º termo aditivo ao Contrato de Gestão 1/2020, que procedeu à alteração de vigência do acordo, de 30/4/2024 para 30/5/2025, sem, no entanto, modificar os prazos previstos para entrega e avaliação do mencionado relatório, motivo pelo qual, considerando tratar-se de mera falha formal, propõe dar ciência ao MTur do erro apontado;</p><p>Considerando que, no que tange à seleção de pessoal da Embratur, a AudSustentabilidade verificou que a demora para a realização de processo seletivo deveu-se a dois fatores: a) imprevisibilidade de receitas da Agência; e b) previsão expressa no Plano de Gestão de Pessoal da Embratur no sentido de que o preenchimento dos cargos efetivos só ocorreria a partir de 2023, assinalando, contudo, que esse atraso não causou prejuízos financeiros à Entidade;</p><p>Considerando que, em relação ao processo seletivo 1/2004, a unidade técnica apurou duas ocorrências que devem ser objeto de ciência à entidade para evitar sua repetição, quais sejam: a) falhas na publicação no Diário Oficial da União do extrato do edital do certame; e b) ausência de divulgação dos nomes dos candidatos na publicação dos resultados do referido processo seletivo;</p><p>Considerando que, sobre o quadro de pessoal da Embratur, duas ocorrências foram reportadas: a) classificação do cargo de Auxiliar Administrativo como cargo de confiança; e b) quantidade excessiva de cargos de confiança (em especial, de assessores) no quadro de pessoal da Embratur;</p><p>Considerando que, em relação à primeira ocorrência, a unidade técnica considerou irregular a situação, tendo em vista os entendimentos deste TCU (Acórdão 1.918/2022-TCU-Plenário, Ministro-Substituto Augusto Sherman e Acórdão 2.952/2021-TCU-Plenário, Ministro Benjamin Zymler, entre outros) e do STF (RE 1.041.210 RG/SP, da relatoria do Ministro Dias Toffoli, julgado pelo Tribunal Pleno em 27/9/2018), propondo a expedição de determinação à Embratur;</p><p>Considerando que, quanto à segunda, a AudSustentabilidade entendeu que a possibilidade de que 50% dos cargos da Embratur sejam ocupados sem processo seletivo, conforme previsto no PCCS da instituição, ofende aos princípios constitucionais do concurso público (art. 37, II, CF); da isonomia (art. 5, caput, da CF), do interesse público e da proporcionalidade, propondo a expedição de determinação à Embratur.</p><p>Os Ministros do Tribunal de Contas da União, reunidos em Sessão de Segunda Câmara, ACORDAM, ante as razões do relator, por unanimidade, em: conhecer da presente representação, satisfeitos os requisitos de admissibilidade previstos nos arts. 235 e 237, inciso I, do Regimento Interno deste Tribunal, e no art. 103, § 1º, da Resolução-TCU 259/2014, para, no mérito, considerá-la parcialmente procedente, sem prejuízo da adoção das providências registradas no item 1.7 deste acórdão.</p><p>1. Processo TC-010.103/2024-4 (REPRESENTAÇÃO)</p><p>1.1. Representante: Ministério Público junto ao Tribunal de Contas da União (MPTCU), o Subprocurador-Geral Lucas Rocha Furtado.</p><p>1.2. Unidade Jurisdicionada: Agência Brasileira de Promoção Internacional do Turismo (Embratur).</p><p>1.3. Relator: Ministro Augusto Nardes.</p><p>1.4. Representante do Ministério Público: não atuou.</p><p>1.5. Unidade Técnica: Unidade de Auditoria Especializada em Agricultura, Meio ambiente e Desenvolvimento Sustentável (AudSustentabilidade).</p><p>1.6. Representação legal: não há.</p><p>1.7. Providências:</p><p>1.7.1. dar ciência ao Ministério do Turismo, com fundamento no art. 9º da Resolução-TCU 315/2020, que:</p><p>1.7.1.1. em relação ao relatório de avaliação anual relativo ao exercício de 2023 e ao relatório de monitoramento relativo ao 1º semestre de 2024, elaborados pela Comissão de Orientação, Avaliação e Acompanhamento, verificou-se a não observância aos prazos previstos para a emissão dos mencionados pareceres, conforme preconizado no arts. 17 e da Lei 14.002/2020, no art. 18 do Decreto 10.172/2019 e nas cláusulas quinta, inciso II, alínea "b", e décima quinta, parágrafo quinto, alínea "a", do Contrato de Gestão 1/2020 (com a redação dada pelo 1º Termo Aditivo;</p><p>1.7.1.2. na formalização do segundo termo aditivo ao contrato de gestão 1/2020, celebrado com a Embratur, constatou-se a não compatibilização do novo término da vigência contratual, 30/4/2025, com os prazos previstos para apresentação, respectivamente, pela Embratur e pelo MTur, do relatório global de avaliação e do parecer de avaliação conclusiva, como disposto nos parágrafos nono e décimo, cláusula décima quinta do ajuste;</p><p>1.7.2. dar ciência à Embratur, com fundamento no art. 9º da Resolução-TCU 315/2020, que:</p><p>1.7.2.1. ao analisar o extrato do edital do processo seletivo 1/2024, publicado no DOU de 22/7/2024 (edição: 139, seção: 3, página: 172), verificaram-se as seguintes ocorrências: título incorreto da publicação; e ii) ausência de informação sobre o acesso ao edital completo, não observando o princípio da publicidade, previsto no art. 37 da Constituição Federal;</p><p>1.7.2.2. no processo seletivo 1/2024, organizado pela Fapetec, constatou-se a não divulgação do nome dos candidatos aprovados em cada fase do certame, em inobservância aos princípios constitucionais da publicidade e da transparência (art. 37, CF) e ao Acórdão 7.436/2018-TCU-2ª Câmara, min. Augusto Nardes;</p><p>1.7.3. determinar à Embratur, com fundamento no art. 4º da Resolução-TCU 315/2020, que, no prazo de 180 dias:</p><p>1.7.3.1. proceda à revisão do seu Plano de Cargos, Carreiras e Salários para ajustá-lo aos entendimentos deste TCU (Acórdão 1.918/2022-TCU-Plenário, Ministro-Substituto Augusto Sherman e Acórdão 2.952/2021-TCU-Plenário, Ministro Benjamin Zymler, entre outros) e do STF (RE 1.041.210 RG/SP, da relatoria do min. Dias Toffoli, julgado pelo Tribunal Pleno em 27/9/2018) em relação ao cargo de "Auxiliar Administrativo"; e</p><p>1.7.3.2. realize estudos técnicos para subsidiar alteração em seu Plano de Cargos, Carreiras e Salários, visando corrigir a distorção na relação de cargos em comissão/cargos efetivos, visando dar concretude aos princípios constitucionais da impessoalidade (art. 37), isonomia (art. 5, caput, da CF), do interesse público e da proporcionalidade;</p><p>1.7.4. arquivar os presentes autos.</p><p>ACÓRDÃO Nº 4671/2025 - TCU - 2ª Câmara</p><p>Os Ministros do Tribunal de Contas da União, reunidos em sessão de 2ª Câmara, quanto ao processo a seguir relacionado, ACORDAM, por unanimidade, com fundamento nos arts. 232, 235 e 237 do Regimento Interno do TCU c/c o art. 103, § 1º, da Resolução - TCU 259/2014, em não conhecer da representação, por não atender aos requisitos de admissibilidade, e em determinar seu arquivamento, após ciência do teor desta deliberação ao representante.</p><p>1. Processo TC-014.116/2025-1 (REPRESENTAÇÃO)</p><p>1.1. Representante: Deputado Federal Gustavo Gayer Machado de Araújo</p><p>1.2. Órgão/Entidade: Instituto Nacional do Seguro Social.</p><p>1.3. Relator: Ministro Augusto Nardes.</p><p>1.4. Representante do Ministério Público: não atuou.</p><p>1.5. Unidade Técnica: Unidade de Auditoria Especializada em Previdência, Assistência e Trabalho (AudBenefícios).</p><p>1.6. Representação legal: não há.</p><p>1.7. Determinações/Recomendações/Orientações: não há.</p><p>ACÓRDÃO Nº 4672/2025 - TCU - 2ª Câmara</p><p>Os Ministros do Tribunal de Contas da União, reunidos em Sessão de 2ª Câmara, ACORDAM, por unanimidade, com fundamento nos arts. 143, incisos III e V, alínea "a"; 235 e 237, VII, do Regimento Interno deste Tribunal, e no art. 103, § 1º, da Resolução - TCU 259/2014, em conhecer da presente representação, para, no mérito, considerá-la parcialmente procedente; indeferir o pedido de concessão de medida cautelar formulado pelo representante, tendo em vista a inexistência dos elementos necessários para sua adoção, sem prejuízo das providências descritas no subitem 1.7 desta deliberação.</p><p>1. Processo TC-014.144/2025-5 (REPRESENTAÇÃO)</p><p>1.1. Representante: Siqueiras Editora e Comércio de Som Ltda - ME (CNPJ: 28.596.955/0001-72)</p><p>1.2. Órgão/Entidade: Caixa Econômica Federal.</p><p>1.3. Relator: Ministro Augusto Nardes.</p><p>1.4. Representante do Ministério Público: não atuou.</p><p>1.5. Unidade Técnica: Unidade de Auditoria Especializada em Contratações (AudContratações).</p><p>1.6. Representação legal: Leonardo Thiago Schelhan Campos Siqueira, representando Siqueiras Editora e Comercio de Som Ltda - Me.</p><p>1.7. Determinações/Recomendações/Orientações:</p><p>1.7.1. dar ciência à Caixa Econômica Federal, com fundamento no art. 9º, inciso I, da Resolução - TCU 315/2020, sobre a seguinte impropriedade/falha, identificada na LC 248/2024, para que sejam adotadas medidas internas com vistas à prevenção de outras ocorrências semelhantes:</p><p>1.7.1.1. a imposição de que a aplicação de percentual de redução do preço incida de forma linear sobre os preços unitários propostos na planilha orçamentária, prevista no item 7.11 do edital, ainda que prevista como obrigatória em situações específicas, a exemplo do art. 54, § 4º, inc. II, da Lei 13.303/2016 (licitações de obras e serviços de engenharia), não pode ser aplicada no certame em tela, uma vez que as referidas planilhas continham rubricas obrigatórias de salários e encargos sociais, cujos valores estão previstos em normas legais e em convenções coletivas de trabalho e não podem ser reduzidas;</p><p>1.7.2. dar ciência desta deliberação à Caixa Econômica Federal e ao representante;</p><p>1.7.3. arquivar os presentes autos, nos termos art. 169, V, do Regimento Interno/TCU.</p><p>ACÓRDÃO Nº 4673/2025 - TCU - 2ª Câmara</p><p>Trata-se de representação, com pedido de cautelar, a respeito de possíveis irregularidades ocorridas no Instituto Nacional do Seguro Social (INSS), relacionadas aos atos de gestão que, em desrespeito à legislação vigente e aos princípios constitucionais, buscaram represar a concessão de benefícios previdenciários com o objetivo de desacelerar os gastos públicos.</p><p>Considerando que os representantes informam, ainda, que o INSS, sob orientação do governo federal, teria agido para priorizar ações de revisão e pente-fino, deixando em segundo plano os pedidos iniciais de concessão de aposentadoria, pensões, licenças e auxílios;</p><p>Considerando que a representação preenche os requisitos de admissibilidade constantes no art. 235 do Regimento Interno do TCU, haja vista a matéria ser de competência do Tribunal, referir-se a responsável sujeito a sua jurisdição, estar redigida em linguagem clara e objetiva, conter nome legível, qualificação e endereço dos representantes, bem como encontrar-se acompanhada do indício concernente à irregularidade ou ilegalidade;</p><p>Considerando, ainda, conforme dispõe o art. 103, § 1º, in fine, da Resolução TCU 259/2014, que se verifica a existência do interesse público no trato da suposta irregularidade/ilegalidade, vez que o represamento na análise e concessão de benefícios previdenciários e assistenciais poderia comprometer o regular exercício do direito dos beneficiários, configurando possível afronta à legalidade e à efetividade das políticas públicas de seguridade social;</p><p>Considerando que os representantes instruíram a presente representação com base em notícia veiculada no jornal Folha de S. Paulo, de 25/6/2025, segundo a qual o governo federal, por meio da casa Civil e do Ministério da Fazenda, teria orientado o INSS a priorizar a revisão de benefícios e a apuração, com a intenção de conter os gastos com benefícios previdenciários;</p><p>Considerando o pedido de medida cautelar, inaudita altera pars, para o Tribunal determinar, até a decisão de mérito, que o INSS se abstenha de priorizar ações de revisão e pente-fino em detrimento da análise de novos pedidos de benefícios, bem como que, no mérito, o TCU reconheça as irregularidades, responsabilizando os gestores e dirigentes, aplicando as sanções legais; Considerando que a unidade técnica (peças 5-7), no presente caso, não verificou a existência do fumus boni iuris, vez que não há elementos concretos que evidenciem a prática de irregularidade nas ações administrativas voltadas à priorização circunstancial da revisão e do processo de apuração de irregularidades em benefícios (pente-fino), ainda que em eventual detrimento da análise de requerimentos iniciais de concessão de aposentadoria, pensões, licenças e auxílios.</p><p>Considerando que que a mera menção ao aumento da fila de espera, por si só, não se revelaria suficiente para justificar a concessão de medida cautelar para que o INSS se abstenha de adotar determinada estratégia de gestão, notadamente, quando se trata de ato discricionário da Administração Pública;</p><p>Considerando, ademais, que a Medida Provisória 1.296/2025 tem como objetivo prioritário viabilizar a realização das reavaliações e das revisões de benefícios previdenciários e assistenciais, enquanto, na mesma linha, a Lei 14.724/2023, tinha como objetivo reduzir o tempo de análise de processos administrativos de reconhecimento inicial, de manutenção, de revisão, de recurso, de monitoramento operacional de benefícios e de avaliação social de benefícios administrados pelo Instituto Nacional do Seguro Social (INSS);</p><p>Considerando que, no que se refere ao periculum in mora, não há urgência da medida cautelar, pois não se vislumbra grave ameaça ao interesse público ou risco de ineficácia da decisão de mérito, caso a medida não seja aplicada.</p><p>Considerando, outrossim, que o TCU não possui competência para interferir diretamente em escolhas discricionárias que estejam dentro da margem de liberdade administrativa prevista em lei, salvo quando houver evidências de ilegalidade, desvio de finalidade ou afronta aos princípios da administração pública;</p><p>Considerando que, por meio dos Acórdãos 1.113/2023 e 520/2024, ambos do Plenário, o TCU determinou ao INSS a elaboração de um plano de ação voltado à realização de revisões periódicas dos benefícios, com o objetivo de assegurar maior tempestividade no acompanhamento desses processos, e, no Acórdão 2.197/2024-Plenário, o TCU recomendou que o INSS adotasse medidas concretas de modo a reduzir o tempo para apuração de indícios de irregularidades nos benefícios concedidos;</p><p>Considerando que tramita neste Tribunal o monitoramento do Acórdão 2.150/2023-Plenário, o qual determinou ao INSS a adoção de medidas para melhorar o controle da fila de concessão de benefícios, com foco na redução de atrasos, transparência nos prazos e aprimoramento da gestão e tecnologia; bem como a apresentação de plano de ação com medidas concretas para garantir a tempestividade e eficiência no atendimento ao cidadão.</p><p>Considerando que o TCU já vem atuando, no âmbito de sua competência, com o objetivo de contribuir para a melhoria da gestão da fila de concessão de benefícios, sem, contudo, interferir em decisões discricionárias próprias da administração do INSS;</p><p>Considerando as propostas uniformes da Unidade de Auditoria Especializada em Previdência, Assistência e Trabalho (AudBenefícios) no sentido de conhecer da presente representação, para, no mérito, considerá-la improcedente, indeferir a concessão da medida cautelar, e arquivar estes autos;</p><p>Os Ministros do Tribunal de Contas da União, reunidos em sessão de 2ª Câmara, ACORDAM, por unanimidade, com fundamento nos arts. 143, incisos III e V, alínea "a", 235 e 237, inciso III, do Regimento Interno deste Tribunal, e no art. 103, § 1º, da Resolução TCU 259/2014, em conhecer desta representação para, no mérito, considerá-la improcedente; indeferir o pedido de medida cautelar, tendo em vista a inexistência dos pressupostos necessários para adoção da referida medida, sem prejuízo das providências descritas no subitem 1.7 desta deliberação.</p><p>1. Processo TC-014.238/2025-0 (REPRESENTAÇÃO)</p><p>1.1. Representantes: Deputados Federais Adriana Ventura, Luiz Lima, Marcel van Hattem Gilson Marques e Ricardo Salles, e Senador Eduardo Girão.</p><p>1.2. Unidade Jurisdicionada: Instituto Nacional do Seguro Social (INSS).</p><p>1.3. Relator: Ministro Augusto Nardes.</p><p>1.4. Representante do Ministério Público: não atuou.</p><p>1.5. Unidade Técnica: Unidade de Auditoria Especializada em Previdência, Assistência e Trabalho (AudBenefícios).</p><p>1.6. Representação legal: não há.</p><p>1.7. Providências:</p><p>1.7.1. comunicar esta deliberação ao INSS, ao Ministério da Previdência Social e aos representantes;</p><p>1.7.2. arquivar os presentes autos, nos termos do art. 237, parágrafo único, c/c o art. 250, inciso I, do Regimento Interno do TCU.</p><p>ACÓRDÃO Nº 4674/2025 - TCU - 2ª Câmara</p><p>Trata-se de representação, formulada Deputado Federal Nikolas Ferreira de Oliveira, sobre possíveis irregularidades envolvendo os recursos do Seguro-Desemprego Pescador Artesanal, conhecido também como seguro-defeso.</p><p>Considerando que o representante informa que dados oficiais e reportagens jornalísticas indicam o pagamento de benefícios a milhares de pessoas que não exercem atividade pesqueira, com indícios de fraudes nos registros do Registro Geral da Pesca (RGP), crescimento desproporcional de cadastros entre 2022 e 2025 e possível envolvimento de entidades conveniadas já investigadas anteriormente. Acrescenta que os pagamentos irregulares podem alcançar R$ 5,9 bilhões, em 2024, gerando expressivo impacto orçamentário e evidenciando falhas nos mecanismos de controle, fiscalização e governança do programa;</p><p>Considerando que, quanto ao crescimento desproporcional de registros no RGP em curto espaço de tempo, a representação aponta que, entre 2022 e maio de 2025, o número de inscritos no RGP aumentou de forma abrupta, passando de cerca de 1 milhão para 1,7 milhão de registros ativos. Aduz que esse acréscimo de 70% não foi acompanhado de alteração normativa ou por crescimento na produção pesqueira no país. Pelo contrário, dados do IBGE e do próprio Ministério da Pesca indicam que os volumes anuais de pescado se mantiveram estáveis ou em queda no período;</p><p>Considerando o registro da AudBenefícios, dando conta de que, no TCU, no âmbito do processo TC 000.890/2025, está em andamento auditoria na modalidade operacional, como aspectos de conformidade, para avaliar se o benefício do Seguro-Desemprego Pescador Artesanal cumpre seus objetivos, analisando os principais controles existentes e a conformidade dos pagamentos;</p><p>Considerando, ainda, o registro da AudBenefícios de que, ao adentrar nas questões da auditoria citada, verifica-se que, praticamente, todos os indícios de irregularidade apontados nesta representação estão sendo averiguados pelo Tribunal;</p><p>Considerando a proposta unânime da AudBenefícios, no sentido de que o Tribunal não se manifeste sobre a procedência desta representação, uma vez que o assunto já está sendo tratado no âmbito do TC-000.890/2025-1, determinando-se o apensamento dos presentes autos àquele processo de fiscalização.</p><p>Os Ministros do Tribunal de Contas da União, reunidos em Sessão de 2ª Câmara ACORDAM, por unanimidade, em conhecer da representação, satisfeitos os requisitos de admissibilidade constantes nos arts. 235 e 237, inciso III, do Regimento Interno deste Tribunal, e no art. 103, § 1º, da Resolução-TCU 259/2014 e apensar os presentes autos ao TC 000.890/2025-1, nos termos dos arts. 36 e 40, inciso III, da Resolução-TCU 259/2014, como subsídios adicionais àquela fiscalização, sem prejuízo das providências constantes do subitem 1.6.1 deste acórdão.</p><p>1. Processo TC-014.460/2025-4 (REPRESENTAÇÃO)</p><p>1.1. Unidades Jurisdicionadas: Ministério do Trabalho e Emprego, Ministério da Pesca e Aquicultura e Instituto Nacional do Seguro Social.</p><p>1.2. Relator: Ministro Augusto Nardes.</p><p>1.3. Representante do Ministério Público: não atuou.</p><p>1.4. Unidade Técnica: Unidade de Auditoria Especializada em Previdência, Assistência e Trabalho (AudBenefícios).</p><p>1.5. Representação legal: Kayki Tawan Rodrigues Macedo Acrux (210152/OAB-MG) e Isabela Costa Monteiro de Barros (198260/OAB-MG), representando Nikolas Ferreira de Oliveira.</p><p>1.6. Determinações/Recomendações/Orientações:</p><p>1.6.1. informar ao Ministério do Trabalho e Emprego, Ministério da Pesca e Aquicultura, Instituto Nacional do Seguro Social e ao representante sobre a presente decisão.</p><p>ACÓRDÃO Nº 4675/2025 - TCU - 2ª Câmara</p><p>Trata-se de representação formulada pelo Deputado Federal Nikolas Ferreira de Oliveira (PL/MG) sobre de possíveis irregularidades na destinação de R$ 1,4 bilhão de recursos federais a seis cidades governadas pelo Partido dos Trabalhadores (PT), com base em informações constantes de reportagens do Portal Uol e da Revista Oeste.</p><p>Considerando que o nobre representante requer:</p><p>a) suspensão imediata da destinação de verbas públicas para seis cidades (Araraquara-SP, Diadema-SP, Hortolândia-SP, Mauá-SP, Cabo Frio-RJ e Belford Roxo-RJ), em face de possíveis irregularidades na alocação dos recursos, até que as questões controvertidas apontadas sejam devidamente apuradas;</p><p>b) abertura de um processo de fiscalização e auditoria sobre a destinação de aproximadamente R$ 1,4 bilhão em verbas para cidades e municípios que são administrados por aliados políticos do atual presidente da República, bem como a conformidade do processo com a legislação vigente, responsabilizando os envolvidos, ao final, se for o caso, por improbidade administrativa;</p><p>Considerando, à luz dos fatos relevantes trazidos à baila por matéria veiculada pela Revista Oeste, que a alocação de recursos que teria beneficiado as mencionadas seis cidades no estado do Rio de Janeiro "não teria justificativas hábeis, técnicas e tampouco detalhadas";</p><p>Considerando que o representante entende ser urgente a atuação do TCU, por meio de adoção de medida cautelar com base no art. 279 do RITCU, para suspensão imediata da transferência/alocação das verbas públicas em favor das referidas cidades;</p><p>Considerando que, consoante o art. 276 do RITCU, o Relator poderá, em caso de urgência, de fundado receio de grave lesão ao Erário, ao interesse público, ou de risco de ineficácia da decisão de mérito, de ofício ou mediante provocação, adotar medida cautelar, determinando a suspensão do procedimento impugnado, até que o Tribunal julgue o mérito da questão;</p><p>Considerando que tal providência deverá ser adotada quando presentes os pressupostos do fumus boni iuris e do periculum in mora, bem como ausente o pressuposto do periculum in mora ao reverso;</p><p>Considerando que, ao verificar a representação, bem como as reportagens citadas, embora haja indícios de irregularidades, esses não são suficientes para caracterizar a presença do fumus boni iuris, pois não há comprovação do que foi apresentado e nem o necessário detalhamento das informações;</p><p>Considerando que está presente o pressuposto do periculum in mora ao reverso, pois como a maior parte dos recursos foram direcionados à área da saúde, a concessão da cautelar para suspender a destinação das verbas públicas pode causar sérios prejuízos à população das cidades atendidas e comprometer o funcionamento de serviços públicos essenciais;</p><p>Considerando que a unidade técnica especializada propõe o indeferimento da adoção de medida cautelar para a suspensão imediata da destinação de verbas públicas para as mencionadas cidades, uma vez que há o potencial de as consequências negativas da concessão da cautelar serem maiores do que os benefícios dela advindos;</p><p>Considerando que a reportagem traz indícios de que estão sendo realizadas transferências de recursos federais aos munícipios com irregularidades ou ilegalidades relacionadas à violação aos princípios da supremacia do interesse público, da impessoalidade, da eficiência, da equidade, do planejamento orçamentário, dentre outros;</p><p>Considerando que, a fim de se verificar a regularidade das transferências tratadas na representação, é necessário identificar a modalidade dos repasses de recursos, bem como, quando possível, o detalhamento das despesas executadas, e que tais informações não constam da representação e das matérias citadas;</p><p>Considerando a conclusão da Unidade de Auditoria Especializada em Orçamento, Tributação e Gestão Fiscal (AudFiscal) no sentido que as informações constantes dos autos não são suficientes para a análise de mérito da presente representação, razão pela qual se faz necessária a realização de diligências para que os principais ministérios envolvidos, Ministério da Saúde, Ministério das Cidades e Ministério da Educação, apresentem os valores efetivamente transferidos nos exercícios de 2023 e 2024, as respectivas modalidades de transferências, o detalhamento das despesas executadas e os critérios técnicos que justificaram a alocação dos recursos;</p><p>Considerando que a presente representação preenche os requisitos de admissibilidade constantes no art. 235 do Regimento Interno do Tribunal de Contas da União (RITCU);</p><p>ACORDAM os ministros do Tribunal de Contas da União, reunidos em sessão da Segunda Câmara, por unanimidade, de acordo com os pareceres emitidos nos autos (peças 6- 7) e com fundamento nos arts. 143, incisos III e V, alínea "c", 157, 235 e 237, inciso III, do Regimento Interno deste Tribunal e no art. 103, § 1º, da Resolução-TCU 259/2014, em conhecer desta representação, pois satisfeitos os requisitos de admissibilidade inerentes à espécie, e indeferir o pedido de medida cautelar, inaudita altera pars, formulado pelo representante, tendo em vista a ausência do pressuposto do fumus bonis iuris e a existência do pressuposto do periculum in mora ao reverso, sem prejuízo da adoção das medidas consignadas no item 1.7 deste acórdão.</p><p>1. Processo TC-020.717/2024-5 (REPRESENTAÇÃO)</p><p>1.1. Representante: Deputado Federal Nikolas Ferreira de Oliveira (PL/MG).</p><p>1.2. Unidade Jurisdicionada: Ministério do Planejamento e Orçamento.</p><p>1.3. Relator: Ministro Augusto Nardes.</p><p>1.4. Representante do Ministério Público: não atuou.</p><p>1.5. Unidade Técnica: Unidade de Auditoria Especializada em Orçamento, Tributação e Gestão Fiscal (AudFiscal).</p><p>1.6. Representação legal: não há.</p><p>1.7. Providências:</p><p>1.7.1. diligenciar o Ministério da Saúde, Ministério das Cidades e Ministério da Educação para que apresentem, no prazo de 15 (quinze) dias, as seguintes informações/documentos:</p><p>1.7.1.1. valores efetivamente repassados, e os respectivos instrumentos (no caso de convênios e contratos de repasse) e modalidades de transferência, em bases mensais, nos exercícios de 2023 e 2024, aos municípios de Araraquara-SP, Diadema-SP, Hortolândia-SP, Mauá-SP, Cabo Frio-RJ e Belford Roxo-RJ, com as devidas justificativas, os respectivos critérios técnicos utilizados para a alocação desses recursos e a documentação comprobatória, informando os valores globais, os valores empenhados e os valores efetivamente transferidos às citadas municipalidades;</p><p>1.7.1.2. demais documentos ou informações que se mostrarem necessários a comprovar a legalidade e regularidade nas transferências de recursos federais aos munícipios de Araraquara-SP, Diadema-SP, Hortolândia-SP, Mauá-SP, Cabo Frio-RJ e Belford Roxo-RJ, realizadas nos exercícios de 2023 e 2024;</p><p>1.7.2. encaminhar cópia da presente deliberação e da instrução de peça 6 ao Ministério da Saúde, ao Ministério das Cidades, ao Ministério da Educação, de maneira a embasar a resposta à diligência;</p><p>1.7.3. comunicar esta deliberação ao representante;</p><p>1.7.4. restituir os autos à AudFiscal, para adoção das providências e análise de mérito.</p><p>ACÓRDÃO Nº 4676/2025 - TCU - 2ª Câmara</p><p>Trata-se de representação formulada pela Edcon Comércio e Construções Ltda., com amparo legal no §1º do art. 113 da Lei 8.666/1993, alegando possíveis ilegalidades e arbitrariedades cometidas pela Universidade Federal do Rio Grande do Norte (UFRN), na Concorrência 14/2013-DMP.</p><p>Considerando que, por meio do Acórdão 1.178/2015-2ª Câmara, o Tribunal decidiu considerar a presente representação procedente e arquivar os autos, sem prejuízo de determinações e audiências aos responsáveis;</p>]]></Texto>
  </body>
  <Midias />
</article></xml>