﻿<xml><article id="44745813" name="ATA 26 - 2C_003" idOficio="11191910" pubName="DO1" artType="Ata" pubDate="04/08/2025" artClass="00067:00013:00000:00000:00000:00000:00000:00000:00000:00000:00005:00000" artCategory="Tribunal de Contas da União/2ª Câmara" artSize="12" artNotes="" numberPage="186" pdfPage="http://pesquisa.in.gov.br/imprensa/jsp/visualiza/index.jsp?data=04/08/2025&amp;jornal=515&amp;pagina=186" editionNumber="145" highlightType="" highlightPriority="" highlight="" highlightimage="" highlightimagename="" idMateria="22949380">
  <body>
    <Identifica />
    <Data><![CDATA[]]></Data>
    <Ementa />
    <Titulo />
    <SubTitulo />
    <Texto><![CDATA[<p>2. Grupo I - Classe de Assunto: II - Tomada de Contas Especial.</p><p>3. Interessados/Responsáveis:</p><p>3.1. Interessado: Fundo Nacional de Saúde - MS (00.530.493/0001-71).</p><p>3.2. Responsáveis: Antônio Moaci Pereira de Santana (223.452.991-34); Maria da Conceição Carvalho Santiago (067.421.143-04); Nelio Maciel da Silva (268.327.043-72); Município de Fernando Falcão - MA (01.612.667/0001-08); Sandra Maria Ferreira Santos (012.437.873-09).</p><p>4. Órgão/Entidade: Município de Fernando Falcão - MA.</p><p>5. Relator: Ministro Aroldo Cedraz.</p><p>6. Representante do Ministério Público: Procurador Rodrigo Medeiros de Lima.</p><p>7. Unidade Técnica: Unidade de Auditoria Especializada em Tomada de Contas Especial (AudTCE).</p><p>8. Representação legal: Antônia Apoena Rejane da Silva Ribeiro Mendonca (14618/OAB-MA), representando Nelio Maciel da Silva; Antônia Apoena Rejane da Silva Ribeiro Mendonca (14618/OAB-MA), representando Antônio Moaci Pereira de Santana; Anthony Yuri Foly Barbosa Ribeiro (17850/OAB-MA), representando Município de Fernando Falcão - MA.</p><p>9. Acórdão:</p><p>VISTOS, relatados e discutidos estes autos de Tomada de Contas Especial (TCE) instaurada pelo Fundo Nacional de Saúde - MS (FNS), em desfavor do Município de Fernando Falcão/MA, em razão da ausência de comprovação da execução de ações inerentes ao Programa Saúde na Escola, o qual deveria ter apresentado a documentação comprobatória, bem como ausência de registros dos atendimentos e produção, evidenciando a falta de profissional médico em uma equipe de Saúde da Família por período superior a 60 dias, máximo permitido pela legislação;</p><p>ACORDAM os Ministros do Tribunal de Contas da União, reunidos em Sessão de 2ª Câmara, diante das razões expostas pelo Relator, em:</p><p>9.1. considerar revéis as responsáveis Maria da Conceição Santiago Almeida e Sandra Maria Ferreira Santos, para todos os efeitos, dando-se prosseguimento ao processo, com fulcro no art. 12, § 3º, da Lei 8.443/1992;</p><p>9.2. rejeitar as alegações de defesa apresentadas pelos responsáveis Município de Fernando Falcão - MA, Antônio Moaci Pereira de Santana e Nélio Maciel da Silva;</p><p>9.3. com fundamento nos art. 12, § 1º e 2º, da Lei 8.443/1992, c/c o art. 202, § 2º e 3º, do Regimento Interno do TCU, fixar novo e improrrogável prazo de 15 (quinze) dias para que o Município de Fernando Falcão - MA comprove, perante este Tribunal, o recolhimento aos cofres do Fundo Nacional de Saúde - MS da importância a seguir especificada, atualizada monetariamente, calculada a partir da data discriminada até a data da efetiva quitação do débito:</p><p /><p></p><table><tr /><tr><td rowspan="1" colspan="1"><p>Data de ocorrência</p></td><td rowspan="1" colspan="1"><p>Valor histórico (R$)</p></td></tr><tr><td rowspan="1" colspan="1"><p>22/10/2012</p></td><td rowspan="1" colspan="1"><p>10.695,00</p></td></tr><tr><td rowspan="1" colspan="1"><p>22/10/2012</p></td><td rowspan="1" colspan="1"><p>3.345,00</p></td></tr><tr><td rowspan="1" colspan="1"><p>23/11/2012</p></td><td rowspan="1" colspan="1"><p>10.695,00</p></td></tr><tr><td rowspan="1" colspan="1"><p>23/11/2012</p></td><td rowspan="1" colspan="1"><p>3.345,00</p></td></tr><tr><td rowspan="1" colspan="1"><p>18/12/2012</p></td><td rowspan="1" colspan="1"><p>6.690,00</p></td></tr><tr><td rowspan="1" colspan="1"><p>3/1/2013</p></td><td rowspan="1" colspan="1"><p>6.690,00</p></td></tr><tr><td rowspan="1" colspan="1"><p>21/2/2013</p></td><td rowspan="1" colspan="1"><p>6.690,00</p></td></tr><tr><td rowspan="1" colspan="1"><p>21/3/2013</p></td><td rowspan="1" colspan="1"><p>3.345,00</p></td></tr></table><p>9.4. com fundamento nos art. 12, § 1º e 2º, da Lei 8.443/1992, c/c o art. 202, § 2º e 3º, do Regimento Interno do TCU, fixar novo e improrrogável prazo de 15 (quinze) dias para que o Município de Fernando Falcão - MA comprove, perante este Tribunal, o recolhimento aos cofres de seu Fundo Municipal de Saúde da importância a seguir especificada, atualizada monetariamente, calculada a partir da data discriminada até a data da efetiva quitação do débito:</p><p /><p></p><table><tr /><tr><td rowspan="1" colspan="1"><p>Data de ocorrência</p></td><td rowspan="1" colspan="1"><p>Valor histórico (R$)</p></td></tr><tr><td rowspan="1" colspan="1"><p>2/3/2012</p></td><td rowspan="1" colspan="1"><p>28.140,00</p></td></tr></table><p>9.5. julgar irregulares, nos termos dos arts. 1º, inciso I, 16, inciso III, alínea "b", da Lei 8.443/1992, c/c os arts. 19 e 23, inciso III, da mesma lei, as contas dos responsáveis Antônio Moaci Pereira de Santana, Nélio Maciel da Silva, Maria da Conceição Santiago Almeida e Sandra Maria Ferreira Santos;</p><p>9.6. aplicar, individualmente, aos responsáveis Antônio Moaci Pereira de Santana, Nélio Maciel da Silva, Maria da Conceição Santiago Almeida e Sandra Maria Ferreira Santos, a multa prevista no art. 58, inciso II, da Lei 8.443/1992, c/c o art. 268 do Regimento Interno do TCU, nos valores a seguir discriminados, fixando-lhes o prazo de 15 (quinze) dias, a contar da notificação, para que comprovem, perante o Tribunal, o recolhimento das dívidas ao Tesouro Nacional, atualizadas monetariamente a contar da data deste acórdão até o dia do efetivo recolhimento, caso não sejam pagas no prazo ora fixado, na forma da legislação em vigor:</p><p /><p></p><table><tr /><tr><td rowspan="1" colspan="1"><p>RESPONSÁVEL</p></td><td rowspan="1" colspan="1"><p>MULTA DO ART. 58, II, LEI 8.443/92 (R$)</p></td></tr><tr><td rowspan="1" colspan="1"><p>Sandra Maria Ferreira Santos (Secretária Municipal de Saúde, no período de 1/1/2013 a 18/3/2013)</p></td><td rowspan="1" colspan="1"><p>5.000,00</p></td></tr><tr><td rowspan="1" colspan="1"><p>Nélio Maciel da Silva (Secretário Municipal de Finanças, no Período de 1/6/2011 a 31/12/2012)</p></td><td rowspan="1" colspan="1"><p>10.000,00</p></td></tr><tr><td rowspan="1" colspan="1"><p>Maria da Conceição Santiago Almeida (Secretária Municipal de Saúde, no período de 1/1/2009 a 31/12/2012)</p></td><td rowspan="1" colspan="1"><p>15.000,00</p></td></tr><tr><td rowspan="1" colspan="1"><p>Antônio Moaci Pereira de Santana (Prefeito Municipal, no período de 1/1/2009 a 31/12/2012)</p></td><td rowspan="1" colspan="1"><p>20.000,00</p></td></tr></table><p>9.7. autorizar, desde logo, nos termos dos arts. 26 e 28, inciso II, da Lei 8.443/1992:</p><p>9.7.1. o pagamento das dívidas em até 36 (trinta e seis) parcelas mensais e consecutivas, se solicitado pelo responsável, fixando-se o vencimento da primeira em 15 (quinze) dias, a contar do recebimento da notificação, e o das demais a cada 30 (trinta) dias, devendo incidir sobre cada uma delas os encargos legais devidos, na forma prevista na legislação em vigor, sem prejuízo ao vencimento antecipado do saldo devedor em caso de não comprovação do recolhimento de qualquer parcela, conforme prevê o art. 217, § 2º, do Regimento Interno deste Tribunal;</p><p>9.7.2. a cobrança judicial das dívidas, caso não atendida a notificação;</p><p>9.8. dar ciência desta deliberação aos responsáveis e ao Procurador-Chefe da Procuradoria da República no Estado do Maranhão, para as providências que entender cabíveis.</p><p>10. Ata n° 26/2025 - 2ª Câmara.</p><p>11. Data da Sessão: 29/7/2025 - Ordinária.</p><p>12. Código eletrônico para localização na página do TCU na Internet: AC-4618-26/25-2.</p><p>13. Especificação do quórum:</p><p>13.1. Ministros presentes: Augusto Nardes (na Presidência), Aroldo Cedraz (Relator), Jorge Oliveira e Antônio Anastasia.</p><p>13.2. Ministro-Substituto presente: Marcos Bemquerer Costa.</p><p>ACÓRDÃO Nº 4619/2025 - TCU - 2ª Câmara</p><p>1. Processo nº TC 012.785/2025-3.</p><p>2. Grupo I - Classe de Assunto: V - Pensão Civil</p><p>3. Interessados/Responsáveis:</p><p>3.1. Interessado: Maria do Carmo da Conceição Barros (580.570.994-53).</p><p>4. Órgão/Entidade: Fundação Nacional de Saúde.</p><p>5. Relator: Ministro Antônio Anastasia.</p><p>6. Representante do Ministério Público: Procurador Júlio Marcelo de Oliveira.</p><p>7. Unidade Técnica: Unidade de Auditoria Especializada em Pessoal (AudPessoal).</p><p>8. Representação legal: não há</p><p>9. Acórdão:</p><p>VISTOS, relatados e discutidos estes autos de ato pensão civil, instituída por Jeorge Rodrigues de Barros em favor de Maria do Carmo da Conceição Barros, emitido pela Fundação Nacional de Saúde, ora apreciado para fins de registro.</p><p>ACORDAM os Ministros do Tribunal de Contas da União, reunidos em Sessão da Segunda Câmara, diante das razões expostas pelo Relator, nos termos dos arts. 71, inciso III, da Constituição Federal, 1º, inciso V, da Lei 8.443/1992, c/c arts. 259, II, do Regimento Interno deste Tribunal, c/c art. 7º, II, da Resolução TCU 353/2023, em:</p><p>9.1. considerar ilegal o ato de pensão civil em favor de Maria do Carmo da Conceição Barros (e-Pessoal n. 137057/2021), ordenando seu registro, em caráter excepcional;</p><p>9.2. dispensar o ressarcimento das quantias indevidamente recebidas, presumida a boa-fé, consoante o disposto no Enunciado 106 da Súmula de Jurisprudência deste Tribunal;</p><p>9.3. esclarecer à Fundação Nacional de Saúde que, a despeito do julgamento ilegal do ato ora apreciado, a rubrica judicial "16171 - DECISAO JUDICIAL TRANS JUG APO" poderá subsistir, sendo desnecessária a emissão de novo ato concessório; e</p><p>9.4. determinar à Fundação Nacional de Saúde que, no prazo de trinta dias, comunique à interessada sobre a presente deliberação, encaminhando ao Tribunal o comprovante da data em que isso ocorreu;</p><p>9.5. dar ciência deste Acórdão ao órgão/entidade responsável pela concessão, informando que o teor integral da deliberação poderá ser obtido no endereço eletrônico www.tcu.gov.br/acordaos.</p><p>10. Ata n° 26/2025 - 2ª Câmara.</p><p>11. Data da Sessão: 29/7/2025 - Ordinária.</p><p>12. Código eletrônico para localização na página do TCU na Internet: AC-4619-26/25-2.</p><p>13. Especificação do quórum:</p><p>13.1. Ministros presentes: Augusto Nardes (na Presidência), Aroldo Cedraz, Jorge Oliveira e Antônio Anastasia (Relator).</p><p>13.2. Ministro-Substituto presente: Marcos Bemquerer Costa.</p><p>ACÓRDÃO Nº 4620/2025 - TCU - 2ª Câmara</p><p>1. Processo nº TC 019.872/2024-0.</p><p>2. Grupo I - Classe de Assunto: II - Tomada de Contas Especial</p><p>3. Interessados/Responsáveis:</p><p>3.1. Interessado: Ministério da Integração e do Desenvolvimento Regional (03.353.358/0001-96).</p><p>3.2. Responsável: Keitton Wyllyson Pinheiro Batista (631.206.152-34).</p><p>4. Órgão/Entidade: Prefeitura Municipal de Coari - AM.</p><p>5. Relator: Ministro Antônio Anastasia.</p><p>6. Representante do Ministério Público: Subprocurador-Geral Paulo Soares Bugarin.</p><p>7. Unidade Técnica: Unidade de Auditoria Especializada em Tomada de Contas Especial (AudTCE).</p><p>8. Representação legal: Fábio Nunes Bandeira de Melo (4331/OAB-AM), Bruno Vieira da Rocha Barbirato (6975/OAB-AM) e outros, representando Keitton Wyllyson Pinheiro Batista.</p><p>9. Acórdão:</p><p>VISTOS, relatados e discutidos estes autos de tomada de contas especial instaurada pelo Ministério da Integração e do Desenvolvimento Regional, em desfavor de Keitton Wyllyson Pinheiro Batista, ex-prefeito de Coari/AM, em razão da omissão no dever de prestar contas do instrumento de transferência Siafi 1AAJVH, que tinha por objeto a execução de ações de resposta em áreas atingidas por inundação.</p><p>ACORDAM os Ministros do Tribunal de Contas da União, reunidos em Sessão da 2ª Câmara, ante as razões expostas pelo Relator, em:</p><p>9.1. rejeitar as alegações de defesa apresentadas pelo responsável Keitton Wyllyson Pinheiro Batista, ex-prefeito de Coari/AM;</p><p>9.2. julgar irregulares, nos termos dos arts. 1º, inciso I, 16, inciso III, alíneas "a" e "c", da Lei 8.443/1992 c/c os arts. 19 e 23, inciso III, da mesma Lei, as contas do responsável Keitton Wyllyson Pinheiro Batista, condenando-o ao pagamento da importância a seguir especificada, atualizada monetariamente e acrescida dos juros de mora, calculados a partir das datas discriminadas até a data da efetiva quitação do débito, fixando-lhe o prazo de quinze dias, para que comprove, perante o Tribunal, o recolhimento da referida quantia aos cofres do Tesouro Nacional, nos termos do art. 23, inciso III, alínea "a", da citada Lei c/c o art. 214, inciso III, alínea "a", do Regimento Interno do TCU:</p><p /><p></p><table><tr /><tr><td rowspan="1" colspan="1"><p>Data de ocorrência</p></td><td rowspan="1" colspan="1"><p>Valor histórico (R$ 1,00)</p></td><td rowspan="1" colspan="1"><p>Tipo da parcela</p></td></tr><tr><td rowspan="1" colspan="1"><p>5/8/2022</p></td><td rowspan="1" colspan="1"><p>1.246.775,00</p></td><td rowspan="1" colspan="1"><p>Débito</p></td></tr></table><p>9.3. aplicar ao responsável Keitton Wyllyson Pinheiro Batista a multa prevista no art. 57 da Lei 8.443/1992, no valor de R$ 140.000,00, fixando-lhe o prazo de quinze dias, a contar da notificação, para que comprove, perante o Tribunal (art. 214, inciso III, alínea "a", do Regimento Interno do TCU), o recolhimento da dívida aos cofres do Tesouro Nacional, atualizada monetariamente desde a data deste acórdão até a data do efetivo recolhimento, se paga após o vencimento, na forma da legislação em vigor;</p><p>9.4. autorizar, desde logo, a cobrança judicial das dívidas, caso não atendidas as notificações, conforme o disposto no art. 28, inciso II, da Lei 8.443/1992;</p><p>9.5. autorizar também, desde logo, se requerido, com fundamento no art. 26 da Lei 8.443/1992 c/c o art. 217, §1º, do Regimento Interno do TCU, o parcelamento das dívidas em até 36 parcelas, incidindo, sobre cada parcela, corrigida monetariamente, os correspondentes acréscimos legais, fixando-lhe o prazo de quinze dias, a contar do recebimento da notificação, para comprovar, perante o Tribunal, o recolhimento da primeira parcela, e de trinta dias, a contar da parcela anterior, para comprovar os recolhimentos das demais parcelas, devendo incidir, sobre cada valor mensal, atualizado monetariamente, os juros de mora devidos, na forma prevista na legislação em vigor, alertando o responsável de que a falta de comprovação do recolhimento de qualquer parcela importará o vencimento antecipado do saldo devedor, nos termos do § 2º do art. 217 do Regimento Interno deste Tribunal;</p><p>9.6. enviar cópia do presente acórdão à Procuradoria da República no Estado do Amazonas, nos termos do § 3º do art. 16 da Lei 8.443/1992 c/c o § 7º do art. 209 do Regimento Interno do TCU, para a adoção das medidas cabíveis;</p><p>9.7. enviar cópia deste acórdão ao responsável e aos órgãos interessados;</p><p>9.8. informar à Procuradoria da República no Estado do Amazonas, aos órgãos interessados e ao responsável que a presente deliberação, acompanhada do Relatório e do Voto que a fundamenta, está disponível para consulta no endereço www.tcu.gov.br/acordaos;</p><p>9.9. informar à Procuradoria da República no Estado do Amazonas que, nos termos do parágrafo único do art. 62 da Resolução TCU 259/2014, os procuradores e membros do Ministério Público credenciados nesta Corte podem acessar os presentes autos de forma eletrônica e automática, ressalvados apenas os casos de eventuais peças classificadas como sigilosas, as quais requerem solicitação formal.</p><p>10. Ata n° 26/2025 - 2ª Câmara.</p><p>11. Data da Sessão: 29/7/2025 - Ordinária.</p><p>12. Código eletrônico para localização na página do TCU na Internet: AC-4620-26/25-2.</p><p>13. Especificação do quórum:</p><p>13.1. Ministros presentes: Augusto Nardes (na Presidência), Aroldo Cedraz, Jorge Oliveira e Antônio Anastasia (Relator).</p><p>13.2. Ministro-Substituto presente: Marcos Bemquerer Costa.</p><p>ACÓRDÃO Nº 4621/2025 - TCU - 2ª Câmara</p><p>1. Processo nº TC 026.624/2024-9.</p><p>2. Grupo II - Classe de Assunto: II - Tomada de Contas Especial</p><p>3. Interessados/Responsáveis:</p><p>3.1. Responsáveis: Município de São Paulo (SP) (46.395.000/0001-39); Ricardo Luis Reis Nunes (088.930.258-84).</p><p>4. Entidade: Fundo Nacional de Desenvolvimento da Educação.</p><p>5. Relator: Ministro Antônio Anastasia.</p><p>6. Representante do Ministério Público: Procurador Sergio Ricardo Costa Caribé.</p><p>7. Unidade Técnica: Unidade de Auditoria Especializada em Tomada de Contas Especial (AudTCE).</p><p>8. Representação legal: não há</p><p>9. Acórdão:</p><p>VISTOS, relatados e discutidos estes autos de tomada de contas especial instaurada pelo Fundo Nacional de Desenvolvimento da Educação em desfavor de Ricardo Luís Reis Nunes e do Município de São Paulo (SP), em razão da não comprovação da regular aplicação dos recursos repassados à municipalidade no âmbito do Programa Nacional de Alimentação Escolar - exercício de 2022,</p><p>ACORDAM os Ministros do Tribunal de Contas da União, reunidos em sessão da Segunda Câmara, diante das razões expostas pelo Relator, em:</p><p>9.1. julgar regulares, com fundamento nos arts. 1.º, inciso I, 16, inciso I, 17 e 23, inciso I, da Lei 8.443/1992 c/c os arts. 1.º, inciso I, 207, caput e parágrafo único; e 214, inciso I, do Regimento Interno, as contas do Município de São Paulo (SP) (46.395.000/0001-39) e de Ricardo Luis Reis Nunes (088.930.258-84), dando-lhes quitação plena;</p><p>9.2. enviar cópia deste Acórdão ao Fundo Nacional de Desenvolvimento da Educação e aos responsáveis, para ciência, informando que a presente deliberação, acompanhada do Relatório e do Voto que a fundamenta, está disponível para consulta no endereço www.tcu.gov.br/acordaos; e</p><p>9.3. arquivar os autos.</p><p>10. Ata n° 26/2025 - 2ª Câmara.</p><p>11. Data da Sessão: 29/7/2025 - Ordinária.</p><p>12. Código eletrônico para localização na página do TCU na Internet: AC-4621-26/25-2.</p><p>13. Especificação do quórum:</p><p>13.1. Ministros presentes: Augusto Nardes (na Presidência), Aroldo Cedraz, Jorge Oliveira e Antônio Anastasia (Relator).</p><p>13.2. Ministro-Substituto presente: Marcos Bemquerer Costa.</p><p>ACÓRDÃO Nº 4622/2025 - TCU - 2ª Câmara</p><p>1. Processo nº TC 026.631/2024-5.</p><p>2. Grupo I - Classe de Assunto: II - Tomada de Contas Especial.</p><p>3. Interessados/Responsáveis:</p><p>3.1. Interessado: Fundo Nacional de Desenvolvimento da Educação (00.378.257/0001-81).</p><p>3.2. Responsável: Município de Santana (AP) (23.066.640/0001-08).</p><p>4. Órgão/Entidade: Município de Santana (AP).</p><p>5. Relator: Ministro Antônio Anastasia.</p><p>6. Representante do Ministério Público: Procuradora-Geral Cristina Machado da Costa e Silva.</p><p>7. Unidade Técnica: Unidade de Auditoria Especializada em Tomada de Contas Especial (AudTCE).</p><p>8. Representação legal: Ivana Contente Goncalves (526/OAB-AP), representando Município de Santana (AP).</p><p>9. Acórdão:</p><p>VISTOS, relatados e discutidos estes autos de tomada de contas especial instaurada pelo Fundo Nacional de Desenvolvimento da Educação, em desfavor do Município de Santana (AP), em razão de dano ao erário resultante da aplicação dos recursos recebidos por força do Programa Nacional de Alimentação Escolar (PNAE), no exercício de 2019,</p><p>ACORDAM os Ministros do Tribunal de Contas da União, reunidos em Sessão da 2ª Câmara, ante as razões expostas pelo Relator, em:</p><p>9.1. autorizar, nos termos do art. 26 da Lei 8.443/1992, o recolhimento parcelado das quantias a seguir especificadas, atualizadas monetariamente a partir das datas de ocorrência até as datas dos pagamentos, aos cofres do Fundo Nacional de Desenvolvimento da Educação (FNDE), em 36 (trinta e seis) parcelas mensais consecutivas, conforme solicitado pelo Município de Santana (AP):</p><p /><p></p><table><tr /><tr><td rowspan="1" colspan="1"><p>Data de ocorrência</p></td><td rowspan="1" colspan="1"><p>Valor histórico (R$)</p></td></tr><tr><td rowspan="1" colspan="1"><p>13/8/2019</p></td><td rowspan="1" colspan="1"><p>5.372,30</p></td></tr><tr><td rowspan="1" colspan="1"><p>13/8/2019</p></td><td rowspan="1" colspan="1"><p>2.795,97</p></td></tr><tr><td rowspan="1" colspan="1"><p>13/8/2019</p></td><td rowspan="1" colspan="1"><p>467,15</p></td></tr><tr><td rowspan="1" colspan="1"><p>13/8/2019</p></td><td rowspan="1" colspan="1"><p>449,81</p></td></tr><tr><td rowspan="1" colspan="1"><p>10/9/2019</p></td><td rowspan="1" colspan="1"><p>2.278,56</p></td></tr><tr><td rowspan="1" colspan="1"><p>10/9/2019</p></td><td rowspan="1" colspan="1"><p>2.589,82</p></td></tr><tr><td rowspan="1" colspan="1"><p>10/9/2019</p></td><td rowspan="1" colspan="1"><p>3.635,05</p></td></tr><tr><td rowspan="1" colspan="1"><p>10/9/2019</p></td><td rowspan="1" colspan="1"><p>4.839,80</p></td></tr><tr><td rowspan="1" colspan="1"><p>10/9/2019</p></td><td rowspan="1" colspan="1"><p>5.031,68</p></td></tr><tr><td rowspan="1" colspan="1"><p>10/9/2019</p></td><td rowspan="1" colspan="1"><p>5.832,11</p></td></tr><tr><td rowspan="1" colspan="1"><p>10/9/2019</p></td><td rowspan="1" colspan="1"><p>187,69</p></td></tr><tr><td rowspan="1" colspan="1"><p>10/9/2019</p></td><td rowspan="1" colspan="1"><p>210,11</p></td></tr><tr><td rowspan="1" colspan="1"><p>10/9/2019</p></td><td rowspan="1" colspan="1"><p>215,57</p></td></tr><tr><td rowspan="1" colspan="1"><p>10/9/2019</p></td><td rowspan="1" colspan="1"><p>215,59</p></td></tr><tr><td rowspan="1" colspan="1"><p>10/9/2019</p></td><td rowspan="1" colspan="1"><p>215,59</p></td></tr><tr><td rowspan="1" colspan="1"><p>10/9/2019</p></td><td rowspan="1" colspan="1"><p>216,59</p></td></tr><tr><td rowspan="1" colspan="1"><p>10/9/2019</p></td><td rowspan="1" colspan="1"><p>281,62</p></td></tr><tr><td rowspan="1" colspan="1"><p>10/9/2019</p></td><td rowspan="1" colspan="1"><p>449,28</p></td></tr><tr><td rowspan="1" colspan="1"><p>10/9/2019</p></td><td rowspan="1" colspan="1"><p>598,18</p></td></tr><tr><td rowspan="1" colspan="1"><p>10/9/2019</p></td><td rowspan="1" colspan="1"><p>621,89</p></td></tr><tr><td rowspan="1" colspan="1"><p>10/9/2019</p></td><td rowspan="1" colspan="1"><p>625,32</p></td></tr><tr><td rowspan="1" colspan="1"><p>10/9/2019</p></td><td rowspan="1" colspan="1"><p>1.518,57</p></td></tr><tr><td rowspan="1" colspan="1"><p>10/9/2019</p></td><td rowspan="1" colspan="1"><p>1.699,97</p></td></tr><tr><td rowspan="1" colspan="1"><p>10/9/2019</p></td><td rowspan="1" colspan="1"><p>1.744,17</p></td></tr><tr><td rowspan="1" colspan="1"><p>10/9/2019</p></td><td rowspan="1" colspan="1"><p>1.744,35</p></td></tr><tr><td rowspan="1" colspan="1"><p>10/9/2019</p></td><td rowspan="1" colspan="1"><p>1.744,35</p></td></tr><tr><td rowspan="1" colspan="1"><p>10/9/2019</p></td><td rowspan="1" colspan="1"><p>1.752,44</p></td></tr><tr><td rowspan="1" colspan="1"><p>21/10/2019</p></td><td rowspan="1" colspan="1"><p>219.242,19</p></td></tr><tr><td rowspan="1" colspan="1"><p>18/11/2019</p></td><td rowspan="1" colspan="1"><p>4.511,18</p></td></tr><tr><td rowspan="1" colspan="1"><p>18/11/2019</p></td><td rowspan="1" colspan="1"><p>3.947,78</p></td></tr><tr><td rowspan="1" colspan="1"><p>18/11/2019</p></td><td rowspan="1" colspan="1"><p>3.511,22</p></td></tr><tr><td rowspan="1" colspan="1"><p>18/11/2019</p></td><td rowspan="1" colspan="1"><p>642,33</p></td></tr><tr><td rowspan="1" colspan="1"><p>18/11/2019</p></td><td rowspan="1" colspan="1"><p>557,56</p></td></tr><tr><td rowspan="1" colspan="1"><p>18/11/2019</p></td><td rowspan="1" colspan="1"><p>487,93</p></td></tr></table><p>9.2. fixar o vencimento da primeira parcela a contar de 2/2/2026, incidindo, sobre cada uma, os encargos legais devidos;</p><p>9.3. alertar o Município de Santana (AP) de que:</p><p>9.3.1. a falta de comprovação do recolhimento de qualquer parcela implicará o vencimento antecipado do saldo devedor, nos termos do art. 26, parágrafo único, e 59 da Lei 8.443/1992, c/c o art. 217, § 2.º, do Regimento Interno/TCU;</p><p>9.3.2. a liquidação tempestiva do débito parcelado, atualizado monetariamente, sem a incidência de juros moratórios, saneará o processo e o Tribunal julgará as contas do município regulares com ressalva e lhe dará quitação; caso contrário, se inadimplida a dívida parcelada, o ente ficará sujeito a ter suas contas julgadas irregulares, ser condenado ao ressarcimento do débito remanescente, com juros e atualização monetária, e ser sancionado com a multa do art. 57 da Lei 8.443/1992;</p><p>9.3.3. o processo será submetido à apreciação de mérito pelo Tribunal após a conclusão do pagamento ora autorizado ou em caso de interrupção no recolhimento das parcelas; e</p><p>9.4. orientar a AudTCE que, concluído o recolhimento com a observância das datas aprazadas, promova a reinstrução do processo com vistas à expedição de quitação;</p><p>9.5. autorizar o sobrestamento do presente processo até o pagamento da última parcela da dívida ou até o eventual vencimento antecipado do saldo devedor, diante da interrupção do aludido pagamento.</p><p>10. Ata n° 26/2025 - 2ª Câmara.</p><p>11. Data da Sessão: 29/7/2025 - Ordinária.</p><p>12. Código eletrônico para localização na página do TCU na Internet: AC-4622-26/25-2.</p><p>13. Especificação do quórum:</p><p>13.1. Ministros presentes: Augusto Nardes (na Presidência), Aroldo Cedraz, Jorge Oliveira e Antônio Anastasia (Relator).</p><p>13.2. Ministro-Substituto presente: Marcos Bemquerer Costa.</p><p>ACÓRDÃO Nº 4623/2025 - TCU - 2ª Câmara</p><p>1. Processo nº TC 006.297/2025-0.</p><p>2. Grupo II - Classe de Assunto: V - Aposentadoria</p><p>3. Interessados/Responsáveis:</p><p>3.1. Interessado: Maria Fernanda Morais Tavares (436.603.044-68).</p><p>4. Órgão/Entidade: Ministério da Saúde.</p><p>5. Relator: Ministro Antônio Anastasia.</p><p>6. Representante do Ministério Público: Procurador Rodrigo Medeiros de Lima.</p><p>7. Unidade Técnica: Unidade de Auditoria Especializada em Pessoal (AudPessoal).</p><p>8. Representação legal: não há</p><p>9. Acórdão:</p><p>VISTOS, relatados e discutidos estes autos de ato de aposentadoria em favor de Maria Fernanda Morais Tavares, emitido pelo Ministério da Saúde.</p><p>ACORDAM os Ministros do Tribunal de Contas da União, reunidos em Sessão da Segunda Câmara, diante das razões expostas pelo Relator, nos termos dos arts. 71, inciso III, da Constituição Federal, 1º, inciso V, da Lei 8.443/1992, c/c arts. 260 e 262 do Regimento Interno deste Tribunal, em:</p><p>9.1. considerar ilegal o ato de aposentadoria em favor de Maria Fernanda Morais Tavares (e-Pessoal n. 98932/2022), negando-lhe registro;</p><p>9.2. dispensar o ressarcimento das quantias indevidamente recebidas de boa-fé, consoante o Enunciado 106 da Súmula de Jurisprudência deste Tribunal;</p><p>9.3. determinar ao órgão/entidade responsável pela concessão que:</p><p>9.3.1. faça cessar, no prazo quinze dias contados da ciência deste Acórdão, os pagamentos decorrentes do ato impugnado, sob pena de responsabilidade solidária da autoridade administrativa omissa, nos termos do art. 262 do Regimento Interno/TCU;</p><p>9.3.2. emita novo ato livre da irregularidade apontada, disponibilizando-o a este Tribunal, por meio do Sistema e-Pessoal, nos termos e prazos fixados na IN-TCU 78/2018;</p><p>9.3.3. informe à interessada, no prazo de quinze dias contados da ciência deste Acórdão, sobre o inteiro teor desta deliberação, alertando-a de que o efeito suspensivo proveniente da interposição de eventuais recursos junto ao TCU não a exime da devolução dos valores percebidos indevidamente, caso o recurso não seja provido;</p><p>9.3.4. no prazo de trinta dias, contados da ciência, disponibilize a este Tribunal, por meio do Sistema e-Pessoal, comprovante da data em que a interessada tomou conhecimento deste Acórdão, conforme art. 21, inciso I, da IN-TCU 78/2018;</p><p>9.4. dar ciência deste Acórdão ao órgão/entidade responsável pela concessão, informando que o teor integral da deliberação poderá ser obtido no endereço eletrônico www.tcu.gov.br/acordaos.</p><p>10. Ata n° 26/2025 - 2ª Câmara.</p><p>11. Data da Sessão: 29/7/2025 - Ordinária.</p><p>12. Código eletrônico para localização na página do TCU na Internet: AC-4623-26/25-2.</p><p>13. Especificação do quórum:</p><p>13.1. Ministros presentes: Augusto Nardes (na Presidência), Aroldo Cedraz, Jorge Oliveira e Antônio Anastasia (Relator).</p><p>13.2. Ministro-Substituto presente: Marcos Bemquerer Costa.</p><p>ACÓRDÃO Nº 4624/2025 - TCU - 2ª Câmara</p><p>1. Processo nº TC 006.331/2025-4.</p><p>2. Grupo I - Classe de Assunto: V - Aposentadoria</p><p>3. Interessados/Responsáveis:</p><p>3.1. Interessado: Almir Alexandrino do Nascimento (110.997.045-53).</p><p>4. Órgão/Entidade: Ministério da Saúde.</p><p>5. Relator: Ministro Antônio Anastasia.</p><p>6. Representante do Ministério Público: Procurador Rodrigo Medeiros de Lima.</p><p>7. Unidade Técnica: Unidade de Auditoria Especializada em Pessoal (AudPessoal).</p><p>8. Representação legal: não há</p><p>9. Acórdão:</p><p>VISTOS, relatados e discutidos estes autos que analisam ato de concessão inicial de aposentadoria de Almir Alexandrino do Nascimento (9529/2021), vinculado ao Ministério da Saúde.</p><p>ACORDAM os Ministros do Tribunal de Contas da União, reunidos em Sessão da 2ª Câmara, ante as razões expostas pelo Relator, e com fulcro no inciso III do art. 71 da Constituição Federal e nos arts. 1º, inciso V, e 39, inciso II, da Lei 8.443/1992, c/c arts. 259, inciso II, 260 e 262, do Regimento Interno/TCU, em:</p><p>9.1. considerar ilegal a concessão de aposentadoria em favor de Almir Alexandrino do Nascimento, negando registro ao correspondente ato;</p><p>9.2. dispensar o ressarcimento das quantias indevidamente recebidas de boa-fé pelo interessado, consoante o disposto no Enunciado 106 da Súmula da Jurisprudência do TCU;</p><p>9.3. determinar ao Ministério da Saúde que:</p><p>9.3.1. faça cessar, no prazo de 15 (quinze) dias, contado a partir da ciência desta deliberação, os pagamentos decorrentes do ato impugnado, sob pena de responsabilidade solidária da autoridade administrativa omissa;</p><p>9.3.2. emita novo ato de aposentadoria, livre da irregularidade apontada, disponibilizando-o a este Tribunal, por meio do Sistema e-Pessoal, nos termos e prazos fixados na IN-TCU 78/2018;</p><p>9.3.3. no prazo de trinta dias contados da ciência, disponibilize a este Tribunal, por meio do Sistema e-Pessoal, comprovante da data em que o interessado tomou conhecimento deste Acórdão, conforme art. 21, inciso I, da IN-TCU 78/2018; e</p><p>9.4. dar ciência deste Acórdão ao Ministério da Saúde, informando que o teor integral da deliberação poderá ser obtido no endereço eletrônico www.tcu.gov.br/acordaos.</p><p>10. Ata n° 26/2025 - 2ª Câmara.</p><p>11. Data da Sessão: 29/7/2025 - Ordinária.</p><p>12. Código eletrônico para localização na página do TCU na Internet: AC-4624-26/25-2.</p><p>13. Especificação do quórum:</p><p>13.1. Ministros presentes: Augusto Nardes (na Presidência), Aroldo Cedraz, Jorge Oliveira e Antônio Anastasia (Relator).</p><p>13.2. Ministro-Substituto presente: Marcos Bemquerer Costa.</p><p>ACÓRDÃO Nº 4625/2025 - TCU - 2ª Câmara</p><p>1. Processo nº TC 006.386/2025-3.</p><p>2. Grupo I - Classe de Assunto: V - Aposentadoria</p><p>3. Interessados/Responsáveis:</p><p>3.1. Interessado: Eliane Luzia Schmidt (343.271.189-15).</p><p>4. Órgão/Entidade: Instituto Nacional do Seguro Social.</p><p>5. Relator: Ministro Antônio Anastasia.</p><p>6. Representante do Ministério Público: Procuradora-Geral Cristina Machado da Costa e Silva.</p><p>7. Unidade Técnica: Unidade de Auditoria Especializada em Pessoal (AudPessoal).</p><p>8. Representação legal: não há</p><p>9. Acórdão:</p><p>VISTOS, relatados e discutidos estes autos de ato de aposentadoria em favor de Eliane Luzia Schmidt, emitido pelo Instituto Nacional do Seguro Social.</p><p>ACORDAM os Ministros do Tribunal de Contas da União, reunidos em Sessão da Segunda Câmara, diante das razões expostas pelo Relator, nos termos dos arts. 71, inciso III, da Constituição Federal, 1º, inciso V, da Lei 8.443/1992, c/c arts. 260 e 262 do Regimento Interno deste Tribunal, em:</p><p>9.1. considerar ilegal o ato de aposentadoria em favor de Eliane Luzia Schmidt (e-Pessoal n. 127892/2022), negando-lhe registro;</p><p>9.2. dispensar o ressarcimento das quantias indevidamente recebidas de boa-fé, consoante o Enunciado 106 da Súmula de Jurisprudência deste Tribunal;</p><p>9.3. determinar ao órgão/entidade responsável pela concessão que:</p><p>9.3.1. faça cessar, no prazo quinze dias contados da ciência deste Acórdão, os pagamentos decorrentes da remuneração excedente ora impugnada, sob pena de responsabilidade solidária da autoridade administrativa omissa, nos termos do art. 262 do Regimento Interno/TCU;</p><p>9.3.2. emita novo ato livre da irregularidade apontada, disponibilizando-o a este Tribunal, por meio do Sistema e-Pessoal, nos termos e prazos fixados na IN-TCU 78/2018;</p><p>9.3.3. informe à interessada, no prazo de quinze dias contados da ciência deste Acórdão, sobre o inteiro teor desta deliberação, alertando-a de que o efeito suspensivo proveniente da interposição de eventuais recursos junto ao TCU não a exime da devolução dos valores percebidos indevidamente, caso o recurso não seja provido;</p><p>9.3.4. no prazo de trinta dias, contados da ciência, disponibilize a este Tribunal, por meio do Sistema e-Pessoal, comprovante da data em que a interessada tomou conhecimento deste Acórdão, conforme art. 21, inciso I, da IN-TCU 78/2018;</p><p>9.4. dar ciência deste Acórdão ao órgão/entidade responsável pela concessão, informando que o teor integral da deliberação poderá ser obtido no endereço eletrônico www.tcu.gov.br/acordaos.</p><p>10. Ata n° 26/2025 - 2ª Câmara.</p><p>11. Data da Sessão: 29/7/2025 - Ordinária.</p><p>12. Código eletrônico para localização na página do TCU na Internet: AC-4625-26/25-2.</p><p>13. Especificação do quórum:</p><p>13.1. Ministros presentes: Augusto Nardes (na Presidência), Aroldo Cedraz, Jorge Oliveira e Antônio Anastasia (Relator).</p><p>13.2. Ministro-Substituto presente: Marcos Bemquerer Costa.</p><p>ACÓRDÃO Nº 4626/2025 - TCU - 2ª Câmara</p><p>1. Processo nº TC 012.428/2025-6.</p><p>2. Grupo I - Classe de Assunto: V - Aposentadoria.</p><p>3. Interessados/Responsáveis:</p><p>3.1. Interessado: Maria Cristina de Matos Castilho (319.411.846-34).</p><p>4. Órgão/Entidade: Fundação Universidade Federal de Ouro Preto.</p><p>5. Relator: Ministro Antônio Anastasia.</p><p>6. Representante do Ministério Público: Procuradora-Geral Cristina Machado da Costa e Silva.</p><p>7. Unidade Técnica: Unidade de Auditoria Especializada em Pessoal (AudPessoal).</p><p>8. Representação legal: não há</p><p>9. Acórdão:</p><p>VISTOS, relatados e discutidos estes autos de aposentadoria, em que se aprecia, para fins de registro, a legalidade do ato concessório em favor de Maria Cristina de Matos Castilho, emitido pela Fundação Universidade Federal de Ouro Preto.</p><p>ACORDAM os Ministros do Tribunal de Contas da União, reunidos em Sessão da Segunda Câmara, diante das razões expostas pelo Relator, em, nos termos dos arts. 1º, inciso V, e 39, inciso II, da Lei 8.443/92, c/c os arts. 260 e 262 do Regimento Interno/TCU:</p><p>9.1. considerar ilegal o ato de aposentadoria de Maria Cristina de Matos Castilho (Ato n. 87770/2018), emitido pela Fundação Universidade Federal de Ouro Preto, negando-lhe registro;</p><p>9.2. dispensar o ressarcimento das quantias indevidamente recebidas de boa-fé, consoante o Enunciado nº 106 da Súmula de Jurisprudência deste Tribunal;</p><p>9.3. determinar ao ente responsável pela concessão que:</p><p>9.3.1. no prazo quinze dias contados da ciência, providencie a supressão/correção das parcelas de proventos impugnadas, sob pena de responsabilidade solidária da autoridade administrativa omissa;</p><p>9.3.2. emita novo ato de aposentadoria, livre das irregularidades apontadas, disponibilizando-o a este Tribunal, por meio do Sistema e-Pessoal, nos termos e prazos fixados na IN-TCU 78/2018;</p><p>9.3.3. no prazo de trinta dias contados da ciência, disponibilize a este Tribunal, por meio do Sistema e-Pessoal, comprovante da data em que o interessado tomou conhecimento deste Acórdão, conforme art. 21, inciso I, da IN-TCU 78/2018;</p><p>9.4. dar ciência deste Acórdão à Fundação Universidade Federal de Ouro Preto, informando que o teor integral da deliberação poderá ser obtido no endereço eletrônico www.tcu.gov.br/acordaos.</p><p>10. Ata n° 26/2025 - 2ª Câmara.</p><p>11. Data da Sessão: 29/7/2025 - Ordinária.</p><p>12. Código eletrônico para localização na página do TCU na Internet: AC-4626-26/25-2.</p><p>13. Especificação do quórum:</p><p>13.1. Ministros presentes: Augusto Nardes (na Presidência), Aroldo Cedraz, Jorge Oliveira e Antônio Anastasia (Relator).</p><p>13.2. Ministro-Substituto presente: Marcos Bemquerer Costa.</p><p>ACÓRDÃO Nº 4627/2025 - TCU - 2ª Câmara</p><p>1. Processo nº TC 013.206/2025-7.</p><p>2. Grupo II - Classe de Assunto: V - Reforma</p><p>3. Interessados/Responsáveis:</p><p>3.1. Interessado: Maciel Soares da Silva (752.861.227-87).</p><p>4. Órgão/Entidade: Comando da Aeronáutica.</p><p>5. Relator: Ministro Antônio Anastasia.</p><p>6. Representante do Ministério Público: Procurador Marinus Eduardo De Vries Marsico.</p><p>7. Unidade Técnica: Unidade de Auditoria Especializada em Pessoal (AudPessoal).</p><p>8. Representação legal: não há</p><p>9. Acórdão:</p><p>VISTOS, relatados e discutidos estes autos em que se examina ato de concessão de reforma expedido pelo Comando da Aeronáutica e submetido, para fins de registro, à apreciação do Tribunal de Contas da União, de acordo com o art. 71, inciso III, da Constituição Federal.</p><p>ACORDAM os Ministros do Tribunal de Contas da União, reunidos em Sessão da Segunda Câmara, ante às razões expostas pelo Relator e com fundamento nos artigos 1º, inciso V, e 39, inciso II, da Lei 8.443/1992 c/c os artigos 17, inciso III, 259, inciso II, 260 e 262 do Regimento Interno/TCU, em:</p><p>9.1. considerar, em caráter excepcional, legal e autorizar o registro do ato de concessão de reforma expedido pelo Comando da Aeronáutica, Ato e-Pessoal nº 24675/2024 - Inicial, em favor de Maciel Soares da Silva;</p><p>9.2. dispensar o ressarcimento das quantias indevidamente recebidas de boa-fé, consoante o Enunciado nº 106 da Súmula de Jurisprudência do TCU;</p><p>9.3. determinar ao órgão/entidade responsável pela concessão que:</p>]]></Texto>
  </body>
  <Midias />
</article></xml>