﻿<xml><article id="44732036" name="536 - Portaria de Complementacao" idOficio="11191161" pubName="DO1" artType="Portaria" pubDate="01/08/2025" artClass="00015:00023:00000:00000:00000:00000:00000:00000:00000:00000:00054:00000" artCategory="Ministério da Cultura/Secretaria de Fomento e Incentivo à Cultura" artSize="12" artNotes="" numberPage="8" pdfPage="http://pesquisa.in.gov.br/imprensa/jsp/visualiza/index.jsp?data=01/08/2025&amp;jornal=515&amp;pagina=8" editionNumber="144" highlightType="" highlightPriority="" highlight="" highlightimage="" highlightimagename="" idMateria="22948403">
  <body>
    <Identifica><![CDATA[ PORTARIA SEFIC/MINC Nº 536, DE 31 DE JULHO DE 2025]]></Identifica>
    <Data><![CDATA[]]></Data>
    <Ementa />
    <Titulo />
    <SubTitulo />
    <Texto><![CDATA[<p class="identifica">PORTARIA SEFIC/MINC Nº 536, DE 31 DE JULHO DE 2025</p><p>O SECRETÁRIO DE FOMENTO E INCENTIVO À CULTURA, no uso das atribuições legais, que lhe confere a Portaria nº 310, de 27 de junho de 2025 e a Portaria MinC nº 225, de 23 de julho de 2025, resolve:</p><p>Art. 1.º - Homologar a complementação de valor em favor do(s) projeto(s) cultural(is) relacionado(s) no(s) anexo(s) desta Portaria, para o(s) qual(is) o(s) proponente(s) fica(m) autorizado(s) a captar recursos, mediante doações ou patrocínios, na forma prevista no § 1º do artigo 18 e no artigo 26 da lei n.º 8.313, de 23 de dezembro de 1991, alterada pela Lei nº 9.874, de 23 de novembro de 1999.</p><p>Art. 2.º - Esta portaria entra em vigor na data de sua publicação.</p><p class="assina">HENILTON PARENTE DE MENEZES</p><p>ANEXO</p><p>ÁREA: 6 Humanidades (Artigo 18 , § 1º )</p><p>231505 - Shtetele - Os judeus do Sul</p><p>Luis Felipe Goifman</p><p>CNPJ/CPF: ***.810.547-**</p><p>Cidade: Rio de Janeiro - RJ;</p><p>Valor Complementado: R$ 3.960,00</p><p>Valor total atual: R$ 344.982,16</p><p>ÁREA: 9 Museus e Memória (Artigo 18 , § 1º )</p><p>2314804 - Da escola para o Museu do Mar Aleixo Belov</p><p>FUNDACAO ALEIXO BELOV - IMAB- INSTITUTO MULTIDISCIPLINAR ALEIXO BELOV</p><p>CNPJ/CPF: 34.439.571/0001-49</p><p>Cidade: Salvador - BA;</p><p>Valor Complementado: R$ 164.692,99</p><p>Valor total atual: R$ 1.183.904,27.</p>]]></Texto>
  </body>
  <Midias />
</article></xml>