﻿<xml><article id="44731997" name="resolucao_2900_2025 COAFE" idOficio="11191160" pubName="DO1" artType="Resolução" pubDate="01/08/2025" artClass="00047:00048:00016:00006:00002:00000:00000:00000:00000:00000:00064:32900" artCategory="Ministério da Saúde/Agência Nacional de Vigilância Sanitária/4ª Diretoria/Gerência-Geral de Inspeção e Fiscalização Sanitária/Coordenação de Autorização de Funcionamento de Empresas" artSize="12" artNotes="" numberPage="188" pdfPage="http://pesquisa.in.gov.br/imprensa/jsp/visualiza/index.jsp?data=01/08/2025&amp;jornal=515&amp;pagina=188" editionNumber="144" highlightType="" highlightPriority="" highlight="" highlightimage="" highlightimagename="" idMateria="22948401">
  <body>
    <Identifica><![CDATA[ RESOLUÇÃO-RE nº 2.900, DE 31 DE JULHO DE 2025]]></Identifica>
    <Data><![CDATA[]]></Data>
    <Ementa />
    <Titulo />
    <SubTitulo />
    <Texto><![CDATA[<p class="identifica">RESOLUÇÃO-RE nº 2.900, DE 31 DE JULHO DE 2025</p><p>O COORDENADOR DE AUTORIZAÇÃO DE FUNCIONAMENTO DE EMPRESAS DA AGÊNCIA NACIONAL DE VIGILÂNCIA SANITÁRIA, no uso das atribuições que lhe confere o art. 144, aliado ao art. 203, I, §1° do Regimento Interno aprovado pela Resolução da Diretoria Colegiada - RDC n° 585, de 10 de dezembro de 2021, resolve:</p><p>Art. 1º. Conceder Autorização Especial para Empresas de Medicamentos e de Insumos Farmacêuticos, constantes no anexo desta Resolução, de acordo com a Portaria n°. 344, de 12 de maio de 1998 e suas atualizações, observando-se as proibições e restrições estabelecidas.</p><p>Art. 2º Esta Resolução entra em vigor na data de sua publicação.</p><p class="assina">DANIEL MARCOS PEREIRA DOURADO</p><p class="anexo">ANEXO</p><p>MEDSHOP HOSPITALAR LTDA / 54.541.915/0001-33</p><p>25351.117442/2025-00 / 1410572</p><p>ARMAZENAR: MEDICAMENTO</p><p>DISTRIBUIR: MEDICAMENTO</p><p>EXPEDIR: MEDICAMENTO</p><p>704 - AE - CONCESSÃO - MEDICAMENTOS E INSUMOS FARMACÊUTICOS - DISTRIBUIDORA DO PRODUTO SUJEITO A CONTROLE ESPECIAL / 0909582254</p><p>--------------------------------------</p><p>VM DISTRIBUIDORA LTDA / 57.737.790/0001-00</p><p>25351.034195/2025-07 / 1329428</p><p>ARMAZENAR: MEDICAMENTO</p><p>DISTRIBUIR: MEDICAMENTO</p><p>EXPEDIR: MEDICAMENTO</p><p>704 - AE - CONCESSÃO - MEDICAMENTOS E INSUMOS FARMACÊUTICOS - DISTRIBUIDORA DO PRODUTO SUJEITO A CONTROLE ESPECIAL / 0310034256</p><p>--------------------------------------</p><p>SS MEDICAMENTAL PHARMA LTDA / 04.916.468/0001-81</p><p>25351.091161/2025-10 / 1412040</p><p>DISTRIBUIR: MEDICAMENTO</p><p>704 - AE - CONCESSÃO - MEDICAMENTOS E INSUMOS FARMACÊUTICOS - DISTRIBUIDORA DO PRODUTO SUJEITO A CONTROLE ESPECIAL / 0748044256</p><p>--------------------------------------</p><p>N &amp; J DISTRIBUIDORA LTDA / 58.181.756/0001-64</p><p>25351.115593/2025-15 / 1411962</p><p>ARMAZENAR: MEDICAMENTO</p><p>DISTRIBUIR: MEDICAMENTO</p><p>EXPEDIR: MEDICAMENTO</p><p>704 - AE - CONCESSÃO - MEDICAMENTOS E INSUMOS FARMACÊUTICOS - DISTRIBUIDORA DO PRODUTO SUJEITO A CONTROLE ESPECIAL / 0900282258</p><p>--------------------------------------</p><p>R.A. DROGARIAS LTDA / 02.834.047/0012-39</p><p>25351.122844/2025-18 / 1412100</p><p>MANIPULAR: INSUMOS FARMACÊUTICOS</p><p>705 - AE - CONCESSÃO - FARMÁCIA DE MANIPULAÇÃO / 0934367256</p><p>--------------------------------------</p><p>L K HOSPITALAR LTDA / 61.219.262/0001-36</p><p>25351.117581/2025-25 / 1411976</p><p>ARMAZENAR: MEDICAMENTO</p><p>DISTRIBUIR: MEDICAMENTO</p><p>EXPEDIR: MEDICAMENTO</p><p>704 - AE - CONCESSÃO - MEDICAMENTOS E INSUMOS FARMACÊUTICOS - DISTRIBUIDORA DO PRODUTO SUJEITO A CONTROLE ESPECIAL / 0910399255</p><p>--------------------------------------</p><p>ASSOCIAÇÃO HOSPITALAR MOINHOS DE VENTO / 92.685.833/0001-51</p><p>25351.117276/2025-33 / 1411928</p><p>LABORATÓRIOS OU INSTITUIÇÕES DE PESQUISA: INSUMOS FARMACÊUTICOS / MEDICAMENTO / OUTROS PRODUTOS SUJEITOS A CONTROLE ESPECIAL</p><p>70309 - AE - CONCESSÃO - LABORATÓRIOS OU INSTITUIÇÕES DE PESQUISA (EXCETO INDÚSTRIA E FARMÁCIA DE MANIPULAÇÃO) / 0909014256</p><p>--------------------------------------</p><p>ADTMED COMERCIO DE PRODUTOS MEDICOS E HOSPITALARES LTDA / 22.266.822/0001-51</p><p>25351.115397/2025-41 / 1410464</p><p>ARMAZENAR: MEDICAMENTO</p><p>DISTRIBUIR: MEDICAMENTO</p><p>EXPEDIR: MEDICAMENTO</p><p>704 - AE - CONCESSÃO - MEDICAMENTOS E INSUMOS FARMACÊUTICOS - DISTRIBUIDORA DO PRODUTO SUJEITO A CONTROLE ESPECIAL / 0899722253</p><p>--------------------------------------</p><p>L23 MEDICAMENTOS LTDA / 55.315.398/0001-47</p><p>25351.117605/2025-46 / 1411980</p><p>ARMAZENAR: MEDICAMENTO</p><p>DISTRIBUIR: MEDICAMENTO</p><p>EXPEDIR: MEDICAMENTO</p><p>704 - AE - CONCESSÃO - MEDICAMENTOS E INSUMOS FARMACÊUTICOS - DISTRIBUIDORA DO PRODUTO SUJEITO A CONTROLE ESPECIAL / 0910595259</p><p>--------------------------------------</p><p>FARMA FOZ FARMACIA DE MANIPULACAO LTDA / 59.471.959/0001-58</p><p>25351.123503/2025-60 / 1411230</p><p>MANIPULAR: INSUMOS FARMACÊUTICOS</p><p>705 - AE - CONCESSÃO - FARMÁCIA DE MANIPULAÇÃO / 0938328255</p><p>--------------------------------------</p><p>GLOBAL SUPPLIES IMPORTACAO E DISTRIBUICAO DE INSUMOS FARMACEUTICOS LTDA / 22.579.717/0002-53</p><p>25351.115417/2025-83 / 1411810</p><p>ARMAZENAR: INSUMOS FARMACÊUTICOS</p><p>DISTRIBUIR: INSUMOS FARMACÊUTICOS</p><p>EXPEDIR: INSUMOS FARMACÊUTICOS</p><p>IMPORTAR: INSUMOS FARMACÊUTICOS</p><p>706 - AE - CONCESSÃO - MEDICAMENTOS E INSUMOS FARMACÊUTICOS - IMPORTADORA DO PRODUTO SUJEITO A CONTROLE ESPECIAL / 0899777252</p><p>--------------------------------------</p><p>ON BIOTECH PHARMA BR LTDA / 48.999.703/0001-00</p><p>25351.118231/2025-86 / 1412019</p><p>ARMAZENAR: INSUMOS FARMACÊUTICOS / MEDICAMENTO</p><p>EXPEDIR: INSUMOS FARMACÊUTICOS / MEDICAMENTO</p><p>IMPORTAR: INSUMOS FARMACÊUTICOS / MEDICAMENTO</p><p>706 - AE - CONCESSÃO - MEDICAMENTOS E INSUMOS FARMACÊUTICOS - IMPORTADORA DO PRODUTO SUJEITO A CONTROLE ESPECIAL / 0913942251</p><p>--------------------------------------</p><p>FARMACIA VIDA FARMA ORLANDO LTDA / 59.312.878/0001-05</p><p>25351.121598/2025-87 / 1411027</p><p>MANIPULAR: INSUMOS FARMACÊUTICOS</p><p>705 - AE - CONCESSÃO - FARMÁCIA DE MANIPULAÇÃO / 0928804259</p>]]></Texto>
  </body>
  <Midias />
</article></xml>