﻿<xml><article id="44734028" name="7789PortariaPropostaFAF_20250731" idOficio="11191342" pubName="DO1" artType="Portaria" pubDate="01/08/2025" artClass="00047:00001:00000:00000:00000:00000:00000:00000:00000:00000:00054:00000" artCategory="Ministério da Saúde/Gabinete do Ministro" artSize="24" artNotes="" numberPage="114" pdfPage="http://pesquisa.in.gov.br/imprensa/jsp/visualiza/index.jsp?data=01/08/2025&amp;jornal=515&amp;pagina=114" editionNumber="144" highlightType="" highlightPriority="" highlight="" highlightimage="" highlightimagename="" idMateria="22948598">
  <body>
    <Identifica><![CDATA[ PORTARIA GM/MS Nº 7.789, DE 31 DE JULHO DE 2025]]></Identifica>
    <Data><![CDATA[]]></Data>
    <Ementa><![CDATA[ Autoriza o repasse referente às ações e serviços públicos de saúde por meio de transferências fundo a fundo, em parcela única, para o custeio da Média e Alta Complexidade em Saúde.]]></Ementa>
    <Titulo />
    <SubTitulo />
    <Texto><![CDATA[<p class="identifica">PORTARIA GM/MS Nº 7.789, DE 31 DE JULHO DE 2025</p><p class="ementa">Autoriza o repasse referente às ações e serviços públicos de saúde por meio de transferências fundo a fundo, em parcela única, para o custeio da Média e Alta Complexidade em Saúde.</p><p>O MINISTRO DE ESTADO DA SAÚDE, no uso das atribuições que lhe conferem os incisos I e II do parágrafo único do art. 87 da Constituição, em observância a Lei nº 15.121, de 10 de abril de 2025, Lei Complementar nº 141, de 13 de janeiro de 2012, Lei nº 8.080, de 19 de setembro de 1990, e Portaria GM/MS, nº 6.916, de 6 de maio de 2025, resolve:</p><p>Art. 1º Ficam autorizados os Estados, o Distrito Federal e os Municípios descritos no Anexo desta Portaria a receberem recursos financeiros referentes à parcela única para o custeio de serviços da Média e Alta Complexidade em Saúde.</p><p>Art. 2º O Fundo Nacional de Saúde adotará as medidas necessárias para as transferências dos recursos estabelecidos nesta Portaria aos respectivos Fundos de Saúde, em conformidade com o processo de pagamento devidamente instruído pela Secretaria Finalística.</p><p>Art. 3º O ente beneficiário deverá comprovar a aplicação dos recursos financeiros recebidos por meio do Relatório Anual de Gestão - RAG, nos termos da Portaria de Consolidação GM/MS nº 6, de 28 de setembro 2017.</p><p>Art. 4º Os recursos financeiros destinados à execução das ações previstas nesta Portaria são oriundos do orçamento do Ministério da Saúde, devendo onerar a seguinte funcional programática: 10.302.5118.8585.0001 - Atenção à Saúde da População para procedimentos em Média e Alta Complexidade - Plano Orçamentário 0000.</p><p>Art. 5º Os recursos autorizados nesta Portaria são destinados ao custeio de serviços de Média e Alta Complexidade:</p><p>I - ações do Programa Nacional de Expansão e Qualificação da Atenção Ambulatorial Especializada, denominado Programa Mais Acesso a Especialistas - PMAE;</p><p>II - ações para a redução de filas, com ênfase em cirurgias;</p><p>III - Rede Alyne;</p><p>IV - Política Nacional de Prevenção e Controle de Câncer - PNPCC e Rede de Prevenção e Controle de Câncer - RPCC; e</p><p>V - habilitação de Serviço da Atenção Especializada.</p><p>VI - outras ações para custeio da média e alta complexidade, não previstas no art. 6º da Portaria GM/MS nº 6.916, de 9 de maio de 2025.</p><p>Art. 6º As transferências dos recursos financeiros de que trata esta portaria estão condicionadas ao envio das resoluções das respectivas Comissões Intergestores Bipartite - CIB, aprovando os valores constantes no anexo desta Portaria.</p><p>Art. 7º Esta Portaria entra em vigor na data de sua publicação.</p><p class="assina">ALEXANDRE ROCHA SANTOS PADILHA</p><p>ANEXO</p><p>Entes federados autorizados a receberem recursos financeiros federais destinados ao custeio da Média e Alta Complexidade em Saúde.</p><p /><p></p><table><tr /><tr><td rowspan="1" colspan="1"><p>UF</p></td><td rowspan="1" colspan="1"><p>MUNICÍPIO</p></td><td rowspan="1" colspan="1"><p>IBGE</p></td><td rowspan="1" colspan="1"><p>GESTÃO</p></td><td rowspan="1" colspan="6"><p>Programa de Trabalho</p></td><td rowspan="1" colspan="1"><p>TOTAL</p></td></tr><tr><td rowspan="1" colspan="1" /><td rowspan="1" colspan="1" /><td rowspan="1" colspan="1" /><td rowspan="1" colspan="1" /><td rowspan="1" colspan="1"><p>I</p></td><td rowspan="1" colspan="1"><p>II</p></td><td rowspan="1" colspan="1"><p>III</p></td><td rowspan="1" colspan="1"><p>IV</p></td><td rowspan="1" colspan="1"><p>V</p></td><td rowspan="1" colspan="1"><p>VI</p></td><td rowspan="1" colspan="1" /></tr><tr><td rowspan="1" colspan="1"><p>BA</p></td><td rowspan="1" colspan="1"><p>IBITITA</p></td><td rowspan="1" colspan="1"><p>291310</p></td><td rowspan="1" colspan="1"><p>MUNICIPAL</p></td><td rowspan="1" colspan="1"><p>122.850,00</p></td><td rowspan="1" colspan="1" /><td rowspan="1" colspan="1" /><td rowspan="1" colspan="1" /><td rowspan="1" colspan="1" /><td rowspan="1" colspan="1"><p>122.850,00</p></td><td rowspan="1" colspan="1"><p>245.700,00</p></td></tr><tr><td rowspan="1" colspan="1"><p>ES</p></td><td rowspan="1" colspan="1"><p>PONTO BELO</p></td><td rowspan="1" colspan="1"><p>320425</p></td><td rowspan="1" colspan="1"><p>MUNICIPAL</p></td><td rowspan="1" colspan="1" /><td rowspan="1" colspan="1" /><td rowspan="1" colspan="1"><p>150.000,00</p></td><td rowspan="1" colspan="1" /><td rowspan="1" colspan="1" /><td rowspan="1" colspan="1"><p>150.000,00</p></td><td rowspan="1" colspan="1"><p>300.000,00</p></td></tr><tr><td rowspan="1" colspan="1"><p>ES</p></td><td rowspan="1" colspan="1"><p>VIANA</p></td><td rowspan="1" colspan="1"><p>320510</p></td><td rowspan="1" colspan="1"><p>MUNICIPAL</p></td><td rowspan="1" colspan="1"><p>900.000,00</p></td><td rowspan="1" colspan="1" /><td rowspan="1" colspan="1" /><td rowspan="1" colspan="1" /><td rowspan="1" colspan="1" /><td rowspan="1" colspan="1"><p>900.000,00</p></td><td rowspan="1" colspan="1"><p>1.800.000,00</p></td></tr><tr><td rowspan="1" colspan="1"><p>ES</p></td><td rowspan="1" colspan="1"><p>VITORIA</p></td><td rowspan="1" colspan="1"><p>320530</p></td><td rowspan="1" colspan="1"><p>ESTADUAL</p></td><td rowspan="1" colspan="1"><p>100.000,00</p></td><td rowspan="1" colspan="1" /><td rowspan="1" colspan="1" /><td rowspan="1" colspan="1" /><td rowspan="1" colspan="1" /><td rowspan="1" colspan="1"><p>100.000,00</p></td><td rowspan="1" colspan="1"><p>200.000,00</p></td></tr><tr><td rowspan="1" colspan="1"><p>RS</p></td><td rowspan="1" colspan="1"><p>SAO MARCOS</p></td><td rowspan="1" colspan="1"><p>431900</p></td><td rowspan="1" colspan="1"><p>MUNICIPAL</p></td><td rowspan="1" colspan="1" /><td rowspan="1" colspan="1"><p>50.000,00</p></td><td rowspan="1" colspan="1" /><td rowspan="1" colspan="1" /><td rowspan="1" colspan="1" /><td rowspan="1" colspan="1"><p>50.000,00</p></td><td rowspan="1" colspan="1"><p>100.000,00</p></td></tr><tr><td rowspan="1" colspan="1"><p>SE</p></td><td rowspan="1" colspan="1"><p>BREJO GRANDE</p></td><td rowspan="1" colspan="1"><p>280070</p></td><td rowspan="1" colspan="1"><p>MUNICIPAL</p></td><td rowspan="1" colspan="1" /><td rowspan="1" colspan="1" /><td rowspan="1" colspan="1"><p>18.781,00</p></td><td rowspan="1" colspan="1" /><td rowspan="1" colspan="1" /><td rowspan="1" colspan="1"><p>18.780,00</p></td><td rowspan="1" colspan="1"><p>37.561,00</p></td></tr><tr><td rowspan="1" colspan="4"><p>Total Geral</p></td><td rowspan="1" colspan="1"><p>1.122.850,00</p></td><td rowspan="1" colspan="1"><p>50.000,00</p></td><td rowspan="1" colspan="1"><p>168.781,00</p></td><td rowspan="1" colspan="1" /><td rowspan="1" colspan="1" /><td rowspan="1" colspan="1"><p>1.341.630,00</p></td><td rowspan="1" colspan="1"><p>2.683.261,00</p></td></tr></table>]]></Texto>
  </body>
  <Midias />
</article></xml>