﻿<xml><article id="44727701" name="0849.PRONON" idOficio="11190535" pubName="DO1" artType="Portaria" pubDate="01/08/2025" artClass="00047:00002:00000:00000:00000:00000:00000:00000:00000:00000:00054:00000" artCategory="Ministério da Saúde/Secretaria Executiva" artSize="12" artNotes="" numberPage="119" pdfPage="http://pesquisa.in.gov.br/imprensa/jsp/visualiza/index.jsp?data=01/08/2025&amp;jornal=515&amp;pagina=119" editionNumber="144" highlightType="" highlightPriority="" highlight="" highlightimage="" highlightimagename="" idMateria="22947134">
  <body>
    <Identifica><![CDATA[ PORTARIA SE/MS Nº 849, DE 30 DE JULHO DE 2025]]></Identifica>
    <Data><![CDATA[]]></Data>
    <Ementa><![CDATA[ Altera a Portaria SE/MS nº 825, de 10 de junho de 2025, para prorrogar o prazo de análise de projetos no âmbito do Programa Nacional de Apoio à Atenção Oncológica - Pronon, no exercício de 2025, e ajustar o cronograma previsto no Anexo I.]]></Ementa>
    <Titulo />
    <SubTitulo />
    <Texto><![CDATA[<p class="identifica">PORTARIA SE/MS Nº 849, DE 30 DE JULHO DE 2025</p><p class="ementa">Altera a Portaria SE/MS nº 825, de 10 de junho de 2025, para prorrogar o prazo de análise de projetos no âmbito do Programa Nacional de Apoio à Atenção Oncológica - Pronon, no exercício de 2025, e ajustar o cronograma previsto no Anexo I.</p><p>O SECRETÁRIO EXECUTIVO DO MINISTÉRIO DA SAÚDE, no uso da atribuição que lhe confere o art. 25-A do Anexo LXXXVI à Portaria de Consolidação GM/MS nº 5, de 28 de setembro de 2017, e tendo em vista o disposto nos arts. 1º ao 14 da Lei nº 12.715, de 17 de setembro de 2012; na Lei nº 14.564, de 4 de maio de 2023, e no Decreto nº 7.988, de 17 de abril de 2013, resolve:</p><p>Art. 1º A Portaria SE/MS nº 825, de 10 de junho de 2025, passa a vigorar com a seguintes alterações:</p><p>"Art. 7º O resultado provisório da classificação dos projetos será publicado até o dia 12 de agosto de 2025, no Diário Oficial da União.</p><p>...............................................................................................</p><p>§ 3º O Ministério da Saúde publicará a decisão sobre o deferimento ou indeferimento dos recursos, bem como o resultado final da classificação dos projetos, até o dia 26 de agosto de 2025, no Diário Oficial da União." (NR)</p><p>Art. 2º O cronograma constante da Portaria SE/MS nº 825, de 10 de junho de 2025, passa a vigorar na forma do Anexo I desta Portaria.</p><p>Art. 3º Esta Portaria entra em vigor na data de sua publicação.</p><p class="assina">ADRIANO MASSUDA</p><p>ANEXO I CRONOGRAMA</p><p /><p></p><table><tr /><tr><td rowspan="1" colspan="3"><p>Cronograma</p></td></tr><tr><td rowspan="1" colspan="1"><p></p></td><td rowspan="1" colspan="1"><p>Data início</p></td><td rowspan="1" colspan="1"><p>Encerramento</p></td></tr><tr><td rowspan="1" colspan="1"><p>Submissão dos projetos</p></td><td rowspan="1" colspan="1"><p>26/5/2025</p></td><td rowspan="1" colspan="1"><p>15/7/2025</p></td></tr><tr><td rowspan="1" colspan="1"><p>Análise dos projetos</p></td><td rowspan="1" colspan="1"><p>16/7/2025</p></td><td rowspan="1" colspan="1"><p>8/8/2025</p></td></tr><tr><td rowspan="1" colspan="1"><p>Resultado provisório</p></td><td rowspan="1" colspan="1"><p>12/8/2025</p></td><td rowspan="1" colspan="1"><p>-</p></td></tr><tr><td rowspan="1" colspan="1"><p>Recurso (5 dias)</p></td><td rowspan="1" colspan="1"><p>13/8/2025</p></td><td rowspan="1" colspan="1"><p>18/8/2025</p></td></tr><tr><td rowspan="1" colspan="1"><p>Publicação do resultado final e autorização para captação de recursos.</p></td><td rowspan="1" colspan="1"><p>26/8/2025</p></td><td rowspan="1" colspan="1"><p></p></td></tr></table>]]></Texto>
  </body>
  <Midias />
</article></xml>