﻿<xml><article id="44727059" name="31.07.2025 Portaria Previc NA 64" idOficio="11190362" pubName="DO1" artType="Portaria" pubDate="01/08/2025" artClass="00044:00019:00013:00000:00000:00000:00000:00000:00000:00000:00054:00000" artCategory="Ministério da Previdência Social/Superintendência Nacional de Previdência Complementar/Diretoria de Licenciamento" artSize="12" artNotes="" numberPage="101" pdfPage="http://pesquisa.in.gov.br/imprensa/jsp/visualiza/index.jsp?data=01/08/2025&amp;jornal=515&amp;pagina=101" editionNumber="144" highlightType="" highlightPriority="" highlight="" highlightimage="" highlightimagename="" idMateria="22946837">
  <body>
    <Identifica><![CDATA[ Portaria Previc Nº 649, DE 16 DE julho DE 2025]]></Identifica>
    <Data><![CDATA[]]></Data>
    <Ementa />
    <Titulo />
    <SubTitulo />
    <Texto><![CDATA[<p class="identifica">Portaria Previc Nº 649, DE 16 DE julho DE 2025</p><p>O DIRETOR DE LICENCIAMENTO, no uso das atribuições que lhe confere a alínea "d" do inciso I do art. 16 do Decreto nº 11.241, de 18 de outubro de 2022, e considerando as manifestações técnicas exaradas no Processo nº 44011.007096/2025-40, resolve:</p><p>Art. 1º Aprovar, com vigência a partir da data de emissão do protocolo pelo sistema informatizado da Previc (licenciamento automático), ocorrida em 14/07/2025, o termo aditivo ao convênio de adesão celebrado entre a empresa KGMA EMPREENDIMENTOS IMOBILIÁRIOS LTDA, CNPJ nº 10.588.052/0001-84, na condição de patrocinadora do Plano de Benefícios BOTICÁRIO PREV, CNPB nº 1995.0036-38, e a BOTICÁRIO PREV - Sociedade de Previdência Privada, CNPJ nº 00.998.828/0001-80, na condição de entidade fechada de previdência complementar responsável pela administração do referido plano.</p><p class="assina">GUILHERME CAPRIATA VACCARO CAMPELO BEZERRA</p>]]></Texto>
  </body>
  <Midias />
</article></xml>