﻿<xml><article id="44716987" name="2025-07-31/11188462/ANMWS_229442" idOficio="11188462" pubName="DO1" artType="Despacho" pubDate="01/08/2025" artClass="00035:00044:00017:00000:00000:00000:00000:00000:00000:00000:00024:00104" artCategory="Ministério de Minas e Energia/Agência Nacional de Mineração/Gerência da ANM no Estado de Alagoas" artSize="12" artNotes="" numberPage="80" pdfPage="http://pesquisa.in.gov.br/imprensa/jsp/visualiza/index.jsp?data=01/08/2025&amp;jornal=515&amp;pagina=80" editionNumber="144" highlightType="" highlightPriority="" highlight="" highlightimage="" highlightimagename="" idMateria="22944218">
  <body>
    <Identifica><![CDATA[Despacho]]></Identifica>
    <Data><![CDATA[]]></Data>
    <Ementa />
    <Titulo />
    <SubTitulo />
    <Texto><![CDATA[<p class="identifica">Despacho</p><p>Relação nº 104/2025</p><p>Fase de Licenciamento</p><p>Autoriza o aditamento de substância mineral(770)</p><p>844.118/2013-ARMANDO LIMA-AREIA - Registro de Licença N° 039/2013, DOU de 05/12/2013</p><p class="assina">FERNANDO JOSE DA COSTA BISPO</p><p class="cargo">Gerente</p>]]></Texto>
  </body>
  <Midias />
</article></xml>