﻿<xml><article id="44735807" name="Portaria FP 31 07 2025 Descreden" idOficio="11191432" pubName="DO1" artType="Despacho" pubDate="01/08/2025" artClass="00047:00039:00000:00000:00000:00000:00000:00000:00000:00000:00024:00000" artCategory="Ministério da Saúde/Secretaria de Ciência, Tecnologia e Inovação e do Complexo Econômico-Industrial da Saúde" artSize="24" artNotes="" numberPage="140" pdfPage="http://pesquisa.in.gov.br/imprensa/jsp/visualiza/index.jsp?data=01/08/2025&amp;jornal=515&amp;pagina=140" editionNumber="144" highlightType="" highlightPriority="" highlight="" highlightimage="" highlightimagename="" idMateria="22948776">
  <body>
    <Identifica />
    <Data><![CDATA[]]></Data>
    <Ementa />
    <Titulo />
    <SubTitulo />
    <Texto><![CDATA[<p /><p></p><table><tr /><tr><td rowspan="1" colspan="1"><p>1728</p></td><td rowspan="1" colspan="1"><p>05808637000203</p></td><td rowspan="1" colspan="1"><p>MHM COMERCIO DE PRODUTOS FARMACEUTICOS LTDA</p></td><td rowspan="1" colspan="1"><p>PR</p></td><td rowspan="1" colspan="1"><p>APUCARANA</p></td><td rowspan="1" colspan="1"><p>25000087657200606</p></td></tr><tr><td rowspan="1" colspan="1"><p>1729</p></td><td rowspan="1" colspan="1"><p>05808637000475</p></td><td rowspan="1" colspan="1"><p>MHM COMERCIO DE PRODUTOS FARMACEUTICOS LTDA</p></td><td rowspan="1" colspan="1"><p>PR</p></td><td rowspan="1" colspan="1"><p>APUCARANA</p></td><td rowspan="1" colspan="1"><p>25000087657200606</p></td></tr><tr><td rowspan="1" colspan="1"><p>1730</p></td><td rowspan="1" colspan="1"><p>60605664036640</p></td><td rowspan="1" colspan="1"><p>RAIA S.A.</p></td><td rowspan="1" colspan="1"><p>PR</p></td><td rowspan="1" colspan="1"><p>APUCARANA</p></td><td rowspan="1" colspan="1"><p>25000044144200696</p></td></tr><tr><td rowspan="1" colspan="1"><p>1731</p></td><td rowspan="1" colspan="1"><p>05272420001201</p></td><td rowspan="1" colspan="1"><p>VLM FARMACIAS LTDA</p></td><td rowspan="1" colspan="1"><p>PR</p></td><td rowspan="1" colspan="1"><p>APUCARANA</p></td><td rowspan="1" colspan="1"><p>25000075974201210</p></td></tr><tr><td rowspan="1" colspan="1"><p>1732</p></td><td rowspan="1" colspan="1"><p>07625371000108</p></td><td rowspan="1" colspan="1"><p>FARMACIA PALUDETTO LTDA</p></td><td rowspan="1" colspan="1"><p>PR</p></td><td rowspan="1" colspan="1"><p>ARAPONGAS</p></td><td rowspan="1" colspan="1"><p>25000217961200848</p></td></tr><tr><td rowspan="1" colspan="1"><p>1733</p></td><td rowspan="1" colspan="1"><p>07492393000147</p></td><td rowspan="1" colspan="1"><p>FARMACIA TOP MED LTDA</p></td><td rowspan="1" colspan="1"><p>PR</p></td><td rowspan="1" colspan="1"><p>ARAPONGAS</p></td><td rowspan="1" colspan="1"><p>25000168212200707</p></td></tr><tr><td rowspan="1" colspan="1"><p>1734</p></td><td rowspan="1" colspan="1"><p>06213793000456</p></td><td rowspan="1" colspan="1"><p>HL - MEDICAMENTOS LTDA</p></td><td rowspan="1" colspan="1"><p>PR</p></td><td rowspan="1" colspan="1"><p>ARAPONGAS</p></td><td rowspan="1" colspan="1"><p>25000134475200623</p></td></tr><tr><td rowspan="1" colspan="1"><p>1735</p></td><td rowspan="1" colspan="1"><p>06213793000294</p></td><td rowspan="1" colspan="1"><p>HL - MEDICAMENTOS LTDA</p></td><td rowspan="1" colspan="1"><p>PR</p></td><td rowspan="1" colspan="1"><p>ARAPONGAS</p></td><td rowspan="1" colspan="1"><p>25000134475200623</p></td></tr><tr><td rowspan="1" colspan="1"><p>1736</p></td><td rowspan="1" colspan="1"><p>60605664036216</p></td><td rowspan="1" colspan="1"><p>RAIA S.A.</p></td><td rowspan="1" colspan="1"><p>PR</p></td><td rowspan="1" colspan="1"><p>ARAPONGAS</p></td><td rowspan="1" colspan="1"><p>25000044144200696</p></td></tr><tr><td rowspan="1" colspan="1"><p>1737</p></td><td rowspan="1" colspan="1"><p>05272420000906</p></td><td rowspan="1" colspan="1"><p>VLM FARMACIAS LTDA</p></td><td rowspan="1" colspan="1"><p>PR</p></td><td rowspan="1" colspan="1"><p>ARAPONGAS</p></td><td rowspan="1" colspan="1"><p>25000075974201210</p></td></tr><tr><td rowspan="1" colspan="1"><p>1738</p></td><td rowspan="1" colspan="1"><p>19425852000159</p></td><td rowspan="1" colspan="1"><p>BUOZI DROGARIA LTDA.</p></td><td rowspan="1" colspan="1"><p>PR</p></td><td rowspan="1" colspan="1"><p>ARAUCARIA</p></td><td rowspan="1" colspan="1"><p>25000136283201461</p></td></tr><tr><td rowspan="1" colspan="1"><p>1739</p></td><td rowspan="1" colspan="1"><p>08883012000385</p></td><td rowspan="1" colspan="1"><p>FARMACIA SANTA REGINA LTDA</p></td><td rowspan="1" colspan="1"><p>PR</p></td><td rowspan="1" colspan="1"><p>ARAUCARIA</p></td><td rowspan="1" colspan="1"><p>25000008681201146</p></td></tr><tr><td rowspan="1" colspan="1"><p>1740</p></td><td rowspan="1" colspan="1"><p>08883012000202</p></td><td rowspan="1" colspan="1"><p>FARMACIA SANTA REGINA LTDA</p></td><td rowspan="1" colspan="1"><p>PR</p></td><td rowspan="1" colspan="1"><p>ARAUCARIA</p></td><td rowspan="1" colspan="1"><p>25000044250200686</p></td></tr><tr><td rowspan="1" colspan="1"><p>1741</p></td><td rowspan="1" colspan="1"><p>06577568000156</p></td><td rowspan="1" colspan="1"><p>WILFARMA DROGARIA LTDA</p></td><td rowspan="1" colspan="1"><p>PR</p></td><td rowspan="1" colspan="1"><p>ARAUCARIA</p></td><td rowspan="1" colspan="1"><p>25000128156201146</p></td></tr><tr><td rowspan="1" colspan="1"><p>1742</p></td><td rowspan="1" colspan="1"><p>02159722000119</p></td><td rowspan="1" colspan="1"><p>DORIVAL CARLOS DA SILVA</p></td><td rowspan="1" colspan="1"><p>PR</p></td><td rowspan="1" colspan="1"><p>ARIRANHA DO IVAI</p></td><td rowspan="1" colspan="1"><p>25000121641201351</p></td></tr><tr><td rowspan="1" colspan="1"><p>1743</p></td><td rowspan="1" colspan="1"><p>11571322000107</p></td><td rowspan="1" colspan="1"><p>ELTON LUIZ &amp; CIA LTDA</p></td><td rowspan="1" colspan="1"><p>PR</p></td><td rowspan="1" colspan="1"><p>ASSAI</p></td><td rowspan="1" colspan="1"><p>25000218008201031</p></td></tr><tr><td rowspan="1" colspan="1"><p>1744</p></td><td rowspan="1" colspan="1"><p>79999777000595</p></td><td rowspan="1" colspan="1"><p>CASOFARMA LTDA</p></td><td rowspan="1" colspan="1"><p>PR</p></td><td rowspan="1" colspan="1"><p>ASSIS CHATEAUBRIAND</p></td><td rowspan="1" colspan="1"><p>25000083504200681</p></td></tr><tr><td rowspan="1" colspan="1"><p>1745</p></td><td rowspan="1" colspan="1"><p>11965391000103</p></td><td rowspan="1" colspan="1"><p>CARNEIRO LOBO &amp; SILVA JUNIOR LTDA</p></td><td rowspan="1" colspan="1"><p>PR</p></td><td rowspan="1" colspan="1"><p>BANDEIRANTES</p></td><td rowspan="1" colspan="1"><p>25000072842201155</p></td></tr><tr><td rowspan="1" colspan="1"><p>1746</p></td><td rowspan="1" colspan="1"><p>09105606000166</p></td><td rowspan="1" colspan="1"><p>FARMACIA FERRAZZO MACHADO LTDA</p></td><td rowspan="1" colspan="1"><p>PR</p></td><td rowspan="1" colspan="1"><p>BARRACAO</p></td><td rowspan="1" colspan="1"><p>25000130420201454</p></td></tr><tr><td rowspan="1" colspan="1"><p>1747</p></td><td rowspan="1" colspan="1"><p>09529020000129</p></td><td rowspan="1" colspan="1"><p>JAQUELINE CARREIRA ORIANI GASPARETTO - FARMACIA</p></td><td rowspan="1" colspan="1"><p>PR</p></td><td rowspan="1" colspan="1"><p>CALIFORNIA</p></td><td rowspan="1" colspan="1"><p>25000170699201417</p></td></tr><tr><td rowspan="1" colspan="1"><p>1748</p></td><td rowspan="1" colspan="1"><p>73635799000166</p></td><td rowspan="1" colspan="1"><p>M A F MIRANDA</p></td><td rowspan="1" colspan="1"><p>PR</p></td><td rowspan="1" colspan="1"><p>CAMBARA</p></td><td rowspan="1" colspan="1"><p>25000219146200813</p></td></tr><tr><td rowspan="1" colspan="1"><p>1749</p></td><td rowspan="1" colspan="1"><p>07626405000189</p></td><td rowspan="1" colspan="1"><p>GALVAO &amp; COSTA LTDA</p></td><td rowspan="1" colspan="1"><p>PR</p></td><td rowspan="1" colspan="1"><p>CAMBE</p></td><td rowspan="1" colspan="1"><p>25000202434201304</p></td></tr><tr><td rowspan="1" colspan="1"><p>1750</p></td><td rowspan="1" colspan="1"><p>75895979000102</p></td><td rowspan="1" colspan="1"><p>FARMACIA ALVARENGA LTDA</p></td><td rowspan="1" colspan="1"><p>PR</p></td><td rowspan="1" colspan="1"><p>CAMPINA DA LAGOA</p></td><td rowspan="1" colspan="1"><p>25000225964200855</p></td></tr><tr><td rowspan="1" colspan="1"><p>1751</p></td><td rowspan="1" colspan="1"><p>10763016000100</p></td><td rowspan="1" colspan="1"><p>FAZBEM COMERCIO DE MEDICAMENTOS LTDA</p></td><td rowspan="1" colspan="1"><p>PR</p></td><td rowspan="1" colspan="1"><p>CAMPO MAGRO</p></td><td rowspan="1" colspan="1"><p>25000133204201037</p></td></tr><tr><td rowspan="1" colspan="1"><p>1752</p></td><td rowspan="1" colspan="1"><p>10763016000290</p></td><td rowspan="1" colspan="1"><p>FAZBEM COMERCIO DE MEDICAMENTOS LTDA</p></td><td rowspan="1" colspan="1"><p>PR</p></td><td rowspan="1" colspan="1"><p>CAMPO MAGRO</p></td><td rowspan="1" colspan="1"><p>25000133204201037</p></td></tr><tr><td rowspan="1" colspan="1"><p>1753</p></td><td rowspan="1" colspan="1"><p>04325276000109</p></td><td rowspan="1" colspan="1"><p>ANGELI &amp; PEDROSO LTDA</p></td><td rowspan="1" colspan="1"><p>PR</p></td><td rowspan="1" colspan="1"><p>CAMPO MOURAO</p></td><td rowspan="1" colspan="1"><p>25000494383200942</p></td></tr><tr><td rowspan="1" colspan="1"><p>1754</p></td><td rowspan="1" colspan="1"><p>12768926000100</p></td><td rowspan="1" colspan="1"><p>F. N. MATSUGUMA - COMÉRCIO DE MEDICAMENTOS</p></td><td rowspan="1" colspan="1"><p>PR</p></td><td rowspan="1" colspan="1"><p>CAMPO MOURAO</p></td><td rowspan="1" colspan="1"><p>25000168661201123</p></td></tr><tr><td rowspan="1" colspan="1"><p>1755</p></td><td rowspan="1" colspan="1"><p>05825374000160</p></td><td rowspan="1" colspan="1"><p>FARMACIA DO TRABALHADOR LTDA</p></td><td rowspan="1" colspan="1"><p>PR</p></td><td rowspan="1" colspan="1"><p>CAMPO MOURAO</p></td><td rowspan="1" colspan="1"><p>25000223607201310</p></td></tr><tr><td rowspan="1" colspan="1"><p>1756</p></td><td rowspan="1" colspan="1"><p>05825374000240</p></td><td rowspan="1" colspan="1"><p>FARMACIA DO TRABALHADOR LTDA</p></td><td rowspan="1" colspan="1"><p>PR</p></td><td rowspan="1" colspan="1"><p>CAMPO MOURAO</p></td><td rowspan="1" colspan="1"><p>25000223607201310</p></td></tr><tr><td rowspan="1" colspan="1"><p>1757</p></td><td rowspan="1" colspan="1"><p>06313661000234</p></td><td rowspan="1" colspan="1"><p>FARMACIA E DROGARIA PAG-MENOS LTDA</p></td><td rowspan="1" colspan="1"><p>PR</p></td><td rowspan="1" colspan="1"><p>CAMPO MOURAO</p></td><td rowspan="1" colspan="1"><p>25000222256201320</p></td></tr><tr><td rowspan="1" colspan="1"><p>1758</p></td><td rowspan="1" colspan="1"><p>80782022000190</p></td><td rowspan="1" colspan="1"><p>G G S COMERCIO DE MEDICAMENTOS LTDA</p></td><td rowspan="1" colspan="1"><p>PR</p></td><td rowspan="1" colspan="1"><p>CAMPO MOURAO</p></td><td rowspan="1" colspan="1"><p>25000085293201006</p></td></tr><tr><td rowspan="1" colspan="1"><p>1759</p></td><td rowspan="1" colspan="1"><p>80782022000270</p></td><td rowspan="1" colspan="1"><p>G G S COMERCIO DE MEDICAMENTOS LTDA</p></td><td rowspan="1" colspan="1"><p>PR</p></td><td rowspan="1" colspan="1"><p>CAMPO MOURAO</p></td><td rowspan="1" colspan="1"><p>25000085293201006</p></td></tr><tr><td rowspan="1" colspan="1"><p>1760</p></td><td rowspan="1" colspan="1"><p>12867360000174</p></td><td rowspan="1" colspan="1"><p>JUISA FARMACIA LTDA</p></td><td rowspan="1" colspan="1"><p>PR</p></td><td rowspan="1" colspan="1"><p>CAMPO MOURAO</p></td><td rowspan="1" colspan="1"><p>25000145768201365</p></td></tr><tr><td rowspan="1" colspan="1"><p>1761</p></td><td rowspan="1" colspan="1"><p>03162065000121</p></td><td rowspan="1" colspan="1"><p>REDE MARCFARMA UNIDADE FRANCA LTDA</p></td><td rowspan="1" colspan="1"><p>PR</p></td><td rowspan="1" colspan="1"><p>CAMPO MOURAO</p></td><td rowspan="1" colspan="1"><p>25000224166201373</p></td></tr><tr><td rowspan="1" colspan="1"><p>1762</p></td><td rowspan="1" colspan="1"><p>78290699000169</p></td><td rowspan="1" colspan="1"><p>REDE MARCFARMA UNIDADE PARANA LTDA</p></td><td rowspan="1" colspan="1"><p>PR</p></td><td rowspan="1" colspan="1"><p>CAMPO MOURAO</p></td><td rowspan="1" colspan="1"><p>25000139406201092</p></td></tr><tr><td rowspan="1" colspan="1"><p>1763</p></td><td rowspan="1" colspan="1"><p>05272420000493</p></td><td rowspan="1" colspan="1"><p>VLM FARMACIAS LTDA</p></td><td rowspan="1" colspan="1"><p>PR</p></td><td rowspan="1" colspan="1"><p>CAMPO MOURAO</p></td><td rowspan="1" colspan="1"><p>25000075974201210</p></td></tr><tr><td rowspan="1" colspan="1"><p>1764</p></td><td rowspan="1" colspan="1"><p>00063960032990</p></td><td rowspan="1" colspan="1"><p>WMB SUPERMERCADOS DO BRASIL LTDA.</p></td><td rowspan="1" colspan="1"><p>PR</p></td><td rowspan="1" colspan="1"><p>CAMPO MOURAO</p></td><td rowspan="1" colspan="1"><p>25000086421201292</p></td></tr><tr><td rowspan="1" colspan="1"><p>1765</p></td><td rowspan="1" colspan="1"><p>00423926000190</p></td><td rowspan="1" colspan="1"><p>HELENA KLOSSOSKI DE LIMA &amp; CIA LTDA</p></td><td rowspan="1" colspan="1"><p>PR</p></td><td rowspan="1" colspan="1"><p>CANTAGALO</p></td><td rowspan="1" colspan="1"><p>25000094122201141</p></td></tr><tr><td rowspan="1" colspan="1"><p>1766</p></td><td rowspan="1" colspan="1"><p>01562234000195</p></td><td rowspan="1" colspan="1"><p>FARMACIA E DROGARIA STEFFEN LTDA</p></td><td rowspan="1" colspan="1"><p>PR</p></td><td rowspan="1" colspan="1"><p>CAPANEMA</p></td><td rowspan="1" colspan="1"><p>25000086624201430</p></td></tr><tr><td rowspan="1" colspan="1"><p>1767</p></td><td rowspan="1" colspan="1"><p>82392200000100</p></td><td rowspan="1" colspan="1"><p>A S BORGES &amp; BORGES LTDA</p></td><td rowspan="1" colspan="1"><p>PR</p></td><td rowspan="1" colspan="1"><p>CASCAVEL</p></td><td rowspan="1" colspan="1"><p>25000102193200748</p></td></tr><tr><td rowspan="1" colspan="1"><p>1768</p></td><td rowspan="1" colspan="1"><p>07968284000234</p></td><td rowspan="1" colspan="1"><p>A3 - COMERCIO DE MEDICAMENTOS CASCAVEL - EIRELI</p></td><td rowspan="1" colspan="1"><p>PR</p></td><td rowspan="1" colspan="1"><p>CASCAVEL</p></td><td rowspan="1" colspan="1"><p>25000002586201139</p></td></tr><tr><td rowspan="1" colspan="1"><p>1769</p></td><td rowspan="1" colspan="1"><p>02843741000160</p></td><td rowspan="1" colspan="1"><p>AIMORES COMERCIO DE MEDICAMENTOS LTDA</p></td><td rowspan="1" colspan="1"><p>PR</p></td><td rowspan="1" colspan="1"><p>CASCAVEL</p></td><td rowspan="1" colspan="1"><p>25000499628200928</p></td></tr><tr><td rowspan="1" colspan="1"><p>1770</p></td><td rowspan="1" colspan="1"><p>07251970000109</p></td><td rowspan="1" colspan="1"><p>FARMANIVA COMERCIO DE MEDICAMENTOS LTDA</p></td><td rowspan="1" colspan="1"><p>PR</p></td><td rowspan="1" colspan="1"><p>CASCAVEL</p></td><td rowspan="1" colspan="1"><p>25000204685200858</p></td></tr><tr><td rowspan="1" colspan="1"><p>1771</p></td><td rowspan="1" colspan="1"><p>85004968000149</p></td><td rowspan="1" colspan="1"><p>HIBISCUS FARMACIA LTDA</p></td><td rowspan="1" colspan="1"><p>PR</p></td><td rowspan="1" colspan="1"><p>CASCAVEL</p></td><td rowspan="1" colspan="1"><p>25000560111200948</p></td></tr><tr><td rowspan="1" colspan="1"><p>1772</p></td><td rowspan="1" colspan="1"><p>13131754000122</p></td><td rowspan="1" colspan="1"><p>IAGO COSTA REIS LTDA</p></td><td rowspan="1" colspan="1"><p>PR</p></td><td rowspan="1" colspan="1"><p>CASCAVEL</p></td><td rowspan="1" colspan="1"><p>25000161030201345</p></td></tr><tr><td rowspan="1" colspan="1"><p>1773</p></td><td rowspan="1" colspan="1"><p>05705138000290</p></td><td rowspan="1" colspan="1"><p>J. A. WENDLAND - COSMETICOS</p></td><td rowspan="1" colspan="1"><p>PR</p></td><td rowspan="1" colspan="1"><p>CASCAVEL</p></td><td rowspan="1" colspan="1"><p>25000121683200743</p></td></tr><tr><td rowspan="1" colspan="1"><p>1774</p></td><td rowspan="1" colspan="1"><p>08750365000145</p></td><td rowspan="1" colspan="1"><p>MEZZARI COMERCIO DE MEDICAMENTOS LTDA.</p></td><td rowspan="1" colspan="1"><p>PR</p></td><td rowspan="1" colspan="1"><p>CASCAVEL</p></td><td rowspan="1" colspan="1"><p>25000592155200937</p></td></tr><tr><td rowspan="1" colspan="1"><p>1775</p></td><td rowspan="1" colspan="1"><p>60605664038693</p></td><td rowspan="1" colspan="1"><p>RAIA S.A.</p></td><td rowspan="1" colspan="1"><p>PR</p></td><td rowspan="1" colspan="1"><p>CASCAVEL</p></td><td rowspan="1" colspan="1"><p>25000044144200696</p></td></tr><tr><td rowspan="1" colspan="1"><p>1776</p></td><td rowspan="1" colspan="1"><p>72363294000127</p></td><td rowspan="1" colspan="1"><p>OLGA PIANOWSKI &amp; CIA LTDA</p></td><td rowspan="1" colspan="1"><p>PR</p></td><td rowspan="1" colspan="1"><p>CASTRO</p></td><td rowspan="1" colspan="1"><p>25000080872201135</p></td></tr><tr><td rowspan="1" colspan="1"><p>1777</p></td><td rowspan="1" colspan="1"><p>07336448000200</p></td><td rowspan="1" colspan="1"><p>GLEDSON DE LIMA ELIAS LTDA</p></td><td rowspan="1" colspan="1"><p>PR</p></td><td rowspan="1" colspan="1"><p>CEU AZUL</p></td><td rowspan="1" colspan="1"><p>25000155136201067</p></td></tr><tr><td rowspan="1" colspan="1"><p>1778</p></td><td rowspan="1" colspan="1"><p>04143274000190</p></td><td rowspan="1" colspan="1"><p>LARISSA PANCOTE DE GASPERIN</p></td><td rowspan="1" colspan="1"><p>PR</p></td><td rowspan="1" colspan="1"><p>CHOPINZINHO</p></td><td rowspan="1" colspan="1"><p>25000173149200631</p></td></tr><tr><td rowspan="1" colspan="1"><p>1779</p></td><td rowspan="1" colspan="1"><p>03975106000107</p></td><td rowspan="1" colspan="1"><p>PADOVAN PEREIRA &amp; CIA LTDA</p></td><td rowspan="1" colspan="1"><p>PR</p></td><td rowspan="1" colspan="1"><p>CHOPINZINHO</p></td><td rowspan="1" colspan="1"><p>25000011198200924</p></td></tr><tr><td rowspan="1" colspan="1"><p>1780</p></td><td rowspan="1" colspan="1"><p>85060879000110</p></td><td rowspan="1" colspan="1"><p>AGUIAR &amp; CAPORALI LTDA</p></td><td rowspan="1" colspan="1"><p>PR</p></td><td rowspan="1" colspan="1"><p>CIANORTE</p></td><td rowspan="1" colspan="1"><p>25000001450200997</p></td></tr><tr><td rowspan="1" colspan="1"><p>1781</p></td><td rowspan="1" colspan="1"><p>79999777001214</p></td><td rowspan="1" colspan="1"><p>CASOFARMA LTDA</p></td><td rowspan="1" colspan="1"><p>PR</p></td><td rowspan="1" colspan="1"><p>CIANORTE</p></td><td rowspan="1" colspan="1"><p>25000083504200681</p></td></tr><tr><td rowspan="1" colspan="1"><p>1782</p></td><td rowspan="1" colspan="1"><p>79999777000242</p></td><td rowspan="1" colspan="1"><p>CASOFARMA LTDA</p></td><td rowspan="1" colspan="1"><p>PR</p></td><td rowspan="1" colspan="1"><p>CIANORTE</p></td><td rowspan="1" colspan="1"><p>25000083504200681</p></td></tr><tr><td rowspan="1" colspan="1"><p>1783</p></td><td rowspan="1" colspan="1"><p>08545677000117</p></td><td rowspan="1" colspan="1"><p>FARMACIA M. ETIKOS LTDA</p></td><td rowspan="1" colspan="1"><p>PR</p></td><td rowspan="1" colspan="1"><p>CIANORTE</p></td><td rowspan="1" colspan="1"><p>25000000495200944</p></td></tr><tr><td rowspan="1" colspan="1"><p>1784</p></td><td rowspan="1" colspan="1"><p>11506796000175</p></td><td rowspan="1" colspan="1"><p>ITALA YAMINI P. FRANCISCO &amp; CIA LTDA.</p></td><td rowspan="1" colspan="1"><p>PR</p></td><td rowspan="1" colspan="1"><p>CIANORTE</p></td><td rowspan="1" colspan="1"><p>25000144963201114</p></td></tr><tr><td rowspan="1" colspan="1"><p>1785</p></td><td rowspan="1" colspan="1"><p>60605664035244</p></td><td rowspan="1" colspan="1"><p>RAIA S.A.</p></td><td rowspan="1" colspan="1"><p>PR</p></td><td rowspan="1" colspan="1"><p>CIANORTE</p></td><td rowspan="1" colspan="1"><p>25000044144200696</p></td></tr><tr><td rowspan="1" colspan="1"><p>1786</p></td><td rowspan="1" colspan="1"><p>05272420000655</p></td><td rowspan="1" colspan="1"><p>VLM FARMACIAS LTDA</p></td><td rowspan="1" colspan="1"><p>PR</p></td><td rowspan="1" colspan="1"><p>CIANORTE</p></td><td rowspan="1" colspan="1"><p>25000075974201210</p></td></tr><tr><td rowspan="1" colspan="1"><p>1787</p></td><td rowspan="1" colspan="1"><p>09152330000177</p></td><td rowspan="1" colspan="1"><p>CENTRO SUL COMERCIAL DE CONFECCOES LTDA</p></td><td rowspan="1" colspan="1"><p>PR</p></td><td rowspan="1" colspan="1"><p>CLEVELANDIA</p></td><td rowspan="1" colspan="1"><p>25000538858200910</p></td></tr></table>]]></Texto>
  </body>
  <Midias />
</article></xml>