﻿<xml><article id="44728938" name="ADE8SOR878" idOficio="11190765" pubName="DO1" artType="Ato Declaratório" pubDate="01/08/2025" artClass="00028:00032:00435:00100:00025:00000:00000:00000:00000:00000:00007:00000" artCategory="Ministério da Fazenda/Secretaria Especial da Receita Federal do Brasil/Secretaria-Adjunta/Superintendência Regional da Receita Federal do Brasil 8ª Região Fiscal/Delegacia da Receita Federal do Brasil em Sorocaba" artSize="12" artNotes="" numberPage="28" pdfPage="http://pesquisa.in.gov.br/imprensa/jsp/visualiza/index.jsp?data=01/08/2025&amp;jornal=515&amp;pagina=28" editionNumber="144" highlightType="" highlightPriority="" highlight="" highlightimage="" highlightimagename="" idMateria="22947460">
  <body>
    <Identifica><![CDATA[ ATO DECLARATÓRIO EXECUTIVO EQBEN/DELEBEN/SRRF08ª/RFB Nº 878, DE 31 DE JULHO DE 2025]]></Identifica>
    <Data><![CDATA[]]></Data>
    <Ementa><![CDATA[ Concede habilitação ao Regime Especial de Incentivos para o Desenvolvimento da Infraestrutura (Reidi) à pessoa jurídica que menciona.]]></Ementa>
    <Titulo />
    <SubTitulo />
    <Texto><![CDATA[<p class="identifica">ATO DECLARATÓRIO EXECUTIVO EQBEN/DELEBEN/SRRF08ª/RFB Nº 878, DE 31 DE JULHO DE 2025</p><p class="ementa">Concede habilitação ao Regime Especial de Incentivos para o Desenvolvimento da Infraestrutura (Reidi) à pessoa jurídica que menciona.</p><p>O AUDITOR-FISCAL DA RECEITA FEDERAL DO BRASIL, no uso das atribuições que lhe conferem a alínea "b" do inciso I do art. 6º da Lei nº 10.593, de 6 de dezembro de 2002 (Redação dada pela Lei nº 11.457, de 2007), o art. 8º da Portaria RFB nº 372, de 26 de outubro de 2023, e os arts. 2º e 4º da Portaria RFB nº 114, de 27 de janeiro de 2022, com base nas competências do inciso IV do art. 303 do Regimento Interno da Secretaria Especial da Receita Federal do Brasil, aprovado pela Portaria ME nº 284, de 27 de julho de 2020, tendo em vista o disposto nos arts. 646 a 663 da IN RFB nº 2.121, de 15 de dezembro de 2022, e o que consta do processo nº 13031.197987/2025-17, declara:</p><p>Art. 1º Habilitada ao Regime Especial de Incentivos para o Desenvolvimento da Infraestrutura (REIDI) a pessoa jurídica UFV YUMA ENERGIA 9 LTDA, inscrita no cadastro CNPJ sob o nº 46.142.860/0001-60, nos termos da Lei nº 11.488, de 15 de junho de 2007, do Decreto nº 6.144, de 3 de julho de 2007 e da Instrução Normativa RFB nº 2.121, de 15 de dezembro de 2022.</p><p>Art. 2º A referida habilitação é específica ao projeto de investimento em unidade de minigeração distribuída de energia elétrica, constituída de fonte solar fotovoltaica (CUSD 158194956; UC 10037211461), de sua titularidade, enquadrado no REIDI pela PORTARIA SNTEP/MME Nº 2.928, DE 4 DE ABRIL DE 2025 - ANEXO 29, da Secretaria Nacional de Transição Energética e Planejamento do Ministério de Minas e Energia (publicada no DOU nº 67, de 08.04.2025), CNO 90.023.54237/74, localizado no Município de Caldas Novas, Estado da Bahia, com prazo inicialmente estimado de conclusão em 30.07.2025.</p><p>Art. 3º No período de até 05 (cinco) anos contados da data de publicação deste Ato, a pessoa jurídica identificada no art. 1º poderá adquirir, locar e importar bens e adquirir e importar serviços com suspensão da Contribuição para o PIS/PASEP e da COFINS, para incorporação ou utilização em obra de infraestrutura vinculada ao projeto identificado no art. 2°.</p><p>Art. 4º Concluída a participação da pessoa jurídica no projeto, deverá ser solicitado, no prazo de trinta dias, contado da data em que foi adimplido o objeto do contrato, o cancelamento da respectiva habilitação, art. 9º do Decreto nº 6.144/2007.</p><p>Art. 5º Este Ato Declaratório Executivo entra em vigor na data de sua publicação no Diário Oficial da União.</p><p class="assina">victor eduardo lamano</p>]]></Texto>
  </body>
  <Midias />
</article></xml>