﻿<xml><article id="44735858" name="Portaria FP 31 07 2025 Descreden" idOficio="11191432" pubName="DO1" artType="Despacho" pubDate="01/08/2025" artClass="00047:00039:00000:00000:00000:00000:00000:00000:00000:00000:00024:00000" artCategory="Ministério da Saúde/Secretaria de Ciência, Tecnologia e Inovação e do Complexo Econômico-Industrial da Saúde" artSize="24" artNotes="" numberPage="152" pdfPage="http://pesquisa.in.gov.br/imprensa/jsp/visualiza/index.jsp?data=01/08/2025&amp;jornal=515&amp;pagina=152" editionNumber="144" highlightType="" highlightPriority="" highlight="" highlightimage="" highlightimagename="" idMateria="22948776">
  <body>
    <Identifica />
    <Data><![CDATA[]]></Data>
    <Ementa />
    <Titulo />
    <SubTitulo />
    <Texto><![CDATA[<p /><p></p><table><tr /><tr><td rowspan="1" colspan="1"><p>2715</p></td><td rowspan="1" colspan="1"><p>89032429001227</p></td><td rowspan="1" colspan="1"><p>MARIN INCORPORADORA LTDA</p></td><td rowspan="1" colspan="1"><p>RS</p></td><td rowspan="1" colspan="1"><p>SAO LEOPOLDO</p></td><td rowspan="1" colspan="1"><p>25000223269200859</p></td></tr><tr><td rowspan="1" colspan="1"><p>2716</p></td><td rowspan="1" colspan="1"><p>00063960018300</p></td><td rowspan="1" colspan="1"><p>WMB SUPERMERCADOS DO BRASIL LTDA.</p></td><td rowspan="1" colspan="1"><p>RS</p></td><td rowspan="1" colspan="1"><p>SAO LEOPOLDO</p></td><td rowspan="1" colspan="1"><p>25000086421201292</p></td></tr><tr><td rowspan="1" colspan="1"><p>2717</p></td><td rowspan="1" colspan="1"><p>10259964000102</p></td><td rowspan="1" colspan="1"><p>CRISTINA PINTO BLASCHKE</p></td><td rowspan="1" colspan="1"><p>RS</p></td><td rowspan="1" colspan="1"><p>SAO LUIZ GONZAGA</p></td><td rowspan="1" colspan="1"><p>25000112415201036</p></td></tr><tr><td rowspan="1" colspan="1"><p>2718</p></td><td rowspan="1" colspan="1"><p>07544094000370</p></td><td rowspan="1" colspan="1"><p>FARMA-REX COMERCIO DE MEDICAMENTOS E MATERIAL MEDICO HOSPITALAR LTD</p></td><td rowspan="1" colspan="1"><p>RS</p></td><td rowspan="1" colspan="1"><p>SAO LUIZ GONZAGA</p></td><td rowspan="1" colspan="1"><p>25000604002200940</p></td></tr><tr><td rowspan="1" colspan="1"><p>2719</p></td><td rowspan="1" colspan="1"><p>07544094000109</p></td><td rowspan="1" colspan="1"><p>FARMA-REX COMERCIO DE MEDICAMENTOS E MATERIAL MEDICO HOSPITALAR LTD</p></td><td rowspan="1" colspan="1"><p>RS</p></td><td rowspan="1" colspan="1"><p>SAO LUIZ GONZAGA</p></td><td rowspan="1" colspan="1"><p>25000604002200940</p></td></tr><tr><td rowspan="1" colspan="1"><p>2720</p></td><td rowspan="1" colspan="1"><p>91936153000109</p></td><td rowspan="1" colspan="1"><p>BETAFARMA COMERCIO DE MEDICAMENTOS E PERFUMARIA LTDA</p></td><td rowspan="1" colspan="1"><p>RS</p></td><td rowspan="1" colspan="1"><p>SAO MARCOS</p></td><td rowspan="1" colspan="1"><p>25000107225201188</p></td></tr><tr><td rowspan="1" colspan="1"><p>2721</p></td><td rowspan="1" colspan="1"><p>05705271000166</p></td><td rowspan="1" colspan="1"><p>ETIANI APARECIDA BELTRAME MARTINI</p></td><td rowspan="1" colspan="1"><p>RS</p></td><td rowspan="1" colspan="1"><p>SAO MIGUEL DAS MISSOES</p></td><td rowspan="1" colspan="1"><p>25000088947201126</p></td></tr><tr><td rowspan="1" colspan="1"><p>2722</p></td><td rowspan="1" colspan="1"><p>09438725000211</p></td><td rowspan="1" colspan="1"><p>ANDIARA SIVERIS E CIA LTDA</p></td><td rowspan="1" colspan="1"><p>RS</p></td><td rowspan="1" colspan="1"><p>SAO PAULO DAS MISSOES</p></td><td rowspan="1" colspan="1"><p>25000517483200954</p></td></tr><tr><td rowspan="1" colspan="1"><p>2723</p></td><td rowspan="1" colspan="1"><p>09286380000147</p></td><td rowspan="1" colspan="1"><p>ASSOCIACAO DOS APOSENTADOS DE SAO SEPE</p></td><td rowspan="1" colspan="1"><p>RS</p></td><td rowspan="1" colspan="1"><p>SAO SEPE</p></td><td rowspan="1" colspan="1"><p>25000196229201041</p></td></tr><tr><td rowspan="1" colspan="1"><p>2724</p></td><td rowspan="1" colspan="1"><p>91674655001768</p></td><td rowspan="1" colspan="1"><p>DROGA RIO COMERCIO, SERVICOS E REPRESENTACOES LTDA</p></td><td rowspan="1" colspan="1"><p>RS</p></td><td rowspan="1" colspan="1"><p>SAPIRANGA</p></td><td rowspan="1" colspan="1"><p>25000174143201068</p></td></tr><tr><td rowspan="1" colspan="1"><p>2725</p></td><td rowspan="1" colspan="1"><p>91674655000958</p></td><td rowspan="1" colspan="1"><p>DROGA RIO COMERCIO, SERVICOS E REPRESENTACOES LTDA</p></td><td rowspan="1" colspan="1"><p>RS</p></td><td rowspan="1" colspan="1"><p>SAPIRANGA</p></td><td rowspan="1" colspan="1"><p>25000174143201068</p></td></tr><tr><td rowspan="1" colspan="1"><p>2726</p></td><td rowspan="1" colspan="1"><p>00063960028615</p></td><td rowspan="1" colspan="1"><p>WMB SUPERMERCADOS DO BRASIL LTDA.</p></td><td rowspan="1" colspan="1"><p>RS</p></td><td rowspan="1" colspan="1"><p>SAPIRANGA</p></td><td rowspan="1" colspan="1"><p>25000086421201292</p></td></tr><tr><td rowspan="1" colspan="1"><p>2727</p></td><td rowspan="1" colspan="1"><p>08176221000127</p></td><td rowspan="1" colspan="1"><p>CHEMYCALT COMERCIO DE PRODUTOS FARMACEUTICOS LTDA</p></td><td rowspan="1" colspan="1"><p>RS</p></td><td rowspan="1" colspan="1"><p>SAPUCAIA DO SUL</p></td><td rowspan="1" colspan="1"><p>25000112508201061</p></td></tr><tr><td rowspan="1" colspan="1"><p>2728</p></td><td rowspan="1" colspan="1"><p>94296175016135</p></td><td rowspan="1" colspan="1"><p>DROGARIA MAIS ECONOMICA S.A. FALIDO</p></td><td rowspan="1" colspan="1"><p>RS</p></td><td rowspan="1" colspan="1"><p>SAPUCAIA DO SUL</p></td><td rowspan="1" colspan="1"><p>25000051632200666</p></td></tr><tr><td rowspan="1" colspan="1"><p>2729</p></td><td rowspan="1" colspan="1"><p>02042116000208</p></td><td rowspan="1" colspan="1"><p>COLLI &amp; DEBONA LTDA.</p></td><td rowspan="1" colspan="1"><p>RS</p></td><td rowspan="1" colspan="1"><p>SARANDI</p></td><td rowspan="1" colspan="1"><p>25000109711200754</p></td></tr><tr><td rowspan="1" colspan="1"><p>2730</p></td><td rowspan="1" colspan="1"><p>02042116000380</p></td><td rowspan="1" colspan="1"><p>COLLI &amp; DEBONA LTDA.</p></td><td rowspan="1" colspan="1"><p>RS</p></td><td rowspan="1" colspan="1"><p>SARANDI</p></td><td rowspan="1" colspan="1"><p>25000109711200754</p></td></tr><tr><td rowspan="1" colspan="1"><p>2731</p></td><td rowspan="1" colspan="1"><p>07428935000201</p></td><td rowspan="1" colspan="1"><p>DROGARIA VEIT LTDA</p></td><td rowspan="1" colspan="1"><p>RS</p></td><td rowspan="1" colspan="1"><p>SEDE NOVA</p></td><td rowspan="1" colspan="1"><p>25000197030201031</p></td></tr><tr><td rowspan="1" colspan="1"><p>2732</p></td><td rowspan="1" colspan="1"><p>00826915000150</p></td><td rowspan="1" colspan="1"><p>FARMACIA SANTUARIO LTDA</p></td><td rowspan="1" colspan="1"><p>RS</p></td><td rowspan="1" colspan="1"><p>SERAFINA CORREA</p></td><td rowspan="1" colspan="1"><p>25000198267201039</p></td></tr><tr><td rowspan="1" colspan="1"><p>2733</p></td><td rowspan="1" colspan="1"><p>12521445000104</p></td><td rowspan="1" colspan="1"><p>SUSANA PIAZZA SANTIN &amp; CIA LTDA</p></td><td rowspan="1" colspan="1"><p>RS</p></td><td rowspan="1" colspan="1"><p>SERAFINA CORREA</p></td><td rowspan="1" colspan="1"><p>25000212610201065</p></td></tr><tr><td rowspan="1" colspan="1"><p>2734</p></td><td rowspan="1" colspan="1"><p>02394467000270</p></td><td rowspan="1" colspan="1"><p>DROGARIAS SCHMIDT LTDA</p></td><td rowspan="1" colspan="1"><p>RS</p></td><td rowspan="1" colspan="1"><p>SERTAO SANTANA</p></td><td rowspan="1" colspan="1"><p>25000024037200909</p></td></tr><tr><td rowspan="1" colspan="1"><p>2735</p></td><td rowspan="1" colspan="1"><p>95173951000330</p></td><td rowspan="1" colspan="1"><p>FARMACIA SINIMBU LTDA</p></td><td rowspan="1" colspan="1"><p>RS</p></td><td rowspan="1" colspan="1"><p>SINIMBU</p></td><td rowspan="1" colspan="1"><p>25000204595200867</p></td></tr><tr><td rowspan="1" colspan="1"><p>2736</p></td><td rowspan="1" colspan="1"><p>87423224000194</p></td><td rowspan="1" colspan="1"><p>FABIA R. EMMEL &amp; CIA. LTDA.</p></td><td rowspan="1" colspan="1"><p>RS</p></td><td rowspan="1" colspan="1"><p>SOBRADINHO</p></td><td rowspan="1" colspan="1"><p>25000210522201029</p></td></tr><tr><td rowspan="1" colspan="1"><p>2737</p></td><td rowspan="1" colspan="1"><p>10953926000155</p></td><td rowspan="1" colspan="1"><p>M &amp; M TARIGA LTDA</p></td><td rowspan="1" colspan="1"><p>RS</p></td><td rowspan="1" colspan="1"><p>TAPERA</p></td><td rowspan="1" colspan="1"><p>25000002589201172</p></td></tr><tr><td rowspan="1" colspan="1"><p>2738</p></td><td rowspan="1" colspan="1"><p>91422410000186</p></td><td rowspan="1" colspan="1"><p>DROGARIA JOTABE TAPES LTDA</p></td><td rowspan="1" colspan="1"><p>RS</p></td><td rowspan="1" colspan="1"><p>TAPES</p></td><td rowspan="1" colspan="1"><p>25000008581200903</p></td></tr><tr><td rowspan="1" colspan="1"><p>2739</p></td><td rowspan="1" colspan="1"><p>94296175015325</p></td><td rowspan="1" colspan="1"><p>DROGARIA MAIS ECONOMICA S.A. FALIDO</p></td><td rowspan="1" colspan="1"><p>RS</p></td><td rowspan="1" colspan="1"><p>TAPES</p></td><td rowspan="1" colspan="1"><p>25000051632200666</p></td></tr><tr><td rowspan="1" colspan="1"><p>2740</p></td><td rowspan="1" colspan="1"><p>02476691000120</p></td><td rowspan="1" colspan="1"><p>ROMILDA BURKE KAISZEWSKI</p></td><td rowspan="1" colspan="1"><p>RS</p></td><td rowspan="1" colspan="1"><p>TAPES</p></td><td rowspan="1" colspan="1"><p>25000012064201498</p></td></tr><tr><td rowspan="1" colspan="1"><p>2741</p></td><td rowspan="1" colspan="1"><p>11831594000107</p></td><td rowspan="1" colspan="1"><p>TROTT COMERCIO DE ORTOPEDICOS LTDA</p></td><td rowspan="1" colspan="1"><p>RS</p></td><td rowspan="1" colspan="1"><p>TAQUARA</p></td><td rowspan="1" colspan="1"><p>25000218150201089</p></td></tr><tr><td rowspan="1" colspan="1"><p>2742</p></td><td rowspan="1" colspan="1"><p>04127028000226</p></td><td rowspan="1" colspan="1"><p>DROGARIA TAQUARI LTDA</p></td><td rowspan="1" colspan="1"><p>RS</p></td><td rowspan="1" colspan="1"><p>TAQUARI</p></td><td rowspan="1" colspan="1"><p>25000193447200818</p></td></tr><tr><td rowspan="1" colspan="1"><p>2743</p></td><td rowspan="1" colspan="1"><p>86801685000190</p></td><td rowspan="1" colspan="1"><p>FARMACIA CAIALY LTDA</p></td><td rowspan="1" colspan="1"><p>RS</p></td><td rowspan="1" colspan="1"><p>TAQUARI</p></td><td rowspan="1" colspan="1"><p>25000169910201017</p></td></tr><tr><td rowspan="1" colspan="1"><p>2744</p></td><td rowspan="1" colspan="1"><p>10249158000153</p></td><td rowspan="1" colspan="1"><p>FARMACIA SGANDERLA LTDA</p></td><td rowspan="1" colspan="1"><p>RS</p></td><td rowspan="1" colspan="1"><p>TENENTE PORTELA</p></td><td rowspan="1" colspan="1"><p>25000021485200942</p></td></tr><tr><td rowspan="1" colspan="1"><p>2745</p></td><td rowspan="1" colspan="1"><p>03245706000101</p></td><td rowspan="1" colspan="1"><p>JULIERME TESSARI GODOI</p></td><td rowspan="1" colspan="1"><p>RS</p></td><td rowspan="1" colspan="1"><p>TENENTE PORTELA</p></td><td rowspan="1" colspan="1"><p>25000220658200822</p></td></tr><tr><td rowspan="1" colspan="1"><p>2746</p></td><td rowspan="1" colspan="1"><p>07288722000132</p></td><td rowspan="1" colspan="1"><p>LUCIANA PEREIRA TERNES</p></td><td rowspan="1" colspan="1"><p>RS</p></td><td rowspan="1" colspan="1"><p>TENENTE PORTELA</p></td><td rowspan="1" colspan="1"><p>25000218970201232</p></td></tr><tr><td rowspan="1" colspan="1"><p>2747</p></td><td rowspan="1" colspan="1"><p>94181203000175</p></td><td rowspan="1" colspan="1"><p>BORQUES E ROSA LTDA</p></td><td rowspan="1" colspan="1"><p>RS</p></td><td rowspan="1" colspan="1"><p>TORRES</p></td><td rowspan="1" colspan="1"><p>25000223791201136</p></td></tr><tr><td rowspan="1" colspan="1"><p>2748</p></td><td rowspan="1" colspan="1"><p>05573119000258</p></td><td rowspan="1" colspan="1"><p>FRIEDRICH &amp; ZENKER LTDA</p></td><td rowspan="1" colspan="1"><p>RS</p></td><td rowspan="1" colspan="1"><p>TORRES</p></td><td rowspan="1" colspan="1"><p>25000008497200981</p></td></tr><tr><td rowspan="1" colspan="1"><p>2749</p></td><td rowspan="1" colspan="1"><p>10272852000191</p></td><td rowspan="1" colspan="1"><p>VIVIANE S SCHWANCK LTDA</p></td><td rowspan="1" colspan="1"><p>RS</p></td><td rowspan="1" colspan="1"><p>TRES CACHOEIRAS</p></td><td rowspan="1" colspan="1"><p>25000198648201361</p></td></tr><tr><td rowspan="1" colspan="1"><p>2750</p></td><td rowspan="1" colspan="1"><p>91674655001091</p></td><td rowspan="1" colspan="1"><p>DROGA RIO COMERCIO, SERVICOS E REPRESENTACOES LTDA</p></td><td rowspan="1" colspan="1"><p>RS</p></td><td rowspan="1" colspan="1"><p>TRES COROAS</p></td><td rowspan="1" colspan="1"><p>25000174143201068</p></td></tr><tr><td rowspan="1" colspan="1"><p>2751</p></td><td rowspan="1" colspan="1"><p>03606054000436</p></td><td rowspan="1" colspan="1"><p>FARMACIA PARANHANA LTDA.</p></td><td rowspan="1" colspan="1"><p>RS</p></td><td rowspan="1" colspan="1"><p>TRES COROAS</p></td><td rowspan="1" colspan="1"><p>25000177880201012</p></td></tr><tr><td rowspan="1" colspan="1"><p>2752</p></td><td rowspan="1" colspan="1"><p>03606054000274</p></td><td rowspan="1" colspan="1"><p>FARMACIA PARANHANA LTDA.</p></td><td rowspan="1" colspan="1"><p>RS</p></td><td rowspan="1" colspan="1"><p>TRES COROAS</p></td><td rowspan="1" colspan="1"><p>25000177880201012</p></td></tr><tr><td rowspan="1" colspan="1"><p>2753</p></td><td rowspan="1" colspan="1"><p>02020355000330</p></td><td rowspan="1" colspan="1"><p>J. C. SANTOS &amp; CIA LTDA</p></td><td rowspan="1" colspan="1"><p>RS</p></td><td rowspan="1" colspan="1"><p>TRES DE MAIO</p></td><td rowspan="1" colspan="1"><p>25000189851201184</p></td></tr><tr><td rowspan="1" colspan="1"><p>2754</p></td><td rowspan="1" colspan="1"><p>07166055000115</p></td><td rowspan="1" colspan="1"><p>MANTOVANI &amp; MEDEIROS DE FARIAS LTDA</p></td><td rowspan="1" colspan="1"><p>RS</p></td><td rowspan="1" colspan="1"><p>TRES DE MAIO</p></td><td rowspan="1" colspan="1"><p>25000084647200791</p></td></tr><tr><td rowspan="1" colspan="1"><p>2755</p></td><td rowspan="1" colspan="1"><p>94305273000864</p></td><td rowspan="1" colspan="1"><p>FARMACIA DOS AMIGOS LTDA</p></td><td rowspan="1" colspan="1"><p>RS</p></td><td rowspan="1" colspan="1"><p>TRINDADE DO SUL</p></td><td rowspan="1" colspan="1"><p>25000201898200828</p></td></tr><tr><td rowspan="1" colspan="1"><p>2756</p></td><td rowspan="1" colspan="1"><p>94296175020086</p></td><td rowspan="1" colspan="1"><p>DROGARIA MAIS ECONOMICA S.A. FALIDO</p></td><td rowspan="1" colspan="1"><p>RS</p></td><td rowspan="1" colspan="1"><p>TUPANCIRETA</p></td><td rowspan="1" colspan="1"><p>25000051632200666</p></td></tr><tr><td rowspan="1" colspan="1"><p>2757</p></td><td rowspan="1" colspan="1"><p>08846185000242</p></td><td rowspan="1" colspan="1"><p>ARLETE T.H.KRIESE</p></td><td rowspan="1" colspan="1"><p>RS</p></td><td rowspan="1" colspan="1"><p>UBIRETAMA</p></td><td rowspan="1" colspan="1"><p>25000527583200999</p></td></tr><tr><td rowspan="1" colspan="1"><p>2758</p></td><td rowspan="1" colspan="1"><p>90297003000474</p></td><td rowspan="1" colspan="1"><p>ANTONIO ERONI NUNES JAQUES</p></td><td rowspan="1" colspan="1"><p>RS</p></td><td rowspan="1" colspan="1"><p>URUGUAIANA</p></td><td rowspan="1" colspan="1"><p>25000051463200664</p></td></tr><tr><td rowspan="1" colspan="1"><p>2759</p></td><td rowspan="1" colspan="1"><p>15263342000171</p></td><td rowspan="1" colspan="1"><p>CARLA LUCIANA CARDOZO TEIXEIRA &amp; CIA LTDA</p></td><td rowspan="1" colspan="1"><p>RS</p></td><td rowspan="1" colspan="1"><p>URUGUAIANA</p></td><td rowspan="1" colspan="1"><p>25000000958201516</p></td></tr><tr><td rowspan="1" colspan="1"><p>2760</p></td><td rowspan="1" colspan="1"><p>04196220000274</p></td><td rowspan="1" colspan="1"><p>LDT MANIPULACAO E COMERCIO DE MEDICAMENTOS LTDA</p></td><td rowspan="1" colspan="1"><p>RS</p></td><td rowspan="1" colspan="1"><p>URUGUAIANA</p></td><td rowspan="1" colspan="1"><p>25000024227201213</p></td></tr><tr><td rowspan="1" colspan="1"><p>2761</p></td><td rowspan="1" colspan="1"><p>00063960019705</p></td><td rowspan="1" colspan="1"><p>WMB SUPERMERCADOS DO BRASIL LTDA.</p></td><td rowspan="1" colspan="1"><p>RS</p></td><td rowspan="1" colspan="1"><p>URUGUAIANA</p></td><td rowspan="1" colspan="1"><p>25000086421201292</p></td></tr><tr><td rowspan="1" colspan="1"><p>2762</p></td><td rowspan="1" colspan="1"><p>02656032000175</p></td><td rowspan="1" colspan="1"><p>DROGALAR DROGARIA LTDA</p></td><td rowspan="1" colspan="1"><p>RS</p></td><td rowspan="1" colspan="1"><p>VACARIA</p></td><td rowspan="1" colspan="1"><p>25000223013200887</p></td></tr><tr><td rowspan="1" colspan="1"><p>2763</p></td><td rowspan="1" colspan="1"><p>94296175006920</p></td><td rowspan="1" colspan="1"><p>DROGARIA MAIS ECONOMICA S.A. FALIDO</p></td><td rowspan="1" colspan="1"><p>RS</p></td><td rowspan="1" colspan="1"><p>VACARIA</p></td><td rowspan="1" colspan="1"><p>25000051632200666</p></td></tr><tr><td rowspan="1" colspan="1"><p>2764</p></td><td rowspan="1" colspan="1"><p>03548860000314</p></td><td rowspan="1" colspan="1"><p>FARMACIA APOTHEKE LTDA</p></td><td rowspan="1" colspan="1"><p>RS</p></td><td rowspan="1" colspan="1"><p>VALE REAL</p></td><td rowspan="1" colspan="1"><p>25000115105201073</p></td></tr><tr><td rowspan="1" colspan="1"><p>2765</p></td><td rowspan="1" colspan="1"><p>02249983000120</p></td><td rowspan="1" colspan="1"><p>VALCIR VICENSI</p></td><td rowspan="1" colspan="1"><p>RS</p></td><td rowspan="1" colspan="1"><p>VANINI</p></td><td rowspan="1" colspan="1"><p>25000013351201504</p></td></tr><tr><td rowspan="1" colspan="1"><p>2766</p></td><td rowspan="1" colspan="1"><p>00366207000184</p></td><td rowspan="1" colspan="1"><p>COMERCIO DE SUVENIRES TJF LTDA</p></td><td rowspan="1" colspan="1"><p>RS</p></td><td rowspan="1" colspan="1"><p>VENANCIO AIRES</p></td><td rowspan="1" colspan="1"><p>25000091194200750</p></td></tr><tr><td rowspan="1" colspan="1"><p>2767</p></td><td rowspan="1" colspan="1"><p>02269569000344</p></td><td rowspan="1" colspan="1"><p>FARMACIA BEM ATIVA LTDA</p></td><td rowspan="1" colspan="1"><p>RS</p></td><td rowspan="1" colspan="1"><p>VENANCIO AIRES</p></td><td rowspan="1" colspan="1"><p>25000113831201132</p></td></tr><tr><td rowspan="1" colspan="1"><p>2768</p></td><td rowspan="1" colspan="1"><p>09477411000147</p></td><td rowspan="1" colspan="1"><p>KAUFMANN &amp; ROSA LTDA.</p></td><td rowspan="1" colspan="1"><p>RS</p></td><td rowspan="1" colspan="1"><p>VENANCIO AIRES</p></td><td rowspan="1" colspan="1"><p>25000204619200888</p></td></tr><tr><td rowspan="1" colspan="1"><p>2769</p></td><td rowspan="1" colspan="1"><p>12159898000124</p></td><td rowspan="1" colspan="1"><p>REHBEIN &amp; REHBEIN LTDA</p></td><td rowspan="1" colspan="1"><p>RS</p></td><td rowspan="1" colspan="1"><p>VENANCIO AIRES</p></td><td rowspan="1" colspan="1"><p>25000014588201171</p></td></tr><tr><td rowspan="1" colspan="1"><p>2770</p></td><td rowspan="1" colspan="1"><p>06096794000115</p></td><td rowspan="1" colspan="1"><p>SANDRA V. B. COUTINHO DA SILVA EIRELI</p></td><td rowspan="1" colspan="1"><p>RS</p></td><td rowspan="1" colspan="1"><p>VENANCIO AIRES</p></td><td rowspan="1" colspan="1"><p>25000204721200883</p></td></tr><tr><td rowspan="1" colspan="1"><p>2771</p></td><td rowspan="1" colspan="1"><p>98660301000146</p></td><td rowspan="1" colspan="1"><p>ATTILA ELOD BLESZ</p></td><td rowspan="1" colspan="1"><p>RS</p></td><td rowspan="1" colspan="1"><p>VERA CRUZ</p></td><td rowspan="1" colspan="1"><p>25000075321201150</p></td></tr><tr><td rowspan="1" colspan="1"><p>2772</p></td><td rowspan="1" colspan="1"><p>87547444000715</p></td><td rowspan="1" colspan="1"><p>ASSOCIACAO DR BARTHOLOMEU TACCHINI</p></td><td rowspan="1" colspan="1"><p>RS</p></td><td rowspan="1" colspan="1"><p>VERANOPOLIS</p></td><td rowspan="1" colspan="1"><p>25000004642201170</p></td></tr><tr><td rowspan="1" colspan="1"><p>2773</p></td><td rowspan="1" colspan="1"><p>94296175008205</p></td><td rowspan="1" colspan="1"><p>DROGARIA MAIS ECONOMICA S.A. FALIDO</p></td><td rowspan="1" colspan="1"><p>RS</p></td><td rowspan="1" colspan="1"><p>VERANOPOLIS</p></td><td rowspan="1" colspan="1"><p>25000051632200666</p></td></tr><tr><td rowspan="1" colspan="1"><p>2774</p></td><td rowspan="1" colspan="1"><p>02755867000182</p></td><td rowspan="1" colspan="1"><p>APGL COMERCIO DE MEDICAMENTOS E PERFUMARIA LTDA</p></td><td rowspan="1" colspan="1"><p>RS</p></td><td rowspan="1" colspan="1"><p>VIAMAO</p></td><td rowspan="1" colspan="1"><p>25000235813201372</p></td></tr></table>]]></Texto>
  </body>
  <Midias />
</article></xml>