﻿<xml><article id="44725169" name="PIN 340120250811 15h (Extraordin" idOficio="11189909" pubName="DO1" artType="Pauta" pubDate="01/08/2025" artClass="00028:00015:00003:00007:00002:00000:00000:00000:00000:00000:00053:00000" artCategory="Ministério da Fazenda/Conselho Administrativo de Recursos Fiscais/3ª Seção/4ª Câmara/1ª Turma Ordinária" artSize="12" artNotes="" numberPage="27" pdfPage="http://pesquisa.in.gov.br/imprensa/jsp/visualiza/index.jsp?data=01/08/2025&amp;jornal=515&amp;pagina=27" editionNumber="144" highlightType="" highlightPriority="" highlight="" highlightimage="" highlightimagename="" idMateria="22946192">
  <body>
    <Identifica><![CDATA[ PAUTA DE JULGAMENTO]]></Identifica>
    <Data><![CDATA[]]></Data>
    <Ementa />
    <Titulo />
    <SubTitulo />
    <Texto><![CDATA[<p class="identifica">PAUTA DE JULGAMENTO</p><p>Data da Reunião: 11/08/2025.</p><p>Pauta extraordinária de julgamento dos recursos da 1ª Turma Ordinária da 4ª Câmara da 3ª Seção, em sessão síncrona não presencial a ser realizada na data a seguir mencionada.</p><p>OBSERVAÇÕES:</p><p>1) Solicitações ou envios de sustentação oral e memorial devem ser feitos até 2 (dois) dias úteis antes do início da reunião mensal de julgamento da turma, independentemente da sessão em que o processo tenha sido agendado;</p><p>1.1) É permitido realizar sustentação oral;</p><p>a) em tempo real por meio de videoconferência ou tecnologia similar; ou</p><p>b) por meio de postagem de vídeo ou áudio no Centro de Atendimento Virtual da Receita Federal - e-CAC.</p><p>1.2) Serão desconsiderados a sustentação oral e o memorial cujos arquivos transmitidos não atendam à duração e aos requisitos previstos, respectivamente, no art. 11, e no art. 12 da Portaria CARF/MF nº 1.240, de 2 de agosto de 2024;</p><p>2) Solicitações de transferência ou retirada de pauta devem ser enviadas até 4 (quatro) dias úteis antes do início da reunião mensal de julgamento da turma, independentemente da sessão em que o processo tenha sido agendado; e</p><p>3) As sessões de julgamento serão transmitidas ao vivo no canal do CARF na internet no seguinte endereço: https://www.youtube.com/channel/UCXuwg-xPYjmdGcqCk4rdvRg.</p><p>DIA 11 de Agosto de 2025, ÀS 15:00 HORAS</p><p>Relator(a): MATEUS SOARES DE OLIVEIRA</p><p>1 - Processo nº: 11836.000036/2009-23 - Recorrente: LUFTHANSA CARGO A G e Interessado: FAZENDA NACIONAL</p><p>2 - Processo nº: 11836.000159/2009-64 - Recorrente: LUFTHANSA CARGO A G e Interessado: FAZENDA NACIONAL</p><p>3 - Processo nº: 15771.723473/2016-09 - Recorrente: ROBERTA ESPINHA CORREA e Interessado: FAZENDA NACIONAL</p><p>Relator(a): LAERCIO CRUZ ULIANA JUNIOR</p><p>4 - Processo nº: 10314.720151/2021-31 - Recorrente: SYLAR FABISIL IMPORTACAO E EXPORTACAO LTDA e Interessado: FAZENDA NACIONAL</p><p>5 - Processo nº: 10314.720153/2021-20 - Recorrente: SYLAR FABISIL IMPORTACAO E EXPORTACAO LTDA e Interessado: FAZENDA NACIONAL</p><p>6 - Processo nº: 10314.720154/2021-74 - Recorrente: SYLAR FABISIL IMPORTACAO E EXPORTACAO LTDA e Interessado: FAZENDA NACIONAL</p><p>7 - Processo nº: 10314.720155/2021-19 - Recorrente: SYLAR FABISIL IMPORTACAO E EXPORTACAO LTDA e Interessado: FAZENDA NACIONAL</p><p>8 - Processo nº: 10314.720156/2021-63 - Recorrente: SYLAR FABISIL IMPORTACAO E EXPORTACAO LTDA e Interessado: FAZENDA NACIONAL</p><p class="assina">Leonardo Correia Lima Macedo</p><p class="cargo">Presidente da 1ª Turma Ordinária</p>]]></Texto>
  </body>
  <Midias />
</article></xml>