﻿<xml><article id="44723282" name="PT_1028_GC3_v2" idOficio="11189487" pubName="DO1" artType="Portaria" pubDate="01/08/2025" artClass="00016:00010:00001:00005:00000:00000:00000:00000:00000:00000:00054:00000" artCategory="Ministério da Defesa/Comando da Aeronáutica/Gabinete do Comandante/Assessoria de Organização, Legislação, Ensino e Operações" artSize="12" artNotes="" numberPage="10" pdfPage="http://pesquisa.in.gov.br/imprensa/jsp/visualiza/index.jsp?data=01/08/2025&amp;jornal=515&amp;pagina=10" editionNumber="144" highlightType="" highlightPriority="" highlight="" highlightimage="" highlightimagename="" idMateria="22945623">
  <body>
    <Identifica><![CDATA[ PORTARIA GABAER/GC3 Nº 1.028, DE 31 DE JULHO DE 2025]]></Identifica>
    <Data><![CDATA[]]></Data>
    <Ementa><![CDATA[ Realoca Função Comissionada Executiva dentro do quadro demonstrativo de cargos em comissão e de funções de confiança do Comando da Aeronáutica do Ministério da Defesa.]]></Ementa>
    <Titulo />
    <SubTitulo />
    <Texto><![CDATA[<p class="identifica">PORTARIA GABAER/GC3 Nº 1.028, DE 31 DE JULHO DE 2025</p><p class="ementa">Realoca Função Comissionada Executiva dentro do quadro demonstrativo de cargos em comissão e de funções de confiança do Comando da Aeronáutica do Ministério da Defesa.</p><p>O COMANDANTE DA AERONÁUTICA, no uso das atribuições que lhe conferem o inciso XIV do art. 23, Anexo I, e os incisos V e VI do art. 7°, Estrutura Regimental do Comando da Aeronáutica, aprovada pelo Decreto nº 11.237, de 18 de outubro de 2022, tendo em vista o disposto no art. 13 do Decreto nº 10.829, de 5 de outubro de 2021, que regulamenta a Lei nº 14.204, de 16 de setembro de 2021 e considerando o que consta do Processo nº 67400.004806/2025-00, procedente do Comando-Geral do Pessoal:</p><p>Art. 1º Realoca uma Função Comissionada do Executivo de Assistente Técnico, FCE 2.02 do Departamento de Controle do Espaço Aéreo - DECEA para o Centro Regional de Controle do Espaço Aéreo Sudeste - CRCEA-SE.</p><p>Art. 2º A realocação tratada nesta Portaria deve ser registrada no Sistema de Organização e Inovação Institucional do Governo Federal - SIORG até o dia útil anterior à data de entrada em vigor desta Portaria e as alterações decorrentes deverão ser refletidas no respectivo regimento interno e nas alterações futuras do Decreto de aprovação de Estrutura Regimental do Comando da Aeronáutica do Ministério da Defesa, nos termos do art. 14, do Decreto nº 10.829, de 5 de outubro de 2021.</p><p>Art. 3º Esta Portaria entra em vigor sete dias úteis após a data de sua publicação.</p><p class="assina">Ten Brig Ar MARCELO KANITZ DAMASCENO</p><p>ANEXOALTERAÇÃO DO QUADRO DEMONSTRATIVO DOS CARGOS EM COMISSÃO E DAS FUNÇÕES DE CONFIANÇA DO COMANDO DA AERONÁUTICA(Anexo II, alínea "a" do Decreto nº 11.237, de 18 de outubro de 2022, alterado pela Portaria GABAER nº 526/GC3, de 27 de junho de 2023, pela Portaria GABAER nº 617/GC3, de 9 de novembro de 2023, pela Portaria GABAER/GC3 n° 710, de 11 de março de 2024, pela Portaria GABAER/GC3 nº 1.430, de 15 de abril de 2024, pela Portaria GABAER/GC3 nº 1.447, de 17 de maio de 2024, pela Portaria GABAER/GC3 nº 1.460, de 24 de junho de 2024, pela Portaria GABAER/GC3 nº 1.522, de 21 de outubro de 2024, pela Portaria GABAER/GC3 n° 1.544, de 28 de novembro de 2024, pela Portaria GABAER/GC3 nº 895, de 24 de janeiro de 2025, pela Portaria GABAER/GC3 nº 968, de 17 de abril de 2025, pela Portaria GABAER/GC3 nº 999, de 5 de junho de 2025 e pela Portaria GABAER/GC3 nº 1.006, de 2 de julho de 2025)</p><p /><p></p><table><tr /><tr><td rowspan="1" colspan="1"><p>UNIDADE</p></td><td rowspan="1" colspan="1"><p>CARGO/FUNÇÃO Nº</p></td><td rowspan="1" colspan="1"><p>DENOMINAÇÃO</p><p>CARGO/FUNÇÃO</p></td><td rowspan="1" colspan="1"><p>CCE/FCE</p></td></tr><tr><td rowspan="1" colspan="1"><p>DEPARTAMENTO DE CONTROLE DO ESPAÇO AÉREO</p></td><td rowspan="1" colspan="1"><p>0</p></td><td rowspan="1" colspan="1"><p>Assistente Técnico</p></td><td rowspan="1" colspan="1"><p>FCE 2.02</p></td></tr><tr><td rowspan="1" colspan="1"><p>CENTRO REGIONAL DE CONTROLE DO ESPAÇO AÉREO SUDESTE</p></td><td rowspan="1" colspan="1"><p>1</p></td><td rowspan="1" colspan="1"><p>Assistente Técnico</p></td><td rowspan="1" colspan="1"><p>FCE 2.02</p></td></tr></table>]]></Texto>
  </body>
  <Midias />
</article></xml>