﻿<xml><article id="44730298" name="Res_Desp_2.169_2025_STE" idOficio="11190983" pubName="DO1" artType="Despacho" pubDate="01/08/2025" artClass="00035:00043:00026:00000:00000:00000:00000:00000:00000:00000:00024:00000" artCategory="Ministério de Minas e Energia/Agência Nacional de Energia Elétrica/Superintendência de Inovação e Transição Energética" artSize="12" artNotes="" numberPage="71" pdfPage="http://pesquisa.in.gov.br/imprensa/jsp/visualiza/index.jsp?data=01/08/2025&amp;jornal=515&amp;pagina=71" editionNumber="144" highlightType="" highlightPriority="" highlight="" highlightimage="" highlightimagename="" idMateria="22947874">
  <body>
    <Identifica><![CDATA[ DESPACHO Nº 2.169, DE 21 DE JULHO DE 2025]]></Identifica>
    <Data><![CDATA[]]></Data>
    <Ementa />
    <Titulo />
    <SubTitulo />
    <Texto><![CDATA[<p class="identifica">DESPACHO Nº 2.169, DE 21 DE JULHO DE 2025</p><p>Processo nº: 48500.023131/2025-17. Interessado: EDP Espirito Santo Distribuição de Energia S.A, CNPJ: 28.152.650/0001-71, Decisão: (i) reconhecer o total de R$ 808.851,41 (oitocentos e oito mil, oitocentos e cinquenta e um reais e quarenta e um centavos); referente à realização do Projeto de Eficiência Energética, PE-00380- 0059/2017; e (ii) declarar o encerramento deste projeto. A íntegra deste Despacho consta dos autos e estará disponível em http://biblioteca.aneel.gov.br.</p><p class="assina">PAULO LUCIANO DE CARVALHO</p><p class="cargo">Superintendente</p>]]></Texto>
  </body>
  <Midias />
</article></xml>