﻿<xml><article id="44730213" name="portaria 230" idOficio="11190973" pubName="DO1" artType="Portaria" pubDate="01/08/2025" artClass="00040:00022:00021:00000:00000:00000:00000:00000:00000:00000:00054:00003" artCategory="Ministério do Planejamento e Orçamento/Secretaria de Orçamento Federal/Subsecretaria de Gestão Orçamentária" artSize="24" artNotes="" numberPage="98" pdfPage="http://pesquisa.in.gov.br/imprensa/jsp/visualiza/index.jsp?data=01/08/2025&amp;jornal=515&amp;pagina=98" editionNumber="144" highlightType="" highlightPriority="" highlight="" highlightimage="" highlightimagename="" idMateria="22947827">
  <body>
    <Identifica><![CDATA[ PORTARIA SOF/MPO Nº 230, DE 31 DE JULHO DE 2025]]></Identifica>
    <Data><![CDATA[]]></Data>
    <Ementa><![CDATA[ Modifica fontes de recursos constantes do Orçamento da Seguridade Social da União, no âmbito do Ministério da Saúde.]]></Ementa>
    <Titulo />
    <SubTitulo />
    <Texto><![CDATA[<p class="identifica">PORTARIA SOF/MPO Nº 230, DE 31 DE JULHO DE 2025</p><p class="ementa">Modifica fontes de recursos constantes do Orçamento da Seguridade Social da União, no âmbito do Ministério da Saúde.</p><p>O SUBSECRETÁRIO DE GESTÃO ORÇAMENTÁRIA, da Secretaria de Orçamento Federal, no uso da competência que lhe foi delegada pelo art. 1º, inciso II, alínea "b", da Portaria SOF/MPO nº 62, de 3 de junho de 2025, e de acordo com a autorização constante do art. 49, caput, § 1º, inciso III, alínea "a", da Lei nº 15.080, de 30 de dezembro de 2024, resolve:</p><p>Art. 1º Modificar, na forma dos Anexos I e II desta Portaria, as fontes de recursos constantes da Lei nº 15.121, de 10 de abril de 2025, no que concerne ao Ministério da Saúde.</p><p>Art. 2º Esta Portaria entra em vigor na data de sua publicação.</p><p class="assina">GLÁUCIO RAFAEL DA ROCHA CHARÃO</p><p>ANEXO</p><p /><p></p><table><tr><td rowspan="1" colspan="10"><p>ÓRGÃO: 36000 - Ministério da Saúde</p></td></tr><tr><td rowspan="1" colspan="3"><p>UNIDADE: 36901 - Fundo Nacional de Saúde</p></td><td rowspan="1" colspan="7" /></tr><tr><td rowspan="1" colspan="3"><p>ANEXO I</p></td><td rowspan="1" colspan="7"><p>Outras Alterações Orçamentárias</p></td></tr><tr><td rowspan="1" colspan="3"><p>PROGRAMA DE TRABALHO ( ACRÉSCIMO )</p></td><td rowspan="1" colspan="7"><p>Recurso de Todas as Fontes R$ 1,00</p></td></tr><tr><td rowspan="1" colspan="1"><p>PROGRAMÁTICA</p></td><td rowspan="1" colspan="1"><p>PROGRAMA/AÇÃO/LOCALIZADOR/PRODUTO</p></td><td rowspan="1" colspan="1"><p>FUNCIONAL</p></td><td rowspan="1" colspan="1"><p>E</p><p>S</p><p>F</p></td><td rowspan="1" colspan="1"><p>G</p><p>N</p><p>D</p></td><td rowspan="1" colspan="1"><p>R</p><p>P</p></td><td rowspan="1" colspan="1"><p>M</p><p>O</p><p>D</p></td><td rowspan="1" colspan="1"><p>I</p><p>U</p></td><td rowspan="1" colspan="1"><p>F</p><p>T</p><p>E</p></td><td rowspan="1" colspan="1"><p>VALOR</p></td></tr><tr><td rowspan="1" colspan="1"><p>5118</p></td><td rowspan="1" colspan="1"><p>Atenção Especializada à Saúde</p></td><td rowspan="1" colspan="7" /><td rowspan="1" colspan="1"><p>3.950.000.000</p></td></tr><tr><td rowspan="1" colspan="1" /><td rowspan="1" colspan="1"><p>Atividades</p></td><td rowspan="1" colspan="1" /><td rowspan="1" colspan="1" /><td rowspan="1" colspan="1" /><td rowspan="1" colspan="1" /><td rowspan="1" colspan="1" /><td rowspan="1" colspan="1" /><td rowspan="1" colspan="1" /><td rowspan="1" colspan="1" /></tr><tr><td rowspan="1" colspan="1"><p>5118 8585</p></td><td rowspan="1" colspan="1"><p>Atenção à Saúde da População para Procedimentos em Média e Alta Complexidade</p></td><td rowspan="1" colspan="1"><p>10 302</p></td><td rowspan="1" colspan="1" /><td rowspan="1" colspan="1" /><td rowspan="1" colspan="1" /><td rowspan="1" colspan="1" /><td rowspan="1" colspan="1" /><td rowspan="1" colspan="1" /><td rowspan="1" colspan="1"><p>3.950.000.000</p></td></tr><tr><td rowspan="1" colspan="1"><p>5118 8585 0029</p></td><td rowspan="1" colspan="1"><p>Atenção à Saúde da População para Procedimentos em Média e Alta Complexidade - No Estado da Bahia</p></td><td rowspan="1" colspan="1"><p>10 302</p></td><td rowspan="1" colspan="1" /><td rowspan="1" colspan="1" /><td rowspan="1" colspan="1" /><td rowspan="1" colspan="1" /><td rowspan="1" colspan="1" /><td rowspan="1" colspan="1" /><td rowspan="1" colspan="1"><p>1.363.250.052</p></td></tr><tr><td rowspan="1" colspan="1" /><td rowspan="1" colspan="1" /><td rowspan="1" colspan="1" /><td rowspan="1" colspan="1"><p>S</p></td><td rowspan="1" colspan="1"><p>3-ODC</p></td><td rowspan="1" colspan="1"><p>1</p></td><td rowspan="1" colspan="1"><p>41</p></td><td rowspan="1" colspan="1"><p>6</p></td><td rowspan="1" colspan="1"><p>3035</p></td><td rowspan="1" colspan="1"><p>1.363.250.052</p></td></tr><tr><td rowspan="1" colspan="1"><p>5118 8585 0033</p></td><td rowspan="1" colspan="1"><p>Atenção à Saúde da População para Procedimentos em Média e Alta Complexidade - No Estado do Rio de Janeiro</p></td><td rowspan="1" colspan="1"><p>10 302</p></td><td rowspan="1" colspan="1" /><td rowspan="1" colspan="1" /><td rowspan="1" colspan="1" /><td rowspan="1" colspan="1" /><td rowspan="1" colspan="1" /><td rowspan="1" colspan="1" /><td rowspan="1" colspan="1"><p>1.709.326.514</p></td></tr><tr><td rowspan="1" colspan="1" /><td rowspan="1" colspan="1" /><td rowspan="1" colspan="1" /><td rowspan="1" colspan="1"><p>S</p></td><td rowspan="1" colspan="1"><p>3-ODC</p></td><td rowspan="1" colspan="1"><p>1</p></td><td rowspan="1" colspan="1"><p>41</p></td><td rowspan="1" colspan="1"><p>6</p></td><td rowspan="1" colspan="1"><p>3035</p></td><td rowspan="1" colspan="1"><p>1.709.326.514</p></td></tr><tr><td rowspan="1" colspan="1"><p>5118 8585 0035</p></td><td rowspan="1" colspan="1"><p>Atenção à Saúde da População para Procedimentos em Média e Alta Complexidade - No Estado de São Paulo</p></td><td rowspan="1" colspan="1"><p>10 302</p></td><td rowspan="1" colspan="1" /><td rowspan="1" colspan="1" /><td rowspan="1" colspan="1" /><td rowspan="1" colspan="1" /><td rowspan="1" colspan="1" /><td rowspan="1" colspan="1" /><td rowspan="1" colspan="1"><p>877.423.434</p></td></tr><tr><td rowspan="1" colspan="1" /><td rowspan="1" colspan="1" /><td rowspan="1" colspan="1" /><td rowspan="1" colspan="1"><p>S</p></td><td rowspan="1" colspan="1"><p>3-ODC</p></td><td rowspan="1" colspan="1"><p>1</p></td><td rowspan="1" colspan="1"><p>41</p></td><td rowspan="1" colspan="1"><p>6</p></td><td rowspan="1" colspan="1"><p>3035</p></td><td rowspan="1" colspan="1"><p>877.423.434</p></td></tr><tr><td rowspan="1" colspan="9"><p>TOTAL - FISCAL</p></td><td rowspan="1" colspan="1"><p>0</p></td></tr><tr><td rowspan="1" colspan="9"><p>TOTAL - SEGURIDADE</p></td><td rowspan="1" colspan="1"><p>3.950.000.000</p></td></tr><tr><td rowspan="1" colspan="9"><p>TOTAL - GERAL</p></td><td rowspan="1" colspan="1"><p>3.950.000.000</p></td></tr><tr><td rowspan="1" colspan="9"><p></p></td><td rowspan="1" colspan="1" /></tr><tr><td rowspan="1" colspan="10"><p>ÓRGÃO: 36000 - Ministério da Saúde</p></td></tr><tr><td rowspan="1" colspan="3"><p>UNIDADE: 36901 - Fundo Nacional de Saúde</p></td><td rowspan="1" colspan="7" /></tr><tr><td rowspan="1" colspan="3"><p>ANEXO II</p></td><td rowspan="1" colspan="7"><p>Outras Alterações Orçamentárias</p></td></tr><tr><td rowspan="1" colspan="3"><p>PROGRAMA DE TRABALHO ( REDUÇÃO )</p></td><td rowspan="1" colspan="7"><p>Recurso de Todas as Fontes R$ 1,00</p></td></tr><tr><td rowspan="1" colspan="1"><p>PROGRAMÁTICA</p></td><td rowspan="1" colspan="1"><p>PROGRAMA/AÇÃO/LOCALIZADOR/PRODUTO</p></td><td rowspan="1" colspan="1"><p>FUNCIONAL</p></td><td rowspan="1" colspan="1"><p>E</p><p>S</p><p>F</p></td><td rowspan="1" colspan="1"><p>G</p><p>N</p><p>D</p></td><td rowspan="1" colspan="1"><p>R</p><p>P</p></td><td rowspan="1" colspan="1"><p>M</p><p>O</p><p>D</p></td><td rowspan="1" colspan="1"><p>I</p><p>U</p></td><td rowspan="1" colspan="1"><p>F</p><p>T</p><p>E</p></td><td rowspan="1" colspan="1"><p>VALOR</p></td></tr><tr><td rowspan="1" colspan="1"><p>5118</p></td><td rowspan="1" colspan="1"><p>Atenção Especializada à Saúde</p></td><td rowspan="1" colspan="7" /><td rowspan="1" colspan="1"><p>3.950.000.000</p></td></tr><tr><td rowspan="1" colspan="1" /><td rowspan="1" colspan="1"><p>Atividades</p></td><td rowspan="1" colspan="1" /><td rowspan="1" colspan="1" /><td rowspan="1" colspan="1" /><td rowspan="1" colspan="1" /><td rowspan="1" colspan="1" /><td rowspan="1" colspan="1" /><td rowspan="1" colspan="1" /><td rowspan="1" colspan="1" /></tr><tr><td rowspan="1" colspan="1"><p>5118 8585</p></td><td rowspan="1" colspan="1"><p>Atenção à Saúde da População para Procedimentos em Média e Alta Complexidade</p></td><td rowspan="1" colspan="1"><p>10 302</p></td><td rowspan="1" colspan="1" /><td rowspan="1" colspan="1" /><td rowspan="1" colspan="1" /><td rowspan="1" colspan="1" /><td rowspan="1" colspan="1" /><td rowspan="1" colspan="1" /><td rowspan="1" colspan="1"><p>3.950.000.000</p></td></tr><tr><td rowspan="1" colspan="1"><p>5118 8585 0029</p></td><td rowspan="1" colspan="1"><p>Atenção à Saúde da População para Procedimentos em Média e Alta Complexidade - No Estado da Bahia</p></td><td rowspan="1" colspan="1"><p>10 302</p></td><td rowspan="1" colspan="1" /><td rowspan="1" colspan="1" /><td rowspan="1" colspan="1" /><td rowspan="1" colspan="1" /><td rowspan="1" colspan="1" /><td rowspan="1" colspan="1" /><td rowspan="1" colspan="1"><p>1.363.250.052</p></td></tr><tr><td rowspan="1" colspan="1" /><td rowspan="1" colspan="1" /><td rowspan="1" colspan="1" /><td rowspan="1" colspan="1"><p>S</p></td><td rowspan="1" colspan="1"><p>3-ODC</p></td><td rowspan="1" colspan="1"><p>1</p></td><td rowspan="1" colspan="1"><p>41</p></td><td rowspan="1" colspan="1"><p>6</p></td><td rowspan="1" colspan="1"><p>1001</p></td><td rowspan="1" colspan="1"><p>1.363.250.052</p></td></tr><tr><td rowspan="1" colspan="1"><p>5118 8585 0033</p></td><td rowspan="1" colspan="1"><p>Atenção à Saúde da População para Procedimentos em Média e Alta Complexidade - No Estado do Rio de Janeiro</p></td><td rowspan="1" colspan="1"><p>10 302</p></td><td rowspan="1" colspan="1" /><td rowspan="1" colspan="1" /><td rowspan="1" colspan="1" /><td rowspan="1" colspan="1" /><td rowspan="1" colspan="1" /><td rowspan="1" colspan="1" /><td rowspan="1" colspan="1"><p>1.709.326.514</p></td></tr><tr><td rowspan="1" colspan="1" /><td rowspan="1" colspan="1" /><td rowspan="1" colspan="1" /><td rowspan="1" colspan="1"><p>S</p></td><td rowspan="1" colspan="1"><p>3-ODC</p></td><td rowspan="1" colspan="1"><p>1</p></td><td rowspan="1" colspan="1"><p>41</p></td><td rowspan="1" colspan="1"><p>6</p></td><td rowspan="1" colspan="1"><p>1002</p></td><td rowspan="1" colspan="1"><p>1.709.326.514</p></td></tr><tr><td rowspan="1" colspan="1"><p>5118 8585 0035</p></td><td rowspan="1" colspan="1"><p>Atenção à Saúde da População para Procedimentos em Média e Alta Complexidade - No Estado de São Paulo</p></td><td rowspan="1" colspan="1"><p>10 302</p></td><td rowspan="1" colspan="1" /><td rowspan="1" colspan="1" /><td rowspan="1" colspan="1" /><td rowspan="1" colspan="1" /><td rowspan="1" colspan="1" /><td rowspan="1" colspan="1" /><td rowspan="1" colspan="1"><p>877.423.434</p></td></tr><tr><td rowspan="1" colspan="1" /><td rowspan="1" colspan="1" /><td rowspan="1" colspan="1" /><td rowspan="1" colspan="1"><p>S</p></td><td rowspan="1" colspan="1"><p>3-ODC</p></td><td rowspan="1" colspan="1"><p>1</p></td><td rowspan="1" colspan="1"><p>41</p></td><td rowspan="1" colspan="1"><p>6</p></td><td rowspan="1" colspan="1"><p>1002</p></td><td rowspan="1" colspan="1"><p>877.423.434</p></td></tr><tr><td rowspan="1" colspan="9"><p>TOTAL - FISCAL</p></td><td rowspan="1" colspan="1"><p>0</p></td></tr><tr><td rowspan="1" colspan="9"><p>TOTAL - SEGURIDADE</p></td><td rowspan="1" colspan="1"><p>3.950.000.000</p></td></tr><tr><td rowspan="1" colspan="9"><p>TOTAL - GERAL</p></td><td rowspan="1" colspan="1"><p>3.950.000.000</p></td></tr></table>]]></Texto>
  </body>
  <Midias />
</article></xml>