﻿<xml><article id="44724371" name="2A Reformulacao 2025 RS SEI 00.0" idOficio="11189294" pubName="DO1" artType="Decisão" pubDate="01/08/2025" artClass="00071:00041:00000:00000:00000:00000:00000:00000:00000:00000:00018:00005" artCategory="Entidades de Fiscalização do Exercício das Profissões Liberais/Conselho Federal de Engenharia e Agronomia" artSize="12" artNotes="" numberPage="194" pdfPage="http://pesquisa.in.gov.br/imprensa/jsp/visualiza/index.jsp?data=01/08/2025&amp;jornal=515&amp;pagina=194" editionNumber="144" highlightType="" highlightPriority="" highlight="" highlightimage="" highlightimagename="" idMateria="22945355">
  <body>
    <Identifica><![CDATA[ DECISÃO PLENÁRIA Nº 1.094, DE 23 DE JULHO DE 2025]]></Identifica>
    <Data><![CDATA[]]></Data>
    <Ementa />
    <Titulo />
    <SubTitulo />
    <Texto><![CDATA[<p class="identifica">DECISÃO PLENÁRIA Nº 1.094, DE 23 DE JULHO DE 2025</p><p>O Plenário do Confea, reunido em Brasília-DF, no dia 23 de julho de 2025, apreciando a Deliberação nº 130/2025-CCSS, que trata da 2ª Reformulação Orçamentária do CREA-RS para o exercício de 2025, considerando a Resolução nº 1138/2023, decidiu aprovar a 2ª Reformulação Orçamentária por unidade de centro de custos para o exercício de 2025, com a suplementação do valor de R$ 15.252.197,82 (quinze milhões, duzentos e cinquenta e dois mil, cento e noventa e sete reais e oitenta e dois centavos), alterando o valor total para R$ 137.955.720,92 (cento e trinta e sete milhões, novecentos e cinquenta e cinco mil, setecentos e vinte reais e noventa e dois centavos), Processo Sei nº 00.006274/2024-98, conforme demonstrado abaixo:</p><p>- Receitas correntes R$ 118.755.355,37, R. de Capital R$ 19.200.365,55; totalizando em R$ 137.955.720,92.</p><p>- Despesas correntes R$ 129.415.720,92, D. de Capital R$ 8.540.000,00; totalizando em R$ 137.955.720,92.</p><p class="assina">VINICIUS MARCHESE Marinelli</p><p class="cargo">Presidente do Conselho</p>]]></Texto>
  </body>
  <Midias />
</article></xml>