﻿<xml><article id="44733111" name="Res_Desp_2.277_2025_STD_GRSD" idOficio="11191306" pubName="DO1" artType="Despacho" pubDate="01/08/2025" artClass="00035:00043:00056:00003:00000:00000:00000:00000:00000:00000:00024:00000" artCategory="Ministério de Minas e Energia/Agência Nacional de Energia Elétrica/Superintendência de Regulação dos Serviços de Transmissão e Distribuição de Energia Elétrica/Gerência de Regulação do Serviço de Distribuição" artSize="12" artNotes="" numberPage="71" pdfPage="http://pesquisa.in.gov.br/imprensa/jsp/visualiza/index.jsp?data=01/08/2025&amp;jornal=515&amp;pagina=71" editionNumber="144" highlightType="" highlightPriority="" highlight="" highlightimage="" highlightimagename="" idMateria="22948569">
  <body>
    <Identifica><![CDATA[ DESPACHO Nº 2.277, DE 30 DE JULHO DE 2025]]></Identifica>
    <Data><![CDATA[]]></Data>
    <Ementa />
    <Titulo />
    <SubTitulo />
    <Texto><![CDATA[<p class="identifica">DESPACHO Nº 2.277, DE 30 DE JULHO DE 2025</p><p>Processo nº:48500.900504/2015-18. Decisão: I - homologar a Diferença Mensal de Receita - DMR apurada na aplicação da Tarifa Social de Energia Elétrica e os recursos da Conta de Desenvolvimento Energético a serem repassados às distribuidoras pela Câmara de Comercialização de Energia Elétrica - CCEE da competência de junho de 2025 e residuais, conforme Anexos I e II; e II - não homologar a Diferença Mensal de Receita - DMR do Anexo III. Período: junho de 2025. A íntegra deste Despacho (e seus anexos) consta dos autos e estará disponível em biblioteca.aneel.gov.br.</p><p class="assina">PEDRO MELLO LOMBARDI</p><p class="cargo">Gerente</p>]]></Texto>
  </body>
  <Midias />
</article></xml>