﻿<xml><article id="44730171" name="Texto publicacao-D.O.U. 31.07.20" idOficio="11190946" pubName="DO1" artType="Despacho" pubDate="01/08/2025" artClass="00048:00030:00001:01452:00000:00000:00000:00000:00000:00000:00024:00000" artCategory="Ministério do Trabalho e Emprego/Secretaria de Relações do Trabalho/Departamento de Relações do Trabalho/Coordenação-Geral de Registro Sindical" artSize="12" artNotes="" numberPage="190" pdfPage="http://pesquisa.in.gov.br/imprensa/jsp/visualiza/index.jsp?data=01/08/2025&amp;jornal=515&amp;pagina=190" editionNumber="144" highlightType="" highlightPriority="" highlight="" highlightimage="" highlightimagename="" idMateria="22947802">
  <body>
    <Identifica><![CDATA[ Despacho de 31 de julho de 2025-CGRS]]></Identifica>
    <Data><![CDATA[]]></Data>
    <Ementa />
    <Titulo />
    <SubTitulo />
    <Texto><![CDATA[<p class="identifica">Despacho de 31 de julho de 2025-CGRS</p><p>O Diretor do Departamento de Relações do Trabalho, no uso das suas atribuições legais, considerando a irregularidade processual e com fundamento na Análise Técnica nº 4087 (SEI 6177902), resolve: a) INDEFERIR o pedido de Registro de Incorporação n.º 47979.203726/2025-75, de interesse do SINDCONT- Norte de Minas - Sindicato dos Contabilistas do Norte de Minas, CNPJ 25.229.097/0001-30, tendo em vista a irregularidade de documentação não passível de saneamento, bem como a incompatibilidade entre o requerimento eletrônico no sistema CNES e a documentação apresentada, nos termos do art. 22, incisos II e III, da Portaria MTE nº 3.472, de 2023 e, por conseguinte, b) ARQUIVAR o referido processo, nos termos do art. 23, inciso I, do mesmo normativo.</p><p class="assina">ANDRÉ LUIS GRANDIZOLI</p>]]></Texto>
  </body>
  <Midias />
</article></xml>