﻿<xml><article id="44728805" name="Resolucao nA 128.2025 - Alteraca" idOficio="11190701" pubName="DO1" artType="Resolução" pubDate="01/08/2025" artClass="00025:00101:00347:00000:00000:00000:00000:00000:00000:00000:00064:00000" artCategory="Ministério da Educação/Universidade Federal do Espírito Santo/Conselho de Ensino Pesquisa e Extensão" artSize="12" artNotes="" numberPage="25" pdfPage="http://pesquisa.in.gov.br/imprensa/jsp/visualiza/index.jsp?data=01/08/2025&amp;jornal=515&amp;pagina=25" editionNumber="144" highlightType="" highlightPriority="" highlight="" highlightimage="" highlightimagename="" idMateria="22947456">
  <body>
    <Identifica><![CDATA[ RESOLUÇÃO/CEPE/UFES/Nº 128, DE 28 DE JULHO DE 2025]]></Identifica>
    <Data><![CDATA[]]></Data>
    <Ementa><![CDATA[ Homologa a decisão ad referendum do Presidente deste Conselho que aprovou a alteração do anexo da Resolução nº 110, de 31 de janeiro de 2025, deste Conselho.]]></Ementa>
    <Titulo />
    <SubTitulo />
    <Texto><![CDATA[<p class="identifica">RESOLUÇÃO/CEPE/UFES/Nº 128, DE 28 DE JULHO DE 2025</p><p class="ementa">Homologa a decisão ad referendum do Presidente deste Conselho que aprovou a alteração do anexo da Resolução nº 110, de 31 de janeiro de 2025, deste Conselho.</p><p>O CONSELHO DE ENSINO, PESQUISA E EXTENSÃO DA UNIVERIDADE FEDERAL DO ESPÍRITO SANTO, no uso de suas atribuições legais e estatutárias, e tendo em vista o que consta do Processo Digital nº 23068.066879/2024-59 - PRÓ-REITORIA DE GRADUAÇÃO - PROGRAD; o parecer da Comissão de Ensino de Graduação e Extensão - Cege do Conselho de Ensino, Pesquisa e Extensão - Cepe; e a aprovação da plenária por unanimidade na Sessão Ordinária do dia 28 de julho de 2025, resolve:</p><p>Art. 1° Esta Resolução homologa a decisão ad referendum do Presidente do Conselho de Ensino, Pesquisa e Extensão - Cepe, que aprovou a alteração do Anexo da Resolução nº 110, de 31 de janeiro de 2025, deste Conselho, que trata do calendário acadêmico da Ufes para o ano letivo de 2025.</p><p>Art. 2° O Anexo da Resolução nº 110, de 31 de janeiro de 2025, passa a vigorar com as alterações constantes do Anexo desta Resolução.</p><p>Art. 3° Esta Resolução entra em vigor na data de sua publicação.</p><p class="assina">EUSTÁQUIO VINICIUS RIBEIRO DE CASTRO</p><p class="cargo">Presidente do Conselho</p><p>ANEXO</p><p>ANEXO DA RESOLUÇÃO CEPE/UFES/N° 128, DE 28 DE JULHO DE 2025</p><p>"..........................................................................................................................</p><p>............................................................................................................................</p><p /><p></p><table><tr /><tr><td rowspan="1" colspan="4"><p>AÇÕES REFERENTES AO PERÍODO LETIVO 2024/2</p></td></tr><tr><td rowspan="1" colspan="1"><p>Grupo de atividades</p></td><td rowspan="1" colspan="1"><p>Responsável</p></td><td rowspan="1" colspan="1"><p>Data</p></td><td rowspan="1" colspan="1"><p>Atividade</p></td></tr><tr><td rowspan="1" colspan="1"><p>Colação de grau</p></td><td rowspan="1" colspan="1"><p>Cerd/Prograd</p></td><td rowspan="1" colspan="1"><p>20 a 22/8/2025</p></td><td rowspan="1" colspan="1"><p>Colação de grau em data especial dos concluintes 2024/2</p></td></tr><tr><td rowspan="1" colspan="4"><p>AÇÕES REFERENTES AO PERÍODO LETIVO 2025/1</p></td></tr><tr><td rowspan="1" colspan="1"><p>Grupo de atividades</p></td><td rowspan="1" colspan="1"><p>Responsável</p></td><td rowspan="1" colspan="1"><p>Data</p></td><td rowspan="1" colspan="1"><p>Atividade</p></td></tr><tr><td rowspan="1" colspan="1"><p>Estágio curricular obrigatório</p></td><td rowspan="1" colspan="1"><p>Estudante/ Professor</p></td><td rowspan="1" colspan="1"><p>27/7/2025</p></td><td rowspan="1" colspan="1"><p>Término das atividades do estágio curricular obrigatório do semestre letivo 2025/1 (exclusivamente para o Curso de</p><p>Medicina)</p></td></tr><tr><td rowspan="1" colspan="1"><p>Notas finais</p></td><td rowspan="1" colspan="1"><p>Professor</p></td><td rowspan="1" colspan="1"><p>28 a 30/7/2025</p></td><td rowspan="1" colspan="1"><p>Lançamento de notas relativas ao estágio curricular 2025/1 (exclusivamente para o Curso de Medicina)</p></td></tr><tr><td rowspan="1" colspan="1"><p>Colação de grau</p></td><td rowspan="1" colspan="1"><p>Centro de Ciências da Saúde</p></td><td rowspan="1" colspan="1"><p>28 e 29/8/2025</p></td><td rowspan="1" colspan="1"><p>Colação de grau 2025/1 (exclusivamente para o Curso de Medicina)</p></td></tr><tr><td rowspan="1" colspan="4"><p>AÇÕES REFERENTES AO PERÍODO LETIVO 2025/2</p></td></tr><tr><td rowspan="1" colspan="1"><p>Mobilidade Acadêmica Nacional</p></td><td rowspan="1" colspan="1"><p>DAA/Prograd</p></td><td rowspan="1" colspan="1"><p>15/9 a 3/11/2025</p></td><td rowspan="1" colspan="1"><p>Recebimento do requerimento de participação no programa (alunos de outras IES para a Ufes)*</p></td></tr><tr><td rowspan="1" colspan="1"><p>Estágio curricular obrigatório</p></td><td rowspan="1" colspan="1"><p>Estudante/ Professor</p></td><td rowspan="1" colspan="1"><p>28/7/2025</p></td><td rowspan="1" colspan="1"><p>Início das atividades do estágio curricular obrigatório do semestre letivo 2025/2 (exclusivamente para o Curso de Medicina)</p></td></tr><tr><td rowspan="1" colspan="1" /><td rowspan="1" colspan="1"><p>Estudante/ Professor</p></td><td rowspan="1" colspan="1"><p>11/1/2026</p></td><td rowspan="1" colspan="1"><p>Término das atividades do estágio curricular obrigatório do semestre letivo 2025/2 (exclusivamente para o Curso de Medicina)</p></td></tr><tr><td rowspan="1" colspan="1"><p>Notas finais</p></td><td rowspan="1" colspan="1"><p>Professor</p></td><td rowspan="1" colspan="1"><p>12/1 a 14/1/2026</p></td><td rowspan="1" colspan="1"><p>Lançamento de notas relativas ao estágio curricular 2025/2 (exclusivamente para o Curso de Medicina)</p></td></tr><tr><td rowspan="1" colspan="1"><p>Colação de grau</p></td><td rowspan="1" colspan="1"><p>Centro de Ciências da Saúde</p></td><td rowspan="1" colspan="1"><p>20 e 21/2/2026</p></td><td rowspan="1" colspan="1"><p>Colação de grau 2025/2 (exclusivamente para o Curso de Medicina)</p></td></tr><tr><td rowspan="1" colspan="4"><p>AÇÕES REFERENTES AO PERÍODO LETIVO 2026/1</p></td></tr><tr><td rowspan="1" colspan="1"><p>Grupo de atividades</p></td><td rowspan="1" colspan="1"><p>Responsável</p></td><td rowspan="1" colspan="1"><p>Data</p></td><td rowspan="1" colspan="1"><p>Atividade</p></td></tr><tr><td rowspan="1" colspan="1"><p>Processo seletivo para ingresso como refugiado político</p></td><td rowspan="1" colspan="1"><p>DRCA/Prograd</p></td><td rowspan="1" colspan="1"><p>1º/10/2025</p></td><td rowspan="1" colspan="1"><p>Publicação do edital de abertura de inscrições para ingresso como refugiado político em 2026</p></td></tr></table><p>............................................................................................................" (NR)</p>]]></Texto>
  </body>
  <Midias />
</article></xml>