﻿<xml><article id="44730505" name="ADE10CAXIAS31" idOficio="11190987" pubName="DO1" artType="Ato Declaratório" pubDate="01/08/2025" artClass="00028:00032:00435:00102:00004:00000:00000:00000:00000:00000:00007:00000" artCategory="Ministério da Fazenda/Secretaria Especial da Receita Federal do Brasil/Secretaria-Adjunta/Superintendência Regional da Receita Federal do Brasil 10ª Região Fiscal/Delegacia da Receita Federal do Brasil em Caxias do Sul" artSize="12" artNotes="" numberPage="29" pdfPage="http://pesquisa.in.gov.br/imprensa/jsp/visualiza/index.jsp?data=01/08/2025&amp;jornal=515&amp;pagina=29" editionNumber="144" highlightType="" highlightPriority="" highlight="" highlightimage="" highlightimagename="" idMateria="22947911">
  <body>
    <Identifica><![CDATA[ ATO DECLARATÓRIO EXECUTIVO DRF/CXS Nº 31, DE 31 DE JULHO DE 2025]]></Identifica>
    <Data><![CDATA[]]></Data>
    <Ementa><![CDATA[ Inscreve no Registro Especial e autoriza engarrafamento dos produtos que menciona.]]></Ementa>
    <Titulo />
    <SubTitulo />
    <Texto><![CDATA[<p class="identifica">ATO DECLARATÓRIO EXECUTIVO DRF/CXS Nº 31, DE 31 DE JULHO DE 2025</p><p class="ementa">Inscreve no Registro Especial e autoriza engarrafamento dos produtos que menciona.</p><p>O DELEGADO DA RECEITA FEDERAL DO BRASIL EM CAXIAS DO SUL, no uso das atribuições que lhe conferem o artigo 360, III, do Regimento Interno da Secretaria Especial da Receita Federal do Brasil (RFB) do Ministério da Economia, aprovado pela Portaria ME nº 284, de 27 de julho de 2020, publicada no DOU de 27 de julho de 2020, considerando o disposto na Instrução Normativa RFB nº 1.432, de 26 de dezembro de 2013, artigos 3º, e o que consta do processo n° 13033.164964/2025-14, DECLARA:</p><p>Artº 1º. Está inscrito no Registro Especial sob o n° 10106/592, como PRODUTOR de bebidas alcoólicas o estabelecimento da empresa DESTILARIA TODESCHINI LTDA, inscrita no CNPJ sob o nº 05.790.491/0001-35.</p><p>Artº 2º. O estabelecimento supracitado está autorizado a produzir/engarrafar os produtos abaixo discriminados</p><p /><p></p><table><tr /><tr><td rowspan="1" colspan="1"><p>Produto</p></td><td rowspan="1" colspan="1"><p>Marca Comercial</p></td><td rowspan="1" colspan="1"><p>Classificação Fiscal</p></td><td rowspan="1" colspan="1"><p>Tipo do Recipiente/ML</p></td></tr><tr><td rowspan="1" colspan="1"><p>GIN E GENEBRA</p></td><td rowspan="1" colspan="1"><p>BIGGER GIN</p></td><td rowspan="1" colspan="1"><p>22085000</p></td><td rowspan="1" colspan="1"><p>VIDRO/750</p></td></tr></table><p>Art. 3º Este Ato Declaratório Executivo entra em vigor na data de sua publicação no Diário Oficial da União.</p><p class="assina">LEANDRO TESSARO RAMOS</p>]]></Texto>
  </body>
  <Midias />
</article></xml>