﻿<xml><article id="44735215" name="PortMB-MD-51-2025_006" idOficio="11191346" pubName="DO1" artType="Portaria" pubDate="01/08/2025" artClass="00016:00012:00001:00000:00000:00000:00000:00000:00000:00000:00054:00006" artCategory="Ministério da Defesa/Comando da Marinha/Gabinete do Comandante" artSize="12" artNotes="" numberPage="12" pdfPage="http://pesquisa.in.gov.br/imprensa/jsp/visualiza/index.jsp?data=01/08/2025&amp;jornal=515&amp;pagina=12" editionNumber="144" highlightType="" highlightPriority="" highlight="" highlightimage="" highlightimagename="" idMateria="22948606">
  <body>
    <Identifica />
    <Data><![CDATA[]]></Data>
    <Ementa />
    <Titulo />
    <SubTitulo />
    <Texto><![CDATA[<p>4.2.4. Para os cabelos presos em "rabo de cavalo", aplicam-se as seguintes instruções:</p><p>a) o rabo de cavalo deve ser feito na altura das orelhas, centralizado, preso com elástico ou grampos que mantenham a tonalidade da cor do cabelo e discrição;</p><p>b) o comprimento máximo do rabo de cavalo não deve ultrapassar o limite do meio das escápulas; e</p><p>c) é vedado o uso de "rabo de cavalo" feito no topo da cabeça, na nuca ou lateralizado.</p><img name="1_MD_1_006" />]]></Texto>
  </body>
  <Midias>
    <Midia></Midia>
  </Midias>
</article></xml>