﻿<xml><article id="44732174" name="PORT_2349_Amaral Ferrador - RS- " idOficio="11191194" pubName="DO1" artType="Portaria" pubDate="01/08/2025" artClass="00032:00031:00000:00000:00000:00000:00000:00000:00000:00000:00054:00000" artCategory="Ministério da Integração e do Desenvolvimento Regional/Secretaria Nacional de Proteção e Defesa Civil" artSize="12" artNotes="" numberPage="60" pdfPage="http://pesquisa.in.gov.br/imprensa/jsp/visualiza/index.jsp?data=01/08/2025&amp;jornal=515&amp;pagina=60" editionNumber="144" highlightType="" highlightPriority="" highlight="" highlightimage="" highlightimagename="" idMateria="22948437">
  <body>
    <Identifica><![CDATA[ Portaria nº 2.349, de 30 de julho de 2025]]></Identifica>
    <Data><![CDATA[]]></Data>
    <Ementa><![CDATA[Autoriza o empenho e a transferência de recursos ao Município Senador Amaral Ferrador - RS, para execução de ações de Proteção e Defesa Civil]]></Ementa>
    <Titulo />
    <SubTitulo />
    <Texto><![CDATA[<p class="identifica">Portaria nº 2.349, de 30 de julho de 2025</p><p class="ementa">Autoriza o empenho e a transferência de recursos ao Município Senador Amaral Ferrador - RS, para execução de ações de Proteção e Defesa Civil</p><p>A UNIÃO, por intermédio do MINISTÉRIO DA INTEGRAÇÃO E DO DESENVOLVIMENTO REGIONAL, neste ato representado pelo SECRETÁRIO NACIONAL DE PROTEÇÃO E DEFESA CIVIL, nomeado pela Portaria n.º 190, de 1º de janeiro de 2023, publicada no DOU., de 2 de janeiro de 2023, Seção 2, Edição Extra B, consoante a delegação de competência conferida pela Portaria n.º 1.184, de 15 de abril de 2024, publicada no DOU., de 16 de abril de 2024, Seção 1, e tendo em vista o disposto na Lei n.º 12.340, de 01 de dezembro de 2010, na Lei n.º 12.608, de 10 de abril de 2012 e no Decreto n.º 11.219, de 5 de outubro de 2022 e no Decreto n.º 11.655, de 23 de agosto de 2023, resolve:</p><p>Art. 1º Autorizar o empenho e a transferência de recursos ao Município de Amaral Ferrador - RS no valor de R$ 205.742,38 (duzentos e cinco mil setecentos e quarenta e dois reais e trinta e oito centavos), para a execução de ações de Resposta, conforme processo Sei n.º 59052.035911/2025-51.</p><p>Art. 2º Os recursos financeiros serão empenhados a título de Transferência Obrigatória, conforme a legislação vigente, observando a classificação orçamentária: PT: 06.182.2318.22BO.6504; GND: 3.3.40.41; Fonte: 300; UG: 530012.</p><p>Art. 3º Considerando a natureza emergencial e as ações a serem implementadas, o prazo para a execução será de 180 dias, a partir da publicação desta portaria no Diário Oficial da União (DOU.).</p><p>Art. 4º A utilização dos recursos transferidos, pelo ente beneficiário, está vinculada exclusivamente à execução das ações especificadas no Art. 1º desta Portaria.</p><p>Art. 5º O ente beneficiário deverá apresentar a Prestação de Contas Final no prazo de 30 dias, contados da data-fim do prazo estabelecido para a execução das ações ou do último pagamento efetuado, quando este ocorrer em data anterior ao encerramento do prazo, nos termos do Art. 32 do Decreto n.º 11.655, de 23 de agosto de 2023.</p><p>Art. 6º Esta Portaria entra em vigor na data de sua publicação.</p><p class="assina">WOLNEI WOLFF BARREIROS</p>]]></Texto>
  </body>
  <Midias />
</article></xml>