﻿<xml><article id="44730271" name="Res_REA_16.327_2025_SCE" idOficio="11190983" pubName="DO1" artType="Resolução" pubDate="01/08/2025" artClass="00035:00043:00021:00000:00000:00000:00000:00000:00000:00000:00024:00002" artCategory="Ministério de Minas e Energia/Agência Nacional de Energia Elétrica/Diretoria Colegiada" artSize="12" artNotes="" numberPage="70" pdfPage="http://pesquisa.in.gov.br/imprensa/jsp/visualiza/index.jsp?data=01/08/2025&amp;jornal=515&amp;pagina=70" editionNumber="144" highlightType="" highlightPriority="" highlight="" highlightimage="" highlightimagename="" idMateria="22947878">
  <body>
    <Identifica><![CDATA[ RESOLUÇÃO AUTORIZATIVA Nº 16.327, DE 29 DE JULHO DE 2025]]></Identifica>
    <Data><![CDATA[]]></Data>
    <Ementa />
    <Titulo />
    <SubTitulo />
    <Texto><![CDATA[<p class="identifica">RESOLUÇÃO AUTORIZATIVA Nº 16.327, DE 29 DE JULHO DE 2025</p><p>O DIRETOR-GERAL DA AGÊNCIA NACIONAL DE ENERGIA ELÉTRICA - ANEEL, com base no art. 16, IV, do Regimento Interno da ANEEL, resolve:</p><p>Processo nº: 48500.022238/2025-48. Interessado: Equatorial Pará Distribuidora de Energia S.A., CNPJ nº 04.895.728/0001-80. Objeto: Declarar de utilidade pública, para desapropriação, em favor da interessada, a área de terra que perfaz uma superície de aproximadamente 5.180 (cinco mil, cento e oitenta) metros quadrados, necessária à implantação da Subestação 69/13,8 kV Icuí, localizada no município de Ananindeua, no estado do Pará. A íntegra desta Resolução consta dos autos e encontra-se disponível no endereço eletrônico http://biblioteca.aneel.gov.br.</p><p class="assina">SANDOVAL DE ARAÚJO FEITOSA NETO</p>]]></Texto>
  </body>
  <Midias />
</article></xml>