﻿<xml><article id="44735729" name="Portaria FP 31 07 2025 Descreden" idOficio="11191432" pubName="DO1" artType="Despacho" pubDate="01/08/2025" artClass="00047:00039:00000:00000:00000:00000:00000:00000:00000:00000:00024:00000" artCategory="Ministério da Saúde/Secretaria de Ciência, Tecnologia e Inovação e do Complexo Econômico-Industrial da Saúde" artSize="24" artNotes="" numberPage="122" pdfPage="http://pesquisa.in.gov.br/imprensa/jsp/visualiza/index.jsp?data=01/08/2025&amp;jornal=515&amp;pagina=122" editionNumber="144" highlightType="" highlightPriority="" highlight="" highlightimage="" highlightimagename="" idMateria="22948776">
  <body>
    <Identifica />
    <Data><![CDATA[]]></Data>
    <Ementa />
    <Titulo />
    <SubTitulo />
    <Texto><![CDATA[<p /><p></p><table><tr /><tr><td rowspan="1" colspan="1"><p>213</p></td><td rowspan="1" colspan="1"><p>05225479000340</p></td><td rowspan="1" colspan="1"><p>FARMACIA PACATUBA LTDA</p></td><td rowspan="1" colspan="1"><p>CE</p></td><td rowspan="1" colspan="1"><p>FORTALEZA</p></td><td rowspan="1" colspan="1"><p>25000138457201188</p></td></tr><tr><td rowspan="1" colspan="1"><p>214</p></td><td rowspan="1" colspan="1"><p>16945394000190</p></td><td rowspan="1" colspan="1"><p>FARMACIA SANTA CECILIA LTDA.</p></td><td rowspan="1" colspan="1"><p>CE</p></td><td rowspan="1" colspan="1"><p>FORTALEZA</p></td><td rowspan="1" colspan="1"><p>25000149767201390</p></td></tr><tr><td rowspan="1" colspan="1"><p>215</p></td><td rowspan="1" colspan="1"><p>12851764000170</p></td><td rowspan="1" colspan="1"><p>FARMACIA SUPERPHARMA EIRELI</p></td><td rowspan="1" colspan="1"><p>CE</p></td><td rowspan="1" colspan="1"><p>FORTALEZA</p></td><td rowspan="1" colspan="1"><p>25000144977201120</p></td></tr><tr><td rowspan="1" colspan="1"><p>216</p></td><td rowspan="1" colspan="1"><p>18368495000171</p></td><td rowspan="1" colspan="1"><p>G T A MEDICAMENTOS LTDA</p></td><td rowspan="1" colspan="1"><p>CE</p></td><td rowspan="1" colspan="1"><p>FORTALEZA</p></td><td rowspan="1" colspan="1"><p>25000136476201412</p></td></tr><tr><td rowspan="1" colspan="1"><p>217</p></td><td rowspan="1" colspan="1"><p>04899316008364</p></td><td rowspan="1" colspan="1"><p>IMIFARMA PRODUTOS FARMACEUTICOS E COSMETICOS SA</p></td><td rowspan="1" colspan="1"><p>CE</p></td><td rowspan="1" colspan="1"><p>FORTALEZA</p></td><td rowspan="1" colspan="1"><p>25000049999200610</p></td></tr><tr><td rowspan="1" colspan="1"><p>218</p></td><td rowspan="1" colspan="1"><p>03175297000629</p></td><td rowspan="1" colspan="1"><p>T S COMERCIO FARMACEUTICO LTDA</p></td><td rowspan="1" colspan="1"><p>CE</p></td><td rowspan="1" colspan="1"><p>FORTALEZA</p></td><td rowspan="1" colspan="1"><p>25000049917200637</p></td></tr><tr><td rowspan="1" colspan="1"><p>219</p></td><td rowspan="1" colspan="1"><p>03175297000548</p></td><td rowspan="1" colspan="1"><p>T S COMERCIO FARMACEUTICO LTDA</p></td><td rowspan="1" colspan="1"><p>CE</p></td><td rowspan="1" colspan="1"><p>FORTALEZA</p></td><td rowspan="1" colspan="1"><p>25000049917200637</p></td></tr><tr><td rowspan="1" colspan="1"><p>220</p></td><td rowspan="1" colspan="1"><p>03175297000203</p></td><td rowspan="1" colspan="1"><p>T S COMERCIO FARMACEUTICO LTDA</p></td><td rowspan="1" colspan="1"><p>CE</p></td><td rowspan="1" colspan="1"><p>FORTALEZA</p></td><td rowspan="1" colspan="1"><p>25000049917200637</p></td></tr><tr><td rowspan="1" colspan="1"><p>221</p></td><td rowspan="1" colspan="1"><p>03175297000700</p></td><td rowspan="1" colspan="1"><p>T S COMERCIO FARMACEUTICO LTDA</p></td><td rowspan="1" colspan="1"><p>CE</p></td><td rowspan="1" colspan="1"><p>FORTALEZA</p></td><td rowspan="1" colspan="1"><p>25000049917200637</p></td></tr><tr><td rowspan="1" colspan="1"><p>222</p></td><td rowspan="1" colspan="1"><p>03175297001005</p></td><td rowspan="1" colspan="1"><p>T S COMERCIO FARMACEUTICO LTDA</p></td><td rowspan="1" colspan="1"><p>CE</p></td><td rowspan="1" colspan="1"><p>FORTALEZA</p></td><td rowspan="1" colspan="1"><p>25000049917200637</p></td></tr><tr><td rowspan="1" colspan="1"><p>223</p></td><td rowspan="1" colspan="1"><p>03175297001358</p></td><td rowspan="1" colspan="1"><p>T S COMERCIO FARMACEUTICO LTDA</p></td><td rowspan="1" colspan="1"><p>CE</p></td><td rowspan="1" colspan="1"><p>FORTALEZA</p></td><td rowspan="1" colspan="1"><p>25000049917200637</p></td></tr><tr><td rowspan="1" colspan="1"><p>224</p></td><td rowspan="1" colspan="1"><p>03175297001609</p></td><td rowspan="1" colspan="1"><p>T S COMERCIO FARMACEUTICO LTDA</p></td><td rowspan="1" colspan="1"><p>CE</p></td><td rowspan="1" colspan="1"><p>FORTALEZA</p></td><td rowspan="1" colspan="1"><p>25000049917200637</p></td></tr><tr><td rowspan="1" colspan="1"><p>225</p></td><td rowspan="1" colspan="1"><p>03175297001196</p></td><td rowspan="1" colspan="1"><p>T S COMERCIO FARMACEUTICO LTDA</p></td><td rowspan="1" colspan="1"><p>CE</p></td><td rowspan="1" colspan="1"><p>FORTALEZA</p></td><td rowspan="1" colspan="1"><p>25000049917200637</p></td></tr><tr><td rowspan="1" colspan="1"><p>226</p></td><td rowspan="1" colspan="1"><p>03175297000386</p></td><td rowspan="1" colspan="1"><p>T S COMERCIO FARMACEUTICO LTDA</p></td><td rowspan="1" colspan="1"><p>CE</p></td><td rowspan="1" colspan="1"><p>FORTALEZA</p></td><td rowspan="1" colspan="1"><p>25000049917200637</p></td></tr><tr><td rowspan="1" colspan="1"><p>227</p></td><td rowspan="1" colspan="1"><p>03175297001277</p></td><td rowspan="1" colspan="1"><p>T S COMERCIO FARMACEUTICO LTDA</p></td><td rowspan="1" colspan="1"><p>CE</p></td><td rowspan="1" colspan="1"><p>FORTALEZA</p></td><td rowspan="1" colspan="1"><p>25000049917200637</p></td></tr><tr><td rowspan="1" colspan="1"><p>228</p></td><td rowspan="1" colspan="1"><p>03175297000971</p></td><td rowspan="1" colspan="1"><p>T S COMERCIO FARMACEUTICO LTDA</p></td><td rowspan="1" colspan="1"><p>CE</p></td><td rowspan="1" colspan="1"><p>FORTALEZA</p></td><td rowspan="1" colspan="1"><p>25000049917200637</p></td></tr><tr><td rowspan="1" colspan="1"><p>229</p></td><td rowspan="1" colspan="1"><p>03175297000890</p></td><td rowspan="1" colspan="1"><p>T S COMERCIO FARMACEUTICO LTDA</p></td><td rowspan="1" colspan="1"><p>CE</p></td><td rowspan="1" colspan="1"><p>FORTALEZA</p></td><td rowspan="1" colspan="1"><p>25000049917200637</p></td></tr><tr><td rowspan="1" colspan="1"><p>230</p></td><td rowspan="1" colspan="1"><p>00063960035409</p></td><td rowspan="1" colspan="1"><p>WMB SUPERMERCADOS DO BRASIL LTDA.</p></td><td rowspan="1" colspan="1"><p>CE</p></td><td rowspan="1" colspan="1"><p>FORTALEZA</p></td><td rowspan="1" colspan="1"><p>25000086421201292</p></td></tr><tr><td rowspan="1" colspan="1"><p>231</p></td><td rowspan="1" colspan="1"><p>00063960038769</p></td><td rowspan="1" colspan="1"><p>WMB SUPERMERCADOS DO BRASIL LTDA.</p></td><td rowspan="1" colspan="1"><p>CE</p></td><td rowspan="1" colspan="1"><p>FORTALEZA</p></td><td rowspan="1" colspan="1"><p>25000086421201292</p></td></tr><tr><td rowspan="1" colspan="1"><p>232</p></td><td rowspan="1" colspan="1"><p>07526990000145</p></td><td rowspan="1" colspan="1"><p>CENTROFARMA COMERCIO DE PRODUTOS FARMACEUTICOS LTDA</p></td><td rowspan="1" colspan="1"><p>CE</p></td><td rowspan="1" colspan="1"><p>GENERAL SAMPAIO</p></td><td rowspan="1" colspan="1"><p>25000004305201514</p></td></tr><tr><td rowspan="1" colspan="1"><p>233</p></td><td rowspan="1" colspan="1"><p>04034103000123</p></td><td rowspan="1" colspan="1"><p>MARIA LUCIA GONCALVES LIMA TEIXEIRA</p></td><td rowspan="1" colspan="1"><p>CE</p></td><td rowspan="1" colspan="1"><p>INDEPENDENCIA</p></td><td rowspan="1" colspan="1"><p>25000185059201070</p></td></tr><tr><td rowspan="1" colspan="1"><p>234</p></td><td rowspan="1" colspan="1"><p>12124419000215</p></td><td rowspan="1" colspan="1"><p>NOSSA DROGARIA EIRELI</p></td><td rowspan="1" colspan="1"><p>CE</p></td><td rowspan="1" colspan="1"><p>IPUEIRAS</p></td><td rowspan="1" colspan="1"><p>25000042964201117</p></td></tr><tr><td rowspan="1" colspan="1"><p>235</p></td><td rowspan="1" colspan="1"><p>06890123000121</p></td><td rowspan="1" colspan="1"><p>SOUSA &amp; CASTRO CURSOS PROFISSIONALIZANTES LTDA</p></td><td rowspan="1" colspan="1"><p>CE</p></td><td rowspan="1" colspan="1"><p>ITAPAGE</p></td><td rowspan="1" colspan="1"><p>25000073402201115</p></td></tr><tr><td rowspan="1" colspan="1"><p>236</p></td><td rowspan="1" colspan="1"><p>13932569000137</p></td><td rowspan="1" colspan="1"><p>FARMACIA DO TRABALHADOR REGIONAL DO CARIRI LTDA</p></td><td rowspan="1" colspan="1"><p>CE</p></td><td rowspan="1" colspan="1"><p>JUAZEIRO DO NORTE</p></td><td rowspan="1" colspan="1"><p>25000049529201202</p></td></tr><tr><td rowspan="1" colspan="1"><p>237</p></td><td rowspan="1" colspan="1"><p>05330931000171</p></td><td rowspan="1" colspan="1"><p>XAVIER COMERCIAL DE MEDICAMENTOS COMEX EIRELI</p></td><td rowspan="1" colspan="1"><p>CE</p></td><td rowspan="1" colspan="1"><p>JUAZEIRO DO NORTE</p></td><td rowspan="1" colspan="1"><p>25000061437201110</p></td></tr><tr><td rowspan="1" colspan="1"><p>238</p></td><td rowspan="1" colspan="1"><p>10895432000161</p></td><td rowspan="1" colspan="1"><p>DROGARIA MOTA MARANGUAPE LTDA</p></td><td rowspan="1" colspan="1"><p>CE</p></td><td rowspan="1" colspan="1"><p>MARANGUAPE</p></td><td rowspan="1" colspan="1"><p>25000209361201021</p></td></tr><tr><td rowspan="1" colspan="1"><p>239</p></td><td rowspan="1" colspan="1"><p>09527979000125</p></td><td rowspan="1" colspan="1"><p>MELO &amp; MELO LTDA</p></td><td rowspan="1" colspan="1"><p>CE</p></td><td rowspan="1" colspan="1"><p>MONSENHOR TABOSA</p></td><td rowspan="1" colspan="1"><p>25000005582201536</p></td></tr><tr><td rowspan="1" colspan="1"><p>240</p></td><td rowspan="1" colspan="1"><p>17544972000140</p></td><td rowspan="1" colspan="1"><p>FRANCISCO IRONE NASCIMENTO TAVARES</p></td><td rowspan="1" colspan="1"><p>CE</p></td><td rowspan="1" colspan="1"><p>MULUNGU</p></td><td rowspan="1" colspan="1"><p>25000034507201582</p></td></tr><tr><td rowspan="1" colspan="1"><p>241</p></td><td rowspan="1" colspan="1"><p>08870402000159</p></td><td rowspan="1" colspan="1"><p>C R ALBUQUERQUE DA COSTA</p></td><td rowspan="1" colspan="1"><p>CE</p></td><td rowspan="1" colspan="1"><p>NOVO ORIENTE</p></td><td rowspan="1" colspan="1"><p>25000014186201257</p></td></tr><tr><td rowspan="1" colspan="1"><p>242</p></td><td rowspan="1" colspan="1"><p>11665098000112</p></td><td rowspan="1" colspan="1"><p>ORGANIZACAO FARMACEUTICA AILA LTDA</p></td><td rowspan="1" colspan="1"><p>CE</p></td><td rowspan="1" colspan="1"><p>PACAJUS</p></td><td rowspan="1" colspan="1"><p>25000018690201226</p></td></tr><tr><td rowspan="1" colspan="1"><p>243</p></td><td rowspan="1" colspan="1"><p>01467690000156</p></td><td rowspan="1" colspan="1"><p>NAZARENA MOREIRA COELHO</p></td><td rowspan="1" colspan="1"><p>CE</p></td><td rowspan="1" colspan="1"><p>PARACURU</p></td><td rowspan="1" colspan="1"><p>25000131164201170</p></td></tr><tr><td rowspan="1" colspan="1"><p>244</p></td><td rowspan="1" colspan="1"><p>08784890000181</p></td><td rowspan="1" colspan="1"><p>IZABELLY KAROLYNE SILVA DE SOUSA</p></td><td rowspan="1" colspan="1"><p>CE</p></td><td rowspan="1" colspan="1"><p>PARAIPABA</p></td><td rowspan="1" colspan="1"><p>25000191219201443</p></td></tr><tr><td rowspan="1" colspan="1"><p>245</p></td><td rowspan="1" colspan="1"><p>04887406000199</p></td><td rowspan="1" colspan="1"><p>F P FARMACIA PORTUGAL LTDA</p></td><td rowspan="1" colspan="1"><p>CE</p></td><td rowspan="1" colspan="1"><p>PEDRA BRANCA</p></td><td rowspan="1" colspan="1"><p>25000028884200772</p></td></tr><tr><td rowspan="1" colspan="1"><p>246</p></td><td rowspan="1" colspan="1"><p>06741607000290</p></td><td rowspan="1" colspan="1"><p>FARMACIA PROGRESSO LTDA</p></td><td rowspan="1" colspan="1"><p>CE</p></td><td rowspan="1" colspan="1"><p>PEDRA BRANCA</p></td><td rowspan="1" colspan="1"><p>25000516084200976</p></td></tr><tr><td rowspan="1" colspan="1"><p>247</p></td><td rowspan="1" colspan="1"><p>11565838000149</p></td><td rowspan="1" colspan="1"><p>P E BEZERRA MACHADO SALVADOR</p></td><td rowspan="1" colspan="1"><p>CE</p></td><td rowspan="1" colspan="1"><p>PEDRA BRANCA</p></td><td rowspan="1" colspan="1"><p>25000142269201154</p></td></tr><tr><td rowspan="1" colspan="1"><p>248</p></td><td rowspan="1" colspan="1"><p>07592147000167</p></td><td rowspan="1" colspan="1"><p>JENNYFA MARQUES FREITAS</p></td><td rowspan="1" colspan="1"><p>CE</p></td><td rowspan="1" colspan="1"><p>PENTECOSTE</p></td><td rowspan="1" colspan="1"><p>25000009545201254</p></td></tr><tr><td rowspan="1" colspan="1"><p>249</p></td><td rowspan="1" colspan="1"><p>12302665000139</p></td><td rowspan="1" colspan="1"><p>CLAUDIO CORDEIRO NASCIMENTO</p></td><td rowspan="1" colspan="1"><p>CE</p></td><td rowspan="1" colspan="1"><p>QUITERIANOPOLIS</p></td><td rowspan="1" colspan="1"><p>25000098076201230</p></td></tr><tr><td rowspan="1" colspan="1"><p>250</p></td><td rowspan="1" colspan="1"><p>10781252000230</p></td><td rowspan="1" colspan="1"><p>F J ANDRADE FEITOSA MEDICAMENTOS LTDA</p></td><td rowspan="1" colspan="1"><p>CE</p></td><td rowspan="1" colspan="1"><p>QUITERIANOPOLIS</p></td><td rowspan="1" colspan="1"><p>25000168669201351</p></td></tr><tr><td rowspan="1" colspan="1"><p>251</p></td><td rowspan="1" colspan="1"><p>07825103000130</p></td><td rowspan="1" colspan="1"><p>L M C VIEIRA PAULINO</p></td><td rowspan="1" colspan="1"><p>CE</p></td><td rowspan="1" colspan="1"><p>QUIXADA</p></td><td rowspan="1" colspan="1"><p>25000015882201523</p></td></tr><tr><td rowspan="1" colspan="1"><p>252</p></td><td rowspan="1" colspan="1"><p>04044047000701</p></td><td rowspan="1" colspan="1"><p>SANTA BRANCA EMPREENDIMENTOS FARMACEUTICOS LTDA</p></td><td rowspan="1" colspan="1"><p>CE</p></td><td rowspan="1" colspan="1"><p>SOBRAL</p></td><td rowspan="1" colspan="1"><p>25000051445200682</p></td></tr><tr><td rowspan="1" colspan="1"><p>253</p></td><td rowspan="1" colspan="1"><p>07526990000226</p></td><td rowspan="1" colspan="1"><p>CENTROFARMA COMERCIO DE PRODUTOS FARMACEUTICOS LTDA</p></td><td rowspan="1" colspan="1"><p>CE</p></td><td rowspan="1" colspan="1"><p>TEJUCUOCA</p></td><td rowspan="1" colspan="1"><p>25000004305201514</p></td></tr><tr><td rowspan="1" colspan="1"><p>254</p></td><td rowspan="1" colspan="1"><p>35222033000160</p></td><td rowspan="1" colspan="1"><p>FARMACIA TEJUCUOCA LTDA</p></td><td rowspan="1" colspan="1"><p>CE</p></td><td rowspan="1" colspan="1"><p>TEJUCUOCA</p></td><td rowspan="1" colspan="1"><p>25000076536201350</p></td></tr><tr><td rowspan="1" colspan="1"><p>255</p></td><td rowspan="1" colspan="1"><p>09219190000107</p></td><td rowspan="1" colspan="1"><p>ERNESTO NICOMEDIO R. PARENTE</p></td><td rowspan="1" colspan="1"><p>CE</p></td><td rowspan="1" colspan="1"><p>UBAJARA</p></td><td rowspan="1" colspan="1"><p>25000212769201080</p></td></tr><tr><td rowspan="1" colspan="1"><p>256</p></td><td rowspan="1" colspan="1"><p>05615505000184</p></td><td rowspan="1" colspan="1"><p>PONTES E AGUIAR LTDA</p></td><td rowspan="1" colspan="1"><p>CE</p></td><td rowspan="1" colspan="1"><p>UBAJARA</p></td><td rowspan="1" colspan="1"><p>25000115310201110</p></td></tr><tr><td rowspan="1" colspan="1"><p>257</p></td><td rowspan="1" colspan="1"><p>04689075000182</p></td><td rowspan="1" colspan="1"><p>DROGANEW LTDA</p></td><td rowspan="1" colspan="1"><p>DF</p></td><td rowspan="1" colspan="1"><p>BRASILIA</p></td><td rowspan="1" colspan="1"><p>25000229022200765</p></td></tr><tr><td rowspan="1" colspan="1"><p>258</p></td><td rowspan="1" colspan="1"><p>04689075000263</p></td><td rowspan="1" colspan="1"><p>DROGANEW LTDA</p></td><td rowspan="1" colspan="1"><p>DF</p></td><td rowspan="1" colspan="1"><p>BRASILIA</p></td><td rowspan="1" colspan="1"><p>25000229022200765</p></td></tr><tr><td rowspan="1" colspan="1"><p>259</p></td><td rowspan="1" colspan="1"><p>19115653000144</p></td><td rowspan="1" colspan="1"><p>DROGAPAULA MEDICAMENTOS LTDA</p></td><td rowspan="1" colspan="1"><p>DF</p></td><td rowspan="1" colspan="1"><p>BRASILIA</p></td><td rowspan="1" colspan="1"><p>25000154369201476</p></td></tr><tr><td rowspan="1" colspan="1"><p>260</p></td><td rowspan="1" colspan="1"><p>11826978000123</p></td><td rowspan="1" colspan="1"><p>DROGARIA AJC LTDA</p></td><td rowspan="1" colspan="1"><p>DF</p></td><td rowspan="1" colspan="1"><p>BRASILIA</p></td><td rowspan="1" colspan="1"><p>25000159472201160</p></td></tr><tr><td rowspan="1" colspan="1"><p>261</p></td><td rowspan="1" colspan="1"><p>10225017000109</p></td><td rowspan="1" colspan="1"><p>DROGARIA BARBOSA E BARBOSA LTDA</p></td><td rowspan="1" colspan="1"><p>DF</p></td><td rowspan="1" colspan="1"><p>BRASILIA</p></td><td rowspan="1" colspan="1"><p>25000211813201034</p></td></tr><tr><td rowspan="1" colspan="1"><p>262</p></td><td rowspan="1" colspan="1"><p>00372383000633</p></td><td rowspan="1" colspan="1"><p>DROGARIA BRASIL LTDA</p></td><td rowspan="1" colspan="1"><p>DF</p></td><td rowspan="1" colspan="1"><p>BRASILIA</p></td><td rowspan="1" colspan="1"><p>25000037820200924</p></td></tr><tr><td rowspan="1" colspan="1"><p>263</p></td><td rowspan="1" colspan="1"><p>36773976000144</p></td><td rowspan="1" colspan="1"><p>DROGARIA CENTO E IV LTDA</p></td><td rowspan="1" colspan="1"><p>DF</p></td><td rowspan="1" colspan="1"><p>BRASILIA</p></td><td rowspan="1" colspan="1"><p>25000152260201071</p></td></tr><tr><td rowspan="1" colspan="1"><p>264</p></td><td rowspan="1" colspan="1"><p>06995957000100</p></td><td rowspan="1" colspan="1"><p>DROGARIA CLAUDIO LACERDA LTDA</p></td><td rowspan="1" colspan="1"><p>DF</p></td><td rowspan="1" colspan="1"><p>BRASILIA</p></td><td rowspan="1" colspan="1"><p>25000110343201416</p></td></tr><tr><td rowspan="1" colspan="1"><p>265</p></td><td rowspan="1" colspan="1"><p>06995957000282</p></td><td rowspan="1" colspan="1"><p>DROGARIA CLAUDIO LACERDA LTDA</p></td><td rowspan="1" colspan="1"><p>DF</p></td><td rowspan="1" colspan="1"><p>BRASILIA</p></td><td rowspan="1" colspan="1"><p>25000110343201416</p></td></tr><tr><td rowspan="1" colspan="1"><p>266</p></td><td rowspan="1" colspan="1"><p>12807852000174</p></td><td rowspan="1" colspan="1"><p>DROGARIA DA CIDADE COMERCIO VAREJISTA DE MEDICAMENTOS LTDA</p></td><td rowspan="1" colspan="1"><p>DF</p></td><td rowspan="1" colspan="1"><p>BRASILIA</p></td><td rowspan="1" colspan="1"><p>25000089117201116</p></td></tr><tr><td rowspan="1" colspan="1"><p>267</p></td><td rowspan="1" colspan="1"><p>24946584000231</p></td><td rowspan="1" colspan="1"><p>DROGARIA DISTRITAL LAGO LTDA</p></td><td rowspan="1" colspan="1"><p>DF</p></td><td rowspan="1" colspan="1"><p>BRASILIA</p></td><td rowspan="1" colspan="1"><p>25000063609200614</p></td></tr><tr><td rowspan="1" colspan="1"><p>268</p></td><td rowspan="1" colspan="1"><p>24946584000150</p></td><td rowspan="1" colspan="1"><p>DROGARIA DISTRITAL LAGO LTDA</p></td><td rowspan="1" colspan="1"><p>DF</p></td><td rowspan="1" colspan="1"><p>BRASILIA</p></td><td rowspan="1" colspan="1"><p>25000063609200614</p></td></tr><tr><td rowspan="1" colspan="1"><p>269</p></td><td rowspan="1" colspan="1"><p>01679052000107</p></td><td rowspan="1" colspan="1"><p>DROGARIA DROGAVAN LTDA</p></td><td rowspan="1" colspan="1"><p>DF</p></td><td rowspan="1" colspan="1"><p>BRASILIA</p></td><td rowspan="1" colspan="1"><p>25000130814202565</p></td></tr><tr><td rowspan="1" colspan="1"><p>270</p></td><td rowspan="1" colspan="1"><p>05118072000151</p></td><td rowspan="1" colspan="1"><p>DROGARIA E PERFUMARIA MIX LTDA</p></td><td rowspan="1" colspan="1"><p>DF</p></td><td rowspan="1" colspan="1"><p>BRASILIA</p></td><td rowspan="1" colspan="1"><p>25000116755201389</p></td></tr><tr><td rowspan="1" colspan="1"><p>271</p></td><td rowspan="1" colspan="1"><p>02648337000135</p></td><td rowspan="1" colspan="1"><p>DROGARIA FAMILIA DIAS LTDA</p></td><td rowspan="1" colspan="1"><p>DF</p></td><td rowspan="1" colspan="1"><p>BRASILIA</p></td><td rowspan="1" colspan="1"><p>25000178587201234</p></td></tr><tr><td rowspan="1" colspan="1"><p>272</p></td><td rowspan="1" colspan="1"><p>19115295000170</p></td><td rowspan="1" colspan="1"><p>DROGARIA FARMALU SAUDE LTDA</p></td><td rowspan="1" colspan="1"><p>DF</p></td><td rowspan="1" colspan="1"><p>BRASILIA</p></td><td rowspan="1" colspan="1"><p>25000090615201454</p></td></tr><tr><td rowspan="1" colspan="1"><p>273</p></td><td rowspan="1" colspan="1"><p>11985729000261</p></td><td rowspan="1" colspan="1"><p>DROGARIA GONCALVES DIAS LTDA</p></td><td rowspan="1" colspan="1"><p>DF</p></td><td rowspan="1" colspan="1"><p>BRASILIA</p></td><td rowspan="1" colspan="1"><p>25000202935201030</p></td></tr><tr><td rowspan="1" colspan="1"><p>274</p></td><td rowspan="1" colspan="1"><p>00469254000153</p></td><td rowspan="1" colspan="1"><p>DROGARIA HORIZONTE LTDA</p></td><td rowspan="1" colspan="1"><p>DF</p></td><td rowspan="1" colspan="1"><p>BRASILIA</p></td><td rowspan="1" colspan="1"><p>25000122377200724</p></td></tr><tr><td rowspan="1" colspan="1"><p>275</p></td><td rowspan="1" colspan="1"><p>01575888000153</p></td><td rowspan="1" colspan="1"><p>DROGARIA ITALO LTDA</p></td><td rowspan="1" colspan="1"><p>DF</p></td><td rowspan="1" colspan="1"><p>BRASILIA</p></td><td rowspan="1" colspan="1"><p>25000098151200614</p></td></tr><tr><td rowspan="1" colspan="1"><p>276</p></td><td rowspan="1" colspan="1"><p>08904441000120</p></td><td rowspan="1" colspan="1"><p>DROGARIA J&amp;R EIRELI</p></td><td rowspan="1" colspan="1"><p>DF</p></td><td rowspan="1" colspan="1"><p>BRASILIA</p></td><td rowspan="1" colspan="1"><p>25000160896201433</p></td></tr></table>]]></Texto>
  </body>
  <Midias />
</article></xml>