﻿<xml><article id="44735906" name="Portaria FP 31 07 2025 Descreden" idOficio="11191432" pubName="DO1" artType="Despacho" pubDate="01/08/2025" artClass="00047:00039:00000:00000:00000:00000:00000:00000:00000:00000:00024:00000" artCategory="Ministério da Saúde/Secretaria de Ciência, Tecnologia e Inovação e do Complexo Econômico-Industrial da Saúde" artSize="24" artNotes="" numberPage="164" pdfPage="http://pesquisa.in.gov.br/imprensa/jsp/visualiza/index.jsp?data=01/08/2025&amp;jornal=515&amp;pagina=164" editionNumber="144" highlightType="" highlightPriority="" highlight="" highlightimage="" highlightimagename="" idMateria="22948776">
  <body>
    <Identifica />
    <Data><![CDATA[]]></Data>
    <Ementa />
    <Titulo />
    <SubTitulo />
    <Texto><![CDATA[<p /><p></p><table><tr /><tr><td rowspan="1" colspan="1"><p>3679</p></td><td rowspan="1" colspan="1"><p>05505661000192</p></td><td rowspan="1" colspan="1"><p>JAIR DE CASTRO LEITE</p></td><td rowspan="1" colspan="1"><p>SP</p></td><td rowspan="1" colspan="1"><p>SANTA CRUZ DO RIO PARDO</p></td><td rowspan="1" colspan="1"><p>25000098482200654</p></td></tr><tr><td rowspan="1" colspan="1"><p>3680</p></td><td rowspan="1" colspan="1"><p>54627187000187</p></td><td rowspan="1" colspan="1"><p>VALMI DE ALCANTARA JUNIOR SERVICOS</p></td><td rowspan="1" colspan="1"><p>SP</p></td><td rowspan="1" colspan="1"><p>SANTA CRUZ DO RIO PARDO</p></td><td rowspan="1" colspan="1"><p>25000176506200613</p></td></tr><tr><td rowspan="1" colspan="1"><p>3681</p></td><td rowspan="1" colspan="1"><p>14287624000146</p></td><td rowspan="1" colspan="1"><p>JOSE ANTONIO NETO PRODUTOS FARMACEUTICOS</p></td><td rowspan="1" colspan="1"><p>SP</p></td><td rowspan="1" colspan="1"><p>SANTA FE DO SUL</p></td><td rowspan="1" colspan="1"><p>25000013540201226</p></td></tr><tr><td rowspan="1" colspan="1"><p>3682</p></td><td rowspan="1" colspan="1"><p>11515862000173</p></td><td rowspan="1" colspan="1"><p>PAIOL - DROGARIA E PERFUMARIA LTDA</p></td><td rowspan="1" colspan="1"><p>SP</p></td><td rowspan="1" colspan="1"><p>SANTA FE DO SUL</p></td><td rowspan="1" colspan="1"><p>25000117097201342</p></td></tr><tr><td rowspan="1" colspan="1"><p>3683</p></td><td rowspan="1" colspan="1"><p>09250452000104</p></td><td rowspan="1" colspan="1"><p>DROGARIA RAMA LTDA</p></td><td rowspan="1" colspan="1"><p>SP</p></td><td rowspan="1" colspan="1"><p>SANTA GERTRUDES</p></td><td rowspan="1" colspan="1"><p>25000016074201231</p></td></tr><tr><td rowspan="1" colspan="1"><p>3684</p></td><td rowspan="1" colspan="1"><p>05389867000102</p></td><td rowspan="1" colspan="1"><p>DROGARIA E PERFUMARIA SANTA ISABEL LTDA</p></td><td rowspan="1" colspan="1"><p>SP</p></td><td rowspan="1" colspan="1"><p>SANTA ISABEL</p></td><td rowspan="1" colspan="1"><p>25000042640200701</p></td></tr><tr><td rowspan="1" colspan="1"><p>3685</p></td><td rowspan="1" colspan="1"><p>01646687000108</p></td><td rowspan="1" colspan="1"><p>ERMELINDA BALBAO CUNHA DROGARIA</p></td><td rowspan="1" colspan="1"><p>SP</p></td><td rowspan="1" colspan="1"><p>SANTA ROSA DE VITERBO</p></td><td rowspan="1" colspan="1"><p>25000114715200673</p></td></tr><tr><td rowspan="1" colspan="1"><p>3686</p></td><td rowspan="1" colspan="1"><p>01090812000138</p></td><td rowspan="1" colspan="1"><p>JOSE RAFAEL NICOLELLA GANDARA DROGARIA</p></td><td rowspan="1" colspan="1"><p>SP</p></td><td rowspan="1" colspan="1"><p>SANTA ROSA DE VITERBO</p></td><td rowspan="1" colspan="1"><p>25000058291201206</p></td></tr><tr><td rowspan="1" colspan="1"><p>3687</p></td><td rowspan="1" colspan="1"><p>74526450000159</p></td><td rowspan="1" colspan="1"><p>REGINA DONIZETI DA SILVA DROGARIA</p></td><td rowspan="1" colspan="1"><p>SP</p></td><td rowspan="1" colspan="1"><p>SANTA ROSA DE VITERBO</p></td><td rowspan="1" colspan="1"><p>25000158321200627</p></td></tr><tr><td rowspan="1" colspan="1"><p>3688</p></td><td rowspan="1" colspan="1"><p>60605664020999</p></td><td rowspan="1" colspan="1"><p>RAIA S.A.</p></td><td rowspan="1" colspan="1"><p>SP</p></td><td rowspan="1" colspan="1"><p>SANTANA DE PARNAIBA</p></td><td rowspan="1" colspan="1"><p>25000044144200696</p></td></tr><tr><td rowspan="1" colspan="1"><p>3689</p></td><td rowspan="1" colspan="1"><p>65908600000106</p></td><td rowspan="1" colspan="1"><p>RODOLFO BONINI</p></td><td rowspan="1" colspan="1"><p>SP</p></td><td rowspan="1" colspan="1"><p>SANTO ANASTACIO</p></td><td rowspan="1" colspan="1"><p>25000207454200804</p></td></tr><tr><td rowspan="1" colspan="1"><p>3690</p></td><td rowspan="1" colspan="1"><p>12846956001593</p></td><td rowspan="1" colspan="1"><p>ASSOCIACAO AFAM DE ASSISTENCIA FARMACEUTICA</p></td><td rowspan="1" colspan="1"><p>SP</p></td><td rowspan="1" colspan="1"><p>SANTO ANDRE</p></td><td rowspan="1" colspan="1"><p>25000226467201331</p></td></tr><tr><td rowspan="1" colspan="1"><p>3691</p></td><td rowspan="1" colspan="1"><p>47508411142880</p></td><td rowspan="1" colspan="1"><p>COMPANHIA BRASILEIRA DE DISTRIBUICAO</p></td><td rowspan="1" colspan="1"><p>SP</p></td><td rowspan="1" colspan="1"><p>SANTO ANDRE</p></td><td rowspan="1" colspan="1"><p>25000078311200617</p></td></tr><tr><td rowspan="1" colspan="1"><p>3692</p></td><td rowspan="1" colspan="1"><p>47508411136996</p></td><td rowspan="1" colspan="1"><p>COMPANHIA BRASILEIRA DE DISTRIBUICAO</p></td><td rowspan="1" colspan="1"><p>SP</p></td><td rowspan="1" colspan="1"><p>SANTO ANDRE</p></td><td rowspan="1" colspan="1"><p>25000078311200617</p></td></tr><tr><td rowspan="1" colspan="1"><p>3693</p></td><td rowspan="1" colspan="1"><p>57622292000111</p></td><td rowspan="1" colspan="1"><p>DROGA PIN LTDA</p></td><td rowspan="1" colspan="1"><p>SP</p></td><td rowspan="1" colspan="1"><p>SANTO ANDRE</p></td><td rowspan="1" colspan="1"><p>25000112143201236</p></td></tr><tr><td rowspan="1" colspan="1"><p>3694</p></td><td rowspan="1" colspan="1"><p>65532061000145</p></td><td rowspan="1" colspan="1"><p>DROGARIA CENTRAL LTDA</p></td><td rowspan="1" colspan="1"><p>SP</p></td><td rowspan="1" colspan="1"><p>SANTO ANDRE</p></td><td rowspan="1" colspan="1"><p>25000092064200653</p></td></tr><tr><td rowspan="1" colspan="1"><p>3695</p></td><td rowspan="1" colspan="1"><p>05537625000100</p></td><td rowspan="1" colspan="1"><p>DROGARIA LUAN LTDA</p></td><td rowspan="1" colspan="1"><p>SP</p></td><td rowspan="1" colspan="1"><p>SANTO ANDRE</p></td><td rowspan="1" colspan="1"><p>25000158371201252</p></td></tr><tr><td rowspan="1" colspan="1"><p>3696</p></td><td rowspan="1" colspan="1"><p>15761358000104</p></td><td rowspan="1" colspan="1"><p>EXPRESSA MEDICAMENTOS LTDA</p></td><td rowspan="1" colspan="1"><p>SP</p></td><td rowspan="1" colspan="1"><p>SANTO ANDRE</p></td><td rowspan="1" colspan="1"><p>25000223096201336</p></td></tr><tr><td rowspan="1" colspan="1"><p>3697</p></td><td rowspan="1" colspan="1"><p>05104055000165</p></td><td rowspan="1" colspan="1"><p>PAVAO &amp; BUENO DE SANTO ANDRE LTDA</p></td><td rowspan="1" colspan="1"><p>SP</p></td><td rowspan="1" colspan="1"><p>SANTO ANDRE</p></td><td rowspan="1" colspan="1"><p>25000076066201243</p></td></tr><tr><td rowspan="1" colspan="1"><p>3698</p></td><td rowspan="1" colspan="1"><p>60605664001269</p></td><td rowspan="1" colspan="1"><p>RAIA S.A.</p></td><td rowspan="1" colspan="1"><p>SP</p></td><td rowspan="1" colspan="1"><p>SANTO ANDRE</p></td><td rowspan="1" colspan="1"><p>25000044144200696</p></td></tr><tr><td rowspan="1" colspan="1"><p>3699</p></td><td rowspan="1" colspan="1"><p>60605664001188</p></td><td rowspan="1" colspan="1"><p>RAIA S.A.</p></td><td rowspan="1" colspan="1"><p>SP</p></td><td rowspan="1" colspan="1"><p>SANTO ANDRE</p></td><td rowspan="1" colspan="1"><p>25000044144200696</p></td></tr><tr><td rowspan="1" colspan="1"><p>3700</p></td><td rowspan="1" colspan="1"><p>60605664012970</p></td><td rowspan="1" colspan="1"><p>RAIA S.A.</p></td><td rowspan="1" colspan="1"><p>SP</p></td><td rowspan="1" colspan="1"><p>SANTO ANDRE</p></td><td rowspan="1" colspan="1"><p>25000044144200696</p></td></tr><tr><td rowspan="1" colspan="1"><p>3701</p></td><td rowspan="1" colspan="1"><p>07167017000268</p></td><td rowspan="1" colspan="1"><p>ROVINI FARMACIA E MANIPULACAO LTDA</p></td><td rowspan="1" colspan="1"><p>SP</p></td><td rowspan="1" colspan="1"><p>SANTO ANDRE</p></td><td rowspan="1" colspan="1"><p>25000154166201307</p></td></tr><tr><td rowspan="1" colspan="1"><p>3702</p></td><td rowspan="1" colspan="1"><p>68336718000197</p></td><td rowspan="1" colspan="1"><p>FARMACIA MONTE SANTO LTDA</p></td><td rowspan="1" colspan="1"><p>SP</p></td><td rowspan="1" colspan="1"><p>SANTO ANTONIO DE POSSE</p></td><td rowspan="1" colspan="1"><p>25000166706201044</p></td></tr><tr><td rowspan="1" colspan="1"><p>3703</p></td><td rowspan="1" colspan="1"><p>10378673000303</p></td><td rowspan="1" colspan="1"><p>M.M.J. FARMACEUTICA LTDA</p></td><td rowspan="1" colspan="1"><p>SP</p></td><td rowspan="1" colspan="1"><p>SANTO ANTONIO DE POSSE</p></td><td rowspan="1" colspan="1"><p>25000012921200992</p></td></tr><tr><td rowspan="1" colspan="1"><p>3704</p></td><td rowspan="1" colspan="1"><p>07436182000197</p></td><td rowspan="1" colspan="1"><p>D. J. DE SOUSA FRANCO DROGARIA</p></td><td rowspan="1" colspan="1"><p>SP</p></td><td rowspan="1" colspan="1"><p>SANTO ANTONIO DO ARACANGUA</p></td><td rowspan="1" colspan="1"><p>25000005861201508</p></td></tr><tr><td rowspan="1" colspan="1"><p>3705</p></td><td rowspan="1" colspan="1"><p>07667491000178</p></td><td rowspan="1" colspan="1"><p>ELIZABETE ALMICI BISTAFFA</p></td><td rowspan="1" colspan="1"><p>SP</p></td><td rowspan="1" colspan="1"><p>SANTO ANTONIO DO ARACANGUA</p></td><td rowspan="1" colspan="1"><p>25000041678200910</p></td></tr><tr><td rowspan="1" colspan="1"><p>3706</p></td><td rowspan="1" colspan="1"><p>12546948000126</p></td><td rowspan="1" colspan="1"><p>PHARM &amp; MENDONCA LTDA</p></td><td rowspan="1" colspan="1"><p>SP</p></td><td rowspan="1" colspan="1"><p>SANTO ANTONIO DO PINHAL</p></td><td rowspan="1" colspan="1"><p>25000140467201264</p></td></tr><tr><td rowspan="1" colspan="1"><p>3707</p></td><td rowspan="1" colspan="1"><p>04788925000108</p></td><td rowspan="1" colspan="1"><p>CENTRAL DE MEDICAMENTOS GENERICOS DA BAIXADA SANTISTA LTDA</p></td><td rowspan="1" colspan="1"><p>SP</p></td><td rowspan="1" colspan="1"><p>SANTOS</p></td><td rowspan="1" colspan="1"><p>25000150912201466</p></td></tr><tr><td rowspan="1" colspan="1"><p>3708</p></td><td rowspan="1" colspan="1"><p>10596507000103</p></td><td rowspan="1" colspan="1"><p>DROGARIA BARROS LTDA</p></td><td rowspan="1" colspan="1"><p>SP</p></td><td rowspan="1" colspan="1"><p>SANTOS</p></td><td rowspan="1" colspan="1"><p>25000069381201133</p></td></tr><tr><td rowspan="1" colspan="1"><p>3709</p></td><td rowspan="1" colspan="1"><p>05241596002693</p></td><td rowspan="1" colspan="1"><p>DROGARIA NOVA DM LTDA EM RECUPERACAO JUDICIAL</p></td><td rowspan="1" colspan="1"><p>SP</p></td><td rowspan="1" colspan="1"><p>SANTOS</p></td><td rowspan="1" colspan="1"><p>25000049465200693</p></td></tr><tr><td rowspan="1" colspan="1"><p>3710</p></td><td rowspan="1" colspan="1"><p>55992358004470</p></td><td rowspan="1" colspan="1"><p>DROGAVIDA COMERCIAL DE DROGAS LTDA.</p></td><td rowspan="1" colspan="1"><p>SP</p></td><td rowspan="1" colspan="1"><p>SANTOS</p></td><td rowspan="1" colspan="1"><p>25000044368200612</p></td></tr><tr><td rowspan="1" colspan="1"><p>3711</p></td><td rowspan="1" colspan="1"><p>60605664011140</p></td><td rowspan="1" colspan="1"><p>RAIA S.A.</p></td><td rowspan="1" colspan="1"><p>SP</p></td><td rowspan="1" colspan="1"><p>SANTOS</p></td><td rowspan="1" colspan="1"><p>25000044144200696</p></td></tr><tr><td rowspan="1" colspan="1"><p>3712</p></td><td rowspan="1" colspan="1"><p>60605664026091</p></td><td rowspan="1" colspan="1"><p>RAIA S.A.</p></td><td rowspan="1" colspan="1"><p>SP</p></td><td rowspan="1" colspan="1"><p>SANTOS</p></td><td rowspan="1" colspan="1"><p>25000044144200696</p></td></tr><tr><td rowspan="1" colspan="1"><p>3713</p></td><td rowspan="1" colspan="1"><p>60605664003555</p></td><td rowspan="1" colspan="1"><p>RAIA S.A.</p></td><td rowspan="1" colspan="1"><p>SP</p></td><td rowspan="1" colspan="1"><p>SANTOS</p></td><td rowspan="1" colspan="1"><p>25000044144200696</p></td></tr><tr><td rowspan="1" colspan="1"><p>3714</p></td><td rowspan="1" colspan="1"><p>60605664018072</p></td><td rowspan="1" colspan="1"><p>RAIA S.A.</p></td><td rowspan="1" colspan="1"><p>SP</p></td><td rowspan="1" colspan="1"><p>SANTOS</p></td><td rowspan="1" colspan="1"><p>25000044144200696</p></td></tr><tr><td rowspan="1" colspan="1"><p>3715</p></td><td rowspan="1" colspan="1"><p>60605664034868</p></td><td rowspan="1" colspan="1"><p>RAIA S.A.</p></td><td rowspan="1" colspan="1"><p>SP</p></td><td rowspan="1" colspan="1"><p>SANTOS</p></td><td rowspan="1" colspan="1"><p>25000044144200696</p></td></tr><tr><td rowspan="1" colspan="1"><p>3716</p></td><td rowspan="1" colspan="1"><p>60605664015561</p></td><td rowspan="1" colspan="1"><p>RAIA S.A.</p></td><td rowspan="1" colspan="1"><p>SP</p></td><td rowspan="1" colspan="1"><p>SANTOS</p></td><td rowspan="1" colspan="1"><p>25000044144200696</p></td></tr><tr><td rowspan="1" colspan="1"><p>3717</p></td><td rowspan="1" colspan="1"><p>60605664034272</p></td><td rowspan="1" colspan="1"><p>RAIA S.A.</p></td><td rowspan="1" colspan="1"><p>SP</p></td><td rowspan="1" colspan="1"><p>SANTOS</p></td><td rowspan="1" colspan="1"><p>25000044144200696</p></td></tr><tr><td rowspan="1" colspan="1"><p>3718</p></td><td rowspan="1" colspan="1"><p>04735455000963</p></td><td rowspan="1" colspan="1"><p>REDE NACIONAL DE DROGARIAS S.A. EM RECUPERACAO JUDICIAL</p></td><td rowspan="1" colspan="1"><p>SP</p></td><td rowspan="1" colspan="1"><p>SANTOS</p></td><td rowspan="1" colspan="1"><p>25000066770200640</p></td></tr><tr><td rowspan="1" colspan="1"><p>3719</p></td><td rowspan="1" colspan="1"><p>04735455002079</p></td><td rowspan="1" colspan="1"><p>REDE NACIONAL DE DROGARIAS S.A. EM RECUPERACAO JUDICIAL</p></td><td rowspan="1" colspan="1"><p>SP</p></td><td rowspan="1" colspan="1"><p>SANTOS</p></td><td rowspan="1" colspan="1"><p>25000066770200640</p></td></tr><tr><td rowspan="1" colspan="1"><p>3720</p></td><td rowspan="1" colspan="1"><p>02450636000160</p></td><td rowspan="1" colspan="1"><p>SAIS DA TERRA FARMACIA DE MANIPULACAO LTDA</p></td><td rowspan="1" colspan="1"><p>SP</p></td><td rowspan="1" colspan="1"><p>SANTOS</p></td><td rowspan="1" colspan="1"><p>25000201778200821</p></td></tr><tr><td rowspan="1" colspan="1"><p>3721</p></td><td rowspan="1" colspan="1"><p>17759859000181</p></td><td rowspan="1" colspan="1"><p>SEFW DROGARIA LTDA.</p></td><td rowspan="1" colspan="1"><p>SP</p></td><td rowspan="1" colspan="1"><p>SANTOS</p></td><td rowspan="1" colspan="1"><p>25000141719201434</p></td></tr><tr><td rowspan="1" colspan="1"><p>3722</p></td><td rowspan="1" colspan="1"><p>47508411152410</p></td><td rowspan="1" colspan="1"><p>COMPANHIA BRASILEIRA DE DISTRIBUICAO</p></td><td rowspan="1" colspan="1"><p>SP</p></td><td rowspan="1" colspan="1"><p>SAO BERNARDO DO CAMPO</p></td><td rowspan="1" colspan="1"><p>25000078311200617</p></td></tr><tr><td rowspan="1" colspan="1"><p>3723</p></td><td rowspan="1" colspan="1"><p>47508411130874</p></td><td rowspan="1" colspan="1"><p>COMPANHIA BRASILEIRA DE DISTRIBUICAO</p></td><td rowspan="1" colspan="1"><p>SP</p></td><td rowspan="1" colspan="1"><p>SAO BERNARDO DO CAMPO</p></td><td rowspan="1" colspan="1"><p>25000078311200617</p></td></tr><tr><td rowspan="1" colspan="1"><p>3724</p></td><td rowspan="1" colspan="1"><p>57508426000410</p></td><td rowspan="1" colspan="1"><p>COOP - COOPERATIVA DE CONSUMO</p></td><td rowspan="1" colspan="1"><p>SP</p></td><td rowspan="1" colspan="1"><p>SAO BERNARDO DO CAMPO</p></td><td rowspan="1" colspan="1"><p>25000133002200790</p></td></tr><tr><td rowspan="1" colspan="1"><p>3725</p></td><td rowspan="1" colspan="1"><p>16903530000180</p></td><td rowspan="1" colspan="1"><p>CRDS DROGARIA LTDA</p></td><td rowspan="1" colspan="1"><p>SP</p></td><td rowspan="1" colspan="1"><p>SAO BERNARDO DO CAMPO</p></td><td rowspan="1" colspan="1"><p>25000222316201312</p></td></tr><tr><td rowspan="1" colspan="1"><p>3726</p></td><td rowspan="1" colspan="1"><p>02743218003934</p></td><td rowspan="1" colspan="1"><p>DROGA EX LTDA FALIDO</p></td><td rowspan="1" colspan="1"><p>SP</p></td><td rowspan="1" colspan="1"><p>SAO BERNARDO DO CAMPO</p></td><td rowspan="1" colspan="1"><p>25000564771200906</p></td></tr><tr><td rowspan="1" colspan="1"><p>3727</p></td><td rowspan="1" colspan="1"><p>44377570000170</p></td><td rowspan="1" colspan="1"><p>DROGA JUNG LTDA</p></td><td rowspan="1" colspan="1"><p>SP</p></td><td rowspan="1" colspan="1"><p>SAO BERNARDO DO CAMPO</p></td><td rowspan="1" colspan="1"><p>25000080419201048</p></td></tr><tr><td rowspan="1" colspan="1"><p>3728</p></td><td rowspan="1" colspan="1"><p>71642524000124</p></td><td rowspan="1" colspan="1"><p>DROGARIA FERMINO LTDA</p></td><td rowspan="1" colspan="1"><p>SP</p></td><td rowspan="1" colspan="1"><p>SAO BERNARDO DO CAMPO</p></td><td rowspan="1" colspan="1"><p>25000147591201170</p></td></tr><tr><td rowspan="1" colspan="1"><p>3729</p></td><td rowspan="1" colspan="1"><p>50880335000110</p></td><td rowspan="1" colspan="1"><p>DROGARIA SILMARC LTDA</p></td><td rowspan="1" colspan="1"><p>SP</p></td><td rowspan="1" colspan="1"><p>SAO BERNARDO DO CAMPO</p></td><td rowspan="1" colspan="1"><p>25000204855200802</p></td></tr><tr><td rowspan="1" colspan="1"><p>3730</p></td><td rowspan="1" colspan="1"><p>46046694000107</p></td><td rowspan="1" colspan="1"><p>FARMACIA CREMARI LTDA</p></td><td rowspan="1" colspan="1"><p>SP</p></td><td rowspan="1" colspan="1"><p>SAO BERNARDO DO CAMPO</p></td><td rowspan="1" colspan="1"><p>25000022956200930</p></td></tr><tr><td rowspan="1" colspan="1"><p>3731</p></td><td rowspan="1" colspan="1"><p>59106286000137</p></td><td rowspan="1" colspan="1"><p>FARMACIA E DROGARIA POPULAR DE SAO BERNARDO LTDA</p></td><td rowspan="1" colspan="1"><p>SP</p></td><td rowspan="1" colspan="1"><p>SAO BERNARDO DO CAMPO</p></td><td rowspan="1" colspan="1"><p>25000217854200810</p></td></tr><tr><td rowspan="1" colspan="1"><p>3732</p></td><td rowspan="1" colspan="1"><p>45949328000197</p></td><td rowspan="1" colspan="1"><p>FARMACIA SAO FRANCISCO DO JARDIM ESMERALDA LTDA</p></td><td rowspan="1" colspan="1"><p>SP</p></td><td rowspan="1" colspan="1"><p>SAO BERNARDO DO CAMPO</p></td><td rowspan="1" colspan="1"><p>25000165286201089</p></td></tr></table>]]></Texto>
  </body>
  <Midias />
</article></xml>