﻿<xml><article id="44725808" name="11 - ATO NA 8932 DE 29 DE JULHO " idOficio="11190123" pubName="DO1" artType="Ato" pubDate="01/08/2025" artClass="00014:00019:00014:00163:00000:00000:00000:00000:00000:00000:00006:00011" artCategory="Ministério das Comunicações/Agência Nacional de Telecomunicações/Superintendência de Fiscalização/Gerência Regional nos Estados do Pará, Maranhão e Amapá" artSize="12" artNotes="" numberPage="6" pdfPage="http://pesquisa.in.gov.br/imprensa/jsp/visualiza/index.jsp?data=01/08/2025&amp;jornal=515&amp;pagina=6" editionNumber="144" highlightType="" highlightPriority="" highlight="" highlightimage="" highlightimagename="" idMateria="22946407">
  <body>
    <Identifica><![CDATA[ ATO Nº 8.932, DE 29 DE JULHO DE 2025]]></Identifica>
    <Data><![CDATA[]]></Data>
    <Ementa />
    <Titulo />
    <SubTitulo />
    <Texto><![CDATA[<p class="identifica">ATO Nº 8.932, DE 29 DE JULHO DE 2025</p><p>Processo nº 53569.001521/2025-81. Expede autorização à Espadarte Comercio de Petroleo e Derivados Ltda, CNPJ nº 52543830000320, para explorar o Serviço de Interesse Restrito, por prazo indeterminado, sem caráter de exclusividade, em âmbito nacional e internacional e tendo como área de prestação de serviço todo o território nacional.</p><p class="assina">Amiraldo Salgado do Amaral</p><p class="cargo">Gerente</p><p class="cargo">Substituto(a)</p>]]></Texto>
  </body>
  <Midias />
</article></xml>