﻿<xml><article id="44716846" name="2025-07-31/11188336/ANMWS_229441" idOficio="11188336" pubName="DO1" artType="Despacho" pubDate="01/08/2025" artClass="00035:00044:00035:00000:00000:00000:00000:00000:00000:00000:00024:00113" artCategory="Ministério de Minas e Energia/Agência Nacional de Mineração/Gerência da ANM no Estado do Paraná" artSize="12" artNotes="" numberPage="82" pdfPage="http://pesquisa.in.gov.br/imprensa/jsp/visualiza/index.jsp?data=01/08/2025&amp;jornal=515&amp;pagina=82" editionNumber="144" highlightType="" highlightPriority="" highlight="" highlightimage="" highlightimagename="" idMateria="22944149">
  <body>
    <Identifica><![CDATA[Despacho]]></Identifica>
    <Data><![CDATA[]]></Data>
    <Ementa />
    <Titulo />
    <SubTitulo />
    <Texto><![CDATA[<p class="identifica">Despacho</p><p>Relação nº 113/2025</p><p>Fase de Requerimento de Licenciamento</p><p>O GERENTE REGIONAL DA AGÊNCIA NACIONAL DE MINERAÇÃO, no uso da competência delegada de que trata o Art. 1°, IV da Portaria ANM nº 1.712, de 08 de novembro de 2024, publicada no Diário Oficial da União de 12/11/2024, outorga o(s) seguinte(s) Registro(s) de Licença com vigência a partir da data de publicação:(730)</p><p>Registro de Licença n°: 1243/2024 - Processo nº: 826.086/2020 - Titular: KLABIN S.A. - Vencimento: 25/02/2026 - Substância(s): CASCALHO - Município(s): ORTIGUEIRA/PR</p><p>Registro de Licença n°: 1230/2024 - Processo nº: 826.003/2024 - Titular: WALLERSON KELLER FANTINELLI DOS SANTOS - Vencimento: 05/12/2029. - Substância(s): ARGILA - Município(s): CAMBARÁ/PR</p><p class="assina">CARLOS ALBERTO DIETER</p>]]></Texto>
  </body>
  <Midias />
</article></xml>