﻿<xml><article id="44735741" name="Portaria FP 31 07 2025 Descreden" idOficio="11191432" pubName="DO1" artType="Despacho" pubDate="01/08/2025" artClass="00047:00039:00000:00000:00000:00000:00000:00000:00000:00000:00024:00000" artCategory="Ministério da Saúde/Secretaria de Ciência, Tecnologia e Inovação e do Complexo Econômico-Industrial da Saúde" artSize="24" artNotes="" numberPage="125" pdfPage="http://pesquisa.in.gov.br/imprensa/jsp/visualiza/index.jsp?data=01/08/2025&amp;jornal=515&amp;pagina=125" editionNumber="144" highlightType="" highlightPriority="" highlight="" highlightimage="" highlightimagename="" idMateria="22948776">
  <body>
    <Identifica />
    <Data><![CDATA[]]></Data>
    <Ementa />
    <Titulo />
    <SubTitulo />
    <Texto><![CDATA[<p /><p></p><table><tr /><tr><td rowspan="1" colspan="1"><p>473</p></td><td rowspan="1" colspan="1"><p>11047336000126</p></td><td rowspan="1" colspan="1"><p>SUPLEMENTOS ALIMENTAR JERONYMO SUPELETO LTDA</p></td><td rowspan="1" colspan="1"><p>ES</p></td><td rowspan="1" colspan="1"><p>SAO MATEUS</p></td><td rowspan="1" colspan="1"><p>25000091344201110</p></td></tr><tr><td rowspan="1" colspan="1"><p>474</p></td><td rowspan="1" colspan="1"><p>11904898000149</p></td><td rowspan="1" colspan="1"><p>ARMARINHO E PAPELARIA ARCOIRIS LTDA</p></td><td rowspan="1" colspan="1"><p>ES</p></td><td rowspan="1" colspan="1"><p>SERRA</p></td><td rowspan="1" colspan="1"><p>25000157377201121</p></td></tr><tr><td rowspan="1" colspan="1"><p>475</p></td><td rowspan="1" colspan="1"><p>00803087000135</p></td><td rowspan="1" colspan="1"><p>COMERCIAL BRASIL FARMA LTDA</p></td><td rowspan="1" colspan="1"><p>ES</p></td><td rowspan="1" colspan="1"><p>SERRA</p></td><td rowspan="1" colspan="1"><p>25000077174201233</p></td></tr><tr><td rowspan="1" colspan="1"><p>476</p></td><td rowspan="1" colspan="1"><p>17213537000132</p></td><td rowspan="1" colspan="1"><p>DROGARIA SANTANA E SANTOS LTDA</p></td><td rowspan="1" colspan="1"><p>ES</p></td><td rowspan="1" colspan="1"><p>SERRA</p></td><td rowspan="1" colspan="1"><p>25000141880201416</p></td></tr><tr><td rowspan="1" colspan="1"><p>477</p></td><td rowspan="1" colspan="1"><p>27545193000112</p></td><td rowspan="1" colspan="1"><p>DROGARIA SHIRLEY LTDA</p></td><td rowspan="1" colspan="1"><p>ES</p></td><td rowspan="1" colspan="1"><p>SERRA</p></td><td rowspan="1" colspan="1"><p>25000112274201132</p></td></tr><tr><td rowspan="1" colspan="1"><p>478</p></td><td rowspan="1" colspan="1"><p>10826335000117</p></td><td rowspan="1" colspan="1"><p>DROGARIA TUBARAO LTDA</p></td><td rowspan="1" colspan="1"><p>ES</p></td><td rowspan="1" colspan="1"><p>SERRA</p></td><td rowspan="1" colspan="1"><p>25000169868201204</p></td></tr><tr><td rowspan="1" colspan="1"><p>479</p></td><td rowspan="1" colspan="1"><p>20429473000116</p></td><td rowspan="1" colspan="1"><p>FARMACIA GUERINO EIRELI</p></td><td rowspan="1" colspan="1"><p>ES</p></td><td rowspan="1" colspan="1"><p>SERRA</p></td><td rowspan="1" colspan="1"><p>25000013371201577</p></td></tr><tr><td rowspan="1" colspan="1"><p>480</p></td><td rowspan="1" colspan="1"><p>39269980000168</p></td><td rowspan="1" colspan="1"><p>SHEILA COMERCIO DE PRODUTOS FARMACEUTICOS LTDA</p></td><td rowspan="1" colspan="1"><p>ES</p></td><td rowspan="1" colspan="1"><p>SERRA</p></td><td rowspan="1" colspan="1"><p>25000225684200847</p></td></tr><tr><td rowspan="1" colspan="1"><p>481</p></td><td rowspan="1" colspan="1"><p>07146736000111</p></td><td rowspan="1" colspan="1"><p>DROGARIA AVENIDA LTDA</p></td><td rowspan="1" colspan="1"><p>ES</p></td><td rowspan="1" colspan="1"><p>SOORETAMA</p></td><td rowspan="1" colspan="1"><p>25000494318200917</p></td></tr><tr><td rowspan="1" colspan="1"><p>482</p></td><td rowspan="1" colspan="1"><p>05342954000104</p></td><td rowspan="1" colspan="1"><p>EMFARMA - EMPRESA FARMACEUTICA LTDA</p></td><td rowspan="1" colspan="1"><p>ES</p></td><td rowspan="1" colspan="1"><p>VENDA NOVA DO IMIGRANTE</p></td><td rowspan="1" colspan="1"><p>25000098229200609</p></td></tr><tr><td rowspan="1" colspan="1"><p>483</p></td><td rowspan="1" colspan="1"><p>32445868000272</p></td><td rowspan="1" colspan="1"><p>BIOFARM COMERCIO DE PRODUTOS FARMACEUTICOS LTDA</p></td><td rowspan="1" colspan="1"><p>ES</p></td><td rowspan="1" colspan="1"><p>VILA VELHA</p></td><td rowspan="1" colspan="1"><p>25000142682200732</p></td></tr><tr><td rowspan="1" colspan="1"><p>484</p></td><td rowspan="1" colspan="1"><p>32445868000353</p></td><td rowspan="1" colspan="1"><p>BIOFARM COMERCIO DE PRODUTOS FARMACEUTICOS LTDA</p></td><td rowspan="1" colspan="1"><p>ES</p></td><td rowspan="1" colspan="1"><p>VILA VELHA</p></td><td rowspan="1" colspan="1"><p>25000142682200732</p></td></tr><tr><td rowspan="1" colspan="1"><p>485</p></td><td rowspan="1" colspan="1"><p>27319243000143</p></td><td rowspan="1" colspan="1"><p>DROGARIA CANELA VERDE LTDA</p></td><td rowspan="1" colspan="1"><p>ES</p></td><td rowspan="1" colspan="1"><p>VILA VELHA</p></td><td rowspan="1" colspan="1"><p>25000066908201500</p></td></tr><tr><td rowspan="1" colspan="1"><p>486</p></td><td rowspan="1" colspan="1"><p>39798699000201</p></td><td rowspan="1" colspan="1"><p>DROGARIA COSTA GUIMARAES LTDA</p></td><td rowspan="1" colspan="1"><p>ES</p></td><td rowspan="1" colspan="1"><p>VILA VELHA</p></td><td rowspan="1" colspan="1"><p>25000010774200916</p></td></tr><tr><td rowspan="1" colspan="1"><p>487</p></td><td rowspan="1" colspan="1"><p>15286110000139</p></td><td rowspan="1" colspan="1"><p>FARMACIA AMARAL LTDA</p></td><td rowspan="1" colspan="1"><p>ES</p></td><td rowspan="1" colspan="1"><p>VILA VELHA</p></td><td rowspan="1" colspan="1"><p>25000135325201447</p></td></tr><tr><td rowspan="1" colspan="1"><p>488</p></td><td rowspan="1" colspan="1"><p>09234023000135</p></td><td rowspan="1" colspan="1"><p>OI FARMA LTDA</p></td><td rowspan="1" colspan="1"><p>ES</p></td><td rowspan="1" colspan="1"><p>VILA VELHA</p></td><td rowspan="1" colspan="1"><p>25000009532201285</p></td></tr><tr><td rowspan="1" colspan="1"><p>489</p></td><td rowspan="1" colspan="1"><p>00829152000363</p></td><td rowspan="1" colspan="1"><p>S FARMA LTDA</p></td><td rowspan="1" colspan="1"><p>ES</p></td><td rowspan="1" colspan="1"><p>VILA VELHA</p></td><td rowspan="1" colspan="1"><p>25000116690201371</p></td></tr><tr><td rowspan="1" colspan="1"><p>490</p></td><td rowspan="1" colspan="1"><p>08068641000190</p></td><td rowspan="1" colspan="1"><p>STUDIO A C LTDA</p></td><td rowspan="1" colspan="1"><p>ES</p></td><td rowspan="1" colspan="1"><p>VILA VELHA</p></td><td rowspan="1" colspan="1"><p>25000026775200982</p></td></tr><tr><td rowspan="1" colspan="1"><p>491</p></td><td rowspan="1" colspan="1"><p>05284800000103</p></td><td rowspan="1" colspan="1"><p>BARCELOS &amp; MORANDI LTDA</p></td><td rowspan="1" colspan="1"><p>ES</p></td><td rowspan="1" colspan="1"><p>VITORIA</p></td><td rowspan="1" colspan="1"><p>25000164269200648</p></td></tr><tr><td rowspan="1" colspan="1"><p>492</p></td><td rowspan="1" colspan="1"><p>32445868000191</p></td><td rowspan="1" colspan="1"><p>BIOFARM COMERCIO DE PRODUTOS FARMACEUTICOS LTDA</p></td><td rowspan="1" colspan="1"><p>ES</p></td><td rowspan="1" colspan="1"><p>VITORIA</p></td><td rowspan="1" colspan="1"><p>25000142682200732</p></td></tr><tr><td rowspan="1" colspan="1"><p>493</p></td><td rowspan="1" colspan="1"><p>05705378000104</p></td><td rowspan="1" colspan="1"><p>DROGARIA ALEIXO NETO LTDA</p></td><td rowspan="1" colspan="1"><p>ES</p></td><td rowspan="1" colspan="1"><p>VITORIA</p></td><td rowspan="1" colspan="1"><p>25000527542200901</p></td></tr><tr><td rowspan="1" colspan="1"><p>494</p></td><td rowspan="1" colspan="1"><p>00290263000182</p></td><td rowspan="1" colspan="1"><p>DROGARIA DROGAHELP LTDA</p></td><td rowspan="1" colspan="1"><p>ES</p></td><td rowspan="1" colspan="1"><p>VITORIA</p></td><td rowspan="1" colspan="1"><p>25000102508201133</p></td></tr><tr><td rowspan="1" colspan="1"><p>495</p></td><td rowspan="1" colspan="1"><p>07574869000199</p></td><td rowspan="1" colspan="1"><p>DROGARIA M &amp; M LTDA</p></td><td rowspan="1" colspan="1"><p>ES</p></td><td rowspan="1" colspan="1"><p>VITORIA</p></td><td rowspan="1" colspan="1"><p>25000119456201053</p></td></tr><tr><td rowspan="1" colspan="1"><p>496</p></td><td rowspan="1" colspan="1"><p>07790713000145</p></td><td rowspan="1" colspan="1"><p>DROGARIA PRACA OITO EIRELI</p></td><td rowspan="1" colspan="1"><p>ES</p></td><td rowspan="1" colspan="1"><p>VITORIA</p></td><td rowspan="1" colspan="1"><p>25000160858201386</p></td></tr><tr><td rowspan="1" colspan="1"><p>497</p></td><td rowspan="1" colspan="1"><p>27549716000107</p></td><td rowspan="1" colspan="1"><p>DROGARIA SAO GERALDO LTDA</p></td><td rowspan="1" colspan="1"><p>ES</p></td><td rowspan="1" colspan="1"><p>VITORIA</p></td><td rowspan="1" colspan="1"><p>25000225662200887</p></td></tr><tr><td rowspan="1" colspan="1"><p>498</p></td><td rowspan="1" colspan="1"><p>39278072000130</p></td><td rowspan="1" colspan="1"><p>FARMAGIL COMERCIAL LTDA</p></td><td rowspan="1" colspan="1"><p>ES</p></td><td rowspan="1" colspan="1"><p>VITORIA</p></td><td rowspan="1" colspan="1"><p>25000224038200862</p></td></tr><tr><td rowspan="1" colspan="1"><p>499</p></td><td rowspan="1" colspan="1"><p>61585865045252</p></td><td rowspan="1" colspan="1"><p>RAIA DROGASIL S/A</p></td><td rowspan="1" colspan="1"><p>ES</p></td><td rowspan="1" colspan="1"><p>VITORIA</p></td><td rowspan="1" colspan="1"><p>25000044118200674</p></td></tr><tr><td rowspan="1" colspan="1"><p>500</p></td><td rowspan="1" colspan="1"><p>00447821012691</p></td><td rowspan="1" colspan="1"><p>DROGARIA ROSARIO S/A</p></td><td rowspan="1" colspan="1"><p>GO</p></td><td rowspan="1" colspan="1"><p>AGUAS LINDAS DE GOIAS</p></td><td rowspan="1" colspan="1"><p>25000044104200651</p></td></tr><tr><td rowspan="1" colspan="1"><p>501</p></td><td rowspan="1" colspan="1"><p>08432499000118</p></td><td rowspan="1" colspan="1"><p>SANDRO LOPES DO LAGO</p></td><td rowspan="1" colspan="1"><p>GO</p></td><td rowspan="1" colspan="1"><p>ALTO HORIZONTE</p></td><td rowspan="1" colspan="1"><p>25000041497201116</p></td></tr><tr><td rowspan="1" colspan="1"><p>502</p></td><td rowspan="1" colspan="1"><p>12381198000260</p></td><td rowspan="1" colspan="1"><p>BOM JESUS MEDICAMENTOS I LTDA</p></td><td rowspan="1" colspan="1"><p>GO</p></td><td rowspan="1" colspan="1"><p>AMORINOPOLIS</p></td><td rowspan="1" colspan="1"><p>25000116828201171</p></td></tr><tr><td rowspan="1" colspan="1"><p>503</p></td><td rowspan="1" colspan="1"><p>17644342000147</p></td><td rowspan="1" colspan="1"><p>CRISTINA APARECIDA DE OLIVEIRA DUARTE</p></td><td rowspan="1" colspan="1"><p>GO</p></td><td rowspan="1" colspan="1"><p>ANAPOLIS</p></td><td rowspan="1" colspan="1"><p>25000123210201329</p></td></tr><tr><td rowspan="1" colspan="1"><p>504</p></td><td rowspan="1" colspan="1"><p>09005162000278</p></td><td rowspan="1" colspan="1"><p>D &amp; B MEDICAMENTOS LTDA</p></td><td rowspan="1" colspan="1"><p>GO</p></td><td rowspan="1" colspan="1"><p>ANAPOLIS</p></td><td rowspan="1" colspan="1"><p>25000029963200962</p></td></tr><tr><td rowspan="1" colspan="1"><p>505</p></td><td rowspan="1" colspan="1"><p>17763583000105</p></td><td rowspan="1" colspan="1"><p>DROGARIA ARAUJO MAGALHAES LTDA</p></td><td rowspan="1" colspan="1"><p>GO</p></td><td rowspan="1" colspan="1"><p>ANAPOLIS</p></td><td rowspan="1" colspan="1"><p>25000158166201378</p></td></tr><tr><td rowspan="1" colspan="1"><p>506</p></td><td rowspan="1" colspan="1"><p>00447821012500</p></td><td rowspan="1" colspan="1"><p>DROGARIA ROSARIO S/A</p></td><td rowspan="1" colspan="1"><p>GO</p></td><td rowspan="1" colspan="1"><p>ANAPOLIS</p></td><td rowspan="1" colspan="1"><p>25000044104200651</p></td></tr><tr><td rowspan="1" colspan="1"><p>507</p></td><td rowspan="1" colspan="1"><p>20343702000185</p></td><td rowspan="1" colspan="1"><p>FARMACIA DROGANASCER LTDA</p></td><td rowspan="1" colspan="1"><p>GO</p></td><td rowspan="1" colspan="1"><p>ANAPOLIS</p></td><td rowspan="1" colspan="1"><p>25000230736201445</p></td></tr><tr><td rowspan="1" colspan="1"><p>508</p></td><td rowspan="1" colspan="1"><p>17400882000185</p></td><td rowspan="1" colspan="1"><p>FARMACIA EL SHADAY EIRELI</p></td><td rowspan="1" colspan="1"><p>GO</p></td><td rowspan="1" colspan="1"><p>ANAPOLIS</p></td><td rowspan="1" colspan="1"><p>25000128695201428</p></td></tr><tr><td rowspan="1" colspan="1"><p>509</p></td><td rowspan="1" colspan="1"><p>10682764000168</p></td><td rowspan="1" colspan="1"><p>FARMACIA NOVO VISUAL LTDA</p></td><td rowspan="1" colspan="1"><p>GO</p></td><td rowspan="1" colspan="1"><p>ANAPOLIS</p></td><td rowspan="1" colspan="1"><p>25000506998200929</p></td></tr><tr><td rowspan="1" colspan="1"><p>510</p></td><td rowspan="1" colspan="1"><p>18282515000197</p></td><td rowspan="1" colspan="1"><p>JG DROGARIA LTDA</p></td><td rowspan="1" colspan="1"><p>GO</p></td><td rowspan="1" colspan="1"><p>ANAPOLIS</p></td><td rowspan="1" colspan="1"><p>25000153109201483</p></td></tr><tr><td rowspan="1" colspan="1"><p>511</p></td><td rowspan="1" colspan="1"><p>03836953000263</p></td><td rowspan="1" colspan="1"><p>K &amp; E MEDICAMENTOS LTDA</p></td><td rowspan="1" colspan="1"><p>GO</p></td><td rowspan="1" colspan="1"><p>ANAPOLIS</p></td><td rowspan="1" colspan="1"><p>25000195451200811</p></td></tr><tr><td rowspan="1" colspan="1"><p>512</p></td><td rowspan="1" colspan="1"><p>10316617000174</p></td><td rowspan="1" colspan="1"><p>REDE GOIAS DROGARIAS SHOPPING LTDA</p></td><td rowspan="1" colspan="1"><p>GO</p></td><td rowspan="1" colspan="1"><p>ANAPOLIS</p></td><td rowspan="1" colspan="1"><p>25000028933200939</p></td></tr><tr><td rowspan="1" colspan="1"><p>513</p></td><td rowspan="1" colspan="1"><p>10316617000255</p></td><td rowspan="1" colspan="1"><p>REDE GOIAS DROGARIAS SHOPPING LTDA</p></td><td rowspan="1" colspan="1"><p>GO</p></td><td rowspan="1" colspan="1"><p>ANAPOLIS</p></td><td rowspan="1" colspan="1"><p>25000028933200939</p></td></tr><tr><td rowspan="1" colspan="1"><p>514</p></td><td rowspan="1" colspan="1"><p>19155336000151</p></td><td rowspan="1" colspan="1"><p>RITA COMERCIO DE MEDICAMENTOS LTDA</p></td><td rowspan="1" colspan="1"><p>GO</p></td><td rowspan="1" colspan="1"><p>ANAPOLIS</p></td><td rowspan="1" colspan="1"><p>25000092812201416</p></td></tr><tr><td rowspan="1" colspan="1"><p>515</p></td><td rowspan="1" colspan="1"><p>16010431001574</p></td><td rowspan="1" colspan="1"><p>SANTA MARTA DISTRIBUIDORA DE DROGAS LTDA EM RECUPERACAO JUDICIAL</p></td><td rowspan="1" colspan="1"><p>GO</p></td><td rowspan="1" colspan="1"><p>ANAPOLIS</p></td><td rowspan="1" colspan="1"><p>25000045050200641</p></td></tr><tr><td rowspan="1" colspan="1"><p>516</p></td><td rowspan="1" colspan="1"><p>02663409000202</p></td><td rowspan="1" colspan="1"><p>SANTOS DUMONT PRODUTOS FARMACEUTICOS LTDA</p></td><td rowspan="1" colspan="1"><p>GO</p></td><td rowspan="1" colspan="1"><p>ANAPOLIS</p></td><td rowspan="1" colspan="1"><p>25000212443200838</p></td></tr><tr><td rowspan="1" colspan="1"><p>517</p></td><td rowspan="1" colspan="1"><p>06866599000127</p></td><td rowspan="1" colspan="1"><p>DROGARIA CERRADO LTDA</p></td><td rowspan="1" colspan="1"><p>GO</p></td><td rowspan="1" colspan="1"><p>APARECIDA DE GOIANIA</p></td><td rowspan="1" colspan="1"><p>25000161305201189</p></td></tr><tr><td rowspan="1" colspan="1"><p>518</p></td><td rowspan="1" colspan="1"><p>11168962000170</p></td><td rowspan="1" colspan="1"><p>DROGARIA E MANIPULACAO SANTA BARBARA LTDA</p></td><td rowspan="1" colspan="1"><p>GO</p></td><td rowspan="1" colspan="1"><p>APARECIDA DE GOIANIA</p></td><td rowspan="1" colspan="1"><p>25000142270201260</p></td></tr><tr><td rowspan="1" colspan="1"><p>519</p></td><td rowspan="1" colspan="1"><p>07452222000194</p></td><td rowspan="1" colspan="1"><p>DROGARIA LIVICTOR LTDA</p></td><td rowspan="1" colspan="1"><p>GO</p></td><td rowspan="1" colspan="1"><p>APARECIDA DE GOIANIA</p></td><td rowspan="1" colspan="1"><p>25000161684201379</p></td></tr><tr><td rowspan="1" colspan="1"><p>520</p></td><td rowspan="1" colspan="1"><p>04012718000159</p></td><td rowspan="1" colspan="1"><p>FARMAT COMERCIO DE MEDICAMENTOS LTDA</p></td><td rowspan="1" colspan="1"><p>GO</p></td><td rowspan="1" colspan="1"><p>APARECIDA DE GOIANIA</p></td><td rowspan="1" colspan="1"><p>25000164326200699</p></td></tr><tr><td rowspan="1" colspan="1"><p>521</p></td><td rowspan="1" colspan="1"><p>04988647000477</p></td><td rowspan="1" colspan="1"><p>KING COMERCIAL LTDA - EM RECUPERACAO JUDICIAL</p></td><td rowspan="1" colspan="1"><p>GO</p></td><td rowspan="1" colspan="1"><p>APARECIDA DE GOIANIA</p></td><td rowspan="1" colspan="1"><p>25000045060200686</p></td></tr><tr><td rowspan="1" colspan="1"><p>522</p></td><td rowspan="1" colspan="1"><p>04988647000124</p></td><td rowspan="1" colspan="1"><p>KING COMERCIAL LTDA - EM RECUPERACAO JUDICIAL</p></td><td rowspan="1" colspan="1"><p>GO</p></td><td rowspan="1" colspan="1"><p>APARECIDA DE GOIANIA</p></td><td rowspan="1" colspan="1"><p>25000045060200686</p></td></tr><tr><td rowspan="1" colspan="1"><p>523</p></td><td rowspan="1" colspan="1"><p>16010431004409</p></td><td rowspan="1" colspan="1"><p>SANTA MARTA DISTRIBUIDORA DE DROGAS LTDA EM RECUPERACAO JUDICIAL</p></td><td rowspan="1" colspan="1"><p>GO</p></td><td rowspan="1" colspan="1"><p>APARECIDA DE GOIANIA</p></td><td rowspan="1" colspan="1"><p>25000045050200641</p></td></tr><tr><td rowspan="1" colspan="1"><p>524</p></td><td rowspan="1" colspan="1"><p>16010431004166</p></td><td rowspan="1" colspan="1"><p>SANTA MARTA DISTRIBUIDORA DE DROGAS LTDA EM RECUPERACAO JUDICIAL</p></td><td rowspan="1" colspan="1"><p>GO</p></td><td rowspan="1" colspan="1"><p>APARECIDA DE GOIANIA</p></td><td rowspan="1" colspan="1"><p>25000045050200641</p></td></tr><tr><td rowspan="1" colspan="1"><p>525</p></td><td rowspan="1" colspan="1"><p>10668569000183</p></td><td rowspan="1" colspan="1"><p>SOUSA E GONDIM COMERCIO E PARTICIPACAO LTDA</p></td><td rowspan="1" colspan="1"><p>GO</p></td><td rowspan="1" colspan="1"><p>APARECIDA DE GOIANIA</p></td><td rowspan="1" colspan="1"><p>25000184252201336</p></td></tr><tr><td rowspan="1" colspan="1"><p>526</p></td><td rowspan="1" colspan="1"><p>12559806000101</p></td><td rowspan="1" colspan="1"><p>SCHERAIBER &amp; VASCONCELOS LTDA</p></td><td rowspan="1" colspan="1"><p>GO</p></td><td rowspan="1" colspan="1"><p>ARAGARCAS</p></td><td rowspan="1" colspan="1"><p>25000123190201396</p></td></tr><tr><td rowspan="1" colspan="1"><p>527</p></td><td rowspan="1" colspan="1"><p>24779258000104</p></td><td rowspan="1" colspan="1"><p>DROGA REIS LTDA</p></td><td rowspan="1" colspan="1"><p>GO</p></td><td rowspan="1" colspan="1"><p>BURITI ALEGRE</p></td><td rowspan="1" colspan="1"><p>25000560284200966</p></td></tr><tr><td rowspan="1" colspan="1"><p>528</p></td><td rowspan="1" colspan="1"><p>09488943000260</p></td><td rowspan="1" colspan="1"><p>SILVA &amp; SOUZA MEDICAMENTOS LTDA</p></td><td rowspan="1" colspan="1"><p>GO</p></td><td rowspan="1" colspan="1"><p>CAIAPONIA</p></td><td rowspan="1" colspan="1"><p>25000124993201104</p></td></tr><tr><td rowspan="1" colspan="1"><p>529</p></td><td rowspan="1" colspan="1"><p>11693596000179</p></td><td rowspan="1" colspan="1"><p>DROGAMED LTDA</p></td><td rowspan="1" colspan="1"><p>GO</p></td><td rowspan="1" colspan="1"><p>CALDAS NOVAS</p></td><td rowspan="1" colspan="1"><p>25000115996201068</p></td></tr><tr><td rowspan="1" colspan="1"><p>530</p></td><td rowspan="1" colspan="1"><p>11728846000169</p></td><td rowspan="1" colspan="1"><p>IV. COMERCIO DE MEDICAMENTOS LTDA</p></td><td rowspan="1" colspan="1"><p>GO</p></td><td rowspan="1" colspan="1"><p>CALDAS NOVAS</p></td><td rowspan="1" colspan="1"><p>25000112567201039</p></td></tr><tr><td rowspan="1" colspan="1"><p>531</p></td><td rowspan="1" colspan="1"><p>09403763000158</p></td><td rowspan="1" colspan="1"><p>IVAN PRODUTOS FARMACEUTICOS LTDA</p></td><td rowspan="1" colspan="1"><p>GO</p></td><td rowspan="1" colspan="1"><p>CALDAS NOVAS</p></td><td rowspan="1" colspan="1"><p>25000117317201095</p></td></tr><tr><td rowspan="1" colspan="1"><p>532</p></td><td rowspan="1" colspan="1"><p>11810897000135</p></td><td rowspan="1" colspan="1"><p>POPCALDAS PRODUTOS FARMACEUTICOS LTDA</p></td><td rowspan="1" colspan="1"><p>GO</p></td><td rowspan="1" colspan="1"><p>CALDAS NOVAS</p></td><td rowspan="1" colspan="1"><p>25000112576201020</p></td></tr><tr><td rowspan="1" colspan="1"><p>533</p></td><td rowspan="1" colspan="1"><p>14978242000169</p></td><td rowspan="1" colspan="1"><p>CYNTHIA VICTOR DE OLIVEIRA</p></td><td rowspan="1" colspan="1"><p>GO</p></td><td rowspan="1" colspan="1"><p>CAMPOS BELOS</p></td><td rowspan="1" colspan="1"><p>25000172023201298</p></td></tr></table>]]></Texto>
  </body>
  <Midias />
</article></xml>