﻿<xml><article id="44735470" name="7652 PORTARIA T Autoriza o repas" idOficio="11191435" pubName="DO1" artType="Portaria" pubDate="01/08/2025" artClass="00047:00001:00000:00000:00000:00000:00000:00000:00000:00000:00054:00000" artCategory="Ministério da Saúde/Gabinete do Ministro" artSize="12" artNotes="" numberPage="109" pdfPage="http://pesquisa.in.gov.br/imprensa/jsp/visualiza/index.jsp?data=01/08/2025&amp;jornal=515&amp;pagina=109" editionNumber="144" highlightType="" highlightPriority="" highlight="" highlightimage="" highlightimagename="" idMateria="22948780">
  <body>
    <Identifica><![CDATA[ Portaria GM/MS Nº 7.652, DE 21 DE julho DE 2025]]></Identifica>
    <Data><![CDATA[]]></Data>
    <Ementa><![CDATA[ Autoriza o repasse referente ao incremento financeiro emergencial de custeio de resposta às emergências em saúde pública no âmbito do Sistema Único de Saúde.]]></Ementa>
    <Titulo />
    <SubTitulo />
    <Texto><![CDATA[<p class="identifica">Portaria GM/MS Nº 7.652, DE 21 DE julho DE 2025</p><p class="ementa">Autoriza o repasse referente ao incremento financeiro emergencial de custeio de resposta às emergências em saúde pública no âmbito do Sistema Único de Saúde.</p><p>O MINISTRO DE ESTADO DA SAÚDE, no uso da atribuição que lhe confere o inciso I do parágrafo único do art. 87 da Constituição, e considerando a Portaria GM/MS nº 6.495 de 31 de dezembro de 2024, que alterou Portaria de Consolidação GM/MS nº 6, de 28 de setembro de 2017, para regulamentar o incremento financeiro de que trata o inciso II do § 2º do art. 8º - E, no caso de custeio para preparação e resposta às emergências em saúde pública no âmbito do Sistema Único de Saúde - SUS, resolve:</p><p>Art. 1º Aprovar o repasse financeiro emergencial do Fundo Nacional de Saúde para o Fundo de Saúde Municipal, em parcela única, na forma do Anexo, para o custeio de preparação e resposta a emergências em saúde.</p><p>Art. 2º O Fundo Nacional de Saúde adotará as medidas necessárias às transferências dos recursos estabelecidos nesta Portaria ao respectivo Fundo de Saúde, em conformidade com o processo de pagamento instruído.</p><p>Art. 3º O repasse de eventuais parcelas subsequentes, ficará condicionado ao cumprimento dos requisitos estabelecidos no §2º do Art. 8-E, da Portaria GM/MS nº 6.495 de 31 de dezembro de 2024, pelo ente beneficiário.</p><p>Art. 4º O ente beneficiário deverá comprovar a aplicação dos recursos financeiros recebidos por meio do Relatório Anual de Gestão - RAG, nos termos do art. 660 da Portaria de Consolidação GM/MS nº 6, de 2017.</p><p>Art. 5º Os recursos financeiros para a execução das atividades de que trata esta Portaria são oriundos do orçamento do Ministério da Saúde, devendo onerar as seguintes Funcionais Programáticas:</p><p>I - Programa de Trabalho - 10.305.5123.20AL - Apoio aos Estados, Distrito Federal e Municípios para a Vigilância em Saúde - Plano Orçamentário 0005; e</p><p>II - Programa de Trabalho 10.303.5117.20AE - Promoção da Assistência Farmacêutica e Insumos Estratégicos na Atenção Básica em Saúde - Plano Orçamentário 0007.</p><p>Art. 6º Esta Portaria entra em vigor na data de sua publicação.</p><p class="assina">ALEXANDRE ROCHA SANTOS PADILHA</p><p class="anexo">ANEXO</p><p /><p></p><table><tr /><tr><td rowspan="1" colspan="1"><p>UF</p></td><td rowspan="1" colspan="1"><p>IBGE</p></td><td rowspan="1" colspan="1"><p>MUNICÍPIO</p></td><td rowspan="1" colspan="2"><p>PROGRAMA DE TRABALHO</p></td></tr><tr><td rowspan="1" colspan="1"><p></p></td><td rowspan="1" colspan="1"><p></p></td><td rowspan="1" colspan="1"><p></p></td><td rowspan="1" colspan="1"><p>10.305.5123.20AL</p></td><td rowspan="1" colspan="1"><p>10.303.5117.20AE</p></td></tr><tr><td rowspan="1" colspan="1"><p>SP</p></td><td rowspan="1" colspan="1"><p>352930</p></td><td rowspan="1" colspan="1"><p>MATÃO</p></td><td rowspan="1" colspan="1"><p>R$ 13.498,56</p></td><td rowspan="1" colspan="1"><p>R$ 4.807,84</p></td></tr><tr><td rowspan="1" colspan="3"><p>TOTAL GERAL</p></td><td rowspan="1" colspan="1"><p></p></td><td rowspan="1" colspan="1"><p>R$ 18.306,40</p></td></tr></table>]]></Texto>
  </body>
  <Midias />
</article></xml>