﻿<xml><article id="44731958" name="2025-07-31/11191176/ANMWS_229484" idOficio="11191176" pubName="DO1" artType="Despacho" pubDate="01/08/2025" artClass="00035:00044:00021:00000:00000:00000:00000:00000:00000:00000:00024:00381" artCategory="Ministério de Minas e Energia/Agência Nacional de Mineração/Gerência da ANM no Estado de Minas Gerais" artSize="12" artNotes="" numberPage="81" pdfPage="http://pesquisa.in.gov.br/imprensa/jsp/visualiza/index.jsp?data=01/08/2025&amp;jornal=515&amp;pagina=81" editionNumber="144" highlightType="" highlightPriority="" highlight="" highlightimage="" highlightimagename="" idMateria="22948420">
  <body>
    <Identifica><![CDATA[Despacho]]></Identifica>
    <Data><![CDATA[]]></Data>
    <Ementa />
    <Titulo />
    <SubTitulo />
    <Texto><![CDATA[<p class="identifica">Despacho</p><p>Relação nº 381/2025</p><p>Fase de Autorização de Pesquisa</p><p>Aprova o relatório de Pesquisa(317)</p><p>833.646/2023-FLAVIO DO PRADO DOMINGOS-Areia (construção civil).-Miguelópolis e Água Comprida/SP/MG</p><p class="assina">LUCIANA CABRAL DANESE</p><p class="cargo">Gerente</p>]]></Texto>
  </body>
  <Midias />
</article></xml>