﻿<xml><article id="44735918" name="Portaria FP 31 07 2025 Descreden" idOficio="11191432" pubName="DO1" artType="Despacho" pubDate="01/08/2025" artClass="00047:00039:00000:00000:00000:00000:00000:00000:00000:00000:00024:00000" artCategory="Ministério da Saúde/Secretaria de Ciência, Tecnologia e Inovação e do Complexo Econômico-Industrial da Saúde" artSize="24" artNotes="" numberPage="167" pdfPage="http://pesquisa.in.gov.br/imprensa/jsp/visualiza/index.jsp?data=01/08/2025&amp;jornal=515&amp;pagina=167" editionNumber="144" highlightType="" highlightPriority="" highlight="" highlightimage="" highlightimagename="" idMateria="22948776">
  <body>
    <Identifica />
    <Data><![CDATA[]]></Data>
    <Ementa />
    <Titulo />
    <SubTitulo />
    <Texto><![CDATA[<p /><p></p><table><tr /><tr><td rowspan="1" colspan="1"><p>3868</p></td><td rowspan="1" colspan="1"><p>05241596002189</p></td><td rowspan="1" colspan="1"><p>DROGARIA NOVA DM LTDA EM RECUPERACAO JUDICIAL</p></td><td rowspan="1" colspan="1"><p>SP</p></td><td rowspan="1" colspan="1"><p>SAO PAULO</p></td><td rowspan="1" colspan="1"><p>25000049465200693</p></td></tr><tr><td rowspan="1" colspan="1"><p>3869</p></td><td rowspan="1" colspan="1"><p>05241596001611</p></td><td rowspan="1" colspan="1"><p>DROGARIA NOVA DM LTDA EM RECUPERACAO JUDICIAL</p></td><td rowspan="1" colspan="1"><p>SP</p></td><td rowspan="1" colspan="1"><p>SAO PAULO</p></td><td rowspan="1" colspan="1"><p>25000049465200693</p></td></tr><tr><td rowspan="1" colspan="1"><p>3870</p></td><td rowspan="1" colspan="1"><p>05241596001026</p></td><td rowspan="1" colspan="1"><p>DROGARIA NOVA DM LTDA EM RECUPERACAO JUDICIAL</p></td><td rowspan="1" colspan="1"><p>SP</p></td><td rowspan="1" colspan="1"><p>SAO PAULO</p></td><td rowspan="1" colspan="1"><p>25000049465200693</p></td></tr><tr><td rowspan="1" colspan="1"><p>3871</p></td><td rowspan="1" colspan="1"><p>05241596002260</p></td><td rowspan="1" colspan="1"><p>DROGARIA NOVA DM LTDA EM RECUPERACAO JUDICIAL</p></td><td rowspan="1" colspan="1"><p>SP</p></td><td rowspan="1" colspan="1"><p>SAO PAULO</p></td><td rowspan="1" colspan="1"><p>25000049465200693</p></td></tr><tr><td rowspan="1" colspan="1"><p>3872</p></td><td rowspan="1" colspan="1"><p>05241596002340</p></td><td rowspan="1" colspan="1"><p>DROGARIA NOVA DM LTDA EM RECUPERACAO JUDICIAL</p></td><td rowspan="1" colspan="1"><p>SP</p></td><td rowspan="1" colspan="1"><p>SAO PAULO</p></td><td rowspan="1" colspan="1"><p>25000049465200693</p></td></tr><tr><td rowspan="1" colspan="1"><p>3873</p></td><td rowspan="1" colspan="1"><p>05241596000305</p></td><td rowspan="1" colspan="1"><p>DROGARIA NOVA DM LTDA EM RECUPERACAO JUDICIAL</p></td><td rowspan="1" colspan="1"><p>SP</p></td><td rowspan="1" colspan="1"><p>SAO PAULO</p></td><td rowspan="1" colspan="1"><p>25000049465200793</p></td></tr><tr><td rowspan="1" colspan="1"><p>3874</p></td><td rowspan="1" colspan="1"><p>05241596001964</p></td><td rowspan="1" colspan="1"><p>DROGARIA NOVA DM LTDA EM RECUPERACAO JUDICIAL</p></td><td rowspan="1" colspan="1"><p>SP</p></td><td rowspan="1" colspan="1"><p>SAO PAULO</p></td><td rowspan="1" colspan="1"><p>25000049465200693</p></td></tr><tr><td rowspan="1" colspan="1"><p>3875</p></td><td rowspan="1" colspan="1"><p>05241596000569</p></td><td rowspan="1" colspan="1"><p>DROGARIA NOVA DM LTDA EM RECUPERACAO JUDICIAL</p></td><td rowspan="1" colspan="1"><p>SP</p></td><td rowspan="1" colspan="1"><p>SAO PAULO</p></td><td rowspan="1" colspan="1"><p>25000049465200793</p></td></tr><tr><td rowspan="1" colspan="1"><p>3876</p></td><td rowspan="1" colspan="1"><p>05241596000640</p></td><td rowspan="1" colspan="1"><p>DROGARIA NOVA DM LTDA EM RECUPERACAO JUDICIAL</p></td><td rowspan="1" colspan="1"><p>SP</p></td><td rowspan="1" colspan="1"><p>SAO PAULO</p></td><td rowspan="1" colspan="1"><p>25000049465200793</p></td></tr><tr><td rowspan="1" colspan="1"><p>3877</p></td><td rowspan="1" colspan="1"><p>06285478000191</p></td><td rowspan="1" colspan="1"><p>DROGARIA NOVA IPIRANGA LTDA</p></td><td rowspan="1" colspan="1"><p>SP</p></td><td rowspan="1" colspan="1"><p>SAO PAULO</p></td><td rowspan="1" colspan="1"><p>25000179755200661</p></td></tr><tr><td rowspan="1" colspan="1"><p>3878</p></td><td rowspan="1" colspan="1"><p>66088311000162</p></td><td rowspan="1" colspan="1"><p>DROGARIA NOVA PAULI LTDA</p></td><td rowspan="1" colspan="1"><p>SP</p></td><td rowspan="1" colspan="1"><p>SAO PAULO</p></td><td rowspan="1" colspan="1"><p>25000019860201532</p></td></tr><tr><td rowspan="1" colspan="1"><p>3879</p></td><td rowspan="1" colspan="1"><p>07283871000109</p></td><td rowspan="1" colspan="1"><p>DROGARIA P L R - CENTRO LTDA</p></td><td rowspan="1" colspan="1"><p>SP</p></td><td rowspan="1" colspan="1"><p>SAO PAULO</p></td><td rowspan="1" colspan="1"><p>25000221198200850</p></td></tr><tr><td rowspan="1" colspan="1"><p>3880</p></td><td rowspan="1" colspan="1"><p>08730539000108</p></td><td rowspan="1" colspan="1"><p>DROGARIA PROSIN LTDA</p></td><td rowspan="1" colspan="1"><p>SP</p></td><td rowspan="1" colspan="1"><p>SAO PAULO</p></td><td rowspan="1" colspan="1"><p>25000043707200988</p></td></tr><tr><td rowspan="1" colspan="1"><p>3881</p></td><td rowspan="1" colspan="1"><p>06976016000110</p></td><td rowspan="1" colspan="1"><p>DROGARIA PURO REMEDIO LTDA</p></td><td rowspan="1" colspan="1"><p>SP</p></td><td rowspan="1" colspan="1"><p>SAO PAULO</p></td><td rowspan="1" colspan="1"><p>25000047158201054</p></td></tr><tr><td rowspan="1" colspan="1"><p>3882</p></td><td rowspan="1" colspan="1"><p>61114013000186</p></td><td rowspan="1" colspan="1"><p>DROGARIA REFARMA LTDA</p></td><td rowspan="1" colspan="1"><p>SP</p></td><td rowspan="1" colspan="1"><p>SAO PAULO</p></td><td rowspan="1" colspan="1"><p>25000122026201281</p></td></tr><tr><td rowspan="1" colspan="1"><p>3883</p></td><td rowspan="1" colspan="1"><p>61412110007753</p></td><td rowspan="1" colspan="1"><p>DROGARIA SAO PAULO S.A.</p></td><td rowspan="1" colspan="1"><p>SP</p></td><td rowspan="1" colspan="1"><p>SAO PAULO</p></td><td rowspan="1" colspan="1"><p>25000044260200611</p></td></tr><tr><td rowspan="1" colspan="1"><p>3884</p></td><td rowspan="1" colspan="1"><p>61412110012757</p></td><td rowspan="1" colspan="1"><p>DROGARIA SAO PAULO S.A.</p></td><td rowspan="1" colspan="1"><p>SP</p></td><td rowspan="1" colspan="1"><p>SAO PAULO</p></td><td rowspan="1" colspan="1"><p>25000044260200611</p></td></tr><tr><td rowspan="1" colspan="1"><p>3885</p></td><td rowspan="1" colspan="1"><p>61412110062185</p></td><td rowspan="1" colspan="1"><p>DROGARIA SAO PAULO S.A.</p></td><td rowspan="1" colspan="1"><p>SP</p></td><td rowspan="1" colspan="1"><p>SAO PAULO</p></td><td rowspan="1" colspan="1"><p>25000044260200611</p></td></tr><tr><td rowspan="1" colspan="1"><p>3886</p></td><td rowspan="1" colspan="1"><p>61412110016400</p></td><td rowspan="1" colspan="1"><p>DROGARIA SAO PAULO S.A.</p></td><td rowspan="1" colspan="1"><p>SP</p></td><td rowspan="1" colspan="1"><p>SAO PAULO</p></td><td rowspan="1" colspan="1"><p>25000044260200611</p></td></tr><tr><td rowspan="1" colspan="1"><p>3887</p></td><td rowspan="1" colspan="1"><p>61412110016906</p></td><td rowspan="1" colspan="1"><p>DROGARIA SAO PAULO S.A.</p></td><td rowspan="1" colspan="1"><p>SP</p></td><td rowspan="1" colspan="1"><p>SAO PAULO</p></td><td rowspan="1" colspan="1"><p>25000044260200611</p></td></tr><tr><td rowspan="1" colspan="1"><p>3888</p></td><td rowspan="1" colspan="1"><p>61412110012404</p></td><td rowspan="1" colspan="1"><p>DROGARIA SAO PAULO S.A.</p></td><td rowspan="1" colspan="1"><p>SP</p></td><td rowspan="1" colspan="1"><p>SAO PAULO</p></td><td rowspan="1" colspan="1"><p>25000044260200611</p></td></tr><tr><td rowspan="1" colspan="1"><p>3889</p></td><td rowspan="1" colspan="1"><p>61412110016582</p></td><td rowspan="1" colspan="1"><p>DROGARIA SAO PAULO S.A.</p></td><td rowspan="1" colspan="1"><p>SP</p></td><td rowspan="1" colspan="1"><p>SAO PAULO</p></td><td rowspan="1" colspan="1"><p>25000044260200611</p></td></tr><tr><td rowspan="1" colspan="1"><p>3890</p></td><td rowspan="1" colspan="1"><p>61412110021748</p></td><td rowspan="1" colspan="1"><p>DROGARIA SAO PAULO S.A.</p></td><td rowspan="1" colspan="1"><p>SP</p></td><td rowspan="1" colspan="1"><p>SAO PAULO</p></td><td rowspan="1" colspan="1"><p>25000044260200611</p></td></tr><tr><td rowspan="1" colspan="1"><p>3891</p></td><td rowspan="1" colspan="1"><p>60572104000100</p></td><td rowspan="1" colspan="1"><p>DROGARIA SAO PEDRO DO ARICANDUVA LTDA</p></td><td rowspan="1" colspan="1"><p>SP</p></td><td rowspan="1" colspan="1"><p>SAO PAULO</p></td><td rowspan="1" colspan="1"><p>25000054479200629</p></td></tr><tr><td rowspan="1" colspan="1"><p>3892</p></td><td rowspan="1" colspan="1"><p>54773437000197</p></td><td rowspan="1" colspan="1"><p>DROGARIA SAUDE DE SAO JUDAS TADEU LTDA</p></td><td rowspan="1" colspan="1"><p>SP</p></td><td rowspan="1" colspan="1"><p>SAO PAULO</p></td><td rowspan="1" colspan="1"><p>25000092237200633</p></td></tr><tr><td rowspan="1" colspan="1"><p>3893</p></td><td rowspan="1" colspan="1"><p>11014733000100</p></td><td rowspan="1" colspan="1"><p>DROGARIA SPS LTDA.</p></td><td rowspan="1" colspan="1"><p>SP</p></td><td rowspan="1" colspan="1"><p>SAO PAULO</p></td><td rowspan="1" colspan="1"><p>25000090504201103</p></td></tr><tr><td rowspan="1" colspan="1"><p>3894</p></td><td rowspan="1" colspan="1"><p>07243192000106</p></td><td rowspan="1" colspan="1"><p>DROGARIA STYLLUSFARMA LTDA</p></td><td rowspan="1" colspan="1"><p>SP</p></td><td rowspan="1" colspan="1"><p>SAO PAULO</p></td><td rowspan="1" colspan="1"><p>25000177701200661</p></td></tr><tr><td rowspan="1" colspan="1"><p>3895</p></td><td rowspan="1" colspan="1"><p>03035033000165</p></td><td rowspan="1" colspan="1"><p>DROGARIA WAKI LTDA.</p></td><td rowspan="1" colspan="1"><p>SP</p></td><td rowspan="1" colspan="1"><p>SAO PAULO</p></td><td rowspan="1" colspan="1"><p>25000076619200610</p></td></tr><tr><td rowspan="1" colspan="1"><p>3896</p></td><td rowspan="1" colspan="1"><p>33438250043214</p></td><td rowspan="1" colspan="1"><p>DROGARIAS PACHECO S/A</p></td><td rowspan="1" colspan="1"><p>SP</p></td><td rowspan="1" colspan="1"><p>SAO PAULO</p></td><td rowspan="1" colspan="1"><p>25000100135200607</p></td></tr><tr><td rowspan="1" colspan="1"><p>3897</p></td><td rowspan="1" colspan="1"><p>33438250043133</p></td><td rowspan="1" colspan="1"><p>DROGARIAS PACHECO S/A</p></td><td rowspan="1" colspan="1"><p>SP</p></td><td rowspan="1" colspan="1"><p>SAO PAULO</p></td><td rowspan="1" colspan="1"><p>25000100135200607</p></td></tr><tr><td rowspan="1" colspan="1"><p>3898</p></td><td rowspan="1" colspan="1"><p>33438250041351</p></td><td rowspan="1" colspan="1"><p>DROGARIAS PACHECO S/A</p></td><td rowspan="1" colspan="1"><p>SP</p></td><td rowspan="1" colspan="1"><p>SAO PAULO</p></td><td rowspan="1" colspan="1"><p>25000100135200607</p></td></tr><tr><td rowspan="1" colspan="1"><p>3899</p></td><td rowspan="1" colspan="1"><p>33438250042080</p></td><td rowspan="1" colspan="1"><p>DROGARIAS PACHECO S/A</p></td><td rowspan="1" colspan="1"><p>SP</p></td><td rowspan="1" colspan="1"><p>SAO PAULO</p></td><td rowspan="1" colspan="1"><p>25000100135200607</p></td></tr><tr><td rowspan="1" colspan="1"><p>3900</p></td><td rowspan="1" colspan="1"><p>33438250026042</p></td><td rowspan="1" colspan="1"><p>DROGARIAS PACHECO S/A</p></td><td rowspan="1" colspan="1"><p>SP</p></td><td rowspan="1" colspan="1"><p>SAO PAULO</p></td><td rowspan="1" colspan="1"><p>25000100135200607</p></td></tr><tr><td rowspan="1" colspan="1"><p>3901</p></td><td rowspan="1" colspan="1"><p>33438250041190</p></td><td rowspan="1" colspan="1"><p>DROGARIAS PACHECO S/A</p></td><td rowspan="1" colspan="1"><p>SP</p></td><td rowspan="1" colspan="1"><p>SAO PAULO</p></td><td rowspan="1" colspan="1"><p>25000100135200607</p></td></tr><tr><td rowspan="1" colspan="1"><p>3902</p></td><td rowspan="1" colspan="1"><p>33438250042161</p></td><td rowspan="1" colspan="1"><p>DROGARIAS PACHECO S/A</p></td><td rowspan="1" colspan="1"><p>SP</p></td><td rowspan="1" colspan="1"><p>SAO PAULO</p></td><td rowspan="1" colspan="1"><p>25000100135200607</p></td></tr><tr><td rowspan="1" colspan="1"><p>3903</p></td><td rowspan="1" colspan="1"><p>43117787000260</p></td><td rowspan="1" colspan="1"><p>DROGATIVA GRIMALDI LTDA</p></td><td rowspan="1" colspan="1"><p>SP</p></td><td rowspan="1" colspan="1"><p>SAO PAULO</p></td><td rowspan="1" colspan="1"><p>25000189335201401</p></td></tr><tr><td rowspan="1" colspan="1"><p>3904</p></td><td rowspan="1" colspan="1"><p>43117787000189</p></td><td rowspan="1" colspan="1"><p>DROGATIVA GRIMALDI LTDA</p></td><td rowspan="1" colspan="1"><p>SP</p></td><td rowspan="1" colspan="1"><p>SAO PAULO</p></td><td rowspan="1" colspan="1"><p>25000189335201401</p></td></tr><tr><td rowspan="1" colspan="1"><p>3905</p></td><td rowspan="1" colspan="1"><p>43117787000340</p></td><td rowspan="1" colspan="1"><p>DROGATIVA GRIMALDI LTDA</p></td><td rowspan="1" colspan="1"><p>SP</p></td><td rowspan="1" colspan="1"><p>SAO PAULO</p></td><td rowspan="1" colspan="1"><p>25000189335201401</p></td></tr><tr><td rowspan="1" colspan="1"><p>3906</p></td><td rowspan="1" colspan="1"><p>04136841000181</p></td><td rowspan="1" colspan="1"><p>ELIANA CARVALHO SILVA</p></td><td rowspan="1" colspan="1"><p>SP</p></td><td rowspan="1" colspan="1"><p>SAO PAULO</p></td><td rowspan="1" colspan="1"><p>25000106441201025</p></td></tr><tr><td rowspan="1" colspan="1"><p>3907</p></td><td rowspan="1" colspan="1"><p>69124642000107</p></td><td rowspan="1" colspan="1"><p>F.T. COMERCIAL FARMACEUTICA LTDA</p></td><td rowspan="1" colspan="1"><p>SP</p></td><td rowspan="1" colspan="1"><p>SAO PAULO</p></td><td rowspan="1" colspan="1"><p>25000526800200923</p></td></tr><tr><td rowspan="1" colspan="1"><p>3908</p></td><td rowspan="1" colspan="1"><p>48572192000137</p></td><td rowspan="1" colspan="1"><p>FARMACIA ANDIRA IMPORTAÇÃO E EXPORTAÇÃO DE PRODUTOS LTDA</p></td><td rowspan="1" colspan="1"><p>SP</p></td><td rowspan="1" colspan="1"><p>SAO PAULO</p></td><td rowspan="1" colspan="1"><p>25000030786200886</p></td></tr><tr><td rowspan="1" colspan="1"><p>3909</p></td><td rowspan="1" colspan="1"><p>60821063000130</p></td><td rowspan="1" colspan="1"><p>FARMACIA E DROGARIA KYIOTO LTDA</p></td><td rowspan="1" colspan="1"><p>SP</p></td><td rowspan="1" colspan="1"><p>SAO PAULO</p></td><td rowspan="1" colspan="1"><p>25000062935200795</p></td></tr><tr><td rowspan="1" colspan="1"><p>3910</p></td><td rowspan="1" colspan="1"><p>62251194000155</p></td><td rowspan="1" colspan="1"><p>FARMACIA JEODROGA LTDA</p></td><td rowspan="1" colspan="1"><p>SP</p></td><td rowspan="1" colspan="1"><p>SAO PAULO</p></td><td rowspan="1" colspan="1"><p>25000088463200610</p></td></tr><tr><td rowspan="1" colspan="1"><p>3911</p></td><td rowspan="1" colspan="1"><p>08430146000189</p></td><td rowspan="1" colspan="1"><p>FARMACIA NOVA CANGAIBA LTDA</p></td><td rowspan="1" colspan="1"><p>SP</p></td><td rowspan="1" colspan="1"><p>SAO PAULO</p></td><td rowspan="1" colspan="1"><p>25000043717200913</p></td></tr><tr><td rowspan="1" colspan="1"><p>3912</p></td><td rowspan="1" colspan="1"><p>50579804000165</p></td><td rowspan="1" colspan="1"><p>FARMACIA OLIVER LTDA</p></td><td rowspan="1" colspan="1"><p>SP</p></td><td rowspan="1" colspan="1"><p>SAO PAULO</p></td><td rowspan="1" colspan="1"><p>25000130821202567</p></td></tr><tr><td rowspan="1" colspan="1"><p>3913</p></td><td rowspan="1" colspan="1"><p>53933826000170</p></td><td rowspan="1" colspan="1"><p>FARMADROGA LTDA</p></td><td rowspan="1" colspan="1"><p>SP</p></td><td rowspan="1" colspan="1"><p>SAO PAULO</p></td><td rowspan="1" colspan="1"><p>25000174312201311</p></td></tr><tr><td rowspan="1" colspan="1"><p>3914</p></td><td rowspan="1" colspan="1"><p>06224667000154</p></td><td rowspan="1" colspan="1"><p>ICR MOOCA DROGARIA LTDA</p></td><td rowspan="1" colspan="1"><p>SP</p></td><td rowspan="1" colspan="1"><p>SAO PAULO</p></td><td rowspan="1" colspan="1"><p>25000195952201011</p></td></tr><tr><td rowspan="1" colspan="1"><p>3915</p></td><td rowspan="1" colspan="1"><p>61938403000685</p></td><td rowspan="1" colspan="1"><p>INTERDROGA SERVICOS DE APOIO ADMINISTRATIVO LTDA</p></td><td rowspan="1" colspan="1"><p>SP</p></td><td rowspan="1" colspan="1"><p>SAO PAULO</p></td><td rowspan="1" colspan="1"><p>25000109586201321</p></td></tr><tr><td rowspan="1" colspan="1"><p>3916</p></td><td rowspan="1" colspan="1"><p>61938403000332</p></td><td rowspan="1" colspan="1"><p>INTERDROGA SERVICOS DE APOIO ADMINISTRATIVO LTDA</p></td><td rowspan="1" colspan="1"><p>SP</p></td><td rowspan="1" colspan="1"><p>SAO PAULO</p></td><td rowspan="1" colspan="1"><p>25000109586201321</p></td></tr><tr><td rowspan="1" colspan="1"><p>3917</p></td><td rowspan="1" colspan="1"><p>38824033000129</p></td><td rowspan="1" colspan="1"><p>JUITI KUME &amp; CIA LTDA</p></td><td rowspan="1" colspan="1"><p>SP</p></td><td rowspan="1" colspan="1"><p>SAO PAULO</p></td><td rowspan="1" colspan="1"><p>25000220773200805</p></td></tr><tr><td rowspan="1" colspan="1"><p>3918</p></td><td rowspan="1" colspan="1"><p>69093318000160</p></td><td rowspan="1" colspan="1"><p>LEANDRO LEITE DO NASCIMENTO DROGARIA LTDA</p></td><td rowspan="1" colspan="1"><p>SP</p></td><td rowspan="1" colspan="1"><p>SAO PAULO</p></td><td rowspan="1" colspan="1"><p>25000059075201512</p></td></tr><tr><td rowspan="1" colspan="1"><p>3919</p></td><td rowspan="1" colspan="1"><p>55766547000194</p></td><td rowspan="1" colspan="1"><p>LIDIA SERVICOS EMPRESARIAIS LTDA</p></td><td rowspan="1" colspan="1"><p>SP</p></td><td rowspan="1" colspan="1"><p>SAO PAULO</p></td><td rowspan="1" colspan="1"><p>25000133091200693</p></td></tr><tr><td rowspan="1" colspan="1"><p>3920</p></td><td rowspan="1" colspan="1"><p>16758545000878</p></td><td rowspan="1" colspan="1"><p>MA CONDE DROGARIA LTDA</p></td><td rowspan="1" colspan="1"><p>SP</p></td><td rowspan="1" colspan="1"><p>SAO PAULO</p></td><td rowspan="1" colspan="1"><p>25000158000200622</p></td></tr><tr><td rowspan="1" colspan="1"><p>3921</p></td><td rowspan="1" colspan="1"><p>08077052000178</p></td><td rowspan="1" colspan="1"><p>''MAGALI COCONESI &amp; CIA. LTDA</p></td><td rowspan="1" colspan="1"><p>SP</p></td><td rowspan="1" colspan="1"><p>SAO PAULO</p></td><td rowspan="1" colspan="1"><p>25000221154200820</p></td></tr><tr><td rowspan="1" colspan="1"><p>3922</p></td><td rowspan="1" colspan="1"><p>04763522000104</p></td><td rowspan="1" colspan="1"><p>MARILEO DROGARIA E PERFUMARIA LTDA</p></td><td rowspan="1" colspan="1"><p>SP</p></td><td rowspan="1" colspan="1"><p>SAO PAULO</p></td><td rowspan="1" colspan="1"><p>25000129572201323</p></td></tr><tr><td rowspan="1" colspan="1"><p>3923</p></td><td rowspan="1" colspan="1"><p>03666706000185</p></td><td rowspan="1" colspan="1"><p>MILTON CORREA SANSANA</p></td><td rowspan="1" colspan="1"><p>SP</p></td><td rowspan="1" colspan="1"><p>SAO PAULO</p></td><td rowspan="1" colspan="1"><p>25000196247201457</p></td></tr><tr><td rowspan="1" colspan="1"><p>3924</p></td><td rowspan="1" colspan="1"><p>03666706000266</p></td><td rowspan="1" colspan="1"><p>MILTON CORREA SANSANA</p></td><td rowspan="1" colspan="1"><p>SP</p></td><td rowspan="1" colspan="1"><p>SAO PAULO</p></td><td rowspan="1" colspan="1"><p>25000196247201457</p></td></tr><tr><td rowspan="1" colspan="1"><p>3925</p></td><td rowspan="1" colspan="1"><p>07785466000199</p></td><td rowspan="1" colspan="1"><p>NOBRE MEDICAMENTO E COSMETICOS LTDA</p></td><td rowspan="1" colspan="1"><p>SP</p></td><td rowspan="1" colspan="1"><p>SAO PAULO</p></td><td rowspan="1" colspan="1"><p>25000198500201083</p></td></tr><tr><td rowspan="1" colspan="1"><p>3926</p></td><td rowspan="1" colspan="1"><p>10773692000245</p></td><td rowspan="1" colspan="1"><p>NOVID DROGARIA LTDA</p></td><td rowspan="1" colspan="1"><p>SP</p></td><td rowspan="1" colspan="1"><p>SAO PAULO</p></td><td rowspan="1" colspan="1"><p>25000119386201033</p></td></tr><tr><td rowspan="1" colspan="1"><p>3927</p></td><td rowspan="1" colspan="1"><p>05697325000199</p></td><td rowspan="1" colspan="1"><p>NUVIAS COMERCIO DE MEDICAMENTOS LTDA</p></td><td rowspan="1" colspan="1"><p>SP</p></td><td rowspan="1" colspan="1"><p>SAO PAULO</p></td><td rowspan="1" colspan="1"><p>25000157870201141</p></td></tr><tr><td rowspan="1" colspan="1"><p>3928</p></td><td rowspan="1" colspan="1"><p>12464190000187</p></td><td rowspan="1" colspan="1"><p>OXFEM DROGARIAS LTDA</p></td><td rowspan="1" colspan="1"><p>SP</p></td><td rowspan="1" colspan="1"><p>SAO PAULO</p></td><td rowspan="1" colspan="1"><p>25000092047201183</p></td></tr><tr><td rowspan="1" colspan="1"><p>3929</p></td><td rowspan="1" colspan="1"><p>61585865026118</p></td><td rowspan="1" colspan="1"><p>RAIA DROGASIL S/A</p></td><td rowspan="1" colspan="1"><p>SP</p></td><td rowspan="1" colspan="1"><p>SAO PAULO</p></td><td rowspan="1" colspan="1"><p>25000044118200674</p></td></tr><tr><td rowspan="1" colspan="1"><p>3930</p></td><td rowspan="1" colspan="1"><p>61585865038558</p></td><td rowspan="1" colspan="1"><p>RAIA DROGASIL S/A</p></td><td rowspan="1" colspan="1"><p>SP</p></td><td rowspan="1" colspan="1"><p>SAO PAULO</p></td><td rowspan="1" colspan="1"><p>25000044118200674</p></td></tr><tr><td rowspan="1" colspan="1"><p>3931</p></td><td rowspan="1" colspan="1"><p>60605664009243</p></td><td rowspan="1" colspan="1"><p>RAIA S.A.</p></td><td rowspan="1" colspan="1"><p>SP</p></td><td rowspan="1" colspan="1"><p>SAO PAULO</p></td><td rowspan="1" colspan="1"><p>25000044144200696</p></td></tr><tr><td rowspan="1" colspan="1"><p>3932</p></td><td rowspan="1" colspan="1"><p>60605664012384</p></td><td rowspan="1" colspan="1"><p>RAIA S.A.</p></td><td rowspan="1" colspan="1"><p>SP</p></td><td rowspan="1" colspan="1"><p>SAO PAULO</p></td><td rowspan="1" colspan="1"><p>25000044144200696</p></td></tr><tr><td rowspan="1" colspan="1"><p>3933</p></td><td rowspan="1" colspan="1"><p>60605664002907</p></td><td rowspan="1" colspan="1"><p>RAIA S.A.</p></td><td rowspan="1" colspan="1"><p>SP</p></td><td rowspan="1" colspan="1"><p>SAO PAULO</p></td><td rowspan="1" colspan="1"><p>25000044144200696</p></td></tr><tr><td rowspan="1" colspan="1"><p>3934</p></td><td rowspan="1" colspan="1"><p>60605664024803</p></td><td rowspan="1" colspan="1"><p>RAIA S.A.</p></td><td rowspan="1" colspan="1"><p>SP</p></td><td rowspan="1" colspan="1"><p>SAO PAULO</p></td><td rowspan="1" colspan="1"><p>25000044144200696</p></td></tr></table>]]></Texto>
  </body>
  <Midias />
</article></xml>