﻿<xml><article id="44735816" name="Portaria FP 31 07 2025 Descreden" idOficio="11191432" pubName="DO1" artType="Despacho" pubDate="01/08/2025" artClass="00047:00039:00000:00000:00000:00000:00000:00000:00000:00000:00024:00000" artCategory="Ministério da Saúde/Secretaria de Ciência, Tecnologia e Inovação e do Complexo Econômico-Industrial da Saúde" artSize="24" artNotes="" numberPage="142" pdfPage="http://pesquisa.in.gov.br/imprensa/jsp/visualiza/index.jsp?data=01/08/2025&amp;jornal=515&amp;pagina=142" editionNumber="144" highlightType="" highlightPriority="" highlight="" highlightimage="" highlightimagename="" idMateria="22948776">
  <body>
    <Identifica />
    <Data><![CDATA[]]></Data>
    <Ementa />
    <Titulo />
    <SubTitulo />
    <Texto><![CDATA[<p /><p></p><table><tr /><tr><td rowspan="1" colspan="1"><p>1884</p></td><td rowspan="1" colspan="1"><p>05462291000234</p></td><td rowspan="1" colspan="1"><p>LUCILENA TAKEUCHI - COMERCIO DE PRODUTOS FARMACEUTICOS</p></td><td rowspan="1" colspan="1"><p>PR</p></td><td rowspan="1" colspan="1"><p>LONDRINA</p></td><td rowspan="1" colspan="1"><p>25000083989201171</p></td></tr><tr><td rowspan="1" colspan="1"><p>1885</p></td><td rowspan="1" colspan="1"><p>60605664035597</p></td><td rowspan="1" colspan="1"><p>RAIA S.A.</p></td><td rowspan="1" colspan="1"><p>PR</p></td><td rowspan="1" colspan="1"><p>LONDRINA</p></td><td rowspan="1" colspan="1"><p>25000044144200696</p></td></tr><tr><td rowspan="1" colspan="1"><p>1886</p></td><td rowspan="1" colspan="1"><p>60605664035759</p></td><td rowspan="1" colspan="1"><p>RAIA S.A.</p></td><td rowspan="1" colspan="1"><p>PR</p></td><td rowspan="1" colspan="1"><p>LONDRINA</p></td><td rowspan="1" colspan="1"><p>25000044144200696</p></td></tr><tr><td rowspan="1" colspan="1"><p>1887</p></td><td rowspan="1" colspan="1"><p>60605664035678</p></td><td rowspan="1" colspan="1"><p>RAIA S.A.</p></td><td rowspan="1" colspan="1"><p>PR</p></td><td rowspan="1" colspan="1"><p>LONDRINA</p></td><td rowspan="1" colspan="1"><p>25000044144200696</p></td></tr><tr><td rowspan="1" colspan="1"><p>1888</p></td><td rowspan="1" colspan="1"><p>07401106000146</p></td><td rowspan="1" colspan="1"><p>TRAVA COMERCIO DE PRODUTOS FARMACEUTICOS LTDA</p></td><td rowspan="1" colspan="1"><p>PR</p></td><td rowspan="1" colspan="1"><p>LONDRINA</p></td><td rowspan="1" colspan="1"><p>25000219058200811</p></td></tr><tr><td rowspan="1" colspan="1"><p>1889</p></td><td rowspan="1" colspan="1"><p>14262314000177</p></td><td rowspan="1" colspan="1"><p>E L A SERVICOS ADMINISTRATIVOS LTDA</p></td><td rowspan="1" colspan="1"><p>PR</p></td><td rowspan="1" colspan="1"><p>MANDAGUACU</p></td><td rowspan="1" colspan="1"><p>25000203833201384</p></td></tr><tr><td rowspan="1" colspan="1"><p>1890</p></td><td rowspan="1" colspan="1"><p>05272420001031</p></td><td rowspan="1" colspan="1"><p>VLM FARMACIAS LTDA</p></td><td rowspan="1" colspan="1"><p>PR</p></td><td rowspan="1" colspan="1"><p>MANDAGUARI</p></td><td rowspan="1" colspan="1"><p>25000075974201210</p></td></tr><tr><td rowspan="1" colspan="1"><p>1891</p></td><td rowspan="1" colspan="1"><p>08296179000188</p></td><td rowspan="1" colspan="1"><p>EDSON KATZWINKEL - FARMACIA</p></td><td rowspan="1" colspan="1"><p>PR</p></td><td rowspan="1" colspan="1"><p>MANDIRITUBA</p></td><td rowspan="1" colspan="1"><p>25000119338201045</p></td></tr><tr><td rowspan="1" colspan="1"><p>1892</p></td><td rowspan="1" colspan="1"><p>07835907000209</p></td><td rowspan="1" colspan="1"><p>GUILHERME BERNARDI &amp; CIA LTDA</p></td><td rowspan="1" colspan="1"><p>PR</p></td><td rowspan="1" colspan="1"><p>MARECHAL CANDIDO RONDON</p></td><td rowspan="1" colspan="1"><p>25000113439201193</p></td></tr><tr><td rowspan="1" colspan="1"><p>1893</p></td><td rowspan="1" colspan="1"><p>08647573000113</p></td><td rowspan="1" colspan="1"><p>ROCHA E DORNELLES LTDA</p></td><td rowspan="1" colspan="1"><p>PR</p></td><td rowspan="1" colspan="1"><p>MARECHAL CANDIDO RONDON</p></td><td rowspan="1" colspan="1"><p>25000105187200742</p></td></tr><tr><td rowspan="1" colspan="1"><p>1894</p></td><td rowspan="1" colspan="1"><p>05272420000736</p></td><td rowspan="1" colspan="1"><p>VLM FARMACIAS LTDA</p></td><td rowspan="1" colspan="1"><p>PR</p></td><td rowspan="1" colspan="1"><p>MARIALVA</p></td><td rowspan="1" colspan="1"><p>25000075974201210</p></td></tr><tr><td rowspan="1" colspan="1"><p>1895</p></td><td rowspan="1" colspan="1"><p>33438250044610</p></td><td rowspan="1" colspan="1"><p>DROGARIAS PACHECO S/A</p></td><td rowspan="1" colspan="1"><p>PR</p></td><td rowspan="1" colspan="1"><p>MARINGA</p></td><td rowspan="1" colspan="1"><p>25000044250200686</p></td></tr><tr><td rowspan="1" colspan="1"><p>1896</p></td><td rowspan="1" colspan="1"><p>33438250044709</p></td><td rowspan="1" colspan="1"><p>DROGARIAS PACHECO S/A</p></td><td rowspan="1" colspan="1"><p>PR</p></td><td rowspan="1" colspan="1"><p>MARINGA</p></td><td rowspan="1" colspan="1"><p>25000044250200686</p></td></tr><tr><td rowspan="1" colspan="1"><p>1897</p></td><td rowspan="1" colspan="1"><p>13380770000159</p></td><td rowspan="1" colspan="1"><p>FARMA RIL LTDA</p></td><td rowspan="1" colspan="1"><p>PR</p></td><td rowspan="1" colspan="1"><p>MARINGA</p></td><td rowspan="1" colspan="1"><p>25000072571201219</p></td></tr><tr><td rowspan="1" colspan="1"><p>1898</p></td><td rowspan="1" colspan="1"><p>76780451000150</p></td><td rowspan="1" colspan="1"><p>FARMACIA LIBERTAFARMA LTDA</p></td><td rowspan="1" colspan="1"><p>PR</p></td><td rowspan="1" colspan="1"><p>MARINGA</p></td><td rowspan="1" colspan="1"><p>25000132088201462</p></td></tr><tr><td rowspan="1" colspan="1"><p>1899</p></td><td rowspan="1" colspan="1"><p>06954112000168</p></td><td rowspan="1" colspan="1"><p>LIGFARMA COMERCIO DE MEDICAMENTOS LTDA</p></td><td rowspan="1" colspan="1"><p>PR</p></td><td rowspan="1" colspan="1"><p>MARINGA</p></td><td rowspan="1" colspan="1"><p>25000113788200648</p></td></tr><tr><td rowspan="1" colspan="1"><p>1900</p></td><td rowspan="1" colspan="1"><p>01748761000199</p></td><td rowspan="1" colspan="1"><p>MAXFARMA-DROGARIA E PERFUMARIA LTDA</p></td><td rowspan="1" colspan="1"><p>PR</p></td><td rowspan="1" colspan="1"><p>MARINGA</p></td><td rowspan="1" colspan="1"><p>25000046691200965</p></td></tr><tr><td rowspan="1" colspan="1"><p>1901</p></td><td rowspan="1" colspan="1"><p>79130043000141</p></td><td rowspan="1" colspan="1"><p>NATUFLORA FARMACIA E DROGARIA LTDA</p></td><td rowspan="1" colspan="1"><p>PR</p></td><td rowspan="1" colspan="1"><p>MARINGA</p></td><td rowspan="1" colspan="1"><p>25000588537200966</p></td></tr><tr><td rowspan="1" colspan="1"><p>1902</p></td><td rowspan="1" colspan="1"><p>02654062000142</p></td><td rowspan="1" colspan="1"><p>PHARMACIE MANIPULACAO DE FORMULAS LTDA</p></td><td rowspan="1" colspan="1"><p>PR</p></td><td rowspan="1" colspan="1"><p>MARINGA</p></td><td rowspan="1" colspan="1"><p>25000032399201180</p></td></tr><tr><td rowspan="1" colspan="1"><p>1903</p></td><td rowspan="1" colspan="1"><p>60605664037026</p></td><td rowspan="1" colspan="1"><p>RAIA S.A.</p></td><td rowspan="1" colspan="1"><p>PR</p></td><td rowspan="1" colspan="1"><p>MARINGA</p></td><td rowspan="1" colspan="1"><p>25000044144200696</p></td></tr><tr><td rowspan="1" colspan="1"><p>1904</p></td><td rowspan="1" colspan="1"><p>60605664035910</p></td><td rowspan="1" colspan="1"><p>RAIA S.A.</p></td><td rowspan="1" colspan="1"><p>PR</p></td><td rowspan="1" colspan="1"><p>MARINGA</p></td><td rowspan="1" colspan="1"><p>25000044144200696</p></td></tr><tr><td rowspan="1" colspan="1"><p>1905</p></td><td rowspan="1" colspan="1"><p>60605664035830</p></td><td rowspan="1" colspan="1"><p>RAIA S.A.</p></td><td rowspan="1" colspan="1"><p>PR</p></td><td rowspan="1" colspan="1"><p>MARINGA</p></td><td rowspan="1" colspan="1"><p>25000044144200696</p></td></tr><tr><td rowspan="1" colspan="1"><p>1906</p></td><td rowspan="1" colspan="1"><p>82663865000100</p></td><td rowspan="1" colspan="1"><p>RAZENTE &amp; CIA. LTDA</p></td><td rowspan="1" colspan="1"><p>PR</p></td><td rowspan="1" colspan="1"><p>MARINGA</p></td><td rowspan="1" colspan="1"><p>25000128955201384</p></td></tr><tr><td rowspan="1" colspan="1"><p>1907</p></td><td rowspan="1" colspan="1"><p>10972059000103</p></td><td rowspan="1" colspan="1"><p>S. AKEMI KOYAMA TAKAHASHI</p></td><td rowspan="1" colspan="1"><p>PR</p></td><td rowspan="1" colspan="1"><p>MARINGA</p></td><td rowspan="1" colspan="1"><p>25000139673201493</p></td></tr><tr><td rowspan="1" colspan="1"><p>1908</p></td><td rowspan="1" colspan="1"><p>05272420000221</p></td><td rowspan="1" colspan="1"><p>VLM FARMACIAS LTDA</p></td><td rowspan="1" colspan="1"><p>PR</p></td><td rowspan="1" colspan="1"><p>MARINGA</p></td><td rowspan="1" colspan="1"><p>25000075974201210</p></td></tr><tr><td rowspan="1" colspan="1"><p>1909</p></td><td rowspan="1" colspan="1"><p>05272420000574</p></td><td rowspan="1" colspan="1"><p>VLM FARMACIAS LTDA</p></td><td rowspan="1" colspan="1"><p>PR</p></td><td rowspan="1" colspan="1"><p>MARINGA</p></td><td rowspan="1" colspan="1"><p>25000075974201210</p></td></tr><tr><td rowspan="1" colspan="1"><p>1910</p></td><td rowspan="1" colspan="1"><p>00063960041980</p></td><td rowspan="1" colspan="1"><p>WMB SUPERMERCADOS DO BRASIL LTDA.</p></td><td rowspan="1" colspan="1"><p>PR</p></td><td rowspan="1" colspan="1"><p>MARINGA</p></td><td rowspan="1" colspan="1"><p>25000086421201292</p></td></tr><tr><td rowspan="1" colspan="1"><p>1911</p></td><td rowspan="1" colspan="1"><p>07961606000132</p></td><td rowspan="1" colspan="1"><p>ADRIANA PANDOLFO DACROCE</p></td><td rowspan="1" colspan="1"><p>PR</p></td><td rowspan="1" colspan="1"><p>MATELANDIA</p></td><td rowspan="1" colspan="1"><p>25000199120200841</p></td></tr><tr><td rowspan="1" colspan="1"><p>1912</p></td><td rowspan="1" colspan="1"><p>01401867000111</p></td><td rowspan="1" colspan="1"><p>FARMACIA JZ LTDA</p></td><td rowspan="1" colspan="1"><p>PR</p></td><td rowspan="1" colspan="1"><p>MATINHOS</p></td><td rowspan="1" colspan="1"><p>25000220935200805</p></td></tr><tr><td rowspan="1" colspan="1"><p>1913</p></td><td rowspan="1" colspan="1"><p>07275173000161</p></td><td rowspan="1" colspan="1"><p>GP DE OLIVEIRA &amp; CIA. LTDA</p></td><td rowspan="1" colspan="1"><p>PR</p></td><td rowspan="1" colspan="1"><p>MAUA DA SERRA</p></td><td rowspan="1" colspan="1"><p>25000037727200910</p></td></tr><tr><td rowspan="1" colspan="1"><p>1914</p></td><td rowspan="1" colspan="1"><p>04363798000197</p></td><td rowspan="1" colspan="1"><p>FARMACIA MAYER LTDA</p></td><td rowspan="1" colspan="1"><p>PR</p></td><td rowspan="1" colspan="1"><p>MISSAL</p></td><td rowspan="1" colspan="1"><p>25000195267200862</p></td></tr><tr><td rowspan="1" colspan="1"><p>1915</p></td><td rowspan="1" colspan="1"><p>20678110000114</p></td><td rowspan="1" colspan="1"><p>B R DE ALMEIDA COMERCIO DE MEDICAMENTOS</p></td><td rowspan="1" colspan="1"><p>PR</p></td><td rowspan="1" colspan="1"><p>MOREIRA SALES</p></td><td rowspan="1" colspan="1"><p>25000043012201544</p></td></tr><tr><td rowspan="1" colspan="1"><p>1916</p></td><td rowspan="1" colspan="1"><p>12591206000201</p></td><td rowspan="1" colspan="1"><p>FARMACIA CESNIK LTDA</p></td><td rowspan="1" colspan="1"><p>PR</p></td><td rowspan="1" colspan="1"><p>NOVA ESPERANCA</p></td><td rowspan="1" colspan="1"><p>25000001731201164</p></td></tr><tr><td rowspan="1" colspan="1"><p>1917</p></td><td rowspan="1" colspan="1"><p>05272420000302</p></td><td rowspan="1" colspan="1"><p>VLM FARMACIAS LTDA</p></td><td rowspan="1" colspan="1"><p>PR</p></td><td rowspan="1" colspan="1"><p>NOVA ESPERANCA</p></td><td rowspan="1" colspan="1"><p>25000075974201210</p></td></tr><tr><td rowspan="1" colspan="1"><p>1918</p></td><td rowspan="1" colspan="1"><p>01306095000309</p></td><td rowspan="1" colspan="1"><p>ANDRASCHKO &amp; DUTRA LTDA</p></td><td rowspan="1" colspan="1"><p>PR</p></td><td rowspan="1" colspan="1"><p>PALMAS</p></td><td rowspan="1" colspan="1"><p>25000091404200718</p></td></tr><tr><td rowspan="1" colspan="1"><p>1919</p></td><td rowspan="1" colspan="1"><p>15788007000197</p></td><td rowspan="1" colspan="1"><p>BARAUS &amp; BACILA LTDA</p></td><td rowspan="1" colspan="1"><p>PR</p></td><td rowspan="1" colspan="1"><p>PALMEIRA</p></td><td rowspan="1" colspan="1"><p>25000164423201491</p></td></tr><tr><td rowspan="1" colspan="1"><p>1920</p></td><td rowspan="1" colspan="1"><p>03714432000233</p></td><td rowspan="1" colspan="1"><p>MARCIA CRISTINA RAUSCH SCOLIMOSKI</p></td><td rowspan="1" colspan="1"><p>PR</p></td><td rowspan="1" colspan="1"><p>PALMEIRA</p></td><td rowspan="1" colspan="1"><p>25000041935200913</p></td></tr><tr><td rowspan="1" colspan="1"><p>1921</p></td><td rowspan="1" colspan="1"><p>84874031000161</p></td><td rowspan="1" colspan="1"><p>KLIEMCHEN &amp; DIAS LTDA</p></td><td rowspan="1" colspan="1"><p>PR</p></td><td rowspan="1" colspan="1"><p>PALMITAL</p></td><td rowspan="1" colspan="1"><p>25000022630200911</p></td></tr><tr><td rowspan="1" colspan="1"><p>1922</p></td><td rowspan="1" colspan="1"><p>13850974000106</p></td><td rowspan="1" colspan="1"><p>FARMACIA DIAS E MACHADO LTDA</p></td><td rowspan="1" colspan="1"><p>PR</p></td><td rowspan="1" colspan="1"><p>PARANAVAI</p></td><td rowspan="1" colspan="1"><p>25000144825201216</p></td></tr><tr><td rowspan="1" colspan="1"><p>1923</p></td><td rowspan="1" colspan="1"><p>04120296000135</p></td><td rowspan="1" colspan="1"><p>FARMACIA PIONEIRA - COMERCIO DE PRODUTOS FARMACEUTICOS LTDA</p></td><td rowspan="1" colspan="1"><p>PR</p></td><td rowspan="1" colspan="1"><p>PARANAVAI</p></td><td rowspan="1" colspan="1"><p>25000055342200691</p></td></tr><tr><td rowspan="1" colspan="1"><p>1924</p></td><td rowspan="1" colspan="1"><p>12923605000133</p></td><td rowspan="1" colspan="1"><p>NABAS &amp; SILVA - COMERCIO DE PRODUTOS FARMACEUTICOS LTDA</p></td><td rowspan="1" colspan="1"><p>PR</p></td><td rowspan="1" colspan="1"><p>PARANAVAI</p></td><td rowspan="1" colspan="1"><p>25000138243201110</p></td></tr><tr><td rowspan="1" colspan="1"><p>1925</p></td><td rowspan="1" colspan="1"><p>60605664036992</p></td><td rowspan="1" colspan="1"><p>RAIA S.A.</p></td><td rowspan="1" colspan="1"><p>PR</p></td><td rowspan="1" colspan="1"><p>PARANAVAI</p></td><td rowspan="1" colspan="1"><p>25000044144200696</p></td></tr><tr><td rowspan="1" colspan="1"><p>1926</p></td><td rowspan="1" colspan="1"><p>05272420001112</p></td><td rowspan="1" colspan="1"><p>VLM FARMACIAS LTDA</p></td><td rowspan="1" colspan="1"><p>PR</p></td><td rowspan="1" colspan="1"><p>PARANAVAI</p></td><td rowspan="1" colspan="1"><p>25000075974201210</p></td></tr><tr><td rowspan="1" colspan="1"><p>1927</p></td><td rowspan="1" colspan="1"><p>00848359000113</p></td><td rowspan="1" colspan="1"><p>BASTOS &amp; KACHUKI LTDA</p></td><td rowspan="1" colspan="1"><p>PR</p></td><td rowspan="1" colspan="1"><p>PATO BRANCO</p></td><td rowspan="1" colspan="1"><p>25000113391200737</p></td></tr><tr><td rowspan="1" colspan="1"><p>1928</p></td><td rowspan="1" colspan="1"><p>12263925000104</p></td><td rowspan="1" colspan="1"><p>FARMACIA JJEV LTDA</p></td><td rowspan="1" colspan="1"><p>PR</p></td><td rowspan="1" colspan="1"><p>PATO BRANCO</p></td><td rowspan="1" colspan="1"><p>25000071050201163</p></td></tr><tr><td rowspan="1" colspan="1"><p>1929</p></td><td rowspan="1" colspan="1"><p>08757556000139</p></td><td rowspan="1" colspan="1"><p>GRAMS COMERCIO DE MEDICAMENTOS LTDA</p></td><td rowspan="1" colspan="1"><p>PR</p></td><td rowspan="1" colspan="1"><p>PATO BRANCO</p></td><td rowspan="1" colspan="1"><p>25000087633201025</p></td></tr><tr><td rowspan="1" colspan="1"><p>1930</p></td><td rowspan="1" colspan="1"><p>78167046007280</p></td><td rowspan="1" colspan="1"><p>INKAFARMA COMERCIO FARMACEUTICO S.A.</p></td><td rowspan="1" colspan="1"><p>PR</p></td><td rowspan="1" colspan="1"><p>PATO BRANCO</p></td><td rowspan="1" colspan="1"><p>25000044101200617</p></td></tr><tr><td rowspan="1" colspan="1"><p>1931</p></td><td rowspan="1" colspan="1"><p>04592863000156</p></td><td rowspan="1" colspan="1"><p>KACHUKI &amp; CIA LTDA</p></td><td rowspan="1" colspan="1"><p>PR</p></td><td rowspan="1" colspan="1"><p>PATO BRANCO</p></td><td rowspan="1" colspan="1"><p>25000228834200793</p></td></tr><tr><td rowspan="1" colspan="1"><p>1932</p></td><td rowspan="1" colspan="1"><p>09245207000281</p></td><td rowspan="1" colspan="1"><p>FARMACIA SP LTDA</p></td><td rowspan="1" colspan="1"><p>PR</p></td><td rowspan="1" colspan="1"><p>PAULA FREITAS</p></td><td rowspan="1" colspan="1"><p>25000128393201026</p></td></tr><tr><td rowspan="1" colspan="1"><p>1933</p></td><td rowspan="1" colspan="1"><p>06129782000140</p></td><td rowspan="1" colspan="1"><p>GROSSMANN E CORDEIRO LTDA</p></td><td rowspan="1" colspan="1"><p>PR</p></td><td rowspan="1" colspan="1"><p>PAULO FRONTIN</p></td><td rowspan="1" colspan="1"><p>25000162467201134</p></td></tr><tr><td rowspan="1" colspan="1"><p>1934</p></td><td rowspan="1" colspan="1"><p>80595788000165</p></td><td rowspan="1" colspan="1"><p>FARMACIA E DROGARIA CENTRAL LTDA</p></td><td rowspan="1" colspan="1"><p>PR</p></td><td rowspan="1" colspan="1"><p>PEROLA</p></td><td rowspan="1" colspan="1"><p>25000232451201449</p></td></tr><tr><td rowspan="1" colspan="1"><p>1935</p></td><td rowspan="1" colspan="1"><p>10704593000120</p></td><td rowspan="1" colspan="1"><p>G.G STRAPASSON LTDA</p></td><td rowspan="1" colspan="1"><p>PR</p></td><td rowspan="1" colspan="1"><p>PINHAIS</p></td><td rowspan="1" colspan="1"><p>25000100173201461</p></td></tr><tr><td rowspan="1" colspan="1"><p>1936</p></td><td rowspan="1" colspan="1"><p>17077721000100</p></td><td rowspan="1" colspan="1"><p>AF MULTTI MEDICAMENTOS LTDA</p></td><td rowspan="1" colspan="1"><p>PR</p></td><td rowspan="1" colspan="1"><p>PINHAO</p></td><td rowspan="1" colspan="1"><p>25000087556201356</p></td></tr><tr><td rowspan="1" colspan="1"><p>1937</p></td><td rowspan="1" colspan="1"><p>12573137000114</p></td><td rowspan="1" colspan="1"><p>FARMACIA OSHIRO LTDA</p></td><td rowspan="1" colspan="1"><p>PR</p></td><td rowspan="1" colspan="1"><p>PINHAO</p></td><td rowspan="1" colspan="1"><p>25000018972201142</p></td></tr><tr><td rowspan="1" colspan="1"><p>1938</p></td><td rowspan="1" colspan="1"><p>05013585000106</p></td><td rowspan="1" colspan="1"><p>IVONILDA TEREZINHA DE LIMA</p></td><td rowspan="1" colspan="1"><p>PR</p></td><td rowspan="1" colspan="1"><p>PINHAO</p></td><td rowspan="1" colspan="1"><p>25000087441200632</p></td></tr><tr><td rowspan="1" colspan="1"><p>1939</p></td><td rowspan="1" colspan="1"><p>09354351000175</p></td><td rowspan="1" colspan="1"><p>EL ACHKAR FARMACIA LTDA</p></td><td rowspan="1" colspan="1"><p>PR</p></td><td rowspan="1" colspan="1"><p>PIRAI DO SUL</p></td><td rowspan="1" colspan="1"><p>25000139487201373</p></td></tr><tr><td rowspan="1" colspan="1"><p>1940</p></td><td rowspan="1" colspan="1"><p>02173765000159</p></td><td rowspan="1" colspan="1"><p>VIDORETO &amp; SONVEZZO LTDA</p></td><td rowspan="1" colspan="1"><p>PR</p></td><td rowspan="1" colspan="1"><p>PIRAQUARA</p></td><td rowspan="1" colspan="1"><p>25000220948200876</p></td></tr><tr><td rowspan="1" colspan="1"><p>1941</p></td><td rowspan="1" colspan="1"><p>95440277000141</p></td><td rowspan="1" colspan="1"><p>PAULO CASTILHO &amp; CIA LTDA</p></td><td rowspan="1" colspan="1"><p>PR</p></td><td rowspan="1" colspan="1"><p>PITANGA</p></td><td rowspan="1" colspan="1"><p>25000081853201045</p></td></tr><tr><td rowspan="1" colspan="1"><p>1942</p></td><td rowspan="1" colspan="1"><p>09537516000144</p></td><td rowspan="1" colspan="1"><p>ADO PRODUTOS FARMACEUTICOS LTDA</p></td><td rowspan="1" colspan="1"><p>PR</p></td><td rowspan="1" colspan="1"><p>PONTA GROSSA</p></td><td rowspan="1" colspan="1"><p>25000526754200962</p></td></tr><tr><td rowspan="1" colspan="1"><p>1943</p></td><td rowspan="1" colspan="1"><p>12862364000240</p></td><td rowspan="1" colspan="1"><p>ADR PRODUTOS FARMACEUTICOS LTDA</p></td><td rowspan="1" colspan="1"><p>PR</p></td><td rowspan="1" colspan="1"><p>PONTA GROSSA</p></td><td rowspan="1" colspan="1"><p>25000179991201144</p></td></tr><tr><td rowspan="1" colspan="1"><p>1944</p></td><td rowspan="1" colspan="1"><p>12862364000593</p></td><td rowspan="1" colspan="1"><p>ADR PRODUTOS FARMACEUTICOS LTDA</p></td><td rowspan="1" colspan="1"><p>PR</p></td><td rowspan="1" colspan="1"><p>PONTA GROSSA</p></td><td rowspan="1" colspan="1"><p>25000179991201144</p></td></tr><tr><td rowspan="1" colspan="1"><p>1945</p></td><td rowspan="1" colspan="1"><p>75212704000127</p></td><td rowspan="1" colspan="1"><p>ADRIANE FERREIRA DE ANDRADE - FARMACIA</p></td><td rowspan="1" colspan="1"><p>PR</p></td><td rowspan="1" colspan="1"><p>PONTA GROSSA</p></td><td rowspan="1" colspan="1"><p>25000092035200691</p></td></tr><tr><td rowspan="1" colspan="1"><p>1946</p></td><td rowspan="1" colspan="1"><p>17443575000181</p></td><td rowspan="1" colspan="1"><p>CARLOS R. S. CARNEIRO FARMACIA LTDA.</p></td><td rowspan="1" colspan="1"><p>PR</p></td><td rowspan="1" colspan="1"><p>PONTA GROSSA</p></td><td rowspan="1" colspan="1"><p>25000234935201422</p></td></tr></table>]]></Texto>
  </body>
  <Midias />
</article></xml>