﻿<xml><article id="44730538" name="ADE7NITEROI1" idOficio="11190987" pubName="DO1" artType="Ato Declaratório" pubDate="01/08/2025" artClass="00028:00032:00435:00099:00010:00000:00000:00000:00000:00000:00007:00000" artCategory="Ministério da Fazenda/Secretaria Especial da Receita Federal do Brasil/Secretaria-Adjunta/Superintendência Regional da Receita Federal do Brasil 7ª Região Fiscal/Delegacia da Receita Federal do Brasil em Niterói" artSize="12" artNotes="" numberPage="28" pdfPage="http://pesquisa.in.gov.br/imprensa/jsp/visualiza/index.jsp?data=01/08/2025&amp;jornal=515&amp;pagina=28" editionNumber="144" highlightType="" highlightPriority="" highlight="" highlightimage="" highlightimagename="" idMateria="22947908">
  <body>
    <Identifica><![CDATA[ ATO DECLARATÓRIO EXECUTIVO DRF/NIT Nº 1, DE 31 DE JULHO DE 2025]]></Identifica>
    <Data><![CDATA[]]></Data>
    <Ementa><![CDATA[ Declara suspensas as isenções tributárias da pessoa jurídica que menciona.]]></Ementa>
    <Titulo />
    <SubTitulo />
    <Texto><![CDATA[<p class="identifica">ATO DECLARATÓRIO EXECUTIVO DRF/NIT Nº 1, DE 31 DE JULHO DE 2025</p><p class="ementa">Declara suspensas as isenções tributárias da pessoa jurídica que menciona.</p><p>O DELEGADO DA RECEITA FEDERAL DO BRASIL EM NITERÓI, RJ, no uso das atribuições que lhe são conferidas pelos arts. 290, 299, inciso III, 360, inciso III e 364, inciso VI, todos do Anexo I - Regimento Interno da Secretaria Especial da Receita Federal do Brasil, aprovado pela Portaria ME nº 284, de 27 de julho de 2020, considerando o disposto no art. 32, §§ 3º e 10 da Lei nº 9.430, de 27 de dezembro de 1996, e com base no Despacho Decisório n° 0025/2025-DRF/NIT/GABINETE e em tudo o mais que consta nos autos do Processo Administrativo nº 13113.249935/2025-23, declara:</p><p>Art. 1º SUSPENSAS, para os anos-calendário 2021, 2022 e 2023 (01/01/2021 a 31/12/2023), as isenções tributárias do imposto de renda da pessoa jurídica - IRPJ e da contribuição social sobre o lucro líquido - CSLL previstas no caput e § 1º do art. 15 da Lei nº 9.532, de 10 de dezembro de 1997, e da Contribuição para o Financiamento da Seguridade Social - COFINS prevista no art. 14, inciso X, da Medida Provisória nº 2.158-35, de 24 de agosto de 2001, c/c o art. 13, inciso IV, da mesma MP nº 2.158-35/2001, da pessoa jurídica Instituto de Desenvolvimento para Educação, Saúde e Integração Social - IDESI, CNPJ 28.470.707/0001-80, por inobservância às condições e requisitos previstos no caput do art. 15 e no § 2º, alíneas "b", "c" e "d" e § 3º do art. 12, c/c o § 3º do art. 15, todos da Lei nº 9.532/1997.</p><p>Art. 2º A pessoa jurídica interessada poderá, no prazo de 30 (trinta) dias da publicação deste ADE, apresentar impugnação ao presente ato declaratório, a qual será objeto de decisão pela Delegacia da Receita Federal de Julgamento competente, nos termos do inciso I do § 6º do art. 32 da Lei nº 9.430/1996.</p><p>Art. 3º A impugnação apresentada pela pessoa jurídica interessada não terá efeito suspensivo em relação ao presente Ato Declaratório Executivo.</p><p>Art. 4º Este Ato Declaratório Executivo entra em vigor na data de sua publicação no Diário Oficial da União - DOU.</p><p class="assina">ALEXANDRE CORRÊA LISBÔA</p>]]></Texto>
  </body>
  <Midias />
</article></xml>