﻿<xml><article id="44723267" name="Texto publicacao-D.O.U. 31.07.20" idOficio="11189485" pubName="DO1" artType="Despacho" pubDate="01/08/2025" artClass="00048:00030:00001:01452:00000:00000:00000:00000:00000:00000:00024:00000" artCategory="Ministério do Trabalho e Emprego/Secretaria de Relações do Trabalho/Departamento de Relações do Trabalho/Coordenação-Geral de Registro Sindical" artSize="12" artNotes="" numberPage="190" pdfPage="http://pesquisa.in.gov.br/imprensa/jsp/visualiza/index.jsp?data=01/08/2025&amp;jornal=515&amp;pagina=190" editionNumber="144" highlightType="" highlightPriority="" highlight="" highlightimage="" highlightimagename="" idMateria="22945620">
  <body>
    <Identifica><![CDATA[ Despachos de 31 de julho de 2025-CGRS]]></Identifica>
    <Data><![CDATA[]]></Data>
    <Ementa />
    <Titulo />
    <SubTitulo />
    <Texto><![CDATA[<p class="identifica">Despachos de 31 de julho de 2025-CGRS</p><p>O Diretor do Departamento de Relações do Trabalho, no uso das suas atribuições legais, considerando a regularidade processual e com fundamento na Análise Técnica nº 4108 (SEI 6194122), resolve: PUBLICAR o pedido de registro sindical nº 19964.200893/2025-98, de interesse do SINDICATO DAS EMPRESAS DE INSPEÇÃO VEICULAR E DE EQUIPAMENTOS DE TRANSPORTE DE CARGAS PERIGOSAS DO ESTADO DE SÃO PAULO - SIVESP, CNPJ 11.553.437/0001-79, para representação da categoria Econômica das empresas de inspeção veicular e inspeção de equipamentos de transporte de cargas perigosas, com abrangência Estadual e base territorial no Estado de São Paulo, nos termos dos arts. 13 e 14 da Portaria MTE nº 3.472, de 2023, para fins de publicidade e abertura de prazo de 30 (trinta) dias para impugnações.</p><p>O Diretor do Departamento de Relações do Trabalho, no uso das suas atribuições legais, considerando a regularidade processual e com fundamento na Análise Técnica nº 4103 (SEI 6190310), resolve: PUBLICAR o pedido de alteração estatutária nº 19964.200557/2025-45, de interesse do SINDVIG - RIO - SINDICATO DOS VIGILANTES E EMPREGADOS EM EMPRESAS DE SEGURANÇA, DE VIGILÂNCIA, DE SISTEMAS ELETRÔNICOS DE SEGURANÇA PRIVADA E RASTREAMENTO DE NUMERÁRIO, BENS E VALORES, DE TRANSPORTE DE VALORES, DE PREVENÇÃO E COMBATE A INCÊNDIO, DE CURSOS DE FORMAÇÃO NO MUNICÍPIO DO RIO DE JANEIRO - RJ, CNPJ 31.887.029/0001-60, para representação da categoria Profissional dos Vigilantes e empregados em empresas de segurança, de vigilância, de sistemas eletrônicos de segurança privada e rastreamento de numerário, bens e valores, de transportes de valores, de prevenção e combate a incêndio, de cursos de formação, com abrangência Municipal e base territorial no município do Rio de Janeiro, no Estado do Rio de Janeiro, nos termos dos arts. 13 e 14 da Portaria MTE nº 3.472, de 2023, para fins de publicidade e abertura de prazo de 30 (trinta) dias para impugnações.</p><p>O Diretor do Departamento de Relações do Trabalho, no uso das suas atribuições legais, considerando a regularidade processual e com fundamento na Análise Técnica 4102 (6189600), resolve: PUBLICAR o pedido de alteração estatutária nº 19964.200083/2025-31, de interesse do SINDICATO DOS EMPREGADOS INSTRUTORES, DIRETORES, EM AUTO ESCOLA E CENTRO DE FORMAÇÃO DE CONDUTORES A E B, DESPACHANTES DOCUMENTALISTAS DE RIBEIRÃO PRETO E REGIÃO, CNPJ 07.705.419/0001-98, para representação da categoria Profissional dos Empregados Instrutores, Diretores, em Auto Escolas e Centro de Formação de Condutores A e B, Despachantes Documentalistas, com abrangência Intermunicipal e base territorial nos municípios de Altinópolis, Américo Brasiliense, Aramina, Barrinha, Batatais, Boa Esperança do Sul, Brodowski, Caconde, Cajuru, Cássia dos Coqueiros, Colômbia, Cravinhos, Cristais Paulista, Descalvado, Divinolândia, Dobrada, Dourado, Dumont, Embaúba, Fernando Prestes, Franca, Guaíra, Guará, Guariba, Ibaté, Igarapava, Ipuã, Itajobi, Ituverava, Jaboticabal, Jardinópolis, Jeriquara, Luís Antônio, Matão, Miguelópolis, Mococa, Morro Agudo, Motuca, Nuporanga, Nova Europa, Orlândia, Paraíso, Patrocínio Paulista, Pitangueiras, Pontal, Pradópolis, Ribeirão Bonito, Ribeirão Corrente, Ribeirão Preto, Restinga, Rincão, Sales Oliveira, Santa Cruz das Palmeiras, Santa Gertrudes, Santa Lúcia, Santa Rosa de Viterbo, Santo Antônio da Alegria, São Joaquim da Barra, São José da Bela Vista, São José do Rio Pardo, São Simão, Serra Azul, Serrana, Sertãozinho, Taiaçu, Taiúva, Tambaú, Tapiratiba, Taquaritinga, Vargem Grande do Sul e Vista Alegre do Alto, Estado de São Paulo, nos termos dos arts. 13 e 14 da Portaria MTE nº 3.472, de 2023, para fins de publicidade e abertura de prazo de 30 (trinta) dias para impugnações.</p><p>O Diretor do Departamento de Relações do Trabalho, no uso das suas atribuições legais, considerando a regularidade processual e com fundamento na Análise Técnica nº 4100 (SEI 6188613), resolve: PUBLICAR o pedido de registro sindical nº 19958.261114/2024-29, de interesse do SINDICATO DOS EMPREGADOS EM EMPRESAS FUNERÁRIAS DO ESTADO DA BAHIA, CNPJ 51.988.930/0001-36, para representação da categoria Profissional dos Empregados em Empresas Funerárias, com abrangência Estadual e base territorial no Estado da Bahia, nos termos dos arts. 13 e 14 da Portaria MTE nº 3.472, de 2023, para fins de publicidade e abertura de prazo de 30 (trinta) dias para impugnações.</p><p>O Diretor do Departamento de Relações do Trabalho, no uso das suas atribuições legais, considerando a regularidade processual e com fundamento na Análise Técnica nº 4098 (SEI 6186296), resolve: PUBLICAR o pedido de registro sindical nº 19964.217045/2024-37, de interesse do SINDICATO DOS TRABALHADORES NAS INDÚSTRIAS e AGROINDÚSTRIAS, DO ÁLCOOL, ETANOL, AÇÚCAR E BIOENERGIA DE CHAPADÃO DO SUL, COSTA RICA E PARAÍSO DAS ÁGUAS-MS, CNPJ 57.671.848/0001-60, para representação da categoria Profissional dos Trabalhadores nas Indústrias do açúcar; etanol; bioenergia e álcool; Indústrias e Agroindústrias do álcool, etanol, açúcar e bioenergia, com abrangência Intermunicipal e base territorial nos municípios de Chapadão do Sul, Costa Rica e Paraíso das Águas, no Estado do Mato Grosso do Sul, nos termos dos arts. 13 e 14 da Portaria MTE nº 3.472, de 2023, para fins de publicidade e abertura de prazo de 30 (trinta) dias para impugnações.</p><p>O Diretor do Departamento de Relações do Trabalho, no uso das suas atribuições legais, considerando a regularidade processual e com fundamento na Análise Técnica nº 4086 (SEI 6177458), resolve: PUBLICAR o pedido de alteração estatutária nº 19964.203765/2025-04, de interesse do STTR - Sindicato dos Trabalhadores Rurais Agricultores e Agricultoras Familiares de Gurjão/PB, CNPJ 04.469.153/0001-33, para representação da categoria Profissional dos trabalhadores rurais agricultores e agricultoras familiares, ativos e aposentados, proprietários ou não, no caso de proprietários, em área que não exceda a 02 (dois) módulos rurais de sua região e/ou município que exerçam suas atividades no meio rural, individualmente ou em regime de economia familiar, no município de Gurjão/PB, nos termos do Decreto Lei 1.166/1971, com abrangência municipal e base territorial no município de Gurjão no Estado da Paraíba, nos termos dos arts. 13 e 14 da Portaria MTE nº 3.472, de 2023, para fins de publicidade e abertura de prazo de 30 (trinta) dias para impugnações.</p><p>O Diretor do Departamento de Relações do Trabalho, no uso das suas atribuições legais, considerando a irregularidade processual e com fundamento na Análise Técnica 4085 (SEI nº 6176704), resolve: a) INDEFERIR o pedido de alteração estatutária n.º 19964.203028/2025-01, de interesse do Sindicato Rural de São Miguel das Missões , CNPJ nº 05.612.758/0001-02, tendo em vista a irregularidade de documentação não passível de saneamento, nos termos do art. 22, inciso II da Portaria MTE nº 3.472, de 2023 e, por conseguinte, b) ARQUIVAR o referido processo, nos termos do art. 23, inciso I, do mesmo normativo.</p><p>O Diretor do Departamento de Relações do Trabalho, no uso das suas atribuições legais, considerando a irregularidade processual e com fundamento na Análise Técnica nº 4084 (SEI 6176422), resolve: a) INDEFERIR o pedido de registro sindical n.º 19964.200507/2025-68, de interesse do Sindicato dos Arrumadores da Cidade do Salvador, CNPJ 15.254.428/0001-38, tendo em vista a insuficiência e irregularidade de documentação apresentada após notificação de saneamento, nos termos do art. 22, inciso II, da Portaria MTE nº 3.472, de 2023 e, por conseguinte, b) ARQUIVAR o referido processo, nos termos do art. 23, inciso I, do mesmo normativo.</p><p>O Diretor do Departamento de Relações do Trabalho, no uso das suas atribuições legais, considerando a irregularidade processual e com fundamento na Análise Técnica 4106 (6191602), resolve: a) INDEFERIR o pedido de alteração estatutária n.º 19964.200487/2025-25, de interesse do Sindicato dos Farmacêuticos do Estado do Piauí, CNPJ 06.718.266/0001-50, tendo em vista a ausência de saneamento no prazo legal, por inércia da entidade após devidamente notificada, nos termos do art. 22, inciso II, da Portaria MTE nº 3.472, de 2023 e, por conseguinte, b) ARQUIVAR o referido processo, nos termos do art. 23, inciso I, do mesmo normativo.</p><p>O Diretor do Departamento de Relações do Trabalho, no uso das suas atribuições legais, considerando a irregularidade processual e com fundamento na Análise Técnica 4094 (SEI nº 6185160), resolve: a) INDEFERIR o pedido de registro sindical n.º 19964.204117/2025-67, de interesse do Sindicato Rural de Sanclerlândia, CNPJ nº 33.304.379/0001-82, tendo em vista a não caracterização da categoria pleiteada, nos termos do art. 511 da CLT, a irregularidade de documentação, assim como a incompatibilidade entre o requerimento eletrônico no sistema CNES e a documentação apresentada, com fulcro no art. 22, incisos I, II e III da Portaria MTE nº 3.472, de 2023 e, por conseguinte, b) ARQUIVAR o referido processo, nos termos do art. 23, inciso I, do mesmo normativo.</p><p>O Diretor do Departamento de Relações do Trabalho, no uso das suas atribuições legais, considerando a irregularidade processual e com fundamento na Análise Técnica 4092 (SEI nº 6180152), resolve: a) INDEFERIR o pedido de registro sindical n.º 19964.203959/2025-00, de interesse do SINDISEP-RJ - Sindicato Intermunicipal das Servidoras, Servidores, Empregadas e Empregados Públicos Federais dos Municípios do Rio de Janeiro, CNPJ nº 29.295.892/0001-87, tendo em vista a não caracterização da categoria pleiteada, nos termos do art. 511 da Consolidação das Leis do Trabalho, a insuficiência e a irregularidade de documentação, bem como a incompatibilidade entre o requerimento eletrônico no sistema CNES e a documentação apresentada, nos termos do art. 22, incisos I, II e III, da Portaria MTE nº 3.472, de 2023 e, por conseguinte, b) ARQUIVAR o referido processo, nos termos do art. 23, inciso I, do mesmo normativo.</p><p class="assina">ANDRÉ LUIS GRANDIZOLI</p>]]></Texto>
  </body>
  <Midias />
</article></xml>