﻿<xml><article id="44745831" name="ATA 26 - 2C_009" idOficio="11191910" pubName="DO1" artType="Ata" pubDate="04/08/2025" artClass="00067:00013:00000:00000:00000:00000:00000:00000:00000:00000:00005:00000" artCategory="Tribunal de Contas da União/2ª Câmara" artSize="12" artNotes="" numberPage="200" pdfPage="http://pesquisa.in.gov.br/imprensa/jsp/visualiza/index.jsp?data=04/08/2025&amp;jornal=515&amp;pagina=200" editionNumber="145" highlightType="" highlightPriority="" highlight="" highlightimage="" highlightimagename="" idMateria="22949380">
  <body>
    <Identifica />
    <Data><![CDATA[]]></Data>
    <Ementa />
    <Titulo />
    <SubTitulo />
    <Texto><![CDATA[<p>1. Processo TC-012.544/2025-6 (APOSENTADORIA)</p><p>1.1. Interessadas: Maria Jaciara Bezerra Santos (350.586.681-49); Valeria de Fatima Mamedes da Silva (263.217.001-00).</p><p>1.2. Órgão/Entidade: Tribunal de Justiça do Distrito Federal e dos Territórios.</p><p>1.3. Relator: Ministro Jorge Oliveira.</p><p>1.4. Representante do Ministério Público: Procurador Marinus Eduardo De Vries Marsico.</p><p>1.5. Unidade Técnica: Unidade de Auditoria Especializada em Pessoal (AudPessoal).</p><p>1.6. Representação legal: não há.</p><p>1.7. Determinações/Recomendações/Orientações: não há.</p><p>ACÓRDÃO Nº 4707/2025 - TCU - 2ª Câmara</p><p>Os ministros do Tribunal de Contas da União, reunidos em Sessão da 2ª Câmara, com fundamento nos arts. 1º, inciso V, e 39, inciso II, da Lei 8.443/1992 c/c os arts. 143, inciso II, e 260, §§ 1º e 2º, do Regimento Interno-TCU, bem como nos pareceres emitidos, ACORDAM, por unanimidade, em considerar legais, para fins de registro, os atos de concessão dos interessados a seguir indicados.</p><p>1. Processo TC-012.570/2025-7 (APOSENTADORIA)</p><p>1.1. Interessados: Ivanete Pereira de Bastos (139.450.412-87); Jose Arnaldo Miranda (131.618.571-00); Maria Valdeci de Lima (080.594.032-49); Marleide da Silva Moraes de Souza (203.482.312-53).</p><p>1.2. Órgão/Entidade: Departamento de Centralização de Serviços de Inativos e Pensionistas.</p><p>1.3. Relator: Ministro Jorge Oliveira.</p><p>1.4. Representante do Ministério Público: Procurador Marinus Eduardo De Vries Marsico.</p><p>1.5. Unidade Técnica: Unidade de Auditoria Especializada em Pessoal (AudPessoal).</p><p>1.6. Representação legal: não há.</p><p>1.7. Determinações/Recomendações/Orientações: não há.</p><p>ACÓRDÃO Nº 4708/2025 - TCU - 2ª Câmara</p><p>Os ministros do Tribunal de Contas da União, reunidos em Sessão da 2ª Câmara, com fundamento nos arts. 1º, inciso V, e 39, inciso II, da Lei 8.443/1992 c/c os arts. 143, inciso II, e 260, §§ 1º e 2º, do Regimento Interno-TCU, bem como nos pareceres emitidos, ACORDAM, por unanimidade, em considerar legal, para fins de registro, o ato de concessão da interessada a seguir indicada.</p><p>1. Processo TC-012.585/2025-4 (APOSENTADORIA)</p><p>1.1. Interessada: Mariluce Freitas de Souza Bomfim (239.655.174-49).</p><p>1.2. Órgão/Entidade: Ministério da Agricultura, Pecuária e Abastecimento (extinto).</p><p>1.3. Relator: Ministro Jorge Oliveira.</p><p>1.4. Representante do Ministério Público: Procurador Marinus Eduardo De Vries Marsico.</p><p>1.5. Unidade Técnica: Unidade de Auditoria Especializada em Pessoal (AudPessoal).</p><p>1.6. Representação legal: não há.</p><p>1.7. Determinações/Recomendações/Orientações: não há.</p><p>ACÓRDÃO Nº 4709/2025 - TCU - 2ª Câmara</p><p>Os ministros do Tribunal de Contas da União, reunidos em Sessão da 2ª Câmara, com fundamento nos arts. 1º, inciso V, e 39, inciso II, da Lei 8.443/1992 c/c os arts. 143, inciso II, e 260, §§ 1º e 2º, do Regimento Interno-TCU, bem como nos pareceres emitidos, ACORDAM, por unanimidade, em considerar legais, para fins de registro, os atos de concessão dos interessados a seguir indicados.</p><p>1. Processo TC-012.640/2025-5 (APOSENTADORIA)</p><p>1.1. Interessados: Geraldo Magela Pereira Falcao (234.457.426-34); Luiz da Cruz Pereira (173.520.882-53); Vanderlei Luiz Marques (303.819.401-87).</p><p>1.2. Órgão/Entidade: Polícia Rodoviária Federal.</p><p>1.3. Relator: Ministro Jorge Oliveira.</p><p>1.4. Representante do Ministério Público: Procurador Marinus Eduardo De Vries Marsico.</p><p>1.5. Unidade Técnica: Unidade de Auditoria Especializada em Pessoal (AudPessoal).</p><p>1.6. Representação legal: não há.</p><p>1.7. Determinações/Recomendações/Orientações: não há.</p><p>ACÓRDÃO Nº 4710/2025 - TCU - 2ª Câmara</p><p>Os ministros do Tribunal de Contas da União, reunidos em Sessão da 2ª Câmara, com fundamento nos arts. 1º, inciso V, e 39, inciso II, da Lei 8.443/1992 c/c os arts. 143, inciso II, e 260, §§ 1º e 2º, do Regimento Interno-TCU, bem como nos pareceres emitidos, ACORDAM, por unanimidade, em considerar legal, para fins de registro, o ato de concessão do interessado a seguir indicado.</p><p>1. Processo TC-012.672/2025-4 (APOSENTADORIA)</p><p>1.1. Interessado: Francisco de Castro e Silva (068.306.253-00).</p><p>1.2. Órgão/Entidade: Advocacia-geral da União.</p><p>1.3. Relator: Ministro Jorge Oliveira.</p><p>1.4. Representante do Ministério Público: Procurador Marinus Eduardo De Vries Marsico.</p><p>1.5. Unidade Técnica: Unidade de Auditoria Especializada em Pessoal (AudPessoal).</p><p>1.6. Representação legal: não há.</p><p>1.7. Determinações/Recomendações/Orientações: não há.</p><p>ACÓRDÃO Nº 4711/2025 - TCU - 2ª Câmara</p><p>Os ministros do Tribunal de Contas da União, reunidos em Sessão da 2ª Câmara, com fundamento nos arts. 1º, inciso V, e 39, inciso II, da Lei 8.443/1992 c/c os arts. 143, inciso II, e 260, §§ 1º e 2º, do Regimento Interno-TCU, bem como nos pareceres emitidos, ACORDAM, por unanimidade, em considerar legais, para fins de registro, os atos de concessão dos interessados a seguir indicados.</p><p>1. Processo TC-012.680/2025-7 (APOSENTADORIA)</p><p>1.1. Interessados: Anderson Nogueira Santos (779.228.247-34); Benedito Jose da Silva Neto (208.279.466-00); Marco Valerio Carvalhal Pereira (822.123.927-53); Ney de Oliveira Fernandes Junior (830.668.887-20); Sonia Maria Ribeiro dos Santos (229.405.615-91).</p><p>1.2. Órgão/Entidade: Diretoria de Inativos e Pensionistas - Comando do Exército.</p><p>1.3. Relator: Ministro Jorge Oliveira.</p><p>1.4. Representante do Ministério Público: Procurador Sergio Ricardo Costa Caribé.</p><p>1.5. Unidade Técnica: Unidade de Auditoria Especializada em Pessoal (AudPessoal).</p><p>1.6. Representação legal: não há.</p><p>1.7. Determinações/Recomendações/Orientações: não há.</p><p>ACÓRDÃO Nº 4712/2025 - TCU - 2ª Câmara</p><p>Os ministros do Tribunal de Contas da União, reunidos em Sessão da 2ª Câmara, com fundamento nos arts. 1º, inciso V, e 39, inciso II, da Lei 8.443/1992 c/c os arts. 143, inciso II, e 260, §§ 1º e 2º, do Regimento Interno-TCU, bem como nos pareceres emitidos, ACORDAM, por unanimidade, em considerar legais, para fins de registro, os atos de concessão dos interessados a seguir indicados.</p><p>1. Processo TC-012.709/2025-5 (APOSENTADORIA)</p><p>1.1. Interessados: Francisco Jose Ferreira Sobrinho (782.666.027-00); Joao Luiz de Lucca Sobrinho (771.365.277-91); Joao Rodrigues Passos (284.435.279-00); Josue Barbosa Lins (098.449.104-04); Paulo de Alexandria Barboza (012.336.102-87).</p><p>1.2. Órgão/Entidade: Departamento de Centralização de Serviços de Inativos e Pensionistas.</p><p>1.3. Relator: Ministro Jorge Oliveira.</p><p>1.4. Representante do Ministério Público: Procurador Marinus Eduardo De Vries Marsico.</p><p>1.5. Unidade Técnica: Unidade de Auditoria Especializada em Pessoal (AudPessoal).</p><p>1.6. Representação legal: não há.</p><p>1.7. Determinações/Recomendações/Orientações: não há.</p><p>ACÓRDÃO Nº 4713/2025 - TCU - 2ª Câmara</p><p>Os ministros do Tribunal de Contas da União, reunidos em Sessão da 2ª Câmara, com fundamento nos arts. 1º, inciso V, e 39, inciso II, da Lei 8.443/1992 c/c os arts. 143, inciso II, e 260, §§ 1º e 2º, do Regimento Interno-TCU, bem como nos pareceres emitidos, ACORDAM, por unanimidade, em considerar legais, para fins de registro, os atos de concessão dos interessados a seguir indicados.</p><p>1. Processo TC-012.714/2025-9 (APOSENTADORIA)</p><p>1.1. Interessados: Anamaria Perocini de Almeida Peixoto (785.689.196-34); Roberto Osman Gomes Aguiar (711.465.807-97); Washington Para de Lima (779.230.817-00).</p><p>1.2. Órgão/Entidade: Advocacia-geral da União.</p><p>1.3. Relator: Ministro Jorge Oliveira.</p><p>1.4. Representante do Ministério Público: Procurador Marinus Eduardo De Vries Marsico.</p><p>1.5. Unidade Técnica: Unidade de Auditoria Especializada em Pessoal (AudPessoal).</p><p>1.6. Representação legal: não há.</p><p>1.7. Determinações/Recomendações/Orientações: não há.</p><p>ACÓRDÃO Nº 4714/2025 - TCU - 2ª Câmara</p><p>Os ministros do Tribunal de Contas da União, reunidos em Sessão da 2ª Câmara, com fundamento nos arts. 1º, inciso V, e 39, inciso II, da Lei 8.443/1992 c/c os arts. 143, inciso II, e 260, §§ 1º e 2º, do Regimento Interno-TCU, bem como nos pareceres emitidos, ACORDAM, por unanimidade, em considerar legais, para fins de registro, os atos de concessão dos interessados a seguir indicados.</p><p>1. Processo TC-012.736/2025-2 (APOSENTADORIA)</p><p>1.1. Interessados: Ana Cristina Pontes (037.009.682-72); Diacui Sales de Souza (074.831.633-72); Maria Aparecida Vitagliano Martins (878.075.307-82); Maria das Gracas Brito da Silva (079.968.372-87); Valeria Brasileiro Silva Guimaraes (316.527.192-53).</p><p>1.2. Órgão/Entidade: Departamento de Centralização de Serviços de Inativos e Pensionistas.</p><p>1.3. Relator: Ministro Jorge Oliveira.</p><p>1.4. Representante do Ministério Público: Procurador Marinus Eduardo De Vries Marsico.</p><p>1.5. Unidade Técnica: Unidade de Auditoria Especializada em Pessoal (AudPessoal).</p><p>1.6. Representação legal: não há.</p><p>1.7. Determinações/Recomendações/Orientações: não há.</p><p>ACÓRDÃO Nº 4715/2025 - TCU - 2ª Câmara</p><p>Os ministros do Tribunal de Contas da União, reunidos em Sessão da 2ª Câmara, com fundamento nos arts. 1º, inciso V, e 39, inciso II, da Lei 8.443/1992 c/c os arts. 143, inciso II, e 260, §§ 1º e 2º, do Regimento Interno-TCU, bem como nos pareceres emitidos, ACORDAM, por unanimidade, em considerar legais, para fins de registro, os atos de concessão dos interessados a seguir indicados.</p><p>1. Processo TC-012.764/2025-6 (APOSENTADORIA)</p><p>1.1. Interessados: Edvaldo Maciel Ferreira (067.181.833-34); Manoel Pereira Nogueira Filho (044.294.943-04); Maria de Sousa Moraes (113.402.582-34); Marlene Nunes Calente (203.367.992-68); Telma do Socorro Goes Parente (208.871.322-00).</p><p>1.2. Unidade: Departamento de Centralização de Serviços de Inativos e Pensionistas.</p><p>1.3. Relator: Ministro Jorge Oliveira.</p><p>1.4. Representante do Ministério Público: Procurador Marinus Eduardo De Vries Marsico.</p><p>1.5. Unidade Técnica: Unidade de Auditoria Especializada em Pessoal (AudPessoal).</p><p>1.6. Representação legal: não há.</p><p>1.7. Determinações/Recomendações/Orientações: não há.</p><p>ACÓRDÃO Nº 4716/2025 - TCU - 2ª Câmara</p><p>Os ministros do Tribunal de Contas da União, reunidos em Sessão da 2ª Câmara, com fundamento nos arts. 1º, inciso V, e 39, inciso II, da Lei 8.443/1992 c/c os arts. 143, inciso II, e 260, §§ 1º e 2º, do Regimento Interno-TCU, bem como nos pareceres emitidos, ACORDAM, por unanimidade, em considerar legal, para fins de registro, o ato de concessão da interessada a seguir indicada.</p><p>1. Processo TC-012.767/2025-5 (APOSENTADORIA)</p><p>1.1. Interessada: Maria das Gracas Fontana (115.973.618-95).</p><p>1.2. Unidade: Diretoria de Inativos e Pensionistas - Comando do Exército.</p><p>1.3. Relator: Ministro Jorge Oliveira.</p><p>1.4. Representante do Ministério Público: Procurador Marinus Eduardo De Vries Marsico.</p><p>1.5. Unidade Técnica: Unidade de Auditoria Especializada em Pessoal (AudPessoal).</p><p>1.6. Representação legal: não há.</p><p>1.7. Determinações/Recomendações/Orientações: não há.</p><p>ACÓRDÃO Nº 4717/2025 - TCU - 2ª Câmara</p><p>Os ministros do Tribunal de Contas da União, reunidos em Sessão da 2ª Câmara, com fundamento nos arts. 1º, inciso V, e 39, inciso II, da Lei 8.443/1992 c/c os arts. 143, inciso II, e 260, §§ 1º e 2º, do Regimento Interno-TCU, bem como nos pareceres emitidos, ACORDAM, por unanimidade, em considerar legais, para fins de registro, os atos de concessão dos interessados a seguir indicados.</p><p>1. Processo TC-028.464/2024-9 (APOSENTADORIA)</p><p>1.1. Interessados: Acacio Vasconcelos Nunes (241.449.753-04); Adanai de Brito Freire (395.092.223-72); Adriana de Freitas Bueno (107.863.568-47); Afonso Maria de Ligorio Junior (377.869.976-87); Aguinaldo Alves Moreira (512.111.571-72); Aldezir Cristovao Ribeiro (037.849.593-34); Aldivan Marcos Mendes (225.018.783-53); Alexandre Rocha Silva (932.734.606-87); Alimar da Silva Barreiros (081.626.622-00); Almira Francisco dos Santos Cardoso (569.296.929-72); Aluisio Villela Antonio Clarete (426.519.807-49); Alvaro Cardoso de Paiva (042.078.073-49); Alverli Terra de Souza Rocha (861.940.707-49); Ana Amelia Pontes Franco de Paula Pinheiro (015.558.738-20); Ana Claudia Baldini Veloso Carneiro (081.119.718-26); Ana Creusa Costa de Vasconcelos (146.777.172-49); Ana Fatima Candido Marx (588.110.527-34); Ana Lucia Figueiredo Mota (000.037.617-54); Ana Lucia Gomes da Silva Moraes (500.043.367-04); Ana Maria Rosa (219.816.472-87); Anderson Rodrigues de Almeida (082.157.402-78); Andre Luiz Alves Garcia (736.087.186-72); Andre Luiz Previato Kodjaoglanian (090.095.068-43); Andres de Medeiros Leite (003.539.197-99); Anezina Deise Rebelo (042.588.432-53); Angela Maria Honorio Matavelli (046.344.718-25); Angelo Augusto Madalozzo de George (680.541.149-15); Anisio Arce (518.562.121-49); Antonio Alves de Melo (858.299.438-91); Antonio Carlos Martins Barata (226.369.272-04); Antonio Carlos Mocelim (247.366.949-04); Antonio Carlos da Cruz Maia (001.509.457-01); Antonio Carlos dos Santos (104.264.185-49); Antonio Cezar Nunes Fialho (414.898.450-20); Antonio Ezequiel Pedroso (069.709.232-15); Antonio Jose Pinheiro Costa (147.375.403-82); Antonio Maria Mota Silva (106.072.182-15); Antonio Pinheiro Torres (143.909.651-15); Aparecida de Fatima Detogne Monteiro (453.418.187-68); Aquiles Borromeu Cabral Paiva (676.611.224-72); Attila Phelippe Souza Fontes de Sales (106.146.642-68); Audecy Monteiro da Silva (143.443.601-25); Aurenice Maria Inacio dos Santos (840.123.157-49); Benedita Aparecida de Campos Amstalden (076.896.218-80); Benedita Conceicao Pinheiro Nunes (175.343.483-15); Benedita Pereira Borges Gomes (039.795.202-34); Benedita Ricarda dos Santos (094.024.202-82); Benedito Goncalves de Oliveira (193.691.401-82); Benedito Joao Pimentel (023.999.382-91); Carlos Aercio Silva Lima (310.718.215-04); Carlos Alberto Muniz (801.345.808-34); Carlos Alberto Pereira da Rosa (410.594.177-15); Carlos Alberto Pereira de Carvalho (062.008.342-53); Carlos Alberto Straub (397.367.687-91); Carlos Anselmo Rocha Silva (374.775.523-20); Carlos Augusto Pinheiro Peixoto (048.900.003-72); Carlos Eduardo de Oliveira Monteiro (118.543.402-04); Carlos Piana Filho (503.006.799-04); Carlos Roberto de Oliveira (001.919.958-94); Catia Almeida da Fonseca (716.201.257-49); Celestino Figueiredo de Assuncao (096.450.802-82); Celia Alice da Silveira (444.942.896-04); Celia Brito Costa Laranjeira (731.014.947-53); Celia Marino D Avila (047.249.208-07); Celia Regina Sant Anna Carvalho (747.792.147-34); Celio Constantino da Costa (517.269.551-68); Cezar Augusto Machado de Oliveira e Souza (561.470.662-34); Charles Souquet (926.391.197-53); Cilvana Costa Bricker (233.892.495-91); Claudia Gomes Moreira (709.387.847-49); Claudia Nascimento (023.668.016-10); Claudia Regina Racca (839.826.127-72); Cleuza Alves de Souza Vieira (336.296.339-00); Cleuza Batista da Silva (136.692.572-68); Clovis Guimaraes Ramalho (055.393.903-34); Cristovao Morelly Kaneyoshi Hashiguti de Freitas (083.352.652-91); Cyro Eduardo Pinheiro Gorito (445.120.077-68); Damiana Lacerda Soares (226.711.371-68); Daniel Batista Ferreira (024.712.548-29); Dario Alves Pimentel (613.728.387-91); David Turgot Moreira de Oliveira Abrantes (222.643.373-20); Delcio de Lima Filho (759.354.907-06); Delta Silva de Macedo (112.162.042-68); Denair Rosa (558.130.037-20); Diamantina Maria Alves da Conceicao (419.772.707-00); Dirce Barbosa Cesar (175.345.692-49); Dirce das Gracas Silva (467.676.577-00); Douglas Lauro de Andrade (003.276.077-93); Edilson Cardoso Palheta (087.722.232-00); Edis Antonio Cola (189.859.719-72); Edite Nunes dos Reis (191.879.122-87); Edith de Oliveira Gomes (110.228.094-15); Edmundo Vitorio Oliveira da Silva (236.396.102-10); Edna Bezerra de Lima Muchiutti (045.121.408-08); Edna Maria Guadalupe da Silva Machado Paixao (673.584.387-87); Ednaldo de Oliveira Franca (140.706.004-00); Eduardo Flores da Cunha Garcia (294.866.290-72); Eduardo Spindola da Silva Pacheco (654.831.467-00); Eduardo Walder Esteves dos Santos (550.051.876-34); Elba Regina Rizziere Silva (090.883.978-21); Eliana Teixeira de Castro (468.049.197-34); Elias Fernandes dos Anjos (113.224.381-53); Elias Luiz da Silva (458.400.834-53); Elias da Silveira (596.207.497-15); Elisa Floriano de Campos Amaral (055.167.938-74); Elza Helena Taveira Constancio (796.295.712-34); Elza Rodrigues Crisostomo (079.978.682-91); Elza Terezinha Correa Trindade Abdo (015.730.578-35); Ereni da Costa Jaloto (499.711.317-49); Ery Raasch (095.532.662-15); Eucilene Pedrina Freitas Nascimento (136.165.442-20); Evaldo Luiz Eltermann Ribeiro (732.964.149-91); Ezi de Souza Correa (142.357.062-68); Fabio Machado Vidoto (881.370.237-04); Faozi Figueiredo Serafim (267.282.656-00); Fatima Bernardino Camilo (911.419.237-34); Felicio Laterca de Almeida (909.828.437-04); Felipe Augusto Coelho Reboucas (346.273.753-87); Fernando Baptista (556.316.067-04); Francisca Luzinete de Lima Souza (785.678.402-44); Francisca Nunes de Alcantara Ribeiro (006.793.018-28); Francisco Carlos de Moraes (406.982.627-00); Francisco Demutie de Oliveira (074.325.933-53); Francisco Erivaldo da Silva (357.118.413-00); Francisco Ernesto Ladaim (891.330.647-68); Francisco Jose Monte dos Santos (285.017.053-49); Francisco Rodrigues de Holanda (394.926.643-72); George Ferreira de Castro (061.991.512-91); Geraldo Silva de Oliveira (354.043.961-72); Gersenil Brelaz Sampaio (194.131.062-15); Gildiwanio Barros Leal (287.502.413-20); Gilson Santos da Rosa (433.899.700-10); Glaucia Lucia Pereira Neves (657.312.477-49); Grace Ananias Schuabb (722.544.837-49); Grinaura Carvalho de Oliveira (095.562.494-00); Hanrley Matos Martins (398.717.031-04); Helena Serra da Silva (237.913.812-53); Helio Alves Rodrigues (244.876.603-78); Heloisa Aparecida Lagrota Antunes (593.374.516-20); Heron Costa Peixoto (874.661.557-15); Herondines Saraiva de Carvalho Filho (347.826.137-68); Hilma Maria Magdalena (903.298.567-15); Ieda Magalhaes Belarmino da Silva (106.774.612-91); Ilda Pereira Brito (419.395.142-15); Ilma Nogueira Lima (619.984.947-72); Ilzabete Nogueira da Silva (212.617.503-06); Indiara Maria Goncalves (210.092.522-91); Iolanda da Silva Alves (392.505.717-04); Iracema Almeida de Souza (420.622.336-04); Iracema Pereira de Souza (107.286.512-20); Iraci Gomes Alves (114.290.032-00); Iracuy Teixeira Gayer (477.688.780-00); Iracy do Nascimento Lapa (192.333.102-72); Iraelza Monteiro Soares (094.520.523-68); Isaura Duarte D Oliveira Ramos (599.786.867-20); Ivone Alves da Silva Teixeira (030.045.768-56); Ivonete Vilard (265.989.817-00); Izabel Aparecida de Franca Barros (236.154.432-68); Izabel Maria de Figueiredo (204.603.842-87); Izidoro Pereira de Souza (153.291.279-04); Jackson Urquiza da Costa e Silva (186.737.404-87); Jameson Bastos de Oliveira (426.173.082-00); Janete Tabalipa Marini (191.138.702-20); Jenner Delmir Chagas de Oliveira (369.277.405-20); Joana Darc Souza de Paula (423.512.946-53); Joao Bosco Carneiro (285.865.576-68); Joao Bosco Carvalho de Almeida (210.255.843-68); Joao Eduardo Ornelas (605.783.786-04); Joao Evangelista Soares (095.026.453-91); Joao Gonzaga Souza da Luz (128.180.032-53); Joao Olimpio Ferreira (179.781.739-68); Joao Prado de Carvalho (522.379.586-53); Joel Maria de Almeida Morais (037.173.562-91); Jonas Pessoa de Araujo (148.607.243-72); Jorge Costa da Silva (254.633.657-68); Jorge Luiz da Mota Pacheco (617.120.357-20); Jorge Ribeiro Pinto (603.061.497-53); Jose Afonso Monteiro de Resende (469.840.111-91); Jose Alberto Gomes Varjao (103.529.965-87); Jose Alberto Lopes Franco (728.441.168-68); Jose Alves Ferreira (268.420.767-49); Jose Assuncao de Oliveira (097.733.044-34); Jose Barbosa Lima Filho (437.221.567-34); Jose Cardoso Ferreira (274.937.500-25); Jose Carlos Patu de Oliveira (335.781.174-04); Jose Carlos Rodrigues (602.312.897-15); Jose Carlos Sauer Junior (588.408.939-20); Jose Carlos Teixeira do Amaral (793.647.727-68); Jose Cloves Alves de Oliveira (151.530.105-20); Jose Divino Rodrigues Galvao (186.632.221-49); Jose Lopes de Oliveira (043.619.703-00); Jose Luiz Felix da Silva (322.956.347-68); Jose Luiz Salvador (379.561.837-15); Jose Nelson Bessa Maia (113.735.633-20); Jose Otavio Nascimento Gonda Martinez (059.960.151-53); Jose Pires Freire (340.710.594-00); Jose Praxedes de Jesus (220.402.505-49); Jose Raimundo Pires de Sa (044.821.663-91); Jose Ricardo Carvalho de Campos (901.265.807-15); Jose Roberto de Miranda (461.116.201-00); Jose Sebastiao Ferreira Braga (100.905.253-53); Jose Silvan de Souza Lima (563.618.744-00); Jose Teixeira Filho (142.909.799-04); Jose Valmir de Vasconcelos (107.614.543-49); Jose dos Anjos Barroso (335.301.906-59); Josias Batista de Figueredo (057.314.021-91); Josias Iensue (331.220.599-91); Juarez Antonio Boranga de Quadros (191.771.780-68); Jucilene Cavalcante de Melo (162.510.672-68); Julio Cesar Soares Pinheiro (124.988.313-04); Julio Cezar Kloster (478.123.709-68); Juracy Francisca dos Santos (289.582.412-68); Jurema Carvalho da Costa (382.127.067-53); Kleber Mauricio Cavali (616.438.589-04); Kleber Pestana Sant Ana (724.020.919-91); Laudir de Assis Mattos (376.092.469-72); Laurenio Albuquerque da Silveira Filho (579.263.524-20); Laurinda de Amorim Rodrigues (286.524.952-20); Layce Rodrigues Berteges (415.969.787-91); Leandro Jose Schmidt (560.835.300-59); Leda Maria Pacheco do Nascimento (044.488.803-97); Leia Muniz da Silva Assumpcao (561.505.397-68); Leila Maria Melo Amorim (237.762.183-04); Leon Diniz Valette Pomar (095.308.818-94); Leunides Neider de Freitas (317.630.301-72); Lilian Maria Cordeiro (392.035.901-10); Lindaura Jaques de Mereles (115.719.002-25); Lucia Helena Mutti Nunes (470.430.169-91); Lucia Helena Velloso (504.276.447-04); Lucia Rosane Goncalves Lima (729.227.707-10); Luciano Cesar Bernardo Silva (673.911.687-34); Luciano Jose Cardoso (642.413.009-87); Lucilene Benedetti Penha Prado (057.519.298-45); Lucimeire Bueno (499.950.496-00); Lucineia Musela da Silva Pereira (754.038.037-34); Lucio Flavio Marins de Araujo (734.623.659-91); Lucy Deluiz Azevedo (508.241.477-15); Luis Tadeu Correia Furtado (091.554.811-91); Luiz Antonio Pena (273.081.896-00); Luiz Carlos Ampuero da Silva (922.440.767-68); Luiz Carlos Costa Mello (321.977.217-04); Luiz Carlos Gomes de Souza (182.569.453-20); Luiz Carlos Pacheco (372.461.516-72); Luiz Eduardo Brito de Oliveira (222.348.881-15); Luiz Otavio Alves da Silva (552.596.507-00); Luiz Wantuil Henriques (499.471.927-68); Luiza Maria de Pinho Rego Araujo (186.990.813-91); Luiza de Marilac Lima Pontes (167.068.703-15); Luzia Bernardo Jorge (220.369.702-49); Luzinete Bernardo de Pontes Lopes (420.428.287-34); Luzonaldo Augusto da Silva (411.997.074-49); Madelaine de Almeida Moreira (114.065.852-20); Magaly Vieira Doria (611.672.317-91); Magna Selma Guimaraes dos Santos (106.811.912-87); Manoel Amilton Batista da Silva (072.762.902-63); Manoel Antonio Alves (499.514.167-72); Manoel Ferreira Rezende (496.491.324-49); Manoel de Deus Mascarenhas Filho (520.912.956-04); Mara Aparecida Mariotini Carotta (750.700.147-49); Marcia Elizabete da Rosa (464.631.279-49); Marcia Regina da Silva Dias (748.153.347-49); Marcia da Silva Telles (614.491.807-87); Marcio Luiz de Freitas Medeiros (615.180.007-97); Marcio Tontini (543.777.499-00); Marcos Antonio Cabral da Silva (341.757.337-87); Marcos Jose Tucunduva (186.774.449-04); Marcos Luis Trefilo (825.994.168-68); Marcos Peixoto Alves (011.551.937-84); Marcos Roberto Lopes dos Santos (876.241.096-20); Marcus Vinicius Carnauba Feitosa (363.363.004-04); Margarete do Nascimento (470.559.289-15); Margareth Ferreira de Souza (791.360.527-87); Mari Akemi Takahara Oda (050.070.408-27); Maria Alves Luz (137.305.503-06); Maria Aparecida Barbieri (038.847.768-78); Maria Aparecida Ferreira (499.429.807-68); Maria Aparecida Silva (432.224.556-00); Maria Aparecida da Silva Camilo (078.987.718-00); Maria Dilma Santos da Silva (291.749.290-20); Maria Elza da Silva Correa (003.481.817-01); Maria Ferreira da Silva (055.609.854-49); Maria Francineide Santos da Silva (077.904.812-15); Maria Helena Frazao Melo (013.914.703-97); Maria Helena Nascimento Sobral (132.215.235-72); Maria Ivonete da Silva Bernarda Souza (114.028.732-04); Maria Jose Lourenco de Oliveira (162.205.522-53); Maria Jose Pinto Mendes (037.898.533-72); Maria Leonor Eguez Ramos (139.208.982-49); Maria Lina Alves (258.140.016-15); Maria Lucia Leal Santos (166.706.631-53); Maria Lucia Pinheiro Stellet (570.916.257-49); Maria Lucia dos Santos Duarte (601.304.158-04); Maria Mendes de Aquino (203.944.382-72); Maria Neusa Ramalho (350.067.492-53); Maria Neuza de Souza Almeida (396.416.604-97); Maria Ramos Pordeus da Silva (203.171.904-15); Maria Salete da Silva (225.773.272-34); Maria Silva da Costa (149.314.002-72); Maria Tereza Justo da Costa (469.385.837-49); Maria Tereza de Almeida Franco (188.201.237-20); Maria Vera Lucia Alves da Silva (113.755.072-49); Maria Vilma Daroz Gaudencio (923.670.208-25); Maria da Conceicao Costa de Souza (142.007.402-49); Maria da Conceicao Fernandes de Figueiredo (085.307.692-87); Maria da Graca Andrade Gutiez (054.623.123-34); Maria da Paz da Cruz Silva (229.028.052-68); Maria da Penha Henrique de Oliveira Correia (742.473.527-68); Maria da Penha Leite de Freitas (677.653.197-87); Maria das Gracas Lima de Souza (200.409.112-68); Maria das Gracas Mesquita Sant Anna (974.250.957-34); Maria das Gracas Silva de Oliveira (061.505.512-53); Maria das Gracas de Aguiar Alves (007.482.537-26); Maria das Neves Ramos (290.374.502-10); Maria de Fatima Brandao (152.879.801-59); Maria de Fatima Rodrigues de Oliveira Santos (162.209.352-68); Maria de Fatima Viana do Amaral (570.438.847-72); Maria de Fatima de Macedo Januario (308.093.474-15); Maria de Lourdes Dias Paes (113.326.111-68); Maria de Lourdes Gotz dos Santos (219.942.262-34); Maria de Lourdes Serri (741.234.087-53); Maria de Lourdes de Paula Bezerra (776.986.497-68); Maria de Nazare Cunha Goncalves (204.517.842-00); Maria do Desterro Alves da Silva (282.109.803-00); Maria dos Santos Oliveira (143.211.222-87); Mariangela Pessanha Cardoso (322.120.547-34); Marilea Duarte Curty (903.438.087-49); Marina Araujo Silva (276.865.902-91); Marina Frederichi Martim Ramazotti (065.686.928-32); Marinalva Antunes de Oliveira (110.264.215-00); Marinete Honorato de Oliveira (007.137.767-06); Mario Carlo Manhaes Escocard (693.665.607-25); Mario Pessoa Chaves (049.156.742-15); Maristela Fernandes Palagar Vieira de Lima (570.937.257-91); Maristela Teixeira Caruso de Azeredo (694.415.617-20); Marivaldo de Jesus Silva (340.194.135-68); Marlene Cavalcante Gomes (238.702.221-15); Marlene de Almeida Rodrigues (085.155.222-68); Marly de Sales Lopes Mata (197.577.516-34); Matias Rodrigues dos Santos (144.402.292-04); Mauricio Leite Valeixo (672.336.439-20); Mauro Antonio Fregonezi (360.457.139-15); Mauro de Souza Cruz Junior (777.721.566-34); Max Antonio da Costa Pereira (038.238.732-53); Moises de Barros Pinto (071.913.912-00); Neide Neres de Queiroz Camargo (272.279.792-53); Nelson Alves Rodrigues (160.437.749-68); Nelson de Sousa Rocha (290.478.033-53); Newton Jose Mendes Fernandes do Amaral (026.079.722-72); Nilce Limeira Araujo (047.637.262-34); Nilson Jacoboski (744.724.459-72); Nilva Vosnhak (419.566.212-53); Nilza Gomes Henrique Knupp (398.321.807-59); Nilza Lempke Goncalves (736.429.240-34); Noeliton Costa de Sousa (570.176.384-68); Noemia de Oliveira Andrade (116.260.705-04); Ocimar Barroso da Silva (575.384.847-87); Odemir da Silva Andrade (043.797.562-20); Odete Costalonga Moreira (335.098.596-34); Olivina Pinheiro Cecilio (107.087.232-68); Omar Afonso de Ganter Peplow (723.238.099-20); Onam Heber de Oliveira Santos (619.929.504-82); Ornelita Pereira de Lacerda (064.907.318-51); Osmar de Lima Rosa (204.059.287-34); Osvaldo Humberto Bertolini (119.401.428-30); Otavio Ribeiro Santos Filho (109.669.782-34); Ozi Nilton da Silva Thomaz (586.908.830-53); Patricia Maria Rabelais Duarte (832.394.487-34); Paulo Cesar Marinho de Carvalho (669.160.547-00); Paulo Cezar Reis da Silva (113.137.815-68); Paulo Eduardo Gonçalves Cardoso; Paulo Fernando de Oliveira (023.210.845-53); Paulo Guimaraes Nascimento (646.282.567-72); Paulo Henrique da Silva Moura (138.116.063-87); Paulo Roberto Thome (003.132.257-37); Paulo Soares Nazareth (317.385.167-68); Pedro Sales dos Reis (221.099.002-53); Pedro Vieira de Loiola (606.605.896-72); Quiteria Aparecida Carlos dos Santos (203.502.012-34); Rafael Jose de Albuquerque (582.662.837-53); Raimunda Morais da Cruz Carvalho (203.423.812-53); Raimundo Constantino Ferreira de Paiva Dias (124.277.133-68); Raimundo Nonato Lemos Morato (220.600.492-53); Raimundo Nonato Nery de Souza (040.412.672-34); Raimundo Nonato da Silveira Filho (112.335.753-68); Raimundo de Assis da Silva Lobato (041.727.012-72); Regina Goncalves Lemos Pacheco (335.928.020-20); Regina Lucia Zanelli Pereira (302.213.827-04); Regina Lucia dos Santos (321.200.017-15); Renato Barros Telles (276.355.545-49); Renato Cesar Navarro de Sousa (016.706.202-63); Renato Cosme Duarte (776.322.738-91); Renato Sadaike (094.390.708-03); Renato Utikawa (051.550.558-73); Renato Viveiros de Oliveira (503.966.416-87); Ricardo Gomes Graca (597.970.709-30); Rideilza Rosa do Carmo (158.792.753-53); Rita Monteiro de Souza (226.270.572-00); Roberto Ricardo dos Santos Leal (339.940.137-04); Roberto Zino Carrijo Rodrigues (273.525.526-34); Rodolfo Jose Donizete Volpato (799.271.308-72); Rogerio Alcantara de Melo (733.272.206-20); Romero Cesar de Aguiar Barbosa (165.722.704-91); Romeu dos Santos Filho (740.644.017-00); Ronaldo Goncalves Pasqualino (015.606.438-38); Ronaldo Guilherme de Lima Carvalho (297.127.854-91); Rosa Maria Ramos (219.875.302-25); Rosa Virginia Coelho Terto (041.396.798-08); Rosalba Ferreira Patricio Mello (454.433.609-06); Rosangela Conceicao Berti Kneipp (381.460.457-15); Rosemari Correia Pinho (241.952.782-87); Rubiane Pereira Bezerra (563.849.391-34); Rui Martins da Silva (090.730.192-49); Ruth Maeli Freitas Girao (570.303.677-15); Ruy Freitas de Sousa (654.762.807-82); Ruy Moreira dos Santos (028.286.262-53); Samuel Baier (628.868.000-15); Sandra Marcia Goncalves Monteiro dos Santos (163.912.092-00); Sandra Maria Alves da Costa (050.057.718-83); Sandra Maria Ribeiro Bastos (109.932.825-04); Sarah Lorena de Quadros (263.418.163-91); Sema de Jesus Silva Tavares (075.321.993-04); Sergio Ricardo Celloni (327.262.609-34); Sergio de Souza Leal (413.876.007-53); Silvana Ribeiro Ferreira Machado (053.623.852-91); Silvio Paiva Mesquita (029.927.362-87); Solange Dantas da Silva (094.559.575-15); Solange Helena Moura Costa (109.083.232-04); Sonia Batista Santana (061.338.005-34); Sonia Maria Pereira Goncalves (737.643.967-68); Sonia Maria Salomao Arias (017.530.008-90); Sonia Maria de Oliveira Lima (141.058.533-68); Sonia Maria do Nascimento (084.477.642-49); Sonia Melo de Almeida (394.529.137-20); Sonia Pereira Lima Aristides (032.405.498-08); Sonia Regina Teixeira Felix Medeiros (890.888.598-68); Sonia Regina da Silva Moura (443.681.947-72); Sueli Baptista do Carmo (098.145.151-91); Tamami Yoshimoto (057.749.478-31); Tania Lucia Barros da Rocha Sarto (030.661.748-08); Tania Mara Abrahao de Carvalho Gitsos (546.869.707-68); Tania Mara Moll (246.170.590-91); Tania de Paula Machado (039.230.937-80); Teofilo Ferreira Neto (158.956.885-00); Teresinha de Jesus Vale dos Santos Novelino (570.011.207-82); Terezinha Lisieux Coimbra Ferreira (102.315.953-87); Ubajara Nobrega Rocha (526.272.414-00); Ubiraci Francisco Sobrinho (113.329.721-87); Uraci Rogerio de Andrade (708.420.869-00); Urias Pires Junior (138.254.881-87); Valter Lopes de Assis (521.700.129-15); Valter Pinheiro da Costa (072.417.805-82); Vanda Carvalho e Carvalho (228.879.706-15); Vania do Socorro Costa da Silva Sucupira (209.414.122-53); Vanilda de Souza (563.119.907-68); Vaste Julien (040.389.162-00); Vera Lucia Coutinho de Aguiar (073.253.553-00); Vera Lucia Dezan Gomes (315.790.942-87); Vera Lucia Ferreira (028.298.978-11); Vera Lucia Lemos Nunes (140.278.364-72); Vera Lucia Stockler de Queiroz (025.808.107-49); Vilma Beundine da Cunha (883.448.517-34); Waldir Luiz Jung (364.263.347-15); Waldiwilson dos Santos Pinto (056.555.478-64); Waltencir Tadeu Gomes (722.104.866-53); Wanderley Nascimento Santos (400.558.177-34); Welington Fonseca (373.385.526-49); Wendel Benevides Matos (529.918.305-49); Weslley Graca Miranda (897.264.647-49); Wiliam Goncalves Meira (598.901.696-49); Wilson Barreto (286.745.459-04); Yara Gomes Pereira (693.111.707-63); Zelia Cristina de Souza Moreira (499.873.137-87); Zoroastro Barbosa Passos (551.334.016-04).</p><p>1.2. Órgão/Entidade: Advocacia-geral da União; Departamento de Centralização de Serviços de Inativos e Pensionistas; Diretoria do Pessoal Civil da Marinha; Instituto Nacional de Colonização e Reforma Agrária; Instituto Nacional do Seguro Social; Ministério da Agricultura, Pecuária e Abastecimento (extinto); Ministério da Saúde; Ministério das Relações Exteriores; Polícia Federal; Polícia Rodoviária Federal; Tribunal Regional do Trabalho da 2ª Região/SP.</p><p>1.3. Relator: Ministro Jorge Oliveira.</p><p>1.4. Representante do Ministério Público: Procurador Marinus Eduardo De Vries Marsico.</p><p>1.5. Unidade Técnica: Unidade de Auditoria Especializada em Pessoal (AudPessoal).</p><p>1.6. Representação legal: não há.</p><p>1.7. Determinações/Recomendações/Orientações: não há.</p><p>ACÓRDÃO Nº 4718/2025 - TCU - 2ª Câmara</p><p>Os Ministros do Tribunal de Contas da União, reunidos em Sessão da 2ª Câmara, com fundamento nos arts. 1º, inciso V, e 39, inciso II, da Lei nº 8.443/1992, c/c os arts. 1º, inciso VIII; 17, inciso III e 143, inciso II; e 259, inciso II, do Regimento Interno/TCU, ACORDAM em considerar legais para fins de registro os atos de concessão abaixo relacionados, fazendo-se a seguinte determinação sugerida nos pareceres emitidos nos autos:</p><p>1. Processo TC-011.329/2025-4 (PENSÃO MILITAR)</p><p>1.1. Interessadas: Katia Santos (311.101.777-04); Marlene Gomes Aguilera (766.227.628-72); Nelma Furtado Mendonca de Amorim (073.481.257-43); Neuza Dias da Silva (206.661.878-00); Raydir Leite Cunha (938.462.157-91); Suely Cardoso Rodrigues (349.701.697-72); Valeria Lima Tavares (022.046.207-00).</p><p>1.2. Unidade: Comando da Aeronáutica.</p><p>1.3. Relator: Ministro Jorge Oliveira.</p><p>1.4. Representante do Ministério Público: Procurador Sergio Ricardo Costa Caribé.</p><p>1.5. Unidade Técnica: Unidade de Auditoria Especializada em Pessoal (AudPessoal).</p><p>1.6. Representação legal: não há.</p><p>1.7. Determinações/Recomendações/Orientações:</p><p>1.7.1. Determinar ao Comando da Aeronáutica que, tendo em vista a inconsistência apresentada nos contracheques do beneficiário do ato 51937/2023, ajuste, no prazo de 15 (quinze) dias, os proventos de pensão militar para a base de cálculo do soldo referente ao posto/graduação de Tenente-Brigadeiro, conforme o que preconiza do § 2º do art. 7º da Resolução nº 353/2023-TCU.</p><p>ACÓRDÃO Nº 4719/2025 - TCU - 2ª Câmara</p><p>VISTO e relacionado este processo relativo ao ato de reforma de Edivaldo Mamede de Carvalho emitido pelo Comando da Aeronáutica, julgado legal por meio do Acórdão 3.260/2025-TCU-2ª Câmara.</p><p>Considerando que o órgão jurisdicionado, na pessoa do Major-Brigadeiro Intendente Marcelo Brasil Carvalho da Fonseca, chefe do Centro de Controle Interno da Aeronáutica, solicitou, fundamentadamente, um prazo adicional para o cumprimento da mencionada deliberação;</p><p>ACORDAM os ministros do Tribunal de Contas da União, reunidos em sessão da 2ª Câmara, por unanimidade, com fundamento no artigo 143, V, "e", do Regimento Interno do TCU, em autorizar o pedido de prorrogação feito pelo Comando da Aeronáutica, prorrogando por 30 dias o prazo para cumprimento do subitem 9.3.2 do Acórdão 3.260/2025-TCU-2ª Câmara, a contar desta decisão, de acordo com os pareceres emitidos nos autos.</p><p>1. PROCESSO TC-001.964/2025-9 (REFORMA)</p><p>1.1. Interessado: Edivaldo Mamede de Carvalho (271.137.101-82).</p><p>1.2. Requerente: Comando da Aeronáutica</p><p>1.3. Unidade: Comando da Aeronáutica.</p><p>1.4. Relator: Ministro Jorge Oliveira.</p><p>1.5. Representante do Ministério Público: Procurador Sérgio Ricardo Costa Caribé.</p><p>1.6. Unidade Técnica: Unidade de Auditoria Especializada em Pessoal (AudPessoal).</p><p>1.7. Representação legal: não há.</p><p>1.8. Determinações/Recomendações/Orientações: não há.</p><p>ACÓRDÃO Nº 4720/2025 - TCU - 2ª Câmara</p><p>VISTO, relacionado e discutido o ato de reforma de Edmilson Pereira de Souza, emitido pelo Comando da Aeronáutica e submetido a este Tribunal para fins de registro.</p><p>Considerando tratar-se de pedido de prorrogação de prazo, formulado pelo Centro de Controle Interno da Aeronáutica (CENCIAR), na pessoa do Major-Brigadeiro Intendente Marcelo Brasil Carvalho da Fonseca, Chefe do CENCIAR, para cumprimento das determinações do Acórdão 2.832/2025-TCU-2ª Câmara;</p><p>considerando que a notificação do mencionado Acórdão foi realizada por meio do Ofício 20706/2025-TCU/Seproc, cuja ciência ocorreu em 17/6/2025;</p><p>considerando que, em consulta aos autos, verificou-se não haver registro de prorrogação de prazo concedida ao requerente;</p><p>considerando o parecer favorável da unidade instrutora (peça 19);</p><p>ACORDAM os ministros do Tribunal de Contas da União, reunidos em sessão da 2ª Câmara, com fundamento nos arts. 143, inciso V, alínea "e", e 183, parágrafo único, do Regimento Interno do TCU, por unanimidade, em autorizar a prorrogação de prazo por 30 dias, a contar desta decisão, para cumprimento das determinações do Acórdão 2.832/2025-TCU-2ª Câmara, independentemente de notificação da parte.</p><p>1. PROCESSO TC-001.995/2025-1 (REFORMA)</p><p>1.1. Interessados: Centro de Controle Interno da Aeronáutica; Edmilson Pereira de Souza (400.192.090-53).</p><p>1.2. Unidade: Comando da Aeronáutica.</p><p>1.3. Relator: Ministro Jorge Oliveira.</p><p>1.4. Representante do Ministério Público: Procurador Rodrigo Medeiros de Lima.</p><p>1.5. Unidade Técnica: Unidade de Auditoria Especializada em Pessoal (AudPessoal).</p><p>1.6. Representação legal: não há.</p><p>1.7. Determinações/Recomendações/Orientações: não há.</p><p>ACÓRDÃO Nº 4721/2025 - TCU - 2ª Câmara</p><p>Trata-se de ato de concessão de reforma de interesse de Edilene de Lira Nascimento.</p><p>Considerando que, ao analisar o ato, a unidade instrutora identificou inconsistência quanto ao pagamento de vantagem de caráter pessoal (adicional por tempo de serviço);</p><p>considerando, entretanto, que esse percentual não integra mais a estrutura remuneratória da inativa, consoante comprovam as fichas financeiras juntadas aos autos.</p><p>ACORDAM os ministros do Tribunal de Contas da União, reunidos em sessão da 2ª Câmara, por unanimidade, com fundamento nos arts. 1º, inciso V, e 39, inciso II, da Lei 8.443/1992 c/c os arts. 143, inciso II, e 260, § 4º, do Regimento Interno-TCU, bem como nos pareceres emitidos, em considerar legal, para fins de registro, o ato de concessão de reforma em favor de Edilene de Lira Nascimento, ressalvando que o valor referente ao percentual pago a título de adicional de tempo de serviço foi substituído pelo adicional de compensação por disponibilidade militar, que está diretamente relacionado ao posto/graduação do militar/instituidor, nos termos do art. 8º da Lei 13.954/2019.</p><p>1. Processo TC-011.769/2025-4 (REFORMA)</p><p>1.1. Interessada: Edilene de Lira Nascimento (368.232.604-91).</p><p>1.2. Unidade: Comando da Aeronáutica.</p><p>1.3. Relator: Ministro Jorge Oliveira.</p><p>1.4. Representante do Ministério Público: Procurador Sergio Ricardo Costa Caribé.</p><p>1.5. Unidade Técnica: Unidade de Auditoria Especializada em Pessoal (AudPessoal).</p><p>1.6. Representação legal: não há.</p><p>1.7. Determinações/Recomendações/Orientações: não há.</p><p>ACÓRDÃO Nº 4722/2025 - TCU - 2ª Câmara</p><p>Trata-se de ato de concessão de reforma de interesse de Carlos Jose Lucas.</p><p>Considerando que, ao analisar o ato, a unidade instrutora identificou inconsistência quanto ao pagamento de vantagem de caráter pessoal (adicional por tempo de serviço);</p><p>considerando, entretanto, que esse percentual não integra mais a estrutura remuneratória do inativo, consoante comprovam as fichas financeiras juntadas aos autos.</p><p>ACORDAM os ministros do Tribunal de Contas da União, reunidos em sessão da 2ª Câmara, por unanimidade, com fundamento nos arts. 1º, inciso V, e 39, inciso II, da Lei 8.443/1992 c/c os arts. 143, inciso II, e 260, § 4º, do Regimento Interno-TCU, bem como nos pareceres emitidos, em considerar legal, para fins de registro, o ato de concessão de reforma em favor de Carlos Jose Lucas, ressalvando que o valor referente ao percentual pago a título de adicional de tempo de serviço foi substituído pelo adicional de compensação por disponibilidade militar, que está diretamente relacionado ao posto/graduação do militar/instituidor, nos termos do art. 8º da Lei 13.954/2019.</p><p>1. Processo TC-011.786/2025-6 (REFORMA)</p><p>1.1. Interessado: Carlos Jose Lucas (430.837.909-10).</p><p>1.2. Unidade: Comando da Aeronáutica.</p><p>1.3. Relator: Ministro Jorge Oliveira.</p><p>1.4. Representante do Ministério Público: Procurador Sergio Ricardo Costa Caribé.</p><p>1.5. Unidade Técnica: Unidade de Auditoria Especializada em Pessoal (AudPessoal).</p><p>1.6. Representação legal: não há.</p><p>1.7. Determinações/Recomendações/Orientações: não há.</p><p>ACÓRDÃO Nº 4723/2025 - TCU - 2ª Câmara</p><p>Trata-se de ato de concessão de reforma de interesse de Jose Alberto Spohr Plentz.</p><p>Considerando que, ao analisar o ato, a unidade instrutora identificou inconsistência quanto ao pagamento de vantagem de caráter pessoal (adicional por tempo de serviço);</p><p>considerando, entretanto, que esse percentual não integra mais a estrutura remuneratória do inativo, consoante comprovam as fichas financeiras juntadas aos autos.</p><p>ACORDAM os ministros do Tribunal de Contas da União, reunidos em sessão da 2ª Câmara, por unanimidade, com fundamento nos arts. 1º, inciso V, e 39, inciso II, da Lei 8.443/1992 c/c os arts. 143, inciso II, e 260, § 4º, do Regimento Interno-TCU, bem como nos pareceres emitidos, em considerar legal, para fins de registro, o ato de concessão de reforma em favor de Jose Alberto Spohr Plentz, ressalvando que o valor referente ao percentual pago a título de adicional de tempo de serviço foi substituído pelo adicional de compensação por disponibilidade militar, que está diretamente relacionado ao posto/graduação do militar/instituidor, nos termos do art. 8º da Lei 13.954/2019.</p><p>1. Processo TC-011.833/2025-4 (REFORMA)</p><p>1.1. Interessado: Jose Alberto Spohr Plentz (850.846.978-00).</p><p>1.2. Unidade: Comando da Aeronáutica.</p><p>1.3. Relator: Ministro Jorge Oliveira.</p><p>1.4. Representante do Ministério Público: Procurador Sergio Ricardo Costa Caribé.</p><p>1.5. Unidade Técnica: Unidade de Auditoria Especializada em Pessoal (AudPessoal).</p><p>1.6. Representação legal: não há.</p><p>1.7. Determinações/Recomendações/Orientações: não há.</p><p>ACÓRDÃO Nº 4724/2025 - TCU - 2ª Câmara</p><p>Trata-se de ato de concessão de reforma de interesse de Jairo Ferreira dos Santos.</p><p>Considerando que, ao analisar o ato, a unidade instrutora identificou inconsistência quanto ao pagamento de vantagem de caráter pessoal (adicional por tempo de serviço);</p><p>considerando, entretanto, que esse percentual não integra mais a estrutura remuneratória do inativo, consoante comprovam as fichas financeiras juntadas aos autos.</p><p>ACORDAM os ministros do Tribunal de Contas da União, reunidos em sessão da 2ª Câmara, por unanimidade, com fundamento nos arts. 1º, inciso V, e 39, inciso II, da Lei 8.443/1992 c/c os arts. 143, inciso II, e 260, § 4º, do Regimento Interno-TCU, bem como nos pareceres emitidos, em considerar legal, para fins de registro, o ato de concessão de reforma em favor de Jairo Ferreira dos Santos, ressalvando que o valor referente ao percentual pago a título de adicional de tempo de serviço foi substituído pelo adicional de compensação por disponibilidade militar, que está diretamente relacionado ao posto/graduação do militar/instituidor, nos termos do art. 8º da Lei 13.954/2019.</p><p>1. Processo TC-011.939/2025-7 (REFORMA)</p><p>1.1. Interessado: Jairo Ferreira dos Santos (741.616.527-04).</p><p>1.2. Unidade: Comando da Aeronáutica.</p><p>1.3. Relator: Ministro Jorge Oliveira.</p><p>1.4. Representante do Ministério Público: Procurador Sergio Ricardo Costa Caribé.</p><p>1.5. Unidade Técnica: Unidade de Auditoria Especializada em Pessoal (AudPessoal).</p><p>1.6. Representação legal: não há.</p><p>1.7. Determinações/Recomendações/Orientações: não há.</p><p>ACÓRDÃO Nº 4725/2025 - TCU - 2ª Câmara</p><p>Trata-se de ato de concessão de reforma de interesse de Almir Veiga Jobim.</p><p>Considerando que, ao analisar o ato, a unidade instrutora identificou inconsistência quanto ao pagamento de vantagem de caráter pessoal (adicional por tempo de serviço);</p><p>considerando, entretanto, que esse percentual não integra mais a estrutura remuneratória do inativo, consoante comprovam as fichas financeiras juntadas aos autos.</p><p>ACORDAM os ministros do Tribunal de Contas da União, reunidos em sessão da 2ª Câmara, por unanimidade, com fundamento nos arts. 1º, inciso V, e 39, inciso II, da Lei 8.443/1992 c/c os arts. 143, inciso II, e 260, § 4º, do Regimento Interno-TCU, bem como nos pareceres emitidos, em considerar legal, para fins de registro, o ato de concessão de reforma em favor de Almir Veiga Jobim, ressalvando que o valor referente ao percentual pago a título de adicional de tempo de serviço foi substituído pelo adicional de compensação por disponibilidade militar, que está diretamente relacionado ao posto/graduação do militar/instituidor, nos termos do art. 8º da Lei 13.954/2019.</p><p>1. Processo TC-012.004/2025-1 (REFORMA)</p><p>1.1. Interessado: Almir Veiga Jobim (395.171.280-53).</p>]]></Texto>
  </body>
  <Midias />
</article></xml>