﻿<xml><article id="44726207" name="ATO PORTARIA GM 1450" idOficio="11190159" pubName="DO1" artType="Portaria" pubDate="01/08/2025" artClass="00034:00001:00000:00000:00000:00000:00000:00000:00000:00000:00054:00000" artCategory="Ministério do Meio Ambiente e Mudança do Clima/Gabinete da Ministra" artSize="24" artNotes="" numberPage="70" pdfPage="http://pesquisa.in.gov.br/imprensa/jsp/visualiza/index.jsp?data=01/08/2025&amp;jornal=515&amp;pagina=70" editionNumber="144" highlightType="" highlightPriority="" highlight="" highlightimage="" highlightimagename="" idMateria="22946562">
  <body>
    <Identifica><![CDATA[ PORTARIA GM/MMA Nº 1.450, DE 30 DE JULHO DE 2025]]></Identifica>
    <Data><![CDATA[]]></Data>
    <Ementa><![CDATA[ Habilita a ASSOCIAÇÃO NACIONAL DOS CATADORES E CATADORAS DE MATERIAIS RECICLÁVEIS como entidade gestora de sistemas de logística reversa de embalagens em geral.]]></Ementa>
    <Titulo />
    <SubTitulo />
    <Texto><![CDATA[<p class="identifica">PORTARIA GM/MMA Nº 1.450, DE 30 DE JULHO DE 2025</p><p class="ementa">Habilita a ASSOCIAÇÃO NACIONAL DOS CATADORES E CATADORAS DE MATERIAIS RECICLÁVEIS como entidade gestora de sistemas de logística reversa de embalagens em geral.</p><p>A MINISTRA DE ESTADO DO MEIO AMBIENTE E MUDANÇA DO CLIMA, no uso da atribuição que lhe confere o art. 87, inciso IV, da Constituição, e tendo em vista o disposto na Portaria GM/MMA nº 1.102, de 12 de julho de 2024, e no Processo Administrativo nº 02000.001379/2025-67, resolve:</p><p>Art. 1º Fica habilitada a pessoa jurídica discriminada no Anexo desta Portaria como entidade gestora de sistemas de logística reversa de embalagens em geral, em âmbito nacional.</p><p>Art. 2º Esta Portaria entra em vigor na data de sua publicação.</p><p class="assina">MARINA SILVA</p><p class="anexo">ANEXO</p><p /><p></p><table><tr /><tr><td rowspan="1" colspan="1"><p>Nº da Habilitação</p></td><td rowspan="1" colspan="1"><p>Razão Social</p></td><td rowspan="1" colspan="1"><p>CNPJ</p></td><td rowspan="1" colspan="1"><p>Processo</p></td></tr><tr><td rowspan="1" colspan="1"><p>011</p></td><td rowspan="1" colspan="1"><p>ASSOCIAÇÃO NACIONAL DOS CATADORES E CATADORAS DE MATERIAIS RECICLÁVEIS - ANCAT</p></td><td rowspan="1" colspan="1"><p>03.580.632/0001-60</p></td><td rowspan="1" colspan="1"><p>02000.001379/2025-67</p></td></tr></table>]]></Texto>
  </body>
  <Midias />
</article></xml>