﻿<xml><article id="44735209" name="PortMB-MD-51-2025_004" idOficio="11191346" pubName="DO1" artType="Portaria" pubDate="01/08/2025" artClass="00016:00012:00001:00000:00000:00000:00000:00000:00000:00000:00054:00004" artCategory="Ministério da Defesa/Comando da Marinha/Gabinete do Comandante" artSize="12" artNotes="" numberPage="12" pdfPage="http://pesquisa.in.gov.br/imprensa/jsp/visualiza/index.jsp?data=01/08/2025&amp;jornal=515&amp;pagina=12" editionNumber="144" highlightType="" highlightPriority="" highlight="" highlightimage="" highlightimagename="" idMateria="22948606">
  <body>
    <Identifica />
    <Data><![CDATA[]]></Data>
    <Ementa />
    <Titulo />
    <SubTitulo />
    <Texto><![CDATA[<p>3.4.3. Os pingentes devem ser discretos, de tamanho diminuto em relação ao pulso ou pescoço, e não devem fazer alusão a ideologia terrorista ou extremista contrária às instituições democráticas, a violência, a criminalidade, a ideia ou ato libidinoso, a discriminação ou preconceito de raça, credo, sexo ou origem ou, ainda, a ideia ou ato ofensivo às Forças Armadas.</p><p>3.4.4. É vedada a utilização de braceletes e adornos nos tornozelos a todos os militares.</p><p>3.4.5. É vedada a utilização de cordões, pulseiras e pingentes em atividades operativas do CFN.</p><p>PARTE II - APRESENTAÇÃO PESSOAL DE MILITARES DO SEXO FEMININO</p><p>4. PADRONIZAÇÃO DO CABELO</p><p>4.1. ASPECTOS GERAIS</p><p>4.1.1. O cabelo deve ser mantido limpo, penteado e bem-apresentado.</p><p>4.1.2. Cortes de cabelo extravagantes ou extremamente assimétricos não são permitidos.</p><p>4.1.3. Qualquer corte e arrumação de cabelo deve permitir a colocação e o perfeito caimento da cobertura (boné, bibico ou chapéu) e de equipamentos individuais.</p><img name="1_MD_1_004" />]]></Texto>
  </body>
  <Midias>
    <Midia></Midia>
  </Midias>
</article></xml>