﻿<xml><article id="44716948" name="2025-07-31/11188309/ANMWS_229441" idOficio="11188309" pubName="DO1" artType="Despacho" pubDate="01/08/2025" artClass="00035:00044:00035:00000:00000:00000:00000:00000:00000:00000:00024:00108" artCategory="Ministério de Minas e Energia/Agência Nacional de Mineração/Gerência da ANM no Estado do Paraná" artSize="12" artNotes="" numberPage="82" pdfPage="http://pesquisa.in.gov.br/imprensa/jsp/visualiza/index.jsp?data=01/08/2025&amp;jornal=515&amp;pagina=82" editionNumber="144" highlightType="" highlightPriority="" highlight="" highlightimage="" highlightimagename="" idMateria="22944117">
  <body>
    <Identifica><![CDATA[Despacho]]></Identifica>
    <Data><![CDATA[]]></Data>
    <Ementa />
    <Titulo />
    <SubTitulo />
    <Texto><![CDATA[<p class="identifica">Despacho</p><p>Relação nº 108/2025</p><p>Fase de Requerimento de Pesquisa</p><p>O GERENTE REGIONAL DA AGÊNCIA NACIONAL DE MINERAÇÃO, no uso da competência delegada de que trata o Art. 1°, inciso I, alínea "a" da Portaria nº 1712, de 8 de novembro de 2024, e com fundamento no art. 15, do Decreto-lei n° 227, de 28 de fevereiro de 1967, (Código de Mineração), e no art. 2°, inciso XVII da Lei 13.575/2017, outorga o(s) seguinte(s) Alvará(s) de Pesquisa, pelo prazo de 03 anos, com vigência a partir dessa publicação:(323)</p><p>5232/2025-826.188/2025-ALCANTARA CONSULTORIA GEOLOGICA, GEOFISICA &amp; AEROLEVANTAMENTOS LTDA-</p><p>5233/2025-826.190/2025-HOBI EXTRACAO E COMERCIO DE AREIA LTDA-</p><p>5234/2025-826.194/2025-ARENA PARTICIPACOES SOCIETARIAS LTDA-</p><p>5235/2025-826.197/2025-ELTON AIRTON GAYARDO-</p><p>5231/2025-826.072/2025-ITAIPU INDUSTRIA E COMERCIO DE BRITAS E ASFALTO LTDA.-</p><p class="assina">CARLOS ALBERTO DIETER</p>]]></Texto>
  </body>
  <Midias />
</article></xml>