﻿<xml><article id="46226473" name="PORTARIA 4055- FUNASA-PRE" idOficio="11376994" pubName="DO2" artType="Portaria" pubDate="03/11/2025" artClass="00047:00053:00000:00000:00000:00000:00000:00000:00000:00000:00017:00000" artCategory="Ministério da Saúde/Fundação Nacional de Saúde" artSize="12" artNotes="" numberPage="113" pdfPage="http://pesquisa.in.gov.br/imprensa/jsp/visualiza/index.jsp?data=03/11/2025&amp;jornal=529&amp;pagina=113" editionNumber="209" highlightType="" highlightPriority="" highlight="" highlightimage="" highlightimagename="" idMateria="23271228">
  <body>
    <Identifica><![CDATA[ PORTARIA Nº 4.055, de 29 DE OUTUBRO DE 2025]]></Identifica>
    <Data><![CDATA[]]></Data>
    <Ementa />
    <Titulo />
    <SubTitulo />
    <Texto><![CDATA[<p class="identifica">PORTARIA Nº 4.055, de 29 DE OUTUBRO DE 2025</p><p>O PRESIDENTE INTERINO DA FUNDAÇÃO NACIONAL DE SAÚDE, no uso da atribuição de que trata o inciso VIII do art. 18 do Estatuto aprovado pelo Decreto nº 11.223, de 5 de outubro de 2022, publicado no D.O.U. de 6 subsequente, e com fundamento no art. 38, da Lei nº 8.112, de 11 de dezembro de 1990, resolve:</p><p>Designar o servidor GILVÂNIO BARBOSA DE SANTANA para exercer o encargo de substituto eventual do cargo comissionado executivo de Coordenador de Prestação de Contas, da Coordenação-Geral de Convênios da Diretoria Executiva da Fundação Nacional de Saúde - Funasa, CCE-1.10, código 500056, ficando dispensada do referido encargo a servidora SORAYA DE ALMEIDA LEDA. (NUP 25100.004640/2025-58).</p><p class="assina">ALEXANDRE RIBEIRO MOTTA</p>]]></Texto>
  </body>
  <Midias />
</article></xml>