﻿<xml><article id="46227700" name="CEFETRJ_RTF_Portarias_28-10-2025" idOficio="11369913" pubName="DO2" artType="Portaria" pubDate="03/11/2025" artClass="00025:00048:00000:00000:00000:00000:00000:00000:00000:00000:00017:00001" artCategory="Ministério da Educação/Centro Federal de Educação Tecnológica Celso Suckow da Fonseca" artSize="12" artNotes="" numberPage="48" pdfPage="http://pesquisa.in.gov.br/imprensa/jsp/visualiza/index.jsp?data=03/11/2025&amp;jornal=529&amp;pagina=48" editionNumber="209" highlightType="" highlightPriority="" highlight="" highlightimage="" highlightimagename="" idMateria="23257104">
  <body>
    <Identifica><![CDATA[ PORTARIA Nº 1.596/CEFET-RJ, DE 28 DE OUTUBRO DE 2025]]></Identifica>
    <Data><![CDATA[]]></Data>
    <Ementa />
    <Titulo />
    <SubTitulo />
    <Texto><![CDATA[<p class="identifica">PORTARIA Nº 1.596/CEFET-RJ, DE 28 DE OUTUBRO DE 2025</p><p>O Diretor-Geral do Centro Federal de Educação Tecnológica Celso Suckow da Fonseca, nomeado pela Portaria MEC nº 146, de 26/02/2025, publicada no DOU de 28/02/2025, Seção 2, pág. 18, no uso de suas atribuições e o que consta no Processo nº 23063.005332/2025-16, resolve:</p><p>Art. 1º Exonerar, a pedido, a servidora REBECA CARDOZO COELHO, ocupante do cargo de Professor de Ensino Básico Técnico e Tecnológico, SIAPE nº 2097908, SIAPECAD nº 01883743, lotada no(a) UNED Maria da Graça, do cargo de Gerente Acadêmico, CD - 04, do(a) Gerência Acadêmica da UNED Maria da Graça, UORG-115.</p><p>Art. 2º Efeitos a partir de 3 de novembro de 2025.</p><p class="assina">MAURICIO SALDANHA MOTTA</p><p class="identifica">PORTARIA Nº 1.597/CEFET-RJ, DE 28 DE OUTUBRO DE 2025</p><p>O Diretor-Geral do Centro Federal de Educação Tecnológica Celso Suckow da Fonseca, nomeado pela Portaria MEC nº 146, de 26/02/2025, publicada no DOU de 28/02/2025, Seção 2, pág. 18, no uso de suas atribuições e o que consta no Processo nº 23063.005332/2025-16, resolve:</p><p>Art. 1º Dispensar a servidora ANA CAROLINA FERRAZ DOS SANTOS, ocupante do cargo de Professor de Ensino Básico Técnico e Tecnológico, SIAPE nº 2125865, SIAPECAD nº 01906305, lotada no(a) UNED Maria da Graça, e em exercício no(a) Coordenação de Curso de Ensino Médio, da função de Coordenador(a) de Curso, FUC - 01, do(a) Coordenação de Curso de Ensino Médio, UORG-532.</p><p>Art. 2º Efeitos a partir de 3 de novembro de 2025.</p><p class="assina">MAURICIO SALDANHA MOTTA</p><p class="identifica">PORTARIA Nº 1.598/CEFET-RJ, DE 28 DE OUTUBRO DE 2025</p><p>O Diretor-Geral do Centro Federal de Educação Tecnológica Celso Suckow da Fonseca, nomeado pela Portaria MEC nº 146, de 26/02/2025, publicada no DOU de 28/02/2025, Seção 2, pág. 18, no uso de suas atribuições e o que consta no Processo nº 23063.005332/2025-16, resolve:</p><p>Art. 1º Nomear a servidora ANA CAROLINA FERRAZ DOS SANTOS, ocupante do cargo de Professor de Ensino Básico Técnico e Tecnológico, SIAPE nº 2125865, SIAPECAD nº 01906305, lotado no(a) UNED Maria da Graça, para o cargo de Gerente Acadêmico, CD - 04, do(a) Gerência Acadêmica da UNED Maria da Graça, UORG-115.</p><p>Art. 2º Efeitos a partir de 3 de novembro de 2025.</p><p class="assina">MAURICIO SALDANHA MOTTA</p>]]></Texto>
  </body>
  <Midias />
</article></xml>