﻿<xml><article id="46226221" name="ATO NA 595.2025- JOAO C. ZIRPOLI" idOficio="11374049" pubName="DO2" artType="Ato" pubDate="03/11/2025" artClass="00070:00011:00001:00000:00000:00000:00000:00000:00000:00000:00001:00000" artCategory="Poder Judiciário/Tribunal Regional Federal da 5ª Região/Presidência" artSize="12" artNotes="" numberPage="126" pdfPage="http://pesquisa.in.gov.br/imprensa/jsp/visualiza/index.jsp?data=03/11/2025&amp;jornal=529&amp;pagina=126" editionNumber="209" highlightType="" highlightPriority="" highlight="" highlightimage="" highlightimagename="" idMateria="23265457">
  <body>
    <Identifica><![CDATA[ ATO Nº 595, DE 29 DE OUTUBRO DE 2025]]></Identifica>
    <Data><![CDATA[]]></Data>
    <Ementa />
    <Titulo />
    <SubTitulo />
    <Texto><![CDATA[<p class="identifica">ATO Nº 595, DE 29 DE OUTUBRO DE 2025</p><p>O PRESIDENTE DO TRIBUNAL REGIONAL FEDERAL DA 5ª REGIÃO, com fundamento no art. 17, inciso XXIV, do Regimento Interno e tendo em vista o que consta no PA nº 0013933-39.2025.4.05.7000, resolve:</p><p>Conceder Aposentadoria voluntária, com efeitos a partir de 1º de janeiro de 2026, ao servidor JOÃO CARLOS ZIRPOLI LEITE, matrícula PE1815, no cargo de Técnico Judiciário, Área Administrativa, Agente de Polícia Judicial, Nível Intermediário, Classe "C", Padrão 13, do quadro de pessoal permanente da Seção Judiciária de Pernambuco, com os proventos calculados como integrais, compostos da parcela limitada ao teto estabelecido para os benefícios do Regime Geral de Previdência Social, mais o Benefício Especial-BE, com fundamento no art. 20, §§ 2º, inciso II e 3º, inciso II, e art. 26, §§ 1º, 3º, inciso I e 7º da Emenda Constitucional nº. 103/2019, art. 40, § 16, da Constituição Federal, art. 3º, inciso II e parágrafos da Lei nº 12.618/2012, c/c a Lei 14.463/2022, bem como em observância as disposições contidas na Resolução Conjunta STF/MPU nº 3/2018.</p><p class="assina">FRANCISCO ROBERTO MACHADO</p>]]></Texto>
  </body>
  <Midias />
</article></xml>