﻿<xml><article id="46227190" name="PORTARIA N 1.713_23263319" idOficio="11372702" pubName="DO2" artType="Portaria" pubDate="03/11/2025" artClass="00066:00010:00001:00001:00000:00000:00000:00000:00000:00000:00017:00000" artCategory="Ministério Público da União/Ministério Público do Trabalho/Procuradoria-Geral/Gabinete do Procurador Geral" artSize="12" artNotes="" numberPage="119" pdfPage="http://pesquisa.in.gov.br/imprensa/jsp/visualiza/index.jsp?data=03/11/2025&amp;jornal=529&amp;pagina=119" editionNumber="209" highlightType="" highlightPriority="" highlight="" highlightimage="" highlightimagename="" idMateria="23263319">
  <body>
    <Identifica><![CDATA[ PORTARIA Nº 1.713, DE 28 DE OUTUBRO DE 2025]]></Identifica>
    <Data><![CDATA[]]></Data>
    <Ementa />
    <Titulo />
    <SubTitulo />
    <Texto><![CDATA[<p class="identifica">PORTARIA Nº 1.713, DE 28 DE OUTUBRO DE 2025</p><p>O PROCURADOR-GERAL DO TRABALHO no uso da atribuição prevista no inciso XXI do art. 91 da Lei Complementar nº 75, de 20 de maio de 1993, considerando os dados e informações constantes do PGEA/MPT nº 20.02.0600.0000374/2018-41, resolve:</p><p>Art. 1º Apostilar a Portaria MPT n° 574, de 20/4/2022, publicada no Diário Oficial da União n° 76, de 25/4/2022, qu nomeou a servidora MARCELA CÉSAR DO NASCIMENTO, matrícula 6009173, para o cargo em comissão de Assessor Jurídico Nível II da Assessoria Jurídica do Gabinete do Procurador-Chefe, código CC-2, da Procuradoria Regional do Trabalho da 6ª Região, para considerar a nomeação para exercer o cargo em comissão de Chefe de Gabinete do Procurador-Chefe, código CC-2, da Procuradoria Regional do Trabalho da 6ª Região/PE.</p><p>Art. 2° Apostilar a Portaria MPT n° 1420, de 31/8/2023, publicada no Diário Oficial da União n° 168, de 1°/9/2023, que nomeou o servidor LUCAS DE FREITAS DA SILVA, matrícula 6009579, para o cargo em comissão de Assessor Técnico Nível II da Assessoria Técnica da Coordenadoria Nacional do Trabalho Portuário e Aquaviário - Conatpa, código CC-2, na Procuradoria-Geral do Trabalho, atualmente exercendo o cargo em comissão de Assessor Nível II da Diretoria-Regional, código CC-2, da Procuradoria Regional do Trabalho da 6ª Região, para considerar a nomeação para exercer o cargo em comissão de Assessor Jurídico Nível IV da Assessoria Jurídica do Gabinete do Procurador-Chefe, código CC-4, da Procuradoria Regional do Trabalho da 6ª Região.</p><p>Art. 3° Nomear o servidor HUMBERTO ALVES PEDROSA, matrícula 6005667-3, ocupante do cargo efetivo de Técnico do MPU/Administração, para o cargo em comissão de Chefe da Divisão de Administração, código CC-2, da Procuradoria Regional do Trabalho da 6ª Região, exonerando-o do cargo em comissão de Chefe da Divisão de Administração, código CC-1, da Procuradoria Regional do Trabalho da 6ª Região.</p><p>Art. 4° Nomear a servidora MARIA BEATRIZ SANCTOS COSTA, matrícula 6005667-3, ocupante do cargo efetivo de Técnico do MPU/Administração, para o cargo em comissão de Chefe da Assessoria Técnica da Diretoria-Regional, código CC-1, da Procuradoria Regional do Trabalho da 6ª Região, exonerando-a do cargo em comissão de Chefe da Assessoria Técnica da Diretoria-Regional, código CC-2, da Procuradoria Regional do Trabalho da 6ª Região.</p><p>Art. 5° Designar o servidor DIEGO MATHEUS COSTA DA SILVA, matrícula 6006729-2, ocupante do cargo efetivo de Analista do MPU/Direito, para a função de confiança de Chefe da Assessoria Jurídica da Diretoria-Regonal, código FC-2, da Procuradoria Regional do Trabalho da 6ª Região.</p><p>Art. 6° Designar a servidora ANA PAULA NEVES SOUTO MAIOR, matrícula 6001698-1, ocupante do cargo efetivo de Analista do MPU/Biblioteconomia, para a função de confiança de Chefe da Seção de Documentação e Gestão da Informação, código FC-2, da Procuradoria Regional do Trabalho da 6ª Região, dispensando-a da função de confiança de Chefe da Seção de Documentação e Gestão da Informação, código FC-3, da Procuradoria Regional do Trabalho da 6ª Região.</p><p>Art. 7° Apostilar a Portaria MPT n° 653, de 19/12/2012, publicada no Diário Oficial da União n° 249, de 27/12/2012, que designou a servidora LUZIA BEZERRA SIMPLICIO DE CARVALHO, matrícula 6000760-5, para a função de confiança de Chefe do Serviço de Patrimônio, código FC-2, da Procuradoria Regional do Trabalho da 6ª Região, atualmente exercendo a função de confiança de Assistente Nível III da Assessoria Técnica da Diretoria-Regional, código FC-3, da Procuradoria Regional do Trabalho da 6ª Região, para considerar a designação para exercer a função de confiança de Assistente Nível I da da Assessoria Técnica da Diretoria-Regional, código FC-1, da Procuradoria Regional do Trabalho da 6ª Região.</p><p>Art. 8° Designar o servidor CARLOS EDUARDO PIRES ARAÚJO, matrícula 6007524-4, ocupante do cargo efetivo de Técnico do MPU/Administração, para a função de confiança de Assistente Nível I da da Assessoria Técnica da Diretoria-Regional, código FC-1, da Procuradoria Regional do Trabalho da 6ª Região, dispensando-o da função de confiança de Assistente Nível II da da Assessoria Técnica da Diretoria-Regional, código FC-2, da Procuradoria Regional do Trabalho da 6ª Região.</p><p>Art. 9° Designar o servidor RAFAEL CARLOS PEREIRA, matrícula 6009772-8, ocupante do cargo efetivo de Técnico do MPU/Administração, para a função de confiança de Assistente Nível I da Assessoria Técnica da Diretoria-Regional, código FC-1, da Procuradoria Regional do Trabalho da 6ª Região.</p><p>Art. 10 Designar a servidora JANNEANE ROSENDO BARROS, matrícula 6009926-7, ocupante do cargo efetivo de Técnico do MPU/Administração, para a função de confiança de Assistente Nível I da Assessoria Técnica da Diretoria-Regional, código FC-1, da Procuradoria Regional do Trabalho da 6ª Região.</p><p>Art. 11 Designar o servidor RICARDO VAZ GOMES BASTOS, matrícula 6007773-5, ocupante do cargo efetivo de Tecnico do MPU/Administração, para a função de confiança de Chefe da Seção de Logística, código FC-3, da Procuradoria Regional do Trabalho da 6ª Região, dispensando-o da função de confiança de Chefe da Seção de Formação e Capacitação, código FC-2, da Procuradoria Regional do Trabalho da 6ª Região.</p><p>Art. 12 Designar a servidora CAMILA LOPES DE OLIVEIRA E SILVA, matrícula 6006360-2, ocupante do cargo efetivo de Técnico do MPU/Administração, para a função de confiança de Chefe do Almoxarifado, código FC-1, da Procuradoria Regional do Trabalho da 6ª Região, dispensando-a da função de confiança de Chefe da Seção de Logística, código FC-3, da Procuradoria Regional do Trabalho da 6ª Região.</p><p>Art. 13 Designar a servidora DANIELA HEITOR DE MOURA, matrícula 6006144-8, ocupante do cargo de Técnico do MPU/Administração, para a função de confiança de Chefe do Setor de Manutenção, código FC-1, da Procuradoria Regional do Trabalho da 6ª Região, dispensando-a da função de confiança de Chefe do Almoxarifado, código FC-1, da Procuradoria Regional do Trabalho da 6ª Região.</p><p class="assina">GLÁUCIO ARAÚJO DE OLIVEIRA</p>]]></Texto>
  </body>
  <Midias />
</article></xml>