﻿<xml><article id="46227862" name="ATO_1400" idOficio="11354518" pubName="DO2" artType="Ato" pubDate="03/11/2025" artClass="00070:00007:00001:00000:00000:00000:00000:00000:00000:00000:00001:00002" artCategory="Poder Judiciário/Tribunal Regional Federal da 1ª Região/Presidência" artSize="12" artNotes="" numberPage="125" pdfPage="http://pesquisa.in.gov.br/imprensa/jsp/visualiza/index.jsp?data=03/11/2025&amp;jornal=529&amp;pagina=125" editionNumber="209" highlightType="" highlightPriority="" highlight="" highlightimage="" highlightimagename="" idMateria="23226887">
  <body>
    <Identifica><![CDATA[ ATO Nº 1.400, DE 17 DE OUTUBRO DE 2025]]></Identifica>
    <Data><![CDATA[]]></Data>
    <Ementa />
    <Titulo />
    <SubTitulo />
    <Texto><![CDATA[<p class="identifica">ATO Nº 1.400, DE 17 DE OUTUBRO DE 2025</p><p>O PRESIDENTE DO TRIBUNAL REGIONAL FEDERAL DA 1ª REGIÃO, no uso de suas atribuições legais e regimentais, e tendo em vista o constante nos autos do PAe 0013696-11.2025.4.01.8004, resolve:</p><p>NOMEAR a servidora TELLI BRITTO REBOUÇAS, Técnica Judiciária, Área Administrativa, do Quadro de Pessoal da Justiça Federal de Primeiro Grau da 1ª Região, Sede da Seção Judiciária da Bahia, no Cargo em Comissão, Código CJ-03, de Diretor de Secretaria da 24ª Vara Federal, em decorrência da exoneração de Diego Almeida Nascimento.</p><p class="assina">Des. JOÃO BATISTA MOREIRA</p>]]></Texto>
  </body>
  <Midias />
</article></xml>