﻿<xml><article id="46226425" name="Portaria 117 - Agregacao - 31 OU" idOficio="11375339" pubName="DO2" artType="Portaria" pubDate="03/11/2025" artClass="00016:00011:00029:00011:00000:00000:00000:00000:00000:00000:00017:00000" artCategory="Ministério da Defesa/Comando do Exército/Departamento-Geral do Pessoal/Diretoria de Controle de Efetivos e  Movimentações" artSize="12" artNotes="" numberPage="36" pdfPage="http://pesquisa.in.gov.br/imprensa/jsp/visualiza/index.jsp?data=03/11/2025&amp;jornal=529&amp;pagina=36" editionNumber="209" highlightType="" highlightPriority="" highlight="" highlightimage="" highlightimagename="" idMateria="23268553">
  <body>
    <Identifica><![CDATA[ PORTARIA-DCEM/DGP/C Ex Nº 117, DE 31 DE OUTUBRO DE 2025]]></Identifica>
    <Data><![CDATA[]]></Data>
    <Ementa />
    <Titulo />
    <SubTitulo />
    <Texto><![CDATA[<p class="identifica">PORTARIA-DCEM/DGP/C Ex Nº 117, DE 31 DE OUTUBRO DE 2025</p><p>O DIRETOR DE CONTROLE DE EFETIVOS E MOVIMENTAÇÕES, no uso da competência que lhe foi subdelegada pela Portaria - DGP/C Ex nº 458, de 10 de agosto de 2023, resolve:</p><p>AGREGAR</p><p>1. OFICIAIS</p><p>a. De acordo com o Inciso I, do Art. 81, da Lei nº 6.880, de 9 de dezembro de 1980, por ter sido designado para o Curso de Estratégia, Administração e Operações Militares, em Portugal, o Cel Inf QEMA (0114807340) RENAN RODRIGUES DE OLIVEIRA, a contar de 8 de outubro de 2025.</p><p>b. De acordo com o Inciso I, do Art. 81, da Lei nº 6.880, de 9 de dezembro de 1980, por ter sido designado para o Curso de Mestrado em Segurança Nacional (Maestría en Seguridad Nacional), no México, o Cel Inf QEMA (0130534241) GUSTAVO ANDRADE DE LIMA, a contar de 1º de julho de 2025.</p><p>c. De acordo com o Inciso I, do Art. 81, da Lei nº 6.880, de 9 de dezembro de 1980, por ter sido designado para frequentar o Curso de Altos Estudos Militares, no Senegal, o Cel Art QEMA (0114829542) CARLOS FREDERICO DE OLIVEIRA COUTINHO DA SILVA, a contar de 2 de janeiro de 2025.</p><p>d. De acordo com o Inciso V, do Art. 82, da Lei nº 6.880, de 9 de dezembro de 1980, por ter sido julgado incapaz definitivamente para o serviço do Exército, enquanto tramita o processo de reforma, o Cel QEM (0115399347) ALFREDO JORGE BAHIA HEINE, a contar de 9 de outubro de 2025.</p><p>e. De acordo com o Inciso I, do Art. 81, da Lei nº 6.880, de 9 de dezembro de 1980, por ter sido designado para a Missão de Instrutor do Western Hemisphere Institute for Security Cooperation (WHINSEC), nos Estados Unidos da América, o Ten Cel Inf QEMA (0131481947) VITOR GONÇALVES LOUREIRO, a contar de 1º de junho de 2024.</p><p>f. De acordo com o Inciso I, do Art. 81, da Lei nº 6.880, de 9 de dezembro de 1980, por ter sido designado para a Missão de Instrutor de Engenharia no Comando Superior de Educação do Exército da Guatemala (COSEDE), o Ten Cel Eng QEMA (1138548340) DANIEL RAMOS LEMOS, a contar de 2 de dezembro de 2024.</p><p>g. De acordo com o Inciso V, do Art. 82, da Lei nº 6.880, de 9 de dezembro de 1980, por ter sido julgada incapaz definitivamente para o serviço do Exército, enquanto tramita o processo de reforma, a Ten Cel QCO (0623742848) EDNA LIRA DO NASCIMENTO ARAUJO, a contar de 17 de setembro de 2025.</p><p>h. De acordo com o Inciso I, do Art. 82, da Lei nº 6.880, de 9 de dezembro de 1980, por ter sido julgado incapaz temporariamente, após 1 (um) ano contínuo de tratamento, o Maj Inf (0100848159) JOSÉ ROBERTO DA SILVA JÚNIOR, a contar de 3 de setembro de 2025.</p><p>i. De acordo com o Inciso I, do Art. 81, da Lei nº 6.880, de 9 de dezembro de 1980, por ter sido designado para a Missão de Instrutor e Assessor na Escola de Comando e Estado-Maior do Comando Superior de Educação do Exército da Guatemala (COSEDE), o Maj Cav QEMA (0333783843) FÁBIO TEIXEIRA COSTA SOUTO MARTINS, a contar de 10 de fevereiro de 2025.</p><p>j. De acordo com o Inciso III, do Art. 82, da Lei nº 6.880, de 9 de dezembro de 1980, por haver ultrapassado 6 (seis) meses contínuos em Licença para Tratar de Interesse Particular (LTIP), o Cap Inf (0202686176) IGOR ALVES LOMBARDO PEREIRA, a contar de 24 de outubro de 2025.</p><p>k. De acordo com o Inciso I, do Art. 81, da Lei nº 6.880, de 9 de dezembro de 1980, por ter sido designado para o Curso de Mestrado em Robótica, na Inglaterra, o 1º Ten QEM (0114036478) LUCAS GUIMARÃES CORRÊA, a contar de 1º de outubro de 2025.</p><p>l. De acordo com o Inciso II, do Art. 82, da Lei nº 6.880, de 9 de dezembro de 1980, por haver ultrapassado 1 (um) ano contínuo em Licença para Tratamento de Saúde Própria (LTSP), a 2º Ten QMB (0118539659) JÚLIA DE ALMEIDA BRITO SANTOS, a contar de 23 de outubro de 2025.</p><p>2. PRAÇAS</p><p>a. De acordo com o Inciso I, do Art. 82, da Lei nº 6.880, de 9 de dezembro de 1980, por ter sido julgado incapaz temporariamente, após 1 (um) ano contínuo de tratamento, o 1º Sgt Sau (0131863045) LUCIANO DE FARIA REZENDE, a contar de 5 de abril de 2025.</p><p>b. De acordo com o Inciso I, do Art. 81, da Lei nº 6.880, de 9 de dezembro de 1980, por ter sido designado para a Missão de Auxiliar da Aditância do Exército Brasileiro, nos Estados Unidos da América, o 1º Sgt Int (0101042554) BRUNO MARTINS LAMAS, a contar de 4 de abril de 2024.</p><p class="assina">Gen Div ANTÔNIO BISPO DE OLIVEIRA FILHO</p>]]></Texto>
  </body>
  <Midias />
</article></xml>