﻿<xml><article id="46227031" name="PORTARIA N 862_23271205" idOficio="11377013" pubName="DO2" artType="Portaria" pubDate="03/11/2025" artClass="00070:00004:00001:00002:00000:00000:00000:00000:00000:00000:00017:00000" artCategory="Poder Judiciário/Superior Tribunal de Justiça/Presidência/Secretaria" artSize="12" artNotes="" numberPage="124" pdfPage="http://pesquisa.in.gov.br/imprensa/jsp/visualiza/index.jsp?data=03/11/2025&amp;jornal=529&amp;pagina=124" editionNumber="209" highlightType="" highlightPriority="" highlight="" highlightimage="" highlightimagename="" idMateria="23271205">
  <body>
    <Identifica><![CDATA[ PORTARIA STJ/GDG Nº 862, DE 30 DE OUTUBRO DE 2025]]></Identifica>
    <Data><![CDATA[]]></Data>
    <Ementa />
    <Titulo />
    <SubTitulo />
    <Texto><![CDATA[<p class="identifica">PORTARIA STJ/GDG Nº 862, DE 30 DE OUTUBRO DE 2025</p><p>O DIRETOR-GERAL DA SECRETARIA DO SUPERIOR TRIBUNAL DE JUSTIÇA, com base no item 21.2.3, XI, b, do Anexo da Instrução Normativa STJ/GP n. 19 de 11 de junho de 2025 e no disposto no caput do art. 38 da Lei n. 8.112, de 11 de dezembro de 1990, resolve:</p><p>Art. 1º Designar JORGE PAULO ALENCAR DA SILVA, matrícula S077911, para substituir o Chefe da Seção de Fiscalização Administrativa de Contratos de Segurança, código FC-6, da Secretaria de Segurança Institucional, em seus afastamentos e impedimentos legais ou regulamentares e na vacância da função de confiança.</p><p>Art. 2º Revogar a designação de NATALINO DA SILVA ROCHA, matrícula S077660, objeto da Portaria STJ/GDG n. 189 de 26 de fevereiro de 2025, publicada no Diário Oficial da União do dia 27 subsequente.</p><p>Art. 3º Esta portaria entra em vigor na data de sua publicação.</p><p class="assina">SERGIO JOSÉ AMERICO PEDREIRA</p>]]></Texto>
  </body>
  <Midias />
</article></xml>