﻿<xml><article id="46226158" name="Portaria_IFSP_2025_8168_Apos_vol" idOficio="11373703" pubName="DO2" artType="Portaria" pubDate="03/11/2025" artClass="00025:00084:00000:00000:00000:00000:00000:00000:00000:00000:00017:00001" artCategory="Ministério da Educação/Instituto Federal de Educação, Ciência e Tecnologia de São Paulo" artSize="12" artNotes="" numberPage="56" pdfPage="http://pesquisa.in.gov.br/imprensa/jsp/visualiza/index.jsp?data=03/11/2025&amp;jornal=529&amp;pagina=56" editionNumber="209" highlightType="" highlightPriority="" highlight="" highlightimage="" highlightimagename="" idMateria="23264951">
  <body>
    <Identifica><![CDATA[ PORTARIA Nº 8.168/IFSP, DE 29 DE OUTUBRO DE 2025]]></Identifica>
    <Data><![CDATA[]]></Data>
    <Ementa />
    <Titulo />
    <SubTitulo />
    <Texto><![CDATA[<p class="identifica">PORTARIA Nº 8.168/IFSP, DE 29 DE OUTUBRO DE 2025</p><p>O REITOR DO INSTITUTO FEDERAL DE EDUCAÇÃO, CIÊNCIA E TECNOLOGIA DE SÃO PAULO, no uso de suas atribuições legais, conferidas pelo Decreto de 31 de março de 2025, publicado no Diário Oficial da União de 1 de abril de 2025, seção 2, página 1 e o que consta no Processo nº 23438.000740.2025-78, resolve:</p><p>CONCEDER Aposentadoria Voluntária, nos termos do artigo 10, § 1º, inciso I da Emenda Constitucional nº 103/2019, à servidora MARIA CRISTINA MARQUES, ocupante do cargo de Professor de Ensino Básico, Técnico e Tecnológico - EBTT, Código de Vaga nº 844241, SIAPE 184***, Classe C, Nível/Padrão 004, do Quadro Permanente deste IFSP, lotada no Campus Avaré. Os proventos serão calculados com base no art. 26, § 2º, inciso I da EC 103/2019, média aritmética.</p><p>DECLARAR a existência de 01 (uma) vaga de Professor de Ensino Básico, Técnico e Tecnológico.</p><p class="assina">Silmario Batista dos Santos</p>]]></Texto>
  </body>
  <Midias />
</article></xml>