﻿<xml><article id="46226854" name="SGP100" idOficio="11374429" pubName="DO2" artType="Portaria" pubDate="03/11/2025" artClass="00070:00030:00001:00000:00000:00000:00000:00000:00000:00000:00017:00000" artCategory="Poder Judiciário/Tribunal Regional Eleitoral de Pernambuco/Presidência" artSize="12" artNotes="" numberPage="129" pdfPage="http://pesquisa.in.gov.br/imprensa/jsp/visualiza/index.jsp?data=03/11/2025&amp;jornal=529&amp;pagina=129" editionNumber="209" highlightType="" highlightPriority="" highlight="" highlightimage="" highlightimagename="" idMateria="23266035">
  <body>
    <Identifica><![CDATA[ PORTARIA nº 768, de 17 de outubro de 2025]]></Identifica>
    <Data><![CDATA[]]></Data>
    <Ementa />
    <Titulo />
    <SubTitulo />
    <Texto><![CDATA[<p class="identifica">PORTARIA nº 768, de 17 de outubro de 2025</p><p>O PRESIDENTE do TRIBUNAL REGIONAL ELEITORAL DE PERNAMBUCO, no uso de suas atribuições legais, tendo em vista o disposto no Processo SEI n.º 0016405-19.2025.6.17.8000, com fundamento no art. 222, inciso I, da Lei n.º 8.112/1990, bem como no enunciado n.º 340, da Súmula do Superior Tribunal de Justiça - STJ e no art. 3º, § 2º, da Emenda Constitucional n.º 103/2019, e considerando o falecimento em 03/05/2025 da beneficiária de pensão vitalícia, conforme Portaria TRE/PE n.º 462/2006, GENY FERRAZ FREIRE, resolve:</p><p>Art. 1º Determinar o registro nos assentamentos funcionais que a cota de pensão vitalícia concedida a HENRIQUETA LUIZA FREIRE GOMES passará de 50% (cinquenta por cento) para 100% (cem por cento) do valor integral;</p><p>Art. 2º Registrar que a pensão de que trata esta portaria continuará sendo reajustada pelo critério da paridade, conforme o disposto no art. 7º da Emenda Constitucional n.º 41/2003; e</p><p>Art. 3º Validar os efeitos desta Portaria a partir de 03/05/2025.</p><p class="assina">Des. Cândido J. F. Saraiva de Moraes</p>]]></Texto>
  </body>
  <Midias />
</article></xml>