﻿<xml><article id="46227040" name="Portaria EDUARDO GOMES DOS SANTO" idOficio="11368912" pubName="DO2" artType="Portaria" pubDate="03/11/2025" artClass="00047:00002:00021:00038:00000:00000:00000:00000:00000:00000:00017:00001" artCategory="Ministério da Saúde/Secretaria Executiva/Subsecretaria de Assuntos Administrativos/Superintendência Estadual do Ministério da Saúde no Paraná" artSize="12" artNotes="" numberPage="111" pdfPage="http://pesquisa.in.gov.br/imprensa/jsp/visualiza/index.jsp?data=03/11/2025&amp;jornal=529&amp;pagina=111" editionNumber="209" highlightType="" highlightPriority="" highlight="" highlightimage="" highlightimagename="" idMateria="23251470">
  <body>
    <Identifica><![CDATA[ PORTARIA SEGEP/PR Nº 251,  DE 23 DE OUTUBRO DE 2025]]></Identifica>
    <Data><![CDATA[]]></Data>
    <Ementa />
    <Titulo />
    <SubTitulo />
    <Texto><![CDATA[<p class="identifica">PORTARIA SEGEP/PR Nº 251, DE 23 DE OUTUBRO DE 2025</p><p>A CHEFE DO SERVIÇO DE GESTÃO DE PESSOAS DA SUPERINTENDÊNCIA ESTADUAL DO MINISTÉRIO DA SAÚDE NO PARANÁ, no uso das competências conferidas pela apostila publicada na edição extraordinária do Boletim de Serviço nº 140, de 11/12/2023, de acordo com o Decreto nº 11.798, de 28 de novembro de 2023, publicado no Diário Oficial da União nº 225-B, Edição Extra B, de 28 de novembro de 2023, resolve:</p><p>Art. 1º - Conceder Aposentadoria Voluntária ao servidor EDUARDO GOMES DOS SANTOS, matrícula SIAPE 0499182, ocupante do cargo de Guarda de endemias, nível intermediário, classe S, padrão V, do quadro de pessoal do Ministério da Saúde do Paraná, com fundamento no Art. 20º, Incisos I a IV e § 2º, inciso I e §3º, inciso I da Emenda Constitucional nº 103 de 13/11/2019. (Processo nº 25023.000814/2025-73)</p><p class="assina">LEANDRA LUCIANA BARBIERI DE OLIVEIRA</p>]]></Texto>
  </body>
  <Midias />
</article></xml>