﻿<xml><article id="46226860" name="PORTARIA SEG 1763" idOficio="11375814" pubName="DO2" artType="Portaria" pubDate="03/11/2025" artClass="00070:00041:00002:00003:00000:00000:00000:00000:00000:00000:00017:00000" artCategory="Poder Judiciário/Tribunal de Justiça do Distrito Federal e dos Territórios/Presidência/Secretaria-Geral" artSize="12" artNotes="" numberPage="130" pdfPage="http://pesquisa.in.gov.br/imprensa/jsp/visualiza/index.jsp?data=03/11/2025&amp;jornal=529&amp;pagina=130" editionNumber="209" highlightType="" highlightPriority="" highlight="" highlightimage="" highlightimagename="" idMateria="23269445">
  <body>
    <Identifica><![CDATA[ PORTARIA SEG Nº 1.763, DE 20 DE OUTUBRO DE 2025]]></Identifica>
    <Data><![CDATA[]]></Data>
    <Ementa />
    <Titulo />
    <SubTitulo />
    <Texto><![CDATA[<p class="identifica">PORTARIA SEG Nº 1.763, DE 20 DE OUTUBRO DE 2025</p><p>O SECRETARIO-GERAL DO TRIBUNAL DE JUSTIÇA DO DISTRITO FEDERAL E DOS TERRITÓRIOS, no uso de sua competência delegada pelo art. 1º, incisos I e II da Portaria GPR 1235, de 9 de maio de 2024, e tendo em vista o contido no PA N. 1035292/2025, resolve:</p><p>Art. 1º Dispensar, a partir de 31 de outubro de 2025, MARIANNA QUEIROZ BATISTA, matrícula N. 320.817, da Função Comissionada, FC-03, da Rede Solidária Anjos do Amanhã.</p><p>Art. 2º Esta Portaria entra em vigor na data de sua publicação.</p><p class="assina">CELSO DE OLIVEIRA E SOUSA NETO</p>]]></Texto>
  </body>
  <Midias />
</article></xml>