﻿<xml><article id="46227928" name="Ato de aposentadoria e BE - DOU " idOficio="11368440" pubName="DO2" artType="Ato" pubDate="03/11/2025" artClass="00069:00001:00001:00000:00000:00000:00000:00000:00000:00000:00001:00000" artCategory="Poder Legislativo/Câmara dos Deputados/Presidêcia" artSize="12" artNotes="" numberPage="120" pdfPage="http://pesquisa.in.gov.br/imprensa/jsp/visualiza/index.jsp?data=03/11/2025&amp;jornal=529&amp;pagina=120" editionNumber="209" highlightType="" highlightPriority="" highlight="" highlightimage="" highlightimagename="" idMateria="23250829">
  <body>
    <Identifica><![CDATA[ ATO DE 27 de outubro de 2025]]></Identifica>
    <Data><![CDATA[]]></Data>
    <Ementa />
    <Titulo />
    <SubTitulo />
    <Texto><![CDATA[<p class="identifica">ATO DE 27 de outubro de 2025</p><p>O PRESIDENTE DA CÂMARA DOS DEPUTADOS, no uso das atribuições que lhe conferem os artigos 1º, inciso I, alínea "b", do Ato da Mesa n. 205, de 28 de junho de 1990, e 1º, inciso I, do Ato da Mesa n. 83, de 3 de agosto de 2023, resolve conceder ao servidor ANTONIO TEIXEIRA DE BARROS, ponto n. 6.869, resolve:</p><p>1. Aposentadoria voluntária no cargo efetivo de Analista Legislativo, especialidade Comunicação Social - Jornalismo, Classe Especial, Padrão 10, nos termos do artigo 20, caput e §§ 2º, II e 3º, II, da Emenda Constitucional n. 103/2019, com proventos calculados pela média das contribuições e limitados ao valor máximo dos benefícios do regime geral de previdência social, conforme artigo 26, caput e §§ 1º e 3º, inciso I, da mesma emenda.</p><p>2. Benefício especial, com fundamento no artigo 3º, § 1º, da Lei n. 12.618/2012.</p><p class="assina">HUGO MOTTA</p>]]></Texto>
  </body>
  <Midias />
</article></xml>