﻿<xml><article id="46226551" name="emcfp0206 (Portaria CFP NA 118 d" idOficio="11360113" pubName="DO2" artType="Portaria" pubDate="03/11/2025" artClass="00071:00054:00000:00000:00000:00000:00000:00000:00000:00000:00017:00000" artCategory="Entidades de Fiscalização do Exercício das Profissões Liberais/Conselho Federal de Psicologia" artSize="12" artNotes="" numberPage="135" pdfPage="http://pesquisa.in.gov.br/imprensa/jsp/visualiza/index.jsp?data=03/11/2025&amp;jornal=529&amp;pagina=135" editionNumber="209" highlightType="" highlightPriority="" highlight="" highlightimage="" highlightimagename="" idMateria="23236096">
  <body>
    <Identifica><![CDATA[ PORTARIA Nº 118, DE 17 DE OUTUBRO DE 2025]]></Identifica>
    <Data><![CDATA[]]></Data>
    <Ementa />
    <Titulo />
    <SubTitulo />
    <Texto><![CDATA[<p class="identifica">PORTARIA Nº 118, DE 17 DE OUTUBRO DE 2025</p><p>A PRESIDENTE DO CONSELHO FEDERAL DE PSICOLOGIA, no uso de suas atribuições legais e regimentais, resolve:</p><p>Art. 1º Designar Crisfanny Souza Soares Supervisora Substituta do Setor de Projetos Estratégicos do Conselho Federal de Psicologia pelo período de 20 de outubro de 2025 a 03 de novembro de 2025, em virtude do afastamento temporário para o exercício de Gerente Substituto do titular Ednilson Couto de Jesus Júnior.</p><p>Art. 2º Esta Portaria tem efeito a partir de 20 de outubro de 2025.</p><p class="assina">ALESSANDRA SANTOS DE ALMEIDA</p><p class="cargo">Conselheira-Presidenta</p>]]></Texto>
  </body>
  <Midias />
</article></xml>