﻿<xml><article id="46227070" name="ATO_1438" idOficio="11373759" pubName="DO2" artType="Ato" pubDate="03/11/2025" artClass="00070:00007:00001:00000:00000:00000:00000:00000:00000:00000:00001:00003" artCategory="Poder Judiciário/Tribunal Regional Federal da 1ª Região/Presidência" artSize="12" artNotes="" numberPage="126" pdfPage="http://pesquisa.in.gov.br/imprensa/jsp/visualiza/index.jsp?data=03/11/2025&amp;jornal=529&amp;pagina=126" editionNumber="209" highlightType="" highlightPriority="" highlight="" highlightimage="" highlightimagename="" idMateria="23265094">
  <body>
    <Identifica><![CDATA[ ATO Nº 1.438, DE 29 DE OUTUBRO DE 2025]]></Identifica>
    <Data><![CDATA[]]></Data>
    <Ementa />
    <Titulo />
    <SubTitulo />
    <Texto><![CDATA[<p class="identifica">ATO Nº 1.438, DE 29 DE OUTUBRO DE 2025</p><p>O PRESIDENTE DO TRIBUNAL REGIONAL FEDERAL DA 1ª REGIÃO, no uso de suas atribuições legais e regimentais e tendo em vista o constante nos autos do PAe 0035022-39.2025.4.01.8000, resolve:</p><p>NOMEAR, nos termos do art. 9º, II, da Lei 8112/1990, c/c o art. 1º da Lei 8.647/1993, ÉDILA ROSE MONTEIRO DE SOUZA para exercer o Cargo em Comissão, Código CJ-01, de Assessor Técnico I, da Assessoria da Sra. Desembargadora Federal Maria do Carmo Cardoso, em decorrência da exoneração de Gabriella Andressa Moreira Dias de Oliveira.</p><p class="assina">Des. JOÃO BATISTA MOREIRA</p>]]></Texto>
  </body>
  <Midias />
</article></xml>