﻿<xml><article id="46227166" name="PORTARIA N 1.714_23263339" idOficio="11372708" pubName="DO2" artType="Portaria" pubDate="03/11/2025" artClass="00066:00010:00001:00001:00000:00000:00000:00000:00000:00000:00017:00000" artCategory="Ministério Público da União/Ministério Público do Trabalho/Procuradoria-Geral/Gabinete do Procurador Geral" artSize="12" artNotes="" numberPage="119" pdfPage="http://pesquisa.in.gov.br/imprensa/jsp/visualiza/index.jsp?data=03/11/2025&amp;jornal=529&amp;pagina=119" editionNumber="209" highlightType="" highlightPriority="" highlight="" highlightimage="" highlightimagename="" idMateria="23263339">
  <body>
    <Identifica><![CDATA[ PORTARIA Nº 1.714, DE 28 DE OUTUBRO DE 2025]]></Identifica>
    <Data><![CDATA[]]></Data>
    <Ementa />
    <Titulo />
    <SubTitulo />
    <Texto><![CDATA[<p class="identifica">PORTARIA Nº 1.714, DE 28 DE OUTUBRO DE 2025</p><p>O PROCURADOR-GERAL DO TRABALHO no uso da atribuição prevista no inciso XXI do art. 91 da Lei Complementar nº 75, de 20 de maio de 1993, considerando os dados e informações constantes do PGEA/MPT nº 20.02.0600.0000374/2018-41, resolve:</p><p>Art. 1º Designar a servidora LUZIA BEZERRA SIMPLÍCIO DE CARVALHO, matrícula 6000760, para o encargo de substituta eventual do Chefe de Gabinete do Procurador-Chefe, código CC-2, da Procuradoria Regional do Trabalho da 6ª Região/PE, dispensando-a do encargo de substituta eventual do Chefe de Gabinete do Procurador-Chefe, código CC-1, da Procuradoria Regional do Trabalho da 6ª Região/PE.</p><p>Art. 2° Designar o servidor BRÁULIO JOSÉ PONTUAL CALIXTO, matrícula 6007692, para o encargo de substituto eventual do Chefe de Gabinete do Procurador-Chefe, código CC-2, da Procuradoria Regional do Trabalho da 6ª Região/PE, nos afastamentos e impedimentos legais e regulamentares do titular e do substituto, dispensando-a do encargo de substituto eventual do Chefe de Gabinete do Procurador-Chefe, código CC-1, da Procuradoria Regional do Trabalho da 6ª Região/PE, nos afastamentos e impedimentos legais e regulamentares do titular e do substituto.</p><p>Art. 3° Designar o servidor VLADIMIR GONÇALVES BAHÉ, matrícula 6005512-X, ocupante do cargo efetivo de Técnico do MPU/Administração, para o encargo de substituto eventual do Chefe da Divisão de Administração, código CC-2, da Procuradoria Regional do Trabalho da 6ª Região, dispensando-o do encargo de substituto eventual do Chefe da Divisão de Administração, código CC-1, da Procuradoria Regional do Trabalho da 6ª Região.</p><p>Art. 4° Designar o servidor FÁBIO TENÓRIO DE BRITO ARAÚJO, matrícula 6002415-1, ocupante do cargo efetivo de Técnico do MPU/Administração, para o encargo de substituto eventual do Chefe da Assessoria Técnica da Diretoria-Regional, código CC-1, da Procuradoria Regional do Trabalho da 6ª Região, dispensando-o do encargo de substituto eventual do Chefe da Assessoria Técnica da Diretoria-Regional, código CC-2, da Procuradoria Regional do Trabalho da 6ª Região.</p><p>Art. 6° Designar a servidora LUZIA BEZERRA SIMPLÍCIO DE CARVALHO, matrícula 6000760, para o encargo de substituta eventual do Chefe da Seção de Documentação e Gestão da Informação, código FC-2, da Procuradoria Regional do Trabalho da 6ª Região, dispensando-a encargo de substituta eventual do Chefe da Seção de Documentação e Gestão da Informação, código FC-3, da Procuradoria Regional do Trabalho da 6ª Região.</p><p>Art. 6° Dispensar a servidora DANIELA HEITOR DE MOURA, matrícula 6006144-8, ocupante do cargo de Técnico do MPU/Administração, do encargo de substituta eventual do Chefe da Seção de Formação e Capacitação, código FC-2, da Procuradoria Regional do Trabalho da 6ª Região.</p><p class="assina">GLÁUCIO ARAÚJO DE OLIVEIRA</p>]]></Texto>
  </body>
  <Midias />
</article></xml>