﻿<xml><article id="46227625" name="PORTARIA N 860_23271227" idOficio="11377022" pubName="DO2" artType="Portaria" pubDate="03/11/2025" artClass="00070:00004:00001:00002:00000:00000:00000:00000:00000:00000:00017:00000" artCategory="Poder Judiciário/Superior Tribunal de Justiça/Presidência/Secretaria" artSize="12" artNotes="" numberPage="124" pdfPage="http://pesquisa.in.gov.br/imprensa/jsp/visualiza/index.jsp?data=03/11/2025&amp;jornal=529&amp;pagina=124" editionNumber="209" highlightType="" highlightPriority="" highlight="" highlightimage="" highlightimagename="" idMateria="23271227">
  <body>
    <Identifica><![CDATA[ PORTARIA STJ/GDG Nº 860, DE 30 DE OUTUBRO DE 2025]]></Identifica>
    <Data><![CDATA[]]></Data>
    <Ementa />
    <Titulo />
    <SubTitulo />
    <Texto><![CDATA[<p class="identifica">PORTARIA STJ/GDG Nº 860, DE 30 DE OUTUBRO DE 2025</p><p>O DIRETOR-GERAL DA SECRETARIA DO SUPERIOR TRIBUNAL DE JUSTIÇA, com base no item 21.2.3, XI, b, do Anexo da Instrução Normativa STJ/GP n. 19 de 11 de junho de 2025 e no disposto no art. 35, I, da Lei n. 8.112, de 11 de dezembro de 1990, resolve:</p><p>Art. 1º Dispensar LEONARDO CALMON FERNANDES BORTOLINI, matrícula S048814, da função de confiança de Assistente IV, código FC-4, do Gabinete do Ministro Benedito Gonçalves.</p><p>Art. 2º Designar o servidor para a função de confiança de Assistente IV, código FC-4, do Gabinete do Ministro Teodoro Silva Santos, na vaga decorrente da dispensa de Edcarlo Ramos de Oliveira.</p><p>Art. 3º Esta portaria entra em vigor na data de sua publicação.</p><p class="assina">SERGIO JOSÉ AMERICO PEDREIRA</p>]]></Texto>
  </body>
  <Midias />
</article></xml>