﻿<xml><article id="46230153" name="2025-10-29/11373579/andrev_23264" idOficio="11373579" pubName="DO2" artType="Ato" pubDate="03/11/2025" artClass="00070:00005:00009:00000:00000:00000:00000:00000:00000:00000:00001:00001" artCategory="Poder Judiciário/Tribunal Superior do Trabalho/Secretaria" artSize="12" artNotes="" numberPage="124" pdfPage="http://pesquisa.in.gov.br/imprensa/jsp/visualiza/index.jsp?data=03/11/2025&amp;jornal=529&amp;pagina=124" editionNumber="209" highlightType="" highlightPriority="" highlight="" highlightimage="" highlightimagename="" idMateria="23264816">
  <body>
    <Identifica><![CDATA[ ATO Nº 653, DE 29 DE OUTUBRO DE 2025]]></Identifica>
    <Data><![CDATA[]]></Data>
    <Ementa />
    <Titulo />
    <SubTitulo />
    <Texto><![CDATA[<p class="identifica">ATO Nº 653, DE 29 DE OUTUBRO DE 2025</p><p>O DIRETOR-GERAL DA SECRETARIA SUBSTITUTO DO TRIBUNAL SUPERIOR DO TRABALHO, no uso de suas atribuições legais e regulamentares,</p><p>Considerando o constante da Proposta nº 3047 do Sistema de Gestão de Pessoas - Sigep TST, de 27/10/2025, resolve:</p><p>Dispensar, a pedido, o servidor MAXMILYAN DE ALMEIDA FREZ, código 67476, Analista Judiciário, Área Judiciária, da função comissionada de Assistente 3, Nível FC-3, do Gabinete do Ex.mo Sr. Ministro Cláudio Mascarenhas Brandão.</p><p class="assina">JOSE RAILTON SILVA REGO</p>]]></Texto>
  </body>
  <Midias />
</article></xml>