﻿<xml><article id="46227490" name="2025-10-08/11332532/andrev_23189" idOficio="11332532" pubName="DO2" artType="Ato" pubDate="03/11/2025" artClass="00070:00005:00009:00000:00000:00000:00000:00000:00000:00000:00001:00001" artCategory="Poder Judiciário/Tribunal Superior do Trabalho/Secretaria" artSize="12" artNotes="" numberPage="124" pdfPage="http://pesquisa.in.gov.br/imprensa/jsp/visualiza/index.jsp?data=03/11/2025&amp;jornal=529&amp;pagina=124" editionNumber="209" highlightType="" highlightPriority="" highlight="" highlightimage="" highlightimagename="" idMateria="23189531">
  <body>
    <Identifica><![CDATA[ ATO Nº 601, DE 7 DE OUTUBRO DE 2025]]></Identifica>
    <Data><![CDATA[]]></Data>
    <Ementa />
    <Titulo />
    <SubTitulo />
    <Texto><![CDATA[<p class="identifica">ATO Nº 601, DE 7 DE OUTUBRO DE 2025</p><p>O DIRETOR-GERAL DA SECRETARIA DO TRIBUNAL SUPERIOR DO TRABALHO, no uso de suas atribuições legais e regulamentares,</p><p>Considerando o constante da Proposta nº 2956 do Sistema de Gestão de Pessoas - Sigep TST, de 07/10/2025, resolve:</p><p>1 - Dispensar a servidora KATIA LARANJEIRA BRAGA DE ANDRADE, código 40730, Analista Judiciária, Área Judiciária, da função comissionada de Assistente 4, Nível FC-4, do Gabinete do Ex.mo Sr. Ministro Alexandre Luiz Ramos.</p><p>2 - Designar o servidor DANIEL DE ALMEIDA GOMES, código 70160, Analista Judiciário, Área Judiciária, para exercer a função comissionada de Assistente 3, Nível FC-3, do Gabinete do Ex.mo Sr. Ministro Alexandre Luiz Ramos.</p><p>3 - Designar a servidora RAFAELA DE ALMEIDA MENEZES, código 69096, Analista Judiciária, Área Judiciária, para exercer a função comissionada de Assistente 4, Nível FC-4, do Gabinete do Ex.mo Sr. Ministro Alexandre Luiz Ramos, ficando dispensada da função comissionada de Assistente 3, Nível FC-3, do referido Gabinete.</p><p class="assina">GUSTAVO CARIBÉ DE CARVALHO</p>]]></Texto>
  </body>
  <Midias />
</article></xml>