﻿<xml><article id="46227535" name="CP2_RTF_Portaria_7126" idOficio="11376062" pubName="DO2" artType="Portaria" pubDate="03/11/2025" artClass="00025:00052:00022:00000:00000:00000:00000:00000:00000:00000:00017:00000" artCategory="Ministério da Educação/Colégio Pedro II/Pró-Reitoria de Gestão de Pessoas" artSize="12" artNotes="" numberPage="49" pdfPage="http://pesquisa.in.gov.br/imprensa/jsp/visualiza/index.jsp?data=03/11/2025&amp;jornal=529&amp;pagina=49" editionNumber="209" highlightType="" highlightPriority="" highlight="" highlightimage="" highlightimagename="" idMateria="23269743">
  <body>
    <Identifica><![CDATA[ PORTARIA Nº 7.126/PROGESP/CPII, DE 30 DE OUTUBRO DE 2025]]></Identifica>
    <Data><![CDATA[]]></Data>
    <Ementa />
    <Titulo />
    <SubTitulo />
    <Texto><![CDATA[<p class="identifica">PORTARIA Nº 7.126/PROGESP/CPII, DE 30 DE OUTUBRO DE 2025</p><p>A PRÓ-REITORA DE GESTÃO DE PESSOAS DO COLÉGIO PEDRO II, no uso de suas atribuições previstas na Portaria de Delegação de Competência nº 5.524, de 29 de julho de 2025 da Magnífica Reitora, publicada no Diário Oficial da União em 31 de julho de 2025, seção 1, página 29 e o que consta no Processo nº 23040.007471/2025-34, resolve:</p><p>Conceder Aposentadoria Voluntária Especial sem paridade com proventos proporcionais à servidora MARIZA LEIRIA DIAS, ocupante do cargo de Professor de Ensino Básico Técnico e Tecnológico, SIAPE nº 1674803, Classe/Nível C004, Código de Vaga nº 0205070, nos termos do art. 15 da Lei nº 10.887/2004, e do art. 1º da Lei 10.887/2004.</p><p class="assina">VENEZA DA SILVA CRIZANTE</p>]]></Texto>
  </body>
  <Midias />
</article></xml>