﻿<xml><article id="46230354" name="Portaria 482 de 29.10.2025" idOficio="11375221" pubName="DO2" artType="Portaria" pubDate="03/11/2025" artClass="00070:00003:00005:00001:00000:00000:00000:00000:00000:00000:00017:00000" artCategory="Poder Judiciário/Tribunal Superior Eleitoral/Secretaria do Tribunal/Diretoria-Geral" artSize="12" artNotes="" numberPage="123" pdfPage="http://pesquisa.in.gov.br/imprensa/jsp/visualiza/index.jsp?data=03/11/2025&amp;jornal=529&amp;pagina=123" editionNumber="209" highlightType="" highlightPriority="" highlight="" highlightimage="" highlightimagename="" idMateria="23268401">
  <body>
    <Identifica><![CDATA[ PORTARIA Nº 482, DE 29 DE OUTUBRO DE 2025]]></Identifica>
    <Data><![CDATA[]]></Data>
    <Ementa />
    <Titulo />
    <SubTitulo />
    <Texto><![CDATA[<p class="identifica">PORTARIA Nº 482, DE 29 DE OUTUBRO DE 2025</p><p>O DIRETOR-GERAL DA SECRETARIA DO TRIBUNAL SUPERIOR ELEITORAL, com base no inciso XV do art. 116 do Regulamento Interno e no inciso II do art. 9º da Portaria TSE nº 173, de 23 de abril de 2025, resolve:</p><p>Art. 1º Dispensar, a partir de 29 de outubro de 2025, Leonice Vera Severo Fernandes, Analista Judiciária, Área Administrativa, Contabilidade, da Função Comissionada de Assistente VI, Nível FC-6, da Assessoria de Exame de Contas Eleitorais e Partidárias, do Tribunal Superior Eleitoral.</p><p>Art. 2º Esta portaria entra em vigor na data de sua publicação.</p><p class="assina">Miguel Ricardo de Oliveira Piazzi</p>]]></Texto>
  </body>
  <Midias />
</article></xml>