﻿<xml><article id="46225954" name="PORTARIA N 3.577_23271416" idOficio="11377123" pubName="DO2" artType="Portaria" pubDate="03/11/2025" artClass="00053:00002:00032:00000:00000:00000:00000:00000:00000:00000:00017:00000" artCategory="Controladoria-Geral da União/Secretaria Executiva/Diretoria de Gestão Corporativa" artSize="12" artNotes="" numberPage="117" pdfPage="http://pesquisa.in.gov.br/imprensa/jsp/visualiza/index.jsp?data=03/11/2025&amp;jornal=529&amp;pagina=117" editionNumber="209" highlightType="" highlightPriority="" highlight="" highlightimage="" highlightimagename="" idMateria="23271416">
  <body>
    <Identifica><![CDATA[ PORTARIA Nº 3.577, DE 30 DE OUTUBRO DE 2025]]></Identifica>
    <Data><![CDATA[]]></Data>
    <Ementa />
    <Titulo />
    <SubTitulo />
    <Texto><![CDATA[<p class="identifica">PORTARIA Nº 3.577, DE 30 DE OUTUBRO DE 2025</p><p>A DIRETORA DE GESTÃO CORPORATIVA DA CONTROLADORIA-GERAL DA UNIÃO no uso da competência que lhe foi subdelegada pelo inciso II, do art. 1º da Portaria nº 594, de 14 de fevereiro de 2023, e, tendo em vista o disposto no art. 33, inciso VIII da Lei nº 8.112, de 11 de dezembro de 1990, considerando o contido no Processo nº 00190.110819/2025-51, resolve:</p><p>Art. 1º Declarar vago o cargo de Auditor Federal de Finanças e Controle ocupado pela servidora FERNANDA ROCHA DE MORAES, matrícula SIAPE nº 1943502, classe C, padrão II, com fundamento no artigo 33, inciso VIII, da Lei nº 8.112, de 11 de dezembro de 1990, por motivo de posse em outro cargo inacumulável, a contar de 15 de outubro de 2025.</p><p>Art. 2º Esta Portaria entra em vigor na data de sua publicação.</p><p class="assina">BIANCA CRISTINA LESSA ENDERS</p>]]></Texto>
  </body>
  <Midias />
</article></xml>