﻿<xml><article id="46227352" name="trt9a231-2025-PRT COINF 235" idOficio="11350460" pubName="DO2" artType="Portaria" pubDate="03/11/2025" artClass="00070:00050:00001:00001:00017:00000:00000:00000:00000:00000:00017:00000" artCategory="Poder Judiciário/Tribunal Regional do Trabalho da 9ª Região/Tribunal Pleno/Presidência/Coordenadoria de Informações Funcionais" artSize="12" artNotes="" numberPage="132" pdfPage="http://pesquisa.in.gov.br/imprensa/jsp/visualiza/index.jsp?data=03/11/2025&amp;jornal=529&amp;pagina=132" editionNumber="209" highlightType="" highlightPriority="" highlight="" highlightimage="" highlightimagename="" idMateria="23220794">
  <body>
    <Identifica><![CDATA[ PORTARIA COINF Nº 235, DE 16 DE OUTUBRO DE 2025]]></Identifica>
    <Data><![CDATA[]]></Data>
    <Ementa />
    <Titulo />
    <SubTitulo />
    <Texto><![CDATA[<p class="identifica">PORTARIA COINF Nº 235, DE 16 DE OUTUBRO DE 2025</p><p>A COORDENADORA DE INFORMAÇÕES FUNCIONAIS DO TRIBUNAL REGIONAL DO TRABALHO DA 9ª REGIÃO, usando de suas atribuições legais, e diante da delegação de competência decorrente do art. 4º, III e IV, da Portaria Presidência nº 22/2022, resolve:</p><p>I - designar LETÍCIA FOLTRAN MIRANDA, Técnico Judiciário Área Administrativa, classe C, padrão 13, para EXERCER o Cargo em Comissão de Assessor II (c-10896), código TRT 9ª CJ-2, do Gabinete De Desembargador 20, a partir da data de publicação, dispensando-a da Função Comissionada de Assistente De Gabinete VI (c-11289), código TRT 9ª FC-6, desta unidade, a partir da mesma data (Documento Eletrônico nº 13/2025);</p><p>II - dispensar CAMILA DA COSTA VENTURIM, Técnico Judiciário Área Administrativa, classe A, padrão 3, do Cargo em Comissão de Assessor II (c-10896), código TRT 9ª CJ-2, Gabinete De Desembargador 20, a partir da data de publicação (Documento Eletrônico nº 13/2025).</p><p class="assina">ROSSANA SANTOS CARVALHO</p>]]></Texto>
  </body>
  <Midias />
</article></xml>