﻿<xml><article id="46227679" name="Portaria 483 de 29.10.2025" idOficio="11375012" pubName="DO2" artType="Portaria" pubDate="03/11/2025" artClass="00070:00003:00005:00001:00000:00000:00000:00000:00000:00000:00017:00000" artCategory="Poder Judiciário/Tribunal Superior Eleitoral/Secretaria do Tribunal/Diretoria-Geral" artSize="12" artNotes="" numberPage="123" pdfPage="http://pesquisa.in.gov.br/imprensa/jsp/visualiza/index.jsp?data=03/11/2025&amp;jornal=529&amp;pagina=123" editionNumber="209" highlightType="" highlightPriority="" highlight="" highlightimage="" highlightimagename="" idMateria="23268118">
  <body>
    <Identifica><![CDATA[ PORTARIA Nº 483, DE 29 DE OUTUBRO DE 2025]]></Identifica>
    <Data><![CDATA[]]></Data>
    <Ementa />
    <Titulo />
    <SubTitulo />
    <Texto><![CDATA[<p class="identifica">PORTARIA Nº 483, DE 29 DE OUTUBRO DE 2025</p><p>O DIRETOR-GERAL DA SECRETARIA DO TRIBUNAL SUPERIOR ELEITORAL, com base no inciso XV do art. 116 do Regulamento Interno e no inciso II do art. 9º da Portaria TSE nº 173, de 23 de abril de 2025, resolve:</p><p>Art. 1º Fica dispensada Rosângela Rosa dos Santos, Técnica Judiciária, Área Administrativa, da Função Comissionada de Assistente I, Nível FC-1, da Secretaria de Planejamento, Orçamento, Finanças e Contabilidade, da Secretaria do Tribunal.</p><p>Art. 2º Fica designada Gildene Pequeno Evangelista, Analista Judiciária, Área Judiciária, para exercer a Função Comissionada de Assistente I, Nível FC-1, da Secretaria de Planejamento, Orçamento, Finanças e Contabilidade, da Secretaria do Tribunal.</p><p>Art. 3º Esta portaria entra em vigor na data de sua publicação.</p><p class="assina">Miguel Ricardo de Oliveira Piazzi</p>]]></Texto>
  </body>
  <Midias />
</article></xml>