﻿<xml><article id="46226203" name="5037 - Dispensa e aposentadoria " idOficio="11372101" pubName="DO2" artType="Ato" pubDate="03/11/2025" artClass="00070:00006:00000:00000:00000:00000:00000:00000:00000:00000:00001:00005" artCategory="Poder Judiciário/Superior Tribunal Militar" artSize="12" artNotes="" numberPage="125" pdfPage="http://pesquisa.in.gov.br/imprensa/jsp/visualiza/index.jsp?data=03/11/2025&amp;jornal=529&amp;pagina=125" editionNumber="209" highlightType="" highlightPriority="" highlight="" highlightimage="" highlightimagename="" idMateria="23262327">
  <body>
    <Identifica><![CDATA[ ATO Nº 5.037, DE 23 DE OUTUBRO DE 2025]]></Identifica>
    <Data><![CDATA[]]></Data>
    <Ementa />
    <Titulo />
    <SubTitulo />
    <Texto><![CDATA[<p class="identifica">ATO Nº 5.037, DE 23 DE OUTUBRO DE 2025</p><p>A MINISTRA-PRESIDENTE DO SUPERIOR TRIBUNAL MILITAR, usando das atribuições conferidas pelo inciso XXV do artigo 6º do Regimento Interno, bem como a concessão de aposentadoria ao servidor Gilberto Moura de Castro, conforme Ato nº 5006 (4547192), contido nos autos do Processo nº 027930/24-00.212, do Sistema Eletrônico de Informações e, considerando o disposto nos incisos I e II do artigo 71 da Lei nº 8.457/1992, alterada pela Lei nº 13.774/2018, resolve:</p><p>DISPENSAR, a partir da concessão da aposentadoria, o Técnico Judiciário, área Administrativa, do Quadro Permanente da Secretaria do Superior Tribunal Militar, GILBERTO MOURA DE CASTRO, matrícula 7513, da função comissionada de ASSISTENTE III, código STM-FC-03, da Seção de Transporte, da Coordenadoria de Patrimônio, Material e Serviços de Apoio, da Diretoria de Administração.</p><p class="assina">MARIA ELIZABETH ROCHA</p>]]></Texto>
  </body>
  <Midias />
</article></xml>