﻿<xml><article id="46227907" name="MICHELI - Redistribuicao" idOficio="11375327" pubName="DO2" artType="Portaria" pubDate="03/11/2025" artClass="00070:00066:00001:00003:00000:00000:00000:00000:00000:00000:00017:00000" artCategory="Poder Judiciário/Tribunal Regional do Trabalho da 24ª Região/Presidência/Diretoria-Geral" artSize="12" artNotes="" numberPage="134" pdfPage="http://pesquisa.in.gov.br/imprensa/jsp/visualiza/index.jsp?data=03/11/2025&amp;jornal=529&amp;pagina=134" editionNumber="209" highlightType="" highlightPriority="" highlight="" highlightimage="" highlightimagename="" idMateria="23268520">
  <body>
    <Identifica><![CDATA[ PORTARIA TRT/GP/DG Nº 189, DE 29 DE OUTUBRO DE 2025]]></Identifica>
    <Data><![CDATA[]]></Data>
    <Ementa />
    <Titulo />
    <SubTitulo />
    <Texto><![CDATA[<p class="identifica">PORTARIA TRT/GP/DG Nº 189, DE 29 DE OUTUBRO DE 2025</p><p>O VICE-PRESIDENTE NO EXERCÍCIO DA PRESIDÊNCIA DO TRIBUNAL REGIONAL DO TRABALHO DA 24ª REGIÃO, no uso de suas atribuições legais e regimentais, CONSIDERANDO a Resolução nº 146, de 6 de março de 2012, do Conselho Nacional de Justiça; CONSIDERANDO a instrução realizada no PA nº 2011/2025; resolve:</p><p>REDISTRIBUIR, a partir de 3.11.2025, o cargo de Analista Judiciário, Área Judiciária, sem Especialidade, do Quadro de Pessoal do Tribunal Regional do Trabalho da 24ª Região, criado pela Lei nº 8.431, de 9 de junho de 1992, ocupado pela servidora Micheli Rodolfo de Lima, para o Quadro de Pessoal do Tribunal Regional Trabalho da 9ª Região, em reciprocidade com o cargo de Analista Judiciário, Área Judiciária, sem Especialidade, ocupado pelo servidor Miro Guimarães Darós.</p><p class="assina">César Palumbo Fernandes</p>]]></Texto>
  </body>
  <Midias />
</article></xml>