﻿<xml><article id="46227280" name="ATO PRES-TRF2 NA 833" idOficio="11376293" pubName="DO2" artType="Ato" pubDate="03/11/2025" artClass="00070:00008:00001:00000:00000:00000:00000:00000:00000:00000:00001:00000" artCategory="Poder Judiciário/Tribunal Regional Federal da 2ª Região/Presidência" artSize="12" artNotes="" numberPage="126" pdfPage="http://pesquisa.in.gov.br/imprensa/jsp/visualiza/index.jsp?data=03/11/2025&amp;jornal=529&amp;pagina=126" editionNumber="209" highlightType="" highlightPriority="" highlight="" highlightimage="" highlightimagename="" idMateria="23270152">
  <body>
    <Identifica><![CDATA[ Ato PRES/TRF2 Nº 833, DE 28 DE outubro DE 2025]]></Identifica>
    <Data><![CDATA[]]></Data>
    <Ementa />
    <Titulo />
    <SubTitulo />
    <Texto><![CDATA[<p class="identifica">Ato PRES/TRF2 Nº 833, DE 28 DE outubro DE 2025</p><p>O PRESIDENTE DO TRIBUNAL REGIONAL FEDERAL DA 2ª REGIÃO, no uso de suas atribuições legais e regimentais, considerando o que consta no Processo SEI nº 0021370-25.2025.4.02.8000, resolve:</p><p>I - EXONERAR a servidora ALINE ALBUQUERQUE DE ARAUJO, Técnica Judiciária, Área Administrativa, Classe "C", Padrão 13, do Quadro de Pessoal da Justiça Federal de Primeiro Grau - Seção Judiciária do Rio de Janeiro, ora removida para este Tribunal, do cargo em comissão de Assessora Judiciária, CJ-2, do Gabinete do Exmo. Desembargador Federal Mauro Souza Marques da Costa Braga;</p><p>II - EXONERAR a servidora ADRIANA ARAUJO DE CASTRO CARVALHO, Técnica Judiciária, Área Administrativa, Classe "C", Padrão 13, do Quadro de Pessoal da Justiça Federal de Primeiro Grau - Seção Judiciária do Rio de Janeiro, ora à disposição deste Tribunal, do cargo em comissão de Assessora de Gestão de Metas, CJ-1, do Gabinete do Exmo. Desembargador Federal Mauro Souza Marques da Costa Braga, e NOMEÁ-LA para o cargo em comissão de Assessora Judiciária, CJ-2, do referido Gabinete, em vaga decorrente da exoneração de Aline Albuquerque de Araujo;</p><p>III - NOMEAR a servidora THAÍS PEREIRA VIANA, Técnica Judiciária, Área Administrativa, Classe "A", Padrão 4, do Quadro de Pessoal deste Tribunal, para o cargo em comissão de Assessora de Gestão de Metas, CJ-1, do Gabinete do Exmo. Desembargador Federal Mauro Souza Marques da Costa Braga, em vaga decorrente da exoneração de Adriana Araujo de Castro Carvalho.</p><p class="assina">LUIZ PAULO DA SILVA ARAÚJO FILHO</p>]]></Texto>
  </body>
  <Midias />
</article></xml>