﻿<xml><article id="46227916" name="ATO Portaria GDG NA 219" idOficio="11376760" pubName="DO2" artType="Portaria" pubDate="03/11/2025" artClass="00070:00001:00008:00001:00000:00000:00000:00000:00000:00000:00017:00000" artCategory="Poder Judiciário/Supremo Tribunal Federal/Secretaria do Tribunal/Gabinete" artSize="12" artNotes="" numberPage="122" pdfPage="http://pesquisa.in.gov.br/imprensa/jsp/visualiza/index.jsp?data=03/11/2025&amp;jornal=529&amp;pagina=122" editionNumber="209" highlightType="" highlightPriority="" highlight="" highlightimage="" highlightimagename="" idMateria="23270837">
  <body>
    <Identifica><![CDATA[ Portaria GDG Nº 219, DE 30 DE outubro DE 2025]]></Identifica>
    <Data><![CDATA[]]></Data>
    <Ementa />
    <Titulo />
    <SubTitulo />
    <Texto><![CDATA[<p class="identifica">Portaria GDG Nº 219, DE 30 DE outubro DE 2025</p><p>A DIRETORA-GERAL DA SECRETARIA DO SUPREMO TRIBUNAL FEDERAL, no uso das atribuições conferidas pelo Regulamento da Secretaria do Supremo Tribunal Federal e tendo em vista os arts. 9º, II, e 35, II, da Lei n° 8.112, de 11 de dezembro de 1990, resolve:</p><p>I - Dispensar, a pedido, JAQUELINE GEBRIM E SILVA, Técnico Judiciário, área Administrativa, da função comissionada de Gerente VI, nível FC-6, da Gerência da Folha de Pagamento de Cedidos; e</p><p>II - Designar LUCIANA CABRAL MELO FRANÇA, Técnico Judiciário, área Administrativa, para exercer a função comissionada de Gerente VI, nível FC-6, VI, nível FC-6, na Gerência da Folha de Pagamento de Cedidos, ficando dispensada da que atualmente ocupa.</p><p class="assina">DESDÊMONA TENÓRIO DE BRITO TOLEDO ARRUDA</p>]]></Texto>
  </body>
  <Midias />
</article></xml>