﻿<xml><article id="46226998" name="PORTARIA N 264_23269733" idOficio="11376032" pubName="DO2" artType="Portaria" pubDate="03/11/2025" artClass="00070:00002:00005:00000:00000:00000:00000:00000:00000:00000:00017:00000" artCategory="Poder Judiciário/Conselho Nacional de Justiça/Diretoria-Geral" artSize="12" artNotes="" numberPage="122" pdfPage="http://pesquisa.in.gov.br/imprensa/jsp/visualiza/index.jsp?data=03/11/2025&amp;jornal=529&amp;pagina=122" editionNumber="209" highlightType="" highlightPriority="" highlight="" highlightimage="" highlightimagename="" idMateria="23269733">
  <body>
    <Identifica><![CDATA[ PORTARIA DG Nº 264, DE 28 DE OUTUBRO DE 2025]]></Identifica>
    <Data><![CDATA[]]></Data>
    <Ementa />
    <Titulo />
    <SubTitulo />
    <Texto><![CDATA[<p class="identifica">PORTARIA DG Nº 264, DE 28 DE OUTUBRO DE 2025</p><p>O DIRETOR-GERAL DO CONSELHO NACIONAL DE JUSTIÇA, nos termos do inciso II do art. 9º, do inciso I do art. 35 da Lei nº 8.112/1990, e da alínea "d" do inciso XI do art. 3º da Portaria CNJ nº 112/2010, e considerando o disposto no Processo SEI nº 16422/2025, resolve:</p><p>Nomear:</p><p>I - Yuri Nunes Rangel Costa, Analista Judiciário, Área Judiciária, do quadro de pessoal deste Conselho, para ocupar o cargo em comissão de Chefe da Assessoria de Assuntos Jurídicos do Gabinete do Conselheiro Guilherme Augusto Caputo Bastos, nível CJ-2, ficando exonerado do cargo em comissão de Assessor II do mesmo Gabinete, nível CJ-2;</p><p>II - Renata Aguiar Ferreira Monfardini, Analista Judiciária, Área Administrativa, do quadro de pessoal deste Conselho, para ocupar o cargo em comissão de Chefe da Assessoria de Assuntos Jurídicos do Gabinete do Conselheiro José Edivaldo Rocha Rotondano, nível CJ-2, ficando exonerada do cargo em comissão de Assessora II do mesmo Gabinete, nível CJ-2;</p><p>III - Andrey de Alcântara Góes, Analista Judiciário, Área Judiciária, do quadro de pessoal deste Conselho, para ocupar o cargo em comissão de Chefe da Assessoria de Assuntos Jurídicos do Gabinete da Conselheira Renata Gil de Alcântara Videira, nível CJ-2, ficando exonerado do cargo em comissão de Assessor II do mesmo Gabinete, nível CJ-2;</p><p>IV - Alexandre Silva Leles, Analista Judiciário, Área Administrativa, do quadro de pessoal deste Conselho, para ocupar o cargo em comissão de Chefe da Assessoria de Assuntos Jurídicos do Gabinete da Conselheira Mônica Autran Machado Nobre, nível CJ-2, ficando exonerado do cargo em comissão de Assessor II do mesmo Gabinete, nível CJ-2;</p><p>V - Marta Maria Ferreira Azevedo, Analista Judiciária, Área Judiciária, do quadro de pessoal deste Conselho, para ocupar o cargo em comissão de Chefe da Assessoria de Assuntos Jurídicos do Gabinete da Conselheira Daniela Pereira Madeira, nível CJ-2, ficando exonerada do cargo em comissão de Assessora II do mesmo Gabinete, nível CJ-2;</p><p>VI - Cássia Cascão de Almeida, Analista Judiciária, Área Judiciária, do quadro de pessoal do Superior Tribunal de Justiça, para ocupar o cargo em comissão de Chefe da Assessoria de Assuntos Jurídicos do Gabinete do Conselheiro Alexandre Teixeira de Freitas Bastos Cunha, nível CJ-2, ficando exonerada do cargo em comissão de Assessora II do mesmo Gabinete, nível CJ-2;</p><p>VII - Aline Luiz dos Santos Carvalho, Analista Judiciária, Área Judiciária, do quadro de pessoal deste Conselho, para ocupar o cargo em comissão de Chefe da Assessoria de Assuntos Jurídicos do Gabinete do Conselheiro Guilherme Guimarães Feliciano, nível CJ-2, ficando exonerada do cargo em comissão de Assessora II do mesmo Gabinete, nível CJ-2;</p><p>VIII - Diego Luiz Quintana do Nascimento, Analista Judiciário, Área Judiciária, do quadro de pessoal do Tribunal Regional Federal da 2ª Região, para ocupar o cargo em comissão de Chefe da Assessoria de Assuntos Jurídicos do Gabinete de Conselheiro, vaga MPU, nívelCJ-2, ficando exonerado do cargo em comissão de Assessor II do mesmo Gabinete, nível CJ-2;</p><p>IX - Cássia Campos Almeida, para ocupar o cargo em comissão de Chefe da Assessoria de Assuntos Jurídicos do Gabinete do Conselheiro João Paulo Santos Schoucair, nível CJ-2, ficando exonerada do cargo em comissão de Assessora II do mesmo Gabinete, nível CJ-2;</p><p>X - Carolina de Melo Nogueira Vogel, Analista Judiciária, Área Judiciária, do quadro de pessoal deste Conselho, para ocupar o cargo em comissão de Chefe da Assessoria de Assuntos Jurídicos do Gabinete do Conselheiro Marcello Terto e Silva, nível CJ-2, ficando exonerada do cargo em comissão de Assessora II do mesmo Gabinete, nível CJ-2;</p><p>XI - Andrea Sobral de Barros, Analista Judiciária, Área Judiciária, do quadro de pessoal deste Conselho, para ocupar o cargo em comissão de Chefe da Assessoria de Assuntos Jurídicos do Gabinete do Conselheiro Ulisses Rabaneda dos Santos, nível CJ-2, ficando exonerada do cargo em comissão de Assessora II do mesmo Gabinete, nível CJ-2;</p><p>XII - Marcelo Macedo Marra, Analista Judiciário, Área Judiciária, do quadro de pessoal deste Conselho, para ocupar o cargo em comissão de Chefe da Assessoria de Assuntos Jurídicos do Gabinete da Conselheira Daiane Nogueira de Lira, nível CJ-2, ficando exonerado do cargo em comissão de Assessor II do mesmo Gabinete, nível CJ-2;</p><p>XIII - Juliana Silva Menino Alencastro Veiga, Gestora em Políticas Públicas e Gestão Educacional - Direito e Legislação, do quadro de pessoal da Secretaria de Estado de Educação do Distrito Federal, para ocupar o cargo em comissão de Chefe da Assessoria de Assuntos Jurídicos do Gabinete do Conselheiro Rodrigo Badaró Almeida de Castro, nível CJ-2, ficando exonerada do cargo em comissão de Assessora II do mesmo Gabinete, nível CJ-2.</p><p class="assina">Bruno César de Oliveira Lopes</p>]]></Texto>
  </body>
  <Midias />
</article></xml>