﻿<xml><article id="46227799" name="PORTARIA N 726_23227277" idOficio="11354636" pubName="DO2" artType="Portaria" pubDate="03/11/2025" artClass="00070:00060:00001:00000:00000:00000:00000:00000:00000:00000:00017:00000" artCategory="Poder Judiciário/Tribunal Regional do Trabalho da 19ª Região/Presidência" artSize="12" artNotes="" numberPage="134" pdfPage="http://pesquisa.in.gov.br/imprensa/jsp/visualiza/index.jsp?data=03/11/2025&amp;jornal=529&amp;pagina=134" editionNumber="209" highlightType="" highlightPriority="" highlight="" highlightimage="" highlightimagename="" idMateria="23227277">
  <body>
    <Identifica><![CDATA[ PORTARIA GP/TRT 19ª Nº 726, DE 20 DE OUTUBRO DE 2025]]></Identifica>
    <Data><![CDATA[]]></Data>
    <Ementa />
    <Titulo />
    <SubTitulo />
    <Texto><![CDATA[<p class="identifica">PORTARIA GP/TRT 19ª Nº 726, DE 20 DE OUTUBRO DE 2025</p><p>O DESEMBARGADOR-PRESIDENTE DO TRIBUNAL REGIONAL DO TRABALHO DA DÉCIMA NONA REGIÃO, usando de suas atribuições legais e regimentais estabelecidas no inciso VII do artigo 24 do Regimento Interno, tendo em vista o contido no PROAD n.º 5.945 de 17/10/2025, resolve:</p><p>Art. 1º Dispensar o servidor Marcos Antônio Xavier dos Santos, Técnico Judiciário, da função comissionada de Oficial Especializado, de nível FC-3, da Vara do Trabalho de Penedo/AL.</p><p>Art. 2º Designar o servidor Aloísio Plácido Lima Leite, Técnico Judiciário, para exercer a função comissionada de Oficial Especializado, de nível FC-3, da Vara do Trabalho de Penedo/AL.</p><p>Art. 3º Os efeitos da presente Portaria vigoram a partir da data de publicação.</p><p class="assina">JASIEL IVO</p>]]></Texto>
  </body>
  <Midias />
</article></xml>