﻿<xml><article id="46227547" name="PORTARIA N 163_23270470" idOficio="11376510" pubName="DO2" artType="Portaria" pubDate="03/11/2025" artClass="00070:00002:00005:00004:00000:00000:00000:00000:00000:00000:00017:00000" artCategory="Poder Judiciário/Conselho Nacional de Justiça/Diretoria-Geral/Secretaria de Gestão de Pessoas" artSize="12" artNotes="" numberPage="122" pdfPage="http://pesquisa.in.gov.br/imprensa/jsp/visualiza/index.jsp?data=03/11/2025&amp;jornal=529&amp;pagina=122" editionNumber="209" highlightType="" highlightPriority="" highlight="" highlightimage="" highlightimagename="" idMateria="23270470">
  <body>
    <Identifica><![CDATA[ PORTARIA SGP Nº 163, DE 6 DE OUTUBRO DE 2025]]></Identifica>
    <Data><![CDATA[]]></Data>
    <Ementa />
    <Titulo />
    <SubTitulo />
    <Texto><![CDATA[<p class="identifica">PORTARIA SGP Nº 163, DE 6 DE OUTUBRO DE 2025</p><p>A SECRETÁRIA DE GESTÃO DE PESSOAS DO CONSELHO NACIONAL DE JUSTIÇA, nos termos do caput do art. 38 da Lei nº 8.112/90 e do inciso V do art. 1º da Portaria DG nº 107/2024, e considerando o contido no Processo SEI/CNJ nº 16522/2025, resolve:</p><p>Designar JAIRO SIMÃO SANTANA MELO, Analista Judiciário, Especialidade Análise de Sistemas, do quadro de pessoal do Tribunal Regional Eleitoral do Estado de São Paulo, como substituto do Diretor Técnico do Departamento de Tecnologia da Informação e Comunicação, nível CJ-3, no período de 09 a 26/10/2025.</p><p class="assina">Luciana Cristina Gomes Coêlho Matias</p>]]></Texto>
  </body>
  <Midias />
</article></xml>