﻿<xml><article id="46227913" name="5040 - Dispensa e Designacao- As" idOficio="11376490" pubName="DO2" artType="Ato" pubDate="03/11/2025" artClass="00070:00006:00000:00000:00000:00000:00000:00000:00000:00000:00001:00006" artCategory="Poder Judiciário/Superior Tribunal Militar" artSize="12" artNotes="" numberPage="125" pdfPage="http://pesquisa.in.gov.br/imprensa/jsp/visualiza/index.jsp?data=03/11/2025&amp;jornal=529&amp;pagina=125" editionNumber="209" highlightType="" highlightPriority="" highlight="" highlightimage="" highlightimagename="" idMateria="23270406">
  <body>
    <Identifica><![CDATA[ ATO Nº 5.040, DE 30 DE OUTUBRO DE 2025]]></Identifica>
    <Data><![CDATA[]]></Data>
    <Ementa />
    <Titulo />
    <SubTitulo />
    <Texto><![CDATA[<p class="identifica">ATO Nº 5.040, DE 30 DE OUTUBRO DE 2025</p><p>A MINISTRA-PRESIDENTE DO SUPERIOR TRIBUNAL MILITAR, usando das atribuições conferidas pelo inciso XXV do artigo 6º do Regimento Interno, e considerando o Memorando 4597392, contido nos autos do Processo nº 024348/25-00.391 do Sistema Eletrônico de Informações, resolve:</p><p>Art. 1º DISPENSAR o militar ROBSON RAMOS DE AZEVEDO, matrícula 7239, da função comissionada de ASSISTENTE VI, código STM-FC-06, do Gabinete da Exma. Sra. Ministra Dra. VERÔNICA ABDALLA STERMAN.</p><p>Art. 2º DESIGNAR o militar NELSIMAR VELOSO DA COSTA, matrícula 8597, para exercer, em vaga decorrente da dispensa de ROBSON RAMOS DE AZEVEDO, a função comissionada de ASSISTENTE VI, código STM-FC-06, do Gabinete da Exma. Sra. Ministra Dra. VERÔNICA ABDALLA STERMAN. Em consequência, fica dispensado da função comissionada de OFICIAL DE GABINETE DE MINISTRO, código STM-FC-06, do referido Gabinete.</p><p>Art. 3º DESIGNAR a militar ALESSANDRA DE ALMEIDA CORDEIRO AMORIM, matrícula 2140, para exercer, em vaga decorrente da dispensa de NELSIMAR VELOSO DA COSTA, a função comissionada de OFICIAL DE GABINETE DE MINISTRO, código STM-FC-06, do Gabinete da Exma. Sra. Ministra Dra. VERÔNICA ABDALLA STERMAN.</p><p class="assina">MARIA ELIZABETH ROCHA</p>]]></Texto>
  </body>
  <Midias />
</article></xml>