﻿<xml><article id="46226956" name="MODELO_dispensas_designacoes_nom" idOficio="11375406" pubName="DO2" artType="Portaria" pubDate="03/11/2025" artClass="00070:00058:00000:00000:00000:00000:00000:00000:00000:00000:00017:00000" artCategory="Poder Judiciário/Tribunal Regional do Trabalho da 17ª Região" artSize="12" artNotes="" numberPage="134" pdfPage="http://pesquisa.in.gov.br/imprensa/jsp/visualiza/index.jsp?data=03/11/2025&amp;jornal=529&amp;pagina=134" editionNumber="209" highlightType="" highlightPriority="" highlight="" highlightimage="" highlightimagename="" idMateria="23268595">
  <body>
    <Identifica><![CDATA[ PORTARIA Nº 412, DE 30 DE OUTUBRO DE 2025]]></Identifica>
    <Data><![CDATA[]]></Data>
    <Ementa />
    <Titulo />
    <SubTitulo />
    <Texto><![CDATA[<p class="identifica">PORTARIA Nº 412, DE 30 DE OUTUBRO DE 2025</p><p>A DESEMBARGADORA-PRESIDENTE DO TRIBUNAL REGIONAL DO TRABALHO DA DÉCIMA SÉTIMA REGIÃO, no uso de suas atribuições legais e regimentais, resolve:</p><p>DESIGNAR Amanda Beck Ramos, Técnica Judiciária, área Administrativa, para exercer a função comissionada de Assistente de Gabinete - FC-05 do (a) Gabinete da Desembargadora Claudia Cardoso de Souza - GDCCS.</p><p class="assina">Alzenir Bollesi de Plá Loeffler</p>]]></Texto>
  </body>
  <Midias />
</article></xml>