﻿<xml><article id="46230240" name="DOU de 03.11.25. 5034 - dispensa" idOficio="11372019" pubName="DO2" artType="Ato" pubDate="03/11/2025" artClass="00070:00006:00000:00000:00000:00000:00000:00000:00000:00000:00001:00004" artCategory="Poder Judiciário/Superior Tribunal Militar" artSize="12" artNotes="" numberPage="125" pdfPage="http://pesquisa.in.gov.br/imprensa/jsp/visualiza/index.jsp?data=03/11/2025&amp;jornal=529&amp;pagina=125" editionNumber="209" highlightType="" highlightPriority="" highlight="" highlightimage="" highlightimagename="" idMateria="23262257">
  <body>
    <Identifica><![CDATA[ ATO Nº 5.034, DE 20 DE OUTUBRO DE 2025]]></Identifica>
    <Data><![CDATA[]]></Data>
    <Ementa />
    <Titulo />
    <SubTitulo />
    <Texto><![CDATA[<p class="identifica">ATO Nº 5.034, DE 20 DE OUTUBRO DE 2025</p><p>A MINISTRA-PRESIDENTE DO SUPERIOR TRIBUNAL MILITAR, usando das atribuições conferidas pelo inciso XXV do artigo 6º do Regimento Interno, bem como a concessão de aposentadoria ao servidor José Luiz Falcão, conforme Ato nº 5001 (4540734), contido nos autos do Processo nº 020924/25-00.189, do Sistema Eletrônico de Informações e, considerando o disposto nos incisos I e II do artigo 71 da Lei nº 8.457/1992, alterada pela Lei nº 13.774/2018, resolve:</p><p>DISPENSAR, a partir de 3 de novembro de 2025, o Técnico Judiciário, área Administrativa, do Quadro Permanente da Secretaria do Superior Tribunal Militar, JOSE LUIZ FALCAO, matrícula 730, da função comissionada de CHEFE DE SEÇÃO, código STM-FC-06, da Seção de Pagamento de Servidores Inativos e Pensionistas, da Coordenadoria de Pagamento de Pessoal, da Diretoria de Gestão de Pessoas.</p><p class="assina">MARIA ELIZABETH ROCHA</p>]]></Texto>
  </body>
  <Midias />
</article></xml>