﻿<xml><article id="46227133" name="DA SUBSTITUICAO-DOU-PRT7 197" idOficio="11375340" pubName="DO2" artType="Portaria" pubDate="03/11/2025" artClass="00066:00010:00008:00000:00000:00000:00000:00000:00000:00000:00017:00000" artCategory="Ministério Público da União/Ministério Público do Trabalho/Procuradoria Regional do Trabalho da 7ª Região" artSize="12" artNotes="" numberPage="120" pdfPage="http://pesquisa.in.gov.br/imprensa/jsp/visualiza/index.jsp?data=03/11/2025&amp;jornal=529&amp;pagina=120" editionNumber="209" highlightType="" highlightPriority="" highlight="" highlightimage="" highlightimagename="" idMateria="23268555">
  <body>
    <Identifica><![CDATA[ PORTARIA Nº 209, DE 16 DE OUTUBRO DE 2025]]></Identifica>
    <Data><![CDATA[]]></Data>
    <Ementa />
    <Titulo />
    <SubTitulo />
    <Texto><![CDATA[<p class="identifica">PORTARIA Nº 209, DE 16 DE OUTUBRO DE 2025</p><p>A PROCURADORA-CHEFE DA PROCURADORIA REGIONAL DO TRABALHO DA 7ª REGIÃO, no uso de atribuições legais que lhe foram conferidas pela Portaria PGT nº 1728, de 2 de outubro de 2017,e nos termos do inciso II do artigo 92 da Lei Complementar nº 75, de 20 de maio de 1993, resolve:</p><p>Art. Alterar, parcialmente, o texto contido no art. 1° da Portaria n° 197, de 16 de outubro de 2025, publicada no DOU n° 201, Seção 2, de 21/10/2025, da seguinte forma:</p><p>Onde se lê: " Art. 1° Dispensar o servidor Miguel Júlio Paz Filho..."</p><p>Leia-se: " Art. 1° Dispensar, a contar de 13/10/2025, o servidor Miguel Júlio Paz Filho..."</p><p>Art. 2° Esta Portaria entra em vigor na presente data</p><p class="assina">ANA VALÉRIA TARGINO DE VASCONCELOS</p>]]></Texto>
  </body>
  <Midias />
</article></xml>