﻿<xml><article id="46227604" name="PORTARIA GPR 622" idOficio="11375205" pubName="DO2" artType="Portaria" pubDate="03/11/2025" artClass="00070:00041:00002:00000:00000:00000:00000:00000:00000:00000:00017:00002" artCategory="Poder Judiciário/Tribunal de Justiça do Distrito Federal e dos Territórios/Presidência" artSize="12" artNotes="" numberPage="130" pdfPage="http://pesquisa.in.gov.br/imprensa/jsp/visualiza/index.jsp?data=03/11/2025&amp;jornal=529&amp;pagina=130" editionNumber="209" highlightType="" highlightPriority="" highlight="" highlightimage="" highlightimagename="" idMateria="23268324">
  <body>
    <Identifica><![CDATA[ PORTARIA GPR Nº 622, DE 16 DE OUTUBRO DE 2025]]></Identifica>
    <Data><![CDATA[]]></Data>
    <Ementa />
    <Titulo />
    <SubTitulo />
    <Texto><![CDATA[<p class="identifica">PORTARIA GPR Nº 622, DE 16 DE OUTUBRO DE 2025</p><p>O PRESIDENTE DO TRIBUNAL DE JUSTIÇA DO DISTRITO FEDERAL E DOS TERRITÓRIOS, no uso de sua competência legal, com fundamento no parágrafo único do artigo 24 da Lei n. 11.416 de 15 de dezembro de 2006, publicada no Diário Oficial da União, Seção 1, de 19 de dezembro de 2006, conforme contido no processo SEI 0024294/2025, resolve:</p><p>Art. 1º Exonerar ANA CAROLINA DE ABREU BATISTA CHAVES, matrícula 310.516, Técnico Judiciário, Área Administrativa, do Quadro de Pessoal deste Tribunal, do Cargo em Comissão, CJ-01, da Secretaria de Administração Predial.</p><p>Art. 2º Exonerar FABIO QUEIROZ DE MELO, matrícula 315.605, Técnico Judiciário, Área Administrativa, do Quadro de Pessoal deste Tribunal, do Cargo em Comissão, CJ-01, da Secretaria de Administração Predial.</p><p>Art. 3º Exonerar CARLOS DHREONNY MACÊDO SANTOS, matrícula 317.751, Técnico Judiciário, Área Administrativa, do Quadro de Pessoal deste Tribunal, do Cargo em Comissão, CJ-01, da Secretaria de Administração Predial.</p><p>Art. 4º Dispensar FLÁVIA MAIA AGUIAR, matrícula 315.731, Técnico Judiciário, Área Administrativa, do Quadro de Pessoal deste Tribunal, da Função Comissionada, FC-05, de Supervisor do Núcleo de Gestão de Manutenção.</p><p>Art. 5º Nomear ANA CAROLINA DE ABREU BATISTA CHAVES, matrícula 310.516, Técnico Judiciário, Área Administrativa, do Quadro de Pessoal deste Tribunal, para o Cargo em Comissão, CJ-01, de Coordenador do Núcleo Permanente de Serviços e Projetos Prediais.</p><p>Art. 6º Nomear FLÁVIA MAIA AGUIAR, matrícula 315.731, Técnico Judiciário, Área Administrativa, do Quadro de Pessoal deste Tribunal, para o Cargo em Comissão, CJ-01, de Coordenador do Núcleo Permanente de Governança e Planejamento Predial.</p><p>Art. 7º Nomear CARLOS DHREONNY MACÊDO SANTOS, matrícula 317.751, Técnico Judiciário, Área Administrativa, do Quadro de Pessoal deste Tribunal, para o Cargo em Comissão, CJ-01, de Coordenador do Núcleo Permanente de Tecnologia e Informações Prediais.</p><p>Art. 8º Designar PAULO CABRAL DE ARAUJO NETO, matrícula 315.728, Analista Judiciário, Área Apoio Especializado, Especialidade Arquitetura, do Quadro de Pessoal deste Tribunal, para substituir o titular do Cargo em Comissão, CJ-01, de Coordenador do Núcleo Permanente de Serviços e Projetos Prediais, nos seus impedimentos legais e eventuais, ficando dispensado da substituição do titular da Função Comissionada, FC-05, de Supervisor do Núcleo de Manutenção Civil.</p><p>Art. 9º Designar WESLEY ADOLFO GOMES DA SILVA, matrícula 317.749, Técnico Judiciário, Área Administrativa, do Quadro de Pessoal deste Tribunal, para substituir o titular do Cargo em Comissão, CJ-01, de Coordenador do Núcleo Permanente de Governança e Planejamento Predial, nos seus impedimentos legais e eventuais.</p><p>Art. 10 Designar JACKSON BERNARDES VASCONCELOS, matrícula 317.591, Técnico Judiciário, Área Administrativa, do Quadro de Pessoal deste Tribunal, para substituir o titular do Cargo em Comissão, CJ-01, de Coordenador do Núcleo Permanente de Tecnologia e Informações Prediais, nos seus impedimentos legais e eventuais.</p><p>Art. 11 Esta Portaria entra em vigor na data de sua publicação.</p><p class="assina">Des. WALDIR LEÔNCIO JÚNIOR</p>]]></Texto>
  </body>
  <Midias />
</article></xml>