﻿<xml><article id="46226494" name="PORTARIA N 1.726_23270915" idOficio="11376820" pubName="DO2" artType="Portaria" pubDate="03/11/2025" artClass="00066:00010:00001:00004:00000:00000:00000:00000:00000:00000:00017:00000" artCategory="Ministério Público da União/Ministério Público do Trabalho/Procuradoria-Geral/Diretoria-Geral" artSize="12" artNotes="" numberPage="119" pdfPage="http://pesquisa.in.gov.br/imprensa/jsp/visualiza/index.jsp?data=03/11/2025&amp;jornal=529&amp;pagina=119" editionNumber="209" highlightType="" highlightPriority="" highlight="" highlightimage="" highlightimagename="" idMateria="23270915">
  <body>
    <Identifica><![CDATA[ PORTARIA DG Nº 1.726, DE 22 DE OUTUBRO DE 2025]]></Identifica>
    <Data><![CDATA[]]></Data>
    <Ementa />
    <Titulo />
    <SubTitulo />
    <Texto><![CDATA[<p class="identifica">PORTARIA DG Nº 1.726, DE 22 DE OUTUBRO DE 2025</p><p>O DIRETOR-GERAL DO MINISTÉRIO PÚBLICO DO TRABALHO, no uso da competência que lhe foi atribuída pelo artigo 258 da Portaria PGT/MPT n° 1.162, de 7 de agosto de 2025, publicada no Boletim de Serviço Eletrônico n° 147, de 8 de agosto de 2025, e considerando o que consta no PGEA/MPT n° 20.02.0001.0008466/2025-41, resolve:</p><p>Art. 1° Nomear KAREN DE SOUZA PAIVA, bacharela em Direito, para o cargo em comissão de Assessora Jurídica Nível II da Procuradoria Geral do Trabalho, código CC-2.</p><p class="assina">JOÃO BATISTA MACHADO JÚNIOR</p>]]></Texto>
  </body>
  <Midias />
</article></xml>