﻿<xml><article id="46226179" name="ATO Portaria GDG NA 218" idOficio="11376760" pubName="DO2" artType="Portaria" pubDate="03/11/2025" artClass="00070:00001:00008:00001:00000:00000:00000:00000:00000:00000:00017:00000" artCategory="Poder Judiciário/Supremo Tribunal Federal/Secretaria do Tribunal/Gabinete" artSize="12" artNotes="" numberPage="122" pdfPage="http://pesquisa.in.gov.br/imprensa/jsp/visualiza/index.jsp?data=03/11/2025&amp;jornal=529&amp;pagina=122" editionNumber="209" highlightType="" highlightPriority="" highlight="" highlightimage="" highlightimagename="" idMateria="23270838">
  <body>
    <Identifica><![CDATA[ Portaria GDG Nº 218, DE 29 DE outubro DE 2025]]></Identifica>
    <Data><![CDATA[]]></Data>
    <Ementa />
    <Titulo />
    <SubTitulo />
    <Texto><![CDATA[<p class="identifica">Portaria GDG Nº 218, DE 29 DE outubro DE 2025</p><p>A DIRETORA-GERAL DA SECRETARIA DO SUPREMO TRIBUNAL FEDERAL, no uso de suas atribuições e tendo em vista o art. 38, caput, da Lei nº 8.112, de 11 de dezembro de 1990, e o art. 41, X, c, do Regulamento da Secretaria do Supremo Tribunal Federal, resolve:</p><p>I - Dispensar, a contar de 28 de outubro de 2025, RAPHAELLA DE AGUIAR FOLHA, Analista Judiciário, Área Judiciária, do encargo de Coordenadora Adjunta, nível CJ-2, da Coordenadoria de Gestão das Contratações; e</p><p>II - Designar LUCIANA BOSELLI DA MOTTA, Técnico Judiciário, área Administrativa, para exercer o encargo de Coordenadora Adjunta, nível CJ-2, da Coordenadoria de Gestão das Contratações.</p><p class="assina">DESDÊMONA TENÓRIO DE BRITO TOLEDO ARRUDA</p>]]></Texto>
  </body>
  <Midias />
</article></xml>