﻿<xml><article id="46226104" name="Portaria 2459-2025" idOficio="11376123" pubName="DO2" artType="Portaria" pubDate="03/11/2025" artClass="00070:00045:00001:00003:00000:00000:00000:00000:00000:00000:00017:00000" artCategory="Poder Judiciário/Tribunal Regional do Trabalho da 4ª Região/Presidência/Diretoria-Geral de Coordenação Administrativa" artSize="12" artNotes="" numberPage="131" pdfPage="http://pesquisa.in.gov.br/imprensa/jsp/visualiza/index.jsp?data=03/11/2025&amp;jornal=529&amp;pagina=131" editionNumber="209" highlightType="" highlightPriority="" highlight="" highlightimage="" highlightimagename="" idMateria="23269848">
  <body>
    <Identifica><![CDATA[ PORTARIA nº 2.459, de 24 de outubro de 2025]]></Identifica>
    <Data><![CDATA[]]></Data>
    <Ementa />
    <Titulo />
    <SubTitulo />
    <Texto><![CDATA[<p class="identifica">PORTARIA nº 2.459, de 24 de outubro de 2025</p><p>O PRESIDENTE DO TRIBUNAL REGIONAL DO TRABALHO DA 4ª REGIÃO, no uso de suas atribuições legais e regulamentares, tendo em vista o disposto no artigo 36 da Lei nº 8.112/90, no artigo 20 da Lei nº 11.416/06, no anexo IV da Portaria Conjunta nº 03/07 e na Resolução CSJT nº 110/2012, e considerando o que consta no PROAD nº 6467/2025, resolve:</p><p>REMOVER, de ofício, a contar de 03-11-2025, o servidor REGINALDO DA SILVA PUJOL, ocupante do cargo de Analista Judiciário, Área Judiciária, Especialidade Oficial de Justiça Avaliador Federal, do Quadro de Pessoal deste Tribunal para o Tribunal Regional do Trabalho da 12ª Região, com fulcro nos arts. 36, inciso I, da Lei nº 8.112/1990; 7º inciso I, e 9º da Resolução nº 110/2012 do Conselho Superior da Justiça do Trabalho.</p><p class="assina">RICARDO HOFMEISTER DE ALMEIDA MARTINS COSTA</p>]]></Texto>
  </body>
  <Midias />
</article></xml>