﻿<xml><article id="46226032" name="Portaria de Pessoal - 2963 - NOR" idOficio="11373089" pubName="DO2" artType="Portaria" pubDate="03/11/2025" artClass="00025:00103:00000:00000:00000:00000:00000:00000:00000:00000:00017:00037" artCategory="Ministério da Educação/Universidade Federal Fluminense" artSize="12" artNotes="" numberPage="62" pdfPage="http://pesquisa.in.gov.br/imprensa/jsp/visualiza/index.jsp?data=03/11/2025&amp;jornal=529&amp;pagina=62" editionNumber="209" highlightType="" highlightPriority="" highlight="" highlightimage="" highlightimagename="" idMateria="23263913">
  <body>
    <Identifica><![CDATA[ PORTARIA Nº 2.963, de 23 de outubro de 2025]]></Identifica>
    <Data><![CDATA[]]></Data>
    <Ementa />
    <Titulo />
    <SubTitulo />
    <Texto><![CDATA[<p class="identifica">PORTARIA Nº 2.963, de 23 de outubro de 2025</p><p>O VICE-REITOR NO EXERCÍCIO DA REITORIA DA UNIVERSIDADE FEDERAL FLUMINENSE, no uso de suas atribuições, e tendo em vista o que consta do Processo UFF n.º 23069.179175/2024-35, resolve:</p><p>Conceder aposentadoria voluntária a NORMA PIRES LEMOS, matrícula SIAPE nº 1089411, ocupante do cargo de auxiliar de enfermagem, código 701411, Nível de Classificação C, Padrão de Vencimentos 19, do Quadro de Pessoal Permanente desta Universidade, código de vaga 240284, com fundamento no artigo 3º da Emenda Constitucional nº 47/2005, c/c o artigo 3º da Emenda Constitucional nº 103/2019, com proventos integrais, cumulativamente com o adicional por tempo de serviço no percentual de 4% (quatro por cento).</p><p class="assina">FABIO BARBOZA PASSOS</p>]]></Texto>
  </body>
  <Midias />
</article></xml>