﻿<xml><article id="46227646" name="Portaria 118 - Reversao - 31 OUT" idOficio="11375339" pubName="DO2" artType="Portaria" pubDate="03/11/2025" artClass="00016:00011:00029:00011:00000:00000:00000:00000:00000:00000:00017:00000" artCategory="Ministério da Defesa/Comando do Exército/Departamento-Geral do Pessoal/Diretoria de Controle de Efetivos e  Movimentações" artSize="12" artNotes="" numberPage="37" pdfPage="http://pesquisa.in.gov.br/imprensa/jsp/visualiza/index.jsp?data=03/11/2025&amp;jornal=529&amp;pagina=37" editionNumber="209" highlightType="" highlightPriority="" highlight="" highlightimage="" highlightimagename="" idMateria="23268554">
  <body>
    <Identifica><![CDATA[ PORTARIA-DCEM/DGP/C Ex Nº 118, DE 31 DE OUTUBRO DE 2025]]></Identifica>
    <Data><![CDATA[]]></Data>
    <Ementa />
    <Titulo />
    <SubTitulo />
    <Texto><![CDATA[<p class="identifica">PORTARIA-DCEM/DGP/C Ex Nº 118, DE 31 DE OUTUBRO DE 2025</p><p>O DIRETOR DE CONTROLE DE EFETIVOS E MOVIMENTAÇÕES, no uso da competência que lhe foi subdelegada pela Portaria - DGP/C Ex nº 458, de 10 de agosto de 2023, resolve:</p><p>REVERTER</p><p>1. OFICIAIS</p><p>a. Por término da Missão de Military Assistant to Force Commander na Missão das Nações Unidas para a Estabilização da República Democrática do Congo (MONUSCO) e, em consequência, ter deixado de incidir no Inciso I, do Art. 81, da Lei nº 6.880, de 9 de dezembro de 1980, o Cel Com QEMA (0194757936) FELIPE DRUMOND MORAES, a contar de 1º de setembro de 2025.</p><p>b. Por término de Licença para Tratamento de Saúde Própria (LTSP) e, em consequência, ter deixado de incidir no Inciso II, do Art. 82, da Lei nº 6.880, de 9 de dezembro de 1980, o Maj Sv Int (0131745341) DANIEL LOUBACH FLORENTINO, a contar de 17 de setembro de 2025.</p><p>2. PRAÇA</p><p>Por término de incapacidade temporária após um ano contínuo de tratamento e, em consequência, ter deixado de incidir no Inciso I, do Art. 82, da Lei nº 6.880, de 9 de dezembro de 1980, o 3º Sgt Inf (1100992971) YVENS PARANHOS VIEIRA, a contar de 21 de outubro de 2025.</p><p class="assina">Gen Div ANTÔNIO BISPO DE OLIVEIRA FILHO</p>]]></Texto>
  </body>
  <Midias />
</article></xml>