﻿<xml><article id="46230249" name="trt9a240-2025-ATO 158" idOficio="11370124" pubName="DO2" artType="Ato" pubDate="03/11/2025" artClass="00070:00050:00000:00000:00000:00000:00000:00000:00000:00000:00001:00001" artCategory="Poder Judiciário/Tribunal Regional do Trabalho da 9ª Região" artSize="12" artNotes="" numberPage="132" pdfPage="http://pesquisa.in.gov.br/imprensa/jsp/visualiza/index.jsp?data=03/11/2025&amp;jornal=529&amp;pagina=132" editionNumber="209" highlightType="" highlightPriority="" highlight="" highlightimage="" highlightimagename="" idMateria="23258952">
  <body>
    <Identifica><![CDATA[ ATO Nº 158, DE 10 DE SETEMBRO DE 2025]]></Identifica>
    <Data><![CDATA[]]></Data>
    <Ementa />
    <Titulo />
    <SubTitulo />
    <Texto><![CDATA[<p class="identifica">ATO Nº 158, DE 10 DE SETEMBRO DE 2025</p><p>O DESEMBARGADOR DO TRABALHO PRESIDENTE DO TRIBUNAL REGIONAL DO TRABALHO DA 9ª REGIÃO, no uso de suas atribuições legais e regimentais, e considerando o contido na Certidão SADM nº 42/2025, resolve:</p><p>Art. 1º REDISTRIBUIR, nos termos do art. 37 da Lei nº 8.112/1990, o cargo efetivo de Analista Judiciário, Área Judiciária, Sem Especialidade, criado pela Lei nº 8.432/1992, do Quadro de Pessoal Permanente desta Corte, ocupado pelo servidor MIRO GUIMARÃES DARÓS, para o Quadro de Pessoal Permanente do Tribunal Regional do Trabalho da 24ª Região, em reciprocidade com o cargo de Analista Judiciário, Área Judiciária, Sem Especialidade, criado pela Lei nº 8.431/1992, ocupada pela servidora MICHELI RODOLFO DE LIMA.</p><p>Art. 2º LOTAR, em virtude do disposto no art. 1º, a servidora MICHELI RODOLFO DE LIMA no Gabinete de Desembargador 21 - Des. Ricardo Tadeu Marques da Fonseca, designando-a para a Função Comissionada de Assistente VI (c-11439), código TRT9ª FC-6, da Presidência.</p><p>Art. 3º REVOGAR o Ato n° 9/2023, publicado no Diário Oficial da União - Seção 2, de 17/1/2023.</p><p>Art. 4º Este Ato entra em vigor na data da sua publicação.</p><p class="assina">CÉLIO HORST WALDRAFF</p>]]></Texto>
  </body>
  <Midias />
</article></xml>