﻿<xml><article id="46225936" name="A605_2025" idOficio="11346520" pubName="DO2" artType="Ato" pubDate="03/11/2025" artClass="00070:00053:00001:00001:00000:00000:00000:00000:00000:00000:00001:00000" artCategory="Poder Judiciário/Tribunal Regional do Trabalho da 12ª Região/Presidência/Secretaria" artSize="12" artNotes="" numberPage="133" pdfPage="http://pesquisa.in.gov.br/imprensa/jsp/visualiza/index.jsp?data=03/11/2025&amp;jornal=529&amp;pagina=133" editionNumber="209" highlightType="" highlightPriority="" highlight="" highlightimage="" highlightimagename="" idMateria="23213854">
  <body>
    <Identifica><![CDATA[ ATO PRESI nº 605, de 14 de outubro de 2025]]></Identifica>
    <Data><![CDATA[]]></Data>
    <Ementa />
    <Titulo />
    <SubTitulo />
    <Texto><![CDATA[<p class="identifica">ATO PRESI nº 605, de 14 de outubro de 2025</p><p>O DESEMBARGADOR-PRESIDENTE DO TRIBUNAL REGIONAL DO TRABALHO DA 12ª REGIÃO, no uso de suas atribuições legais e regimentais, e tendo em vista o disposto no expediente PROAD nº 1970/2025,</p><p>I - REDISTRIBUI, a partir de 3-11-2025, o cargo efetivo de Técnico Judiciário, Área Administrativa, Sem Especialidade, ocupado pelo servidor JUCINEI DE OLIVEIRA MEIRA, do Quadro Permanente de Pessoal da Secretaria deste Tribunal, para o Quadro de Pessoal do Tribunal Regional do Trabalho da 9ª Região, em reciprocidade com o cargo de Técnico Judiciário, Área Administrativa, Sem Especialidade, ocupado por BRENO WILSON PELOSO BRAGA, do Quadro de Pessoal do Tribunal Regional do Trabalho da 9ª Região, com fulcro no artigo 37 da Lei nº 8.112/90 e na Resolução CNJ nº 146/2012.</p><p>II - LOTA BRENO WILSON PELOSO BRAGA no Centro Judiciário de Métodos Consensuais de Solução de Disputas de Balneário Camboriú.</p><p>III - FAZ CESSAR os efeitos da Portaria PRESI nº 86, de 9-2-2023, publicada no Diário Oficial da União, Seção 2, em 27-2-2023.</p><p class="assina">AMARILDO CARLOS DE LIMA</p>]]></Texto>
  </body>
  <Midias />
</article></xml>