﻿<xml><article id="46227019" name="Port. 706 - Nomeacao candidatos" idOficio="11376779" pubName="DO2" artType="Portaria" pubDate="03/11/2025" artClass="00070:00004:00005:00002:00003:00000:00000:00000:00000:00000:00017:00000" artCategory="Poder Judiciário/Superior Tribunal de Justiça/Conselho da Justiça Federal/Presidência/Secretaria-Geral" artSize="12" artNotes="" numberPage="124" pdfPage="http://pesquisa.in.gov.br/imprensa/jsp/visualiza/index.jsp?data=03/11/2025&amp;jornal=529&amp;pagina=124" editionNumber="209" highlightType="" highlightPriority="" highlight="" highlightimage="" highlightimagename="" idMateria="23270899">
  <body>
    <Identifica><![CDATA[ PORTARIA CJF nº 706, DE 30 DE OUTUBRO DE 2025]]></Identifica>
    <Data><![CDATA[]]></Data>
    <Ementa />
    <Titulo />
    <SubTitulo />
    <Texto><![CDATA[<p class="identifica">PORTARIA CJF nº 706, DE 30 DE OUTUBRO DE 2025</p><p>O SECRETÁRIO-GERAL DO CONSELHO DA JUSTIÇA FEDERAL, no uso da atribuição conferida pelo art. 1º, inciso XXIII, da Portaria CJF n. 407, de 5 de agosto de 2021 e tendo em vista o que consta no Processo n. 0004392-69.2019.4.90.8000, resolve:</p><p>Art. 1º Nomear, em virtude de habilitação em concurso público realizado pelo Tribunal Regional do Trabalho da 10ª Região, obedecida a ordem de classificação, os candidatos abaixo relacionados para exercerem cargo de Técnico Judiciário, Área Administrativa, Classe "A", Padrão 1, do quadro de pessoal do Conselho da Justiça Federal:</p><p>TATIANA BITTENCOURT GARCIA, em vaga decorrente da redistribuição de um cargo vago pelo Superior Tribunal de Justiça, em reciprocidade ao cargo ocupado pelo servidor Alexandre Pinheiro Lameirão;</p><p>ANDRÉ DE OLIVEIRA PEREIRA, em vaga decorrente da aposentadoria do servidor Tárcio Dias Soares.</p><p>Art. 2º Esta Portaria entra em vigor na data de sua publicação.</p><p class="assina">Juiz Federal ERIVALDO RIBEIRO DOS SANTOS</p>]]></Texto>
  </body>
  <Midias />
</article></xml>