﻿<xml><article id="46227094" name="AFA SEC 8537 - MARCELO MOTTA TEI" idOficio="11376527" pubName="DO2" artType="Despacho" pubDate="03/11/2025" artClass="00028:00050:00000:00000:00000:00000:00000:00000:00000:00000:00013:00000" artCategory="Ministério da Fazenda/Banco do Brasil S.A." artSize="12" artNotes="" numberPage="83" pdfPage="http://pesquisa.in.gov.br/imprensa/jsp/visualiza/index.jsp?data=03/11/2025&amp;jornal=529&amp;pagina=83" editionNumber="209" highlightType="" highlightPriority="" highlight="" highlightimage="" highlightimagename="" idMateria="23270495">
  <body>
    <Identifica><![CDATA[ DESPACHO de  20 de outubro de 2025]]></Identifica>
    <Data><![CDATA[]]></Data>
    <Ementa />
    <Titulo />
    <SubTitulo />
    <Texto><![CDATA[<p class="identifica">DESPACHO de 20 de outubro de 2025</p><p>O VICE-PRESIDENTE DO BANCO DO BRASIL, no uso da competência prevista no art. 2º do Decreto nº 1.387, de 07 de fevereiro de 1995, que lhe foi delegada no art. 12 da Portaria MF nº 160, de 06 de maio de 2016, Portaria MF nº 267, de 26 de abril de 2023 e Resolução PRESI nº 149, de 10 de abril de 2025, autoriza:</p><p>O afastamento do País de MARCELO MOTTA TEIXEIRA, Gerente Executivo - DIMEP, no período de 06 a 13 de novembro de 2025, inclusive trânsito, com ônus, na forma do disposto no inciso IV do art. 1º do citado Decreto, a fim de participar de evento promovido pela Visa, destinado à premiação de clientes Private, que será realizado na cidade de São Francisco, Califórnia - EUA.</p><p class="assina">MARCO GEOVANNE TOBIAS DA SILVA</p>]]></Texto>
  </body>
  <Midias />
</article></xml>