﻿<xml><article id="46227010" name="2025 - SEA - 1626-1627-1628-1629" idOficio="11376764" pubName="DO2" artType="Portaria" pubDate="03/11/2025" artClass="00033:00002:00000:00000:00000:00000:00000:00000:00000:00000:00021:00002" artCategory="Ministério da Justiça e Segurança Pública/Secretaria Executiva" artSize="12" artNotes="" numberPage="87" pdfPage="http://pesquisa.in.gov.br/imprensa/jsp/visualiza/index.jsp?data=03/11/2025&amp;jornal=529&amp;pagina=87" editionNumber="209" highlightType="" highlightPriority="" highlight="" highlightimage="" highlightimagename="" idMateria="23270782">
  <body>
    <Identifica><![CDATA[ PORTARIAS DE PESSOAL SE/MJSP DE 29 DE OUTUBRO DE 2025]]></Identifica>
    <Data><![CDATA[]]></Data>
    <Ementa />
    <Titulo />
    <SubTitulo />
    <Texto><![CDATA[<p class="identifica">PORTARIAS DE PESSOAL SE/MJSP DE 29 DE OUTUBRO DE 2025</p><p>SECRETÁRIA-EXECUTIVA ADJUNTA DA SECRETARIA-EXECUTIVA DO MINISTÉRIO DA JUSTIÇA E SEGURANÇA PÚBLICA, no uso da competência que lhe foi subdelegada pelo inciso XI do art. 1º da Portaria nº 1.411, de 25 de novembro de 2021, da Secretaria-Executiva do Ministério da Justiça e Segurança Pública, resolve:</p><p>Nº 1626 - Dispensar, a pedido, NATÁLIA FERREIRA DA ROCHA da função de Chefe da Divisão de Planejamento, Processos e Apoio à Governança da Coordenação de Gestão Estratégica da Coordenação-Geral de Gestão Estratégica e Inovação Institucional da Subsecretaria de Planejamento e Orçamento da Secretaria-Executiva, código FCE 1.07.</p><p>A SECRETÁRIA-EXECUTIVA ADJUNTA DA SECRETARIA-EXECUTIVA DO MINISTÉRIO DA JUSTIÇA E SEGURANÇA PÚBLICA, no uso da competência subdelegada pelo inciso X do art. 1º da Portaria nº 1.411, de 25 de novembro de 2021, da Secretaria-Executiva do Ministério da Justiça e Segurança Pública, e considerando o disposto na Lei nº 11.356, de 19 de outubro de 2006, que instituiu a Gratificação Temporária das Unidades dos Sistemas Estruturadores da Administração Pública Federal - GSISTE, regulamentada pelo Decreto nº 9.058, de 25 de maio de 2017, e suas alterações, e de acordo com o quantitativo disponibilizado por meio da Portaria nº 20.928, de 16 de setembro de 2020, da Secretaria do Tesouro Nacional, resolve:</p><p>Nº 1627 - Art. 1º Excluir a Gratificação Temporária das Unidades dos Sistemas Estruturadores da Administração Pública Federal - GSISTE, do Sistema de Contabilidade Federal, da servidora em exercício na Coordenação-Geral de Gestão Estratégica e Inovação Institucional da Subsecretaria de Planejamento e Orçamento da Secretaria-Executiva, a seguir relacionada:</p><p /><p></p><table><tr /><tr><td rowspan="1" colspan="1"><p>NOME</p></td><td rowspan="1" colspan="1"><p>SIAPE</p></td><td rowspan="1" colspan="1"><p>CARGO</p></td><td rowspan="1" colspan="1"><p>NÍVEL</p></td><td rowspan="1" colspan="1"><p>SISTEMA</p></td></tr><tr><td rowspan="1" colspan="1"><p>Natália Ferreira da Rocha</p></td><td rowspan="1" colspan="1"><p>2401943</p></td><td rowspan="1" colspan="1"><p>Administrador</p></td><td rowspan="1" colspan="1"><p>Superior</p></td><td rowspan="1" colspan="1"><p>Macroprocesso do Sistema de Custos do Governo Federal</p></td></tr></table><p>Art. 2º Esta Portaria entra em vigor na data de sua publicação.</p><p>A SECRETÁRIA-EXECUTIVA ADJUNTA DA SECRETARIA-EXECUTIVA DO MINISTÉRIO DA JUSTIÇA E SEGURANÇA PÚBLICA, no uso da competência que lhe foi subdelegada pelo inciso XI do art. 1º da Portaria nº 1.411, de 25 de novembro de 2021, da Secretaria-Executiva do Ministério da Justiça e Segurança Pública, resolve:</p><p>Nº 1628 - Designar LEONARDO DE MELO COSTA para exercer a função de Chefe da Divisão de Planejamento, Processos e Apoio à Governança da Coordenação de Gestão Estratégica da Coordenação-Geral de Gestão Estratégica e Inovação Institucional da Subsecretaria de Planejamento e Orçamento da Secretaria-Executiva, código FCE 1.07.</p><p>A SECRETÁRIA-EXECUTIVA ADJUNTA DA SECRETARIA-EXECUTIVA DO MINISTÉRIO DA JUSTIÇA E SEGURANÇA PÚBLICA, no uso da competência subdelegada pelo inciso X do art. 1º da Portaria nº 1.411, de 25 de novembro de 2021, da Secretaria-Executiva do Ministério da Justiça e Segurança Pública, e considerando o disposto na Lei nº 11.356, de 19 de outubro de 2006, que instituiu a Gratificação Temporária das Unidades dos Sistemas Estruturadores da Administração Pública Federal - GSISTE, regulamentada pelo Decreto nº 9.058, de 25 de maio de 2017, e suas alterações, e de acordo com o quantitativo disponibilizado por meio da Portaria nº 20.928, de 16 de setembro de 2020, da Secretaria do Tesouro Nacional, resolve:</p><p>Nº 1629 - Art. 1º Conceder a Gratificação Temporária das Unidades dos Sistemas Estruturadores da Administração Pública Federal - GSISTE, do Sistema de Contabilidade Federal, à servidora em exercício na Coordenação-Geral de Gestão Estratégica e Inovação Institucional da Subsecretaria de Planejamento e Orçamento da Secretaria-Executiva, a seguir relacionada:</p><p /><p></p><table><tr /><tr><td rowspan="1" colspan="1"><p>NOME</p></td><td rowspan="1" colspan="1"><p>SIAPE</p></td><td rowspan="1" colspan="1"><p>CARGO</p></td><td rowspan="1" colspan="1"><p>NÍVEL</p></td><td rowspan="1" colspan="1"><p>SISTEMA</p></td></tr><tr><td rowspan="1" colspan="1"><p>Sandra Maria Mendes Adjafre Sindeaux</p></td><td rowspan="1" colspan="1"><p>2808936</p></td><td rowspan="1" colspan="1"><p>Analista Técnico Administrativo</p></td><td rowspan="1" colspan="1"><p>Superior</p></td><td rowspan="1" colspan="1"><p>Macroprocesso do Sistema de Custos do Governo Federal</p></td></tr></table><p>Art. 2º Esta Portaria entra em vigor na data de sua publicação.</p><p class="assina">ANGELITA DA ROSA</p>]]></Texto>
  </body>
  <Midias />
</article></xml>