﻿<xml><article id="46230156" name="ATO Portaria PRESI NA 230" idOficio="11376572" pubName="DO2" artType="Portaria" pubDate="03/11/2025" artClass="00070:00001:00002:00000:00000:00000:00000:00000:00000:00000:00013:00002" artCategory="Poder Judiciário/Supremo Tribunal Federal/Presidência" artSize="12" artNotes="" numberPage="122" pdfPage="http://pesquisa.in.gov.br/imprensa/jsp/visualiza/index.jsp?data=03/11/2025&amp;jornal=529&amp;pagina=122" editionNumber="209" highlightType="" highlightPriority="" highlight="" highlightimage="" highlightimagename="" idMateria="23270556">
  <body>
    <Identifica><![CDATA[ Portaria Nº 230, DE 29 DE OUTUBRO DE 2025]]></Identifica>
    <Data><![CDATA[]]></Data>
    <Ementa />
    <Titulo />
    <SubTitulo />
    <Texto><![CDATA[<p class="identifica">Portaria Nº 230, DE 29 DE OUTUBRO DE 2025</p><p>O PRESIDENTE DO SUPREMO TRIBUNAL FEDERAL, no uso de suas atribuições, e tendo em vista os arts. 9º, II, e 35, I, da Lei n.º 8.112, de 11 de dezembro de 1990, resolve:</p><p>Exonerar, a pedido, a contar do dia 03 de novembro de 2025, CIRO DE ALMEIDA GRYNBERG do cargo em comissão de Chefe de Gabinete de Ministro, nível CJ-3, do Gabinete vago do Ministro Luís Roberto Barroso.</p><p class="assina">Min. EDSON FACHIN</p>]]></Texto>
  </body>
  <Midias />
</article></xml>