﻿<xml><article id="46226389" name="Portaria nA 4743 - EBTT" idOficio="11376093" pubName="DO2" artType="Portaria" pubDate="03/11/2025" artClass="00025:00058:00038:00000:00000:00000:00000:00000:00000:00000:00017:00005" artCategory="Ministério da Educação/Instituto Federal de Educação, Ciência e Tecnologia da Bahia/Diretoria de Gestão de Pessoas/REI" artSize="24" artNotes="" numberPage="50" pdfPage="http://pesquisa.in.gov.br/imprensa/jsp/visualiza/index.jsp?data=03/11/2025&amp;jornal=529&amp;pagina=50" editionNumber="209" highlightType="" highlightPriority="" highlight="" highlightimage="" highlightimagename="" idMateria="23269816">
  <body>
    <Identifica><![CDATA[ Portaria nº 4.743, de 24 de outubro de 2025]]></Identifica>
    <Data><![CDATA[]]></Data>
    <Ementa />
    <Titulo />
    <SubTitulo />
    <Texto><![CDATA[<p class="identifica">Portaria nº 4.743, de 24 de outubro de 2025</p><p>A REITORA DO INSTITUTO FEDERAL DE EDUCAÇÃO, CIÊNCIA E TECNOLOGIA DA BAHIA, no uso das atribuições legais que lhe confere o Decreto de 19/03/2024, publicado no Diário Oficial da União de 20/03/2024, considerando o disposto na Portaria MEC nº 1.373, de 18/07/2019, publicada no Diário Oficial da União de 19/07/2019, e tendo em vista o resultado final do concurso público de que trata o Edital nº. 02, de 19/08/2022, publicado no DOU de 24/08/2022, homologado através do Edital nº. 02, de 21/03/2023, publicado no DOU de 05/07/2023, resolve:</p><p>Art. 1º - Nomear, em caráter efetivo, o candidato abaixo relacionado, habilitado em concurso público para provimento de cargo de Professor do Ensino Básico Técnico e Tecnológico - EBTT de que trata a Lei nº. 12.772 de 28/12/2012, publicada no DOU de 31/12/2012, para exercerem suas atribuições sob a égide da Lei nº. 8.112, de 11/12/1990, publicada no DOU de 19/04/91:</p><p /><p></p><table><tr /><tr><td rowspan="1" colspan="1"><p>ÁREA DE CONHECIMENTO</p></td><td rowspan="1" colspan="1"><p>REGIME DE TRABALHO</p></td><td rowspan="1" colspan="1"><p>NOME</p></td><td rowspan="1" colspan="1"><p>LOTAÇÃO</p></td><td rowspan="1" colspan="1"><p>CÓD VAGA</p></td></tr><tr><td rowspan="1" colspan="1"><p>LÍNGUA ESTRANGEIRA MODERNA: INGLÊS</p></td><td rowspan="1" colspan="1"><p>DEDICAÇÃO EXCLUSIVA</p></td><td rowspan="1" colspan="1"><p>DANIELE DE OLIVEIRA BOMFIM</p></td><td rowspan="1" colspan="1"><p>IRECÊ</p></td><td rowspan="1" colspan="1"><p>954176</p></td></tr><tr><td rowspan="1" colspan="1"><p>ENGENHARIA DE ALIMENTOS</p></td><td rowspan="1" colspan="1"><p>DEDICAÇÃO EXCLUSIVA</p></td><td rowspan="1" colspan="1"><p>VILMA BARBOSA DA SILVA ARAUJO</p></td><td rowspan="1" colspan="1"><p>BARREIRAS</p></td><td rowspan="1" colspan="1"><p>954671</p></td></tr></table><p>Art. 2º A posse ocorrerá no prazo de até 30 (trinta) dias, contados da publicação deste ato no Diário Oficial da União.</p><p class="assina">LUZIA MATOS MOTA</p>]]></Texto>
  </body>
  <Midias />
</article></xml>