﻿<xml><article id="46227028" name="ATO-GDGSET.GP-717" idOficio="11376901" pubName="DO2" artType="Ato" pubDate="03/11/2025" artClass="00070:00005:00001:00000:00000:00000:00000:00000:00000:00000:00001:00000" artCategory="Poder Judiciário/Tribunal Superior do Trabalho/Presidência" artSize="12" artNotes="" numberPage="124" pdfPage="http://pesquisa.in.gov.br/imprensa/jsp/visualiza/index.jsp?data=03/11/2025&amp;jornal=529&amp;pagina=124" editionNumber="209" highlightType="" highlightPriority="" highlight="" highlightimage="" highlightimagename="" idMateria="23271067">
  <body>
    <Identifica><![CDATA[ ATO Nº 717, DE 30 DE OUTUBRO DE 2025]]></Identifica>
    <Data><![CDATA[]]></Data>
    <Ementa />
    <Titulo />
    <SubTitulo />
    <Texto><![CDATA[<p class="identifica">ATO Nº 717, DE 30 DE OUTUBRO DE 2025</p><p>O PRESIDENTE DO TRIBUNAL SUPERIOR DO TRABALHO, no uso de suas atribuições legais e regimentais, resolve:</p><p>Exonerar, a pedido, a servidora LUISA MARTINS TORRES, código 56310, Técnica Judiciária, Área Administrativa, do cargo em comissão de Chefe da Divisão de Comunicação Visual e Design, Nível CJ-1, de que trata a Resolução Administrativa nº 2320 de 16/5/2022.</p><p class="assina">Min. VIEIRA DE MELLO FILHO</p>]]></Texto>
  </body>
  <Midias />
</article></xml>