﻿<xml><article id="46230369" name="DOU2-RS-1-PT-474-UNI-PR-RS-00115" idOficio="11376578" pubName="DO2" artType="Portaria" pubDate="03/11/2025" artClass="00066:00008:00044:00000:00000:00000:00000:00000:00000:00000:00017:00474" artCategory="Ministério Público da União/Ministério Público Federal/Procuradoria da República no Estado do Rio Grande do Sul" artSize="12" artNotes="" numberPage="119" pdfPage="http://pesquisa.in.gov.br/imprensa/jsp/visualiza/index.jsp?data=03/11/2025&amp;jornal=529&amp;pagina=119" editionNumber="209" highlightType="" highlightPriority="" highlight="" highlightimage="" highlightimagename="" idMateria="23270564">
  <body>
    <Identifica><![CDATA[ PORTARIA PR/RS Nº 474, DE 30 DE OUTUBRO DE 2025]]></Identifica>
    <Data><![CDATA[]]></Data>
    <Ementa />
    <Titulo />
    <SubTitulo />
    <Texto><![CDATA[<p class="identifica">PORTARIA PR/RS Nº 474, DE 30 DE OUTUBRO DE 2025</p><p>O Procurador-Chefe da Procuradoria da República no Rio Grande do Sul, no uso de suas atribuições que lhe conferem a Portaria SG/MPF nº 382, de 5 de maio de 2015, e conforme Portaria PGR/MPF nº 996, de 24 de novembro de 2023, publicada no DOU - Seção II de 28/11/2023, resolve:</p><p>1. Exonerar a servidora NERCILEI SALETE DA ROSA, Técnica do MPU/Administração, matrícula 5675, do encargo de substituta eventual do cargo em comissão de Coordenador de PRM - Nível II, código CC-1, da Procuradoria da República no Município de Passo Fundo, no Estado do Rio Grande do Sul.</p><p>2. Nomear a servidora MARCILENE JORGE DEL FAVERO, Técnica do MPU/Administração, matrícula nº 33838,, para exercer o encargo de substituta eventual do cargo em comissão de Coordenador de PRM - Nível II, código CC-1, da Procuradoria da República no Município de Passo Fundo, no Estado do Rio Grande do Sul.</p><p>3. Designar a servidora MARCILENE JORGE DEL FAVERO, Técnica do MPU/Administração, matrícula nº 33838, para exercer a função de confiança de Subcoordenadora Administrativa, código FC-2, da Procuradoria da República no Município de Passo Fundo, no Estado do Rio Grande do Sul.</p><p class="assina">FELIPE DA SILVA MÜLLER</p>]]></Texto>
  </body>
  <Midias />
</article></xml>