﻿<xml><article id="46226884" name="trt9a239-2025-PRT COINF 243" idOficio="11372981" pubName="DO2" artType="Portaria" pubDate="03/11/2025" artClass="00070:00050:00001:00001:00017:00000:00000:00000:00000:00000:00017:00000" artCategory="Poder Judiciário/Tribunal Regional do Trabalho da 9ª Região/Tribunal Pleno/Presidência/Coordenadoria de Informações Funcionais" artSize="12" artNotes="" numberPage="133" pdfPage="http://pesquisa.in.gov.br/imprensa/jsp/visualiza/index.jsp?data=03/11/2025&amp;jornal=529&amp;pagina=133" editionNumber="209" highlightType="" highlightPriority="" highlight="" highlightimage="" highlightimagename="" idMateria="23263830">
  <body>
    <Identifica><![CDATA[ PORTARIA COINF Nº 243, DE 28 DE OUTUBRO DE 2025]]></Identifica>
    <Data><![CDATA[]]></Data>
    <Ementa />
    <Titulo />
    <SubTitulo />
    <Texto><![CDATA[<p class="identifica">PORTARIA COINF Nº 243, DE 28 DE OUTUBRO DE 2025</p><p>A COORDENADORA DE INFORMAÇÕES FUNCIONAIS DO TRIBUNAL REGIONAL DO TRABALHO DA 9ª REGIÃO, usando de suas atribuições legais, e diante da delegação de competência decorrente do art. 4º, III e IV, da Portaria Presidência nº 22/2022, resolve:</p><p>I - designar TANIA REGINA HOFFMANN, Técnico Judiciário Área Administrativa, classe C, padrão 13, para EXERCER o Cargo em Comissão de Diretor De Secretaria (c-5032), código TRT 9ª CJ-3, da 17ª Vara Do Trabalho De Curitiba, a partir da data de publicação, dispensando-a do Cargo em Comissão de Diretor De Secretaria (c-8465), código TRT 9ª CJ-3, 01ª Vara Do Trabalho De Colombo, a partir da mesma data (Documento Eletrônico nº 3/2025);</p><p>II - dispensar MANOEL AMADEU SANCHES, Técnico Judiciário Área Administrativa, classe C, padrão 13, do Cargo em Comissão de Diretor De Secretaria (c-5032), código TRT 9ª CJ-3, 17ª Vara Do Trabalho De Curitiba, a partir da data de publicação (Documento Eletrônico nº 3/2025).</p><p class="assina">ROSSANA SANTOS CARVALHO</p>]]></Texto>
  </body>
  <Midias />
</article></xml>