﻿<xml><article id="46227601" name="PORTARIA N 931_23248924" idOficio="11367101" pubName="DO2" artType="Portaria" pubDate="03/11/2025" artClass="00070:00042:00001:00001:00000:00000:00000:00000:00000:00000:00017:00000" artCategory="Poder Judiciário/Tribunal Regional do Trabalho da 1ª Região/Presidência/Gabinete da Presidência" artSize="12" artNotes="" numberPage="131" pdfPage="http://pesquisa.in.gov.br/imprensa/jsp/visualiza/index.jsp?data=03/11/2025&amp;jornal=529&amp;pagina=131" editionNumber="209" highlightType="" highlightPriority="" highlight="" highlightimage="" highlightimagename="" idMateria="23248924">
  <body>
    <Identifica><![CDATA[ PORTARIA SGP Nº 931, DE 20 DE OUTUBRO DE 2025]]></Identifica>
    <Data><![CDATA[]]></Data>
    <Ementa />
    <Titulo />
    <SubTitulo />
    <Texto><![CDATA[<p class="identifica">PORTARIA SGP Nº 931, DE 20 DE OUTUBRO DE 2025</p><p>O PRESIDENTE DO TRIBUNAL REGIONAL DO TRABALHO DA PRIMEIRA REGIÃO, no uso de suas atribuições legais e regimentais, tendo em vista o que consta do Processo eletrônico 17303/2025 - PROAD resolve:</p><p>Conceder aposentadoria voluntária ao servidor MARCIO CARDOSO DE OLIVEIRA, no cargo de Analista Judiciário - Área Judiciária, Classe C, Padrão 13, com fundamento no artigo 20, incisos I a IV, § 2º, inciso II e § 3º, inciso II e proventos calculados na base de 100% (cem por cento) da média aritmética apurada na forma do artigo 26, caput, § 3º, inciso I e §6º da Emenda Constitucional 103/2019.</p><p class="assina">LEONARDO DA SILVEIRA PACHECO</p>]]></Texto>
  </body>
  <Midias />
</article></xml>