﻿<xml><article id="46227769" name="EDITAL SEMF SRSE I N 6 ADEMILSON" idOficio="11377127" pubName="DO2" artType="Edital de Notificação" pubDate="03/11/2025" artClass="00099:00044:00019:00092:00004:00001:00004:00000:00000:00000:00000:00007:00000" artCategory="Editais e Avisos/Ministério da Previdência Social" artSize="12" artNotes="" numberPage="136" pdfPage="http://pesquisa.in.gov.br/imprensa/jsp/visualiza/index.jsp?data=03/11/2025&amp;jornal=529&amp;pagina=136" editionNumber="209" highlightType="" highlightPriority="" highlight="" highlightimage="" highlightimagename="" idMateria="23271420">
  <body>
    <Identifica><![CDATA[ Edital SEMF - SRSE-I/INSS Nº 6, de 30 de outubro de 2025]]></Identifica>
    <Data><![CDATA[]]></Data>
    <Ementa />
    <Titulo />
    <SubTitulo />
    <Texto><![CDATA[<p class="identifica">Edital SEMF - SRSE-I/INSS Nº 6, de 30 de outubro de 2025</p><p>A Chefe Substituta do Setor de Movimentação e Gestão Funcional da Superintendência Regional Sudeste I do INSS, no uso das atribuições que lhe são conferidas pelo art. 276 do Regimento Interno do INSS, aprovado pela Portaria PRES/INSS Nº 1.678, de 29 de abril de 2024, publicada no DOU de 02/05/2024, seção 1, página 105/131, tendo em vista o contido no Processo SEI nº 35014.342665/2022-37 e considerando que o interessado não recebeu a decisão por mãos próprias, vem por este NOTIFICAR ao senhor ADEMILSON CARDOSO RAMOS, inscrita no CPF sob o nº 006.526.XXX-98, para que proceda ao pagamento dos débitos existentes junto a esta Autarquia, referentes os acertos financeiros decorrente de Demissão, em conformidade com a Nota Técnica nº 21/2025/SEMF - SRSE-I/SEGEP - SRSE-I/DIGEP - SRSE-I/COGP - SRSE-I/SRSE-I-INSS sendo a NOTIFICAÇÃO Nº 05/2025, e o Despacho Decisório SEMF - SRSE-I/INSS Nº 145, DE 10 DE outubro DE 2025 com a NOTIFICAÇÃO Nº 15/2025, por meio de Guia de Recolhimento da União - GRU, no prazo máximo de 10 (Dez) dias, contados da publicação deste Edital, sob pena de ser inscrita na Dívida Ativa da União.</p><p>A Guia de Recolhimento da União poderá ser solicitada através do e-mail semf.srse1@inss.gov.br.</p><p>Dessa decisão, cabe RECURSO no prazo máximo de 10 (Dez) dias, contados da publicação deste Edital.</p><p class="assina">KELLY CRISTINA SILVA</p>]]></Texto>
  </body>
  <Midias />
</article></xml>