﻿<xml><article id="46226392" name="DOU2-RS-1-PT-460-UNI-PR-RS-00115" idOficio="11376523" pubName="DO2" artType="Portaria" pubDate="03/11/2025" artClass="00066:00008:00044:00000:00000:00000:00000:00000:00000:00000:00017:00460" artCategory="Ministério Público da União/Ministério Público Federal/Procuradoria da República no Estado do Rio Grande do Sul" artSize="12" artNotes="" numberPage="118" pdfPage="http://pesquisa.in.gov.br/imprensa/jsp/visualiza/index.jsp?data=03/11/2025&amp;jornal=529&amp;pagina=118" editionNumber="209" highlightType="" highlightPriority="" highlight="" highlightimage="" highlightimagename="" idMateria="23270463">
  <body>
    <Identifica><![CDATA[ PORTARIA PR/RS Nº 460, DE 28 DE OUTUBRO DE 2025]]></Identifica>
    <Data><![CDATA[]]></Data>
    <Ementa />
    <Titulo />
    <SubTitulo />
    <Texto><![CDATA[<p class="identifica">PORTARIA PR/RS Nº 460, DE 28 DE OUTUBRO DE 2025</p><p>O Procurador-Chefe da Procuradoria da República no Rio Grande do Sul, no uso de suas atribuições que lhe conferem a Portaria SG/MPF nº 382, de 5 de maio de 2015, e conforme Portaria PGR/MPF nº 996, de 24 de novembro de 2023, publicada no DOU - Seção II de 28/11/2023, resolve:</p><p>1. Dispensar o servidor EMERSON LOURENÇO INCHAUSPE, Analista do MPU/Direito, matrícula nº 30.777, da função de confiança de Assistente Nível II, código FC-2, do GABPR26-FSM, Gabinete do Procurador da República Felipe da Silva Müller, da Procuradoria da República no Estado do Rio Grande do Sul.</p><p>2. Dispensar a servidora PAMELA EDLER, Técnica do MPU/Administração, matrícula nº 29.249, da função de confiança de Assistente Nível III, código FC-3, da Chefia de Gabinete da Procuradoria da República no Estado do Rio Grande do Sul.</p><p>3. Designar a servidora PAMELA EDLER, Técnica do MPU/Administração, matrícula nº 29.249, para exercer a função de confiança de Assistente Nível II, código FC-2, do GABPR26-FSM, Gabinete do Procurador da República Felipe da Silva Müller, da Procuradoria da República no Estado do Rio Grande do Sul.</p><p>4. Designar o servidor GREGÓRIO OLIVA TAVARES, Técnico do MPU/Administração, matrícula nº 30.197, para exercer a função de confiança de Assistente Nível III, código FC-3, da Chefia de Gabinete da Procuradoria da República no Estado do Rio Grande do Sul.</p><p class="assina">FELIPE DA SILVA MÜLLER</p>]]></Texto>
  </body>
  <Midias />
</article></xml>