﻿<xml><article id="46226011" name="Portaria de aposentadoria - para" idOficio="11372612" pubName="DO2" artType="Portaria" pubDate="03/11/2025" artClass="00050:00020:00105:00000:00000:00000:00000:00000:00000:00000:00017:00000" artCategory="Ministério dos Transportes/Departamento Nacional de Infraestrutura de Transportes/Superintendência Regional no Rio Grande do Sul" artSize="12" artNotes="" numberPage="116" pdfPage="http://pesquisa.in.gov.br/imprensa/jsp/visualiza/index.jsp?data=03/11/2025&amp;jornal=529&amp;pagina=116" editionNumber="209" highlightType="" highlightPriority="" highlight="" highlightimage="" highlightimagename="" idMateria="23263220">
  <body>
    <Identifica><![CDATA[ PORTARIA Nº 6.078,  DE 18 DE OUTUBRO DE 2025]]></Identifica>
    <Data><![CDATA[]]></Data>
    <Ementa />
    <Titulo />
    <SubTitulo />
    <Texto><![CDATA[<p class="identifica">PORTARIA Nº 6.078, DE 18 DE OUTUBRO DE 2025</p><p>O SUPERINTENDENTE REGIONAL NO ESTADO DO RIO GRANDE DO SUL, DO DEPARTAMENTO NACIONAL DE INFRAESTRUTURA DE TRANSPORTES, usando a competência que lhe foi delegada pela Portaria DG nº 931, de 30 de maio de 2016, publicada no Diário Oficial da União de 1º de junho de 2016, e tendo em vista o constante do processo nº 50610.002634/2022-19, resolve:</p><p>Conceder aposentadoria voluntária, ao servidor PAULO RENATO FAN SEVERO, matrículas DNIT nº 1532.6 e SIAPE nº 0857063, ocupante do cargo de Agente Administrativo, Classe "S" Padrão V, Nível Intrmediário, pertencente ao Plano Especial de Cargos desta Autarquia, lotado na Unidade Local de Santana do Livramento/RS, de acordo com o Art. 3° da Emenda Constitucional nº 47/2005, combinado com o Art. 3° da Emenda Constitucional nº 103/2019, com proventos vinculados à última remuneração (vencimento básico acrescido de gratificações) e paridades aos servidores da ativa.</p><p class="assina">HIRATAN PINHEIRO DA SILVA</p>]]></Texto>
  </body>
  <Midias />
</article></xml>