﻿<xml><article id="46227139" name="ATO Portaria SGP NA 183" idOficio="11375445" pubName="DO2" artType="Portaria" pubDate="03/11/2025" artClass="00070:00001:00008:00005:00000:00000:00000:00000:00000:00000:00017:00183" artCategory="Poder Judiciário/Supremo Tribunal Federal/Secretaria do Tribunal/Secretaria de Gestão de Pessoas" artSize="12" artNotes="" numberPage="122" pdfPage="http://pesquisa.in.gov.br/imprensa/jsp/visualiza/index.jsp?data=03/11/2025&amp;jornal=529&amp;pagina=122" editionNumber="209" highlightType="" highlightPriority="" highlight="" highlightimage="" highlightimagename="" idMateria="23268687">
  <body>
    <Identifica><![CDATA[ Portaria SGP Nº 183, DE 29 DE outubro DE 2025]]></Identifica>
    <Data><![CDATA[]]></Data>
    <Ementa />
    <Titulo />
    <SubTitulo />
    <Texto><![CDATA[<p class="identifica">Portaria SGP Nº 183, DE 29 DE outubro DE 2025</p><p>A SECRETÁRIA DE GESTÃO DE PESSOAS DO SUPREMO TRIBUNAL FEDERAL, no uso das atribuições conferidas pelo Regulamento da Secretaria do Supremo Tribunal Federal e tendo em vista o art. 9º, II, da Lei n° 8.112, de 11 de dezembro de 1990, resolve:</p><p>Designar KAMILA ALVES CHIANCA para exercer a função comissionada de Assistente III, nível FC-3, no Gabinete do Ministro Alexandre de Moraes.</p><p class="assina">ADRIANA SOUZA TOLEDO</p>]]></Texto>
  </body>
  <Midias />
</article></xml>