﻿<xml><article id="46227079" name="828 - KAMILA E GABRIELA - DIS-DE" idOficio="11374744" pubName="DO2" artType="Portaria" pubDate="03/11/2025" artClass="00070:00004:00001:00002:00000:00000:00000:00000:00000:00000:00017:00000" artCategory="Poder Judiciário/Superior Tribunal de Justiça/Presidência/Secretaria" artSize="12" artNotes="" numberPage="123" pdfPage="http://pesquisa.in.gov.br/imprensa/jsp/visualiza/index.jsp?data=03/11/2025&amp;jornal=529&amp;pagina=123" editionNumber="209" highlightType="" highlightPriority="" highlight="" highlightimage="" highlightimagename="" idMateria="23267440">
  <body>
    <Identifica><![CDATA[ Portaria STJ/GDG Nº 828, DE 22 DE outubro DE 2025]]></Identifica>
    <Data><![CDATA[]]></Data>
    <Ementa />
    <Titulo />
    <SubTitulo />
    <Texto><![CDATA[<p class="identifica">Portaria STJ/GDG Nº 828, DE 22 DE outubro DE 2025</p><p>O DIRETOR-GERAL DA SECRETARIA DO SUPERIOR TRIBUNAL DE JUSTIÇA, com base no item 21.2.3, XI, b, do Anexo da Instrução Normativa STJ/GP n. 19 de 11 de junho de 2025 e no disposto no art. 35, I, da Lei n. 8.112, de 11 de dezembro de 1990, resolve:</p><p>Art. 1º Efetuar as seguintes alterações no Gabinete da Ministra Nancy Andrighi:</p><p>I - Dispensar KAMILA ALVES CHIANCA, matrícula S079043, da função de confiança de Assistente IV, código FC-4;</p><p>II - Designar GABRIELA DUTRA RAMOS, matrícula S079671, para a função de confiança de Assistente IV, código FC-4, na vaga decorrente da dispensa de Kamila Alves Chianca.</p><p>Art. 2º Esta portaria entra em vigor na data de sua publicação.</p><p class="assina">SERGIO JOSÉ AMERICO PEDREIRA</p>]]></Texto>
  </body>
  <Midias />
</article></xml>