﻿<xml><article id="46226353" name="PORTARIA N 806_23271023" idOficio="11376859" pubName="DO2" artType="Portaria" pubDate="03/11/2025" artClass="00070:00004:00001:00000:00000:00000:00000:00000:00000:00000:00017:00004" artCategory="Poder Judiciário/Superior Tribunal de Justiça/Presidência" artSize="12" artNotes="" numberPage="123" pdfPage="http://pesquisa.in.gov.br/imprensa/jsp/visualiza/index.jsp?data=03/11/2025&amp;jornal=529&amp;pagina=123" editionNumber="209" highlightType="" highlightPriority="" highlight="" highlightimage="" highlightimagename="" idMateria="23271023">
  <body>
    <Identifica><![CDATA[ PORTARIA STJ/GP Nº 806, DE 29 DE OUTUBRO DE 2025]]></Identifica>
    <Data><![CDATA[]]></Data>
    <Ementa />
    <Titulo />
    <SubTitulo />
    <Texto><![CDATA[<p class="identifica">PORTARIA STJ/GP Nº 806, DE 29 DE OUTUBRO DE 2025</p><p>O PRESIDENTE DO SUPERIOR TRIBUNAL DE JUSTIÇA, usando da atribuição conferida pelo art. 21, XXV, do Regimento Interno e considerando o disposto no art. 34 da Lei n. 8.112, de 11 de dezembro de 1990, e no Processo STJ n. 038324/2025, resolve:</p><p>Art. 1º Exonerar, a pedido, com efeitos a contar de 22 de outubro de 2025, RAVENA RIBEIRO BRITO, matrícula S080076, do cargo de Analista Judiciário, Área Judiciária, do quadro de pessoal deste Tribunal.</p><p>Art. 2º Esta portaria entra em vigor na data de sua publicação.</p><p class="assina">Min. HERMAN BENJAMIN</p>]]></Texto>
  </body>
  <Midias />
</article></xml>