﻿<xml><article id="46226794" name="ATO NA 594 DE 29.10.2025-FRANKLI" idOficio="11374868" pubName="DO2" artType="Ato" pubDate="03/11/2025" artClass="00070:00011:00001:00000:00000:00000:00000:00000:00000:00000:00001:00000" artCategory="Poder Judiciário/Tribunal Regional Federal da 5ª Região/Presidência" artSize="12" artNotes="" numberPage="126" pdfPage="http://pesquisa.in.gov.br/imprensa/jsp/visualiza/index.jsp?data=03/11/2025&amp;jornal=529&amp;pagina=126" editionNumber="209" highlightType="" highlightPriority="" highlight="" highlightimage="" highlightimagename="" idMateria="23267588">
  <body>
    <Identifica><![CDATA[ ATO Nº 594, DE 29 DE OUTUBRO DE 2025]]></Identifica>
    <Data><![CDATA[]]></Data>
    <Ementa />
    <Titulo />
    <SubTitulo />
    <Texto><![CDATA[<p class="identifica">ATO Nº 594, DE 29 DE OUTUBRO DE 2025</p><p>O PRESIDENTE DO TRIBUNAL REGIONAL FEDERAL DA 5ª REGIÃO, no uso das atribuições que lhe confere o art. 17, inciso XXIII, do Regimento Interno, com fundamento no artigo 96, inciso I, alínea "e", da Constituição Federal, resolve:</p><p>NOMEAR, nos termos do art. 9º, inciso I, e 10, da Lei nº 8.112/1990, c/c a Lei nº 11.416/2006 e alterações posteriores, em virtude de habilitação em Concurso Público realizado pelo Tribunal Regional Federal da 5ª Região, obedecida a ordem de classificação, o candidato abaixo relacionado, para exercer o cargo efetivo a seguir mencionado, do Quadro de Pessoal da Justiça Federal de Primeiro Grau - Seção Judiciária do Ceará - Subseção Judiciária de SOBRAL:</p><p>TÉCNICO JUDICIÁRIO - ÁREA ADMINISTRATIVA - ESPECIALIDADE AGENTE DA POLÍCIA JUDICIAL, Nível Superior, Classe "A", Padrão 1:</p><p>FRANKLIN DOUGLAS ARCANJO MARIANO, em vaga decorrente da posse de Robson Xavier Gondim em outro cargo público federal inacumulável.</p><p class="assina">FRANCISCO ROBERTO MACHADO</p>]]></Texto>
  </body>
  <Midias />
</article></xml>