﻿<xml><article id="46226398" name="PORTARIA N 890_23268392" idOficio="11375212" pubName="DO2" artType="Portaria" pubDate="03/11/2025" artClass="00070:00042:00001:00001:00000:00000:00000:00000:00000:00000:00017:00000" artCategory="Poder Judiciário/Tribunal Regional do Trabalho da 1ª Região/Presidência/Gabinete da Presidência" artSize="12" artNotes="" numberPage="131" pdfPage="http://pesquisa.in.gov.br/imprensa/jsp/visualiza/index.jsp?data=03/11/2025&amp;jornal=529&amp;pagina=131" editionNumber="209" highlightType="" highlightPriority="" highlight="" highlightimage="" highlightimagename="" idMateria="23268392">
  <body>
    <Identifica><![CDATA[ PORTARIA SGP Nº 890, DE 14 DE OUTUBRO DE 2025]]></Identifica>
    <Data><![CDATA[]]></Data>
    <Ementa />
    <Titulo />
    <SubTitulo />
    <Texto><![CDATA[<p class="identifica">PORTARIA SGP Nº 890, DE 14 DE OUTUBRO DE 2025</p><p>O PRESIDENTE DO TRIBUNAL REGIONAL DO TRABALHO DA PRIMEIRA REGIÃO, no uso de suas atribuições legais e regimentais, e tendo em vista o que consta do PROAD 11084/2025, resolve:</p><p>Conceder aposentadoria voluntária ao servidor JORGE LUIZ FERNANDES DA SILVA, no cargo de Analista Judiciário, Área Administrativa, Classe C, Padrão 13, com fundamento no artigo 20, incisos I a IV, § 2º, inciso II, e § 3º, inciso II, da Emenda Constitucional n° 103/2019, e proventos calculados na base de 100% (cem por cento) da média aritmética apurada na forma do artigo 26, e §§ 1º, 3º, inciso I, 6º e 7º, caput, também da Emenda Constitucional n° 103/2019, acrescido do pagamento do Benefício Especial previsto no artigo 3º, §§ 1º e 5º, da Lei n° 12.618/2012.</p><p class="assina">ROQUE LUCARELLI DATTOLI</p>]]></Texto>
  </body>
  <Midias />
</article></xml>