﻿<xml><article id="46227943" name="PORTARIA N 1.546_23270423" idOficio="11376545" pubName="DO2" artType="Portaria" pubDate="03/11/2025" artClass="00046:00295:00039:00000:00000:00000:00000:00000:00000:00000:00017:00004" artCategory="Ministério das Relações Exteriores/Secretaria-Geral das Relações Exteriores/Secretaria de Gestão Administrativa" artSize="12" artNotes="" numberPage="107" pdfPage="http://pesquisa.in.gov.br/imprensa/jsp/visualiza/index.jsp?data=03/11/2025&amp;jornal=529&amp;pagina=107" editionNumber="209" highlightType="" highlightPriority="" highlight="" highlightimage="" highlightimagename="" idMateria="23270423">
  <body>
    <Identifica><![CDATA[ PORTARIA Nº 1.546, DE 29 DE OUTUBRO DE 2025]]></Identifica>
    <Data><![CDATA[]]></Data>
    <Ementa />
    <Titulo />
    <SubTitulo />
    <Texto><![CDATA[<p class="identifica">PORTARIA Nº 1.546, DE 29 DE OUTUBRO DE 2025</p><p>O SECRETÁRIO DE GESTÃO ADMINISTRATIVA, de acordo com o art. 8º da portaria nº 386, de 14 de abril de 2022, e com o decreto nº 10.829, de 5 de outubro de 2021, resolve:</p><p>Designar BRUNO SANTIAGO PORTUGAL, segundo-secretário da carreira de diplomata do Ministério das Relações Exteriores, Siape nº 3259916, para substituir, em seus afastamentos, impedimentos legais ou regulamentares, bem como na vacância do cargo, o chefe da Divisão de Logística e Infraestrutura, código FCE 1.13.</p><p class="assina">DENIS FONTES DE SOUZA PINTO</p>]]></Texto>
  </body>
  <Midias />
</article></xml>