﻿<xml><article id="46226305" name="801 - GUILHERME DE MELO - DIS-NO" idOficio="11374699" pubName="DO2" artType="Portaria" pubDate="03/11/2025" artClass="00070:00004:00001:00000:00000:00000:00000:00000:00000:00000:00017:00003" artCategory="Poder Judiciário/Superior Tribunal de Justiça/Presidência" artSize="12" artNotes="" numberPage="123" pdfPage="http://pesquisa.in.gov.br/imprensa/jsp/visualiza/index.jsp?data=03/11/2025&amp;jornal=529&amp;pagina=123" editionNumber="209" highlightType="" highlightPriority="" highlight="" highlightimage="" highlightimagename="" idMateria="23267435">
  <body>
    <Identifica><![CDATA[ Portaria STJ/GP Nº 801, DE 27 DE outubro DE 2025]]></Identifica>
    <Data><![CDATA[]]></Data>
    <Ementa />
    <Titulo />
    <SubTitulo />
    <Texto><![CDATA[<p class="identifica">Portaria STJ/GP Nº 801, DE 27 DE outubro DE 2025</p><p>O PRESIDENTE DO SUPERIOR TRIBUNAL DE JUSTIÇA, usando da atribuição conferida pelo art. 21, XXV, do Regimento Interno e considerando o disposto nos arts. 9º, II, e 35, II, da Lei n. 8.112, de 11 de dezembro de 1990, resolve:</p><p>Art. 1º Efetuar as seguintes alterações no Gabinete do Ministro Marco Buzzi:</p><p>I - Dispensar, a pedido, GUILHERME DE MELO COSTA, matrícula S071786, da função de confiança de Assistente IV, código FC-4;</p><p>II - Nomear o servidor para o cargo em comissão de Assessor de Ministro, código CJ-3, na vaga decorrente da exoneração de Murillo Henrique Souza Neves.</p><p>Art. 2º Esta portaria entra em vigor na data de sua publicação.</p><p class="assina">Min. HERMAN BENJAMIN</p>]]></Texto>
  </body>
  <Midias />
</article></xml>