﻿<xml><article id="46227337" name="PORTARIA 497 PREGOEIRO AGENTE DE" idOficio="11372037" pubName="DO2" artType="Portaria" pubDate="03/11/2025" artClass="00071:00177:00000:00000:00000:00000:00000:00000:00000:00000:00017:00000" artCategory="Entidades de Fiscalização do Exercício das Profissões Liberais/Conselho Regional de Corretores de Imóveis da 3ª Região" artSize="12" artNotes="" numberPage="135" pdfPage="http://pesquisa.in.gov.br/imprensa/jsp/visualiza/index.jsp?data=03/11/2025&amp;jornal=529&amp;pagina=135" editionNumber="209" highlightType="" highlightPriority="" highlight="" highlightimage="" highlightimagename="" idMateria="23262238">
  <body>
    <Identifica><![CDATA[ PORTARIA CRECI-RS Nº497, DE 3 DE NOVEMBRO DE 2025]]></Identifica>
    <Data><![CDATA[]]></Data>
    <Ementa />
    <Titulo />
    <SubTitulo />
    <Texto><![CDATA[<p class="identifica">PORTARIA CRECI-RS Nº497, DE 3 DE NOVEMBRO DE 2025</p><p>MÁRCIO FERREIRA BINS ELY, Presidente do CONSELHO REGIONAL DOS CORRETORES DE IMÓVEIS - 3ª REGIÃO/RS, no exercício regular de suas atribuições legais e regimentais, em especial art. 1º, XVIII, da Resolução-COFECI nº 13/1978 e;</p><p>CONSIDERANDO a premência desta Administração em atrelar todo e qualquer procedimento aos estritos limites da legislação vigente, em especial aquela vinculada ao Conselho Regional de Corretores de Imóveis da 3ª Região;</p><p>CONSIDERANDO o princípio da transparência nos atos da administração pública e a vinculação dos mesmos ao ordenamento jurídico vigente, aliado à incessante busca desta administração pelo correto emprego dos princípios da transparência;</p><p>CONSIDERANDO o disposto no art. 8º, da Lei nº 14.133/2021, Designa Agentes de Contratação, Pregoeiros e Equipe de Apoio para as contratações e Pregões dos exercícios de 2025 e 2026, resolve:</p><p>Art. 1º - Designar o agente de contratação para condução dos atos durante toda fase do processo de licitação e a respectiva equipe de apoio.</p><p>I - Agente de Contratação: Desirée Selau Simas;</p><p>II - Equipe de apoio: Guilherme Krieger Caldas, Luis Felipe da Silva, Matheus Felipe da Silva Angelin e Rudinei de Souza Dorneles.</p><p>§ 1º O agente de contratação deverá adotar procedimentos visando o atendimento dos atos pertinentes a condução de todas as fases da licitação na forma prevista nos arts. 14 e 15 do Decreto nº 11.246, de 27 de outubro de 2022, que regulamenta a atuação do agente de contratação e equipe de apoio.</p><p>§ 2º Caberá a equipe de apoio auxiliar o agente de contratação, a comissão de contratação e o pregoeiro no exercício de suas atribuições na forma prevista em lei.</p><p>Art. 2º - Designar como pregoeiro o servidor Desirée Selau Simas para atuarem nos processos de Licitações quando estes processados na modalidade pregão na forma do Decreto nº 11.246/2022.</p><p>Art. 3º - Esta Portaria não se aplica a contratação ou aquisição de bens e serviços especiais, devendo ser composta uma comissão de contratação, conforme §2º do art. 8º da lei 14.133/2021.</p><p>Art. 4º - Esta portaria terá validade por 12 meses e entra em vigor na data de sua publicação.</p><p class="assina">Márcio Ferreira Bins Ely</p>]]></Texto>
  </body>
  <Midias />
</article></xml>