﻿<xml><article id="46227424" name="PORTARIA N 1.770_23270357" idOficio="11376431" pubName="DO2" artType="Portaria" pubDate="03/11/2025" artClass="00066:00010:00001:00004:00000:00000:00000:00000:00000:00000:00017:00000" artCategory="Ministério Público da União/Ministério Público do Trabalho/Procuradoria-Geral/Diretoria-Geral" artSize="12" artNotes="" numberPage="119" pdfPage="http://pesquisa.in.gov.br/imprensa/jsp/visualiza/index.jsp?data=03/11/2025&amp;jornal=529&amp;pagina=119" editionNumber="209" highlightType="" highlightPriority="" highlight="" highlightimage="" highlightimagename="" idMateria="23270357">
  <body>
    <Identifica><![CDATA[ PORTARIA DG Nº 1.770, DE 30 DE OUTUBRO DE 2025]]></Identifica>
    <Data><![CDATA[]]></Data>
    <Ementa />
    <Titulo />
    <SubTitulo />
    <Texto><![CDATA[<p class="identifica">PORTARIA DG Nº 1.770, DE 30 DE OUTUBRO DE 2025</p><p>O DIRETOR-GERAL DO MINISTÉRIO PÚBLICO DO TRABALHO, no uso da competência que lhe foi atribuída pelo artigo 258 da Portaria PGT/MPT nº 1.162, de 7 de agosto de 2025, publicada no Boletim de Serviço Eletrônico nº 147, de 8 de agosto de 2025, e considerando o que consta no PGEA/MPT n° 20.02.0001.0008763/2025-73, resolve:</p><p>Art. 1° Designar o servidor MATHEUS DE CARVALHO E NEVES, matrícula 6009872-4, ocupante do cargo efetivo de Técnico do MPU/Administração, para a função de confiança de Chefe do Setor de Distribuição e Controle, código FC-3, da Diretoria de Administração da Procuradoria-Geral do Trabalho.</p><p>Art.2º Dispensar o servidor MATHEUS DE CARVALHO E NEVES, matrícula 6009872-4, ocupante do cargo efetivo de Técnico do MPU/Administração, do encargo de substituto eventual do Chefe do Setor de Distribuição e Controle, código FC-3, da Diretoria de Administração da Procuradoria-Geral do Trabalho.</p><p>Art. 3º Dispensar a servidora FABIANA RODRIGUES PEREIRA LIMA, matrícula 6008191-0, ocupante do cargo efetivo de Técnico do MPU/Administração, do encargo de substituto eventual do Chefe do Setor de Serviços Gerais da Diretoria de Administração, código FC-3, da Procuradoria-Geral do Trabalho.</p><p>Art. 4º Dispensar a servidora FABIANA RODRIGUES PEREIRA LIMA, matrícula 6008191-0, ocupante do cargo efetivo de Técnico do MPU/Administração, do encargo de substituto eventual do Chefe do Setor de Apoio Operacional, código FC-3, da Procuradoria-Geral do Trabalho.</p><p>Art. 5º Designar o servidor DANIEL COUTINHO DA SILVA, matrícula 6008414-6, ocupante do cargo efetivo de Analista do MPU/Gestão Pública, para o encargo de substituto eventual do Chefe do Setor de Serviços Gerais da Diretoria de Administração, código FC-3, da Procuradoria-Geral do Trabalho.</p><p>Art. 6º Designar o servidor DANIEL COUTINHO DA SILVA, matrícula 6008414-6, ocupante do cargo efetivo de Analista do MPU/Gestão Pública, para o encargo de substituto eventual do Chefe do Setor de Apoio Operacional, código FC-3, da Procuradoria-Geral do Trabalho.</p><p class="assina">JOÃO BATISTA MACHADO JÚNIOR</p>]]></Texto>
  </body>
  <Midias />
</article></xml>