﻿<xml><article id="46230279" name="PORTARIA N 880_23235096" idOficio="11359365" pubName="DO2" artType="Portaria" pubDate="03/11/2025" artClass="00070:00042:00001:00001:00000:00000:00000:00000:00000:00000:00017:00000" artCategory="Poder Judiciário/Tribunal Regional do Trabalho da 1ª Região/Presidência/Gabinete da Presidência" artSize="12" artNotes="" numberPage="131" pdfPage="http://pesquisa.in.gov.br/imprensa/jsp/visualiza/index.jsp?data=03/11/2025&amp;jornal=529&amp;pagina=131" editionNumber="209" highlightType="" highlightPriority="" highlight="" highlightimage="" highlightimagename="" idMateria="23235096">
  <body>
    <Identifica><![CDATA[ PORTARIA SGP Nº 880, DE 10 DE OUTUBRO DE 2025]]></Identifica>
    <Data><![CDATA[]]></Data>
    <Ementa />
    <Titulo />
    <SubTitulo />
    <Texto><![CDATA[<p class="identifica">PORTARIA SGP Nº 880, DE 10 DE OUTUBRO DE 2025</p><p>O PRESIDENTE DO TRIBUNAL REGIONAL DO TRABALHO DA PRIMEIRA REGIÃO, no uso de suas atribuições legais e regimentais, e tendo em vista o que consta do Processo eletrônico nº 14388/2025- PROAD resolve:</p><p>Conceder aposentadoria voluntária à servidora LILIAN DE LACERDA FERNANDES no cargo de Analista Judiciário - Área Judiciária, Classe C, Padrão 13, com proventos correspondentes à totalidade da remuneração do cargo efetivo e fundamento nos §§ 2º; 6º, inciso I; e 7º, inciso I, do artigo 4º, incisos I a V, da Emenda Constitucional nº 103/2019, observando-se o acréscimo da vantagem pessoal nominalmente identificada nos termos artigo 62-A da Lei nº 8.112/90, com redação dada pelo artigo 3º, da Medida Provisória nº 2225-45/01, c/c entendimento decorrente do Recurso Extraordinário nº 638.115/CE c/c a alteração introduzida no parágrafo único do artigo 11 da Lei 11.416/2006, incluído pela Lei 14.687/2023.</p><p class="assina">ROQUE LUCARELLI DATTOLI</p>]]></Texto>
  </body>
  <Midias />
</article></xml>