﻿<xml><article id="46226881" name="ATO-GDGSET.GP-703" idOficio="11372012" pubName="DO2" artType="Ato" pubDate="03/11/2025" artClass="00070:00005:00001:00000:00000:00000:00000:00000:00000:00000:00001:00000" artCategory="Poder Judiciário/Tribunal Superior do Trabalho/Presidência" artSize="12" artNotes="" numberPage="124" pdfPage="http://pesquisa.in.gov.br/imprensa/jsp/visualiza/index.jsp?data=03/11/2025&amp;jornal=529&amp;pagina=124" editionNumber="209" highlightType="" highlightPriority="" highlight="" highlightimage="" highlightimagename="" idMateria="23262186">
  <body>
    <Identifica><![CDATA[ ATO Nº 703, DE 28 DE OUTUBRO DE 2025]]></Identifica>
    <Data><![CDATA[]]></Data>
    <Ementa />
    <Titulo />
    <SubTitulo />
    <Texto><![CDATA[<p class="identifica">ATO Nº 703, DE 28 DE OUTUBRO DE 2025</p><p>O PRESIDENTE DO TRIBUNAL SUPERIOR DO TRABALHO, no uso de suas atribuições legais e regimentais, resolve:</p><p>1 - Exonerar, a pedido, a servidora SILVANIA PINHEIRO COELHO JOSE, código 29368, do cargo em comissão de Chefe de Gabinete do Ex.mo Sr. Desembargador Convocado José Pedro de Camargo Rodrigues de Souza, Nível CJ-3, privativa de bacharel em Direito.</p><p>2 - Nomear o servidor JADER DE OLIVEIRA JUNIOR, código 47123, Analista Judiciário, Área Judiciária, para exercer o cargo em comissão de Chefe de Gabinete do Ex.mo Sr. Desembargador Convocado José Pedro de Camargo Rodrigues de Souza, Nível CJ-3, privativa de bacharel em Direito, ficando exonerado do cargo em comissão de Assessor de Ministro, Nível CJ-3, privativa de bacharel em Direito, do referido Gabinete.</p><p class="assina">Min. VIEIRA DE MELLO FILHO</p>]]></Texto>
  </body>
  <Midias />
</article></xml>