﻿<xml><article id="46226497" name="ATO Portaria GDG NA 216" idOficio="11373424" pubName="DO2" artType="Portaria" pubDate="03/11/2025" artClass="00070:00001:00008:00001:00000:00000:00000:00000:00000:00000:00017:00000" artCategory="Poder Judiciário/Supremo Tribunal Federal/Secretaria do Tribunal/Gabinete" artSize="12" artNotes="" numberPage="122" pdfPage="http://pesquisa.in.gov.br/imprensa/jsp/visualiza/index.jsp?data=03/11/2025&amp;jornal=529&amp;pagina=122" editionNumber="209" highlightType="" highlightPriority="" highlight="" highlightimage="" highlightimagename="" idMateria="23264437">
  <body>
    <Identifica><![CDATA[ Portaria GDG Nº 216, DE 27 DE outubro DE 2025]]></Identifica>
    <Data><![CDATA[]]></Data>
    <Ementa />
    <Titulo />
    <SubTitulo />
    <Texto><![CDATA[<p class="identifica">Portaria GDG Nº 216, DE 27 DE outubro DE 2025</p><p>A DIRETORA-GERAL DA SECRETARIA DO SUPREMO TRIBUNAL FEDERAL, no uso das atribuições conferidas pelo Regulamento da Secretaria do Supremo Tribunal Federal e tendo em vista o art. 9º, II, da Lei n° 8.112, de 11 de dezembro de 1990, resolve:</p><p>Designar BIBIANA OLIVEIRA DE OLIVEIRA AGENDES para exercer a função comissionada de Gerente VI, nível FC-6, na Gerência de Gestão de Gabinete SAE.</p><p class="assina">DESDÊMONA TENÓRIO DE BRITO TOLEDO ARRUDA</p>]]></Texto>
  </body>
  <Midias />
</article></xml>