﻿<xml><article id="46226095" name="3832-SPG_DESIG_FCE205_913010" idOficio="11375734" pubName="DO2" artType="Portaria" pubDate="03/11/2025" artClass="00006:00004:02004:00017:00000:00000:00000:00000:00000:00000:00017:00000" artCategory="Presidência da República/Casa Civil/Agência Brasileira de Inteligência/Secretaria de Planejamento e Gestão" artSize="12" artNotes="" numberPage="3" pdfPage="http://pesquisa.in.gov.br/imprensa/jsp/visualiza/index.jsp?data=03/11/2025&amp;jornal=529&amp;pagina=3" editionNumber="209" highlightType="" highlightPriority="" highlight="" highlightimage="" highlightimagename="" idMateria="23269337">
  <body>
    <Identifica><![CDATA[ PORTARIA GAB/DG/ABIN/CC/PR Nº 3.832, DE 21 DE OUTUBRO DE 2025]]></Identifica>
    <Data><![CDATA[]]></Data>
    <Ementa />
    <Titulo />
    <SubTitulo />
    <Texto><![CDATA[<p class="identifica">PORTARIA GAB/DG/ABIN/CC/PR Nº 3.832, DE 21 DE OUTUBRO DE 2025</p><p><strong>A SECRETÁRIA DE PLANEJAMENTO E GESTÃO SUBSTITUTA DA AGÊNCIA BRASILEIRA DE INTELIGÊNCIA DA CASA CIVIL DA PRESIDÊNCIA DA REPÚBLICA</strong>, no exercício das competências que lhe foram atribuídas pelo art. 18 do Anexo I ao Decreto Nº 11.816, de 6 de dezembro de 2023, e tendo em vista a competência que lhe foi subdelegada pelo art. 4º, § 1º da Portaria CC/PR nº 725, de 23 de julho de 2025, publicada no Diário Oficial da União nº 138, de 24 de julho de 2025 e o art. 6º, VI, alínea "b", da Portaria GAB/DG/ABIN/CC/PR Nº 2193, de 03 de julho de 2024, republicada no Boletim de Serviço Eletrônico em 5 de julho de 2024, resolve:</p><p>Designar<strong></strong>matrícula nº 913010 para exercer a função comissionada executiva de Assistente Técnico(a), código FCE 2.05.</p><p class="assina">ANNA CRUZ DE ARAÚJO PEREIRA DA SILVA</p>]]></Texto>
  </body>
  <Midias />
</article></xml>