﻿<xml><article id="46227580" name="PORTARIA NA 2971 DE 24 DE OUTUBR" idOficio="11374869" pubName="DO2" artType="Portaria" pubDate="03/11/2025" artClass="00025:00103:00000:00000:00000:00000:00000:00000:00000:00000:00017:00035" artCategory="Ministério da Educação/Universidade Federal Fluminense" artSize="12" artNotes="" numberPage="62" pdfPage="http://pesquisa.in.gov.br/imprensa/jsp/visualiza/index.jsp?data=03/11/2025&amp;jornal=529&amp;pagina=62" editionNumber="209" highlightType="" highlightPriority="" highlight="" highlightimage="" highlightimagename="" idMateria="23267592">
  <body>
    <Identifica><![CDATA[ PORTARIA Nº 2.971, DE 24 DE OUTUBRO DE 2025]]></Identifica>
    <Data><![CDATA[]]></Data>
    <Ementa />
    <Titulo />
    <SubTitulo />
    <Texto><![CDATA[<p class="identifica">PORTARIA Nº 2.971, DE 24 DE OUTUBRO DE 2025</p><p>O VICE-REITOR NO EXERCÍCIO DA REITORIA da Universidade Federal Fluminense, no uso de suas atribuições, e tendo em vista o que consta do Processo UFF n.º 23069.165016/2025-34, resolve:</p><p>Conceder aposentadoria voluntária a CARLOS ENRIQUE GUANZIROLI, matrícula SIAPE nº 311498, ocupante do cargo de Professor do Magistério Superior, Classe D, Nível 001, do Plano de Carreiras e Cargos de Magistério Federal, do Quadro de Pessoal Permanente desta Universidade, código de vaga 932724, com fundamento no artigo 4º, § 6º, Inciso I e § 8º da Emenda Constitucional nº 103/19, com proventos integrais, cumulativamente com o adicional por tempo de serviço no percentual de 7% (sete por cento), com a retribuição por titulação.</p><p class="assina">FABIO BARBOZA PASSOS</p>]]></Texto>
  </body>
  <Midias />
</article></xml>