﻿<xml><article id="46226962" name="DOU2-SG_MPF-PGR-3-PT-1085-UNI-PG" idOficio="11375416" pubName="DO2" artType="Portaria" pubDate="03/11/2025" artClass="00066:00008:00006:00000:00000:00000:00000:00000:00000:00000:00017:01085" artCategory="Ministério Público da União/Ministério Público Federal/Secretaria-Geral" artSize="12" artNotes="" numberPage="118" pdfPage="http://pesquisa.in.gov.br/imprensa/jsp/visualiza/index.jsp?data=03/11/2025&amp;jornal=529&amp;pagina=118" editionNumber="209" highlightType="" highlightPriority="" highlight="" highlightimage="" highlightimagename="" idMateria="23268728">
  <body>
    <Identifica><![CDATA[ PORTARIA SG/MPF Nº 1.085, DE 28 DE OUTUBRO DE 2025]]></Identifica>
    <Data><![CDATA[]]></Data>
    <Ementa />
    <Titulo />
    <SubTitulo />
    <Texto><![CDATA[<p class="identifica">PORTARIA SG/MPF Nº 1.085, DE 28 DE OUTUBRO DE 2025</p><p>O SECRETÁRIO EXECUTIVO DA SECRETARIA-GERAL DO MINISTÉRIO PÚBLICO FEDERAL, no uso da competência que lhe foi atribuída pelo artigo 6º - inciso XXXII do Regimento Interno Administrativo do MPF, aprovado pela Portaria PGR/MPF nº 382, de 5 de maio de 2015, e pelo artigo 3º - inciso IV da Portaria SG/MPF nº 625, de 11 de julho de 2025, tendo em vista o disposto nos artigos 9º - inciso II e 35 - inciso I da Lei nº 8.112, de 11 de dezembro de 1990, e no expediente PGR-00417804/2025, resolve:</p><p>1. Exonerar ITALO CAMARGOS VIEIRA, ocupante do cargo de Técnico do MPU/Polícia Institucional, matrícula nº 22033, do cargo em comissão de Supervisor de Operações Aéreas, CC-1, da Secretaria de Polícia Institucional do Ministério Público Federal.</p><p>2. Nomear DAMIAO ANTUNES PINHEIRO, ocupante do cargo de Técnico do MPU/Polícia Institucional, matrícula nº 33770, para exercer o cargo em comissão de Supervisor de Operações Aéreas, CC-1, da Secretaria de Polícia Institucional do Ministério Público Federal.</p><p class="assina">CLEUBER DELANO JOSE LISBOA FILHO</p>]]></Texto>
  </body>
  <Midias />
</article></xml>