﻿<xml><article id="46227568" name="PORTARIA N 863_23271127" idOficio="11376975" pubName="DO2" artType="Portaria" pubDate="03/11/2025" artClass="00070:00004:00001:00002:00000:00000:00000:00000:00000:00000:00017:00000" artCategory="Poder Judiciário/Superior Tribunal de Justiça/Presidência/Secretaria" artSize="12" artNotes="" numberPage="124" pdfPage="http://pesquisa.in.gov.br/imprensa/jsp/visualiza/index.jsp?data=03/11/2025&amp;jornal=529&amp;pagina=124" editionNumber="209" highlightType="" highlightPriority="" highlight="" highlightimage="" highlightimagename="" idMateria="23271127">
  <body>
    <Identifica><![CDATA[ PORTARIA STJ/GDG Nº 863, DE 30 DE OUTUBRO DE 2025]]></Identifica>
    <Data><![CDATA[]]></Data>
    <Ementa />
    <Titulo />
    <SubTitulo />
    <Texto><![CDATA[<p class="identifica">PORTARIA STJ/GDG Nº 863, DE 30 DE OUTUBRO DE 2025</p><p>O DIRETOR-GERAL DA SECRETARIA DO SUPERIOR TRIBUNAL DE JUSTIÇA, com base no item 21.2.3, XI, b, do Anexo da Instrução Normativa STJ/GP n. 19 de 11 de junho de 2025 e no disposto no art. 35, I e II, da Lei n. 8.112, de 11 de dezembro de 1990, resolve:</p><p>Art. 1º Efetuar as seguintes alterações na Coordenadoria de Saúde Ocupacional e Prevenção, da Secretaria de Serviços Integrados de Saúde:</p><p>I - Dispensar, a pedido, com efeitos a contar de 24 de outubro de 2025, MARCELO FERREIRA DE ARAUJO, matrícula S042166, da função de confiança de Chefe da Seção de Medicina Preventiva, código FC-6;</p><p>II - Designar PATRICK DUARTE TEIXEIRA, matrícula S079949, para a função de confiança de Chefe da Seção de Medicina Preventiva, código FC-6, na vaga decorrente da dispensa de Marcelo Ferreira de Araujo.</p><p>Art. 2º Esta portaria entra em vigor na data de sua publicação.</p><p class="assina">SERGIO JOSÉ AMERICO PEDREIRA</p>]]></Texto>
  </body>
  <Midias />
</article></xml>