﻿<xml><article id="46227730" name="DOU_PR_20251028_para03_011" idOficio="11372302" pubName="DO2" artType="Portaria" pubDate="03/11/2025" artClass="00040:00024:00000:00000:00000:00000:00000:00000:00000:00000:00013:00001" artCategory="Ministério do Planejamento e Orçamento/Fundação Instituto Brasileiro de Geografia e Estatística" artSize="12" artNotes="" numberPage="95" pdfPage="http://pesquisa.in.gov.br/imprensa/jsp/visualiza/index.jsp?data=03/11/2025&amp;jornal=529&amp;pagina=95" editionNumber="209" highlightType="" highlightPriority="" highlight="" highlightimage="" highlightimagename="" idMateria="23262655">
  <body>
    <Identifica><![CDATA[ PORTARIAS DE 28 DE OUTUBRO DE 2025]]></Identifica>
    <Data><![CDATA[]]></Data>
    <Ementa />
    <Titulo />
    <SubTitulo />
    <Texto><![CDATA[<p class="identifica">PORTARIAS DE 28 DE OUTUBRO DE 2025</p><p>O PRESIDENTE da FUNDAÇÃO INSTITUTO BRASILEIRO DE GEOGRAFIA E ESTATÍSTICA-IBGE, usando de suas atribuições legais e regulamentares, resolve:</p><p>Nº 1.503 - Declarar vago o cargo efetivo de Técnico em Informações Geográficas e Estatísticas, classe C, padrão II, do quadro permanente desta Fundação, por motivo de exoneração a pedido do servidor WILLAMY DE FARIA SHIOSE, CPF nº XXX.455.627-XX, matrícula nº 3014008, na forma do disposto nº art. 33, inciso I e Art. 34, da Lei nº 8.112/90, a partir de 03/11/2025.</p><p>Nº 1.504 - Dispensar, a pedido, SEMIRAMIS FREIRE VALENTE, CPF nº XXX.413.653-XX, da função comissionada executiva de Chefe de Agência Nível II, do(a) Agência do IBGE em Vitória, do(a) Superintendência Estadual do IBGE no Espírito Santo, FCE - 1.3, desta Fundação, a partir de 03/11/2025.</p><p>Nº 1.505 - Designar MARIANI DAN TAUFNER, CPF nº XXX.060.957-XX, para exercer a função comissionada executiva de Chefe de Agência Nível II, do(a) Agência do IBGE em Vitória, do(a) Superintendência Estadual do IBGE no Espírito Santo, FCE - 1.3, desta Fundação.</p><p>Nº 1.506 - Dispensar LORENA SILVA ARRIVABENE, CPF nº XXX.611.537-XX, da função comissionada executiva de Assistente Técnico, do(a) Seção de Recursos Materiais, do(a) Superintendência Estadual do IBGE no Espírito Santo, FCE - 2.2, desta Fundação, a partir de 03/11/2025.</p><p>Nº 1.507 - Designar ANA LUISA DA CAMINO MONCLAIR, CPF nº XXX.190.831-XX, para exercer a função comissionada executiva de Assistente Técnico, do(a) Seção de Recursos Materiais, do(a) Superintendência Estadual do IBGE no Espírito Santo, FCE - 2.2, desta Fundação.</p><p>Nº 1.508 - Dispensar NATASHA TELLES STORNI, CPF nº XXX.870.347-XX, da função comissionada executiva de Chefe de Seção, do(a) Seção de Recursos Materiais, do(a) Superintendência Estadual do IBGE no Espírito Santo, FCE - 1.3, desta Fundação, a partir de 03/11/2025.</p><p>Nº 1.509 - Designar LORENA SILVA ARRIVABENE, CPF nº XXX.611.537-XX, para exercer a função comissionada executiva de Chefe de Seção, do(a) Seção de Recursos Materiais, do(a) Superintendência Estadual do IBGE no Espírito Santo, FCE - 1.3, desta Fundação.</p><p>Nº 1.510 - Dispensar LORENA RODRIGUES NEGREIROS, CPF nº XXX.776.487-XX, da função comissionada executiva de Chefe de Seção, do(a) Seção de Produção Integrada de Geoinformação, do(a) Superintendência Estadual do IBGE no Espírito Santo, FCE - 1.3, desta Fundação, a partir de 03/11/2025.</p><p>Nº 1.511 - Designar NATASHA TELLES STORNI, CPF nº XXX.870.347-XX, para exercer a função comissionada executiva de Chefe de Seção, do(a) Seção de Produção Integrada de Geoinformação, do(a) Superintendência Estadual do IBGE no Espírito Santo, FCE - 1.3, desta Fundação.</p><p>Nº 1.512 - Dispensar CARLOS ENOCK DA SILVA MARTINS, CPF nº XXX.990.702-XX, da função comissionada executiva de Chefe de Agência Nível I, do(a) Agência do IBGE em São Gabriel da Cachoeira, do(a) Superintendência Estadual do IBGE no Amazonas, FCE - 1.2, desta Fundação, a partir de 03/11/2025.</p><p class="assina">MARCIO POCHMANN</p>]]></Texto>
  </body>
  <Midias />
</article></xml>