﻿<xml><article id="46226815" name="DOU2-RS-1-PT-459-UNI-PR-RS-00115" idOficio="11376523" pubName="DO2" artType="Portaria" pubDate="03/11/2025" artClass="00066:00008:00044:00000:00000:00000:00000:00000:00000:00000:00017:00459" artCategory="Ministério Público da União/Ministério Público Federal/Procuradoria da República no Estado do Rio Grande do Sul" artSize="12" artNotes="" numberPage="118" pdfPage="http://pesquisa.in.gov.br/imprensa/jsp/visualiza/index.jsp?data=03/11/2025&amp;jornal=529&amp;pagina=118" editionNumber="209" highlightType="" highlightPriority="" highlight="" highlightimage="" highlightimagename="" idMateria="23270462">
  <body>
    <Identifica><![CDATA[ PORTARIA PR/RS Nº 459, DE 27 DE OUTUBRO DE 2025]]></Identifica>
    <Data><![CDATA[]]></Data>
    <Ementa />
    <Titulo />
    <SubTitulo />
    <Texto><![CDATA[<p class="identifica">PORTARIA PR/RS Nº 459, DE 27 DE OUTUBRO DE 2025</p><p>O Procurador-Chefe da Procuradoria da República no Rio Grande do Sul, no uso de suas atribuições que lhe conferem a Portaria SG/MPF nº 382, de 5 de maio de 2015, e conforme Portaria PGR/MPF nº 996, de 24 de novembro de 2023, publicada no DOU - Seção II de 28/11/2023, resolve:</p><p>1. Apostilar a nomeação da servidora EDUARDA BERTON CANDATEN, matrícula 33982, Assessora-Chefe Nível IV, código CC-4, GABPR1-Vago, da Procuradoria da República no Estado do Rio Grande do Sul, realizada originalmente pela Portaria PR/RS nº 652, de 17/12/2024, publicada no DOU de 19/12/2024, para constar exercício no GABPRM2-BP, Gabinete da Procuradora da República Bruna Pfaffenzeller, da Procuradoria da República no Município de Bento Gonçalves, no Estado do Rio Grande do Sul.</p><p>2. Exonerar o servidor AUGUSTO OLESIAK CORDENONSI, Analista do MPU/Direito, matrícula nº 27498, do cargo em comissão de Assessor-Chefe Nível IV- código CC-4, GABPRM2-BP, Gabinete da Procuradora da República Bruna Pfaffenzeller, da Procuradoria da República no Município de Bento Gonçalves, no Estado do Rio Grande do Sul.</p><p>3. Nomear a servidora CRISTIANE GHISLENI, Analista do MPU/Direito, matrícula nº 19748, para exercer o cargo em comissão de Assessora-Chefe Nível IV - código CC-4, GABPRM1-Vago, da Procuradoria da República no Estado do Rio Grande do Sul.</p><p>4. Dispensar o servidor WALMIR COELHO DA COSTA SANTOS, Analista do MPU/Direito, matrícula nº 26427, da função de confiança de Assistente Nível II - código FC-2, GABPRM2-BP, Gabinete da Procuradora da República Bruna Pfaffenzeller, da Procuradoria da República no Município de Bento Gonçalves, no Estado do Rio Grande do Sul.</p><p>5. Designar o servidor TIAGO BREGOLIN BERTUZZO, Técnico do MPU/Administração, matrícula nº 28845, para exercer a função de confiança de Assistente Nível II - código FC-2, GABPRM2-BP, Gabinete da Procuradora da República Bruna Pfaffenzeller, da Procuradoria da República no Município de Bento Gonçalves, no Estado do Rio Grande do Sul.</p><p class="assina">FELIPE DA SILVA MÜLLER</p>]]></Texto>
  </body>
  <Midias />
</article></xml>