﻿<xml><article id="46227397" name="PORTARIA 3077 GR__V6EBYO" idOficio="11368454" pubName="DO2" artType="Portaria" pubDate="03/11/2025" artClass="00025:00148:00001:00014:00000:00000:00000:00000:00000:00000:00017:00001" artCategory="Ministério da Educação/Fundação Universidade Federal do Maranhão/Gabinete da Reitoria/Pró-Reitoria de Recursos Humanos" artSize="12" artNotes="" numberPage="76" pdfPage="http://pesquisa.in.gov.br/imprensa/jsp/visualiza/index.jsp?data=03/11/2025&amp;jornal=529&amp;pagina=76" editionNumber="209" highlightType="" highlightPriority="" highlight="" highlightimage="" highlightimagename="" idMateria="23250875">
  <body>
    <Identifica><![CDATA[ PORTARIA Nº 3.077, de 28 de outubro de 2025]]></Identifica>
    <Data><![CDATA[]]></Data>
    <Ementa />
    <Titulo />
    <SubTitulo />
    <Texto><![CDATA[<p class="identifica">PORTARIA Nº 3.077, de 28 de outubro de 2025</p><p>O REITOR DA UNIVERSIDADE FEDERAL DO MARANHÃO, no uso de suas atribuições legais, estatutárias e regimentais, e face ao contido no artigo 33, inciso VIII, da Lei 8.112/90, e em face do contido no processo Nº 23115.031235/2025-18, resolve:</p><p>Declarar vago, a partir de 03/11/2025, o cargo de ASSISTENTE EM ADMINISTRACAO, sob o código de vaga 315466, ocupado por LUCAS FRANCO CORREA SCHALCHER, matrícula SIAPE 3304302, Quadro de Pessoal Permanente desta Universidade, lotado(a) no(a) COORDENAÇÃO DO CURSO DE CIÊNCIA DA COMPUTAÇÃO/CCET, por motivo de posse em outro cargo público inacumulável.</p><p class="assina">FERNANDO CARVALHO SILVA</p>]]></Texto>
  </body>
  <Midias />
</article></xml>