﻿<xml><article id="46227817" name="2025-10-30/11376858/andrev_23271" idOficio="11376858" pubName="DO2" artType="Ato" pubDate="03/11/2025" artClass="00070:00005:00009:00000:00000:00000:00000:00000:00000:00000:00001:00001" artCategory="Poder Judiciário/Tribunal Superior do Trabalho/Secretaria" artSize="12" artNotes="" numberPage="124" pdfPage="http://pesquisa.in.gov.br/imprensa/jsp/visualiza/index.jsp?data=03/11/2025&amp;jornal=529&amp;pagina=124" editionNumber="209" highlightType="" highlightPriority="" highlight="" highlightimage="" highlightimagename="" idMateria="23271022">
  <body>
    <Identifica><![CDATA[ ATO Nº 661, DE 30 DE OUTUBRO DE 2025]]></Identifica>
    <Data><![CDATA[]]></Data>
    <Ementa />
    <Titulo />
    <SubTitulo />
    <Texto><![CDATA[<p class="identifica">ATO Nº 661, DE 30 DE OUTUBRO DE 2025</p><p>O DIRETOR-GERAL DA SECRETARIA SUBSTITUTO DO TRIBUNAL SUPERIOR DO TRABALHO, no uso de suas atribuições legais e regulamentares,</p><p>Considerando o constante da Proposta nº 3071 do Sistema de Gestão de Pessoas - Sigep TST, de 29/10/2025, resolve:</p><p>Designar a servidora RENATA VIEIRA LUZ, código 64732, Técnica Judiciária, Área Apoio Especializado, Especialidade Taquigrafia, para exercer a função comissionada de Assistente 3, Nível FC-3, do Gabinete do Ex.mo Sr. Desembargador Convocado José Pedro de Camargo Rodrigues de Souza.</p><p class="assina">JOSE RAILTON SILVA REGO</p>]]></Texto>
  </body>
  <Midias />
</article></xml>