﻿<xml><article id="46227910" name="PORTARIA SEG 1808" idOficio="11375814" pubName="DO2" artType="Portaria" pubDate="03/11/2025" artClass="00070:00041:00002:00003:00000:00000:00000:00000:00000:00000:00017:00000" artCategory="Poder Judiciário/Tribunal de Justiça do Distrito Federal e dos Territórios/Presidência/Secretaria-Geral" artSize="12" artNotes="" numberPage="130" pdfPage="http://pesquisa.in.gov.br/imprensa/jsp/visualiza/index.jsp?data=03/11/2025&amp;jornal=529&amp;pagina=130" editionNumber="209" highlightType="" highlightPriority="" highlight="" highlightimage="" highlightimagename="" idMateria="23269449">
  <body>
    <Identifica><![CDATA[ PORTARIA SEG Nº 1.808, DE 27 DE OUTUBRO DE 2025]]></Identifica>
    <Data><![CDATA[]]></Data>
    <Ementa />
    <Titulo />
    <SubTitulo />
    <Texto><![CDATA[<p class="identifica">PORTARIA SEG Nº 1.808, DE 27 DE OUTUBRO DE 2025</p><p>O SECRETARIO-GERAL DO TRIBUNAL DE JUSTIÇA DO DISTRITO FEDERAL E DOS TERRITÓRIOS, no uso de sua competência delegada pelo art. 1º, incisos I e II da Portaria GPR 1235, de 9 de maio de 2024, e tendo em vista o contido no PA N. 1035709/2025, resolve:</p><p>Art. 1º Designar LUIZ EDUARDO CASTANHO SILVESTRE, matrícula N. 318.974, Analista Judiciário, Área Judiciária, do Quadro de Pessoal deste Tribunal, para exercer a Função Comissionada, FC-05, da 6ª Vara de Família da Circunscrição Judiciária de Brasília, ficando dispensada NAIÁ CAMELO VILAS BOAS FIGUEIRÊDO, matrícula N. 315.676, Técnico Judiciário, Área Administrativa, do Quadro de Pessoal deste Tribunal.</p><p>Art. 2º Esta Portaria entra em vigor na data de sua publicação.</p><p class="assina">CELSO DE OLIVEIRA E SOUSA NETO</p>]]></Texto>
  </body>
  <Midias />
</article></xml>