﻿<xml><article id="46227871" name="PORTARIA N 816_23271397" idOficio="11377102" pubName="DO2" artType="Portaria" pubDate="03/11/2025" artClass="00025:00110:00000:00000:00000:00000:00000:00000:00000:00000:00017:00000" artCategory="Ministério da Educação/Universidade Federal de Lavras" artSize="12" artNotes="" numberPage="64" pdfPage="http://pesquisa.in.gov.br/imprensa/jsp/visualiza/index.jsp?data=03/11/2025&amp;jornal=529&amp;pagina=64" editionNumber="209" highlightType="" highlightPriority="" highlight="" highlightimage="" highlightimagename="" idMateria="23271397">
  <body>
    <Identifica><![CDATA[ PORTARIA Nº 816, DE 29 DE OUTUBRO DE 2025]]></Identifica>
    <Data><![CDATA[]]></Data>
    <Ementa />
    <Titulo />
    <SubTitulo />
    <Texto><![CDATA[<p class="identifica">PORTARIA Nº 816, DE 29 DE OUTUBRO DE 2025</p><p>O REITOR EM EXERCÍCIO DA UNIVERSIDADE FEDERAL DE LAVRAS, no uso de suas atribuições regimentais, considerando o disposto no processo nº 23090.025821/2025-59, resolve:</p><p>Art. 1º Designar a servidora Carla Agostini, matrícula nº 2448511, para exercer a função de Coordenadora, código FG-1, na Coordenadoria de Orçamento e Planejamento/Superintendência de Gestão e Planejamento da Pró-Reitoria de Planejamento e Gestão.</p><p>Art. 2º Esta Portaria entra em vigor na data de sua publicação no Diário Oficial da União.</p><p class="assina">JACKSON ANTÔNIO BARBOSA</p>]]></Texto>
  </body>
  <Midias />
</article></xml>