﻿<xml><article id="46226056" name="PORTARIA N 135_23211034" idOficio="11344524" pubName="DO2" artType="Portaria" pubDate="03/11/2025" artClass="00070:00037:00001:00000:00000:00000:00000:00000:00000:00000:00017:00000" artCategory="Poder Judiciário/Tribunal Regional Eleitoral de Santa Catarina/Presidência" artSize="12" artNotes="" numberPage="129" pdfPage="http://pesquisa.in.gov.br/imprensa/jsp/visualiza/index.jsp?data=03/11/2025&amp;jornal=529&amp;pagina=129" editionNumber="209" highlightType="" highlightPriority="" highlight="" highlightimage="" highlightimagename="" idMateria="23211034">
  <body>
    <Identifica><![CDATA[ PORTARIA P/TRE-SC Nº 135, DE 14 DE OUTUBRO DE 2025]]></Identifica>
    <Data><![CDATA[]]></Data>
    <Ementa />
    <Titulo />
    <SubTitulo />
    <Texto><![CDATA[<p class="identifica">PORTARIA P/TRE-SC Nº 135, DE 14 DE OUTUBRO DE 2025</p><p>O PRESIDENTE DO TRIBUNAL REGIONAL ELEITORAL DE SANTA CATARINA, no uso das atribuições que lhe são conferidas pelo art. 22, incisos XXIV e XXVIII, do Regimento Interno deste Tribunal (Resolução TRE-SC 7.847, de 12.12.2011), e considerando a decisão proferida no processo SEI 0004754-92.2025.6.24.8000, resolve:</p><p>Art. 1º Conceder aposentadoria voluntária ao servidor MÁRCIO BOECHAT FERREIRA, ocupante do cargo efetivo de Técnico Judiciário, Área Administrativa, criado pela Lei 6.082, de 10.7.1974, Classe C, Padrão 13, do quadro de pessoal deste Tribunal, com fundamento no art. 20 da Emenda Constitucional 103, de 12.11.2019, com proventos calculados conforme art. 20, § 2º, I e § 3º, I, da EC 103/2019.</p><p>Art. 2º Os proventos serão reajustados na mesma proporção e na mesma data, sempre que se modificar a remuneração dos servidores em atividade, nos termos do art. 7º da Emenda Constitucional 41, de 19.12.2003.</p><p>Art. 3º Esta portaria entra em vigor na data de sua publicação no Diário Oficial da União (DOU), sem prejuízo de sua publicação no Boletim Interno do Tribunal Regional Eleitoral de Santa Catarina (BITRESC).</p><p class="assina">Des. CARLOS ALBERTO CIVINSKI</p>]]></Texto>
  </body>
  <Midias />
</article></xml>