﻿<xml><article id="46227082" name="1512 - BLOCO O" idOficio="11366046" pubName="DO2" artType="Portaria" pubDate="03/11/2025" artClass="00008:00002:00000:00000:00000:00000:00000:00000:00000:00000:00013:00292" artCategory="Ministério da Agricultura e Pecuária/Secretaria Executiva" artSize="12" artNotes="" numberPage="24" pdfPage="http://pesquisa.in.gov.br/imprensa/jsp/visualiza/index.jsp?data=03/11/2025&amp;jornal=529&amp;pagina=24" editionNumber="209" highlightType="" highlightPriority="" highlight="" highlightimage="" highlightimagename="" idMateria="23247103">
  <body>
    <Identifica><![CDATA[ PORTARIA DE PESSOAL SE/MAPA Nº 1.512, DE 31 DE OUTUBRO DE 2025]]></Identifica>
    <Data><![CDATA[]]></Data>
    <Ementa />
    <Titulo />
    <SubTitulo />
    <Texto><![CDATA[<p class="identifica">PORTARIA DE PESSOAL SE/MAPA Nº 1.512, DE 31 DE OUTUBRO DE 2025</p><p>O SECRETÁRIO-EXECUTIVO DO MINISTÉRIO DA AGRICULTURA E PECUÁRIA, no uso da competência que lhe foi subdelegada pela Portaria MAPA nº 548, de 16 de janeiro de 2023, publicada no Diário Oficial da União de 20 de janeiro de 2023, e tendo em vista as disposições da Lei nº 14.204, de 16 de setembro de 2021, do Decreto nº 10.829, de 5 de outubro de 2021, do Decreto nº 12.642, de 1º de outubro de 2025, e o que consta no Processo SEI nº 21000.072951/2025-17, resolve:</p><p>Designar EDNA DE CARVALHO MARTINS, matrícula SIAPE nº 32242, para exercer a Função Comissionada Executiva de Assessor Técnico Especializado, código FCE 4.03, da Coordenação Regional de Desenvolvimento da Lavoura Cacaueira nos Estados do Pará e Amazonas, da Coordenação-Geral das Coordenações Regionais e dos Centros de Desenvolvimento, da Comissão Executiva do Plano da Lavoura Cacaueira, da Secretaria de Desenvolvimento Rural.</p><p class="assina">IRAJÁ LACERDA</p>]]></Texto>
  </body>
  <Midias />
</article></xml>