﻿<xml><article id="46227037" name="PORTARIA N 881_23247168" idOficio="11366088" pubName="DO2" artType="Portaria" pubDate="03/11/2025" artClass="00070:00042:00001:00001:00000:00000:00000:00000:00000:00000:00017:00000" artCategory="Poder Judiciário/Tribunal Regional do Trabalho da 1ª Região/Presidência/Gabinete da Presidência" artSize="12" artNotes="" numberPage="131" pdfPage="http://pesquisa.in.gov.br/imprensa/jsp/visualiza/index.jsp?data=03/11/2025&amp;jornal=529&amp;pagina=131" editionNumber="209" highlightType="" highlightPriority="" highlight="" highlightimage="" highlightimagename="" idMateria="23247168">
  <body>
    <Identifica><![CDATA[ PORTARIA SGP Nº 881, DE 13 DE OUTUBRO DE 2025]]></Identifica>
    <Data><![CDATA[]]></Data>
    <Ementa />
    <Titulo />
    <SubTitulo />
    <Texto><![CDATA[<p class="identifica">PORTARIA SGP Nº 881, DE 13 DE OUTUBRO DE 2025</p><p>O PRESIDENTE DO TRIBUNAL REGIONAL DO TRABALHO DA PRIMEIRA REGIÃO, no uso de suas atribuições legais e regimentais, tendo em vista o que consta do Processo eletrônico nº 11006/2025 - PROAD resolve:</p><p>Conceder aposentadoria voluntária ao servidor NICEU VIEIRA DE MELO FILHO no cargo de Analista Judiciário, Administrativa, Classe C, Padrão 13, com fundamento no artigo 4º, incisos I a V, § 2º, §6º, inciso II, e § 7º, inciso I, da Emenda Constitucional nº 103/2019, e proventos calculados na base de 106% (cento e seis por cento) da média aritmética apurada na forma do artigo 26, caput, § 1º e § 2º, inciso I, também da Emenda Constitucional nº 103/2019, com o pagamento do Benefício Especial previsto no artigo 3º, §§1º e 5º, da Lei n.º 12.618/2012.</p><p class="assina">ROQUE LUCARELLI DATTOLI</p>]]></Texto>
  </body>
  <Midias />
</article></xml>