﻿<xml><article id="46227985" name="DOU2-SG_MPF-PGR-3-PT-1028-UNI-PG" idOficio="11375416" pubName="DO2" artType="Portaria" pubDate="03/11/2025" artClass="00066:00008:00006:00000:00000:00000:00000:00000:00000:00000:00017:01028" artCategory="Ministério Público da União/Ministério Público Federal/Secretaria-Geral" artSize="12" artNotes="" numberPage="118" pdfPage="http://pesquisa.in.gov.br/imprensa/jsp/visualiza/index.jsp?data=03/11/2025&amp;jornal=529&amp;pagina=118" editionNumber="209" highlightType="" highlightPriority="" highlight="" highlightimage="" highlightimagename="" idMateria="23268606">
  <body>
    <Identifica><![CDATA[ PORTARIA SG/MPF Nº 1.028, DE 13 DE OUTUBRO DE 2025]]></Identifica>
    <Data><![CDATA[]]></Data>
    <Ementa />
    <Titulo />
    <SubTitulo />
    <Texto><![CDATA[<p class="identifica">PORTARIA SG/MPF Nº 1.028, DE 13 DE OUTUBRO DE 2025</p><p>O SECRETÁRIO EXECUTIVO DA SECRETARIA-GERAL DO MINISTÉRIO PÚBLICO FEDERAL, no uso da competência que lhe foi atribuída pelo artigo 6º - inciso XXXII do Regimento Interno Administrativo do MPF, aprovado pela Portaria PGR/MPF nº 382, de 5 de maio de 2015, e pelo artigo 3º - inciso IV da Portaria SG/MPF nº 625, de 11 de julho de 2025, tendo em vista o disposto no artigo 9º -inciso II da Lei nº 8.112, de 11 de dezembro de 1990, e no Procedimento de Gestão Administrativa 1.00.000.006983/2025-07, resolve:</p><p>Nomear ANE CAROLINE VELOSO SOUSA, Bacharela em Direito, para exercer o cargo em comissão de Assessora-Chefe Nível IV, CC-4, de Gabinete de Procurador de República na Procuradoria da República no Estado do Maranhão, em vaga decorrente da exoneração de Hiara Hannah Tavares e Silva, matrícula nº 33402, ocorrida em 21 de setembro de 2025, publicada no DOU de 22 de setembro de 2025.</p><p class="assina">CLEUBER DELANO JOSE LISBOA FILHO</p>]]></Texto>
  </body>
  <Midias />
</article></xml>