﻿<xml><article id="46227421" name="Portaria de Pessoal - 2961" idOficio="11373121" pubName="DO2" artType="Portaria" pubDate="03/11/2025" artClass="00025:00103:00000:00000:00000:00000:00000:00000:00000:00000:00017:00036" artCategory="Ministério da Educação/Universidade Federal Fluminense" artSize="12" artNotes="" numberPage="62" pdfPage="http://pesquisa.in.gov.br/imprensa/jsp/visualiza/index.jsp?data=03/11/2025&amp;jornal=529&amp;pagina=62" editionNumber="209" highlightType="" highlightPriority="" highlight="" highlightimage="" highlightimagename="" idMateria="23263943">
  <body>
    <Identifica><![CDATA[ PORTARIA Nº 2.961, de 23 de outubro de 2025]]></Identifica>
    <Data><![CDATA[]]></Data>
    <Ementa />
    <Titulo />
    <SubTitulo />
    <Texto><![CDATA[<p class="identifica">PORTARIA Nº 2.961, de 23 de outubro de 2025</p><p>O VICE-REITOR NO EXERCÍCIO DA REITORIA DA UNIVERSIDADE FEDERAL FLUMINENSE, no uso de suas atribuições, e tendo em vista o que consta do Processo UFF n.º 23069.172742/2025-11, resolve:</p><p>Conceder aposentadoria voluntária a NAURA LIANE DE OLIVEIRA ADED, matrícula SIAPE nº 312084, ocupante do cargo de Professor do Magistério Superior, código 705001, Classe B, Nível 4, do Plano de Carreiras e Cargos de Magistério Federal, do Quadro de Pessoal Permanente desta Universidade, código de vaga 234505, com fundamento no artigo 4º, § 6º, Inciso I e § 8º da Emenda Constitucional nº 103/19, com proventos integrais, cumulativamente com o adicional por tempo de serviço no percentual de 6% (seis por cento) com a retribuição por titulação.</p><p class="assina">FABIO BARBOZA PASSOS</p>]]></Texto>
  </body>
  <Midias />
</article></xml>