﻿<xml><article id="46226944" name="DOU_PR_retificacao1525" idOficio="11377097" pubName="DO2" artType="Retificação" pubDate="03/11/2025" artClass="00040:00024:00000:00000:00000:00000:00000:00000:00000:00000:00013:00005" artCategory="Ministério do Planejamento e Orçamento/Fundação Instituto Brasileiro de Geografia e Estatística" artSize="12" artNotes="" numberPage="96" pdfPage="http://pesquisa.in.gov.br/imprensa/jsp/visualiza/index.jsp?data=03/11/2025&amp;jornal=529&amp;pagina=96" editionNumber="209" highlightType="" highlightPriority="" highlight="" highlightimage="" highlightimagename="" idMateria="23271442">
  <body>
    <Identifica><![CDATA[ RETIFICAÇÃO]]></Identifica>
    <Data><![CDATA[]]></Data>
    <Ementa />
    <Titulo />
    <SubTitulo />
    <Texto><![CDATA[<p class="identifica">RETIFICAÇÃO</p><p>Na Portaria do Presidente, nº 1525, de 30/10/2025, publicada no D.O.U. de 31/10/2025, Seção 2, página 59,</p><p>Onde se lê: desta Fundação.;</p><p>Leia-se: desta Fundação, a partir de 29/10/2025.</p>]]></Texto>
  </body>
  <Midias />
</article></xml>