﻿<xml><article id="46227565" name="2025-10-30/11376884/andrev_23271" idOficio="11376884" pubName="DO2" artType="Ato" pubDate="03/11/2025" artClass="00070:00005:00009:00000:00000:00000:00000:00000:00000:00000:00001:00001" artCategory="Poder Judiciário/Tribunal Superior do Trabalho/Secretaria" artSize="12" artNotes="" numberPage="125" pdfPage="http://pesquisa.in.gov.br/imprensa/jsp/visualiza/index.jsp?data=03/11/2025&amp;jornal=529&amp;pagina=125" editionNumber="209" highlightType="" highlightPriority="" highlight="" highlightimage="" highlightimagename="" idMateria="23271048">
  <body>
    <Identifica><![CDATA[ ATO Nº 660, DE 30 DE OUTUBRO DE 2025]]></Identifica>
    <Data><![CDATA[]]></Data>
    <Ementa />
    <Titulo />
    <SubTitulo />
    <Texto><![CDATA[<p class="identifica">ATO Nº 660, DE 30 DE OUTUBRO DE 2025</p><p>O DIRETOR-GERAL DA SECRETARIA SUBSTITUTO DO TRIBUNAL SUPERIOR DO TRABALHO, no uso de suas atribuições legais e regulamentares,</p><p>Considerando o constante da Proposta nº 3070 do Sistema de Gestão de Pessoas - Sigep TST, de 29/10/2025, resolve:</p><p>1 - Designar a servidora KARINA JESUS FERREIRA GOMES, código 51180, Analista Judiciária, Área Judiciária, para exercer a função comissionada de Assistente 5, Nível FC-5, privativa de bacharel em Direito, do Gabinete da Corregedoria-Geral da Justiça do Trabalho, ficando dispensada da função comissionada de Assistente 4, Nível FC-4, do referido Gabinete.</p><p>2 - Designar a servidora YASMIN OLIVEIRA DA SILVA, código 51206, Analista Judiciária, Área Judiciária, para exercer a função comissionada de Assistente 4, Nível FC-4, do Gabinete da Corregedoria-Geral da Justiça do Trabalho, ficando dispensada da função comissionada de Assistente 3, Nível FC-3, do referido Gabinete.</p><p class="assina">JOSE RAILTON SILVA REGO</p>]]></Texto>
  </body>
  <Midias />
</article></xml>