﻿<xml><article id="46226935" name="1305 - BLOCO F" idOficio="11363130" pubName="DO2" artType="Portaria" pubDate="03/11/2025" artClass="00008:00002:00000:00000:00000:00000:00000:00000:00000:00000:00013:00085" artCategory="Ministério da Agricultura e Pecuária/Secretaria Executiva" artSize="12" artNotes="" numberPage="11" pdfPage="http://pesquisa.in.gov.br/imprensa/jsp/visualiza/index.jsp?data=03/11/2025&amp;jornal=529&amp;pagina=11" editionNumber="209" highlightType="" highlightPriority="" highlight="" highlightimage="" highlightimagename="" idMateria="23242177">
  <body>
    <Identifica><![CDATA[ PORTARIA DE PESSOAL SE/MAPA Nº 1.305, DE 31 DE OUTUBRO DE 2025]]></Identifica>
    <Data><![CDATA[]]></Data>
    <Ementa />
    <Titulo />
    <SubTitulo />
    <Texto><![CDATA[<p class="identifica">PORTARIA DE PESSOAL SE/MAPA Nº 1.305, DE 31 DE OUTUBRO DE 2025</p><p>O SECRETÁRIO-EXECUTIVO DO MINISTÉRIO DA AGRICULTURA E PECUÁRIA, no uso da competência que lhe foi subdelegada pela Portaria MAPA nº 548, de 16 de janeiro de 2023, publicada no Diário Oficial da União de 20 de janeiro de 2023, e tendo em vista as disposições da Lei nº 14.204, de 16 de setembro de 2021, do Decreto nº 10.829, de 5 de outubro de 2021, do Decreto nº 12.642, de 1º de outubro de 2025, e o que consta no Processo SEI nº 21000.071790/2025-44, resolve:</p><p>Designar MARIA SONIA DA SILVA, matrícula SIAPE nº 1287, para exercer a Função Comissionada Executiva de Chefe de Setor, código FCE 1.02, do Setor de Gestão Financeira, do Departamento de Inspeção de Produtos de Origem Vegetal, da Secretaria de Defesa Agropecuária.</p><p class="assina">IRAJÁ LACERDA</p>]]></Texto>
  </body>
  <Midias />
</article></xml>