﻿<xml><article id="46226344" name="PORTARIA N 52_23265624" idOficio="11374173" pubName="DO2" artType="Portaria" pubDate="03/11/2025" artClass="00008:00002:00012:00000:00000:00000:00000:00000:00000:00000:00017:00000" artCategory="Ministério da Agricultura e Pecuária/Secretaria Executiva/Superintendência de Agricultura e Pecuária do Estado de Amazonas" artSize="12" artNotes="" numberPage="31" pdfPage="http://pesquisa.in.gov.br/imprensa/jsp/visualiza/index.jsp?data=03/11/2025&amp;jornal=529&amp;pagina=31" editionNumber="209" highlightType="" highlightPriority="" highlight="" highlightimage="" highlightimagename="" idMateria="23265624">
  <body>
    <Identifica><![CDATA[ PORTARIA N° 52, DE 29 DE OUTUBRO DE 2025]]></Identifica>
    <Data><![CDATA[]]></Data>
    <Ementa />
    <Titulo />
    <SubTitulo />
    <Texto><![CDATA[<p class="identifica">PORTARIA N° 52, DE 29 DE OUTUBRO DE 2025</p><p>A SUPERINTENDENTE FEDERAL DE AGRICULTURA E PECUÁRIA NO ESTADO DO AMAZONAS, no uso da competência que lhe confere o inciso V, do artigo 1º, da Portaria SE/MAPA no 22, de 25 de abril de 2023, publicada na seção 1 do Diário Oficial da União de 26 de abril de 2023, e</p><p>CONSIDERANDO a apuração de possível irregularidade na manutenção da condição de filha pensionista maior de 21 anos solteira, em desacordo com o fundamento do artigo 5º, Parágrafo Único, da Lei no 3.373/1958; e</p><p>CONSIDERANDO AINDA, o constante dos autos do processo SEI nº 21010.000427/2025-25, resolve:</p><p>Art. 1º - Tornar público o CANCELAMENTO da pensão de natureza temporária de Sra. DARLENE FERNANDES FEITOSA, matrícula SIAPE nº 00609***, na qualidade de filha solteira, maior de 21 anos, do ex-servidor aposentado deste Ministério, Sr. RAIMUNDO DIAS FEITOSA matrícula SIAPE nº 380** , falecido em 15/01/1983, nos termos do artigo 5°, parágrafo único, da Lei no 3.373/58, por perda da qualidade de beneficiária da pensão nos termos do inciso III, do Parágrafo Único, do Artigo 41, da Portaria SGP/SEDGG/ME no 4.645/2022.</p><p>Art. 2º - Esta PORTARIA DE PESSOAL entra em vigor na data de sua publicação.</p><p class="assina">DIONÍSIA SOARES CAMPOS</p>]]></Texto>
  </body>
  <Midias />
</article></xml>