﻿<xml><article id="46230246" name="PORTARIA NA 2959 DE 23 DE OUTUBR" idOficio="11374869" pubName="DO2" artType="Portaria" pubDate="03/11/2025" artClass="00025:00103:00000:00000:00000:00000:00000:00000:00000:00000:00017:00034" artCategory="Ministério da Educação/Universidade Federal Fluminense" artSize="12" artNotes="" numberPage="62" pdfPage="http://pesquisa.in.gov.br/imprensa/jsp/visualiza/index.jsp?data=03/11/2025&amp;jornal=529&amp;pagina=62" editionNumber="209" highlightType="" highlightPriority="" highlight="" highlightimage="" highlightimagename="" idMateria="23267591">
  <body>
    <Identifica><![CDATA[ PORTARIA Nº 2.959, DE 23 DE OUTUBRO DE 2025]]></Identifica>
    <Data><![CDATA[]]></Data>
    <Ementa />
    <Titulo />
    <SubTitulo />
    <Texto><![CDATA[<p class="identifica">PORTARIA Nº 2.959, DE 23 DE OUTUBRO DE 2025</p><p>O VICE-REITOR NO EXERCÍCIO DA REITORIA da Universidade Federal Fluminense, no uso de suas atribuições, e tendo em vista o que consta do Processo UFF n.º 23069.151598/2025-71, resolve:</p><p>Aposentar por incapacidade permanente para o trabalho NORBERTO FERNANDES DE SOUZA , matrícula SIAPE nº1106411, ocupante do cargo de AUXILIAR EM ADMINISTRAÇÃO, código 701405, Nível de Classificação C, Padrão de Vencimentos 17,do Quadro de Pessoal Permanente desta Universidade, código de vaga 240691, com fundamento no artigo 40, § 1º, inciso I, da Constituição Federal de 05/10/88 c/c o artigo 10, § 1º, inciso II da Emenda Constitucional 103/19, com proventos calculados com base no artigo 26, § 2º da Emenda Constitucional 103/19, cumulativamente com o adicional por tempo de serviço no percentual de 4% (quatro por cento).</p><p class="assina">FABIO BARBOZA PASSOS</p>]]></Texto>
  </body>
  <Midias />
</article></xml>