﻿<xml><article id="46226431" name="PORTARIA GPR 659" idOficio="11376755" pubName="DO2" artType="Portaria" pubDate="03/11/2025" artClass="00070:00041:00002:00000:00000:00000:00000:00000:00000:00000:00017:00001" artCategory="Poder Judiciário/Tribunal de Justiça do Distrito Federal e dos Territórios/Presidência" artSize="12" artNotes="" numberPage="130" pdfPage="http://pesquisa.in.gov.br/imprensa/jsp/visualiza/index.jsp?data=03/11/2025&amp;jornal=529&amp;pagina=130" editionNumber="209" highlightType="" highlightPriority="" highlight="" highlightimage="" highlightimagename="" idMateria="23270831">
  <body>
    <Identifica><![CDATA[ PORTARIA GPR Nº 659, DE 27 DE OUTUBRO DE 2025]]></Identifica>
    <Data><![CDATA[]]></Data>
    <Ementa />
    <Titulo />
    <SubTitulo />
    <Texto><![CDATA[<p class="identifica">PORTARIA GPR Nº 659, DE 27 DE OUTUBRO DE 2025</p><p>O PRESIDENTE DO TRIBUNAL DE JUSTIÇA DO DISTRITO FEDERAL E DOS TERRITÓRIOS, no uso de sua competência legal e tendo em vista o disposto no Processo SEI 0037454/2025, resolve:</p><p>Conceder aposentadoria voluntária integral à servidora Ana Cristina dos Anjos, matrícula 308.850, ocupante do cargo de Técnico Judiciário, Área Administrativa, Classe "C", Padrão 13, do Quadro de Pessoal deste Tribunal de Justiça, com fundamento no art. 20 da Emenda Constitucional 103/2019, com as vantagens previstas no art. 67 da Lei 8.112/1990, c/c o art. 6º da Lei 9.624/1998 e com o inciso II do art. 15 da Medida Provisória 2.225-45/2001, no art. 3º da Lei 8.911/1994, c/c o art. 15 da Lei 9.527/1997, a determinação judicial contida no MSG 2003.00.2.008895-7, o disposto no RE 638.115/CE e o parágrafo único do art. 11 da Lei 11.416/2006, incluído pela Lei 14.687/2023, e na Lei 11.416/2006, com proventos calculados e reajustados na forma do art. 20, §§ 2º, inciso I, e 3º, inciso I, da Emenda Constitucional 103/2019.</p><p class="assina">Des. WALDIR LEÔNCIO JÚNIOR</p>]]></Texto>
  </body>
  <Midias />
</article></xml>