﻿<xml><article id="46226434" name="DESPACHO - Autorizacao CHRISTINE" idOficio="11376911" pubName="DO2" artType="Despacho" pubDate="03/11/2025" artClass="00070:00001:00002:00000:00000:00000:00000:00000:00000:00000:00013:00004" artCategory="Poder Judiciário/Supremo Tribunal Federal/Presidência" artSize="12" artNotes="" numberPage="122" pdfPage="http://pesquisa.in.gov.br/imprensa/jsp/visualiza/index.jsp?data=03/11/2025&amp;jornal=529&amp;pagina=122" editionNumber="209" highlightType="" highlightPriority="" highlight="" highlightimage="" highlightimagename="" idMateria="23271076">
  <body>
    <Identifica><![CDATA[ DESPACHO]]></Identifica>
    <Data><![CDATA[]]></Data>
    <Ementa />
    <Titulo />
    <SubTitulo />
    <Texto><![CDATA[<p class="identifica">DESPACHO</p><p>Nos termos do art. 95 da Lei n.º 8.112, de 11 de dezembro de 1990, AUTORIZO o afastamento do país da servidora CHRISTINE OLIVEIRA PETER DA SILVA, lotada na Secretaria de Altos Estudos, Pesquisas e Gestão da Informação (SAE), entre os dias 23 a 27 de janeiro de 2026, com ônus para este Supremo Tribunal Federal, com a finalidade de assessorar o Ministro Presidente Edson Fachin em viagem à cidade de San Jose, Costa Rica, para visita institucional e cerimônia de posse do Presidente da Corte Interamericana de Direitos Humanos (CIDH).</p><p class="assina">Min. EDSON FACHIN</p>]]></Texto>
  </body>
  <Midias />
</article></xml>