﻿<xml><article id="46227736" name="DOU2-SG_MPF-PGR-3-PT-1057-UNI-PG" idOficio="11375416" pubName="DO2" artType="Portaria" pubDate="03/11/2025" artClass="00066:00008:00006:00000:00000:00000:00000:00000:00000:00000:00017:01057" artCategory="Ministério Público da União/Ministério Público Federal/Secretaria-Geral" artSize="12" artNotes="" numberPage="118" pdfPage="http://pesquisa.in.gov.br/imprensa/jsp/visualiza/index.jsp?data=03/11/2025&amp;jornal=529&amp;pagina=118" editionNumber="209" highlightType="" highlightPriority="" highlight="" highlightimage="" highlightimagename="" idMateria="23268607">
  <body>
    <Identifica><![CDATA[ PORTARIA SG/MPF Nº 1.057, DE 20 DE OUTUBRO DE 2025]]></Identifica>
    <Data><![CDATA[]]></Data>
    <Ementa />
    <Titulo />
    <SubTitulo />
    <Texto><![CDATA[<p class="identifica">PORTARIA SG/MPF Nº 1.057, DE 20 DE OUTUBRO DE 2025</p><p>O SECRETÁRIO EXECUTIVO DA SECRETARIA-GERAL DO MINISTÉRIO PÚBLICO FEDERAL, no uso da competência que lhe foi atribuída pelo artigo 6º - inciso XXXII do Regimento Interno Administrativo do MPF, aprovado pela Portaria PGR/MPF nº 382, de 5 de maio de 2015, e pelo artigo 3º - inciso IV da Portaria SG/MPF nº 625, de 11 de julho de 2025, tendo em vista o disposto no artigo 9º - inciso II da Lei nº 8.112, de 11 de dezembro de 1990, e no expediente PGR-00399122/2025, resolve:</p><p>Nomear JAYNNE CRISTINE QUINTINO FONSECA para exercer o cargo em comissão de Chefe da Divisão de Editoração e Publicação, CC-2, da Secretaria Jurídica e de Documentação do Ministério Público Federal, em vaga decorrente da exoneração de Olga Guimarães Vieira, matrícula nº 34092, ocorrida em 6 de outubro de 2025, publicada no DOU de 7 de outubro de 2025.</p><p class="assina">CLEUBER DELANO JOSE LISBOA FILHO</p>]]></Texto>
  </body>
  <Midias />
</article></xml>