﻿<xml><article id="46227484" name="Portaria de Nomeacao VERONICA - " idOficio="11377096" pubName="DO2" artType="Portaria" pubDate="03/11/2025" artClass="00025:00133:00000:00000:00000:00000:00000:00000:00000:00000:00017:00000" artCategory="Ministério da Educação/Universidade Federal do Triângulo Mineiro" artSize="12" artNotes="" numberPage="73" pdfPage="http://pesquisa.in.gov.br/imprensa/jsp/visualiza/index.jsp?data=03/11/2025&amp;jornal=529&amp;pagina=73" editionNumber="209" highlightType="" highlightPriority="" highlight="" highlightimage="" highlightimagename="" idMateria="23271441">
  <body>
    <Identifica><![CDATA[ PORTARIA DE PESSOAL Nº 1.122, DE 30 DE OUTUBRO DE 2025]]></Identifica>
    <Data><![CDATA[]]></Data>
    <Ementa />
    <Titulo />
    <SubTitulo />
    <Texto><![CDATA[<p class="identifica">PORTARIA DE PESSOAL Nº 1.122, DE 30 DE OUTUBRO DE 2025</p><p>A Reitora da Universidade Federal do Triângulo Mineiro - UFTM, nomeada pelo Presidente da República, por meio do Decreto de 1º de junho de 2023, publicado no Diário Oficial da União do dia 2 subsequente, no uso de suas atribuições legais e regimentais, e tendo em vista a Lei nº 8.112/1990, a Lei nº 11.091/2005, a Portaria Interministerial nº 316/2017, publicada no DOU de 19/10/2017, a Portaria Conjunta MGI/MEC nº 29/2023, publicada no DOU de 28/07/2023, o Edital de Abertura nº 72/2023, publicado no DOU de 01/11/2023, e o Edital de Homologação nº 28/2024, publicado no DOU de 21/05/2024, resolve:</p><p>Art. 1º Nomear, em caráter efetivo, a candidata abaixo relacionada, habilitada no Concurso Público para o cargo de ASSISTENTE EM ADMINISTRAÇÃO, Nível de Classificação D, Padrão de Vencimento 01, conforme Lei nº 11.091/2005, com jornada de 40 horas semanais.</p><p /><p></p><table><tr /><tr><td rowspan="1" colspan="1"><p>Candidata/o</p></td><td rowspan="1" colspan="1"><p>Vaga Oferecida</p></td><td rowspan="1" colspan="1"><p>Lotação</p></td><td rowspan="1" colspan="1"><p>Código da Vaga</p></td><td rowspan="1" colspan="1"><p>Origem da Vaga</p></td></tr><tr><td rowspan="1" colspan="1"><p>Veronica Andrade Almeida</p></td><td rowspan="1" colspan="1"><p>Ampla Concorrência</p></td><td rowspan="1" colspan="1"><p>Uberaba/MG</p></td><td rowspan="1" colspan="1"><p>0218393</p></td><td rowspan="1" colspan="1"><p>Posse em outro cargo inacululável, publicada no DOU de 29/10/2025.</p></td></tr></table><p>Art. 2º Esta Portaria de Pessoal entra em vigor na data de sua publicação.</p><p class="assina">MARINALVA VIEIRA BARBOSA</p>]]></Texto>
  </body>
  <Midias />
</article></xml>