﻿<xml><article id="46227820" name="PP 2025-636" idOficio="11376886" pubName="DO2" artType="Portaria" pubDate="03/11/2025" artClass="00041:00019:00000:00000:00000:00000:00000:00000:00000:00000:00017:00000" artCategory="Ministério de Portos e Aeroportos/Agência Nacional de Aviação Civil" artSize="12" artNotes="" numberPage="96" pdfPage="http://pesquisa.in.gov.br/imprensa/jsp/visualiza/index.jsp?data=03/11/2025&amp;jornal=529&amp;pagina=96" editionNumber="209" highlightType="" highlightPriority="" highlight="" highlightimage="" highlightimagename="" idMateria="23271050">
  <body>
    <Identifica><![CDATA[ PORTARIA DE PESSOAL Nº 636, DE 30 DE OUTUBRO DE 2025]]></Identifica>
    <Data><![CDATA[]]></Data>
    <Ementa />
    <Titulo />
    <SubTitulo />
    <Texto><![CDATA[<p class="identifica">PORTARIA DE PESSOAL Nº 636, DE 30 DE OUTUBRO DE 2025</p><p>O DIRETOR-PRESIDENTE DA AGÊNCIA NACIONAL DE AVIAÇÃO CIVIL - ANAC, no uso das atribuições que lhe conferem os arts. 16 da Lei nº 11.182, de 27 de setembro de 2005, e 35, inciso II, do Anexo I do Decreto nº 5.731, de 20 de março de 2006, tendo em vista o Regimento Interno, aprovado pela Resolução nº 381, de 14 de junho de 2016, considerando o que consta do processo nº 00058.090719/2025-25, resolve:</p><p>EXONERAR, a pedido, ANDREA HORA ATHAYDE BOSZCZOWSKI, matrícula SIAPE nº 2441333, do Cargo Comissionado Técnico, código CCT V, da Assessoria da Diretoria 4 desta Agência, em Brasília (DF), a contar de 1º de novembro de 2025.</p><p class="assina">TIAGO CHAGAS FAIERSTEIN</p>]]></Texto>
  </body>
  <Midias />
</article></xml>