﻿<xml><article id="46226260" name="DISP-RMP-913784 - UORG 288" idOficio="11369790" pubName="DO2" artType="Portaria" pubDate="03/11/2025" artClass="00006:00004:02004:00017:00000:00000:00000:00000:00000:00000:00017:00000" artCategory="Presidência da República/Casa Civil/Agência Brasileira de Inteligência/Secretaria de Planejamento e Gestão" artSize="12" artNotes="" numberPage="3" pdfPage="http://pesquisa.in.gov.br/imprensa/jsp/visualiza/index.jsp?data=03/11/2025&amp;jornal=529&amp;pagina=3" editionNumber="209" highlightType="" highlightPriority="" highlight="" highlightimage="" highlightimagename="" idMateria="23256399">
  <body>
    <Identifica><![CDATA[ PORTARIA Nº 3.843, DE 24 DE OUTUBRO DE 2025]]></Identifica>
    <Data><![CDATA[]]></Data>
    <Ementa />
    <Titulo />
    <SubTitulo />
    <Texto><![CDATA[<p class="identifica">PORTARIA Nº 3.843, DE 24 DE OUTUBRO DE 2025</p><p><strong>A SECRETÁRIA DE PLANEJAMENTO E GESTÃO SUBSTITUTA DA AGÊNCIA BRASILEIRA DE INTELIGÊNCIA DA CASA CIVIL DA PRESIDÊNCIA DA REPÚBLICA</strong>, no exercício das competências que lhe foram atribuídas pelo art. 18 do Anexo I ao Decreto Nº 11.816, de 6 de dezembro de 2023, e tendo em vista a competência que lhe foi subdelegada pelo art. 4º, § 1º da Portaria CC/PR nº 725, de 23 de julho de 2025, publicada no Diário Oficial da União nº 138, de 24 de julho de 2025 e o art. 6º, VI, alínea "b", da Portaria GAB/DG/ABIN/CC/PR Nº 2193, de 03 de julho de 2024, republicada no Boletim de Serviço Eletrônico em 5 de julho de 2024, resolve:</p><p>Dispensar matrícula nº 913784, de exercer a função de Assistente Militar - Grupo 0004 (D), a contar de 1º de novembro de 2025.</p><p class="assina">ANNA CRUZ DE ARAÚJO PEREIRA DA SILVA</p>]]></Texto>
  </body>
  <Midias />
</article></xml>