﻿<xml><article id="46230141" name="Ato PRES-TRF2 NA 837" idOficio="11376298" pubName="DO2" artType="Ato" pubDate="03/11/2025" artClass="00070:00008:00001:00000:00000:00000:00000:00000:00000:00000:00001:00000" artCategory="Poder Judiciário/Tribunal Regional Federal da 2ª Região/Presidência" artSize="12" artNotes="" numberPage="126" pdfPage="http://pesquisa.in.gov.br/imprensa/jsp/visualiza/index.jsp?data=03/11/2025&amp;jornal=529&amp;pagina=126" editionNumber="209" highlightType="" highlightPriority="" highlight="" highlightimage="" highlightimagename="" idMateria="23270160">
  <body>
    <Identifica><![CDATA[ Ato PRES/TRF2 Nº 837, DE 29 DE outubro DE 2025]]></Identifica>
    <Data><![CDATA[]]></Data>
    <Ementa />
    <Titulo />
    <SubTitulo />
    <Texto><![CDATA[<p class="identifica">Ato PRES/TRF2 Nº 837, DE 29 DE outubro DE 2025</p><p>O PRESIDENTE DO TRIBUNAL REGIONAL FEDERAL DA 2ª REGIÃO, no uso de suas atribuições legais e regimentais, e considerando a decisão judicial transitada em julgado em 28.08.2025 no Processo nº 0176460-87.2016.4.02.5107, e o que consta do Procedimento Administrativo nº 0022218.12.2025.4.02.8000, resolve:</p><p>ALTERAR o Ato nº TRF2-ATP-2019/00067, de 25.02.2019, publicado no D.O.U. em 08.03.2019, para fazer constar: "CONCEDER Pensão Vitalícia, referente à cota de 100% (cem por cento), a MARIA DAS GRAÇAS SILVA, na condição de companheira do ex-servidor VALCINO CALDEIRA DA SILVA, Técnico Judiciário, NI-C-13, do Quadro de Pessoal Inativo da Justiça Federal de Primeiro Grau - Seção Judiciária do Rio de Janeiro, falecido em 11.11.2015, com fulcro no art. 40, § 7º, inciso I, e § 8º, da Constituição da República, na redação vigente à época do óbito, em interpretação conjunta com os arts. 217, inciso III, e 222, VII, "b", item 6, da Lei nº 8.112, de 11.12.1990, observando-se o disposto no art. 37, inciso XI, da Constituição da República, e no art. 2º, inciso I e parágrafo único, em interpretação conjunta com o art. 15 da Lei nº 10.887, de 18.6.2004, a partir de 11.11.2015, data do óbito, com os efeitos financeiros para pagamento administrativo, a partir de 20.10.2025, data da ciência da decisão por este Tribunal."</p><p class="assina">LUIZ PAULO DA SILVA ARAÚJO FILHO</p>]]></Texto>
  </body>
  <Midias />
</article></xml>