﻿<xml><article id="46227751" name="ATO TRT13 CGP N.A 057-2025" idOficio="11374954" pubName="DO2" artType="Ato" pubDate="03/11/2025" artClass="00070:00054:00000:00000:00000:00000:00000:00000:00000:00000:00001:00000" artCategory="Poder Judiciário/Tribunal Regional do Trabalho da 13ª Região" artSize="12" artNotes="" numberPage="133" pdfPage="http://pesquisa.in.gov.br/imprensa/jsp/visualiza/index.jsp?data=03/11/2025&amp;jornal=529&amp;pagina=133" editionNumber="209" highlightType="" highlightPriority="" highlight="" highlightimage="" highlightimagename="" idMateria="23268071">
  <body>
    <Identifica><![CDATA[ ATO TRT13 CGP Nº 57, DE 29 DE OUTUBRO DE 2025]]></Identifica>
    <Data><![CDATA[]]></Data>
    <Ementa />
    <Titulo />
    <SubTitulo />
    <Texto><![CDATA[<p class="identifica">ATO TRT13 CGP Nº 57, DE 29 DE OUTUBRO DE 2025</p><p>A DESEMBARGADORA PRESIDENTE DO TRIBUNAL REGIONAL DO TRABALHO DA DÉCIMA TERCEIRA REGIÃO, no exercício de suas atribuições legais e regimentais, e considerando o constante no Proad n.º 9644/2025, resolve:</p><p>Conceder aposentadoria voluntária ao servidor SAULO MENDES SOBREIRA FILHO (matrícula n.º 250.091.134), no cargo de Técnico Judiciário, Área Administrativa, classe "C", padrão 13, Matrícula 250.091.134, com fundamento no art. 20, incisos I a IV, da Emenda Constitucional nº 103, de 2019, com proventos calculados pela média aritmética simples da remuneração de contribuição, correspondente a 100% de todo o período contributivo, limitados ao teto do Regime Geral de Previdência Social, com reajustamento dos proventos pelos mesmos índices aplicados para os benefícios do RGPS, nos termos do inciso II do § 2º e inciso II do § 3º do art. 20 e do art. 26, §§ 1º , 3º, I, e 7º, todos da aludida Emenda, acrescido do benefício especial previsto nos art. 3º, §§ 1º e 2º, inciso I, e 3º, da Lei nº 12.618, de 2012, com redação dada pela Lei nº 14.463, de 2022, com efeito a contar da data da publicação no Diário Oficial da União.</p><p class="assina">HERMINEGILDA LEITE MACHADO</p>]]></Texto>
  </body>
  <Midias />
</article></xml>