﻿<xml><article id="46227949" name="ATO 5006 - Aposentadoria GILBERT" idOficio="11373426" pubName="DO2" artType="Ato" pubDate="03/11/2025" artClass="00070:00006:00000:00000:00000:00000:00000:00000:00000:00000:00001:00002" artCategory="Poder Judiciário/Superior Tribunal Militar" artSize="12" artNotes="" numberPage="125" pdfPage="http://pesquisa.in.gov.br/imprensa/jsp/visualiza/index.jsp?data=03/11/2025&amp;jornal=529&amp;pagina=125" editionNumber="209" highlightType="" highlightPriority="" highlight="" highlightimage="" highlightimagename="" idMateria="23264440">
  <body>
    <Identifica><![CDATA[ ATO Nº 5.006, DE 28 DE OUTUBRO DE 2025]]></Identifica>
    <Data><![CDATA[]]></Data>
    <Ementa />
    <Titulo />
    <SubTitulo />
    <Texto><![CDATA[<p class="identifica">ATO Nº 5.006, DE 28 DE OUTUBRO DE 2025</p><p>A MINISTRA-PRESIDENTE DO SUPERIOR TRIBUNAL MILITAR, usando das atribuições conferidas pelo inciso XXV do artigo 6º do Regimento Interno, bem como a Informação SEINA nº 4545558, contida nos autos do Processo nº 027930/24-00.212, do Sistema Eletrônico de Informações, considerando o disposto nos incisos I e II do artigo 71 da Lei nº 8.457/1992, alterada pela Lei nº 13.774/2018, resolve:</p><p>Art. 1º CONCEDER APOSENTADORIA ao Técnico Judiciário, Área Administrativa, do Quadro Permanente da Secretaria do Superior Tribunal Militar, GILBERTO MOURA DE CASTRO, matrícula 7513, nos termos do inciso I, do § 2º, do artigo 20 da Emenda Constitucional 103/2019, artigos 13, inciso III do artigo 15 e artigo 28 da Lei nº 11.416/2006, com redação dada pelas Leis nº 12.774/2012 e nº 13.317/2016, artigo 3º da Lei n.º 8.911/1994 e artigo 15 da Lei n.º 9.527/1997.</p><p class="assina">MARIA ELIZABETH ROCHA</p>]]></Texto>
  </body>
  <Midias />
</article></xml>