﻿<xml><article id="46226560" name="ATO PORTARIA DE PESSOAL SPOA 929" idOficio="11340178" pubName="DO2" artType="Portaria" pubDate="03/11/2025" artClass="00034:00002:00020:00000:00000:00000:00000:00000:00000:00000:00017:00000" artCategory="Ministério do Meio Ambiente e Mudança do Clima/Secretaria Executiva/Subsecretaria de Planejamento, Orçamento e Administração" artSize="12" artNotes="" numberPage="91" pdfPage="http://pesquisa.in.gov.br/imprensa/jsp/visualiza/index.jsp?data=03/11/2025&amp;jornal=529&amp;pagina=91" editionNumber="209" highlightType="" highlightPriority="" highlight="" highlightimage="" highlightimagename="" idMateria="23203326">
  <body>
    <Identifica><![CDATA[ PORTARIA DE PESSOAL SPOA/MMA Nº 929, DE 10 DE OUTUBRO DE 2025]]></Identifica>
    <Data><![CDATA[]]></Data>
    <Ementa />
    <Titulo />
    <SubTitulo />
    <Texto><![CDATA[<p class="identifica">PORTARIA DE PESSOAL SPOA/MMA Nº 929, DE 10 DE OUTUBRO DE 2025</p><p>A SUBSECRETÁRIA DE PLANEJAMENTO, ORÇAMENTO E ADMINISTRAÇÃO DO MINISTÉRIO DO MEIO AMBIENTE E MUDANÇA DO CLIMA, no uso da competência conferida pelo art. 14 do Anexo I do Decreto nº 12.254, de 19 de novembro de 2024, considerando a subdelegação de competência prevista no art. 13 da Portaria GM/MMA nº 897, de 22 de dezembro de 2023, publicada em 26 de dezembro de 2023, alterada pela Portaria GM/MMA nº 1.024, de 1º de abril de 2024, publicada em 2 de abril de 2024, e tendo em vista o Processo SEI/MMA nº 02000.005897/2025-50, resolve:</p><p>Art. 1º Fica concedida aposentadoria voluntária ao servidor público EDILSON MOREIRA DOS SANTOS, matrícula SIAPE nº 0210727, ocupante do cargo público efetivo de Artífice de Eletricidade e Comunicações, Nível Intermediário, Classe "S", Padrão "III", pertencente ao Plano Especial de Cargos do Ministério do Meio Ambiente e do Instituto Brasileiro do Meio Ambiente e dos Recursos Naturais Renováveis - IBAMA - PECMA - criado pela Lei nº 11.357, de 19 de outubro de 2006, e com as últimas alterações trazidas pela Medida Provisória nº 1.286, de 31 de dezembro de 2024, com atos praticados convalidados pela Lei nº 15.141, de 2 de junho de 2025, do quadro de pessoal ativo permanente deste Ministério do Meio Ambiente e Mudança do Clima (MMA), lotado na Secretaria Nacional de Povos e Comunidades Tradicionais e Desenvolvimento Rural Sustentável (SNPCT), com fundamento jurídico no inciso II do § 2º do art. 20 da Emenda Constitucional nº 103/2019, com os proventos de aposentadoria correspondentes a 100% da média aritmética simples, conforme dispõe o inciso I do §3º do art. 26 da EC 103/2019, regulamentado pela Portaria SGP/SEDGG/ME nº 10.360, de 6 de dezembro de 2022, publicada no DOU em 07/12/2022, Seção 1, Pág. 80.</p><p>Art. 2º Declarar vago o referido cargo público efetivo, em atendimento ao disposto no art. 33, inciso VII, da Lei nº 8.112, de 11 de dezembro de 1990.</p><p>Art. 3º Esta Portaria entra em vigor na data de sua publicação.</p><p class="assina">ANA BEATRIZ DE OLIVEIRA</p>]]></Texto>
  </body>
  <Midias />
</article></xml>