﻿<xml><article id="46227322" name="PORTARIA NA 2957 DE 23 DE OUTUBR" idOficio="11374869" pubName="DO2" artType="Portaria" pubDate="03/11/2025" artClass="00025:00103:00000:00000:00000:00000:00000:00000:00000:00000:00017:00032" artCategory="Ministério da Educação/Universidade Federal Fluminense" artSize="12" artNotes="" numberPage="62" pdfPage="http://pesquisa.in.gov.br/imprensa/jsp/visualiza/index.jsp?data=03/11/2025&amp;jornal=529&amp;pagina=62" editionNumber="209" highlightType="" highlightPriority="" highlight="" highlightimage="" highlightimagename="" idMateria="23267589">
  <body>
    <Identifica><![CDATA[ PORTARIA Nº 2.957, DE 23 DE OUTUBRO DE 2025]]></Identifica>
    <Data><![CDATA[]]></Data>
    <Ementa />
    <Titulo />
    <SubTitulo />
    <Texto><![CDATA[<p class="identifica">PORTARIA Nº 2.957, DE 23 DE OUTUBRO DE 2025</p><p>O VICE-REITOR NO EXERCÍCIO DA REITORIA da Universidade Federal Fluminense, no uso de suas atribuições, e tendo em vista o que consta do Processo UFF n.º 23069.163033/2025-37, resolve:</p><p>Conceder aposentadoria voluntária a JOAO FLORENCIO JUNIOR, matrícula SIAPE nº 1176479, ocupante do cargo de Professor do Magistério Superior, Classe C, Nível 004, do Plano de Carreiras e Cargos de Magistério Federal, do Quadro de Pessoal Permanente desta Universidade, código de vaga 640308, com fundamento no artigo 40, § 1º, inciso III, alínea b, da Constituição Federal de 05/10/88 com a redação dada pela Emenda Constitucional nº 41/03, c/c o artigo 3º da Emenda Constitucional nº103/2019, com proventos proporcionais calculados com base no artigo 1º da Lei n.º 10.887/04, cumulativamente com o adicional por tempo de serviço no percentual de 2% (dois por cento), com a retribuição por titulação.</p><p class="assina">FABIO BARBOZA PASSOS</p>]]></Texto>
  </body>
  <Midias />
</article></xml>