﻿<xml><article id="46227622" name="PORTARIAS DGER 30-10-2025" idOficio="11376841" pubName="DO2" artType="Portaria" pubDate="03/11/2025" artClass="00069:00002:00001:00000:00000:00000:00000:00000:00000:00000:00017:00000" artCategory="Poder Legislativo/Senado Federal/Diretoria-Geral" artSize="12" artNotes="" numberPage="121" pdfPage="http://pesquisa.in.gov.br/imprensa/jsp/visualiza/index.jsp?data=03/11/2025&amp;jornal=529&amp;pagina=121" editionNumber="209" highlightType="" highlightPriority="" highlight="" highlightimage="" highlightimagename="" idMateria="23270963">
  <body>
    <Identifica><![CDATA[ PORTARIAS DE 15 DE OUTUBRO DE 2025]]></Identifica>
    <Data><![CDATA[]]></Data>
    <Ementa />
    <Titulo />
    <SubTitulo />
    <Texto><![CDATA[<p class="identifica">PORTARIAS DE 15 DE OUTUBRO DE 2025</p><p>A DIRETORA-GERAL DO SENADO FEDERAL, no uso de suas atribuições regimentais e regulamentares, e tendo em vista o que consta no processo eletrônico número 1373254, resolve:</p><p>Nº 4.604 - exonerar na forma do disposto no art. 35, inciso I, da Lei no 8.112, de 1990, HUMBERTO FREDERICO ARRUDA E SÁ NUNES DA CUNHA, matrícula no 375734, do cargo, em comissão, de ASSISTENTE PARLAMENTAR INTERMEDIÁRIO, AP-10, do órgão GABSEN/GSWFAGUN - Gabinete do Senador Wellington Fagundes, a partir de 01/11/2025.</p><p>A DIRETORA-GERAL DO SENADO FEDERAL, no uso de suas atribuições regimentais e regulamentares, e tendo em vista o que consta no processo eletrônico número 1373255, resolve:</p><p>Nº 4.605 - exonerar na forma do disposto no art. 35, inciso I, da Lei no 8.112, de 1990, RIKELMY SILVA CORDEIRO, matrícula no 432432, do cargo, em comissão, de AUXILIAR PARLAMENTAR INTERMEDIÁRIO, AP-06, do órgão GABSEN/GSWFAGUN - Gabinete do Senador Wellington Fagundes, a partir de 01/11/2025.</p><p class="assina">Ilana Trombka</p><p>PORTARIA Nº 4.566 , DE 27 DE OUTUBRO DE 2025</p><p>A DIRETORA-GERAL DO SENADO FEDERAL, no uso de suas atribuições, em conformidade com a delegação de competência que lhe foi outorgada pelo art. 3º, inciso IX, do Ato da Comissão Diretora nº 12, de 1995, e tendo em vista o constante no Processo nº 00200.020176/2025-98, resolve:</p><p>Declarar vago, com efeitos a partir de 17 de outubro de 2025, o cargo efetivo de Técnico de Processo Legislativo, nível II, padrão M32, do Quadro de Pessoal do Senado Federal, ocupado por LAZLO KYOSHI SACUNO LUZ, matrícula nº 267615, em virtude do disposto no art. 33, inciso VIII, da Lei nº 8.112, de 1990.</p><p class="assina">Ilana Trombka</p><p class="identifica">PORTARIA Nº 4.576, DE 28 DE OUTUBRO DE 2025</p><p>A DIRETORA-GERAL DO SENADO FEDERAL, no uso da atribuição que lhe foi conferida pelo art. 16 do Regulamento Administrativo do Senado Federal c/c art. 4º do Ato da Comissão Diretora nº 3 de 2002, tendo em vista a manifestação favorável da Junta Médica do Senado Federal, constante no Documento nº 00100.197131/2025-39, e o Processo nº 00200.013521/2025-37, resolve:</p><p>Conceder reversão ao serviço ativo à servidora CLARA MARTINS PEREIRA DELGADO, matrícula nº 51540, no cargo efetivo de Técnico de Administração, Nível II, Padrão M36, nos termos do artigo 25, inciso II, da Lei nº 8.112 de 1990, com a redação dada pela Medida Provisória nº 2.225-45 de 2001, c/c o Decreto nº 3.644 de 2000, e observado o disposto no artigo 37, inciso XI, da Constituição Federal, na vaga anteriormente ocupada pela servidora (vaga nº 29096), conforme a Portaria da Diretoria-Geral nº 3.061 de 2025, publicada no Diário Oficial da União nº 129, Seção 2, de 11 de julho de 2025.</p><p class="assina">Ilana Trombka</p><p class="identifica">PORTARIA Nº 4.606, DE 28 DE OUTUBRO DE 2025</p><p>A DIRETORA-GERAL DO SENADO FEDERAL, no uso de suas atribuições regimentais e regulamentares, e tendo em vista o que consta no processo eletrônico número 1374186, resolve:</p><p>Exonerar, a pedido, na forma do disposto no art. 35, inciso II, da Lei no 8.112, de 1990, ANA CRISTINA BARROS NEVES BANHOS, matrícula no 319135, do cargo, em comissão, de ASSISTENTE PARLAMENTAR SÊNIOR, AP-12, do órgão OSE/DGER - Diretoria-Geral, a partir de 31/10/2025.</p><p class="assina">Ilana Trombka</p><p class="identifica">PORTARIAS DE 30 DE OUTUBRO DE 2025</p><p>A DIRETORA-GERAL DO SENADO FEDERAL, no uso de suas atribuições regimentais e regulamentares, e tendo em vista o que consta no processo eletrônico número 1373682, resolve:</p><p>Nº 4.599 - nomear, na forma do disposto do inciso II do art. 9o da Lei no 8.112, de 1990, SAMUEL LUCIO DE BRITO para exercer o cargo, em comissão, de AUXILIAR PARLAMENTAR JÚNIOR, AP-05, do Quadro de Pessoal do Senado Federal, com lotação no órgão GABSEN/GSIZALCI - Gabinete do Senador Izalci Lucas.</p><p>A DIRETORA-GERAL DO SENADO FEDERAL, no uso de suas atribuições regimentais e regulamentares, e tendo em vista o que consta no processo eletrônico número 1373952, resolve:</p><p>Nº 4.600 - nomear, na forma do disposto do inciso II do art. 9o da Lei no 8.112, de 1990, JULIANA BARBOSA CORRÊA para exercer o cargo, em comissão, de AUXILIAR PARLAMENTAR JÚNIOR, AP-05, do Quadro de Pessoal do Senado Federal, com lotação no órgão GABSEN/GSVENEZI - Gabinete do Senador Veneziano Vital do Rêgo.</p><p>A DIRETORA-GERAL DO SENADO FEDERAL, no uso de suas atribuições regimentais e regulamentares, e tendo em vista o que consta no processo eletrônico número 1373953, resolve:</p><p>Nº 4.601 - nomear, na forma do disposto do inciso II do art. 9o da Lei no 8.112, de 1990, VANDER ANTÔNIO COSTA para exercer o cargo, em comissão, de AJUDANTE PARLAMENTAR JÚNIOR, AP-01, do Quadro de Pessoal do Senado Federal, com lotação no órgão GABSEN/GSFCONTA - Gabinete do Senador Fabiano Contarato.</p><p>A DIRETORA-GERAL DO SENADO FEDERAL, no uso de suas atribuições regimentais e regulamentares, e tendo em vista o que consta no processo eletrônico número 1374088, resolve:</p><p>Nº 4.602 - nomear, na forma do disposto do inciso II do art. 9o da Lei no 8.112, de 1990, CLEOMAR KLIPEL RATSKE para exercer o cargo, em comissão, de AJUDANTE PARLAMENTAR JÚNIOR, AP-01, do Quadro de Pessoal do Senado Federal, com lotação no órgão GABSEN/GSJBAGAT - Gabinete do Senador Jaime Bagattoli.</p><p>A DIRETORA-GERAL DO SENADO FEDERAL, no uso de suas atribuições regimentais e regulamentares, e tendo em vista o que consta no processo eletrônico número 1374184, resolve:</p><p>Nº 4.603 - nomear, na forma do disposto do inciso II do art. 9o da Lei no 8.112, de 1990, MARIA ANGÉLICA DA SERRA RODRIGUES CORREIA para exercer o cargo, em comissão, de AUXILIAR PARLAMENTAR JÚNIOR, AP-05, do Quadro de Pessoal do Senado Federal, com lotação no órgão GABSEN/GSDRIBEI - Gabinete da Senadora Daniella Ribeiro.</p><p>A DIRETORA-GERAL DO SENADO FEDERAL, no uso de suas atribuições regimentais e regulamentares, e tendo em vista o que consta no processo eletrônico número 1374301, resolve:</p><p>Nº 4.607 - movimentar, nos termos do art. 174, §5o, do Regulamento Administrativo do Senado Federal, GRAZIELLA ROQUE DE OLIVEIRA MEDEIROS, matrícula no 237283, ocupante do cargo, em comissão, de AUXILIAR PARLAMENTAR SÊNIOR, AP-08, do órgão GABLID/GLPODEMOS - Gabinete da Liderança do Podemos, para ocupar o mesmo cargo no órgão GABSEN/GSMVAL - Gabinete do Senador Marcos do Val.</p><p>A DIRETORA-GERAL DO SENADO FEDERAL, no uso de suas atribuições regimentais e regulamentares, e tendo em vista o que consta no processo eletrônico número 1374350, resolve:</p><p>Nº 4.608 - exonerar PEDRO LUIZ DE SOUZA CAMPOS PRADO, matrícula no 399374, do cargo, em comissão, de AUXILIAR PARLAMENTAR INTERMEDIÁRIO, AP-06, do órgão COMPER/CMCVM - Comissão Permanente Mista de Combate à Violência Contra a Mulher, e nomeá-lo para o cargo, em comissão, de AUXILIAR PARLAMENTAR PLENO, AP-07, da mesma lotação.</p><p>A DIRETORA-GERAL DO SENADO FEDERAL, no uso de suas atribuições regimentais e regulamentares, e tendo em vista o que consta no processo eletrônico número 1374352, resolve:</p><p>Nº 4.609 - exonerar JURACI FELIX CAVALCANTE NETO, matrícula no 417856, do cargo, em comissão, de ASSESSOR PARLAMENTAR, SF02, do órgão GABLID/GLDMAI - Gabinete da Liderança do Bloco da Maioria, e nomeá-lo para o cargo, em comissão, de AJUDANTE PARLAMENTAR SÊNIOR, AP-04, da mesma lotação.</p><p class="assina">Ilana Trombka</p>]]></Texto>
  </body>
  <Midias />
</article></xml>