﻿<xml><article id="46226371" name="Remocao Eduardo Rufino TRE-PR - " idOficio="11372061" pubName="DO2" artType="Portaria" pubDate="03/11/2025" artClass="00070:00034:00001:00000:00000:00000:00000:00000:00000:00000:00017:00000" artCategory="Poder Judiciário/Tribunal Regional Eleitoral do Rio de Janeiro/Presidência" artSize="12" artNotes="" numberPage="129" pdfPage="http://pesquisa.in.gov.br/imprensa/jsp/visualiza/index.jsp?data=03/11/2025&amp;jornal=529&amp;pagina=129" editionNumber="209" highlightType="" highlightPriority="" highlight="" highlightimage="" highlightimagename="" idMateria="23262281">
  <body>
    <Identifica><![CDATA[ PORTARIA PR Nº 49, DE 8 DE AGOSTO DE 2025]]></Identifica>
    <Data><![CDATA[]]></Data>
    <Ementa />
    <Titulo />
    <SubTitulo />
    <Texto><![CDATA[<p class="identifica">PORTARIA PR Nº 49, DE 8 DE AGOSTO DE 2025</p><p>O PRESIDENTE DO TRIBUNAL REGIONAL ELEITORAL DO RIO DE JANEIRO, no uso de suas atribuições legais e regimentais, CONSIDERANDO o que consta do processo SEI nº 2023.0.000035335-0, resolve:</p><p>Art. 1º Remover, por motivo de saúde, pelo prazo inicial de 1 (um) ano, o servidor EDUARDO RUFINO DE OLIVEIRA GOMES, Área de Atividade-JUDICIÁRIA, Classe C, Padrão 13, Matrícula nº 10051897, do Quadro de Pessoal deste Tribunal, para o Tribunal Regional Eleitoral do Paraná, nos termos do artigo art. 36 da Lei Federal nº 8.112/90, bem como dos arts. 5º e 20 da Resolução TSE nº 23.701/2022.</p><p>Art. 2º Este Ato entra em vigor na data da sua publicação.</p><p class="assina">PETERSON BARROSO SIMÃO</p>]]></Texto>
  </body>
  <Midias />
</article></xml>