﻿<xml><article id="46227340" name="Ato PRES-TRF2 NA 828" idOficio="11367136" pubName="DO2" artType="Ato" pubDate="03/11/2025" artClass="00070:00008:00001:00000:00000:00000:00000:00000:00000:00000:00001:00000" artCategory="Poder Judiciário/Tribunal Regional Federal da 2ª Região/Presidência" artSize="12" artNotes="" numberPage="126" pdfPage="http://pesquisa.in.gov.br/imprensa/jsp/visualiza/index.jsp?data=03/11/2025&amp;jornal=529&amp;pagina=126" editionNumber="209" highlightType="" highlightPriority="" highlight="" highlightimage="" highlightimagename="" idMateria="23248944">
  <body>
    <Identifica><![CDATA[ Ato PRES/TRF2 Nº 828, DE 23 DE outubro DE 2025]]></Identifica>
    <Data><![CDATA[]]></Data>
    <Ementa />
    <Titulo />
    <SubTitulo />
    <Texto><![CDATA[<p class="identifica">Ato PRES/TRF2 Nº 828, DE 23 DE outubro DE 2025</p><p>O PRESIDENTE DO TRIBUNAL REGIONAL FEDERAL DA 2ª REGIÃO, no uso de suas atribuições legais e regimentais, considerando o que consta no Processo SEI nº 0021601-52.2025.4.02.8000, resolve:</p><p>I - EXONERAR o servidor RODRIGO CANELLA SOARES, Analista Judiciário, Área Judiciária, Classe "C", Padrão 13, do Quadro de Pessoal da Justiça Federal de Primeiro Grau - Seção Judiciária do Rio de Janeiro, ora à disposição deste Tribunal, do cargo em comissão de Assessor Judiciário, CJ-2, do Gabinete da Exma. Desembargadora Federal Cláudia Maria Pereira Bastos Neiva, e NOMEÁ-LO para o cargo em comissão de Chefe de Gabinete, CJ-2, do referido Gabinete, em vaga decorrente da exoneração de Georgina de Fátima Serôdio Alves;</p><p>II - EXONERAR GEORGINA DE FÁTIMA SERÔDIO ALVES do cargo em comissão de Chefe de Gabinete, CJ-2, do Gabinete da Exma. Desembargadora Federal Cláudia Maria Pereira Bastos Neiva, e NOMEÁ-LA para o cargo em comissão de Assessora Judiciária, CJ-2, do referido Gabinete, em vaga decorrente da exoneração de Rodrigo Canella Soares.</p><p class="assina">LUIZ PAULO DA SILVA ARAÚJO FILHO</p>]]></Texto>
  </body>
  <Midias />
</article></xml>