﻿<xml><article id="46227808" name="trt9a232-2025-ATO 169" idOficio="11352100" pubName="DO2" artType="Ato" pubDate="03/11/2025" artClass="00070:00050:00000:00000:00000:00000:00000:00000:00000:00000:00001:00002" artCategory="Poder Judiciário/Tribunal Regional do Trabalho da 9ª Região" artSize="12" artNotes="" numberPage="132" pdfPage="http://pesquisa.in.gov.br/imprensa/jsp/visualiza/index.jsp?data=03/11/2025&amp;jornal=529&amp;pagina=132" editionNumber="209" highlightType="" highlightPriority="" highlight="" highlightimage="" highlightimagename="" idMateria="23223006">
  <body>
    <Identifica><![CDATA[ ATO Nº 169, DE 15 DE SETEMBRO DE 2025]]></Identifica>
    <Data><![CDATA[]]></Data>
    <Ementa />
    <Titulo />
    <SubTitulo />
    <Texto><![CDATA[<p class="identifica">ATO Nº 169, DE 15 DE SETEMBRO DE 2025</p><p>O DESEMBARGADOR DO TRABALHO PRESIDENTE DO TRIBUNAL REGIONAL DO TRABALHO DA 9ª REGIÃO, no uso de suas atribuições legais e regimentais, e considerando o contido na Certidão CAMC nº 21/2025, resolve:</p><p>Art. 1º REDISTRIBUIR, nos termos do art. 37 da Lei nº 8.112/1990, o cargo efetivo de Técnico Judiciário, Área Administrativa, Sem Especialidade, criado pela Lei nº 11.436/2006, do Quadro de Pessoal Permanente desta Corte, ocupado pelo servidor BRENO WILSON PELOSO BRAGA, para o Quadro de Pessoal Permanente do Tribunal Regional do Trabalho da 12ª Região, em reciprocidade com o cargo de Técnico Judiciário, Área Administrativa, Sem Especialidade, criado pela Lei nº 12.250/2010, ocupada pelo servidor JUCINEI DE OLIVEIRA MEIRA.</p><p>Art. 2º LOTAR, em virtude do disposto no art. 1º, o servidor JUCINEI DE OLIVEIRA MEIRA na 1ª Vara do Trabalho de Foz do Iguaçu, designando-a para a Função Comissionada de Assistente de Gabinete de Primeiro Grau (c-6160), código TRT9ª FC-4, da mesma unidade.</p><p>Art. 3º REVOGAR o Ato n° 63/2023, publicado no Diário Oficial da União - Seção 2, de 27/2/2023.</p><p>Art. 4º Este Ato entra em vigor na data da sua publicação.</p><p class="assina">CÉLIO HORST WALDRAFF</p>]]></Texto>
  </body>
  <Midias />
</article></xml>