﻿<xml><article id="46226803" name="Portaria 211-2025" idOficio="11288432" pubName="DO2" artType="Portaria" pubDate="03/11/2025" artClass="00070:00038:00001:00000:00000:00000:00000:00000:00000:00000:00017:00000" artCategory="Poder Judiciário/Tribunal Regional Eleitoral de São Paulo/Presidência" artSize="12" artNotes="" numberPage="129" pdfPage="http://pesquisa.in.gov.br/imprensa/jsp/visualiza/index.jsp?data=03/11/2025&amp;jornal=529&amp;pagina=129" editionNumber="209" highlightType="" highlightPriority="" highlight="" highlightimage="" highlightimagename="" idMateria="23115617">
  <body>
    <Identifica><![CDATA[ PORTARIA Nº 211, DE 15 DE SETEMBRO DE  2025.]]></Identifica>
    <Data><![CDATA[]]></Data>
    <Ementa />
    <Titulo />
    <SubTitulo />
    <Texto><![CDATA[<p class="identifica">PORTARIA Nº 211, DE 15 DE SETEMBRO DE 2025.</p><p>O PRESIDENTE DO TRIBUNAL REGIONAL ELEITORAL DE SÃO PAULO, no uso das atribuições regimentais e considerando o que consta do SEI n. 0031287-34.2025.6.26.8000; resolve:</p><p>Art. 1º Conceder aposentadoria voluntária, com proventos integrais, à servidora Márcia Ribeiro de Souza, nos termos do artigo 3º, caput e § 1º da Emenda Constitucional n. 103, de 12 de novembro de 2019, c.c o artigo 6º da Emenda Constitucional n. 41, de 19 de dezembro de 2003.</p><p>Art. 2º Declarar vago, nos termos do art. 33, inciso VII, da Lei n. 8.112, de 11 de dezembro de 1990, o cargo de Técnico Judiciário, Área Administrativa, Classe C, Padrão 13, criado pela Lei n. 6.082, de 10 de julho de 1974, do quadro de pessoal deste Tribunal.</p><p>Art. 3º Esta portaria entra em vigor na data de sua publicação no Diário Oficial da União.</p><p class="assina">SILMAR FERNANDES</p>]]></Texto>
  </body>
  <Midias />
</article></xml>