﻿<xml><article id="46226824" name="PORTARIA N 1.490 SINC 23269950" idOficio="11376173" pubName="DO2" artType="Portaria" pubDate="03/11/2025" artClass="00046:00295:00039:00000:00000:00000:00000:00000:00000:00000:00017:00003" artCategory="Ministério das Relações Exteriores/Secretaria-Geral das Relações Exteriores/Secretaria de Gestão Administrativa" artSize="12" artNotes="" numberPage="107" pdfPage="http://pesquisa.in.gov.br/imprensa/jsp/visualiza/index.jsp?data=03/11/2025&amp;jornal=529&amp;pagina=107" editionNumber="209" highlightType="" highlightPriority="" highlight="" highlightimage="" highlightimagename="" idMateria="23269950">
  <body>
    <Identifica><![CDATA[ PORTARIA Nº 1.490, DE 14 DE OUTUBRO DE 2025]]></Identifica>
    <Data><![CDATA[]]></Data>
    <Ementa />
    <Titulo />
    <SubTitulo />
    <Texto><![CDATA[<p class="identifica">PORTARIA Nº 1.490, DE 14 DE OUTUBRO DE 2025</p><p>O SECRETÁRIO DE GESTÃO ADMINISTRATIVA, de acordo com o artigo 4º da portaria nº 386, de 14 de abril de 2022, e com o decreto nº 10.829, de 5 de outubro de 2021, resolve:</p><p>Designar ÉDERSON LUÍS TREVISAN, primeiro-secretário da carreira de diplomata do Ministério das Relações Exteriores, Siape nº 1547388, para exercer a função de assessor técnico do Departamento do Serviço Exterior, código FCE 2.10, dispensando-o da função que atualmente ocupa.</p><p class="assina">DENIS FONTES DE SOUZA PINTO</p>]]></Texto>
  </body>
  <Midias />
</article></xml>