﻿<xml><article id="46227931" name="DOU02_ATO_SEGEP_PR_149_2025" idOficio="11370965" pubName="DO2" artType="Ato" pubDate="03/11/2025" artClass="00070:00061:00001:00000:00000:00000:00000:00000:00000:00000:00001:00000" artCategory="Poder Judiciário/Tribunal Regional do Trabalho da 20ª Região/Presidência" artSize="12" artNotes="" numberPage="134" pdfPage="http://pesquisa.in.gov.br/imprensa/jsp/visualiza/index.jsp?data=03/11/2025&amp;jornal=529&amp;pagina=134" editionNumber="209" highlightType="" highlightPriority="" highlight="" highlightimage="" highlightimagename="" idMateria="23260209">
  <body>
    <Identifica><![CDATA[ ATO SEGEP.PR Nº 149, DE 27 DE OUTUBRO DE 2025]]></Identifica>
    <Data><![CDATA[]]></Data>
    <Ementa />
    <Titulo />
    <SubTitulo />
    <Texto><![CDATA[<p class="identifica">ATO SEGEP.PR Nº 149, DE 27 DE OUTUBRO DE 2025</p><p>O DESEMBARGADOR PRESIDENTE DO TRIBUNAL REGIONAL DO TRABALHO DA 20ª REGIÃO, no uso de suas atribuições legais e regimentais, considerando o contido no PROAD nº 3675/2025, resolve:</p><p>Designar a servidora VERA SILVANA BISPO MORAIS, Analista Judiciário - Área Judiciária do Quadro Permanente de Pessoal da Secretaria deste Tribunal, para substituir DANILO DANTAS TELES, no cargo em comissão de SECRETÁRIO (CJ-3) da SECRETARIA DE RECURSO DE REVISTA, no período de 3 a 19/11/2025, em virtude de férias do titular, nos termos do ATO DG.PR Nº 7/2025.</p><p class="assina">JOSENILDO DOS SANTO CARVALHO</p>]]></Texto>
  </body>
  <Midias />
</article></xml>