﻿<xml><article id="46226332" name="PORTARIA N 172_23270078" idOficio="11376283" pubName="DO2" artType="Portaria" pubDate="03/11/2025" artClass="00070:00002:00005:00004:00000:00000:00000:00000:00000:00000:00017:00000" artCategory="Poder Judiciário/Conselho Nacional de Justiça/Diretoria-Geral/Secretaria de Gestão de Pessoas" artSize="12" artNotes="" numberPage="122" pdfPage="http://pesquisa.in.gov.br/imprensa/jsp/visualiza/index.jsp?data=03/11/2025&amp;jornal=529&amp;pagina=122" editionNumber="209" highlightType="" highlightPriority="" highlight="" highlightimage="" highlightimagename="" idMateria="23270078">
  <body>
    <Identifica><![CDATA[ PORTARIA SGP Nº 172, DE 23 DE OUTUBRO DE 2025]]></Identifica>
    <Data><![CDATA[]]></Data>
    <Ementa />
    <Titulo />
    <SubTitulo />
    <Texto><![CDATA[<p class="identifica">PORTARIA SGP Nº 172, DE 23 DE OUTUBRO DE 2025</p><p>A SECRETÁRIA DE GESTÃO DE PESSOAS DO CONSELHO NACIONAL DE JUSTIÇA, nos termos do caput do art. 38 da Lei nº 8.112/90 e do inciso V do art. 1º da Portaria DG nº 107/2024, e considerando o contido no Processo SEI/CNJ nº 17874/2025, resolve:</p><p>Designar KARLLA SILENE LIMA DA CUNHA, Técnica Judiciária, Área Administrativa, do quadro de pessoal do Supremo Tribunal Federal, como substituta da Secretária de Administração, nível CJ-3.</p><p class="assina">Luciana Cristina Gomes Coêlho Matias</p>]]></Texto>
  </body>
  <Midias />
</article></xml>