﻿<xml><article id="46226185" name="ATO PORTARIA PRESI 627" idOficio="11376961" pubName="DO2" artType="Portaria" pubDate="03/11/2025" artClass="00070:00007:00001:00000:00000:00000:00000:00000:00000:00000:00001:00007" artCategory="Poder Judiciário/Tribunal Regional Federal da 1ª Região/Presidência" artSize="12" artNotes="" numberPage="126" pdfPage="http://pesquisa.in.gov.br/imprensa/jsp/visualiza/index.jsp?data=03/11/2025&amp;jornal=529&amp;pagina=126" editionNumber="209" highlightType="" highlightPriority="" highlight="" highlightimage="" highlightimagename="" idMateria="23271226">
  <body>
    <Identifica><![CDATA[ Portaria Presi 627, DE 30 DE OUTUBRO DE 2025]]></Identifica>
    <Data><![CDATA[]]></Data>
    <Ementa />
    <Titulo />
    <SubTitulo />
    <Texto><![CDATA[<p class="identifica">Portaria Presi 627, DE 30 DE OUTUBRO DE 2025</p><p>O PRESIDENTE DO TRIBUNAL REGIONAL FEDERAL DA PRIMEIRA REGIÃO, no uso das suas atribuições legais, tendo em vista o que consta do art. 95 da Lei n. 8.112/90, bem como o decidido pela Corte Especial Administrativa no PAe 0031401-34.2025.4.01.8000, em sessão virtual realizada entre os dias 23 e 27/10/2025, resolve:</p><p>AUTORIZAR o afastamento do País, com ônus limitado, do Desembargador Federal MARCOS AUGUSTO DE SOUSA, deste Tribunal, de 24 a 27/11/2025, para participar do Seminário Internacional "Direito Digital: Entre a Inovação e a Regulação", em Roma, Itália.</p><p class="assina">Des. JOÃO BATISTA MOREIRA</p>]]></Texto>
  </body>
  <Midias />
</article></xml>