﻿<xml><article id="46226758" name="PORTARIA-CONTRAT-289-DE-17OUT25" idOficio="11377048" pubName="DO2" artType="Portaria" pubDate="03/11/2025" artClass="00016:00012:00025:00015:00001:00000:00000:00000:00000:00000:00017:00000" artCategory="Ministério da Defesa/Comando da Marinha/Diretoria-Geral do Material/Diretoria Industrial da Marinha/Arsenal de Marinha do Rio de Janeiro" artSize="12" artNotes="" numberPage="37" pdfPage="http://pesquisa.in.gov.br/imprensa/jsp/visualiza/index.jsp?data=03/11/2025&amp;jornal=529&amp;pagina=37" editionNumber="209" highlightType="" highlightPriority="" highlight="" highlightimage="" highlightimagename="" idMateria="23271282">
  <body>
    <Identifica><![CDATA[ PORTARIA Nº 289/AMRJ, DE 17 DE OUTUBRO DE 2025]]></Identifica>
    <Data><![CDATA[]]></Data>
    <Ementa />
    <Titulo />
    <SubTitulo />
    <Texto><![CDATA[<p class="identifica">PORTARIA Nº 289/AMRJ, DE 17 DE OUTUBRO DE 2025</p><p>O DIRETOR DO ARSENAL DE MARINHA DO RIO DE JANEIRO, no uso de suas atribuições e com fundamento no art. 3º, § 1º, alínea b, inciso III da Lei nº 6.880/1980, bem como o contido nas Normas sobre Tarefa por Tempo Certo e Designação para o Serviço Ativo DGPM-314 (6ª Revisão), resolve:</p><p>Art. 1º Contratar, o SO-RM1-MR 86.9204.72 PAULO ROMEU SANTOS, para prestar a Tarefa por Tempo Certo na função de Supervisor da Seção de Expediente, NEO: 09.0.0.1 na Área Administrativa, sob o regime de quarenta horas de trabalho semanais no período de 20OUT2025 a 19OUT2027.</p><p>Art. 2º Esta Portaria entra em vigor na presente data.</p><p class="assina">C. Alte (EN) MAURO NICOLOSO BONOTTO</p>]]></Texto>
  </body>
  <Midias />
</article></xml>