﻿<xml><article id="46227379" name="PORTARIA N 927_23263694" idOficio="11372881" pubName="DO2" artType="Portaria" pubDate="03/11/2025" artClass="00070:00042:00001:00001:00000:00000:00000:00000:00000:00000:00017:00000" artCategory="Poder Judiciário/Tribunal Regional do Trabalho da 1ª Região/Presidência/Gabinete da Presidência" artSize="12" artNotes="" numberPage="131" pdfPage="http://pesquisa.in.gov.br/imprensa/jsp/visualiza/index.jsp?data=03/11/2025&amp;jornal=529&amp;pagina=131" editionNumber="209" highlightType="" highlightPriority="" highlight="" highlightimage="" highlightimagename="" idMateria="23263694">
  <body>
    <Identifica><![CDATA[ PORTARIA SGP Nº 927, DE 20 DE OUTUBRO DE 2025]]></Identifica>
    <Data><![CDATA[]]></Data>
    <Ementa />
    <Titulo />
    <SubTitulo />
    <Texto><![CDATA[<p class="identifica">PORTARIA SGP Nº 927, DE 20 DE OUTUBRO DE 2025</p><p>O PRESIDENTE DO TRIBUNAL REGIONAL DO TRABALHO DA PRIMEIRA REGIÃO, no uso de suas atribuições legais e regimentais, e tendo em vista o que consta do PROAD 9388/2025, resolve:</p><p>Conceder aposentadoria voluntária ao servidor WALDEMIR MACIEL BRETAS, no cargo de Técnico Judiciário, Área Administrativa, Classe C, Padrão 13, com proventos correspondentes à totalidade da remuneração no cargo efetivo e fundamento no art. 20, incisos I a IV e §§ 2º, inciso I, e 3º, inciso I, da Emenda Constitucional nº 103/2019, observando-se o acréscimo da vantagem pessoal nominalmente identificada nos termos do art. 62-A da Lei nº 8.112/1990, com redação dada pelo art. 3º da MP nº 2225-45/01, c/c entendimento decorrente do Recurso Extraordinário nº 638.115/CE c/c a alteração introduzida pelo parágrafo único do art. 11 da Lei nº 11416/2006, incluído pela Lei nº 14687/2023, e o adicional de qualificação previsto no artigo 15, inciso III, da Lei nº 11.416/2006.</p><p class="assina">ROQUE LUCARELLI DATTOLI</p>]]></Texto>
  </body>
  <Midias />
</article></xml>