﻿<xml><article id="46226791" name="CEFETRJ_RTF_Portaria_1616" idOficio="11374650" pubName="DO2" artType="Portaria" pubDate="03/11/2025" artClass="00025:00048:00000:00000:00000:00000:00000:00000:00000:00000:00017:00002" artCategory="Ministério da Educação/Centro Federal de Educação Tecnológica Celso Suckow da Fonseca" artSize="12" artNotes="" numberPage="48" pdfPage="http://pesquisa.in.gov.br/imprensa/jsp/visualiza/index.jsp?data=03/11/2025&amp;jornal=529&amp;pagina=48" editionNumber="209" highlightType="" highlightPriority="" highlight="" highlightimage="" highlightimagename="" idMateria="23267326">
  <body>
    <Identifica><![CDATA[ PORTARIA Nº 1.616/CEFET-RJ, DE 30 DE OUTUBRO DE 2025]]></Identifica>
    <Data><![CDATA[]]></Data>
    <Ementa />
    <Titulo />
    <SubTitulo />
    <Texto><![CDATA[<p class="identifica">PORTARIA Nº 1.616/CEFET-RJ, DE 30 DE OUTUBRO DE 2025</p><p>O Diretor-Geral do Centro Federal de Educação Tecnológica Celso Suckow da Fonseca, nomeado pela Portaria MEC nº 146, de 26/02/2025, publicada no DOU de 28/02/2025, Seção 2, pág. 18, no uso de suas atribuições e o que consta no Processo nº 23063.005332/2025-16, resolve:</p><p>Art. 1º Designar a servidora MARCIA MENEZES THOMAZ PEREIRA, ocupante do cargo de Professor de Ensino Básico Técnico e Tecnológico, SIAPE nº 1158525, SIAPECAD nº 01971658, lotada no(a) UNED Maria da Graça, para exercer a função de Coordenadora de Curso, FUC - 01, do(a) Coordenação de Curso de Ensino Médio da UNED Maria da Graça, UORG-532.</p><p>Art. 2º Efeitos a partir de 3 de novembro de 2025.</p><p class="assina">MAURICIO SALDANHA MOTTA</p>]]></Texto>
  </body>
  <Midias />
</article></xml>