﻿<xml><article id="46227103" name="PORT_581" idOficio="11354518" pubName="DO2" artType="Portaria" pubDate="03/11/2025" artClass="00070:00007:00001:00000:00000:00000:00000:00000:00000:00000:00001:00005" artCategory="Poder Judiciário/Tribunal Regional Federal da 1ª Região/Presidência" artSize="12" artNotes="" numberPage="126" pdfPage="http://pesquisa.in.gov.br/imprensa/jsp/visualiza/index.jsp?data=03/11/2025&amp;jornal=529&amp;pagina=126" editionNumber="209" highlightType="" highlightPriority="" highlight="" highlightimage="" highlightimagename="" idMateria="23226888">
  <body>
    <Identifica><![CDATA[ PORTARIA Nº 581, DE 17 DE OUTUBRO DE 2025]]></Identifica>
    <Data><![CDATA[]]></Data>
    <Ementa />
    <Titulo />
    <SubTitulo />
    <Texto><![CDATA[<p class="identifica">PORTARIA Nº 581, DE 17 DE OUTUBRO DE 2025</p><p>O PRESIDENTE DO TRIBUNAL REGIONAL FEDERAL DA 1ª REGIÃO, no uso de suas atribuições legais e regimentais, e tendo em vista o constante nos autos do PAe 0011343-95.2025.4.01.8004, resolve:</p><p>I - COLOCAR À DISPOSIÇÃO da Sede da Seção Judiciária da Bahia, nos termos do art. 93, I, da Lei n. 8.112/1990, c/c a Resolução n. 05/2008-CJF, o servidor VINÍCIUS MASCARENHAS OLIVEIRA DULTRA, Técnico Judiciário, Área Administrativa, do Quadro de Pessoal da Justiça Federal de Primeiro Grau da 1ª Região, Subseção Judiciária de Teixeira de Freitas, para exercer função comissionada.</p><p>II - CONCEDER ao servidor supracitado 15 (quinze) dias de trânsito, nos termos do disposto no art. 18 da Lei n° 8.112/90, c/c a Portaria/PRESI 630-286/2007.</p><p class="assina">Des. JOÃO BATISTA MOREIRA</p>]]></Texto>
  </body>
  <Midias />
</article></xml>