﻿<xml><article id="46230201" name="PORTARIA N 851_23265437" idOficio="11374023" pubName="DO2" artType="Portaria" pubDate="03/11/2025" artClass="00070:00004:00001:00002:00000:00000:00000:00000:00000:00000:00017:00000" artCategory="Poder Judiciário/Superior Tribunal de Justiça/Presidência/Secretaria" artSize="12" artNotes="" numberPage="123" pdfPage="http://pesquisa.in.gov.br/imprensa/jsp/visualiza/index.jsp?data=03/11/2025&amp;jornal=529&amp;pagina=123" editionNumber="209" highlightType="" highlightPriority="" highlight="" highlightimage="" highlightimagename="" idMateria="23265437">
  <body>
    <Identifica><![CDATA[ PORTARIA STJ/GDG Nº 851, DE 28 DE OUTUBRO DE 2025]]></Identifica>
    <Data><![CDATA[]]></Data>
    <Ementa />
    <Titulo />
    <SubTitulo />
    <Texto><![CDATA[<p class="identifica">PORTARIA STJ/GDG Nº 851, DE 28 DE OUTUBRO DE 2025</p><p>O DIRETOR-GERAL DA SECRETARIA DO SUPERIOR TRIBUNAL DE JUSTIÇA, com base no item 21.2.3, XI, b, do Anexo da Instrução Normativa STJ/GP n. 19 de 11 de junho de 2025 e no disposto no art. 35, I, da Lei n. 8.112, de 11 de dezembro de 1990, resolve:</p><p>Art. 1º Efetuar as seguintes alterações na Secretaria de Auditoria Interna:</p><p>I - Dispensar de função de confiança:</p><p>EMILIA DE ABREU ARAÚJO RODRIGUES, matrícula S068114, Assistente IV, código FC-4;</p><p>LUIS FERNANDO COSTA PINTO, matrícula S078926, Assistente II, código FC-2, da Coordenadoria de Auditoria Contábil e de Gestão;</p><p>II - Designar o servidor para a função de confiança de Assistente IV, código FC-4, na vaga decorrente da dispensa de Emilia de Abreu Araújo Rodrigues.</p><p>Art. 2º Esta portaria entra em vigor na data de sua publicação.</p><p class="assina">SERGIO JOSÉ AMERICO PEDREIRA</p>]]></Texto>
  </body>
  <Midias />
</article></xml>