﻿<xml><article id="46227733" name="DOU_PR_20251029_para_03_011" idOficio="11374251" pubName="DO2" artType="Portaria" pubDate="03/11/2025" artClass="00040:00024:00000:00000:00000:00000:00000:00000:00000:00000:00013:00003" artCategory="Ministério do Planejamento e Orçamento/Fundação Instituto Brasileiro de Geografia e Estatística" artSize="12" artNotes="" numberPage="96" pdfPage="http://pesquisa.in.gov.br/imprensa/jsp/visualiza/index.jsp?data=03/11/2025&amp;jornal=529&amp;pagina=96" editionNumber="209" highlightType="" highlightPriority="" highlight="" highlightimage="" highlightimagename="" idMateria="23265770">
  <body>
    <Identifica><![CDATA[ PORTARIAS DE 29 DE OUTUBRO DE 2025]]></Identifica>
    <Data><![CDATA[]]></Data>
    <Ementa />
    <Titulo />
    <SubTitulo />
    <Texto><![CDATA[<p class="identifica">PORTARIAS DE 29 DE OUTUBRO DE 2025</p><p>O PRESIDENTE da FUNDAÇÃO INSTITUTO BRASILEIRO DE GEOGRAFIA E ESTATÍSTICA-IBGE, usando de suas atribuições legais e regulamentares, resolve:</p><p>Nº 1.518 - Dispensar ANTONIA FRANCISCA COSTA FONSECA, CPF nº XXX.730.462-XX, da função comissionada executiva de Chefe de Seção, do(a) Seção de Pesquisas Estruturais Domiciliares, do(a) Superintendência Estadual do IBGE no Amazonas, FCE - 1.3, desta Fundação, a partir de 01/11/2025.</p><p>Nº 1.519 - Designar ANTONIA FRANCISCA COSTA FONSECA, CPF nº XXX.730.462-XX, para exercer a função comissionada executiva de Chefe de Seção, do(a) Seção de Pesquisas Estruturais nos Estabelecimentos, do(a) Superintendência Estadual do IBGE no Amazonas, FCE - 1.3, desta Fundação.</p><p>Nº 1.520 - Designar MOISES CORREA LOPES, CPF nº XXX.373.852-XX, para exercer a função comissionada executiva de Chefe de Seção, do(a) Seção de Pesquisas Estruturais Domiciliares, do(a) Superintendência Estadual do IBGE no Amazonas, FCE - 1.3, desta Fundação.</p><p class="assina">MARCIO POCHMANN</p>]]></Texto>
  </body>
  <Midias />
</article></xml>