﻿<xml><article id="46230345" name="PORTARIA NA 4738.25 - REITORA TI" idOficio="11374288" pubName="DO2" artType="Portaria" pubDate="03/11/2025" artClass="00025:00058:00000:00000:00000:00000:00000:00000:00000:00000:00017:04738" artCategory="Ministério da Educação/Instituto Federal de Educação, Ciência e Tecnologia da Bahia" artSize="12" artNotes="" numberPage="49" pdfPage="http://pesquisa.in.gov.br/imprensa/jsp/visualiza/index.jsp?data=03/11/2025&amp;jornal=529&amp;pagina=49" editionNumber="209" highlightType="" highlightPriority="" highlight="" highlightimage="" highlightimagename="" idMateria="23265758">
  <body>
    <Identifica><![CDATA[ PORTARIA Nº 4.738, DE 24 DE OUTUBRO DE 2025]]></Identifica>
    <Data><![CDATA[]]></Data>
    <Ementa />
    <Titulo />
    <SubTitulo />
    <Texto><![CDATA[<p class="identifica">PORTARIA Nº 4.738, DE 24 DE OUTUBRO DE 2025</p><p>A REITORA DO INSTITUTO FEDERAL DE EDUCAÇÃO, CIÊNCIA E TECNOLOGIA DA BAHIA, no uso das atribuições legais que lhe confere o Decreto de 19/03/2024, publicado no Diário Oficial da União de 20/03/2024, considerando o disposto na Portaria MEC nº 1.373, de 18/07/2019, publicada no Diário Oficial da União de 19/07/2019, e tendo em vista o teor do Processo Administrativo nº 23283.002013/2025-56, resolve:</p><p>Art. 1º - Dispensar a pedido, a servidora CAMILA RIBEIRO DE OLIVEIRA FELIX, ocupante do cargo efetivo de Professor do Ensino Básico, Técnico e Tecnológico, matrícula SIAPE nº 2724049, da função de Coordenadora do Curso Técnico de Petróleo e Gás do campus Simões Filho, código FCC-01, para a qual foi designada através da Portaria nº 1.828, de 13/05/2025, publicada no Diário Oficial da União de 15/05/2025.</p><p>Art. 2º - Esta portaria entra em vigor na data da sua publicação no Diário Oficial da União.</p><p class="assina">LUZIA MATOS MOTA</p>]]></Texto>
  </body>
  <Midias />
</article></xml>