﻿<xml><article id="46226743" name="Portaria de Pessoal - 2964" idOficio="11372960" pubName="DO2" artType="Portaria" pubDate="03/11/2025" artClass="00025:00103:00000:00000:00000:00000:00000:00000:00000:00000:00017:00038" artCategory="Ministério da Educação/Universidade Federal Fluminense" artSize="12" artNotes="" numberPage="62" pdfPage="http://pesquisa.in.gov.br/imprensa/jsp/visualiza/index.jsp?data=03/11/2025&amp;jornal=529&amp;pagina=62" editionNumber="209" highlightType="" highlightPriority="" highlight="" highlightimage="" highlightimagename="" idMateria="23263743">
  <body>
    <Identifica><![CDATA[ PORTARIA Nº 2.964, de 23 de outubro de 2025]]></Identifica>
    <Data><![CDATA[]]></Data>
    <Ementa />
    <Titulo />
    <SubTitulo />
    <Texto><![CDATA[<p class="identifica">PORTARIA Nº 2.964, de 23 de outubro de 2025</p><p>O VICE-REITOR NO EXERCÍCIO DA REITORIA DA UNIVERSIDADE FEDERAL FLUMINENSE, no uso de suas atribuições, e tendo em vista o que consta do Processo UFF n.º 23069.168414/2021-89, resolve:</p><p>Conceder aposentadoria voluntária a SANDRA REGINA DA SILVA CRUZ, matrícula SIAPE nº 307607, ocupante do cargo de Armazenista, código 701604, Nível de Classificação B, Padrão de Vencimentos 19, do Quadro de Pessoal Permanente desta Universidade, código de vaga 236778, com fundamento no artigo 3º da Emenda Constitucional nº 47/2005 c/c o artigo 3º da Emenda Constitucional nº 103/2019, com proventos integrais, cumulativamente com o adicional por tempo de serviço no percentual de 20% (vinte por cento).</p><p class="assina">FABIO BARBOZA PASSOS</p>]]></Texto>
  </body>
  <Midias />
</article></xml>