﻿<xml><article id="46230318" name="ATO 5001 - Aposentadoria JOSE LU" idOficio="11373654" pubName="DO2" artType="Ato" pubDate="03/11/2025" artClass="00070:00006:00000:00000:00000:00000:00000:00000:00000:00000:00001:00001" artCategory="Poder Judiciário/Superior Tribunal Militar" artSize="12" artNotes="" numberPage="125" pdfPage="http://pesquisa.in.gov.br/imprensa/jsp/visualiza/index.jsp?data=03/11/2025&amp;jornal=529&amp;pagina=125" editionNumber="209" highlightType="" highlightPriority="" highlight="" highlightimage="" highlightimagename="" idMateria="23264905">
  <body>
    <Identifica><![CDATA[ ATO Nº 5.001, DE 28 DE OUTUBRO DE 2025]]></Identifica>
    <Data><![CDATA[]]></Data>
    <Ementa />
    <Titulo />
    <SubTitulo />
    <Texto><![CDATA[<p class="identifica">ATO Nº 5.001, DE 28 DE OUTUBRO DE 2025</p><p>A MINISTRA-PRESIDENTE DO SUPERIOR TRIBUNAL MILITAR, usando das atribuições conferidas pelo inciso XXV do artigo 6º do Regimento Interno, bem como a Informação SEINA nº 4533580, contida nos autos do Processo nº 020924/25-00.189, do Sistema Eletrônico de Informações, considerando o disposto nos incisos I e II do artigo 71 da Lei nº 8.457/1992, alterada pela Lei nº 13.774/2018, resolve</p><p>Conceder Aposentadoria ao Técnico Judiciário, Área Administrativa, do Quadro Permanente da Secretaria do Superior Tribunal Militar, JOSÉ LUIZ FALCÃO, matrícula 730, nos termos do inciso I, do § 2º, do artigo 20 da Emenda Constitucional 103/2019, artigos 13 e artigo 28 da Lei nº 11.416/2006, com redação dada pelas Leis nº 12.774/2012 e nº 13.317/2016, artigo 67 da Lei nº 8.112/90 c/c inciso II do artigo 15 da MP nº 2.225-45/2001, artigo 3º da Lei nº 8.911/1994 e artigo 15 da Lei nº 9.527/1997.</p><p class="assina">MARIA ELIZABETH ROCHA</p><p class="cargo">Ministra-Presidente</p>]]></Texto>
  </body>
  <Midias />
</article></xml>