﻿<xml><article id="46230171" name="Portaria-2393-2025" idOficio="11361871" pubName="DO2" artType="Portaria" pubDate="03/11/2025" artClass="00070:00045:00001:00000:00000:00000:00000:00000:00000:00000:00017:00000" artCategory="Poder Judiciário/Tribunal Regional do Trabalho da 4ª Região/Presidência" artSize="12" artNotes="" numberPage="131" pdfPage="http://pesquisa.in.gov.br/imprensa/jsp/visualiza/index.jsp?data=03/11/2025&amp;jornal=529&amp;pagina=131" editionNumber="209" highlightType="" highlightPriority="" highlight="" highlightimage="" highlightimagename="" idMateria="23240526">
  <body>
    <Identifica><![CDATA[ PORTARIA Nº 2.393, DE 17 DE OUTUBRO DE 2025]]></Identifica>
    <Data><![CDATA[]]></Data>
    <Ementa />
    <Titulo />
    <SubTitulo />
    <Texto><![CDATA[<p class="identifica">PORTARIA Nº 2.393, DE 17 DE OUTUBRO DE 2025</p><p>O PRESIDENTE DO TRIBUNAL REGIONAL DO TRABALHO DA 4ª REGIÃO, no uso de suas atribuições legais e regimentais, resolve:</p><p>1. CONCEDER APOSENTADORIA a JOÃO BATISTA MARTINS DA SILVA (20893), no cargo de Técnico Judiciário, da Área Administrativa, Especialidade Agente da Polícia Judicial, Classe "C", Padrão 13, do Quadro de Pessoal do Tribunal Regional do Trabalho da 4ª Região, considerando o que consta no PROAD nº 6922/2025, e de acordo com o artigo 3º, incisos I, II e III, da Emenda Constitucional nº 47/2005 (como assegurado no art. 3º da EC nº 103/2019), incluídas as vantagens previstas nos artigos 62-A da Lei nº 8.112/90 (com a redação dada pela Medida Provisória nº 2.225-45/2001), 13 (alterado pela Lei nº 13.317/2016), 14 e 15, inciso III, da Lei n° 11.416/2006.</p><p>2. CANCELAR a Gratificação de Atividade de Segurança - GAS concedida ao servidor JOÃO BATISTA MARTINS DA SILVA.</p><p>3. DECLARAR VAGO, em decorrência, o cargo de Técnico Judiciário, da Área Administrativa, Especialidade Agente da Polícia Judicial, Classe "C", Padrão 13, revertendo a vaga à Classe "A", Padrão 01.</p><p class="assina">RICARDO HOFMEISTER DE ALMEIDA MARTINS COSTA</p>]]></Texto>
  </body>
  <Midias />
</article></xml>