﻿<xml><article id="46227718" name="Port. 710 - Substituicoes SUPES" idOficio="11376813" pubName="DO2" artType="Portaria" pubDate="03/11/2025" artClass="00070:00004:00005:00002:00003:00005:00000:00000:00000:00000:00017:00000" artCategory="Poder Judiciário/Superior Tribunal de Justiça/Conselho da Justiça Federal/Presidência/Secretaria-Geral/Diretoria Executiva de Administração e de Gestão de Pessoas" artSize="12" artNotes="" numberPage="124" pdfPage="http://pesquisa.in.gov.br/imprensa/jsp/visualiza/index.jsp?data=03/11/2025&amp;jornal=529&amp;pagina=124" editionNumber="209" highlightType="" highlightPriority="" highlight="" highlightimage="" highlightimagename="" idMateria="23270908">
  <body>
    <Identifica><![CDATA[ PORTARIA CJF nº 710, DE 30 DE outubro DE 2025]]></Identifica>
    <Data><![CDATA[]]></Data>
    <Ementa />
    <Titulo />
    <SubTitulo />
    <Texto><![CDATA[<p class="identifica">PORTARIA CJF nº 710, DE 30 DE outubro DE 2025</p><p>O DIRETOR EXECUTIVO DE ADMINISTRAÇÃO E DE GESTÃO DE PESSOAS DO CONSELHO DA JUSTIÇA FEDERAL, no uso da atribuição conferida pelo art. 1º, inciso II, alínea "g", da Portaria CJF n. 637, de 5 de outubro de 2023, e tendo em vista o que consta no Processo n. 0004071-85.2025.4.90.8000, resolve:</p><p>Art. 1º Designar ALEX AMORIM DUTRA, matrícula n. 989, para exercer na condição de 1° substituto, e FREDERICO AUGUSTO COSTA DE OLIVEIRA, matrícula n. 770, na condição de 2ª substituto, o cargo em comissão de Subsecretário, código CJ-2, da Subsecretaria de Planejamento e Gestão de Sistemas Nacionais, da Secretaria de Tecnologia da Informação, da Secretaria-Geral, nos impedimentos e afastamentos legais ou regulamentares do titular e na vacância do respectivo cargo em comissão.</p><p>Art. 2º Esta Portaria entra em vigor na data de sua publicação.</p><p class="assina">LUIZ ANTONIO DE SOUZA CORDEIRO</p>]]></Texto>
  </body>
  <Midias />
</article></xml>