﻿<xml><article id="46227667" name="DOU_SP_3112025" idOficio="11374924" pubName="DO2" artType="Portaria" pubDate="03/11/2025" artClass="00069:00001:00002:00008:00001:00001:00000:00000:00000:00000:00017:00000" artCategory="Poder Legislativo/Câmara dos Deputados/Diretoria-Geral/Diretoria de Recursos Humanos/Departamento de Pessoal/Coordenação de Secretariado Parlamentar" artSize="12" artNotes="" numberPage="120" pdfPage="http://pesquisa.in.gov.br/imprensa/jsp/visualiza/index.jsp?data=03/11/2025&amp;jornal=529&amp;pagina=120" editionNumber="209" highlightType="" highlightPriority="" highlight="" highlightimage="" highlightimagename="" idMateria="23268039">
  <body>
    <Identifica><![CDATA[ Portarias de  29 de outubro de 2025]]></Identifica>
    <Data><![CDATA[]]></Data>
    <Ementa />
    <Titulo />
    <SubTitulo />
    <Texto><![CDATA[<p class="identifica">Portarias de 29 de outubro de 2025</p><p>O Diretor da Coordenação de Secretariado Parlamentar, no uso das atribuições que lhe foram delegadas pelo artigo 1º da Portaria n.º 53, de 2002, do Senhor Diretor Administrativo, resolve:</p><p>Nº 6.691 - Exonerar, de acordo com o artigo 35 da Lei n.º 8.112, de 11 de dezembro de 1990, a partir de 29 de outubro de 2025, LORENA BRENDA DO NASCIMENTO XAVIER, ponto n.º 272644, do cargo em comissão de Secretário Parlamentar, SP24, do Quadro de Pessoal da Câmara dos Deputados, que exerce no gabinete do(a) Deputado(a) CHARLES FERNANDES.</p><p>Nº 6.692 - Exonerar, de acordo com o artigo 35 da Lei n.º 8.112, de 11 de dezembro de 1990, a partir de 29 de outubro de 2025, NATALIA RAFFAELA SARAIVA ROSA XAVIER, ponto n.º 278373, do cargo em comissão de Secretário Parlamentar, SP16, do Quadro de Pessoal da Câmara dos Deputados, que exerce no gabinete do(a) Deputado(a) CAPITÃO AUGUSTO.</p><p>Nº 6.693 - Exonerar, de acordo com o artigo 35 da Lei n.º 8.112, de 11 de dezembro de 1990, a partir de 29 de outubro de 2025, HUMBERTO LUCAS BATISTA COSTA, ponto n.º 279395, do cargo em comissão de Secretário Parlamentar, SP04, do Quadro de Pessoal da Câmara dos Deputados, que exerce no gabinete do(a) Deputado(a) ROSÂNGELA REIS.</p><p>Nº 6.694 - Exonerar, de acordo com o artigo 35 da Lei n.º 8.112, de 11 de dezembro de 1990, a partir de 29 de outubro de 2025, NÚBIA COSTA DE BRITO, ponto n.º 282201, do cargo em comissão de Secretário Parlamentar, SP04, do Quadro de Pessoal da Câmara dos Deputados, que exerce no gabinete do(a) Deputado(a) LEO PRATES.</p><p>Nº 6.695 - Exonerar, de acordo com o artigo 35 da Lei n.º 8.112, de 11 de dezembro de 1990, a partir de 29 de outubro de 2025, MARCELO BASTOS DE ARAÚJO, ponto n.º 282395, do cargo em comissão de Secretário Parlamentar, SP09, do Quadro de Pessoal da Câmara dos Deputados, que exerce no gabinete do(a) Deputado(a) FÉLIX MENDONÇA JÚNIOR.</p><p>Nº 6.696 - Exonerar, de acordo com o artigo 35 da Lei n.º 8.112, de 11 de dezembro de 1990, a partir de 29 de outubro de 2025, EMILLY GANDRA DE ARAÚJO, ponto n.º 282855, do cargo em comissão de Secretário Parlamentar, SP03, do Quadro de Pessoal da Câmara dos Deputados, que exerce no gabinete do(a) Deputado(a) ADAIL FILHO.</p><p>Nº 6.697 - Nomear, na forma do artigo 9º, inciso II, da Lei nº 8.112, de 11 de dezembro de 1990, BRUNO DE SOUZA CASTELO BRANCO para exercer, no gabinete do(a) Deputado(a) RODRIGO ROLLEMBERG, o cargo em comissão de Secretário Parlamentar, SP12, do Quadro de Pessoal da Câmara dos Deputados.</p><p>Nº 6.698 - Nomear, na forma do artigo 9º, inciso II, da Lei nº 8.112, de 11 de dezembro de 1990, DANIELLE NUNES DE FRANÇA para exercer, no gabinete do(a) Deputado(a) FERNANDO MINEIRO, o cargo em comissão de Secretário Parlamentar, SP16, do Quadro de Pessoal da Câmara dos Deputados.</p><p>Nº 6.699 - Nomear, na forma do artigo 9º, inciso II, da Lei nº 8.112, de 11 de dezembro de 1990, DIEGO HENRIQUE PEREIRA para exercer, no gabinete do(a) Deputado(a) LUIZ CARLOS MOTTA, o cargo em comissão de Secretário Parlamentar, SP16, do Quadro de Pessoal da Câmara dos Deputados.</p><p>Nº 6.700 - Nomear, na forma do artigo 9º, inciso II, da Lei nº 8.112, de 11 de dezembro de 1990, ELIA ROBERTO FISCHLIM para exercer, no gabinete do(a) Deputado(a) KIM KATAGUIRI, o cargo em comissão de Secretário Parlamentar, SP24, do Quadro de Pessoal da Câmara dos Deputados.</p><p>Nº 6.701 - Nomear, na forma do artigo 9º, inciso II, da Lei nº 8.112, de 11 de dezembro de 1990, ELIANA GONÇALVES DINIZ PINTO para exercer, no gabinete do(a) Deputado(a) PROFESSOR ALCIDES, o cargo em comissão de Secretário Parlamentar, SP03, do Quadro de Pessoal da Câmara dos Deputados.</p><p>Nº 6.702 - Nomear, na forma do artigo 9º, inciso II, da Lei nº 8.112, de 11 de dezembro de 1990, GUSTAVO DE ARAÚJO SAMPAIO para exercer, no gabinete do(a) Deputado(a) ADAIL FILHO, o cargo em comissão de Secretário Parlamentar, SP03, do Quadro de Pessoal da Câmara dos Deputados.</p><p>Nº 6.703 - Nomear, na forma do artigo 9º, inciso II, da Lei nº 8.112, de 11 de dezembro de 1990, KELLER LORRAINE SOUZA MOURA para exercer, no gabinete do(a) Deputado(a) FÉLIX MENDONÇA JÚNIOR, o cargo em comissão de Secretário Parlamentar, SP09, do Quadro de Pessoal da Câmara dos Deputados.</p><p>Nº 6.704 - Nomear, na forma do artigo 9º, inciso II, da Lei nº 8.112, de 11 de dezembro de 1990, MARCIO DA SILVA BEZERRA para exercer, no gabinete do(a) Deputado(a) MARRECA FILHO, o cargo em comissão de Secretário Parlamentar, SP02, do Quadro de Pessoal da Câmara dos Deputados.</p><p>Nº 6.705 - Nomear, na forma do artigo 9º, inciso II, da Lei nº 8.112, de 11 de dezembro de 1990, MARINA RAMIRES DUTRA para exercer, no gabinete do(a) Deputado(a) RAFAEL BRITO , o cargo em comissão de Secretário Parlamentar, SP07, do Quadro de Pessoal da Câmara dos Deputados.</p><p>Nº 6.706 - Nomear, na forma do artigo 9º, inciso II, da Lei nº 8.112, de 11 de dezembro de 1990, MURILLO SÉRGIO DOS SANTOS TINOCO CARNEIRO para exercer, no gabinete do(a) Deputado(a) JULIA ZANATTA, o cargo em comissão de Secretário Parlamentar, SP20, do Quadro de Pessoal da Câmara dos Deputados.</p><p>Nº 6.707 - Nomear, na forma do artigo 9º, inciso II, da Lei nº 8.112, de 11 de dezembro de 1990, NÍVEA SANTOS SILVA para exercer, no gabinete do(a) Deputado(a) ZÉ NETO, o cargo em comissão de Secretário Parlamentar, SP08, do Quadro de Pessoal da Câmara dos Deputados.</p><p>Nº 6.708 - Nomear, na forma do artigo 9º, inciso II, da Lei nº 8.112, de 11 de dezembro de 1990, THIAGO RODRIGUES JACOME para exercer, no gabinete do(a) Deputado(a) DIMAS GADELHA, o cargo em comissão de Secretário Parlamentar, SP15, do Quadro de Pessoal da Câmara dos Deputados.</p><p>Nº 6.709 - Nomear, na forma do artigo 9º, inciso II, da Lei nº 8.112, de 11 de dezembro de 1990, WALDENIR STORTTI para exercer, no gabinete do(a) Deputado(a) LUCIANO DUCCI, o cargo em comissão de Secretário Parlamentar, SP04, do Quadro de Pessoal da Câmara dos Deputados.</p><p class="assina">Carlos Augusto Lima de Azevêdo</p>]]></Texto>
  </body>
  <Midias />
</article></xml>