﻿<xml><article id="45196797" name="PORTARIAS DE 28-08-2025 OK" idOficio="11253259" pubName="DO2" artType="Portaria" pubDate="01/09/2025" artClass="00032:00037:00014:00000:00000:00000:00000:00000:00000:00000:00017:00000" artCategory="Ministério da Integração e do Desenvolvimento Regional/Superintendência do Desenvolvimento do Nordeste/Gabinete" artSize="12" artNotes="" numberPage="62" pdfPage="http://pesquisa.in.gov.br/imprensa/jsp/visualiza/index.jsp?data=01/09/2025&amp;jornal=529&amp;pagina=62" editionNumber="165" highlightType="" highlightPriority="" highlight="" highlightimage="" highlightimagename="" idMateria="23054090">
  <body>
    <Identifica><![CDATA[ Portarias de 28 AGOSTO DE 2025]]></Identifica>
    <Data><![CDATA[]]></Data>
    <Ementa />
    <Titulo />
    <SubTitulo />
    <Texto><![CDATA[<p class="identifica">Portarias de 28 AGOSTO DE 2025</p><p>O SUPERINTENDENTE DA SUPERINTENDÊNCIA DO DESENVOLVIMENTO DO NORDESTE - SUDENE, no uso das atribuições que lhe confere o art. 16 do inciso IV do anexo I ao Decreto nº 11.056, de 29 de abril de 2022, publicado no D.O.U. Edição 81, Seção 01, de 02 de maio de 2022 e considerando o constante nos autos do Processo 59336.002837/2025-19, resolve:</p><p>Nº 105 - Art. 1º Exonerar o servidor WELLINGTON ELIOTÉRIO DA SILVA, matrícula SIAPE nº 3357074, do Cargo Comissionado Executivo de Assistente, código CCE 2.07, do Gabinete desta Superintendência.</p><p>Art. 2º - Esta portaria entra em vigor na data de sua publicação no Diário Oficial da União.</p><p>Nº 106 - Art. 1º Nomear DÁCIO TADEU GALIZA XAVIER para exercer o Cargo Comissionado Executivo de Assistente, código CCE 2.07, do Gabinete desta Superintendência.</p><p>Art. 2º - Esta portaria entra em vigor na data de sua publicação no Diário Oficial da União.</p><p class="assina">FRANCISCO FERREIRA ALEXANDRE</p>]]></Texto>
  </body>
  <Midias />
</article></xml>