﻿<xml><article id="45199814" name="Portarias 01_09_2025" idOficio="11253684" pubName="DO2" artType="Portaria" pubDate="01/09/2025" artClass="00025:00074:00028:00000:00000:00000:00000:00000:00000:00000:00017:00000" artCategory="Ministério da Educação/Instituto Federal de Educação, Ciência e Tecnologia da Paraíba/Campus Esperança" artSize="12" artNotes="" numberPage="24" pdfPage="http://pesquisa.in.gov.br/imprensa/jsp/visualiza/index.jsp?data=01/09/2025&amp;jornal=529&amp;pagina=24" editionNumber="165" highlightType="" highlightPriority="" highlight="" highlightimage="" highlightimagename="" idMateria="23054478">
  <body>
    <Identifica><![CDATA[ PORTARIAS DE 28 DE AGOSTO DE 2025]]></Identifica>
    <Data><![CDATA[]]></Data>
    <Ementa />
    <Titulo />
    <SubTitulo />
    <Texto><![CDATA[<p class="identifica">PORTARIAS DE 28 DE AGOSTO DE 2025</p><p>O DIRETOR GERAL DO CAMPUS ESPERANÇA DO INSTITUTO FEDERAL DE EDUCAÇÃO, CIÊNCIA E TECNOLOGIA DA PARAÍBA, designado pela Portaria nº 2068/2022 - Reitoria/IFPB, publicada no Diário Oficial da União no dia 24 de outubro de 2022, no uso de suas atribuições legais e considerando o disposto na Portaria nº 2628/2019 - Reitoria/IFPB, de 28 de novembro de 2019, resolve:</p><p>Nº 94 - Dispensar, a pedido, o servidor ARLINDO GARCIA DE SÁ BARRETO NETO , CPF Nº 687.xxx.xxx-20, Professor do Ensino Básico, Técnico e Tecnológico, do Quadro Permanente de Pessoal deste Instituto - Campus Esperança, da Função Gratificada de Coordenador da Coordenação de Finanças do Campus Esperança (COF-ES), Código FG-2;</p><p>Nº 95 - Designar a servidora GENIELE TRAJANO DA SILVA , CPF Nº 057.xxx.xxx-05, Auxiliar de Biblioteca, do Quadro Permanente de Pessoal deste Instituto - Campus Esperança, para a Função Gratificada de Coordenadora da Coordenação de Finanças do Campus Esperança (COF-ES), Código FG-2.</p><p>Estas Portarias entram em vigor na data de sua publicação no Diário Oficial da União.</p><p class="assina">VALNYR VASCONCELOS LIRA</p>]]></Texto>
  </body>
  <Midias />
</article></xml>