﻿<xml><article id="45202810" name="ATO Portaria NA 154" idOficio="11254366" pubName="DO2" artType="Portaria" pubDate="01/09/2025" artClass="00070:00001:00002:00000:00000:00000:00000:00000:00000:00000:00017:00003" artCategory="Poder Judiciário/Supremo Tribunal Federal/Presidência" artSize="12" artNotes="" numberPage="102" pdfPage="http://pesquisa.in.gov.br/imprensa/jsp/visualiza/index.jsp?data=01/09/2025&amp;jornal=529&amp;pagina=102" editionNumber="165" highlightType="" highlightPriority="" highlight="" highlightimage="" highlightimagename="" idMateria="23055586">
  <body>
    <Identifica><![CDATA[ PORTARIA Nº 154, DE 28 DE AGOSTO DE 2025]]></Identifica>
    <Data><![CDATA[]]></Data>
    <Ementa />
    <Titulo />
    <SubTitulo />
    <Texto><![CDATA[<p class="identifica">PORTARIA Nº 154, DE 28 DE AGOSTO DE 2025</p><p>O PRESIDENTE DO SUPREMO TRIBUNAL FEDERAL, no uso de suas atribuições e tendo em vista o disposto nos arts. 5º, § 2º, e 9º, inc. I, da Lei nº 8.112, de 11 de dezembro de 1990, no art. 1º da Lei nº 15.142, de 3 de junho de 2025, e considerando o contido no Processo Administrativo eletrônico 006126/2025, resolve:</p><p>I - Nomear, em caráter efetivo, THAIS XAVIER MARGALHO, aprovada em concurso público para o cargo de Analista Judiciário, área Administrativa, Classe "A", Padrão 1, em vaga decorrente da posse em outro cargo inacumulável de Mariana Sanmartin de Mello;</p><p>II - Nomear, em caráter efetivo, PAULA TEREZA DE CARVALHO PENHA, aprovada em concurso público para o cargo de Analista Judiciário, área Administrativa, Classe "A", Padrão 1, em vaga decorrente da aposentadoria de Amélia Lopes Dias de Araújo;</p><p>III - Nomear, em caráter efetivo, MÁRIO GLEICK AGUIAR GUIMARÃES, aprovado em concurso público para o cargo de Analista Judiciário, área Administrativa, Classe "A", Padrão 1, em vaga decorrente da posse em outro cargo inacumulável de Patrício Coelho Noronha;</p><p>IV - Nomear, em caráter efetivo, RENATA DA SILVA PESSÔA, aprovada em concurso público para o cargo de Analista Judiciário, área Administrativa, Classe "A", Padrão 1, em vaga decorrente da aposentadoria de Maria Lucia Lobo Magalhães;</p><p>V - Nomear, em caráter efetivo, HELAYNE ARAÚJO BOAVENTURA, aprovada em concurso público para o cargo de Analista Judiciário, área Administrativa, Classe "A", Padrão 1, em vaga decorrente da aposentadoria de José de Oliveira Ávila;</p><p>VI - Nomear, em caráter efetivo, PAULO CESAR ROSSI, aprovado em concurso público para o cargo de Analista Judiciário, área Administrativa, Classe "A", Padrão 1, em vaga decorrente da aposentadoria de Sandro José Hayakawa Cunha;</p><p>VII - Nomear, em caráter efetivo, GIOVANA REZENDE MARTINELLO, aprovada em concurso público para o cargo de Analista Judiciário, área Administrativa, Classe "A", Padrão 1, em vaga decorrente da aposentadoria de Francisco Sandoval Barbosa da Silveira;</p><p>VIII - Nomear, em caráter efetivo, THAÍS SILVA CARVALHO, aprovada em concurso público para o cargo de Analista Judiciário, área Administrativa, Classe "A", Padrão 1, em vaga decorrente da aposentadoria de Maria José Fleury; e</p><p>IX - Nomear, em caráter efetivo, VINÍCIUS DE CASTRO DUDÚ, aprovado em concurso público para o cargo de Analista Judiciário, área Administrativa, Classe "A", Padrão 1, em vaga decorrente da aposentadoria de Mônica Valéria Macedo Fischer.</p><p class="assina">Min. LUÍS ROBERTO BARROSO</p>]]></Texto>
  </body>
  <Midias />
</article></xml>