﻿<xml><article id="45199820" name="DOU Portaria 65 de Concessao de " idOficio="11253671" pubName="DO2" artType="Portaria" pubDate="01/09/2025" artClass="00008:00002:00028:00000:00000:00000:00000:00000:00000:00000:00017:00000" artCategory="Ministério da Agricultura e Pecuária/Secretaria Executiva/Superintendência de Agricultura e Pecuária do Estado do Paraná" artSize="12" artNotes="" numberPage="5" pdfPage="http://pesquisa.in.gov.br/imprensa/jsp/visualiza/index.jsp?data=01/09/2025&amp;jornal=529&amp;pagina=5" editionNumber="165" highlightType="" highlightPriority="" highlight="" highlightimage="" highlightimagename="" idMateria="23054461">
  <body>
    <Identifica><![CDATA[ PORTARIA SFA-PR/MAPA Nº 65, DE 29 DE AGOSTO DE 2025]]></Identifica>
    <Data><![CDATA[]]></Data>
    <Ementa />
    <Titulo />
    <SubTitulo />
    <Texto><![CDATA[<p class="identifica">PORTARIA SFA-PR/MAPA Nº 65, DE 29 DE AGOSTO DE 2025</p><p>A SUPERINTENDENTE FEDERAL DE AGRICULTURA E PECUÁRIA NO ESTADO DO PARANÁ, no uso das atribuições legais que lhe confere o Regimento Interno Secretaria Executiva, aprovado pela Portaria Ministerial nº 561, de 11 de abril de 2018, publicada no Diário Oficial da União em 13 de abril de 2018, a Portaria SE/MAPA º 1.393, de 21 de agosto de 2018, publicada no Diário Oficial da União em 23 de agosto de 2018, resolve:</p><p>Art. 1º - Conceder aposentadoria voluntária, com proventos integrais, à servidora ROSANGELA BUTTNER SETLIK, matrícula SIAPE nº 10226, ocupante do cargo de Agente Administrativo, Classe S, Padrão V, do Quadro de Pessoal deste Ministério, lotada na SFA/PR, com fundamento no artigo 40, § 1º, item III, alínea "a", da Constituição Federal, com a redação dada pela Emenda Constitucional nº 41/2003, assegurada pelo artigo 3º da Emenda Constitucional nº 103/2019, com proventos calculados na forma estabelecida no artigo 1º da Lei nº 10.887/2004.</p><p>Art. 2º - Esta Portaria entra em vigor na data de sua publicação.</p><p class="assina">JULIANA AZEVEDO CASTRO BIANCHINI</p>]]></Texto>
  </body>
  <Midias />
</article></xml>