﻿<xml><article id="45197256" name="ATO_1147" idOficio="11224916" pubName="DO2" artType="Ato" pubDate="01/09/2025" artClass="00070:00007:00001:00000:00000:00000:00000:00000:00000:00000:00001:00007" artCategory="Poder Judiciário/Tribunal Regional Federal da 1ª Região/Presidência" artSize="12" artNotes="" numberPage="106" pdfPage="http://pesquisa.in.gov.br/imprensa/jsp/visualiza/index.jsp?data=01/09/2025&amp;jornal=529&amp;pagina=106" editionNumber="165" highlightType="" highlightPriority="" highlight="" highlightimage="" highlightimagename="" idMateria="23006740">
  <body>
    <Identifica><![CDATA[ ATO Nº 1.147, DE 15 DE AGOSTO DE 2025]]></Identifica>
    <Data><![CDATA[]]></Data>
    <Ementa />
    <Titulo />
    <SubTitulo />
    <Texto><![CDATA[<p class="identifica">ATO Nº 1.147, DE 15 DE AGOSTO DE 2025</p><p>O PRESIDENTE DO TRIBUNAL REGIONAL FEDERAL DA 1ª REGIÃO, no uso de suas atribuições legais e regimentais, e tendo em vista o constante nos autos do PAe 0026777-39.2025.4.01.8000, resolve:</p><p>EXONERAR a servidora FERNANDA ROSA TEIXEIRA MACIEL, Técnica Judiciária, Área Administrativa, do Quadro de Pessoal deste Tribunal, do Cargo em Comissão, Código CJ-02, de Assessor Técnico II, da Assessoria do Sr. Desembargador Federal Roberto Carvalho Veloso, a partir de 31/08/2025.</p><p class="assina">Des. JOÃO BATISTA MOREIRA</p>]]></Texto>
  </body>
  <Midias />
</article></xml>