﻿<xml><article id="45196665" name="PT 949 de 26.08.2025" idOficio="11253323" pubName="DO2" artType="Portaria" pubDate="01/09/2025" artClass="00047:00002:00021:00040:00014:00000:00000:00000:00000:00000:00017:00949" artCategory="Ministério da Saúde/Secretaria Executiva/Subsecretaria de Assuntos Administrativos/Superintendência Estadual do Ministério da Saúde no Rio de Janeiro/Serviço de Gestão de Pessoas" artSize="12" artNotes="" numberPage="86" pdfPage="http://pesquisa.in.gov.br/imprensa/jsp/visualiza/index.jsp?data=01/09/2025&amp;jornal=529&amp;pagina=86" editionNumber="165" highlightType="" highlightPriority="" highlight="" highlightimage="" highlightimagename="" idMateria="23054096">
  <body>
    <Identifica><![CDATA[ PORTARIA SEGEP/RJ Nº 949, DE 26 DE AGOSTO DE 2025]]></Identifica>
    <Data><![CDATA[]]></Data>
    <Ementa />
    <Titulo />
    <SubTitulo />
    <Texto><![CDATA[<p class="identifica">PORTARIA SEGEP/RJ Nº 949, DE 26 DE AGOSTO DE 2025</p><p>A CHEFE DO SERVIÇO DE GESTÃO DE PESSOAS, DA SUPERINTENDÊNCIA ESTADUAL DO MINISTÉRIO DA SAÚDE NO RIO DE JANEIRO, DA SUBSECRETARIA DE ASSUNTOS ADMINISTRATIVOS, DA SECRETARIA-EXECUTIVA, DO MINISTÉRIO DA SAÚDE, no uso de suas atribuições legais que lhe foram atribuídas pela PORTARIA DE PESSOAL SE/MS Nº 94, DE 01 DE fevereiro DE 2024, publicada no DOU nº 25, de 5 de fevereiro de 2024, Seção 2, página 68, e tendo em vista o que consta no processo nº 25001.000011/2025-77, resolve:</p><p>Conceder pensão a ANA PAULA PEREIRA DA SILVA, na condição de FILHA MAIOR INVÁLIDA, tendo como base o disposto nos artigos 217, inciso IV, alínea "b" e 222, inciso III, da Lei nº 8.112/90, na redação dada pela Lei nº 13.135 de 17.06.2015, em face do falecimento ocorrido em 19/12/2024 do ex-servidor JOSE CAVALCANTE SILVA, SIAPE nº 0.619.980, Técnico em Radiologia 24h, Nível Intermediário, Classe "C", Padrão V, Aposentado do Quadro de Pessoal deste Ministério, sendo a pensão calculada nos termos do parágrafo 2º do artigo 23 da Emenda Constitucional nº 103, de 13/11/2019, cabendo a beneficiária a cota-parte de 1/1, a contar do óbito do ex-servidor.</p><p class="assina">LUCILENA RODRIGUES GIESTEIRA</p>]]></Texto>
  </body>
  <Midias />
</article></xml>