﻿<xml><article id="45201064" name="PORTARIA N 4.802_23055130" idOficio="11254010" pubName="DO2" artType="Portaria" pubDate="01/09/2025" artClass="00025:00071:00021:00000:00000:00000:00000:00000:00000:00000:00017:00000" artCategory="Ministério da Educação/Instituto Federal de Educação, Ciência e Tecnologia de Minas Gerais/Campus Ponte Nova" artSize="12" artNotes="" numberPage="23" pdfPage="http://pesquisa.in.gov.br/imprensa/jsp/visualiza/index.jsp?data=01/09/2025&amp;jornal=529&amp;pagina=23" editionNumber="165" highlightType="" highlightPriority="" highlight="" highlightimage="" highlightimagename="" idMateria="23055130">
  <body>
    <Identifica><![CDATA[ PORTARIA N° 4.802, DE 29 DE AGOSTO DE 2025]]></Identifica>
    <Data><![CDATA[]]></Data>
    <Ementa />
    <Titulo />
    <SubTitulo />
    <Texto><![CDATA[<p class="identifica">PORTARIA N° 4.802, DE 29 DE AGOSTO DE 2025</p><p>O DIRETOR DO INSTITUTO FEDERAL DE EDUCAÇÃO, CIÊNCIA E TECNOLOGIADE MINAS GERAIS - CAMPUS PONTE NOVA, no uso das atribuições que lhe sãoconferidas pela Portaria IFMG nº 475, de 06 de abril de 2016, publicada no DOU de 15de abril de 2016, Seção 2, pág.17, retificada pela Portaria IFMG nº 805, de 04 de julhode 2016, publicada no DOU de 06 de julho de 2016, Seção 2, pág. 22, e pela PortariaIFMG nº 1078 de 27 de setembro de 2016, publicada no DOU de 04 de outubro de2016, Seção 2, pág. 20 e o que consta no Processo nº 23718.000171/2025-14, resolve:</p><p>Art. 1º Dispensar a servidora SABLINA PRADO DE ASSIS SILVAVARGAS, ocupante do cargo de Administrador, SIAPE nº 3062231, SIAPECAD nº02243396, lotada no(a) Campus Ponte Nova, e em exercício no(a) Seção deAdministração e Planejamento do Campus Ponte Nova, da função de Chefe, FG - 02,do(a) Seção de Administração e Planejamento do Campus Ponte Nova, UORG-146.</p><p>Art. 2º Efeitos a partir de 20 de agosto de 2025.</p><p class="assina">Luciano Vilas Boas Espiridião</p>]]></Texto>
  </body>
  <Midias />
</article></xml>