﻿<xml><article id="45201895" name="Portaria 706_2025 - Vacancia REN" idOficio="11254164" pubName="DO2" artType="Portaria" pubDate="01/09/2025" artClass="00025:00096:00001:00029:00000:00000:00000:00000:00000:00000:00017:00000" artCategory="Ministério da Educação/Universidade Federal da Bahia/Reitoria/Pró-Reitoria de Desenvolvimento de Pessoas" artSize="12" artNotes="" numberPage="32" pdfPage="http://pesquisa.in.gov.br/imprensa/jsp/visualiza/index.jsp?data=01/09/2025&amp;jornal=529&amp;pagina=32" editionNumber="165" highlightType="" highlightPriority="" highlight="" highlightimage="" highlightimagename="" idMateria="23055334">
  <body>
    <Identifica><![CDATA[ PORTARIA Nº 706, DE 28 DE AGOSTO DE 2025]]></Identifica>
    <Data><![CDATA[]]></Data>
    <Ementa />
    <Titulo />
    <SubTitulo />
    <Texto><![CDATA[<p class="identifica">PORTARIA Nº 706, DE 28 DE AGOSTO DE 2025</p><p>O PRÓ-REITOR DE DESENVOLVIMENTO DE PESSOAS DA UNIVERSIDADE FEDERAL DA BAHIA, no uso de suas atribuições legais e estatutárias, considerando o disposto no processo n. 23066.059928/2025-06 e na Portaria n. 50/2025 - UFBA, de 11 de fevereiro de 2025, resolve:</p><p>Declarar, a partir de 1º de setembro de 2025, a vacância do cargo de Assistente em Administração, Nível de Classificação D, Padrão de Vencimento 09, com jornada de trabalho de 40 horas semanais, ocupado por RENATA ALVES DE JESUS LIMA, matrícula SIAPE n. 3140689, com lotação na Pró-Reitoria de Pesquisa e Pós-Graduação desta universidade, de acordo com o inciso VIII do Art. 33 da Lei n. 8.112/1990.</p><p class="assina">JEILSON BARRETO ANDRADE</p>]]></Texto>
  </body>
  <Midias />
</article></xml>