﻿<xml><article id="45197208" name="trt9a168-2025-PRT COINF 183" idOficio="11213725" pubName="DO2" artType="Portaria" pubDate="01/09/2025" artClass="00070:00050:00001:00001:00017:00000:00000:00000:00000:00000:00017:00002" artCategory="Poder Judiciário/Tribunal Regional do Trabalho da 9ª Região/Tribunal Pleno/Presidência/Coordenadoria de Informações Funcionais" artSize="12" artNotes="" numberPage="115" pdfPage="http://pesquisa.in.gov.br/imprensa/jsp/visualiza/index.jsp?data=01/09/2025&amp;jornal=529&amp;pagina=115" editionNumber="165" highlightType="" highlightPriority="" highlight="" highlightimage="" highlightimagename="" idMateria="22986649">
  <body>
    <Identifica><![CDATA[ PORTARIA COINF Nº 183, DE 12 DE AGOSTO DE 2025]]></Identifica>
    <Data><![CDATA[]]></Data>
    <Ementa />
    <Titulo />
    <SubTitulo />
    <Texto><![CDATA[<p class="identifica">PORTARIA COINF Nº 183, DE 12 DE AGOSTO DE 2025</p><p>A COORDENADORA DE INFORMAÇÕES FUNCIONAIS DO TRIBUNAL REGIONAL DO TRABALHO DA 9ª REGIÃO, usando de suas atribuições legais, e diante da delegação de competência decorrente do art. 4º, III e IV, da Portaria Presidência nº 22/2022, resolve:</p><p>I - designar RACHEL DO NASCIMENTO MATILE, Analista Judiciário Área Judiciária, classe C, padrão 13, para EXERCER o Cargo em Comissão de Assessor II (c-10896), código TRT 9ª CJ-2, do Gabinete De Desembargador 20, a partir da data de publicação, dispensando-a da Função Comissionada de Assistente De Gabinete VI (c-11340), código TRT 9ª FC-6, desta unidade, a partir da mesma data (Documento Eletrônico nº 10/2025);</p><p>II - dispensar FÁBIO HENRIQUE CORDEIRO LUZ, Analista Judiciário Área Judiciária, classe A, padrão 2, do Cargo em Comissão de Assessor II (c-10896), código TRT 9ª CJ-2, Gabinete De Desembargador 20, a partir da data de publicação (Documento Eletrônico nº 10/2025).</p><p class="assina">ROSSANA SANTOS CARVALHO</p>]]></Texto>
  </body>
  <Midias />
</article></xml>