﻿<xml><article id="45196392" name="ATO PORTARIA N. 400 2025 - JULIA" idOficio="11251504" pubName="DO2" artType="Portaria" pubDate="01/09/2025" artClass="00014:00001:00000:00000:00000:00000:00000:00000:00000:00000:00017:00000" artCategory="Ministério das Comunicações/Gabinete do Ministro" artSize="12" artNotes="" numberPage="9" pdfPage="http://pesquisa.in.gov.br/imprensa/jsp/visualiza/index.jsp?data=01/09/2025&amp;jornal=529&amp;pagina=9" editionNumber="165" highlightType="" highlightPriority="" highlight="" highlightimage="" highlightimagename="" idMateria="23050793">
  <body>
    <Identifica><![CDATA[ PORTARIA MCOM Nº 400, de 27 DE AGOSTO de 2025]]></Identifica>
    <Data><![CDATA[]]></Data>
    <Ementa />
    <Titulo />
    <SubTitulo />
    <Texto><![CDATA[<p class="identifica">PORTARIA MCOM Nº 400, de 27 DE AGOSTO de 2025</p><p>O MINISTRO DE ESTADO DAS COMUNICAÇÕES, no uso da competência que lhe foi delegada pelo art. 6º do Decreto nº 9.794, de 14 de maio de 2019, publicado no DOU de 15 de maio de 2019, e tendo em vista o disposto no Decreto nº 11.335, de 1º de janeiro de 2023, alterado pelo Decreto nº 12.537, de 27 de junho de 2025, resolve:</p><p>Designar JULIANA SANTOS SALES, CPF ***.587.861-**, para exercer o cargo de Chefe do Serviço de Suporte em Processo Eletrônico, código FCE 1.05, da Divisão de Processo Eletrônico, da Coordenação de Gestão da Informação e de Documentos, da Coordenação-Geral de Gestão da Informação, da Subsecretaria de Tecnologia da Informação, da Secretaria-Executiva deste Ministério (Processo SEI nº 53115.020206/2025-91).</p><p class="assina">FREDERICO DE SIQUEIRA FILHO</p>]]></Texto>
  </body>
  <Midias />
</article></xml>