﻿<xml><article id="45199592" name="PORT VACANCIA 1888" idOficio="11253461" pubName="DO2" artType="Portaria" pubDate="01/09/2025" artClass="00034:00062:00031:00003:00000:00000:00000:00000:00000:00000:00017:00000" artCategory="Ministério do Meio Ambiente e Mudança do Clima/Instituto Brasileiro do Meio Ambiente e dos Recursos Naturais Renováveis/Diretoria de Planejamento, Administração e Logística/Coordenação-Geral de Gestão de Pessoas" artSize="12" artNotes="" numberPage="66" pdfPage="http://pesquisa.in.gov.br/imprensa/jsp/visualiza/index.jsp?data=01/09/2025&amp;jornal=529&amp;pagina=66" editionNumber="165" highlightType="" highlightPriority="" highlight="" highlightimage="" highlightimagename="" idMateria="23054333">
  <body>
    <Identifica><![CDATA[ PORTARIA DE PESSOAL CGGP/DIPLAN/IBAMA Nº 1.888, DE 28 DE AGOSTO DE 2025]]></Identifica>
    <Data><![CDATA[]]></Data>
    <Ementa />
    <Titulo />
    <SubTitulo />
    <Texto><![CDATA[<p class="identifica">PORTARIA DE PESSOAL CGGP/DIPLAN/IBAMA Nº 1.888, DE 28 DE AGOSTO DE 2025</p><p>A COORDENADORA-GERAL DE GESTÃO DE PESSOAS DO INSTITUTO BRASILEIRO DO MEIO AMBIENTE E DOS RECURSOS NATURAIS RENOVÁVEIS - Ibama, no uso das atribuições que lhe confere a Portaria nº 2.204, de 01 de agosto de 2018, e considerando o que consta no processo administrativo nº 02001.026951/2025-91, resolve:</p><p>Art. 1º Declarar vago, a partir de 14/08/2025, o cargo de Técnico Ambiental, código 426710, Classe B, Padrão III, ocupado pela servidora LUCIANA DE REZENDE SILVA, matrícula Siape nº 332****, integrante do Quadro de Pessoal deste Instituto, por motivo de posse em outro cargo inacumulável, com fundamento no inciso VIII do art. 33, da Lei nº 8.112, de 11 de dezembro de 1990.</p><p>Art. 2º Esta portaria entra em vigor na data de sua publicação.</p><p class="assina">ANDRÉA MARIA DE MARQUE</p>]]></Texto>
  </body>
  <Midias />
</article></xml>