﻿<xml><article id="45196749" name="2025-149Marcelo Tenorio da Costa" idOficio="11250461" pubName="DO2" artType="Ato" pubDate="01/09/2025" artClass="00070:00060:00001:00000:00000:00000:00000:00000:00000:00000:00001:00000" artCategory="Poder Judiciário/Tribunal Regional do Trabalho da 19ª Região/Presidência" artSize="12" artNotes="" numberPage="117" pdfPage="http://pesquisa.in.gov.br/imprensa/jsp/visualiza/index.jsp?data=01/09/2025&amp;jornal=529&amp;pagina=117" editionNumber="165" highlightType="" highlightPriority="" highlight="" highlightimage="" highlightimagename="" idMateria="23049392">
  <body>
    <Identifica><![CDATA[ ATO Nº 149, DE 28 DE AGOSTO DE 2025]]></Identifica>
    <Data><![CDATA[]]></Data>
    <Ementa />
    <Titulo />
    <SubTitulo />
    <Texto><![CDATA[<p class="identifica">ATO Nº 149, DE 28 DE AGOSTO DE 2025</p><p>O DESEMBARGADOR-PRESIDENTE DO TRIBUNAL REGIONAL DO TRABALHO DA DÉCIMA NONA REGIÃO, no uso de suas atribuições legais e regimentais estabelecidas no inciso VII do artigo 24 do Regimento Interno, nos termos do inciso II do art. 9º da Lei n.º 8.112, tendo em vista o contido no PROAD n.º 4.661, de 20/8/2025,</p><p>Considerando o Ofício n.º 2295/2025-TRE-AL/PRE/GPRES, autorizando a Cessão do servidor abaixo identificado, com efeitos a contar de 1º/09/2025, resolve:</p><p>Art. 1º Nomear o Bel. Marcelo Tenório da Costa, Técnico Judiciário do quadro de pessoal do Tribunal Regional Eleitoral de Alagoas, cedido para este Regional, para exercer o cargo em comissão de Assessor Jurídico V, de nível CJ-1, da Secretaria Judiciária de 1º Grau.</p><p>Art. 2º Os efeitos do presente Ato vigoram a partir da publicação.</p><p class="assina">JASIEL IVO</p>]]></Texto>
  </body>
  <Midias />
</article></xml>