﻿<xml><article id="45197097" name="ATO 467 - 28.08.2025 - Marta Hel" idOficio="11253014" pubName="DO2" artType="Ato" pubDate="01/09/2025" artClass="00070:00011:00001:00000:00000:00000:00000:00000:00000:00000:00001:00000" artCategory="Poder Judiciário/Tribunal Regional Federal da 5ª Região/Presidência" artSize="12" artNotes="" numberPage="108" pdfPage="http://pesquisa.in.gov.br/imprensa/jsp/visualiza/index.jsp?data=01/09/2025&amp;jornal=529&amp;pagina=108" editionNumber="165" highlightType="" highlightPriority="" highlight="" highlightimage="" highlightimagename="" idMateria="23053735">
  <body>
    <Identifica><![CDATA[ ATO Nº 467, DE 28 DE AGOSTO DE 2025]]></Identifica>
    <Data><![CDATA[]]></Data>
    <Ementa />
    <Titulo />
    <SubTitulo />
    <Texto><![CDATA[<p class="identifica">ATO Nº 467, DE 28 DE AGOSTO DE 2025</p><p>O PRESIDENTE DO TRIBUNAL REGIONAL FEDERAL DA 5ª REGIÃO, com fundamento no artigo 96, inciso I, alínea "b", da Constituição Federal c/c o art. 17, inciso XXIII, do Regimento Interno e tendo em vista o que consta no Processo Administrativo n.º 0001971-71.2025.4.05.7500, resolve:</p><p>DECLARAR APOSENTADA, compulsoriamente, a partir de 16 de julho de 2025, a servidora MARTA HELENA SILVA JAQUES, matrícula PE-1814, no cargo de Técnico Judiciário, Área Administrativa, Nível Intermediário, Classe "C", Padrão-13, do Quadro de Pessoal Permanente da Seção Judiciária do Estado de Pernambuco, com os proventos integrais, calculados com base na média aritmética simples das remunerações contributivas, com fundamento no art. 4º, caput, e §§ 6º, inciso II e 7º, inciso II, c/c o art. 26, § 2º, inciso I, da Emenda Constitucional nº 103/2019, § 2º do art. 72 da Portaria SGP/SEDGG/ME Nº 10.360/2022, e com fundamento no Acórdão do Conselho da Justiça Federal nº 0563989, proferido nos autos do PA 0003124-29.2022.4.04.8000.</p><p class="assina">FRANCISCO ROBERTO MACHADO</p>]]></Texto>
  </body>
  <Midias />
</article></xml>