﻿<xml><article id="45202204" name="PORTARIA N 625_23055437" idOficio="11254227" pubName="DO2" artType="Portaria" pubDate="01/09/2025" artClass="00025:00147:00001:00000:00000:00000:00000:00000:00000:00000:00017:00000" artCategory="Ministério da Educação/Fundação Universidade Federal da Grande Dourados/Reitoria" artSize="12" artNotes="" numberPage="50" pdfPage="http://pesquisa.in.gov.br/imprensa/jsp/visualiza/index.jsp?data=01/09/2025&amp;jornal=529&amp;pagina=50" editionNumber="165" highlightType="" highlightPriority="" highlight="" highlightimage="" highlightimagename="" idMateria="23055437">
  <body>
    <Identifica><![CDATA[ PORTARIA Nº 625, DE 29 DE AGOSTO DE 2025]]></Identifica>
    <Data><![CDATA[]]></Data>
    <Ementa />
    <Titulo />
    <SubTitulo />
    <Texto><![CDATA[<p class="identifica">PORTARIA Nº 625, DE 29 DE AGOSTO DE 2025</p><p>O REITOR DA FUNDAÇÃO UNIVERSIDADE FEDERAL DA GRANDE DOURADOS, no uso das atribuições legais conferidas pelo Decreto de 22 de junho de 2022, do Presidente da República, publicado no DOU nº 117, de 23 de junho de 2022, seção 2, página 1, tendo em vista as disposições do Art. 37, inciso II, da Constituição Federal, o Decreto nº 9.739, de 28 de março de 2019, publicado no DOU nº 61, seção 1, páginas 2 a 6, de 29 de março de 2019, a Portaria nº 1.373, de 18 de julho de 2019, publicada no DOU nº 138, seção 1, página 214, de 19 de julho de 2019, a Portaria Interministerial ME/MEC nº 9.359, de 10 de agosto de 2021, publicada no DOU nº 152, seção 1, página 15, de 12 de agosto de 2021, resolve:</p><p>Nomear, em caráter efetivo, nos termos do art. 9º, inciso I, da Lei nº 8.112/90, desde que cumpridas as exigências do certame, conforme o Edital de Abertura nº 14, de 8 de novembro de 2024, publicado no DOU nº 219, de 12 de novembro de 2024, seção 3, página 64, e o Edital de Homologação nº 03, de 10 de abril de 2025, publicado no DOU nº 70, de 11 de abril de 2025, seção 3, página 53, JEAN PAULO CARNEIRO JUNIOR, aprovado em Concurso Público, para o cargo de Professor do Magistério Superior, Assistente, Classe A, Nível 1, em regime de Dedicação Exclusiva, Área: Engenharia Mecânica/Mecânica dos Sólidos, com lotação na Faculdade de Engenharia - FAEN, código da vaga nº 0709475.</p><p class="assina">Jones Dari Goettert</p>]]></Texto>
  </body>
  <Midias />
</article></xml>