﻿<xml><article id="45196197" name="PORTARIA N 2.239_23054271" idOficio="11253471" pubName="DO2" artType="Portaria" pubDate="01/09/2025" artClass="00025:00080:00000:00000:00000:00000:00000:00000:00000:00000:00017:00000" artCategory="Ministério da Educação/Instituto Federal de Educação, Ciência e Tecnologia do Rio de Janeiro" artSize="12" artNotes="" numberPage="28" pdfPage="http://pesquisa.in.gov.br/imprensa/jsp/visualiza/index.jsp?data=01/09/2025&amp;jornal=529&amp;pagina=28" editionNumber="165" highlightType="" highlightPriority="" highlight="" highlightimage="" highlightimagename="" idMateria="23054271">
  <body>
    <Identifica><![CDATA[ PORTARIA IFRJ N° 2.239, DE 26 DE AGOSTO DE 2025]]></Identifica>
    <Data><![CDATA[]]></Data>
    <Ementa />
    <Titulo />
    <SubTitulo />
    <Texto><![CDATA[<p class="identifica">PORTARIA IFRJ N° 2.239, DE 26 DE AGOSTO DE 2025</p><p>O REITOR DO INSTITUTO FEDERAL DE EDUCAÇÃO, CIÊNCIA E TECNOLOGIA DO RIO DE JANEIRO, nomeado nos termos do Decreto Presidencial, de 25 de maio de 2022, no uso de suas atribuições regimentais e tendo em vista o disposto no Edital nº. 008/2024, publicado no D.O.U. de 19/04/2024, classificação final homologada através do Edital nº. 45/2024, publicado no D.O.U. de 01/08/2024, bem como informações contidas no processo nº 23270.003607/2024-42, resolve:</p><p>Art. 1º Contratar JOELMIR SIMONAL SILVA habilitado(a) em processo seletivo, com base no artigo 2º inciso IV da Lei nº. 8.745/93, na condição de Professor Substituto.</p><p>Art. 2º Determinar que a remuneração mensal paga ao contratado corresponda à remuneração do Professor do Ensino Básico, Técnico e Tecnológico, Classe "D I", Nível 1, e regime de trabalho de 40 horas semanais;</p><p>Art. 3º Esta portaria entra em vigor na data de sua publicação.</p><p class="assina">RAFAEL BARRETO ALMADA</p>]]></Texto>
  </body>
  <Midias />
</article></xml>