﻿<xml><article id="45202456" name="PORTARIA SEG 1458" idOficio="11254274" pubName="DO2" artType="Portaria" pubDate="01/09/2025" artClass="00070:00041:00002:00003:00000:00000:00000:00000:00000:00000:00017:00000" artCategory="Poder Judiciário/Tribunal de Justiça do Distrito Federal e dos Territórios/Presidência/Secretaria-Geral" artSize="12" artNotes=" texto alterado a pedido do cliente." numberPage="112" pdfPage="http://pesquisa.in.gov.br/imprensa/jsp/visualiza/index.jsp?data=01/09/2025&amp;jornal=529&amp;pagina=112" editionNumber="165" highlightType="" highlightPriority="" highlight="" highlightimage="" highlightimagename="" idMateria="23055526">
  <body>
    <Identifica><![CDATA[ PORTARIA SEG Nº 1.458, DE 27 DE AGOSTO DE 2025]]></Identifica>
    <Data><![CDATA[]]></Data>
    <Ementa />
    <Titulo />
    <SubTitulo />
    <Texto><![CDATA[<p class="identifica">PORTARIA SEG Nº 1.458, DE 27 DE AGOSTO DE 2025</p><p>A SECRETÁRIA-GERAL DO TRIBUNAL DE JUSTIÇA DO DISTRITO FEDERAL E DOS TERRITÓRIOS SUBSTITUTA, no uso de sua competência delegada pelo art. 1º da Portaria GPR 1235, de 9 de maio de 2024, com fundamento no artigo 93, inciso I, da Lei 8.112/90, na Portaria GPR 78/2018 e em vista do contido no Processo SEI 0032647/2024, resolve:</p><p>Prorrogar a cessão do servidor ELTON DE PAIVA SOUZA, matrícula 321.727, Analista Judiciário, Área Apoio Especializado, Suporte em Tecnologia da Informação, do Quadro de Pessoal deste Tribunal de Justiça, pelo prazo de 1 (um) ano, a contar de 21 de outubro de 2025, para continuar exercendo o cargo em comissão de Assessor Chefe III, código CC-04, no Ministério Público do Distrito Federal e Territórios, com ônus do cargo efetivo para o cedente e do cargo em comissão para o cessionário.</p><p class="assina">ADRIANA P. S. R. VIDAL</p>]]></Texto>
  </body>
  <Midias />
</article></xml>