﻿<xml><article id="45201280" name="PORTARIA SGA 1392 DISPENSAR ERIC" idOficio="11254034" pubName="DO2" artType="Portaria" pubDate="01/09/2025" artClass="00006:00007:00013:00009:00000:00000:00000:00000:00000:00000:00017:00000" artCategory="Presidência da República/Advocacia-Geral da União/Secretaria-Geral de Consultoria/Secretaria de Gestão Administrativa" artSize="12" artNotes="" numberPage="2" pdfPage="http://pesquisa.in.gov.br/imprensa/jsp/visualiza/index.jsp?data=01/09/2025&amp;jornal=529&amp;pagina=2" editionNumber="165" highlightType="" highlightPriority="" highlight="" highlightimage="" highlightimagename="" idMateria="23055186">
  <body>
    <Identifica><![CDATA[ PORTARIA SGA/AGU Nº 1.392, DE 20 DE AGOSTO DE 2025]]></Identifica>
    <Data><![CDATA[]]></Data>
    <Ementa />
    <Titulo />
    <SubTitulo />
    <Texto><![CDATA[<p class="identifica">PORTARIA SGA/AGU Nº 1.392, DE 20 DE AGOSTO DE 2025</p><p>A SECRETÁRIA DE GESTÃO ADMINISTRATIVA DA ADVOCACIA-GERAL DA UNIÃO, no uso das atribuições que lhe foram subdelegadas pela Portaria Normativa AGU nº 95, de 6 de junho de 2023, alterada pela Portaria Normativa AGU nº 97, de 26 de junho de 2023, e considerando o que consta no Processo Administrativo nº 00418.013010/2025-70, resolve:</p><p>DISPENSAR, a pedido,</p><p>ERICO FERRARI NOGUEIRA, matrícula Siape nº 1557382, Advogado da União, da Função Comissionada Executiva de Chefe, código FCE 1.07 (2101215), da Divisão de Coordenação-Regional Adjunta, da Coordenação-Regional de Serviço Público, da Coordenação-Geral Jurídica, da Procuradoria Regional da União da 5ª Região, da Procuradoria-Geral da União.</p><p class="assina">ELISA MONTEIRO MALAFAIA</p>]]></Texto>
  </body>
  <Midias />
</article></xml>