﻿<xml><article id="45199829" name="PORTARIA PRESIDENCIA N. 209" idOficio="11253649" pubName="DO2" artType="Portaria" pubDate="01/09/2025" artClass="00070:00020:00001:00000:00000:00000:00000:00000:00000:00000:00017:00000" artCategory="Poder Judiciário/Tribunal Regional Eleitoral do Distrito Federal/Presidência" artSize="12" artNotes="" numberPage="109" pdfPage="http://pesquisa.in.gov.br/imprensa/jsp/visualiza/index.jsp?data=01/09/2025&amp;jornal=529&amp;pagina=109" editionNumber="165" highlightType="" highlightPriority="" highlight="" highlightimage="" highlightimagename="" idMateria="23054447">
  <body>
    <Identifica><![CDATA[ Portaria Presidência Nº 209, DE 28 DE AGOSTO DE 2025]]></Identifica>
    <Data><![CDATA[]]></Data>
    <Ementa />
    <Titulo />
    <SubTitulo />
    <Texto><![CDATA[<p class="identifica">Portaria Presidência Nº 209, DE 28 DE AGOSTO DE 2025</p><p>O PRESIDENTE DO TRIBUNAL REGIONAL ELEITORAL DO DISTRITO FEDERAL, no uso de suas atribuições legais, e tendo em vista o disposto no art. 30, incisos I e II do Regimento Interno deste Tribunal, bem como o que consta no Processo Administrativo nº 0005924-64.2025.6.07.8100, resolve:</p><p>Designar, ad referendum do Tribunal, o Juiz de Direito Clodair Edenilson Borin para exercer, a partir da publicação deste ato, a função de Juiz Substituto da 6ª Zona Eleitoral, ficando dispensada a Juíza de Direito Júnia de Souza Antunes, em decorrência da sua posse como Juíza Eleitoral Titular da 6ª Zona Eleitoral, ocorrida em 20/08/2025.</p><p class="assina">Des. Jair Soares</p>]]></Texto>
  </body>
  <Midias />
</article></xml>