﻿<xml><article id="45196374" name="PORTARIA N 2.875_23054136" idOficio="11253351" pubName="DO2" artType="Portaria" pubDate="01/09/2025" artClass="00053:00002:00000:00000:00000:00000:00000:00000:00000:00000:00017:00000" artCategory="Controladoria-Geral da União/Secretaria Executiva" artSize="12" artNotes="" numberPage="92" pdfPage="http://pesquisa.in.gov.br/imprensa/jsp/visualiza/index.jsp?data=01/09/2025&amp;jornal=529&amp;pagina=92" editionNumber="165" highlightType="" highlightPriority="" highlight="" highlightimage="" highlightimagename="" idMateria="23054136">
  <body>
    <Identifica><![CDATA[ PORTARIA Nº 2.875, DE 28 DE AGOSTO DE 2025]]></Identifica>
    <Data><![CDATA[]]></Data>
    <Ementa />
    <Titulo />
    <SubTitulo />
    <Texto><![CDATA[<p class="identifica">PORTARIA Nº 2.875, DE 28 DE AGOSTO DE 2025</p><p>O SECRETÁRIO-EXECUTIVO ADJUNTO DA CONTROLADORIA-GERAL DA UNIÃO, no uso da competência que lhe foi subdelegada pelo art. 2.º da Portaria CGU n.º 364, de 14 de fevereiro de 2023, o disposto no Decreto n.º 11.330, de 1.º de Janeiro de 2023, e alterações, bem como no art. 38 da Lei n.º 8.112, de 11 de dezembro de 1990, e o que consta no Processo n.º 00190.108601/2025-36, resolve:</p><p>DISPENSAR</p><p>DANIEL RODRIGUES PELLES do encargo de substituto de Diretor, código FCE 1.15, da Diretoria de Planejamento, Inovação e Sustentabilidade da Secretaria-Executiva da Controladoria-Geral da União.</p><p class="assina">OLAVO VENTURIM CALDAS</p>]]></Texto>
  </body>
  <Midias />
</article></xml>