﻿<xml><article id="45202825" name="Portaria 3214" idOficio="11254367" pubName="DO2" artType="Portaria" pubDate="01/09/2025" artClass="00025:00144:00000:00000:00000:00000:00000:00000:00000:00000:00017:00000" artCategory="Ministério da Educação/Fundação Universidade Federal do Acre" artSize="12" artNotes="" numberPage="50" pdfPage="http://pesquisa.in.gov.br/imprensa/jsp/visualiza/index.jsp?data=01/09/2025&amp;jornal=529&amp;pagina=50" editionNumber="165" highlightType="" highlightPriority="" highlight="" highlightimage="" highlightimagename="" idMateria="23055587">
  <body>
    <Identifica><![CDATA[ PORTARIA Nº 3.213, DE 29 DE AGOSTO DE 2025]]></Identifica>
    <Data><![CDATA[]]></Data>
    <Ementa />
    <Titulo />
    <SubTitulo />
    <Texto><![CDATA[<p class="identifica">PORTARIA Nº 3.213, DE 29 DE AGOSTO DE 2025</p><p>A REITORA DA UNIVERSIDADE FEDERAL DO ACRE, no uso das atribuições que lhe confere o Decreto de 9 de agosto de 2022, publicado no Diário Oficial da União (DOU) nº 151, Seção 2, página 1, de 10 de agosto de 2022, combinado com o art. 80, Incisos III e XVI, do Regimento Geral da UFAC, e o que consta no processo administrativo nº 23107.021037/2025-45, resolve:</p><p>Art. 1º DISPENSAR o servidor ARQUELAU DE OLIVEIRA DOS SANTOS, Secretário Executivo, Nível de Classificação E, Padrão 15, Matrícula SIAPE nº 2092283, da função de Coordenador de Latu Sensu, Símbolo FG-001, com fundamento no art. 35, inciso I, da Lei nº 8.112/1990;</p><p>Art. 2º Esta Portaria entra em vigor na data de sua publicação no DOU, com efeitos a contar de 1º de setembro de 2025.</p><p class="assina">MARGARIDA DE AQUINO CUNHA</p>]]></Texto>
  </body>
  <Midias />
</article></xml>