﻿<xml><article id="45201076" name="FNDE _2 Portaria NA 794 DE 26 DE" idOficio="11254013" pubName="DO2" artType="Portaria" pubDate="01/09/2025" artClass="00025:00053:00005:00000:00000:00000:00000:00000:00000:00000:00017:00000" artCategory="Ministério da Educação/Fundo Nacional de Desenvolvimento da Educação/Diretoria de Administração" artSize="12" artNotes="" numberPage="18" pdfPage="http://pesquisa.in.gov.br/imprensa/jsp/visualiza/index.jsp?data=01/09/2025&amp;jornal=529&amp;pagina=18" editionNumber="165" highlightType="" highlightPriority="" highlight="" highlightimage="" highlightimagename="" idMateria="23055133">
  <body>
    <Identifica><![CDATA[ PORTARIA Nº 794, DE 26 DE AGOSTO DE 2025]]></Identifica>
    <Data><![CDATA[]]></Data>
    <Ementa />
    <Titulo />
    <SubTitulo />
    <Texto><![CDATA[<p class="identifica">PORTARIA Nº 794, DE 26 DE AGOSTO DE 2025</p><p>A DIRETORA DE ADMINISTRAÇÃO SUBSTITUTA DO FUNDO NACIONAL DE DESENVOLVIMENTO DA EDUCAÇÃO (FNDE), nomeada pela Portaria nº 1.022, de 26 de maio de 2023, do Ministério da Educação, publicada no Diário Oficial da União nº 101, de 29 de maio de 2023, no uso da atribuição que lhe confere o inciso II, do Art. 11º do Decreto nº 11.196/2022, e tendo em vista o que consta no processo n.° 23034.020574/2025-79, resolve:</p><p>Art. 1º Conceder aposentadoria voluntária à servidora FLÁVIA DE MELLO DUARTE PEREIRA, matrícula SIAPE n.° 1111424, ocupante do cargo de Agente Administrativo, Classe D, Padrão IV, do Quadro de Pessoal Permanente desta Autarquia, com fundamento no art. 20, incisos I a IV, §§ 2º, 3º e no art. 4º, inciso I e § 8º, da Emenda Constitucional nº 103, de 2019.</p><p>Art. 2º Declarar, em decorrência, a vacância do cargo acima mencionado.</p><p>Art. 3º Esta portaria entra em vigor na data de sua publicação.</p><p class="assina">ANA PAULA COSTA RODRIGUES</p>]]></Texto>
  </body>
  <Midias />
</article></xml>