﻿<xml><article id="45196053" name="trt9a162-2025-PRT COINF 176" idOficio="11193446" pubName="DO2" artType="Portaria" pubDate="01/09/2025" artClass="00070:00050:00001:00001:00017:00000:00000:00000:00000:00000:00017:00001" artCategory="Poder Judiciário/Tribunal Regional do Trabalho da 9ª Região/Tribunal Pleno/Presidência/Coordenadoria de Informações Funcionais" artSize="12" artNotes="" numberPage="115" pdfPage="http://pesquisa.in.gov.br/imprensa/jsp/visualiza/index.jsp?data=01/09/2025&amp;jornal=529&amp;pagina=115" editionNumber="165" highlightType="" highlightPriority="" highlight="" highlightimage="" highlightimagename="" idMateria="22951840">
  <body>
    <Identifica><![CDATA[ PORTARIA COINF Nº 176, DE 1º DE AGOSTO DE 2025]]></Identifica>
    <Data><![CDATA[]]></Data>
    <Ementa />
    <Titulo />
    <SubTitulo />
    <Texto><![CDATA[<p class="identifica">PORTARIA COINF Nº 176, DE 1º DE AGOSTO DE 2025</p><p>A COORDENADORA DE INFORMAÇÕES FUNCIONAIS DO TRIBUNAL REGIONAL DO TRABALHO DA 9ª REGIÃO, usando de suas atribuições legais, e diante da delegação de competência decorrente do art. 4º, III e IV, da Portaria Presidência nº 22/2022, resolve:</p><p>I - designar JULIANA CRISTINA BUSNARDO, Técnico Judiciário Área Administrativa, classe C, padrão 13, para EXERCER o Cargo em Comissão de Assessor II (c-10900), código TRT 9ª CJ-2, do Gabinete De Desembargador 3, a partir da data de publicação, dispensando-a da Função Comissionada de Assistente De Gabinete VI (c-11105), código TRT 9ª FC-6, desta unidade, a partir da mesma data (Documento Eletrônico nº 8/2025);</p><p>II - dispensar MARIA DA GLÓRIA MALTA RODRIGUES, Técnico Judiciário Área Administrativa, classe C, padrão 13, do Cargo em Comissão de Assessor II (c-10900), código TRT 9ª CJ-2, Gabinete De Desembargador 3, a partir da data de publicação (Documento Eletrônico nº 8/2025).</p><p class="assina">ROSSANA SANTOS CARVALHO</p>]]></Texto>
  </body>
  <Midias />
</article></xml>