﻿<xml><article id="45197061" name="Port nA 38-PTTC-EME-Exoneracao_S" idOficio="11253433" pubName="DO2" artType="Portaria" pubDate="01/09/2025" artClass="00016:00011:00031:00000:00000:00000:00000:00000:00000:00000:00017:00038" artCategory="Ministério da Defesa/Comando do Exército/Estado-Maior do Exército" artSize="12" artNotes="" numberPage="11" pdfPage="http://pesquisa.in.gov.br/imprensa/jsp/visualiza/index.jsp?data=01/09/2025&amp;jornal=529&amp;pagina=11" editionNumber="165" highlightType="" highlightPriority="" highlight="" highlightimage="" highlightimagename="" idMateria="23054251">
  <body>
    <Identifica><![CDATA[ PORTARIA Nº 38 - PTTC/EME, DE 29 DE AGOSTO DE 2025]]></Identifica>
    <Data><![CDATA[]]></Data>
    <Ementa />
    <Titulo />
    <SubTitulo />
    <Texto><![CDATA[<p class="identifica">PORTARIA Nº 38 - PTTC/EME, DE 29 DE AGOSTO DE 2025</p><p>O CHEFE DO ESTADO-MAIOR DO EXÉRCITO, no uso da competência que lhe foi conferida pela Portaria nº 218-Comandante do Exército, de 20 de março de 2017, resolve:</p><p>EXONERAR: a pedido, o Subtenente da Reserva Remunerada (idt: 020364094-1) JOAQUIM CARDOSO DE LIMA, Prec-CP: 96 1907781, do Estado-Maior do Exército (Brasília-DF), a partir de 30 de setembro de 2025, de acordo com o inciso I, do art. 22, da Portaria nº 063-DGP/C Ex, de 5 de abril de 2021, de Prestador de Tarefa por Tempo Certo.</p><p class="assina">Gen Ex FRANCISCO HUMBERTO MONTENEGRO JUNIOR</p>]]></Texto>
  </body>
  <Midias />
</article></xml>