﻿<xml><article id="45199619" name="PORTARIA N 313_23054334" idOficio="11253542" pubName="DO2" artType="Portaria" pubDate="01/09/2025" artClass="00025:00116:00001:00000:00000:00000:00000:00000:00000:00000:00017:00000" artCategory="Ministério da Educação/Universidade Federal da Paraíba/Reitoria" artSize="12" artNotes="" numberPage="37" pdfPage="http://pesquisa.in.gov.br/imprensa/jsp/visualiza/index.jsp?data=01/09/2025&amp;jornal=529&amp;pagina=37" editionNumber="165" highlightType="" highlightPriority="" highlight="" highlightimage="" highlightimagename="" idMateria="23054334">
  <body>
    <Identifica><![CDATA[ PORTARIA PROGEP-DLCP Nº 313, DE 14 DE AGOSTO DE 2025]]></Identifica>
    <Data><![CDATA[]]></Data>
    <Ementa />
    <Titulo />
    <SubTitulo />
    <Texto><![CDATA[<p class="identifica">PORTARIA PROGEP-DLCP Nº 313, DE 14 DE AGOSTO DE 2025</p><p>A REITORA EM EXERCÍCIO DA UNIVERSIDADE FEDERAL DA PARAÍBA, no uso de suas atribuições conferidas pelo Artigo 38, inciso IX, do Estatuto da UFPB, e tendo em vista o que consta no Processo nº 23074.055752/2025-94, resolve:</p><p>Conceder aposentadoria voluntária ao (a) servidor (a) FABIOLA FERREIRA DA SILVA, matrícula SIAPE nº 337232, ocupante do cargo de PROFESSOR DO MAGISTERIO SUPERIOR, Classe C, Padrão de Vencimento 1, com o adicional de tempo de serviço de 9%, pertencente ao Quadro Permanente de Pessoal desta Universidade, com lotação no(a) CCS - DEPARTAMENTO DE MORFOLOGIA, de acordo com o art. 3º da Emenda Constitucional nº 47/2005, combinado com o art. 3º da Emenda Constitucional nº 103/2019.</p><p class="assina">MONICA NOBREGA</p>]]></Texto>
  </body>
  <Midias />
</article></xml>