﻿<xml><article id="45197415" name="SRH 7 2025" idOficio="11253390" pubName="DO2" artType="Edital de Notificação" pubDate="01/09/2025" artClass="00099:00025:00097:01908:00000:00000:00000:00000:00000:00000:00000:00007:00000" artCategory="Editais e Avisos/Ministério da Educação" artSize="12" artNotes="" numberPage="121" pdfPage="http://pesquisa.in.gov.br/imprensa/jsp/visualiza/index.jsp?data=01/09/2025&amp;jornal=529&amp;pagina=121" editionNumber="165" highlightType="" highlightPriority="" highlight="" highlightimage="" highlightimagename="" idMateria="23054210">
  <body>
    <Identifica><![CDATA[ EDITAL  Nº 7, DE 28 DE AGOSTO DE 2025]]></Identifica>
    <Data><![CDATA[]]></Data>
    <Ementa />
    <Titulo />
    <SubTitulo />
    <Texto><![CDATA[<p class="identifica">EDITAL Nº 7, DE 28 DE AGOSTO DE 2025</p><p>O SECRETÁRIO DE RECURSOS HUMANOS DA UNIVERSIDADE FEDERAL DE CAMPINA GRANDE, em conformidade com as disposições estabelecidas pelo Decreto nº 7.862/12, de 08/12/12, Portaria nº 08 - GM/MP, de 07/01/13, e pela Orientação Normativa SEGEPNº 1, de 10/01/13; e Mensagem da Coordenação 3 da Audit. Rec. Humano - SEGEP/MPOG, nº 555500, de 18/11/2014 resolve:</p><p>Tornar pública a relação dos aposentados e/ou pensionistas (UPAG 20 e 48) que TIVERAM o pagamento do provento e/ou benefício de pensão suspenso por motivo de não recadastramento anual, no mês do aniversário (MAIO 2025):</p><p>UPAG 20</p><p /><p></p><table><tr /><tr><td rowspan="1" colspan="1"><p>ANTONIO NOBREGA GADELHA DE QUEIROGA</p></td><td rowspan="1" colspan="1"><p>Aposentado</p></td><td rowspan="1" colspan="1"><p>004.433.*-**</p></td></tr><tr><td rowspan="1" colspan="1"><p>CARLOS NEWTON BELO DE FRANCA COSTA</p></td><td rowspan="1" colspan="1"><p>Aposentado</p></td><td rowspan="1" colspan="1"><p>133.066.*-**</p></td></tr><tr><td rowspan="1" colspan="1"><p>LUCIA MORAES LIRA</p></td><td rowspan="1" colspan="1"><p>Aposentado</p></td><td rowspan="1" colspan="1"><p>251.450.*-**</p></td></tr><tr><td rowspan="1" colspan="1"><p>MARCOS ANTONIO MACIEL</p></td><td rowspan="1" colspan="1"><p>Aposentado</p></td><td rowspan="1" colspan="1"><p>360.511.*-**</p></td></tr><tr><td rowspan="1" colspan="1"><p>MARIA JOSE ARAUJO LIMA</p></td><td rowspan="1" colspan="1"><p>Aposentado</p></td><td rowspan="1" colspan="1"><p>023.347.*-**</p></td></tr><tr><td rowspan="1" colspan="1"><p>SEVERINA DAS NEVES SOARES SILVA</p></td><td rowspan="1" colspan="1"><p>Aposentado</p></td><td rowspan="1" colspan="1"><p>078.495.*-**</p></td></tr><tr><td rowspan="1" colspan="1"><p>ANALIA BARROS SERVILHA DOS SANTOS</p></td><td rowspan="1" colspan="1"><p>Beneficiário de Pensão</p></td><td rowspan="1" colspan="1"><p>131.969.*-**</p></td></tr><tr><td rowspan="1" colspan="1"><p>LUIZ AUGUSTO RAMALHO BATISTA GUEDES</p></td><td rowspan="1" colspan="1"><p>Beneficiário de Pensão</p></td><td rowspan="1" colspan="1"><p>098.923.*-**</p></td></tr><tr><td rowspan="1" colspan="1"><p>MARIA DE LOURDES BEZERRA</p></td><td rowspan="1" colspan="1"><p>Beneficiário de Pensão</p></td><td rowspan="1" colspan="1"><p>991.674.*-**</p></td></tr><tr><td rowspan="1" colspan="1"><p>WILMA XIMENES CUNHA</p></td><td rowspan="1" colspan="1"><p>Beneficiário de Pensão</p></td><td rowspan="1" colspan="1"><p>652.760.*-**</p></td></tr></table><p>UPAG 48</p><p /><p></p><table><tr /><tr><td rowspan="1" colspan="1"><p>NILZA JOSE SILVA</p></td><td rowspan="1" colspan="1"><p>Aposentado</p></td><td rowspan="1" colspan="1"><p>204.803.*-**</p></td></tr></table><p>2. O restabelecimento do pagamento para aposentados/pensionistas da UPAG 20 fica condicionado ao recadastramento mediante comparecimento pessoal do interessado na Secretaria de Recursos Humanos, na Av: Aprígio Veloso, 882 - Universitário; CEP: 58.429-140 - Campina Grande - PB, Prédio da Reitoria, portando documento oficial de identificação original com foto e CPF, conforme arts. 5º e 6º da ON SEGEP nº 1, publicada no Diário Oficial da União de 14/01/2013.</p><p>3. Na hipótese de moléstia grave ou de impossibilidade de locomoção do aposentado e/ou pensionista deverá ser solicitada visita técnica, por meio do telefone (83) 2101 1514, ou ainda, através do e-mail srh@reitoria.ufcg.edu.br, para comprovação de vida do titular do benefício, ficando o pagamento suspenso até que seja realizada a visita.</p><p>4. No ato do contato deverá ser informado endereço completo e telefone para contato do aposentado e/ou pensionista.</p><p>5. Os casos em que o aposentado e/ou pensionista residam fora da cidade de Campina Grande/PB serão analisados individualmente, mantendo-se a suspensão até efetivação do recadastramento.</p><p>6. Para aposentados/pensionistas da UPAG 48, entrar em contato através do telefone 83 2101 5613, ou enviar e-mail para divgphuac@gmail.com para receber orientações de como proceder.</p><p class="assina">ALLAN GUSTAVO FREIRE DA SILVA</p>]]></Texto>
  </body>
  <Midias />
</article></xml>