﻿<xml><article id="45200303" name="ATO_1194" idOficio="11253821" pubName="DO2" artType="Ato" pubDate="01/09/2025" artClass="00070:00007:00001:00000:00000:00000:00000:00000:00000:00000:00001:00011" artCategory="Poder Judiciário/Tribunal Regional Federal da 1ª Região/Presidência" artSize="12" artNotes="" numberPage="107" pdfPage="http://pesquisa.in.gov.br/imprensa/jsp/visualiza/index.jsp?data=01/09/2025&amp;jornal=529&amp;pagina=107" editionNumber="165" highlightType="" highlightPriority="" highlight="" highlightimage="" highlightimagename="" idMateria="23054866">
  <body>
    <Identifica><![CDATA[ ATO Nº 1.194, DE 28 DE AGOSTO DE 2025]]></Identifica>
    <Data><![CDATA[]]></Data>
    <Ementa />
    <Titulo />
    <SubTitulo />
    <Texto><![CDATA[<p class="identifica">ATO Nº 1.194, DE 28 DE AGOSTO DE 2025</p><p>O PRESIDENTE DO TRIBUNAL REGIONAL FEDERAL DA 1ª REGIÃO, no uso de suas atribuições legais e regimentais, e tendo em vista o constante nos autos do PAe 0009691-43.2025.4.01.8004, resolve:</p><p>DECLARAR VAGO o cargo de Analista Judiciário, Área Judiciária, Classe "C", Padrão 13, do Quadro de Pessoal da Justiça Federal de Primeiro Grau da 1ª Região, Seção Judiciária da Bahia, Subseção Judiciária de Ilhéus, ocupado pelo servidor ANDRÉ GUSTAWO DE LIMA E SILVA, em decorrência de sua posse em outro cargo inacumulável, nos termos do art. 33, VIII, da Lei 8.112/1990, a partir de 21/08/2025.</p><p class="assina">Des. JOÃO BATISTA MOREIRA</p>]]></Texto>
  </body>
  <Midias />
</article></xml>