﻿<xml><article id="45202873" name="PSUCOR803" idOficio="11254350" pubName="DO2" artType="Portaria" pubDate="01/09/2025" artClass="00028:00032:00435:00020:00000:00000:00000:00000:00000:00000:00017:00000" artCategory="Ministério da Fazenda/Secretaria Especial da Receita Federal do Brasil/Secretaria-Adjunta/Subsecretaria de Gestão Corporativa" artSize="12" artNotes="" numberPage="55" pdfPage="http://pesquisa.in.gov.br/imprensa/jsp/visualiza/index.jsp?data=01/09/2025&amp;jornal=529&amp;pagina=55" editionNumber="165" highlightType="" highlightPriority="" highlight="" highlightimage="" highlightimagename="" idMateria="23055620">
  <body>
    <Identifica><![CDATA[ PORTARIA DE PESSOAL RFB/SUCOR Nº 803, DE 28 DE AGOSTO DE 2025]]></Identifica>
    <Data><![CDATA[]]></Data>
    <Ementa />
    <Titulo />
    <SubTitulo />
    <Texto><![CDATA[<p class="identifica">PORTARIA DE PESSOAL RFB/SUCOR Nº 803, DE 28 DE AGOSTO DE 2025</p><p>O SUBSECRETÁRIO DE GESTÃO CORPORATIVA DA SECRETARIA ESPECIAL DA RECEITA FEDERAL DO BRASIL, no uso da competência que lhe foi atribuída pelo inciso XXV do art. 2º da Portaria RFB nº 345, de 24 de agosto de 2023, considerando o que consta no e-Processo nº 10265.338874/2025-46, resolve:</p><p>Dispensar a Analista-Tributária da Receita Federal do Brasil DANIELE AMAZONAS PRATA PEDROSO, matrícula SiapeCad nº 02456364, do encargo de Substituta Eventual do Chefe da Divisão de Funções, Alocação e Movimentação da Coordenação-Geral de Gestão de Pessoas da Secretaria Especial da Receita Federal do Brasil, Código FCE 1.07.</p><p class="assina">JULIANO BRITO DA JUSTA NEVES</p>]]></Texto>
  </body>
  <Midias />
</article></xml>