﻿<xml><article id="45197022" name="Port-de-pessoal nA 257_2025" idOficio="11253524" pubName="DO2" artType="Portaria" pubDate="01/09/2025" artClass="00035:00045:00000:00000:00000:00000:00000:00000:00000:00000:00017:00000" artCategory="Ministério de Minas e Energia/Agência Nacional do Petróleo, Gás Natural e Biocombustíveis" artSize="12" artNotes="" numberPage="68" pdfPage="http://pesquisa.in.gov.br/imprensa/jsp/visualiza/index.jsp?data=01/09/2025&amp;jornal=529&amp;pagina=68" editionNumber="165" highlightType="" highlightPriority="" highlight="" highlightimage="" highlightimagename="" idMateria="23054284">
  <body>
    <Identifica><![CDATA[ PORTARIA DE PESSOAL ANP Nº 257, DE 28 DE AGOSTO DE 2025]]></Identifica>
    <Data><![CDATA[]]></Data>
    <Ementa />
    <Titulo />
    <SubTitulo />
    <Texto><![CDATA[<p class="identifica">PORTARIA DE PESSOAL ANP Nº 257, DE 28 DE AGOSTO DE 2025</p><p>O DIRETOR-GERAL DA AGÊNCIA NACIONAL DO PETRÓLEO, GÁS NATURAL E BIOCOMBUSTÍVEIS - ANP, no uso das atribuições que lhe foram conferidas pela Portaria ANP nº 308, de 16 de junho de 2025, publicada no Diário Oficial da União de 17 de junho de 2025, seção 2, página 42, resolve:</p><p>Exonerar a pedido, a partir de 22 de agosto de 2025, BARBARA CASTRO TEIXEIRA DE SOUSA, CPF nº ***.018.528-**, do Cargo Comissionado de Assistência, código CAS - II, de Assistente de Superintendência, na Superintendência de Avaliação Geológica e Econômica, no Escritório Central da Agência Nacional do Petróleo, Gás Natural e Biocombustíveis - ANP, na cidade do Rio de Janeiro. (Processo SEI nº 48610.221990/2025-22)</p><p class="assina">BRUNO CONDE CASELLI</p>]]></Texto>
  </body>
  <Midias />
</article></xml>