﻿<xml><article id="45199736" name="portaria mps NA 1.717" idOficio="11253599" pubName="DO2" artType="Portaria" pubDate="01/09/2025" artClass="00044:00001:00000:00000:00000:00000:00000:00000:00000:00000:00017:00011" artCategory="Ministério da Previdência Social/Gabinete do Ministro" artSize="12" artNotes="" numberPage="73" pdfPage="http://pesquisa.in.gov.br/imprensa/jsp/visualiza/index.jsp?data=01/09/2025&amp;jornal=529&amp;pagina=73" editionNumber="165" highlightType="" highlightPriority="" highlight="" highlightimage="" highlightimagename="" idMateria="23054385">
  <body>
    <Identifica><![CDATA[ PORTARIA MPS Nº 1.717, DE 28 DE AGOSTO DE 2025]]></Identifica>
    <Data><![CDATA[]]></Data>
    <Ementa />
    <Titulo />
    <SubTitulo />
    <Texto><![CDATA[<p class="identifica">PORTARIA MPS Nº 1.717, DE 28 DE AGOSTO DE 2025</p><p>A CHEFE DE GABINETE DO MINISTÉRIO DA PREVIDÊNCIA SOCIAL - MPS, no uso das atribuições que lhe confere o Decreto nº 11.356, de 1º de janeiro de 2023, e considerando a subdelegação de competência de que trata o art. 7º da Portaria MPS nº 1.109, de 06 de maio de 2025, bem como o contido no Processo nº 10128.036000/2025-21, resolve:</p><p>Dispensar GEORGEANNE SANTA CRUZ BENEVIDES, matrícula SIAPE nº 1.713.085, do encargo de substituto eventual da Função Comissionada Executiva de Coordenador Regional da Perícia Médica Federal no Nordeste, código FCE 1.10, do Departamento de Perícia Médica Federal, da Secretaria de Regime Geral de Previdência Social, deste Ministério, nos afastamentos, impedimentos legais ou regulamentares do titular e na vacância da função.</p><p class="assina">LOUISE CAROLINE SANTOS DE LIMA E SILVA</p>]]></Texto>
  </body>
  <Midias />
</article></xml>