﻿<xml><article id="45200243" name="ProReitoria AposentPensao HU vig" idOficio="11253833" pubName="DO2" artType="Portaria" pubDate="01/09/2025" artClass="00025:00130:00051:00000:00000:00000:00000:00000:00000:00000:00017:00000" artCategory="Ministério da Educação/Universidade Federal de São Paulo/Pró-Reitoria de Gestão com Pessoas" artSize="12" artNotes="" numberPage="47" pdfPage="http://pesquisa.in.gov.br/imprensa/jsp/visualiza/index.jsp?data=01/09/2025&amp;jornal=529&amp;pagina=47" editionNumber="165" highlightType="" highlightPriority="" highlight="" highlightimage="" highlightimagename="" idMateria="23054871">
  <body>
    <Identifica><![CDATA[ PORTARIAS DE 29 DE AGOSTO DE 2025]]></Identifica>
    <Data><![CDATA[]]></Data>
    <Ementa />
    <Titulo />
    <SubTitulo />
    <Texto><![CDATA[<p class="identifica">PORTARIAS DE 29 DE AGOSTO DE 2025</p><p>A PRÓ-REITORA DE GESTÃO COM PESSOAS DA UNIVERSIDADE FEDERAL DE SÃO PAULO, no uso da competência que foi delegada pela Portaria nº 654 de 12/03/20, publicada no DOU de 13/03/20, resolve:</p><p>Nº 4.229 - Conceder aposentadoria voluntária ao servidor JOSE EDUARDO DE SA PEDROSO, matrícula Siape 1137019, ocupante do cargo de Médico- PCCTAE, Classe E, Padrão de Vencimento 19, do Quadro de Pessoal da Universidade Federal de São Paulo, com base no artigo 20 da EC 103/2019, § 2º, inciso I, com proventos integrais. (Processo nº 23089.028889/2025-29)</p><p>Nº 4.230 - Conceder aposentadoria voluntária à servidora SANDRA APARECIDA VIEIRA DE CARVALHO, Matrícula SIAPE nº1448591, ocupante do cargo de Auxiliar de Enfermagem, Classe C, Padrão de Vencimento 19, do Quadro de Pessoal da Universidade Federal de São Paulo, com base no Art.20 da EC 103/2019, § 2º, Inciso II, com proventos calculados com base no art. 26, § 3º, Inciso I, média aritmética. (Processo nº 23089.02845/2025-41)</p><p>Nº 4.231 - Conceder aposentadoria voluntária à servidora TELMA DIAS BATISTA DE CAMARGO, matrícula Siape 1136375, ocupante do cargo de Assistente em Administração, Classe D, Padrão de Vencimento 19, do Quadro de Pessoal da Universidade Federal de São Paulo, com base no artigo 20 da EC 103/2019, § 2º, inciso I, com proventos integrais. (Processo nº 23089.029126/2025-03)</p><p class="assina">ELAINE DAMASCENO</p>]]></Texto>
  </body>
  <Midias />
</article></xml>