﻿<xml><article id="45200759" name="PORTARIA N 603_23055041" idOficio="11253986" pubName="DO2" artType="Portaria" pubDate="01/09/2025" artClass="00070:00004:00001:00000:00000:00000:00000:00000:00000:00000:00017:00008" artCategory="Poder Judiciário/Superior Tribunal de Justiça/Presidência" artSize="12" artNotes="" numberPage="103" pdfPage="http://pesquisa.in.gov.br/imprensa/jsp/visualiza/index.jsp?data=01/09/2025&amp;jornal=529&amp;pagina=103" editionNumber="165" highlightType="" highlightPriority="" highlight="" highlightimage="" highlightimagename="" idMateria="23055041">
  <body>
    <Identifica><![CDATA[ PORTARIA STJ/GP Nº 603, DE 27 DE AGOSTO DE 2025]]></Identifica>
    <Data><![CDATA[]]></Data>
    <Ementa />
    <Titulo />
    <SubTitulo />
    <Texto><![CDATA[<p class="identifica">PORTARIA STJ/GP Nº 603, DE 27 DE AGOSTO DE 2025</p><p>O PRESIDENTE DO SUPERIOR TRIBUNAL DE JUSTIÇA, usando da atribuição conferida pelo art. 21, XXVI, do Regimento Interno e considerando o contido no Processo STJ n. 029727/2024, resolve:</p><p>Art. 1º Prorrogar, até 21 de agosto de 2026, a cessão do servidor RICARDO GOMES DA SILVA, matrícula S037472, para continuar a exercer a função de confiança de Assistente VI, nível FC-6, no Conselho Nacional de Justiça.</p><p>Art. 2º Esta portaria entra em vigor na data de sua publicação.</p><p class="assina">Min. HERMAN BENJAMIN</p>]]></Texto>
  </body>
  <Midias />
</article></xml>