﻿<xml><article id="45196659" name="PORTARIA N 2.720_23054022" idOficio="11253284" pubName="DO2" artType="Portaria" pubDate="01/09/2025" artClass="00053:00002:00032:00000:00000:00000:00000:00000:00000:00000:00017:00002" artCategory="Controladoria-Geral da União/Secretaria Executiva/Diretoria de Gestão Corporativa" artSize="12" artNotes="" numberPage="92" pdfPage="http://pesquisa.in.gov.br/imprensa/jsp/visualiza/index.jsp?data=01/09/2025&amp;jornal=529&amp;pagina=92" editionNumber="165" highlightType="" highlightPriority="" highlight="" highlightimage="" highlightimagename="" idMateria="23054022">
  <body>
    <Identifica><![CDATA[ PORTARIA Nº 2.720, DE 24 DE AGOSTO DE 2025]]></Identifica>
    <Data><![CDATA[]]></Data>
    <Ementa />
    <Titulo />
    <SubTitulo />
    <Texto><![CDATA[<p class="identifica">PORTARIA Nº 2.720, DE 24 DE AGOSTO DE 2025</p><p>A DIRETORA DE GESTÃO CORPORATIVA DA CONTROLADORIA-GERAL DA UNIÃO, no uso da competência que lhe foi delegada pela Portaria Normativa CGU nº 594, de 14 de fevereiro de 2023, publicada no D.O.U. em 22 de fevereiro de 2023, e tendo em vista o que consta no processo nº 00214.100124/2025-45, resolve:</p><p>Art. 1º Conceder aposentadoria voluntária com proventos integrais ao servidor ALBERTO OLIVEIRA DA SILVA, ocupante do cargo de Técnico Federal de Finanças e Controle, Classe S, Padrão V, matrícula Siape nº 93384, do Quadro de Pessoal da Controladoria-Geral da União, com fundamento nos incisos I a IV do caput e inciso I dos §§ 2º e 3º do art. 20 e no § 8º do art. 4º, ambos da Emenda Constitucional nº 103, de 12 de novembro de 2019.</p><p>Art. 2º Declarar vago o referido cargo.</p><p>Art. 3º Esta portaria entra em vigor na data de sua publicação.</p><p class="assina">BIANCA CRISTINA LESSA ENDERS</p>]]></Texto>
  </body>
  <Midias />
</article></xml>