﻿<xml><article id="45197388" name="Port 1830 e 1831" idOficio="11253361" pubName="DO2" artType="Portaria" pubDate="01/09/2025" artClass="00025:00128:00001:00000:00000:00000:00000:00000:00000:00000:00017:00000" artCategory="Ministério da Educação/Universidade Federal de Santa Catarina/Gabinete do Reitor" artSize="12" artNotes="" numberPage="44" pdfPage="http://pesquisa.in.gov.br/imprensa/jsp/visualiza/index.jsp?data=01/09/2025&amp;jornal=529&amp;pagina=44" editionNumber="165" highlightType="" highlightPriority="" highlight="" highlightimage="" highlightimagename="" idMateria="23054171">
  <body>
    <Identifica><![CDATA[ PORTARIAS DE 28 DE AGOSTO DE 2025]]></Identifica>
    <Data><![CDATA[]]></Data>
    <Ementa />
    <Titulo />
    <SubTitulo />
    <Texto><![CDATA[<p class="identifica">PORTARIAS DE 28 DE AGOSTO DE 2025</p><p>O REITOR DA UNIVERSIDADE FEDERAL DE SANTA CATARINA, no uso de suas atribuições, resolve:</p><p>Nº 1.830 - Art. 1º Dispensar, a partir de 23 de Agosto de 2025, PRISCILA PIMENTEL VIEIRA, ADMINISTRADOR DE EDIFÍCIOS, SIAPE nº 1891620, do exercício da função de Chefe do Serviço de Manutenção da Coordenadoria de Apoio Administrativo - SM/CAA/CCE, código FG4, para a qual foi designada pela Portaria nº 2033/2024/GR, de 27 de setembro de 2024.</p><p>Art. 2º Esta portaria entra em vigor na data de sua publicação no Diário Oficial da União.(Ref. Sol. 48376/2025)</p><p>Nº 1831 - Art. 1º Designar PRISCILA PIMENTEL VIEIRA, ADMINISTRADOR DE EDIFÍCIOS, SIAPE nº 1891620, para exercer a função de Chefe do Serviço de Expediente da Coordenadoria do Programa de Pós_Graduação em Ciências Médicas - SE/CPGCM/CCS.</p><p>Art. 2º Atribuir à servidora a função gratificada FG4, integrante do Quadro Distributivo de Cargos de Direção e Funções Gratificadas.</p><p>Art. 3º Esta Portaria entra em vigor na data de sua publicação no Diário Oficial da União.(Ref. Sol. 48376/2025)</p><p class="assina">IRINEU MANOEL DE SOUZA</p>]]></Texto>
  </body>
  <Midias />
</article></xml>