﻿<xml><article id="45200186" name="EDITALNORDESTE" idOficio="11253785" pubName="DO2" artType="Edital" pubDate="01/09/2025" artClass="00099:00044:00018:00090:00000:00000:00000:00000:00000:00000:00000:00015:00000" artCategory="Editais e Avisos/Ministério da Previdência Social" artSize="12" artNotes="" numberPage="123" pdfPage="http://pesquisa.in.gov.br/imprensa/jsp/visualiza/index.jsp?data=01/09/2025&amp;jornal=529&amp;pagina=123" editionNumber="165" highlightType="" highlightPriority="" highlight="" highlightimage="" highlightimagename="" idMateria="23054682">
  <body>
    <Identifica><![CDATA[ EDITAL]]></Identifica>
    <Data><![CDATA[]]></Data>
    <Ementa />
    <Titulo />
    <SubTitulo />
    <Texto><![CDATA[<p class="identifica">EDITAL</p><p>Na condição de Tomador de Contas, vinculado a Superintendência Regional Nordeste do Instituto Nacional do Seguro Social - INSS, no uso das prerrogativas conferidas pela PORTARIA SRNE/INSS Nº 392, DE 26 DE AGOSTO DE 2025, publicada no Boletim de Serviço Eletrônico em 27/08/2025, e a Instrução Normativa TCU nº 98, de 27 de novembro de 2024, informo acerca da instauração do processo de Tomada de Contas Especial - TCE, nº 35014.326113/2025-24 que versa sobre apuração de irregularidades ocorridas nas agências do INSS jurisdicionada à Gerência Executiva Garanhuns/PE, vinculada à Superintendência Regional Nordeste - SRNE. NOTIFICA, portanto, o agente público; Diego Aquino Vivas Alves, CPF xxx.325.004-xx, com paradeiro incerto e em local ignorado, para contatar a Comissão no prazo de 15 (quinze) dias a contar da publicação desta notificação, mediante e-mail institucional cttce.srne@inss.gov.br, a fim de tomar ciência dos autos do Processo de TCE em comento, apresentar defesa ou promover a quitação do débito apurado. Esclarecendo que haverá continuidade do processo independentemente do comparecimento, nos termos do §1º do art. 26 da Lei nº 9.784/99.</p><p class="assina">ROGÉRIO MARCOS DE BARCELLOS</p><p class="cargo">Tomador de Contas</p>]]></Texto>
  </body>
  <Midias />
</article></xml>