﻿<xml><article id="45196962" name="2025 - 866 ROSA MARIA VALIM RIBE" idOficio="11251068" pubName="DO2" artType="Portaria" pubDate="01/09/2025" artClass="00025:00133:00000:00000:00000:00000:00000:00000:00000:00000:00017:00000" artCategory="Ministério da Educação/Universidade Federal do Triângulo Mineiro" artSize="12" artNotes="" numberPage="48" pdfPage="http://pesquisa.in.gov.br/imprensa/jsp/visualiza/index.jsp?data=01/09/2025&amp;jornal=529&amp;pagina=48" editionNumber="165" highlightType="" highlightPriority="" highlight="" highlightimage="" highlightimagename="" idMateria="23050221">
  <body>
    <Identifica><![CDATA[ PORTARIA DE PESSOAL Nº 866, DE 28 DE AGOSTO DE 2025]]></Identifica>
    <Data><![CDATA[]]></Data>
    <Ementa />
    <Titulo />
    <SubTitulo />
    <Texto><![CDATA[<p class="identifica">PORTARIA DE PESSOAL Nº 866, DE 28 DE AGOSTO DE 2025</p><p>A REITORA DA UNIVERSIDADE FEDERAL DO TRIÂNGULO MINEIRO - UFTM, nomeada pelo Presidente da República, por meio do Decreto de 1 <sup>o</sup> de junho de 2023, publicado no Diário Oficial da União do dia 2 subsequente, no uso de suas atribuições legais e regimentais e de acordo com o processo SEI/UFTM n <sup>º</sup> 23085.008247/2025-43, resolve:</p><p>Art. 1° Conceder aposentadoria voluntária à servidora ROSA MARIA VALIM RIBEIRO, Siape 1442067, ocupante do cargo de TEC EQUIP MEDICO ODONTOLOGICO, Classe/Padrão D-19, carga horária de 40 horas semanais, código de vaga nº 775259, do Quadro de Pessoal desta Universidade, com fulcro no artigo 40, § 1º, inciso III, alínea "b" da Constituição Federal, com redação dada pela Emenda Constitucional nº 41/2003, combinado com o caput e § 1º do art. 3º da Emenda Constitucional nº 103/2019, com proventos proporcionais calculados com base na média aritmética das contribuições, na forma da Lei nº 10.887/04.</p><p>Art. 2° Em consequência, declarar vago o referido cargo.</p><p>Art. 3° Esta Portaria de Pessoal entra em vigor a partir de sua publicação no Diário Oficial da União.</p><p class="assina">MARINALVA VIEIRA BARBOSA</p>]]></Texto>
  </body>
  <Midias />
</article></xml>