﻿<xml><article id="45203482" name="PORTARIA N 4.267_23054119" idOficio="11253339" pubName="DO2" artType="Portaria" pubDate="01/09/2025" artClass="00071:00232:00000:00000:00000:00000:00000:00000:00000:00000:00017:00000" artCategory="Entidades de Fiscalização do Exercício das Profissões Liberais/Conselho Regional de Educação Física da 4ª Região" artSize="12" artNotes="" numberPage="119" pdfPage="http://pesquisa.in.gov.br/imprensa/jsp/visualiza/index.jsp?data=01/09/2025&amp;jornal=529&amp;pagina=119" editionNumber="165" highlightType="" highlightPriority="" highlight="" highlightimage="" highlightimagename="" idMateria="23054119">
  <body>
    <Identifica><![CDATA[ PORTARIA CREF4/SP Nº 4.267, DE 26 DE AGOSTO DE 2025]]></Identifica>
    <Data><![CDATA[]]></Data>
    <Ementa />
    <Titulo />
    <SubTitulo />
    <Texto><![CDATA[<p class="identifica">PORTARIA CREF4/SP Nº 4.267, DE 26 DE AGOSTO DE 2025</p><p>O CONSELHO REGIONAL DE EDUCAÇÃO FÍSICA DA 4ª REGIÃO - CREF4/SP, no exercício das atribuições que lhe são conferidas pelo artigo 5-B º da Lei Federal nº 14.386, de 27 de junho de 2022;</p><p>CONSIDERANDO a Lei Federal nº 14.133, de 01 de abril de 2021;</p><p>CONSIDERANDO o Decreto Federal nº 6.370, de 01 de fevereiro de 2008, que dispõe sobre a utilização do Cartão de Pagamento do Governo Federal - CPGF, e altera o Decreto nº 93.872, de 23 de dezembro de 1986 e determina o encerramento das contas bancárias destinadas à movimentação de suprimentos de fundos;</p><p>CONSIDERANDO o disposto no inc. XII do art. 5-B da Lei Federal nº 9.696/98 com a redação dada pela Lei Federal nº 14.386/22;</p><p>CONSIDERANDO a deliberação da Diretoria de 26/08/2025; resolve:</p><p>REGULAMENTO SUPRIMENTO DE FUNDOS - CARTÃO DE PAGAMENTO</p><p>CAPÍTULO I</p><p>DA INCIDÊNCIA</p><p>Art. 1º - A presente portaria tem por finalidade regulamentar os procedimentos administrativos necessários à concessão, à aplicação e à prestação de contas de Suprimentos de Fundos por meio de cartão de Pagamento, no âmbito do Conselho REGIONAL DE EDUCAÇÃO FÍSICA - CREF4/SP.</p><p>Art. 2º - O cartão de Pagamento de que trata o Art. 1º será atribuído:</p><p>I - Aos empregados Diretores do Conselho Regional de Educação Física - CREF4/SP; e</p><p>II - A outros empregados integrantes do Conselho Regional de Educação Física - CREF4/SP, por solicitação formal dos seus Diretores ao Adjunto Financeiro.</p><p>CAPÍTULO II</p><p>DAS DEFINIÇÕES</p><p>Art. 3º - Para efeito deste Regulamento, são adotados os seguintes conceitos:</p><p>I. Suprimento de Fundos: É a modalidade de pagamento de despesas que, por suas características e excepcionalidades, podem ser realizadas sem se subordinarem ao processo usual de execução orçamentária e financeira, sempre precedida de empenho em dotação própria da despesa a realizar, consistindo na entrega de Cartão de Pagamento ao suprido, a critério e sob inteira responsabilidade do Ordenador de Despesa do CREF4/SP;</p><p>II. Empenho: Ato emanado de autoridade competente que cria, para o CREF4/SP, obrigação de pagamento, não podendo exceder ao limite dos créditos concedidos e nem o prazo de aplicação determinado;</p><p>III. Ordenador de Despesa: É todo e qualquer empregado de cujos atos resultarem emissão de empenho, autorização de pagamento, suprimento ou dispêndio,</p><p>IV. Suprido: Empregado do Conselho Regional de Educação Física que detenha autorização para proceder a execução financeira, com destinação estabelecida pelo Ordenador de Despesa, sendo responsável pela aplicação e pela comprovação dos recursos recebidos a título de Suprimento de Fundos.</p><p>V. Despesas Miúdas e de Pronto Pagamento: São aquisições de materiais e contratações de serviços de fornecedor, seja pessoa física ou jurídica, cujo montante de concessão seja igual ou inferior ao determinado no Art. 9º deste Regulamento.</p><p>VI. Cartão Corporativo do CREF4/SP: é o Cartão de Pagamento do Governo Federal utilizado como instrumento de pagamento, operacionalizado pelo Banco do Brasil, e utilizado exclusivamente pelo empregado nele identificado, nos casos indicados em ato próprio do Ordenador de Despesa, sendo emitido em nome do CREF4/SP, com identificação do portador.</p><p>VII. Portador: Empregado autorizado a portar e utilizar o Cartão de Pagamento emitido em nome do CREF4/SP.</p><p>VIII. Transação: Operação efetuada pelo Portador junto ao Contratado, mediante utilização do Cartão de Pagamento.</p><p>IX. Limite de Utilização: Valor máximo estabelecido pelo Ordenador de Despesa, junto ao Contratado, para utilização do Cartão de Pagamento por parte de cada agente suprido.</p><p>X. Demonstrativo Mensal: Documento emitido pelo Contratado contendo a relação das transações efetuadas pelos Portadores, lançadas na fatura do mês, para efeito de conferência e atesto.</p><p>XI. Fatura Mensal: Documento emitido pelo Banco contendo os valores devidos pelo CREF4/SP, para efeito de pagamento e contabilização.</p><p>XII. Assinatura Eletrônica: Código pessoal e secreto que o portador imposta, em terminais ou outros equipamentos eletrônicos, para efetivar operações.</p><p>XIII. Comprovante de Operação: Documento assinado física ou eletronicamente pelo portador para efetivar transação com utilização do Cartão de Pagamento.</p><p>XIV. Assinatura em Arquivo: modalidade pela qual o TITULAR adquire, via telefone ou outros meios, bens e serviços de AFILIADOS, sem assinar o correspondente comprovante de venda.</p><p>CAPÍTULO III</p><p>DOS CRITÉRIOS PARA CONCESSÃO DO SUPRIMENTO DE FUNDOS</p><p>Art. 4º - O valor em moeda nacional a ser concedido a cada empregado suprido será estabelecido pelo Ordenador de Despesa, por meio de requisição ao Departamento Financeiro, observando-se o limite do art. 8º, deste Regulamento.</p><p>Art. 5º - Poderão receber novos suprimentos de fundos os supridos que:</p><p>I - Não estejam em atraso com prestação de contas de suprimento anterior;</p><p>II - Não estejam com prestação de contas impugnadas, total ou parcialmente, ou sob verificação sobre a ocorrência de desfalque, desvio de bens ou outra irregularidade que resulte em prejuízo para a Conselho Regional de Educação Física - CREF4/SP;</p><p>III - Não estejam respondendo a procedimento administrativo disciplinar relacionado à malversação de recursos do Conselho Regional de Educação Física - CREF4/SP;</p><p>IV - Não estejam em período de gozo de férias, licenças ou qualquer outro motivo que impeça o regular exercício funcional;</p><p>V - Não incorra no recebimento de mais de 1 (um) suprimento de fundos para o mesmo período de aplicação, ainda que de natureza diferenciada (acúmulo de suprimentos de fundos).</p><p>Parágrafo único: O uso do Cartão de Pagamento terá abrangência em todos os Departamentos do CREF4/SP, mediante requisição justificada e autorização do Adjunto Financeiro.</p><p>Art. 6º - É pressuposto para a habilitação das requisições de suprimento de fundos a autorização expressa do Diretor de Departamento ordenador da despesa, contendo:</p><p>a) o valor do suprimento de fundos, em algarismo e por extenso;</p><p>b) o nome e cargo ou função a quem deve ser feito a concessão;</p><p>c) a dotação orçamentária assinada, pela qual deve correr as despesas e o respectivo exercício financeiro;</p><p>d) o período de sua aplicação; e</p><p>e) a(s) natureza(s) da despesa a que se destina a concessão.</p><p>Art. 7º - Os créditos no Cartão somente serão disponibilizados após a emissão, por parte da Departamento Financeiro do CREF4/SP, da nota de empenho na dotação apropriada.</p><p>Parágrafo Único - O Departamento Financeiro do CREF4/SP poderá optar por emitir empenho estimativo para o exercício financeiro.</p><p>CAPÍTULO IV</p><p>DA LIMITAÇÃO DOS VALORES</p><p>Art. 8º - O valor máximo de concessão de suprimento de fundos, será de 40% sobre o valor correspondente ao inciso II, do artigo 75, da Lei Federal nº 14.133/21.</p><p>§ 1º - O limite de que trata o caput se refere ao somatório das despesas que podem ser atribuídas a cada Agente Suprido, no período de utilização previsto no art. 12 deste regulamento.</p><p>§ 2º - Fica estabelecido o percentual de 10% do valor obtido na aplicação do caput, para aquisição de serviços e compras em geral, bem como, execução de obras e serviços de engenharia, como limite máximo de cada despesa, por nota fiscal, vedado o fracionamento de despesa ou do documento comprobatório, para adequação a esse valor.</p><p>Art. 9° - É terminantemente vedada a concessão de Suprimento de Fundos para a aquisição de material permanente, devendo tal despesa seguir o processo normal de aquisição, respeitando os princípios da licitação.</p><p>Art. 10 - O suprido poderá ser auxiliado por sua equipe na gestão dos recursos recebidos, ficando mantidas todas as responsabilidades pessoais e funcionais inerentes à sua correta aplicação.</p><p>CAPÍTULO V</p><p>DAS RESPONSABILIDADES E APLICAÇÕES</p><p>Art. 11 - O Cartão de Pagamento poderá ser utilizado apenas no desempenho regular das atividades relativas à função do agente suprido e quando:</p><p>I - Se tratar de serviços extraordinários e urgentes que não permitam embaraços que retardem a execução do ato;</p><p>II - Se tratar de compras online, cujo pagamento se dê exclusivamente através de cartão de Pagamento;</p><p>III - Se tratar de despesa a ser paga em lugar distante do seu local de trabalho, desde que não se possa subordinar ao regime normal de pagamento; e</p><p>IV - No caso da Departamento de Eventos e Cerimonial, se tratar de despesa de pequeno vulto e/ou de necessidade imediata, desde que devidamente justificada e aprovada expressa e previamente pelo Ordenador de Despesas.</p><p>V - Se tratar de despesas com hospedagem pelos empregados do CREF4/SP, quando as atribuições do cargo impliquem em pernoite e não recebam diárias.</p><p>Art. 12 - O responsável pela gestão do suprimento de fundos (suprido) somente poderá efetuar despesas com suprimento de fundos dentro do período de suprimento solicitado, equivalente ao mês corrente, contados a partir da formalização da concessão. Após o período retromencionado, o suprido tem até o primeiro dia útil após o fim do prazo de suprimento para prestar contas dos gastos ao Ordenador de Despesas.</p><p>§ 1º - O cupom fiscal ou documento fiscal equivalente só terá validade se emitido em nome do Conselho Regional de Educação Física - CREF4/SP, com o respectivo CNPJ, salvo se justificado por declaração do usuário;</p><p>§ 2º - Quando se tratar de cupom fiscal ao consumidor, deverá constar o CNPJ do Conselho Regional de Educação Física - CREF4/SP.</p><p>§ 3º - Todos os documentos comprobatórios das despesas realizadas devem estar quitados.</p><p>§ 4º - Os documentos comprobatórios das despesas não serão aceitos se:</p><p>a) apresentarem rasuras, rasgos ou campos sobrescritos;</p><p>b) apresentarem informações escritas em grafias diferentes; e</p><p>c) apresentarem informações escritas com canetas em cores diferentes.</p><p>Art. 13 - Na aplicação do Suprimento de Fundos não podem ser pagas despesas que não se enquadrem nos Elementos de Despesa previamente especificados na autorização prevista no artigo 6, deste Regulamento.</p><p>Parágrafo Único - É vedada a utilização do Cartão de Pagamento na modalidade de saque.</p><p>Art. 14 - Somente serão admitidos documentos de despesas realizadas em data igual ou posterior a do recebimento do suprimento e desde que não excedam o valor concedido.</p><p>CAPÍTULO VI</p><p>DA PRESTAÇÃO DE CONTAS</p><p>Art. 15 - A prestação de contas da aplicação do suprimento de fundos será composta de:</p><p>I - Autorização do Ordenador da Despesa - Requisição da Concessão, devidamente preenchida e assinada através do sistema eletrônico fornecido pelo CREF4/SP</p><p>II - Comprovantes das despesas realizadas emitidas em nome do Conselho Regional de Educação Física - CREF4/SP, sem rasuras e datados de acordo com o período de aplicação do suprimento de fundos, devidamente atestado pelo suprido;</p><p>III - Comprovante do saldo do Cartão de Pagamento, mantido em nome do Conselho Regional de Educação Física - CREF4/SP, devidamente identificado com nome do funcionário e com o período do Suprimento de Fundos.</p><p>Art. 16 - Compete ao suprido organizar os comprovantes em ordem cronológica.</p><p>§ 1º - No caso de comprovantes impressos em papel térmico, o suprido deve providenciar cópia em papel que permita a adequada conservação para futuras auditorias; e</p><p>§ 2º - No período de aplicação do suprimento de fundos serão realizadas prestações de contas mensais, no primeiro dia útil após o fim do prazo de suprimento.</p><p>Art. 17 - O Ordenador de Despesas encaminhará ao Departamento Financeiro, no prazo de 10 (dez) dias corridos, Relatório de Conferência de Prestação de Contas de Suprimento de Fundos e manifestação pela Aprovação, Aprovação com ressalvas ou não Aprovação das despesas realizadas.</p><p>Art. 18 - Existindo qualquer irregularidade na prestação de contas apresentada, o responsável será notificado por escrito e terá o prazo de 03 (três) dias úteis para satisfazer as exigências, apresentar justificativas ou devolver a importância devida.</p><p>§ 1º - São consideradas irregularidades na aplicação e comprovação de recursos liberados a título de suprimento de fundos:</p><p>a) Qualquer despesa realizada em data anterior ou posterior ao prazo de aplicação;</p><p>b) Qualquer aplicação de recursos em projetos ou atividades incompatíveis com a finalidade da concessão do suprimento de fundos;</p><p>c) Qualquer aplicação de recursos em desacordo com o(s) elemento(s) de despesa especificado(s) no ato da concessão do suprimento de fundos e na Nota de Empenho;</p><p>d) Qualquer aplicação de recursos em exercício financeiro diferente daquele em que foi formalizado o ato de concessão;</p><p>e) Qualquer realização de saque em dinheiro (espécie) na conta bancária utilizada para a movimentação dos recursos concedidos a título de suprimento de fundos;</p><p>f) O Suprido entrar em gozo de férias sem realizar a necessária prestação de contas antes do início do afastamento.</p><p>§ 2º - Se configurada alguma das situações acima previstas, o suprido terá que devolver o numerário gasto em desacordo com as normas legais, independentemente de outras sanções disciplinares cabíveis.</p><p>Art. 19 - No caso de não apresentação ou de apresentação de justificativas não aceitas, o caso será submetido à apreciação do Ordenador de Despesas, no prazo de até 10 (dez) dias corridos.</p><p>Parágrafo único - O Ordenador de Despesas encaminhará o processo para a adoção das medidas cabíveis, sem prejuízo do ressarcimento da despesa glosada ao Conselho Regional de Educação Física - CREF4/SP.</p><p>Art. 20 - É terminantemente vedada a prestação de contas com valores superiores aos recursos fornecidos por Suprimentos de Fundos.</p><p>Art. 21 - Ocorrendo expectativa de gastos superiores aos recursos recebidos, o suprido poderá requerer, justificadamente, complemento do suprimento de fundos dentro do próprio período de aplicação, cujo valor não poderá ser maior que o estabelecido no art. 8º deste Regulamento.</p><p>CAPÍTULO VII</p><p>DO CARTÃO DE PAGAMENTO</p><p>Art. 22 - O Adjunto Financeiro do CREF4/SP é a autoridade competente para assinar, em nome do Conselho Regional de Educação Física - CREF4/SP, bem como, atuar e, ou indicar os ordenadores de despesas e autorizar os empregados que poderão portar o Cartão de Pagamento.</p><p>Art. 23 - O Ordenador de Despesas assume inteira responsabilidade pelo cumprimento das regras contratuais e demais instruções relativas ao uso do Cartão de Pagamento, emitido com a titularidade do Conselho Regional de Educação Física - CREF4/SP e com a identificação do Portador, bem como pelo pagamento das despesas decorrentes.</p><p>Art. 24 - Não se aplica o disposto no artigo anterior quando se tratar de taxas de utilização no exterior e/ou de encargos por atraso no pagamento.</p><p>Art. 25 - Nenhuma transação com o Cartão de Pagamento poderá ser efetivada sem que haja saldo suficiente para o atendimento da despesa especificada na respectiva Nota de Empenho.</p><p>Art. 26 - O ordenador de Despesas, observado o disposto no art. 8º deste Regulamento, fica responsável por definir, junto ao Contratado, o limite de utilização total da Conselho Regional de Educação Física - CREF4/SP e individual concedido a cada um dos Portadores, bem como pela autorização de uso e a natureza dos gastos permitidos.</p><p>§ 1º - O Ordenador de Despesas comunicará o Departamento Financeiro em caso de alteração dos limites de utilização estabelecidos para o Conselho Regional de Educação Física - CREF4/SP e para os respectivos Portadores, para lançamento das alterações junto ao banco; e</p><p>§ 2º - Os Ordenadores de Despesas são responsáveis pela autorização de uso, definição e controle de limites do Cartão de Pagamento que estejam em sua posse ou sendo utilizados por agentes supridos, comunicando ao Departamento Financeiro.</p><p>Art. 27 - Os pagamentos deverão ser efetivados na data da compra, exigindo-se assinatura no respectivo comprovante de venda, emitido pelo valor final da operação, ou mediante impostação de senha do Portador ou de assinatura eletrônica, conforme o caso.</p><p>Parágrafo único - O pagamento deve ser realizado pelo valor da nota fiscal, observadas as disposições contidas na legislação vigente.</p><p>Art. 28 - O Portador identificado no Cartão de Pagamento responderá pela sua guarda e uso e pela prestação de contas.</p><p>§ 1º - Nos casos de roubo, furto, clonagem, perda ou extravio, caberá ao Portador comunicar o ocorrido a Administradora do Cartão Contratada e ao Ordenador de Despesas.</p><p>§ 2º - No ato da comunicação ao Ordenador de Despesas do roubo, furto, clonagem, perda ou extravio, o Contratado deverá fornecer a confirmação e identificação do pedido de bloqueio do cartão de Pagamento, assim como o boletim de ocorrência.</p><p>CAPÍTULO VIII</p><p>CONSIDERAÇÕES FINAIS</p><p>Art. 29 - Com relação ao suprimento de fundos, a Designação do Suprido, a Solicitação, a Prestação de Contas e a Conferência serão formalizadas através do sistema eletrônico fornecido pelo CREF4/SP.</p><p>Art. 30 - Os suprimentos de fundos concedidos serão considerados despesas efetivas, registrando-se a responsabilidade ao servidor suprido, cuja baixa será procedida após a aprovação das contas prestadas do cartão de crédito.</p><p>Art. 31 - Esta portaria entra em vigor na data de sua publicação, revogando a Portaria CREF4/SP n° 3498/2022.</p><p class="assina">RIALDO TAVARES</p>]]></Texto>
  </body>
  <Midias />
</article></xml>