﻿<xml><article id="45196305" name="PORT 694 APOS 28.08.2025 -" idOficio="11250955" pubName="DO2" artType="Portaria" pubDate="01/09/2025" artClass="00025:00096:00041:00000:00000:00000:00000:00000:00000:00000:00017:00001" artCategory="Ministério da Educação/Universidade Federal da Bahia/Coordenação de Gestão de Pessoas" artSize="12" artNotes="" numberPage="32" pdfPage="http://pesquisa.in.gov.br/imprensa/jsp/visualiza/index.jsp?data=01/09/2025&amp;jornal=529&amp;pagina=32" editionNumber="165" highlightType="" highlightPriority="" highlight="" highlightimage="" highlightimagename="" idMateria="23050103">
  <body>
    <Identifica><![CDATA[ PORTARIA Nº 694, DE 26 DE AGOSTO DE 2025]]></Identifica>
    <Data><![CDATA[]]></Data>
    <Ementa />
    <Titulo />
    <SubTitulo />
    <Texto><![CDATA[<p class="identifica">PORTARIA Nº 694, DE 26 DE AGOSTO DE 2025</p><p>- A COORDENADORA DE GESTÃO DE PESSOAS DA UNIVERSIDADE FEDERAL DA BAHIA, no uso das atribuições que lhe foram delegadas por meio da Portaria n. 83/2025 - PRODEP e considerando o processo n. 23066.058593/2025-09, resolve:</p><p>Conceder aposentadoria compulsória, a partir de 30/08/2025, com proventos proporcionaiS, a CARMEN SANDE CRUZ, matrícula SIAPE n. 1071355, ocupante do cargo de MÉDICO - PCCTAE, Nível de Classificação "E", Padrão de Vencimento "11", com jornada de trabalho de 40 horas semanais, lotada no Serviço Médico Universitário Rubens Brasil desta Universidade, com fundamento no inciso III, § 1º do Art. 10 da Emenda Constitucional n. 103, de 13 de novembro de 2019.</p><p>Declarar vago o respectivo cargo.</p><p class="assina">MARINES MARTINS DE ANDRADE</p>]]></Texto>
  </body>
  <Midias />
</article></xml>