﻿<xml><article id="45201514" name="PT16NORTECENTROOESTE" idOficio="11254122" pubName="DO2" artType="Portaria" pubDate="01/09/2025" artClass="00044:00018:00091:00004:00001:00004:00000:00000:00000:00000:00017:00016" artCategory="Ministério da Previdência Social/Instituto Nacional do Seguro Social/Superintendência Regional Norte/Centro-Oeste/Coordenação de Gestão de Pessoas/Divisão de Administração de Pessoas DIAPE/Setor de Movimentação e Gestão Funcional" artSize="12" artNotes="" numberPage="79" pdfPage="http://pesquisa.in.gov.br/imprensa/jsp/visualiza/index.jsp?data=01/09/2025&amp;jornal=529&amp;pagina=79" editionNumber="165" highlightType="" highlightPriority="" highlight="" highlightimage="" highlightimagename="" idMateria="23055261">
  <body>
    <Identifica><![CDATA[ PORTARIA SEMF - SRNCO/INSS Nº 16, DE 29 DE AGOSTO DE 2025]]></Identifica>
    <Data><![CDATA[]]></Data>
    <Ementa />
    <Titulo />
    <SubTitulo />
    <Texto><![CDATA[<p class="identifica">PORTARIA SEMF - SRNCO/INSS Nº 16, DE 29 DE AGOSTO DE 2025</p><p>A CHEFE DO SETOR DE MOVIMENTAÇÃO E GESTÃO FUNCIONAL DA SUPERINTENDÊNCIA-REGIONAL NORTE/CENTRO-OESTE, no uso das atribuições que lhe confere o Decreto nº 10.995, de 14 de março de 2022, bem como, Portaria PRES/INSS nº 1.678, de 29 de abril de 2024, e considerando a subdelegação de competência de que trata o art. 6º da Portaria PRES/INSS,nº 1.654, de 2 de janeiro de 2024, alterado pela Portaria PRES/INSS Nº 1.699, de 22/05/2024, além do contido no Processo SEI nº 35014.315946/2025-60, resolve:</p><p>Art. 1º Declarar, a vacância do cargo efetivo de Técnico do Seguro Social, a contar de 01/09/2025, exercido pela servidora LAURICE MARIA GONCALES FIN MARINGOLO, matrícula SIAPE nº 1.950.057, CPF nº XXX.465.308-XX, Código da Vaga: 624946, Classe "S", Padrão "I", do Quadro de Pessoal Permanente deste Instituto Nacional do Seguro Social - INSS, em decorrência de posse em outro cargo inacumulável, com fundamento no inciso VIII do art. 33 da Lei nº 8.112, de 11 de dezembro de 1990.</p><p class="assina">CELIA REGINA DA SILVA SOARES</p>]]></Texto>
  </body>
  <Midias />
</article></xml>