﻿<xml><article id="45197046" name="SGP079" idOficio="11244427" pubName="DO2" artType="Portaria" pubDate="01/09/2025" artClass="00070:00030:00001:00000:00000:00000:00000:00000:00000:00000:00017:00000" artCategory="Poder Judiciário/Tribunal Regional Eleitoral de Pernambuco/Presidência" artSize="12" artNotes="" numberPage="110" pdfPage="http://pesquisa.in.gov.br/imprensa/jsp/visualiza/index.jsp?data=01/09/2025&amp;jornal=529&amp;pagina=110" editionNumber="165" highlightType="" highlightPriority="" highlight="" highlightimage="" highlightimagename="" idMateria="23039064">
  <body>
    <Identifica><![CDATA[ PORTARIA Nº 567, DE 25 DE AGOSTO DE 2025]]></Identifica>
    <Data><![CDATA[]]></Data>
    <Ementa />
    <Titulo />
    <SubTitulo />
    <Texto><![CDATA[<p class="identifica">PORTARIA Nº 567, DE 25 DE AGOSTO DE 2025</p><p>O DESEMBARGADOR PRESIDENTE DO TRIBUNAL REGIONAL ELEITORAL DE PERNAMBUCO, no uso de suas atribuições legais e considerando o disposto no Processo SEI n.º 0015000-88.2025.6.17.8600, resolve:</p><p>Art. 1º Conceder à servidora TÉLIA GASPAR GONÇALVES DE ALVARENGA, ocupante do cargo efetivo criado pela Lei n.º 8.868/1994, atualmente denominado de Analista Judiciário, Área Judiciária, classe C, padrão 13, APOSENTADORIA VOLUNTÁRIA, com fundamento no art. 20, § 2º, II, e § 3º, II, e no art. 26, § 3º, inciso I, da Emenda Constitucional nº 103, de 13/11/2019, c/c art. 40, § § 14, 15 e 16 da Constituição da República, e com o art. 3º, inciso II, §1º, da Lei nº 12.618, de 30/04/2012, com a redação da Lei n.º 14.463/2022.</p><p>Art. 2º Determinar que os proventos de aposentadoria corresponderão ao valor médio das remunerações base de contribuição previdenciária, limitados ao valor teto dos benefícios concedidos no Regime Geral de Previdência Social, em virtude de ter a servidora migrado, em 29/11/2022, para o Regime de Previdência Complementar, conforme requerimento 2080157, do Processo SEI n.º 0027996-80.2022.6.17.8000, os quais, nos termos do art. 26, § 7º, da Emenda Constitucional nº 103, de 13/11/2019, serão reajustados na mesma data e índice em que se der o reajuste dos benefícios do Regime Geral de Previdência Social.</p><p>Art. 3º Registrar que, nos termos do art. 3º, inciso II e §1º, da Lei nº 12.618, de 30/04/2012, os referidos proventos serão acrescidos do Benefício Especial, que, em consonância com o § 6º do referido art. 3º, será atualizado pelo mesmo índice aplicável ao benefício de aposentadoria ou pensão mantido pelo Regime Geral de Previdência Social, a contar da data de migração.</p><p>Art. 4º Decretar que os valores acima ficarão isentos da incidência de contribuição previdenciária, em cumprimento do disposto no art. 40, § 18, da Constituição Federal e no art. 3º, § 6º, inciso IV, da Lei nº 12.618/2012, com a redação dada pela Lei nº 14.463/2022, bem como considerando o entendimento firmado pela AGU no Parecer 0093/20I8/DECOR/CGU/AGU, exarado no Processo NUP nº 03154.004642/2018-50, e pela Coordenação-Geral de Tributação do Ministério da Fazenda, na Solução de Consulta nº 42-COSIT, de 14/02/2019.</p><p>Art. 5º Providenciar, nos termos do art. 1°, V, da Lei n° 8.443, de 16 de julho de 1992, o registro deste ato para apreciação do Tribunal de Contas da União.</p><p>Art. 6º Fixar que a presente portaria passa a ter efeitos a partir da data da sua publicação.</p><p class="assina">Des. Cândido J. F. Saraiva de Moraes</p>]]></Texto>
  </body>
  <Midias />
</article></xml>