﻿<xml><article id="45197154" name="ATO PORTARIA SEGEP 119" idOficio="11247603" pubName="DO2" artType="Portaria" pubDate="01/09/2025" artClass="00047:00002:00021:00026:00016:00000:00000:00000:00000:00000:00017:00011" artCategory="Ministério da Saúde/Secretaria Executiva/Subsecretaria de Assuntos Administrativos/Superintendência Estadual do Ministério da Saúde em São Paulo/Serviço de Gestão de Pessoas" artSize="12" artNotes="" numberPage="84" pdfPage="http://pesquisa.in.gov.br/imprensa/jsp/visualiza/index.jsp?data=01/09/2025&amp;jornal=529&amp;pagina=84" editionNumber="165" highlightType="" highlightPriority="" highlight="" highlightimage="" highlightimagename="" idMateria="23044753">
  <body>
    <Identifica><![CDATA[ PORTARIA SEGEP/SP Nº 119, de 25 de agosto de 2025]]></Identifica>
    <Data><![CDATA[]]></Data>
    <Ementa />
    <Titulo />
    <SubTitulo />
    <Texto><![CDATA[<p class="identifica">PORTARIA SEGEP/SP Nº 119, de 25 de agosto de 2025</p><p>A CHEFE DO SERVIÇO DE GESTÃO DE PESSOAS DA SUPERINTENDÊNCIA ESTADUAL DO MINISTÉRIO DA SAÚDE EM SÃO PAULO, de acordo com o Decreto nº 11.798, de 28 de novembro de 2023, alterado pelo Decreto nº 12.036, de 28 de maio de 2024 e conforme Apostilamento publicado no Boletim de Serviço Eletrônico nº 140, de 11 de dezembro de 2023 - Edição Extraordinária, combinado com o Apostilamento publicado no Boletim de Serviço Eletrônico nº 69, de 19 de junho de 2024 - Edição Extraordinária , e tendo em vista que consta do processo nº 25004.001321/2025-89 resolve:</p><p>Art. 1º Conceder aposentadoria voluntária à servidora MARIA HELENA SIMÕES COELHO, matrícula SIAPE 0602543, ocupante do cargo de Técnico de Laboratório, Nível Intermediário, Classe S, Padrão V, do Quadro de Pessoal deste Ministério, com fundamento no Artigo 4º § 6º, inciso II, da Emenda Constitucional nº 103/2019.</p><p>Art. 2º Os proventos serão calculados pela média aritmética, conforme artigo 26, § 2º, inciso I, da referida Emenda.</p><p>Art. 3º Declarar vago o cargo referido no art. 1º.</p><p>Art. 4º Esta portaria entra em vigor na data de sua publicação.</p><p class="assina">SILVIA MARIA DA SILVA MOURA</p>]]></Texto>
  </body>
  <Midias />
</article></xml>