﻿<xml><article id="45201418" name="PORTARIA NA 33" idOficio="11254104" pubName="DO2" artType="Portaria" pubDate="01/09/2025" artClass="00032:00035:00000:00000:00000:00000:00000:00000:00000:00000:00017:00033" artCategory="Ministério da Integração e do Desenvolvimento Regional/Superintendência do Desenvolvimento da Amazônia" artSize="12" artNotes="" numberPage="62" pdfPage="http://pesquisa.in.gov.br/imprensa/jsp/visualiza/index.jsp?data=01/09/2025&amp;jornal=529&amp;pagina=62" editionNumber="165" highlightType="" highlightPriority="" highlight="" highlightimage="" highlightimagename="" idMateria="23055213">
  <body>
    <Identifica><![CDATA[ PORTARIA Nº 33, DE 28 DE AGOSTO DE 2025]]></Identifica>
    <Data><![CDATA[]]></Data>
    <Ementa />
    <Titulo />
    <SubTitulo />
    <Texto><![CDATA[<p class="identifica">PORTARIA Nº 33, DE 28 DE AGOSTO DE 2025</p><p>O SUPERINTENDENTE DA SUPERINTENDÊNCIA DO DESENVOLVIMENTO DA AMAZÔNIA - SUDAM, no uso das atribuições previstas na Lei Complementar nº 124, de 03 de janeiro de 2007, e no art. 2º da Portaria/MIDR nº 1.184, de 15 de abril de 2024, publicada no DOU de 16 de abril de 2024, e tendo em vista o contido nos autos do processo administrativo nº 59004.000537/2024-68, resolve:</p><p>Art. 1º AUTORIZAR o afastamento do País da servidora Jorgiene dos Santos Oliveira, Diretora de Planejamento e Articulação de Políticas, para participar da 4ª Reunião Anual da Rede de Desenvolvimento de Capacidades de Avaliação - ReDeCA, a ser realizada no período de 09 a 14 de setembro de 2025, na cidade de Quito, no Equador, sem ônus para esta Superintendência.</p><p>Art. 2º Esta Portaria entra em vigor na data de sua publicação.</p><p class="assina">Paulo Roberto Galvão da Rocha</p>]]></Texto>
  </body>
  <Midias />
</article></xml>