﻿<xml><article id="45199718" name="portaria mps NA 1.718" idOficio="11253599" pubName="DO2" artType="Portaria" pubDate="01/09/2025" artClass="00044:00001:00000:00000:00000:00000:00000:00000:00000:00000:00017:00012" artCategory="Ministério da Previdência Social/Gabinete do Ministro" artSize="12" artNotes="" numberPage="73" pdfPage="http://pesquisa.in.gov.br/imprensa/jsp/visualiza/index.jsp?data=01/09/2025&amp;jornal=529&amp;pagina=73" editionNumber="165" highlightType="" highlightPriority="" highlight="" highlightimage="" highlightimagename="" idMateria="23054386">
  <body>
    <Identifica><![CDATA[ PORTARIA MPS Nº 1.718, DE 28 DE AGOSTO DE 2025]]></Identifica>
    <Data><![CDATA[]]></Data>
    <Ementa />
    <Titulo />
    <SubTitulo />
    <Texto><![CDATA[<p class="identifica">PORTARIA MPS Nº 1.718, DE 28 DE AGOSTO DE 2025</p><p>A CHEFE DE GABINETE DO MINISTÉRIO DA PREVIDÊNCIA SOCIAL - MPS, no uso das atribuições que lhe confere o Decreto nº 11.356, de 1º de janeiro de 2023, e considerando a subdelegação de competência de que trata o art. 7º da Portaria MPS nº 1.109, de 06 de maio de 2025, bem como o contido no Processo nº 10128.102064/2023-66, resolve:</p><p>Dispensar, a pedido, REGINA KARLA BORGES, matrícula SIAPE nº 1.095.058, da Função Comissionada Executiva de Chefe da Divisão de Finanças, código FCE 1.07, da Coordenação de Orçamento, Finanças e Contabilidade, da Coordenação-Geral de Gestão e Administração, da Secretaria Executiva, deste Ministério.</p><p class="assina">LOUISE CAROLINE SANTOS DE LIMA E SILVA</p>]]></Texto>
  </body>
  <Midias />
</article></xml>