﻿<xml><article id="45199562" name="PORTARIA N 2.492_23054391" idOficio="11253559" pubName="DO2" artType="Portaria" pubDate="01/09/2025" artClass="00053:00001:00000:00000:00000:00000:00000:00000:00000:00000:00017:00000" artCategory="Controladoria-Geral da União/Gabinete do Ministro" artSize="12" artNotes="" numberPage="91" pdfPage="http://pesquisa.in.gov.br/imprensa/jsp/visualiza/index.jsp?data=01/09/2025&amp;jornal=529&amp;pagina=91" editionNumber="165" highlightType="" highlightPriority="" highlight="" highlightimage="" highlightimagename="" idMateria="23054391">
  <body>
    <Identifica><![CDATA[ PORTARIA Nº 2.492, DE 20 DE AGOSTO DE 2025]]></Identifica>
    <Data><![CDATA[]]></Data>
    <Ementa />
    <Titulo />
    <SubTitulo />
    <Texto><![CDATA[<p class="identifica">PORTARIA Nº 2.492, DE 20 DE AGOSTO DE 2025</p><p>O MINISTRO DE ESTADO DA CONTROLADORIA-GERAL DA UNIÃO, no uso da competência que lhe foi subdelegada pela Portaria n.º 455, de 22 de setembro de 2020, e conforme o disposto no Decreto n.º 11.330, de 1.º de Janeiro de 2023, e alterações, e o que consta no Processo n.º 00190.107632/2025-70, resolve:</p><p>DISPENSAR</p><p>TICIANA LINHARES COELHO DA SILVA, da Função Comissionada Executiva de Coordenadora-Geral, código FCE 1.13, da Coordenação-Geral de Inteligência de Dados da Diretoria de Pesquisas e Informações Estratégicas da Secretaria-Executiva da Controladoria-Geral da União.</p><p class="assina">VINICIUS MARQUES DE CARVALHO</p>]]></Texto>
  </body>
  <Midias />
</article></xml>