﻿<xml><article id="45200438" name="PT DCOMB RPPU N 663 MAYANNE CONS" idOficio="11253868" pubName="DO2" artType="Portaria" pubDate="01/09/2025" artClass="00044:00018:00081:00275:00002:00005:00000:00000:00000:00000:00017:00002" artCategory="Ministério da Previdência Social/Instituto Nacional do Seguro Social/Diretoria de Gestão de Pessoas/Coordenação-Geral de Centralização do Regime Próprio de Previdência Social da União/Coordenação de Atendimento do RPPU/Divisão de Concessão e Manutenção de Benefícios do RPPU" artSize="12" artNotes="" numberPage="74" pdfPage="http://pesquisa.in.gov.br/imprensa/jsp/visualiza/index.jsp?data=01/09/2025&amp;jornal=529&amp;pagina=74" editionNumber="165" highlightType="" highlightPriority="" highlight="" highlightimage="" highlightimagename="" idMateria="23054897">
  <body>
    <Identifica><![CDATA[ Portaria DCOMB-RPPU/INSS Nº 663, DE 14 DE agosto DE 2025]]></Identifica>
    <Data><![CDATA[]]></Data>
    <Ementa />
    <Titulo />
    <SubTitulo />
    <Texto><![CDATA[<p class="identifica">Portaria DCOMB-RPPU/INSS Nº 663, DE 14 DE agosto DE 2025</p><p>A CHEFE DA DIVISÃO DE CONCESSÃO E MANUTENÇÃO DE BENEFÍCIOS DO RPPU, da Coordenação de Atendimento do RPPU, vinculada à Coordenação-Geral de Centralização do RPPU, da Diretoria de Gestão de Pessoas do INSS, no uso das atribuições e a delegação de competência estabelecida pela PORTARIA DGP/INSS nº 05 de 18/04/2022, publicada no BSE de 19/04/2022, na PORTARIA MPS nº 3085 de 24/09/2024, publicada no DOU nº 189, de 30/09/2024, e Portaria/DGP/INSS nº 77, de 24/07/2025, publicada no BSE em 28/07/2025, conforme o constante no processo SEI nº 35014.268016/2025-18 e Tarefa PAT nº 2027644396, e na forma da legislação vigente, resolve:</p><p>Art. 1º Conceder pensão a MAYANNE CONSERVA JOVITO MENDES , na qualidade de cônjuge do ex-servidor JOÃO DAMASCENO MENDES NETO, matrícula SIAPE nº 1635262, ocupante do cargo de TÉCNICO DO SEGURO SOCIAL, Classe S, Padrão V, do quadro de pessoal permanente do Instituto Nacional do Seguro Social , falecido em atividade em 12/06/2025, com fundamento no inciso I, do art. 3º da Portaria SGP/SEDGG/ME nº 4645, de 24 de maio de 2022, c/c o art. 217, da Lei nº 8.112, de 11 de dezembro de 1990 e art. 23 da Emenda Constitucional nº 103, de 12 de novembro de 2019.</p><p>Art. 2º Os efeitos desta Portaria entram em vigor a partir de 12/06/2025 (data do óbito).</p><p class="assina">MIRIAN NATSUMI ETO</p>]]></Texto>
  </body>
  <Midias />
</article></xml>