﻿<xml><article id="45196404" name="PORTARIA N 2.544_23053486" idOficio="11252877" pubName="DO2" artType="Portaria" pubDate="01/09/2025" artClass="00032:00001:00000:00000:00000:00000:00000:00000:00000:00000:00017:00001" artCategory="Ministério da Integração e do Desenvolvimento Regional/Gabinete do Ministro/Diretoria de Administração" artSize="12" artNotes="" numberPage="61" pdfPage="http://pesquisa.in.gov.br/imprensa/jsp/visualiza/index.jsp?data=01/09/2025&amp;jornal=529&amp;pagina=61" editionNumber="165" highlightType="" highlightPriority="" highlight="" highlightimage="" highlightimagename="" idMateria="23053486">
  <body>
    <Identifica><![CDATA[ PORTARIA MIDR Nº 2.544, DE 26 DE AGOSTO DE 2025]]></Identifica>
    <Data><![CDATA[]]></Data>
    <Ementa />
    <Titulo />
    <SubTitulo />
    <Texto><![CDATA[<p class="identifica">PORTARIA MIDR Nº 2.544, DE 26 DE AGOSTO DE 2025</p><p>O DIRETOR DE ADMINISTRAÇÃO DA SECRETARIA EXECUTIVA DO MINISTÉRIO DA INTEGRAÇÃO E DO DESENVOLVIMENTO REGIONAL, no uso da competência que lhe foi subdelegada pelo inciso IV do art. 9º da Portaria MIDR nº 2.714, de 18 de agosto de 2023, e demais informações constantes no Processo nº 59000.010133/2025-01, resolve:</p><p>Art. 1º Conceder aposentadoria voluntária à servidora MARLENE GUEDES DA SILVA MORAIS, matrícula SIAPE nº 0746926, ocupante do cargo efetivo de professor de 1º Grau, Classe S, Padrão I, do Quadro de Pessoal Permanente deste Ministério, com fundamento no art. 10, § 1º, inciso I, da Emenda Constitucional nº 103, de 12 de novembro de 2019, com proventos calculados com base no caput e § 2º, inciso II, do art. 26 da Emenda Constitucional nº 103.</p><p>Art. 2º Esta Portaria entra em vigor na data de sua publicação.</p><p class="assina">ALEXANDRE WESSNER KAPPER</p>]]></Texto>
  </body>
  <Midias />
</article></xml>