﻿<xml><article id="45196770" name="DOU02_ATO_SEGEP_PR_109_2025" idOficio="11224798" pubName="DO2" artType="Ato" pubDate="01/09/2025" artClass="00070:00061:00001:00000:00000:00000:00000:00000:00000:00000:00001:00000" artCategory="Poder Judiciário/Tribunal Regional do Trabalho da 20ª Região/Presidência" artSize="12" artNotes="" numberPage="117" pdfPage="http://pesquisa.in.gov.br/imprensa/jsp/visualiza/index.jsp?data=01/09/2025&amp;jornal=529&amp;pagina=117" editionNumber="165" highlightType="" highlightPriority="" highlight="" highlightimage="" highlightimagename="" idMateria="23006619">
  <body>
    <Identifica><![CDATA[ ATO SEGEP.PR Nº 109, DE 15 DE AGOSTO DE 2025]]></Identifica>
    <Data><![CDATA[]]></Data>
    <Ementa />
    <Titulo />
    <SubTitulo />
    <Texto><![CDATA[<p class="identifica">ATO SEGEP.PR Nº 109, DE 15 DE AGOSTO DE 2025</p><p>O DESEMBARGADOR PRESIDENTE DO TRIBUNAL REGIONAL DO TRABALHO DA 20ª REGIÃO, no uso de suas atribuições legais e regimentais, considerando o contido no PROAD Nº 1644/2025, resolve:</p><p>1. Redistribuir, com efeitos a contar de 1/9/2025, nos termos do art. 37 da Lei nº 8.112/90 e da Resolução CNJ nº 146/2012, o cargo de provimento efetivo de Analista Judiciário - Área Judiciária do Quadro Permanente de Pessoal da Secretaria deste Tribunal, ocupado pela servidora ADRIANA MARIA SANTANA DE SOUZA E SÁ, para o Quadro Permanente de Pessoal do Tribunal Regional do Trabalho da 5ª Região, tendo por reciprocidade a redistribuição simultânea do cargo de mesma denominação ocupado pelo servidor ROKMAR FIGUEIREDO DA SILVA, daquele Tribunal;</p><p>2. Fazer cessar, em consequência, a remoção da servidora ADRIANA MARIA SANTANA DE SOUZA E SÁ, para o Tribunal Regional do Trabalho da 5ª Região, de que trata o ATO DG.PR Nº 196/2015, de 2/12/2015, publicado no Diário Oficial da União nº 233, Seção 2, pág. 72, de 7/12/2015.</p><p class="assina">JOSENILDO DOS SANTOS CARVALHO</p>]]></Texto>
  </body>
  <Midias />
</article></xml>