﻿<xml><article id="45200441" name="DESPACHO DO REITOR - 29.08.2025 " idOficio="11253892" pubName="DO2" artType="Despacho" pubDate="01/09/2025" artClass="00025:00118:00000:00000:00000:00000:00000:00000:00000:00000:00013:00005" artCategory="Ministério da Educação/Universidade Federal de Pernambuco" artSize="12" artNotes="" numberPage="40" pdfPage="http://pesquisa.in.gov.br/imprensa/jsp/visualiza/index.jsp?data=01/09/2025&amp;jornal=529&amp;pagina=40" editionNumber="165" highlightType="" highlightPriority="" highlight="" highlightimage="" highlightimagename="" idMateria="23054932">
  <body>
    <Identifica><![CDATA[ DESPACHO de  28 de agosto de 2025]]></Identifica>
    <Data><![CDATA[]]></Data>
    <Ementa />
    <Titulo />
    <SubTitulo />
    <Texto><![CDATA[<p class="identifica">DESPACHO de 28 de agosto de 2025</p><p>O REITOR DA UNIVERSIDADE FEDERAL DE PERNAMBUCO, no uso da competência que lhe foi subdelegada pela Portaria nº 404-MEC, de 23 de abril de 2009, autoriza o afastamento do país do seguinte servidor:</p><p>TIAGO SIQUEIRA DE MIRANDA, SIAPE nº 1032097, lotado(a) no(a) Departamento de Geologia, no período de 08/09/2025 a 07/12/2025, trânsito incluído, para LICENCA CAPACITACAO, no(a) University of Leeds, em --/Reino Unido, ônus Limitado. (Processo nº 23076.046743/2025-58)</p><p class="assina">ALFREDO MACEDO GOMES</p><p class="identifica">DESPACHO De 19 de agosto de 2025</p><p>O REITOR DA UNIVERSIDADE FEDERAL DE PERNAMBUCO, no uso da competência que lhe foi subdelegada pela Portaria nº 404-MEC, de 23 de abril de 2009, autoriza o afastamento do país do seguinte servidor:</p><p>RALF SCHWAMBORN, SIAPE nº 2309616, lotado(a) no(a) Departamento de Oceanografia, no período de 14/09/2025 a 27/09/2025, trânsito incluído, para afastar para visita científica, no(a) Projeto AtlantEco, e Instituto ZMT Bremen, em Ponta Delgada/Portugal, ônus Limitado. (Processo nº 23076.067643/2025-07)</p><p class="assina">ALFREDO MACEDO GOMES</p>]]></Texto>
  </body>
  <Midias />
</article></xml>