﻿<xml><article id="45197478" name="PT 960 de 28.08.2025" idOficio="11253323" pubName="DO2" artType="Portaria" pubDate="01/09/2025" artClass="00047:00002:00021:00040:00014:00000:00000:00000:00000:00000:00017:00960" artCategory="Ministério da Saúde/Secretaria Executiva/Subsecretaria de Assuntos Administrativos/Superintendência Estadual do Ministério da Saúde no Rio de Janeiro/Serviço de Gestão de Pessoas" artSize="12" artNotes="" numberPage="87" pdfPage="http://pesquisa.in.gov.br/imprensa/jsp/visualiza/index.jsp?data=01/09/2025&amp;jornal=529&amp;pagina=87" editionNumber="165" highlightType="" highlightPriority="" highlight="" highlightimage="" highlightimagename="" idMateria="23054100">
  <body>
    <Identifica><![CDATA[ PORTARIA SEGEP/RJ Nº 960, DE 28 DE AGOSTO DE 2025]]></Identifica>
    <Data><![CDATA[]]></Data>
    <Ementa />
    <Titulo />
    <SubTitulo />
    <Texto><![CDATA[<p class="identifica">PORTARIA SEGEP/RJ Nº 960, DE 28 DE AGOSTO DE 2025</p><p>A Chefe do Serviço de Gestão de Pessoas da Superintendência Estadual do Ministério da Saúde no Rio de Janeiro, da Subsecretaria de Assuntos Administrativos, da Secretaria Executiva do Ministério da Saúde, no uso de suas atribuições legais que lhe foram atribuídas pela Portaria de Pessoal SE/MS nº 94, de 01 de fevereiro de 2024, publicada no D.O.U. Nº 25, de 5 de fevereiro de 2024, Seção 2, página 68, e tendo em vista o que consta no processo nº 25001.007727/2025-03, resolve:</p><p>Conceder Pensão à Cônjuge ANA PAULA DA SILVA, com fundamento nos artigos 217, inciso I e 222, inciso VII, alínea b, item 6, da Lei nº 8.112/90, na redação dada pela Lei n° 13.135 de 17.06.2015, c/c a Portaria SGP/SEDGG/ME N. 4645, DE 24.05.2022, em face do falecimento ocorrido em 23/06/2025, do ex-servidor PAULO ROBERTO IZIDIO DA SILVA, Matrícula Siape nº 1.427.981 - Agente de Combate às Endemias, Classe S, Padrão V - Servidor Ativo do Quadro de Pessoal deste Ministério, sendo a pensão calculada nos termos do artigo 23 da Emenda Constitucional nº 103, de 13/11/2019, cabendo à beneficiária a cota-parte de 1/1, a contar da data do óbito do ex-servidor.</p><p class="assina">LUCILENA RODRIGUES GIESTEIRA</p>]]></Texto>
  </body>
  <Midias />
</article></xml>