﻿<xml><article id="45197226" name="Portaria 55 Aposentadoria Ademir" idOficio="11248061" pubName="DO2" artType="Portaria" pubDate="01/09/2025" artClass="00008:00002:00026:00000:00000:00000:00000:00000:00000:00000:00017:00000" artCategory="Ministério da Agricultura e Pecuária/Secretaria Executiva/Superintendência de Agricultura e Pecuária do Estado do Mato Grosso do Sul" artSize="12" artNotes="" numberPage="5" pdfPage="http://pesquisa.in.gov.br/imprensa/jsp/visualiza/index.jsp?data=01/09/2025&amp;jornal=529&amp;pagina=5" editionNumber="165" highlightType="" highlightPriority="" highlight="" highlightimage="" highlightimagename="" idMateria="23045366">
  <body>
    <Identifica><![CDATA[ PORTARIA Nº 55, DE 21 DE AGOSTO DE 2025]]></Identifica>
    <Data><![CDATA[]]></Data>
    <Ementa />
    <Titulo />
    <SubTitulo />
    <Texto><![CDATA[<p class="identifica">PORTARIA Nº 55, DE 21 DE AGOSTO DE 2025</p><p>O Superintendente Federal de Agricultura e Pecuária no Estado de Mato Grosso do Sul, usando da competência delegada através da Portaria Ministerial nº 1.444, publicada no D.O.U. de 29 de maio de 2023, em conformidade com a Portaria nº 22 da Secretaria Executiva (SE/MAPA), de 25/04/2023, publicada no D.O.U. de 26/04/2023 e no que consta no presente processo, resolve:</p><p>Art. 1° Conceder aposentadoria voluntária com proventos integrais ao servidor ADEMIR JOSE VEIGA MOTA, ocupante do cargo de AGENTE DE ATIVIDADES AGROPECUARIAS, matrícula SIAPE nº 0702260, Nível "NI", Classe "S", padrão V, do Quadro de Pessoal deste Ministério, com fundamento o Art. 3º da EMENDA CONSTITUCIONAL Nº 47/2005, combinado com o Art. 3º da EMENDA CONSTITUCIONAL Nº 103/2019. (processo 21026.003297/2025-11).</p><p>Art. 2° Esta portaria entra em vigor na data de sua publicação.</p><p class="assina">JOSÉ ANTÔNIO ROLDÃO</p>]]></Texto>
  </body>
  <Midias />
</article></xml>