﻿<xml><article id="45197463" name="Portarias 370 e 371_2025" idOficio="11252988" pubName="DO2" artType="Portaria" pubDate="01/09/2025" artClass="00025:00074:00005:00000:00000:00000:00000:00000:00000:00000:00017:00000" artCategory="Ministério da Educação/Instituto Federal de Educação, Ciência e Tecnologia da Paraíba/Campus João Pessoa" artSize="12" artNotes="" numberPage="24" pdfPage="http://pesquisa.in.gov.br/imprensa/jsp/visualiza/index.jsp?data=01/09/2025&amp;jornal=529&amp;pagina=24" editionNumber="165" highlightType="" highlightPriority="" highlight="" highlightimage="" highlightimagename="" idMateria="23053649">
  <body>
    <Identifica><![CDATA[ Portarias de 28 de agosto de 2025]]></Identifica>
    <Data><![CDATA[]]></Data>
    <Ementa />
    <Titulo />
    <SubTitulo />
    <Texto><![CDATA[<p class="identifica">Portarias de 28 de agosto de 2025</p><p>O Diretor-Geral do campus João Pessoa do Instituto Federal de Educação, Ciência e Tecnologia da Paraíba, nomeado pela Portaria 2072/2022 - REITORIA/IFPB, de 24/10/2022, publicada no D.O.U. de 25/10/2022, no uso de suas atribuições legais que lhe confere a Portaria 2628/2019-REITORIA/IFPB, de 28/11/2019, publicada no D.O.U. de 11/12/2019, tendo em vista o que consta do Processo Eletrônico nº 23326.008226.2025-48, resolve:</p><p>Nº 370- I - Dispensar, a pedido, o servidor CARLOS WENDELL PEDROSA DOS SANTOS, Matrícula nº 2126955, ocupante do cargo de Assistente Social, do Quadro Permanente de Pessoal deste Instituto, da função de Coordenador de Assistência ao Estudante, campus João Pessoa, Código FG-1.</p><p>Nº 371- I - Designar a servidora REGINA ALICE RODRIGUES ARAUJO COSTA, Matrícula nº 2129815, ocupante do cargo de Assistente de Aluno, do Quadro Permanente de Pessoal deste Instituto, para desempenhar a função de Coordenadora de Assistência ao Estudante, campus João Pessoa, Código FG-1.</p><p>II - Estas portarias entram em vigor na data de sua publicação.</p><p class="assina">RICARDO JOSÉ FERREIRA</p>]]></Texto>
  </body>
  <Midias />
</article></xml>