﻿<xml><article id="45196371" name="Portarias SEGEP 22 e 23" idOficio="11251632" pubName="DO2" artType="Portaria" pubDate="01/09/2025" artClass="00047:00002:00021:00042:00007:00000:00000:00000:00000:00000:00017:00000" artCategory="Ministério da Saúde/Secretaria Executiva/Subsecretaria de Assuntos Administrativos/Superintendência Estadual do Ministério da Saúde no Rio Grande do Sul/Serviço de Gestão de Pessoas" artSize="12" artNotes="" numberPage="87" pdfPage="http://pesquisa.in.gov.br/imprensa/jsp/visualiza/index.jsp?data=01/09/2025&amp;jornal=529&amp;pagina=87" editionNumber="165" highlightType="" highlightPriority="" highlight="" highlightimage="" highlightimagename="" idMateria="23050922">
  <body>
    <Identifica><![CDATA[ PortariaS SEGEP/RS DE 28 DE agosto DE 2025]]></Identifica>
    <Data><![CDATA[]]></Data>
    <Ementa />
    <Titulo />
    <SubTitulo />
    <Texto><![CDATA[<p class="identifica">PortariaS SEGEP/RS DE 28 DE agosto DE 2025</p><p>A Chefe do Serviço de Gestão de Pessoas da Superintendência Estadual do Ministério da Saúde no Estado do Rio Grande do Sul, de acordo Apostilamento publicado no Boletim de Serviço Eletrônico n.º 9 de 24 de janeiro de 2023 - Edição Extraordinária - resolve:</p><p>Nº 22 - Conceder aposentadoria ao servidor ANTÔNIO IVAMBERTO RODRIGUES MARQUES, matrícula 481010, ocupante do cargo de Agente de Saúde Pública, Classe S, Padrão V, Nível NI, do quadro permanente deste Ministério, com fundamento na EC103 3º EC47 3º, com proventos calculados com base na última remuneração + gratificação de desempenho. (Processo nº 25000.141995/2025-55).</p><p>Nº 23 - Conceder aposentadoria ao servidor CARLOS ADOLFO GONCALVES GARCIA, matrícula 552220, ocupante do cargo de Médico, Classe S, Padrão III, Nível NS, do quadro permanente deste Ministério, com fundamento na Art. 4º §6º II da EC 103 de 2019, com proventos calculados com base na EC 103/2019, ART. 26, §2º, Inciso I - média aritmética. (Processo nº 25025.001541/2025-64).</p><p class="assina">LUIZA DA SILVA COSTA</p>]]></Texto>
  </body>
  <Midias />
</article></xml>