﻿<xml><article id="45196083" name="Portaria-1875-2025" idOficio="11250298" pubName="DO2" artType="Portaria" pubDate="01/09/2025" artClass="00070:00045:00001:00000:00000:00000:00000:00000:00000:00000:00017:00000" artCategory="Poder Judiciário/Tribunal Regional do Trabalho da 4ª Região/Presidência" artSize="12" artNotes="" numberPage="113" pdfPage="http://pesquisa.in.gov.br/imprensa/jsp/visualiza/index.jsp?data=01/09/2025&amp;jornal=529&amp;pagina=113" editionNumber="165" highlightType="" highlightPriority="" highlight="" highlightimage="" highlightimagename="" idMateria="23049195">
  <body>
    <Identifica><![CDATA[ PORTARIA Nº 1.875, DE 26 DE AGOSTO DE 2025]]></Identifica>
    <Data><![CDATA[]]></Data>
    <Ementa />
    <Titulo />
    <SubTitulo />
    <Texto><![CDATA[<p class="identifica">PORTARIA Nº 1.875, DE 26 DE AGOSTO DE 2025</p><p>O PRESIDENTE DO TRIBUNAL REGIONAL DO TRABALHO DA 4ª REGIÃO, no uso de suas atribuições legais e regimentais, resolve:</p><p>1. CONCEDER APOSENTADORIA a ANTONIO CARLOS LANTMANN (24724), no cargo de Técnico Judiciário, da Área Administrativa, Classe "C", Padrão 13, do Quadro de Pessoal do Tribunal Regional do Trabalho da 4ª Região, no efetivo exercício do cargo em comissão de Chefe de Divisão, CJ-1, na Divisão de Controle da Direção do Foro de Gravataí, considerando o que consta no PROAD nº 5320/2025, e de acordo com o artigo 20, incisos I, II, III e IV, da Emenda Constitucional nº 103/2019.</p><p>2. DECLARAR VAGOS, em decorrência, o cargo de Técnico Judiciário, da Área Administrativa, Classe "C", Padrão 13, e o cargo em comissão de Chefe de Divisão, CJ-1, revertendo a vaga do primeiro à Classe "A", Padrão 01.</p><p class="assina">RICARDO HOFMEISTER DE ALMEIDA MARTINS COSTA</p>]]></Texto>
  </body>
  <Midias />
</article></xml>