﻿<xml><article id="45199991" name="PORTARIA N 143 SINC 23054467" idOficio="11253676" pubName="DO2" artType="Portaria" pubDate="01/09/2025" artClass="00034:00064:00000:00000:00000:00000:00000:00000:00000:00000:00017:00000" artCategory="Ministério do Meio Ambiente e Mudança do Clima/Instituto de Pesquisas Jardim Botânico do Rio de Janeiro" artSize="12" artNotes="" numberPage="67" pdfPage="http://pesquisa.in.gov.br/imprensa/jsp/visualiza/index.jsp?data=01/09/2025&amp;jornal=529&amp;pagina=67" editionNumber="165" highlightType="" highlightPriority="" highlight="" highlightimage="" highlightimagename="" idMateria="23054467">
  <body>
    <Identifica><![CDATA[ PORTARIA PESSOAL N° 143, DE 28 DE AGOSTO DE 25]]></Identifica>
    <Data><![CDATA[]]></Data>
    <Ementa />
    <Titulo />
    <SubTitulo />
    <Texto><![CDATA[<p class="identifica">PORTARIA PESSOAL N° 143, DE 28 DE AGOSTO DE 25</p><p>O PRESIDENTE DO INSTITUTO DE PESQUISAS JARDIM BOTÂNICO DO RIO DE JANEIRO, nomeado pela Portaria da Casa Civil nº 2.763, de 03 de agosto de 2023, publicada no DOU de 04 de agosto de 2023, no uso das atribuições que lhe conferem a Lei nº 10.316, de 06 de dezembro de 2001, publicada no DOU de 07 de dezembro de 2001, no Decreto nº 12.137, de 12 de agosto de 2024, publicado no DOU de 13 de agosto de 2024, a Portaria JBRJ nº 04, de 30 de janeiro de 2025, publicada no Diário Oficial da União de 31 de janeiro de 2025 e considerando o constante nos autos do Processo SEI nº 02011.001044/2025-10, resolve:</p><p>Art. 1º Exonerar GABRIELLA DI FELÍCIO FERREIRA DA SILVA, matrícula SIAPE nº 1662716, do cargo de Chefe de Seção de Qualidade de Vida, código CCE 1.04, da Coordenação de Desenvolvimento e Gestão de Pessoas da Diretoria de Gestão do Instituto de Pesquisas Jardim Botânico do Rio de Janeiro.</p><p>Art. 2º Nomear CRISTINA MIRANDA AZEVEDO, matrícula SIAPE nº 1789490, para exercer o cargo de Chefe de Seção de Qualidade de Vida, código CCE 1.04, da Coordenação de Desenvolvimento e Gestão de Pessoas da Diretoria de Gestão do Instituto de Pesquisas Jardim Botânico do Rio de Janeiro.</p><p>Art. 3º Dispensar RICARDO MARTINS FRANKLIN, matrícula SIAPE nº 0686289, do cargo de Coordenador de Orçamento, Planejamento e Finanças, código FCE 1.10, da Diretoria de Gestão do Instituto de Pesquisas Jardim Botânico do Rio de Janeiro.</p><p>Art. 4º Designar RICARDO MARTINS FRANKLIN, matrícula SIAPE nº 0686289, para o cargo de Chefe do Serviço de Contabilidade e Finanças, código FCE 1.05, da Coordenação de Orçamento, Planejamento e Finanças da Diretoria de Gestão do Instituto de Pesquisas Jardim Botânico do Rio de Janeiro.</p><p>Art. 5º Exonerar DAVID RICARDO MOREIRA RAMOS, matrícula SIAPE nº 1358828, do cargo de Assistente Técnico, código CCE 2.05, do Gabinete da Presidência do Instituto de Pesquisas Jardim Botânico do Rio de Janeiro.</p><p>Art. 6º Designar o servidor DAVID RICARDO MOREIRA RAMOS, matrícula SIAPE nº 1358828, para o cargo de Coordenador de Orçamento, Planejamento e Finanças, código FCE 1.10, da Diretoria de Gestão do Instituto de Pesquisas Jardim Botânico do Rio de Janeiro.</p><p>Art. 7º Nomear GABRIELLA DI FELÍCIO FERREIRA DA SILVA, matrícula SIAPE nº 1662716, para o cargo de Assistente Técnico, código CCE 2.05, do Gabinete da Presidência do Instituto de Pesquisas Jardim Botânico do Rio de Janeiro.</p><p>Art. 8º Esta Portaria de Pessoal entra em vigor na data de sua publicação.</p><p class="assina">SERGIO BESSERMAN VIANNA</p>]]></Texto>
  </body>
  <Midias />
</article></xml>