﻿<xml><article id="45196626" name="ATO GP 453_2025_Processo 6011120" idOficio="11202844" pubName="DO2" artType="Ato" pubDate="01/09/2025" artClass="00070:00005:00001:00000:00000:00000:00000:00000:00000:00000:00001:00002" artCategory="Poder Judiciário/Tribunal Superior do Trabalho/Presidência" artSize="12" artNotes="" numberPage="105" pdfPage="http://pesquisa.in.gov.br/imprensa/jsp/visualiza/index.jsp?data=01/09/2025&amp;jornal=529&amp;pagina=105" editionNumber="165" highlightType="" highlightPriority="" highlight="" highlightimage="" highlightimagename="" idMateria="22968549">
  <body>
    <Identifica><![CDATA[ ATO Nº 453, DE 5 DE AGOSTO DE 2025]]></Identifica>
    <Data><![CDATA[]]></Data>
    <Ementa />
    <Titulo />
    <SubTitulo />
    <Texto><![CDATA[<p class="identifica">ATO Nº 453, DE 5 DE AGOSTO DE 2025</p><p>O PRESIDENTE DO TRIBUNAL SUPERIOR DO TRABALHO, no uso de suas atribuições legais e regimentais, e tendo em vista o constante dos autos do Processo Administrativo TST nº 6011120/2025-00, resolve:</p><p>Redistribuir, a contar de 1º/9/2025, um cargo vago da Carreira Judiciária de Técnico Judiciário, Área Administrativa, do Quadro de Pessoal da Secretaria deste Tribunal, para o Quadro de Pessoal do Tribunal Regional do Trabalho da 8ª Região, em reciprocidade com o cargo idêntico ocupado pelo servidor CLEVTON DE SOUZA ALVES, do Quadro de Pessoal daquele Tribunal, de acordo com o disposto na Resolução nº 146 do Conselho Nacional de Justiça, de 6/3/2012.</p><p class="assina">Min. ALOYSIO SILVA CORRÊA DA VEIGA</p>]]></Texto>
  </body>
  <Midias />
</article></xml>