﻿<xml><article id="45197163" name="Portaria DOU Reitor.2025__CHD8HK" idOficio="11248839" pubName="DO2" artType="Portaria" pubDate="01/09/2025" artClass="00025:00129:00000:00000:00000:00000:00000:00000:00000:00000:00017:00001" artCategory="Ministério da Educação/Universidade Federal de Santa Maria" artSize="12" artNotes="" numberPage="44" pdfPage="http://pesquisa.in.gov.br/imprensa/jsp/visualiza/index.jsp?data=01/09/2025&amp;jornal=529&amp;pagina=44" editionNumber="165" highlightType="" highlightPriority="" highlight="" highlightimage="" highlightimagename="" idMateria="23046689">
  <body>
    <Identifica><![CDATA[ PORTARIAS DE PESSOAL UFSM DE 25 DE AGOSTO DE 2025]]></Identifica>
    <Data><![CDATA[]]></Data>
    <Ementa />
    <Titulo />
    <SubTitulo />
    <Texto><![CDATA[<p class="identifica">PORTARIAS DE PESSOAL UFSM DE 25 DE AGOSTO DE 2025</p><p>A VICE-REITORA DA UNIVERSIDADE FEDERAL DE SANTA MARIA, no uso de suas atribuições legais e estatutárias, em virtude da delegação de competência atribuída pela Portaria de Pessoal UFSM N. 2.190, de 29 de dezembro de 2021 e sua(s) apostila(s), resolve:</p><p>Nº 1.844- EXONERAR Jñana Gadea de Mello, Matrícula SIAPE 1967004, ocupante do cargo de Assistente em Administração, do Quadro Único de Pessoal da UFSM, do Cargo de Direção de Assessora de Gabinete do Reitor, Código CD4.06, para o qual foi nomeada pela Portaria de pessoal UFSM N. 262/UFSM, de 06/02/2025. (Processo n. 114593/2025-08)</p><p>II - Esta Portaria entra em vigor na data de sua publicação.</p><p>Nº 1.845- NOMEAR Jñana Gadea de Mello, Matrícula SIAPE 1967004, ocupante do cargo de Assistente em Administração, do Quadro Único de Pessoal da UFSM, para exercer o Cargo de Direção de Coordenadora da Coordenadoria Administrativa da UFSM/PM, Código CD4.06. (Processo n. 114593/2025-08)</p><p>II - Esta Portaria entra em vigor na data de sua publicação.</p><p>Nº 1.846-EXONERAR Luciana Fagundes Christofari, Matrícula SIAPE 1651480, ocupante do cargo de Professor do Magistério Superior, do Quadro Único de Pessoal da UFSM, do Cargo de Direção de Vice-Diretora do Campus de Palmeira das Missões, Código CD4.38, para o qual foi nomeada pela Portaria de pessoal UFSM N. 2.850/UFSM, de 18/12/2024. (Processo n. 23081. 114590/2025-66)</p><p>II - Esta Portaria entra em vigor na data de sua publicação.</p><p>Nº 1.847-NOMEAR Luciana Fagundes Christofari, Matrícula SIAPE 1651480, ocupante do cargo de Professor do Magistério Superior, do Quadro Único de Pessoal da UFSM, para exercer o Cargo de Direção de Coordenadora da Coordenadoria Acadêmica da UFSM/PM, Código CD4.38. (Processo n. 23081. 114590/2025-66)</p><p>II - Esta Portaria entra em vigor na data de sua publicação.</p><p class="assina">MARTHA BOHRER ADAIME</p>]]></Texto>
  </body>
  <Midias />
</article></xml>