﻿<xml><article id="45196314" name="398 - Port Disp Fg 2 - Eli Lino " idOficio="11253129" pubName="DO2" artType="Portaria" pubDate="01/09/2025" artClass="00025:00087:00005:00000:00000:00000:00000:00000:00000:00000:00017:00000" artCategory="Ministério da Educação/Instituto Federal de Educação, Ciência e Tecnologia do Sudeste de Minas Gerais/Campus Rio Pomba" artSize="12" artNotes="" numberPage="30" pdfPage="http://pesquisa.in.gov.br/imprensa/jsp/visualiza/index.jsp?data=01/09/2025&amp;jornal=529&amp;pagina=30" editionNumber="165" highlightType="" highlightPriority="" highlight="" highlightimage="" highlightimagename="" idMateria="23053850">
  <body>
    <Identifica><![CDATA[ Portaria campusrp/ifmgse nº 398, de 28 de agosto de 2025]]></Identifica>
    <Data><![CDATA[]]></Data>
    <Ementa />
    <Titulo />
    <SubTitulo />
    <Texto><![CDATA[<p class="identifica">Portaria campusrp/ifmgse nº 398, de 28 de agosto de 2025</p><p>A Diretora-Geral Substituta do Instituto Federal de Educação, Ciência e Tecnologia do Sudeste de Minas Gerais - Campus Rio Pomba, no uso de suas atribuições legais, conferidas pela Portaria nº. 546/2021, de 17-05-21, publicada no Diário Oficial da União de 18-05-21 e Competência delegada pela Portaria nº. 19/2014 - Diário Oficial da União de 15-01-2014, resolve:</p><p>Art. 1º DISPENSAR o servidor Eli Lino de Jesus, SIAPE 217****, da função de Chefe do Departamento Acadêmico de Agricultura e Ambiente, código FG 02, do IF Sudeste MG - Campus Rio Pomba, a partir de 31.08.2025.</p><p>Art. 2º Esta Portaria entra em vigor na data de sua publicação no Diário Oficial da União.</p><p class="assina">JOSILAINE MARIA LIMA GUILARDUCCI CAIAFA</p>]]></Texto>
  </body>
  <Midias />
</article></xml>