﻿<xml><article id="45199715" name="portaria mps NA 1.707" idOficio="11253599" pubName="DO2" artType="Portaria" pubDate="01/09/2025" artClass="00044:00001:00000:00000:00000:00000:00000:00000:00000:00000:00017:00002" artCategory="Ministério da Previdência Social/Gabinete do Ministro" artSize="12" artNotes="" numberPage="72" pdfPage="http://pesquisa.in.gov.br/imprensa/jsp/visualiza/index.jsp?data=01/09/2025&amp;jornal=529&amp;pagina=72" editionNumber="165" highlightType="" highlightPriority="" highlight="" highlightimage="" highlightimagename="" idMateria="23054380">
  <body>
    <Identifica><![CDATA[ PORTARIA MPS Nº 1.707, DE 26 DE AGOSTO DE 2025]]></Identifica>
    <Data><![CDATA[]]></Data>
    <Ementa />
    <Titulo />
    <SubTitulo />
    <Texto><![CDATA[<p class="identifica">PORTARIA MPS Nº 1.707, DE 26 DE AGOSTO DE 2025</p><p>A CHEFE DE GABINETE DO MINISTÉRIO DA PREVIDÊNCIA SOCIAL - MPS, no uso das atribuições que lhe confere o Decreto nº 11.356, de 1º de janeiro de 2023, e considerando a subdelegação de competência de que trata o art. 7º da Portaria MPS nº 1.109, de 06 de maio de 2025, bem como o contido no Processo nº 10135.000972/2025-99, resolve:</p><p>Dispensar, a pedido, ANDREIA KISTEMMACHER DO NASCIMENTO, matrícula SIAPE nº 1.453.496, do encargo de substituta eventual da Função Comissionada Executiva de Chefe do Núcleo Regional de Inteligência da Previdência Social no Estado de Minas Gerais, código FCE 1.01, da Coordenação-Geral de Inteligência da Previdência Social, da Secretaria Executiva, deste Ministério, nos afastamentos, impedimentos legais ou regulamentares do titular e na vacância da função.</p><p class="assina">LOUISE CAROLINE SANTOS DE LIMA E SILVA</p>]]></Texto>
  </body>
  <Midias />
</article></xml>