﻿<xml><article id="45202414" name="PORTARIA N 76_23055549" idOficio="11254256" pubName="DO2" artType="Portaria" pubDate="01/09/2025" artClass="00047:00002:00021:00020:00005:00000:00000:00000:00000:00000:00017:00000" artCategory="Ministério da Saúde/Secretaria Executiva/Subsecretaria de Assuntos Administrativos/Superintendência Estadual do Ministério da Saúde em Mato Grosso do Sul/Serviço de Gestão de Pessoas" artSize="12" artNotes="" numberPage="82" pdfPage="http://pesquisa.in.gov.br/imprensa/jsp/visualiza/index.jsp?data=01/09/2025&amp;jornal=529&amp;pagina=82" editionNumber="165" highlightType="" highlightPriority="" highlight="" highlightimage="" highlightimagename="" idMateria="23055549">
  <body>
    <Identifica><![CDATA[ PORTARIA SEGEP/MS N° 76, DE 29 DE AGOSTO DE 2025]]></Identifica>
    <Data><![CDATA[]]></Data>
    <Ementa />
    <Titulo />
    <SubTitulo />
    <Texto><![CDATA[<p class="identifica">PORTARIA SEGEP/MS N° 76, DE 29 DE AGOSTO DE 2025</p><p>A CHEFE DO SERVIÇO DE GESTÃO DE PESSOAS DA SUPERINTENDÊNCIA ESTADUAL DO MINISTÉRIO DA SAÚDE NO ESTADO DE MATO GROSSO DO SUL, no uso das atribuições que lhe foram conferidas pela PORTARIA DE PESSOAL GM/MS nº 1.136, DE 7/6/2023, publicada no DOU nº 110, de 13/6/2023, e CONSIDERANDO o constante dos autos do processo nº 25006.000373/2025-18, resolve:</p><p>Conceder aposentadoria voluntária à servidora EDNA YOSHIKO IDE KOHATSU, matrícula SIAPE 0543418, Odontólogo-30 horas, NS-422/076, Classe "S", Padrão IV, com carga horária de 30 horas, do Quadro Permanente deste Ministério, com fundamento no Art. 10, § 1º, Inciso I, da Emenda Constitucional nº 103/2019.</p><p class="assina">JOSEFINA ROZANA CAIMAR</p>]]></Texto>
  </body>
  <Midias />
</article></xml>