﻿<xml><article id="45196830" name="PORTARIA REITORIA.UNILAB NA 244 " idOficio="11250007" pubName="DO2" artType="Portaria" pubDate="01/09/2025" artClass="00025:00135:00000:00000:00000:00000:00000:00000:00000:00000:00017:00000" artCategory="Ministério da Educação/Universidade da Integração Internacional da Lusofonia Afro-Brasileira" artSize="12" artNotes="" numberPage="48" pdfPage="http://pesquisa.in.gov.br/imprensa/jsp/visualiza/index.jsp?data=01/09/2025&amp;jornal=529&amp;pagina=48" editionNumber="165" highlightType="" highlightPriority="" highlight="" highlightimage="" highlightimagename="" idMateria="23048829">
  <body>
    <Identifica><![CDATA[ PORTARIA REITORIA/UNILAB Nº 244, DE 29 DE JULHO DE 2025]]></Identifica>
    <Data><![CDATA[]]></Data>
    <Ementa />
    <Titulo />
    <SubTitulo />
    <Texto><![CDATA[<p class="identifica">PORTARIA REITORIA/UNILAB Nº 244, DE 29 DE JULHO DE 2025</p><p>O REITOR DA UNIVERSIDADE DA INTEGRAÇÃO INTERNACIONAL DA LUSOFONIA AFRO-BRASILEIRA - UNILAB, no uso de suas atribuições legais, de acordo com a Lei nº 12.289, de 20 de julho de 2010, publicada no DOU de 21 de julho de 2010, e o Decreto Presidencial de 05 de maio de 2025, publicado no DOU de 06 de maio de 2025, Edição: 83, Seção 2, Página 1;</p><p>Considerando o que consta no Processo nº 23282.011925/2025-29, resolve:</p><p>Art. 1º Dispensar a servidora ANDRESSA SUELLY SATURNINO DE OLIVEIRA, matrícula SIAPE nº 1863830, da função de Coordenadora de Regulação, Avaliação e Censo (CORAC), código FG-01.</p><p>Art. 2º Esta portaria conta seus efeitos a partir da sua publicação.</p><p class="assina">Roque do Nascimento Albuquerque</p>]]></Texto>
  </body>
  <Midias />
</article></xml>