﻿<xml><article id="45197376" name="DIARIO 29-08-2025" idOficio="11253132" pubName="DO2" artType="Portaria" pubDate="01/09/2025" artClass="00025:00077:00000:00000:00000:00000:00000:00000:00000:00000:00017:00000" artCategory="Ministério da Educação/Instituto Federal de Educação, Ciência e Tecnologia do Piauí" artSize="12" artNotes="" numberPage="25" pdfPage="http://pesquisa.in.gov.br/imprensa/jsp/visualiza/index.jsp?data=01/09/2025&amp;jornal=529&amp;pagina=25" editionNumber="165" highlightType="" highlightPriority="" highlight="" highlightimage="" highlightimagename="" idMateria="23053856">
  <body>
    <Identifica><![CDATA[ PORTARIA Nº 2.353- GAB/REI/IFPI, de 28 de agosto de 2025]]></Identifica>
    <Data><![CDATA[]]></Data>
    <Ementa />
    <Titulo />
    <SubTitulo />
    <Texto><![CDATA[<p class="identifica">PORTARIA Nº 2.353- GAB/REI/IFPI, de 28 de agosto de 2025</p><p>O REITOR DO INSTITUTO FEDERAL DE EDUCAÇÃO, CIÊNCIA E TECNOLOGIA DO PIAUÍ (IFPI), no uso de suas atribuições legais e tendo em vista o disposto no Processo nº 23172.002534/2025-61, resolve:</p><p>Designar o servidor Francisco Adelino de Sousa Frazão, Matrícula SIAPE nº 2692127, ocupante do cargo de Professor do Ensino Básico, Técnico e Tecnológico, do Quadro de Pessoal deste Instituto Federal, com lotação no Campus Teresina Central, para exercer a função de Coordenador do Curso Técnico em Instrumento Musical, Código FCC - 0001, do referido campus.</p><p class="assina">PAULO BORGES DA CUNHA</p><p class="identifica">PORTARIA Nº 2.354- GAB/REI/IFPI, de 28 de agosto de 2025</p><p>O REITOR DO INSTITUTO FEDERAL DE EDUCAÇÃO, CIÊNCIA E TECNOLOGIA DO PIAUÍ (IFPI), no uso de suas atribuições legais e tendo em vista o disposto no Processo nº 23172.002534/2025-61, resolve:</p><p>Dispensar Thiago Cabral Carvalho, matrícula SIAPE nº 1525323, ocupante do cargo de Professor do Ensino Básico, Técnico e Tecnológico, com lotação no Campus Teresina Central, da função de Coordenador do Curso Técnico em Instrumento Musical do referido campus, Código FCC-1, para a qual foi nomeado através da Portaria 2837/2023 - GAB/REI/IFPI, de 29 de agosto de 2023, publicada no DOU em 30/08/2023.</p><p class="assina">PAULO BORGES DA CUNHA</p><p class="identifica">PORTARIA Nº 2.355- GAB/REI/IFPI, de 28 de agosto de 2025</p><p>O REITOR DO INSTITUTO FEDERAL DE EDUCAÇÃO, CIÊNCIA E TECNOLOGIA DO PIAUÍ (IFPI), no uso de suas atribuições legais e tendo em vista o disposto no Processo nº 23172.002534/2025-61, resolve:</p><p>Exonerar o servidor José Mascena Dantas, Professor do Ensino Básico, Técnico e Tecnológico, Matrícula SIAPE nº 1050241, do Quadro de Pessoal deste Instituto Federal, com lotação no Campus Teresina Central, do cargo de Chefe do Departamento de Indústria, Segurança e Produção Cultural do referido campus, Código CD-4, para o qual foi nomeado através da Portaria nº 1797 - GAB/REI/IFPI, de 31/08/2021, publicada no DOU de 02/09/2021.</p><p class="assina">PAULO BORGES DA CUNHA</p><p class="identifica">PORTARIA Nº 2.356- GAB/REI/IFPI, de 28 de agosto de 2025</p><p>O REITOR DO INSTITUTO FEDERAL DE EDUCAÇÃO, CIÊNCIA E TECNOLOGIA DO PIAUÍ (IFPI), no uso de suas atribuições legais e tendo em vista o disposto no Processo nº 23172.002534/2025-61, resolve:</p><p>Nomear a servidora Rosilda Maria Alves, Técnica em Assuntos Educacionais, SIAPE nº 1113371, lotada no Campus Teresina Central, para exercer o cargo de Chefe do Departamento de Indústria, Segurança e Produção Cultural do referido Campus, Código CD-4.</p><p class="assina">PAULO BORGES DA CUNHA</p><p class="identifica">PORTARIA Nº 2.357- GAB/REI/IFPI, de 28 de agosto de 2025</p><p>O REITOR DO INSTITUTO FEDERAL DE EDUCAÇÃO, CIÊNCIA E TECNOLOGIA DO PIAUÍ (IFPI), no uso de suas atribuições legais e tendo em vista o disposto no Processo nº 23172.002534/2025-61, resolve:</p><p>Dispensar Juaceli Soares da Costa Júnior, matrícula SIAPE nº 2405980, ocupante do cargo de Técnico em Audiovisual com lotação no Campus Teresina Central, da função de Coordenador de Extensão Tecnológica do referido campus, Código FG-2, para a qual foi nomeado através da Portaria 1510/2022 - GAB/REI/IFPI, de 13 de junho de 2024, publicada no DOU em 14/06/2022.</p><p class="assina">PAULO BORGES DA CUNHA</p><p class="identifica">PORTARIA Nº 2.365- GAB/REI/IFPI, de 28 de agosto de 2025</p><p>O REITOR DO INSTITUTO FEDERAL DE EDUCAÇÃO, CIÊNCIA E TECNOLOGIA DO PIAUÍ (IFPI), no uso de suas atribuições legais e tendo em vista o disposto no Processo nº 23172.002534/2025-61, resolve:</p><p>Designar a servidora Wanessa Campos Mascarenhas, Matrícula SIAPE nº 2000572, ocupante do cargo de Auxiliar em Administração, do Quadro de Pessoal deste Instituto Federal, com lotação no Campus Teresina Central, para exercer a função de Coordenadora de Extensão Tecnológica, Código FG - 2, do referido campus.</p><p class="assina">PAULO BORGES DA CUNHA</p><p class="identifica">PORTARIA Nº 2.366- GAB/REI/IFPI, de 28 de agosto de 2025</p><p>O REITOR DO INSTITUTO FEDERAL DE EDUCAÇÃO, CIÊNCIA E TECNOLOGIA DO PIAUÍ (IFPI), no uso de suas atribuições legais e tendo em vista o disposto no Processo nº 23172.002534/2025-61, resolve:</p><p>Designar a servidora Maria Mislene Rosado de Sousa, Matrícula SIAPE nº 2770274, ocupante do cargo de Professora do Ensino Básico, Técnico e Tecnológico, do Quadro de Pessoal deste Instituto Federal, com lotação no Campus Teresina Central, para exercer a função de Coordenadora do Curso de Tecnologia em Gestão de Recursos Humanos, Código FCC - 0001, do referido campus.</p><p class="assina">PAULO BORGES DA CUNHA</p><p class="identifica">PORTARIA Nº 2.367- GAB/REI/IFPI, de 28 de agosto de 2025</p><p>O REITOR DO INSTITUTO FEDERAL DE EDUCAÇÃO, CIÊNCIA E TECNOLOGIA DO PIAUÍ (IFPI), no uso de suas atribuições legais e tendo em vista o disposto no Processo nº 23172.002534/2025-61, resolve:</p><p>Designar a servidora Aline Montenegro Leal Silva, Matrícula SIAPE nº 2221316, ocupante do cargo de Professora do Ensino Básico, Técnico e Tecnológico, do Quadro de Pessoal deste Instituto Federal, com lotação no Campus Teresina Central, para exercer a função de Coordenadora do Curso de Tecnologia em Análise e Desenvolvimento de Sistemas, Código FCC - 0001, do referido campus.</p><p class="assina">PAULO BORGES DA CUNHA</p><p class="identifica">PORTARIA Nº 2.368- GAB/REI/IFPI, de 28 de agosto de 2025</p><p>O REITOR DO INSTITUTO FEDERAL DE EDUCAÇÃO, CIÊNCIA E TECNOLOGIA DO PIAUÍ (IFPI), no uso de suas atribuições legais e tendo em vista o disposto no Processo nº 23172.002534/2025-61, resolve:</p><p>Art. 1º - Dispensar o servidor Ricardo Martins Ramos, matrícula SIAPE nº 1244478, ocupante do cargo de Professor do Ensino Básico, Técnico e Tecnológico do Quadro de Pessoal deste Instituto Federal, com lotação no Campus Teresina Central, da função de Coordenador do Curso de Tecnologia em Análise e Desenvolvimento de Sistemas, código FCC-1, para a qual foi designado através da Portaria nº 900/2019 - GAB/REI/IFPI, de 21 de março de 2019, publicada no DOU em 22/03/2019.</p><p>Art. 2º - Nomear o referido servidor para exercer o cargo de Diretor de Pesquisa, Pós-Graduação e Inovação, código CD-3, do referido campus.</p><p class="assina">PAULO BORGES DA CUNHA</p><p class="identifica">PORTARIA Nº 2.358- GAB/REI/IFPI, de 28 de agosto de 2025</p><p>O REITOR DO INSTITUTO FEDERAL DE EDUCAÇÃO, CIÊNCIA E TECNOLOGIA DO PIAUÍ (IFPI), no uso de suas atribuições legais e tendo em vista o disposto no Processo nº 23172.002534/2025-61, resolve:</p><p>Art. 1º - Dispensar a servidora Lyvia Basilio Caland Avelino, matrícula SIAPE nº 1637704, ocupante do cargo de Professor do Ensino Básico, Técnico e Tecnológico do Quadro de Pessoal deste Instituto Federal, com lotação no Campus Teresina Central, da função de Coordenadora do Curso de Tecnologia em Gestão de Recursos Humanos, código FCC-1, para a qual foi designada através da Portaria nº 509/2020 - GAB/REI/IFPI, de 11 de fevereiro de 2020, publicada no DOU em 12/02/2020.</p><p>Art. 2º - Nomear a referida servidora para exercer o cargo de Chefe do Departamento de Gestão e Negócios, código CD-4, do referido campus.</p><p class="assina">PAULO BORGES DA CUNHA</p><p class="identifica">PORTARIA Nº 2.359- GAB/REI/IFPI, de 28 de agosto de 2025</p><p>O REITOR DO INSTITUTO FEDERAL DE EDUCAÇÃO, CIÊNCIA E TECNOLOGIA DO PIAUÍ (IFPI), no uso de suas atribuições legais e tendo em vista o disposto no Processo nº 23172.002534/2025-61, resolve:</p><p>Exonerar o servidor Renato Sérgio Soares Costa, Professor do Ensino Básico, Técnico e Tecnológico, Matrícula SIAPE nº 1466076, do Quadro de Pessoal deste Instituto Federal, com lotação no Campus Teresina Central, do cargo de Diretor de Pesquisa, Pós-Graduação e Inovação do referido campus, Código CD-3, para o qual foi nomeado através da Portaria nº 1898 - GAB/REI/IFPI, de 09/09/2021, publicada no DOU de 14/09/2021.</p><p class="assina">PAULO BORGES DA CUNHA</p><p class="identifica">PORTARIA Nº 2.369- GAB/REI/IFPI, de 28 de agosto de 2025</p><p>O REITOR DO INSTITUTO FEDERAL DE EDUCAÇÃO, CIÊNCIA E TECNOLOGIA DO PIAUÍ (IFPI), no uso de suas atribuições legais e tendo em vista o disposto no Processo nº 23172.002534/2025-61, resolve:</p><p>Designar a servidora Marjorie Maria Borges da Silva, Matrícula SIAPE nº 3219005, ocupante do cargo de Assistente de Aluno, do Quadro de Pessoal deste Instituto Federal, com lotação no Campus Teresina Central, para exercer a função de Coordenadora de Gestão de Pessoas, Código FG - 2, do referido campus.</p><p class="assina">PAULO BORGES DA CUNHA</p><p class="identifica">PORTARIA Nº 2.370- GAB/REI/IFPI, de 28 de agosto de 2025</p><p>O REITOR DO INSTITUTO FEDERAL DE EDUCAÇÃO, CIÊNCIA E TECNOLOGIA DO PIAUÍ (IFPI), no uso de suas atribuições legais e tendo em vista o disposto no Processo nº 23172.002534/2025-61, resolve:</p><p>Designar o servidor Jovan Marques Lara Júnior, Matrícula SIAPE nº 1867500, ocupante do cargo de Professor do Ensino Básico, Técnico e Tecnológico, do Quadro de Pessoal deste Instituto Federal, com lotação no Campus Teresina Central, para exercer a função de Coordenador do Curso Superior de Tecnologia em Gestão Ambiental, Código FCC - 0001, do referido campus.</p><p class="assina">PAULO BORGES DA CUNHA</p><p class="identifica">PORTARIA Nº 2.360- GAB/REI/IFPI, de 28 de agosto de 2025</p><p>O REITOR DO INSTITUTO FEDERAL DE EDUCAÇÃO, CIÊNCIA E TECNOLOGIA DO PIAUÍ (IFPI), no uso de suas atribuições legais e tendo em vista o disposto no Processo nº 23172.002534/2025-61, resolve:</p><p>Art. 1º - Dispensar a servidora Jacqueline Santos Brito, matrícula SIAPE nº 1512469, ocupante do cargo de Professora do Ensino Básico, Técnico e Tecnológico do Quadro de Pessoal deste Instituto Federal, com lotação no Campus Teresina Central, da função de Coordenadora do Curso Superior de Tecnologia em Gestão Ambiental, código FCC-1, para a qual foi designada através da Portaria nº 1957/2021 - GAB/REI/IFPI, de 16 de setembro de 2021, publicada no DOU em 17/09/2021.</p><p>Art. 2º - Nomear a referida servidora para exercer o cargo de Chefe do Departamento de Informação, Ambiente, Saúde e Produção Alimentícia, código CD-4, do referido campus.</p><p class="assina">PAULO BORGES DA CUNHA</p><p class="identifica">PORTARIA Nº 2.361- GAB/REI/IFPI, de 28 de agosto de 2025</p><p>O REITOR DO INSTITUTO FEDERAL DE EDUCAÇÃO, CIÊNCIA E TECNOLOGIA DO PIAUÍ (IFPI), no uso de suas atribuições legais e tendo em vista o disposto no Processo nº 23172.002534/2025-61, resolve:</p><p>Exonerar o servidor José Humberto da Silva, Assistente em Administração, Matrícula SIAPE nº 1216573, do Quadro de Pessoal deste Instituto Federal, com lotação no Campus Teresina Central, do cargo de Chefe do Departamento do Controle Acadêmico do referido campus, Código CD-4, para o qual foi nomeado através da Portaria nº 1784 - GAB/REI/IFPI, de 31/08/2021, publicada no DOU de 02/09/2021.</p><p class="assina">PAULO BORGES DA CUNHA</p><p class="identifica">PORTARIA Nº 2.371- GAB/REI/IFPI, de 28 de agosto de 2025</p><p>O REITOR DO INSTITUTO FEDERAL DE EDUCAÇÃO, CIÊNCIA E TECNOLOGIA DO PIAUÍ (IFPI), no uso de suas atribuições legais e tendo em vista o disposto no Processo nº 23172.002534/2025-61, resolve:</p><p>Nomear a servidora Nayra Christina Andrade Marques, Técnica em Arquivo, SIAPE nº 2242028, lotada no Campus Teresina Central, para exercer o cargo de Chefe do Departamento de Controle Acadêmico do referido Campus, Código CD-4.</p><p class="assina">PAULO BORGES DA CUNHA</p><p class="identifica">PORTARIA Nº 2.362- GAB/REI/IFPI, de 28 de agosto de 2025</p><p>O REITOR DO INSTITUTO FEDERAL DE EDUCAÇÃO, CIÊNCIA E TECNOLOGIA DO PIAUÍ (IFPI), no uso de suas atribuições legais e tendo em vista o disposto no Processo nº 23172.002534/2025-61, resolve:</p><p>Art. 1º - Dispensar a servidora Maria Katiany Moura Pires, matrícula SIAPE nº 1901942, ocupante do cargo de Assistente em Administração do Quadro de Pessoal deste Instituto Federal, com lotação no Campus Teresina Central, da função de Coordenadora de Gestão de Pessoas, código FG-2, para a qual foi designada através da Portaria nº 2906/2014 - GAB/REI/IFPI, de 20 de outubro de 2014, publicada no DOU em 22/10/2014.</p><p>Art. 2º - Nomear a referida servidora para exercer o cargo de Chefe do Departamento de Administração e Planejamento, código CD-4, do referido campus.</p><p class="assina">PAULO BORGES DA CUNHA</p><p class="identifica">PORTARIA Nº 2.363- GAB/REI/IFPI, de 28 de agosto de 2025</p><p>O REITOR DO INSTITUTO FEDERAL DE EDUCAÇÃO, CIÊNCIA E TECNOLOGIA DO PIAUÍ (IFPI), no uso de suas atribuições legais e tendo em vista o disposto no Processo nº 23172.002534/2025-61, resolve:</p><p>Exonerar o servidor Francisco Edimar Furtado Melo, Assistente em Administração, Matrícula SIAPE nº 51562, do Quadro de Pessoal deste Instituto Federal, com lotação no Campus Teresina Central, do cargo de Chefe do Departamento de Administração e Planejamento do referido campus, Código CD-4, para o qual foi nomeado através da Portaria nº 1729 - GAB/REI/IFPI, de 31/08/2021, publicada no DOU de 02/09/2021.</p><p class="assina">PAULO BORGES DA CUNHA</p><p class="identifica">PORTARIA Nº 2.311- GAB/REI/IFPI, de 28 de agosto de 2025</p><p>O REITOR DO INSTITUTO FEDERAL DE EDUCAÇÃO, CIÊNCIA E TECNOLOGIA DO PIAUÍ (IFPI), no uso de suas atribuições legais e tendo em vista o disposto no Processo nº 23172.002524/2025-25, resolve:</p><p>Art. 1º - Exonerar, a partir de 22/08/2025, o servidor Thiago Costa do Amaral, Assistente em Administração, Matrícula SIAPE nº 2155126, do Quadro de Pessoal deste Instituto Federal, com lotação no Campus Parnaíba, do cargo de Chefe do Departamento de Administração e Planejamento do referido campus, Código CD-4, para o qual foi nomeado através da Portaria nº 1792 - GAB/REI/IFPI, de 31/08/2021, publicada no DOU de 02/09/2021.</p><p class="assina">PAULO BORGES DA CUNHA</p><p class="identifica">PORTARIA Nº 2.332- GAB/REI/IFPI, de 28 de agosto de 2025</p><p>O REITOR DO INSTITUTO FEDERAL DE EDUCAÇÃO, CIÊNCIA E TECNOLOGIA DO PIAUÍ(IFPI), no uso de suas atribuições legais e tendo em vista o disposto no Processo nº 23172.002543/2025-51, resolve:</p><p>Designar o servidor José Roberto de Oliveira, Professor do Ensino Básico, Técnico e Tecnológico, SIAPE nº 2177633, lotado no Campus José de Freitas, para assumir a Coordenação do Curso Técnico em Agropecuária do referido campus, Código FCC-1.</p><p class="assina">PAULO BORGES DA CUNHA</p><p class="identifica">PORTARIA Nº 2.312- GAB/REI/IFPI, de 28 de agosto de 2025</p><p>O REITOR DO INSTITUTO FEDERAL DE EDUCAÇÃO, CIÊNCIA E TECNOLOGIA DO PIAUÍ (IFPI), no uso de suas atribuições legais e tendo em vista o disposto no Processo nº 23172.002543/2025-51, resolve:</p><p>Dispensar o servidor Gilson Lages Fortes Portela, SIAPE nº 2156026, ocupante do cargo de Professor do Ensino Básico, Técnico e Tecnológico, da função de Coordenador do Curso Técnico em Agropecuária do Campus José de Freitas, código FCC-1, para a qual foi nomeado através da Portaria 1316- GAB/REI/IFPI, de 21 de maio de 2025, publicada no DOU em 22/05/2025.</p><p class="assina">PAULO BORGES DA CUNHA</p><p class="identifica">PORTARIA Nº 2.313- GAB/REI/IFPI, de 28 de agosto de 2025</p><p>O REITOR DO INSTITUTO FEDERAL DE EDUCAÇÃO, CIÊNCIA E TECNOLOGIA DO PIAUÍ (IFPI), no uso de suas atribuições legais e tendo em vista o disposto no Processo nº 23172.002539/2025-93, resolve:</p><p>Dispensar Aline Rocha Bezerra, matrícula SIAPE nº 2264506, ocupante do cargo de Psicólogo - Área com lotação no Campus Corrente, da função de Coordenadora do Núcleo de Atendimento às Pessoas com Necessidades Especificas - NAPNE do referido campus, Código FG-1, para a qual foi nomeada através da Portaria 316/2024 - GAB/REI/IFPI, de 02 de fevereiro de 2024, publicada no DOU em 05/02/2024.</p><p class="assina">PAULO BORGES DA CUNHA</p><p class="identifica">PORTARIA Nº 2.334- GAB/REI/IFPI, de 28 de agosto de 2025</p><p>O REITOR DO INSTITUTO FEDERAL DE EDUCAÇÃO, CIÊNCIA E TECNOLOGIA DO PIAUÍ (IFPI), no uso de suas atribuições legais, resolve:</p><p>Nomear o servidor Reinaldo de Araújo Lopes, Professor do Ensino Básico, Técnico e Tecnológico, SIAPE nº 2486224, para responder pelo cargo de Diretor de Ensino do Campus Altos, nas Instalações do referido campus.</p><p class="assina">PAULO BORGES DA CUNHA</p><p class="identifica">PORTARIA Nº 2.336- GAB/REI/IFPI, de 28 de agosto de 2025</p><p>O REITOR DO INSTITUTO FEDERAL DE EDUCAÇÃO, CIÊNCIA E TECNOLOGIA DO PIAUÍ (IFPI), no uso de suas atribuições legais, resolve:</p><p>Nomear a servidora Raimunda Ferreira Gomes Coelho, Técnica em Assuntos Educacionais, SIAPE nº 1335458, para responder pelo cargo de Diretora de Ensino do Campus Barras, nas Instalações do referido campus.</p><p class="assina">PAULO BORGES DA CUNHA</p>]]></Texto>
  </body>
  <Midias />
</article></xml>