﻿<xml><article id="45196530" name="CP2_RTF_Portaria_6050" idOficio="11244961" pubName="DO2" artType="Portaria" pubDate="01/09/2025" artClass="00025:00052:00022:00000:00000:00000:00000:00000:00000:00000:00017:00000" artCategory="Ministério da Educação/Colégio Pedro II/Pró-Reitoria de Gestão de Pessoas" artSize="12" artNotes="" numberPage="17" pdfPage="http://pesquisa.in.gov.br/imprensa/jsp/visualiza/index.jsp?data=01/09/2025&amp;jornal=529&amp;pagina=17" editionNumber="165" highlightType="" highlightPriority="" highlight="" highlightimage="" highlightimagename="" idMateria="23040637">
  <body>
    <Identifica><![CDATA[ PORTARIA Nº 6.050/PROGESP/CPII, DE 25 DE AGOSTO DE 2025]]></Identifica>
    <Data><![CDATA[]]></Data>
    <Ementa />
    <Titulo />
    <SubTitulo />
    <Texto><![CDATA[<p class="identifica">PORTARIA Nº 6.050/PROGESP/CPII, DE 25 DE AGOSTO DE 2025</p><p>A PRÓ-REITORA DE GESTÃO DE PESSOAS DO COLÉGIO PEDRO II, no uso de suas atribuições previstas na Portaria de Delegação de Competência nº 5.524, de 29 de julho de 2025 da Magnífica Reitora, publicada no Diário Oficial da União em 31 de julho de 2025, seção 1, página 29 e o que consta no Processo nº 23777.000553/2025-43, resolve:</p><p>Conceder Aposentadoria Voluntária com proventos integrais e paridade à servidora CELIA REGINA DE ARAUJO, ocupante do cargo de Professor de Ensino Básico Técnico e Tecnológico, SIAPE nº 0265859, Classe/Nível C004, Código de Vaga nº 0204276, em regime de 40H semanais de trabalho, nos termos do art. 3º, da Emenda Constitucional nº 47/2005, c/c art. 3º, § 1º, da Emenda Constitucional nº 103, de 12 de novembro de 2019, assegurando-se as seguintes incorporações: RSC III, fica assegurada a gratificação de 12 % (doze por cento ), à título de adicional por tempo de serviço. .</p><p class="assina">VENEZA DA SILVA CRIZANTE</p>]]></Texto>
  </body>
  <Midias />
</article></xml>