﻿<xml><article id="45197250" name="ATO_1120" idOficio="11234873" pubName="DO2" artType="Ato" pubDate="01/09/2025" artClass="00070:00007:00001:00000:00000:00000:00000:00000:00000:00000:00001:00002" artCategory="Poder Judiciário/Tribunal Regional Federal da 1ª Região/Presidência" artSize="12" artNotes="" numberPage="106" pdfPage="http://pesquisa.in.gov.br/imprensa/jsp/visualiza/index.jsp?data=01/09/2025&amp;jornal=529&amp;pagina=106" editionNumber="165" highlightType="" highlightPriority="" highlight="" highlightimage="" highlightimagename="" idMateria="23022933">
  <body>
    <Identifica><![CDATA[ ATO Nº 1.120, DE 20 DE AGOSTO DE 2025]]></Identifica>
    <Data><![CDATA[]]></Data>
    <Ementa />
    <Titulo />
    <SubTitulo />
    <Texto><![CDATA[<p class="identifica">ATO Nº 1.120, DE 20 DE AGOSTO DE 2025</p><p>O PRESIDENTE DO TRIBUNAL REGIONAL FEDERAL DA 1ª REGIÃO, no uso de suas atribuições legais e regimentais, e tendo em vista o constante nos autos do PAe 0025999-69.2025.4.01.8000, resolve:</p><p>EXONERAR, nos termos do art. 35, I, da Lei 8112/1990, GABRIEL RINCON SILVESTRIN, do Cargo em Comissão, Código CJ-02, de Chefe do Gabinete do Sr. Desembargador Federal Flávio Jardim.</p><p class="assina">Des. JOÃO BATISTA MOREIRA</p>]]></Texto>
  </body>
  <Midias />
</article></xml>