﻿<xml><article id="45201643" name="2025-08-29/11254120/TCUWS_230553" idOficio="11254120" pubName="DO2" artType="Portaria" pubDate="01/09/2025" artClass="00067:00009:00011:00000:00000:00000:00000:00000:00000:00000:00017:00145" artCategory="Tribunal de Contas da União/Secretaria-Geral de Administração/Secretaria Especializada em Gestão de Pessoas" artSize="12" artNotes="" numberPage="99" pdfPage="http://pesquisa.in.gov.br/imprensa/jsp/visualiza/index.jsp?data=01/09/2025&amp;jornal=529&amp;pagina=99" editionNumber="165" highlightType="" highlightPriority="" highlight="" highlightimage="" highlightimagename="" idMateria="23055316">
  <body>
    <Identifica><![CDATA[ PORTARIA-SECPESSOAS Nº 145, DE 26 DE AGOSTO DE 2025]]></Identifica>
    <Data><![CDATA[]]></Data>
    <Ementa />
    <Titulo />
    <SubTitulo />
    <Texto><![CDATA[<p class="identifica">PORTARIA-SECPESSOAS Nº 145, DE 26 DE AGOSTO DE 2025</p><p>O SECRETÁRIO ESPECIALIZADO EM GESTÃO DE PESSOAS, no uso da atribuição que lhe confere a Portaria-Segedam nº 6/2025, e tendo em vista as informações constantes do processo nº 014.413/2025-6, resolve:</p><p>Conceder pensão temporária, a partir de 2 de julho de 2025, com fundamento no art. 23 da Emenda Constitucional nº 103, de 12 de novembro de 2019, bem como nos arts. 16, inciso III, 74, inciso II, e 77, inciso III, da Lei nº 8.213, de 24 de julho de 1991, a JOÃO CARLOS MINATOGAWA, matrícula nº 6400-9, em decorrência do falecimento do servidor ativo RENATO MINATOGAWA, matrícula nº 10080-3, ocorrido em 13 de janeiro de 2025.</p><p class="assina">ALEXANDRE PEIXOTO FIGUEIRA</p>]]></Texto>
  </body>
  <Midias />
</article></xml>