﻿<xml><article id="45196275" name="trt9a175-2025-PRT COINF 199" idOficio="11251952" pubName="DO2" artType="Portaria" pubDate="01/09/2025" artClass="00070:00050:00001:00001:00017:00000:00000:00000:00000:00000:00017:00005" artCategory="Poder Judiciário/Tribunal Regional do Trabalho da 9ª Região/Tribunal Pleno/Presidência/Coordenadoria de Informações Funcionais" artSize="12" artNotes="" numberPage="115" pdfPage="http://pesquisa.in.gov.br/imprensa/jsp/visualiza/index.jsp?data=01/09/2025&amp;jornal=529&amp;pagina=115" editionNumber="165" highlightType="" highlightPriority="" highlight="" highlightimage="" highlightimagename="" idMateria="23051929">
  <body>
    <Identifica><![CDATA[ PORTARIA COINF Nº 199, DE 28 DE AGOSTO DE 2025]]></Identifica>
    <Data><![CDATA[]]></Data>
    <Ementa />
    <Titulo />
    <SubTitulo />
    <Texto><![CDATA[<p class="identifica">PORTARIA COINF Nº 199, DE 28 DE AGOSTO DE 2025</p><p>A COORDENADORA DE INFORMAÇÕES FUNCIONAIS DO TRIBUNAL REGIONAL DO TRABALHO DA 9ª REGIÃO, usando de suas atribuições legais, e diante da delegação de competência decorrente do art. 4º, III e IV, da Portaria Presidência nº 22/2022, resolve:</p><p>I - designar KEILA DANIELE MURARA, Analista Judiciário Área Judiciária, classe A, padrão 3, para EXERCER o Cargo em Comissão de Assessor De Juiz I (c-5104), código TRT 9ª CJ-1, da 05ª Vara Do Trabalho De Curitiba, a partir da data de publicação, dispensando-a da Função Comissionada de Assistente De Secretaria II (c-5712), código TRT 9ª FC-2, Vara Do Trabalho De Telêmaco Borba, a partir da mesma data (Memorando nº 2/2025);</p><p>II - dispensar LUÍS FELIPE CAMPELLO DOS SANTOS, Técnico Judiciário Área Administrativa, classe B, padrão 10, do Cargo em Comissão de Assessor De Juiz I (c-5104), código TRT 9ª CJ-1, 05ª Vara Do Trabalho De Curitiba, a partir da data de publicação (Memorando nº 2/2025).</p><p class="assina">ROSSANA SANTOS CARVALHO</p>]]></Texto>
  </body>
  <Midias />
</article></xml>