﻿<xml><article id="45197475" name="PT 950 de 26.08.2025" idOficio="11253323" pubName="DO2" artType="Portaria" pubDate="01/09/2025" artClass="00047:00002:00021:00040:00014:00000:00000:00000:00000:00000:00017:00950" artCategory="Ministério da Saúde/Secretaria Executiva/Subsecretaria de Assuntos Administrativos/Superintendência Estadual do Ministério da Saúde no Rio de Janeiro/Serviço de Gestão de Pessoas" artSize="12" artNotes="" numberPage="86" pdfPage="http://pesquisa.in.gov.br/imprensa/jsp/visualiza/index.jsp?data=01/09/2025&amp;jornal=529&amp;pagina=86" editionNumber="165" highlightType="" highlightPriority="" highlight="" highlightimage="" highlightimagename="" idMateria="23054097">
  <body>
    <Identifica><![CDATA[ PORTARIA SEGEP/RJ Nº 950, DE 26 DE AGOSTO DE 2025]]></Identifica>
    <Data><![CDATA[]]></Data>
    <Ementa />
    <Titulo />
    <SubTitulo />
    <Texto><![CDATA[<p class="identifica">PORTARIA SEGEP/RJ Nº 950, DE 26 DE AGOSTO DE 2025</p><p>A CHEFE DO SERVIÇO DE GESTÃO DE PESSOAS, DA SUPERINTENDÊNCIA ESTADUAL DO MINISTÉRIO DA SAÚDE NO RIO DE JANEIRO, DA SUBSECRETARIA DE ASSUNTOS ADMINISTRATIVOS, DA SECRETARIA-EXECUTIVA, DO MINISTÉRIO DA SAÚDE, no uso de suas atribuições legais que lhe foram atribuídas pela PORTARIA DE PESSOAL SE/MS Nº 94, DE 01 DE fevereiro DE 2024, publicada no DOU nº 25, de 5 de fevereiro de 2024, Seção 2, página 68, e tendo em vista o que consta no processo nº 25001.005423/2025-01, resolve:</p><p>Conceder Pensão ao Cônjuge ESTHER BRAGANÇA PINTO, com fundamento nos artigos 217, inciso I e 222, inciso VII, alínea b, item 6, da Lei nº 8.112/90, na redação dada pela Lei n° 13.135 de 17.06.2015, em face do falecimento ocorrido em 22/04/2025, do ex-servidor CARLOS JOSÉ SANTANA PINTO, Matrícula SIAPE nº 0625473, MÉDICO, CLASSE S, PADRAO III, Aposentada do Quadro de Pessoal deste Ministério, sendo a pensão calculada nos termos do artigo 23 da Emenda Constitucional nº 103, de 13/11/2019, cabendo ao beneficiário a cota-parte de 1/1do valor destinado ao benefício, a contar da data do óbito do ex-servidor, em conformidade com o disposto no Art. 219 da Lei 8112/1990, com redação dada pela Lei 13.846/2019, devendo ainda ser aplicado o disposto no inciso II do parágrafo 1º, bem como o disposto nos parágrafos 2º e 3 º do artigo 24 da citada Emenda.</p><p class="assina">LUCILENA RODRIGUES GIESTEIRA</p>]]></Texto>
  </body>
  <Midias />
</article></xml>