﻿<xml><article id="45197427" name="PORTARIA N 3574 SINC 23050755" idOficio="11251470" pubName="DO2" artType="Portaria" pubDate="01/09/2025" artClass="00006:00004:02004:00017:00000:00000:00000:00000:00000:00000:00017:00001" artCategory="Presidência da República/Casa Civil/Agência Brasileira de Inteligência/Secretaria de Planejamento e Gestão" artSize="12" artNotes="" numberPage="2" pdfPage="http://pesquisa.in.gov.br/imprensa/jsp/visualiza/index.jsp?data=01/09/2025&amp;jornal=529&amp;pagina=2" editionNumber="165" highlightType="" highlightPriority="" highlight="" highlightimage="" highlightimagename="" idMateria="23050755">
  <body>
    <Identifica><![CDATA[ PORTARIA GAB/DG/ABIN/CC/PR Nº 3.574, DE 4 DE AGOSTO DE 2025]]></Identifica>
    <Data><![CDATA[]]></Data>
    <Ementa />
    <Titulo />
    <SubTitulo />
    <Texto><![CDATA[<p class="identifica">PORTARIA GAB/DG/ABIN/CC/PR Nº 3.574, DE 4 DE AGOSTO DE 2025</p><p>O SECRETÁRIO DE PLANEJAMENTO E GESTÃO DA AGÊNCIA BRASILEIRA DE INTELIGÊNCIA DA CASA CIVIL DA PRESIDÊNCIA DA REPÚBLICA, no exercício das competências que lhe foram atribuídas pelo art. 18 do Anexo I ao Decreto Nº 11.816, de 6 de dezembro de 2023, e tendo em vista a competência que lhe foi subdelegada pelo art. 2º, inciso I da Portaria CC/PR nº 690, de 20 de junho de 2023, publicada no Diário Oficial da União nº 116, de 21 de junho de 2023, e o art. 6º, VI da Portaria GAB/DG/ABIN/CC/PR Nº 2193, de 03 de julho de 2024, resolve:</p><p>Designar matrícula nº 910068 para exercer a função comissionada executiva de Superintendente, código FCE 1.13.</p><p class="assina">THIAGO CUNHA ARAÚJO</p>]]></Texto>
  </body>
  <Midias />
</article></xml>