﻿<xml><article id="45196260" name="Port. FCC - 7810" idOficio="11232731" pubName="DO2" artType="Portaria" pubDate="01/09/2025" artClass="00025:00111:00017:00000:00000:00000:00000:00000:00000:00000:00017:00000" artCategory="Ministério da Educação/Universidade Federal de Minas Gerais/Pró-Reitoria de Recursos Humanos" artSize="12" artNotes="" numberPage="37" pdfPage="http://pesquisa.in.gov.br/imprensa/jsp/visualiza/index.jsp?data=01/09/2025&amp;jornal=529&amp;pagina=37" editionNumber="165" highlightType="" highlightPriority="" highlight="" highlightimage="" highlightimagename="" idMateria="23019913">
  <body>
    <Identifica><![CDATA[ PORTARIA Nº 7.810, DE 11 DE AGOSTO DE 2025]]></Identifica>
    <Data><![CDATA[]]></Data>
    <Ementa />
    <Titulo />
    <SubTitulo />
    <Texto><![CDATA[<p class="identifica">PORTARIA Nº 7.810, DE 11 DE AGOSTO DE 2025</p><p>A Pró-Reitora de Recursos Humanos da Universidade Federal de Minas Gerais, no uso da atribuição que lhe confere a Portaria de Delegação de Competências nº 3258, de 03/05/2022, da Magnífica Reitora, e considerando o teor do Processo nº 23072.243315/2025-68, resolve:</p><p>Designar o servidor Renato Santana de Aguiar, matrícula SIAPE nº 1509515, ocupante do cargo efetivo de Professor do Magistério Superior, para exercer a Função Comissionada de Coordenação de Curso - FCC, do Colegiado de Pós-Graduação em Genética, do Instituto de Ciências Biológicas, com mandato de 2 (dois) anos, a partir da data de publicação desta Portaria no Diário Oficial da União.</p><p class="assina">MARIA MÁRCIA MAGELA MACHADO</p>]]></Texto>
  </body>
  <Midias />
</article></xml>