﻿<xml><article id="45196080" name="Portaria-1744-2025" idOficio="11247573" pubName="DO2" artType="Portaria" pubDate="01/09/2025" artClass="00070:00045:00001:00000:00000:00000:00000:00000:00000:00000:00017:00000" artCategory="Poder Judiciário/Tribunal Regional do Trabalho da 4ª Região/Presidência" artSize="12" artNotes="" numberPage="113" pdfPage="http://pesquisa.in.gov.br/imprensa/jsp/visualiza/index.jsp?data=01/09/2025&amp;jornal=529&amp;pagina=113" editionNumber="165" highlightType="" highlightPriority="" highlight="" highlightimage="" highlightimagename="" idMateria="23044740">
  <body>
    <Identifica><![CDATA[ PORTARIA nº 1.744, de 8 de agosto de 2025]]></Identifica>
    <Data><![CDATA[]]></Data>
    <Ementa />
    <Titulo />
    <SubTitulo />
    <Texto><![CDATA[<p class="identifica">PORTARIA nº 1.744, de 8 de agosto de 2025</p><p>O PRESIDENTE DO TRIBUNAL REGIONAL DO TRABALHO DA 4ª REGIÃO, no uso de suas atribuições, considerando o que consta no Processo Administrativo nº 5235/2025, resolve:</p><p>DECLARAR VAGOS, a pedido, a contar de 01/09/2025, o cargo de Técnico Judiciário, Área Administrativa, Classe A, Padrão 01, ocupado pelo servidor EVERTON ANTINOLFI DA ROCHA, em virtude de posse em outro cargo inacumulável, de conformidade com o artigo 33, inciso VIII da Lei Nº 8.112/90 e a função comissionada de ASSISTENTE DE GABINETE-FC05, do Gabinete do Exmo. Desembargador João Alfredo Borges Antunes de Miranda.</p><p class="assina">RICARDO HOFMEISTER DE ALMEIDA MARTINS COSTA</p>]]></Texto>
  </body>
  <Midias />
</article></xml>