﻿<xml><article id="45196752" name="trt9a172-2025-PRT COINF 197" idOficio="11240144" pubName="DO2" artType="Portaria" pubDate="01/09/2025" artClass="00070:00050:00001:00001:00017:00000:00000:00000:00000:00000:00017:00004" artCategory="Poder Judiciário/Tribunal Regional do Trabalho da 9ª Região/Tribunal Pleno/Presidência/Coordenadoria de Informações Funcionais" artSize="12" artNotes="" numberPage="115" pdfPage="http://pesquisa.in.gov.br/imprensa/jsp/visualiza/index.jsp?data=01/09/2025&amp;jornal=529&amp;pagina=115" editionNumber="165" highlightType="" highlightPriority="" highlight="" highlightimage="" highlightimagename="" idMateria="23032006">
  <body>
    <Identifica><![CDATA[ PORTARIA COINF Nº 197, DE 22 DE AGOSTO DE 2025]]></Identifica>
    <Data><![CDATA[]]></Data>
    <Ementa />
    <Titulo />
    <SubTitulo />
    <Texto><![CDATA[<p class="identifica">PORTARIA COINF Nº 197, DE 22 DE AGOSTO DE 2025</p><p>A COORDENADORA DE INFORMAÇÕES FUNCIONAIS DO TRIBUNAL REGIONAL DO TRABALHO DA 9ª REGIÃO, usando de suas atribuições legais, e diante da delegação de competência decorrente do art. 4º, III e IV, da Portaria Presidência nº 22/2022, resolve:</p><p>I - designar GISELE MARA SCHIER, Técnico Judiciário Área Administrativa, classe C, padrão 13, para EXERCER o Cargo em Comissão de Coordenador (c-11023), código TRT 9ª CJ-2, da Coordenadoria De Contabilidade E Orçamento, a partir da data de publicação, dispensando-a da Função Comissionada de Chefe De Seção (c-9833), código TRT 9ª FC-5, Seção De Gestão Orçamentária E Financeira, a partir da mesma data (Correio Eletrônico nº 1/2025);</p><p>II - dispensar ROSEMARY NUNES GODOY, Técnico Judiciário Área Administrativa, classe C, padrão 13, do Cargo em Comissão de Coordenador (c-11023), código TRT 9ª CJ-2, Coordenadoria De Contabilidade E Orçamento, a partir da data de publicação (Correio Eletrônico nº 1/2025).</p><p class="assina">ROSSANA SANTOS CARVALHO</p>]]></Texto>
  </body>
  <Midias />
</article></xml>