﻿<xml><article id="45196917" name="Minuta de 29.08 (ass por Mario M" idOficio="11253383" pubName="DO2" artType="Portaria" pubDate="01/09/2025" artClass="00047:00054:00000:00000:00000:00000:00000:00000:00000:00000:00017:00001" artCategory="Ministério da Saúde/Fundação Oswaldo Cruz" artSize="12" artNotes="" numberPage="89" pdfPage="http://pesquisa.in.gov.br/imprensa/jsp/visualiza/index.jsp?data=01/09/2025&amp;jornal=529&amp;pagina=89" editionNumber="165" highlightType="" highlightPriority="" highlight="" highlightimage="" highlightimagename="" idMateria="23054123">
  <body>
    <Identifica><![CDATA[ PortariaS de 28 de agosto de 2025]]></Identifica>
    <Data><![CDATA[]]></Data>
    <Ementa />
    <Titulo />
    <SubTitulo />
    <Texto><![CDATA[<p class="identifica">PortariaS de 28 de agosto de 2025</p><p>O Presidente da Fundação Oswaldo Cruz, no uso das atribuições que lhe são conferidas pela Portaria nº 2.277, de 13 de abril de 2023, da Casa Civil, e pelo Decreto nº 11.228, de 07 de outubro de 2022 - Estatuto da Fiocruz, resolve:</p><p>N° 954 Dispensar, JOSE ANTONIO DE BARROS NETO, Assistente Técnico, da Função Comissionada Executiva, FCE 2.02, código 45.0110, Assistente Técnico, do Serviço de Pagamento da Coordenação de Administração de Pessoas, da COORDENAÇÃO-GERAL DE GESTÃO DE PESSOAS da Diretoria Executiva, da Fundação Oswaldo Cruz.</p><p>N° 955 Designar, MARCELO DE SOUZA NAVARRO, para a Função Comissionada Executiva de Assistente Técnico, FCE 2.02, código 45.0110, do Serviço de Pagamento da Coordenação de Administração de Pessoas, da COORDENAÇÃO-GERAL DE GESTÃO DE PESSOAS da Diretoria Executiva, da Fundação Oswaldo Cruz.</p><p>N° 956 Dispensar, RAFAELA DOS SANTOS SILVA, Assistente Técnico, da Função Comissionada Executiva, FCE 2.02, código 45.0081, Assistente Técnico, do Serviço de Administração de Compras da Coordenação de Gestão Estratégica de Compras e Logística, da COORDENAÇÃO-GERAL DE ADMINISTRAÇÃO da Diretoria Executiva, da Fundação Oswaldo Cruz.</p><p>N° 957 Dispensar, LEANDRO MUSSAUER OLIVEIRA, Assistente Técnico, da Função Comissionada Executiva, FCE 2.02, código 45.0083, Assistente Técnico, do Serviço de Administração de Compras da Coordenação de Gestão Estratégica de Compras e Logística, da COORDENAÇÃO-GERAL DE ADMINISTRAÇÃO da Diretoria Executiva, da Fundação Oswaldo Cruz.</p><p>N° 961 Dispensar, ADRIANA DA SILVA MENDES VENTURA, do encargo de substituto eventual, do Serviço de Compras, código 45.0327, FCE 1.05, do INSTITUTO GONÇALO MONIZ, da Fundação Oswaldo Cruz.</p><p>N° 963 Designar, ADRIANA DA SILVA MENDES VENTURA, para a Função Comissionada Executiva, código 45.0327, FCE 1.05, de chefe do Serviço de Compras, do INSTITUTO GONÇALO MONIZ, da Fundação Oswaldo Cruz.</p><p class="assina">MARIO SANTOS MOREIRA</p>]]></Texto>
  </body>
  <Midias />
</article></xml>