﻿<xml><article id="45202138" name="LAUDA SCEP DOU 29-08-2025 - PRES" idOficio="11254188" pubName="DO2" artType="Ato" pubDate="01/09/2025" artClass="00070:00056:00001:00000:00000:00000:00000:00000:00000:00000:00001:00000" artCategory="Poder Judiciário/Tribunal Regional do Trabalho da 15ª Região/Presidência" artSize="12" artNotes="" numberPage="116" pdfPage="http://pesquisa.in.gov.br/imprensa/jsp/visualiza/index.jsp?data=01/09/2025&amp;jornal=529&amp;pagina=116" editionNumber="165" highlightType="" highlightPriority="" highlight="" highlightimage="" highlightimagename="" idMateria="23055448">
  <body>
    <Identifica><![CDATA[ ATO CPV Nº 124, DE 15 DE AGOSTO DE 2025]]></Identifica>
    <Data><![CDATA[]]></Data>
    <Ementa />
    <Titulo />
    <SubTitulo />
    <Texto><![CDATA[<p class="identifica">ATO CPV Nº 124, DE 15 DE AGOSTO DE 2025</p><p>A DESEMBARGADORA PRESIDENTE DO TRIBUNAL REGIONAL DO TRABALHO DA 15ª REGIÃO, no uso de suas atribuições legais e regimentais, conforme determina a Resolução Administrativa n.º 7, de 15/07/2022 e o constante do PROAD n.º 15667/2025, resolve:</p><p>Nomear, nos termos do artigo 5º, da Lei n.º 11.416/2006, RAQUEL SCLAUSER BERTOCHE PALONI, Analista Judiciária, área Judiciária, do Quadro Permanente da Secretaria deste Tribunal, para exercer o cargo em comissão de Assessora Técnica de Gabinete de Desembargadora CJ-01, do mesmo Quadro, em vaga decorrente da exoneração de Thatiana Freitas Tonzar.</p><p class="assina">ANA PAULA PELLEGRINA LOCKMANN</p>]]></Texto>
  </body>
  <Midias />
</article></xml>