﻿<xml><article id="45196434" name="PORTARIA N 873_23054028" idOficio="11253220" pubName="DO2" artType="Portaria" pubDate="01/09/2025" artClass="00025:00133:00025:00001:00000:00000:00000:00000:00000:00000:00017:00005" artCategory="Ministério da Educação/Universidade Federal do Triângulo Mineiro/Pró-Reitoria de Recursos Humanos/Departamento de Administração de Pessoal" artSize="12" artNotes="" numberPage="48" pdfPage="http://pesquisa.in.gov.br/imprensa/jsp/visualiza/index.jsp?data=01/09/2025&amp;jornal=529&amp;pagina=48" editionNumber="165" highlightType="" highlightPriority="" highlight="" highlightimage="" highlightimagename="" idMateria="23054028">
  <body>
    <Identifica><![CDATA[ PORTARIA DE PESSOAL Nº 873, DE 28 DE AGOSTO DE 2025]]></Identifica>
    <Data><![CDATA[]]></Data>
    <Ementa />
    <Titulo />
    <SubTitulo />
    <Texto><![CDATA[<p class="identifica">PORTARIA DE PESSOAL Nº 873, DE 28 DE AGOSTO DE 2025</p><p>A REITORA DA UNIVERSIDADE FEDERAL DO TRIÂNGULO MINEIRO - UFTM, nomeada pelo Presidente da República, por meio do Decreto de 1º de junho de 2023, publicado no Diário Oficial da União do dia 2 subsequente, no uso de suas atribuições legais e regimentais e de acordo com o processo SEI/UFTM nº 23085.009294/2025-12, resolve:</p><p>Art. 1º Declarar vago o cargo de PEDAGOGO-ÁREA, código de vaga n° 983389, carga horária de 40 HORAS SEMANAIS, ocupado pelo servidor NEWLLER THIAGO FERNANDES MASCARENHAS, matrícula SIAPE 1993943, por motivo de posse em outro cargo inacumulável, com base no artigo 33, inciso VIII, da Lei nº. 8.112/90.</p><p>Art. 2º Esta Portaria de Pessoal entra em vigor na data de sua publicação, com efeitos a partir de 01 de setembro de 2025.</p><p class="assina">MARINALVA VIEIRA BARBOSA</p>]]></Texto>
  </body>
  <Midias />
</article></xml>