﻿<xml><article id="45196974" name="CLOVIS MATOS VIANA JUNIOR" idOficio="11250695" pubName="DO2" artType="Portaria" pubDate="01/09/2025" artClass="00047:00002:00021:00036:00012:00000:00000:00000:00000:00000:00017:00000" artCategory="Ministério da Saúde/Secretaria Executiva/Subsecretaria de Assuntos Administrativos/Superintendência Estadual do Ministério da Saúde no Maranhão/Serviço de Gestão de Pessoas" artSize="12" artNotes="" numberPage="86" pdfPage="http://pesquisa.in.gov.br/imprensa/jsp/visualiza/index.jsp?data=01/09/2025&amp;jornal=529&amp;pagina=86" editionNumber="165" highlightType="" highlightPriority="" highlight="" highlightimage="" highlightimagename="" idMateria="23049602">
  <body>
    <Identifica><![CDATA[ PORTARIA /SEGEP-MA Nº 217, de 26 DE AGOSTO DE 2025]]></Identifica>
    <Data><![CDATA[]]></Data>
    <Ementa />
    <Titulo />
    <SubTitulo />
    <Texto><![CDATA[<p class="identifica">PORTARIA /SEGEP-MA Nº 217, de 26 DE AGOSTO DE 2025</p><p>O CHEFE DO SERVIÇO DE GESTÃO DE PESSOAS DA SUPERINTENDÊNCIA ESTADUAL DO MINISTÉRIO DA SAÚDE NO MARANHÃO, no uso das atribuições que lhe foram conferidas pela PT/SAA/MS Nº 1.804, de 1º. 10.2013, publicada no DOU Nº192, de 03.10.2013, e PT/GAB/SE nº 579 de 26.06.2023, publicada no DOU nº 134, de 17.07.2023, tendo em vista o que consta no processo abaixo especificado, resolve:</p><p>Conceder Aposentadoria Voluntária ao servidor CLÓVIS MATOS VIANA JUNIOR, matrículas 1027435, SIAPE nº 549631, ocupante do cargo de Médico, Nível Superior, Classe "S", Padrão III, do Quadro de Pessoal deste Ministério, com fundamento no artigo 6º da Emenda Constitucional 41/2003, combinado com o art. 3º da Emenda Constitucional nº 103/2019, com proventos integrais correspondente ao cargo efetivo e demais vantagens, com paridade. (Processo nº 25014.000889/2025-63).</p><p class="assina">CARLOS HENRIQUE PINHEIRO</p>]]></Texto>
  </body>
  <Midias />
</article></xml>