﻿<xml><article id="45197142" name="Ato 177_28 Ago 2025" idOficio="11253324" pubName="DO2" artType="Ato" pubDate="01/09/2025" artClass="00070:00012:00000:00000:00000:00000:00000:00000:00000:00000:00001:00004" artCategory="Poder Judiciário/Tribunal Regional Federal da 6ª Região/Presidência" artSize="12" artNotes="" numberPage="109" pdfPage="http://pesquisa.in.gov.br/imprensa/jsp/visualiza/index.jsp?data=01/09/2025&amp;jornal=529&amp;pagina=109" editionNumber="165" highlightType="" highlightPriority="" highlight="" highlightimage="" highlightimagename="" idMateria="23054102">
  <body>
    <Identifica><![CDATA[ ATO PRESI Nº 177, DE 28 DE AGOSTO DE 2025]]></Identifica>
    <Data><![CDATA[]]></Data>
    <Ementa />
    <Titulo />
    <SubTitulo />
    <Texto><![CDATA[<p class="identifica">ATO PRESI Nº 177, DE 28 DE AGOSTO DE 2025</p><p>O PRESIDENTE DO TRIBUNAL REGIONAL FEDERAL DA 6ª REGIÃO, no uso de suas atribuições legais e regimentais, tendo em vista o constante nos autos do PAe 0010916-72.2025.4.06.8000, resolve:</p><p>I) EXONERAR, nos termos do art. 35, I, da Lei nº 8.112/1990, do cargo em comissão de Chefe de Gabinete (código CJ-02), do Gabinete da Desembargadora Federal Mônica Sifuentes, o servidor EDMUNDO VERAS DOS SANTOS FILHO, Analista Judiciário/Apoio Especializado/Informática, do Quadro de Pessoal do Supremo Tribunal Federal, à disposição do TRF6;</p><p>II) NOMEÁ-LO, nos termos do art. 9º, II, da Lei nº 8.112/1990, para exercer o cargo em comissão de Chefe de Assessoria III (código CJ-03), do Gabinete da Desembargadora Federal Mônica Sifuentes, em decorrência da exoneração de Karina Fernandes de Abreu.</p><p class="assina">Des. VALLISNEY OLIVEIRA</p>]]></Texto>
  </body>
  <Midias />
</article></xml>