﻿<xml><article id="45196959" name="2025 - 862 LUCIANO POUSA CARTAFI" idOficio="11250147" pubName="DO2" artType="Portaria" pubDate="01/09/2025" artClass="00025:00133:00025:00001:00000:00000:00000:00000:00000:00000:00017:00002" artCategory="Ministério da Educação/Universidade Federal do Triângulo Mineiro/Pró-Reitoria de Recursos Humanos/Departamento de Administração de Pessoal" artSize="12" artNotes="" numberPage="48" pdfPage="http://pesquisa.in.gov.br/imprensa/jsp/visualiza/index.jsp?data=01/09/2025&amp;jornal=529&amp;pagina=48" editionNumber="165" highlightType="" highlightPriority="" highlight="" highlightimage="" highlightimagename="" idMateria="23049040">
  <body>
    <Identifica><![CDATA[ PORTARIA DE PESSOAL Nº 862, DE 27 DE AGOSTO DE 2025]]></Identifica>
    <Data><![CDATA[]]></Data>
    <Ementa />
    <Titulo />
    <SubTitulo />
    <Texto><![CDATA[<p class="identifica">PORTARIA DE PESSOAL Nº 862, DE 27 DE AGOSTO DE 2025</p><p>A REITORA DA UNIVERSIDADE FEDERAL DO TRIÂNGULO MINEIRO - UFTM, nomeada pelo Presidente da República, por meio do Decreto de 1 <sup>º</sup> de junho de 2023, publicado no Diário Oficial da União do dia 2 subsequente, no uso de suas atribuições legais e regimentais e de acordo com o processo SEI/UFTM n <sup>º</sup> 23085.008248/2025-98, resolve:</p><p>Art.1° Conceder aposentadoria voluntária ao servidor LUCIANO POUSA CARTAFINA, Siape 0389419, ocupante do cargo de MÉDICO - PCCTAE, Classe/Padrão E-019, carga horária de 40 horas semanais, código de vaga n° 301324, do Quadro de Pessoal desta Universidade, com proventos integrais e paridade, com fulcro no art. 3° da Emenda Constitucional n° 47/2005, combinado com o caput e § 1° do art. 3° da Emenda Constitucional n° 103/2019.</p><p>Art. 2° Em consequência, declarar vago o referido cargo.</p><p>Art. 3° Esta Portaria de Pessoal entra em vigor a partir de sua publicação no Diário Oficial da União.</p><p class="assina">MARINALVA VIEIRA BARBOSA</p>]]></Texto>
  </body>
  <Midias />
</article></xml>