﻿<xml><article id="45196956" name="Portarias de Aposentadorias 27.0" idOficio="11250510" pubName="DO2" artType="Portaria" pubDate="01/09/2025" artClass="00025:00126:00001:00000:00000:00000:00000:00000:00000:00000:00017:00001" artCategory="Ministério da Educação/Universidade Federal Rural do Rio de Janeiro/Reitoria" artSize="12" artNotes="" numberPage="43" pdfPage="http://pesquisa.in.gov.br/imprensa/jsp/visualiza/index.jsp?data=01/09/2025&amp;jornal=529&amp;pagina=43" editionNumber="165" highlightType="" highlightPriority="" highlight="" highlightimage="" highlightimagename="" idMateria="23049403">
  <body>
    <Identifica><![CDATA[ PORTARIAS GABREI DE 27 DE AGOSTO DE 2025]]></Identifica>
    <Data><![CDATA[]]></Data>
    <Ementa />
    <Titulo />
    <SubTitulo />
    <Texto><![CDATA[<p class="identifica">PORTARIAS GABREI DE 27 DE AGOSTO DE 2025</p><p>O REITOR DA UNIVERSIDADE FEDERAL RURAL DO RIO DE JANEIRO, no uso das atribuições que lhe confere o Artigo 9º, inciso XVII, do Regimento Geral desta Universidade, resolve:</p><p>Nº 6.003 I - Conceder aposentadoria voluntária com proventos integrais a SEBASTIÃO LUIZ PEDRO, matrícula SIAPE n.º 0387208, código de vaga nº 299494, ocupante do cargo de Operador de máquinas agrícolas, Classe "C", Padrão "19", integrante do Quadro de Pessoal desta Universidade, lotado no Departamento de Engenharia do Instituto de Tecnologia, com fundamento no art. 3° da Emenda Constitucional 47/2005 c/c art. 3º da Emenda Constitucional 103/2019;</p><p>II - Declarar vago o cargo.</p><p>Processo nº: 23083.048173/2023-36.</p><p>Nº 6.016 I - Aposentar por incapacidade permanente para o trabalho a servidora FABIOLA MORAES DE SOUZA, matrícula SIAPE n.º 1445880, código de vaga nº 869545, ocupante do cargo de Técnico de laboratório/Área, Classe "D", Padrão "17", integrante do Quadro de Pessoal desta Universidade, lotada no Departamento de Epidemiologia e Saúde Pública, com fundamento no art. 10, §1°, inciso II, da Emenda Constitucional n° 103/2019 - PROPORCIONAL 22/30 AVOS;</p><p>II - Declarar vago o cargo.</p><p>Processo nº: 23083.032460/2025-96.</p><p>Nº 6.023 I - Conceder aposentadoria voluntária com proventos integrais a CELSO ALVES DA SILVA, matrícula SIAPE n.º 385940, código de vaga nº 298412, ocupante do cargo de Técnico em artes gráficas, Classe "D", Padrão "19", integrante do Quadro de Pessoal desta Universidade, lotado na Biblioteca Central, com fundamento no art. 6º, incisos I, II, III e IV da Emenda Constitucional 41/2003 c/c art. 3º da Emenda Constitucional 103/2019;</p><p>II - Declarar vago o cargo.</p><p>Processo nº: 23083.032317/2025-02.</p><p>Nº 6.037 I - Conceder aposentadoria voluntária a DÉBORA DA SILVA ROLAND, matrícula SIAPE n.º 2692420, código de vaga nº 873113, ocupante do cargo de Professor do Magistério Superior, Classe Associado, Nível "01", em regime de Dedicação Exclusiva, integrante do Quadro de Pessoal desta Universidade, lotada no Departamento de Ciências Jurídicas do Instituto Multidisciplinar, com fundamento no art. 40, inciso III, alínea 'B' da CF/88 com redação dada pela Emenda Constitucional nº 40/2003 c/c art. 3º Emenda Constitucional 103/2019, com proventos proporcionais, calculados pela Lei nº 10887/2004 - PROPORCIONALIDADE 16/30 AVOS;</p><p>II - Declarar vago o cargo.</p><p>Processo nº 23083.030194/2025-67.</p><p class="assina">ROBERTO DE SOUZA RODRIGUES.</p>]]></Texto>
  </body>
  <Midias />
</article></xml>