﻿<xml><article id="45199577" name="ARQUIVO DOU" idOficio="11253510" pubName="DO2" artType="Portaria" pubDate="01/09/2025" artClass="00025:00077:00000:00000:00000:00000:00000:00000:00000:00000:00017:00000" artCategory="Ministério da Educação/Instituto Federal de Educação, Ciência e Tecnologia do Piauí" artSize="12" artNotes="" numberPage="25" pdfPage="http://pesquisa.in.gov.br/imprensa/jsp/visualiza/index.jsp?data=01/09/2025&amp;jornal=529&amp;pagina=25" editionNumber="165" highlightType="" highlightPriority="" highlight="" highlightimage="" highlightimagename="" idMateria="23054295">
  <body>
    <Identifica><![CDATA[ PORTARIA Nº 2.352 - GAB/REI/IFPI, de 28 de agosto de 2025]]></Identifica>
    <Data><![CDATA[]]></Data>
    <Ementa />
    <Titulo />
    <SubTitulo />
    <Texto><![CDATA[<p class="identifica">PORTARIA Nº 2.352 - GAB/REI/IFPI, de 28 de agosto de 2025</p><p>O REITOR DO INSTITUTO FEDERAL DE EDUCAÇÃO, CIÊNCIA E TECNOLOGIA DO PIAUÍ, no uso de suas atribuições e tendo em vista o disposto no Processo nº 23180.000839/2025-39, resolve:</p><p>Art. 1º Conceder aposentadoria voluntária, com proventos calculados pela média aritmética, à servidora MARIA OLÍVIA PEREIRA DA SILVA MARTINS, matrícula SIAPE nº 2124077, ocupante do cargo de Professor do Ensino Básico, Técnico e Tecnológico, Classe B, Nível 3, em regime de Dedicação Exclusiva, com mestrado e RSC III, do Quadro de Pessoal do Instituto Federal de Educação, Ciência e Tecnologia do Piauí, com lotação no Campus Floriano, de acordo com o art. 3º da Emenda Constitucional nº 103/2019, combinado com o art. 40, § 1º, inciso III da Constituição Federal, com redação dada pela Emenda Constitucional 41/2003.</p><p>Art. 2º Declarar vago o referido cargo.</p><p class="assina">PAULO BORGES DA CUNHA</p>]]></Texto>
  </body>
  <Midias />
</article></xml>