﻿<xml><article id="45200105" name="Port-1532-2025-DPM-EXONERACAO-AN" idOficio="11253751" pubName="DO2" artType="Portaria" pubDate="01/09/2025" artClass="00016:00012:00027:00008:00016:00000:00000:00000:00000:00000:00017:00000" artCategory="Ministério da Defesa/Comando da Marinha/Diretoria-Geral do Pessoal da Marinha/Diretoria do Pessoal da Marinha/Superintendência do Pessoal Civil da Marinha" artSize="12" artNotes="" numberPage="13" pdfPage="http://pesquisa.in.gov.br/imprensa/jsp/visualiza/index.jsp?data=01/09/2025&amp;jornal=529&amp;pagina=13" editionNumber="165" highlightType="" highlightPriority="" highlight="" highlightimage="" highlightimagename="" idMateria="23054703">
  <body>
    <Identifica><![CDATA[ PORTARIA Nº 1.532/DPM, DE 26 DE AGOSTO DE 2025]]></Identifica>
    <Data><![CDATA[]]></Data>
    <Ementa />
    <Titulo />
    <SubTitulo />
    <Texto><![CDATA[<p class="identifica">PORTARIA Nº 1.532/DPM, DE 26 DE AGOSTO DE 2025</p><p>A SUPERINTENDENTE DO PESSOAL CIVIL, no uso da subdelegação de competência que lhe confere o inciso II, do art. 1º da Portaria nº 964/2025, desta Diretoria, e de acordo com o art. 34 da Lei nº 8.112/1990, resolve:</p><p>Art. 1º Exonerar, a pedido, a partir de 11 de agosto de 2025, o servidor, 04.1456.15, Matrícula SIAPE 1479151, ANTONIO ROMEU SCOFANO JUNIOR, ocupante do cargo de Médico, NS Classe C, Padrão IV, do grupo cargo 648/001, Código de Vaga nº 557223, do Quadro do Pessoal Civil do Comando da Marinha, lotado no Hospital Naval Marcílio Dias (HNMD) (Processo nº 63148.031313/2025-11, do HNMD/DPM).</p><p>Art. 2º Esta Portaria entra em vigor na data de sua publicação.</p><p class="assina">MARLI HELENA DE PAIVA</p>]]></Texto>
  </body>
  <Midias />
</article></xml>