﻿<xml><article id="45200885" name="2025-08-29/11253952/TCUWS_230550" idOficio="11253952" pubName="DO2" artType="Portaria" pubDate="01/09/2025" artClass="00067:00009:00011:00000:00000:00000:00000:00000:00000:00000:00017:00147" artCategory="Tribunal de Contas da União/Secretaria-Geral de Administração/Secretaria Especializada em Gestão de Pessoas" artSize="12" artNotes="" numberPage="99" pdfPage="http://pesquisa.in.gov.br/imprensa/jsp/visualiza/index.jsp?data=01/09/2025&amp;jornal=529&amp;pagina=99" editionNumber="165" highlightType="" highlightPriority="" highlight="" highlightimage="" highlightimagename="" idMateria="23055025">
  <body>
    <Identifica><![CDATA[ PORTARIA-SECPESSOAS Nº 147, DE 29 DE AGOSTO DE 2025]]></Identifica>
    <Data><![CDATA[]]></Data>
    <Ementa />
    <Titulo />
    <SubTitulo />
    <Texto><![CDATA[<p class="identifica">PORTARIA-SECPESSOAS Nº 147, DE 29 DE AGOSTO DE 2025</p><p>O SECRETÁRIO ESPECIALIZADO EM GESTÃO DE PESSOAS DO TRIBUNAL DE CONTAS DA UNIÃO , no uso das atribuições que lhe confere o disposto nos incisos V e VI do art. 1° da Portaria nº 6, de 2 de janeiro de 2025, da Secretaria-Geral de Administração deste Tribunal, resolve:</p><p>Art. 1º Designar RICARDO KASUTOSHI UEMA, matrícula 5692-8, AUFC, para exercer a função de confiança de Assessor de Ministro, código FC-5, no(a) Gabinete do Ministro Jhonatan de Jesus.</p><p>Art. 2º Esta Portaria entra em vigor na data de sua publicação.</p><p class="assina">ALEXANDRE PEIXOTO FIGUEIRA</p>]]></Texto>
  </body>
  <Midias />
</article></xml>