﻿<xml><article id="45197085" name="Portaria-1886-2025" idOficio="11250298" pubName="DO2" artType="Portaria" pubDate="01/09/2025" artClass="00070:00045:00001:00000:00000:00000:00000:00000:00000:00000:00017:00000" artCategory="Poder Judiciário/Tribunal Regional do Trabalho da 4ª Região/Presidência" artSize="12" artNotes="" numberPage="113" pdfPage="http://pesquisa.in.gov.br/imprensa/jsp/visualiza/index.jsp?data=01/09/2025&amp;jornal=529&amp;pagina=113" editionNumber="165" highlightType="" highlightPriority="" highlight="" highlightimage="" highlightimagename="" idMateria="23049196">
  <body>
    <Identifica><![CDATA[ PORTARIA Nº 1.886, DE 26 DE AGOSTO DE 2025]]></Identifica>
    <Data><![CDATA[]]></Data>
    <Ementa />
    <Titulo />
    <SubTitulo />
    <Texto><![CDATA[<p class="identifica">PORTARIA Nº 1.886, DE 26 DE AGOSTO DE 2025</p><p>O PRESIDENTE DO TRIBUNAL REGIONAL DO TRABALHO DA 4ª REGIÃO, no uso de suas atribuições legais e regimentais, resolve:</p><p>1. CONCEDER APOSENTADORIA a LUIS FERNANDO KARPSS SCHWARZ (46272), no cargo de Técnico Judiciário, da Área Administrativa, Classe "C", Padrão 13, do Quadro de Pessoal do Tribunal Regional do Trabalho da 4ª Região, considerando o que consta no PROAD nº 5539/2025, e de acordo com o artigo 20, incisos I, II, III e IV, da Emenda Constitucional nº 103/2019, incluídas as vantagens previstas nos artigos 62-A da Lei nº 8.112/90 (com a redação dada pela Medida Provisória nº 2.225-45/2001), 13, 14, § 6º e 15, inciso VI, da Lei nº 11.416/2006 (com a redação dada pela Lei nº 13.317/2016).</p><p>2. DECLARAR VAGO, em decorrência, o cargo de Técnico Judiciário, da Área Administrativa, Classe "C", Padrão 13, revertendo a vaga à Classe "A", Padrão 01.</p><p class="assina">RICARDO HOFMEISTER DE ALMEIDA MARTINS COSTA</p>]]></Texto>
  </body>
  <Midias />
</article></xml>