﻿<xml><article id="45201388" name="FRANCISCO DE PAULA - NOMEACAO" idOficio="11254072" pubName="DO2" artType="Portaria" pubDate="01/09/2025" artClass="00070:00066:00001:00000:00000:00000:00000:00000:00000:00000:00017:00003" artCategory="Poder Judiciário/Tribunal Regional do Trabalho da 24ª Região/Presidência" artSize="12" artNotes="" numberPage="118" pdfPage="http://pesquisa.in.gov.br/imprensa/jsp/visualiza/index.jsp?data=01/09/2025&amp;jornal=529&amp;pagina=118" editionNumber="165" highlightType="" highlightPriority="" highlight="" highlightimage="" highlightimagename="" idMateria="23055127">
  <body>
    <Identifica><![CDATA[ PORTARIA TRT/GP/DG Nº 153, DE 29 DE AGOSTO DE 2025]]></Identifica>
    <Data><![CDATA[]]></Data>
    <Ementa />
    <Titulo />
    <SubTitulo />
    <Texto><![CDATA[<p class="identifica">PORTARIA TRT/GP/DG Nº 153, DE 29 DE AGOSTO DE 2025</p><p>O PRESIDENTE DO TRIBUNAL REGIONAL DO TRABALHO DA 24ª REGIÃO, no uso de suas atribuições legais e regimentais, CONSIDERANDO a instrução realizada no PA nº 4402/2025; resolve:</p><p>NOMEAR o servidor FRANCISCO DE PAULA, para ocupar o Cargo em Comissão de Diretor de Secretaria, símbolo CJ-3, na Vara do Trabalho de São Gabriel do Oeste, com efeitos a contar de 1.9.2025.</p><p class="assina">Des. Tomás Bawden de Castro Silva</p>]]></Texto>
  </body>
  <Midias />
</article></xml>