﻿<xml><article id="45200480" name="Despacho Afastamento do Pais__3Y" idOficio="11253905" pubName="DO2" artType="Despacho" pubDate="01/09/2025" artClass="00041:00002:00000:00000:00000:00000:00000:00000:00000:00000:00013:00006" artCategory="Ministério de Portos e Aeroportos/Secretaria Executiva" artSize="12" artNotes="" numberPage="70" pdfPage="http://pesquisa.in.gov.br/imprensa/jsp/visualiza/index.jsp?data=01/09/2025&amp;jornal=529&amp;pagina=70" editionNumber="165" highlightType="" highlightPriority="" highlight="" highlightimage="" highlightimagename="" idMateria="23054953">
  <body>
    <Identifica><![CDATA[ DESPACHO]]></Identifica>
    <Data><![CDATA[]]></Data>
    <Ementa />
    <Titulo />
    <SubTitulo />
    <Texto><![CDATA[<p class="identifica">DESPACHO</p><p>A SECRETÁRIA-EXECUTIVA SUBSTITUTA DO MINISTÉRIO DE PORTOS E AEROPORTOS, considerando o disposto no Decreto nº 1.387, de 7 de fevereiro de 1995, modificado pelo Decreto nº 2.349, de 15 de outubro de 1997, e o contido no Decreto nº 10.193, de 27 de dezembro de 2019, no uso da competência que lhe foi subdelegada pelo art. 5º da Portaria MPOR Nº 567, de 26 de novembro de 2024, publicada no Diário Oficial da União em 29 de novembro de 2024, e demais informações que constam do Processo nº 50020.004748/2025-88,</p><p>AUTORIZA o afastamento do País de LUCAS NUNES BELTRAMI, CPF: ***.071.370-**, Assessor Técnico da Assessoria Internacional , para acompanhar e assessorar o Ministro de Estado de Portos e Aeroportos, na Missão Internacional do Brasil Export nas cidades de Paris, Le Havre e Marselha/França, no período de 05 a 13 de setembro de 2025, incluindo trânsito, com ônus para o Ministério de Portos e Aeroportos - MPOR, conforme disposto no Decreto nº 91.800 de 1985, art. 1º e na Lei nº 14.436 de 2022, art.18, § 7º.</p><p class="assina">THAIRYNE JÉSSICA MARTINS DE OLIVEIRA</p>]]></Texto>
  </body>
  <Midias />
</article></xml>