﻿<xml><article id="45196170" name="ATO TRT7.GP N 168.2025" idOficio="11251220" pubName="DO2" artType="Ato" pubDate="01/09/2025" artClass="00070:00048:00000:00000:00000:00000:00000:00000:00000:00000:00001:00000" artCategory="Poder Judiciário/Tribunal Regional do Trabalho da 7ª Região" artSize="12" artNotes="" numberPage="114" pdfPage="http://pesquisa.in.gov.br/imprensa/jsp/visualiza/index.jsp?data=01/09/2025&amp;jornal=529&amp;pagina=114" editionNumber="165" highlightType="" highlightPriority="" highlight="" highlightimage="" highlightimagename="" idMateria="23050419">
  <body>
    <Identifica><![CDATA[ ATO TRT7.GP Nº 168, DE 28 DE AGOSTO DE 2025]]></Identifica>
    <Data><![CDATA[]]></Data>
    <Ementa />
    <Titulo />
    <SubTitulo />
    <Texto><![CDATA[<p class="identifica">ATO TRT7.GP Nº 168, DE 28 DE AGOSTO DE 2025</p><p>A PRESIDENTE DO TRIBUNAL REGIONAL DO TRABALHO DA 7ª REGIÃO, no uso de suas atribuições legais e regimentais, com fulcro no artigo 37 da Lei nº 8.112/1990, na forma regulamentada pela Resolução nº 146/2012 do Conselho Nacional de Justiça - CNJ e tendo em vista o PROAD Nº 5570/2025, resolve:</p><p>redistribuir, a contar de 1º/09/2025, o cargo efetivo de Analista Judiciário - Área Área Apoio Especializado - Especialidade Tecnologia da Informação, pertencente ao Quadro Permanente de Pessoal deste Regional, ocupado pelo servidor FRANCISCO ÍCARO BEZERRA PINHEIRO, enquadrado na Classe A, Padrão 4, para o Quadro de Pessoal do Tribunal Regional Eleitoral do Ceará, com o cargo de Analista Judiciário - Área Judiciária, ocupado pelo servidor KENYO HEMERSON ROSSAS, enquadrado na Classe C, Padrão 13, deste Regional.</p><p class="assina">FERNANDA MARIA UCHOA DE ALBUQUERQUE</p>]]></Texto>
  </body>
  <Midias />
</article></xml>