﻿<xml><article id="45196842" name="ATO DESPACHO MAIRA MADRID BARBOS" idOficio="11253166" pubName="DO2" artType="Despacho" pubDate="01/09/2025" artClass="00028:00002:00000:00000:00000:00000:00000:00000:00000:00000:00013:00005" artCategory="Ministério da Fazenda/Secretaria Executiva" artSize="12" artNotes="" numberPage="54" pdfPage="http://pesquisa.in.gov.br/imprensa/jsp/visualiza/index.jsp?data=01/09/2025&amp;jornal=529&amp;pagina=54" editionNumber="165" highlightType="" highlightPriority="" highlight="" highlightimage="" highlightimagename="" idMateria="23053909">
  <body>
    <Identifica><![CDATA[  DESPACHO]]></Identifica>
    <Data><![CDATA[]]></Data>
    <Ementa />
    <Titulo />
    <SubTitulo />
    <Texto><![CDATA[<p class="identifica">DESPACHO</p><p>O SECRETÁRIO EXECUTIVO DO MINISTÉRIO DA FAZENDA, tendo em vista o disposto nos arts. 51 e 54 da Lei nº 14.600, de 19 de junho de 2023, o Decreto nº 1.387, de 07 de fevereiro de 1995, o Decreto nº 10.193, de 27 de dezembro de 2019, e no uso da competência que lhe foi delegada pelos arts. 2º e 4º da Portaria MF nº 267, de 26 de abril de 2023, autoriza o afastamento do País de MAÍRA MADRID BARBOSA DA SILVA, Presidente da Agência Brasileira Gestora de Fundos Garantidores e Garantias, entidade vinculada ao Ministério da Fazenda, a fim de participar da Annual General Meeting 2025 da Berne Union, em Ottawa, Canadá, no período de 19 a 25 de outubro de 2025, com ônus, inclusive trânsito (Processo SEI nº 14021.063595/2025-37).</p><p class="assina">DARIO CARNEVALLI DURIGAN</p>]]></Texto>
  </body>
  <Midias />
</article></xml>