﻿<xml><article id="45200627" name="PORTARIA NA 3128 DE 26 DE AGOSTO" idOficio="11253942" pubName="DO2" artType="Portaria" pubDate="01/09/2025" artClass="00047:00053:00026:00000:00000:00000:00000:00000:00000:00000:00017:00000" artCategory="Ministério da Saúde/Fundação Nacional de Saúde/Superintendência Estadual no Maranhão" artSize="12" artNotes="" numberPage="88" pdfPage="http://pesquisa.in.gov.br/imprensa/jsp/visualiza/index.jsp?data=01/09/2025&amp;jornal=529&amp;pagina=88" editionNumber="165" highlightType="" highlightPriority="" highlight="" highlightimage="" highlightimagename="" idMateria="23055011">
  <body>
    <Identifica><![CDATA[PORTARIA Nº 3.128, DE 26 DE AGOSTO DE 2025]]></Identifica>
    <Data><![CDATA[]]></Data>
    <Ementa />
    <Titulo />
    <SubTitulo />
    <Texto><![CDATA[<p class="identifica">PORTARIA Nº 3.128, DE 26 DE AGOSTO DE 2025</p><p>O SUPERINTENDENTE ESTADUAL DA FUNDAÇÃO NACIONAL DE SAÚDE, no Estado do Maranhão, nomeado pela Portaria nº 33, de 06 de janeiro de 2025, publicada no DOU de 07/01/2025, Seção 2, pag. 04, e no uso de suas atribuições legais e regimentais, estabelecidas na Seção IV, art.17, c/c art. 20 do Decreto nº. 11.223, de 05/10/2022, publicado no DOU do dia 06 subsequente e tendo em vista o que consta do processo nº. 25170.000385/2025-41, resolve:</p><p>ART. 1º Conceder aposentadoria voluntária com proventos integrais ao servidor ADEVAL BARBOSA AVELAR, Matricula SIAPE nº 6469544, no cargo de Engenheiro, NS, Classe S, Padrão V, com jornada de trabalho de 40 horas semanais, oriundo do Quadro de Pessoal Permanente da Fundação Nacional de Saúde, vinculado a Unidade Pagadora do Maranhão (UPAG/MA), com fundamento no Art. 6º, da Emenda Constitucional nº 41/2003, combinado com o Art. 3º da Emenda Constitucional nº 103/2019. .</p><p>ART. 2º declara vago o cargo no Art. 1º.</p><p class="assina">MARIA DE FATIMA DE OLIVEIRA CHAVES</p>]]></Texto>
  </body>
  <Midias />
</article></xml>