﻿<xml><article id="45196359" name="PUBLICACAO D. O. U. PORTARIA 538" idOficio="11253136" pubName="DO2" artType="Portaria" pubDate="01/09/2025" artClass="00029:00035:00015:00011:00000:00000:00000:00000:00000:00000:00017:00000" artCategory="Ministério da Gestão e da Inovação em Serviços Públicos/Secretaria de Gestão de Pessoas/Diretoria de Serviços de Aposentados e de Pensionistas e Órgãos Extintos/Divisão de Pessoal no Ex-Território Federal do Amapá" artSize="12" artNotes="" numberPage="60" pdfPage="http://pesquisa.in.gov.br/imprensa/jsp/visualiza/index.jsp?data=01/09/2025&amp;jornal=529&amp;pagina=60" editionNumber="165" highlightType="" highlightPriority="" highlight="" highlightimage="" highlightimagename="" idMateria="23053860">
  <body>
    <Identifica><![CDATA[ PORTARIA/MGI Nº 5.387, DE 4 DE JULHO DE 2025]]></Identifica>
    <Data><![CDATA[]]></Data>
    <Ementa />
    <Titulo />
    <SubTitulo />
    <Texto><![CDATA[<p class="identifica">PORTARIA/MGI Nº 5.387, DE 4 DE JULHO DE 2025</p><p>O CHEFE DA DIVISÃO DE PESSOAL NO EX-TERRITÓRIO FEDERAL DO AMAPÁ DA DIRETORIA DE SERVIÇOS DE APOSENTADOS E DE PENSIONISTAS E ÓRGÃOS EXTINTOS DO MINISTÉRIO DA GESTÃO E DA INOVAÇÃO EM SERVIÇOS PÚBLICOS, no uso das competências que lhe foram delegadas pelas Portarias nºs 6.186/SEDGG, de 1º de junho de 2022, publicada no DOU nº 104, de 2 de junho de 2022 , 13.751/DECIPEX, de 27 de dezembro de 2018, publicada no Diário Oficial da União nº 249, de 28 de dezembro de 2018 e Portaria de Pessoal DGP/SGC/SE/MGI nº 394, de 24 de Janeiro de 2023, apostilado no BGP, publicado em 24 de janeiro de 2023, Ano 7, Edição 1.17, resolve:</p><p>Art. 1º - Art. 1º - Enquadrar a servidora ADRIANA MACHADO DE SOUZA matrícula SIAPE nº 3470842, na Carreira de Magistério do Ensino Básico, Técnico e Tecnológico, estruturada pela Lei nº 12.772, de 28 de dezembro de 2012, com posicionamento na Classe A Nível 001, a contar de de 27 de junho de 2025, com base na PORTARIA SGA/SE/MEC Nº 294, DE 24 DE JUNHO DE 2025, Seção 2, página 11, publicada no DOU nº 119, de 27 de junho de 2025, conforme estabelecido na Lei nº 13.681 de 18 de junho de 2018. Processos SEI nº 19975.016818/2025-11.</p><p>Art. 2º - Estas portarias entram em vigor na data de suas publicações.</p><p class="assina">ADAILTON DE JESUS SILVA DOS SANTOS</p>]]></Texto>
  </body>
  <Midias />
</article></xml>