﻿<xml><article id="45197241" name="PORTARIA N 672_23053457" idOficio="11252857" pubName="DO2" artType="Portaria" pubDate="01/09/2025" artClass="00070:00004:00001:00002:00000:00000:00000:00000:00000:00000:00017:00008" artCategory="Poder Judiciário/Superior Tribunal de Justiça/Presidência/Secretaria" artSize="12" artNotes="" numberPage="104" pdfPage="http://pesquisa.in.gov.br/imprensa/jsp/visualiza/index.jsp?data=01/09/2025&amp;jornal=529&amp;pagina=104" editionNumber="165" highlightType="" highlightPriority="" highlight="" highlightimage="" highlightimagename="" idMateria="23053457">
  <body>
    <Identifica><![CDATA[ PORTARIA STJ/GDG Nº 672, DE 28 DE AGOSTO DE 2025]]></Identifica>
    <Data><![CDATA[]]></Data>
    <Ementa />
    <Titulo />
    <SubTitulo />
    <Texto><![CDATA[<p class="identifica">PORTARIA STJ/GDG Nº 672, DE 28 DE AGOSTO DE 2025</p><p>O DIRETOR-GERAL DA SECRETARIA DO SUPERIOR TRIBUNAL DE JUSTIÇA, com base no item 21.2.3, XI, b, do Anexo da Instrução Normativa STJ/GP n. 19 de 11 de junho de 2025 e no disposto no art. 35, I, da Lei n. 8.112, de 11 de dezembro de 1990, resolve:</p><p>Art. 1º Efetuar as seguintes alterações na Coordenadoria de Suprimentos e Patrimônio, da Secretaria de Administração:</p><p>I - Dispensar ANDRÉ LUIS CARNEIRO, matrícula S036280, da função de confiança de Assistente II, código FC-2;</p><p>II - Designar ANNA CAROLINA CONDE SANTOS, matrícula S078063, para a função de confiança de Assistente II, código FC-2, na vaga decorrente da dispensa de André Luis Carneiro.</p><p>Art. 2º Esta portaria entra em vigor na data de sua publicação.</p><p class="assina">SERGIO JOSÉ AMERICO PEDREIRA</p>]]></Texto>
  </body>
  <Midias />
</article></xml>