﻿<xml><article id="45202192" name="PORTARIA N 9.427_23055436" idOficio="11254226" pubName="DO2" artType="Portaria" pubDate="01/09/2025" artClass="00025:00122:00000:00000:00000:00000:00000:00000:00000:00000:00017:00000" artCategory="Ministério da Educação/Universidade Federal do Rio de Janeiro" artSize="12" artNotes="" numberPage="42" pdfPage="http://pesquisa.in.gov.br/imprensa/jsp/visualiza/index.jsp?data=01/09/2025&amp;jornal=529&amp;pagina=42" editionNumber="165" highlightType="" highlightPriority="" highlight="" highlightimage="" highlightimagename="" idMateria="23055436">
  <body>
    <Identifica><![CDATA[ PORTARIA Nº 9.427, DE 29 DE AGOSTO DE 2025]]></Identifica>
    <Data><![CDATA[]]></Data>
    <Ementa />
    <Titulo />
    <SubTitulo />
    <Texto><![CDATA[<p class="identifica">PORTARIA Nº 9.427, DE 29 DE AGOSTO DE 2025</p><p>O Reitor da Universidade Federal do Rio de Janeiro, no uso de suas atribuições conferidas pelo Decreto de 27 de Junho de 2023, publicada no Diário Oficial da União nº 121 de 28 de Junho de 2023, resolve:</p><p>Nomear de acordo com o artigo 9°, inciso II da Lei n° 8.112, de 11/12/90, MARILSON DOS SANTOS SANTANA, Matrícula Siape nº 1459179, Professor do Magistério Superior, para exercer por 4 anos , o mandato de Diretor, do(a) Faculdade Nacional de Direito -FND, CD-4, processo nº 23079.259511/24-11.</p><p class="assina">ROBERTO DE ANDRADE MEDRONHO</p>]]></Texto>
  </body>
  <Midias />
</article></xml>