﻿<xml><article id="45197160" name="Portarias UFSM REITOR_ 2025__OJA" idOficio="11248839" pubName="DO2" artType="Portaria" pubDate="01/09/2025" artClass="00025:00129:00000:00000:00000:00000:00000:00000:00000:00000:00017:00002" artCategory="Ministério da Educação/Universidade Federal de Santa Maria" artSize="12" artNotes="" numberPage="44" pdfPage="http://pesquisa.in.gov.br/imprensa/jsp/visualiza/index.jsp?data=01/09/2025&amp;jornal=529&amp;pagina=44" editionNumber="165" highlightType="" highlightPriority="" highlight="" highlightimage="" highlightimagename="" idMateria="23046688">
  <body>
    <Identifica><![CDATA[ PORTARIAS DE PESSOAL UFSM DE 27 DE AGOSTO DE 2025]]></Identifica>
    <Data><![CDATA[]]></Data>
    <Ementa />
    <Titulo />
    <SubTitulo />
    <Texto><![CDATA[<p class="identifica">PORTARIAS DE PESSOAL UFSM DE 27 DE AGOSTO DE 2025</p><p>A VICE-REITORA DA UNIVERSIDADE FEDERAL DE SANTA MARIA, no uso de suas atribuições legais e estatutárias, em virtude da delegação de competência atribuída pela Portaria de Pessoal UFSM N. 2.190, de 29 de dezembro de 2021 e sua(s) apostila(s) e tendo em vista o que consta do Processo n. 23081.116815/2025-19 , resolve:</p><p>Nº 1.876-EXONERAR Júlio Cesar Modesto da Silva, Matrícula SIAPE 2273931, ocupante do cargo de Assistente em Administração, do Quadro Único de Pessoal da UFSM, do Cargo de Direção de Assessor do Gabinete do Reitor, Código CD4.07, para o qual foi nomeado pela Portaria de pessoal UFSM N. 287/UFSM, de 07/02/2025.</p><p>II - Esta Portaria entra em vigor na data de sua publicação.</p><p>Nº 1.877-EXONERAR Giovani Leone Zabot, Matrícula SIAPE 2249826, ocupante do cargo de Professor do Magistério Superior, do Quadro Único de Pessoal da UFSM, do Cargo de Direção de Vice-Diretor do Campus da UFSM em Cachoeira do Sul, Código CD4.37, para o qual foi nomeado pela Portaria de pessoal UFSM N. 2.127, de 14/12/2021.</p><p>II - Esta Portaria entra em vigor na data de sua publicação.</p><p>III - O servidor deixará de perceber Adicional de Insalubridade.</p><p>Nº 1.878-NOMEAR Giovani Leone Zabot, Matrícula SIAPE 2249826, ocupante do cargo de Professor do Magistério Superior, do Quadro Único de Pessoal da UFSM, para exercer o Cargo de Direção de Coordenador da Coordenadoria Acadêmica do Campus da UFSM/CS, Código CD4.37.</p><p>II - Esta Portaria entra em vigor na data de sua publicação.</p><p>III - O servidor deixará de perceber Adicional de Insalubridade.</p><p>Nº 1.879-NOMEAR Júlio Cesar Modesto da Silva, Matrícula SIAPE 2273931, ocupante do cargo de Assistente em Administração, do Quadro Único de Pessoal da UFSM, para exercer o Cargo de Direção de Coordenador da Coordenadoria Administrativa do Campus da UFSM/CS, Código CD4.07.</p><p>II - Esta Portaria entra em vigor na data de sua publicação.</p><p class="assina">MARTHA BOHRER ADAIME</p>]]></Texto>
  </body>
  <Midias />
</article></xml>