﻿<xml><article id="45196140" name="PORTARIA N 1.278_23042366" idOficio="11246192" pubName="DO2" artType="Portaria" pubDate="01/09/2025" artClass="00066:00010:00001:00004:00000:00000:00000:00000:00000:00000:00017:00004" artCategory="Ministério Público da União/Ministério Público do Trabalho/Procuradoria-Geral/Diretoria-Geral" artSize="12" artNotes="" numberPage="98" pdfPage="http://pesquisa.in.gov.br/imprensa/jsp/visualiza/index.jsp?data=01/09/2025&amp;jornal=529&amp;pagina=98" editionNumber="165" highlightType="" highlightPriority="" highlight="" highlightimage="" highlightimagename="" idMateria="23042366">
  <body>
    <Identifica><![CDATA[ PORTARIA DG Nº 1.278, DE 25 DE AGOSTO DE 2025]]></Identifica>
    <Data><![CDATA[]]></Data>
    <Ementa />
    <Titulo />
    <SubTitulo />
    <Texto><![CDATA[<p class="identifica">PORTARIA DG Nº 1.278, DE 25 DE AGOSTO DE 2025</p><p>O DIRETOR-GERAL DO MINISTÉRIO PÚBLICO DO TRABALHO, no uso da competência que lhe foi atribuída pelo artigo 258 da Portaria PGT/MPT nº 1.162, de 7 de agosto de 2025, publicada no Boletim de Serviço Eletrônico nº 147, de 8 de agosto de 2025, e considerando o que consta no PGEA/MPT n° 20.02.0001.0006225/2025-20, resolve:</p><p>Art.1° Apostilar a Portaria MPT nº 1821, de 05/10/2023, publicada no Diário Oficial da União nº 193, de 09/10/2023, que nomeou a servidora RHANY VICTOR BACELAR WAGNER, matrícula 6009606-3, para o cargo em comissão de Assessor Jurídico Nível II do 44º Ofício Geral da Procuradoria-Geral do Trabalho, código CC-2, para considerar a nomeação para exercer o cargo em comissão de Chefe da Assessoria Jurídica do 1º Ofício Especial da 3ª Subcâmara de Coordenação e Revisão, código CC-4, na Procuradoria-Geral do Trabalho.</p><p class="assina">JOÃO BATISTA MACHADO JÚNIOR</p>]]></Texto>
  </body>
  <Midias />
</article></xml>