﻿<xml><article id="45196203" name="Portarias 307 e 308 de 26.08.202" idOficio="11246985" pubName="DO2" artType="Portaria" pubDate="01/09/2025" artClass="00025:00098:00000:00000:00000:00000:00000:00000:00000:00000:00017:00000" artCategory="Ministério da Educação/Universidade Federal do Cariri" artSize="12" artNotes="" numberPage="33" pdfPage="http://pesquisa.in.gov.br/imprensa/jsp/visualiza/index.jsp?data=01/09/2025&amp;jornal=529&amp;pagina=33" editionNumber="165" highlightType="" highlightPriority="" highlight="" highlightimage="" highlightimagename="" idMateria="23043902">
  <body>
    <Identifica><![CDATA[ PORTARIAS DE 26 DE AGOSTO DE 2025]]></Identifica>
    <Data><![CDATA[]]></Data>
    <Ementa />
    <Titulo />
    <SubTitulo />
    <Texto><![CDATA[<p class="identifica">PORTARIAS DE 26 DE AGOSTO DE 2025</p><p>O REITOR DA UNIVERSIDADE FEDERAL DO CARIRI, no uso da atribuição que lhe confere o Decreto Presidencial de 1o de junho de 2023, publicado no Diário Oficial da União no dia 02 de junho de 2023, seção 2, página 1, resolve:</p><p>Nº 307 - Art. 1º Designar a servidora VALÉRIA MARIA SOUZA DA SILVA, Matrícula Siape: 1997222, para exercer a função de Chefe, código: FG-02, do Núcleo de Heteroidentificação, vinculado à Secretaria de Ações Afirmativas, Diversidade e Equidade - SAADE, ficando em consequência dispensada da função de Chefe, código: FG-03, do Núcleo de Gestão da mesma unidade administrativa (Processo n. 23507.005677/2025-03).</p><p>Art. 2º Esta Portaria entra em vigor nesta data.</p><p>Nº 308 - Art. 1º Designar a servidora JISALINE FAGUNDES RODRIGUES, Matrícula Siape: 1271268, para exercer a função de Chefe, código: FG-02, do Núcleo de Gestão da Secretaria de Ações Afirmativas, Diversidade e Equidade - SAADE (Processo n. 23507.005678/2025-40).</p><p>Art. 2º Esta Portaria entra em vigor nesta data.</p><p class="assina">SILVÉRIO DE PAIVA FREITAS JÚNIOR</p>]]></Texto>
  </body>
  <Midias />
</article></xml>