﻿<xml><article id="45196104" name="Port 271 Raimunda" idOficio="11242139" pubName="DO2" artType="Portaria" pubDate="01/09/2025" artClass="00008:00002:00021:00000:00000:00000:00000:00000:00000:00000:00017:00000" artCategory="Ministério da Agricultura e Pecuária/Secretaria Executiva/Superintendência de Agricultura e Pecuária do Estado do Amapá" artSize="12" artNotes="" numberPage="5" pdfPage="http://pesquisa.in.gov.br/imprensa/jsp/visualiza/index.jsp?data=01/09/2025&amp;jornal=529&amp;pagina=5" editionNumber="165" highlightType="" highlightPriority="" highlight="" highlightimage="" highlightimagename="" idMateria="23034805">
  <body>
    <Identifica><![CDATA[ Portaria SFA-AP/SE/MAPA nº 271, de 25 de agosto de 2025]]></Identifica>
    <Data><![CDATA[]]></Data>
    <Ementa />
    <Titulo />
    <SubTitulo />
    <Texto><![CDATA[<p class="identifica">Portaria SFA-AP/SE/MAPA nº 271, de 25 de agosto de 2025</p><p>O SUPERINTENDENTE FEDERAL DE AGRICULTURA E PECUÁRIA NO AMAPÁ, no uso das atribuições que lhe confere os arts. 41 e 50 do Anexo I ao Decreto nº 11.332, de 1º de janeiro de 2023, e tendo em vista o disposto no art. 1º, inciso IV, da Portaria SE/MAPA nº 22, de 25 de abril de 2023, e o que consta do processo SEI nº21008.000586/2025-79, resolve:</p><p>Art. 1º CONCEDER Aposentadoria Voluntária, com proventos Integrais a servidora RAIMUNDA IVANETE DE OLIVEIRA DOS SANTOS, Matrícula SIAPE nº 0003045, ocupante do cargo de Agente Administrativo, Classe S, Padrão V, pertencente ao Quadro de Pessoal do Ministério da Agricultura e Pecuária, lotado na Superintendência Federal de Agricultura e Pecuária no Amapá - SFA/AP, com base no Art. 3º, da Emenda Constitucional nº 47/2005, combinado com o Art. 3º da Emenda Constitucional nº 103/2019.</p><p>Art. 2º Esta portaria entra em vigor na data de sua publicação.</p><p class="assina">PATRICK DE CASTRO CANTUÁRIA</p>]]></Texto>
  </body>
  <Midias />
</article></xml>