﻿<xml><article id="45197274" name="PORTARIA N 3.374_23047969" idOficio="11249508" pubName="DO2" artType="Portaria" pubDate="01/09/2025" artClass="00034:00063:00000:00000:00000:00000:00000:00000:00000:00000:00017:00000" artCategory="Ministério do Meio Ambiente e Mudança do Clima/Instituto Chico Mendes de Conservação da Biodiversidade" artSize="12" artNotes="" numberPage="67" pdfPage="http://pesquisa.in.gov.br/imprensa/jsp/visualiza/index.jsp?data=01/09/2025&amp;jornal=529&amp;pagina=67" editionNumber="165" highlightType="" highlightPriority="" highlight="" highlightimage="" highlightimagename="" idMateria="23047969">
  <body>
    <Identifica><![CDATA[ PORTARIA ICMBio N° 3.374, DE 25 DE AGOSTO DE 2025]]></Identifica>
    <Data><![CDATA[]]></Data>
    <Ementa />
    <Titulo />
    <SubTitulo />
    <Texto><![CDATA[<p class="identifica">PORTARIA ICMBio N° 3.374, DE 25 DE AGOSTO DE 2025</p><p>O PRESIDENTE DO INSTITUTO CHICO MENDES DE CONSERVAÇÃO DA BIODIVERSIDADE - ICMBio, no uso das competências atribuídas pelo artigo 15 do Decreto nº 12.258, de 25 de novembro de 2024, nomeado pela Portaria de Pessoal nº 2.464/Casa Civil, de 16 de maio de 2023, publicada no Diário Oficial da União de 17 de maio de 2023; resolve:</p><p>Dispensar, a pedido, JOSE ERNANE BARBOSA DE CASTRO, matrícula SIAPE nº 1542979, da Função Comissionada Executiva de Corregedor, Código FCE 1.13, da Corregedoria - CORR, do Instituto Chico Mendes de Conservação da Biodiversidade.</p><p class="assina">MAURO OLIVEIRA PIRES</p>]]></Texto>
  </body>
  <Midias />
</article></xml>