﻿<xml><article id="45196761" name="6114" idOficio="11208236" pubName="DO2" artType="Portaria" pubDate="01/09/2025" artClass="00025:00146:00000:00000:00000:00000:00000:00000:00000:00000:00017:00000" artCategory="Ministério da Educação/Fundação Universidade Federal de Ciências da Saúde de Porto Alegre" artSize="12" artNotes="" numberPage="50" pdfPage="http://pesquisa.in.gov.br/imprensa/jsp/visualiza/index.jsp?data=01/09/2025&amp;jornal=529&amp;pagina=50" editionNumber="165" highlightType="" highlightPriority="" highlight="" highlightimage="" highlightimagename="" idMateria="22977611">
  <body>
    <Identifica><![CDATA[ PORTARIA DAP PROGESP UFCSPA Nº 6.114, DE  7 DE AGOSTO DE 2025]]></Identifica>
    <Data><![CDATA[]]></Data>
    <Ementa />
    <Titulo />
    <SubTitulo />
    <Texto><![CDATA[<p class="identifica">PORTARIA DAP PROGESP UFCSPA Nº 6.114, DE 7 DE AGOSTO DE 2025</p><p>A REITORA DA FUNDAÇÃO UNIVERSIDADE FEDERAL DE CIÊNCIAS DA SAÚDE DE PORTO ALEGRE, no uso de suas atribuições, conferidas pelo Decreto de 13/03/2025, publicado no Diário Oficial da União de 14/03/2025, e considerando o Processo SEI 23103.011068/2025-28, resolve:</p><p>Art. 1º Conceder aposentadoria voluntária ao servidor JOSÉ CARLOS DE ARAÚJO HAERTEL, matrícula SIAPE nº 434186, ocupante do cargo de Professor do Magistério Superior, Classe B, com denominação de Professor Adjunto, em regime de 40 horas semanais, nos termos do art. 3º, incisos I, II, III e parágrafo único da Emenda Constitucional nº 47/2005, combinado com o Art. 3º da EC nº 103/2019.</p><p>Art. 2º Declarar vago o referido cargo.</p><p>Art. 3º Esta portaria entra em vigor na data de sua publicação.</p><p class="assina">JENIFER SAFFI</p><p></p>]]></Texto>
  </body>
  <Midias />
</article></xml>