﻿<xml><article id="45201901" name="IFRR_RTF_Portaria_3691" idOficio="11254155" pubName="DO2" artType="Portaria" pubDate="01/09/2025" artClass="00025:00082:00001:00000:00000:00000:00000:00000:00000:00000:00017:00000" artCategory="Ministério da Educação/Instituto Federal de Educação, Ciência e Tecnologia de Roraima/Reitoria" artSize="12" artNotes="" numberPage="29" pdfPage="http://pesquisa.in.gov.br/imprensa/jsp/visualiza/index.jsp?data=01/09/2025&amp;jornal=529&amp;pagina=29" editionNumber="165" highlightType="" highlightPriority="" highlight="" highlightimage="" highlightimagename="" idMateria="23055391">
  <body>
    <Identifica><![CDATA[ PORTARIA Nº 3.691/CORREG/IFRR, DE 26 DE AGOSTO DE 2025]]></Identifica>
    <Data><![CDATA[]]></Data>
    <Ementa />
    <Titulo />
    <SubTitulo />
    <Texto><![CDATA[<p class="identifica">PORTARIA Nº 3.691/CORREG/IFRR, DE 26 DE AGOSTO DE 2025</p><p>O CORREGEDOR DO INSTITUTO FEDERAL DE EDUCAÇÃO, CIÊNCIA E TECNOLOGIA DE RORAIMA, no exercício da competência que lhe conferem o art. 228 da Resolução CONSUP/IFRR nº 806, de 17 de outubro de 2024, e o art. 7º da Instrução Normativa nº 1/2025 - GAB/IFRR, de 25 de abril de 2025, e o que consta no Processo nº 23231.000638.2024-16, resolve:</p><p>Art. 1º Aplicar a penalidade de suspensão, pelo período de 5 (cinco) dias, à servidora SUELI SOUSA MARTINS, ocupante do cargo de Professor de Ensino Básico Técnico e Tecnológico, SIAPE nº 1735548, SIAPECAD nº 01606702, lotada no(a) Coordenação do Curso Técnico em Publicidade Subsea uente ao Ensino Médio do Campus Boa Vista Zona Oeste, nos termos do art.130 da Lei nº 8.112/90, por ter cometido a transgressão pela violação de proibição do art. 117, V, da Lei 8.112, de 11 de dezembro de 1990, de acordo com os autos do processo referenciado.</p><p>Art. 2º Estabelecer que a presente Portaria entre em vigor na data de sua publicação no Diário Oficial da União.</p><p class="assina">RONALDO PARENTE CANDIDO</p>]]></Texto>
  </body>
  <Midias />
</article></xml>