﻿<xml><article id="45196521" name="Dispensa- CIRO DANIEL-FUCC" idOficio="11250633" pubName="DO2" artType="Portaria" pubDate="01/09/2025" artClass="00025:00078:00017:00000:00000:00000:00000:00000:00000:00000:00017:00001" artCategory="Ministério da Educação/Instituto Federal de Educação, Ciência e Tecnologia do Rio Grande do Norte/Campus Pau dos Ferros" artSize="24" artNotes="" numberPage="27" pdfPage="http://pesquisa.in.gov.br/imprensa/jsp/visualiza/index.jsp?data=01/09/2025&amp;jornal=529&amp;pagina=27" editionNumber="165" highlightType="" highlightPriority="" highlight="" highlightimage="" highlightimagename="" idMateria="23049557">
  <body>
    <Identifica><![CDATA[ PORTARIA Nº 279-DG/PF/RE/IFRN, DE 27 de fevereiro de 2025]]></Identifica>
    <Data><![CDATA[]]></Data>
    <Ementa />
    <Titulo />
    <SubTitulo />
    <Texto><![CDATA[<p class="identifica">PORTARIA Nº 279-DG/PF/RE/IFRN, DE 27 de fevereiro de 2025</p><p>O DIRETOR GERAL DO CAMPUS PAU DOS FERROS DO INSTITUTO FEDERAL DE EDUCAÇÃO, CIÊNCIA E TECNOLOGIA DO RIO GRANDE DO NORTE no uso de suas atribuições, delegadas através da Portaria nº. 1.630/2023-RE/IFRN, de 27 de setembro de 2023, publicada no Diário Oficial da União, de 29 de setembro de 2023, e</p><p>CONSIDERANDO o que consta no Processo nº. 23137.001911.2025-71, de 15/08/2025, resolve:</p><p>DISPENSAR, o servidor abaixo relacionado, pertencente ao Quadro Permanente deste Instituto Federal, para qual foi designado a exercer o respectivo cargo de confiança, integrante da Estrutura Administrativa desta Instituição.</p><p /><p></p><table><tr /><tr><td rowspan="1" colspan="2"><p>SERVIDOR</p></td><td rowspan="1" colspan="3"><p>CARGO DE CONFIANÇA</p></td></tr><tr><td rowspan="1" colspan="1"><p>Matrícula Siape</p></td><td rowspan="1" colspan="1"><p>NOME</p></td><td rowspan="1" colspan="1"><p>CÓDIGO</p></td><td rowspan="1" colspan="1"><p>DENOMINAÇÃO</p></td><td rowspan="1" colspan="1"><p>CADEIA HIERÁRQUICA</p></td></tr><tr><td rowspan="1" colspan="1"><p>3240240</p></td><td rowspan="1" colspan="1"><p>Ciro Daniel Gurgel de Moura</p></td><td rowspan="1" colspan="1"><p>FUC-001</p></td><td rowspan="1" colspan="1"><p>Coordenação de Curso Técnico Integrado em Informática</p></td><td rowspan="1" colspan="1"><p>Diretoria Acadêmica</p></td></tr></table><p>EMANUEL NETO ALVES DE OLIVEIRA</p>]]></Texto>
  </body>
  <Midias />
</article></xml>