﻿<xml><article id="45196398" name="PORTARIA N 2.650_23053738" idOficio="11253017" pubName="DO2" artType="Portaria" pubDate="01/09/2025" artClass="00032:00002:00000:00000:00000:00000:00000:00000:00000:00000:00017:00000" artCategory="Ministério da Integração e do Desenvolvimento Regional/Secretaria Executiva" artSize="12" artNotes="" numberPage="61" pdfPage="http://pesquisa.in.gov.br/imprensa/jsp/visualiza/index.jsp?data=01/09/2025&amp;jornal=529&amp;pagina=61" editionNumber="165" highlightType="" highlightPriority="" highlight="" highlightimage="" highlightimagename="" idMateria="23053738">
  <body>
    <Identifica><![CDATA[ PORTARIA MIDR Nº 2.650, DE 28 DE AGOSTO DE 2025]]></Identifica>
    <Data><![CDATA[]]></Data>
    <Ementa />
    <Titulo />
    <SubTitulo />
    <Texto><![CDATA[<p class="identifica">PORTARIA MIDR Nº 2.650, DE 28 DE AGOSTO DE 2025</p><p>O SECRETÁRIO-EXECUTIVO DO MINISTÉRIO DA INTEGRAÇÃO E DO DESENVOLVIMENTO REGIONAL, em conformidade com a delegação de competência outorgada pelo art. 11 da Portaria nº 1.184, de 15 de abril de 2024, considerando o disposto no art. 38 da Lei nº 8.112, de 11 de dezembro de 1990, tendo em vista o disposto no Decreto nº 12.504, de 12 de junho de 2025, e o constante no processo nº 59000.011202/2024-13, resolve:</p><p>DESIGNAR GISELI CAMPOS DE ALMEIDA BOA SORTE para exercer o encargo de substituta eventual do cargo comissionado de Chefe de Gabinete do Gabinete da Secretaria Nacional de Políticas de Desenvolvimento Regional e Territorial, código CCE 1.13, deste Ministério, sem prejuízo do cargo que ocupa.</p><p class="assina">VALDER RIBEIRO DE MOURA</p>]]></Texto>
  </body>
  <Midias />
</article></xml>