﻿<xml><article id="45196890" name="PTP 901-2025" idOficio="11251037" pubName="DO2" artType="Portaria" pubDate="01/09/2025" artClass="00025:00050:00001:00000:00000:00000:00000:00000:00000:00000:00017:00901" artCategory="Ministério da Educação/Centro Federal de Educação Tecnológica de Minas Gerais/Gabinete" artSize="12" artNotes="" numberPage="17" pdfPage="http://pesquisa.in.gov.br/imprensa/jsp/visualiza/index.jsp?data=01/09/2025&amp;jornal=529&amp;pagina=17" editionNumber="165" highlightType="" highlightPriority="" highlight="" highlightimage="" highlightimagename="" idMateria="23050189">
  <body>
    <Identifica><![CDATA[ PORTARIA DE PESSOAL SEGEP/CEFET-MG Nº 901, DE 27 DE AGOSTO DE 2025]]></Identifica>
    <Data><![CDATA[]]></Data>
    <Ementa />
    <Titulo />
    <SubTitulo />
    <Texto><![CDATA[<p class="identifica">PORTARIA DE PESSOAL SEGEP/CEFET-MG Nº 901, DE 27 DE AGOSTO DE 2025</p><p>A DIRETORA GERAL DO CENTRO FEDERAL DE EDUCAÇÃO TECNOLÓGICA DE MINAS GERAIS, nomeada pela Portaria Ministerial de nº 1935, de 20 de outubro de 2023, publicada no DOU em 24 de outubro de 2023 e o SECRETÁRIO DE GESTÃO DE PESSOAS nomeado pela Portaria DIR nº 661, de 25 de outubro de 2023, publicada no DOU em 26 de outubro de 2023, no uso de suas atribuições legais e regimentais que lhes são conferidas,</p><p>CONSIDERANDO: i) o disposto no art. 1º, inciso VI da Portaria GDG/CEFET-MG Nº 21, de 07 de novembro de 2023, que delega competência ao Secretário de Gestão de Pessoas; e ii) o que consta do Processo no 23062.043142/2025-07, resolvem:</p><p>Art. 1º Exonerar, a pedido, a partir de 01/09/2025, FRANCILENE RAMOS LOURENCO SOARES, matrícula SIAPE nº 1239856, ocupante do cargo efetivo de Bibliotecário - Documentalista, Classe E, Padrão 002, sob o código de vaga nº 339611, nos termos nos termos do inciso I do art. 33 e do art. 34, ambos da Lei nº 8.112, de 11 de dezembro de 1990.</p><p>Art. 2º Esta portaria entra em vigor na data de sua publicação.</p><p class="assina">CARLA SIMONE CHAMON</p><p class="cargo">Diretora-Geral</p><p class="assina">WESLEY RUAS SILVA</p><p class="cargo">Secretário de Gestão de Pessoas</p>]]></Texto>
  </body>
  <Midias />
</article></xml>