﻿<xml><article id="45196779" name="PORTARIA N 3.129_23053840" idOficio="11253124" pubName="DO2" artType="Portaria" pubDate="01/09/2025" artClass="00033:00045:00015:00000:00000:00000:00000:00000:00000:00000:00017:00002" artCategory="Ministério da Justiça e Segurança Pública/Polícia Federal/Diretoria de Gestão de Pessoas/Coordenação-Geral de Gestão de Pessoas/Coordenação de Administração de Pessoas/Serviço de Aposentadorias e Pensões" artSize="12" artNotes="" numberPage="63" pdfPage="http://pesquisa.in.gov.br/imprensa/jsp/visualiza/index.jsp?data=01/09/2025&amp;jornal=529&amp;pagina=63" editionNumber="165" highlightType="" highlightPriority="" highlight="" highlightimage="" highlightimagename="" idMateria="23053840">
  <body>
    <Identifica><![CDATA[ PORTARIA DGP/PF Nº 3.129, DE 27 DE AGOSTO DE 2025]]></Identifica>
    <Data><![CDATA[]]></Data>
    <Ementa />
    <Titulo />
    <SubTitulo />
    <Texto><![CDATA[<p class="identifica">PORTARIA DGP/PF Nº 3.129, DE 27 DE AGOSTO DE 2025</p><p>O DIRETOR DE GESTÃO DE PESSOAS DA POLÍCIA FEDERAL, no uso das atribuições que lhe são conferidas pelos incisos XIV e XIX do art. 43 do Regimento Interno da Polícia Federal, aprovado pela Portaria MSP nº 155, de 27/09/2018, publicada no Diário Oficial da União nº 200, de 17/10/2018, e tendo em vista o que consta do Processo nº 08430.009718/2025-70, resolve:</p><p>Art. 1º Conceder pensão vitalícia a ADRIANA JACOBI, na qualidade de companheira do ex-servidor CÍCERO FIRPO DOS SANTOS, aposentado do cargo de Agente de Polícia Federal, Primeira Classe, Matrícula SIAPE nº 0183143, falecido em 17 de julho de 2025, com fundamento no inciso IV do art. 3º da Portaria SGP/SEDGG/ME Nº 4645/2022, combinado com os arts. 217, III, 219, I, e art. 222, VII, "b", item 6, todos da Lei nº 8.112/1990, e com o art. 23 da Emenda Constitucional nº 103/2019.</p><p>Art. 2º Os efeitos desta Portaria entram em vigor a partir de 17 de julho de 2025 (data do óbito).</p><p class="assina">GUILHERME MONSEFF DE BIAGI</p>]]></Texto>
  </body>
  <Midias />
</article></xml>