﻿<xml><article id="45200477" name="PORTARIA 1483 DE 25-08-25 PARA D" idOficio="11253906" pubName="DO2" artType="Portaria" pubDate="01/09/2025" artClass="00025:00064:00000:00000:00000:00000:00000:00000:00000:00000:00017:00000" artCategory="Ministério da Educação/Instituto Federal de Educação, Ciência e Tecnologia Farroupilha" artSize="12" artNotes="" numberPage="20" pdfPage="http://pesquisa.in.gov.br/imprensa/jsp/visualiza/index.jsp?data=01/09/2025&amp;jornal=529&amp;pagina=20" editionNumber="165" highlightType="" highlightPriority="" highlight="" highlightimage="" highlightimagename="" idMateria="23054954">
  <body>
    <Identifica><![CDATA[ PORTARIA Nº 1.483, DE 25 DE AGOSTO DE 2025]]></Identifica>
    <Data><![CDATA[]]></Data>
    <Ementa />
    <Titulo />
    <SubTitulo />
    <Texto><![CDATA[<p class="identifica">PORTARIA Nº 1.483, DE 25 DE AGOSTO DE 2025</p><p>A REITORA DO INSTITUTO FEDERAL DE EDUCAÇÃO, CIÊNCIA E TECNOLOGIA FARROUPILHA, nomeada pelo Decreto Presidencial de 29 de janeiro de 2021, publicado no Diário Oficial da União de 1º de fevereiro de 2021, e reconduzida pelo Decreto Presidencial de 30 de janeiro de 2025, publicado no Diário Oficial da União de 31 de janeiro de 2025, no uso das suas atribuições, de acordo com os termos do art. 3º, inciso IV da Portaria SGP/SEDGG/ME No 4645, de 24 de maio de 2022, c/c o inciso III do art. 217 da Lei no 8.112, de 11 de dezembro de 1990, e art. 23 e 24 § 2º da Emenda Constitucional no 103, de 12 de novembro de 2019, e considerando os demais termos do processo nº 23873.004742/2025-05, resolve:</p><p>Art. 1º Concede pensão vitalícia ao dependente José Reginaldo Machado, na qualidade de cônjuge, equivalente à integralidade da remuneração, pelo falecimento da servidora Maria Santa Soares Machado, matrícula Siape nº 50010, ocorrido em 14 de maio de 2018.</p><p>Art. 2º Os efeitos financeiros desta portaria passam a contar a partir de 14 de abril de 2018.</p><p>Art. 3º Esta portaria entra em vigor na data de sua publicação.</p><p class="assina">NIDIA HERINGER</p>]]></Texto>
  </body>
  <Midias />
</article></xml>