﻿<xml><article id="45201088" name="Portaria-1901-2025" idOficio="11254016" pubName="DO2" artType="Portaria" pubDate="01/09/2025" artClass="00070:00045:00001:00000:00000:00000:00000:00000:00000:00000:00017:00000" artCategory="Poder Judiciário/Tribunal Regional do Trabalho da 4ª Região/Presidência" artSize="12" artNotes="" numberPage="113" pdfPage="http://pesquisa.in.gov.br/imprensa/jsp/visualiza/index.jsp?data=01/09/2025&amp;jornal=529&amp;pagina=113" editionNumber="165" highlightType="" highlightPriority="" highlight="" highlightimage="" highlightimagename="" idMateria="23055137">
  <body>
    <Identifica><![CDATA[ PORTARIA Nº 1.901, DE 27 DE AGOSTO DE 2025]]></Identifica>
    <Data><![CDATA[]]></Data>
    <Ementa />
    <Titulo />
    <SubTitulo />
    <Texto><![CDATA[<p class="identifica">PORTARIA Nº 1.901, DE 27 DE AGOSTO DE 2025</p><p>O PRESIDENTE DO TRIBUNAL REGIONAL DO TRABALHO DA 4ª REGIÃO, no uso de suas atribuições legais e regimentais, e considerando o que consta no PROAD nº 5657/2025, resolve:</p><p>CONCEDER pensão vitalícia a MARLI ROQUE FERREIRA, na condição de cônjuge do servidor falecido em atividade, HORMINDO APARECIDO FERREIRA, com fundamento nos artigos 23, caput, e § 4º, da Emenda Constitucional nº 103/2019, 16, inciso I, 74, inciso I, e 77, § 2º, inciso V, alínea "c", e § 2º-B, da Lei nº 8.213/1991, c/c o artigo 1º, inciso VI, da Portaria ME nº 424/2020, a contar de 22-08-2025, data do óbito do servidor.</p><p class="assina">RICARDO HOFMEISTER DE ALMEIDA MARTINS COSTA</p>]]></Texto>
  </body>
  <Midias />
</article></xml>