﻿<xml><article id="45200219" name="09 01 - Secao 2" idOficio="11253808" pubName="DO2" artType="Portaria" pubDate="01/09/2025" artClass="00025:00134:00000:00000:00000:00000:00000:00000:00000:00000:00017:00000" artCategory="Ministério da Educação/Universidade Federal dos Vales do Jequitinhonha e Mucuri" artSize="12" artNotes="" numberPage="48" pdfPage="http://pesquisa.in.gov.br/imprensa/jsp/visualiza/index.jsp?data=01/09/2025&amp;jornal=529&amp;pagina=48" editionNumber="165" highlightType="" highlightPriority="" highlight="" highlightimage="" highlightimagename="" idMateria="23054738">
  <body>
    <Identifica><![CDATA[ PORTARIA Nº 2.111, DE 29 DE AGOSTO DE 2025]]></Identifica>
    <Data><![CDATA[]]></Data>
    <Ementa />
    <Titulo />
    <SubTitulo />
    <Texto><![CDATA[<p class="identifica">PORTARIA Nº 2.111, DE 29 DE AGOSTO DE 2025</p><p>O REITOR DA UNIVERSIDADE FEDERAL DOS VALES DO JEQUITINHONHA E MUCURI, no uso de suas atribuições regimentais, resolve:</p><p>Declarar vago, com fundamento no art. 33, inciso VIII, da Lei nº 8.112, de 1990, a partir de 2 de setembro de 2025, o cargo de Professor do Magistério Superior ocupado pelo servidor EDUARDO CEZAR BARBOSA DE BARROS ARAGÃO, matrícula SIAPE nº 1256288, em virtude de posse em outro cargo inacumulável.</p><p class="assina">Heron Laiber Bonadiman</p>]]></Texto>
  </body>
  <Midias />
</article></xml>