﻿<xml><article id="45196638" name="Portaria IFFLU NA 476 DE 28 de A" idOficio="11250942" pubName="DO2" artType="Portaria" pubDate="01/09/2025" artClass="00025:00065:00001:00000:00000:00000:00000:00000:00000:00000:00017:00000" artCategory="Ministério da Educação/Instituto Federal de Educação, Ciência e Tecnologia Fluminense/Reitoria" artSize="12" artNotes="" numberPage="20" pdfPage="http://pesquisa.in.gov.br/imprensa/jsp/visualiza/index.jsp?data=01/09/2025&amp;jornal=529&amp;pagina=20" editionNumber="165" highlightType="" highlightPriority="" highlight="" highlightimage="" highlightimagename="" idMateria="23050000">
  <body>
    <Identifica><![CDATA[     PORTARIA IFFLU Nº 476, DE 28 DE AGOSTO DE 2025]]></Identifica>
    <Data><![CDATA[]]></Data>
    <Ementa />
    <Titulo />
    <SubTitulo />
    <Texto><![CDATA[<p class="identifica">PORTARIA IFFLU Nº 476, DE 28 DE AGOSTO DE 2025</p><p>  O REITOR DO INSTITUTO FEDERAL DE EDUCAÇÃO, CIÊNCIA E TECNOLOGIA FLUMINENSE - IFFLUMINENSE, no uso das atribuições legais que lhe conferem a Lei nº 11.892 de 29 de dezembro de 2008, a Portaria MEC nº 645, de 17 de agosto de 2021 e o Decreto Presidencial de 08 de abril de 2024, publicado no DOU de 09 de abril de 2024. resolve:</p><p>Art. 1º Conceder APOSENTADORIA VOLUNTÁRIA COM PROVENTOS INTEGRAIS, de acordo o Artigo 20, parágrafos 1º e 2º, inciso I da Emenda Constitucional nº 103 de 12/11/2019, publicada no D.O.U. de 13/11/2019, ao servidor LUIZ CONTARINE NETO, matrícula SIAPE 269352, ocupante do cargo de Professor do Ensino Básico, Técnico e Tecnológico, Classe C, Nível 4, no regime de trabalho de Dedicação Exclusiva, código de vaga nº 0207343, do Quadro Permanente deste Instituto, assegurando-se a seguinte incorporação: 6% (seis por cento) a título de Adicional por Tempo de Serviço e o Reconhecimento de Saberes e Competências Nível III (RSC III) equivalente à Retribuição por Titulação de Doutorado, instituído pela Lei 12.772 de 28/12/2012, publicada no D.O.U. de 31/12/2012, tendo em vista o que consta no Processo nº 23318.002120.2025-30.</p><p>Art. 2º Declarar vago o respectivo cargo.</p><p>Art. 3º Esta portaria entra em vigor na data de sua publicação no Diário Oficial da União.</p><p></p><p class="assina">VICTOR BARBOSA SARAIVA</p>]]></Texto>
  </body>
  <Midias />
</article></xml>