﻿<xml><article id="45196557" name="2025-148Renata-Exonera CJ-1" idOficio="11250457" pubName="DO2" artType="Ato" pubDate="01/09/2025" artClass="00070:00060:00001:00000:00000:00000:00000:00000:00000:00000:00001:00000" artCategory="Poder Judiciário/Tribunal Regional do Trabalho da 19ª Região/Presidência" artSize="12" artNotes="" numberPage="117" pdfPage="http://pesquisa.in.gov.br/imprensa/jsp/visualiza/index.jsp?data=01/09/2025&amp;jornal=529&amp;pagina=117" editionNumber="165" highlightType="" highlightPriority="" highlight="" highlightimage="" highlightimagename="" idMateria="23049388">
  <body>
    <Identifica><![CDATA[ ATO Nº 148, DE 28 DE AGOSTO DE 2025]]></Identifica>
    <Data><![CDATA[]]></Data>
    <Ementa />
    <Titulo />
    <SubTitulo />
    <Texto><![CDATA[<p class="identifica">ATO Nº 148, DE 28 DE AGOSTO DE 2025</p><p>O DESEMBARGADOR-PRESIDENTE DO TRIBUNAL REGIONAL DO TRABALHO DA DÉCIMA NONA REGIÃO, no uso de suas atribuições legais e regimentais estabelecidas no inciso VII do artigo 24 do Regimento Interno, nos termos do inciso I do art. 35 da Lei n.º 8.112, tendo em vista o contido no Proad n.º 4.661, de 20/8/2025, resolve:</p><p>Art. 1º Exonerar a Bela. Renata Mendes Ribeiro Barros, Técnica Judiciária, do cargo em comissão de Assessora Jurídica V, de nível CJ-1, da Secretaria Judiciária de 1º Grau.</p><p>Art. 2º Os efeitos do presente Ato vigoram a partir da publicação.</p><p class="assina">JASIEL IVO</p>]]></Texto>
  </body>
  <Midias />
</article></xml>