﻿<xml><article id="45197391" name="PORTARIA N 579_23049307" idOficio="11250482" pubName="DO2" artType="Portaria" pubDate="01/09/2025" artClass="00070:00060:00001:00000:00000:00000:00000:00000:00000:00000:00017:00000" artCategory="Poder Judiciário/Tribunal Regional do Trabalho da 19ª Região/Presidência" artSize="12" artNotes="" numberPage="117" pdfPage="http://pesquisa.in.gov.br/imprensa/jsp/visualiza/index.jsp?data=01/09/2025&amp;jornal=529&amp;pagina=117" editionNumber="165" highlightType="" highlightPriority="" highlight="" highlightimage="" highlightimagename="" idMateria="23049307">
  <body>
    <Identifica><![CDATA[ PORTARIA GP/TRT 19ª Nº 579, DE 28 DE AGOSTO DE 2025]]></Identifica>
    <Data><![CDATA[]]></Data>
    <Ementa />
    <Titulo />
    <SubTitulo />
    <Texto><![CDATA[<p class="identifica">PORTARIA GP/TRT 19ª Nº 579, DE 28 DE AGOSTO DE 2025</p><p>O DESEMBARGADOR-PRESIDENTE DO TRIBUNAL REGIONAL DO TRABALHO DA DÉCIMA NONA REGIÃO, usando de suas atribuições legais e regimentais estabelecidas no inciso VII do artigo 24 do Regimento Interno, e tendo em vista o contido no PROAD n.º 4.709, de 21/08/2025, resolve:</p><p>Art. 1º Remover a servidora Renata Mendes Ribeiro Barros, Técnica Judiciária, da Secretaria Judiciária de 1º Grau para a 1ª Vara do Trabalho de Arapiraca/AL.</p><p>Art. 2º Designar a supracitada servidora para exercer a função comissionada de Assistente de Juiz II, de nível FC-5, da Secretaria da 1ª Vara do Trabalho de Arapiraca/AL.</p><p>Art. 3º Colocar a mencionada servidora à disposição da Coordenadoria de Apoio às Varas do Trabalho.</p><p>Art. 4º Os efeitos da presente Portaria vigoram a partir da publicação.</p><p class="assina">JASIEL IVO</p>]]></Texto>
  </body>
  <Midias />
</article></xml>