﻿<xml><article id="45197439" name="Ato PRESI n.A 180-2025" idOficio="11252291" pubName="DO2" artType="Ato" pubDate="01/09/2025" artClass="00070:00049:00001:00008:00001:00000:00000:00000:00000:00000:00001:00002" artCategory="Poder Judiciário/Tribunal Regional do Trabalho da 8ª Região/Gabinete da Presidência/Secretaria/Coordenação de Recursos Humanos" artSize="12" artNotes="" numberPage="115" pdfPage="http://pesquisa.in.gov.br/imprensa/jsp/visualiza/index.jsp?data=01/09/2025&amp;jornal=529&amp;pagina=115" editionNumber="165" highlightType="" highlightPriority="" highlight="" highlightimage="" highlightimagename="" idMateria="23052635">
  <body>
    <Identifica><![CDATA[  ATO PRESI Nº 180, DE 26 DE AGOSTO DE 2025]]></Identifica>
    <Data><![CDATA[]]></Data>
    <Ementa />
    <Titulo />
    <SubTitulo />
    <Texto><![CDATA[<p class="identifica">ATO PRESI Nº 180, DE 26 DE AGOSTO DE 2025</p><p>A DESEMBARGADORA VICE-PRESIDENTE DO EGRÉGIO TRIBUNAL REGIONAL DO TRABALHO DA OITAVA REGIÃO, no exercício da Presidência, no uso de suas atribuições legais e regimentais, e</p><p>CONSIDERANDO a indicação da servidora IVANETE DA COSTA MORAES para exercer o cargo em comissão de Assessor, CJ-1, do quadro de lotação do Gabinete do Excelentíssimo Desembargador do Trabalho João Carlos de Oliveira Martins;</p><p>CONSIDERANDO o que consta no Processo Administrativo Eletrônico n.º 6086/2025 e o interesse do serviço, resolve:</p><p>Art. 1.º DISPENSAR a servidora IVANETE DA COSTA MORAES, Analista Judiciária, Área Judiciária, SIGEP n.º 1355, da função comissionada de Assistente de Gabinete, FC-05 (código 167), do quadro de lotação do Gabinete da Excelentíssima Desembargadora do Trabalho Rosita de Nazaré Sidrim Nassar.</p><p>Art. 2.º NOMEAR a servidora IVANETE DA COSTA MORAES, Analista Judiciária, Área Judiciária, SIGEP n.º 1355, para exercer cargo em comissão de Assessor, CJ-1 (código 25), do quadro de lotação do Gabinete do Excelentíssimo Desembargador do Trabalho João Carlos de Oliveira Martins, de acordo com o artigo 9º, item II, da Lei nº 8.112/1990, e artigo 5º, § 8º, da Lei nº 11.416/2006, em vaga decorrente da exoneração do servidor Hugo Albuquerque Braga.</p><p>Art. 3.º Este Ato entra em vigor na data da sua publicação no Diário Oficial da União.</p><p class="assina">MARIA VALQUÍRIA NORAT COELHO</p>]]></Texto>
  </body>
  <Midias />
</article></xml>