﻿<xml><article id="45199745" name="PORTARIA NA 3465 - 28.08.2025 - " idOficio="11253643" pubName="DO2" artType="Portaria" pubDate="01/09/2025" artClass="00025:00118:00042:00000:00000:00000:00000:00000:00000:00000:00017:03465" artCategory="Ministério da Educação/Universidade Federal de Pernambuco/Pró-Reitoria de Gestão de Pessoas e Qualidade de Vida" artSize="12" artNotes="" numberPage="41" pdfPage="http://pesquisa.in.gov.br/imprensa/jsp/visualiza/index.jsp?data=01/09/2025&amp;jornal=529&amp;pagina=41" editionNumber="165" highlightType="" highlightPriority="" highlight="" highlightimage="" highlightimagename="" idMateria="23054441">
  <body>
    <Identifica><![CDATA[ PORTARIA Nº 3.465, DE 28 DE AGOSTO DE 2025]]></Identifica>
    <Data><![CDATA[]]></Data>
    <Ementa />
    <Titulo />
    <SubTitulo />
    <Texto><![CDATA[<p class="identifica">PORTARIA Nº 3.465, DE 28 DE AGOSTO DE 2025</p><p>A PRÓ-REITORA DE GESTÃO DE PESSOAS E QUALIDADE DE VIDA, DA UNIVERSIDADE FEDERAL DE PERNAMBUCO, no uso das atribuições legais e estatutárias, resolve:</p><p>Designar, a partir de 01/09/2025, ROGELIA HERCULANO PINTO, Matrícula SIAPE n° 1607666, Professor de Magistério Superior, classe C, nível 2, denominação Associado, em regime de trabalho de Dedicação Exclusiva, lotado(a) no(a) Núcleo de Enfermagem, da Secretaria Geral dos Cursos de Graduação, do Centro Acadêmico da Vitória, para exercer a função de Coordenador Geral do Serviço Integrado de Saúde, do Centro de Ciências de Saúde, código FG-02. (Processo n° 23076. 068250/2025-11).</p><p class="assina">BRUNNA CARVALHO ALMEIDA GRANJA</p>]]></Texto>
  </body>
  <Midias />
</article></xml>