﻿<xml><article id="45196452" name="679.2025 - APOSENTADORIA - EMERS" idOficio="11250157" pubName="DO2" artType="Portaria" pubDate="01/09/2025" artClass="00047:00037:00018:00000:00000:00000:00000:00000:00000:00000:00017:00000" artCategory="Ministério da Saúde/Secretaria de Atenção Especializada à Saúde/Instituto Nacional de Traumatologia e Ortopedia" artSize="12" artNotes="" numberPage="87" pdfPage="http://pesquisa.in.gov.br/imprensa/jsp/visualiza/index.jsp?data=01/09/2025&amp;jornal=529&amp;pagina=87" editionNumber="165" highlightType="" highlightPriority="" highlight="" highlightimage="" highlightimagename="" idMateria="23049070">
  <body>
    <Identifica><![CDATA[ PORTARIA Nº 679, DE 12 DE AGOSTO DE 2025]]></Identifica>
    <Data><![CDATA[]]></Data>
    <Ementa />
    <Titulo />
    <SubTitulo />
    <Texto><![CDATA[<p class="identifica">PORTARIA Nº 679, DE 12 DE AGOSTO DE 2025</p><p>A Diretora do Instituto Nacional de Traumatologia e Ortopedia da Secretaria de Atenção Especializada à Saúde do Ministério da Saúde, no uso das atribuições que lhe conferem a Portaria CC/PR nº. 2.140, de 28 de março de 2023, publicada no Diário Oficial da União - DOU nº. 61, de 29 de março de 2023 e Portaria/CGRH/MS nº. 1041, de 30 de outubro de 2009, publicada no Diário Oficial da União - DOU nº. 209, de 03 de novembro de 2009, resolve:</p><p>Art. 1º - Conceder aposentadoria por incapacidade permanente para o trabalho, decorrente de doença não especificada no § 1º do artigo 186 da lei 8112/90, com proventos proporcionais à servidor EMERSON FERREIRA DA ROCHA, matrícula SIAPE nº. 153.314-4, ocupante do cargo de Nutricionista, código NS 309044, Classe C, Padrão IV, do Quadro de Pessoal do Ministério da Saúde, com fulcro no art. 40, §1º, inciso I, da Constituição Federal, combinado com o art. 10, § 1º, inciso II, e art. 26, §2º, da EC 103/2019, a partir de 29/04/2025 data do laudo médico e as demais vantagens a que fizer jus.</p><p>Art. 2º - Declarar vago o cargo acima.</p><p class="assina">GERMANA LYRA BAHR</p>]]></Texto>
  </body>
  <Midias />
</article></xml>