﻿<xml><article id="45196818" name="27 - ATO CSJT.SG N.A 27 de 2025 " idOficio="11248703" pubName="DO2" artType="Ato" pubDate="01/09/2025" artClass="00070:00005:00003:00000:00000:00000:00000:00000:00000:00000:00001:00000" artCategory="Poder Judiciário/Tribunal Superior do Trabalho/Conselho Superior da Justiça do Trabalho" artSize="12" artNotes="" numberPage="105" pdfPage="http://pesquisa.in.gov.br/imprensa/jsp/visualiza/index.jsp?data=01/09/2025&amp;jornal=529&amp;pagina=105" editionNumber="165" highlightType="" highlightPriority="" highlight="" highlightimage="" highlightimagename="" idMateria="23046279">
  <body>
    <Identifica><![CDATA[ ATO CSJT.SG Nº  27, de 27 de agosto de 2025]]></Identifica>
    <Data><![CDATA[]]></Data>
    <Ementa />
    <Titulo />
    <SubTitulo />
    <Texto><![CDATA[<p class="identifica">ATO CSJT.SG Nº 27, de 27 de agosto de 2025</p><p>O SECRETÁRIO-GERAL DO CONSELHO SUPERIOR DA JUSTIÇA DO TRABALHO, no uso de suas atribuições estabelecidas no Regulamento Geral do Conselho Superior da Justiça do Trabalho,</p><p>considerando o teor do Processo Administrativo n.º 6017440/2025-00, resolve:</p><p>Art. 1º Designar a servidora MARCELLA FERREIRA AIRES DE SOUZA, código 68.849, Analista Judiciária, Área Judiciária, para exercer a função comissionada de Assistente 3, Nível FC-3, da Tabela de Funções Comissionadas da Coordenadoria de Governança de Contratações e de Obras do Conselho Superior da Justiça do Trabalho, bem como para exercer o encargo de substituta da titular da função comissionada de Supervisora da Seção de Análise da Governança das Contratações e do Patrimônio, Nível FC-5, da referida Tabela, em seus impedimentos legais e/ou eventuais.</p><p>Art. 2º Este Ato entra em vigor na data de sua publicação.</p><p class="assina">BRÁULIO GABRIEL GUSMÃO</p>]]></Texto>
  </body>
  <Midias />
</article></xml>