﻿<xml><article id="45197169" name="DG - Portarias 5100 5101 e 5103." idOficio="11253352" pubName="DO2" artType="Portaria" pubDate="01/09/2025" artClass="00050:00020:00000:00000:00000:00000:00000:00000:00000:00000:00017:00002" artCategory="Ministério dos Transportes/Departamento Nacional de Infraestrutura de Transportes" artSize="12" artNotes="" numberPage="90" pdfPage="http://pesquisa.in.gov.br/imprensa/jsp/visualiza/index.jsp?data=01/09/2025&amp;jornal=529&amp;pagina=90" editionNumber="165" highlightType="" highlightPriority="" highlight="" highlightimage="" highlightimagename="" idMateria="23054137">
  <body>
    <Identifica><![CDATA[ PORTARIAS DE 28 DE AGOSTO DE 2025]]></Identifica>
    <Data><![CDATA[]]></Data>
    <Ementa />
    <Titulo />
    <SubTitulo />
    <Texto><![CDATA[<p class="identifica">PORTARIAS DE 28 DE AGOSTO DE 2025</p><p>O Diretor-Geral do Departamento Nacional de Infraestrutura de Transportes - DNIT, no uso das atribuições que lhe são conferidas pelo Decreto n.º 11.225, de 7/10/2022, publicado no Diário Oficial da União - DOU de 10/10/2022, e tendo em vista o Decreto n.º 10.829, de 5/10/2021, publicado no DOU de 5/10/2021, o constante no art. 13, da Portaria/MT n.º 628, de 27/6/2023, publicada no DOU de 28/6/2023, e o disposto no processo nº 50616.001960/2025-93, resolve:</p><p>Nº 5.100 - Art. 1º Dispensar o servidor André Reitz do Vale, Analista em Infraestrutura de Transportes, matrícula SIAPE nº 1527739, da função de Chefe do Serviço da Unidade Local de Chapecó, código FCE 1.05, da Superintendência Regional do DNIT no estado de Santa Catarina.</p><p>Art. 2º Esta Portaria entra em vigor na data de sua publicação.</p><p>Nº 5.101 - Art. 1º Designar o servidor Cláudio André Neves, Analista em Infraestrutura de Transportes, matrícula SIAPE nº 2062165, para exercer a função de Chefe do Serviço da Unidade Local de Chapecó, código FCE 1.05, da Superintendência Regional do DNIT no estado de Santa Catarina.</p><p>Art. 2º Esta Portaria entra em vigor na data de sua publicação.</p><p>Nº 5.103 - Art. 1º Designar o servidor André Reitz do Vale, Analista em Infraestrutura de Transportes, matrícula SIAPE nº 1527739, para substituir a função de Chefe do Serviço da Unidade Local de Chapecó, código FCE 1.05, da Superintendência Regional do DNIT no estado de Santa Catarina, nos afastamentos, impedimentos legais ou regulamentares do titular e na vacância da função.</p><p>Art. 2º Esta Portaria entra em vigor na data de sua publicação.</p><p class="assina">FABRICIO DE OLIVEIRA GALVÃO</p>]]></Texto>
  </body>
  <Midias />
</article></xml>