﻿<xml><article id="45196929" name="PORTARIA DE 27 DE AGOSTO DE 2025" idOficio="11253185" pubName="DO2" artType="Portaria" pubDate="01/09/2025" artClass="00029:00035:00015:00011:00000:00000:00000:00000:00000:00000:00017:00000" artCategory="Ministério da Gestão e da Inovação em Serviços Públicos/Secretaria de Gestão de Pessoas/Diretoria de Serviços de Aposentados e de Pensionistas e Órgãos Extintos/Divisão de Pessoal no Ex-Território Federal do Amapá" artSize="12" artNotes="" numberPage="59" pdfPage="http://pesquisa.in.gov.br/imprensa/jsp/visualiza/index.jsp?data=01/09/2025&amp;jornal=529&amp;pagina=59" editionNumber="165" highlightType="" highlightPriority="" highlight="" highlightimage="" highlightimagename="" idMateria="23053935">
  <body>
    <Identifica><![CDATA[ PORTARIA/MGI Nº 7.181, DE 27 DE AGOSTO DE 2025]]></Identifica>
    <Data><![CDATA[]]></Data>
    <Ementa />
    <Titulo />
    <SubTitulo />
    <Texto><![CDATA[<p class="identifica">PORTARIA/MGI Nº 7.181, DE 27 DE AGOSTO DE 2025</p><p>O CHEFE DA DIVISÃO DE PESSOAL NO EX-TERRITÓRIO FEDERAL DO AMAPÁ, DO DEPARTAMENTO DE CENTRALIZAÇÃO DE SERVIÇOS DE INATIVOS, PENSIONISTAS E ÓRGÃOS EXTINTOS, DO MINISTÉRIO DA GESTÃO E DA INOVAÇÃO EM SERVIÇOS PÚBLICOS, no uso das competências que lhe foram delegadas pelas Portarias nºs 6186/SEDGG, de 1º de junho de 2022, publicada no DOU nº 104, de 2 de junho de 2022, 13.751/DECIPEX, de 27 de dezembro de 2018, publicada no Diário Oficial da União nº 249, de 28 de dezembro de 2018 e Portaria de Pessoal DGP/SGC/SE/MGI nº 394, de 24 de janeiro de 2023, apostilado no BGP, publicado em 24 de janeiro de 2023, Ano 7, Edição1.17, resolve:</p><p>Aty. 1º Reformar," Ex - Offício" o CAP BM RR ADIEL RODRIGUES BEZERRA, matrícula SIAPE 2993926, pertencente ao Quadro de Pessoal da Polícia Militar do Extinto Território Federal do Amapá, por ter sido julgado incapaz definitivamente para o serviço da Polícia Militar, pela Junta Pericial de Saúde, a contar de 29 de julho de 2025, com proventos integrais, calculados sobre o soldo que percebia na reserva, amparado pelo art. 31, da Emenda Constitucional nº 19, de 04 de junho de 1998, com fundamento no art. 42, § 1º, da Constituição Federal, c/c art. 96, inciso II, da Lei 6.562/79; art. 19, art. 20, incisos I, II, III, IV, V e VI, § 1º, inciso I; § 4º, art.21, incisos I, II, III, V, VI e VII, e art. 26, § 3º, da Lei nº 10.486, de 04 de julho de 2002, (Processo nº SEI 14021.063332/2025-28).</p><p>Art. 2º - Esta Portaria entra em vigor na data de sua publicação.</p><p class="assina">ADAILTON DE JESUS DA SILVA DOS SANTOS</p>]]></Texto>
  </body>
  <Midias />
</article></xml>