﻿<xml><article id="45202126" name="29-08-2025 - Portaria de pessoal" idOficio="11254185" pubName="DO2" artType="Portaria" pubDate="01/09/2025" artClass="00033:00053:00000:00000:00000:00000:00000:00000:00000:00000:00017:00000" artCategory="Ministério da Justiça e Segurança Pública/Secretaria Nacional de Políticas Penais" artSize="12" artNotes="" numberPage="65" pdfPage="http://pesquisa.in.gov.br/imprensa/jsp/visualiza/index.jsp?data=01/09/2025&amp;jornal=529&amp;pagina=65" editionNumber="165" highlightType="" highlightPriority="" highlight="" highlightimage="" highlightimagename="" idMateria="23055365">
  <body>
    <Identifica><![CDATA[ PORTARIA DE PESSOAL Nº 544, DE 25 DE AGOSTO DE 2025]]></Identifica>
    <Data><![CDATA[]]></Data>
    <Ementa />
    <Titulo />
    <SubTitulo />
    <Texto><![CDATA[<p class="identifica">PORTARIA DE PESSOAL Nº 544, DE 25 DE AGOSTO DE 2025</p><p>O SECRETÁRIO NACIONAL DE POLÍTICAS PENAIS, no uso das atribuições subdelegadas pelo art. 7º, inciso XXVIII, da PORTARIA SE/MJSP Nº 1411, DE 25 DE NOVEMBRO DE 2021, resolve:</p><p>Art. 1º Dispensar, a pedido, ANDRÉ MACÁRIO DA SILVA da função de Chefe da Seção de Gestão de Pessoas da Divisão Administrativa da Penitenciária Federal em Brasília/DF da Diretoria da Polícia Penal Federal da Secretaria Nacional de Políticas Penais, código FCE 1.04, a contar de 01/08/2025.</p><p>Art. 2º Esta Portaria de Pessoal entra em vigor na data de sua publicação.</p><p class="assina">ANDRÉ DE ALBUQUERQUE GARCIA</p>]]></Texto>
  </body>
  <Midias />
</article></xml>