﻿<xml><article id="45200642" name="PORTARIA N 1.202 SINC 23055006" idOficio="11253931" pubName="DO2" artType="Portaria" pubDate="01/09/2025" artClass="00048:00002:00000:00000:00000:00000:00000:00000:00000:00000:00017:00000" artCategory="Ministério do Trabalho e Emprego/Secretaria Executiva" artSize="12" artNotes="" numberPage="89" pdfPage="http://pesquisa.in.gov.br/imprensa/jsp/visualiza/index.jsp?data=01/09/2025&amp;jornal=529&amp;pagina=89" editionNumber="165" highlightType="" highlightPriority="" highlight="" highlightimage="" highlightimagename="" idMateria="23055006">
  <body>
    <Identifica><![CDATA[ PORTARIA SE/MTE Nº 1.202, DE 28 DE AGOSTO DE 2025]]></Identifica>
    <Data><![CDATA[]]></Data>
    <Ementa />
    <Titulo />
    <SubTitulo />
    <Texto><![CDATA[<p class="identifica">PORTARIA SE/MTE Nº 1.202, DE 28 DE AGOSTO DE 2025</p><p>O SECRETÁRIO-EXECUTIVO DO MINISTÉRIO DO TRABALHO E EMPREGO, no uso de suas atribuições e tendo em vista o art. 11 da Portaria MTE nº 635, de 16 de março de 2023, e as demais informações que constam do Processo nº 19958.205353/2025-80, resolve:</p><p>Designar MAIANA MARIA ZOZIMO COSTA DE ARAÚJO, matrícula nº 1118364, para exercer a função de Coordenador de Gestão de Pagamento, código FCE 1.10, da Coordenação-Geral de Administração de Pessoas e Folha de Pagamento da Diretoria de Gestão de Pessoas, da Secretaria-Executiva.</p><p class="assina">FRANCISCO MACENA DA SILVA</p>]]></Texto>
  </body>
  <Midias />
</article></xml>