﻿<xml><article id="45199646" name="AFASTAMENTO MAIS DE 15 DIAS 29.0" idOficio="11253458" pubName="DO2" artType="Despacho" pubDate="01/09/2025" artClass="00025:00096:00000:00000:00000:00000:00000:00000:00000:00000:00013:00000" artCategory="Ministério da Educação/Universidade Federal da Bahia" artSize="12" artNotes="" numberPage="31" pdfPage="http://pesquisa.in.gov.br/imprensa/jsp/visualiza/index.jsp?data=01/09/2025&amp;jornal=529&amp;pagina=31" editionNumber="165" highlightType="" highlightPriority="" highlight="" highlightimage="" highlightimagename="" idMateria="23054329">
  <body>
    <Identifica><![CDATA[ DESPACHO de  29 DE AGOSTO DE 2025]]></Identifica>
    <Data><![CDATA[]]></Data>
    <Ementa />
    <Titulo />
    <SubTitulo />
    <Texto><![CDATA[<p class="identifica">DESPACHO de 29 DE AGOSTO DE 2025</p><p>O REITOR DA UNIVERSIDADE FEDERAL DA BAHIA, usando da competência subdelegada pela Portaria nº 1819/2023 - MEC, de 11 de setembro de 2023, e de acordo com as determinações do Decreto nº 1.387, de 7 de fevereiro de 1995, AUTORIZA, o seguinte Afastamento do País:</p><p>Nome: ELIANE DE OLIVEIRA SILVA</p><p>Cargo: Professor do Magistério Superior</p><p>Matrícula SIAPE: 1148522</p><p>Lotação: INSTITUTO DE QUÍMICA</p><p>Exercício: DEPARTAMENTO DE QUÍMICA ORGÂNICA/IQUI</p><p>Motivo do Afastamento: Participar do XXV Simposio Nacional de Química Orgánica Sociedad Argentina de Investigación en Química Orgánica.</p><p>Período do Afastamento: 26/10 a 02/11/2025</p><p>Instituição: Sociedad Argentina de Investigación en Química Orgánica</p><p>Cidade: Mar del Plata</p><p>País: Argentina</p><p>Bolsa/Financiamento: FAPESB</p><p>Período coberto por bolsa/financiamento, se houver: 26/10/2025 a 02/11/2025. Processo: 23066.055729/2025-11.</p><p class="assina">PAULO CESAR MIGUEZ DE OLIVEIRA</p>]]></Texto>
  </body>
  <Midias />
</article></xml>