﻿<xml><article id="45199574" name="PORTARIA N 312_23054294" idOficio="11253509" pubName="DO2" artType="Portaria" pubDate="01/09/2025" artClass="00025:00116:00001:00000:00000:00000:00000:00000:00000:00000:00017:00000" artCategory="Ministério da Educação/Universidade Federal da Paraíba/Reitoria" artSize="12" artNotes="" numberPage="37" pdfPage="http://pesquisa.in.gov.br/imprensa/jsp/visualiza/index.jsp?data=01/09/2025&amp;jornal=529&amp;pagina=37" editionNumber="165" highlightType="" highlightPriority="" highlight="" highlightimage="" highlightimagename="" idMateria="23054294">
  <body>
    <Identifica><![CDATA[ PORTARIA PROGEP-DLCP Nº 312, DE 14 DE AGOSTO DE 2025]]></Identifica>
    <Data><![CDATA[]]></Data>
    <Ementa />
    <Titulo />
    <SubTitulo />
    <Texto><![CDATA[<p class="identifica">PORTARIA PROGEP-DLCP Nº 312, DE 14 DE AGOSTO DE 2025</p><p>A REITORA EM EXERCÍCIO DA UNIVERSIDADE FEDERAL DA PARAÍBA, no uso de suas atribuições conferidas pelo Artigo 38, inciso IX, do Estatuto da UFPB, e tendo em vista o que consta no Processo nº 23074.064503/2025-12, resolve:</p><p>Conceder aposentadoria voluntária ao (a) servidor (a) MARISIA OLIVEIRA DA SILVA, matrícula SIAPE nº 2330273, ocupante do cargo de PROFESSOR DO MAGISTERIO SUPERIOR, Classe C, Padrão de Vencimento 3, com o adicional de tempo de serviço de 0%, pertencente ao Quadro Permanente de Pessoal desta Universidade, com lotação no(a) CCHLA - DEPARTAMENTO DE PSICOLOGIA, de acordo com o art. 6º da Emenda Constitucional nº 41/2003, combinado com o art. 3º da Emenda Constitucional nº 103/2019.</p><p class="assina">MONICA NOBREGA</p>]]></Texto>
  </body>
  <Midias />
</article></xml>