﻿<xml><article id="45201217" name="edital_dd_01_09_23075.0536532025" idOficio="11254033" pubName="DO2" artType="Decisão" pubDate="01/09/2025" artClass="00025:00117:00001:00002:00000:00000:00000:00000:00000:00000:00011:00000" artCategory="Ministério da Educação/Universidade Federal do Paraná/Gabinete do Reitor/Divisão de Expediente" artSize="12" artNotes="" numberPage="38" pdfPage="http://pesquisa.in.gov.br/imprensa/jsp/visualiza/index.jsp?data=01/09/2025&amp;jornal=529&amp;pagina=38" editionNumber="165" highlightType="" highlightPriority="" highlight="" highlightimage="" highlightimagename="" idMateria="23055182">
  <body>
    <Identifica><![CDATA[ EDITAL DE NOTIFICAÇÃO DE 29 de agosto de 2025]]></Identifica>
    <Data><![CDATA[]]></Data>
    <Ementa />
    <Titulo />
    <SubTitulo />
    <Texto><![CDATA[<p class="identifica">EDITAL DE NOTIFICAÇÃO DE 29 de agosto de 2025</p><p>O PRESIDENTE DA COMISSÃO DE PROCESSO DISCIPLINAR, constituída pela Portaria nº 1712/DD, de 09 de outubro de 2023, publicada no Boletim de Gestão de Pessoas em 10 de outubro de 2023, no uso de suas atribuições e tendo em vista o disposto no art. 26, §4º, da Lei 9.784/99, art. 163 da Lei 8.112/90, combinado com o art. 256 do Código de Processo Civil, NOTIFICA pelo presente Edital o servidor LUIZ FERNANDO DE OLIVEIRA RIBAS, de matrículas funcionais nº 100340 (UFPR) e 342766 (SIAPE), ocupante do cargo de Professor do Magistério Superior, lotado no Departamento de Clínica Médica do Setor de Ciências da Saúde da UFPR, por se encontrar em local incerto e não sabido, como acusado em Processo Administrativo Disciplinar instaurado no bojo do processo nº 23075.702832/2018-23, para que se apresente para tomar ciência do conteúdo do referido processo e prestar esclarecimentos perante à Comissão de Processo Administrativo Disciplinar, através do e-mail scd@ufpr.br, conforme determina o art. 163, parágrafo único, da Lei 8.112/90.</p><p class="assina">ANTONIO CESAR PITELA</p>]]></Texto>
  </body>
  <Midias />
</article></xml>