﻿<xml><article id="45201268" name="portaria_527_2025 GGPES" idOficio="11254056" pubName="DO2" artType="Portaria" pubDate="01/09/2025" artClass="00047:00048:03325:00000:00000:00000:00000:00000:00000:00000:00017:00000" artCategory="Ministério da Saúde/Agência Nacional de Vigilância Sanitária/Gerência-Geral de Gestão de Pessoas" artSize="12" artNotes="" numberPage="88" pdfPage="http://pesquisa.in.gov.br/imprensa/jsp/visualiza/index.jsp?data=01/09/2025&amp;jornal=529&amp;pagina=88" editionNumber="165" highlightType="" highlightPriority="" highlight="" highlightimage="" highlightimagename="" idMateria="23055160">
  <body>
    <Identifica><![CDATA[ PORTARIA Nº 527, DE 28 DE AGOSTO DE 2025]]></Identifica>
    <Data><![CDATA[]]></Data>
    <Ementa />
    <Titulo />
    <SubTitulo />
    <Texto><![CDATA[<p class="identifica">PORTARIA Nº 527, DE 28 DE AGOSTO DE 2025</p><p>A Gerente-Geral de Gestão de Pessoas da Agência Nacional de Vigilância Sanitária, no uso das atribuições que lhe foram conferidas e em conformidade com a delegação de competência outorgada pela Portaria n. 1.596, de 8 de agosto de 2016, publicada no Diário Oficial da União n. 152, de 9 de agosto de 2016, e do que consta do Processo n. 25351.916216/2025-04, resolve:</p><p>Conceder aposentadoria voluntária à servidora FÁTIMA MACHADO BRAGA, matrícula Siape 1143119, ocupante do cargo de ESPECIALISTA EM REGULAÇÃO E VIGILÂNCIA SANITÁRIA, Classe S/Padrão V, do Quadro de Pessoal Efetivo, lotada na GEARE, com fundamento no art. 4, § 6º, inciso I, da Emenda Constitucional n. 103, de 13 de novembro de 2019, com proventos calculados sobre a referida Classe/Padrão e demais vantagens que faz jus.</p><p class="assina">Danitza Passamai Rojas Buvinich</p>]]></Texto>
  </body>
  <Midias />
</article></xml>