﻿<xml><article id="45200174" name="PORTARIA_056" idOficio="11253757" pubName="DO2" artType="Portaria" pubDate="01/09/2025" artClass="00047:00002:00021:00031:00008:00000:00000:00000:00000:00000:00017:00000" artCategory="Ministério da Saúde/Secretaria Executiva/Subsecretaria de Assuntos Administrativos/Superintendência Estadual do Ministério da Saúde no Acre/Serviço de Gestão de Pessoas" artSize="12" artNotes="" numberPage="85" pdfPage="http://pesquisa.in.gov.br/imprensa/jsp/visualiza/index.jsp?data=01/09/2025&amp;jornal=529&amp;pagina=85" editionNumber="165" highlightType="" highlightPriority="" highlight="" highlightimage="" highlightimagename="" idMateria="23054711">
  <body>
    <Identifica><![CDATA[ PORTARIA Nº 56, DE 7 DE AGOSTO DE 2025]]></Identifica>
    <Data><![CDATA[]]></Data>
    <Ementa />
    <Titulo />
    <SubTitulo />
    <Texto><![CDATA[<p class="identifica">PORTARIA Nº 56, DE 7 DE AGOSTO DE 2025</p><p>O Chefe do Serviço de Gestão de Pessoas da Superintendência Estadual do Ministério da Saúde no Acre, nomeado pela Portaria GM/MS/n.º 1.143, de 12 de junho de 2023, publicada no D.O.U. n. º 110, de 13 de junho de 2023, no uso de suas atribuições subdelegadas pela Portaria SE/SAA/MS n. º 1.804, de 01/ 10/2013, publicada no D.O.U. n.º 192, de 03/10/2013, resolve:</p><p>Art. 1º Conceder Aposentadoria Voluntária a Aurelio de Souza Freitas, matrícula SIAPE 0518174, Guarda de Endemias, Nível Intermediário, Classe "S", Padrão V, do Quadro de Pessoal deste Ministério, lotado no SUSMAC, com fundamento no artigo 20º, § 2º, Inciso I, da Emenda Constitucional nº 103, de 12 novembro de 2019.</p><p>(Processo n. º25011.000152/2025-71).</p><p>Art. 2º Declarar vago o cargo ocupado pelo servidor.</p><p class="assina">MARIO JOSÉ COSTA DA SILVA</p>]]></Texto>
  </body>
  <Midias />
</article></xml>