﻿<xml><article id="45197103" name="PORTARIA N 648_23053335" idOficio="11252778" pubName="DO2" artType="Portaria" pubDate="01/09/2025" artClass="00070:00004:00001:00002:00000:00000:00000:00000:00000:00000:00017:00002" artCategory="Poder Judiciário/Superior Tribunal de Justiça/Presidência/Secretaria" artSize="12" artNotes="" numberPage="103" pdfPage="http://pesquisa.in.gov.br/imprensa/jsp/visualiza/index.jsp?data=01/09/2025&amp;jornal=529&amp;pagina=103" editionNumber="165" highlightType="" highlightPriority="" highlight="" highlightimage="" highlightimagename="" idMateria="23053335">
  <body>
    <Identifica><![CDATA[ PORTARIA STJ/GDG Nº 648, DE 21 DE AGOSTO DE 2025]]></Identifica>
    <Data><![CDATA[]]></Data>
    <Ementa />
    <Titulo />
    <SubTitulo />
    <Texto><![CDATA[<p class="identifica">PORTARIA STJ/GDG Nº 648, DE 21 DE AGOSTO DE 2025</p><p>O DIRETOR-GERAL DA SECRETARIA DO SUPERIOR TRIBUNAL DE JUSTIÇA, com base no item 19.3, XI, b, do Anexo da Instrução Normativa STJ/GP n. 19 de 11 de junho de 2025 e no disposto nos arts. 9º, II, e 35, I, da Lei n. 8.112, de 11 de dezembro de 1990, resolve:</p><p>Art. 1º Efetuar as seguintes alterações na Secretaria de Tecnologia da Informação e Comunicação:</p><p>I - Exonerar JOSÉ HENRIQUE TERRELL DE MACEDO SOARES, matrícula S040961, do cargo em comissão de Assessor B, código CJ-1;</p><p>II - Dispensar LUIZ CLAUDIO SOARES DE ALMEIDA, matrícula S034961, da função de confiança de Assessor C, código FC-6;</p><p>III - Nomear LUIZ CLAUDIO SOARES DE ALMEIDA, matrícula S0349617, para o cargo em comissão de Assessor B, código CJ-1, na vaga decorrente da exoneração de José Henrique Terrell de Macedo Soares;</p><p>IV - Designar JOSÉ HENRIQUE TERRELL DE MACEDO SOARES, matrícula S040961, para a função de confiança de Assessor C, código FC-6, na vaga decorrente da dispensa de Luiz Claudio Soares de Almeida.</p><p>Art. 2º Esta portaria entra em vigor na data de sua publicação.</p><p class="assina">SERGIO JOSÉ AMERICO PEDREIRA</p>]]></Texto>
  </body>
  <Midias />
</article></xml>