﻿<xml><article id="45196554" name="ATO TRT13 CGP N.A 048-2025rtf" idOficio="11253137" pubName="DO2" artType="Ato" pubDate="01/09/2025" artClass="00070:00054:00000:00000:00000:00000:00000:00000:00000:00000:00001:00000" artCategory="Poder Judiciário/Tribunal Regional do Trabalho da 13ª Região" artSize="12" artNotes="" numberPage="116" pdfPage="http://pesquisa.in.gov.br/imprensa/jsp/visualiza/index.jsp?data=01/09/2025&amp;jornal=529&amp;pagina=116" editionNumber="165" highlightType="" highlightPriority="" highlight="" highlightimage="" highlightimagename="" idMateria="23053861">
  <body>
    <Identifica><![CDATA[ ATO TRT13 CGP Nº 48, DE 22 DE AGOSTO DE 2025]]></Identifica>
    <Data><![CDATA[]]></Data>
    <Ementa />
    <Titulo />
    <SubTitulo />
    <Texto><![CDATA[<p class="identifica">ATO TRT13 CGP Nº 48, DE 22 DE AGOSTO DE 2025</p><p>A DESEMBARGADORA PRESIDENTE DO TRIBUNAL REGIONAL DO TRABALHO DA DÉCIMA TERCEIRA REGIÃO, no exercício de suas atribuições legais e regimentais, e considerando o constante no Proad n.º 6994/2025, resolve:</p><p>Conceder aposentadoria voluntária à servidora WILZA KARLA FREIRE GADELHA (matrícula n.º 245.105.711), no cargo de Técnico Judiciário, Área Administrativa, classe "C", padrão 13, com fundamento no art. 20 da Emenda Constitucional n.º 103/2019, com proventos integrais, acrescido do percentual de 7% (sete por cento) de gratificação adicional por tempo de serviço, na forma de anuênios (art. 67 da Lei n.º 8.112/90, na sua redação original, art. 6º da Lei n.º 9.624/98 e art. 15, inciso II, da MP n.º 2225-45/2001), Vantagem Pessoal Nominalmente Identificada - VPNI, decorrente da incorporação de 2/5 da Função Comissionada de Assistente de Diretor de Secretaria - FC-04 e 3/5 da Função Comissionada de Assistente Jurídico - FC-04 (art. 62 da Lei n.º 8.112/90, na sua redação original, art. 3º da Lei n.º 8.911/94, c/c o art. 62-A da Lei n.º 8.112/90, incluído pela MP n.º 2.225-45/2001), assegurado pelo art. 11 da Lei n.º 8.911/94 e decisão judicial transitada em julgado no MS 24.2005.000.13.00-0, conforme aplicação da modulação dada pelo Supremo Tribunal Federal no RE n.º 638.115/CE, referente à parcela incorporada entre 08/04/1998 e 04/09/2001, e 5% (cinco por cento) de Adicional de Qualificação - AQ, em razão da conclusão de curso de graduação (art. 14, § 5º, e art. 15, inciso VI, da Lei n.º 11.416/2006, incluído pela Lei n.º 13.317/2016), com efeito a contar da data da publicação no Diário Oficial da União, reajustado de acordo com o § 2º, inciso I, e § 3º, inciso I, do art. 20 da Emenda Constitucional n.° 103, de 2019.</p><p class="assina">HERMINEGILDA LEITE MACHADO</p>]]></Texto>
  </body>
  <Midias />
</article></xml>