﻿<xml><article id="45196311" name="Portaria-1826-2025" idOficio="11247573" pubName="DO2" artType="Portaria" pubDate="01/09/2025" artClass="00070:00045:00001:00000:00000:00000:00000:00000:00000:00000:00017:00000" artCategory="Poder Judiciário/Tribunal Regional do Trabalho da 4ª Região/Presidência" artSize="12" artNotes="" numberPage="113" pdfPage="http://pesquisa.in.gov.br/imprensa/jsp/visualiza/index.jsp?data=01/09/2025&amp;jornal=529&amp;pagina=113" editionNumber="165" highlightType="" highlightPriority="" highlight="" highlightimage="" highlightimagename="" idMateria="23044741">
  <body>
    <Identifica><![CDATA[ PORTARIA Nº 1.826, DE 20 DE AGOSTO DE 2025]]></Identifica>
    <Data><![CDATA[]]></Data>
    <Ementa />
    <Titulo />
    <SubTitulo />
    <Texto><![CDATA[<p class="identifica">PORTARIA Nº 1.826, DE 20 DE AGOSTO DE 2025</p><p>O PRESIDENTE DO TRIBUNAL REGIONAL DO TRABALHO DA 4ª REGIÃO, no uso de suas atribuições, e considerando o que consta no PA nº 5317/2025, resolve:</p><p>1. DISPENSAR a servidora MARIA ADRIANA DA MOTTA (47210), ocupante do cargo de Analista Judiciário, Área Judiciária, da função comissionada de ASSISTENTE DE GABINETE-FC05, do Gabinete da Exma. Desembargadora Angela Rosi Almeida Chapper.</p><p>2. DECLARAR VAGA, em decorrência, a função comissionada de ASSISTENTE DE GABINETE-FC05, acima referida.</p><p>3. NOMEAR a referida servidora para exercer o cargo em comissão de ASSESSOR ADMINISTRATIVO-CJ1, no Gabinete da Exma. Desembargadora Angela Rosi Almeida Chapper.</p><p class="assina">RICARDO HOFMEISTER DE ALMEIDA MARTINS COSTA</p>]]></Texto>
  </body>
  <Midias />
</article></xml>