﻿<xml><article id="45197076" name="Portaria 3184 - APOSENTADORIA GE" idOficio="11251329" pubName="DO2" artType="Portaria" pubDate="01/09/2025" artClass="00025:00144:00000:00000:00000:00000:00000:00000:00000:00000:00017:00000" artCategory="Ministério da Educação/Fundação Universidade Federal do Acre" artSize="12" artNotes="" numberPage="50" pdfPage="http://pesquisa.in.gov.br/imprensa/jsp/visualiza/index.jsp?data=01/09/2025&amp;jornal=529&amp;pagina=50" editionNumber="165" highlightType="" highlightPriority="" highlight="" highlightimage="" highlightimagename="" idMateria="23050551">
  <body>
    <Identifica><![CDATA[ PORTARIA Nº 3.184, DE 28 DE AGOSTO DE 2025]]></Identifica>
    <Data><![CDATA[]]></Data>
    <Ementa />
    <Titulo />
    <SubTitulo />
    <Texto><![CDATA[<p class="identifica">PORTARIA Nº 3.184, DE 28 DE AGOSTO DE 2025</p><p>A REITORA DA UNIVERSIDADE FEDERAL DO ACRE, no uso das atribuições que lhe confere o Decreto de 9 de agosto de 2022, publicado no Diário Oficial da União (DOU) nº 151, Seção 2, página 1, de 10 de agosto de 2022, combinado com o art. 80, Inciso I, do Regimento Geral da UFAC, e o que consta no processo administrativo nº 23107.027863/2024-17, resolve:</p><p>Art. 1º CONCEDER Aposentadoria Voluntária, com proventos integrais, a servidora GEOVANIA CORRÊA BARROS, Matrícula SIAPE nº 1151143, Identificação Única nº 11511435, ocupante do cargo efetivo de Professor do Magistério Superior, Classe D, Denominação Titular, Padrão 001, Grupo/Cargo 701/001, Código de vaga nº 709153, lotada no Centro de Filosofia e Ciências Humanas (CFCH), com fundamento no art. 20, § 2º, inciso I, da Emenda Constitucional nº 103/2019.</p><p>Art. 2º DECLARAR vago, em decorrência, o cargo acima citado.</p><p>Art. 3º Esta portaria entra em vigência a contar da data de publicação no Diário Oficial da União (DOU).</p><p class="assina">MARGARIDA DE AQUINO CUNHA</p>]]></Texto>
  </body>
  <Midias />
</article></xml>