﻿<xml><article id="45200231" name="PT 506 a 511-25" idOficio="11253829" pubName="DO2" artType="Portaria" pubDate="01/09/2025" artClass="00019:00037:00000:00000:00000:00000:00000:00000:00000:00000:00017:00000" artCategory="Ministério do Desenvolvimento, Indústria, Comércio e Serviços/Instituto Nacional de Metrologia, Qualidade e Tecnologia" artSize="12" artNotes="" numberPage="15" pdfPage="http://pesquisa.in.gov.br/imprensa/jsp/visualiza/index.jsp?data=01/09/2025&amp;jornal=529&amp;pagina=15" editionNumber="165" highlightType="" highlightPriority="" highlight="" highlightimage="" highlightimagename="" idMateria="23054726">
  <body>
    <Identifica><![CDATA[ PORTARIAS DE 28 DE AGOSTO DE 2025]]></Identifica>
    <Data><![CDATA[]]></Data>
    <Ementa />
    <Titulo />
    <SubTitulo />
    <Texto><![CDATA[<p class="identifica">PORTARIAS DE 28 DE AGOSTO DE 2025</p><p>O PRESIDENTE DO INSTITUTO NACIONAL DE METROLOGIA, QUALIDADE E TECNOLOGIA - Inmetro, no uso das atribuições que lhe confere o parágrafo 3º do artigo 4º, da Lei nº 5.966, de 11 de dezembro de 1973, e tendo em vista o art. 18 da Estrutura Regimental da Autarquia, aprovada pelo Decreto nº 11.221, de 05 de outubro de 2022 e o inciso III, da Cláusula Oitava do Contrato de Desempenho em vigor e no inciso II do art. 3º da Portaria MDIC nº 947, de 20 de janeiro de 2023, e considerando o que consta no processo SEI nº 0052600.006758/2025-52, resolve:</p><p>Nº 506 Dispensar CARLOS OTÁVIO ARAÚJO SILVA, do encargo de Substituto de Chefe da Divisão de Finanças, código FCE-1.07, da Coordenação-Geral de Finanças, da Diretoria de Administração e Finanças do Inmetro.</p><p>Nº 507 Dispensar CARLOS OTÁVIO ARAÚJO SILVA, da Função Comissionada Executiva de Chefe do Núcleo Executivo Financeiro, código FCE-1.01, da Coordenação-Geral de Finanças, da Diretoria de Administração e Finanças do Inmetro.</p><p>Nº 508 Designar CARLOS OTÁVIO ARAÚJO SILVA, para exercer o encargo de Substituto de Coordenador-Geral de Finanças, código FCE-1.13, da Diretoria de Administração e Finanças do Inmetro, em seus impedimentos legais e regulamentares.</p><p>Nº 509 Designar CARLOS OTÁVIO ARAÚJO SILVA, para exercer a Função Comissionada Executiva de Chefe da Divisão de Finanças, código FCE-1.07, da Coordenação-Geral de Finanças, da Diretoria de Administração e Finanças do Inmetro.</p><p>Nº 510 Designar ATÍLIO GABRIEL CUNHA, para exercer o encargo de Substituto de Chefe da Divisão de Finanças, código FCE-1.07, da Coordenação-Geral de Finanças, da Diretoria de Administração e Finanças do Inmetro, em seus impedimentos legais e regulamentares.</p><p>Nº 511 Designar ATÍLIO GABRIEL CUNHA, para exercer a Função Comissionada Executiva de Chefe do Núcleo Executivo Financeiro, código FCE-1.01, da Coordenação-Geral de Finanças, da Diretoria de Administração e Finanças do Inmetro.</p><p>Estas Portarias entram em vigor na data de sua publicação no Diário Oficial da União.</p><p class="assina">MARCIO ANDRE OLIVEIRA BRITO</p>]]></Texto>
  </body>
  <Midias />
</article></xml>