﻿<xml><article id="45197217" name="PortsProGPe6279 a 6280-25 Apo" idOficio="11250427" pubName="DO2" artType="Portaria" pubDate="01/09/2025" artClass="00025:00158:00041:00000:00000:00000:00000:00000:00000:00000:00017:00000" artCategory="Ministério da Educação/Fundação Universidade Federal de São Carlos/Pró-Reitoria de Gestão de Pessoas" artSize="12" artNotes="" numberPage="52" pdfPage="http://pesquisa.in.gov.br/imprensa/jsp/visualiza/index.jsp?data=01/09/2025&amp;jornal=529&amp;pagina=52" editionNumber="165" highlightType="" highlightPriority="" highlight="" highlightimage="" highlightimagename="" idMateria="23049308">
  <body>
    <Identifica><![CDATA[ PORTARIAS DE 26 DE AGOSTO DE 2025]]></Identifica>
    <Data><![CDATA[]]></Data>
    <Ementa />
    <Titulo />
    <SubTitulo />
    <Texto><![CDATA[<p class="identifica">PORTARIAS DE 26 DE AGOSTO DE 2025</p><p>A PRÓ-REITORA DE GESTÃO DE PESSOAS DA UNIVERSIDADE FEDERAL DE SÃO CARLOS, no uso das atribuições conferidas pela Portaria GR nº 4809 de 27/01/2021, publicada no Diário Oficial da União de 29/01/2021, resolve:</p><p>Nº 6.279 - Conceder aposentadoria voluntária à servidora AMÉLIA ARCÂNGELA TEIXEIRA TRINDADE, matrícula SIAPE nº 1942176, código da vaga nº 312195, ocupante do cargo de Professor do Magistério Superior, Classe "Associado", Dedicação Exclusiva, pertencente ao quadro de pessoal do Departamento de Medicina do Centro de Ciências Biológicas e da Saúde, com fundamento no Artigo 22 da Emenda Constitucional nº 103/2019, combinado com o Artigo 3º, item II, da Lei Complementar nº 142/2013, com proventos calculados de acordo com o estabelecido no Artigo 8º, inciso I, da Lei Complementar nº 142/2013. (Processo nº 23112.023569/2025-48)</p><p>Nº 6.280 - Conceder aposentadoria voluntária à servidora REGINA LOURENÇO DE BARROS, matrícula SIAPE nº 425144, código da vaga nº 334227, ocupante do cargo de Médico, Classe "E", Padrão "019", pertencente ao quadro de pessoal do Departamento de Atenção à Saúde da Pró-Reitoria de Assuntos Comunitários e Estudantis, com fundamento no Artigo 3º da Emenda Constitucional nº 047/2005, combinado com o Artigo 3º da Emenda Constitucional nº 103/2019, com proventos integrais, e com as vantagens: Incentivo à Qualificação do Decreto nº 5824/2006 e adicional por tempo de serviço de 6% (seis por cento) anuênios, nos termos do Artigo 244 da Lei nº 8112/1990. (Processo nº 23112.027140/2025-20)</p><p class="assina">Jeanne Liliane Marlene Michel</p>]]></Texto>
  </body>
  <Midias />
</article></xml>