﻿<xml><article id="45201298" name="1998" idOficio="11254038" pubName="DO2" artType="Portaria" pubDate="01/09/2025" artClass="00025:00061:00000:00000:00000:00000:00000:00000:00000:00000:00017:00000" artCategory="Ministério da Educação/Instituto Federal de Educação, Ciência e Tecnologia Catarinense" artSize="12" artNotes="" numberPage="19" pdfPage="http://pesquisa.in.gov.br/imprensa/jsp/visualiza/index.jsp?data=01/09/2025&amp;jornal=529&amp;pagina=19" editionNumber="165" highlightType="" highlightPriority="" highlight="" highlightimage="" highlightimagename="" idMateria="23055198">
  <body>
    <Identifica><![CDATA[ PORTARIA N° 1.998 de 29 de agosto de 2025]]></Identifica>
    <Data><![CDATA[]]></Data>
    <Ementa />
    <Titulo />
    <SubTitulo />
    <Texto><![CDATA[<p class="identifica">PORTARIA N° 1.998 de 29 de agosto de 2025</p><p>O REITOR DO INSTITUTO FEDERAL CATARINENSE, no uso de sua competência que lhe foi subdelegada pelo Decreto sem número de 15/01/2024, publicado no Diário Oficial da União, seção 2, pág. 01, em 16/01/2024, considerando o que consta no Processo nº 23350.002974/2025-10, resolve:</p><p>Art. 1º HOMOLOGAR a renúncia da aposentadoria do servidor ROBERTO GONCALVES D AVILA, na matrícula SIAPE n° ****478, ocupante do cargo de Professor de 1 e 2 graus, concedida pela Portaria n° 401 de 13 de fevereiro de 2015, publicada no DOU de 24/02/2015, retificada pela Portaria n° 1703 de 06 de junho de 2019, publicada no DOU de 07/06/2019, tendo em vista a renúncia expressa.</p><p>Art. 2º Esta Portaria entra em vigor na data de sua publicação.</p><p class="assina">RUDINEI KOCK EXTERCKOTER</p>]]></Texto>
  </body>
  <Midias />
</article></xml>