﻿<xml><article id="45196245" name="PORTARIA 550.2025 (1)" idOficio="11251923" pubName="DO2" artType="Portaria" pubDate="01/09/2025" artClass="00047:00037:00016:00000:00000:00000:00000:00000:00000:00000:00017:00000" artCategory="Ministério da Saúde/Secretaria de Atenção Especializada à Saúde/Instituto Nacional de Câncer" artSize="12" artNotes="" numberPage="87" pdfPage="http://pesquisa.in.gov.br/imprensa/jsp/visualiza/index.jsp?data=01/09/2025&amp;jornal=529&amp;pagina=87" editionNumber="165" highlightType="" highlightPriority="" highlight="" highlightimage="" highlightimagename="" idMateria="23051879">
  <body>
    <Identifica><![CDATA[ PORTARIA INCA/MS Nº 550, DE 28 DE AGOSTO]]></Identifica>
    <Data><![CDATA[]]></Data>
    <Ementa />
    <Titulo />
    <SubTitulo />
    <Texto><![CDATA[<p class="identifica">PORTARIA INCA/MS Nº 550, DE 28 DE AGOSTO</p><p>O Diretor-Geral do Instituto Nacional de Câncer, no uso de suas atribuições subdelegada pela Portaria CGRH/SAA/MS nº 1.041, de 30-10-2009, publicada no DOU nº 209, de 03-11-2009, resolve:</p><p>Art. 1º Conceder aposentadoria voluntária, com proventos proporcionais a MARTA MARIA FONSECA DE SOUZA, matrícula SIAPE nº 1818706, ocupante do cargo de Assistente em C&amp;T, NI, Classe S, Padrão III, do Quadro de Pessoal do Ministério da Saúde, com fundamento no Art. 10, § 1º, Inciso I da Emenda Constitucional nº 103/2019. Os proventos serão calculados com base no Art. 26, § 2º, Inciso II da Emenda Constitucional nº 103/2019. (Processo n.º 25410.010908/2025-97).</p><p>Art. 2º Declarar vago o cargo de código 407/002 - Assistente em C&amp;T.</p><p class="assina">ROBERTO DE ALMEIDA GIL</p>]]></Texto>
  </body>
  <Midias />
</article></xml>