﻿<xml><article id="45208120" name="0109_GETEM_PORTARIA" idOficio="11253813" pubName="DO2" artType="Portaria" pubDate="01/09/2025" artClass="00028:00044:00938:00000:00000:00000:00000:00000:00000:00000:00017:00000" artCategory="Ministério da Fazenda/Caixa Econômica Federal/Gerência Nacional Trajetória do Empregado" artSize="12" artNotes="" numberPage="56" pdfPage="http://pesquisa.in.gov.br/imprensa/jsp/visualiza/index.jsp?data=01/09/2025&amp;jornal=529&amp;pagina=56" editionNumber="165" highlightType="" highlightPriority="" highlight="" highlightimage="" highlightimagename="" idMateria="23054853">
  <body>
    <Identifica><![CDATA[ PORTARIA Nº 3.108, DE 28 DE AGOSTO DE 2025]]></Identifica>
    <Data><![CDATA[]]></Data>
    <Ementa />
    <Titulo />
    <SubTitulo />
    <Texto><![CDATA[<p class="identifica">PORTARIA Nº 3.108, DE 28 DE AGOSTO DE 2025</p><p>O PRESIDENTE DA CAIXA ECONÔMICA FEDERAL, considerando o disposto no art. 93 da Lei nº 8.112, de 11 de dezembro de 1990, regulamentado pelo Decreto nº 10.835, de 14 de outubro de 2021 e pelo Decreto-Lei nº 5.452, de 1º de maio de 1943, resolve:</p><p>Art. 1º Ceder o empregado ANTONIO MATHIAS NOGUEIRA MOREIRA, matrícula nº 12***7-6, pertencente ao Quadro de Pessoal da Caixa Econômica Federal, para exercício na Agência Nacional de Aviação Civil - ANAC, como Diretor. 2º O ônus pela remuneração é do órgão cessionário. Art. 3° O empregado deverá apresentar-se imediatamente ao órgão cedente ao término da cessão, observado o disposto no art. 8º do Decreto nº 10.835, de 14 de outubro de 2021. Art. 4º Torna-se sem efeito o disposto nesta Portaria caso o empregado não se apresente ao órgão cessionário no prazo de trinta dias. Art. 5º Esta Portaria entra em vigor na data da publicação.</p><p class="assina">CARLOS ANTÔNIO VIEIRA FERNANDES</p>]]></Texto>
  </body>
  <Midias />
</article></xml>