﻿<xml><article id="45196950" name="Portaria SIP HFASDPC HFADRH HFAC" idOficio="11247251" pubName="DO2" artType="Portaria" pubDate="01/09/2025" artClass="00016:00037:00110:00000:00000:00000:00000:00000:00000:00000:00017:00000" artCategory="Ministério da Defesa/Hospital das Forças Armadas/Comando de Logística" artSize="12" artNotes="" numberPage="13" pdfPage="http://pesquisa.in.gov.br/imprensa/jsp/visualiza/index.jsp?data=01/09/2025&amp;jornal=529&amp;pagina=13" editionNumber="165" highlightType="" highlightPriority="" highlight="" highlightimage="" highlightimagename="" idMateria="23044303">
  <body>
    <Identifica><![CDATA[ PORTARIA SIP HFA/SDPC HFA/DRH HFA/CMDO LOG HFA/HFA/SEPESD/SG-MD nº 3.685,]]></Identifica>
    <Data><![CDATA[]]></Data>
    <Ementa />
    <Titulo />
    <SubTitulo />
    <Texto><![CDATA[<p class="identifica">PORTARIA SIP HFA/SDPC HFA/DRH HFA/CMDO LOG HFA/HFA/SEPESD/SG-MD nº 3.685,</p><p class="identifica">DE 15 DE AGOSTO DE 2025</p><p>O COMANDANTE LOGÍSTICO DO HOSPITAL DAS FORÇAS ARMADAS, no uso das atribuições que lhe são conferidas pelo art. 2º, inciso V, alínea "c" da Portaria GM/MD nº 3.939, de 19 de julho de 2022, publicada no Diário Oficial da União de 27 de julho de 2022, e de acordo com o que consta do Processo SEI nº 60550.024259/2025-16, resolve:</p><p>Art. 1º Conceder aposentadoria voluntária com proventos integrais à servidora MARIA DAS DORES SILVA FREIRE, matrícula SIAPE nº 0661397, ocupante do cargo de Auxiliar Operacional de Serviços Diversos, Classe "S", padrão NI-V, do Quadro de Pessoal do Hospital das Forças Armadas, com fundamento no art. 20, § 2º, inciso I, da Emenda Constitucional nº 103/2019, publicada no Diário Oficial da União de 13 de novembro de 2019.</p><p>Art. 2º Declarar extinto o referido cargo, nos termos do parágrafo único do art. 101 da Lei nº 11.784, de 22 de setembro de 2008.</p><p>Art. 3º Esta Portaria entra em vigor na data de sua publicação.</p><p class="assina">Gen Div JORGE AUGUSTO RIBEIRO CACHO</p>]]></Texto>
  </body>
  <Midias />
</article></xml>