﻿<xml><article id="45196062" name="Publicacao DOU secao 2 - 2377 01" idOficio="11240754" pubName="DO2" artType="Portaria" pubDate="01/09/2025" artClass="00025:00107:00021:00000:00000:00000:00000:00000:00000:00000:00017:00000" artCategory="Ministério da Educação/Universidade Federal de Itajubá/Instituto de Física e Química" artSize="12" artNotes="" numberPage="35" pdfPage="http://pesquisa.in.gov.br/imprensa/jsp/visualiza/index.jsp?data=01/09/2025&amp;jornal=529&amp;pagina=35" editionNumber="165" highlightType="" highlightPriority="" highlight="" highlightimage="" highlightimagename="" idMateria="23032950">
  <body>
    <Identifica><![CDATA[ PORTARIA Nº 2.377, DE 22 DE AGOSTO DE 2025]]></Identifica>
    <Data><![CDATA[]]></Data>
    <Ementa />
    <Titulo />
    <SubTitulo />
    <Texto><![CDATA[<p class="identifica">PORTARIA Nº 2.377, DE 22 DE AGOSTO DE 2025</p><p>A Diretora do Instituto de Física e Química - IFQ, da UNIVERSIDADE FEDERAL DE ITAJUBÁ, nomeada pela Portaria nº 2.469, de 11 de dezembro de 2024, publicada no DOU de 30/12/2024, no uso das atribuições que lhe são conferidas pelo art. 85, inciso X do Regimento Geral da Unifei, e de acordo com deliberação do Colegiado do Curso em Química Licenciatura, resolve:</p><p>Art. 1º RECONDUZIR o Professor EVANDRO FORTES ROZENTALSKI, matrícula SIAPE nº 3062641, na função de Coordenador do Curso de Graduação em Química Licenciatura, campus Itajubá, pelo período de dois anos. Código: FCC.</p><p>Art. 2º RECONDUZIR a Professora JANE RAQUEL SILVA DE OLIVEIRA, matrícula SIAPE nº 1998676, na função de Coordenadora Adjunta do Curso de Graduação em Química Licenciatura, campus Itajubá, pelo período de dois anos.</p><p>Art. 3º Esta portaria entra em vigor na data de sua publicação no Diário Oficial da União.</p><p class="assina">GEISE RIBEIRO</p>]]></Texto>
  </body>
  <Midias />
</article></xml>