﻿<xml><article id="45200849" name="2025-08-29/11253968/TCUWS_230550" idOficio="11253968" pubName="DO2" artType="Portaria" pubDate="01/09/2025" artClass="00067:00009:00011:-0318:00000:00000:00000:00000:00000:00000:00017:00241" artCategory="Tribunal de Contas da União/Secretaria-Geral de Administração/Secretaria Especializada em Gestão de Pessoas/Diretoria de Análise de Direitos" artSize="12" artNotes="" numberPage="99" pdfPage="http://pesquisa.in.gov.br/imprensa/jsp/visualiza/index.jsp?data=01/09/2025&amp;jornal=529&amp;pagina=99" editionNumber="165" highlightType="" highlightPriority="" highlight="" highlightimage="" highlightimagename="" idMateria="23055060">
  <body>
    <Identifica><![CDATA[ PORTARIA-DIADI Nº 241, DE 29 DE AGOSTO DE 2025]]></Identifica>
    <Data><![CDATA[]]></Data>
    <Ementa />
    <Titulo />
    <SubTitulo />
    <Texto><![CDATA[<p class="identifica">PORTARIA-DIADI Nº 241, DE 29 DE AGOSTO DE 2025</p><p>A DIRETORA DE ANÁLISE DE DIREITOS DO TRIBUNAL DE CONTAS DA UNIÃO , no uso da atribuição que lhe confere o disposto no inciso III do art. 3º da Portaria n° 3, de 3 de janeiro de 2025, da Secretaria Especializada em Gestão de Pessoas deste Tribunal, resolve:</p><p>Art. 1º Designar THIAGO RIBEIRO STRAUSS, matrícula 8182-5, AUFC, para exercer a função de confiança de Assistente Técnico, código FC-2, no(a) Gabinete do Ministro Jhonatan de Jesus.</p><p>Art. 2º Esta Portaria entra em vigor na data de sua publicação.</p><p class="assina">CRÍSCIE LIZITA LÔBO SILVEIRA</p>]]></Texto>
  </body>
  <Midias />
</article></xml>