﻿<xml><article id="45196347" name="Portarias 367 e 368_2025" idOficio="11252982" pubName="DO2" artType="Portaria" pubDate="01/09/2025" artClass="00025:00074:00005:00000:00000:00000:00000:00000:00000:00000:00017:00000" artCategory="Ministério da Educação/Instituto Federal de Educação, Ciência e Tecnologia da Paraíba/Campus João Pessoa" artSize="12" artNotes="" numberPage="24" pdfPage="http://pesquisa.in.gov.br/imprensa/jsp/visualiza/index.jsp?data=01/09/2025&amp;jornal=529&amp;pagina=24" editionNumber="165" highlightType="" highlightPriority="" highlight="" highlightimage="" highlightimagename="" idMateria="23053560">
  <body>
    <Identifica><![CDATA[ Portarias de 28 de agosto de 2025]]></Identifica>
    <Data><![CDATA[]]></Data>
    <Ementa />
    <Titulo />
    <SubTitulo />
    <Texto><![CDATA[<p class="identifica">Portarias de 28 de agosto de 2025</p><p>O Diretor-Geral do campus João Pessoa do Instituto Federal de Educação, Ciência e Tecnologia da Paraíba, nomeado pela Portaria 2072/2022 - REITORIA/IFPB, de 24/10/2022, publicada no D.O.U. de 25/10/2022, no uso de suas atribuições legais que lhe confere a Portaria 2628/2019-REITORIA/IFPB, de 28/11/2019, publicada no D.O.U. de 11/12/2019, tendo em vista o que consta do Processo Eletrônico nº 23326.008222.2025-60, resolve:</p><p>Nº 367- I - Dispensar, a pedido, a servidora REGINA ALICE RODRIGUES ARAUJO COSTA, Matrícula nº 2129815, ocupante do cargo de Assistente de Aluno, do Quadro Permanente de Pessoal deste Instituto, da função de Coordenadora de Acolhimento ao Estudante, campus João Pessoa, Código FG-2.</p><p>Nº 368- I - Designar a servidora PATRICIA SOARES GRIMALDI, Matrícula nº 1194290, ocupante do cargo de Assistente Social, do Quadro Permanente de Pessoal deste Instituto, para desempenhar a função de Coordenadora de Acolhimento ao Estudante, campus João Pessoa, Código FG-2.</p><p>II - Estas portarias entram em vigor na data de sua publicação.</p><p class="assina">RICARDO JOSÉ FERREIRA</p>]]></Texto>
  </body>
  <Midias />
</article></xml>