﻿<xml><article id="45202084" name="PORTARIA N 624_23055428" idOficio="11254178" pubName="DO2" artType="Portaria" pubDate="01/09/2025" artClass="00025:00147:00001:00000:00000:00000:00000:00000:00000:00000:00017:00000" artCategory="Ministério da Educação/Fundação Universidade Federal da Grande Dourados/Reitoria" artSize="12" artNotes="" numberPage="50" pdfPage="http://pesquisa.in.gov.br/imprensa/jsp/visualiza/index.jsp?data=01/09/2025&amp;jornal=529&amp;pagina=50" editionNumber="165" highlightType="" highlightPriority="" highlight="" highlightimage="" highlightimagename="" idMateria="23055428">
  <body>
    <Identifica><![CDATA[ PORTARIA Nº 624, DE 29 DE AGOSTO DE 2025]]></Identifica>
    <Data><![CDATA[]]></Data>
    <Ementa />
    <Titulo />
    <SubTitulo />
    <Texto><![CDATA[<p class="identifica">PORTARIA Nº 624, DE 29 DE AGOSTO DE 2025</p><p>O REITOR DA FUNDAÇÃO UNIVERSIDADE FEDERAL DA GRANDE DOURADOS, no uso das atribuições legais conferidas pelo Decreto de 22 de junho de 2022, do Presidente da República, publicado no DOU nº 117, de 23 de junho de 2022, seção 2, página 1, tendo em vista as disposições do Art. 37, inciso II, da Constituição Federal, o Decreto nº 9.739, de 28 de março de 2019, publicado no DOU nº 61, seção 1, páginas 2 a 6, de 29 de março de 2019, a Portaria nº 1.373, de 18 de julho de 2019, publicada no DOU nº 138, seção 1, página 214, de 19 de julho de 2019, a Portaria Interministerial ME/MEC nº 9.359, de 10 de agosto de 2021, publicada no DOU nº 152, seção 1, página 15, de 12 de agosto de 2021, resolve:</p><p>Nomear, em caráter efetivo, nos termos do art. 9º, inciso I, da Lei nº 8.112/90, os seguintes aprovados em Concurso Público conforme o Edital de Abertura nº 1, de 25 de novembro de 2024, publicado no DOU nº 227, de 26 de novembro de 2024, seção 3, páginas 112 e 113, e o Edital de Homologação nº 1, de 14 de março de 2025, publicado no DOU nº 52, de 18 de março de 2025, seção 3, página 75-76:</p><p>I - THIAGO APARECIDO NOGUEIRA BASSO para o cargo de Técnico de Tecnologia da Informação/Área: Atendimento e Suporte ao Usuário, Nível de Classificação D, Padrão de Vencimento 01, 40 horas semanais, código da vaga nº 0584332.</p><p>II - AROLDO RODAS MIRANDA FILHO para o cargo de Técnico de Tecnologia da Informação/Área: Atendimento e Suporte ao Usuário, Nível de Classificação D, Padrão de Vencimento 01, 40 horas semanais, código da vaga nº 0834523.</p><p class="assina">Jones Dari Goettert</p>]]></Texto>
  </body>
  <Midias />
</article></xml>