﻿<xml><article id="45196503" name="PORTS PRESI - DIPAM E CETAS-GO" idOficio="11253265" pubName="DO2" artType="Portaria" pubDate="01/09/2025" artClass="00034:00062:00000:00000:00000:00000:00000:00000:00000:00000:00017:00000" artCategory="Ministério do Meio Ambiente e Mudança do Clima/Instituto Brasileiro do Meio Ambiente e dos Recursos Naturais Renováveis" artSize="12" artNotes="" numberPage="66" pdfPage="http://pesquisa.in.gov.br/imprensa/jsp/visualiza/index.jsp?data=01/09/2025&amp;jornal=529&amp;pagina=66" editionNumber="165" highlightType="" highlightPriority="" highlight="" highlightimage="" highlightimagename="" idMateria="23053982">
  <body>
    <Identifica><![CDATA[ PORTARIA DE PESSOAL IBAMA Nº 1.829, DE 20 DE AGOSTO DE 2025]]></Identifica>
    <Data><![CDATA[]]></Data>
    <Ementa />
    <Titulo />
    <SubTitulo />
    <Texto><![CDATA[<p class="identifica">PORTARIA DE PESSOAL IBAMA Nº 1.829, DE 20 DE AGOSTO DE 2025</p><p>O PRESIDENTE DO INSTITUTO BRASILEIRO DO MEIO AMBIENTE E DOS RECURSOS NATURAIS RENOVÁVEIS (Ibama), no uso das atribuições que lhe conferem o art. 15 Anexo I do Decreto nº 12.130, de 07 de agosto de 2024, que aprovou a Estrutura Regimental do Ibama, e pelo art. 10 da Portaria GM/MMA nº 897, de 22 de dezembro de 2023, resolve:</p><p>Designar LEO CAETANO FERNANDES DA SILVA, matrícula SIAPE n. 151****, para exercer a Função Comissionada Executiva de Chefe, código FCE 1.07, da Divisão de Proteção Ambiental, da Superintendência no estado de Goiás, deste Instituto.</p><p class="assina">RODRIGO AGOSTINHO</p><p class="identifica">PORTARIA DE PESSOAL IBAMA Nº 1.834, DE 20 DE AGOSTO DE 2025</p><p>O PRESIDENTE DO INSTITUTO BRASILEIRO DO MEIO AMBIENTE E DOS RECURSOS NATURAIS RENOVÁVEIS (Ibama), no uso das atribuições que lhe conferem o art. 15 Anexo I do Decreto nº 12.130, de 07 de agosto de 2024, que aprovou a Estrutura Regimental do Ibama, e pelo art. 10 da Portaria GM/MMA nº 897, de 22 de dezembro de 2023, resolve:</p><p>Designar NARA BALLAMINUT, matrícula SIAPE n. 105****, para exercer a Função Comissionada Executiva de Chefe, código FCE 1.05, do Centro de Triagem de Animais Silvestres em Goiânia, da Divisão Técnico-Ambiental, da Superintendência no estado de Goiás, deste Instituto.</p><p class="assina">RODRIGO AGOSTINHO</p><p class="identifica">PORTARIA DE PESSOAL IBAMA Nº 1.930, DE 20 DE AGOSTO DE 2025</p><p>O PRESIDENTE DO INSTITUTO BRASILEIRO DO MEIO AMBIENTE E DOS RECURSOS NATURAIS RENOVÁVEIS (Ibama), no uso das atribuições que lhe conferem o art. 15 Anexo I do Decreto nº 12.130, de 07 de agosto de 2024, que aprovou a Estrutura Regimental do Ibama, e pelo art. 10 da Portaria GM/MMA nº 897, de 22 de dezembro de 2023, resolve:</p><p>Dispensar, a pedido, LEO CAETANO FERNANDES DA SILVA, matrícula SIAPE n. 151****, da Função Comissionada Executiva de Chefe, código FCE 1.05, do Centro de Triagem de Animais Silvestres em Goiânia, da Divisão Técnico-Ambiental, da Superintendência no estado de Goiás, deste Instituto.</p><p class="assina">RODRIGO AGOSTINHO</p>]]></Texto>
  </body>
  <Midias />
</article></xml>