﻿<xml><article id="45196251" name="ATO PRESI 1190-2025 - ALUIZIO AL" idOficio="11251104" pubName="DO2" artType="Ato" pubDate="01/09/2025" artClass="00070:00007:00001:00000:00000:00000:00000:00000:00000:00000:00001:00009" artCategory="Poder Judiciário/Tribunal Regional Federal da 1ª Região/Presidência" artSize="12" artNotes="" numberPage="107" pdfPage="http://pesquisa.in.gov.br/imprensa/jsp/visualiza/index.jsp?data=01/09/2025&amp;jornal=529&amp;pagina=107" editionNumber="165" highlightType="" highlightPriority="" highlight="" highlightimage="" highlightimagename="" idMateria="23050258">
  <body>
    <Identifica><![CDATA[  ATO PRESI Nº 1.190, DE 27 DE AGOSTO DE 2025]]></Identifica>
    <Data><![CDATA[]]></Data>
    <Ementa />
    <Titulo />
    <SubTitulo />
    <Texto><![CDATA[<p class="identifica">ATO PRESI Nº 1.190, DE 27 DE AGOSTO DE 2025</p><p>O PRESIDENTE DO TRIBUNAL REGIONAL FEDERAL DA 1ª REGIÃO, no uso de suas atribuições legais e regimentais e tendo em vista o constante nos autos do PAe 0027028-57.2025.4.01.8000, resolve:</p><p>DEFERIR APOSENTADORIA voluntária ao servidor ALUIZIO ALVES DE OLIVEIRA, Técnico Judiciário, Área Administrativa, Classe "C", Padrão 13, do Quadro de Pessoal deste Tribunal, com fundamento no art. 20, caput, incisos I a IV, da Emenda Constitucional n. 103/2019, com proventos limitados ao valor máximo dos benefícios do Regime Geral da Previdência Social - RGPS, conforme disposto no art. 40, §§ 14 a 16 da Constituição Federal, c/ redação dada pela EC n. 20/98 e pela EC n. 103/2019, calculados pela média da remuneração contributiva, nos termos do art. 26, §§ 1º e 3º, inciso I, e § 7º, da EC n. 103/209, acrescidos do valor do benefício especial previsto na Lei 12.618/2012, com a redação da Lei n. 14.463/2022.</p><p class="assina">Des. Federal JOÃO BATISTA MOREIRA</p>]]></Texto>
  </body>
  <Midias />
</article></xml>