﻿<xml><article id="45202189" name="Port. de Pessoal PGFN-PGAGE-MF n" idOficio="11254225" pubName="DO2" artType="Portaria" pubDate="01/09/2025" artClass="00028:00029:00128:00000:00000:00000:00000:00000:00000:00000:00017:00000" artCategory="Ministério da Fazenda/Procuradoria-Geral da Fazenda Nacional/Procuradoria-Geral Adjunta de Governança e Gestão Estratégica" artSize="12" artNotes="" numberPage="54" pdfPage="http://pesquisa.in.gov.br/imprensa/jsp/visualiza/index.jsp?data=01/09/2025&amp;jornal=529&amp;pagina=54" editionNumber="165" highlightType="" highlightPriority="" highlight="" highlightimage="" highlightimagename="" idMateria="23055435">
  <body>
    <Identifica><![CDATA[ PORTARIA DE PESSOAL PGFN/PGAGE/MF Nº 663,  DE 28 DE AGOSTO DE 2025]]></Identifica>
    <Data><![CDATA[]]></Data>
    <Ementa />
    <Titulo />
    <SubTitulo />
    <Texto><![CDATA[<p class="identifica">PORTARIA DE PESSOAL PGFN/PGAGE/MF Nº 663, DE 28 DE AGOSTO DE 2025</p><p>O PROCURADOR-GERAL ADJUNTO DE GOVERNANÇA E GESTÃO ESTRATÉGICA, no uso da competência que lhe foi subdelegada pelo artigo 13 da Portaria MF nº 267, de 26 de abril de 2023, publicada no D.O.U de 27 de abril de 2023, e pelo inciso IV do artigo 5º da Portaria PGFN nº 25.541, de 29 de dezembro de 2020, publicada no DOU de 31 de dezembro de 2020, acrescentado pelo artigo 1º da Portaria PGFN Nº 4.390, de 16 de abril de 2021, publicada no D.O.U de 20 de abril de 2021, bem como o disposto no Processo SEI nº 10951.003683/2025-28, resolve:</p><p>Art. 1º - Fica designada TANIA FERNANDA VILANOVA DA ROSA, Contador, matrícula Siape nº 0958123, para exercer o encargo de substituta simultânea da Função Comissionada Executiva de Chefe Serviço de Diárias e Passagens, código FCE 1.05, da Coordenação de Orçamento Finanças e Contabilidade da Coordenação-Geral de Administração, da Procuradoria-Geral Adjunta de Governança e Gestão Estratégica, desta Procuradoria-Geral da Fazenda Nacional, nos afastamentos, impedimentos legais ou regulamentares simultâneos do titular e de seu substituto eventual, e na vacância da função.</p><p>Art. 2º - Convalidar os atos conferidos pela referida servidora citada no Art.1º, a partir de 15 de maio de 2025, até a data de publicação desta portaria.</p><p class="assina">RANULFO ALEXANDRE PINGOSVIK DE MELO VALE</p>]]></Texto>
  </body>
  <Midias />
</article></xml>