﻿<xml><article id="45196317" name="PORTARIA N 1.289_23051955" idOficio="11251992" pubName="DO2" artType="Portaria" pubDate="01/09/2025" artClass="00066:00010:00001:00004:00000:00000:00000:00000:00000:00000:00017:00005" artCategory="Ministério Público da União/Ministério Público do Trabalho/Procuradoria-Geral/Diretoria-Geral" artSize="12" artNotes="" numberPage="98" pdfPage="http://pesquisa.in.gov.br/imprensa/jsp/visualiza/index.jsp?data=01/09/2025&amp;jornal=529&amp;pagina=98" editionNumber="165" highlightType="" highlightPriority="" highlight="" highlightimage="" highlightimagename="" idMateria="23051955">
  <body>
    <Identifica><![CDATA[ PORTARIA DG Nº 1.289, DE 28 DE AGOSTO DE 2025]]></Identifica>
    <Data><![CDATA[]]></Data>
    <Ementa />
    <Titulo />
    <SubTitulo />
    <Texto><![CDATA[<p class="identifica">PORTARIA DG Nº 1.289, DE 28 DE AGOSTO DE 2025</p><p>O DIRETOR-GERAL DO MINISTÉRIO PÚBLICO DO TRABALHO, no uso da competência que lhe foi atribuída pelo artigo 258 da Portaria PGT/MPT nº 1.162, de 7 de agosto de 2025, publicada no Boletim de Serviço Eletrônico nº 147, de 8 de agosto de 2025, e considerando o que consta no PGEA/MPT n° 20.02.0800.0000614/2025-46, resolve:</p><p>Art.1º Apostilar a Portaria MPT nº 206, de 08/04/2013, publicada no Diário Oficial da União nº 67, de 09/04/2013, que nomeou o servidor CARLOS ELSON ROLO SILVA, matrícula 6005986-9, para o cargo em comissão de Assessor Jurídico do Gabinete do Procurador. Faustino Bartolomeu Alves Pimenta, código CC-2, atualmente exercendo o cargo em comissão de Chefe da Assessoria Jurídica do 7º Ofício Geral da Procuradoria Regional do Trabalho da 8ª Região, código CC-4, para considerar a nomeação para exercer o cargo em comissão de Chefe da Assessoria Jurídica do 20º Ofício Geral da Procuradoria Regional do Trabalho da 8ª Região, código CC-4, em vaga criada pela Lei n° 12.321/2010.</p><p>Art.2º Exonerar a servidora WANESSA CAMILLY CERBINO DA CUNHA, matrícula 6008022-1, ocupante do cargo efetivo de Analista do MPU/Direito, do cargo em comissão de Chefe da Assessoria Jurídica do 20º Ofício Geral da Procuradoria Regional do Trabalho da 8ª Região, código CC-4.</p><p>Art. 3º Nomear o servidor GUSTAVO MAIA NICOLAU DA COSTA, matrícula 6006642-3, ocupante do cargo efetivo de Analista do MPU/Direito, para o cargo em comissão de Chefe da Assessoria Jurídica do 15º Ofício Geral da Procuradoria Regional do Trabalho da 8ª Região, código CC-4, em vaga criada pela lei n° 14.561/2023, exonerando-o do cargo em comissão de Chefe da Assessoria Jurídica do 15º Ofício Geral da Procuradoria Regional do Trabalho da 8ª Região, código CC-4, criada pela lei 12.321/2010, que atualmente ocupa.</p><p>Art. 4º Apostilar a Portaria MPT nº 492, de 08/04/2014, publicada no Diário Oficial da União nº 68, de 09/04/2024, que nomeou a servidora ARIELLE BIANKA DOS SANTOS CALUMBY, matrícula 6009823-6, para o cargo em comissão de Chefe da Assessoria Jurídica do 18º Ofício Geral da Procuradoria Regional do Trabalho da 8ª Região, código CC-2, para considerar a nomeação para exercer o cargo em comissão de Chefe da Assessoria Jurídica do 18º Ofício Geral da Procuradoria Regional do Trabalho da 8ª Região, código CC-4, em vaga criada pela Lei n° 12.321/2010.</p><p class="assina">JOÃO BATISTA MACHADO JÚNIOR</p>]]></Texto>
  </body>
  <Midias />
</article></xml>