﻿<xml><article id="45196737" name="PORTARIA N 1.127 SINC 23022815" idOficio="11234778" pubName="DO2" artType="Portaria" pubDate="01/09/2025" artClass="00046:00295:00000:00000:00000:00000:00000:00000:00000:00000:00017:00000" artCategory="Ministério das Relações Exteriores/Secretaria-Geral das Relações Exteriores" artSize="12" artNotes="" numberPage="79" pdfPage="http://pesquisa.in.gov.br/imprensa/jsp/visualiza/index.jsp?data=01/09/2025&amp;jornal=529&amp;pagina=79" editionNumber="165" highlightType="" highlightPriority="" highlight="" highlightimage="" highlightimagename="" idMateria="23022815">
  <body>
    <Identifica><![CDATA[ PORTARIA Nº 1.127, DE 18 DE JULHO DE 2025]]></Identifica>
    <Data><![CDATA[]]></Data>
    <Ementa />
    <Titulo />
    <SubTitulo />
    <Texto><![CDATA[<p class="identifica">PORTARIA Nº 1.127, DE 18 DE JULHO DE 2025</p><p>A SECRETÁRIA-GERAL DAS RELAÇÕES EXTERIORES, de acordo com o art. 2º da portaria nº 386, de 14 de abril de 2022, e com o decreto nº 10.829, de 5 de outubro de 2021, resolve:</p><p>Designar MARINA DE ALMEIDA PRADO, primeira-secretária da carreira de diplomata do Ministério das Relações Exteriores, Siape nº 1717812, para exercer a função de chefe da Divisão de Atos Internacionais, código FCE 1.13, a contar de 1º de setembro de 2025.</p><p class="assina">MARIA LAURA DA ROCHA</p>]]></Texto>
  </body>
  <Midias />
</article></xml>