﻿<xml><article id="45200333" name="PORTARIA N 1.951_23054879" idOficio="11253841" pubName="DO2" artType="Portaria" pubDate="01/09/2025" artClass="00025:00078:00001:00000:00000:00000:00000:00000:00000:00000:00017:00000" artCategory="Ministério da Educação/Instituto Federal de Educação, Ciência e Tecnologia do Rio Grande do Norte/Reitoria" artSize="12" artNotes="" numberPage="27" pdfPage="http://pesquisa.in.gov.br/imprensa/jsp/visualiza/index.jsp?data=01/09/2025&amp;jornal=529&amp;pagina=27" editionNumber="165" highlightType="" highlightPriority="" highlight="" highlightimage="" highlightimagename="" idMateria="23054879">
  <body>
    <Identifica><![CDATA[ PORTARIA RE/IFRN N° 1.951, DE 29 DE AGOSTO DE 2025]]></Identifica>
    <Data><![CDATA[]]></Data>
    <Ementa />
    <Titulo />
    <SubTitulo />
    <Texto><![CDATA[<p class="identifica">PORTARIA RE/IFRN N° 1.951, DE 29 DE AGOSTO DE 2025</p><p>O REITOR DO INSTITUTO FEDERAL DE EDUCAÇÃO, CIÊNCIA E TECNOLOGIA DO RIO GRANDE DO NORTE, no uso de suas atribuições legais, e CONSIDERANDO o que consta no Processo nº 23516.001050.2025-66, de 24 de julho de 2025, resolve:</p><p>AUTORIZAR o afastamento do país ao servidor LEO MOREIRA SILVA, Matrícula Siape nº 2004384, pertencente ao Quadro Permanente deste Instituto Federal, lotado no Campus Ceará-Mirim, durante o período de 7 de outubro a 8 de novembro de 2025, com ônus, a fim de que o referido servidor possa realizar a defesa de Tese de Doutorado intitulada: "Toward Better Software Development: The Potential of Affective States and Personality Traits", na Universidade de Coimbra, na cidade de Coimbra/Portugal.</p><p class="assina">JOSÉ ARNÓBIO DE ARAÚJO FILHO</p>]]></Texto>
  </body>
  <Midias />
</article></xml>