﻿<xml><article id="45201382" name="JULIO - REDISTRIBUICAO" idOficio="11254072" pubName="DO2" artType="Portaria" pubDate="01/09/2025" artClass="00070:00066:00001:00000:00000:00000:00000:00000:00000:00000:00017:00001" artCategory="Poder Judiciário/Tribunal Regional do Trabalho da 24ª Região/Presidência" artSize="12" artNotes="" numberPage="118" pdfPage="http://pesquisa.in.gov.br/imprensa/jsp/visualiza/index.jsp?data=01/09/2025&amp;jornal=529&amp;pagina=118" editionNumber="165" highlightType="" highlightPriority="" highlight="" highlightimage="" highlightimagename="" idMateria="23055249">
  <body>
    <Identifica><![CDATA[ PORTARIA TRT/GP/DG Nº 151, DE 29 DE AGOSTO DE 2025]]></Identifica>
    <Data><![CDATA[]]></Data>
    <Ementa />
    <Titulo />
    <SubTitulo />
    <Texto><![CDATA[<p class="identifica">PORTARIA TRT/GP/DG Nº 151, DE 29 DE AGOSTO DE 2025</p><p>O PRESIDENTE DO TRIBUNAL REGIONAL DO TRABALHO DA 24ª REGIÃO, no uso de suas atribuições legais e regimentais,</p><p>CONSIDERANDO a Resolução nº 146, de 6 de março de 2012, do Conselho Nacional de Justiça;</p><p>CONSIDERANDO a instrução realizada no PA nº 1683/2025; resolve:</p><p>REDISTRIBUIR, a partir de 1º.9.2025, o cargo de Técnico Judiciário, Área Administrativa, sem Especialidade, do Quadro de Pessoal do Tribunal Regional do Trabalho da 24ª Região, criado pela Lei nº 10.842, de 20 de fevereiro de 2004, ocupado pelo servidor Júlio Cesar de Amorim, para o Quadro de Pessoal do Tribunal Regional Eleitoral de Mato Grosso do Sul, em reciprocidade com o cargo de Técnico Judiciário, Área Administrativa, sem Especialidade, ocupado pela servidora Luzia Almeida Gonçalves Küntzel.</p><p class="assina">Des. Tomás Bawden de Castro Silva</p>]]></Texto>
  </body>
  <Midias />
</article></xml>