﻿<xml><article id="45200204" name="DOU_PR_20250829" idOficio="11253823" pubName="DO2" artType="Portaria" pubDate="01/09/2025" artClass="00040:00024:00000:00000:00000:00000:00000:00000:00000:00000:00017:00005" artCategory="Ministério do Planejamento e Orçamento/Fundação Instituto Brasileiro de Geografia e Estatística" artSize="12" artNotes="" numberPage="69" pdfPage="http://pesquisa.in.gov.br/imprensa/jsp/visualiza/index.jsp?data=01/09/2025&amp;jornal=529&amp;pagina=69" editionNumber="165" highlightType="" highlightPriority="" highlight="" highlightimage="" highlightimagename="" idMateria="23054719">
  <body>
    <Identifica><![CDATA[ PORTARIAS DE 29 DE AGOSTO DE 2025]]></Identifica>
    <Data><![CDATA[]]></Data>
    <Ementa />
    <Titulo />
    <SubTitulo />
    <Texto><![CDATA[<p class="identifica">PORTARIAS DE 29 DE AGOSTO DE 2025</p><p>O PRESIDENTE da FUNDAÇÃO INSTITUTO BRASILEIRO DE GEOGRAFIA E ESTATÍSTICA-IBGE, usando de suas atribuições legais e regulamentares, resolve:</p><p>Nº 1.109 - Dispensar JOAO PAULO DE LIMA MARTINS, CPF nº XXX.511.706-XX, da atribuição de substituto de Gerente Nível I, do(a) Gerência de Recursos Materiais, do(a) Superintendência Estadual do IBGE em Minas Gerais, FCE - 1.6, desta Fundação, a partir de 01/09/2025.</p><p>Nº 1.110 - Designar JACYNTHO SALVIANO GONCALVES, CPF nº XXX.473.666-XX, para substituto da função de Gerente Nível I, do(a) Gerência de Recursos Materiais, do(a) Superintendência Estadual do IBGE em Minas Gerais, FCE - 1.6, desta Fundação.</p><p>Nº 1.111 - Designar RENATA CASTRO COSTA, CPF nº XXX.333.187-XX, para exercer a função comissionada executiva de Gerente Nível I, do(a) Gerência de Provimento, do(a) Gerência de Provimento e Acompanhamento de RH, do(a) Coordenação de Recursos Humanos, do(a) Diretoria-Executiva, FCE - 1.6, desta Fundação.</p><p class="assina">MARCIO POCHMANN</p>]]></Texto>
  </body>
  <Midias />
</article></xml>