﻿<xml><article id="45197394" name="trt9a177-2025-PRT COINF 195" idOficio="11252946" pubName="DO2" artType="Portaria" pubDate="01/09/2025" artClass="00070:00050:00001:00001:00017:00000:00000:00000:00000:00000:00017:00003" artCategory="Poder Judiciário/Tribunal Regional do Trabalho da 9ª Região/Tribunal Pleno/Presidência/Coordenadoria de Informações Funcionais" artSize="12" artNotes="" numberPage="115" pdfPage="http://pesquisa.in.gov.br/imprensa/jsp/visualiza/index.jsp?data=01/09/2025&amp;jornal=529&amp;pagina=115" editionNumber="165" highlightType="" highlightPriority="" highlight="" highlightimage="" highlightimagename="" idMateria="23053575">
  <body>
    <Identifica><![CDATA[ PORTARIA COINF Nº 195, DE 27 DE AGOSTO DE 2025]]></Identifica>
    <Data><![CDATA[]]></Data>
    <Ementa />
    <Titulo />
    <SubTitulo />
    <Texto><![CDATA[<p class="identifica">PORTARIA COINF Nº 195, DE 27 DE AGOSTO DE 2025</p><p>A COORDENADORA DE INFORMAÇÕES FUNCIONAIS DO TRIBUNAL REGIONAL DO TRABALHO DA 9ª REGIÃO, usando de suas atribuições legais, diante da delegação de competência decorrente do art. 4º, III e IV, da Portaria Presidência nº 22/2022, e considerando o contido no PROAD nº 1106/2025 e no Vetor nº 353680, resolve:</p><p>I - designar MARIANA BLEY NOZAWA, Técnica Judiciária, Área Administrativa, Sem Especialidade, classe C, padrão 13, para EXERCER o Cargo em Comissão de Assessor Assistente I de Secretaria de Vara do Trabalho, código TRT 9ª CJ-1, da 1ª Vara do Trabalho de Curitiba, a partir da data de publicação, dispensando-a da Função Comissionada de Assistente de Secretaria V (c-5253), código TRT 9ª FC-5, da mesma unidade, a partir da mesma data;</p><p>II - designar AUGUSTINHO JOSÉ DE SOUSA MENDONÇA, Analista Judiciário, Área Judiciária, Sem Especialidade, servidor do TRT 23ª Região, para EXERCER o Cargo em Comissão de Assessor Assistente I de Secretaria de Vara do Trabalho, código TRT 9ª CJ-1, da 3ª Vara do Trabalho de Curitiba, a partir da data de publicação, dispensando-o da Função Comissionada de Assistente de Secretaria V (c-5255), código TRT 9ª FC-5, da mesma unidade, a partir da mesma data;</p><p>III - designar SHEILA MACIEL DA HORA CASAGRANDE, Técnica Judiciária, Área Administrativa, Sem Especialidade, classe C, padrão 13, para EXERCER o Cargo em Comissão de Assessor Assistente I de Secretaria de Vara do Trabalho, código TRT 9ª CJ-1, da 6ª Vara do Trabalho de Curitiba, a partir da data de publicação, dispensando-a da Função Comissionada de Assistente de Secretaria V (c-5258), código TRT 9ª FC-5, da mesma unidade, a partir da mesma data;</p><p>IV - designar GILBERTO ALEXANDRE HANSEN, Analista Judiciário, Área Judiciária, Sem Especialidade, servidor do TRT 4ª Região, para EXERCER o Cargo em Comissão de Assessor Assistente I de Secretaria de Vara do Trabalho, código TRT 9ª CJ-1, da 9ª Vara do Trabalho de Curitiba, a partir da data de publicação, dispensando-o da Função Comissionada de Assistente de Secretaria V (c-5261), código TRT 9ª FC-5, da mesma unidade, a partir da mesma data;</p><p>V - designar RAFAEL VIRMONDE DO NASCIMENTO, Técnico Judiciário, Área Administrativa, Sem Especialidade, classe C, padrão 13, para EXERCER o Cargo em Comissão de Assessor Assistente I de Secretaria de Vara do Trabalho, código TRT 9ª CJ-1, da 15ª Vara do Trabalho de Curitiba, a partir da data de publicação, dispensando-o da Função Comissionada de Assistente de Secretaria V (c-5267), código TRT 9ª FC-5, da mesma unidade, a partir da mesma data;</p><p>VI - designar RICARDO RODRIGO MARTINEZ, Técnico Judiciário, Área Administrativa, Sem Especialidade, classe C, padrão 13, para EXERCER o Cargo em Comissão de Assessor Assistente I de Secretaria de Vara do Trabalho, código TRT 9ª CJ-1, da 18ª Vara do Trabalho de Curitiba, a partir da data de publicação, dispensando-o da Função Comissionada de Assistente de Secretaria V (c-5270), código TRT 9ª FC-5, da mesma unidade, a partir da mesma data;</p><p>VII - designar VENICIUS FERNANDO MOURA, Analista Judiciário, Área Administrativa, Sem Especialidade, classe C, padrão 13, para EXERCER o Cargo em Comissão de Assessor Assistente I de Secretaria de Vara do Trabalho, código TRT 9ª CJ-1, da 21ª Vara do Trabalho de Curitiba, a partir da data de publicação, dispensando-o da Função Comissionada de Assistente de Secretaria V (c-5814), código TRT 9ª FC-5, da mesma unidade, a partir da mesma data;</p><p>VIII - designar PABLIO FERREIRA NERI, Técnico Judiciário, Área Administrativa, Sem Especialidade, classe C, padrão 13, para EXERCER o Cargo em Comissão de Assessor Assistente I de Secretaria de Vara do Trabalho, código TRT 9ª CJ-1, da 22ª Vara do Trabalho de Curitiba, a partir da data de publicação, dispensando-o da Função Comissionada de Assistente de Secretaria V (c-5815), código TRT 9ª FC-5, da mesma unidade, a partir da mesma data;</p><p>IX - designar ALEXANDRE RODRIGUES DA SILVA, Técnico Judiciário, Área Administrativa, Sem Especialidade, classe C, padrão 13, para EXERCER o Cargo em Comissão de Assessor Assistente I de Secretaria de Vara do Trabalho, código TRT 9ª CJ-1, da 1ª Vara do Trabalho de Londrina, a partir da data de publicação, dispensando-o do Cargo em Comissão de Assessor de Juiz Substituto I (c-10941), código TRT 9ª CJ-1, da Assistência aos Juízes do Trabalho Substitutos, a partir da mesma data;</p><p>X - designar GUILHERME SANTI DIAS, Analista Judiciário, Área Judiciária, Sem Especialidade, classe C, padrão 13, para EXERCER o Cargo em Comissão de Assessor Assistente I de Secretaria de Vara do Trabalho, código TRT 9ª CJ-1, da 1ª Vara do Trabalho de Maringá, a partir da data de publicação, dispensando-o da Função Comissionada de Assistente de Secretaria V (c-5293), código TRT 9ª FC-5, da mesma unidade, a partir da mesma data.</p><p class="assina">ROSSANA SANTOS CARVALHO</p>]]></Texto>
  </body>
  <Midias />
</article></xml>