﻿<xml><article id="45196446" name="Portaria ALFREDO RAMOS DE JESUS" idOficio="11248540" pubName="DO2" artType="Portaria" pubDate="01/09/2025" artClass="00047:00002:00021:00038:00000:00000:00000:00000:00000:00000:00017:00004" artCategory="Ministério da Saúde/Secretaria Executiva/Subsecretaria de Assuntos Administrativos/Superintendência Estadual do Ministério da Saúde no Paraná" artSize="12" artNotes="" numberPage="86" pdfPage="http://pesquisa.in.gov.br/imprensa/jsp/visualiza/index.jsp?data=01/09/2025&amp;jornal=529&amp;pagina=86" editionNumber="165" highlightType="" highlightPriority="" highlight="" highlightimage="" highlightimagename="" idMateria="23046105">
  <body>
    <Identifica><![CDATA[ PORTARIA SEGEP/PR Nº 206,  DE 25 DE AGOSTO DE 2025]]></Identifica>
    <Data><![CDATA[]]></Data>
    <Ementa />
    <Titulo />
    <SubTitulo />
    <Texto><![CDATA[<p class="identifica">PORTARIA SEGEP/PR Nº 206, DE 25 DE AGOSTO DE 2025</p><p>A CHEFE DO SERVIÇO DE GESTÃO DE PESSOAS DA SUPERINTENDÊNCIA ESTADUAL DO MINISTÉRIO DA SAÚDE NO PARANÁ, no uso das competências conferidas pela apostila publicada na edição extraordinária do Boletim de Serviço nº 140, de 11/12/2023, de acordo com o Decreto nº 11.798, de 28 de novembro de 2023, publicado no Diário Oficial da União nº 225-B, Edição Extra B, de 28 de novembro de 2023, resolve:</p><p>Art. 1º - Conceder Aposentadoria Voluntária ao servidor ALFREDO RAMOS DE JESUS, matrícula SIAPE 1084704, ocupante do cargo de Guarda de endemias, nível intermediário, classe S, padrão V, do quadro de pessoal do Ministério da Saúde do Paraná, com fundamento no Art. 20º, Incisos I a IV e § 2º, inciso I e §3º, inciso I da Emenda Constitucional nº 103 de 13/11/2019. (Processo nº 25023.000614/2025-11)</p><p class="assina">LEANDRA LUCIANA BARBIERI DE OLIVEIRA</p>]]></Texto>
  </body>
  <Midias />
</article></xml>