﻿<xml><article id="45196791" name="Portaria nA 303-2025" idOficio="11253101" pubName="DO2" artType="Portaria" pubDate="01/09/2025" artClass="00016:00012:00027:00008:00015:00000:00000:00000:00000:00000:00017:00000" artCategory="Ministério da Defesa/Comando da Marinha/Diretoria-Geral do Pessoal da Marinha/Diretoria do Pessoal da Marinha/Serviço de Veteranos e Pensionista da Marinha" artSize="12" artNotes="" numberPage="13" pdfPage="http://pesquisa.in.gov.br/imprensa/jsp/visualiza/index.jsp?data=01/09/2025&amp;jornal=529&amp;pagina=13" editionNumber="165" highlightType="" highlightPriority="" highlight="" highlightimage="" highlightimagename="" idMateria="23053884">
  <body>
    <Identifica><![CDATA[ PORTARIA Nº 303/SVPM, DE 27 DE AGOSTO DE 2025 ]]></Identifica>
    <Data><![CDATA[]]></Data>
    <Ementa />
    <Titulo />
    <SubTitulo />
    <Texto><![CDATA[<p class="identifica">PORTARIA Nº 303/SVPM, DE 27 DE AGOSTO DE 2025</p><p>O DIRETOR DO SERVIÇO DE VETERANOS E PENSIONISTAS DA MARINHA, no uso da subdelegação de competência que lhe confere o contido no art. 1º da Portaria nº 176/2025, da Diretoria do Pessoal da Marinha, resolve:</p><p>Art. 1º Cancelar a Portaria nº 247/SVPM, de 16 de julho de 2025, publicada no Diário Oficial da União de 22 julho de 2025, que alterou o fundamento legal da pensão concedida a ROGÉRIO DE AZEVEDO VERSIANI, permanecendo o fundamento legal estabelecido pela Portaria nº 217/SVPM, de 25 de junho de 2025, publicada no Diário Oficial da União de 30 junho de 2025.</p><p>Art. 2º Esta Portaria entra em vigor na data de sua publicação.</p><p class="assina">CMG (IM) ROBSON APARECIDO CAMPOS DE LIMA</p>]]></Texto>
  </body>
  <Midias />
</article></xml>