﻿<xml><article id="45196191" name="Portaria 362_2025_Dispensa Alexa" idOficio="11244078" pubName="DO2" artType="Portaria" pubDate="01/09/2025" artClass="00025:00074:00005:00000:00000:00000:00000:00000:00000:00000:00017:00000" artCategory="Ministério da Educação/Instituto Federal de Educação, Ciência e Tecnologia da Paraíba/Campus João Pessoa" artSize="12" artNotes="" numberPage="24" pdfPage="http://pesquisa.in.gov.br/imprensa/jsp/visualiza/index.jsp?data=01/09/2025&amp;jornal=529&amp;pagina=24" editionNumber="165" highlightType="" highlightPriority="" highlight="" highlightimage="" highlightimagename="" idMateria="23038737">
  <body>
    <Identifica><![CDATA[ Portaria Nº 362, de 22 de agosto de 2025]]></Identifica>
    <Data><![CDATA[]]></Data>
    <Ementa />
    <Titulo />
    <SubTitulo />
    <Texto><![CDATA[<p class="identifica">Portaria Nº 362, de 22 de agosto de 2025</p><p>O Diretor Geral do campus João Pessoa do Instituto Federal de Educação, Ciência e Tecnologia da Paraíba, nomeado pela Portaria 2072/2022 - REITORIA/IFPB, de 24/10/2022, publicada no D.O.U. de 25/10/2022, no uso de suas atribuições legais que lhe conferem a Portaria 2628/2019-REITORIA/IFPB, de 28/11/2019, publicada no D.O.U. de 11/12/2019, tendo em vista o que consta do Processo Eletrônico nº 23326.008008.2025-11, resolve:</p><p>I - Dispensar, a pedido, o servidor ALEXANDRE FONSECA D ANDREA, Matrícula nº 1105336, ocupante do cargo de Professor do Ensino Básico, Técnico e Tecnológico, do Quadro Permanente de Pessoal deste Instituto, da função de Coordenador do Núcleo de Assuntos Internacionais, campus João Pessoa, Código FG-4.</p><p>II - Esta portaria entra em vigor na data de sua publicação.</p><p class="assina">RICARDO JOSE FERREIRA</p>]]></Texto>
  </body>
  <Midias />
</article></xml>