﻿<xml><article id="45196674" name="Portaria 274_28 Ago 2025" idOficio="11253245" pubName="DO2" artType="Portaria" pubDate="01/09/2025" artClass="00070:00012:00000:00000:00000:00000:00000:00000:00000:00000:00001:00007" artCategory="Poder Judiciário/Tribunal Regional Federal da 6ª Região/Presidência" artSize="12" artNotes="" numberPage="109" pdfPage="http://pesquisa.in.gov.br/imprensa/jsp/visualiza/index.jsp?data=01/09/2025&amp;jornal=529&amp;pagina=109" editionNumber="165" highlightType="" highlightPriority="" highlight="" highlightimage="" highlightimagename="" idMateria="23054033">
  <body>
    <Identifica><![CDATA[ PORTARIA PRESI Nº 274, DE 28 DE AGOSTO DE 2025]]></Identifica>
    <Data><![CDATA[]]></Data>
    <Ementa />
    <Titulo />
    <SubTitulo />
    <Texto><![CDATA[<p class="identifica">PORTARIA PRESI Nº 274, DE 28 DE AGOSTO DE 2025</p><p>O PRESIDENTE DO TRIBUNAL REGIONAL FEDERAL DA 6ª REGIÃO, no uso de suas atribuições legais e regimentais, tendo em vista o constante nos autos do PAe 0010180-51.2025.4.06.8001, resolve:</p><p>COLOCAR À DISPOSIÇÃO da Subseção Judiciária de Belo Horizonte, nos termos do art. 93, I, da Lei nº 8.112/90, c/c art. 37 e 38, da Resolução CJF nº 05/2008, para exercer função comissionada, o servidor RICARDO ROGERS RIBEIRO AMPARADO, Analista Judiciário/Área Judiciária, do Quadro de Pessoal da Justiça Federal de Primeiro Grau em Minas Gerais/Subseção Judiciária de Passos.</p><p class="assina">Des. VALLISNEY OLIVEIRA</p>]]></Texto>
  </body>
  <Midias />
</article></xml>