﻿<xml><article id="45197349" name="PORTARIA N 1.099_23048038" idOficio="11249493" pubName="DO2" artType="Portaria" pubDate="01/09/2025" artClass="00040:00024:00000:00000:00000:00000:00000:00000:00000:00000:00017:00001" artCategory="Ministério do Planejamento e Orçamento/Fundação Instituto Brasileiro de Geografia e Estatística" artSize="12" artNotes="" numberPage="69" pdfPage="http://pesquisa.in.gov.br/imprensa/jsp/visualiza/index.jsp?data=01/09/2025&amp;jornal=529&amp;pagina=69" editionNumber="165" highlightType="" highlightPriority="" highlight="" highlightimage="" highlightimagename="" idMateria="23048038">
  <body>
    <Identifica><![CDATA[ PORTARIA Nº 1.099, DE 27 DE AGOSTO DE 2025]]></Identifica>
    <Data><![CDATA[]]></Data>
    <Ementa />
    <Titulo />
    <SubTitulo />
    <Texto><![CDATA[<p class="identifica">PORTARIA Nº 1.099, DE 27 DE AGOSTO DE 2025</p><p>O PRESIDENTE DA FUNDAÇÃO INSTITUTO BRASILEIRO DE GEOGRAFIA E ESTATÍSTICA-IBGE, usando de suas atribuições legais e regulamentares, resolve:</p><p>Declarar vago o cargo efetivo de Técnico em Informações Geográficas e Estatísticas, classe C, padrão III, do quadro permanente desta Fundação, por motivo de exoneração a pedido do servidor RHANDERSON LUIZ SOARES GOMES, CPF nº XXX.271.676-XX, matrícula nº 2336728, na forma do disposto nº art. 33, inciso I e Art. 34, da Lei nº 8.112/90, a partir de 01/09/2025.</p><p class="assina">MARCIO POCHMANN</p>]]></Texto>
  </body>
  <Midias />
</article></xml>