﻿<xml><article id="45200015" name="Portaria_3509" idOficio="11253738" pubName="DO2" artType="Portaria" pubDate="01/09/2025" artClass="00025:00086:00002:00000:00000:00000:00000:00000:00000:00000:00017:00000" artCategory="Ministério da Educação/Instituto Federal de Educação, Ciência e Tecnologia do Sertão Pernambucano/Diretoria-Geral" artSize="12" artNotes="" numberPage="30" pdfPage="http://pesquisa.in.gov.br/imprensa/jsp/visualiza/index.jsp?data=01/09/2025&amp;jornal=529&amp;pagina=30" editionNumber="165" highlightType="" highlightPriority="" highlight="" highlightimage="" highlightimagename="" idMateria="23054568">
  <body>
    <Identifica><![CDATA[ PORTARIA Nº 3.509/IFSertãoPE, DE 29 DE AGOSTO DE 2025]]></Identifica>
    <Data><![CDATA[]]></Data>
    <Ementa />
    <Titulo />
    <SubTitulo />
    <Texto><![CDATA[<p class="identifica">PORTARIA Nº 3.509/IFSertãoPE, DE 29 DE AGOSTO DE 2025</p><p>O Reitor do Instituto Federal de Educação, Ciência e Tecnologia do Sertão Pernambucano, no uso da competência que lhe foi delegada pelo Decreto Presidencial de 16/05/2024, publicado no D.O.U. nº 95, de 17/05/2024, Seção 2 e o que consta no Processo nº 23302.000147/2023-03, resolve:</p><p>Art. 1º Aplicar a penalidade de suspensão, pelo período de 62 (sessenta e dois) dias, ao servidor UBIRAJARA SANTOS NOGUEIRA, ocupante do cargo de Professor de Ensino Básico Técnico e Tecnológico, SIAPE nº 2700556, SIAPECAD nº 01516071, lotado no(a) Campus Petrolina, nos termos do art.130 da Lei nº 8.112/90, por ter cometido a transgressão do art. 116, IX, da Lei nº 8.112, de 11/12/1990, de acordo com os autos do processo referenciado.</p><p>Art. 2º Estabelecer que a presente Portaria entre em vigor na data de sua publicação no Diário Oficial da União.</p><p class="assina">JEAN CARLOS COELHO DE ALENCAR</p>]]></Texto>
  </body>
  <Midias />
</article></xml>