﻿<xml><article id="45196704" name="CAL.Portarias Centro 2025" idOficio="11252601" pubName="DO2" artType="Portaria" pubDate="01/09/2025" artClass="00025:00129:00002:00000:00000:00000:00000:00000:00000:00000:00017:00000" artCategory="Ministério da Educação/Universidade Federal de Santa Maria/Centro de Artes e Letras" artSize="12" artNotes="" numberPage="45" pdfPage="http://pesquisa.in.gov.br/imprensa/jsp/visualiza/index.jsp?data=01/09/2025&amp;jornal=529&amp;pagina=45" editionNumber="165" highlightType="" highlightPriority="" highlight="" highlightimage="" highlightimagename="" idMateria="23053080">
  <body>
    <Identifica><![CDATA[ PORTARIA DE PESSOAL CAL/UFSM Nº 135, DE 28 DE AGOSTO DE 2025]]></Identifica>
    <Data><![CDATA[]]></Data>
    <Ementa />
    <Titulo />
    <SubTitulo />
    <Texto><![CDATA[<p class="identifica">PORTARIA DE PESSOAL CAL/UFSM Nº 135, DE 28 DE AGOSTO DE 2025</p><p>A VICE-DIRETORA DO CENTRO DE ARTES E LETRAS da Universidade Federal de Santa Maria, nomeada pela Portaria de pessoal UFSM N. 2.589, de 19/10/2022, no uso de suas atribuições legais e estatutárias, em virtude da delegação de competência atribuída pelo Regime Geral da UFSM, artigos 66, inciso XVI e 73, inciso IV, e considerando o processo n. 23081.117668/2025-02, resolve:</p><p>DESIGNAR Dionei Mathias, Matrícula SIAPE 1957885, ocupante do cargo de Professor do Magistério Superior, do Quadro Único de Pessoal da UFSM, para exercer a Função Comissionada de Coordenador(a) do Programa de Pós-Graduação em Letras do Centro de Artes e Letras, Código FCC.101, para um mandato pro tempore até 05/10/2025.</p><p>II - Esta Portaria entra em vigor na data de sua publicação.</p><p class="assina">ANDREIA MACHADO OLIVEIRA</p>]]></Texto>
  </body>
  <Midias />
</article></xml>