﻿<xml><article id="45196920" name="2025-08-28/11252878/andrev_23053" idOficio="11252878" pubName="DO2" artType="Ato" pubDate="01/09/2025" artClass="00070:00005:00009:00000:00000:00000:00000:00000:00000:00000:00001:00008" artCategory="Poder Judiciário/Tribunal Superior do Trabalho/Secretaria" artSize="12" artNotes="" numberPage="106" pdfPage="http://pesquisa.in.gov.br/imprensa/jsp/visualiza/index.jsp?data=01/09/2025&amp;jornal=529&amp;pagina=106" editionNumber="165" highlightType="" highlightPriority="" highlight="" highlightimage="" highlightimagename="" idMateria="23053487">
  <body>
    <Identifica><![CDATA[ ATO Nº 491, DE 28 DE AGOSTO DE 2025]]></Identifica>
    <Data><![CDATA[]]></Data>
    <Ementa />
    <Titulo />
    <SubTitulo />
    <Texto><![CDATA[<p class="identifica">ATO Nº 491, DE 28 DE AGOSTO DE 2025</p><p>O DIRETOR-GERAL DA SECRETARIA DO TRIBUNAL SUPERIOR DO TRABALHO, no uso de suas atribuições legais e regulamentares,</p><p>considerando o constante da Proposta nº 2788 do Sistema de Gestão de Pessoas - Sigep TST, de 27/08/2025, resolve:</p><p>1 - Designar a servidora ANA LUISA ROCHA DELFINO, código 70090, Técnica Judiciária, Área Administrativa, para exercer a função comissionada de Assistente 3, Nível FC-3, do Gabinete do Ex.mo Sr. Ministro Douglas Alencar Rodrigues, ficando dispensada, a pedido, da função comissionada de Assistente 2, Nível FC-2, do referido Gabinete.</p><p>2 - Designar a servidora DAYANE RODRIGUES BORGES, código 70112, Analista Judiciária, Área Judiciária, para exercer a função comissionada de Assistente 3, Nível FC-3, do Gabinete do Ex.mo Sr. Ministro Douglas Alencar Rodrigues, ficando dispensada, a pedido, da função comissionada de Assistente 2, Nível FC-2, do referido Gabinete.</p><p>3 - Designar o servidor JOAO PAULO BORGES DOS REIS, código 69407, Analista Judiciário, Área Judiciária, Especialidade Oficial de Justiça Avaliador Federal, do Quadro de Pessoal do Tribunal Regional do Trabalho da 9ª Região - PR, removido para esta Corte, para exercer a função comissionada de Assistente 2, Nível FC-2, do Gabinete do Ex.mo Sr. Ministro Douglas Alencar Rodrigues, ficando dispensado, a pedido, da função comissionada de Assistente 3, Nível FC-3, do referido Gabinete.</p><p>4 - Designar a servidora KATIA MARIA TAVARES DE ALBUQUERQUE MATOS, código 65687, Técnica Judiciária, Área Administrativa, cedida pelo Tribunal Regional do Trabalho da 18ª Região - GO, para exercer a função comissionada de Assistente 5, Nível FC-5, privativa de bacharel em Direito, do Gabinete do Ex.mo Sr. Ministro Douglas Alencar Rodrigues.</p><p>5 - Designar o servidor LARDONE RODRIGUES REGO SARMENTO, código 53837, Técnico Judiciário, Área Administrativa, para exercer a função comissionada de Assistente 4, Nível FC-4, do Gabinete do Ex.mo Sr. Ministro Douglas Alencar Rodrigues, ficando dispensado, a pedido, da função comissionada de Assistente 5, Nível FC-5, privativa de bacharel em Direito, do referido Gabinete.</p><p>6 - Designar a servidora LETICIA CARVALHO SILVA BIONDI, código 70033, Técnica Judiciária, Área Administrativa, cedida pelo Tribunal Superior Eleitoral, para exercer a função comissionada de Assistente 2, Nível FC-2, do Gabinete do Ex.mo Sr. Ministro Douglas Alencar Rodrigues, ficando dispensada, a pedido, da função comissionada de Assistente 3, Nível FC-3, do referido Gabinete.</p><p class="assina">GUSTAVO CARIBÉ DE CARVALHO</p>]]></Texto>
  </body>
  <Midias />
</article></xml>