﻿<xml><article id="45199976" name="Portaria 712_2025 - Reversao de " idOficio="11253730" pubName="DO2" artType="Portaria" pubDate="01/09/2025" artClass="00025:00096:00001:00029:00000:00000:00000:00000:00000:00000:00017:00000" artCategory="Ministério da Educação/Universidade Federal da Bahia/Reitoria/Pró-Reitoria de Desenvolvimento de Pessoas" artSize="12" artNotes="" numberPage="32" pdfPage="http://pesquisa.in.gov.br/imprensa/jsp/visualiza/index.jsp?data=01/09/2025&amp;jornal=529&amp;pagina=32" editionNumber="165" highlightType="" highlightPriority="" highlight="" highlightimage="" highlightimagename="" idMateria="23054558">
  <body>
    <Identifica><![CDATA[ PORTARIA Nº 712, DE 29 DE AGOSTO DE 2025]]></Identifica>
    <Data><![CDATA[]]></Data>
    <Ementa />
    <Titulo />
    <SubTitulo />
    <Texto><![CDATA[<p class="identifica">PORTARIA Nº 712, DE 29 DE AGOSTO DE 2025</p><p>O PRÓ-REITOR DE DESENVOLVIMENTO DE PESSOAS DA UNIVERSIDADE FEDERAL DA BAHIA, no uso de suas atribuições legais e estatutárias, considerando o disposto no processo n. 23066.040756/2025-99 e na Portaria n. 50/2025 - UFBA, de 11 de fevereiro de 2025, resolve:</p><p>Reverter à atividade, a partir de 1º de setembro de 2025, AIDIL GONCALVES GARCEZ, matrícula SIAPE n. 1452062, ocupante do cargo de Biólogo, Nível de Classificação E, Padrão de Vencimento 14, com jornada de trabalho de 40 horas semanais, com lotação no Instituto de Ciências da Saúde desta Universidade, em vaga de código n. 0217518, de acordo com o inciso II do Art. 25 da Lei n. 8.112/1990.</p><p class="assina">JEILSON BARRETO ANDRADE</p>]]></Texto>
  </body>
  <Midias />
</article></xml>