﻿<xml><article id="45196179" name="2025-08-27/11249326/andrev_23047" idOficio="11249326" pubName="DO2" artType="Ato" pubDate="01/09/2025" artClass="00070:00005:00009:00000:00000:00000:00000:00000:00000:00000:00001:00006" artCategory="Poder Judiciário/Tribunal Superior do Trabalho/Secretaria" artSize="12" artNotes="" numberPage="106" pdfPage="http://pesquisa.in.gov.br/imprensa/jsp/visualiza/index.jsp?data=01/09/2025&amp;jornal=529&amp;pagina=106" editionNumber="165" highlightType="" highlightPriority="" highlight="" highlightimage="" highlightimagename="" idMateria="23047753">
  <body>
    <Identifica><![CDATA[ ATO Nº 486, DE 27 DE AGOSTO DE 2025]]></Identifica>
    <Data><![CDATA[]]></Data>
    <Ementa />
    <Titulo />
    <SubTitulo />
    <Texto><![CDATA[<p class="identifica">ATO Nº 486, DE 27 DE AGOSTO DE 2025</p><p>O DIRETOR-GERAL DA SECRETARIA DO TRIBUNAL SUPERIOR DO TRABALHO, no uso de suas atribuições legais e regulamentares,</p><p>considerando o constante da Proposta nº 2793 do Sistema de Gestão de Pessoas - Sigep TST, de 27/08/2025, resolve:</p><p>Designar a servidora MARINA BEZERRA LOPES, código 65945, Técnica Judiciária, Área Administrativa, para exercer a função comissionada de Assistente 3, Nível FC-3, da Secretaria da 4ª Turma.</p><p class="assina">GUSTAVO CARIBÉ DE CARVALHO</p>]]></Texto>
  </body>
  <Midias />
</article></xml>