﻿<xml><article id="45195942" name="2025 - 867 - JOSE JOAO PELEGRINI" idOficio="11251068" pubName="DO2" artType="Portaria" pubDate="01/09/2025" artClass="00025:00133:00000:00000:00000:00000:00000:00000:00000:00000:00017:00000" artCategory="Ministério da Educação/Universidade Federal do Triângulo Mineiro" artSize="12" artNotes="" numberPage="48" pdfPage="http://pesquisa.in.gov.br/imprensa/jsp/visualiza/index.jsp?data=01/09/2025&amp;jornal=529&amp;pagina=48" editionNumber="165" highlightType="" highlightPriority="" highlight="" highlightimage="" highlightimagename="" idMateria="23050222">
  <body>
    <Identifica><![CDATA[ PORTARIA DE PESSOAL Nº 867,  DE 28 DE AGOSTO DE 2025]]></Identifica>
    <Data><![CDATA[]]></Data>
    <Ementa />
    <Titulo />
    <SubTitulo />
    <Texto><![CDATA[<p class="identifica">PORTARIA DE PESSOAL Nº 867, DE 28 DE AGOSTO DE 2025</p><p>A REITORA DA UNIVERSIDADE FEDERAL DO TRIÂNGULO MINEIRO - UFTM, nomeada pelo Presidente da República, por meio do Decreto de 1 <sup>o</sup> de junho de 2023, publicado no Diário Oficial da União do dia 2 subsequente, no uso de suas atribuições legais e regimentais e de acordo com o processo SEI/UFTM n <sup>º</sup> 23085.008766/2025-10, resolve:</p><p>Art. 1° Conceder aposentadoria voluntária ao servidor JOSE JOAO PELEGRINI, Siape 0389368, ocupante do cargo de ALMOXARIFE, Classe/Padrão C-019, carga horária de 40 horas semanais, código de vaga nº 301279, do Quadro de Pessoal desta Universidade, com proventos integrais e paridade, com fulcro no caput e inciso I do § 2º e inciso I do § 3º do art. 20 da Emenda Constitucional nº 103/2019.</p><p>Art. 2° Em consequência, declarar vago o referido cargo.</p><p>Art. 3° Esta Portaria de Pessoal entra em vigor a partir de sua publicação no Diário Oficial da União.</p><p class="assina">MARINALVA VIEIRA BARBOSA</p>]]></Texto>
  </body>
  <Midias />
</article></xml>