﻿<xml><article id="45196716" name="PT DCOMB RPPU N 716 RITA DE CASS" idOficio="11241992" pubName="DO2" artType="Portaria" pubDate="01/09/2025" artClass="00044:00018:00081:00275:00002:00005:00000:00000:00000:00000:00017:00014" artCategory="Ministério da Previdência Social/Instituto Nacional do Seguro Social/Diretoria de Gestão de Pessoas/Coordenação-Geral de Centralização do Regime Próprio de Previdência Social da União/Coordenação de Atendimento do RPPU/Divisão de Concessão e Manutenção de Benefícios do RPPU" artSize="12" artNotes="" numberPage="75" pdfPage="http://pesquisa.in.gov.br/imprensa/jsp/visualiza/index.jsp?data=01/09/2025&amp;jornal=529&amp;pagina=75" editionNumber="165" highlightType="" highlightPriority="" highlight="" highlightimage="" highlightimagename="" idMateria="23034669">
  <body>
    <Identifica><![CDATA[ Portaria DCOMB-RPPU/INSS Nº 716, DE 25 DE AGOSTO DE 2025]]></Identifica>
    <Data><![CDATA[]]></Data>
    <Ementa />
    <Titulo />
    <SubTitulo />
    <Texto><![CDATA[<p class="identifica">Portaria DCOMB-RPPU/INSS Nº 716, DE 25 DE AGOSTO DE 2025</p><p>A CHEFE DA DIVISÃO DE CONCESSÃO E MANUTENÇÃO DE BENEFÍCIOS DO RPPU, da Coordenação de Atendimento do RPPU, vinculada à Coordenação-Geral de Centralização do RPPU, da Diretoria de Gestão de Pessoas do INSS, no uso das atribuições e a delegação de competência estabelecida pela PORTARIA DGP/INSS nº 05 de 18/04/2022, publicada no BSE de 19/04/2022, na PORTARIA MPS nº 3085 de 24/09/2024, publicada no DOU nº 189, de 30/09/2024, e Portaria/DGP/INSS nº 77, de 24/07/2025, publicada no BSE em 28/07/2025, conforme o constante no processo SEI nº 35014.188858/2025-89 e Tarefa PAT nº 177261624, e na forma da legislação vigente, resolve:</p><p>Conceder aposentadoria voluntária ao servidor RITA DE CASSIA CAVALCANTI FONTES, matrícula SIAPE 0877558, ocupante do cargo de Técnico do Seguro Social, Classe S, Padrão V, do quadro de pessoal permanente do Instituto Nacional do Seguro Social, com fundamento no artigo 3º da Emenda Constitucional nº 47 de 5 de julho de 2005, combinado com o artigo 3º da Emenda Constitucional nº 103 de 12 de novembro de 2019, com proventos integrais calculados com base na remuneração do servidor no cargo efetivo em que se der a aposentadoria e demais vantagens a que faz jus, na forma da lei, declarando, em consequência, o referido cargo vago.</p><p>Esta portaria entra em vigor na data de sua publicação.</p><p class="assina">MIRIAN NATSUMI ETO</p>]]></Texto>
  </body>
  <Midias />
</article></xml>