﻿<xml><article id="45201667" name="portaria_528_2025 GGPES" idOficio="11254131" pubName="DO2" artType="Portaria" pubDate="01/09/2025" artClass="00047:00048:03325:00000:00000:00000:00000:00000:00000:00000:00017:00000" artCategory="Ministério da Saúde/Agência Nacional de Vigilância Sanitária/Gerência-Geral de Gestão de Pessoas" artSize="12" artNotes="" numberPage="88" pdfPage="http://pesquisa.in.gov.br/imprensa/jsp/visualiza/index.jsp?data=01/09/2025&amp;jornal=529&amp;pagina=88" editionNumber="165" highlightType="" highlightPriority="" highlight="" highlightimage="" highlightimagename="" idMateria="23055304">
  <body>
    <Identifica><![CDATA[ PORTARIA Nº 528, DE 28 DE AGOSTO DE 2025]]></Identifica>
    <Data><![CDATA[]]></Data>
    <Ementa />
    <Titulo />
    <SubTitulo />
    <Texto><![CDATA[<p class="identifica">PORTARIA Nº 528, DE 28 DE AGOSTO DE 2025</p><p>A GERENTE-GERAL DE GESTÃO DE PESSOAS DA AGÊNCIA NACIONAL DE VIGILÂNCIA SANITÁRIA, no uso das atribuições que lhe foram conferidas e em conformidade com a delegação de competência outorgada pela Portaria n. 1.596, de 8 de agosto de 2016, publicada no Diário Oficial da União n. 152, de 9 de agosto de 2016, e do que consta do Processo n. 25766.827428/2024-57, resolve:</p><p>Conceder aposentadoria voluntária à servidora FRANCINEIDE DA SILVA MACEDO, matrícula Siape 9710194, ocupante do cargo de AGENTE DE PORTARIA, Classe S/Padrão V, do Quadro de Pessoal Específico, lotada na CVPAF/RR, com fundamento no art. 20, § 2º, inciso I, da Emenda Constitucional 103/2019, com proventos calculados sobre a referida Classe/Padrão e demais vantagens que faz jus.</p><p class="assina">DANITZA PASSAMAI ROJAS BUVINICH</p>]]></Texto>
  </body>
  <Midias />
</article></xml>