﻿<xml><article id="45196020" name="Portaria 147 Aposentadoria Rosil" idOficio="11249777" pubName="DO2" artType="Portaria" pubDate="01/09/2025" artClass="00047:00046:00017:00000:00000:00000:00000:00000:00000:00000:00017:00000" artCategory="Ministério da Saúde/Secretaria de Vigilância em Saúde e Ambiente/Instituto Evandro Chagas" artSize="12" artNotes="" numberPage="87" pdfPage="http://pesquisa.in.gov.br/imprensa/jsp/visualiza/index.jsp?data=01/09/2025&amp;jornal=529&amp;pagina=87" editionNumber="165" highlightType="" highlightPriority="" highlight="" highlightimage="" highlightimagename="" idMateria="23048520">
  <body>
    <Identifica><![CDATA[ PORTARIA IEC Nº 147, DE 25 DE AGOSTO DE 2025]]></Identifica>
    <Data><![CDATA[]]></Data>
    <Ementa />
    <Titulo />
    <SubTitulo />
    <Texto><![CDATA[<p class="identifica">PORTARIA IEC Nº 147, DE 25 DE AGOSTO DE 2025</p><p>A Diretora do Instituto Evandro Chagas, da Secretaria de Vigilância em Saúde e Ambiente do Ministério da Saúde, designada mediante Apostila/SAA/SE/MS, de 18 de junho de 2024, publicada no Boletim de Serviço Eletrônico do Ministério da Saúde, Edição Extraordinária nº 69 de 19 de junho de 2024, no uso das competências que lhe foram atribuídas pela Portaria nº 1.041, de 30.10.09, publicada no DOU de 03.11.2009, resolve:</p><p>Art. 1º - Conceder aposentadoria voluntária à servidora ROSILANDIA CARVALHO GOMES, matrícula SIAPE 1106135, ocupante do cargo efetivo de Assistente em Ciência e Tecnologia, classe S, padrão III (NI), código de vaga 411311, do Quadro Permanente do Ministério da Saúde, lotada no Instituto Evandro Chagas, com fundamento no Artigo 4°, § 6º, inciso I, da Emenda Constitucional n°103, de 12 de novembro de 2019, que garante proventos correspondentes ao cargo efetivo.</p><p>Art. 2º - Esta Portaria entra em vigor na data de sua publicação.</p><p>(NUP: 25209.002477/2025-81).</p><p class="assina">LIVIA CARICIO MARTINS</p>]]></Texto>
  </body>
  <Midias />
</article></xml>