﻿<xml><article id="45201592" name="PORTARIA - DAP DGP C Ex NA 794 D" idOficio="11254125" pubName="DO2" artType="Portaria" pubDate="01/09/2025" artClass="00016:00011:00029:00010:00000:00000:00000:00000:00000:00000:00017:00000" artCategory="Ministério da Defesa/Comando do Exército/Departamento-Geral do Pessoal/Diretoria de Assistência ao Pessoal" artSize="12" artNotes="" numberPage="10" pdfPage="http://pesquisa.in.gov.br/imprensa/jsp/visualiza/index.jsp?data=01/09/2025&amp;jornal=529&amp;pagina=10" editionNumber="165" highlightType="" highlightPriority="" highlight="" highlightimage="" highlightimagename="" idMateria="23055266">
  <body>
    <Identifica><![CDATA[ PORTARIA - DAP/DGP/C Ex Nº 794, DE 29 DE AGOSTO DE 2025]]></Identifica>
    <Data><![CDATA[]]></Data>
    <Ementa />
    <Titulo />
    <SubTitulo />
    <Texto><![CDATA[<p class="identifica">PORTARIA - DAP/DGP/C Ex Nº 794, DE 29 DE AGOSTO DE 2025</p><p>O DIRETOR DE ASSISTÊNCIA AO PESSOAL, no uso da competência que lhe foi subdelegada pela Portaria - DGP/C Ex nº 458, de 10 de agosto de 2023, e de acordo com o inciso I do art. 96 da Lei nº 6.880, de 9 de dezembro de 1980, resolve:</p><p>TRANSFERIR, a pedido, para a reserva remunerada, a partir de 1º de outubro de 2025, os militares abaixo relacionados, com a remuneração a que fazem jus, observados os art. 12 e 15 da Lei nº 13.954, de 16 de dezembro de 2019:</p><p /><p></p><table><tr><td rowspan="1" colspan="1"><p>POSTO</p></td><td rowspan="1" colspan="1"><p>IDENTIDADE</p></td><td rowspan="1" colspan="1"><p>NOME</p></td><td rowspan="1" colspan="1"><p>OM DE ORIGEM</p></td></tr><tr><td rowspan="1" colspan="1"><p>Cel QCO</p></td><td rowspan="1" colspan="1"><p>(011132074-3)</p></td><td rowspan="1" colspan="1"><p>ANDRÉA LEMOS MALDONADO CRUZ</p></td><td rowspan="1" colspan="1"><p>AMAN;</p></td></tr><tr><td rowspan="1" colspan="1"><p>Cel Inf</p></td><td rowspan="1" colspan="1"><p>(011155184-2)</p></td><td rowspan="1" colspan="1"><p>ARGEMIRO LUCIANO SOUZA COSTA</p></td><td rowspan="1" colspan="1"><p>Cmdo C Op Esp;</p></td></tr><tr><td rowspan="1" colspan="1"><p>Cel Art</p></td><td rowspan="1" colspan="1"><p>(020350644-9)</p></td><td rowspan="1" colspan="1"><p>CARLOS HENRIQUE DA SILVA MARTINS</p></td><td rowspan="1" colspan="1"><p>MD;</p></td></tr><tr><td rowspan="1" colspan="1"><p>Cel QEM</p></td><td rowspan="1" colspan="1"><p>(011492154-7)</p></td><td rowspan="1" colspan="1"><p>CELSO ANDRE MOREIRA DA ROCHA</p></td><td rowspan="1" colspan="1"><p>DOM;</p></td></tr><tr><td rowspan="1" colspan="1"><p>Cel Cav</p></td><td rowspan="1" colspan="1"><p>(112700374-5)</p></td><td rowspan="1" colspan="1"><p>GIOVANI DALAROSA AMARAL</p></td><td rowspan="1" colspan="1"><p>EME;</p></td></tr><tr><td rowspan="1" colspan="1"><p>Cel Eng</p></td><td rowspan="1" colspan="1"><p>(011397514-8)</p></td><td rowspan="1" colspan="1"><p>GLAUCIO MAURICIO DE LIMA</p></td><td rowspan="1" colspan="1"><p>Cmdo 12ª RM;</p></td></tr><tr><td rowspan="1" colspan="1"><p>Cel Art</p></td><td rowspan="1" colspan="1"><p>(011103894-9)</p></td><td rowspan="1" colspan="1"><p>JAICK DAMASIA CHIPOLINE</p></td><td rowspan="1" colspan="1"><p>DPIMA;</p></td></tr><tr><td rowspan="1" colspan="1"><p>Cel Com</p></td><td rowspan="1" colspan="1"><p>(011479534-7)</p></td><td rowspan="1" colspan="1"><p>JOHNNY CAMPOS DA LUZ</p></td><td rowspan="1" colspan="1"><p>EsCom;</p></td></tr><tr><td rowspan="1" colspan="1"><p>Cel Art</p></td><td rowspan="1" colspan="1"><p>(011103034-2)</p></td><td rowspan="1" colspan="1"><p>LEONARDO CELSO DE ALMEIDA ALVES</p></td><td rowspan="1" colspan="1"><p>COLOG;</p></td></tr><tr><td rowspan="1" colspan="1"><p>Cel QEM</p></td><td rowspan="1" colspan="1"><p>(011345864-0)</p></td><td rowspan="1" colspan="1"><p>LUIZ EDUARDO MELLO CORRÊA DA SILVA</p></td><td rowspan="1" colspan="1"><p>DCT;</p></td></tr><tr><td rowspan="1" colspan="1"><p>Cel Cav</p></td><td rowspan="1" colspan="1"><p>(020369964-0)</p></td><td rowspan="1" colspan="1"><p>MARCELLO HENRIQUE SOUZA FERRAZ</p></td><td rowspan="1" colspan="1"><p>Cmdo 15ª Bda</p><p>Inf Mec;</p></td></tr><tr><td rowspan="1" colspan="1"><p>Cel Inf</p></td><td rowspan="1" colspan="1"><p>(011397814-2)</p></td><td rowspan="1" colspan="1"><p>MATEUS RIBEIRO COSTA</p></td><td rowspan="1" colspan="1"><p>Cmdo 12ª RM;</p></td></tr><tr><td rowspan="1" colspan="1"><p>Cel Cav</p></td><td rowspan="1" colspan="1"><p>(014971303-4)</p></td><td rowspan="1" colspan="1"><p>PAULO RODRIGO SANTOS CAMPOS</p></td><td rowspan="1" colspan="1"><p>Cmdo 1ª DE;</p></td></tr><tr><td rowspan="1" colspan="1"><p>Cel Mat Bel</p></td><td rowspan="1" colspan="1"><p>(011155904-3)</p></td><td rowspan="1" colspan="1"><p>SIDNEY MARINHO LIMA</p></td><td rowspan="1" colspan="1"><p>COLOG;</p></td></tr><tr><td rowspan="1" colspan="1"><p>Cel Inf</p></td><td rowspan="1" colspan="1"><p>(020370784-9)</p></td><td rowspan="1" colspan="1"><p>WELTON GOMES MAIA JUNIOR</p></td><td rowspan="1" colspan="1"><p>MD;</p></td></tr><tr><td rowspan="1" colspan="1"><p>Ten Cel QCO</p></td><td rowspan="1" colspan="1"><p>(019680193-0)</p></td><td rowspan="1" colspan="1"><p>GEORGE FREDERICO BEUTTENMÜLLER ROCHA BENIZ</p></td><td rowspan="1" colspan="1"><p>H Ge Juiz de Fora;</p></td></tr><tr><td rowspan="1" colspan="1"><p>Ten Cel Farm</p></td><td rowspan="1" colspan="1"><p>(013159854-2)</p></td><td rowspan="1" colspan="1"><p>JULIO CESAR FRANÇA</p></td><td rowspan="1" colspan="1"><p>HFA; e</p></td></tr><tr><td rowspan="1" colspan="1"><p>Ten Cel QCO</p></td><td rowspan="1" colspan="1"><p>(062359364-7)</p></td><td rowspan="1" colspan="1"><p>WELINGTON CRISTOPHER JAEGER</p></td><td rowspan="1" colspan="1"><p>IMBEL.</p></td></tr></table><p class="assina">Gen Bda MÁRCIO COSSICH TRINDADE</p>]]></Texto>
  </body>
  <Midias />
</article></xml>