﻿<xml><article id="45196386" name="PT 959 de 28.08.2025" idOficio="11253323" pubName="DO2" artType="Portaria" pubDate="01/09/2025" artClass="00047:00002:00021:00040:00014:00000:00000:00000:00000:00000:00017:00959" artCategory="Ministério da Saúde/Secretaria Executiva/Subsecretaria de Assuntos Administrativos/Superintendência Estadual do Ministério da Saúde no Rio de Janeiro/Serviço de Gestão de Pessoas" artSize="12" artNotes="" numberPage="87" pdfPage="http://pesquisa.in.gov.br/imprensa/jsp/visualiza/index.jsp?data=01/09/2025&amp;jornal=529&amp;pagina=87" editionNumber="165" highlightType="" highlightPriority="" highlight="" highlightimage="" highlightimagename="" idMateria="23054099">
  <body>
    <Identifica><![CDATA[ PORTARIA SEGEP/RJ Nº 959, DE 28 DE AGOSTO DE 2025]]></Identifica>
    <Data><![CDATA[]]></Data>
    <Ementa />
    <Titulo />
    <SubTitulo />
    <Texto><![CDATA[<p class="identifica">PORTARIA SEGEP/RJ Nº 959, DE 28 DE AGOSTO DE 2025</p><p>A CHEFE DO SERVIÇO DE GESTÃO DE PESSOAS, DA SUPERINTENDÊNCIA ESTADUAL DO MINISTÉRIO DA SAÚDE NO RIO DE JANEIRO, DA SUBSECRETARIA DE ASSUNTOS ADMINISTRATIVOS, DA SECRETARIA-EXECUTIVA, DO MINISTÉRIO DA SAÚDE, no uso de suas atribuições legais que lhe foram atribuídas pela PORTARIA DE PESSOAL SE/MS Nº 94, DE 01 DE fevereiro DE 2024, publicada no DOU nº 25, de 5 de fevereiro de 2024, Seção 2, página 68, e tendo em vista o que consta no processo nº 25001.001038/2025-87, resolve:</p><p>Cancelar, face renúncia expressa, o pedido de pensão de JÂNIA MARIA LACERDA FERREIRA, que foi solicitado na condição de CÔNJUGE, tendo em vista o falecimento do ex-servidor MIGUEL CLÁUDIO MENDONÇA ANTONIO, Matrícula SIAPE 654151, ocorrido em 20/01/2025. Esta renúncia está amparada no disposto do inciso VI, do Art. 222 da Lei 8112/90.</p><p class="assina">LUCILENA RODRIGUES GIESTEIRA</p>]]></Texto>
  </body>
  <Midias />
</article></xml>