﻿<xml><article id="45196512" name="nomeacao BIBLIOTECARIO a DOCUMEN" idOficio="11250341" pubName="DO2" artType="Portaria" pubDate="01/09/2025" artClass="00025:00130:00051:00000:00000:00000:00000:00000:00000:00000:00017:00000" artCategory="Ministério da Educação/Universidade Federal de São Paulo/Pró-Reitoria de Gestão com Pessoas" artSize="12" artNotes="" numberPage="47" pdfPage="http://pesquisa.in.gov.br/imprensa/jsp/visualiza/index.jsp?data=01/09/2025&amp;jornal=529&amp;pagina=47" editionNumber="165" highlightType="" highlightPriority="" highlight="" highlightimage="" highlightimagename="" idMateria="23049251">
  <body>
    <Identifica><![CDATA[ PORTARIA Nº 4.209,  DE 27 DE AGOSTO DE 2025]]></Identifica>
    <Data><![CDATA[]]></Data>
    <Ementa />
    <Titulo />
    <SubTitulo />
    <Texto><![CDATA[<p class="identifica">PORTARIA Nº 4.209, DE 27 DE AGOSTO DE 2025</p><p>A PRÓ-REITORA DE GESTÃO COM PESSOAS DA UNIVERSIDADE FEDERAL DE SÃO PAULO, no uso da competência que lhe foi delegada pela Portaria n° 654/2020, publicada no DOU de 13/03/2020, usando das atribuições legais e estatutárias e nos termos do Artigo 9º, Inciso I, combinado com o Artigo 10, da Lei 8.112, de 11/12/90, em conformidade com a Lei nº 11.091, de 12/01/2005, Decreto nº 7.232, de 19 de julho de 2010, Medida Provisória nº 1.286, de 31/12/2024 e Lei nº 15.141, de 2 de Junho de 2025, resolve:</p><p>Nomear MARIANA VIEIRA VENTUROLE, em caráter efetivo, em virtude da habilitação em Concurso Público Edital nº 336, de 29 de maio de 2024, publicado no DOU de 03/06/2024 para o Pessoal Técnico Administrativo em Educação, homologado pelo Edital nº 161, de 19/03/2025, publicado no DOU de 21/03/2025, para o cargo de BIBLIOTECÁRIO - DOCUMENTALISTA de Classificação E, em regime de 40 (quarenta) horas semanais, código de vaga nº 0672917. Origem da vaga: Falecimento de Andrea Akemi Oribe Hayashi, DOU de 26/02/2025. A posse deverá ocorrer no prazo de 30 (trinta) dias a partir da publicação deste ato.</p><p class="assina">ELAINE DAMASCENO</p>]]></Texto>
  </body>
  <Midias />
</article></xml>