﻿<xml><article id="45199628" name="PORTARIAS de 03.08.2025 - DES - " idOficio="11253553" pubName="DO2" artType="Portaria" pubDate="01/09/2025" artClass="00025:00118:00005:00000:00000:00000:00000:00000:00000:00000:00017:00001" artCategory="Ministério da Educação/Universidade Federal de Pernambuco/Pró-Reitoria de Gestão de Pessoas e Qualidade de Vida" artSize="12" artNotes="" numberPage="40" pdfPage="http://pesquisa.in.gov.br/imprensa/jsp/visualiza/index.jsp?data=01/09/2025&amp;jornal=529&amp;pagina=40" editionNumber="165" highlightType="" highlightPriority="" highlight="" highlightimage="" highlightimagename="" idMateria="23054345">
  <body>
    <Identifica><![CDATA[ PORTARIA Nº 3.194 DE 18 DE AGOSTO DE 2025]]></Identifica>
    <Data><![CDATA[]]></Data>
    <Ementa />
    <Titulo />
    <SubTitulo />
    <Texto><![CDATA[<p class="identifica">PORTARIA Nº 3.194 DE 18 DE AGOSTO DE 2025</p><p>A PRÓ-REITORA DE GESTÃO DE PESSOAS E QUALIDADE DE VIDA, DA UNIVERSIDADE FEDERAL DE PERNAMBUCO, no uso das atribuições legais e estatutárias, resolve:</p><p>Dispensar, a partir de 01/09/2025, MOZART VIEIRA DE MELO, Matrícula SIAPE n° 1131808, Assistente em Administração, em regime de trabalho de 40 horas semanais, lotado(a) no(a) Divisão de Atendimento e de Apoio Administrativo, da Coordenação de Controle Acadêmico da Graduação, da Diretoria de Gestão Acadêmica, da Pró-Reitoria de Graduação, da função de Chefe da Divisão de Atendimento e de Apoio Administrativo, da Coordenação de Controle Acadêmico, da Diretoria de Gestão Acadêmica, da Pró-Reitoria de Graduação, Código FG-03, para a(o) qual havia sido designado(a) através da Portaria de Pessoal nº 1266/2024, de 13/03/2024. (Processo n° 23076. 070181/2025-60).</p><p class="assina">BRUNNA CARVALHO ALMEIDA GRANJA</p><p class="identifica">PORTARIAS DE 28 DE AGOSTO DE 2025</p><p>A PRÓ-REITORA DE GESTÃO DE PESSOAS E QUALIDADE DE VIDA, DA UNIVERSIDADE FEDERAL DE PERNAMBUCO, no uso das atribuições legais e estatutárias, resolve:</p><p>Nº 3.439 - Dispensar, a partir de 01/09/2025, REBECA SERAFIM DE FARIAS, Matrícula SIAPE n° 1916701, Auxiliar em Administração, em regime de trabalho de 40 horas semanais, lotado(a) no(a) Coordenação de Apoio Acadêmico à Gestão da Graduação, da Diretoria de Gestão Acadêmica, da Pró-Reitoria de Graduação, da função de Coordenador de Apoio Acadêmico à Gestão da Graduação, da Diretoria de Gestão Acadêmica, da Pró-Reitoria de Graduação, Código FG-01, para a(o) qual havia sido designado(a) através da Portaria de Pessoal nº 1260/2024, de 13/03/2024. (Processo n° 23076. 070181/2025-60).</p><p>Nº 3.443 - Dispensar, a partir de 01/09/2025, JOCIEL MENDES DE FRANCA JUNIOR, Matrícula SIAPE n° 1855027, Assistente em Administração, em regime de trabalho de 40 horas semanais, lotado(a) no(a) Divisão de Diplomas de Graduação, da Coordenação de Controle Acadêmico da Graduação, da Diretoria de Gestão Acadêmica, da Pró-Reitoria de Graduação, da função de Chefe da Divisão de Diplomas de Graduação, da Coordenação de Controle Acadêmico da Graduação, da Diretoria de Gestão Acadêmica, da Pró-Reitoria de Graduação, Código FG-03, para a(o) qual havia sido designado(a) através da Portaria de Pessoal nº 1264/2024, de 13/03/2024. (Processo n° 23076. 070181/2025-60).</p><p>Nº 3.445 - Dispensar, a partir de 01/09/2025, CELSO CARLOS RIBEIRO SA, Matrícula SIAPE n° 1515359, Assistente em Administração, em regime de trabalho de 40 horas semanais, lotado(a) no(a) Divisão de Currículos e Programas, da Coordenação Didático-Pedagógica dos Cursos de Graduação, da Diretoria de Desenvolvimento de Ensino, da Pró-Reitoria de Graduação, da função de Chefe da Divisão de Currículos e Programas, da Coordenação Didático-Pedagógica dos Cursos de Graduação, da Diretoria de Desenvolvimento de Ensino, da Pró-Reitoria de Graduação, Código FG-03, para a(o) qual havia sido designado(a) através da Portaria de Pessoal nº 4112/2022, de 12/09/2022. (Processo n° 23076. 070181/2025-60).</p><p>Nº 3.447 - Dispensar, a partir de 01/09/2025, MONICA MARIA BARBOSA GUEIROS, Matrícula SIAPE n° 3199301, Professor de Magistério Superior, classe D, nível 1, denominação Titular, em regime de trabalho de Dedicação Exclusiva, lotado(a) no(a) Departamento de Ciências Administrativas, do Centro de Ciências Sociais Aplicadas, da função de Coordenador de Acompanhamento Acadêmico da Graduação, da Diretoria de Gestão Acadêmica, da Pró-Reitoria de Graduação, Código FG-01, para a(o) qual havia sido designado(a) através da Portaria de Pessoal nº 2510/2025, de 03/07/2025. (Processo n° 23076. 070181/2025-60).</p><p>Nº 3.449 - Dispensar, a partir de 01/09/2025, LARA COLOGNESE HELEGDA, Matrícula SIAPE n° 2363937, Professor de Magistério Superior, classe B, nível 3, denominação Adjunto, em regime de trabalho de Dedicação Exclusiva, lotado(a) no(a) Núcleo de Educação Física e Ciências do Esporte, da Secretaria Geral dos Cursos de Graduação, do Centro Acadêmico da Vitória, da função de Coordenador de Programas Acadêmicos da Graduação, da Diretoria de Gestão Acadêmica, da Pró-Reitoria de Graduação, Código FG-01, para a(o) qual havia sido designado(a) através da Portaria de Pessoal nº 2138/2024, de 27/05/2024. (Processo n° 23076. 0070181/2025-60).</p><p>Nº 3.451 - Dispensar, a partir de 01/09/2025, LUIZ ESPEDITO CRUZ NETO, Matrícula SIAPE n° 3207315, Assistente em Administração, em regime de trabalho de 40 horas semanais, lotado(a) no(a) Coordenação de Acompanhamento Acadêmico da Graduação, da Diretoria de Gestão Acadêmica, da Pró-Reitoria de Graduação, da função de Chefe da Divisão de Estágio de Graduação, da Coordenação de Acompanhamento Acadêmico da Graduação, da Diretoria de Gestão Acadêmica, da Pró-Reitoria de Graduação, Código FG-03, para a(o) qual havia sido designado(a) através da Portaria de Pessoal nº 2505/2025, de 02/07/2025. (Processo n° 23076. 070181/2025-60).</p><p>Nº 3.453 - Dispensar, a partir de 01/09/2025, MARIA CRISTINA DOS SANTOS FERREIRA, Matrícula SIAPE n° 1133352, Assistente em Administração, em regime de trabalho de 40 horas semanais, lotado(a) no(a) Coordenação de Gestão de Finanças no Ensino de Graduação, da Diretoria de Gestão de Finanças e de Infraestrutura no Ensino de Graduação, da Pró-Reitoria de Graduação, da função de Coordenador de Gestão de Finanças no Ensino de Graduação, da Diretoria de Gestão de Finanças e de Infraestrutura no Ensino de Graduação, da Pró-Reitoria de Graduação, Código FG-01, para a(o) qual havia sido designado(a) através da Portaria de Pessoal nº 1274/2024, de 13/03/2024. (Processo n° 23076. 070181/2025-60).</p><p>Nº 3.455 - Dispensar, a partir de 01/09/2025, SILVIA GOMES CORREA BORBA, Matrícula SIAPE n° 3207194, Assistente em Administração, em regime de trabalho de 40 horas semanais, lotado(a) no(a) Divisão de Gestão de Finanças no Ensino de Graduação, da Coordenação de Gestão de Finanças no Ensino de Graduação, da Diretoria de Gestão de Finanças e de Infraestrutura no Ensino de Graduação, da Pró-Reitoria de Graduação, da função de Chefe da Divisão de Gestão de Finanças no Ensino de Graduação, da Diretoria de Gestão de Finanças e de Infraestrutura no Ensino de Graduação, da Pró-Reitoria de Graduação, Código FG-03, para a(o) qual havia sido designado(a) através da Portaria de Pessoal nº 1276/2024, de 13/03/2024. (Processo n° 23076. 070181/2025-60).</p><p>Nº 3.457 - Dispensar, a partir de 01/09/2025, CHRISTOPHE ALBERT LOPES DE ALBUQUERQUE, Matrícula SIAPE n° 1960127, Assistente em Administração, em regime de trabalho de 40 horas semanais, lotado(a) no(a) Núcleo Integrado de Atividades de Ensino - NIATE CB-CCS, da Coordenação de Infraestrutura, da Diretoria de Informação Gerencial e Infraestrutura Acadêmica, da Pró-Reitoria para Assuntos Acadêmicos, da função de Gerente de Infraestrutura dos Núcleos Integrados de Atividade de Ensino da Graduação, da Diretoria de Gestão de Finanças e Infraestrutura no Ensino de Graduação, da Pró-Reitoria de Graduação, Código FG-02, para a(o) qual havia sido designado(a) através da Portaria de Pessoal nº 953/2025, de 19/03/2025. (Processo n° 23076. 070181/2025-60).</p><p class="assina">BRUNNA CARVALHO ALMEIDA GRANJA</p><p class="identifica">PORTARIAS 29 DE AGOSTO DE 2025</p><p>A PRÓ-REITORA DE GESTÃO DE PESSOAS E QUALIDADE DE VIDA, DA UNIVERSIDADE FEDERAL DE PERNAMBUCO, no uso das atribuições legais e estatutárias, resolve:</p><p>Nº 3.478 - Dispensar, a partir de 01/09/2025, MARLUS FILIPE COSTA NUNES, Matrícula SIAPE n° 3214154, Engenheiro, em regime de trabalho de 40 horas semanais, lotado(a) no(a) Divisão de Máquinas e Equipamentos, da Diretoria de Manutenção e Conservação, Superintendência de Infraestrutura, da função de Chefe da Divisão de Máquinas e Equipamentos, da Diretoria de Manutenção e Conservação, Superintendência de Infraestrutura, Código FG-03, para a(o) qual havia sido designado(a) através da Portaria de Pessoal nº 4283/2022, de 23/09/2022. (Processo n° 23076. 070228/2025-52).</p><p>Nº 3.479 - Designar, a partir de 01/09/2025, PAULO EDUARDO SILVA DE OLIVEIRA, Matrícula SIAPE n° 1271452, Assistente em Administração, em regime de trabalho de 40 horas semanais, lotado(a) no(a) Divisão de Máquinas e Equipamentos, da Diretoria de Manutenção, Superintendência de Infraestrutura, para exercer a função de Chefe da Divisão de Máquinas e Equipamentos, da Diretoria de Manutenção, Superintendência de Infraestrutura, Código FG-03. (Processo n° 23076. 070228/2025-52).</p><p class="assina">BRUNNA CARVALHO ALMEIDA GRANJA</p>]]></Texto>
  </body>
  <Midias />
</article></xml>