﻿<xml><article id="45201361" name="srh 217 p" idOficio="11254061" pubName="DO2" artType="Portaria" pubDate="01/09/2025" artClass="00025:00097:00000:00000:00000:00000:00000:00000:00000:00000:00017:00000" artCategory="Ministério da Educação/Universidade Federal de Campina Grande" artSize="12" artNotes="" numberPage="33" pdfPage="http://pesquisa.in.gov.br/imprensa/jsp/visualiza/index.jsp?data=01/09/2025&amp;jornal=529&amp;pagina=33" editionNumber="165" highlightType="" highlightPriority="" highlight="" highlightimage="" highlightimagename="" idMateria="23055166">
  <body>
    <Identifica><![CDATA[ PORTARIA R/SRH Nº 2.172, DE 27 DE AGOSTO DE 2025]]></Identifica>
    <Data><![CDATA[]]></Data>
    <Ementa />
    <Titulo />
    <SubTitulo />
    <Texto><![CDATA[<p class="identifica">PORTARIA R/SRH Nº 2.172, DE 27 DE AGOSTO DE 2025</p><p>O REITOR DA UNIVERSIDADE FEDERAL DE CAMPINA GRANDE, tendo em vista a Lei n.º 10.419, de 09 de abril de 2002 (D.O.U. de 10/04/02) e o Decreto do Presidente da República de 14 de fevereiro de 2025, publicado no Diário Oficial da União (DOU), Edição Extra 32-A, Seção 2 - Extra A, p. 1, no uso de suas atribuições, resolve:</p><p>Art.1º - Designar os servidores nas funções abaixo relacionadas, referente à Coordenação Executiva Colegiada da Unidade Acadêmica de Tecnologia do Desenvolvimento do Centro de Desenvolvimento Sustentável do Semiárido desta Universidade: (Ofício SEI Nº 169/2025/DC-CDSA/CDSA-SUME(retificado), e no que consta no processo nº 23096.039797/2025-85)</p><p /><p></p><table><tr /><tr><td rowspan="1" colspan="1"><p>SERVIDOR(A)</p></td><td rowspan="1" colspan="1"><p>Matrícula</p></td><td rowspan="1" colspan="1"><p>FUNÇÃO - UATEC/CDSA/UFCG</p></td></tr><tr><td rowspan="1" colspan="1"><p>ANA CRISTINA CHACON LISBOA</p></td><td rowspan="1" colspan="1"><p>1768805</p></td><td rowspan="1" colspan="1"><p>FG-01 - COORDENADORA ADMINISTRATIVA</p></td></tr><tr><td rowspan="1" colspan="1"><p>PAULO DA COSTA MEDEIROS</p></td><td rowspan="1" colspan="1"><p>1253152</p></td><td rowspan="1" colspan="1"><p>FUC-01 - COORDENADOR DE GRADUAÇÃO do Curso de Bacharelado em Engenharia de Biossistemas</p></td></tr><tr><td rowspan="1" colspan="1"><p>CARINA SEIXAS MAIA DORNELAS</p></td><td rowspan="1" colspan="1"><p>1771906</p></td><td rowspan="1" colspan="1"><p>FUC-01 - COORDENADORA DE GRADUAÇÃO do Curso de Tecnologia em Agroecologia</p></td></tr><tr><td rowspan="1" colspan="1"><p>ALDINETE BEZERRA BARRETO</p></td><td rowspan="1" colspan="1"><p>1805235</p></td><td rowspan="1" colspan="1"><p>COORDENADORA DE PESQUISA E EXTENSÃO (Não gratificada)</p></td></tr><tr><td rowspan="1" colspan="1"><p>ILZA MARIA DO NASCIMENTO BRASILEIRO</p></td><td rowspan="1" colspan="1"><p>2552724</p></td><td rowspan="1" colspan="1"><p>COORDENADORA DE PÓS-GRADUAÇÃO (Não gratificada)</p></td></tr></table><p>Art. 2º - O exercício será pelo prazo de 02 (dois) anos, referente ao biênio (2025-2027), com vigência de 27 de agosto de 2025 a 26 de agosto de 2027.</p><p>Art. 3º - Ficam dispensados os ocupantes anteriores das funções para atender às designações especificadas no Art. 1º desta portaria.</p><p>Art. 4º - Revogar a Portaria R/SRH nº 2.119, de 25 de agosto de 2025, publicada no DOU em 28/08/2025, seção: 02, pág. 22.</p><p class="assina">CAMILO ALLYSON SIMÕES DE FARIAS</p>]]></Texto>
  </body>
  <Midias />
</article></xml>