﻿<xml><article id="45196908" name="DOU02_ATO_SEGEP_PR_108_2025" idOficio="11224597" pubName="DO2" artType="Ato" pubDate="01/09/2025" artClass="00070:00061:00001:00000:00000:00000:00000:00000:00000:00000:00001:00000" artCategory="Poder Judiciário/Tribunal Regional do Trabalho da 20ª Região/Presidência" artSize="12" artNotes="" numberPage="117" pdfPage="http://pesquisa.in.gov.br/imprensa/jsp/visualiza/index.jsp?data=01/09/2025&amp;jornal=529&amp;pagina=117" editionNumber="165" highlightType="" highlightPriority="" highlight="" highlightimage="" highlightimagename="" idMateria="23006434">
  <body>
    <Identifica><![CDATA[ ATO  SEGEP.PR Nº 108, DE 15 DE AGOSTO DE 2025]]></Identifica>
    <Data><![CDATA[]]></Data>
    <Ementa />
    <Titulo />
    <SubTitulo />
    <Texto><![CDATA[<p class="identifica">ATO SEGEP.PR Nº 108, DE 15 DE AGOSTO DE 2025</p><p>O DESEMBARGADOR PRESIDENTE DO TRIBUNAL REGIONAL DO TRABALHO DA 20ª REGIÃO, no uso de suas atribuições legais e regimentais, considerando o contido no PROAD Nº 2425/2025, resolve:</p><p>1. Redistribuir, com efeitos a contar de 1/9/2025, na forma prevista no art. 37 da Lei nº 8.112/90 e na Resolução nº 146/2012, do Conselho Nacional de Justiça (CNJ), o cargo de provimento efetivo da Carreira de Analista Judiciário - Área Judiciária do Quadro Permanente de Pessoal da Secretaria deste Tribunal, ocupado pela servidora PAULA DA COSTA MACHADO, tendo por reciprocidade a redistribuição mediante triangulação do cargo de provimento efetivo da Carreira de Analista Judiciário - Área Judiciária, ocupado pelo servidor FILIPE LIMA DA SILVA LOBÃO e do cargo de provimento efetivo da Carreira de Analista Judiciário - Área Judiciária, ocupado pela servidora LARISSA COURI SOARES DE MOURA MOTA, na forma estabelecida a seguir:</p><p /><p></p><table><tr /><tr><td rowspan="1" colspan="1"><p>Cargo de Provimento Efetivo Ocupado pelo (a) Servidor(a)</p></td><td rowspan="1" colspan="1"><p>Órgão de Origem</p></td><td rowspan="1" colspan="1"><p>Órgão de Destino</p></td></tr><tr><td rowspan="1" colspan="1"><p>PAULA DA COSTA MACHADO</p></td><td rowspan="1" colspan="1"><p>TRT da 20ª Região</p></td><td rowspan="1" colspan="1"><p>TRT da 12ª Região</p></td></tr><tr><td rowspan="1" colspan="1"><p>FILIPE LIMA DA SILVA LOBÃO</p></td><td rowspan="1" colspan="1"><p>TRT da 3ª Região</p></td><td rowspan="1" colspan="1"><p>TRT da 20ª Região</p></td></tr><tr><td rowspan="1" colspan="1"><p>LARISSA COURI SOARES DE MOURA MOTA</p></td><td rowspan="1" colspan="1"><p>TRT da 12ª Região</p></td><td rowspan="1" colspan="1"><p>TRT da 3ª Região</p></td></tr></table><p class="assina">JOSENILDO DOS SANTOS CARVALHO</p>]]></Texto>
  </body>
  <Midias />
</article></xml>