﻿<xml><article id="45197109" name="PORTARIA N 656_23053370" idOficio="11252827" pubName="DO2" artType="Portaria" pubDate="01/09/2025" artClass="00070:00004:00001:00002:00000:00000:00000:00000:00000:00000:00017:00004" artCategory="Poder Judiciário/Superior Tribunal de Justiça/Presidência/Secretaria" artSize="12" artNotes="" numberPage="104" pdfPage="http://pesquisa.in.gov.br/imprensa/jsp/visualiza/index.jsp?data=01/09/2025&amp;jornal=529&amp;pagina=104" editionNumber="165" highlightType="" highlightPriority="" highlight="" highlightimage="" highlightimagename="" idMateria="23053370">
  <body>
    <Identifica><![CDATA[ PORTARIA STJ/GDG Nº 656, DE 25 DE AGOSTO DE 2025]]></Identifica>
    <Data><![CDATA[]]></Data>
    <Ementa />
    <Titulo />
    <SubTitulo />
    <Texto><![CDATA[<p class="identifica">PORTARIA STJ/GDG Nº 656, DE 25 DE AGOSTO DE 2025</p><p>O DIRETOR-GERAL DA SECRETARIA DO SUPERIOR TRIBUNAL DE JUSTIÇA, com base no item 21.2.3, XI, b, do Anexo da Instrução Normativa STJ/GP n. 19 de 11 de junho de 2025 e no disposto no art. 35, I, da Lei n. 8.112, de 11 de dezembro de 1990, resolve:</p><p>Art. 1º Efetuar as seguintes alterações na Assessoria para Assuntos Funcionais de Magistrados:</p><p>I - Dispensar de função de confiança:</p><p>SUZI RAQUEL LUCAS DO VALE, matrícula S030680, Assistente IV, código FC-4;</p><p>ALINE GABRIELA LEITE AFFONSO, matrícula S041470, Assistente II, código FC-2;</p><p>II - Designar para função de confiança:</p><p>ALINE GABRIELA LEITE AFFONSO, matrícula S041470, Assistente IV, código FC-4, na vaga decorrente da dispensa de Suzi Raquel Lucas do Vale;</p><p>SUZI RAQUEL LUCAS DO VALE, matrícula S030680, Assistente II, código FC-2, na vaga decorrente da dispensa de Aline Gabriela Leite Affonso.</p><p>Art. 2º Esta portaria entra em vigor na data de sua publicação.</p><p class="assina">SERGIO JOSÉ AMERICO PEDREIRA</p>]]></Texto>
  </body>
  <Midias />
</article></xml>