﻿<xml><article id="45196308" name="Port. 502 - ATQ103art20 integral" idOficio="11245573" pubName="DO2" artType="Portaria" pubDate="01/09/2025" artClass="00025:00128:00012:00007:00000:00000:00000:00000:00000:00000:00017:00000" artCategory="Ministério da Educação/Universidade Federal de Santa Catarina/Pró-Reitoria de Desenvolvimento e Gestão de Pessoas/Departamento de Administração de Pessoal" artSize="12" artNotes="" numberPage="44" pdfPage="http://pesquisa.in.gov.br/imprensa/jsp/visualiza/index.jsp?data=01/09/2025&amp;jornal=529&amp;pagina=44" editionNumber="165" highlightType="" highlightPriority="" highlight="" highlightimage="" highlightimagename="" idMateria="23041387">
  <body>
    <Identifica><![CDATA[ PORTARIA Nº 502, DE 26 DE AGOSTO DE 2025]]></Identifica>
    <Data><![CDATA[]]></Data>
    <Ementa />
    <Titulo />
    <SubTitulo />
    <Texto><![CDATA[<p class="identifica">PORTARIA Nº 502, DE 26 DE AGOSTO DE 2025</p><p>A DIRETORA DO DEPARTAMENTO DE ADMINISTRAÇÃO DE PESSOAL DA UNIVERSIDADE FEDERAL DE SANTA CATARINA, no uso de suas atribuições, resolve:</p><p>Aposentar LUIZ FERNANDO DE BARROS JUNIOR, matrícula SIAPE 1169697, código de vaga nº 744570, ocupante do cargo de ASSISTENTE EM ADMINISTRAÇÃO, Nível de Classificação D e Padrão de Vencimento 19, em regime de trabalho de 40 horas semanais, da carreira técnico-administrativa da Universidade Federal de Santa Catarina, nos termos do Art. 20 da Emenda Constitucional nº 103, de 13 de novembro de 2019, com a totalidade da remuneração no cargo efetivo em que se der a aposentadoria, conforme § 2º, Inciso I, do Art. 20 C/C com o § 8º do Art. 4º da EC nº 103/2019, incorporando 13% (treze por cento) de adicional de tempo de serviço e a incorporação de 10/10 (dez décimos) de FG-04 transformados em Vantagem Pessoal Nominalmente Identificada de que trata o Artigo 62-A da Lei 8.112/90, com redação dada pela Medida Provisória nº 2.225-45, de 04 de setembro de 2001 (Processo nº 23080.035622/2025-78).</p><p class="assina">EMANUELLA KÁTIA DA CONCEIÇÃO DOS SANTOS</p>]]></Texto>
  </body>
  <Midias />
</article></xml>