﻿<xml><article id="45202132" name="IFPR_RTF_Portaria_10637" idOficio="11254222" pubName="DO2" artType="Portaria" pubDate="01/09/2025" artClass="00025:00075:00009:00000:00000:00000:00000:00000:00000:00000:00017:00000" artCategory="Ministério da Educação/Instituto Federal de Educação, Ciência e Tecnologia do Paraná/Pró-Reitoria de Gestão de Pessoas" artSize="12" artNotes="" numberPage="24" pdfPage="http://pesquisa.in.gov.br/imprensa/jsp/visualiza/index.jsp?data=01/09/2025&amp;jornal=529&amp;pagina=24" editionNumber="165" highlightType="" highlightPriority="" highlight="" highlightimage="" highlightimagename="" idMateria="23055432">
  <body>
    <Identifica><![CDATA[ PORTARIA Nº 1.0637/PROGEPE/IFPR, DE 29 DE AGOSTO DE 2025]]></Identifica>
    <Data><![CDATA[]]></Data>
    <Ementa />
    <Titulo />
    <SubTitulo />
    <Texto><![CDATA[<p class="identifica">PORTARIA Nº 1.0637/PROGEPE/IFPR, DE 29 DE AGOSTO DE 2025</p><p>A Pró-Reitora de Gestão de Pessoas do Instituto Federal do Paraná, no uso da competência que lhe confere a Portaria de Pessoal DEAC/GR/IFPR nº 204, de 8 de fevereiro de 2024, publicada no Diário Oficial da União em 14 de fevereiro de 2024, seção 02, página 23 e o que consta no Processo nº 23411.003951/2024-80, resolve:</p><p>Autorizar a Prorrogação do Contrato como Professor Substituto SOLANO RIBEIRO SOARES, contrato 40/2024, com salário correspondente à Classe A, nível 1, de Professor da Carreira do Magistério do Ensino Básico, Técnico e Tecnológico, acrescido de Retribuição pelo Mestrado em Sustentabilidade, conforme a Lei nº 8745/93 e arts. 16 e 17 da Lei 12.772/12, no regime de trabalho de 40H semanais, para o(a) Campus Umuarama, a partir de 1 de outubro de 2025 até 30 de março de 2026.</p><p class="assina">GISLEY LIMA DE MENEZES</p>]]></Texto>
  </body>
  <Midias />
</article></xml>