﻿<xml><article id="45196431" name="PENSAO LUSIMARY" idOficio="11253353" pubName="DO2" artType="Portaria" pubDate="01/09/2025" artClass="00032:00034:00015:00000:00000:00000:00000:00000:00000:00000:00017:00000" artCategory="Ministério da Integração e do Desenvolvimento Regional/Departamento Nacional de Obras Contra as Secas/Coordenadoria Estadual no Ceará" artSize="12" artNotes="" numberPage="62" pdfPage="http://pesquisa.in.gov.br/imprensa/jsp/visualiza/index.jsp?data=01/09/2025&amp;jornal=529&amp;pagina=62" editionNumber="165" highlightType="" highlightPriority="" highlight="" highlightimage="" highlightimagename="" idMateria="23054138">
  <body>
    <Identifica><![CDATA[ PORTARIA Nº 69, DE 27 DE AGOSTO  DE 2025]]></Identifica>
    <Data><![CDATA[]]></Data>
    <Ementa />
    <Titulo />
    <SubTitulo />
    <Texto><![CDATA[<p class="identifica">PORTARIA Nº 69, DE 27 DE AGOSTO DE 2025</p><p>O COORDENADOR ESTADUAL SUBSTITUTO DO DEPARTAMENTO NACIONAL DE OBRAS CONTRA AS SECAS NO CEARÁ, usando da competência que lhe foi delegada através da Portaria nº 402/DG/DA/CRH, de 30 de agosto de 2013, publicada no Boletim Administrativo, Edição Extra, de mesma data, e tendo em vista o que consta do Processo nº 59402.001692/2025-90 , resolve:</p><p>Art. 1º CONCEDER pensão a LUSIMARY LUSTOSA REBOUSAS, na qualidade de cônjuge do ex-servidor ARILO DE SOUZA REBOUÇAS, ocupante do cargo de Agente Administrativo ,matricula Siape 731478, do quadro de pessoal desta Coordenadoria Estadual, falecido aposentado, em de 11 de agosto 2025 com fundamento no inciso I do art. 39 da Portaria SGP/SEDGG/ME Nº 4645, de 24 de maio de 2022, c/c o art. 217 da Lei nº 8.112, de 11 de dezembro de 1990, e art. 23 da Emenda Constitucional nº 103, de 12 de novembro de 2019.</p><p>Art. 2º Os efeitos desta Portaria entram em vigor em 11 de agosto 2025 data do óbito do ex-servidor.</p><p class="assina">Raimundo Joacir Moreira de Sousa</p><p></p>]]></Texto>
  </body>
  <Midias />
</article></xml>