﻿<xml><article id="45196236" name="PORTARIA N. 172 APOSENTADORIA JO" idOficio="11239223" pubName="DO2" artType="Portaria" pubDate="01/09/2025" artClass="00013:00040:00000:00000:00000:00000:00000:00000:00000:00000:00017:00000" artCategory="Ministério da Ciência, Tecnologia e Inovação/Instituto Nacional de Pesquisas da Amazônia" artSize="12" artNotes="" numberPage="8" pdfPage="http://pesquisa.in.gov.br/imprensa/jsp/visualiza/index.jsp?data=01/09/2025&amp;jornal=529&amp;pagina=8" editionNumber="165" highlightType="" highlightPriority="" highlight="" highlightimage="" highlightimagename="" idMateria="23030584">
  <body>
    <Identifica><![CDATA[ PORTARIA Nº 172, DE 20 DE AGOSTO DE 2025]]></Identifica>
    <Data><![CDATA[]]></Data>
    <Ementa />
    <Titulo />
    <SubTitulo />
    <Texto><![CDATA[<p class="identifica">PORTARIA Nº 172, DE 20 DE AGOSTO DE 2025</p><p>O DIRETOR DO INSTITUTO NACIONAL DE PESQUISAS DA AMAZÔNIA - INPA, do MINISTÉRIO DA CIÊNCIA, TECNOLOGIA E INOVAÇÃO, usando da competência que lhe foi delegada pelo artigo 9.º do Decreto n.º 2.251, de 12 de junho de 1997, publicado no Diário Oficial da União do dia 13 subsequente e pelo inciso XXIV do artigo 1.º da Portaria n.º 407-MCT, de 29 de junho de 2006, publicada no Diário Oficial da União do dia 30 subsequente e considerando o que consta do Processo SEI n.º 01280.000869/2025-84, resolve:</p><p>Conceder aposentadoria voluntária a Jose Celso de Oliveira Malta, matrícula SIAPE nº 0663804, ocupante do cargo de Pesquisador, classe S, padrão III do Quadro permanente do Instituto Nacional de Pesquisas da Amazônia, com fundamento no artigo 3º, incisos I e II e § único da Emenda Constitucional nº 47/2005, combinado com o Art. 3º da Emenda Constitucional nº 103, de 13 de novembro de 2019 (processo nº 01280.000869/2025-84).</p><p>Declarar vago o Código de Vaga Nº 415082.</p><p class="assina">HENRIQUE DOS SANTOS PEREIRA</p>]]></Texto>
  </body>
  <Midias />
</article></xml>