﻿<xml><article id="45200402" name="13.-PORTARIA-NA-13-E1_CMDO-CMS_-" idOficio="11253852" pubName="DO2" artType="Portaria" pubDate="01/09/2025" artClass="00016:00011:00015:00009:00000:00000:00000:00000:00000:00000:00017:00000" artCategory="Ministério da Defesa/Comando do Exército/Comando Militar do Sul/Comando do Comando Militar do Sul" artSize="12" artNotes="" numberPage="10" pdfPage="http://pesquisa.in.gov.br/imprensa/jsp/visualiza/index.jsp?data=01/09/2025&amp;jornal=529&amp;pagina=10" editionNumber="165" highlightType="" highlightPriority="" highlight="" highlightimage="" highlightimagename="" idMateria="23054920">
  <body>
    <Identifica><![CDATA[ PORTARIA Nº 13-E1/CMDO CMS, DE 28 DE AGOSTO DE 2025]]></Identifica>
    <Data><![CDATA[]]></Data>
    <Ementa />
    <Titulo />
    <SubTitulo />
    <Texto><![CDATA[<p class="identifica">PORTARIA Nº 13-E1/CMDO CMS, DE 28 DE AGOSTO DE 2025</p><p>O COMANDANTE MILITAR DO SUL, no uso da competência que lhe foi delegada pelo Comandante do Exército, por intermédio da Portaria - C Ex, 1.994, de 12 de junho de 2023, nos termos do Art 2º, inciso I, letra b), resolve:</p><p>1. EXCLUIR</p><p>das fileiras do Exército Brasileiro, ex-officio, a bem da disciplina, da situação que se encontra na inatividade, o 2º Sgt Refm (042017314-8) LÚCIO MAURO CARLOSSO MOTA, atualmente vinculado à Base Administrativa da Guarnição de Santa Maria (Santa Maria-RS), nos termos dos arts. 125, caput, inciso III, 126 e 127, todos da Lei nº 6.880/1980, combinado com o art. 13, inciso IV, alíneas a) e b), do decreto 71.500/1972, que dispõe sobre o Conselho de Disciplina.</p><p>2. EM CONSEQUÊNCIA AO DESLIGAMENTO</p><p>a. Publique-se no DOU e transcreva-se no BAR/CMS.</p><p>b. A SVP/3ªRM (Base Administrativa de Santa Maria-RS), após a publicação no DOU proceda ao desligamento, a contar desta data.</p><p>c. A SVP/3ªRM (Base Administrativa de Santa Maria-RS), o Cmdo 3ª RM, o Cmdo 5ª RM e os interessados tomem conhecimento e as providências decorrentes.</p><p>d. Arquive-se os autos físicos do processo no Comando da 5ª Região Militar.</p><p class="assina">Gen Ex LUÍS CLÁUDIO DE MATTOS BASTO</p>]]></Texto>
  </body>
  <Midias />
</article></xml>