﻿<xml><article id="45197472" name="PT 944 de 26.08.2025" idOficio="11253323" pubName="DO2" artType="Portaria" pubDate="01/09/2025" artClass="00047:00002:00021:00040:00014:00000:00000:00000:00000:00000:00017:00944" artCategory="Ministério da Saúde/Secretaria Executiva/Subsecretaria de Assuntos Administrativos/Superintendência Estadual do Ministério da Saúde no Rio de Janeiro/Serviço de Gestão de Pessoas" artSize="12" artNotes="" numberPage="86" pdfPage="http://pesquisa.in.gov.br/imprensa/jsp/visualiza/index.jsp?data=01/09/2025&amp;jornal=529&amp;pagina=86" editionNumber="165" highlightType="" highlightPriority="" highlight="" highlightimage="" highlightimagename="" idMateria="23054094">
  <body>
    <Identifica><![CDATA[ PORTARIA SEGEP/RJ Nº 944, DE 26 DE AGOSTO DE 2025]]></Identifica>
    <Data><![CDATA[]]></Data>
    <Ementa />
    <Titulo />
    <SubTitulo />
    <Texto><![CDATA[<p class="identifica">PORTARIA SEGEP/RJ Nº 944, DE 26 DE AGOSTO DE 2025</p><p>A CHEFE DO SERVIÇO DE GESTÃO DE PESSOAS DA SUPERINTENDÊNCIA ESTADUAL DO MINISTÉRIO DA SAÚDE NO RIO DE JANEIRO, no uso das atribuições tendo em vista a aprovação da nova Estrutura Regimental conferidas pelo Decreto nº 11.358 de 01 de janeiro de 2023, publicado na Seção 1, Edição Especial do Diário Oficial da União de 01/01/2023, pela PORTARIA COGAD/SAA Nº 1510, de 03/11/2023, publicada no Diário Oficial da União nº 213 de 09/11/2023, à vista das informações constantes no Processo Judicial nº 25001.003016/2024-71 , cumpre:</p><p>Conceder Pensão na condição de FILHO MAIOR INVALÍDO POR DECISÃO JUDICIAL à CARLOS AUGUSTO FREDERICO SANTOS BRONN, tendo como base o disposto no artigo 217, inciso I e 222, inciso VII, alínea b, item 6, da Lei nº 8.112/90, na redação dada pela Lei nº 13.135/15, nos termos do artigo 23, da Emenda Constitucional nº 103, de 13/11/2019. Cabendo ao beneficiário a cota-parte de 1/1 destinado à pensão, e em conformidade com os autos do Processo Judicial de nº 005942-29.2023.4.02.5108, da Procuradoria-Regional da União da 2ª Região, encaminhado à Consultoria Jurídica junto ao Ministério da Saúde (CONJUR/MS) , em face do falecimento ocorrido em 31/01/2021, da ex-servidora MARIA DA CONCEICAO PEREIRA DOS SANTOS , matrícula SIAPE nº 0616837, AGENTE ADMINISTRATIVO, Classe "S", Padrão "III", Aposentada do Quadro de Pessoal deste Ministério, a contar da data do requerimento em 18/03/2022.</p><p class="assina">LUCILENA RODRIGUES GIESTEIRA</p>]]></Texto>
  </body>
  <Midias />
</article></xml>