﻿<xml><article id="45197067" name="4945 (DOU de 1.9.25) Dispensa e " idOficio="11237892" pubName="DO2" artType="Ato" pubDate="01/09/2025" artClass="00070:00006:00002:00000:00000:00000:00000:00000:00000:00000:00001:00000" artCategory="Poder Judiciário/Superior Tribunal Militar/Presidência do STM" artSize="12" artNotes="" numberPage="106" pdfPage="http://pesquisa.in.gov.br/imprensa/jsp/visualiza/index.jsp?data=01/09/2025&amp;jornal=529&amp;pagina=106" editionNumber="165" highlightType="" highlightPriority="" highlight="" highlightimage="" highlightimagename="" idMateria="23029020">
  <body>
    <Identifica><![CDATA[ ATO Nº 4.945, DE 21 DE AGOSTO DE 2025]]></Identifica>
    <Data><![CDATA[]]></Data>
    <Ementa />
    <Titulo />
    <SubTitulo />
    <Texto><![CDATA[<p class="identifica">ATO Nº 4.945, DE 21 DE AGOSTO DE 2025</p><p>A MINISTRA-PRESIDENTE DO SUPERIOR TRIBUNAL MILITAR, usando das atribuições conferidas pelo inciso XXV do artigo 6º do Regimento Interno, bem como os Formulários de Dispensa e Designação nº 4474978 e nº 4474982, como também o Memorando nº 4474984, contidos nos autos do Processo nº 018997/25-00.235 do Sistema Eletrônico de Informações, e, considerando o disposto nos incisos I e II do artigo 71 da Lei nº 8.457/1992, alterada pela Lei nº 13.774/2018, resolve:</p><p>Art. 1º DISPENSAR o militar ANDRE CIPRIANO FERNANDES, matrícula 1933, da função comissionada de ASSISTENTE II, código STM-FC-02, da Seção de Assuntos Militares, da Assessoria de Assuntos Administrativos e Militares da Secretaria-Geral da Presidência.</p><p>Art. 2º DESIGNAR o militar RONALDO OLIVEIRA DE LIMA JUNIOR, matrícula 1892, para exercer, em vaga decorrente da dispensa de ANDRE CIPRIANO FERNANDES, a função comissionada de ASSISTENTE II, código STM-FC-02, da Seção de Assuntos Militares, da Assessoria de Assuntos Administrativos e Militares da Secretaria-Geral da Presidência.</p><p>Art. 3º DISPENSAR o militar JONAS HILLESHEIN, matrícula 2104, da função comissionada de ASSISTENTE II, código STM-FC-02, da Seção de Apoio Administrativo à Presidência, da Assessoria de Assuntos Administrativos e Militares, da Secretaria-Geral da Presidência.</p><p>Art. 4º DESIGNAR o militar WELBETY LUZ DE OLIVEIRA, matrícula 1333, para exercer, em vaga decorrente da dispensa de JONAS HILLESHEIN, a função comissionada de ASSISTENTE II, código STM-FC-02, da Seção de Apoio Administrativo à Presidência, da Assessoria de Assuntos Administrativos e Militares, da Secretaria-Geral da Presidência.</p><p class="assina">MARIA ELIZABETH ROCHA</p>]]></Texto>
  </body>
  <Midias />
</article></xml>