﻿<xml><article id="45196011" name="Portaria PR 260-25" idOficio="11253180" pubName="DO2" artType="Portaria" pubDate="01/09/2025" artClass="00019:00038:00000:00000:00000:00000:00000:00000:00000:00000:00017:00000" artCategory="Ministério do Desenvolvimento, Indústria, Comércio e Serviços/Instituto Nacional da Propriedade Industrial" artSize="12" artNotes="" numberPage="15" pdfPage="http://pesquisa.in.gov.br/imprensa/jsp/visualiza/index.jsp?data=01/09/2025&amp;jornal=529&amp;pagina=15" editionNumber="165" highlightType="" highlightPriority="" highlight="" highlightimage="" highlightimagename="" idMateria="23053924">
  <body>
    <Identifica><![CDATA[ PORTARIA DE PESSOAL INPI/PR Nº 260, DE 27 DE AGOSTO DE 2025]]></Identifica>
    <Data><![CDATA[]]></Data>
    <Ementa />
    <Titulo />
    <SubTitulo />
    <Texto><![CDATA[<p class="identifica">PORTARIA DE PESSOAL INPI/PR Nº 260, DE 27 DE AGOSTO DE 2025</p><p>O PRESIDENTE DO INSTITUTO NACIONAL DE PROPRIEDADE INDUSTRIAL-INPI, no uso da competência que lhe foi delegada pelo disposto nos arts. 12 e 15 da Portaria ME nº 7.081, de 09 de agosto de 2022, considerando o disposto no Decreto nº 11.207, de 26 de setembro de 2022, e tendo em vista o contido no Processo SEI nº 52402.011007/2025-94, resolve:</p><p>Dispensar, a pedido, EDIMILSON JUNQUEIRA BRAGA, matrícula SIAPE nº 2569059, do encargo de substituto de "Chefe", código FCE 1.07, da Divisão de Patentes XVIII, da Coordenação-Geral de Patentes IV, da Diretoria de Patentes, Programas de Computador e Topografias de Circuitos Integrados, deste Instituto.</p><p class="assina">JULIO CESAR CASTELO BRANCO REIS MOREIRA</p>]]></Texto>
  </body>
  <Midias />
</article></xml>