﻿<xml><article id="45196494" name="Portaria PR 259-25" idOficio="11253188" pubName="DO2" artType="Portaria" pubDate="01/09/2025" artClass="00019:00038:00000:00000:00000:00000:00000:00000:00000:00000:00017:00000" artCategory="Ministério do Desenvolvimento, Indústria, Comércio e Serviços/Instituto Nacional da Propriedade Industrial" artSize="12" artNotes="" numberPage="15" pdfPage="http://pesquisa.in.gov.br/imprensa/jsp/visualiza/index.jsp?data=01/09/2025&amp;jornal=529&amp;pagina=15" editionNumber="165" highlightType="" highlightPriority="" highlight="" highlightimage="" highlightimagename="" idMateria="23053938">
  <body>
    <Identifica><![CDATA[ PORTARIA DE PESSOAL INPI/PR Nº 259, DE 27 DE AGOSTO DE 2025]]></Identifica>
    <Data><![CDATA[]]></Data>
    <Ementa />
    <Titulo />
    <SubTitulo />
    <Texto><![CDATA[<p class="identifica">PORTARIA DE PESSOAL INPI/PR Nº 259, DE 27 DE AGOSTO DE 2025</p><p>O PRESIDENTE DO INSTITUTO NACIONAL DE PROPRIEDADE INDUSTRIAL-INPI, no uso da competência que lhe foi delegada pelo disposto nos arts. 12 e 15 da Portaria ME nº 7.081, de 09 de agosto de 2022, considerando o disposto no Decreto nº 11.207, de 26 de setembro de 2022, e tendo em vista o contido no Processo SEI nº 52402.010723/2025-54, resolve:</p><p>Designar RENATA STIEBLER, matrícula SIAPE nº 2390357, para exercer o encargo de substituto de "Chefe", código FCE 1.07, da Divisão de Patentes IX, da Coordenação-Geral de Patentes II, da Diretoria de Patentes, Programas de Computador e Topografias de Circuitos Integrados, deste Instituto.</p><p class="assina">JULIO CESAR CASTELO BRANCO REIS MOREIRA</p>]]></Texto>
  </body>
  <Midias />
</article></xml>