﻿<xml><article id="45197082" name="Port. 505 - ADQ47 - RUY COIMBRA " idOficio="11246438" pubName="DO2" artType="Portaria" pubDate="01/09/2025" artClass="00025:00128:00012:00007:00000:00000:00000:00000:00000:00000:00017:00000" artCategory="Ministério da Educação/Universidade Federal de Santa Catarina/Pró-Reitoria de Desenvolvimento e Gestão de Pessoas/Departamento de Administração de Pessoal" artSize="12" artNotes="" numberPage="44" pdfPage="http://pesquisa.in.gov.br/imprensa/jsp/visualiza/index.jsp?data=01/09/2025&amp;jornal=529&amp;pagina=44" editionNumber="165" highlightType="" highlightPriority="" highlight="" highlightimage="" highlightimagename="" idMateria="23042933">
  <body>
    <Identifica><![CDATA[ PORTARIA Nº 505, DE 26 DE AGOSTO DE 2025]]></Identifica>
    <Data><![CDATA[]]></Data>
    <Ementa />
    <Titulo />
    <SubTitulo />
    <Texto><![CDATA[<p class="identifica">PORTARIA Nº 505, DE 26 DE AGOSTO DE 2025</p><p>A DIRETORA DO DEPARTAMENTO DE ADMINISTRAÇÃO DE PESSOAL DA UNIVERSIDADE FEDERAL DE SANTA CATARINA, no uso de suas atribuições, resolve:</p><p>Aposentar RUY COIMBRA CHARAO, matrícula SIAPE 1158289, código de vaga nº 690011, ocupante do cargo de PROFESSOR MAGISTÉRIO SUPERIOR, Classe D (Titular), Nível 1, com Doutorado, em regime de trabalho de Dedicação Exclusiva, da carreira do magistério superior da Universidade Federal de Santa Catarina, nos termos do Art. 3º, incisos I a III e parágrafo único da Emenda Constitucional nº 47 de 05 de julho de 2005, combinado com o § 1º do Art. 3º da Emenda Constitucional nº 103, de 13 de novembro de 2019, com proventos integrais, incorporando 15% (quinze por cento) de adicional por tempo de serviço (Processo nº 23080.028111/2025-08).</p><p class="assina">EMANUELLA KÁTIA DA CONCEIÇÃO DOS SANTOS</p>]]></Texto>
  </body>
  <Midias />
</article></xml>