﻿<xml><article id="45196377" name="PORTARIA 2796" idOficio="11251984" pubName="DO2" artType="Portaria" pubDate="01/09/2025" artClass="00053:00002:00006:00000:00000:00000:00000:00000:00000:00000:00017:00000" artCategory="Controladoria-Geral da União/Secretaria Executiva/Controladoria Regional da União no Estado da Paraíba" artSize="12" artNotes="" numberPage="92" pdfPage="http://pesquisa.in.gov.br/imprensa/jsp/visualiza/index.jsp?data=01/09/2025&amp;jornal=529&amp;pagina=92" editionNumber="165" highlightType="" highlightPriority="" highlight="" highlightimage="" highlightimagename="" idMateria="23051921">
  <body>
    <Identifica><![CDATA[ PORTARIA Nº 2.796, DE 27 DE AGOSTO DE 2025]]></Identifica>
    <Data><![CDATA[]]></Data>
    <Ementa />
    <Titulo />
    <SubTitulo />
    <Texto><![CDATA[<p class="identifica">PORTARIA Nº 2.796, DE 27 DE AGOSTO DE 2025</p><p>O SUPERINTENDENTE DA CONTROLADORIA REGIONAL DA UNIÃO NO ESTADO DA PARAÍBA, no uso das atribuições que lhe são conferidas pelo inciso VIII, do art. 120, da Portaria Normativa CGU n.º 38, de 16 de dezembro de 2022, publicada no Diário Oficial da União em 20 de dezembro de 2022, e o disposto no art. 38 da Lei n.º 8.112, de 11 de dezembro de 1990, e o que consta no Processo n.º 00214.100022/2021-04, resolve:</p><p>DISPENSAR</p><p>FLAVIANO VAZ RIBEIRO GONDIM do encargo de substituto do Chefe de Serviço, código FCE 1.05 do Núcleo de Ações de Controle I da Controladoria Regional da União no Estado da Paraíba.</p><p class="assina">RODRIGO MARCIO MEDEIROS PAIVA</p>]]></Texto>
  </body>
  <Midias />
</article></xml>