﻿<xml><article id="45196578" name="INCom - Edital nA 15.2025 - Susp" idOficio="11253371" pubName="DO2" artType="Edital" pubDate="01/09/2025" artClass="00099:00025:00027:00000:00000:00000:00000:00000:00000:00000:00000:00015:00000" artCategory="Editais e Avisos/Ministério da Educação" artSize="12" artNotes="" numberPage="121" pdfPage="http://pesquisa.in.gov.br/imprensa/jsp/visualiza/index.jsp?data=01/09/2025&amp;jornal=529&amp;pagina=121" editionNumber="165" highlightType="" highlightPriority="" highlight="" highlightimage="" highlightimagename="" idMateria="23054188">
  <body>
    <Identifica><![CDATA[ EDITAL Nº 15, DE 29 DE AGOSTO DE 2025]]></Identifica>
    <Data><![CDATA[]]></Data>
    <Ementa />
    <Titulo />
    <SubTitulo />
    <Texto><![CDATA[<p class="identifica">EDITAL Nº 15, DE 29 DE AGOSTO DE 2025</p><p>O DIRETOR-GERAL DO INSTITUTO BENJAMIN CONSTANT, no uso das atribuições que lhe confere o artigo 25 do Regimento Interno do IBC, com a redação dada pela Portaria MEC nº 310, de 3 de abril de 2018, e o artigo 20 da Instrução Normativa SGP/SEDGG/ME nº 45, de 15 de junho de 2020, e de acordo com o que consta no Processo administrativo nº 23119.003077.2025-76, resolve:</p><p>1. Tornar público o aviso de suspensão do pagamento do benefício de pensão de GISELIA WANDERLEY PADILHA, CPF nº 671.xxx.xxx-34, matrícula SIAPE nº 5325617, instituidor João Pires Padilha, matrícula SIAPE nº 262722, por motivo de não realização da comprovação de vida no mês de seu aniversário - MAIO/2025, após transcorrido o prazo de noventa dias sem a realização da comprovação de vida.</p><p>2. O restabelecimento do pagamento à beneficiária fica condicionado à efetivação da comprovação de vida mediante: comparecimento pessoal à agência da instituição bancária na qual receba o benefício; pelo aplicativo móvel SouGov.BR; ou comparecimento à Divisão de Pessoal do Instituto Benjamin Constant, localizada à Av. Pasteur, nº 350/368, Urca, Rio de Janeiro-RJ, portando documento oficial de identificação com foto e CPF, conforme previsto nos artigos 4º, 5º e 16, caput, da Instrução Normativa SGP/SEDGG/ME nº 45, de 15 de junho de 2020.</p><p>3. Na hipótese de moléstia grave ou de impossibilidade de locomoção que exija permanência domiciliar da beneficiária de pensão, a beneficiária ou seu representante legal ou voluntário poderá solicitar à Divisão de Pessoal do Instituto Benjamin Constant o agendamento de visita técnica, mediante apresentação de atestado ou laudo que comprove a impossibilidade do comparecimento para fins de comprovação de vida, conforme disposto no artigo 10 da Instrução Normativa SGP/SEDGG/ME nº 45, de 15 de junho de 2020.</p><p class="assina">MAURO MARCOS FARIAS DA CONCEIÇÃO</p>]]></Texto>
  </body>
  <Midias />
</article></xml>