﻿<xml><article id="45200336" name="PORTARIA N 264 SINC 23054873" idOficio="11253835" pubName="DO2" artType="Portaria" pubDate="01/09/2025" artClass="00032:00034:00000:00000:00000:00000:00000:00000:00000:00000:00017:00000" artCategory="Ministério da Integração e do Desenvolvimento Regional/Departamento Nacional de Obras Contra as Secas" artSize="12" artNotes="" numberPage="62" pdfPage="http://pesquisa.in.gov.br/imprensa/jsp/visualiza/index.jsp?data=01/09/2025&amp;jornal=529&amp;pagina=62" editionNumber="165" highlightType="" highlightPriority="" highlight="" highlightimage="" highlightimagename="" idMateria="23054873">
  <body>
    <Identifica><![CDATA[ PORTARIA DG Nº 264, DE 27 DE AGOSTO DE 2025]]></Identifica>
    <Data><![CDATA[]]></Data>
    <Ementa />
    <Titulo />
    <SubTitulo />
    <Texto><![CDATA[<p class="identifica">PORTARIA DG Nº 264, DE 27 DE AGOSTO DE 2025</p><p>O DIRETOR-GERAL DO DEPARTAMENTO NACIONAL DE OBRAS CONTRA AS SECAS, no exercício de suas atribuições legais, previstas na Portaria MIDR 2.191, de 27/06/2023, publicada no DOU de 28/06/2023, e no Decreto nº 11.198, de 15/09/2022, publicado no DOU de 16/09/2022, e tendo em vista o que consta no Processo n° 00785.000483/2025-29, resolve:</p><p>Designar o servidor GUSTAVO ALENCAR OLIVEIRA para exercer a Função Comissionada Executiva de Coordenador de Análise Jurídica da Procuradoria-Federal junto ao DNOCS, código FCE 1.10.</p><p class="assina">FERNANDO MARCONDES DE ARAÚJO LEÃO</p>]]></Texto>
  </body>
  <Midias />
</article></xml>