﻿<xml><article id="45196278" name="trt9a173-2025-PRT COINF 1004" idOficio="11247842" pubName="DO2" artType="Portaria" pubDate="01/09/2025" artClass="00070:00050:00001:00001:00017:00000:00000:00000:00000:00000:00017:00007" artCategory="Poder Judiciário/Tribunal Regional do Trabalho da 9ª Região/Tribunal Pleno/Presidência/Coordenadoria de Informações Funcionais" artSize="12" artNotes="" numberPage="115" pdfPage="http://pesquisa.in.gov.br/imprensa/jsp/visualiza/index.jsp?data=01/09/2025&amp;jornal=529&amp;pagina=115" editionNumber="165" highlightType="" highlightPriority="" highlight="" highlightimage="" highlightimagename="" idMateria="23045039">
  <body>
    <Identifica><![CDATA[ PORTARIA COINF Nº 1.004, DE 26 DE AGOSTO DE 2025]]></Identifica>
    <Data><![CDATA[]]></Data>
    <Ementa />
    <Titulo />
    <SubTitulo />
    <Texto><![CDATA[<p class="identifica">PORTARIA COINF Nº 1.004, DE 26 DE AGOSTO DE 2025</p><p>A COORDENADORA DE INFORMAÇÕES FUNCIONAIS DO TRIBUNAL REGIONAL DO TRABALHO DA 9ª REGIÃO, usando de suas atribuições legais, e diante da delegação de competência decorrente do art. 4º, III e IV, da Portaria Presidência nº 22/2022, resolve:</p><p>I - designar RAUL NICOLAS DOMBEK COELHO, Analista Judiciário Área Judiciária, classe A, padrão 3, para EXERCER o Cargo em Comissão de Assessor De Juiz Substituto I (c-10977), código TRT 9ª CJ-1, da Assistência Aos Juízes Do Trabalho Substitutos, a partir da data de publicação, dispensando-o da Função Comissionada de Assistente De Gabinete VI (c-11195), código TRT 9ª FC-6, Gabinete De Desembargador 17, a partir da mesma data (Documento Eletrônico nº 15883937/2025);</p><p>II - dispensar PAULA LUNELLI, Analista Judiciário Área Judiciária, classe C, padrão 13, do Cargo em Comissão de Assessor De Juiz Substituto I (c-10977), código TRT 9ª CJ-1, Assistência Aos Juízes Do Trabalho Substitutos, a partir da data de publicação (Documento Eletrônico nº 15883937/2025).</p><p class="assina">ROSSANA SANTOS CARVALHO</p>]]></Texto>
  </body>
  <Midias />
</article></xml>