﻿<xml><article id="45197139" name="Ato 175_28 Ago 2025" idOficio="11253251" pubName="DO2" artType="Ato" pubDate="01/09/2025" artClass="00070:00012:00000:00000:00000:00000:00000:00000:00000:00000:00001:00002" artCategory="Poder Judiciário/Tribunal Regional Federal da 6ª Região/Presidência" artSize="12" artNotes="" numberPage="109" pdfPage="http://pesquisa.in.gov.br/imprensa/jsp/visualiza/index.jsp?data=01/09/2025&amp;jornal=529&amp;pagina=109" editionNumber="165" highlightType="" highlightPriority="" highlight="" highlightimage="" highlightimagename="" idMateria="23054039">
  <body>
    <Identifica><![CDATA[ ATO PRESI Nº 175, DE 28 DE AGOSTO DE 2025]]></Identifica>
    <Data><![CDATA[]]></Data>
    <Ementa />
    <Titulo />
    <SubTitulo />
    <Texto><![CDATA[<p class="identifica">ATO PRESI Nº 175, DE 28 DE AGOSTO DE 2025</p><p>O PRESIDENTE DO TRIBUNAL REGIONAL FEDERAL DA 6ª REGIÃO, no uso de suas atribuições legais e regimentais, tendo em vista o constante nos autos do PAe 0011417-26.2025.4.06.8000, resolve:</p><p>NOMEAR, nos termos do art. 9º, II, da Lei nº 8.112/1990, a servidora NADIA APARECIDA DOS SANTOS KIRSCH, Técnico Judiciário/Área Administrativa, do Quadro de Pessoal do TRF6, para exercer o cargo em comissão de Chefe de Assessoria I (código CJ-01), da Assessoria de Apoio Administrativo da Secretaria Geral da Presidência, em decorrência da exoneração de Livia Gê Rouxinol Kolling.</p><p class="assina">Des. VALLISNEY OLIVEIRA</p>]]></Texto>
  </body>
  <Midias />
</article></xml>