﻿<xml><article id="45197265" name="ATO GP 520_2025_A CONTAR DE 1A-9" idOficio="11252977" pubName="DO2" artType="Ato" pubDate="01/09/2025" artClass="00070:00005:00001:00000:00000:00000:00000:00000:00000:00000:00001:00006" artCategory="Poder Judiciário/Tribunal Superior do Trabalho/Presidência" artSize="12" artNotes="" numberPage="105" pdfPage="http://pesquisa.in.gov.br/imprensa/jsp/visualiza/index.jsp?data=01/09/2025&amp;jornal=529&amp;pagina=105" editionNumber="165" highlightType="" highlightPriority="" highlight="" highlightimage="" highlightimagename="" idMateria="23053621">
  <body>
    <Identifica><![CDATA[ ATO Nº 520, DE 28 DE AGOSTO DE 2025]]></Identifica>
    <Data><![CDATA[]]></Data>
    <Ementa />
    <Titulo />
    <SubTitulo />
    <Texto><![CDATA[<p class="identifica">ATO Nº 520, DE 28 DE AGOSTO DE 2025</p><p>O PRESIDENTE DO TRIBUNAL SUPERIOR DO TRABALHO, no uso de suas atribuições legais e regimentais, resolve:</p><p>Nomear a servidora LUCIANA ANDRADE LIMA, código 56089, Analista Judiciária, Área Judiciária, para exercer o cargo em comissão de Assessora de Ministro, Nível CJ-3, privativa de bacharel em Direito, do Gabinete do Ex.mo Sr. Ministro Douglas Alencar Rodrigues, de que trata a Resolução Administrativa nº 2320, de 16/5/2022.</p><p class="assina">Min. ALOYSIO SILVA CORRÊA DA VEIGA</p>]]></Texto>
  </body>
  <Midias />
</article></xml>