﻿<xml><article id="45196533" name="Port. APO - 7787" idOficio="11243173" pubName="DO2" artType="Portaria" pubDate="01/09/2025" artClass="00025:00111:00001:00000:00000:00000:00000:00000:00000:00000:00017:00000" artCategory="Ministério da Educação/Universidade Federal de Minas Gerais/Reitoria" artSize="12" artNotes="" numberPage="36" pdfPage="http://pesquisa.in.gov.br/imprensa/jsp/visualiza/index.jsp?data=01/09/2025&amp;jornal=529&amp;pagina=36" editionNumber="165" highlightType="" highlightPriority="" highlight="" highlightimage="" highlightimagename="" idMateria="23037109">
  <body>
    <Identifica><![CDATA[ PORTARIA Nº 7.787, DE 11 DE AGOSTO DE 2025]]></Identifica>
    <Data><![CDATA[]]></Data>
    <Ementa />
    <Titulo />
    <SubTitulo />
    <Texto><![CDATA[<p class="identifica">PORTARIA Nº 7.787, DE 11 DE AGOSTO DE 2025</p><p>A Reitora da Universidade Federal de Minas Gerais, no uso de suas atribuições e considerando a documentação que instrui o Processo n.° 23072.236761/2025-16, resolve:</p><p>Nos termos do Art. 3º da Emenda Constitucional n.° 47/2005, c/c Art. 3º, caput e §1º, da Emenda Constitucional n.° 103/2019, aposentar Maristela Machado Doria, matrícula SIAPE n.° 0323102, ocupante do cargo de Assistente em Administração, Nível de Classificação D, Padrão de Vencimento 19, lotada na Faculdade de Ciências Econômicas, com proventos integrais, por ter provado contar 49 (quarenta e nove) anos de contribuição até 12/11/2019, véspera da publicação da Emenda Constitucional n.° 103/2019</p><p class="assina">SANDRA REGINA GOULART ALMEIDA</p>]]></Texto>
  </body>
  <Midias />
</article></xml>