﻿<xml><article id="45199583" name="PORTARIA DE RETIFICACAO MIRIAM C" idOficio="11253458" pubName="DO2" artType="Retificação" pubDate="01/09/2025" artClass="00025:00096:00041:00000:00000:00000:00000:00000:00000:00000:00017:00005" artCategory="Ministério da Educação/Universidade Federal da Bahia/Coordenação de Gestão de Pessoas" artSize="12" artNotes="" numberPage="32" pdfPage="http://pesquisa.in.gov.br/imprensa/jsp/visualiza/index.jsp?data=01/09/2025&amp;jornal=529&amp;pagina=32" editionNumber="165" highlightType="" highlightPriority="" highlight="" highlightimage="" highlightimagename="" idMateria="23054330">
  <body>
    <Identifica><![CDATA[ RETIFICAÇÃO]]></Identifica>
    <Data><![CDATA[]]></Data>
    <Ementa />
    <Titulo />
    <SubTitulo />
    <Texto><![CDATA[<p class="identifica">RETIFICAÇÃO</p><p>- Na Portaria de Aposentadoria de Nº 1.292/2002, de 03 de julho de 2002, publicada no Diário Oficial da União de 04/07/2002, Seção2 pagina 14, da servidora MIRIAN CARVALHO DA SILVA.</p><p>Onde se lê: MÍRIAM FERNANDES MASCARENHAS;</p><p>Leia-se: MÍRIAM CARVALHO DA SILVA.</p>]]></Texto>
  </body>
  <Midias />
</article></xml>