﻿<xml><article id="45196146" name="PORTARIA N 1.242_23028552" idOficio="11237575" pubName="DO2" artType="Portaria" pubDate="01/09/2025" artClass="00066:00010:00001:00001:00000:00000:00000:00000:00000:00000:00017:00001" artCategory="Ministério Público da União/Ministério Público do Trabalho/Procuradoria-Geral/Gabinete do Procurador Geral" artSize="12" artNotes="" numberPage="97" pdfPage="http://pesquisa.in.gov.br/imprensa/jsp/visualiza/index.jsp?data=01/09/2025&amp;jornal=529&amp;pagina=97" editionNumber="165" highlightType="" highlightPriority="" highlight="" highlightimage="" highlightimagename="" idMateria="23028552">
  <body>
    <Identifica><![CDATA[ PORTARIA Nº 1.242, DE 21 DE AGOSTO DE 2025]]></Identifica>
    <Data><![CDATA[]]></Data>
    <Ementa />
    <Titulo />
    <SubTitulo />
    <Texto><![CDATA[<p class="identifica">PORTARIA Nº 1.242, DE 21 DE AGOSTO DE 2025</p><p>O PROCURADOR-GERAL DO TRABALHO no uso da atribuição prevista no inciso XXI do art. 91 da Lei Complementar nº 75, de 20 de maio de 1993, considerando os dados e informações constantes do PGEA/MPT n° 20.02.0300.0001258/2025-52, resolve:</p><p>Art. 1º Exonerar, a contar de 01/09/2025, a servidora AMANDA CAROLINA COTA ARANTES, matrícula 6010056-7, do cargo em comissão de Chefe da Assessoria Jurídica do 26º Ofício Geral da Procuradoria Regional do Trabalho da 3ª Região/MG, código CC-4.</p><p class="assina">GLÁUCIO ARAÚJO DE OLIVEIRA</p>]]></Texto>
  </body>
  <Midias />
</article></xml>