﻿<xml><article id="45196335" name="ATO_1187" idOficio="11250623" pubName="DO2" artType="Ato" pubDate="01/09/2025" artClass="00070:00007:00001:00000:00000:00000:00000:00000:00000:00000:00001:00008" artCategory="Poder Judiciário/Tribunal Regional Federal da 1ª Região/Presidência" artSize="12" artNotes="" numberPage="106" pdfPage="http://pesquisa.in.gov.br/imprensa/jsp/visualiza/index.jsp?data=01/09/2025&amp;jornal=529&amp;pagina=106" editionNumber="165" highlightType="" highlightPriority="" highlight="" highlightimage="" highlightimagename="" idMateria="23049505">
  <body>
    <Identifica><![CDATA[ ATO Nº 1.187, DE 27 DE AGOSTO DE 2025]]></Identifica>
    <Data><![CDATA[]]></Data>
    <Ementa />
    <Titulo />
    <SubTitulo />
    <Texto><![CDATA[<p class="identifica">ATO Nº 1.187, DE 27 DE AGOSTO DE 2025</p><p>O PRESIDENTE DO TRIBUNAL REGIONAL FEDERAL DA 1ª REGIÃO, no uso de suas atribuições legais e regimentais, e tendo em vista o constante nos autos do PAe 0027657-31.2025.4.01.8000, resolve:</p><p>NOMEAR, nos termos do art. 9º, II, da Lei 8112/1990, c/c o art. 1º da Lei 8.647/1993, CAROLINA COSTA FERREIRA, para exercer o Cargo em Comissão, Código CJ-01, de Assessor Técnico I, da Assessoria da Sra. Desembargadora Federal Daniele Maranhão, em decorrência da exoneração de Hemileny Leonel da Silva Nunes.</p><p class="assina">Des. JOÃO BATISTA MOREIRA</p>]]></Texto>
  </body>
  <Midias />
</article></xml>