﻿<xml><article id="45202537" name="PORTARIA NA 2382 DE 22 DE AGOSTO" idOficio="11254298" pubName="DO2" artType="Portaria" pubDate="01/09/2025" artClass="00025:00103:00000:00000:00000:00000:00000:00000:00000:00000:00017:00005" artCategory="Ministério da Educação/Universidade Federal Fluminense" artSize="12" artNotes="" numberPage="34" pdfPage="http://pesquisa.in.gov.br/imprensa/jsp/visualiza/index.jsp?data=01/09/2025&amp;jornal=529&amp;pagina=34" editionNumber="165" highlightType="" highlightPriority="" highlight="" highlightimage="" highlightimagename="" idMateria="23055540">
  <body>
    <Identifica><![CDATA[ PORTARIA Nº 2.382, DE 22 DE AGOSTO DE 2025]]></Identifica>
    <Data><![CDATA[]]></Data>
    <Ementa />
    <Titulo />
    <SubTitulo />
    <Texto><![CDATA[<p class="identifica">PORTARIA Nº 2.382, DE 22 DE AGOSTO DE 2025</p><p>O REITOR DA UNIVERSIDADE FEDERAL FLUMINENSE, no uso de suas atribuições, e tendo em vista o que consta do Processo UFF n.º 23069.170424/2025-16, resolve:</p><p>Conceder aposentadoria voluntária a KATIA AYRES MONTEIRO, matrícula SIAPE nº 2145382, ocupante do cargo de PROFESSOR DO MAGISTERIO SUPERIOR, código 705001, Nível de Classificação 004, do Quadro de Pessoal Permanente desta Universidade, código de vaga 235734, com fundamento no artigo 20, § 2º, Inciso I da Emenda Constitucional nº 103/19, com proventos integrais e retribuição por titulação.</p><p class="assina">ANTONIO CLAUDIO LUCAS DA NOBREGA</p>]]></Texto>
  </body>
  <Midias />
</article></xml>