﻿<xml><article id="45196593" name="20250901 Publicacoes DOU - RC 28" idOficio="11253436" pubName="DO2" artType="Resolução" pubDate="01/09/2025" artClass="00008:00029:00000:00000:00000:00000:00000:00000:00000:00000:00020:00000" artCategory="Ministério da Agricultura e Pecuária/Empresa Brasileira de Pesquisa Agropecuária" artSize="12" artNotes="" numberPage="6" pdfPage="http://pesquisa.in.gov.br/imprensa/jsp/visualiza/index.jsp?data=01/09/2025&amp;jornal=529&amp;pagina=6" editionNumber="165" highlightType="" highlightPriority="" highlight="" highlightimage="" highlightimagename="" idMateria="23054256">
  <body>
    <Identifica><![CDATA[ RESOLUÇÃO  Nº 289, DE 28 de agosto de 2025]]></Identifica>
    <Data><![CDATA[]]></Data>
    <Ementa />
    <Titulo />
    <SubTitulo />
    <Texto><![CDATA[<p class="identifica">RESOLUÇÃO Nº 289, DE 28 de agosto de 2025</p><p>O Presidente do Conselho de Administração da Empresa Brasileira de Pesquisa Agropecuária - Embrapa, torna público que o Conselho de Administração - Consad, na 262ª Reunião Ordinária, realizada em Brasília/DF, em 28 de agosto de 2025, em consonância com as atribuições que lhe foram conferidas pelo artigo 29, inciso III do Estatuto, aprovado pela 29ª Assembleia Geral Extraordinária, realizada em 29 de abril de 2025, publicado na Seção 1 do Diário Oficial da União nº 81, de 30 de abril de 2025, e Considerando que os atuais titulares da Diretoria-Executiva foram eleitos para completar o mandato unificado, com término em 25.07.2025, cujas respectivas documentações foram analisadas pelo Comitê de Pessoas, Elegibilidade, Sucessão e Remuneração - Coele, e obtiveram manifestações favoráveis, resolveu:</p><p>1. Eleger e reconduzir os seguintes membros da Diretoria-Executiva da Embrapa, com prazo de gestão unificado, período de 26 de julho de 2025 a 25 de julho de 2027, permitindo, no máximo, mais 1 (uma) recondução, conforme artigo 31, § 5º do Estatuto da Embrapa: 1.1. Sílvia Maria Fonseca Silveira Massruhá para o cargo de Presidente; 1.2. Ana Margarida Castro Euler - Diretora-Executiva de Inovação, Negócios e Transferência de Tecnologia; 1.3. Selma Lúcia Lira Beltrão - Diretora-Executiva de Administração; e 1.4. Clenio Nailto Pillon - Diretor-Executivo de Pesquisa e Desenvolvimento. 2. Esta Resolução entra em vigor na data da sua publicação.</p><p class="assina">Carlos Ernesto Augustin</p><p class="identifica">RESOLUÇÃO Nº 290, DE 28 de agosto de 2025</p><p>O Presidente do Conselho de Administração da Empresa Brasileira de Pesquisa Agropecuária - Embrapa, torna público que o Conselho de Administração - Consad, na 262ª Reunião Ordinária, realizada em Brasília/DF, em 28 de agosto de 2025, em consonância com as atribuições que lhe foram conferidas pelo artigo 44 do Estatuto, aprovado pela 29ª Assembleia Geral Extraordinária, realizada em 29 de abril de 2025, publicado na Seção 1 do Diário Oficial da União nº 81, de 30 de abril de 2025, e Considerando o disposto no §2º do art. 45 do Estatuto Social, referente à eleição dos membros do Comitê de Auditoria - Coaud, resolveu:</p><p>1. Eleger Renato Borges Cardoso, para compor o Comitê de Auditoria Estatutário da Embrapa, com mandato de 3 (três) anos, a contar de 01.09.2025. 2. Esta Resolução entra em vigor na data da sua publicação.</p><p class="assina">Carlos Ernesto Augustin</p><p class="identifica">RESOLUÇÃO Nº 291, DE 28 DE AGOSTO DE 2025</p><p>O Presidente do Conselho de Administração da Empresa Brasileira de Pesquisa Agropecuária - Embrapa, torna público que o Conselho de Administração - Consad, na 262ª Reunião Ordinária, realizada em Brasília/DF, em 28 de agosto de 2025, em consonância com as atribuições que lhe foram conferidas pelo inciso XXIV do artigo 29 do Estatuto, aprovado pela 29ª Assembleia Geral Extraordinária, realizada em 29 de abril de 2025, publicado na Seção 1 do Diário Oficial da União nº 81, de 30 de abril de 2025, resolveu:</p><p>1. Aprovar, a partir de 01.09.2025, a nomeação da empregada Aline Silva Santos, matrícula nº 328621, para substituir o titular da Assessoria de Auditoria Interna - AUD, em suas ausências e impedimentos legais, eventuais ou temporários. 2. Esta Resolução entra em vigor na data da sua publicação, ficando revogada a Resolução Consad nº 280, de 28.11.2024.</p><p class="assina">Carlos Ernesto Augustin</p>]]></Texto>
  </body>
  <Midias />
</article></xml>