﻿<xml><article id="45197448" name="PORTARIA N 674_23053440" idOficio="11252903" pubName="DO2" artType="Portaria" pubDate="01/09/2025" artClass="00070:00004:00001:00002:00000:00000:00000:00000:00000:00000:00017:00009" artCategory="Poder Judiciário/Superior Tribunal de Justiça/Presidência/Secretaria" artSize="12" artNotes="" numberPage="104" pdfPage="http://pesquisa.in.gov.br/imprensa/jsp/visualiza/index.jsp?data=01/09/2025&amp;jornal=529&amp;pagina=104" editionNumber="165" highlightType="" highlightPriority="" highlight="" highlightimage="" highlightimagename="" idMateria="23053440">
  <body>
    <Identifica><![CDATA[ PORTARIA STJ/GDG Nº 674, DE 28 DE AGOSTO DE 2025]]></Identifica>
    <Data><![CDATA[]]></Data>
    <Ementa />
    <Titulo />
    <SubTitulo />
    <Texto><![CDATA[<p class="identifica">PORTARIA STJ/GDG Nº 674, DE 28 DE AGOSTO DE 2025</p><p>O DIRETOR-GERAL DA SECRETARIA DO SUPERIOR TRIBUNAL DE JUSTIÇA, com base no item 21.2.3, XI, b, do Anexo da Instrução Normativa STJ/GP n. 19 de 11 de junho de 2025 e no disposto no caput do art. 38 da Lei n. 8.112, de 11 de dezembro de 1990, resolve:</p><p>Art. 1º Designar ANNA CAROLINA CONDE SANTOS, matrícula S078063, para substituir o Chefe da Seção de Controle do Patrimônio, código FC-6, da Coordenadoria de Suprimentos e Patrimônio, da Secretaria de Administração, em seus afastamentos e impedimentos legais ou regulamentares e na vacância da função de confiança.</p><p>Art. 2º Esta portaria entra em vigor na data de sua publicação.</p><p class="assina">SERGIO JOSÉ AMERICO PEDREIRA</p>]]></Texto>
  </body>
  <Midias />
</article></xml>