﻿<xml><article id="45202624" name="PORTARIAS NA 2610 E 2611 DE 29 D" idOficio="11254329" pubName="DO2" artType="Portaria" pubDate="01/09/2025" artClass="00025:00088:00001:00000:00000:00000:00000:00000:00000:00000:00017:00000" artCategory="Ministério da Educação/Instituto Federal de Educação, Ciência e Tecnologia do Sul de Minas Gerais/Reitoria" artSize="12" artNotes="" numberPage="30" pdfPage="http://pesquisa.in.gov.br/imprensa/jsp/visualiza/index.jsp?data=01/09/2025&amp;jornal=529&amp;pagina=30" editionNumber="165" highlightType="" highlightPriority="" highlight="" highlightimage="" highlightimagename="" idMateria="23055591">
  <body>
    <Identifica><![CDATA[ PORTARIA Nº 2.610/GAB-REITOR-IFSULDEMINAS, DE 29 DE AGOSTO DE 2025]]></Identifica>
    <Data><![CDATA[]]></Data>
    <Ementa />
    <Titulo />
    <SubTitulo />
    <Texto><![CDATA[<p class="identifica">PORTARIA Nº 2.610/GAB-REITOR-IFSULDEMINAS, DE 29 DE AGOSTO DE 2025</p><p>O REITOR SUBSTITUTO DO INSTITUTO FEDERAL DE EDUCAÇÃO, CIÊNCIA E TECNOLOGIA DO SUL DE MINAS GERAIS, nomeado pela Portaria nº 2.480, de 21.08.2025, publicada no D.O.U de 22.08.2025, seção 2, página 24, em conformidade com a Lei 11.892/08 e o que consta no Processo nº 23345.001342.2025-16, resolve:</p><p>Conceder Aposentadoria com proventos integrais e paridade à servidora MARIA DO SOCORRO MARTINHO COELHO, ocupante do cargo de Nutricionista-Habilitacao, SIAPE nº 1109350, Nível de Classificação/Capacitação/Padrão de Vencimento D019, em regime de 40H semanais de trabalho, Código de Vaga nº 0349681, nos termos do art. 20, § 2º, I da Emenda Constitucional nº 103, de 12 de novembro de 2019, assegurando-se as seguintes incorporações: o percentual de 4% (doze por cento) de gratificação adicional por tempo de serviço (anuênio); vantagem pessoal nominalmente identificada (VPNI), art.62-A Lei nº 8.112/90; e o incentivo à qualificação, amparado pela Lei nº 11.091/2005, no percentual de 52% (cinquenta e dois por cento).</p><p class="assina">LUIZ CARLOS DIAS DA ROCHA</p><p class="identifica">PORTARIA Nº 2.611/GAB-REITOR-IFSULDEMINAS, DE 29 DE AGOSTO DE 2025</p><p>O REITOR SUBSTITUTO DO INSTITUTO FEDERAL DE EDUCAÇÃO, CIÊNCIA E TECNOLOGIA DO SUL DE MINAS GERAIS, nomeado pela Portaria nº 2.480, de 21.08.2025, publicada no D.O.U de 22.08.2025, seção 2, página 24, em conformidade com a Lei 11.892/08 e o que consta no Processo nº 23344.001430.2025-10, resolve:</p><p>Conceder Aposentadoria com proventos integrais e paridade ao servidor SERGIO DIOGO DE PADUA, ocupante do cargo de Assistente em Administração, SIAPE nº 0049500, Nível de Classificação/Capacitação/Padrão de Vencimento D019, em regime de 40H semanais de trabalho, Código de Vaga nº 0349524, nos termos do art. 20, § 2º, I da Emenda Constitucional nº 103, de 12 de novembro de 2019, assegurando-se as seguintes incorporações: o percentual de 12% (doze por cento) de gratificação adicional por tempo de serviço (anuênio); e o incentivo à qualificação, amparado pela Lei nº 11.091/2005, no percentual de 52% (cinquenta e dois por cento).</p><p class="assina">LUIZ CARLOS DIAS DA ROCHA</p>]]></Texto>
  </body>
  <Midias />
</article></xml>