﻿<xml><article id="45197292" name="PORTARIAS CADE de 21 de agosto d" idOficio="11253358" pubName="DO2" artType="Portaria" pubDate="01/09/2025" artClass="00033:00059:00017:00001:00000:00000:00000:00000:00000:00000:00017:00000" artCategory="Ministério da Justiça e Segurança Pública/Conselho Administrativo de Defesa Econômica/Diretoria de Administração e Planejamento/Coordenação-Geral de Gestão de Pessoas" artSize="12" artNotes="" numberPage="66" pdfPage="http://pesquisa.in.gov.br/imprensa/jsp/visualiza/index.jsp?data=01/09/2025&amp;jornal=529&amp;pagina=66" editionNumber="165" highlightType="" highlightPriority="" highlight="" highlightimage="" highlightimagename="" idMateria="23054144">
  <body>
    <Identifica><![CDATA[ PORTARIAS CADE DE 21 DE AGOSTO de 2025]]></Identifica>
    <Data><![CDATA[]]></Data>
    <Ementa />
    <Titulo />
    <SubTitulo />
    <Texto><![CDATA[<p class="identifica">PORTARIAS CADE DE 21 DE AGOSTO de 2025</p><p>O PRESIDENTE DO CONSELHO ADMINISTRATIVO DE DEFESA ECONÔMICA - CADE, no uso da atribuição que lhe é conferida pelo § 3º do art. 6º e inciso IX do art. 10 da Lei nº 12.529, de 30 de novembro de 2011; no art. 51 da Lei nº 13.848, de 25 de junho de 2019; e na subdelegação do art. 1º da Portaria MJSP nº 41, de 08 de março de 2022, resolve:</p><p>Nº 435 - Dispensar, a contar de 1º de setembro de 2025, BEATRIZ LEAL DOS REIS da Função Comissionada Executiva de Chefe da Divisão de Compliance e Gestão de Riscos da Diretoria de Administração e Planejamento do Conselho Administrativo de Defesa Econômica, código FCE 1.07.</p><p>Nº 436 - Designar CARLA LORENA DE MIRANDA CANELA para exercer a Função Comissionada Executiva de Chefe da Divisão de Compliance e Gestão de Riscos da Diretoria de Administração e Planejamento do Conselho Administrativo de Defesa Econômica, código FCE 1.07.</p><p class="assina">GUSTAVO AUGUSTO FREITAS DE LIMA</p>]]></Texto>
  </body>
  <Midias />
</article></xml>