﻿<xml><article id="45196806" name="A487_2025" idOficio="11223912" pubName="DO2" artType="Ato" pubDate="01/09/2025" artClass="00070:00053:00001:00001:00000:00000:00000:00000:00000:00000:00001:00000" artCategory="Poder Judiciário/Tribunal Regional do Trabalho da 12ª Região/Presidência/Secretaria" artSize="12" artNotes="" numberPage="116" pdfPage="http://pesquisa.in.gov.br/imprensa/jsp/visualiza/index.jsp?data=01/09/2025&amp;jornal=529&amp;pagina=116" editionNumber="165" highlightType="" highlightPriority="" highlight="" highlightimage="" highlightimagename="" idMateria="23005209">
  <body>
    <Identifica><![CDATA[ ATO PRESI Nº 487, DE 14 DE AGOSTO DE 2025]]></Identifica>
    <Data><![CDATA[]]></Data>
    <Ementa />
    <Titulo />
    <SubTitulo />
    <Texto><![CDATA[<p class="identifica">ATO PRESI Nº 487, DE 14 DE AGOSTO DE 2025</p><p>O DESEMBARGADOR-PRESIDENTE DO TRIBUNAL REGIONAL DO TRABALHO DA 12ª REGIÃO, no uso de suas atribuições legais e regimentais, e tendo em vista o disposto no expediente PROAD nº 8553/2025,</p><p>I - REDISTRIBUI, a partir de 1º-9-2025, o cargo efetivo de Analista Judiciária, Área Judiciária, ocupado pela servidora LARISSA COURI SOARES DE MOURA MOTA, do Quadro Permanente de Pessoal da Secretaria deste Tribunal, para o Quadro de Pessoal do Tribunal Regional do Trabalho da 3ª Região, por meio de triangulação, recebendo o cargo de Analista Judiciária, Área Judiciária, ocupado pela servidora PAULA DA COSTA MACHADO, do Quadro de Pessoal do Tribunal Regional do Trabalho da 20ª Região, o qual receberá o cargo de Analista Judiciário, Área Judiciária, ocupado pelo servidor FILIPE LIMA DA SILVA LOBÃO, do Quadro de Pessoal do Tribunal Regional do Trabalho da 3ª Região, com fulcro no artigo 37 da Lei nº 8.112/90 e na Resolução CNJ nº 146/2012.</p><p>II - LOTA PAULA DA COSTA MACHADO na Coordenadoria de Recurso de Revista, a partir de 1º-9-2025, sendo-lhe concedidos 10 (dez) dias de trânsito.</p><p class="assina">AMARILDO CARLOS DE LIMA</p>]]></Texto>
  </body>
  <Midias />
</article></xml>