﻿<xml><article id="45196407" name="PORTARIA N 2.648_23053749" idOficio="11253040" pubName="DO2" artType="Portaria" pubDate="01/09/2025" artClass="00032:00002:00000:00000:00000:00000:00000:00000:00000:00000:00017:00000" artCategory="Ministério da Integração e do Desenvolvimento Regional/Secretaria Executiva" artSize="12" artNotes="" numberPage="61" pdfPage="http://pesquisa.in.gov.br/imprensa/jsp/visualiza/index.jsp?data=01/09/2025&amp;jornal=529&amp;pagina=61" editionNumber="165" highlightType="" highlightPriority="" highlight="" highlightimage="" highlightimagename="" idMateria="23053749">
  <body>
    <Identifica><![CDATA[ PORTARIA MIDR Nº 2.648, DE 28 DE AGOSTO DE 2025]]></Identifica>
    <Data><![CDATA[]]></Data>
    <Ementa />
    <Titulo />
    <SubTitulo />
    <Texto><![CDATA[<p class="identifica">PORTARIA MIDR Nº 2.648, DE 28 DE AGOSTO DE 2025</p><p>O SECRETÁRIO-EXECUTIVO DO MINISTÉRIO DA INTEGRAÇÃO E DO DESENVOLVIMENTO REGIONAL, em conformidade com a delegação de competência outorgada pelo art. 11 da Portaria nº 1.184, de 15 de abril de 2024, considerando o disposto no art. 38 da Lei nº 8.112, de 11 de dezembro de 1990, tendo em vista o disposto no Decreto nº 12.504, de 12 de junho de 2025, e o constante no processo nº 59000.014763/2025-47, resolve:</p><p>DESIGNAR LUIZ CARLOS FLORENTINO DOS SANTOS para exercer o encargo de substituto eventual do cargo comissionado de Coordenador da Coordenação de Apoio ao Microcrédito da Coordenação-Geral de Apoio ao Microcrédito do Departamento de Políticas e Normas dos Fundos e Instrumentos Financeiros da Secretaria Nacional de Fundos e Instrumentos Financeiros, código CCE 1.10, deste Ministério, sem prejuízo do cargo que ocupa.</p><p class="assina">VALDER RIBEIRO DE MOURA</p>]]></Texto>
  </body>
  <Midias />
</article></xml>