﻿<xml><article id="45202375" name="PORTARIA NA CGAU 178" idOficio="11254254" pubName="DO2" artType="Portaria" pubDate="01/09/2025" artClass="00006:00007:00008:00000:00000:00000:00000:00000:00000:00000:00017:00073" artCategory="Presidência da República/Advocacia-Geral da União/Corregedoria-Geral" artSize="12" artNotes="" numberPage="2" pdfPage="http://pesquisa.in.gov.br/imprensa/jsp/visualiza/index.jsp?data=01/09/2025&amp;jornal=529&amp;pagina=2" editionNumber="165" highlightType="" highlightPriority="" highlight="" highlightimage="" highlightimagename="" idMateria="23055487">
  <body>
    <Identifica><![CDATA[ PORTARIA Nº CGAU/AGU 178, DE 28 DE AGOSTO DE 2025]]></Identifica>
    <Data><![CDATA[]]></Data>
    <Ementa />
    <Titulo />
    <SubTitulo />
    <Texto><![CDATA[<p class="identifica">PORTARIA Nº CGAU/AGU 178, DE 28 DE AGOSTO DE 2025</p><p>O CORREGEDOR-GERAL DA ADVOCACIA DA UNIÃO, no uso das atribuições previstas no artigo 5º, incisos I e VI, da Lei Complementar nº 73, de 10 de fevereiro de 1993, artigo 143 da Lei nº 8.112, de 11 de dezembro de 1990, e artigo 85, incisos IX e XV, do Anexo I do Decreto nº 12.540, de 30 de junho de 2025, resolve:</p><p>Art. 1º Reconduzir os Advogados da União, FERNANDO AIROLDI CARVALHO SILVA, matrícula SIAPE nº 1507399, MARCIA AMARAL FREITAS, matrícula SIAPE nº 1212717 e DÉBORA BEAL THAÍS DE CORDOVA, matrícula SIAPE nº 1311842, todos em exercício na Corregedoria-Geral da Advocacia da União, para, sob a presidência do primeiro, constituírem a Comissão de Processo Administrativo Disciplinar nº 00406.000324/2024-61, com vistas a dar continuidade à apuração das possíveis irregularidades de que trata o Relatório de Verificação Preliminar n° 00022/2024/CGAU/AGU, nos termos do Despacho nº 02876/2024/CGAU/AGU aprovado pelo Despacho do Corregedor-Geral da Advocacia da União nº 02877/2024/CGAU/AGU, concernentes ao Processo nº 00406.000324/2024-61, iniciada pela Comissão nomeada pela Portaria CGAU/AGU nº 235, de 18 de setembro de 2024, publicada no Suplemento C do Boletim de Serviço Eletrônico nº 38, de 20 de setembro de 2024, prorrogada pela Portaria CGAU/AGU nº 268, de 13 de novembro de 2024, publicada no Suplemento do Boletim de Serviço Eletrônico nº 47, de 19 de novembro de 2024, e reconduzida pela Portaria CGAU/AGU nº 3, de 08 de janeiro de 2025, publicada no Boletim de Serviço Eletrônico nº 2 , de 13 de janeiro de 2025, prorrogada pela Portaria CGAU/AGU nº 67, de 10 de março de 2025, publicada no Boletim de Serviço Eletrônico nº 11, de 17 de março de 2025, reconduzida pela Portaria CGAU/AGU nº 101, de 08 de maio de 2025, publicada no Diário Oficial da União nº 87 , de 12 de maio de 2025, e prorrogada pela Portaria CGAU/AGU nº 137, de 09 de julho de 2025, publicada no Diário Oficial da União nº 129, seção 2, página 3, de 11 de julho de 2025, bem como os fatos, ações e omissões outros que surjam no curso de seus trabalhos, nos termos da Portaria Normativa n. 7, de 3 de maio de 2024.</p><p>Art. 2º A Comissão Processante terá o prazo de 60 (sessenta) dias para ultimar os trabalhos apuratórios.</p><p>Art. 3º Esta Portaria entra em vigor no dia 15 de setembro de 2025.</p><p class="assina">HERÁCLIO MENDES DE CAMARGO NETO</p>]]></Texto>
  </body>
  <Midias />
</article></xml>