﻿<xml><article id="45196755" name="PORTARIA GPR 471" idOficio="11251857" pubName="DO2" artType="Portaria" pubDate="01/09/2025" artClass="00070:00041:00002:00000:00000:00000:00000:00000:00000:00000:00017:00471" artCategory="Poder Judiciário/Tribunal de Justiça do Distrito Federal e dos Territórios/Presidência" artSize="12" artNotes="" numberPage="111" pdfPage="http://pesquisa.in.gov.br/imprensa/jsp/visualiza/index.jsp?data=01/09/2025&amp;jornal=529&amp;pagina=111" editionNumber="165" highlightType="" highlightPriority="" highlight="" highlightimage="" highlightimagename="" idMateria="23051776">
  <body>
    <Identifica><![CDATA[ PORTARIA GPR Nº 471, DE 25 DE AGOSTO DE 2025]]></Identifica>
    <Data><![CDATA[]]></Data>
    <Ementa />
    <Titulo />
    <SubTitulo />
    <Texto><![CDATA[<p class="identifica">PORTARIA GPR Nº 471, DE 25 DE AGOSTO DE 2025</p><p>O PRESIDENTE DO TRIBUNAL DE JUSTIÇA DO DISTRITO FEDERAL E DOS TERRITÓRIOS, no uso de sua competência legal e tendo em vista o disposto no Processo SEI 0028670/2025, resolve:</p><p>Conceder aposentadoria voluntária integral ao servidor Jenner Martins Salgado, matrícula 307.955, ocupante do cargo de Técnico Judiciário, Área Administrativa, Classe "C", Padrão 13, do Quadro de Pessoal deste Tribunal de Justiça, com fundamento no art. 20 da Emenda Constitucional 103/2019, com as vantagens previstas no art. 67 da Lei 8.112/1990, c/c o art. 6º da Lei 9.624/1998 e com o inciso II do art. 15 da Medida Provisória 2.225-45/2001, no art. 3º da Lei 8.911/1994, c/c o art. 15 da Lei 9.527/1997, e na Lei 11.416/2006, com proventos calculados e reajustados na forma do art. 20, §§ 2º, inciso I, e 3º, inciso I, da Emenda Constitucional 103/2019.</p><p class="assina">Des. WALDIR LEÔNCIO JÚNIOR</p>]]></Texto>
  </body>
  <Midias />
</article></xml>