﻿<xml><article id="45196548" name="Port. 543 - Designa Marcia" idOficio="11249045" pubName="DO2" artType="Portaria" pubDate="01/09/2025" artClass="00070:00004:00005:00002:00003:00005:00000:00000:00000:00000:00017:00000" artCategory="Poder Judiciário/Superior Tribunal de Justiça/Conselho da Justiça Federal/Presidência/Secretaria-Geral/Diretoria Executiva de Administração e de Gestão de Pessoas" artSize="12" artNotes="" numberPage="105" pdfPage="http://pesquisa.in.gov.br/imprensa/jsp/visualiza/index.jsp?data=01/09/2025&amp;jornal=529&amp;pagina=105" editionNumber="165" highlightType="" highlightPriority="" highlight="" highlightimage="" highlightimagename="" idMateria="23047049">
  <body>
    <Identifica><![CDATA[ PORTARIA CJF nº 543, DE 26 DE agosto DE 2025]]></Identifica>
    <Data><![CDATA[]]></Data>
    <Ementa />
    <Titulo />
    <SubTitulo />
    <Texto><![CDATA[<p class="identifica">PORTARIA CJF nº 543, DE 26 DE agosto DE 2025</p><p>O DIRETOR EXECUTIVO DE ADMINISTRAÇÃO E DE GESTÃO DE PESSOAS DO CONSELHO DA JUSTIÇA FEDERAL, no uso da atribuição conferida pelo art. 1º, inciso II, alínea "d", da Portaria CJF n. 637, de 5 de outubro de 2023, e tendo em vista o que consta no Processo n. 0002667-78.2025.4.90.8000, resolve:</p><p>Art. 1º Designar MÁRCIA COUTINHO MARTINS, matrícula n. 1069, para a função comissionada de Assistente III, código FC-3, da Secretaria de Gestão de Pessoas, da Diretoria Executiva de Administração e de Gestão de Pessoas, da Secretaria-Geral, na vaga decorrente da dispensa de Felipe Gomes Ribeiro.</p><p>Art. 2º Esta portaria entra em vigor na data de sua publicação.</p><p class="assina">LUIZ ANTONIO DE SOUZA CORDEIRO</p>]]></Texto>
  </body>
  <Midias />
</article></xml>