﻿<xml><article id="45201289" name="PORTARIA SGA 1394 DISPENSAR ERIC" idOficio="11254034" pubName="DO2" artType="Portaria" pubDate="01/09/2025" artClass="00006:00007:00013:00009:00000:00000:00000:00000:00000:00000:00017:00000" artCategory="Presidência da República/Advocacia-Geral da União/Secretaria-Geral de Consultoria/Secretaria de Gestão Administrativa" artSize="12" artNotes="" numberPage="3" pdfPage="http://pesquisa.in.gov.br/imprensa/jsp/visualiza/index.jsp?data=01/09/2025&amp;jornal=529&amp;pagina=3" editionNumber="165" highlightType="" highlightPriority="" highlight="" highlightimage="" highlightimagename="" idMateria="23055188">
  <body>
    <Identifica><![CDATA[ PORTARIA SGA/AGU Nº 1.394, DE 20 DE AGOSTO DE 2025]]></Identifica>
    <Data><![CDATA[]]></Data>
    <Ementa />
    <Titulo />
    <SubTitulo />
    <Texto><![CDATA[<p class="identifica">PORTARIA SGA/AGU Nº 1.394, DE 20 DE AGOSTO DE 2025</p><p>A SECRETÁRIA DE GESTÃO ADMINISTRATIVA DA ADVOCACIA-GERAL DA UNIÃO, no uso das atribuições que lhe foram subdelegadas pela Portaria Normativa AGU nº 95, de 6 de junho de 2023, alterada pela Portaria Normativa AGU nº 97, de 26 de junho de 2023, tendo em vista o que consta no art. 38 da Lei nº 8.112, de 11 de dezembro de 1990, e considerando o que consta no Processo Administrativo nº 00418.013010/2025-70, resolve:</p><p>DISPENSAR</p><p>ERICO FERRARI NOGUEIRA, matrícula Siape nº 1557382, Advogado da União, do encargo de substituto eventual de Coordenador, código FCE 1.10 (2101384), da Coordenação-Regional de Serviço Público, da Coordenação-Geral Jurídica, da Procuradoria Regional da União da 5ª Região, da Procuradoria-Geral da União.</p><p class="assina">ELISA MONTEIRO MALAFAIA</p>]]></Texto>
  </body>
  <Midias />
</article></xml>