﻿<xml><article id="45197385" name="PORTARIA N 124_23053896" idOficio="11253119" pubName="DO2" artType="Portaria" pubDate="01/09/2025" artClass="00070:00051:00001:00000:00000:00000:00000:00000:00000:00000:00017:00000" artCategory="Poder Judiciário/Tribunal Regional do Trabalho da 10ª Região/Presidência" artSize="12" artNotes="" numberPage="116" pdfPage="http://pesquisa.in.gov.br/imprensa/jsp/visualiza/index.jsp?data=01/09/2025&amp;jornal=529&amp;pagina=116" editionNumber="165" highlightType="" highlightPriority="" highlight="" highlightimage="" highlightimagename="" idMateria="23053896">
  <body>
    <Identifica><![CDATA[ PORTARIA Nº 124, DE 26 DE AGOSTO DE 2025]]></Identifica>
    <Data><![CDATA[]]></Data>
    <Ementa />
    <Titulo />
    <SubTitulo />
    <Texto><![CDATA[<p class="identifica">PORTARIA Nº 124, DE 26 DE AGOSTO DE 2025</p><p>O PRESIDENTE DO TRIBUNAL REGIONAL DO TRABALHO DA DÉCIMA REGIÃO, no uso de suas atribuições legais e regimentais,</p><p>considerando o contido no Processo Administrativo SEI nº 0008086-41.2025.5.10.8000; resolve:</p><p>DECLARAR A VACÂNCIA do cargo efetivo de Técnico Judiciário, Classe "A", Padrão 3, Área Administrativa, Especialidade Agente da Polícia Judicial, do Quadro de Pessoal Permanente deste Tribunal, ocupado pelo servidor RAFAEL FELIPE FAUSTINO, em decorrência de posse em outro cargo inacumulável, nos termos do artigo 33, inciso VIII, da Lei nº 8.112/90, com efeitos a contar de 7/8/2025.</p><p class="assina">RIBAMAR LIMA JUNIOR</p>]]></Texto>
  </body>
  <Midias />
</article></xml>