﻿<xml><article id="45197028" name="RETIFICACAO 82]__9UYER3" idOficio="11253141" pubName="DO2" artType="Portaria" pubDate="01/09/2025" artClass="00025:00050:00032:00000:00000:00000:00000:00000:00000:00000:00017:00000" artCategory="Ministério da Educação/Centro Federal de Educação Tecnológica de Minas Gerais/Secretaria de Gestão de Pessoas" artSize="12" artNotes="" numberPage="17" pdfPage="http://pesquisa.in.gov.br/imprensa/jsp/visualiza/index.jsp?data=01/09/2025&amp;jornal=529&amp;pagina=17" editionNumber="165" highlightType="" highlightPriority="" highlight="" highlightimage="" highlightimagename="" idMateria="23053931">
  <body>
    <Identifica><![CDATA[ RETIFICAÇÃO]]></Identifica>
    <Data><![CDATA[]]></Data>
    <Ementa />
    <Titulo />
    <SubTitulo />
    <Texto><![CDATA[<p class="identifica">RETIFICAÇÃO</p><p>Na Portaria de Pessoal SEGEP/CEFET-MG nº 890, de 26 de agosto de 2025, publicada no Diário Oficial da União nº 162, de 27 de agosto de 2025, Seção 2, Página 11, que trata da designação de substitutos eventuais para a Função Gratificada de COORDENADOR DE SERVIÇOS GERAIS do Campus Varginha, Onde se lê: "PORTARIA DE PESSOAL SEGEP/CEFET-MG Nº 890, DE 26 DE AGOSTO DE 2025", Leia-se: "PORTARIA DE PESSOAL SEGEP/CEFET-MG Nº 886, DE 22 DE AGOSTO DE 2025".</p>]]></Texto>
  </body>
  <Midias />
</article></xml>