﻿<xml><article id="45202210" name="PORTARIA 9340 23079243774202581" idOficio="11254243" pubName="DO2" artType="Portaria" pubDate="01/09/2025" artClass="00025:00122:00000:00000:00000:00000:00000:00000:00000:00000:00017:00000" artCategory="Ministério da Educação/Universidade Federal do Rio de Janeiro" artSize="12" artNotes="" numberPage="42" pdfPage="http://pesquisa.in.gov.br/imprensa/jsp/visualiza/index.jsp?data=01/09/2025&amp;jornal=529&amp;pagina=42" editionNumber="165" highlightType="" highlightPriority="" highlight="" highlightimage="" highlightimagename="" idMateria="23055425">
  <body>
    <Identifica><![CDATA[ PORTARIA Nº 9.430, DE 29 DE AGOSTO DE 2025]]></Identifica>
    <Data><![CDATA[]]></Data>
    <Ementa />
    <Titulo />
    <SubTitulo />
    <Texto><![CDATA[<p class="identifica">PORTARIA Nº 9.430, DE 29 DE AGOSTO DE 2025</p><p>O Reitor da Universidade Federal do Rio de Janeiro, no uso de suas atribuições conferidas pelo Decreto de 27 de Junho de 2023, publicada no Diário Oficial da União nº 121 de 28 de Junho de 2023, resolve:</p><p>Designar ANTONIO FREDERICO SATURNINO BRAGA, Matrícula Siape nº 1283744, Professor do Magistério Superior, para exercer a Função Gratificada de Coordenador de Graduação do Curso de Licenciatura em Filosofia, do(a) Instituto de Filosofia e Ciências Sociais - IFCS, FUC-1, processo nº 23079.243774/25-81.</p><p class="assina">ROBERTO DE ANDRADE MEDRONHO</p>]]></Texto>
  </body>
  <Midias />
</article></xml>