﻿<xml><article id="45196905" name="Portaria-1843-2025" idOficio="11247573" pubName="DO2" artType="Portaria" pubDate="01/09/2025" artClass="00070:00045:00001:00000:00000:00000:00000:00000:00000:00000:00017:00000" artCategory="Poder Judiciário/Tribunal Regional do Trabalho da 4ª Região/Presidência" artSize="12" artNotes="" numberPage="113" pdfPage="http://pesquisa.in.gov.br/imprensa/jsp/visualiza/index.jsp?data=01/09/2025&amp;jornal=529&amp;pagina=113" editionNumber="165" highlightType="" highlightPriority="" highlight="" highlightimage="" highlightimagename="" idMateria="23044744">
  <body>
    <Identifica><![CDATA[ PORTARIA Nº 1.843, DE 21 DE AGOSTO DE 2025]]></Identifica>
    <Data><![CDATA[]]></Data>
    <Ementa />
    <Titulo />
    <SubTitulo />
    <Texto><![CDATA[<p class="identifica">PORTARIA Nº 1.843, DE 21 DE AGOSTO DE 2025</p><p>O PRESIDENTE DO TRIBUNAL REGIONAL DO TRABALHO DA 4ª REGIÃO, no uso de suas atribuições, e considerando o que consta no PA nº 5516/2025, resolve:</p><p>DESIGNAR, a contar da publicação, o servidor LEANDRO HEBERT DE SOUZA OLIVEIRA (119237), ocupante do cargo de Analista Judiciário, Área Administrativa, Especialidade Contabilidade, para exercer, em substituição, o cargo em comissão de CHEFE DE DIVISÃO DA FOLHA DE PAGAMENTO-CJ1, da Divisão de Pagamento de Servidores, nos impedimentos legais do titular.</p><p class="assina">RICARDO HOFMEISTER DE ALMEIDA MARTINS COSTA</p>]]></Texto>
  </body>
  <Midias />
</article></xml>