﻿<xml><article id="45202012" name="LAUDA SCEP DOU 29-08-2025 - DG -" idOficio="11254206" pubName="DO2" artType="Ato" pubDate="01/09/2025" artClass="00070:00056:00003:00000:00000:00000:00000:00000:00000:00000:00001:00000" artCategory="Poder Judiciário/Tribunal Regional do Trabalho da 15ª Região/Diretoria-Geral" artSize="12" artNotes="" numberPage="116" pdfPage="http://pesquisa.in.gov.br/imprensa/jsp/visualiza/index.jsp?data=01/09/2025&amp;jornal=529&amp;pagina=116" editionNumber="165" highlightType="" highlightPriority="" highlight="" highlightimage="" highlightimagename="" idMateria="23055403">
  <body>
    <Identifica><![CDATA[ ATO CPV Nº 123, DE 15 DE AGOSTO DE 2025]]></Identifica>
    <Data><![CDATA[]]></Data>
    <Ementa />
    <Titulo />
    <SubTitulo />
    <Texto><![CDATA[<p class="identifica">ATO CPV Nº 123, DE 15 DE AGOSTO DE 2025</p><p>O DIRETOR-GERAL DO TRIBUNAL REGIONAL DO TRABALHO DA 15ª REGIÃO, no uso da competência delegada pela Portaria GP n.º 57/2018, atualizada pelas Portarias GP n.ºs 56/2019, 77/2021, 15/2023 e 55/2024, e tendo em vista o que consta do PROAD n.º 15667/2025, resolve:</p><p>Exonerar THATIANA FREITAS TONZAR, Analista Judiciária, área Judiciária, do Quadro Permanente da Secretaria deste Tribunal, do cargo em comissão de Assessora Técnica de Gabinete de Desembargadora CJ-01, do mesmo Quadro.</p><p class="assina">Adlei Cristian Carvalho Pereira Schlosser</p>]]></Texto>
  </body>
  <Midias />
</article></xml>