﻿<xml><article id="45202105" name="ATO EDITAL DE NOTIFICACAO NA 200" idOficio="11254180" pubName="DO2" artType="Edital de Notificação" pubDate="01/09/2025" artClass="00099:00029:00035:00015:00008:00000:00000:00000:00000:00000:00000:00007:00023" artCategory="Editais e Avisos/Ministério da Gestão e da Inovação em Serviços Públicos" artSize="12" artNotes="" numberPage="123" pdfPage="http://pesquisa.in.gov.br/imprensa/jsp/visualiza/index.jsp?data=01/09/2025&amp;jornal=529&amp;pagina=123" editionNumber="165" highlightType="" highlightPriority="" highlight="" highlightimage="" highlightimagename="" idMateria="23055430">
  <body>
    <Identifica><![CDATA[ EDITAL DE NOTIFICAÇÃO Nº 200/2025]]></Identifica>
    <Data><![CDATA[]]></Data>
    <Ementa />
    <Titulo />
    <SubTitulo />
    <Texto><![CDATA[<p class="identifica">EDITAL DE NOTIFICAÇÃO Nº 200/2025</p><p>Usando as atribuições que lhe são conferidas, a Coordenadora-Geral de Risco e Controle da Diretoria de Serviços de Aposentados e de Pensionistas e Órgãos Extintos - DECIPEX, NOTIFICA, por encontrar-se em local incerto e não sabido, a Sra. JOANINHA TEREZINHA CORREA matrícula Siape nº 019****8, inscrita sob o CPF nº 448.***.**9-15, a se manifestar, em até 30 (trinta) dias a contar da publicação deste Edital, (apresentar documentos, defesa e/ou recurso) comparecendo presencialmente à Coordenação de Atendimento Inativos e Pensionistas, no Setor de Autarquias Norte, Quadra 3, Lote A, Ed. Núcleo dos Transportes (Prédio do DNIT) - Asa Norte, CEP: 70.040-902 - Brasília/DF, ou contatando pelo telefone 0800.978.9004, em horário comercial, ou através do e-mail: sgp.decipex.atend@gestao.gov.br com cópia para sgprt.decipex-cgris.cocon@economia.gov.br e sgp.decipex-cgris@economia.gov.br, para ter conhecimento da decisão proferida através da Nota Técnica SEI nº 37209/2025/MGI (53419992), que trata de indício de irregularidade sobre benefício pensional, apontado pelo Tribunal de Contas da União, em apuração no Processo Administrativo nº 19975.042101/2024-44, sob pena de prosseguimento do processo independente de sua manifestação.</p><p class="assina">CARLA CRISTINE GONCALVES SOARES FIGUEIREDO</p>]]></Texto>
  </body>
  <Midias />
</article></xml>