﻿<xml><article id="45197406" name="Port. 504 - ADQ103art10 - LUIZ F" idOficio="11246404" pubName="DO2" artType="Portaria" pubDate="01/09/2025" artClass="00025:00128:00012:00007:00000:00000:00000:00000:00000:00000:00017:00000" artCategory="Ministério da Educação/Universidade Federal de Santa Catarina/Pró-Reitoria de Desenvolvimento e Gestão de Pessoas/Departamento de Administração de Pessoal" artSize="12" artNotes="" numberPage="44" pdfPage="http://pesquisa.in.gov.br/imprensa/jsp/visualiza/index.jsp?data=01/09/2025&amp;jornal=529&amp;pagina=44" editionNumber="165" highlightType="" highlightPriority="" highlight="" highlightimage="" highlightimagename="" idMateria="23042678">
  <body>
    <Identifica><![CDATA[ PORTARIA Nº 504, DE 26 DE AGOSTO DE 2025]]></Identifica>
    <Data><![CDATA[]]></Data>
    <Ementa />
    <Titulo />
    <SubTitulo />
    <Texto><![CDATA[<p class="identifica">PORTARIA Nº 504, DE 26 DE AGOSTO DE 2025</p><p>A DIRETORA DO DEPARTAMENTO DE ADMINISTRAÇÃO DE PESSOAL DA UNIVERSIDADE FEDERAL DE SANTA CATARINA, no uso de suas atribuições, resolve:</p><p>Aposentar LUIZ FERNANDO PEREIRA, matrícula SIAPE 1841877, código de vaga 860905, ocupante do cargo de PROFESSOR MAGISTÉRIO SUPERIOR, classe C (Associado), nível 1, com Doutorado, em regime de trabalho de Dedicação Exclusiva, da carreira do magistério superior da Universidade Federal de Santa Catarina, nos termos do Art. 10, § 1º, Inciso I, da Emenda Constitucional n° 103/2019, com proventos proporcionais a 88% da média aritmética, calculados com base no Art. 26, § 2, Inciso II, da Emenda Constitucional n° 103/2019 (Processo nº 23080.026060/2025-71).</p><p class="assina">EMANUELLA KÁTIA DA CONCEIÇÃO DOS SANTOS</p>]]></Texto>
  </body>
  <Midias />
</article></xml>