﻿<xml><article id="45200234" name="PT 532-25" idOficio="11253829" pubName="DO2" artType="Portaria" pubDate="01/09/2025" artClass="00019:00037:00000:00000:00000:00000:00000:00000:00000:00000:00017:00000" artCategory="Ministério do Desenvolvimento, Indústria, Comércio e Serviços/Instituto Nacional de Metrologia, Qualidade e Tecnologia" artSize="12" artNotes="" numberPage="15" pdfPage="http://pesquisa.in.gov.br/imprensa/jsp/visualiza/index.jsp?data=01/09/2025&amp;jornal=529&amp;pagina=15" editionNumber="165" highlightType="" highlightPriority="" highlight="" highlightimage="" highlightimagename="" idMateria="23054727">
  <body>
    <Identifica><![CDATA[ PORTARIA Nº 532, DE 28 DE AGOSTO DE 2025]]></Identifica>
    <Data><![CDATA[]]></Data>
    <Ementa />
    <Titulo />
    <SubTitulo />
    <Texto><![CDATA[<p class="identifica">PORTARIA Nº 532, DE 28 DE AGOSTO DE 2025</p><p>O PRESIDENTE DO INSTITUTO NACIONAL DE METROLOGIA, QUALIDADE E TECNOLOGIA - INMETRO, no uso de suas atribuições, conferidas no § 3º do artigo 4º da Lei nº 5.966, de 11 de dezembro de 1973, e tendo em vista o inciso V, do artigo 18 da Estrutura Regimental da Autarquia, aprovada pelo artigo 18, do Decreto nº 11.221, de 5 de outubro de 2022, e de acordo com o Processo Sei nº 0052600.005926/2025-92, resolve:</p><p>Art. 1º Declarar, em conformidade com o art. 33, inciso VIII, da Lei nº 8.112, de 11 de dezembro de 1990, a vacância do cargo de Assistente Executivo em Metrologia e Qualidade, Classe "C", Padrão "IV", ocupado pela servidora SABRINA RANGEL GONÇALVES, matrícula SIAPE nº 2612933, em virtude de posse em outro cargo inacumulável, a partir de 27 de agosto de 2025, ficando dispensada do encargo de substituta que atualmente ocupa (Processo SEI nº 0052600.006916/2025-74).</p><p>Art. 2º Publicar esta Portaria no Diário Oficial da União, para fins de direito.</p><p class="assina">MARCIO ANDRE OLIVEIRA BRITO</p>]]></Texto>
  </body>
  <Midias />
</article></xml>