﻿<xml><article id="45197397" name="ATO Portaria PRESI NA 144" idOficio="11239462" pubName="DO2" artType="Portaria" pubDate="01/09/2025" artClass="00070:00001:00002:00000:00000:00000:00000:00000:00000:00000:00017:00002" artCategory="Poder Judiciário/Supremo Tribunal Federal/Presidência" artSize="12" artNotes="" numberPage="102" pdfPage="http://pesquisa.in.gov.br/imprensa/jsp/visualiza/index.jsp?data=01/09/2025&amp;jornal=529&amp;pagina=102" editionNumber="165" highlightType="" highlightPriority="" highlight="" highlightimage="" highlightimagename="" idMateria="23030975">
  <body>
    <Identifica><![CDATA[ PORTARIA Nº 144, DE 15 DE AGOSTO DE 2025]]></Identifica>
    <Data><![CDATA[]]></Data>
    <Ementa />
    <Titulo />
    <SubTitulo />
    <Texto><![CDATA[<p class="identifica">PORTARIA Nº 144, DE 15 DE AGOSTO DE 2025</p><p>O PRESIDENTE DO SUPREMO TRIBUNAL FEDERAL, no uso de suas atribuições e tendo em vista o art. 35, II, da Lei no 8.112, de 11 de dezembro de 1990, resolve:</p><p>Exonerar, a pedido, ANA LUIZA FERNANDES CALIL do cargo em comissão de Assessor Especial, nível CJ-3, do Gabinete da Secretaria-Geral da Presidência.</p><p class="assina">Min. LUÍS ROBERTO BARROSO</p>]]></Texto>
  </body>
  <Midias />
</article></xml>