﻿<xml><article id="45196149" name="PORTARIA N 1.266_23033283" idOficio="11240898" pubName="DO2" artType="Portaria" pubDate="01/09/2025" artClass="00066:00010:00001:00004:00000:00000:00000:00000:00000:00000:00017:00003" artCategory="Ministério Público da União/Ministério Público do Trabalho/Procuradoria-Geral/Diretoria-Geral" artSize="12" artNotes="" numberPage="98" pdfPage="http://pesquisa.in.gov.br/imprensa/jsp/visualiza/index.jsp?data=01/09/2025&amp;jornal=529&amp;pagina=98" editionNumber="165" highlightType="" highlightPriority="" highlight="" highlightimage="" highlightimagename="" idMateria="23033283">
  <body>
    <Identifica><![CDATA[ PORTARIA DG Nº 1.266, DE 22 DE AGOSTO DE 2025]]></Identifica>
    <Data><![CDATA[]]></Data>
    <Ementa />
    <Titulo />
    <SubTitulo />
    <Texto><![CDATA[<p class="identifica">PORTARIA DG Nº 1.266, DE 22 DE AGOSTO DE 2025</p><p>O DIRETOR-GERAL DO MINISTÉRIO PÚBLICO DO TRABALHO, no uso da competência que lhe foi atribuída pelo artigo 258 da Portaria PGT/MPT nº 1.162, de 7 de agosto de 2025, publicada no Boletim de Serviço Eletrônico nº 147, de 8 de agosto de 2025, e considerando o que consta no PGEA/MPT n° 20.02.0001.0006218/2025-15, resolve:</p><p>Art. 1° Exonerar, a contar de 01/09/2025, o servidor MARCONDES ARAÚJO DE AQUINO, matrícula 6001086-X, ocupante do cargo efetivo de Técnico do MPU/Administração, do cargo em comissão de Assessor Nível III da Procuradoria-Geral do Trabalho, código CC-3.</p><p>Art. 2º Nomear o servidor WELINGTON TORRES COSTA, matrícula 6005053-5, ocupante do cargo efetivo de Analista do MPU/Gestão Pública, para o cargo em comissão de Assessor Nível III da Procuradoria-Geral do Trabalho, código CC-3, exonerando-o do cargo em comissão de Assessor Nível I da Secretaria Operacional da Chefia de Gabinete do Procurador Geral do Trabalho, código CC-1, que atualmente ocupa.</p><p class="assina">JOÃO BATISTA MACHADO JÚNIOR</p>]]></Texto>
  </body>
  <Midias />
</article></xml>