﻿<xml><article id="45197277" name="Portaria 149-2025" idOficio="11195473" pubName="DO2" artType="Portaria" pubDate="01/09/2025" artClass="00070:00038:00001:00000:00000:00000:00000:00000:00000:00000:00017:00000" artCategory="Poder Judiciário/Tribunal Regional Eleitoral de São Paulo/Presidência" artSize="12" artNotes="" numberPage="110" pdfPage="http://pesquisa.in.gov.br/imprensa/jsp/visualiza/index.jsp?data=01/09/2025&amp;jornal=529&amp;pagina=110" editionNumber="165" highlightType="" highlightPriority="" highlight="" highlightimage="" highlightimagename="" idMateria="22955651">
  <body>
    <Identifica><![CDATA[ PORTARIA Nº 149, DE 28 DE JULHO DE  2025.]]></Identifica>
    <Data><![CDATA[]]></Data>
    <Ementa />
    <Titulo />
    <SubTitulo />
    <Texto><![CDATA[<p class="identifica">PORTARIA Nº 149, DE 28 DE JULHO DE 2025.</p><p>O PRESIDENTE EM EXERCÍCIO DO TRIBUNAL REGIONAL ELEITORAL DO ESTADO DE SÃO PAULO, no uso das atribuições regimentais e considerando o que consta do SEI n. 0016999-41.2025.6.26.8272, resolve:</p><p>Art. 1º Conceder aposentadoria voluntária, com proventos proporcionais, cálculos pela média, ao servidor Roberto de Oliveira Dorta, no cargo efetivo de Técnico Judiciário, Área Administrativa, Classe C, Padrão 13, com fundamento no artigo 40, §1º, inciso III, alínea "b" da Constituição da República, com redação dada pelas Emendas Constitucionais n. 20/1998 e 41/2003.</p><p>Art. 2º Declarar vago, em razão de aposentadoria, nos termos do artigo 33, inciso VII, da Lei n. 8.112, de 11 de dezembro de 1990, o cargo de Técnico Judiciário, Área Administrativa, Classe C, Padrão 13, criado pela Lei n. 7.645 de 18 dezembro de 1987, do quadro de pessoal deste Tribunal.</p><p>Art. 3º Esta Portaria entra em vigor na data de sua publicação no Diário Oficial da União.</p><p class="assina">JOSÉ ANTONIO ENCINAS MANFRÉ</p>]]></Texto>
  </body>
  <Midias />
</article></xml>