﻿<xml><article id="45201049" name="2025-08-29/11253979/TCUWS_230551" idOficio="11253979" pubName="DO2" artType="Portaria" pubDate="01/09/2025" artClass="00067:00009:00011:-0318:00000:00000:00000:00000:00000:00000:00017:00245" artCategory="Tribunal de Contas da União/Secretaria-Geral de Administração/Secretaria Especializada em Gestão de Pessoas/Diretoria de Análise de Direitos" artSize="12" artNotes="" numberPage="99" pdfPage="http://pesquisa.in.gov.br/imprensa/jsp/visualiza/index.jsp?data=01/09/2025&amp;jornal=529&amp;pagina=99" editionNumber="165" highlightType="" highlightPriority="" highlight="" highlightimage="" highlightimagename="" idMateria="23055101">
  <body>
    <Identifica><![CDATA[ PORTARIA-DIADI Nº 245, DE 29 DE AGOSTO DE 2025]]></Identifica>
    <Data><![CDATA[]]></Data>
    <Ementa />
    <Titulo />
    <SubTitulo />
    <Texto><![CDATA[<p class="identifica">PORTARIA-DIADI Nº 245, DE 29 DE AGOSTO DE 2025</p><p>A DIRETORA DE ANÁLISE DE DIREITOS DO TRIBUNAL DE CONTAS DA UNIÃO , no uso da atribuição que lhe confere o disposto no inciso III do art. 3º da Portaria n° 3, de 3 de janeiro de 2025, da Secretaria Especializada em Gestão de Pessoas deste Tribunal, resolve:</p><p>Art. 1º Dispensar, a pedido, a partir de 1 de setembro de 2025, SILVIA MARIA DA CRUZ FERREIRA, matrícula 8187-6, AUFC, da função de confiança de Coordenador de Ações de Controle, código FC-3, exercida no(a) Secretaria de Controle Externo de Infraestrutura.</p><p class="assina">CRÍSCIE LIZITA LÔBO SILVEIRA</p>]]></Texto>
  </body>
  <Midias />
</article></xml>