﻿<xml><article id="45197184" name="DOU_PR_20250821_para 01_009" idOficio="11239208" pubName="DO2" artType="Portaria" pubDate="01/09/2025" artClass="00040:00024:00000:00000:00000:00000:00000:00000:00000:00000:00017:00002" artCategory="Ministério do Planejamento e Orçamento/Fundação Instituto Brasileiro de Geografia e Estatística" artSize="12" artNotes="" numberPage="69" pdfPage="http://pesquisa.in.gov.br/imprensa/jsp/visualiza/index.jsp?data=01/09/2025&amp;jornal=529&amp;pagina=69" editionNumber="165" highlightType="" highlightPriority="" highlight="" highlightimage="" highlightimagename="" idMateria="23030691">
  <body>
    <Identifica><![CDATA[ PORTARIAS DE 21 DE AGOSTO DE 2025]]></Identifica>
    <Data><![CDATA[]]></Data>
    <Ementa />
    <Titulo />
    <SubTitulo />
    <Texto><![CDATA[<p class="identifica">PORTARIAS DE 21 DE AGOSTO DE 2025</p><p>O PRESIDENTE da FUNDAÇÃO INSTITUTO BRASILEIRO DE GEOGRAFIA E ESTATÍSTICA-IBGE, usando de suas atribuições legais e regulamentares, resolve:</p><p>Nº 1.024 - Designar LEVI SALVADOR DOS SANTOS CANDIDO, CPF nº XXX.405.043-XX, para exercer a função comissionada executiva de Assistente Técnico, do(a) Seção de Pesquisa Nacional por Amostra de Domicílios Contínua, do(a) Superintendência Estadual do IBGE no Ceará, FCE - 2.2, desta Fundação.</p><p>Nº 1.025 - Dispensar LUIZ WALTER LEITE DE CASTRO, CPF nº XXX.178.723-XX, da função comissionada executiva de Assistente Técnico, do(a) Seção de Pesquisa Nacional por Amostra de Domicílios Contínua, do(a) Superintendência Estadual do IBGE no Ceará, FCE - 2.2, desta Fundação, a partir de 01/09/2025.</p><p>Nº 1.026 - Dispensar HEREACLECEA DAMASCENO PERES DE CARVALHO, CPF nº XXX.594.026-XX, da função comissionada executiva de Assistente Técnico, do(a) Gerência de Recursos Humanos, do(a) Superintendência Estadual do IBGE em Pernambuco, FCE - 2.2, desta Fundação, a partir de 01/09/2025.</p><p>Nº 1.027 - Dispensar FELIPE CORREA DE SA DORIGUETTO, CPF nº XXX.617.936-XX, da função comissionada executiva de Assistente Técnico, do(a) Superintendência Estadual do IBGE em Mato Grosso do Sul, FCE - 2.2, desta Fundação, a partir de 01/09/2025.</p><p>Nº 1.028 - Dispensar CARLOS EDUARDO FE XAVIER, CPF nº XXX.932.591-XX, da função comissionada executiva de Chefe de Agência Nível I, do(a) Agência do IBGE em Jardim, do(a) Superintendência Estadual do IBGE em Mato Grosso do Sul, FCE - 1.2, desta Fundação, a partir de 01/09/2025.</p><p>Nº 1.029 - Dispensar ROSEMEIRE ALVARES FREITAS, CPF nº XXX.001.411-XX, da função comissionada executiva de Chefe de Agência Nível I, do(a) Agência do IBGE em Ponta Porã, do(a) Superintendência Estadual do IBGE em Mato Grosso do Sul, FCE - 1.2, desta Fundação, a partir de 01/09/2025.</p><p class="assina">MARCIO POCHMANN</p>]]></Texto>
  </body>
  <Midias />
</article></xml>