﻿<xml><article id="45196155" name="DOU ATO 154-2025" idOficio="11245101" pubName="DO2" artType="Ato" pubDate="01/09/2025" artClass="00070:00049:00001:00000:00000:00000:00000:00000:00000:00000:00001:00001" artCategory="Poder Judiciário/Tribunal Regional do Trabalho da 8ª Região/Gabinete da Presidência" artSize="12" artNotes="" numberPage="114" pdfPage="http://pesquisa.in.gov.br/imprensa/jsp/visualiza/index.jsp?data=01/09/2025&amp;jornal=529&amp;pagina=114" editionNumber="165" highlightType="" highlightPriority="" highlight="" highlightimage="" highlightimagename="" idMateria="23040792">
  <body>
    <Identifica><![CDATA[ ATO Nº 154, DE 4 DE AGOSTO DE 2025]]></Identifica>
    <Data><![CDATA[]]></Data>
    <Ementa />
    <Titulo />
    <SubTitulo />
    <Texto><![CDATA[<p class="identifica">ATO Nº 154, DE 4 DE AGOSTO DE 2025</p><p>A DESEMBARGADORA PRESIDENTE DO EGRÉGIO TRIBUNAL REGIONAL DO TRABALHO DA OITAVA REGIÃO, no uso de suas atribuições legais e regimentais, e</p><p>CONSIDERANDO o interesse desta Corte e do Tribunal Superior do Trabalho na redistribuição do cargo de carreira da categoria funcional de Técnico Judiciário, Área Administrativa, pertencente ao quadro de pessoal permanente deste Regional, ocupado pelo servidor CLEVTON DE SOUZA ALVES, mediante reciprocidade com o cargo idêntico, vago em razão da da posse em outro cargo inacumulável de Luiza Simões Pires Gomes, pertencente ao quadro de pessoal permanente daquele Tribunal, nos termos do artigo 37 da Lei nº 8.112/1990, bem como da Resolução CNJ nº 146/2012 e da Resolução TRT8 nº 41/2024;</p><p>CONSIDERANDO o que consta da Portaria PRESI nº 641/2025, expedida no Processo Administrativo Eletrônico n.º 4243/2019;</p><p>CONSIDERANDO o que consta nos autos do Processo Administrativo Eletrônico n.º 4566/2025 e, ainda, o interesse do serviço, resolve:</p><p>Art. 1.º CESSAR os efeitos do art. 2º da Portaria PRESI nº 641/2025, quanto à autorização, em caráter excepcional, para que o servidor CLEVTON DE SOUZA ALVES permanecesse em exercício no Tribunal Superior do Trabalho, na condição de removido, após a quebra da remoção por permuta objeto da Portaria PRESI nº 1.054/2019.</p><p>Art. 2.º REDISTRIBUIR o cargo de carreira da categoria funcional de Técnico Judiciário, Área Administrativa, pertencente ao quadro de pessoal permanente deste Tribunal, ocupado pelo servidor CLEVTON DE SOUZA ALVES (vaga 446), para o quadro de pessoal permanente do Tribunal Superior do Trabalho, mediante reciprocidade com cargo de Técnico Judiciário, Área Administrativa, vago em razão da posse em outro cargo inacumulável de Luiza Simões Pires Gomes, criado pela Lei nº 7.992/1990, pertencente ao quadro de pessoal permanente daquele Tribunal.</p><p>Art. 3.º Este Ato terá efeitos e entrará em vigor a partir da data de sua publicação no Diário Oficial da União.</p><p class="assina">SULAMIR PALMEIRA MONASSA DE ALMEIDA</p>]]></Texto>
  </body>
  <Midias />
</article></xml>