﻿<xml><article id="45199568" name="Port239-2025-MB-MD" idOficio="11253506" pubName="DO2" artType="Portaria" pubDate="01/09/2025" artClass="00016:00012:00001:00000:00000:00000:00000:00000:00000:00000:00017:00000" artCategory="Ministério da Defesa/Comando da Marinha/Gabinete do Comandante" artSize="12" artNotes="" numberPage="11" pdfPage="http://pesquisa.in.gov.br/imprensa/jsp/visualiza/index.jsp?data=01/09/2025&amp;jornal=529&amp;pagina=11" editionNumber="165" highlightType="" highlightPriority="" highlight="" highlightimage="" highlightimagename="" idMateria="23054290">
  <body>
    <Identifica><![CDATA[ PORTARIA Nº 239/MB/MD, DE 28 DE AGOSTO DE 2025]]></Identifica>
    <Data><![CDATA[]]></Data>
    <Ementa />
    <Titulo />
    <SubTitulo />
    <Texto><![CDATA[<p class="identifica">PORTARIA Nº 239/MB/MD, DE 28 DE AGOSTO DE 2025</p><p>O COMANDANTE DA MARINHA, no uso das atribuições que lhe são conferidas pelo art. 1° da Portaria Normativa n° 5/MD, de 5 de abril de 2016, publicada no Diário Oficial da União n° 80, de 28 de abril de 2016, Seção 1, página 56, e pelo inciso VIII do art. 1° do Decreto n° 8.798, de 4 de julho de 2016, combinado com o art. 4° da Lei Complementar n° 97, de 9 de junho de 1999, e em consonância com o Parágrafo único do art. 1o do Decreto n° 72.021, de 28 de março de 1973, resolve:</p><p>Art. 1° Alterar o inciso VI do art. 1° da Portaria n° 139/MB/MD, de 22 de junho de 2023, publicada no Diário Oficial da União n° 119, de 26 de junho de 2023, Seção 2, página 12, alterada pela Portaria n° 4/MB/MD, de 10 de janeiro de 2024, publicada no Diário Oficial da União n° 9, de 12 de janeiro de 2024, Seção 2, página 12, e pela Portaria n° 183/MB/MD, de 15 de julho de 2025, publicada no Diário Oficial da União n° 134, de 18 de julho de 2025, Seção 2, página 19, que passa a vigorar com a seguinte alteração:</p><p>"Art. 1°..……………………………………………………………………………………………………………….</p><p>………………………………………………………………………………………………………….</p><p>VI - Auxiliar do Adido de Defesa, Naval, do Exército e Aeronáutico nos Emirados Árabes Unidos e na Arábia Saudita, o SO-CI 87.1336.44 LEOVIGILDO DA SILVEIRA SANTOS JUNIOR, de 15 de junho de 2024 a 1° de junho de 2025, e Auxiliar do Adido de Defesa, Naval, do Exército e Aeronáutico nos Emirados Árabes Unidos, na Arábia Saudita e no Iraque, de 2 de junho de 2025 a 14 de agosto de 2026;</p><p>…....…...…....…...…....…...……………………………………………………….……………….." (NR)</p><p>Art. 2° Esta Portaria entra em vigor na presente data.</p><p class="assina">MARCOS SAMPAIO OLSEN</p>]]></Texto>
  </body>
  <Midias />
</article></xml>