﻿<xml><article id="45196263" name="PORTARIA NA 2375 DE 22 DE AGOSTO" idOficio="11248710" pubName="DO2" artType="Portaria" pubDate="01/09/2025" artClass="00025:00103:00000:00000:00000:00000:00000:00000:00000:00000:00017:00001" artCategory="Ministério da Educação/Universidade Federal Fluminense" artSize="12" artNotes="" numberPage="34" pdfPage="http://pesquisa.in.gov.br/imprensa/jsp/visualiza/index.jsp?data=01/09/2025&amp;jornal=529&amp;pagina=34" editionNumber="165" highlightType="" highlightPriority="" highlight="" highlightimage="" highlightimagename="" idMateria="23046286">
  <body>
    <Identifica><![CDATA[ PORTARIA Nº 2.375, DE 22 DE AGOSTO DE 2025]]></Identifica>
    <Data><![CDATA[]]></Data>
    <Ementa />
    <Titulo />
    <SubTitulo />
    <Texto><![CDATA[<p class="identifica">PORTARIA Nº 2.375, DE 22 DE AGOSTO DE 2025</p><p>O REITOR da Universidade Federal Fluminense, no uso de suas atribuições, e tendo em vista o que consta do Processo UFF n.º 23069.189036/2024-10, resolve:</p><p>Conceder aposentadoria voluntária a EDUARDO TUFFANI MONTEIRO , matrícula SIAPE nº 1122779, ocupante do cargo de Professor do Magistério Superior, Classe C, Nível 004, do Plano de Carreiras e Cargos de Magistério Federal, do Quadro de Pessoal Permanente desta Universidade, código de vaga 707799, com fundamento no artigo 20, § 2º, Inciso I da Emenda Constitucional nº 103/19, com proventos integrais, cumulativamente com o adicional por tempo de serviço no percentual de 4% (quatro por cento), com a retribuição por titulação.</p><p class="assina">ANTONIO CLAUDIO LUCAS DA NOBREGA</p>]]></Texto>
  </body>
  <Midias />
</article></xml>