﻿<xml><article id="45196938" name="1284 (Reitor) - WARLEY DE SOUZA " idOficio="11253228" pubName="DO2" artType="Portaria" pubDate="01/09/2025" artClass="00025:00102:00019:00000:00000:00000:00000:00000:00000:00000:00017:00000" artCategory="Ministério da Educação/Universidade Federal do Espírito Santo/Pró-Reitoria de Gestão de Pessoas" artSize="12" artNotes="" numberPage="34" pdfPage="http://pesquisa.in.gov.br/imprensa/jsp/visualiza/index.jsp?data=01/09/2025&amp;jornal=529&amp;pagina=34" editionNumber="165" highlightType="" highlightPriority="" highlight="" highlightimage="" highlightimagename="" idMateria="23054001">
  <body>
    <Identifica><![CDATA[ PORTARIA Nº 1.284, DE 27 DE AGOSTO DE 2025]]></Identifica>
    <Data><![CDATA[]]></Data>
    <Ementa />
    <Titulo />
    <SubTitulo />
    <Texto><![CDATA[<p class="identifica">PORTARIA Nº 1.284, DE 27 DE AGOSTO DE 2025</p><p>O Reitor da Universidade Federal do Espírito Santo, no uso de suas atribuições legais e estatutárias, e de acordo com o que consta no Processo nº 23068.035261/2025-28, resolve:</p><p>Art. 1º Autorizar o afastamento do país e conceder a WARLEY DE SOUZA BORGES, matrícula SIAPE nº 1817281, ocupante do cargo de Professor do Magistério Superior, em exercício no(a) Departamento de Química, da estrutura do(a) Centro de Ciências Exatas, Licença para capacitação, pelo período de 30 (trinta) dias, de 15/09/2025 a 14/10/2025, com ônus limitado/UFES, para realizar a ação de desenvolvimento Análise fitoquímica de uma planta da família Asteraceae utilizando técnicas modernas de espectroscopia e espectrometria no(a) Universidad de Cádiz, Cádiz - Espanha, com fundamento no art. 87 da Lei nº 8.112/1990.</p><p class="assina">Eustaquio Vinicius Ribeiro de Castro</p>]]></Texto>
  </body>
  <Midias />
</article></xml>