﻿<xml><article id="45200297" name="Portaria 124.373" idOficio="11253840" pubName="DO2" artType="Portaria" pubDate="01/09/2025" artClass="00052:00007:00000:00000:00000:00000:00000:00000:00000:00000:00017:00000" artCategory="Banco Central do Brasil/Área de Regulação" artSize="12" artNotes="" numberPage="91" pdfPage="http://pesquisa.in.gov.br/imprensa/jsp/visualiza/index.jsp?data=01/09/2025&amp;jornal=529&amp;pagina=91" editionNumber="165" highlightType="" highlightPriority="" highlight="" highlightimage="" highlightimagename="" idMateria="23054878">
  <body>
    <Identifica><![CDATA[ PORTARIA Nº 124.373 DE 29 DE AGOSTO DE 2025]]></Identifica>
    <Data><![CDATA[]]></Data>
    <Ementa />
    <Titulo />
    <SubTitulo />
    <Texto><![CDATA[<p class="identifica">PORTARIA Nº 124.373 DE 29 DE AGOSTO DE 2025</p><p>O DIRETOR DE REGULAÇÃO DO BANCO CENTRAL DO BRASIL, no uso da competência que lhe confere o art. 13, inciso V, alínea "b", do Regimento Interno do Banco Central do Brasil, anexo à Resolução BCB n° 340, de 21 de setembro de 2023, resolve:</p><p>Art. 1º Designar o servidor ANTONIO MARCOS FONTE GUIMARAES, matrícula 1.022.140-9, para exercer a função comissionada de Chefe Adjunto de Unidade, sigla FDE-2, no Departamento de Regulação do Sistema Financeiro (Denor), na Gerência Técnica 4 (Denor/Gtec4), ficando dispensado da função comissionada que atualmente exerce a partir do exercício da nova função.</p><p>Art. 2º Esta Portaria entra em vigor na data de sua publicação.</p><p class="assina">GILNEU FRANCISCO ASTOLFI VIVAN</p>]]></Texto>
  </body>
  <Midias />
</article></xml>