﻿<xml><article id="45197118" name="2025-08-27/11249293/andrev_23047" idOficio="11249293" pubName="DO2" artType="Ato" pubDate="01/09/2025" artClass="00070:00005:00009:00000:00000:00000:00000:00000:00000:00000:00001:00005" artCategory="Poder Judiciário/Tribunal Superior do Trabalho/Secretaria" artSize="12" artNotes="" numberPage="105" pdfPage="http://pesquisa.in.gov.br/imprensa/jsp/visualiza/index.jsp?data=01/09/2025&amp;jornal=529&amp;pagina=105" editionNumber="165" highlightType="" highlightPriority="" highlight="" highlightimage="" highlightimagename="" idMateria="23047718">
  <body>
    <Identifica><![CDATA[ ATO Nº 485, DE 27 DE AGOSTO DE 2025]]></Identifica>
    <Data><![CDATA[]]></Data>
    <Ementa />
    <Titulo />
    <SubTitulo />
    <Texto><![CDATA[<p class="identifica">ATO Nº 485, DE 27 DE AGOSTO DE 2025</p><p>O DIRETOR-GERAL DA SECRETARIA DO TRIBUNAL SUPERIOR DO TRABALHO, no uso de suas atribuições legais e regulamentares,</p><p>considerando o constante da Proposta nº 2784 do Sistema de Gestão de Pessoas - Sigep TST, de 27/08/2025, resolve:</p><p>1 - Dispensar, a pedido, o servidor ESDRAS LUCIANO DE SOUZA, código 49600, Técnico Judiciário, Área Administrativa, Especialidade Agente da Polícia Judicial, da função comissionada de Chefe do Núcleo de Segurança de Dignitários e Capacitação, Nível FC-6, da Coordenadoria de Policiamento.</p><p>2 - Designar o servidor CLEITON MOREIRA NEIVA, código 49351, Técnico Judiciário, Área Administrativa, Especialidade Agente da Polícia Judicial, para exercer a função comissionada de Chefe do Núcleo de Segurança de Dignitários e Capacitação, Nível FC-6, da Coordenadoria de Policiamento, ficando dispensado da função comissionada de Assistente 5, Nível FC-5, da Coordenadoria de Policiamento.</p><p>3 - Designar o servidor HIDELBERTO HOLANDA DE OLIVEIRA, código 65918, Técnico Judiciário, Área Administrativa, Especialidade Agente da Polícia Judicial, para exercer a função comissionada de Assistente 5, Nível FC-5, da Coordenadoria de Policiamento.</p><p class="assina">GUSTAVO CARIBÉ DE CARVALHO</p>]]></Texto>
  </body>
  <Midias />
</article></xml>