﻿<xml><article id="45199913" name="edital notificacao" idOficio="11253702" pubName="DO2" artType="Edital de Notificação" pubDate="01/09/2025" artClass="00099:00025:00106:00029:00000:00000:00000:00000:00000:00000:00000:00007:00000" artCategory="Editais e Avisos/Ministério da Educação" artSize="12" artNotes="" numberPage="121" pdfPage="http://pesquisa.in.gov.br/imprensa/jsp/visualiza/index.jsp?data=01/09/2025&amp;jornal=529&amp;pagina=121" editionNumber="165" highlightType="" highlightPriority="" highlight="" highlightimage="" highlightimagename="" idMateria="23054533">
  <body>
    <Identifica><![CDATA[ EDITAL Nº 1, DE 29 DE AGOSTO DE 2025]]></Identifica>
    <Data><![CDATA[]]></Data>
    <Ementa />
    <Titulo />
    <SubTitulo />
    <Texto><![CDATA[<p class="identifica">EDITAL Nº 1, DE 29 DE AGOSTO DE 2025</p><p>Usando as atribuições que lhe são conferidas, a Pró-Reitoria de Gestão de Pessoas da Universidade Federal da Integração Latino-Americana (UNILA), NOTIFICA, por encontrar-se em local incerto e não sabido, o ex-servidor Sr. THIAGO DA SILVA QUINTANA, CPF: 0**.***.***-*2, matrícula Siape 2160773, a se manifestar, em até 15 (quinze) dias a contar da publicação deste Edital, comparecendo presencialmente ao Departamento de Administração de Pessoal da Pró-Reitoria de Gestão de Pessoas, situado Bloco 04, Espaço 04, Sala 04 do Itaipu Parquetec ou contactando pelo telefone (45) 3522-9737, em horário comercial, ou através do e-mail: dap@unila.edu.br, para ter conhecimento do Processo no 23422.022749/2024-28 de ressarcimento ao erário.</p><p>Art. 2º Este edital entra em vigor na data de sua publicação no Diário Oficial da União.</p><p class="assina">FELIPE CORDEIRO DE ALMEIDA</p>]]></Texto>
  </body>
  <Midias />
</article></xml>