﻿<xml><article id="45196644" name="IFPR_RTF_Portarias_25-08-2025-14" idOficio="11242492" pubName="DO2" artType="Portaria" pubDate="01/09/2025" artClass="00025:00075:00004:00000:00000:00000:00000:00000:00000:00000:00017:00000" artCategory="Ministério da Educação/Instituto Federal de Educação, Ciência e Tecnologia do Paraná/Gabinete" artSize="12" artNotes="" numberPage="24" pdfPage="http://pesquisa.in.gov.br/imprensa/jsp/visualiza/index.jsp?data=01/09/2025&amp;jornal=529&amp;pagina=24" editionNumber="165" highlightType="" highlightPriority="" highlight="" highlightimage="" highlightimagename="" idMateria="23035374">
  <body>
    <Identifica><![CDATA[ PORTARIA Nº 10.241/IFPR, DE 22 DE AGOSTO DE 2025]]></Identifica>
    <Data><![CDATA[]]></Data>
    <Ementa />
    <Titulo />
    <SubTitulo />
    <Texto><![CDATA[<p class="identifica">PORTARIA Nº 10.241/IFPR, DE 22 DE AGOSTO DE 2025</p><p>O Reitor do Instituto Federal de Educação, Ciência e Tecnologia do Paraná, no uso da competência que lhe confere o Decreto de 06 de fevereiro de 2024, publicado no Diário Oficial da União no dia 07 de fevereiro de 2024, seção 2, página 01 e o que consta no Processo nº 23411.014940/2025-14, resolve:</p><p>Designar o servidor RODRIGO BATISTA DE ALMEIDA, ocupante do cargo de Professor de Ensino Básico Técnico e Tecnológico, SIAPE nº 1802524, SIAPECAD nº 01579681, lotado no(a) Campus Palmas, para exercer a função de Coordenador de Curso Bacharelado em Farmácia, FUC - 01, do(a) Coordenadoria de Ensino do Campus Palmas. Efeitos a partir da publicação no Diário Oficial da União.</p><p class="assina">ADRIANO WILLIAN DA SILVA VIANA PEREIRA</p>]]></Texto>
  </body>
  <Midias />
</article></xml>