﻿<xml><article id="45197310" name="Aposentadoria PT.335 de 29.08.20" idOficio="11253319" pubName="DO2" artType="Portaria" pubDate="01/09/2025" artClass="00047:00002:00021:00029:00006:00000:00000:00000:00000:00000:00017:00000" artCategory="Ministério da Saúde/Secretaria Executiva/Subsecretaria de Assuntos Administrativos/Superintendência Estadual do Ministério da Saúde na Bahia/Serviço de Gestão de Pessoas" artSize="12" artNotes="" numberPage="85" pdfPage="http://pesquisa.in.gov.br/imprensa/jsp/visualiza/index.jsp?data=01/09/2025&amp;jornal=529&amp;pagina=85" editionNumber="165" highlightType="" highlightPriority="" highlight="" highlightimage="" highlightimagename="" idMateria="23054083">
  <body>
    <Identifica><![CDATA[ PORTARIA Nº 335-SEGEP, de  29 DE AGOSTO DE 2025]]></Identifica>
    <Data><![CDATA[]]></Data>
    <Ementa />
    <Titulo />
    <SubTitulo />
    <Texto><![CDATA[<p class="identifica">PORTARIA Nº 335-SEGEP, de 29 DE AGOSTO DE 2025</p><p>A CHEFE DO SERVIÇO DE GESTÃO DE PESSOAS DA SUPERINTENDÊNCIA ESTADUAL DO MINISTÉRIO DA SAÚDE NA BAHIA, no uso das atribuições conferida pela Portaria SE/MS nº 990, de 25 de outubro de 2023, publicada no Diário Oficial da União nº 205, de 27.10.2023, seção 2, página 48, resolve:</p><p>I - Conceder aposentadoria voluntária integral, à servidora GECY DE SOUZA OLIVEIRA CORREIA, matrícula SIAPE 0476588, ocupante do cargo efetivo de Auxiliar de Serviços Gerais, Classe 'S', Padrão V (NI), do Quadro de Pessoal deste Ministério, com fundamento no artigo 3º da Emenda Constitucional nº 47 de 5/7/2005, combinado com o artigo 3º da Emenda Constitucional nº 103/2019, com os proventos do cargo e demais vantagens. (Processo nº 25022.001363/2025-00)</p><p>II - Declarar vago o cargo citado no item I.</p><p class="assina">PUREZA MARIA DOS SANTOS TELES BARBOSA</p>]]></Texto>
  </body>
  <Midias />
</article></xml>