﻿<xml><article id="45202885" name="P9RF218" idOficio="11254350" pubName="DO2" artType="Portaria" pubDate="01/09/2025" artClass="00028:00032:00435:00101:00000:00000:00000:00000:00000:00000:00017:00000" artCategory="Ministério da Fazenda/Secretaria Especial da Receita Federal do Brasil/Secretaria-Adjunta/Superintendência Regional da Receita Federal do Brasil 9ª Região Fiscal" artSize="12" artNotes="" numberPage="55" pdfPage="http://pesquisa.in.gov.br/imprensa/jsp/visualiza/index.jsp?data=01/09/2025&amp;jornal=529&amp;pagina=55" editionNumber="165" highlightType="" highlightPriority="" highlight="" highlightimage="" highlightimagename="" idMateria="23055621">
  <body>
    <Identifica><![CDATA[ PORTARIA DE PESSOAL SRRF09 Nº 218, DE 28 DE AGOSTO DE 2025]]></Identifica>
    <Data><![CDATA[]]></Data>
    <Ementa />
    <Titulo />
    <SubTitulo />
    <Texto><![CDATA[<p class="identifica">PORTARIA DE PESSOAL SRRF09 Nº 218, DE 28 DE AGOSTO DE 2025</p><p>O SUPERINTENDENTE SUBSTITUTO DA RECEITA FEDERAL DO BRASIL DA 9ª REGIÃO FISCAL, no uso da competência que lhe foi subdelegada pela Portaria RFB nº 345, de 24 de agosto de 2023, publicada no DOU de 28 de agosto de 2023, e considerando o disposto no artigo 3º da Portaria RFB nº 340, de 14 de agosto de 2023, e o que consta no e-Processo nº 10906.319762/2025-01, resolve:</p><p>Designar o Auditor-Fiscal da Receita Federal do Brasil ERIC CIONEK, matrícula Siapecad nº 01571515, para exercer a Função Comissionada Executiva de Chefe da Equipe de Fiscalização 2 - EFI2 da Delegacia da Receita Federal do Brasil em Londrina, código FCE-1.05.</p><p class="assina">MARCIO LUIZ ZAMIAN</p>]]></Texto>
  </body>
  <Midias />
</article></xml>