﻿<xml><article id="45197040" name="trt9a175-2025-PRT COINF 1007" idOficio="11252332" pubName="DO2" artType="Portaria" pubDate="01/09/2025" artClass="00070:00050:00001:00001:00017:00000:00000:00000:00000:00000:00017:00008" artCategory="Poder Judiciário/Tribunal Regional do Trabalho da 9ª Região/Tribunal Pleno/Presidência/Coordenadoria de Informações Funcionais" artSize="12" artNotes="" numberPage="116" pdfPage="http://pesquisa.in.gov.br/imprensa/jsp/visualiza/index.jsp?data=01/09/2025&amp;jornal=529&amp;pagina=116" editionNumber="165" highlightType="" highlightPriority="" highlight="" highlightimage="" highlightimagename="" idMateria="23052659">
  <body>
    <Identifica><![CDATA[ PORTARIA COINF Nº 1.007, DE 28 DE AGOSTO DE 2025]]></Identifica>
    <Data><![CDATA[]]></Data>
    <Ementa />
    <Titulo />
    <SubTitulo />
    <Texto><![CDATA[<p class="identifica">PORTARIA COINF Nº 1.007, DE 28 DE AGOSTO DE 2025</p><p>A COORDENADORA DE INFORMAÇÕES FUNCIONAIS DO TRIBUNAL REGIONAL DO TRABALHO DA 9ª REGIÃO, usando de suas atribuições legais, e diante da delegação de competência decorrente do art. 4º, III e IV, da Portaria Presidência nº 22/2022, resolve:</p><p>I - designar AMANDA ALMEIDA DE LUCENA MOTTA, Técnico Judiciário Área Administrativa, classe A, padrão 4, para EXERCER o Cargo em Comissão de Assessor De Juiz Substituto I (c-10941), código TRT 9ª CJ-1, da Assistência Aos Juízes Do Trabalho Substitutos, a partir da data de publicação, dispensando-a da Função Comissionada de Assistente De Gabinete Vi (c-11121), código TRT 9ª FC-6, Gabinete De Desembargador 13, a partir da mesma data (Memorando nº 1101/2025);</p><p>II - dispensar ALEXANDRE RODRIGUES DA SILVA, Técnico Judiciário Área Administrativa, classe C, padrão 13, do Cargo em Comissão de Assessor De Juiz Substituto I (c-10941), código TRT 9ª CJ-1, Assistência Aos Juízes Do Trabalho Substitutos, a partir da data de publicação (Memorando nº 1101/2025).</p><p class="assina">ROSSANA SANTOS CARVALHO</p>]]></Texto>
  </body>
  <Midias />
</article></xml>