﻿<xml><article id="45197268" name="PORT GP 23_2025_Processo 6016570" idOficio="11243392" pubName="DO2" artType="Ato" pubDate="01/09/2025" artClass="00070:00005:00001:00000:00000:00000:00000:00000:00000:00000:00001:00001" artCategory="Poder Judiciário/Tribunal Superior do Trabalho/Presidência" artSize="12" artNotes="" numberPage="105" pdfPage="http://pesquisa.in.gov.br/imprensa/jsp/visualiza/index.jsp?data=01/09/2025&amp;jornal=529&amp;pagina=105" editionNumber="165" highlightType="" highlightPriority="" highlight="" highlightimage="" highlightimagename="" idMateria="23037447">
  <body>
    <Identifica><![CDATA[ PORTARIA Nº 23, DE 22 DE AGOSTO DE 2025]]></Identifica>
    <Data><![CDATA[]]></Data>
    <Ementa />
    <Titulo />
    <SubTitulo />
    <Texto><![CDATA[<p class="identifica">PORTARIA Nº 23, DE 22 DE AGOSTO DE 2025</p><p>O PRESIDENTE DO TRIBUNAL SUPERIOR DO TRABALHO, no uso de suas atribuições legais e regimentais, e tendo em vista o constante dos autos do Processo Administrativo TST nº 6016570/2025-00, resolve:</p><p>Ceder à Procuradoria-Geral do Trabalho, a contar de 1º/9/2025, o servidor DAVI CESAR ALVES LIMA, Técnico Judiciário, Área Administrativa, do Quadro de Pessoal deste Tribunal, por prazo indeterminado, de acordo com o disposto no inciso I do art. 93 da Lei nº 8.112/1990, com a redação dada pela Lei nº 8.270/1991 e nos artigos 3º e 4º do ATO.DILEP.SEGPES.GDGSET.GP.Nº 324/2019.</p><p class="assina">Min. ALOYSIO SILVA CORRÊA DA VEIGA</p>]]></Texto>
  </body>
  <Midias />
</article></xml>