﻿<xml><article id="45199631" name="Port243-2025-MB-MD" idOficio="11253629" pubName="DO2" artType="Portaria" pubDate="01/09/2025" artClass="00016:00012:00001:00000:00000:00000:00000:00000:00000:00000:00017:00000" artCategory="Ministério da Defesa/Comando da Marinha/Gabinete do Comandante" artSize="12" artNotes="" numberPage="11" pdfPage="http://pesquisa.in.gov.br/imprensa/jsp/visualiza/index.jsp?data=01/09/2025&amp;jornal=529&amp;pagina=11" editionNumber="165" highlightType="" highlightPriority="" highlight="" highlightimage="" highlightimagename="" idMateria="23054421">
  <body>
    <Identifica><![CDATA[ PORTARIA Nº 243/MB/MD, DE 28 DE AGOSTO DE 2025]]></Identifica>
    <Data><![CDATA[]]></Data>
    <Ementa />
    <Titulo />
    <SubTitulo />
    <Texto><![CDATA[<p class="identifica">PORTARIA Nº 243/MB/MD, DE 28 DE AGOSTO DE 2025</p><p>O COMANDANTE DA MARINHA, no uso das atribuições que lhe são conferidas pelo inciso VIII do art. 1° do Decreto n° 8.798, de 4 de julho de 2016, combinado com o art. 4° da Lei Complementar n° 97, de 9 de junho de 1999, e em consonância com as alíneas a e b do inciso I do art. 1° do Decreto n° 72.021, de 28 de março de 1973, resolve:</p><p>Art. 1° Nomear, por necessidade do serviço, os militares a seguir relacionados, para exercerem funções nas Comissões Navais, pelo prazo de dois anos, contado a partir da data de assunção da função:</p><p>I - Auxiliar do Encarregado da Seção de Serviços Gerais da Comissão Naval Brasileira na Europa (CNBE), o SO-EF 95.0280.99 VICTOR MARQUES DE ARAUJO, exonerando o SO-EL 86.9646.15 ADALBERTO LINO DE ALMEIDA SANTANA;</p><p>II - Auxiliar do Encarregado da Seção de Controle e Prestação de Contas da CNBE, a SO-CL 97.0966.10 BIANE DA SILVA SANTIAGO, exonerando a SO-CL 87.3583.01 LUCIA SILVA DE CARVALHO DIAS;</p><p>III - Auxiliar do Encarregado da Divisão de Material e Serviços Gerais da Comissão Naval Brasileira em Washington, o SO-EF 06.4014.49 HELDER SANTANA DO ROSÁRIO, exonerando o SO-AM 87.2204.66 JEFFERSON MONTEIRO GUIMARÃES; e</p><p>IV - Auxiliar do Encarregado da Seção de Serviços Gerais da CNBE, o SO-MT 06.5733.63 JAILTON BISPO RODRIGUES, exonerando o SO-MR 87.1223.75 HUAINER DA SILVA BEZERRA.</p><p>Parágrafo único. As missões especificadas neste artigo são enquadradas como permanente, militar, com mudança de sede, com dependentes e com duração igual ou superior a dois anos, de acordo com a alínea a do inciso I e alínea b do inciso II do art. 3° e art. 4° da Lei n° 5.809, de 10 de outubro de 1972, regulamentada pelo Decreto n° 71.733, de 18 de janeiro de 1973.</p><p>Art. 2° Para o cálculo do valor-limite do auxílio-moradia no exterior, tomando-se como base o anexo I da Portaria GM-MD n° 4.685, de 19 de setembro de 2023, publicada no Diário Oficial da União n° 187, de 29 de setembro de 2023, Seção 1, páginas 51 e 52, e o anexo 37 do Guia de Administração dos Postos, aprovado pela Portaria n° 402 do Ministro de Estado das Relações Exteriores, de 22 de julho de 2022, publicada no Diário Oficial da União n° 139, de 25 de julho de 2022, Seção 1, página 147, e alterado pela Portaria n° 494 do Ministro de Estado das Relações Exteriores, de 20 de novembro de 2023, publicada no Diário Oficial da União n° 220, de 21 de novembro de 2023, Seção 1, página 104, ficam fixados os seguintes parâmetros:</p><p>I - SO-EF 95.0280.99 VICTOR MARQUES DE ARAUJO, índice 70 e fator de conversão 100;</p><p>II - SO-CL 97.0966.10 BIANE DA SILVA SANTIAGO, índice 70 e fator de conversão 100;</p><p>III - SO-EF 06.4014.49 HELDER SANTANA DO ROSÁRIO, índice 70 e fator de conversão 68; e</p><p>IV - SO-MT 06.5733.63 JAILTON BISPO RODRIGUES, índice 70 e fator de conversão 100.</p><p>Art. 3° Esta Portaria entra em vigor na presente data.</p><p class="assina">MARCOS SAMPAIO OLSEN</p><p class="cargo">Comandante da Marinha</p>]]></Texto>
  </body>
  <Midias />
</article></xml>