﻿<xml><article id="45199838" name="PORTARIA N 142 SINC 23054433" idOficio="11253617" pubName="DO2" artType="Portaria" pubDate="01/09/2025" artClass="00034:00064:00000:00000:00000:00000:00000:00000:00000:00000:00017:00000" artCategory="Ministério do Meio Ambiente e Mudança do Clima/Instituto de Pesquisas Jardim Botânico do Rio de Janeiro" artSize="12" artNotes="" numberPage="67" pdfPage="http://pesquisa.in.gov.br/imprensa/jsp/visualiza/index.jsp?data=01/09/2025&amp;jornal=529&amp;pagina=67" editionNumber="165" highlightType="" highlightPriority="" highlight="" highlightimage="" highlightimagename="" idMateria="23054433">
  <body>
    <Identifica><![CDATA[ PORTARIA PESSOAL N° 142, DE 28 DE AGOSTO DE 2025]]></Identifica>
    <Data><![CDATA[]]></Data>
    <Ementa />
    <Titulo />
    <SubTitulo />
    <Texto><![CDATA[<p class="identifica">PORTARIA PESSOAL N° 142, DE 28 DE AGOSTO DE 2025</p><p>O PRESIDENTE DO INSTITUTO DE PESQUISAS JARDIM BOTÂNICO DO RIO DE JANEIRO, nomeado pela Portaria da Casa Civil nº 2.763, de 03 de agosto de 2023, publicada no DOU de 04 de agosto de 2023, no uso das atribuições que lhe conferem a Lei nº 10.316, de 06 de dezembro de 2001, publicada no DOU de 07 de dezembro de 2001, no Decreto nº 12.137, de 12 de agosto de 2024, publicado no DOU de 13 de agosto de 2024, a Portaria JBRJ nº 04, de 30 de janeiro de 2025, publicada no Diário Oficial da União de 31 de janeiro de 2025 e considerando o constante nos autos do Processo SEI nº 02011.000995/2025-71, resolve:</p><p>Art. 1º Nomear o servidor MARCIO VERDI, matrícula SIAPE nº 1247375, para exercer o cargo de Coordenador de Projetos de Estratégias para Conservação de Espécies Ameaçadas de Extinção, código CCE 3.10, da Diretoria do Centro Nacional de Conservação da Flora - CNCFlora, do Instituto de Pesquisas Jardim Botânico do Rio de Janeiro.</p><p>Art. 2º Esta Portaria de Pessoal entra em vigor na data de sua publicação.</p><p class="assina">SERGIO BESSERMAN VIANNA</p>]]></Texto>
  </body>
  <Midias />
</article></xml>