﻿<xml><article id="45195939" name="2025 -861 HEBE MARIA NOGUEIRA - " idOficio="11250147" pubName="DO2" artType="Portaria" pubDate="01/09/2025" artClass="00025:00133:00025:00001:00000:00000:00000:00000:00000:00000:00017:00001" artCategory="Ministério da Educação/Universidade Federal do Triângulo Mineiro/Pró-Reitoria de Recursos Humanos/Departamento de Administração de Pessoal" artSize="12" artNotes="" numberPage="48" pdfPage="http://pesquisa.in.gov.br/imprensa/jsp/visualiza/index.jsp?data=01/09/2025&amp;jornal=529&amp;pagina=48" editionNumber="165" highlightType="" highlightPriority="" highlight="" highlightimage="" highlightimagename="" idMateria="23049039">
  <body>
    <Identifica><![CDATA[ PORTARIA DE PESSOAL Nº 861, DE 27 DE AGOSTO DE 2025]]></Identifica>
    <Data><![CDATA[]]></Data>
    <Ementa />
    <Titulo />
    <SubTitulo />
    <Texto><![CDATA[<p class="identifica">PORTARIA DE PESSOAL Nº 861, DE 27 DE AGOSTO DE 2025</p><p>A REITORA DA UNIVERSIDADE FEDERAL DO TRIÂNGULO MINEIRO - UFTM, nomeada pelo Presidente da República, por meio do Decreto de 1 <sup>º</sup> de junho de 2023, publicado no Diário Oficial da União do dia 2 subsequente, no uso de suas atribuições legais e regimentais e de acordo com o processo SEI/UFTM n <sup>º</sup> 23085.008765/2025-67, resolve:</p><p>Art. 1° Conceder aposentadoria voluntária á servidora HEBE MARIA NOGUEIRA, Siape 1441998, ocupante do cargo de ENFERMEIRO-ÁREA, Classe/Padrão E-019, carga horária de 40 horas semanais, código de vaga n° 769919, do Quadro de Pessoal desta Universidade, com fulcro no caput e inciso II do § 2º e inciso II do § 3º do art. 20 da Emenda Constitucional nº 103/2019, com proventos integrais, com base no art. 26, § 3º, inciso I e § 7º da mesma Emenda.</p><p>Art. 2° Em consequência, declarar vago o referido cargo.</p><p>Art. 3° Esta Portaria de Pessoal entra em vigor a partir de sua publicação no Diário Oficial da União.</p><p class="assina">MARINALVA VIEIRA BARBOSA</p>]]></Texto>
  </body>
  <Midias />
</article></xml>