﻿<xml><article id="45201214" name="edital_dd_01_09_23075.0536612025" idOficio="11254033" pubName="DO2" artType="Decisão" pubDate="01/09/2025" artClass="00025:00117:00001:00002:00000:00000:00000:00000:00000:00000:00011:00000" artCategory="Ministério da Educação/Universidade Federal do Paraná/Gabinete do Reitor/Divisão de Expediente" artSize="12" artNotes="" numberPage="38" pdfPage="http://pesquisa.in.gov.br/imprensa/jsp/visualiza/index.jsp?data=01/09/2025&amp;jornal=529&amp;pagina=38" editionNumber="165" highlightType="" highlightPriority="" highlight="" highlightimage="" highlightimagename="" idMateria="23055185">
  <body>
    <Identifica><![CDATA[ EDITAL DE NOTIFICAÇÃO de 29 de agosto de 2025]]></Identifica>
    <Data><![CDATA[]]></Data>
    <Ementa />
    <Titulo />
    <SubTitulo />
    <Texto><![CDATA[<p class="identifica">EDITAL DE NOTIFICAÇÃO de 29 de agosto de 2025</p><p>A PRESIDENTE DA COMISSÃO DE PROCESSO DISCIPLINAR, constituída pela Portaria nº 2714/DD, de 12 de maio de 2025, publicada no Boletim de Gestão de Pessoas na mesma data, no uso de suas atribuições e tendo em vista o disposto no art. 26, §4º, da Lei 9.784/99, art. 163 da Lei 8.112/90, combinado com o art. 256 do Código de Processo Civil, NOTIFICA pelo presente Edital a servidora CLICELIA TEREZINHA KUHN, de matrículas funcionais nº 202910 (UFPR) e 1905888 (SIAPE), Auxiliar de Enfermagem, lotada na Unidade de Processamento de Materiais Esterilizados do Complexo Hospital de Clínicas, por se encontrar em local incerto e não sabido, como acusado em Processo Administrativo Disciplinar sob o rito sumário instaurado no bojo do processo nº 23075.021584/2025-45, para que apresente DEFESA ESCRITA no prazo de 15 (quinze) dias perante a Comissão de Processo Administrativo Disciplinar, através do e-mail scd@ufpr.br, conforme determina o art. 163, parágrafo único, da Lei 8.112/90.</p><p class="assina">ELOANA FERREIRA KERKHOVEN MARQUES</p>]]></Texto>
  </body>
  <Midias />
</article></xml>