﻿<xml><article id="45197355" name="2 GM DESPA MINIS 28 DE AGOSTO DE" idOficio="11253279" pubName="DO2" artType="Despacho" pubDate="01/09/2025" artClass="00013:00001:00000:00000:00000:00000:00000:00000:00000:00000:00013:00003" artCategory="Ministério da Ciência, Tecnologia e Inovação/Gabinete da Ministra" artSize="12" artNotes="" numberPage="7" pdfPage="http://pesquisa.in.gov.br/imprensa/jsp/visualiza/index.jsp?data=01/09/2025&amp;jornal=529&amp;pagina=7" editionNumber="165" highlightType="" highlightPriority="" highlight="" highlightimage="" highlightimagename="" idMateria="23054156">
  <body>
    <Identifica><![CDATA[ DESPACHO  DE 28 DE AGOSTO DE 2025]]></Identifica>
    <Data><![CDATA[]]></Data>
    <Ementa />
    <Titulo />
    <SubTitulo />
    <Texto><![CDATA[<p class="identifica">DESPACHO DE 28 DE AGOSTO DE 2025</p><p>A MINISTRA DE ESTADO DA CIÊNCIA, TECNOLOGIA E INOVAÇÃO, no uso das atribuições que lhe confere o inciso I do parágrafo único do art. 87 da Constituição Federal, tendo em vista o disposto no art. 95 da Lei nº 8.112, de 11 de dezembro de 1990, e no uso da competência que lhe foi delegada pelo art. 2º do Decreto nº 1.387, de 07 de fevereiro de 1995, AUTORIZA o afastamento do país do servidor:</p><p>SHEILA OLIVEIRA PIRES, Diretora do Departamento de Apoio aos Ecossistemas de Inovação, do Ministério da Ciência, Tecnologia e Inovação - MCTI, para participar da "Missão Internacional Anprotec 2025 &amp; 42ª Conferência IASP - International Association of Science Parks and Areas of Innovation", que terá como tema principal "Elevating Excellence - Innovation Spaces Driving High-Quality Development", em Xiamen e Pequim/China, de 04/09/2025 a 21/09/2025, trânsito incluído, com ônus para o MCTI, conforme Processo nº 01245.016003/2025-11.</p><p>CARLOS EDUARDO HIGA MATSUMOTO, Chefe da Assessoria Especial de Assuntos Internacionais do Ministério da Ciência, Tecnologia e Inovação - MCTI, para participar da "3rd G20 Research and Innovation Working Group (RIWG)", bem como prestar assessoramento à Secretária de Políticas e Programas Estratégicos deste Ministério, Sra. Andrea Brito Latgé, que representará a Ministra Luciana Santos, na reunião ministerial do G20 sobre Pesquisa e Inovação, em Pretória/África do Sul, de 18/09/2025 a 25/09/2025, trânsito incluído, com ônus para o MCTI, conforme Processo nº 01245.016879/2025-68.</p><p>THIAGO MALHEIROS PORCINO, Pesquisador do Laboratório Nacional de Computação Científica - LNCC, para participar da sessão temática "Generative AI and its Impact on Immersive Technologies", bem como no "15º Simpósio Brasil-Alemanha Fronteiras da Ciência e Tecnologia (BRAGFOST)", que terá como tema central "Como melhorar a robustez de modelos", com foco em Inteligência Artificial Generativa, em Mannheim/Alemanha, de 05/11/2025 a 10/11/2025, trânsito incluído, com ônus limitado, conforme Processo nº 01209.000233/2025-03.</p><p>DENISE SOUZA DE FREITAS, Chefe do Laboratório de Corrosão e Proteção, do Instituto Nacional de Tecnologia - INT, para participar da "Reunião Técnica na Empresa Alleima", bem como do "Congresso EUROCORR 2025", em Estocolmo/Suécia e Stavanger/Noruega, de 02/09/2025 a 12/09/2025, trânsito incluído, com ônus limitado, conforme Processo nº 01240.000515/2025-14.</p><p>EDILVANDO PEREIRA EUFRAZIO, Chefe da Divisão de Engenharia e Conformidade de Produtos, e FÁBIO SILVA DE OLIVEIRA, Técnico, ambos do Instituto Nacional de Tecnologia - INT, para participarem do "International Conference on Martensitic Transformations - ICOMAT 2025", bem como de capacitação técnica na "AD Engineering", com o objetivo de fortalecer a instituição e aprimorar as competências técnicas da equipe, em Praga/República Tcheca e Milão, Bergamo/Itália, de 06/09/2025 a 18/09/2025, trânsito incluído, com ônus limitado, conforme Processo nº 01240.000527/2025-31.</p><p>LEANDRO BORTOLOZO PEDRON, Diretor do Departamento de Programas Temáticos do Ministério da Ciência, Tecnologia e Inovação - MCTI, para participar da "Reunião do Conselho de Administração da Holding XS1 S.A", com o objetivo de exercer as competências na qualidade de conselheiro, nos termos do art. 17 do Regimento interno da companhia, em Bordeaux/França, de 06/09/2025 a 10/09/2025, trânsito incluído, com ônus limitado, conforme Processo nº 01245.015661/2025-96.</p><p>ALAN JAMES PEIXOTO CALHEIROS, Tecnologista do Instituto Nacional de Pesquisas Espaciais - INPE, para participar do "WMO Artificial Intelligent (AI) for Nowcasting Pilot Project Workshop", da World Meteorological Organization (WMO), com apresentação de trabalho intitulado "AINPP Latin America: Nowcasting Validation and Web Platform Testbed Update", em Jeju/Coreia do Sul, de 19/09/2025 a 28/09/2025, trânsito incluído, com ônus para o CNPq (Processo nº 444205/2024-1), conforme Processo nº 01340.005933/2025-61.</p><p>LUZ ADRIANA CUARTAS PINEDA, Pesquisadora do Centro Nacional de Monitoramento e Alertas de Desastres Naturais - CEMADEN, para participar da "III Cumbre Internacional de Sostenibilidad e Innovación Ambient - CAR 2025", que terá como tema "Protejamos juntos el medio ambiente", na qualidade de palestrante do painel "Sistemas que protegem: Coordenação e tecnologia diante de desastres ambientais", cujo objetivo é discutir ameaças climáticas, com ênfase em inundações e alagamentos, em Bogotá/Colômbia, de 08/09/2025 a 12/09/2025, trânsito incluído, com ônus limitado, conforme Processo nº 01242.001033/2025-53.</p><p>CANCELAMENTO</p><p>Tornar sem efeito o afastamento do país de SAULO RIBEIRO DE FREITAS, Chefe da Divisão de Modelagem Numérica do Sistema Terrestre do Instituto Nacional de Pesquisas Espaciais - INPE, publicado no DOU nº 136, Seção 2, pág. 5, de 22 de Julho de 2025.</p><p class="assina">LUCIANA SANTOS</p>]]></Texto>
  </body>
  <Midias />
</article></xml>