﻿<xml><article id="45200750" name="ATO TRT21- GP NA 229-2025" idOficio="11253985" pubName="DO2" artType="Ato" pubDate="01/09/2025" artClass="00070:00062:00001:00002:00001:00000:00000:00000:00000:00000:00001:00000" artCategory="Poder Judiciário/Tribunal Regional do Trabalho da 21ª Região/Presidência/Diretoria-Geral/Secretaria Administrativa" artSize="12" artNotes="" numberPage="118" pdfPage="http://pesquisa.in.gov.br/imprensa/jsp/visualiza/index.jsp?data=01/09/2025&amp;jornal=529&amp;pagina=118" editionNumber="165" highlightType="" highlightPriority="" highlight="" highlightimage="" highlightimagename="" idMateria="23055040">
  <body>
    <Identifica><![CDATA[ ATO TRT21-GP Nº 229, DE 29 DE AGOSTO DE 2025]]></Identifica>
    <Data><![CDATA[]]></Data>
    <Ementa />
    <Titulo />
    <SubTitulo />
    <Texto><![CDATA[<p class="identifica">ATO TRT21-GP Nº 229, DE 29 DE AGOSTO DE 2025</p><p>O DESEMBARGADOR PRESIDENTE DO TRIBUNAL REGIONAL DO TRABALHO DA 21ª REGIÃO, no uso de suas atribuições, e de acordo com o constante do PROAD Nº 3708/2025, resolve:</p><p>APOSENTAR voluntariamente, com proventos integrais, o servidor KELSON NOGUEIRA GUARINES, matrícula nº 308.21.0641 no cargo efetivo da carreira judiciária de TÉCNICO JUDICIÁRIO, Área Administrativa, Especialidade Agente da Polícia Judicial, Classe C, Padrão 13, nº 180, do Quadro Permanente de Pessoal deste Tribunal, de acordo com o artigo 20, § 2º, I, e 3º I, da Emenda Constitucional nº 103/2019, compostos do vencimento do cargo efetivo, da Gratificação de Atividade Judiciária, de acordo com o art. 13 da Lei nº 11.416/2006, com redação dada pela Lei nº 13.317/2016, incidentes sobre o vencimento básico, mais as seguintes vantagens: 7% (sete por cento) de Adicional por Tempo de Serviço, conforme art. 67 da Lei nº 8.112/1990; e 7,5% (sete vírgula cinco por cento) de Adicional de Qualificação, de acordo com o art. 14, §5º, c/c o art.15, inciso III, da Lei nº 11.416/2006, alterada pela Lei nº 13.317/2016, c/c o anexo I, da Portaria Conjunta nº 1/2007.</p><p class="assina">EDUARDO SERRANO DA ROCHA</p>]]></Texto>
  </body>
  <Midias />
</article></xml>