﻿<xml><article id="45196182" name="2025-08-28/11252927/andrev_23053" idOficio="11252927" pubName="DO2" artType="Ato" pubDate="01/09/2025" artClass="00070:00005:00009:00000:00000:00000:00000:00000:00000:00000:00001:00007" artCategory="Poder Judiciário/Tribunal Superior do Trabalho/Secretaria" artSize="12" artNotes="" numberPage="106" pdfPage="http://pesquisa.in.gov.br/imprensa/jsp/visualiza/index.jsp?data=01/09/2025&amp;jornal=529&amp;pagina=106" editionNumber="165" highlightType="" highlightPriority="" highlight="" highlightimage="" highlightimagename="" idMateria="23053530">
  <body>
    <Identifica><![CDATA[ ATO Nº 490, DE 28 DE AGOSTO DE 2025]]></Identifica>
    <Data><![CDATA[]]></Data>
    <Ementa />
    <Titulo />
    <SubTitulo />
    <Texto><![CDATA[<p class="identifica">ATO Nº 490, DE 28 DE AGOSTO DE 2025</p><p>O DIRETOR-GERAL DA SECRETARIA DO TRIBUNAL SUPERIOR DO TRABALHO, no uso de suas atribuições legais e regulamentares,</p><p>considerando o constante da Proposta nº 2796 do Sistema de Gestão de Pessoas - Sigep TST, de 28/08/2025, resolve:</p><p>Dispensar o servidor FELIPE ABREU MACHADO, código 68160, Analista Judiciário, Área Judiciária, da função comissionada de Assistente 5, Nível FC-5, privativa de bacharel em Direito, da Secretaria da 5ª Turma.</p><p class="assina">GUSTAVO CARIBÉ DE CARVALHO</p>]]></Texto>
  </body>
  <Midias />
</article></xml>