﻿<xml><article id="45202378" name="Portaria nA 301-2025" idOficio="11254270" pubName="DO2" artType="Portaria" pubDate="01/09/2025" artClass="00016:00012:00027:00008:00015:00000:00000:00000:00000:00000:00017:00000" artCategory="Ministério da Defesa/Comando da Marinha/Diretoria-Geral do Pessoal da Marinha/Diretoria do Pessoal da Marinha/Serviço de Veteranos e Pensionista da Marinha" artSize="12" artNotes="" numberPage="13" pdfPage="http://pesquisa.in.gov.br/imprensa/jsp/visualiza/index.jsp?data=01/09/2025&amp;jornal=529&amp;pagina=13" editionNumber="165" highlightType="" highlightPriority="" highlight="" highlightimage="" highlightimagename="" idMateria="23055517">
  <body>
    <Identifica><![CDATA[ PORTARIA Nº 301/SVPM, DE 27 DE AGOSTO DE 2025]]></Identifica>
    <Data><![CDATA[]]></Data>
    <Ementa />
    <Titulo />
    <SubTitulo />
    <Texto><![CDATA[<p class="identifica">PORTARIA Nº 301/SVPM, DE 27 DE AGOSTO DE 2025</p><p>O DIRETOR DO SERVIÇO DE VETERANOS E PENSIONISTAS DA MARINHA, no uso da subdelegação de competência que lhe confere o contido no art. 1º da Portaria nº 176/2025, da Diretoria do Pessoal da Marinha, resolve:</p><p>Art. 1º Conceder pensão a OSVANILDA ANTONIA SOARES PEREIRA, na qualidade de viúva do ex-servidor LUIZ CARLOS GOMES PEREIRA, ocupante do cargo de Artífice de Estrutura de Obras e Metalurgia, Matrícula SIAPE nº 0975515, do Quadro de Pessoal do Comando da Marinha, falecido na condição de aposentado, em 7 de junho de 2025, com fundamento no inciso I do art. 3º da Portaria SGP/SEDGG/ME nº 4645, de 24 de maio de 2022, de acordo com o art. 217 da Lei nº 8.112, de 11 de dezembro de 1990, e art. 23 e 24 da Emenda Constitucional nº 103, de 12 de novembro de 2019.</p><p>Art. 2º Os efeitos desta Portaria entram em vigor em 7 de junho de 2025, data do óbito do instituidor.</p><p class="assina">CMG (IM) ROBSON APARECIDO CAMPOS DE LIMA</p>]]></Texto>
  </body>
  <Midias />
</article></xml>