﻿<xml><article id="45200552" name="Portaria de Pessoal n. 193" idOficio="11253923" pubName="DO2" artType="Portaria" pubDate="01/09/2025" artClass="00041:00002:00000:00000:00000:00000:00000:00000:00000:00000:00013:00005" artCategory="Ministério de Portos e Aeroportos/Secretaria Executiva" artSize="12" artNotes="" numberPage="70" pdfPage="http://pesquisa.in.gov.br/imprensa/jsp/visualiza/index.jsp?data=01/09/2025&amp;jornal=529&amp;pagina=70" editionNumber="165" highlightType="" highlightPriority="" highlight="" highlightimage="" highlightimagename="" idMateria="23054998">
  <body>
    <Identifica><![CDATA[ PORTARIA DE PESSOAL Nº 193, DE 27 DE AGOSTO DE 2025]]></Identifica>
    <Data><![CDATA[]]></Data>
    <Ementa />
    <Titulo />
    <SubTitulo />
    <Texto><![CDATA[<p class="identifica">PORTARIA DE PESSOAL Nº 193, DE 27 DE AGOSTO DE 2025</p><p>A SECRETÁRIA-EXECUTIVA SUBSTITUTA DO MINISTÉRIO DE PORTOS E AEROPORTOS, no uso de suas atribuições, tendo em vista o Decreto nº 9.794, de 14 de maio de 2019 e suas alterações, bem como a subdelegação de competência contida no art. 8º, inciso III, da Portaria nº 567, de 26 de novembro de 2024, publicada no Diário Oficial da União do dia 29 de novembro de 2024, e considerando o constante dos autos do processo administrativo nº 50020.005006/2025-70, resolve:</p><p>Designar ALINE CARDOSO DÓRIA DANTAS, CPF ***.050.597-**, para exercer o encargo de substituta eventual da Função Comissionada Executiva de Coordenadora-Geral, da Coordenação-Geral 01, código FCE 1.13, da Consultoria Jurídica, deste Ministério dos Portos e Aeroportos, nos afastamentos e impedimentos legais e eventuais do titular ou na vacância da função.</p><p class="assina">THAIRYNE OLIVEIRA</p>]]></Texto>
  </body>
  <Midias />
</article></xml>