﻿<xml><article id="45197451" name="PORTARIA N 586_23044126" idOficio="11247040" pubName="DO2" artType="Portaria" pubDate="01/09/2025" artClass="00070:00004:00001:00000:00000:00000:00000:00000:00000:00000:00017:00003" artCategory="Poder Judiciário/Superior Tribunal de Justiça/Presidência" artSize="12" artNotes="" numberPage="103" pdfPage="http://pesquisa.in.gov.br/imprensa/jsp/visualiza/index.jsp?data=01/09/2025&amp;jornal=529&amp;pagina=103" editionNumber="165" highlightType="" highlightPriority="" highlight="" highlightimage="" highlightimagename="" idMateria="23044126">
  <body>
    <Identifica><![CDATA[ PORTARIA STJ/GP Nº 586, DE 22 DE AGOSTO DE 2025]]></Identifica>
    <Data><![CDATA[]]></Data>
    <Ementa />
    <Titulo />
    <SubTitulo />
    <Texto><![CDATA[<p class="identifica">PORTARIA STJ/GP Nº 586, DE 22 DE AGOSTO DE 2025</p><p>O PRESIDENTE DO SUPERIOR TRIBUNAL DE JUSTIÇA, usando da atribuição conferida pelo art. 21, XXV, do Regimento Interno e considerando o disposto no art. 9º, II, e 35, I, da Lei n. 8.112, de 11 de dezembro de 1990, resolve:</p><p>Art. 1º Efetuar as seguintes alterações no Gabinete da Ministra Isabel Gallotti:</p><p>I - Exonerar, com efeitos a contar de 1º de setembro de 2025, ANTONIO DE MOURA CAVALCANTI NETO, matrícula S078950, do cargo em comissão de Assessor de Ministro, código CJ-3.</p><p>II - Dispensar EMMANUELA MARIA CAMPOS DE SABOYA, matrícula S080084, da função de confiança de Assistente IV, código FC-4.</p><p>III - Nomear a servidora para o cargo em comissão de Assessor de Ministro, código CJ-3, na vaga decorrente da exoneração de Antonio de Moura Cavalcanti Neto.</p><p>Art. 2º Esta portaria entra em vigor na data de sua publicação.</p><p class="assina">Min. HERMAN BENJAMIN</p>]]></Texto>
  </body>
  <Midias />
</article></xml>