﻿<xml><article id="45208114" name="0109_SEGER_DESPACHO - SEGURIDADE" idOficio="11253813" pubName="DO2" artType="Despacho" pubDate="01/09/2025" artClass="00028:00044:00681:00000:00000:00000:00000:00000:00000:00000:00013:00000" artCategory="Ministério da Fazenda/Caixa Econômica Federal/Secretaria Geral" artSize="12" artNotes="" numberPage="56" pdfPage="http://pesquisa.in.gov.br/imprensa/jsp/visualiza/index.jsp?data=01/09/2025&amp;jornal=529&amp;pagina=56" editionNumber="165" highlightType="" highlightPriority="" highlight="" highlightimage="" highlightimagename="" idMateria="23054855">
  <body>
    <Identifica><![CDATA[ DESPACHO DE 28 DE AGOSTO DE 2025]]></Identifica>
    <Data><![CDATA[]]></Data>
    <Ementa />
    <Titulo />
    <SubTitulo />
    <Texto><![CDATA[<p class="identifica">DESPACHO DE 28 DE AGOSTO DE 2025</p><p>O PRESIDENTE DA CAIXA ECONÔMICA FEDERAL, no uso da competência que lhe foi delegada pelo art. 4º da Portaria MF nº 267, de 26 de abril de 2023, autoriza o afastamento do País de MATHEUS DE MENDONÇA MARQUES, Superintendente Nacional da CAIXA Seguridade Participações S/A, subsidiária da Caixa Econômica Federal, a fim de participar dos eventos "UBS BB Global Emerging Markets One-on-One Conference" e "Morgan Stanley 28th Annual Latin America Conference", respectivamente, em Nova Iorque, nos Estados Unidos, e Londres, no Reino Unido, no período de 1º a 11 de setembro de 2025, incluindo o trânsito, com ônus.</p><p class="assina">CARLOS ANTÔNIO VIEIRA FERNANDES</p>]]></Texto>
  </body>
  <Midias />
</article></xml>