﻿<xml><article id="45197136" name="Portaria 263_26 Ago 2025" idOficio="11250252" pubName="DO2" artType="Portaria" pubDate="01/09/2025" artClass="00070:00012:00000:00000:00000:00000:00000:00000:00000:00000:00001:00005" artCategory="Poder Judiciário/Tribunal Regional Federal da 6ª Região/Presidência" artSize="12" artNotes="" numberPage="109" pdfPage="http://pesquisa.in.gov.br/imprensa/jsp/visualiza/index.jsp?data=01/09/2025&amp;jornal=529&amp;pagina=109" editionNumber="165" highlightType="" highlightPriority="" highlight="" highlightimage="" highlightimagename="" idMateria="23049176">
  <body>
    <Identifica><![CDATA[ PORTARIA PRESI Nº 263, DE 26 DE AGOSTO DE 2025]]></Identifica>
    <Data><![CDATA[]]></Data>
    <Ementa />
    <Titulo />
    <SubTitulo />
    <Texto><![CDATA[<p class="identifica">PORTARIA PRESI Nº 263, DE 26 DE AGOSTO DE 2025</p><p>O PRESIDENTE DO TRIBUNAL REGIONAL FEDERAL DA 6ª REGIÃO, no uso de suas atribuições legais e regimentais, tendo em vista o constante nos autos do PAe 0008962-85.2025.4.06.8001, resolve:</p><p>I) REVOGAR, a contar de 04/08/2025, a cessão do servidor ELCIMAR DIVINO DE MORAIS, Técnico Judiciário/Área Administrativa, do Quadro de Pessoal da Subseção Judiciária de Uberlândia, para a Subseção Judiciária de Uberaba, autorizada pela Portaria Presi TRF1 nº 5.635.563, de 28/02/2018, publicada no Diário Oficial da União - Seção 2, de 02/03/2018.</p><p>II) CONCEDER-LHE 10 (dez) dias de trânsito, conforme disposto no art. 18 da Lei nº 8.112/90, c/c Portaria Presi TRF6 nº 57/2023, para retorno à origem.</p><p class="assina">Des. VALLISNEY OLIVEIRA</p>]]></Texto>
  </body>
  <Midias />
</article></xml>