﻿<xml><article id="45196713" name="PT DCOMB RPPU N 741 JOAQUIM CARL" idOficio="11250144" pubName="DO2" artType="Portaria" pubDate="01/09/2025" artClass="00044:00018:00081:00275:00002:00005:00000:00000:00000:00000:00017:00029" artCategory="Ministério da Previdência Social/Instituto Nacional do Seguro Social/Diretoria de Gestão de Pessoas/Coordenação-Geral de Centralização do Regime Próprio de Previdência Social da União/Coordenação de Atendimento do RPPU/Divisão de Concessão e Manutenção de Benefícios do RPPU" artSize="12" artNotes="" numberPage="76" pdfPage="http://pesquisa.in.gov.br/imprensa/jsp/visualiza/index.jsp?data=01/09/2025&amp;jornal=529&amp;pagina=76" editionNumber="165" highlightType="" highlightPriority="" highlight="" highlightimage="" highlightimagename="" idMateria="23049031">
  <body>
    <Identifica><![CDATA[ PORTARIA DCOMB-RPPU/INSS Nº 741, DE 26 DE AGOSTO DE 2025]]></Identifica>
    <Data><![CDATA[]]></Data>
    <Ementa />
    <Titulo />
    <SubTitulo />
    <Texto><![CDATA[<p class="identifica">PORTARIA DCOMB-RPPU/INSS Nº 741, DE 26 DE AGOSTO DE 2025</p><p>A CHEFE DA DIVISÃO DE CONCESSÃO E MANUTENÇÃO DE BENEFÍCIOS DO RPPU - substituta, da Coordenação de Atendimento do RPPU, vinculada à Coordenação-Geral de Centralização do RPPU, da Diretoria de Gestão de Pessoas do INSS, no uso das atribuições e a delegação de competência estabelecida pela PORTARIA DGP/INSS nº 05 de 18/04/2022, publicada no BSE de 19/04/2022, na PORTARIA MPS nº 3851 de 10/12/2024, publicada no DOU nº 240, de 13/12/2024, e Portaria/DGP/INSS nº 77, de 24/07/2025, publicada no BSE em 28/07/2025, conforme o constante no processo SEI nº 35014.145871/2025-43 e Tarefa PAT nº 1523117489, e na forma da legislação vigente, resolve:</p><p>Conceder aposentadoria voluntária ao servidor JOAQUIM CARLOS LUCILIO, matrícula SIAPE 1445479, ocupante do cargo de Técnico do Seguro Social, Classe S, Padrão V, do quadro de pessoal permanente do Instituto Nacional do Seguro Social, com fundamento no Artigo 10º, § 1º, inciso I da Emenda Constitucional nº 103, de 2019 (Regra Atual), com proventos calculados com base no artigo 26, §2°, inciso I, média aritmética. Declarando, em consequência, o referido cargo vago.</p><p>Esta Portaria entra em vigor na data de sua publicação.</p><p class="assina">JOSYLENE APARECIDA FERREIRA DE ALMEIDA</p>]]></Texto>
  </body>
  <Midias />
</article></xml>