﻿<xml><article id="45197016" name="PORTARIA N 1.156_22933629" idOficio="11182388" pubName="DO2" artType="Portaria" pubDate="01/09/2025" artClass="00046:00001:00000:00000:00000:00000:00000:00000:00000:00000:00017:00000" artCategory="Ministério das Relações Exteriores/Gabinete do Ministro" artSize="12" artNotes="" numberPage="79" pdfPage="http://pesquisa.in.gov.br/imprensa/jsp/visualiza/index.jsp?data=01/09/2025&amp;jornal=529&amp;pagina=79" editionNumber="165" highlightType="" highlightPriority="" highlight="" highlightimage="" highlightimagename="" idMateria="22933629">
  <body>
    <Identifica><![CDATA[ PORTARIA Nº 1.156, DE 28 DE JULHO DE 2025]]></Identifica>
    <Data><![CDATA[]]></Data>
    <Ementa />
    <Titulo />
    <SubTitulo />
    <Texto><![CDATA[<p class="identifica">PORTARIA Nº 1.156, DE 28 DE JULHO DE 2025</p><p>A MINISTRA DE ESTADO, SUBSTITUTA, DAS RELAÇÕES EXTERIORES, em conformidade com o Decreto nº 9.794, de 14 de maio de 2019, resolve:</p><p>Exonerar, a pedido, com base em requerimento protocolado em 14 de junho de 2025, objeto do processo administrativo SEI nº 09046.001115/2025-26, nos termos do artigo 34, caput, da lei nº 8.112, de 11 de dezembro de 1990, ALESSANDRA CLAUDIO VINHAS, matrícula SIAPE nº 1284828, do cargo efetivo de conselheira da carreira de diplomata do Ministério das Relações Exteriores.</p><p class="assina">MARIA LAURA DA ROCHA</p>]]></Texto>
  </body>
  <Midias />
</article></xml>