﻿<xml><article id="45197364" name="PORTARIA N 1.233_22995017" idOficio="11218278" pubName="DO2" artType="Portaria" pubDate="01/09/2025" artClass="00046:00295:00039:00000:00000:00000:00000:00000:00000:00000:00017:00000" artCategory="Ministério das Relações Exteriores/Secretaria-Geral das Relações Exteriores/Secretaria de Gestão Administrativa" artSize="12" artNotes="" numberPage="79" pdfPage="http://pesquisa.in.gov.br/imprensa/jsp/visualiza/index.jsp?data=01/09/2025&amp;jornal=529&amp;pagina=79" editionNumber="165" highlightType="" highlightPriority="" highlight="" highlightimage="" highlightimagename="" idMateria="22995017">
  <body>
    <Identifica><![CDATA[ PORTARIA Nº 1.233, DE 13 DE AGOSTO DE 2025]]></Identifica>
    <Data><![CDATA[]]></Data>
    <Ementa />
    <Titulo />
    <SubTitulo />
    <Texto><![CDATA[<p class="identifica">PORTARIA Nº 1.233, DE 13 DE AGOSTO DE 2025</p><p>O SECRETÁRIO DE GESTÃO ADMINISTRATIVA, no uso das suas atribuições e de acordo com a Portaria de delegação de competência nº 386, de 14 de abril de 2022, publicada no Diário Oficial da União de 19 de abril de 2022, resolve:</p><p>Art. 1° - Conceder aposentadoria voluntária com proventos integrais a ADRIANO LÍVIO RIBEIRO ALVES, matrícula SIAPE nº 1191692, matrícula SIAPECAD nº 675588, ocupante do cargo de oficial de chancelaria, classe C, padrão V, do Quadro de Pessoal do Ministério das Relações Exteriores, fundamentada no artigo 20, § 2º, inciso I, da Emenda Constitucional nº 103, de 12 de novembro de 2019.</p><p>Art. 2° - Esta Portaria entra em vigor a partir de sua publicação no Diário Oficial da União.</p><p class="assina">DENIS FONTES DE SOUZA PINTO</p>]]></Texto>
  </body>
  <Midias />
</article></xml>