﻿<xml><article id="45197229" name="Aposenta gomes-RICK TEXT" idOficio="11247064" pubName="DO2" artType="Portaria" pubDate="01/09/2025" artClass="00008:00002:00015:00000:00000:00000:00000:00000:00000:00000:00017:00000" artCategory="Ministério da Agricultura e Pecuária/Secretaria Executiva/Superintendência de Agricultura e Pecuária do Estado de Rondônia" artSize="12" artNotes="" numberPage="5" pdfPage="http://pesquisa.in.gov.br/imprensa/jsp/visualiza/index.jsp?data=01/09/2025&amp;jornal=529&amp;pagina=5" editionNumber="165" highlightType="" highlightPriority="" highlight="" highlightimage="" highlightimagename="" idMateria="23044132">
  <body>
    <Identifica><![CDATA[ PORTARIA Nº 372, DE 26 DE AGOSTO DE 2025]]></Identifica>
    <Data><![CDATA[]]></Data>
    <Ementa />
    <Titulo />
    <SubTitulo />
    <Texto><![CDATA[<p class="identifica">PORTARIA Nº 372, DE 26 DE AGOSTO DE 2025</p><p>O Superintendente Federal de Agricultura e Pecuaria no Estado de Rondonia, Portaria/SE/MAPA n. 1.324 de 16 de maio de 2023, publicada no Diario Oficial da Uniao de 17 de maio de 2023; no uso da sua competencia que lhe foi atribuida pelo item VII do artigo 292 do regimento interno das Superintendencias Federais de Agricultura, aprovado pela Portaria Ministerial n° 561 de 11 de abril de 2018, publicada no Diario Oficial da Uniao de 13 de abril de 2018; considerando o constante dos autos do processo n 21046.000859/2025-29, resolve:</p><p>Art. 1º - Conceder aposentadoria voluntaria a partir de 01/09/2025, com calculo de provento integral com paridade e fundamento no Art. 3 da EC 47 de 2025, ao servidor GOMES JOSÉ MONTEIRO NETO, matricula Siape: 6017394, Lotacao: ORGAO/UPAG/UORG: 13300/809/000000039 - 1° Sipoa; ocupante do cargo de Auditor Fiscal Federal Agropecuario; classe: S, padrao: V do Quadro de Pessoal Permanente deste Ministerio.</p><p class="assina">ENIO ROBERTO MILANI</p>]]></Texto>
  </body>
  <Midias />
</article></xml>