﻿<xml><article id="45196026" name="PORTARIA NA 2376 DE 22 DE AGOSTO" idOficio="11248710" pubName="DO2" artType="Portaria" pubDate="01/09/2025" artClass="00025:00103:00000:00000:00000:00000:00000:00000:00000:00000:00017:00002" artCategory="Ministério da Educação/Universidade Federal Fluminense" artSize="12" artNotes="" numberPage="34" pdfPage="http://pesquisa.in.gov.br/imprensa/jsp/visualiza/index.jsp?data=01/09/2025&amp;jornal=529&amp;pagina=34" editionNumber="165" highlightType="" highlightPriority="" highlight="" highlightimage="" highlightimagename="" idMateria="23046287">
  <body>
    <Identifica><![CDATA[ PORTARIA Nº 2.376, DE 22 DE AGOSTO DE 2025]]></Identifica>
    <Data><![CDATA[]]></Data>
    <Ementa />
    <Titulo />
    <SubTitulo />
    <Texto><![CDATA[<p class="identifica">PORTARIA Nº 2.376, DE 22 DE AGOSTO DE 2025</p><p>O REITOR da Universidade Federal Fluminense, no uso de suas atribuições, e tendo em vista o que consta do Processo UFF n.º 23069.170324/2021-58, resolve:</p><p>Conceder aposentadoria voluntária a JOÃO LUIZ XAVIER FERREIRA , matrícula SIAPE nº 52993, ocupante do cargo de Médico - PCCTAE, código 647001, Nível de Classificação E, Padrão de Vencimentos 19, do Quadro de Pessoal Permanente desta Universidade, código de vaga 17344, com fundamento no com fundamento no artigo 3º da Emenda Constitucional nº 47/2005, c/c o artigo 3º da Emenda Constitucional nº 103/2019, com proventos integrais, cumulativamente com o adicional por tempo de serviço no percentual de 15% (quinze por cento).</p><p class="assina">ANTONIO CLAUDIO LUCAS DA NOBREGA</p>]]></Texto>
  </body>
  <Midias />
</article></xml>