﻿<xml><article id="45196683" name="Portaria AposentadoriaAgosto2025" idOficio="11247099" pubName="DO2" artType="Portaria" pubDate="01/09/2025" artClass="00025:00165:00026:00000:00000:00000:00000:00000:00000:00000:00017:00001" artCategory="Ministério da Educação/Universidade Federal de Uberlândia/Pró-Reitoria de Gestão de Pessoas" artSize="12" artNotes="" numberPage="53" pdfPage="http://pesquisa.in.gov.br/imprensa/jsp/visualiza/index.jsp?data=01/09/2025&amp;jornal=529&amp;pagina=53" editionNumber="165" highlightType="" highlightPriority="" highlight="" highlightimage="" highlightimagename="" idMateria="23044202">
  <body>
    <Identifica><![CDATA[ Portarias de 25 de Agosto de 2025]]></Identifica>
    <Data><![CDATA[]]></Data>
    <Ementa />
    <Titulo />
    <SubTitulo />
    <Texto><![CDATA[<p class="identifica">Portarias de 25 de Agosto de 2025</p><p>O PRÓ-REITOR DE GESTÃO DE PESSOAS DA UNIVERSIDADE FEDERAL DE UBERLÂNDIA, no uso de suas atribuições delegadas pela Portaria de Pessoal UFU nº 166, de 7 de janeiro de 2025, publicado no D.O.U em 08 de janeiro de 2025, Edição 5, Seção 2, página 34; resolve:</p><p>Nº 5.669 - Art. 1º - Conceder a Elda Moreira Marcelino da Costa, matrícula SIAPE nº 1672563, código de vaga 866638, ocupante do cargo de Assistente em Administração, Classe D, Padrão 018, do Quadro Permanente desta Universidade, aposentadoria voluntária, conforme o art. 4, § 6º, inciso II da EC 103 de 13/11/2019. Os proventos serão calculados com base na média aritmética.(processo 23117.051789/2025-11)</p><p>Nº 5.670 - Art. 1º - Conceder a José Armando Alves, matrícula SIAPE nº 0412058, código de vaga 321853, ocupante do cargo de Armador, Classe B, Padrão 019, do Quadro Permanente desta Universidade, aposentadoria voluntária com proventos integrais, conforme o art. 3º da Emenda Constitucional 47/2005, combinado com o art. 3º da EC 103 de 13/11/2019. (processo 23117.055066/2025-91)</p><p>Nº 5.672 - Art. 1º - Conceder a Arnaldo José Miranda Pelegrine, matrícula SIAPE nº 1123320, código de vaga 708611, ocupante do cargo de Técnico em Enfermagem, Classe D, Padrão 019, do Quadro Permanente desta Universidade, aposentadoria voluntária com proventos integrais, conforme o art. 20, § 2º, inciso I da EC 103 de 13/11/2019 e conversão de período com base no Tema 942 do Supremo Tribunal Federal. (processo 23117.056483/2025-51)</p><p>Nº 5.673 - Art. 1º - Conceder a Odair Batista de Assunção, matrícula SIAPE nº 0413153, código de vaga 322906, ocupante do cargo de Técnico de Laboratório-Área, Classe D, Padrão 019, do Quadro Permanente desta Universidade, aposentadoria voluntária com proventos integrais, conforme o art. 20, § 2º, inciso I da EC 103 de 13/11/2019. (processo 23117.056402/2025-13)</p><p>Nº 5.674 - Art. 1º - Conceder a Cacildo Donizete da Silva, matrícula SIAPE nº 0413384, código de vaga 323129, ocupante do cargo de Vigilante, Classe D, Padrão 019, do Quadro Permanente desta Universidade, aposentadoria voluntária com proventos integrais, conforme o art. 3º da Emenda Constitucional 47/2005, combinado com o art. 3º da EC 103 de 13/11/2019 e saldo de Licença Prêmio de 90 dias.(processo 23117. 055746/2025-13)</p><p>Nº 5.675 - Art. 1º - Conceder a Alex Oliveira de Sousa, matrícula SIAPE nº 1187107, código de vaga 620689, ocupante do cargo de Médico-PCCTAE, Classe E, Padrão 019, do Quadro Permanente desta Universidade, aposentadoria voluntária com proventos integrais, conforme o art. 20, § 2º, inciso I da EC 103 de 13/11/2019 e conversão de período com base no Tema 942 do Supremo Tribunal Federal.( processo 23117.055073/2025-93)</p><p>Art. 2º - Esta portaria entra em vigor na data de sua publicação no Diário Oficial da União-DOU.</p><p class="assina">Sebastião Elias da Silveira</p>]]></Texto>
  </body>
  <Midias />
</article></xml>