﻿<xml><article id="45199739" name="portaria mps NA 1709" idOficio="11253599" pubName="DO2" artType="Portaria" pubDate="01/09/2025" artClass="00044:00001:00000:00000:00000:00000:00000:00000:00000:00000:00017:00004" artCategory="Ministério da Previdência Social/Gabinete do Ministro" artSize="12" artNotes="" numberPage="72" pdfPage="http://pesquisa.in.gov.br/imprensa/jsp/visualiza/index.jsp?data=01/09/2025&amp;jornal=529&amp;pagina=72" editionNumber="165" highlightType="" highlightPriority="" highlight="" highlightimage="" highlightimagename="" idMateria="23054449">
  <body>
    <Identifica><![CDATA[ PORTARIA MPS Nº 1.709, DE 26 DE AGOSTO DE 2025]]></Identifica>
    <Data><![CDATA[]]></Data>
    <Ementa />
    <Titulo />
    <SubTitulo />
    <Texto><![CDATA[<p class="identifica">PORTARIA MPS Nº 1.709, DE 26 DE AGOSTO DE 2025</p><p>A CHEFE DE GABINETE DO MINISTÉRIO DA PREVIDÊNCIA SOCIAL - MPS, no uso das atribuições que lhe confere o Decreto nº 11.356, de 1º de janeiro de 2023, e considerando a subdelegação de competência de que trata o art. 7º da Portaria MPS nº 1.109, de 06 de maio de 2025, bem como o contido no Processo nº 10128.037726/2025-81, resolve:</p><p>Designar ELIZABETH SUNDIN PEREIRA, matrícula SIAPE nº 0.751.716, para exercer o encargo de substituta eventual da Função Comissionada Executiva de Chefe do Núcleo de Apoio à 16ª Junta de Recursos - PR, código FCE 1.01, da 16ª Junta de Recursos - PR, do Conselho de Recursos da Previdência Social, deste Ministério, nos afastamentos, impedimentos legais ou regulamentares do titular e na vacância da função.</p><p class="assina">LOUISE CAROLINE SANTOS DE LIMA E SILVA</p>]]></Texto>
  </body>
  <Midias />
</article></xml>