﻿<xml><article id="45199613" name="PORTARIA N 259_23054366" idOficio="11253574" pubName="DO2" artType="Portaria" pubDate="01/09/2025" artClass="00015:00030:00000:00000:00000:00000:00000:00000:00000:00000:00017:00000" artCategory="Ministério da Cultura/Fundação Cultural Palmares" artSize="12" artNotes="" numberPage="10" pdfPage="http://pesquisa.in.gov.br/imprensa/jsp/visualiza/index.jsp?data=01/09/2025&amp;jornal=529&amp;pagina=10" editionNumber="165" highlightType="" highlightPriority="" highlight="" highlightimage="" highlightimagename="" idMateria="23054366">
  <body>
    <Identifica><![CDATA[ PORTARIA De Pessoal Nº 259, DE 28 DE AGOSTO DE 2025]]></Identifica>
    <Data><![CDATA[]]></Data>
    <Ementa />
    <Titulo />
    <SubTitulo />
    <Texto><![CDATA[<p class="identifica">PORTARIA De Pessoal Nº 259, DE 28 DE AGOSTO DE 2025</p><p>O PRESIDENTE DA FUNDAÇÃO CULTURAL PALMARES, no uso de suas atribuições conferidas pelo art. 19, do Decreto nº 11.203, de 21 de setembro de 2022, publicado no Diário Oficial da União de 22 de setembro de 2022, seção 1, pág. 14, e em conformidade com as atribuições que lhe foram delegadas pela Portaria MinC nº 185, de 26 de fevereiro 2025 publicada no Diário Oficial da União de 27 de fevereiro de 2025, e em consonância com as disposições contidas no art. 38 da Lei 8.112/90, resolve:</p><p>Art. 1º Designar o servidor RAFAEL CATUNDA COELHO, matrícula SIAPE nº 3491366, para exercer o encargo de substituto eventual do Cargo Comissionado Executivo de Coordenador de Comunicação, código CCE 1.10, da Fundação Cultural Palmares, nos afastamentos, impedimentos legais ou regulamentares do titular.</p><p class="assina">João Jorge Santos Rodrigues</p>]]></Texto>
  </body>
  <Midias />
</article></xml>