﻿<xml><article id="45200363" name="Portaria gestor substituto CR XI" idOficio="11253885" pubName="DO2" artType="Portaria" pubDate="01/09/2025" artClass="00043:00020:00119:00000:00000:00000:00000:00000:00000:00000:00017:00000" artCategory="Ministério dos Povos Indígenas/Fundação Nacional dos Povos Indígenas/Coordenação Regional Xingu" artSize="12" artNotes="" numberPage="72" pdfPage="http://pesquisa.in.gov.br/imprensa/jsp/visualiza/index.jsp?data=01/09/2025&amp;jornal=529&amp;pagina=72" editionNumber="165" highlightType="" highlightPriority="" highlight="" highlightimage="" highlightimagename="" idMateria="23054884">
  <body>
    <Identifica><![CDATA[ PORTARIA DE PESSOAL FUNAI Nº 791, DE 28 DE AGOSTO DE 2025]]></Identifica>
    <Data><![CDATA[]]></Data>
    <Ementa />
    <Titulo />
    <SubTitulo />
    <Texto><![CDATA[<p class="identifica">PORTARIA DE PESSOAL FUNAI Nº 791, DE 28 DE AGOSTO DE 2025</p><p>A PRESIDENTA DA FUNDAÇÃO NACIONAL DOS POVOS INDÍGENAS - FUNAI, no uso das atribuições que lhe conferem pelo Decreto n.º 11.226, de 7 de outubro de 2022, combinando com o Decreto n.º 10.193, de 27 de dezembro 2019, a Portaria GM/MPI nº 17, de 16 de janeiro de 2024 e a Portaria CC/PR n.º 1.459, de 1º de fevereiro de 2023, resolve:</p><p>Art. 1º Designar a servidora AIARA CRISTINA PEREIRA COGO, Matrícula SIAPE n° 3487699, para atuar como Gestora Financeira Substituta no âmbito da Coordenação Regional do Xingu.</p><p>Art. 2° Revogar a Portaria nº 839, publicada no Diário Oficial da União de 13 de dezembro de 2023.</p><p>Art. 3° Esta Portaria entra em vigor na data de sua publicação.</p><p class="assina">JOENIA WAPICHANA</p>]]></Texto>
  </body>
  <Midias />
</article></xml>