﻿<xml><article id="45199580" name="PORTARIA N 321_23054344" idOficio="11253552" pubName="DO2" artType="Portaria" pubDate="01/09/2025" artClass="00025:00116:00001:00000:00000:00000:00000:00000:00000:00000:00017:00000" artCategory="Ministério da Educação/Universidade Federal da Paraíba/Reitoria" artSize="12" artNotes="" numberPage="37" pdfPage="http://pesquisa.in.gov.br/imprensa/jsp/visualiza/index.jsp?data=01/09/2025&amp;jornal=529&amp;pagina=37" editionNumber="165" highlightType="" highlightPriority="" highlight="" highlightimage="" highlightimagename="" idMateria="23054344">
  <body>
    <Identifica><![CDATA[ PORTARIA PROGEP-DLCP Nº 321, DE 21 DE AGOSTO DE 2025]]></Identifica>
    <Data><![CDATA[]]></Data>
    <Ementa />
    <Titulo />
    <SubTitulo />
    <Texto><![CDATA[<p class="identifica">PORTARIA PROGEP-DLCP Nº 321, DE 21 DE AGOSTO DE 2025</p><p>A REITORA EM EXERCÍCIO DA UNIVERSIDADE FEDERAL DA PARAÍBA, no uso de suas atribuições conferidas pelo Artigo 38, inciso IX, do Estatuto da UFPB, e tendo em vista o que consta no Processo nº 23074.039299/2025-65, resolve:</p><p>Aposentar, por incapacidade permanente, o(a) servidor(a) MARTA PENNER DA CUNHA, matrícula SIAPE nº 1551003 , ocupante do cargo de PROFESSOR DO MAGISTERIO SUPERIOR, Classe A, Padrão de Vencimento 1, com o adicional de tempo de serviço de 0%, pertencente ao Quadro Permanente de Pessoal desta Universidade, com lotação no(a) CCTA - DEPARTAMENTO DE ARTES VISUAIS, de acordo com o §1º, inciso II do art. 10 da EC nº 103/2019, com os proventos calculados com base no art. 26, §2º, inciso I da EC 103/2019.</p><p class="assina">MONICA NOBREGA</p>]]></Texto>
  </body>
  <Midias />
</article></xml>