﻿<xml><article id="45200567" name="Port-de-pessoal nA 258_2025" idOficio="11253926" pubName="DO2" artType="Portaria" pubDate="01/09/2025" artClass="00035:00045:00000:00000:00000:00000:00000:00000:00000:00000:00017:00000" artCategory="Ministério de Minas e Energia/Agência Nacional do Petróleo, Gás Natural e Biocombustíveis" artSize="12" artNotes="" numberPage="68" pdfPage="http://pesquisa.in.gov.br/imprensa/jsp/visualiza/index.jsp?data=01/09/2025&amp;jornal=529&amp;pagina=68" editionNumber="165" highlightType="" highlightPriority="" highlight="" highlightimage="" highlightimagename="" idMateria="23055001">
  <body>
    <Identifica><![CDATA[ PORTARIA DE PESSOAL ANP Nº 258, DE 28 DE AGOSTO DE 2025]]></Identifica>
    <Data><![CDATA[]]></Data>
    <Ementa />
    <Titulo />
    <SubTitulo />
    <Texto><![CDATA[<p class="identifica">PORTARIA DE PESSOAL ANP Nº 258, DE 28 DE AGOSTO DE 2025</p><p>O DIRETOR-GERAL DA AGÊNCIA NACIONAL DO PETRÓLEO, GÁS NATURAL E BIOCOMBUSTÍVEIS - ANP, no uso das atribuições que lhe foram conferidas pela Portaria ANP nº 308, de 16 de junho de 2025, publicada no Diário Oficial da União de 17 de junho de 2025, seção 2, página 42, resolve:</p><p>Nomear THAINA SOUZA DE ABREU, CPF nº ***.298.737-**, para exercer o Cargo Comissionado de Assistência, Código CAS II, de Assistente de Regulação da Medição da Produção, no Núcleo de Fiscalização da Medição da Produção de Petróleo e Gás Natural, no Escritório Central da Agência Nacional do Petróleo, Gás Natural e Biocombustíveis - ANP, na cidade do Rio de Janeiro. (Processo SEI nº 48610.001913/2014-03 e Decisão de Diretoria nº 522, de 18 de agosto de 2025).</p><p class="assina">BRUNO CONDE CASELLI</p>]]></Texto>
  </body>
  <Midias />
</article></xml>