﻿<xml><article id="45196005" name="DOU_PR_1102" idOficio="11252366" pubName="DO2" artType="Portaria" pubDate="01/09/2025" artClass="00040:00024:00000:00000:00000:00000:00000:00000:00000:00000:00017:00004" artCategory="Ministério do Planejamento e Orçamento/Fundação Instituto Brasileiro de Geografia e Estatística" artSize="12" artNotes="" numberPage="69" pdfPage="http://pesquisa.in.gov.br/imprensa/jsp/visualiza/index.jsp?data=01/09/2025&amp;jornal=529&amp;pagina=69" editionNumber="165" highlightType="" highlightPriority="" highlight="" highlightimage="" highlightimagename="" idMateria="23052702">
  <body>
    <Identifica><![CDATA[ PORTARIA Nº 1.102 DE 28 DE AGOSTO DE 2025]]></Identifica>
    <Data><![CDATA[]]></Data>
    <Ementa />
    <Titulo />
    <SubTitulo />
    <Texto><![CDATA[<p class="identifica">PORTARIA Nº 1.102 DE 28 DE AGOSTO DE 2025</p><p>O PRESIDENTE da FUNDAÇÃO INSTITUTO BRASILEIRO DE GEOGRAFIA E ESTATÍSTICA-IBGE, usando de suas atribuições legais e regulamentares, resolve:</p><p>Dispensar LEONARDO HENRIQUE SANTOS TULIO, CPF nº XXX.597.939-XX, da função comissionada executiva de Chefe de Agência Nível I, do(a) Agência do IBGE em Santo Antônio da Platina, do(a) Superintendência Estadual do IBGE no Paraná, FCE - 1.2, desta Fundação, a partir de 01/09/2025.</p><p class="assina">MARCIO POCHMANN</p>]]></Texto>
  </body>
  <Midias />
</article></xml>