﻿<xml><article id="45199748" name="Port244-2025-MB-MD" idOficio="11253635" pubName="DO2" artType="Portaria" pubDate="01/09/2025" artClass="00016:00012:00001:00000:00000:00000:00000:00000:00000:00000:00017:00000" artCategory="Ministério da Defesa/Comando da Marinha/Gabinete do Comandante" artSize="12" artNotes="" numberPage="12" pdfPage="http://pesquisa.in.gov.br/imprensa/jsp/visualiza/index.jsp?data=01/09/2025&amp;jornal=529&amp;pagina=12" editionNumber="165" highlightType="" highlightPriority="" highlight="" highlightimage="" highlightimagename="" idMateria="23054427">
  <body>
    <Identifica><![CDATA[ PORTARIA Nº 244/MB/MD, DE 28 DE AGOSTO DE 2025]]></Identifica>
    <Data><![CDATA[]]></Data>
    <Ementa />
    <Titulo />
    <SubTitulo />
    <Texto><![CDATA[<p class="identifica">PORTARIA Nº 244/MB/MD, DE 28 DE AGOSTO DE 2025</p><p>O COMANDANTE DA MARINHA, no uso das atribuições que lhe são conferidas pelo art. 1° da Portaria Normativa n° 5/MD, de 5 de abril de 2016, publicada no Diário Oficial da União n° 80, de 28 de abril de 2016, Seção 1, página 56, e pelo inciso VIII do art. 1° do Decreto n° 8.798, de 4 de julho de 2016, combinado com o art. 4° da Lei Complementar n° 97, de 9 de junho de 1999, e em consonância com o Parágrafo único do art. 1° do Decreto n° 72.021, de 28 de março de 1973, resolve:</p><p>Art. 1° Nomear, por necessidade do serviço, os militares a seguir relacionados, para exercerem as funções junto às representações diplomáticas no exterior, pelo prazo de dois anos, contado a partir da data do início da missão:</p><p>I - Auxiliar do Adido Naval em Portugal, o SO-MO 98.0348.04 OTAVIO JOSÉ CORREIA NETO, exonerando o SO-MO 06.8007.26 ANTONIO PANTOJA BRABO JUNIOR;</p><p>II - Auxiliar do Adido de Defesa e Naval no Reino Unido, na Noruega e na Finlândia, o SO-PL 97.0192.91 KLEBER DE JESUS SANTOS, exonerando o SO-ES 87.1447.94 MARINALDO SILVA PINTO;</p><p>III - Auxiliar do Adido de Defesa e Naval na República Federal da Alemanha e nos Países Baixos, o SO-MO 98.0344.72 FÁBIO RODRIGO SOARES FREIRE DA COSTA, exonerando o SO-PL 95.0368.14 EDUARDO THEOTONIO CUNHA;</p><p>IV - Auxiliar do Adido Naval na França e na Bélgica, o SO-AM 98.0349.10 MANAÍM JUDAICO DA SILVA JÚNIOR, exonerando o SO-MR-SB 95.0117.22 CRISTIANO ZUIM CERQUEIRA; e</p><p>V - Auxiliar do Adido Naval nos Estados Unidos da América, o SO-HN 96.1153.19 ÍCARO DA SILVA BORGES, exonerando o SO-AM 87.1341.44 ROBERTO BITTENCOURT DE OLIVEIRA.</p><p>Parágrafo único. As missões especificadas neste artigo são enquadradas como permanentes, diplomáticas, com mudança de sede, com dependentes e com duração igual ou superior a dois anos, de acordo com a alínea a do inciso I e alínea a do inciso II do art. 3° e art. 4° da Lei n° 5.809, de 10 de outubro de 1972, regulamentada pelo Decreto n° 71.733, de 18 de janeiro de 1973.</p><p>Art. 2° Exonerar, por necessidade do serviço, o SO-CI 87.1336.44 LEOVIGILDO DA SILVEIRA SANTOS JUNIOR, em agosto de 2026, da função de Auxiliar do Adido de Defesa, Naval, do Exército e Aeronáutico nos Emirados Árabes Unidos, na Arábia Saudita e no Iraque.</p><p>Art. 3° Exonerar, por necessidade do serviço, o SO-MR 87.1333.77 WANDER ALVI DE SOUSA FERREIRA, em dezembro de 2026, da função de Auxiliar do Adido de Defesa, Naval e Aeronáutico no Equador.</p><p>Art. 4° Para o cálculo do valor-limite do auxílio-moradia no exterior, tomando-se como base o anexo I da Portaria GM-MD n° 4.685, de 19 de setembro de 2023, publicada no Diário Oficial da União n° 187, de 29 de setembro de 2023, Seção 1, páginas 51 e 52, e o anexo 37 do Guia de Administração dos Postos, aprovado pela Portaria n° 402 do Ministro de Estado das Relações Exteriores, de 22 de julho de 2022, publicada no Diário Oficial da União n° 139, de 25 de julho de 2022, Seção 1, página 147, e alterado pela Portaria n° 494 do Ministro de Estado das Relações Exteriores, de 20 de novembro de 2023, publicada no Diário Oficial da União n° 220, de 21 de novembro de 2023, Seção 1, página 104, ficam fixados os seguintes parâmetros:</p><p>I - SO-MO 98.0348.04 OTAVIO JOSÉ CORREIA NETO, índice 70 e fator de conversão 54;</p><p>II - SO-PL 97.0192.91 KLEBER DE JESUS SANTOS, índice 70 e fator de conversão 100;</p><p>III - SO-MO 98.0344.72 FÁBIO RODRIGO SOARES FREIRE DA COSTA, índice 70 e fator de conversão 58;</p><p>IV - SO-AM 98.0349.10 MANAÍM JUDAICO DA SILVA JÚNIOR, índice 70 e fator de conversão 77; e</p><p>V - SO-HN 96.1153.19 ÍCARO DA SILVA BORGES, índice 70 e fator de conversão 68.</p><p>Art. 5° Esta Portaria entra em vigor na presente data.</p><p class="assina">MARCOS SAMPAIO OLSEN</p>]]></Texto>
  </body>
  <Midias />
</article></xml>