﻿<xml><article id="45199724" name="Portaria MPS NA 1.720" idOficio="11253599" pubName="DO2" artType="Portaria" pubDate="01/09/2025" artClass="00044:00001:00000:00000:00000:00000:00000:00000:00000:00000:00017:00014" artCategory="Ministério da Previdência Social/Gabinete do Ministro" artSize="12" artNotes="" numberPage="73" pdfPage="http://pesquisa.in.gov.br/imprensa/jsp/visualiza/index.jsp?data=01/09/2025&amp;jornal=529&amp;pagina=73" editionNumber="165" highlightType="" highlightPriority="" highlight="" highlightimage="" highlightimagename="" idMateria="23054448">
  <body>
    <Identifica><![CDATA[ PORTARIA MPS Nº 1.720, DE 28 DE AGOSTO DE 2025]]></Identifica>
    <Data><![CDATA[]]></Data>
    <Ementa />
    <Titulo />
    <SubTitulo />
    <Texto><![CDATA[<p class="identifica">PORTARIA MPS Nº 1.720, DE 28 DE AGOSTO DE 2025</p><p>A CHEFE DE GABINETE DO MINISTÉRIO DA PREVIDÊNCIA SOCIAL - MPS, no uso das atribuições que lhe confere o Decreto nº 11.356, de 1º de janeiro de 2023, e considerando a subdelegação de competência de que trata o art. 7º da Portaria MPS nº 1.109, de 06 de maio de 2025, bem como o contido no Processo nº 10128.036962/2025-81, resolve:</p><p>Designar IZABEL FERNANDES GOMES, matrícula SIAPE nº 1.886.596, e SÉRGIO HENRIQUE DA SILVA SANTOS, matrícula SIAPE nº 1.177.111, para, nesta ordem e sucessivamente, exercerem o encargo de substituto eventual da Função Comissionada Executiva de Coordenador-Geral de Monitoramento de Benefícios por Incapacidade, código FCE 1.13, do Departamento de Políticas de Saúde e Segurança Ocupacional, da Secretaria de Regime Geral de Previdência Social, deste Ministério, nos afastamentos, impedimentos legais ou regulamentares do titular e na vacância da função, ficando revogada a Portaria MPS nº 3.891, de 13 de dezembro de 2024, publicada no Diário Oficial da União de 18 de dezembro de 2024, Edição 243, Seção 2, Página 46.</p><p class="assina">LOUISE CAROLINE SANTOS DE LIMA E SILVA</p>]]></Texto>
  </body>
  <Midias />
</article></xml>