﻿<xml><article id="45201358" name="srh 2122p" idOficio="11254061" pubName="DO2" artType="Portaria" pubDate="01/09/2025" artClass="00025:00097:00000:00000:00000:00000:00000:00000:00000:00000:00017:00000" artCategory="Ministério da Educação/Universidade Federal de Campina Grande" artSize="12" artNotes="" numberPage="33" pdfPage="http://pesquisa.in.gov.br/imprensa/jsp/visualiza/index.jsp?data=01/09/2025&amp;jornal=529&amp;pagina=33" editionNumber="165" highlightType="" highlightPriority="" highlight="" highlightimage="" highlightimagename="" idMateria="23055165">
  <body>
    <Identifica><![CDATA[ PORTARIAS R/SRH Nº 2.122, DE 25 DE AGOSTO DE 2025]]></Identifica>
    <Data><![CDATA[]]></Data>
    <Ementa />
    <Titulo />
    <SubTitulo />
    <Texto><![CDATA[<p class="identifica">PORTARIAS R/SRH Nº 2.122, DE 25 DE AGOSTO DE 2025</p><p>O REITOR DA UNIVERSIDADE FEDERAL DE CAMPINA GRANDE, tendo em vista a Lei n.º 10.419, de 09 de abril de 2002 (D.O.U. de 10/04/02) e o Decreto do Presidente da República de 14 de fevereiro de 2025, publicado no Diário Oficial da União (DOU), Edição Extra 32-A, Seção 2 - Extra A, p. 1), no uso de suas atribuições, resolve:</p><p>Autorizar o afastamento de curtíssima duração da servidora ADRIANA SALETE DANTAS DE FARIAS, matrícula SIAPE 2337293, Cargo: Professor de Magistério Superior, com lotação na Unidade Acadêmica de Administração e Contabilidade do Centro de Humanidades da UFCG, para participar do XI Simpósio Ibero-Americano de Engenharia de Resíduos: por um futuro sustentável e resiliente, onde apresentará dois trabalhos(Caracterização de Resíduos Sólidos Coletados na Região Semiárida do Estado da Paraíba/Brasil e Avaliação da poluição em praias do Brasil: resíduos e impactos na biodiversidade), na Universidad de Cartagena em Cartagena de Índias - Colômbia, durante o período de 01/09/2025 a 07/09/2025, com ônus para a UFCG. (Parecer SEI Nº 497/2025/CPPD/REITORIA, e no que consta no processo nº 23096.050675/2025-40)</p><p class="assina">CAMILO ALLYSON SIMÕES DE FARIAS</p>]]></Texto>
  </body>
  <Midias />
</article></xml>