﻿<xml><article id="45201595" name="PORTARIA - DAP DGP C Ex NA 793 D" idOficio="11254125" pubName="DO2" artType="Portaria" pubDate="01/09/2025" artClass="00016:00011:00029:00010:00000:00000:00000:00000:00000:00000:00017:00000" artCategory="Ministério da Defesa/Comando do Exército/Departamento-Geral do Pessoal/Diretoria de Assistência ao Pessoal" artSize="12" artNotes="" numberPage="10" pdfPage="http://pesquisa.in.gov.br/imprensa/jsp/visualiza/index.jsp?data=01/09/2025&amp;jornal=529&amp;pagina=10" editionNumber="165" highlightType="" highlightPriority="" highlight="" highlightimage="" highlightimagename="" idMateria="23055265">
  <body>
    <Identifica><![CDATA[ PORTARIA - DAP/DGP/C Ex Nº 793, DE 29 DE AGOSTO DE 2025]]></Identifica>
    <Data><![CDATA[]]></Data>
    <Ementa />
    <Titulo />
    <SubTitulo />
    <Texto><![CDATA[<p class="identifica">PORTARIA - DAP/DGP/C Ex Nº 793, DE 29 DE AGOSTO DE 2025</p><p>O DIRETOR DE ASSISTÊNCIA AO PESSOAL, no uso da competência que lhe foi subdelegada pela Portaria - DGP/C Ex nº 458, de 10 de agosto de 2023, e de acordo com o inciso IV do art. 98 da Lei nº 6.880, de 9 de dezembro de 1980, resolve:</p><p>TRANSFERIR, de ofício, para a reserva remunerada, a partir de 31 de agosto de 2025, os militares abaixo relacionados, com a remuneração a que fazem jus, observados os art. 12 e 15 da Lei nº 13.954, de 16 de dezembro de 2019:</p><p /><p></p><table><tr><td rowspan="1" colspan="1"><p>POSTO</p></td><td rowspan="1" colspan="1"><p>IDENTIDADE</p></td><td rowspan="1" colspan="1"><p>NOME</p></td><td rowspan="1" colspan="1"><p>OM DE ORIGEM</p></td></tr><tr><td rowspan="1" colspan="1"><p>Cel Farm</p></td><td rowspan="1" colspan="1"><p>(011388334-2)</p></td><td rowspan="1" colspan="1"><p>ANDRÉ LUÍS MERIANO FIGUEIREDO</p></td><td rowspan="1" colspan="1"><p>IBEx;</p></td></tr><tr><td rowspan="1" colspan="1"><p>Cel QEM</p></td><td rowspan="1" colspan="1"><p>(011283664-8)</p></td><td rowspan="1" colspan="1"><p>BRUNO BEZERRA DE MELO</p></td><td rowspan="1" colspan="1"><p>DOM;</p></td></tr><tr><td rowspan="1" colspan="1"><p>Cel Inf</p></td><td rowspan="1" colspan="1"><p>(056318703-8)</p></td><td rowspan="1" colspan="1"><p>EMERSON DENI DA SILVA</p></td><td rowspan="1" colspan="1"><p>MD;</p></td></tr><tr><td rowspan="1" colspan="1"><p>Cel Dent</p></td><td rowspan="1" colspan="1"><p>(085828613-1)</p></td><td rowspan="1" colspan="1"><p>GIANCARLO UMILE ZANINI</p></td><td rowspan="1" colspan="1"><p>Cmdo 1ª RM;</p></td></tr><tr><td rowspan="1" colspan="1"><p>Cel Int</p></td><td rowspan="1" colspan="1"><p>(018736843-6)</p></td><td rowspan="1" colspan="1"><p>LEONARDO PINHEIRO RUA</p></td><td rowspan="1" colspan="1"><p>GSIPr;</p></td></tr><tr><td rowspan="1" colspan="1"><p>Cel Art</p></td><td rowspan="1" colspan="1"><p>(028817923-7)</p></td><td rowspan="1" colspan="1"><p>MARCOS VINICIUS CESARIO LIMA</p></td><td rowspan="1" colspan="1"><p>MD;</p></td></tr><tr><td rowspan="1" colspan="1"><p>Cel QEM</p></td><td rowspan="1" colspan="1"><p>(011318704-1)</p></td><td rowspan="1" colspan="1"><p>REINALDO TEIXEIRA DELFINO</p></td><td rowspan="1" colspan="1"><p>IME; e</p></td></tr><tr><td rowspan="1" colspan="1"><p>Cel Int</p></td><td rowspan="1" colspan="1"><p>(028816103-7)</p></td><td rowspan="1" colspan="1"><p>RONALDO DA COSTA GONÇALVES</p></td><td rowspan="1" colspan="1"><p>MD.</p></td></tr></table><p class="assina">Gen Bda MÁRCIO COSSICH TRINDADE</p>]]></Texto>
  </body>
  <Midias />
</article></xml>