﻿<xml><article id="45196119" name="Portaria UGEP 6418_12284745" idOficio="11247067" pubName="DO2" artType="Portaria" pubDate="01/09/2025" artClass="00070:00069:00070:00001:00001:00000:00000:00000:00000:00000:00017:00000" artCategory="Poder Judiciário/Justiça Federal/3ª Região/Seção Judiciária em São Paulo/Diretoria do Foro" artSize="12" artNotes="" numberPage="118" pdfPage="http://pesquisa.in.gov.br/imprensa/jsp/visualiza/index.jsp?data=01/09/2025&amp;jornal=529&amp;pagina=118" editionNumber="165" highlightType="" highlightPriority="" highlight="" highlightimage="" highlightimagename="" idMateria="23044135">
  <body>
    <Identifica><![CDATA[ Portaria UGEP DFORSP/SADM-SP/UGEP/DUIP/SUIG Nº 6.418, de 22 de agosto de 2025]]></Identifica>
    <Data><![CDATA[]]></Data>
    <Ementa />
    <Titulo />
    <SubTitulo />
    <Texto><![CDATA[<p class="identifica">Portaria UGEP DFORSP/SADM-SP/UGEP/DUIP/SUIG Nº 6.418, de 22 de agosto de 2025</p><p>A JUÍZA FEDERAL DIRETORA DO FORO E CORREGEDORA PERMANENTE DOS SERVIÇOS AUXILIARES DA JUSTIÇA FEDERAL DE PRIMEIRO GRAU EM SÃO PAULO, em exercício, no uso de suas atribuições legais e regulamentares, tendo em vista o que consta no Processo Administrativo nº 0012160-17.2025.4.03.8001, e</p><p>CONSIDERANDO os termos do Ofício nº 3 (12261425), de 18 de agosto de 2025, do Diretor da Subsecretaria de Contratação de Serviços Administrativos e Aquisições, em exercício;</p><p>CONSIDERANDO o cumprimento das exigências contidas na Resolução CNJ nº 156/2012, relativas à entrega de certidões ou declarações negativas, conforme disposto no art.5º, § 1º e o cumprimento da exigência contida na Lei 8.429/92, na Lei 8.730/93 e IN 87/2020-TCU, relativas à autorização de acesso à Declaração de Imposto de Renda pelo TCU (docs.12284681);</p><p>CONSIDERANDO o cumprimento da exigência contida na Resolução CNJ nº 7/2005, no Enunciado Administrativo CNJ nº 1 de 15/12/2005, na Lei 8.112/90 e na Lei 11.416/06, quanto à entrega da Declaração de Nepotismo (doc. 12278860); resolve:</p><p>I - EXONERAR a servidora CINTIA DE PAULA GROHMANN PENAFORT, RF 3806, Técnico Judiciário, Área Administrativa, do cargo em comissão (CJ-1) de Diretora de Divisão de Serviços Administrativos (DISD), da Subsecretaria de Contratação de Serviços Administrativos e Aquisições (UMAD), a partir de 01/09/2025;</p><p>II - NOMEAR o servidor RENAN STELZER SOARES, RF 8745, Técnico Judiciário, Área Administrativa, para o cargo em comissão (CJ-1) de Diretor de Divisão de Serviços Administrativos (DISD), da Subsecretaria de Contratação de Serviços Administrativos e Aquisições (UMAD), a partir de 01/09/2025.</p><p class="assina">SILVIA MELO DA MATTA</p>]]></Texto>
  </body>
  <Midias />
</article></xml>