﻿<xml><article id="45196884" name="ANANDA MARTON MORETTI.PORT 243.D" idOficio="11241963" pubName="DO2" artType="Portaria" pubDate="01/09/2025" artClass="00029:00003:00000:00000:00000:00000:00000:00000:00000:00000:00017:00003" artCategory="Ministério da Gestão e da Inovação em Serviços Públicos/Arquivo Nacional" artSize="12" artNotes="" numberPage="56" pdfPage="http://pesquisa.in.gov.br/imprensa/jsp/visualiza/index.jsp?data=01/09/2025&amp;jornal=529&amp;pagina=56" editionNumber="165" highlightType="" highlightPriority="" highlight="" highlightimage="" highlightimagename="" idMateria="23034586">
  <body>
    <Identifica><![CDATA[ PORTARIA DE PESSOAL AN/MGI Nº 243, DE 22 DE AGOSTO DE 2025]]></Identifica>
    <Data><![CDATA[]]></Data>
    <Ementa />
    <Titulo />
    <SubTitulo />
    <Texto><![CDATA[<p class="identifica">PORTARIA DE PESSOAL AN/MGI Nº 243, DE 22 DE AGOSTO DE 2025</p><p>A DIRETORA-GERAL ADJUNTA DO ARQUIVO NACIONAL DO MINISTÉRIO DA GESTÃO E DA INOVAÇÃO EM SERVIÇOS PÚBLICOS, no uso da competência atribuída pelo Art. 11, da Portaria MGI nº 572, de 8 de março de 2023, publicada no Diário Oficial da União de 9 de março de 2023 e Portaria AN/MGI nº 205, de 21 de janeiro de 2025, publicada no Diário Oficial da União de 27 de janeiro de 2025, considerando o que consta do Processo nº 08227.002205/2025-43, resolve:</p><p>Art. 1º. Designar ANANDA MARTON MORETTI, Matrícula SIAPE nº 1769852, para exercer a Função Comissionada Executiva de Chefe do Serviço de Processamento Técnico do Acervo, Código FCE 1.06, da Divisão de Processamento Técnico e Preservação de Acervo da Coordenação de Processamento Técnico, Preservação e Acesso ao Acervo da Superintendência Regional no Distrito Federal do Arquivo Nacional.</p><p>Art. 2º. Esta portaria de pessoal AN entra em vigor a partir da data de sua publicação.</p><p class="assina">SHEILA CHRISTINA MUELLER MELLO</p>]]></Texto>
  </body>
  <Midias />
</article></xml>