﻿<xml><article id="45196986" name="PT DCOMB RPPU N 756 RODOLFO MARC" idOficio="11253094" pubName="DO2" artType="Portaria" pubDate="01/09/2025" artClass="00044:00018:00081:00275:00002:00005:00000:00000:00000:00000:00017:00040" artCategory="Ministério da Previdência Social/Instituto Nacional do Seguro Social/Diretoria de Gestão de Pessoas/Coordenação-Geral de Centralização do Regime Próprio de Previdência Social da União/Coordenação de Atendimento do RPPU/Divisão de Concessão e Manutenção de Benefícios do RPPU" artSize="12" artNotes="" numberPage="77" pdfPage="http://pesquisa.in.gov.br/imprensa/jsp/visualiza/index.jsp?data=01/09/2025&amp;jornal=529&amp;pagina=77" editionNumber="165" highlightType="" highlightPriority="" highlight="" highlightimage="" highlightimagename="" idMateria="23053877">
  <body>
    <Identifica><![CDATA[ Portaria DCOMB-RPPU/INSS Nº 756, DE 28 DE agosto DE 2025]]></Identifica>
    <Data><![CDATA[]]></Data>
    <Ementa />
    <Titulo />
    <SubTitulo />
    <Texto><![CDATA[<p class="identifica">Portaria DCOMB-RPPU/INSS Nº 756, DE 28 DE agosto DE 2025</p><p>A CHEFE DA DIVISÃO DE CONCESSÃO E MANUTENÇÃO DE BENEFÍCIOS DO RPPU- SUBSTITUTA, da Coordenação de Atendimento do RPPU, vinculada à Coordenação-Geral de Centralização do Regime Próprio de Previdência Social da União, da Diretoria de Gestão de Pessoas do INSS, no uso das atribuições e a delegação de competência estabelecida pela PORTARIA DGP/INSS Nº 05 de 18/04/2022, publicada em BSE de 19/04/2022 e na PORTARIA MPS Nº 3.851, de 10/12/2024, publicada em DOU Nº 240 de 13/12/2024 e Portaria/DGP /INSS nº 77, de 24/07/2025, publicada no BSE em 28/07/2025, conforme o constante no processo SEI nº 35014.307304/2025-97 e Tarefa GET nº 677133216, e na forma da legislação vigente, resolve:</p><p>Art. 1º Conceder Pensão a RODOLFO MARCIO ALLE na qualidade de cônjuge, da ex-servidora SYLA FERNANDES ALLE matrícula SIAPE nº 0891476, ocupante do cargo de Procurador Federal, Classe S, Padrão CAT, do quadro de pessoal do Instituto Nacional do Seguro Social, falecida Aposentada em 31/07/2025, com fundamento no inciso I, do art. 3º da Portaria SGP/SEDGG/ME Nº 4645, de 24 de maio de 2022, c/c o art. 217 inciso I, da Lei nº 8.112, de 11 de dezembro de 1990, e art. 23 da Emenda Constitucional nº 103, de 12 de novembro de 2019.</p><p>Art. 2º Os efeitos desta Portaria entram em vigor a partir de 31/07/2025 (data do óbito).</p><p class="assina">JOSYLENE APARECIDA FERREIRA DE ALMEIDA</p>]]></Texto>
  </body>
  <Midias />
</article></xml>