﻿<xml><article id="45196143" name="PORTARIA N 1.317_23052807" idOficio="11252466" pubName="DO2" artType="Portaria" pubDate="01/09/2025" artClass="00066:00010:00001:00004:00000:00000:00000:00000:00000:00000:00017:00007" artCategory="Ministério Público da União/Ministério Público do Trabalho/Procuradoria-Geral/Diretoria-Geral" artSize="12" artNotes="" numberPage="98" pdfPage="http://pesquisa.in.gov.br/imprensa/jsp/visualiza/index.jsp?data=01/09/2025&amp;jornal=529&amp;pagina=98" editionNumber="165" highlightType="" highlightPriority="" highlight="" highlightimage="" highlightimagename="" idMateria="23052807">
  <body>
    <Identifica><![CDATA[ PORTARIA DG Nº 1.317, DE 28 DE AGOSTO DE 2025]]></Identifica>
    <Data><![CDATA[]]></Data>
    <Ementa />
    <Titulo />
    <SubTitulo />
    <Texto><![CDATA[<p class="identifica">PORTARIA DG Nº 1.317, DE 28 DE AGOSTO DE 2025</p><p>O DIRETOR-GERAL DO MINISTÉRIO PÚBLICO DO TRABALHO, no uso da competência que lhe foi atribuída pelo artigo 258 da Portaria PGT/MPT nº 1.162, de 7 de agosto de 2025, publicada no Boletim de Serviço Eletrônico nº 147, de 8 de agosto de 2025, e considerando o que consta no PGEA/MPT n° 20.02.0001.0006682/2025-97, resolve:</p><p>Art.1° Nomear a servidora SÊNIA ALVES MACHADO SANTOS, matrícula 6004597-3, ocupante do cargo efetivo de Analista do MPU/Direito, para o cargo em comissão de Chefe da Assessoria Jurídica do 24º Ofício Geral da Procuradoria-Geral do Trabalho, código CC-4, exonerando-a do cargo em comissão de Assessor Jurídico Nível II do 24º Ofício Geral da Procuradoria-Geral do Trabalho, código CC-2, que atualmente ocupa.</p><p>Art.2° Designar o servidor WEDSON COELHO FIGUEIRO, matrícula 6004154-4, ocupante do cargo efetivo de Técnico do MPU/Administração, para a função de confiança de Chefe da Secretaria do 24º Ofício Geral da Procuradoria-Geral do Trabalho, código FC-2, exonerando-o do cargo em comissão Chefe da Assessoria Jurídica do 24º Ofício Geral da Procuradoria-Geral do Trabalho, código CC-4, que atualmente ocupa.</p><p>Art.3º Nomear o servidor JOÃO BATISTA GONÇALVES DE PAIVA JUNIOR, matrícula 6007011-0, ocupante do cargo efetivo de Analista do MPU/Direito, para o cargo em comissão de Assessor Jurídico Nível II do 24º Ofício Geral da Procuradoria-Geral do Trabalho, código CC-2, dispensando-o da função de confiança de Chefe da Secretaria do 24º Ofício Geral da Procuradoria-Geral do Trabalho, código FC-2, que atualmente ocupa.</p><p>Art.4º Dispensar o servidor JOÃO BATISTA GONÇALVES DE PAIVA JUNIOR, matrícula 6007011-0, ocupante do cargo efetivo de Analista do MPU/Direito, do encargo de substituto eventual do Chefe da Assessoria Jurídica do 24º Ofício Geral da Procuradoria-Geral do Trabalho, código CC-4.</p><p>Art.5º Designar o servidor WEDSON COELHO FIGUEIRO, matrícula 6004154-4, ocupante do cargo efetivo de Técnico do MPU/Administração, para o encargo de substituto eventual do Chefe da Assessoria Jurídica do 24º Ofício Geral da Procuradoria-Geral do Trabalho, código CC-4.</p><p class="assina">JOÃO BATISTA MACHADO JÚNIOR</p>]]></Texto>
  </body>
  <Midias />
</article></xml>