﻿<xml><article id="45200102" name="Port-1531-2025-DPM-BSB-Reversao-" idOficio="11253751" pubName="DO2" artType="Portaria" pubDate="01/09/2025" artClass="00016:00012:00027:00008:00016:00000:00000:00000:00000:00000:00017:00000" artCategory="Ministério da Defesa/Comando da Marinha/Diretoria-Geral do Pessoal da Marinha/Diretoria do Pessoal da Marinha/Superintendência do Pessoal Civil da Marinha" artSize="12" artNotes="" numberPage="13" pdfPage="http://pesquisa.in.gov.br/imprensa/jsp/visualiza/index.jsp?data=01/09/2025&amp;jornal=529&amp;pagina=13" editionNumber="165" highlightType="" highlightPriority="" highlight="" highlightimage="" highlightimagename="" idMateria="23054702">
  <body>
    <Identifica><![CDATA[ PORTARIA Nº 1.531/DPM, DE 26 DE AGOSTO DE 2025]]></Identifica>
    <Data><![CDATA[]]></Data>
    <Ementa />
    <Titulo />
    <SubTitulo />
    <Texto><![CDATA[<p class="identifica">PORTARIA Nº 1.531/DPM, DE 26 DE AGOSTO DE 2025</p><p>A SUPERINTENDENTE DO PESSOAL CIVIL, no uso da subdelegação de competência que lhe confere o inciso II, do art. 1º da Portaria no 964/2025, desta Diretoria, e de acordo com o inciso I, do art. 25 da Lei nº 8.112/1990, resolve:</p><p>Art. 1º Reverter à atividade, no Quadro de Pessoal Civil do Comando da Marinha, com lotação no Centro de Manutenção de Sistemas da Marinha (CMS), o Artífice de Mecânica, do grupo cargo 444/020, NI-S-V, 85.2383.25, Matrícula SIAPE 0973552, PAULO RAMOS NASCIMENTO, código de vaga nº 559730, aposentado pela Portaria no 682/2021, da extinta DPCvM, publicada no Diário Oficial da União de 8 de setembro de 2021, conforme aptidão em Inspeção de Saúde atestada pela Junta Regional de Saúde (JRS) da Base Naval da Ilha das Cobras (BNIC), no TIS nº 025.000.41102 e na Msg R-211759Z/AGO/2025, da BNIC.</p><p>Art. 2º Esta Portaria entra em vigor na data de sua publicação.</p><p class="assina">MARLI HELENA DE PAIVA</p>]]></Texto>
  </body>
  <Midias />
</article></xml>